# Intensity Error [H,-0.5H,0] DeltaE [0,0,L] [0,K,0]
#  shape: 67x80x1x1
3.291549e-01 2.574040e-03 -3.230000e-01 2.500000e-02 0.000000e+00 5.000000e-01
1.956209e-01 1.994680e-03 -3.230000e-01 7.500000e-02 0.000000e+00 5.000000e-01
6.796787e-02 1.186410e-03 -3.230000e-01 1.250000e-01 0.000000e+00 5.000000e-01
3.298378e-02 8.225417e-04 -3.230000e-01 1.750000e-01 0.000000e+00 5.000000e-01
1.315038e-02 5.315731e-04 -3.230000e-01 2.250000e-01 0.000000e+00 5.000000e-01
3.410415e-03 2.713184e-04 -3.230000e-01 2.750000e-01 0.000000e+00 5.000000e-01
1.527058e-03 1.825185e-04 -3.230000e-01 3.250000e-01 0.000000e+00 5.000000e-01
6.651475e-04 1.214389e-04 -3.230000e-01 3.750000e-01 0.000000e+00 5.000000e-01
4.869222e-04 1.038122e-04 -3.230000e-01 4.250000e-01 0.000000e+00 5.000000e-01
5.471722e-04 1.116912e-04 -3.230000e-01 4.750000e-01 0.000000e+00 5.000000e-01
5.032620e-04 1.072959e-04 -3.230000e-01 5.250000e-01 0.000000e+00 5.000000e-01
5.177301e-04 1.103806e-04 -3.230000e-01 5.750000e-01 0.000000e+00 5.000000e-01
9.763817e-04 1.543798e-04 -3.230000e-01 6.250000e-01 0.000000e+00 5.000000e-01
3.022127e-04 8.724139e-05 -3.230000e-01 6.750000e-01 0.000000e+00 5.000000e-01
5.188834e-04 1.160261e-04 -3.230000e-01 7.250000e-01 0.000000e+00 5.000000e-01
3.215701e-04 9.282938e-05 -3.230000e-01 7.750000e-01 0.000000e+00 5.000000e-01
4.852604e-04 1.143771e-04 -3.230000e-01 8.250000e-01 0.000000e+00 5.000000e-01
4.926205e-04 1.161118e-04 -3.230000e-01 8.750000e-01 0.000000e+00 5.000000e-01
2.787147e-04 8.813736e-05 -3.230000e-01 9.250000e-01 0.000000e+00 5.000000e-01
7.779414e-04 1.470174e-04 -3.230000e-01 9.750000e-01 0.000000e+00 5.000000e-01
3.916299e-04 1.046676e-04 -3.230000e-01 1.025000e+00 0.000000e+00 5.000000e-01
4.446324e-04 1.111583e-04 -3.230000e-01 1.075000e+00 0.000000e+00 5.000000e-01
1.374541e-03 1.943899e-04 -3.230000e-01 1.125000e+00 0.000000e+00 5.000000e-01
1.028078e-03 1.667766e-04 -3.230000e-01 1.175000e+00 0.000000e+00 5.000000e-01
7.608479e-04 1.437869e-04 -3.230000e-01 1.225000e+00 0.000000e+00 5.000000e-01
1.185074e-03 1.786571e-04 -3.230000e-01 1.275000e+00 0.000000e+00 5.000000e-01
7.961453e-04 1.453558e-04 -3.230000e-01 1.325000e+00 0.000000e+00 5.000000e-01
1.001075e-03 1.623961e-04 -3.230000e-01 1.375000e+00 0.000000e+00 5.000000e-01
1.464223e-03 1.956655e-04 -3.230000e-01 1.425000e+00 0.000000e+00 5.000000e-01
9.437368e-04 1.572898e-04 -3.230000e-01 1.475000e+00 0.000000e+00 5.000000e-01
1.895759e-03 2.234179e-04 -3.230000e-01 1.525000e+00 0.000000e+00 5.000000e-01
8.884053e-04 1.523605e-04 -3.230000e-01 1.575000e+00 0.000000e+00 5.000000e-01
1.499827e-03 1.969375e-04 -3.230000e-01 1.625000e+00 0.000000e+00 5.000000e-01
2.197613e-03 2.369754e-04 -3.230000e-01 1.675000e+00 0.000000e+00 5.000000e-01
2.594181e-03 2.568631e-04 -3.230000e-01 1.725000e+00 0.000000e+00 5.000000e-01
1.805261e-03 2.127527e-04 -3.230000e-01 1.775000e+00 0.000000e+00 5.000000e-01
2.084479e-03 2.274359e-04 -3.230000e-01 1.825000e+00 0.000000e+00 5.000000e-01
2.367617e-03 2.416445e-04 -3.230000e-01 1.875000e+00 0.000000e+00 5.000000e-01
2.961924e-03 2.703863e-04 -3.230000e-01 1.925000e+00 0.000000e+00 5.000000e-01
3.882761e-03 3.088969e-04 -3.230000e-01 1.975000e+00 0.000000e+00 5.000000e-01
3.800390e-03 3.042760e-04 -3.230000e-01 2.025000e+00 0.000000e+00 5.000000e-01
3.997208e-03 3.102447e-04 -3.230000e-01 2.075000e+00 0.000000e+00 5.000000e-01
2.767731e-03 2.569784e-04 -3.230000e-01 2.125000e+00 0.000000e+00 5.000000e-01
2.483087e-03 2.411799e-04 -3.230000e-01 2.175000e+00 0.000000e+00 5.000000e-01
1.863469e-03 2.083431e-04 -3.230000e-01 2.225000e+00 0.000000e+00 5.000000e-01
2.691158e-03 2.498688e-04 -3.230000e-01 2.275000e+00 0.000000e+00 5.000000e-01
1.289557e-03 1.723252e-04 -3.230000e-01 2.325000e+00 0.000000e+00 5.000000e-01
1.589939e-03 1.900348e-04 -3.230000e-01 2.375000e+00 0.000000e+00 5.000000e-01
1.164462e-03 1.614826e-04 -3.230000e-01 2.425000e+00 0.000000e+00 5.000000e-01
8.831896e-04 1.396451e-04 -3.230000e-01 2.475000e+00 0.000000e+00 5.000000e-01
1.272007e-03 1.670237e-04 -3.230000e-01 2.525000e+00 0.000000e+00 5.000000e-01
1.440119e-03 1.772671e-04 -3.230000e-01 2.575000e+00 0.000000e+00 5.000000e-01
9.495243e-04 1.431471e-04 -3.230000e-01 2.625000e+00 0.000000e+00 5.000000e-01
7.674639e-04 1.279116e-04 -3.230000e-01 2.675000e+00 0.000000e+00 5.000000e-01
7.544641e-04 1.257445e-04 -3.230000e-01 2.725000e+00 0.000000e+00 5.000000e-01
1.281420e-03 1.627417e-04 -3.230000e-01 2.775000e+00 0.000000e+00 5.000000e-01
8.631462e-04 1.331870e-04 -3.230000e-01 2.825000e+00 0.000000e+00 5.000000e-01
1.010192e-03 1.428638e-04 -3.230000e-01 2.875000e+00 0.000000e+00 5.000000e-01
8.740112e-04 1.317632e-04 -3.230000e-01 2.925000e+00 0.000000e+00 5.000000e-01
7.019313e-04 1.169895e-04 -3.230000e-01 2.975000e+00 0.000000e+00 5.000000e-01
7.368146e-04 1.195286e-04 -3.230000e-01 3.025000e+00 0.000000e+00 5.000000e-01
4.943396e-04 9.694877e-05 -3.230000e-01 3.075000e+00 0.000000e+00 5.000000e-01
6.361458e-04 1.090998e-04 -3.230000e-01 3.125000e+00 0.000000e+00 5.000000e-01
6.631930e-04 1.105333e-04 -3.230000e-01 3.175000e+00 0.000000e+00 5.000000e-01
6.506608e-04 1.084447e-04 -3.230000e-01 3.225000e+00 0.000000e+00 5.000000e-01
7.100269e-04 1.122666e-04 -3.230000e-01 3.275000e+00 0.000000e+00 5.000000e-01
2.430693e-04 6.496442e-05 -3.230000e-01 3.325000e+00 0.000000e+00 5.000000e-01
4.452680e-04 8.732562e-05 -3.230000e-01 3.375000e+00 0.000000e+00 5.000000e-01
2.674438e-04 6.686172e-05 -3.230000e-01 3.425000e+00 0.000000e+00 5.000000e-01
1.954359e-04 5.641821e-05 -3.230000e-01 3.475000e+00 0.000000e+00 5.000000e-01
1.911109e-04 5.517052e-05 -3.230000e-01 3.525000e+00 0.000000e+00 5.000000e-01
2.810662e-04 6.624888e-05 -3.230000e-01 3.575000e+00 0.000000e+00 5.000000e-01
3.908947e-04 7.666374e-05 -3.230000e-01 3.625000e+00 0.000000e+00 5.000000e-01
3.749624e-04 7.353865e-05 -3.230000e-01 3.675000e+00 0.000000e+00 5.000000e-01
5.450696e-04 8.618504e-05 -3.230000e-01 3.725000e+00 0.000000e+00 5.000000e-01
2.810778e-04 5.992768e-05 -3.230000e-01 3.775000e+00 0.000000e+00 5.000000e-01
5.231735e-04 7.887382e-05 -3.230000e-01 3.825000e+00 0.000000e+00 5.000000e-01
4.229053e-04 6.860785e-05 -3.230000e-01 3.875000e+00 0.000000e+00 5.000000e-01
3.940369e-04 6.392396e-05 -3.230000e-01 3.925000e+00 0.000000e+00 5.000000e-01
3.967975e-04 6.274217e-05 -3.230000e-01 3.975000e+00 0.000000e+00 5.000000e-01
3.240537e-01 2.491692e-03 -3.030000e-01 2.500000e-02 0.000000e+00 5.000000e-01
2.009242e-01 1.951182e-03 -3.030000e-01 7.500000e-02 0.000000e+00 5.000000e-01
6.916499e-02 1.156937e-03 -3.030000e-01 1.250000e-01 0.000000e+00 5.000000e-01
3.066805e-02 7.705646e-04 -3.030000e-01 1.750000e-01 0.000000e+00 5.000000e-01
1.003235e-02 4.425086e-04 -3.030000e-01 2.250000e-01 0.000000e+00 5.000000e-01
3.879729e-03 2.799957e-04 -3.030000e-01 2.750000e-01 0.000000e+00 5.000000e-01
1.253183e-03 1.591546e-04 -3.030000e-01 3.250000e-01 0.000000e+00 5.000000e-01
6.611395e-04 1.168742e-04 -3.030000e-01 3.750000e-01 0.000000e+00 5.000000e-01
6.690137e-04 1.182662e-04 -3.030000e-01 4.250000e-01 0.000000e+00 5.000000e-01
4.971849e-04 1.014876e-04 -3.030000e-01 4.750000e-01 0.000000e+00 5.000000e-01
2.940247e-04 7.858147e-05 -3.030000e-01 5.250000e-01 0.000000e+00 5.000000e-01
4.726087e-04 1.007606e-04 -3.030000e-01 5.750000e-01 0.000000e+00 5.000000e-01
6.943892e-04 1.227519e-04 -3.030000e-01 6.250000e-01 0.000000e+00 5.000000e-01
5.762411e-04 1.130103e-04 -3.030000e-01 6.750000e-01 0.000000e+00 5.000000e-01
6.236645e-04 1.178617e-04 -3.030000e-01 7.250000e-01 0.000000e+00 5.000000e-01
7.697559e-04 1.320122e-04 -3.030000e-01 7.750000e-01 0.000000e+00 5.000000e-01
8.356818e-04 1.392804e-04 -3.030000e-01 8.250000e-01 0.000000e+00 5.000000e-01
5.251125e-04 1.119545e-04 -3.030000e-01 8.750000e-01 0.000000e+00 5.000000e-01
4.460029e-04 1.051242e-04 -3.030000e-01 9.250000e-01 0.000000e+00 5.000000e-01
7.160669e-04 1.353242e-04 -3.030000e-01 9.750000e-01 0.000000e+00 5.000000e-01
7.392028e-04 1.396964e-04 -3.030000e-01 1.025000e+00 0.000000e+00 5.000000e-01
4.220056e-04 1.055016e-04 -3.030000e-01 1.075000e+00 0.000000e+00 5.000000e-01
7.923341e-04 1.446601e-04 -3.030000e-01 1.125000e+00 0.000000e+00 5.000000e-01
6.318793e-04 1.289822e-04 -3.030000e-01 1.175000e+00 0.000000e+00 5.000000e-01
1.012106e-03 1.641857e-04 -3.030000e-01 1.225000e+00 0.000000e+00 5.000000e-01
6.913377e-04 1.355830e-04 -3.030000e-01 1.275000e+00 0.000000e+00 5.000000e-01
4.212861e-04 1.053217e-04 -3.030000e-01 1.325000e+00 0.000000e+00 5.000000e-01
8.331117e-04 1.472753e-04 -3.030000e-01 1.375000e+00 0.000000e+00 5.000000e-01
1.189299e-03 1.753530e-04 -3.030000e-01 1.425000e+00 0.000000e+00 5.000000e-01
1.093231e-03 1.686897e-04 -3.030000e-01 1.475000e+00 0.000000e+00 5.000000e-01
9.836245e-04 1.595654e-04 -3.030000e-01 1.525000e+00 0.000000e+00 5.000000e-01
1.077689e-03 1.662914e-04 -3.030000e-01 1.575000e+00 0.000000e+00 5.000000e-01
8.196990e-04 1.449042e-04 -3.030000e-01 1.625000e+00 0.000000e+00 5.000000e-01
1.415842e-03 1.892004e-04 -3.030000e-01 1.675000e+00 0.000000e+00 5.000000e-01
1.650663e-03 2.031832e-04 -3.030000e-01 1.725000e+00 0.000000e+00 5.000000e-01
1.683654e-03 2.041738e-04 -3.030000e-01 1.775000e+00 0.000000e+00 5.000000e-01
2.168070e-03 2.311177e-04 -3.030000e-01 1.825000e+00 0.000000e+00 5.000000e-01
2.438740e-03 2.438749e-04 -3.030000e-01 1.875000e+00 0.000000e+00 5.000000e-01
2.482489e-03 2.458038e-04 -3.030000e-01 1.925000e+00 0.000000e+00 5.000000e-01
2.431172e-03 2.431180e-04 -3.030000e-01 1.975000e+00 0.000000e+00 5.000000e-01
3.230841e-03 2.791030e-04 -3.030000e-01 2.025000e+00 0.000000e+00 5.000000e-01
3.592958e-03 2.914283e-04 -3.030000e-01 2.075000e+00 0.000000e+00 5.000000e-01
3.526055e-03 2.879024e-04 -3.030000e-01 2.125000e+00 0.000000e+00 5.000000e-01
2.179595e-03 2.248092e-04 -3.030000e-01 2.175000e+00 0.000000e+00 5.000000e-01
1.422260e-03 1.806280e-04 -3.030000e-01 2.225000e+00 0.000000e+00 5.000000e-01
1.878105e-03 2.074027e-04 -3.030000e-01 2.275000e+00 0.000000e+00 5.000000e-01
1.548571e-03 1.877925e-04 -3.030000e-01 2.325000e+00 0.000000e+00 5.000000e-01
1.441087e-03 1.801364e-04 -3.030000e-01 2.375000e+00 0.000000e+00 5.000000e-01
1.378880e-03 1.751190e-04 -3.030000e-01 2.425000e+00 0.000000e+00 5.000000e-01
1.090583e-03 1.542321e-04 -3.030000e-01 2.475000e+00 0.000000e+00 5.000000e-01
1.167345e-03 1.588565e-04 -3.030000e-01 2.525000e+00 0.000000e+00 5.000000e-01
1.764294e-03 1.948350e-04 -3.030000e-01 2.575000e+00 0.000000e+00 5.000000e-01
9.358872e-04 1.410909e-04 -3.030000e-01 2.625000e+00 0.000000e+00 5.000000e-01
1.049562e-03 1.484315e-04 -3.030000e-01 2.675000e+00 0.000000e+00 5.000000e-01
9.962196e-04 1.437927e-04 -3.030000e-01 2.725000e+00 0.000000e+00 5.000000e-01
6.538179e-04 1.155802e-04 -3.030000e-01 2.775000e+00 0.000000e+00 5.000000e-01
1.051871e-03 1.458693e-04 -3.030000e-01 2.825000e+00 0.000000e+00 5.000000e-01
6.788828e-04 1.164286e-04 -3.030000e-01 2.875000e+00 0.000000e+00 5.000000e-01
4.317495e-04 9.205032e-05 -3.030000e-01 2.925000e+00 0.000000e+00 5.000000e-01
8.101652e-04 1.250126e-04 -3.030000e-01 2.975000e+00 0.000000e+00 5.000000e-01
6.082494e-04 1.075252e-04 -3.030000e-01 3.025000e+00 0.000000e+00 5.000000e-01
5.255516e-04 9.932091e-05 -3.030000e-01 3.075000e+00 0.000000e+00 5.000000e-01
7.401043e-04 1.170223e-04 -3.030000e-01 3.125000e+00 0.000000e+00 5.000000e-01
4.712234e-04 9.241602e-05 -3.030000e-01 3.175000e+00 0.000000e+00 5.000000e-01
4.284719e-04 8.746187e-05 -3.030000e-01 3.225000e+00 0.000000e+00 5.000000e-01
5.572279e-04 9.850599e-05 -3.030000e-01 3.275000e+00 0.000000e+00 5.000000e-01
3.074516e-04 7.246875e-05 -3.030000e-01 3.325000e+00 0.000000e+00 5.000000e-01
2.675348e-04 6.688432e-05 -3.030000e-01 3.375000e+00 0.000000e+00 5.000000e-01
3.906665e-04 7.974548e-05 -3.030000e-01 3.425000e+00 0.000000e+00 5.000000e-01
2.827807e-04 6.665338e-05 -3.030000e-01 3.475000e+00 0.000000e+00 5.000000e-01
3.304571e-04 7.045541e-05 -3.030000e-01 3.525000e+00 0.000000e+00 5.000000e-01
4.296281e-04 7.844121e-05 -3.030000e-01 3.575000e+00 0.000000e+00 5.000000e-01
4.615984e-04 7.916549e-05 -3.030000e-01 3.625000e+00 0.000000e+00 5.000000e-01
4.610566e-04 7.684459e-05 -3.030000e-01 3.675000e+00 0.000000e+00 5.000000e-01
2.653174e-04 5.656724e-05 -3.030000e-01 3.725000e+00 0.000000e+00 5.000000e-01
5.465339e-04 7.888753e-05 -3.030000e-01 3.775000e+00 0.000000e+00 5.000000e-01
4.755978e-04 7.170017e-05 -3.030000e-01 3.825000e+00 0.000000e+00 5.000000e-01
4.156107e-04 6.571698e-05 -3.030000e-01 3.875000e+00 0.000000e+00 5.000000e-01
5.249815e-04 7.280626e-05 -3.030000e-01 3.925000e+00 0.000000e+00 5.000000e-01
4.454262e-04 6.567814e-05 -3.030000e-01 3.975000e+00 0.000000e+00 5.000000e-01
3.244405e-01 2.410352e-03 -2.830000e-01 2.500000e-02 0.000000e+00 5.000000e-01
1.891846e-01 1.838914e-03 -2.830000e-01 7.500000e-02 0.000000e+00 5.000000e-01
6.162889e-02 1.054141e-03 -2.830000e-01 1.250000e-01 0.000000e+00 5.000000e-01
2.942240e-02 7.406707e-04 -2.830000e-01 1.750000e-01 0.000000e+00 5.000000e-01
1.234168e-02 4.782308e-04 -2.830000e-01 2.250000e-01 0.000000e+00 5.000000e-01
2.782498e-03 2.287202e-04 -2.830000e-01 2.750000e-01 0.000000e+00 5.000000e-01
1.028475e-03 1.399579e-04 -2.830000e-01 3.250000e-01 0.000000e+00 5.000000e-01
5.003033e-04 9.811772e-05 -2.830000e-01 3.750000e-01 0.000000e+00 5.000000e-01
5.050266e-04 9.904402e-05 -2.830000e-01 4.250000e-01 0.000000e+00 5.000000e-01
4.725288e-04 9.645469e-05 -2.830000e-01 4.750000e-01 0.000000e+00 5.000000e-01
4.370765e-04 9.318516e-05 -2.830000e-01 5.250000e-01 0.000000e+00 5.000000e-01
4.412983e-04 9.408522e-05 -2.830000e-01 5.750000e-01 0.000000e+00 5.000000e-01
8.087958e-04 1.278821e-04 -2.830000e-01 6.250000e-01 0.000000e+00 5.000000e-01
5.674489e-04 1.072379e-04 -2.830000e-01 6.750000e-01 0.000000e+00 5.000000e-01
6.160271e-04 1.124708e-04 -2.830000e-01 7.250000e-01 0.000000e+00 5.000000e-01
6.191215e-04 1.130358e-04 -2.830000e-01 7.750000e-01 0.000000e+00 5.000000e-01
6.979623e-04 1.196997e-04 -2.830000e-01 8.250000e-01 0.000000e+00 5.000000e-01
5.296533e-04 1.038737e-04 -2.830000e-01 8.750000e-01 0.000000e+00 5.000000e-01
4.565354e-04 9.733389e-05 -2.830000e-01 9.250000e-01 0.000000e+00 5.000000e-01
7.237497e-04 1.241223e-04 -2.830000e-01 9.750000e-01 0.000000e+00 5.000000e-01
6.959251e-04 1.230236e-04 -2.830000e-01 1.025000e+00 0.000000e+00 5.000000e-01
8.399674e-04 1.362609e-04 -2.830000e-01 1.075000e+00 0.000000e+00 5.000000e-01
5.486462e-04 1.119921e-04 -2.830000e-01 1.125000e+00 0.000000e+00 5.000000e-01
5.571170e-04 1.137212e-04 -2.830000e-01 1.175000e+00 0.000000e+00 5.000000e-01
6.652814e-04 1.257265e-04 -2.830000e-01 1.225000e+00 0.000000e+00 5.000000e-01
9.587885e-04 1.515980e-04 -2.830000e-01 1.275000e+00 0.000000e+00 5.000000e-01
7.642883e-04 1.351086e-04 -2.830000e-01 1.325000e+00 0.000000e+00 5.000000e-01
9.127574e-04 1.480692e-04 -2.830000e-01 1.375000e+00 0.000000e+00 5.000000e-01
9.192105e-04 1.491160e-04 -2.830000e-01 1.425000e+00 0.000000e+00 5.000000e-01
1.085778e-03 1.636875e-04 -2.830000e-01 1.475000e+00 0.000000e+00 5.000000e-01
9.425361e-04 1.528999e-04 -2.830000e-01 1.525000e+00 0.000000e+00 5.000000e-01
1.287811e-03 1.785876e-04 -2.830000e-01 1.575000e+00 0.000000e+00 5.000000e-01
9.446533e-04 1.532433e-04 -2.830000e-01 1.625000e+00 0.000000e+00 5.000000e-01
1.624291e-03 1.999371e-04 -2.830000e-01 1.675000e+00 0.000000e+00 5.000000e-01
2.013678e-03 2.223741e-04 -2.830000e-01 1.725000e+00 0.000000e+00 5.000000e-01
1.563850e-03 1.954819e-04 -2.830000e-01 1.775000e+00 0.000000e+00 5.000000e-01
1.846563e-03 2.118157e-04 -2.830000e-01 1.825000e+00 0.000000e+00 5.000000e-01
2.258806e-03 2.329790e-04 -2.830000e-01 1.875000e+00 0.000000e+00 5.000000e-01
2.886569e-03 2.635073e-04 -2.830000e-01 1.925000e+00 0.000000e+00 5.000000e-01
2.112093e-03 2.251505e-04 -2.830000e-01 1.975000e+00 0.000000e+00 5.000000e-01
3.698093e-03 2.960855e-04 -2.830000e-01 2.025000e+00 0.000000e+00 5.000000e-01
3.330825e-03 2.795177e-04 -2.830000e-01 2.075000e+00 0.000000e+00 5.000000e-01
2.462858e-03 2.392148e-04 -2.830000e-01 2.125000e+00 0.000000e+00 5.000000e-01
2.191518e-03 2.236718e-04 -2.830000e-01 2.175000e+00 0.000000e+00 5.000000e-01
1.820793e-03 2.035718e-04 -2.830000e-01 2.225000e+00 0.000000e+00 5.000000e-01
1.856112e-03 2.049741e-04 -2.830000e-01 2.275000e+00 0.000000e+00 5.000000e-01
1.622097e-03 1.911667e-04 -2.830000e-01 2.325000e+00 0.000000e+00 5.000000e-01
1.551973e-03 1.854972e-04 -2.830000e-01 2.375000e+00 0.000000e+00 5.000000e-01
1.580992e-03 1.863225e-04 -2.830000e-01 2.425000e+00 0.000000e+00 5.000000e-01
9.089299e-04 1.402515e-04 -2.830000e-01 2.475000e+00 0.000000e+00 5.000000e-01
1.114124e-03 1.545020e-04 -2.830000e-01 2.525000e+00 0.000000e+00 5.000000e-01
7.647398e-04 1.274575e-04 -2.830000e-01 2.575000e+00 0.000000e+00 5.000000e-01
8.438785e-04 1.334297e-04 -2.830000e-01 2.625000e+00 0.000000e+00 5.000000e-01
9.526341e-04 1.404594e-04 -2.830000e-01 2.675000e+00 0.000000e+00 5.000000e-01
1.181945e-03 1.551978e-04 -2.830000e-01 2.725000e+00 0.000000e+00 5.000000e-01
8.451394e-04 1.304088e-04 -2.830000e-01 2.775000e+00 0.000000e+00 5.000000e-01
8.760693e-04 1.320729e-04 -2.830000e-01 2.825000e+00 0.000000e+00 5.000000e-01
1.057656e-03 1.439300e-04 -2.830000e-01 2.875000e+00 0.000000e+00 5.000000e-01
6.189029e-04 1.094088e-04 -2.830000e-01 2.925000e+00 0.000000e+00 5.000000e-01
6.861200e-04 1.143542e-04 -2.830000e-01 2.975000e+00 0.000000e+00 5.000000e-01
8.620828e-04 1.271083e-04 -2.830000e-01 3.025000e+00 0.000000e+00 5.000000e-01
5.495158e-04 1.003283e-04 -2.830000e-01 3.075000e+00 0.000000e+00 5.000000e-01
5.376486e-04 9.816213e-05 -2.830000e-01 3.125000e+00 0.000000e+00 5.000000e-01
4.211494e-04 8.596747e-05 -2.830000e-01 3.175000e+00 0.000000e+00 5.000000e-01
6.471668e-04 1.049854e-04 -2.830000e-01 3.225000e+00 0.000000e+00 5.000000e-01
4.953330e-04 9.043642e-05 -2.830000e-01 3.275000e+00 0.000000e+00 5.000000e-01
3.496216e-04 7.454068e-05 -2.830000e-01 3.325000e+00 0.000000e+00 5.000000e-01
4.587972e-04 8.376579e-05 -2.830000e-01 3.375000e+00 0.000000e+00 5.000000e-01
4.115213e-04 7.777146e-05 -2.830000e-01 3.425000e+00 0.000000e+00 5.000000e-01
2.801590e-04 6.264676e-05 -2.830000e-01 3.475000e+00 0.000000e+00 5.000000e-01
4.019428e-04 7.338642e-05 -2.830000e-01 3.525000e+00 0.000000e+00 5.000000e-01
4.861802e-04 7.887004e-05 -2.830000e-01 3.575000e+00 0.000000e+00 5.000000e-01
4.125011e-04 7.074481e-05 -2.830000e-01 3.625000e+00 0.000000e+00 5.000000e-01
3.493529e-04 6.378445e-05 -2.830000e-01 3.675000e+00 0.000000e+00 5.000000e-01
3.797351e-04 6.512641e-05 -2.830000e-01 3.725000e+00 0.000000e+00 5.000000e-01
3.692456e-04 6.332755e-05 -2.830000e-01 3.775000e+00 0.000000e+00 5.000000e-01
2.952271e-04 5.579511e-05 -2.830000e-01 3.825000e+00 0.000000e+00 5.000000e-01
4.095547e-04 6.475903e-05 -2.830000e-01 3.875000e+00 0.000000e+00 5.000000e-01
4.536178e-04 6.688495e-05 -2.830000e-01 3.925000e+00 0.000000e+00 5.000000e-01
6.753597e-04 7.851302e-05 -2.830000e-01 3.975000e+00 0.000000e+00 5.000000e-01
3.100122e-01 2.280244e-03 -2.630000e-01 2.500000e-02 0.000000e+00 5.000000e-01
1.737467e-01 1.729874e-03 -2.630000e-01 7.500000e-02 0.000000e+00 5.000000e-01
4.660301e-02 8.925890e-04 -2.630000e-01 1.250000e-01 0.000000e+00 5.000000e-01
2.029755e-02 5.913867e-04 -2.630000e-01 1.750000e-01 0.000000e+00 5.000000e-01
9.043854e-03 4.020487e-04 -2.630000e-01 2.250000e-01 0.000000e+00 5.000000e-01
3.335610e-03 2.445791e-04 -2.630000e-01 2.750000e-01 0.000000e+00 5.000000e-01
1.195574e-03 1.471651e-04 -2.630000e-01 3.250000e-01 0.000000e+00 5.000000e-01
9.070700e-04 1.282792e-04 -2.630000e-01 3.750000e-01 0.000000e+00 5.000000e-01
4.712293e-04 9.241577e-05 -2.630000e-01 4.250000e-01 0.000000e+00 5.000000e-01
4.411901e-04 9.005767e-05 -2.630000e-01 4.750000e-01 0.000000e+00 5.000000e-01
7.736694e-04 1.193799e-04 -2.630000e-01 5.250000e-01 0.000000e+00 5.000000e-01
7.357658e-04 1.163350e-04 -2.630000e-01 5.750000e-01 0.000000e+00 5.000000e-01
7.423132e-04 1.173702e-04 -2.630000e-01 6.250000e-01 0.000000e+00 5.000000e-01
5.236835e-04 9.896697e-05 -2.630000e-01 6.750000e-01 0.000000e+00 5.000000e-01
4.496701e-04 9.178858e-05 -2.630000e-01 7.250000e-01 0.000000e+00 5.000000e-01
5.224798e-04 9.873952e-05 -2.630000e-01 7.750000e-01 0.000000e+00 5.000000e-01
8.587442e-04 1.266151e-04 -2.630000e-01 8.250000e-01 0.000000e+00 5.000000e-01
6.431401e-04 1.102978e-04 -2.630000e-01 8.750000e-01 0.000000e+00 5.000000e-01
7.679695e-04 1.214269e-04 -2.630000e-01 9.250000e-01 0.000000e+00 5.000000e-01
6.940868e-04 1.156813e-04 -2.630000e-01 9.750000e-01 0.000000e+00 5.000000e-01
6.944299e-04 1.157385e-04 -2.630000e-01 1.025000e+00 0.000000e+00 5.000000e-01
5.456226e-04 1.031133e-04 -2.630000e-01 1.075000e+00 0.000000e+00 5.000000e-01
4.666502e-04 9.525469e-05 -2.630000e-01 1.125000e+00 0.000000e+00 5.000000e-01
8.698042e-04 1.311281e-04 -2.630000e-01 1.175000e+00 0.000000e+00 5.000000e-01
8.027287e-04 1.269229e-04 -2.630000e-01 1.225000e+00 0.000000e+00 5.000000e-01
6.957920e-04 1.193275e-04 -2.630000e-01 1.275000e+00 0.000000e+00 5.000000e-01
8.843228e-04 1.364543e-04 -2.630000e-01 1.325000e+00 0.000000e+00 5.000000e-01
1.032380e-03 1.490115e-04 -2.630000e-01 1.375000e+00 0.000000e+00 5.000000e-01
5.621568e-04 1.102483e-04 -2.630000e-01 1.425000e+00 0.000000e+00 5.000000e-01
1.260342e-03 1.654914e-04 -2.630000e-01 1.475000e+00 0.000000e+00 5.000000e-01
1.233215e-03 1.647957e-04 -2.630000e-01 1.525000e+00 0.000000e+00 5.000000e-01
1.451040e-03 1.786112e-04 -2.630000e-01 1.575000e+00 0.000000e+00 5.000000e-01
1.579525e-03 1.861492e-04 -2.630000e-01 1.625000e+00 0.000000e+00 5.000000e-01
1.323133e-03 1.708162e-04 -2.630000e-01 1.675000e+00 0.000000e+00 5.000000e-01
1.234937e-03 1.650258e-04 -2.630000e-01 1.725000e+00 0.000000e+00 5.000000e-01
1.663970e-03 1.908711e-04 -2.630000e-01 1.775000e+00 0.000000e+00 5.000000e-01
1.745776e-03 1.951843e-04 -2.630000e-01 1.825000e+00 0.000000e+00 5.000000e-01
1.794052e-03 1.981205e-04 -2.630000e-01 1.875000e+00 0.000000e+00 5.000000e-01
2.641380e-03 2.411247e-04 -2.630000e-01 1.925000e+00 0.000000e+00 5.000000e-01
2.165198e-03 2.187190e-04 -2.630000e-01 1.975000e+00 0.000000e+00 5.000000e-01
2.604408e-03 2.397561e-04 -2.630000e-01 2.025000e+00 0.000000e+00 5.000000e-01
3.003823e-03 2.575766e-04 -2.630000e-01 2.075000e+00 0.000000e+00 5.000000e-01
2.637319e-03 2.407541e-04 -2.630000e-01 2.125000e+00 0.000000e+00 5.000000e-01
1.880414e-03 2.027710e-04 -2.630000e-01 2.175000e+00 0.000000e+00 5.000000e-01
1.741264e-03 1.946799e-04 -2.630000e-01 2.225000e+00 0.000000e+00 5.000000e-01
1.692705e-03 1.916619e-04 -2.630000e-01 2.275000e+00 0.000000e+00 5.000000e-01
1.680858e-03 1.903206e-04 -2.630000e-01 2.325000e+00 0.000000e+00 5.000000e-01
1.068445e-03 1.511015e-04 -2.630000e-01 2.375000e+00 0.000000e+00 5.000000e-01
1.138750e-03 1.549649e-04 -2.630000e-01 2.425000e+00 0.000000e+00 5.000000e-01
1.164593e-03 1.556262e-04 -2.630000e-01 2.475000e+00 0.000000e+00 5.000000e-01
1.597902e-03 1.809279e-04 -2.630000e-01 2.525000e+00 0.000000e+00 5.000000e-01
9.359854e-04 1.380046e-04 -2.630000e-01 2.575000e+00 0.000000e+00 5.000000e-01
1.001464e-03 1.416289e-04 -2.630000e-01 2.625000e+00 0.000000e+00 5.000000e-01
6.301586e-04 1.113981e-04 -2.630000e-01 2.675000e+00 0.000000e+00 5.000000e-01
1.321295e-03 1.602315e-04 -2.630000e-01 2.725000e+00 0.000000e+00 5.000000e-01
9.180021e-04 1.325031e-04 -2.630000e-01 2.775000e+00 0.000000e+00 5.000000e-01
9.068863e-04 1.308987e-04 -2.630000e-01 2.825000e+00 0.000000e+00 5.000000e-01
7.795265e-04 1.202841e-04 -2.630000e-01 2.875000e+00 0.000000e+00 5.000000e-01
5.427520e-04 9.909301e-05 -2.630000e-01 2.925000e+00 0.000000e+00 5.000000e-01
7.039183e-04 1.113000e-04 -2.630000e-01 2.975000e+00 0.000000e+00 5.000000e-01
7.911612e-04 1.166511e-04 -2.630000e-01 3.025000e+00 0.000000e+00 5.000000e-01
7.734554e-04 1.140411e-04 -2.630000e-01 3.075000e+00 0.000000e+00 5.000000e-01
4.878376e-04 8.906765e-05 -2.630000e-01 3.125000e+00 0.000000e+00 5.000000e-01
4.425959e-04 8.364339e-05 -2.630000e-01 3.175000e+00 0.000000e+00 5.000000e-01
5.525366e-04 9.209059e-05 -2.630000e-01 3.225000e+00 0.000000e+00 5.000000e-01
5.034161e-04 8.633629e-05 -2.630000e-01 3.275000e+00 0.000000e+00 5.000000e-01
6.303183e-04 9.502538e-05 -2.630000e-01 3.325000e+00 0.000000e+00 5.000000e-01
5.510633e-04 8.713191e-05 -2.630000e-01 3.375000e+00 0.000000e+00 5.000000e-01
3.987055e-04 7.279431e-05 -2.630000e-01 3.425000e+00 0.000000e+00 5.000000e-01
2.556607e-04 5.716847e-05 -2.630000e-01 3.475000e+00 0.000000e+00 5.000000e-01
5.633452e-04 8.306294e-05 -2.630000e-01 3.525000e+00 0.000000e+00 5.000000e-01
3.083387e-04 6.047194e-05 -2.630000e-01 3.575000e+00 0.000000e+00 5.000000e-01
2.082375e-04 4.908273e-05 -2.630000e-01 3.625000e+00 0.000000e+00 5.000000e-01
4.297299e-04 6.971329e-05 -2.630000e-01 3.675000e+00 0.000000e+00 5.000000e-01
3.087705e-04 5.835352e-05 -2.630000e-01 3.725000e+00 0.000000e+00 5.000000e-01
5.586797e-04 7.747696e-05 -2.630000e-01 3.775000e+00 0.000000e+00 5.000000e-01
4.598689e-04 6.933075e-05 -2.630000e-01 3.825000e+00 0.000000e+00 5.000000e-01
4.908983e-04 6.942712e-05 -2.630000e-01 3.875000e+00 0.000000e+00 5.000000e-01
6.007555e-04 7.285559e-05 -2.630000e-01 3.925000e+00 0.000000e+00 5.000000e-01
5.873288e-04 6.922061e-05 -2.630000e-01 3.975000e+00 0.000000e+00 5.000000e-01
3.001795e-01 2.271353e-03 -2.430000e-01 2.500000e-02 0.000000e+00 5.000000e-01
1.589647e-01 1.639946e-03 -2.430000e-01 7.500000e-02 0.000000e+00 5.000000e-01
3.667232e-02 7.865187e-04 -2.430000e-01 1.250000e-01 0.000000e+00 5.000000e-01
1.182862e-02 4.451765e-04 -2.430000e-01 1.750000e-01 0.000000e+00 5.000000e-01
7.637410e-03 3.560965e-04 -2.430000e-01 2.250000e-01 0.000000e+00 5.000000e-01
2.534300e-03 2.069250e-04 -2.430000e-01 2.750000e-01 0.000000e+00 5.000000e-01
1.225328e-03 1.444065e-04 -2.430000e-01 3.250000e-01 0.000000e+00 5.000000e-01
8.233598e-04 1.188419e-04 -2.430000e-01 3.750000e-01 0.000000e+00 5.000000e-01
5.180585e-04 9.458423e-05 -2.430000e-01 4.250000e-01 0.000000e+00 5.000000e-01
5.156514e-04 9.414471e-05 -2.430000e-01 4.750000e-01 0.000000e+00 5.000000e-01
6.842729e-04 1.081932e-04 -2.430000e-01 5.250000e-01 0.000000e+00 5.000000e-01
6.185235e-04 1.030874e-04 -2.430000e-01 5.750000e-01 0.000000e+00 5.000000e-01
7.260259e-04 1.120284e-04 -2.430000e-01 6.250000e-01 0.000000e+00 5.000000e-01
8.318348e-04 1.200652e-04 -2.430000e-01 6.750000e-01 0.000000e+00 5.000000e-01
5.210705e-04 9.513413e-05 -2.430000e-01 7.250000e-01 0.000000e+00 5.000000e-01
9.456444e-04 1.286861e-04 -2.430000e-01 7.750000e-01 0.000000e+00 5.000000e-01
6.000456e-04 1.029072e-04 -2.430000e-01 8.250000e-01 0.000000e+00 5.000000e-01
7.718893e-04 1.163669e-04 -2.430000e-01 8.750000e-01 0.000000e+00 5.000000e-01
5.978475e-04 1.025302e-04 -2.430000e-01 9.250000e-01 0.000000e+00 5.000000e-01
4.287530e-04 8.751892e-05 -2.430000e-01 9.750000e-01 0.000000e+00 5.000000e-01
6.522269e-04 1.087047e-04 -2.430000e-01 1.025000e+00 0.000000e+00 5.000000e-01
6.526941e-04 1.087826e-04 -2.430000e-01 1.075000e+00 0.000000e+00 5.000000e-01
8.669977e-04 1.251405e-04 -2.430000e-01 1.125000e+00 0.000000e+00 5.000000e-01
7.886983e-04 1.189011e-04 -2.430000e-01 1.175000e+00 0.000000e+00 5.000000e-01
9.052011e-04 1.280151e-04 -2.430000e-01 1.225000e+00 0.000000e+00 5.000000e-01
1.063568e-03 1.396537e-04 -2.430000e-01 1.275000e+00 0.000000e+00 5.000000e-01
9.197145e-04 1.300675e-04 -2.430000e-01 1.325000e+00 0.000000e+00 5.000000e-01
6.605482e-04 1.100916e-04 -2.430000e-01 1.375000e+00 0.000000e+00 5.000000e-01
6.321774e-04 1.084177e-04 -2.430000e-01 1.425000e+00 0.000000e+00 5.000000e-01
8.710522e-04 1.284299e-04 -2.430000e-01 1.475000e+00 0.000000e+00 5.000000e-01
1.156732e-03 1.493339e-04 -2.430000e-01 1.525000e+00 0.000000e+00 5.000000e-01
1.292393e-03 1.590831e-04 -2.430000e-01 1.575000e+00 0.000000e+00 5.000000e-01
1.534193e-03 1.737135e-04 -2.430000e-01 1.625000e+00 0.000000e+00 5.000000e-01
1.606078e-03 1.773621e-04 -2.430000e-01 1.675000e+00 0.000000e+00 5.000000e-01
1.874495e-03 1.913155e-04 -2.430000e-01 1.725000e+00 0.000000e+00 5.000000e-01
1.290913e-03 1.589008e-04 -2.430000e-01 1.775000e+00 0.000000e+00 5.000000e-01
1.603631e-03 1.770918e-04 -2.430000e-01 1.825000e+00 0.000000e+00 5.000000e-01
1.992672e-03 1.973046e-04 -2.430000e-01 1.875000e+00 0.000000e+00 5.000000e-01
2.806450e-03 2.355127e-04 -2.430000e-01 1.925000e+00 0.000000e+00 5.000000e-01
2.897545e-03 2.414630e-04 -2.430000e-01 1.975000e+00 0.000000e+00 5.000000e-01
3.049886e-03 2.473791e-04 -2.430000e-01 2.025000e+00 0.000000e+00 5.000000e-01
3.684789e-03 2.716473e-04 -2.430000e-01 2.075000e+00 0.000000e+00 5.000000e-01
2.637495e-03 2.295653e-04 -2.430000e-01 2.125000e+00 0.000000e+00 5.000000e-01
2.340641e-03 2.154744e-04 -2.430000e-01 2.175000e+00 0.000000e+00 5.000000e-01
1.374859e-03 1.643278e-04 -2.430000e-01 2.225000e+00 0.000000e+00 5.000000e-01
1.717998e-03 1.831400e-04 -2.430000e-01 2.275000e+00 0.000000e+00 5.000000e-01
1.360568e-03 1.626195e-04 -2.430000e-01 2.325000e+00 0.000000e+00 5.000000e-01
1.229433e-03 1.536799e-04 -2.430000e-01 2.375000e+00 0.000000e+00 5.000000e-01
9.444938e-04 1.335722e-04 -2.430000e-01 2.425000e+00 0.000000e+00 5.000000e-01
1.379032e-03 1.603102e-04 -2.430000e-01 2.475000e+00 0.000000e+00 5.000000e-01
1.543901e-03 1.684542e-04 -2.430000e-01 2.525000e+00 0.000000e+00 5.000000e-01
1.235030e-03 1.497702e-04 -2.430000e-01 2.575000e+00 0.000000e+00 5.000000e-01
1.003792e-03 1.341381e-04 -2.430000e-01 2.625000e+00 0.000000e+00 5.000000e-01
1.332199e-03 1.528149e-04 -2.430000e-01 2.675000e+00 0.000000e+00 5.000000e-01
1.171728e-03 1.420938e-04 -2.430000e-01 2.725000e+00 0.000000e+00 5.000000e-01
6.476592e-04 1.050647e-04 -2.430000e-01 2.775000e+00 0.000000e+00 5.000000e-01
1.083028e-03 1.353797e-04 -2.430000e-01 2.825000e+00 0.000000e+00 5.000000e-01
6.029055e-04 1.004852e-04 -2.430000e-01 2.875000e+00 0.000000e+00 5.000000e-01
8.516882e-04 1.181091e-04 -2.430000e-01 2.925000e+00 0.000000e+00 5.000000e-01
6.745972e-04 1.040934e-04 -2.430000e-01 2.975000e+00 0.000000e+00 5.000000e-01
8.168898e-04 1.132836e-04 -2.430000e-01 3.025000e+00 0.000000e+00 5.000000e-01
5.192906e-04 8.905874e-05 -2.430000e-01 3.075000e+00 0.000000e+00 5.000000e-01
8.632202e-04 1.133473e-04 -2.430000e-01 3.125000e+00 0.000000e+00 5.000000e-01
6.364784e-04 9.595398e-05 -2.430000e-01 3.175000e+00 0.000000e+00 5.000000e-01
5.049262e-04 8.415527e-05 -2.430000e-01 3.225000e+00 0.000000e+00 5.000000e-01
4.351314e-04 7.692197e-05 -2.430000e-01 3.275000e+00 0.000000e+00 5.000000e-01
5.507399e-04 8.498192e-05 -2.430000e-01 3.325000e+00 0.000000e+00 5.000000e-01
2.551081e-04 5.704477e-05 -2.430000e-01 3.375000e+00 0.000000e+00 5.000000e-01
3.980130e-04 7.036035e-05 -2.430000e-01 3.425000e+00 0.000000e+00 5.000000e-01
4.620881e-04 7.496207e-05 -2.430000e-01 3.475000e+00 0.000000e+00 5.000000e-01
4.058944e-04 6.961095e-05 -2.430000e-01 3.525000e+00 0.000000e+00 5.000000e-01
2.343407e-04 5.240173e-05 -2.430000e-01 3.575000e+00 0.000000e+00 5.000000e-01
3.656650e-04 6.464211e-05 -2.430000e-01 3.625000e+00 0.000000e+00 5.000000e-01
6.470691e-04 8.496657e-05 -2.430000e-01 3.675000e+00 0.000000e+00 5.000000e-01
4.783643e-04 7.211865e-05 -2.430000e-01 3.725000e+00 0.000000e+00 5.000000e-01
4.765166e-04 7.026061e-05 -2.430000e-01 3.775000e+00 0.000000e+00 5.000000e-01
6.020281e-04 7.525584e-05 -2.430000e-01 3.825000e+00 0.000000e+00 5.000000e-01
6.436861e-04 7.482958e-05 -2.430000e-01 3.875000e+00 0.000000e+00 5.000000e-01
5.365915e-04 6.707648e-05 -2.430000e-01 3.925000e+00 0.000000e+00 5.000000e-01
6.929596e-04 7.472824e-05 -2.430000e-01 3.975000e+00 0.000000e+00 5.000000e-01
2.989575e-01 2.316598e-03 -2.229999e-01 2.500000e-02 0.000000e+00 5.000000e-01
1.550732e-01 1.642483e-03 -2.229999e-01 7.500000e-02 0.000000e+00 5.000000e-01
3.305806e-02 7.467063e-04 -2.229999e-01 1.250000e-01 0.000000e+00 5.000000e-01
9.726952e-03 4.031956e-04 -2.229999e-01 1.750000e-01 0.000000e+00 5.000000e-01
6.062161e-03 3.168746e-04 -2.229999e-01 2.250000e-01 0.000000e+00 5.000000e-01
3.415176e-03 2.368001e-04 -2.229999e-01 2.750000e-01 0.000000e+00 5.000000e-01
1.338059e-03 1.477641e-04 -2.229999e-01 3.250000e-01 0.000000e+00 5.000000e-01
7.487086e-04 1.103912e-04 -2.229999e-01 3.750000e-01 0.000000e+00 5.000000e-01
6.122510e-04 9.932034e-05 -2.229999e-01 4.250000e-01 0.000000e+00 5.000000e-01
4.206403e-04 8.249444e-05 -2.229999e-01 4.750000e-01 0.000000e+00 5.000000e-01
6.210454e-04 1.007470e-04 -2.229999e-01 5.250000e-01 0.000000e+00 5.000000e-01
6.253779e-04 1.014498e-04 -2.229999e-01 5.750000e-01 0.000000e+00 5.000000e-01
9.655032e-04 1.267770e-04 -2.229999e-01 6.250000e-01 0.000000e+00 5.000000e-01
7.465689e-04 1.125497e-04 -2.229999e-01 6.750000e-01 0.000000e+00 5.000000e-01
8.088602e-04 1.167491e-04 -2.229999e-01 7.250000e-01 0.000000e+00 5.000000e-01
6.696344e-04 1.058787e-04 -2.229999e-01 7.750000e-01 0.000000e+00 5.000000e-01
4.642633e-04 8.773762e-05 -2.229999e-01 8.250000e-01 0.000000e+00 5.000000e-01
6.998652e-04 1.079917e-04 -2.229999e-01 8.750000e-01 0.000000e+00 5.000000e-01
5.680281e-04 9.741619e-05 -2.229999e-01 9.250000e-01 0.000000e+00 5.000000e-01
5.372863e-04 9.497985e-05 -2.229999e-01 9.750000e-01 0.000000e+00 5.000000e-01
8.719883e-04 1.209233e-04 -2.229999e-01 1.025000e+00 0.000000e+00 5.000000e-01
7.368005e-04 1.110771e-04 -2.229999e-01 1.075000e+00 0.000000e+00 5.000000e-01
7.368750e-04 1.110883e-04 -2.229999e-01 1.125000e+00 0.000000e+00 5.000000e-01
6.783335e-04 1.072542e-04 -2.229999e-01 1.175000e+00 0.000000e+00 5.000000e-01
6.089034e-04 1.014841e-04 -2.229999e-01 1.225000e+00 0.000000e+00 5.000000e-01
5.711957e-04 9.795950e-05 -2.229999e-01 1.275000e+00 0.000000e+00 5.000000e-01
1.367620e-03 1.510286e-04 -2.229999e-01 1.325000e+00 0.000000e+00 5.000000e-01
8.326949e-04 1.177611e-04 -2.229999e-01 1.375000e+00 0.000000e+00 5.000000e-01
6.950889e-04 1.072548e-04 -2.229999e-01 1.425000e+00 0.000000e+00 5.000000e-01
1.205379e-03 1.420557e-04 -2.229999e-01 1.475000e+00 0.000000e+00 5.000000e-01
1.080510e-03 1.350640e-04 -2.229999e-01 1.525000e+00 0.000000e+00 5.000000e-01
1.289779e-03 1.479482e-04 -2.229999e-01 1.575000e+00 0.000000e+00 5.000000e-01
1.394848e-03 1.540357e-04 -2.229999e-01 1.625000e+00 0.000000e+00 5.000000e-01
1.642407e-03 1.694018e-04 -2.229999e-01 1.675000e+00 0.000000e+00 5.000000e-01
1.428910e-03 1.597574e-04 -2.229999e-01 1.725000e+00 0.000000e+00 5.000000e-01
1.818884e-03 1.818890e-04 -2.229999e-01 1.775000e+00 0.000000e+00 5.000000e-01
2.396831e-03 2.102166e-04 -2.229999e-01 1.825000e+00 0.000000e+00 5.000000e-01
1.492057e-03 1.668174e-04 -2.229999e-01 1.875000e+00 0.000000e+00 5.000000e-01
1.985094e-03 1.928100e-04 -2.229999e-01 1.925000e+00 0.000000e+00 5.000000e-01
2.194520e-03 2.020226e-04 -2.229999e-01 1.975000e+00 0.000000e+00 5.000000e-01
3.218219e-03 2.439734e-04 -2.229999e-01 2.025000e+00 0.000000e+00 5.000000e-01
3.675477e-03 2.598965e-04 -2.229999e-01 2.075000e+00 0.000000e+00 5.000000e-01
3.313165e-03 2.455891e-04 -2.229999e-01 2.125000e+00 0.000000e+00 5.000000e-01
2.487069e-03 2.117144e-04 -2.229999e-01 2.175000e+00 0.000000e+00 5.000000e-01
1.507323e-03 1.644633e-04 -2.229999e-01 2.225000e+00 0.000000e+00 5.000000e-01
1.322438e-03 1.537309e-04 -2.229999e-01 2.275000e+00 0.000000e+00 5.000000e-01
1.457286e-03 1.609312e-04 -2.229999e-01 2.325000e+00 0.000000e+00 5.000000e-01
1.225147e-03 1.464338e-04 -2.229999e-01 2.375000e+00 0.000000e+00 5.000000e-01
1.318809e-03 1.512785e-04 -2.229999e-01 2.425000e+00 0.000000e+00 5.000000e-01
1.170431e-03 1.419360e-04 -2.229999e-01 2.475000e+00 0.000000e+00 5.000000e-01
1.084443e-03 1.355561e-04 -2.229999e-01 2.525000e+00 0.000000e+00 5.000000e-01
1.437062e-03 1.549632e-04 -2.229999e-01 2.575000e+00 0.000000e+00 5.000000e-01
1.079213e-03 1.328428e-04 -2.229999e-01 2.625000e+00 0.000000e+00 5.000000e-01
9.295012e-04 1.220503e-04 -2.229999e-01 2.675000e+00 0.000000e+00 5.000000e-01
1.164745e-03 1.353999e-04 -2.229999e-01 2.725000e+00 0.000000e+00 5.000000e-01
1.019657e-03 1.255119e-04 -2.229999e-01 2.775000e+00 0.000000e+00 5.000000e-01
9.407437e-04 1.194755e-04 -2.229999e-01 2.825000e+00 0.000000e+00 5.000000e-01
9.502955e-04 1.187881e-04 -2.229999e-01 2.875000e+00 0.000000e+00 5.000000e-01
7.021837e-04 1.013521e-04 -2.229999e-01 2.925000e+00 0.000000e+00 5.000000e-01
6.117758e-04 9.439974e-05 -2.229999e-01 2.975000e+00 0.000000e+00 5.000000e-01
8.366883e-04 1.098634e-04 -2.229999e-01 3.025000e+00 0.000000e+00 5.000000e-01
6.507917e-04 9.595517e-05 -2.229999e-01 3.075000e+00 0.000000e+00 5.000000e-01
6.075492e-04 9.159248e-05 -2.229999e-01 3.125000e+00 0.000000e+00 5.000000e-01
4.850755e-04 8.084669e-05 -2.229999e-01 3.175000e+00 0.000000e+00 5.000000e-01
5.289645e-04 8.363784e-05 -2.229999e-01 3.225000e+00 0.000000e+00 5.000000e-01
4.138431e-04 7.315899e-05 -2.229999e-01 3.275000e+00 0.000000e+00 5.000000e-01
5.109021e-04 8.078192e-05 -2.229999e-01 3.325000e+00 0.000000e+00 5.000000e-01
4.510907e-04 7.518228e-05 -2.229999e-01 3.375000e+00 0.000000e+00 5.000000e-01
4.919901e-04 7.779152e-05 -2.229999e-01 3.425000e+00 0.000000e+00 5.000000e-01
3.854036e-04 6.813121e-05 -2.229999e-01 3.475000e+00 0.000000e+00 5.000000e-01
3.537063e-04 6.457909e-05 -2.229999e-01 3.525000e+00 0.000000e+00 5.000000e-01
3.242199e-04 6.127364e-05 -2.229999e-01 3.575000e+00 0.000000e+00 5.000000e-01
3.391140e-04 6.191539e-05 -2.229999e-01 3.625000e+00 0.000000e+00 5.000000e-01
3.241544e-04 5.918362e-05 -2.229999e-01 3.675000e+00 0.000000e+00 5.000000e-01
3.762575e-04 6.103821e-05 -2.229999e-01 3.725000e+00 0.000000e+00 5.000000e-01
4.394929e-04 6.343706e-05 -2.229999e-01 3.775000e+00 0.000000e+00 5.000000e-01
6.562882e-04 7.629468e-05 -2.229999e-01 3.825000e+00 0.000000e+00 5.000000e-01
5.836997e-04 7.078718e-05 -2.229999e-01 3.875000e+00 0.000000e+00 5.000000e-01
7.648674e-04 7.974646e-05 -2.229999e-01 3.925000e+00 0.000000e+00 5.000000e-01
5.570192e-04 6.755196e-05 -2.229999e-01 3.975000e+00 0.000000e+00 5.000000e-01
3.039037e-01 2.401522e-03 -2.029999e-01 2.500000e-02 0.000000e+00 5.000000e-01
1.494037e-01 1.673526e-03 -2.029999e-01 7.500000e-02 0.000000e+00 5.000000e-01
3.191386e-02 7.699601e-04 -2.029999e-01 1.250000e-01 0.000000e+00 5.000000e-01
8.402775e-03 3.875916e-04 -2.029999e-01 1.750000e-01 0.000000e+00 5.000000e-01
5.918289e-03 3.200248e-04 -2.029999e-01 2.250000e-01 0.000000e+00 5.000000e-01
2.526168e-03 2.062610e-04 -2.029999e-01 2.750000e-01 0.000000e+00 5.000000e-01
1.616171e-03 1.632581e-04 -2.029999e-01 3.250000e-01 0.000000e+00 5.000000e-01
8.471715e-04 1.174817e-04 -2.029999e-01 3.750000e-01 0.000000e+00 5.000000e-01
6.127154e-04 9.939572e-05 -2.029999e-01 4.250000e-01 0.000000e+00 5.000000e-01
7.682670e-04 1.108899e-04 -2.029999e-01 4.750000e-01 0.000000e+00 5.000000e-01
7.695576e-04 1.110761e-04 -2.029999e-01 5.250000e-01 0.000000e+00 5.000000e-01
7.330202e-04 1.080781e-04 -2.029999e-01 5.750000e-01 0.000000e+00 5.000000e-01
5.692816e-04 9.488037e-05 -2.029999e-01 6.250000e-01 0.000000e+00 5.000000e-01
6.913148e-04 1.042197e-04 -2.029999e-01 6.750000e-01 0.000000e+00 5.000000e-01
7.974914e-04 1.127825e-04 -2.029999e-01 7.250000e-01 0.000000e+00 5.000000e-01
5.485724e-04 9.407956e-05 -2.029999e-01 7.750000e-01 0.000000e+00 5.000000e-01
7.176025e-04 1.081828e-04 -2.029999e-01 8.250000e-01 0.000000e+00 5.000000e-01
6.908376e-04 1.065987e-04 -2.029999e-01 8.750000e-01 0.000000e+00 5.000000e-01
7.545652e-04 1.112548e-04 -2.029999e-01 9.250000e-01 0.000000e+00 5.000000e-01
7.181419e-04 1.082641e-04 -2.029999e-01 9.750000e-01 0.000000e+00 5.000000e-01
4.893360e-04 8.934026e-05 -2.029999e-01 1.025000e+00 0.000000e+00 5.000000e-01
4.504972e-04 8.513610e-05 -2.029999e-01 1.075000e+00 0.000000e+00 5.000000e-01
7.867211e-04 1.112593e-04 -2.029999e-01 1.125000e+00 0.000000e+00 5.000000e-01
8.115747e-04 1.125454e-04 -2.029999e-01 1.175000e+00 0.000000e+00 5.000000e-01
8.734160e-04 1.167154e-04 -2.029999e-01 1.225000e+00 0.000000e+00 5.000000e-01
1.121659e-03 1.321891e-04 -2.029999e-01 1.275000e+00 0.000000e+00 5.000000e-01
7.511708e-04 1.084224e-04 -2.029999e-01 1.325000e+00 0.000000e+00 5.000000e-01
7.150581e-04 1.054298e-04 -2.029999e-01 1.375000e+00 0.000000e+00 5.000000e-01
9.926578e-04 1.240825e-04 -2.029999e-01 1.425000e+00 0.000000e+00 5.000000e-01
1.026081e-03 1.263021e-04 -2.029999e-01 1.475000e+00 0.000000e+00 5.000000e-01
1.199402e-03 1.375812e-04 -2.029999e-01 1.525000e+00 0.000000e+00 5.000000e-01
1.253429e-03 1.419233e-04 -2.029999e-01 1.575000e+00 0.000000e+00 5.000000e-01
1.687054e-03 1.654297e-04 -2.029999e-01 1.625000e+00 0.000000e+00 5.000000e-01
1.540445e-03 1.588853e-04 -2.029999e-01 1.675000e+00 0.000000e+00 5.000000e-01
1.259730e-03 1.445012e-04 -2.029999e-01 1.725000e+00 0.000000e+00 5.000000e-01
1.306513e-03 1.479340e-04 -2.029999e-01 1.775000e+00 0.000000e+00 5.000000e-01
1.787580e-03 1.736257e-04 -2.029999e-01 1.825000e+00 0.000000e+00 5.000000e-01
2.009169e-03 1.849596e-04 -2.029999e-01 1.875000e+00 0.000000e+00 5.000000e-01
1.995957e-03 1.853204e-04 -2.029999e-01 1.925000e+00 0.000000e+00 5.000000e-01
2.451625e-03 2.057365e-04 -2.029999e-01 1.975000e+00 0.000000e+00 5.000000e-01
2.730988e-03 2.159043e-04 -2.029999e-01 2.025000e+00 0.000000e+00 5.000000e-01
3.647253e-03 2.493223e-04 -2.029999e-01 2.075000e+00 0.000000e+00 5.000000e-01
3.026096e-03 2.268165e-04 -2.029999e-01 2.125000e+00 0.000000e+00 5.000000e-01
2.567164e-03 2.082253e-04 -2.029999e-01 2.175000e+00 0.000000e+00 5.000000e-01
1.804716e-03 1.736596e-04 -2.029999e-01 2.225000e+00 0.000000e+00 5.000000e-01
1.498649e-03 1.579721e-04 -2.029999e-01 2.275000e+00 0.000000e+00 5.000000e-01
1.715810e-03 1.682496e-04 -2.029999e-01 2.325000e+00 0.000000e+00 5.000000e-01
1.276399e-03 1.445244e-04 -2.029999e-01 2.375000e+00 0.000000e+00 5.000000e-01
1.226731e-03 1.407164e-04 -2.029999e-01 2.425000e+00 0.000000e+00 5.000000e-01
9.559953e-04 1.234190e-04 -2.029999e-01 2.475000e+00 0.000000e+00 5.000000e-01
1.070785e-03 1.298524e-04 -2.029999e-01 2.525000e+00 0.000000e+00 5.000000e-01
9.966071e-04 1.245765e-04 -2.029999e-01 2.575000e+00 0.000000e+00 5.000000e-01
1.109115e-03 1.307113e-04 -2.029999e-01 2.625000e+00 0.000000e+00 5.000000e-01
8.786988e-04 1.153797e-04 -2.029999e-01 2.675000e+00 0.000000e+00 5.000000e-01
1.444048e-03 1.458718e-04 -2.029999e-01 2.725000e+00 0.000000e+00 5.000000e-01
9.758599e-04 1.183412e-04 -2.029999e-01 2.775000e+00 0.000000e+00 5.000000e-01
1.034929e-03 1.203090e-04 -2.029999e-01 2.825000e+00 0.000000e+00 5.000000e-01
7.700373e-04 1.029015e-04 -2.029999e-01 2.875000e+00 0.000000e+00 5.000000e-01
7.005687e-04 9.715210e-05 -2.029999e-01 2.925000e+00 0.000000e+00 5.000000e-01
9.008021e-04 1.092394e-04 -2.029999e-01 2.975000e+00 0.000000e+00 5.000000e-01
7.325096e-04 9.788673e-05 -2.029999e-01 3.025000e+00 0.000000e+00 5.000000e-01
6.816406e-04 9.452746e-05 -2.029999e-01 3.075000e+00 0.000000e+00 5.000000e-01
3.944965e-04 7.202561e-05 -2.029999e-01 3.125000e+00 0.000000e+00 5.000000e-01
4.481138e-04 7.685141e-05 -2.029999e-01 3.175000e+00 0.000000e+00 5.000000e-01
5.470669e-04 8.441554e-05 -2.029999e-01 3.225000e+00 0.000000e+00 5.000000e-01
4.121330e-04 7.285653e-05 -2.029999e-01 3.275000e+00 0.000000e+00 5.000000e-01
4.050151e-04 7.159830e-05 -2.029999e-01 3.325000e+00 0.000000e+00 5.000000e-01
2.738219e-04 5.838034e-05 -2.029999e-01 3.375000e+00 0.000000e+00 5.000000e-01
3.900392e-04 6.895088e-05 -2.029999e-01 3.425000e+00 0.000000e+00 5.000000e-01
4.777821e-04 7.554604e-05 -2.029999e-01 3.475000e+00 0.000000e+00 5.000000e-01
2.336286e-04 5.224185e-05 -2.029999e-01 3.525000e+00 0.000000e+00 5.000000e-01
1.782203e-04 4.455568e-05 -2.029999e-01 3.575000e+00 0.000000e+00 5.000000e-01
4.286115e-04 6.613773e-05 -2.029999e-01 3.625000e+00 0.000000e+00 5.000000e-01
4.601125e-04 6.641309e-05 -2.029999e-01 3.675000e+00 0.000000e+00 5.000000e-01
5.020949e-04 6.832802e-05 -2.029999e-01 3.725000e+00 0.000000e+00 5.000000e-01
3.644671e-04 5.762958e-05 -2.029999e-01 3.775000e+00 0.000000e+00 5.000000e-01
5.122013e-04 6.725864e-05 -2.029999e-01 3.825000e+00 0.000000e+00 5.000000e-01
5.934449e-04 7.196885e-05 -2.029999e-01 3.875000e+00 0.000000e+00 5.000000e-01
5.657445e-04 6.964273e-05 -2.029999e-01 3.925000e+00 0.000000e+00 5.000000e-01
6.878165e-04 7.505175e-05 -2.029999e-01 3.975000e+00 0.000000e+00 5.000000e-01
3.003097e-01 2.364719e-03 -1.829999e-01 2.500000e-02 0.000000e+00 5.000000e-01
1.597178e-01 1.718291e-03 -1.829999e-01 7.500000e-02 0.000000e+00 5.000000e-01
3.341063e-02 7.848849e-04 -1.829999e-01 1.250000e-01 0.000000e+00 5.000000e-01
1.035589e-02 4.376167e-04 -1.829999e-01 1.750000e-01 0.000000e+00 5.000000e-01
5.785507e-03 3.264954e-04 -1.829999e-01 2.250000e-01 0.000000e+00 5.000000e-01
3.224769e-03 2.430764e-04 -1.829999e-01 2.750000e-01 0.000000e+00 5.000000e-01
1.425236e-03 1.613764e-04 -1.829999e-01 3.250000e-01 0.000000e+00 5.000000e-01
8.223511e-04 1.212492e-04 -1.829999e-01 3.750000e-01 0.000000e+00 5.000000e-01
7.595999e-04 1.145141e-04 -1.829999e-01 4.250000e-01 0.000000e+00 5.000000e-01
6.320752e-04 1.025363e-04 -1.829999e-01 4.750000e-01 0.000000e+00 5.000000e-01
6.154031e-04 9.983167e-05 -1.829999e-01 5.250000e-01 0.000000e+00 5.000000e-01
8.963663e-04 1.197821e-04 -1.829999e-01 5.750000e-01 0.000000e+00 5.000000e-01
7.621213e-04 1.100029e-04 -1.829999e-01 6.250000e-01 0.000000e+00 5.000000e-01
5.365812e-04 9.202306e-05 -1.829999e-01 6.750000e-01 0.000000e+00 5.000000e-01
1.003597e-03 1.254497e-04 -1.829999e-01 7.250000e-01 0.000000e+00 5.000000e-01
5.267720e-04 9.034082e-05 -1.829999e-01 7.750000e-01 0.000000e+00 5.000000e-01
5.802020e-04 9.412134e-05 -1.829999e-01 8.250000e-01 0.000000e+00 5.000000e-01
8.211793e-04 1.117485e-04 -1.829999e-01 8.750000e-01 0.000000e+00 5.000000e-01
7.330283e-04 1.058037e-04 -1.829999e-01 9.250000e-01 0.000000e+00 5.000000e-01
6.444526e-04 9.944138e-05 -1.829999e-01 9.750000e-01 0.000000e+00 5.000000e-01
6.818032e-04 1.027858e-04 -1.829999e-01 1.025000e+00 0.000000e+00 5.000000e-01
5.017430e-04 8.869668e-05 -1.829999e-01 1.075000e+00 0.000000e+00 5.000000e-01
6.201983e-04 9.806213e-05 -1.829999e-01 1.125000e+00 0.000000e+00 5.000000e-01
4.955386e-04 8.759988e-05 -1.829999e-01 1.175000e+00 0.000000e+00 5.000000e-01
1.017152e-03 1.252029e-04 -1.829999e-01 1.225000e+00 0.000000e+00 5.000000e-01
6.180201e-04 9.771770e-05 -1.829999e-01 1.275000e+00 0.000000e+00 5.000000e-01
7.125904e-04 1.050660e-04 -1.829999e-01 1.325000e+00 0.000000e+00 5.000000e-01
1.027742e-03 1.265066e-04 -1.829999e-01 1.375000e+00 0.000000e+00 5.000000e-01
8.150791e-04 1.130313e-04 -1.829999e-01 1.425000e+00 0.000000e+00 5.000000e-01
1.234672e-03 1.397994e-04 -1.829999e-01 1.475000e+00 0.000000e+00 5.000000e-01
1.023008e-03 1.278763e-04 -1.829999e-01 1.525000e+00 0.000000e+00 5.000000e-01
1.248232e-03 1.413349e-04 -1.829999e-01 1.575000e+00 0.000000e+00 5.000000e-01
1.359137e-03 1.465599e-04 -1.829999e-01 1.625000e+00 0.000000e+00 5.000000e-01
1.413854e-03 1.490337e-04 -1.829999e-01 1.675000e+00 0.000000e+00 5.000000e-01
1.787709e-03 1.674347e-04 -1.829999e-01 1.725000e+00 0.000000e+00 5.000000e-01
1.631721e-03 1.600037e-04 -1.829999e-01 1.775000e+00 0.000000e+00 5.000000e-01
1.437169e-03 1.498358e-04 -1.829999e-01 1.825000e+00 0.000000e+00 5.000000e-01
1.960310e-03 1.746388e-04 -1.829999e-01 1.875000e+00 0.000000e+00 5.000000e-01
2.255893e-03 1.879917e-04 -1.829999e-01 1.925000e+00 0.000000e+00 5.000000e-01
2.909517e-03 2.144932e-04 -1.829999e-01 1.975000e+00 0.000000e+00 5.000000e-01
2.938480e-03 2.166283e-04 -1.829999e-01 2.025000e+00 0.000000e+00 5.000000e-01
3.551792e-03 2.383816e-04 -1.829999e-01 2.075000e+00 0.000000e+00 5.000000e-01
2.901080e-03 2.150431e-04 -1.829999e-01 2.125000e+00 0.000000e+00 5.000000e-01
2.546511e-03 2.013202e-04 -1.829999e-01 2.175000e+00 0.000000e+00 5.000000e-01
2.017767e-03 1.783478e-04 -1.829999e-01 2.225000e+00 0.000000e+00 5.000000e-01
1.498905e-03 1.529820e-04 -1.829999e-01 2.275000e+00 0.000000e+00 5.000000e-01
1.395979e-03 1.471497e-04 -1.829999e-01 2.325000e+00 0.000000e+00 5.000000e-01
1.935167e-03 1.723992e-04 -1.829999e-01 2.375000e+00 0.000000e+00 5.000000e-01
1.434602e-03 1.479688e-04 -1.829999e-01 2.425000e+00 0.000000e+00 5.000000e-01
1.630746e-03 1.569194e-04 -1.829999e-01 2.475000e+00 0.000000e+00 5.000000e-01
1.071969e-03 1.263335e-04 -1.829999e-01 2.525000e+00 0.000000e+00 5.000000e-01
1.613279e-03 1.538210e-04 -1.829999e-01 2.575000e+00 0.000000e+00 5.000000e-01
9.870811e-04 1.197019e-04 -1.829999e-01 2.625000e+00 0.000000e+00 5.000000e-01
1.004609e-03 1.200744e-04 -1.829999e-01 2.675000e+00 0.000000e+00 5.000000e-01
8.257022e-04 1.084207e-04 -1.829999e-01 2.725000e+00 0.000000e+00 5.000000e-01
1.014259e-03 1.195327e-04 -1.829999e-01 2.775000e+00 0.000000e+00 5.000000e-01
8.847863e-04 1.105993e-04 -1.829999e-01 2.825000e+00 0.000000e+00 5.000000e-01
8.410626e-04 1.068155e-04 -1.829999e-01 2.875000e+00 0.000000e+00 5.000000e-01
8.483433e-04 1.060440e-04 -1.829999e-01 2.925000e+00 0.000000e+00 5.000000e-01
6.730776e-04 9.333989e-05 -1.829999e-01 2.975000e+00 0.000000e+00 5.000000e-01
6.368242e-04 9.006127e-05 -1.829999e-01 3.025000e+00 0.000000e+00 5.000000e-01
8.541611e-04 1.035834e-04 -1.829999e-01 3.075000e+00 0.000000e+00 5.000000e-01
5.449081e-04 8.214876e-05 -1.829999e-01 3.125000e+00 0.000000e+00 5.000000e-01
4.205055e-04 7.211690e-05 -1.829999e-01 3.175000e+00 0.000000e+00 5.000000e-01
5.453988e-04 8.222293e-05 -1.829999e-01 3.225000e+00 0.000000e+00 5.000000e-01
5.012442e-04 7.925460e-05 -1.829999e-01 3.275000e+00 0.000000e+00 5.000000e-01
2.992009e-04 6.107526e-05 -1.829999e-01 3.325000e+00 0.000000e+00 5.000000e-01
5.425392e-04 8.179175e-05 -1.829999e-01 3.375000e+00 0.000000e+00 5.000000e-01
4.332007e-04 7.220101e-05 -1.829999e-01 3.425000e+00 0.000000e+00 5.000000e-01
4.769208e-04 7.359143e-05 -1.829999e-01 3.475000e+00 0.000000e+00 5.000000e-01
3.778081e-04 6.296948e-05 -1.829999e-01 3.525000e+00 0.000000e+00 5.000000e-01
4.181440e-04 6.452235e-05 -1.829999e-01 3.575000e+00 0.000000e+00 5.000000e-01
5.644479e-04 7.411770e-05 -1.829999e-01 3.625000e+00 0.000000e+00 5.000000e-01
5.319252e-04 7.108384e-05 -1.829999e-01 3.675000e+00 0.000000e+00 5.000000e-01
5.018785e-04 6.829862e-05 -1.829999e-01 3.725000e+00 0.000000e+00 5.000000e-01
4.792105e-04 6.645695e-05 -1.829999e-01 3.775000e+00 0.000000e+00 5.000000e-01
4.198229e-04 6.190228e-05 -1.829999e-01 3.825000e+00 0.000000e+00 5.000000e-01
5.841193e-04 7.190325e-05 -1.829999e-01 3.875000e+00 0.000000e+00 5.000000e-01
7.250589e-04 7.818863e-05 -1.829999e-01 3.925000e+00 0.000000e+00 5.000000e-01
6.095380e-04 6.992197e-05 -1.829999e-01 3.975000e+00 0.000000e+00 5.000000e-01
3.088221e-01 2.387454e-03 -1.629999e-01 2.500000e-02 0.000000e+00 5.000000e-01
1.575937e-01 1.696619e-03 -1.629999e-01 7.500000e-02 0.000000e+00 5.000000e-01
3.041865e-02 7.461479e-04 -1.629999e-01 1.250000e-01 0.000000e+00 5.000000e-01
9.243906e-03 4.117568e-04 -1.629999e-01 1.750000e-01 0.000000e+00 5.000000e-01
4.920576e-03 2.994571e-04 -1.629999e-01 2.250000e-01 0.000000e+00 5.000000e-01
2.618765e-03 2.182307e-04 -1.629999e-01 2.750000e-01 0.000000e+00 5.000000e-01
1.858183e-03 1.839878e-04 -1.629999e-01 3.250000e-01 0.000000e+00 5.000000e-01
1.199450e-03 1.476422e-04 -1.629999e-01 3.750000e-01 0.000000e+00 5.000000e-01
4.679074e-04 9.176424e-05 -1.629999e-01 4.250000e-01 0.000000e+00 5.000000e-01
2.504124e-04 6.692560e-05 -1.629999e-01 4.750000e-01 0.000000e+00 5.000000e-01
4.609394e-04 9.039782e-05 -1.629999e-01 5.250000e-01 0.000000e+00 5.000000e-01
9.069619e-04 1.257732e-04 -1.629999e-01 5.750000e-01 0.000000e+00 5.000000e-01
4.692739e-04 8.868452e-05 -1.629999e-01 6.250000e-01 0.000000e+00 5.000000e-01
6.178867e-04 1.002346e-04 -1.629999e-01 6.750000e-01 0.000000e+00 5.000000e-01
1.008092e-03 1.260117e-04 -1.629999e-01 7.250000e-01 0.000000e+00 5.000000e-01
9.401038e-04 1.193935e-04 -1.629999e-01 7.750000e-01 0.000000e+00 5.000000e-01
4.177739e-04 7.895191e-05 -1.629999e-01 8.250000e-01 0.000000e+00 5.000000e-01
4.744565e-04 8.387299e-05 -1.629999e-01 8.750000e-01 0.000000e+00 5.000000e-01
6.791050e-04 1.001287e-04 -1.629999e-01 9.250000e-01 0.000000e+00 5.000000e-01
6.462766e-04 9.743002e-05 -1.629999e-01 9.750000e-01 0.000000e+00 5.000000e-01
6.761922e-04 9.969930e-05 -1.629999e-01 1.025000e+00 0.000000e+00 5.000000e-01
5.880588e-04 9.298041e-05 -1.629999e-01 1.075000e+00 0.000000e+00 5.000000e-01
7.454778e-04 1.054267e-04 -1.629999e-01 1.125000e+00 0.000000e+00 5.000000e-01
7.018580e-04 1.034835e-04 -1.629999e-01 1.175000e+00 0.000000e+00 5.000000e-01
6.877039e-04 1.036755e-04 -1.629999e-01 1.225000e+00 0.000000e+00 5.000000e-01
6.419396e-04 1.014998e-04 -1.629999e-01 1.275000e+00 0.000000e+00 5.000000e-01
9.484184e-04 1.245338e-04 -1.629999e-01 1.325000e+00 0.000000e+00 5.000000e-01
1.234593e-03 1.416178e-04 -1.629999e-01 1.375000e+00 0.000000e+00 5.000000e-01
1.108180e-03 1.343869e-04 -1.629999e-01 1.425000e+00 0.000000e+00 5.000000e-01
1.070355e-03 1.317519e-04 -1.629999e-01 1.475000e+00 0.000000e+00 5.000000e-01
8.050935e-04 1.138577e-04 -1.629999e-01 1.525000e+00 0.000000e+00 5.000000e-01
1.057634e-03 1.301861e-04 -1.629999e-01 1.575000e+00 0.000000e+00 5.000000e-01
1.263238e-03 1.412347e-04 -1.629999e-01 1.625000e+00 0.000000e+00 5.000000e-01
1.762500e-03 1.665410e-04 -1.629999e-01 1.675000e+00 0.000000e+00 5.000000e-01
1.753141e-03 1.656567e-04 -1.629999e-01 1.725000e+00 0.000000e+00 5.000000e-01
1.870041e-03 1.707111e-04 -1.629999e-01 1.775000e+00 0.000000e+00 5.000000e-01
2.221028e-03 1.850863e-04 -1.629999e-01 1.825000e+00 0.000000e+00 5.000000e-01
1.837740e-03 1.677625e-04 -1.629999e-01 1.875000e+00 0.000000e+00 5.000000e-01
2.505171e-03 1.956215e-04 -1.629999e-01 1.925000e+00 0.000000e+00 5.000000e-01
2.398134e-03 1.907860e-04 -1.629999e-01 1.975000e+00 0.000000e+00 5.000000e-01
2.892276e-03 2.087329e-04 -1.629999e-01 2.025000e+00 0.000000e+00 5.000000e-01
2.926612e-03 2.101194e-04 -1.629999e-01 2.075000e+00 0.000000e+00 5.000000e-01
3.656141e-03 2.350264e-04 -1.629999e-01 2.125000e+00 0.000000e+00 5.000000e-01
2.256286e-03 1.854664e-04 -1.629999e-01 2.175000e+00 0.000000e+00 5.000000e-01
1.805268e-03 1.661891e-04 -1.629999e-01 2.225000e+00 0.000000e+00 5.000000e-01
2.170191e-03 1.821192e-04 -1.629999e-01 2.275000e+00 0.000000e+00 5.000000e-01
1.755430e-03 1.629882e-04 -1.629999e-01 2.325000e+00 0.000000e+00 5.000000e-01
1.797165e-03 1.640589e-04 -1.629999e-01 2.375000e+00 0.000000e+00 5.000000e-01
1.662520e-03 1.570943e-04 -1.629999e-01 2.425000e+00 0.000000e+00 5.000000e-01
1.119646e-03 1.284328e-04 -1.629999e-01 2.475000e+00 0.000000e+00 5.000000e-01
1.525697e-03 1.496076e-04 -1.629999e-01 2.525000e+00 0.000000e+00 5.000000e-01
1.133652e-03 1.283617e-04 -1.629999e-01 2.575000e+00 0.000000e+00 5.000000e-01
1.379929e-03 1.408393e-04 -1.629999e-01 2.625000e+00 0.000000e+00 5.000000e-01
9.932090e-04 1.187121e-04 -1.629999e-01 2.675000e+00 0.000000e+00 5.000000e-01
8.151714e-04 1.070380e-04 -1.629999e-01 2.725000e+00 0.000000e+00 5.000000e-01
8.365899e-04 1.080040e-04 -1.629999e-01 2.775000e+00 0.000000e+00 5.000000e-01
8.529890e-04 1.083305e-04 -1.629999e-01 2.825000e+00 0.000000e+00 5.000000e-01
8.429097e-04 1.070506e-04 -1.629999e-01 2.875000e+00 0.000000e+00 5.000000e-01
7.777509e-04 1.021245e-04 -1.629999e-01 2.925000e+00 0.000000e+00 5.000000e-01
5.276669e-04 8.343233e-05 -1.629999e-01 2.975000e+00 0.000000e+00 5.000000e-01
7.909686e-04 1.004539e-04 -1.629999e-01 3.025000e+00 0.000000e+00 5.000000e-01
1.024551e-03 1.131438e-04 -1.629999e-01 3.075000e+00 0.000000e+00 5.000000e-01
6.099482e-04 8.626039e-05 -1.629999e-01 3.125000e+00 0.000000e+00 5.000000e-01
8.854097e-04 1.029281e-04 -1.629999e-01 3.175000e+00 0.000000e+00 5.000000e-01
6.616115e-04 8.841274e-05 -1.629999e-01 3.225000e+00 0.000000e+00 5.000000e-01
4.915010e-04 7.584086e-05 -1.629999e-01 3.275000e+00 0.000000e+00 5.000000e-01
4.629549e-04 7.320090e-05 -1.629999e-01 3.325000e+00 0.000000e+00 5.000000e-01
4.648151e-04 7.172389e-05 -1.629999e-01 3.375000e+00 0.000000e+00 5.000000e-01
3.585707e-04 6.149557e-05 -1.629999e-01 3.425000e+00 0.000000e+00 5.000000e-01
4.304032e-04 6.641348e-05 -1.629999e-01 3.475000e+00 0.000000e+00 5.000000e-01
2.236219e-04 4.767748e-05 -1.629999e-01 3.525000e+00 0.000000e+00 5.000000e-01
5.742234e-04 7.540111e-05 -1.629999e-01 3.575000e+00 0.000000e+00 5.000000e-01
4.877031e-04 6.897276e-05 -1.629999e-01 3.625000e+00 0.000000e+00 5.000000e-01
4.480523e-04 6.606354e-05 -1.629999e-01 3.675000e+00 0.000000e+00 5.000000e-01
5.023279e-04 6.966201e-05 -1.629999e-01 3.725000e+00 0.000000e+00 5.000000e-01
4.893860e-04 6.786764e-05 -1.629999e-01 3.775000e+00 0.000000e+00 5.000000e-01
5.787627e-04 7.234875e-05 -1.629999e-01 3.825000e+00 0.000000e+00 5.000000e-01
5.579121e-04 6.974179e-05 -1.629999e-01 3.875000e+00 0.000000e+00 5.000000e-01
4.828918e-04 6.340979e-05 -1.629999e-01 3.925000e+00 0.000000e+00 5.000000e-01
5.185250e-04 6.383005e-05 -1.629999e-01 3.975000e+00 0.000000e+00 5.000000e-01
3.014417e-01 2.349002e-03 -1.429999e-01 2.500000e-02 0.000000e+00 5.000000e-01
1.629107e-01 1.722599e-03 -1.429999e-01 7.500000e-02 0.000000e+00 5.000000e-01
3.259171e-02 7.703376e-04 -1.429999e-01 1.250000e-01 0.000000e+00 5.000000e-01
8.577461e-03 3.931477e-04 -1.429999e-01 1.750000e-01 0.000000e+00 5.000000e-01
5.537664e-03 3.155381e-04 -1.429999e-01 2.250000e-01 0.000000e+00 5.000000e-01
2.299189e-03 2.032218e-04 -1.429999e-01 2.750000e-01 0.000000e+00 5.000000e-01
1.249252e-03 1.493143e-04 -1.429999e-01 3.250000e-01 0.000000e+00 5.000000e-01
1.231894e-03 1.472396e-04 -1.429999e-01 3.750000e-01 0.000000e+00 5.000000e-01
5.601316e-04 9.901829e-05 -1.429999e-01 4.250000e-01 0.000000e+00 5.000000e-01
6.227703e-04 1.037952e-04 -1.429999e-01 4.750000e-01 0.000000e+00 5.000000e-01
6.520358e-04 1.057743e-04 -1.429999e-01 5.250000e-01 0.000000e+00 5.000000e-01
4.438035e-04 8.703713e-05 -1.429999e-01 5.750000e-01 0.000000e+00 5.000000e-01
5.745999e-04 9.854320e-05 -1.429999e-01 6.250000e-01 0.000000e+00 5.000000e-01
5.717320e-04 9.805143e-05 -1.429999e-01 6.750000e-01 0.000000e+00 5.000000e-01
5.697493e-04 9.771133e-05 -1.429999e-01 7.250000e-01 0.000000e+00 5.000000e-01
7.658221e-04 1.129145e-04 -1.429999e-01 7.750000e-01 0.000000e+00 5.000000e-01
5.170820e-04 9.140816e-05 -1.429999e-01 8.250000e-01 0.000000e+00 5.000000e-01
8.507445e-04 1.157719e-04 -1.429999e-01 8.750000e-01 0.000000e+00 5.000000e-01
6.501444e-04 1.003196e-04 -1.429999e-01 9.250000e-01 0.000000e+00 5.000000e-01
7.020800e-04 1.035163e-04 -1.429999e-01 9.750000e-01 0.000000e+00 5.000000e-01
6.126938e-04 9.687556e-05 -1.429999e-01 1.025000e+00 0.000000e+00 5.000000e-01
4.936925e-04 8.727348e-05 -1.429999e-01 1.075000e+00 0.000000e+00 5.000000e-01
4.951282e-04 8.752727e-05 -1.429999e-01 1.125000e+00 0.000000e+00 5.000000e-01
7.765694e-04 1.098238e-04 -1.429999e-01 1.175000e+00 0.000000e+00 5.000000e-01
7.471185e-04 1.078375e-04 -1.429999e-01 1.225000e+00 0.000000e+00 5.000000e-01
7.133862e-04 1.051833e-04 -1.429999e-01 1.275000e+00 0.000000e+00 5.000000e-01
8.807788e-04 1.176993e-04 -1.429999e-01 1.325000e+00 0.000000e+00 5.000000e-01
9.478877e-04 1.223720e-04 -1.429999e-01 1.375000e+00 0.000000e+00 5.000000e-01
1.023135e-03 1.278922e-04 -1.429999e-01 1.425000e+00 0.000000e+00 5.000000e-01
1.003167e-03 1.274026e-04 -1.429999e-01 1.475000e+00 0.000000e+00 5.000000e-01
1.000763e-03 1.270973e-04 -1.429999e-01 1.525000e+00 0.000000e+00 5.000000e-01
1.090524e-03 1.322458e-04 -1.429999e-01 1.575000e+00 0.000000e+00 5.000000e-01
1.295066e-03 1.430163e-04 -1.429999e-01 1.625000e+00 0.000000e+00 5.000000e-01
1.197944e-03 1.374140e-04 -1.429999e-01 1.675000e+00 0.000000e+00 5.000000e-01
1.252894e-03 1.400782e-04 -1.429999e-01 1.725000e+00 0.000000e+00 5.000000e-01
1.716267e-03 1.636401e-04 -1.429999e-01 1.775000e+00 0.000000e+00 5.000000e-01
1.854447e-03 1.692875e-04 -1.429999e-01 1.825000e+00 0.000000e+00 5.000000e-01
1.686904e-03 1.608406e-04 -1.429999e-01 1.875000e+00 0.000000e+00 5.000000e-01
2.261390e-03 1.858858e-04 -1.429999e-01 1.925000e+00 0.000000e+00 5.000000e-01
2.615196e-03 1.994075e-04 -1.429999e-01 1.975000e+00 0.000000e+00 5.000000e-01
2.618018e-03 1.984721e-04 -1.429999e-01 2.025000e+00 0.000000e+00 5.000000e-01
3.404525e-03 2.254712e-04 -1.429999e-01 2.075000e+00 0.000000e+00 5.000000e-01
3.177854e-03 2.172343e-04 -1.429999e-01 2.125000e+00 0.000000e+00 5.000000e-01
2.623852e-03 1.966668e-04 -1.429999e-01 2.175000e+00 0.000000e+00 5.000000e-01
1.638616e-03 1.548355e-04 -1.429999e-01 2.225000e+00 0.000000e+00 5.000000e-01
1.763206e-03 1.609586e-04 -1.429999e-01 2.275000e+00 0.000000e+00 5.000000e-01
1.149720e-03 1.301808e-04 -1.429999e-01 2.325000e+00 0.000000e+00 5.000000e-01
1.332144e-03 1.404209e-04 -1.429999e-01 2.375000e+00 0.000000e+00 5.000000e-01
1.535207e-03 1.505403e-04 -1.429999e-01 2.425000e+00 0.000000e+00 5.000000e-01
1.674492e-03 1.568314e-04 -1.429999e-01 2.475000e+00 0.000000e+00 5.000000e-01
1.078049e-03 1.253213e-04 -1.429999e-01 2.525000e+00 0.000000e+00 5.000000e-01
1.151051e-03 1.286923e-04 -1.429999e-01 2.575000e+00 0.000000e+00 5.000000e-01
1.363929e-03 1.392062e-04 -1.429999e-01 2.625000e+00 0.000000e+00 5.000000e-01
1.375205e-03 1.389176e-04 -1.429999e-01 2.675000e+00 0.000000e+00 5.000000e-01
8.095233e-04 1.062962e-04 -1.429999e-01 2.725000e+00 0.000000e+00 5.000000e-01
8.565834e-04 1.087869e-04 -1.429999e-01 2.775000e+00 0.000000e+00 5.000000e-01
1.003152e-03 1.166151e-04 -1.429999e-01 2.825000e+00 0.000000e+00 5.000000e-01
1.023215e-03 1.173717e-04 -1.429999e-01 2.875000e+00 0.000000e+00 5.000000e-01
5.327476e-04 8.423560e-05 -1.429999e-01 2.925000e+00 0.000000e+00 5.000000e-01
7.870433e-04 1.016074e-04 -1.429999e-01 2.975000e+00 0.000000e+00 5.000000e-01
8.517080e-04 1.048389e-04 -1.429999e-01 3.025000e+00 0.000000e+00 5.000000e-01
8.091632e-04 1.011465e-04 -1.429999e-01 3.075000e+00 0.000000e+00 5.000000e-01
5.700982e-04 8.405713e-05 -1.429999e-01 3.125000e+00 0.000000e+00 5.000000e-01
7.172519e-04 9.259800e-05 -1.429999e-01 3.175000e+00 0.000000e+00 5.000000e-01
5.652916e-04 7.994581e-05 -1.429999e-01 3.225000e+00 0.000000e+00 5.000000e-01
5.249357e-04 7.423825e-05 -1.429999e-01 3.275000e+00 0.000000e+00 5.000000e-01
5.149706e-04 7.141446e-05 -1.429999e-01 3.325000e+00 0.000000e+00 5.000000e-01
6.279623e-04 7.849655e-05 -1.429999e-01 3.375000e+00 0.000000e+00 5.000000e-01
3.935119e-04 6.222075e-05 -1.429999e-01 3.425000e+00 0.000000e+00 5.000000e-01
4.926816e-04 6.967665e-05 -1.429999e-01 3.475000e+00 0.000000e+00 5.000000e-01
3.750490e-04 6.084215e-05 -1.429999e-01 3.525000e+00 0.000000e+00 5.000000e-01
4.044740e-04 6.395444e-05 -1.429999e-01 3.575000e+00 0.000000e+00 5.000000e-01
6.303346e-04 8.005485e-05 -1.429999e-01 3.625000e+00 0.000000e+00 5.000000e-01
4.159134e-04 6.417874e-05 -1.429999e-01 3.675000e+00 0.000000e+00 5.000000e-01
3.831149e-04 6.057766e-05 -1.429999e-01 3.725000e+00 0.000000e+00 5.000000e-01
8.533400e-04 8.897053e-05 -1.429999e-01 3.775000e+00 0.000000e+00 5.000000e-01
4.672159e-04 6.479384e-05 -1.429999e-01 3.825000e+00 0.000000e+00 5.000000e-01
3.778172e-04 5.696021e-05 -1.429999e-01 3.875000e+00 0.000000e+00 5.000000e-01
4.731014e-04 6.212365e-05 -1.429999e-01 3.925000e+00 0.000000e+00 5.000000e-01
7.911822e-04 7.758566e-05 -1.429999e-01 3.975000e+00 0.000000e+00 5.000000e-01
3.035832e-01 2.334015e-03 -1.229999e-01 2.500000e-02 0.000000e+00 5.000000e-01
1.550085e-01 1.666086e-03 -1.229999e-01 7.500000e-02 0.000000e+00 5.000000e-01
3.509445e-02 7.859164e-04 -1.229999e-01 1.250000e-01 0.000000e+00 5.000000e-01
7.596500e-03 3.646441e-04 -1.229999e-01 1.750000e-01 0.000000e+00 5.000000e-01
4.696949e-03 2.869122e-04 -1.229999e-01 2.250000e-01 0.000000e+00 5.000000e-01
2.574508e-03 2.116235e-04 -1.229999e-01 2.750000e-01 0.000000e+00 5.000000e-01
1.201426e-03 1.435980e-04 -1.229999e-01 3.250000e-01 0.000000e+00 5.000000e-01
9.569292e-04 1.278752e-04 -1.229999e-01 3.750000e-01 0.000000e+00 5.000000e-01
8.128995e-04 1.173321e-04 -1.229999e-01 4.250000e-01 0.000000e+00 5.000000e-01
4.030050e-04 8.226311e-05 -1.229999e-01 4.750000e-01 0.000000e+00 5.000000e-01
4.691924e-04 8.866914e-05 -1.229999e-01 5.250000e-01 0.000000e+00 5.000000e-01
6.360587e-04 1.031825e-04 -1.229999e-01 5.750000e-01 0.000000e+00 5.000000e-01
6.713756e-04 1.061540e-04 -1.229999e-01 6.250000e-01 0.000000e+00 5.000000e-01
1.019677e-03 1.316400e-04 -1.229999e-01 6.750000e-01 0.000000e+00 5.000000e-01
8.281068e-04 1.195270e-04 -1.229999e-01 7.250000e-01 0.000000e+00 5.000000e-01
6.990871e-04 1.105355e-04 -1.229999e-01 7.750000e-01 0.000000e+00 5.000000e-01
1.006668e-03 1.321822e-04 -1.229999e-01 8.250000e-01 0.000000e+00 5.000000e-01
9.896162e-04 1.322433e-04 -1.229999e-01 8.750000e-01 0.000000e+00 5.000000e-01
7.560422e-04 1.166601e-04 -1.229999e-01 9.250000e-01 0.000000e+00 5.000000e-01
6.858463e-04 1.112592e-04 -1.229999e-01 9.750000e-01 0.000000e+00 5.000000e-01
7.389182e-04 1.140177e-04 -1.229999e-01 1.025000e+00 0.000000e+00 5.000000e-01
7.819610e-04 1.152941e-04 -1.229999e-01 1.075000e+00 0.000000e+00 5.000000e-01
7.148004e-04 1.077604e-04 -1.229999e-01 1.125000e+00 0.000000e+00 5.000000e-01
6.628660e-04 1.022826e-04 -1.229999e-01 1.175000e+00 0.000000e+00 5.000000e-01
8.727503e-04 1.166265e-04 -1.229999e-01 1.225000e+00 0.000000e+00 5.000000e-01
7.205286e-04 1.062363e-04 -1.229999e-01 1.275000e+00 0.000000e+00 5.000000e-01
6.848598e-04 1.032467e-04 -1.229999e-01 1.325000e+00 0.000000e+00 5.000000e-01
8.274928e-04 1.126077e-04 -1.229999e-01 1.375000e+00 0.000000e+00 5.000000e-01
9.438235e-04 1.198660e-04 -1.229999e-01 1.425000e+00 0.000000e+00 5.000000e-01
7.284047e-04 1.051365e-04 -1.229999e-01 1.475000e+00 0.000000e+00 5.000000e-01
1.070921e-03 1.279998e-04 -1.229999e-01 1.525000e+00 0.000000e+00 5.000000e-01
1.053237e-03 1.277240e-04 -1.229999e-01 1.575000e+00 0.000000e+00 5.000000e-01
1.059044e-03 1.284283e-04 -1.229999e-01 1.625000e+00 0.000000e+00 5.000000e-01
1.326199e-03 1.447005e-04 -1.229999e-01 1.675000e+00 0.000000e+00 5.000000e-01
1.415384e-03 1.491950e-04 -1.229999e-01 1.725000e+00 0.000000e+00 5.000000e-01
1.626644e-03 1.595061e-04 -1.229999e-01 1.775000e+00 0.000000e+00 5.000000e-01
1.921724e-03 1.725764e-04 -1.229999e-01 1.825000e+00 0.000000e+00 5.000000e-01
2.372981e-03 1.912207e-04 -1.229999e-01 1.875000e+00 0.000000e+00 5.000000e-01
1.837495e-03 1.677402e-04 -1.229999e-01 1.925000e+00 0.000000e+00 5.000000e-01
2.823265e-03 2.070126e-04 -1.229999e-01 1.975000e+00 0.000000e+00 5.000000e-01
2.586909e-03 1.972507e-04 -1.229999e-01 2.025000e+00 0.000000e+00 5.000000e-01
3.385885e-03 2.252267e-04 -1.229999e-01 2.075000e+00 0.000000e+00 5.000000e-01
3.124777e-03 2.156310e-04 -1.229999e-01 2.125000e+00 0.000000e+00 5.000000e-01
2.156227e-03 1.784514e-04 -1.229999e-01 2.175000e+00 0.000000e+00 5.000000e-01
2.424463e-03 1.881755e-04 -1.229999e-01 2.225000e+00 0.000000e+00 5.000000e-01
1.827545e-03 1.628113e-04 -1.229999e-01 2.275000e+00 0.000000e+00 5.000000e-01
1.525547e-03 1.481748e-04 -1.229999e-01 2.325000e+00 0.000000e+00 5.000000e-01
1.548355e-03 1.489914e-04 -1.229999e-01 2.375000e+00 0.000000e+00 5.000000e-01
1.114737e-03 1.262198e-04 -1.229999e-01 2.425000e+00 0.000000e+00 5.000000e-01
1.291062e-03 1.360905e-04 -1.229999e-01 2.475000e+00 0.000000e+00 5.000000e-01
1.407665e-03 1.421964e-04 -1.229999e-01 2.525000e+00 0.000000e+00 5.000000e-01
1.255705e-03 1.338594e-04 -1.229999e-01 2.575000e+00 0.000000e+00 5.000000e-01
1.240692e-03 1.322590e-04 -1.229999e-01 2.625000e+00 0.000000e+00 5.000000e-01
1.565126e-03 1.478914e-04 -1.229999e-01 2.675000e+00 0.000000e+00 5.000000e-01
1.330226e-03 1.357667e-04 -1.229999e-01 2.725000e+00 0.000000e+00 5.000000e-01
1.036855e-03 1.189363e-04 -1.229999e-01 2.775000e+00 0.000000e+00 5.000000e-01
8.376281e-04 1.063797e-04 -1.229999e-01 2.825000e+00 0.000000e+00 5.000000e-01
7.470039e-04 9.982357e-05 -1.229999e-01 2.875000e+00 0.000000e+00 5.000000e-01
6.849822e-04 9.499053e-05 -1.229999e-01 2.925000e+00 0.000000e+00 5.000000e-01
1.039182e-03 1.161851e-04 -1.229999e-01 2.975000e+00 0.000000e+00 5.000000e-01
7.424937e-04 9.749510e-05 -1.229999e-01 3.025000e+00 0.000000e+00 5.000000e-01
8.195658e-04 1.008825e-04 -1.229999e-01 3.075000e+00 0.000000e+00 5.000000e-01
6.802132e-04 8.931735e-05 -1.229999e-01 3.125000e+00 0.000000e+00 5.000000e-01
4.820787e-04 7.267686e-05 -1.229999e-01 3.175000e+00 0.000000e+00 5.000000e-01
3.564024e-04 6.112308e-05 -1.229999e-01 3.225000e+00 0.000000e+00 5.000000e-01
6.522028e-04 8.152660e-05 -1.229999e-01 3.275000e+00 0.000000e+00 5.000000e-01
5.558572e-04 7.428054e-05 -1.229999e-01 3.325000e+00 0.000000e+00 5.000000e-01
4.816583e-04 6.811778e-05 -1.229999e-01 3.375000e+00 0.000000e+00 5.000000e-01
5.733589e-04 7.402146e-05 -1.229999e-01 3.425000e+00 0.000000e+00 5.000000e-01
4.413009e-04 6.506735e-05 -1.229999e-01 3.475000e+00 0.000000e+00 5.000000e-01
5.489225e-04 7.335481e-05 -1.229999e-01 3.525000e+00 0.000000e+00 5.000000e-01
4.889086e-04 6.914389e-05 -1.229999e-01 3.575000e+00 0.000000e+00 5.000000e-01
4.264215e-04 6.428671e-05 -1.229999e-01 3.625000e+00 0.000000e+00 5.000000e-01
4.257015e-04 6.417834e-05 -1.229999e-01 3.675000e+00 0.000000e+00 5.000000e-01
5.134413e-04 6.987230e-05 -1.229999e-01 3.725000e+00 0.000000e+00 5.000000e-01
4.421406e-04 6.381973e-05 -1.229999e-01 3.775000e+00 0.000000e+00 5.000000e-01
6.912589e-04 7.827284e-05 -1.229999e-01 3.825000e+00 0.000000e+00 5.000000e-01
5.571332e-04 6.858117e-05 -1.229999e-01 3.875000e+00 0.000000e+00 5.000000e-01
6.614098e-04 7.216937e-05 -1.229999e-01 3.925000e+00 0.000000e+00 5.000000e-01
5.611037e-04 6.353566e-05 -1.229999e-01 3.975000e+00 0.000000e+00 5.000000e-01
3.046653e-01 2.312723e-03 -1.029999e-01 2.500000e-02 0.000000e+00 5.000000e-01
1.595336e-01 1.653754e-03 -1.029999e-01 7.500000e-02 0.000000e+00 5.000000e-01
3.403576e-02 7.622076e-04 -1.029999e-01 1.250000e-01 0.000000e+00 5.000000e-01
9.224391e-03 3.984334e-04 -1.029999e-01 1.750000e-01 0.000000e+00 5.000000e-01
5.674925e-03 3.105185e-04 -1.029999e-01 2.250000e-01 0.000000e+00 5.000000e-01
2.240167e-03 1.935212e-04 -1.029999e-01 2.750000e-01 0.000000e+00 5.000000e-01
1.684719e-03 1.684721e-04 -1.029999e-01 3.250000e-01 0.000000e+00 5.000000e-01
8.477141e-04 1.198850e-04 -1.029999e-01 3.750000e-01 0.000000e+00 5.000000e-01
7.148869e-04 1.103096e-04 -1.029999e-01 4.250000e-01 0.000000e+00 5.000000e-01
3.760904e-04 8.018284e-05 -1.029999e-01 4.750000e-01 0.000000e+00 5.000000e-01
3.794353e-04 8.089593e-05 -1.029999e-01 5.250000e-01 0.000000e+00 5.000000e-01
3.825176e-04 8.155310e-05 -1.029999e-01 5.750000e-01 0.000000e+00 5.000000e-01
3.535102e-04 7.904738e-05 -1.029999e-01 6.250000e-01 0.000000e+00 5.000000e-01
6.534680e-04 1.089115e-04 -1.029999e-01 6.750000e-01 0.000000e+00 5.000000e-01
8.414836e-04 1.240701e-04 -1.029999e-01 7.250000e-01 0.000000e+00 5.000000e-01
6.913384e-04 1.121500e-04 -1.029999e-01 7.750000e-01 0.000000e+00 5.000000e-01
7.000416e-04 1.135619e-04 -1.029999e-01 8.250000e-01 0.000000e+00 5.000000e-01
5.942083e-04 1.050423e-04 -1.029999e-01 8.750000e-01 0.000000e+00 5.000000e-01
5.522669e-04 1.008298e-04 -1.029999e-01 9.250000e-01 0.000000e+00 5.000000e-01
5.116155e-04 9.668645e-05 -1.029999e-01 9.750000e-01 0.000000e+00 5.000000e-01
5.106410e-04 9.650220e-05 -1.029999e-01 1.025000e+00 0.000000e+00 5.000000e-01
9.003220e-04 1.273250e-04 -1.029999e-01 1.075000e+00 0.000000e+00 5.000000e-01
7.112364e-04 1.124565e-04 -1.029999e-01 1.125000e+00 0.000000e+00 5.000000e-01
5.693994e-04 1.006568e-04 -1.029999e-01 1.175000e+00 0.000000e+00 5.000000e-01
8.317998e-04 1.200602e-04 -1.029999e-01 1.225000e+00 0.000000e+00 5.000000e-01
7.354493e-04 1.108733e-04 -1.029999e-01 1.275000e+00 0.000000e+00 5.000000e-01
8.642706e-04 1.176125e-04 -1.029999e-01 1.325000e+00 0.000000e+00 5.000000e-01
8.653413e-04 1.156363e-04 -1.029999e-01 1.375000e+00 0.000000e+00 5.000000e-01
7.979658e-04 1.106582e-04 -1.029999e-01 1.425000e+00 0.000000e+00 5.000000e-01
9.095909e-04 1.174279e-04 -1.029999e-01 1.475000e+00 0.000000e+00 5.000000e-01
1.113592e-03 1.294527e-04 -1.029999e-01 1.525000e+00 0.000000e+00 5.000000e-01
1.265187e-03 1.380435e-04 -1.029999e-01 1.575000e+00 0.000000e+00 5.000000e-01
1.615241e-03 1.554271e-04 -1.029999e-01 1.625000e+00 0.000000e+00 5.000000e-01
1.156517e-03 1.309500e-04 -1.029999e-01 1.675000e+00 0.000000e+00 5.000000e-01
1.709641e-03 1.601230e-04 -1.029999e-01 1.725000e+00 0.000000e+00 5.000000e-01
1.587961e-03 1.557129e-04 -1.029999e-01 1.775000e+00 0.000000e+00 5.000000e-01
1.703648e-03 1.624370e-04 -1.029999e-01 1.825000e+00 0.000000e+00 5.000000e-01
1.702266e-03 1.623053e-04 -1.029999e-01 1.875000e+00 0.000000e+00 5.000000e-01
1.959124e-03 1.731643e-04 -1.029999e-01 1.925000e+00 0.000000e+00 5.000000e-01
2.035636e-03 1.758528e-04 -1.029999e-01 1.975000e+00 0.000000e+00 5.000000e-01
3.149361e-03 2.183697e-04 -1.029999e-01 2.025000e+00 0.000000e+00 5.000000e-01
3.542767e-03 2.306153e-04 -1.029999e-01 2.075000e+00 0.000000e+00 5.000000e-01
3.539846e-03 2.294552e-04 -1.029999e-01 2.125000e+00 0.000000e+00 5.000000e-01
2.805734e-03 2.035502e-04 -1.029999e-01 2.175000e+00 0.000000e+00 5.000000e-01
1.814304e-03 1.629300e-04 -1.029999e-01 2.225000e+00 0.000000e+00 5.000000e-01
1.342790e-03 1.399963e-04 -1.029999e-01 2.275000e+00 0.000000e+00 5.000000e-01
1.415505e-03 1.429882e-04 -1.029999e-01 2.325000e+00 0.000000e+00 5.000000e-01
1.631973e-03 1.528491e-04 -1.029999e-01 2.375000e+00 0.000000e+00 5.000000e-01
1.446195e-03 1.431954e-04 -1.029999e-01 2.425000e+00 0.000000e+00 5.000000e-01
1.428770e-03 1.414700e-04 -1.029999e-01 2.475000e+00 0.000000e+00 5.000000e-01
1.333812e-03 1.361325e-04 -1.029999e-01 2.525000e+00 0.000000e+00 5.000000e-01
1.137190e-03 1.255824e-04 -1.029999e-01 2.575000e+00 0.000000e+00 5.000000e-01
9.704873e-04 1.159960e-04 -1.029999e-01 2.625000e+00 0.000000e+00 5.000000e-01
1.169348e-03 1.275872e-04 -1.029999e-01 2.675000e+00 0.000000e+00 5.000000e-01
1.076090e-03 1.218441e-04 -1.029999e-01 2.725000e+00 0.000000e+00 5.000000e-01
1.039545e-03 1.192447e-04 -1.029999e-01 2.775000e+00 0.000000e+00 5.000000e-01
9.617243e-04 1.133410e-04 -1.029999e-01 2.825000e+00 0.000000e+00 5.000000e-01
9.526138e-04 1.122675e-04 -1.029999e-01 2.875000e+00 0.000000e+00 5.000000e-01
6.759696e-04 9.374084e-05 -1.029999e-01 2.925000e+00 0.000000e+00 5.000000e-01
6.423239e-04 8.907511e-05 -1.029999e-01 2.975000e+00 0.000000e+00 5.000000e-01
7.178778e-04 9.117137e-05 -1.029999e-01 3.025000e+00 0.000000e+00 5.000000e-01
6.219371e-04 8.311085e-05 -1.029999e-01 3.075000e+00 0.000000e+00 5.000000e-01
6.999182e-04 8.749077e-05 -1.029999e-01 3.125000e+00 0.000000e+00 5.000000e-01
6.880668e-04 8.600962e-05 -1.029999e-01 3.175000e+00 0.000000e+00 5.000000e-01
3.813054e-04 6.355162e-05 -1.029999e-01 3.225000e+00 0.000000e+00 5.000000e-01
6.480965e-04 8.230945e-05 -1.029999e-01 3.275000e+00 0.000000e+00 5.000000e-01
2.487092e-04 5.076811e-05 -1.029999e-01 3.325000e+00 0.000000e+00 5.000000e-01
5.539154e-04 7.537934e-05 -1.029999e-01 3.375000e+00 0.000000e+00 5.000000e-01
3.201978e-04 5.660403e-05 -1.029999e-01 3.425000e+00 0.000000e+00 5.000000e-01
3.848244e-04 6.084734e-05 -1.029999e-01 3.475000e+00 0.000000e+00 5.000000e-01
5.997341e-04 7.496838e-05 -1.029999e-01 3.525000e+00 0.000000e+00 5.000000e-01
3.318451e-04 5.530859e-05 -1.029999e-01 3.575000e+00 0.000000e+00 5.000000e-01
6.236754e-04 7.563381e-05 -1.029999e-01 3.625000e+00 0.000000e+00 5.000000e-01
4.740841e-04 6.574534e-05 -1.029999e-01 3.675000e+00 0.000000e+00 5.000000e-01
5.952607e-04 7.327397e-05 -1.029999e-01 3.725000e+00 0.000000e+00 5.000000e-01
6.224760e-04 7.440283e-05 -1.029999e-01 3.775000e+00 0.000000e+00 5.000000e-01
5.501445e-04 6.876993e-05 -1.029999e-01 3.825000e+00 0.000000e+00 5.000000e-01
5.006013e-04 6.357929e-05 -1.029999e-01 3.875000e+00 0.000000e+00 5.000000e-01
6.761109e-04 7.127163e-05 -1.029999e-01 3.925000e+00 0.000000e+00 5.000000e-01
5.789220e-04 6.316894e-05 -1.029999e-01 3.975000e+00 0.000000e+00 5.000000e-01
3.067848e-01 2.274292e-03 -8.299987e-02 2.500000e-02 0.000000e+00 5.000000e-01
1.608526e-01 1.656253e-03 -8.299987e-02 7.500000e-02 0.000000e+00 5.000000e-01
3.434938e-02 7.665446e-04 -8.299987e-02 1.250000e-01 0.000000e+00 5.000000e-01
8.178914e-03 3.725398e-04 -8.299987e-02 1.750000e-01 0.000000e+00 5.000000e-01
4.714636e-03 2.837881e-04 -8.299987e-02 2.250000e-01 0.000000e+00 5.000000e-01
2.401999e-03 2.044720e-04 -8.299987e-02 2.750000e-01 0.000000e+00 5.000000e-01
1.512562e-03 1.631040e-04 -8.299987e-02 3.250000e-01 0.000000e+00 5.000000e-01
9.590089e-04 1.305048e-04 -8.299987e-02 3.750000e-01 0.000000e+00 5.000000e-01
5.354850e-04 9.776585e-05 -8.299987e-02 4.250000e-01 0.000000e+00 5.000000e-01
6.109667e-04 1.047800e-04 -8.299987e-02 4.750000e-01 0.000000e+00 5.000000e-01
6.220685e-04 1.066840e-04 -8.299987e-02 5.250000e-01 0.000000e+00 5.000000e-01
6.733223e-04 1.122206e-04 -8.299987e-02 5.750000e-01 0.000000e+00 5.000000e-01
8.257894e-04 1.244926e-04 -8.299987e-02 6.250000e-01 0.000000e+00 5.000000e-01
1.000334e-03 1.361284e-04 -8.299987e-02 6.750000e-01 0.000000e+00 5.000000e-01
7.425635e-04 1.174098e-04 -8.299987e-02 7.250000e-01 0.000000e+00 5.000000e-01
7.128968e-04 1.156473e-04 -8.299987e-02 7.750000e-01 0.000000e+00 5.000000e-01
6.694352e-04 1.115727e-04 -8.299987e-02 8.250000e-01 0.000000e+00 5.000000e-01
8.085412e-04 1.218924e-04 -8.299987e-02 8.750000e-01 0.000000e+00 5.000000e-01
6.214308e-04 1.065747e-04 -8.299987e-02 9.250000e-01 0.000000e+00 5.000000e-01
6.917714e-04 1.122203e-04 -8.299987e-02 9.750000e-01 0.000000e+00 5.000000e-01
5.770795e-04 1.020144e-04 -8.299987e-02 1.025000e+00 0.000000e+00 5.000000e-01
8.263282e-04 1.218357e-04 -8.299987e-02 1.075000e+00 0.000000e+00 5.000000e-01
8.666719e-04 1.250935e-04 -8.299987e-02 1.125000e+00 0.000000e+00 5.000000e-01
8.635886e-04 1.246486e-04 -8.299987e-02 1.175000e+00 0.000000e+00 5.000000e-01
6.022533e-04 1.032859e-04 -8.299987e-02 1.225000e+00 0.000000e+00 5.000000e-01
1.199124e-03 1.454154e-04 -8.299987e-02 1.275000e+00 0.000000e+00 5.000000e-01
1.059355e-03 1.367625e-04 -8.299987e-02 1.325000e+00 0.000000e+00 5.000000e-01
8.371332e-04 1.208301e-04 -8.299987e-02 1.375000e+00 0.000000e+00 5.000000e-01
7.683200e-04 1.132828e-04 -8.299987e-02 1.425000e+00 0.000000e+00 5.000000e-01
9.697548e-04 1.251952e-04 -8.299987e-02 1.475000e+00 0.000000e+00 5.000000e-01
1.291123e-03 1.425810e-04 -8.299987e-02 1.525000e+00 0.000000e+00 5.000000e-01
1.306598e-03 1.408944e-04 -8.299987e-02 1.575000e+00 0.000000e+00 5.000000e-01
1.311185e-03 1.397732e-04 -8.299987e-02 1.625000e+00 0.000000e+00 5.000000e-01
1.273526e-03 1.373283e-04 -8.299987e-02 1.675000e+00 0.000000e+00 5.000000e-01
1.511343e-03 1.496456e-04 -8.299987e-02 1.725000e+00 0.000000e+00 5.000000e-01
1.676143e-03 1.569856e-04 -8.299987e-02 1.775000e+00 0.000000e+00 5.000000e-01
1.768770e-03 1.601374e-04 -8.299987e-02 1.825000e+00 0.000000e+00 5.000000e-01
1.558472e-03 1.499644e-04 -8.299987e-02 1.875000e+00 0.000000e+00 5.000000e-01
2.229532e-03 1.808396e-04 -8.299987e-02 1.925000e+00 0.000000e+00 5.000000e-01
2.885380e-03 2.071590e-04 -8.299987e-02 1.975000e+00 0.000000e+00 5.000000e-01
2.907494e-03 2.087467e-04 -8.299987e-02 2.025000e+00 0.000000e+00 5.000000e-01
3.358763e-03 2.234225e-04 -8.299987e-02 2.075000e+00 0.000000e+00 5.000000e-01
3.252099e-03 2.192575e-04 -8.299987e-02 2.125000e+00 0.000000e+00 5.000000e-01
2.129141e-03 1.774292e-04 -8.299987e-02 2.175000e+00 0.000000e+00 5.000000e-01
2.094835e-03 1.757953e-04 -8.299987e-02 2.225000e+00 0.000000e+00 5.000000e-01
1.635017e-03 1.544951e-04 -8.299987e-02 2.275000e+00 0.000000e+00 5.000000e-01
1.903926e-03 1.657164e-04 -8.299987e-02 2.325000e+00 0.000000e+00 5.000000e-01
1.312923e-03 1.368823e-04 -8.299987e-02 2.375000e+00 0.000000e+00 5.000000e-01
1.468253e-03 1.439749e-04 -8.299987e-02 2.425000e+00 0.000000e+00 5.000000e-01
1.518417e-03 1.461107e-04 -8.299987e-02 2.475000e+00 0.000000e+00 5.000000e-01
1.372824e-03 1.386769e-04 -8.299987e-02 2.525000e+00 0.000000e+00 5.000000e-01
9.941939e-04 1.171677e-04 -8.299987e-02 2.575000e+00 0.000000e+00 5.000000e-01
1.208323e-03 1.288084e-04 -8.299987e-02 2.625000e+00 0.000000e+00 5.000000e-01
1.110793e-03 1.226675e-04 -8.299987e-02 2.675000e+00 0.000000e+00 5.000000e-01
1.419065e-03 1.378329e-04 -8.299987e-02 2.725000e+00 0.000000e+00 5.000000e-01
9.650786e-04 1.137365e-04 -8.299987e-02 2.775000e+00 0.000000e+00 5.000000e-01
1.046769e-03 1.155973e-04 -8.299987e-02 2.825000e+00 0.000000e+00 5.000000e-01
1.214812e-03 1.214820e-04 -8.299987e-02 2.875000e+00 0.000000e+00 5.000000e-01
8.085931e-04 9.664617e-05 -8.299987e-02 2.925000e+00 0.000000e+00 5.000000e-01
1.015675e-03 1.070626e-04 -8.299987e-02 2.975000e+00 0.000000e+00 5.000000e-01
8.021884e-04 9.453955e-05 -8.299987e-02 3.025000e+00 0.000000e+00 5.000000e-01
7.050250e-04 8.812899e-05 -8.299987e-02 3.075000e+00 0.000000e+00 5.000000e-01
6.288676e-04 8.257536e-05 -8.299987e-02 3.125000e+00 0.000000e+00 5.000000e-01
9.379421e-04 1.011419e-04 -8.299987e-02 3.175000e+00 0.000000e+00 5.000000e-01
6.746125e-04 8.567694e-05 -8.299987e-02 3.225000e+00 0.000000e+00 5.000000e-01
5.280971e-04 7.622528e-05 -8.299987e-02 3.275000e+00 0.000000e+00 5.000000e-01
6.006103e-04 8.026101e-05 -8.299987e-02 3.325000e+00 0.000000e+00 5.000000e-01
5.458866e-04 7.570201e-05 -8.299987e-02 3.375000e+00 0.000000e+00 5.000000e-01
5.504466e-04 7.490739e-05 -8.299987e-02 3.425000e+00 0.000000e+00 5.000000e-01
2.946756e-04 5.380073e-05 -8.299987e-02 3.475000e+00 0.000000e+00 5.000000e-01
4.521701e-04 6.526695e-05 -8.299987e-02 3.525000e+00 0.000000e+00 5.000000e-01
3.992615e-04 6.019218e-05 -8.299987e-02 3.575000e+00 0.000000e+00 5.000000e-01
5.083029e-04 6.674507e-05 -8.299987e-02 3.625000e+00 0.000000e+00 5.000000e-01
3.270497e-04 5.305560e-05 -8.299987e-02 3.675000e+00 0.000000e+00 5.000000e-01
5.414778e-04 6.768639e-05 -8.299987e-02 3.725000e+00 0.000000e+00 5.000000e-01
4.438854e-04 6.040693e-05 -8.299987e-02 3.775000e+00 0.000000e+00 5.000000e-01
5.068299e-04 6.335625e-05 -8.299987e-02 3.825000e+00 0.000000e+00 5.000000e-01
6.248431e-04 6.900424e-05 -8.299987e-02 3.875000e+00 0.000000e+00 5.000000e-01
6.448468e-04 6.797674e-05 -8.299987e-02 3.925000e+00 0.000000e+00 5.000000e-01
6.632606e-04 6.632941e-05 -8.299987e-02 3.975000e+00 0.000000e+00 5.000000e-01
3.206048e-01 2.373616e-03 -6.299986e-02 2.500000e-02 0.000000e+00 5.000000e-01
1.617604e-01 1.678100e-03 -6.299986e-02 7.500000e-02 0.000000e+00 5.000000e-01
3.303100e-02 7.630226e-04 -6.299986e-02 1.250000e-01 0.000000e+00 5.000000e-01
9.278030e-03 4.100353e-04 -6.299986e-02 1.750000e-01 0.000000e+00 5.000000e-01
5.620713e-03 3.202702e-04 -6.299986e-02 2.250000e-01 0.000000e+00 5.000000e-01
2.384734e-03 2.091552e-04 -6.299986e-02 2.750000e-01 0.000000e+00 5.000000e-01
7.420498e-04 1.173285e-04 -6.299986e-02 3.250000e-01 0.000000e+00 5.000000e-01
7.864749e-04 1.213559e-04 -6.299986e-02 3.750000e-01 0.000000e+00 5.000000e-01
7.189803e-04 1.166342e-04 -6.299986e-02 4.250000e-01 0.000000e+00 5.000000e-01
4.953398e-04 9.714421e-05 -6.299986e-02 4.750000e-01 0.000000e+00 5.000000e-01
6.420938e-04 1.101183e-04 -6.299986e-02 5.250000e-01 0.000000e+00 5.000000e-01
3.328424e-04 7.845182e-05 -6.299986e-02 5.750000e-01 0.000000e+00 5.000000e-01
4.482135e-04 9.149127e-05 -6.299986e-02 6.250000e-01 0.000000e+00 5.000000e-01
7.585982e-04 1.199451e-04 -6.299986e-02 6.750000e-01 0.000000e+00 5.000000e-01
4.131690e-04 8.808806e-05 -6.299986e-02 7.250000e-01 0.000000e+00 5.000000e-01
5.161689e-04 9.754685e-05 -6.299986e-02 7.750000e-01 0.000000e+00 5.000000e-01
2.939345e-04 7.348373e-05 -6.299986e-02 8.250000e-01 0.000000e+00 5.000000e-01
6.973799e-04 1.131301e-04 -6.299986e-02 8.750000e-01 0.000000e+00 5.000000e-01
6.556908e-04 1.092820e-04 -6.299986e-02 9.250000e-01 0.000000e+00 5.000000e-01
7.673775e-04 1.184091e-04 -6.299986e-02 9.750000e-01 0.000000e+00 5.000000e-01
5.122075e-04 9.679838e-05 -6.299986e-02 1.025000e+00 0.000000e+00 5.000000e-01
8.651393e-04 1.248723e-04 -6.299986e-02 1.075000e+00 0.000000e+00 5.000000e-01
6.688518e-04 1.085023e-04 -6.299986e-02 1.125000e+00 0.000000e+00 5.000000e-01
5.988266e-04 1.026981e-04 -6.299986e-02 1.175000e+00 0.000000e+00 5.000000e-01
1.032672e-03 1.355968e-04 -6.299986e-02 1.225000e+00 0.000000e+00 5.000000e-01
8.207797e-04 1.210176e-04 -6.299986e-02 1.275000e+00 0.000000e+00 5.000000e-01
8.504271e-04 1.227489e-04 -6.299986e-02 1.325000e+00 0.000000e+00 5.000000e-01
7.416602e-04 1.144408e-04 -6.299986e-02 1.375000e+00 0.000000e+00 5.000000e-01
9.474402e-04 1.289305e-04 -6.299986e-02 1.425000e+00 0.000000e+00 5.000000e-01
1.002055e-03 1.315766e-04 -6.299986e-02 1.475000e+00 0.000000e+00 5.000000e-01
1.188315e-03 1.420311e-04 -6.299986e-02 1.525000e+00 0.000000e+00 5.000000e-01
1.073578e-03 1.341976e-04 -6.299986e-02 1.575000e+00 0.000000e+00 5.000000e-01
1.170369e-03 1.379296e-04 -6.299986e-02 1.625000e+00 0.000000e+00 5.000000e-01
1.461349e-03 1.507270e-04 -6.299986e-02 1.675000e+00 0.000000e+00 5.000000e-01
1.788079e-03 1.632289e-04 -6.299986e-02 1.725000e+00 0.000000e+00 5.000000e-01
1.525469e-03 1.495850e-04 -6.299986e-02 1.775000e+00 0.000000e+00 5.000000e-01
1.672539e-03 1.566480e-04 -6.299986e-02 1.825000e+00 0.000000e+00 5.000000e-01
1.863304e-03 1.646949e-04 -6.299986e-02 1.875000e+00 0.000000e+00 5.000000e-01
2.268055e-03 1.804375e-04 -6.299986e-02 1.925000e+00 0.000000e+00 5.000000e-01
2.531532e-03 1.897471e-04 -6.299986e-02 1.975000e+00 0.000000e+00 5.000000e-01
3.522172e-03 2.236590e-04 -6.299986e-02 2.025000e+00 0.000000e+00 5.000000e-01
2.996042e-03 2.077388e-04 -6.299986e-02 2.075000e+00 0.000000e+00 5.000000e-01
3.432725e-03 2.234522e-04 -6.299986e-02 2.125000e+00 0.000000e+00 5.000000e-01
2.714816e-03 1.990607e-04 -6.299986e-02 2.175000e+00 0.000000e+00 5.000000e-01
1.593763e-03 1.519599e-04 -6.299986e-02 2.225000e+00 0.000000e+00 5.000000e-01
1.670662e-03 1.551179e-04 -6.299986e-02 2.275000e+00 0.000000e+00 5.000000e-01
1.348837e-03 1.391227e-04 -6.299986e-02 2.325000e+00 0.000000e+00 5.000000e-01
1.461067e-03 1.446680e-04 -6.299986e-02 2.375000e+00 0.000000e+00 5.000000e-01
1.368350e-03 1.396573e-04 -6.299986e-02 2.425000e+00 0.000000e+00 5.000000e-01
1.364827e-03 1.392977e-04 -6.299986e-02 2.475000e+00 0.000000e+00 5.000000e-01
1.418836e-03 1.404864e-04 -6.299986e-02 2.525000e+00 0.000000e+00 5.000000e-01
1.550385e-03 1.452078e-04 -6.299986e-02 2.575000e+00 0.000000e+00 5.000000e-01
1.108517e-03 1.224159e-04 -6.299986e-02 2.625000e+00 0.000000e+00 5.000000e-01
1.281013e-03 1.294025e-04 -6.299986e-02 2.675000e+00 0.000000e+00 5.000000e-01
9.717019e-04 1.100243e-04 -6.299986e-02 2.725000e+00 0.000000e+00 5.000000e-01
1.235717e-03 1.211728e-04 -6.299986e-02 2.775000e+00 0.000000e+00 5.000000e-01
8.157451e-04 9.750099e-05 -6.299986e-02 2.825000e+00 0.000000e+00 5.000000e-01
1.061838e-03 1.107052e-04 -6.299986e-02 2.875000e+00 0.000000e+00 5.000000e-01
8.305014e-04 9.787625e-05 -6.299986e-02 2.925000e+00 0.000000e+00 5.000000e-01
7.107355e-04 9.026429e-05 -6.299986e-02 2.975000e+00 0.000000e+00 5.000000e-01
9.964190e-04 1.062196e-04 -6.299986e-02 3.025000e+00 0.000000e+00 5.000000e-01
8.224652e-04 9.692957e-05 -6.299986e-02 3.075000e+00 0.000000e+00 5.000000e-01
6.152066e-04 8.372006e-05 -6.299986e-02 3.125000e+00 0.000000e+00 5.000000e-01
7.881682e-04 9.420511e-05 -6.299986e-02 3.175000e+00 0.000000e+00 5.000000e-01
5.097173e-04 7.515449e-05 -6.299986e-02 3.225000e+00 0.000000e+00 5.000000e-01
6.519600e-04 8.416882e-05 -6.299986e-02 3.275000e+00 0.000000e+00 5.000000e-01
4.090327e-04 6.635503e-05 -6.299986e-02 3.325000e+00 0.000000e+00 5.000000e-01
5.647004e-04 7.684681e-05 -6.299986e-02 3.375000e+00 0.000000e+00 5.000000e-01
3.884364e-04 6.301387e-05 -6.299986e-02 3.425000e+00 0.000000e+00 5.000000e-01
2.999565e-04 5.476567e-05 -6.299986e-02 3.475000e+00 0.000000e+00 5.000000e-01
5.409021e-04 7.228255e-05 -6.299986e-02 3.525000e+00 0.000000e+00 5.000000e-01
2.590643e-04 4.895958e-05 -6.299986e-02 3.575000e+00 0.000000e+00 5.000000e-01
4.566098e-04 6.332171e-05 -6.299986e-02 3.625000e+00 0.000000e+00 5.000000e-01
5.313372e-04 6.641892e-05 -6.299986e-02 3.675000e+00 0.000000e+00 5.000000e-01
4.444652e-04 5.939557e-05 -6.299986e-02 3.725000e+00 0.000000e+00 5.000000e-01
3.827717e-04 5.413413e-05 -6.299986e-02 3.775000e+00 0.000000e+00 5.000000e-01
6.487361e-04 6.915798e-05 -6.299986e-02 3.825000e+00 0.000000e+00 5.000000e-01
5.805714e-04 6.411531e-05 -6.299986e-02 3.875000e+00 0.000000e+00 5.000000e-01
5.810826e-04 6.266315e-05 -6.299986e-02 3.925000e+00 0.000000e+00 5.000000e-01
8.422722e-04 7.276555e-05 -6.299986e-02 3.975000e+00 0.000000e+00 5.000000e-01
3.202410e-01 2.442101e-03 -4.299985e-02 2.500000e-02 0.000000e+00 5.000000e-01
1.681966e-01 1.789530e-03 -4.299985e-02 7.500000e-02 0.000000e+00 5.000000e-01
3.225480e-02 7.790930e-04 -4.299985e-02 1.250000e-01 0.000000e+00 5.000000e-01
8.786857e-03 4.079200e-04 -4.299985e-02 1.750000e-01 0.000000e+00 5.000000e-01
4.771419e-03 3.029858e-04 -4.299985e-02 2.250000e-01 0.000000e+00 5.000000e-01
2.240153e-03 2.079932e-04 -4.299985e-02 2.750000e-01 0.000000e+00 5.000000e-01
1.688156e-03 1.799582e-04 -4.299985e-02 3.250000e-01 0.000000e+00 5.000000e-01
9.185175e-04 1.325767e-04 -4.299985e-02 3.750000e-01 0.000000e+00 5.000000e-01
7.871791e-04 1.214645e-04 -4.299985e-02 4.250000e-01 0.000000e+00 5.000000e-01
6.375726e-04 1.093430e-04 -4.299985e-02 4.750000e-01 0.000000e+00 5.000000e-01
7.624130e-04 1.205483e-04 -4.299985e-02 5.250000e-01 0.000000e+00 5.000000e-01
6.443612e-04 1.105072e-04 -4.299985e-02 5.750000e-01 0.000000e+00 5.000000e-01
8.891847e-04 1.283429e-04 -4.299985e-02 6.250000e-01 0.000000e+00 5.000000e-01
7.373036e-04 1.165780e-04 -4.299985e-02 6.750000e-01 0.000000e+00 5.000000e-01
9.355973e-04 1.323136e-04 -4.299985e-02 7.250000e-01 0.000000e+00 5.000000e-01
9.762824e-04 1.353863e-04 -4.299985e-02 7.750000e-01 0.000000e+00 5.000000e-01
7.009833e-04 1.137146e-04 -4.299985e-02 8.250000e-01 0.000000e+00 5.000000e-01
3.300565e-04 7.779523e-05 -4.299985e-02 8.750000e-01 0.000000e+00 5.000000e-01
6.586444e-04 1.097742e-04 -4.299985e-02 9.250000e-01 0.000000e+00 5.000000e-01
6.091235e-04 1.044640e-04 -4.299985e-02 9.750000e-01 0.000000e+00 5.000000e-01
6.483580e-04 1.080598e-04 -4.299985e-02 1.025000e+00 0.000000e+00 5.000000e-01
9.483025e-04 1.315061e-04 -4.299985e-02 1.075000e+00 0.000000e+00 5.000000e-01
7.239268e-04 1.144631e-04 -4.299985e-02 1.125000e+00 0.000000e+00 5.000000e-01
9.184525e-04 1.273667e-04 -4.299985e-02 1.175000e+00 0.000000e+00 5.000000e-01
8.447849e-04 1.219344e-04 -4.299985e-02 1.225000e+00 0.000000e+00 5.000000e-01
8.454492e-04 1.220303e-04 -4.299985e-02 1.275000e+00 0.000000e+00 5.000000e-01
6.670945e-04 1.082174e-04 -4.299985e-02 1.325000e+00 0.000000e+00 5.000000e-01
7.973979e-04 1.175701e-04 -4.299985e-02 1.375000e+00 0.000000e+00 5.000000e-01
8.728811e-04 1.234444e-04 -4.299985e-02 1.425000e+00 0.000000e+00 5.000000e-01
1.019526e-03 1.338707e-04 -4.299985e-02 1.475000e+00 0.000000e+00 5.000000e-01
6.640774e-04 1.077278e-04 -4.299985e-02 1.525000e+00 0.000000e+00 5.000000e-01
1.259318e-03 1.463931e-04 -4.299985e-02 1.575000e+00 0.000000e+00 5.000000e-01
1.148905e-03 1.393255e-04 -4.299985e-02 1.625000e+00 0.000000e+00 5.000000e-01
1.655686e-03 1.672501e-04 -4.299985e-02 1.675000e+00 0.000000e+00 5.000000e-01
1.387905e-03 1.532690e-04 -4.299985e-02 1.725000e+00 0.000000e+00 5.000000e-01
1.563712e-03 1.595961e-04 -4.299985e-02 1.775000e+00 0.000000e+00 5.000000e-01
1.495283e-03 1.526122e-04 -4.299985e-02 1.825000e+00 0.000000e+00 5.000000e-01
2.274697e-03 1.845030e-04 -4.299985e-02 1.875000e+00 0.000000e+00 5.000000e-01
1.738727e-03 1.587240e-04 -4.299985e-02 1.925000e+00 0.000000e+00 5.000000e-01
2.200165e-03 1.772951e-04 -4.299985e-02 1.975000e+00 0.000000e+00 5.000000e-01
2.573744e-03 1.897396e-04 -4.299985e-02 2.025000e+00 0.000000e+00 5.000000e-01
3.310566e-03 2.145928e-04 -4.299985e-02 2.075000e+00 0.000000e+00 5.000000e-01
3.425906e-03 2.184288e-04 -4.299985e-02 2.125000e+00 0.000000e+00 5.000000e-01
2.838229e-03 1.987165e-04 -4.299985e-02 2.175000e+00 0.000000e+00 5.000000e-01
2.125943e-03 1.724375e-04 -4.299985e-02 2.225000e+00 0.000000e+00 5.000000e-01
1.997254e-03 1.676066e-04 -4.299985e-02 2.275000e+00 0.000000e+00 5.000000e-01
1.617937e-03 1.515344e-04 -4.299985e-02 2.325000e+00 0.000000e+00 5.000000e-01
1.518894e-03 1.475286e-04 -4.299985e-02 2.375000e+00 0.000000e+00 5.000000e-01
1.613789e-03 1.511460e-04 -4.299985e-02 2.425000e+00 0.000000e+00 5.000000e-01
1.339925e-03 1.367564e-04 -4.299985e-02 2.475000e+00 0.000000e+00 5.000000e-01
1.427228e-03 1.386253e-04 -4.299985e-02 2.525000e+00 0.000000e+00 5.000000e-01
1.417313e-03 1.351363e-04 -4.299985e-02 2.575000e+00 0.000000e+00 5.000000e-01
1.253310e-03 1.240968e-04 -4.299985e-02 2.625000e+00 0.000000e+00 5.000000e-01
9.997193e-04 1.090789e-04 -4.299985e-02 2.675000e+00 0.000000e+00 5.000000e-01
1.009830e-03 1.088936e-04 -4.299985e-02 2.725000e+00 0.000000e+00 5.000000e-01
7.965923e-04 9.660156e-05 -4.299985e-02 2.775000e+00 0.000000e+00 5.000000e-01
8.744296e-04 1.003045e-04 -4.299985e-02 2.825000e+00 0.000000e+00 5.000000e-01
8.088140e-04 9.667241e-05 -4.299985e-02 2.875000e+00 0.000000e+00 5.000000e-01
9.887482e-04 1.066202e-04 -4.299985e-02 2.925000e+00 0.000000e+00 5.000000e-01
7.759275e-04 9.551097e-05 -4.299985e-02 2.975000e+00 0.000000e+00 5.000000e-01
8.865301e-04 1.016931e-04 -4.299985e-02 3.025000e+00 0.000000e+00 5.000000e-01
7.186304e-04 9.126699e-05 -4.299985e-02 3.075000e+00 0.000000e+00 5.000000e-01
4.865908e-04 7.508328e-05 -4.299985e-02 3.125000e+00 0.000000e+00 5.000000e-01
7.251605e-04 9.064621e-05 -4.299985e-02 3.175000e+00 0.000000e+00 5.000000e-01
4.676523e-04 7.216155e-05 -4.299985e-02 3.225000e+00 0.000000e+00 5.000000e-01
3.488516e-04 6.166957e-05 -4.299985e-02 3.275000e+00 0.000000e+00 5.000000e-01
6.162991e-04 8.092487e-05 -4.299985e-02 3.325000e+00 0.000000e+00 5.000000e-01
3.965263e-04 6.432620e-05 -4.299985e-02 3.375000e+00 0.000000e+00 5.000000e-01
4.928012e-04 7.113150e-05 -4.299985e-02 3.425000e+00 0.000000e+00 5.000000e-01
4.968651e-04 7.026891e-05 -4.299985e-02 3.475000e+00 0.000000e+00 5.000000e-01
4.853406e-04 6.863878e-05 -4.299985e-02 3.525000e+00 0.000000e+00 5.000000e-01
5.375658e-04 7.058729e-05 -4.299985e-02 3.575000e+00 0.000000e+00 5.000000e-01
3.882925e-04 5.853870e-05 -4.299985e-02 3.625000e+00 0.000000e+00 5.000000e-01
3.666831e-04 5.528113e-05 -4.299985e-02 3.675000e+00 0.000000e+00 5.000000e-01
4.524595e-04 5.941284e-05 -4.299985e-02 3.725000e+00 0.000000e+00 5.000000e-01
5.025651e-04 6.094722e-05 -4.299985e-02 3.775000e+00 0.000000e+00 5.000000e-01
5.651235e-04 6.318572e-05 -4.299985e-02 3.825000e+00 0.000000e+00 5.000000e-01
5.811665e-04 6.267178e-05 -4.299985e-02 3.875000e+00 0.000000e+00 5.000000e-01
6.343987e-04 6.344269e-05 -4.299985e-02 3.925000e+00 0.000000e+00 5.000000e-01
5.839346e-04 5.839676e-05 -4.299985e-02 3.975000e+00 0.000000e+00 5.000000e-01
3.122101e-01 2.454776e-03 -2.299984e-02 2.500000e-02 0.000000e+00 5.000000e-01
1.620999e-01 1.792283e-03 -2.299984e-02 7.500000e-02 0.000000e+00 5.000000e-01
3.304877e-02 8.020232e-04 -2.299984e-02 1.250000e-01 0.000000e+00 5.000000e-01
8.895306e-03 4.138476e-04 -2.299984e-02 1.750000e-01 0.000000e+00 5.000000e-01
4.927828e-03 3.079896e-04 -2.299984e-02 2.250000e-01 0.000000e+00 5.000000e-01
2.977299e-03 2.383749e-04 -2.299984e-02 2.750000e-01 0.000000e+00 5.000000e-01
1.037454e-03 1.411798e-04 -2.299984e-02 3.250000e-01 0.000000e+00 5.000000e-01
8.051239e-04 1.242335e-04 -2.299984e-02 3.750000e-01 0.000000e+00 5.000000e-01
6.474101e-04 1.110301e-04 -2.299984e-02 4.250000e-01 0.000000e+00 5.000000e-01
5.187312e-04 9.803111e-05 -2.299984e-02 4.750000e-01 0.000000e+00 5.000000e-01
2.985011e-04 7.462537e-05 -2.299984e-02 5.250000e-01 0.000000e+00 5.000000e-01
6.490875e-04 1.113177e-04 -2.299984e-02 5.750000e-01 0.000000e+00 5.000000e-01
6.040380e-04 1.067800e-04 -2.299984e-02 6.250000e-01 0.000000e+00 5.000000e-01
7.387571e-04 1.168079e-04 -2.299984e-02 6.750000e-01 0.000000e+00 5.000000e-01
2.956802e-04 7.392013e-05 -2.299984e-02 7.250000e-01 0.000000e+00 5.000000e-01
6.665398e-04 1.110901e-04 -2.299984e-02 7.750000e-01 0.000000e+00 5.000000e-01
5.593190e-04 1.021174e-04 -2.299984e-02 8.250000e-01 0.000000e+00 5.000000e-01
6.603456e-04 1.100577e-04 -2.299984e-02 8.750000e-01 0.000000e+00 5.000000e-01
8.802741e-04 1.270568e-04 -2.299984e-02 9.250000e-01 0.000000e+00 5.000000e-01
6.566506e-04 1.094419e-04 -2.299984e-02 9.750000e-01 0.000000e+00 5.000000e-01
6.719122e-04 1.089988e-04 -2.299984e-02 1.025000e+00 0.000000e+00 5.000000e-01
5.670994e-04 1.002502e-04 -2.299984e-02 1.075000e+00 0.000000e+00 5.000000e-01
7.268791e-04 1.149299e-04 -2.299984e-02 1.125000e+00 0.000000e+00 5.000000e-01
9.370100e-04 1.299401e-04 -2.299984e-02 1.175000e+00 0.000000e+00 5.000000e-01
6.721637e-04 1.090396e-04 -2.299984e-02 1.225000e+00 0.000000e+00 5.000000e-01
8.136279e-04 1.199632e-04 -2.299984e-02 1.275000e+00 0.000000e+00 5.000000e-01
1.201210e-03 1.456684e-04 -2.299984e-02 1.325000e+00 0.000000e+00 5.000000e-01
7.660255e-04 1.154829e-04 -2.299984e-02 1.375000e+00 0.000000e+00 5.000000e-01
8.856054e-04 1.228117e-04 -2.299984e-02 1.425000e+00 0.000000e+00 5.000000e-01
1.090563e-03 1.363206e-04 -2.299984e-02 1.475000e+00 0.000000e+00 5.000000e-01
1.075841e-03 1.366324e-04 -2.299984e-02 1.525000e+00 0.000000e+00 5.000000e-01
9.740943e-04 1.301692e-04 -2.299984e-02 1.575000e+00 0.000000e+00 5.000000e-01
1.258140e-03 1.462561e-04 -2.299984e-02 1.625000e+00 0.000000e+00 5.000000e-01
1.082279e-03 1.352853e-04 -2.299984e-02 1.675000e+00 0.000000e+00 5.000000e-01
1.390031e-03 1.535037e-04 -2.299984e-02 1.725000e+00 0.000000e+00 5.000000e-01
1.798036e-03 1.746413e-04 -2.299984e-02 1.775000e+00 0.000000e+00 5.000000e-01
2.062212e-03 1.851927e-04 -2.299984e-02 1.825000e+00 0.000000e+00 5.000000e-01
2.076955e-03 1.850304e-04 -2.299984e-02 1.875000e+00 0.000000e+00 5.000000e-01
2.224162e-03 1.907210e-04 -2.299984e-02 1.925000e+00 0.000000e+00 5.000000e-01
1.988351e-03 1.771371e-04 -2.299984e-02 1.975000e+00 0.000000e+00 5.000000e-01
3.307116e-03 2.239869e-04 -2.299984e-02 2.025000e+00 0.000000e+00 5.000000e-01
3.761870e-03 2.315280e-04 -2.299984e-02 2.075000e+00 0.000000e+00 5.000000e-01
2.954045e-03 2.028854e-04 -2.299984e-02 2.125000e+00 0.000000e+00 5.000000e-01
2.813621e-03 1.979666e-04 -2.299984e-02 2.175000e+00 0.000000e+00 5.000000e-01
1.986108e-03 1.666711e-04 -2.299984e-02 2.225000e+00 0.000000e+00 5.000000e-01
1.814062e-03 1.591044e-04 -2.299984e-02 2.275000e+00 0.000000e+00 5.000000e-01
1.343640e-03 1.343647e-04 -2.299984e-02 2.325000e+00 0.000000e+00 5.000000e-01
1.369406e-03 1.317718e-04 -2.299984e-02 2.375000e+00 0.000000e+00 5.000000e-01
8.444434e-04 1.024043e-04 -2.299984e-02 2.425000e+00 0.000000e+00 5.000000e-01
1.517189e-03 1.362483e-04 -2.299984e-02 2.475000e+00 0.000000e+00 5.000000e-01
1.267441e-03 1.254961e-04 -2.299984e-02 2.525000e+00 0.000000e+00 5.000000e-01
1.479102e-03 1.350238e-04 -2.299984e-02 2.575000e+00 0.000000e+00 5.000000e-01
1.133719e-03 1.169350e-04 -2.299984e-02 2.625000e+00 0.000000e+00 5.000000e-01
9.902439e-04 1.093548e-04 -2.299984e-02 2.675000e+00 0.000000e+00 5.000000e-01
1.141635e-03 1.177513e-04 -2.299984e-02 2.725000e+00 0.000000e+00 5.000000e-01
1.059886e-03 1.129853e-04 -2.299984e-02 2.775000e+00 0.000000e+00 5.000000e-01
1.141850e-03 1.177739e-04 -2.299984e-02 2.825000e+00 0.000000e+00 5.000000e-01
1.273240e-03 1.248524e-04 -2.299984e-02 2.875000e+00 0.000000e+00 5.000000e-01
6.268366e-04 8.692739e-05 -2.299984e-02 2.925000e+00 0.000000e+00 5.000000e-01
1.078170e-03 1.136504e-04 -2.299984e-02 2.975000e+00 0.000000e+00 5.000000e-01
7.598454e-04 9.498161e-05 -2.299984e-02 3.025000e+00 0.000000e+00 5.000000e-01
5.382141e-04 7.935605e-05 -2.299984e-02 3.075000e+00 0.000000e+00 5.000000e-01
5.553160e-04 8.015354e-05 -2.299984e-02 3.125000e+00 0.000000e+00 5.000000e-01
5.448925e-04 7.864966e-05 -2.299984e-02 3.175000e+00 0.000000e+00 5.000000e-01
5.793724e-04 8.034557e-05 -2.299984e-02 3.225000e+00 0.000000e+00 5.000000e-01
5.687408e-04 7.887103e-05 -2.299984e-02 3.275000e+00 0.000000e+00 5.000000e-01
4.246000e-04 6.713628e-05 -2.299984e-02 3.325000e+00 0.000000e+00 5.000000e-01
4.415389e-04 6.813162e-05 -2.299984e-02 3.375000e+00 0.000000e+00 5.000000e-01
4.049579e-04 6.403077e-05 -2.299984e-02 3.425000e+00 0.000000e+00 5.000000e-01
3.142943e-04 5.556063e-05 -2.299984e-02 3.475000e+00 0.000000e+00 5.000000e-01
4.202814e-04 6.336103e-05 -2.299984e-02 3.525000e+00 0.000000e+00 5.000000e-01
3.114497e-04 5.341459e-05 -2.299984e-02 3.575000e+00 0.000000e+00 5.000000e-01
4.755154e-04 6.471107e-05 -2.299984e-02 3.625000e+00 0.000000e+00 5.000000e-01
2.505466e-04 4.574468e-05 -2.299984e-02 3.675000e+00 0.000000e+00 5.000000e-01
4.913401e-04 6.240252e-05 -2.299984e-02 3.725000e+00 0.000000e+00 5.000000e-01
5.361763e-04 6.319124e-05 -2.299984e-02 3.775000e+00 0.000000e+00 5.000000e-01
6.107590e-04 6.510946e-05 -2.299984e-02 3.825000e+00 0.000000e+00 5.000000e-01
5.594094e-04 6.032492e-05 -2.299984e-02 3.875000e+00 0.000000e+00 5.000000e-01
5.171569e-04 5.576894e-05 -2.299984e-02 3.925000e+00 0.000000e+00 5.000000e-01
5.264558e-04 5.430251e-05 -2.299984e-02 3.975000e+00 0.000000e+00 5.000000e-01
3.096841e-01 2.447047e-03 -2.999827e-03 2.500000e-02 0.000000e+00 5.000000e-01
1.610657e-01 1.776509e-03 -2.999827e-03 7.500000e-02 0.000000e+00 5.000000e-01
3.292650e-02 8.042831e-04 -2.999827e-03 1.250000e-01 0.000000e+00 5.000000e-01
8.202104e-03 3.973937e-04 -2.999827e-03 1.750000e-01 0.000000e+00 5.000000e-01
5.304232e-03 3.192776e-04 -2.999827e-03 2.250000e-01 0.000000e+00 5.000000e-01
2.182179e-03 2.043800e-04 -2.999827e-03 2.750000e-01 0.000000e+00 5.000000e-01
1.220870e-03 1.526090e-04 -2.999827e-03 3.250000e-01 0.000000e+00 5.000000e-01
6.525522e-04 1.119119e-04 -2.999827e-03 3.750000e-01 0.000000e+00 5.000000e-01
7.243791e-04 1.175099e-04 -2.999827e-03 4.250000e-01 0.000000e+00 5.000000e-01
5.979621e-04 1.057058e-04 -2.999827e-03 4.750000e-01 0.000000e+00 5.000000e-01
5.889408e-04 1.041112e-04 -2.999827e-03 5.250000e-01 0.000000e+00 5.000000e-01
6.483451e-04 1.111904e-04 -2.999827e-03 5.750000e-01 0.000000e+00 5.000000e-01
6.088134e-04 1.076241e-04 -2.999827e-03 6.250000e-01 0.000000e+00 5.000000e-01
1.145343e-03 1.454589e-04 -2.999827e-03 6.750000e-01 0.000000e+00 5.000000e-01
8.858059e-04 1.278553e-04 -2.999827e-03 7.250000e-01 0.000000e+00 5.000000e-01
8.834047e-04 1.275086e-04 -2.999827e-03 7.750000e-01 0.000000e+00 5.000000e-01
8.914184e-04 1.286653e-04 -2.999827e-03 8.250000e-01 0.000000e+00 5.000000e-01
7.723552e-04 1.191772e-04 -2.999827e-03 8.750000e-01 0.000000e+00 5.000000e-01
5.143521e-04 9.720355e-05 -2.999827e-03 9.250000e-01 0.000000e+00 5.000000e-01
1.063073e-03 1.395886e-04 -2.999827e-03 9.750000e-01 0.000000e+00 5.000000e-01
1.140464e-03 1.425583e-04 -2.999827e-03 1.025000e+00 0.000000e+00 5.000000e-01
7.403008e-04 1.142312e-04 -2.999827e-03 1.075000e+00 0.000000e+00 5.000000e-01
7.850054e-04 1.183443e-04 -2.999827e-03 1.125000e+00 0.000000e+00 5.000000e-01
7.258294e-04 1.147639e-04 -2.999827e-03 1.175000e+00 0.000000e+00 5.000000e-01
7.788822e-04 1.174211e-04 -2.999827e-03 1.225000e+00 0.000000e+00 5.000000e-01
8.840896e-04 1.250294e-04 -2.999827e-03 1.275000e+00 0.000000e+00 5.000000e-01
8.138320e-04 1.199931e-04 -2.999827e-03 1.325000e+00 0.000000e+00 5.000000e-01
1.127158e-03 1.408949e-04 -2.999827e-03 1.375000e+00 0.000000e+00 5.000000e-01
7.165760e-04 1.105703e-04 -2.999827e-03 1.425000e+00 0.000000e+00 5.000000e-01
9.174821e-04 1.248538e-04 -2.999827e-03 1.475000e+00 0.000000e+00 5.000000e-01
1.155300e-03 1.401011e-04 -2.999827e-03 1.525000e+00 0.000000e+00 5.000000e-01
7.923041e-04 1.168190e-04 -2.999827e-03 1.575000e+00 0.000000e+00 5.000000e-01
9.554136e-04 1.276729e-04 -2.999827e-03 1.625000e+00 0.000000e+00 5.000000e-01
1.356114e-03 1.516185e-04 -2.999827e-03 1.675000e+00 0.000000e+00 5.000000e-01
1.326509e-03 1.501979e-04 -2.999827e-03 1.725000e+00 0.000000e+00 5.000000e-01
1.834181e-03 1.764947e-04 -2.999827e-03 1.775000e+00 0.000000e+00 5.000000e-01
1.607547e-03 1.640701e-04 -2.999827e-03 1.825000e+00 0.000000e+00 5.000000e-01
1.810563e-03 1.726308e-04 -2.999827e-03 1.875000e+00 0.000000e+00 5.000000e-01
1.843444e-03 1.741897e-04 -2.999827e-03 1.925000e+00 0.000000e+00 5.000000e-01
2.631161e-03 2.080124e-04 -2.999827e-03 1.975000e+00 0.000000e+00 5.000000e-01
3.175081e-03 2.279584e-04 -2.999827e-03 2.025000e+00 0.000000e+00 5.000000e-01
3.434795e-03 2.347987e-04 -2.999827e-03 2.075000e+00 0.000000e+00 5.000000e-01
3.156677e-03 2.221040e-04 -2.999827e-03 2.125000e+00 0.000000e+00 5.000000e-01
2.666988e-03 1.987865e-04 -2.999827e-03 2.175000e+00 0.000000e+00 5.000000e-01
1.480455e-03 1.424575e-04 -2.999827e-03 2.225000e+00 0.000000e+00 5.000000e-01
2.266020e-03 1.688998e-04 -2.999827e-03 2.275000e+00 0.000000e+00 5.000000e-01
1.283068e-03 1.246232e-04 -2.999827e-03 2.325000e+00 0.000000e+00 5.000000e-01
1.936928e-03 1.512495e-04 -2.999827e-03 2.375000e+00 0.000000e+00 5.000000e-01
1.425362e-03 1.290469e-04 -2.999827e-03 2.425000e+00 0.000000e+00 5.000000e-01
1.690161e-03 1.408476e-04 -2.999827e-03 2.475000e+00 0.000000e+00 5.000000e-01
1.207192e-03 1.195304e-04 -2.999827e-03 2.525000e+00 0.000000e+00 5.000000e-01
1.344023e-03 1.258800e-04 -2.999827e-03 2.575000e+00 0.000000e+00 5.000000e-01
1.707718e-03 1.433094e-04 -2.999827e-03 2.625000e+00 0.000000e+00 5.000000e-01
1.101359e-03 1.174061e-04 -2.999827e-03 2.675000e+00 0.000000e+00 5.000000e-01
1.174315e-03 1.224317e-04 -2.999827e-03 2.725000e+00 0.000000e+00 5.000000e-01
8.016193e-04 1.002028e-04 -2.999827e-03 2.775000e+00 0.000000e+00 5.000000e-01
5.974415e-04 8.623376e-05 -2.999827e-03 2.825000e+00 0.000000e+00 5.000000e-01
5.153160e-04 7.951567e-05 -2.999827e-03 2.875000e+00 0.000000e+00 5.000000e-01
1.373097e-03 1.297464e-04 -2.999827e-03 2.925000e+00 0.000000e+00 5.000000e-01
8.395068e-04 1.003412e-04 -2.999827e-03 2.975000e+00 0.000000e+00 5.000000e-01
5.465840e-04 8.059000e-05 -2.999827e-03 3.025000e+00 0.000000e+00 5.000000e-01
8.926701e-04 1.023973e-04 -2.999827e-03 3.075000e+00 0.000000e+00 5.000000e-01
6.216672e-04 8.459886e-05 -2.999827e-03 3.125000e+00 0.000000e+00 5.000000e-01
7.244864e-04 9.056168e-05 -2.999827e-03 3.175000e+00 0.000000e+00 5.000000e-01
4.889679e-04 7.371535e-05 -2.999827e-03 3.225000e+00 0.000000e+00 5.000000e-01
6.963501e-04 8.704428e-05 -2.999827e-03 3.275000e+00 0.000000e+00 5.000000e-01
4.956772e-04 7.308477e-05 -2.999827e-03 3.325000e+00 0.000000e+00 5.000000e-01
3.139130e-04 5.731364e-05 -2.999827e-03 3.375000e+00 0.000000e+00 5.000000e-01
3.845671e-04 6.238590e-05 -2.999827e-03 3.425000e+00 0.000000e+00 5.000000e-01
4.884221e-04 6.907451e-05 -2.999827e-03 3.475000e+00 0.000000e+00 5.000000e-01
6.775452e-04 7.985018e-05 -2.999827e-03 3.525000e+00 0.000000e+00 5.000000e-01
4.911958e-04 6.684430e-05 -2.999827e-03 3.575000e+00 0.000000e+00 5.000000e-01
3.660794e-04 5.648827e-05 -2.999827e-03 3.625000e+00 0.000000e+00 5.000000e-01
3.526608e-04 5.441747e-05 -2.999827e-03 3.675000e+00 0.000000e+00 5.000000e-01
7.089445e-04 7.557648e-05 -2.999827e-03 3.725000e+00 0.000000e+00 5.000000e-01
4.969651e-04 6.117499e-05 -2.999827e-03 3.775000e+00 0.000000e+00 5.000000e-01
5.965083e-04 6.432573e-05 -2.999827e-03 3.825000e+00 0.000000e+00 5.000000e-01
4.315053e-04 5.233030e-05 -2.999827e-03 3.875000e+00 0.000000e+00 5.000000e-01
5.311448e-04 5.599024e-05 -2.999827e-03 3.925000e+00 0.000000e+00 5.000000e-01
6.975856e-04 6.214918e-05 -2.999827e-03 3.975000e+00 0.000000e+00 5.000000e-01
3.117318e-01 2.455574e-03 1.700018e-02 2.500000e-02 0.000000e+00 5.000000e-01
1.635686e-01 1.795833e-03 1.700018e-02 7.500000e-02 0.000000e+00 5.000000e-01
3.430849e-02 8.191949e-04 1.700018e-02 1.250000e-01 0.000000e+00 5.000000e-01
8.738445e-03 4.101161e-04 1.700018e-02 1.750000e-01 0.000000e+00 5.000000e-01
4.506957e-03 2.946293e-04 1.700018e-02 2.250000e-01 0.000000e+00 5.000000e-01
2.402480e-03 2.140301e-04 1.700018e-02 2.750000e-01 0.000000e+00 5.000000e-01
8.431072e-04 1.271033e-04 1.700018e-02 3.250000e-01 0.000000e+00 5.000000e-01
1.037097e-03 1.411313e-04 1.700018e-02 3.750000e-01 0.000000e+00 5.000000e-01
8.378701e-04 1.263139e-04 1.700018e-02 4.250000e-01 0.000000e+00 5.000000e-01
7.075590e-04 1.147813e-04 1.700018e-02 4.750000e-01 0.000000e+00 5.000000e-01
3.327261e-04 7.842447e-05 1.700018e-02 5.250000e-01 0.000000e+00 5.000000e-01
5.350152e-04 1.011085e-04 1.700018e-02 5.750000e-01 0.000000e+00 5.000000e-01
6.822708e-04 1.137119e-04 1.700018e-02 6.250000e-01 0.000000e+00 5.000000e-01
8.129430e-04 1.225559e-04 1.700018e-02 6.750000e-01 0.000000e+00 5.000000e-01
4.438453e-04 9.059967e-05 1.700018e-02 7.250000e-01 0.000000e+00 5.000000e-01
7.735944e-04 1.193684e-04 1.700018e-02 7.750000e-01 0.000000e+00 5.000000e-01
5.590044e-04 1.020599e-04 1.700018e-02 8.250000e-01 0.000000e+00 5.000000e-01
7.713569e-04 1.190231e-04 1.700018e-02 8.750000e-01 0.000000e+00 5.000000e-01
5.866069e-04 1.036985e-04 1.700018e-02 9.250000e-01 0.000000e+00 5.000000e-01
7.320054e-04 1.157404e-04 1.700018e-02 9.750000e-01 0.000000e+00 5.000000e-01
7.800254e-04 1.175935e-04 1.700018e-02 1.025000e+00 0.000000e+00 5.000000e-01
4.233132e-04 8.640863e-05 1.700018e-02 1.075000e+00 0.000000e+00 5.000000e-01
6.142446e-04 1.053422e-04 1.700018e-02 1.125000e+00 0.000000e+00 5.000000e-01
8.324975e-04 1.227452e-04 1.700018e-02 1.175000e+00 0.000000e+00 5.000000e-01
6.362944e-04 1.060493e-04 1.700018e-02 1.225000e+00 0.000000e+00 5.000000e-01
8.140601e-04 1.200269e-04 1.700018e-02 1.275000e+00 0.000000e+00 5.000000e-01
1.131079e-03 1.413851e-04 1.700018e-02 1.325000e+00 0.000000e+00 5.000000e-01
7.351631e-04 1.134383e-04 1.700018e-02 1.375000e+00 0.000000e+00 5.000000e-01
7.845452e-04 1.156751e-04 1.700018e-02 1.425000e+00 0.000000e+00 5.000000e-01
9.173511e-04 1.248360e-04 1.700018e-02 1.475000e+00 0.000000e+00 5.000000e-01
1.166448e-03 1.414529e-04 1.700018e-02 1.525000e+00 0.000000e+00 5.000000e-01
9.394437e-04 1.278424e-04 1.700018e-02 1.575000e+00 0.000000e+00 5.000000e-01
1.259831e-03 1.464528e-04 1.700018e-02 1.625000e+00 0.000000e+00 5.000000e-01
1.084625e-03 1.355785e-04 1.700018e-02 1.675000e+00 0.000000e+00 5.000000e-01
1.258880e-03 1.463423e-04 1.700018e-02 1.725000e+00 0.000000e+00 5.000000e-01
2.172729e-03 1.920446e-04 1.700018e-02 1.775000e+00 0.000000e+00 5.000000e-01
2.030205e-03 1.838066e-04 1.700018e-02 1.825000e+00 0.000000e+00 5.000000e-01
1.711654e-03 1.678420e-04 1.700018e-02 1.875000e+00 0.000000e+00 5.000000e-01
2.205256e-03 1.905057e-04 1.700018e-02 1.925000e+00 0.000000e+00 5.000000e-01
2.491004e-03 2.020478e-04 1.700018e-02 1.975000e+00 0.000000e+00 5.000000e-01
3.225860e-03 2.258562e-04 1.700018e-02 2.025000e+00 0.000000e+00 5.000000e-01
3.699242e-03 2.339616e-04 1.700018e-02 2.075000e+00 0.000000e+00 5.000000e-01
2.957728e-03 2.050824e-04 1.700018e-02 2.125000e+00 0.000000e+00 5.000000e-01
3.023630e-03 2.057330e-04 1.700018e-02 2.175000e+00 0.000000e+00 5.000000e-01
2.236520e-03 1.768132e-04 1.700018e-02 2.225000e+00 0.000000e+00 5.000000e-01
1.837244e-03 1.587144e-04 1.700018e-02 2.275000e+00 0.000000e+00 5.000000e-01
1.512384e-03 1.404219e-04 1.700018e-02 2.325000e+00 0.000000e+00 5.000000e-01
1.447797e-03 1.332812e-04 1.700018e-02 2.375000e+00 0.000000e+00 5.000000e-01
1.184184e-03 1.184189e-04 1.700018e-02 2.425000e+00 0.000000e+00 5.000000e-01
1.412242e-03 1.300081e-04 1.700018e-02 2.475000e+00 0.000000e+00 5.000000e-01
1.267865e-03 1.243252e-04 1.700018e-02 2.525000e+00 0.000000e+00 5.000000e-01
1.421050e-03 1.319419e-04 1.700018e-02 2.575000e+00 0.000000e+00 5.000000e-01
1.209971e-03 1.209979e-04 1.700018e-02 2.625000e+00 0.000000e+00 5.000000e-01
9.217140e-04 1.057285e-04 1.700018e-02 2.675000e+00 0.000000e+00 5.000000e-01
1.226719e-03 1.226727e-04 1.700018e-02 2.725000e+00 0.000000e+00 5.000000e-01
1.077892e-03 1.149046e-04 1.700018e-02 2.775000e+00 0.000000e+00 5.000000e-01
1.023344e-03 1.130103e-04 1.700018e-02 2.825000e+00 0.000000e+00 5.000000e-01
1.230952e-03 1.230960e-04 1.700018e-02 2.875000e+00 0.000000e+00 5.000000e-01
7.996219e-04 9.842745e-05 1.700018e-02 2.925000e+00 0.000000e+00 5.000000e-01
8.922039e-04 1.037178e-04 1.700018e-02 2.975000e+00 0.000000e+00 5.000000e-01
7.152334e-04 9.233701e-05 1.700018e-02 3.025000e+00 0.000000e+00 5.000000e-01
5.609291e-04 8.096393e-05 1.700018e-02 3.075000e+00 0.000000e+00 5.000000e-01
5.089143e-04 7.672223e-05 1.700018e-02 3.125000e+00 0.000000e+00 5.000000e-01
5.884129e-04 8.159920e-05 1.700018e-02 3.175000e+00 0.000000e+00 5.000000e-01
5.767687e-04 7.998444e-05 1.700018e-02 3.225000e+00 0.000000e+00 5.000000e-01
6.335855e-04 8.319474e-05 1.700018e-02 3.275000e+00 0.000000e+00 5.000000e-01
3.848441e-04 6.414143e-05 1.700018e-02 3.325000e+00 0.000000e+00 5.000000e-01
4.626264e-04 6.974438e-05 1.700018e-02 3.375000e+00 0.000000e+00 5.000000e-01
2.614150e-04 5.126831e-05 1.700018e-02 3.425000e+00 0.000000e+00 5.000000e-01
2.750935e-04 5.198856e-05 1.700018e-02 3.475000e+00 0.000000e+00 5.000000e-01
3.616545e-04 5.866925e-05 1.700018e-02 3.525000e+00 0.000000e+00 5.000000e-01
4.373308e-04 6.312471e-05 1.700018e-02 3.575000e+00 0.000000e+00 5.000000e-01
3.852870e-04 5.808579e-05 1.700018e-02 3.625000e+00 0.000000e+00 5.000000e-01
3.183774e-04 5.164858e-05 1.700018e-02 3.675000e+00 0.000000e+00 5.000000e-01
5.261674e-04 6.476901e-05 1.700018e-02 3.725000e+00 0.000000e+00 5.000000e-01
4.641898e-04 5.895456e-05 1.700018e-02 3.775000e+00 0.000000e+00 5.000000e-01
5.262664e-04 6.036918e-05 1.700018e-02 3.825000e+00 0.000000e+00 5.000000e-01
5.806953e-04 6.121286e-05 1.700018e-02 3.875000e+00 0.000000e+00 5.000000e-01
4.527698e-04 5.193859e-05 1.700018e-02 3.925000e+00 0.000000e+00 5.000000e-01
5.682304e-04 5.626597e-05 1.700018e-02 3.975000e+00 0.000000e+00 5.000000e-01
3.184489e-01 2.447149e-03 3.700019e-02 2.500000e-02 0.000000e+00 5.000000e-01
1.658821e-01 1.799246e-03 3.700019e-02 7.500000e-02 0.000000e+00 5.000000e-01
3.223125e-02 7.849623e-04 3.700019e-02 1.250000e-01 0.000000e+00 5.000000e-01
8.360332e-03 4.003877e-04 3.700019e-02 1.750000e-01 0.000000e+00 5.000000e-01
5.010147e-03 3.107165e-04 3.700019e-02 2.250000e-01 0.000000e+00 5.000000e-01
2.503071e-03 2.195341e-04 3.700019e-02 2.750000e-01 0.000000e+00 5.000000e-01
1.573713e-03 1.737877e-04 3.700019e-02 3.250000e-01 0.000000e+00 5.000000e-01
7.274555e-04 1.180090e-04 3.700019e-02 3.750000e-01 0.000000e+00 5.000000e-01
7.176887e-04 1.164246e-04 3.700019e-02 4.250000e-01 0.000000e+00 5.000000e-01
7.798627e-04 1.203356e-04 3.700019e-02 4.750000e-01 0.000000e+00 5.000000e-01
7.225614e-04 1.172151e-04 3.700019e-02 5.250000e-01 0.000000e+00 5.000000e-01
7.614996e-04 1.204038e-04 3.700019e-02 5.750000e-01 0.000000e+00 5.000000e-01
7.444179e-04 1.177029e-04 3.700019e-02 6.250000e-01 0.000000e+00 5.000000e-01
6.268165e-04 1.074982e-04 3.700019e-02 6.750000e-01 0.000000e+00 5.000000e-01
6.297293e-04 1.079978e-04 3.700019e-02 7.250000e-01 0.000000e+00 5.000000e-01
7.520834e-04 1.189150e-04 3.700019e-02 7.750000e-01 0.000000e+00 5.000000e-01
5.915762e-04 1.045770e-04 3.700019e-02 8.250000e-01 0.000000e+00 5.000000e-01
4.766274e-04 9.347448e-05 3.700019e-02 8.750000e-01 0.000000e+00 5.000000e-01
8.065168e-04 1.215872e-04 3.700019e-02 9.250000e-01 0.000000e+00 5.000000e-01
6.113909e-04 1.048528e-04 3.700019e-02 9.750000e-01 0.000000e+00 5.000000e-01
5.703969e-04 1.008330e-04 3.700019e-02 1.025000e+00 0.000000e+00 5.000000e-01
1.015894e-03 1.357549e-04 3.700019e-02 1.075000e+00 0.000000e+00 5.000000e-01
8.372492e-04 1.234459e-04 3.700019e-02 1.125000e+00 0.000000e+00 5.000000e-01
8.877078e-04 1.255411e-04 3.700019e-02 1.175000e+00 0.000000e+00 5.000000e-01
9.172560e-04 1.272008e-04 3.700019e-02 1.225000e+00 0.000000e+00 5.000000e-01
7.413703e-04 1.143961e-04 3.700019e-02 1.275000e+00 0.000000e+00 5.000000e-01
7.744182e-04 1.167483e-04 3.700019e-02 1.325000e+00 0.000000e+00 5.000000e-01
8.601398e-04 1.216423e-04 3.700019e-02 1.375000e+00 0.000000e+00 5.000000e-01
8.968889e-04 1.243764e-04 3.700019e-02 1.425000e+00 0.000000e+00 5.000000e-01
1.256904e-03 1.481279e-04 3.700019e-02 1.475000e+00 0.000000e+00 5.000000e-01
8.087388e-04 1.192424e-04 3.700019e-02 1.525000e+00 0.000000e+00 5.000000e-01
1.132120e-03 1.393546e-04 3.700019e-02 1.575000e+00 0.000000e+00 5.000000e-01
8.821229e-04 1.223288e-04 3.700019e-02 1.625000e+00 0.000000e+00 5.000000e-01
1.723027e-03 1.706056e-04 3.700019e-02 1.675000e+00 0.000000e+00 5.000000e-01
1.387157e-03 1.531864e-04 3.700019e-02 1.725000e+00 0.000000e+00 5.000000e-01
1.504507e-03 1.585894e-04 3.700019e-02 1.775000e+00 0.000000e+00 5.000000e-01
1.654589e-03 1.638293e-04 3.700019e-02 1.825000e+00 0.000000e+00 5.000000e-01
2.338499e-03 1.909383e-04 3.700019e-02 1.875000e+00 0.000000e+00 5.000000e-01
1.709698e-03 1.601285e-04 3.700019e-02 1.925000e+00 0.000000e+00 5.000000e-01
2.025110e-03 1.711536e-04 3.700019e-02 1.975000e+00 0.000000e+00 5.000000e-01
2.761734e-03 1.972674e-04 3.700019e-02 2.025000e+00 0.000000e+00 5.000000e-01
3.122148e-03 2.086080e-04 3.700019e-02 2.075000e+00 0.000000e+00 5.000000e-01
3.592786e-03 2.236780e-04 3.700019e-02 2.125000e+00 0.000000e+00 5.000000e-01
2.727768e-03 1.948414e-04 3.700019e-02 2.175000e+00 0.000000e+00 5.000000e-01
2.038566e-03 1.687136e-04 3.700019e-02 2.225000e+00 0.000000e+00 5.000000e-01
1.669841e-03 1.524356e-04 3.700019e-02 2.275000e+00 0.000000e+00 5.000000e-01
1.494436e-03 1.438029e-04 3.700019e-02 2.325000e+00 0.000000e+00 5.000000e-01
1.602368e-03 1.500760e-04 3.700019e-02 2.375000e+00 0.000000e+00 5.000000e-01
1.404349e-03 1.404357e-04 3.700019e-02 2.425000e+00 0.000000e+00 5.000000e-01
1.509081e-03 1.425956e-04 3.700019e-02 2.475000e+00 0.000000e+00 5.000000e-01
1.353089e-03 1.326819e-04 3.700019e-02 2.525000e+00 0.000000e+00 5.000000e-01
1.625547e-03 1.425708e-04 3.700019e-02 2.575000e+00 0.000000e+00 5.000000e-01
1.290858e-03 1.253799e-04 3.700019e-02 2.625000e+00 0.000000e+00 5.000000e-01
1.053305e-03 1.122834e-04 3.700019e-02 2.675000e+00 0.000000e+00 5.000000e-01
1.019617e-03 1.099489e-04 3.700019e-02 2.725000e+00 0.000000e+00 5.000000e-01
8.439502e-04 9.946117e-05 3.700019e-02 2.775000e+00 0.000000e+00 5.000000e-01
9.463332e-04 1.045058e-04 3.700019e-02 2.825000e+00 0.000000e+00 5.000000e-01
8.646293e-04 1.005119e-04 3.700019e-02 2.875000e+00 0.000000e+00 5.000000e-01
8.172046e-04 9.767539e-05 3.700019e-02 2.925000e+00 0.000000e+00 5.000000e-01
7.862278e-04 9.677884e-05 3.700019e-02 2.975000e+00 0.000000e+00 5.000000e-01
9.548341e-04 1.054449e-04 3.700019e-02 3.025000e+00 0.000000e+00 5.000000e-01
7.662310e-04 9.431745e-05 3.700019e-02 3.075000e+00 0.000000e+00 5.000000e-01
4.646303e-04 7.346499e-05 3.700019e-02 3.125000e+00 0.000000e+00 5.000000e-01
7.977708e-04 9.535301e-05 3.700019e-02 3.175000e+00 0.000000e+00 5.000000e-01
4.706159e-04 7.261872e-05 3.700019e-02 3.225000e+00 0.000000e+00 5.000000e-01
3.045741e-04 5.755967e-05 3.700019e-02 3.275000e+00 0.000000e+00 5.000000e-01
6.359224e-04 8.209840e-05 3.700019e-02 3.325000e+00 0.000000e+00 5.000000e-01
3.342934e-04 5.909618e-05 3.700019e-02 3.375000e+00 0.000000e+00 5.000000e-01
6.152152e-04 7.942599e-05 3.700019e-02 3.425000e+00 0.000000e+00 5.000000e-01
4.951192e-04 7.002169e-05 3.700019e-02 3.475000e+00 0.000000e+00 5.000000e-01
5.408443e-04 7.227458e-05 3.700019e-02 3.525000e+00 0.000000e+00 5.000000e-01
4.442952e-04 6.412986e-05 3.700019e-02 3.575000e+00 0.000000e+00 5.000000e-01
3.544903e-04 5.605080e-05 3.700019e-02 3.625000e+00 0.000000e+00 5.000000e-01
3.508181e-04 5.413387e-05 3.700019e-02 3.675000e+00 0.000000e+00 5.000000e-01
4.534839e-04 5.954734e-05 3.700019e-02 3.725000e+00 0.000000e+00 5.000000e-01
5.462267e-04 6.349986e-05 3.700019e-02 3.775000e+00 0.000000e+00 5.000000e-01
6.460821e-04 6.736162e-05 3.700019e-02 3.825000e+00 0.000000e+00 5.000000e-01
4.534755e-04 5.499446e-05 3.700019e-02 3.875000e+00 0.000000e+00 5.000000e-01
6.979612e-04 6.595400e-05 3.700019e-02 3.925000e+00 0.000000e+00 5.000000e-01
5.616683e-04 5.674058e-05 3.700019e-02 3.975000e+00 0.000000e+00 5.000000e-01
3.198665e-01 2.403588e-03 5.700020e-02 2.500000e-02 0.000000e+00 5.000000e-01
1.637580e-01 1.707483e-03 5.700020e-02 7.500000e-02 0.000000e+00 5.000000e-01
3.252770e-02 7.628809e-04 5.700020e-02 1.250000e-01 0.000000e+00 5.000000e-01
9.154719e-03 4.094119e-04 5.700020e-02 1.750000e-01 0.000000e+00 5.000000e-01
5.042538e-03 3.068795e-04 5.700020e-02 2.250000e-01 0.000000e+00 5.000000e-01
2.591627e-03 2.206142e-04 5.700020e-02 2.750000e-01 0.000000e+00 5.000000e-01
1.098579e-03 1.442506e-04 5.700020e-02 3.250000e-01 0.000000e+00 5.000000e-01
9.430725e-04 1.333708e-04 5.700020e-02 3.750000e-01 0.000000e+00 5.000000e-01
7.530801e-04 1.190726e-04 5.700020e-02 4.250000e-01 0.000000e+00 5.000000e-01
3.053949e-04 7.634881e-05 5.700020e-02 4.750000e-01 0.000000e+00 5.000000e-01
5.708428e-04 1.042212e-04 5.700020e-02 5.250000e-01 0.000000e+00 5.000000e-01
4.088559e-04 8.716851e-05 5.700020e-02 5.750000e-01 0.000000e+00 5.000000e-01
4.806961e-04 9.427233e-05 5.700020e-02 6.250000e-01 0.000000e+00 5.000000e-01
9.768063e-04 1.354588e-04 5.700020e-02 6.750000e-01 0.000000e+00 5.000000e-01
6.442368e-04 1.104859e-04 5.700020e-02 7.250000e-01 0.000000e+00 5.000000e-01
6.291385e-04 1.078965e-04 5.700020e-02 7.750000e-01 0.000000e+00 5.000000e-01
4.784793e-04 9.383762e-05 5.700020e-02 8.250000e-01 0.000000e+00 5.000000e-01
5.861233e-04 1.036131e-04 5.700020e-02 8.750000e-01 0.000000e+00 5.000000e-01
6.182851e-04 1.060352e-04 5.700020e-02 9.250000e-01 0.000000e+00 5.000000e-01
6.173922e-04 1.058821e-04 5.700020e-02 9.750000e-01 0.000000e+00 5.000000e-01
6.223192e-04 1.067272e-04 5.700020e-02 1.025000e+00 0.000000e+00 5.000000e-01
9.087518e-04 1.285171e-04 5.700020e-02 1.075000e+00 0.000000e+00 5.000000e-01
5.666500e-04 1.001706e-04 5.700020e-02 1.125000e+00 0.000000e+00 5.000000e-01
6.674345e-04 1.082723e-04 5.700020e-02 1.175000e+00 0.000000e+00 5.000000e-01
1.162794e-03 1.431303e-04 5.700020e-02 1.225000e+00 0.000000e+00 5.000000e-01
8.890929e-04 1.257370e-04 5.700020e-02 1.275000e+00 0.000000e+00 5.000000e-01
7.061758e-04 1.116565e-04 5.700020e-02 1.325000e+00 0.000000e+00 5.000000e-01
6.723960e-04 1.090772e-04 5.700020e-02 1.375000e+00 0.000000e+00 5.000000e-01
9.147155e-04 1.268485e-04 5.700020e-02 1.425000e+00 0.000000e+00 5.000000e-01
9.426283e-04 1.282758e-04 5.700020e-02 1.475000e+00 0.000000e+00 5.000000e-01
1.129370e-03 1.390162e-04 5.700020e-02 1.525000e+00 0.000000e+00 5.000000e-01
1.050342e-03 1.333939e-04 5.700020e-02 1.575000e+00 0.000000e+00 5.000000e-01
1.375296e-03 1.518764e-04 5.700020e-02 1.625000e+00 0.000000e+00 5.000000e-01
1.389062e-03 1.497869e-04 5.700020e-02 1.675000e+00 0.000000e+00 5.000000e-01
1.542511e-03 1.542516e-04 5.700020e-02 1.725000e+00 0.000000e+00 5.000000e-01
1.393307e-03 1.437090e-04 5.700020e-02 1.775000e+00 0.000000e+00 5.000000e-01
1.543249e-03 1.498940e-04 5.700020e-02 1.825000e+00 0.000000e+00 5.000000e-01
2.092903e-03 1.744092e-04 5.700020e-02 1.875000e+00 0.000000e+00 5.000000e-01
2.296923e-03 1.815885e-04 5.700020e-02 1.925000e+00 0.000000e+00 5.000000e-01
2.233305e-03 1.776730e-04 5.700020e-02 1.975000e+00 0.000000e+00 5.000000e-01
3.597806e-03 2.248637e-04 5.700020e-02 2.025000e+00 0.000000e+00 5.000000e-01
3.201867e-03 2.120495e-04 5.700020e-02 2.075000e+00 0.000000e+00 5.000000e-01
3.225419e-03 2.145525e-04 5.700020e-02 2.125000e+00 0.000000e+00 5.000000e-01
2.841669e-03 2.019494e-04 5.700020e-02 2.175000e+00 0.000000e+00 5.000000e-01
1.461739e-03 1.447344e-04 5.700020e-02 2.225000e+00 0.000000e+00 5.000000e-01
1.722768e-03 1.572672e-04 5.700020e-02 2.275000e+00 0.000000e+00 5.000000e-01
1.462508e-03 1.448106e-04 5.700020e-02 2.325000e+00 0.000000e+00 5.000000e-01
1.459254e-03 1.444884e-04 5.700020e-02 2.375000e+00 0.000000e+00 5.000000e-01
1.352345e-03 1.394844e-04 5.700020e-02 2.425000e+00 0.000000e+00 5.000000e-01
1.224103e-03 1.319993e-04 5.700020e-02 2.475000e+00 0.000000e+00 5.000000e-01
1.555917e-03 1.470211e-04 5.700020e-02 2.525000e+00 0.000000e+00 5.000000e-01
1.499186e-03 1.429427e-04 5.700020e-02 2.575000e+00 0.000000e+00 5.000000e-01
1.180413e-03 1.244272e-04 5.700020e-02 2.625000e+00 0.000000e+00 5.000000e-01
1.279915e-03 1.267311e-04 5.700020e-02 2.675000e+00 0.000000e+00 5.000000e-01
1.052590e-03 1.122072e-04 5.700020e-02 2.725000e+00 0.000000e+00 5.000000e-01
1.035942e-03 1.104324e-04 5.700020e-02 2.775000e+00 0.000000e+00 5.000000e-01
7.418551e-04 9.273249e-05 5.700020e-02 2.825000e+00 0.000000e+00 5.000000e-01
9.870931e-04 1.064418e-04 5.700020e-02 2.875000e+00 0.000000e+00 5.000000e-01
8.951465e-04 1.013562e-04 5.700020e-02 2.925000e+00 0.000000e+00 5.000000e-01
9.344071e-04 1.031890e-04 5.700020e-02 2.975000e+00 0.000000e+00 5.000000e-01
9.397753e-04 1.037818e-04 5.700020e-02 3.025000e+00 0.000000e+00 5.000000e-01
7.211839e-04 9.159155e-05 5.700020e-02 3.075000e+00 0.000000e+00 5.000000e-01
6.858801e-04 8.854792e-05 5.700020e-02 3.125000e+00 0.000000e+00 5.000000e-01
6.960369e-04 8.839781e-05 5.700020e-02 3.175000e+00 0.000000e+00 5.000000e-01
4.642765e-04 7.164013e-05 5.700020e-02 3.225000e+00 0.000000e+00 5.000000e-01
5.663005e-04 7.853277e-05 5.700020e-02 3.275000e+00 0.000000e+00 5.000000e-01
4.294111e-04 6.789690e-05 5.700020e-02 3.325000e+00 0.000000e+00 5.000000e-01
4.384876e-04 6.766098e-05 5.700020e-02 3.375000e+00 0.000000e+00 5.000000e-01
3.275413e-04 5.790290e-05 5.700020e-02 3.425000e+00 0.000000e+00 5.000000e-01
4.007667e-04 6.336841e-05 5.700020e-02 3.475000e+00 0.000000e+00 5.000000e-01
5.425397e-04 7.250135e-05 5.700020e-02 3.525000e+00 0.000000e+00 5.000000e-01
3.722382e-04 5.885730e-05 5.700020e-02 3.575000e+00 0.000000e+00 5.000000e-01
5.267065e-04 6.799926e-05 5.700020e-02 3.625000e+00 0.000000e+00 5.000000e-01
5.296057e-04 6.620248e-05 5.700020e-02 3.675000e+00 0.000000e+00 5.000000e-01
4.405417e-04 5.887133e-05 5.700020e-02 3.725000e+00 0.000000e+00 5.000000e-01
4.518890e-04 5.834074e-05 5.700020e-02 3.775000e+00 0.000000e+00 5.000000e-01
6.224495e-04 6.712284e-05 5.700020e-02 3.825000e+00 0.000000e+00 5.000000e-01
6.551479e-04 6.757583e-05 5.700020e-02 3.875000e+00 0.000000e+00 5.000000e-01
4.908283e-04 5.706102e-05 5.700020e-02 3.925000e+00 0.000000e+00 5.000000e-01
7.115591e-04 6.607004e-05 5.700020e-02 3.975000e+00 0.000000e+00 5.000000e-01
3.082334e-01 2.274556e-03 7.700022e-02 2.500000e-02 0.000000e+00 5.000000e-01
1.638743e-01 1.667680e-03 7.700022e-02 7.500000e-02 0.000000e+00 5.000000e-01
3.383003e-02 7.657074e-04 7.700022e-02 1.250000e-01 0.000000e+00 5.000000e-01
8.362001e-03 3.808792e-04 7.700022e-02 1.750000e-01 0.000000e+00 5.000000e-01
5.232505e-03 3.010972e-04 7.700022e-02 2.250000e-01 0.000000e+00 5.000000e-01
2.214013e-03 1.972403e-04 7.700022e-02 2.750000e-01 0.000000e+00 5.000000e-01
1.355343e-03 1.554687e-04 7.700022e-02 3.250000e-01 0.000000e+00 5.000000e-01
8.344512e-04 1.230333e-04 7.700022e-02 3.750000e-01 0.000000e+00 5.000000e-01
5.125303e-04 9.685926e-05 7.700022e-02 4.250000e-01 0.000000e+00 5.000000e-01
6.977928e-04 1.131970e-04 7.700022e-02 4.750000e-01 0.000000e+00 5.000000e-01
6.997380e-04 1.135127e-04 7.700022e-02 5.250000e-01 0.000000e+00 5.000000e-01
5.622883e-04 1.026595e-04 7.700022e-02 5.750000e-01 0.000000e+00 5.000000e-01
7.239336e-04 1.174377e-04 7.700022e-02 6.250000e-01 0.000000e+00 5.000000e-01
8.999886e-04 1.299023e-04 7.700022e-02 6.750000e-01 0.000000e+00 5.000000e-01
4.793648e-04 9.401127e-05 7.700022e-02 7.250000e-01 0.000000e+00 5.000000e-01
5.568593e-04 1.016682e-04 7.700022e-02 7.750000e-01 0.000000e+00 5.000000e-01
7.066614e-04 1.146358e-04 7.700022e-02 8.250000e-01 0.000000e+00 5.000000e-01
7.368431e-04 1.165053e-04 7.700022e-02 8.750000e-01 0.000000e+00 5.000000e-01
6.960322e-04 1.129115e-04 7.700022e-02 9.250000e-01 0.000000e+00 5.000000e-01
8.385151e-04 1.236325e-04 7.700022e-02 9.750000e-01 0.000000e+00 5.000000e-01
4.683038e-04 9.184211e-05 7.700022e-02 1.025000e+00 0.000000e+00 5.000000e-01
7.839094e-04 1.181790e-04 7.700022e-02 1.075000e+00 0.000000e+00 5.000000e-01
8.933203e-04 1.263348e-04 7.700022e-02 1.125000e+00 0.000000e+00 5.000000e-01
7.929056e-04 1.195353e-04 7.700022e-02 1.175000e+00 0.000000e+00 5.000000e-01
6.080070e-04 1.042727e-04 7.700022e-02 1.225000e+00 0.000000e+00 5.000000e-01
8.835731e-04 1.249563e-04 7.700022e-02 1.275000e+00 0.000000e+00 5.000000e-01
1.023738e-03 1.344236e-04 7.700022e-02 1.325000e+00 0.000000e+00 5.000000e-01
7.020773e-04 1.110084e-04 7.700022e-02 1.375000e+00 0.000000e+00 5.000000e-01
6.915089e-04 1.093373e-04 7.700022e-02 1.425000e+00 0.000000e+00 5.000000e-01
1.066423e-03 1.333033e-04 7.700022e-02 1.475000e+00 0.000000e+00 5.000000e-01
1.263178e-03 1.430270e-04 7.700022e-02 1.525000e+00 0.000000e+00 5.000000e-01
1.375980e-03 1.466803e-04 7.700022e-02 1.575000e+00 0.000000e+00 5.000000e-01
1.382368e-03 1.441221e-04 7.700022e-02 1.625000e+00 0.000000e+00 5.000000e-01
1.305359e-03 1.391522e-04 7.700022e-02 1.675000e+00 0.000000e+00 5.000000e-01
1.723718e-03 1.600436e-04 7.700022e-02 1.725000e+00 0.000000e+00 5.000000e-01
1.750492e-03 1.611463e-04 7.700022e-02 1.775000e+00 0.000000e+00 5.000000e-01
1.728479e-03 1.591198e-04 7.700022e-02 1.825000e+00 0.000000e+00 5.000000e-01
1.263614e-03 1.347021e-04 7.700022e-02 1.875000e+00 0.000000e+00 5.000000e-01
2.133545e-03 1.753769e-04 7.700022e-02 1.925000e+00 0.000000e+00 5.000000e-01
2.873072e-03 2.052202e-04 7.700022e-02 1.975000e+00 0.000000e+00 5.000000e-01
2.609965e-03 1.967342e-04 7.700022e-02 2.025000e+00 0.000000e+00 5.000000e-01
3.105792e-03 2.153487e-04 7.700022e-02 2.075000e+00 0.000000e+00 5.000000e-01
3.201540e-03 2.178382e-04 7.700022e-02 2.125000e+00 0.000000e+00 5.000000e-01
2.105058e-03 1.766533e-04 7.700022e-02 2.175000e+00 0.000000e+00 5.000000e-01
2.129760e-03 1.774806e-04 7.700022e-02 2.225000e+00 0.000000e+00 5.000000e-01
2.086154e-03 1.750668e-04 7.700022e-02 2.275000e+00 0.000000e+00 5.000000e-01
1.824447e-03 1.625354e-04 7.700022e-02 2.325000e+00 0.000000e+00 5.000000e-01
1.341345e-03 1.383498e-04 7.700022e-02 2.375000e+00 0.000000e+00 5.000000e-01
1.404041e-03 1.404049e-04 7.700022e-02 2.425000e+00 0.000000e+00 5.000000e-01
1.537999e-03 1.466432e-04 7.700022e-02 2.475000e+00 0.000000e+00 5.000000e-01
1.171330e-03 1.278032e-04 7.700022e-02 2.525000e+00 0.000000e+00 5.000000e-01
1.082927e-03 1.226181e-04 7.700022e-02 2.575000e+00 0.000000e+00 5.000000e-01
1.129959e-03 1.247838e-04 7.700022e-02 2.625000e+00 0.000000e+00 5.000000e-01
1.053862e-03 1.193270e-04 7.700022e-02 2.675000e+00 0.000000e+00 5.000000e-01
1.127406e-03 1.230111e-04 7.700022e-02 2.725000e+00 0.000000e+00 5.000000e-01
1.087845e-03 1.186945e-04 7.700022e-02 2.775000e+00 0.000000e+00 5.000000e-01
1.002508e-03 1.107094e-04 7.700022e-02 2.825000e+00 0.000000e+00 5.000000e-01
1.154883e-03 1.166617e-04 7.700022e-02 2.875000e+00 0.000000e+00 5.000000e-01
8.745070e-04 1.003137e-04 7.700022e-02 2.925000e+00 0.000000e+00 5.000000e-01
9.071610e-04 1.014247e-04 7.700022e-02 2.975000e+00 0.000000e+00 5.000000e-01
8.942065e-04 9.997604e-05 7.700022e-02 3.025000e+00 0.000000e+00 5.000000e-01
7.718573e-04 9.225553e-05 7.700022e-02 3.075000e+00 0.000000e+00 5.000000e-01
5.702928e-04 7.908647e-05 7.700022e-02 3.125000e+00 0.000000e+00 5.000000e-01
8.653986e-04 9.798792e-05 7.700022e-02 3.175000e+00 0.000000e+00 5.000000e-01
6.850884e-04 8.700743e-05 7.700022e-02 3.225000e+00 0.000000e+00 5.000000e-01
5.721731e-04 7.934735e-05 7.700022e-02 3.275000e+00 0.000000e+00 5.000000e-01
5.982582e-04 7.994683e-05 7.700022e-02 3.325000e+00 0.000000e+00 5.000000e-01
7.154427e-04 8.676136e-05 7.700022e-02 3.375000e+00 0.000000e+00 5.000000e-01
4.907055e-04 7.082829e-05 7.700022e-02 3.425000e+00 0.000000e+00 5.000000e-01
3.155960e-04 5.579081e-05 7.700022e-02 3.475000e+00 0.000000e+00 5.000000e-01
5.120177e-04 6.967824e-05 7.700022e-02 3.525000e+00 0.000000e+00 5.000000e-01
2.006720e-04 4.278404e-05 7.700022e-02 3.575000e+00 0.000000e+00 5.000000e-01
4.904146e-04 6.553601e-05 7.700022e-02 3.625000e+00 0.000000e+00 5.000000e-01
3.401096e-04 5.377707e-05 7.700022e-02 3.675000e+00 0.000000e+00 5.000000e-01
5.453360e-04 6.712784e-05 7.700022e-02 3.725000e+00 0.000000e+00 5.000000e-01
3.859366e-04 5.570687e-05 7.700022e-02 3.775000e+00 0.000000e+00 5.000000e-01
6.365246e-04 7.029528e-05 7.700022e-02 3.825000e+00 0.000000e+00 5.000000e-01
6.695066e-04 7.057419e-05 7.700022e-02 3.875000e+00 0.000000e+00 5.000000e-01
6.886803e-04 6.957037e-05 7.700022e-02 3.925000e+00 0.000000e+00 5.000000e-01
8.013208e-04 7.255254e-05 7.700022e-02 3.975000e+00 0.000000e+00 5.000000e-01
3.051623e-01 2.308925e-03 9.700023e-02 2.500000e-02 0.000000e+00 5.000000e-01
1.583643e-01 1.648646e-03 9.700023e-02 7.500000e-02 0.000000e+00 5.000000e-01
3.500375e-02 7.667719e-04 9.700023e-02 1.250000e-01 0.000000e+00 5.000000e-01
9.028357e-03 3.914294e-04 9.700023e-02 1.750000e-01 0.000000e+00 5.000000e-01
5.604356e-03 3.085100e-04 9.700023e-02 2.250000e-01 0.000000e+00 5.000000e-01
2.498799e-03 2.054002e-04 9.700023e-02 2.750000e-01 0.000000e+00 5.000000e-01
1.450898e-03 1.564545e-04 9.700023e-02 3.250000e-01 0.000000e+00 5.000000e-01
9.242264e-04 1.257714e-04 9.700023e-02 3.750000e-01 0.000000e+00 5.000000e-01
6.541955e-04 1.061247e-04 9.700023e-02 4.250000e-01 0.000000e+00 5.000000e-01
3.474816e-04 7.769932e-05 9.700023e-02 4.750000e-01 0.000000e+00 5.000000e-01
4.595508e-04 9.012540e-05 9.700023e-02 5.250000e-01 0.000000e+00 5.000000e-01
5.303599e-04 9.683013e-05 9.700023e-02 5.750000e-01 0.000000e+00 5.000000e-01
5.717983e-04 1.010807e-04 9.700023e-02 6.250000e-01 0.000000e+00 5.000000e-01
5.866420e-04 1.037047e-04 9.700023e-02 6.750000e-01 0.000000e+00 5.000000e-01
8.607935e-04 1.269173e-04 9.700023e-02 7.250000e-01 0.000000e+00 5.000000e-01
8.182259e-04 1.233523e-04 9.700023e-02 7.750000e-01 0.000000e+00 5.000000e-01
6.595018e-04 1.099171e-04 9.700023e-02 8.250000e-01 0.000000e+00 5.000000e-01
5.910925e-04 1.044916e-04 9.700023e-02 8.750000e-01 0.000000e+00 5.000000e-01
5.876467e-04 1.038824e-04 9.700023e-02 9.250000e-01 0.000000e+00 5.000000e-01
4.746260e-04 9.308203e-05 9.700023e-02 9.750000e-01 0.000000e+00 5.000000e-01
5.840737e-04 1.032508e-04 9.700023e-02 1.025000e+00 0.000000e+00 5.000000e-01
9.062223e-04 1.281594e-04 9.700023e-02 1.075000e+00 0.000000e+00 5.000000e-01
7.839304e-04 1.181822e-04 9.700023e-02 1.125000e+00 0.000000e+00 5.000000e-01
6.379120e-04 1.063189e-04 9.700023e-02 1.175000e+00 0.000000e+00 5.000000e-01
6.410628e-04 1.068440e-04 9.700023e-02 1.225000e+00 0.000000e+00 5.000000e-01
1.080309e-03 1.371997e-04 9.700023e-02 1.275000e+00 0.000000e+00 5.000000e-01
9.006908e-04 1.225687e-04 9.700023e-02 1.325000e+00 0.000000e+00 5.000000e-01
1.086823e-03 1.317969e-04 9.700023e-02 1.375000e+00 0.000000e+00 5.000000e-01
7.421173e-04 1.071156e-04 9.700023e-02 1.425000e+00 0.000000e+00 5.000000e-01
9.753084e-04 1.219137e-04 9.700023e-02 1.475000e+00 0.000000e+00 5.000000e-01
1.085248e-03 1.278980e-04 9.700023e-02 1.525000e+00 0.000000e+00 5.000000e-01
1.194493e-03 1.335487e-04 9.700023e-02 1.575000e+00 0.000000e+00 5.000000e-01
1.488061e-03 1.488066e-04 9.700023e-02 1.625000e+00 0.000000e+00 5.000000e-01
1.303211e-03 1.389231e-04 9.700023e-02 1.675000e+00 0.000000e+00 5.000000e-01
1.623026e-03 1.547499e-04 9.700023e-02 1.725000e+00 0.000000e+00 5.000000e-01
1.640753e-03 1.564403e-04 9.700023e-02 1.775000e+00 0.000000e+00 5.000000e-01
1.694519e-03 1.601174e-04 9.700023e-02 1.825000e+00 0.000000e+00 5.000000e-01
1.842308e-03 1.681795e-04 9.700023e-02 1.875000e+00 0.000000e+00 5.000000e-01
2.146434e-03 1.814074e-04 9.700023e-02 1.925000e+00 0.000000e+00 5.000000e-01
2.364101e-03 1.892801e-04 9.700023e-02 1.975000e+00 0.000000e+00 5.000000e-01
3.280547e-03 2.221875e-04 9.700023e-02 2.025000e+00 0.000000e+00 5.000000e-01
3.154279e-03 2.176667e-04 9.700023e-02 2.075000e+00 0.000000e+00 5.000000e-01
3.695212e-03 2.346472e-04 9.700023e-02 2.125000e+00 0.000000e+00 5.000000e-01
2.480736e-03 1.913937e-04 9.700023e-02 2.175000e+00 0.000000e+00 5.000000e-01
1.782150e-03 1.613490e-04 9.700023e-02 2.225000e+00 0.000000e+00 5.000000e-01
1.333224e-03 1.389989e-04 9.700023e-02 2.275000e+00 0.000000e+00 5.000000e-01
1.555163e-03 1.496464e-04 9.700023e-02 2.325000e+00 0.000000e+00 5.000000e-01
1.548506e-03 1.490058e-04 9.700023e-02 2.375000e+00 0.000000e+00 5.000000e-01
1.532215e-03 1.474382e-04 9.700023e-02 2.425000e+00 0.000000e+00 5.000000e-01
1.434517e-03 1.420391e-04 9.700023e-02 2.475000e+00 0.000000e+00 5.000000e-01
1.423532e-03 1.409516e-04 9.700023e-02 2.525000e+00 0.000000e+00 5.000000e-01
1.096404e-03 1.225825e-04 9.700023e-02 2.575000e+00 0.000000e+00 5.000000e-01
1.041151e-03 1.194288e-04 9.700023e-02 2.625000e+00 0.000000e+00 5.000000e-01
1.097395e-03 1.226933e-04 9.700023e-02 2.675000e+00 0.000000e+00 5.000000e-01
1.293778e-03 1.334440e-04 9.700023e-02 2.725000e+00 0.000000e+00 5.000000e-01
9.326560e-04 1.131020e-04 9.700023e-02 2.775000e+00 0.000000e+00 5.000000e-01
1.121521e-03 1.223688e-04 9.700023e-02 2.825000e+00 0.000000e+00 5.000000e-01
1.059046e-03 1.184056e-04 9.700023e-02 2.875000e+00 0.000000e+00 5.000000e-01
6.027616e-04 8.700166e-05 9.700023e-02 2.925000e+00 0.000000e+00 5.000000e-01
7.839812e-04 9.650215e-05 9.700023e-02 2.975000e+00 0.000000e+00 5.000000e-01
6.303563e-04 8.423570e-05 9.700023e-02 3.025000e+00 0.000000e+00 5.000000e-01
6.198303e-04 8.282920e-05 9.700023e-02 3.075000e+00 0.000000e+00 5.000000e-01
6.577802e-04 8.492001e-05 9.700023e-02 3.125000e+00 0.000000e+00 5.000000e-01
7.300229e-04 8.852953e-05 9.700023e-02 3.175000e+00 0.000000e+00 5.000000e-01
3.818601e-04 6.364397e-05 9.700023e-02 3.225000e+00 0.000000e+00 5.000000e-01
6.765587e-04 8.457111e-05 9.700023e-02 3.275000e+00 0.000000e+00 5.000000e-01
2.752308e-04 5.397785e-05 9.700023e-02 3.325000e+00 0.000000e+00 5.000000e-01
4.565569e-04 6.882940e-05 9.700023e-02 3.375000e+00 0.000000e+00 5.000000e-01
4.441887e-04 6.696473e-05 9.700023e-02 3.425000e+00 0.000000e+00 5.000000e-01
3.672540e-04 5.957780e-05 9.700023e-02 3.475000e+00 0.000000e+00 5.000000e-01
4.868689e-04 6.751830e-05 9.700023e-02 3.525000e+00 0.000000e+00 5.000000e-01
3.999305e-04 6.029293e-05 9.700023e-02 3.575000e+00 0.000000e+00 5.000000e-01
5.944490e-04 7.317344e-05 9.700023e-02 3.625000e+00 0.000000e+00 5.000000e-01
4.125410e-04 6.082743e-05 9.700023e-02 3.675000e+00 0.000000e+00 5.000000e-01
5.681339e-04 7.101878e-05 9.700023e-02 3.725000e+00 0.000000e+00 5.000000e-01
6.788657e-04 7.686933e-05 9.700023e-02 3.775000e+00 0.000000e+00 5.000000e-01
4.027569e-04 5.813447e-05 9.700023e-02 3.825000e+00 0.000000e+00 5.000000e-01
5.096770e-04 6.371190e-05 9.700023e-02 3.875000e+00 0.000000e+00 5.000000e-01
6.259751e-04 6.830290e-05 9.700023e-02 3.925000e+00 0.000000e+00 5.000000e-01
5.710052e-04 6.230503e-05 9.700023e-02 3.975000e+00 0.000000e+00 5.000000e-01
3.059440e-01 2.326994e-03 1.170002e-01 2.500000e-02 0.000000e+00 5.000000e-01
1.557417e-01 1.661063e-03 1.170002e-01 7.500000e-02 0.000000e+00 5.000000e-01
3.303467e-02 7.635149e-04 1.170002e-01 1.250000e-01 0.000000e+00 5.000000e-01
7.932707e-03 3.706715e-04 1.170002e-01 1.750000e-01 0.000000e+00 5.000000e-01
4.657766e-03 2.834630e-04 1.170002e-01 2.250000e-01 0.000000e+00 5.000000e-01
2.308985e-03 1.994662e-04 1.170002e-01 2.750000e-01 0.000000e+00 5.000000e-01
1.370783e-03 1.532583e-04 1.170002e-01 3.250000e-01 0.000000e+00 5.000000e-01
8.090086e-04 1.167705e-04 1.170002e-01 3.750000e-01 0.000000e+00 5.000000e-01
8.067038e-04 1.164378e-04 1.170002e-01 4.250000e-01 0.000000e+00 5.000000e-01
5.016840e-04 9.159468e-05 1.170002e-01 4.750000e-01 0.000000e+00 5.000000e-01
5.364784e-04 9.483701e-05 1.170002e-01 5.250000e-01 0.000000e+00 5.000000e-01
4.419689e-04 8.667737e-05 1.170002e-01 5.750000e-01 0.000000e+00 5.000000e-01
5.451723e-04 9.637390e-05 1.170002e-01 6.250000e-01 0.000000e+00 5.000000e-01
1.100715e-03 1.375896e-04 1.170002e-01 6.750000e-01 0.000000e+00 5.000000e-01
8.703503e-04 1.230863e-04 1.170002e-01 7.250000e-01 0.000000e+00 5.000000e-01
6.392483e-04 1.065416e-04 1.170002e-01 7.750000e-01 0.000000e+00 5.000000e-01
8.230438e-04 1.213513e-04 1.170002e-01 8.250000e-01 0.000000e+00 5.000000e-01
1.075826e-03 1.388888e-04 1.170002e-01 8.750000e-01 0.000000e+00 5.000000e-01
8.012192e-04 1.207885e-04 1.170002e-01 9.250000e-01 0.000000e+00 5.000000e-01
6.956101e-04 1.128431e-04 1.170002e-01 9.750000e-01 0.000000e+00 5.000000e-01
6.187571e-04 1.061161e-04 1.170002e-01 1.025000e+00 0.000000e+00 5.000000e-01
8.806937e-04 1.245492e-04 1.170002e-01 1.075000e+00 0.000000e+00 5.000000e-01
6.450504e-04 1.046412e-04 1.170002e-01 1.125000e+00 0.000000e+00 5.000000e-01
6.543704e-04 1.034653e-04 1.170002e-01 1.175000e+00 0.000000e+00 5.000000e-01
9.093614e-04 1.194053e-04 1.170002e-01 1.225000e+00 0.000000e+00 5.000000e-01
6.840039e-04 1.031177e-04 1.170002e-01 1.275000e+00 0.000000e+00 5.000000e-01
9.359842e-04 1.208352e-04 1.170002e-01 1.325000e+00 0.000000e+00 5.000000e-01
7.984086e-04 1.107196e-04 1.170002e-01 1.375000e+00 0.000000e+00 5.000000e-01
1.068301e-03 1.276867e-04 1.170002e-01 1.425000e+00 0.000000e+00 5.000000e-01
7.299846e-04 1.053645e-04 1.170002e-01 1.475000e+00 0.000000e+00 5.000000e-01
1.152004e-03 1.321442e-04 1.170002e-01 1.525000e+00 0.000000e+00 5.000000e-01
1.126753e-03 1.309826e-04 1.170002e-01 1.575000e+00 0.000000e+00 5.000000e-01
1.158170e-03 1.328515e-04 1.170002e-01 1.625000e+00 0.000000e+00 5.000000e-01
1.237471e-03 1.383539e-04 1.170002e-01 1.675000e+00 0.000000e+00 5.000000e-01
1.320095e-03 1.440346e-04 1.170002e-01 1.725000e+00 0.000000e+00 5.000000e-01
1.472664e-03 1.518943e-04 1.170002e-01 1.775000e+00 0.000000e+00 5.000000e-01
2.046851e-03 1.781560e-04 1.170002e-01 1.825000e+00 0.000000e+00 5.000000e-01
2.396622e-03 1.918839e-04 1.170002e-01 1.875000e+00 0.000000e+00 5.000000e-01
1.994387e-03 1.749199e-04 1.170002e-01 1.925000e+00 0.000000e+00 5.000000e-01
2.370089e-03 1.897598e-04 1.170002e-01 1.975000e+00 0.000000e+00 5.000000e-01
2.619916e-03 1.986161e-04 1.170002e-01 2.025000e+00 0.000000e+00 5.000000e-01
3.728649e-03 2.358215e-04 1.170002e-01 2.075000e+00 0.000000e+00 5.000000e-01
3.182450e-03 2.175487e-04 1.170002e-01 2.125000e+00 0.000000e+00 5.000000e-01
2.692250e-03 1.995637e-04 1.170002e-01 2.175000e+00 0.000000e+00 5.000000e-01
2.458881e-03 1.897075e-04 1.170002e-01 2.225000e+00 0.000000e+00 5.000000e-01
1.598287e-03 1.523914e-04 1.170002e-01 2.275000e+00 0.000000e+00 5.000000e-01
1.491940e-03 1.462974e-04 1.170002e-01 2.325000e+00 0.000000e+00 5.000000e-01
1.457047e-03 1.442699e-04 1.170002e-01 2.375000e+00 0.000000e+00 5.000000e-01
1.279642e-03 1.348869e-04 1.170002e-01 2.425000e+00 0.000000e+00 5.000000e-01
1.249345e-03 1.331813e-04 1.170002e-01 2.475000e+00 0.000000e+00 5.000000e-01
1.475698e-03 1.447050e-04 1.170002e-01 2.525000e+00 0.000000e+00 5.000000e-01
1.108651e-03 1.255308e-04 1.170002e-01 2.575000e+00 0.000000e+00 5.000000e-01
1.125714e-03 1.258595e-04 1.170002e-01 2.625000e+00 0.000000e+00 5.000000e-01
1.427523e-03 1.413467e-04 1.170002e-01 2.675000e+00 0.000000e+00 5.000000e-01
1.182826e-03 1.275483e-04 1.170002e-01 2.725000e+00 0.000000e+00 5.000000e-01
1.037070e-03 1.189607e-04 1.170002e-01 2.775000e+00 0.000000e+00 5.000000e-01
7.277921e-04 9.904070e-05 1.170002e-01 2.825000e+00 0.000000e+00 5.000000e-01
6.915108e-04 9.589621e-05 1.170002e-01 2.875000e+00 0.000000e+00 5.000000e-01
7.347253e-04 9.818238e-05 1.170002e-01 2.925000e+00 0.000000e+00 5.000000e-01
8.320198e-04 1.040035e-04 1.170002e-01 2.975000e+00 0.000000e+00 5.000000e-01
7.588562e-04 9.796868e-05 1.170002e-01 3.025000e+00 0.000000e+00 5.000000e-01
8.368518e-04 1.000239e-04 1.170002e-01 3.075000e+00 0.000000e+00 5.000000e-01
6.753507e-04 8.718838e-05 1.170002e-01 3.125000e+00 0.000000e+00 5.000000e-01
5.821118e-04 7.921641e-05 1.170002e-01 3.175000e+00 0.000000e+00 5.000000e-01
4.013511e-04 6.510836e-05 1.170002e-01 3.225000e+00 0.000000e+00 5.000000e-01
5.543042e-04 7.543210e-05 1.170002e-01 3.275000e+00 0.000000e+00 5.000000e-01
4.805837e-04 6.936710e-05 1.170002e-01 3.325000e+00 0.000000e+00 5.000000e-01
5.637575e-04 7.402601e-05 1.170002e-01 3.375000e+00 0.000000e+00 5.000000e-01
4.838495e-04 6.842773e-05 1.170002e-01 3.425000e+00 0.000000e+00 5.000000e-01
3.664605e-04 5.944852e-05 1.170002e-01 3.475000e+00 0.000000e+00 5.000000e-01
5.385280e-04 7.196547e-05 1.170002e-01 3.525000e+00 0.000000e+00 5.000000e-01
4.428799e-04 6.530104e-05 1.170002e-01 3.575000e+00 0.000000e+00 5.000000e-01
5.337748e-04 7.133043e-05 1.170002e-01 3.625000e+00 0.000000e+00 5.000000e-01
4.367854e-04 6.440221e-05 1.170002e-01 3.675000e+00 0.000000e+00 5.000000e-01
4.323116e-04 6.374274e-05 1.170002e-01 3.725000e+00 0.000000e+00 5.000000e-01
3.861616e-04 5.958777e-05 1.170002e-01 3.775000e+00 0.000000e+00 5.000000e-01
6.878315e-04 7.788469e-05 1.170002e-01 3.825000e+00 0.000000e+00 5.000000e-01
5.510178e-04 6.782856e-05 1.170002e-01 3.875000e+00 0.000000e+00 5.000000e-01
6.803226e-04 7.252663e-05 1.170002e-01 3.925000e+00 0.000000e+00 5.000000e-01
5.255176e-04 6.109315e-05 1.170002e-01 3.975000e+00 0.000000e+00 5.000000e-01
3.013930e-01 2.346201e-03 1.370002e-01 2.500000e-02 0.000000e+00 5.000000e-01
1.614210e-01 1.706274e-03 1.370002e-01 7.500000e-02 0.000000e+00 5.000000e-01
3.474358e-02 7.920861e-04 1.370002e-01 1.250000e-01 0.000000e+00 5.000000e-01
8.540926e-03 3.922982e-04 1.370002e-01 1.750000e-01 0.000000e+00 5.000000e-01
5.588946e-03 3.154029e-04 1.370002e-01 2.250000e-01 0.000000e+00 5.000000e-01
2.370190e-03 2.047535e-04 1.370002e-01 2.750000e-01 0.000000e+00 5.000000e-01
1.238472e-03 1.480259e-04 1.370002e-01 3.250000e-01 0.000000e+00 5.000000e-01
1.298741e-03 1.509757e-04 1.370002e-01 3.750000e-01 0.000000e+00 5.000000e-01
7.928442e-04 1.168986e-04 1.370002e-01 4.250000e-01 0.000000e+00 5.000000e-01
4.461033e-04 8.748818e-05 1.370002e-01 4.750000e-01 0.000000e+00 5.000000e-01
4.422196e-04 8.672650e-05 1.370002e-01 5.250000e-01 0.000000e+00 5.000000e-01
5.728286e-04 9.823939e-05 1.370002e-01 5.750000e-01 0.000000e+00 5.000000e-01
4.703443e-04 8.888686e-05 1.370002e-01 6.250000e-01 0.000000e+00 5.000000e-01
5.705000e-04 9.784012e-05 1.370002e-01 6.750000e-01 0.000000e+00 5.000000e-01
7.038403e-04 1.086050e-04 1.370002e-01 7.250000e-01 0.000000e+00 5.000000e-01
8.057382e-04 1.162985e-04 1.370002e-01 7.750000e-01 0.000000e+00 5.000000e-01
8.422047e-04 1.191059e-04 1.370002e-01 8.250000e-01 0.000000e+00 5.000000e-01
6.650863e-04 1.051595e-04 1.370002e-01 8.750000e-01 0.000000e+00 5.000000e-01
5.179548e-04 9.156250e-05 1.370002e-01 9.250000e-01 0.000000e+00 5.000000e-01
6.067697e-04 9.843115e-05 1.370002e-01 9.750000e-01 0.000000e+00 5.000000e-01
6.610173e-04 1.019973e-04 1.370002e-01 1.025000e+00 0.000000e+00 5.000000e-01
4.071329e-04 7.984544e-05 1.370002e-01 1.075000e+00 0.000000e+00 5.000000e-01
6.241206e-04 9.868227e-05 1.370002e-01 1.125000e+00 0.000000e+00 5.000000e-01
8.159941e-04 1.131583e-04 1.370002e-01 1.175000e+00 0.000000e+00 5.000000e-01
7.182511e-04 1.059006e-04 1.370002e-01 1.225000e+00 0.000000e+00 5.000000e-01
7.461181e-04 1.076931e-04 1.370002e-01 1.275000e+00 0.000000e+00 5.000000e-01
7.445462e-04 1.074662e-04 1.370002e-01 1.325000e+00 0.000000e+00 5.000000e-01
9.005030e-04 1.182420e-04 1.370002e-01 1.375000e+00 0.000000e+00 5.000000e-01
9.096466e-04 1.194427e-04 1.370002e-01 1.425000e+00 0.000000e+00 5.000000e-01
8.211470e-04 1.138728e-04 1.370002e-01 1.475000e+00 0.000000e+00 5.000000e-01
1.026091e-03 1.282617e-04 1.370002e-01 1.525000e+00 0.000000e+00 5.000000e-01
1.026611e-03 1.283267e-04 1.370002e-01 1.575000e+00 0.000000e+00 5.000000e-01
1.139349e-03 1.342738e-04 1.370002e-01 1.625000e+00 0.000000e+00 5.000000e-01
1.164846e-03 1.354109e-04 1.370002e-01 1.675000e+00 0.000000e+00 5.000000e-01
1.381078e-03 1.472239e-04 1.370002e-01 1.725000e+00 0.000000e+00 5.000000e-01
1.687321e-03 1.623630e-04 1.370002e-01 1.775000e+00 0.000000e+00 5.000000e-01
1.825734e-03 1.680729e-04 1.370002e-01 1.825000e+00 0.000000e+00 5.000000e-01
1.776547e-03 1.649488e-04 1.370002e-01 1.875000e+00 0.000000e+00 5.000000e-01
2.017091e-03 1.755659e-04 1.370002e-01 1.925000e+00 0.000000e+00 5.000000e-01
3.136106e-03 2.185036e-04 1.370002e-01 1.975000e+00 0.000000e+00 5.000000e-01
2.745374e-03 2.035014e-04 1.370002e-01 2.025000e+00 0.000000e+00 5.000000e-01
3.438024e-03 2.266976e-04 1.370002e-01 2.075000e+00 0.000000e+00 5.000000e-01
3.263098e-03 2.199989e-04 1.370002e-01 2.125000e+00 0.000000e+00 5.000000e-01
2.302778e-03 1.843705e-04 1.370002e-01 2.175000e+00 0.000000e+00 5.000000e-01
1.872006e-03 1.654643e-04 1.370002e-01 2.225000e+00 0.000000e+00 5.000000e-01
1.897493e-03 1.664218e-04 1.370002e-01 2.275000e+00 0.000000e+00 5.000000e-01
1.136457e-03 1.286789e-04 1.370002e-01 2.325000e+00 0.000000e+00 5.000000e-01
1.142585e-03 1.293730e-04 1.370002e-01 2.375000e+00 0.000000e+00 5.000000e-01
1.205717e-03 1.331499e-04 1.370002e-01 2.425000e+00 0.000000e+00 5.000000e-01
1.669444e-03 1.563585e-04 1.370002e-01 2.475000e+00 0.000000e+00 5.000000e-01
1.130534e-03 1.280085e-04 1.370002e-01 2.525000e+00 0.000000e+00 5.000000e-01
1.202862e-03 1.312439e-04 1.370002e-01 2.575000e+00 0.000000e+00 5.000000e-01
1.360663e-03 1.388729e-04 1.370002e-01 2.625000e+00 0.000000e+00 5.000000e-01
1.545858e-03 1.473929e-04 1.370002e-01 2.675000e+00 0.000000e+00 5.000000e-01
1.003522e-03 1.182669e-04 1.370002e-01 2.725000e+00 0.000000e+00 5.000000e-01
1.043016e-03 1.196428e-04 1.370002e-01 2.775000e+00 0.000000e+00 5.000000e-01
1.083688e-03 1.211609e-04 1.370002e-01 2.825000e+00 0.000000e+00 5.000000e-01
9.113241e-04 1.105153e-04 1.370002e-01 2.875000e+00 0.000000e+00 5.000000e-01
6.108888e-04 9.007146e-05 1.370002e-01 2.925000e+00 0.000000e+00 5.000000e-01
8.882966e-04 1.077224e-04 1.370002e-01 2.975000e+00 0.000000e+00 5.000000e-01
7.969275e-04 1.012109e-04 1.370002e-01 3.025000e+00 0.000000e+00 5.000000e-01
8.358305e-04 1.028846e-04 1.370002e-01 3.075000e+00 0.000000e+00 5.000000e-01
6.454514e-04 8.950886e-05 1.370002e-01 3.125000e+00 0.000000e+00 5.000000e-01
6.609616e-04 8.832583e-05 1.370002e-01 3.175000e+00 0.000000e+00 5.000000e-01
5.239352e-04 7.562477e-05 1.370002e-01 3.225000e+00 0.000000e+00 5.000000e-01
6.328209e-04 8.036972e-05 1.370002e-01 3.275000e+00 0.000000e+00 5.000000e-01
6.102306e-04 7.750052e-05 1.370002e-01 3.325000e+00 0.000000e+00 5.000000e-01
5.252645e-04 7.148069e-05 1.370002e-01 3.375000e+00 0.000000e+00 5.000000e-01
4.433410e-04 6.536842e-05 1.370002e-01 3.425000e+00 0.000000e+00 5.000000e-01
5.435209e-04 7.263223e-05 1.370002e-01 3.475000e+00 0.000000e+00 5.000000e-01
4.734913e-04 6.834413e-05 1.370002e-01 3.525000e+00 0.000000e+00 5.000000e-01
5.650350e-04 7.550762e-05 1.370002e-01 3.575000e+00 0.000000e+00 5.000000e-01
5.663253e-04 7.568026e-05 1.370002e-01 3.625000e+00 0.000000e+00 5.000000e-01
4.348210e-04 6.555341e-05 1.370002e-01 3.675000e+00 0.000000e+00 5.000000e-01
4.586199e-04 6.619755e-05 1.370002e-01 3.725000e+00 0.000000e+00 5.000000e-01
8.325155e-04 8.775802e-05 1.370002e-01 3.775000e+00 0.000000e+00 5.000000e-01
6.268389e-04 7.492429e-05 1.370002e-01 3.825000e+00 0.000000e+00 5.000000e-01
3.935147e-04 5.802298e-05 1.370002e-01 3.875000e+00 0.000000e+00 5.000000e-01
5.671002e-04 6.778430e-05 1.370002e-01 3.925000e+00 0.000000e+00 5.000000e-01
8.536480e-04 7.995536e-05 1.370002e-01 3.975000e+00 0.000000e+00 5.000000e-01
3.086216e-01 2.385476e-03 1.570003e-01 2.500000e-02 0.000000e+00 5.000000e-01
1.593230e-01 1.706164e-03 1.570003e-01 7.500000e-02 0.000000e+00 5.000000e-01
3.047404e-02 7.448224e-04 1.570003e-01 1.250000e-01 0.000000e+00 5.000000e-01
8.733190e-03 3.994472e-04 1.570003e-01 1.750000e-01 0.000000e+00 5.000000e-01
4.627887e-03 2.903798e-04 1.570003e-01 2.250000e-01 0.000000e+00 5.000000e-01
2.428946e-03 2.098292e-04 1.570003e-01 2.750000e-01 0.000000e+00 5.000000e-01
1.593415e-03 1.698588e-04 1.570003e-01 3.250000e-01 0.000000e+00 5.000000e-01
1.082570e-03 1.397593e-04 1.570003e-01 3.750000e-01 0.000000e+00 5.000000e-01
3.940682e-04 8.401566e-05 1.570003e-01 4.250000e-01 0.000000e+00 5.000000e-01
4.251491e-04 8.678327e-05 1.570003e-01 4.750000e-01 0.000000e+00 5.000000e-01
5.280314e-04 9.640507e-05 1.570003e-01 5.250000e-01 0.000000e+00 5.000000e-01
7.704357e-04 1.161478e-04 1.570003e-01 5.750000e-01 0.000000e+00 5.000000e-01
6.182494e-04 1.030417e-04 1.570003e-01 6.250000e-01 0.000000e+00 5.000000e-01
7.014439e-04 1.082353e-04 1.570003e-01 6.750000e-01 0.000000e+00 5.000000e-01
8.726158e-04 1.187482e-04 1.570003e-01 7.250000e-01 0.000000e+00 5.000000e-01
9.277211e-04 1.197685e-04 1.570003e-01 7.750000e-01 0.000000e+00 5.000000e-01
3.871385e-04 7.592418e-05 1.570003e-01 8.250000e-01 0.000000e+00 5.000000e-01
5.609266e-04 9.099446e-05 1.570003e-01 8.750000e-01 0.000000e+00 5.000000e-01
7.698595e-04 1.067605e-04 1.570003e-01 9.250000e-01 0.000000e+00 5.000000e-01
7.382445e-04 1.044037e-04 1.570003e-01 9.750000e-01 0.000000e+00 5.000000e-01
5.931758e-04 9.378951e-05 1.570003e-01 1.025000e+00 0.000000e+00 5.000000e-01
6.250887e-04 9.645341e-05 1.570003e-01 1.075000e+00 0.000000e+00 5.000000e-01
6.549372e-04 9.873571e-05 1.570003e-01 1.125000e+00 0.000000e+00 5.000000e-01
6.372578e-04 9.833121e-05 1.570003e-01 1.175000e+00 0.000000e+00 5.000000e-01
7.184136e-04 1.059245e-04 1.570003e-01 1.225000e+00 0.000000e+00 5.000000e-01
5.109299e-04 9.032068e-05 1.570003e-01 1.275000e+00 0.000000e+00 5.000000e-01
9.507784e-04 1.248437e-04 1.570003e-01 1.325000e+00 0.000000e+00 5.000000e-01
1.145762e-03 1.369449e-04 1.570003e-01 1.375000e+00 0.000000e+00 5.000000e-01
1.171643e-03 1.380799e-04 1.570003e-01 1.425000e+00 0.000000e+00 5.000000e-01
1.003758e-03 1.274778e-04 1.570003e-01 1.475000e+00 0.000000e+00 5.000000e-01
9.658861e-04 1.246956e-04 1.570003e-01 1.525000e+00 0.000000e+00 5.000000e-01
1.027423e-03 1.284282e-04 1.570003e-01 1.575000e+00 0.000000e+00 5.000000e-01
1.518680e-03 1.550000e-04 1.570003e-01 1.625000e+00 0.000000e+00 5.000000e-01
1.605644e-03 1.589829e-04 1.570003e-01 1.675000e+00 0.000000e+00 5.000000e-01
1.598371e-03 1.582628e-04 1.570003e-01 1.725000e+00 0.000000e+00 5.000000e-01
2.030895e-03 1.781218e-04 1.570003e-01 1.775000e+00 0.000000e+00 5.000000e-01
1.917277e-03 1.721771e-04 1.570003e-01 1.825000e+00 0.000000e+00 5.000000e-01
1.838808e-03 1.678599e-04 1.570003e-01 1.875000e+00 0.000000e+00 5.000000e-01
2.533842e-03 1.966648e-04 1.570003e-01 1.925000e+00 0.000000e+00 5.000000e-01
2.274126e-03 1.856822e-04 1.570003e-01 1.975000e+00 0.000000e+00 5.000000e-01
2.698924e-03 2.011667e-04 1.570003e-01 2.025000e+00 0.000000e+00 5.000000e-01
2.930521e-03 2.093239e-04 1.570003e-01 2.075000e+00 0.000000e+00 5.000000e-01
3.494381e-03 2.284356e-04 1.570003e-01 2.125000e+00 0.000000e+00 5.000000e-01
2.513321e-03 1.939078e-04 1.570003e-01 2.175000e+00 0.000000e+00 5.000000e-01
1.744373e-03 1.619618e-04 1.570003e-01 2.225000e+00 0.000000e+00 5.000000e-01
1.875621e-03 1.684365e-04 1.570003e-01 2.275000e+00 0.000000e+00 5.000000e-01
1.601368e-03 1.555394e-04 1.570003e-01 2.325000e+00 0.000000e+00 5.000000e-01
1.919065e-03 1.696240e-04 1.570003e-01 2.375000e+00 0.000000e+00 5.000000e-01
1.661096e-03 1.569597e-04 1.570003e-01 2.425000e+00 0.000000e+00 5.000000e-01
1.120907e-03 1.285774e-04 1.570003e-01 2.475000e+00 0.000000e+00 5.000000e-01
1.496112e-03 1.481380e-04 1.570003e-01 2.525000e+00 0.000000e+00 5.000000e-01
1.390033e-03 1.418705e-04 1.570003e-01 2.575000e+00 0.000000e+00 5.000000e-01
1.373210e-03 1.401534e-04 1.570003e-01 2.625000e+00 0.000000e+00 5.000000e-01
1.102888e-03 1.248783e-04 1.570003e-01 2.675000e+00 0.000000e+00 5.000000e-01
8.997568e-04 1.124704e-04 1.570003e-01 2.725000e+00 0.000000e+00 5.000000e-01
8.615444e-04 1.094170e-04 1.570003e-01 2.775000e+00 0.000000e+00 5.000000e-01
8.742816e-04 1.092861e-04 1.570003e-01 2.825000e+00 0.000000e+00 5.000000e-01
1.001636e-03 1.164386e-04 1.570003e-01 2.875000e+00 0.000000e+00 5.000000e-01
7.506823e-04 1.003151e-04 1.570003e-01 2.925000e+00 0.000000e+00 5.000000e-01
5.785722e-04 8.722370e-05 1.570003e-01 2.975000e+00 0.000000e+00 5.000000e-01
8.231578e-04 1.028956e-04 1.570003e-01 3.025000e+00 0.000000e+00 5.000000e-01
9.231230e-04 1.073120e-04 1.570003e-01 3.075000e+00 0.000000e+00 5.000000e-01
6.115516e-04 8.648707e-05 1.570003e-01 3.125000e+00 0.000000e+00 5.000000e-01
8.087262e-04 9.807371e-05 1.570003e-01 3.175000e+00 0.000000e+00 5.000000e-01
5.833592e-04 8.250078e-05 1.570003e-01 3.225000e+00 0.000000e+00 5.000000e-01
4.595834e-04 7.266726e-05 1.570003e-01 3.275000e+00 0.000000e+00 5.000000e-01
4.157957e-04 6.745191e-05 1.570003e-01 3.325000e+00 0.000000e+00 5.000000e-01
5.860079e-04 7.830991e-05 1.570003e-01 3.375000e+00 0.000000e+00 5.000000e-01
4.298296e-04 6.632540e-05 1.570003e-01 3.425000e+00 0.000000e+00 5.000000e-01
4.471459e-04 6.741059e-05 1.570003e-01 3.475000e+00 0.000000e+00 5.000000e-01
2.631417e-04 5.160748e-05 1.570003e-01 3.525000e+00 0.000000e+00 5.000000e-01
5.158388e-04 7.153545e-05 1.570003e-01 3.575000e+00 0.000000e+00 5.000000e-01
4.733903e-04 6.832960e-05 1.570003e-01 3.625000e+00 0.000000e+00 5.000000e-01
4.735705e-04 6.835601e-05 1.570003e-01 3.675000e+00 0.000000e+00 5.000000e-01
5.028556e-04 6.973559e-05 1.570003e-01 3.725000e+00 0.000000e+00 5.000000e-01
5.055006e-04 6.879262e-05 1.570003e-01 3.775000e+00 0.000000e+00 5.000000e-01
4.501986e-04 6.367083e-05 1.570003e-01 3.825000e+00 0.000000e+00 5.000000e-01
5.038797e-04 6.616554e-05 1.570003e-01 3.875000e+00 0.000000e+00 5.000000e-01
4.470852e-04 6.084284e-05 1.570003e-01 3.925000e+00 0.000000e+00 5.000000e-01
5.304427e-04 6.432956e-05 1.570003e-01 3.975000e+00 0.000000e+00 5.000000e-01
3.027094e-01 2.370715e-03 1.770003e-01 2.500000e-02 0.000000e+00 5.000000e-01
1.582228e-01 1.708747e-03 1.770003e-01 7.500000e-02 0.000000e+00 5.000000e-01
3.326712e-02 7.823777e-04 1.770003e-01 1.250000e-01 0.000000e+00 5.000000e-01
1.028591e-02 4.346595e-04 1.770003e-01 1.750000e-01 0.000000e+00 5.000000e-01
5.759058e-03 3.250028e-04 1.770003e-01 2.250000e-01 0.000000e+00 5.000000e-01
3.077391e-03 2.374261e-04 1.770003e-01 2.750000e-01 0.000000e+00 5.000000e-01
1.901879e-03 1.864948e-04 1.770003e-01 3.250000e-01 0.000000e+00 5.000000e-01
1.057737e-03 1.388879e-04 1.770003e-01 3.750000e-01 0.000000e+00 5.000000e-01
6.799909e-04 1.103092e-04 1.770003e-01 4.250000e-01 0.000000e+00 5.000000e-01
6.239584e-04 1.039932e-04 1.770003e-01 4.750000e-01 0.000000e+00 5.000000e-01
7.732844e-04 1.140147e-04 1.770003e-01 5.250000e-01 0.000000e+00 5.000000e-01
8.473973e-04 1.175130e-04 1.770003e-01 5.750000e-01 0.000000e+00 5.000000e-01
7.570777e-04 1.092749e-04 1.770003e-01 6.250000e-01 0.000000e+00 5.000000e-01
5.032195e-04 8.895762e-05 1.770003e-01 6.750000e-01 0.000000e+00 5.000000e-01
1.093638e-03 1.307149e-04 1.770003e-01 7.250000e-01 0.000000e+00 5.000000e-01
5.230508e-04 8.970265e-05 1.770003e-01 7.750000e-01 0.000000e+00 5.000000e-01
4.841852e-04 8.559277e-05 1.770003e-01 8.250000e-01 0.000000e+00 5.000000e-01
8.739069e-04 1.147498e-04 1.770003e-01 8.750000e-01 0.000000e+00 5.000000e-01
6.296706e-04 9.716041e-05 1.770003e-01 9.250000e-01 0.000000e+00 5.000000e-01
6.584588e-04 9.926661e-05 1.770003e-01 9.750000e-01 0.000000e+00 5.000000e-01
7.872624e-04 1.091738e-04 1.770003e-01 1.025000e+00 0.000000e+00 5.000000e-01
6.107308e-04 9.656517e-05 1.770003e-01 1.075000e+00 0.000000e+00 5.000000e-01
6.447690e-04 9.949019e-05 1.770003e-01 1.125000e+00 0.000000e+00 5.000000e-01
6.214110e-04 9.825391e-05 1.770003e-01 1.175000e+00 0.000000e+00 5.000000e-01
9.919858e-04 1.239985e-04 1.770003e-01 1.225000e+00 0.000000e+00 5.000000e-01
7.180143e-04 1.058656e-04 1.770003e-01 1.275000e+00 0.000000e+00 5.000000e-01
8.482645e-04 1.154345e-04 1.770003e-01 1.325000e+00 0.000000e+00 5.000000e-01
1.007475e-03 1.259347e-04 1.770003e-01 1.375000e+00 0.000000e+00 5.000000e-01
7.937911e-04 1.122592e-04 1.770003e-01 1.425000e+00 0.000000e+00 5.000000e-01
1.247817e-03 1.412878e-04 1.770003e-01 1.475000e+00 0.000000e+00 5.000000e-01
8.028727e-04 1.135436e-04 1.770003e-01 1.525000e+00 0.000000e+00 5.000000e-01
1.382916e-03 1.491240e-04 1.770003e-01 1.575000e+00 0.000000e+00 5.000000e-01
1.299096e-03 1.434615e-04 1.770003e-01 1.625000e+00 0.000000e+00 5.000000e-01
1.419750e-03 1.496553e-04 1.770003e-01 1.675000e+00 0.000000e+00 5.000000e-01
1.750265e-03 1.653849e-04 1.770003e-01 1.725000e+00 0.000000e+00 5.000000e-01
1.522164e-03 1.537622e-04 1.770003e-01 1.775000e+00 0.000000e+00 5.000000e-01
1.755400e-03 1.644089e-04 1.770003e-01 1.825000e+00 0.000000e+00 5.000000e-01
1.776323e-03 1.649280e-04 1.770003e-01 1.875000e+00 0.000000e+00 5.000000e-01
2.205644e-03 1.838043e-04 1.770003e-01 1.925000e+00 0.000000e+00 5.000000e-01
2.797358e-03 2.073548e-04 1.770003e-01 1.975000e+00 0.000000e+00 5.000000e-01
2.822201e-03 2.091961e-04 1.770003e-01 2.025000e+00 0.000000e+00 5.000000e-01
3.513399e-03 2.347498e-04 1.770003e-01 2.075000e+00 0.000000e+00 5.000000e-01
3.324226e-03 2.283096e-04 1.770003e-01 2.125000e+00 0.000000e+00 5.000000e-01
2.385096e-03 1.934577e-04 1.770003e-01 2.175000e+00 0.000000e+00 5.000000e-01
1.896920e-03 1.717399e-04 1.770003e-01 2.225000e+00 0.000000e+00 5.000000e-01
1.854596e-03 1.693013e-04 1.770003e-01 2.275000e+00 0.000000e+00 5.000000e-01
1.532190e-03 1.532196e-04 1.770003e-01 2.325000e+00 0.000000e+00 5.000000e-01
2.114820e-03 1.787358e-04 1.770003e-01 2.375000e+00 0.000000e+00 5.000000e-01
1.436570e-03 1.466202e-04 1.770003e-01 2.425000e+00 0.000000e+00 5.000000e-01
1.630012e-03 1.554163e-04 1.770003e-01 2.475000e+00 0.000000e+00 5.000000e-01
1.177470e-03 1.316458e-04 1.770003e-01 2.525000e+00 0.000000e+00 5.000000e-01
1.256675e-03 1.355116e-04 1.770003e-01 2.575000e+00 0.000000e+00 5.000000e-01
1.044729e-03 1.231232e-04 1.770003e-01 2.625000e+00 0.000000e+00 5.000000e-01
8.300612e-04 1.089931e-04 1.770003e-01 2.675000e+00 0.000000e+00 5.000000e-01
7.069003e-04 9.997150e-05 1.770003e-01 2.725000e+00 0.000000e+00 5.000000e-01
8.114627e-04 1.065511e-04 1.770003e-01 2.775000e+00 0.000000e+00 5.000000e-01
8.300656e-04 1.071618e-04 1.770003e-01 2.825000e+00 0.000000e+00 5.000000e-01
8.467178e-04 1.075343e-04 1.770003e-01 2.875000e+00 0.000000e+00 5.000000e-01
7.716927e-04 1.013292e-04 1.770003e-01 2.925000e+00 0.000000e+00 5.000000e-01
7.820598e-04 1.009645e-04 1.770003e-01 2.975000e+00 0.000000e+00 5.000000e-01
6.614193e-04 9.172313e-05 1.770003e-01 3.025000e+00 0.000000e+00 5.000000e-01
9.019315e-04 1.062948e-04 1.770003e-01 3.075000e+00 0.000000e+00 5.000000e-01
5.176516e-04 7.987640e-05 1.770003e-01 3.125000e+00 0.000000e+00 5.000000e-01
5.603830e-04 8.262484e-05 1.770003e-01 3.175000e+00 0.000000e+00 5.000000e-01
6.837732e-04 9.137419e-05 1.770003e-01 3.225000e+00 0.000000e+00 5.000000e-01
5.904987e-04 8.523211e-05 1.770003e-01 3.275000e+00 0.000000e+00 5.000000e-01
2.953473e-04 6.028875e-05 1.770003e-01 3.325000e+00 0.000000e+00 5.000000e-01
6.131337e-04 8.671132e-05 1.770003e-01 3.375000e+00 0.000000e+00 5.000000e-01
3.516993e-04 6.421184e-05 1.770003e-01 3.425000e+00 0.000000e+00 5.000000e-01
3.479839e-04 6.151643e-05 1.770003e-01 3.475000e+00 0.000000e+00 5.000000e-01
3.268076e-04 5.777330e-05 1.770003e-01 3.525000e+00 0.000000e+00 5.000000e-01
4.375719e-04 6.596817e-05 1.770003e-01 3.575000e+00 0.000000e+00 5.000000e-01
5.639253e-04 7.404908e-05 1.770003e-01 3.625000e+00 0.000000e+00 5.000000e-01
4.362981e-04 6.433070e-05 1.770003e-01 3.675000e+00 0.000000e+00 5.000000e-01
4.695456e-04 6.640536e-05 1.770003e-01 3.725000e+00 0.000000e+00 5.000000e-01
5.422890e-04 7.120867e-05 1.770003e-01 3.775000e+00 0.000000e+00 5.000000e-01
4.758471e-04 6.599070e-05 1.770003e-01 3.825000e+00 0.000000e+00 5.000000e-01
5.632084e-04 7.040399e-05 1.770003e-01 3.875000e+00 0.000000e+00 5.000000e-01
6.541650e-04 7.407305e-05 1.770003e-01 3.925000e+00 0.000000e+00 5.000000e-01
6.057481e-04 6.948732e-05 1.770003e-01 3.975000e+00 0.000000e+00 5.000000e-01
3.029615e-01 2.395273e-03 1.970003e-01 2.500000e-02 0.000000e+00 5.000000e-01
1.544838e-01 1.698139e-03 1.970003e-01 7.500000e-02 0.000000e+00 5.000000e-01
3.214777e-02 7.720167e-04 1.970003e-01 1.250000e-01 0.000000e+00 5.000000e-01
9.136915e-03 4.110897e-04 1.970003e-01 1.750000e-01 0.000000e+00 5.000000e-01
5.531219e-03 3.151709e-04 1.970003e-01 2.250000e-01 0.000000e+00 5.000000e-01
3.062823e-03 2.308692e-04 1.970003e-01 2.750000e-01 0.000000e+00 5.000000e-01
1.387251e-03 1.531964e-04 1.970003e-01 3.250000e-01 0.000000e+00 5.000000e-01
8.264969e-04 1.168845e-04 1.970003e-01 3.750000e-01 0.000000e+00 5.000000e-01
6.474644e-04 1.023733e-04 1.970003e-01 4.250000e-01 0.000000e+00 5.000000e-01
6.399361e-04 1.011829e-04 1.970003e-01 4.750000e-01 0.000000e+00 5.000000e-01
4.466839e-04 8.441538e-05 1.970003e-01 5.250000e-01 0.000000e+00 5.000000e-01
8.262046e-04 1.145741e-04 1.970003e-01 5.750000e-01 0.000000e+00 5.000000e-01
5.701885e-04 9.503151e-05 1.970003e-01 6.250000e-01 0.000000e+00 5.000000e-01
6.291495e-04 9.947740e-05 1.970003e-01 6.750000e-01 0.000000e+00 5.000000e-01
7.547091e-04 1.089330e-04 1.970003e-01 7.250000e-01 0.000000e+00 5.000000e-01
6.322798e-04 9.997241e-05 1.970003e-01 7.750000e-01 0.000000e+00 5.000000e-01
6.373721e-04 1.007776e-04 1.970003e-01 8.250000e-01 0.000000e+00 5.000000e-01
7.417218e-04 1.093610e-04 1.970003e-01 8.750000e-01 0.000000e+00 5.000000e-01
7.163096e-04 1.079879e-04 1.970003e-01 9.250000e-01 0.000000e+00 5.000000e-01
8.117012e-04 1.147920e-04 1.970003e-01 9.750000e-01 0.000000e+00 5.000000e-01
4.814542e-04 8.790121e-05 1.970003e-01 1.025000e+00 0.000000e+00 5.000000e-01
3.497977e-04 7.457729e-05 1.970003e-01 1.075000e+00 0.000000e+00 5.000000e-01
7.218422e-04 1.064300e-04 1.970003e-01 1.125000e+00 0.000000e+00 5.000000e-01
8.079782e-04 1.120466e-04 1.970003e-01 1.175000e+00 0.000000e+00 5.000000e-01
9.277024e-04 1.197661e-04 1.970003e-01 1.225000e+00 0.000000e+00 5.000000e-01
1.170030e-03 1.342119e-04 1.970003e-01 1.275000e+00 0.000000e+00 5.000000e-01
6.463845e-04 9.973956e-05 1.970003e-01 1.325000e+00 0.000000e+00 5.000000e-01
8.892416e-04 1.167634e-04 1.970003e-01 1.375000e+00 0.000000e+00 5.000000e-01
9.257986e-04 1.195203e-04 1.970003e-01 1.425000e+00 0.000000e+00 5.000000e-01
9.983083e-04 1.247888e-04 1.970003e-01 1.475000e+00 0.000000e+00 5.000000e-01
1.169196e-03 1.359166e-04 1.970003e-01 1.525000e+00 0.000000e+00 5.000000e-01
1.084632e-03 1.315313e-04 1.970003e-01 1.575000e+00 0.000000e+00 5.000000e-01
1.570408e-03 1.586356e-04 1.970003e-01 1.625000e+00 0.000000e+00 5.000000e-01
1.482876e-03 1.546009e-04 1.970003e-01 1.675000e+00 0.000000e+00 5.000000e-01
1.452755e-03 1.531342e-04 1.970003e-01 1.725000e+00 0.000000e+00 5.000000e-01
1.562071e-03 1.594286e-04 1.970003e-01 1.775000e+00 0.000000e+00 5.000000e-01
1.846958e-03 1.745218e-04 1.970003e-01 1.825000e+00 0.000000e+00 5.000000e-01
2.033855e-03 1.841372e-04 1.970003e-01 1.875000e+00 0.000000e+00 5.000000e-01
2.158303e-03 1.907693e-04 1.970003e-01 1.925000e+00 0.000000e+00 5.000000e-01
2.372658e-03 2.005269e-04 1.970003e-01 1.975000e+00 0.000000e+00 5.000000e-01
2.869514e-03 2.200825e-04 1.970003e-01 2.025000e+00 0.000000e+00 5.000000e-01
3.587431e-03 2.452327e-04 1.970003e-01 2.075000e+00 0.000000e+00 5.000000e-01
2.860359e-03 2.181012e-04 1.970003e-01 2.125000e+00 0.000000e+00 5.000000e-01
2.411797e-03 1.996025e-04 1.970003e-01 2.175000e+00 0.000000e+00 5.000000e-01
1.840290e-03 1.738916e-04 1.970003e-01 2.225000e+00 0.000000e+00 5.000000e-01
1.436527e-03 1.531349e-04 1.970003e-01 2.275000e+00 0.000000e+00 5.000000e-01
1.615371e-03 1.615377e-04 1.970003e-01 2.325000e+00 0.000000e+00 5.000000e-01
1.090462e-03 1.322385e-04 1.970003e-01 2.375000e+00 0.000000e+00 5.000000e-01
1.398754e-03 1.491085e-04 1.970003e-01 2.425000e+00 0.000000e+00 5.000000e-01
1.103882e-03 1.319398e-04 1.970003e-01 2.475000e+00 0.000000e+00 5.000000e-01
8.707513e-04 1.163596e-04 1.970003e-01 2.525000e+00 0.000000e+00 5.000000e-01
1.222649e-03 1.366970e-04 1.970003e-01 2.575000e+00 0.000000e+00 5.000000e-01
1.174112e-03 1.329428e-04 1.970003e-01 2.625000e+00 0.000000e+00 5.000000e-01
1.066352e-03 1.256716e-04 1.970003e-01 2.675000e+00 0.000000e+00 5.000000e-01
1.073638e-03 1.248086e-04 1.970003e-01 2.725000e+00 0.000000e+00 5.000000e-01
1.167686e-03 1.289504e-04 1.970003e-01 2.775000e+00 0.000000e+00 5.000000e-01
9.421502e-04 1.142535e-04 1.970003e-01 2.825000e+00 0.000000e+00 5.000000e-01
7.595636e-04 1.015018e-04 1.970003e-01 2.875000e+00 0.000000e+00 5.000000e-01
7.686227e-04 1.009259e-04 1.970003e-01 2.925000e+00 0.000000e+00 5.000000e-01
8.388365e-04 1.048556e-04 1.970003e-01 2.975000e+00 0.000000e+00 5.000000e-01
7.741912e-04 9.994862e-05 1.970003e-01 3.025000e+00 0.000000e+00 5.000000e-01
6.436252e-04 9.102315e-05 1.970003e-01 3.075000e+00 0.000000e+00 5.000000e-01
4.116413e-04 7.276915e-05 1.970003e-01 3.125000e+00 0.000000e+00 5.000000e-01
3.896792e-04 7.114615e-05 1.970003e-01 3.175000e+00 0.000000e+00 5.000000e-01
5.421557e-04 8.365773e-05 1.970003e-01 3.225000e+00 0.000000e+00 5.000000e-01
3.335102e-04 6.540756e-05 1.970003e-01 3.275000e+00 0.000000e+00 5.000000e-01
3.275968e-04 6.424776e-05 1.970003e-01 3.325000e+00 0.000000e+00 5.000000e-01
2.484344e-04 5.555276e-05 1.970003e-01 3.375000e+00 0.000000e+00 5.000000e-01
3.896057e-04 6.887439e-05 1.970003e-01 3.425000e+00 0.000000e+00 5.000000e-01
4.274045e-04 7.123512e-05 1.970003e-01 3.475000e+00 0.000000e+00 5.000000e-01
2.074465e-04 4.889667e-05 1.970003e-01 3.525000e+00 0.000000e+00 5.000000e-01
2.131060e-04 4.765258e-05 1.970003e-01 3.575000e+00 0.000000e+00 5.000000e-01
4.936256e-04 6.981054e-05 1.970003e-01 3.625000e+00 0.000000e+00 5.000000e-01
4.007668e-04 6.184128e-05 1.970003e-01 3.675000e+00 0.000000e+00 5.000000e-01
5.209450e-04 6.961585e-05 1.970003e-01 3.725000e+00 0.000000e+00 5.000000e-01
3.621004e-04 5.725527e-05 1.970003e-01 3.775000e+00 0.000000e+00 5.000000e-01
5.336492e-04 6.889774e-05 1.970003e-01 3.825000e+00 0.000000e+00 5.000000e-01
7.074872e-04 7.910271e-05 1.970003e-01 3.875000e+00 0.000000e+00 5.000000e-01
5.984117e-04 7.152839e-05 1.970003e-01 3.925000e+00 0.000000e+00 5.000000e-01
6.678535e-04 7.375659e-05 1.970003e-01 3.975000e+00 0.000000e+00 5.000000e-01
2.967360e-01 2.346054e-03 2.170003e-01 2.500000e-02 0.000000e+00 5.000000e-01
1.523828e-01 1.650497e-03 2.170003e-01 7.500000e-02 0.000000e+00 5.000000e-01
3.349782e-02 7.609220e-04 2.170003e-01 1.250000e-01 0.000000e+00 5.000000e-01
9.352290e-03 3.952068e-04 2.170003e-01 1.750000e-01 0.000000e+00 5.000000e-01
6.337152e-03 3.225529e-04 2.170003e-01 2.250000e-01 0.000000e+00 5.000000e-01
2.728808e-03 2.117968e-04 2.170003e-01 2.750000e-01 0.000000e+00 5.000000e-01
1.340490e-03 1.480326e-04 2.170003e-01 3.250000e-01 0.000000e+00 5.000000e-01
7.815837e-04 1.128120e-04 2.170003e-01 3.750000e-01 0.000000e+00 5.000000e-01
5.493452e-04 9.421209e-05 2.170003e-01 4.250000e-01 0.000000e+00 5.000000e-01
4.805299e-04 8.773247e-05 2.170003e-01 4.750000e-01 0.000000e+00 5.000000e-01
8.272578e-04 1.147202e-04 2.170003e-01 5.250000e-01 0.000000e+00 5.000000e-01
6.792733e-04 1.048143e-04 2.170003e-01 5.750000e-01 0.000000e+00 5.000000e-01
7.552789e-04 1.113600e-04 2.170003e-01 6.250000e-01 0.000000e+00 5.000000e-01
8.613712e-04 1.194509e-04 2.170003e-01 6.750000e-01 0.000000e+00 5.000000e-01
8.036098e-04 1.159913e-04 2.170003e-01 7.250000e-01 0.000000e+00 5.000000e-01
6.389086e-04 1.036448e-04 2.170003e-01 7.750000e-01 0.000000e+00 5.000000e-01
6.645647e-04 1.050770e-04 2.170003e-01 8.250000e-01 0.000000e+00 5.000000e-01
6.281272e-04 1.018958e-04 2.170003e-01 8.750000e-01 0.000000e+00 5.000000e-01
6.913790e-04 1.066823e-04 2.170003e-01 9.250000e-01 0.000000e+00 5.000000e-01
4.614956e-04 8.721465e-05 2.170003e-01 9.750000e-01 0.000000e+00 5.000000e-01
7.627363e-04 1.124596e-04 2.170003e-01 1.025000e+00 0.000000e+00 5.000000e-01
6.314677e-04 1.024379e-04 2.170003e-01 1.075000e+00 0.000000e+00 5.000000e-01
7.537815e-04 1.111391e-04 2.170003e-01 1.125000e+00 0.000000e+00 5.000000e-01
6.540914e-04 1.034212e-04 2.170003e-01 1.175000e+00 0.000000e+00 5.000000e-01
6.226230e-04 1.010030e-04 2.170003e-01 1.225000e+00 0.000000e+00 5.000000e-01
5.282641e-04 9.338499e-05 2.170003e-01 1.275000e+00 0.000000e+00 5.000000e-01
9.507033e-04 1.248337e-04 2.170003e-01 1.325000e+00 0.000000e+00 5.000000e-01
6.838398e-04 1.055190e-04 2.170003e-01 1.375000e+00 0.000000e+00 5.000000e-01
8.415912e-04 1.167080e-04 2.170003e-01 1.425000e+00 0.000000e+00 5.000000e-01
1.230928e-03 1.411975e-04 2.170003e-01 1.475000e+00 0.000000e+00 5.000000e-01
1.272298e-03 1.440597e-04 2.170003e-01 1.525000e+00 0.000000e+00 5.000000e-01
1.356799e-03 1.498337e-04 2.170003e-01 1.575000e+00 0.000000e+00 5.000000e-01
1.332901e-03 1.490233e-04 2.170003e-01 1.625000e+00 0.000000e+00 5.000000e-01
1.633676e-03 1.667369e-04 2.170003e-01 1.675000e+00 0.000000e+00 5.000000e-01
1.435824e-03 1.585607e-04 2.170003e-01 1.725000e+00 0.000000e+00 5.000000e-01
1.754464e-03 1.772282e-04 2.170003e-01 1.775000e+00 0.000000e+00 5.000000e-01
2.050520e-03 1.920494e-04 2.170003e-01 1.825000e+00 0.000000e+00 5.000000e-01
1.696475e-03 1.749785e-04 2.170003e-01 1.875000e+00 0.000000e+00 5.000000e-01
1.707295e-03 1.760945e-04 2.170003e-01 1.925000e+00 0.000000e+00 5.000000e-01
2.075465e-03 1.943857e-04 2.170003e-01 1.975000e+00 0.000000e+00 5.000000e-01
3.173116e-03 2.391834e-04 2.170003e-01 2.025000e+00 0.000000e+00 5.000000e-01
3.625653e-03 2.551012e-04 2.170003e-01 2.075000e+00 0.000000e+00 5.000000e-01
3.292114e-03 2.426989e-04 2.170003e-01 2.125000e+00 0.000000e+00 5.000000e-01
2.422082e-03 2.076927e-04 2.170003e-01 2.175000e+00 0.000000e+00 5.000000e-01
1.725161e-03 1.742685e-04 2.170003e-01 2.225000e+00 0.000000e+00 5.000000e-01
1.224623e-03 1.463710e-04 2.170003e-01 2.275000e+00 0.000000e+00 5.000000e-01
1.464242e-03 1.597627e-04 2.170003e-01 2.325000e+00 0.000000e+00 5.000000e-01
1.447989e-03 1.579893e-04 2.170003e-01 2.375000e+00 0.000000e+00 5.000000e-01
1.395500e-03 1.541078e-04 2.170003e-01 2.425000e+00 0.000000e+00 5.000000e-01
1.041018e-03 1.322099e-04 2.170003e-01 2.475000e+00 0.000000e+00 5.000000e-01
1.160609e-03 1.387201e-04 2.170003e-01 2.525000e+00 0.000000e+00 5.000000e-01
1.411768e-03 1.522359e-04 2.170003e-01 2.575000e+00 0.000000e+00 5.000000e-01
9.947591e-04 1.263353e-04 2.170003e-01 2.625000e+00 0.000000e+00 5.000000e-01
1.095174e-03 1.308992e-04 2.170003e-01 2.675000e+00 0.000000e+00 5.000000e-01
1.409610e-03 1.469632e-04 2.170003e-01 2.725000e+00 0.000000e+00 5.000000e-01
9.945938e-04 1.224269e-04 2.170003e-01 2.775000e+00 0.000000e+00 5.000000e-01
1.034299e-03 1.236234e-04 2.170003e-01 2.825000e+00 0.000000e+00 5.000000e-01
1.015527e-03 1.213799e-04 2.170003e-01 2.875000e+00 0.000000e+00 5.000000e-01
6.531198e-04 9.629790e-05 2.170003e-01 2.925000e+00 0.000000e+00 5.000000e-01
4.758951e-04 8.161604e-05 2.170003e-01 2.975000e+00 0.000000e+00 5.000000e-01
7.250933e-04 1.005533e-04 2.170003e-01 3.025000e+00 0.000000e+00 5.000000e-01
6.354615e-04 9.369482e-05 2.170003e-01 3.075000e+00 0.000000e+00 5.000000e-01
5.974771e-04 9.007402e-05 2.170003e-01 3.125000e+00 0.000000e+00 5.000000e-01
5.604555e-04 8.648094e-05 2.170003e-01 3.175000e+00 0.000000e+00 5.000000e-01
3.941824e-04 7.196840e-05 2.170003e-01 3.225000e+00 0.000000e+00 5.000000e-01
4.899384e-04 7.947973e-05 2.170003e-01 3.275000e+00 0.000000e+00 5.000000e-01
4.842536e-04 7.855767e-05 2.170003e-01 3.325000e+00 0.000000e+00 5.000000e-01
4.249376e-04 7.287684e-05 2.170003e-01 3.375000e+00 0.000000e+00 5.000000e-01
3.913244e-04 6.917768e-05 2.170003e-01 3.425000e+00 0.000000e+00 5.000000e-01
4.803946e-04 7.595880e-05 2.170003e-01 3.475000e+00 0.000000e+00 5.000000e-01
4.462605e-04 7.239434e-05 2.170003e-01 3.525000e+00 0.000000e+00 5.000000e-01
2.079785e-04 4.902238e-05 2.170003e-01 3.575000e+00 0.000000e+00 5.000000e-01
3.355448e-04 6.126388e-05 2.170003e-01 3.625000e+00 0.000000e+00 5.000000e-01
4.558529e-04 6.872388e-05 2.170003e-01 3.675000e+00 0.000000e+00 5.000000e-01
4.369289e-04 6.442301e-05 2.170003e-01 3.725000e+00 0.000000e+00 5.000000e-01
4.198577e-04 6.190672e-05 2.170003e-01 3.775000e+00 0.000000e+00 5.000000e-01
6.023245e-04 7.304493e-05 2.170003e-01 3.825000e+00 0.000000e+00 5.000000e-01
5.981608e-04 7.149671e-05 2.170003e-01 3.875000e+00 0.000000e+00 5.000000e-01
7.216396e-04 7.782000e-05 2.170003e-01 3.925000e+00 0.000000e+00 5.000000e-01
5.442685e-04 6.699863e-05 2.170003e-01 3.975000e+00 0.000000e+00 5.000000e-01
2.999821e-01 2.272072e-03 2.370003e-01 2.500000e-02 0.000000e+00 5.000000e-01
1.571039e-01 1.637212e-03 2.370003e-01 7.500000e-02 0.000000e+00 5.000000e-01
3.402373e-02 7.573938e-04 2.370003e-01 1.250000e-01 0.000000e+00 5.000000e-01
1.076357e-02 4.248049e-04 2.370003e-01 1.750000e-01 0.000000e+00 5.000000e-01
7.152058e-03 3.457081e-04 2.370003e-01 2.250000e-01 0.000000e+00 5.000000e-01
2.862299e-03 2.182485e-04 2.370003e-01 2.750000e-01 0.000000e+00 5.000000e-01
1.365140e-03 1.507546e-04 2.370003e-01 3.250000e-01 0.000000e+00 5.000000e-01
8.025538e-04 1.158388e-04 2.370003e-01 3.750000e-01 0.000000e+00 5.000000e-01
6.707318e-04 1.060521e-04 2.370003e-01 4.250000e-01 0.000000e+00 5.000000e-01
6.068844e-04 1.011475e-04 2.370003e-01 4.750000e-01 0.000000e+00 5.000000e-01
7.186568e-04 1.108912e-04 2.370003e-01 5.250000e-01 0.000000e+00 5.000000e-01
6.126258e-04 1.021044e-04 2.370003e-01 5.750000e-01 0.000000e+00 5.000000e-01
8.486341e-04 1.200151e-04 2.370003e-01 6.250000e-01 0.000000e+00 5.000000e-01
7.214918e-04 1.113288e-04 2.370003e-01 6.750000e-01 0.000000e+00 5.000000e-01
5.516896e-04 9.752597e-05 2.370003e-01 7.250000e-01 0.000000e+00 5.000000e-01
7.839171e-04 1.155825e-04 2.370003e-01 7.750000e-01 0.000000e+00 5.000000e-01
3.751563e-04 7.998376e-05 2.370003e-01 8.250000e-01 0.000000e+00 5.000000e-01
8.290210e-04 1.196591e-04 2.370003e-01 8.750000e-01 0.000000e+00 5.000000e-01
5.920640e-04 1.015384e-04 2.370003e-01 9.250000e-01 0.000000e+00 5.000000e-01
4.216532e-04 8.606967e-05 2.370003e-01 9.750000e-01 0.000000e+00 5.000000e-01
6.328566e-04 1.054763e-04 2.370003e-01 1.025000e+00 0.000000e+00 5.000000e-01
8.806729e-04 1.245463e-04 2.370003e-01 1.075000e+00 0.000000e+00 5.000000e-01
8.120689e-04 1.197332e-04 2.370003e-01 1.125000e+00 0.000000e+00 5.000000e-01
6.401602e-04 1.066937e-04 2.370003e-01 1.175000e+00 0.000000e+00 5.000000e-01
8.938683e-04 1.264124e-04 2.370003e-01 1.225000e+00 0.000000e+00 5.000000e-01
8.848897e-04 1.251426e-04 2.370003e-01 1.275000e+00 0.000000e+00 5.000000e-01
1.242568e-03 1.485156e-04 2.370003e-01 1.325000e+00 0.000000e+00 5.000000e-01
8.543923e-04 1.233211e-04 2.370003e-01 1.375000e+00 0.000000e+00 5.000000e-01
6.079706e-04 1.042663e-04 2.370003e-01 1.425000e+00 0.000000e+00 5.000000e-01
1.160157e-03 1.450200e-04 2.370003e-01 1.475000e+00 0.000000e+00 5.000000e-01
8.513795e-04 1.255293e-04 2.370003e-01 1.525000e+00 0.000000e+00 5.000000e-01
1.157286e-03 1.469758e-04 2.370003e-01 1.575000e+00 0.000000e+00 5.000000e-01
1.463012e-03 1.656540e-04 2.370003e-01 1.625000e+00 0.000000e+00 5.000000e-01
1.629121e-03 1.756731e-04 2.370003e-01 1.675000e+00 0.000000e+00 5.000000e-01
1.522759e-03 1.702501e-04 2.370003e-01 1.725000e+00 0.000000e+00 5.000000e-01
1.299929e-03 1.576400e-04 2.370003e-01 1.775000e+00 0.000000e+00 5.000000e-01
1.991181e-03 1.952518e-04 2.370003e-01 1.825000e+00 0.000000e+00 5.000000e-01
1.851702e-03 1.889892e-04 2.370003e-01 1.875000e+00 0.000000e+00 5.000000e-01
2.827027e-03 2.339672e-04 2.370003e-01 1.925000e+00 0.000000e+00 5.000000e-01
3.235885e-03 2.511543e-04 2.370003e-01 1.975000e+00 0.000000e+00 5.000000e-01
3.045911e-03 2.438688e-04 2.370003e-01 2.025000e+00 0.000000e+00 5.000000e-01
3.856016e-03 2.740362e-04 2.370003e-01 2.075000e+00 0.000000e+00 5.000000e-01
3.093134e-03 2.445345e-04 2.370003e-01 2.125000e+00 0.000000e+00 5.000000e-01
2.488359e-03 2.182446e-04 2.370003e-01 2.175000e+00 0.000000e+00 5.000000e-01
1.260727e-03 1.551854e-04 2.370003e-01 2.225000e+00 0.000000e+00 5.000000e-01
1.675616e-03 1.786222e-04 2.370003e-01 2.275000e+00 0.000000e+00 5.000000e-01
1.474933e-03 1.670039e-04 2.370003e-01 2.325000e+00 0.000000e+00 5.000000e-01
1.229571e-03 1.513504e-04 2.370003e-01 2.375000e+00 0.000000e+00 5.000000e-01
1.069701e-03 1.404592e-04 2.370003e-01 2.425000e+00 0.000000e+00 5.000000e-01
1.531518e-03 1.671032e-04 2.370003e-01 2.475000e+00 0.000000e+00 5.000000e-01
1.500847e-03 1.637564e-04 2.370003e-01 2.525000e+00 0.000000e+00 5.000000e-01
1.192171e-03 1.445726e-04 2.370003e-01 2.575000e+00 0.000000e+00 5.000000e-01
1.008613e-03 1.324382e-04 2.370003e-01 2.625000e+00 0.000000e+00 5.000000e-01
8.885926e-04 1.232267e-04 2.370003e-01 2.675000e+00 0.000000e+00 5.000000e-01
1.139155e-03 1.381438e-04 2.370003e-01 2.725000e+00 0.000000e+00 5.000000e-01
7.230852e-04 1.090098e-04 2.370003e-01 2.775000e+00 0.000000e+00 5.000000e-01
1.073406e-03 1.321281e-04 2.370003e-01 2.825000e+00 0.000000e+00 5.000000e-01
6.771723e-04 1.044909e-04 2.370003e-01 2.875000e+00 0.000000e+00 5.000000e-01
7.993580e-04 1.130473e-04 2.370003e-01 2.925000e+00 0.000000e+00 5.000000e-01
7.205641e-04 1.062421e-04 2.370003e-01 2.975000e+00 0.000000e+00 5.000000e-01
8.267781e-04 1.125114e-04 2.370003e-01 3.025000e+00 0.000000e+00 5.000000e-01
7.464172e-04 1.055607e-04 2.370003e-01 3.075000e+00 0.000000e+00 5.000000e-01
7.545945e-04 1.046445e-04 2.370003e-01 3.125000e+00 0.000000e+00 5.000000e-01
4.798936e-04 8.230212e-05 2.370003e-01 3.175000e+00 0.000000e+00 5.000000e-01
5.745032e-04 8.864895e-05 2.370003e-01 3.225000e+00 0.000000e+00 5.000000e-01
3.726892e-04 7.043260e-05 2.370003e-01 3.275000e+00 0.000000e+00 5.000000e-01
5.943066e-04 8.762685e-05 2.370003e-01 3.325000e+00 0.000000e+00 5.000000e-01
2.777484e-04 5.921698e-05 2.370003e-01 3.375000e+00 0.000000e+00 5.000000e-01
4.960755e-04 7.843749e-05 2.370003e-01 3.425000e+00 0.000000e+00 5.000000e-01
5.351013e-04 8.067117e-05 2.370003e-01 3.475000e+00 0.000000e+00 5.000000e-01
3.100865e-04 6.081363e-05 2.370003e-01 3.525000e+00 0.000000e+00 5.000000e-01
3.500776e-04 6.391698e-05 2.370003e-01 3.575000e+00 0.000000e+00 5.000000e-01
3.643751e-04 6.441451e-05 2.370003e-01 3.625000e+00 0.000000e+00 5.000000e-01
6.013713e-04 8.183837e-05 2.370003e-01 3.675000e+00 0.000000e+00 5.000000e-01
4.534866e-04 6.997644e-05 2.370003e-01 3.725000e+00 0.000000e+00 5.000000e-01
4.365961e-04 6.582089e-05 2.370003e-01 3.775000e+00 0.000000e+00 5.000000e-01
5.987923e-04 7.370863e-05 2.370003e-01 3.825000e+00 0.000000e+00 5.000000e-01
5.379458e-04 6.832116e-05 2.370003e-01 3.875000e+00 0.000000e+00 5.000000e-01
5.507210e-04 6.779228e-05 2.370003e-01 3.925000e+00 0.000000e+00 5.000000e-01
6.775886e-04 7.393485e-05 2.370003e-01 3.975000e+00 0.000000e+00 5.000000e-01
3.103024e-01 2.291946e-03 2.570003e-01 2.500000e-02 0.000000e+00 5.000000e-01
1.698850e-01 1.682939e-03 2.570003e-01 7.500000e-02 0.000000e+00 5.000000e-01
4.189105e-02 8.432359e-04 2.570003e-01 1.250000e-01 0.000000e+00 5.000000e-01
1.709239e-02 5.405095e-04 2.570003e-01 1.750000e-01 0.000000e+00 5.000000e-01
8.561020e-03 3.859610e-04 2.570003e-01 2.250000e-01 0.000000e+00 5.000000e-01
3.222522e-03 2.388695e-04 2.570003e-01 2.750000e-01 0.000000e+00 5.000000e-01
1.138938e-03 1.423674e-04 2.570003e-01 3.250000e-01 0.000000e+00 5.000000e-01
7.870945e-04 1.186591e-04 2.570003e-01 3.750000e-01 0.000000e+00 5.000000e-01
2.856856e-04 7.142150e-05 2.570003e-01 4.250000e-01 0.000000e+00 5.000000e-01
3.562225e-04 7.965392e-05 2.570003e-01 4.750000e-01 0.000000e+00 5.000000e-01
5.745616e-04 1.015692e-04 2.570003e-01 5.250000e-01 0.000000e+00 5.000000e-01
7.252268e-04 1.146686e-04 2.570003e-01 5.750000e-01 0.000000e+00 5.000000e-01
7.625668e-04 1.176668e-04 2.570003e-01 6.250000e-01 0.000000e+00 5.000000e-01
5.064671e-04 9.571345e-05 2.570003e-01 6.750000e-01 0.000000e+00 5.000000e-01
6.172075e-04 1.058503e-04 2.570003e-01 7.250000e-01 0.000000e+00 5.000000e-01
8.120120e-04 1.224156e-04 2.570003e-01 7.750000e-01 0.000000e+00 5.000000e-01
8.513188e-04 1.255203e-04 2.570003e-01 8.250000e-01 0.000000e+00 5.000000e-01
5.135066e-04 9.704375e-05 2.570003e-01 8.750000e-01 0.000000e+00 5.000000e-01
8.541513e-04 1.259380e-04 2.570003e-01 9.250000e-01 0.000000e+00 5.000000e-01
6.432173e-04 1.103110e-04 2.570003e-01 9.750000e-01 0.000000e+00 5.000000e-01
8.006252e-04 1.235394e-04 2.570003e-01 1.025000e+00 0.000000e+00 5.000000e-01
4.926721e-04 9.662122e-05 2.570003e-01 1.075000e+00 0.000000e+00 5.000000e-01
5.657270e-04 1.032873e-04 2.570003e-01 1.125000e+00 0.000000e+00 5.000000e-01
7.981658e-04 1.231599e-04 2.570003e-01 1.175000e+00 0.000000e+00 5.000000e-01
7.328171e-04 1.188788e-04 2.570003e-01 1.225000e+00 0.000000e+00 5.000000e-01
9.093485e-04 1.340763e-04 2.570003e-01 1.275000e+00 0.000000e+00 5.000000e-01
8.045402e-04 1.272092e-04 2.570003e-01 1.325000e+00 0.000000e+00 5.000000e-01
6.910442e-04 1.185133e-04 2.570003e-01 1.375000e+00 0.000000e+00 5.000000e-01
6.205787e-04 1.133019e-04 2.570003e-01 1.425000e+00 0.000000e+00 5.000000e-01
9.296774e-04 1.401546e-04 2.570003e-01 1.475000e+00 0.000000e+00 5.000000e-01
1.149593e-03 1.564403e-04 2.570003e-01 1.525000e+00 0.000000e+00 5.000000e-01
1.495789e-03 1.787814e-04 2.570003e-01 1.575000e+00 0.000000e+00 5.000000e-01
1.484454e-03 1.774265e-04 2.570003e-01 1.625000e+00 0.000000e+00 5.000000e-01
1.474650e-03 1.762549e-04 2.570003e-01 1.675000e+00 0.000000e+00 5.000000e-01
1.685301e-03 1.884230e-04 2.570003e-01 1.725000e+00 0.000000e+00 5.000000e-01
1.439089e-03 1.745157e-04 2.570003e-01 1.775000e+00 0.000000e+00 5.000000e-01
1.608936e-03 1.845582e-04 2.570003e-01 1.825000e+00 0.000000e+00 5.000000e-01
1.814090e-03 1.956190e-04 2.570003e-01 1.875000e+00 0.000000e+00 5.000000e-01
2.730158e-03 2.413149e-04 2.570003e-01 1.925000e+00 0.000000e+00 5.000000e-01
1.974883e-03 2.058967e-04 2.570003e-01 1.975000e+00 0.000000e+00 5.000000e-01
2.586157e-03 2.341406e-04 2.570003e-01 2.025000e+00 0.000000e+00 5.000000e-01
3.522140e-03 2.733721e-04 2.570003e-01 2.075000e+00 0.000000e+00 5.000000e-01
1.999409e-03 2.062241e-04 2.570003e-01 2.125000e+00 0.000000e+00 5.000000e-01
2.160633e-03 2.139353e-04 2.570003e-01 2.175000e+00 0.000000e+00 5.000000e-01
1.765135e-03 1.925927e-04 2.570003e-01 2.225000e+00 0.000000e+00 5.000000e-01
1.678749e-03 1.876905e-04 2.570003e-01 2.275000e+00 0.000000e+00 5.000000e-01
1.459766e-03 1.744761e-04 2.570003e-01 2.325000e+00 0.000000e+00 5.000000e-01
1.196716e-03 1.571371e-04 2.570003e-01 2.375000e+00 0.000000e+00 5.000000e-01
8.522201e-04 1.315011e-04 2.570003e-01 2.425000e+00 0.000000e+00 5.000000e-01
1.124545e-03 1.502747e-04 2.570003e-01 2.475000e+00 0.000000e+00 5.000000e-01
1.387105e-03 1.657919e-04 2.570003e-01 2.525000e+00 0.000000e+00 5.000000e-01
9.451239e-04 1.364177e-04 2.570003e-01 2.575000e+00 0.000000e+00 5.000000e-01
1.123304e-03 1.474977e-04 2.570003e-01 2.625000e+00 0.000000e+00 5.000000e-01
9.913316e-04 1.374739e-04 2.570003e-01 2.675000e+00 0.000000e+00 5.000000e-01
1.241745e-03 1.528491e-04 2.570003e-01 2.725000e+00 0.000000e+00 5.000000e-01
8.516338e-04 1.255674e-04 2.570003e-01 2.775000e+00 0.000000e+00 5.000000e-01
9.144535e-04 1.293242e-04 2.570003e-01 2.825000e+00 0.000000e+00 5.000000e-01
6.453519e-04 1.075593e-04 2.570003e-01 2.875000e+00 0.000000e+00 5.000000e-01
5.961447e-04 1.022388e-04 2.570003e-01 2.925000e+00 0.000000e+00 5.000000e-01
6.518145e-04 1.057392e-04 2.570003e-01 2.975000e+00 0.000000e+00 5.000000e-01
8.341114e-04 1.179621e-04 2.570003e-01 3.025000e+00 0.000000e+00 5.000000e-01
5.873056e-04 9.788538e-05 2.570003e-01 3.075000e+00 0.000000e+00 5.000000e-01
6.657986e-04 1.027361e-04 2.570003e-01 3.125000e+00 0.000000e+00 5.000000e-01
5.534317e-04 9.223949e-05 2.570003e-01 3.175000e+00 0.000000e+00 5.000000e-01
6.880410e-04 1.014474e-04 2.570003e-01 3.225000e+00 0.000000e+00 5.000000e-01
4.900047e-04 8.403642e-05 2.570003e-01 3.275000e+00 0.000000e+00 5.000000e-01
5.021685e-04 8.369630e-05 2.570003e-01 3.325000e+00 0.000000e+00 5.000000e-01
4.025353e-04 7.349317e-05 2.570003e-01 3.375000e+00 0.000000e+00 5.000000e-01
4.141746e-04 7.321731e-05 2.570003e-01 3.425000e+00 0.000000e+00 5.000000e-01
2.491275e-04 5.570763e-05 2.570003e-01 3.475000e+00 0.000000e+00 5.000000e-01
5.797142e-04 8.367647e-05 2.570003e-01 3.525000e+00 0.000000e+00 5.000000e-01
3.068433e-04 6.017875e-05 2.570003e-01 3.575000e+00 0.000000e+00 5.000000e-01
2.304412e-04 5.152856e-05 2.570003e-01 3.625000e+00 0.000000e+00 5.000000e-01
5.397916e-04 7.791469e-05 2.570003e-01 3.675000e+00 0.000000e+00 5.000000e-01
3.726239e-04 6.390590e-05 2.570003e-01 3.725000e+00 0.000000e+00 5.000000e-01
5.360640e-04 7.581277e-05 2.570003e-01 3.775000e+00 0.000000e+00 5.000000e-01
5.352915e-04 7.423481e-05 2.570003e-01 3.825000e+00 0.000000e+00 5.000000e-01
5.628100e-04 7.266161e-05 2.570003e-01 3.875000e+00 0.000000e+00 5.000000e-01
5.815680e-04 7.052838e-05 2.570003e-01 3.925000e+00 0.000000e+00 5.000000e-01
6.642834e-04 7.336181e-05 2.570003e-01 3.975000e+00 0.000000e+00 5.000000e-01
3.172782e-01 2.338246e-03 2.770003e-01 2.500000e-02 0.000000e+00 5.000000e-01
1.776854e-01 1.785628e-03 2.770003e-01 7.500000e-02 0.000000e+00 5.000000e-01
5.838731e-02 1.020421e-03 2.770003e-01 1.250000e-01 0.000000e+00 5.000000e-01
2.676163e-02 6.937638e-04 2.770003e-01 1.750000e-01 0.000000e+00 5.000000e-01
1.152523e-02 4.613788e-04 2.770003e-01 2.250000e-01 0.000000e+00 5.000000e-01
2.773111e-03 2.264238e-04 2.770003e-01 2.750000e-01 0.000000e+00 5.000000e-01
9.733171e-04 1.349750e-04 2.770003e-01 3.250000e-01 0.000000e+00 5.000000e-01
6.420273e-04 1.101069e-04 2.770003e-01 3.750000e-01 0.000000e+00 5.000000e-01
6.853994e-04 1.142334e-04 2.770003e-01 4.250000e-01 0.000000e+00 5.000000e-01
6.221147e-04 1.099755e-04 2.770003e-01 4.750000e-01 0.000000e+00 5.000000e-01
6.218304e-04 1.099253e-04 2.770003e-01 5.250000e-01 0.000000e+00 5.000000e-01
5.436329e-04 1.027371e-04 2.770003e-01 5.750000e-01 0.000000e+00 5.000000e-01
7.132296e-04 1.188718e-04 2.770003e-01 6.250000e-01 0.000000e+00 5.000000e-01
6.784066e-04 1.163459e-04 2.770003e-01 6.750000e-01 0.000000e+00 5.000000e-01
5.150965e-04 1.010188e-04 2.770003e-01 7.250000e-01 0.000000e+00 5.000000e-01
2.380818e-04 6.872843e-05 2.770003e-01 7.750000e-01 0.000000e+00 5.000000e-01
7.565344e-04 1.227262e-04 2.770003e-01 8.250000e-01 0.000000e+00 5.000000e-01
6.444594e-04 1.139256e-04 2.770003e-01 8.750000e-01 0.000000e+00 5.000000e-01
4.429330e-04 9.443385e-05 2.770003e-01 9.250000e-01 0.000000e+00 5.000000e-01
7.700240e-04 1.249145e-04 2.770003e-01 9.750000e-01 0.000000e+00 5.000000e-01
5.821966e-04 1.100251e-04 2.770003e-01 1.025000e+00 0.000000e+00 5.000000e-01
7.229587e-04 1.239866e-04 2.770003e-01 1.075000e+00 0.000000e+00 5.000000e-01
6.050110e-04 1.143365e-04 2.770003e-01 1.125000e+00 0.000000e+00 5.000000e-01
7.898401e-04 1.316403e-04 2.770003e-01 1.175000e+00 0.000000e+00 5.000000e-01
8.592501e-04 1.393890e-04 2.770003e-01 1.225000e+00 0.000000e+00 5.000000e-01
8.270866e-04 1.378481e-04 2.770003e-01 1.275000e+00 0.000000e+00 5.000000e-01
8.352003e-04 1.392003e-04 2.770003e-01 1.325000e+00 0.000000e+00 5.000000e-01
1.214092e-03 1.683647e-04 2.770003e-01 1.375000e+00 0.000000e+00 5.000000e-01
6.482534e-04 1.225087e-04 2.770003e-01 1.425000e+00 0.000000e+00 5.000000e-01
1.177934e-03 1.665855e-04 2.770003e-01 1.475000e+00 0.000000e+00 5.000000e-01
1.149930e-03 1.659785e-04 2.770003e-01 1.525000e+00 0.000000e+00 5.000000e-01
1.388587e-03 1.823308e-04 2.770003e-01 1.575000e+00 0.000000e+00 5.000000e-01
1.348953e-03 1.802619e-04 2.770003e-01 1.625000e+00 0.000000e+00 5.000000e-01
1.593234e-03 1.961142e-04 2.770003e-01 1.675000e+00 0.000000e+00 5.000000e-01
1.917866e-03 2.144245e-04 2.770003e-01 1.725000e+00 0.000000e+00 5.000000e-01
1.567043e-03 1.928904e-04 2.770003e-01 1.775000e+00 0.000000e+00 5.000000e-01
1.807659e-03 2.073532e-04 2.770003e-01 1.825000e+00 0.000000e+00 5.000000e-01
2.175118e-03 2.267725e-04 2.770003e-01 1.875000e+00 0.000000e+00 5.000000e-01
2.745919e-03 2.549529e-04 2.770003e-01 1.925000e+00 0.000000e+00 5.000000e-01
2.185801e-03 2.278863e-04 2.770003e-01 1.975000e+00 0.000000e+00 5.000000e-01
3.827325e-03 3.007042e-04 2.770003e-01 2.025000e+00 0.000000e+00 5.000000e-01
2.949883e-03 2.627975e-04 2.770003e-01 2.075000e+00 0.000000e+00 5.000000e-01
2.731476e-03 2.514535e-04 2.770003e-01 2.125000e+00 0.000000e+00 5.000000e-01
1.961493e-03 2.115141e-04 2.770003e-01 2.175000e+00 0.000000e+00 5.000000e-01
1.629880e-03 1.920839e-04 2.770003e-01 2.225000e+00 0.000000e+00 5.000000e-01
1.709829e-03 1.961317e-04 2.770003e-01 2.275000e+00 0.000000e+00 5.000000e-01
1.617198e-03 1.905893e-04 2.770003e-01 2.325000e+00 0.000000e+00 5.000000e-01
1.238556e-03 1.655098e-04 2.770003e-01 2.375000e+00 0.000000e+00 5.000000e-01
1.572996e-03 1.853802e-04 2.770003e-01 2.425000e+00 0.000000e+00 5.000000e-01
9.024602e-04 1.392531e-04 2.770003e-01 2.475000e+00 0.000000e+00 5.000000e-01
1.450001e-03 1.758396e-04 2.770003e-01 2.525000e+00 0.000000e+00 5.000000e-01
9.283086e-04 1.399485e-04 2.770003e-01 2.575000e+00 0.000000e+00 5.000000e-01
8.388635e-04 1.326366e-04 2.770003e-01 2.625000e+00 0.000000e+00 5.000000e-01
9.078041e-04 1.368578e-04 2.770003e-01 2.675000e+00 0.000000e+00 5.000000e-01
1.259792e-03 1.599946e-04 2.770003e-01 2.725000e+00 0.000000e+00 5.000000e-01
9.249189e-04 1.363728e-04 2.770003e-01 2.775000e+00 0.000000e+00 5.000000e-01
6.749100e-04 1.157466e-04 2.770003e-01 2.825000e+00 0.000000e+00 5.000000e-01
1.013440e-03 1.405402e-04 2.770003e-01 2.875000e+00 0.000000e+00 5.000000e-01
7.250258e-04 1.176158e-04 2.770003e-01 2.925000e+00 0.000000e+00 5.000000e-01
8.612939e-04 1.269918e-04 2.770003e-01 2.975000e+00 0.000000e+00 5.000000e-01
8.112222e-04 1.222973e-04 2.770003e-01 3.025000e+00 0.000000e+00 5.000000e-01
6.476736e-04 1.079466e-04 2.770003e-01 3.075000e+00 0.000000e+00 5.000000e-01
3.498370e-04 7.822687e-05 2.770003e-01 3.125000e+00 0.000000e+00 5.000000e-01
4.094832e-04 8.358636e-05 2.770003e-01 3.175000e+00 0.000000e+00 5.000000e-01
4.618731e-04 8.728715e-05 2.770003e-01 3.225000e+00 0.000000e+00 5.000000e-01
4.776326e-04 8.720501e-05 2.770003e-01 3.275000e+00 0.000000e+00 5.000000e-01
5.826437e-04 9.451818e-05 2.770003e-01 3.325000e+00 0.000000e+00 5.000000e-01
5.319651e-04 8.866222e-05 2.770003e-01 3.375000e+00 0.000000e+00 5.000000e-01
3.978195e-04 7.518209e-05 2.770003e-01 3.425000e+00 0.000000e+00 5.000000e-01
3.266038e-04 6.666944e-05 2.770003e-01 3.475000e+00 0.000000e+00 5.000000e-01
3.901510e-04 7.123322e-05 2.770003e-01 3.525000e+00 0.000000e+00 5.000000e-01
4.460771e-04 7.434732e-05 2.770003e-01 3.575000e+00 0.000000e+00 5.000000e-01
3.790990e-04 6.701746e-05 2.770003e-01 3.625000e+00 0.000000e+00 5.000000e-01
3.208380e-04 6.063406e-05 2.770003e-01 3.675000e+00 0.000000e+00 5.000000e-01
3.777672e-04 6.478874e-05 2.770003e-01 3.725000e+00 0.000000e+00 5.000000e-01
4.756961e-04 7.171636e-05 2.770003e-01 3.775000e+00 0.000000e+00 5.000000e-01
3.156522e-04 5.763248e-05 2.770003e-01 3.825000e+00 0.000000e+00 5.000000e-01
3.462508e-04 5.938412e-05 2.770003e-01 3.875000e+00 0.000000e+00 5.000000e-01
5.040135e-04 6.989681e-05 2.770003e-01 3.925000e+00 0.000000e+00 5.000000e-01
5.932833e-04 7.194974e-05 2.770003e-01 3.975000e+00 0.000000e+00 5.000000e-01
3.247317e-01 2.454183e-03 2.970003e-01 2.500000e-02 0.000000e+00 5.000000e-01
2.038808e-01 1.965124e-03 2.970003e-01 7.500000e-02 0.000000e+00 5.000000e-01
6.832774e-02 1.132523e-03 2.970003e-01 1.250000e-01 0.000000e+00 5.000000e-01
3.133027e-02 7.764929e-04 2.970003e-01 1.750000e-01 0.000000e+00 5.000000e-01
1.097966e-02 4.574862e-04 2.970003e-01 2.250000e-01 0.000000e+00 5.000000e-01
3.644082e-03 2.671973e-04 2.970003e-01 2.750000e-01 0.000000e+00 5.000000e-01
1.452362e-03 1.711627e-04 2.970003e-01 3.250000e-01 0.000000e+00 5.000000e-01
5.625303e-04 1.063084e-04 2.970003e-01 3.750000e-01 0.000000e+00 5.000000e-01
4.483203e-04 9.558231e-05 2.970003e-01 4.250000e-01 0.000000e+00 5.000000e-01
4.511549e-04 9.618668e-05 2.970003e-01 4.750000e-01 0.000000e+00 5.000000e-01
4.526547e-04 9.650640e-05 2.970003e-01 5.250000e-01 0.000000e+00 5.000000e-01
4.621422e-04 9.852916e-05 2.970003e-01 5.750000e-01 0.000000e+00 5.000000e-01
7.605935e-04 1.267658e-04 2.970003e-01 6.250000e-01 0.000000e+00 5.000000e-01
5.624096e-04 1.102977e-04 2.970003e-01 6.750000e-01 0.000000e+00 5.000000e-01
5.698224e-04 1.117515e-04 2.970003e-01 7.250000e-01 0.000000e+00 5.000000e-01
8.312949e-04 1.348540e-04 2.970003e-01 7.750000e-01 0.000000e+00 5.000000e-01
7.513556e-04 1.288565e-04 2.970003e-01 8.250000e-01 0.000000e+00 5.000000e-01
4.928220e-04 1.050701e-04 2.970003e-01 8.750000e-01 0.000000e+00 5.000000e-01
5.140146e-04 1.095885e-04 2.970003e-01 9.250000e-01 0.000000e+00 5.000000e-01
8.232274e-04 1.411826e-04 2.970003e-01 9.750000e-01 0.000000e+00 5.000000e-01
8.448497e-04 1.448907e-04 2.970003e-01 1.025000e+00 0.000000e+00 5.000000e-01
5.535334e-04 1.180139e-04 2.970003e-01 1.075000e+00 0.000000e+00 5.000000e-01
6.673540e-04 1.308792e-04 2.970003e-01 1.125000e+00 0.000000e+00 5.000000e-01
6.660903e-04 1.306314e-04 2.970003e-01 1.175000e+00 0.000000e+00 5.000000e-01
6.215526e-04 1.268741e-04 2.970003e-01 1.225000e+00 0.000000e+00 5.000000e-01
7.298855e-04 1.379357e-04 2.970003e-01 1.275000e+00 0.000000e+00 5.000000e-01
6.177658e-04 1.261012e-04 2.970003e-01 1.325000e+00 0.000000e+00 5.000000e-01
6.715651e-04 1.317051e-04 2.970003e-01 1.375000e+00 0.000000e+00 5.000000e-01
1.394742e-03 1.898008e-04 2.970003e-01 1.425000e+00 0.000000e+00 5.000000e-01
9.828420e-04 1.594385e-04 2.970003e-01 1.475000e+00 0.000000e+00 5.000000e-01
9.805744e-04 1.590705e-04 2.970003e-01 1.525000e+00 0.000000e+00 5.000000e-01
1.383632e-03 1.882889e-04 2.970003e-01 1.575000e+00 0.000000e+00 5.000000e-01
7.154349e-04 1.352049e-04 2.970003e-01 1.625000e+00 0.000000e+00 5.000000e-01
1.356575e-03 1.846071e-04 2.970003e-01 1.675000e+00 0.000000e+00 5.000000e-01
1.600847e-03 2.001065e-04 2.970003e-01 1.725000e+00 0.000000e+00 5.000000e-01
1.925138e-03 2.179797e-04 2.970003e-01 1.775000e+00 0.000000e+00 5.000000e-01
1.860425e-03 2.134059e-04 2.970003e-01 1.825000e+00 0.000000e+00 5.000000e-01
2.480082e-03 2.455656e-04 2.970003e-01 1.875000e+00 0.000000e+00 5.000000e-01
2.614480e-03 2.515793e-04 2.970003e-01 1.925000e+00 0.000000e+00 5.000000e-01
2.515151e-03 2.466316e-04 2.970003e-01 1.975000e+00 0.000000e+00 5.000000e-01
2.981528e-03 2.677500e-04 2.970003e-01 2.025000e+00 0.000000e+00 5.000000e-01
3.732795e-03 2.969662e-04 2.970003e-01 2.075000e+00 0.000000e+00 5.000000e-01
3.238101e-03 2.756468e-04 2.970003e-01 2.125000e+00 0.000000e+00 5.000000e-01
2.311437e-03 2.311449e-04 2.970003e-01 2.175000e+00 0.000000e+00 5.000000e-01
1.372996e-03 1.772539e-04 2.970003e-01 2.225000e+00 0.000000e+00 5.000000e-01
1.823725e-03 2.038994e-04 2.970003e-01 2.275000e+00 0.000000e+00 5.000000e-01
1.492209e-03 1.836790e-04 2.970003e-01 2.325000e+00 0.000000e+00 5.000000e-01
1.475178e-03 1.815826e-04 2.970003e-01 2.375000e+00 0.000000e+00 5.000000e-01
1.457326e-03 1.793855e-04 2.970003e-01 2.425000e+00 0.000000e+00 5.000000e-01
1.175324e-03 1.599420e-04 2.970003e-01 2.475000e+00 0.000000e+00 5.000000e-01
9.899191e-04 1.459563e-04 2.970003e-01 2.525000e+00 0.000000e+00 5.000000e-01
1.540255e-03 1.815221e-04 2.970003e-01 2.575000e+00 0.000000e+00 5.000000e-01
1.015727e-03 1.466084e-04 2.970003e-01 2.625000e+00 0.000000e+00 5.000000e-01
1.084186e-03 1.503508e-04 2.970003e-01 2.675000e+00 0.000000e+00 5.000000e-01
1.151926e-03 1.539336e-04 2.970003e-01 2.725000e+00 0.000000e+00 5.000000e-01
6.490763e-04 1.147420e-04 2.970003e-01 2.775000e+00 0.000000e+00 5.000000e-01
1.167007e-03 1.532364e-04 2.970003e-01 2.825000e+00 0.000000e+00 5.000000e-01
6.745830e-04 1.156907e-04 2.970003e-01 2.875000e+00 0.000000e+00 5.000000e-01
3.903498e-04 8.728593e-05 2.970003e-01 2.925000e+00 0.000000e+00 5.000000e-01
7.306064e-04 1.185214e-04 2.970003e-01 2.975000e+00 0.000000e+00 5.000000e-01
7.976899e-04 1.230872e-04 2.970003e-01 3.025000e+00 0.000000e+00 5.000000e-01
5.607998e-04 1.023887e-04 2.970003e-01 3.075000e+00 0.000000e+00 5.000000e-01
8.085838e-04 1.218999e-04 2.970003e-01 3.125000e+00 0.000000e+00 5.000000e-01
4.686963e-04 9.191995e-05 2.970003e-01 3.175000e+00 0.000000e+00 5.000000e-01
5.327690e-04 9.727026e-05 2.970003e-01 3.225000e+00 0.000000e+00 5.000000e-01
5.547737e-04 9.807221e-05 2.970003e-01 3.275000e+00 0.000000e+00 5.000000e-01
3.049059e-04 7.186850e-05 2.970003e-01 3.325000e+00 0.000000e+00 5.000000e-01
3.288313e-04 7.353003e-05 2.970003e-01 3.375000e+00 0.000000e+00 5.000000e-01
3.495509e-04 7.452587e-05 2.970003e-01 3.425000e+00 0.000000e+00 5.000000e-01
2.436696e-04 6.091852e-05 2.970003e-01 3.475000e+00 0.000000e+00 5.000000e-01
3.762553e-04 7.379147e-05 2.970003e-01 3.525000e+00 0.000000e+00 5.000000e-01
3.319797e-04 6.776661e-05 2.970003e-01 3.575000e+00 0.000000e+00 5.000000e-01
4.457576e-04 7.644876e-05 2.970003e-01 3.625000e+00 0.000000e+00 5.000000e-01
3.473379e-04 6.564200e-05 2.970003e-01 3.675000e+00 0.000000e+00 5.000000e-01
2.334893e-04 5.221156e-05 2.970003e-01 3.725000e+00 0.000000e+00 5.000000e-01
4.005532e-04 6.676040e-05 2.970003e-01 3.775000e+00 0.000000e+00 5.000000e-01
4.271616e-04 6.754175e-05 2.970003e-01 3.825000e+00 0.000000e+00 5.000000e-01
4.963600e-04 7.164734e-05 2.970003e-01 3.875000e+00 0.000000e+00 5.000000e-01
5.024481e-04 7.105999e-05 2.970003e-01 3.925000e+00 0.000000e+00 5.000000e-01
4.996771e-04 6.929681e-05 2.970003e-01 3.975000e+00 0.000000e+00 5.000000e-01
3.290850e-01 2.555276e-03 3.170003e-01 2.500000e-02 0.000000e+00 5.000000e-01
1.976918e-01 1.976327e-03 3.170003e-01 7.500000e-02 0.000000e+00 5.000000e-01
6.896230e-02 1.176141e-03 3.170003e-01 1.250000e-01 0.000000e+00 5.000000e-01
3.147698e-02 8.026299e-04 3.170003e-01 1.750000e-01 0.000000e+00 5.000000e-01
1.204131e-02 4.974226e-04 3.170003e-01 2.250000e-01 0.000000e+00 5.000000e-01
3.949335e-03 2.911492e-04 3.170003e-01 2.750000e-01 0.000000e+00 5.000000e-01
1.141100e-03 1.552841e-04 3.170003e-01 3.250000e-01 0.000000e+00 5.000000e-01
7.803876e-04 1.300647e-04 3.170003e-01 3.750000e-01 0.000000e+00 5.000000e-01
5.676962e-04 1.113345e-04 3.170003e-01 4.250000e-01 0.000000e+00 5.000000e-01
4.347929e-04 9.722272e-05 3.170003e-01 4.750000e-01 0.000000e+00 5.000000e-01
2.250483e-04 7.116664e-05 3.170003e-01 5.250000e-01 0.000000e+00 5.000000e-01
4.089675e-04 9.639460e-05 3.170003e-01 5.750000e-01 0.000000e+00 5.000000e-01
8.339591e-04 1.389934e-04 3.170003e-01 6.250000e-01 0.000000e+00 5.000000e-01
4.309406e-04 1.015738e-04 3.170003e-01 6.750000e-01 0.000000e+00 5.000000e-01
5.901816e-04 1.204705e-04 3.170003e-01 7.250000e-01 0.000000e+00 5.000000e-01
6.685114e-04 1.311060e-04 3.170003e-01 7.750000e-01 0.000000e+00 5.000000e-01
7.350483e-04 1.389112e-04 3.170003e-01 8.250000e-01 0.000000e+00 5.000000e-01
4.282111e-04 1.070529e-04 3.170003e-01 8.750000e-01 0.000000e+00 5.000000e-01
2.201949e-04 7.785070e-05 3.170003e-01 9.250000e-01 0.000000e+00 5.000000e-01
6.102358e-04 1.301030e-04 3.170003e-01 9.750000e-01 0.000000e+00 5.000000e-01
5.026170e-04 1.184681e-04 3.170003e-01 1.025000e+00 0.000000e+00 5.000000e-01
3.857630e-04 1.030997e-04 3.170003e-01 1.075000e+00 0.000000e+00 5.000000e-01
1.209989e-03 1.824131e-04 3.170003e-01 1.125000e+00 0.000000e+00 5.000000e-01
8.638114e-04 1.527020e-04 3.170003e-01 1.175000e+00 0.000000e+00 5.000000e-01
1.189477e-03 1.793206e-04 3.170003e-01 1.225000e+00 0.000000e+00 5.000000e-01
1.394524e-03 1.933862e-04 3.170003e-01 1.275000e+00 0.000000e+00 5.000000e-01
8.498960e-04 1.502420e-04 3.170003e-01 1.325000e+00 0.000000e+00 5.000000e-01
1.149656e-03 1.733176e-04 3.170003e-01 1.375000e+00 0.000000e+00 5.000000e-01
9.379437e-04 1.563243e-04 3.170003e-01 1.425000e+00 0.000000e+00 5.000000e-01
1.101160e-03 1.699130e-04 3.170003e-01 1.475000e+00 0.000000e+00 5.000000e-01
1.727337e-03 2.126210e-04 3.170003e-01 1.525000e+00 0.000000e+00 5.000000e-01
7.804728e-04 1.424944e-04 3.170003e-01 1.575000e+00 0.000000e+00 5.000000e-01
1.440891e-03 1.925477e-04 3.170003e-01 1.625000e+00 0.000000e+00 5.000000e-01
2.243712e-03 2.391812e-04 3.170003e-01 1.675000e+00 0.000000e+00 5.000000e-01
2.232507e-03 2.379867e-04 3.170003e-01 1.725000e+00 0.000000e+00 5.000000e-01
1.500038e-03 1.936546e-04 3.170003e-01 1.775000e+00 0.000000e+00 5.000000e-01
2.175334e-03 2.318920e-04 3.170003e-01 1.825000e+00 0.000000e+00 5.000000e-01
2.308835e-03 2.381388e-04 3.170003e-01 1.875000e+00 0.000000e+00 5.000000e-01
2.901027e-03 2.670620e-04 3.170003e-01 1.925000e+00 0.000000e+00 5.000000e-01
3.473950e-03 2.915282e-04 3.170003e-01 1.975000e+00 0.000000e+00 5.000000e-01
3.753339e-03 3.024538e-04 3.170003e-01 2.025000e+00 0.000000e+00 5.000000e-01
3.692918e-03 2.975850e-04 3.170003e-01 2.075000e+00 0.000000e+00 5.000000e-01
2.987973e-03 2.661907e-04 3.170003e-01 2.125000e+00 0.000000e+00 5.000000e-01
2.145584e-03 2.236939e-04 3.170003e-01 2.175000e+00 0.000000e+00 5.000000e-01
2.175449e-03 2.243813e-04 3.170003e-01 2.225000e+00 0.000000e+00 5.000000e-01
2.812257e-03 2.546109e-04 3.170003e-01 2.275000e+00 0.000000e+00 5.000000e-01
1.607251e-03 1.921043e-04 3.170003e-01 2.325000e+00 0.000000e+00 5.000000e-01
1.678135e-03 1.950798e-04 3.170003e-01 2.375000e+00 0.000000e+00 5.000000e-01
1.434699e-03 1.793384e-04 3.170003e-01 2.425000e+00 0.000000e+00 5.000000e-01
1.012781e-03 1.493270e-04 3.170003e-01 2.475000e+00 0.000000e+00 5.000000e-01
1.179494e-03 1.605098e-04 3.170003e-01 2.525000e+00 0.000000e+00 5.000000e-01
1.484299e-03 1.799985e-04 3.170003e-01 2.575000e+00 0.000000e+00 5.000000e-01
9.485459e-04 1.429994e-04 3.170003e-01 2.625000e+00 0.000000e+00 5.000000e-01
7.213640e-04 1.237139e-04 3.170003e-01 2.675000e+00 0.000000e+00 5.000000e-01
7.538247e-04 1.256380e-04 3.170003e-01 2.725000e+00 0.000000e+00 5.000000e-01
9.912650e-04 1.430776e-04 3.170003e-01 2.775000e+00 0.000000e+00 5.000000e-01
9.425710e-04 1.389754e-04 3.170003e-01 2.825000e+00 0.000000e+00 5.000000e-01
1.085875e-03 1.477701e-04 3.170003e-01 2.875000e+00 0.000000e+00 5.000000e-01
7.927551e-04 1.253466e-04 3.170003e-01 2.925000e+00 0.000000e+00 5.000000e-01
7.794026e-04 1.232355e-04 3.170003e-01 2.975000e+00 0.000000e+00 5.000000e-01
6.160874e-04 1.089112e-04 3.170003e-01 3.025000e+00 0.000000e+00 5.000000e-01
3.395578e-04 8.003499e-05 3.170003e-01 3.075000e+00 0.000000e+00 5.000000e-01
6.712763e-04 1.118813e-04 3.170003e-01 3.125000e+00 0.000000e+00 5.000000e-01
6.243359e-04 1.070739e-04 3.170003e-01 3.175000e+00 0.000000e+00 5.000000e-01
4.678973e-04 9.176312e-05 3.170003e-01 3.225000e+00 0.000000e+00 5.000000e-01
7.063155e-04 1.116797e-04 3.170003e-01 3.275000e+00 0.000000e+00 5.000000e-01
3.101681e-04 7.310886e-05 3.170003e-01 3.325000e+00 0.000000e+00 5.000000e-01
3.743187e-04 7.980633e-05 3.170003e-01 3.375000e+00 0.000000e+00 5.000000e-01
3.661747e-04 7.806956e-05 3.170003e-01 3.425000e+00 0.000000e+00 5.000000e-01
2.271259e-04 6.070303e-05 3.170003e-01 3.475000e+00 0.000000e+00 5.000000e-01
1.583649e-04 5.008123e-05 3.170003e-01 3.525000e+00 0.000000e+00 5.000000e-01
3.380928e-04 7.208325e-05 3.170003e-01 3.575000e+00 0.000000e+00 5.000000e-01
2.353667e-04 5.884366e-05 3.170003e-01 3.625000e+00 0.000000e+00 5.000000e-01
5.308202e-04 8.611341e-05 3.170003e-01 3.675000e+00 0.000000e+00 5.000000e-01
4.728382e-04 7.880853e-05 3.170003e-01 3.725000e+00 0.000000e+00 5.000000e-01
4.182516e-04 7.173197e-05 3.170003e-01 3.775000e+00 0.000000e+00 5.000000e-01
4.370171e-04 7.089462e-05 3.170003e-01 3.825000e+00 0.000000e+00 5.000000e-01
4.526801e-04 6.985336e-05 3.170003e-01 3.875000e+00 0.000000e+00 5.000000e-01
4.904196e-04 7.078960e-05 3.170003e-01 3.925000e+00 0.000000e+00 5.000000e-01
3.552105e-04 5.920397e-05 3.170003e-01 3.975000e+00 0.000000e+00 5.000000e-01
3.256753e-01 2.630869e-03 3.370004e-01 2.500000e-02 0.000000e+00 5.000000e-01
1.892553e-01 2.027401e-03 3.370004e-01 7.500000e-02 0.000000e+00 5.000000e-01
6.084700e-02 1.150312e-03 3.370004e-01 1.250000e-01 0.000000e+00 5.000000e-01
3.020821e-02 8.155459e-04 3.370004e-01 1.750000e-01 0.000000e+00 5.000000e-01
1.123634e-02 5.025049e-04 3.370004e-01 2.250000e-01 0.000000e+00 5.000000e-01
3.192260e-03 2.697955e-04 3.370004e-01 2.750000e-01 0.000000e+00 5.000000e-01
1.563487e-03 1.896009e-04 3.370004e-01 3.250000e-01 0.000000e+00 5.000000e-01
4.303838e-04 1.014425e-04 3.370004e-01 3.750000e-01 0.000000e+00 5.000000e-01
5.261672e-04 1.121793e-04 3.370004e-01 4.250000e-01 0.000000e+00 5.000000e-01
5.945026e-04 1.213525e-04 3.370004e-01 4.750000e-01 0.000000e+00 5.000000e-01
5.568014e-04 1.187106e-04 3.370004e-01 5.250000e-01 0.000000e+00 5.000000e-01
6.322353e-04 1.290547e-04 3.370004e-01 5.750000e-01 0.000000e+00 5.000000e-01
1.087617e-03 1.719677e-04 3.370004e-01 6.250000e-01 0.000000e+00 5.000000e-01
2.724203e-04 8.614689e-05 3.370004e-01 6.750000e-01 0.000000e+00 5.000000e-01
7.715350e-04 1.458066e-04 3.370004e-01 7.250000e-01 0.000000e+00 5.000000e-01
5.977739e-04 1.274460e-04 3.370004e-01 7.750000e-01 0.000000e+00 5.000000e-01
5.416333e-04 1.211131e-04 3.370004e-01 8.250000e-01 0.000000e+00 5.000000e-01
3.834606e-04 1.024842e-04 3.370004e-01 8.750000e-01 0.000000e+00 5.000000e-01
3.314408e-04 9.567895e-05 3.370004e-01 9.250000e-01 0.000000e+00 5.000000e-01
6.675398e-04 1.362612e-04 3.370004e-01 9.750000e-01 0.000000e+00 5.000000e-01
4.493014e-04 1.123256e-04 3.370004e-01 1.025000e+00 0.000000e+00 5.000000e-01
5.041633e-04 1.188326e-04 3.370004e-01 1.075000e+00 0.000000e+00 5.000000e-01
1.048162e-03 1.700346e-04 3.370004e-01 1.125000e+00 0.000000e+00 5.000000e-01
9.920716e-04 1.653456e-04 3.370004e-01 1.175000e+00 0.000000e+00 5.000000e-01
4.354408e-04 1.088605e-04 3.370004e-01 1.225000e+00 0.000000e+00 5.000000e-01
8.138906e-04 1.485958e-04 3.370004e-01 1.275000e+00 0.000000e+00 5.000000e-01
1.393834e-03 1.932903e-04 3.370004e-01 1.325000e+00 0.000000e+00 5.000000e-01
8.518625e-04 1.505899e-04 3.370004e-01 1.375000e+00 0.000000e+00 5.000000e-01
1.688552e-03 2.110695e-04 3.370004e-01 1.425000e+00 0.000000e+00 5.000000e-01
1.426598e-03 1.941358e-04 3.370004e-01 1.475000e+00 0.000000e+00 5.000000e-01
1.318655e-03 1.864864e-04 3.370004e-01 1.525000e+00 0.000000e+00 5.000000e-01
1.634578e-03 2.075922e-04 3.370004e-01 1.575000e+00 0.000000e+00 5.000000e-01
9.952046e-04 1.614439e-04 3.370004e-01 1.625000e+00 0.000000e+00 5.000000e-01
1.654421e-03 2.068034e-04 3.370004e-01 1.675000e+00 0.000000e+00 5.000000e-01
2.353070e-03 2.453254e-04 3.370004e-01 1.725000e+00 0.000000e+00 5.000000e-01
1.719370e-03 2.085049e-04 3.370004e-01 1.775000e+00 0.000000e+00 5.000000e-01
2.100146e-03 2.291452e-04 3.370004e-01 1.825000e+00 0.000000e+00 5.000000e-01
2.233385e-03 2.354204e-04 3.370004e-01 1.875000e+00 0.000000e+00 5.000000e-01
2.887633e-03 2.681110e-04 3.370004e-01 1.925000e+00 0.000000e+00 5.000000e-01
3.227055e-03 2.830324e-04 3.370004e-01 1.975000e+00 0.000000e+00 5.000000e-01
3.600923e-03 2.980156e-04 3.370004e-01 2.025000e+00 0.000000e+00 5.000000e-01
3.489082e-03 2.907579e-04 3.370004e-01 2.075000e+00 0.000000e+00 5.000000e-01
3.261725e-03 2.796916e-04 3.370004e-01 2.125000e+00 0.000000e+00 5.000000e-01
2.358944e-03 2.358953e-04 3.370004e-01 2.175000e+00 0.000000e+00 5.000000e-01
1.640220e-03 1.960448e-04 3.370004e-01 2.225000e+00 0.000000e+00 5.000000e-01
2.111655e-03 2.225886e-04 3.370004e-01 2.275000e+00 0.000000e+00 5.000000e-01
1.491334e-03 1.864173e-04 3.370004e-01 2.325000e+00 0.000000e+00 5.000000e-01
1.239276e-03 1.686448e-04 3.370004e-01 2.375000e+00 0.000000e+00 5.000000e-01
1.135314e-03 1.605584e-04 3.370004e-01 2.425000e+00 0.000000e+00 5.000000e-01
8.488201e-04 1.376973e-04 3.370004e-01 2.475000e+00 0.000000e+00 5.000000e-01
1.278422e-03 1.678662e-04 3.370004e-01 2.525000e+00 0.000000e+00 5.000000e-01
1.232355e-03 1.646813e-04 3.370004e-01 2.575000e+00 0.000000e+00 5.000000e-01
9.128428e-04 1.408555e-04 3.370004e-01 2.625000e+00 0.000000e+00 5.000000e-01
1.029564e-03 1.486054e-04 3.370004e-01 2.675000e+00 0.000000e+00 5.000000e-01
1.101142e-03 1.527014e-04 3.370004e-01 2.725000e+00 0.000000e+00 5.000000e-01
9.596567e-04 1.414946e-04 3.370004e-01 2.775000e+00 0.000000e+00 5.000000e-01
9.101279e-04 1.372077e-04 3.370004e-01 2.825000e+00 0.000000e+00 5.000000e-01
7.327551e-04 1.221264e-04 3.370004e-01 2.875000e+00 0.000000e+00 5.000000e-01
8.470092e-04 1.306973e-04 3.370004e-01 2.925000e+00 0.000000e+00 5.000000e-01
8.678042e-04 1.308274e-04 3.370004e-01 2.975000e+00 0.000000e+00 5.000000e-01
7.813258e-04 1.235397e-04 3.370004e-01 3.025000e+00 0.000000e+00 5.000000e-01
9.618863e-04 1.360326e-04 3.370004e-01 3.075000e+00 0.000000e+00 5.000000e-01
7.555634e-04 1.194663e-04 3.370004e-01 3.125000e+00 0.000000e+00 5.000000e-01
5.202748e-04 9.832371e-05 3.370004e-01 3.175000e+00 0.000000e+00 5.000000e-01
5.108680e-04 9.654637e-05 3.370004e-01 3.225000e+00 0.000000e+00 5.000000e-01
5.033760e-04 9.513033e-05 3.370004e-01 3.275000e+00 0.000000e+00 5.000000e-01
1.047781e-04 4.277563e-05 3.370004e-01 3.325000e+00 0.000000e+00 5.000000e-01
3.805128e-04 8.112699e-05 3.370004e-01 3.375000e+00 0.000000e+00 5.000000e-01
2.029729e-04 5.859409e-05 3.370004e-01 3.425000e+00 0.000000e+00 5.000000e-01
3.297027e-04 7.372455e-05 3.370004e-01 3.475000e+00 0.000000e+00 5.000000e-01
2.899046e-04 6.833282e-05 3.370004e-01 3.525000e+00 0.000000e+00 5.000000e-01
3.480176e-04 7.419916e-05 3.370004e-01 3.575000e+00 0.000000e+00 5.000000e-01
6.145865e-04 9.717727e-05 3.370004e-01 3.625000e+00 0.000000e+00 5.000000e-01
1.792880e-04 5.175670e-05 3.370004e-01 3.675000e+00 0.000000e+00 5.000000e-01
6.364035e-04 9.594342e-05 3.370004e-01 3.725000e+00 0.000000e+00 5.000000e-01
2.211258e-04 5.528332e-05 3.370004e-01 3.775000e+00 0.000000e+00 5.000000e-01
5.997850e-04 8.843617e-05 3.370004e-01 3.825000e+00 0.000000e+00 5.000000e-01
2.907008e-04 5.934130e-05 3.370004e-01 3.875000e+00 0.000000e+00 5.000000e-01
4.474903e-04 7.075701e-05 3.370004e-01 3.925000e+00 0.000000e+00 5.000000e-01
5.154511e-04 7.289988e-05 3.370004e-01 3.975000e+00 0.000000e+00 5.000000e-01
3.121556e-01 2.716145e-03 3.570004e-01 2.500000e-02 0.000000e+00 5.000000e-01
1.879543e-01 2.118142e-03 3.570004e-01 7.500000e-02 0.000000e+00 5.000000e-01
6.017774e-02 1.196872e-03 3.570004e-01 1.250000e-01 0.000000e+00 5.000000e-01
2.789684e-02 8.183751e-04 3.570004e-01 1.750000e-01 0.000000e+00 5.000000e-01
1.322030e-02 5.710304e-04 3.570004e-01 2.250000e-01 0.000000e+00 5.000000e-01
4.644970e-03 3.443085e-04 3.570004e-01 2.750000e-01 0.000000e+00 5.000000e-01
1.557226e-03 2.010372e-04 3.570004e-01 3.250000e-01 0.000000e+00 5.000000e-01
2.658162e-04 8.405864e-05 3.570004e-01 3.750000e-01 0.000000e+00 5.000000e-01
6.445491e-04 1.315682e-04 3.570004e-01 4.250000e-01 0.000000e+00 5.000000e-01
2.746917e-04 8.686522e-05 3.570004e-01 4.750000e-01 0.000000e+00 5.000000e-01
6.443346e-04 1.315244e-04 3.570004e-01 5.250000e-01 0.000000e+00 5.000000e-01
8.315025e-04 1.518111e-04 3.570004e-01 5.750000e-01 0.000000e+00 5.000000e-01
5.951192e-04 1.268801e-04 3.570004e-01 6.250000e-01 0.000000e+00 5.000000e-01
5.504243e-04 1.230788e-04 3.570004e-01 6.750000e-01 0.000000e+00 5.000000e-01
9.253355e-04 1.586939e-04 3.570004e-01 7.250000e-01 0.000000e+00 5.000000e-01
7.572199e-04 1.431014e-04 3.570004e-01 7.750000e-01 0.000000e+00 5.000000e-01
8.207629e-04 1.498504e-04 3.570004e-01 8.250000e-01 0.000000e+00 5.000000e-01
2.698502e-04 8.533418e-05 3.570004e-01 8.750000e-01 0.000000e+00 5.000000e-01
7.656807e-04 1.447003e-04 3.570004e-01 9.250000e-01 0.000000e+00 5.000000e-01
8.312719e-04 1.517691e-04 3.570004e-01 9.750000e-01 0.000000e+00 5.000000e-01
6.654547e-04 1.358356e-04 3.570004e-01 1.025000e+00 0.000000e+00 5.000000e-01
5.028712e-04 1.185279e-04 3.570004e-01 1.075000e+00 0.000000e+00 5.000000e-01
9.504627e-04 1.630034e-04 3.570004e-01 1.125000e+00 0.000000e+00 5.000000e-01
9.952292e-04 1.658717e-04 3.570004e-01 1.175000e+00 0.000000e+00 5.000000e-01
7.199483e-04 1.411939e-04 3.570004e-01 1.225000e+00 0.000000e+00 5.000000e-01
1.366226e-03 1.932140e-04 3.570004e-01 1.275000e+00 0.000000e+00 5.000000e-01
9.719648e-04 1.619945e-04 3.570004e-01 1.325000e+00 0.000000e+00 5.000000e-01
1.128411e-03 1.741179e-04 3.570004e-01 1.375000e+00 0.000000e+00 5.000000e-01
9.672103e-04 1.612022e-04 3.570004e-01 1.425000e+00 0.000000e+00 5.000000e-01
1.230719e-03 1.814600e-04 3.570004e-01 1.475000e+00 0.000000e+00 5.000000e-01
1.285688e-03 1.855736e-04 3.570004e-01 1.525000e+00 0.000000e+00 5.000000e-01
1.170424e-03 1.764485e-04 3.570004e-01 1.575000e+00 0.000000e+00 5.000000e-01
1.541233e-03 2.023744e-04 3.570004e-01 1.625000e+00 0.000000e+00 5.000000e-01
1.888036e-03 2.225079e-04 3.570004e-01 1.675000e+00 0.000000e+00 5.000000e-01
2.328242e-03 2.454189e-04 3.570004e-01 1.725000e+00 0.000000e+00 5.000000e-01
1.529831e-03 1.975009e-04 3.570004e-01 1.775000e+00 0.000000e+00 5.000000e-01
1.722354e-03 2.088668e-04 3.570004e-01 1.825000e+00 0.000000e+00 5.000000e-01
2.481110e-03 2.506309e-04 3.570004e-01 1.875000e+00 0.000000e+00 5.000000e-01
2.713169e-03 2.610757e-04 3.570004e-01 1.925000e+00 0.000000e+00 5.000000e-01
3.913081e-03 3.132984e-04 3.570004e-01 1.975000e+00 0.000000e+00 5.000000e-01
3.483373e-03 2.943999e-04 3.570004e-01 2.025000e+00 0.000000e+00 5.000000e-01
3.984353e-03 3.130415e-04 3.570004e-01 2.075000e+00 0.000000e+00 5.000000e-01
2.726214e-03 2.576040e-04 3.570004e-01 2.125000e+00 0.000000e+00 5.000000e-01
2.010578e-03 2.193730e-04 3.570004e-01 2.175000e+00 0.000000e+00 5.000000e-01
1.996132e-03 2.177967e-04 3.570004e-01 2.225000e+00 0.000000e+00 5.000000e-01
1.983992e-03 2.164722e-04 3.570004e-01 2.275000e+00 0.000000e+00 5.000000e-01
1.788535e-03 2.051598e-04 3.570004e-01 2.325000e+00 0.000000e+00 5.000000e-01
1.632865e-03 1.951657e-04 3.570004e-01 2.375000e+00 0.000000e+00 5.000000e-01
1.287662e-03 1.720718e-04 3.570004e-01 2.425000e+00 0.000000e+00 5.000000e-01
9.057870e-04 1.432181e-04 3.570004e-01 2.475000e+00 0.000000e+00 5.000000e-01
1.392426e-03 1.768394e-04 3.570004e-01 2.525000e+00 0.000000e+00 5.000000e-01
1.072521e-03 1.548060e-04 3.570004e-01 2.575000e+00 0.000000e+00 5.000000e-01
6.621626e-04 1.208944e-04 3.570004e-01 2.625000e+00 0.000000e+00 5.000000e-01
1.172804e-03 1.595993e-04 3.570004e-01 2.675000e+00 0.000000e+00 5.000000e-01
1.160200e-03 1.578841e-04 3.570004e-01 2.725000e+00 0.000000e+00 5.000000e-01
1.142262e-03 1.554432e-04 3.570004e-01 2.775000e+00 0.000000e+00 5.000000e-01
8.406847e-04 1.329248e-04 3.570004e-01 2.825000e+00 0.000000e+00 5.000000e-01
7.004216e-04 1.201223e-04 3.570004e-01 2.875000e+00 0.000000e+00 5.000000e-01
5.310555e-04 1.041497e-04 3.570004e-01 2.925000e+00 0.000000e+00 5.000000e-01
6.027193e-04 1.100419e-04 3.570004e-01 2.975000e+00 0.000000e+00 5.000000e-01
1.031739e-03 1.430778e-04 3.570004e-01 3.025000e+00 0.000000e+00 5.000000e-01
5.068480e-04 9.940197e-05 3.570004e-01 3.075000e+00 0.000000e+00 5.000000e-01
4.225561e-04 9.008988e-05 3.570004e-01 3.125000e+00 0.000000e+00 5.000000e-01
6.816032e-04 1.136018e-04 3.570004e-01 3.175000e+00 0.000000e+00 5.000000e-01
5.908080e-04 1.044420e-04 3.570004e-01 3.225000e+00 0.000000e+00 5.000000e-01
8.733813e-04 1.260631e-04 3.570004e-01 3.275000e+00 0.000000e+00 5.000000e-01
1.435470e-04 5.075201e-05 3.570004e-01 3.325000e+00 0.000000e+00 5.000000e-01
4.210533e-04 8.594782e-05 3.570004e-01 3.375000e+00 0.000000e+00 5.000000e-01
6.202847e-04 1.033828e-04 3.570004e-01 3.425000e+00 0.000000e+00 5.000000e-01
6.640594e-05 3.320297e-05 3.570004e-01 3.475000e+00 0.000000e+00 5.000000e-01
4.266105e-04 8.366730e-05 3.570004e-01 3.525000e+00 0.000000e+00 5.000000e-01
9.642743e-05 3.936638e-05 3.570004e-01 3.575000e+00 0.000000e+00 5.000000e-01
3.451480e-04 7.358763e-05 3.570004e-01 3.625000e+00 0.000000e+00 5.000000e-01
4.272656e-04 8.074782e-05 3.570004e-01 3.675000e+00 0.000000e+00 5.000000e-01
3.547865e-04 7.242238e-05 3.570004e-01 3.725000e+00 0.000000e+00 5.000000e-01
4.006830e-04 7.572368e-05 3.570004e-01 3.775000e+00 0.000000e+00 5.000000e-01
5.536494e-04 8.754304e-05 3.570004e-01 3.825000e+00 0.000000e+00 5.000000e-01
3.742427e-04 7.072832e-05 3.570004e-01 3.875000e+00 0.000000e+00 5.000000e-01
4.038280e-04 7.139043e-05 3.570004e-01 3.925000e+00 0.000000e+00 5.000000e-01
3.754390e-04 6.637208e-05 3.570004e-01 3.975000e+00 0.000000e+00 5.000000e-01
3.281545e-01 2.903457e-03 3.770004e-01 2.500000e-02 0.000000e+00 5.000000e-01
1.883890e-01 2.181741e-03 3.770004e-01 7.500000e-02 0.000000e+00 5.000000e-01
5.470882e-02 1.213060e-03 3.770004e-01 1.250000e-01 0.000000e+00 5.000000e-01
2.270932e-02 7.780092e-04 3.770004e-01 1.750000e-01 0.000000e+00 5.000000e-01
1.258164e-02 5.853515e-04 3.770004e-01 2.250000e-01 0.000000e+00 5.000000e-01
4.363285e-03 3.449483e-04 3.770004e-01 2.750000e-01 0.000000e+00 5.000000e-01
1.587123e-03 2.083997e-04 3.770004e-01 3.250000e-01 0.000000e+00 5.000000e-01
5.505187e-04 1.230999e-04 3.770004e-01 3.750000e-01 0.000000e+00 5.000000e-01
4.904419e-04 1.155984e-04 3.770004e-01 4.250000e-01 0.000000e+00 5.000000e-01
2.178919e-04 7.703655e-05 3.770004e-01 4.750000e-01 0.000000e+00 5.000000e-01
7.610609e-04 1.438273e-04 3.770004e-01 5.250000e-01 0.000000e+00 5.000000e-01
5.447610e-04 1.218124e-04 3.770004e-01 5.750000e-01 0.000000e+00 5.000000e-01
5.917440e-04 1.261604e-04 3.770004e-01 6.250000e-01 0.000000e+00 5.000000e-01
5.481707e-04 1.225748e-04 3.770004e-01 6.750000e-01 0.000000e+00 5.000000e-01
4.811872e-04 1.134170e-04 3.770004e-01 7.250000e-01 0.000000e+00 5.000000e-01
6.028537e-04 1.285290e-04 3.770004e-01 7.750000e-01 0.000000e+00 5.000000e-01
5.377545e-04 1.202457e-04 3.770004e-01 8.250000e-01 0.000000e+00 5.000000e-01
8.725166e-04 1.542408e-04 3.770004e-01 8.750000e-01 0.000000e+00 5.000000e-01
2.187883e-04 7.735341e-05 3.770004e-01 9.250000e-01 0.000000e+00 5.000000e-01
7.117579e-04 1.395874e-04 3.770004e-01 9.750000e-01 0.000000e+00 5.000000e-01
6.121782e-04 1.305170e-04 3.770004e-01 1.025000e+00 0.000000e+00 5.000000e-01
6.098134e-04 1.300129e-04 3.770004e-01 1.075000e+00 0.000000e+00 5.000000e-01
6.069851e-04 1.294098e-04 3.770004e-01 1.125000e+00 0.000000e+00 5.000000e-01
6.131582e-04 1.307261e-04 3.770004e-01 1.175000e+00 0.000000e+00 5.000000e-01
1.263374e-03 1.862746e-04 3.770004e-01 1.225000e+00 0.000000e+00 5.000000e-01
1.206270e-03 1.818524e-04 3.770004e-01 1.275000e+00 0.000000e+00 5.000000e-01
1.096021e-03 1.732965e-04 3.770004e-01 1.325000e+00 0.000000e+00 5.000000e-01
9.237453e-04 1.584214e-04 3.770004e-01 1.375000e+00 0.000000e+00 5.000000e-01
1.087142e-03 1.718926e-04 3.770004e-01 1.425000e+00 0.000000e+00 5.000000e-01
1.297652e-03 1.873005e-04 3.770004e-01 1.475000e+00 0.000000e+00 5.000000e-01
8.685262e-04 1.535355e-04 3.770004e-01 1.525000e+00 0.000000e+00 5.000000e-01
1.079534e-03 1.706896e-04 3.770004e-01 1.575000e+00 0.000000e+00 5.000000e-01
1.720010e-03 2.150020e-04 3.770004e-01 1.625000e+00 0.000000e+00 5.000000e-01
1.592715e-03 2.056193e-04 3.770004e-01 1.675000e+00 0.000000e+00 5.000000e-01
1.362284e-03 1.889152e-04 3.770004e-01 1.725000e+00 0.000000e+00 5.000000e-01
1.856117e-03 2.187461e-04 3.770004e-01 1.775000e+00 0.000000e+00 5.000000e-01
2.263315e-03 2.412709e-04 3.770004e-01 1.825000e+00 0.000000e+00 5.000000e-01
2.186030e-03 2.357265e-04 3.770004e-01 1.875000e+00 0.000000e+00 5.000000e-01
2.488931e-03 2.514207e-04 3.770004e-01 1.925000e+00 0.000000e+00 5.000000e-01
2.647166e-03 2.595767e-04 3.770004e-01 1.975000e+00 0.000000e+00 5.000000e-01
3.747545e-03 3.080476e-04 3.770004e-01 2.025000e+00 0.000000e+00 5.000000e-01
3.893101e-03 3.116986e-04 3.770004e-01 2.075000e+00 0.000000e+00 5.000000e-01
2.345724e-03 2.394104e-04 3.770004e-01 2.125000e+00 0.000000e+00 5.000000e-01
2.476230e-03 2.451843e-04 3.770004e-01 2.175000e+00 0.000000e+00 5.000000e-01
1.878931e-03 2.127479e-04 3.770004e-01 2.225000e+00 0.000000e+00 5.000000e-01
2.210659e-03 2.304783e-04 3.770004e-01 2.275000e+00 0.000000e+00 5.000000e-01
1.194525e-03 1.689321e-04 3.770004e-01 2.325000e+00 0.000000e+00 5.000000e-01
1.792413e-03 2.056047e-04 3.770004e-01 2.375000e+00 0.000000e+00 5.000000e-01
1.626474e-03 1.944017e-04 3.770004e-01 2.425000e+00 0.000000e+00 5.000000e-01
1.329135e-03 1.745249e-04 3.770004e-01 2.475000e+00 0.000000e+00 5.000000e-01
1.042674e-03 1.537349e-04 3.770004e-01 2.525000e+00 0.000000e+00 5.000000e-01
1.630885e-03 1.922028e-04 3.770004e-01 2.575000e+00 0.000000e+00 5.000000e-01
1.075990e-03 1.553067e-04 3.770004e-01 2.625000e+00 0.000000e+00 5.000000e-01
1.233941e-03 1.648935e-04 3.770004e-01 2.675000e+00 0.000000e+00 5.000000e-01
7.405175e-04 1.269987e-04 3.770004e-01 2.725000e+00 0.000000e+00 5.000000e-01
1.241468e-03 1.630139e-04 3.770004e-01 2.775000e+00 0.000000e+00 5.000000e-01
1.450198e-03 1.758633e-04 3.770004e-01 2.825000e+00 0.000000e+00 5.000000e-01
1.006265e-03 1.452433e-04 3.770004e-01 2.875000e+00 0.000000e+00 5.000000e-01
9.528161e-04 1.404860e-04 3.770004e-01 2.925000e+00 0.000000e+00 5.000000e-01
8.946457e-04 1.348741e-04 3.770004e-01 2.975000e+00 0.000000e+00 5.000000e-01
6.040360e-04 1.102823e-04 3.770004e-01 3.025000e+00 0.000000e+00 5.000000e-01
6.339723e-04 1.120732e-04 3.770004e-01 3.075000e+00 0.000000e+00 5.000000e-01
3.904362e-04 8.730525e-05 3.770004e-01 3.125000e+00 0.000000e+00 5.000000e-01
4.982960e-04 9.772546e-05 3.770004e-01 3.175000e+00 0.000000e+00 5.000000e-01
3.385224e-04 7.979152e-05 3.770004e-01 3.225000e+00 0.000000e+00 5.000000e-01
5.910599e-04 1.044864e-04 3.770004e-01 3.275000e+00 0.000000e+00 5.000000e-01
3.265356e-04 7.696621e-05 3.770004e-01 3.325000e+00 0.000000e+00 5.000000e-01
3.215416e-04 7.578914e-05 3.770004e-01 3.375000e+00 0.000000e+00 5.000000e-01
2.802546e-04 7.006455e-05 3.770004e-01 3.425000e+00 0.000000e+00 5.000000e-01
3.404978e-04 7.613900e-05 3.770004e-01 3.475000e+00 0.000000e+00 5.000000e-01
3.011127e-04 7.097527e-05 3.770004e-01 3.525000e+00 0.000000e+00 5.000000e-01
2.610284e-04 6.525878e-05 3.770004e-01 3.575000e+00 0.000000e+00 5.000000e-01
1.597225e-04 5.051042e-05 3.770004e-01 3.625000e+00 0.000000e+00 5.000000e-01
2.478285e-04 6.195832e-05 3.770004e-01 3.675000e+00 0.000000e+00 5.000000e-01
4.209770e-04 7.955900e-05 3.770004e-01 3.725000e+00 0.000000e+00 5.000000e-01
4.686531e-04 8.284920e-05 3.770004e-01 3.775000e+00 0.000000e+00 5.000000e-01
5.098021e-04 8.497034e-05 3.770004e-01 3.825000e+00 0.000000e+00 5.000000e-01
4.108590e-04 7.501656e-05 3.770004e-01 3.875000e+00 0.000000e+00 5.000000e-01
2.878550e-04 6.137249e-05 3.770004e-01 3.925000e+00 0.000000e+00 5.000000e-01
4.828792e-04 7.635373e-05 3.770004e-01 3.975000e+00 0.000000e+00 5.000000e-01
3.406197e-01 3.030159e-03 3.970004e-01 2.500000e-02 0.000000e+00 5.000000e-01
1.917428e-01 2.273012e-03 3.970004e-01 7.500000e-02 0.000000e+00 5.000000e-01
5.331117e-02 1.212245e-03 3.970004e-01 1.250000e-01 0.000000e+00 5.000000e-01
2.520235e-02 8.228868e-04 3.970004e-01 1.750000e-01 0.000000e+00 5.000000e-01
1.233123e-02 5.892095e-04 3.970004e-01 2.250000e-01 0.000000e+00 5.000000e-01
4.157591e-03 3.372256e-04 3.970004e-01 2.750000e-01 0.000000e+00 5.000000e-01
1.114565e-03 1.762285e-04 3.970004e-01 3.250000e-01 0.000000e+00 5.000000e-01
2.742673e-04 8.673096e-05 3.970004e-01 3.750000e-01 0.000000e+00 5.000000e-01
5.510028e-04 1.232082e-04 3.970004e-01 4.250000e-01 0.000000e+00 5.000000e-01
7.155820e-04 1.403373e-04 3.970004e-01 4.750000e-01 0.000000e+00 5.000000e-01
4.348651e-04 1.087164e-04 3.970004e-01 5.250000e-01 0.000000e+00 5.000000e-01
5.487404e-04 1.227022e-04 3.970004e-01 5.750000e-01 0.000000e+00 5.000000e-01
6.512915e-04 1.329445e-04 3.970004e-01 6.250000e-01 0.000000e+00 5.000000e-01
9.212302e-04 1.579898e-04 3.970004e-01 6.750000e-01 0.000000e+00 5.000000e-01
4.308724e-04 1.077183e-04 3.970004e-01 7.250000e-01 0.000000e+00 5.000000e-01
8.165117e-04 1.490741e-04 3.970004e-01 7.750000e-01 0.000000e+00 5.000000e-01
5.887573e-04 1.255236e-04 3.970004e-01 8.250000e-01 0.000000e+00 5.000000e-01
8.769583e-04 1.550259e-04 3.970004e-01 8.750000e-01 0.000000e+00 5.000000e-01
3.242931e-04 9.361558e-05 3.970004e-01 9.250000e-01 0.000000e+00 5.000000e-01
7.220309e-04 1.416022e-04 3.970004e-01 9.750000e-01 0.000000e+00 5.000000e-01
8.764852e-04 1.549425e-04 3.970004e-01 1.025000e+00 0.000000e+00 5.000000e-01
5.517406e-04 1.233732e-04 3.970004e-01 1.075000e+00 0.000000e+00 5.000000e-01
6.150357e-04 1.311263e-04 3.970004e-01 1.125000e+00 0.000000e+00 5.000000e-01
6.573458e-04 1.341804e-04 3.970004e-01 1.175000e+00 0.000000e+00 5.000000e-01
5.514581e-04 1.233100e-04 3.970004e-01 1.225000e+00 0.000000e+00 5.000000e-01
9.824120e-04 1.637357e-04 3.970004e-01 1.275000e+00 0.000000e+00 5.000000e-01
8.716614e-04 1.540898e-04 3.970004e-01 1.325000e+00 0.000000e+00 5.000000e-01
1.532455e-03 2.047835e-04 3.970004e-01 1.375000e+00 0.000000e+00 5.000000e-01
7.103431e-04 1.393100e-04 3.970004e-01 1.425000e+00 0.000000e+00 5.000000e-01
1.095107e-03 1.731520e-04 3.970004e-01 1.475000e+00 0.000000e+00 5.000000e-01
7.708484e-04 1.456770e-04 3.970004e-01 1.525000e+00 0.000000e+00 5.000000e-01
1.744372e-03 2.180469e-04 3.970004e-01 1.575000e+00 0.000000e+00 5.000000e-01
1.247187e-03 1.838881e-04 3.970004e-01 1.625000e+00 0.000000e+00 5.000000e-01
1.730847e-03 2.163564e-04 3.970004e-01 1.675000e+00 0.000000e+00 5.000000e-01
1.692573e-03 2.115723e-04 3.970004e-01 1.725000e+00 0.000000e+00 5.000000e-01
1.512273e-03 1.985717e-04 3.970004e-01 1.775000e+00 0.000000e+00 5.000000e-01
1.970884e-03 2.260767e-04 3.970004e-01 1.825000e+00 0.000000e+00 5.000000e-01
2.787386e-03 2.682174e-04 3.970004e-01 1.875000e+00 0.000000e+00 5.000000e-01
2.786184e-03 2.681016e-04 3.970004e-01 1.925000e+00 0.000000e+00 5.000000e-01
2.921962e-03 2.736680e-04 3.970004e-01 1.975000e+00 0.000000e+00 5.000000e-01
3.537282e-03 3.011145e-04 3.970004e-01 2.025000e+00 0.000000e+00 5.000000e-01
2.624816e-03 2.573853e-04 3.970004e-01 2.075000e+00 0.000000e+00 5.000000e-01
2.291362e-03 2.388921e-04 3.970004e-01 2.125000e+00 0.000000e+00 5.000000e-01
1.620568e-03 1.994789e-04 3.970004e-01 2.175000e+00 0.000000e+00 5.000000e-01
1.849156e-03 2.121137e-04 3.970004e-01 2.225000e+00 0.000000e+00 5.000000e-01
1.407670e-03 1.848367e-04 3.970004e-01 2.275000e+00 0.000000e+00 5.000000e-01
1.454849e-03 1.878212e-04 3.970004e-01 2.325000e+00 0.000000e+00 5.000000e-01
1.822969e-03 2.091100e-04 3.970004e-01 2.375000e+00 0.000000e+00 5.000000e-01
1.131540e-03 1.633248e-04 3.970004e-01 2.425000e+00 0.000000e+00 5.000000e-01
1.020676e-03 1.538736e-04 3.970004e-01 2.475000e+00 0.000000e+00 5.000000e-01
1.424260e-03 1.808822e-04 3.970004e-01 2.525000e+00 0.000000e+00 5.000000e-01
1.466971e-03 1.833722e-04 3.970004e-01 2.575000e+00 0.000000e+00 5.000000e-01
1.178366e-03 1.634112e-04 3.970004e-01 2.625000e+00 0.000000e+00 5.000000e-01
8.921543e-04 1.410631e-04 3.970004e-01 2.675000e+00 0.000000e+00 5.000000e-01
1.370035e-03 1.739958e-04 3.970004e-01 2.725000e+00 0.000000e+00 5.000000e-01
8.704735e-04 1.376352e-04 3.970004e-01 2.775000e+00 0.000000e+00 5.000000e-01
7.326449e-04 1.256486e-04 3.970004e-01 2.825000e+00 0.000000e+00 5.000000e-01
7.251886e-04 1.243698e-04 3.970004e-01 2.875000e+00 0.000000e+00 5.000000e-01
7.125411e-04 1.222007e-04 3.970004e-01 2.925000e+00 0.000000e+00 5.000000e-01
9.475753e-04 1.397137e-04 3.970004e-01 2.975000e+00 0.000000e+00 5.000000e-01
7.770489e-04 1.260553e-04 3.970004e-01 3.025000e+00 0.000000e+00 5.000000e-01
3.223392e-04 8.058547e-05 3.970004e-01 3.075000e+00 0.000000e+00 5.000000e-01
5.946937e-04 1.085769e-04 3.970004e-01 3.125000e+00 0.000000e+00 5.000000e-01
6.630220e-04 1.137089e-04 3.970004e-01 3.175000e+00 0.000000e+00 5.000000e-01
3.817961e-04 8.537310e-05 3.970004e-01 3.225000e+00 0.000000e+00 5.000000e-01
6.784687e-04 1.130795e-04 3.970004e-01 3.275000e+00 0.000000e+00 5.000000e-01
4.793526e-04 9.401014e-05 3.970004e-01 3.325000e+00 0.000000e+00 5.000000e-01
5.066299e-04 9.574466e-05 3.970004e-01 3.375000e+00 0.000000e+00 5.000000e-01
4.615313e-04 9.051482e-05 3.970004e-01 3.425000e+00 0.000000e+00 5.000000e-01
5.208758e-04 9.510028e-05 3.970004e-01 3.475000e+00 0.000000e+00 5.000000e-01
5.784400e-04 9.920349e-05 3.970004e-01 3.525000e+00 0.000000e+00 5.000000e-01
5.967523e-04 9.946053e-05 3.970004e-01 3.575000e+00 0.000000e+00 5.000000e-01
3.236199e-04 7.236550e-05 3.970004e-01 3.625000e+00 0.000000e+00 5.000000e-01
5.364506e-04 9.200352e-05 3.970004e-01 3.675000e+00 0.000000e+00 5.000000e-01
2.138389e-04 5.715240e-05 3.970004e-01 3.725000e+00 0.000000e+00 5.000000e-01
3.289248e-04 7.012860e-05 3.970004e-01 3.775000e+00 0.000000e+00 5.000000e-01
1.730166e-04 4.994669e-05 3.970004e-01 3.825000e+00 0.000000e+00 5.000000e-01
3.843882e-04 7.264452e-05 3.970004e-01 3.875000e+00 0.000000e+00 5.000000e-01
4.130039e-04 7.301179e-05 3.970004e-01 3.925000e+00 0.000000e+00 5.000000e-01
4.070218e-04 6.980826e-05 3.970004e-01 3.975000e+00 0.000000e+00 5.000000e-01
3.400998e-01 3.014816e-03 4.170004e-01 2.500000e-02 0.000000e+00 5.000000e-01
1.858847e-01 2.274002e-03 4.170004e-01 7.500000e-02 0.000000e+00 5.000000e-01
5.566720e-02 1.227092e-03 4.170004e-01 1.250000e-01 0.000000e+00 5.000000e-01
2.188965e-02 7.768354e-04 4.170004e-01 1.750000e-01 0.000000e+00 5.000000e-01
1.309384e-02 6.026934e-04 4.170004e-01 2.250000e-01 0.000000e+00 5.000000e-01
4.036150e-03 3.317698e-04 4.170004e-01 2.750000e-01 0.000000e+00 5.000000e-01
1.311830e-03 1.934190e-04 4.170004e-01 3.250000e-01 0.000000e+00 5.000000e-01
1.212963e-03 1.828613e-04 4.170004e-01 3.750000e-01 0.000000e+00 5.000000e-01
9.063971e-04 1.602300e-04 4.170004e-01 4.250000e-01 0.000000e+00 5.000000e-01
3.283158e-04 9.477662e-05 4.170004e-01 4.750000e-01 0.000000e+00 5.000000e-01
6.626733e-04 1.352677e-04 4.170004e-01 5.250000e-01 0.000000e+00 5.000000e-01
1.098289e-04 5.491444e-05 4.170004e-01 5.750000e-01 0.000000e+00 5.000000e-01
7.031574e-04 1.379007e-04 4.170004e-01 6.250000e-01 0.000000e+00 5.000000e-01
7.008501e-04 1.374483e-04 4.170004e-01 6.750000e-01 0.000000e+00 5.000000e-01
7.043350e-04 1.381316e-04 4.170004e-01 7.250000e-01 0.000000e+00 5.000000e-01
2.685554e-04 8.492486e-05 4.170004e-01 7.750000e-01 0.000000e+00 5.000000e-01
7.582190e-04 1.432902e-04 4.170004e-01 8.250000e-01 0.000000e+00 5.000000e-01
2.704615e-04 8.552754e-05 4.170004e-01 8.750000e-01 0.000000e+00 5.000000e-01
6.541945e-04 1.335371e-04 4.170004e-01 9.250000e-01 0.000000e+00 5.000000e-01
5.501240e-04 1.230117e-04 4.170004e-01 9.750000e-01 0.000000e+00 5.000000e-01
5.463813e-04 1.221747e-04 4.170004e-01 1.025000e+00 0.000000e+00 5.000000e-01
8.400590e-04 1.533734e-04 4.170004e-01 1.075000e+00 0.000000e+00 5.000000e-01
6.583009e-04 1.343753e-04 4.170004e-01 1.125000e+00 0.000000e+00 5.000000e-01
6.670119e-04 1.361536e-04 4.170004e-01 1.175000e+00 0.000000e+00 5.000000e-01
1.041129e-03 1.688936e-04 4.170004e-01 1.225000e+00 0.000000e+00 5.000000e-01
7.055608e-04 1.383722e-04 4.170004e-01 1.275000e+00 0.000000e+00 5.000000e-01
9.801646e-04 1.633611e-04 4.170004e-01 1.325000e+00 0.000000e+00 5.000000e-01
5.405592e-04 1.208730e-04 4.170004e-01 1.375000e+00 0.000000e+00 5.000000e-01
8.797160e-04 1.555136e-04 4.170004e-01 1.425000e+00 0.000000e+00 5.000000e-01
9.860296e-04 1.643386e-04 4.170004e-01 1.475000e+00 0.000000e+00 5.000000e-01
1.098021e-03 1.736128e-04 4.170004e-01 1.525000e+00 0.000000e+00 5.000000e-01
1.219396e-03 1.838314e-04 4.170004e-01 1.575000e+00 0.000000e+00 5.000000e-01
1.596276e-03 2.096018e-04 4.170004e-01 1.625000e+00 0.000000e+00 5.000000e-01
1.518619e-03 2.029345e-04 4.170004e-01 1.675000e+00 0.000000e+00 5.000000e-01
2.092366e-03 2.369146e-04 4.170004e-01 1.725000e+00 0.000000e+00 5.000000e-01
2.282933e-03 2.461756e-04 4.170004e-01 1.775000e+00 0.000000e+00 5.000000e-01
1.724118e-03 2.122248e-04 4.170004e-01 1.825000e+00 0.000000e+00 5.000000e-01
2.148503e-03 2.372632e-04 4.170004e-01 1.875000e+00 0.000000e+00 5.000000e-01
2.188612e-03 2.387979e-04 4.170004e-01 1.925000e+00 0.000000e+00 5.000000e-01
2.514721e-03 2.566586e-04 4.170004e-01 1.975000e+00 0.000000e+00 5.000000e-01
3.036094e-03 2.794959e-04 4.170004e-01 2.025000e+00 0.000000e+00 5.000000e-01
3.125841e-03 2.830013e-04 4.170004e-01 2.075000e+00 0.000000e+00 5.000000e-01
2.368089e-03 2.442508e-04 4.170004e-01 2.125000e+00 0.000000e+00 5.000000e-01
2.141520e-03 2.309272e-04 4.170004e-01 2.175000e+00 0.000000e+00 5.000000e-01
2.367075e-03 2.415893e-04 4.170004e-01 2.225000e+00 0.000000e+00 5.000000e-01
1.328120e-03 1.807348e-04 4.170004e-01 2.275000e+00 0.000000e+00 5.000000e-01
1.616224e-03 1.989444e-04 4.170004e-01 2.325000e+00 0.000000e+00 5.000000e-01
1.601210e-03 1.970962e-04 4.170004e-01 2.375000e+00 0.000000e+00 5.000000e-01
1.528511e-03 1.910647e-04 4.170004e-01 2.425000e+00 0.000000e+00 5.000000e-01
1.508371e-03 1.885471e-04 4.170004e-01 2.475000e+00 0.000000e+00 5.000000e-01
1.213880e-03 1.683356e-04 4.170004e-01 2.525000e+00 0.000000e+00 5.000000e-01
1.111367e-03 1.604133e-04 4.170004e-01 2.575000e+00 0.000000e+00 5.000000e-01
8.729574e-04 1.416132e-04 4.170004e-01 2.625000e+00 0.000000e+00 5.000000e-01
5.431993e-04 1.108810e-04 4.170004e-01 2.675000e+00 0.000000e+00 5.000000e-01
1.383488e-03 1.757042e-04 4.170004e-01 2.725000e+00 0.000000e+00 5.000000e-01
9.726048e-04 1.466266e-04 4.170004e-01 2.775000e+00 0.000000e+00 5.000000e-01
1.222612e-03 1.633800e-04 4.170004e-01 2.825000e+00 0.000000e+00 5.000000e-01
1.120671e-03 1.554104e-04 4.170004e-01 2.875000e+00 0.000000e+00 5.000000e-01
7.669331e-04 1.278238e-04 4.170004e-01 2.925000e+00 0.000000e+00 5.000000e-01
9.191688e-04 1.385713e-04 4.170004e-01 2.975000e+00 0.000000e+00 5.000000e-01
6.601893e-04 1.167071e-04 4.170004e-01 3.025000e+00 0.000000e+00 5.000000e-01
7.730626e-04 1.254084e-04 4.170004e-01 3.075000e+00 0.000000e+00 5.000000e-01
5.999393e-04 1.095343e-04 4.170004e-01 3.125000e+00 0.000000e+00 5.000000e-01
3.936820e-04 8.803085e-05 4.170004e-01 3.175000e+00 0.000000e+00 5.000000e-01
3.876734e-04 8.668793e-05 4.170004e-01 3.225000e+00 0.000000e+00 5.000000e-01
4.575527e-04 9.339939e-05 4.170004e-01 3.275000e+00 0.000000e+00 5.000000e-01
4.110966e-04 8.764751e-05 4.170004e-01 3.325000e+00 0.000000e+00 5.000000e-01
5.499047e-04 1.003996e-04 4.170004e-01 3.375000e+00 0.000000e+00 5.000000e-01
4.333640e-04 8.846096e-05 4.170004e-01 3.425000e+00 0.000000e+00 5.000000e-01
3.878063e-04 8.268196e-05 4.170004e-01 3.475000e+00 0.000000e+00 5.000000e-01
9.693206e-04 1.295337e-04 4.170004e-01 3.525000e+00 0.000000e+00 5.000000e-01
5.728539e-04 9.824513e-05 4.170004e-01 3.575000e+00 0.000000e+00 5.000000e-01
4.288727e-04 8.411029e-05 4.170004e-01 3.625000e+00 0.000000e+00 5.000000e-01
3.209155e-04 7.176057e-05 4.170004e-01 3.675000e+00 0.000000e+00 5.000000e-01
3.443412e-04 7.341598e-05 4.170004e-01 3.725000e+00 0.000000e+00 5.000000e-01
3.967141e-04 7.780354e-05 4.170004e-01 3.775000e+00 0.000000e+00 5.000000e-01
3.476285e-04 7.096072e-05 4.170004e-01 3.825000e+00 0.000000e+00 5.000000e-01
5.414629e-04 8.561712e-05 4.170004e-01 3.875000e+00 0.000000e+00 5.000000e-01
3.777795e-04 6.897677e-05 4.170004e-01 3.925000e+00 0.000000e+00 5.000000e-01
5.183285e-04 7.814446e-05 4.170004e-01 3.975000e+00 0.000000e+00 5.000000e-01
3.384786e-01 3.064947e-03 4.370004e-01 2.500000e-02 0.000000e+00 5.000000e-01
1.936506e-01 2.292408e-03 4.370004e-01 7.500000e-02 0.000000e+00 5.000000e-01
5.759891e-02 1.250675e-03 4.370004e-01 1.250000e-01 0.000000e+00 5.000000e-01
2.473896e-02 8.320623e-04 4.370004e-01 1.750000e-01 0.000000e+00 5.000000e-01
1.318936e-02 5.995169e-04 4.370004e-01 2.250000e-01 0.000000e+00 5.000000e-01
4.494651e-03 3.553338e-04 4.370004e-01 2.750000e-01 0.000000e+00 5.000000e-01
1.497935e-03 2.038434e-04 4.370004e-01 3.250000e-01 0.000000e+00 5.000000e-01
5.520531e-04 1.234431e-04 4.370004e-01 3.750000e-01 0.000000e+00 5.000000e-01
9.181882e-04 1.623145e-04 4.370004e-01 4.250000e-01 0.000000e+00 5.000000e-01
8.850890e-04 1.564632e-04 4.370004e-01 4.750000e-01 0.000000e+00 5.000000e-01
4.555545e-04 1.138887e-04 4.370004e-01 5.250000e-01 0.000000e+00 5.000000e-01
7.130666e-04 1.398440e-04 4.370004e-01 5.750000e-01 0.000000e+00 5.000000e-01
9.278265e-04 1.591211e-04 4.370004e-01 6.250000e-01 0.000000e+00 5.000000e-01
8.682355e-04 1.534841e-04 4.370004e-01 6.750000e-01 0.000000e+00 5.000000e-01
4.832894e-04 1.139126e-04 4.370004e-01 7.250000e-01 0.000000e+00 5.000000e-01
4.309255e-04 1.077315e-04 4.370004e-01 7.750000e-01 0.000000e+00 5.000000e-01
5.449380e-04 1.218521e-04 4.370004e-01 8.250000e-01 0.000000e+00 5.000000e-01
6.470800e-04 1.320849e-04 4.370004e-01 8.750000e-01 0.000000e+00 5.000000e-01
4.969208e-04 1.171256e-04 4.370004e-01 9.250000e-01 0.000000e+00 5.000000e-01
7.025905e-04 1.377895e-04 4.370004e-01 9.750000e-01 0.000000e+00 5.000000e-01
8.921884e-04 1.577185e-04 4.370004e-01 1.025000e+00 0.000000e+00 5.000000e-01
6.542076e-04 1.335398e-04 4.370004e-01 1.075000e+00 0.000000e+00 5.000000e-01
6.685737e-04 1.364722e-04 4.370004e-01 1.125000e+00 0.000000e+00 5.000000e-01
8.872452e-04 1.568446e-04 4.370004e-01 1.175000e+00 0.000000e+00 5.000000e-01
5.435080e-04 1.215324e-04 4.370004e-01 1.225000e+00 0.000000e+00 5.000000e-01
1.147422e-03 1.770514e-04 4.370004e-01 1.275000e+00 0.000000e+00 5.000000e-01
8.599205e-04 1.520141e-04 4.370004e-01 1.325000e+00 0.000000e+00 5.000000e-01
1.038532e-03 1.684726e-04 4.370004e-01 1.375000e+00 0.000000e+00 5.000000e-01
9.735494e-04 1.622585e-04 4.370004e-01 1.425000e+00 0.000000e+00 5.000000e-01
1.316975e-03 1.900893e-04 4.370004e-01 1.475000e+00 0.000000e+00 5.000000e-01
7.178106e-04 1.407746e-04 4.370004e-01 1.525000e+00 0.000000e+00 5.000000e-01
1.488810e-03 2.026018e-04 4.370004e-01 1.575000e+00 0.000000e+00 5.000000e-01
1.385271e-03 1.959076e-04 4.370004e-01 1.625000e+00 0.000000e+00 5.000000e-01
1.719209e-03 2.183405e-04 4.370004e-01 1.675000e+00 0.000000e+00 5.000000e-01
1.727831e-03 2.159794e-04 4.370004e-01 1.725000e+00 0.000000e+00 5.000000e-01
1.608863e-03 2.077038e-04 4.370004e-01 1.775000e+00 0.000000e+00 5.000000e-01
2.025849e-03 2.323816e-04 4.370004e-01 1.825000e+00 0.000000e+00 5.000000e-01
1.899831e-03 2.238979e-04 4.370004e-01 1.875000e+00 0.000000e+00 5.000000e-01
2.271206e-03 2.449112e-04 4.370004e-01 1.925000e+00 0.000000e+00 5.000000e-01
3.056400e-03 2.837804e-04 4.370004e-01 1.975000e+00 0.000000e+00 5.000000e-01
2.736091e-03 2.682967e-04 4.370004e-01 2.025000e+00 0.000000e+00 5.000000e-01
3.296794e-03 2.913992e-04 4.370004e-01 2.075000e+00 0.000000e+00 5.000000e-01
2.246419e-03 2.394702e-04 4.370004e-01 2.125000e+00 0.000000e+00 5.000000e-01
1.762282e-03 2.106339e-04 4.370004e-01 2.175000e+00 0.000000e+00 5.000000e-01
1.404191e-03 1.876438e-04 4.370004e-01 2.225000e+00 0.000000e+00 5.000000e-01
1.835195e-03 2.133384e-04 4.370004e-01 2.275000e+00 0.000000e+00 5.000000e-01
1.390348e-03 1.857938e-04 4.370004e-01 2.325000e+00 0.000000e+00 5.000000e-01
1.419347e-03 1.863703e-04 4.370004e-01 2.375000e+00 0.000000e+00 5.000000e-01
1.164783e-03 1.681230e-04 4.370004e-01 2.425000e+00 0.000000e+00 5.000000e-01
1.146054e-03 1.654195e-04 4.370004e-01 2.475000e+00 0.000000e+00 5.000000e-01
1.136143e-03 1.639892e-04 4.370004e-01 2.525000e+00 0.000000e+00 5.000000e-01
8.905283e-04 1.444638e-04 4.370004e-01 2.575000e+00 0.000000e+00 5.000000e-01
1.115915e-03 1.610693e-04 4.370004e-01 2.625000e+00 0.000000e+00 5.000000e-01
1.008359e-03 1.520168e-04 4.370004e-01 2.675000e+00 0.000000e+00 5.000000e-01
1.130237e-03 1.598407e-04 4.370004e-01 2.725000e+00 0.000000e+00 5.000000e-01
1.299104e-03 1.705815e-04 4.370004e-01 2.775000e+00 0.000000e+00 5.000000e-01
9.269706e-04 1.430358e-04 4.370004e-01 2.825000e+00 0.000000e+00 5.000000e-01
9.177489e-04 1.416129e-04 4.370004e-01 2.875000e+00 0.000000e+00 5.000000e-01
6.447506e-04 1.177161e-04 4.370004e-01 2.925000e+00 0.000000e+00 5.000000e-01
9.344589e-04 1.408763e-04 4.370004e-01 2.975000e+00 0.000000e+00 5.000000e-01
8.804569e-04 1.358586e-04 4.370004e-01 3.025000e+00 0.000000e+00 5.000000e-01
3.721407e-04 8.771506e-05 4.370004e-01 3.075000e+00 0.000000e+00 5.000000e-01
6.912770e-04 1.185545e-04 4.370004e-01 3.125000e+00 0.000000e+00 5.000000e-01
5.201264e-04 1.020063e-04 4.370004e-01 3.175000e+00 0.000000e+00 5.000000e-01
9.049843e-04 1.334345e-04 4.370004e-01 3.225000e+00 0.000000e+00 5.000000e-01
5.419310e-04 1.024170e-04 4.370004e-01 3.275000e+00 0.000000e+00 5.000000e-01
6.082359e-04 1.075231e-04 4.370004e-01 3.325000e+00 0.000000e+00 5.000000e-01
5.581707e-04 1.019095e-04 4.370004e-01 3.375000e+00 0.000000e+00 5.000000e-01
4.394185e-04 8.969676e-05 4.370004e-01 3.425000e+00 0.000000e+00 5.000000e-01
2.869186e-04 7.173109e-05 4.370004e-01 3.475000e+00 0.000000e+00 5.000000e-01
4.889163e-04 9.239793e-05 4.370004e-01 3.525000e+00 0.000000e+00 5.000000e-01
2.402816e-04 6.421927e-05 4.370004e-01 3.575000e+00 0.000000e+00 5.000000e-01
5.022742e-04 9.170421e-05 4.370004e-01 3.625000e+00 0.000000e+00 5.000000e-01
4.237315e-04 8.310235e-05 4.370004e-01 3.675000e+00 0.000000e+00 5.000000e-01
3.795451e-04 7.747690e-05 4.370004e-01 3.725000e+00 0.000000e+00 5.000000e-01
5.717563e-04 9.275378e-05 4.370004e-01 3.775000e+00 0.000000e+00 5.000000e-01
3.657140e-04 7.172592e-05 4.370004e-01 3.825000e+00 0.000000e+00 5.000000e-01
3.690456e-04 6.974603e-05 4.370004e-01 3.875000e+00 0.000000e+00 5.000000e-01
4.692542e-04 7.612748e-05 4.370004e-01 3.925000e+00 0.000000e+00 5.000000e-01
3.449729e-04 6.298671e-05 4.370004e-01 3.975000e+00 0.000000e+00 5.000000e-01
3.541432e-01 3.103420e-03 4.570004e-01 2.500000e-02 0.000000e+00 5.000000e-01
1.915274e-01 2.290501e-03 4.570004e-01 7.500000e-02 0.000000e+00 5.000000e-01
5.777362e-02 1.265859e-03 4.570004e-01 1.250000e-01 0.000000e+00 5.000000e-01
2.609569e-02 8.457673e-04 4.570004e-01 1.750000e-01 0.000000e+00 5.000000e-01
1.178869e-02 5.725099e-04 4.570004e-01 2.250000e-01 0.000000e+00 5.000000e-01
4.774276e-03 3.661707e-04 4.570004e-01 2.750000e-01 0.000000e+00 5.000000e-01
1.712156e-03 2.174443e-04 4.570004e-01 3.250000e-01 0.000000e+00 5.000000e-01
9.760956e-04 1.673991e-04 4.570004e-01 3.750000e-01 0.000000e+00 5.000000e-01
7.235861e-04 1.419071e-04 4.570004e-01 4.250000e-01 0.000000e+00 5.000000e-01
8.383827e-04 1.530672e-04 4.570004e-01 4.750000e-01 0.000000e+00 5.000000e-01
3.465507e-04 1.000406e-04 4.570004e-01 5.250000e-01 0.000000e+00 5.000000e-01
4.409907e-04 1.102478e-04 4.570004e-01 5.750000e-01 0.000000e+00 5.000000e-01
5.641928e-04 1.261575e-04 4.570004e-01 6.250000e-01 0.000000e+00 5.000000e-01
6.497636e-04 1.326326e-04 4.570004e-01 6.750000e-01 0.000000e+00 5.000000e-01
3.750522e-04 1.002371e-04 4.570004e-01 7.250000e-01 0.000000e+00 5.000000e-01
9.297634e-04 1.594535e-04 4.570004e-01 7.750000e-01 0.000000e+00 5.000000e-01
4.319629e-04 1.079909e-04 4.570004e-01 8.250000e-01 0.000000e+00 5.000000e-01
8.124897e-04 1.483399e-04 4.570004e-01 8.750000e-01 0.000000e+00 5.000000e-01
6.077709e-04 1.295774e-04 4.570004e-01 9.250000e-01 0.000000e+00 5.000000e-01
5.937081e-04 1.265792e-04 4.570004e-01 9.750000e-01 0.000000e+00 5.000000e-01
5.004507e-04 1.179576e-04 4.570004e-01 1.025000e+00 0.000000e+00 5.000000e-01
8.225536e-04 1.501773e-04 4.570004e-01 1.075000e+00 0.000000e+00 5.000000e-01
5.067239e-04 1.194361e-04 4.570004e-01 1.125000e+00 0.000000e+00 5.000000e-01
1.087347e-03 1.719249e-04 4.570004e-01 1.175000e+00 0.000000e+00 5.000000e-01
9.485083e-04 1.626682e-04 4.570004e-01 1.225000e+00 0.000000e+00 5.000000e-01
8.029070e-04 1.465904e-04 4.570004e-01 1.275000e+00 0.000000e+00 5.000000e-01
6.546799e-04 1.336362e-04 4.570004e-01 1.325000e+00 0.000000e+00 5.000000e-01
5.379320e-04 1.202855e-04 4.570004e-01 1.375000e+00 0.000000e+00 5.000000e-01
8.167571e-04 1.491190e-04 4.570004e-01 1.425000e+00 0.000000e+00 5.000000e-01
1.042022e-03 1.690388e-04 4.570004e-01 1.475000e+00 0.000000e+00 5.000000e-01
1.689261e-03 2.145370e-04 4.570004e-01 1.525000e+00 0.000000e+00 5.000000e-01
1.781927e-03 2.227415e-04 4.570004e-01 1.575000e+00 0.000000e+00 5.000000e-01
1.488769e-03 2.025964e-04 4.570004e-01 1.625000e+00 0.000000e+00 5.000000e-01
1.372318e-03 1.940755e-04 4.570004e-01 1.675000e+00 0.000000e+00 5.000000e-01
2.149814e-03 2.434193e-04 4.570004e-01 1.725000e+00 0.000000e+00 5.000000e-01
1.399661e-03 1.940985e-04 4.570004e-01 1.775000e+00 0.000000e+00 5.000000e-01
2.158600e-03 2.413395e-04 4.570004e-01 1.825000e+00 0.000000e+00 5.000000e-01
2.846990e-03 2.765248e-04 4.570004e-01 1.875000e+00 0.000000e+00 5.000000e-01
2.346513e-03 2.501399e-04 4.570004e-01 1.925000e+00 0.000000e+00 5.000000e-01
3.099020e-03 2.877378e-04 4.570004e-01 1.975000e+00 0.000000e+00 5.000000e-01
3.063082e-03 2.844009e-04 4.570004e-01 2.025000e+00 0.000000e+00 5.000000e-01
2.517022e-03 2.568936e-04 4.570004e-01 2.075000e+00 0.000000e+00 5.000000e-01
2.618163e-03 2.592377e-04 4.570004e-01 2.125000e+00 0.000000e+00 5.000000e-01
2.309562e-03 2.434501e-04 4.570004e-01 2.175000e+00 0.000000e+00 5.000000e-01
1.569247e-03 1.992953e-04 4.570004e-01 2.225000e+00 0.000000e+00 5.000000e-01
1.765319e-03 2.109969e-04 4.570004e-01 2.275000e+00 0.000000e+00 5.000000e-01
1.548031e-03 1.966010e-04 4.570004e-01 2.325000e+00 0.000000e+00 5.000000e-01
1.142637e-03 1.684732e-04 4.570004e-01 2.375000e+00 0.000000e+00 5.000000e-01
1.860096e-03 2.133686e-04 4.570004e-01 2.425000e+00 0.000000e+00 5.000000e-01
1.597591e-03 1.966505e-04 4.570004e-01 2.475000e+00 0.000000e+00 5.000000e-01
1.484054e-03 1.884760e-04 4.570004e-01 2.525000e+00 0.000000e+00 5.000000e-01
1.567135e-03 1.929020e-04 4.570004e-01 2.575000e+00 0.000000e+00 5.000000e-01
9.873626e-04 1.523543e-04 4.570004e-01 2.625000e+00 0.000000e+00 5.000000e-01
9.315934e-04 1.472985e-04 4.570004e-01 2.675000e+00 0.000000e+00 5.000000e-01
8.251618e-04 1.375281e-04 4.570004e-01 2.725000e+00 0.000000e+00 5.000000e-01
8.620959e-04 1.398513e-04 4.570004e-01 2.775000e+00 0.000000e+00 5.000000e-01
9.380057e-04 1.447385e-04 4.570004e-01 2.825000e+00 0.000000e+00 5.000000e-01
9.328207e-04 1.439386e-04 4.570004e-01 2.875000e+00 0.000000e+00 5.000000e-01
7.838859e-04 1.306491e-04 4.570004e-01 2.925000e+00 0.000000e+00 5.000000e-01
7.768619e-04 1.294776e-04 4.570004e-01 2.975000e+00 0.000000e+00 5.000000e-01
5.918035e-04 1.118418e-04 4.570004e-01 3.025000e+00 0.000000e+00 5.000000e-01
8.362064e-04 1.322169e-04 4.570004e-01 3.075000e+00 0.000000e+00 5.000000e-01
6.584905e-04 1.164069e-04 4.570004e-01 3.125000e+00 0.000000e+00 5.000000e-01
6.074079e-04 1.108980e-04 4.570004e-01 3.175000e+00 0.000000e+00 5.000000e-01
4.800670e-04 9.799516e-05 4.570004e-01 3.225000e+00 0.000000e+00 5.000000e-01
2.735770e-04 7.311737e-05 4.570004e-01 3.275000e+00 0.000000e+00 5.000000e-01
6.193830e-04 1.094935e-04 4.570004e-01 3.325000e+00 0.000000e+00 5.000000e-01
3.020812e-04 7.552084e-05 4.570004e-01 3.375000e+00 0.000000e+00 5.000000e-01
2.964290e-04 7.410797e-05 4.570004e-01 3.425000e+00 0.000000e+00 5.000000e-01
4.358166e-04 8.896201e-05 4.570004e-01 3.475000e+00 0.000000e+00 5.000000e-01
5.346597e-04 9.761651e-05 4.570004e-01 3.525000e+00 0.000000e+00 5.000000e-01
5.570598e-04 9.847764e-05 4.570004e-01 3.575000e+00 0.000000e+00 5.000000e-01
2.037800e-04 5.882742e-05 4.570004e-01 3.625000e+00 0.000000e+00 5.000000e-01
3.248606e-04 7.264286e-05 4.570004e-01 3.675000e+00 0.000000e+00 5.000000e-01
5.258883e-04 9.019168e-05 4.570004e-01 3.725000e+00 0.000000e+00 5.000000e-01
4.064567e-04 7.681572e-05 4.570004e-01 3.775000e+00 0.000000e+00 5.000000e-01
3.831592e-04 7.241394e-05 4.570004e-01 3.825000e+00 0.000000e+00 5.000000e-01
5.635222e-04 8.495775e-05 4.570004e-01 3.875000e+00 0.000000e+00 5.000000e-01
3.354517e-04 6.339762e-05 4.570004e-01 3.925000e+00 0.000000e+00 5.000000e-01
4.506033e-04 7.125021e-05 4.570004e-01 3.975000e+00 0.000000e+00 5.000000e-01
3.473257e-01 3.106330e-03 4.770004e-01 2.500000e-02 0.000000e+00 5.000000e-01
1.948344e-01 2.324407e-03 4.770004e-01 7.500000e-02 0.000000e+00 5.000000e-01
5.524098e-02 1.230927e-03 4.770004e-01 1.250000e-01 0.000000e+00 5.000000e-01
2.581534e-02 8.501839e-04 4.770004e-01 1.750000e-01 0.000000e+00 5.000000e-01
1.527410e-02 6.536718e-04 4.770004e-01 2.250000e-01 0.000000e+00 5.000000e-01
5.450376e-03 3.873418e-04 4.770004e-01 2.750000e-01 0.000000e+00 5.000000e-01
1.248584e-03 1.882314e-04 4.770004e-01 3.250000e-01 0.000000e+00 5.000000e-01
1.474100e-03 2.044212e-04 4.770004e-01 3.750000e-01 0.000000e+00 5.000000e-01
7.751464e-04 1.464891e-04 4.770004e-01 4.250000e-01 0.000000e+00 5.000000e-01
5.814742e-04 1.300217e-04 4.770004e-01 4.750000e-01 0.000000e+00 5.000000e-01
5.068336e-04 1.194619e-04 4.770004e-01 5.250000e-01 0.000000e+00 5.000000e-01
6.094462e-04 1.299345e-04 4.770004e-01 5.750000e-01 0.000000e+00 5.000000e-01
6.833857e-04 1.394957e-04 4.770004e-01 6.250000e-01 0.000000e+00 5.000000e-01
2.727942e-04 8.626524e-05 4.770004e-01 6.750000e-01 0.000000e+00 5.000000e-01
8.850607e-04 1.564583e-04 4.770004e-01 7.250000e-01 0.000000e+00 5.000000e-01
4.915186e-04 1.158521e-04 4.770004e-01 7.750000e-01 0.000000e+00 5.000000e-01
7.542979e-04 1.425491e-04 4.770004e-01 8.250000e-01 0.000000e+00 5.000000e-01
3.330522e-04 9.614395e-05 4.770004e-01 8.750000e-01 0.000000e+00 5.000000e-01
6.540989e-04 1.335176e-04 4.770004e-01 9.250000e-01 0.000000e+00 5.000000e-01
7.126135e-04 1.397553e-04 4.770004e-01 9.750000e-01 0.000000e+00 5.000000e-01
7.789258e-04 1.472033e-04 4.770004e-01 1.025000e+00 0.000000e+00 5.000000e-01
4.385125e-04 1.096283e-04 4.770004e-01 1.075000e+00 0.000000e+00 5.000000e-01
1.119576e-03 1.770208e-04 4.770004e-01 1.125000e+00 0.000000e+00 5.000000e-01
7.682141e-04 1.451791e-04 4.770004e-01 1.175000e+00 0.000000e+00 5.000000e-01
6.584906e-04 1.344141e-04 4.770004e-01 1.225000e+00 0.000000e+00 5.000000e-01
6.524430e-04 1.331796e-04 4.770004e-01 1.275000e+00 0.000000e+00 5.000000e-01
1.193571e-03 1.799380e-04 4.770004e-01 1.325000e+00 0.000000e+00 5.000000e-01
1.128772e-03 1.741737e-04 4.770004e-01 1.375000e+00 0.000000e+00 5.000000e-01
1.375323e-03 1.945004e-04 4.770004e-01 1.425000e+00 0.000000e+00 5.000000e-01
7.567580e-04 1.430142e-04 4.770004e-01 1.475000e+00 0.000000e+00 5.000000e-01
1.222578e-03 1.843113e-04 4.770004e-01 1.525000e+00 0.000000e+00 5.000000e-01
1.033716e-03 1.676912e-04 4.770004e-01 1.575000e+00 0.000000e+00 5.000000e-01
1.782757e-03 2.228454e-04 4.770004e-01 1.625000e+00 0.000000e+00 5.000000e-01
1.637378e-03 2.113853e-04 4.770004e-01 1.675000e+00 0.000000e+00 5.000000e-01
1.309924e-03 1.890718e-04 4.770004e-01 1.725000e+00 0.000000e+00 5.000000e-01
1.969738e-03 2.321364e-04 4.770004e-01 1.775000e+00 0.000000e+00 5.000000e-01
2.260493e-03 2.466407e-04 4.770004e-01 1.825000e+00 0.000000e+00 5.000000e-01
2.557650e-03 2.638024e-04 4.770004e-01 1.875000e+00 0.000000e+00 5.000000e-01
2.222219e-03 2.454039e-04 4.770004e-01 1.925000e+00 0.000000e+00 5.000000e-01
2.355719e-03 2.511215e-04 4.770004e-01 1.975000e+00 0.000000e+00 5.000000e-01
2.693415e-03 2.693427e-04 4.770004e-01 2.025000e+00 0.000000e+00 5.000000e-01
2.737416e-03 2.684269e-04 4.770004e-01 2.075000e+00 0.000000e+00 5.000000e-01
1.886589e-03 2.223375e-04 4.770004e-01 2.125000e+00 0.000000e+00 5.000000e-01
1.967106e-03 2.256436e-04 4.770004e-01 2.175000e+00 0.000000e+00 5.000000e-01
1.331134e-03 1.845960e-04 4.770004e-01 2.225000e+00 0.000000e+00 5.000000e-01
1.585384e-03 2.013448e-04 4.770004e-01 2.275000e+00 0.000000e+00 5.000000e-01
1.816660e-03 2.140965e-04 4.770004e-01 2.325000e+00 0.000000e+00 5.000000e-01
1.709955e-03 2.073635e-04 4.770004e-01 2.375000e+00 0.000000e+00 5.000000e-01
1.728303e-03 2.065729e-04 4.770004e-01 2.425000e+00 0.000000e+00 5.000000e-01
1.029116e-03 1.587968e-04 4.770004e-01 2.475000e+00 0.000000e+00 5.000000e-01
1.551659e-03 1.939585e-04 4.770004e-01 2.525000e+00 0.000000e+00 5.000000e-01
1.634437e-03 1.982058e-04 4.770004e-01 2.575000e+00 0.000000e+00 5.000000e-01
8.103140e-04 1.389683e-04 4.770004e-01 2.625000e+00 0.000000e+00 5.000000e-01
1.362002e-03 1.788404e-04 4.770004e-01 2.675000e+00 0.000000e+00 5.000000e-01
9.284894e-04 1.468083e-04 4.770004e-01 2.725000e+00 0.000000e+00 5.000000e-01
1.237623e-03 1.684200e-04 4.770004e-01 2.775000e+00 0.000000e+00 5.000000e-01
1.000538e-03 1.508379e-04 4.770004e-01 2.825000e+00 0.000000e+00 5.000000e-01
8.939347e-04 1.413445e-04 4.770004e-01 2.875000e+00 0.000000e+00 5.000000e-01
1.016085e-03 1.498147e-04 4.770004e-01 2.925000e+00 0.000000e+00 5.000000e-01
7.396146e-04 1.268441e-04 4.770004e-01 2.975000e+00 0.000000e+00 5.000000e-01
7.321433e-04 1.255628e-04 4.770004e-01 3.025000e+00 0.000000e+00 5.000000e-01
6.355511e-04 1.160366e-04 4.770004e-01 3.075000e+00 0.000000e+00 5.000000e-01
8.330846e-04 1.317240e-04 4.770004e-01 3.125000e+00 0.000000e+00 5.000000e-01
5.756919e-04 1.087965e-04 4.770004e-01 3.175000e+00 0.000000e+00 5.000000e-01
4.453627e-04 9.495257e-05 4.770004e-01 3.225000e+00 0.000000e+00 5.000000e-01
5.953957e-04 1.087049e-04 4.770004e-01 3.275000e+00 0.000000e+00 5.000000e-01
5.839377e-04 1.066133e-04 4.770004e-01 3.325000e+00 0.000000e+00 5.000000e-01
5.755742e-04 1.050866e-04 4.770004e-01 3.375000e+00 0.000000e+00 5.000000e-01
5.638793e-04 1.029518e-04 4.770004e-01 3.425000e+00 0.000000e+00 5.000000e-01
1.481391e-04 5.237545e-05 4.770004e-01 3.475000e+00 0.000000e+00 5.000000e-01
2.529360e-04 6.760155e-05 4.770004e-01 3.525000e+00 0.000000e+00 5.000000e-01
3.858108e-04 8.225628e-05 4.770004e-01 3.575000e+00 0.000000e+00 5.000000e-01
2.006904e-04 5.793624e-05 4.770004e-01 3.625000e+00 0.000000e+00 5.000000e-01
4.738607e-04 8.651630e-05 4.770004e-01 3.675000e+00 0.000000e+00 5.000000e-01
5.682817e-04 9.218973e-05 4.770004e-01 3.725000e+00 0.000000e+00 5.000000e-01
3.362513e-04 6.863983e-05 4.770004e-01 3.775000e+00 0.000000e+00 5.000000e-01
4.480239e-04 7.683651e-05 4.770004e-01 3.825000e+00 0.000000e+00 5.000000e-01
5.416140e-04 8.165372e-05 4.770004e-01 3.875000e+00 0.000000e+00 5.000000e-01
6.344260e-04 8.633825e-05 4.770004e-01 3.925000e+00 0.000000e+00 5.000000e-01
6.194283e-04 8.429934e-05 4.770004e-01 3.975000e+00 0.000000e+00 5.000000e-01
3.575160e-01 3.175196e-03 4.970004e-01 2.500000e-02 0.000000e+00 5.000000e-01
1.923758e-01 2.303945e-03 4.970004e-01 7.500000e-02 0.000000e+00 5.000000e-01
5.694818e-02 1.266455e-03 4.970004e-01 1.250000e-01 0.000000e+00 5.000000e-01
2.644578e-02 8.589199e-04 4.970004e-01 1.750000e-01 0.000000e+00 5.000000e-01
1.576346e-02 6.602593e-04 4.970004e-01 2.250000e-01 0.000000e+00 5.000000e-01
5.386650e-03 3.907891e-04 4.970004e-01 2.750000e-01 0.000000e+00 5.000000e-01
2.029080e-03 2.391297e-04 4.970004e-01 3.250000e-01 0.000000e+00 5.000000e-01
1.001755e-03 1.669594e-04 4.970004e-01 3.750000e-01 0.000000e+00 5.000000e-01
7.530943e-04 1.476942e-04 4.970004e-01 4.250000e-01 0.000000e+00 5.000000e-01
2.856262e-04 9.032306e-05 4.970004e-01 4.750000e-01 0.000000e+00 5.000000e-01
9.453739e-04 1.621306e-04 4.970004e-01 5.250000e-01 0.000000e+00 5.000000e-01
4.661847e-04 1.165463e-04 4.970004e-01 5.750000e-01 0.000000e+00 5.000000e-01
7.788821e-04 1.471951e-04 4.970004e-01 6.250000e-01 0.000000e+00 5.000000e-01
8.172387e-04 1.492069e-04 4.970004e-01 6.750000e-01 0.000000e+00 5.000000e-01
8.549988e-04 1.561009e-04 4.970004e-01 7.250000e-01 0.000000e+00 5.000000e-01
8.189897e-04 1.495266e-04 4.970004e-01 7.750000e-01 0.000000e+00 5.000000e-01
7.127652e-04 1.397850e-04 4.970004e-01 8.250000e-01 0.000000e+00 5.000000e-01
1.230704e-03 1.855359e-04 4.970004e-01 8.750000e-01 0.000000e+00 5.000000e-01
7.661543e-04 1.447897e-04 4.970004e-01 9.250000e-01 0.000000e+00 5.000000e-01
3.311535e-04 9.559587e-05 4.970004e-01 9.750000e-01 0.000000e+00 5.000000e-01
7.779529e-04 1.470195e-04 4.970004e-01 1.025000e+00 0.000000e+00 5.000000e-01
1.109807e-03 1.754760e-04 4.970004e-01 1.075000e+00 0.000000e+00 5.000000e-01
8.324558e-04 1.519852e-04 4.970004e-01 1.125000e+00 0.000000e+00 5.000000e-01
8.365485e-04 1.527324e-04 4.970004e-01 1.175000e+00 0.000000e+00 5.000000e-01
5.967152e-04 1.272203e-04 4.970004e-01 1.225000e+00 0.000000e+00 5.000000e-01
7.746179e-04 1.463894e-04 4.970004e-01 1.275000e+00 0.000000e+00 5.000000e-01
7.509178e-04 1.419105e-04 4.970004e-01 1.325000e+00 0.000000e+00 5.000000e-01
1.043345e-03 1.692534e-04 4.970004e-01 1.375000e+00 0.000000e+00 5.000000e-01
1.018358e-03 1.651998e-04 4.970004e-01 1.425000e+00 0.000000e+00 5.000000e-01
1.391976e-03 1.968556e-04 4.970004e-01 1.475000e+00 0.000000e+00 5.000000e-01
7.009267e-04 1.374634e-04 4.970004e-01 1.525000e+00 0.000000e+00 5.000000e-01
1.000127e-03 1.666882e-04 4.970004e-01 1.575000e+00 0.000000e+00 5.000000e-01
1.861010e-03 2.256810e-04 4.970004e-01 1.625000e+00 0.000000e+00 5.000000e-01
1.976031e-03 2.328780e-04 4.970004e-01 1.675000e+00 0.000000e+00 5.000000e-01
1.250575e-03 1.843878e-04 4.970004e-01 1.725000e+00 0.000000e+00 5.000000e-01
2.026982e-03 2.356324e-04 4.970004e-01 1.775000e+00 0.000000e+00 5.000000e-01
2.157829e-03 2.412534e-04 4.970004e-01 1.825000e+00 0.000000e+00 5.000000e-01
1.963523e-03 2.314041e-04 4.970004e-01 1.875000e+00 0.000000e+00 5.000000e-01
1.861453e-03 2.257350e-04 4.970004e-01 1.925000e+00 0.000000e+00 5.000000e-01
2.800370e-03 2.745999e-04 4.970004e-01 1.975000e+00 0.000000e+00 5.000000e-01
2.232245e-03 2.465111e-04 4.970004e-01 2.025000e+00 0.000000e+00 5.000000e-01
2.544796e-03 2.597282e-04 4.970004e-01 2.075000e+00 0.000000e+00 5.000000e-01
2.176350e-03 2.403384e-04 4.970004e-01 2.125000e+00 0.000000e+00 5.000000e-01
1.470660e-03 1.965258e-04 4.970004e-01 2.175000e+00 0.000000e+00 5.000000e-01
1.340979e-03 1.859609e-04 4.970004e-01 2.225000e+00 0.000000e+00 5.000000e-01
1.711484e-03 2.106700e-04 4.970004e-01 2.275000e+00 0.000000e+00 5.000000e-01
1.528290e-03 1.973024e-04 4.970004e-01 2.325000e+00 0.000000e+00 5.000000e-01
1.215310e-03 1.754158e-04 4.970004e-01 2.375000e+00 0.000000e+00 5.000000e-01
1.959990e-03 2.219267e-04 4.970004e-01 2.425000e+00 0.000000e+00 5.000000e-01
1.334994e-03 1.816706e-04 4.970004e-01 2.475000e+00 0.000000e+00 5.000000e-01
1.822108e-03 2.118169e-04 4.970004e-01 2.525000e+00 0.000000e+00 5.000000e-01
1.261352e-03 1.749192e-04 4.970004e-01 2.575000e+00 0.000000e+00 5.000000e-01
1.688673e-03 2.018364e-04 4.970004e-01 2.625000e+00 0.000000e+00 5.000000e-01
1.279951e-03 1.741805e-04 4.970004e-01 2.675000e+00 0.000000e+00 5.000000e-01
1.221959e-03 1.694566e-04 4.970004e-01 2.725000e+00 0.000000e+00 5.000000e-01
8.359059e-04 1.393186e-04 4.970004e-01 2.775000e+00 0.000000e+00 5.000000e-01
7.780568e-04 1.334365e-04 4.970004e-01 2.825000e+00 0.000000e+00 5.000000e-01
9.098130e-04 1.438555e-04 4.970004e-01 2.875000e+00 0.000000e+00 5.000000e-01
7.132624e-04 1.260891e-04 4.970004e-01 2.925000e+00 0.000000e+00 5.000000e-01
7.922526e-04 1.320431e-04 4.970004e-01 2.975000e+00 0.000000e+00 5.000000e-01
5.205619e-04 1.062602e-04 4.970004e-01 3.025000e+00 0.000000e+00 5.000000e-01
9.473142e-04 1.428142e-04 4.970004e-01 3.075000e+00 0.000000e+00 5.000000e-01
6.755615e-04 1.194251e-04 4.970004e-01 3.125000e+00 0.000000e+00 5.000000e-01
5.404671e-04 1.059955e-04 4.970004e-01 3.175000e+00 0.000000e+00 5.000000e-01
3.678628e-04 8.670664e-05 4.970004e-01 3.225000e+00 0.000000e+00 5.000000e-01
5.620693e-04 1.062222e-04 4.970004e-01 3.275000e+00 0.000000e+00 5.000000e-01
7.925022e-05 3.962542e-05 4.970004e-01 3.325000e+00 0.000000e+00 5.000000e-01
5.047896e-04 9.899892e-05 4.970004e-01 3.375000e+00 0.000000e+00 5.000000e-01
3.052209e-04 7.630624e-05 4.970004e-01 3.425000e+00 0.000000e+00 5.000000e-01
2.967513e-04 7.418879e-05 4.970004e-01 3.475000e+00 0.000000e+00 5.000000e-01
3.206811e-04 7.558655e-05 4.970004e-01 3.525000e+00 0.000000e+00 5.000000e-01
5.066134e-04 9.249700e-05 4.970004e-01 3.575000e+00 0.000000e+00 5.000000e-01
5.472834e-04 9.385991e-05 4.970004e-01 3.625000e+00 0.000000e+00 5.000000e-01
4.239603e-04 8.012337e-05 4.970004e-01 3.675000e+00 0.000000e+00 5.000000e-01
5.434478e-04 8.816161e-05 4.970004e-01 3.725000e+00 0.000000e+00 5.000000e-01
3.222515e-04 6.578171e-05 4.970004e-01 3.775000e+00 0.000000e+00 5.000000e-01
3.061438e-04 6.249278e-05 4.970004e-01 3.825000e+00 0.000000e+00 5.000000e-01
3.956912e-04 6.995141e-05 4.970004e-01 3.875000e+00 0.000000e+00 5.000000e-01
2.176457e-04 5.130196e-05 4.970004e-01 3.925000e+00 0.000000e+00 5.000000e-01
2.618415e-04 5.582866e-05 4.970004e-01 3.975000e+00 0.000000e+00 5.000000e-01
3.668643e-01 3.243670e-03 5.170005e-01 2.500000e-02 0.000000e+00 5.000000e-01
1.946636e-01 2.364822e-03 5.170005e-01 7.500000e-02 0.000000e+00 5.000000e-01
6.558885e-02 1.357045e-03 5.170005e-01 1.250000e-01 0.000000e+00 5.000000e-01
3.106941e-02 9.342346e-04 5.170005e-01 1.750000e-01 0.000000e+00 5.000000e-01
1.590499e-02 6.757389e-04 5.170005e-01 2.250000e-01 0.000000e+00 5.000000e-01
6.381788e-03 4.226447e-04 5.170005e-01 2.750000e-01 0.000000e+00 5.000000e-01
1.737968e-03 2.207224e-04 5.170005e-01 3.250000e-01 0.000000e+00 5.000000e-01
8.665457e-04 1.582091e-04 5.170005e-01 3.750000e-01 0.000000e+00 5.000000e-01
6.845279e-04 1.397289e-04 5.170005e-01 4.250000e-01 0.000000e+00 5.000000e-01
5.594775e-04 1.251031e-04 5.170005e-01 4.750000e-01 0.000000e+00 5.000000e-01
4.086239e-04 1.092094e-04 5.170005e-01 5.250000e-01 0.000000e+00 5.000000e-01
5.631129e-04 1.259161e-04 5.170005e-01 5.750000e-01 0.000000e+00 5.000000e-01
7.189394e-04 1.409958e-04 5.170005e-01 6.250000e-01 0.000000e+00 5.000000e-01
5.175104e-04 1.219785e-04 5.170005e-01 6.750000e-01 0.000000e+00 5.000000e-01
6.630410e-04 1.353429e-04 5.170005e-01 7.250000e-01 0.000000e+00 5.000000e-01
8.753869e-04 1.547483e-04 5.170005e-01 7.750000e-01 0.000000e+00 5.000000e-01
5.152276e-04 1.214405e-04 5.170005e-01 8.250000e-01 0.000000e+00 5.000000e-01
8.810078e-04 1.557419e-04 5.170005e-01 8.750000e-01 0.000000e+00 5.000000e-01
7.704722e-04 1.456058e-04 5.170005e-01 9.250000e-01 0.000000e+00 5.000000e-01
1.026014e-03 1.710026e-04 5.170005e-01 9.750000e-01 0.000000e+00 5.000000e-01
6.040031e-04 1.287741e-04 5.170005e-01 1.025000e+00 0.000000e+00 5.000000e-01
5.579412e-04 1.247597e-04 5.170005e-01 1.075000e+00 0.000000e+00 5.000000e-01
5.579880e-04 1.247701e-04 5.170005e-01 1.125000e+00 0.000000e+00 5.000000e-01
6.085545e-04 1.297445e-04 5.170005e-01 1.175000e+00 0.000000e+00 5.000000e-01
1.139902e-03 1.758910e-04 5.170005e-01 1.225000e+00 0.000000e+00 5.000000e-01
8.387708e-04 1.531382e-04 5.170005e-01 1.275000e+00 0.000000e+00 5.000000e-01
1.067721e-03 1.688217e-04 5.170005e-01 1.325000e+00 0.000000e+00 5.000000e-01
1.655484e-03 2.137226e-04 5.170005e-01 1.375000e+00 0.000000e+00 5.000000e-01
1.304765e-03 1.883270e-04 5.170005e-01 1.425000e+00 0.000000e+00 5.000000e-01
1.263716e-03 1.863251e-04 5.170005e-01 1.475000e+00 0.000000e+00 5.000000e-01
1.093595e-03 1.729130e-04 5.170005e-01 1.525000e+00 0.000000e+00 5.000000e-01
1.268062e-03 1.869660e-04 5.170005e-01 1.575000e+00 0.000000e+00 5.000000e-01
1.371074e-03 1.938997e-04 5.170005e-01 1.625000e+00 0.000000e+00 5.000000e-01
1.202722e-03 1.813178e-04 5.170005e-01 1.675000e+00 0.000000e+00 5.000000e-01
1.367692e-03 1.934216e-04 5.170005e-01 1.725000e+00 0.000000e+00 5.000000e-01
1.198737e-03 1.807169e-04 5.170005e-01 1.775000e+00 0.000000e+00 5.000000e-01
2.114017e-03 2.393660e-04 5.170005e-01 1.825000e+00 0.000000e+00 5.000000e-01
2.242214e-03 2.476120e-04 5.170005e-01 1.875000e+00 0.000000e+00 5.000000e-01
2.271860e-03 2.478810e-04 5.170005e-01 1.925000e+00 0.000000e+00 5.000000e-01
2.792038e-03 2.764539e-04 5.170005e-01 1.975000e+00 0.000000e+00 5.000000e-01
2.278799e-03 2.486382e-04 5.170005e-01 2.025000e+00 0.000000e+00 5.000000e-01
2.686144e-03 2.686152e-04 5.170005e-01 2.075000e+00 0.000000e+00 5.000000e-01
1.723748e-03 2.154693e-04 5.170005e-01 2.125000e+00 0.000000e+00 5.000000e-01
1.956952e-03 2.274921e-04 5.170005e-01 2.175000e+00 0.000000e+00 5.000000e-01
2.259082e-03 2.436041e-04 5.170005e-01 2.225000e+00 0.000000e+00 5.000000e-01
1.620455e-03 2.057987e-04 5.170005e-01 2.275000e+00 0.000000e+00 5.000000e-01
1.851201e-03 2.181669e-04 5.170005e-01 2.325000e+00 0.000000e+00 5.000000e-01
1.694977e-03 2.086383e-04 5.170005e-01 2.375000e+00 0.000000e+00 5.000000e-01
1.472042e-03 1.932898e-04 5.170005e-01 2.425000e+00 0.000000e+00 5.000000e-01
1.597709e-03 1.997147e-04 5.170005e-01 2.475000e+00 0.000000e+00 5.000000e-01
1.345355e-03 1.830808e-04 5.170005e-01 2.525000e+00 0.000000e+00 5.000000e-01
1.180289e-03 1.703610e-04 5.170005e-01 2.575000e+00 0.000000e+00 5.000000e-01
1.405762e-03 1.845872e-04 5.170005e-01 2.625000e+00 0.000000e+00 5.000000e-01
1.157742e-03 1.671067e-04 5.170005e-01 2.675000e+00 0.000000e+00 5.000000e-01
1.090151e-03 1.607351e-04 5.170005e-01 2.725000e+00 0.000000e+00 5.000000e-01
8.452021e-04 1.408684e-04 5.170005e-01 2.775000e+00 0.000000e+00 5.000000e-01
9.284655e-04 1.468042e-04 5.170005e-01 2.825000e+00 0.000000e+00 5.000000e-01
9.139613e-04 1.445112e-04 5.170005e-01 2.875000e+00 0.000000e+00 5.000000e-01
6.780234e-04 1.237904e-04 5.170005e-01 2.925000e+00 0.000000e+00 5.000000e-01
8.010705e-04 1.335131e-04 5.170005e-01 2.975000e+00 0.000000e+00 5.000000e-01
1.144677e-03 1.587396e-04 5.170005e-01 3.025000e+00 0.000000e+00 5.000000e-01
6.494592e-04 1.185753e-04 5.170005e-01 3.075000e+00 0.000000e+00 5.000000e-01
6.405373e-04 1.169467e-04 5.170005e-01 3.125000e+00 0.000000e+00 5.000000e-01
2.952807e-04 7.891757e-05 5.170005e-01 3.175000e+00 0.000000e+00 5.000000e-01
4.558278e-04 9.718329e-05 5.170005e-01 3.225000e+00 0.000000e+00 5.000000e-01
6.113363e-04 1.116153e-04 5.170005e-01 3.275000e+00 0.000000e+00 5.000000e-01
5.608430e-04 1.059905e-04 5.170005e-01 3.325000e+00 0.000000e+00 5.000000e-01
4.703385e-04 9.600842e-05 5.170005e-01 3.375000e+00 0.000000e+00 5.000000e-01
2.261867e-04 6.529544e-05 5.170005e-01 3.425000e+00 0.000000e+00 5.000000e-01
2.524243e-04 6.746468e-05 5.170005e-01 3.475000e+00 0.000000e+00 5.000000e-01
2.405420e-04 6.428831e-05 5.170005e-01 3.525000e+00 0.000000e+00 5.000000e-01
2.910375e-04 6.859965e-05 5.170005e-01 3.575000e+00 0.000000e+00 5.000000e-01
3.674820e-04 7.501320e-05 5.170005e-01 3.625000e+00 0.000000e+00 5.000000e-01
2.316058e-04 5.790250e-05 5.170005e-01 3.675000e+00 0.000000e+00 5.000000e-01
4.096343e-04 7.479056e-05 5.170005e-01 3.725000e+00 0.000000e+00 5.000000e-01
5.554164e-04 8.570575e-05 5.170005e-01 3.775000e+00 0.000000e+00 5.000000e-01
5.190989e-04 8.207903e-05 5.170005e-01 3.825000e+00 0.000000e+00 5.000000e-01
4.871946e-04 7.903634e-05 5.170005e-01 3.875000e+00 0.000000e+00 5.000000e-01
4.777849e-04 7.751216e-05 5.170005e-01 3.925000e+00 0.000000e+00 5.000000e-01
2.966463e-04 6.055524e-05 5.170005e-01 3.975000e+00 0.000000e+00 5.000000e-01
3.759457e-01 3.313362e-03 5.370005e-01 2.500000e-02 0.000000e+00 5.000000e-01
2.146778e-01 2.486859e-03 5.370005e-01 7.500000e-02 0.000000e+00 5.000000e-01
6.569180e-02 1.381228e-03 5.370005e-01 1.250000e-01 0.000000e+00 5.000000e-01
3.426303e-02 9.965923e-04 5.370005e-01 1.750000e-01 0.000000e+00 5.000000e-01
1.915782e-02 7.325183e-04 5.370005e-01 2.250000e-01 0.000000e+00 5.000000e-01
5.681856e-03 4.017683e-04 5.370005e-01 2.750000e-01 0.000000e+00 5.000000e-01
2.250614e-03 2.548321e-04 5.370005e-01 3.250000e-01 0.000000e+00 5.000000e-01
1.693262e-03 2.185994e-04 5.370005e-01 3.750000e-01 0.000000e+00 5.000000e-01
5.132437e-04 1.209729e-04 5.370005e-01 4.250000e-01 0.000000e+00 5.000000e-01
8.789871e-04 1.604805e-04 5.370005e-01 4.750000e-01 0.000000e+00 5.000000e-01
7.990483e-04 1.510061e-04 5.370005e-01 5.250000e-01 0.000000e+00 5.000000e-01
2.232519e-04 7.893152e-05 5.370005e-01 5.750000e-01 0.000000e+00 5.000000e-01
5.178343e-04 1.220548e-04 5.370005e-01 6.250000e-01 0.000000e+00 5.000000e-01
5.704839e-04 1.275643e-04 5.370005e-01 6.750000e-01 0.000000e+00 5.000000e-01
4.397104e-04 1.099277e-04 5.370005e-01 7.250000e-01 0.000000e+00 5.000000e-01
7.874888e-04 1.488215e-04 5.370005e-01 7.750000e-01 0.000000e+00 5.000000e-01
3.980828e-04 1.063923e-04 5.370005e-01 8.250000e-01 0.000000e+00 5.000000e-01
7.236149e-04 1.419128e-04 5.370005e-01 8.750000e-01 0.000000e+00 5.000000e-01
7.389044e-04 1.449113e-04 5.370005e-01 9.250000e-01 0.000000e+00 5.000000e-01
7.917399e-04 1.496250e-04 5.370005e-01 9.750000e-01 0.000000e+00 5.000000e-01
3.339042e-04 9.639004e-05 5.370005e-01 1.025000e+00 0.000000e+00 5.000000e-01
6.179325e-04 1.317438e-04 5.370005e-01 1.075000e+00 0.000000e+00 5.000000e-01
6.132460e-04 1.307448e-04 5.370005e-01 1.125000e+00 0.000000e+00 5.000000e-01
6.062884e-04 1.292612e-04 5.370005e-01 1.175000e+00 0.000000e+00 5.000000e-01
7.144331e-04 1.401122e-04 5.370005e-01 1.225000e+00 0.000000e+00 5.000000e-01
9.434820e-04 1.618062e-04 5.370005e-01 1.275000e+00 0.000000e+00 5.000000e-01
1.087658e-03 1.719743e-04 5.370005e-01 1.325000e+00 0.000000e+00 5.000000e-01
1.482757e-03 2.017782e-04 5.370005e-01 1.375000e+00 0.000000e+00 5.000000e-01
1.436403e-03 1.991939e-04 5.370005e-01 1.425000e+00 0.000000e+00 5.000000e-01
9.193461e-04 1.576669e-04 5.370005e-01 1.475000e+00 0.000000e+00 5.000000e-01
1.002699e-03 1.671168e-04 5.370005e-01 1.525000e+00 0.000000e+00 5.000000e-01
8.684082e-04 1.535147e-04 5.370005e-01 1.575000e+00 0.000000e+00 5.000000e-01
1.046270e-03 1.697278e-04 5.370005e-01 1.625000e+00 0.000000e+00 5.000000e-01
1.368738e-03 1.935693e-04 5.370005e-01 1.675000e+00 0.000000e+00 5.000000e-01
1.481197e-03 2.015659e-04 5.370005e-01 1.725000e+00 0.000000e+00 5.000000e-01
2.059622e-03 2.362554e-04 5.370005e-01 1.775000e+00 0.000000e+00 5.000000e-01
1.967623e-03 2.318872e-04 5.370005e-01 1.825000e+00 0.000000e+00 5.000000e-01
2.074105e-03 2.379169e-04 5.370005e-01 1.875000e+00 0.000000e+00 5.000000e-01
2.376291e-03 2.533143e-04 5.370005e-01 1.925000e+00 0.000000e+00 5.000000e-01
2.948956e-03 2.837643e-04 5.370005e-01 1.975000e+00 0.000000e+00 5.000000e-01
2.121046e-03 2.401622e-04 5.370005e-01 2.025000e+00 0.000000e+00 5.000000e-01
2.320061e-03 2.501795e-04 5.370005e-01 2.075000e+00 0.000000e+00 5.000000e-01
2.170852e-03 2.427096e-04 5.370005e-01 2.125000e+00 0.000000e+00 5.000000e-01
1.558667e-03 2.046636e-04 5.370005e-01 2.175000e+00 0.000000e+00 5.000000e-01
2.069108e-03 2.342812e-04 5.370005e-01 2.225000e+00 0.000000e+00 5.000000e-01
1.633856e-03 2.075008e-04 5.370005e-01 2.275000e+00 0.000000e+00 5.000000e-01
2.098318e-03 2.345998e-04 5.370005e-01 2.325000e+00 0.000000e+00 5.000000e-01
1.694261e-03 2.085499e-04 5.370005e-01 2.375000e+00 0.000000e+00 5.000000e-01
1.743756e-03 2.114626e-04 5.370005e-01 2.425000e+00 0.000000e+00 5.000000e-01
1.372581e-03 1.867858e-04 5.370005e-01 2.475000e+00 0.000000e+00 5.000000e-01
9.998714e-04 1.580942e-04 5.370005e-01 2.525000e+00 0.000000e+00 5.000000e-01
1.144795e-03 1.687917e-04 5.370005e-01 2.575000e+00 0.000000e+00 5.000000e-01
1.179626e-03 1.702652e-04 5.370005e-01 2.625000e+00 0.000000e+00 5.000000e-01
1.454874e-03 1.878245e-04 5.370005e-01 2.675000e+00 0.000000e+00 5.000000e-01
1.154013e-03 1.665683e-04 5.370005e-01 2.725000e+00 0.000000e+00 5.000000e-01
6.631197e-04 1.253186e-04 5.370005e-01 2.775000e+00 0.000000e+00 5.000000e-01
5.156830e-04 1.099448e-04 5.370005e-01 2.825000e+00 0.000000e+00 5.000000e-01
6.929978e-04 1.265246e-04 5.370005e-01 2.875000e+00 0.000000e+00 5.000000e-01
6.411535e-04 1.211675e-04 5.370005e-01 2.925000e+00 0.000000e+00 5.000000e-01
6.298081e-04 1.190236e-04 5.370005e-01 2.975000e+00 0.000000e+00 5.000000e-01
9.353617e-04 1.443305e-04 5.370005e-01 3.025000e+00 0.000000e+00 5.000000e-01
1.053201e-03 1.520172e-04 5.370005e-01 3.075000e+00 0.000000e+00 5.000000e-01
6.049639e-04 1.143283e-04 5.370005e-01 3.125000e+00 0.000000e+00 5.000000e-01
6.359980e-04 1.161178e-04 5.370005e-01 3.175000e+00 0.000000e+00 5.000000e-01
4.607064e-04 9.822379e-05 5.370005e-01 3.225000e+00 0.000000e+00 5.000000e-01
5.339310e-04 1.047139e-04 5.370005e-01 3.275000e+00 0.000000e+00 5.000000e-01
4.379144e-04 9.336529e-05 5.370005e-01 3.325000e+00 0.000000e+00 5.000000e-01
3.797103e-04 8.490721e-05 5.370005e-01 3.375000e+00 0.000000e+00 5.000000e-01
3.966525e-04 8.456784e-05 5.370005e-01 3.425000e+00 0.000000e+00 5.000000e-01
5.480173e-04 9.687856e-05 5.370005e-01 3.475000e+00 0.000000e+00 5.000000e-01
4.230726e-04 8.297286e-05 5.370005e-01 3.525000e+00 0.000000e+00 5.000000e-01
4.914424e-04 8.687674e-05 5.370005e-01 3.575000e+00 0.000000e+00 5.000000e-01
4.061340e-04 7.675346e-05 5.370005e-01 3.625000e+00 0.000000e+00 5.000000e-01
4.218516e-04 7.702077e-05 5.370005e-01 3.675000e+00 0.000000e+00 5.000000e-01
3.868472e-04 7.310857e-05 5.370005e-01 3.725000e+00 0.000000e+00 5.000000e-01
3.289361e-04 6.714679e-05 5.370005e-01 3.775000e+00 0.000000e+00 5.000000e-01
5.936096e-04 8.949322e-05 5.370005e-01 3.825000e+00 0.000000e+00 5.000000e-01
4.510245e-04 7.735365e-05 5.370005e-01 3.875000e+00 0.000000e+00 5.000000e-01
3.700359e-04 6.993322e-05 5.370005e-01 3.925000e+00 0.000000e+00 5.000000e-01
4.117683e-04 7.279511e-05 5.370005e-01 3.975000e+00 0.000000e+00 5.000000e-01
3.932290e-01 3.410501e-03 5.570005e-01 2.500000e-02 0.000000e+00 5.000000e-01
2.237722e-01 2.574309e-03 5.570005e-01 7.500000e-02 0.000000e+00 5.000000e-01
8.172569e-02 1.543921e-03 5.570005e-01 1.250000e-01 0.000000e+00 5.000000e-01
3.594397e-02 1.021565e-03 5.570005e-01 1.750000e-01 0.000000e+00 5.000000e-01
2.015975e-02 7.708283e-04 5.570005e-01 2.250000e-01 0.000000e+00 5.000000e-01
8.605487e-03 4.968386e-04 5.570005e-01 2.750000e-01 0.000000e+00 5.000000e-01
1.795864e-03 2.244832e-04 5.570005e-01 3.250000e-01 0.000000e+00 5.000000e-01
9.863874e-04 1.691642e-04 5.570005e-01 3.750000e-01 0.000000e+00 5.000000e-01
6.415175e-04 1.367721e-04 5.570005e-01 4.250000e-01 0.000000e+00 5.000000e-01
8.545543e-04 1.560198e-04 5.570005e-01 4.750000e-01 0.000000e+00 5.000000e-01
3.946778e-04 1.054823e-04 5.570005e-01 5.250000e-01 0.000000e+00 5.000000e-01
2.313902e-04 8.180893e-05 5.570005e-01 5.750000e-01 0.000000e+00 5.000000e-01
5.152174e-04 1.214380e-04 5.570005e-01 6.250000e-01 0.000000e+00 5.000000e-01
3.884438e-04 1.038161e-04 5.570005e-01 6.750000e-01 0.000000e+00 5.000000e-01
6.204920e-04 1.322895e-04 5.570005e-01 7.250000e-01 0.000000e+00 5.000000e-01
1.044922e-03 1.741540e-04 5.570005e-01 7.750000e-01 0.000000e+00 5.000000e-01
7.194522e-04 1.410964e-04 5.570005e-01 8.250000e-01 0.000000e+00 5.000000e-01
5.039557e-04 1.187837e-04 5.570005e-01 8.750000e-01 0.000000e+00 5.000000e-01
5.854561e-04 1.309122e-04 5.570005e-01 9.250000e-01 0.000000e+00 5.000000e-01
6.180289e-04 1.317645e-04 5.570005e-01 9.750000e-01 0.000000e+00 5.000000e-01
9.490522e-04 1.627614e-04 5.570005e-01 1.025000e+00 0.000000e+00 5.000000e-01
8.034563e-04 1.518392e-04 5.570005e-01 1.075000e+00 0.000000e+00 5.000000e-01
7.872359e-04 1.487739e-04 5.570005e-01 1.125000e+00 0.000000e+00 5.000000e-01
9.880553e-04 1.646761e-04 5.570005e-01 1.175000e+00 0.000000e+00 5.000000e-01
6.659878e-04 1.359445e-04 5.570005e-01 1.225000e+00 0.000000e+00 5.000000e-01
9.438833e-04 1.618750e-04 5.570005e-01 1.275000e+00 0.000000e+00 5.000000e-01
1.051410e-03 1.705615e-04 5.570005e-01 1.325000e+00 0.000000e+00 5.000000e-01
7.647270e-04 1.445202e-04 5.570005e-01 1.375000e+00 0.000000e+00 5.000000e-01
7.733704e-04 1.461537e-04 5.570005e-01 1.425000e+00 0.000000e+00 5.000000e-01
1.367543e-03 1.934003e-04 5.570005e-01 1.475000e+00 0.000000e+00 5.000000e-01
1.103077e-03 1.744123e-04 5.570005e-01 1.525000e+00 0.000000e+00 5.000000e-01
1.165607e-03 1.798575e-04 5.570005e-01 1.575000e+00 0.000000e+00 5.000000e-01
1.235985e-03 1.822365e-04 5.570005e-01 1.625000e+00 0.000000e+00 5.000000e-01
1.342051e-03 1.937090e-04 5.570005e-01 1.675000e+00 0.000000e+00 5.000000e-01
1.668835e-03 2.119430e-04 5.570005e-01 1.725000e+00 0.000000e+00 5.000000e-01
1.654196e-03 2.135564e-04 5.570005e-01 1.775000e+00 0.000000e+00 5.000000e-01
1.415246e-03 1.962599e-04 5.570005e-01 1.825000e+00 0.000000e+00 5.000000e-01
1.983953e-03 2.338118e-04 5.570005e-01 1.875000e+00 0.000000e+00 5.000000e-01
1.842950e-03 2.234914e-04 5.570005e-01 1.925000e+00 0.000000e+00 5.000000e-01
2.057345e-03 2.359943e-04 5.570005e-01 1.975000e+00 0.000000e+00 5.000000e-01
2.352541e-03 2.536820e-04 5.570005e-01 2.025000e+00 0.000000e+00 5.000000e-01
1.568022e-03 2.058924e-04 5.570005e-01 2.075000e+00 0.000000e+00 5.000000e-01
1.991566e-03 2.315157e-04 5.570005e-01 2.125000e+00 0.000000e+00 5.000000e-01
1.685328e-03 2.140375e-04 5.570005e-01 2.175000e+00 0.000000e+00 5.000000e-01
1.991891e-03 2.315538e-04 5.570005e-01 2.225000e+00 0.000000e+00 5.000000e-01
1.589642e-03 2.052227e-04 5.570005e-01 2.275000e+00 0.000000e+00 5.000000e-01
1.371206e-03 1.901528e-04 5.570005e-01 2.325000e+00 0.000000e+00 5.000000e-01
2.199877e-03 2.400273e-04 5.570005e-01 2.375000e+00 0.000000e+00 5.000000e-01
1.960189e-03 2.248501e-04 5.570005e-01 2.425000e+00 0.000000e+00 5.000000e-01
2.144394e-03 2.339739e-04 5.570005e-01 2.475000e+00 0.000000e+00 5.000000e-01
1.370970e-03 1.865662e-04 5.570005e-01 2.525000e+00 0.000000e+00 5.000000e-01
1.357680e-03 1.847580e-04 5.570005e-01 2.575000e+00 0.000000e+00 5.000000e-01
1.136209e-03 1.675258e-04 5.570005e-01 2.625000e+00 0.000000e+00 5.000000e-01
9.818970e-04 1.552529e-04 5.570005e-01 2.675000e+00 0.000000e+00 5.000000e-01
1.655400e-03 2.007478e-04 5.570005e-01 2.725000e+00 0.000000e+00 5.000000e-01
9.550868e-04 1.510138e-04 5.570005e-01 2.775000e+00 0.000000e+00 5.000000e-01
1.044086e-03 1.574032e-04 5.570005e-01 2.825000e+00 0.000000e+00 5.000000e-01
6.552929e-04 1.238394e-04 5.570005e-01 2.875000e+00 0.000000e+00 5.000000e-01
8.794970e-04 1.426745e-04 5.570005e-01 2.925000e+00 0.000000e+00 5.000000e-01
8.194676e-04 1.365785e-04 5.570005e-01 2.975000e+00 0.000000e+00 5.000000e-01
8.548414e-04 1.386750e-04 5.570005e-01 3.025000e+00 0.000000e+00 5.000000e-01
7.508582e-04 1.287726e-04 5.570005e-01 3.075000e+00 0.000000e+00 5.000000e-01
6.118426e-04 1.156287e-04 5.570005e-01 3.125000e+00 0.000000e+00 5.000000e-01
6.433369e-04 1.174583e-04 5.570005e-01 3.175000e+00 0.000000e+00 5.000000e-01
7.450239e-04 1.241721e-04 5.570005e-01 3.225000e+00 0.000000e+00 5.000000e-01
7.143481e-04 1.190598e-04 5.570005e-01 3.275000e+00 0.000000e+00 5.000000e-01
5.659618e-04 1.033309e-04 5.570005e-01 3.325000e+00 0.000000e+00 5.000000e-01
6.468066e-04 1.078026e-04 5.570005e-01 3.375000e+00 0.000000e+00 5.000000e-01
3.408276e-04 7.621258e-05 5.570005e-01 3.425000e+00 0.000000e+00 5.000000e-01
4.200786e-04 8.238584e-05 5.570005e-01 3.475000e+00 0.000000e+00 5.000000e-01
4.289493e-04 8.106515e-05 5.570005e-01 3.525000e+00 0.000000e+00 5.000000e-01
4.171746e-04 7.883985e-05 5.570005e-01 3.575000e+00 0.000000e+00 5.000000e-01
2.925812e-04 6.542512e-05 5.570005e-01 3.625000e+00 0.000000e+00 5.000000e-01
2.306664e-04 5.766827e-05 5.570005e-01 3.675000e+00 0.000000e+00 5.000000e-01
3.723136e-04 7.301937e-05 5.570005e-01 3.725000e+00 0.000000e+00 5.000000e-01
3.119814e-04 6.651794e-05 5.570005e-01 3.775000e+00 0.000000e+00 5.000000e-01
4.484453e-04 7.927626e-05 5.570005e-01 3.825000e+00 0.000000e+00 5.000000e-01
5.299946e-04 8.598053e-05 5.570005e-01 3.875000e+00 0.000000e+00 5.000000e-01
3.549035e-04 6.960528e-05 5.570005e-01 3.925000e+00 0.000000e+00 5.000000e-01
4.750236e-04 7.917474e-05 5.570005e-01 3.975000e+00 0.000000e+00 5.000000e-01
4.015352e-01 3.462543e-03 5.770005e-01 2.500000e-02 0.000000e+00 5.000000e-01
2.384135e-01 2.671900e-03 5.770005e-01 7.500000e-02 0.000000e+00 5.000000e-01
7.821443e-02 1.535094e-03 5.770005e-01 1.250000e-01 0.000000e+00 5.000000e-01
4.031394e-02 1.097208e-03 5.770005e-01 1.750000e-01 0.000000e+00 5.000000e-01
2.381330e-02 8.315974e-04 5.770005e-01 2.250000e-01 0.000000e+00 5.000000e-01
8.518458e-03 4.985056e-04 5.770005e-01 2.750000e-01 0.000000e+00 5.000000e-01
1.888932e-03 2.361167e-04 5.770005e-01 3.250000e-01 0.000000e+00 5.000000e-01
9.171313e-04 1.621276e-04 5.770005e-01 3.750000e-01 0.000000e+00 5.000000e-01
6.218047e-04 1.325693e-04 5.770005e-01 4.250000e-01 0.000000e+00 5.000000e-01
8.209138e-04 1.551384e-04 5.770005e-01 4.750000e-01 0.000000e+00 5.000000e-01
1.106284e-03 1.794632e-04 5.770005e-01 5.250000e-01 0.000000e+00 5.000000e-01
5.662012e-04 1.266067e-04 5.770005e-01 5.750000e-01 0.000000e+00 5.000000e-01
3.953506e-04 1.056620e-04 5.770005e-01 6.250000e-01 0.000000e+00 5.000000e-01
5.213994e-04 1.228951e-04 5.770005e-01 6.750000e-01 0.000000e+00 5.000000e-01
7.577056e-04 1.485986e-04 5.770005e-01 7.250000e-01 0.000000e+00 5.000000e-01
4.487560e-04 1.121892e-04 5.770005e-01 7.750000e-01 0.000000e+00 5.000000e-01
1.001596e-03 1.669331e-04 5.770005e-01 8.250000e-01 0.000000e+00 5.000000e-01
1.197237e-03 1.893002e-04 5.770005e-01 8.750000e-01 0.000000e+00 5.000000e-01
9.057423e-04 1.601145e-04 5.770005e-01 9.250000e-01 0.000000e+00 5.000000e-01
6.701713e-04 1.367984e-04 5.770005e-01 9.750000e-01 0.000000e+00 5.000000e-01
8.588148e-04 1.567978e-04 5.770005e-01 1.025000e+00 0.000000e+00 5.000000e-01
4.035007e-04 1.078403e-04 5.770005e-01 1.075000e+00 0.000000e+00 5.000000e-01
5.643420e-04 1.261909e-04 5.770005e-01 1.125000e+00 0.000000e+00 5.000000e-01
4.406191e-04 1.101551e-04 5.770005e-01 1.175000e+00 0.000000e+00 5.000000e-01
8.488493e-04 1.549783e-04 5.770005e-01 1.225000e+00 0.000000e+00 5.000000e-01
1.059051e-03 1.718012e-04 5.770005e-01 1.275000e+00 0.000000e+00 5.000000e-01
8.843704e-04 1.563366e-04 5.770005e-01 1.325000e+00 0.000000e+00 5.000000e-01
9.929715e-04 1.654956e-04 5.770005e-01 1.375000e+00 0.000000e+00 5.000000e-01
1.269155e-03 1.871271e-04 5.770005e-01 1.425000e+00 0.000000e+00 5.000000e-01
8.922367e-04 1.577270e-04 5.770005e-01 1.475000e+00 0.000000e+00 5.000000e-01
1.416853e-03 1.964827e-04 5.770005e-01 1.525000e+00 0.000000e+00 5.000000e-01
1.053727e-03 1.709375e-04 5.770005e-01 1.575000e+00 0.000000e+00 5.000000e-01
1.130880e-03 1.744989e-04 5.770005e-01 1.625000e+00 0.000000e+00 5.000000e-01
1.495266e-03 2.034804e-04 5.770005e-01 1.675000e+00 0.000000e+00 5.000000e-01
1.058891e-03 1.717752e-04 5.770005e-01 1.725000e+00 0.000000e+00 5.000000e-01
1.557740e-03 2.045420e-04 5.770005e-01 1.775000e+00 0.000000e+00 5.000000e-01
1.613264e-03 2.118326e-04 5.770005e-01 1.825000e+00 0.000000e+00 5.000000e-01
2.006992e-03 2.333086e-04 5.770005e-01 1.875000e+00 0.000000e+00 5.000000e-01
2.417173e-03 2.576724e-04 5.770005e-01 1.925000e+00 0.000000e+00 5.000000e-01
2.377791e-03 2.534742e-04 5.770005e-01 1.975000e+00 0.000000e+00 5.000000e-01
2.209949e-03 2.440487e-04 5.770005e-01 2.025000e+00 0.000000e+00 5.000000e-01
2.357255e-03 2.541903e-04 5.770005e-01 2.075000e+00 0.000000e+00 5.000000e-01
1.993821e-03 2.317776e-04 5.770005e-01 2.125000e+00 0.000000e+00 5.000000e-01
2.654375e-03 2.681333e-04 5.770005e-01 2.175000e+00 0.000000e+00 5.000000e-01
1.826017e-03 2.214381e-04 5.770005e-01 2.225000e+00 0.000000e+00 5.000000e-01
1.625998e-03 2.099163e-04 5.770005e-01 2.275000e+00 0.000000e+00 5.000000e-01
1.698865e-03 2.123590e-04 5.770005e-01 2.325000e+00 0.000000e+00 5.000000e-01
1.576455e-03 2.035203e-04 5.770005e-01 2.375000e+00 0.000000e+00 5.000000e-01
1.146659e-03 1.728663e-04 5.770005e-01 2.425000e+00 0.000000e+00 5.000000e-01
9.401777e-04 1.566971e-04 5.770005e-01 2.475000e+00 0.000000e+00 5.000000e-01
1.986103e-03 2.248828e-04 5.770005e-01 2.525000e+00 0.000000e+00 5.000000e-01
1.318397e-03 1.828298e-04 5.770005e-01 2.575000e+00 0.000000e+00 5.000000e-01
1.301581e-03 1.804976e-04 5.770005e-01 2.625000e+00 0.000000e+00 5.000000e-01
9.902829e-04 1.565783e-04 5.770005e-01 2.675000e+00 0.000000e+00 5.000000e-01
1.177514e-03 1.699610e-04 5.770005e-01 2.725000e+00 0.000000e+00 5.000000e-01
8.686701e-04 1.447789e-04 5.770005e-01 2.775000e+00 0.000000e+00 5.000000e-01
9.110600e-04 1.477945e-04 5.770005e-01 2.825000e+00 0.000000e+00 5.000000e-01
1.364616e-03 1.791841e-04 5.770005e-01 2.875000e+00 0.000000e+00 5.000000e-01
7.011822e-04 1.280191e-04 5.770005e-01 2.925000e+00 0.000000e+00 5.000000e-01
5.985940e-04 1.173955e-04 5.770005e-01 2.975000e+00 0.000000e+00 5.000000e-01
4.093125e-04 9.647707e-05 5.770005e-01 3.025000e+00 0.000000e+00 5.000000e-01
6.203234e-04 1.172309e-04 5.770005e-01 3.075000e+00 0.000000e+00 5.000000e-01
6.458752e-04 1.179219e-04 5.770005e-01 3.125000e+00 0.000000e+00 5.000000e-01
4.127043e-04 9.228446e-05 5.770005e-01 3.175000e+00 0.000000e+00 5.000000e-01
5.116319e-04 1.003401e-04 5.770005e-01 3.225000e+00 0.000000e+00 5.000000e-01
4.840577e-04 9.493227e-05 5.770005e-01 3.275000e+00 0.000000e+00 5.000000e-01
4.617483e-04 9.055809e-05 5.770005e-01 3.325000e+00 0.000000e+00 5.000000e-01
4.037866e-04 8.242369e-05 5.770005e-01 3.375000e+00 0.000000e+00 5.000000e-01
4.183048e-04 8.203805e-05 5.770005e-01 3.425000e+00 0.000000e+00 5.000000e-01
4.677442e-04 8.539963e-05 5.770005e-01 3.475000e+00 0.000000e+00 5.000000e-01
3.388744e-04 7.224917e-05 5.770005e-01 3.525000e+00 0.000000e+00 5.000000e-01
3.664565e-04 7.480397e-05 5.770005e-01 3.575000e+00 0.000000e+00 5.000000e-01
4.535129e-04 8.280192e-05 5.770005e-01 3.625000e+00 0.000000e+00 5.000000e-01
2.711925e-04 6.392213e-05 5.770005e-01 3.675000e+00 0.000000e+00 5.000000e-01
4.478386e-04 8.176699e-05 5.770005e-01 3.725000e+00 0.000000e+00 5.000000e-01
3.859928e-04 7.570233e-05 5.770005e-01 3.775000e+00 0.000000e+00 5.000000e-01
2.628049e-04 6.194513e-05 5.770005e-01 3.825000e+00 0.000000e+00 5.000000e-01
5.375261e-04 8.720101e-05 5.770005e-01 3.875000e+00 0.000000e+00 5.000000e-01
4.928432e-04 8.214491e-05 5.770005e-01 3.925000e+00 0.000000e+00 5.000000e-01
4.770864e-04 7.951835e-05 5.770005e-01 3.975000e+00 0.000000e+00 5.000000e-01
4.024927e-01 3.538546e-03 5.970005e-01 2.500000e-02 0.000000e+00 5.000000e-01
2.385127e-01 2.689615e-03 5.970005e-01 7.500000e-02 0.000000e+00 5.000000e-01
8.671838e-02 1.619280e-03 5.970005e-01 1.250000e-01 0.000000e+00 5.000000e-01
4.245320e-02 1.135422e-03 5.970005e-01 1.750000e-01 0.000000e+00 5.000000e-01
2.355613e-02 8.445291e-04 5.970005e-01 2.250000e-01 0.000000e+00 5.000000e-01
9.834103e-03 5.397171e-04 5.970005e-01 2.750000e-01 0.000000e+00 5.000000e-01
1.844869e-03 2.306088e-04 5.970005e-01 3.250000e-01 0.000000e+00 5.000000e-01
1.107173e-03 1.796073e-04 5.970005e-01 3.750000e-01 0.000000e+00 5.000000e-01
5.962210e-04 1.333192e-04 5.970005e-01 4.250000e-01 0.000000e+00 5.000000e-01
4.582258e-04 1.145565e-04 5.970005e-01 4.750000e-01 0.000000e+00 5.000000e-01
3.388460e-04 9.781646e-05 5.970005e-01 5.250000e-01 0.000000e+00 5.000000e-01
8.606457e-04 1.571319e-04 5.970005e-01 5.750000e-01 0.000000e+00 5.000000e-01
6.459275e-04 1.377124e-04 5.970005e-01 6.250000e-01 0.000000e+00 5.000000e-01
8.648393e-04 1.578975e-04 5.970005e-01 6.750000e-01 0.000000e+00 5.000000e-01
6.792733e-04 1.386562e-04 5.970005e-01 7.250000e-01 0.000000e+00 5.000000e-01
6.780359e-04 1.384037e-04 5.970005e-01 7.750000e-01 0.000000e+00 5.000000e-01
7.719026e-04 1.513828e-04 5.970005e-01 8.250000e-01 0.000000e+00 5.000000e-01
5.197248e-04 1.225004e-04 5.970005e-01 8.750000e-01 0.000000e+00 5.000000e-01
7.257194e-04 1.423255e-04 5.970005e-01 9.250000e-01 0.000000e+00 5.000000e-01
4.559024e-04 1.139758e-04 5.970005e-01 9.750000e-01 0.000000e+00 5.000000e-01
1.771267e-04 7.231171e-05 5.970005e-01 1.025000e+00 0.000000e+00 5.000000e-01
6.231171e-04 1.328492e-04 5.970005e-01 1.075000e+00 0.000000e+00 5.000000e-01
7.893380e-04 1.491712e-04 5.970005e-01 1.125000e+00 0.000000e+00 5.000000e-01
3.990253e-04 1.066442e-04 5.970005e-01 1.175000e+00 0.000000e+00 5.000000e-01
7.904410e-04 1.493796e-04 5.970005e-01 1.225000e+00 0.000000e+00 5.000000e-01
6.197307e-04 1.321273e-04 5.970005e-01 1.275000e+00 0.000000e+00 5.000000e-01
1.107926e-03 1.751787e-04 5.970005e-01 1.325000e+00 0.000000e+00 5.000000e-01
8.938793e-04 1.580173e-04 5.970005e-01 1.375000e+00 0.000000e+00 5.000000e-01
9.458317e-04 1.622093e-04 5.970005e-01 1.425000e+00 0.000000e+00 5.000000e-01
9.462397e-04 1.622791e-04 5.970005e-01 1.475000e+00 0.000000e+00 5.000000e-01
9.850483e-04 1.641750e-04 5.970005e-01 1.525000e+00 0.000000e+00 5.000000e-01
1.108726e-03 1.753055e-04 5.970005e-01 1.575000e+00 0.000000e+00 5.000000e-01
1.272358e-03 1.875995e-04 5.970005e-01 1.625000e+00 0.000000e+00 5.000000e-01
8.090748e-04 1.477167e-04 5.970005e-01 1.675000e+00 0.000000e+00 5.000000e-01
7.809556e-04 1.475871e-04 5.970005e-01 1.725000e+00 0.000000e+00 5.000000e-01
9.361376e-04 1.605468e-04 5.970005e-01 1.775000e+00 0.000000e+00 5.000000e-01
1.404070e-03 1.947102e-04 5.970005e-01 1.825000e+00 0.000000e+00 5.000000e-01
1.665308e-03 2.149911e-04 5.970005e-01 1.875000e+00 0.000000e+00 5.000000e-01
1.725655e-03 2.157077e-04 5.970005e-01 1.925000e+00 0.000000e+00 5.000000e-01
1.873375e-03 2.271807e-04 5.970005e-01 1.975000e+00 0.000000e+00 5.000000e-01
1.517948e-03 2.028450e-04 5.970005e-01 2.025000e+00 0.000000e+00 5.000000e-01
2.096177e-03 2.373464e-04 5.970005e-01 2.075000e+00 0.000000e+00 5.000000e-01
1.975737e-03 2.328438e-04 5.970005e-01 2.125000e+00 0.000000e+00 5.000000e-01
2.002869e-03 2.328295e-04 5.970005e-01 2.175000e+00 0.000000e+00 5.000000e-01
1.784538e-03 2.196625e-04 5.970005e-01 2.225000e+00 0.000000e+00 5.000000e-01
2.090873e-03 2.367455e-04 5.970005e-01 2.275000e+00 0.000000e+00 5.000000e-01
2.202007e-03 2.431722e-04 5.970005e-01 2.325000e+00 0.000000e+00 5.000000e-01
1.708285e-03 2.135368e-04 5.970005e-01 2.375000e+00 0.000000e+00 5.000000e-01
1.212545e-03 1.787808e-04 5.970005e-01 2.425000e+00 0.000000e+00 5.000000e-01
1.929985e-03 2.243575e-04 5.970005e-01 2.475000e+00 0.000000e+00 5.000000e-01
8.729018e-04 1.497021e-04 5.970005e-01 2.525000e+00 0.000000e+00 5.000000e-01
1.899609e-03 2.208263e-04 5.970005e-01 2.575000e+00 0.000000e+00 5.000000e-01
1.520598e-03 1.963099e-04 5.970005e-01 2.625000e+00 0.000000e+00 5.000000e-01
1.446719e-03 1.899649e-04 5.970005e-01 2.675000e+00 0.000000e+00 5.000000e-01
1.237097e-03 1.749533e-04 5.970005e-01 2.725000e+00 0.000000e+00 5.000000e-01
1.266477e-03 1.756297e-04 5.970005e-01 2.775000e+00 0.000000e+00 5.000000e-01
1.160546e-03 1.675113e-04 5.970005e-01 2.825000e+00 0.000000e+00 5.000000e-01
1.375314e-03 1.805886e-04 5.970005e-01 2.875000e+00 0.000000e+00 5.000000e-01
9.906097e-04 1.528552e-04 5.970005e-01 2.925000e+00 0.000000e+00 5.000000e-01
1.376065e-03 1.776510e-04 5.970005e-01 2.975000e+00 0.000000e+00 5.000000e-01
4.900134e-04 1.044716e-04 5.970005e-01 3.025000e+00 0.000000e+00 5.000000e-01
1.144007e-03 1.556812e-04 5.970005e-01 3.075000e+00 0.000000e+00 5.000000e-01
7.679233e-04 1.245753e-04 5.970005e-01 3.125000e+00 0.000000e+00 5.000000e-01
6.185876e-04 1.093531e-04 5.970005e-01 3.175000e+00 0.000000e+00 5.000000e-01
6.610258e-04 1.101728e-04 5.970005e-01 3.225000e+00 0.000000e+00 5.000000e-01
5.228401e-04 9.545787e-05 5.970005e-01 3.275000e+00 0.000000e+00 5.000000e-01
6.702732e-04 1.059810e-04 5.970005e-01 3.325000e+00 0.000000e+00 5.000000e-01
4.568860e-04 8.634445e-05 5.970005e-01 3.375000e+00 0.000000e+00 5.000000e-01
3.546252e-04 7.560769e-05 5.970005e-01 3.425000e+00 0.000000e+00 5.000000e-01
3.518831e-04 7.502391e-05 5.970005e-01 3.475000e+00 0.000000e+00 5.000000e-01
6.378423e-04 1.008534e-04 5.970005e-01 3.525000e+00 0.000000e+00 5.000000e-01
4.112141e-04 8.064817e-05 5.970005e-01 3.575000e+00 0.000000e+00 5.000000e-01
4.082990e-04 8.007533e-05 5.970005e-01 3.625000e+00 0.000000e+00 5.000000e-01
3.768729e-04 7.693053e-05 5.970005e-01 3.675000e+00 0.000000e+00 5.000000e-01
4.046328e-04 7.935727e-05 5.970005e-01 3.725000e+00 0.000000e+00 5.000000e-01
5.156497e-04 8.843600e-05 5.970005e-01 3.775000e+00 0.000000e+00 5.000000e-01
5.290927e-04 8.818567e-05 5.970005e-01 3.825000e+00 0.000000e+00 5.000000e-01
4.830037e-04 8.283846e-05 5.970005e-01 3.875000e+00 0.000000e+00 5.000000e-01
4.129646e-04 7.539888e-05 5.970005e-01 3.925000e+00 0.000000e+00 5.000000e-01
6.385255e-04 9.216759e-05 5.970005e-01 3.975000e+00 0.000000e+00 5.000000e-01
4.088215e-01 3.564283e-03 6.170005e-01 2.500000e-02 0.000000e+00 5.000000e-01
2.504776e-01 2.794843e-03 6.170005e-01 7.500000e-02 0.000000e+00 5.000000e-01
9.844824e-02 1.754095e-03 6.170005e-01 1.250000e-01 0.000000e+00 5.000000e-01
5.133024e-02 1.251586e-03 6.170005e-01 1.750000e-01 0.000000e+00 5.000000e-01
2.916622e-02 9.393819e-04 6.170005e-01 2.250000e-01 0.000000e+00 5.000000e-01
1.055376e-02 5.625182e-04 6.170005e-01 2.750000e-01 0.000000e+00 5.000000e-01
2.093063e-03 2.501692e-04 6.170005e-01 3.250000e-01 0.000000e+00 5.000000e-01
1.240566e-03 1.914236e-04 6.170005e-01 3.750000e-01 0.000000e+00 5.000000e-01
6.982424e-04 1.425283e-04 6.170005e-01 4.250000e-01 0.000000e+00 5.000000e-01
4.638129e-04 1.159533e-04 6.170005e-01 4.750000e-01 0.000000e+00 5.000000e-01
7.019770e-04 1.432906e-04 6.170005e-01 5.250000e-01 0.000000e+00 5.000000e-01
1.045791e-03 1.742988e-04 6.170005e-01 5.750000e-01 0.000000e+00 5.000000e-01
1.140427e-03 1.803177e-04 6.170005e-01 6.250000e-01 0.000000e+00 5.000000e-01
6.927423e-04 1.414056e-04 6.170005e-01 6.750000e-01 0.000000e+00 5.000000e-01
5.886854e-04 1.316343e-04 6.170005e-01 7.250000e-01 0.000000e+00 5.000000e-01
4.634206e-04 1.158553e-04 6.170005e-01 7.750000e-01 0.000000e+00 5.000000e-01
8.618846e-04 1.573581e-04 6.170005e-01 8.250000e-01 0.000000e+00 5.000000e-01
7.413246e-04 1.453860e-04 6.170005e-01 8.750000e-01 0.000000e+00 5.000000e-01
6.956567e-04 1.420006e-04 6.170005e-01 9.250000e-01 0.000000e+00 5.000000e-01
4.687471e-04 1.171870e-04 6.170005e-01 9.750000e-01 0.000000e+00 5.000000e-01
7.955185e-04 1.503391e-04 6.170005e-01 1.025000e+00 0.000000e+00 5.000000e-01
4.518011e-04 1.129505e-04 6.170005e-01 1.075000e+00 0.000000e+00 5.000000e-01
5.128867e-04 1.208888e-04 6.170005e-01 1.125000e+00 0.000000e+00 5.000000e-01
6.501826e-04 1.386196e-04 6.170005e-01 1.175000e+00 0.000000e+00 5.000000e-01
9.469990e-04 1.624094e-04 6.170005e-01 1.225000e+00 0.000000e+00 5.000000e-01
8.995814e-04 1.590254e-04 6.170005e-01 1.275000e+00 0.000000e+00 5.000000e-01
6.795108e-04 1.387049e-04 6.170005e-01 1.325000e+00 0.000000e+00 5.000000e-01
1.241811e-03 1.872106e-04 6.170005e-01 1.375000e+00 0.000000e+00 5.000000e-01
5.566999e-04 1.244822e-04 6.170005e-01 1.425000e+00 0.000000e+00 5.000000e-01
1.273651e-03 1.877902e-04 6.170005e-01 1.475000e+00 0.000000e+00 5.000000e-01
1.044816e-03 1.694920e-04 6.170005e-01 1.525000e+00 0.000000e+00 5.000000e-01
1.113847e-03 1.761152e-04 6.170005e-01 1.575000e+00 0.000000e+00 5.000000e-01
1.117125e-03 1.766334e-04 6.170005e-01 1.625000e+00 0.000000e+00 5.000000e-01
1.514735e-03 2.024155e-04 6.170005e-01 1.675000e+00 0.000000e+00 5.000000e-01
1.438903e-03 1.995404e-04 6.170005e-01 1.725000e+00 0.000000e+00 5.000000e-01
1.289727e-03 1.901604e-04 6.170005e-01 1.775000e+00 0.000000e+00 5.000000e-01
2.007155e-03 2.333278e-04 6.170005e-01 1.825000e+00 0.000000e+00 5.000000e-01
1.861377e-03 2.257259e-04 6.170005e-01 1.875000e+00 0.000000e+00 5.000000e-01
1.166145e-03 1.799408e-04 6.170005e-01 1.925000e+00 0.000000e+00 5.000000e-01
1.881916e-03 2.249328e-04 6.170005e-01 1.975000e+00 0.000000e+00 5.000000e-01
2.256016e-03 2.491359e-04 6.170005e-01 2.025000e+00 0.000000e+00 5.000000e-01
1.535059e-03 2.051317e-04 6.170005e-01 2.075000e+00 0.000000e+00 5.000000e-01
2.086626e-03 2.362647e-04 6.170005e-01 2.125000e+00 0.000000e+00 5.000000e-01
2.074455e-03 2.379572e-04 6.170005e-01 2.175000e+00 0.000000e+00 5.000000e-01
1.993439e-03 2.317335e-04 6.170005e-01 2.225000e+00 0.000000e+00 5.000000e-01
1.402072e-03 1.944337e-04 6.170005e-01 2.275000e+00 0.000000e+00 5.000000e-01
9.773142e-04 1.628864e-04 6.170005e-01 2.325000e+00 0.000000e+00 5.000000e-01
2.665440e-03 2.665451e-04 6.170005e-01 2.375000e+00 0.000000e+00 5.000000e-01
1.385036e-03 1.920711e-04 6.170005e-01 2.425000e+00 0.000000e+00 5.000000e-01
1.527757e-03 2.006051e-04 6.170005e-01 2.475000e+00 0.000000e+00 5.000000e-01
1.769547e-03 2.145902e-04 6.170005e-01 2.525000e+00 0.000000e+00 5.000000e-01
1.602614e-03 2.035337e-04 6.170005e-01 2.575000e+00 0.000000e+00 5.000000e-01
1.427910e-03 1.908135e-04 6.170005e-01 2.625000e+00 0.000000e+00 5.000000e-01
1.459749e-03 1.916756e-04 6.170005e-01 2.675000e+00 0.000000e+00 5.000000e-01
1.197796e-03 1.728879e-04 6.170005e-01 2.725000e+00 0.000000e+00 5.000000e-01
1.080655e-03 1.629163e-04 6.170005e-01 2.775000e+00 0.000000e+00 5.000000e-01
1.070321e-03 1.613582e-04 6.170005e-01 2.825000e+00 0.000000e+00 5.000000e-01
9.924906e-04 1.531461e-04 6.170005e-01 2.875000e+00 0.000000e+00 5.000000e-01
1.316593e-03 1.728786e-04 6.170005e-01 2.925000e+00 0.000000e+00 5.000000e-01
6.528689e-04 1.191976e-04 6.170005e-01 2.975000e+00 0.000000e+00 5.000000e-01
6.221416e-04 1.135881e-04 6.170005e-01 3.025000e+00 0.000000e+00 5.000000e-01
7.546622e-04 1.224236e-04 6.170005e-01 3.075000e+00 0.000000e+00 5.000000e-01
4.870139e-04 9.551228e-05 6.170005e-01 3.125000e+00 0.000000e+00 5.000000e-01
1.186308e-03 1.460257e-04 6.170005e-01 3.175000e+00 0.000000e+00 5.000000e-01
7.295332e-04 1.125713e-04 6.170005e-01 3.225000e+00 0.000000e+00 5.000000e-01
5.785781e-04 9.922687e-05 6.170005e-01 3.275000e+00 0.000000e+00 5.000000e-01
3.709021e-04 7.907753e-05 6.170005e-01 3.325000e+00 0.000000e+00 5.000000e-01
3.685857e-04 7.858391e-05 6.170005e-01 3.375000e+00 0.000000e+00 5.000000e-01
2.996073e-04 7.061876e-05 6.170005e-01 3.425000e+00 0.000000e+00 5.000000e-01
4.637931e-04 8.765067e-05 6.170005e-01 3.475000e+00 0.000000e+00 5.000000e-01
4.631448e-04 8.752824e-05 6.170005e-01 3.525000e+00 0.000000e+00 5.000000e-01
3.968980e-04 8.101812e-05 6.170005e-01 3.575000e+00 0.000000e+00 5.000000e-01
3.916902e-04 7.995651e-05 6.170005e-01 3.625000e+00 0.000000e+00 5.000000e-01
4.174476e-04 8.187035e-05 6.170005e-01 3.675000e+00 0.000000e+00 5.000000e-01
2.516656e-04 6.291797e-05 6.170005e-01 3.725000e+00 0.000000e+00 5.000000e-01
5.471469e-04 9.119458e-05 6.170005e-01 3.775000e+00 0.000000e+00 5.000000e-01
4.426272e-04 8.081513e-05 6.170005e-01 3.825000e+00 0.000000e+00 5.000000e-01
4.587880e-04 8.110675e-05 6.170005e-01 3.875000e+00 0.000000e+00 5.000000e-01
4.950648e-04 8.251413e-05 6.170005e-01 3.925000e+00 0.000000e+00 5.000000e-01
6.409671e-04 9.251964e-05 6.170005e-01 3.975000e+00 0.000000e+00 5.000000e-01
4.118862e-01 3.599769e-03 6.370005e-01 2.500000e-02 0.000000e+00 5.000000e-01
2.642483e-01 2.911753e-03 6.370005e-01 7.500000e-02 0.000000e+00 5.000000e-01
1.028489e-01 1.791457e-03 6.370005e-01 1.250000e-01 0.000000e+00 5.000000e-01
5.337610e-02 1.290771e-03 6.370005e-01 1.750000e-01 0.000000e+00 5.000000e-01
3.077752e-02 9.742464e-04 6.370005e-01 2.250000e-01 0.000000e+00 5.000000e-01
1.153123e-02 5.899896e-04 6.370005e-01 2.750000e-01 0.000000e+00 5.000000e-01
2.161295e-03 2.547114e-04 6.370005e-01 3.250000e-01 0.000000e+00 5.000000e-01
7.877671e-04 1.544940e-04 6.370005e-01 3.750000e-01 0.000000e+00 5.000000e-01
1.262459e-03 1.948020e-04 6.370005e-01 4.250000e-01 0.000000e+00 5.000000e-01
7.477789e-04 1.466518e-04 6.370005e-01 4.750000e-01 0.000000e+00 5.000000e-01
4.570160e-04 1.142542e-04 6.370005e-01 5.250000e-01 0.000000e+00 5.000000e-01
6.500909e-04 1.386001e-04 6.370005e-01 5.750000e-01 0.000000e+00 5.000000e-01
6.455851e-04 1.376394e-04 6.370005e-01 6.250000e-01 0.000000e+00 5.000000e-01
7.613083e-04 1.493050e-04 6.370005e-01 6.750000e-01 0.000000e+00 5.000000e-01
6.360747e-04 1.356119e-04 6.370005e-01 7.250000e-01 0.000000e+00 5.000000e-01
8.572307e-04 1.565084e-04 6.370005e-01 7.750000e-01 0.000000e+00 5.000000e-01
7.519464e-04 1.474690e-04 6.370005e-01 8.250000e-01 0.000000e+00 5.000000e-01
5.424974e-04 1.278680e-04 6.370005e-01 8.750000e-01 0.000000e+00 5.000000e-01
8.824811e-04 1.611185e-04 6.370005e-01 9.250000e-01 0.000000e+00 5.000000e-01
5.616855e-04 1.255969e-04 6.370005e-01 9.750000e-01 0.000000e+00 5.000000e-01
5.608009e-04 1.253991e-04 6.370005e-01 1.025000e+00 0.000000e+00 5.000000e-01
4.681786e-04 1.170449e-04 6.370005e-01 1.075000e+00 0.000000e+00 5.000000e-01
7.163561e-04 1.462258e-04 6.370005e-01 1.125000e+00 0.000000e+00 5.000000e-01
4.575316e-04 1.143830e-04 6.370005e-01 1.175000e+00 0.000000e+00 5.000000e-01
6.775536e-04 1.383052e-04 6.370005e-01 1.225000e+00 0.000000e+00 5.000000e-01
1.227125e-03 1.849963e-04 6.370005e-01 1.275000e+00 0.000000e+00 5.000000e-01
6.432306e-04 1.371374e-04 6.370005e-01 1.325000e+00 0.000000e+00 5.000000e-01
8.027749e-04 1.517106e-04 6.370005e-01 1.375000e+00 0.000000e+00 5.000000e-01
8.882420e-04 1.570208e-04 6.370005e-01 1.425000e+00 0.000000e+00 5.000000e-01
9.994581e-04 1.665768e-04 6.370005e-01 1.475000e+00 0.000000e+00 5.000000e-01
7.724021e-04 1.459706e-04 6.370005e-01 1.525000e+00 0.000000e+00 5.000000e-01
1.221588e-03 1.841619e-04 6.370005e-01 1.575000e+00 0.000000e+00 5.000000e-01
1.012714e-03 1.687860e-04 6.370005e-01 1.625000e+00 0.000000e+00 5.000000e-01
1.408891e-03 1.992477e-04 6.370005e-01 1.675000e+00 0.000000e+00 5.000000e-01
9.134368e-04 1.566536e-04 6.370005e-01 1.725000e+00 0.000000e+00 5.000000e-01
1.613054e-03 2.118050e-04 6.370005e-01 1.775000e+00 0.000000e+00 5.000000e-01
1.453496e-03 2.015641e-04 6.370005e-01 1.825000e+00 0.000000e+00 5.000000e-01
1.818235e-03 2.204942e-04 6.370005e-01 1.875000e+00 0.000000e+00 5.000000e-01
1.939391e-03 2.318023e-04 6.370005e-01 1.925000e+00 0.000000e+00 5.000000e-01
2.302632e-03 2.542844e-04 6.370005e-01 1.975000e+00 0.000000e+00 5.000000e-01
1.617554e-03 2.088261e-04 6.370005e-01 2.025000e+00 0.000000e+00 5.000000e-01
1.850695e-03 2.244306e-04 6.370005e-01 2.075000e+00 0.000000e+00 5.000000e-01
1.210526e-03 1.824942e-04 6.370005e-01 2.125000e+00 0.000000e+00 5.000000e-01
1.661130e-03 2.109647e-04 6.370005e-01 2.175000e+00 0.000000e+00 5.000000e-01
1.559946e-03 2.048316e-04 6.370005e-01 2.225000e+00 0.000000e+00 5.000000e-01
1.912741e-03 2.286171e-04 6.370005e-01 2.275000e+00 0.000000e+00 5.000000e-01
1.995987e-03 2.320297e-04 6.370005e-01 2.325000e+00 0.000000e+00 5.000000e-01
1.563604e-03 2.053125e-04 6.370005e-01 2.375000e+00 0.000000e+00 5.000000e-01
1.611574e-03 2.080544e-04 6.370005e-01 2.425000e+00 0.000000e+00 5.000000e-01
1.481059e-03 1.979157e-04 6.370005e-01 2.475000e+00 0.000000e+00 5.000000e-01
1.515530e-03 1.989998e-04 6.370005e-01 2.525000e+00 0.000000e+00 5.000000e-01
2.080038e-03 2.325564e-04 6.370005e-01 2.575000e+00 0.000000e+00 5.000000e-01
1.593421e-03 2.023657e-04 6.370005e-01 2.625000e+00 0.000000e+00 5.000000e-01
1.368347e-03 1.862098e-04 6.370005e-01 2.675000e+00 0.000000e+00 5.000000e-01
1.145780e-03 1.689370e-04 6.370005e-01 2.725000e+00 0.000000e+00 5.000000e-01
1.491554e-03 1.894290e-04 6.370005e-01 2.775000e+00 0.000000e+00 5.000000e-01
9.284692e-04 1.468047e-04 6.370005e-01 2.825000e+00 0.000000e+00 5.000000e-01
1.334487e-03 1.722829e-04 6.370005e-01 2.875000e+00 0.000000e+00 5.000000e-01
8.859529e-04 1.367065e-04 6.370005e-01 2.925000e+00 0.000000e+00 5.000000e-01
1.085780e-03 1.477573e-04 6.370005e-01 2.975000e+00 0.000000e+00 5.000000e-01
7.713828e-04 1.219676e-04 6.370005e-01 3.025000e+00 0.000000e+00 5.000000e-01
8.093557e-04 1.220159e-04 6.370005e-01 3.075000e+00 0.000000e+00 5.000000e-01
5.777458e-04 1.021328e-04 6.370005e-01 3.125000e+00 0.000000e+00 5.000000e-01
7.076845e-04 1.118959e-04 6.370005e-01 3.175000e+00 0.000000e+00 5.000000e-01
6.325456e-04 1.054258e-04 6.370005e-01 3.225000e+00 0.000000e+00 5.000000e-01
4.206565e-04 8.586726e-05 6.370005e-01 3.275000e+00 0.000000e+00 5.000000e-01
3.834922e-04 8.176172e-05 6.370005e-01 3.325000e+00 0.000000e+00 5.000000e-01
5.903629e-04 1.012487e-04 6.370005e-01 3.375000e+00 0.000000e+00 5.000000e-01
4.165819e-04 8.503579e-05 6.370005e-01 3.425000e+00 0.000000e+00 5.000000e-01
2.427363e-04 6.487500e-05 6.370005e-01 3.475000e+00 0.000000e+00 5.000000e-01
3.781313e-04 8.061970e-05 6.370005e-01 3.525000e+00 0.000000e+00 5.000000e-01
5.729516e-04 9.826232e-05 6.370005e-01 3.575000e+00 0.000000e+00 5.000000e-01
3.957720e-04 8.078908e-05 6.370005e-01 3.625000e+00 0.000000e+00 5.000000e-01
3.225833e-04 7.213367e-05 6.370005e-01 3.675000e+00 0.000000e+00 5.000000e-01
5.000254e-04 8.839538e-05 6.370005e-01 3.725000e+00 0.000000e+00 5.000000e-01
3.656360e-04 7.463640e-05 6.370005e-01 3.775000e+00 0.000000e+00 5.000000e-01
5.626071e-04 9.127131e-05 6.370005e-01 3.825000e+00 0.000000e+00 5.000000e-01
5.154571e-04 8.591321e-05 6.370005e-01 3.875000e+00 0.000000e+00 5.000000e-01
5.530337e-04 8.744708e-05 6.370005e-01 3.925000e+00 0.000000e+00 5.000000e-01
5.356873e-04 8.470373e-05 6.370005e-01 3.975000e+00 0.000000e+00 5.000000e-01
4.283222e-01 3.754329e-03 6.570005e-01 2.500000e-02 0.000000e+00 5.000000e-01
2.624797e-01 2.883177e-03 6.570005e-01 7.500000e-02 0.000000e+00 5.000000e-01
1.127274e-01 1.880883e-03 6.570005e-01 1.250000e-01 0.000000e+00 5.000000e-01
5.884597e-02 1.356461e-03 6.570005e-01 1.750000e-01 0.000000e+00 5.000000e-01
3.509517e-02 1.047735e-03 6.570005e-01 2.250000e-01 0.000000e+00 5.000000e-01
1.054891e-02 5.737858e-04 6.570005e-01 2.750000e-01 0.000000e+00 5.000000e-01
2.977455e-03 3.007689e-04 6.570005e-01 3.250000e-01 0.000000e+00 5.000000e-01
7.193000e-04 1.468267e-04 6.570005e-01 3.750000e-01 0.000000e+00 5.000000e-01
8.949611e-04 1.633969e-04 6.570005e-01 4.250000e-01 0.000000e+00 5.000000e-01
9.472370e-04 1.674495e-04 6.570005e-01 4.750000e-01 0.000000e+00 5.000000e-01
5.397813e-04 1.272278e-04 6.570005e-01 5.250000e-01 0.000000e+00 5.000000e-01
5.885555e-04 1.316053e-04 6.570005e-01 5.750000e-01 0.000000e+00 5.000000e-01
5.803591e-04 1.297724e-04 6.570005e-01 6.250000e-01 0.000000e+00 5.000000e-01
4.603264e-04 1.150819e-04 6.570005e-01 6.750000e-01 0.000000e+00 5.000000e-01
7.583159e-04 1.487183e-04 6.570005e-01 7.250000e-01 0.000000e+00 5.000000e-01
5.356092e-04 1.262444e-04 6.570005e-01 7.750000e-01 0.000000e+00 5.000000e-01
5.969091e-04 1.334732e-04 6.570005e-01 8.250000e-01 0.000000e+00 5.000000e-01
4.649961e-04 1.162492e-04 6.570005e-01 8.750000e-01 0.000000e+00 5.000000e-01
6.284880e-04 1.339943e-04 6.570005e-01 9.250000e-01 0.000000e+00 5.000000e-01
3.966914e-04 1.060204e-04 6.570005e-01 9.750000e-01 0.000000e+00 5.000000e-01
6.502578e-04 1.386357e-04 6.570005e-01 1.025000e+00 0.000000e+00 5.000000e-01
9.572726e-04 1.692238e-04 6.570005e-01 1.075000e+00 0.000000e+00 5.000000e-01
6.934338e-04 1.415468e-04 6.570005e-01 1.125000e+00 0.000000e+00 5.000000e-01
6.276942e-04 1.338252e-04 6.570005e-01 1.175000e+00 0.000000e+00 5.000000e-01
5.692580e-04 1.272901e-04 6.570005e-01 1.225000e+00 0.000000e+00 5.000000e-01
6.974502e-04 1.423668e-04 6.570005e-01 1.275000e+00 0.000000e+00 5.000000e-01
5.266713e-04 1.241377e-04 6.570005e-01 1.325000e+00 0.000000e+00 5.000000e-01
6.747302e-04 1.377291e-04 6.570005e-01 1.375000e+00 0.000000e+00 5.000000e-01
9.597073e-04 1.645887e-04 6.570005e-01 1.425000e+00 0.000000e+00 5.000000e-01
9.523785e-04 1.633319e-04 6.570005e-01 1.475000e+00 0.000000e+00 5.000000e-01
1.118310e-03 1.768208e-04 6.570005e-01 1.525000e+00 0.000000e+00 5.000000e-01
1.055453e-03 1.712175e-04 6.570005e-01 1.575000e+00 0.000000e+00 5.000000e-01
9.506413e-04 1.630341e-04 6.570005e-01 1.625000e+00 0.000000e+00 5.000000e-01
1.233561e-03 1.859670e-04 6.570005e-01 1.675000e+00 0.000000e+00 5.000000e-01
1.579216e-03 2.073616e-04 6.570005e-01 1.725000e+00 0.000000e+00 5.000000e-01
1.445379e-03 2.004386e-04 6.570005e-01 1.775000e+00 0.000000e+00 5.000000e-01
1.572684e-03 2.101595e-04 6.570005e-01 1.825000e+00 0.000000e+00 5.000000e-01
1.450984e-03 2.012159e-04 6.570005e-01 1.875000e+00 0.000000e+00 5.000000e-01
1.967953e-03 2.287705e-04 6.570005e-01 1.925000e+00 0.000000e+00 5.000000e-01
1.596899e-03 2.096839e-04 6.570005e-01 1.975000e+00 0.000000e+00 5.000000e-01
1.399469e-03 1.979158e-04 6.570005e-01 2.025000e+00 0.000000e+00 5.000000e-01
1.795354e-03 2.209935e-04 6.570005e-01 2.075000e+00 0.000000e+00 5.000000e-01
1.784455e-03 2.196520e-04 6.570005e-01 2.125000e+00 0.000000e+00 5.000000e-01
1.322523e-03 1.908906e-04 6.570005e-01 2.175000e+00 0.000000e+00 5.000000e-01
1.903763e-03 2.275443e-04 6.570005e-01 2.225000e+00 0.000000e+00 5.000000e-01
2.082732e-03 2.358241e-04 6.570005e-01 2.275000e+00 0.000000e+00 5.000000e-01
1.463516e-03 1.991604e-04 6.570005e-01 2.325000e+00 0.000000e+00 5.000000e-01
1.296862e-03 1.871867e-04 6.570005e-01 2.375000e+00 0.000000e+00 5.000000e-01
1.866132e-03 2.230466e-04 6.570005e-01 2.425000e+00 0.000000e+00 5.000000e-01
2.129991e-03 2.381414e-04 6.570005e-01 2.475000e+00 0.000000e+00 5.000000e-01
1.640761e-03 2.083780e-04 6.570005e-01 2.525000e+00 0.000000e+00 5.000000e-01
1.615202e-03 2.051319e-04 6.570005e-01 2.575000e+00 0.000000e+00 5.000000e-01
1.067270e-03 1.646842e-04 6.570005e-01 2.625000e+00 0.000000e+00 5.000000e-01
9.789931e-04 1.547934e-04 6.570005e-01 2.675000e+00 0.000000e+00 5.000000e-01
8.416293e-04 1.402723e-04 6.570005e-01 2.725000e+00 0.000000e+00 5.000000e-01
9.843192e-04 1.483927e-04 6.570005e-01 2.775000e+00 0.000000e+00 5.000000e-01
1.370310e-03 1.712900e-04 6.570005e-01 2.825000e+00 0.000000e+00 5.000000e-01
8.127717e-04 1.285112e-04 6.570005e-01 2.875000e+00 0.000000e+00 5.000000e-01
1.092060e-03 1.459336e-04 6.570005e-01 2.925000e+00 0.000000e+00 5.000000e-01
1.018426e-03 1.385910e-04 6.570005e-01 2.975000e+00 0.000000e+00 5.000000e-01
5.941183e-04 1.050274e-04 6.570005e-01 3.025000e+00 0.000000e+00 5.000000e-01
1.032636e-03 1.379929e-04 6.570005e-01 3.075000e+00 0.000000e+00 5.000000e-01
8.387648e-04 1.236703e-04 6.570005e-01 3.125000e+00 0.000000e+00 5.000000e-01
5.456162e-04 9.961631e-05 6.570005e-01 3.175000e+00 0.000000e+00 5.000000e-01
1.019245e-03 1.362042e-04 6.570005e-01 3.225000e+00 0.000000e+00 5.000000e-01
7.285005e-04 1.151878e-04 6.570005e-01 3.275000e+00 0.000000e+00 5.000000e-01
3.638561e-04 8.136146e-05 6.570005e-01 3.325000e+00 0.000000e+00 5.000000e-01
6.924022e-04 1.123241e-04 6.570005e-01 3.375000e+00 0.000000e+00 5.000000e-01
3.969136e-04 8.462384e-05 6.570005e-01 3.425000e+00 0.000000e+00 5.000000e-01
3.539701e-04 7.915122e-05 6.570005e-01 3.475000e+00 0.000000e+00 5.000000e-01
5.870822e-04 1.006858e-04 6.570005e-01 3.525000e+00 0.000000e+00 5.000000e-01
4.748300e-04 8.973696e-05 6.570005e-01 3.575000e+00 0.000000e+00 5.000000e-01
3.972124e-04 8.108290e-05 6.570005e-01 3.625000e+00 0.000000e+00 5.000000e-01
3.867877e-04 7.895507e-05 6.570005e-01 3.675000e+00 0.000000e+00 5.000000e-01
3.773213e-04 7.702262e-05 6.570005e-01 3.725000e+00 0.000000e+00 5.000000e-01
5.796832e-04 9.404031e-05 6.570005e-01 3.775000e+00 0.000000e+00 5.000000e-01
4.433001e-04 8.093785e-05 6.570005e-01 3.825000e+00 0.000000e+00 5.000000e-01
5.167363e-04 8.612756e-05 6.570005e-01 3.875000e+00 0.000000e+00 5.000000e-01
7.511552e-04 1.022236e-04 6.570005e-01 3.925000e+00 0.000000e+00 5.000000e-01
4.123165e-04 7.528083e-05 6.570005e-01 3.975000e+00 0.000000e+00 5.000000e-01
4.360408e-01 3.790660e-03 6.770005e-01 2.500000e-02 0.000000e+00 5.000000e-01
2.901695e-01 3.087263e-03 6.770005e-01 7.500000e-02 0.000000e+00 5.000000e-01
1.219607e-01 1.967110e-03 6.770005e-01 1.250000e-01 0.000000e+00 5.000000e-01
6.722578e-02 1.452535e-03 6.770005e-01 1.750000e-01 0.000000e+00 5.000000e-01
3.915889e-02 1.118370e-03 6.770005e-01 2.250000e-01 0.000000e+00 5.000000e-01
1.404534e-02 6.621044e-04 6.770005e-01 2.750000e-01 0.000000e+00 5.000000e-01
2.810245e-03 2.929886e-04 6.770005e-01 3.250000e-01 0.000000e+00 5.000000e-01
1.179800e-03 1.913891e-04 6.770005e-01 3.750000e-01 0.000000e+00 5.000000e-01
1.337678e-03 2.016628e-04 6.770005e-01 4.250000e-01 0.000000e+00 5.000000e-01
7.655371e-04 1.501345e-04 6.770005e-01 4.750000e-01 0.000000e+00 5.000000e-01
8.862123e-04 1.617998e-04 6.770005e-01 5.250000e-01 0.000000e+00 5.000000e-01
4.178321e-04 1.116706e-04 6.770005e-01 5.750000e-01 0.000000e+00 5.000000e-01
3.603847e-04 1.040341e-04 6.770005e-01 6.250000e-01 0.000000e+00 5.000000e-01
5.354013e-04 1.261954e-04 6.770005e-01 6.750000e-01 0.000000e+00 5.000000e-01
8.159684e-04 1.542038e-04 6.770005e-01 7.250000e-01 0.000000e+00 5.000000e-01
6.934909e-04 1.415585e-04 6.770005e-01 7.750000e-01 0.000000e+00 5.000000e-01
9.876171e-04 1.693751e-04 6.770005e-01 8.250000e-01 0.000000e+00 5.000000e-01
4.113071e-04 1.099265e-04 6.770005e-01 8.750000e-01 0.000000e+00 5.000000e-01
6.588760e-04 1.404731e-04 6.770005e-01 9.250000e-01 0.000000e+00 5.000000e-01
8.430686e-04 1.593254e-04 6.770005e-01 9.750000e-01 0.000000e+00 5.000000e-01
8.176408e-04 1.545199e-04 6.770005e-01 1.025000e+00 0.000000e+00 5.000000e-01
5.674353e-04 1.268827e-04 6.770005e-01 1.075000e+00 0.000000e+00 5.000000e-01
9.675414e-04 1.659322e-04 6.770005e-01 1.125000e+00 0.000000e+00 5.000000e-01
8.051726e-04 1.521636e-04 6.770005e-01 1.175000e+00 0.000000e+00 5.000000e-01
6.642111e-04 1.416106e-04 6.770005e-01 1.225000e+00 0.000000e+00 5.000000e-01
8.971564e-04 1.637981e-04 6.770005e-01 1.275000e+00 0.000000e+00 5.000000e-01
5.153777e-04 1.214758e-04 6.770005e-01 1.325000e+00 0.000000e+00 5.000000e-01
7.374060e-04 1.446175e-04 6.770005e-01 1.375000e+00 0.000000e+00 5.000000e-01
7.316499e-04 1.434888e-04 6.770005e-01 1.425000e+00 0.000000e+00 5.000000e-01
7.793787e-04 1.472891e-04 6.770005e-01 1.475000e+00 0.000000e+00 5.000000e-01
9.669219e-04 1.658263e-04 6.770005e-01 1.525000e+00 0.000000e+00 5.000000e-01
9.047511e-04 1.599392e-04 6.770005e-01 1.575000e+00 0.000000e+00 5.000000e-01
4.543557e-04 1.135892e-04 6.770005e-01 1.625000e+00 0.000000e+00 5.000000e-01
1.127938e-03 1.783432e-04 6.770005e-01 1.675000e+00 0.000000e+00 5.000000e-01
1.623853e-03 2.132229e-04 6.770005e-01 1.725000e+00 0.000000e+00 5.000000e-01
7.543460e-04 1.425584e-04 6.770005e-01 1.775000e+00 0.000000e+00 5.000000e-01
1.110517e-03 1.755886e-04 6.770005e-01 1.825000e+00 0.000000e+00 5.000000e-01
1.068884e-03 1.733963e-04 6.770005e-01 1.875000e+00 0.000000e+00 5.000000e-01
1.512566e-03 2.058349e-04 6.770005e-01 1.925000e+00 0.000000e+00 5.000000e-01
1.490831e-03 1.992212e-04 6.770005e-01 1.975000e+00 0.000000e+00 5.000000e-01
1.483240e-03 2.018440e-04 6.770005e-01 2.025000e+00 0.000000e+00 5.000000e-01
1.612128e-03 2.116836e-04 6.770005e-01 2.075000e+00 0.000000e+00 5.000000e-01
1.765419e-03 2.206784e-04 6.770005e-01 2.125000e+00 0.000000e+00 5.000000e-01
1.876871e-03 2.243298e-04 6.770005e-01 2.175000e+00 0.000000e+00 5.000000e-01
9.756615e-04 1.626108e-04 6.770005e-01 2.225000e+00 0.000000e+00 5.000000e-01
1.931461e-03 2.308549e-04 6.770005e-01 2.275000e+00 0.000000e+00 5.000000e-01
1.462515e-03 1.990238e-04 6.770005e-01 2.325000e+00 0.000000e+00 5.000000e-01
1.875920e-03 2.242164e-04 6.770005e-01 2.375000e+00 0.000000e+00 5.000000e-01
1.770697e-03 2.179587e-04 6.770005e-01 2.425000e+00 0.000000e+00 5.000000e-01
1.431715e-03 1.948326e-04 6.770005e-01 2.475000e+00 0.000000e+00 5.000000e-01
1.687746e-03 2.077483e-04 6.770005e-01 2.525000e+00 0.000000e+00 5.000000e-01
1.524511e-03 1.936142e-04 6.770005e-01 2.575000e+00 0.000000e+00 5.000000e-01
1.697884e-03 2.000987e-04 6.770005e-01 2.625000e+00 0.000000e+00 5.000000e-01
1.168290e-03 1.620137e-04 6.770005e-01 2.675000e+00 0.000000e+00 5.000000e-01
1.675519e-03 1.897167e-04 6.770005e-01 2.725000e+00 0.000000e+00 5.000000e-01
1.519779e-03 1.766719e-04 6.770005e-01 2.775000e+00 0.000000e+00 5.000000e-01
1.155736e-03 1.517569e-04 6.770005e-01 2.825000e+00 0.000000e+00 5.000000e-01
1.131631e-03 1.485915e-04 6.770005e-01 2.875000e+00 0.000000e+00 5.000000e-01
8.117334e-04 1.252540e-04 6.770005e-01 2.925000e+00 0.000000e+00 5.000000e-01
8.401437e-04 1.266574e-04 6.770005e-01 2.975000e+00 0.000000e+00 5.000000e-01
9.840762e-04 1.364682e-04 6.770005e-01 3.025000e+00 0.000000e+00 5.000000e-01
8.712319e-04 1.284575e-04 6.770005e-01 3.075000e+00 0.000000e+00 5.000000e-01
7.209760e-04 1.169587e-04 6.770005e-01 3.125000e+00 0.000000e+00 5.000000e-01
6.468482e-04 1.109349e-04 6.770005e-01 3.175000e+00 0.000000e+00 5.000000e-01
6.095261e-04 1.077514e-04 6.770005e-01 3.225000e+00 0.000000e+00 5.000000e-01
6.465814e-04 1.108889e-04 6.770005e-01 3.275000e+00 0.000000e+00 5.000000e-01
8.650357e-04 1.275453e-04 6.770005e-01 3.325000e+00 0.000000e+00 5.000000e-01
5.176334e-04 9.782542e-05 6.770005e-01 3.375000e+00 0.000000e+00 5.000000e-01
3.983708e-04 8.493446e-05 6.770005e-01 3.425000e+00 0.000000e+00 5.000000e-01
5.667935e-04 1.001978e-04 6.770005e-01 3.475000e+00 0.000000e+00 5.000000e-01
3.118545e-04 7.350584e-05 6.770005e-01 3.525000e+00 0.000000e+00 5.000000e-01
5.086429e-04 9.286737e-05 6.770005e-01 3.575000e+00 0.000000e+00 5.000000e-01
3.969591e-04 8.102997e-05 6.770005e-01 3.625000e+00 0.000000e+00 5.000000e-01
6.444309e-04 1.018961e-04 6.770005e-01 3.675000e+00 0.000000e+00 5.000000e-01
4.075428e-04 7.992765e-05 6.770005e-01 3.725000e+00 0.000000e+00 5.000000e-01
6.415568e-04 9.899777e-05 6.770005e-01 3.775000e+00 0.000000e+00 5.000000e-01
5.335709e-04 8.893146e-05 6.770005e-01 3.825000e+00 0.000000e+00 5.000000e-01
8.121897e-04 1.085383e-04 6.770005e-01 3.875000e+00 0.000000e+00 5.000000e-01
5.786653e-04 9.149835e-05 6.770005e-01 3.925000e+00 0.000000e+00 5.000000e-01
7.410972e-04 1.048121e-04 6.770005e-01 3.975000e+00 0.000000e+00 5.000000e-01
4.499419e-01 3.873348e-03 6.970005e-01 2.500000e-02 0.000000e+00 5.000000e-01
3.013489e-01 3.140758e-03 6.970005e-01 7.500000e-02 0.000000e+00 5.000000e-01
1.419208e-01 2.140512e-03 6.970005e-01 1.250000e-01 0.000000e+00 5.000000e-01
7.076772e-02 1.513598e-03 6.970005e-01 1.750000e-01 0.000000e+00 5.000000e-01
3.975237e-02 1.131634e-03 6.970005e-01 2.250000e-01 0.000000e+00 5.000000e-01
1.312297e-02 6.434072e-04 6.970005e-01 2.750000e-01 0.000000e+00 5.000000e-01
2.499904e-03 2.794981e-04 6.970005e-01 3.250000e-01 0.000000e+00 5.000000e-01
1.219745e-03 1.928589e-04 6.970005e-01 3.750000e-01 0.000000e+00 5.000000e-01
8.549830e-04 1.615767e-04 6.970005e-01 4.250000e-01 0.000000e+00 5.000000e-01
9.918754e-04 1.753409e-04 6.970005e-01 4.750000e-01 0.000000e+00 5.000000e-01
4.871360e-04 1.217842e-04 6.970005e-01 5.250000e-01 0.000000e+00 5.000000e-01
1.010187e-03 1.732459e-04 6.970005e-01 5.750000e-01 0.000000e+00 5.000000e-01
6.451859e-04 1.375543e-04 6.970005e-01 6.250000e-01 0.000000e+00 5.000000e-01
8.795664e-04 1.605863e-04 6.970005e-01 6.750000e-01 0.000000e+00 5.000000e-01
5.302930e-04 1.249914e-04 6.970005e-01 7.250000e-01 0.000000e+00 5.000000e-01
5.327185e-04 1.255631e-04 6.970005e-01 7.750000e-01 0.000000e+00 5.000000e-01
3.585201e-04 1.034959e-04 6.970005e-01 8.250000e-01 0.000000e+00 5.000000e-01
9.615042e-04 1.699717e-04 6.970005e-01 8.750000e-01 0.000000e+00 5.000000e-01
4.113217e-04 1.099306e-04 6.970005e-01 9.250000e-01 0.000000e+00 5.000000e-01
7.532180e-04 1.477185e-04 6.970005e-01 9.750000e-01 0.000000e+00 5.000000e-01
8.009053e-04 1.513571e-04 6.970005e-01 1.025000e+00 0.000000e+00 5.000000e-01
5.769030e-04 1.289996e-04 6.970005e-01 1.075000e+00 0.000000e+00 5.000000e-01
1.023765e-03 1.755747e-04 6.970005e-01 1.125000e+00 0.000000e+00 5.000000e-01
7.996857e-04 1.568318e-04 6.970005e-01 1.175000e+00 0.000000e+00 5.000000e-01
7.588398e-04 1.488211e-04 6.970005e-01 1.225000e+00 0.000000e+00 5.000000e-01
1.038292e-03 1.730489e-04 6.970005e-01 1.275000e+00 0.000000e+00 5.000000e-01
9.175871e-04 1.622084e-04 6.970005e-01 1.325000e+00 0.000000e+00 5.000000e-01
9.697581e-04 1.663126e-04 6.970005e-01 1.375000e+00 0.000000e+00 5.000000e-01
9.574127e-04 1.641951e-04 6.970005e-01 1.425000e+00 0.000000e+00 5.000000e-01
2.311253e-04 8.171526e-05 6.970005e-01 1.475000e+00 0.000000e+00 5.000000e-01
1.042342e-03 1.737242e-04 6.970005e-01 1.525000e+00 0.000000e+00 5.000000e-01
1.072756e-03 1.740246e-04 6.970005e-01 1.575000e+00 0.000000e+00 5.000000e-01
1.180175e-03 1.821055e-04 6.970005e-01 1.625000e+00 0.000000e+00 5.000000e-01
1.176940e-03 1.816063e-04 6.970005e-01 1.675000e+00 0.000000e+00 5.000000e-01
1.127328e-03 1.782468e-04 6.970005e-01 1.725000e+00 0.000000e+00 5.000000e-01
1.258432e-03 1.855460e-04 6.970005e-01 1.775000e+00 0.000000e+00 5.000000e-01
1.317523e-03 1.901687e-04 6.970005e-01 1.825000e+00 0.000000e+00 5.000000e-01
1.620365e-03 2.127650e-04 6.970005e-01 1.875000e+00 0.000000e+00 5.000000e-01
1.293489e-03 1.907152e-04 6.970005e-01 1.925000e+00 0.000000e+00 5.000000e-01
1.016007e-03 1.693350e-04 6.970005e-01 1.975000e+00 0.000000e+00 5.000000e-01
1.027287e-03 1.666484e-04 6.970005e-01 2.025000e+00 0.000000e+00 5.000000e-01
1.081435e-03 1.709906e-04 6.970005e-01 2.075000e+00 0.000000e+00 5.000000e-01
1.486917e-03 2.023445e-04 6.970005e-01 2.125000e+00 0.000000e+00 5.000000e-01
1.160247e-03 1.790307e-04 6.970005e-01 2.175000e+00 0.000000e+00 5.000000e-01
1.303069e-03 1.880827e-04 6.970005e-01 2.225000e+00 0.000000e+00 5.000000e-01
1.492306e-03 1.994186e-04 6.970005e-01 2.275000e+00 0.000000e+00 5.000000e-01
2.059403e-03 2.331822e-04 6.970005e-01 2.325000e+00 0.000000e+00 5.000000e-01
1.938379e-03 2.253332e-04 6.970005e-01 2.375000e+00 0.000000e+00 5.000000e-01
1.268131e-03 1.793416e-04 6.970005e-01 2.425000e+00 0.000000e+00 5.000000e-01
1.894145e-03 2.144705e-04 6.970005e-01 2.475000e+00 0.000000e+00 5.000000e-01
1.442012e-03 1.831365e-04 6.970005e-01 2.525000e+00 0.000000e+00 5.000000e-01
1.431856e-03 1.789831e-04 6.970005e-01 2.575000e+00 0.000000e+00 5.000000e-01
1.112721e-03 1.543078e-04 6.970005e-01 2.625000e+00 0.000000e+00 5.000000e-01
1.577721e-03 1.809785e-04 6.970005e-01 2.675000e+00 0.000000e+00 5.000000e-01
1.506698e-03 1.751515e-04 6.970005e-01 2.725000e+00 0.000000e+00 5.000000e-01
1.326864e-03 1.633269e-04 6.970005e-01 2.775000e+00 0.000000e+00 5.000000e-01
1.546552e-03 1.751136e-04 6.970005e-01 2.825000e+00 0.000000e+00 5.000000e-01
7.476007e-04 1.212777e-04 6.970005e-01 2.875000e+00 0.000000e+00 5.000000e-01
9.891886e-04 1.398936e-04 6.970005e-01 2.925000e+00 0.000000e+00 5.000000e-01
9.489127e-04 1.369649e-04 6.970005e-01 2.975000e+00 0.000000e+00 5.000000e-01
7.521258e-04 1.220123e-04 6.970005e-01 3.025000e+00 0.000000e+00 5.000000e-01
1.271033e-03 1.588808e-04 6.970005e-01 3.075000e+00 0.000000e+00 5.000000e-01
6.792201e-04 1.164869e-04 6.970005e-01 3.125000e+00 0.000000e+00 5.000000e-01
8.289861e-04 1.279164e-04 6.970005e-01 3.175000e+00 0.000000e+00 5.000000e-01
6.632967e-04 1.137551e-04 6.970005e-01 3.225000e+00 0.000000e+00 5.000000e-01
8.044180e-04 1.241255e-04 6.970005e-01 3.275000e+00 0.000000e+00 5.000000e-01
8.664609e-04 1.277545e-04 6.970005e-01 3.325000e+00 0.000000e+00 5.000000e-01
5.899711e-04 1.042947e-04 6.970005e-01 3.375000e+00 0.000000e+00 5.000000e-01
5.450028e-04 9.950572e-05 6.970005e-01 3.425000e+00 0.000000e+00 5.000000e-01
5.326941e-04 9.725810e-05 6.970005e-01 3.475000e+00 0.000000e+00 5.000000e-01
5.860613e-04 1.005108e-04 6.970005e-01 3.525000e+00 0.000000e+00 5.000000e-01
6.099453e-04 1.016593e-04 6.970005e-01 3.575000e+00 0.000000e+00 5.000000e-01
2.313266e-04 6.182682e-05 6.970005e-01 3.625000e+00 0.000000e+00 5.000000e-01
5.453250e-04 9.352571e-05 6.970005e-01 3.675000e+00 0.000000e+00 5.000000e-01
4.722897e-04 8.623151e-05 6.970005e-01 3.725000e+00 0.000000e+00 5.000000e-01
4.571996e-04 8.347615e-05 6.970005e-01 3.775000e+00 0.000000e+00 5.000000e-01
4.953703e-04 8.757419e-05 6.970005e-01 3.825000e+00 0.000000e+00 5.000000e-01
5.157109e-04 9.116992e-05 6.970005e-01 3.875000e+00 0.000000e+00 5.000000e-01
6.313750e-04 1.052344e-04 6.970005e-01 3.925000e+00 0.000000e+00 5.000000e-01
6.477043e-04 1.110860e-04 6.970005e-01 3.975000e+00 0.000000e+00 5.000000e-01
4.424875e-01 3.823370e-03 7.170006e-01 2.500000e-02 0.000000e+00 5.000000e-01
2.934626e-01 3.097848e-03 7.170006e-01 7.500000e-02 0.000000e+00 5.000000e-01
1.416477e-01 2.156102e-03 7.170006e-01 1.250000e-01 0.000000e+00 5.000000e-01
8.159121e-02 1.624693e-03 7.170006e-01 1.750000e-01 0.000000e+00 5.000000e-01
4.278238e-02 1.173995e-03 7.170006e-01 2.250000e-01 0.000000e+00 5.000000e-01
1.237868e-02 6.316975e-04 7.170006e-01 2.750000e-01 0.000000e+00 5.000000e-01
2.674729e-03 2.918372e-04 7.170006e-01 3.250000e-01 0.000000e+00 5.000000e-01
8.135843e-04 1.595572e-04 7.170006e-01 3.750000e-01 0.000000e+00 5.000000e-01
1.103806e-03 1.839679e-04 7.170006e-01 4.250000e-01 0.000000e+00 5.000000e-01
7.303111e-04 1.490744e-04 7.170006e-01 4.750000e-01 0.000000e+00 5.000000e-01
7.282036e-04 1.486441e-04 7.170006e-01 5.250000e-01 0.000000e+00 5.000000e-01
4.833732e-04 1.208434e-04 7.170006e-01 5.750000e-01 0.000000e+00 5.000000e-01
2.438322e-04 8.620789e-05 7.170006e-01 6.250000e-01 0.000000e+00 5.000000e-01
6.617843e-04 1.410931e-04 7.170006e-01 6.750000e-01 0.000000e+00 5.000000e-01
7.696951e-04 1.509497e-04 7.170006e-01 7.250000e-01 0.000000e+00 5.000000e-01
7.722201e-04 1.514450e-04 7.170006e-01 7.750000e-01 0.000000e+00 5.000000e-01
9.439484e-04 1.668683e-04 7.170006e-01 8.250000e-01 0.000000e+00 5.000000e-01
4.063762e-04 1.086088e-04 7.170006e-01 8.750000e-01 0.000000e+00 5.000000e-01
3.494841e-04 1.008874e-04 7.170006e-01 9.250000e-01 0.000000e+00 5.000000e-01
8.879450e-04 1.621161e-04 7.170006e-01 9.750000e-01 0.000000e+00 5.000000e-01
6.678428e-04 1.423847e-04 7.170006e-01 1.025000e+00 0.000000e+00 5.000000e-01
4.307280e-04 1.151170e-04 7.170006e-01 1.075000e+00 0.000000e+00 5.000000e-01
4.173548e-04 1.115431e-04 7.170006e-01 1.125000e+00 0.000000e+00 5.000000e-01
6.433988e-04 1.371733e-04 7.170006e-01 1.175000e+00 0.000000e+00 5.000000e-01
9.332063e-04 1.649695e-04 7.170006e-01 1.225000e+00 0.000000e+00 5.000000e-01
8.090027e-04 1.528875e-04 7.170006e-01 1.275000e+00 0.000000e+00 5.000000e-01
9.166014e-04 1.620341e-04 7.170006e-01 1.325000e+00 0.000000e+00 5.000000e-01
6.820436e-04 1.392219e-04 7.170006e-01 1.375000e+00 0.000000e+00 5.000000e-01
7.537954e-04 1.478319e-04 7.170006e-01 1.425000e+00 0.000000e+00 5.000000e-01
8.371611e-04 1.582089e-04 7.170006e-01 1.475000e+00 0.000000e+00 5.000000e-01
6.879325e-04 1.404238e-04 7.170006e-01 1.525000e+00 0.000000e+00 5.000000e-01
7.952730e-04 1.502928e-04 7.170006e-01 1.575000e+00 0.000000e+00 5.000000e-01
7.341643e-04 1.439819e-04 7.170006e-01 1.625000e+00 0.000000e+00 5.000000e-01
1.297962e-03 1.913746e-04 7.170006e-01 1.675000e+00 0.000000e+00 5.000000e-01
1.407797e-03 1.990931e-04 7.170006e-01 1.725000e+00 0.000000e+00 5.000000e-01
8.427666e-04 1.538677e-04 7.170006e-01 1.775000e+00 0.000000e+00 5.000000e-01
1.559298e-03 2.047465e-04 7.170006e-01 1.825000e+00 0.000000e+00 5.000000e-01
1.112246e-03 1.758621e-04 7.170006e-01 1.875000e+00 0.000000e+00 5.000000e-01
1.461586e-03 2.026860e-04 7.170006e-01 1.925000e+00 0.000000e+00 5.000000e-01
1.348597e-03 1.946538e-04 7.170006e-01 1.975000e+00 0.000000e+00 5.000000e-01
8.430913e-04 1.539273e-04 7.170006e-01 2.025000e+00 0.000000e+00 5.000000e-01
1.101472e-03 1.741588e-04 7.170006e-01 2.075000e+00 0.000000e+00 5.000000e-01
1.123416e-03 1.733476e-04 7.170006e-01 2.125000e+00 0.000000e+00 5.000000e-01
1.009761e-03 1.638060e-04 7.170006e-01 2.175000e+00 0.000000e+00 5.000000e-01
1.007194e-03 1.633893e-04 7.170006e-01 2.225000e+00 0.000000e+00 5.000000e-01
1.813382e-03 2.167416e-04 7.170006e-01 2.275000e+00 0.000000e+00 5.000000e-01
1.847335e-03 2.147494e-04 7.170006e-01 2.325000e+00 0.000000e+00 5.000000e-01
1.565600e-03 1.927131e-04 7.170006e-01 2.375000e+00 0.000000e+00 5.000000e-01
1.733037e-03 1.987942e-04 7.170006e-01 2.425000e+00 0.000000e+00 5.000000e-01
1.405065e-03 1.756342e-04 7.170006e-01 2.475000e+00 0.000000e+00 5.000000e-01
1.334260e-03 1.694523e-04 7.170006e-01 2.525000e+00 0.000000e+00 5.000000e-01
1.485949e-03 1.776057e-04 7.170006e-01 2.575000e+00 0.000000e+00 5.000000e-01
1.087249e-03 1.507752e-04 7.170006e-01 2.625000e+00 0.000000e+00 5.000000e-01
1.746990e-03 1.906134e-04 7.170006e-01 2.675000e+00 0.000000e+00 5.000000e-01
1.194676e-03 1.568695e-04 7.170006e-01 2.725000e+00 0.000000e+00 5.000000e-01
1.722054e-03 1.878929e-04 7.170006e-01 2.775000e+00 0.000000e+00 5.000000e-01
1.311535e-03 1.639431e-04 7.170006e-01 2.825000e+00 0.000000e+00 5.000000e-01
1.065964e-03 1.478239e-04 7.170006e-01 2.875000e+00 0.000000e+00 5.000000e-01
1.195685e-03 1.570027e-04 7.170006e-01 2.925000e+00 0.000000e+00 5.000000e-01
1.327570e-03 1.659475e-04 7.170006e-01 2.975000e+00 0.000000e+00 5.000000e-01
1.155406e-03 1.543993e-04 7.170006e-01 3.025000e+00 0.000000e+00 5.000000e-01
1.067932e-03 1.480969e-04 7.170006e-01 3.075000e+00 0.000000e+00 5.000000e-01
1.292725e-03 1.615922e-04 7.170006e-01 3.125000e+00 0.000000e+00 5.000000e-01
1.040538e-03 1.442979e-04 7.170006e-01 3.175000e+00 0.000000e+00 5.000000e-01
1.297659e-03 1.597330e-04 7.170006e-01 3.225000e+00 0.000000e+00 5.000000e-01
8.098665e-04 1.249668e-04 7.170006e-01 3.275000e+00 0.000000e+00 5.000000e-01
3.020292e-04 7.550902e-05 7.170006e-01 3.325000e+00 0.000000e+00 5.000000e-01
2.943154e-04 7.357905e-05 7.170006e-01 3.375000e+00 0.000000e+00 5.000000e-01
5.796100e-04 1.024631e-04 7.170006e-01 3.425000e+00 0.000000e+00 5.000000e-01
3.176905e-04 7.488201e-05 7.170006e-01 3.475000e+00 0.000000e+00 5.000000e-01
6.236017e-04 1.039360e-04 7.170006e-01 3.525000e+00 0.000000e+00 5.000000e-01
3.706980e-04 7.903385e-05 7.170006e-01 3.575000e+00 0.000000e+00 5.000000e-01
4.603379e-04 8.699756e-05 7.170006e-01 3.625000e+00 0.000000e+00 5.000000e-01
2.949416e-04 6.951989e-05 7.170006e-01 3.675000e+00 0.000000e+00 5.000000e-01
6.314426e-04 1.024366e-04 7.170006e-01 3.725000e+00 0.000000e+00 5.000000e-01
4.702134e-04 9.222017e-05 7.170006e-01 3.775000e+00 0.000000e+00 5.000000e-01
3.883890e-04 8.684868e-05 7.170006e-01 3.825000e+00 0.000000e+00 5.000000e-01
6.891368e-04 1.218291e-04 7.170006e-01 3.875000e+00 0.000000e+00 5.000000e-01
4.610246e-04 1.030913e-04 7.170006e-01 3.925000e+00 0.000000e+00 5.000000e-01
3.626573e-04 9.692841e-05 7.170006e-01 3.975000e+00 0.000000e+00 5.000000e-01
4.582197e-01 3.937320e-03 7.370006e-01 2.500000e-02 0.000000e+00 5.000000e-01
3.102892e-01 3.214099e-03 7.370006e-01 7.500000e-02 0.000000e+00 5.000000e-01
1.558574e-01 2.259043e-03 7.370006e-01 1.250000e-01 0.000000e+00 5.000000e-01
8.780031e-02 1.682259e-03 7.370006e-01 1.750000e-01 0.000000e+00 5.000000e-01
4.559475e-02 1.209109e-03 7.370006e-01 2.250000e-01 0.000000e+00 5.000000e-01
1.371122e-02 6.612145e-04 7.370006e-01 2.750000e-01 0.000000e+00 5.000000e-01
1.976639e-03 2.510337e-04 7.370006e-01 3.250000e-01 0.000000e+00 5.000000e-01
1.086840e-03 1.863918e-04 7.370006e-01 3.750000e-01 0.000000e+00 5.000000e-01
7.054136e-04 1.503949e-04 7.370006e-01 4.250000e-01 0.000000e+00 5.000000e-01
4.345031e-04 1.161259e-04 7.370006e-01 4.750000e-01 0.000000e+00 5.000000e-01
6.151450e-04 1.375508e-04 7.370006e-01 5.250000e-01 0.000000e+00 5.000000e-01
2.423986e-04 8.570092e-05 7.370006e-01 5.750000e-01 0.000000e+00 5.000000e-01
9.427488e-04 1.666562e-04 7.370006e-01 6.250000e-01 0.000000e+00 5.000000e-01
5.890485e-04 1.317155e-04 7.370006e-01 6.750000e-01 0.000000e+00 5.000000e-01
7.817925e-04 1.533223e-04 7.370006e-01 7.250000e-01 0.000000e+00 5.000000e-01
7.802867e-04 1.530269e-04 7.370006e-01 7.750000e-01 0.000000e+00 5.000000e-01
7.199865e-04 1.469669e-04 7.370006e-01 8.250000e-01 0.000000e+00 5.000000e-01
3.044307e-04 9.626954e-05 7.370006e-01 8.750000e-01 0.000000e+00 5.000000e-01
6.140119e-04 1.372974e-04 7.370006e-01 9.250000e-01 0.000000e+00 5.000000e-01
7.847111e-04 1.538949e-04 7.370006e-01 9.750000e-01 0.000000e+00 5.000000e-01
4.132970e-04 1.104584e-04 7.370006e-01 1.025000e+00 0.000000e+00 5.000000e-01
4.092656e-04 1.093810e-04 7.370006e-01 1.075000e+00 0.000000e+00 5.000000e-01
5.237754e-04 1.234553e-04 7.370006e-01 1.125000e+00 0.000000e+00 5.000000e-01
5.805367e-04 1.298122e-04 7.370006e-01 1.175000e+00 0.000000e+00 5.000000e-01
4.024572e-04 1.075615e-04 7.370006e-01 1.225000e+00 0.000000e+00 5.000000e-01
5.740748e-04 1.283673e-04 7.370006e-01 1.275000e+00 0.000000e+00 5.000000e-01
6.497751e-04 1.385329e-04 7.370006e-01 1.325000e+00 0.000000e+00 5.000000e-01
8.570635e-04 1.619701e-04 7.370006e-01 1.375000e+00 0.000000e+00 5.000000e-01
6.081655e-04 1.359904e-04 7.370006e-01 1.425000e+00 0.000000e+00 5.000000e-01
6.438525e-04 1.372701e-04 7.370006e-01 1.475000e+00 0.000000e+00 5.000000e-01
1.089329e-03 1.767129e-04 7.370006e-01 1.525000e+00 0.000000e+00 5.000000e-01
9.108654e-04 1.610201e-04 7.370006e-01 1.575000e+00 0.000000e+00 5.000000e-01
7.914693e-04 1.495740e-04 7.370006e-01 1.625000e+00 0.000000e+00 5.000000e-01
1.068360e-03 1.733113e-04 7.370006e-01 1.675000e+00 0.000000e+00 5.000000e-01
1.185633e-03 1.829475e-04 7.370006e-01 1.725000e+00 0.000000e+00 5.000000e-01
8.498549e-04 1.551620e-04 7.370006e-01 1.775000e+00 0.000000e+00 5.000000e-01
9.521915e-04 1.633000e-04 7.370006e-01 1.825000e+00 0.000000e+00 5.000000e-01
9.065169e-04 1.554667e-04 7.370006e-01 1.875000e+00 0.000000e+00 5.000000e-01
1.378784e-03 1.949901e-04 7.370006e-01 1.925000e+00 0.000000e+00 5.000000e-01
8.907564e-04 1.574654e-04 7.370006e-01 1.975000e+00 0.000000e+00 5.000000e-01
8.851200e-04 1.564690e-04 7.370006e-01 2.025000e+00 0.000000e+00 5.000000e-01
7.615145e-04 1.439134e-04 7.370006e-01 2.075000e+00 0.000000e+00 5.000000e-01
7.411670e-04 1.400682e-04 7.370006e-01 2.125000e+00 0.000000e+00 5.000000e-01
1.106444e-03 1.668033e-04 7.370006e-01 2.175000e+00 0.000000e+00 5.000000e-01
1.808574e-03 2.074588e-04 7.370006e-01 2.225000e+00 0.000000e+00 5.000000e-01
1.687683e-03 1.961903e-04 7.370006e-01 2.275000e+00 0.000000e+00 5.000000e-01
1.678718e-03 1.925630e-04 7.370006e-01 2.325000e+00 0.000000e+00 5.000000e-01
1.477061e-03 1.791209e-04 7.370006e-01 2.375000e+00 0.000000e+00 5.000000e-01
1.605447e-03 1.866301e-04 7.370006e-01 2.425000e+00 0.000000e+00 5.000000e-01
2.042459e-03 2.106645e-04 7.370006e-01 2.475000e+00 0.000000e+00 5.000000e-01
1.496627e-03 1.788823e-04 7.370006e-01 2.525000e+00 0.000000e+00 5.000000e-01
2.003122e-03 2.066076e-04 7.370006e-01 2.575000e+00 0.000000e+00 5.000000e-01
1.822463e-03 1.965225e-04 7.370006e-01 2.625000e+00 0.000000e+00 5.000000e-01
1.523583e-03 1.795571e-04 7.370006e-01 2.675000e+00 0.000000e+00 5.000000e-01
1.372368e-03 1.715470e-04 7.370006e-01 2.725000e+00 0.000000e+00 5.000000e-01
1.502505e-03 1.795850e-04 7.370006e-01 2.775000e+00 0.000000e+00 5.000000e-01
1.925937e-03 2.030129e-04 7.370006e-01 2.825000e+00 0.000000e+00 5.000000e-01
1.335341e-03 1.695895e-04 7.370006e-01 2.875000e+00 0.000000e+00 5.000000e-01
1.169264e-03 1.591182e-04 7.370006e-01 2.925000e+00 0.000000e+00 5.000000e-01
8.948271e-04 1.380758e-04 7.370006e-01 2.975000e+00 0.000000e+00 5.000000e-01
1.042798e-03 1.474750e-04 7.370006e-01 3.025000e+00 0.000000e+00 5.000000e-01
1.149903e-03 1.536639e-04 7.370006e-01 3.075000e+00 0.000000e+00 5.000000e-01
1.013055e-03 1.432695e-04 7.370006e-01 3.125000e+00 0.000000e+00 5.000000e-01
8.348717e-04 1.288253e-04 7.370006e-01 3.175000e+00 0.000000e+00 5.000000e-01
8.216150e-04 1.267800e-04 7.370006e-01 3.225000e+00 0.000000e+00 5.000000e-01
6.901006e-04 1.150187e-04 7.370006e-01 3.275000e+00 0.000000e+00 5.000000e-01
2.646234e-04 7.072396e-05 7.370006e-01 3.325000e+00 0.000000e+00 5.000000e-01
5.886742e-04 1.040655e-04 7.370006e-01 3.375000e+00 0.000000e+00 5.000000e-01
5.071838e-04 9.584991e-05 7.370006e-01 3.425000e+00 0.000000e+00 5.000000e-01
4.930645e-04 9.318158e-05 7.370006e-01 3.475000e+00 0.000000e+00 5.000000e-01
3.107284e-04 7.324114e-05 7.370006e-01 3.525000e+00 0.000000e+00 5.000000e-01
4.205695e-04 8.585065e-05 7.370006e-01 3.575000e+00 0.000000e+00 5.000000e-01
5.152041e-04 9.736730e-05 7.370006e-01 3.625000e+00 0.000000e+00 5.000000e-01
1.607493e-04 5.683444e-05 7.370006e-01 3.675000e+00 0.000000e+00 5.000000e-01
5.350403e-04 1.092188e-04 7.370006e-01 3.725000e+00 0.000000e+00 5.000000e-01
2.916005e-04 8.418196e-05 7.370006e-01 3.775000e+00 0.000000e+00 5.000000e-01
4.842541e-04 1.141436e-04 7.370006e-01 3.825000e+00 0.000000e+00 5.000000e-01
3.606123e-04 1.041013e-04 7.370006e-01 3.875000e+00 0.000000e+00 5.000000e-01
4.170908e-04 1.204091e-04 7.370006e-01 3.925000e+00 0.000000e+00 5.000000e-01
5.628676e-04 1.504375e-04 7.370006e-01 3.975000e+00 0.000000e+00 5.000000e-01
4.806485e-01 4.094525e-03 7.570006e-01 2.500000e-02 0.000000e+00 5.000000e-01
3.263610e-01 3.358665e-03 7.570006e-01 7.500000e-02 0.000000e+00 5.000000e-01
1.694393e-01 2.397676e-03 7.570006e-01 1.250000e-01 0.000000e+00 5.000000e-01
9.289134e-02 1.759889e-03 7.570006e-01 1.750000e-01 0.000000e+00 5.000000e-01
4.782908e-02 1.248330e-03 7.570006e-01 2.250000e-01 0.000000e+00 5.000000e-01
1.506738e-02 6.935330e-04 7.570006e-01 2.750000e-01 0.000000e+00 5.000000e-01
3.075890e-03 3.107123e-04 7.570006e-01 3.250000e-01 0.000000e+00 5.000000e-01
1.184912e-03 1.922185e-04 7.570006e-01 3.750000e-01 0.000000e+00 5.000000e-01
1.057681e-03 1.813910e-04 7.570006e-01 4.250000e-01 0.000000e+00 5.000000e-01
1.007337e-03 1.780738e-04 7.570006e-01 4.750000e-01 0.000000e+00 5.000000e-01
5.043654e-04 1.260915e-04 7.570006e-01 5.250000e-01 0.000000e+00 5.000000e-01
5.648316e-04 1.331322e-04 7.570006e-01 5.750000e-01 0.000000e+00 5.000000e-01
9.894397e-04 1.749101e-04 7.570006e-01 6.250000e-01 0.000000e+00 5.000000e-01
6.664456e-04 1.420870e-04 7.570006e-01 6.750000e-01 0.000000e+00 5.000000e-01
7.114498e-04 1.452243e-04 7.570006e-01 7.250000e-01 0.000000e+00 5.000000e-01
6.567717e-04 1.400244e-04 7.570006e-01 7.750000e-01 0.000000e+00 5.000000e-01
7.196981e-04 1.469079e-04 7.570006e-01 8.250000e-01 0.000000e+00 5.000000e-01
4.165578e-04 1.113300e-04 7.570006e-01 8.750000e-01 0.000000e+00 5.000000e-01
5.277548e-04 1.243933e-04 7.570006e-01 9.250000e-01 0.000000e+00 5.000000e-01
2.887311e-04 9.130485e-05 7.570006e-01 9.750000e-01 0.000000e+00 5.000000e-01
4.595241e-04 1.148812e-04 7.570006e-01 1.025000e+00 0.000000e+00 5.000000e-01
2.985457e-04 9.440849e-05 7.570006e-01 1.075000e+00 0.000000e+00 5.000000e-01
4.277083e-04 1.143100e-04 7.570006e-01 1.125000e+00 0.000000e+00 5.000000e-01
7.353605e-04 1.501052e-04 7.570006e-01 1.175000e+00 0.000000e+00 5.000000e-01
6.198643e-04 1.386062e-04 7.570006e-01 1.225000e+00 0.000000e+00 5.000000e-01
5.007327e-04 1.251833e-04 7.570006e-01 1.275000e+00 0.000000e+00 5.000000e-01
8.547562e-04 1.615340e-04 7.570006e-01 1.325000e+00 0.000000e+00 5.000000e-01
4.116935e-04 1.100300e-04 7.570006e-01 1.375000e+00 0.000000e+00 5.000000e-01
5.777177e-04 1.291818e-04 7.570006e-01 1.425000e+00 0.000000e+00 5.000000e-01
8.703845e-04 1.589099e-04 7.570006e-01 1.475000e+00 0.000000e+00 5.000000e-01
8.590935e-04 1.568487e-04 7.570006e-01 1.525000e+00 0.000000e+00 5.000000e-01
9.104866e-04 1.609534e-04 7.570006e-01 1.575000e+00 0.000000e+00 5.000000e-01
7.868789e-04 1.487067e-04 7.570006e-01 1.625000e+00 0.000000e+00 5.000000e-01
9.605897e-04 1.647401e-04 7.570006e-01 1.675000e+00 0.000000e+00 5.000000e-01
1.078287e-03 1.749216e-04 7.570006e-01 1.725000e+00 0.000000e+00 5.000000e-01
1.133660e-03 1.792478e-04 7.570006e-01 1.775000e+00 0.000000e+00 5.000000e-01
1.125370e-03 1.779370e-04 7.570006e-01 1.825000e+00 0.000000e+00 5.000000e-01
1.048051e-03 1.700167e-04 7.570006e-01 1.875000e+00 0.000000e+00 5.000000e-01
1.139587e-03 1.717997e-04 7.570006e-01 1.925000e+00 0.000000e+00 5.000000e-01
9.023728e-04 1.503960e-04 7.570006e-01 1.975000e+00 0.000000e+00 5.000000e-01
9.959510e-04 1.574740e-04 7.570006e-01 2.025000e+00 0.000000e+00 5.000000e-01
1.165814e-03 1.682713e-04 7.570006e-01 2.075000e+00 0.000000e+00 5.000000e-01
1.173079e-03 1.658991e-04 7.570006e-01 2.125000e+00 0.000000e+00 5.000000e-01
1.005996e-03 1.516603e-04 7.570006e-01 2.175000e+00 0.000000e+00 5.000000e-01
1.525237e-03 1.849629e-04 7.570006e-01 2.225000e+00 0.000000e+00 5.000000e-01
1.022945e-03 1.508259e-04 7.570006e-01 2.275000e+00 0.000000e+00 5.000000e-01
1.675085e-03 1.921463e-04 7.570006e-01 2.325000e+00 0.000000e+00 5.000000e-01
1.170784e-03 1.593244e-04 7.570006e-01 2.375000e+00 0.000000e+00 5.000000e-01
1.564583e-03 1.843886e-04 7.570006e-01 2.425000e+00 0.000000e+00 5.000000e-01
1.516797e-03 1.812929e-04 7.570006e-01 2.475000e+00 0.000000e+00 5.000000e-01
2.052839e-03 2.117351e-04 7.570006e-01 2.525000e+00 0.000000e+00 5.000000e-01
1.663234e-03 1.907873e-04 7.570006e-01 2.575000e+00 0.000000e+00 5.000000e-01
1.714360e-03 1.941143e-04 7.570006e-01 2.625000e+00 0.000000e+00 5.000000e-01
1.643401e-03 1.910426e-04 7.570006e-01 2.675000e+00 0.000000e+00 5.000000e-01
1.084621e-03 1.565525e-04 7.570006e-01 2.725000e+00 0.000000e+00 5.000000e-01
1.393543e-03 1.769813e-04 7.570006e-01 2.775000e+00 0.000000e+00 5.000000e-01
1.455791e-03 1.791973e-04 7.570006e-01 2.825000e+00 0.000000e+00 5.000000e-01
1.310516e-03 1.691883e-04 7.570006e-01 2.875000e+00 0.000000e+00 5.000000e-01
1.426670e-03 1.756124e-04 7.570006e-01 2.925000e+00 0.000000e+00 5.000000e-01
9.307768e-04 1.403212e-04 7.570006e-01 2.975000e+00 0.000000e+00 5.000000e-01
1.089222e-03 1.510495e-04 7.570006e-01 3.025000e+00 0.000000e+00 5.000000e-01
1.604746e-03 1.817036e-04 7.570006e-01 3.075000e+00 0.000000e+00 5.000000e-01
1.089526e-03 1.482674e-04 7.570006e-01 3.125000e+00 0.000000e+00 5.000000e-01
6.360383e-04 1.124379e-04 7.570006e-01 3.175000e+00 0.000000e+00 5.000000e-01
1.197625e-03 1.521012e-04 7.570006e-01 3.225000e+00 0.000000e+00 5.000000e-01
8.033762e-04 1.239656e-04 7.570006e-01 3.275000e+00 0.000000e+00 5.000000e-01
7.870390e-04 1.214446e-04 7.570006e-01 3.325000e+00 0.000000e+00 5.000000e-01
6.647675e-04 1.107956e-04 7.570006e-01 3.375000e+00 0.000000e+00 5.000000e-01
6.640953e-04 1.106840e-04 7.570006e-01 3.425000e+00 0.000000e+00 5.000000e-01
5.412261e-04 1.022833e-04 7.570006e-01 3.475000e+00 0.000000e+00 5.000000e-01
4.127433e-04 9.229400e-05 7.570006e-01 3.525000e+00 0.000000e+00 5.000000e-01
5.045934e-04 1.075818e-04 7.570006e-01 3.575000e+00 0.000000e+00 5.000000e-01
6.163738e-04 1.258195e-04 7.570006e-01 3.625000e+00 0.000000e+00 5.000000e-01
2.263614e-04 8.003235e-05 7.570006e-01 3.675000e+00 0.000000e+00 5.000000e-01
3.150169e-04 9.961825e-05 7.570006e-01 3.725000e+00 0.000000e+00 5.000000e-01
6.453828e-04 1.521256e-04 7.570006e-01 3.775000e+00 0.000000e+00 5.000000e-01
7.599920e-04 1.791398e-04 7.570006e-01 3.825000e+00 0.000000e+00 5.000000e-01
7.312383e-04 1.954391e-04 7.570006e-01 3.875000e+00 0.000000e+00 5.000000e-01
5.597338e-04 1.979040e-04 7.570006e-01 3.925000e+00 0.000000e+00 5.000000e-01
0.000000e+00 0.000000e+00 7.570006e-01 3.975000e+00 0.000000e+00 5.000000e-01
4.860985e-01 4.087031e-03 7.770006e-01 2.500000e-02 0.000000e+00 5.000000e-01
3.376774e-01 3.410365e-03 7.770006e-01 7.500000e-02 0.000000e+00 5.000000e-01
1.846631e-01 2.506921e-03 7.770006e-01 1.250000e-01 0.000000e+00 5.000000e-01
1.004448e-01 1.840626e-03 7.770006e-01 1.750000e-01 0.000000e+00 5.000000e-01
4.762934e-02 1.256892e-03 7.770006e-01 2.250000e-01 0.000000e+00 5.000000e-01
1.220317e-02 6.310118e-04 7.770006e-01 2.750000e-01 0.000000e+00 5.000000e-01
2.595311e-03 2.901649e-04 7.770006e-01 3.250000e-01 0.000000e+00 5.000000e-01
1.423884e-03 2.146588e-04 7.770006e-01 3.750000e-01 0.000000e+00 5.000000e-01
1.086807e-03 1.863860e-04 7.770006e-01 4.250000e-01 0.000000e+00 5.000000e-01
5.681719e-04 1.339196e-04 7.770006e-01 4.750000e-01 0.000000e+00 5.000000e-01
6.164319e-04 1.378385e-04 7.770006e-01 5.250000e-01 0.000000e+00 5.000000e-01
3.656461e-04 1.055530e-04 7.770006e-01 5.750000e-01 0.000000e+00 5.000000e-01
8.453878e-04 1.597635e-04 7.770006e-01 6.250000e-01 0.000000e+00 5.000000e-01
9.016480e-04 1.646179e-04 7.770006e-01 6.750000e-01 0.000000e+00 5.000000e-01
7.948688e-04 1.558868e-04 7.770006e-01 7.250000e-01 0.000000e+00 5.000000e-01
5.463730e-04 1.287815e-04 7.770006e-01 7.750000e-01 0.000000e+00 5.000000e-01
2.425084e-04 8.573979e-05 7.770006e-01 8.250000e-01 0.000000e+00 5.000000e-01
8.522219e-04 1.610549e-04 7.770006e-01 8.750000e-01 0.000000e+00 5.000000e-01
4.316351e-04 1.153595e-04 7.770006e-01 9.250000e-01 0.000000e+00 5.000000e-01
4.951864e-04 1.237968e-04 7.770006e-01 9.750000e-01 0.000000e+00 5.000000e-01
8.052967e-04 1.579319e-04 7.770006e-01 1.025000e+00 0.000000e+00 5.000000e-01
7.383707e-04 1.507196e-04 7.770006e-01 1.075000e+00 0.000000e+00 5.000000e-01
9.695752e-04 1.713987e-04 7.770006e-01 1.125000e+00 0.000000e+00 5.000000e-01
5.975934e-04 1.336262e-04 7.770006e-01 1.175000e+00 0.000000e+00 5.000000e-01
5.884131e-04 1.315733e-04 7.770006e-01 1.225000e+00 0.000000e+00 5.000000e-01
5.902164e-04 1.319767e-04 7.770006e-01 1.275000e+00 0.000000e+00 5.000000e-01
2.371886e-04 8.385903e-05 7.770006e-01 1.325000e+00 0.000000e+00 5.000000e-01
8.729672e-04 1.593816e-04 7.770006e-01 1.375000e+00 0.000000e+00 5.000000e-01
6.962418e-04 1.421201e-04 7.770006e-01 1.425000e+00 0.000000e+00 5.000000e-01
9.813998e-04 1.683092e-04 7.770006e-01 1.475000e+00 0.000000e+00 5.000000e-01
9.790476e-04 1.679056e-04 7.770006e-01 1.525000e+00 0.000000e+00 5.000000e-01
1.137309e-03 1.798247e-04 7.770006e-01 1.575000e+00 0.000000e+00 5.000000e-01
9.560605e-04 1.639634e-04 7.770006e-01 1.625000e+00 0.000000e+00 5.000000e-01
6.754009e-04 1.378659e-04 7.770006e-01 1.675000e+00 0.000000e+00 5.000000e-01
1.112253e-03 1.758631e-04 7.770006e-01 1.725000e+00 0.000000e+00 5.000000e-01
1.195172e-03 1.801795e-04 7.770006e-01 1.775000e+00 0.000000e+00 5.000000e-01
1.158745e-03 1.746879e-04 7.770006e-01 1.825000e+00 0.000000e+00 5.000000e-01
1.170704e-03 1.726114e-04 7.770006e-01 1.875000e+00 0.000000e+00 5.000000e-01
9.348939e-04 1.516602e-04 7.770006e-01 1.925000e+00 0.000000e+00 5.000000e-01
1.232665e-03 1.709405e-04 7.770006e-01 1.975000e+00 0.000000e+00 5.000000e-01
7.610289e-04 1.305161e-04 7.770006e-01 2.025000e+00 0.000000e+00 5.000000e-01
1.434999e-03 1.766367e-04 7.770006e-01 2.075000e+00 0.000000e+00 5.000000e-01
1.046747e-03 1.510856e-04 7.770006e-01 2.125000e+00 0.000000e+00 5.000000e-01
1.300650e-03 1.679138e-04 7.770006e-01 2.175000e+00 0.000000e+00 5.000000e-01
1.740533e-03 1.945983e-04 7.770006e-01 2.225000e+00 0.000000e+00 5.000000e-01
1.342565e-03 1.705068e-04 7.770006e-01 2.275000e+00 0.000000e+00 5.000000e-01
1.463137e-03 1.774324e-04 7.770006e-01 2.325000e+00 0.000000e+00 5.000000e-01
1.564927e-03 1.844291e-04 7.770006e-01 2.375000e+00 0.000000e+00 5.000000e-01
1.856738e-03 2.025878e-04 7.770006e-01 2.425000e+00 0.000000e+00 5.000000e-01
1.405887e-03 1.785484e-04 7.770006e-01 2.475000e+00 0.000000e+00 5.000000e-01
1.644267e-03 1.937800e-04 7.770006e-01 2.525000e+00 0.000000e+00 5.000000e-01
1.188937e-03 1.648766e-04 7.770006e-01 2.575000e+00 0.000000e+00 5.000000e-01
1.293948e-03 1.729119e-04 7.770006e-01 2.625000e+00 0.000000e+00 5.000000e-01
1.203110e-03 1.668420e-04 7.770006e-01 2.675000e+00 0.000000e+00 5.000000e-01
1.913016e-03 2.087285e-04 7.770006e-01 2.725000e+00 0.000000e+00 5.000000e-01
1.795149e-03 2.007052e-04 7.770006e-01 2.775000e+00 0.000000e+00 5.000000e-01
2.000309e-03 2.108527e-04 7.770006e-01 2.825000e+00 0.000000e+00 5.000000e-01
1.397460e-03 1.746839e-04 7.770006e-01 2.875000e+00 0.000000e+00 5.000000e-01
1.543810e-03 1.819416e-04 7.770006e-01 2.925000e+00 0.000000e+00 5.000000e-01
1.399526e-03 1.722710e-04 7.770006e-01 2.975000e+00 0.000000e+00 5.000000e-01
1.039402e-03 1.469949e-04 7.770006e-01 3.025000e+00 0.000000e+00 5.000000e-01
9.021911e-04 1.360117e-04 7.770006e-01 3.075000e+00 0.000000e+00 5.000000e-01
1.086409e-03 1.478431e-04 7.770006e-01 3.125000e+00 0.000000e+00 5.000000e-01
1.153034e-03 1.514027e-04 7.770006e-01 3.175000e+00 0.000000e+00 5.000000e-01
9.825792e-04 1.389591e-04 7.770006e-01 3.225000e+00 0.000000e+00 5.000000e-01
9.363277e-04 1.351493e-04 7.770006e-01 3.275000e+00 0.000000e+00 5.000000e-01
5.244975e-04 1.028636e-04 7.770006e-01 3.325000e+00 0.000000e+00 5.000000e-01
8.615468e-04 1.362242e-04 7.770006e-01 3.375000e+00 0.000000e+00 5.000000e-01
6.645386e-04 1.255885e-04 7.770006e-01 3.425000e+00 0.000000e+00 5.000000e-01
6.906425e-04 1.354490e-04 7.770006e-01 3.475000e+00 0.000000e+00 5.000000e-01
4.801988e-04 1.200515e-04 7.770006e-01 3.525000e+00 0.000000e+00 5.000000e-01
3.356317e-04 1.061368e-04 7.770006e-01 3.575000e+00 0.000000e+00 5.000000e-01
3.766467e-04 1.191069e-04 7.770006e-01 3.625000e+00 0.000000e+00 5.000000e-01
4.445992e-04 1.405989e-04 7.770006e-01 3.675000e+00 0.000000e+00 5.000000e-01
7.487816e-04 2.001312e-04 7.770006e-01 3.725000e+00 0.000000e+00 5.000000e-01
5.741662e-04 2.030068e-04 7.770006e-01 3.775000e+00 0.000000e+00 5.000000e-01
4.408242e-04 2.204313e-04 7.770006e-01 3.825000e+00 0.000000e+00 5.000000e-01
9.513024e-04 4.756826e-04 7.770006e-01 3.875000e+00 0.000000e+00 5.000000e-01
0.000000e+00 0.000000e+00 7.770006e-01 3.925000e+00 0.000000e+00 5.000000e-01
0.000000e+00 0.000000e+00 7.770006e-01 3.975000e+00 0.000000e+00 5.000000e-01
4.786684e-01 4.028834e-03 7.970006e-01 2.500000e-02 0.000000e+00 5.000000e-01
3.370753e-01 3.371431e-03 7.970006e-01 7.500000e-02 0.000000e+00 5.000000e-01
1.893211e-01 2.518694e-03 7.970006e-01 1.250000e-01 0.000000e+00 5.000000e-01
9.661585e-02 1.799083e-03 7.970006e-01 1.750000e-01 0.000000e+00 5.000000e-01
4.632838e-02 1.244417e-03 7.970006e-01 2.250000e-01 0.000000e+00 5.000000e-01
1.331827e-02 6.642555e-04 7.970006e-01 2.750000e-01 0.000000e+00 5.000000e-01
2.079258e-03 2.599074e-04 7.970006e-01 3.250000e-01 0.000000e+00 5.000000e-01
1.224704e-03 1.986735e-04 7.970006e-01 3.750000e-01 0.000000e+00 5.000000e-01
1.428765e-03 2.153947e-04 7.970006e-01 4.250000e-01 0.000000e+00 5.000000e-01
1.097188e-03 1.881665e-04 7.970006e-01 4.750000e-01 0.000000e+00 5.000000e-01
6.999416e-04 1.492282e-04 7.970006e-01 5.250000e-01 0.000000e+00 5.000000e-01
6.874184e-04 1.465581e-04 7.970006e-01 5.750000e-01 0.000000e+00 5.000000e-01
4.307959e-04 1.151352e-04 7.970006e-01 6.250000e-01 0.000000e+00 5.000000e-01
8.513252e-04 1.608855e-04 7.970006e-01 6.750000e-01 0.000000e+00 5.000000e-01
3.622934e-04 1.045853e-04 7.970006e-01 7.250000e-01 0.000000e+00 5.000000e-01
9.702682e-04 1.715210e-04 7.970006e-01 7.750000e-01 0.000000e+00 5.000000e-01
7.883017e-04 1.545989e-04 7.970006e-01 8.250000e-01 0.000000e+00 5.000000e-01
8.442253e-04 1.595438e-04 7.970006e-01 8.750000e-01 0.000000e+00 5.000000e-01
4.813914e-04 1.203479e-04 7.970006e-01 9.250000e-01 0.000000e+00 5.000000e-01
7.759028e-04 1.521674e-04 7.970006e-01 9.750000e-01 0.000000e+00 5.000000e-01
4.120666e-04 1.101295e-04 7.970006e-01 1.025000e+00 0.000000e+00 5.000000e-01
4.728474e-04 1.182121e-04 7.970006e-01 1.075000e+00 0.000000e+00 5.000000e-01
4.126153e-04 1.102762e-04 7.970006e-01 1.125000e+00 0.000000e+00 5.000000e-01
5.245721e-04 1.236430e-04 7.970006e-01 1.175000e+00 0.000000e+00 5.000000e-01
6.963410e-04 1.421403e-04 7.970006e-01 1.225000e+00 0.000000e+00 5.000000e-01
7.051748e-04 1.439435e-04 7.970006e-01 1.275000e+00 0.000000e+00 5.000000e-01
7.678076e-04 1.505796e-04 7.970006e-01 1.325000e+00 0.000000e+00 5.000000e-01
4.666972e-04 1.166746e-04 7.970006e-01 1.375000e+00 0.000000e+00 5.000000e-01
5.231424e-04 1.233061e-04 7.970006e-01 1.425000e+00 0.000000e+00 5.000000e-01
7.531829e-04 1.477118e-04 7.970006e-01 1.475000e+00 0.000000e+00 5.000000e-01
4.528322e-04 1.132082e-04 7.970006e-01 1.525000e+00 0.000000e+00 5.000000e-01
7.668190e-04 1.449155e-04 7.970006e-01 1.575000e+00 0.000000e+00 5.000000e-01
1.062359e-03 1.679740e-04 7.970006e-01 1.625000e+00 0.000000e+00 5.000000e-01
1.247829e-03 1.801090e-04 7.970006e-01 1.675000e+00 0.000000e+00 5.000000e-01
1.169620e-03 1.724516e-04 7.970006e-01 1.725000e+00 0.000000e+00 5.000000e-01
9.802690e-04 1.549945e-04 7.970006e-01 1.775000e+00 0.000000e+00 5.000000e-01
9.968016e-04 1.538101e-04 7.970006e-01 1.825000e+00 0.000000e+00 5.000000e-01
1.725282e-03 2.005606e-04 7.970006e-01 1.875000e+00 0.000000e+00 5.000000e-01
1.473203e-03 1.841509e-04 7.970006e-01 1.925000e+00 0.000000e+00 5.000000e-01
9.633994e-04 1.486561e-04 7.970006e-01 1.975000e+00 0.000000e+00 5.000000e-01
8.603909e-04 1.395742e-04 7.970006e-01 2.025000e+00 0.000000e+00 5.000000e-01
1.452289e-03 1.815368e-04 7.970006e-01 2.075000e+00 0.000000e+00 5.000000e-01
1.098575e-03 1.585663e-04 7.970006e-01 2.125000e+00 0.000000e+00 5.000000e-01
1.155924e-03 1.634730e-04 7.970006e-01 2.175000e+00 0.000000e+00 5.000000e-01
1.157756e-03 1.637321e-04 7.970006e-01 2.225000e+00 0.000000e+00 5.000000e-01
1.625266e-03 1.942578e-04 7.970006e-01 2.275000e+00 0.000000e+00 5.000000e-01
1.493849e-03 1.867320e-04 7.970006e-01 2.325000e+00 0.000000e+00 5.000000e-01
1.609530e-03 1.951851e-04 7.970006e-01 2.375000e+00 0.000000e+00 5.000000e-01
1.245428e-03 1.727106e-04 7.970006e-01 2.425000e+00 0.000000e+00 5.000000e-01
1.296214e-03 1.763933e-04 7.970006e-01 2.475000e+00 0.000000e+00 5.000000e-01
1.770856e-03 2.058592e-04 7.970006e-01 2.525000e+00 0.000000e+00 5.000000e-01
1.937652e-03 2.139793e-04 7.970006e-01 2.575000e+00 0.000000e+00 5.000000e-01
2.415204e-03 2.368318e-04 7.970006e-01 2.625000e+00 0.000000e+00 5.000000e-01
1.929495e-03 2.105266e-04 7.970006e-01 2.675000e+00 0.000000e+00 5.000000e-01
1.503197e-03 1.850317e-04 7.970006e-01 2.725000e+00 0.000000e+00 5.000000e-01
1.661182e-03 1.931099e-04 7.970006e-01 2.775000e+00 0.000000e+00 5.000000e-01
1.986587e-03 2.094061e-04 7.970006e-01 2.825000e+00 0.000000e+00 5.000000e-01
1.522434e-03 1.819676e-04 7.970006e-01 2.875000e+00 0.000000e+00 5.000000e-01
1.283907e-03 1.657530e-04 7.970006e-01 2.925000e+00 0.000000e+00 5.000000e-01
1.087024e-03 1.507441e-04 7.970006e-01 2.975000e+00 0.000000e+00 5.000000e-01
1.034868e-03 1.463536e-04 7.970006e-01 3.025000e+00 0.000000e+00 5.000000e-01
9.435600e-04 1.391221e-04 7.970006e-01 3.075000e+00 0.000000e+00 5.000000e-01
1.118356e-03 1.521907e-04 7.970006e-01 3.125000e+00 0.000000e+00 5.000000e-01
1.200623e-03 1.604422e-04 7.970006e-01 3.175000e+00 0.000000e+00 5.000000e-01
1.546037e-03 1.874867e-04 7.970006e-01 3.225000e+00 0.000000e+00 5.000000e-01
3.961430e-04 9.903731e-05 7.970006e-01 3.275000e+00 0.000000e+00 5.000000e-01
8.856525e-04 1.565651e-04 7.970006e-01 3.325000e+00 0.000000e+00 5.000000e-01
8.816307e-04 1.666144e-04 7.970006e-01 3.375000e+00 0.000000e+00 5.000000e-01
7.144935e-04 1.597680e-04 7.970006e-01 3.425000e+00 0.000000e+00 5.000000e-01
4.062035e-04 1.284553e-04 7.970006e-01 3.475000e+00 0.000000e+00 5.000000e-01
4.747022e-04 1.501163e-04 7.970006e-01 3.525000e+00 0.000000e+00 5.000000e-01
5.800829e-04 1.834453e-04 7.970006e-01 3.575000e+00 0.000000e+00 5.000000e-01
7.544574e-04 2.385871e-04 7.970006e-01 3.625000e+00 0.000000e+00 5.000000e-01
6.961556e-04 2.842076e-04 7.970006e-01 3.675000e+00 0.000000e+00 5.000000e-01
4.402622e-04 3.113124e-04 7.970006e-01 3.725000e+00 0.000000e+00 5.000000e-01
0.000000e+00 0.000000e+00 7.970006e-01 3.775000e+00 0.000000e+00 5.000000e-01
0.000000e+00 0.000000e+00 7.970006e-01 3.825000e+00 0.000000e+00 5.000000e-01
nan nan 7.970006e-01 3.875000e+00 0.000000e+00 5.000000e-01
nan nan 7.970006e-01 3.925000e+00 0.000000e+00 5.000000e-01
nan nan 7.970006e-01 3.975000e+00 0.000000e+00 5.000000e-01
4.758379e-01 4.055310e-03 8.170006e-01 2.500000e-02 0.000000e+00 5.000000e-01
3.199028e-01 3.319741e-03 8.170006e-01 7.500000e-02 0.000000e+00 5.000000e-01
1.727367e-01 2.422127e-03 8.170006e-01 1.250000e-01 0.000000e+00 5.000000e-01
8.880169e-02 1.729613e-03 8.170006e-01 1.750000e-01 0.000000e+00 5.000000e-01
4.078457e-02 1.161018e-03 8.170006e-01 2.250000e-01 0.000000e+00 5.000000e-01
1.267318e-02 6.433842e-04 8.170006e-01 2.750000e-01 0.000000e+00 5.000000e-01
2.108213e-03 2.635269e-04 8.170006e-01 3.250000e-01 0.000000e+00 5.000000e-01
1.039035e-03 1.836773e-04 8.170006e-01 3.750000e-01 0.000000e+00 5.000000e-01
1.139363e-03 1.898941e-04 8.170006e-01 4.250000e-01 0.000000e+00 5.000000e-01
9.562239e-04 1.745820e-04 8.170006e-01 4.750000e-01 0.000000e+00 5.000000e-01
8.816633e-04 1.666189e-04 8.170006e-01 5.250000e-01 0.000000e+00 5.000000e-01
6.814285e-04 1.452812e-04 8.170006e-01 5.750000e-01 0.000000e+00 5.000000e-01
8.781095e-04 1.659473e-04 8.170006e-01 6.250000e-01 0.000000e+00 5.000000e-01
1.244402e-03 1.967575e-04 8.170006e-01 6.750000e-01 0.000000e+00 5.000000e-01
6.783911e-04 1.446338e-04 8.170006e-01 7.250000e-01 0.000000e+00 5.000000e-01
9.200430e-04 1.679764e-04 8.170006e-01 7.750000e-01 0.000000e+00 5.000000e-01
4.894888e-04 1.223723e-04 8.170006e-01 8.250000e-01 0.000000e+00 5.000000e-01
8.523932e-04 1.610875e-04 8.170006e-01 8.750000e-01 0.000000e+00 5.000000e-01
3.086864e-04 9.761547e-05 8.170006e-01 9.250000e-01 0.000000e+00 5.000000e-01
6.776632e-04 1.444784e-04 8.170006e-01 9.750000e-01 0.000000e+00 5.000000e-01
1.831902e-04 7.478713e-05 8.170006e-01 1.025000e+00 0.000000e+00 5.000000e-01
5.519613e-04 1.300988e-04 8.170006e-01 1.075000e+00 0.000000e+00 5.000000e-01
5.553116e-04 1.308883e-04 8.170006e-01 1.125000e+00 0.000000e+00 5.000000e-01
7.400791e-04 1.510683e-04 8.170006e-01 1.175000e+00 0.000000e+00 5.000000e-01
6.694321e-04 1.427237e-04 8.170006e-01 1.225000e+00 0.000000e+00 5.000000e-01
9.015670e-04 1.646032e-04 8.170006e-01 1.275000e+00 0.000000e+00 5.000000e-01
6.450890e-04 1.375336e-04 8.170006e-01 1.325000e+00 0.000000e+00 5.000000e-01
6.793854e-04 1.386792e-04 8.170006e-01 1.375000e+00 0.000000e+00 5.000000e-01
7.215060e-04 1.414992e-04 8.170006e-01 1.425000e+00 0.000000e+00 5.000000e-01
7.523200e-04 1.421756e-04 8.170006e-01 1.475000e+00 0.000000e+00 5.000000e-01
1.195144e-03 1.762148e-04 8.170006e-01 1.525000e+00 0.000000e+00 5.000000e-01
1.491670e-03 1.925742e-04 8.170006e-01 1.575000e+00 0.000000e+00 5.000000e-01
1.204150e-03 1.702931e-04 8.170006e-01 1.625000e+00 0.000000e+00 5.000000e-01
7.554948e-04 1.335543e-04 8.170006e-01 1.675000e+00 0.000000e+00 5.000000e-01
9.355361e-04 1.479216e-04 8.170006e-01 1.725000e+00 0.000000e+00 5.000000e-01
1.167908e-03 1.651677e-04 8.170006e-01 1.775000e+00 0.000000e+00 5.000000e-01
9.716024e-04 1.499219e-04 8.170006e-01 1.825000e+00 0.000000e+00 5.000000e-01
6.487097e-04 1.225951e-04 8.170006e-01 1.875000e+00 0.000000e+00 5.000000e-01
1.011407e-03 1.524760e-04 8.170006e-01 1.925000e+00 0.000000e+00 5.000000e-01
1.695688e-03 1.971204e-04 8.170006e-01 1.975000e+00 0.000000e+00 5.000000e-01
9.153054e-04 1.447230e-04 8.170006e-01 2.025000e+00 0.000000e+00 5.000000e-01
9.279280e-04 1.467189e-04 8.170006e-01 2.075000e+00 0.000000e+00 5.000000e-01
1.166505e-03 1.649694e-04 8.170006e-01 2.125000e+00 0.000000e+00 5.000000e-01
8.521821e-04 1.420310e-04 8.170006e-01 2.175000e+00 0.000000e+00 5.000000e-01
1.339885e-03 1.790506e-04 8.170006e-01 2.225000e+00 0.000000e+00 5.000000e-01
1.193786e-03 1.688272e-04 8.170006e-01 2.275000e+00 0.000000e+00 5.000000e-01
1.128922e-03 1.629465e-04 8.170006e-01 2.325000e+00 0.000000e+00 5.000000e-01
1.551943e-03 1.910317e-04 8.170006e-01 2.375000e+00 0.000000e+00 5.000000e-01
1.512594e-03 1.890752e-04 8.170006e-01 2.425000e+00 0.000000e+00 5.000000e-01
1.698427e-03 2.001628e-04 8.170006e-01 2.475000e+00 0.000000e+00 5.000000e-01
1.459822e-03 1.853987e-04 8.170006e-01 2.525000e+00 0.000000e+00 5.000000e-01
1.977608e-03 2.157762e-04 8.170006e-01 2.575000e+00 0.000000e+00 5.000000e-01
1.733265e-03 2.014891e-04 8.170006e-01 2.625000e+00 0.000000e+00 5.000000e-01
1.424535e-03 1.809174e-04 8.170006e-01 2.675000e+00 0.000000e+00 5.000000e-01
1.721608e-03 1.974836e-04 8.170006e-01 2.725000e+00 0.000000e+00 5.000000e-01
1.605198e-03 1.891756e-04 8.170006e-01 2.775000e+00 0.000000e+00 5.000000e-01
1.767982e-03 1.976679e-04 8.170006e-01 2.825000e+00 0.000000e+00 5.000000e-01
1.601986e-03 1.862287e-04 8.170006e-01 2.875000e+00 0.000000e+00 5.000000e-01
1.466868e-03 1.778851e-04 8.170006e-01 2.925000e+00 0.000000e+00 5.000000e-01
1.235550e-03 1.651085e-04 8.170006e-01 2.975000e+00 0.000000e+00 5.000000e-01
1.388742e-03 1.792882e-04 8.170006e-01 3.025000e+00 0.000000e+00 5.000000e-01
1.025669e-03 1.582656e-04 8.170006e-01 3.075000e+00 0.000000e+00 5.000000e-01
1.050095e-03 1.660366e-04 8.170006e-01 3.125000e+00 0.000000e+00 5.000000e-01
9.383659e-04 1.658827e-04 8.170006e-01 3.175000e+00 0.000000e+00 5.000000e-01
1.407974e-03 2.172571e-04 8.170006e-01 3.225000e+00 0.000000e+00 5.000000e-01
7.665100e-04 1.713993e-04 8.170006e-01 3.275000e+00 0.000000e+00 5.000000e-01
8.034798e-04 1.893851e-04 8.170006e-01 3.325000e+00 0.000000e+00 5.000000e-01
1.033475e-03 2.310958e-04 8.170006e-01 3.375000e+00 0.000000e+00 5.000000e-01
3.813809e-04 1.556994e-04 8.170006e-01 3.425000e+00 0.000000e+00 5.000000e-01
3.459440e-04 1.729721e-04 8.170006e-01 3.475000e+00 0.000000e+00 5.000000e-01
2.604759e-04 1.841843e-04 8.170006e-01 3.525000e+00 0.000000e+00 5.000000e-01
0.000000e+00 0.000000e+00 8.170006e-01 3.575000e+00 0.000000e+00 5.000000e-01
2.779075e-03 1.389588e-03 8.170006e-01 3.625000e+00 0.000000e+00 5.000000e-01
0.000000e+00 0.000000e+00 8.170006e-01 3.675000e+00 0.000000e+00 5.000000e-01
nan nan 8.170006e-01 3.725000e+00 0.000000e+00 5.000000e-01
nan nan 8.170006e-01 3.775000e+00 0.000000e+00 5.000000e-01
nan nan 8.170006e-01 3.825000e+00 0.000000e+00 5.000000e-01
nan nan 8.170006e-01 3.875000e+00 0.000000e+00 5.000000e-01
nan nan 8.170006e-01 3.925000e+00 0.000000e+00 5.000000e-01
nan nan 8.170006e-01 3.975000e+00 0.000000e+00 5.000000e-01
4.269181e-01 3.823373e-03 8.370006e-01 2.500000e-02 0.000000e+00 5.000000e-01
3.025960e-01 3.227522e-03 8.370006e-01 7.500000e-02 0.000000e+00 5.000000e-01
1.655622e-01 2.358449e-03 8.370006e-01 1.250000e-01 0.000000e+00 5.000000e-01
7.738083e-02 1.601709e-03 8.370006e-01 1.750000e-01 0.000000e+00 5.000000e-01
3.190035e-02 1.036076e-03 8.370006e-01 2.250000e-01 0.000000e+00 5.000000e-01
9.224524e-03 5.493129e-04 8.370006e-01 2.750000e-01 0.000000e+00 5.000000e-01
2.002105e-03 2.542679e-04 8.370006e-01 3.250000e-01 0.000000e+00 5.000000e-01
1.105709e-03 1.896278e-04 8.370006e-01 3.750000e-01 0.000000e+00 5.000000e-01
8.956318e-04 1.692588e-04 8.370006e-01 4.250000e-01 0.000000e+00 5.000000e-01
1.006419e-03 1.779116e-04 8.370006e-01 4.750000e-01 0.000000e+00 5.000000e-01
6.875108e-04 1.465781e-04 8.370006e-01 5.250000e-01 0.000000e+00 5.000000e-01
6.115689e-04 1.367511e-04 8.370006e-01 5.750000e-01 0.000000e+00 5.000000e-01
4.244629e-04 1.134427e-04 8.370006e-01 6.250000e-01 0.000000e+00 5.000000e-01
6.133327e-04 1.371457e-04 8.370006e-01 6.750000e-01 0.000000e+00 5.000000e-01
9.607962e-04 1.698467e-04 8.370006e-01 7.250000e-01 0.000000e+00 5.000000e-01
5.509581e-04 1.298622e-04 8.370006e-01 7.750000e-01 0.000000e+00 5.000000e-01
4.910564e-04 1.227642e-04 8.370006e-01 8.250000e-01 0.000000e+00 5.000000e-01
3.605045e-04 1.040690e-04 8.370006e-01 8.750000e-01 0.000000e+00 5.000000e-01
7.934729e-04 1.556131e-04 8.370006e-01 9.250000e-01 0.000000e+00 5.000000e-01
7.357839e-04 1.501914e-04 8.370006e-01 9.750000e-01 0.000000e+00 5.000000e-01
4.200368e-04 1.122596e-04 8.370006e-01 1.025000e+00 0.000000e+00 5.000000e-01
4.819028e-04 1.204760e-04 8.370006e-01 1.075000e+00 0.000000e+00 5.000000e-01
3.626555e-04 1.046898e-04 8.370006e-01 1.125000e+00 0.000000e+00 5.000000e-01
7.133348e-04 1.456090e-04 8.370006e-01 1.175000e+00 0.000000e+00 5.000000e-01
6.418489e-04 1.368429e-04 8.370006e-01 1.225000e+00 0.000000e+00 5.000000e-01
8.153513e-04 1.540874e-04 8.370006e-01 1.275000e+00 0.000000e+00 5.000000e-01
7.530331e-04 1.476823e-04 8.370006e-01 1.325000e+00 0.000000e+00 5.000000e-01
7.752812e-04 1.465147e-04 8.370006e-01 1.375000e+00 0.000000e+00 5.000000e-01
7.806365e-04 1.425244e-04 8.370006e-01 1.425000e+00 0.000000e+00 5.000000e-01
9.273260e-04 1.504324e-04 8.370006e-01 1.475000e+00 0.000000e+00 5.000000e-01
8.533193e-04 1.422203e-04 8.370006e-01 1.525000e+00 0.000000e+00 5.000000e-01
8.368435e-04 1.394742e-04 8.370006e-01 1.575000e+00 0.000000e+00 5.000000e-01
1.057515e-03 1.559225e-04 8.370006e-01 1.625000e+00 0.000000e+00 5.000000e-01
6.505085e-04 1.229350e-04 8.370006e-01 1.675000e+00 0.000000e+00 5.000000e-01
1.490623e-03 1.863285e-04 8.370006e-01 1.725000e+00 0.000000e+00 5.000000e-01
1.263894e-03 1.719945e-04 8.370006e-01 1.775000e+00 0.000000e+00 5.000000e-01
6.541056e-04 1.236148e-04 8.370006e-01 1.825000e+00 0.000000e+00 5.000000e-01
1.081208e-03 1.594161e-04 8.370006e-01 1.875000e+00 0.000000e+00 5.000000e-01
1.178195e-03 1.666226e-04 8.370006e-01 1.925000e+00 0.000000e+00 5.000000e-01
8.988319e-04 1.458101e-04 8.370006e-01 1.975000e+00 0.000000e+00 5.000000e-01
9.022654e-04 1.463672e-04 8.370006e-01 2.025000e+00 0.000000e+00 5.000000e-01
1.029073e-03 1.551393e-04 8.370006e-01 2.075000e+00 0.000000e+00 5.000000e-01
1.234003e-03 1.711261e-04 8.370006e-01 2.125000e+00 0.000000e+00 5.000000e-01
8.251254e-04 1.415083e-04 8.370006e-01 2.175000e+00 0.000000e+00 5.000000e-01
1.120777e-03 1.652502e-04 8.370006e-01 2.225000e+00 0.000000e+00 5.000000e-01
1.612621e-03 1.985007e-04 8.370006e-01 2.275000e+00 0.000000e+00 5.000000e-01
1.575499e-03 1.969383e-04 8.370006e-01 2.325000e+00 0.000000e+00 5.000000e-01
1.264462e-03 1.753505e-04 8.370006e-01 2.375000e+00 0.000000e+00 5.000000e-01
1.292075e-03 1.758298e-04 8.370006e-01 2.425000e+00 0.000000e+00 5.000000e-01
1.751600e-03 2.036207e-04 8.370006e-01 2.475000e+00 0.000000e+00 5.000000e-01
1.724898e-03 2.005163e-04 8.370006e-01 2.525000e+00 0.000000e+00 5.000000e-01
1.579750e-03 1.915739e-04 8.370006e-01 2.575000e+00 0.000000e+00 5.000000e-01
1.674108e-03 1.972968e-04 8.370006e-01 2.625000e+00 0.000000e+00 5.000000e-01
1.976735e-03 2.131585e-04 8.370006e-01 2.675000e+00 0.000000e+00 5.000000e-01
2.064680e-03 2.152591e-04 8.370006e-01 2.725000e+00 0.000000e+00 5.000000e-01
1.836545e-03 2.053335e-04 8.370006e-01 2.775000e+00 0.000000e+00 5.000000e-01
1.778527e-03 2.040129e-04 8.370006e-01 2.825000e+00 0.000000e+00 5.000000e-01
1.428795e-03 1.876117e-04 8.370006e-01 2.875000e+00 0.000000e+00 5.000000e-01
1.629086e-03 2.068955e-04 8.370006e-01 2.925000e+00 0.000000e+00 5.000000e-01
9.718403e-04 1.666709e-04 8.370006e-01 2.975000e+00 0.000000e+00 5.000000e-01
1.194994e-03 1.938554e-04 8.370006e-01 3.025000e+00 0.000000e+00 5.000000e-01
1.009107e-03 1.907049e-04 8.370006e-01 3.075000e+00 0.000000e+00 5.000000e-01
1.354593e-03 2.394634e-04 8.370006e-01 3.125000e+00 0.000000e+00 5.000000e-01
1.669620e-03 2.863412e-04 8.370006e-01 3.175000e+00 0.000000e+00 5.000000e-01
1.043322e-03 2.459152e-04 8.370006e-01 3.225000e+00 0.000000e+00 5.000000e-01
8.742178e-04 2.523682e-04 8.370006e-01 3.275000e+00 0.000000e+00 5.000000e-01
9.701362e-04 3.067871e-04 8.370006e-01 3.325000e+00 0.000000e+00 5.000000e-01
6.176421e-04 3.088269e-04 8.370006e-01 3.375000e+00 0.000000e+00 5.000000e-01
6.259620e-04 4.426220e-04 8.370006e-01 3.425000e+00 0.000000e+00 5.000000e-01
0.000000e+00 0.000000e+00 8.370006e-01 3.475000e+00 0.000000e+00 5.000000e-01
0.000000e+00 0.000000e+00 8.370006e-01 3.525000e+00 0.000000e+00 5.000000e-01
nan nan 8.370006e-01 3.575000e+00 0.000000e+00 5.000000e-01
nan nan 8.370006e-01 3.625000e+00 0.000000e+00 5.000000e-01
nan nan 8.370006e-01 3.675000e+00 0.000000e+00 5.000000e-01
nan nan 8.370006e-01 3.725000e+00 0.000000e+00 5.000000e-01
nan nan 8.370006e-01 3.775000e+00 0.000000e+00 5.000000e-01
nan nan 8.370006e-01 3.825000e+00 0.000000e+00 5.000000e-01
nan nan 8.370006e-01 3.875000e+00 0.000000e+00 5.000000e-01
nan nan 8.370006e-01 3.925000e+00 0.000000e+00 5.000000e-01
nan nan 8.370006e-01 3.975000e+00 0.000000e+00 5.000000e-01
4.120412e-01 3.818476e-03 8.570006e-01 2.500000e-02 0.000000e+00 5.000000e-01
2.906539e-01 3.164524e-03 8.570006e-01 7.500000e-02 0.000000e+00 5.000000e-01
1.422096e-01 2.211257e-03 8.570006e-01 1.250000e-01 0.000000e+00 5.000000e-01
6.489177e-02 1.485597e-03 8.570006e-01 1.750000e-01 0.000000e+00 5.000000e-01
2.598922e-02 9.365876e-04 8.570006e-01 2.250000e-01 0.000000e+00 5.000000e-01
6.245757e-03 4.579615e-04 8.570006e-01 2.750000e-01 0.000000e+00 5.000000e-01
1.720639e-03 2.386099e-04 8.570006e-01 3.250000e-01 0.000000e+00 5.000000e-01
5.906400e-04 1.392153e-04 8.570006e-01 3.750000e-01 0.000000e+00 5.000000e-01
9.804809e-04 1.790107e-04 8.570006e-01 4.250000e-01 0.000000e+00 5.000000e-01
8.340572e-04 1.635724e-04 8.570006e-01 4.750000e-01 0.000000e+00 5.000000e-01
7.065958e-04 1.506470e-04 8.570006e-01 5.250000e-01 0.000000e+00 5.000000e-01
6.947537e-04 1.481222e-04 8.570006e-01 5.750000e-01 0.000000e+00 5.000000e-01
8.774147e-04 1.658160e-04 8.570006e-01 6.250000e-01 0.000000e+00 5.000000e-01
7.505710e-04 1.532099e-04 8.570006e-01 6.750000e-01 0.000000e+00 5.000000e-01
7.538364e-04 1.538764e-04 8.570006e-01 7.250000e-01 0.000000e+00 5.000000e-01
6.822602e-04 1.454585e-04 8.570006e-01 7.750000e-01 0.000000e+00 5.000000e-01
8.755376e-04 1.654614e-04 8.570006e-01 8.250000e-01 0.000000e+00 5.000000e-01
8.063682e-04 1.581421e-04 8.570006e-01 8.750000e-01 0.000000e+00 5.000000e-01
6.678149e-04 1.423788e-04 8.570006e-01 9.250000e-01 0.000000e+00 5.000000e-01
5.924314e-04 1.324719e-04 8.570006e-01 9.750000e-01 0.000000e+00 5.000000e-01
5.175268e-04 1.219824e-04 8.570006e-01 1.025000e+00 0.000000e+00 5.000000e-01
6.124531e-04 1.305756e-04 8.570006e-01 1.075000e+00 0.000000e+00 5.000000e-01
4.888512e-04 1.152235e-04 8.570006e-01 1.125000e+00 0.000000e+00 5.000000e-01
1.385485e-03 1.921326e-04 8.570006e-01 1.175000e+00 0.000000e+00 5.000000e-01
8.241384e-04 1.456889e-04 8.570006e-01 1.225000e+00 0.000000e+00 5.000000e-01
1.007145e-03 1.592440e-04 8.570006e-01 1.275000e+00 0.000000e+00 5.000000e-01
8.959384e-04 1.493234e-04 8.570006e-01 1.325000e+00 0.000000e+00 5.000000e-01
1.085027e-03 1.635744e-04 8.570006e-01 1.375000e+00 0.000000e+00 5.000000e-01
7.904870e-04 1.397399e-04 8.570006e-01 1.425000e+00 0.000000e+00 5.000000e-01
7.050213e-04 1.332366e-04 8.570006e-01 1.475000e+00 0.000000e+00 5.000000e-01
9.630758e-04 1.522760e-04 8.570006e-01 1.525000e+00 0.000000e+00 5.000000e-01
1.118909e-03 1.615011e-04 8.570006e-01 1.575000e+00 0.000000e+00 5.000000e-01
6.930473e-04 1.265328e-04 8.570006e-01 1.625000e+00 0.000000e+00 5.000000e-01
8.901627e-04 1.444039e-04 8.570006e-01 1.675000e+00 0.000000e+00 5.000000e-01
1.141475e-03 1.647583e-04 8.570006e-01 1.725000e+00 0.000000e+00 5.000000e-01
7.283895e-04 1.329855e-04 8.570006e-01 1.775000e+00 0.000000e+00 5.000000e-01
7.369191e-04 1.345427e-04 8.570006e-01 1.825000e+00 0.000000e+00 5.000000e-01
1.128611e-03 1.664052e-04 8.570006e-01 1.875000e+00 0.000000e+00 5.000000e-01
9.864662e-04 1.559746e-04 8.570006e-01 1.925000e+00 0.000000e+00 5.000000e-01
1.248175e-03 1.730913e-04 8.570006e-01 1.975000e+00 0.000000e+00 5.000000e-01
1.298467e-03 1.766998e-04 8.570006e-01 2.025000e+00 0.000000e+00 5.000000e-01
1.442781e-03 1.894472e-04 8.570006e-01 2.075000e+00 0.000000e+00 5.000000e-01
1.466667e-03 1.925837e-04 8.570006e-01 2.125000e+00 0.000000e+00 5.000000e-01
1.396782e-03 1.866536e-04 8.570006e-01 2.175000e+00 0.000000e+00 5.000000e-01
8.855776e-04 1.475972e-04 8.570006e-01 2.225000e+00 0.000000e+00 5.000000e-01
1.260449e-03 1.747935e-04 8.570006e-01 2.275000e+00 0.000000e+00 5.000000e-01
9.502048e-04 1.502412e-04 8.570006e-01 2.325000e+00 0.000000e+00 5.000000e-01
9.518889e-04 1.505077e-04 8.570006e-01 2.375000e+00 0.000000e+00 5.000000e-01
1.619006e-03 1.963342e-04 8.570006e-01 2.425000e+00 0.000000e+00 5.000000e-01
1.903340e-03 2.128007e-04 8.570006e-01 2.475000e+00 0.000000e+00 5.000000e-01
1.752626e-03 2.037395e-04 8.570006e-01 2.525000e+00 0.000000e+00 5.000000e-01
1.731057e-03 2.012321e-04 8.570006e-01 2.575000e+00 0.000000e+00 5.000000e-01
1.258023e-03 1.744574e-04 8.570006e-01 2.625000e+00 0.000000e+00 5.000000e-01
1.561119e-03 1.982636e-04 8.570006e-01 2.675000e+00 0.000000e+00 5.000000e-01
1.968374e-03 2.288203e-04 8.570006e-01 2.725000e+00 0.000000e+00 5.000000e-01
1.887430e-03 2.323285e-04 8.570006e-01 2.775000e+00 0.000000e+00 5.000000e-01
1.688223e-03 2.297398e-04 8.570006e-01 2.825000e+00 0.000000e+00 5.000000e-01
2.060547e-03 2.660179e-04 8.570006e-01 2.875000e+00 0.000000e+00 5.000000e-01
1.429107e-03 2.381860e-04 8.570006e-01 2.925000e+00 0.000000e+00 5.000000e-01
1.577461e-03 2.705337e-04 8.570006e-01 2.975000e+00 0.000000e+00 5.000000e-01
1.106844e-03 2.474990e-04 8.570006e-01 3.025000e+00 0.000000e+00 5.000000e-01
9.413478e-04 2.515875e-04 8.570006e-01 3.075000e+00 0.000000e+00 5.000000e-01
1.185228e-03 3.167678e-04 8.570006e-01 3.125000e+00 0.000000e+00 5.000000e-01
1.909162e-03 4.772967e-04 8.570006e-01 3.175000e+00 0.000000e+00 5.000000e-01
0.000000e+00 0.000000e+00 8.570006e-01 3.225000e+00 0.000000e+00 5.000000e-01
2.684796e-03 1.096064e-03 8.570006e-01 3.275000e+00 0.000000e+00 5.000000e-01
0.000000e+00 0.000000e+00 8.570006e-01 3.325000e+00 0.000000e+00 5.000000e-01
0.000000e+00 0.000000e+00 8.570006e-01 3.375000e+00 0.000000e+00 5.000000e-01
nan nan 8.570006e-01 3.425000e+00 0.000000e+00 5.000000e-01
nan nan 8.570006e-01 3.475000e+00 0.000000e+00 5.000000e-01
nan nan 8.570006e-01 3.525000e+00 0.000000e+00 5.000000e-01
nan nan 8.570006e-01 3.575000e+00 0.000000e+00 5.000000e-01
nan nan 8.570006e-01 3.625000e+00 0.000000e+00 5.000000e-01
nan nan 8.570006e-01 3.675000e+00 0.000000e+00 5.000000e-01
nan nan 8.570006e-01 3.725000e+00 0.000000e+00 5.000000e-01
nan nan 8.570006e-01 3.775000e+00 0.000000e+00 5.000000e-01
nan nan 8.570006e-01 3.825000e+00 0.000000e+00 5.000000e-01
nan nan 8.570006e-01 3.875000e+00 0.000000e+00 5.000000e-01
nan nan 8.570006e-01 3.925000e+00 0.000000e+00 5.000000e-01
nan nan 8.570006e-01 3.975000e+00 0.000000e+00 5.000000e-01
4.079872e-01 3.806822e-03 8.770006e-01 2.500000e-02 0.000000e+00 5.000000e-01
2.716737e-01 3.063170e-03 8.770006e-01 7.500000e-02 0.000000e+00 5.000000e-01
1.333585e-01 2.133261e-03 8.770006e-01 1.250000e-01 0.000000e+00 5.000000e-01
5.738522e-02 1.403403e-03 8.770006e-01 1.750000e-01 0.000000e+00 5.000000e-01
2.307543e-02 8.759324e-04 8.770006e-01 2.250000e-01 0.000000e+00 5.000000e-01
6.892709e-03 4.779239e-04 8.770006e-01 2.750000e-01 0.000000e+00 5.000000e-01
2.164054e-03 2.663770e-04 8.770006e-01 3.250000e-01 0.000000e+00 5.000000e-01
1.286674e-03 2.034413e-04 8.770006e-01 3.750000e-01 0.000000e+00 5.000000e-01
8.380855e-04 1.643623e-04 8.770006e-01 4.250000e-01 0.000000e+00 5.000000e-01
9.536878e-04 1.741190e-04 8.770006e-01 4.750000e-01 0.000000e+00 5.000000e-01
6.933913e-04 1.478317e-04 8.770006e-01 5.250000e-01 0.000000e+00 5.000000e-01
7.513406e-04 1.533670e-04 8.770006e-01 5.750000e-01 0.000000e+00 5.000000e-01
5.537616e-04 1.305230e-04 8.770006e-01 6.250000e-01 0.000000e+00 5.000000e-01
7.271258e-04 1.484242e-04 8.770006e-01 6.750000e-01 0.000000e+00 5.000000e-01
3.096931e-04 9.793364e-05 8.770006e-01 7.250000e-01 0.000000e+00 5.000000e-01
8.589835e-04 1.623330e-04 8.770006e-01 7.750000e-01 0.000000e+00 5.000000e-01
6.546073e-04 1.395630e-04 8.770006e-01 8.250000e-01 0.000000e+00 5.000000e-01
7.703796e-04 1.510841e-04 8.770006e-01 8.750000e-01 0.000000e+00 5.000000e-01
6.354052e-04 1.354691e-04 8.770006e-01 9.250000e-01 0.000000e+00 5.000000e-01
4.460253e-04 1.115065e-04 8.770006e-01 9.750000e-01 0.000000e+00 5.000000e-01
7.174285e-04 1.406995e-04 8.770006e-01 1.025000e+00 0.000000e+00 5.000000e-01
1.068898e-03 1.690078e-04 8.770006e-01 1.075000e+00 0.000000e+00 5.000000e-01
4.132276e-04 1.033071e-04 8.770006e-01 1.125000e+00 0.000000e+00 5.000000e-01
5.408376e-04 1.153072e-04 8.770006e-01 1.175000e+00 0.000000e+00 5.000000e-01
7.891936e-04 1.395113e-04 8.770006e-01 1.225000e+00 0.000000e+00 5.000000e-01
8.845967e-04 1.474331e-04 8.770006e-01 1.275000e+00 0.000000e+00 5.000000e-01
1.128991e-03 1.664612e-04 8.770006e-01 1.325000e+00 0.000000e+00 5.000000e-01
5.397420e-04 1.150736e-04 8.770006e-01 1.375000e+00 0.000000e+00 5.000000e-01
6.362560e-04 1.247803e-04 8.770006e-01 1.425000e+00 0.000000e+00 5.000000e-01
6.822435e-04 1.289322e-04 8.770006e-01 1.475000e+00 0.000000e+00 5.000000e-01
8.319465e-04 1.426780e-04 8.770006e-01 1.525000e+00 0.000000e+00 5.000000e-01
9.704371e-04 1.534398e-04 8.770006e-01 1.575000e+00 0.000000e+00 5.000000e-01
1.115278e-03 1.644391e-04 8.770006e-01 1.625000e+00 0.000000e+00 5.000000e-01
6.387142e-04 1.252626e-04 8.770006e-01 1.675000e+00 0.000000e+00 5.000000e-01
1.101821e-03 1.661063e-04 8.770006e-01 1.725000e+00 0.000000e+00 5.000000e-01
9.132627e-04 1.522109e-04 8.770006e-01 1.775000e+00 0.000000e+00 5.000000e-01
7.686144e-04 1.403298e-04 8.770006e-01 1.825000e+00 0.000000e+00 5.000000e-01
1.364164e-03 1.856398e-04 8.770006e-01 1.875000e+00 0.000000e+00 5.000000e-01
9.642642e-04 1.524643e-04 8.770006e-01 1.925000e+00 0.000000e+00 5.000000e-01
8.015475e-04 1.416956e-04 8.770006e-01 1.975000e+00 0.000000e+00 5.000000e-01
1.167822e-03 1.721864e-04 8.770006e-01 2.025000e+00 0.000000e+00 5.000000e-01
1.056502e-03 1.630222e-04 8.770006e-01 2.075000e+00 0.000000e+00 5.000000e-01
1.543012e-03 1.959634e-04 8.770006e-01 2.125000e+00 0.000000e+00 5.000000e-01
1.400176e-03 1.838530e-04 8.770006e-01 2.175000e+00 0.000000e+00 5.000000e-01
1.152474e-03 1.663458e-04 8.770006e-01 2.225000e+00 0.000000e+00 5.000000e-01
1.538217e-03 1.922780e-04 8.770006e-01 2.275000e+00 0.000000e+00 5.000000e-01
1.661978e-03 2.015455e-04 8.770006e-01 2.325000e+00 0.000000e+00 5.000000e-01
1.689945e-03 2.019882e-04 8.770006e-01 2.375000e+00 0.000000e+00 5.000000e-01
1.561438e-03 1.951809e-04 8.770006e-01 2.425000e+00 0.000000e+00 5.000000e-01
1.472544e-03 1.933555e-04 8.770006e-01 2.475000e+00 0.000000e+00 5.000000e-01
1.363083e-03 1.927704e-04 8.770006e-01 2.525000e+00 0.000000e+00 5.000000e-01
1.108135e-03 1.797641e-04 8.770006e-01 2.575000e+00 0.000000e+00 5.000000e-01
1.261551e-03 1.994699e-04 8.770006e-01 2.625000e+00 0.000000e+00 5.000000e-01
1.450598e-03 2.238336e-04 8.770006e-01 2.675000e+00 0.000000e+00 5.000000e-01
1.452828e-03 2.356815e-04 8.770006e-01 2.725000e+00 0.000000e+00 5.000000e-01
1.512738e-03 2.594344e-04 8.770006e-01 2.775000e+00 0.000000e+00 5.000000e-01
2.297517e-03 3.463658e-04 8.770006e-01 2.825000e+00 0.000000e+00 5.000000e-01
1.668117e-03 3.271467e-04 8.770006e-01 2.875000e+00 0.000000e+00 5.000000e-01
3.036168e-03 4.925352e-04 8.770006e-01 2.925000e+00 0.000000e+00 5.000000e-01
1.697314e-03 4.243321e-04 8.770006e-01 2.975000e+00 0.000000e+00 5.000000e-01
9.784867e-04 3.994690e-04 8.770006e-01 3.025000e+00 0.000000e+00 5.000000e-01
1.166717e-03 5.833596e-04 8.770006e-01 3.075000e+00 0.000000e+00 5.000000e-01
1.602287e-03 1.132988e-03 8.770006e-01 3.125000e+00 0.000000e+00 5.000000e-01
0.000000e+00 0.000000e+00 8.770006e-01 3.175000e+00 0.000000e+00 5.000000e-01
nan nan 8.770006e-01 3.225000e+00 0.000000e+00 5.000000e-01
nan nan 8.770006e-01 3.275000e+00 0.000000e+00 5.000000e-01
nan nan 8.770006e-01 3.325000e+00 0.000000e+00 5.000000e-01
nan nan 8.770006e-01 3.375000e+00 0.000000e+00 5.000000e-01
nan nan 8.770006e-01 3.425000e+00 0.000000e+00 5.000000e-01
nan nan 8.770006e-01 3.475000e+00 0.000000e+00 5.000000e-01
nan nan 8.770006e-01 3.525000e+00 0.000000e+00 5.000000e-01
nan nan 8.770006e-01 3.575000e+00 0.000000e+00 5.000000e-01
nan nan 8.770006e-01 3.625000e+00 0.000000e+00 5.000000e-01
nan nan 8.770006e-01 3.675000e+00 0.000000e+00 5.000000e-01
nan nan 8.770006e-01 3.725000e+00 0.000000e+00 5.000000e-01
nan nan 8.770006e-01 3.775000e+00 0.000000e+00 5.000000e-01
nan nan 8.770006e-01 3.825000e+00 0.000000e+00 5.000000e-01
nan nan 8.770006e-01 3.875000e+00 0.000000e+00 5.000000e-01
nan nan 8.770006e-01 3.925000e+00 0.000000e+00 5.000000e-01
nan nan 8.770006e-01 3.975000e+00 0.000000e+00 5.000000e-01
4.056054e-01 3.753358e-03 8.970007e-01 2.500000e-02 0.000000e+00 5.000000e-01
2.621511e-01 3.012637e-03 8.970007e-01 7.500000e-02 0.000000e+00 5.000000e-01
1.227289e-01 2.050617e-03 8.970007e-01 1.250000e-01 0.000000e+00 5.000000e-01
4.446671e-02 1.217468e-03 8.970007e-01 1.750000e-01 0.000000e+00 5.000000e-01
1.645838e-02 7.420019e-04 8.970007e-01 2.250000e-01 0.000000e+00 5.000000e-01
4.836428e-03 3.975524e-04 8.970007e-01 2.750000e-01 0.000000e+00 5.000000e-01
1.163865e-03 1.939777e-04 8.970007e-01 3.250000e-01 0.000000e+00 5.000000e-01
1.215428e-03 1.971688e-04 8.970007e-01 3.750000e-01 0.000000e+00 5.000000e-01
1.637877e-03 2.271330e-04 8.970007e-01 4.250000e-01 0.000000e+00 5.000000e-01
1.009990e-03 1.785431e-04 8.970007e-01 4.750000e-01 0.000000e+00 5.000000e-01
5.659165e-04 1.333880e-04 8.970007e-01 5.250000e-01 0.000000e+00 5.000000e-01
9.230497e-04 1.685253e-04 8.970007e-01 5.750000e-01 0.000000e+00 5.000000e-01
6.109719e-04 1.366176e-04 8.970007e-01 6.250000e-01 0.000000e+00 5.000000e-01
1.029027e-03 1.764768e-04 8.970007e-01 6.750000e-01 0.000000e+00 5.000000e-01
8.131338e-04 1.536682e-04 8.970007e-01 7.250000e-01 0.000000e+00 5.000000e-01
9.036191e-04 1.597391e-04 8.970007e-01 7.750000e-01 0.000000e+00 5.000000e-01
3.836201e-04 1.025269e-04 8.970007e-01 8.250000e-01 0.000000e+00 5.000000e-01
7.839485e-04 1.431290e-04 8.970007e-01 8.750000e-01 0.000000e+00 5.000000e-01
8.009024e-04 1.415811e-04 8.970007e-01 9.250000e-01 0.000000e+00 5.000000e-01
8.953448e-04 1.492245e-04 8.970007e-01 9.750000e-01 0.000000e+00 5.000000e-01
4.391737e-04 1.035144e-04 8.970007e-01 1.025000e+00 0.000000e+00 5.000000e-01
1.227530e-03 1.735993e-04 8.970007e-01 1.075000e+00 0.000000e+00 5.000000e-01
6.443985e-04 1.263773e-04 8.970007e-01 1.125000e+00 0.000000e+00 5.000000e-01
9.178420e-04 1.529739e-04 8.970007e-01 1.175000e+00 0.000000e+00 5.000000e-01
9.289637e-04 1.548276e-04 8.970007e-01 1.225000e+00 0.000000e+00 5.000000e-01
4.944690e-04 1.105668e-04 8.970007e-01 1.275000e+00 0.000000e+00 5.000000e-01
9.950599e-04 1.573332e-04 8.970007e-01 1.325000e+00 0.000000e+00 5.000000e-01
1.191668e-03 1.720027e-04 8.970007e-01 1.375000e+00 0.000000e+00 5.000000e-01
9.974053e-04 1.577040e-04 8.970007e-01 1.425000e+00 0.000000e+00 5.000000e-01
1.166012e-03 1.719194e-04 8.970007e-01 1.475000e+00 0.000000e+00 5.000000e-01
1.283184e-03 1.814701e-04 8.970007e-01 1.525000e+00 0.000000e+00 5.000000e-01
1.085434e-03 1.674865e-04 8.970007e-01 1.575000e+00 0.000000e+00 5.000000e-01
5.097815e-04 1.139909e-04 8.970007e-01 1.625000e+00 0.000000e+00 5.000000e-01
1.185036e-03 1.747244e-04 8.970007e-01 1.675000e+00 0.000000e+00 5.000000e-01
8.781670e-04 1.506047e-04 8.970007e-01 1.725000e+00 0.000000e+00 5.000000e-01
9.744758e-04 1.580811e-04 8.970007e-01 1.775000e+00 0.000000e+00 5.000000e-01
1.006103e-03 1.590793e-04 8.970007e-01 1.825000e+00 0.000000e+00 5.000000e-01
1.222133e-03 1.728361e-04 8.970007e-01 1.875000e+00 0.000000e+00 5.000000e-01
1.173715e-03 1.730553e-04 8.970007e-01 1.925000e+00 0.000000e+00 5.000000e-01
1.121535e-03 1.690783e-04 8.970007e-01 1.975000e+00 0.000000e+00 5.000000e-01
1.010776e-03 1.598184e-04 8.970007e-01 2.025000e+00 0.000000e+00 5.000000e-01
1.126032e-03 1.660248e-04 8.970007e-01 2.075000e+00 0.000000e+00 5.000000e-01
1.008697e-03 1.556457e-04 8.970007e-01 2.125000e+00 0.000000e+00 5.000000e-01
1.287512e-03 1.785465e-04 8.970007e-01 2.175000e+00 0.000000e+00 5.000000e-01
1.213491e-03 1.751530e-04 8.970007e-01 2.225000e+00 0.000000e+00 5.000000e-01
1.699160e-03 2.091531e-04 8.970007e-01 2.275000e+00 0.000000e+00 5.000000e-01
1.291888e-03 1.864687e-04 8.970007e-01 2.325000e+00 0.000000e+00 5.000000e-01
1.170527e-03 1.850774e-04 8.970007e-01 2.375000e+00 0.000000e+00 5.000000e-01
1.279534e-03 2.023133e-04 8.970007e-01 2.425000e+00 0.000000e+00 5.000000e-01
7.547326e-04 1.609100e-04 8.970007e-01 2.475000e+00 0.000000e+00 5.000000e-01
9.229436e-04 1.883957e-04 8.970007e-01 2.525000e+00 0.000000e+00 5.000000e-01
1.567732e-03 2.612900e-04 8.970007e-01 2.575000e+00 0.000000e+00 5.000000e-01
1.715155e-03 2.941489e-04 8.970007e-01 2.625000e+00 0.000000e+00 5.000000e-01
1.118023e-03 2.635217e-04 8.970007e-01 2.675000e+00 0.000000e+00 5.000000e-01
1.998614e-03 3.919616e-04 8.970007e-01 2.725000e+00 0.000000e+00 5.000000e-01
1.436638e-03 3.839593e-04 8.970007e-01 2.775000e+00 0.000000e+00 5.000000e-01
1.670840e-03 4.823347e-04 8.970007e-01 2.825000e+00 0.000000e+00 5.000000e-01
3.063642e-03 8.844037e-04 8.970007e-01 2.875000e+00 0.000000e+00 5.000000e-01
2.187981e-03 1.094001e-03 8.970007e-01 2.925000e+00 0.000000e+00 5.000000e-01
0.000000e+00 0.000000e+00 8.970007e-01 2.975000e+00 0.000000e+00 5.000000e-01
0.000000e+00 0.000000e+00 8.970007e-01 3.025000e+00 0.000000e+00 5.000000e-01
nan nan 8.970007e-01 3.075000e+00 0.000000e+00 5.000000e-01
nan nan 8.970007e-01 3.125000e+00 0.000000e+00 5.000000e-01
nan nan 8.970007e-01 3.175000e+00 0.000000e+00 5.000000e-01
nan nan 8.970007e-01 3.225000e+00 0.000000e+00 5.000000e-01
nan nan 8.970007e-01 3.275000e+00 0.000000e+00 5.000000e-01
nan nan 8.970007e-01 3.325000e+00 0.000000e+00 5.000000e-01
nan nan 8.970007e-01 3.375000e+00 0.000000e+00 5.000000e-01
nan nan 8.970007e-01 3.425000e+00 0.000000e+00 5.000000e-01
nan nan 8.970007e-01 3.475000e+00 0.000000e+00 5.000000e-01
nan nan 8.970007e-01 3.525000e+00 0.000000e+00 5.000000e-01
nan nan 8.970007e-01 3.575000e+00 0.000000e+00 5.000000e-01
nan nan 8.970007e-01 3.625000e+00 0.000000e+00 5.000000e-01
nan nan 8.970007e-01 3.675000e+00 0.000000e+00 5.000000e-01
nan nan 8.970007e-01 3.725000e+00 0.000000e+00 5.000000e-01
nan nan 8.970007e-01 3.775000e+00 0.000000e+00 5.000000e-01
nan nan 8.970007e-01 3.825000e+00 0.000000e+00 5.000000e-01
nan nan 8.970007e-01 3.875000e+00 0.000000e+00 5.000000e-01
nan nan 8.970007e-01 3.925000e+00 0.000000e+00 5.000000e-01
nan nan 8.970007e-01 3.975000e+00 0.000000e+00 5.000000e-01
3.803071e-01 3.644023e-03 9.170007e-01 2.500000e-02 0.000000e+00 5.000000e-01
2.344447e-01 2.840141e-03 9.170007e-01 7.500000e-02 0.000000e+00 5.000000e-01
9.894066e-02 1.835386e-03 9.170007e-01 1.250000e-01 0.000000e+00 5.000000e-01
3.477748e-02 1.081529e-03 9.170007e-01 1.750000e-01 0.000000e+00 5.000000e-01
1.204339e-02 6.329872e-04 9.170007e-01 2.250000e-01 0.000000e+00 5.000000e-01
3.702052e-03 3.498113e-04 9.170007e-01 2.750000e-01 0.000000e+00 5.000000e-01
1.885231e-03 2.475432e-04 9.170007e-01 3.250000e-01 0.000000e+00 5.000000e-01
1.408285e-03 2.123072e-04 9.170007e-01 3.750000e-01 0.000000e+00 5.000000e-01
1.381765e-03 2.083093e-04 9.170007e-01 4.250000e-01 0.000000e+00 5.000000e-01
1.325030e-03 1.997559e-04 9.170007e-01 4.750000e-01 0.000000e+00 5.000000e-01
1.050510e-03 1.750851e-04 9.170007e-01 5.250000e-01 0.000000e+00 5.000000e-01
1.080612e-03 1.752987e-04 9.170007e-01 5.750000e-01 0.000000e+00 5.000000e-01
1.037972e-03 1.683815e-04 9.170007e-01 6.250000e-01 0.000000e+00 5.000000e-01
9.009522e-04 1.545123e-04 9.170007e-01 6.750000e-01 0.000000e+00 5.000000e-01
1.039632e-03 1.643806e-04 9.170007e-01 7.250000e-01 0.000000e+00 5.000000e-01
7.147891e-04 1.350826e-04 9.170007e-01 7.750000e-01 0.000000e+00 5.000000e-01
8.331071e-04 1.472742e-04 9.170007e-01 8.250000e-01 0.000000e+00 5.000000e-01
8.258856e-04 1.459976e-04 9.170007e-01 8.750000e-01 0.000000e+00 5.000000e-01
8.417536e-04 1.488027e-04 9.170007e-01 9.250000e-01 0.000000e+00 5.000000e-01
8.818674e-04 1.512392e-04 9.170007e-01 9.750000e-01 0.000000e+00 5.000000e-01
7.542841e-04 1.377130e-04 9.170007e-01 1.025000e+00 0.000000e+00 5.000000e-01
4.450808e-04 1.049067e-04 9.170007e-01 1.075000e+00 0.000000e+00 5.000000e-01
5.925853e-04 1.209612e-04 9.170007e-01 1.125000e+00 0.000000e+00 5.000000e-01
5.557000e-04 1.184759e-04 9.170007e-01 1.175000e+00 0.000000e+00 5.000000e-01
5.135738e-04 1.148388e-04 9.170007e-01 1.225000e+00 0.000000e+00 5.000000e-01
9.653426e-04 1.608908e-04 9.170007e-01 1.275000e+00 0.000000e+00 5.000000e-01
2.649985e-04 8.380013e-05 9.170007e-01 1.325000e+00 0.000000e+00 5.000000e-01
8.327613e-04 1.472130e-04 9.170007e-01 1.375000e+00 0.000000e+00 5.000000e-01
9.898195e-04 1.605704e-04 9.170007e-01 1.425000e+00 0.000000e+00 5.000000e-01
6.313115e-04 1.288662e-04 9.170007e-01 1.475000e+00 0.000000e+00 5.000000e-01
1.205573e-03 1.777525e-04 9.170007e-01 1.525000e+00 0.000000e+00 5.000000e-01
9.434067e-04 1.572348e-04 9.170007e-01 1.575000e+00 0.000000e+00 5.000000e-01
9.300580e-04 1.550100e-04 9.170007e-01 1.625000e+00 0.000000e+00 5.000000e-01
8.279895e-04 1.463696e-04 9.170007e-01 1.675000e+00 0.000000e+00 5.000000e-01
4.110262e-04 1.027568e-04 9.170007e-01 1.725000e+00 0.000000e+00 5.000000e-01
1.175873e-03 1.733733e-04 9.170007e-01 1.775000e+00 0.000000e+00 5.000000e-01
9.320599e-04 1.512006e-04 9.170007e-01 1.825000e+00 0.000000e+00 5.000000e-01
1.126709e-03 1.698581e-04 9.170007e-01 1.875000e+00 0.000000e+00 5.000000e-01
6.602107e-04 1.294784e-04 9.170007e-01 1.925000e+00 0.000000e+00 5.000000e-01
1.112828e-03 1.677658e-04 9.170007e-01 1.975000e+00 0.000000e+00 5.000000e-01
2.983082e-04 8.611456e-05 9.170007e-01 2.025000e+00 0.000000e+00 5.000000e-01
6.807691e-04 1.335103e-04 9.170007e-01 2.075000e+00 0.000000e+00 5.000000e-01
8.451476e-04 1.543025e-04 9.170007e-01 2.125000e+00 0.000000e+00 5.000000e-01
1.595474e-03 2.171172e-04 9.170007e-01 2.175000e+00 0.000000e+00 5.000000e-01
1.391083e-03 2.097141e-04 9.170007e-01 2.225000e+00 0.000000e+00 5.000000e-01
1.462866e-03 2.257259e-04 9.170007e-01 2.275000e+00 0.000000e+00 5.000000e-01
9.943175e-04 1.950030e-04 9.170007e-01 2.325000e+00 0.000000e+00 5.000000e-01
1.682971e-03 2.661023e-04 9.170007e-01 2.375000e+00 0.000000e+00 5.000000e-01
1.883241e-03 3.055044e-04 9.170007e-01 2.425000e+00 0.000000e+00 5.000000e-01
2.038820e-03 3.496564e-04 9.170007e-01 2.475000e+00 0.000000e+00 5.000000e-01
7.544402e-04 2.385751e-04 9.170007e-01 2.525000e+00 0.000000e+00 5.000000e-01
5.993836e-04 2.446982e-04 9.170007e-01 2.575000e+00 0.000000e+00 5.000000e-01
8.112766e-04 3.312023e-04 9.170007e-01 2.625000e+00 0.000000e+00 5.000000e-01
2.816880e-03 8.131650e-04 9.170007e-01 2.675000e+00 0.000000e+00 5.000000e-01
1.834582e-03 9.172917e-04 9.170007e-01 2.725000e+00 0.000000e+00 5.000000e-01
2.360910e-03 1.669415e-03 9.170007e-01 2.775000e+00 0.000000e+00 5.000000e-01
0.000000e+00 0.000000e+00 9.170007e-01 2.825000e+00 0.000000e+00 5.000000e-01
nan nan 9.170007e-01 2.875000e+00 0.000000e+00 5.000000e-01
nan nan 9.170007e-01 2.925000e+00 0.000000e+00 5.000000e-01
nan nan 9.170007e-01 2.975000e+00 0.000000e+00 5.000000e-01
nan nan 9.170007e-01 3.025000e+00 0.000000e+00 5.000000e-01
nan nan 9.170007e-01 3.075000e+00 0.000000e+00 5.000000e-01
nan nan 9.170007e-01 3.125000e+00 0.000000e+00 5.000000e-01
nan nan 9.170007e-01 3.175000e+00 0.000000e+00 5.000000e-01
nan nan 9.170007e-01 3.225000e+00 0.000000e+00 5.000000e-01
nan nan 9.170007e-01 3.275000e+00 0.000000e+00 5.000000e-01
nan nan 9.170007e-01 3.325000e+00 0.000000e+00 5.000000e-01
nan nan 9.170007e-01 3.375000e+00 0.000000e+00 5.000000e-01
nan nan 9.170007e-01 3.425000e+00 0.000000e+00 5.000000e-01
nan nan 9.170007e-01 3.475000e+00 0.000000e+00 5.000000e-01
nan nan 9.170007e-01 3.525000e+00 0.000000e+00 5.000000e-01
nan nan 9.170007e-01 3.575000e+00 0.000000e+00 5.000000e-01
nan nan 9.170007e-01 3.625000e+00 0.000000e+00 5.000000e-01
nan nan 9.170007e-01 3.675000e+00 0.000000e+00 5.000000e-01
nan nan 9.170007e-01 3.725000e+00 0.000000e+00 5.000000e-01
nan nan 9.170007e-01 3.775000e+00 0.000000e+00 5.000000e-01
nan nan 9.170007e-01 3.825000e+00 0.000000e+00 5.000000e-01
nan nan 9.170007e-01 3.875000e+00 0.000000e+00 5.000000e-01
nan nan 9.170007e-01 3.925000e+00 0.000000e+00 5.000000e-01
nan nan 9.170007e-01 3.975000e+00 0.000000e+00 5.000000e-01
3.450403e-01 3.451097e-03 9.370007e-01 2.500000e-02 0.000000e+00 5.000000e-01
2.110030e-01 2.717706e-03 9.370007e-01 7.500000e-02 0.000000e+00 5.000000e-01
8.394148e-02 1.691051e-03 9.370007e-01 1.250000e-01 0.000000e+00 5.000000e-01
2.526295e-02 9.188059e-04 9.370007e-01 1.750000e-01 0.000000e+00 5.000000e-01
8.333948e-03 5.208724e-04 9.370007e-01 2.250000e-01 0.000000e+00 5.000000e-01
3.344124e-03 3.217890e-04 9.370007e-01 2.750000e-01 0.000000e+00 5.000000e-01
1.925592e-03 2.406993e-04 9.370007e-01 3.250000e-01 0.000000e+00 5.000000e-01
2.352794e-03 2.598229e-04 9.370007e-01 3.750000e-01 0.000000e+00 5.000000e-01
1.710176e-03 2.171929e-04 9.370007e-01 4.250000e-01 0.000000e+00 5.000000e-01
1.650156e-03 2.095703e-04 9.370007e-01 4.750000e-01 0.000000e+00 5.000000e-01
1.603875e-03 2.036926e-04 9.370007e-01 5.250000e-01 0.000000e+00 5.000000e-01
1.808108e-03 2.161106e-04 9.370007e-01 5.750000e-01 0.000000e+00 5.000000e-01
1.044494e-03 1.651492e-04 9.370007e-01 6.250000e-01 0.000000e+00 5.000000e-01
1.266115e-03 1.827482e-04 9.370007e-01 6.750000e-01 0.000000e+00 5.000000e-01
8.483323e-04 1.499656e-04 9.370007e-01 7.250000e-01 0.000000e+00 5.000000e-01
1.479357e-03 1.976878e-04 9.370007e-01 7.750000e-01 0.000000e+00 5.000000e-01
1.232493e-03 1.778953e-04 9.370007e-01 8.250000e-01 0.000000e+00 5.000000e-01
1.053821e-03 1.626085e-04 9.370007e-01 8.750000e-01 0.000000e+00 5.000000e-01
8.098585e-04 1.431643e-04 9.370007e-01 9.250000e-01 0.000000e+00 5.000000e-01
7.154583e-04 1.352092e-04 9.370007e-01 9.750000e-01 0.000000e+00 5.000000e-01
5.809927e-04 1.238683e-04 9.370007e-01 1.025000e+00 0.000000e+00 5.000000e-01
5.431986e-04 1.214631e-04 9.370007e-01 1.075000e+00 0.000000e+00 5.000000e-01
7.945669e-04 1.450677e-04 9.370007e-01 1.125000e+00 0.000000e+00 5.000000e-01
1.060231e-03 1.676376e-04 9.370007e-01 1.175000e+00 0.000000e+00 5.000000e-01
6.464693e-04 1.319603e-04 9.370007e-01 1.225000e+00 0.000000e+00 5.000000e-01
4.885131e-04 1.151439e-04 9.370007e-01 1.275000e+00 0.000000e+00 5.000000e-01
5.566885e-04 1.244795e-04 9.370007e-01 1.325000e+00 0.000000e+00 5.000000e-01
1.017258e-03 1.650214e-04 9.370007e-01 1.375000e+00 0.000000e+00 5.000000e-01
9.923530e-04 1.609813e-04 9.370007e-01 1.425000e+00 0.000000e+00 5.000000e-01
1.045620e-03 1.653276e-04 9.370007e-01 1.475000e+00 0.000000e+00 5.000000e-01
1.153042e-03 1.738279e-04 9.370007e-01 1.525000e+00 0.000000e+00 5.000000e-01
1.088643e-03 1.679817e-04 9.370007e-01 1.575000e+00 0.000000e+00 5.000000e-01
8.805712e-04 1.510171e-04 9.370007e-01 1.625000e+00 0.000000e+00 5.000000e-01
1.135803e-03 1.712291e-04 9.370007e-01 1.675000e+00 0.000000e+00 5.000000e-01
1.130803e-03 1.704755e-04 9.370007e-01 1.725000e+00 0.000000e+00 5.000000e-01
8.998286e-04 1.499717e-04 9.370007e-01 1.775000e+00 0.000000e+00 5.000000e-01
6.279818e-04 1.281865e-04 9.370007e-01 1.825000e+00 0.000000e+00 5.000000e-01
1.257469e-03 1.854044e-04 9.370007e-01 1.875000e+00 0.000000e+00 5.000000e-01
1.135186e-03 1.794891e-04 9.370007e-01 1.925000e+00 0.000000e+00 5.000000e-01
5.807406e-04 1.298578e-04 9.370007e-01 1.975000e+00 0.000000e+00 5.000000e-01
9.189794e-04 1.736714e-04 9.370007e-01 2.025000e+00 0.000000e+00 5.000000e-01
1.147287e-03 2.028143e-04 9.370007e-01 2.075000e+00 0.000000e+00 5.000000e-01
1.741345e-03 2.567483e-04 9.370007e-01 2.125000e+00 0.000000e+00 5.000000e-01
1.287153e-03 2.350017e-04 9.370007e-01 2.175000e+00 0.000000e+00 5.000000e-01
8.051681e-04 2.012924e-04 9.370007e-01 2.225000e+00 0.000000e+00 5.000000e-01
6.790778e-04 1.960340e-04 9.370007e-01 2.275000e+00 0.000000e+00 5.000000e-01
9.831010e-04 2.627459e-04 9.370007e-01 2.325000e+00 0.000000e+00 5.000000e-01
3.839547e-04 1.919774e-04 9.370007e-01 2.375000e+00 0.000000e+00 5.000000e-01
2.573723e-04 1.819897e-04 9.370007e-01 2.425000e+00 0.000000e+00 5.000000e-01
1.392699e-03 5.685678e-04 9.370007e-01 2.475000e+00 0.000000e+00 5.000000e-01
8.436460e-04 5.965479e-04 9.370007e-01 2.525000e+00 0.000000e+00 5.000000e-01
0.000000e+00 0.000000e+00 9.370007e-01 2.575000e+00 0.000000e+00 5.000000e-01
0.000000e+00 0.000000e+00 9.370007e-01 2.625000e+00 0.000000e+00 5.000000e-01
nan nan 9.370007e-01 2.675000e+00 0.000000e+00 5.000000e-01
nan nan 9.370007e-01 2.725000e+00 0.000000e+00 5.000000e-01
nan nan 9.370007e-01 2.775000e+00 0.000000e+00 5.000000e-01
nan nan 9.370007e-01 2.825000e+00 0.000000e+00 5.000000e-01
nan nan 9.370007e-01 2.875000e+00 0.000000e+00 5.000000e-01
nan nan 9.370007e-01 2.925000e+00 0.000000e+00 5.000000e-01
nan nan 9.370007e-01 2.975000e+00 0.000000e+00 5.000000e-01
nan nan 9.370007e-01 3.025000e+00 0.000000e+00 5.000000e-01
nan nan 9.370007e-01 3.075000e+00 0.000000e+00 5.000000e-01
nan nan 9.370007e-01 3.125000e+00 0.000000e+00 5.000000e-01
nan nan 9.370007e-01 3.175000e+00 0.000000e+00 5.000000e-01
nan nan 9.370007e-01 3.225000e+00 0.000000e+00 5.000000e-01
nan nan 9.370007e-01 3.275000e+00 0.000000e+00 5.000000e-01
nan nan 9.370007e-01 3.325000e+00 0.000000e+00 5.000000e-01
nan nan 9.370007e-01 3.375000e+00 0.000000e+00 5.000000e-01
nan nan 9.370007e-01 3.425000e+00 0.000000e+00 5.000000e-01
nan nan 9.370007e-01 3.475000e+00 0.000000e+00 5.000000e-01
nan nan 9.370007e-01 3.525000e+00 0.000000e+00 5.000000e-01
nan nan 9.370007e-01 3.575000e+00 0.000000e+00 5.000000e-01
nan nan 9.370007e-01 3.625000e+00 0.000000e+00 5.000000e-01
nan nan 9.370007e-01 3.675000e+00 0.000000e+00 5.000000e-01
nan nan 9.370007e-01 3.725000e+00 0.000000e+00 5.000000e-01
nan nan 9.370007e-01 3.775000e+00 0.000000e+00 5.000000e-01
nan nan 9.370007e-01 3.825000e+00 0.000000e+00 5.000000e-01
nan nan 9.370007e-01 3.875000e+00 0.000000e+00 5.000000e-01
nan nan 9.370007e-01 3.925000e+00 0.000000e+00 5.000000e-01
nan nan 9.370007e-01 3.975000e+00 0.000000e+00 5.000000e-01
1.846888e+00 7.878316e-03 9.570007e-01 2.500000e-02 0.000000e+00 5.000000e-01
1.320169e+00 6.513664e-03 9.570007e-01 7.500000e-02 0.000000e+00 5.000000e-01
2.740532e-01 2.918105e-03 9.570007e-01 1.250000e-01 0.000000e+00 5.000000e-01
3.799725e-02 1.059576e-03 9.570007e-01 1.750000e-01 0.000000e+00 5.000000e-01
1.523254e-02 6.579462e-04 9.570007e-01 2.250000e-01 0.000000e+00 5.000000e-01
4.942378e-03 3.704473e-04 9.570007e-01 2.750000e-01 0.000000e+00 5.000000e-01
3.357814e-03 2.991383e-04 9.570007e-01 3.250000e-01 0.000000e+00 5.000000e-01
3.085214e-03 2.840173e-04 9.570007e-01 3.750000e-01 0.000000e+00 5.000000e-01
2.810808e-03 2.704705e-04 9.570007e-01 4.250000e-01 0.000000e+00 5.000000e-01
2.095364e-03 2.342691e-04 9.570007e-01 4.750000e-01 0.000000e+00 5.000000e-01
1.578773e-03 2.038190e-04 9.570007e-01 5.250000e-01 0.000000e+00 5.000000e-01
1.216362e-03 1.793431e-04 9.570007e-01 5.750000e-01 0.000000e+00 5.000000e-01
9.470853e-04 1.578478e-04 9.570007e-01 6.250000e-01 0.000000e+00 5.000000e-01
1.186892e-03 1.749979e-04 9.570007e-01 6.750000e-01 0.000000e+00 5.000000e-01
8.830502e-04 1.514421e-04 9.570007e-01 7.250000e-01 0.000000e+00 5.000000e-01
6.283696e-04 1.282657e-04 9.570007e-01 7.750000e-01 0.000000e+00 5.000000e-01
9.120636e-04 1.564178e-04 9.570007e-01 8.250000e-01 0.000000e+00 5.000000e-01
8.914882e-04 1.575946e-04 9.570007e-01 8.750000e-01 0.000000e+00 5.000000e-01
6.611754e-04 1.349622e-04 9.570007e-01 9.250000e-01 0.000000e+00 5.000000e-01
6.385486e-04 1.303434e-04 9.570007e-01 9.750000e-01 0.000000e+00 5.000000e-01
3.254999e-04 9.396387e-05 9.570007e-01 1.025000e+00 0.000000e+00 5.000000e-01
7.124688e-04 1.397269e-04 9.570007e-01 1.075000e+00 0.000000e+00 5.000000e-01
5.691768e-04 1.272720e-04 9.570007e-01 1.125000e+00 0.000000e+00 5.000000e-01
1.325210e-03 1.912780e-04 9.570007e-01 1.175000e+00 0.000000e+00 5.000000e-01
8.078741e-04 1.474973e-04 9.570007e-01 1.225000e+00 0.000000e+00 5.000000e-01
4.851225e-04 1.143447e-04 9.570007e-01 1.275000e+00 0.000000e+00 5.000000e-01
9.197918e-04 1.577433e-04 9.570007e-01 1.325000e+00 0.000000e+00 5.000000e-01
1.307014e-03 1.886517e-04 9.570007e-01 1.375000e+00 0.000000e+00 5.000000e-01
1.252878e-03 1.808377e-04 9.570007e-01 1.425000e+00 0.000000e+00 5.000000e-01
1.247700e-03 1.800905e-04 9.570007e-01 1.475000e+00 0.000000e+00 5.000000e-01
7.798849e-04 1.423871e-04 9.570007e-01 1.525000e+00 0.000000e+00 5.000000e-01
1.562258e-03 2.016870e-04 9.570007e-01 1.575000e+00 0.000000e+00 5.000000e-01
6.949195e-04 1.362852e-04 9.570007e-01 1.625000e+00 0.000000e+00 5.000000e-01
1.167078e-03 1.800843e-04 9.570007e-01 1.675000e+00 0.000000e+00 5.000000e-01
1.332686e-03 1.964944e-04 9.570007e-01 1.725000e+00 0.000000e+00 5.000000e-01
1.399067e-03 2.062817e-04 9.570007e-01 1.775000e+00 0.000000e+00 5.000000e-01
8.142886e-04 1.662166e-04 9.570007e-01 1.825000e+00 0.000000e+00 5.000000e-01
7.374197e-04 1.648926e-04 9.570007e-01 1.875000e+00 0.000000e+00 5.000000e-01
1.140867e-03 2.082937e-04 9.570007e-01 1.925000e+00 0.000000e+00 5.000000e-01
5.405401e-04 1.560405e-04 9.570007e-01 1.975000e+00 0.000000e+00 5.000000e-01
1.202342e-03 2.454277e-04 9.570007e-01 2.025000e+00 0.000000e+00 5.000000e-01
2.250687e-03 3.558663e-04 9.570007e-01 2.075000e+00 0.000000e+00 5.000000e-01
1.296662e-03 3.056273e-04 9.570007e-01 2.125000e+00 0.000000e+00 5.000000e-01
3.783029e-04 1.891519e-04 9.570007e-01 2.175000e+00 0.000000e+00 5.000000e-01
1.492265e-03 4.307807e-04 9.570007e-01 2.225000e+00 0.000000e+00 5.000000e-01
1.434028e-03 5.854421e-04 9.570007e-01 2.275000e+00 0.000000e+00 5.000000e-01
7.551063e-04 5.339408e-04 9.570007e-01 2.325000e+00 0.000000e+00 5.000000e-01
0.000000e+00 0.000000e+00 9.570007e-01 2.375000e+00 0.000000e+00 5.000000e-01
0.000000e+00 0.000000e+00 9.570007e-01 2.425000e+00 0.000000e+00 5.000000e-01
nan nan 9.570007e-01 2.475000e+00 0.000000e+00 5.000000e-01
nan nan 9.570007e-01 2.525000e+00 0.000000e+00 5.000000e-01
nan nan 9.570007e-01 2.575000e+00 0.000000e+00 5.000000e-01
nan nan 9.570007e-01 2.625000e+00 0.000000e+00 5.000000e-01
nan nan 9.570007e-01 2.675000e+00 0.000000e+00 5.000000e-01
nan nan 9.570007e-01 2.725000e+00 0.000000e+00 5.000000e-01
nan nan 9.570007e-01 2.775000e+00 0.000000e+00 5.000000e-01
nan nan 9.570007e-01 2.825000e+00 0.000000e+00 5.000000e-01
nan nan 9.570007e-01 2.875000e+00 0.000000e+00 5.000000e-01
nan nan 9.570007e-01 2.925000e+00 0.000000e+00 5.000000e-01
nan nan 9.570007e-01 2.975000e+00 0.000000e+00 5.000000e-01
nan nan 9.570007e-01 3.025000e+00 0.000000e+00 5.000000e-01
nan nan 9.570007e-01 3.075000e+00 0.000000e+00 5.000000e-01
nan nan 9.570007e-01 3.125000e+00 0.000000e+00 5.000000e-01
nan nan 9.570007e-01 3.175000e+00 0.000000e+00 5.000000e-01
nan nan 9.570007e-01 3.225000e+00 0.000000e+00 5.000000e-01
nan nan 9.570007e-01 3.275000e+00 0.000000e+00 5.000000e-01
nan nan 9.570007e-01 3.325000e+00 0.000000e+00 5.000000e-01
nan nan 9.570007e-01 3.375000e+00 0.000000e+00 5.000000e-01
nan nan 9.570007e-01 3.425000e+00 0.000000e+00 5.000000e-01
nan nan 9.570007e-01 3.475000e+00 0.000000e+00 5.000000e-01
nan nan 9.570007e-01 3.525000e+00 0.000000e+00 5.000000e-01
nan nan 9.570007e-01 3.575000e+00 0.000000e+00 5.000000e-01
nan nan 9.570007e-01 3.625000e+00 0.000000e+00 5.000000e-01
nan nan 9.570007e-01 3.675000e+00 0.000000e+00 5.000000e-01
nan nan 9.570007e-01 3.725000e+00 0.000000e+00 5.000000e-01
nan nan 9.570007e-01 3.775000e+00 0.000000e+00 5.000000e-01
nan nan 9.570007e-01 3.825000e+00 0.000000e+00 5.000000e-01
nan nan 9.570007e-01 3.875000e+00 0.000000e+00 5.000000e-01
nan nan 9.570007e-01 3.925000e+00 0.000000e+00 5.000000e-01
nan nan 9.570007e-01 3.975000e+00 0.000000e+00 5.000000e-01
1.389018e+01 2.017709e-02 9.770007e-01 2.500000e-02 0.000000e+00 5.000000e-01
6.692748e+00 1.384326e-02 9.770007e-01 7.500000e-02 0.000000e+00 5.000000e-01
1.121365e+00 5.595652e-03 9.770007e-01 1.250000e-01 0.000000e+00 5.000000e-01
1.952679e-01 2.318386e-03 9.770007e-01 1.750000e-01 0.000000e+00 5.000000e-01
4.044735e-02 1.045742e-03 9.770007e-01 2.250000e-01 0.000000e+00 5.000000e-01
5.284087e-03 3.774352e-04 9.770007e-01 2.750000e-01 0.000000e+00 5.000000e-01
3.597894e-03 3.085173e-04 9.770007e-01 3.250000e-01 0.000000e+00 5.000000e-01
2.774900e-03 2.721016e-04 9.770007e-01 3.750000e-01 0.000000e+00 5.000000e-01
2.174312e-03 2.401130e-04 9.770007e-01 4.250000e-01 0.000000e+00 5.000000e-01
1.532126e-03 2.011783e-04 9.770007e-01 4.750000e-01 0.000000e+00 5.000000e-01
1.364944e-03 1.892840e-04 9.770007e-01 5.250000e-01 0.000000e+00 5.000000e-01
1.589387e-03 2.051893e-04 9.770007e-01 5.750000e-01 0.000000e+00 5.000000e-01
7.461596e-04 1.410111e-04 9.770007e-01 6.250000e-01 0.000000e+00 5.000000e-01
1.600850e-03 2.102023e-04 9.770007e-01 6.750000e-01 0.000000e+00 5.000000e-01
7.330545e-04 1.437639e-04 9.770007e-01 7.250000e-01 0.000000e+00 5.000000e-01
3.938187e-04 1.052526e-04 9.770007e-01 7.750000e-01 0.000000e+00 5.000000e-01
9.845176e-04 1.640865e-04 9.770007e-01 8.250000e-01 0.000000e+00 5.000000e-01
5.523736e-04 1.235147e-04 9.770007e-01 8.750000e-01 0.000000e+00 5.000000e-01
4.511397e-04 1.127852e-04 9.770007e-01 9.250000e-01 0.000000e+00 5.000000e-01
3.510358e-04 1.013354e-04 9.770007e-01 9.750000e-01 0.000000e+00 5.000000e-01
7.781459e-04 1.470560e-04 9.770007e-01 1.025000e+00 0.000000e+00 5.000000e-01
5.441511e-04 1.216760e-04 9.770007e-01 1.075000e+00 0.000000e+00 5.000000e-01
6.058151e-04 1.291604e-04 9.770007e-01 1.125000e+00 0.000000e+00 5.000000e-01
1.076643e-03 1.746548e-04 9.770007e-01 1.175000e+00 0.000000e+00 5.000000e-01
7.582506e-04 1.432960e-04 9.770007e-01 1.225000e+00 0.000000e+00 5.000000e-01
1.008758e-03 1.636426e-04 9.770007e-01 1.275000e+00 0.000000e+00 5.000000e-01
1.124255e-03 1.734766e-04 9.770007e-01 1.325000e+00 0.000000e+00 5.000000e-01
1.597728e-03 2.097926e-04 9.770007e-01 1.375000e+00 0.000000e+00 5.000000e-01
1.483899e-03 2.019337e-04 9.770007e-01 1.425000e+00 0.000000e+00 5.000000e-01
1.018256e-03 1.697097e-04 9.770007e-01 1.475000e+00 0.000000e+00 5.000000e-01
1.027071e-03 1.761416e-04 9.770007e-01 1.525000e+00 0.000000e+00 5.000000e-01
1.094395e-03 1.876876e-04 9.770007e-01 1.575000e+00 0.000000e+00 5.000000e-01
1.125904e-03 1.990340e-04 9.770007e-01 1.625000e+00 0.000000e+00 5.000000e-01
8.295280e-04 1.768563e-04 9.770007e-01 1.675000e+00 0.000000e+00 5.000000e-01
9.804468e-04 2.001332e-04 9.770007e-01 1.725000e+00 0.000000e+00 5.000000e-01
1.057024e-03 2.253586e-04 9.770007e-01 1.775000e+00 0.000000e+00 5.000000e-01
3.300514e-04 1.347434e-04 9.770007e-01 1.825000e+00 0.000000e+00 5.000000e-01
5.925617e-04 1.873851e-04 9.770007e-01 1.875000e+00 0.000000e+00 5.000000e-01
1.106049e-03 2.956050e-04 9.770007e-01 1.925000e+00 0.000000e+00 5.000000e-01
3.959924e-04 1.979964e-04 9.770007e-01 1.975000e+00 0.000000e+00 5.000000e-01
0.000000e+00 0.000000e+00 9.770007e-01 2.025000e+00 0.000000e+00 5.000000e-01
5.062970e-04 3.580060e-04 9.770007e-01 2.075000e+00 0.000000e+00 5.000000e-01
9.806052e-04 6.933926e-04 9.770007e-01 2.125000e+00 0.000000e+00 5.000000e-01
7.047880e-03 2.877285e-03 9.770007e-01 2.175000e+00 0.000000e+00 5.000000e-01
0.000000e+00 0.000000e+00 9.770007e-01 2.225000e+00 0.000000e+00 5.000000e-01
nan nan 9.770007e-01 2.275000e+00 0.000000e+00 5.000000e-01
nan nan 9.770007e-01 2.325000e+00 0.000000e+00 5.000000e-01
nan nan 9.770007e-01 2.375000e+00 0.000000e+00 5.000000e-01
nan nan 9.770007e-01 2.425000e+00 0.000000e+00 5.000000e-01
nan nan 9.770007e-01 2.475000e+00 0.000000e+00 5.000000e-01
nan nan 9.770007e-01 2.525000e+00 0.000000e+00 5.000000e-01
nan nan 9.770007e-01 2.575000e+00 0.000000e+00 5.000000e-01
nan nan 9.770007e-01 2.625000e+00 0.000000e+00 5.000000e-01
nan nan 9.770007e-01 2.675000e+00 0.000000e+00 5.000000e-01
nan nan 9.770007e-01 2.725000e+00 0.000000e+00 5.000000e-01
nan nan 9.770007e-01 2.775000e+00 0.000000e+00 5.000000e-01
nan nan 9.770007e-01 2.825000e+00 0.000000e+00 5.000000e-01
nan nan 9.770007e-01 2.875000e+00 0.000000e+00 5.000000e-01
nan nan 9.770007e-01 2.925000e+00 0.000000e+00 5.000000e-01
nan nan 9.770007e-01 2.975000e+00 0.000000e+00 5.000000e-01
nan nan 9.770007e-01 3.025000e+00 0.000000e+00 5.000000e-01
nan nan 9.770007e-01 3.075000e+00 0.000000e+00 5.000000e-01
nan nan 9.770007e-01 3.125000e+00 0.000000e+00 5.000000e-01
nan nan 9.770007e-01 3.175000e+00 0.000000e+00 5.000000e-01
nan nan 9.770007e-01 3.225000e+00 0.000000e+00 5.000000e-01
nan nan 9.770007e-01 3.275000e+00 0.000000e+00 5.000000e-01
nan nan 9.770007e-01 3.325000e+00 0.000000e+00 5.000000e-01
nan nan 9.770007e-01 3.375000e+00 0.000000e+00 5.000000e-01
nan nan 9.770007e-01 3.425000e+00 0.000000e+00 5.000000e-01
nan nan 9.770007e-01 3.475000e+00 0.000000e+00 5.000000e-01
nan nan 9.770007e-01 3.525000e+00 0.000000e+00 5.000000e-01
nan nan 9.770007e-01 3.575000e+00 0.000000e+00 5.000000e-01
nan nan 9.770007e-01 3.625000e+00 0.000000e+00 5.000000e-01
nan nan 9.770007e-01 3.675000e+00 0.000000e+00 5.000000e-01
nan nan 9.770007e-01 3.725000e+00 0.000000e+00 5.000000e-01
nan nan 9.770007e-01 3.775000e+00 0.000000e+00 5.000000e-01
nan nan 9.770007e-01 3.825000e+00 0.000000e+00 5.000000e-01
nan nan 9.770007e-01 3.875000e+00 0.000000e+00 5.000000e-01
nan nan 9.770007e-01 3.925000e+00 0.000000e+00 5.000000e-01
nan nan 9.770007e-01 3.975000e+00 0.000000e+00 5.000000e-01
1.971986e+01 2.363126e-02 9.970007e-01 2.500000e-02 0.000000e+00 5.000000e-01
9.581812e+00 1.639685e-02 9.970007e-01 7.500000e-02 0.000000e+00 5.000000e-01
1.626792e+00 6.710040e-03 9.970007e-01 1.250000e-01 0.000000e+00 5.000000e-01
2.224599e-01 2.460565e-03 9.970007e-01 1.750000e-01 0.000000e+00 5.000000e-01
4.871395e-02 1.150760e-03 9.970007e-01 2.250000e-01 0.000000e+00 5.000000e-01
5.378045e-03 3.822015e-04 9.970007e-01 2.750000e-01 0.000000e+00 5.000000e-01
2.951414e-03 2.814066e-04 9.970007e-01 3.250000e-01 0.000000e+00 5.000000e-01
2.384522e-03 2.541912e-04 9.970007e-01 3.750000e-01 0.000000e+00 5.000000e-01
1.613688e-03 2.083264e-04 9.970007e-01 4.250000e-01 0.000000e+00 5.000000e-01
1.968730e-03 2.320174e-04 9.970007e-01 4.750000e-01 0.000000e+00 5.000000e-01
1.639082e-03 2.152223e-04 9.970007e-01 5.250000e-01 0.000000e+00 5.000000e-01
1.211494e-03 1.869378e-04 9.970007e-01 5.750000e-01 0.000000e+00 5.000000e-01
9.741977e-04 1.670737e-04 9.970007e-01 6.250000e-01 0.000000e+00 5.000000e-01
1.000820e-03 1.668036e-04 9.970007e-01 6.750000e-01 0.000000e+00 5.000000e-01
8.478872e-04 1.548026e-04 9.970007e-01 7.250000e-01 0.000000e+00 5.000000e-01
8.015505e-04 1.514789e-04 9.970007e-01 7.750000e-01 0.000000e+00 5.000000e-01
8.261760e-04 1.561327e-04 9.970007e-01 8.250000e-01 0.000000e+00 5.000000e-01
6.707493e-04 1.369164e-04 9.970007e-01 8.750000e-01 0.000000e+00 5.000000e-01
7.176076e-04 1.407347e-04 9.970007e-01 9.250000e-01 0.000000e+00 5.000000e-01
6.153353e-04 1.311900e-04 9.970007e-01 9.750000e-01 0.000000e+00 5.000000e-01
6.322244e-04 1.347910e-04 9.970007e-01 1.025000e+00 0.000000e+00 5.000000e-01
4.933514e-04 1.162842e-04 9.970007e-01 1.075000e+00 0.000000e+00 5.000000e-01
5.474589e-04 1.224157e-04 9.970007e-01 1.125000e+00 0.000000e+00 5.000000e-01
6.118091e-04 1.304383e-04 9.970007e-01 1.175000e+00 0.000000e+00 5.000000e-01
1.128906e-03 1.831330e-04 9.970007e-01 1.225000e+00 0.000000e+00 5.000000e-01
7.786554e-04 1.527073e-04 9.970007e-01 1.275000e+00 0.000000e+00 5.000000e-01
1.019438e-03 1.802131e-04 9.970007e-01 1.325000e+00 0.000000e+00 5.000000e-01
1.248495e-03 2.080829e-04 9.970007e-01 1.375000e+00 0.000000e+00 5.000000e-01
1.137915e-03 2.077543e-04 9.970007e-01 1.425000e+00 0.000000e+00 5.000000e-01
6.548130e-04 1.637036e-04 9.970007e-01 1.475000e+00 0.000000e+00 5.000000e-01
7.076370e-04 1.769099e-04 9.970007e-01 1.525000e+00 0.000000e+00 5.000000e-01
1.728017e-03 2.963531e-04 9.970007e-01 1.575000e+00 0.000000e+00 5.000000e-01
7.039186e-04 2.032041e-04 9.970007e-01 1.625000e+00 0.000000e+00 5.000000e-01
8.087705e-04 2.334723e-04 9.970007e-01 1.675000e+00 0.000000e+00 5.000000e-01
1.156566e-03 3.091061e-04 9.970007e-01 1.725000e+00 0.000000e+00 5.000000e-01
2.115816e-03 4.987031e-04 9.970007e-01 1.775000e+00 0.000000e+00 5.000000e-01
1.271862e-03 4.496728e-04 9.970007e-01 1.825000e+00 0.000000e+00 5.000000e-01
6.083581e-04 4.301741e-04 9.970007e-01 1.875000e+00 0.000000e+00 5.000000e-01
1.314706e-03 9.296374e-04 9.970007e-01 1.925000e+00 0.000000e+00 5.000000e-01
0.000000e+00 0.000000e+00 9.970007e-01 1.975000e+00 0.000000e+00 5.000000e-01
0.000000e+00 0.000000e+00 9.970007e-01 2.025000e+00 0.000000e+00 5.000000e-01
nan nan 9.970007e-01 2.075000e+00 0.000000e+00 5.000000e-01
nan nan 9.970007e-01 2.125000e+00 0.000000e+00 5.000000e-01
nan nan 9.970007e-01 2.175000e+00 0.000000e+00 5.000000e-01
nan nan 9.970007e-01 2.225000e+00 0.000000e+00 5.000000e-01
nan nan 9.970007e-01 2.275000e+00 0.000000e+00 5.000000e-01
nan nan 9.970007e-01 2.325000e+00 0.000000e+00 5.000000e-01
nan nan 9.970007e-01 2.375000e+00 0.000000e+00 5.000000e-01
nan nan 9.970007e-01 2.425000e+00 0.000000e+00 5.000000e-01
nan nan 9.970007e-01 2.475000e+00 0.000000e+00 5.000000e-01
nan nan 9.970007e-01 2.525000e+00 0.000000e+00 5.000000e-01
nan nan 9.970007e-01 2.575000e+00 0.000000e+00 5.000000e-01
nan nan 9.970007e-01 2.625000e+00 0.000000e+00 5.000000e-01
nan nan 9.970007e-01 2.675000e+00 0.000000e+00 5.000000e-01
nan nan 9.970007e-01 2.725000e+00 0.000000e+00 5.000000e-01
nan nan 9.970007e-01 2.775000e+00 0.000000e+00 5.000000e-01
nan nan 9.970007e-01 2.825000e+00 0.000000e+00 5.000000e-01
nan nan 9.970007e-01 2.875000e+00 0.000000e+00 5.000000e-01
nan nan 9.970007e-01 2.925000e+00 0.000000e+00 5.000000e-01
nan nan 9.970007e-01 2.975000e+00 0.000000e+00 5.000000e-01
nan nan 9.970007e-01 3.025000e+00 0.000000e+00 5.000000e-01
nan nan 9.970007e-01 3.075000e+00 0.000000e+00 5.000000e-01
nan nan 9.970007e-01 3.125000e+00 0.000000e+00 5.000000e-01
nan nan 9.970007e-01 3.175000e+00 0.000000e+00 5.000000e-01
nan nan 9.970007e-01 3.225000e+00 0.000000e+00 5.000000e-01
nan nan 9.970007e-01 3.275000e+00 0.000000e+00 5.000000e-01
nan nan 9.970007e-01 3.325000e+00 0.000000e+00 5.000000e-01
nan nan 9.970007e-01 3.375000e+00 0.000000e+00 5.000000e-01
nan nan 9.970007e-01 3.425000e+00 0.000000e+00 5.000000e-01
nan nan 9.970007e-01 3.475000e+00 0.000000e+00 5.000000e-01
nan nan 9.970007e-01 3.525000e+00 0.000000e+00 5.000000e-01
nan nan 9.970007e-01 3.575000e+00 0.000000e+00 5.000000e-01
nan nan 9.970007e-01 3.625000e+00 0.000000e+00 5.000000e-01
nan nan 9.970007e-01 3.675000e+00 0.000000e+00 5.000000e-01
nan nan 9.970007e-01 3.725000e+00 0.000000e+00 5.000000e-01
nan nan 9.970007e-01 3.775000e+00 0.000000e+00 5.000000e-01
nan nan 9.970007e-01 3.825000e+00 0.000000e+00 5.000000e-01
nan nan 9.970007e-01 3.875000e+00 0.000000e+00 5.000000e-01
nan nan 9.970007e-01 3.925000e+00 0.000000e+00 5.000000e-01
nan nan 9.970007e-01 3.975000e+00 0.000000e+00 5.000000e-01
