# Intensity Error [H,-0.5H,0] DeltaE [0,K,0] [0,0,L]
#  shape: 134x58x1x1
4.726010e-01 4.346604e-03 -3.280000e-01 2.500000e-02 5.000000e-01 0.000000e+00
7.503472e-02 1.748309e-03 -3.280000e-01 7.500000e-02 5.000000e-01 0.000000e+00
3.130980e-03 3.545146e-04 -3.280000e-01 1.250000e-01 5.000000e-01 0.000000e+00
1.955132e-03 2.821996e-04 -3.280000e-01 1.750000e-01 5.000000e-01 0.000000e+00
1.297305e-03 2.293340e-04 -3.280000e-01 2.250000e-01 5.000000e-01 0.000000e+00
1.361949e-03 2.335728e-04 -3.280000e-01 2.750000e-01 5.000000e-01 0.000000e+00
1.293542e-03 2.286688e-04 -3.280000e-01 3.250000e-01 5.000000e-01 0.000000e+00
1.475274e-03 2.393218e-04 -3.280000e-01 3.750000e-01 5.000000e-01 0.000000e+00
1.301355e-03 2.231809e-04 -3.280000e-01 4.250000e-01 5.000000e-01 0.000000e+00
5.436691e-04 1.453019e-04 -3.280000e-01 4.750000e-01 5.000000e-01 0.000000e+00
7.701362e-04 1.722083e-04 -3.280000e-01 5.250000e-01 5.000000e-01 0.000000e+00
6.189938e-04 1.547490e-04 -3.280000e-01 5.750000e-01 5.000000e-01 0.000000e+00
5.365672e-04 1.434040e-04 -3.280000e-01 6.250000e-01 5.000000e-01 0.000000e+00
1.057558e-03 1.998606e-04 -3.280000e-01 6.750000e-01 5.000000e-01 0.000000e+00
8.347896e-04 1.779784e-04 -3.280000e-01 7.250000e-01 5.000000e-01 0.000000e+00
7.418821e-04 1.658905e-04 -3.280000e-01 7.750000e-01 5.000000e-01 0.000000e+00
1.178533e-03 2.083379e-04 -3.280000e-01 8.250000e-01 5.000000e-01 0.000000e+00
1.398235e-03 2.268246e-04 -3.280000e-01 8.750000e-01 5.000000e-01 0.000000e+00
9.528318e-04 1.868663e-04 -3.280000e-01 9.250000e-01 5.000000e-01 0.000000e+00
1.375386e-03 2.231181e-04 -3.280000e-01 9.750000e-01 5.000000e-01 0.000000e+00
1.079781e-03 1.971408e-04 -3.280000e-01 1.025000e+00 5.000000e-01 0.000000e+00
8.625992e-04 1.760784e-04 -3.280000e-01 1.075000e+00 5.000000e-01 0.000000e+00
1.198757e-03 2.055868e-04 -3.280000e-01 1.125000e+00 5.000000e-01 0.000000e+00
6.248741e-04 1.472845e-04 -3.280000e-01 1.175000e+00 5.000000e-01 0.000000e+00
1.109439e-03 1.961246e-04 -3.280000e-01 1.225000e+00 5.000000e-01 0.000000e+00
1.094147e-03 1.934206e-04 -3.280000e-01 1.275000e+00 5.000000e-01 0.000000e+00
1.426697e-03 2.201452e-04 -3.280000e-01 1.325000e+00 5.000000e-01 0.000000e+00
8.680162e-04 1.702327e-04 -3.280000e-01 1.375000e+00 5.000000e-01 0.000000e+00
6.001357e-04 1.414535e-04 -3.280000e-01 1.425000e+00 5.000000e-01 0.000000e+00
1.247696e-03 2.024044e-04 -3.280000e-01 1.475000e+00 5.000000e-01 0.000000e+00
1.357904e-03 2.095308e-04 -3.280000e-01 1.525000e+00 5.000000e-01 0.000000e+00
3.850640e-04 1.111595e-04 -3.280000e-01 1.575000e+00 5.000000e-01 0.000000e+00
1.141436e-03 1.902407e-04 -3.280000e-01 1.625000e+00 5.000000e-01 0.000000e+00
1.616170e-03 2.241241e-04 -3.280000e-01 1.675000e+00 5.000000e-01 0.000000e+00
1.355779e-03 2.043936e-04 -3.280000e-01 1.725000e+00 5.000000e-01 0.000000e+00
2.488112e-03 2.747688e-04 -3.280000e-01 1.775000e+00 5.000000e-01 0.000000e+00
1.684545e-03 2.251092e-04 -3.280000e-01 1.825000e+00 5.000000e-01 0.000000e+00
2.580556e-03 2.750920e-04 -3.280000e-01 1.875000e+00 5.000000e-01 0.000000e+00
1.979008e-03 2.399929e-04 -3.280000e-01 1.925000e+00 5.000000e-01 0.000000e+00
2.000154e-03 2.390682e-04 -3.280000e-01 1.975000e+00 5.000000e-01 0.000000e+00
1.733298e-03 2.201331e-04 -3.280000e-01 2.025000e+00 5.000000e-01 0.000000e+00
1.386155e-03 1.960354e-04 -3.280000e-01 2.075000e+00 5.000000e-01 0.000000e+00
2.416989e-03 2.547777e-04 -3.280000e-01 2.125000e+00 5.000000e-01 0.000000e+00
1.702122e-03 2.127680e-04 -3.280000e-01 2.175000e+00 5.000000e-01 0.000000e+00
1.140320e-03 1.719124e-04 -3.280000e-01 2.225000e+00 5.000000e-01 0.000000e+00
1.575357e-03 2.000754e-04 -3.280000e-01 2.275000e+00 5.000000e-01 0.000000e+00
1.089241e-03 1.642125e-04 -3.280000e-01 2.325000e+00 5.000000e-01 0.000000e+00
1.448106e-03 1.869556e-04 -3.280000e-01 2.375000e+00 5.000000e-01 0.000000e+00
1.419711e-03 1.832893e-04 -3.280000e-01 2.425000e+00 5.000000e-01 0.000000e+00
1.383759e-03 1.786492e-04 -3.280000e-01 2.475000e+00 5.000000e-01 0.000000e+00
1.334450e-03 1.722831e-04 -3.280000e-01 2.525000e+00 5.000000e-01 0.000000e+00
1.038442e-03 1.498968e-04 -3.280000e-01 2.575000e+00 5.000000e-01 0.000000e+00
8.338490e-04 1.318527e-04 -3.280000e-01 2.625000e+00 5.000000e-01 0.000000e+00
1.120022e-03 1.496727e-04 -3.280000e-01 2.675000e+00 5.000000e-01 0.000000e+00
1.473996e-03 1.690939e-04 -3.280000e-01 2.725000e+00 5.000000e-01 0.000000e+00
7.781830e-04 1.200833e-04 -3.280000e-01 2.775000e+00 5.000000e-01 0.000000e+00
1.277441e-03 1.505621e-04 -3.280000e-01 2.825000e+00 5.000000e-01 0.000000e+00
1.472947e-03 1.570325e-04 -3.280000e-01 2.875000e+00 5.000000e-01 0.000000e+00
4.720042e-01 4.338547e-03 -3.180000e-01 2.500000e-02 5.000000e-01 0.000000e+00
7.482494e-02 1.732173e-03 -3.180000e-01 7.500000e-02 5.000000e-01 0.000000e+00
3.885915e-03 3.966057e-04 -3.180000e-01 1.250000e-01 5.000000e-01 0.000000e+00
1.854116e-03 2.733750e-04 -3.180000e-01 1.750000e-01 5.000000e-01 0.000000e+00
1.778480e-03 2.681166e-04 -3.180000e-01 2.250000e-01 5.000000e-01 0.000000e+00
1.510511e-03 2.450381e-04 -3.180000e-01 2.750000e-01 5.000000e-01 0.000000e+00
1.118397e-03 2.113576e-04 -3.180000e-01 3.250000e-01 5.000000e-01 0.000000e+00
1.191081e-03 2.174610e-04 -3.180000e-01 3.750000e-01 5.000000e-01 0.000000e+00
1.309527e-03 2.245826e-04 -3.180000e-01 4.250000e-01 5.000000e-01 0.000000e+00
6.835258e-04 1.611092e-04 -3.180000e-01 4.750000e-01 5.000000e-01 0.000000e+00
1.214333e-03 2.146665e-04 -3.180000e-01 5.250000e-01 5.000000e-01 0.000000e+00
7.610643e-04 1.701796e-04 -3.180000e-01 5.750000e-01 5.000000e-01 0.000000e+00
7.651127e-04 1.710845e-04 -3.180000e-01 6.250000e-01 5.000000e-01 0.000000e+00
8.324624e-04 1.774822e-04 -3.180000e-01 6.750000e-01 5.000000e-01 0.000000e+00
9.035450e-04 1.844357e-04 -3.180000e-01 7.250000e-01 5.000000e-01 0.000000e+00
1.123951e-03 2.052050e-04 -3.180000e-01 7.750000e-01 5.000000e-01 0.000000e+00
8.797374e-04 1.795765e-04 -3.180000e-01 8.250000e-01 5.000000e-01 0.000000e+00
1.159338e-03 2.049445e-04 -3.180000e-01 8.750000e-01 5.000000e-01 0.000000e+00
5.808955e-04 1.452244e-04 -3.180000e-01 9.250000e-01 5.000000e-01 0.000000e+00
1.017122e-03 1.922190e-04 -3.180000e-01 9.750000e-01 5.000000e-01 0.000000e+00
6.468435e-04 1.524631e-04 -3.180000e-01 1.025000e+00 5.000000e-01 0.000000e+00
6.408797e-04 1.510573e-04 -3.180000e-01 1.075000e+00 5.000000e-01 0.000000e+00
1.329856e-03 2.157323e-04 -3.180000e-01 1.125000e+00 5.000000e-01 0.000000e+00
1.114213e-03 1.969678e-04 -3.180000e-01 1.175000e+00 5.000000e-01 0.000000e+00
1.368958e-03 2.164525e-04 -3.180000e-01 1.225000e+00 5.000000e-01 0.000000e+00
1.092635e-03 1.931534e-04 -3.180000e-01 1.275000e+00 5.000000e-01 0.000000e+00
6.770028e-04 1.513832e-04 -3.180000e-01 1.325000e+00 5.000000e-01 0.000000e+00
1.136395e-03 1.948919e-04 -3.180000e-01 1.375000e+00 5.000000e-01 0.000000e+00
1.051146e-03 1.858192e-04 -3.180000e-01 1.425000e+00 5.000000e-01 0.000000e+00
6.521033e-04 1.458158e-04 -3.180000e-01 1.475000e+00 5.000000e-01 0.000000e+00
1.221838e-03 1.982094e-04 -3.180000e-01 1.525000e+00 5.000000e-01 0.000000e+00
1.084834e-03 1.860494e-04 -3.180000e-01 1.575000e+00 5.000000e-01 0.000000e+00
1.130071e-03 1.883466e-04 -3.180000e-01 1.625000e+00 5.000000e-01 0.000000e+00
1.306744e-03 2.016370e-04 -3.180000e-01 1.675000e+00 5.000000e-01 0.000000e+00
1.657843e-03 2.256063e-04 -3.180000e-01 1.725000e+00 5.000000e-01 0.000000e+00
2.243932e-03 2.608541e-04 -3.180000e-01 1.775000e+00 5.000000e-01 0.000000e+00
1.951872e-03 2.402612e-04 -3.180000e-01 1.825000e+00 5.000000e-01 0.000000e+00
2.002260e-03 2.428132e-04 -3.180000e-01 1.875000e+00 5.000000e-01 0.000000e+00
1.961495e-03 2.378694e-04 -3.180000e-01 1.925000e+00 5.000000e-01 0.000000e+00
2.439345e-03 2.630449e-04 -3.180000e-01 1.975000e+00 5.000000e-01 0.000000e+00
1.962115e-03 2.345217e-04 -3.180000e-01 2.025000e+00 5.000000e-01 0.000000e+00
2.030994e-03 2.361025e-04 -3.180000e-01 2.075000e+00 5.000000e-01 0.000000e+00
1.838562e-03 2.229625e-04 -3.180000e-01 2.125000e+00 5.000000e-01 0.000000e+00
1.786753e-03 2.166784e-04 -3.180000e-01 2.175000e+00 5.000000e-01 0.000000e+00
1.658172e-03 2.072766e-04 -3.180000e-01 2.225000e+00 5.000000e-01 0.000000e+00
1.866912e-03 2.170284e-04 -3.180000e-01 2.275000e+00 5.000000e-01 0.000000e+00
1.631613e-03 2.008423e-04 -3.180000e-01 2.325000e+00 5.000000e-01 0.000000e+00
1.247899e-03 1.730584e-04 -3.180000e-01 2.375000e+00 5.000000e-01 0.000000e+00
1.082535e-03 1.596167e-04 -3.180000e-01 2.425000e+00 5.000000e-01 0.000000e+00
8.698512e-04 1.411127e-04 -3.180000e-01 2.475000e+00 5.000000e-01 0.000000e+00
8.875894e-04 1.403456e-04 -3.180000e-01 2.525000e+00 5.000000e-01 0.000000e+00
1.033832e-03 1.492274e-04 -3.180000e-01 2.575000e+00 5.000000e-01 0.000000e+00
7.878320e-04 1.278082e-04 -3.180000e-01 2.625000e+00 5.000000e-01 0.000000e+00
1.006992e-03 1.424183e-04 -3.180000e-01 2.675000e+00 5.000000e-01 0.000000e+00
1.389384e-03 1.637550e-04 -3.180000e-01 2.725000e+00 5.000000e-01 0.000000e+00
1.251694e-03 1.518010e-04 -3.180000e-01 2.775000e+00 5.000000e-01 0.000000e+00
1.223877e-03 1.462914e-04 -3.180000e-01 2.825000e+00 5.000000e-01 0.000000e+00
9.658786e-04 1.268448e-04 -3.180000e-01 2.875000e+00 5.000000e-01 0.000000e+00
4.624386e-01 4.305911e-03 -3.080000e-01 2.500000e-02 5.000000e-01 0.000000e+00
7.831812e-02 1.766327e-03 -3.080000e-01 7.500000e-02 5.000000e-01 0.000000e+00
3.321760e-03 3.668280e-04 -3.080000e-01 1.250000e-01 5.000000e-01 0.000000e+00
1.276468e-03 2.256503e-04 -3.080000e-01 1.750000e-01 5.000000e-01 0.000000e+00
1.599249e-03 2.528643e-04 -3.080000e-01 2.250000e-01 5.000000e-01 0.000000e+00
1.441752e-03 2.402924e-04 -3.080000e-01 2.750000e-01 5.000000e-01 0.000000e+00
3.971256e-04 1.255824e-04 -3.080000e-01 3.250000e-01 5.000000e-01 0.000000e+00
1.343303e-03 2.303752e-04 -3.080000e-01 3.750000e-01 5.000000e-01 0.000000e+00
1.160880e-03 2.119472e-04 -3.080000e-01 4.250000e-01 5.000000e-01 0.000000e+00
6.895331e-04 1.625249e-04 -3.080000e-01 4.750000e-01 5.000000e-01 0.000000e+00
7.512706e-04 1.679895e-04 -3.080000e-01 5.250000e-01 5.000000e-01 0.000000e+00
1.045534e-03 1.975881e-04 -3.080000e-01 5.750000e-01 5.000000e-01 0.000000e+00
8.294083e-04 1.768309e-04 -3.080000e-01 6.250000e-01 5.000000e-01 0.000000e+00
1.139489e-03 2.080420e-04 -3.080000e-01 6.750000e-01 5.000000e-01 0.000000e+00
6.723012e-04 1.584636e-04 -3.080000e-01 7.250000e-01 5.000000e-01 0.000000e+00
8.119927e-04 1.731179e-04 -3.080000e-01 7.750000e-01 5.000000e-01 0.000000e+00
1.021928e-03 1.931270e-04 -3.080000e-01 8.250000e-01 5.000000e-01 0.000000e+00
6.581651e-04 1.551318e-04 -3.080000e-01 8.750000e-01 5.000000e-01 0.000000e+00
7.938112e-04 1.692416e-04 -3.080000e-01 9.250000e-01 5.000000e-01 0.000000e+00
1.151981e-03 2.036442e-04 -3.080000e-01 9.750000e-01 5.000000e-01 0.000000e+00
7.147442e-04 1.598222e-04 -3.080000e-01 1.025000e+00 5.000000e-01 0.000000e+00
1.061975e-03 1.938901e-04 -3.080000e-01 1.075000e+00 5.000000e-01 0.000000e+00
1.247442e-03 2.079083e-04 -3.080000e-01 1.125000e+00 5.000000e-01 0.000000e+00
8.270170e-04 1.688149e-04 -3.080000e-01 1.175000e+00 5.000000e-01 0.000000e+00
7.554756e-04 1.610688e-04 -3.080000e-01 1.225000e+00 5.000000e-01 0.000000e+00
8.182293e-04 1.670213e-04 -3.080000e-01 1.275000e+00 5.000000e-01 0.000000e+00
1.145095e-03 1.963835e-04 -3.080000e-01 1.325000e+00 5.000000e-01 0.000000e+00
1.125443e-03 1.930134e-04 -3.080000e-01 1.375000e+00 5.000000e-01 0.000000e+00
1.044100e-03 1.845738e-04 -3.080000e-01 1.425000e+00 5.000000e-01 0.000000e+00
9.050510e-04 1.710397e-04 -3.080000e-01 1.475000e+00 5.000000e-01 0.000000e+00
1.423248e-03 2.145638e-04 -3.080000e-01 1.525000e+00 5.000000e-01 0.000000e+00
9.559077e-04 1.745252e-04 -3.080000e-01 1.575000e+00 5.000000e-01 0.000000e+00
1.251099e-03 1.978182e-04 -3.080000e-01 1.625000e+00 5.000000e-01 0.000000e+00
1.669526e-03 2.271958e-04 -3.080000e-01 1.675000e+00 5.000000e-01 0.000000e+00
1.346959e-03 2.030634e-04 -3.080000e-01 1.725000e+00 5.000000e-01 0.000000e+00
1.739927e-03 2.284663e-04 -3.080000e-01 1.775000e+00 5.000000e-01 0.000000e+00
1.957060e-03 2.409002e-04 -3.080000e-01 1.825000e+00 5.000000e-01 0.000000e+00
1.463732e-03 2.070061e-04 -3.080000e-01 1.875000e+00 5.000000e-01 0.000000e+00
1.667805e-03 2.189964e-04 -3.080000e-01 1.925000e+00 5.000000e-01 0.000000e+00
2.037645e-03 2.401428e-04 -3.080000e-01 1.975000e+00 5.000000e-01 0.000000e+00
1.444146e-03 2.002700e-04 -3.080000e-01 2.025000e+00 5.000000e-01 0.000000e+00
1.584263e-03 2.080272e-04 -3.080000e-01 2.075000e+00 5.000000e-01 0.000000e+00
2.360203e-03 2.516031e-04 -3.080000e-01 2.125000e+00 5.000000e-01 0.000000e+00
1.623861e-03 2.062338e-04 -3.080000e-01 2.175000e+00 5.000000e-01 0.000000e+00
1.443892e-03 1.929523e-04 -3.080000e-01 2.225000e+00 5.000000e-01 0.000000e+00
1.709190e-03 2.072750e-04 -3.080000e-01 2.275000e+00 5.000000e-01 0.000000e+00
1.521923e-03 1.932885e-04 -3.080000e-01 2.325000e+00 5.000000e-01 0.000000e+00
1.873343e-03 2.121195e-04 -3.080000e-01 2.375000e+00 5.000000e-01 0.000000e+00
1.027808e-03 1.549540e-04 -3.080000e-01 2.425000e+00 5.000000e-01 0.000000e+00
1.358932e-03 1.754438e-04 -3.080000e-01 2.475000e+00 5.000000e-01 0.000000e+00
9.721382e-04 1.465596e-04 -3.080000e-01 2.525000e+00 5.000000e-01 0.000000e+00
8.580283e-04 1.356704e-04 -3.080000e-01 2.575000e+00 5.000000e-01 0.000000e+00
9.513404e-04 1.402750e-04 -3.080000e-01 2.625000e+00 5.000000e-01 0.000000e+00
1.518478e-03 1.741925e-04 -3.080000e-01 2.675000e+00 5.000000e-01 0.000000e+00
1.305060e-03 1.582690e-04 -3.080000e-01 2.725000e+00 5.000000e-01 0.000000e+00
4.781872e-04 9.378837e-05 -3.080000e-01 2.775000e+00 5.000000e-01 0.000000e+00
1.467276e-03 1.601101e-04 -3.080000e-01 2.825000e+00 5.000000e-01 0.000000e+00
8.598430e-04 1.192548e-04 -3.080000e-01 2.875000e+00 5.000000e-01 0.000000e+00
4.782431e-01 4.308680e-03 -2.980000e-01 2.500000e-02 5.000000e-01 0.000000e+00
7.686251e-02 1.715273e-03 -2.980000e-01 7.500000e-02 5.000000e-01 0.000000e+00
2.539638e-03 3.174557e-04 -2.980000e-01 1.250000e-01 5.000000e-01 0.000000e+00
2.317808e-03 3.043439e-04 -2.980000e-01 1.750000e-01 5.000000e-01 0.000000e+00
1.587071e-03 2.509386e-04 -2.980000e-01 2.250000e-01 5.000000e-01 0.000000e+00
1.353784e-03 2.321726e-04 -2.980000e-01 2.750000e-01 5.000000e-01 0.000000e+00
1.587835e-03 2.510594e-04 -2.980000e-01 3.250000e-01 5.000000e-01 0.000000e+00
1.251026e-03 2.211528e-04 -2.980000e-01 3.750000e-01 5.000000e-01 0.000000e+00
7.640890e-04 1.708563e-04 -2.980000e-01 4.250000e-01 5.000000e-01 0.000000e+00
6.847099e-04 1.613883e-04 -2.980000e-01 4.750000e-01 5.000000e-01 0.000000e+00
5.290715e-04 1.414006e-04 -2.980000e-01 5.250000e-01 5.000000e-01 0.000000e+00
8.302443e-04 1.770093e-04 -2.980000e-01 5.750000e-01 5.000000e-01 0.000000e+00
1.052067e-03 1.988224e-04 -2.980000e-01 6.250000e-01 5.000000e-01 0.000000e+00
1.331421e-03 2.219042e-04 -2.980000e-01 6.750000e-01 5.000000e-01 0.000000e+00
4.478246e-04 1.292761e-04 -2.980000e-01 7.250000e-01 5.000000e-01 0.000000e+00
1.105799e-03 2.018911e-04 -2.980000e-01 7.750000e-01 5.000000e-01 0.000000e+00
1.454747e-03 2.300165e-04 -2.980000e-01 8.250000e-01 5.000000e-01 0.000000e+00
1.227460e-03 2.105081e-04 -2.980000e-01 8.750000e-01 5.000000e-01 0.000000e+00
1.011363e-03 1.911305e-04 -2.980000e-01 9.250000e-01 5.000000e-01 0.000000e+00
9.364128e-04 1.836461e-04 -2.980000e-01 9.750000e-01 5.000000e-01 0.000000e+00
4.254926e-04 1.228300e-04 -2.980000e-01 1.025000e+00 5.000000e-01 0.000000e+00
9.086532e-04 1.782024e-04 -2.980000e-01 1.075000e+00 5.000000e-01 0.000000e+00
1.175334e-03 2.015695e-04 -2.980000e-01 1.125000e+00 5.000000e-01 0.000000e+00
1.295287e-03 2.101239e-04 -2.980000e-01 1.175000e+00 5.000000e-01 0.000000e+00
8.185390e-04 1.670843e-04 -2.980000e-01 1.225000e+00 5.000000e-01 0.000000e+00
1.019299e-03 1.860987e-04 -2.980000e-01 1.275000e+00 5.000000e-01 0.000000e+00
7.368859e-04 1.571053e-04 -2.980000e-01 1.325000e+00 5.000000e-01 0.000000e+00
1.181791e-03 1.969670e-04 -2.980000e-01 1.375000e+00 5.000000e-01 0.000000e+00
7.838614e-04 1.600061e-04 -2.980000e-01 1.425000e+00 5.000000e-01 0.000000e+00
8.436797e-04 1.654600e-04 -2.980000e-01 1.475000e+00 5.000000e-01 0.000000e+00
8.367599e-04 1.641033e-04 -2.980000e-01 1.525000e+00 5.000000e-01 0.000000e+00
1.194382e-03 1.937564e-04 -2.980000e-01 1.575000e+00 5.000000e-01 0.000000e+00
1.118991e-03 1.865002e-04 -2.980000e-01 1.625000e+00 5.000000e-01 0.000000e+00
1.484110e-03 2.142151e-04 -2.980000e-01 1.675000e+00 5.000000e-01 0.000000e+00
1.999553e-03 2.461304e-04 -2.980000e-01 1.725000e+00 5.000000e-01 0.000000e+00
2.099642e-03 2.509574e-04 -2.980000e-01 1.775000e+00 5.000000e-01 0.000000e+00
1.886680e-03 2.358376e-04 -2.980000e-01 1.825000e+00 5.000000e-01 0.000000e+00
1.394586e-03 2.012936e-04 -2.980000e-01 1.875000e+00 5.000000e-01 0.000000e+00
1.657879e-03 2.176933e-04 -2.980000e-01 1.925000e+00 5.000000e-01 0.000000e+00
1.802765e-03 2.253482e-04 -2.980000e-01 1.975000e+00 5.000000e-01 0.000000e+00
1.934712e-03 2.312465e-04 -2.980000e-01 2.025000e+00 5.000000e-01 0.000000e+00
1.955458e-03 2.304568e-04 -2.980000e-01 2.075000e+00 5.000000e-01 0.000000e+00
1.972603e-03 2.293149e-04 -2.980000e-01 2.125000e+00 5.000000e-01 0.000000e+00
1.417371e-03 1.928830e-04 -2.980000e-01 2.175000e+00 5.000000e-01 0.000000e+00
1.424674e-03 1.903828e-04 -2.980000e-01 2.225000e+00 5.000000e-01 0.000000e+00
1.608862e-03 2.011122e-04 -2.980000e-01 2.275000e+00 5.000000e-01 0.000000e+00
1.612941e-03 1.985438e-04 -2.980000e-01 2.325000e+00 5.000000e-01 0.000000e+00
1.576095e-03 1.940098e-04 -2.980000e-01 2.375000e+00 5.000000e-01 0.000000e+00
1.399376e-03 1.806641e-04 -2.980000e-01 2.425000e+00 5.000000e-01 0.000000e+00
7.204848e-04 1.273688e-04 -2.980000e-01 2.475000e+00 5.000000e-01 0.000000e+00
1.015462e-03 1.497270e-04 -2.980000e-01 2.525000e+00 5.000000e-01 0.000000e+00
1.020134e-03 1.472499e-04 -2.980000e-01 2.575000e+00 5.000000e-01 0.000000e+00
1.031787e-03 1.459230e-04 -2.980000e-01 2.625000e+00 5.000000e-01 0.000000e+00
1.506572e-03 1.728251e-04 -2.980000e-01 2.675000e+00 5.000000e-01 0.000000e+00
1.221583e-03 1.527075e-04 -2.980000e-01 2.725000e+00 5.000000e-01 0.000000e+00
8.706570e-04 1.256802e-04 -2.980000e-01 2.775000e+00 5.000000e-01 0.000000e+00
1.219950e-03 1.458264e-04 -2.980000e-01 2.825000e+00 5.000000e-01 0.000000e+00
6.853228e-04 1.057577e-04 -2.980000e-01 2.875000e+00 5.000000e-01 0.000000e+00
4.773197e-01 4.346109e-03 -2.880000e-01 2.500000e-02 5.000000e-01 0.000000e+00
7.678957e-02 1.747026e-03 -2.880000e-01 7.500000e-02 5.000000e-01 0.000000e+00
3.432992e-03 3.618701e-04 -2.880000e-01 1.250000e-01 5.000000e-01 0.000000e+00
2.591319e-03 3.142446e-04 -2.880000e-01 1.750000e-01 5.000000e-01 0.000000e+00
1.588202e-03 2.511173e-04 -2.880000e-01 2.250000e-01 5.000000e-01 0.000000e+00
9.491646e-04 1.937476e-04 -2.880000e-01 2.750000e-01 5.000000e-01 0.000000e+00
1.336971e-03 2.292893e-04 -2.880000e-01 3.250000e-01 5.000000e-01 0.000000e+00
1.250201e-03 2.210069e-04 -2.880000e-01 3.750000e-01 5.000000e-01 0.000000e+00
1.133594e-03 2.069654e-04 -2.880000e-01 4.250000e-01 5.000000e-01 0.000000e+00
3.784826e-04 1.196871e-04 -2.880000e-01 4.750000e-01 5.000000e-01 0.000000e+00
7.575527e-04 1.693944e-04 -2.880000e-01 5.250000e-01 5.000000e-01 0.000000e+00
5.999886e-04 1.499975e-04 -2.880000e-01 5.750000e-01 5.000000e-01 0.000000e+00
7.512917e-04 1.679943e-04 -2.880000e-01 6.250000e-01 5.000000e-01 0.000000e+00
5.249832e-04 1.403081e-04 -2.880000e-01 6.750000e-01 5.000000e-01 0.000000e+00
8.110385e-04 1.729147e-04 -2.880000e-01 7.250000e-01 5.000000e-01 0.000000e+00
1.091788e-03 1.993332e-04 -2.880000e-01 7.750000e-01 5.000000e-01 0.000000e+00
8.651332e-04 1.765949e-04 -2.880000e-01 8.250000e-01 5.000000e-01 0.000000e+00
1.293921e-03 2.156541e-04 -2.880000e-01 8.750000e-01 5.000000e-01 0.000000e+00
1.143434e-03 2.021337e-04 -2.880000e-01 9.250000e-01 5.000000e-01 0.000000e+00
1.280563e-03 2.134282e-04 -2.880000e-01 9.750000e-01 5.000000e-01 0.000000e+00
1.694270e-03 2.445480e-04 -2.880000e-01 1.025000e+00 5.000000e-01 0.000000e+00
9.065555e-04 1.777915e-04 -2.880000e-01 1.075000e+00 5.000000e-01 0.000000e+00
6.217052e-04 1.465379e-04 -2.880000e-01 1.125000e+00 5.000000e-01 0.000000e+00
1.232860e-03 2.054779e-04 -2.880000e-01 1.175000e+00 5.000000e-01 0.000000e+00
8.823692e-04 1.730481e-04 -2.880000e-01 1.225000e+00 5.000000e-01 0.000000e+00
1.139960e-03 1.955030e-04 -2.880000e-01 1.275000e+00 5.000000e-01 0.000000e+00
7.988671e-04 1.630687e-04 -2.880000e-01 1.325000e+00 5.000000e-01 0.000000e+00
1.054505e-03 1.864134e-04 -2.880000e-01 1.375000e+00 5.000000e-01 0.000000e+00
1.169552e-03 1.949270e-04 -2.880000e-01 1.425000e+00 5.000000e-01 0.000000e+00
7.753183e-04 1.582626e-04 -2.880000e-01 1.475000e+00 5.000000e-01 0.000000e+00
1.331260e-03 2.054195e-04 -2.880000e-01 1.525000e+00 5.000000e-01 0.000000e+00
8.840396e-04 1.670694e-04 -2.880000e-01 1.575000e+00 5.000000e-01 0.000000e+00
9.320664e-04 1.701723e-04 -2.880000e-01 1.625000e+00 5.000000e-01 0.000000e+00
1.411373e-03 2.080973e-04 -2.880000e-01 1.675000e+00 5.000000e-01 0.000000e+00
1.935368e-03 2.419230e-04 -2.880000e-01 1.725000e+00 5.000000e-01 0.000000e+00
1.429294e-03 2.063033e-04 -2.880000e-01 1.775000e+00 5.000000e-01 0.000000e+00
1.528377e-03 2.119504e-04 -2.880000e-01 1.825000e+00 5.000000e-01 0.000000e+00
2.429742e-03 2.651099e-04 -2.880000e-01 1.875000e+00 5.000000e-01 0.000000e+00
1.255174e-03 1.892266e-04 -2.880000e-01 1.925000e+00 5.000000e-01 0.000000e+00
1.680402e-03 2.169421e-04 -2.880000e-01 1.975000e+00 5.000000e-01 0.000000e+00
1.867228e-03 2.264386e-04 -2.880000e-01 2.025000e+00 5.000000e-01 0.000000e+00
1.570445e-03 2.062128e-04 -2.880000e-01 2.075000e+00 5.000000e-01 0.000000e+00
1.800349e-03 2.183274e-04 -2.880000e-01 2.125000e+00 5.000000e-01 0.000000e+00
1.458137e-03 1.948560e-04 -2.880000e-01 2.175000e+00 5.000000e-01 0.000000e+00
1.272187e-03 1.799177e-04 -2.880000e-01 2.225000e+00 5.000000e-01 0.000000e+00
1.351125e-03 1.838684e-04 -2.880000e-01 2.275000e+00 5.000000e-01 0.000000e+00
1.947206e-03 2.177099e-04 -2.880000e-01 2.325000e+00 5.000000e-01 0.000000e+00
1.233183e-03 1.710157e-04 -2.880000e-01 2.375000e+00 5.000000e-01 0.000000e+00
8.808255e-04 1.428937e-04 -2.880000e-01 2.425000e+00 5.000000e-01 0.000000e+00
8.574698e-04 1.391083e-04 -2.880000e-01 2.475000e+00 5.000000e-01 0.000000e+00
1.223352e-03 1.634848e-04 -2.880000e-01 2.525000e+00 5.000000e-01 0.000000e+00
9.320868e-04 1.405228e-04 -2.880000e-01 2.575000e+00 5.000000e-01 0.000000e+00
7.810435e-04 1.267087e-04 -2.880000e-01 2.625000e+00 5.000000e-01 0.000000e+00
1.144709e-03 1.503150e-04 -2.880000e-01 2.675000e+00 5.000000e-01 0.000000e+00
1.217895e-03 1.522476e-04 -2.880000e-01 2.725000e+00 5.000000e-01 0.000000e+00
7.601986e-04 1.173112e-04 -2.880000e-01 2.775000e+00 5.000000e-01 0.000000e+00
1.176057e-03 1.426360e-04 -2.880000e-01 2.825000e+00 5.000000e-01 0.000000e+00
8.961781e-04 1.197724e-04 -2.880000e-01 2.875000e+00 5.000000e-01 0.000000e+00
4.837581e-01 4.359429e-03 -2.780001e-01 2.500000e-02 5.000000e-01 0.000000e+00
8.350053e-02 1.816090e-03 -2.780001e-01 7.500000e-02 5.000000e-01 0.000000e+00
3.019602e-03 3.463732e-04 -2.780001e-01 1.250000e-01 5.000000e-01 0.000000e+00
2.503017e-03 3.128778e-04 -2.780001e-01 1.750000e-01 5.000000e-01 0.000000e+00
1.515189e-03 2.395731e-04 -2.780001e-01 2.250000e-01 5.000000e-01 0.000000e+00
1.901497e-03 2.689131e-04 -2.780001e-01 2.750000e-01 5.000000e-01 0.000000e+00
1.405859e-03 2.343104e-04 -2.780001e-01 3.250000e-01 5.000000e-01 0.000000e+00
1.550681e-03 2.451851e-04 -2.780001e-01 3.750000e-01 5.000000e-01 0.000000e+00
6.062402e-04 1.515607e-04 -2.780001e-01 4.250000e-01 5.000000e-01 0.000000e+00
1.124224e-03 2.052549e-04 -2.780001e-01 4.750000e-01 5.000000e-01 0.000000e+00
9.068986e-04 1.851203e-04 -2.780001e-01 5.250000e-01 5.000000e-01 0.000000e+00
8.274994e-04 1.764241e-04 -2.780001e-01 5.750000e-01 5.000000e-01 0.000000e+00
6.723182e-04 1.584674e-04 -2.780001e-01 6.250000e-01 5.000000e-01 0.000000e+00
8.921454e-04 1.821091e-04 -2.780001e-01 6.750000e-01 5.000000e-01 0.000000e+00
5.963309e-04 1.490831e-04 -2.780001e-01 7.250000e-01 5.000000e-01 0.000000e+00
5.878556e-04 1.469648e-04 -2.780001e-01 7.750000e-01 5.000000e-01 0.000000e+00
9.945350e-04 1.879502e-04 -2.780001e-01 8.250000e-01 5.000000e-01 0.000000e+00
8.472030e-04 1.729353e-04 -2.780001e-01 8.750000e-01 5.000000e-01 0.000000e+00
1.069370e-03 1.952397e-04 -2.780001e-01 9.250000e-01 5.000000e-01 0.000000e+00
9.892415e-04 1.869502e-04 -2.780001e-01 9.750000e-01 5.000000e-01 0.000000e+00
6.356802e-04 1.498322e-04 -2.780001e-01 1.025000e+00 5.000000e-01 0.000000e+00
8.358036e-04 1.706085e-04 -2.780001e-01 1.075000e+00 5.000000e-01 0.000000e+00
1.229388e-03 2.048993e-04 -2.780001e-01 1.125000e+00 5.000000e-01 0.000000e+00
1.160397e-03 1.990076e-04 -2.780001e-01 1.175000e+00 5.000000e-01 0.000000e+00
1.146284e-03 1.965868e-04 -2.780001e-01 1.225000e+00 5.000000e-01 0.000000e+00
1.203714e-03 2.006200e-04 -2.780001e-01 1.275000e+00 5.000000e-01 0.000000e+00
1.187011e-03 1.978360e-04 -2.780001e-01 1.325000e+00 5.000000e-01 0.000000e+00
9.825978e-04 1.793982e-04 -2.780001e-01 1.375000e+00 5.000000e-01 0.000000e+00
1.102285e-03 1.890418e-04 -2.780001e-01 1.425000e+00 5.000000e-01 0.000000e+00
9.591281e-04 1.751136e-04 -2.780001e-01 1.475000e+00 5.000000e-01 0.000000e+00
6.320729e-04 1.413361e-04 -2.780001e-01 1.525000e+00 5.000000e-01 0.000000e+00
1.061888e-03 1.821137e-04 -2.780001e-01 1.575000e+00 5.000000e-01 0.000000e+00
1.489314e-03 2.149660e-04 -2.780001e-01 1.625000e+00 5.000000e-01 0.000000e+00
1.154382e-03 1.872669e-04 -2.780001e-01 1.675000e+00 5.000000e-01 0.000000e+00
1.265938e-03 1.953411e-04 -2.780001e-01 1.725000e+00 5.000000e-01 0.000000e+00
1.665660e-03 2.225855e-04 -2.780001e-01 1.775000e+00 5.000000e-01 0.000000e+00
1.461320e-03 2.066641e-04 -2.780001e-01 1.825000e+00 5.000000e-01 0.000000e+00
1.499551e-03 2.079535e-04 -2.780001e-01 1.875000e+00 5.000000e-01 0.000000e+00
1.527813e-03 2.079126e-04 -2.780001e-01 1.925000e+00 5.000000e-01 0.000000e+00
1.332485e-03 1.923310e-04 -2.780001e-01 1.975000e+00 5.000000e-01 0.000000e+00
2.042291e-03 2.374145e-04 -2.780001e-01 2.025000e+00 5.000000e-01 0.000000e+00
2.195264e-03 2.424296e-04 -2.780001e-01 2.075000e+00 5.000000e-01 0.000000e+00
1.481133e-03 1.979285e-04 -2.780001e-01 2.125000e+00 5.000000e-01 0.000000e+00
1.753643e-03 2.126638e-04 -2.780001e-01 2.175000e+00 5.000000e-01 0.000000e+00
1.477228e-03 1.939746e-04 -2.780001e-01 2.225000e+00 5.000000e-01 0.000000e+00
1.583153e-03 1.978990e-04 -2.780001e-01 2.275000e+00 5.000000e-01 0.000000e+00
1.548311e-03 1.935431e-04 -2.780001e-01 2.325000e+00 5.000000e-01 0.000000e+00
1.661417e-03 1.985836e-04 -2.780001e-01 2.375000e+00 5.000000e-01 0.000000e+00
1.337601e-03 1.756415e-04 -2.780001e-01 2.425000e+00 5.000000e-01 0.000000e+00
1.121582e-03 1.586205e-04 -2.780001e-01 2.475000e+00 5.000000e-01 0.000000e+00
1.266658e-03 1.663260e-04 -2.780001e-01 2.525000e+00 5.000000e-01 0.000000e+00
8.869840e-04 1.368711e-04 -2.780001e-01 2.575000e+00 5.000000e-01 0.000000e+00
1.022733e-03 1.446443e-04 -2.780001e-01 2.625000e+00 5.000000e-01 0.000000e+00
1.023052e-03 1.418814e-04 -2.780001e-01 2.675000e+00 5.000000e-01 0.000000e+00
1.245599e-03 1.533316e-04 -2.780001e-01 2.725000e+00 5.000000e-01 0.000000e+00
7.544721e-04 1.164262e-04 -2.780001e-01 2.775000e+00 5.000000e-01 0.000000e+00
1.149129e-03 1.393663e-04 -2.780001e-01 2.825000e+00 5.000000e-01 0.000000e+00
1.126622e-03 1.327906e-04 -2.780001e-01 2.875000e+00 5.000000e-01 0.000000e+00
4.743761e-01 4.322892e-03 -2.680001e-01 2.500000e-02 5.000000e-01 0.000000e+00
8.107979e-02 1.782083e-03 -2.680001e-01 7.500000e-02 5.000000e-01 0.000000e+00
3.633691e-03 3.788394e-04 -2.680001e-01 1.250000e-01 5.000000e-01 0.000000e+00
1.899802e-03 2.742138e-04 -2.680001e-01 1.750000e-01 5.000000e-01 0.000000e+00
9.350882e-04 1.908745e-04 -2.680001e-01 2.250000e-01 5.000000e-01 0.000000e+00
1.623251e-03 2.504737e-04 -2.680001e-01 2.750000e-01 5.000000e-01 0.000000e+00
1.637946e-03 2.469302e-04 -2.680001e-01 3.250000e-01 5.000000e-01 0.000000e+00
1.122133e-03 2.048732e-04 -2.680001e-01 3.750000e-01 5.000000e-01 0.000000e+00
1.060938e-03 2.004991e-04 -2.680001e-01 4.250000e-01 5.000000e-01 0.000000e+00
4.508508e-04 1.301499e-04 -2.680001e-01 4.750000e-01 5.000000e-01 0.000000e+00
9.772617e-04 1.916572e-04 -2.680001e-01 5.250000e-01 5.000000e-01 0.000000e+00
8.186090e-04 1.745285e-04 -2.680001e-01 5.750000e-01 5.000000e-01 0.000000e+00
9.671867e-04 1.896815e-04 -2.680001e-01 6.250000e-01 5.000000e-01 0.000000e+00
4.463001e-04 1.288361e-04 -2.680001e-01 6.750000e-01 5.000000e-01 0.000000e+00
9.671875e-04 1.896819e-04 -2.680001e-01 7.250000e-01 5.000000e-01 0.000000e+00
9.503991e-04 1.863894e-04 -2.680001e-01 7.750000e-01 5.000000e-01 0.000000e+00
1.143090e-03 2.020727e-04 -2.680001e-01 8.250000e-01 5.000000e-01 0.000000e+00
7.736730e-04 1.649480e-04 -2.680001e-01 8.750000e-01 5.000000e-01 0.000000e+00
8.361212e-04 1.706732e-04 -2.680001e-01 9.250000e-01 5.000000e-01 0.000000e+00
1.190874e-03 2.042336e-04 -2.680001e-01 9.750000e-01 5.000000e-01 0.000000e+00
9.139891e-04 1.792489e-04 -2.680001e-01 1.025000e+00 5.000000e-01 0.000000e+00
8.380415e-04 1.710653e-04 -2.680001e-01 1.075000e+00 5.000000e-01 0.000000e+00
9.635062e-04 1.820868e-04 -2.680001e-01 1.125000e+00 5.000000e-01 0.000000e+00
1.013321e-03 1.850072e-04 -2.680001e-01 1.175000e+00 5.000000e-01 0.000000e+00
1.135354e-03 1.947127e-04 -2.680001e-01 1.225000e+00 5.000000e-01 0.000000e+00
9.371415e-04 1.771038e-04 -2.680001e-01 1.275000e+00 5.000000e-01 0.000000e+00
1.456557e-03 2.195858e-04 -2.680001e-01 1.325000e+00 5.000000e-01 0.000000e+00
1.436448e-03 2.165537e-04 -2.680001e-01 1.375000e+00 5.000000e-01 0.000000e+00
8.962561e-04 1.693780e-04 -2.680001e-01 1.425000e+00 5.000000e-01 0.000000e+00
1.275190e-03 2.016266e-04 -2.680001e-01 1.475000e+00 5.000000e-01 0.000000e+00
8.880715e-04 1.678307e-04 -2.680001e-01 1.525000e+00 5.000000e-01 0.000000e+00
1.248829e-03 1.974590e-04 -2.680001e-01 1.575000e+00 5.000000e-01 0.000000e+00
1.227027e-03 1.940112e-04 -2.680001e-01 1.625000e+00 5.000000e-01 0.000000e+00
1.516927e-03 2.145279e-04 -2.680001e-01 1.675000e+00 5.000000e-01 0.000000e+00
1.503868e-03 2.126811e-04 -2.680001e-01 1.725000e+00 5.000000e-01 0.000000e+00
1.715409e-03 2.252465e-04 -2.680001e-01 1.775000e+00 5.000000e-01 0.000000e+00
1.568689e-03 2.134738e-04 -2.680001e-01 1.825000e+00 5.000000e-01 0.000000e+00
2.126382e-03 2.471893e-04 -2.680001e-01 1.875000e+00 5.000000e-01 0.000000e+00
1.578886e-03 2.109904e-04 -2.680001e-01 1.925000e+00 5.000000e-01 0.000000e+00
2.113682e-03 2.424599e-04 -2.680001e-01 1.975000e+00 5.000000e-01 0.000000e+00
1.577207e-03 2.071013e-04 -2.680001e-01 2.025000e+00 5.000000e-01 0.000000e+00
1.555999e-03 2.043157e-04 -2.680001e-01 2.075000e+00 5.000000e-01 0.000000e+00
1.525081e-03 2.002555e-04 -2.680001e-01 2.125000e+00 5.000000e-01 0.000000e+00
1.799981e-03 2.151427e-04 -2.680001e-01 2.175000e+00 5.000000e-01 0.000000e+00
1.865113e-03 2.168195e-04 -2.680001e-01 2.225000e+00 5.000000e-01 0.000000e+00
1.235613e-03 1.747463e-04 -2.680001e-01 2.275000e+00 5.000000e-01 0.000000e+00
1.449337e-03 1.871138e-04 -2.680001e-01 2.325000e+00 5.000000e-01 0.000000e+00
1.230671e-03 1.706672e-04 -2.680001e-01 2.375000e+00 5.000000e-01 0.000000e+00
1.149152e-03 1.625195e-04 -2.680001e-01 2.425000e+00 5.000000e-01 0.000000e+00
1.250339e-03 1.670909e-04 -2.680001e-01 2.475000e+00 5.000000e-01 0.000000e+00
1.167700e-03 1.589091e-04 -2.680001e-01 2.525000e+00 5.000000e-01 0.000000e+00
1.007182e-03 1.453816e-04 -2.680001e-01 2.575000e+00 5.000000e-01 0.000000e+00
1.581482e-03 1.790778e-04 -2.680001e-01 2.625000e+00 5.000000e-01 0.000000e+00
1.134366e-03 1.489586e-04 -2.680001e-01 2.675000e+00 5.000000e-01 0.000000e+00
1.011754e-03 1.376924e-04 -2.680001e-01 2.725000e+00 5.000000e-01 0.000000e+00
1.178866e-03 1.451208e-04 -2.680001e-01 2.775000e+00 5.000000e-01 0.000000e+00
1.198650e-03 1.412763e-04 -2.680001e-01 2.825000e+00 5.000000e-01 0.000000e+00
9.435009e-04 1.198376e-04 -2.680001e-01 2.875000e+00 5.000000e-01 0.000000e+00
4.807610e-01 4.359051e-03 -2.580001e-01 2.500000e-02 5.000000e-01 0.000000e+00
7.995314e-02 1.767597e-03 -2.580001e-01 7.500000e-02 5.000000e-01 0.000000e+00
3.592886e-03 3.745853e-04 -2.580001e-01 1.250000e-01 5.000000e-01 0.000000e+00
2.117981e-03 2.882212e-04 -2.580001e-01 1.750000e-01 5.000000e-01 0.000000e+00
1.330132e-03 2.281161e-04 -2.580001e-01 2.250000e-01 5.000000e-01 0.000000e+00
1.695991e-03 2.556808e-04 -2.580001e-01 2.750000e-01 5.000000e-01 0.000000e+00
1.156510e-03 2.111494e-04 -2.580001e-01 3.250000e-01 5.000000e-01 0.000000e+00
1.060666e-03 2.004475e-04 -2.580001e-01 3.750000e-01 5.000000e-01 0.000000e+00
1.379680e-03 2.238144e-04 -2.580001e-01 4.250000e-01 5.000000e-01 0.000000e+00
8.803525e-04 1.797017e-04 -2.580001e-01 4.750000e-01 5.000000e-01 0.000000e+00
5.219694e-04 1.395026e-04 -2.580001e-01 5.250000e-01 5.000000e-01 0.000000e+00
1.113812e-03 2.033539e-04 -2.580001e-01 5.750000e-01 5.000000e-01 0.000000e+00
8.144594e-04 1.736440e-04 -2.580001e-01 6.250000e-01 5.000000e-01 0.000000e+00
9.595132e-04 1.881765e-04 -2.580001e-01 6.750000e-01 5.000000e-01 0.000000e+00
1.038835e-03 1.963224e-04 -2.580001e-01 7.250000e-01 5.000000e-01 0.000000e+00
1.384986e-03 2.246752e-04 -2.580001e-01 7.750000e-01 5.000000e-01 0.000000e+00
1.281741e-03 2.136240e-04 -2.580001e-01 8.250000e-01 5.000000e-01 0.000000e+00
9.140111e-04 1.792529e-04 -2.580001e-01 8.750000e-01 5.000000e-01 0.000000e+00
1.124077e-03 1.987115e-04 -2.580001e-01 9.250000e-01 5.000000e-01 0.000000e+00
8.336799e-04 1.701750e-04 -2.580001e-01 9.750000e-01 5.000000e-01 0.000000e+00
6.261070e-04 1.475755e-04 -2.580001e-01 1.025000e+00 5.000000e-01 0.000000e+00
7.643224e-04 1.629548e-04 -2.580001e-01 1.075000e+00 5.000000e-01 0.000000e+00
8.852013e-04 1.736029e-04 -2.580001e-01 1.125000e+00 5.000000e-01 0.000000e+00
7.362918e-04 1.569785e-04 -2.580001e-01 1.175000e+00 5.000000e-01 0.000000e+00
1.200687e-03 2.001155e-04 -2.580001e-01 1.225000e+00 5.000000e-01 0.000000e+00
1.196085e-03 1.993485e-04 -2.580001e-01 1.275000e+00 5.000000e-01 0.000000e+00
1.325522e-03 2.095844e-04 -2.580001e-01 1.325000e+00 5.000000e-01 0.000000e+00
9.102050e-04 1.720138e-04 -2.580001e-01 1.375000e+00 5.000000e-01 0.000000e+00
1.023265e-03 1.808907e-04 -2.580001e-01 1.425000e+00 5.000000e-01 0.000000e+00
9.458056e-04 1.726807e-04 -2.580001e-01 1.475000e+00 5.000000e-01 0.000000e+00
1.075643e-03 1.844724e-04 -2.580001e-01 1.525000e+00 5.000000e-01 0.000000e+00
1.239731e-03 1.960203e-04 -2.580001e-01 1.575000e+00 5.000000e-01 0.000000e+00
1.219265e-03 1.927841e-04 -2.580001e-01 1.625000e+00 5.000000e-01 0.000000e+00
1.220528e-03 1.929845e-04 -2.580001e-01 1.675000e+00 5.000000e-01 0.000000e+00
1.373059e-03 2.024486e-04 -2.580001e-01 1.725000e+00 5.000000e-01 0.000000e+00
2.219901e-03 2.546436e-04 -2.580001e-01 1.775000e+00 5.000000e-01 0.000000e+00
1.162557e-03 1.838182e-04 -2.580001e-01 1.825000e+00 5.000000e-01 0.000000e+00
1.941359e-03 2.354271e-04 -2.580001e-01 1.875000e+00 5.000000e-01 0.000000e+00
1.624865e-03 2.133571e-04 -2.580001e-01 1.925000e+00 5.000000e-01 0.000000e+00
1.605815e-03 2.108568e-04 -2.580001e-01 1.975000e+00 5.000000e-01 0.000000e+00
2.057628e-03 2.360297e-04 -2.580001e-01 2.025000e+00 5.000000e-01 0.000000e+00
1.758994e-03 2.165209e-04 -2.580001e-01 2.075000e+00 5.000000e-01 0.000000e+00
1.570151e-03 2.027099e-04 -2.580001e-01 2.125000e+00 5.000000e-01 0.000000e+00
1.081436e-03 1.668724e-04 -2.580001e-01 2.175000e+00 5.000000e-01 0.000000e+00
1.403747e-03 1.875883e-04 -2.580001e-01 2.225000e+00 5.000000e-01 0.000000e+00
1.725238e-03 2.062108e-04 -2.580001e-01 2.275000e+00 5.000000e-01 0.000000e+00
1.822773e-03 2.090916e-04 -2.580001e-01 2.325000e+00 5.000000e-01 0.000000e+00
1.309239e-03 1.749596e-04 -2.580001e-01 2.375000e+00 5.000000e-01 0.000000e+00
1.049753e-03 1.547831e-04 -2.580001e-01 2.425000e+00 5.000000e-01 0.000000e+00
1.423085e-03 1.778918e-04 -2.580001e-01 2.475000e+00 5.000000e-01 0.000000e+00
1.119402e-03 1.552394e-04 -2.580001e-01 2.525000e+00 5.000000e-01 0.000000e+00
1.041827e-03 1.473442e-04 -2.580001e-01 2.575000e+00 5.000000e-01 0.000000e+00
9.703902e-04 1.400701e-04 -2.580001e-01 2.625000e+00 5.000000e-01 0.000000e+00
9.306111e-04 1.343290e-04 -2.580001e-01 2.675000e+00 5.000000e-01 0.000000e+00
9.324668e-04 1.318780e-04 -2.580001e-01 2.725000e+00 5.000000e-01 0.000000e+00
1.043464e-03 1.347194e-04 -2.580001e-01 2.775000e+00 5.000000e-01 0.000000e+00
1.331057e-03 1.470069e-04 -2.580001e-01 2.825000e+00 5.000000e-01 0.000000e+00
1.092282e-03 1.269908e-04 -2.580001e-01 2.875000e+00 5.000000e-01 0.000000e+00
4.662312e-01 4.266421e-03 -2.480001e-01 2.500000e-02 5.000000e-01 0.000000e+00
8.383393e-02 1.813927e-03 -2.480001e-01 7.500000e-02 5.000000e-01 0.000000e+00
3.184851e-03 3.517088e-04 -2.480001e-01 1.250000e-01 5.000000e-01 0.000000e+00
2.019370e-03 2.800367e-04 -2.480001e-01 1.750000e-01 5.000000e-01 0.000000e+00
1.090317e-03 2.060508e-04 -2.480001e-01 2.250000e-01 5.000000e-01 0.000000e+00
2.025984e-03 2.809544e-04 -2.480001e-01 2.750000e-01 5.000000e-01 0.000000e+00
1.082209e-03 2.045187e-04 -2.480001e-01 3.250000e-01 5.000000e-01 0.000000e+00
9.887029e-04 1.939009e-04 -2.480001e-01 3.750000e-01 5.000000e-01 0.000000e+00
1.058263e-03 1.999932e-04 -2.480001e-01 4.250000e-01 5.000000e-01 0.000000e+00
8.687096e-04 1.773250e-04 -2.480001e-01 4.750000e-01 5.000000e-01 0.000000e+00
9.920352e-04 1.874778e-04 -2.480001e-01 5.250000e-01 5.000000e-01 0.000000e+00
7.313834e-04 1.635428e-04 -2.480001e-01 5.750000e-01 5.000000e-01 0.000000e+00
4.455462e-04 1.286186e-04 -2.480001e-01 6.250000e-01 5.000000e-01 0.000000e+00
1.178004e-03 2.082443e-04 -2.480001e-01 6.750000e-01 5.000000e-01 0.000000e+00
6.606625e-04 1.557200e-04 -2.480001e-01 7.250000e-01 5.000000e-01 0.000000e+00
8.698835e-04 1.775652e-04 -2.480001e-01 7.750000e-01 5.000000e-01 0.000000e+00
9.194110e-04 1.803120e-04 -2.480001e-01 8.250000e-01 5.000000e-01 0.000000e+00
4.205607e-04 1.214057e-04 -2.480001e-01 8.750000e-01 5.000000e-01 0.000000e+00
9.107369e-04 1.786110e-04 -2.480001e-01 9.250000e-01 5.000000e-01 0.000000e+00
4.899456e-04 1.309438e-04 -2.480001e-01 9.750000e-01 5.000000e-01 0.000000e+00
9.805589e-04 1.853092e-04 -2.480001e-01 1.025000e+00 5.000000e-01 0.000000e+00
6.797572e-04 1.519989e-04 -2.480001e-01 1.075000e+00 5.000000e-01 0.000000e+00
1.010022e-03 1.844053e-04 -2.480001e-01 1.125000e+00 5.000000e-01 0.000000e+00
5.988139e-04 1.411426e-04 -2.480001e-01 1.175000e+00 5.000000e-01 0.000000e+00
9.964574e-04 1.819286e-04 -2.480001e-01 1.225000e+00 5.000000e-01 0.000000e+00
1.258012e-03 2.040776e-04 -2.480001e-01 1.275000e+00 5.000000e-01 0.000000e+00
1.122200e-03 1.924572e-04 -2.480001e-01 1.325000e+00 5.000000e-01 0.000000e+00
1.156288e-03 1.927159e-04 -2.480001e-01 1.375000e+00 5.000000e-01 0.000000e+00
1.149296e-03 1.915501e-04 -2.480001e-01 1.425000e+00 5.000000e-01 0.000000e+00
1.019448e-03 1.802155e-04 -2.480001e-01 1.475000e+00 5.000000e-01 0.000000e+00
5.002193e-04 1.250552e-04 -2.480001e-01 1.525000e+00 5.000000e-01 0.000000e+00
1.658252e-03 2.256612e-04 -2.480001e-01 1.575000e+00 5.000000e-01 0.000000e+00
1.579509e-03 2.190410e-04 -2.480001e-01 1.625000e+00 5.000000e-01 0.000000e+00
1.632686e-03 2.221833e-04 -2.480001e-01 1.675000e+00 5.000000e-01 0.000000e+00
1.311796e-03 1.977623e-04 -2.480001e-01 1.725000e+00 5.000000e-01 0.000000e+00
1.807952e-03 2.296130e-04 -2.480001e-01 1.775000e+00 5.000000e-01 0.000000e+00
1.963111e-03 2.380645e-04 -2.480001e-01 1.825000e+00 5.000000e-01 0.000000e+00
1.813972e-03 2.267494e-04 -2.480001e-01 1.875000e+00 5.000000e-01 0.000000e+00
2.068631e-03 2.404766e-04 -2.480001e-01 1.925000e+00 5.000000e-01 0.000000e+00
2.366576e-03 2.551984e-04 -2.480001e-01 1.975000e+00 5.000000e-01 0.000000e+00
1.408767e-03 1.953639e-04 -2.480001e-01 2.025000e+00 5.000000e-01 0.000000e+00
1.698399e-03 2.123041e-04 -2.480001e-01 2.075000e+00 5.000000e-01 0.000000e+00
1.869999e-03 2.203861e-04 -2.480001e-01 2.125000e+00 5.000000e-01 0.000000e+00
1.683721e-03 2.072557e-04 -2.480001e-01 2.175000e+00 5.000000e-01 0.000000e+00
1.351253e-03 1.838859e-04 -2.480001e-01 2.225000e+00 5.000000e-01 0.000000e+00
1.663027e-03 2.016766e-04 -2.480001e-01 2.275000e+00 5.000000e-01 0.000000e+00
1.391415e-03 1.827068e-04 -2.480001e-01 2.325000e+00 5.000000e-01 0.000000e+00
1.167036e-03 1.650490e-04 -2.480001e-01 2.375000e+00 5.000000e-01 0.000000e+00
1.185068e-03 1.643439e-04 -2.480001e-01 2.425000e+00 5.000000e-01 0.000000e+00
1.590700e-03 1.874716e-04 -2.480001e-01 2.475000e+00 5.000000e-01 0.000000e+00
1.158659e-03 1.576776e-04 -2.480001e-01 2.525000e+00 5.000000e-01 0.000000e+00
7.045269e-04 1.208311e-04 -2.480001e-01 2.575000e+00 5.000000e-01 0.000000e+00
1.081993e-03 1.472493e-04 -2.480001e-01 2.625000e+00 5.000000e-01 0.000000e+00
1.039667e-03 1.414893e-04 -2.480001e-01 2.675000e+00 5.000000e-01 0.000000e+00
1.098887e-03 1.418741e-04 -2.480001e-01 2.725000e+00 5.000000e-01 0.000000e+00
1.227201e-03 1.446380e-04 -2.480001e-01 2.775000e+00 5.000000e-01 0.000000e+00
1.262474e-03 1.411605e-04 -2.480001e-01 2.825000e+00 5.000000e-01 0.000000e+00
1.457782e-03 1.443630e-04 -2.480001e-01 2.875000e+00 5.000000e-01 0.000000e+00
4.720930e-01 4.261234e-03 -2.380001e-01 2.500000e-02 5.000000e-01 0.000000e+00
7.702347e-02 1.724024e-03 -2.380001e-01 7.500000e-02 5.000000e-01 0.000000e+00
2.886630e-03 3.355648e-04 -2.380001e-01 1.250000e-01 5.000000e-01 0.000000e+00
1.404108e-03 2.340184e-04 -2.380001e-01 1.750000e-01 5.000000e-01 0.000000e+00
1.709882e-03 2.577751e-04 -2.380001e-01 2.250000e-01 5.000000e-01 0.000000e+00
1.551293e-03 2.452816e-04 -2.380001e-01 2.750000e-01 5.000000e-01 0.000000e+00
1.317973e-03 2.260309e-04 -2.380001e-01 3.250000e-01 5.000000e-01 0.000000e+00
8.227401e-04 1.754091e-04 -2.380001e-01 3.750000e-01 5.000000e-01 0.000000e+00
8.173279e-04 1.742555e-04 -2.380001e-01 4.250000e-01 5.000000e-01 0.000000e+00
8.151589e-04 1.737930e-04 -2.380001e-01 4.750000e-01 5.000000e-01 0.000000e+00
9.606228e-04 1.883943e-04 -2.380001e-01 5.250000e-01 5.000000e-01 0.000000e+00
1.144787e-03 2.023726e-04 -2.380001e-01 5.750000e-01 5.000000e-01 0.000000e+00
9.207059e-04 1.805662e-04 -2.380001e-01 6.250000e-01 5.000000e-01 0.000000e+00
9.558204e-04 1.874524e-04 -2.380001e-01 6.750000e-01 5.000000e-01 0.000000e+00
8.050239e-04 1.716322e-04 -2.380001e-01 7.250000e-01 5.000000e-01 0.000000e+00
1.005546e-03 1.900311e-04 -2.380001e-01 7.750000e-01 5.000000e-01 0.000000e+00
1.050534e-03 1.918011e-04 -2.380001e-01 8.250000e-01 5.000000e-01 0.000000e+00
4.188813e-04 1.209210e-04 -2.380001e-01 8.750000e-01 5.000000e-01 0.000000e+00
6.997413e-04 1.564676e-04 -2.380001e-01 9.250000e-01 5.000000e-01 0.000000e+00
1.116810e-03 1.974267e-04 -2.380001e-01 9.750000e-01 5.000000e-01 0.000000e+00
9.099514e-04 1.784567e-04 -2.380001e-01 1.025000e+00 5.000000e-01 0.000000e+00
1.025556e-03 1.872414e-04 -2.380001e-01 1.075000e+00 5.000000e-01 0.000000e+00
1.005085e-03 1.835035e-04 -2.380001e-01 1.125000e+00 5.000000e-01 0.000000e+00
9.810585e-04 1.791170e-04 -2.380001e-01 1.175000e+00 5.000000e-01 0.000000e+00
7.949135e-04 1.622622e-04 -2.380001e-01 1.225000e+00 5.000000e-01 0.000000e+00
1.121834e-03 1.923940e-04 -2.380001e-01 1.275000e+00 5.000000e-01 0.000000e+00
8.460901e-04 1.659333e-04 -2.380001e-01 1.325000e+00 5.000000e-01 0.000000e+00
1.151164e-03 1.918619e-04 -2.380001e-01 1.375000e+00 5.000000e-01 0.000000e+00
1.204598e-03 1.954129e-04 -2.380001e-01 1.425000e+00 5.000000e-01 0.000000e+00
1.016960e-03 1.797764e-04 -2.380001e-01 1.475000e+00 5.000000e-01 0.000000e+00
1.244834e-03 1.968272e-04 -2.380001e-01 1.525000e+00 5.000000e-01 0.000000e+00
1.042965e-03 1.788681e-04 -2.380001e-01 1.575000e+00 5.000000e-01 0.000000e+00
8.474052e-04 1.601460e-04 -2.380001e-01 1.625000e+00 5.000000e-01 0.000000e+00
1.438672e-03 2.076562e-04 -2.380001e-01 1.675000e+00 5.000000e-01 0.000000e+00
1.536823e-03 2.131210e-04 -2.380001e-01 1.725000e+00 5.000000e-01 0.000000e+00
1.983543e-03 2.405422e-04 -2.380001e-01 1.775000e+00 5.000000e-01 0.000000e+00
2.926562e-03 2.897761e-04 -2.380001e-01 1.825000e+00 5.000000e-01 0.000000e+00
1.814682e-03 2.268389e-04 -2.380001e-01 1.875000e+00 5.000000e-01 0.000000e+00
2.228127e-03 2.491159e-04 -2.380001e-01 1.925000e+00 5.000000e-01 0.000000e+00
2.016109e-03 2.343709e-04 -2.380001e-01 1.975000e+00 5.000000e-01 0.000000e+00
2.363010e-03 2.519016e-04 -2.380001e-01 2.025000e+00 5.000000e-01 0.000000e+00
2.057734e-03 2.329961e-04 -2.380001e-01 2.075000e+00 5.000000e-01 0.000000e+00
1.718188e-03 2.114984e-04 -2.380001e-01 2.125000e+00 5.000000e-01 0.000000e+00
2.125338e-03 2.318988e-04 -2.380001e-01 2.175000e+00 5.000000e-01 0.000000e+00
1.442494e-03 1.894135e-04 -2.380001e-01 2.225000e+00 5.000000e-01 0.000000e+00
1.357651e-03 1.814280e-04 -2.380001e-01 2.275000e+00 5.000000e-01 0.000000e+00
1.466116e-03 1.862003e-04 -2.380001e-01 2.325000e+00 5.000000e-01 0.000000e+00
1.388875e-03 1.793067e-04 -2.380001e-01 2.375000e+00 5.000000e-01 0.000000e+00
1.035291e-03 1.526511e-04 -2.380001e-01 2.425000e+00 5.000000e-01 0.000000e+00
1.056871e-03 1.525511e-04 -2.380001e-01 2.475000e+00 5.000000e-01 0.000000e+00
1.027843e-03 1.483601e-04 -2.380001e-01 2.525000e+00 5.000000e-01 0.000000e+00
1.070710e-03 1.484878e-04 -2.380001e-01 2.575000e+00 5.000000e-01 0.000000e+00
8.768490e-04 1.321992e-04 -2.380001e-01 2.625000e+00 5.000000e-01 0.000000e+00
1.184115e-03 1.503931e-04 -2.380001e-01 2.675000e+00 5.000000e-01 0.000000e+00
1.105329e-03 1.403941e-04 -2.380001e-01 2.725000e+00 5.000000e-01 0.000000e+00
1.094346e-03 1.347151e-04 -2.380001e-01 2.775000e+00 5.000000e-01 0.000000e+00
1.120644e-03 1.302848e-04 -2.380001e-01 2.825000e+00 5.000000e-01 0.000000e+00
1.159772e-03 1.280904e-04 -2.380001e-01 2.875000e+00 5.000000e-01 0.000000e+00
4.630760e-01 4.174746e-03 -2.280001e-01 2.500000e-02 5.000000e-01 0.000000e+00
7.437843e-02 1.691295e-03 -2.280001e-01 7.500000e-02 5.000000e-01 0.000000e+00
3.938732e-03 3.899937e-04 -2.280001e-01 1.250000e-01 5.000000e-01 0.000000e+00
2.234201e-03 2.933658e-04 -2.280001e-01 1.750000e-01 5.000000e-01 0.000000e+00
1.322767e-03 2.268533e-04 -2.280001e-01 2.250000e-01 5.000000e-01 0.000000e+00
1.311047e-03 2.248435e-04 -2.280001e-01 2.750000e-01 5.000000e-01 0.000000e+00
1.526548e-03 2.413689e-04 -2.280001e-01 3.250000e-01 5.000000e-01 0.000000e+00
1.586517e-03 2.448056e-04 -2.280001e-01 3.750000e-01 5.000000e-01 0.000000e+00
1.039963e-03 1.965354e-04 -2.280001e-01 4.250000e-01 5.000000e-01 0.000000e+00
1.180739e-03 2.087278e-04 -2.280001e-01 4.750000e-01 5.000000e-01 0.000000e+00
1.106014e-03 2.019302e-04 -2.280001e-01 5.250000e-01 5.000000e-01 0.000000e+00
4.409483e-04 1.272913e-04 -2.280001e-01 5.750000e-01 5.000000e-01 0.000000e+00
1.240497e-03 2.127441e-04 -2.280001e-01 6.250000e-01 5.000000e-01 0.000000e+00
1.825416e-03 2.531404e-04 -2.280001e-01 6.750000e-01 5.000000e-01 0.000000e+00
8.377321e-04 1.710019e-04 -2.280001e-01 7.250000e-01 5.000000e-01 0.000000e+00
8.550970e-04 1.745470e-04 -2.280001e-01 7.750000e-01 5.000000e-01 0.000000e+00
6.320266e-04 1.489706e-04 -2.280001e-01 8.250000e-01 5.000000e-01 0.000000e+00
1.113661e-03 1.968702e-04 -2.280001e-01 8.750000e-01 5.000000e-01 0.000000e+00
8.371454e-04 1.708824e-04 -2.280001e-01 9.250000e-01 5.000000e-01 0.000000e+00
7.668534e-04 1.634946e-04 -2.280001e-01 9.750000e-01 5.000000e-01 0.000000e+00
9.741953e-04 1.841061e-04 -2.280001e-01 1.025000e+00 5.000000e-01 0.000000e+00
8.156518e-04 1.664949e-04 -2.280001e-01 1.075000e+00 5.000000e-01 0.000000e+00
9.362233e-04 1.769303e-04 -2.280001e-01 1.125000e+00 5.000000e-01 0.000000e+00
7.901918e-04 1.612982e-04 -2.280001e-01 1.175000e+00 5.000000e-01 0.000000e+00
7.836451e-04 1.599619e-04 -2.280001e-01 1.225000e+00 5.000000e-01 0.000000e+00
7.168130e-04 1.528261e-04 -2.280001e-01 1.275000e+00 5.000000e-01 0.000000e+00
5.829253e-04 1.373978e-04 -2.280001e-01 1.325000e+00 5.000000e-01 0.000000e+00
1.147868e-03 1.913122e-04 -2.280001e-01 1.375000e+00 5.000000e-01 0.000000e+00
9.519396e-04 1.738005e-04 -2.280001e-01 1.425000e+00 5.000000e-01 0.000000e+00
8.811344e-04 1.665204e-04 -2.280001e-01 1.475000e+00 5.000000e-01 0.000000e+00
9.331111e-04 1.703639e-04 -2.280001e-01 1.525000e+00 5.000000e-01 0.000000e+00
1.097826e-03 1.829722e-04 -2.280001e-01 1.575000e+00 5.000000e-01 0.000000e+00
1.447675e-03 2.089556e-04 -2.280001e-01 1.625000e+00 5.000000e-01 0.000000e+00
1.304940e-03 1.967289e-04 -2.280001e-01 1.675000e+00 5.000000e-01 0.000000e+00
2.003911e-03 2.430123e-04 -2.280001e-01 1.725000e+00 5.000000e-01 0.000000e+00
1.568161e-03 2.134014e-04 -2.280001e-01 1.775000e+00 5.000000e-01 0.000000e+00
1.478835e-03 2.050806e-04 -2.280001e-01 1.825000e+00 5.000000e-01 0.000000e+00
1.751669e-03 2.224650e-04 -2.280001e-01 1.875000e+00 5.000000e-01 0.000000e+00
1.777021e-03 2.221305e-04 -2.280001e-01 1.925000e+00 5.000000e-01 0.000000e+00
1.630709e-03 2.105260e-04 -2.280001e-01 1.975000e+00 5.000000e-01 0.000000e+00
1.987524e-03 2.310483e-04 -2.280001e-01 2.025000e+00 5.000000e-01 0.000000e+00
1.515650e-03 1.990173e-04 -2.280001e-01 2.075000e+00 5.000000e-01 0.000000e+00
2.119339e-03 2.340457e-04 -2.280001e-01 2.125000e+00 5.000000e-01 0.000000e+00
1.922887e-03 2.205750e-04 -2.280001e-01 2.175000e+00 5.000000e-01 0.000000e+00
1.687246e-03 2.046128e-04 -2.280001e-01 2.225000e+00 5.000000e-01 0.000000e+00
1.311875e-03 1.785276e-04 -2.280001e-01 2.275000e+00 5.000000e-01 0.000000e+00
1.280785e-03 1.742976e-04 -2.280001e-01 2.325000e+00 5.000000e-01 0.000000e+00
1.343441e-03 1.764069e-04 -2.280001e-01 2.375000e+00 5.000000e-01 0.000000e+00
1.216796e-03 1.655903e-04 -2.280001e-01 2.425000e+00 5.000000e-01 0.000000e+00
1.134589e-03 1.573457e-04 -2.280001e-01 2.475000e+00 5.000000e-01 0.000000e+00
1.314423e-03 1.669367e-04 -2.280001e-01 2.525000e+00 5.000000e-01 0.000000e+00
1.352983e-03 1.665467e-04 -2.280001e-01 2.575000e+00 5.000000e-01 0.000000e+00
8.265013e-04 1.275375e-04 -2.280001e-01 2.625000e+00 5.000000e-01 0.000000e+00
1.116068e-03 1.440924e-04 -2.280001e-01 2.675000e+00 5.000000e-01 0.000000e+00
1.152146e-03 1.418271e-04 -2.280001e-01 2.725000e+00 5.000000e-01 0.000000e+00
1.316277e-03 1.453769e-04 -2.280001e-01 2.775000e+00 5.000000e-01 0.000000e+00
1.150676e-03 1.303005e-04 -2.280001e-01 2.825000e+00 5.000000e-01 0.000000e+00
1.046254e-03 1.216375e-04 -2.280001e-01 2.875000e+00 5.000000e-01 0.000000e+00
4.575435e-01 3.984376e-03 -2.180001e-01 2.500000e-02 5.000000e-01 0.000000e+00
7.503840e-02 1.632816e-03 -2.180001e-01 7.500000e-02 5.000000e-01 0.000000e+00
2.972996e-03 3.323916e-04 -2.180001e-01 1.250000e-01 5.000000e-01 0.000000e+00
1.767244e-03 2.605663e-04 -2.180001e-01 1.750000e-01 5.000000e-01 0.000000e+00
1.380567e-03 2.300951e-04 -2.180001e-01 2.250000e-01 5.000000e-01 0.000000e+00
1.079564e-03 2.040189e-04 -2.180001e-01 2.750000e-01 5.000000e-01 0.000000e+00
7.603006e-04 1.700087e-04 -2.180001e-01 3.250000e-01 5.000000e-01 0.000000e+00
1.127695e-03 2.058887e-04 -2.180001e-01 3.750000e-01 5.000000e-01 0.000000e+00
7.398658e-04 1.654396e-04 -2.180001e-01 4.250000e-01 5.000000e-01 0.000000e+00
8.833288e-04 1.803093e-04 -2.180001e-01 4.750000e-01 5.000000e-01 0.000000e+00
1.176244e-03 2.079331e-04 -2.180001e-01 5.250000e-01 5.000000e-01 0.000000e+00
4.379890e-04 1.264368e-04 -2.180001e-01 5.750000e-01 5.000000e-01 0.000000e+00
1.098053e-03 2.004768e-04 -2.180001e-01 6.250000e-01 5.000000e-01 0.000000e+00
7.262605e-04 1.623974e-04 -2.180001e-01 6.750000e-01 5.000000e-01 0.000000e+00
4.989311e-04 1.333451e-04 -2.180001e-01 7.250000e-01 5.000000e-01 0.000000e+00
1.163269e-03 1.994995e-04 -2.180001e-01 7.750000e-01 5.000000e-01 0.000000e+00
1.099002e-03 1.942789e-04 -2.180001e-01 8.250000e-01 5.000000e-01 0.000000e+00
1.190390e-03 2.041512e-04 -2.180001e-01 8.750000e-01 5.000000e-01 0.000000e+00
6.945469e-04 1.553064e-04 -2.180001e-01 9.250000e-01 5.000000e-01 0.000000e+00
1.672807e-03 2.414498e-04 -2.180001e-01 9.750000e-01 5.000000e-01 0.000000e+00
1.101889e-03 1.947889e-04 -2.180001e-01 1.025000e+00 5.000000e-01 0.000000e+00
1.283067e-03 2.081417e-04 -2.180001e-01 1.075000e+00 5.000000e-01 0.000000e+00
7.315052e-04 1.559581e-04 -2.180001e-01 1.125000e+00 5.000000e-01 0.000000e+00
7.252963e-04 1.546345e-04 -2.180001e-01 1.175000e+00 5.000000e-01 0.000000e+00
9.256606e-04 1.749344e-04 -2.180001e-01 1.225000e+00 5.000000e-01 0.000000e+00
9.091580e-04 1.718157e-04 -2.180001e-01 1.275000e+00 5.000000e-01 0.000000e+00
1.402981e-03 2.115085e-04 -2.180001e-01 1.325000e+00 5.000000e-01 0.000000e+00
5.723127e-04 1.348963e-04 -2.180001e-01 1.375000e+00 5.000000e-01 0.000000e+00
6.986272e-04 1.489489e-04 -2.180001e-01 1.425000e+00 5.000000e-01 0.000000e+00
9.336419e-04 1.704595e-04 -2.180001e-01 1.475000e+00 5.000000e-01 0.000000e+00
1.304222e-03 2.012477e-04 -2.180001e-01 1.525000e+00 5.000000e-01 0.000000e+00
1.647050e-03 2.241372e-04 -2.180001e-01 1.575000e+00 5.000000e-01 0.000000e+00
1.436225e-03 2.073034e-04 -2.180001e-01 1.625000e+00 5.000000e-01 0.000000e+00
1.596188e-03 2.172157e-04 -2.180001e-01 1.675000e+00 5.000000e-01 0.000000e+00
1.529038e-03 2.120411e-04 -2.180001e-01 1.725000e+00 5.000000e-01 0.000000e+00
2.191781e-03 2.514175e-04 -2.180001e-01 1.775000e+00 5.000000e-01 0.000000e+00
1.815047e-03 2.268835e-04 -2.180001e-01 1.825000e+00 5.000000e-01 0.000000e+00
1.631073e-03 2.141723e-04 -2.180001e-01 1.875000e+00 5.000000e-01 0.000000e+00
2.147840e-03 2.431982e-04 -2.180001e-01 1.925000e+00 5.000000e-01 0.000000e+00
1.690218e-03 2.146606e-04 -2.180001e-01 1.975000e+00 5.000000e-01 0.000000e+00
1.707603e-03 2.134539e-04 -2.180001e-01 2.025000e+00 5.000000e-01 0.000000e+00
1.519590e-03 1.995355e-04 -2.180001e-01 2.075000e+00 5.000000e-01 0.000000e+00
2.053183e-03 2.295571e-04 -2.180001e-01 2.125000e+00 5.000000e-01 0.000000e+00
1.358394e-03 1.848564e-04 -2.180001e-01 2.175000e+00 5.000000e-01 0.000000e+00
1.722337e-03 2.058633e-04 -2.180001e-01 2.225000e+00 5.000000e-01 0.000000e+00
2.027923e-03 2.212685e-04 -2.180001e-01 2.275000e+00 5.000000e-01 0.000000e+00
1.834181e-03 2.076853e-04 -2.180001e-01 2.325000e+00 5.000000e-01 0.000000e+00
1.417613e-03 1.800433e-04 -2.180001e-01 2.375000e+00 5.000000e-01 0.000000e+00
1.248848e-03 1.668883e-04 -2.180001e-01 2.425000e+00 5.000000e-01 0.000000e+00
9.977932e-04 1.471218e-04 -2.180001e-01 2.475000e+00 5.000000e-01 0.000000e+00
1.013052e-03 1.462275e-04 -2.180001e-01 2.525000e+00 5.000000e-01 0.000000e+00
1.014945e-03 1.435391e-04 -2.180001e-01 2.575000e+00 5.000000e-01 0.000000e+00
8.157331e-04 1.258775e-04 -2.180001e-01 2.625000e+00 5.000000e-01 0.000000e+00
1.239467e-03 1.503197e-04 -2.180001e-01 2.675000e+00 5.000000e-01 0.000000e+00
1.177634e-03 1.407651e-04 -2.180001e-01 2.725000e+00 5.000000e-01 0.000000e+00
1.149251e-03 1.336097e-04 -2.180001e-01 2.775000e+00 5.000000e-01 0.000000e+00
1.349891e-03 1.407491e-04 -2.180001e-01 2.825000e+00 5.000000e-01 0.000000e+00
1.457229e-03 1.443111e-04 -2.180001e-01 2.875000e+00 5.000000e-01 0.000000e+00
4.492858e-01 3.920203e-03 -2.080001e-01 2.500000e-02 5.000000e-01 0.000000e+00
7.124785e-02 1.563719e-03 -2.080001e-01 7.500000e-02 5.000000e-01 0.000000e+00
2.627680e-03 3.014164e-04 -2.080001e-01 1.250000e-01 5.000000e-01 0.000000e+00
2.419665e-03 2.934283e-04 -2.080001e-01 1.750000e-01 5.000000e-01 0.000000e+00
1.337249e-03 2.228753e-04 -2.080001e-01 2.250000e-01 5.000000e-01 0.000000e+00
1.070590e-03 2.023229e-04 -2.080001e-01 2.750000e-01 5.000000e-01 0.000000e+00
8.310314e-04 1.771768e-04 -2.080001e-01 3.250000e-01 5.000000e-01 0.000000e+00
1.276621e-03 2.189394e-04 -2.080001e-01 3.750000e-01 5.000000e-01 0.000000e+00
1.100184e-03 2.008658e-04 -2.080001e-01 4.250000e-01 5.000000e-01 0.000000e+00
8.714958e-04 1.778938e-04 -2.080001e-01 4.750000e-01 5.000000e-01 0.000000e+00
8.025061e-04 1.710953e-04 -2.080001e-01 5.250000e-01 5.000000e-01 0.000000e+00
6.540313e-04 1.541571e-04 -2.080001e-01 5.750000e-01 5.000000e-01 0.000000e+00
7.280011e-04 1.627866e-04 -2.080001e-01 6.250000e-01 5.000000e-01 0.000000e+00
1.091797e-03 1.993346e-04 -2.080001e-01 6.750000e-01 5.000000e-01 0.000000e+00
1.215463e-03 2.084510e-04 -2.080001e-01 7.250000e-01 5.000000e-01 0.000000e+00
1.349402e-03 2.189027e-04 -2.080001e-01 7.750000e-01 5.000000e-01 0.000000e+00
8.851972e-04 1.736019e-04 -2.080001e-01 8.250000e-01 5.000000e-01 0.000000e+00
1.135209e-03 1.946874e-04 -2.080001e-01 8.750000e-01 5.000000e-01 0.000000e+00
1.563663e-03 2.305506e-04 -2.080001e-01 9.250000e-01 5.000000e-01 0.000000e+00
9.640101e-04 1.821811e-04 -2.080001e-01 9.750000e-01 5.000000e-01 0.000000e+00
1.094594e-03 1.934995e-04 -2.080001e-01 1.025000e+00 5.000000e-01 0.000000e+00
9.426132e-04 1.781378e-04 -2.080001e-01 1.075000e+00 5.000000e-01 0.000000e+00
9.319857e-04 1.761292e-04 -2.080001e-01 1.125000e+00 5.000000e-01 0.000000e+00
9.253139e-04 1.748688e-04 -2.080001e-01 1.175000e+00 5.000000e-01 0.000000e+00
5.254628e-04 1.313662e-04 -2.080001e-01 1.225000e+00 5.000000e-01 0.000000e+00
8.474865e-04 1.662065e-04 -2.080001e-01 1.275000e+00 5.000000e-01 0.000000e+00
9.032872e-04 1.707061e-04 -2.080001e-01 1.325000e+00 5.000000e-01 0.000000e+00
8.786668e-04 1.660536e-04 -2.080001e-01 1.375000e+00 5.000000e-01 0.000000e+00
1.118475e-03 1.864131e-04 -2.080001e-01 1.425000e+00 5.000000e-01 0.000000e+00
1.057522e-03 1.813655e-04 -2.080001e-01 1.475000e+00 5.000000e-01 0.000000e+00
1.290117e-03 1.990708e-04 -2.080001e-01 1.525000e+00 5.000000e-01 0.000000e+00
1.522828e-03 2.153620e-04 -2.080001e-01 1.575000e+00 5.000000e-01 0.000000e+00
1.184997e-03 1.873663e-04 -2.080001e-01 1.625000e+00 5.000000e-01 0.000000e+00
1.354999e-03 1.997858e-04 -2.080001e-01 1.675000e+00 5.000000e-01 0.000000e+00
1.937624e-03 2.385075e-04 -2.080001e-01 1.725000e+00 5.000000e-01 0.000000e+00
1.484908e-03 2.059219e-04 -2.080001e-01 1.775000e+00 5.000000e-01 0.000000e+00
1.472749e-03 2.042359e-04 -2.080001e-01 1.825000e+00 5.000000e-01 0.000000e+00
1.565572e-03 2.092110e-04 -2.080001e-01 1.875000e+00 5.000000e-01 0.000000e+00
2.078523e-03 2.384256e-04 -2.080001e-01 1.925000e+00 5.000000e-01 0.000000e+00
2.602942e-03 2.656668e-04 -2.080001e-01 1.975000e+00 5.000000e-01 0.000000e+00
1.642730e-03 2.086293e-04 -2.080001e-01 2.025000e+00 5.000000e-01 0.000000e+00
1.567624e-03 2.023817e-04 -2.080001e-01 2.075000e+00 5.000000e-01 0.000000e+00
1.733783e-03 2.102556e-04 -2.080001e-01 2.125000e+00 5.000000e-01 0.000000e+00
1.554192e-03 1.973862e-04 -2.080001e-01 2.175000e+00 5.000000e-01 0.000000e+00
1.521473e-03 1.932315e-04 -2.080001e-01 2.225000e+00 5.000000e-01 0.000000e+00
1.244672e-03 1.726091e-04 -2.080001e-01 2.275000e+00 5.000000e-01 0.000000e+00
1.500197e-03 1.875308e-04 -2.080001e-01 2.325000e+00 5.000000e-01 0.000000e+00
1.004710e-03 1.514692e-04 -2.080001e-01 2.375000e+00 5.000000e-01 0.000000e+00
1.157223e-03 1.604819e-04 -2.080001e-01 2.425000e+00 5.000000e-01 0.000000e+00
9.113994e-04 1.406362e-04 -2.080001e-01 2.475000e+00 5.000000e-01 0.000000e+00
1.257158e-03 1.623050e-04 -2.080001e-01 2.525000e+00 5.000000e-01 0.000000e+00
1.045372e-03 1.449741e-04 -2.080001e-01 2.575000e+00 5.000000e-01 0.000000e+00
1.057726e-03 1.413550e-04 -2.080001e-01 2.625000e+00 5.000000e-01 0.000000e+00
1.128743e-03 1.411024e-04 -2.080001e-01 2.675000e+00 5.000000e-01 0.000000e+00
1.035478e-03 1.294449e-04 -2.080001e-01 2.725000e+00 5.000000e-01 0.000000e+00
1.289200e-03 1.406768e-04 -2.080001e-01 2.775000e+00 5.000000e-01 0.000000e+00
1.363868e-03 1.422094e-04 -2.080001e-01 2.825000e+00 5.000000e-01 0.000000e+00
1.284429e-03 1.369357e-04 -2.080001e-01 2.875000e+00 5.000000e-01 0.000000e+00
4.500138e-01 3.923122e-03 -1.980001e-01 2.500000e-02 5.000000e-01 0.000000e+00
6.851398e-02 1.522911e-03 -1.980001e-01 7.500000e-02 5.000000e-01 0.000000e+00
3.005593e-03 3.203981e-04 -1.980001e-01 1.250000e-01 5.000000e-01 0.000000e+00
2.035973e-03 2.628439e-04 -1.980001e-01 1.750000e-01 5.000000e-01 0.000000e+00
1.866646e-03 2.540192e-04 -1.980001e-01 2.250000e-01 5.000000e-01 0.000000e+00
1.621296e-03 2.390478e-04 -1.980001e-01 2.750000e-01 5.000000e-01 0.000000e+00
1.554663e-03 2.398903e-04 -1.980001e-01 3.250000e-01 5.000000e-01 0.000000e+00
1.269114e-03 2.176521e-04 -1.980001e-01 3.750000e-01 5.000000e-01 0.000000e+00
1.252320e-03 2.147717e-04 -1.980001e-01 4.250000e-01 5.000000e-01 0.000000e+00
1.023289e-03 1.933839e-04 -1.980001e-01 4.750000e-01 5.000000e-01 0.000000e+00
1.001095e-03 1.891898e-04 -1.980001e-01 5.250000e-01 5.000000e-01 0.000000e+00
7.277256e-04 1.627249e-04 -1.980001e-01 5.750000e-01 5.000000e-01 0.000000e+00
5.043509e-04 1.347938e-04 -1.980001e-01 6.250000e-01 5.000000e-01 0.000000e+00
1.154650e-03 2.041156e-04 -1.980001e-01 6.750000e-01 5.000000e-01 0.000000e+00
9.300931e-04 1.824070e-04 -1.980001e-01 7.250000e-01 5.000000e-01 0.000000e+00
1.117550e-03 1.975573e-04 -1.980001e-01 7.750000e-01 5.000000e-01 0.000000e+00
1.255408e-03 2.092357e-04 -1.980001e-01 8.250000e-01 5.000000e-01 0.000000e+00
1.236014e-03 2.060032e-04 -1.980001e-01 8.750000e-01 5.000000e-01 0.000000e+00
8.024513e-04 1.638005e-04 -1.980001e-01 9.250000e-01 5.000000e-01 0.000000e+00
1.263574e-03 2.049797e-04 -1.980001e-01 9.750000e-01 5.000000e-01 0.000000e+00
8.898042e-04 1.745058e-04 -1.980001e-01 1.025000e+00 5.000000e-01 0.000000e+00
1.008545e-03 1.841352e-04 -1.980001e-01 1.075000e+00 5.000000e-01 0.000000e+00
8.636635e-04 1.693791e-04 -1.980001e-01 1.125000e+00 5.000000e-01 0.000000e+00
7.906946e-04 1.614006e-04 -1.980001e-01 1.175000e+00 5.000000e-01 0.000000e+00
1.243879e-03 2.017851e-04 -1.980001e-01 1.225000e+00 5.000000e-01 0.000000e+00
9.087390e-04 1.717359e-04 -1.980001e-01 1.275000e+00 5.000000e-01 0.000000e+00
9.642881e-04 1.760552e-04 -1.980001e-01 1.325000e+00 5.000000e-01 0.000000e+00
3.792374e-04 1.094773e-04 -1.980001e-01 1.375000e+00 5.000000e-01 0.000000e+00
9.873225e-04 1.745364e-04 -1.980001e-01 1.425000e+00 5.000000e-01 0.000000e+00
7.928703e-04 1.554957e-04 -1.980001e-01 1.475000e+00 5.000000e-01 0.000000e+00
8.577239e-04 1.620965e-04 -1.980001e-01 1.525000e+00 5.000000e-01 0.000000e+00
1.143716e-03 1.855366e-04 -1.980001e-01 1.575000e+00 5.000000e-01 0.000000e+00
1.004675e-03 1.723020e-04 -1.980001e-01 1.625000e+00 5.000000e-01 0.000000e+00
1.295914e-03 1.953681e-04 -1.980001e-01 1.675000e+00 5.000000e-01 0.000000e+00
1.920221e-03 2.363662e-04 -1.980001e-01 1.725000e+00 5.000000e-01 0.000000e+00
1.711217e-03 2.209199e-04 -1.980001e-01 1.775000e+00 5.000000e-01 0.000000e+00
1.752217e-03 2.225342e-04 -1.980001e-01 1.825000e+00 5.000000e-01 0.000000e+00
1.775484e-03 2.219392e-04 -1.980001e-01 1.875000e+00 5.000000e-01 0.000000e+00
1.749209e-03 2.186550e-04 -1.980001e-01 1.925000e+00 5.000000e-01 0.000000e+00
1.777465e-03 2.187933e-04 -1.980001e-01 1.975000e+00 5.000000e-01 0.000000e+00
1.640249e-03 2.083157e-04 -1.980001e-01 2.025000e+00 5.000000e-01 0.000000e+00
1.555145e-03 2.007712e-04 -1.980001e-01 2.075000e+00 5.000000e-01 0.000000e+00
1.169817e-03 1.724835e-04 -1.980001e-01 2.125000e+00 5.000000e-01 0.000000e+00
2.440708e-03 2.465542e-04 -1.980001e-01 2.175000e+00 5.000000e-01 0.000000e+00
1.465893e-03 1.892498e-04 -1.980001e-01 2.225000e+00 5.000000e-01 0.000000e+00
1.329946e-03 1.777245e-04 -1.980001e-01 2.275000e+00 5.000000e-01 0.000000e+00
1.349490e-03 1.772014e-04 -1.980001e-01 2.325000e+00 5.000000e-01 0.000000e+00
1.364261e-03 1.761310e-04 -1.980001e-01 2.375000e+00 5.000000e-01 0.000000e+00
1.462885e-03 1.800732e-04 -1.980001e-01 2.425000e+00 5.000000e-01 0.000000e+00
9.439108e-04 1.423068e-04 -1.980001e-01 2.475000e+00 5.000000e-01 0.000000e+00
9.950692e-04 1.436317e-04 -1.980001e-01 2.525000e+00 5.000000e-01 0.000000e+00
7.814749e-04 1.235670e-04 -1.980001e-01 2.575000e+00 5.000000e-01 0.000000e+00
7.687377e-04 1.186254e-04 -1.980001e-01 2.625000e+00 5.000000e-01 0.000000e+00
8.082631e-04 1.166677e-04 -1.980001e-01 2.675000e+00 5.000000e-01 0.000000e+00
9.277489e-04 1.218273e-04 -1.980001e-01 2.725000e+00 5.000000e-01 0.000000e+00
1.202527e-03 1.361707e-04 -1.980001e-01 2.775000e+00 5.000000e-01 0.000000e+00
1.056566e-03 1.262963e-04 -1.980001e-01 2.825000e+00 5.000000e-01 0.000000e+00
1.217367e-03 1.361216e-04 -1.980001e-01 2.875000e+00 5.000000e-01 0.000000e+00
4.494253e-01 3.902304e-03 -1.880001e-01 2.500000e-02 5.000000e-01 0.000000e+00
6.957124e-02 1.539581e-03 -1.880001e-01 7.500000e-02 5.000000e-01 0.000000e+00
3.110021e-03 3.242429e-04 -1.880001e-01 1.250000e-01 5.000000e-01 0.000000e+00
1.831252e-03 2.492025e-04 -1.880001e-01 1.750000e-01 5.000000e-01 0.000000e+00
1.478679e-03 2.229199e-04 -1.880001e-01 2.250000e-01 5.000000e-01 0.000000e+00
1.944319e-03 2.553023e-04 -1.880001e-01 2.750000e-01 5.000000e-01 0.000000e+00
1.626328e-03 2.347407e-04 -1.880001e-01 3.250000e-01 5.000000e-01 0.000000e+00
6.973103e-04 1.559237e-04 -1.880001e-01 3.750000e-01 5.000000e-01 0.000000e+00
1.227606e-03 2.105335e-04 -1.880001e-01 4.250000e-01 5.000000e-01 0.000000e+00
1.601706e-03 2.414671e-04 -1.880001e-01 4.750000e-01 5.000000e-01 0.000000e+00
1.079820e-03 1.971477e-04 -1.880001e-01 5.250000e-01 5.000000e-01 0.000000e+00
8.679598e-04 1.771722e-04 -1.880001e-01 5.750000e-01 5.000000e-01 0.000000e+00
4.336942e-04 1.251969e-04 -1.880001e-01 6.250000e-01 5.000000e-01 0.000000e+00
1.157494e-03 2.046187e-04 -1.880001e-01 6.750000e-01 5.000000e-01 0.000000e+00
7.158394e-04 1.600671e-04 -1.880001e-01 7.250000e-01 5.000000e-01 0.000000e+00
9.783811e-04 1.848974e-04 -1.880001e-01 7.750000e-01 5.000000e-01 0.000000e+00
9.084064e-04 1.781538e-04 -1.880001e-01 8.250000e-01 5.000000e-01 0.000000e+00
1.373828e-03 2.172221e-04 -1.880001e-01 8.750000e-01 5.000000e-01 0.000000e+00
1.371293e-03 2.168212e-04 -1.880001e-01 9.250000e-01 5.000000e-01 0.000000e+00
8.783984e-04 1.722688e-04 -1.880001e-01 9.750000e-01 5.000000e-01 0.000000e+00
9.724177e-04 1.775394e-04 -1.880001e-01 1.025000e+00 5.000000e-01 0.000000e+00
7.287131e-04 1.553631e-04 -1.880001e-01 1.075000e+00 5.000000e-01 0.000000e+00
8.569802e-04 1.680680e-04 -1.880001e-01 1.125000e+00 5.000000e-01 0.000000e+00
4.546947e-04 1.215229e-04 -1.880001e-01 1.175000e+00 5.000000e-01 0.000000e+00
6.498860e-04 1.453201e-04 -1.880001e-01 1.225000e+00 5.000000e-01 0.000000e+00
1.159870e-03 1.933127e-04 -1.880001e-01 1.275000e+00 5.000000e-01 0.000000e+00
7.670915e-04 1.565828e-04 -1.880001e-01 1.325000e+00 5.000000e-01 0.000000e+00
7.590400e-04 1.549390e-04 -1.880001e-01 1.375000e+00 5.000000e-01 0.000000e+00
3.079578e-04 9.738546e-05 -1.880001e-01 1.425000e+00 5.000000e-01 0.000000e+00
7.973179e-04 1.563680e-04 -1.880001e-01 1.475000e+00 5.000000e-01 0.000000e+00
6.682405e-04 1.424705e-04 -1.880001e-01 1.525000e+00 5.000000e-01 0.000000e+00
1.486360e-03 2.102048e-04 -1.880001e-01 1.575000e+00 5.000000e-01 0.000000e+00
1.418375e-03 2.047265e-04 -1.880001e-01 1.625000e+00 5.000000e-01 0.000000e+00
1.533049e-03 2.125976e-04 -1.880001e-01 1.675000e+00 5.000000e-01 0.000000e+00
1.040106e-03 1.733532e-04 -1.880001e-01 1.725000e+00 5.000000e-01 0.000000e+00
1.535385e-03 2.089424e-04 -1.880001e-01 1.775000e+00 5.000000e-01 0.000000e+00
1.410330e-03 1.994529e-04 -1.880001e-01 1.825000e+00 5.000000e-01 0.000000e+00
1.603378e-03 2.105367e-04 -1.880001e-01 1.875000e+00 5.000000e-01 0.000000e+00
2.457398e-03 2.590356e-04 -1.880001e-01 1.925000e+00 5.000000e-01 0.000000e+00
1.976382e-03 2.297533e-04 -1.880001e-01 1.975000e+00 5.000000e-01 0.000000e+00
1.637514e-03 2.079677e-04 -1.880001e-01 2.025000e+00 5.000000e-01 0.000000e+00
1.803271e-03 2.155360e-04 -1.880001e-01 2.075000e+00 5.000000e-01 0.000000e+00
1.931590e-03 2.215727e-04 -1.880001e-01 2.125000e+00 5.000000e-01 0.000000e+00
1.287128e-03 1.784963e-04 -1.880001e-01 2.175000e+00 5.000000e-01 0.000000e+00
2.093037e-03 2.257034e-04 -1.880001e-01 2.225000e+00 5.000000e-01 0.000000e+00
1.141068e-03 1.647016e-04 -1.880001e-01 2.275000e+00 5.000000e-01 0.000000e+00
1.301328e-03 1.739029e-04 -1.880001e-01 2.325000e+00 5.000000e-01 0.000000e+00
1.362739e-03 1.759342e-04 -1.880001e-01 2.375000e+00 5.000000e-01 0.000000e+00
8.795739e-04 1.390755e-04 -1.880001e-01 2.425000e+00 5.000000e-01 0.000000e+00
1.320415e-03 1.676983e-04 -1.880001e-01 2.475000e+00 5.000000e-01 0.000000e+00
1.045912e-03 1.450484e-04 -1.880001e-01 2.525000e+00 5.000000e-01 0.000000e+00
1.367853e-03 1.612118e-04 -1.880001e-01 2.575000e+00 5.000000e-01 0.000000e+00
6.353181e-04 1.058899e-04 -1.880001e-01 2.625000e+00 5.000000e-01 0.000000e+00
1.127921e-03 1.367902e-04 -1.880001e-01 2.675000e+00 5.000000e-01 0.000000e+00
1.277823e-03 1.428746e-04 -1.880001e-01 2.725000e+00 5.000000e-01 0.000000e+00
1.125514e-03 1.326566e-04 -1.880001e-01 2.775000e+00 5.000000e-01 0.000000e+00
1.009044e-03 1.261447e-04 -1.880001e-01 2.825000e+00 5.000000e-01 0.000000e+00
1.217803e-03 1.361723e-04 -1.880001e-01 2.875000e+00 5.000000e-01 0.000000e+00
4.422474e-01 3.980505e-03 -1.780002e-01 2.500000e-02 5.000000e-01 0.000000e+00
7.206106e-02 1.575507e-03 -1.780002e-01 7.500000e-02 5.000000e-01 0.000000e+00
2.619560e-03 2.966074e-04 -1.780002e-01 1.250000e-01 5.000000e-01 0.000000e+00
1.900017e-03 2.539013e-04 -1.780002e-01 1.750000e-01 5.000000e-01 0.000000e+00
1.337794e-03 2.115245e-04 -1.780002e-01 2.250000e-01 5.000000e-01 0.000000e+00
1.270379e-03 2.060831e-04 -1.780002e-01 2.750000e-01 5.000000e-01 0.000000e+00
1.458137e-03 2.198233e-04 -1.780002e-01 3.250000e-01 5.000000e-01 0.000000e+00
1.047619e-03 1.851953e-04 -1.780002e-01 3.750000e-01 5.000000e-01 0.000000e+00
1.136524e-03 1.949129e-04 -1.780002e-01 4.250000e-01 5.000000e-01 0.000000e+00
7.508687e-04 1.600861e-04 -1.780002e-01 4.750000e-01 5.000000e-01 0.000000e+00
6.453312e-04 1.521066e-04 -1.780002e-01 5.250000e-01 5.000000e-01 0.000000e+00
9.254063e-04 1.814876e-04 -1.780002e-01 5.750000e-01 5.000000e-01 0.000000e+00
7.878689e-04 1.679751e-04 -1.780002e-01 6.250000e-01 5.000000e-01 0.000000e+00
1.296268e-03 2.160453e-04 -1.780002e-01 6.750000e-01 5.000000e-01 0.000000e+00
9.214963e-04 1.807208e-04 -1.780002e-01 7.250000e-01 5.000000e-01 0.000000e+00
1.335843e-03 2.167029e-04 -1.780002e-01 7.750000e-01 5.000000e-01 0.000000e+00
1.166445e-03 2.000443e-04 -1.780002e-01 8.250000e-01 5.000000e-01 0.000000e+00
8.260335e-04 1.686140e-04 -1.780002e-01 8.750000e-01 5.000000e-01 0.000000e+00
9.586363e-04 1.811661e-04 -1.780002e-01 9.250000e-01 5.000000e-01 0.000000e+00
6.778328e-04 1.515684e-04 -1.780002e-01 9.750000e-01 5.000000e-01 0.000000e+00
1.018702e-03 1.859894e-04 -1.780002e-01 1.025000e+00 5.000000e-01 0.000000e+00
9.123811e-04 1.724245e-04 -1.780002e-01 1.075000e+00 5.000000e-01 0.000000e+00
8.241268e-04 1.616253e-04 -1.780002e-01 1.125000e+00 5.000000e-01 0.000000e+00
8.422585e-04 1.651812e-04 -1.780002e-01 1.175000e+00 5.000000e-01 0.000000e+00
9.103909e-04 1.720487e-04 -1.780002e-01 1.225000e+00 5.000000e-01 0.000000e+00
1.034237e-03 1.828299e-04 -1.780002e-01 1.275000e+00 5.000000e-01 0.000000e+00
6.381001e-04 1.426841e-04 -1.780002e-01 1.325000e+00 5.000000e-01 0.000000e+00
1.132792e-03 1.887998e-04 -1.780002e-01 1.375000e+00 5.000000e-01 0.000000e+00
9.895174e-04 1.749241e-04 -1.780002e-01 1.425000e+00 5.000000e-01 0.000000e+00
1.295888e-03 1.999611e-04 -1.780002e-01 1.475000e+00 5.000000e-01 0.000000e+00
9.184880e-04 1.676934e-04 -1.780002e-01 1.525000e+00 5.000000e-01 0.000000e+00
1.420561e-03 2.050420e-04 -1.780002e-01 1.575000e+00 5.000000e-01 0.000000e+00
1.170108e-03 1.850115e-04 -1.780002e-01 1.625000e+00 5.000000e-01 0.000000e+00
1.059497e-03 1.765841e-04 -1.780002e-01 1.675000e+00 5.000000e-01 0.000000e+00
1.266413e-03 1.909198e-04 -1.780002e-01 1.725000e+00 5.000000e-01 0.000000e+00
8.526552e-04 1.556737e-04 -1.780002e-01 1.775000e+00 5.000000e-01 0.000000e+00
1.851740e-03 2.279364e-04 -1.780002e-01 1.825000e+00 5.000000e-01 0.000000e+00
2.099551e-03 2.408381e-04 -1.780002e-01 1.875000e+00 5.000000e-01 0.000000e+00
1.637105e-03 2.113519e-04 -1.780002e-01 1.925000e+00 5.000000e-01 0.000000e+00
1.757032e-03 2.162789e-04 -1.780002e-01 1.975000e+00 5.000000e-01 0.000000e+00
2.212693e-03 2.414283e-04 -1.780002e-01 2.025000e+00 5.000000e-01 0.000000e+00
1.432422e-03 1.914179e-04 -1.780002e-01 2.075000e+00 5.000000e-01 0.000000e+00
1.770153e-03 2.115780e-04 -1.780002e-01 2.125000e+00 5.000000e-01 0.000000e+00
1.482758e-03 1.914276e-04 -1.780002e-01 2.175000e+00 5.000000e-01 0.000000e+00
1.445830e-03 1.866590e-04 -1.780002e-01 2.225000e+00 5.000000e-01 0.000000e+00
1.477143e-03 1.876009e-04 -1.780002e-01 2.275000e+00 5.000000e-01 0.000000e+00
1.431404e-03 1.817925e-04 -1.780002e-01 2.325000e+00 5.000000e-01 0.000000e+00
1.217584e-03 1.656977e-04 -1.780002e-01 2.375000e+00 5.000000e-01 0.000000e+00
1.438540e-03 1.770778e-04 -1.780002e-01 2.425000e+00 5.000000e-01 0.000000e+00
1.247939e-03 1.611139e-04 -1.780002e-01 2.475000e+00 5.000000e-01 0.000000e+00
1.251945e-03 1.565001e-04 -1.780002e-01 2.525000e+00 5.000000e-01 0.000000e+00
1.203512e-03 1.481478e-04 -1.780002e-01 2.575000e+00 5.000000e-01 0.000000e+00
1.371506e-03 1.533480e-04 -1.780002e-01 2.625000e+00 5.000000e-01 0.000000e+00
7.925163e-04 1.143944e-04 -1.780002e-01 2.675000e+00 5.000000e-01 0.000000e+00
1.263539e-03 1.430784e-04 -1.780002e-01 2.725000e+00 5.000000e-01 0.000000e+00
7.806693e-04 1.126884e-04 -1.780002e-01 2.775000e+00 5.000000e-01 0.000000e+00
1.126633e-03 1.346760e-04 -1.780002e-01 2.825000e+00 5.000000e-01 0.000000e+00
1.089828e-03 1.284528e-04 -1.780002e-01 2.875000e+00 5.000000e-01 0.000000e+00
4.455542e-01 4.108637e-03 -1.680002e-01 2.500000e-02 5.000000e-01 0.000000e+00
6.997679e-02 1.593680e-03 -1.680002e-01 7.500000e-02 5.000000e-01 0.000000e+00
3.760772e-03 3.652794e-04 -1.680002e-01 1.250000e-01 5.000000e-01 0.000000e+00
1.892434e-03 2.528879e-04 -1.680002e-01 1.750000e-01 5.000000e-01 0.000000e+00
1.744224e-03 2.418809e-04 -1.680002e-01 2.250000e-01 5.000000e-01 0.000000e+00
1.130901e-03 1.939485e-04 -1.680002e-01 2.750000e-01 5.000000e-01 0.000000e+00
1.646988e-03 2.329201e-04 -1.680002e-01 3.250000e-01 5.000000e-01 0.000000e+00
1.637951e-03 2.316419e-04 -1.680002e-01 3.750000e-01 5.000000e-01 0.000000e+00
1.216635e-03 1.973648e-04 -1.680002e-01 4.250000e-01 5.000000e-01 0.000000e+00
8.439400e-04 1.655107e-04 -1.680002e-01 4.750000e-01 5.000000e-01 0.000000e+00
9.159951e-04 1.731075e-04 -1.680002e-01 5.250000e-01 5.000000e-01 0.000000e+00
8.968064e-04 1.758790e-04 -1.680002e-01 5.750000e-01 5.000000e-01 0.000000e+00
7.779723e-04 1.658649e-04 -1.680002e-01 6.250000e-01 5.000000e-01 0.000000e+00
7.122895e-04 1.592731e-04 -1.680002e-01 6.750000e-01 5.000000e-01 0.000000e+00
1.135412e-03 2.007151e-04 -1.680002e-01 7.250000e-01 5.000000e-01 0.000000e+00
8.363364e-04 1.707173e-04 -1.680002e-01 7.750000e-01 5.000000e-01 0.000000e+00
1.101263e-03 1.946780e-04 -1.680002e-01 8.250000e-01 5.000000e-01 0.000000e+00
1.298882e-03 2.107073e-04 -1.680002e-01 8.750000e-01 5.000000e-01 0.000000e+00
1.364116e-03 2.156864e-04 -1.680002e-01 9.250000e-01 5.000000e-01 0.000000e+00
1.485576e-03 2.239601e-04 -1.680002e-01 9.750000e-01 5.000000e-01 0.000000e+00
1.009254e-03 1.842648e-04 -1.680002e-01 1.025000e+00 5.000000e-01 0.000000e+00
5.325787e-04 1.331451e-04 -1.680002e-01 1.075000e+00 5.000000e-01 0.000000e+00
6.519399e-04 1.457789e-04 -1.680002e-01 1.125000e+00 5.000000e-01 0.000000e+00
8.105328e-04 1.589592e-04 -1.680002e-01 1.175000e+00 5.000000e-01 0.000000e+00
1.192400e-03 1.934344e-04 -1.680002e-01 1.225000e+00 5.000000e-01 0.000000e+00
6.417601e-04 1.435027e-04 -1.680002e-01 1.275000e+00 5.000000e-01 0.000000e+00
1.206289e-03 1.956875e-04 -1.680002e-01 1.325000e+00 5.000000e-01 0.000000e+00
6.826887e-04 1.455505e-04 -1.680002e-01 1.375000e+00 5.000000e-01 0.000000e+00
9.252243e-04 1.689230e-04 -1.680002e-01 1.425000e+00 5.000000e-01 0.000000e+00
8.579747e-04 1.621428e-04 -1.680002e-01 1.475000e+00 5.000000e-01 0.000000e+00
9.095934e-04 1.660696e-04 -1.680002e-01 1.525000e+00 5.000000e-01 0.000000e+00
1.370291e-03 2.020404e-04 -1.680002e-01 1.575000e+00 5.000000e-01 0.000000e+00
7.610448e-04 1.492542e-04 -1.680002e-01 1.625000e+00 5.000000e-01 0.000000e+00
1.554949e-03 2.116036e-04 -1.680002e-01 1.675000e+00 5.000000e-01 0.000000e+00
1.316119e-03 1.940530e-04 -1.680002e-01 1.725000e+00 5.000000e-01 0.000000e+00
1.357747e-03 1.959762e-04 -1.680002e-01 1.775000e+00 5.000000e-01 0.000000e+00
1.670275e-03 2.156346e-04 -1.680002e-01 1.825000e+00 5.000000e-01 0.000000e+00
1.219285e-03 1.838161e-04 -1.680002e-01 1.875000e+00 5.000000e-01 0.000000e+00
1.945863e-03 2.293249e-04 -1.680002e-01 1.925000e+00 5.000000e-01 0.000000e+00
1.597979e-03 2.063009e-04 -1.680002e-01 1.975000e+00 5.000000e-01 0.000000e+00
1.621807e-03 2.059727e-04 -1.680002e-01 2.025000e+00 5.000000e-01 0.000000e+00
1.590930e-03 2.020505e-04 -1.680002e-01 2.075000e+00 5.000000e-01 0.000000e+00
2.508707e-03 2.508753e-04 -1.680002e-01 2.125000e+00 5.000000e-01 0.000000e+00
1.678987e-03 2.036106e-04 -1.680002e-01 2.175000e+00 5.000000e-01 0.000000e+00
1.201026e-03 1.698532e-04 -1.680002e-01 2.225000e+00 5.000000e-01 0.000000e+00
1.701354e-03 2.005106e-04 -1.680002e-01 2.275000e+00 5.000000e-01 0.000000e+00
1.570624e-03 1.904711e-04 -1.680002e-01 2.325000e+00 5.000000e-01 0.000000e+00
1.339913e-03 1.729860e-04 -1.680002e-01 2.375000e+00 5.000000e-01 0.000000e+00
1.449113e-03 1.757388e-04 -1.680002e-01 2.425000e+00 5.000000e-01 0.000000e+00
1.330287e-03 1.637527e-04 -1.680002e-01 2.475000e+00 5.000000e-01 0.000000e+00
1.542111e-03 1.703054e-04 -1.680002e-01 2.525000e+00 5.000000e-01 0.000000e+00
1.063088e-03 1.372508e-04 -1.680002e-01 2.575000e+00 5.000000e-01 0.000000e+00
1.296158e-03 1.486855e-04 -1.680002e-01 2.625000e+00 5.000000e-01 0.000000e+00
1.435587e-03 1.548136e-04 -1.680002e-01 2.675000e+00 5.000000e-01 0.000000e+00
1.003848e-03 1.296069e-04 -1.680002e-01 2.725000e+00 5.000000e-01 0.000000e+00
1.040030e-03 1.320969e-04 -1.680002e-01 2.775000e+00 5.000000e-01 0.000000e+00
1.115348e-03 1.333239e-04 -1.680002e-01 2.825000e+00 5.000000e-01 0.000000e+00
1.449309e-03 1.479371e-04 -1.680002e-01 2.875000e+00 5.000000e-01 0.000000e+00
4.495411e-01 4.108535e-03 -1.580002e-01 2.500000e-02 5.000000e-01 0.000000e+00
6.759448e-02 1.602145e-03 -1.580002e-01 7.500000e-02 5.000000e-01 0.000000e+00
3.683137e-03 3.683147e-04 -1.580002e-01 1.250000e-01 5.000000e-01 0.000000e+00
1.892091e-03 2.623865e-04 -1.580002e-01 1.750000e-01 5.000000e-01 0.000000e+00
1.253645e-03 2.089414e-04 -1.580002e-01 2.250000e-01 5.000000e-01 0.000000e+00
1.611510e-03 2.326018e-04 -1.580002e-01 2.750000e-01 5.000000e-01 0.000000e+00
1.128914e-03 1.936077e-04 -1.580002e-01 3.250000e-01 5.000000e-01 0.000000e+00
1.567610e-03 2.262655e-04 -1.580002e-01 3.750000e-01 5.000000e-01 0.000000e+00
1.039615e-03 1.837803e-04 -1.580002e-01 4.250000e-01 5.000000e-01 0.000000e+00
8.290649e-04 1.625934e-04 -1.580002e-01 4.750000e-01 5.000000e-01 0.000000e+00
9.596344e-04 1.752049e-04 -1.580002e-01 5.250000e-01 5.000000e-01 0.000000e+00
8.374182e-04 1.642317e-04 -1.580002e-01 5.750000e-01 5.000000e-01 0.000000e+00
5.925261e-04 1.396603e-04 -1.580002e-01 6.250000e-01 5.000000e-01 0.000000e+00
6.857139e-04 1.533306e-04 -1.580002e-01 6.750000e-01 5.000000e-01 0.000000e+00
6.371464e-04 1.501775e-04 -1.580002e-01 7.250000e-01 5.000000e-01 0.000000e+00
6.927457e-04 1.549032e-04 -1.580002e-01 7.750000e-01 5.000000e-01 0.000000e+00
1.311267e-03 2.127166e-04 -1.580002e-01 8.250000e-01 5.000000e-01 0.000000e+00
1.017850e-03 1.858338e-04 -1.580002e-01 8.750000e-01 5.000000e-01 0.000000e+00
8.817554e-04 1.729269e-04 -1.580002e-01 9.250000e-01 5.000000e-01 0.000000e+00
1.022957e-03 1.867664e-04 -1.580002e-01 9.750000e-01 5.000000e-01 0.000000e+00
7.991092e-04 1.631183e-04 -1.580002e-01 1.025000e+00 5.000000e-01 0.000000e+00
8.038692e-04 1.640898e-04 -1.580002e-01 1.075000e+00 5.000000e-01 0.000000e+00
9.214279e-04 1.741343e-04 -1.580002e-01 1.125000e+00 5.000000e-01 0.000000e+00
8.299858e-04 1.627744e-04 -1.580002e-01 1.175000e+00 5.000000e-01 0.000000e+00
1.084252e-03 1.859492e-04 -1.580002e-01 1.225000e+00 5.000000e-01 0.000000e+00
9.269100e-04 1.692308e-04 -1.580002e-01 1.275000e+00 5.000000e-01 0.000000e+00
1.068742e-03 1.832889e-04 -1.580002e-01 1.325000e+00 5.000000e-01 0.000000e+00
1.183342e-03 1.919645e-04 -1.580002e-01 1.375000e+00 5.000000e-01 0.000000e+00
8.624217e-04 1.629833e-04 -1.580002e-01 1.425000e+00 5.000000e-01 0.000000e+00
1.038971e-03 1.781832e-04 -1.580002e-01 1.475000e+00 5.000000e-01 0.000000e+00
7.867129e-04 1.542882e-04 -1.580002e-01 1.525000e+00 5.000000e-01 0.000000e+00
1.727783e-03 2.268710e-04 -1.580002e-01 1.575000e+00 5.000000e-01 0.000000e+00
8.272709e-04 1.563403e-04 -1.580002e-01 1.625000e+00 5.000000e-01 0.000000e+00
1.555506e-03 2.116797e-04 -1.580002e-01 1.675000e+00 5.000000e-01 0.000000e+00
1.810539e-03 2.263199e-04 -1.580002e-01 1.725000e+00 5.000000e-01 0.000000e+00
1.570391e-03 2.098541e-04 -1.580002e-01 1.775000e+00 5.000000e-01 0.000000e+00
1.828020e-03 2.250157e-04 -1.580002e-01 1.825000e+00 5.000000e-01 0.000000e+00
1.761089e-03 2.201386e-04 -1.580002e-01 1.875000e+00 5.000000e-01 0.000000e+00
2.245492e-03 2.450050e-04 -1.580002e-01 1.925000e+00 5.000000e-01 0.000000e+00
1.801337e-03 2.184473e-04 -1.580002e-01 1.975000e+00 5.000000e-01 0.000000e+00
1.926875e-03 2.239980e-04 -1.580002e-01 2.025000e+00 5.000000e-01 0.000000e+00
1.329450e-03 1.843653e-04 -1.580002e-01 2.075000e+00 5.000000e-01 0.000000e+00
1.797869e-03 2.118846e-04 -1.580002e-01 2.125000e+00 5.000000e-01 0.000000e+00
1.571659e-03 1.964624e-04 -1.580002e-01 2.175000e+00 5.000000e-01 0.000000e+00
1.150179e-03 1.660185e-04 -1.580002e-01 2.225000e+00 5.000000e-01 0.000000e+00
1.358777e-03 1.784198e-04 -1.580002e-01 2.275000e+00 5.000000e-01 0.000000e+00
1.191843e-03 1.652816e-04 -1.580002e-01 2.325000e+00 5.000000e-01 0.000000e+00
1.440487e-03 1.773180e-04 -1.580002e-01 2.375000e+00 5.000000e-01 0.000000e+00
1.032406e-03 1.460106e-04 -1.580002e-01 2.425000e+00 5.000000e-01 0.000000e+00
1.239803e-03 1.549813e-04 -1.580002e-01 2.475000e+00 5.000000e-01 0.000000e+00
1.532551e-03 1.672231e-04 -1.580002e-01 2.525000e+00 5.000000e-01 0.000000e+00
1.122649e-03 1.403367e-04 -1.580002e-01 2.575000e+00 5.000000e-01 0.000000e+00
1.136489e-03 1.399002e-04 -1.580002e-01 2.625000e+00 5.000000e-01 0.000000e+00
8.573604e-04 1.212557e-04 -1.580002e-01 2.675000e+00 5.000000e-01 0.000000e+00
1.149294e-03 1.414776e-04 -1.580002e-01 2.725000e+00 5.000000e-01 0.000000e+00
1.101829e-03 1.356392e-04 -1.580002e-01 2.775000e+00 5.000000e-01 0.000000e+00
1.022002e-03 1.277683e-04 -1.580002e-01 2.825000e+00 5.000000e-01 0.000000e+00
1.228035e-03 1.356308e-04 -1.580002e-01 2.875000e+00 5.000000e-01 0.000000e+00
4.403094e-01 4.098437e-03 -1.480002e-01 2.500000e-02 5.000000e-01 0.000000e+00
6.894113e-02 1.601985e-03 -1.480002e-01 7.500000e-02 5.000000e-01 0.000000e+00
3.544394e-03 3.655773e-04 -1.480002e-01 1.250000e-01 5.000000e-01 0.000000e+00
1.865536e-03 2.638272e-04 -1.480002e-01 1.750000e-01 5.000000e-01 0.000000e+00
1.834233e-03 2.594005e-04 -1.480002e-01 2.250000e-01 5.000000e-01 0.000000e+00
1.422582e-03 2.249304e-04 -1.480002e-01 2.750000e-01 5.000000e-01 0.000000e+00
1.153783e-03 1.978727e-04 -1.480002e-01 3.250000e-01 5.000000e-01 0.000000e+00
1.117741e-03 1.916916e-04 -1.480002e-01 3.750000e-01 5.000000e-01 0.000000e+00
7.727336e-04 1.577343e-04 -1.480002e-01 4.250000e-01 5.000000e-01 0.000000e+00
1.021207e-03 1.805261e-04 -1.480002e-01 4.750000e-01 5.000000e-01 0.000000e+00
6.999077e-04 1.492213e-04 -1.480002e-01 5.250000e-01 5.000000e-01 0.000000e+00
1.012928e-03 1.790627e-04 -1.480002e-01 5.750000e-01 5.000000e-01 0.000000e+00
1.078716e-03 1.849990e-04 -1.480002e-01 6.250000e-01 5.000000e-01 0.000000e+00
6.385987e-04 1.427957e-04 -1.480002e-01 6.750000e-01 5.000000e-01 0.000000e+00
1.169393e-03 1.948997e-04 -1.480002e-01 7.250000e-01 5.000000e-01 0.000000e+00
1.447542e-03 2.233615e-04 -1.480002e-01 7.750000e-01 5.000000e-01 0.000000e+00
1.639696e-03 2.366705e-04 -1.480002e-01 8.250000e-01 5.000000e-01 0.000000e+00
1.279480e-03 2.075601e-04 -1.480002e-01 8.750000e-01 5.000000e-01 0.000000e+00
1.156762e-03 1.983839e-04 -1.480002e-01 9.250000e-01 5.000000e-01 0.000000e+00
9.417804e-04 1.779806e-04 -1.480002e-01 9.750000e-01 5.000000e-01 0.000000e+00
1.274538e-03 2.067584e-04 -1.480002e-01 1.025000e+00 5.000000e-01 0.000000e+00
7.943310e-04 1.621430e-04 -1.480002e-01 1.075000e+00 5.000000e-01 0.000000e+00
7.172913e-04 1.529281e-04 -1.480002e-01 1.125000e+00 5.000000e-01 0.000000e+00
8.975306e-04 1.696181e-04 -1.480002e-01 1.175000e+00 5.000000e-01 0.000000e+00
7.072938e-04 1.507967e-04 -1.480002e-01 1.225000e+00 5.000000e-01 0.000000e+00
5.721598e-04 1.348601e-04 -1.480002e-01 1.275000e+00 5.000000e-01 0.000000e+00
1.092564e-03 1.820953e-04 -1.480002e-01 1.325000e+00 5.000000e-01 0.000000e+00
1.034603e-03 1.774340e-04 -1.480002e-01 1.375000e+00 5.000000e-01 0.000000e+00
1.218909e-03 1.927274e-04 -1.480002e-01 1.425000e+00 5.000000e-01 0.000000e+00
9.091697e-04 1.659922e-04 -1.480002e-01 1.475000e+00 5.000000e-01 0.000000e+00
1.452134e-03 2.095995e-04 -1.480002e-01 1.525000e+00 5.000000e-01 0.000000e+00
1.481099e-03 2.094607e-04 -1.480002e-01 1.575000e+00 5.000000e-01 0.000000e+00
1.284244e-03 1.936085e-04 -1.480002e-01 1.625000e+00 5.000000e-01 0.000000e+00
1.386899e-03 2.001837e-04 -1.480002e-01 1.675000e+00 5.000000e-01 0.000000e+00
1.371517e-03 1.979632e-04 -1.480002e-01 1.725000e+00 5.000000e-01 0.000000e+00
1.516173e-03 2.063275e-04 -1.480002e-01 1.775000e+00 5.000000e-01 0.000000e+00
1.256976e-03 1.853329e-04 -1.480002e-01 1.825000e+00 5.000000e-01 0.000000e+00
1.528396e-03 2.042425e-04 -1.480002e-01 1.875000e+00 5.000000e-01 0.000000e+00
1.654158e-03 2.100809e-04 -1.480002e-01 1.925000e+00 5.000000e-01 0.000000e+00
1.584417e-03 2.045507e-04 -1.480002e-01 1.975000e+00 5.000000e-01 0.000000e+00
1.597256e-03 2.028539e-04 -1.480002e-01 2.025000e+00 5.000000e-01 0.000000e+00
1.381195e-03 1.879592e-04 -1.480002e-01 2.075000e+00 5.000000e-01 0.000000e+00
1.896742e-03 2.175760e-04 -1.480002e-01 2.125000e+00 5.000000e-01 0.000000e+00
1.758646e-03 2.072637e-04 -1.480002e-01 2.175000e+00 5.000000e-01 0.000000e+00
1.727214e-03 2.035574e-04 -1.480002e-01 2.225000e+00 5.000000e-01 0.000000e+00
1.255350e-03 1.708350e-04 -1.480002e-01 2.275000e+00 5.000000e-01 0.000000e+00
1.612872e-03 1.900849e-04 -1.480002e-01 2.325000e+00 5.000000e-01 0.000000e+00
1.317295e-03 1.673030e-04 -1.480002e-01 2.375000e+00 5.000000e-01 0.000000e+00
1.112937e-03 1.487264e-04 -1.480002e-01 2.425000e+00 5.000000e-01 0.000000e+00
1.309957e-03 1.565754e-04 -1.480002e-01 2.475000e+00 5.000000e-01 0.000000e+00
1.380565e-03 1.583698e-04 -1.480002e-01 2.525000e+00 5.000000e-01 0.000000e+00
1.377045e-03 1.559268e-04 -1.480002e-01 2.575000e+00 5.000000e-01 0.000000e+00
1.406049e-03 1.572082e-04 -1.480002e-01 2.625000e+00 5.000000e-01 0.000000e+00
1.294406e-03 1.525545e-04 -1.480002e-01 2.675000e+00 5.000000e-01 0.000000e+00
1.086618e-03 1.380100e-04 -1.480002e-01 2.725000e+00 5.000000e-01 0.000000e+00
9.707730e-04 1.274795e-04 -1.480002e-01 2.775000e+00 5.000000e-01 0.000000e+00
1.047388e-03 1.289382e-04 -1.480002e-01 2.825000e+00 5.000000e-01 0.000000e+00
1.000893e-03 1.213943e-04 -1.480002e-01 2.875000e+00 5.000000e-01 0.000000e+00
4.195247e-01 3.957084e-03 -1.380002e-01 2.500000e-02 5.000000e-01 0.000000e+00
7.011622e-02 1.627534e-03 -1.380002e-01 7.500000e-02 5.000000e-01 0.000000e+00
3.721010e-03 3.721021e-04 -1.380002e-01 1.250000e-01 5.000000e-01 0.000000e+00
1.720019e-03 2.536038e-04 -1.380002e-01 1.750000e-01 5.000000e-01 0.000000e+00
1.421018e-03 2.305201e-04 -1.380002e-01 2.250000e-01 5.000000e-01 0.000000e+00
1.174922e-03 2.076993e-04 -1.380002e-01 2.750000e-01 5.000000e-01 0.000000e+00
8.676136e-04 1.771014e-04 -1.380002e-01 3.250000e-01 5.000000e-01 0.000000e+00
1.179647e-03 2.023084e-04 -1.380002e-01 3.750000e-01 5.000000e-01 0.000000e+00
7.961263e-04 1.625092e-04 -1.380002e-01 4.250000e-01 5.000000e-01 0.000000e+00
8.366988e-04 1.640905e-04 -1.380002e-01 4.750000e-01 5.000000e-01 0.000000e+00
1.004128e-03 1.775068e-04 -1.380002e-01 5.250000e-01 5.000000e-01 0.000000e+00
8.828178e-04 1.668374e-04 -1.380002e-01 5.750000e-01 5.000000e-01 0.000000e+00
6.931301e-04 1.477763e-04 -1.380002e-01 6.250000e-01 5.000000e-01 0.000000e+00
7.472769e-04 1.525378e-04 -1.380002e-01 6.750000e-01 5.000000e-01 0.000000e+00
1.002230e-03 1.771714e-04 -1.380002e-01 7.250000e-01 5.000000e-01 0.000000e+00
1.060955e-03 1.819529e-04 -1.380002e-01 7.750000e-01 5.000000e-01 0.000000e+00
6.540432e-04 1.462489e-04 -1.380002e-01 8.250000e-01 5.000000e-01 0.000000e+00
8.746002e-04 1.715240e-04 -1.380002e-01 8.750000e-01 5.000000e-01 0.000000e+00
1.067472e-03 1.887049e-04 -1.380002e-01 9.250000e-01 5.000000e-01 0.000000e+00
9.497926e-04 1.794948e-04 -1.380002e-01 9.750000e-01 5.000000e-01 0.000000e+00
1.271860e-03 2.063236e-04 -1.380002e-01 1.025000e+00 5.000000e-01 0.000000e+00
1.043471e-03 1.844624e-04 -1.380002e-01 1.075000e+00 5.000000e-01 0.000000e+00
6.519427e-04 1.457793e-04 -1.380002e-01 1.125000e+00 5.000000e-01 0.000000e+00
1.354716e-03 2.090382e-04 -1.380002e-01 1.175000e+00 5.000000e-01 0.000000e+00
8.239205e-04 1.615847e-04 -1.380002e-01 1.225000e+00 5.000000e-01 0.000000e+00
8.306275e-04 1.629001e-04 -1.380002e-01 1.275000e+00 5.000000e-01 0.000000e+00
5.665087e-04 1.335286e-04 -1.380002e-01 1.325000e+00 5.000000e-01 0.000000e+00
8.434096e-04 1.593906e-04 -1.380002e-01 1.375000e+00 5.000000e-01 0.000000e+00
1.177247e-03 1.861400e-04 -1.380002e-01 1.425000e+00 5.000000e-01 0.000000e+00
8.474768e-04 1.601593e-04 -1.380002e-01 1.475000e+00 5.000000e-01 0.000000e+00
1.563307e-03 2.167935e-04 -1.380002e-01 1.525000e+00 5.000000e-01 0.000000e+00
1.064139e-03 1.773579e-04 -1.380002e-01 1.575000e+00 5.000000e-01 0.000000e+00
1.396013e-03 2.014988e-04 -1.380002e-01 1.625000e+00 5.000000e-01 0.000000e+00
1.041740e-03 1.736253e-04 -1.380002e-01 1.675000e+00 5.000000e-01 0.000000e+00
1.036863e-03 1.728123e-04 -1.380002e-01 1.725000e+00 5.000000e-01 0.000000e+00
2.273004e-03 2.510134e-04 -1.380002e-01 1.775000e+00 5.000000e-01 0.000000e+00
1.482031e-03 2.016809e-04 -1.380002e-01 1.825000e+00 5.000000e-01 0.000000e+00
1.931384e-03 2.276176e-04 -1.380002e-01 1.875000e+00 5.000000e-01 0.000000e+00
2.756196e-03 2.702704e-04 -1.380002e-01 1.925000e+00 5.000000e-01 0.000000e+00
1.641010e-03 2.084116e-04 -1.380002e-01 1.975000e+00 5.000000e-01 0.000000e+00
1.600399e-03 2.032531e-04 -1.380002e-01 2.025000e+00 5.000000e-01 0.000000e+00
2.081524e-03 2.298699e-04 -1.380002e-01 2.075000e+00 5.000000e-01 0.000000e+00
1.743826e-03 2.084308e-04 -1.380002e-01 2.125000e+00 5.000000e-01 0.000000e+00
1.556603e-03 1.945782e-04 -1.380002e-01 2.175000e+00 5.000000e-01 0.000000e+00
1.575069e-03 1.938813e-04 -1.380002e-01 2.225000e+00 5.000000e-01 0.000000e+00
1.502559e-03 1.849561e-04 -1.380002e-01 2.275000e+00 5.000000e-01 0.000000e+00
1.513736e-03 1.809315e-04 -1.380002e-01 2.325000e+00 5.000000e-01 0.000000e+00
1.305650e-03 1.632114e-04 -1.380002e-01 2.375000e+00 5.000000e-01 0.000000e+00
1.271825e-03 1.565553e-04 -1.380002e-01 2.425000e+00 5.000000e-01 0.000000e+00
8.190107e-04 1.234753e-04 -1.380002e-01 2.475000e+00 5.000000e-01 0.000000e+00
1.088327e-03 1.405080e-04 -1.380002e-01 2.525000e+00 5.000000e-01 0.000000e+00
1.014186e-03 1.355327e-04 -1.380002e-01 2.575000e+00 5.000000e-01 0.000000e+00
9.981748e-04 1.358422e-04 -1.380002e-01 2.625000e+00 5.000000e-01 0.000000e+00
1.531389e-03 1.670971e-04 -1.380002e-01 2.675000e+00 5.000000e-01 0.000000e+00
1.120296e-03 1.400487e-04 -1.380002e-01 2.725000e+00 5.000000e-01 0.000000e+00
1.288954e-03 1.459551e-04 -1.380002e-01 2.775000e+00 5.000000e-01 0.000000e+00
7.528133e-04 1.086689e-04 -1.380002e-01 2.825000e+00 5.000000e-01 0.000000e+00
1.056079e-03 1.227856e-04 -1.380002e-01 2.875000e+00 5.000000e-01 0.000000e+00
4.266120e-01 4.005799e-03 -1.280002e-01 2.500000e-02 5.000000e-01 0.000000e+00
6.929411e-02 1.603276e-03 -1.280002e-01 7.500000e-02 5.000000e-01 0.000000e+00
2.018919e-03 2.747406e-04 -1.280002e-01 1.250000e-01 5.000000e-01 0.000000e+00
2.012703e-03 2.738947e-04 -1.280002e-01 1.750000e-01 5.000000e-01 0.000000e+00
2.287161e-03 2.904705e-04 -1.280002e-01 2.250000e-01 5.000000e-01 0.000000e+00
9.644172e-04 1.891383e-04 -1.280002e-01 2.750000e-01 5.000000e-01 0.000000e+00
1.241581e-03 2.129300e-04 -1.280002e-01 3.250000e-01 5.000000e-01 0.000000e+00
1.300576e-03 2.167635e-04 -1.280002e-01 3.750000e-01 5.000000e-01 0.000000e+00
6.324569e-04 1.490720e-04 -1.280002e-01 4.250000e-01 5.000000e-01 0.000000e+00
8.107543e-04 1.654948e-04 -1.280002e-01 4.750000e-01 5.000000e-01 0.000000e+00
6.482994e-04 1.449645e-04 -1.280002e-01 5.250000e-01 5.000000e-01 0.000000e+00
6.919554e-04 1.475258e-04 -1.280002e-01 5.750000e-01 5.000000e-01 0.000000e+00
8.140116e-04 1.596413e-04 -1.280002e-01 6.250000e-01 5.000000e-01 0.000000e+00
9.485385e-04 1.731793e-04 -1.280002e-01 6.750000e-01 5.000000e-01 0.000000e+00
1.284483e-03 1.982009e-04 -1.280002e-01 7.250000e-01 5.000000e-01 0.000000e+00
7.954438e-04 1.559999e-04 -1.280002e-01 7.750000e-01 5.000000e-01 0.000000e+00
6.720487e-04 1.432820e-04 -1.280002e-01 8.250000e-01 5.000000e-01 0.000000e+00
7.436326e-04 1.517938e-04 -1.280002e-01 8.750000e-01 5.000000e-01 0.000000e+00
9.167458e-04 1.732495e-04 -1.280002e-01 9.250000e-01 5.000000e-01 0.000000e+00
8.666354e-04 1.699622e-04 -1.280002e-01 9.750000e-01 5.000000e-01 0.000000e+00
1.067914e-03 1.887832e-04 -1.280002e-01 1.025000e+00 5.000000e-01 0.000000e+00
6.565761e-04 1.468155e-04 -1.280002e-01 1.075000e+00 5.000000e-01 0.000000e+00
7.800450e-04 1.592269e-04 -1.280002e-01 1.125000e+00 5.000000e-01 0.000000e+00
1.021106e-03 1.805084e-04 -1.280002e-01 1.175000e+00 5.000000e-01 0.000000e+00
1.084534e-03 1.859974e-04 -1.280002e-01 1.225000e+00 5.000000e-01 0.000000e+00
8.965816e-04 1.694388e-04 -1.280002e-01 1.275000e+00 5.000000e-01 0.000000e+00
9.294824e-04 1.696999e-04 -1.280002e-01 1.325000e+00 5.000000e-01 0.000000e+00
9.921860e-04 1.753967e-04 -1.280002e-01 1.375000e+00 5.000000e-01 0.000000e+00
8.551507e-04 1.616096e-04 -1.280002e-01 1.425000e+00 5.000000e-01 0.000000e+00
7.551465e-04 1.480979e-04 -1.280002e-01 1.475000e+00 5.000000e-01 0.000000e+00
1.230951e-03 1.899412e-04 -1.280002e-01 1.525000e+00 5.000000e-01 0.000000e+00
8.279964e-04 1.564779e-04 -1.280002e-01 1.575000e+00 5.000000e-01 0.000000e+00
1.696501e-03 2.227637e-04 -1.280002e-01 1.625000e+00 5.000000e-01 0.000000e+00
1.834234e-03 2.292815e-04 -1.280002e-01 1.675000e+00 5.000000e-01 0.000000e+00
1.136288e-03 1.796644e-04 -1.280002e-01 1.725000e+00 5.000000e-01 0.000000e+00
1.784812e-03 2.231039e-04 -1.280002e-01 1.775000e+00 5.000000e-01 0.000000e+00
1.758557e-03 2.198212e-04 -1.280002e-01 1.825000e+00 5.000000e-01 0.000000e+00
1.304351e-03 1.882697e-04 -1.280002e-01 1.875000e+00 5.000000e-01 0.000000e+00
1.752515e-03 2.157222e-04 -1.280002e-01 1.925000e+00 5.000000e-01 0.000000e+00
1.978817e-03 2.269888e-04 -1.280002e-01 1.975000e+00 5.000000e-01 0.000000e+00
2.073591e-03 2.318379e-04 -1.280002e-01 2.025000e+00 5.000000e-01 0.000000e+00
1.816245e-03 2.140506e-04 -1.280002e-01 2.075000e+00 5.000000e-01 0.000000e+00
1.400473e-03 1.871489e-04 -1.280002e-01 2.125000e+00 5.000000e-01 0.000000e+00
1.355637e-03 1.811583e-04 -1.280002e-01 2.175000e+00 5.000000e-01 0.000000e+00
1.584932e-03 1.922053e-04 -1.280002e-01 2.225000e+00 5.000000e-01 0.000000e+00
1.505609e-03 1.825861e-04 -1.280002e-01 2.275000e+00 5.000000e-01 0.000000e+00
1.576684e-03 1.808625e-04 -1.280002e-01 2.325000e+00 5.000000e-01 0.000000e+00
1.260829e-03 1.576086e-04 -1.280002e-01 2.375000e+00 5.000000e-01 0.000000e+00
1.342360e-03 1.604474e-04 -1.280002e-01 2.425000e+00 5.000000e-01 0.000000e+00
1.340159e-03 1.579450e-04 -1.280002e-01 2.475000e+00 5.000000e-01 0.000000e+00
9.311840e-04 1.316953e-04 -1.280002e-01 2.525000e+00 5.000000e-01 0.000000e+00
1.137918e-03 1.469113e-04 -1.280002e-01 2.575000e+00 5.000000e-01 0.000000e+00
1.133857e-03 1.463905e-04 -1.280002e-01 2.625000e+00 5.000000e-01 0.000000e+00
1.086871e-03 1.403241e-04 -1.280002e-01 2.675000e+00 5.000000e-01 0.000000e+00
1.384130e-03 1.547595e-04 -1.280002e-01 2.725000e+00 5.000000e-01 0.000000e+00
1.451309e-03 1.547210e-04 -1.280002e-01 2.775000e+00 5.000000e-01 0.000000e+00
1.238606e-03 1.384943e-04 -1.280002e-01 2.825000e+00 5.000000e-01 0.000000e+00
1.518542e-03 1.435036e-04 -1.280002e-01 2.875000e+00 5.000000e-01 0.000000e+00
4.202252e-01 3.870463e-03 -1.180002e-01 2.500000e-02 5.000000e-01 0.000000e+00
6.535738e-02 1.553490e-03 -1.180002e-01 7.500000e-02 5.000000e-01 0.000000e+00
2.522577e-03 3.059081e-04 -1.180002e-01 1.250000e-01 5.000000e-01 0.000000e+00
1.998174e-03 2.719177e-04 -1.180002e-01 1.750000e-01 5.000000e-01 0.000000e+00
1.193456e-03 2.109758e-04 -1.180002e-01 2.250000e-01 5.000000e-01 0.000000e+00
1.167275e-03 2.063474e-04 -1.180002e-01 2.750000e-01 5.000000e-01 0.000000e+00
1.985611e-03 2.702079e-04 -1.180002e-01 3.250000e-01 5.000000e-01 0.000000e+00
1.229301e-03 2.108240e-04 -1.180002e-01 3.750000e-01 5.000000e-01 0.000000e+00
9.326082e-04 1.828999e-04 -1.180002e-01 4.250000e-01 5.000000e-01 0.000000e+00
9.213193e-04 1.806862e-04 -1.180002e-01 4.750000e-01 5.000000e-01 0.000000e+00
1.234319e-03 2.057204e-04 -1.180002e-01 5.250000e-01 5.000000e-01 0.000000e+00
1.065657e-03 1.883840e-04 -1.180002e-01 5.750000e-01 5.000000e-01 0.000000e+00
8.983148e-04 1.697661e-04 -1.180002e-01 6.250000e-01 5.000000e-01 0.000000e+00
1.227419e-03 1.940728e-04 -1.180002e-01 6.750000e-01 5.000000e-01 0.000000e+00
9.322103e-04 1.701981e-04 -1.180002e-01 7.250000e-01 5.000000e-01 0.000000e+00
1.095896e-03 1.826500e-04 -1.180002e-01 7.750000e-01 5.000000e-01 0.000000e+00
1.208715e-03 1.911156e-04 -1.180002e-01 8.250000e-01 5.000000e-01 0.000000e+00
9.695477e-04 1.713940e-04 -1.180002e-01 8.750000e-01 5.000000e-01 0.000000e+00
1.139587e-03 1.848660e-04 -1.180002e-01 9.250000e-01 5.000000e-01 0.000000e+00
6.877135e-04 1.466218e-04 -1.180002e-01 9.750000e-01 5.000000e-01 0.000000e+00
9.827020e-04 1.794169e-04 -1.180002e-01 1.025000e+00 5.000000e-01 0.000000e+00
6.539550e-04 1.462295e-04 -1.180002e-01 1.075000e+00 5.000000e-01 0.000000e+00
7.708997e-04 1.573605e-04 -1.180002e-01 1.125000e+00 5.000000e-01 0.000000e+00
8.390674e-04 1.645558e-04 -1.180002e-01 1.175000e+00 5.000000e-01 0.000000e+00
7.598988e-04 1.551147e-04 -1.180002e-01 1.225000e+00 5.000000e-01 0.000000e+00
6.904329e-04 1.472017e-04 -1.180002e-01 1.275000e+00 5.000000e-01 0.000000e+00
8.209786e-04 1.610081e-04 -1.180002e-01 1.325000e+00 5.000000e-01 0.000000e+00
7.965638e-04 1.562200e-04 -1.180002e-01 1.375000e+00 5.000000e-01 0.000000e+00
9.090534e-04 1.659710e-04 -1.180002e-01 1.425000e+00 5.000000e-01 0.000000e+00
1.023182e-03 1.754756e-04 -1.180002e-01 1.475000e+00 5.000000e-01 0.000000e+00
1.592677e-03 2.167374e-04 -1.180002e-01 1.525000e+00 5.000000e-01 0.000000e+00
1.304429e-03 1.923294e-04 -1.180002e-01 1.575000e+00 5.000000e-01 0.000000e+00
1.258954e-03 1.897961e-04 -1.180002e-01 1.625000e+00 5.000000e-01 0.000000e+00
1.034213e-03 1.723703e-04 -1.180002e-01 1.675000e+00 5.000000e-01 0.000000e+00
1.705441e-03 2.201735e-04 -1.180002e-01 1.725000e+00 5.000000e-01 0.000000e+00
1.619863e-03 2.127006e-04 -1.180002e-01 1.775000e+00 5.000000e-01 0.000000e+00
1.769334e-03 2.211686e-04 -1.180002e-01 1.825000e+00 5.000000e-01 0.000000e+00
2.099975e-03 2.377776e-04 -1.180002e-01 1.875000e+00 5.000000e-01 0.000000e+00
1.537779e-03 2.019225e-04 -1.180002e-01 1.925000e+00 5.000000e-01 0.000000e+00
1.749810e-03 2.121979e-04 -1.180002e-01 1.975000e+00 5.000000e-01 0.000000e+00
2.137240e-03 2.331955e-04 -1.180002e-01 2.025000e+00 5.000000e-01 0.000000e+00
1.704115e-03 2.066567e-04 -1.180002e-01 2.075000e+00 5.000000e-01 0.000000e+00
2.114359e-03 2.280010e-04 -1.180002e-01 2.125000e+00 5.000000e-01 0.000000e+00
1.408444e-03 1.818324e-04 -1.180002e-01 2.175000e+00 5.000000e-01 0.000000e+00
1.489330e-03 1.833283e-04 -1.180002e-01 2.225000e+00 5.000000e-01 0.000000e+00
1.575985e-03 1.832086e-04 -1.180002e-01 2.275000e+00 5.000000e-01 0.000000e+00
1.444815e-03 1.702769e-04 -1.180002e-01 2.325000e+00 5.000000e-01 0.000000e+00
1.484250e-03 1.702610e-04 -1.180002e-01 2.375000e+00 5.000000e-01 0.000000e+00
1.336254e-03 1.597173e-04 -1.180002e-01 2.425000e+00 5.000000e-01 0.000000e+00
1.796816e-03 1.853347e-04 -1.180002e-01 2.475000e+00 5.000000e-01 0.000000e+00
7.833326e-04 1.238593e-04 -1.180002e-01 2.525000e+00 5.000000e-01 0.000000e+00
1.133493e-03 1.488399e-04 -1.180002e-01 2.575000e+00 5.000000e-01 0.000000e+00
9.762426e-04 1.353863e-04 -1.180002e-01 2.625000e+00 5.000000e-01 0.000000e+00
1.477366e-03 1.631548e-04 -1.180002e-01 2.675000e+00 5.000000e-01 0.000000e+00
1.242910e-03 1.464900e-04 -1.180002e-01 2.725000e+00 5.000000e-01 0.000000e+00
9.217603e-04 1.231856e-04 -1.180002e-01 2.775000e+00 5.000000e-01 0.000000e+00
7.413136e-04 1.048459e-04 -1.180002e-01 2.825000e+00 5.000000e-01 0.000000e+00
1.055225e-03 1.194977e-04 -1.180002e-01 2.875000e+00 5.000000e-01 0.000000e+00
4.201397e-01 3.869019e-03 -1.080002e-01 2.500000e-02 5.000000e-01 0.000000e+00
6.468218e-02 1.508733e-03 -1.080002e-01 7.500000e-02 5.000000e-01 0.000000e+00
2.774656e-03 3.182757e-04 -1.080002e-01 1.250000e-01 5.000000e-01 0.000000e+00
1.706985e-03 2.516819e-04 -1.080002e-01 1.750000e-01 5.000000e-01 0.000000e+00
2.117097e-03 2.779890e-04 -1.080002e-01 2.250000e-01 5.000000e-01 0.000000e+00
1.112176e-03 2.030553e-04 -1.080002e-01 2.750000e-01 5.000000e-01 0.000000e+00
1.223793e-03 2.098793e-04 -1.080002e-01 3.250000e-01 5.000000e-01 0.000000e+00
1.019766e-03 1.927179e-04 -1.080002e-01 3.750000e-01 5.000000e-01 0.000000e+00
7.850408e-04 1.673716e-04 -1.080002e-01 4.250000e-01 5.000000e-01 0.000000e+00
1.454375e-03 2.271359e-04 -1.080002e-01 4.750000e-01 5.000000e-01 0.000000e+00
9.913245e-04 1.873433e-04 -1.080002e-01 5.250000e-01 5.000000e-01 0.000000e+00
8.328606e-04 1.700078e-04 -1.080002e-01 5.750000e-01 5.000000e-01 0.000000e+00
1.005663e-03 1.836088e-04 -1.080002e-01 6.250000e-01 5.000000e-01 0.000000e+00
1.110798e-03 1.905008e-04 -1.080002e-01 6.750000e-01 5.000000e-01 0.000000e+00
7.434817e-04 1.517631e-04 -1.080002e-01 7.250000e-01 5.000000e-01 0.000000e+00
1.162739e-03 1.886220e-04 -1.080002e-01 7.750000e-01 5.000000e-01 0.000000e+00
8.487033e-04 1.603906e-04 -1.080002e-01 8.250000e-01 5.000000e-01 0.000000e+00
1.239932e-03 1.913267e-04 -1.080002e-01 8.750000e-01 5.000000e-01 0.000000e+00
9.002842e-04 1.643692e-04 -1.080002e-01 9.250000e-01 5.000000e-01 0.000000e+00
1.241658e-03 1.915930e-04 -1.080002e-01 9.750000e-01 5.000000e-01 0.000000e+00
1.018549e-03 1.746806e-04 -1.080002e-01 1.025000e+00 5.000000e-01 0.000000e+00
9.374900e-04 1.711619e-04 -1.080002e-01 1.075000e+00 5.000000e-01 0.000000e+00
9.634705e-04 1.759053e-04 -1.080002e-01 1.125000e+00 5.000000e-01 0.000000e+00
7.602268e-04 1.551818e-04 -1.080002e-01 1.175000e+00 5.000000e-01 0.000000e+00
1.083825e-03 1.858753e-04 -1.080002e-01 1.225000e+00 5.000000e-01 0.000000e+00
1.205632e-03 1.955808e-04 -1.080002e-01 1.275000e+00 5.000000e-01 0.000000e+00
5.560482e-04 1.310624e-04 -1.080002e-01 1.325000e+00 5.000000e-01 0.000000e+00
1.166589e-03 1.892475e-04 -1.080002e-01 1.375000e+00 5.000000e-01 0.000000e+00
7.931025e-04 1.555412e-04 -1.080002e-01 1.425000e+00 5.000000e-01 0.000000e+00
9.056964e-04 1.653589e-04 -1.080002e-01 1.475000e+00 5.000000e-01 0.000000e+00
1.123849e-03 1.823140e-04 -1.080002e-01 1.525000e+00 5.000000e-01 0.000000e+00
1.166112e-03 1.843800e-04 -1.080002e-01 1.575000e+00 5.000000e-01 0.000000e+00
1.176756e-03 1.815789e-04 -1.080002e-01 1.625000e+00 5.000000e-01 0.000000e+00
1.701300e-03 2.196388e-04 -1.080002e-01 1.675000e+00 5.000000e-01 0.000000e+00
1.638349e-03 2.151282e-04 -1.080002e-01 1.725000e+00 5.000000e-01 0.000000e+00
2.152437e-03 2.437184e-04 -1.080002e-01 1.775000e+00 5.000000e-01 0.000000e+00
2.341159e-03 2.524565e-04 -1.080002e-01 1.825000e+00 5.000000e-01 0.000000e+00
1.564077e-03 2.053754e-04 -1.080002e-01 1.875000e+00 5.000000e-01 0.000000e+00
2.018536e-03 2.315452e-04 -1.080002e-01 1.925000e+00 5.000000e-01 0.000000e+00
1.869562e-03 2.203335e-04 -1.080002e-01 1.975000e+00 5.000000e-01 0.000000e+00
1.845499e-03 2.174964e-04 -1.080002e-01 2.025000e+00 5.000000e-01 0.000000e+00
1.826017e-03 2.122739e-04 -1.080002e-01 2.075000e+00 5.000000e-01 0.000000e+00
1.969615e-03 2.175126e-04 -1.080002e-01 2.125000e+00 5.000000e-01 0.000000e+00
1.509216e-03 1.857752e-04 -1.080002e-01 2.175000e+00 5.000000e-01 0.000000e+00
1.450741e-03 1.759329e-04 -1.080002e-01 2.225000e+00 5.000000e-01 0.000000e+00
1.484248e-03 1.749255e-04 -1.080002e-01 2.275000e+00 5.000000e-01 0.000000e+00
1.322332e-03 1.627720e-04 -1.080002e-01 2.325000e+00 5.000000e-01 0.000000e+00
1.597563e-03 1.764259e-04 -1.080002e-01 2.375000e+00 5.000000e-01 0.000000e+00
1.213496e-03 1.541177e-04 -1.080002e-01 2.425000e+00 5.000000e-01 0.000000e+00
1.234530e-03 1.567905e-04 -1.080002e-01 2.475000e+00 5.000000e-01 0.000000e+00
1.205443e-03 1.556283e-04 -1.080002e-01 2.525000e+00 5.000000e-01 0.000000e+00
8.518300e-04 1.284244e-04 -1.080002e-01 2.575000e+00 5.000000e-01 0.000000e+00
1.193827e-03 1.492354e-04 -1.080002e-01 2.625000e+00 5.000000e-01 0.000000e+00
1.114969e-03 1.416122e-04 -1.080002e-01 2.675000e+00 5.000000e-01 0.000000e+00
1.062313e-03 1.349240e-04 -1.080002e-01 2.725000e+00 5.000000e-01 0.000000e+00
1.117237e-03 1.335439e-04 -1.080002e-01 2.775000e+00 5.000000e-01 0.000000e+00
1.377729e-03 1.421173e-04 -1.080002e-01 2.825000e+00 5.000000e-01 0.000000e+00
1.111279e-03 1.212680e-04 -1.080002e-01 2.875000e+00 5.000000e-01 0.000000e+00
4.207578e-01 3.794470e-03 -9.800023e-02 2.500000e-02 5.000000e-01 0.000000e+00
6.290323e-02 1.489279e-03 -9.800023e-02 7.500000e-02 5.000000e-01 0.000000e+00
2.323806e-03 2.860413e-04 -9.800023e-02 1.250000e-01 5.000000e-01 0.000000e+00
2.177691e-03 2.811394e-04 -9.800023e-02 1.750000e-01 5.000000e-01 0.000000e+00
9.647499e-04 1.892034e-04 -9.800023e-02 2.250000e-01 5.000000e-01 0.000000e+00
1.227662e-03 2.105430e-04 -9.800023e-02 2.750000e-01 5.000000e-01 0.000000e+00
1.697207e-03 2.502402e-04 -9.800023e-02 3.250000e-01 5.000000e-01 0.000000e+00
1.212714e-03 2.079794e-04 -9.800023e-02 3.750000e-01 5.000000e-01 0.000000e+00
7.906589e-04 1.685696e-04 -9.800023e-02 4.250000e-01 5.000000e-01 0.000000e+00
6.755781e-04 1.549884e-04 -9.800023e-02 4.750000e-01 5.000000e-01 0.000000e+00
7.014771e-04 1.568556e-04 -9.800023e-02 5.250000e-01 5.000000e-01 0.000000e+00
1.130138e-03 1.997826e-04 -9.800023e-02 5.750000e-01 5.000000e-01 0.000000e+00
1.945620e-03 2.599952e-04 -9.800023e-02 6.250000e-01 5.000000e-01 0.000000e+00
1.227381e-03 2.045641e-04 -9.800023e-02 6.750000e-01 5.000000e-01 0.000000e+00
7.918625e-04 1.616391e-04 -9.800023e-02 7.250000e-01 5.000000e-01 0.000000e+00
7.528489e-04 1.536753e-04 -9.800023e-02 7.750000e-01 5.000000e-01 0.000000e+00
1.266658e-03 1.954507e-04 -9.800023e-02 8.250000e-01 5.000000e-01 0.000000e+00
8.408546e-04 1.589073e-04 -9.800023e-02 8.750000e-01 5.000000e-01 0.000000e+00
1.055877e-03 1.759800e-04 -9.800023e-02 9.250000e-01 5.000000e-01 0.000000e+00
8.918610e-04 1.628314e-04 -9.800023e-02 9.750000e-01 5.000000e-01 0.000000e+00
8.210258e-04 1.551603e-04 -9.800023e-02 1.025000e+00 5.000000e-01 0.000000e+00
1.279747e-03 1.929300e-04 -9.800023e-02 1.075000e+00 5.000000e-01 0.000000e+00
4.158661e-04 1.111457e-04 -9.800023e-02 1.125000e+00 5.000000e-01 0.000000e+00
9.315985e-04 1.700867e-04 -9.800023e-02 1.175000e+00 5.000000e-01 0.000000e+00
1.075556e-03 1.844571e-04 -9.800023e-02 1.225000e+00 5.000000e-01 0.000000e+00
1.247289e-03 1.972149e-04 -9.800023e-02 1.275000e+00 5.000000e-01 0.000000e+00
1.072219e-03 1.838850e-04 -9.800023e-02 1.325000e+00 5.000000e-01 0.000000e+00
1.103230e-03 1.838726e-04 -9.800023e-02 1.375000e+00 5.000000e-01 0.000000e+00
8.388869e-04 1.585362e-04 -9.800023e-02 1.425000e+00 5.000000e-01 0.000000e+00
1.084783e-03 1.807988e-04 -9.800023e-02 1.475000e+00 5.000000e-01 0.000000e+00
1.670381e-03 2.232156e-04 -9.800023e-02 1.525000e+00 5.000000e-01 0.000000e+00
1.239337e-03 1.912357e-04 -9.800023e-02 1.575000e+00 5.000000e-01 0.000000e+00
1.368463e-03 1.975223e-04 -9.800023e-02 1.625000e+00 5.000000e-01 0.000000e+00
1.387082e-03 1.961651e-04 -9.800023e-02 1.675000e+00 5.000000e-01 0.000000e+00
1.528865e-03 2.043045e-04 -9.800023e-02 1.725000e+00 5.000000e-01 0.000000e+00
1.170626e-03 1.806339e-04 -9.800023e-02 1.775000e+00 5.000000e-01 0.000000e+00
1.436203e-03 1.991680e-04 -9.800023e-02 1.825000e+00 5.000000e-01 0.000000e+00
1.504761e-03 2.010843e-04 -9.800023e-02 1.875000e+00 5.000000e-01 0.000000e+00
2.286974e-03 2.466138e-04 -9.800023e-02 1.925000e+00 5.000000e-01 0.000000e+00
1.664202e-03 2.080289e-04 -9.800023e-02 1.975000e+00 5.000000e-01 0.000000e+00
1.724299e-03 2.091061e-04 -9.800023e-02 2.025000e+00 5.000000e-01 0.000000e+00
1.947612e-03 2.177528e-04 -9.800023e-02 2.075000e+00 5.000000e-01 0.000000e+00
1.372287e-03 1.771641e-04 -9.800023e-02 2.125000e+00 5.000000e-01 0.000000e+00
1.847729e-03 2.016075e-04 -9.800023e-02 2.175000e+00 5.000000e-01 0.000000e+00
1.255073e-03 1.620328e-04 -9.800023e-02 2.225000e+00 5.000000e-01 0.000000e+00
1.511203e-03 1.756777e-04 -9.800023e-02 2.275000e+00 5.000000e-01 0.000000e+00
1.562466e-03 1.769193e-04 -9.800023e-02 2.325000e+00 5.000000e-01 0.000000e+00
8.029947e-04 1.269686e-04 -9.800023e-02 2.375000e+00 5.000000e-01 0.000000e+00
1.388059e-03 1.683314e-04 -9.800023e-02 2.425000e+00 5.000000e-01 0.000000e+00
9.515352e-04 1.403009e-04 -9.800023e-02 2.475000e+00 5.000000e-01 0.000000e+00
1.041122e-03 1.443839e-04 -9.800023e-02 2.525000e+00 5.000000e-01 0.000000e+00
1.121686e-03 1.472902e-04 -9.800023e-02 2.575000e+00 5.000000e-01 0.000000e+00
1.003348e-03 1.365461e-04 -9.800023e-02 2.625000e+00 5.000000e-01 0.000000e+00
1.147160e-03 1.434028e-04 -9.800023e-02 2.675000e+00 5.000000e-01 0.000000e+00
1.221565e-03 1.439722e-04 -9.800023e-02 2.725000e+00 5.000000e-01 0.000000e+00
8.167661e-04 1.132751e-04 -9.800023e-02 2.775000e+00 5.000000e-01 0.000000e+00
1.417945e-03 1.432508e-04 -9.800023e-02 2.825000e+00 5.000000e-01 0.000000e+00
1.818989e-03 1.537558e-04 -9.800023e-02 2.875000e+00 5.000000e-01 0.000000e+00
4.179948e-01 3.749481e-03 -8.800024e-02 2.500000e-02 5.000000e-01 0.000000e+00
6.385528e-02 1.475070e-03 -8.800024e-02 7.500000e-02 5.000000e-01 0.000000e+00
3.041012e-03 3.279215e-04 -8.800024e-02 1.250000e-01 5.000000e-01 0.000000e+00
1.393494e-03 2.203314e-04 -8.800024e-02 1.750000e-01 5.000000e-01 0.000000e+00
1.532614e-03 2.364882e-04 -8.800024e-02 2.250000e-01 5.000000e-01 0.000000e+00
8.051160e-04 1.716517e-04 -8.800024e-02 2.750000e-01 5.000000e-01 0.000000e+00
6.482112e-04 1.527851e-04 -8.800024e-02 3.250000e-01 5.000000e-01 0.000000e+00
9.429933e-04 1.849366e-04 -8.800024e-02 3.750000e-01 5.000000e-01 0.000000e+00
7.111792e-04 1.590246e-04 -8.800024e-02 4.250000e-01 5.000000e-01 0.000000e+00
9.245748e-04 1.813244e-04 -8.800024e-02 4.750000e-01 5.000000e-01 0.000000e+00
1.063352e-03 1.941411e-04 -8.800024e-02 5.250000e-01 5.000000e-01 0.000000e+00
1.382649e-03 2.186166e-04 -8.800024e-02 5.750000e-01 5.000000e-01 0.000000e+00
1.276804e-03 2.128013e-04 -8.800024e-02 6.250000e-01 5.000000e-01 0.000000e+00
1.032378e-03 1.884859e-04 -8.800024e-02 6.750000e-01 5.000000e-01 0.000000e+00
1.230632e-03 2.051063e-04 -8.800024e-02 7.250000e-01 5.000000e-01 0.000000e+00
1.126397e-03 1.931763e-04 -8.800024e-02 7.750000e-01 5.000000e-01 0.000000e+00
6.999576e-04 1.492319e-04 -8.800024e-02 8.250000e-01 5.000000e-01 0.000000e+00
1.086352e-03 1.810596e-04 -8.800024e-02 8.750000e-01 5.000000e-01 0.000000e+00
8.924466e-04 1.629384e-04 -8.800024e-02 9.250000e-01 5.000000e-01 0.000000e+00
6.465357e-04 1.378425e-04 -8.800024e-02 9.750000e-01 5.000000e-01 0.000000e+00
1.160611e-03 1.835095e-04 -8.800024e-02 1.025000e+00 5.000000e-01 0.000000e+00
5.833147e-04 1.304338e-04 -8.800024e-02 1.075000e+00 5.000000e-01 0.000000e+00
9.701690e-04 1.663831e-04 -8.800024e-02 1.125000e+00 5.000000e-01 0.000000e+00
6.333051e-04 1.350221e-04 -8.800024e-02 1.175000e+00 5.000000e-01 0.000000e+00
6.630215e-04 1.413573e-04 -8.800024e-02 1.225000e+00 5.000000e-01 0.000000e+00
6.256078e-04 1.398912e-04 -8.800024e-02 1.275000e+00 5.000000e-01 0.000000e+00
7.385996e-04 1.507668e-04 -8.800024e-02 1.325000e+00 5.000000e-01 0.000000e+00
9.832165e-04 1.738111e-04 -8.800024e-02 1.375000e+00 5.000000e-01 0.000000e+00
1.275305e-03 1.967854e-04 -8.800024e-02 1.425000e+00 5.000000e-01 0.000000e+00
5.391671e-04 1.270834e-04 -8.800024e-02 1.475000e+00 5.000000e-01 0.000000e+00
9.983791e-04 1.712218e-04 -8.800024e-02 1.525000e+00 5.000000e-01 0.000000e+00
1.109273e-03 1.799491e-04 -8.800024e-02 1.575000e+00 5.000000e-01 0.000000e+00
1.273579e-03 1.920006e-04 -8.800024e-02 1.625000e+00 5.000000e-01 0.000000e+00
1.262535e-03 1.903359e-04 -8.800024e-02 1.675000e+00 5.000000e-01 0.000000e+00
1.429932e-03 1.982971e-04 -8.800024e-02 1.725000e+00 5.000000e-01 0.000000e+00
1.643586e-03 2.087376e-04 -8.800024e-02 1.775000e+00 5.000000e-01 0.000000e+00
1.774573e-03 2.184370e-04 -8.800024e-02 1.825000e+00 5.000000e-01 0.000000e+00
1.341064e-03 1.896574e-04 -8.800024e-02 1.875000e+00 5.000000e-01 0.000000e+00
2.317655e-03 2.470667e-04 -8.800024e-02 1.925000e+00 5.000000e-01 0.000000e+00
1.745368e-03 2.116606e-04 -8.800024e-02 1.975000e+00 5.000000e-01 0.000000e+00
2.026852e-03 2.238311e-04 -8.800024e-02 2.025000e+00 5.000000e-01 0.000000e+00
2.203216e-03 2.272472e-04 -8.800024e-02 2.075000e+00 5.000000e-01 0.000000e+00
1.974717e-03 2.081577e-04 -8.800024e-02 2.125000e+00 5.000000e-01 0.000000e+00
1.137568e-03 1.548056e-04 -8.800024e-02 2.175000e+00 5.000000e-01 0.000000e+00
1.205325e-03 1.582695e-04 -8.800024e-02 2.225000e+00 5.000000e-01 0.000000e+00
1.768056e-03 1.906600e-04 -8.800024e-02 2.275000e+00 5.000000e-01 0.000000e+00
1.551560e-03 1.779809e-04 -8.800024e-02 2.325000e+00 5.000000e-01 0.000000e+00
1.186049e-03 1.584960e-04 -8.800024e-02 2.375000e+00 5.000000e-01 0.000000e+00
1.655485e-03 1.874512e-04 -8.800024e-02 2.425000e+00 5.000000e-01 0.000000e+00
9.424165e-04 1.389565e-04 -8.800024e-02 2.475000e+00 5.000000e-01 0.000000e+00
1.360961e-03 1.650485e-04 -8.800024e-02 2.525000e+00 5.000000e-01 0.000000e+00
1.423698e-03 1.655108e-04 -8.800024e-02 2.575000e+00 5.000000e-01 0.000000e+00
1.492494e-03 1.668738e-04 -8.800024e-02 2.625000e+00 5.000000e-01 0.000000e+00
1.278850e-03 1.507241e-04 -8.800024e-02 2.675000e+00 5.000000e-01 0.000000e+00
9.593974e-04 1.259845e-04 -8.800024e-02 2.725000e+00 5.000000e-01 0.000000e+00
1.260568e-03 1.409481e-04 -8.800024e-02 2.775000e+00 5.000000e-01 0.000000e+00
1.140201e-03 1.274887e-04 -8.800024e-02 2.825000e+00 5.000000e-01 0.000000e+00
1.119808e-03 1.193907e-04 -8.800024e-02 2.875000e+00 5.000000e-01 0.000000e+00
4.158700e-01 3.746736e-03 -7.800025e-02 2.500000e-02 5.000000e-01 0.000000e+00
6.471601e-02 1.472342e-03 -7.800025e-02 7.500000e-02 5.000000e-01 0.000000e+00
2.463973e-03 2.903827e-04 -7.800025e-02 1.250000e-01 5.000000e-01 0.000000e+00
2.269553e-03 2.836950e-04 -7.800025e-02 1.750000e-01 5.000000e-01 0.000000e+00
1.388276e-03 2.195064e-04 -7.800025e-02 2.250000e-01 5.000000e-01 0.000000e+00
1.321540e-03 2.202570e-04 -7.800025e-02 2.750000e-01 5.000000e-01 0.000000e+00
1.148189e-03 2.029736e-04 -7.800025e-02 3.250000e-01 5.000000e-01 0.000000e+00
1.372510e-03 2.226509e-04 -7.800025e-02 3.750000e-01 5.000000e-01 0.000000e+00
1.358423e-03 2.203661e-04 -7.800025e-02 4.250000e-01 5.000000e-01 0.000000e+00
1.198251e-03 2.054991e-04 -7.800025e-02 4.750000e-01 5.000000e-01 0.000000e+00
1.196242e-03 2.051544e-04 -7.800025e-02 5.250000e-01 5.000000e-01 0.000000e+00
9.872389e-04 1.865712e-04 -7.800025e-02 5.750000e-01 5.000000e-01 0.000000e+00
1.374791e-03 2.173740e-04 -7.800025e-02 6.250000e-01 5.000000e-01 0.000000e+00
8.422897e-04 1.719322e-04 -7.800025e-02 6.750000e-01 5.000000e-01 0.000000e+00
1.164837e-03 1.997685e-04 -7.800025e-02 7.250000e-01 5.000000e-01 0.000000e+00
1.217491e-03 2.029158e-04 -7.800025e-02 7.750000e-01 5.000000e-01 0.000000e+00
6.716609e-04 1.501885e-04 -7.800025e-02 8.250000e-01 5.000000e-01 0.000000e+00
7.672155e-04 1.566077e-04 -7.800025e-02 8.750000e-01 5.000000e-01 0.000000e+00
9.283091e-04 1.694858e-04 -7.800025e-02 9.250000e-01 5.000000e-01 0.000000e+00
3.577521e-04 1.032750e-04 -7.800025e-02 9.750000e-01 5.000000e-01 0.000000e+00
7.021434e-04 1.433249e-04 -7.800025e-02 1.025000e+00 5.000000e-01 0.000000e+00
1.254598e-03 1.891388e-04 -7.800025e-02 1.075000e+00 5.000000e-01 0.000000e+00
1.039741e-03 1.732911e-04 -7.800025e-02 1.125000e+00 5.000000e-01 0.000000e+00
1.294742e-03 1.909001e-04 -7.800025e-02 1.175000e+00 5.000000e-01 0.000000e+00
8.947718e-04 1.581757e-04 -7.800025e-02 1.225000e+00 5.000000e-01 0.000000e+00
8.160914e-04 1.542277e-04 -7.800025e-02 1.275000e+00 5.000000e-01 0.000000e+00
8.419913e-04 1.591223e-04 -7.800025e-02 1.325000e+00 5.000000e-01 0.000000e+00
7.936948e-04 1.556573e-04 -7.800025e-02 1.375000e+00 5.000000e-01 0.000000e+00
6.543803e-04 1.395149e-04 -7.800025e-02 1.425000e+00 5.000000e-01 0.000000e+00
1.030187e-03 1.766765e-04 -7.800025e-02 1.475000e+00 5.000000e-01 0.000000e+00
1.537550e-03 2.132212e-04 -7.800025e-02 1.525000e+00 5.000000e-01 0.000000e+00
1.578741e-03 2.148410e-04 -7.800025e-02 1.575000e+00 5.000000e-01 0.000000e+00
1.250556e-03 1.885291e-04 -7.800025e-02 1.625000e+00 5.000000e-01 0.000000e+00
1.241956e-03 1.872331e-04 -7.800025e-02 1.675000e+00 5.000000e-01 0.000000e+00
1.524046e-03 2.073977e-04 -7.800025e-02 1.725000e+00 5.000000e-01 0.000000e+00
2.109249e-03 2.419506e-04 -7.800025e-02 1.775000e+00 5.000000e-01 0.000000e+00
1.420351e-03 1.932876e-04 -7.800025e-02 1.825000e+00 5.000000e-01 0.000000e+00
1.855575e-03 2.217857e-04 -7.800025e-02 1.875000e+00 5.000000e-01 0.000000e+00
2.387334e-03 2.489004e-04 -7.800025e-02 1.925000e+00 5.000000e-01 0.000000e+00
1.503736e-03 1.941348e-04 -7.800025e-02 1.975000e+00 5.000000e-01 0.000000e+00
1.650847e-03 1.973168e-04 -7.800025e-02 2.025000e+00 5.000000e-01 0.000000e+00
1.849761e-03 2.042754e-04 -7.800025e-02 2.075000e+00 5.000000e-01 0.000000e+00
1.307626e-03 1.688165e-04 -7.800025e-02 2.125000e+00 5.000000e-01 0.000000e+00
1.579555e-03 1.836220e-04 -7.800025e-02 2.175000e+00 5.000000e-01 0.000000e+00
1.746891e-03 1.906049e-04 -7.800025e-02 2.225000e+00 5.000000e-01 0.000000e+00
1.369055e-03 1.685221e-04 -7.800025e-02 2.275000e+00 5.000000e-01 0.000000e+00
1.693588e-03 1.917674e-04 -7.800025e-02 2.325000e+00 5.000000e-01 0.000000e+00
1.433961e-03 1.765127e-04 -7.800025e-02 2.375000e+00 5.000000e-01 0.000000e+00
1.360626e-03 1.700842e-04 -7.800025e-02 2.425000e+00 5.000000e-01 0.000000e+00
1.275372e-03 1.619790e-04 -7.800025e-02 2.475000e+00 5.000000e-01 0.000000e+00
1.229105e-03 1.561046e-04 -7.800025e-02 2.525000e+00 5.000000e-01 0.000000e+00
1.231393e-03 1.539311e-04 -7.800025e-02 2.575000e+00 5.000000e-01 0.000000e+00
1.293146e-03 1.545695e-04 -7.800025e-02 2.625000e+00 5.000000e-01 0.000000e+00
1.208325e-03 1.444336e-04 -7.800025e-02 2.675000e+00 5.000000e-01 0.000000e+00
9.757581e-04 1.281324e-04 -7.800025e-02 2.725000e+00 5.000000e-01 0.000000e+00
1.265346e-03 1.397489e-04 -7.800025e-02 2.775000e+00 5.000000e-01 0.000000e+00
1.086541e-03 1.230370e-04 -7.800025e-02 2.825000e+00 5.000000e-01 0.000000e+00
1.355124e-03 1.304141e-04 -7.800025e-02 2.875000e+00 5.000000e-01 0.000000e+00
4.258813e-01 3.730072e-03 -6.800026e-02 2.500000e-02 5.000000e-01 0.000000e+00
6.810767e-02 1.519899e-03 -6.800026e-02 7.500000e-02 5.000000e-01 0.000000e+00
2.485135e-03 2.888917e-04 -6.800026e-02 1.250000e-01 5.000000e-01 0.000000e+00
1.328571e-03 2.155232e-04 -6.800026e-02 1.750000e-01 5.000000e-01 0.000000e+00
1.684097e-03 2.430790e-04 -6.800026e-02 2.250000e-01 5.000000e-01 0.000000e+00
1.392342e-03 2.201492e-04 -6.800026e-02 2.750000e-01 5.000000e-01 0.000000e+00
1.604903e-03 2.419489e-04 -6.800026e-02 3.250000e-01 5.000000e-01 0.000000e+00
1.425928e-03 2.254595e-04 -6.800026e-02 3.750000e-01 5.000000e-01 0.000000e+00
1.136830e-03 2.009655e-04 -6.800026e-02 4.250000e-01 5.000000e-01 0.000000e+00
7.106700e-04 1.589111e-04 -6.800026e-02 4.750000e-01 5.000000e-01 0.000000e+00
1.175723e-03 2.016354e-04 -6.800026e-02 5.250000e-01 5.000000e-01 0.000000e+00
6.368754e-04 1.501134e-04 -6.800026e-02 5.750000e-01 5.000000e-01 0.000000e+00
6.929237e-04 1.549430e-04 -6.800026e-02 6.250000e-01 5.000000e-01 0.000000e+00
1.034502e-03 1.888740e-04 -6.800026e-02 6.750000e-01 5.000000e-01 0.000000e+00
9.646361e-04 1.822995e-04 -6.800026e-02 7.250000e-01 5.000000e-01 0.000000e+00
1.295655e-03 2.101841e-04 -6.800026e-02 7.750000e-01 5.000000e-01 0.000000e+00
1.533922e-03 2.261653e-04 -6.800026e-02 8.250000e-01 5.000000e-01 0.000000e+00
6.750853e-04 1.509542e-04 -6.800026e-02 8.750000e-01 5.000000e-01 0.000000e+00
1.479779e-03 2.181824e-04 -6.800026e-02 9.250000e-01 5.000000e-01 0.000000e+00
1.065532e-03 1.827379e-04 -6.800026e-02 9.750000e-01 5.000000e-01 0.000000e+00
7.253268e-04 1.480573e-04 -6.800026e-02 1.025000e+00 5.000000e-01 0.000000e+00
7.473849e-04 1.465748e-04 -6.800026e-02 1.075000e+00 5.000000e-01 0.000000e+00
7.341803e-04 1.439853e-04 -6.800026e-02 1.125000e+00 5.000000e-01 0.000000e+00
9.084634e-04 1.605959e-04 -6.800026e-02 1.175000e+00 5.000000e-01 0.000000e+00
7.298197e-04 1.431300e-04 -6.800026e-02 1.225000e+00 5.000000e-01 0.000000e+00
5.496871e-04 1.229144e-04 -6.800026e-02 1.275000e+00 5.000000e-01 0.000000e+00
1.067369e-03 1.731508e-04 -6.800026e-02 1.325000e+00 5.000000e-01 0.000000e+00
1.222143e-03 1.885818e-04 -6.800026e-02 1.375000e+00 5.000000e-01 0.000000e+00
1.012027e-03 1.735625e-04 -6.800026e-02 1.425000e+00 5.000000e-01 0.000000e+00
1.005872e-03 1.725068e-04 -6.800026e-02 1.475000e+00 5.000000e-01 0.000000e+00
1.290538e-03 1.945573e-04 -6.800026e-02 1.525000e+00 5.000000e-01 0.000000e+00
8.233742e-04 1.556046e-04 -6.800026e-02 1.575000e+00 5.000000e-01 0.000000e+00
7.465803e-04 1.464178e-04 -6.800026e-02 1.625000e+00 5.000000e-01 0.000000e+00
1.647684e-03 2.163539e-04 -6.800026e-02 1.675000e+00 5.000000e-01 0.000000e+00
1.882436e-03 2.282812e-04 -6.800026e-02 1.725000e+00 5.000000e-01 0.000000e+00
1.091705e-03 1.726153e-04 -6.800026e-02 1.775000e+00 5.000000e-01 0.000000e+00
1.457741e-03 1.983765e-04 -6.800026e-02 1.825000e+00 5.000000e-01 0.000000e+00
1.330105e-03 1.844547e-04 -6.800026e-02 1.875000e+00 5.000000e-01 0.000000e+00
1.582425e-03 1.978056e-04 -6.800026e-02 1.925000e+00 5.000000e-01 0.000000e+00
1.580988e-03 1.946095e-04 -6.800026e-02 1.975000e+00 5.000000e-01 0.000000e+00
1.545040e-03 1.873661e-04 -6.800026e-02 2.025000e+00 5.000000e-01 0.000000e+00
1.375915e-03 1.747443e-04 -6.800026e-02 2.075000e+00 5.000000e-01 0.000000e+00
1.378179e-03 1.722752e-04 -6.800026e-02 2.125000e+00 5.000000e-01 0.000000e+00
1.364432e-03 1.705570e-04 -6.800026e-02 2.175000e+00 5.000000e-01 0.000000e+00
1.544291e-03 1.820005e-04 -6.800026e-02 2.225000e+00 5.000000e-01 0.000000e+00
1.640471e-03 1.907056e-04 -6.800026e-02 2.275000e+00 5.000000e-01 0.000000e+00
1.626843e-03 1.891216e-04 -6.800026e-02 2.325000e+00 5.000000e-01 0.000000e+00
1.566103e-03 1.845717e-04 -6.800026e-02 2.375000e+00 5.000000e-01 0.000000e+00
8.882796e-04 1.370691e-04 -6.800026e-02 2.425000e+00 5.000000e-01 0.000000e+00
9.436066e-04 1.391333e-04 -6.800026e-02 2.475000e+00 5.000000e-01 0.000000e+00
1.195901e-03 1.543957e-04 -6.800026e-02 2.525000e+00 5.000000e-01 0.000000e+00
1.108925e-03 1.456149e-04 -6.800026e-02 2.575000e+00 5.000000e-01 0.000000e+00
1.295138e-03 1.526412e-04 -6.800026e-02 2.625000e+00 5.000000e-01 0.000000e+00
1.194886e-03 1.449098e-04 -6.800026e-02 2.675000e+00 5.000000e-01 0.000000e+00
1.406221e-03 1.534433e-04 -6.800026e-02 2.725000e+00 5.000000e-01 0.000000e+00
1.052648e-03 1.258259e-04 -6.800026e-02 2.775000e+00 5.000000e-01 0.000000e+00
8.795872e-04 1.099593e-04 -6.800026e-02 2.825000e+00 5.000000e-01 0.000000e+00
1.263361e-03 1.251071e-04 -6.800026e-02 2.875000e+00 5.000000e-01 0.000000e+00
4.349687e-01 3.766006e-03 -5.800027e-02 2.500000e-02 5.000000e-01 0.000000e+00
6.657856e-02 1.486516e-03 -5.800027e-02 7.500000e-02 5.000000e-01 0.000000e+00
2.384917e-03 2.850527e-04 -5.800027e-02 1.250000e-01 5.000000e-01 0.000000e+00
1.066596e-03 1.885498e-04 -5.800027e-02 1.750000e-01 5.000000e-01 0.000000e+00
1.983949e-03 2.651169e-04 -5.800027e-02 2.250000e-01 5.000000e-01 0.000000e+00
1.999230e-03 2.625126e-04 -5.800027e-02 2.750000e-01 5.000000e-01 0.000000e+00
1.213837e-03 2.081718e-04 -5.800027e-02 3.250000e-01 5.000000e-01 0.000000e+00
1.070108e-03 1.953746e-04 -5.800027e-02 3.750000e-01 5.000000e-01 0.000000e+00
7.812019e-04 1.665534e-04 -5.800027e-02 4.250000e-01 5.000000e-01 0.000000e+00
7.796555e-04 1.662234e-04 -5.800027e-02 4.750000e-01 5.000000e-01 0.000000e+00
5.637033e-04 1.409265e-04 -5.800027e-02 5.250000e-01 5.000000e-01 0.000000e+00
8.257588e-04 1.685580e-04 -5.800027e-02 5.750000e-01 5.000000e-01 0.000000e+00
7.740060e-04 1.650193e-04 -5.800027e-02 6.250000e-01 5.000000e-01 0.000000e+00
7.541355e-04 1.607826e-04 -5.800027e-02 6.750000e-01 5.000000e-01 0.000000e+00
6.821241e-04 1.525283e-04 -5.800027e-02 7.250000e-01 5.000000e-01 0.000000e+00
1.164181e-03 1.996563e-04 -5.800027e-02 7.750000e-01 5.000000e-01 0.000000e+00
1.132198e-03 1.941709e-04 -5.800027e-02 8.250000e-01 5.000000e-01 0.000000e+00
6.682869e-04 1.494343e-04 -5.800027e-02 8.750000e-01 5.000000e-01 0.000000e+00
7.988140e-04 1.630576e-04 -5.800027e-02 9.250000e-01 5.000000e-01 0.000000e+00
1.239627e-03 2.010950e-04 -5.800027e-02 9.750000e-01 5.000000e-01 0.000000e+00
1.192189e-03 1.933998e-04 -5.800027e-02 1.025000e+00 5.000000e-01 0.000000e+00
9.839189e-04 1.739348e-04 -5.800027e-02 1.075000e+00 5.000000e-01 0.000000e+00
8.036950e-04 1.518848e-04 -5.800027e-02 1.125000e+00 5.000000e-01 0.000000e+00
1.230703e-03 1.855364e-04 -5.800027e-02 1.175000e+00 5.000000e-01 0.000000e+00
1.238883e-03 1.867699e-04 -5.800027e-02 1.225000e+00 5.000000e-01 0.000000e+00
7.767514e-04 1.467927e-04 -5.800027e-02 1.275000e+00 5.000000e-01 0.000000e+00
1.034390e-03 1.678013e-04 -5.800027e-02 1.325000e+00 5.000000e-01 0.000000e+00
8.140760e-04 1.486308e-04 -5.800027e-02 1.375000e+00 5.000000e-01 0.000000e+00
1.069362e-03 1.734745e-04 -5.800027e-02 1.425000e+00 5.000000e-01 0.000000e+00
1.269868e-03 1.914412e-04 -5.800027e-02 1.475000e+00 5.000000e-01 0.000000e+00
1.295060e-03 1.952392e-04 -5.800027e-02 1.525000e+00 5.000000e-01 0.000000e+00
1.032119e-03 1.720209e-04 -5.800027e-02 1.575000e+00 5.000000e-01 0.000000e+00
1.673788e-03 2.197809e-04 -5.800027e-02 1.625000e+00 5.000000e-01 0.000000e+00
8.609590e-04 1.571899e-04 -5.800027e-02 1.675000e+00 5.000000e-01 0.000000e+00
1.456259e-03 2.019486e-04 -5.800027e-02 1.725000e+00 5.000000e-01 0.000000e+00
1.598107e-03 2.098440e-04 -5.800027e-02 1.775000e+00 5.000000e-01 0.000000e+00
2.257135e-03 2.433964e-04 -5.800027e-02 1.825000e+00 5.000000e-01 0.000000e+00
1.667787e-03 2.052922e-04 -5.800027e-02 1.875000e+00 5.000000e-01 0.000000e+00
1.457674e-03 1.851279e-04 -5.800027e-02 1.925000e+00 5.000000e-01 0.000000e+00
2.292263e-03 2.247785e-04 -5.800027e-02 1.975000e+00 5.000000e-01 0.000000e+00
1.347393e-03 1.739501e-04 -5.800027e-02 2.025000e+00 5.000000e-01 0.000000e+00
1.798594e-03 1.986249e-04 -5.800027e-02 2.075000e+00 5.000000e-01 0.000000e+00
1.752249e-03 1.959101e-04 -5.800027e-02 2.125000e+00 5.000000e-01 0.000000e+00
1.678978e-03 1.925945e-04 -5.800027e-02 2.175000e+00 5.000000e-01 0.000000e+00
1.241160e-03 1.689039e-04 -5.800027e-02 2.225000e+00 5.000000e-01 0.000000e+00
1.779846e-03 2.015336e-04 -5.800027e-02 2.275000e+00 5.000000e-01 0.000000e+00
1.623232e-03 1.887018e-04 -5.800027e-02 2.325000e+00 5.000000e-01 0.000000e+00
1.127933e-03 1.564198e-04 -5.800027e-02 2.375000e+00 5.000000e-01 0.000000e+00
1.095977e-03 1.519882e-04 -5.800027e-02 2.425000e+00 5.000000e-01 0.000000e+00
8.585742e-04 1.324856e-04 -5.800027e-02 2.475000e+00 5.000000e-01 0.000000e+00
1.222280e-03 1.552357e-04 -5.800027e-02 2.525000e+00 5.000000e-01 0.000000e+00
1.451958e-03 1.644101e-04 -5.800027e-02 2.575000e+00 5.000000e-01 0.000000e+00
1.276032e-03 1.525242e-04 -5.800027e-02 2.625000e+00 5.000000e-01 0.000000e+00
1.131831e-03 1.414886e-04 -5.800027e-02 2.675000e+00 5.000000e-01 0.000000e+00
1.280547e-03 1.450069e-04 -5.800027e-02 2.725000e+00 5.000000e-01 0.000000e+00
1.609416e-03 1.548784e-04 -5.800027e-02 2.775000e+00 5.000000e-01 0.000000e+00
1.254459e-03 1.294014e-04 -5.800027e-02 2.825000e+00 5.000000e-01 0.000000e+00
1.158439e-03 1.195002e-04 -5.800027e-02 2.875000e+00 5.000000e-01 0.000000e+00
4.301359e-01 3.739048e-03 -4.800028e-02 2.500000e-02 5.000000e-01 0.000000e+00
6.371158e-02 1.438366e-03 -4.800028e-02 7.500000e-02 5.000000e-01 0.000000e+00
2.999595e-03 3.197587e-04 -4.800028e-02 1.250000e-01 5.000000e-01 0.000000e+00
1.926630e-03 2.529798e-04 -4.800028e-02 1.750000e-01 5.000000e-01 0.000000e+00
2.478332e-03 2.920748e-04 -4.800028e-02 2.250000e-01 5.000000e-01 0.000000e+00
1.043773e-03 1.905664e-04 -4.800028e-02 2.750000e-01 5.000000e-01 0.000000e+00
1.028464e-03 1.877716e-04 -4.800028e-02 3.250000e-01 5.000000e-01 0.000000e+00
9.337449e-04 1.831230e-04 -4.800028e-02 3.750000e-01 5.000000e-01 0.000000e+00
7.833227e-04 1.670052e-04 -4.800028e-02 4.250000e-01 5.000000e-01 0.000000e+00
6.277415e-04 1.479605e-04 -4.800028e-02 4.750000e-01 5.000000e-01 0.000000e+00
1.065881e-03 1.946027e-04 -4.800028e-02 5.250000e-01 5.000000e-01 0.000000e+00
1.171134e-03 2.008484e-04 -4.800028e-02 5.750000e-01 5.000000e-01 0.000000e+00
1.048945e-03 1.915111e-04 -4.800028e-02 6.250000e-01 5.000000e-01 0.000000e+00
9.653481e-04 1.824344e-04 -4.800028e-02 6.750000e-01 5.000000e-01 0.000000e+00
7.493924e-04 1.597716e-04 -4.800028e-02 7.250000e-01 5.000000e-01 0.000000e+00
1.017649e-03 1.857969e-04 -4.800028e-02 7.750000e-01 5.000000e-01 0.000000e+00
1.083410e-03 1.915223e-04 -4.800028e-02 8.250000e-01 5.000000e-01 0.000000e+00
8.522175e-04 1.671343e-04 -4.800028e-02 8.750000e-01 5.000000e-01 0.000000e+00
1.002421e-03 1.830171e-04 -4.800028e-02 9.250000e-01 5.000000e-01 0.000000e+00
7.924384e-04 1.617568e-04 -4.800028e-02 9.750000e-01 5.000000e-01 0.000000e+00
1.158333e-03 1.930564e-04 -4.800028e-02 1.025000e+00 5.000000e-01 0.000000e+00
8.950744e-04 1.691541e-04 -4.800028e-02 1.075000e+00 5.000000e-01 0.000000e+00
5.518551e-04 1.300742e-04 -4.800028e-02 1.125000e+00 5.000000e-01 0.000000e+00
6.989948e-04 1.426825e-04 -4.800028e-02 1.175000e+00 5.000000e-01 0.000000e+00
9.455282e-04 1.621577e-04 -4.800028e-02 1.225000e+00 5.000000e-01 0.000000e+00
7.884946e-04 1.490123e-04 -4.800028e-02 1.275000e+00 5.000000e-01 0.000000e+00
9.819561e-04 1.636610e-04 -4.800028e-02 1.325000e+00 5.000000e-01 0.000000e+00
4.826880e-04 1.137711e-04 -4.800028e-02 1.375000e+00 5.000000e-01 0.000000e+00
9.044889e-04 1.551194e-04 -4.800028e-02 1.425000e+00 5.000000e-01 0.000000e+00
1.305383e-03 1.884168e-04 -4.800028e-02 1.475000e+00 5.000000e-01 0.000000e+00
1.126953e-03 1.781875e-04 -4.800028e-02 1.525000e+00 5.000000e-01 0.000000e+00
1.140761e-03 1.803716e-04 -4.800028e-02 1.575000e+00 5.000000e-01 0.000000e+00
1.764757e-03 2.241266e-04 -4.800028e-02 1.625000e+00 5.000000e-01 0.000000e+00
1.513778e-03 2.060012e-04 -4.800028e-02 1.675000e+00 5.000000e-01 0.000000e+00
1.573126e-03 2.102199e-04 -4.800028e-02 1.725000e+00 5.000000e-01 0.000000e+00
1.668265e-03 2.118722e-04 -4.800028e-02 1.775000e+00 5.000000e-01 0.000000e+00
1.792768e-03 2.142790e-04 -4.800028e-02 1.825000e+00 5.000000e-01 0.000000e+00
1.848982e-03 2.120957e-04 -4.800028e-02 1.875000e+00 5.000000e-01 0.000000e+00
1.579990e-03 1.916042e-04 -4.800028e-02 1.925000e+00 5.000000e-01 0.000000e+00
1.916914e-03 2.091553e-04 -4.800028e-02 1.975000e+00 5.000000e-01 0.000000e+00
2.305941e-03 2.239767e-04 -4.800028e-02 2.025000e+00 5.000000e-01 0.000000e+00
1.339254e-03 1.728995e-04 -4.800028e-02 2.075000e+00 5.000000e-01 0.000000e+00
1.329447e-03 1.745680e-04 -4.800028e-02 2.125000e+00 5.000000e-01 0.000000e+00
1.502855e-03 1.878605e-04 -4.800028e-02 2.175000e+00 5.000000e-01 0.000000e+00
2.137097e-03 2.228116e-04 -4.800028e-02 2.225000e+00 5.000000e-01 0.000000e+00
1.228865e-03 1.672314e-04 -4.800028e-02 2.275000e+00 5.000000e-01 0.000000e+00
1.380473e-03 1.753254e-04 -4.800028e-02 2.325000e+00 5.000000e-01 0.000000e+00
1.026247e-03 1.481306e-04 -4.800028e-02 2.375000e+00 5.000000e-01 0.000000e+00
8.368893e-04 1.323295e-04 -4.800028e-02 2.425000e+00 5.000000e-01 0.000000e+00
1.433684e-03 1.713639e-04 -4.800028e-02 2.475000e+00 5.000000e-01 0.000000e+00
1.303072e-03 1.580265e-04 -4.800028e-02 2.525000e+00 5.000000e-01 0.000000e+00
7.957753e-04 1.227970e-04 -4.800028e-02 2.575000e+00 5.000000e-01 0.000000e+00
1.210109e-03 1.489608e-04 -4.800028e-02 2.625000e+00 5.000000e-01 0.000000e+00
1.303290e-03 1.515134e-04 -4.800028e-02 2.675000e+00 5.000000e-01 0.000000e+00
8.750243e-04 1.190839e-04 -4.800028e-02 2.725000e+00 5.000000e-01 0.000000e+00
1.402611e-03 1.431623e-04 -4.800028e-02 2.775000e+00 5.000000e-01 0.000000e+00
9.176067e-04 1.096889e-04 -4.800028e-02 2.825000e+00 5.000000e-01 0.000000e+00
1.258718e-03 1.246487e-04 -4.800028e-02 2.875000e+00 5.000000e-01 0.000000e+00
4.304361e-01 3.751308e-03 -3.800029e-02 2.500000e-02 5.000000e-01 0.000000e+00
6.494119e-02 1.450681e-03 -3.800029e-02 7.500000e-02 5.000000e-01 0.000000e+00
2.861754e-03 3.085915e-04 -3.800029e-02 1.250000e-01 5.000000e-01 0.000000e+00
1.757341e-03 2.437001e-04 -3.800029e-02 1.750000e-01 5.000000e-01 0.000000e+00
2.123988e-03 2.654992e-04 -3.800029e-02 2.250000e-01 5.000000e-01 0.000000e+00
9.166695e-04 1.797741e-04 -3.800029e-02 2.750000e-01 5.000000e-01 0.000000e+00
1.162866e-03 1.994303e-04 -3.800029e-02 3.250000e-01 5.000000e-01 0.000000e+00
1.193507e-03 2.046854e-04 -3.800029e-02 3.750000e-01 5.000000e-01 0.000000e+00
7.832771e-04 1.669957e-04 -3.800029e-02 4.250000e-01 5.000000e-01 0.000000e+00
8.373059e-04 1.709149e-04 -3.800029e-02 4.750000e-01 5.000000e-01 0.000000e+00
2.826810e-04 9.994322e-05 -3.800029e-02 5.250000e-01 5.000000e-01 0.000000e+00
6.268711e-04 1.477554e-04 -3.800029e-02 5.750000e-01 5.000000e-01 0.000000e+00
1.098721e-03 1.942290e-04 -3.800029e-02 6.250000e-01 5.000000e-01 0.000000e+00
7.639051e-04 1.628655e-04 -3.800029e-02 6.750000e-01 5.000000e-01 0.000000e+00
1.027790e-03 1.876486e-04 -3.800029e-02 7.250000e-01 5.000000e-01 0.000000e+00
7.354741e-04 1.568042e-04 -3.800029e-02 7.750000e-01 5.000000e-01 0.000000e+00
8.192266e-04 1.672246e-04 -3.800029e-02 8.250000e-01 5.000000e-01 0.000000e+00
1.251771e-03 2.030651e-04 -3.800029e-02 8.750000e-01 5.000000e-01 0.000000e+00
7.259222e-04 1.547677e-04 -3.800029e-02 9.250000e-01 5.000000e-01 0.000000e+00
8.592040e-04 1.685043e-04 -3.800029e-02 9.750000e-01 5.000000e-01 0.000000e+00
9.150861e-04 1.729356e-04 -3.800029e-02 1.025000e+00 5.000000e-01 0.000000e+00
8.903051e-04 1.682524e-04 -3.800029e-02 1.075000e+00 5.000000e-01 0.000000e+00
1.157635e-03 1.929404e-04 -3.800029e-02 1.125000e+00 5.000000e-01 0.000000e+00
8.602067e-04 1.625645e-04 -3.800029e-02 1.175000e+00 5.000000e-01 0.000000e+00
7.586305e-04 1.487805e-04 -3.800029e-02 1.225000e+00 5.000000e-01 0.000000e+00
7.938224e-04 1.500192e-04 -3.800029e-02 1.275000e+00 5.000000e-01 0.000000e+00
6.033569e-04 1.286364e-04 -3.800029e-02 1.325000e+00 5.000000e-01 0.000000e+00
1.137696e-03 1.755515e-04 -3.800029e-02 1.375000e+00 5.000000e-01 0.000000e+00
1.048204e-03 1.657368e-04 -3.800029e-02 1.425000e+00 5.000000e-01 0.000000e+00
1.165808e-03 1.757532e-04 -3.800029e-02 1.475000e+00 5.000000e-01 0.000000e+00
7.994717e-04 1.459635e-04 -3.800029e-02 1.525000e+00 5.000000e-01 0.000000e+00
1.188565e-03 1.791847e-04 -3.800029e-02 1.575000e+00 5.000000e-01 0.000000e+00
1.680015e-03 2.168910e-04 -3.800029e-02 1.625000e+00 5.000000e-01 0.000000e+00
1.153666e-03 1.780159e-04 -3.800029e-02 1.675000e+00 5.000000e-01 0.000000e+00
1.656741e-03 2.104086e-04 -3.800029e-02 1.725000e+00 5.000000e-01 0.000000e+00
1.222193e-03 1.764105e-04 -3.800029e-02 1.775000e+00 5.000000e-01 0.000000e+00
1.921324e-03 2.175492e-04 -3.800029e-02 1.825000e+00 5.000000e-01 0.000000e+00
2.292867e-03 2.340185e-04 -3.800029e-02 1.875000e+00 5.000000e-01 0.000000e+00
2.206323e-03 2.275675e-04 -3.800029e-02 1.925000e+00 5.000000e-01 0.000000e+00
1.767078e-03 2.027005e-04 -3.800029e-02 1.975000e+00 5.000000e-01 0.000000e+00
1.555597e-03 1.886470e-04 -3.800029e-02 2.025000e+00 5.000000e-01 0.000000e+00
1.414701e-03 1.796707e-04 -3.800029e-02 2.075000e+00 5.000000e-01 0.000000e+00
1.316541e-03 1.759325e-04 -3.800029e-02 2.125000e+00 5.000000e-01 0.000000e+00
1.565318e-03 1.926803e-04 -3.800029e-02 2.175000e+00 5.000000e-01 0.000000e+00
7.892322e-04 1.353549e-04 -3.800029e-02 2.225000e+00 5.000000e-01 0.000000e+00
1.612924e-03 1.927849e-04 -3.800029e-02 2.275000e+00 5.000000e-01 0.000000e+00
1.372109e-03 1.742616e-04 -3.800029e-02 2.325000e+00 5.000000e-01 0.000000e+00
1.597788e-03 1.857444e-04 -3.800029e-02 2.375000e+00 5.000000e-01 0.000000e+00
1.043781e-03 1.476175e-04 -3.800029e-02 2.425000e+00 5.000000e-01 0.000000e+00
1.650280e-03 1.800675e-04 -3.800029e-02 2.475000e+00 5.000000e-01 0.000000e+00
1.244459e-03 1.555622e-04 -3.800029e-02 2.525000e+00 5.000000e-01 0.000000e+00
1.179333e-03 1.497810e-04 -3.800029e-02 2.575000e+00 5.000000e-01 0.000000e+00
1.143343e-03 1.452140e-04 -3.800029e-02 2.625000e+00 5.000000e-01 0.000000e+00
1.357776e-03 1.537469e-04 -3.800029e-02 2.675000e+00 5.000000e-01 0.000000e+00
1.163042e-03 1.370766e-04 -3.800029e-02 2.725000e+00 5.000000e-01 0.000000e+00
1.435900e-03 1.436012e-04 -3.800029e-02 2.775000e+00 5.000000e-01 0.000000e+00
1.536175e-03 1.414292e-04 -3.800029e-02 2.825000e+00 5.000000e-01 0.000000e+00
9.474260e-04 1.072872e-04 -3.800029e-02 2.875000e+00 5.000000e-01 0.000000e+00
4.089283e-01 3.649698e-03 -2.800030e-02 2.500000e-02 5.000000e-01 0.000000e+00
6.551073e-02 1.459766e-03 -2.800030e-02 7.500000e-02 5.000000e-01 0.000000e+00
2.267678e-03 2.710400e-04 -2.800030e-02 1.250000e-01 5.000000e-01 0.000000e+00
2.042328e-03 2.636641e-04 -2.800030e-02 1.750000e-01 5.000000e-01 0.000000e+00
1.442413e-03 2.174525e-04 -2.800030e-02 2.250000e-01 5.000000e-01 0.000000e+00
1.463979e-03 2.258975e-04 -2.800030e-02 2.750000e-01 5.000000e-01 0.000000e+00
9.566529e-04 1.807908e-04 -2.800030e-02 3.250000e-01 5.000000e-01 0.000000e+00
8.225305e-04 1.678987e-04 -2.800030e-02 3.750000e-01 5.000000e-01 0.000000e+00
9.977904e-04 1.885653e-04 -2.800030e-02 4.250000e-01 5.000000e-01 0.000000e+00
8.426730e-04 1.720105e-04 -2.800030e-02 4.750000e-01 5.000000e-01 0.000000e+00
7.639973e-04 1.628850e-04 -2.800030e-02 5.250000e-01 5.000000e-01 0.000000e+00
5.617817e-04 1.404458e-04 -2.800030e-02 5.750000e-01 5.000000e-01 0.000000e+00
3.431648e-04 1.085184e-04 -2.800030e-02 6.250000e-01 5.000000e-01 0.000000e+00
8.311732e-04 1.696629e-04 -2.800030e-02 6.750000e-01 5.000000e-01 0.000000e+00
6.176244e-04 1.455758e-04 -2.800030e-02 7.250000e-01 5.000000e-01 0.000000e+00
9.370072e-04 1.770782e-04 -2.800030e-02 7.750000e-01 5.000000e-01 0.000000e+00
9.466899e-04 1.789084e-04 -2.800030e-02 8.250000e-01 5.000000e-01 0.000000e+00
1.064569e-03 1.881917e-04 -2.800030e-02 8.750000e-01 5.000000e-01 0.000000e+00
9.211190e-04 1.740759e-04 -2.800030e-02 9.250000e-01 5.000000e-01 0.000000e+00
6.572561e-04 1.469676e-04 -2.800030e-02 9.750000e-01 5.000000e-01 0.000000e+00
7.912784e-04 1.615200e-04 -2.800030e-02 1.025000e+00 5.000000e-01 0.000000e+00
1.334585e-03 2.059322e-04 -2.800030e-02 1.075000e+00 5.000000e-01 0.000000e+00
5.771016e-04 1.360246e-04 -2.800030e-02 1.125000e+00 5.000000e-01 0.000000e+00
1.074155e-03 1.842172e-04 -2.800030e-02 1.175000e+00 5.000000e-01 0.000000e+00
9.194440e-04 1.678674e-04 -2.800030e-02 1.225000e+00 5.000000e-01 0.000000e+00
7.654955e-04 1.501271e-04 -2.800030e-02 1.275000e+00 5.000000e-01 0.000000e+00
9.163134e-04 1.619842e-04 -2.800030e-02 1.325000e+00 5.000000e-01 0.000000e+00
9.337009e-04 1.601292e-04 -2.800030e-02 1.375000e+00 5.000000e-01 0.000000e+00
1.212185e-03 1.787282e-04 -2.800030e-02 1.425000e+00 5.000000e-01 0.000000e+00
8.934341e-04 1.532235e-04 -2.800030e-02 1.475000e+00 5.000000e-01 0.000000e+00
8.850831e-04 1.517917e-04 -2.800030e-02 1.525000e+00 5.000000e-01 0.000000e+00
1.099948e-03 1.697269e-04 -2.800030e-02 1.575000e+00 5.000000e-01 0.000000e+00
1.179434e-03 1.738992e-04 -2.800030e-02 1.625000e+00 5.000000e-01 0.000000e+00
1.453888e-03 1.942858e-04 -2.800030e-02 1.675000e+00 5.000000e-01 0.000000e+00
1.322700e-03 1.834273e-04 -2.800030e-02 1.725000e+00 5.000000e-01 0.000000e+00
1.207329e-03 1.707438e-04 -2.800030e-02 1.775000e+00 5.000000e-01 0.000000e+00
1.812972e-03 2.079647e-04 -2.800030e-02 1.825000e+00 5.000000e-01 0.000000e+00
1.962057e-03 2.140808e-04 -2.800030e-02 1.875000e+00 5.000000e-01 0.000000e+00
2.101839e-03 2.215564e-04 -2.800030e-02 1.925000e+00 5.000000e-01 0.000000e+00
1.452916e-03 1.845228e-04 -2.800030e-02 1.975000e+00 5.000000e-01 0.000000e+00
1.804270e-03 2.069679e-04 -2.800030e-02 2.025000e+00 5.000000e-01 0.000000e+00
1.562552e-03 1.953218e-04 -2.800030e-02 2.075000e+00 5.000000e-01 0.000000e+00
8.833001e-04 1.432922e-04 -2.800030e-02 2.125000e+00 5.000000e-01 0.000000e+00
1.550651e-03 1.908761e-04 -2.800030e-02 2.175000e+00 5.000000e-01 0.000000e+00
1.535996e-03 1.890727e-04 -2.800030e-02 2.225000e+00 5.000000e-01 0.000000e+00
9.131773e-04 1.443888e-04 -2.800030e-02 2.275000e+00 5.000000e-01 0.000000e+00
1.326334e-03 1.712342e-04 -2.800030e-02 2.325000e+00 5.000000e-01 0.000000e+00
1.215249e-03 1.623998e-04 -2.800030e-02 2.375000e+00 5.000000e-01 0.000000e+00
9.420263e-04 1.388977e-04 -2.800030e-02 2.425000e+00 5.000000e-01 0.000000e+00
1.502593e-03 1.723678e-04 -2.800030e-02 2.475000e+00 5.000000e-01 0.000000e+00
1.138289e-03 1.494707e-04 -2.800030e-02 2.525000e+00 5.000000e-01 0.000000e+00
9.086872e-04 1.311624e-04 -2.800030e-02 2.575000e+00 5.000000e-01 0.000000e+00
9.944626e-04 1.353362e-04 -2.800030e-02 2.625000e+00 5.000000e-01 0.000000e+00
1.247407e-03 1.470198e-04 -2.800030e-02 2.675000e+00 5.000000e-01 0.000000e+00
1.431731e-03 1.509280e-04 -2.800030e-02 2.725000e+00 5.000000e-01 0.000000e+00
1.681989e-03 1.561851e-04 -2.800030e-02 2.775000e+00 5.000000e-01 0.000000e+00
1.295206e-03 1.295318e-04 -2.800030e-02 2.825000e+00 5.000000e-01 0.000000e+00
1.516236e-03 1.350936e-04 -2.800030e-02 2.875000e+00 5.000000e-01 0.000000e+00
4.148615e-01 3.651527e-03 -1.800030e-02 2.500000e-02 5.000000e-01 0.000000e+00
6.601038e-02 1.467261e-03 -1.800030e-02 7.500000e-02 5.000000e-01 0.000000e+00
2.946718e-03 3.072174e-04 -1.800030e-02 1.250000e-01 5.000000e-01 0.000000e+00
1.700229e-03 2.404492e-04 -1.800030e-02 1.750000e-01 5.000000e-01 0.000000e+00
1.385593e-03 2.138020e-04 -1.800030e-02 2.250000e-01 5.000000e-01 0.000000e+00
4.805682e-04 1.284374e-04 -1.800030e-02 2.750000e-01 5.000000e-01 0.000000e+00
1.575265e-03 2.322606e-04 -1.800030e-02 3.250000e-01 5.000000e-01 0.000000e+00
1.293438e-03 2.098238e-04 -1.800030e-02 3.750000e-01 5.000000e-01 0.000000e+00
5.660736e-04 1.415189e-04 -1.800030e-02 4.250000e-01 5.000000e-01 0.000000e+00
1.059864e-03 1.935046e-04 -1.800030e-02 4.750000e-01 5.000000e-01 0.000000e+00
9.630422e-04 1.819983e-04 -1.800030e-02 5.250000e-01 5.000000e-01 0.000000e+00
8.484619e-04 1.731920e-04 -1.800030e-02 5.750000e-01 5.000000e-01 0.000000e+00
8.919097e-04 1.749182e-04 -1.800030e-02 6.250000e-01 5.000000e-01 0.000000e+00
8.280969e-04 1.690349e-04 -1.800030e-02 6.750000e-01 5.000000e-01 0.000000e+00
8.239852e-04 1.681959e-04 -1.800030e-02 7.250000e-01 5.000000e-01 0.000000e+00
8.076795e-04 1.648673e-04 -1.800030e-02 7.750000e-01 5.000000e-01 0.000000e+00
7.361947e-04 1.569580e-04 -1.800030e-02 8.250000e-01 5.000000e-01 0.000000e+00
8.671156e-04 1.700557e-04 -1.800030e-02 8.750000e-01 5.000000e-01 0.000000e+00
1.314982e-03 2.079178e-04 -1.800030e-02 9.250000e-01 5.000000e-01 0.000000e+00
9.805366e-04 1.790211e-04 -1.800030e-02 9.750000e-01 5.000000e-01 0.000000e+00
9.905393e-04 1.808479e-04 -1.800030e-02 1.025000e+00 5.000000e-01 0.000000e+00
7.024959e-04 1.497734e-04 -1.800030e-02 1.075000e+00 5.000000e-01 0.000000e+00
1.015569e-03 1.795298e-04 -1.800030e-02 1.125000e+00 5.000000e-01 0.000000e+00
6.353477e-04 1.420686e-04 -1.800030e-02 1.175000e+00 5.000000e-01 0.000000e+00
8.166248e-04 1.601539e-04 -1.800030e-02 1.225000e+00 5.000000e-01 0.000000e+00
7.912312e-04 1.551743e-04 -1.800030e-02 1.275000e+00 5.000000e-01 0.000000e+00
8.337768e-04 1.575703e-04 -1.800030e-02 1.325000e+00 5.000000e-01 0.000000e+00
9.818338e-04 1.683845e-04 -1.800030e-02 1.375000e+00 5.000000e-01 0.000000e+00
1.519001e-03 2.029865e-04 -1.800030e-02 1.425000e+00 5.000000e-01 0.000000e+00
8.942965e-04 1.533719e-04 -1.800030e-02 1.475000e+00 5.000000e-01 0.000000e+00
8.152054e-04 1.441107e-04 -1.800030e-02 1.525000e+00 5.000000e-01 0.000000e+00
1.331908e-03 1.847042e-04 -1.800030e-02 1.575000e+00 5.000000e-01 0.000000e+00
1.494463e-03 1.897987e-04 -1.800030e-02 1.625000e+00 5.000000e-01 0.000000e+00
1.787544e-03 2.050472e-04 -1.800030e-02 1.675000e+00 5.000000e-01 0.000000e+00
1.677873e-03 1.977408e-04 -1.800030e-02 1.725000e+00 5.000000e-01 0.000000e+00
2.109982e-03 2.249270e-04 -1.800030e-02 1.775000e+00 5.000000e-01 0.000000e+00
1.814216e-03 2.081069e-04 -1.800030e-02 1.825000e+00 5.000000e-01 0.000000e+00
1.440561e-03 1.829534e-04 -1.800030e-02 1.875000e+00 5.000000e-01 0.000000e+00
1.613672e-03 1.956889e-04 -1.800030e-02 1.925000e+00 5.000000e-01 0.000000e+00
1.757081e-03 2.070767e-04 -1.800030e-02 1.975000e+00 5.000000e-01 0.000000e+00
1.396650e-03 1.866379e-04 -1.800030e-02 2.025000e+00 5.000000e-01 0.000000e+00
1.471897e-03 1.900245e-04 -1.800030e-02 2.075000e+00 5.000000e-01 0.000000e+00
1.878493e-03 2.127004e-04 -1.800030e-02 2.125000e+00 5.000000e-01 0.000000e+00
1.775543e-03 2.036716e-04 -1.800030e-02 2.175000e+00 5.000000e-01 0.000000e+00
1.960869e-03 2.114501e-04 -1.800030e-02 2.225000e+00 5.000000e-01 0.000000e+00
1.498007e-03 1.843964e-04 -1.800030e-02 2.275000e+00 5.000000e-01 0.000000e+00
1.806189e-03 1.994648e-04 -1.800030e-02 2.325000e+00 5.000000e-01 0.000000e+00
1.351735e-03 1.689705e-04 -1.800030e-02 2.375000e+00 5.000000e-01 0.000000e+00
1.658161e-03 1.853933e-04 -1.800030e-02 2.425000e+00 5.000000e-01 0.000000e+00
1.338611e-03 1.647759e-04 -1.800030e-02 2.475000e+00 5.000000e-01 0.000000e+00
1.169049e-03 1.509294e-04 -1.800030e-02 2.525000e+00 5.000000e-01 0.000000e+00
1.212092e-03 1.515174e-04 -1.800030e-02 2.575000e+00 5.000000e-01 0.000000e+00
1.171761e-03 1.464805e-04 -1.800030e-02 2.625000e+00 5.000000e-01 0.000000e+00
1.071077e-03 1.360373e-04 -1.800030e-02 2.675000e+00 5.000000e-01 0.000000e+00
1.006345e-03 1.258007e-04 -1.800030e-02 2.725000e+00 5.000000e-01 0.000000e+00
1.305223e-03 1.375940e-04 -1.800030e-02 2.775000e+00 5.000000e-01 0.000000e+00
1.364107e-03 1.337751e-04 -1.800030e-02 2.825000e+00 5.000000e-01 0.000000e+00
1.233103e-03 1.221144e-04 -1.800030e-02 2.875000e+00 5.000000e-01 0.000000e+00
4.096161e-01 3.618558e-03 -8.000314e-03 2.500000e-02 5.000000e-01 0.000000e+00
6.120607e-02 1.412366e-03 -8.000314e-03 7.500000e-02 5.000000e-01 0.000000e+00
2.612156e-03 2.884649e-04 -8.000314e-03 1.250000e-01 5.000000e-01 0.000000e+00
1.359520e-03 2.149596e-04 -8.000314e-03 1.750000e-01 5.000000e-01 0.000000e+00
1.786705e-03 2.431404e-04 -8.000314e-03 2.250000e-01 5.000000e-01 0.000000e+00
1.287586e-03 2.088743e-04 -8.000314e-03 2.750000e-01 5.000000e-01 0.000000e+00
9.646366e-04 1.822997e-04 -8.000314e-03 3.250000e-01 5.000000e-01 0.000000e+00
1.155678e-03 1.981977e-04 -8.000314e-03 3.750000e-01 5.000000e-01 0.000000e+00
1.335624e-03 2.166671e-04 -8.000314e-03 4.250000e-01 5.000000e-01 0.000000e+00
7.808518e-04 1.664786e-04 -8.000314e-03 4.750000e-01 5.000000e-01 0.000000e+00
6.162540e-04 1.452530e-04 -8.000314e-03 5.250000e-01 5.000000e-01 0.000000e+00
8.522358e-04 1.739626e-04 -8.000314e-03 5.750000e-01 5.000000e-01 0.000000e+00
6.850357e-04 1.531793e-04 -8.000314e-03 6.250000e-01 5.000000e-01 0.000000e+00
7.545141e-04 1.608635e-04 -8.000314e-03 6.750000e-01 5.000000e-01 0.000000e+00
7.554458e-04 1.610621e-04 -8.000314e-03 7.250000e-01 5.000000e-01 0.000000e+00
8.110072e-04 1.655465e-04 -8.000314e-03 7.750000e-01 5.000000e-01 0.000000e+00
8.663978e-04 1.699153e-04 -8.000314e-03 8.250000e-01 5.000000e-01 0.000000e+00
1.073819e-03 1.898271e-04 -8.000314e-03 8.750000e-01 5.000000e-01 0.000000e+00
1.051487e-03 1.858793e-04 -8.000314e-03 9.250000e-01 5.000000e-01 0.000000e+00
7.840572e-04 1.600456e-04 -8.000314e-03 9.750000e-01 5.000000e-01 0.000000e+00
9.905657e-04 1.808524e-04 -8.000314e-03 1.025000e+00 5.000000e-01 0.000000e+00
5.764596e-04 1.358733e-04 -8.000314e-03 1.075000e+00 5.000000e-01 0.000000e+00
5.062503e-04 1.265632e-04 -8.000314e-03 1.125000e+00 5.000000e-01 0.000000e+00
1.206401e-03 1.957050e-04 -8.000314e-03 1.175000e+00 5.000000e-01 0.000000e+00
9.465706e-04 1.728208e-04 -8.000314e-03 1.225000e+00 5.000000e-01 0.000000e+00
7.357216e-04 1.501796e-04 -8.000314e-03 1.275000e+00 5.000000e-01 0.000000e+00
4.870096e-04 1.217529e-04 -8.000314e-03 1.325000e+00 5.000000e-01 0.000000e+00
1.084485e-03 1.807485e-04 -8.000314e-03 1.375000e+00 5.000000e-01 0.000000e+00
1.032646e-03 1.721088e-04 -8.000314e-03 1.425000e+00 5.000000e-01 0.000000e+00
1.131512e-03 1.745972e-04 -8.000314e-03 1.475000e+00 5.000000e-01 0.000000e+00
1.196548e-03 1.727080e-04 -8.000314e-03 1.525000e+00 5.000000e-01 0.000000e+00
1.224818e-03 1.732170e-04 -8.000314e-03 1.575000e+00 5.000000e-01 0.000000e+00
1.477739e-03 1.847188e-04 -8.000314e-03 1.625000e+00 5.000000e-01 0.000000e+00
1.364005e-03 1.760939e-04 -8.000314e-03 1.675000e+00 5.000000e-01 0.000000e+00
1.828626e-03 2.019400e-04 -8.000314e-03 1.725000e+00 5.000000e-01 0.000000e+00
1.901954e-03 2.075229e-04 -8.000314e-03 1.775000e+00 5.000000e-01 0.000000e+00
1.931447e-03 2.132956e-04 -8.000314e-03 1.825000e+00 5.000000e-01 0.000000e+00
1.936639e-03 2.165249e-04 -8.000314e-03 1.875000e+00 5.000000e-01 0.000000e+00
2.188591e-03 2.360051e-04 -8.000314e-03 1.925000e+00 5.000000e-01 0.000000e+00
2.023587e-03 2.262471e-04 -8.000314e-03 1.975000e+00 5.000000e-01 0.000000e+00
2.256347e-03 2.378441e-04 -8.000314e-03 2.025000e+00 5.000000e-01 0.000000e+00
1.527363e-03 1.939799e-04 -8.000314e-03 2.075000e+00 5.000000e-01 0.000000e+00
1.310270e-03 1.783082e-04 -8.000314e-03 2.125000e+00 5.000000e-01 0.000000e+00
1.531882e-03 1.914884e-04 -8.000314e-03 2.175000e+00 5.000000e-01 0.000000e+00
2.189208e-03 2.234391e-04 -8.000314e-03 2.225000e+00 5.000000e-01 0.000000e+00
1.582564e-03 1.865111e-04 -8.000314e-03 2.275000e+00 5.000000e-01 0.000000e+00
1.633847e-03 1.874202e-04 -8.000314e-03 2.325000e+00 5.000000e-01 0.000000e+00
1.360413e-03 1.700566e-04 -8.000314e-03 2.375000e+00 5.000000e-01 0.000000e+00
1.008400e-03 1.455550e-04 -8.000314e-03 2.425000e+00 5.000000e-01 0.000000e+00
1.469590e-03 1.731992e-04 -8.000314e-03 2.475000e+00 5.000000e-01 0.000000e+00
1.458118e-03 1.695105e-04 -8.000314e-03 2.525000e+00 5.000000e-01 0.000000e+00
1.099752e-03 1.444106e-04 -8.000314e-03 2.575000e+00 5.000000e-01 0.000000e+00
1.518406e-03 1.656808e-04 -8.000314e-03 2.625000e+00 5.000000e-01 0.000000e+00
1.026493e-03 1.325278e-04 -8.000314e-03 2.675000e+00 5.000000e-01 0.000000e+00
1.004378e-03 1.255554e-04 -8.000314e-03 2.725000e+00 5.000000e-01 0.000000e+00
1.248279e-03 1.346183e-04 -8.000314e-03 2.775000e+00 5.000000e-01 0.000000e+00
1.161758e-03 1.238566e-04 -8.000314e-03 2.825000e+00 5.000000e-01 0.000000e+00
1.283768e-03 1.247077e-04 -8.000314e-03 2.875000e+00 5.000000e-01 0.000000e+00
4.205231e-01 3.656039e-03 1.999676e-03 2.500000e-02 5.000000e-01 0.000000e+00
6.532379e-02 1.459228e-03 1.999676e-03 7.500000e-02 5.000000e-01 0.000000e+00
3.440646e-03 3.310773e-04 1.999676e-03 1.250000e-01 5.000000e-01 0.000000e+00
1.695232e-03 2.397426e-04 1.999676e-03 1.750000e-01 5.000000e-01 0.000000e+00
1.657082e-03 2.343474e-04 1.999676e-03 2.250000e-01 5.000000e-01 0.000000e+00
2.364005e-03 2.825534e-04 1.999676e-03 2.750000e-01 5.000000e-01 0.000000e+00
1.377184e-03 2.177524e-04 1.999676e-03 3.250000e-01 5.000000e-01 0.000000e+00
8.173063e-04 1.668324e-04 1.999676e-03 3.750000e-01 5.000000e-01 0.000000e+00
9.111905e-04 1.786994e-04 1.999676e-03 4.250000e-01 5.000000e-01 0.000000e+00
4.961453e-04 1.326009e-04 1.999676e-03 4.750000e-01 5.000000e-01 0.000000e+00
1.096042e-03 1.937552e-04 1.999676e-03 5.250000e-01 5.000000e-01 0.000000e+00
1.064481e-03 1.943476e-04 1.999676e-03 5.750000e-01 5.000000e-01 0.000000e+00
6.851463e-04 1.532038e-04 1.999676e-03 6.250000e-01 5.000000e-01 0.000000e+00
2.762045e-04 9.765304e-05 1.999676e-03 6.750000e-01 5.000000e-01 0.000000e+00
5.497780e-04 1.374453e-04 1.999676e-03 7.250000e-01 5.000000e-01 0.000000e+00
9.444858e-04 1.784915e-04 1.999676e-03 7.750000e-01 5.000000e-01 0.000000e+00
1.264558e-03 2.051392e-04 1.999676e-03 8.250000e-01 5.000000e-01 0.000000e+00
1.344854e-03 2.126414e-04 1.999676e-03 8.750000e-01 5.000000e-01 0.000000e+00
9.183699e-04 1.735560e-04 1.999676e-03 9.250000e-01 5.000000e-01 0.000000e+00
1.306195e-03 2.065284e-04 1.999676e-03 9.750000e-01 5.000000e-01 0.000000e+00
1.255041e-03 2.035955e-04 1.999676e-03 1.025000e+00 5.000000e-01 0.000000e+00
5.768072e-04 1.359554e-04 1.999676e-03 1.075000e+00 5.000000e-01 0.000000e+00
1.268196e-03 2.005202e-04 1.999676e-03 1.125000e+00 5.000000e-01 0.000000e+00
1.264714e-03 1.999696e-04 1.999676e-03 1.175000e+00 5.000000e-01 0.000000e+00
1.265712e-03 2.001278e-04 1.999676e-03 1.225000e+00 5.000000e-01 0.000000e+00
1.164669e-03 1.889358e-04 1.999676e-03 1.275000e+00 5.000000e-01 0.000000e+00
4.265171e-04 1.139917e-04 1.999676e-03 1.325000e+00 5.000000e-01 0.000000e+00
8.545594e-04 1.614972e-04 1.999676e-03 1.375000e+00 5.000000e-01 0.000000e+00
1.397005e-03 2.016419e-04 1.999676e-03 1.425000e+00 5.000000e-01 0.000000e+00
6.533866e-04 1.333731e-04 1.999676e-03 1.475000e+00 5.000000e-01 0.000000e+00
1.893429e-03 2.171930e-04 1.999676e-03 1.525000e+00 5.000000e-01 0.000000e+00
1.001208e-03 1.544912e-04 1.999676e-03 1.575000e+00 5.000000e-01 0.000000e+00
1.606672e-03 1.920365e-04 1.999676e-03 1.625000e+00 5.000000e-01 0.000000e+00
1.545648e-03 1.874393e-04 1.999676e-03 1.675000e+00 5.000000e-01 0.000000e+00
1.464398e-03 1.802563e-04 1.999676e-03 1.725000e+00 5.000000e-01 0.000000e+00
1.688308e-03 1.936652e-04 1.999676e-03 1.775000e+00 5.000000e-01 0.000000e+00
2.071759e-03 2.183849e-04 1.999676e-03 1.825000e+00 5.000000e-01 0.000000e+00
1.303289e-03 1.807356e-04 1.999676e-03 1.875000e+00 5.000000e-01 0.000000e+00
1.821664e-03 2.177330e-04 1.999676e-03 1.925000e+00 5.000000e-01 0.000000e+00
1.767060e-03 2.112076e-04 1.999676e-03 1.975000e+00 5.000000e-01 0.000000e+00
1.953838e-03 2.212324e-04 1.999676e-03 2.025000e+00 5.000000e-01 0.000000e+00
1.385149e-03 1.851019e-04 1.999676e-03 2.075000e+00 5.000000e-01 0.000000e+00
1.408001e-03 1.848819e-04 1.999676e-03 2.125000e+00 5.000000e-01 0.000000e+00
1.478217e-03 1.877373e-04 1.999676e-03 2.175000e+00 5.000000e-01 0.000000e+00
2.183761e-03 2.252411e-04 1.999676e-03 2.225000e+00 5.000000e-01 0.000000e+00
2.032944e-03 2.096881e-04 1.999676e-03 2.275000e+00 5.000000e-01 0.000000e+00
1.482633e-03 1.772137e-04 1.999676e-03 2.325000e+00 5.000000e-01 0.000000e+00
1.344058e-03 1.706999e-04 1.999676e-03 2.375000e+00 5.000000e-01 0.000000e+00
1.339253e-03 1.674122e-04 1.999676e-03 2.425000e+00 5.000000e-01 0.000000e+00
8.613842e-04 1.329166e-04 1.999676e-03 2.475000e+00 5.000000e-01 0.000000e+00
9.099210e-04 1.341640e-04 1.999676e-03 2.525000e+00 5.000000e-01 0.000000e+00
9.137200e-04 1.318930e-04 1.999676e-03 2.575000e+00 5.000000e-01 0.000000e+00
1.644611e-03 1.714711e-04 1.999676e-03 2.625000e+00 5.000000e-01 0.000000e+00
1.377613e-03 1.540305e-04 1.999676e-03 2.675000e+00 5.000000e-01 0.000000e+00
1.162644e-03 1.351651e-04 1.999676e-03 2.725000e+00 5.000000e-01 0.000000e+00
1.243604e-03 1.341129e-04 1.999676e-03 2.775000e+00 5.000000e-01 0.000000e+00
1.929791e-03 1.597247e-04 1.999676e-03 2.825000e+00 5.000000e-01 0.000000e+00
1.091495e-03 1.150674e-04 1.999676e-03 2.875000e+00 5.000000e-01 0.000000e+00
4.128546e-01 3.630770e-03 1.199967e-02 2.500000e-02 5.000000e-01 0.000000e+00
6.156931e-02 1.416980e-03 1.199967e-02 7.500000e-02 5.000000e-01 0.000000e+00
2.614146e-03 2.886848e-04 1.199967e-02 1.250000e-01 5.000000e-01 0.000000e+00
1.700727e-03 2.405197e-04 1.199967e-02 1.750000e-01 5.000000e-01 0.000000e+00
1.452476e-03 2.189696e-04 1.199967e-02 2.250000e-01 5.000000e-01 0.000000e+00
8.828817e-04 1.731476e-04 1.199967e-02 2.750000e-01 5.000000e-01 0.000000e+00
1.511938e-03 2.279339e-04 1.199967e-02 3.250000e-01 5.000000e-01 0.000000e+00
1.293680e-03 2.098632e-04 1.199967e-02 3.750000e-01 5.000000e-01 0.000000e+00
9.853966e-04 1.862229e-04 1.199967e-02 4.250000e-01 5.000000e-01 0.000000e+00
7.078125e-04 1.582723e-04 1.199967e-02 4.750000e-01 5.000000e-01 0.000000e+00
8.237488e-04 1.681475e-04 1.199967e-02 5.250000e-01 5.000000e-01 0.000000e+00
1.062865e-03 1.940524e-04 1.199967e-02 5.750000e-01 5.000000e-01 0.000000e+00
7.533242e-04 1.606098e-04 1.199967e-02 6.250000e-01 5.000000e-01 0.000000e+00
1.102732e-03 1.949380e-04 1.199967e-02 6.750000e-01 5.000000e-01 0.000000e+00
7.551716e-04 1.610036e-04 1.199967e-02 7.250000e-01 5.000000e-01 0.000000e+00
1.013296e-03 1.850023e-04 1.199967e-02 7.750000e-01 5.000000e-01 0.000000e+00
6.008845e-04 1.416304e-04 1.199967e-02 8.250000e-01 5.000000e-01 0.000000e+00
1.072343e-03 1.895659e-04 1.199967e-02 8.750000e-01 5.000000e-01 0.000000e+00
1.510724e-03 2.227452e-04 1.199967e-02 9.250000e-01 5.000000e-01 0.000000e+00
7.833498e-04 1.599012e-04 1.199967e-02 9.750000e-01 5.000000e-01 0.000000e+00
6.611220e-04 1.478317e-04 1.199967e-02 1.025000e+00 5.000000e-01 0.000000e+00
6.391446e-04 1.429175e-04 1.199967e-02 1.075000e+00 5.000000e-01 0.000000e+00
5.703454e-04 1.344323e-04 1.199967e-02 1.125000e+00 5.000000e-01 0.000000e+00
1.078993e-03 1.850467e-04 1.199967e-02 1.175000e+00 5.000000e-01 0.000000e+00
6.302065e-04 1.409193e-04 1.199967e-02 1.225000e+00 5.000000e-01 0.000000e+00
7.970581e-04 1.563169e-04 1.199967e-02 1.275000e+00 5.000000e-01 0.000000e+00
6.669146e-04 1.421876e-04 1.199967e-02 1.325000e+00 5.000000e-01 0.000000e+00
1.006993e-03 1.726991e-04 1.199967e-02 1.375000e+00 5.000000e-01 0.000000e+00
9.546998e-04 1.637308e-04 1.199967e-02 1.425000e+00 5.000000e-01 0.000000e+00
9.581456e-04 1.596920e-04 1.199967e-02 1.475000e+00 5.000000e-01 0.000000e+00
1.157672e-03 1.706906e-04 1.199967e-02 1.525000e+00 5.000000e-01 0.000000e+00
1.346988e-03 1.833035e-04 1.199967e-02 1.575000e+00 5.000000e-01 0.000000e+00
1.410110e-03 1.820461e-04 1.199967e-02 1.625000e+00 5.000000e-01 0.000000e+00
1.364819e-03 1.761987e-04 1.199967e-02 1.675000e+00 5.000000e-01 0.000000e+00
2.123703e-03 2.190452e-04 1.199967e-02 1.725000e+00 5.000000e-01 0.000000e+00
1.767457e-03 2.027434e-04 1.199967e-02 1.775000e+00 5.000000e-01 0.000000e+00
1.753769e-03 2.038743e-04 1.199967e-02 1.825000e+00 5.000000e-01 0.000000e+00
1.905915e-03 2.130901e-04 1.199967e-02 1.875000e+00 5.000000e-01 0.000000e+00
1.975998e-03 2.209261e-04 1.199967e-02 1.925000e+00 5.000000e-01 0.000000e+00
2.157640e-03 2.326672e-04 1.199967e-02 1.975000e+00 5.000000e-01 0.000000e+00
1.751543e-03 2.093528e-04 1.199967e-02 2.025000e+00 5.000000e-01 0.000000e+00
1.090023e-03 1.643305e-04 1.199967e-02 2.075000e+00 5.000000e-01 0.000000e+00
1.402797e-03 1.841991e-04 1.199967e-02 2.125000e+00 5.000000e-01 0.000000e+00
1.337929e-03 1.787906e-04 1.199967e-02 2.175000e+00 5.000000e-01 0.000000e+00
2.111757e-03 2.178158e-04 1.199967e-02 2.225000e+00 5.000000e-01 0.000000e+00
1.433913e-03 1.792440e-04 1.199967e-02 2.275000e+00 5.000000e-01 0.000000e+00
1.747163e-03 1.953442e-04 1.199967e-02 2.325000e+00 5.000000e-01 0.000000e+00
1.550166e-03 1.802086e-04 1.199967e-02 2.375000e+00 5.000000e-01 0.000000e+00
1.175799e-03 1.571272e-04 1.199967e-02 2.425000e+00 5.000000e-01 0.000000e+00
1.791183e-03 1.909476e-04 1.199967e-02 2.475000e+00 5.000000e-01 0.000000e+00
1.729601e-03 1.843845e-04 1.199967e-02 2.525000e+00 5.000000e-01 0.000000e+00
1.056966e-03 1.412494e-04 1.199967e-02 2.575000e+00 5.000000e-01 0.000000e+00
1.199464e-03 1.476532e-04 1.199967e-02 2.625000e+00 5.000000e-01 0.000000e+00
8.892966e-04 1.233299e-04 1.199967e-02 2.675000e+00 5.000000e-01 0.000000e+00
1.135776e-03 1.338616e-04 1.199967e-02 2.725000e+00 5.000000e-01 0.000000e+00
1.161793e-03 1.299037e-04 1.199967e-02 2.775000e+00 5.000000e-01 0.000000e+00
1.260012e-03 1.286130e-04 1.199967e-02 2.825000e+00 5.000000e-01 0.000000e+00
1.427272e-03 1.314107e-04 1.199967e-02 2.875000e+00 5.000000e-01 0.000000e+00
4.100789e-01 3.641451e-03 2.199966e-02 2.500000e-02 5.000000e-01 0.000000e+00
6.626721e-02 1.470792e-03 2.199966e-02 7.500000e-02 5.000000e-01 0.000000e+00
2.506359e-03 2.837900e-04 2.199966e-02 1.250000e-01 5.000000e-01 0.000000e+00
1.226786e-03 2.044648e-04 2.199966e-02 1.750000e-01 5.000000e-01 0.000000e+00
1.576752e-03 2.275852e-04 2.199966e-02 2.250000e-01 5.000000e-01 0.000000e+00
6.912334e-04 1.545648e-04 2.199966e-02 2.750000e-01 5.000000e-01 0.000000e+00
9.583783e-04 1.811170e-04 2.199966e-02 3.250000e-01 5.000000e-01 0.000000e+00
1.019062e-03 1.860547e-04 2.199966e-02 3.750000e-01 5.000000e-01 0.000000e+00
6.396009e-04 1.507560e-04 2.199966e-02 4.250000e-01 5.000000e-01 0.000000e+00
1.198838e-03 2.055997e-04 2.199966e-02 4.750000e-01 5.000000e-01 0.000000e+00
1.035535e-03 1.890624e-04 2.199966e-02 5.250000e-01 5.000000e-01 0.000000e+00
7.746622e-04 1.651590e-04 2.199966e-02 5.750000e-01 5.000000e-01 0.000000e+00
6.861789e-04 1.534346e-04 2.199966e-02 6.250000e-01 5.000000e-01 0.000000e+00
1.103194e-03 1.950192e-04 2.199966e-02 6.750000e-01 5.000000e-01 0.000000e+00
9.621336e-04 1.818269e-04 2.199966e-02 7.250000e-01 5.000000e-01 0.000000e+00
7.395210e-04 1.576669e-04 2.199966e-02 7.750000e-01 5.000000e-01 0.000000e+00
9.404631e-04 1.777316e-04 2.199966e-02 8.250000e-01 5.000000e-01 0.000000e+00
1.067817e-03 1.887658e-04 2.199966e-02 8.750000e-01 5.000000e-01 0.000000e+00
8.539366e-04 1.674715e-04 2.199966e-02 9.250000e-01 5.000000e-01 0.000000e+00
5.893405e-04 1.389095e-04 2.199966e-02 9.750000e-01 5.000000e-01 0.000000e+00
1.054357e-03 1.863866e-04 2.199966e-02 1.025000e+00 5.000000e-01 0.000000e+00
1.020556e-03 1.804118e-04 2.199966e-02 1.075000e+00 5.000000e-01 0.000000e+00
8.274068e-04 1.622685e-04 2.199966e-02 1.125000e+00 5.000000e-01 0.000000e+00
8.244958e-04 1.616978e-04 2.199966e-02 1.175000e+00 5.000000e-01 0.000000e+00
9.373002e-04 1.711274e-04 2.199966e-02 1.225000e+00 5.000000e-01 0.000000e+00
7.209971e-04 1.471744e-04 2.199966e-02 1.275000e+00 5.000000e-01 0.000000e+00
8.832466e-04 1.612593e-04 2.199966e-02 1.325000e+00 5.000000e-01 0.000000e+00
1.244069e-03 1.875513e-04 2.199966e-02 1.375000e+00 5.000000e-01 0.000000e+00
1.384549e-03 1.920036e-04 2.199966e-02 1.425000e+00 5.000000e-01 0.000000e+00
1.156248e-03 1.743119e-04 2.199966e-02 1.475000e+00 5.000000e-01 0.000000e+00
1.082473e-03 1.670309e-04 2.199966e-02 1.525000e+00 5.000000e-01 0.000000e+00
1.292852e-03 1.828385e-04 2.199966e-02 1.575000e+00 5.000000e-01 0.000000e+00
1.429921e-03 1.877589e-04 2.199966e-02 1.625000e+00 5.000000e-01 0.000000e+00
1.848537e-03 2.120438e-04 2.199966e-02 1.675000e+00 5.000000e-01 0.000000e+00
1.542918e-03 1.928664e-04 2.199966e-02 1.725000e+00 5.000000e-01 0.000000e+00
1.837420e-03 2.107687e-04 2.199966e-02 1.775000e+00 5.000000e-01 0.000000e+00
2.047014e-03 2.207378e-04 2.199966e-02 1.825000e+00 5.000000e-01 0.000000e+00
2.084611e-03 2.197398e-04 2.199966e-02 1.875000e+00 5.000000e-01 0.000000e+00
2.055522e-03 2.191219e-04 2.199966e-02 1.925000e+00 5.000000e-01 0.000000e+00
1.231523e-03 1.707842e-04 2.199966e-02 1.975000e+00 5.000000e-01 0.000000e+00
1.572997e-03 1.966279e-04 2.199966e-02 2.025000e+00 5.000000e-01 0.000000e+00
1.771468e-03 2.087730e-04 2.199966e-02 2.075000e+00 5.000000e-01 0.000000e+00
1.482720e-03 1.883086e-04 2.199966e-02 2.125000e+00 5.000000e-01 0.000000e+00
1.936530e-03 2.112964e-04 2.199966e-02 2.175000e+00 5.000000e-01 0.000000e+00
1.575776e-03 1.910947e-04 2.199966e-02 2.225000e+00 5.000000e-01 0.000000e+00
1.317613e-03 1.730146e-04 2.199966e-02 2.275000e+00 5.000000e-01 0.000000e+00
1.541699e-03 1.842723e-04 2.199966e-02 2.325000e+00 5.000000e-01 0.000000e+00
1.115907e-03 1.547532e-04 2.199966e-02 2.375000e+00 5.000000e-01 0.000000e+00
1.425049e-03 1.703313e-04 2.199966e-02 2.425000e+00 5.000000e-01 0.000000e+00
1.253732e-03 1.592300e-04 2.199966e-02 2.475000e+00 5.000000e-01 0.000000e+00
8.936037e-04 1.317582e-04 2.199966e-02 2.525000e+00 5.000000e-01 0.000000e+00
1.177537e-03 1.495538e-04 2.199966e-02 2.575000e+00 5.000000e-01 0.000000e+00
1.100258e-03 1.420518e-04 2.199966e-02 2.625000e+00 5.000000e-01 0.000000e+00
1.387884e-03 1.551817e-04 2.199966e-02 2.675000e+00 5.000000e-01 0.000000e+00
1.107685e-03 1.324013e-04 2.199966e-02 2.725000e+00 5.000000e-01 0.000000e+00
1.596265e-03 1.522113e-04 2.199966e-02 2.775000e+00 5.000000e-01 0.000000e+00
1.357070e-03 1.330839e-04 2.199966e-02 2.825000e+00 5.000000e-01 0.000000e+00
1.616260e-03 1.396441e-04 2.199966e-02 2.875000e+00 5.000000e-01 0.000000e+00
4.132861e-01 3.667906e-03 3.199965e-02 2.500000e-02 5.000000e-01 0.000000e+00
6.566689e-02 1.462520e-03 3.199965e-02 7.500000e-02 5.000000e-01 0.000000e+00
2.877793e-03 3.067746e-04 3.199965e-02 1.250000e-01 5.000000e-01 0.000000e+00
1.967621e-03 2.583620e-04 3.199965e-02 1.750000e-01 5.000000e-01 0.000000e+00
1.842219e-03 2.461775e-04 3.199965e-02 2.250000e-01 5.000000e-01 0.000000e+00
1.334672e-03 2.165129e-04 3.199965e-02 2.750000e-01 5.000000e-01 0.000000e+00
1.298132e-03 2.105852e-04 3.199965e-02 3.250000e-01 5.000000e-01 0.000000e+00
9.693664e-04 1.831934e-04 3.199965e-02 3.750000e-01 5.000000e-01 0.000000e+00
1.139703e-03 2.014734e-04 3.199965e-02 4.250000e-01 5.000000e-01 0.000000e+00
7.009400e-04 1.567354e-04 3.199965e-02 4.750000e-01 5.000000e-01 0.000000e+00
2.792483e-04 9.872928e-05 3.199965e-02 5.250000e-01 5.000000e-01 0.000000e+00
5.602475e-04 1.400622e-04 3.199965e-02 5.750000e-01 5.000000e-01 0.000000e+00
4.792733e-04 1.280916e-04 3.199965e-02 6.250000e-01 5.000000e-01 0.000000e+00
4.860861e-04 1.299125e-04 3.199965e-02 6.750000e-01 5.000000e-01 0.000000e+00
7.532535e-04 1.605947e-04 3.199965e-02 7.250000e-01 5.000000e-01 0.000000e+00
8.675374e-04 1.701387e-04 3.199965e-02 7.750000e-01 5.000000e-01 0.000000e+00
8.848455e-04 1.735334e-04 3.199965e-02 8.250000e-01 5.000000e-01 0.000000e+00
9.927926e-04 1.812591e-04 3.199965e-02 8.750000e-01 5.000000e-01 0.000000e+00
1.053443e-03 1.862249e-04 3.199965e-02 9.250000e-01 5.000000e-01 0.000000e+00
1.188541e-03 1.980908e-04 3.199965e-02 9.750000e-01 5.000000e-01 0.000000e+00
7.242680e-04 1.544153e-04 3.199965e-02 1.025000e+00 5.000000e-01 0.000000e+00
1.460743e-03 2.153758e-04 3.199965e-02 1.075000e+00 5.000000e-01 0.000000e+00
9.022118e-04 1.705025e-04 3.199965e-02 1.125000e+00 5.000000e-01 0.000000e+00
8.166111e-04 1.601515e-04 3.199965e-02 1.175000e+00 5.000000e-01 0.000000e+00
9.022706e-04 1.647322e-04 3.199965e-02 1.225000e+00 5.000000e-01 0.000000e+00
7.551010e-04 1.480882e-04 3.199965e-02 1.275000e+00 5.000000e-01 0.000000e+00
6.713199e-04 1.370336e-04 3.199965e-02 1.325000e+00 5.000000e-01 0.000000e+00
8.706437e-04 1.539103e-04 3.199965e-02 1.375000e+00 5.000000e-01 0.000000e+00
1.106015e-03 1.706627e-04 3.199965e-02 1.425000e+00 5.000000e-01 0.000000e+00
1.052060e-03 1.663463e-04 3.199965e-02 1.475000e+00 5.000000e-01 0.000000e+00
6.294586e-04 1.284885e-04 3.199965e-02 1.525000e+00 5.000000e-01 0.000000e+00
9.518111e-04 1.586363e-04 3.199965e-02 1.575000e+00 5.000000e-01 0.000000e+00
1.271830e-03 1.835746e-04 3.199965e-02 1.625000e+00 5.000000e-01 0.000000e+00
1.296079e-03 1.870748e-04 3.199965e-02 1.675000e+00 5.000000e-01 0.000000e+00
1.559059e-03 2.012756e-04 3.199965e-02 1.725000e+00 5.000000e-01 0.000000e+00
1.467142e-03 1.894092e-04 3.199965e-02 1.775000e+00 5.000000e-01 0.000000e+00
1.588716e-03 1.955593e-04 3.199965e-02 1.825000e+00 5.000000e-01 0.000000e+00
2.031651e-03 2.190822e-04 3.199965e-02 1.875000e+00 5.000000e-01 0.000000e+00
1.981839e-03 2.162398e-04 3.199965e-02 1.925000e+00 5.000000e-01 0.000000e+00
1.728639e-03 2.009522e-04 3.199965e-02 1.975000e+00 5.000000e-01 0.000000e+00
1.872762e-03 2.093848e-04 3.199965e-02 2.025000e+00 5.000000e-01 0.000000e+00
1.488664e-03 1.890636e-04 3.199965e-02 2.075000e+00 5.000000e-01 0.000000e+00
1.013245e-03 1.527541e-04 3.199965e-02 2.125000e+00 5.000000e-01 0.000000e+00
1.709353e-03 2.014536e-04 3.199965e-02 2.175000e+00 5.000000e-01 0.000000e+00
1.485317e-03 1.856687e-04 3.199965e-02 2.225000e+00 5.000000e-01 0.000000e+00
1.287325e-03 1.720287e-04 3.199965e-02 2.275000e+00 5.000000e-01 0.000000e+00
1.192844e-03 1.623294e-04 3.199965e-02 2.325000e+00 5.000000e-01 0.000000e+00
1.215938e-03 1.624914e-04 3.199965e-02 2.375000e+00 5.000000e-01 0.000000e+00
1.208833e-03 1.587321e-04 3.199965e-02 2.425000e+00 5.000000e-01 0.000000e+00
1.436093e-03 1.669499e-04 3.199965e-02 2.475000e+00 5.000000e-01 0.000000e+00
1.303134e-03 1.604106e-04 3.199965e-02 2.525000e+00 5.000000e-01 0.000000e+00
1.061494e-03 1.418526e-04 3.199965e-02 2.575000e+00 5.000000e-01 0.000000e+00
1.253046e-03 1.519620e-04 3.199965e-02 2.625000e+00 5.000000e-01 0.000000e+00
1.074304e-03 1.364461e-04 3.199965e-02 2.675000e+00 5.000000e-01 0.000000e+00
1.282808e-03 1.434327e-04 3.199965e-02 2.725000e+00 5.000000e-01 0.000000e+00
1.353839e-03 1.396539e-04 3.199965e-02 2.775000e+00 5.000000e-01 0.000000e+00
1.324557e-03 1.311646e-04 3.199965e-02 2.825000e+00 5.000000e-01 0.000000e+00
1.012404e-03 1.104766e-04 3.199965e-02 2.875000e+00 5.000000e-01 0.000000e+00
4.359017e-01 3.772388e-03 4.199964e-02 2.500000e-02 5.000000e-01 0.000000e+00
6.406761e-02 1.435471e-03 4.199964e-02 7.500000e-02 5.000000e-01 0.000000e+00
2.772741e-03 3.061987e-04 4.199964e-02 1.250000e-01 5.000000e-01 0.000000e+00
1.812106e-03 2.465971e-04 4.199964e-02 1.750000e-01 5.000000e-01 0.000000e+00
2.422922e-03 2.855447e-04 4.199964e-02 2.250000e-01 5.000000e-01 0.000000e+00
1.050817e-03 1.918525e-04 4.199964e-02 2.750000e-01 5.000000e-01 0.000000e+00
9.557671e-04 1.806235e-04 4.199964e-02 3.250000e-01 5.000000e-01 0.000000e+00
1.132441e-03 2.001900e-04 4.199964e-02 3.750000e-01 5.000000e-01 0.000000e+00
7.139852e-04 1.596522e-04 4.199964e-02 4.250000e-01 5.000000e-01 0.000000e+00
9.734418e-04 1.839638e-04 4.199964e-02 4.750000e-01 5.000000e-01 0.000000e+00
7.089839e-04 1.585338e-04 4.199964e-02 5.250000e-01 5.000000e-01 0.000000e+00
9.037005e-04 1.772308e-04 4.199964e-02 5.750000e-01 5.000000e-01 0.000000e+00
1.106543e-03 1.956119e-04 4.199964e-02 6.250000e-01 5.000000e-01 0.000000e+00
8.321924e-04 1.698710e-04 4.199964e-02 6.750000e-01 5.000000e-01 0.000000e+00
1.027115e-03 1.875251e-04 4.199964e-02 7.250000e-01 5.000000e-01 0.000000e+00
8.742485e-04 1.714547e-04 4.199964e-02 7.750000e-01 5.000000e-01 0.000000e+00
1.088325e-03 1.923914e-04 4.199964e-02 8.250000e-01 5.000000e-01 0.000000e+00
1.051835e-03 1.859408e-04 4.199964e-02 8.750000e-01 5.000000e-01 0.000000e+00
6.646122e-04 1.486124e-04 4.199964e-02 9.250000e-01 5.000000e-01 0.000000e+00
3.292571e-04 1.041203e-04 4.199964e-02 9.750000e-01 5.000000e-01 0.000000e+00
1.038961e-03 1.836647e-04 4.199964e-02 1.025000e+00 5.000000e-01 0.000000e+00
5.115645e-04 1.278915e-04 4.199964e-02 1.075000e+00 5.000000e-01 0.000000e+00
1.075883e-03 1.845138e-04 4.199964e-02 1.125000e+00 5.000000e-01 0.000000e+00
9.064864e-04 1.655019e-04 4.199964e-02 1.175000e+00 5.000000e-01 0.000000e+00
8.542861e-04 1.559710e-04 4.199964e-02 1.225000e+00 5.000000e-01 0.000000e+00
5.633865e-04 1.259778e-04 4.199964e-02 1.275000e+00 5.000000e-01 0.000000e+00
8.177058e-04 1.492927e-04 4.199964e-02 1.325000e+00 5.000000e-01 0.000000e+00
8.110496e-04 1.480780e-04 4.199964e-02 1.375000e+00 5.000000e-01 0.000000e+00
1.047158e-03 1.655712e-04 4.199964e-02 1.425000e+00 5.000000e-01 0.000000e+00
1.229203e-03 1.812371e-04 4.199964e-02 1.475000e+00 5.000000e-01 0.000000e+00
1.133402e-03 1.748885e-04 4.199964e-02 1.525000e+00 5.000000e-01 0.000000e+00
1.168823e-03 1.803546e-04 4.199964e-02 1.575000e+00 5.000000e-01 0.000000e+00
1.927674e-03 2.337670e-04 4.199964e-02 1.625000e+00 5.000000e-01 0.000000e+00
1.495461e-03 2.035083e-04 4.199964e-02 1.675000e+00 5.000000e-01 0.000000e+00
1.360660e-03 1.924287e-04 4.199964e-02 1.725000e+00 5.000000e-01 0.000000e+00
1.203612e-03 1.774654e-04 4.199964e-02 1.775000e+00 5.000000e-01 0.000000e+00
1.912090e-03 2.193342e-04 4.199964e-02 1.825000e+00 5.000000e-01 0.000000e+00
1.570059e-03 1.932637e-04 4.199964e-02 1.875000e+00 5.000000e-01 0.000000e+00
2.154363e-03 2.246101e-04 4.199964e-02 1.925000e+00 5.000000e-01 0.000000e+00
1.623284e-03 1.940223e-04 4.199964e-02 1.975000e+00 5.000000e-01 0.000000e+00
1.513954e-03 1.835966e-04 4.199964e-02 2.025000e+00 5.000000e-01 0.000000e+00
1.388391e-03 1.763286e-04 4.199964e-02 2.075000e+00 5.000000e-01 0.000000e+00
1.461823e-03 1.856546e-04 4.199964e-02 2.125000e+00 5.000000e-01 0.000000e+00
1.463707e-03 1.858935e-04 4.199964e-02 2.175000e+00 5.000000e-01 0.000000e+00
1.116274e-03 1.611225e-04 4.199964e-02 2.225000e+00 5.000000e-01 0.000000e+00
1.283318e-03 1.714942e-04 4.199964e-02 2.275000e+00 5.000000e-01 0.000000e+00
1.461376e-03 1.798881e-04 4.199964e-02 2.325000e+00 5.000000e-01 0.000000e+00
1.377988e-03 1.722526e-04 4.199964e-02 2.375000e+00 5.000000e-01 0.000000e+00
7.098064e-04 1.217338e-04 4.199964e-02 2.425000e+00 5.000000e-01 0.000000e+00
1.693474e-03 1.847797e-04 4.199964e-02 2.475000e+00 5.000000e-01 0.000000e+00
1.378122e-03 1.624186e-04 4.199964e-02 2.525000e+00 5.000000e-01 0.000000e+00
9.909381e-04 1.374254e-04 4.199964e-02 2.575000e+00 5.000000e-01 0.000000e+00
1.215299e-03 1.496021e-04 4.199964e-02 2.625000e+00 5.000000e-01 0.000000e+00
1.399501e-03 1.564795e-04 4.199964e-02 2.675000e+00 5.000000e-01 0.000000e+00
9.044344e-04 1.208702e-04 4.199964e-02 2.725000e+00 5.000000e-01 0.000000e+00
1.586264e-03 1.512548e-04 4.199964e-02 2.775000e+00 5.000000e-01 0.000000e+00
1.175906e-03 1.239615e-04 4.199964e-02 2.825000e+00 5.000000e-01 0.000000e+00
1.054863e-03 1.137607e-04 4.199964e-02 2.875000e+00 5.000000e-01 0.000000e+00
4.337250e-01 3.764845e-03 5.199963e-02 2.500000e-02 5.000000e-01 0.000000e+00
6.470302e-02 1.454829e-03 5.199963e-02 7.500000e-02 5.000000e-01 0.000000e+00
2.996849e-03 3.194659e-04 5.199963e-02 1.250000e-01 5.000000e-01 0.000000e+00
1.664983e-03 2.354650e-04 5.199963e-02 1.750000e-01 5.000000e-01 0.000000e+00
1.880751e-03 2.559381e-04 5.199963e-02 2.250000e-01 5.000000e-01 0.000000e+00
1.386299e-03 2.191936e-04 5.199963e-02 2.750000e-01 5.000000e-01 0.000000e+00
1.112837e-03 1.967242e-04 5.199963e-02 3.250000e-01 5.000000e-01 0.000000e+00
1.222818e-03 2.097120e-04 5.199963e-02 3.750000e-01 5.000000e-01 0.000000e+00
6.388127e-04 1.505699e-04 5.199963e-02 4.250000e-01 5.000000e-01 0.000000e+00
6.320633e-04 1.489792e-04 5.199963e-02 4.750000e-01 5.000000e-01 0.000000e+00
8.514090e-04 1.737936e-04 5.199963e-02 5.250000e-01 5.000000e-01 0.000000e+00
1.233991e-03 2.056659e-04 5.199963e-02 5.750000e-01 5.000000e-01 0.000000e+00
9.127615e-04 1.790081e-04 5.199963e-02 6.250000e-01 5.000000e-01 0.000000e+00
8.930501e-04 1.751421e-04 5.199963e-02 6.750000e-01 5.000000e-01 0.000000e+00
5.431180e-04 1.357802e-04 5.199963e-02 7.250000e-01 5.000000e-01 0.000000e+00
9.533423e-04 1.801652e-04 5.199963e-02 7.750000e-01 5.000000e-01 0.000000e+00
1.144063e-03 1.962056e-04 5.199963e-02 8.250000e-01 5.000000e-01 0.000000e+00
8.549244e-04 1.676649e-04 5.199963e-02 8.750000e-01 5.000000e-01 0.000000e+00
1.070790e-03 1.892915e-04 5.199963e-02 9.250000e-01 5.000000e-01 0.000000e+00
1.187127e-03 1.978554e-04 5.199963e-02 9.750000e-01 5.000000e-01 0.000000e+00
1.275276e-03 2.016399e-04 5.199963e-02 1.025000e+00 5.000000e-01 0.000000e+00
1.013643e-03 1.791894e-04 5.199963e-02 1.075000e+00 5.000000e-01 0.000000e+00
5.977402e-04 1.336592e-04 5.199963e-02 1.125000e+00 5.000000e-01 0.000000e+00
9.085122e-04 1.606048e-04 5.199963e-02 1.175000e+00 5.000000e-01 0.000000e+00
1.115212e-03 1.763319e-04 5.199963e-02 1.225000e+00 5.000000e-01 0.000000e+00
1.062586e-03 1.723751e-04 5.199963e-02 1.275000e+00 5.000000e-01 0.000000e+00
9.810969e-04 1.635177e-04 5.199963e-02 1.325000e+00 5.000000e-01 0.000000e+00
6.423780e-04 1.311261e-04 5.199963e-02 1.375000e+00 5.000000e-01 0.000000e+00
1.302604e-03 1.880160e-04 5.199963e-02 1.425000e+00 5.000000e-01 0.000000e+00
1.167315e-03 1.801219e-04 5.199963e-02 1.475000e+00 5.000000e-01 0.000000e+00
9.844227e-04 1.688279e-04 5.199963e-02 1.525000e+00 5.000000e-01 0.000000e+00
1.202360e-03 1.855299e-04 5.199963e-02 1.575000e+00 5.000000e-01 0.000000e+00
1.706310e-03 2.202858e-04 5.199963e-02 1.625000e+00 5.000000e-01 0.000000e+00
1.025316e-03 1.708869e-04 5.199963e-02 1.675000e+00 5.000000e-01 0.000000e+00
1.639635e-03 2.152966e-04 5.199963e-02 1.725000e+00 5.000000e-01 0.000000e+00
1.525013e-03 2.037904e-04 5.199963e-02 1.775000e+00 5.000000e-01 0.000000e+00
1.920289e-03 2.232317e-04 5.199963e-02 1.825000e+00 5.000000e-01 0.000000e+00
1.828947e-03 2.126131e-04 5.199963e-02 1.875000e+00 5.000000e-01 0.000000e+00
1.259333e-03 1.713762e-04 5.199963e-02 1.925000e+00 5.000000e-01 0.000000e+00
1.966034e-03 2.095829e-04 5.199963e-02 1.975000e+00 5.000000e-01 0.000000e+00
2.026971e-03 2.113299e-04 5.199963e-02 2.025000e+00 5.000000e-01 0.000000e+00
1.416528e-03 1.770690e-04 5.199963e-02 2.075000e+00 5.000000e-01 0.000000e+00
1.210444e-03 1.647232e-04 5.199963e-02 2.125000e+00 5.000000e-01 0.000000e+00
1.705349e-03 1.982463e-04 5.199963e-02 2.175000e+00 5.000000e-01 0.000000e+00
1.772505e-03 2.033247e-04 5.199963e-02 2.225000e+00 5.000000e-01 0.000000e+00
1.497789e-03 1.843702e-04 5.199963e-02 2.275000e+00 5.000000e-01 0.000000e+00
1.379567e-03 1.752100e-04 5.199963e-02 2.325000e+00 5.000000e-01 0.000000e+00
1.198172e-03 1.601175e-04 5.199963e-02 2.375000e+00 5.000000e-01 0.000000e+00
8.826776e-04 1.362053e-04 5.199963e-02 2.425000e+00 5.000000e-01 0.000000e+00
1.268163e-03 1.610638e-04 5.199963e-02 2.475000e+00 5.000000e-01 0.000000e+00
1.282797e-03 1.579074e-04 5.199963e-02 2.525000e+00 5.000000e-01 0.000000e+00
1.083521e-03 1.422795e-04 5.199963e-02 2.575000e+00 5.000000e-01 0.000000e+00
1.316989e-03 1.552163e-04 5.199963e-02 2.625000e+00 5.000000e-01 0.000000e+00
1.167046e-03 1.436627e-04 5.199963e-02 2.675000e+00 5.000000e-01 0.000000e+00
1.073131e-03 1.321031e-04 5.199963e-02 2.725000e+00 5.000000e-01 0.000000e+00
1.500300e-03 1.485620e-04 5.199963e-02 2.775000e+00 5.000000e-01 0.000000e+00
1.135872e-03 1.225001e-04 5.199963e-02 2.825000e+00 5.000000e-01 0.000000e+00
1.157054e-03 1.193582e-04 5.199963e-02 2.875000e+00 5.000000e-01 0.000000e+00
4.292597e-01 3.736942e-03 6.199962e-02 2.500000e-02 5.000000e-01 0.000000e+00
6.870728e-02 1.521953e-03 6.199962e-02 7.500000e-02 5.000000e-01 0.000000e+00
1.957806e-03 2.570730e-04 6.199962e-02 1.250000e-01 5.000000e-01 0.000000e+00
1.213809e-03 2.023020e-04 6.199962e-02 1.750000e-01 5.000000e-01 0.000000e+00
2.131969e-03 2.752367e-04 6.199962e-02 2.250000e-01 5.000000e-01 0.000000e+00
1.576297e-03 2.324130e-04 6.199962e-02 2.750000e-01 5.000000e-01 0.000000e+00
1.880435e-03 2.607702e-04 6.199962e-02 3.250000e-01 5.000000e-01 0.000000e+00
8.577945e-04 1.750970e-04 6.199962e-02 3.750000e-01 5.000000e-01 0.000000e+00
9.915341e-04 1.873829e-04 6.199962e-02 4.250000e-01 5.000000e-01 0.000000e+00
7.820033e-04 1.667240e-04 6.199962e-02 4.750000e-01 5.000000e-01 0.000000e+00
8.390548e-04 1.712720e-04 6.199962e-02 5.250000e-01 5.000000e-01 0.000000e+00
4.177084e-04 1.205824e-04 6.199962e-02 5.750000e-01 5.000000e-01 0.000000e+00
8.402898e-04 1.715240e-04 6.199962e-02 6.250000e-01 5.000000e-01 0.000000e+00
8.911710e-04 1.747737e-04 6.199962e-02 6.750000e-01 5.000000e-01 0.000000e+00
7.567430e-04 1.613387e-04 6.199962e-02 7.250000e-01 5.000000e-01 0.000000e+00
1.572777e-03 2.318945e-04 6.199962e-02 7.750000e-01 5.000000e-01 0.000000e+00
1.394689e-03 2.152061e-04 6.199962e-02 8.250000e-01 5.000000e-01 0.000000e+00
3.379072e-04 1.068561e-04 6.199962e-02 8.750000e-01 5.000000e-01 0.000000e+00
7.890750e-04 1.610696e-04 6.199962e-02 9.250000e-01 5.000000e-01 0.000000e+00
1.155040e-03 1.925077e-04 6.199962e-02 9.750000e-01 5.000000e-01 0.000000e+00
8.087220e-04 1.586042e-04 6.199962e-02 1.025000e+00 5.000000e-01 0.000000e+00
8.339287e-04 1.575984e-04 6.199962e-02 1.075000e+00 5.000000e-01 0.000000e+00
5.652246e-04 1.263888e-04 6.199962e-02 1.125000e+00 5.000000e-01 0.000000e+00
1.124665e-03 1.778259e-04 6.199962e-02 1.175000e+00 5.000000e-01 0.000000e+00
9.599648e-04 1.646335e-04 6.199962e-02 1.225000e+00 5.000000e-01 0.000000e+00
6.078702e-04 1.295987e-04 6.199962e-02 1.275000e+00 5.000000e-01 0.000000e+00
1.151573e-03 1.776924e-04 6.199962e-02 1.325000e+00 5.000000e-01 0.000000e+00
1.054317e-03 1.710337e-04 6.199962e-02 1.375000e+00 5.000000e-01 0.000000e+00
5.199381e-04 1.225514e-04 6.199962e-02 1.425000e+00 5.000000e-01 0.000000e+00
9.402574e-04 1.662166e-04 6.199962e-02 1.475000e+00 5.000000e-01 0.000000e+00
1.345415e-03 1.983721e-04 6.199962e-02 1.525000e+00 5.000000e-01 0.000000e+00
9.852663e-04 1.689729e-04 6.199962e-02 1.575000e+00 5.000000e-01 0.000000e+00
1.103096e-03 1.789472e-04 6.199962e-02 1.625000e+00 5.000000e-01 0.000000e+00
1.254598e-03 1.891400e-04 6.199962e-02 1.675000e+00 5.000000e-01 0.000000e+00
1.841878e-03 2.267218e-04 6.199962e-02 1.725000e+00 5.000000e-01 0.000000e+00
1.588718e-03 2.086107e-04 6.199962e-02 1.775000e+00 5.000000e-01 0.000000e+00
2.121392e-03 2.371820e-04 6.199962e-02 1.825000e+00 5.000000e-01 0.000000e+00
1.578417e-03 2.004612e-04 6.199962e-02 1.875000e+00 5.000000e-01 0.000000e+00
1.649759e-03 1.971867e-04 6.199962e-02 1.925000e+00 5.000000e-01 0.000000e+00
2.133601e-03 2.200678e-04 6.199962e-02 1.975000e+00 5.000000e-01 0.000000e+00
1.656351e-03 1.925493e-04 6.199962e-02 2.025000e+00 5.000000e-01 0.000000e+00
1.795414e-03 1.982735e-04 6.199962e-02 2.075000e+00 5.000000e-01 0.000000e+00
1.728957e-03 1.933058e-04 6.199962e-02 2.125000e+00 5.000000e-01 0.000000e+00
1.392908e-03 1.741165e-04 6.199962e-02 2.175000e+00 5.000000e-01 0.000000e+00
1.431021e-03 1.788808e-04 6.199962e-02 2.225000e+00 5.000000e-01 0.000000e+00
1.547093e-03 1.876173e-04 6.199962e-02 2.275000e+00 5.000000e-01 0.000000e+00
1.615058e-03 1.877517e-04 6.199962e-02 2.325000e+00 5.000000e-01 0.000000e+00
1.399953e-03 1.749987e-04 6.199962e-02 2.375000e+00 5.000000e-01 0.000000e+00
1.220615e-03 1.602786e-04 6.199962e-02 2.425000e+00 5.000000e-01 0.000000e+00
9.832234e-04 1.419213e-04 6.199962e-02 2.475000e+00 5.000000e-01 0.000000e+00
1.030804e-03 1.429527e-04 6.199962e-02 2.525000e+00 5.000000e-01 0.000000e+00
1.318588e-03 1.576092e-04 6.199962e-02 2.575000e+00 5.000000e-01 0.000000e+00
1.122864e-03 1.426121e-04 6.199962e-02 2.625000e+00 5.000000e-01 0.000000e+00
1.160552e-03 1.428617e-04 6.199962e-02 2.675000e+00 5.000000e-01 0.000000e+00
1.354617e-03 1.496070e-04 6.199962e-02 2.725000e+00 5.000000e-01 0.000000e+00
1.380358e-03 1.439231e-04 6.199962e-02 2.775000e+00 5.000000e-01 0.000000e+00
1.132561e-03 1.235839e-04 6.199962e-02 2.825000e+00 5.000000e-01 0.000000e+00
1.205929e-03 1.218325e-04 6.199962e-02 2.875000e+00 5.000000e-01 0.000000e+00
4.195372e-01 3.725292e-03 7.199961e-02 2.500000e-02 5.000000e-01 0.000000e+00
6.592489e-02 1.489854e-03 7.199961e-02 7.500000e-02 5.000000e-01 0.000000e+00
2.897227e-03 3.124166e-04 7.199961e-02 1.250000e-01 5.000000e-01 0.000000e+00
1.483782e-03 2.289531e-04 7.199961e-02 1.750000e-01 5.000000e-01 0.000000e+00
1.257500e-03 2.095840e-04 7.199961e-02 2.250000e-01 5.000000e-01 0.000000e+00
1.503295e-03 2.319640e-04 7.199961e-02 2.750000e-01 5.000000e-01 0.000000e+00
1.014485e-03 1.917201e-04 7.199961e-02 3.250000e-01 5.000000e-01 0.000000e+00
1.354819e-03 2.197812e-04 7.199961e-02 3.750000e-01 5.000000e-01 0.000000e+00
1.004964e-03 1.899207e-04 7.199961e-02 4.250000e-01 5.000000e-01 0.000000e+00
7.817944e-04 1.666794e-04 7.199961e-02 4.750000e-01 5.000000e-01 0.000000e+00
1.039423e-03 1.897723e-04 7.199961e-02 5.250000e-01 5.000000e-01 0.000000e+00
9.943918e-04 1.879229e-04 7.199961e-02 5.750000e-01 5.000000e-01 0.000000e+00
8.265193e-04 1.687130e-04 7.199961e-02 6.250000e-01 5.000000e-01 0.000000e+00
1.114756e-03 1.970634e-04 7.199961e-02 6.750000e-01 5.000000e-01 0.000000e+00
1.234867e-03 2.058116e-04 7.199961e-02 7.250000e-01 5.000000e-01 0.000000e+00
9.504200e-04 1.796130e-04 7.199961e-02 7.750000e-01 5.000000e-01 0.000000e+00
8.744790e-04 1.715000e-04 7.199961e-02 8.250000e-01 5.000000e-01 0.000000e+00
8.596665e-04 1.685951e-04 7.199961e-02 8.750000e-01 5.000000e-01 0.000000e+00
1.454725e-03 2.144884e-04 7.199961e-02 9.250000e-01 5.000000e-01 0.000000e+00
6.170394e-04 1.379746e-04 7.199961e-02 9.750000e-01 5.000000e-01 0.000000e+00
7.700276e-04 1.510155e-04 7.199961e-02 1.025000e+00 5.000000e-01 0.000000e+00
1.025620e-03 1.709376e-04 7.199961e-02 1.075000e+00 5.000000e-01 0.000000e+00
9.705893e-04 1.664557e-04 7.199961e-02 1.125000e+00 5.000000e-01 0.000000e+00
9.621268e-04 1.650042e-04 7.199961e-02 1.175000e+00 5.000000e-01 0.000000e+00
7.272312e-04 1.426223e-04 7.199961e-02 1.225000e+00 5.000000e-01 0.000000e+00
7.203996e-04 1.412829e-04 7.199961e-02 1.275000e+00 5.000000e-01 0.000000e+00
1.154912e-03 1.826085e-04 7.199961e-02 1.325000e+00 5.000000e-01 0.000000e+00
8.375719e-04 1.582873e-04 7.199961e-02 1.375000e+00 5.000000e-01 0.000000e+00
1.015324e-03 1.741280e-04 7.199961e-02 1.425000e+00 5.000000e-01 0.000000e+00
1.009145e-03 1.730682e-04 7.199961e-02 1.475000e+00 5.000000e-01 0.000000e+00
1.364232e-03 2.011465e-04 7.199961e-02 1.525000e+00 5.000000e-01 0.000000e+00
9.983444e-04 1.712162e-04 7.199961e-02 1.575000e+00 5.000000e-01 0.000000e+00
9.187710e-04 1.624186e-04 7.199961e-02 1.625000e+00 5.000000e-01 0.000000e+00
1.799217e-03 2.249040e-04 7.199961e-02 1.675000e+00 5.000000e-01 0.000000e+00
1.503009e-03 2.045352e-04 7.199961e-02 1.725000e+00 5.000000e-01 0.000000e+00
1.481583e-03 2.016204e-04 7.199961e-02 1.775000e+00 5.000000e-01 0.000000e+00
1.413248e-03 1.959855e-04 7.199961e-02 1.825000e+00 5.000000e-01 0.000000e+00
1.491710e-03 1.958731e-04 7.199961e-02 1.875000e+00 5.000000e-01 0.000000e+00
1.946370e-03 2.232675e-04 7.199961e-02 1.925000e+00 5.000000e-01 0.000000e+00
1.571693e-03 1.964651e-04 7.199961e-02 1.975000e+00 5.000000e-01 0.000000e+00
1.340303e-03 1.759926e-04 7.199961e-02 2.025000e+00 5.000000e-01 0.000000e+00
1.436491e-03 1.795644e-04 7.199961e-02 2.075000e+00 5.000000e-01 0.000000e+00
1.213467e-03 1.621591e-04 7.199961e-02 2.125000e+00 5.000000e-01 0.000000e+00
1.280896e-03 1.653654e-04 7.199961e-02 2.175000e+00 5.000000e-01 0.000000e+00
1.680445e-03 1.878834e-04 7.199961e-02 2.225000e+00 5.000000e-01 0.000000e+00
1.626867e-03 1.866189e-04 7.199961e-02 2.275000e+00 5.000000e-01 0.000000e+00
1.776415e-03 1.986143e-04 7.199961e-02 2.325000e+00 5.000000e-01 0.000000e+00
1.472639e-03 1.785886e-04 7.199961e-02 2.375000e+00 5.000000e-01 0.000000e+00
9.762794e-04 1.439486e-04 7.199961e-02 2.425000e+00 5.000000e-01 0.000000e+00
1.268757e-03 1.611384e-04 7.199961e-02 2.475000e+00 5.000000e-01 0.000000e+00
1.031508e-03 1.430508e-04 7.199961e-02 2.525000e+00 5.000000e-01 0.000000e+00
1.386441e-03 1.634007e-04 7.199961e-02 2.575000e+00 5.000000e-01 0.000000e+00
1.414012e-03 1.601132e-04 7.199961e-02 2.625000e+00 5.000000e-01 0.000000e+00
1.049168e-03 1.354557e-04 7.199961e-02 2.675000e+00 5.000000e-01 0.000000e+00
1.177002e-03 1.406877e-04 7.199961e-02 2.725000e+00 5.000000e-01 0.000000e+00
1.150165e-03 1.319453e-04 7.199961e-02 2.775000e+00 5.000000e-01 0.000000e+00
1.022954e-03 1.189252e-04 7.199961e-02 2.825000e+00 5.000000e-01 0.000000e+00
1.425517e-03 1.335278e-04 7.199961e-02 2.875000e+00 5.000000e-01 0.000000e+00
4.137922e-01 3.738653e-03 8.199960e-02 2.500000e-02 5.000000e-01 0.000000e+00
6.290412e-02 1.453098e-03 8.199960e-02 7.500000e-02 5.000000e-01 0.000000e+00
2.646311e-03 3.035533e-04 8.199960e-02 1.250000e-01 5.000000e-01 0.000000e+00
2.121246e-03 2.738524e-04 8.199960e-02 1.750000e-01 5.000000e-01 0.000000e+00
1.680859e-03 2.426117e-04 8.199960e-02 2.250000e-01 5.000000e-01 0.000000e+00
1.330699e-03 2.217837e-04 8.199960e-02 2.750000e-01 5.000000e-01 0.000000e+00
1.289243e-03 2.148742e-04 8.199960e-02 3.250000e-01 5.000000e-01 0.000000e+00
1.303282e-03 2.172142e-04 8.199960e-02 3.750000e-01 5.000000e-01 0.000000e+00
1.351119e-03 2.191812e-04 8.199960e-02 4.250000e-01 5.000000e-01 0.000000e+00
1.125892e-03 1.990322e-04 8.199960e-02 4.750000e-01 5.000000e-01 0.000000e+00
1.273756e-03 2.122933e-04 8.199960e-02 5.250000e-01 5.000000e-01 0.000000e+00
1.114278e-03 1.969790e-04 8.199960e-02 5.750000e-01 5.000000e-01 0.000000e+00
1.531934e-03 2.309483e-04 8.199960e-02 6.250000e-01 5.000000e-01 0.000000e+00
8.351823e-04 1.704812e-04 8.199960e-02 6.750000e-01 5.000000e-01 0.000000e+00
1.163963e-03 1.996189e-04 8.199960e-02 7.250000e-01 5.000000e-01 0.000000e+00
1.282723e-03 2.080860e-04 8.199960e-02 7.750000e-01 5.000000e-01 0.000000e+00
6.611237e-04 1.478322e-04 8.199960e-02 8.250000e-01 5.000000e-01 0.000000e+00
9.354052e-04 1.707815e-04 8.199960e-02 8.750000e-01 5.000000e-01 0.000000e+00
1.037459e-03 1.779234e-04 8.199960e-02 9.250000e-01 5.000000e-01 0.000000e+00
5.295078e-04 1.248071e-04 8.199960e-02 9.750000e-01 5.000000e-01 0.000000e+00
9.898472e-04 1.697581e-04 8.199960e-02 1.025000e+00 5.000000e-01 0.000000e+00
9.239698e-04 1.633370e-04 8.199960e-02 1.075000e+00 5.000000e-01 0.000000e+00
1.035107e-03 1.725185e-04 8.199960e-02 1.125000e+00 5.000000e-01 0.000000e+00
1.127258e-03 1.782361e-04 8.199960e-02 1.175000e+00 5.000000e-01 0.000000e+00
7.388497e-04 1.449014e-04 8.199960e-02 1.225000e+00 5.000000e-01 0.000000e+00
7.277847e-04 1.485591e-04 8.199960e-02 1.275000e+00 5.000000e-01 0.000000e+00
4.905766e-04 1.226445e-04 8.199960e-02 1.325000e+00 5.000000e-01 0.000000e+00
9.134753e-04 1.667782e-04 8.199960e-02 1.375000e+00 5.000000e-01 0.000000e+00
9.639609e-04 1.704066e-04 8.199960e-02 1.425000e+00 5.000000e-01 0.000000e+00
1.088325e-03 1.813883e-04 8.199960e-02 1.475000e+00 5.000000e-01 0.000000e+00
1.482836e-03 2.097063e-04 8.199960e-02 1.525000e+00 5.000000e-01 0.000000e+00
1.557080e-03 2.118936e-04 8.199960e-02 1.575000e+00 5.000000e-01 0.000000e+00
1.493680e-03 2.071371e-04 8.199960e-02 1.625000e+00 5.000000e-01 0.000000e+00
9.645300e-04 1.654166e-04 8.199960e-02 1.675000e+00 5.000000e-01 0.000000e+00
1.472574e-03 2.042110e-04 8.199960e-02 1.725000e+00 5.000000e-01 0.000000e+00
1.957925e-03 2.307460e-04 8.199960e-02 1.775000e+00 5.000000e-01 0.000000e+00
1.416064e-03 1.927039e-04 8.199960e-02 1.825000e+00 5.000000e-01 0.000000e+00
1.823992e-03 2.211939e-04 8.199960e-02 1.875000e+00 5.000000e-01 0.000000e+00
2.557996e-03 2.583999e-04 8.199960e-02 1.925000e+00 5.000000e-01 0.000000e+00
1.812120e-03 2.135638e-04 8.199960e-02 1.975000e+00 5.000000e-01 0.000000e+00
1.680823e-03 2.008998e-04 8.199960e-02 2.025000e+00 5.000000e-01 0.000000e+00
1.998944e-03 2.130915e-04 8.199960e-02 2.075000e+00 5.000000e-01 0.000000e+00
1.702156e-03 1.927348e-04 8.199960e-02 2.125000e+00 5.000000e-01 0.000000e+00
1.528687e-03 1.801602e-04 8.199960e-02 2.175000e+00 5.000000e-01 0.000000e+00
1.367938e-03 1.683847e-04 8.199960e-02 2.225000e+00 5.000000e-01 0.000000e+00
1.405227e-03 1.704128e-04 8.199960e-02 2.275000e+00 5.000000e-01 0.000000e+00
1.517296e-03 1.788210e-04 8.199960e-02 2.325000e+00 5.000000e-01 0.000000e+00
1.220794e-03 1.631392e-04 8.199960e-02 2.375000e+00 5.000000e-01 0.000000e+00
1.437115e-03 1.742817e-04 8.199960e-02 2.425000e+00 5.000000e-01 0.000000e+00
8.230499e-04 1.301419e-04 8.199960e-02 2.475000e+00 5.000000e-01 0.000000e+00
1.511980e-03 1.734449e-04 8.199960e-02 2.525000e+00 5.000000e-01 0.000000e+00
1.229547e-03 1.537009e-04 8.199960e-02 2.575000e+00 5.000000e-01 0.000000e+00
1.042773e-03 1.393540e-04 8.199960e-02 2.625000e+00 5.000000e-01 0.000000e+00
1.357862e-03 1.537588e-04 8.199960e-02 2.675000e+00 5.000000e-01 0.000000e+00
9.413288e-04 1.257988e-04 8.199960e-02 2.725000e+00 5.000000e-01 0.000000e+00
1.215070e-03 1.375947e-04 8.199960e-02 2.775000e+00 5.000000e-01 0.000000e+00
9.795314e-04 1.170879e-04 8.199960e-02 2.825000e+00 5.000000e-01 0.000000e+00
1.187176e-03 1.224644e-04 8.199960e-02 2.875000e+00 5.000000e-01 0.000000e+00
4.203400e-01 3.759944e-03 9.199959e-02 2.500000e-02 5.000000e-01 0.000000e+00
6.616138e-02 1.514662e-03 9.199959e-02 7.500000e-02 5.000000e-01 0.000000e+00
3.038639e-03 3.276655e-04 9.199959e-02 1.250000e-01 5.000000e-01 0.000000e+00
1.750316e-03 2.475328e-04 9.199959e-02 1.750000e-01 5.000000e-01 0.000000e+00
1.111979e-03 2.030191e-04 9.199959e-02 2.250000e-01 5.000000e-01 0.000000e+00
7.957243e-04 1.696494e-04 9.199959e-02 2.750000e-01 5.000000e-01 0.000000e+00
5.854400e-04 1.463603e-04 9.199959e-02 3.250000e-01 5.000000e-01 0.000000e+00
1.372286e-03 2.226147e-04 9.199959e-02 3.750000e-01 5.000000e-01 0.000000e+00
7.785548e-04 1.659887e-04 9.199959e-02 4.250000e-01 5.000000e-01 0.000000e+00
9.279959e-04 1.819955e-04 9.199959e-02 4.750000e-01 5.000000e-01 0.000000e+00
9.912439e-04 1.873281e-04 9.199959e-02 5.250000e-01 5.000000e-01 0.000000e+00
1.461474e-03 2.255110e-04 9.199959e-02 5.750000e-01 5.000000e-01 0.000000e+00
1.480324e-03 2.284194e-04 9.199959e-02 6.250000e-01 5.000000e-01 0.000000e+00
1.028446e-03 1.877685e-04 9.199959e-02 6.750000e-01 5.000000e-01 0.000000e+00
1.090257e-03 1.927329e-04 9.199959e-02 7.250000e-01 5.000000e-01 0.000000e+00
7.161249e-04 1.526791e-04 9.199959e-02 7.750000e-01 5.000000e-01 0.000000e+00
7.421958e-04 1.515008e-04 9.199959e-02 8.250000e-01 5.000000e-01 0.000000e+00
1.023953e-03 1.756074e-04 9.199959e-02 8.750000e-01 5.000000e-01 0.000000e+00
9.444037e-04 1.669491e-04 9.199959e-02 9.250000e-01 5.000000e-01 0.000000e+00
8.242267e-04 1.557648e-04 9.199959e-02 9.750000e-01 5.000000e-01 0.000000e+00
1.051451e-03 1.752427e-04 9.199959e-02 1.025000e+00 5.000000e-01 0.000000e+00
5.239645e-04 1.235004e-04 9.199959e-02 1.075000e+00 5.000000e-01 0.000000e+00
6.873663e-04 1.403087e-04 9.199959e-02 1.125000e+00 5.000000e-01 0.000000e+00
5.946278e-04 1.329636e-04 9.199959e-02 1.175000e+00 5.000000e-01 0.000000e+00
8.685534e-04 1.641417e-04 9.199959e-02 1.225000e+00 5.000000e-01 0.000000e+00
8.136285e-04 1.595671e-04 9.199959e-02 1.275000e+00 5.000000e-01 0.000000e+00
9.920260e-04 1.753682e-04 9.199959e-02 1.325000e+00 5.000000e-01 0.000000e+00
9.888481e-04 1.748067e-04 9.199959e-02 1.375000e+00 5.000000e-01 0.000000e+00
1.149525e-03 1.864794e-04 9.199959e-02 1.425000e+00 5.000000e-01 0.000000e+00
6.544278e-04 1.395252e-04 9.199959e-02 1.475000e+00 5.000000e-01 0.000000e+00
1.126021e-03 1.826657e-04 9.199959e-02 1.525000e+00 5.000000e-01 0.000000e+00
1.117512e-03 1.812862e-04 9.199959e-02 1.575000e+00 5.000000e-01 0.000000e+00
1.213556e-03 1.872571e-04 9.199959e-02 1.625000e+00 5.000000e-01 0.000000e+00
1.198279e-03 1.849005e-04 9.199959e-02 1.675000e+00 5.000000e-01 0.000000e+00
1.608973e-03 2.077190e-04 9.199959e-02 1.725000e+00 5.000000e-01 0.000000e+00
1.186574e-03 1.788846e-04 9.199959e-02 1.775000e+00 5.000000e-01 0.000000e+00
1.690491e-03 2.146950e-04 9.199959e-02 1.825000e+00 5.000000e-01 0.000000e+00
1.130404e-03 1.744272e-04 9.199959e-02 1.875000e+00 5.000000e-01 0.000000e+00
2.075611e-03 2.350196e-04 9.199959e-02 1.925000e+00 5.000000e-01 0.000000e+00
1.346843e-03 1.867770e-04 9.199959e-02 1.975000e+00 5.000000e-01 0.000000e+00
1.969255e-03 2.229772e-04 9.199959e-02 2.025000e+00 5.000000e-01 0.000000e+00
2.003597e-03 2.186135e-04 9.199959e-02 2.075000e+00 5.000000e-01 0.000000e+00
1.698087e-03 1.947876e-04 9.199959e-02 2.125000e+00 5.000000e-01 0.000000e+00
1.577029e-03 1.833287e-04 9.199959e-02 2.175000e+00 5.000000e-01 0.000000e+00
1.486544e-03 1.751941e-04 9.199959e-02 2.225000e+00 5.000000e-01 0.000000e+00
1.762318e-03 1.900412e-04 9.199959e-02 2.275000e+00 5.000000e-01 0.000000e+00
1.544820e-03 1.772074e-04 9.199959e-02 2.325000e+00 5.000000e-01 0.000000e+00
1.024547e-03 1.448966e-04 9.199959e-02 2.375000e+00 5.000000e-01 0.000000e+00
1.694258e-03 1.894286e-04 9.199959e-02 2.425000e+00 5.000000e-01 0.000000e+00
9.870164e-04 1.424680e-04 9.199959e-02 2.475000e+00 5.000000e-01 0.000000e+00
1.162630e-03 1.526667e-04 9.199959e-02 2.525000e+00 5.000000e-01 0.000000e+00
9.643421e-04 1.363862e-04 9.199959e-02 2.575000e+00 5.000000e-01 0.000000e+00
1.527668e-03 1.687126e-04 9.199959e-02 2.625000e+00 5.000000e-01 0.000000e+00
1.248753e-03 1.492624e-04 9.199959e-02 2.675000e+00 5.000000e-01 0.000000e+00
1.160283e-03 1.386909e-04 9.199959e-02 2.725000e+00 5.000000e-01 0.000000e+00
1.203173e-03 1.380254e-04 9.199959e-02 2.775000e+00 5.000000e-01 0.000000e+00
1.178472e-03 1.301526e-04 9.199959e-02 2.825000e+00 5.000000e-01 0.000000e+00
1.563345e-03 1.415624e-04 9.199959e-02 2.875000e+00 5.000000e-01 0.000000e+00
4.269401e-01 3.870421e-03 1.019996e-01 2.500000e-02 5.000000e-01 0.000000e+00
6.126218e-02 1.469495e-03 1.019996e-01 7.500000e-02 5.000000e-01 0.000000e+00
2.343021e-03 2.884067e-04 1.019996e-01 1.250000e-01 5.000000e-01 0.000000e+00
1.773520e-03 2.559863e-04 1.019996e-01 1.750000e-01 5.000000e-01 0.000000e+00
1.104248e-03 2.016077e-04 1.019996e-01 2.250000e-01 5.000000e-01 0.000000e+00
9.520015e-04 1.867033e-04 1.019996e-01 2.750000e-01 5.000000e-01 0.000000e+00
1.754035e-03 2.531738e-04 1.019996e-01 3.250000e-01 5.000000e-01 0.000000e+00
9.322698e-04 1.828335e-04 1.019996e-01 3.750000e-01 5.000000e-01 0.000000e+00
5.794795e-04 1.448704e-04 1.019996e-01 4.250000e-01 5.000000e-01 0.000000e+00
7.084728e-04 1.584198e-04 1.019996e-01 4.750000e-01 5.000000e-01 0.000000e+00
5.622143e-04 1.405541e-04 1.019996e-01 5.250000e-01 5.000000e-01 0.000000e+00
7.114783e-04 1.590918e-04 1.019996e-01 5.750000e-01 5.000000e-01 0.000000e+00
1.233889e-03 2.056491e-04 1.019996e-01 6.250000e-01 5.000000e-01 0.000000e+00
9.489804e-04 1.793408e-04 1.019996e-01 6.750000e-01 5.000000e-01 0.000000e+00
5.763034e-04 1.358366e-04 1.019996e-01 7.250000e-01 5.000000e-01 0.000000e+00
7.979262e-04 1.564869e-04 1.019996e-01 7.750000e-01 5.000000e-01 0.000000e+00
1.207513e-03 1.909256e-04 1.019996e-01 8.250000e-01 5.000000e-01 0.000000e+00
1.016079e-03 1.742568e-04 1.019996e-01 8.750000e-01 5.000000e-01 0.000000e+00
9.973026e-04 1.710367e-04 1.019996e-01 9.250000e-01 5.000000e-01 0.000000e+00
8.949341e-04 1.633926e-04 1.019996e-01 9.750000e-01 5.000000e-01 0.000000e+00
8.817373e-04 1.609834e-04 1.019996e-01 1.025000e+00 5.000000e-01 0.000000e+00
1.350561e-03 1.991301e-04 1.019996e-01 1.075000e+00 5.000000e-01 0.000000e+00
5.595680e-04 1.318921e-04 1.019996e-01 1.125000e+00 5.000000e-01 0.000000e+00
8.807430e-04 1.664456e-04 1.019996e-01 1.175000e+00 5.000000e-01 0.000000e+00
1.201378e-03 1.948902e-04 1.019996e-01 1.225000e+00 5.000000e-01 0.000000e+00
1.391913e-03 2.098401e-04 1.019996e-01 1.275000e+00 5.000000e-01 0.000000e+00
8.105660e-04 1.589657e-04 1.019996e-01 1.325000e+00 5.000000e-01 0.000000e+00
9.814407e-04 1.734966e-04 1.019996e-01 1.375000e+00 5.000000e-01 0.000000e+00
6.592090e-04 1.405447e-04 1.019996e-01 1.425000e+00 5.000000e-01 0.000000e+00
1.281333e-03 1.977161e-04 1.019996e-01 1.475000e+00 5.000000e-01 0.000000e+00
1.245980e-03 1.922606e-04 1.019996e-01 1.525000e+00 5.000000e-01 0.000000e+00
9.978320e-04 1.711280e-04 1.019996e-01 1.575000e+00 5.000000e-01 0.000000e+00
1.418536e-03 2.006131e-04 1.019996e-01 1.625000e+00 5.000000e-01 0.000000e+00
1.925581e-03 2.301531e-04 1.019996e-01 1.675000e+00 5.000000e-01 0.000000e+00
1.409922e-03 1.993950e-04 1.019996e-01 1.725000e+00 5.000000e-01 0.000000e+00
1.888837e-03 2.290580e-04 1.019996e-01 1.775000e+00 5.000000e-01 0.000000e+00
2.029165e-03 2.358886e-04 1.019996e-01 1.825000e+00 5.000000e-01 0.000000e+00
1.660675e-03 2.109082e-04 1.019996e-01 1.875000e+00 5.000000e-01 0.000000e+00
2.163813e-03 2.389563e-04 1.019996e-01 1.925000e+00 5.000000e-01 0.000000e+00
2.170090e-03 2.367800e-04 1.019996e-01 1.975000e+00 5.000000e-01 0.000000e+00
1.982285e-03 2.244536e-04 1.019996e-01 2.025000e+00 5.000000e-01 0.000000e+00
2.131227e-03 2.271928e-04 1.019996e-01 2.075000e+00 5.000000e-01 0.000000e+00
1.536811e-03 1.891718e-04 1.019996e-01 2.125000e+00 5.000000e-01 0.000000e+00
1.689757e-03 1.938314e-04 1.019996e-01 2.175000e+00 5.000000e-01 0.000000e+00
1.141509e-03 1.553437e-04 1.019996e-01 2.225000e+00 5.000000e-01 0.000000e+00
1.441298e-03 1.722723e-04 1.019996e-01 2.275000e+00 5.000000e-01 0.000000e+00
1.591841e-03 1.779781e-04 1.019996e-01 2.325000e+00 5.000000e-01 0.000000e+00
1.344257e-03 1.630191e-04 1.019996e-01 2.375000e+00 5.000000e-01 0.000000e+00
1.239477e-03 1.574176e-04 1.019996e-01 2.425000e+00 5.000000e-01 0.000000e+00
9.865148e-04 1.423954e-04 1.019996e-01 2.475000e+00 5.000000e-01 0.000000e+00
1.164385e-03 1.528981e-04 1.019996e-01 2.525000e+00 5.000000e-01 0.000000e+00
1.157556e-03 1.494455e-04 1.019996e-01 2.575000e+00 5.000000e-01 0.000000e+00
1.160436e-03 1.473821e-04 1.019996e-01 2.625000e+00 5.000000e-01 0.000000e+00
1.215972e-03 1.474679e-04 1.019996e-01 2.675000e+00 5.000000e-01 0.000000e+00
1.162943e-03 1.410392e-04 1.019996e-01 2.725000e+00 5.000000e-01 0.000000e+00
8.138781e-04 1.128738e-04 1.019996e-01 2.775000e+00 5.000000e-01 0.000000e+00
1.547261e-03 1.503017e-04 1.019996e-01 2.825000e+00 5.000000e-01 0.000000e+00
1.358996e-03 1.332777e-04 1.019996e-01 2.875000e+00 5.000000e-01 0.000000e+00
4.161829e-01 3.843352e-03 1.119996e-01 2.500000e-02 5.000000e-01 0.000000e+00
6.848173e-02 1.563691e-03 1.119996e-01 7.500000e-02 5.000000e-01 0.000000e+00
2.144691e-03 2.816125e-04 1.119996e-01 1.250000e-01 5.000000e-01 0.000000e+00
2.371132e-03 2.963923e-04 1.119996e-01 1.750000e-01 5.000000e-01 0.000000e+00
2.135901e-03 2.804581e-04 1.119996e-01 2.250000e-01 5.000000e-01 0.000000e+00
1.257023e-03 2.155782e-04 1.119996e-01 2.750000e-01 5.000000e-01 0.000000e+00
1.441407e-03 2.279069e-04 1.119996e-01 3.250000e-01 5.000000e-01 0.000000e+00
1.098518e-03 2.005616e-04 1.119996e-01 3.750000e-01 5.000000e-01 0.000000e+00
1.066286e-03 1.946766e-04 1.119996e-01 4.250000e-01 5.000000e-01 0.000000e+00
1.217216e-03 2.087513e-04 1.119996e-01 4.750000e-01 5.000000e-01 0.000000e+00
1.262735e-03 2.104565e-04 1.119996e-01 5.250000e-01 5.000000e-01 0.000000e+00
1.018439e-03 1.859414e-04 1.119996e-01 5.750000e-01 5.000000e-01 0.000000e+00
1.333672e-03 2.108728e-04 1.119996e-01 6.250000e-01 5.000000e-01 0.000000e+00
1.389708e-03 2.095070e-04 1.119996e-01 6.750000e-01 5.000000e-01 0.000000e+00
9.231599e-04 1.685458e-04 1.119996e-01 7.250000e-01 5.000000e-01 0.000000e+00
1.408211e-03 2.076303e-04 1.119996e-01 7.750000e-01 5.000000e-01 0.000000e+00
9.680263e-04 1.711253e-04 1.119996e-01 8.250000e-01 5.000000e-01 0.000000e+00
1.125727e-03 1.826180e-04 1.119996e-01 8.750000e-01 5.000000e-01 0.000000e+00
9.058584e-04 1.653866e-04 1.119996e-01 9.250000e-01 5.000000e-01 0.000000e+00
1.251068e-03 1.930449e-04 1.119996e-01 9.750000e-01 5.000000e-01 0.000000e+00
9.270153e-04 1.692498e-04 1.119996e-01 1.025000e+00 5.000000e-01 0.000000e+00
8.444221e-04 1.656053e-04 1.119996e-01 1.075000e+00 5.000000e-01 0.000000e+00
1.153083e-03 1.921815e-04 1.119996e-01 1.125000e+00 5.000000e-01 0.000000e+00
8.295435e-04 1.626880e-04 1.119996e-01 1.175000e+00 5.000000e-01 0.000000e+00
1.150815e-03 1.918037e-04 1.119996e-01 1.225000e+00 5.000000e-01 0.000000e+00
9.439542e-04 1.723432e-04 1.119996e-01 1.275000e+00 5.000000e-01 0.000000e+00
6.202209e-04 1.386864e-04 1.119996e-01 1.325000e+00 5.000000e-01 0.000000e+00
1.364214e-03 2.056650e-04 1.119996e-01 1.375000e+00 5.000000e-01 0.000000e+00
1.032834e-03 1.771309e-04 1.119996e-01 1.425000e+00 5.000000e-01 0.000000e+00
7.177497e-04 1.465114e-04 1.119996e-01 1.475000e+00 5.000000e-01 0.000000e+00
1.666236e-03 2.226618e-04 1.119996e-01 1.525000e+00 5.000000e-01 0.000000e+00
1.441040e-03 2.037951e-04 1.119996e-01 1.575000e+00 5.000000e-01 0.000000e+00
1.011985e-03 1.686656e-04 1.119996e-01 1.625000e+00 5.000000e-01 0.000000e+00
9.755907e-04 1.673137e-04 1.119996e-01 1.675000e+00 5.000000e-01 0.000000e+00
1.687301e-03 2.178310e-04 1.119996e-01 1.725000e+00 5.000000e-01 0.000000e+00
1.773936e-03 2.217447e-04 1.119996e-01 1.775000e+00 5.000000e-01 0.000000e+00
2.031343e-03 2.361409e-04 1.119996e-01 1.825000e+00 5.000000e-01 0.000000e+00
1.844792e-03 2.237162e-04 1.119996e-01 1.875000e+00 5.000000e-01 0.000000e+00
1.712874e-03 2.141116e-04 1.119996e-01 1.925000e+00 5.000000e-01 0.000000e+00
1.831704e-03 2.189343e-04 1.119996e-01 1.975000e+00 5.000000e-01 0.000000e+00
1.839629e-03 2.168046e-04 1.119996e-01 2.025000e+00 5.000000e-01 0.000000e+00
1.755899e-03 2.098736e-04 1.119996e-01 2.075000e+00 5.000000e-01 0.000000e+00
2.007743e-03 2.217226e-04 1.119996e-01 2.125000e+00 5.000000e-01 0.000000e+00
1.528552e-03 1.881555e-04 1.119996e-01 2.175000e+00 5.000000e-01 0.000000e+00
1.448163e-03 1.782604e-04 1.119996e-01 2.225000e+00 5.000000e-01 0.000000e+00
1.613358e-03 1.826816e-04 1.119996e-01 2.275000e+00 5.000000e-01 0.000000e+00
1.197709e-03 1.546279e-04 1.119996e-01 2.325000e+00 5.000000e-01 0.000000e+00
1.448562e-03 1.683971e-04 1.119996e-01 2.375000e+00 5.000000e-01 0.000000e+00
1.157312e-03 1.494120e-04 1.119996e-01 2.425000e+00 5.000000e-01 0.000000e+00
1.566456e-03 1.751416e-04 1.119996e-01 2.475000e+00 5.000000e-01 0.000000e+00
1.037604e-03 1.438951e-04 1.119996e-01 2.525000e+00 5.000000e-01 0.000000e+00
8.160383e-04 1.259228e-04 1.119996e-01 2.575000e+00 5.000000e-01 0.000000e+00
8.574472e-04 1.264306e-04 1.119996e-01 2.625000e+00 5.000000e-01 0.000000e+00
1.150430e-03 1.438138e-04 1.119996e-01 2.675000e+00 5.000000e-01 0.000000e+00
1.169408e-03 1.418192e-04 1.119996e-01 2.725000e+00 5.000000e-01 0.000000e+00
1.105809e-03 1.341082e-04 1.119996e-01 2.775000e+00 5.000000e-01 0.000000e+00
1.288173e-03 1.373320e-04 1.119996e-01 2.825000e+00 5.000000e-01 0.000000e+00
1.070495e-03 1.197031e-04 1.119996e-01 2.875000e+00 5.000000e-01 0.000000e+00
4.299438e-01 3.952606e-03 1.219996e-01 2.500000e-02 5.000000e-01 0.000000e+00
6.362905e-02 1.539615e-03 1.219996e-01 7.500000e-02 5.000000e-01 0.000000e+00
2.527226e-03 3.064719e-04 1.219996e-01 1.250000e-01 5.000000e-01 0.000000e+00
1.859582e-03 2.629851e-04 1.219996e-01 1.750000e-01 5.000000e-01 0.000000e+00
2.011566e-03 2.737403e-04 1.219996e-01 2.250000e-01 5.000000e-01 0.000000e+00
1.095319e-03 1.999777e-04 1.219996e-01 2.750000e-01 5.000000e-01 0.000000e+00
1.778323e-03 2.566793e-04 1.219996e-01 3.250000e-01 5.000000e-01 0.000000e+00
1.005424e-03 1.900078e-04 1.219996e-01 3.750000e-01 5.000000e-01 0.000000e+00
6.503702e-04 1.532942e-04 1.219996e-01 4.250000e-01 5.000000e-01 0.000000e+00
1.109616e-03 1.961547e-04 1.219996e-01 4.750000e-01 5.000000e-01 0.000000e+00
9.418343e-04 1.779905e-04 1.219996e-01 5.250000e-01 5.000000e-01 0.000000e+00
7.140326e-04 1.522327e-04 1.219996e-01 5.750000e-01 5.000000e-01 0.000000e+00
8.131974e-04 1.594816e-04 1.219996e-01 6.250000e-01 5.000000e-01 0.000000e+00
1.057638e-03 1.813843e-04 1.219996e-01 6.750000e-01 5.000000e-01 0.000000e+00
1.302857e-03 2.010360e-04 1.219996e-01 7.250000e-01 5.000000e-01 0.000000e+00
1.037060e-03 1.778549e-04 1.219996e-01 7.750000e-01 5.000000e-01 0.000000e+00
1.028961e-03 1.764662e-04 1.219996e-01 8.250000e-01 5.000000e-01 0.000000e+00
7.899440e-04 1.549213e-04 1.219996e-01 8.750000e-01 5.000000e-01 0.000000e+00
1.101432e-03 1.835726e-04 1.219996e-01 9.250000e-01 5.000000e-01 0.000000e+00
7.187396e-04 1.532368e-04 1.219996e-01 9.750000e-01 5.000000e-01 0.000000e+00
1.124376e-03 1.928295e-04 1.219996e-01 1.025000e+00 5.000000e-01 0.000000e+00
7.852041e-04 1.602798e-04 1.219996e-01 1.075000e+00 5.000000e-01 0.000000e+00
6.501030e-04 1.453685e-04 1.219996e-01 1.125000e+00 5.000000e-01 0.000000e+00
9.568284e-04 1.746933e-04 1.219996e-01 1.175000e+00 5.000000e-01 0.000000e+00
7.010967e-04 1.494752e-04 1.219996e-01 1.225000e+00 5.000000e-01 0.000000e+00
9.476272e-04 1.730128e-04 1.219996e-01 1.275000e+00 5.000000e-01 0.000000e+00
1.069791e-03 1.834686e-04 1.219996e-01 1.325000e+00 5.000000e-01 0.000000e+00
8.570155e-04 1.619614e-04 1.219996e-01 1.375000e+00 5.000000e-01 0.000000e+00
9.696615e-04 1.714150e-04 1.219996e-01 1.425000e+00 5.000000e-01 0.000000e+00
9.721887e-04 1.718620e-04 1.219996e-01 1.475000e+00 5.000000e-01 0.000000e+00
1.256873e-03 1.894819e-04 1.219996e-01 1.525000e+00 5.000000e-01 0.000000e+00
1.100292e-03 1.784932e-04 1.219996e-01 1.575000e+00 5.000000e-01 0.000000e+00
1.505881e-03 2.088301e-04 1.219996e-01 1.625000e+00 5.000000e-01 0.000000e+00
1.554631e-03 2.115606e-04 1.219996e-01 1.675000e+00 5.000000e-01 0.000000e+00
1.600722e-03 2.139078e-04 1.219996e-01 1.725000e+00 5.000000e-01 0.000000e+00
1.559080e-03 2.083431e-04 1.219996e-01 1.775000e+00 5.000000e-01 0.000000e+00
1.635930e-03 2.111991e-04 1.219996e-01 1.825000e+00 5.000000e-01 0.000000e+00
1.947062e-03 2.294658e-04 1.219996e-01 1.875000e+00 5.000000e-01 0.000000e+00
1.634865e-03 2.076310e-04 1.219996e-01 1.925000e+00 5.000000e-01 0.000000e+00
1.709778e-03 2.104607e-04 1.219996e-01 1.975000e+00 5.000000e-01 0.000000e+00
2.361944e-03 2.462535e-04 1.219996e-01 2.025000e+00 5.000000e-01 0.000000e+00
1.913321e-03 2.194752e-04 1.219996e-01 2.075000e+00 5.000000e-01 0.000000e+00
1.940415e-03 2.197123e-04 1.219996e-01 2.125000e+00 5.000000e-01 0.000000e+00
1.092784e-03 1.611251e-04 1.219996e-01 2.175000e+00 5.000000e-01 0.000000e+00
1.642484e-03 1.935735e-04 1.219996e-01 2.225000e+00 5.000000e-01 0.000000e+00
1.690324e-03 1.913965e-04 1.219996e-01 2.275000e+00 5.000000e-01 0.000000e+00
1.664348e-03 1.838003e-04 1.219996e-01 2.325000e+00 5.000000e-01 0.000000e+00
1.250218e-03 1.562820e-04 1.219996e-01 2.375000e+00 5.000000e-01 0.000000e+00
1.452134e-03 1.665761e-04 1.219996e-01 2.425000e+00 5.000000e-01 0.000000e+00
1.506630e-03 1.684540e-04 1.219996e-01 2.475000e+00 5.000000e-01 0.000000e+00
8.815626e-04 1.299846e-04 1.219996e-01 2.525000e+00 5.000000e-01 0.000000e+00
1.401196e-03 1.651391e-04 1.219996e-01 2.575000e+00 5.000000e-01 0.000000e+00
1.127907e-03 1.456184e-04 1.219996e-01 2.625000e+00 5.000000e-01 0.000000e+00
1.488102e-03 1.643414e-04 1.219996e-01 2.675000e+00 5.000000e-01 0.000000e+00
1.175957e-03 1.426181e-04 1.219996e-01 2.725000e+00 5.000000e-01 0.000000e+00
1.118203e-03 1.356141e-04 1.219996e-01 2.775000e+00 5.000000e-01 0.000000e+00
6.994005e-04 1.031289e-04 1.219996e-01 2.825000e+00 5.000000e-01 0.000000e+00
1.212885e-03 1.278651e-04 1.219996e-01 2.875000e+00 5.000000e-01 0.000000e+00
4.133266e-01 3.951354e-03 1.319996e-01 2.500000e-02 5.000000e-01 0.000000e+00
7.032259e-02 1.617575e-03 1.319996e-01 7.500000e-02 5.000000e-01 0.000000e+00
2.324774e-03 2.952474e-04 1.319996e-01 1.250000e-01 5.000000e-01 0.000000e+00
1.934131e-03 2.682165e-04 1.319996e-01 1.750000e-01 5.000000e-01 0.000000e+00
1.552433e-03 2.395462e-04 1.319996e-01 2.250000e-01 5.000000e-01 0.000000e+00
1.115873e-03 2.037302e-04 1.319996e-01 2.750000e-01 5.000000e-01 0.000000e+00
8.689294e-04 1.773699e-04 1.319996e-01 3.250000e-01 5.000000e-01 0.000000e+00
1.227700e-03 2.105494e-04 1.319996e-01 3.750000e-01 5.000000e-01 0.000000e+00
8.858067e-04 1.737215e-04 1.319996e-01 4.250000e-01 5.000000e-01 0.000000e+00
7.311627e-04 1.558848e-04 1.319996e-01 4.750000e-01 5.000000e-01 0.000000e+00
5.714656e-04 1.346960e-04 1.319996e-01 5.250000e-01 5.000000e-01 0.000000e+00
8.194717e-04 1.607122e-04 1.319996e-01 5.750000e-01 5.000000e-01 0.000000e+00
6.922802e-04 1.475952e-04 1.319996e-01 6.250000e-01 5.000000e-01 0.000000e+00
8.740809e-04 1.651863e-04 1.319996e-01 6.750000e-01 5.000000e-01 0.000000e+00
9.879434e-04 1.746459e-04 1.319996e-01 7.250000e-01 5.000000e-01 0.000000e+00
6.770203e-04 1.443419e-04 1.319996e-01 7.750000e-01 5.000000e-01 0.000000e+00
6.184425e-04 1.382884e-04 1.319996e-01 8.250000e-01 5.000000e-01 0.000000e+00
8.349683e-04 1.637512e-04 1.319996e-01 8.750000e-01 5.000000e-01 0.000000e+00
6.755932e-04 1.510678e-04 1.319996e-01 9.250000e-01 5.000000e-01 0.000000e+00
7.954517e-04 1.623717e-04 1.319996e-01 9.750000e-01 5.000000e-01 0.000000e+00
8.762877e-04 1.718550e-04 1.319996e-01 1.025000e+00 5.000000e-01 0.000000e+00
7.901209e-04 1.612834e-04 1.319996e-01 1.075000e+00 5.000000e-01 0.000000e+00
7.061105e-04 1.505441e-04 1.319996e-01 1.125000e+00 5.000000e-01 0.000000e+00
9.717858e-04 1.774238e-04 1.319996e-01 1.175000e+00 5.000000e-01 0.000000e+00
8.310540e-04 1.629840e-04 1.319996e-01 1.225000e+00 5.000000e-01 0.000000e+00
7.619474e-04 1.555326e-04 1.319996e-01 1.275000e+00 5.000000e-01 0.000000e+00
5.627732e-04 1.326476e-04 1.319996e-01 1.325000e+00 5.000000e-01 0.000000e+00
8.665300e-04 1.637605e-04 1.319996e-01 1.375000e+00 5.000000e-01 0.000000e+00
8.958700e-04 1.635639e-04 1.319996e-01 1.425000e+00 5.000000e-01 0.000000e+00
6.953278e-04 1.419346e-04 1.319996e-01 1.475000e+00 5.000000e-01 0.000000e+00
1.625208e-03 2.211643e-04 1.319996e-01 1.525000e+00 5.000000e-01 0.000000e+00
9.464358e-04 1.673089e-04 1.319996e-01 1.575000e+00 5.000000e-01 0.000000e+00
1.625397e-03 2.172050e-04 1.319996e-01 1.625000e+00 5.000000e-01 0.000000e+00
1.377338e-03 1.988036e-04 1.319996e-01 1.675000e+00 5.000000e-01 0.000000e+00
1.084673e-03 1.759587e-04 1.319996e-01 1.725000e+00 5.000000e-01 0.000000e+00
1.969457e-03 2.353975e-04 1.319996e-01 1.775000e+00 5.000000e-01 0.000000e+00
1.709175e-03 2.170680e-04 1.319996e-01 1.825000e+00 5.000000e-01 0.000000e+00
1.787436e-03 2.200200e-04 1.319996e-01 1.875000e+00 5.000000e-01 0.000000e+00
1.937957e-03 2.252851e-04 1.319996e-01 1.925000e+00 5.000000e-01 0.000000e+00
1.992306e-03 2.285368e-04 1.319996e-01 1.975000e+00 5.000000e-01 0.000000e+00
1.738529e-03 2.108301e-04 1.319996e-01 2.025000e+00 5.000000e-01 0.000000e+00
1.670652e-03 2.056476e-04 1.319996e-01 2.075000e+00 5.000000e-01 0.000000e+00
1.484291e-03 1.916238e-04 1.319996e-01 2.125000e+00 5.000000e-01 0.000000e+00
1.403165e-03 1.842484e-04 1.319996e-01 2.175000e+00 5.000000e-01 0.000000e+00
1.463659e-03 1.858889e-04 1.319996e-01 2.225000e+00 5.000000e-01 0.000000e+00
1.296428e-03 1.702329e-04 1.319996e-01 2.275000e+00 5.000000e-01 0.000000e+00
1.183337e-03 1.581339e-04 1.319996e-01 2.325000e+00 5.000000e-01 0.000000e+00
1.353946e-03 1.641951e-04 1.319996e-01 2.375000e+00 5.000000e-01 0.000000e+00
1.306695e-03 1.584640e-04 1.319996e-01 2.425000e+00 5.000000e-01 0.000000e+00
1.260026e-03 1.528058e-04 1.319996e-01 2.475000e+00 5.000000e-01 0.000000e+00
8.833935e-04 1.275115e-04 1.319996e-01 2.525000e+00 5.000000e-01 0.000000e+00
1.041210e-03 1.391440e-04 1.319996e-01 2.575000e+00 5.000000e-01 0.000000e+00
1.053634e-03 1.408083e-04 1.319996e-01 2.625000e+00 5.000000e-01 0.000000e+00
1.161628e-03 1.452124e-04 1.319996e-01 2.675000e+00 5.000000e-01 0.000000e+00
1.386475e-03 1.550226e-04 1.319996e-01 2.725000e+00 5.000000e-01 0.000000e+00
1.323588e-03 1.479900e-04 1.319996e-01 2.775000e+00 5.000000e-01 0.000000e+00
1.151743e-03 1.338989e-04 1.319996e-01 2.825000e+00 5.000000e-01 0.000000e+00
1.297224e-03 1.338133e-04 1.319996e-01 2.875000e+00 5.000000e-01 0.000000e+00
4.287735e-01 4.009164e-03 1.419995e-01 2.500000e-02 5.000000e-01 0.000000e+00
6.793120e-02 1.602046e-03 1.419995e-01 7.500000e-02 5.000000e-01 0.000000e+00
3.784907e-03 3.747627e-04 1.419995e-01 1.250000e-01 5.000000e-01 0.000000e+00
1.651498e-03 2.489734e-04 1.419995e-01 1.750000e-01 5.000000e-01 0.000000e+00
1.565827e-03 2.416129e-04 1.419995e-01 2.250000e-01 5.000000e-01 0.000000e+00
1.450070e-03 2.292767e-04 1.419995e-01 2.750000e-01 5.000000e-01 0.000000e+00
1.142606e-03 2.019867e-04 1.419995e-01 3.250000e-01 5.000000e-01 0.000000e+00
1.404743e-03 2.167571e-04 1.419995e-01 3.750000e-01 5.000000e-01 0.000000e+00
5.905380e-04 1.391915e-04 1.419995e-01 4.250000e-01 5.000000e-01 0.000000e+00
1.140420e-03 1.900705e-04 1.419995e-01 4.750000e-01 5.000000e-01 0.000000e+00
1.076540e-03 1.846256e-04 1.419995e-01 5.250000e-01 5.000000e-01 0.000000e+00
1.006941e-03 1.780043e-04 1.419995e-01 5.750000e-01 5.000000e-01 0.000000e+00
1.007307e-03 1.780689e-04 1.419995e-01 6.250000e-01 5.000000e-01 0.000000e+00
7.546623e-04 1.540454e-04 1.419995e-01 6.750000e-01 5.000000e-01 0.000000e+00
1.322724e-03 2.041015e-04 1.419995e-01 7.250000e-01 5.000000e-01 0.000000e+00
1.550434e-03 2.237869e-04 1.419995e-01 7.750000e-01 5.000000e-01 0.000000e+00
1.015631e-03 1.854287e-04 1.419995e-01 8.250000e-01 5.000000e-01 0.000000e+00
1.152485e-03 1.976506e-04 1.419995e-01 8.750000e-01 5.000000e-01 0.000000e+00
1.537122e-03 2.266370e-04 1.419995e-01 9.250000e-01 5.000000e-01 0.000000e+00
1.020591e-03 1.863345e-04 1.419995e-01 9.750000e-01 5.000000e-01 0.000000e+00
1.531186e-03 2.257618e-04 1.419995e-01 1.025000e+00 5.000000e-01 0.000000e+00
1.119416e-03 1.919792e-04 1.419995e-01 1.075000e+00 5.000000e-01 0.000000e+00
6.558527e-04 1.466534e-04 1.419995e-01 1.125000e+00 5.000000e-01 0.000000e+00
1.274351e-03 2.014934e-04 1.419995e-01 1.175000e+00 5.000000e-01 0.000000e+00
8.336482e-04 1.634929e-04 1.419995e-01 1.225000e+00 5.000000e-01 0.000000e+00
7.030186e-04 1.498849e-04 1.419995e-01 1.275000e+00 5.000000e-01 0.000000e+00
7.524251e-04 1.535892e-04 1.419995e-01 1.325000e+00 5.000000e-01 0.000000e+00
1.011538e-03 1.734784e-04 1.419995e-01 1.375000e+00 5.000000e-01 0.000000e+00
1.140868e-03 1.850740e-04 1.419995e-01 1.425000e+00 5.000000e-01 0.000000e+00
8.542557e-04 1.614402e-04 1.419995e-01 1.475000e+00 5.000000e-01 0.000000e+00
1.321987e-03 1.992993e-04 1.419995e-01 1.525000e+00 5.000000e-01 0.000000e+00
1.004517e-03 1.722746e-04 1.419995e-01 1.575000e+00 5.000000e-01 0.000000e+00
1.522064e-03 2.110741e-04 1.419995e-01 1.625000e+00 5.000000e-01 0.000000e+00
1.212302e-03 1.870642e-04 1.419995e-01 1.675000e+00 5.000000e-01 0.000000e+00
1.248772e-03 1.882612e-04 1.419995e-01 1.725000e+00 5.000000e-01 0.000000e+00
1.957396e-03 2.339553e-04 1.419995e-01 1.775000e+00 5.000000e-01 0.000000e+00
1.306644e-03 1.885998e-04 1.419995e-01 1.825000e+00 5.000000e-01 0.000000e+00
1.200294e-03 1.809532e-04 1.419995e-01 1.875000e+00 5.000000e-01 0.000000e+00
2.562092e-03 2.614957e-04 1.419995e-01 1.925000e+00 5.000000e-01 0.000000e+00
1.482811e-03 1.981517e-04 1.419995e-01 1.975000e+00 5.000000e-01 0.000000e+00
1.492865e-03 1.960250e-04 1.419995e-01 2.025000e+00 5.000000e-01 0.000000e+00
1.732438e-03 2.100915e-04 1.419995e-01 2.075000e+00 5.000000e-01 0.000000e+00
2.081980e-03 2.271671e-04 1.419995e-01 2.125000e+00 5.000000e-01 0.000000e+00
1.618412e-03 1.992159e-04 1.419995e-01 2.175000e+00 5.000000e-01 0.000000e+00
1.867237e-03 2.114272e-04 1.419995e-01 2.225000e+00 5.000000e-01 0.000000e+00
1.564219e-03 1.896941e-04 1.419995e-01 2.275000e+00 5.000000e-01 0.000000e+00
1.761381e-03 1.969353e-04 1.419995e-01 2.325000e+00 5.000000e-01 0.000000e+00
1.244366e-03 1.606526e-04 1.419995e-01 2.375000e+00 5.000000e-01 0.000000e+00
1.048822e-03 1.427301e-04 1.419995e-01 2.425000e+00 5.000000e-01 0.000000e+00
1.044584e-03 1.395941e-04 1.419995e-01 2.475000e+00 5.000000e-01 0.000000e+00
1.230206e-03 1.491922e-04 1.419995e-01 2.525000e+00 5.000000e-01 0.000000e+00
1.249669e-03 1.493697e-04 1.419995e-01 2.575000e+00 5.000000e-01 0.000000e+00
1.485329e-03 1.640360e-04 1.419995e-01 2.625000e+00 5.000000e-01 0.000000e+00
1.461376e-03 1.633952e-04 1.419995e-01 2.675000e+00 5.000000e-01 0.000000e+00
1.256078e-03 1.480436e-04 1.419995e-01 2.725000e+00 5.000000e-01 0.000000e+00
1.163786e-03 1.391102e-04 1.419995e-01 2.775000e+00 5.000000e-01 0.000000e+00
6.934554e-04 1.045536e-04 1.419995e-01 2.825000e+00 5.000000e-01 0.000000e+00
1.248060e-03 1.346045e-04 1.419995e-01 2.875000e+00 5.000000e-01 0.000000e+00
4.391253e-01 4.086708e-03 1.519995e-01 2.500000e-02 5.000000e-01 0.000000e+00
7.309578e-02 1.655295e-03 1.519995e-01 7.500000e-02 5.000000e-01 0.000000e+00
3.325359e-03 3.544852e-04 1.519995e-01 1.250000e-01 5.000000e-01 0.000000e+00
2.002801e-03 2.725473e-04 1.519995e-01 1.750000e-01 5.000000e-01 0.000000e+00
1.590732e-03 2.398126e-04 1.519995e-01 2.250000e-01 5.000000e-01 0.000000e+00
1.461750e-03 2.255533e-04 1.519995e-01 2.750000e-01 5.000000e-01 0.000000e+00
1.261856e-03 2.047005e-04 1.519995e-01 3.250000e-01 5.000000e-01 0.000000e+00
1.315370e-03 2.079791e-04 1.519995e-01 3.750000e-01 5.000000e-01 0.000000e+00
1.024303e-03 1.810736e-04 1.519995e-01 4.250000e-01 5.000000e-01 0.000000e+00
6.447484e-04 1.441706e-04 1.519995e-01 4.750000e-01 5.000000e-01 0.000000e+00
9.472455e-04 1.729432e-04 1.519995e-01 5.250000e-01 5.000000e-01 0.000000e+00
1.145896e-03 1.909832e-04 1.519995e-01 5.750000e-01 5.000000e-01 0.000000e+00
8.326494e-04 1.632967e-04 1.519995e-01 6.250000e-01 5.000000e-01 0.000000e+00
7.795743e-04 1.591305e-04 1.519995e-01 6.750000e-01 5.000000e-01 0.000000e+00
7.466498e-04 1.591869e-04 1.519995e-01 7.250000e-01 5.000000e-01 0.000000e+00
8.971858e-04 1.759530e-04 1.519995e-01 7.750000e-01 5.000000e-01 0.000000e+00
1.849788e-03 2.517251e-04 1.519995e-01 8.250000e-01 5.000000e-01 0.000000e+00
1.019271e-03 1.860935e-04 1.519995e-01 8.750000e-01 5.000000e-01 0.000000e+00
9.427227e-04 1.781584e-04 1.519995e-01 9.250000e-01 5.000000e-01 0.000000e+00
8.075633e-04 1.648441e-04 1.519995e-01 9.750000e-01 5.000000e-01 0.000000e+00
8.111131e-04 1.655689e-04 1.519995e-01 1.025000e+00 5.000000e-01 0.000000e+00
5.909742e-04 1.392944e-04 1.519995e-01 1.075000e+00 5.000000e-01 0.000000e+00
7.823537e-04 1.596984e-04 1.519995e-01 1.125000e+00 5.000000e-01 0.000000e+00
1.035284e-03 1.830151e-04 1.519995e-01 1.175000e+00 5.000000e-01 0.000000e+00
1.017359e-03 1.798467e-04 1.519995e-01 1.225000e+00 5.000000e-01 0.000000e+00
6.902845e-04 1.471701e-04 1.519995e-01 1.275000e+00 5.000000e-01 0.000000e+00
9.757729e-04 1.724952e-04 1.519995e-01 1.325000e+00 5.000000e-01 0.000000e+00
9.840737e-04 1.739625e-04 1.519995e-01 1.375000e+00 5.000000e-01 0.000000e+00
7.995804e-04 1.568116e-04 1.519995e-01 1.425000e+00 5.000000e-01 0.000000e+00
1.033389e-03 1.772253e-04 1.519995e-01 1.475000e+00 5.000000e-01 0.000000e+00
1.092266e-03 1.820457e-04 1.519995e-01 1.525000e+00 5.000000e-01 0.000000e+00
2.187159e-03 2.542543e-04 1.519995e-01 1.575000e+00 5.000000e-01 0.000000e+00
7.612849e-04 1.493013e-04 1.519995e-01 1.625000e+00 5.000000e-01 0.000000e+00
1.460776e-03 2.065872e-04 1.519995e-01 1.675000e+00 5.000000e-01 0.000000e+00
1.656641e-03 2.175302e-04 1.519995e-01 1.725000e+00 5.000000e-01 0.000000e+00
1.726178e-03 2.192269e-04 1.519995e-01 1.775000e+00 5.000000e-01 0.000000e+00
1.537362e-03 2.054401e-04 1.519995e-01 1.825000e+00 5.000000e-01 0.000000e+00
1.589706e-03 2.087404e-04 1.519995e-01 1.875000e+00 5.000000e-01 0.000000e+00
2.031241e-03 2.330014e-04 1.519995e-01 1.925000e+00 5.000000e-01 0.000000e+00
1.640196e-03 2.083084e-04 1.519995e-01 1.975000e+00 5.000000e-01 0.000000e+00
1.714638e-03 2.110601e-04 1.519995e-01 2.025000e+00 5.000000e-01 0.000000e+00
1.587311e-03 2.015919e-04 1.519995e-01 2.075000e+00 5.000000e-01 0.000000e+00
1.803805e-03 2.125847e-04 1.519995e-01 2.125000e+00 5.000000e-01 0.000000e+00
1.814588e-03 2.109463e-04 1.519995e-01 2.175000e+00 5.000000e-01 0.000000e+00
1.289769e-03 1.755182e-04 1.519995e-01 2.225000e+00 5.000000e-01 0.000000e+00
1.217230e-03 1.688026e-04 1.519995e-01 2.275000e+00 5.000000e-01 0.000000e+00
1.586459e-03 1.896220e-04 1.519995e-01 2.325000e+00 5.000000e-01 0.000000e+00
1.585927e-03 1.843667e-04 1.519995e-01 2.375000e+00 5.000000e-01 0.000000e+00
1.050341e-03 1.456595e-04 1.519995e-01 2.425000e+00 5.000000e-01 0.000000e+00
1.096554e-03 1.439887e-04 1.519995e-01 2.475000e+00 5.000000e-01 0.000000e+00
1.382732e-03 1.586178e-04 1.519995e-01 2.525000e+00 5.000000e-01 0.000000e+00
1.192500e-03 1.446191e-04 1.519995e-01 2.575000e+00 5.000000e-01 0.000000e+00
1.113193e-03 1.391566e-04 1.519995e-01 2.625000e+00 5.000000e-01 0.000000e+00
1.200529e-03 1.455922e-04 1.519995e-01 2.675000e+00 5.000000e-01 0.000000e+00
8.083761e-04 1.191957e-04 1.519995e-01 2.725000e+00 5.000000e-01 0.000000e+00
1.239806e-03 1.441390e-04 1.519995e-01 2.775000e+00 5.000000e-01 0.000000e+00
1.017268e-03 1.271741e-04 1.519995e-01 2.825000e+00 5.000000e-01 0.000000e+00
8.595901e-04 1.128840e-04 1.519995e-01 2.875000e+00 5.000000e-01 0.000000e+00
4.553480e-01 4.150872e-03 1.619995e-01 2.500000e-02 5.000000e-01 0.000000e+00
6.596470e-02 1.571481e-03 1.619995e-01 7.500000e-02 5.000000e-01 0.000000e+00
3.634574e-03 3.634585e-04 1.619995e-01 1.250000e-01 5.000000e-01 0.000000e+00
1.418092e-03 2.242208e-04 1.619995e-01 1.750000e-01 5.000000e-01 0.000000e+00
1.621887e-03 2.340999e-04 1.619995e-01 2.250000e-01 5.000000e-01 0.000000e+00
1.530638e-03 2.256809e-04 1.619995e-01 2.750000e-01 5.000000e-01 0.000000e+00
1.120187e-03 1.921110e-04 1.619995e-01 3.250000e-01 5.000000e-01 0.000000e+00
1.693603e-03 2.348609e-04 1.619995e-01 3.750000e-01 5.000000e-01 0.000000e+00
1.235901e-03 2.004902e-04 1.619995e-01 4.250000e-01 5.000000e-01 0.000000e+00
7.602043e-04 1.551765e-04 1.619995e-01 4.750000e-01 5.000000e-01 0.000000e+00
6.431937e-04 1.438228e-04 1.619995e-01 5.250000e-01 5.000000e-01 0.000000e+00
6.516268e-04 1.457089e-04 1.619995e-01 5.750000e-01 5.000000e-01 0.000000e+00
6.129815e-04 1.444817e-04 1.619995e-01 6.250000e-01 5.000000e-01 0.000000e+00
7.798058e-04 1.662555e-04 1.619995e-01 6.750000e-01 5.000000e-01 0.000000e+00
9.104383e-04 1.785525e-04 1.619995e-01 7.250000e-01 5.000000e-01 0.000000e+00
7.016387e-04 1.568918e-04 1.619995e-01 7.750000e-01 5.000000e-01 0.000000e+00
1.237617e-03 2.062703e-04 1.619995e-01 8.250000e-01 5.000000e-01 0.000000e+00
1.562633e-03 2.303984e-04 1.619995e-01 8.750000e-01 5.000000e-01 0.000000e+00
1.093422e-03 1.932924e-04 1.619995e-01 9.250000e-01 5.000000e-01 0.000000e+00
1.151709e-03 1.975173e-04 1.619995e-01 9.750000e-01 5.000000e-01 0.000000e+00
1.213806e-03 2.023021e-04 1.619995e-01 1.025000e+00 5.000000e-01 0.000000e+00
7.307248e-04 1.557918e-04 1.619995e-01 1.075000e+00 5.000000e-01 0.000000e+00
9.161740e-04 1.731414e-04 1.619995e-01 1.125000e+00 5.000000e-01 0.000000e+00
6.430816e-04 1.437979e-04 1.619995e-01 1.175000e+00 5.000000e-01 0.000000e+00
9.946963e-04 1.758407e-04 1.619995e-01 1.225000e+00 5.000000e-01 0.000000e+00
6.887637e-04 1.468461e-04 1.619995e-01 1.275000e+00 5.000000e-01 0.000000e+00
1.204945e-03 1.954693e-04 1.619995e-01 1.325000e+00 5.000000e-01 0.000000e+00
1.002994e-03 1.773070e-04 1.619995e-01 1.375000e+00 5.000000e-01 0.000000e+00
9.777158e-04 1.728382e-04 1.619995e-01 1.425000e+00 5.000000e-01 0.000000e+00
9.140930e-04 1.668910e-04 1.619995e-01 1.475000e+00 5.000000e-01 0.000000e+00
8.561507e-04 1.617986e-04 1.619995e-01 1.525000e+00 5.000000e-01 0.000000e+00
1.008262e-03 1.729169e-04 1.619995e-01 1.575000e+00 5.000000e-01 0.000000e+00
9.930550e-04 1.703086e-04 1.619995e-01 1.625000e+00 5.000000e-01 0.000000e+00
1.623699e-03 2.169776e-04 1.619995e-01 1.675000e+00 5.000000e-01 0.000000e+00
1.241505e-03 1.871655e-04 1.619995e-01 1.725000e+00 5.000000e-01 0.000000e+00
1.525576e-03 2.076067e-04 1.619995e-01 1.775000e+00 5.000000e-01 0.000000e+00
1.385453e-03 1.959352e-04 1.619995e-01 1.825000e+00 5.000000e-01 0.000000e+00
1.474101e-03 2.006023e-04 1.619995e-01 1.875000e+00 5.000000e-01 0.000000e+00
1.784974e-03 2.197174e-04 1.619995e-01 1.925000e+00 5.000000e-01 0.000000e+00
1.696444e-03 2.120586e-04 1.619995e-01 1.975000e+00 5.000000e-01 0.000000e+00
1.833476e-03 2.191460e-04 1.619995e-01 2.025000e+00 5.000000e-01 0.000000e+00
1.330221e-03 1.844724e-04 1.619995e-01 2.075000e+00 5.000000e-01 0.000000e+00
2.009121e-03 2.246308e-04 1.619995e-01 2.125000e+00 5.000000e-01 0.000000e+00
1.526339e-03 1.938496e-04 1.619995e-01 2.175000e+00 5.000000e-01 0.000000e+00
1.152134e-03 1.663000e-04 1.619995e-01 2.225000e+00 5.000000e-01 0.000000e+00
1.649558e-03 1.971631e-04 1.619995e-01 2.275000e+00 5.000000e-01 0.000000e+00
1.334475e-03 1.752299e-04 1.619995e-01 2.325000e+00 5.000000e-01 0.000000e+00
1.323830e-03 1.709117e-04 1.619995e-01 2.375000e+00 5.000000e-01 0.000000e+00
1.587405e-03 1.820961e-04 1.619995e-01 2.425000e+00 5.000000e-01 0.000000e+00
1.384410e-03 1.654750e-04 1.619995e-01 2.475000e+00 5.000000e-01 0.000000e+00
1.506553e-03 1.663782e-04 1.619995e-01 2.525000e+00 5.000000e-01 0.000000e+00
1.058158e-03 1.366146e-04 1.619995e-01 2.575000e+00 5.000000e-01 0.000000e+00
1.096550e-03 1.370757e-04 1.619995e-01 2.625000e+00 5.000000e-01 0.000000e+00
1.077924e-03 1.347480e-04 1.619995e-01 2.675000e+00 5.000000e-01 0.000000e+00
1.170302e-03 1.419292e-04 1.619995e-01 2.725000e+00 5.000000e-01 0.000000e+00
8.352034e-04 1.181255e-04 1.619995e-01 2.775000e+00 5.000000e-01 0.000000e+00
1.211303e-03 1.389635e-04 1.619995e-01 2.825000e+00 5.000000e-01 0.000000e+00
1.532907e-03 1.517961e-04 1.619995e-01 2.875000e+00 5.000000e-01 0.000000e+00
4.416047e-01 4.042083e-03 1.719995e-01 2.500000e-02 5.000000e-01 0.000000e+00
7.082497e-02 1.592479e-03 1.719995e-01 7.500000e-02 5.000000e-01 0.000000e+00
3.622393e-03 3.518388e-04 1.719995e-01 1.250000e-01 5.000000e-01 0.000000e+00
2.009449e-03 2.594195e-04 1.719995e-01 1.750000e-01 5.000000e-01 0.000000e+00
1.675627e-03 2.369700e-04 1.719995e-01 2.250000e-01 5.000000e-01 0.000000e+00
7.294441e-04 1.555183e-04 1.719995e-01 2.750000e-01 5.000000e-01 0.000000e+00
1.522841e-03 2.245314e-04 1.719995e-01 3.250000e-01 5.000000e-01 0.000000e+00
1.308817e-03 2.069429e-04 1.719995e-01 3.750000e-01 5.000000e-01 0.000000e+00
9.043016e-04 1.708975e-04 1.719995e-01 4.250000e-01 5.000000e-01 0.000000e+00
7.887779e-04 1.610090e-04 1.719995e-01 4.750000e-01 5.000000e-01 0.000000e+00
1.019315e-03 1.861013e-04 1.719995e-01 5.250000e-01 5.000000e-01 0.000000e+00
9.970240e-04 1.884204e-04 1.719995e-01 5.750000e-01 5.000000e-01 0.000000e+00
8.565060e-04 1.748342e-04 1.719995e-01 6.250000e-01 5.000000e-01 0.000000e+00
6.410069e-04 1.510870e-04 1.719995e-01 6.750000e-01 5.000000e-01 0.000000e+00
9.278933e-04 1.819755e-04 1.719995e-01 7.250000e-01 5.000000e-01 0.000000e+00
1.324600e-03 2.148795e-04 1.719995e-01 7.750000e-01 5.000000e-01 0.000000e+00
1.045497e-03 1.908812e-04 1.719995e-01 8.250000e-01 5.000000e-01 0.000000e+00
9.495547e-04 1.794495e-04 1.719995e-01 8.750000e-01 5.000000e-01 0.000000e+00
9.515505e-04 1.798266e-04 1.719995e-01 9.250000e-01 5.000000e-01 0.000000e+00
1.509981e-03 2.276389e-04 1.719995e-01 9.750000e-01 5.000000e-01 0.000000e+00
9.380372e-04 1.772731e-04 1.719995e-01 1.025000e+00 5.000000e-01 0.000000e+00
6.715351e-04 1.501604e-04 1.719995e-01 1.075000e+00 5.000000e-01 0.000000e+00
8.342311e-04 1.636069e-04 1.719995e-01 1.125000e+00 5.000000e-01 0.000000e+00
6.822203e-04 1.454503e-04 1.719995e-01 1.175000e+00 5.000000e-01 0.000000e+00
1.103286e-03 1.892134e-04 1.719995e-01 1.225000e+00 5.000000e-01 0.000000e+00
8.358359e-04 1.639218e-04 1.719995e-01 1.275000e+00 5.000000e-01 0.000000e+00
1.014654e-03 1.793683e-04 1.719995e-01 1.325000e+00 5.000000e-01 0.000000e+00
7.530768e-04 1.537218e-04 1.719995e-01 1.375000e+00 5.000000e-01 0.000000e+00
9.886288e-04 1.747674e-04 1.719995e-01 1.425000e+00 5.000000e-01 0.000000e+00
1.287264e-03 1.986305e-04 1.719995e-01 1.475000e+00 5.000000e-01 0.000000e+00
1.035951e-03 1.776657e-04 1.719995e-01 1.525000e+00 5.000000e-01 0.000000e+00
1.558297e-03 2.160989e-04 1.719995e-01 1.575000e+00 5.000000e-01 0.000000e+00
7.570626e-04 1.484734e-04 1.719995e-01 1.625000e+00 5.000000e-01 0.000000e+00
1.391688e-03 2.008745e-04 1.719995e-01 1.675000e+00 5.000000e-01 0.000000e+00
1.500385e-03 2.080676e-04 1.719995e-01 1.725000e+00 5.000000e-01 0.000000e+00
1.191316e-03 1.838261e-04 1.719995e-01 1.775000e+00 5.000000e-01 0.000000e+00
2.520925e-03 2.657323e-04 1.719995e-01 1.825000e+00 5.000000e-01 0.000000e+00
1.763183e-03 2.204002e-04 1.719995e-01 1.875000e+00 5.000000e-01 0.000000e+00
1.906632e-03 2.278891e-04 1.719995e-01 1.925000e+00 5.000000e-01 0.000000e+00
1.487702e-03 1.988054e-04 1.719995e-01 1.975000e+00 5.000000e-01 0.000000e+00
1.739022e-03 2.140613e-04 1.719995e-01 2.025000e+00 5.000000e-01 0.000000e+00
1.482680e-03 1.946880e-04 1.719995e-01 2.075000e+00 5.000000e-01 0.000000e+00
2.120742e-03 2.313958e-04 1.719995e-01 2.125000e+00 5.000000e-01 0.000000e+00
1.720718e-03 2.056686e-04 1.719995e-01 2.175000e+00 5.000000e-01 0.000000e+00
1.493831e-03 1.897194e-04 1.719995e-01 2.225000e+00 5.000000e-01 0.000000e+00
1.566156e-03 1.927845e-04 1.719995e-01 2.275000e+00 5.000000e-01 0.000000e+00
1.612090e-03 1.926855e-04 1.719995e-01 2.325000e+00 5.000000e-01 0.000000e+00
1.261915e-03 1.686348e-04 1.719995e-01 2.375000e+00 5.000000e-01 0.000000e+00
1.122055e-03 1.556069e-04 1.719995e-01 2.425000e+00 5.000000e-01 0.000000e+00
1.344329e-03 1.654814e-04 1.719995e-01 2.475000e+00 5.000000e-01 0.000000e+00
1.529566e-03 1.710187e-04 1.719995e-01 2.525000e+00 5.000000e-01 0.000000e+00
9.988693e-04 1.334845e-04 1.719995e-01 2.575000e+00 5.000000e-01 0.000000e+00
1.261968e-03 1.467065e-04 1.719995e-01 2.625000e+00 5.000000e-01 0.000000e+00
1.094034e-03 1.346748e-04 1.719995e-01 2.675000e+00 5.000000e-01 0.000000e+00
1.119013e-03 1.357118e-04 1.719995e-01 2.725000e+00 5.000000e-01 0.000000e+00
9.317851e-04 1.245258e-04 1.719995e-01 2.775000e+00 5.000000e-01 0.000000e+00
1.217560e-03 1.396816e-04 1.719995e-01 2.825000e+00 5.000000e-01 0.000000e+00
1.363862e-03 1.437819e-04 1.719995e-01 2.875000e+00 5.000000e-01 0.000000e+00
4.414300e-01 3.928839e-03 1.819995e-01 2.500000e-02 5.000000e-01 0.000000e+00
7.136220e-02 1.552088e-03 1.819995e-01 7.500000e-02 5.000000e-01 0.000000e+00
3.196641e-03 3.297091e-04 1.819995e-01 1.250000e-01 5.000000e-01 0.000000e+00
1.751242e-03 2.428543e-04 1.819995e-01 1.750000e-01 5.000000e-01 0.000000e+00
1.490727e-03 2.247364e-04 1.819995e-01 2.250000e-01 5.000000e-01 0.000000e+00
1.804569e-03 2.455713e-04 1.819995e-01 2.750000e-01 5.000000e-01 0.000000e+00
1.335033e-03 2.110880e-04 1.819995e-01 3.250000e-01 5.000000e-01 0.000000e+00
9.362933e-04 1.769434e-04 1.819995e-01 3.750000e-01 5.000000e-01 0.000000e+00
1.230230e-03 2.050391e-04 1.819995e-01 4.250000e-01 5.000000e-01 0.000000e+00
1.428187e-03 2.258168e-04 1.819995e-01 4.750000e-01 5.000000e-01 0.000000e+00
5.755705e-04 1.438931e-04 1.819995e-01 5.250000e-01 5.000000e-01 0.000000e+00
1.008492e-03 1.905877e-04 1.819995e-01 5.750000e-01 5.000000e-01 0.000000e+00
6.451939e-04 1.520746e-04 1.819995e-01 6.250000e-01 5.000000e-01 0.000000e+00
1.364547e-03 2.213594e-04 1.819995e-01 6.750000e-01 5.000000e-01 0.000000e+00
7.133564e-04 1.595117e-04 1.819995e-01 7.250000e-01 5.000000e-01 0.000000e+00
9.119271e-04 1.788441e-04 1.819995e-01 7.750000e-01 5.000000e-01 0.000000e+00
8.259869e-04 1.686045e-04 1.819995e-01 8.250000e-01 5.000000e-01 0.000000e+00
8.912178e-04 1.747828e-04 1.819995e-01 8.750000e-01 5.000000e-01 0.000000e+00
1.571330e-03 2.316811e-04 1.819995e-01 9.250000e-01 5.000000e-01 0.000000e+00
5.416158e-04 1.354043e-04 1.819995e-01 9.750000e-01 5.000000e-01 0.000000e+00
1.004222e-03 1.833461e-04 1.819995e-01 1.025000e+00 5.000000e-01 0.000000e+00
9.602278e-04 1.753137e-04 1.819995e-01 1.075000e+00 5.000000e-01 0.000000e+00
6.517233e-04 1.457305e-04 1.819995e-01 1.125000e+00 5.000000e-01 0.000000e+00
8.460755e-04 1.659298e-04 1.819995e-01 1.175000e+00 5.000000e-01 0.000000e+00
9.060503e-04 1.712287e-04 1.819995e-01 1.225000e+00 5.000000e-01 0.000000e+00
1.296097e-03 2.049320e-04 1.819995e-01 1.275000e+00 5.000000e-01 0.000000e+00
6.997501e-04 1.491878e-04 1.819995e-01 1.325000e+00 5.000000e-01 0.000000e+00
1.070736e-03 1.836305e-04 1.819995e-01 1.375000e+00 5.000000e-01 0.000000e+00
8.711739e-04 1.646369e-04 1.819995e-01 1.425000e+00 5.000000e-01 0.000000e+00
9.806974e-04 1.733656e-04 1.819995e-01 1.475000e+00 5.000000e-01 0.000000e+00
7.931388e-04 1.555484e-04 1.819995e-01 1.525000e+00 5.000000e-01 0.000000e+00
1.428585e-03 2.062001e-04 1.819995e-01 1.575000e+00 5.000000e-01 0.000000e+00
1.641013e-03 2.192913e-04 1.819995e-01 1.625000e+00 5.000000e-01 0.000000e+00
8.807239e-04 1.607995e-04 1.819995e-01 1.675000e+00 5.000000e-01 0.000000e+00
1.043914e-03 1.739865e-04 1.819995e-01 1.725000e+00 5.000000e-01 0.000000e+00
9.611226e-04 1.648325e-04 1.819995e-01 1.775000e+00 5.000000e-01 0.000000e+00
1.299464e-03 1.915983e-04 1.819995e-01 1.825000e+00 5.000000e-01 0.000000e+00
1.766865e-03 2.208617e-04 1.819995e-01 1.875000e+00 5.000000e-01 0.000000e+00
1.742744e-03 2.178454e-04 1.819995e-01 1.925000e+00 5.000000e-01 0.000000e+00
1.812662e-03 2.198204e-04 1.819995e-01 1.975000e+00 5.000000e-01 0.000000e+00
2.369225e-03 2.497419e-04 1.819995e-01 2.025000e+00 5.000000e-01 0.000000e+00
1.695990e-03 2.087650e-04 1.819995e-01 2.075000e+00 5.000000e-01 0.000000e+00
1.920448e-03 2.202949e-04 1.819995e-01 2.125000e+00 5.000000e-01 0.000000e+00
1.530825e-03 1.944201e-04 1.819995e-01 2.175000e+00 5.000000e-01 0.000000e+00
1.649497e-03 2.000354e-04 1.819995e-01 2.225000e+00 5.000000e-01 0.000000e+00
1.138003e-03 1.642598e-04 1.819995e-01 2.275000e+00 5.000000e-01 0.000000e+00
1.248688e-03 1.699288e-04 1.819995e-01 2.325000e+00 5.000000e-01 0.000000e+00
1.225483e-03 1.667720e-04 1.819995e-01 2.375000e+00 5.000000e-01 0.000000e+00
1.272725e-03 1.671220e-04 1.819995e-01 2.425000e+00 5.000000e-01 0.000000e+00
1.342120e-03 1.677709e-04 1.819995e-01 2.475000e+00 5.000000e-01 0.000000e+00
1.228883e-03 1.560759e-04 1.819995e-01 2.525000e+00 5.000000e-01 0.000000e+00
1.335888e-03 1.574417e-04 1.819995e-01 2.575000e+00 5.000000e-01 0.000000e+00
1.208760e-03 1.444819e-04 1.819995e-01 2.625000e+00 5.000000e-01 0.000000e+00
9.284663e-04 1.240767e-04 1.819995e-01 2.675000e+00 5.000000e-01 0.000000e+00
1.318761e-03 1.456417e-04 1.819995e-01 2.725000e+00 5.000000e-01 0.000000e+00
9.250889e-04 1.214823e-04 1.819995e-01 2.775000e+00 5.000000e-01 0.000000e+00
9.906184e-04 1.258224e-04 1.819995e-01 2.825000e+00 5.000000e-01 0.000000e+00
9.962734e-04 1.226477e-04 1.819995e-01 2.875000e+00 5.000000e-01 0.000000e+00
4.548886e-01 3.928475e-03 1.919995e-01 2.500000e-02 5.000000e-01 0.000000e+00
6.806573e-02 1.523522e-03 1.919995e-01 7.500000e-02 5.000000e-01 0.000000e+00
2.367743e-03 2.830001e-04 1.919995e-01 1.250000e-01 5.000000e-01 0.000000e+00
1.914302e-03 2.558101e-04 1.919995e-01 1.750000e-01 5.000000e-01 0.000000e+00
1.341168e-03 2.120579e-04 1.919995e-01 2.250000e-01 5.000000e-01 0.000000e+00
1.984216e-03 2.605409e-04 1.919995e-01 2.750000e-01 5.000000e-01 0.000000e+00
1.804718e-03 2.502700e-04 1.919995e-01 3.250000e-01 5.000000e-01 0.000000e+00
8.671995e-04 1.770171e-04 1.919995e-01 3.750000e-01 5.000000e-01 0.000000e+00
1.103650e-03 2.014987e-04 1.919995e-01 4.250000e-01 5.000000e-01 0.000000e+00
1.230044e-03 2.109515e-04 1.919995e-01 4.750000e-01 5.000000e-01 0.000000e+00
1.162834e-03 2.055624e-04 1.919995e-01 5.250000e-01 5.000000e-01 0.000000e+00
7.180211e-04 1.605550e-04 1.919995e-01 5.750000e-01 5.000000e-01 0.000000e+00
3.610076e-04 1.141609e-04 1.919995e-01 6.250000e-01 5.000000e-01 0.000000e+00
1.299851e-03 2.166426e-04 1.919995e-01 6.750000e-01 5.000000e-01 0.000000e+00
1.000722e-03 1.891193e-04 1.919995e-01 7.250000e-01 5.000000e-01 0.000000e+00
1.344016e-03 2.180289e-04 1.919995e-01 7.750000e-01 5.000000e-01 0.000000e+00
1.310239e-03 2.125496e-04 1.919995e-01 8.250000e-01 5.000000e-01 0.000000e+00
1.247297e-03 2.078837e-04 1.919995e-01 8.750000e-01 5.000000e-01 0.000000e+00
8.266122e-04 1.687322e-04 1.919995e-01 9.250000e-01 5.000000e-01 0.000000e+00
1.062557e-03 1.878362e-04 1.919995e-01 9.750000e-01 5.000000e-01 0.000000e+00
8.563764e-04 1.679499e-04 1.919995e-01 1.025000e+00 5.000000e-01 0.000000e+00
7.342754e-04 1.565489e-04 1.919995e-01 1.075000e+00 5.000000e-01 0.000000e+00
8.636602e-04 1.693782e-04 1.919995e-01 1.125000e+00 5.000000e-01 0.000000e+00
8.509417e-04 1.668844e-04 1.919995e-01 1.175000e+00 5.000000e-01 0.000000e+00
7.172266e-04 1.529141e-04 1.919995e-01 1.225000e+00 5.000000e-01 0.000000e+00
9.704774e-04 1.771845e-04 1.919995e-01 1.275000e+00 5.000000e-01 0.000000e+00
8.280990e-04 1.624049e-04 1.919995e-01 1.325000e+00 5.000000e-01 0.000000e+00
6.292686e-04 1.407095e-04 1.919995e-01 1.375000e+00 5.000000e-01 0.000000e+00
4.359466e-04 1.165123e-04 1.919995e-01 1.425000e+00 5.000000e-01 0.000000e+00
7.318378e-04 1.493866e-04 1.919995e-01 1.475000e+00 5.000000e-01 0.000000e+00
8.431843e-04 1.593487e-04 1.919995e-01 1.525000e+00 5.000000e-01 0.000000e+00
1.327937e-03 2.001960e-04 1.919995e-01 1.575000e+00 5.000000e-01 0.000000e+00
8.864805e-04 1.618500e-04 1.919995e-01 1.625000e+00 5.000000e-01 0.000000e+00
1.700012e-03 2.232243e-04 1.919995e-01 1.675000e+00 5.000000e-01 0.000000e+00
1.629243e-03 2.177197e-04 1.919995e-01 1.725000e+00 5.000000e-01 0.000000e+00
1.647119e-03 2.162800e-04 1.919995e-01 1.775000e+00 5.000000e-01 0.000000e+00
1.581476e-03 2.113351e-04 1.919995e-01 1.825000e+00 5.000000e-01 0.000000e+00
1.885788e-03 2.286888e-04 1.919995e-01 1.875000e+00 5.000000e-01 0.000000e+00
2.282970e-03 2.490963e-04 1.919995e-01 1.925000e+00 5.000000e-01 0.000000e+00
2.256987e-03 2.462613e-04 1.919995e-01 1.975000e+00 5.000000e-01 0.000000e+00
1.317677e-03 1.863509e-04 1.919995e-01 2.025000e+00 5.000000e-01 0.000000e+00
1.449388e-03 1.936857e-04 1.919995e-01 2.075000e+00 5.000000e-01 0.000000e+00
1.520475e-03 1.962963e-04 1.919995e-01 2.125000e+00 5.000000e-01 0.000000e+00
1.637522e-03 2.015687e-04 1.919995e-01 2.175000e+00 5.000000e-01 0.000000e+00
1.750017e-03 2.062461e-04 1.919995e-01 2.225000e+00 5.000000e-01 0.000000e+00
1.138163e-03 1.642826e-04 1.919995e-01 2.275000e+00 5.000000e-01 0.000000e+00
1.254201e-03 1.706805e-04 1.919995e-01 2.325000e+00 5.000000e-01 0.000000e+00
1.540064e-03 1.867655e-04 1.919995e-01 2.375000e+00 5.000000e-01 0.000000e+00
1.147916e-03 1.591921e-04 1.919995e-01 2.425000e+00 5.000000e-01 0.000000e+00
1.158378e-03 1.576409e-04 1.919995e-01 2.475000e+00 5.000000e-01 0.000000e+00
1.060631e-03 1.470910e-04 1.919995e-01 2.525000e+00 5.000000e-01 0.000000e+00
1.308347e-03 1.586702e-04 1.919995e-01 2.575000e+00 5.000000e-01 0.000000e+00
6.833026e-04 1.108505e-04 1.919995e-01 2.625000e+00 5.000000e-01 0.000000e+00
8.981369e-04 1.222292e-04 1.919995e-01 2.675000e+00 5.000000e-01 0.000000e+00
9.566799e-04 1.235163e-04 1.919995e-01 2.725000e+00 5.000000e-01 0.000000e+00
1.398995e-03 1.474800e-04 1.919995e-01 2.775000e+00 5.000000e-01 0.000000e+00
9.006423e-04 1.182725e-04 1.919995e-01 2.825000e+00 5.000000e-01 0.000000e+00
1.377811e-03 1.452520e-04 1.919995e-01 2.875000e+00 5.000000e-01 0.000000e+00
4.555433e-01 3.943552e-03 2.019995e-01 2.500000e-02 5.000000e-01 0.000000e+00
7.111481e-02 1.554076e-03 2.019995e-01 7.500000e-02 5.000000e-01 0.000000e+00
3.331206e-03 3.365035e-04 2.019995e-01 1.250000e-01 5.000000e-01 0.000000e+00
2.199615e-03 2.749527e-04 2.019995e-01 1.750000e-01 5.000000e-01 0.000000e+00
1.479352e-03 2.282696e-04 2.019995e-01 2.250000e-01 5.000000e-01 0.000000e+00
1.027604e-03 1.941994e-04 2.019995e-01 2.750000e-01 5.000000e-01 0.000000e+00
1.356922e-03 2.261542e-04 2.019995e-01 3.250000e-01 5.000000e-01 0.000000e+00
1.043980e-03 1.972945e-04 2.019995e-01 3.750000e-01 5.000000e-01 0.000000e+00
1.109049e-03 2.024843e-04 2.019995e-01 4.250000e-01 5.000000e-01 0.000000e+00
8.047978e-04 1.715840e-04 2.019995e-01 4.750000e-01 5.000000e-01 0.000000e+00
1.157293e-03 2.045829e-04 2.019995e-01 5.250000e-01 5.000000e-01 0.000000e+00
5.795306e-04 1.448831e-04 2.019995e-01 5.750000e-01 5.000000e-01 0.000000e+00
5.783108e-04 1.445780e-04 2.019995e-01 6.250000e-01 5.000000e-01 0.000000e+00
1.013976e-03 1.916241e-04 2.019995e-01 6.750000e-01 5.000000e-01 0.000000e+00
9.330145e-04 1.829799e-04 2.019995e-01 7.250000e-01 5.000000e-01 0.000000e+00
1.190448e-03 2.041609e-04 2.019995e-01 7.750000e-01 5.000000e-01 0.000000e+00
1.040008e-03 1.898795e-04 2.019995e-01 8.250000e-01 5.000000e-01 0.000000e+00
1.282176e-03 2.079973e-04 2.019995e-01 8.750000e-01 5.000000e-01 0.000000e+00
1.063156e-03 1.879421e-04 2.019995e-01 9.250000e-01 5.000000e-01 0.000000e+00
1.155142e-03 1.981060e-04 2.019995e-01 9.750000e-01 5.000000e-01 0.000000e+00
1.099626e-03 1.943892e-04 2.019995e-01 1.025000e+00 5.000000e-01 0.000000e+00
9.444092e-04 1.784774e-04 2.019995e-01 1.075000e+00 5.000000e-01 0.000000e+00
7.935815e-04 1.619901e-04 2.019995e-01 1.125000e+00 5.000000e-01 0.000000e+00
5.254785e-04 1.313701e-04 2.019995e-01 1.175000e+00 5.000000e-01 0.000000e+00
9.894005e-04 1.806401e-04 2.019995e-01 1.225000e+00 5.000000e-01 0.000000e+00
7.843866e-04 1.601126e-04 2.019995e-01 1.275000e+00 5.000000e-01 0.000000e+00
1.093096e-03 1.874652e-04 2.019995e-01 1.325000e+00 5.000000e-01 0.000000e+00
3.788741e-04 1.093721e-04 2.019995e-01 1.375000e+00 5.000000e-01 0.000000e+00
1.420819e-03 2.094892e-04 2.019995e-01 1.425000e+00 5.000000e-01 0.000000e+00
1.107179e-03 1.845319e-04 2.019995e-01 1.475000e+00 5.000000e-01 0.000000e+00
6.733020e-04 1.435500e-04 2.019995e-01 1.525000e+00 5.000000e-01 0.000000e+00
1.209325e-03 1.912124e-04 2.019995e-01 1.575000e+00 5.000000e-01 0.000000e+00
1.127401e-03 1.828908e-04 2.019995e-01 1.625000e+00 5.000000e-01 0.000000e+00
1.116537e-03 1.811279e-04 2.019995e-01 1.675000e+00 5.000000e-01 0.000000e+00
1.694228e-03 2.224660e-04 2.019995e-01 1.725000e+00 5.000000e-01 0.000000e+00
1.714275e-03 2.213140e-04 2.019995e-01 1.775000e+00 5.000000e-01 0.000000e+00
1.748629e-03 2.220790e-04 2.019995e-01 1.825000e+00 5.000000e-01 0.000000e+00
1.678181e-03 2.166551e-04 2.019995e-01 1.875000e+00 5.000000e-01 0.000000e+00
1.964785e-03 2.315557e-04 2.019995e-01 1.925000e+00 5.000000e-01 0.000000e+00
2.054036e-03 2.356178e-04 2.019995e-01 1.975000e+00 5.000000e-01 0.000000e+00
1.849208e-03 2.210263e-04 2.019995e-01 2.025000e+00 5.000000e-01 0.000000e+00
1.717492e-03 2.114120e-04 2.019995e-01 2.075000e+00 5.000000e-01 0.000000e+00
1.369647e-03 1.863886e-04 2.019995e-01 2.125000e+00 5.000000e-01 0.000000e+00
2.004566e-03 2.241228e-04 2.019995e-01 2.175000e+00 5.000000e-01 0.000000e+00
1.320226e-03 1.796639e-04 2.019995e-01 2.225000e+00 5.000000e-01 0.000000e+00
1.526771e-03 1.908498e-04 2.019995e-01 2.275000e+00 5.000000e-01 0.000000e+00
1.401020e-03 1.808757e-04 2.019995e-01 2.325000e+00 5.000000e-01 0.000000e+00
9.537200e-04 1.471674e-04 2.019995e-01 2.375000e+00 5.000000e-01 0.000000e+00
1.374667e-03 1.745867e-04 2.019995e-01 2.425000e+00 5.000000e-01 0.000000e+00
8.185316e-04 1.327896e-04 2.019995e-01 2.475000e+00 5.000000e-01 0.000000e+00
9.156824e-04 1.380478e-04 2.019995e-01 2.525000e+00 5.000000e-01 0.000000e+00
8.315711e-04 1.283177e-04 2.019995e-01 2.575000e+00 5.000000e-01 0.000000e+00
1.147195e-03 1.457035e-04 2.019995e-01 2.625000e+00 5.000000e-01 0.000000e+00
1.132013e-03 1.393499e-04 2.019995e-01 2.675000e+00 5.000000e-01 0.000000e+00
1.217827e-03 1.397054e-04 2.019995e-01 2.725000e+00 5.000000e-01 0.000000e+00
1.256216e-03 1.387384e-04 2.019995e-01 2.775000e+00 5.000000e-01 0.000000e+00
1.376340e-03 1.435098e-04 2.019995e-01 2.825000e+00 5.000000e-01 0.000000e+00
1.018388e-03 1.235124e-04 2.019995e-01 2.875000e+00 5.000000e-01 0.000000e+00
4.530207e-01 3.943346e-03 2.119995e-01 2.500000e-02 5.000000e-01 0.000000e+00
6.924336e-02 1.547557e-03 2.119995e-01 7.500000e-02 5.000000e-01 0.000000e+00
2.844110e-03 3.179817e-04 2.119995e-01 1.250000e-01 5.000000e-01 0.000000e+00
2.730741e-03 3.174429e-04 2.119995e-01 1.750000e-01 5.000000e-01 0.000000e+00
1.230677e-03 2.175554e-04 2.119995e-01 2.250000e-01 5.000000e-01 0.000000e+00
9.838563e-04 1.929504e-04 2.119995e-01 2.750000e-01 5.000000e-01 0.000000e+00
6.873084e-04 1.620005e-04 2.119995e-01 3.250000e-01 5.000000e-01 0.000000e+00
1.346621e-03 2.244376e-04 2.119995e-01 3.750000e-01 5.000000e-01 0.000000e+00
9.589363e-04 1.880636e-04 2.119995e-01 4.250000e-01 5.000000e-01 0.000000e+00
7.311404e-04 1.634884e-04 2.119995e-01 4.750000e-01 5.000000e-01 0.000000e+00
7.987561e-04 1.702958e-04 2.119995e-01 5.250000e-01 5.000000e-01 0.000000e+00
5.827527e-04 1.456887e-04 2.119995e-01 5.750000e-01 5.000000e-01 0.000000e+00
9.470593e-04 1.857342e-04 2.119995e-01 6.250000e-01 5.000000e-01 0.000000e+00
1.096844e-03 2.002560e-04 2.119995e-01 6.750000e-01 5.000000e-01 0.000000e+00
1.004928e-03 1.899143e-04 2.119995e-01 7.250000e-01 5.000000e-01 0.000000e+00
1.057327e-03 1.930411e-04 2.119995e-01 7.750000e-01 5.000000e-01 0.000000e+00
8.757526e-04 1.717498e-04 2.119995e-01 8.250000e-01 5.000000e-01 0.000000e+00
1.291273e-03 2.094730e-04 2.119995e-01 8.750000e-01 5.000000e-01 0.000000e+00
1.317428e-03 2.137162e-04 2.119995e-01 9.250000e-01 5.000000e-01 0.000000e+00
1.240731e-03 2.067889e-04 2.119995e-01 9.750000e-01 5.000000e-01 0.000000e+00
1.092574e-03 1.931423e-04 2.119995e-01 1.025000e+00 5.000000e-01 0.000000e+00
1.284858e-03 2.084322e-04 2.119995e-01 1.075000e+00 5.000000e-01 0.000000e+00
1.061292e-03 1.876121e-04 2.119995e-01 1.125000e+00 5.000000e-01 0.000000e+00
8.566312e-04 1.680001e-04 2.119995e-01 1.175000e+00 5.000000e-01 0.000000e+00
6.578514e-04 1.471008e-04 2.119995e-01 1.225000e+00 5.000000e-01 0.000000e+00
1.111661e-03 1.906496e-04 2.119995e-01 1.275000e+00 5.000000e-01 0.000000e+00
1.158506e-03 1.930854e-04 2.119995e-01 1.325000e+00 5.000000e-01 0.000000e+00
9.361052e-04 1.709101e-04 2.119995e-01 1.375000e+00 5.000000e-01 0.000000e+00
7.559581e-04 1.543104e-04 2.119995e-01 1.425000e+00 5.000000e-01 0.000000e+00
1.002769e-03 1.772672e-04 2.119995e-01 1.475000e+00 5.000000e-01 0.000000e+00
1.416187e-03 2.088071e-04 2.119995e-01 1.525000e+00 5.000000e-01 0.000000e+00
1.635626e-03 2.225826e-04 2.119995e-01 1.575000e+00 5.000000e-01 0.000000e+00
1.436907e-03 2.074013e-04 2.119995e-01 1.625000e+00 5.000000e-01 0.000000e+00
1.767924e-03 2.282405e-04 2.119995e-01 1.675000e+00 5.000000e-01 0.000000e+00
1.931408e-03 2.377423e-04 2.119995e-01 1.725000e+00 5.000000e-01 0.000000e+00
1.497019e-03 2.076022e-04 2.119995e-01 1.775000e+00 5.000000e-01 0.000000e+00
1.469507e-03 2.037861e-04 2.119995e-01 1.825000e+00 5.000000e-01 0.000000e+00
1.853532e-03 2.281568e-04 2.119995e-01 1.875000e+00 5.000000e-01 0.000000e+00
2.249847e-03 2.484573e-04 2.119995e-01 1.925000e+00 5.000000e-01 0.000000e+00
2.275792e-03 2.483131e-04 2.119995e-01 1.975000e+00 5.000000e-01 0.000000e+00
1.596288e-03 2.060826e-04 2.119995e-01 2.025000e+00 5.000000e-01 0.000000e+00
1.670613e-03 2.088294e-04 2.119995e-01 2.075000e+00 5.000000e-01 0.000000e+00
1.797775e-03 2.148788e-04 2.119995e-01 2.125000e+00 5.000000e-01 0.000000e+00
1.661272e-03 2.044913e-04 2.119995e-01 2.175000e+00 5.000000e-01 0.000000e+00
2.021513e-03 2.232437e-04 2.119995e-01 2.225000e+00 5.000000e-01 0.000000e+00
1.592781e-03 1.960619e-04 2.119995e-01 2.275000e+00 5.000000e-01 0.000000e+00
1.784641e-03 2.047190e-04 2.119995e-01 2.325000e+00 5.000000e-01 0.000000e+00
1.420552e-03 1.804146e-04 2.119995e-01 2.375000e+00 5.000000e-01 0.000000e+00
9.819168e-04 1.480334e-04 2.119995e-01 2.425000e+00 5.000000e-01 0.000000e+00
1.038892e-03 1.499557e-04 2.119995e-01 2.475000e+00 5.000000e-01 0.000000e+00
1.135621e-03 1.545448e-04 2.119995e-01 2.525000e+00 5.000000e-01 0.000000e+00
9.699201e-04 1.400027e-04 2.119995e-01 2.575000e+00 5.000000e-01 0.000000e+00
6.124180e-04 1.082684e-04 2.119995e-01 2.625000e+00 5.000000e-01 0.000000e+00
1.143971e-03 1.430067e-04 2.119995e-01 2.675000e+00 5.000000e-01 0.000000e+00
1.019096e-03 1.294336e-04 2.119995e-01 2.725000e+00 5.000000e-01 0.000000e+00
1.080353e-03 1.291407e-04 2.119995e-01 2.775000e+00 5.000000e-01 0.000000e+00
1.238623e-03 1.351592e-04 2.119995e-01 2.825000e+00 5.000000e-01 0.000000e+00
1.384081e-03 1.412832e-04 2.119995e-01 2.875000e+00 5.000000e-01 0.000000e+00
4.546017e-01 4.005659e-03 2.219995e-01 2.500000e-02 5.000000e-01 0.000000e+00
8.078113e-02 1.730144e-03 2.219995e-01 7.500000e-02 5.000000e-01 0.000000e+00
3.367021e-03 3.589266e-04 2.219995e-01 1.250000e-01 5.000000e-01 0.000000e+00
1.678701e-03 2.530742e-04 2.219995e-01 1.750000e-01 5.000000e-01 0.000000e+00
1.842548e-03 2.659497e-04 2.219995e-01 2.250000e-01 5.000000e-01 0.000000e+00
1.313823e-03 2.253194e-04 2.219995e-01 2.750000e-01 5.000000e-01 0.000000e+00
1.144419e-03 2.089419e-04 2.219995e-01 3.250000e-01 5.000000e-01 0.000000e+00
1.429741e-03 2.319353e-04 2.219995e-01 3.750000e-01 5.000000e-01 0.000000e+00
1.195076e-03 2.112624e-04 2.219995e-01 4.250000e-01 5.000000e-01 0.000000e+00
1.400869e-03 2.272518e-04 2.219995e-01 4.750000e-01 5.000000e-01 0.000000e+00
1.170387e-03 2.068977e-04 2.219995e-01 5.250000e-01 5.000000e-01 0.000000e+00
5.876165e-04 1.469045e-04 2.219995e-01 5.750000e-01 5.000000e-01 0.000000e+00
1.166249e-03 2.061664e-04 2.219995e-01 6.250000e-01 5.000000e-01 0.000000e+00
6.534586e-04 1.540221e-04 2.219995e-01 6.750000e-01 5.000000e-01 0.000000e+00
4.876629e-04 1.303337e-04 2.219995e-01 7.250000e-01 5.000000e-01 0.000000e+00
1.099426e-03 1.943537e-04 2.219995e-01 7.750000e-01 5.000000e-01 0.000000e+00
9.119054e-04 1.788400e-04 2.219995e-01 8.250000e-01 5.000000e-01 0.000000e+00
1.113995e-03 1.969292e-04 2.219995e-01 8.750000e-01 5.000000e-01 0.000000e+00
5.560804e-04 1.390208e-04 2.219995e-01 9.250000e-01 5.000000e-01 0.000000e+00
1.392605e-03 2.201914e-04 2.219995e-01 9.750000e-01 5.000000e-01 0.000000e+00
1.042600e-03 1.903524e-04 2.219995e-01 1.025000e+00 5.000000e-01 0.000000e+00
8.860229e-04 1.737639e-04 2.219995e-01 1.075000e+00 5.000000e-01 0.000000e+00
7.316948e-04 1.559985e-04 2.219995e-01 1.125000e+00 5.000000e-01 0.000000e+00
7.251364e-04 1.546005e-04 2.219995e-01 1.175000e+00 5.000000e-01 0.000000e+00
7.887284e-04 1.609994e-04 2.219995e-01 1.225000e+00 5.000000e-01 0.000000e+00
6.473530e-04 1.447533e-04 2.219995e-01 1.275000e+00 5.000000e-01 0.000000e+00
8.359399e-04 1.639422e-04 2.219995e-01 1.325000e+00 5.000000e-01 0.000000e+00
5.720170e-04 1.348265e-04 2.219995e-01 1.375000e+00 5.000000e-01 0.000000e+00
6.930047e-04 1.477499e-04 2.219995e-01 1.425000e+00 5.000000e-01 0.000000e+00
5.685991e-04 1.340208e-04 2.219995e-01 1.475000e+00 5.000000e-01 0.000000e+00
1.180515e-03 1.915069e-04 2.219995e-01 1.525000e+00 5.000000e-01 0.000000e+00
1.277059e-03 1.970560e-04 2.219995e-01 1.575000e+00 5.000000e-01 0.000000e+00
1.440923e-03 2.079812e-04 2.219995e-01 1.625000e+00 5.000000e-01 0.000000e+00
1.486337e-03 2.102017e-04 2.219995e-01 1.675000e+00 5.000000e-01 0.000000e+00
1.407134e-03 2.031041e-04 2.219995e-01 1.725000e+00 5.000000e-01 0.000000e+00
2.372216e-03 2.619700e-04 2.219995e-01 1.775000e+00 5.000000e-01 0.000000e+00
1.533737e-03 2.087175e-04 2.219995e-01 1.825000e+00 5.000000e-01 0.000000e+00
1.462000e-03 2.027454e-04 2.219995e-01 1.875000e+00 5.000000e-01 0.000000e+00
1.770435e-03 2.213070e-04 2.219995e-01 1.925000e+00 5.000000e-01 0.000000e+00
1.521207e-03 2.032825e-04 2.219995e-01 1.975000e+00 5.000000e-01 0.000000e+00
1.766610e-03 2.174582e-04 2.219995e-01 2.025000e+00 5.000000e-01 0.000000e+00
1.306853e-03 1.848196e-04 2.219995e-01 2.075000e+00 5.000000e-01 0.000000e+00
2.068449e-03 2.312645e-04 2.219995e-01 2.125000e+00 5.000000e-01 0.000000e+00
1.208322e-03 1.744089e-04 2.219995e-01 2.175000e+00 5.000000e-01 0.000000e+00
1.480980e-03 1.911976e-04 2.219995e-01 2.225000e+00 5.000000e-01 0.000000e+00
1.639669e-03 1.988428e-04 2.219995e-01 2.275000e+00 5.000000e-01 0.000000e+00
1.507564e-03 1.884504e-04 2.219995e-01 2.325000e+00 5.000000e-01 0.000000e+00
1.426001e-03 1.811082e-04 2.219995e-01 2.375000e+00 5.000000e-01 0.000000e+00
1.432912e-03 1.791180e-04 2.219995e-01 2.425000e+00 5.000000e-01 0.000000e+00
1.001570e-03 1.476792e-04 2.219995e-01 2.475000e+00 5.000000e-01 0.000000e+00
1.098980e-03 1.524071e-04 2.219995e-01 2.525000e+00 5.000000e-01 0.000000e+00
1.185828e-03 1.557130e-04 2.219995e-01 2.575000e+00 5.000000e-01 0.000000e+00
7.816789e-04 1.236025e-04 2.219995e-01 2.625000e+00 5.000000e-01 0.000000e+00
1.212373e-03 1.492449e-04 2.219995e-01 2.675000e+00 5.000000e-01 0.000000e+00
1.299905e-03 1.491207e-04 2.219995e-01 2.725000e+00 5.000000e-01 0.000000e+00
1.160537e-03 1.349234e-04 2.219995e-01 2.775000e+00 5.000000e-01 0.000000e+00
1.291708e-03 1.377064e-04 2.219995e-01 2.825000e+00 5.000000e-01 0.000000e+00
1.277275e-03 1.346536e-04 2.219995e-01 2.875000e+00 5.000000e-01 0.000000e+00
4.621382e-01 4.231802e-03 2.319995e-01 2.500000e-02 5.000000e-01 0.000000e+00
7.065144e-02 1.648865e-03 2.319995e-01 7.500000e-02 5.000000e-01 0.000000e+00
3.388681e-03 3.612355e-04 2.319995e-01 1.250000e-01 5.000000e-01 0.000000e+00
1.711752e-03 2.580570e-04 2.319995e-01 1.750000e-01 5.000000e-01 0.000000e+00
1.322455e-03 2.267999e-04 2.319995e-01 2.250000e-01 5.000000e-01 0.000000e+00
1.550713e-03 2.451900e-04 2.319995e-01 2.750000e-01 5.000000e-01 0.000000e+00
1.527569e-03 2.415302e-04 2.319995e-01 3.250000e-01 5.000000e-01 0.000000e+00
1.139830e-03 2.081042e-04 2.319995e-01 3.750000e-01 5.000000e-01 0.000000e+00
8.141720e-04 1.735827e-04 2.319995e-01 4.250000e-01 5.000000e-01 0.000000e+00
8.811762e-04 1.798699e-04 2.319995e-01 4.750000e-01 5.000000e-01 0.000000e+00
1.034759e-03 1.955518e-04 2.319995e-01 5.250000e-01 5.000000e-01 0.000000e+00
5.134075e-04 1.372141e-04 2.319995e-01 5.750000e-01 5.000000e-01 0.000000e+00
1.146045e-03 2.025949e-04 2.319995e-01 6.250000e-01 5.000000e-01 0.000000e+00
1.837448e-03 2.548089e-04 2.319995e-01 6.750000e-01 5.000000e-01 0.000000e+00
6.490069e-04 1.529730e-04 2.319995e-01 7.250000e-01 5.000000e-01 0.000000e+00
8.564029e-04 1.748133e-04 2.319995e-01 7.750000e-01 5.000000e-01 0.000000e+00
9.141644e-04 1.792831e-04 2.319995e-01 8.250000e-01 5.000000e-01 0.000000e+00
8.381941e-04 1.710964e-04 2.319995e-01 8.750000e-01 5.000000e-01 0.000000e+00
9.770359e-04 1.846433e-04 2.319995e-01 9.250000e-01 5.000000e-01 0.000000e+00
1.112122e-03 1.965979e-04 2.319995e-01 9.750000e-01 5.000000e-01 0.000000e+00
9.774768e-04 1.847264e-04 2.319995e-01 1.025000e+00 5.000000e-01 0.000000e+00
9.578203e-04 1.810117e-04 2.319995e-01 1.075000e+00 5.000000e-01 0.000000e+00
7.379915e-04 1.573411e-04 2.319995e-01 1.125000e+00 5.000000e-01 0.000000e+00
9.806500e-04 1.790425e-04 2.319995e-01 1.175000e+00 5.000000e-01 0.000000e+00
1.172780e-03 1.954647e-04 2.319995e-01 1.225000e+00 5.000000e-01 0.000000e+00
7.255928e-04 1.546976e-04 2.319995e-01 1.275000e+00 5.000000e-01 0.000000e+00
6.520402e-04 1.458017e-04 2.319995e-01 1.325000e+00 5.000000e-01 0.000000e+00
1.402704e-03 2.114668e-04 2.319995e-01 1.375000e+00 5.000000e-01 0.000000e+00
1.136860e-03 1.894782e-04 2.319995e-01 1.425000e+00 5.000000e-01 0.000000e+00
1.009293e-03 1.784211e-04 2.319995e-01 1.475000e+00 5.000000e-01 0.000000e+00
1.189691e-03 1.929952e-04 2.319995e-01 1.525000e+00 5.000000e-01 0.000000e+00
1.460831e-03 2.108539e-04 2.319995e-01 1.575000e+00 5.000000e-01 0.000000e+00
1.264630e-03 1.951382e-04 2.319995e-01 1.625000e+00 5.000000e-01 0.000000e+00
1.195893e-03 1.890883e-04 2.319995e-01 1.675000e+00 5.000000e-01 0.000000e+00
1.879975e-03 2.349985e-04 2.319995e-01 1.725000e+00 5.000000e-01 0.000000e+00
1.682579e-03 2.209353e-04 2.319995e-01 1.775000e+00 5.000000e-01 0.000000e+00
2.239836e-03 2.536148e-04 2.319995e-01 1.825000e+00 5.000000e-01 0.000000e+00
1.979174e-03 2.365594e-04 2.319995e-01 1.875000e+00 5.000000e-01 0.000000e+00
2.228218e-03 2.491260e-04 2.319995e-01 1.925000e+00 5.000000e-01 0.000000e+00
1.681492e-03 2.135520e-04 2.319995e-01 1.975000e+00 5.000000e-01 0.000000e+00
2.150896e-03 2.404807e-04 2.319995e-01 2.025000e+00 5.000000e-01 0.000000e+00
1.839331e-03 2.198455e-04 2.319995e-01 2.075000e+00 5.000000e-01 0.000000e+00
2.224352e-03 2.398616e-04 2.319995e-01 2.125000e+00 5.000000e-01 0.000000e+00
2.223222e-03 2.370019e-04 2.319995e-01 2.175000e+00 5.000000e-01 0.000000e+00
1.688427e-03 2.047566e-04 2.319995e-01 2.225000e+00 5.000000e-01 0.000000e+00
1.112839e-03 1.640834e-04 2.319995e-01 2.275000e+00 5.000000e-01 0.000000e+00
1.326931e-03 1.773236e-04 2.319995e-01 2.325000e+00 5.000000e-01 0.000000e+00
1.110227e-03 1.602510e-04 2.319995e-01 2.375000e+00 5.000000e-01 0.000000e+00
9.898983e-04 1.492383e-04 2.319995e-01 2.425000e+00 5.000000e-01 0.000000e+00
1.005928e-03 1.483212e-04 2.319995e-01 2.475000e+00 5.000000e-01 0.000000e+00
1.363583e-03 1.704531e-04 2.319995e-01 2.525000e+00 5.000000e-01 0.000000e+00
1.312301e-03 1.640442e-04 2.319995e-01 2.575000e+00 5.000000e-01 0.000000e+00
1.029347e-03 1.427527e-04 2.319995e-01 2.625000e+00 5.000000e-01 0.000000e+00
1.169605e-03 1.485490e-04 2.319995e-01 2.675000e+00 5.000000e-01 0.000000e+00
1.021344e-03 1.341217e-04 2.319995e-01 2.725000e+00 5.000000e-01 0.000000e+00
1.335583e-03 1.475070e-04 2.319995e-01 2.775000e+00 5.000000e-01 0.000000e+00
1.067295e-03 1.257954e-04 2.319995e-01 2.825000e+00 5.000000e-01 0.000000e+00
1.078089e-03 1.236775e-04 2.319995e-01 2.875000e+00 5.000000e-01 0.000000e+00
4.726681e-01 4.283912e-03 2.419994e-01 2.500000e-02 5.000000e-01 0.000000e+00
8.374702e-02 1.793667e-03 2.419994e-01 7.500000e-02 5.000000e-01 0.000000e+00
3.362981e-03 3.626405e-04 2.419994e-01 1.250000e-01 5.000000e-01 0.000000e+00
1.871549e-03 2.701354e-04 2.419994e-01 1.750000e-01 5.000000e-01 0.000000e+00
1.397077e-03 2.328465e-04 2.419994e-01 2.250000e-01 5.000000e-01 0.000000e+00
1.478782e-03 2.398907e-04 2.419994e-01 2.750000e-01 5.000000e-01 0.000000e+00
1.164559e-03 2.126187e-04 2.419994e-01 3.250000e-01 5.000000e-01 0.000000e+00
1.138164e-03 2.077998e-04 2.419994e-01 3.750000e-01 5.000000e-01 0.000000e+00
9.636612e-04 1.889900e-04 2.419994e-01 4.250000e-01 5.000000e-01 0.000000e+00
9.631076e-04 1.888815e-04 2.419994e-01 4.750000e-01 5.000000e-01 0.000000e+00
1.016665e-03 1.921322e-04 2.419994e-01 5.250000e-01 5.000000e-01 0.000000e+00
1.203879e-03 2.064642e-04 2.419994e-01 5.750000e-01 5.000000e-01 0.000000e+00
7.285260e-04 1.629040e-04 2.419994e-01 6.250000e-01 5.000000e-01 0.000000e+00
1.175044e-03 2.077212e-04 2.419994e-01 6.750000e-01 5.000000e-01 0.000000e+00
9.538298e-04 1.870619e-04 2.419994e-01 7.250000e-01 5.000000e-01 0.000000e+00
9.390108e-04 1.841560e-04 2.419994e-01 7.750000e-01 5.000000e-01 0.000000e+00
7.744397e-04 1.651116e-04 2.419994e-01 8.250000e-01 5.000000e-01 0.000000e+00
2.799641e-04 9.898240e-05 2.419994e-01 8.750000e-01 5.000000e-01 0.000000e+00
7.684395e-04 1.638326e-04 2.419994e-01 9.250000e-01 5.000000e-01 0.000000e+00
6.976640e-04 1.560030e-04 2.419994e-01 9.750000e-01 5.000000e-01 0.000000e+00
5.589559e-04 1.397391e-04 2.419994e-01 1.025000e+00 5.000000e-01 0.000000e+00
9.614924e-04 1.817056e-04 2.419994e-01 1.075000e+00 5.000000e-01 0.000000e+00
1.070523e-03 1.892450e-04 2.419994e-01 1.125000e+00 5.000000e-01 0.000000e+00
7.924998e-04 1.617693e-04 2.419994e-01 1.175000e+00 5.000000e-01 0.000000e+00
7.930418e-04 1.618800e-04 2.419994e-01 1.225000e+00 5.000000e-01 0.000000e+00
1.184970e-03 1.974963e-04 2.419994e-01 1.275000e+00 5.000000e-01 0.000000e+00
1.053552e-03 1.862449e-04 2.419994e-01 1.325000e+00 5.000000e-01 0.000000e+00
1.348680e-03 2.081073e-04 2.419994e-01 1.375000e+00 5.000000e-01 0.000000e+00
9.518076e-04 1.737759e-04 2.419994e-01 1.425000e+00 5.000000e-01 0.000000e+00
1.137907e-03 1.896530e-04 2.419994e-01 1.475000e+00 5.000000e-01 0.000000e+00
7.554068e-04 1.541977e-04 2.419994e-01 1.525000e+00 5.000000e-01 0.000000e+00
1.101554e-03 1.835937e-04 2.419994e-01 1.575000e+00 5.000000e-01 0.000000e+00
1.028692e-03 1.764210e-04 2.419994e-01 1.625000e+00 5.000000e-01 0.000000e+00
1.388636e-03 2.047458e-04 2.419994e-01 1.675000e+00 5.000000e-01 0.000000e+00
1.541218e-03 2.137309e-04 2.419994e-01 1.725000e+00 5.000000e-01 0.000000e+00
1.806520e-03 2.294306e-04 2.419994e-01 1.775000e+00 5.000000e-01 0.000000e+00
2.596095e-03 2.736554e-04 2.419994e-01 1.825000e+00 5.000000e-01 0.000000e+00
1.753020e-03 2.226372e-04 2.419994e-01 1.875000e+00 5.000000e-01 0.000000e+00
2.390192e-03 2.577441e-04 2.419994e-01 1.925000e+00 5.000000e-01 0.000000e+00
2.527414e-03 2.635048e-04 2.419994e-01 1.975000e+00 5.000000e-01 0.000000e+00
1.995434e-03 2.319684e-04 2.419994e-01 2.025000e+00 5.000000e-01 0.000000e+00
1.798534e-03 2.181074e-04 2.419994e-01 2.075000e+00 5.000000e-01 0.000000e+00
2.070310e-03 2.314729e-04 2.419994e-01 2.125000e+00 5.000000e-01 0.000000e+00
2.187012e-03 2.358365e-04 2.419994e-01 2.175000e+00 5.000000e-01 0.000000e+00
1.395926e-03 1.865434e-04 2.419994e-01 2.225000e+00 5.000000e-01 0.000000e+00
1.513549e-03 1.922254e-04 2.419994e-01 2.275000e+00 5.000000e-01 0.000000e+00
1.386231e-03 1.820250e-04 2.419994e-01 2.325000e+00 5.000000e-01 0.000000e+00
1.252874e-03 1.704986e-04 2.419994e-01 2.375000e+00 5.000000e-01 0.000000e+00
1.132427e-03 1.601549e-04 2.419994e-01 2.425000e+00 5.000000e-01 0.000000e+00
1.459830e-03 1.796982e-04 2.419994e-01 2.475000e+00 5.000000e-01 0.000000e+00
9.851007e-04 1.452489e-04 2.419994e-01 2.525000e+00 5.000000e-01 0.000000e+00
8.238166e-04 1.302622e-04 2.419994e-01 2.575000e+00 5.000000e-01 0.000000e+00
9.609359e-04 1.387069e-04 2.419994e-01 2.625000e+00 5.000000e-01 0.000000e+00
9.967828e-04 1.382397e-04 2.419994e-01 2.675000e+00 5.000000e-01 0.000000e+00
1.225522e-03 1.486301e-04 2.419994e-01 2.725000e+00 5.000000e-01 0.000000e+00
1.105170e-03 1.360446e-04 2.419994e-01 2.775000e+00 5.000000e-01 0.000000e+00
1.267579e-03 1.399932e-04 2.419994e-01 2.825000e+00 5.000000e-01 0.000000e+00
1.329807e-03 1.371777e-04 2.419994e-01 2.875000e+00 5.000000e-01 0.000000e+00
4.716980e-01 4.299201e-03 2.519994e-01 2.500000e-02 5.000000e-01 0.000000e+00
8.043439e-02 1.777368e-03 2.519994e-01 7.500000e-02 5.000000e-01 0.000000e+00
3.274986e-03 3.573313e-04 2.519994e-01 1.250000e-01 5.000000e-01 0.000000e+00
1.551261e-03 2.452763e-04 2.519994e-01 1.750000e-01 5.000000e-01 0.000000e+00
1.249108e-03 2.208134e-04 2.519994e-01 2.250000e-01 5.000000e-01 0.000000e+00
2.032212e-03 2.818180e-04 2.519994e-01 2.750000e-01 5.000000e-01 0.000000e+00
1.156003e-03 2.110569e-04 2.519994e-01 3.250000e-01 5.000000e-01 0.000000e+00
1.142662e-03 2.086211e-04 2.519994e-01 3.750000e-01 5.000000e-01 0.000000e+00
1.120927e-03 2.046529e-04 2.519994e-01 4.250000e-01 5.000000e-01 0.000000e+00
7.889033e-04 1.681950e-04 2.519994e-01 4.750000e-01 5.000000e-01 0.000000e+00
1.006751e-03 1.902586e-04 2.519994e-01 5.250000e-01 5.000000e-01 0.000000e+00
6.682837e-04 1.575166e-04 2.519994e-01 5.750000e-01 5.000000e-01 0.000000e+00
5.955972e-04 1.488999e-04 2.519994e-01 6.250000e-01 5.000000e-01 0.000000e+00
8.103701e-04 1.727719e-04 2.519994e-01 6.750000e-01 5.000000e-01 0.000000e+00
1.030224e-03 1.946949e-04 2.519994e-01 7.250000e-01 5.000000e-01 0.000000e+00
1.161040e-03 2.052458e-04 2.519994e-01 7.750000e-01 5.000000e-01 0.000000e+00
1.067912e-03 1.949739e-04 2.519994e-01 8.250000e-01 5.000000e-01 0.000000e+00
8.439149e-04 1.722640e-04 2.519994e-01 8.750000e-01 5.000000e-01 0.000000e+00
8.407662e-04 1.716212e-04 2.519994e-01 9.250000e-01 5.000000e-01 0.000000e+00
4.199290e-04 1.212232e-04 2.519994e-01 9.750000e-01 5.000000e-01 0.000000e+00
1.039372e-03 1.897636e-04 2.519994e-01 1.025000e+00 5.000000e-01 0.000000e+00
5.463030e-04 1.365765e-04 2.519994e-01 1.075000e+00 5.000000e-01 0.000000e+00
1.232121e-03 2.053545e-04 2.519994e-01 1.125000e+00 5.000000e-01 0.000000e+00
6.006689e-04 1.415797e-04 2.519994e-01 1.175000e+00 5.000000e-01 0.000000e+00
1.131222e-03 1.940039e-04 2.519994e-01 1.225000e+00 5.000000e-01 0.000000e+00
1.454103e-03 2.192154e-04 2.519994e-01 1.275000e+00 5.000000e-01 0.000000e+00
1.121673e-03 1.923663e-04 2.519994e-01 1.325000e+00 5.000000e-01 0.000000e+00
9.107023e-04 1.721076e-04 2.519994e-01 1.375000e+00 5.000000e-01 0.000000e+00
1.279099e-03 2.022445e-04 2.519994e-01 1.425000e+00 5.000000e-01 0.000000e+00
8.858900e-04 1.674183e-04 2.519994e-01 1.475000e+00 5.000000e-01 0.000000e+00
6.890513e-04 1.469069e-04 2.519994e-01 1.525000e+00 5.000000e-01 0.000000e+00
1.423733e-03 2.099197e-04 2.519994e-01 1.575000e+00 5.000000e-01 0.000000e+00
1.458021e-03 2.104494e-04 2.519994e-01 1.625000e+00 5.000000e-01 0.000000e+00
1.632792e-03 2.221975e-04 2.519994e-01 1.675000e+00 5.000000e-01 0.000000e+00
1.140443e-03 1.850060e-04 2.519994e-01 1.725000e+00 5.000000e-01 0.000000e+00
1.868076e-03 2.335124e-04 2.519994e-01 1.775000e+00 5.000000e-01 0.000000e+00
1.268427e-03 1.912243e-04 2.519994e-01 1.825000e+00 5.000000e-01 0.000000e+00
1.933461e-03 2.344692e-04 2.519994e-01 1.875000e+00 5.000000e-01 0.000000e+00
1.793261e-03 2.241602e-04 2.519994e-01 1.925000e+00 5.000000e-01 0.000000e+00
1.829664e-03 2.252199e-04 2.519994e-01 1.975000e+00 5.000000e-01 0.000000e+00
1.237415e-03 1.824499e-04 2.519994e-01 2.025000e+00 5.000000e-01 0.000000e+00
1.863552e-03 2.227414e-04 2.519994e-01 2.075000e+00 5.000000e-01 0.000000e+00
1.516233e-03 1.990945e-04 2.519994e-01 2.125000e+00 5.000000e-01 0.000000e+00
1.487313e-03 1.952973e-04 2.519994e-01 2.175000e+00 5.000000e-01 0.000000e+00
1.299887e-03 1.802656e-04 2.519994e-01 2.225000e+00 5.000000e-01 0.000000e+00
1.959879e-03 2.191268e-04 2.519994e-01 2.275000e+00 5.000000e-01 0.000000e+00
1.573605e-03 1.937028e-04 2.519994e-01 2.325000e+00 5.000000e-01 0.000000e+00
1.495469e-03 1.869385e-04 2.519994e-01 2.375000e+00 5.000000e-01 0.000000e+00
1.184147e-03 1.642174e-04 2.519994e-01 2.425000e+00 5.000000e-01 0.000000e+00
1.370282e-03 1.740322e-04 2.519994e-01 2.475000e+00 5.000000e-01 0.000000e+00
1.286117e-03 1.660413e-04 2.519994e-01 2.525000e+00 5.000000e-01 0.000000e+00
9.968536e-04 1.438907e-04 2.519994e-01 2.575000e+00 5.000000e-01 0.000000e+00
1.083822e-03 1.474978e-04 2.519994e-01 2.625000e+00 5.000000e-01 0.000000e+00
1.274682e-03 1.569091e-04 2.519994e-01 2.675000e+00 5.000000e-01 0.000000e+00
8.499405e-04 1.253238e-04 2.519994e-01 2.725000e+00 5.000000e-01 0.000000e+00
1.067382e-03 1.355697e-04 2.519994e-01 2.775000e+00 5.000000e-01 0.000000e+00
1.178628e-03 1.370239e-04 2.519994e-01 2.825000e+00 5.000000e-01 0.000000e+00
1.356580e-03 1.399378e-04 2.519994e-01 2.875000e+00 5.000000e-01 0.000000e+00
4.768443e-01 4.322828e-03 2.619994e-01 2.500000e-02 5.000000e-01 0.000000e+00
7.889982e-02 1.760738e-03 2.619994e-01 7.500000e-02 5.000000e-01 0.000000e+00
3.217667e-03 3.553327e-04 2.619994e-01 1.250000e-01 5.000000e-01 0.000000e+00
2.595820e-03 3.195240e-04 2.619994e-01 1.750000e-01 5.000000e-01 0.000000e+00
1.096216e-03 2.071658e-04 2.619994e-01 2.250000e-01 5.000000e-01 0.000000e+00
1.777901e-03 2.621378e-04 2.619994e-01 2.750000e-01 5.000000e-01 0.000000e+00
1.232324e-03 2.178467e-04 2.619994e-01 3.250000e-01 5.000000e-01 0.000000e+00
6.633143e-04 1.563450e-04 2.619994e-01 3.750000e-01 5.000000e-01 0.000000e+00
1.315559e-03 2.192606e-04 2.619994e-01 4.250000e-01 5.000000e-01 0.000000e+00
6.745121e-04 1.589845e-04 2.619994e-01 4.750000e-01 5.000000e-01 0.000000e+00
5.236038e-04 1.399397e-04 2.619994e-01 5.250000e-01 5.000000e-01 0.000000e+00
9.675574e-04 1.897540e-04 2.619994e-01 5.750000e-01 5.000000e-01 0.000000e+00
5.920269e-04 1.480072e-04 2.619994e-01 6.250000e-01 5.000000e-01 0.000000e+00
8.869312e-04 1.810446e-04 2.619994e-01 6.750000e-01 5.000000e-01 0.000000e+00
8.150006e-04 1.737595e-04 2.619994e-01 7.250000e-01 5.000000e-01 0.000000e+00
1.021941e-03 1.931295e-04 2.619994e-01 7.750000e-01 5.000000e-01 0.000000e+00
1.290775e-03 2.151299e-04 2.619994e-01 8.250000e-01 5.000000e-01 0.000000e+00
7.061078e-04 1.578909e-04 2.619994e-01 8.750000e-01 5.000000e-01 0.000000e+00
1.047981e-03 1.913352e-04 2.619994e-01 9.250000e-01 5.000000e-01 0.000000e+00
1.317011e-03 2.136483e-04 2.619994e-01 9.750000e-01 5.000000e-01 0.000000e+00
7.000071e-04 1.565271e-04 2.619994e-01 1.025000e+00 5.000000e-01 0.000000e+00
1.037077e-03 1.893444e-04 2.619994e-01 1.075000e+00 5.000000e-01 0.000000e+00
6.856097e-04 1.533073e-04 2.619994e-01 1.125000e+00 5.000000e-01 0.000000e+00
8.756721e-04 1.717343e-04 2.619994e-01 1.175000e+00 5.000000e-01 0.000000e+00
1.000591e-03 1.826830e-04 2.619994e-01 1.225000e+00 5.000000e-01 0.000000e+00
9.973440e-04 1.820906e-04 2.619994e-01 1.275000e+00 5.000000e-01 0.000000e+00
1.254579e-03 2.035207e-04 2.619994e-01 1.325000e+00 5.000000e-01 0.000000e+00
1.111175e-03 1.905660e-04 2.619994e-01 1.375000e+00 5.000000e-01 0.000000e+00
9.591322e-04 1.751142e-04 2.619994e-01 1.425000e+00 5.000000e-01 0.000000e+00
1.205035e-03 1.954839e-04 2.619994e-01 1.475000e+00 5.000000e-01 0.000000e+00
1.199314e-03 1.945556e-04 2.619994e-01 1.525000e+00 5.000000e-01 0.000000e+00
1.310544e-03 2.022230e-04 2.619994e-01 1.575000e+00 5.000000e-01 0.000000e+00
1.106953e-03 1.844934e-04 2.619994e-01 1.625000e+00 5.000000e-01 0.000000e+00
1.146962e-03 1.860633e-04 2.619994e-01 1.675000e+00 5.000000e-01 0.000000e+00
1.678224e-03 2.242644e-04 2.619994e-01 1.725000e+00 5.000000e-01 0.000000e+00
2.355917e-03 2.634025e-04 2.619994e-01 1.775000e+00 5.000000e-01 0.000000e+00
1.564030e-03 2.128398e-04 2.619994e-01 1.825000e+00 5.000000e-01 0.000000e+00
1.894199e-03 2.331620e-04 2.619994e-01 1.875000e+00 5.000000e-01 0.000000e+00
1.516128e-03 2.063217e-04 2.619994e-01 1.925000e+00 5.000000e-01 0.000000e+00
1.984670e-03 2.338993e-04 2.619994e-01 1.975000e+00 5.000000e-01 0.000000e+00
2.183336e-03 2.441078e-04 2.619994e-01 2.025000e+00 5.000000e-01 0.000000e+00
1.703374e-03 2.129249e-04 2.619994e-01 2.075000e+00 5.000000e-01 0.000000e+00
1.364126e-03 1.891745e-04 2.619994e-01 2.125000e+00 5.000000e-01 0.000000e+00
1.231965e-03 1.778228e-04 2.619994e-01 2.175000e+00 5.000000e-01 0.000000e+00
1.608564e-03 2.010745e-04 2.619994e-01 2.225000e+00 5.000000e-01 0.000000e+00
1.584750e-03 1.980979e-04 2.619994e-01 2.275000e+00 5.000000e-01 0.000000e+00
1.977338e-03 2.183654e-04 2.619994e-01 2.325000e+00 5.000000e-01 0.000000e+00
1.317642e-03 1.760835e-04 2.619994e-01 2.375000e+00 5.000000e-01 0.000000e+00
1.008878e-03 1.520985e-04 2.619994e-01 2.425000e+00 5.000000e-01 0.000000e+00
1.203042e-03 1.637188e-04 2.619994e-01 2.475000e+00 5.000000e-01 0.000000e+00
1.253568e-03 1.646086e-04 2.619994e-01 2.525000e+00 5.000000e-01 0.000000e+00
9.621356e-04 1.418665e-04 2.619994e-01 2.575000e+00 5.000000e-01 0.000000e+00
1.012937e-03 1.432590e-04 2.619994e-01 2.625000e+00 5.000000e-01 0.000000e+00
7.768542e-04 1.228409e-04 2.619994e-01 2.675000e+00 5.000000e-01 0.000000e+00
1.044700e-03 1.396118e-04 2.619994e-01 2.725000e+00 5.000000e-01 0.000000e+00
1.088590e-03 1.382581e-04 2.619994e-01 2.775000e+00 5.000000e-01 0.000000e+00
1.377167e-03 1.502774e-04 2.619994e-01 2.825000e+00 5.000000e-01 0.000000e+00
9.000995e-04 1.162165e-04 2.619994e-01 2.875000e+00 5.000000e-01 0.000000e+00
4.763240e-01 4.340283e-03 2.719994e-01 2.500000e-02 5.000000e-01 0.000000e+00
8.301487e-02 1.804673e-03 2.719994e-01 7.500000e-02 5.000000e-01 0.000000e+00
3.711963e-03 3.828608e-04 2.719994e-01 1.250000e-01 5.000000e-01 0.000000e+00
1.832258e-03 2.701526e-04 2.719994e-01 1.750000e-01 5.000000e-01 0.000000e+00
1.249486e-03 2.208803e-04 2.719994e-01 2.250000e-01 5.000000e-01 0.000000e+00
1.732773e-03 2.554843e-04 2.719994e-01 2.750000e-01 5.000000e-01 0.000000e+00
1.502763e-03 2.376082e-04 2.719994e-01 3.250000e-01 5.000000e-01 0.000000e+00
1.536884e-03 2.430036e-04 2.719994e-01 3.750000e-01 5.000000e-01 0.000000e+00
6.823652e-04 1.608356e-04 2.719994e-01 4.250000e-01 5.000000e-01 0.000000e+00
9.026258e-04 1.842482e-04 2.719994e-01 4.750000e-01 5.000000e-01 0.000000e+00
9.795802e-04 1.921117e-04 2.719994e-01 5.250000e-01 5.000000e-01 0.000000e+00
1.046039e-03 1.976835e-04 2.719994e-01 5.750000e-01 5.000000e-01 0.000000e+00
1.115884e-03 2.037322e-04 2.719994e-01 6.250000e-01 5.000000e-01 0.000000e+00
6.682872e-04 1.575172e-04 2.719994e-01 6.750000e-01 5.000000e-01 0.000000e+00
8.921427e-04 1.821084e-04 2.719994e-01 7.250000e-01 5.000000e-01 0.000000e+00
1.170296e-03 2.068824e-04 2.719994e-01 7.750000e-01 5.000000e-01 0.000000e+00
1.431505e-03 2.263417e-04 2.719994e-01 8.250000e-01 5.000000e-01 0.000000e+00
8.452275e-04 1.725319e-04 2.719994e-01 8.750000e-01 5.000000e-01 0.000000e+00
7.721766e-04 1.646291e-04 2.719994e-01 9.250000e-01 5.000000e-01 0.000000e+00
7.742189e-04 1.650646e-04 2.719994e-01 9.750000e-01 5.000000e-01 0.000000e+00
8.440117e-04 1.722840e-04 2.719994e-01 1.025000e+00 5.000000e-01 0.000000e+00
5.568042e-04 1.392017e-04 2.719994e-01 1.075000e+00 5.000000e-01 0.000000e+00
1.228177e-03 2.046977e-04 2.719994e-01 1.125000e+00 5.000000e-01 0.000000e+00
1.293400e-03 2.098184e-04 2.719994e-01 1.175000e+00 5.000000e-01 0.000000e+00
1.077061e-03 1.904001e-04 2.719994e-01 1.225000e+00 5.000000e-01 0.000000e+00
9.368236e-04 1.770437e-04 2.719994e-01 1.275000e+00 5.000000e-01 0.000000e+00
1.710373e-03 2.371875e-04 2.719994e-01 1.325000e+00 5.000000e-01 0.000000e+00
1.305229e-03 2.063758e-04 2.719994e-01 1.375000e+00 5.000000e-01 0.000000e+00
8.372761e-04 1.642046e-04 2.719994e-01 1.425000e+00 5.000000e-01 0.000000e+00
1.218390e-03 1.976499e-04 2.719994e-01 1.475000e+00 5.000000e-01 0.000000e+00
6.292053e-04 1.406954e-04 2.719994e-01 1.525000e+00 5.000000e-01 0.000000e+00
1.437037e-03 2.118812e-04 2.719994e-01 1.575000e+00 5.000000e-01 0.000000e+00
1.604497e-03 2.225054e-04 2.719994e-01 1.625000e+00 5.000000e-01 0.000000e+00
1.398650e-03 2.062213e-04 2.719994e-01 1.675000e+00 5.000000e-01 0.000000e+00
1.438517e-03 2.076347e-04 2.719994e-01 1.725000e+00 5.000000e-01 0.000000e+00
1.546695e-03 2.144908e-04 2.719994e-01 1.775000e+00 5.000000e-01 0.000000e+00
1.569438e-03 2.135757e-04 2.719994e-01 1.825000e+00 5.000000e-01 0.000000e+00
2.015972e-03 2.409581e-04 2.719994e-01 1.875000e+00 5.000000e-01 0.000000e+00
1.354449e-03 1.955010e-04 2.719994e-01 1.925000e+00 5.000000e-01 0.000000e+00
1.668682e-03 2.154293e-04 2.719994e-01 1.975000e+00 5.000000e-01 0.000000e+00
1.863838e-03 2.260278e-04 2.719994e-01 2.025000e+00 5.000000e-01 0.000000e+00
2.084546e-03 2.360317e-04 2.719994e-01 2.075000e+00 5.000000e-01 0.000000e+00
1.690619e-03 2.113304e-04 2.719994e-01 2.125000e+00 5.000000e-01 0.000000e+00
1.443364e-03 1.928803e-04 2.719994e-01 2.175000e+00 5.000000e-01 0.000000e+00
1.572977e-03 1.997728e-04 2.719994e-01 2.225000e+00 5.000000e-01 0.000000e+00
1.031845e-03 1.592217e-04 2.719994e-01 2.275000e+00 5.000000e-01 0.000000e+00
1.353122e-03 1.808243e-04 2.719994e-01 2.325000e+00 5.000000e-01 0.000000e+00
1.371787e-03 1.801282e-04 2.719994e-01 2.375000e+00 5.000000e-01 0.000000e+00
1.470230e-03 1.837843e-04 2.719994e-01 2.425000e+00 5.000000e-01 0.000000e+00
1.433364e-03 1.791779e-04 2.719994e-01 2.475000e+00 5.000000e-01 0.000000e+00
1.000146e-03 1.474680e-04 2.719994e-01 2.525000e+00 5.000000e-01 0.000000e+00
7.993204e-04 1.296723e-04 2.719994e-01 2.575000e+00 5.000000e-01 0.000000e+00
1.343035e-03 1.653247e-04 2.719994e-01 2.625000e+00 5.000000e-01 0.000000e+00
1.018764e-03 1.412859e-04 2.719994e-01 2.675000e+00 5.000000e-01 0.000000e+00
1.128313e-03 1.456758e-04 2.719994e-01 2.725000e+00 5.000000e-01 0.000000e+00
1.149285e-03 1.436737e-04 2.719994e-01 2.775000e+00 5.000000e-01 0.000000e+00
9.068796e-04 1.234251e-04 2.719994e-01 2.825000e+00 5.000000e-01 0.000000e+00
1.203256e-03 1.362584e-04 2.719994e-01 2.875000e+00 5.000000e-01 0.000000e+00
4.814083e-01 4.355976e-03 2.819994e-01 2.500000e-02 5.000000e-01 0.000000e+00
7.748181e-02 1.749246e-03 2.819994e-01 7.500000e-02 5.000000e-01 0.000000e+00
2.708247e-03 3.284242e-04 2.819994e-01 1.250000e-01 5.000000e-01 0.000000e+00
2.977225e-03 3.371053e-04 2.819994e-01 1.750000e-01 5.000000e-01 0.000000e+00
1.367287e-03 2.278817e-04 2.819994e-01 2.250000e-01 5.000000e-01 0.000000e+00
1.337726e-03 2.294188e-04 2.819994e-01 2.750000e-01 5.000000e-01 0.000000e+00
1.565438e-03 2.475181e-04 2.819994e-01 3.250000e-01 5.000000e-01 0.000000e+00
1.085558e-03 2.051518e-04 2.819994e-01 3.750000e-01 5.000000e-01 0.000000e+00
9.882675e-04 1.938157e-04 2.819994e-01 4.250000e-01 5.000000e-01 0.000000e+00
8.265424e-04 1.762200e-04 2.819994e-01 4.750000e-01 5.000000e-01 0.000000e+00
9.837679e-04 1.929331e-04 2.819994e-01 5.250000e-01 5.000000e-01 0.000000e+00
7.530733e-04 1.683928e-04 2.819994e-01 5.750000e-01 5.000000e-01 0.000000e+00
6.733057e-04 1.587000e-04 2.819994e-01 6.250000e-01 5.000000e-01 0.000000e+00
7.467115e-04 1.669703e-04 2.819994e-01 6.750000e-01 5.000000e-01 0.000000e+00
8.181420e-04 1.744290e-04 2.819994e-01 7.250000e-01 5.000000e-01 0.000000e+00
6.556321e-04 1.545343e-04 2.819994e-01 7.750000e-01 5.000000e-01 0.000000e+00
4.943512e-04 1.321215e-04 2.819994e-01 8.250000e-01 5.000000e-01 0.000000e+00
1.074531e-03 1.961821e-04 2.819994e-01 8.750000e-01 5.000000e-01 0.000000e+00
1.220213e-03 2.092655e-04 2.819994e-01 9.250000e-01 5.000000e-01 0.000000e+00
1.494650e-03 2.306307e-04 2.819994e-01 9.750000e-01 5.000000e-01 0.000000e+00
1.125294e-03 1.989270e-04 2.819994e-01 1.025000e+00 5.000000e-01 0.000000e+00
8.371961e-04 1.708926e-04 2.819994e-01 1.075000e+00 5.000000e-01 0.000000e+00
1.094018e-03 1.933978e-04 2.819994e-01 1.125000e+00 5.000000e-01 0.000000e+00
1.158887e-03 1.987487e-04 2.819994e-01 1.175000e+00 5.000000e-01 0.000000e+00
1.226830e-03 2.044725e-04 2.819994e-01 1.225000e+00 5.000000e-01 0.000000e+00
1.136061e-03 1.948340e-04 2.819994e-01 1.275000e+00 5.000000e-01 0.000000e+00
6.646576e-04 1.486226e-04 2.819994e-01 1.325000e+00 5.000000e-01 0.000000e+00
1.172957e-03 1.954945e-04 2.819994e-01 1.375000e+00 5.000000e-01 0.000000e+00
1.303403e-03 2.060879e-04 2.819994e-01 1.425000e+00 5.000000e-01 0.000000e+00
8.353203e-04 1.638217e-04 2.819994e-01 1.475000e+00 5.000000e-01 0.000000e+00
8.236732e-04 1.615365e-04 2.819994e-01 1.525000e+00 5.000000e-01 0.000000e+00
6.865931e-04 1.463832e-04 2.819994e-01 1.575000e+00 5.000000e-01 0.000000e+00
1.052698e-03 1.805375e-04 2.819994e-01 1.625000e+00 5.000000e-01 0.000000e+00
1.471580e-03 2.124059e-04 2.819994e-01 1.675000e+00 5.000000e-01 0.000000e+00
1.265662e-03 1.952974e-04 2.819994e-01 1.725000e+00 5.000000e-01 0.000000e+00
1.606305e-03 2.185933e-04 2.819994e-01 1.775000e+00 5.000000e-01 0.000000e+00
1.415788e-03 2.043534e-04 2.819994e-01 1.825000e+00 5.000000e-01 0.000000e+00
1.719144e-03 2.219432e-04 2.819994e-01 1.875000e+00 5.000000e-01 0.000000e+00
1.366265e-03 1.972065e-04 2.819994e-01 1.925000e+00 5.000000e-01 0.000000e+00
1.504146e-03 2.046918e-04 2.819994e-01 1.975000e+00 5.000000e-01 0.000000e+00
1.865477e-03 2.262253e-04 2.819994e-01 2.025000e+00 5.000000e-01 0.000000e+00
1.622381e-03 2.094519e-04 2.819994e-01 2.075000e+00 5.000000e-01 0.000000e+00
1.530140e-03 2.009205e-04 2.819994e-01 2.125000e+00 5.000000e-01 0.000000e+00
1.864082e-03 2.196886e-04 2.819994e-01 2.175000e+00 5.000000e-01 0.000000e+00
1.523652e-03 1.967077e-04 2.819994e-01 2.225000e+00 5.000000e-01 0.000000e+00
1.598355e-03 1.997985e-04 2.819994e-01 2.275000e+00 5.000000e-01 0.000000e+00
1.600434e-03 1.970050e-04 2.819994e-01 2.325000e+00 5.000000e-01 0.000000e+00
1.517987e-03 1.897544e-04 2.819994e-01 2.375000e+00 5.000000e-01 0.000000e+00
1.111449e-03 1.604294e-04 2.819994e-01 2.425000e+00 5.000000e-01 0.000000e+00
1.032892e-03 1.522979e-04 2.819994e-01 2.475000e+00 5.000000e-01 0.000000e+00
1.177271e-03 1.602129e-04 2.819994e-01 2.525000e+00 5.000000e-01 0.000000e+00
1.015803e-03 1.466245e-04 2.819994e-01 2.575000e+00 5.000000e-01 0.000000e+00
1.147699e-03 1.533753e-04 2.819994e-01 2.625000e+00 5.000000e-01 0.000000e+00
1.144654e-03 1.503086e-04 2.819994e-01 2.675000e+00 5.000000e-01 0.000000e+00
1.175455e-03 1.492911e-04 2.819994e-01 2.725000e+00 5.000000e-01 0.000000e+00
7.223378e-04 1.142220e-04 2.819994e-01 2.775000e+00 5.000000e-01 0.000000e+00
1.605406e-03 1.656046e-04 2.819994e-01 2.825000e+00 5.000000e-01 0.000000e+00
8.810175e-04 1.177450e-04 2.819994e-01 2.875000e+00 5.000000e-01 0.000000e+00
4.792096e-01 4.361148e-03 2.919994e-01 2.500000e-02 5.000000e-01 0.000000e+00
7.603721e-02 1.718385e-03 2.919994e-01 7.500000e-02 5.000000e-01 0.000000e+00
3.436297e-03 3.622185e-04 2.919994e-01 1.250000e-01 5.000000e-01 0.000000e+00
2.351202e-03 3.035398e-04 2.919994e-01 1.750000e-01 5.000000e-01 0.000000e+00
1.835170e-03 2.705816e-04 2.919994e-01 2.250000e-01 5.000000e-01 0.000000e+00
1.266164e-03 2.238286e-04 2.919994e-01 2.750000e-01 5.000000e-01 0.000000e+00
1.182137e-03 2.158280e-04 2.919994e-01 3.250000e-01 5.000000e-01 0.000000e+00
1.567425e-03 2.478322e-04 2.919994e-01 3.750000e-01 5.000000e-01 0.000000e+00
1.061443e-03 2.005947e-04 2.919994e-01 4.250000e-01 5.000000e-01 0.000000e+00
4.552901e-04 1.314313e-04 2.919994e-01 4.750000e-01 5.000000e-01 0.000000e+00
3.812079e-04 1.205491e-04 2.919994e-01 5.250000e-01 5.000000e-01 0.000000e+00
5.256170e-04 1.404776e-04 2.919994e-01 5.750000e-01 5.000000e-01 0.000000e+00
8.292634e-04 1.768001e-04 2.919994e-01 6.250000e-01 5.000000e-01 0.000000e+00
7.442059e-04 1.664103e-04 2.919994e-01 6.750000e-01 5.000000e-01 0.000000e+00
5.151026e-04 1.376676e-04 2.919994e-01 7.250000e-01 5.000000e-01 0.000000e+00
8.085481e-04 1.723840e-04 2.919994e-01 7.750000e-01 5.000000e-01 0.000000e+00
1.442998e-03 2.281588e-04 2.919994e-01 8.250000e-01 5.000000e-01 0.000000e+00
1.150753e-03 2.034267e-04 2.919994e-01 8.750000e-01 5.000000e-01 0.000000e+00
1.003729e-03 1.896877e-04 2.919994e-01 9.250000e-01 5.000000e-01 0.000000e+00
9.376256e-04 1.838841e-04 2.919994e-01 9.750000e-01 5.000000e-01 0.000000e+00
1.341710e-03 2.176550e-04 2.919994e-01 1.025000e+00 5.000000e-01 0.000000e+00
9.794873e-04 1.851067e-04 2.919994e-01 1.075000e+00 5.000000e-01 0.000000e+00
6.894174e-04 1.541592e-04 2.919994e-01 1.125000e+00 5.000000e-01 0.000000e+00
9.533458e-04 1.801665e-04 2.919994e-01 1.175000e+00 5.000000e-01 0.000000e+00
6.785070e-04 1.517200e-04 2.919994e-01 1.225000e+00 5.000000e-01 0.000000e+00
1.286276e-03 2.086629e-04 2.919994e-01 1.275000e+00 5.000000e-01 0.000000e+00
1.137440e-03 1.950704e-04 2.919994e-01 1.325000e+00 5.000000e-01 0.000000e+00
6.580762e-04 1.471513e-04 2.919994e-01 1.375000e+00 5.000000e-01 0.000000e+00
9.094750e-04 1.718756e-04 2.919994e-01 1.425000e+00 5.000000e-01 0.000000e+00
7.091776e-04 1.511983e-04 2.919994e-01 1.475000e+00 5.000000e-01 0.000000e+00
1.350478e-03 2.083847e-04 2.919994e-01 1.525000e+00 5.000000e-01 0.000000e+00
1.196505e-03 1.941010e-04 2.919994e-01 1.575000e+00 5.000000e-01 0.000000e+00
1.115057e-03 1.858451e-04 2.919994e-01 1.625000e+00 5.000000e-01 0.000000e+00
1.170263e-03 1.898436e-04 2.919994e-01 1.675000e+00 5.000000e-01 0.000000e+00
2.177511e-03 2.566245e-04 2.919994e-01 1.725000e+00 5.000000e-01 0.000000e+00
1.489411e-03 2.106365e-04 2.919994e-01 1.775000e+00 5.000000e-01 0.000000e+00
1.412073e-03 2.038178e-04 2.919994e-01 1.825000e+00 5.000000e-01 0.000000e+00
2.042202e-03 2.440933e-04 2.919994e-01 1.875000e+00 5.000000e-01 0.000000e+00
1.422586e-03 2.011864e-04 2.919994e-01 1.925000e+00 5.000000e-01 0.000000e+00
1.295297e-03 1.909834e-04 2.919994e-01 1.975000e+00 5.000000e-01 0.000000e+00
2.144423e-03 2.428125e-04 2.919994e-01 2.025000e+00 5.000000e-01 0.000000e+00
1.625291e-03 2.098272e-04 2.919994e-01 2.075000e+00 5.000000e-01 0.000000e+00
1.803734e-03 2.187389e-04 2.919994e-01 2.125000e+00 5.000000e-01 0.000000e+00
1.621465e-03 2.059302e-04 2.919994e-01 2.175000e+00 5.000000e-01 0.000000e+00
1.370469e-03 1.865005e-04 2.919994e-01 2.225000e+00 5.000000e-01 0.000000e+00
1.253957e-03 1.773395e-04 2.919994e-01 2.275000e+00 5.000000e-01 0.000000e+00
1.901398e-03 2.152960e-04 2.919994e-01 2.325000e+00 5.000000e-01 0.000000e+00
1.144708e-03 1.652291e-04 2.919994e-01 2.375000e+00 5.000000e-01 0.000000e+00
9.285158e-04 1.468155e-04 2.919994e-01 2.425000e+00 5.000000e-01 0.000000e+00
8.549084e-04 1.386911e-04 2.919994e-01 2.475000e+00 5.000000e-01 0.000000e+00
1.225657e-03 1.637917e-04 2.919994e-01 2.525000e+00 5.000000e-01 0.000000e+00
9.328301e-04 1.406361e-04 2.919994e-01 2.575000e+00 5.000000e-01 0.000000e+00
5.334819e-04 1.046297e-04 2.919994e-01 2.625000e+00 5.000000e-01 0.000000e+00
9.879960e-04 1.397302e-04 2.919994e-01 2.675000e+00 5.000000e-01 0.000000e+00
1.217845e-03 1.522424e-04 2.919994e-01 2.725000e+00 5.000000e-01 0.000000e+00
9.052261e-04 1.280306e-04 2.919994e-01 2.775000e+00 5.000000e-01 0.000000e+00
1.043674e-03 1.347490e-04 2.919994e-01 2.825000e+00 5.000000e-01 0.000000e+00
9.666358e-04 1.248086e-04 2.919994e-01 2.875000e+00 5.000000e-01 0.000000e+00
4.734869e-01 4.268255e-03 3.019994e-01 2.500000e-02 5.000000e-01 0.000000e+00
8.020312e-02 1.783616e-03 3.019994e-01 7.500000e-02 5.000000e-01 0.000000e+00
3.269212e-03 3.610252e-04 3.019994e-01 1.250000e-01 5.000000e-01 0.000000e+00
2.000849e-03 2.829633e-04 3.019994e-01 1.750000e-01 5.000000e-01 0.000000e+00
1.509301e-03 2.448414e-04 3.019994e-01 2.250000e-01 5.000000e-01 0.000000e+00
1.190265e-03 2.173122e-04 3.019994e-01 2.750000e-01 5.000000e-01 0.000000e+00
1.274847e-03 2.253639e-04 3.019994e-01 3.250000e-01 5.000000e-01 0.000000e+00
1.330604e-03 2.281972e-04 3.019994e-01 3.750000e-01 5.000000e-01 0.000000e+00
6.959562e-04 1.640390e-04 3.019994e-01 4.250000e-01 5.000000e-01 0.000000e+00
6.103810e-04 1.525959e-04 3.019994e-01 4.750000e-01 5.000000e-01 0.000000e+00
6.035337e-04 1.508839e-04 3.019994e-01 5.250000e-01 5.000000e-01 0.000000e+00
9.030011e-04 1.843247e-04 3.019994e-01 5.750000e-01 5.000000e-01 0.000000e+00
8.996092e-04 1.836322e-04 3.019994e-01 6.250000e-01 5.000000e-01 0.000000e+00
1.198245e-03 2.118227e-04 3.019994e-01 6.750000e-01 5.000000e-01 0.000000e+00
2.979775e-04 1.053514e-04 3.019994e-01 7.250000e-01 5.000000e-01 0.000000e+00
1.326354e-03 2.210597e-04 3.019994e-01 7.750000e-01 5.000000e-01 0.000000e+00
1.018843e-03 1.925440e-04 3.019994e-01 8.250000e-01 5.000000e-01 0.000000e+00
8.695925e-04 1.775055e-04 3.019994e-01 8.750000e-01 5.000000e-01 0.000000e+00
1.226009e-03 2.102598e-04 3.019994e-01 9.250000e-01 5.000000e-01 0.000000e+00
1.219533e-03 2.091490e-04 3.019994e-01 9.750000e-01 5.000000e-01 0.000000e+00
5.007174e-04 1.338226e-04 3.019994e-01 1.025000e+00 5.000000e-01 0.000000e+00
9.162981e-04 1.797017e-04 3.019994e-01 1.075000e+00 5.000000e-01 0.000000e+00
1.239765e-03 2.066290e-04 3.019994e-01 1.125000e+00 5.000000e-01 0.000000e+00
1.167435e-03 2.002143e-04 3.019994e-01 1.175000e+00 5.000000e-01 0.000000e+00
6.799412e-04 1.520403e-04 3.019994e-01 1.225000e+00 5.000000e-01 0.000000e+00
7.504379e-04 1.599949e-04 3.019994e-01 1.275000e+00 5.000000e-01 0.000000e+00
7.384037e-04 1.574290e-04 3.019994e-01 1.325000e+00 5.000000e-01 0.000000e+00
1.257283e-03 2.039600e-04 3.019994e-01 1.375000e+00 5.000000e-01 0.000000e+00
8.469696e-04 1.661056e-04 3.019994e-01 1.425000e+00 5.000000e-01 0.000000e+00
9.724096e-04 1.775382e-04 3.019994e-01 1.475000e+00 5.000000e-01 0.000000e+00
1.026390e-03 1.814432e-04 3.019994e-01 1.525000e+00 5.000000e-01 0.000000e+00
8.257102e-04 1.619364e-04 3.019994e-01 1.575000e+00 5.000000e-01 0.000000e+00
9.975374e-04 1.763427e-04 3.019994e-01 1.625000e+00 5.000000e-01 0.000000e+00
1.479324e-03 2.135248e-04 3.019994e-01 1.675000e+00 5.000000e-01 0.000000e+00
1.959773e-03 2.449737e-04 3.019994e-01 1.725000e+00 5.000000e-01 0.000000e+00
2.206957e-03 2.565559e-04 3.019994e-01 1.775000e+00 5.000000e-01 0.000000e+00
2.364540e-03 2.643665e-04 3.019994e-01 1.825000e+00 5.000000e-01 0.000000e+00
1.456284e-03 2.059517e-04 3.019994e-01 1.875000e+00 5.000000e-01 0.000000e+00
1.834080e-03 2.292634e-04 3.019994e-01 1.925000e+00 5.000000e-01 0.000000e+00
2.197847e-03 2.488603e-04 3.019994e-01 1.975000e+00 5.000000e-01 0.000000e+00
1.720682e-03 2.185311e-04 3.019994e-01 2.025000e+00 5.000000e-01 0.000000e+00
2.118935e-03 2.399264e-04 3.019994e-01 2.075000e+00 5.000000e-01 0.000000e+00
1.982299e-03 2.304409e-04 3.019994e-01 2.125000e+00 5.000000e-01 0.000000e+00
1.464741e-03 1.957367e-04 3.019994e-01 2.175000e+00 5.000000e-01 0.000000e+00
1.542424e-03 1.991297e-04 3.019994e-01 2.225000e+00 5.000000e-01 0.000000e+00
1.602150e-03 2.002735e-04 3.019994e-01 2.275000e+00 5.000000e-01 0.000000e+00
1.371583e-03 1.832887e-04 3.019994e-01 2.325000e+00 5.000000e-01 0.000000e+00
1.626907e-03 1.972968e-04 3.019994e-01 2.375000e+00 5.000000e-01 0.000000e+00
1.214035e-03 1.683617e-04 3.019994e-01 2.425000e+00 5.000000e-01 0.000000e+00
7.219724e-04 1.276319e-04 3.019994e-01 2.475000e+00 5.000000e-01 0.000000e+00
1.019785e-03 1.503635e-04 3.019994e-01 2.525000e+00 5.000000e-01 0.000000e+00
9.396031e-04 1.416553e-04 3.019994e-01 2.575000e+00 5.000000e-01 0.000000e+00
1.240130e-03 1.601076e-04 3.019994e-01 2.625000e+00 5.000000e-01 0.000000e+00
1.789718e-03 1.886652e-04 3.019994e-01 2.675000e+00 5.000000e-01 0.000000e+00
1.147034e-03 1.480883e-04 3.019994e-01 2.725000e+00 5.000000e-01 0.000000e+00
5.089585e-04 9.619128e-05 3.019994e-01 2.775000e+00 5.000000e-01 0.000000e+00
1.288507e-03 1.498034e-04 3.019994e-01 2.825000e+00 5.000000e-01 0.000000e+00
6.589514e-04 1.041981e-04 3.019994e-01 2.875000e+00 5.000000e-01 0.000000e+00
4.642052e-01 4.330628e-03 3.119994e-01 2.500000e-02 5.000000e-01 0.000000e+00
7.709814e-02 1.751329e-03 3.119994e-01 7.500000e-02 5.000000e-01 0.000000e+00
2.417372e-03 3.120821e-04 3.119994e-01 1.250000e-01 5.000000e-01 0.000000e+00
1.284691e-03 2.271039e-04 3.119994e-01 1.750000e-01 5.000000e-01 0.000000e+00
1.760688e-03 2.654345e-04 3.119994e-01 2.250000e-01 5.000000e-01 0.000000e+00
1.597675e-03 2.526152e-04 3.119994e-01 2.750000e-01 5.000000e-01 0.000000e+00
5.560373e-04 1.486077e-04 3.119994e-01 3.250000e-01 5.000000e-01 0.000000e+00
1.022989e-03 2.006252e-04 3.119994e-01 3.750000e-01 5.000000e-01 0.000000e+00
1.399398e-03 2.332336e-04 3.119994e-01 4.250000e-01 5.000000e-01 0.000000e+00
6.125690e-04 1.531424e-04 3.119994e-01 4.750000e-01 5.000000e-01 0.000000e+00
1.052442e-03 1.988934e-04 3.119994e-01 5.250000e-01 5.000000e-01 0.000000e+00
1.205482e-03 2.131020e-04 3.119994e-01 5.750000e-01 5.000000e-01 0.000000e+00
7.619346e-04 1.703742e-04 3.119994e-01 6.250000e-01 5.000000e-01 0.000000e+00
9.068716e-04 1.851150e-04 3.119994e-01 6.750000e-01 5.000000e-01 0.000000e+00
9.058924e-04 1.849150e-04 3.119994e-01 7.250000e-01 5.000000e-01 0.000000e+00
8.115852e-04 1.730312e-04 3.119994e-01 7.750000e-01 5.000000e-01 0.000000e+00
1.098211e-03 2.005058e-04 3.119994e-01 8.250000e-01 5.000000e-01 0.000000e+00
1.088125e-03 1.986643e-04 3.119994e-01 8.750000e-01 5.000000e-01 0.000000e+00
5.789275e-04 1.447324e-04 3.119994e-01 9.250000e-01 5.000000e-01 0.000000e+00
7.910336e-04 1.686498e-04 3.119994e-01 9.750000e-01 5.000000e-01 0.000000e+00
6.467395e-04 1.524387e-04 3.119994e-01 1.025000e+00 5.000000e-01 0.000000e+00
9.960027e-04 1.882278e-04 3.119994e-01 1.075000e+00 5.000000e-01 0.000000e+00
1.399305e-03 2.212508e-04 3.119994e-01 1.125000e+00 5.000000e-01 0.000000e+00
8.974137e-04 1.759981e-04 3.119994e-01 1.175000e+00 5.000000e-01 0.000000e+00
1.025629e-03 1.872544e-04 3.119994e-01 1.225000e+00 5.000000e-01 0.000000e+00
1.022643e-03 1.867092e-04 3.119994e-01 1.275000e+00 5.000000e-01 0.000000e+00
1.215812e-03 2.026365e-04 3.119994e-01 1.325000e+00 5.000000e-01 0.000000e+00
1.461503e-03 2.203318e-04 3.119994e-01 1.375000e+00 5.000000e-01 0.000000e+00
1.048088e-03 1.852788e-04 3.119994e-01 1.425000e+00 5.000000e-01 0.000000e+00
5.827294e-04 1.373515e-04 3.119994e-01 1.475000e+00 5.000000e-01 0.000000e+00
1.480845e-03 2.183398e-04 3.119994e-01 1.525000e+00 5.000000e-01 0.000000e+00
1.213507e-03 1.968582e-04 3.119994e-01 1.575000e+00 5.000000e-01 0.000000e+00
1.254674e-03 1.983831e-04 3.119994e-01 1.625000e+00 5.000000e-01 0.000000e+00
1.675460e-03 2.280030e-04 3.119994e-01 1.675000e+00 5.000000e-01 0.000000e+00
1.591216e-03 2.206643e-04 3.119994e-01 1.725000e+00 5.000000e-01 0.000000e+00
1.700606e-03 2.272553e-04 3.119994e-01 1.775000e+00 5.000000e-01 0.000000e+00
1.769617e-03 2.284590e-04 3.119994e-01 1.825000e+00 5.000000e-01 0.000000e+00
1.294610e-03 1.951732e-04 3.119994e-01 1.875000e+00 5.000000e-01 0.000000e+00
1.612677e-03 2.155057e-04 3.119994e-01 1.925000e+00 5.000000e-01 0.000000e+00
2.654300e-03 2.737740e-04 3.119994e-01 1.975000e+00 5.000000e-01 0.000000e+00
1.731707e-03 2.199302e-04 3.119994e-01 2.025000e+00 5.000000e-01 0.000000e+00
1.529472e-03 2.043879e-04 3.119994e-01 2.075000e+00 5.000000e-01 0.000000e+00
2.478823e-03 2.584404e-04 3.119994e-01 2.125000e+00 5.000000e-01 0.000000e+00
1.781557e-03 2.160487e-04 3.119994e-01 2.175000e+00 5.000000e-01 0.000000e+00
1.240229e-03 1.790157e-04 3.119994e-01 2.225000e+00 5.000000e-01 0.000000e+00
1.965107e-03 2.225097e-04 3.119994e-01 2.275000e+00 5.000000e-01 0.000000e+00
1.725089e-03 2.061923e-04 3.119994e-01 2.325000e+00 5.000000e-01 0.000000e+00
1.771917e-03 2.059867e-04 3.119994e-01 2.375000e+00 5.000000e-01 0.000000e+00
1.218948e-03 1.690449e-04 3.119994e-01 2.425000e+00 5.000000e-01 0.000000e+00
1.320980e-03 1.734594e-04 3.119994e-01 2.475000e+00 5.000000e-01 0.000000e+00
7.973717e-04 1.329013e-04 3.119994e-01 2.525000e+00 5.000000e-01 0.000000e+00
9.418474e-04 1.419949e-04 3.119994e-01 2.575000e+00 5.000000e-01 0.000000e+00
9.515575e-04 1.403063e-04 3.119994e-01 2.625000e+00 5.000000e-01 0.000000e+00
1.244311e-03 1.580373e-04 3.119994e-01 2.675000e+00 5.000000e-01 0.000000e+00
1.422960e-03 1.654252e-04 3.119994e-01 2.725000e+00 5.000000e-01 0.000000e+00
8.444844e-04 1.245216e-04 3.119994e-01 2.775000e+00 5.000000e-01 0.000000e+00
1.400626e-03 1.566079e-04 3.119994e-01 2.825000e+00 5.000000e-01 0.000000e+00
1.028862e-03 1.306842e-04 3.119994e-01 2.875000e+00 5.000000e-01 0.000000e+00
4.723458e-01 4.360516e-03 3.219994e-01 2.500000e-02 5.000000e-01 0.000000e+00
7.572823e-02 1.741917e-03 3.219994e-01 7.500000e-02 5.000000e-01 0.000000e+00
4.066844e-03 4.066857e-04 3.219994e-01 1.250000e-01 5.000000e-01 0.000000e+00
1.774730e-03 2.675510e-04 3.219994e-01 1.750000e-01 5.000000e-01 0.000000e+00
1.458360e-03 2.430605e-04 3.219994e-01 2.250000e-01 5.000000e-01 0.000000e+00
1.438027e-03 2.396719e-04 3.219994e-01 2.750000e-01 5.000000e-01 0.000000e+00
1.196129e-03 2.183828e-04 3.219994e-01 3.250000e-01 5.000000e-01 0.000000e+00
1.587997e-03 2.510853e-04 3.219994e-01 3.750000e-01 5.000000e-01 0.000000e+00
1.365753e-03 2.276258e-04 3.219994e-01 4.250000e-01 5.000000e-01 0.000000e+00
8.377561e-04 1.786108e-04 3.219994e-01 4.750000e-01 5.000000e-01 0.000000e+00
1.002101e-03 1.965288e-04 3.219994e-01 5.250000e-01 5.000000e-01 0.000000e+00
3.823235e-04 1.209014e-04 3.219994e-01 5.750000e-01 5.000000e-01 0.000000e+00
6.914323e-04 1.629724e-04 3.219994e-01 6.250000e-01 5.000000e-01 0.000000e+00
1.137073e-03 2.076010e-04 3.219994e-01 6.750000e-01 5.000000e-01 0.000000e+00
9.838594e-04 1.929512e-04 3.219994e-01 7.250000e-01 5.000000e-01 0.000000e+00
1.123646e-03 2.051494e-04 3.219994e-01 7.750000e-01 5.000000e-01 0.000000e+00
1.029347e-03 1.945293e-04 3.219994e-01 8.250000e-01 5.000000e-01 0.000000e+00
1.379747e-03 2.238250e-04 3.219994e-01 8.750000e-01 5.000000e-01 0.000000e+00
8.739425e-04 1.783932e-04 3.219994e-01 9.250000e-01 5.000000e-01 0.000000e+00
1.306942e-03 2.178247e-04 3.219994e-01 9.750000e-01 5.000000e-01 0.000000e+00
7.889232e-04 1.681993e-04 3.219994e-01 1.025000e+00 5.000000e-01 0.000000e+00
7.812123e-04 1.665556e-04 3.219994e-01 1.075000e+00 5.000000e-01 0.000000e+00
1.057596e-03 1.930907e-04 3.219994e-01 1.125000e+00 5.000000e-01 0.000000e+00
1.042649e-03 1.903616e-04 3.219994e-01 1.175000e+00 5.000000e-01 0.000000e+00
1.520971e-03 2.292964e-04 3.219994e-01 1.225000e+00 5.000000e-01 0.000000e+00
1.020720e-03 1.863584e-04 3.219994e-01 1.275000e+00 5.000000e-01 0.000000e+00
8.092594e-04 1.651901e-04 3.219994e-01 1.325000e+00 5.000000e-01 0.000000e+00
1.001370e-03 1.828257e-04 3.219994e-01 1.375000e+00 5.000000e-01 0.000000e+00
9.282947e-04 1.754323e-04 3.219994e-01 1.425000e+00 5.000000e-01 0.000000e+00
1.044906e-03 1.847165e-04 3.219994e-01 1.475000e+00 5.000000e-01 0.000000e+00
9.035585e-04 1.707576e-04 3.219994e-01 1.525000e+00 5.000000e-01 0.000000e+00
8.903903e-04 1.682698e-04 3.219994e-01 1.575000e+00 5.000000e-01 0.000000e+00
1.263969e-03 1.998527e-04 3.219994e-01 1.625000e+00 5.000000e-01 0.000000e+00
1.610779e-03 2.233772e-04 3.219994e-01 1.675000e+00 5.000000e-01 0.000000e+00
1.288363e-03 1.988010e-04 3.219994e-01 1.725000e+00 5.000000e-01 0.000000e+00
2.178916e-03 2.567904e-04 3.219994e-01 1.775000e+00 5.000000e-01 0.000000e+00
1.736104e-03 2.279639e-04 3.219994e-01 1.825000e+00 5.000000e-01 0.000000e+00
2.518025e-03 2.715295e-04 3.219994e-01 1.875000e+00 5.000000e-01 0.000000e+00
2.496160e-03 2.691718e-04 3.219994e-01 1.925000e+00 5.000000e-01 0.000000e+00
1.706649e-03 2.203299e-04 3.219994e-01 1.975000e+00 5.000000e-01 0.000000e+00
1.563228e-03 2.088990e-04 3.219994e-01 2.025000e+00 5.000000e-01 0.000000e+00
1.606749e-03 2.109804e-04 3.219994e-01 2.075000e+00 5.000000e-01 0.000000e+00
1.664782e-03 2.114311e-04 3.219994e-01 2.125000e+00 5.000000e-01 0.000000e+00
1.380042e-03 1.913799e-04 3.219994e-01 2.175000e+00 5.000000e-01 0.000000e+00
1.601334e-03 2.033744e-04 3.219994e-01 2.225000e+00 5.000000e-01 0.000000e+00
1.823255e-03 2.148778e-04 3.219994e-01 2.275000e+00 5.000000e-01 0.000000e+00
1.384569e-03 1.850244e-04 3.219994e-01 2.325000e+00 5.000000e-01 0.000000e+00
1.397632e-03 1.835245e-04 3.219994e-01 2.375000e+00 5.000000e-01 0.000000e+00
1.415047e-03 1.826871e-04 3.219994e-01 2.425000e+00 5.000000e-01 0.000000e+00
9.652805e-04 1.489507e-04 3.219994e-01 2.475000e+00 5.000000e-01 0.000000e+00
1.107931e-03 1.566895e-04 3.219994e-01 2.525000e+00 5.000000e-01 0.000000e+00
1.127288e-03 1.563346e-04 3.219994e-01 2.575000e+00 5.000000e-01 0.000000e+00
6.635918e-04 1.173122e-04 3.219994e-01 2.625000e+00 5.000000e-01 0.000000e+00
1.004305e-03 1.420373e-04 3.219994e-01 2.675000e+00 5.000000e-01 0.000000e+00
1.552164e-03 1.735544e-04 3.219994e-01 2.725000e+00 5.000000e-01 0.000000e+00
1.333231e-03 1.571331e-04 3.219994e-01 2.775000e+00 5.000000e-01 0.000000e+00
1.334375e-03 1.530771e-04 3.219994e-01 2.825000e+00 5.000000e-01 0.000000e+00
1.070078e-03 1.337773e-04 3.219994e-01 2.875000e+00 5.000000e-01 0.000000e+00
4.726665e-01 4.345369e-03 3.319994e-01 2.500000e-02 5.000000e-01 0.000000e+00
7.726440e-02 1.772569e-03 3.319994e-01 7.500000e-02 5.000000e-01 0.000000e+00
3.964699e-03 4.004961e-04 3.319994e-01 1.250000e-01 5.000000e-01 0.000000e+00
1.939247e-03 2.799067e-04 3.319994e-01 1.750000e-01 5.000000e-01 0.000000e+00
1.058734e-03 2.076357e-04 3.319994e-01 2.250000e-01 5.000000e-01 0.000000e+00
1.691793e-03 2.610499e-04 3.319994e-01 2.750000e-01 5.000000e-01 0.000000e+00
1.200771e-03 2.192305e-04 3.319994e-01 3.250000e-01 5.000000e-01 0.000000e+00
1.329562e-03 2.280187e-04 3.319994e-01 3.750000e-01 5.000000e-01 0.000000e+00
1.155931e-03 2.110436e-04 3.319994e-01 4.250000e-01 5.000000e-01 0.000000e+00
3.884697e-04 1.228453e-04 3.319994e-01 4.750000e-01 5.000000e-01 0.000000e+00
5.389680e-04 1.440459e-04 3.319994e-01 5.250000e-01 5.000000e-01 0.000000e+00
5.386662e-04 1.439653e-04 3.319994e-01 5.750000e-01 5.000000e-01 0.000000e+00
7.692909e-04 1.720192e-04 3.319994e-01 6.250000e-01 5.000000e-01 0.000000e+00
9.936953e-04 1.948806e-04 3.319994e-01 6.750000e-01 5.000000e-01 0.000000e+00
1.133465e-03 2.069421e-04 3.319994e-01 7.250000e-01 5.000000e-01 0.000000e+00
8.991362e-04 1.835362e-04 3.319994e-01 7.750000e-01 5.000000e-01 0.000000e+00
1.108562e-03 2.023952e-04 3.319994e-01 8.250000e-01 5.000000e-01 0.000000e+00
8.866737e-04 1.809922e-04 3.319994e-01 8.750000e-01 5.000000e-01 0.000000e+00
6.594035e-04 1.554235e-04 3.319994e-01 9.250000e-01 5.000000e-01 0.000000e+00
1.088687e-03 1.987672e-04 3.319994e-01 9.750000e-01 5.000000e-01 0.000000e+00
1.224164e-03 2.099433e-04 3.319994e-01 1.025000e+00 5.000000e-01 0.000000e+00
7.174643e-04 1.604306e-04 3.319994e-01 1.075000e+00 5.000000e-01 0.000000e+00
1.342303e-03 2.177517e-04 3.319994e-01 1.125000e+00 5.000000e-01 0.000000e+00
8.428177e-04 1.720398e-04 3.319994e-01 1.175000e+00 5.000000e-01 0.000000e+00
9.691713e-04 1.831574e-04 3.319994e-01 1.225000e+00 5.000000e-01 0.000000e+00
9.637625e-04 1.821350e-04 3.319994e-01 1.275000e+00 5.000000e-01 0.000000e+00
9.523024e-04 1.799691e-04 3.319994e-01 1.325000e+00 5.000000e-01 0.000000e+00
7.363112e-04 1.569829e-04 3.319994e-01 1.375000e+00 5.000000e-01 0.000000e+00
9.300835e-04 1.757706e-04 3.319994e-01 1.425000e+00 5.000000e-01 0.000000e+00
1.318997e-03 2.085528e-04 3.319994e-01 1.475000e+00 5.000000e-01 0.000000e+00
2.076711e-03 2.595908e-04 3.319994e-01 1.525000e+00 5.000000e-01 0.000000e+00
6.434155e-04 1.438734e-04 3.319994e-01 1.575000e+00 5.000000e-01 0.000000e+00
1.012976e-03 1.790718e-04 3.319994e-01 1.625000e+00 5.000000e-01 0.000000e+00
1.636954e-03 2.270062e-04 3.319994e-01 1.675000e+00 5.000000e-01 0.000000e+00
1.167725e-03 1.894313e-04 3.319994e-01 1.725000e+00 5.000000e-01 0.000000e+00
2.607987e-03 2.812292e-04 3.319994e-01 1.775000e+00 5.000000e-01 0.000000e+00
1.985394e-03 2.443872e-04 3.319994e-01 1.825000e+00 5.000000e-01 0.000000e+00
2.712921e-03 2.828451e-04 3.319994e-01 1.875000e+00 5.000000e-01 0.000000e+00
1.571523e-03 2.138595e-04 3.319994e-01 1.925000e+00 5.000000e-01 0.000000e+00
2.178050e-03 2.498432e-04 3.319994e-01 1.975000e+00 5.000000e-01 0.000000e+00
1.963286e-03 2.346613e-04 3.319994e-01 2.025000e+00 5.000000e-01 0.000000e+00
1.830850e-03 2.253652e-04 3.319994e-01 2.075000e+00 5.000000e-01 0.000000e+00
2.049033e-03 2.350453e-04 3.319994e-01 2.125000e+00 5.000000e-01 0.000000e+00
1.650351e-03 2.095979e-04 3.319994e-01 2.175000e+00 5.000000e-01 0.000000e+00
1.192964e-03 1.758954e-04 3.319994e-01 2.225000e+00 5.000000e-01 0.000000e+00
1.326564e-03 1.839650e-04 3.319994e-01 2.275000e+00 5.000000e-01 0.000000e+00
1.237403e-03 1.749982e-04 3.319994e-01 2.325000e+00 5.000000e-01 0.000000e+00
1.644074e-03 1.993780e-04 3.319994e-01 2.375000e+00 5.000000e-01 0.000000e+00
8.996847e-04 1.459517e-04 3.319994e-01 2.425000e+00 5.000000e-01 0.000000e+00
1.338194e-03 1.757211e-04 3.319994e-01 2.475000e+00 5.000000e-01 0.000000e+00
1.564188e-03 1.869651e-04 3.319994e-01 2.525000e+00 5.000000e-01 0.000000e+00
1.038778e-03 1.499409e-04 3.319994e-01 2.575000e+00 5.000000e-01 0.000000e+00
1.049792e-03 1.484722e-04 3.319994e-01 2.625000e+00 5.000000e-01 0.000000e+00
1.287842e-03 1.609877e-04 3.319994e-01 2.675000e+00 5.000000e-01 0.000000e+00
1.395451e-03 1.644681e-04 3.319994e-01 2.725000e+00 5.000000e-01 0.000000e+00
5.549046e-04 1.013197e-04 3.319994e-01 2.775000e+00 5.000000e-01 0.000000e+00
1.170298e-03 1.440685e-04 3.319994e-01 2.825000e+00 5.000000e-01 0.000000e+00
1.309169e-03 1.482516e-04 3.319994e-01 2.875000e+00 5.000000e-01 0.000000e+00
4.832856e-01 4.407011e-03 3.419994e-01 2.500000e-02 5.000000e-01 0.000000e+00
8.164773e-02 1.831203e-03 3.419994e-01 7.500000e-02 5.000000e-01 0.000000e+00
2.964173e-03 3.445789e-04 3.419994e-01 1.250000e-01 5.000000e-01 0.000000e+00
1.794362e-03 2.705111e-04 3.419994e-01 1.750000e-01 5.000000e-01 0.000000e+00
1.756490e-03 2.648015e-04 3.419994e-01 2.250000e-01 5.000000e-01 0.000000e+00
2.007323e-03 2.838790e-04 3.419994e-01 2.750000e-01 5.000000e-01 0.000000e+00
1.127314e-03 2.130431e-04 3.419994e-01 3.250000e-01 5.000000e-01 0.000000e+00
1.115169e-03 2.107478e-04 3.419994e-01 3.750000e-01 5.000000e-01 0.000000e+00
1.181383e-03 2.156906e-04 3.419994e-01 4.250000e-01 5.000000e-01 0.000000e+00
5.446811e-04 1.455724e-04 3.419994e-01 4.750000e-01 5.000000e-01 0.000000e+00
3.087457e-04 1.091585e-04 3.419994e-01 5.250000e-01 5.000000e-01 0.000000e+00
1.236001e-03 2.184970e-04 3.419994e-01 5.750000e-01 5.000000e-01 0.000000e+00
5.361132e-04 1.432825e-04 3.419994e-01 6.250000e-01 5.000000e-01 0.000000e+00
9.167909e-04 1.871396e-04 3.419994e-01 6.750000e-01 5.000000e-01 0.000000e+00
5.307523e-04 1.418500e-04 3.419994e-01 7.250000e-01 5.000000e-01 0.000000e+00
9.803252e-04 1.922583e-04 3.419994e-01 7.750000e-01 5.000000e-01 0.000000e+00
9.024031e-04 1.842032e-04 3.419994e-01 8.250000e-01 5.000000e-01 0.000000e+00
9.660367e-04 1.894560e-04 3.419994e-01 8.750000e-01 5.000000e-01 0.000000e+00
8.083438e-04 1.723401e-04 3.419994e-01 9.250000e-01 5.000000e-01 0.000000e+00
1.101603e-03 2.011251e-04 3.419994e-01 9.750000e-01 5.000000e-01 0.000000e+00
5.040371e-04 1.347100e-04 3.419994e-01 1.025000e+00 5.000000e-01 0.000000e+00
8.613354e-04 1.758204e-04 3.419994e-01 1.075000e+00 5.000000e-01 0.000000e+00
9.240200e-04 1.812167e-04 3.419994e-01 1.125000e+00 5.000000e-01 0.000000e+00
1.333601e-03 2.163396e-04 3.419994e-01 1.175000e+00 5.000000e-01 0.000000e+00
7.681211e-04 1.637647e-04 3.419994e-01 1.225000e+00 5.000000e-01 0.000000e+00
6.892352e-04 1.541187e-04 3.419994e-01 1.275000e+00 5.000000e-01 0.000000e+00
1.371425e-03 2.168429e-04 3.419994e-01 1.325000e+00 5.000000e-01 0.000000e+00
1.486139e-03 2.240452e-04 3.419994e-01 1.375000e+00 5.000000e-01 0.000000e+00
9.321132e-04 1.761548e-04 3.419994e-01 1.425000e+00 5.000000e-01 0.000000e+00
7.273080e-04 1.550637e-04 3.419994e-01 1.475000e+00 5.000000e-01 0.000000e+00
1.504146e-03 2.217766e-04 3.419994e-01 1.525000e+00 5.000000e-01 0.000000e+00
1.344361e-03 2.074408e-04 3.419994e-01 1.575000e+00 5.000000e-01 0.000000e+00
1.086274e-03 1.862962e-04 3.419994e-01 1.625000e+00 5.000000e-01 0.000000e+00
1.690436e-03 2.300419e-04 3.419994e-01 1.675000e+00 5.000000e-01 0.000000e+00
1.244915e-03 1.968401e-04 3.419994e-01 1.725000e+00 5.000000e-01 0.000000e+00
1.592645e-03 2.208627e-04 3.419994e-01 1.775000e+00 5.000000e-01 0.000000e+00
1.979581e-03 2.436724e-04 3.419994e-01 1.825000e+00 5.000000e-01 0.000000e+00
1.728746e-03 2.269976e-04 3.419994e-01 1.875000e+00 5.000000e-01 0.000000e+00
2.047932e-03 2.447783e-04 3.419994e-01 1.925000e+00 5.000000e-01 0.000000e+00
1.719336e-03 2.219683e-04 3.419994e-01 1.975000e+00 5.000000e-01 0.000000e+00
1.980846e-03 2.367602e-04 3.419994e-01 2.025000e+00 5.000000e-01 0.000000e+00
1.998432e-03 2.355221e-04 3.419994e-01 2.075000e+00 5.000000e-01 0.000000e+00
2.709282e-03 2.709330e-04 3.419994e-01 2.125000e+00 5.000000e-01 0.000000e+00
1.864984e-03 2.229128e-04 3.419994e-01 2.175000e+00 5.000000e-01 0.000000e+00
1.258442e-03 1.816449e-04 3.419994e-01 2.225000e+00 5.000000e-01 0.000000e+00
1.325449e-03 1.838106e-04 3.419994e-01 2.275000e+00 5.000000e-01 0.000000e+00
1.250703e-03 1.768796e-04 3.419994e-01 2.325000e+00 5.000000e-01 0.000000e+00
2.049227e-03 2.235962e-04 3.419994e-01 2.375000e+00 5.000000e-01 0.000000e+00
1.135884e-03 1.639552e-04 3.419994e-01 2.425000e+00 5.000000e-01 0.000000e+00
1.209947e-03 1.677960e-04 3.419994e-01 2.475000e+00 5.000000e-01 0.000000e+00
9.889988e-04 1.491048e-04 3.419994e-01 2.525000e+00 5.000000e-01 0.000000e+00
8.266420e-04 1.341050e-04 3.419994e-01 2.575000e+00 5.000000e-01 0.000000e+00
8.837893e-04 1.363783e-04 3.419994e-01 2.625000e+00 5.000000e-01 0.000000e+00
8.120614e-04 1.284068e-04 3.419994e-01 2.675000e+00 5.000000e-01 0.000000e+00
1.057850e-03 1.439693e-04 3.419994e-01 2.725000e+00 5.000000e-01 0.000000e+00
8.565424e-04 1.263014e-04 3.419994e-01 2.775000e+00 5.000000e-01 0.000000e+00
1.599070e-03 1.685725e-04 3.419994e-01 2.825000e+00 5.000000e-01 0.000000e+00
9.795642e-04 1.286385e-04 3.419994e-01 2.875000e+00 5.000000e-01 0.000000e+00
4.855298e-01 4.467781e-03 3.519993e-01 2.500000e-02 5.000000e-01 0.000000e+00
8.137695e-02 1.832519e-03 3.519993e-01 7.500000e-02 5.000000e-01 0.000000e+00
3.376110e-03 3.683646e-04 3.519993e-01 1.250000e-01 5.000000e-01 0.000000e+00
2.437135e-03 3.146334e-04 3.519993e-01 1.750000e-01 5.000000e-01 0.000000e+00
1.204526e-03 2.199160e-04 3.519993e-01 2.250000e-01 5.000000e-01 0.000000e+00
1.379782e-03 2.366312e-04 3.519993e-01 2.750000e-01 5.000000e-01 0.000000e+00
1.362299e-03 2.336331e-04 3.519993e-01 3.250000e-01 5.000000e-01 0.000000e+00
1.363039e-03 2.337599e-04 3.519993e-01 3.750000e-01 5.000000e-01 0.000000e+00
7.025284e-04 1.655881e-04 3.519993e-01 4.250000e-01 5.000000e-01 0.000000e+00
9.381955e-04 1.915087e-04 3.519993e-01 4.750000e-01 5.000000e-01 0.000000e+00
1.487851e-03 2.413620e-04 3.519993e-01 5.250000e-01 5.000000e-01 0.000000e+00
9.323874e-04 1.903234e-04 3.519993e-01 5.750000e-01 5.000000e-01 0.000000e+00
4.687638e-04 1.353207e-04 3.519993e-01 6.250000e-01 5.000000e-01 0.000000e+00
1.002314e-03 1.965705e-04 3.519993e-01 6.750000e-01 5.000000e-01 0.000000e+00
9.967353e-04 1.954766e-04 3.519993e-01 7.250000e-01 5.000000e-01 0.000000e+00
1.059106e-03 2.001529e-04 3.519993e-01 7.750000e-01 5.000000e-01 0.000000e+00
1.343842e-03 2.239744e-04 3.519993e-01 8.250000e-01 5.000000e-01 0.000000e+00
7.474101e-04 1.671267e-04 3.519993e-01 8.750000e-01 5.000000e-01 0.000000e+00
9.604086e-04 1.883522e-04 3.519993e-01 9.250000e-01 5.000000e-01 0.000000e+00
1.759309e-03 2.539364e-04 3.519993e-01 9.750000e-01 5.000000e-01 0.000000e+00
1.173908e-03 2.075202e-04 3.519993e-01 1.025000e+00 5.000000e-01 0.000000e+00
8.604087e-04 1.756310e-04 3.519993e-01 1.075000e+00 5.000000e-01 0.000000e+00
8.550887e-04 1.745451e-04 3.519993e-01 1.125000e+00 5.000000e-01 0.000000e+00
5.660285e-04 1.415080e-04 3.519993e-01 1.175000e+00 5.000000e-01 0.000000e+00
6.962882e-04 1.556954e-04 3.519993e-01 1.225000e+00 5.000000e-01 0.000000e+00
5.553041e-04 1.388265e-04 3.519993e-01 1.275000e+00 5.000000e-01 0.000000e+00
1.242397e-03 2.070672e-04 3.519993e-01 1.325000e+00 5.000000e-01 0.000000e+00
8.107519e-04 1.654948e-04 3.519993e-01 1.375000e+00 5.000000e-01 0.000000e+00
8.710279e-04 1.708238e-04 3.519993e-01 1.425000e+00 5.000000e-01 0.000000e+00
9.265633e-04 1.751046e-04 3.519993e-01 1.475000e+00 5.000000e-01 0.000000e+00
1.504494e-03 2.218272e-04 3.519993e-01 1.525000e+00 5.000000e-01 0.000000e+00
1.106464e-03 1.897579e-04 3.519993e-01 1.575000e+00 5.000000e-01 0.000000e+00
1.083059e-03 1.857450e-04 3.519993e-01 1.625000e+00 5.000000e-01 0.000000e+00
1.509931e-03 2.179414e-04 3.519993e-01 1.675000e+00 5.000000e-01 0.000000e+00
1.246005e-03 1.970130e-04 3.519993e-01 1.725000e+00 5.000000e-01 0.000000e+00
1.601747e-03 2.221245e-04 3.519993e-01 1.775000e+00 5.000000e-01 0.000000e+00
1.872595e-03 2.378218e-04 3.519993e-01 1.825000e+00 5.000000e-01 0.000000e+00
1.437335e-03 2.074646e-04 3.519993e-01 1.875000e+00 5.000000e-01 0.000000e+00
1.697190e-03 2.228548e-04 3.519993e-01 1.925000e+00 5.000000e-01 0.000000e+00
2.076650e-03 2.447388e-04 3.519993e-01 1.975000e+00 5.000000e-01 0.000000e+00
1.822909e-03 2.278666e-04 3.519993e-01 2.025000e+00 5.000000e-01 0.000000e+00
1.949076e-03 2.329620e-04 3.519993e-01 2.075000e+00 5.000000e-01 0.000000e+00
1.638789e-03 2.115706e-04 3.519993e-01 2.125000e+00 5.000000e-01 0.000000e+00
1.933736e-03 2.278971e-04 3.519993e-01 2.175000e+00 5.000000e-01 0.000000e+00
1.466988e-03 1.960389e-04 3.519993e-01 2.225000e+00 5.000000e-01 0.000000e+00
1.436035e-03 1.919029e-04 3.519993e-01 2.275000e+00 5.000000e-01 0.000000e+00
1.567466e-03 1.990745e-04 3.519993e-01 2.325000e+00 5.000000e-01 0.000000e+00
1.517792e-03 1.927670e-04 3.519993e-01 2.375000e+00 5.000000e-01 0.000000e+00
9.987412e-04 1.541141e-04 3.519993e-01 2.425000e+00 5.000000e-01 0.000000e+00
1.113855e-03 1.607777e-04 3.519993e-01 2.475000e+00 5.000000e-01 0.000000e+00
1.173293e-03 1.627126e-04 3.519993e-01 2.525000e+00 5.000000e-01 0.000000e+00
7.419476e-04 1.272464e-04 3.519993e-01 2.575000e+00 5.000000e-01 0.000000e+00
1.060190e-03 1.499400e-04 3.519993e-01 2.625000e+00 5.000000e-01 0.000000e+00
9.825710e-04 1.418297e-04 3.519993e-01 2.675000e+00 5.000000e-01 0.000000e+00
1.291808e-03 1.590243e-04 3.519993e-01 2.725000e+00 5.000000e-01 0.000000e+00
1.051841e-03 1.405686e-04 3.519993e-01 2.775000e+00 5.000000e-01 0.000000e+00
1.358388e-03 1.558339e-04 3.519993e-01 2.825000e+00 5.000000e-01 0.000000e+00
9.466932e-04 1.265252e-04 3.519993e-01 2.875000e+00 5.000000e-01 0.000000e+00
4.712532e-01 4.405207e-03 3.619993e-01 2.500000e-02 5.000000e-01 0.000000e+00
8.759515e-02 1.871796e-03 3.619993e-01 7.500000e-02 5.000000e-01 0.000000e+00
4.838398e-03 4.454117e-04 3.619993e-01 1.250000e-01 5.000000e-01 0.000000e+00
1.957736e-03 2.825755e-04 3.619993e-01 1.750000e-01 5.000000e-01 0.000000e+00
1.305789e-03 2.308334e-04 3.619993e-01 2.250000e-01 5.000000e-01 0.000000e+00
1.716447e-03 2.648543e-04 3.619993e-01 2.750000e-01 5.000000e-01 0.000000e+00
1.303556e-03 2.304388e-04 3.619993e-01 3.250000e-01 5.000000e-01 0.000000e+00
1.139487e-03 2.153434e-04 3.619993e-01 3.750000e-01 5.000000e-01 0.000000e+00
1.185570e-03 2.164551e-04 3.619993e-01 4.250000e-01 5.000000e-01 0.000000e+00
1.035244e-03 2.030286e-04 3.619993e-01 4.750000e-01 5.000000e-01 0.000000e+00
3.931780e-04 1.243342e-04 3.619993e-01 5.250000e-01 5.000000e-01 0.000000e+00
1.091008e-03 2.061818e-04 3.619993e-01 5.750000e-01 5.000000e-01 0.000000e+00
9.371688e-04 1.912993e-04 3.619993e-01 6.250000e-01 5.000000e-01 0.000000e+00
8.522058e-04 1.816913e-04 3.619993e-01 6.750000e-01 5.000000e-01 0.000000e+00
3.840988e-04 1.214630e-04 3.619993e-01 7.250000e-01 5.000000e-01 0.000000e+00
1.140057e-03 2.081461e-04 3.619993e-01 7.750000e-01 5.000000e-01 0.000000e+00
7.521637e-04 1.681896e-04 3.619993e-01 8.250000e-01 5.000000e-01 0.000000e+00
1.416795e-03 2.298353e-04 3.619993e-01 8.750000e-01 5.000000e-01 0.000000e+00
8.182593e-04 1.744543e-04 3.619993e-01 9.250000e-01 5.000000e-01 0.000000e+00
1.034341e-03 1.954726e-04 3.619993e-01 9.750000e-01 5.000000e-01 0.000000e+00
6.562160e-04 1.546724e-04 3.619993e-01 1.025000e+00 5.000000e-01 0.000000e+00
6.537308e-04 1.540863e-04 3.619993e-01 1.075000e+00 5.000000e-01 0.000000e+00
9.988625e-04 1.887688e-04 3.619993e-01 1.125000e+00 5.000000e-01 0.000000e+00
1.204759e-03 2.066156e-04 3.619993e-01 1.175000e+00 5.000000e-01 0.000000e+00
1.684870e-03 2.431913e-04 3.619993e-01 1.225000e+00 5.000000e-01 0.000000e+00
5.553503e-04 1.388383e-04 3.619993e-01 1.275000e+00 5.000000e-01 0.000000e+00
1.512410e-03 2.280055e-04 3.619993e-01 1.325000e+00 5.000000e-01 0.000000e+00
1.575615e-03 2.323135e-04 3.619993e-01 1.375000e+00 5.000000e-01 0.000000e+00
8.096150e-04 1.652635e-04 3.619993e-01 1.425000e+00 5.000000e-01 0.000000e+00
1.126447e-03 1.931863e-04 3.619993e-01 1.475000e+00 5.000000e-01 0.000000e+00
1.123129e-03 1.926165e-04 3.619993e-01 1.525000e+00 5.000000e-01 0.000000e+00
8.431597e-04 1.653591e-04 3.619993e-01 1.575000e+00 5.000000e-01 0.000000e+00
1.412676e-03 2.129712e-04 3.619993e-01 1.625000e+00 5.000000e-01 0.000000e+00
1.713232e-03 2.331444e-04 3.619993e-01 1.675000e+00 5.000000e-01 0.000000e+00
1.624619e-03 2.252963e-04 3.619993e-01 1.725000e+00 5.000000e-01 0.000000e+00
1.785576e-03 2.344613e-04 3.619993e-01 1.775000e+00 5.000000e-01 0.000000e+00
1.837926e-03 2.372780e-04 3.619993e-01 1.825000e+00 5.000000e-01 0.000000e+00
2.750068e-03 2.867190e-04 3.619993e-01 1.875000e+00 5.000000e-01 0.000000e+00
1.941026e-03 2.389271e-04 3.619993e-01 1.925000e+00 5.000000e-01 0.000000e+00
1.280990e-03 1.931191e-04 3.619993e-01 1.975000e+00 5.000000e-01 0.000000e+00
1.759667e-03 2.234810e-04 3.619993e-01 2.025000e+00 5.000000e-01 0.000000e+00
2.177108e-03 2.465113e-04 3.619993e-01 2.075000e+00 5.000000e-01 0.000000e+00
2.356389e-03 2.541011e-04 3.619993e-01 2.125000e+00 5.000000e-01 0.000000e+00
1.458565e-03 1.984888e-04 3.619993e-01 2.175000e+00 5.000000e-01 0.000000e+00
9.477056e-04 1.579537e-04 3.619993e-01 2.225000e+00 5.000000e-01 0.000000e+00
1.236875e-03 1.785309e-04 3.619993e-01 2.275000e+00 5.000000e-01 0.000000e+00
1.713269e-03 2.077690e-04 3.619993e-01 2.325000e+00 5.000000e-01 0.000000e+00
1.731129e-03 2.069147e-04 3.619993e-01 2.375000e+00 5.000000e-01 0.000000e+00
8.158121e-04 1.399137e-04 3.619993e-01 2.425000e+00 5.000000e-01 0.000000e+00
8.388493e-04 1.398130e-04 3.619993e-01 2.475000e+00 5.000000e-01 0.000000e+00
9.939736e-04 1.498540e-04 3.619993e-01 2.525000e+00 5.000000e-01 0.000000e+00
5.259572e-04 1.073659e-04 3.619993e-01 2.575000e+00 5.000000e-01 0.000000e+00
1.313848e-03 1.668672e-04 3.619993e-01 2.625000e+00 5.000000e-01 0.000000e+00
8.229734e-04 1.301293e-04 3.619993e-01 2.675000e+00 5.000000e-01 0.000000e+00
1.064992e-03 1.449376e-04 3.619993e-01 2.725000e+00 5.000000e-01 0.000000e+00
1.085161e-03 1.425019e-04 3.619993e-01 2.775000e+00 5.000000e-01 0.000000e+00
1.255178e-03 1.500354e-04 3.619993e-01 2.825000e+00 5.000000e-01 0.000000e+00
1.027447e-03 1.326566e-04 3.619993e-01 2.875000e+00 5.000000e-01 0.000000e+00
4.979846e-01 4.561961e-03 3.719993e-01 2.500000e-02 5.000000e-01 0.000000e+00
9.311654e-02 1.950114e-03 3.719993e-01 7.500000e-02 5.000000e-01 0.000000e+00
4.361078e-03 4.276400e-04 3.719993e-01 1.250000e-01 5.000000e-01 0.000000e+00
2.518681e-03 3.198736e-04 3.719993e-01 1.750000e-01 5.000000e-01 0.000000e+00
1.747958e-03 2.697163e-04 3.719993e-01 2.250000e-01 5.000000e-01 0.000000e+00
1.866457e-03 2.751946e-04 3.719993e-01 2.750000e-01 5.000000e-01 0.000000e+00
1.221682e-03 2.230482e-04 3.719993e-01 3.250000e-01 5.000000e-01 0.000000e+00
1.123578e-03 2.123371e-04 3.719993e-01 3.750000e-01 5.000000e-01 0.000000e+00
1.040163e-03 2.039934e-04 3.719993e-01 4.250000e-01 5.000000e-01 0.000000e+00
9.512366e-04 1.941708e-04 3.719993e-01 4.750000e-01 5.000000e-01 0.000000e+00
3.144978e-04 1.111920e-04 3.719993e-01 5.250000e-01 5.000000e-01 0.000000e+00
4.746471e-04 1.370190e-04 3.719993e-01 5.750000e-01 5.000000e-01 0.000000e+00
4.658384e-04 1.344763e-04 3.719993e-01 6.250000e-01 5.000000e-01 0.000000e+00
5.460926e-04 1.459498e-04 3.719993e-01 6.750000e-01 5.000000e-01 0.000000e+00
6.150887e-04 1.537727e-04 3.719993e-01 7.250000e-01 5.000000e-01 0.000000e+00
6.881252e-04 1.621931e-04 3.719993e-01 7.750000e-01 5.000000e-01 0.000000e+00
1.204862e-03 2.129924e-04 3.719993e-01 8.250000e-01 5.000000e-01 0.000000e+00
1.046727e-03 1.978138e-04 3.719993e-01 8.750000e-01 5.000000e-01 0.000000e+00
8.197982e-04 1.747826e-04 3.719993e-01 9.250000e-01 5.000000e-01 0.000000e+00
9.583338e-04 1.879457e-04 3.719993e-01 9.750000e-01 5.000000e-01 0.000000e+00
5.848810e-04 1.462209e-04 3.719993e-01 1.025000e+00 5.000000e-01 0.000000e+00
8.728545e-04 1.781716e-04 3.719993e-01 1.075000e+00 5.000000e-01 0.000000e+00
5.046117e-04 1.348639e-04 3.719993e-01 1.125000e+00 5.000000e-01 0.000000e+00
8.595514e-04 1.754563e-04 3.719993e-01 1.175000e+00 5.000000e-01 0.000000e+00
1.414569e-03 2.236638e-04 3.719993e-01 1.225000e+00 5.000000e-01 0.000000e+00
8.317731e-04 1.697864e-04 3.719993e-01 1.275000e+00 5.000000e-01 0.000000e+00
7.603844e-04 1.621153e-04 3.719993e-01 1.325000e+00 5.000000e-01 0.000000e+00
8.889124e-04 1.743317e-04 3.719993e-01 1.375000e+00 5.000000e-01 0.000000e+00
6.099038e-04 1.437568e-04 3.719993e-01 1.425000e+00 5.000000e-01 0.000000e+00
5.372613e-04 1.343164e-04 3.719993e-01 1.475000e+00 5.000000e-01 0.000000e+00
9.236719e-04 1.745589e-04 3.719993e-01 1.525000e+00 5.000000e-01 0.000000e+00
1.369918e-03 2.113846e-04 3.719993e-01 1.575000e+00 5.000000e-01 0.000000e+00
7.106606e-04 1.515148e-04 3.719993e-01 1.625000e+00 5.000000e-01 0.000000e+00
1.213816e-03 1.969091e-04 3.719993e-01 1.675000e+00 5.000000e-01 0.000000e+00
1.378337e-03 2.077938e-04 3.719993e-01 1.725000e+00 5.000000e-01 0.000000e+00
1.791799e-03 2.352773e-04 3.719993e-01 1.775000e+00 5.000000e-01 0.000000e+00
2.152062e-03 2.572230e-04 3.719993e-01 1.825000e+00 5.000000e-01 0.000000e+00
1.919415e-03 2.399308e-04 3.719993e-01 1.875000e+00 5.000000e-01 0.000000e+00
1.414998e-03 2.042402e-04 3.719993e-01 1.925000e+00 5.000000e-01 0.000000e+00
2.226621e-03 2.554155e-04 3.719993e-01 1.975000e+00 5.000000e-01 0.000000e+00
1.998379e-03 2.388559e-04 3.719993e-01 2.025000e+00 5.000000e-01 0.000000e+00
1.456001e-03 2.019147e-04 3.719993e-01 2.075000e+00 5.000000e-01 0.000000e+00
1.985826e-03 2.340354e-04 3.719993e-01 2.125000e+00 5.000000e-01 0.000000e+00
2.330028e-03 2.512585e-04 3.719993e-01 2.175000e+00 5.000000e-01 0.000000e+00
1.170060e-03 1.763965e-04 3.719993e-01 2.225000e+00 5.000000e-01 0.000000e+00
1.498078e-03 1.967119e-04 3.719993e-01 2.275000e+00 5.000000e-01 0.000000e+00
1.465023e-03 1.923710e-04 3.719993e-01 2.325000e+00 5.000000e-01 0.000000e+00
1.040256e-03 1.605209e-04 3.719993e-01 2.375000e+00 5.000000e-01 0.000000e+00
1.206795e-03 1.706716e-04 3.719993e-01 2.425000e+00 5.000000e-01 0.000000e+00
1.174739e-03 1.661401e-04 3.719993e-01 2.475000e+00 5.000000e-01 0.000000e+00
8.213620e-04 1.369014e-04 3.719993e-01 2.525000e+00 5.000000e-01 0.000000e+00
7.985122e-04 1.330890e-04 3.719993e-01 2.575000e+00 5.000000e-01 0.000000e+00
8.949800e-04 1.381044e-04 3.719993e-01 2.625000e+00 5.000000e-01 0.000000e+00
1.320209e-03 1.650376e-04 3.719993e-01 2.675000e+00 5.000000e-01 0.000000e+00
1.580560e-03 1.767246e-04 3.719993e-01 2.725000e+00 5.000000e-01 0.000000e+00
1.024132e-03 1.393792e-04 3.719993e-01 2.775000e+00 5.000000e-01 0.000000e+00
1.116484e-03 1.418077e-04 3.719993e-01 2.825000e+00 5.000000e-01 0.000000e+00
1.278035e-03 1.466182e-04 3.719993e-01 2.875000e+00 5.000000e-01 0.000000e+00
5.013908e-01 4.607493e-03 3.819993e-01 2.500000e-02 5.000000e-01 0.000000e+00
9.481531e-02 1.970198e-03 3.819993e-01 7.500000e-02 5.000000e-01 0.000000e+00
3.680751e-03 3.923703e-04 3.819993e-01 1.250000e-01 5.000000e-01 0.000000e+00
2.225631e-03 3.028706e-04 3.819993e-01 1.750000e-01 5.000000e-01 0.000000e+00
1.161527e-03 2.195086e-04 3.819993e-01 2.250000e-01 5.000000e-01 0.000000e+00
1.059177e-03 2.077220e-04 3.819993e-01 2.750000e-01 5.000000e-01 0.000000e+00
7.430735e-04 1.751444e-04 3.819993e-01 3.250000e-01 5.000000e-01 0.000000e+00
1.606396e-03 2.539944e-04 3.819993e-01 3.750000e-01 5.000000e-01 0.000000e+00
9.706518e-04 1.981342e-04 3.819993e-01 4.250000e-01 5.000000e-01 0.000000e+00
4.792015e-04 1.383342e-04 3.819993e-01 4.750000e-01 5.000000e-01 0.000000e+00
1.040039e-03 2.039691e-04 3.819993e-01 5.250000e-01 5.000000e-01 0.000000e+00
3.137913e-04 1.109422e-04 3.819993e-01 5.750000e-01 5.000000e-01 0.000000e+00
3.189912e-04 1.127810e-04 3.819993e-01 6.250000e-01 5.000000e-01 0.000000e+00
9.352739e-04 1.909126e-04 3.819993e-01 6.750000e-01 5.000000e-01 0.000000e+00
1.000109e-03 1.961384e-04 3.819993e-01 7.250000e-01 5.000000e-01 0.000000e+00
5.373494e-04 1.436135e-04 3.819993e-01 7.750000e-01 5.000000e-01 0.000000e+00
1.139358e-03 2.080179e-04 3.819993e-01 8.250000e-01 5.000000e-01 0.000000e+00
1.351223e-03 2.252047e-04 3.819993e-01 8.750000e-01 5.000000e-01 0.000000e+00
3.737290e-04 1.181836e-04 3.819993e-01 9.250000e-01 5.000000e-01 0.000000e+00
1.112947e-03 2.031962e-04 3.819993e-01 9.750000e-01 5.000000e-01 0.000000e+00
8.823141e-04 1.801022e-04 3.819993e-01 1.025000e+00 5.000000e-01 0.000000e+00
5.822900e-04 1.455729e-04 3.819993e-01 1.075000e+00 5.000000e-01 0.000000e+00
7.971409e-04 1.699520e-04 3.819993e-01 1.125000e+00 5.000000e-01 0.000000e+00
9.323333e-04 1.828464e-04 3.819993e-01 1.175000e+00 5.000000e-01 0.000000e+00
1.408801e-03 2.227520e-04 3.819993e-01 1.225000e+00 5.000000e-01 0.000000e+00
1.414819e-03 2.237037e-04 3.819993e-01 1.275000e+00 5.000000e-01 0.000000e+00
7.656438e-04 1.632370e-04 3.819993e-01 1.325000e+00 5.000000e-01 0.000000e+00
9.529204e-04 1.800862e-04 3.819993e-01 1.375000e+00 5.000000e-01 0.000000e+00
1.093189e-03 1.932518e-04 3.819993e-01 1.425000e+00 5.000000e-01 0.000000e+00
1.143698e-03 1.961439e-04 3.819993e-01 1.475000e+00 5.000000e-01 0.000000e+00
7.928096e-04 1.618323e-04 3.819993e-01 1.525000e+00 5.000000e-01 0.000000e+00
1.242367e-03 2.015404e-04 3.819993e-01 1.575000e+00 5.000000e-01 0.000000e+00
1.499280e-03 2.210587e-04 3.819993e-01 1.625000e+00 5.000000e-01 0.000000e+00
2.040893e-03 2.551143e-04 3.819993e-01 1.675000e+00 5.000000e-01 0.000000e+00
1.444235e-03 2.129428e-04 3.819993e-01 1.725000e+00 5.000000e-01 0.000000e+00
2.066595e-03 2.543825e-04 3.819993e-01 1.775000e+00 5.000000e-01 0.000000e+00
1.285703e-03 1.983904e-04 3.819993e-01 1.825000e+00 5.000000e-01 0.000000e+00
1.386807e-03 2.044756e-04 3.819993e-01 1.875000e+00 5.000000e-01 0.000000e+00
1.422220e-03 2.052824e-04 3.819993e-01 1.925000e+00 5.000000e-01 0.000000e+00
1.644167e-03 2.197144e-04 3.819993e-01 1.975000e+00 5.000000e-01 0.000000e+00
1.557041e-03 2.118903e-04 3.819993e-01 2.025000e+00 5.000000e-01 0.000000e+00
1.911354e-03 2.317908e-04 3.819993e-01 2.075000e+00 5.000000e-01 0.000000e+00
1.209721e-03 1.823755e-04 3.819993e-01 2.125000e+00 5.000000e-01 0.000000e+00
1.962985e-03 2.313436e-04 3.819993e-01 2.175000e+00 5.000000e-01 0.000000e+00
1.066010e-03 1.685538e-04 3.819993e-01 2.225000e+00 5.000000e-01 0.000000e+00
1.301331e-03 1.840403e-04 3.819993e-01 2.275000e+00 5.000000e-01 0.000000e+00
1.573496e-03 1.998394e-04 3.819993e-01 2.325000e+00 5.000000e-01 0.000000e+00
1.480868e-03 1.911843e-04 3.819993e-01 2.375000e+00 5.000000e-01 0.000000e+00
6.743222e-04 1.274385e-04 3.819993e-01 2.425000e+00 5.000000e-01 0.000000e+00
9.904317e-04 1.528340e-04 3.819993e-01 2.475000e+00 5.000000e-01 0.000000e+00
1.005628e-03 1.516088e-04 3.819993e-01 2.525000e+00 5.000000e-01 0.000000e+00
1.105059e-03 1.562870e-04 3.819993e-01 2.575000e+00 5.000000e-01 0.000000e+00
1.151808e-03 1.567476e-04 3.819993e-01 2.625000e+00 5.000000e-01 0.000000e+00
9.475502e-04 1.397145e-04 3.819993e-01 2.675000e+00 5.000000e-01 0.000000e+00
9.147800e-04 1.348854e-04 3.819993e-01 2.725000e+00 5.000000e-01 0.000000e+00
9.886084e-04 1.371039e-04 3.819993e-01 2.775000e+00 5.000000e-01 0.000000e+00
1.049057e-03 1.377601e-04 3.819993e-01 2.825000e+00 5.000000e-01 0.000000e+00
9.669160e-04 1.269740e-04 3.819993e-01 2.875000e+00 5.000000e-01 0.000000e+00
5.090394e-01 4.631470e-03 3.919993e-01 2.500000e-02 5.000000e-01 0.000000e+00
9.810553e-02 2.026354e-03 3.919993e-01 7.500000e-02 5.000000e-01 0.000000e+00
3.163409e-03 3.628691e-04 3.919993e-01 1.250000e-01 5.000000e-01 0.000000e+00
2.257781e-03 3.072459e-04 3.919993e-01 1.750000e-01 5.000000e-01 0.000000e+00
1.657834e-03 2.621272e-04 3.919993e-01 2.250000e-01 5.000000e-01 0.000000e+00
1.658183e-03 2.621824e-04 3.919993e-01 2.750000e-01 5.000000e-01 0.000000e+00
1.305764e-03 2.308291e-04 3.919993e-01 3.250000e-01 5.000000e-01 0.000000e+00
9.826645e-04 2.005860e-04 3.919993e-01 3.750000e-01 5.000000e-01 0.000000e+00
8.846298e-04 1.886044e-04 3.919993e-01 4.250000e-01 5.000000e-01 0.000000e+00
1.042891e-03 2.045285e-04 3.919993e-01 4.750000e-01 5.000000e-01 0.000000e+00
6.426009e-04 1.606507e-04 3.919993e-01 5.250000e-01 5.000000e-01 0.000000e+00
5.550301e-04 1.483384e-04 3.919993e-01 5.750000e-01 5.000000e-01 0.000000e+00
9.471138e-04 1.933296e-04 3.919993e-01 6.250000e-01 5.000000e-01 0.000000e+00
1.167686e-03 2.131901e-04 3.919993e-01 6.750000e-01 5.000000e-01 0.000000e+00
8.617513e-04 1.837265e-04 3.919993e-01 7.250000e-01 5.000000e-01 0.000000e+00
1.451848e-03 2.355217e-04 3.919993e-01 7.750000e-01 5.000000e-01 0.000000e+00
1.464321e-03 2.375449e-04 3.919993e-01 8.250000e-01 5.000000e-01 0.000000e+00
8.368713e-04 1.784222e-04 3.919993e-01 8.750000e-01 5.000000e-01 0.000000e+00
1.125049e-03 2.054058e-04 3.919993e-01 9.250000e-01 5.000000e-01 0.000000e+00
5.203674e-04 1.390744e-04 3.919993e-01 9.750000e-01 5.000000e-01 0.000000e+00
8.826421e-04 1.801699e-04 3.919993e-01 1.025000e+00 5.000000e-01 0.000000e+00
5.885876e-04 1.471480e-04 3.919993e-01 1.075000e+00 5.000000e-01 0.000000e+00
9.353101e-04 1.834304e-04 3.919993e-01 1.125000e+00 5.000000e-01 0.000000e+00
1.152357e-03 2.037109e-04 3.919993e-01 1.175000e+00 5.000000e-01 0.000000e+00
8.603838e-04 1.756260e-04 3.919993e-01 1.225000e+00 5.000000e-01 0.000000e+00
1.116903e-03 1.974437e-04 3.919993e-01 1.275000e+00 5.000000e-01 0.000000e+00
1.117586e-03 1.975646e-04 3.919993e-01 1.325000e+00 5.000000e-01 0.000000e+00
9.050954e-04 1.775048e-04 3.919993e-01 1.375000e+00 5.000000e-01 0.000000e+00
6.133389e-04 1.445670e-04 3.919993e-01 1.425000e+00 5.000000e-01 0.000000e+00
1.077239e-03 1.904321e-04 3.919993e-01 1.475000e+00 5.000000e-01 0.000000e+00
1.336164e-03 2.112670e-04 3.919993e-01 1.525000e+00 5.000000e-01 0.000000e+00
1.191961e-03 1.986613e-04 3.919993e-01 1.575000e+00 5.000000e-01 0.000000e+00
1.174860e-03 1.958119e-04 3.919993e-01 1.625000e+00 5.000000e-01 0.000000e+00
8.953432e-04 1.692049e-04 3.919993e-01 1.675000e+00 5.000000e-01 0.000000e+00
1.904263e-03 2.458414e-04 3.919993e-01 1.725000e+00 5.000000e-01 0.000000e+00
1.631977e-03 2.263167e-04 3.919993e-01 1.775000e+00 5.000000e-01 0.000000e+00
1.106281e-03 1.843823e-04 3.919993e-01 1.825000e+00 5.000000e-01 0.000000e+00
1.630215e-03 2.218462e-04 3.919993e-01 1.875000e+00 5.000000e-01 0.000000e+00
2.217481e-03 2.577802e-04 3.919993e-01 1.925000e+00 5.000000e-01 0.000000e+00
1.702815e-03 2.235932e-04 3.919993e-01 1.975000e+00 5.000000e-01 0.000000e+00
1.555056e-03 2.116193e-04 3.919993e-01 2.025000e+00 5.000000e-01 0.000000e+00
1.589525e-03 2.124133e-04 3.919993e-01 2.075000e+00 5.000000e-01 0.000000e+00
1.108569e-03 1.752830e-04 3.919993e-01 2.125000e+00 5.000000e-01 0.000000e+00
1.361696e-03 1.925764e-04 3.919993e-01 2.175000e+00 5.000000e-01 0.000000e+00
1.609771e-03 2.078256e-04 3.919993e-01 2.225000e+00 5.000000e-01 0.000000e+00
1.156249e-03 1.743143e-04 3.919993e-01 2.275000e+00 5.000000e-01 0.000000e+00
1.481470e-03 1.945315e-04 3.919993e-01 2.325000e+00 5.000000e-01 0.000000e+00
1.444922e-03 1.897317e-04 3.919993e-01 2.375000e+00 5.000000e-01 0.000000e+00
1.504977e-03 1.911391e-04 3.919993e-01 2.425000e+00 5.000000e-01 0.000000e+00
1.083495e-03 1.597592e-04 3.919993e-01 2.475000e+00 5.000000e-01 0.000000e+00
1.190864e-03 1.651483e-04 3.919993e-01 2.525000e+00 5.000000e-01 0.000000e+00
1.023195e-03 1.508682e-04 3.919993e-01 2.575000e+00 5.000000e-01 0.000000e+00
6.004021e-04 1.134743e-04 3.919993e-01 2.625000e+00 5.000000e-01 0.000000e+00
1.240541e-03 1.601625e-04 3.919993e-01 2.675000e+00 5.000000e-01 0.000000e+00
1.312136e-03 1.615232e-04 3.919993e-01 2.725000e+00 5.000000e-01 0.000000e+00
1.134234e-03 1.464378e-04 3.919993e-01 2.775000e+00 5.000000e-01 0.000000e+00
1.460240e-03 1.612758e-04 3.919993e-01 2.825000e+00 5.000000e-01 0.000000e+00
9.102502e-04 1.216515e-04 3.919993e-01 2.875000e+00 5.000000e-01 0.000000e+00
4.963650e-01 4.578353e-03 4.019993e-01 2.500000e-02 5.000000e-01 0.000000e+00
9.935893e-02 2.053119e-03 4.019993e-01 7.500000e-02 5.000000e-01 0.000000e+00
4.244260e-03 4.202455e-04 4.019993e-01 1.250000e-01 5.000000e-01 0.000000e+00
2.461114e-03 3.231607e-04 4.019993e-01 1.750000e-01 5.000000e-01 0.000000e+00
1.148313e-03 2.170113e-04 4.019993e-01 2.250000e-01 5.000000e-01 0.000000e+00
1.266626e-03 2.312537e-04 4.019993e-01 2.750000e-01 5.000000e-01 0.000000e+00
9.751280e-04 1.990477e-04 4.019993e-01 3.250000e-01 5.000000e-01 0.000000e+00
1.241121e-03 2.265973e-04 4.019993e-01 3.750000e-01 5.000000e-01 0.000000e+00
7.208402e-04 1.699044e-04 4.019993e-01 4.250000e-01 5.000000e-01 0.000000e+00
8.977834e-04 1.914085e-04 4.019993e-01 4.750000e-01 5.000000e-01 0.000000e+00
2.371052e-04 9.679832e-05 4.019993e-01 5.250000e-01 5.000000e-01 0.000000e+00
9.624976e-04 1.964698e-04 4.019993e-01 5.750000e-01 5.000000e-01 0.000000e+00
1.018963e-03 1.998357e-04 4.019993e-01 6.250000e-01 5.000000e-01 0.000000e+00
7.153677e-04 1.686142e-04 4.019993e-01 6.750000e-01 5.000000e-01 0.000000e+00
7.725593e-04 1.727501e-04 4.019993e-01 7.250000e-01 5.000000e-01 0.000000e+00
1.248447e-03 2.206971e-04 4.019993e-01 7.750000e-01 5.000000e-01 0.000000e+00
9.972751e-04 1.955822e-04 4.019993e-01 8.250000e-01 5.000000e-01 0.000000e+00
5.332325e-04 1.425130e-04 4.019993e-01 8.750000e-01 5.000000e-01 0.000000e+00
8.278574e-04 1.765005e-04 4.019993e-01 9.250000e-01 5.000000e-01 0.000000e+00
1.123332e-03 2.050921e-04 4.019993e-01 9.750000e-01 5.000000e-01 0.000000e+00
1.045664e-03 1.976129e-04 4.019993e-01 1.025000e+00 5.000000e-01 0.000000e+00
8.756383e-04 1.787396e-04 4.019993e-01 1.075000e+00 5.000000e-01 0.000000e+00
1.390429e-03 2.255591e-04 4.019993e-01 1.125000e+00 5.000000e-01 0.000000e+00
1.084588e-03 1.980191e-04 4.019993e-01 1.175000e+00 5.000000e-01 0.000000e+00
1.140996e-03 2.017029e-04 4.019993e-01 1.225000e+00 5.000000e-01 0.000000e+00
7.049178e-04 1.576250e-04 4.019993e-01 1.275000e+00 5.000000e-01 0.000000e+00
1.539602e-03 2.321046e-04 4.019993e-01 1.325000e+00 5.000000e-01 0.000000e+00
1.256527e-03 2.094228e-04 4.019993e-01 1.375000e+00 5.000000e-01 0.000000e+00
1.578075e-03 2.326759e-04 4.019993e-01 1.425000e+00 5.000000e-01 0.000000e+00
1.078610e-03 1.906747e-04 4.019993e-01 1.475000e+00 5.000000e-01 0.000000e+00
8.766036e-04 1.719173e-04 4.019993e-01 1.525000e+00 5.000000e-01 0.000000e+00
7.941516e-04 1.621072e-04 4.019993e-01 1.575000e+00 5.000000e-01 0.000000e+00
6.521743e-04 1.458323e-04 4.019993e-01 1.625000e+00 5.000000e-01 0.000000e+00
1.225428e-03 1.987926e-04 4.019993e-01 1.675000e+00 5.000000e-01 0.000000e+00
1.018878e-03 1.801156e-04 4.019993e-01 1.725000e+00 5.000000e-01 0.000000e+00
2.071780e-03 2.550211e-04 4.019993e-01 1.775000e+00 5.000000e-01 0.000000e+00
1.365698e-03 2.058883e-04 4.019993e-01 1.825000e+00 5.000000e-01 0.000000e+00
2.242389e-03 2.606756e-04 4.019993e-01 1.875000e+00 5.000000e-01 0.000000e+00
1.726495e-03 2.267030e-04 4.019993e-01 1.925000e+00 5.000000e-01 0.000000e+00
1.483081e-03 2.097422e-04 4.019993e-01 1.975000e+00 5.000000e-01 0.000000e+00
1.625978e-03 2.172835e-04 4.019993e-01 2.025000e+00 5.000000e-01 0.000000e+00
2.105032e-03 2.447085e-04 4.019993e-01 2.075000e+00 5.000000e-01 0.000000e+00
1.731157e-03 2.198605e-04 4.019993e-01 2.125000e+00 5.000000e-01 0.000000e+00
1.412849e-03 1.959289e-04 4.019993e-01 2.175000e+00 5.000000e-01 0.000000e+00
1.230333e-03 1.814057e-04 4.019993e-01 2.225000e+00 5.000000e-01 0.000000e+00
1.097724e-03 1.693861e-04 4.019993e-01 2.275000e+00 5.000000e-01 0.000000e+00
1.587192e-03 2.015769e-04 4.019993e-01 2.325000e+00 5.000000e-01 0.000000e+00
1.250332e-03 1.768289e-04 4.019993e-01 2.375000e+00 5.000000e-01 0.000000e+00
9.236975e-04 1.498485e-04 4.019993e-01 2.425000e+00 5.000000e-01 0.000000e+00
1.324725e-03 1.770300e-04 4.019993e-01 2.475000e+00 5.000000e-01 0.000000e+00
1.196146e-03 1.658808e-04 4.019993e-01 2.525000e+00 5.000000e-01 0.000000e+00
1.290710e-03 1.694867e-04 4.019993e-01 2.575000e+00 5.000000e-01 0.000000e+00
1.037573e-03 1.497670e-04 4.019993e-01 2.625000e+00 5.000000e-01 0.000000e+00
1.166604e-03 1.559027e-04 4.019993e-01 2.675000e+00 5.000000e-01 0.000000e+00
1.313454e-03 1.616862e-04 4.019993e-01 2.725000e+00 5.000000e-01 0.000000e+00
1.140688e-03 1.472722e-04 4.019993e-01 2.775000e+00 5.000000e-01 0.000000e+00
8.702960e-04 1.230883e-04 4.019993e-01 2.825000e+00 5.000000e-01 0.000000e+00
9.167986e-04 1.203974e-04 4.019993e-01 2.875000e+00 5.000000e-01 0.000000e+00
4.975971e-01 4.599510e-03 4.119993e-01 2.500000e-02 5.000000e-01 0.000000e+00
1.025887e-01 2.095834e-03 4.119993e-01 7.500000e-02 5.000000e-01 0.000000e+00
4.393882e-03 4.267725e-04 4.119993e-01 1.250000e-01 5.000000e-01 0.000000e+00
1.536061e-03 2.560109e-04 4.119993e-01 1.750000e-01 5.000000e-01 0.000000e+00
1.820368e-03 2.744314e-04 4.119993e-01 2.250000e-01 5.000000e-01 0.000000e+00
1.759177e-03 2.714477e-04 4.119993e-01 2.750000e-01 5.000000e-01 0.000000e+00
1.390186e-03 2.384156e-04 4.119993e-01 3.250000e-01 5.000000e-01 0.000000e+00
7.443035e-04 1.754346e-04 4.119993e-01 3.750000e-01 5.000000e-01 0.000000e+00
1.137694e-03 2.150044e-04 4.119993e-01 4.250000e-01 5.000000e-01 0.000000e+00
5.644199e-04 1.508480e-04 4.119993e-01 4.750000e-01 5.000000e-01 0.000000e+00
1.047763e-03 2.054839e-04 4.119993e-01 5.250000e-01 5.000000e-01 0.000000e+00
1.366023e-03 2.342716e-04 4.119993e-01 5.750000e-01 5.000000e-01 0.000000e+00
1.194244e-03 2.180388e-04 4.119993e-01 6.250000e-01 5.000000e-01 0.000000e+00
8.606419e-04 1.834898e-04 4.119993e-01 6.750000e-01 5.000000e-01 0.000000e+00
8.635560e-04 1.841116e-04 4.119993e-01 7.250000e-01 5.000000e-01 0.000000e+00
5.446381e-04 1.455613e-04 4.119993e-01 7.750000e-01 5.000000e-01 0.000000e+00
1.226214e-03 2.167669e-04 4.119993e-01 8.250000e-01 5.000000e-01 0.000000e+00
8.472487e-04 1.806346e-04 4.119993e-01 8.750000e-01 5.000000e-01 0.000000e+00
1.063870e-03 2.010536e-04 4.119993e-01 9.250000e-01 5.000000e-01 0.000000e+00
8.992040e-04 1.835498e-04 4.119993e-01 9.750000e-01 5.000000e-01 0.000000e+00
8.140072e-04 1.735475e-04 4.119993e-01 1.025000e+00 5.000000e-01 0.000000e+00
1.118185e-03 2.041524e-04 4.119993e-01 1.075000e+00 5.000000e-01 0.000000e+00
8.108376e-04 1.728725e-04 4.119993e-01 1.125000e+00 5.000000e-01 0.000000e+00
1.019555e-03 1.926796e-04 4.119993e-01 1.175000e+00 5.000000e-01 0.000000e+00
1.357252e-03 2.201764e-04 4.119993e-01 1.225000e+00 5.000000e-01 0.000000e+00
4.291754e-04 1.238930e-04 4.119993e-01 1.275000e+00 5.000000e-01 0.000000e+00
9.135913e-04 1.791713e-04 4.119993e-01 1.325000e+00 5.000000e-01 0.000000e+00
1.531956e-03 2.309526e-04 4.119993e-01 1.375000e+00 5.000000e-01 0.000000e+00
1.171234e-03 2.008659e-04 4.119993e-01 1.425000e+00 5.000000e-01 0.000000e+00
1.302442e-03 2.112854e-04 4.119993e-01 1.475000e+00 5.000000e-01 0.000000e+00
1.015003e-03 1.853147e-04 4.119993e-01 1.525000e+00 5.000000e-01 0.000000e+00
1.257665e-03 2.040228e-04 4.119993e-01 1.575000e+00 5.000000e-01 0.000000e+00
1.566502e-03 2.261071e-04 4.119993e-01 1.625000e+00 5.000000e-01 0.000000e+00
1.427557e-03 2.152140e-04 4.119993e-01 1.675000e+00 5.000000e-01 0.000000e+00
1.609197e-03 2.275772e-04 4.119993e-01 1.725000e+00 5.000000e-01 0.000000e+00
1.442734e-03 2.127214e-04 4.119993e-01 1.775000e+00 5.000000e-01 0.000000e+00
1.985301e-03 2.481655e-04 4.119993e-01 1.825000e+00 5.000000e-01 0.000000e+00
2.183128e-03 2.572870e-04 4.119993e-01 1.875000e+00 5.000000e-01 0.000000e+00
2.266890e-03 2.600335e-04 4.119993e-01 1.925000e+00 5.000000e-01 0.000000e+00
1.429409e-03 2.063205e-04 4.119993e-01 1.975000e+00 5.000000e-01 0.000000e+00
1.581462e-03 2.152127e-04 4.119993e-01 2.025000e+00 5.000000e-01 0.000000e+00
2.336633e-03 2.580413e-04 4.119993e-01 2.075000e+00 5.000000e-01 0.000000e+00
1.458249e-03 2.022273e-04 4.119993e-01 2.125000e+00 5.000000e-01 0.000000e+00
1.647013e-03 2.126337e-04 4.119993e-01 2.175000e+00 5.000000e-01 0.000000e+00
1.986002e-03 2.308731e-04 4.119993e-01 2.225000e+00 5.000000e-01 0.000000e+00
9.995435e-04 1.621499e-04 4.119993e-01 2.275000e+00 5.000000e-01 0.000000e+00
1.798139e-03 2.149235e-04 4.119993e-01 2.325000e+00 5.000000e-01 0.000000e+00
1.145436e-03 1.688896e-04 4.119993e-01 2.375000e+00 5.000000e-01 0.000000e+00
1.464231e-03 1.890373e-04 4.119993e-01 2.425000e+00 5.000000e-01 0.000000e+00
9.507550e-04 1.503330e-04 4.119993e-01 2.475000e+00 5.000000e-01 0.000000e+00
1.293618e-03 1.728726e-04 4.119993e-01 2.525000e+00 5.000000e-01 0.000000e+00
7.142241e-04 1.262647e-04 4.119993e-01 2.575000e+00 5.000000e-01 0.000000e+00
1.167432e-03 1.588758e-04 4.119993e-01 2.625000e+00 5.000000e-01 0.000000e+00
9.990454e-04 1.442073e-04 4.119993e-01 2.675000e+00 5.000000e-01 0.000000e+00
9.184307e-04 1.354243e-04 4.119993e-01 2.725000e+00 5.000000e-01 0.000000e+00
1.116534e-03 1.441529e-04 4.119993e-01 2.775000e+00 5.000000e-01 0.000000e+00
1.094677e-03 1.368501e-04 4.119993e-01 2.825000e+00 5.000000e-01 0.000000e+00
1.294491e-03 1.412574e-04 4.119993e-01 2.875000e+00 5.000000e-01 0.000000e+00
5.139903e-01 4.667252e-03 4.219993e-01 2.500000e-02 5.000000e-01 0.000000e+00
9.992313e-02 2.079930e-03 4.219993e-01 7.500000e-02 5.000000e-01 0.000000e+00
3.369047e-03 3.766719e-04 4.219993e-01 1.250000e-01 5.000000e-01 0.000000e+00
2.132274e-03 3.015498e-04 4.219993e-01 1.750000e-01 5.000000e-01 0.000000e+00
1.578560e-03 2.560769e-04 4.219993e-01 2.250000e-01 5.000000e-01 0.000000e+00
1.513537e-03 2.522569e-04 4.219993e-01 2.750000e-01 5.000000e-01 0.000000e+00
1.591074e-03 2.581072e-04 4.219993e-01 3.250000e-01 5.000000e-01 0.000000e+00
8.925037e-04 1.902829e-04 4.219993e-01 3.750000e-01 5.000000e-01 0.000000e+00
1.244086e-03 2.271388e-04 4.219993e-01 4.250000e-01 5.000000e-01 0.000000e+00
8.853956e-04 1.887678e-04 4.219993e-01 4.750000e-01 5.000000e-01 0.000000e+00
1.061158e-03 2.081111e-04 4.219993e-01 5.250000e-01 5.000000e-01 0.000000e+00
8.687213e-04 1.852124e-04 4.219993e-01 5.750000e-01 5.000000e-01 0.000000e+00
4.803836e-04 1.386750e-04 4.219993e-01 6.250000e-01 5.000000e-01 0.000000e+00
7.901240e-04 1.766777e-04 4.219993e-01 6.750000e-01 5.000000e-01 0.000000e+00
6.332173e-04 1.583049e-04 4.219993e-01 7.250000e-01 5.000000e-01 0.000000e+00
1.233489e-03 2.180530e-04 4.219993e-01 7.750000e-01 5.000000e-01 0.000000e+00
1.325805e-03 2.273744e-04 4.219993e-01 8.250000e-01 5.000000e-01 0.000000e+00
1.073887e-03 2.029464e-04 4.219993e-01 8.750000e-01 5.000000e-01 0.000000e+00
1.147312e-03 2.094706e-04 4.219993e-01 9.250000e-01 5.000000e-01 0.000000e+00
1.119742e-03 2.044369e-04 4.219993e-01 9.750000e-01 5.000000e-01 0.000000e+00
1.198558e-03 2.118779e-04 4.219993e-01 1.025000e+00 5.000000e-01 0.000000e+00
4.458823e-04 1.287161e-04 4.219993e-01 1.075000e+00 5.000000e-01 0.000000e+00
8.064447e-04 1.719355e-04 4.219993e-01 1.125000e+00 5.000000e-01 0.000000e+00
8.765466e-04 1.789251e-04 4.219993e-01 1.175000e+00 5.000000e-01 0.000000e+00
8.666499e-04 1.769055e-04 4.219993e-01 1.225000e+00 5.000000e-01 0.000000e+00
8.599216e-04 1.755316e-04 4.219993e-01 1.275000e+00 5.000000e-01 0.000000e+00
9.189066e-04 1.802133e-04 4.219993e-01 1.325000e+00 5.000000e-01 0.000000e+00
1.251801e-03 2.086352e-04 4.219993e-01 1.375000e+00 5.000000e-01 0.000000e+00
1.315568e-03 2.134147e-04 4.219993e-01 1.425000e+00 5.000000e-01 0.000000e+00
8.936780e-04 1.752656e-04 4.219993e-01 1.475000e+00 5.000000e-01 0.000000e+00
6.082865e-04 1.433753e-04 4.219993e-01 1.525000e+00 5.000000e-01 0.000000e+00
8.011300e-04 1.635321e-04 4.219993e-01 1.575000e+00 5.000000e-01 0.000000e+00
1.317554e-03 2.083256e-04 4.219993e-01 1.625000e+00 5.000000e-01 0.000000e+00
1.237518e-03 2.007531e-04 4.219993e-01 1.675000e+00 5.000000e-01 0.000000e+00
1.347993e-03 2.080017e-04 4.219993e-01 1.725000e+00 5.000000e-01 0.000000e+00
1.463919e-03 2.158452e-04 4.219993e-01 1.775000e+00 5.000000e-01 0.000000e+00
1.742164e-03 2.328083e-04 4.219993e-01 1.825000e+00 5.000000e-01 0.000000e+00
1.099496e-03 1.832516e-04 4.219993e-01 1.875000e+00 5.000000e-01 0.000000e+00
1.810757e-03 2.337703e-04 4.219993e-01 1.925000e+00 5.000000e-01 0.000000e+00
2.014510e-03 2.442987e-04 4.219993e-01 1.975000e+00 5.000000e-01 0.000000e+00
1.690237e-03 2.219418e-04 4.219993e-01 2.025000e+00 5.000000e-01 0.000000e+00
1.558720e-03 2.121174e-04 4.219993e-01 2.075000e+00 5.000000e-01 0.000000e+00
2.144018e-03 2.459412e-04 4.219993e-01 2.125000e+00 5.000000e-01 0.000000e+00
2.382332e-03 2.568991e-04 4.219993e-01 2.175000e+00 5.000000e-01 0.000000e+00
1.625173e-03 2.098138e-04 4.219993e-01 2.225000e+00 5.000000e-01 0.000000e+00
1.535657e-03 2.016473e-04 4.219993e-01 2.275000e+00 5.000000e-01 0.000000e+00
1.296975e-03 1.834223e-04 4.219993e-01 2.325000e+00 5.000000e-01 0.000000e+00
1.258122e-03 1.779277e-04 4.219993e-01 2.375000e+00 5.000000e-01 0.000000e+00
1.125572e-03 1.659633e-04 4.219993e-01 2.425000e+00 5.000000e-01 0.000000e+00
1.567279e-03 1.929253e-04 4.219993e-01 2.475000e+00 5.000000e-01 0.000000e+00
1.015772e-03 1.531410e-04 4.219993e-01 2.525000e+00 5.000000e-01 0.000000e+00
9.420817e-04 1.453730e-04 4.219993e-01 2.575000e+00 5.000000e-01 0.000000e+00
8.669441e-04 1.370821e-04 4.219993e-01 2.625000e+00 5.000000e-01 0.000000e+00
1.289471e-03 1.637737e-04 4.219993e-01 2.675000e+00 5.000000e-01 0.000000e+00
8.243258e-04 1.272060e-04 4.219993e-01 2.725000e+00 5.000000e-01 0.000000e+00
1.197618e-03 1.474293e-04 4.219993e-01 2.775000e+00 5.000000e-01 0.000000e+00
1.113113e-03 1.349987e-04 4.219993e-01 2.825000e+00 5.000000e-01 0.000000e+00
1.164978e-03 1.336456e-04 4.219993e-01 2.875000e+00 5.000000e-01 0.000000e+00
5.026834e-01 4.662487e-03 4.319993e-01 2.500000e-02 5.000000e-01 0.000000e+00
1.047995e-01 2.122477e-03 4.319993e-01 7.500000e-02 5.000000e-01 0.000000e+00
4.956035e-03 4.562411e-04 4.319993e-01 1.250000e-01 5.000000e-01 0.000000e+00
1.619091e-03 2.626520e-04 4.319993e-01 1.750000e-01 5.000000e-01 0.000000e+00
1.795173e-03 2.770020e-04 4.319993e-01 2.250000e-01 5.000000e-01 0.000000e+00
1.731492e-03 2.671758e-04 4.319993e-01 2.750000e-01 5.000000e-01 0.000000e+00
1.772058e-03 2.734352e-04 4.319993e-01 3.250000e-01 5.000000e-01 0.000000e+00
8.217326e-04 1.837454e-04 4.319993e-01 3.750000e-01 5.000000e-01 0.000000e+00
9.981870e-04 2.037547e-04 4.319993e-01 4.250000e-01 5.000000e-01 0.000000e+00
8.880227e-04 1.893280e-04 4.319993e-01 4.750000e-01 5.000000e-01 0.000000e+00
3.261794e-04 1.153224e-04 4.319993e-01 5.250000e-01 5.000000e-01 0.000000e+00
1.375206e-03 2.358469e-04 4.319993e-01 5.750000e-01 5.000000e-01 0.000000e+00
6.404469e-04 1.601125e-04 4.319993e-01 6.250000e-01 5.000000e-01 0.000000e+00
5.546511e-04 1.482372e-04 4.319993e-01 6.750000e-01 5.000000e-01 0.000000e+00
1.022236e-03 2.004777e-04 4.319993e-01 7.250000e-01 5.000000e-01 0.000000e+00
9.531802e-04 1.945677e-04 4.319993e-01 7.750000e-01 5.000000e-01 0.000000e+00
8.507653e-04 1.813843e-04 4.319993e-01 8.250000e-01 5.000000e-01 0.000000e+00
8.539735e-04 1.820687e-04 4.319993e-01 8.750000e-01 5.000000e-01 0.000000e+00
1.142549e-03 2.086008e-04 4.319993e-01 9.250000e-01 5.000000e-01 0.000000e+00
1.533484e-03 2.424660e-04 4.319993e-01 9.750000e-01 5.000000e-01 0.000000e+00
7.495519e-04 1.676059e-04 4.319993e-01 1.025000e+00 5.000000e-01 0.000000e+00
8.155468e-04 1.738761e-04 4.319993e-01 1.075000e+00 5.000000e-01 0.000000e+00
1.022115e-03 1.931625e-04 4.319993e-01 1.125000e+00 5.000000e-01 0.000000e+00
1.103178e-03 2.014130e-04 4.319993e-01 1.175000e+00 5.000000e-01 0.000000e+00
1.093497e-03 1.996458e-04 4.319993e-01 1.225000e+00 5.000000e-01 0.000000e+00
6.460635e-04 1.522790e-04 4.319993e-01 1.275000e+00 5.000000e-01 0.000000e+00
8.496050e-04 1.734261e-04 4.319993e-01 1.325000e+00 5.000000e-01 0.000000e+00
1.048147e-03 1.913656e-04 4.319993e-01 1.375000e+00 5.000000e-01 0.000000e+00
1.478805e-03 2.281864e-04 4.319993e-01 1.425000e+00 5.000000e-01 0.000000e+00
1.505223e-03 2.269232e-04 4.319993e-01 1.475000e+00 5.000000e-01 0.000000e+00
1.425590e-03 2.199753e-04 4.319993e-01 1.525000e+00 5.000000e-01 0.000000e+00
1.596459e-03 2.304312e-04 4.319993e-01 1.575000e+00 5.000000e-01 0.000000e+00
1.650998e-03 2.334882e-04 4.319993e-01 1.625000e+00 5.000000e-01 0.000000e+00
1.114055e-03 1.910606e-04 4.319993e-01 1.675000e+00 5.000000e-01 0.000000e+00
1.735672e-03 2.361967e-04 4.319993e-01 1.725000e+00 5.000000e-01 0.000000e+00
1.278166e-03 2.020978e-04 4.319993e-01 1.775000e+00 5.000000e-01 0.000000e+00
2.067051e-03 2.544391e-04 4.319993e-01 1.825000e+00 5.000000e-01 0.000000e+00
1.595863e-03 2.213091e-04 4.319993e-01 1.875000e+00 5.000000e-01 0.000000e+00
1.815927e-03 2.344384e-04 4.319993e-01 1.925000e+00 5.000000e-01 0.000000e+00
1.660192e-03 2.218561e-04 4.319993e-01 1.975000e+00 5.000000e-01 0.000000e+00
2.036997e-03 2.434714e-04 4.319993e-01 2.025000e+00 5.000000e-01 0.000000e+00
1.658515e-03 2.177765e-04 4.319993e-01 2.075000e+00 5.000000e-01 0.000000e+00
2.706552e-03 2.762406e-04 4.319993e-01 2.125000e+00 5.000000e-01 0.000000e+00
1.262923e-03 1.862110e-04 4.319993e-01 2.175000e+00 5.000000e-01 0.000000e+00
1.574373e-03 2.067295e-04 4.319993e-01 2.225000e+00 5.000000e-01 0.000000e+00
1.002288e-03 1.625954e-04 4.319993e-01 2.275000e+00 5.000000e-01 0.000000e+00
1.086089e-03 1.675911e-04 4.319993e-01 2.325000e+00 5.000000e-01 0.000000e+00
1.264093e-03 1.787770e-04 4.319993e-01 2.375000e+00 5.000000e-01 0.000000e+00
1.078868e-03 1.626516e-04 4.319993e-01 2.425000e+00 5.000000e-01 0.000000e+00
1.050977e-03 1.584482e-04 4.319993e-01 2.475000e+00 5.000000e-01 0.000000e+00
1.250278e-03 1.701473e-04 4.319993e-01 2.525000e+00 5.000000e-01 0.000000e+00
1.254681e-03 1.676715e-04 4.319993e-01 2.575000e+00 5.000000e-01 0.000000e+00
8.696718e-04 1.375143e-04 4.319993e-01 2.625000e+00 5.000000e-01 0.000000e+00
8.655719e-04 1.335671e-04 4.319993e-01 2.675000e+00 5.000000e-01 0.000000e+00
1.413294e-03 1.643035e-04 4.319993e-01 2.725000e+00 5.000000e-01 0.000000e+00
9.064006e-04 1.257026e-04 4.319993e-01 2.775000e+00 5.000000e-01 0.000000e+00
1.136844e-03 1.358954e-04 4.319993e-01 2.825000e+00 5.000000e-01 0.000000e+00
1.330575e-03 1.434936e-04 4.319993e-01 2.875000e+00 5.000000e-01 0.000000e+00
5.025900e-01 4.621637e-03 4.419993e-01 2.500000e-02 5.000000e-01 0.000000e+00
1.026436e-01 2.112888e-03 4.419993e-01 7.500000e-02 5.000000e-01 0.000000e+00
4.935619e-03 4.582618e-04 4.419993e-01 1.250000e-01 5.000000e-01 0.000000e+00
2.218139e-03 3.076013e-04 4.419993e-01 1.750000e-01 5.000000e-01 0.000000e+00
2.234171e-03 3.098245e-04 4.419993e-01 2.250000e-01 5.000000e-01 0.000000e+00
1.587058e-03 2.574557e-04 4.419993e-01 2.750000e-01 5.000000e-01 0.000000e+00
1.610896e-03 2.613226e-04 4.419993e-01 3.250000e-01 5.000000e-01 0.000000e+00
1.637813e-03 2.589617e-04 4.419993e-01 3.750000e-01 5.000000e-01 0.000000e+00
6.679638e-04 1.669913e-04 4.419993e-01 4.250000e-01 5.000000e-01 0.000000e+00
6.628344e-04 1.657093e-04 4.419993e-01 4.750000e-01 5.000000e-01 0.000000e+00
1.461603e-03 2.436011e-04 4.419993e-01 5.250000e-01 5.000000e-01 0.000000e+00
9.802248e-04 2.000883e-04 4.419993e-01 5.750000e-01 5.000000e-01 0.000000e+00
1.184226e-03 2.162099e-04 4.419993e-01 6.250000e-01 5.000000e-01 0.000000e+00
6.458688e-04 1.614679e-04 4.419993e-01 6.750000e-01 5.000000e-01 0.000000e+00
7.905264e-04 1.767676e-04 4.419993e-01 7.250000e-01 5.000000e-01 0.000000e+00
1.504701e-03 2.440955e-04 4.419993e-01 7.750000e-01 5.000000e-01 0.000000e+00
1.325731e-03 2.273620e-04 4.419993e-01 8.250000e-01 5.000000e-01 0.000000e+00
6.984130e-04 1.646183e-04 4.419993e-01 8.750000e-01 5.000000e-01 0.000000e+00
6.935344e-04 1.634681e-04 4.419993e-01 9.250000e-01 5.000000e-01 0.000000e+00
1.602167e-03 2.472207e-04 4.419993e-01 9.750000e-01 5.000000e-01 0.000000e+00
9.046144e-04 1.846543e-04 4.419993e-01 1.025000e+00 5.000000e-01 0.000000e+00
9.687408e-04 1.899866e-04 4.419993e-01 1.075000e+00 5.000000e-01 0.000000e+00
7.439644e-04 1.663567e-04 4.419993e-01 1.125000e+00 5.000000e-01 0.000000e+00
1.106675e-03 2.020512e-04 4.419993e-01 1.175000e+00 5.000000e-01 0.000000e+00
7.301445e-04 1.632661e-04 4.419993e-01 1.225000e+00 5.000000e-01 0.000000e+00
1.289970e-03 2.149960e-04 4.419993e-01 1.275000e+00 5.000000e-01 0.000000e+00
8.523620e-04 1.739888e-04 4.419993e-01 1.325000e+00 5.000000e-01 0.000000e+00
1.553035e-03 2.341309e-04 4.419993e-01 1.375000e+00 5.000000e-01 0.000000e+00
1.053736e-03 1.923861e-04 4.419993e-01 1.425000e+00 5.000000e-01 0.000000e+00
9.657821e-04 1.825166e-04 4.419993e-01 1.475000e+00 5.000000e-01 0.000000e+00
1.294305e-03 2.099658e-04 4.419993e-01 1.525000e+00 5.000000e-01 0.000000e+00
7.354942e-04 1.568091e-04 4.419993e-01 1.575000e+00 5.000000e-01 0.000000e+00
1.120005e-03 1.920811e-04 4.419993e-01 1.625000e+00 5.000000e-01 0.000000e+00
9.809660e-04 1.791009e-04 4.419993e-01 1.675000e+00 5.000000e-01 0.000000e+00
1.623069e-03 2.295384e-04 4.419993e-01 1.725000e+00 5.000000e-01 0.000000e+00
1.534509e-03 2.214904e-04 4.419993e-01 1.775000e+00 5.000000e-01 0.000000e+00
1.632986e-03 2.264571e-04 4.419993e-01 1.825000e+00 5.000000e-01 0.000000e+00
1.428080e-03 2.105606e-04 4.419993e-01 1.875000e+00 5.000000e-01 0.000000e+00
1.939921e-03 2.424930e-04 4.419993e-01 1.925000e+00 5.000000e-01 0.000000e+00
1.797940e-03 2.321157e-04 4.419993e-01 1.975000e+00 5.000000e-01 0.000000e+00
1.120782e-03 1.818166e-04 4.419993e-01 2.025000e+00 5.000000e-01 0.000000e+00
1.555888e-03 2.117319e-04 4.419993e-01 2.075000e+00 5.000000e-01 0.000000e+00
1.759409e-03 2.234495e-04 4.419993e-01 2.125000e+00 5.000000e-01 0.000000e+00
1.217502e-03 1.835487e-04 4.419993e-01 2.175000e+00 5.000000e-01 0.000000e+00
1.732940e-03 2.166207e-04 4.419993e-01 2.225000e+00 5.000000e-01 0.000000e+00
1.279650e-03 1.847045e-04 4.419993e-01 2.275000e+00 5.000000e-01 0.000000e+00
1.244089e-03 1.795734e-04 4.419993e-01 2.325000e+00 5.000000e-01 0.000000e+00
1.211055e-03 1.748062e-04 4.419993e-01 2.375000e+00 5.000000e-01 0.000000e+00
8.347907e-04 1.431699e-04 4.419993e-01 2.425000e+00 5.000000e-01 0.000000e+00
1.202439e-03 1.700581e-04 4.419993e-01 2.475000e+00 5.000000e-01 0.000000e+00
1.250372e-03 1.701598e-04 4.419993e-01 2.525000e+00 5.000000e-01 0.000000e+00
1.261809e-03 1.686235e-04 4.419993e-01 2.575000e+00 5.000000e-01 0.000000e+00
9.037745e-04 1.394629e-04 4.419993e-01 2.625000e+00 5.000000e-01 0.000000e+00
1.003681e-03 1.419484e-04 4.419993e-01 2.675000e+00 5.000000e-01 0.000000e+00
8.854102e-04 1.278047e-04 4.419993e-01 2.725000e+00 5.000000e-01 0.000000e+00
7.839013e-04 1.155889e-04 4.419993e-01 2.775000e+00 5.000000e-01 0.000000e+00
1.103486e-03 1.338332e-04 4.419993e-01 2.825000e+00 5.000000e-01 0.000000e+00
1.130335e-03 1.332322e-04 4.419993e-01 2.875000e+00 5.000000e-01 0.000000e+00
4.984111e-01 4.677504e-03 4.519992e-01 2.500000e-02 5.000000e-01 0.000000e+00
9.897281e-02 2.066425e-03 4.519992e-01 7.500000e-02 5.000000e-01 0.000000e+00
5.355530e-03 4.809418e-04 4.519992e-01 1.250000e-01 5.000000e-01 0.000000e+00
2.050208e-03 2.959227e-04 4.519992e-01 1.750000e-01 5.000000e-01 0.000000e+00
1.816111e-03 2.802327e-04 4.519992e-01 2.250000e-01 5.000000e-01 0.000000e+00
9.188566e-04 1.959013e-04 4.519992e-01 2.750000e-01 5.000000e-01 0.000000e+00
1.096256e-03 2.149943e-04 4.519992e-01 3.250000e-01 5.000000e-01 0.000000e+00
1.022107e-03 2.086371e-04 4.519992e-01 3.750000e-01 5.000000e-01 0.000000e+00
1.063393e-03 2.085490e-04 4.519992e-01 4.250000e-01 5.000000e-01 0.000000e+00
4.205228e-04 1.329812e-04 4.519992e-01 4.750000e-01 5.000000e-01 0.000000e+00
5.631911e-04 1.505199e-04 4.519992e-01 5.250000e-01 5.000000e-01 0.000000e+00
1.060360e-03 2.079541e-04 4.519992e-01 5.750000e-01 5.000000e-01 0.000000e+00
5.634658e-04 1.505930e-04 4.519992e-01 6.250000e-01 5.000000e-01 0.000000e+00
1.117619e-03 2.112110e-04 4.519992e-01 6.750000e-01 5.000000e-01 0.000000e+00
1.441326e-03 2.402217e-04 4.519992e-01 7.250000e-01 5.000000e-01 0.000000e+00
1.093317e-03 2.066183e-04 4.519992e-01 7.750000e-01 5.000000e-01 0.000000e+00
7.975170e-04 1.783307e-04 4.519992e-01 8.250000e-01 5.000000e-01 0.000000e+00
8.535217e-04 1.819725e-04 4.519992e-01 8.750000e-01 5.000000e-01 0.000000e+00
9.376387e-04 1.913956e-04 4.519992e-01 9.250000e-01 5.000000e-01 0.000000e+00
1.655062e-03 2.495112e-04 4.519992e-01 9.750000e-01 5.000000e-01 0.000000e+00
9.881601e-04 1.937952e-04 4.519992e-01 1.025000e+00 5.000000e-01 0.000000e+00
1.350084e-03 2.250151e-04 4.519992e-01 1.075000e+00 5.000000e-01 0.000000e+00
9.801333e-04 1.922207e-04 4.519992e-01 1.125000e+00 5.000000e-01 0.000000e+00
1.031284e-03 1.948955e-04 4.519992e-01 1.175000e+00 5.000000e-01 0.000000e+00
8.023353e-04 1.710593e-04 4.519992e-01 1.225000e+00 5.000000e-01 0.000000e+00
1.288912e-03 2.148195e-04 4.519992e-01 1.275000e+00 5.000000e-01 0.000000e+00
1.213913e-03 2.081859e-04 4.519992e-01 1.325000e+00 5.000000e-01 0.000000e+00
7.138295e-04 1.596183e-04 4.519992e-01 1.375000e+00 5.000000e-01 0.000000e+00
7.043229e-04 1.574923e-04 4.519992e-01 1.425000e+00 5.000000e-01 0.000000e+00
9.688713e-04 1.831011e-04 4.519992e-01 1.475000e+00 5.000000e-01 0.000000e+00
8.897291e-04 1.744912e-04 4.519992e-01 1.525000e+00 5.000000e-01 0.000000e+00
8.718759e-04 1.709899e-04 4.519992e-01 1.575000e+00 5.000000e-01 0.000000e+00
1.330592e-03 2.103863e-04 4.519992e-01 1.625000e+00 5.000000e-01 0.000000e+00
1.302012e-03 2.058681e-04 4.519992e-01 1.675000e+00 5.000000e-01 0.000000e+00
1.436039e-03 2.164934e-04 4.519992e-01 1.725000e+00 5.000000e-01 0.000000e+00
1.801185e-03 2.406971e-04 4.519992e-01 1.775000e+00 5.000000e-01 0.000000e+00
1.898624e-03 2.451139e-04 4.519992e-01 1.825000e+00 5.000000e-01 0.000000e+00
2.180108e-03 2.605766e-04 4.519992e-01 1.875000e+00 5.000000e-01 0.000000e+00
1.409552e-03 2.078295e-04 4.519992e-01 1.925000e+00 5.000000e-01 0.000000e+00
1.681261e-03 2.246722e-04 4.519992e-01 1.975000e+00 5.000000e-01 0.000000e+00
2.133983e-03 2.514959e-04 4.519992e-01 2.025000e+00 5.000000e-01 0.000000e+00
1.797479e-03 2.282846e-04 4.519992e-01 2.075000e+00 5.000000e-01 0.000000e+00
1.084995e-03 1.760125e-04 4.519992e-01 2.125000e+00 5.000000e-01 0.000000e+00
1.668803e-03 2.154453e-04 4.519992e-01 2.175000e+00 5.000000e-01 0.000000e+00
1.521470e-03 2.033187e-04 4.519992e-01 2.225000e+00 5.000000e-01 0.000000e+00
9.562754e-04 1.593829e-04 4.519992e-01 2.275000e+00 5.000000e-01 0.000000e+00
1.292783e-03 1.828312e-04 4.519992e-01 2.325000e+00 5.000000e-01 0.000000e+00
1.065143e-03 1.643600e-04 4.519992e-01 2.375000e+00 5.000000e-01 0.000000e+00
7.892168e-04 1.395188e-04 4.519992e-01 2.425000e+00 5.000000e-01 0.000000e+00
7.203606e-04 1.315238e-04 4.519992e-01 2.475000e+00 5.000000e-01 0.000000e+00
1.070728e-03 1.578773e-04 4.519992e-01 2.525000e+00 5.000000e-01 0.000000e+00
1.394975e-03 1.771692e-04 4.519992e-01 2.575000e+00 5.000000e-01 0.000000e+00
1.004922e-03 1.450576e-04 4.519992e-01 2.625000e+00 5.000000e-01 0.000000e+00
8.546324e-04 1.288467e-04 4.519992e-01 2.675000e+00 5.000000e-01 0.000000e+00
9.725868e-04 1.323608e-04 4.519992e-01 2.725000e+00 5.000000e-01 0.000000e+00
8.875006e-04 1.230835e-04 4.519992e-01 2.775000e+00 5.000000e-01 0.000000e+00
1.497608e-03 1.561520e-04 4.519992e-01 2.825000e+00 5.000000e-01 0.000000e+00
1.154331e-03 1.379818e-04 4.519992e-01 2.875000e+00 5.000000e-01 0.000000e+00
4.958542e-01 4.643703e-03 4.619992e-01 2.500000e-02 5.000000e-01 0.000000e+00
1.099734e-01 2.195960e-03 4.619992e-01 7.500000e-02 5.000000e-01 0.000000e+00
3.217537e-03 3.740320e-04 4.619992e-01 1.250000e-01 5.000000e-01 0.000000e+00
2.304083e-03 3.135469e-04 4.619992e-01 1.750000e-01 5.000000e-01 0.000000e+00
1.551434e-03 2.585729e-04 4.619992e-01 2.250000e-01 5.000000e-01 0.000000e+00
1.422553e-03 2.439664e-04 4.619992e-01 2.750000e-01 5.000000e-01 0.000000e+00
1.188377e-03 2.245829e-04 4.619992e-01 3.250000e-01 5.000000e-01 0.000000e+00
7.652249e-04 1.803657e-04 4.619992e-01 3.750000e-01 5.000000e-01 0.000000e+00
1.318067e-03 2.330040e-04 4.619992e-01 4.250000e-01 5.000000e-01 0.000000e+00
9.154293e-04 1.951709e-04 4.619992e-01 4.750000e-01 5.000000e-01 0.000000e+00
8.238143e-04 1.842110e-04 4.619992e-01 5.250000e-01 5.000000e-01 0.000000e+00
8.211488e-04 1.836151e-04 4.619992e-01 5.750000e-01 5.000000e-01 0.000000e+00
5.719264e-04 1.528542e-04 4.619992e-01 6.250000e-01 5.000000e-01 0.000000e+00
7.120120e-04 1.678231e-04 4.619992e-01 6.750000e-01 5.000000e-01 0.000000e+00
1.033867e-03 2.027586e-04 4.619992e-01 7.250000e-01 5.000000e-01 0.000000e+00
5.535101e-04 1.479322e-04 4.619992e-01 7.750000e-01 5.000000e-01 0.000000e+00
7.164249e-04 1.688635e-04 4.619992e-01 8.250000e-01 5.000000e-01 0.000000e+00
6.302145e-04 1.575540e-04 4.619992e-01 8.750000e-01 5.000000e-01 0.000000e+00
1.001813e-03 1.964727e-04 4.619992e-01 9.250000e-01 5.000000e-01 0.000000e+00
3.828862e-04 1.210799e-04 4.619992e-01 9.750000e-01 5.000000e-01 0.000000e+00
1.288749e-03 2.210199e-04 4.619992e-01 1.025000e+00 5.000000e-01 0.000000e+00
6.079458e-04 1.519868e-04 4.619992e-01 1.075000e+00 5.000000e-01 0.000000e+00
9.764568e-04 1.914998e-04 4.619992e-01 1.125000e+00 5.000000e-01 0.000000e+00
8.900253e-04 1.816764e-04 4.619992e-01 1.175000e+00 5.000000e-01 0.000000e+00
9.495629e-04 1.862259e-04 4.619992e-01 1.225000e+00 5.000000e-01 0.000000e+00
8.655964e-04 1.766900e-04 4.619992e-01 1.275000e+00 5.000000e-01 0.000000e+00
8.602335e-04 1.755953e-04 4.619992e-01 1.325000e+00 5.000000e-01 0.000000e+00
9.281040e-04 1.820177e-04 4.619992e-01 1.375000e+00 5.000000e-01 0.000000e+00
1.060737e-03 1.936645e-04 4.619992e-01 1.425000e+00 5.000000e-01 0.000000e+00
1.041018e-03 1.900643e-04 4.619992e-01 1.475000e+00 5.000000e-01 0.000000e+00
6.891536e-04 1.541002e-04 4.619992e-01 1.525000e+00 5.000000e-01 0.000000e+00
9.445864e-04 1.785115e-04 4.619992e-01 1.575000e+00 5.000000e-01 0.000000e+00
1.669867e-03 2.361568e-04 4.619992e-01 1.625000e+00 5.000000e-01 0.000000e+00
1.704568e-03 2.363825e-04 4.619992e-01 1.675000e+00 5.000000e-01 0.000000e+00
1.676448e-03 2.324843e-04 4.619992e-01 1.725000e+00 5.000000e-01 0.000000e+00
1.402992e-03 2.115109e-04 4.619992e-01 1.775000e+00 5.000000e-01 0.000000e+00
1.639455e-03 2.273540e-04 4.619992e-01 1.825000e+00 5.000000e-01 0.000000e+00
1.797545e-03 2.360318e-04 4.619992e-01 1.875000e+00 5.000000e-01 0.000000e+00
1.523993e-03 2.155280e-04 4.619992e-01 1.925000e+00 5.000000e-01 0.000000e+00
1.922756e-03 2.403478e-04 4.619992e-01 1.975000e+00 5.000000e-01 0.000000e+00
2.120389e-03 2.498934e-04 4.619992e-01 2.025000e+00 5.000000e-01 0.000000e+00
1.964621e-03 2.382494e-04 4.619992e-01 2.075000e+00 5.000000e-01 0.000000e+00
1.764166e-03 2.240529e-04 4.619992e-01 2.125000e+00 5.000000e-01 0.000000e+00
1.221178e-03 1.841033e-04 4.619992e-01 2.175000e+00 5.000000e-01 0.000000e+00
1.427372e-03 1.979460e-04 4.619992e-01 2.225000e+00 5.000000e-01 0.000000e+00
1.487330e-03 1.987571e-04 4.619992e-01 2.275000e+00 5.000000e-01 0.000000e+00
1.253258e-03 1.808965e-04 4.619992e-01 2.325000e+00 5.000000e-01 0.000000e+00
1.368983e-03 1.863002e-04 4.619992e-01 2.375000e+00 5.000000e-01 0.000000e+00
1.236367e-03 1.748544e-04 4.619992e-01 2.425000e+00 5.000000e-01 0.000000e+00
1.060301e-03 1.598507e-04 4.619992e-01 2.475000e+00 5.000000e-01 0.000000e+00
9.300640e-04 1.470618e-04 4.619992e-01 2.525000e+00 5.000000e-01 0.000000e+00
9.668522e-04 1.457654e-04 4.619992e-01 2.575000e+00 5.000000e-01 0.000000e+00
1.380940e-03 1.674733e-04 4.619992e-01 2.625000e+00 5.000000e-01 0.000000e+00
1.120873e-03 1.447150e-04 4.619992e-01 2.675000e+00 5.000000e-01 0.000000e+00
1.141098e-03 1.426483e-04 4.619992e-01 2.725000e+00 5.000000e-01 0.000000e+00
1.094710e-03 1.368460e-04 4.619992e-01 2.775000e+00 5.000000e-01 0.000000e+00
1.386638e-03 1.531436e-04 4.619992e-01 2.825000e+00 5.000000e-01 0.000000e+00
1.016833e-03 1.358955e-04 4.619992e-01 2.875000e+00 5.000000e-01 0.000000e+00
4.963716e-01 4.706276e-03 4.719992e-01 2.500000e-02 5.000000e-01 0.000000e+00
1.005303e-01 2.101695e-03 4.719992e-01 7.500000e-02 5.000000e-01 0.000000e+00
4.271151e-03 4.314523e-04 4.719992e-01 1.250000e-01 5.000000e-01 0.000000e+00
2.126969e-03 3.007995e-04 4.719992e-01 1.750000e-01 5.000000e-01 0.000000e+00
1.645478e-03 2.669323e-04 4.719992e-01 2.250000e-01 5.000000e-01 0.000000e+00
1.127802e-03 2.211804e-04 4.719992e-01 2.750000e-01 5.000000e-01 0.000000e+00
4.153031e-04 1.313307e-04 4.719992e-01 3.250000e-01 5.000000e-01 0.000000e+00
1.188427e-03 2.245920e-04 4.719992e-01 3.750000e-01 5.000000e-01 0.000000e+00
9.105993e-04 1.941410e-04 4.719992e-01 4.250000e-01 5.000000e-01 0.000000e+00
1.171320e-03 2.213592e-04 4.719992e-01 4.750000e-01 5.000000e-01 0.000000e+00
8.452817e-04 1.890112e-04 4.719992e-01 5.250000e-01 5.000000e-01 0.000000e+00
1.043246e-03 2.045981e-04 4.719992e-01 5.750000e-01 5.000000e-01 0.000000e+00
4.075026e-04 1.288642e-04 4.719992e-01 6.250000e-01 5.000000e-01 0.000000e+00
9.665104e-04 1.972885e-04 4.719992e-01 6.750000e-01 5.000000e-01 0.000000e+00
8.790679e-04 1.874185e-04 4.719992e-01 7.250000e-01 5.000000e-01 0.000000e+00
8.133543e-04 1.818723e-04 4.719992e-01 7.750000e-01 5.000000e-01 0.000000e+00
9.367507e-04 1.912143e-04 4.719992e-01 8.250000e-01 5.000000e-01 0.000000e+00
1.186771e-03 2.166745e-04 4.719992e-01 8.750000e-01 5.000000e-01 0.000000e+00
8.541677e-04 1.821099e-04 4.719992e-01 9.250000e-01 5.000000e-01 0.000000e+00
9.998356e-04 1.960849e-04 4.719992e-01 9.750000e-01 5.000000e-01 0.000000e+00
8.523832e-04 1.817294e-04 4.719992e-01 1.025000e+00 5.000000e-01 0.000000e+00
6.018351e-04 1.504590e-04 4.719992e-01 1.075000e+00 5.000000e-01 0.000000e+00
6.807561e-04 1.604567e-04 4.719992e-01 1.125000e+00 5.000000e-01 0.000000e+00
8.820710e-04 1.800528e-04 4.719992e-01 1.175000e+00 5.000000e-01 0.000000e+00
8.863247e-04 1.809213e-04 4.719992e-01 1.225000e+00 5.000000e-01 0.000000e+00
8.669166e-04 1.769594e-04 4.719992e-01 1.275000e+00 5.000000e-01 0.000000e+00
1.083058e-03 1.977391e-04 4.719992e-01 1.325000e+00 5.000000e-01 0.000000e+00
1.147891e-03 2.029216e-04 4.719992e-01 1.375000e+00 5.000000e-01 0.000000e+00
1.196357e-03 2.051756e-04 4.719992e-01 1.425000e+00 5.000000e-01 0.000000e+00
9.109745e-04 1.786581e-04 4.719992e-01 1.475000e+00 5.000000e-01 0.000000e+00
1.297912e-03 2.105509e-04 4.719992e-01 1.525000e+00 5.000000e-01 0.000000e+00
7.548218e-04 1.609298e-04 4.719992e-01 1.575000e+00 5.000000e-01 0.000000e+00
8.660413e-04 1.698456e-04 4.719992e-01 1.625000e+00 5.000000e-01 0.000000e+00
1.068762e-03 1.889342e-04 4.719992e-01 1.675000e+00 5.000000e-01 0.000000e+00
1.560706e-03 2.252705e-04 4.719992e-01 1.725000e+00 5.000000e-01 0.000000e+00
1.798357e-03 2.403177e-04 4.719992e-01 1.775000e+00 5.000000e-01 0.000000e+00
1.261706e-03 1.994957e-04 4.719992e-01 1.825000e+00 5.000000e-01 0.000000e+00
1.253011e-03 1.981201e-04 4.719992e-01 1.875000e+00 5.000000e-01 0.000000e+00
1.401496e-03 2.066429e-04 4.719992e-01 1.925000e+00 5.000000e-01 0.000000e+00
1.511685e-03 2.137879e-04 4.719992e-01 1.975000e+00 5.000000e-01 0.000000e+00
2.018439e-03 2.447767e-04 4.719992e-01 2.025000e+00 5.000000e-01 0.000000e+00
1.567968e-03 2.133771e-04 4.719992e-01 2.075000e+00 5.000000e-01 0.000000e+00
1.778566e-03 2.258828e-04 4.719992e-01 2.125000e+00 5.000000e-01 0.000000e+00
1.281187e-03 1.889054e-04 4.719992e-01 2.175000e+00 5.000000e-01 0.000000e+00
1.691986e-03 2.148855e-04 4.719992e-01 2.225000e+00 5.000000e-01 0.000000e+00
1.014327e-03 1.645506e-04 4.719992e-01 2.275000e+00 5.000000e-01 0.000000e+00
1.100640e-03 1.698381e-04 4.719992e-01 2.325000e+00 5.000000e-01 0.000000e+00
1.265366e-03 1.789535e-04 4.719992e-01 2.375000e+00 5.000000e-01 0.000000e+00
1.435282e-03 1.884672e-04 4.719992e-01 2.425000e+00 5.000000e-01 0.000000e+00
1.583302e-03 1.948963e-04 4.719992e-01 2.475000e+00 5.000000e-01 0.000000e+00
8.207834e-04 1.368008e-04 4.719992e-01 2.525000e+00 5.000000e-01 0.000000e+00
1.099614e-03 1.524953e-04 4.719992e-01 2.575000e+00 5.000000e-01 0.000000e+00
1.364677e-03 1.631183e-04 4.719992e-01 2.625000e+00 5.000000e-01 0.000000e+00
1.225378e-03 1.508411e-04 4.719992e-01 2.675000e+00 5.000000e-01 0.000000e+00
9.294055e-04 1.288926e-04 4.719992e-01 2.725000e+00 5.000000e-01 0.000000e+00
9.777580e-04 1.306672e-04 4.719992e-01 2.775000e+00 5.000000e-01 0.000000e+00
1.490377e-03 1.666440e-04 4.719992e-01 2.825000e+00 5.000000e-01 0.000000e+00
1.291730e-03 1.614802e-04 4.719992e-01 2.875000e+00 5.000000e-01 0.000000e+00
4.988082e-01 4.720474e-03 4.819992e-01 2.500000e-02 5.000000e-01 0.000000e+00
1.120100e-01 2.215527e-03 4.819992e-01 7.500000e-02 5.000000e-01 0.000000e+00
4.935066e-03 4.663211e-04 4.819992e-01 1.250000e-01 5.000000e-01 0.000000e+00
1.640591e-03 2.661396e-04 4.819992e-01 1.750000e-01 5.000000e-01 0.000000e+00
1.387967e-03 2.453610e-04 4.819992e-01 2.250000e-01 5.000000e-01 0.000000e+00
1.121901e-03 2.200235e-04 4.819992e-01 2.750000e-01 5.000000e-01 0.000000e+00
9.103064e-04 1.940784e-04 4.819992e-01 3.250000e-01 5.000000e-01 0.000000e+00
1.454951e-03 2.495229e-04 4.819992e-01 3.750000e-01 5.000000e-01 0.000000e+00
8.569620e-04 1.916230e-04 4.819992e-01 4.250000e-01 5.000000e-01 0.000000e+00
1.315666e-03 2.325794e-04 4.819992e-01 4.750000e-01 5.000000e-01 0.000000e+00
6.722677e-04 1.680677e-04 4.819992e-01 5.250000e-01 5.000000e-01 0.000000e+00
1.139765e-03 2.153960e-04 4.819992e-01 5.750000e-01 5.000000e-01 0.000000e+00
5.681893e-04 1.518557e-04 4.819992e-01 6.250000e-01 5.000000e-01 0.000000e+00
7.406826e-04 1.745811e-04 4.819992e-01 6.750000e-01 5.000000e-01 0.000000e+00
7.169017e-04 1.689759e-04 4.819992e-01 7.250000e-01 5.000000e-01 0.000000e+00
1.127364e-03 2.130522e-04 4.819992e-01 7.750000e-01 5.000000e-01 0.000000e+00
7.942434e-04 1.775993e-04 4.819992e-01 8.250000e-01 5.000000e-01 0.000000e+00
8.599920e-04 1.833512e-04 4.819992e-01 8.750000e-01 5.000000e-01 0.000000e+00
8.636545e-04 1.841324e-04 4.819992e-01 9.250000e-01 5.000000e-01 0.000000e+00
7.762701e-04 1.735795e-04 4.819992e-01 9.750000e-01 5.000000e-01 0.000000e+00
9.321127e-04 1.902673e-04 4.819992e-01 1.025000e+00 5.000000e-01 0.000000e+00
9.135156e-04 1.864712e-04 4.819992e-01 1.075000e+00 5.000000e-01 0.000000e+00
6.022794e-04 1.505704e-04 4.819992e-01 1.125000e+00 5.000000e-01 0.000000e+00
9.674367e-04 1.897313e-04 4.819992e-01 1.175000e+00 5.000000e-01 0.000000e+00
1.389031e-03 2.253316e-04 4.819992e-01 1.225000e+00 5.000000e-01 0.000000e+00
1.238546e-03 2.124102e-04 4.819992e-01 1.275000e+00 5.000000e-01 0.000000e+00
1.149549e-03 2.032143e-04 4.819992e-01 1.325000e+00 5.000000e-01 0.000000e+00
9.424431e-04 1.848294e-04 4.819992e-01 1.375000e+00 5.000000e-01 0.000000e+00
7.824799e-04 1.668261e-04 4.819992e-01 1.425000e+00 5.000000e-01 0.000000e+00
9.164910e-04 1.797403e-04 4.819992e-01 1.475000e+00 5.000000e-01 0.000000e+00
6.955415e-04 1.555295e-04 4.819992e-01 1.525000e+00 5.000000e-01 0.000000e+00
1.224858e-03 2.041439e-04 4.819992e-01 1.575000e+00 5.000000e-01 0.000000e+00
1.554527e-03 2.292049e-04 4.819992e-01 1.625000e+00 5.000000e-01 0.000000e+00
1.993836e-03 2.574050e-04 4.819992e-01 1.675000e+00 5.000000e-01 0.000000e+00
1.512125e-03 2.229529e-04 4.819992e-01 1.725000e+00 5.000000e-01 0.000000e+00
5.785877e-04 1.363757e-04 4.819992e-01 1.775000e+00 5.000000e-01 0.000000e+00
1.524941e-03 2.201087e-04 4.819992e-01 1.825000e+00 5.000000e-01 0.000000e+00
2.449991e-03 2.774104e-04 4.819992e-01 1.875000e+00 5.000000e-01 0.000000e+00
1.853894e-03 2.393397e-04 4.819992e-01 1.925000e+00 5.000000e-01 0.000000e+00
1.573687e-03 2.182341e-04 4.819992e-01 1.975000e+00 5.000000e-01 0.000000e+00
1.851688e-03 2.351690e-04 4.819992e-01 2.025000e+00 5.000000e-01 0.000000e+00
2.091012e-03 2.464316e-04 4.819992e-01 2.075000e+00 5.000000e-01 0.000000e+00
1.533894e-03 2.087401e-04 4.819992e-01 2.125000e+00 5.000000e-01 0.000000e+00
1.228217e-03 1.851634e-04 4.819992e-01 2.175000e+00 5.000000e-01 0.000000e+00
1.864187e-03 2.260727e-04 4.819992e-01 2.225000e+00 5.000000e-01 0.000000e+00
1.554587e-03 2.041308e-04 4.819992e-01 2.275000e+00 5.000000e-01 0.000000e+00
1.250762e-03 1.805368e-04 4.819992e-01 2.325000e+00 5.000000e-01 0.000000e+00
1.017015e-03 1.608072e-04 4.819992e-01 2.375000e+00 5.000000e-01 0.000000e+00
1.144092e-03 1.686929e-04 4.819992e-01 2.425000e+00 5.000000e-01 0.000000e+00
9.851322e-04 1.520144e-04 4.819992e-01 2.475000e+00 5.000000e-01 0.000000e+00
1.056928e-03 1.525609e-04 4.819992e-01 2.525000e+00 5.000000e-01 0.000000e+00
9.325366e-04 1.375014e-04 4.819992e-01 2.575000e+00 5.000000e-01 0.000000e+00
1.197331e-03 1.520691e-04 4.819992e-01 2.625000e+00 5.000000e-01 0.000000e+00
1.150603e-03 1.461372e-04 4.819992e-01 2.675000e+00 5.000000e-01 0.000000e+00
1.083737e-03 1.399198e-04 4.819992e-01 2.725000e+00 5.000000e-01 0.000000e+00
1.067845e-03 1.427056e-04 4.819992e-01 2.775000e+00 5.000000e-01 0.000000e+00
1.179269e-03 1.576061e-04 4.819992e-01 2.825000e+00 5.000000e-01 0.000000e+00
1.458478e-03 1.795489e-04 4.819992e-01 2.875000e+00 5.000000e-01 0.000000e+00
5.000489e-01 4.713678e-03 4.919992e-01 2.500000e-02 5.000000e-01 0.000000e+00
1.070092e-01 2.183410e-03 4.919992e-01 7.500000e-02 5.000000e-01 0.000000e+00
5.718388e-03 5.015372e-04 4.919992e-01 1.250000e-01 5.000000e-01 0.000000e+00
1.381841e-03 2.442777e-04 4.919992e-01 1.750000e-01 5.000000e-01 0.000000e+00
1.304021e-03 2.380813e-04 4.919992e-01 2.250000e-01 5.000000e-01 0.000000e+00
1.466401e-03 2.514863e-04 4.919992e-01 2.750000e-01 5.000000e-01 0.000000e+00
8.440061e-04 1.887258e-04 4.919992e-01 3.250000e-01 5.000000e-01 0.000000e+00
9.518700e-04 2.029401e-04 4.919992e-01 3.750000e-01 5.000000e-01 0.000000e+00
1.115410e-03 2.187507e-04 4.919992e-01 4.250000e-01 5.000000e-01 0.000000e+00
1.319098e-03 2.331863e-04 4.919992e-01 4.750000e-01 5.000000e-01 0.000000e+00
6.689069e-04 1.672271e-04 4.919992e-01 5.250000e-01 5.000000e-01 0.000000e+00
9.161314e-04 1.953206e-04 4.919992e-01 5.750000e-01 5.000000e-01 0.000000e+00
5.671167e-04 1.515688e-04 4.919992e-01 6.250000e-01 5.000000e-01 0.000000e+00
1.312609e-03 2.320393e-04 4.919992e-01 6.750000e-01 5.000000e-01 0.000000e+00
1.062756e-03 2.084244e-04 4.919992e-01 7.250000e-01 5.000000e-01 0.000000e+00
6.330635e-04 1.582665e-04 4.919992e-01 7.750000e-01 5.000000e-01 0.000000e+00
4.004670e-04 1.266390e-04 4.919992e-01 8.250000e-01 5.000000e-01 0.000000e+00
1.021225e-03 2.002793e-04 4.919992e-01 8.750000e-01 5.000000e-01 0.000000e+00
1.325852e-03 2.273829e-04 4.919992e-01 9.250000e-01 5.000000e-01 0.000000e+00
7.134734e-04 1.681682e-04 4.919992e-01 9.750000e-01 5.000000e-01 0.000000e+00
9.277064e-04 1.893685e-04 4.919992e-01 1.025000e+00 5.000000e-01 0.000000e+00
1.070862e-03 2.023747e-04 4.919992e-01 1.075000e+00 5.000000e-01 0.000000e+00
6.097755e-04 1.524452e-04 4.919992e-01 1.125000e+00 5.000000e-01 0.000000e+00
7.391673e-04 1.652834e-04 4.919992e-01 1.175000e+00 5.000000e-01 0.000000e+00
1.114747e-03 2.035253e-04 4.919992e-01 1.225000e+00 5.000000e-01 0.000000e+00
8.724222e-04 1.780832e-04 4.919992e-01 1.275000e+00 5.000000e-01 0.000000e+00
1.003373e-03 1.896211e-04 4.919992e-01 1.325000e+00 5.000000e-01 0.000000e+00
1.220579e-03 2.093289e-04 4.919992e-01 1.375000e+00 5.000000e-01 0.000000e+00
1.061016e-03 1.937149e-04 4.919992e-01 1.425000e+00 5.000000e-01 0.000000e+00
1.415598e-03 2.238273e-04 4.919992e-01 1.475000e+00 5.000000e-01 0.000000e+00
1.675316e-03 2.418130e-04 4.919992e-01 1.525000e+00 5.000000e-01 0.000000e+00
1.104185e-03 1.951958e-04 4.919992e-01 1.575000e+00 5.000000e-01 0.000000e+00
1.089211e-03 1.925487e-04 4.919992e-01 1.625000e+00 5.000000e-01 0.000000e+00
1.731077e-03 2.400596e-04 4.919992e-01 1.675000e+00 5.000000e-01 0.000000e+00
1.259571e-03 2.043313e-04 4.919992e-01 1.725000e+00 5.000000e-01 0.000000e+00
1.759112e-03 2.393869e-04 4.919992e-01 1.775000e+00 5.000000e-01 0.000000e+00
1.466682e-03 2.162527e-04 4.919992e-01 1.825000e+00 5.000000e-01 0.000000e+00
1.690026e-03 2.299857e-04 4.919992e-01 1.875000e+00 5.000000e-01 0.000000e+00
9.207827e-04 1.681132e-04 4.919992e-01 1.925000e+00 5.000000e-01 0.000000e+00
1.270483e-03 1.960417e-04 4.919992e-01 1.975000e+00 5.000000e-01 0.000000e+00
1.360113e-03 2.005407e-04 4.919992e-01 2.025000e+00 5.000000e-01 0.000000e+00
1.928876e-03 2.374338e-04 4.919992e-01 2.075000e+00 5.000000e-01 0.000000e+00
1.723099e-03 2.224559e-04 4.919992e-01 2.125000e+00 5.000000e-01 0.000000e+00
1.512748e-03 2.058623e-04 4.919992e-01 2.175000e+00 5.000000e-01 0.000000e+00
1.641953e-03 2.119796e-04 4.919992e-01 2.225000e+00 5.000000e-01 0.000000e+00
1.606663e-03 2.074232e-04 4.919992e-01 2.275000e+00 5.000000e-01 0.000000e+00
1.458213e-03 1.948666e-04 4.919992e-01 2.325000e+00 5.000000e-01 0.000000e+00
1.686833e-03 2.076397e-04 4.919992e-01 2.375000e+00 5.000000e-01 0.000000e+00
1.213023e-03 1.715530e-04 4.919992e-01 2.425000e+00 5.000000e-01 0.000000e+00
1.043144e-03 1.538071e-04 4.919992e-01 2.475000e+00 5.000000e-01 0.000000e+00
9.654441e-04 1.423512e-04 4.919992e-01 2.525000e+00 5.000000e-01 0.000000e+00
1.243532e-03 1.579366e-04 4.919992e-01 2.575000e+00 5.000000e-01 0.000000e+00
1.156817e-03 1.493537e-04 4.919992e-01 2.625000e+00 5.000000e-01 0.000000e+00
1.347811e-03 1.588529e-04 4.919992e-01 2.675000e+00 5.000000e-01 0.000000e+00
1.402914e-03 1.653497e-04 4.919992e-01 2.725000e+00 5.000000e-01 0.000000e+00
1.208520e-03 1.615115e-04 4.919992e-01 2.775000e+00 5.000000e-01 0.000000e+00
1.564986e-03 1.898041e-04 4.919992e-01 2.825000e+00 5.000000e-01 0.000000e+00
1.545331e-03 1.931891e-04 4.919992e-01 2.875000e+00 5.000000e-01 0.000000e+00
4.968088e-01 4.733025e-03 5.019992e-01 2.500000e-02 5.000000e-01 0.000000e+00
1.040375e-01 2.149796e-03 5.019992e-01 7.500000e-02 5.000000e-01 0.000000e+00
4.031858e-03 4.203513e-04 5.019992e-01 1.250000e-01 5.000000e-01 0.000000e+00
1.395991e-03 2.467794e-04 5.019992e-01 1.750000e-01 5.000000e-01 0.000000e+00
1.646489e-03 2.670962e-04 5.019992e-01 2.250000e-01 5.000000e-01 0.000000e+00
1.311148e-03 2.393825e-04 5.019992e-01 2.750000e-01 5.000000e-01 0.000000e+00
9.449128e-04 2.014569e-04 5.019992e-01 3.250000e-01 5.000000e-01 0.000000e+00
9.369340e-04 1.997556e-04 5.019992e-01 3.750000e-01 5.000000e-01 0.000000e+00
1.202582e-03 2.272672e-04 5.019992e-01 4.250000e-01 5.000000e-01 0.000000e+00
7.561083e-04 1.782172e-04 5.019992e-01 4.750000e-01 5.000000e-01 0.000000e+00
4.927740e-04 1.422520e-04 5.019992e-01 5.250000e-01 5.000000e-01 0.000000e+00
1.186731e-03 2.242719e-04 5.019992e-01 5.750000e-01 5.000000e-01 0.000000e+00
8.286374e-04 1.852898e-04 5.019992e-01 6.250000e-01 5.000000e-01 0.000000e+00
8.108683e-04 1.813160e-04 5.019992e-01 6.750000e-01 5.000000e-01 0.000000e+00
6.602854e-04 1.650719e-04 5.019992e-01 7.250000e-01 5.000000e-01 0.000000e+00
7.997185e-04 1.788230e-04 5.019992e-01 7.750000e-01 5.000000e-01 0.000000e+00
1.028692e-03 2.017439e-04 5.019992e-01 8.250000e-01 5.000000e-01 0.000000e+00
8.803036e-04 1.876821e-04 5.019992e-01 8.750000e-01 5.000000e-01 0.000000e+00
7.032167e-04 1.657501e-04 5.019992e-01 9.250000e-01 5.000000e-01 0.000000e+00
1.254878e-03 2.218341e-04 5.019992e-01 9.750000e-01 5.000000e-01 0.000000e+00
5.503737e-04 1.470938e-04 5.019992e-01 1.025000e+00 5.000000e-01 0.000000e+00
1.214356e-03 2.146709e-04 5.019992e-01 1.075000e+00 5.000000e-01 0.000000e+00
6.864455e-04 1.617980e-04 5.019992e-01 1.125000e+00 5.000000e-01 0.000000e+00
1.279544e-03 2.194413e-04 5.019992e-01 1.175000e+00 5.000000e-01 0.000000e+00
1.394924e-03 2.262880e-04 5.019992e-01 1.225000e+00 5.000000e-01 0.000000e+00
7.399766e-04 1.654644e-04 5.019992e-01 1.275000e+00 5.000000e-01 0.000000e+00
4.311217e-04 1.244545e-04 5.019992e-01 1.325000e+00 5.000000e-01 0.000000e+00
1.070590e-03 1.954634e-04 5.019992e-01 1.375000e+00 5.000000e-01 0.000000e+00
1.276566e-03 2.127624e-04 5.019992e-01 1.425000e+00 5.000000e-01 0.000000e+00
1.184253e-03 2.030988e-04 5.019992e-01 1.475000e+00 5.000000e-01 0.000000e+00
6.262574e-04 1.476113e-04 5.019992e-01 1.525000e+00 5.000000e-01 0.000000e+00
8.188970e-04 1.671580e-04 5.019992e-01 1.575000e+00 5.000000e-01 0.000000e+00
7.348438e-04 1.566703e-04 5.019992e-01 1.625000e+00 5.000000e-01 0.000000e+00
8.087986e-04 1.650968e-04 5.019992e-01 1.675000e+00 5.000000e-01 0.000000e+00
1.240249e-03 2.011973e-04 5.019992e-01 1.725000e+00 5.000000e-01 0.000000e+00
1.348845e-03 2.081327e-04 5.019992e-01 1.775000e+00 5.000000e-01 0.000000e+00
7.676862e-04 1.567048e-04 5.019992e-01 1.825000e+00 5.000000e-01 0.000000e+00
1.005242e-03 1.777050e-04 5.019992e-01 1.875000e+00 5.000000e-01 0.000000e+00
1.540845e-03 2.179120e-04 5.019992e-01 1.925000e+00 5.000000e-01 0.000000e+00
1.828324e-03 2.360392e-04 5.019992e-01 1.975000e+00 5.000000e-01 0.000000e+00
1.785992e-03 2.305735e-04 5.019992e-01 2.025000e+00 5.000000e-01 0.000000e+00
1.454042e-03 2.056358e-04 5.019992e-01 2.075000e+00 5.000000e-01 0.000000e+00
1.497395e-03 2.076555e-04 5.019992e-01 2.125000e+00 5.000000e-01 0.000000e+00
1.734624e-03 2.203019e-04 5.019992e-01 2.175000e+00 5.000000e-01 0.000000e+00
1.760543e-03 2.200710e-04 5.019992e-01 2.225000e+00 5.000000e-01 0.000000e+00
1.389118e-03 1.926407e-04 5.019992e-01 2.275000e+00 5.000000e-01 0.000000e+00
1.790207e-03 2.171017e-04 5.019992e-01 2.325000e+00 5.000000e-01 0.000000e+00
1.493491e-03 1.928135e-04 5.019992e-01 2.375000e+00 5.000000e-01 0.000000e+00
1.540195e-03 1.895905e-04 5.019992e-01 2.425000e+00 5.000000e-01 0.000000e+00
1.526549e-03 1.824657e-04 5.019992e-01 2.475000e+00 5.000000e-01 0.000000e+00
1.531540e-03 1.780431e-04 5.019992e-01 2.525000e+00 5.000000e-01 0.000000e+00
9.973289e-04 1.410498e-04 5.019992e-01 2.575000e+00 5.000000e-01 0.000000e+00
1.275139e-03 1.569646e-04 5.019992e-01 2.625000e+00 5.000000e-01 0.000000e+00
1.164660e-03 1.529383e-04 5.019992e-01 2.675000e+00 5.000000e-01 0.000000e+00
9.737079e-04 1.468039e-04 5.019992e-01 2.725000e+00 5.000000e-01 0.000000e+00
1.239870e-03 1.719528e-04 5.019992e-01 2.775000e+00 5.000000e-01 0.000000e+00
1.259209e-03 1.781095e-04 5.019992e-01 2.825000e+00 5.000000e-01 0.000000e+00
8.142163e-04 1.486727e-04 5.019992e-01 2.875000e+00 5.000000e-01 0.000000e+00
5.106307e-01 4.788810e-03 5.119992e-01 2.500000e-02 5.000000e-01 0.000000e+00
1.067672e-01 2.161442e-03 5.119992e-01 7.500000e-02 5.000000e-01 0.000000e+00
4.757814e-03 4.578221e-04 5.119992e-01 1.250000e-01 5.000000e-01 0.000000e+00
2.311083e-03 3.204904e-04 5.119992e-01 1.750000e-01 5.000000e-01 0.000000e+00
2.188224e-03 3.094625e-04 5.119992e-01 2.250000e-01 5.000000e-01 0.000000e+00
1.410311e-03 2.493104e-04 5.119992e-01 2.750000e-01 5.000000e-01 0.000000e+00
1.468172e-03 2.517901e-04 5.119992e-01 3.250000e-01 5.000000e-01 0.000000e+00
1.093554e-03 2.144642e-04 5.119992e-01 3.750000e-01 5.000000e-01 0.000000e+00
7.730145e-04 1.822017e-04 5.119992e-01 4.250000e-01 5.000000e-01 0.000000e+00
1.028783e-03 2.100003e-04 5.119992e-01 4.750000e-01 5.000000e-01 0.000000e+00
7.396766e-04 1.743440e-04 5.119992e-01 5.250000e-01 5.000000e-01 0.000000e+00
5.937694e-04 1.586918e-04 5.119992e-01 5.750000e-01 5.000000e-01 0.000000e+00
7.571919e-04 1.784721e-04 5.119992e-01 6.250000e-01 5.000000e-01 0.000000e+00
1.203227e-03 2.196790e-04 5.119992e-01 6.750000e-01 5.000000e-01 0.000000e+00
9.866837e-04 2.014065e-04 5.119992e-01 7.250000e-01 5.000000e-01 0.000000e+00
9.785264e-04 1.997415e-04 5.119992e-01 7.750000e-01 5.000000e-01 0.000000e+00
8.606368e-04 1.834890e-04 5.119992e-01 8.250000e-01 5.000000e-01 0.000000e+00
9.659537e-04 1.971753e-04 5.119992e-01 8.750000e-01 5.000000e-01 0.000000e+00
1.042661e-03 2.044836e-04 5.119992e-01 9.250000e-01 5.000000e-01 0.000000e+00
5.454840e-04 1.457871e-04 5.119992e-01 9.750000e-01 5.000000e-01 0.000000e+00
9.426788e-04 1.924250e-04 5.119992e-01 1.025000e+00 5.000000e-01 0.000000e+00
9.263100e-04 1.890829e-04 5.119992e-01 1.075000e+00 5.000000e-01 0.000000e+00
1.210323e-03 2.139580e-04 5.119992e-01 1.125000e+00 5.000000e-01 0.000000e+00
1.134072e-03 2.070534e-04 5.119992e-01 1.175000e+00 5.000000e-01 0.000000e+00
1.118883e-03 2.042806e-04 5.119992e-01 1.225000e+00 5.000000e-01 0.000000e+00
1.247823e-03 2.140015e-04 5.119992e-01 1.275000e+00 5.000000e-01 0.000000e+00
5.882805e-04 1.470708e-04 5.119992e-01 1.325000e+00 5.000000e-01 0.000000e+00
7.191455e-04 1.608070e-04 5.119992e-01 1.375000e+00 5.000000e-01 0.000000e+00
1.633858e-03 2.409003e-04 5.119992e-01 1.425000e+00 5.000000e-01 0.000000e+00
1.063292e-03 1.941309e-04 5.119992e-01 1.475000e+00 5.000000e-01 0.000000e+00
9.029630e-04 1.770871e-04 5.119992e-01 1.525000e+00 5.000000e-01 0.000000e+00
1.030136e-03 1.880780e-04 5.119992e-01 1.575000e+00 5.000000e-01 0.000000e+00
8.855580e-04 1.736737e-04 5.119992e-01 1.625000e+00 5.000000e-01 0.000000e+00
1.066719e-03 1.885727e-04 5.119992e-01 1.675000e+00 5.000000e-01 0.000000e+00
9.230209e-04 1.744363e-04 5.119992e-01 1.725000e+00 5.000000e-01 0.000000e+00
1.238212e-03 2.008666e-04 5.119992e-01 1.775000e+00 5.000000e-01 0.000000e+00
1.403245e-03 2.115495e-04 5.119992e-01 1.825000e+00 5.000000e-01 0.000000e+00
2.078954e-03 2.559048e-04 5.119992e-01 1.875000e+00 5.000000e-01 0.000000e+00
1.302368e-03 2.009630e-04 5.119992e-01 1.925000e+00 5.000000e-01 0.000000e+00
1.511286e-03 2.137307e-04 5.119992e-01 1.975000e+00 5.000000e-01 0.000000e+00
2.267316e-03 2.600829e-04 5.119992e-01 2.025000e+00 5.000000e-01 0.000000e+00
1.638096e-03 2.189033e-04 5.119992e-01 2.075000e+00 5.000000e-01 0.000000e+00
1.374497e-03 1.983942e-04 5.119992e-01 2.125000e+00 5.000000e-01 0.000000e+00
1.237443e-03 1.865551e-04 5.119992e-01 2.175000e+00 5.000000e-01 0.000000e+00
1.704303e-03 2.164512e-04 5.119992e-01 2.225000e+00 5.000000e-01 0.000000e+00
1.233332e-03 1.818497e-04 5.119992e-01 2.275000e+00 5.000000e-01 0.000000e+00
1.280510e-03 1.810969e-04 5.119992e-01 2.325000e+00 5.000000e-01 0.000000e+00
1.589905e-03 1.957086e-04 5.119992e-01 2.375000e+00 5.000000e-01 0.000000e+00
1.436229e-03 1.795344e-04 5.119992e-01 2.425000e+00 5.000000e-01 0.000000e+00
9.831750e-04 1.449652e-04 5.119992e-01 2.475000e+00 5.000000e-01 0.000000e+00
1.075561e-03 1.491587e-04 5.119992e-01 2.525000e+00 5.000000e-01 0.000000e+00
1.041108e-03 1.443819e-04 5.119992e-01 2.575000e+00 5.000000e-01 0.000000e+00
1.196341e-03 1.570976e-04 5.119992e-01 2.625000e+00 5.000000e-01 0.000000e+00
1.447317e-03 1.809215e-04 5.119992e-01 2.675000e+00 5.000000e-01 0.000000e+00
1.088759e-03 1.641500e-04 5.119992e-01 2.725000e+00 5.000000e-01 0.000000e+00
1.103986e-03 1.703641e-04 5.119992e-01 2.775000e+00 5.000000e-01 0.000000e+00
7.842359e-04 1.482244e-04 5.119992e-01 2.825000e+00 5.000000e-01 0.000000e+00
1.342925e-03 2.024810e-04 5.119992e-01 2.875000e+00 5.000000e-01 0.000000e+00
5.009757e-01 4.684276e-03 5.219992e-01 2.500000e-02 5.000000e-01 0.000000e+00
1.032411e-01 2.130612e-03 5.219992e-01 7.500000e-02 5.000000e-01 0.000000e+00
4.849044e-03 4.666008e-04 5.219992e-01 1.250000e-01 5.000000e-01 0.000000e+00
1.513484e-03 2.595611e-04 5.219992e-01 1.750000e-01 5.000000e-01 0.000000e+00
1.847214e-03 2.850322e-04 5.219992e-01 2.250000e-01 5.000000e-01 0.000000e+00
2.557678e-03 3.358404e-04 5.219992e-01 2.750000e-01 5.000000e-01 0.000000e+00
1.211892e-03 2.290265e-04 5.219992e-01 3.250000e-01 5.000000e-01 0.000000e+00
1.090996e-03 2.139628e-04 5.219992e-01 3.750000e-01 5.000000e-01 0.000000e+00
9.516347e-04 2.028895e-04 5.219992e-01 4.250000e-01 5.000000e-01 0.000000e+00
9.505891e-04 2.026667e-04 5.219992e-01 4.750000e-01 5.000000e-01 0.000000e+00
6.664009e-04 1.666008e-04 5.219992e-01 5.250000e-01 5.000000e-01 0.000000e+00
6.759301e-04 1.689827e-04 5.219992e-01 5.750000e-01 5.000000e-01 0.000000e+00
1.005510e-03 2.052496e-04 5.219992e-01 6.250000e-01 5.000000e-01 0.000000e+00
4.116741e-04 1.301832e-04 5.219992e-01 6.750000e-01 5.000000e-01 0.000000e+00
7.282805e-04 1.716577e-04 5.219992e-01 7.250000e-01 5.000000e-01 0.000000e+00
1.136759e-03 2.148281e-04 5.219992e-01 7.750000e-01 5.000000e-01 0.000000e+00
1.126039e-03 2.128021e-04 5.219992e-01 8.250000e-01 5.000000e-01 0.000000e+00
8.715530e-04 1.858166e-04 5.219992e-01 8.750000e-01 5.000000e-01 0.000000e+00
9.635817e-04 1.966908e-04 5.219992e-01 9.250000e-01 5.000000e-01 0.000000e+00
6.387660e-04 1.596925e-04 5.219992e-01 9.750000e-01 5.000000e-01 0.000000e+00
1.008969e-03 1.978758e-04 5.219992e-01 1.025000e+00 5.000000e-01 0.000000e+00
9.283267e-04 1.894944e-04 5.219992e-01 1.075000e+00 5.000000e-01 0.000000e+00
1.229648e-03 2.173738e-04 5.219992e-01 1.125000e+00 5.000000e-01 0.000000e+00
1.051451e-03 1.987065e-04 5.219992e-01 1.175000e+00 5.000000e-01 0.000000e+00
3.738702e-04 1.182289e-04 5.219992e-01 1.225000e+00 5.000000e-01 0.000000e+00
8.181126e-04 1.744230e-04 5.219992e-01 1.275000e+00 5.000000e-01 0.000000e+00
1.164287e-03 2.058201e-04 5.219992e-01 1.325000e+00 5.000000e-01 0.000000e+00
9.378771e-04 1.839336e-04 5.219992e-01 1.375000e+00 5.000000e-01 0.000000e+00
1.065948e-03 1.946157e-04 5.219992e-01 1.425000e+00 5.000000e-01 0.000000e+00
9.177822e-04 1.799935e-04 5.219992e-01 1.475000e+00 5.000000e-01 0.000000e+00
9.792021e-04 1.850532e-04 5.219992e-01 1.525000e+00 5.000000e-01 0.000000e+00
1.654667e-03 2.388325e-04 5.219992e-01 1.575000e+00 5.000000e-01 0.000000e+00
8.140675e-04 1.661717e-04 5.219992e-01 1.625000e+00 5.000000e-01 0.000000e+00
8.735878e-04 1.713264e-04 5.219992e-01 1.675000e+00 5.000000e-01 0.000000e+00
9.995810e-04 1.824991e-04 5.219992e-01 1.725000e+00 5.000000e-01 0.000000e+00
1.760469e-03 2.395723e-04 5.219992e-01 1.775000e+00 5.000000e-01 0.000000e+00
1.659002e-03 2.300650e-04 5.219992e-01 1.825000e+00 5.000000e-01 0.000000e+00
1.636263e-03 2.269115e-04 5.219992e-01 1.875000e+00 5.000000e-01 0.000000e+00
1.484295e-03 2.142419e-04 5.219992e-01 1.925000e+00 5.000000e-01 0.000000e+00
1.097136e-03 1.828579e-04 5.219992e-01 1.975000e+00 5.000000e-01 0.000000e+00
2.325626e-03 2.633298e-04 5.219992e-01 2.025000e+00 5.000000e-01 0.000000e+00
1.640583e-03 2.192350e-04 5.219992e-01 2.075000e+00 5.000000e-01 0.000000e+00
1.719586e-03 2.220008e-04 5.219992e-01 2.125000e+00 5.000000e-01 0.000000e+00
1.238945e-03 1.867808e-04 5.219992e-01 2.175000e+00 5.000000e-01 0.000000e+00
1.319788e-03 1.904979e-04 5.219992e-01 2.225000e+00 5.000000e-01 0.000000e+00
1.738316e-03 2.139771e-04 5.219992e-01 2.275000e+00 5.000000e-01 0.000000e+00
1.185518e-03 1.711180e-04 5.219992e-01 2.325000e+00 5.000000e-01 0.000000e+00
1.423702e-03 1.808143e-04 5.219992e-01 2.375000e+00 5.000000e-01 0.000000e+00
1.408068e-03 1.760128e-04 5.219992e-01 2.425000e+00 5.000000e-01 0.000000e+00
1.450274e-03 1.758791e-04 5.219992e-01 2.475000e+00 5.000000e-01 0.000000e+00
1.037364e-03 1.467105e-04 5.219992e-01 2.525000e+00 5.000000e-01 0.000000e+00
1.057021e-03 1.494929e-04 5.219992e-01 2.575000e+00 5.000000e-01 0.000000e+00
1.254872e-03 1.707760e-04 5.219992e-01 2.625000e+00 5.000000e-01 0.000000e+00
1.431267e-03 1.912727e-04 5.219992e-01 2.675000e+00 5.000000e-01 0.000000e+00
1.148012e-03 1.771541e-04 5.219992e-01 2.725000e+00 5.000000e-01 0.000000e+00
1.331971e-03 1.964003e-04 5.219992e-01 2.775000e+00 5.000000e-01 0.000000e+00
1.143736e-03 1.906436e-04 5.219992e-01 2.825000e+00 5.000000e-01 0.000000e+00
1.343040e-03 2.178990e-04 5.219992e-01 2.875000e+00 5.000000e-01 0.000000e+00
4.828514e-01 4.618113e-03 5.319992e-01 2.500000e-02 5.000000e-01 0.000000e+00
1.028136e-01 2.146616e-03 5.319992e-01 7.500000e-02 5.000000e-01 0.000000e+00
5.349092e-03 4.883037e-04 5.319992e-01 1.250000e-01 5.000000e-01 0.000000e+00
1.876244e-03 2.895114e-04 5.319992e-01 1.750000e-01 5.000000e-01 0.000000e+00
1.587155e-03 2.645265e-04 5.319992e-01 2.250000e-01 5.000000e-01 0.000000e+00
1.415773e-03 2.502763e-04 5.319992e-01 2.750000e-01 5.000000e-01 0.000000e+00
1.473053e-03 2.526273e-04 5.319992e-01 3.250000e-01 5.000000e-01 0.000000e+00
9.328990e-04 1.988952e-04 5.319992e-01 3.750000e-01 5.000000e-01 0.000000e+00
1.494033e-03 2.562256e-04 5.319992e-01 4.250000e-01 5.000000e-01 0.000000e+00
8.646953e-04 1.933521e-04 5.319992e-01 4.750000e-01 5.000000e-01 0.000000e+00
9.444446e-04 2.013566e-04 5.319992e-01 5.250000e-01 5.000000e-01 0.000000e+00
9.868831e-04 2.014471e-04 5.319992e-01 5.750000e-01 5.000000e-01 0.000000e+00
8.377033e-04 1.873169e-04 5.319992e-01 6.250000e-01 5.000000e-01 0.000000e+00
5.022631e-04 1.449916e-04 5.319992e-01 6.750000e-01 5.000000e-01 0.000000e+00
4.829512e-04 1.394164e-04 5.319992e-01 7.250000e-01 5.000000e-01 0.000000e+00
1.373888e-03 2.356206e-04 5.319992e-01 7.750000e-01 5.000000e-01 0.000000e+00
8.888351e-04 1.895006e-04 5.319992e-01 8.250000e-01 5.000000e-01 0.000000e+00
1.124988e-03 2.126036e-04 5.319992e-01 8.750000e-01 5.000000e-01 0.000000e+00
9.516372e-04 1.942528e-04 5.319992e-01 9.250000e-01 5.000000e-01 0.000000e+00
1.512966e-03 2.454363e-04 5.319992e-01 9.750000e-01 5.000000e-01 0.000000e+00
1.034085e-03 2.028018e-04 5.319992e-01 1.025000e+00 5.000000e-01 0.000000e+00
1.158602e-03 2.115315e-04 5.319992e-01 1.075000e+00 5.000000e-01 0.000000e+00
1.688374e-03 2.545332e-04 5.319992e-01 1.125000e+00 5.000000e-01 0.000000e+00
1.226634e-03 2.168416e-04 5.319992e-01 1.175000e+00 5.000000e-01 0.000000e+00
9.044205e-04 1.846150e-04 5.319992e-01 1.225000e+00 5.000000e-01 0.000000e+00
7.397279e-04 1.654094e-04 5.319992e-01 1.275000e+00 5.000000e-01 0.000000e+00
1.108246e-03 2.023379e-04 5.319992e-01 1.325000e+00 5.000000e-01 0.000000e+00
1.100502e-03 2.009244e-04 5.319992e-01 1.375000e+00 5.000000e-01 0.000000e+00
7.145563e-04 1.597809e-04 5.319992e-01 1.425000e+00 5.000000e-01 0.000000e+00
9.244882e-04 1.813084e-04 5.319992e-01 1.475000e+00 5.000000e-01 0.000000e+00
7.063364e-04 1.579428e-04 5.319992e-01 1.525000e+00 5.000000e-01 0.000000e+00
7.661189e-04 1.633378e-04 5.319992e-01 1.575000e+00 5.000000e-01 0.000000e+00
1.224731e-03 2.041237e-04 5.319992e-01 1.625000e+00 5.000000e-01 0.000000e+00
7.407467e-04 1.579284e-04 5.319992e-01 1.675000e+00 5.000000e-01 0.000000e+00
1.054121e-03 1.863460e-04 5.319992e-01 1.725000e+00 5.000000e-01 0.000000e+00
1.359988e-03 2.098530e-04 5.319992e-01 1.775000e+00 5.000000e-01 0.000000e+00
1.284455e-03 2.030929e-04 5.319992e-01 1.825000e+00 5.000000e-01 0.000000e+00
1.454719e-03 2.144890e-04 5.319992e-01 1.875000e+00 5.000000e-01 0.000000e+00
1.611129e-03 2.234257e-04 5.319992e-01 1.925000e+00 5.000000e-01 0.000000e+00
1.035783e-03 1.776376e-04 5.319992e-01 1.975000e+00 5.000000e-01 0.000000e+00
1.739008e-03 2.283466e-04 5.319992e-01 2.025000e+00 5.000000e-01 0.000000e+00
2.047619e-03 2.447420e-04 5.319992e-01 2.075000e+00 5.000000e-01 0.000000e+00
1.381068e-03 1.993441e-04 5.319992e-01 2.125000e+00 5.000000e-01 0.000000e+00
1.176074e-03 1.814748e-04 5.319992e-01 2.175000e+00 5.000000e-01 0.000000e+00
1.673862e-03 2.125859e-04 5.319992e-01 2.225000e+00 5.000000e-01 0.000000e+00
2.230746e-03 2.378041e-04 5.319992e-01 2.275000e+00 5.000000e-01 0.000000e+00
1.224793e-03 1.698527e-04 5.319992e-01 2.325000e+00 5.000000e-01 0.000000e+00
1.948352e-03 2.101033e-04 5.319992e-01 2.375000e+00 5.000000e-01 0.000000e+00
9.207683e-04 1.420813e-04 5.319992e-01 2.425000e+00 5.000000e-01 0.000000e+00
9.802231e-04 1.445319e-04 5.319992e-01 2.475000e+00 5.000000e-01 0.000000e+00
1.531845e-03 1.830977e-04 5.319992e-01 2.525000e+00 5.000000e-01 0.000000e+00
1.589826e-03 1.957047e-04 5.319992e-01 2.575000e+00 5.000000e-01 0.000000e+00
1.532290e-03 2.012096e-04 5.319992e-01 2.625000e+00 5.000000e-01 0.000000e+00
1.355699e-03 1.956942e-04 5.319992e-01 2.675000e+00 5.000000e-01 0.000000e+00
1.338537e-03 2.018026e-04 5.319992e-01 2.725000e+00 5.000000e-01 0.000000e+00
1.053316e-03 1.862200e-04 5.319992e-01 2.775000e+00 5.000000e-01 0.000000e+00
1.395690e-03 2.264323e-04 5.319992e-01 2.825000e+00 5.000000e-01 0.000000e+00
1.158606e-03 2.189768e-04 5.319992e-01 2.875000e+00 5.000000e-01 0.000000e+00
4.858026e-01 4.647615e-03 5.419992e-01 2.500000e-02 5.000000e-01 0.000000e+00
1.074290e-01 2.191064e-03 5.419992e-01 7.500000e-02 5.000000e-01 0.000000e+00
5.532238e-03 4.968105e-04 5.419992e-01 1.250000e-01 5.000000e-01 0.000000e+00
1.617099e-03 2.695172e-04 5.419992e-01 1.750000e-01 5.000000e-01 0.000000e+00
1.950323e-03 2.940230e-04 5.419992e-01 2.250000e-01 5.000000e-01 0.000000e+00
1.771713e-03 2.801332e-04 5.419992e-01 2.750000e-01 5.000000e-01 0.000000e+00
1.310002e-03 2.391732e-04 5.419992e-01 3.250000e-01 5.000000e-01 0.000000e+00
9.537851e-04 2.033480e-04 5.419992e-01 3.750000e-01 5.000000e-01 0.000000e+00
6.138175e-04 1.640500e-04 5.419992e-01 4.250000e-01 5.000000e-01 0.000000e+00
1.036703e-03 2.116167e-04 5.419992e-01 4.750000e-01 5.000000e-01 0.000000e+00
7.775224e-04 1.832642e-04 5.419992e-01 5.250000e-01 5.000000e-01 0.000000e+00
5.775016e-04 1.543444e-04 5.419992e-01 5.750000e-01 5.000000e-01 0.000000e+00
8.358581e-04 1.869042e-04 5.419992e-01 6.250000e-01 5.000000e-01 0.000000e+00
9.163001e-04 1.953560e-04 5.419992e-01 6.750000e-01 5.000000e-01 0.000000e+00
1.165859e-03 2.203273e-04 5.419992e-01 7.250000e-01 5.000000e-01 0.000000e+00
5.555139e-04 1.484676e-04 5.419992e-01 7.750000e-01 5.000000e-01 0.000000e+00
6.409849e-04 1.602466e-04 5.419992e-01 8.250000e-01 5.000000e-01 0.000000e+00
1.046341e-03 2.052055e-04 5.419992e-01 8.750000e-01 5.000000e-01 0.000000e+00
9.641071e-04 1.967981e-04 5.419992e-01 9.250000e-01 5.000000e-01 0.000000e+00
1.181754e-03 2.157587e-04 5.419992e-01 9.750000e-01 5.000000e-01 0.000000e+00
1.034380e-03 2.028592e-04 5.419992e-01 1.025000e+00 5.000000e-01 0.000000e+00
1.268605e-03 2.242609e-04 5.419992e-01 1.075000e+00 5.000000e-01 0.000000e+00
1.695143e-03 2.555538e-04 5.419992e-01 1.125000e+00 5.000000e-01 0.000000e+00
8.326872e-04 1.775304e-04 5.419992e-01 1.175000e+00 5.000000e-01 0.000000e+00
8.397394e-04 1.790345e-04 5.419992e-01 1.225000e+00 5.000000e-01 0.000000e+00
8.349523e-04 1.780131e-04 5.419992e-01 1.275000e+00 5.000000e-01 0.000000e+00
7.348719e-04 1.643232e-04 5.419992e-01 1.325000e+00 5.000000e-01 0.000000e+00
1.089702e-03 1.989527e-04 5.419992e-01 1.375000e+00 5.000000e-01 0.000000e+00
9.376523e-04 1.838894e-04 5.419992e-01 1.425000e+00 5.000000e-01 0.000000e+00
7.088516e-04 1.585047e-04 5.419992e-01 1.475000e+00 5.000000e-01 0.000000e+00
1.315239e-03 2.133617e-04 5.419992e-01 1.525000e+00 5.000000e-01 0.000000e+00
9.593823e-04 1.813078e-04 5.419992e-01 1.575000e+00 5.000000e-01 0.000000e+00
9.550932e-04 1.804979e-04 5.419992e-01 1.625000e+00 5.000000e-01 0.000000e+00
8.107644e-04 1.654981e-04 5.419992e-01 1.675000e+00 5.000000e-01 0.000000e+00
8.638478e-04 1.694163e-04 5.419992e-01 1.725000e+00 5.000000e-01 0.000000e+00
1.692163e-03 2.346631e-04 5.419992e-01 1.775000e+00 5.000000e-01 0.000000e+00
1.155817e-03 1.926387e-04 5.419992e-01 1.825000e+00 5.000000e-01 0.000000e+00
1.203541e-03 1.952413e-04 5.419992e-01 1.875000e+00 5.000000e-01 0.000000e+00
2.371936e-03 2.720838e-04 5.419992e-01 1.925000e+00 5.000000e-01 0.000000e+00
1.212641e-03 1.917379e-04 5.419992e-01 1.975000e+00 5.000000e-01 0.000000e+00
1.850894e-03 2.350687e-04 5.419992e-01 2.025000e+00 5.000000e-01 0.000000e+00
1.463534e-03 2.069786e-04 5.419992e-01 2.075000e+00 5.000000e-01 0.000000e+00
1.489670e-03 2.065845e-04 5.419992e-01 2.125000e+00 5.000000e-01 0.000000e+00
1.592268e-03 2.090790e-04 5.419992e-01 2.175000e+00 5.000000e-01 0.000000e+00
1.546720e-03 1.996849e-04 5.419992e-01 2.225000e+00 5.000000e-01 0.000000e+00
1.488511e-03 1.890452e-04 5.419992e-01 2.275000e+00 5.000000e-01 0.000000e+00
1.588159e-03 1.925980e-04 5.419992e-01 2.325000e+00 5.000000e-01 0.000000e+00
1.711916e-03 1.963748e-04 5.419992e-01 2.375000e+00 5.000000e-01 0.000000e+00
1.364235e-03 1.732638e-04 5.419992e-01 2.425000e+00 5.000000e-01 0.000000e+00
1.306391e-03 1.715431e-04 5.419992e-01 2.475000e+00 5.000000e-01 0.000000e+00
1.865396e-03 2.139824e-04 5.419992e-01 2.525000e+00 5.000000e-01 0.000000e+00
1.320136e-03 1.905521e-04 5.419992e-01 2.575000e+00 5.000000e-01 0.000000e+00
8.810096e-04 1.608550e-04 5.419992e-01 2.625000e+00 5.000000e-01 0.000000e+00
1.137068e-03 1.895238e-04 5.419992e-01 2.675000e+00 5.000000e-01 0.000000e+00
1.033710e-03 1.887406e-04 5.419992e-01 2.725000e+00 5.000000e-01 0.000000e+00
9.967703e-04 1.954937e-04 5.419992e-01 2.775000e+00 5.000000e-01 0.000000e+00
1.304760e-03 2.382351e-04 5.419992e-01 2.825000e+00 5.000000e-01 0.000000e+00
1.233321e-03 2.517694e-04 5.419992e-01 2.875000e+00 5.000000e-01 0.000000e+00
4.770953e-01 4.611834e-03 5.519992e-01 2.500000e-02 5.000000e-01 0.000000e+00
1.135768e-01 2.258926e-03 5.519992e-01 7.500000e-02 5.000000e-01 0.000000e+00
5.828970e-03 5.112356e-04 5.519992e-01 1.250000e-01 5.000000e-01 0.000000e+00
2.793799e-03 3.548137e-04 5.519992e-01 1.750000e-01 5.000000e-01 0.000000e+00
1.873380e-03 2.890695e-04 5.519992e-01 2.250000e-01 5.000000e-01 0.000000e+00
1.407392e-03 2.487946e-04 5.519992e-01 2.750000e-01 5.000000e-01 0.000000e+00
1.334690e-03 2.436804e-04 5.519992e-01 3.250000e-01 5.000000e-01 0.000000e+00
1.217524e-03 2.300908e-04 5.519992e-01 3.750000e-01 5.000000e-01 0.000000e+00
8.697128e-04 1.944742e-04 5.519992e-01 4.250000e-01 5.000000e-01 0.000000e+00
1.294775e-03 2.363932e-04 5.519992e-01 4.750000e-01 5.000000e-01 0.000000e+00
8.638169e-04 1.931561e-04 5.519992e-01 5.250000e-01 5.000000e-01 0.000000e+00
9.365519e-04 1.996740e-04 5.519992e-01 5.750000e-01 5.000000e-01 0.000000e+00
5.719747e-04 1.528672e-04 5.519992e-01 6.250000e-01 5.000000e-01 0.000000e+00
7.501067e-04 1.768021e-04 5.519992e-01 6.750000e-01 5.000000e-01 0.000000e+00
1.421196e-03 2.437341e-04 5.519992e-01 7.250000e-01 5.000000e-01 0.000000e+00
4.911163e-04 1.417735e-04 5.519992e-01 7.750000e-01 5.000000e-01 0.000000e+00
8.637667e-04 1.841563e-04 5.519992e-01 8.250000e-01 5.000000e-01 0.000000e+00
1.194337e-03 2.180556e-04 5.519992e-01 8.750000e-01 5.000000e-01 0.000000e+00
1.121899e-03 2.120195e-04 5.519992e-01 9.250000e-01 5.000000e-01 0.000000e+00
1.186835e-03 2.166863e-04 5.519992e-01 9.750000e-01 5.000000e-01 0.000000e+00
1.074846e-03 2.031274e-04 5.519992e-01 1.025000e+00 5.000000e-01 0.000000e+00
1.004571e-03 1.970135e-04 5.519992e-01 1.075000e+00 5.000000e-01 0.000000e+00
9.345984e-04 1.907755e-04 5.519992e-01 1.125000e+00 5.000000e-01 0.000000e+00
8.317908e-04 1.773391e-04 5.519992e-01 1.175000e+00 5.000000e-01 0.000000e+00
8.873468e-04 1.811298e-04 5.519992e-01 1.225000e+00 5.000000e-01 0.000000e+00
6.656625e-04 1.568991e-04 5.519992e-01 1.275000e+00 5.000000e-01 0.000000e+00
5.154767e-04 1.377676e-04 5.519992e-01 1.325000e+00 5.000000e-01 0.000000e+00
8.715207e-04 1.778995e-04 5.519992e-01 1.375000e+00 5.000000e-01 0.000000e+00
4.961742e-04 1.326091e-04 5.519992e-01 1.425000e+00 5.000000e-01 0.000000e+00
7.795721e-04 1.662065e-04 5.519992e-01 1.475000e+00 5.000000e-01 0.000000e+00
1.276973e-03 2.128309e-04 5.519992e-01 1.525000e+00 5.000000e-01 0.000000e+00
1.262283e-03 2.103827e-04 5.519992e-01 1.575000e+00 5.000000e-01 0.000000e+00
1.025324e-03 1.871994e-04 5.519992e-01 1.625000e+00 5.000000e-01 0.000000e+00
1.002047e-03 1.829495e-04 5.519992e-01 1.675000e+00 5.000000e-01 0.000000e+00
1.320287e-03 2.087586e-04 5.519992e-01 1.725000e+00 5.000000e-01 0.000000e+00
1.249660e-03 2.027237e-04 5.519992e-01 1.775000e+00 5.000000e-01 0.000000e+00
1.296720e-03 2.050321e-04 5.519992e-01 1.825000e+00 5.000000e-01 0.000000e+00
9.428810e-04 1.721483e-04 5.519992e-01 1.875000e+00 5.000000e-01 0.000000e+00
1.798052e-03 2.360983e-04 5.519992e-01 1.925000e+00 5.000000e-01 0.000000e+00
1.771086e-03 2.325570e-04 5.519992e-01 1.975000e+00 5.000000e-01 0.000000e+00
9.511725e-04 1.681480e-04 5.519992e-01 2.025000e+00 5.000000e-01 0.000000e+00
1.233007e-03 1.902609e-04 5.519992e-01 2.075000e+00 5.000000e-01 0.000000e+00
2.346578e-03 2.560373e-04 5.519992e-01 2.125000e+00 5.000000e-01 0.000000e+00
1.846399e-03 2.206914e-04 5.519992e-01 2.175000e+00 5.000000e-01 0.000000e+00
1.860208e-03 2.133844e-04 5.519992e-01 2.225000e+00 5.000000e-01 0.000000e+00
9.998806e-04 1.542889e-04 5.519992e-01 2.275000e+00 5.000000e-01 0.000000e+00
1.795251e-03 2.032767e-04 5.519992e-01 2.325000e+00 5.000000e-01 0.000000e+00
1.435965e-03 1.795002e-04 5.519992e-01 2.375000e+00 5.000000e-01 0.000000e+00
1.398645e-03 1.805703e-04 5.519992e-01 2.425000e+00 5.000000e-01 0.000000e+00
1.124746e-03 1.695670e-04 5.519992e-01 2.475000e+00 5.000000e-01 0.000000e+00
1.588286e-03 2.122533e-04 5.519992e-01 2.525000e+00 5.000000e-01 0.000000e+00
9.123936e-04 1.665882e-04 5.519992e-01 2.575000e+00 5.000000e-01 0.000000e+00
1.581813e-03 2.283275e-04 5.519992e-01 2.625000e+00 5.000000e-01 0.000000e+00
1.433301e-03 2.266419e-04 5.519992e-01 2.675000e+00 5.000000e-01 0.000000e+00
8.795963e-04 1.875404e-04 5.519992e-01 2.725000e+00 5.000000e-01 0.000000e+00
4.627549e-04 1.463418e-04 5.519992e-01 2.775000e+00 5.000000e-01 0.000000e+00
1.278087e-03 2.609155e-04 5.519992e-01 2.825000e+00 5.000000e-01 0.000000e+00
1.415939e-03 3.166632e-04 5.519992e-01 2.875000e+00 5.000000e-01 0.000000e+00
5.015465e-01 4.741296e-03 5.619991e-01 2.500000e-02 5.000000e-01 0.000000e+00
1.229579e-01 2.334554e-03 5.619991e-01 7.500000e-02 5.000000e-01 0.000000e+00
6.086854e-03 5.258253e-04 5.619991e-01 1.250000e-01 5.000000e-01 0.000000e+00
2.160760e-03 3.118795e-04 5.619991e-01 1.750000e-01 5.000000e-01 0.000000e+00
1.698834e-03 2.755879e-04 5.619991e-01 2.250000e-01 5.000000e-01 0.000000e+00
1.071535e-03 2.187266e-04 5.619991e-01 2.750000e-01 5.000000e-01 0.000000e+00
1.426346e-03 2.521454e-04 5.619991e-01 3.250000e-01 5.000000e-01 0.000000e+00
1.143640e-03 2.242866e-04 5.619991e-01 3.750000e-01 5.000000e-01 0.000000e+00
1.128293e-03 2.212772e-04 5.619991e-01 4.250000e-01 5.000000e-01 0.000000e+00
6.926534e-04 1.731639e-04 5.619991e-01 4.750000e-01 5.000000e-01 0.000000e+00
1.126318e-03 2.208895e-04 5.619991e-01 5.250000e-01 5.000000e-01 0.000000e+00
6.053750e-04 1.617938e-04 5.619991e-01 5.750000e-01 5.000000e-01 0.000000e+00
4.945290e-04 1.427585e-04 5.619991e-01 6.250000e-01 5.000000e-01 0.000000e+00
7.461533e-04 1.758706e-04 5.619991e-01 6.750000e-01 5.000000e-01 0.000000e+00
9.976798e-04 2.036511e-04 5.619991e-01 7.250000e-01 5.000000e-01 0.000000e+00
8.338049e-04 1.864447e-04 5.619991e-01 7.750000e-01 5.000000e-01 0.000000e+00
5.645707e-04 1.508886e-04 5.619991e-01 8.250000e-01 5.000000e-01 0.000000e+00
1.017028e-03 1.994563e-04 5.619991e-01 8.750000e-01 5.000000e-01 0.000000e+00
6.350560e-04 1.587646e-04 5.619991e-01 9.250000e-01 5.000000e-01 0.000000e+00
7.230713e-04 1.704303e-04 5.619991e-01 9.750000e-01 5.000000e-01 0.000000e+00
8.673071e-04 1.849114e-04 5.619991e-01 1.025000e+00 5.000000e-01 0.000000e+00
1.521475e-03 2.405676e-04 5.619991e-01 1.075000e+00 5.000000e-01 0.000000e+00
8.437048e-04 1.798791e-04 5.619991e-01 1.125000e+00 5.000000e-01 0.000000e+00
9.209411e-04 1.879869e-04 5.619991e-01 1.175000e+00 5.000000e-01 0.000000e+00
1.222594e-03 2.161275e-04 5.619991e-01 1.225000e+00 5.000000e-01 0.000000e+00
9.635010e-04 1.889592e-04 5.619991e-01 1.275000e+00 5.000000e-01 0.000000e+00
5.145839e-04 1.375294e-04 5.619991e-01 1.325000e+00 5.000000e-01 0.000000e+00
1.029670e-03 1.945905e-04 5.619991e-01 1.375000e+00 5.000000e-01 0.000000e+00
6.550418e-04 1.543955e-04 5.619991e-01 1.425000e+00 5.000000e-01 0.000000e+00
1.292978e-03 2.154982e-04 5.619991e-01 1.475000e+00 5.000000e-01 0.000000e+00
1.324882e-03 2.149259e-04 5.619991e-01 1.525000e+00 5.000000e-01 0.000000e+00
1.370674e-03 2.167247e-04 5.619991e-01 1.575000e+00 5.000000e-01 0.000000e+00
7.511471e-04 1.601465e-04 5.619991e-01 1.625000e+00 5.000000e-01 0.000000e+00
1.157571e-03 1.985234e-04 5.619991e-01 1.675000e+00 5.000000e-01 0.000000e+00
7.326419e-04 1.562006e-04 5.619991e-01 1.725000e+00 5.000000e-01 0.000000e+00
1.502134e-03 2.214792e-04 5.619991e-01 1.775000e+00 5.000000e-01 0.000000e+00
1.729166e-03 2.353122e-04 5.619991e-01 1.825000e+00 5.000000e-01 0.000000e+00
1.702341e-03 2.316633e-04 5.619991e-01 1.875000e+00 5.000000e-01 0.000000e+00
9.255612e-04 1.689861e-04 5.619991e-01 1.925000e+00 5.000000e-01 0.000000e+00
1.222276e-03 1.932610e-04 5.619991e-01 1.975000e+00 5.000000e-01 0.000000e+00
1.244872e-03 1.920901e-04 5.619991e-01 2.025000e+00 5.000000e-01 0.000000e+00
1.473298e-03 2.043127e-04 5.619991e-01 2.075000e+00 5.000000e-01 0.000000e+00
1.551744e-03 2.037582e-04 5.619991e-01 2.125000e+00 5.000000e-01 0.000000e+00
1.810105e-03 2.133265e-04 5.619991e-01 2.175000e+00 5.000000e-01 0.000000e+00
1.898008e-03 2.149127e-04 5.619991e-01 2.225000e+00 5.000000e-01 0.000000e+00
1.660897e-03 1.985200e-04 5.619991e-01 2.275000e+00 5.000000e-01 0.000000e+00
1.628976e-03 1.947055e-04 5.619991e-01 2.325000e+00 5.000000e-01 0.000000e+00
1.301517e-03 1.771212e-04 5.619991e-01 2.375000e+00 5.000000e-01 0.000000e+00
1.375366e-03 1.907356e-04 5.619991e-01 2.425000e+00 5.000000e-01 0.000000e+00
1.830303e-03 2.324569e-04 5.619991e-01 2.475000e+00 5.000000e-01 0.000000e+00
1.455436e-03 2.145984e-04 5.619991e-01 2.525000e+00 5.000000e-01 0.000000e+00
1.092023e-03 1.930546e-04 5.619991e-01 2.575000e+00 5.000000e-01 0.000000e+00
1.354765e-03 2.258046e-04 5.619991e-01 2.625000e+00 5.000000e-01 0.000000e+00
1.087852e-03 2.133608e-04 5.619991e-01 2.675000e+00 5.000000e-01 0.000000e+00
1.534600e-03 2.712969e-04 5.619991e-01 2.725000e+00 5.000000e-01 0.000000e+00
1.358046e-03 2.772386e-04 5.619991e-01 2.775000e+00 5.000000e-01 0.000000e+00
4.455954e-04 1.819231e-04 5.619991e-01 2.825000e+00 5.000000e-01 0.000000e+00
4.501909e-04 2.251092e-04 5.619991e-01 2.875000e+00 5.000000e-01 0.000000e+00
5.023776e-01 4.732687e-03 5.719991e-01 2.500000e-02 5.000000e-01 0.000000e+00
1.186496e-01 2.291066e-03 5.719991e-01 7.500000e-02 5.000000e-01 0.000000e+00
6.268620e-03 5.375307e-04 5.719991e-01 1.250000e-01 5.000000e-01 0.000000e+00
1.262903e-03 2.386667e-04 5.719991e-01 1.750000e-01 5.000000e-01 0.000000e+00
1.626890e-03 2.711488e-04 5.719991e-01 2.250000e-01 5.000000e-01 0.000000e+00
1.620176e-03 2.700299e-04 5.719991e-01 2.750000e-01 5.000000e-01 0.000000e+00
8.927405e-04 1.996233e-04 5.719991e-01 3.250000e-01 5.000000e-01 0.000000e+00
6.218683e-04 1.662015e-04 5.719991e-01 3.750000e-01 5.000000e-01 0.000000e+00
7.787472e-04 1.835531e-04 5.719991e-01 4.250000e-01 5.000000e-01 0.000000e+00
1.477809e-03 2.534426e-04 5.719991e-01 4.750000e-01 5.000000e-01 0.000000e+00
5.199759e-04 1.501048e-04 5.719991e-01 5.250000e-01 5.000000e-01 0.000000e+00
3.460809e-04 1.223583e-04 5.719991e-01 5.750000e-01 5.000000e-01 0.000000e+00
1.118605e-03 2.193773e-04 5.719991e-01 6.250000e-01 5.000000e-01 0.000000e+00
9.663542e-04 1.972570e-04 5.719991e-01 6.750000e-01 5.000000e-01 0.000000e+00
8.283360e-04 1.852222e-04 5.719991e-01 7.250000e-01 5.000000e-01 0.000000e+00
1.079701e-03 2.117475e-04 5.719991e-01 7.750000e-01 5.000000e-01 0.000000e+00
7.511175e-04 1.770404e-04 5.719991e-01 8.250000e-01 5.000000e-01 0.000000e+00
9.637363e-04 1.967226e-04 5.719991e-01 8.750000e-01 5.000000e-01 0.000000e+00
9.380888e-04 1.914872e-04 5.719991e-01 9.250000e-01 5.000000e-01 0.000000e+00
1.195400e-03 2.182499e-04 5.719991e-01 9.750000e-01 5.000000e-01 0.000000e+00
7.990173e-04 1.786663e-04 5.719991e-01 1.025000e+00 5.000000e-01 0.000000e+00
1.268493e-03 2.242415e-04 5.719991e-01 1.075000e+00 5.000000e-01 0.000000e+00
6.910260e-04 1.628772e-04 5.719991e-01 1.125000e+00 5.000000e-01 0.000000e+00
9.055084e-04 1.848379e-04 5.719991e-01 1.175000e+00 5.000000e-01 0.000000e+00
1.063355e-03 2.009558e-04 5.719991e-01 1.225000e+00 5.000000e-01 0.000000e+00
1.142737e-03 2.086354e-04 5.719991e-01 1.275000e+00 5.000000e-01 0.000000e+00
9.746696e-04 1.911492e-04 5.719991e-01 1.325000e+00 5.000000e-01 0.000000e+00
8.043136e-04 1.714818e-04 5.719991e-01 1.375000e+00 5.000000e-01 0.000000e+00
9.926408e-04 1.875927e-04 5.719991e-01 1.425000e+00 5.000000e-01 0.000000e+00
9.910116e-04 1.872852e-04 5.719991e-01 1.475000e+00 5.000000e-01 0.000000e+00
8.431674e-04 1.721121e-04 5.719991e-01 1.525000e+00 5.000000e-01 0.000000e+00
1.334939e-03 2.165574e-04 5.719991e-01 1.575000e+00 5.000000e-01 0.000000e+00
6.917825e-04 1.546884e-04 5.719991e-01 1.625000e+00 5.000000e-01 0.000000e+00
8.733962e-04 1.712898e-04 5.719991e-01 1.675000e+00 5.000000e-01 0.000000e+00
1.384718e-03 2.136685e-04 5.719991e-01 1.725000e+00 5.000000e-01 0.000000e+00
1.174839e-03 1.958086e-04 5.719991e-01 1.775000e+00 5.000000e-01 0.000000e+00
1.987428e-03 2.524063e-04 5.719991e-01 1.825000e+00 5.000000e-01 0.000000e+00
8.824438e-04 1.667686e-04 5.719991e-01 1.875000e+00 5.000000e-01 0.000000e+00
1.366789e-03 2.060536e-04 5.719991e-01 1.925000e+00 5.000000e-01 0.000000e+00
2.301197e-03 2.639689e-04 5.719991e-01 1.975000e+00 5.000000e-01 0.000000e+00
1.615182e-03 2.158398e-04 5.719991e-01 2.025000e+00 5.000000e-01 0.000000e+00
1.834639e-03 2.224861e-04 5.719991e-01 2.075000e+00 5.000000e-01 0.000000e+00
1.228956e-03 1.773879e-04 5.719991e-01 2.125000e+00 5.000000e-01 0.000000e+00
1.875720e-03 2.151647e-04 5.719991e-01 2.175000e+00 5.000000e-01 0.000000e+00
1.462511e-03 1.888132e-04 5.719991e-01 2.225000e+00 5.000000e-01 0.000000e+00
2.096272e-03 2.234682e-04 5.719991e-01 2.275000e+00 5.000000e-01 0.000000e+00
1.596712e-03 1.995934e-04 5.719991e-01 2.325000e+00 5.000000e-01 0.000000e+00
2.034481e-03 2.365099e-04 5.719991e-01 2.375000e+00 5.000000e-01 0.000000e+00
1.218323e-03 1.926370e-04 5.719991e-01 2.425000e+00 5.000000e-01 0.000000e+00
1.059239e-03 1.872558e-04 5.719991e-01 2.475000e+00 5.000000e-01 0.000000e+00
1.714140e-03 2.474221e-04 5.719991e-01 2.525000e+00 5.000000e-01 0.000000e+00
1.017637e-03 1.995845e-04 5.719991e-01 2.575000e+00 5.000000e-01 0.000000e+00
1.313497e-03 2.398245e-04 5.719991e-01 2.625000e+00 5.000000e-01 0.000000e+00
1.609138e-03 2.844707e-04 5.719991e-01 2.675000e+00 5.000000e-01 0.000000e+00
1.211985e-03 2.710212e-04 5.719991e-01 2.725000e+00 5.000000e-01 0.000000e+00
9.190389e-04 2.653258e-04 5.719991e-01 2.775000e+00 5.000000e-01 0.000000e+00
9.450614e-04 3.341623e-04 5.719991e-01 2.825000e+00 5.000000e-01 0.000000e+00
5.773859e-04 4.082735e-04 5.719991e-01 2.875000e+00 5.000000e-01 0.000000e+00
5.111208e-01 4.777883e-03 5.819991e-01 2.500000e-02 5.000000e-01 0.000000e+00
1.155904e-01 2.308121e-03 5.819991e-01 7.500000e-02 5.000000e-01 0.000000e+00
5.636197e-03 5.061468e-04 5.819991e-01 1.250000e-01 5.000000e-01 0.000000e+00
2.074852e-03 3.059210e-04 5.819991e-01 1.750000e-01 5.000000e-01 0.000000e+00
1.638874e-03 2.731461e-04 5.819991e-01 2.250000e-01 5.000000e-01 0.000000e+00
1.895872e-03 2.925403e-04 5.819991e-01 2.750000e-01 5.000000e-01 0.000000e+00
9.816233e-04 2.092832e-04 5.819991e-01 3.250000e-01 5.000000e-01 0.000000e+00
6.250528e-04 1.670525e-04 5.819991e-01 3.750000e-01 5.000000e-01 0.000000e+00
7.774636e-04 1.832506e-04 5.819991e-01 4.250000e-01 5.000000e-01 0.000000e+00
6.981612e-04 1.745407e-04 5.819991e-01 4.750000e-01 5.000000e-01 0.000000e+00
1.037661e-03 2.118121e-04 5.819991e-01 5.250000e-01 5.000000e-01 0.000000e+00
7.761044e-04 1.829300e-04 5.819991e-01 5.750000e-01 5.000000e-01 0.000000e+00
6.070432e-04 1.622396e-04 5.819991e-01 6.250000e-01 5.000000e-01 0.000000e+00
9.224238e-04 1.966619e-04 5.819991e-01 6.750000e-01 5.000000e-01 0.000000e+00
8.960438e-04 1.910378e-04 5.819991e-01 7.250000e-01 5.000000e-01 0.000000e+00
1.075079e-03 2.108412e-04 5.819991e-01 7.750000e-01 5.000000e-01 0.000000e+00
5.818112e-04 1.554959e-04 5.819991e-01 8.250000e-01 5.000000e-01 0.000000e+00
4.980852e-04 1.437852e-04 5.819991e-01 8.750000e-01 5.000000e-01 0.000000e+00
1.048740e-03 2.056754e-04 5.819991e-01 9.250000e-01 5.000000e-01 0.000000e+00
7.065299e-04 1.665311e-04 5.819991e-01 9.750000e-01 5.000000e-01 0.000000e+00
1.266498e-03 2.238885e-04 5.819991e-01 1.025000e+00 5.000000e-01 0.000000e+00
7.147429e-04 1.684680e-04 5.819991e-01 1.075000e+00 5.000000e-01 0.000000e+00
9.567936e-04 1.953056e-04 5.819991e-01 1.125000e+00 5.000000e-01 0.000000e+00
7.762454e-04 1.735747e-04 5.819991e-01 1.175000e+00 5.000000e-01 0.000000e+00
9.797684e-04 1.921496e-04 5.819991e-01 1.225000e+00 5.000000e-01 0.000000e+00
1.177479e-03 2.081517e-04 5.819991e-01 1.275000e+00 5.000000e-01 0.000000e+00
1.390088e-03 2.255038e-04 5.819991e-01 1.325000e+00 5.000000e-01 0.000000e+00
5.871157e-04 1.467799e-04 5.819991e-01 1.375000e+00 5.000000e-01 0.000000e+00
9.506473e-04 1.864386e-04 5.819991e-01 1.425000e+00 5.000000e-01 0.000000e+00
7.223930e-04 1.615335e-04 5.819991e-01 1.475000e+00 5.000000e-01 0.000000e+00
7.023522e-04 1.570518e-04 5.819991e-01 1.525000e+00 5.000000e-01 0.000000e+00
1.102894e-03 1.949671e-04 5.819991e-01 1.575000e+00 5.000000e-01 0.000000e+00
1.146165e-03 1.965669e-04 5.819991e-01 1.625000e+00 5.000000e-01 0.000000e+00
9.403280e-04 1.777075e-04 5.819991e-01 1.675000e+00 5.000000e-01 0.000000e+00
1.538723e-03 2.268743e-04 5.819991e-01 1.725000e+00 5.000000e-01 0.000000e+00
1.773709e-03 2.413737e-04 5.819991e-01 1.775000e+00 5.000000e-01 0.000000e+00
1.355647e-03 2.091835e-04 5.819991e-01 1.825000e+00 5.000000e-01 0.000000e+00
1.583500e-03 2.239430e-04 5.819991e-01 1.875000e+00 5.000000e-01 0.000000e+00
1.610031e-03 2.232744e-04 5.819991e-01 1.925000e+00 5.000000e-01 0.000000e+00
1.803877e-03 2.290961e-04 5.819991e-01 1.975000e+00 5.000000e-01 0.000000e+00
1.918653e-03 2.293249e-04 5.819991e-01 2.025000e+00 5.000000e-01 0.000000e+00
2.286305e-03 2.437243e-04 5.819991e-01 2.075000e+00 5.000000e-01 0.000000e+00
1.316852e-03 1.826177e-04 5.819991e-01 2.125000e+00 5.000000e-01 0.000000e+00
1.746765e-03 2.087834e-04 5.819991e-01 2.175000e+00 5.000000e-01 0.000000e+00
1.868163e-03 2.142989e-04 5.819991e-01 2.225000e+00 5.000000e-01 0.000000e+00
1.862895e-03 2.195485e-04 5.819991e-01 2.275000e+00 5.000000e-01 0.000000e+00
1.314548e-03 1.938241e-04 5.819991e-01 2.325000e+00 5.000000e-01 0.000000e+00
1.141651e-03 1.902829e-04 5.819991e-01 2.375000e+00 5.000000e-01 0.000000e+00
1.171537e-03 2.009200e-04 5.819991e-01 2.425000e+00 5.000000e-01 0.000000e+00
2.012996e-03 2.739422e-04 5.819991e-01 2.475000e+00 5.000000e-01 0.000000e+00
8.225344e-04 1.839321e-04 5.819991e-01 2.525000e+00 5.000000e-01 0.000000e+00
1.199151e-03 2.351827e-04 5.819991e-01 2.575000e+00 5.000000e-01 0.000000e+00
1.594399e-03 2.911062e-04 5.819991e-01 2.625000e+00 5.000000e-01 0.000000e+00
1.139117e-03 2.685061e-04 5.819991e-01 2.675000e+00 5.000000e-01 0.000000e+00
1.447237e-03 3.411329e-04 5.819991e-01 2.725000e+00 5.000000e-01 0.000000e+00
1.278302e-03 4.042716e-04 5.819991e-01 2.775000e+00 5.000000e-01 0.000000e+00
2.532383e-03 8.953735e-04 5.819991e-01 2.825000e+00 5.000000e-01 0.000000e+00
0.000000e+00 0.000000e+00 5.819991e-01 2.875000e+00 5.000000e-01 0.000000e+00
5.048286e-01 4.812049e-03 5.919991e-01 2.500000e-02 5.000000e-01 0.000000e+00
1.076808e-01 2.247258e-03 5.919991e-01 7.500000e-02 5.000000e-01 0.000000e+00
7.033911e-03 5.631648e-04 5.919991e-01 1.250000e-01 5.000000e-01 0.000000e+00
2.422018e-03 3.295955e-04 5.919991e-01 1.750000e-01 5.000000e-01 0.000000e+00
1.273402e-03 2.406508e-04 5.919991e-01 2.250000e-01 5.000000e-01 0.000000e+00
1.265488e-03 2.391556e-04 5.919991e-01 2.750000e-01 5.000000e-01 0.000000e+00
1.872294e-03 2.889019e-04 5.919991e-01 3.250000e-01 5.000000e-01 0.000000e+00
6.253065e-04 1.671207e-04 5.919991e-01 3.750000e-01 5.000000e-01 0.000000e+00
8.695835e-04 1.944451e-04 5.919991e-01 4.250000e-01 5.000000e-01 0.000000e+00
9.593237e-04 2.045291e-04 5.919991e-01 4.750000e-01 5.000000e-01 0.000000e+00
8.708444e-04 1.947272e-04 5.919991e-01 5.250000e-01 5.000000e-01 0.000000e+00
7.794263e-04 1.837131e-04 5.919991e-01 5.750000e-01 5.000000e-01 0.000000e+00
6.083204e-04 1.625811e-04 5.919991e-01 6.250000e-01 5.000000e-01 0.000000e+00
6.934281e-04 1.733577e-04 5.919991e-01 6.750000e-01 5.000000e-01 0.000000e+00
7.378199e-04 1.739062e-04 5.919991e-01 7.250000e-01 5.000000e-01 0.000000e+00
7.364798e-04 1.735905e-04 5.919991e-01 7.750000e-01 5.000000e-01 0.000000e+00
1.404728e-03 2.409098e-04 5.919991e-01 8.250000e-01 5.000000e-01 0.000000e+00
8.263058e-04 1.847680e-04 5.919991e-01 8.750000e-01 5.000000e-01 0.000000e+00
1.321593e-03 2.336279e-04 5.919991e-01 9.250000e-01 5.000000e-01 0.000000e+00
9.781069e-04 1.996564e-04 5.919991e-01 9.750000e-01 5.000000e-01 0.000000e+00
9.376650e-04 1.914009e-04 5.919991e-01 1.025000e+00 5.000000e-01 0.000000e+00
1.306926e-03 2.241373e-04 5.919991e-01 1.075000e+00 5.000000e-01 0.000000e+00
1.236652e-03 2.186122e-04 5.919991e-01 1.125000e+00 5.000000e-01 0.000000e+00
9.216261e-04 1.881269e-04 5.919991e-01 1.175000e+00 5.000000e-01 0.000000e+00
6.912482e-04 1.629298e-04 5.919991e-01 1.225000e+00 5.000000e-01 0.000000e+00
1.065830e-03 2.014239e-04 5.919991e-01 1.275000e+00 5.000000e-01 0.000000e+00
1.113508e-03 2.032989e-04 5.919991e-01 1.325000e+00 5.000000e-01 0.000000e+00
6.600728e-04 1.555813e-04 5.919991e-01 1.375000e+00 5.000000e-01 0.000000e+00
7.161670e-04 1.601414e-04 5.919991e-01 1.425000e+00 5.000000e-01 0.000000e+00
8.431002e-04 1.720986e-04 5.919991e-01 1.475000e+00 5.000000e-01 0.000000e+00
1.051759e-03 1.920249e-04 5.919991e-01 1.525000e+00 5.000000e-01 0.000000e+00
1.747678e-03 2.471613e-04 5.919991e-01 1.575000e+00 5.000000e-01 0.000000e+00
9.742268e-04 1.841126e-04 5.919991e-01 1.625000e+00 5.000000e-01 0.000000e+00
1.623924e-03 2.343962e-04 5.919991e-01 1.675000e+00 5.000000e-01 0.000000e+00
1.189017e-03 1.981713e-04 5.919991e-01 1.725000e+00 5.000000e-01 0.000000e+00
1.386751e-03 2.139830e-04 5.919991e-01 1.775000e+00 5.000000e-01 0.000000e+00
1.221622e-03 1.981750e-04 5.919991e-01 1.825000e+00 5.000000e-01 0.000000e+00
1.607933e-03 2.229832e-04 5.919991e-01 1.875000e+00 5.000000e-01 0.000000e+00
1.947804e-03 2.397617e-04 5.919991e-01 1.925000e+00 5.000000e-01 0.000000e+00
1.438226e-03 1.994490e-04 5.919991e-01 1.975000e+00 5.000000e-01 0.000000e+00
1.265070e-03 1.825996e-04 5.919991e-01 2.025000e+00 5.000000e-01 0.000000e+00
1.566152e-03 2.021928e-04 5.919991e-01 2.075000e+00 5.000000e-01 0.000000e+00
1.314452e-03 1.822844e-04 5.919991e-01 2.125000e+00 5.000000e-01 0.000000e+00
1.778934e-03 2.126274e-04 5.919991e-01 2.175000e+00 5.000000e-01 0.000000e+00
1.720881e-03 2.151154e-04 5.919991e-01 2.225000e+00 5.000000e-01 0.000000e+00
1.900962e-03 2.376256e-04 5.919991e-01 2.275000e+00 5.000000e-01 0.000000e+00
1.733083e-03 2.403401e-04 5.919991e-01 2.325000e+00 5.000000e-01 0.000000e+00
1.149679e-03 2.032405e-04 5.919991e-01 2.375000e+00 5.000000e-01 0.000000e+00
1.562959e-03 2.471318e-04 5.919991e-01 2.425000e+00 5.000000e-01 0.000000e+00
9.483188e-04 2.021910e-04 5.919991e-01 2.475000e+00 5.000000e-01 0.000000e+00
1.448421e-03 2.644570e-04 5.919991e-01 2.525000e+00 5.000000e-01 0.000000e+00
9.069274e-04 2.267411e-04 5.919991e-01 2.575000e+00 5.000000e-01 0.000000e+00
9.469063e-04 2.530871e-04 5.919991e-01 2.625000e+00 5.000000e-01 0.000000e+00
1.366278e-03 3.415840e-04 5.919991e-01 2.675000e+00 5.000000e-01 0.000000e+00
1.969589e-03 5.264204e-04 5.919991e-01 2.725000e+00 5.000000e-01 0.000000e+00
2.822537e-03 9.979661e-04 5.919991e-01 2.775000e+00 5.000000e-01 0.000000e+00
1.402573e-02 9.917691e-03 5.919991e-01 2.825000e+00 5.000000e-01 0.000000e+00
nan nan 5.919991e-01 2.875000e+00 5.000000e-01 0.000000e+00
4.847730e-01 4.857465e-03 6.019991e-01 2.500000e-02 5.000000e-01 0.000000e+00
1.124732e-01 2.263087e-03 6.019991e-01 7.500000e-02 5.000000e-01 0.000000e+00
5.243076e-03 4.826653e-04 6.019991e-01 1.250000e-01 5.000000e-01 0.000000e+00
1.246783e-03 2.356206e-04 6.019991e-01 1.750000e-01 5.000000e-01 0.000000e+00
2.073790e-03 3.057644e-04 6.019991e-01 2.250000e-01 5.000000e-01 0.000000e+00
1.185823e-03 2.325594e-04 6.019991e-01 2.750000e-01 5.000000e-01 0.000000e+00
1.255371e-03 2.372436e-04 6.019991e-01 3.250000e-01 5.000000e-01 0.000000e+00
9.838023e-04 2.097477e-04 6.019991e-01 3.750000e-01 5.000000e-01 0.000000e+00
1.139815e-03 2.235370e-04 6.019991e-01 4.250000e-01 5.000000e-01 0.000000e+00
6.986328e-04 1.746587e-04 6.019991e-01 4.750000e-01 5.000000e-01 0.000000e+00
7.921085e-04 1.867025e-04 6.019991e-01 5.250000e-01 5.000000e-01 0.000000e+00
6.976556e-04 1.744144e-04 6.019991e-01 5.750000e-01 5.000000e-01 0.000000e+00
7.825209e-04 1.844427e-04 6.019991e-01 6.250000e-01 5.000000e-01 0.000000e+00
7.789702e-04 1.836056e-04 6.019991e-01 6.750000e-01 5.000000e-01 0.000000e+00
1.638803e-03 2.658498e-04 6.019991e-01 7.250000e-01 5.000000e-01 0.000000e+00
9.766196e-04 1.993525e-04 6.019991e-01 7.750000e-01 5.000000e-01 0.000000e+00
4.869070e-04 1.405584e-04 6.019991e-01 8.250000e-01 5.000000e-01 0.000000e+00
5.692589e-04 1.521412e-04 6.019991e-01 8.750000e-01 5.000000e-01 0.000000e+00
8.060979e-04 1.802500e-04 6.019991e-01 9.250000e-01 5.000000e-01 0.000000e+00
1.523614e-03 2.471638e-04 6.019991e-01 9.750000e-01 5.000000e-01 0.000000e+00
8.788231e-04 1.873666e-04 6.019991e-01 1.025000e+00 5.000000e-01 0.000000e+00
1.258968e-03 2.225573e-04 6.019991e-01 1.075000e+00 5.000000e-01 0.000000e+00
5.383369e-04 1.438775e-04 6.019991e-01 1.125000e+00 5.000000e-01 0.000000e+00
8.350388e-04 1.780320e-04 6.019991e-01 1.175000e+00 5.000000e-01 0.000000e+00
9.091287e-04 1.855759e-04 6.019991e-01 1.225000e+00 5.000000e-01 0.000000e+00
7.522591e-04 1.682108e-04 6.019991e-01 1.275000e+00 5.000000e-01 0.000000e+00
1.184550e-03 2.094023e-04 6.019991e-01 1.325000e+00 5.000000e-01 0.000000e+00
1.479525e-03 2.339349e-04 6.019991e-01 1.375000e+00 5.000000e-01 0.000000e+00
5.094012e-04 1.361444e-04 6.019991e-01 1.425000e+00 5.000000e-01 0.000000e+00
1.158505e-03 2.047975e-04 6.019991e-01 1.475000e+00 5.000000e-01 0.000000e+00
1.547952e-03 2.333646e-04 6.019991e-01 1.525000e+00 5.000000e-01 0.000000e+00
9.676645e-04 1.828728e-04 6.019991e-01 1.575000e+00 5.000000e-01 0.000000e+00
6.224760e-04 1.467201e-04 6.019991e-01 1.625000e+00 5.000000e-01 0.000000e+00
6.763156e-04 1.512301e-04 6.019991e-01 1.675000e+00 5.000000e-01 0.000000e+00
1.860368e-03 2.486051e-04 6.019991e-01 1.725000e+00 5.000000e-01 0.000000e+00
6.462329e-04 1.445032e-04 6.019991e-01 1.775000e+00 5.000000e-01 0.000000e+00
1.014982e-03 1.794271e-04 6.019991e-01 1.825000e+00 5.000000e-01 0.000000e+00
1.292545e-03 1.948607e-04 6.019991e-01 1.875000e+00 5.000000e-01 0.000000e+00
1.322762e-03 1.909261e-04 6.019991e-01 1.925000e+00 5.000000e-01 0.000000e+00
2.008251e-03 2.334566e-04 6.019991e-01 1.975000e+00 5.000000e-01 0.000000e+00
1.803023e-03 2.186517e-04 6.019991e-01 2.025000e+00 5.000000e-01 0.000000e+00
1.450698e-03 1.938613e-04 6.019991e-01 2.075000e+00 5.000000e-01 0.000000e+00
1.632624e-03 2.073470e-04 6.019991e-01 2.125000e+00 5.000000e-01 0.000000e+00
1.564937e-03 2.091273e-04 6.019991e-01 2.175000e+00 5.000000e-01 0.000000e+00
1.744443e-03 2.331159e-04 6.019991e-01 2.225000e+00 5.000000e-01 0.000000e+00
2.092503e-03 2.701475e-04 6.019991e-01 2.275000e+00 5.000000e-01 0.000000e+00
1.506430e-03 2.381938e-04 6.019991e-01 2.325000e+00 5.000000e-01 0.000000e+00
1.310045e-03 2.315903e-04 6.019991e-01 2.375000e+00 5.000000e-01 0.000000e+00
1.636022e-03 2.726754e-04 6.019991e-01 2.425000e+00 5.000000e-01 0.000000e+00
1.540472e-03 2.812628e-04 6.019991e-01 2.475000e+00 5.000000e-01 0.000000e+00
9.515077e-04 2.378829e-04 6.019991e-01 2.525000e+00 5.000000e-01 0.000000e+00
8.848475e-04 2.554478e-04 6.019991e-01 2.575000e+00 5.000000e-01 0.000000e+00
1.681037e-03 3.962547e-04 6.019991e-01 2.625000e+00 5.000000e-01 0.000000e+00
6.294284e-04 3.147431e-04 6.019991e-01 2.675000e+00 5.000000e-01 0.000000e+00
0.000000e+00 0.000000e+00 6.019991e-01 2.725000e+00 5.000000e-01 0.000000e+00
0.000000e+00 0.000000e+00 6.019991e-01 2.775000e+00 5.000000e-01 0.000000e+00
nan nan 6.019991e-01 2.825000e+00 5.000000e-01 0.000000e+00
nan nan 6.019991e-01 2.875000e+00 5.000000e-01 0.000000e+00
4.782659e-01 4.688891e-03 6.119991e-01 2.500000e-02 5.000000e-01 0.000000e+00
1.135626e-01 2.257750e-03 6.119991e-01 7.500000e-02 5.000000e-01 0.000000e+00
6.029215e-03 5.170021e-04 6.119991e-01 1.250000e-01 5.000000e-01 0.000000e+00
2.056322e-03 3.031889e-04 6.119991e-01 1.750000e-01 5.000000e-01 0.000000e+00
8.981473e-04 2.008325e-04 6.119991e-01 2.250000e-01 5.000000e-01 0.000000e+00
1.163020e-03 2.280875e-04 6.119991e-01 2.750000e-01 5.000000e-01 0.000000e+00
1.432828e-03 2.532911e-04 6.119991e-01 3.250000e-01 5.000000e-01 0.000000e+00
1.239300e-03 2.342062e-04 6.119991e-01 3.750000e-01 5.000000e-01 0.000000e+00
6.128144e-04 1.637823e-04 6.119991e-01 4.250000e-01 5.000000e-01 0.000000e+00
1.030107e-03 2.102704e-04 6.119991e-01 4.750000e-01 5.000000e-01 0.000000e+00
8.654907e-04 1.935301e-04 6.119991e-01 5.250000e-01 5.000000e-01 0.000000e+00
1.393209e-03 2.462879e-04 6.119991e-01 5.750000e-01 5.000000e-01 0.000000e+00
7.756450e-04 1.828218e-04 6.119991e-01 6.250000e-01 5.000000e-01 0.000000e+00
8.503044e-04 1.901343e-04 6.119991e-01 6.750000e-01 5.000000e-01 0.000000e+00
1.683517e-04 8.417603e-05 6.119991e-01 7.250000e-01 5.000000e-01 0.000000e+00
1.010847e-03 2.063385e-04 6.119991e-01 7.750000e-01 5.000000e-01 0.000000e+00
1.457887e-03 2.429817e-04 6.119991e-01 8.250000e-01 5.000000e-01 0.000000e+00
5.527809e-04 1.477374e-04 6.119991e-01 8.750000e-01 5.000000e-01 0.000000e+00
8.017021e-04 1.792671e-04 6.119991e-01 9.250000e-01 5.000000e-01 0.000000e+00
1.036771e-03 2.033284e-04 6.119991e-01 9.750000e-01 5.000000e-01 0.000000e+00
7.951032e-04 1.777908e-04 6.119991e-01 1.025000e+00 5.000000e-01 0.000000e+00
7.921194e-04 1.771241e-04 6.119991e-01 1.075000e+00 5.000000e-01 0.000000e+00
1.031435e-03 2.022817e-04 6.119991e-01 1.125000e+00 5.000000e-01 0.000000e+00
6.284917e-04 1.571232e-04 6.119991e-01 1.175000e+00 5.000000e-01 0.000000e+00
7.579545e-04 1.694851e-04 6.119991e-01 1.225000e+00 5.000000e-01 0.000000e+00
9.644550e-04 1.891461e-04 6.119991e-01 1.275000e+00 5.000000e-01 0.000000e+00
8.861612e-04 1.808883e-04 6.119991e-01 1.325000e+00 5.000000e-01 0.000000e+00
7.297024e-04 1.631679e-04 6.119991e-01 1.375000e+00 5.000000e-01 0.000000e+00
7.264484e-04 1.624393e-04 6.119991e-01 1.425000e+00 5.000000e-01 0.000000e+00
7.058599e-04 1.578363e-04 6.119991e-01 1.475000e+00 5.000000e-01 0.000000e+00
9.821586e-04 1.856117e-04 6.119991e-01 1.525000e+00 5.000000e-01 0.000000e+00
1.391885e-03 2.200785e-04 6.119991e-01 1.575000e+00 5.000000e-01 0.000000e+00
9.501149e-04 1.795566e-04 6.119991e-01 1.625000e+00 5.000000e-01 0.000000e+00
1.287007e-03 2.087821e-04 6.119991e-01 1.675000e+00 5.000000e-01 0.000000e+00
1.041547e-03 1.841228e-04 6.119991e-01 1.725000e+00 5.000000e-01 0.000000e+00
1.020843e-03 1.804626e-04 6.119991e-01 1.775000e+00 5.000000e-01 0.000000e+00
1.059278e-03 1.765475e-04 6.119991e-01 1.825000e+00 5.000000e-01 0.000000e+00
1.968559e-03 2.352905e-04 6.119991e-01 1.875000e+00 5.000000e-01 0.000000e+00
1.646610e-03 2.125790e-04 6.119991e-01 1.925000e+00 5.000000e-01 0.000000e+00
1.334239e-03 1.886936e-04 6.119991e-01 1.975000e+00 5.000000e-01 0.000000e+00
1.490014e-03 1.991148e-04 6.119991e-01 2.025000e+00 5.000000e-01 0.000000e+00
1.738143e-03 2.172714e-04 6.119991e-01 2.075000e+00 5.000000e-01 0.000000e+00
1.288196e-03 1.942058e-04 6.119991e-01 2.125000e+00 5.000000e-01 0.000000e+00
1.698923e-03 2.356035e-04 6.119991e-01 2.175000e+00 5.000000e-01 0.000000e+00
1.241877e-03 2.129865e-04 6.119991e-01 2.225000e+00 5.000000e-01 0.000000e+00
1.581932e-03 2.501306e-04 6.119991e-01 2.275000e+00 5.000000e-01 0.000000e+00
1.553384e-03 2.589034e-04 6.119991e-01 2.325000e+00 5.000000e-01 0.000000e+00
1.433388e-03 2.617067e-04 6.119991e-01 2.375000e+00 5.000000e-01 0.000000e+00
1.737596e-03 3.071784e-04 6.119991e-01 2.425000e+00 5.000000e-01 0.000000e+00
1.543020e-03 3.149798e-04 6.119991e-01 2.475000e+00 5.000000e-01 0.000000e+00
1.570170e-03 3.511087e-04 6.119991e-01 2.525000e+00 5.000000e-01 0.000000e+00
1.025051e-03 3.241584e-04 6.119991e-01 2.575000e+00 5.000000e-01 0.000000e+00
1.771229e-03 5.601353e-04 6.119991e-01 2.625000e+00 5.000000e-01 0.000000e+00
1.038274e-03 7.341707e-04 6.119991e-01 2.675000e+00 5.000000e-01 0.000000e+00
0.000000e+00 0.000000e+00 6.119991e-01 2.725000e+00 5.000000e-01 0.000000e+00
nan nan 6.119991e-01 2.775000e+00 5.000000e-01 0.000000e+00
nan nan 6.119991e-01 2.825000e+00 5.000000e-01 0.000000e+00
nan nan 6.119991e-01 2.875000e+00 5.000000e-01 0.000000e+00
4.761529e-01 4.639721e-03 6.219991e-01 2.500000e-02 5.000000e-01 0.000000e+00
1.113505e-01 2.245960e-03 6.219991e-01 7.500000e-02 5.000000e-01 0.000000e+00
6.149723e-03 5.235001e-04 6.219991e-01 1.250000e-01 5.000000e-01 0.000000e+00
1.423523e-03 2.516463e-04 6.219991e-01 1.750000e-01 5.000000e-01 0.000000e+00
1.256114e-03 2.373839e-04 6.219991e-01 2.250000e-01 5.000000e-01 0.000000e+00
1.606018e-03 2.676704e-04 6.219991e-01 2.750000e-01 5.000000e-01 0.000000e+00
1.252175e-03 2.366391e-04 6.219991e-01 3.250000e-01 5.000000e-01 0.000000e+00
1.514136e-03 2.596730e-04 6.219991e-01 3.750000e-01 5.000000e-01 0.000000e+00
7.909248e-04 1.864233e-04 6.219991e-01 4.250000e-01 5.000000e-01 0.000000e+00
1.181699e-03 2.233209e-04 6.219991e-01 4.750000e-01 5.000000e-01 0.000000e+00
5.971729e-04 1.596019e-04 6.219991e-01 5.250000e-01 5.000000e-01 0.000000e+00
6.915733e-04 1.728937e-04 6.219991e-01 5.750000e-01 5.000000e-01 0.000000e+00
1.124574e-03 2.205476e-04 6.219991e-01 6.250000e-01 5.000000e-01 0.000000e+00
7.755062e-04 1.827892e-04 6.219991e-01 6.750000e-01 5.000000e-01 0.000000e+00
7.624754e-04 1.797178e-04 6.219991e-01 7.250000e-01 5.000000e-01 0.000000e+00
9.230168e-04 1.967884e-04 6.219991e-01 7.750000e-01 5.000000e-01 0.000000e+00
9.228008e-04 1.967427e-04 6.219991e-01 8.250000e-01 5.000000e-01 0.000000e+00
8.241622e-04 1.842888e-04 6.219991e-01 8.750000e-01 5.000000e-01 0.000000e+00
1.191664e-03 2.175679e-04 6.219991e-01 9.250000e-01 5.000000e-01 0.000000e+00
7.077455e-04 1.668174e-04 6.219991e-01 9.750000e-01 5.000000e-01 0.000000e+00
8.702094e-04 1.855298e-04 6.219991e-01 1.025000e+00 5.000000e-01 0.000000e+00
1.413569e-03 2.355960e-04 6.219991e-01 1.075000e+00 5.000000e-01 0.000000e+00
1.179074e-03 2.152689e-04 6.219991e-01 1.125000e+00 5.000000e-01 0.000000e+00
1.079732e-03 2.040517e-04 6.219991e-01 1.175000e+00 5.000000e-01 0.000000e+00
3.840641e-04 1.214523e-04 6.219991e-01 1.225000e+00 5.000000e-01 0.000000e+00
7.586676e-04 1.696437e-04 6.219991e-01 1.275000e+00 5.000000e-01 0.000000e+00
8.193427e-04 1.746853e-04 6.219991e-01 1.325000e+00 5.000000e-01 0.000000e+00
8.923700e-04 1.821553e-04 6.219991e-01 1.375000e+00 5.000000e-01 0.000000e+00
6.522037e-04 1.537265e-04 6.219991e-01 1.425000e+00 5.000000e-01 0.000000e+00
7.209413e-04 1.612088e-04 6.219991e-01 1.475000e+00 5.000000e-01 0.000000e+00
9.826009e-04 1.856952e-04 6.219991e-01 1.525000e+00 5.000000e-01 0.000000e+00
1.534432e-03 2.313269e-04 6.219991e-01 1.575000e+00 5.000000e-01 0.000000e+00
1.035841e-03 1.891204e-04 6.219991e-01 1.625000e+00 5.000000e-01 0.000000e+00
1.527118e-03 2.251627e-04 6.219991e-01 1.675000e+00 5.000000e-01 0.000000e+00
7.672240e-04 1.566098e-04 6.219991e-01 1.725000e+00 5.000000e-01 0.000000e+00
8.329897e-04 1.574220e-04 6.219991e-01 1.775000e+00 5.000000e-01 0.000000e+00
8.522936e-04 1.556090e-04 6.219991e-01 1.825000e+00 5.000000e-01 0.000000e+00
1.403800e-03 1.985295e-04 6.219991e-01 1.875000e+00 5.000000e-01 0.000000e+00
1.475758e-03 2.008281e-04 6.219991e-01 1.925000e+00 5.000000e-01 0.000000e+00
1.750010e-03 2.187542e-04 6.219991e-01 1.975000e+00 5.000000e-01 0.000000e+00
1.537362e-03 2.092118e-04 6.219991e-01 2.025000e+00 5.000000e-01 0.000000e+00
1.281870e-03 1.977996e-04 6.219991e-01 2.075000e+00 5.000000e-01 0.000000e+00
2.364986e-03 2.868026e-04 6.219991e-01 2.125000e+00 5.000000e-01 0.000000e+00
1.065017e-03 2.012732e-04 6.219991e-01 2.175000e+00 5.000000e-01 0.000000e+00
1.506961e-03 2.511653e-04 6.219991e-01 2.225000e+00 5.000000e-01 0.000000e+00
1.721667e-03 2.792990e-04 6.219991e-01 2.275000e+00 5.000000e-01 0.000000e+00
1.825589e-03 3.042719e-04 6.219991e-01 2.325000e+00 5.000000e-01 0.000000e+00
1.982077e-03 3.399315e-04 6.219991e-01 2.375000e+00 5.000000e-01 0.000000e+00
1.927447e-03 3.642618e-04 6.219991e-01 2.425000e+00 5.000000e-01 0.000000e+00
6.835235e-04 2.416726e-04 6.219991e-01 2.475000e+00 5.000000e-01 0.000000e+00
6.966866e-04 2.844368e-04 6.219991e-01 2.525000e+00 5.000000e-01 0.000000e+00
1.178125e-03 4.809739e-04 6.219991e-01 2.575000e+00 5.000000e-01 0.000000e+00
1.470644e-03 1.039902e-03 6.219991e-01 2.625000e+00 5.000000e-01 0.000000e+00
0.000000e+00 0.000000e+00 6.219991e-01 2.675000e+00 5.000000e-01 0.000000e+00
nan nan 6.219991e-01 2.725000e+00 5.000000e-01 0.000000e+00
nan nan 6.219991e-01 2.775000e+00 5.000000e-01 0.000000e+00
nan nan 6.219991e-01 2.825000e+00 5.000000e-01 0.000000e+00
nan nan 6.219991e-01 2.875000e+00 5.000000e-01 0.000000e+00
4.575681e-01 4.553884e-03 6.319991e-01 2.500000e-02 5.000000e-01 0.000000e+00
1.126336e-01 2.255384e-03 6.319991e-01 7.500000e-02 5.000000e-01 0.000000e+00
6.206043e-03 5.282944e-04 6.319991e-01 1.250000e-01 5.000000e-01 0.000000e+00
1.969384e-03 2.968965e-04 6.319991e-01 1.750000e-01 5.000000e-01 0.000000e+00
1.249867e-03 2.362033e-04 6.319991e-01 2.250000e-01 5.000000e-01 0.000000e+00
1.162871e-03 2.280583e-04 6.319991e-01 2.750000e-01 5.000000e-01 0.000000e+00
1.342658e-03 2.451352e-04 6.319991e-01 3.250000e-01 5.000000e-01 0.000000e+00
9.853139e-04 2.100702e-04 6.319991e-01 3.750000e-01 5.000000e-01 0.000000e+00
8.977443e-04 2.007424e-04 6.319991e-01 4.250000e-01 5.000000e-01 0.000000e+00
6.045239e-04 1.615663e-04 6.319991e-01 4.750000e-01 5.000000e-01 0.000000e+00
7.570662e-04 1.784426e-04 6.319991e-01 5.250000e-01 5.000000e-01 0.000000e+00
5.117929e-04 1.477423e-04 6.319991e-01 5.750000e-01 5.000000e-01 0.000000e+00
5.165677e-04 1.491206e-04 6.319991e-01 6.250000e-01 5.000000e-01 0.000000e+00
7.673776e-04 1.808729e-04 6.319991e-01 6.750000e-01 5.000000e-01 0.000000e+00
8.511232e-04 1.903175e-04 6.319991e-01 7.250000e-01 5.000000e-01 0.000000e+00
1.190840e-03 2.250485e-04 6.319991e-01 7.750000e-01 5.000000e-01 0.000000e+00
9.394834e-04 2.002994e-04 6.319991e-01 8.250000e-01 5.000000e-01 0.000000e+00
9.174131e-04 1.955938e-04 6.319991e-01 8.750000e-01 5.000000e-01 0.000000e+00
8.221166e-04 1.838315e-04 6.319991e-01 9.250000e-01 5.000000e-01 0.000000e+00
8.837982e-04 1.884272e-04 6.319991e-01 9.750000e-01 5.000000e-01 0.000000e+00
7.838804e-04 1.752815e-04 6.319991e-01 1.025000e+00 5.000000e-01 0.000000e+00
1.086764e-03 2.053800e-04 6.319991e-01 1.075000e+00 5.000000e-01 0.000000e+00
1.146827e-03 2.093821e-04 6.319991e-01 1.125000e+00 5.000000e-01 0.000000e+00
6.083998e-04 1.521008e-04 6.319991e-01 1.175000e+00 5.000000e-01 0.000000e+00
1.125253e-03 2.054432e-04 6.319991e-01 1.225000e+00 5.000000e-01 0.000000e+00
6.716001e-04 1.582984e-04 6.319991e-01 1.275000e+00 5.000000e-01 0.000000e+00
1.108038e-03 2.023004e-04 6.319991e-01 1.325000e+00 5.000000e-01 0.000000e+00
1.167686e-03 2.064207e-04 6.319991e-01 1.375000e+00 5.000000e-01 0.000000e+00
8.762048e-04 1.788555e-04 6.319991e-01 1.425000e+00 5.000000e-01 0.000000e+00
8.573385e-04 1.750041e-04 6.319991e-01 1.475000e+00 5.000000e-01 0.000000e+00
1.111537e-03 1.964954e-04 6.319991e-01 1.525000e+00 5.000000e-01 0.000000e+00
1.239999e-03 2.066679e-04 6.319991e-01 1.575000e+00 5.000000e-01 0.000000e+00
1.469457e-03 2.215313e-04 6.319991e-01 1.625000e+00 5.000000e-01 0.000000e+00
7.567584e-04 1.544741e-04 6.319991e-01 1.675000e+00 5.000000e-01 0.000000e+00
9.467008e-04 1.673568e-04 6.319991e-01 1.725000e+00 5.000000e-01 0.000000e+00
1.283906e-03 1.935591e-04 6.319991e-01 1.775000e+00 5.000000e-01 0.000000e+00
1.098303e-03 1.781701e-04 6.319991e-01 1.825000e+00 5.000000e-01 0.000000e+00
8.956542e-04 1.583330e-04 6.319991e-01 1.875000e+00 5.000000e-01 0.000000e+00
7.818574e-04 1.477588e-04 6.319991e-01 1.925000e+00 5.000000e-01 0.000000e+00
1.837894e-03 2.334160e-04 6.319991e-01 1.975000e+00 5.000000e-01 0.000000e+00
1.358218e-03 2.095806e-04 6.319991e-01 2.025000e+00 5.000000e-01 0.000000e+00
1.905398e-03 2.642348e-04 6.319991e-01 2.075000e+00 5.000000e-01 0.000000e+00
1.750248e-03 2.638652e-04 6.319991e-01 2.125000e+00 5.000000e-01 0.000000e+00
1.863360e-03 2.875286e-04 6.319991e-01 2.175000e+00 5.000000e-01 0.000000e+00
1.719490e-03 2.865868e-04 6.319991e-01 2.225000e+00 5.000000e-01 0.000000e+00
1.411441e-03 2.768101e-04 6.319991e-01 2.275000e+00 5.000000e-01 0.000000e+00
1.759757e-03 3.325709e-04 6.319991e-01 2.325000e+00 5.000000e-01 0.000000e+00
1.631572e-03 3.478575e-04 6.319991e-01 2.375000e+00 5.000000e-01 0.000000e+00
1.912946e-03 4.277545e-04 6.319991e-01 2.425000e+00 5.000000e-01 0.000000e+00
1.307398e-03 4.134491e-04 6.319991e-01 2.475000e+00 5.000000e-01 0.000000e+00
1.482707e-03 6.053238e-04 6.319991e-01 2.525000e+00 5.000000e-01 0.000000e+00
2.556755e-03 1.807899e-03 6.319991e-01 2.575000e+00 5.000000e-01 0.000000e+00
0.000000e+00 0.000000e+00 6.319991e-01 2.625000e+00 5.000000e-01 0.000000e+00
nan nan 6.319991e-01 2.675000e+00 5.000000e-01 0.000000e+00
nan nan 6.319991e-01 2.725000e+00 5.000000e-01 0.000000e+00
nan nan 6.319991e-01 2.775000e+00 5.000000e-01 0.000000e+00
nan nan 6.319991e-01 2.825000e+00 5.000000e-01 0.000000e+00
nan nan 6.319991e-01 2.875000e+00 5.000000e-01 0.000000e+00
4.786847e-01 4.653799e-03 6.419991e-01 2.500000e-02 5.000000e-01 0.000000e+00
1.217660e-01 2.345129e-03 6.419991e-01 7.500000e-02 5.000000e-01 0.000000e+00
7.496580e-03 5.818483e-04 6.419991e-01 1.250000e-01 5.000000e-01 0.000000e+00
1.460481e-03 2.581794e-04 6.419991e-01 1.750000e-01 5.000000e-01 0.000000e+00
1.905718e-03 2.940593e-04 6.419991e-01 2.250000e-01 5.000000e-01 0.000000e+00
1.968558e-03 2.967719e-04 6.419991e-01 2.750000e-01 5.000000e-01 0.000000e+00
9.830244e-04 2.095823e-04 6.419991e-01 3.250000e-01 5.000000e-01 0.000000e+00
8.950106e-04 2.001313e-04 6.419991e-01 3.750000e-01 5.000000e-01 0.000000e+00
6.286313e-04 1.680093e-04 6.419991e-01 4.250000e-01 5.000000e-01 0.000000e+00
7.160732e-04 1.790190e-04 6.419991e-01 4.750000e-01 5.000000e-01 0.000000e+00
5.912741e-04 1.580251e-04 6.419991e-01 5.250000e-01 5.000000e-01 0.000000e+00
1.100153e-03 2.157584e-04 6.419991e-01 5.750000e-01 5.000000e-01 0.000000e+00
7.654478e-04 1.804188e-04 6.419991e-01 6.250000e-01 5.000000e-01 0.000000e+00
1.019380e-03 2.080805e-04 6.419991e-01 6.750000e-01 5.000000e-01 0.000000e+00
5.876904e-04 1.570675e-04 6.419991e-01 7.250000e-01 5.000000e-01 0.000000e+00
7.479980e-04 1.763057e-04 6.419991e-01 7.750000e-01 5.000000e-01 0.000000e+00
6.668972e-04 1.667249e-04 6.419991e-01 8.250000e-01 5.000000e-01 0.000000e+00
9.966860e-04 2.034486e-04 6.419991e-01 8.750000e-01 5.000000e-01 0.000000e+00
9.904760e-04 2.021808e-04 6.419991e-01 9.250000e-01 5.000000e-01 0.000000e+00
4.936363e-04 1.425011e-04 6.419991e-01 9.750000e-01 5.000000e-01 0.000000e+00
1.129753e-03 2.135043e-04 6.419991e-01 1.025000e+00 5.000000e-01 0.000000e+00
8.053677e-04 1.800862e-04 6.419991e-01 1.075000e+00 5.000000e-01 0.000000e+00
7.112723e-04 1.676493e-04 6.419991e-01 1.125000e+00 5.000000e-01 0.000000e+00
7.097237e-04 1.672840e-04 6.419991e-01 1.175000e+00 5.000000e-01 0.000000e+00
1.006773e-03 1.974452e-04 6.419991e-01 1.225000e+00 5.000000e-01 0.000000e+00
7.494532e-04 1.675833e-04 6.419991e-01 1.275000e+00 5.000000e-01 0.000000e+00
1.121219e-03 2.047068e-04 6.419991e-01 1.325000e+00 5.000000e-01 0.000000e+00
8.175001e-04 1.742927e-04 6.419991e-01 1.375000e+00 5.000000e-01 0.000000e+00
7.949861e-04 1.694924e-04 6.419991e-01 1.425000e+00 5.000000e-01 0.000000e+00
7.135010e-04 1.595446e-04 6.419991e-01 1.475000e+00 5.000000e-01 0.000000e+00
5.734746e-04 1.433701e-04 6.419991e-01 1.525000e+00 5.000000e-01 0.000000e+00
1.341706e-03 2.121435e-04 6.419991e-01 1.575000e+00 5.000000e-01 0.000000e+00
1.386426e-03 2.090127e-04 6.419991e-01 1.625000e+00 5.000000e-01 0.000000e+00
1.017176e-03 1.744456e-04 6.419991e-01 1.675000e+00 5.000000e-01 0.000000e+00
8.288541e-04 1.566391e-04 6.419991e-01 1.725000e+00 5.000000e-01 0.000000e+00
1.149410e-03 1.817398e-04 6.419991e-01 1.775000e+00 5.000000e-01 0.000000e+00
1.298265e-03 1.914204e-04 6.419991e-01 1.825000e+00 5.000000e-01 0.000000e+00
1.444393e-03 2.042699e-04 6.419991e-01 1.875000e+00 5.000000e-01 0.000000e+00
1.487858e-03 2.147564e-04 6.419991e-01 1.925000e+00 5.000000e-01 0.000000e+00
9.675318e-04 1.828489e-04 6.419991e-01 1.975000e+00 5.000000e-01 0.000000e+00
1.158483e-03 2.115119e-04 6.419991e-01 2.025000e+00 5.000000e-01 0.000000e+00
1.805835e-03 2.786500e-04 6.419991e-01 2.075000e+00 5.000000e-01 0.000000e+00
1.749196e-03 2.837632e-04 6.419991e-01 2.125000e+00 5.000000e-01 0.000000e+00
1.311663e-03 2.572451e-04 6.419991e-01 2.175000e+00 5.000000e-01 0.000000e+00
1.865164e-03 3.297243e-04 6.419991e-01 2.225000e+00 5.000000e-01 0.000000e+00
1.618932e-03 3.304675e-04 6.419991e-01 2.275000e+00 5.000000e-01 0.000000e+00
1.921369e-03 3.922069e-04 6.419991e-01 2.325000e+00 5.000000e-01 0.000000e+00
1.298925e-03 3.749773e-04 6.419991e-01 2.375000e+00 5.000000e-01 0.000000e+00
1.248210e-03 4.413108e-04 6.419991e-01 2.425000e+00 5.000000e-01 0.000000e+00
2.636372e-03 9.321316e-04 6.419991e-01 2.475000e+00 5.000000e-01 0.000000e+00
0.000000e+00 0.000000e+00 6.419991e-01 2.525000e+00 5.000000e-01 0.000000e+00
nan nan 6.419991e-01 2.575000e+00 5.000000e-01 0.000000e+00
nan nan 6.419991e-01 2.625000e+00 5.000000e-01 0.000000e+00
nan nan 6.419991e-01 2.675000e+00 5.000000e-01 0.000000e+00
nan nan 6.419991e-01 2.725000e+00 5.000000e-01 0.000000e+00
nan nan 6.419991e-01 2.775000e+00 5.000000e-01 0.000000e+00
nan nan 6.419991e-01 2.825000e+00 5.000000e-01 0.000000e+00
nan nan 6.419991e-01 2.875000e+00 5.000000e-01 0.000000e+00
4.813541e-01 4.673131e-03 6.519991e-01 2.500000e-02 5.000000e-01 0.000000e+00
1.172357e-01 2.310768e-03 6.519991e-01 7.500000e-02 5.000000e-01 0.000000e+00
7.680311e-03 5.925496e-04 6.519991e-01 1.250000e-01 5.000000e-01 0.000000e+00
2.017600e-03 3.041655e-04 6.519991e-01 1.750000e-01 5.000000e-01 0.000000e+00
1.279509e-03 2.418053e-04 6.519991e-01 2.250000e-01 5.000000e-01 0.000000e+00
1.086153e-03 2.217103e-04 6.519991e-01 2.750000e-01 5.000000e-01 0.000000e+00
1.073154e-03 2.190572e-04 6.519991e-01 3.250000e-01 5.000000e-01 0.000000e+00
6.251880e-04 1.670887e-04 6.519991e-01 3.750000e-01 5.000000e-01 0.000000e+00
1.077077e-03 2.198578e-04 6.519991e-01 4.250000e-01 5.000000e-01 0.000000e+00
8.104217e-04 1.910188e-04 6.519991e-01 4.750000e-01 5.000000e-01 0.000000e+00
1.503092e-03 2.577790e-04 6.519991e-01 5.250000e-01 5.000000e-01 0.000000e+00
7.436298e-04 1.752757e-04 6.519991e-01 5.750000e-01 5.000000e-01 0.000000e+00
6.477505e-04 1.619382e-04 6.519991e-01 6.250000e-01 5.000000e-01 0.000000e+00
1.328628e-03 2.348709e-04 6.519991e-01 6.750000e-01 5.000000e-01 0.000000e+00
6.668574e-04 1.667151e-04 6.519991e-01 7.250000e-01 5.000000e-01 0.000000e+00
9.190207e-04 1.959367e-04 6.519991e-01 7.750000e-01 5.000000e-01 0.000000e+00
1.253365e-03 2.288331e-04 6.519991e-01 8.250000e-01 5.000000e-01 0.000000e+00
8.298794e-04 1.855672e-04 6.519991e-01 8.750000e-01 5.000000e-01 0.000000e+00
9.763341e-04 1.992942e-04 6.519991e-01 9.250000e-01 5.000000e-01 0.000000e+00
8.704946e-04 1.855906e-04 6.519991e-01 9.750000e-01 5.000000e-01 0.000000e+00
1.418965e-03 2.364952e-04 6.519991e-01 1.025000e+00 5.000000e-01 0.000000e+00
9.487454e-04 1.936623e-04 6.519991e-01 1.075000e+00 5.000000e-01 0.000000e+00
8.654748e-04 1.845209e-04 6.519991e-01 1.125000e+00 5.000000e-01 0.000000e+00
5.446953e-04 1.455764e-04 6.519991e-01 1.175000e+00 5.000000e-01 0.000000e+00
7.601079e-04 1.699663e-04 6.519991e-01 1.225000e+00 5.000000e-01 0.000000e+00
8.999412e-04 1.837007e-04 6.519991e-01 1.275000e+00 5.000000e-01 0.000000e+00
6.696039e-04 1.578279e-04 6.519991e-01 1.325000e+00 5.000000e-01 0.000000e+00
7.309354e-04 1.634431e-04 6.519991e-01 1.375000e+00 5.000000e-01 0.000000e+00
1.236446e-03 2.120503e-04 6.519991e-01 1.425000e+00 5.000000e-01 0.000000e+00
6.975479e-04 1.559772e-04 6.519991e-01 1.475000e+00 5.000000e-01 0.000000e+00
1.321930e-03 2.090171e-04 6.519991e-01 1.525000e+00 5.000000e-01 0.000000e+00
7.545118e-04 1.540153e-04 6.519991e-01 1.575000e+00 5.000000e-01 0.000000e+00
7.866661e-04 1.542790e-04 6.519991e-01 1.625000e+00 5.000000e-01 0.000000e+00
6.484209e-04 1.382449e-04 6.519991e-01 1.675000e+00 5.000000e-01 0.000000e+00
1.236189e-03 1.907496e-04 6.519991e-01 1.725000e+00 5.000000e-01 0.000000e+00
1.415573e-03 2.043225e-04 6.519991e-01 1.775000e+00 5.000000e-01 0.000000e+00
1.471114e-03 2.123400e-04 6.519991e-01 1.825000e+00 5.000000e-01 0.000000e+00
1.586152e-03 2.289433e-04 6.519991e-01 1.875000e+00 5.000000e-01 0.000000e+00
1.045940e-03 1.976657e-04 6.519991e-01 1.925000e+00 5.000000e-01 0.000000e+00
1.236563e-03 2.257673e-04 6.519991e-01 1.975000e+00 5.000000e-01 0.000000e+00
1.432696e-03 2.532700e-04 6.519991e-01 2.025000e+00 5.000000e-01 0.000000e+00
1.383842e-03 2.615258e-04 6.519991e-01 2.075000e+00 5.000000e-01 0.000000e+00
1.551908e-03 2.932872e-04 6.519991e-01 2.125000e+00 5.000000e-01 0.000000e+00
6.316205e-04 1.997416e-04 6.519991e-01 2.175000e+00 5.000000e-01 0.000000e+00
1.446953e-03 3.235570e-04 6.519991e-01 2.225000e+00 5.000000e-01 0.000000e+00
1.783416e-03 3.987983e-04 6.519991e-01 2.275000e+00 5.000000e-01 0.000000e+00
2.638240e-03 5.624845e-04 6.519991e-01 2.325000e+00 5.000000e-01 0.000000e+00
1.095556e-03 4.472689e-04 6.519991e-01 2.375000e+00 5.000000e-01 0.000000e+00
1.829861e-03 9.149315e-04 6.519991e-01 2.425000e+00 5.000000e-01 0.000000e+00
0.000000e+00 0.000000e+00 6.519991e-01 2.475000e+00 5.000000e-01 0.000000e+00
nan nan 6.519991e-01 2.525000e+00 5.000000e-01 0.000000e+00
nan nan 6.519991e-01 2.575000e+00 5.000000e-01 0.000000e+00
nan nan 6.519991e-01 2.625000e+00 5.000000e-01 0.000000e+00
nan nan 6.519991e-01 2.675000e+00 5.000000e-01 0.000000e+00
nan nan 6.519991e-01 2.725000e+00 5.000000e-01 0.000000e+00
nan nan 6.519991e-01 2.775000e+00 5.000000e-01 0.000000e+00
nan nan 6.519991e-01 2.825000e+00 5.000000e-01 0.000000e+00
nan nan 6.519991e-01 2.875000e+00 5.000000e-01 0.000000e+00
4.791683e-01 4.680228e-03 6.619990e-01 2.500000e-02 5.000000e-01 0.000000e+00
1.237735e-01 2.376750e-03 6.619990e-01 7.500000e-02 5.000000e-01 0.000000e+00
8.039775e-03 6.060218e-04 6.619990e-01 1.250000e-01 5.000000e-01 0.000000e+00
2.286975e-03 3.234277e-04 6.619990e-01 1.750000e-01 5.000000e-01 0.000000e+00
2.818585e-03 3.579613e-04 6.619990e-01 2.250000e-01 5.000000e-01 0.000000e+00
1.910756e-03 2.948369e-04 6.619990e-01 2.750000e-01 5.000000e-01 0.000000e+00
9.966388e-04 2.124845e-04 6.619990e-01 3.250000e-01 5.000000e-01 0.000000e+00
7.254903e-04 1.813728e-04 6.619990e-01 3.750000e-01 5.000000e-01 0.000000e+00
8.966515e-04 2.004980e-04 6.619990e-01 4.250000e-01 5.000000e-01 0.000000e+00
1.067842e-03 2.179729e-04 6.619990e-01 4.750000e-01 5.000000e-01 0.000000e+00
5.286652e-04 1.526127e-04 6.619990e-01 5.250000e-01 5.000000e-01 0.000000e+00
0.000000e+00 0.000000e+00 6.619990e-01 5.750000e-01 5.000000e-01 0.000000e+00
4.260193e-04 1.347194e-04 6.619990e-01 6.250000e-01 5.000000e-01 0.000000e+00
6.468090e-04 1.617026e-04 6.619990e-01 6.750000e-01 5.000000e-01 0.000000e+00
7.137409e-04 1.682310e-04 6.619990e-01 7.250000e-01 5.000000e-01 0.000000e+00
3.969859e-04 1.255384e-04 6.619990e-01 7.750000e-01 5.000000e-01 0.000000e+00
5.529257e-04 1.477759e-04 6.619990e-01 8.250000e-01 5.000000e-01 0.000000e+00
1.274242e-03 2.252571e-04 6.619990e-01 8.750000e-01 5.000000e-01 0.000000e+00
1.110638e-03 2.098919e-04 6.619990e-01 9.250000e-01 5.000000e-01 0.000000e+00
6.268461e-04 1.567120e-04 6.619990e-01 9.750000e-01 5.000000e-01 0.000000e+00
1.085352e-03 2.051130e-04 6.619990e-01 1.025000e+00 5.000000e-01 0.000000e+00
1.555537e-03 2.459531e-04 6.619990e-01 1.075000e+00 5.000000e-01 0.000000e+00
1.010519e-03 1.981803e-04 6.619990e-01 1.125000e+00 5.000000e-01 0.000000e+00
1.463161e-03 2.373573e-04 6.619990e-01 1.175000e+00 5.000000e-01 0.000000e+00
9.909688e-04 1.943458e-04 6.619990e-01 1.225000e+00 5.000000e-01 0.000000e+00
1.341938e-03 2.236571e-04 6.619990e-01 1.275000e+00 5.000000e-01 0.000000e+00
1.242975e-03 2.131701e-04 6.619990e-01 1.325000e+00 5.000000e-01 0.000000e+00
9.399338e-04 1.843372e-04 6.619990e-01 1.375000e+00 5.000000e-01 0.000000e+00
7.676258e-04 1.636594e-04 6.619990e-01 1.425000e+00 5.000000e-01 0.000000e+00
1.121690e-03 1.923695e-04 6.619990e-01 1.475000e+00 5.000000e-01 0.000000e+00
8.108925e-04 1.590305e-04 6.619990e-01 1.525000e+00 5.000000e-01 0.000000e+00
1.417696e-03 2.090298e-04 6.619990e-01 1.575000e+00 5.000000e-01 0.000000e+00
1.098680e-03 1.831148e-04 6.619990e-01 1.625000e+00 5.000000e-01 0.000000e+00
1.253577e-03 1.934324e-04 6.619990e-01 1.675000e+00 5.000000e-01 0.000000e+00
1.622034e-03 2.207335e-04 6.619990e-01 1.725000e+00 5.000000e-01 0.000000e+00
1.270184e-03 2.008355e-04 6.619990e-01 1.775000e+00 5.000000e-01 0.000000e+00
1.100032e-03 1.944617e-04 6.619990e-01 1.825000e+00 5.000000e-01 0.000000e+00
1.783707e-03 2.629964e-04 6.619990e-01 1.875000e+00 5.000000e-01 0.000000e+00
7.725733e-04 1.820996e-04 6.619990e-01 1.925000e+00 5.000000e-01 0.000000e+00
1.120942e-03 2.288126e-04 6.619990e-01 1.975000e+00 5.000000e-01 0.000000e+00
1.134433e-03 2.418648e-04 6.619990e-01 2.025000e+00 5.000000e-01 0.000000e+00
2.097465e-03 3.495824e-04 6.619990e-01 2.075000e+00 5.000000e-01 0.000000e+00
1.353128e-03 3.025733e-04 6.619990e-01 2.125000e+00 5.000000e-01 0.000000e+00
1.474720e-03 3.475989e-04 6.619990e-01 2.175000e+00 5.000000e-01 0.000000e+00
1.845137e-03 4.349143e-04 6.619990e-01 2.225000e+00 5.000000e-01 0.000000e+00
2.221200e-03 5.553156e-04 6.619990e-01 2.275000e+00 5.000000e-01 0.000000e+00
1.762972e-03 6.233146e-04 6.619990e-01 2.325000e+00 5.000000e-01 0.000000e+00
1.476024e-03 1.043707e-03 6.619990e-01 2.375000e+00 5.000000e-01 0.000000e+00
0.000000e+00 0.000000e+00 6.619990e-01 2.425000e+00 5.000000e-01 0.000000e+00
nan nan 6.619990e-01 2.475000e+00 5.000000e-01 0.000000e+00
nan nan 6.619990e-01 2.525000e+00 5.000000e-01 0.000000e+00
nan nan 6.619990e-01 2.575000e+00 5.000000e-01 0.000000e+00
nan nan 6.619990e-01 2.625000e+00 5.000000e-01 0.000000e+00
nan nan 6.619990e-01 2.675000e+00 5.000000e-01 0.000000e+00
nan nan 6.619990e-01 2.725000e+00 5.000000e-01 0.000000e+00
nan nan 6.619990e-01 2.775000e+00 5.000000e-01 0.000000e+00
nan nan 6.619990e-01 2.825000e+00 5.000000e-01 0.000000e+00
nan nan 6.619990e-01 2.875000e+00 5.000000e-01 0.000000e+00
4.572630e-01 4.610135e-03 6.719990e-01 2.500000e-02 5.000000e-01 0.000000e+00
1.135031e-01 2.282886e-03 6.719990e-01 7.500000e-02 5.000000e-01 0.000000e+00
8.180100e-03 6.063502e-04 6.719990e-01 1.250000e-01 5.000000e-01 0.000000e+00
1.806662e-03 2.856591e-04 6.719990e-01 1.750000e-01 5.000000e-01 0.000000e+00
1.521665e-03 2.609641e-04 6.719990e-01 2.250000e-01 5.000000e-01 0.000000e+00
1.524197e-03 2.613981e-04 6.719990e-01 2.750000e-01 5.000000e-01 0.000000e+00
1.516450e-03 2.600700e-04 6.719990e-01 3.250000e-01 5.000000e-01 0.000000e+00
1.612623e-03 2.687711e-04 6.719990e-01 3.750000e-01 5.000000e-01 0.000000e+00
1.620183e-03 2.700313e-04 6.719990e-01 4.250000e-01 5.000000e-01 0.000000e+00
9.008176e-04 2.014297e-04 6.719990e-01 4.750000e-01 5.000000e-01 0.000000e+00
1.072445e-03 2.189129e-04 6.719990e-01 5.250000e-01 5.000000e-01 0.000000e+00
5.300472e-04 1.530118e-04 6.719990e-01 5.750000e-01 5.000000e-01 0.000000e+00
7.016055e-04 1.754019e-04 6.719990e-01 6.250000e-01 5.000000e-01 0.000000e+00
1.298445e-03 2.370633e-04 6.719990e-01 6.750000e-01 5.000000e-01 0.000000e+00
1.026354e-03 2.095047e-04 6.719990e-01 7.250000e-01 5.000000e-01 0.000000e+00
1.278435e-03 2.334102e-04 6.719990e-01 7.750000e-01 5.000000e-01 0.000000e+00
9.245504e-04 1.971154e-04 6.719990e-01 8.250000e-01 5.000000e-01 0.000000e+00
6.559311e-04 1.639835e-04 6.719990e-01 8.750000e-01 5.000000e-01 0.000000e+00
1.289193e-03 2.279001e-04 6.719990e-01 9.250000e-01 5.000000e-01 0.000000e+00
1.041293e-03 2.042151e-04 6.719990e-01 9.750000e-01 5.000000e-01 0.000000e+00
1.195483e-03 2.182652e-04 6.719990e-01 1.025000e+00 5.000000e-01 0.000000e+00
8.754990e-04 1.866583e-04 6.719990e-01 1.075000e+00 5.000000e-01 0.000000e+00
1.408188e-03 2.346990e-04 6.719990e-01 1.125000e+00 5.000000e-01 0.000000e+00
8.598441e-04 1.833205e-04 6.719990e-01 1.175000e+00 5.000000e-01 0.000000e+00
8.472931e-04 1.806439e-04 6.719990e-01 1.225000e+00 5.000000e-01 0.000000e+00
8.332689e-04 1.776546e-04 6.719990e-01 1.275000e+00 5.000000e-01 0.000000e+00
7.440890e-04 1.663844e-04 6.719990e-01 1.325000e+00 5.000000e-01 0.000000e+00
9.856382e-04 1.862694e-04 6.719990e-01 1.375000e+00 5.000000e-01 0.000000e+00
1.322521e-03 2.091107e-04 6.719990e-01 1.425000e+00 5.000000e-01 0.000000e+00
1.389209e-03 2.094325e-04 6.719990e-01 1.475000e+00 5.000000e-01 0.000000e+00
9.939237e-04 1.757045e-04 6.719990e-01 1.525000e+00 5.000000e-01 0.000000e+00
8.010456e-04 1.570996e-04 6.719990e-01 1.575000e+00 5.000000e-01 0.000000e+00
9.756399e-04 1.724716e-04 6.719990e-01 1.625000e+00 5.000000e-01 0.000000e+00
1.502341e-03 2.168466e-04 6.719990e-01 1.675000e+00 5.000000e-01 0.000000e+00
1.441212e-03 2.172730e-04 6.719990e-01 1.725000e+00 5.000000e-01 0.000000e+00
1.089718e-03 1.989555e-04 6.719990e-01 1.775000e+00 5.000000e-01 0.000000e+00
1.070632e-03 2.099701e-04 6.719990e-01 1.825000e+00 5.000000e-01 0.000000e+00
8.157862e-04 1.922856e-04 6.719990e-01 1.875000e+00 5.000000e-01 0.000000e+00
8.090369e-04 2.022598e-04 6.719990e-01 1.925000e+00 5.000000e-01 0.000000e+00
1.795010e-03 3.173204e-04 6.719990e-01 1.975000e+00 5.000000e-01 0.000000e+00
2.265954e-03 3.776659e-04 6.719990e-01 2.025000e+00 5.000000e-01 0.000000e+00
7.363076e-04 2.328438e-04 6.719990e-01 2.075000e+00 5.000000e-01 0.000000e+00
2.202881e-03 4.320268e-04 6.719990e-01 2.125000e+00 5.000000e-01 0.000000e+00
1.768101e-03 4.420343e-04 6.719990e-01 2.175000e+00 5.000000e-01 0.000000e+00
1.294893e-03 4.578331e-04 6.719990e-01 2.225000e+00 5.000000e-01 0.000000e+00
1.289463e-03 6.447318e-04 6.719990e-01 2.275000e+00 5.000000e-01 0.000000e+00
0.000000e+00 0.000000e+00 6.719990e-01 2.325000e+00 5.000000e-01 0.000000e+00
nan nan 6.719990e-01 2.375000e+00 5.000000e-01 0.000000e+00
nan nan 6.719990e-01 2.425000e+00 5.000000e-01 0.000000e+00
nan nan 6.719990e-01 2.475000e+00 5.000000e-01 0.000000e+00
nan nan 6.719990e-01 2.525000e+00 5.000000e-01 0.000000e+00
nan nan 6.719990e-01 2.575000e+00 5.000000e-01 0.000000e+00
nan nan 6.719990e-01 2.625000e+00 5.000000e-01 0.000000e+00
nan nan 6.719990e-01 2.675000e+00 5.000000e-01 0.000000e+00
nan nan 6.719990e-01 2.725000e+00 5.000000e-01 0.000000e+00
nan nan 6.719990e-01 2.775000e+00 5.000000e-01 0.000000e+00
nan nan 6.719990e-01 2.825000e+00 5.000000e-01 0.000000e+00
nan nan 6.719990e-01 2.875000e+00 5.000000e-01 0.000000e+00
4.484846e-01 4.516583e-03 6.819990e-01 2.500000e-02 5.000000e-01 0.000000e+00
1.189933e-01 2.328288e-03 6.819990e-01 7.500000e-02 5.000000e-01 0.000000e+00
8.275250e-03 6.134033e-04 6.819990e-01 1.250000e-01 5.000000e-01 0.000000e+00
2.539909e-03 3.394103e-04 6.819990e-01 1.750000e-01 5.000000e-01 0.000000e+00
2.162142e-03 3.120794e-04 6.819990e-01 2.250000e-01 5.000000e-01 0.000000e+00
1.618492e-03 2.697495e-04 6.819990e-01 2.750000e-01 5.000000e-01 0.000000e+00
1.251559e-03 2.365231e-04 6.819990e-01 3.250000e-01 5.000000e-01 0.000000e+00
7.163484e-04 1.790875e-04 6.819990e-01 3.750000e-01 5.000000e-01 0.000000e+00
1.258437e-03 2.378227e-04 6.819990e-01 4.250000e-01 5.000000e-01 0.000000e+00
4.500259e-04 1.423112e-04 6.819990e-01 4.750000e-01 5.000000e-01 0.000000e+00
1.074004e-03 2.192307e-04 6.819990e-01 5.250000e-01 5.000000e-01 0.000000e+00
9.688603e-04 2.065621e-04 6.819990e-01 5.750000e-01 5.000000e-01 0.000000e+00
7.838060e-04 1.847456e-04 6.819990e-01 6.250000e-01 5.000000e-01 0.000000e+00
5.165102e-04 1.491040e-04 6.819990e-01 6.750000e-01 5.000000e-01 0.000000e+00
1.207655e-03 2.282261e-04 6.819990e-01 7.250000e-01 5.000000e-01 0.000000e+00
9.422470e-04 2.008883e-04 6.819990e-01 7.750000e-01 5.000000e-01 0.000000e+00
5.951482e-04 1.590609e-04 6.819990e-01 8.250000e-01 5.000000e-01 0.000000e+00
7.570457e-04 1.784381e-04 6.819990e-01 8.750000e-01 5.000000e-01 0.000000e+00
8.317827e-04 1.859930e-04 6.819990e-01 9.250000e-01 5.000000e-01 0.000000e+00
1.317606e-03 2.329234e-04 6.819990e-01 9.750000e-01 5.000000e-01 0.000000e+00
8.857515e-04 1.888438e-04 6.819990e-01 1.025000e+00 5.000000e-01 0.000000e+00
7.103802e-04 1.674391e-04 6.819990e-01 1.075000e+00 5.000000e-01 0.000000e+00
1.103474e-03 2.085379e-04 6.819990e-01 1.125000e+00 5.000000e-01 0.000000e+00
7.776209e-04 1.738825e-04 6.819990e-01 1.175000e+00 5.000000e-01 0.000000e+00
1.052474e-03 1.988999e-04 6.819990e-01 1.225000e+00 5.000000e-01 0.000000e+00
1.021470e-03 1.930410e-04 6.819990e-01 1.275000e+00 5.000000e-01 0.000000e+00
6.176637e-04 1.455856e-04 6.819990e-01 1.325000e+00 5.000000e-01 0.000000e+00
1.372068e-03 2.117161e-04 6.819990e-01 1.375000e+00 5.000000e-01 0.000000e+00
3.811718e-04 1.100361e-04 6.819990e-01 1.425000e+00 5.000000e-01 0.000000e+00
1.526867e-03 2.203857e-04 6.819990e-01 1.475000e+00 5.000000e-01 0.000000e+00
8.744898e-04 1.652647e-04 6.819990e-01 1.525000e+00 5.000000e-01 0.000000e+00
1.000208e-03 1.768147e-04 6.819990e-01 1.575000e+00 5.000000e-01 0.000000e+00
8.559887e-04 1.678746e-04 6.819990e-01 1.625000e+00 5.000000e-01 0.000000e+00
9.190595e-04 1.802435e-04 6.819990e-01 1.675000e+00 5.000000e-01 0.000000e+00
1.499982e-03 2.433311e-04 6.819990e-01 1.725000e+00 5.000000e-01 0.000000e+00
1.160330e-03 2.275615e-04 6.819990e-01 1.775000e+00 5.000000e-01 0.000000e+00
1.790109e-03 2.983557e-04 6.819990e-01 1.825000e+00 5.000000e-01 0.000000e+00
1.202392e-03 2.563521e-04 6.819990e-01 1.875000e+00 5.000000e-01 0.000000e+00
1.922436e-03 3.398454e-04 6.819990e-01 1.925000e+00 5.000000e-01 0.000000e+00
9.647916e-04 2.578552e-04 6.819990e-01 1.975000e+00 5.000000e-01 0.000000e+00
8.086091e-04 2.557098e-04 6.819990e-01 2.025000e+00 5.000000e-01 0.000000e+00
1.377622e-03 3.681878e-04 6.819990e-01 2.075000e+00 5.000000e-01 0.000000e+00
1.906441e-03 5.095244e-04 6.819990e-01 2.125000e+00 5.000000e-01 0.000000e+00
1.291118e-03 5.270975e-04 6.819990e-01 2.175000e+00 5.000000e-01 0.000000e+00
2.084253e-03 1.042128e-03 6.819990e-01 2.225000e+00 5.000000e-01 0.000000e+00
0.000000e+00 0.000000e+00 6.819990e-01 2.275000e+00 5.000000e-01 0.000000e+00
nan nan 6.819990e-01 2.325000e+00 5.000000e-01 0.000000e+00
nan nan 6.819990e-01 2.375000e+00 5.000000e-01 0.000000e+00
nan nan 6.819990e-01 2.425000e+00 5.000000e-01 0.000000e+00
nan nan 6.819990e-01 2.475000e+00 5.000000e-01 0.000000e+00
nan nan 6.819990e-01 2.525000e+00 5.000000e-01 0.000000e+00
nan nan 6.819990e-01 2.575000e+00 5.000000e-01 0.000000e+00
nan nan 6.819990e-01 2.625000e+00 5.000000e-01 0.000000e+00
nan nan 6.819990e-01 2.675000e+00 5.000000e-01 0.000000e+00
nan nan 6.819990e-01 2.725000e+00 5.000000e-01 0.000000e+00
nan nan 6.819990e-01 2.775000e+00 5.000000e-01 0.000000e+00
nan nan 6.819990e-01 2.825000e+00 5.000000e-01 0.000000e+00
nan nan 6.819990e-01 2.875000e+00 5.000000e-01 0.000000e+00
4.431333e-01 4.746535e-03 6.919990e-01 2.500000e-02 5.000000e-01 0.000000e+00
1.247594e-01 2.472549e-03 6.919990e-01 7.500000e-02 5.000000e-01 0.000000e+00
7.601057e-03 5.971968e-04 6.919990e-01 1.250000e-01 5.000000e-01 0.000000e+00
2.181446e-03 3.148654e-04 6.919990e-01 1.750000e-01 5.000000e-01 0.000000e+00
1.546416e-03 2.652085e-04 6.919990e-01 2.250000e-01 5.000000e-01 0.000000e+00
9.108709e-04 2.036774e-04 6.919990e-01 2.750000e-01 5.000000e-01 0.000000e+00
7.293752e-04 1.823443e-04 6.919990e-01 3.250000e-01 5.000000e-01 0.000000e+00
1.731997e-03 2.809677e-04 6.919990e-01 3.750000e-01 5.000000e-01 0.000000e+00
9.919678e-04 2.114890e-04 6.919990e-01 4.250000e-01 5.000000e-01 0.000000e+00
1.348823e-03 2.462607e-04 6.919990e-01 4.750000e-01 5.000000e-01 0.000000e+00
1.149178e-03 2.253729e-04 6.919990e-01 5.250000e-01 5.000000e-01 0.000000e+00
7.904348e-04 1.863078e-04 6.919990e-01 5.750000e-01 5.000000e-01 0.000000e+00
7.019873e-04 1.754972e-04 6.919990e-01 6.250000e-01 5.000000e-01 0.000000e+00
1.311581e-03 2.394614e-04 6.919990e-01 6.750000e-01 5.000000e-01 0.000000e+00
7.750401e-04 1.826795e-04 6.919990e-01 7.250000e-01 5.000000e-01 0.000000e+00
5.972426e-04 1.596206e-04 6.919990e-01 7.750000e-01 5.000000e-01 0.000000e+00
9.257743e-04 1.973764e-04 6.919990e-01 8.250000e-01 5.000000e-01 0.000000e+00
7.532616e-04 1.775463e-04 6.919990e-01 8.750000e-01 5.000000e-01 0.000000e+00
1.068635e-03 2.095773e-04 6.919990e-01 9.250000e-01 5.000000e-01 0.000000e+00
1.128396e-03 2.132481e-04 6.919990e-01 9.750000e-01 5.000000e-01 0.000000e+00
1.741327e-03 2.625163e-04 6.919990e-01 1.025000e+00 5.000000e-01 0.000000e+00
1.735929e-03 2.617023e-04 6.919990e-01 1.075000e+00 5.000000e-01 0.000000e+00
1.002647e-03 1.966360e-04 6.919990e-01 1.125000e+00 5.000000e-01 0.000000e+00
1.132003e-03 2.066759e-04 6.919990e-01 1.175000e+00 5.000000e-01 0.000000e+00
8.668613e-04 1.769482e-04 6.919990e-01 1.225000e+00 5.000000e-01 0.000000e+00
8.903008e-04 1.746035e-04 6.919990e-01 1.275000e+00 5.000000e-01 0.000000e+00
7.942039e-04 1.621172e-04 6.919990e-01 1.325000e+00 5.000000e-01 0.000000e+00
1.099319e-03 1.885332e-04 6.919990e-01 1.375000e+00 5.000000e-01 0.000000e+00
1.022199e-03 1.807023e-04 6.919990e-01 1.425000e+00 5.000000e-01 0.000000e+00
5.696799e-04 1.342755e-04 6.919990e-01 1.475000e+00 5.000000e-01 0.000000e+00
7.826969e-04 1.597686e-04 6.919990e-01 1.525000e+00 5.000000e-01 0.000000e+00
1.535643e-03 2.315084e-04 6.919990e-01 1.575000e+00 5.000000e-01 0.000000e+00
8.184854e-04 1.745027e-04 6.919990e-01 1.625000e+00 5.000000e-01 0.000000e+00
7.618738e-04 1.795772e-04 6.919990e-01 1.675000e+00 5.000000e-01 0.000000e+00
1.635450e-03 2.804814e-04 6.919990e-01 1.725000e+00 5.000000e-01 0.000000e+00
1.158202e-03 2.469311e-04 6.919990e-01 1.775000e+00 5.000000e-01 0.000000e+00
1.153462e-03 2.579246e-04 6.919990e-01 1.825000e+00 5.000000e-01 0.000000e+00
2.050140e-03 3.624197e-04 6.919990e-01 1.875000e+00 5.000000e-01 0.000000e+00
1.214344e-03 3.035894e-04 6.919990e-01 1.925000e+00 5.000000e-01 0.000000e+00
1.452044e-03 3.630146e-04 6.919990e-01 1.975000e+00 5.000000e-01 0.000000e+00
1.825400e-03 4.563550e-04 6.919990e-01 2.025000e+00 5.000000e-01 0.000000e+00
1.667532e-03 5.273300e-04 6.919990e-01 2.075000e+00 5.000000e-01 0.000000e+00
1.118027e-03 5.590134e-04 6.919990e-01 2.125000e+00 5.000000e-01 0.000000e+00
0.000000e+00 0.000000e+00 6.919990e-01 2.175000e+00 5.000000e-01 0.000000e+00
0.000000e+00 0.000000e+00 6.919990e-01 2.225000e+00 5.000000e-01 0.000000e+00
nan nan 6.919990e-01 2.275000e+00 5.000000e-01 0.000000e+00
nan nan 6.919990e-01 2.325000e+00 5.000000e-01 0.000000e+00
nan nan 6.919990e-01 2.375000e+00 5.000000e-01 0.000000e+00
nan nan 6.919990e-01 2.425000e+00 5.000000e-01 0.000000e+00
nan nan 6.919990e-01 2.475000e+00 5.000000e-01 0.000000e+00
nan nan 6.919990e-01 2.525000e+00 5.000000e-01 0.000000e+00
nan nan 6.919990e-01 2.575000e+00 5.000000e-01 0.000000e+00
nan nan 6.919990e-01 2.625000e+00 5.000000e-01 0.000000e+00
nan nan 6.919990e-01 2.675000e+00 5.000000e-01 0.000000e+00
nan nan 6.919990e-01 2.725000e+00 5.000000e-01 0.000000e+00
nan nan 6.919990e-01 2.775000e+00 5.000000e-01 0.000000e+00
nan nan 6.919990e-01 2.825000e+00 5.000000e-01 0.000000e+00
nan nan 6.919990e-01 2.875000e+00 5.000000e-01 0.000000e+00
4.581246e-01 4.655883e-03 7.019990e-01 2.500000e-02 5.000000e-01 0.000000e+00
1.221251e-01 2.424153e-03 7.019990e-01 7.500000e-02 5.000000e-01 0.000000e+00
9.483257e-03 6.808592e-04 7.019990e-01 1.250000e-01 5.000000e-01 0.000000e+00
2.547367e-03 3.532572e-04 7.019990e-01 1.750000e-01 5.000000e-01 0.000000e+00
1.754137e-03 2.845592e-04 7.019990e-01 2.250000e-01 5.000000e-01 0.000000e+00
7.198211e-04 1.799559e-04 7.019990e-01 2.750000e-01 5.000000e-01 0.000000e+00
8.997093e-04 2.011814e-04 7.019990e-01 3.250000e-01 5.000000e-01 0.000000e+00
9.865817e-04 2.103408e-04 7.019990e-01 3.750000e-01 5.000000e-01 0.000000e+00
7.180500e-04 1.795133e-04 7.019990e-01 4.250000e-01 5.000000e-01 0.000000e+00
1.073901e-03 2.192101e-04 7.019990e-01 4.750000e-01 5.000000e-01 0.000000e+00
1.705167e-03 2.766155e-04 7.019990e-01 5.250000e-01 5.000000e-01 0.000000e+00
1.233962e-03 2.331975e-04 7.019990e-01 5.750000e-01 5.000000e-01 0.000000e+00
1.041766e-03 2.126502e-04 7.019990e-01 6.250000e-01 5.000000e-01 0.000000e+00
8.593065e-04 1.921474e-04 7.019990e-01 6.750000e-01 5.000000e-01 0.000000e+00
7.713855e-04 1.818180e-04 7.019990e-01 7.250000e-01 5.000000e-01 0.000000e+00
9.268974e-04 1.976159e-04 7.019990e-01 7.750000e-01 5.000000e-01 0.000000e+00
5.862607e-04 1.566854e-04 7.019990e-01 8.250000e-01 5.000000e-01 0.000000e+00
5.783291e-04 1.545653e-04 7.019990e-01 8.750000e-01 5.000000e-01 0.000000e+00
7.295098e-04 1.719475e-04 7.019990e-01 9.250000e-01 5.000000e-01 0.000000e+00
1.485607e-03 2.409978e-04 7.019990e-01 9.750000e-01 5.000000e-01 0.000000e+00
8.499192e-04 1.812042e-04 7.019990e-01 1.025000e+00 5.000000e-01 0.000000e+00
1.089834e-03 2.059602e-04 7.019990e-01 1.075000e+00 5.000000e-01 0.000000e+00
1.062915e-03 2.008726e-04 7.019990e-01 1.125000e+00 5.000000e-01 0.000000e+00
9.335630e-04 1.830877e-04 7.019990e-01 1.175000e+00 5.000000e-01 0.000000e+00
7.632534e-04 1.627271e-04 7.019990e-01 1.225000e+00 5.000000e-01 0.000000e+00
6.632799e-04 1.483148e-04 7.019990e-01 1.275000e+00 5.000000e-01 0.000000e+00
1.035336e-03 1.830245e-04 7.019990e-01 1.325000e+00 5.000000e-01 0.000000e+00
7.731236e-04 1.578143e-04 7.019990e-01 1.375000e+00 5.000000e-01 0.000000e+00
1.047014e-03 1.850888e-04 7.019990e-01 1.425000e+00 5.000000e-01 0.000000e+00
7.563282e-04 1.612511e-04 7.019990e-01 1.475000e+00 5.000000e-01 0.000000e+00
8.100606e-04 1.727072e-04 7.019990e-01 1.525000e+00 5.000000e-01 0.000000e+00
1.125393e-03 2.126809e-04 7.019990e-01 1.575000e+00 5.000000e-01 0.000000e+00
1.209494e-03 2.372023e-04 7.019990e-01 1.625000e+00 5.000000e-01 0.000000e+00
1.824658e-03 3.041131e-04 7.019990e-01 1.675000e+00 5.000000e-01 0.000000e+00
1.449676e-03 2.843082e-04 7.019990e-01 1.725000e+00 5.000000e-01 0.000000e+00
5.032811e-04 1.779372e-04 7.019990e-01 1.775000e+00 5.000000e-01 0.000000e+00
1.283208e-03 3.024578e-04 7.019990e-01 1.825000e+00 5.000000e-01 0.000000e+00
1.015138e-03 2.930484e-04 7.019990e-01 1.875000e+00 5.000000e-01 0.000000e+00
1.231443e-03 3.554927e-04 7.019990e-01 1.925000e+00 5.000000e-01 0.000000e+00
1.869904e-03 4.997629e-04 7.019990e-01 1.975000e+00 5.000000e-01 0.000000e+00
1.610455e-03 5.693855e-04 7.019990e-01 2.025000e+00 5.000000e-01 0.000000e+00
0.000000e+00 0.000000e+00 7.019990e-01 2.075000e+00 5.000000e-01 0.000000e+00
0.000000e+00 0.000000e+00 7.019990e-01 2.125000e+00 5.000000e-01 0.000000e+00
nan nan 7.019990e-01 2.175000e+00 5.000000e-01 0.000000e+00
nan nan 7.019990e-01 2.225000e+00 5.000000e-01 0.000000e+00
nan nan 7.019990e-01 2.275000e+00 5.000000e-01 0.000000e+00
nan nan 7.019990e-01 2.325000e+00 5.000000e-01 0.000000e+00
nan nan 7.019990e-01 2.375000e+00 5.000000e-01 0.000000e+00
nan nan 7.019990e-01 2.425000e+00 5.000000e-01 0.000000e+00
nan nan 7.019990e-01 2.475000e+00 5.000000e-01 0.000000e+00
nan nan 7.019990e-01 2.525000e+00 5.000000e-01 0.000000e+00
nan nan 7.019990e-01 2.575000e+00 5.000000e-01 0.000000e+00
nan nan 7.019990e-01 2.625000e+00 5.000000e-01 0.000000e+00
nan nan 7.019990e-01 2.675000e+00 5.000000e-01 0.000000e+00
nan nan 7.019990e-01 2.725000e+00 5.000000e-01 0.000000e+00
nan nan 7.019990e-01 2.775000e+00 5.000000e-01 0.000000e+00
nan nan 7.019990e-01 2.825000e+00 5.000000e-01 0.000000e+00
nan nan 7.019990e-01 2.875000e+00 5.000000e-01 0.000000e+00
4.698461e-01 4.696593e-03 7.119990e-01 2.500000e-02 5.000000e-01 0.000000e+00
1.282719e-01 2.463131e-03 7.119990e-01 7.500000e-02 5.000000e-01 0.000000e+00
8.048963e-03 6.209923e-04 7.119990e-01 1.250000e-01 5.000000e-01 0.000000e+00
1.149876e-03 2.347182e-04 7.119990e-01 1.750000e-01 5.000000e-01 0.000000e+00
1.538557e-03 2.719818e-04 7.119990e-01 2.250000e-01 5.000000e-01 0.000000e+00
1.278112e-03 2.415410e-04 7.119990e-01 2.750000e-01 5.000000e-01 0.000000e+00
1.361339e-03 2.485462e-04 7.119990e-01 3.250000e-01 5.000000e-01 0.000000e+00
9.963752e-04 2.124285e-04 7.119990e-01 3.750000e-01 5.000000e-01 0.000000e+00
7.261401e-04 1.815355e-04 7.119990e-01 4.250000e-01 5.000000e-01 0.000000e+00
9.927552e-04 2.116570e-04 7.119990e-01 4.750000e-01 5.000000e-01 0.000000e+00
1.061408e-03 2.166596e-04 7.119990e-01 5.250000e-01 5.000000e-01 0.000000e+00
9.710130e-04 2.070213e-04 7.119990e-01 5.750000e-01 5.000000e-01 0.000000e+00
8.742782e-04 1.954949e-04 7.119990e-01 6.250000e-01 5.000000e-01 0.000000e+00
8.679062e-04 1.940706e-04 7.119990e-01 6.750000e-01 5.000000e-01 0.000000e+00
5.937387e-04 1.586840e-04 7.119990e-01 7.250000e-01 5.000000e-01 0.000000e+00
1.009505e-03 2.060653e-04 7.119990e-01 7.750000e-01 5.000000e-01 0.000000e+00
5.827720e-04 1.557529e-04 7.119990e-01 8.250000e-01 5.000000e-01 0.000000e+00
9.713258e-04 1.982718e-04 7.119990e-01 8.750000e-01 5.000000e-01 0.000000e+00
1.169290e-03 2.134829e-04 7.119990e-01 9.250000e-01 5.000000e-01 0.000000e+00
1.114860e-03 2.106902e-04 7.119990e-01 9.750000e-01 5.000000e-01 0.000000e+00
1.346617e-03 2.309438e-04 7.119990e-01 1.025000e+00 5.000000e-01 0.000000e+00
6.041806e-04 1.510455e-04 7.119990e-01 1.075000e+00 5.000000e-01 0.000000e+00
1.212550e-03 2.079514e-04 7.119990e-01 1.125000e+00 5.000000e-01 0.000000e+00
1.029541e-03 1.879686e-04 7.119990e-01 1.175000e+00 5.000000e-01 0.000000e+00
8.654014e-04 1.697203e-04 7.119990e-01 1.225000e+00 5.000000e-01 0.000000e+00
1.252443e-03 2.031745e-04 7.119990e-01 1.275000e+00 5.000000e-01 0.000000e+00
9.233154e-04 1.744915e-04 7.119990e-01 1.325000e+00 5.000000e-01 0.000000e+00
8.880752e-04 1.741674e-04 7.119990e-01 1.375000e+00 5.000000e-01 0.000000e+00
5.051045e-04 1.349955e-04 7.119990e-01 1.425000e+00 5.000000e-01 0.000000e+00
6.218338e-04 1.554599e-04 7.119990e-01 1.475000e+00 5.000000e-01 0.000000e+00
1.315274e-03 2.401376e-04 7.119990e-01 1.525000e+00 5.000000e-01 0.000000e+00
8.032527e-04 2.008136e-04 7.119990e-01 1.575000e+00 5.000000e-01 0.000000e+00
1.077348e-03 2.409039e-04 7.119990e-01 1.625000e+00 5.000000e-01 0.000000e+00
6.085022e-04 1.924279e-04 7.119990e-01 1.675000e+00 5.000000e-01 0.000000e+00
1.500084e-03 3.198222e-04 7.119990e-01 1.725000e+00 5.000000e-01 0.000000e+00
1.264654e-03 3.161653e-04 7.119990e-01 1.775000e+00 5.000000e-01 0.000000e+00
1.521246e-03 3.803152e-04 7.119990e-01 1.825000e+00 5.000000e-01 0.000000e+00
1.890816e-03 4.727084e-04 7.119990e-01 1.875000e+00 5.000000e-01 0.000000e+00
6.519521e-04 3.259761e-04 7.119990e-01 1.925000e+00 5.000000e-01 0.000000e+00
5.561972e-04 3.932908e-04 7.119990e-01 1.975000e+00 5.000000e-01 0.000000e+00
0.000000e+00 0.000000e+00 7.119990e-01 2.025000e+00 5.000000e-01 0.000000e+00
0.000000e+00 0.000000e+00 7.119990e-01 2.075000e+00 5.000000e-01 0.000000e+00
nan nan 7.119990e-01 2.125000e+00 5.000000e-01 0.000000e+00
nan nan 7.119990e-01 2.175000e+00 5.000000e-01 0.000000e+00
nan nan 7.119990e-01 2.225000e+00 5.000000e-01 0.000000e+00
nan nan 7.119990e-01 2.275000e+00 5.000000e-01 0.000000e+00
nan nan 7.119990e-01 2.325000e+00 5.000000e-01 0.000000e+00
nan nan 7.119990e-01 2.375000e+00 5.000000e-01 0.000000e+00
nan nan 7.119990e-01 2.425000e+00 5.000000e-01 0.000000e+00
nan nan 7.119990e-01 2.475000e+00 5.000000e-01 0.000000e+00
nan nan 7.119990e-01 2.525000e+00 5.000000e-01 0.000000e+00
nan nan 7.119990e-01 2.575000e+00 5.000000e-01 0.000000e+00
nan nan 7.119990e-01 2.625000e+00 5.000000e-01 0.000000e+00
nan nan 7.119990e-01 2.675000e+00 5.000000e-01 0.000000e+00
nan nan 7.119990e-01 2.725000e+00 5.000000e-01 0.000000e+00
nan nan 7.119990e-01 2.775000e+00 5.000000e-01 0.000000e+00
nan nan 7.119990e-01 2.825000e+00 5.000000e-01 0.000000e+00
nan nan 7.119990e-01 2.875000e+00 5.000000e-01 0.000000e+00
4.788957e-01 4.704572e-03 7.219990e-01 2.500000e-02 5.000000e-01 0.000000e+00
1.269688e-01 2.418567e-03 7.219990e-01 7.500000e-02 5.000000e-01 0.000000e+00
7.719512e-03 5.991511e-04 7.219990e-01 1.250000e-01 5.000000e-01 0.000000e+00
1.598419e-03 2.741273e-04 7.219990e-01 1.750000e-01 5.000000e-01 0.000000e+00
1.984605e-03 3.062321e-04 7.219990e-01 2.250000e-01 5.000000e-01 0.000000e+00
1.965924e-03 3.033494e-04 7.219990e-01 2.750000e-01 5.000000e-01 0.000000e+00
1.087632e-03 2.220123e-04 7.219990e-01 3.250000e-01 5.000000e-01 0.000000e+00
1.436867e-03 2.540054e-04 7.219990e-01 3.750000e-01 5.000000e-01 0.000000e+00
1.076344e-03 2.197087e-04 7.219990e-01 4.250000e-01 5.000000e-01 0.000000e+00
8.059221e-04 1.899583e-04 7.219990e-01 4.750000e-01 5.000000e-01 0.000000e+00
1.159946e-03 2.274845e-04 7.219990e-01 5.250000e-01 5.000000e-01 0.000000e+00
8.816617e-04 1.971460e-04 7.219990e-01 5.750000e-01 5.000000e-01 0.000000e+00
1.387910e-03 2.453505e-04 7.219990e-01 6.250000e-01 5.000000e-01 0.000000e+00
1.359339e-03 2.403005e-04 7.219990e-01 6.750000e-01 5.000000e-01 0.000000e+00
5.052846e-04 1.458637e-04 7.219990e-01 7.250000e-01 5.000000e-01 0.000000e+00
6.621318e-04 1.655338e-04 7.219990e-01 7.750000e-01 5.000000e-01 0.000000e+00
1.273756e-03 2.251711e-04 7.219990e-01 8.250000e-01 5.000000e-01 0.000000e+00
1.462786e-03 2.437983e-04 7.219990e-01 8.750000e-01 5.000000e-01 0.000000e+00
1.072943e-03 2.104226e-04 7.219990e-01 9.250000e-01 5.000000e-01 0.000000e+00
6.307342e-04 1.576842e-04 7.219990e-01 9.750000e-01 5.000000e-01 0.000000e+00
8.105976e-04 1.728211e-04 7.219990e-01 1.025000e+00 5.000000e-01 0.000000e+00
7.726974e-04 1.647406e-04 7.219990e-01 1.075000e+00 5.000000e-01 0.000000e+00
9.547011e-04 1.804224e-04 7.219990e-01 1.125000e+00 5.000000e-01 0.000000e+00
1.078148e-03 1.905924e-04 7.219990e-01 1.175000e+00 5.000000e-01 0.000000e+00
8.122359e-04 1.657980e-04 7.219990e-01 1.225000e+00 5.000000e-01 0.000000e+00
5.543207e-04 1.385811e-04 7.219990e-01 1.275000e+00 5.000000e-01 0.000000e+00
8.575596e-04 1.750501e-04 7.219990e-01 1.325000e+00 5.000000e-01 0.000000e+00
1.065165e-03 2.012997e-04 7.219990e-01 1.375000e+00 5.000000e-01 0.000000e+00
8.382660e-04 1.874433e-04 7.219990e-01 1.425000e+00 5.000000e-01 0.000000e+00
5.773543e-04 1.666685e-04 7.219990e-01 1.475000e+00 5.000000e-01 0.000000e+00
1.059093e-03 2.368219e-04 7.219990e-01 1.525000e+00 5.000000e-01 0.000000e+00
7.103367e-04 2.050585e-04 7.219990e-01 1.575000e+00 5.000000e-01 0.000000e+00
1.316009e-03 2.942710e-04 7.219990e-01 1.625000e+00 5.000000e-01 0.000000e+00
9.026495e-04 2.605743e-04 7.219990e-01 1.675000e+00 5.000000e-01 0.000000e+00
1.768405e-03 3.954313e-04 7.219990e-01 1.725000e+00 5.000000e-01 0.000000e+00
1.537826e-03 4.110044e-04 7.219990e-01 1.775000e+00 5.000000e-01 0.000000e+00
2.787502e-04 1.971061e-04 7.219990e-01 1.825000e+00 5.000000e-01 0.000000e+00
8.329922e-04 4.164961e-04 7.219990e-01 1.875000e+00 5.000000e-01 0.000000e+00
0.000000e+00 0.000000e+00 7.219990e-01 1.925000e+00 5.000000e-01 0.000000e+00
0.000000e+00 0.000000e+00 7.219990e-01 1.975000e+00 5.000000e-01 0.000000e+00
nan nan 7.219990e-01 2.025000e+00 5.000000e-01 0.000000e+00
nan nan 7.219990e-01 2.075000e+00 5.000000e-01 0.000000e+00
nan nan 7.219990e-01 2.125000e+00 5.000000e-01 0.000000e+00
nan nan 7.219990e-01 2.175000e+00 5.000000e-01 0.000000e+00
nan nan 7.219990e-01 2.225000e+00 5.000000e-01 0.000000e+00
nan nan 7.219990e-01 2.275000e+00 5.000000e-01 0.000000e+00
nan nan 7.219990e-01 2.325000e+00 5.000000e-01 0.000000e+00
nan nan 7.219990e-01 2.375000e+00 5.000000e-01 0.000000e+00
nan nan 7.219990e-01 2.425000e+00 5.000000e-01 0.000000e+00
nan nan 7.219990e-01 2.475000e+00 5.000000e-01 0.000000e+00
nan nan 7.219990e-01 2.525000e+00 5.000000e-01 0.000000e+00
nan nan 7.219990e-01 2.575000e+00 5.000000e-01 0.000000e+00
nan nan 7.219990e-01 2.625000e+00 5.000000e-01 0.000000e+00
nan nan 7.219990e-01 2.675000e+00 5.000000e-01 0.000000e+00
nan nan 7.219990e-01 2.725000e+00 5.000000e-01 0.000000e+00
nan nan 7.219990e-01 2.775000e+00 5.000000e-01 0.000000e+00
nan nan 7.219990e-01 2.825000e+00 5.000000e-01 0.000000e+00
nan nan 7.219990e-01 2.875000e+00 5.000000e-01 0.000000e+00
4.785590e-01 4.713104e-03 7.319990e-01 2.500000e-02 5.000000e-01 0.000000e+00
1.335598e-01 2.489608e-03 7.319990e-01 7.500000e-02 5.000000e-01 0.000000e+00
1.049910e-02 6.983905e-04 7.319990e-01 1.250000e-01 5.000000e-01 0.000000e+00
2.144627e-03 3.162084e-04 7.319990e-01 1.750000e-01 5.000000e-01 0.000000e+00
1.679037e-03 2.798404e-04 7.319990e-01 2.250000e-01 5.000000e-01 0.000000e+00
1.121431e-03 2.289122e-04 7.319990e-01 2.750000e-01 5.000000e-01 0.000000e+00
9.995548e-04 2.131064e-04 7.319990e-01 3.250000e-01 5.000000e-01 0.000000e+00
7.265187e-04 1.816299e-04 7.319990e-01 3.750000e-01 5.000000e-01 0.000000e+00
1.272380e-03 2.404580e-04 7.319990e-01 4.250000e-01 5.000000e-01 0.000000e+00
1.073378e-03 2.191030e-04 7.319990e-01 4.750000e-01 5.000000e-01 0.000000e+00
1.248458e-03 2.359370e-04 7.319990e-01 5.250000e-01 5.000000e-01 0.000000e+00
1.321982e-03 2.413607e-04 7.319990e-01 5.750000e-01 5.000000e-01 0.000000e+00
9.651515e-04 2.057719e-04 7.319990e-01 6.250000e-01 5.000000e-01 0.000000e+00
1.197501e-03 2.263073e-04 7.319990e-01 6.750000e-01 5.000000e-01 0.000000e+00
5.697652e-04 1.522766e-04 7.319990e-01 7.250000e-01 5.000000e-01 0.000000e+00
1.292823e-03 2.285415e-04 7.319990e-01 7.750000e-01 5.000000e-01 0.000000e+00
5.855749e-04 1.565019e-04 7.319990e-01 8.250000e-01 5.000000e-01 0.000000e+00
1.136221e-03 2.147263e-04 7.319990e-01 8.750000e-01 5.000000e-01 0.000000e+00
1.466864e-03 2.379575e-04 7.319990e-01 9.250000e-01 5.000000e-01 0.000000e+00
2.884847e-04 1.019951e-04 7.319990e-01 9.750000e-01 5.000000e-01 0.000000e+00
6.962381e-04 1.556838e-04 7.319990e-01 1.025000e+00 5.000000e-01 0.000000e+00
9.633511e-04 1.820570e-04 7.319990e-01 1.075000e+00 5.000000e-01 0.000000e+00
1.038842e-03 1.896667e-04 7.319990e-01 1.125000e+00 5.000000e-01 0.000000e+00
1.526362e-03 2.301089e-04 7.319990e-01 1.175000e+00 5.000000e-01 0.000000e+00
8.615234e-04 1.758589e-04 7.319990e-01 1.225000e+00 5.000000e-01 0.000000e+00
8.307396e-04 1.771154e-04 7.319990e-01 1.275000e+00 5.000000e-01 0.000000e+00
9.871748e-04 2.015074e-04 7.319990e-01 1.325000e+00 5.000000e-01 0.000000e+00
1.014506e-03 2.162943e-04 7.319990e-01 1.375000e+00 5.000000e-01 0.000000e+00
1.043165e-03 2.332603e-04 7.319990e-01 1.425000e+00 5.000000e-01 0.000000e+00
9.185160e-04 2.296306e-04 7.319990e-01 1.475000e+00 5.000000e-01 0.000000e+00
2.066841e-03 3.653706e-04 7.319990e-01 1.525000e+00 5.000000e-01 0.000000e+00
1.865229e-03 3.658048e-04 7.319990e-01 1.575000e+00 5.000000e-01 0.000000e+00
1.012851e-03 2.923872e-04 7.319990e-01 1.625000e+00 5.000000e-01 0.000000e+00
7.962592e-04 2.815210e-04 7.319990e-01 1.675000e+00 5.000000e-01 0.000000e+00
7.713363e-04 3.148984e-04 7.319990e-01 1.725000e+00 5.000000e-01 0.000000e+00
1.742598e-03 5.510616e-04 7.319990e-01 1.775000e+00 5.000000e-01 0.000000e+00
6.019766e-04 4.256617e-04 7.319990e-01 1.825000e+00 5.000000e-01 0.000000e+00
1.786104e-03 1.262966e-03 7.319990e-01 1.875000e+00 5.000000e-01 0.000000e+00
0.000000e+00 0.000000e+00 7.319990e-01 1.925000e+00 5.000000e-01 0.000000e+00
nan nan 7.319990e-01 1.975000e+00 5.000000e-01 0.000000e+00
nan nan 7.319990e-01 2.025000e+00 5.000000e-01 0.000000e+00
nan nan 7.319990e-01 2.075000e+00 5.000000e-01 0.000000e+00
nan nan 7.319990e-01 2.125000e+00 5.000000e-01 0.000000e+00
nan nan 7.319990e-01 2.175000e+00 5.000000e-01 0.000000e+00
nan nan 7.319990e-01 2.225000e+00 5.000000e-01 0.000000e+00
nan nan 7.319990e-01 2.275000e+00 5.000000e-01 0.000000e+00
nan nan 7.319990e-01 2.325000e+00 5.000000e-01 0.000000e+00
nan nan 7.319990e-01 2.375000e+00 5.000000e-01 0.000000e+00
nan nan 7.319990e-01 2.425000e+00 5.000000e-01 0.000000e+00
nan nan 7.319990e-01 2.475000e+00 5.000000e-01 0.000000e+00
nan nan 7.319990e-01 2.525000e+00 5.000000e-01 0.000000e+00
nan nan 7.319990e-01 2.575000e+00 5.000000e-01 0.000000e+00
nan nan 7.319990e-01 2.625000e+00 5.000000e-01 0.000000e+00
nan nan 7.319990e-01 2.675000e+00 5.000000e-01 0.000000e+00
nan nan 7.319990e-01 2.725000e+00 5.000000e-01 0.000000e+00
nan nan 7.319990e-01 2.775000e+00 5.000000e-01 0.000000e+00
nan nan 7.319990e-01 2.825000e+00 5.000000e-01 0.000000e+00
nan nan 7.319990e-01 2.875000e+00 5.000000e-01 0.000000e+00
4.960554e-01 4.819490e-03 7.419990e-01 2.500000e-02 5.000000e-01 0.000000e+00
1.250158e-01 2.415796e-03 7.419990e-01 7.500000e-02 5.000000e-01 0.000000e+00
9.515675e-03 6.629900e-04 7.419990e-01 1.250000e-01 5.000000e-01 0.000000e+00
2.869840e-03 3.644711e-04 7.419990e-01 1.750000e-01 5.000000e-01 0.000000e+00
1.394607e-03 2.546198e-04 7.419990e-01 2.250000e-01 5.000000e-01 0.000000e+00
1.124595e-03 2.295578e-04 7.419990e-01 2.750000e-01 5.000000e-01 0.000000e+00
1.009629e-03 2.152542e-04 7.419990e-01 3.250000e-01 5.000000e-01 0.000000e+00
1.088293e-03 2.221476e-04 7.419990e-01 3.750000e-01 5.000000e-01 0.000000e+00
8.974563e-04 2.006780e-04 7.419990e-01 4.250000e-01 5.000000e-01 0.000000e+00
6.245017e-04 1.669055e-04 7.419990e-01 4.750000e-01 5.000000e-01 0.000000e+00
1.156707e-03 2.268494e-04 7.419990e-01 5.250000e-01 5.000000e-01 0.000000e+00
1.053521e-03 2.150496e-04 7.419990e-01 5.750000e-01 5.000000e-01 0.000000e+00
1.030721e-03 2.103960e-04 7.419990e-01 6.250000e-01 5.000000e-01 0.000000e+00
9.053371e-04 1.930192e-04 7.419990e-01 6.750000e-01 5.000000e-01 0.000000e+00
7.439263e-04 1.753456e-04 7.419990e-01 7.250000e-01 5.000000e-01 0.000000e+00
6.736270e-04 1.684073e-04 7.419990e-01 7.750000e-01 5.000000e-01 0.000000e+00
1.125417e-03 2.126851e-04 7.419990e-01 8.250000e-01 5.000000e-01 0.000000e+00
9.073415e-04 1.852111e-04 7.419990e-01 8.750000e-01 5.000000e-01 0.000000e+00
8.582328e-04 1.751867e-04 7.419990e-01 9.250000e-01 5.000000e-01 0.000000e+00
1.465193e-03 2.260853e-04 7.419990e-01 9.750000e-01 5.000000e-01 0.000000e+00
1.050695e-03 1.918307e-04 7.419990e-01 1.025000e+00 5.000000e-01 0.000000e+00
1.131754e-03 2.000686e-04 7.419990e-01 1.075000e+00 5.000000e-01 0.000000e+00
1.295799e-03 2.159680e-04 7.419990e-01 1.125000e+00 5.000000e-01 0.000000e+00
8.244454e-04 1.757734e-04 7.419990e-01 1.175000e+00 5.000000e-01 0.000000e+00
1.115089e-03 2.107329e-04 7.419990e-01 1.225000e+00 5.000000e-01 0.000000e+00
1.255652e-03 2.372975e-04 7.419990e-01 1.275000e+00 5.000000e-01 0.000000e+00
1.625614e-03 2.873726e-04 7.419990e-01 1.325000e+00 5.000000e-01 0.000000e+00
7.925294e-04 2.118130e-04 7.419990e-01 1.375000e+00 5.000000e-01 0.000000e+00
1.382874e-03 2.948310e-04 7.419990e-01 1.425000e+00 5.000000e-01 0.000000e+00
1.962179e-03 3.708199e-04 7.419990e-01 1.475000e+00 5.000000e-01 0.000000e+00
9.543425e-04 2.754972e-04 7.419990e-01 1.525000e+00 5.000000e-01 0.000000e+00
1.503992e-03 3.760003e-04 7.419990e-01 1.575000e+00 5.000000e-01 0.000000e+00
7.040882e-04 2.874456e-04 7.419990e-01 1.625000e+00 5.000000e-01 0.000000e+00
1.565300e-03 4.949920e-04 7.419990e-01 1.675000e+00 5.000000e-01 0.000000e+00
0.000000e+00 0.000000e+00 7.419990e-01 1.725000e+00 5.000000e-01 0.000000e+00
0.000000e+00 0.000000e+00 7.419990e-01 1.775000e+00 5.000000e-01 0.000000e+00
4.694466e-03 3.319489e-03 7.419990e-01 1.825000e+00 5.000000e-01 0.000000e+00
nan nan 7.419990e-01 1.875000e+00 5.000000e-01 0.000000e+00
nan nan 7.419990e-01 1.925000e+00 5.000000e-01 0.000000e+00
nan nan 7.419990e-01 1.975000e+00 5.000000e-01 0.000000e+00
nan nan 7.419990e-01 2.025000e+00 5.000000e-01 0.000000e+00
nan nan 7.419990e-01 2.075000e+00 5.000000e-01 0.000000e+00
nan nan 7.419990e-01 2.125000e+00 5.000000e-01 0.000000e+00
nan nan 7.419990e-01 2.175000e+00 5.000000e-01 0.000000e+00
nan nan 7.419990e-01 2.225000e+00 5.000000e-01 0.000000e+00
nan nan 7.419990e-01 2.275000e+00 5.000000e-01 0.000000e+00
nan nan 7.419990e-01 2.325000e+00 5.000000e-01 0.000000e+00
nan nan 7.419990e-01 2.375000e+00 5.000000e-01 0.000000e+00
nan nan 7.419990e-01 2.425000e+00 5.000000e-01 0.000000e+00
nan nan 7.419990e-01 2.475000e+00 5.000000e-01 0.000000e+00
nan nan 7.419990e-01 2.525000e+00 5.000000e-01 0.000000e+00
nan nan 7.419990e-01 2.575000e+00 5.000000e-01 0.000000e+00
nan nan 7.419990e-01 2.625000e+00 5.000000e-01 0.000000e+00
nan nan 7.419990e-01 2.675000e+00 5.000000e-01 0.000000e+00
nan nan 7.419990e-01 2.725000e+00 5.000000e-01 0.000000e+00
nan nan 7.419990e-01 2.775000e+00 5.000000e-01 0.000000e+00
nan nan 7.419990e-01 2.825000e+00 5.000000e-01 0.000000e+00
nan nan 7.419990e-01 2.875000e+00 5.000000e-01 0.000000e+00
4.682230e-01 4.658541e-03 7.519990e-01 2.500000e-02 5.000000e-01 0.000000e+00
1.273340e-01 2.432596e-03 7.519990e-01 7.500000e-02 5.000000e-01 0.000000e+00
1.056743e-02 6.998460e-04 7.519990e-01 1.250000e-01 5.000000e-01 0.000000e+00
1.779799e-03 2.887221e-04 7.519990e-01 1.750000e-01 5.000000e-01 0.000000e+00
1.199212e-03 2.351852e-04 7.519990e-01 2.250000e-01 5.000000e-01 0.000000e+00
1.750874e-03 2.840302e-04 7.519990e-01 2.750000e-01 5.000000e-01 0.000000e+00
1.182441e-03 2.318961e-04 7.519990e-01 3.250000e-01 5.000000e-01 0.000000e+00
1.274626e-03 2.408823e-04 7.519990e-01 3.750000e-01 5.000000e-01 0.000000e+00
8.139857e-04 1.918588e-04 7.519990e-01 4.250000e-01 5.000000e-01 0.000000e+00
1.251474e-03 2.365070e-04 7.519990e-01 4.750000e-01 5.000000e-01 0.000000e+00
1.424392e-03 2.518001e-04 7.519990e-01 5.250000e-01 5.000000e-01 0.000000e+00
7.910403e-04 1.864507e-04 7.519990e-01 5.750000e-01 5.000000e-01 0.000000e+00
9.283206e-04 1.979191e-04 7.519990e-01 6.250000e-01 5.000000e-01 0.000000e+00
1.468977e-03 2.448302e-04 7.519990e-01 6.750000e-01 5.000000e-01 0.000000e+00
1.078384e-03 2.114889e-04 7.519990e-01 7.250000e-01 5.000000e-01 0.000000e+00
1.178111e-03 2.150932e-04 7.519990e-01 7.750000e-01 5.000000e-01 0.000000e+00
1.487114e-03 2.351342e-04 7.519990e-01 8.250000e-01 5.000000e-01 0.000000e+00
8.703730e-04 1.776649e-04 7.519990e-01 8.750000e-01 5.000000e-01 0.000000e+00
1.114575e-03 1.970316e-04 7.519990e-01 9.250000e-01 5.000000e-01 0.000000e+00
5.675304e-04 1.418831e-04 7.519990e-01 9.750000e-01 5.000000e-01 0.000000e+00
8.032910e-04 1.712630e-04 7.519990e-01 1.025000e+00 5.000000e-01 0.000000e+00
9.157401e-04 1.869258e-04 7.519990e-01 1.075000e+00 5.000000e-01 0.000000e+00
1.273638e-03 2.251504e-04 7.519990e-01 1.125000e+00 5.000000e-01 0.000000e+00
6.914302e-04 1.728582e-04 7.519990e-01 1.175000e+00 5.000000e-01 0.000000e+00
8.885707e-04 2.094390e-04 7.519990e-01 1.225000e+00 5.000000e-01 0.000000e+00
8.851594e-04 2.212912e-04 7.519990e-01 1.275000e+00 5.000000e-01 0.000000e+00
1.104844e-03 2.604151e-04 7.519990e-01 1.325000e+00 5.000000e-01 0.000000e+00
8.335697e-04 2.406336e-04 7.519990e-01 1.375000e+00 5.000000e-01 0.000000e+00
7.723917e-04 2.442533e-04 7.519990e-01 1.425000e+00 5.000000e-01 0.000000e+00
7.280354e-04 2.574012e-04 7.519990e-01 1.475000e+00 5.000000e-01 0.000000e+00
1.299141e-03 3.750313e-04 7.519990e-01 1.525000e+00 5.000000e-01 0.000000e+00
8.335714e-04 3.403076e-04 7.519990e-01 1.575000e+00 5.000000e-01 0.000000e+00
1.190354e-03 4.859671e-04 7.519990e-01 1.625000e+00 5.000000e-01 0.000000e+00
2.201492e-03 8.987555e-04 7.519990e-01 1.675000e+00 5.000000e-01 0.000000e+00
2.320661e-03 1.640955e-03 7.519990e-01 1.725000e+00 5.000000e-01 0.000000e+00
0.000000e+00 0.000000e+00 7.519990e-01 1.775000e+00 5.000000e-01 0.000000e+00
nan nan 7.519990e-01 1.825000e+00 5.000000e-01 0.000000e+00
nan nan 7.519990e-01 1.875000e+00 5.000000e-01 0.000000e+00
nan nan 7.519990e-01 1.925000e+00 5.000000e-01 0.000000e+00
nan nan 7.519990e-01 1.975000e+00 5.000000e-01 0.000000e+00
nan nan 7.519990e-01 2.025000e+00 5.000000e-01 0.000000e+00
nan nan 7.519990e-01 2.075000e+00 5.000000e-01 0.000000e+00
nan nan 7.519990e-01 2.125000e+00 5.000000e-01 0.000000e+00
nan nan 7.519990e-01 2.175000e+00 5.000000e-01 0.000000e+00
nan nan 7.519990e-01 2.225000e+00 5.000000e-01 0.000000e+00
nan nan 7.519990e-01 2.275000e+00 5.000000e-01 0.000000e+00
nan nan 7.519990e-01 2.325000e+00 5.000000e-01 0.000000e+00
nan nan 7.519990e-01 2.375000e+00 5.000000e-01 0.000000e+00
nan nan 7.519990e-01 2.425000e+00 5.000000e-01 0.000000e+00
nan nan 7.519990e-01 2.475000e+00 5.000000e-01 0.000000e+00
nan nan 7.519990e-01 2.525000e+00 5.000000e-01 0.000000e+00
nan nan 7.519990e-01 2.575000e+00 5.000000e-01 0.000000e+00
nan nan 7.519990e-01 2.625000e+00 5.000000e-01 0.000000e+00
nan nan 7.519990e-01 2.675000e+00 5.000000e-01 0.000000e+00
nan nan 7.519990e-01 2.725000e+00 5.000000e-01 0.000000e+00
nan nan 7.519990e-01 2.775000e+00 5.000000e-01 0.000000e+00
nan nan 7.519990e-01 2.825000e+00 5.000000e-01 0.000000e+00
nan nan 7.519990e-01 2.875000e+00 5.000000e-01 0.000000e+00
4.776941e-01 4.744327e-03 7.619990e-01 2.500000e-02 5.000000e-01 0.000000e+00
1.223961e-01 2.403164e-03 7.619990e-01 7.500000e-02 5.000000e-01 0.000000e+00
7.746501e-03 6.012459e-04 7.619990e-01 1.250000e-01 5.000000e-01 0.000000e+00
2.860059e-03 3.632288e-04 7.619990e-01 1.750000e-01 5.000000e-01 0.000000e+00
2.222394e-03 3.207758e-04 7.619990e-01 2.250000e-01 5.000000e-01 0.000000e+00
2.219780e-03 3.203985e-04 7.619990e-01 2.750000e-01 5.000000e-01 0.000000e+00
1.187622e-03 2.329122e-04 7.619990e-01 3.250000e-01 5.000000e-01 0.000000e+00
7.212948e-04 1.803241e-04 7.619990e-01 3.750000e-01 5.000000e-01 0.000000e+00
9.847333e-04 2.099464e-04 7.619990e-01 4.250000e-01 5.000000e-01 0.000000e+00
7.151866e-04 1.787968e-04 7.619990e-01 4.750000e-01 5.000000e-01 0.000000e+00
1.148696e-03 2.252786e-04 7.619990e-01 5.250000e-01 5.000000e-01 0.000000e+00
1.122639e-03 2.201684e-04 7.619990e-01 5.750000e-01 5.000000e-01 0.000000e+00
9.679277e-04 1.975778e-04 7.619990e-01 6.250000e-01 5.000000e-01 0.000000e+00
1.222459e-03 2.231901e-04 7.619990e-01 6.750000e-01 5.000000e-01 0.000000e+00
1.000834e-03 1.962807e-04 7.619990e-01 7.250000e-01 5.000000e-01 0.000000e+00
7.445713e-04 1.664919e-04 7.619990e-01 7.750000e-01 5.000000e-01 0.000000e+00
1.099485e-03 2.007383e-04 7.619990e-01 8.250000e-01 5.000000e-01 0.000000e+00
9.110122e-04 1.786648e-04 7.619990e-01 8.750000e-01 5.000000e-01 0.000000e+00
1.096518e-03 2.001966e-04 7.619990e-01 9.250000e-01 5.000000e-01 0.000000e+00
7.633771e-04 1.706966e-04 7.619990e-01 9.750000e-01 5.000000e-01 0.000000e+00
1.355156e-03 2.324084e-04 7.619990e-01 1.025000e+00 5.000000e-01 0.000000e+00
1.517945e-03 2.529918e-04 7.619990e-01 1.075000e+00 5.000000e-01 0.000000e+00
1.345457e-03 2.542694e-04 7.619990e-01 1.125000e+00 5.000000e-01 0.000000e+00
1.098227e-03 2.455722e-04 7.619990e-01 1.175000e+00 5.000000e-01 0.000000e+00
6.026880e-04 1.905874e-04 7.619990e-01 1.225000e+00 5.000000e-01 0.000000e+00
8.062645e-04 2.327491e-04 7.619990e-01 1.275000e+00 5.000000e-01 0.000000e+00
7.638312e-04 2.415460e-04 7.619990e-01 1.325000e+00 5.000000e-01 0.000000e+00
1.559585e-03 3.675982e-04 7.619990e-01 1.375000e+00 5.000000e-01 0.000000e+00
8.415904e-04 2.975488e-04 7.619990e-01 1.425000e+00 5.000000e-01 0.000000e+00
7.609066e-04 3.106395e-04 7.619990e-01 1.475000e+00 5.000000e-01 0.000000e+00
1.418165e-03 5.014001e-04 7.619990e-01 1.525000e+00 5.000000e-01 0.000000e+00
5.535780e-04 3.914387e-04 7.619990e-01 1.575000e+00 5.000000e-01 0.000000e+00
4.138602e-03 1.689600e-03 7.619990e-01 1.625000e+00 5.000000e-01 0.000000e+00
0.000000e+00 0.000000e+00 7.619990e-01 1.675000e+00 5.000000e-01 0.000000e+00
nan nan 7.619990e-01 1.725000e+00 5.000000e-01 0.000000e+00
nan nan 7.619990e-01 1.775000e+00 5.000000e-01 0.000000e+00
nan nan 7.619990e-01 1.825000e+00 5.000000e-01 0.000000e+00
nan nan 7.619990e-01 1.875000e+00 5.000000e-01 0.000000e+00
nan nan 7.619990e-01 1.925000e+00 5.000000e-01 0.000000e+00
nan nan 7.619990e-01 1.975000e+00 5.000000e-01 0.000000e+00
nan nan 7.619990e-01 2.025000e+00 5.000000e-01 0.000000e+00
nan nan 7.619990e-01 2.075000e+00 5.000000e-01 0.000000e+00
nan nan 7.619990e-01 2.125000e+00 5.000000e-01 0.000000e+00
nan nan 7.619990e-01 2.175000e+00 5.000000e-01 0.000000e+00
nan nan 7.619990e-01 2.225000e+00 5.000000e-01 0.000000e+00
nan nan 7.619990e-01 2.275000e+00 5.000000e-01 0.000000e+00
nan nan 7.619990e-01 2.325000e+00 5.000000e-01 0.000000e+00
nan nan 7.619990e-01 2.375000e+00 5.000000e-01 0.000000e+00
nan nan 7.619990e-01 2.425000e+00 5.000000e-01 0.000000e+00
nan nan 7.619990e-01 2.475000e+00 5.000000e-01 0.000000e+00
nan nan 7.619990e-01 2.525000e+00 5.000000e-01 0.000000e+00
nan nan 7.619990e-01 2.575000e+00 5.000000e-01 0.000000e+00
nan nan 7.619990e-01 2.625000e+00 5.000000e-01 0.000000e+00
nan nan 7.619990e-01 2.675000e+00 5.000000e-01 0.000000e+00
nan nan 7.619990e-01 2.725000e+00 5.000000e-01 0.000000e+00
nan nan 7.619990e-01 2.775000e+00 5.000000e-01 0.000000e+00
nan nan 7.619990e-01 2.825000e+00 5.000000e-01 0.000000e+00
nan nan 7.619990e-01 2.875000e+00 5.000000e-01 0.000000e+00
4.628992e-01 4.622995e-03 7.719989e-01 2.500000e-02 5.000000e-01 0.000000e+00
1.225822e-01 2.381251e-03 7.719989e-01 7.500000e-02 5.000000e-01 0.000000e+00
9.264120e-03 6.550730e-04 7.719989e-01 1.250000e-01 5.000000e-01 0.000000e+00
1.597213e-03 2.739205e-04 7.719989e-01 1.750000e-01 5.000000e-01 0.000000e+00
1.784363e-03 2.894628e-04 7.719989e-01 2.250000e-01 5.000000e-01 0.000000e+00
1.019223e-03 2.172998e-04 7.719989e-01 2.750000e-01 5.000000e-01 0.000000e+00
9.157507e-04 2.047686e-04 7.719989e-01 3.250000e-01 5.000000e-01 0.000000e+00
1.371433e-03 2.503890e-04 7.719989e-01 3.750000e-01 5.000000e-01 0.000000e+00
1.706930e-03 2.769011e-04 7.719989e-01 4.250000e-01 5.000000e-01 0.000000e+00
8.821984e-04 1.972663e-04 7.719989e-01 4.750000e-01 5.000000e-01 0.000000e+00
9.493903e-04 2.024114e-04 7.719989e-01 5.250000e-01 5.000000e-01 0.000000e+00
9.487804e-04 1.936698e-04 7.719989e-01 5.750000e-01 5.000000e-01 0.000000e+00
9.369936e-04 1.912637e-04 7.719989e-01 6.250000e-01 5.000000e-01 0.000000e+00
7.716280e-04 1.725416e-04 7.719989e-01 6.750000e-01 5.000000e-01 0.000000e+00
1.127185e-03 2.057953e-04 7.719989e-01 7.250000e-01 5.000000e-01 0.000000e+00
1.255919e-03 2.153893e-04 7.719989e-01 7.750000e-01 5.000000e-01 0.000000e+00
1.230397e-03 2.110119e-04 7.719989e-01 8.250000e-01 5.000000e-01 0.000000e+00
1.377638e-03 2.296071e-04 7.719989e-01 8.750000e-01 5.000000e-01 0.000000e+00
8.909951e-04 1.899615e-04 7.719989e-01 9.250000e-01 5.000000e-01 0.000000e+00
9.335805e-04 1.990406e-04 7.719989e-01 9.750000e-01 5.000000e-01 0.000000e+00
3.647406e-04 1.289563e-04 7.719989e-01 1.025000e+00 5.000000e-01 0.000000e+00
1.818299e-03 3.118371e-04 7.719989e-01 1.075000e+00 5.000000e-01 0.000000e+00
9.729116e-04 2.432286e-04 7.719989e-01 1.125000e+00 5.000000e-01 0.000000e+00
1.051342e-03 2.628372e-04 7.719989e-01 1.175000e+00 5.000000e-01 0.000000e+00
7.474000e-04 2.363501e-04 7.719989e-01 1.225000e+00 5.000000e-01 0.000000e+00
3.398803e-04 1.699408e-04 7.719989e-01 1.275000e+00 5.000000e-01 0.000000e+00
1.185802e-03 3.423130e-04 7.719989e-01 1.325000e+00 5.000000e-01 0.000000e+00
4.918250e-04 2.459166e-04 7.719989e-01 1.375000e+00 5.000000e-01 0.000000e+00
1.273296e-03 4.501783e-04 7.719989e-01 1.425000e+00 5.000000e-01 0.000000e+00
1.491247e-03 6.087990e-04 7.719989e-01 1.475000e+00 5.000000e-01 0.000000e+00
8.757436e-04 6.192443e-04 7.719989e-01 1.525000e+00 5.000000e-01 0.000000e+00
4.665062e-03 3.298697e-03 7.719989e-01 1.575000e+00 5.000000e-01 0.000000e+00
nan nan 7.719989e-01 1.625000e+00 5.000000e-01 0.000000e+00
nan nan 7.719989e-01 1.675000e+00 5.000000e-01 0.000000e+00
nan nan 7.719989e-01 1.725000e+00 5.000000e-01 0.000000e+00
nan nan 7.719989e-01 1.775000e+00 5.000000e-01 0.000000e+00
nan nan 7.719989e-01 1.825000e+00 5.000000e-01 0.000000e+00
nan nan 7.719989e-01 1.875000e+00 5.000000e-01 0.000000e+00
nan nan 7.719989e-01 1.925000e+00 5.000000e-01 0.000000e+00
nan nan 7.719989e-01 1.975000e+00 5.000000e-01 0.000000e+00
nan nan 7.719989e-01 2.025000e+00 5.000000e-01 0.000000e+00
nan nan 7.719989e-01 2.075000e+00 5.000000e-01 0.000000e+00
nan nan 7.719989e-01 2.125000e+00 5.000000e-01 0.000000e+00
nan nan 7.719989e-01 2.175000e+00 5.000000e-01 0.000000e+00
nan nan 7.719989e-01 2.225000e+00 5.000000e-01 0.000000e+00
nan nan 7.719989e-01 2.275000e+00 5.000000e-01 0.000000e+00
nan nan 7.719989e-01 2.325000e+00 5.000000e-01 0.000000e+00
nan nan 7.719989e-01 2.375000e+00 5.000000e-01 0.000000e+00
nan nan 7.719989e-01 2.425000e+00 5.000000e-01 0.000000e+00
nan nan 7.719989e-01 2.475000e+00 5.000000e-01 0.000000e+00
nan nan 7.719989e-01 2.525000e+00 5.000000e-01 0.000000e+00
nan nan 7.719989e-01 2.575000e+00 5.000000e-01 0.000000e+00
nan nan 7.719989e-01 2.625000e+00 5.000000e-01 0.000000e+00
nan nan 7.719989e-01 2.675000e+00 5.000000e-01 0.000000e+00
nan nan 7.719989e-01 2.725000e+00 5.000000e-01 0.000000e+00
nan nan 7.719989e-01 2.775000e+00 5.000000e-01 0.000000e+00
nan nan 7.719989e-01 2.825000e+00 5.000000e-01 0.000000e+00
nan nan 7.719989e-01 2.875000e+00 5.000000e-01 0.000000e+00
4.630915e-01 4.680330e-03 7.819989e-01 2.500000e-02 5.000000e-01 0.000000e+00
1.374620e-01 2.530027e-03 7.819989e-01 7.500000e-02 5.000000e-01 0.000000e+00
1.024636e-02 6.908110e-04 7.819989e-01 1.250000e-01 5.000000e-01 0.000000e+00
2.787996e-03 3.599297e-04 7.819989e-01 1.750000e-01 5.000000e-01 0.000000e+00
1.389453e-03 2.536790e-04 7.819989e-01 2.250000e-01 5.000000e-01 0.000000e+00
9.231385e-04 2.064205e-04 7.819989e-01 2.750000e-01 5.000000e-01 0.000000e+00
1.272669e-03 2.405122e-04 7.819989e-01 3.250000e-01 5.000000e-01 0.000000e+00
1.263076e-03 2.386994e-04 7.819989e-01 3.750000e-01 5.000000e-01 0.000000e+00
1.068699e-03 2.181479e-04 7.819989e-01 4.250000e-01 5.000000e-01 0.000000e+00
1.196540e-03 2.261253e-04 7.819989e-01 4.750000e-01 5.000000e-01 0.000000e+00
7.989649e-04 1.786547e-04 7.819989e-01 5.250000e-01 5.000000e-01 0.000000e+00
1.050149e-03 1.984600e-04 7.819989e-01 5.750000e-01 5.000000e-01 0.000000e+00
1.166268e-03 2.129309e-04 7.819989e-01 6.250000e-01 5.000000e-01 0.000000e+00
1.066998e-03 2.016446e-04 7.819989e-01 6.750000e-01 5.000000e-01 0.000000e+00
1.644499e-03 2.479186e-04 7.819989e-01 7.250000e-01 5.000000e-01 0.000000e+00
1.493257e-03 2.361055e-04 7.819989e-01 7.750000e-01 5.000000e-01 0.000000e+00
8.830666e-04 1.882711e-04 7.819989e-01 8.250000e-01 5.000000e-01 0.000000e+00
1.387562e-03 2.452897e-04 7.819989e-01 8.750000e-01 5.000000e-01 0.000000e+00
7.353325e-04 1.838341e-04 7.819989e-01 9.250000e-01 5.000000e-01 0.000000e+00
8.077787e-04 2.019455e-04 7.819989e-01 9.750000e-01 5.000000e-01 0.000000e+00
1.072526e-03 2.527977e-04 7.819989e-01 1.025000e+00 5.000000e-01 0.000000e+00
9.287732e-04 2.482269e-04 7.819989e-01 1.075000e+00 5.000000e-01 0.000000e+00
1.155574e-03 2.888947e-04 7.819989e-01 1.125000e+00 5.000000e-01 0.000000e+00
8.498256e-04 2.687407e-04 7.819989e-01 1.175000e+00 5.000000e-01 0.000000e+00
1.163015e-03 3.357338e-04 7.819989e-01 1.225000e+00 5.000000e-01 0.000000e+00
7.000851e-04 2.858088e-04 7.819989e-01 1.275000e+00 5.000000e-01 0.000000e+00
2.965811e-04 2.097145e-04 7.819989e-01 1.325000e+00 5.000000e-01 0.000000e+00
1.256108e-03 5.128065e-04 7.819989e-01 1.375000e+00 5.000000e-01 0.000000e+00
8.084157e-04 5.716362e-04 7.819989e-01 1.425000e+00 5.000000e-01 0.000000e+00
2.159595e-03 1.527064e-03 7.819989e-01 1.475000e+00 5.000000e-01 0.000000e+00
nan nan 7.819989e-01 1.525000e+00 5.000000e-01 0.000000e+00
nan nan 7.819989e-01 1.575000e+00 5.000000e-01 0.000000e+00
nan nan 7.819989e-01 1.625000e+00 5.000000e-01 0.000000e+00
nan nan 7.819989e-01 1.675000e+00 5.000000e-01 0.000000e+00
nan nan 7.819989e-01 1.725000e+00 5.000000e-01 0.000000e+00
nan nan 7.819989e-01 1.775000e+00 5.000000e-01 0.000000e+00
nan nan 7.819989e-01 1.825000e+00 5.000000e-01 0.000000e+00
nan nan 7.819989e-01 1.875000e+00 5.000000e-01 0.000000e+00
nan nan 7.819989e-01 1.925000e+00 5.000000e-01 0.000000e+00
nan nan 7.819989e-01 1.975000e+00 5.000000e-01 0.000000e+00
nan nan 7.819989e-01 2.025000e+00 5.000000e-01 0.000000e+00
nan nan 7.819989e-01 2.075000e+00 5.000000e-01 0.000000e+00
nan nan 7.819989e-01 2.125000e+00 5.000000e-01 0.000000e+00
nan nan 7.819989e-01 2.175000e+00 5.000000e-01 0.000000e+00
nan nan 7.819989e-01 2.225000e+00 5.000000e-01 0.000000e+00
nan nan 7.819989e-01 2.275000e+00 5.000000e-01 0.000000e+00
nan nan 7.819989e-01 2.325000e+00 5.000000e-01 0.000000e+00
nan nan 7.819989e-01 2.375000e+00 5.000000e-01 0.000000e+00
nan nan 7.819989e-01 2.425000e+00 5.000000e-01 0.000000e+00
nan nan 7.819989e-01 2.475000e+00 5.000000e-01 0.000000e+00
nan nan 7.819989e-01 2.525000e+00 5.000000e-01 0.000000e+00
nan nan 7.819989e-01 2.575000e+00 5.000000e-01 0.000000e+00
nan nan 7.819989e-01 2.625000e+00 5.000000e-01 0.000000e+00
nan nan 7.819989e-01 2.675000e+00 5.000000e-01 0.000000e+00
nan nan 7.819989e-01 2.725000e+00 5.000000e-01 0.000000e+00
nan nan 7.819989e-01 2.775000e+00 5.000000e-01 0.000000e+00
nan nan 7.819989e-01 2.825000e+00 5.000000e-01 0.000000e+00
nan nan 7.819989e-01 2.875000e+00 5.000000e-01 0.000000e+00
4.530735e-01 4.727741e-03 7.919989e-01 2.500000e-02 5.000000e-01 0.000000e+00
1.345725e-01 2.485278e-03 7.919989e-01 7.500000e-02 5.000000e-01 0.000000e+00
9.613371e-03 6.665683e-04 7.919989e-01 1.250000e-01 5.000000e-01 0.000000e+00
1.777985e-03 2.884277e-04 7.919989e-01 1.750000e-01 5.000000e-01 0.000000e+00
2.325740e-03 3.289100e-04 7.919989e-01 2.250000e-01 5.000000e-01 0.000000e+00
1.375715e-03 2.511705e-04 7.919989e-01 2.750000e-01 5.000000e-01 0.000000e+00
1.085160e-03 2.215078e-04 7.919989e-01 3.250000e-01 5.000000e-01 0.000000e+00
1.135183e-03 2.226285e-04 7.919989e-01 3.750000e-01 5.000000e-01 0.000000e+00
9.074653e-04 1.934728e-04 7.919989e-01 4.250000e-01 5.000000e-01 0.000000e+00
1.191326e-03 2.175062e-04 7.919989e-01 4.750000e-01 5.000000e-01 0.000000e+00
9.070509e-04 1.851515e-04 7.919989e-01 5.250000e-01 5.000000e-01 0.000000e+00
1.088142e-03 2.056400e-04 7.919989e-01 5.750000e-01 5.000000e-01 0.000000e+00
8.585507e-04 1.830442e-04 7.919989e-01 6.250000e-01 5.000000e-01 0.000000e+00
9.330360e-04 1.904558e-04 7.919989e-01 6.750000e-01 5.000000e-01 0.000000e+00
1.112483e-03 2.102401e-04 7.919989e-01 7.250000e-01 5.000000e-01 0.000000e+00
1.519740e-03 2.532906e-04 7.919989e-01 7.750000e-01 5.000000e-01 0.000000e+00
1.396129e-03 2.548979e-04 7.919989e-01 8.250000e-01 5.000000e-01 0.000000e+00
1.116970e-03 2.381397e-04 7.919989e-01 8.750000e-01 5.000000e-01 0.000000e+00
1.795560e-03 3.174146e-04 7.919989e-01 9.250000e-01 5.000000e-01 0.000000e+00
8.009152e-04 2.312059e-04 7.919989e-01 9.750000e-01 5.000000e-01 0.000000e+00
1.164479e-03 2.911209e-04 7.919989e-01 1.025000e+00 5.000000e-01 0.000000e+00
1.120559e-03 2.994834e-04 7.919989e-01 1.075000e+00 5.000000e-01 0.000000e+00
9.775976e-04 3.091461e-04 7.919989e-01 1.125000e+00 5.000000e-01 0.000000e+00
1.357586e-03 3.919025e-04 7.919989e-01 1.175000e+00 5.000000e-01 0.000000e+00
1.434518e-03 4.536363e-04 7.919989e-01 1.225000e+00 5.000000e-01 0.000000e+00
1.168477e-03 4.770295e-04 7.919989e-01 1.275000e+00 5.000000e-01 0.000000e+00
1.243641e-03 6.218243e-04 7.919989e-01 1.325000e+00 5.000000e-01 0.000000e+00
1.622300e-03 1.147139e-03 7.919989e-01 1.375000e+00 5.000000e-01 0.000000e+00
0.000000e+00 0.000000e+00 7.919989e-01 1.425000e+00 5.000000e-01 0.000000e+00
nan nan 7.919989e-01 1.475000e+00 5.000000e-01 0.000000e+00
nan nan 7.919989e-01 1.525000e+00 5.000000e-01 0.000000e+00
nan nan 7.919989e-01 1.575000e+00 5.000000e-01 0.000000e+00
nan nan 7.919989e-01 1.625000e+00 5.000000e-01 0.000000e+00
nan nan 7.919989e-01 1.675000e+00 5.000000e-01 0.000000e+00
nan nan 7.919989e-01 1.725000e+00 5.000000e-01 0.000000e+00
nan nan 7.919989e-01 1.775000e+00 5.000000e-01 0.000000e+00
nan nan 7.919989e-01 1.825000e+00 5.000000e-01 0.000000e+00
nan nan 7.919989e-01 1.875000e+00 5.000000e-01 0.000000e+00
nan nan 7.919989e-01 1.925000e+00 5.000000e-01 0.000000e+00
nan nan 7.919989e-01 1.975000e+00 5.000000e-01 0.000000e+00
nan nan 7.919989e-01 2.025000e+00 5.000000e-01 0.000000e+00
nan nan 7.919989e-01 2.075000e+00 5.000000e-01 0.000000e+00
nan nan 7.919989e-01 2.125000e+00 5.000000e-01 0.000000e+00
nan nan 7.919989e-01 2.175000e+00 5.000000e-01 0.000000e+00
nan nan 7.919989e-01 2.225000e+00 5.000000e-01 0.000000e+00
nan nan 7.919989e-01 2.275000e+00 5.000000e-01 0.000000e+00
nan nan 7.919989e-01 2.325000e+00 5.000000e-01 0.000000e+00
nan nan 7.919989e-01 2.375000e+00 5.000000e-01 0.000000e+00
nan nan 7.919989e-01 2.425000e+00 5.000000e-01 0.000000e+00
nan nan 7.919989e-01 2.475000e+00 5.000000e-01 0.000000e+00
nan nan 7.919989e-01 2.525000e+00 5.000000e-01 0.000000e+00
nan nan 7.919989e-01 2.575000e+00 5.000000e-01 0.000000e+00
nan nan 7.919989e-01 2.625000e+00 5.000000e-01 0.000000e+00
nan nan 7.919989e-01 2.675000e+00 5.000000e-01 0.000000e+00
nan nan 7.919989e-01 2.725000e+00 5.000000e-01 0.000000e+00
nan nan 7.919989e-01 2.775000e+00 5.000000e-01 0.000000e+00
nan nan 7.919989e-01 2.825000e+00 5.000000e-01 0.000000e+00
nan nan 7.919989e-01 2.875000e+00 5.000000e-01 0.000000e+00
4.584014e-01 4.729065e-03 8.019989e-01 2.500000e-02 5.000000e-01 0.000000e+00
1.313331e-01 2.472273e-03 8.019989e-01 7.500000e-02 5.000000e-01 0.000000e+00
1.034877e-02 6.883910e-04 8.019989e-01 1.250000e-01 5.000000e-01 0.000000e+00
2.489458e-03 3.387731e-04 8.019989e-01 1.750000e-01 5.000000e-01 0.000000e+00
1.941698e-03 2.996111e-04 8.019989e-01 2.250000e-01 5.000000e-01 0.000000e+00
1.247160e-03 2.356918e-04 8.019989e-01 2.750000e-01 5.000000e-01 0.000000e+00
9.382071e-04 2.000268e-04 8.019989e-01 3.250000e-01 5.000000e-01 0.000000e+00
1.058886e-03 2.076651e-04 8.019989e-01 3.750000e-01 5.000000e-01 0.000000e+00
1.344107e-03 2.305133e-04 8.019989e-01 4.250000e-01 5.000000e-01 0.000000e+00
8.598853e-04 1.833286e-04 8.019989e-01 4.750000e-01 5.000000e-01 0.000000e+00
6.780285e-04 1.598132e-04 8.019989e-01 5.250000e-01 5.000000e-01 0.000000e+00
8.746986e-04 1.864866e-04 8.019989e-01 5.750000e-01 5.000000e-01 0.000000e+00
5.734921e-04 1.532731e-04 8.019989e-01 6.250000e-01 5.000000e-01 0.000000e+00
8.565049e-04 1.915210e-04 8.019989e-01 6.750000e-01 5.000000e-01 0.000000e+00
1.243224e-03 2.349479e-04 8.019989e-01 7.250000e-01 5.000000e-01 0.000000e+00
1.228660e-03 2.508000e-04 8.019989e-01 7.750000e-01 5.000000e-01 0.000000e+00
1.260008e-03 2.686360e-04 8.019989e-01 8.250000e-01 5.000000e-01 0.000000e+00
1.135553e-03 2.676535e-04 8.019989e-01 8.750000e-01 5.000000e-01 0.000000e+00
1.029511e-03 2.751495e-04 8.019989e-01 9.250000e-01 5.000000e-01 0.000000e+00
9.872746e-04 2.850023e-04 8.019989e-01 9.750000e-01 5.000000e-01 0.000000e+00
1.461546e-03 3.653878e-04 8.019989e-01 1.025000e+00 5.000000e-01 0.000000e+00
4.547235e-04 2.273624e-04 8.019989e-01 1.075000e+00 5.000000e-01 0.000000e+00
1.346712e-03 4.258692e-04 8.019989e-01 1.125000e+00 5.000000e-01 0.000000e+00
3.673862e-04 2.597813e-04 8.019989e-01 1.175000e+00 5.000000e-01 0.000000e+00
5.718010e-04 4.043244e-04 8.019989e-01 1.225000e+00 5.000000e-01 0.000000e+00
1.156238e-03 8.175838e-04 8.019989e-01 1.275000e+00 5.000000e-01 0.000000e+00
0.000000e+00 0.000000e+00 8.019989e-01 1.325000e+00 5.000000e-01 0.000000e+00
nan nan 8.019989e-01 1.375000e+00 5.000000e-01 0.000000e+00
nan nan 8.019989e-01 1.425000e+00 5.000000e-01 0.000000e+00
nan nan 8.019989e-01 1.475000e+00 5.000000e-01 0.000000e+00
nan nan 8.019989e-01 1.525000e+00 5.000000e-01 0.000000e+00
nan nan 8.019989e-01 1.575000e+00 5.000000e-01 0.000000e+00
nan nan 8.019989e-01 1.625000e+00 5.000000e-01 0.000000e+00
nan nan 8.019989e-01 1.675000e+00 5.000000e-01 0.000000e+00
nan nan 8.019989e-01 1.725000e+00 5.000000e-01 0.000000e+00
nan nan 8.019989e-01 1.775000e+00 5.000000e-01 0.000000e+00
nan nan 8.019989e-01 1.825000e+00 5.000000e-01 0.000000e+00
nan nan 8.019989e-01 1.875000e+00 5.000000e-01 0.000000e+00
nan nan 8.019989e-01 1.925000e+00 5.000000e-01 0.000000e+00
nan nan 8.019989e-01 1.975000e+00 5.000000e-01 0.000000e+00
nan nan 8.019989e-01 2.025000e+00 5.000000e-01 0.000000e+00
nan nan 8.019989e-01 2.075000e+00 5.000000e-01 0.000000e+00
nan nan 8.019989e-01 2.125000e+00 5.000000e-01 0.000000e+00
nan nan 8.019989e-01 2.175000e+00 5.000000e-01 0.000000e+00
nan nan 8.019989e-01 2.225000e+00 5.000000e-01 0.000000e+00
nan nan 8.019989e-01 2.275000e+00 5.000000e-01 0.000000e+00
nan nan 8.019989e-01 2.325000e+00 5.000000e-01 0.000000e+00
nan nan 8.019989e-01 2.375000e+00 5.000000e-01 0.000000e+00
nan nan 8.019989e-01 2.425000e+00 5.000000e-01 0.000000e+00
nan nan 8.019989e-01 2.475000e+00 5.000000e-01 0.000000e+00
nan nan 8.019989e-01 2.525000e+00 5.000000e-01 0.000000e+00
nan nan 8.019989e-01 2.575000e+00 5.000000e-01 0.000000e+00
nan nan 8.019989e-01 2.625000e+00 5.000000e-01 0.000000e+00
nan nan 8.019989e-01 2.675000e+00 5.000000e-01 0.000000e+00
nan nan 8.019989e-01 2.725000e+00 5.000000e-01 0.000000e+00
nan nan 8.019989e-01 2.775000e+00 5.000000e-01 0.000000e+00
nan nan 8.019989e-01 2.825000e+00 5.000000e-01 0.000000e+00
nan nan 8.019989e-01 2.875000e+00 5.000000e-01 0.000000e+00
4.544456e-01 4.647869e-03 8.119989e-01 2.500000e-02 5.000000e-01 0.000000e+00
1.377187e-01 2.560913e-03 8.119989e-01 7.500000e-02 5.000000e-01 0.000000e+00
1.132758e-02 7.251755e-04 8.119989e-01 1.250000e-01 5.000000e-01 0.000000e+00
2.720220e-03 3.511798e-04 8.119989e-01 1.750000e-01 5.000000e-01 0.000000e+00
1.553435e-03 2.589065e-04 8.119989e-01 2.250000e-01 5.000000e-01 0.000000e+00
1.234245e-03 2.253421e-04 8.119989e-01 2.750000e-01 5.000000e-01 0.000000e+00
9.658548e-04 1.971547e-04 8.119989e-01 3.250000e-01 5.000000e-01 0.000000e+00
1.278200e-03 2.259567e-04 8.119989e-01 3.750000e-01 5.000000e-01 0.000000e+00
8.738588e-04 1.863079e-04 8.119989e-01 4.250000e-01 5.000000e-01 0.000000e+00
8.633127e-04 1.840592e-04 8.119989e-01 4.750000e-01 5.000000e-01 0.000000e+00
1.141746e-03 2.157703e-04 8.119989e-01 5.250000e-01 5.000000e-01 0.000000e+00
8.799879e-04 1.967719e-04 8.119989e-01 5.750000e-01 5.000000e-01 0.000000e+00
1.113813e-03 2.273569e-04 8.119989e-01 6.250000e-01 5.000000e-01 0.000000e+00
2.026062e-03 3.126293e-04 8.119989e-01 6.750000e-01 5.000000e-01 0.000000e+00
6.793906e-04 1.961238e-04 8.119989e-01 7.250000e-01 5.000000e-01 0.000000e+00
6.547174e-04 2.070400e-04 8.119989e-01 7.750000e-01 5.000000e-01 0.000000e+00
9.831063e-04 2.627471e-04 8.119989e-01 8.250000e-01 5.000000e-01 0.000000e+00
9.684432e-04 2.795670e-04 8.119989e-01 8.750000e-01 5.000000e-01 0.000000e+00
9.494749e-04 3.002506e-04 8.119989e-01 9.250000e-01 5.000000e-01 0.000000e+00
2.084354e-03 4.660769e-04 8.119989e-01 9.750000e-01 5.000000e-01 0.000000e+00
8.165618e-04 3.333607e-04 8.119989e-01 1.025000e+00 5.000000e-01 0.000000e+00
6.923254e-04 3.461632e-04 8.119989e-01 1.075000e+00 5.000000e-01 0.000000e+00
1.497423e-03 6.113208e-04 8.119989e-01 1.125000e+00 5.000000e-01 0.000000e+00
0.000000e+00 0.000000e+00 8.119989e-01 1.175000e+00 5.000000e-01 0.000000e+00
0.000000e+00 0.000000e+00 8.119989e-01 1.225000e+00 5.000000e-01 0.000000e+00
0.000000e+00 0.000000e+00 8.119989e-01 1.275000e+00 5.000000e-01 0.000000e+00
nan nan 8.119989e-01 1.325000e+00 5.000000e-01 0.000000e+00
nan nan 8.119989e-01 1.375000e+00 5.000000e-01 0.000000e+00
nan nan 8.119989e-01 1.425000e+00 5.000000e-01 0.000000e+00
nan nan 8.119989e-01 1.475000e+00 5.000000e-01 0.000000e+00
nan nan 8.119989e-01 1.525000e+00 5.000000e-01 0.000000e+00
nan nan 8.119989e-01 1.575000e+00 5.000000e-01 0.000000e+00
nan nan 8.119989e-01 1.625000e+00 5.000000e-01 0.000000e+00
nan nan 8.119989e-01 1.675000e+00 5.000000e-01 0.000000e+00
nan nan 8.119989e-01 1.725000e+00 5.000000e-01 0.000000e+00
nan nan 8.119989e-01 1.775000e+00 5.000000e-01 0.000000e+00
nan nan 8.119989e-01 1.825000e+00 5.000000e-01 0.000000e+00
nan nan 8.119989e-01 1.875000e+00 5.000000e-01 0.000000e+00
nan nan 8.119989e-01 1.925000e+00 5.000000e-01 0.000000e+00
nan nan 8.119989e-01 1.975000e+00 5.000000e-01 0.000000e+00
nan nan 8.119989e-01 2.025000e+00 5.000000e-01 0.000000e+00
nan nan 8.119989e-01 2.075000e+00 5.000000e-01 0.000000e+00
nan nan 8.119989e-01 2.125000e+00 5.000000e-01 0.000000e+00
nan nan 8.119989e-01 2.175000e+00 5.000000e-01 0.000000e+00
nan nan 8.119989e-01 2.225000e+00 5.000000e-01 0.000000e+00
nan nan 8.119989e-01 2.275000e+00 5.000000e-01 0.000000e+00
nan nan 8.119989e-01 2.325000e+00 5.000000e-01 0.000000e+00
nan nan 8.119989e-01 2.375000e+00 5.000000e-01 0.000000e+00
nan nan 8.119989e-01 2.425000e+00 5.000000e-01 0.000000e+00
nan nan 8.119989e-01 2.475000e+00 5.000000e-01 0.000000e+00
nan nan 8.119989e-01 2.525000e+00 5.000000e-01 0.000000e+00
nan nan 8.119989e-01 2.575000e+00 5.000000e-01 0.000000e+00
nan nan 8.119989e-01 2.625000e+00 5.000000e-01 0.000000e+00
nan nan 8.119989e-01 2.675000e+00 5.000000e-01 0.000000e+00
nan nan 8.119989e-01 2.725000e+00 5.000000e-01 0.000000e+00
nan nan 8.119989e-01 2.775000e+00 5.000000e-01 0.000000e+00
nan nan 8.119989e-01 2.825000e+00 5.000000e-01 0.000000e+00
nan nan 8.119989e-01 2.875000e+00 5.000000e-01 0.000000e+00
4.612183e-01 4.672867e-03 8.219989e-01 2.500000e-02 5.000000e-01 0.000000e+00
1.433374e-01 2.594586e-03 8.219989e-01 7.500000e-02 5.000000e-01 0.000000e+00
1.422348e-02 7.853613e-04 8.219989e-01 1.250000e-01 5.000000e-01 0.000000e+00
2.697115e-03 3.371403e-04 8.219989e-01 1.750000e-01 5.000000e-01 0.000000e+00
2.204245e-03 2.999604e-04 8.219989e-01 2.250000e-01 5.000000e-01 0.000000e+00
7.195296e-04 1.695950e-04 8.219989e-01 2.750000e-01 5.000000e-01 0.000000e+00
1.291326e-03 2.282771e-04 8.219989e-01 3.250000e-01 5.000000e-01 0.000000e+00
1.301097e-03 2.300042e-04 8.219989e-01 3.750000e-01 5.000000e-01 0.000000e+00
9.142053e-04 1.949097e-04 8.219989e-01 4.250000e-01 5.000000e-01 0.000000e+00
1.103073e-03 2.163310e-04 8.219989e-01 4.750000e-01 5.000000e-01 0.000000e+00
1.041953e-03 2.221455e-04 8.219989e-01 5.250000e-01 5.000000e-01 0.000000e+00
1.627449e-03 2.876959e-04 8.219989e-01 5.750000e-01 5.000000e-01 0.000000e+00
8.809431e-04 2.202365e-04 8.219989e-01 6.250000e-01 5.000000e-01 0.000000e+00
1.122165e-03 2.644978e-04 8.219989e-01 6.750000e-01 5.000000e-01 0.000000e+00
4.413168e-04 1.801679e-04 8.219989e-01 7.250000e-01 5.000000e-01 0.000000e+00
1.281329e-03 3.203335e-04 8.219989e-01 7.750000e-01 5.000000e-01 0.000000e+00
1.077984e-03 3.111889e-04 8.219989e-01 8.250000e-01 5.000000e-01 0.000000e+00
1.332973e-03 3.847967e-04 8.219989e-01 8.750000e-01 5.000000e-01 0.000000e+00
1.758532e-03 4.699884e-04 8.219989e-01 9.250000e-01 5.000000e-01 0.000000e+00
1.034364e-03 4.222777e-04 8.219989e-01 9.750000e-01 5.000000e-01 0.000000e+00
9.911245e-04 4.955628e-04 8.219989e-01 1.025000e+00 5.000000e-01 0.000000e+00
2.281286e-03 9.313358e-04 8.219989e-01 1.075000e+00 5.000000e-01 0.000000e+00
0.000000e+00 0.000000e+00 8.219989e-01 1.125000e+00 5.000000e-01 0.000000e+00
0.000000e+00 0.000000e+00 8.219989e-01 1.175000e+00 5.000000e-01 0.000000e+00
nan nan 8.219989e-01 1.225000e+00 5.000000e-01 0.000000e+00
nan nan 8.219989e-01 1.275000e+00 5.000000e-01 0.000000e+00
nan nan 8.219989e-01 1.325000e+00 5.000000e-01 0.000000e+00
nan nan 8.219989e-01 1.375000e+00 5.000000e-01 0.000000e+00
nan nan 8.219989e-01 1.425000e+00 5.000000e-01 0.000000e+00
nan nan 8.219989e-01 1.475000e+00 5.000000e-01 0.000000e+00
nan nan 8.219989e-01 1.525000e+00 5.000000e-01 0.000000e+00
nan nan 8.219989e-01 1.575000e+00 5.000000e-01 0.000000e+00
nan nan 8.219989e-01 1.625000e+00 5.000000e-01 0.000000e+00
nan nan 8.219989e-01 1.675000e+00 5.000000e-01 0.000000e+00
nan nan 8.219989e-01 1.725000e+00 5.000000e-01 0.000000e+00
nan nan 8.219989e-01 1.775000e+00 5.000000e-01 0.000000e+00
nan nan 8.219989e-01 1.825000e+00 5.000000e-01 0.000000e+00
nan nan 8.219989e-01 1.875000e+00 5.000000e-01 0.000000e+00
nan nan 8.219989e-01 1.925000e+00 5.000000e-01 0.000000e+00
nan nan 8.219989e-01 1.975000e+00 5.000000e-01 0.000000e+00
nan nan 8.219989e-01 2.025000e+00 5.000000e-01 0.000000e+00
nan nan 8.219989e-01 2.075000e+00 5.000000e-01 0.000000e+00
nan nan 8.219989e-01 2.125000e+00 5.000000e-01 0.000000e+00
nan nan 8.219989e-01 2.175000e+00 5.000000e-01 0.000000e+00
nan nan 8.219989e-01 2.225000e+00 5.000000e-01 0.000000e+00
nan nan 8.219989e-01 2.275000e+00 5.000000e-01 0.000000e+00
nan nan 8.219989e-01 2.325000e+00 5.000000e-01 0.000000e+00
nan nan 8.219989e-01 2.375000e+00 5.000000e-01 0.000000e+00
nan nan 8.219989e-01 2.425000e+00 5.000000e-01 0.000000e+00
nan nan 8.219989e-01 2.475000e+00 5.000000e-01 0.000000e+00
nan nan 8.219989e-01 2.525000e+00 5.000000e-01 0.000000e+00
nan nan 8.219989e-01 2.575000e+00 5.000000e-01 0.000000e+00
nan nan 8.219989e-01 2.625000e+00 5.000000e-01 0.000000e+00
nan nan 8.219989e-01 2.675000e+00 5.000000e-01 0.000000e+00
nan nan 8.219989e-01 2.725000e+00 5.000000e-01 0.000000e+00
nan nan 8.219989e-01 2.775000e+00 5.000000e-01 0.000000e+00
nan nan 8.219989e-01 2.825000e+00 5.000000e-01 0.000000e+00
nan nan 8.219989e-01 2.875000e+00 5.000000e-01 0.000000e+00
4.504864e-01 4.496338e-03 8.319989e-01 2.500000e-02 5.000000e-01 0.000000e+00
1.344640e-01 2.418172e-03 8.319989e-01 7.500000e-02 5.000000e-01 0.000000e+00
1.196238e-02 7.000466e-04 8.319989e-01 1.250000e-01 5.000000e-01 0.000000e+00
1.877893e-03 2.768807e-04 8.319989e-01 1.750000e-01 5.000000e-01 0.000000e+00
1.866361e-03 2.751804e-04 8.319989e-01 2.250000e-01 5.000000e-01 0.000000e+00
1.692804e-03 2.612060e-04 8.319989e-01 2.750000e-01 5.000000e-01 0.000000e+00
1.350339e-03 2.387090e-04 8.319989e-01 3.250000e-01 5.000000e-01 0.000000e+00
1.338404e-03 2.443584e-04 8.319989e-01 3.750000e-01 5.000000e-01 0.000000e+00
1.316143e-03 2.487283e-04 8.319989e-01 4.250000e-01 5.000000e-01 0.000000e+00
1.276649e-03 2.503718e-04 8.319989e-01 4.750000e-01 5.000000e-01 0.000000e+00
1.124040e-03 2.513443e-04 8.319989e-01 5.250000e-01 5.000000e-01 0.000000e+00
1.032449e-03 2.581132e-04 8.319989e-01 5.750000e-01 5.000000e-01 0.000000e+00
9.625396e-04 2.572501e-04 8.319989e-01 6.250000e-01 5.000000e-01 0.000000e+00
1.661978e-03 3.716306e-04 8.319989e-01 6.750000e-01 5.000000e-01 0.000000e+00
1.113750e-03 3.215130e-04 8.319989e-01 7.250000e-01 5.000000e-01 0.000000e+00
1.005453e-03 3.179525e-04 8.319989e-01 7.750000e-01 5.000000e-01 0.000000e+00
8.097564e-04 3.305830e-04 8.319989e-01 8.250000e-01 5.000000e-01 0.000000e+00
1.960700e-03 5.660074e-04 8.319989e-01 8.750000e-01 5.000000e-01 0.000000e+00
8.876382e-04 4.438223e-04 8.319989e-01 9.250000e-01 5.000000e-01 0.000000e+00
8.021297e-04 5.671913e-04 8.319989e-01 9.750000e-01 5.000000e-01 0.000000e+00
1.704049e-03 1.204944e-03 8.319989e-01 1.025000e+00 5.000000e-01 0.000000e+00
0.000000e+00 0.000000e+00 8.319989e-01 1.075000e+00 5.000000e-01 0.000000e+00
nan nan 8.319989e-01 1.125000e+00 5.000000e-01 0.000000e+00
nan nan 8.319989e-01 1.175000e+00 5.000000e-01 0.000000e+00
nan nan 8.319989e-01 1.225000e+00 5.000000e-01 0.000000e+00
nan nan 8.319989e-01 1.275000e+00 5.000000e-01 0.000000e+00
nan nan 8.319989e-01 1.325000e+00 5.000000e-01 0.000000e+00
nan nan 8.319989e-01 1.375000e+00 5.000000e-01 0.000000e+00
nan nan 8.319989e-01 1.425000e+00 5.000000e-01 0.000000e+00
nan nan 8.319989e-01 1.475000e+00 5.000000e-01 0.000000e+00
nan nan 8.319989e-01 1.525000e+00 5.000000e-01 0.000000e+00
nan nan 8.319989e-01 1.575000e+00 5.000000e-01 0.000000e+00
nan nan 8.319989e-01 1.625000e+00 5.000000e-01 0.000000e+00
nan nan 8.319989e-01 1.675000e+00 5.000000e-01 0.000000e+00
nan nan 8.319989e-01 1.725000e+00 5.000000e-01 0.000000e+00
nan nan 8.319989e-01 1.775000e+00 5.000000e-01 0.000000e+00
nan nan 8.319989e-01 1.825000e+00 5.000000e-01 0.000000e+00
nan nan 8.319989e-01 1.875000e+00 5.000000e-01 0.000000e+00
nan nan 8.319989e-01 1.925000e+00 5.000000e-01 0.000000e+00
nan nan 8.319989e-01 1.975000e+00 5.000000e-01 0.000000e+00
nan nan 8.319989e-01 2.025000e+00 5.000000e-01 0.000000e+00
nan nan 8.319989e-01 2.075000e+00 5.000000e-01 0.000000e+00
nan nan 8.319989e-01 2.125000e+00 5.000000e-01 0.000000e+00
nan nan 8.319989e-01 2.175000e+00 5.000000e-01 0.000000e+00
nan nan 8.319989e-01 2.225000e+00 5.000000e-01 0.000000e+00
nan nan 8.319989e-01 2.275000e+00 5.000000e-01 0.000000e+00
nan nan 8.319989e-01 2.325000e+00 5.000000e-01 0.000000e+00
nan nan 8.319989e-01 2.375000e+00 5.000000e-01 0.000000e+00
nan nan 8.319989e-01 2.425000e+00 5.000000e-01 0.000000e+00
nan nan 8.319989e-01 2.475000e+00 5.000000e-01 0.000000e+00
nan nan 8.319989e-01 2.525000e+00 5.000000e-01 0.000000e+00
nan nan 8.319989e-01 2.575000e+00 5.000000e-01 0.000000e+00
nan nan 8.319989e-01 2.625000e+00 5.000000e-01 0.000000e+00
nan nan 8.319989e-01 2.675000e+00 5.000000e-01 0.000000e+00
nan nan 8.319989e-01 2.725000e+00 5.000000e-01 0.000000e+00
nan nan 8.319989e-01 2.775000e+00 5.000000e-01 0.000000e+00
nan nan 8.319989e-01 2.825000e+00 5.000000e-01 0.000000e+00
nan nan 8.319989e-01 2.875000e+00 5.000000e-01 0.000000e+00
4.316548e-01 4.276545e-03 8.419989e-01 2.500000e-02 5.000000e-01 0.000000e+00
1.388235e-01 2.421755e-03 8.419989e-01 7.500000e-02 5.000000e-01 0.000000e+00
1.221151e-02 7.097810e-04 8.419989e-01 1.250000e-01 5.000000e-01 0.000000e+00
1.898346e-03 2.798963e-04 8.419989e-01 1.750000e-01 5.000000e-01 0.000000e+00
2.043357e-03 2.949338e-04 8.419989e-01 2.250000e-01 5.000000e-01 0.000000e+00
1.670946e-03 2.710639e-04 8.419989e-01 2.750000e-01 5.000000e-01 0.000000e+00
7.619889e-04 1.904977e-04 8.419989e-01 3.250000e-01 5.000000e-01 0.000000e+00
8.178446e-04 2.044620e-04 8.419989e-01 3.750000e-01 5.000000e-01 0.000000e+00
1.753834e-03 3.100380e-04 8.419989e-01 4.250000e-01 5.000000e-01 0.000000e+00
1.266048e-03 2.830976e-04 8.419989e-01 4.750000e-01 5.000000e-01 0.000000e+00
2.065915e-03 3.904225e-04 8.419989e-01 5.250000e-01 5.000000e-01 0.000000e+00
1.616393e-04 1.142962e-04 8.419989e-01 5.750000e-01 5.000000e-01 0.000000e+00
1.071655e-03 3.093616e-04 8.419989e-01 6.250000e-01 5.000000e-01 0.000000e+00
1.962974e-03 4.626795e-04 8.419989e-01 6.750000e-01 5.000000e-01 0.000000e+00
7.329732e-04 2.992357e-04 8.419989e-01 7.250000e-01 5.000000e-01 0.000000e+00
9.780797e-04 3.992996e-04 8.419989e-01 7.750000e-01 5.000000e-01 0.000000e+00
8.942196e-04 4.471103e-04 8.419989e-01 8.250000e-01 5.000000e-01 0.000000e+00
1.303457e-03 6.517290e-04 8.419989e-01 8.750000e-01 5.000000e-01 0.000000e+00
0.000000e+00 0.000000e+00 8.419989e-01 9.250000e-01 5.000000e-01 0.000000e+00
0.000000e+00 0.000000e+00 8.419989e-01 9.750000e-01 5.000000e-01 0.000000e+00
nan nan 8.419989e-01 1.025000e+00 5.000000e-01 0.000000e+00
nan nan 8.419989e-01 1.075000e+00 5.000000e-01 0.000000e+00
nan nan 8.419989e-01 1.125000e+00 5.000000e-01 0.000000e+00
nan nan 8.419989e-01 1.175000e+00 5.000000e-01 0.000000e+00
nan nan 8.419989e-01 1.225000e+00 5.000000e-01 0.000000e+00
nan nan 8.419989e-01 1.275000e+00 5.000000e-01 0.000000e+00
nan nan 8.419989e-01 1.325000e+00 5.000000e-01 0.000000e+00
nan nan 8.419989e-01 1.375000e+00 5.000000e-01 0.000000e+00
nan nan 8.419989e-01 1.425000e+00 5.000000e-01 0.000000e+00
nan nan 8.419989e-01 1.475000e+00 5.000000e-01 0.000000e+00
nan nan 8.419989e-01 1.525000e+00 5.000000e-01 0.000000e+00
nan nan 8.419989e-01 1.575000e+00 5.000000e-01 0.000000e+00
nan nan 8.419989e-01 1.625000e+00 5.000000e-01 0.000000e+00
nan nan 8.419989e-01 1.675000e+00 5.000000e-01 0.000000e+00
nan nan 8.419989e-01 1.725000e+00 5.000000e-01 0.000000e+00
nan nan 8.419989e-01 1.775000e+00 5.000000e-01 0.000000e+00
nan nan 8.419989e-01 1.825000e+00 5.000000e-01 0.000000e+00
nan nan 8.419989e-01 1.875000e+00 5.000000e-01 0.000000e+00
nan nan 8.419989e-01 1.925000e+00 5.000000e-01 0.000000e+00
nan nan 8.419989e-01 1.975000e+00 5.000000e-01 0.000000e+00
nan nan 8.419989e-01 2.025000e+00 5.000000e-01 0.000000e+00
nan nan 8.419989e-01 2.075000e+00 5.000000e-01 0.000000e+00
nan nan 8.419989e-01 2.125000e+00 5.000000e-01 0.000000e+00
nan nan 8.419989e-01 2.175000e+00 5.000000e-01 0.000000e+00
nan nan 8.419989e-01 2.225000e+00 5.000000e-01 0.000000e+00
nan nan 8.419989e-01 2.275000e+00 5.000000e-01 0.000000e+00
nan nan 8.419989e-01 2.325000e+00 5.000000e-01 0.000000e+00
nan nan 8.419989e-01 2.375000e+00 5.000000e-01 0.000000e+00
nan nan 8.419989e-01 2.425000e+00 5.000000e-01 0.000000e+00
nan nan 8.419989e-01 2.475000e+00 5.000000e-01 0.000000e+00
nan nan 8.419989e-01 2.525000e+00 5.000000e-01 0.000000e+00
nan nan 8.419989e-01 2.575000e+00 5.000000e-01 0.000000e+00
nan nan 8.419989e-01 2.625000e+00 5.000000e-01 0.000000e+00
nan nan 8.419989e-01 2.675000e+00 5.000000e-01 0.000000e+00
nan nan 8.419989e-01 2.725000e+00 5.000000e-01 0.000000e+00
nan nan 8.419989e-01 2.775000e+00 5.000000e-01 0.000000e+00
nan nan 8.419989e-01 2.825000e+00 5.000000e-01 0.000000e+00
nan nan 8.419989e-01 2.875000e+00 5.000000e-01 0.000000e+00
4.456749e-01 4.332467e-03 8.519989e-01 2.500000e-02 5.000000e-01 0.000000e+00
1.446176e-01 2.468586e-03 8.519989e-01 7.500000e-02 5.000000e-01 0.000000e+00
1.597400e-02 8.259973e-04 8.519989e-01 1.250000e-01 5.000000e-01 0.000000e+00
1.794753e-03 2.837760e-04 8.519989e-01 1.750000e-01 5.000000e-01 0.000000e+00
2.110933e-03 3.182358e-04 8.519989e-01 2.250000e-01 5.000000e-01 0.000000e+00
1.315298e-03 2.579518e-04 8.519989e-01 2.750000e-01 5.000000e-01 0.000000e+00
6.743676e-04 1.946734e-04 8.519989e-01 3.250000e-01 5.000000e-01 0.000000e+00
1.142242e-03 2.692298e-04 8.519989e-01 3.750000e-01 5.000000e-01 0.000000e+00
8.452660e-04 2.440079e-04 8.519989e-01 4.250000e-01 5.000000e-01 0.000000e+00
1.192789e-03 3.187872e-04 8.519989e-01 4.750000e-01 5.000000e-01 0.000000e+00
9.406624e-04 2.974656e-04 8.519989e-01 5.250000e-01 5.000000e-01 0.000000e+00
1.012556e-03 3.201996e-04 8.519989e-01 5.750000e-01 5.000000e-01 0.000000e+00
2.655011e-04 1.877377e-04 8.519989e-01 6.250000e-01 5.000000e-01 0.000000e+00
9.578243e-04 3.910317e-04 8.519989e-01 6.750000e-01 5.000000e-01 0.000000e+00
7.916717e-04 3.958364e-04 8.519989e-01 7.250000e-01 5.000000e-01 0.000000e+00
0.000000e+00 0.000000e+00 8.519989e-01 7.750000e-01 5.000000e-01 0.000000e+00
3.012359e-03 1.506192e-03 8.519989e-01 8.250000e-01 5.000000e-01 0.000000e+00
0.000000e+00 0.000000e+00 8.519989e-01 8.750000e-01 5.000000e-01 0.000000e+00
nan nan 8.519989e-01 9.250000e-01 5.000000e-01 0.000000e+00
nan nan 8.519989e-01 9.750000e-01 5.000000e-01 0.000000e+00
nan nan 8.519989e-01 1.025000e+00 5.000000e-01 0.000000e+00
nan nan 8.519989e-01 1.075000e+00 5.000000e-01 0.000000e+00
nan nan 8.519989e-01 1.125000e+00 5.000000e-01 0.000000e+00
nan nan 8.519989e-01 1.175000e+00 5.000000e-01 0.000000e+00
nan nan 8.519989e-01 1.225000e+00 5.000000e-01 0.000000e+00
nan nan 8.519989e-01 1.275000e+00 5.000000e-01 0.000000e+00
nan nan 8.519989e-01 1.325000e+00 5.000000e-01 0.000000e+00
nan nan 8.519989e-01 1.375000e+00 5.000000e-01 0.000000e+00
nan nan 8.519989e-01 1.425000e+00 5.000000e-01 0.000000e+00
nan nan 8.519989e-01 1.475000e+00 5.000000e-01 0.000000e+00
nan nan 8.519989e-01 1.525000e+00 5.000000e-01 0.000000e+00
nan nan 8.519989e-01 1.575000e+00 5.000000e-01 0.000000e+00
nan nan 8.519989e-01 1.625000e+00 5.000000e-01 0.000000e+00
nan nan 8.519989e-01 1.675000e+00 5.000000e-01 0.000000e+00
nan nan 8.519989e-01 1.725000e+00 5.000000e-01 0.000000e+00
nan nan 8.519989e-01 1.775000e+00 5.000000e-01 0.000000e+00
nan nan 8.519989e-01 1.825000e+00 5.000000e-01 0.000000e+00
nan nan 8.519989e-01 1.875000e+00 5.000000e-01 0.000000e+00
nan nan 8.519989e-01 1.925000e+00 5.000000e-01 0.000000e+00
nan nan 8.519989e-01 1.975000e+00 5.000000e-01 0.000000e+00
nan nan 8.519989e-01 2.025000e+00 5.000000e-01 0.000000e+00
nan nan 8.519989e-01 2.075000e+00 5.000000e-01 0.000000e+00
nan nan 8.519989e-01 2.125000e+00 5.000000e-01 0.000000e+00
nan nan 8.519989e-01 2.175000e+00 5.000000e-01 0.000000e+00
nan nan 8.519989e-01 2.225000e+00 5.000000e-01 0.000000e+00
nan nan 8.519989e-01 2.275000e+00 5.000000e-01 0.000000e+00
nan nan 8.519989e-01 2.325000e+00 5.000000e-01 0.000000e+00
nan nan 8.519989e-01 2.375000e+00 5.000000e-01 0.000000e+00
nan nan 8.519989e-01 2.425000e+00 5.000000e-01 0.000000e+00
nan nan 8.519989e-01 2.475000e+00 5.000000e-01 0.000000e+00
nan nan 8.519989e-01 2.525000e+00 5.000000e-01 0.000000e+00
nan nan 8.519989e-01 2.575000e+00 5.000000e-01 0.000000e+00
nan nan 8.519989e-01 2.625000e+00 5.000000e-01 0.000000e+00
nan nan 8.519989e-01 2.675000e+00 5.000000e-01 0.000000e+00
nan nan 8.519989e-01 2.725000e+00 5.000000e-01 0.000000e+00
nan nan 8.519989e-01 2.775000e+00 5.000000e-01 0.000000e+00
nan nan 8.519989e-01 2.825000e+00 5.000000e-01 0.000000e+00
nan nan 8.519989e-01 2.875000e+00 5.000000e-01 0.000000e+00
4.273882e-01 4.308936e-03 8.619989e-01 2.500000e-02 5.000000e-01 0.000000e+00
1.515453e-01 2.650954e-03 8.619989e-01 7.500000e-02 5.000000e-01 0.000000e+00
1.556744e-02 8.702477e-04 8.619989e-01 1.250000e-01 5.000000e-01 0.000000e+00
2.482455e-03 3.583122e-04 8.619989e-01 1.750000e-01 5.000000e-01 0.000000e+00
2.367648e-03 3.653370e-04 8.619989e-01 2.250000e-01 5.000000e-01 0.000000e+00
1.260043e-03 2.817551e-04 8.619989e-01 2.750000e-01 5.000000e-01 0.000000e+00
1.183888e-03 2.959724e-04 8.619989e-01 3.250000e-01 5.000000e-01 0.000000e+00
1.163628e-03 3.109935e-04 8.619989e-01 3.750000e-01 5.000000e-01 0.000000e+00
3.624166e-04 1.812084e-04 8.619989e-01 4.250000e-01 5.000000e-01 0.000000e+00
1.575683e-03 4.211195e-04 8.619989e-01 4.750000e-01 5.000000e-01 0.000000e+00
7.856604e-04 3.207454e-04 8.619989e-01 5.250000e-01 5.000000e-01 0.000000e+00
3.042604e-04 2.151446e-04 8.619989e-01 5.750000e-01 5.000000e-01 0.000000e+00
1.777048e-03 6.282830e-04 8.619989e-01 6.250000e-01 5.000000e-01 0.000000e+00
6.395297e-04 4.522158e-04 8.619989e-01 6.750000e-01 5.000000e-01 0.000000e+00
3.412281e-03 1.706141e-03 8.619989e-01 7.250000e-01 5.000000e-01 0.000000e+00
8.499227e-03 6.009860e-03 8.619989e-01 7.750000e-01 5.000000e-01 0.000000e+00
nan nan 8.619989e-01 8.250000e-01 5.000000e-01 0.000000e+00
nan nan 8.619989e-01 8.750000e-01 5.000000e-01 0.000000e+00
nan nan 8.619989e-01 9.250000e-01 5.000000e-01 0.000000e+00
nan nan 8.619989e-01 9.750000e-01 5.000000e-01 0.000000e+00
nan nan 8.619989e-01 1.025000e+00 5.000000e-01 0.000000e+00
nan nan 8.619989e-01 1.075000e+00 5.000000e-01 0.000000e+00
nan nan 8.619989e-01 1.125000e+00 5.000000e-01 0.000000e+00
nan nan 8.619989e-01 1.175000e+00 5.000000e-01 0.000000e+00
nan nan 8.619989e-01 1.225000e+00 5.000000e-01 0.000000e+00
nan nan 8.619989e-01 1.275000e+00 5.000000e-01 0.000000e+00
nan nan 8.619989e-01 1.325000e+00 5.000000e-01 0.000000e+00
nan nan 8.619989e-01 1.375000e+00 5.000000e-01 0.000000e+00
nan nan 8.619989e-01 1.425000e+00 5.000000e-01 0.000000e+00
nan nan 8.619989e-01 1.475000e+00 5.000000e-01 0.000000e+00
nan nan 8.619989e-01 1.525000e+00 5.000000e-01 0.000000e+00
nan nan 8.619989e-01 1.575000e+00 5.000000e-01 0.000000e+00
nan nan 8.619989e-01 1.625000e+00 5.000000e-01 0.000000e+00
nan nan 8.619989e-01 1.675000e+00 5.000000e-01 0.000000e+00
nan nan 8.619989e-01 1.725000e+00 5.000000e-01 0.000000e+00
nan nan 8.619989e-01 1.775000e+00 5.000000e-01 0.000000e+00
nan nan 8.619989e-01 1.825000e+00 5.000000e-01 0.000000e+00
nan nan 8.619989e-01 1.875000e+00 5.000000e-01 0.000000e+00
nan nan 8.619989e-01 1.925000e+00 5.000000e-01 0.000000e+00
nan nan 8.619989e-01 1.975000e+00 5.000000e-01 0.000000e+00
nan nan 8.619989e-01 2.025000e+00 5.000000e-01 0.000000e+00
nan nan 8.619989e-01 2.075000e+00 5.000000e-01 0.000000e+00
nan nan 8.619989e-01 2.125000e+00 5.000000e-01 0.000000e+00
nan nan 8.619989e-01 2.175000e+00 5.000000e-01 0.000000e+00
nan nan 8.619989e-01 2.225000e+00 5.000000e-01 0.000000e+00
nan nan 8.619989e-01 2.275000e+00 5.000000e-01 0.000000e+00
nan nan 8.619989e-01 2.325000e+00 5.000000e-01 0.000000e+00
nan nan 8.619989e-01 2.375000e+00 5.000000e-01 0.000000e+00
nan nan 8.619989e-01 2.425000e+00 5.000000e-01 0.000000e+00
nan nan 8.619989e-01 2.475000e+00 5.000000e-01 0.000000e+00
nan nan 8.619989e-01 2.525000e+00 5.000000e-01 0.000000e+00
nan nan 8.619989e-01 2.575000e+00 5.000000e-01 0.000000e+00
nan nan 8.619989e-01 2.625000e+00 5.000000e-01 0.000000e+00
nan nan 8.619989e-01 2.675000e+00 5.000000e-01 0.000000e+00
nan nan 8.619989e-01 2.725000e+00 5.000000e-01 0.000000e+00
nan nan 8.619989e-01 2.775000e+00 5.000000e-01 0.000000e+00
nan nan 8.619989e-01 2.825000e+00 5.000000e-01 0.000000e+00
nan nan 8.619989e-01 2.875000e+00 5.000000e-01 0.000000e+00
4.370676e-01 4.626683e-03 8.719988e-01 2.500000e-02 5.000000e-01 0.000000e+00
1.572613e-01 2.889550e-03 8.719988e-01 7.500000e-02 5.000000e-01 0.000000e+00
1.815145e-02 1.021100e-03 8.719988e-01 1.250000e-01 5.000000e-01 0.000000e+00
2.946786e-03 4.344810e-04 8.719988e-01 1.750000e-01 5.000000e-01 0.000000e+00
1.898073e-03 3.722436e-04 8.719988e-01 2.250000e-01 5.000000e-01 0.000000e+00
1.011004e-03 2.918525e-04 8.719988e-01 2.750000e-01 5.000000e-01 0.000000e+00
1.925732e-03 4.306084e-04 8.719988e-01 3.250000e-01 5.000000e-01 0.000000e+00
8.734082e-04 3.087970e-04 8.719988e-01 3.750000e-01 5.000000e-01 0.000000e+00
7.810166e-04 3.188494e-04 8.719988e-01 4.250000e-01 5.000000e-01 0.000000e+00
1.346056e-03 4.759047e-04 8.719988e-01 4.750000e-01 5.000000e-01 0.000000e+00
8.343807e-04 4.171907e-04 8.719988e-01 5.250000e-01 5.000000e-01 0.000000e+00
7.327429e-04 5.181275e-04 8.719988e-01 5.750000e-01 5.000000e-01 0.000000e+00
1.484192e-03 1.049482e-03 8.719988e-01 6.250000e-01 5.000000e-01 0.000000e+00
0.000000e+00 0.000000e+00 8.719988e-01 6.750000e-01 5.000000e-01 0.000000e+00
nan nan 8.719988e-01 7.250000e-01 5.000000e-01 0.000000e+00
nan nan 8.719988e-01 7.750000e-01 5.000000e-01 0.000000e+00
nan nan 8.719988e-01 8.250000e-01 5.000000e-01 0.000000e+00
nan nan 8.719988e-01 8.750000e-01 5.000000e-01 0.000000e+00
nan nan 8.719988e-01 9.250000e-01 5.000000e-01 0.000000e+00
nan nan 8.719988e-01 9.750000e-01 5.000000e-01 0.000000e+00
nan nan 8.719988e-01 1.025000e+00 5.000000e-01 0.000000e+00
nan nan 8.719988e-01 1.075000e+00 5.000000e-01 0.000000e+00
nan nan 8.719988e-01 1.125000e+00 5.000000e-01 0.000000e+00
nan nan 8.719988e-01 1.175000e+00 5.000000e-01 0.000000e+00
nan nan 8.719988e-01 1.225000e+00 5.000000e-01 0.000000e+00
nan nan 8.719988e-01 1.275000e+00 5.000000e-01 0.000000e+00
nan nan 8.719988e-01 1.325000e+00 5.000000e-01 0.000000e+00
nan nan 8.719988e-01 1.375000e+00 5.000000e-01 0.000000e+00
nan nan 8.719988e-01 1.425000e+00 5.000000e-01 0.000000e+00
nan nan 8.719988e-01 1.475000e+00 5.000000e-01 0.000000e+00
nan nan 8.719988e-01 1.525000e+00 5.000000e-01 0.000000e+00
nan nan 8.719988e-01 1.575000e+00 5.000000e-01 0.000000e+00
nan nan 8.719988e-01 1.625000e+00 5.000000e-01 0.000000e+00
nan nan 8.719988e-01 1.675000e+00 5.000000e-01 0.000000e+00
nan nan 8.719988e-01 1.725000e+00 5.000000e-01 0.000000e+00
nan nan 8.719988e-01 1.775000e+00 5.000000e-01 0.000000e+00
nan nan 8.719988e-01 1.825000e+00 5.000000e-01 0.000000e+00
nan nan 8.719988e-01 1.875000e+00 5.000000e-01 0.000000e+00
nan nan 8.719988e-01 1.925000e+00 5.000000e-01 0.000000e+00
nan nan 8.719988e-01 1.975000e+00 5.000000e-01 0.000000e+00
nan nan 8.719988e-01 2.025000e+00 5.000000e-01 0.000000e+00
nan nan 8.719988e-01 2.075000e+00 5.000000e-01 0.000000e+00
nan nan 8.719988e-01 2.125000e+00 5.000000e-01 0.000000e+00
nan nan 8.719988e-01 2.175000e+00 5.000000e-01 0.000000e+00
nan nan 8.719988e-01 2.225000e+00 5.000000e-01 0.000000e+00
nan nan 8.719988e-01 2.275000e+00 5.000000e-01 0.000000e+00
nan nan 8.719988e-01 2.325000e+00 5.000000e-01 0.000000e+00
nan nan 8.719988e-01 2.375000e+00 5.000000e-01 0.000000e+00
nan nan 8.719988e-01 2.425000e+00 5.000000e-01 0.000000e+00
nan nan 8.719988e-01 2.475000e+00 5.000000e-01 0.000000e+00
nan nan 8.719988e-01 2.525000e+00 5.000000e-01 0.000000e+00
nan nan 8.719988e-01 2.575000e+00 5.000000e-01 0.000000e+00
nan nan 8.719988e-01 2.625000e+00 5.000000e-01 0.000000e+00
nan nan 8.719988e-01 2.675000e+00 5.000000e-01 0.000000e+00
nan nan 8.719988e-01 2.725000e+00 5.000000e-01 0.000000e+00
nan nan 8.719988e-01 2.775000e+00 5.000000e-01 0.000000e+00
nan nan 8.719988e-01 2.825000e+00 5.000000e-01 0.000000e+00
nan nan 8.719988e-01 2.875000e+00 5.000000e-01 0.000000e+00
4.594623e-01 5.140169e-03 8.819988e-01 2.500000e-02 5.000000e-01 0.000000e+00
1.738156e-01 3.367616e-03 8.819988e-01 7.500000e-02 5.000000e-01 0.000000e+00
1.990217e-02 1.239057e-03 8.819988e-01 1.250000e-01 5.000000e-01 0.000000e+00
1.199389e-03 3.205507e-04 8.819988e-01 1.750000e-01 5.000000e-01 0.000000e+00
1.335974e-03 3.570552e-04 8.819988e-01 2.250000e-01 5.000000e-01 0.000000e+00
1.591747e-03 4.254125e-04 8.819988e-01 2.750000e-01 5.000000e-01 0.000000e+00
1.604498e-03 4.631796e-04 8.819988e-01 3.250000e-01 5.000000e-01 0.000000e+00
6.340417e-04 3.170216e-04 8.819988e-01 3.750000e-01 5.000000e-01 0.000000e+00
4.831316e-04 3.416256e-04 8.819988e-01 4.250000e-01 5.000000e-01 0.000000e+00
6.890964e-04 4.872647e-04 8.819988e-01 4.750000e-01 5.000000e-01 0.000000e+00
0.000000e+00 0.000000e+00 8.819988e-01 5.250000e-01 5.000000e-01 0.000000e+00
0.000000e+00 0.000000e+00 8.819988e-01 5.750000e-01 5.000000e-01 0.000000e+00
nan nan 8.819988e-01 6.250000e-01 5.000000e-01 0.000000e+00
nan nan 8.819988e-01 6.750000e-01 5.000000e-01 0.000000e+00
nan nan 8.819988e-01 7.250000e-01 5.000000e-01 0.000000e+00
nan nan 8.819988e-01 7.750000e-01 5.000000e-01 0.000000e+00
nan nan 8.819988e-01 8.250000e-01 5.000000e-01 0.000000e+00
nan nan 8.819988e-01 8.750000e-01 5.000000e-01 0.000000e+00
nan nan 8.819988e-01 9.250000e-01 5.000000e-01 0.000000e+00
nan nan 8.819988e-01 9.750000e-01 5.000000e-01 0.000000e+00
nan nan 8.819988e-01 1.025000e+00 5.000000e-01 0.000000e+00
nan nan 8.819988e-01 1.075000e+00 5.000000e-01 0.000000e+00
nan nan 8.819988e-01 1.125000e+00 5.000000e-01 0.000000e+00
nan nan 8.819988e-01 1.175000e+00 5.000000e-01 0.000000e+00
nan nan 8.819988e-01 1.225000e+00 5.000000e-01 0.000000e+00
nan nan 8.819988e-01 1.275000e+00 5.000000e-01 0.000000e+00
nan nan 8.819988e-01 1.325000e+00 5.000000e-01 0.000000e+00
nan nan 8.819988e-01 1.375000e+00 5.000000e-01 0.000000e+00
nan nan 8.819988e-01 1.425000e+00 5.000000e-01 0.000000e+00
nan nan 8.819988e-01 1.475000e+00 5.000000e-01 0.000000e+00
nan nan 8.819988e-01 1.525000e+00 5.000000e-01 0.000000e+00
nan nan 8.819988e-01 1.575000e+00 5.000000e-01 0.000000e+00
nan nan 8.819988e-01 1.625000e+00 5.000000e-01 0.000000e+00
nan nan 8.819988e-01 1.675000e+00 5.000000e-01 0.000000e+00
nan nan 8.819988e-01 1.725000e+00 5.000000e-01 0.000000e+00
nan nan 8.819988e-01 1.775000e+00 5.000000e-01 0.000000e+00
nan nan 8.819988e-01 1.825000e+00 5.000000e-01 0.000000e+00
nan nan 8.819988e-01 1.875000e+00 5.000000e-01 0.000000e+00
nan nan 8.819988e-01 1.925000e+00 5.000000e-01 0.000000e+00
nan nan 8.819988e-01 1.975000e+00 5.000000e-01 0.000000e+00
nan nan 8.819988e-01 2.025000e+00 5.000000e-01 0.000000e+00
nan nan 8.819988e-01 2.075000e+00 5.000000e-01 0.000000e+00
nan nan 8.819988e-01 2.125000e+00 5.000000e-01 0.000000e+00
nan nan 8.819988e-01 2.175000e+00 5.000000e-01 0.000000e+00
nan nan 8.819988e-01 2.225000e+00 5.000000e-01 0.000000e+00
nan nan 8.819988e-01 2.275000e+00 5.000000e-01 0.000000e+00
nan nan 8.819988e-01 2.325000e+00 5.000000e-01 0.000000e+00
nan nan 8.819988e-01 2.375000e+00 5.000000e-01 0.000000e+00
nan nan 8.819988e-01 2.425000e+00 5.000000e-01 0.000000e+00
nan nan 8.819988e-01 2.475000e+00 5.000000e-01 0.000000e+00
nan nan 8.819988e-01 2.525000e+00 5.000000e-01 0.000000e+00
nan nan 8.819988e-01 2.575000e+00 5.000000e-01 0.000000e+00
nan nan 8.819988e-01 2.625000e+00 5.000000e-01 0.000000e+00
nan nan 8.819988e-01 2.675000e+00 5.000000e-01 0.000000e+00
nan nan 8.819988e-01 2.725000e+00 5.000000e-01 0.000000e+00
nan nan 8.819988e-01 2.775000e+00 5.000000e-01 0.000000e+00
nan nan 8.819988e-01 2.825000e+00 5.000000e-01 0.000000e+00
nan nan 8.819988e-01 2.875000e+00 5.000000e-01 0.000000e+00
4.624251e-01 5.940267e-03 8.919988e-01 2.500000e-02 5.000000e-01 0.000000e+00
1.741272e-01 3.901421e-03 8.919988e-01 7.500000e-02 5.000000e-01 0.000000e+00
1.480471e-02 1.233728e-03 8.919988e-01 1.250000e-01 5.000000e-01 0.000000e+00
3.193108e-03 6.034423e-04 8.919988e-01 1.750000e-01 5.000000e-01 0.000000e+00
2.342501e-03 5.521337e-04 8.919988e-01 2.250000e-01 5.000000e-01 0.000000e+00
1.087492e-03 4.439679e-04 8.919988e-01 2.750000e-01 5.000000e-01 0.000000e+00
2.275204e-03 7.194839e-04 8.919988e-01 3.250000e-01 5.000000e-01 0.000000e+00
2.679835e-03 9.474694e-04 8.919988e-01 3.750000e-01 5.000000e-01 0.000000e+00
1.958157e-03 1.384626e-03 8.919988e-01 4.250000e-01 5.000000e-01 0.000000e+00
0.000000e+00 0.000000e+00 8.919988e-01 4.750000e-01 5.000000e-01 0.000000e+00
nan nan 8.919988e-01 5.250000e-01 5.000000e-01 0.000000e+00
nan nan 8.919988e-01 5.750000e-01 5.000000e-01 0.000000e+00
nan nan 8.919988e-01 6.250000e-01 5.000000e-01 0.000000e+00
nan nan 8.919988e-01 6.750000e-01 5.000000e-01 0.000000e+00
nan nan 8.919988e-01 7.250000e-01 5.000000e-01 0.000000e+00
nan nan 8.919988e-01 7.750000e-01 5.000000e-01 0.000000e+00
nan nan 8.919988e-01 8.250000e-01 5.000000e-01 0.000000e+00
nan nan 8.919988e-01 8.750000e-01 5.000000e-01 0.000000e+00
nan nan 8.919988e-01 9.250000e-01 5.000000e-01 0.000000e+00
nan nan 8.919988e-01 9.750000e-01 5.000000e-01 0.000000e+00
nan nan 8.919988e-01 1.025000e+00 5.000000e-01 0.000000e+00
nan nan 8.919988e-01 1.075000e+00 5.000000e-01 0.000000e+00
nan nan 8.919988e-01 1.125000e+00 5.000000e-01 0.000000e+00
nan nan 8.919988e-01 1.175000e+00 5.000000e-01 0.000000e+00
nan nan 8.919988e-01 1.225000e+00 5.000000e-01 0.000000e+00
nan nan 8.919988e-01 1.275000e+00 5.000000e-01 0.000000e+00
nan nan 8.919988e-01 1.325000e+00 5.000000e-01 0.000000e+00
nan nan 8.919988e-01 1.375000e+00 5.000000e-01 0.000000e+00
nan nan 8.919988e-01 1.425000e+00 5.000000e-01 0.000000e+00
nan nan 8.919988e-01 1.475000e+00 5.000000e-01 0.000000e+00
nan nan 8.919988e-01 1.525000e+00 5.000000e-01 0.000000e+00
nan nan 8.919988e-01 1.575000e+00 5.000000e-01 0.000000e+00
nan nan 8.919988e-01 1.625000e+00 5.000000e-01 0.000000e+00
nan nan 8.919988e-01 1.675000e+00 5.000000e-01 0.000000e+00
nan nan 8.919988e-01 1.725000e+00 5.000000e-01 0.000000e+00
nan nan 8.919988e-01 1.775000e+00 5.000000e-01 0.000000e+00
nan nan 8.919988e-01 1.825000e+00 5.000000e-01 0.000000e+00
nan nan 8.919988e-01 1.875000e+00 5.000000e-01 0.000000e+00
nan nan 8.919988e-01 1.925000e+00 5.000000e-01 0.000000e+00
nan nan 8.919988e-01 1.975000e+00 5.000000e-01 0.000000e+00
nan nan 8.919988e-01 2.025000e+00 5.000000e-01 0.000000e+00
nan nan 8.919988e-01 2.075000e+00 5.000000e-01 0.000000e+00
nan nan 8.919988e-01 2.125000e+00 5.000000e-01 0.000000e+00
nan nan 8.919988e-01 2.175000e+00 5.000000e-01 0.000000e+00
nan nan 8.919988e-01 2.225000e+00 5.000000e-01 0.000000e+00
nan nan 8.919988e-01 2.275000e+00 5.000000e-01 0.000000e+00
nan nan 8.919988e-01 2.325000e+00 5.000000e-01 0.000000e+00
nan nan 8.919988e-01 2.375000e+00 5.000000e-01 0.000000e+00
nan nan 8.919988e-01 2.425000e+00 5.000000e-01 0.000000e+00
nan nan 8.919988e-01 2.475000e+00 5.000000e-01 0.000000e+00
nan nan 8.919988e-01 2.525000e+00 5.000000e-01 0.000000e+00
nan nan 8.919988e-01 2.575000e+00 5.000000e-01 0.000000e+00
nan nan 8.919988e-01 2.625000e+00 5.000000e-01 0.000000e+00
nan nan 8.919988e-01 2.675000e+00 5.000000e-01 0.000000e+00
nan nan 8.919988e-01 2.725000e+00 5.000000e-01 0.000000e+00
nan nan 8.919988e-01 2.775000e+00 5.000000e-01 0.000000e+00
nan nan 8.919988e-01 2.825000e+00 5.000000e-01 0.000000e+00
nan nan 8.919988e-01 2.875000e+00 5.000000e-01 0.000000e+00
4.727698e-01 6.939020e-03 9.019988e-01 2.500000e-02 5.000000e-01 0.000000e+00
1.926974e-01 4.746770e-03 9.019988e-01 7.500000e-02 5.000000e-01 0.000000e+00
1.760476e-02 1.620651e-03 9.019988e-01 1.250000e-01 5.000000e-01 0.000000e+00
2.787902e-03 6.969770e-04 9.019988e-01 1.750000e-01 5.000000e-01 0.000000e+00
4.605040e-04 3.256255e-04 9.019988e-01 2.250000e-01 5.000000e-01 0.000000e+00
4.100329e-03 1.296640e-03 9.019988e-01 2.750000e-01 5.000000e-01 0.000000e+00
1.504851e-03 1.064090e-03 9.019988e-01 3.250000e-01 5.000000e-01 0.000000e+00
0.000000e+00 0.000000e+00 9.019988e-01 3.750000e-01 5.000000e-01 0.000000e+00
nan nan 9.019988e-01 4.250000e-01 5.000000e-01 0.000000e+00
nan nan 9.019988e-01 4.750000e-01 5.000000e-01 0.000000e+00
nan nan 9.019988e-01 5.250000e-01 5.000000e-01 0.000000e+00
nan nan 9.019988e-01 5.750000e-01 5.000000e-01 0.000000e+00
nan nan 9.019988e-01 6.250000e-01 5.000000e-01 0.000000e+00
nan nan 9.019988e-01 6.750000e-01 5.000000e-01 0.000000e+00
nan nan 9.019988e-01 7.250000e-01 5.000000e-01 0.000000e+00
nan nan 9.019988e-01 7.750000e-01 5.000000e-01 0.000000e+00
nan nan 9.019988e-01 8.250000e-01 5.000000e-01 0.000000e+00
nan nan 9.019988e-01 8.750000e-01 5.000000e-01 0.000000e+00
nan nan 9.019988e-01 9.250000e-01 5.000000e-01 0.000000e+00
nan nan 9.019988e-01 9.750000e-01 5.000000e-01 0.000000e+00
nan nan 9.019988e-01 1.025000e+00 5.000000e-01 0.000000e+00
nan nan 9.019988e-01 1.075000e+00 5.000000e-01 0.000000e+00
nan nan 9.019988e-01 1.125000e+00 5.000000e-01 0.000000e+00
nan nan 9.019988e-01 1.175000e+00 5.000000e-01 0.000000e+00
nan nan 9.019988e-01 1.225000e+00 5.000000e-01 0.000000e+00
nan nan 9.019988e-01 1.275000e+00 5.000000e-01 0.000000e+00
nan nan 9.019988e-01 1.325000e+00 5.000000e-01 0.000000e+00
nan nan 9.019988e-01 1.375000e+00 5.000000e-01 0.000000e+00
nan nan 9.019988e-01 1.425000e+00 5.000000e-01 0.000000e+00
nan nan 9.019988e-01 1.475000e+00 5.000000e-01 0.000000e+00
nan nan 9.019988e-01 1.525000e+00 5.000000e-01 0.000000e+00
nan nan 9.019988e-01 1.575000e+00 5.000000e-01 0.000000e+00
nan nan 9.019988e-01 1.625000e+00 5.000000e-01 0.000000e+00
nan nan 9.019988e-01 1.675000e+00 5.000000e-01 0.000000e+00
nan nan 9.019988e-01 1.725000e+00 5.000000e-01 0.000000e+00
nan nan 9.019988e-01 1.775000e+00 5.000000e-01 0.000000e+00
nan nan 9.019988e-01 1.825000e+00 5.000000e-01 0.000000e+00
nan nan 9.019988e-01 1.875000e+00 5.000000e-01 0.000000e+00
nan nan 9.019988e-01 1.925000e+00 5.000000e-01 0.000000e+00
nan nan 9.019988e-01 1.975000e+00 5.000000e-01 0.000000e+00
nan nan 9.019988e-01 2.025000e+00 5.000000e-01 0.000000e+00
nan nan 9.019988e-01 2.075000e+00 5.000000e-01 0.000000e+00
nan nan 9.019988e-01 2.125000e+00 5.000000e-01 0.000000e+00
nan nan 9.019988e-01 2.175000e+00 5.000000e-01 0.000000e+00
nan nan 9.019988e-01 2.225000e+00 5.000000e-01 0.000000e+00
nan nan 9.019988e-01 2.275000e+00 5.000000e-01 0.000000e+00
nan nan 9.019988e-01 2.325000e+00 5.000000e-01 0.000000e+00
nan nan 9.019988e-01 2.375000e+00 5.000000e-01 0.000000e+00
nan nan 9.019988e-01 2.425000e+00 5.000000e-01 0.000000e+00
nan nan 9.019988e-01 2.475000e+00 5.000000e-01 0.000000e+00
nan nan 9.019988e-01 2.525000e+00 5.000000e-01 0.000000e+00
nan nan 9.019988e-01 2.575000e+00 5.000000e-01 0.000000e+00
nan nan 9.019988e-01 2.625000e+00 5.000000e-01 0.000000e+00
nan nan 9.019988e-01 2.675000e+00 5.000000e-01 0.000000e+00
nan nan 9.019988e-01 2.725000e+00 5.000000e-01 0.000000e+00
nan nan 9.019988e-01 2.775000e+00 5.000000e-01 0.000000e+00
nan nan 9.019988e-01 2.825000e+00 5.000000e-01 0.000000e+00
nan nan 9.019988e-01 2.875000e+00 5.000000e-01 0.000000e+00
4.973097e-01 8.511304e-03 9.119988e-01 2.500000e-02 5.000000e-01 0.000000e+00
2.279255e-01 6.431302e-03 9.119988e-01 7.500000e-02 5.000000e-01 0.000000e+00
1.460105e-02 1.986957e-03 9.119988e-01 1.250000e-01 5.000000e-01 0.000000e+00
1.508608e-03 7.543042e-04 9.119988e-01 1.750000e-01 5.000000e-01 0.000000e+00
0.000000e+00 0.000000e+00 9.119988e-01 2.250000e-01 5.000000e-01 0.000000e+00
0.000000e+00 0.000000e+00 9.119988e-01 2.750000e-01 5.000000e-01 0.000000e+00
nan nan 9.119988e-01 3.250000e-01 5.000000e-01 0.000000e+00
nan nan 9.119988e-01 3.750000e-01 5.000000e-01 0.000000e+00
nan nan 9.119988e-01 4.250000e-01 5.000000e-01 0.000000e+00
nan nan 9.119988e-01 4.750000e-01 5.000000e-01 0.000000e+00
nan nan 9.119988e-01 5.250000e-01 5.000000e-01 0.000000e+00
nan nan 9.119988e-01 5.750000e-01 5.000000e-01 0.000000e+00
nan nan 9.119988e-01 6.250000e-01 5.000000e-01 0.000000e+00
nan nan 9.119988e-01 6.750000e-01 5.000000e-01 0.000000e+00
nan nan 9.119988e-01 7.250000e-01 5.000000e-01 0.000000e+00
nan nan 9.119988e-01 7.750000e-01 5.000000e-01 0.000000e+00
nan nan 9.119988e-01 8.250000e-01 5.000000e-01 0.000000e+00
nan nan 9.119988e-01 8.750000e-01 5.000000e-01 0.000000e+00
nan nan 9.119988e-01 9.250000e-01 5.000000e-01 0.000000e+00
nan nan 9.119988e-01 9.750000e-01 5.000000e-01 0.000000e+00
nan nan 9.119988e-01 1.025000e+00 5.000000e-01 0.000000e+00
nan nan 9.119988e-01 1.075000e+00 5.000000e-01 0.000000e+00
nan nan 9.119988e-01 1.125000e+00 5.000000e-01 0.000000e+00
nan nan 9.119988e-01 1.175000e+00 5.000000e-01 0.000000e+00
nan nan 9.119988e-01 1.225000e+00 5.000000e-01 0.000000e+00
nan nan 9.119988e-01 1.275000e+00 5.000000e-01 0.000000e+00
nan nan 9.119988e-01 1.325000e+00 5.000000e-01 0.000000e+00
nan nan 9.119988e-01 1.375000e+00 5.000000e-01 0.000000e+00
nan nan 9.119988e-01 1.425000e+00 5.000000e-01 0.000000e+00
nan nan 9.119988e-01 1.475000e+00 5.000000e-01 0.000000e+00
nan nan 9.119988e-01 1.525000e+00 5.000000e-01 0.000000e+00
nan nan 9.119988e-01 1.575000e+00 5.000000e-01 0.000000e+00
nan nan 9.119988e-01 1.625000e+00 5.000000e-01 0.000000e+00
nan nan 9.119988e-01 1.675000e+00 5.000000e-01 0.000000e+00
nan nan 9.119988e-01 1.725000e+00 5.000000e-01 0.000000e+00
nan nan 9.119988e-01 1.775000e+00 5.000000e-01 0.000000e+00
nan nan 9.119988e-01 1.825000e+00 5.000000e-01 0.000000e+00
nan nan 9.119988e-01 1.875000e+00 5.000000e-01 0.000000e+00
nan nan 9.119988e-01 1.925000e+00 5.000000e-01 0.000000e+00
nan nan 9.119988e-01 1.975000e+00 5.000000e-01 0.000000e+00
nan nan 9.119988e-01 2.025000e+00 5.000000e-01 0.000000e+00
nan nan 9.119988e-01 2.075000e+00 5.000000e-01 0.000000e+00
nan nan 9.119988e-01 2.125000e+00 5.000000e-01 0.000000e+00
nan nan 9.119988e-01 2.175000e+00 5.000000e-01 0.000000e+00
nan nan 9.119988e-01 2.225000e+00 5.000000e-01 0.000000e+00
nan nan 9.119988e-01 2.275000e+00 5.000000e-01 0.000000e+00
nan nan 9.119988e-01 2.325000e+00 5.000000e-01 0.000000e+00
nan nan 9.119988e-01 2.375000e+00 5.000000e-01 0.000000e+00
nan nan 9.119988e-01 2.425000e+00 5.000000e-01 0.000000e+00
nan nan 9.119988e-01 2.475000e+00 5.000000e-01 0.000000e+00
nan nan 9.119988e-01 2.525000e+00 5.000000e-01 0.000000e+00
nan nan 9.119988e-01 2.575000e+00 5.000000e-01 0.000000e+00
nan nan 9.119988e-01 2.625000e+00 5.000000e-01 0.000000e+00
nan nan 9.119988e-01 2.675000e+00 5.000000e-01 0.000000e+00
nan nan 9.119988e-01 2.725000e+00 5.000000e-01 0.000000e+00
nan nan 9.119988e-01 2.775000e+00 5.000000e-01 0.000000e+00
nan nan 9.119988e-01 2.825000e+00 5.000000e-01 0.000000e+00
nan nan 9.119988e-01 2.875000e+00 5.000000e-01 0.000000e+00
4.885905e-01 1.121496e-02 9.219988e-01 2.500000e-02 5.000000e-01 0.000000e+00
2.288346e-01 9.939959e-03 9.219988e-01 7.500000e-02 5.000000e-01 0.000000e+00
5.546021e-03 2.773015e-03 9.219988e-01 1.250000e-01 5.000000e-01 0.000000e+00
0.000000e+00 0.000000e+00 9.219988e-01 1.750000e-01 5.000000e-01 0.000000e+00
nan nan 9.219988e-01 2.250000e-01 5.000000e-01 0.000000e+00
nan nan 9.219988e-01 2.750000e-01 5.000000e-01 0.000000e+00
nan nan 9.219988e-01 3.250000e-01 5.000000e-01 0.000000e+00
nan nan 9.219988e-01 3.750000e-01 5.000000e-01 0.000000e+00
nan nan 9.219988e-01 4.250000e-01 5.000000e-01 0.000000e+00
nan nan 9.219988e-01 4.750000e-01 5.000000e-01 0.000000e+00
nan nan 9.219988e-01 5.250000e-01 5.000000e-01 0.000000e+00
nan nan 9.219988e-01 5.750000e-01 5.000000e-01 0.000000e+00
nan nan 9.219988e-01 6.250000e-01 5.000000e-01 0.000000e+00
nan nan 9.219988e-01 6.750000e-01 5.000000e-01 0.000000e+00
nan nan 9.219988e-01 7.250000e-01 5.000000e-01 0.000000e+00
nan nan 9.219988e-01 7.750000e-01 5.000000e-01 0.000000e+00
nan nan 9.219988e-01 8.250000e-01 5.000000e-01 0.000000e+00
nan nan 9.219988e-01 8.750000e-01 5.000000e-01 0.000000e+00
nan nan 9.219988e-01 9.250000e-01 5.000000e-01 0.000000e+00
nan nan 9.219988e-01 9.750000e-01 5.000000e-01 0.000000e+00
nan nan 9.219988e-01 1.025000e+00 5.000000e-01 0.000000e+00
nan nan 9.219988e-01 1.075000e+00 5.000000e-01 0.000000e+00
nan nan 9.219988e-01 1.125000e+00 5.000000e-01 0.000000e+00
nan nan 9.219988e-01 1.175000e+00 5.000000e-01 0.000000e+00
nan nan 9.219988e-01 1.225000e+00 5.000000e-01 0.000000e+00
nan nan 9.219988e-01 1.275000e+00 5.000000e-01 0.000000e+00
nan nan 9.219988e-01 1.325000e+00 5.000000e-01 0.000000e+00
nan nan 9.219988e-01 1.375000e+00 5.000000e-01 0.000000e+00
nan nan 9.219988e-01 1.425000e+00 5.000000e-01 0.000000e+00
nan nan 9.219988e-01 1.475000e+00 5.000000e-01 0.000000e+00
nan nan 9.219988e-01 1.525000e+00 5.000000e-01 0.000000e+00
nan nan 9.219988e-01 1.575000e+00 5.000000e-01 0.000000e+00
nan nan 9.219988e-01 1.625000e+00 5.000000e-01 0.000000e+00
nan nan 9.219988e-01 1.675000e+00 5.000000e-01 0.000000e+00
nan nan 9.219988e-01 1.725000e+00 5.000000e-01 0.000000e+00
nan nan 9.219988e-01 1.775000e+00 5.000000e-01 0.000000e+00
nan nan 9.219988e-01 1.825000e+00 5.000000e-01 0.000000e+00
nan nan 9.219988e-01 1.875000e+00 5.000000e-01 0.000000e+00
nan nan 9.219988e-01 1.925000e+00 5.000000e-01 0.000000e+00
nan nan 9.219988e-01 1.975000e+00 5.000000e-01 0.000000e+00
nan nan 9.219988e-01 2.025000e+00 5.000000e-01 0.000000e+00
nan nan 9.219988e-01 2.075000e+00 5.000000e-01 0.000000e+00
nan nan 9.219988e-01 2.125000e+00 5.000000e-01 0.000000e+00
nan nan 9.219988e-01 2.175000e+00 5.000000e-01 0.000000e+00
nan nan 9.219988e-01 2.225000e+00 5.000000e-01 0.000000e+00
nan nan 9.219988e-01 2.275000e+00 5.000000e-01 0.000000e+00
nan nan 9.219988e-01 2.325000e+00 5.000000e-01 0.000000e+00
nan nan 9.219988e-01 2.375000e+00 5.000000e-01 0.000000e+00
nan nan 9.219988e-01 2.425000e+00 5.000000e-01 0.000000e+00
nan nan 9.219988e-01 2.475000e+00 5.000000e-01 0.000000e+00
nan nan 9.219988e-01 2.525000e+00 5.000000e-01 0.000000e+00
nan nan 9.219988e-01 2.575000e+00 5.000000e-01 0.000000e+00
nan nan 9.219988e-01 2.625000e+00 5.000000e-01 0.000000e+00
nan nan 9.219988e-01 2.675000e+00 5.000000e-01 0.000000e+00
nan nan 9.219988e-01 2.725000e+00 5.000000e-01 0.000000e+00
nan nan 9.219988e-01 2.775000e+00 5.000000e-01 0.000000e+00
nan nan 9.219988e-01 2.825000e+00 5.000000e-01 0.000000e+00
nan nan 9.219988e-01 2.875000e+00 5.000000e-01 0.000000e+00
5.308407e-01 2.621640e-02 9.319988e-01 2.500000e-02 5.000000e-01 0.000000e+00
3.141908e-01 7.854770e-02 9.319988e-01 7.500000e-02 5.000000e-01 0.000000e+00
nan nan 9.319988e-01 1.250000e-01 5.000000e-01 0.000000e+00
nan nan 9.319988e-01 1.750000e-01 5.000000e-01 0.000000e+00
nan nan 9.319988e-01 2.250000e-01 5.000000e-01 0.000000e+00
nan nan 9.319988e-01 2.750000e-01 5.000000e-01 0.000000e+00
nan nan 9.319988e-01 3.250000e-01 5.000000e-01 0.000000e+00
nan nan 9.319988e-01 3.750000e-01 5.000000e-01 0.000000e+00
nan nan 9.319988e-01 4.250000e-01 5.000000e-01 0.000000e+00
nan nan 9.319988e-01 4.750000e-01 5.000000e-01 0.000000e+00
nan nan 9.319988e-01 5.250000e-01 5.000000e-01 0.000000e+00
nan nan 9.319988e-01 5.750000e-01 5.000000e-01 0.000000e+00
nan nan 9.319988e-01 6.250000e-01 5.000000e-01 0.000000e+00
nan nan 9.319988e-01 6.750000e-01 5.000000e-01 0.000000e+00
nan nan 9.319988e-01 7.250000e-01 5.000000e-01 0.000000e+00
nan nan 9.319988e-01 7.750000e-01 5.000000e-01 0.000000e+00
nan nan 9.319988e-01 8.250000e-01 5.000000e-01 0.000000e+00
nan nan 9.319988e-01 8.750000e-01 5.000000e-01 0.000000e+00
nan nan 9.319988e-01 9.250000e-01 5.000000e-01 0.000000e+00
nan nan 9.319988e-01 9.750000e-01 5.000000e-01 0.000000e+00
nan nan 9.319988e-01 1.025000e+00 5.000000e-01 0.000000e+00
nan nan 9.319988e-01 1.075000e+00 5.000000e-01 0.000000e+00
nan nan 9.319988e-01 1.125000e+00 5.000000e-01 0.000000e+00
nan nan 9.319988e-01 1.175000e+00 5.000000e-01 0.000000e+00
nan nan 9.319988e-01 1.225000e+00 5.000000e-01 0.000000e+00
nan nan 9.319988e-01 1.275000e+00 5.000000e-01 0.000000e+00
nan nan 9.319988e-01 1.325000e+00 5.000000e-01 0.000000e+00
nan nan 9.319988e-01 1.375000e+00 5.000000e-01 0.000000e+00
nan nan 9.319988e-01 1.425000e+00 5.000000e-01 0.000000e+00
nan nan 9.319988e-01 1.475000e+00 5.000000e-01 0.000000e+00
nan nan 9.319988e-01 1.525000e+00 5.000000e-01 0.000000e+00
nan nan 9.319988e-01 1.575000e+00 5.000000e-01 0.000000e+00
nan nan 9.319988e-01 1.625000e+00 5.000000e-01 0.000000e+00
nan nan 9.319988e-01 1.675000e+00 5.000000e-01 0.000000e+00
nan nan 9.319988e-01 1.725000e+00 5.000000e-01 0.000000e+00
nan nan 9.319988e-01 1.775000e+00 5.000000e-01 0.000000e+00
nan nan 9.319988e-01 1.825000e+00 5.000000e-01 0.000000e+00
nan nan 9.319988e-01 1.875000e+00 5.000000e-01 0.000000e+00
nan nan 9.319988e-01 1.925000e+00 5.000000e-01 0.000000e+00
nan nan 9.319988e-01 1.975000e+00 5.000000e-01 0.000000e+00
nan nan 9.319988e-01 2.025000e+00 5.000000e-01 0.000000e+00
nan nan 9.319988e-01 2.075000e+00 5.000000e-01 0.000000e+00
nan nan 9.319988e-01 2.125000e+00 5.000000e-01 0.000000e+00
nan nan 9.319988e-01 2.175000e+00 5.000000e-01 0.000000e+00
nan nan 9.319988e-01 2.225000e+00 5.000000e-01 0.000000e+00
nan nan 9.319988e-01 2.275000e+00 5.000000e-01 0.000000e+00
nan nan 9.319988e-01 2.325000e+00 5.000000e-01 0.000000e+00
nan nan 9.319988e-01 2.375000e+00 5.000000e-01 0.000000e+00
nan nan 9.319988e-01 2.425000e+00 5.000000e-01 0.000000e+00
nan nan 9.319988e-01 2.475000e+00 5.000000e-01 0.000000e+00
nan nan 9.319988e-01 2.525000e+00 5.000000e-01 0.000000e+00
nan nan 9.319988e-01 2.575000e+00 5.000000e-01 0.000000e+00
nan nan 9.319988e-01 2.625000e+00 5.000000e-01 0.000000e+00
nan nan 9.319988e-01 2.675000e+00 5.000000e-01 0.000000e+00
nan nan 9.319988e-01 2.725000e+00 5.000000e-01 0.000000e+00
nan nan 9.319988e-01 2.775000e+00 5.000000e-01 0.000000e+00
nan nan 9.319988e-01 2.825000e+00 5.000000e-01 0.000000e+00
nan nan 9.319988e-01 2.875000e+00 5.000000e-01 0.000000e+00
nan nan 9.419988e-01 2.500000e-02 5.000000e-01 0.000000e+00
nan nan 9.419988e-01 7.500000e-02 5.000000e-01 0.000000e+00
nan nan 9.419988e-01 1.250000e-01 5.000000e-01 0.000000e+00
nan nan 9.419988e-01 1.750000e-01 5.000000e-01 0.000000e+00
nan nan 9.419988e-01 2.250000e-01 5.000000e-01 0.000000e+00
nan nan 9.419988e-01 2.750000e-01 5.000000e-01 0.000000e+00
nan nan 9.419988e-01 3.250000e-01 5.000000e-01 0.000000e+00
nan nan 9.419988e-01 3.750000e-01 5.000000e-01 0.000000e+00
nan nan 9.419988e-01 4.250000e-01 5.000000e-01 0.000000e+00
nan nan 9.419988e-01 4.750000e-01 5.000000e-01 0.000000e+00
nan nan 9.419988e-01 5.250000e-01 5.000000e-01 0.000000e+00
nan nan 9.419988e-01 5.750000e-01 5.000000e-01 0.000000e+00
nan nan 9.419988e-01 6.250000e-01 5.000000e-01 0.000000e+00
nan nan 9.419988e-01 6.750000e-01 5.000000e-01 0.000000e+00
nan nan 9.419988e-01 7.250000e-01 5.000000e-01 0.000000e+00
nan nan 9.419988e-01 7.750000e-01 5.000000e-01 0.000000e+00
nan nan 9.419988e-01 8.250000e-01 5.000000e-01 0.000000e+00
nan nan 9.419988e-01 8.750000e-01 5.000000e-01 0.000000e+00
nan nan 9.419988e-01 9.250000e-01 5.000000e-01 0.000000e+00
nan nan 9.419988e-01 9.750000e-01 5.000000e-01 0.000000e+00
nan nan 9.419988e-01 1.025000e+00 5.000000e-01 0.000000e+00
nan nan 9.419988e-01 1.075000e+00 5.000000e-01 0.000000e+00
nan nan 9.419988e-01 1.125000e+00 5.000000e-01 0.000000e+00
nan nan 9.419988e-01 1.175000e+00 5.000000e-01 0.000000e+00
nan nan 9.419988e-01 1.225000e+00 5.000000e-01 0.000000e+00
nan nan 9.419988e-01 1.275000e+00 5.000000e-01 0.000000e+00
nan nan 9.419988e-01 1.325000e+00 5.000000e-01 0.000000e+00
nan nan 9.419988e-01 1.375000e+00 5.000000e-01 0.000000e+00
nan nan 9.419988e-01 1.425000e+00 5.000000e-01 0.000000e+00
nan nan 9.419988e-01 1.475000e+00 5.000000e-01 0.000000e+00
nan nan 9.419988e-01 1.525000e+00 5.000000e-01 0.000000e+00
nan nan 9.419988e-01 1.575000e+00 5.000000e-01 0.000000e+00
nan nan 9.419988e-01 1.625000e+00 5.000000e-01 0.000000e+00
nan nan 9.419988e-01 1.675000e+00 5.000000e-01 0.000000e+00
nan nan 9.419988e-01 1.725000e+00 5.000000e-01 0.000000e+00
nan nan 9.419988e-01 1.775000e+00 5.000000e-01 0.000000e+00
nan nan 9.419988e-01 1.825000e+00 5.000000e-01 0.000000e+00
nan nan 9.419988e-01 1.875000e+00 5.000000e-01 0.000000e+00
nan nan 9.419988e-01 1.925000e+00 5.000000e-01 0.000000e+00
nan nan 9.419988e-01 1.975000e+00 5.000000e-01 0.000000e+00
nan nan 9.419988e-01 2.025000e+00 5.000000e-01 0.000000e+00
nan nan 9.419988e-01 2.075000e+00 5.000000e-01 0.000000e+00
nan nan 9.419988e-01 2.125000e+00 5.000000e-01 0.000000e+00
nan nan 9.419988e-01 2.175000e+00 5.000000e-01 0.000000e+00
nan nan 9.419988e-01 2.225000e+00 5.000000e-01 0.000000e+00
nan nan 9.419988e-01 2.275000e+00 5.000000e-01 0.000000e+00
nan nan 9.419988e-01 2.325000e+00 5.000000e-01 0.000000e+00
nan nan 9.419988e-01 2.375000e+00 5.000000e-01 0.000000e+00
nan nan 9.419988e-01 2.425000e+00 5.000000e-01 0.000000e+00
nan nan 9.419988e-01 2.475000e+00 5.000000e-01 0.000000e+00
nan nan 9.419988e-01 2.525000e+00 5.000000e-01 0.000000e+00
nan nan 9.419988e-01 2.575000e+00 5.000000e-01 0.000000e+00
nan nan 9.419988e-01 2.625000e+00 5.000000e-01 0.000000e+00
nan nan 9.419988e-01 2.675000e+00 5.000000e-01 0.000000e+00
nan nan 9.419988e-01 2.725000e+00 5.000000e-01 0.000000e+00
nan nan 9.419988e-01 2.775000e+00 5.000000e-01 0.000000e+00
nan nan 9.419988e-01 2.825000e+00 5.000000e-01 0.000000e+00
nan nan 9.419988e-01 2.875000e+00 5.000000e-01 0.000000e+00
nan nan 9.519988e-01 2.500000e-02 5.000000e-01 0.000000e+00
nan nan 9.519988e-01 7.500000e-02 5.000000e-01 0.000000e+00
nan nan 9.519988e-01 1.250000e-01 5.000000e-01 0.000000e+00
nan nan 9.519988e-01 1.750000e-01 5.000000e-01 0.000000e+00
nan nan 9.519988e-01 2.250000e-01 5.000000e-01 0.000000e+00
nan nan 9.519988e-01 2.750000e-01 5.000000e-01 0.000000e+00
nan nan 9.519988e-01 3.250000e-01 5.000000e-01 0.000000e+00
nan nan 9.519988e-01 3.750000e-01 5.000000e-01 0.000000e+00
nan nan 9.519988e-01 4.250000e-01 5.000000e-01 0.000000e+00
nan nan 9.519988e-01 4.750000e-01 5.000000e-01 0.000000e+00
nan nan 9.519988e-01 5.250000e-01 5.000000e-01 0.000000e+00
nan nan 9.519988e-01 5.750000e-01 5.000000e-01 0.000000e+00
nan nan 9.519988e-01 6.250000e-01 5.000000e-01 0.000000e+00
nan nan 9.519988e-01 6.750000e-01 5.000000e-01 0.000000e+00
nan nan 9.519988e-01 7.250000e-01 5.000000e-01 0.000000e+00
nan nan 9.519988e-01 7.750000e-01 5.000000e-01 0.000000e+00
nan nan 9.519988e-01 8.250000e-01 5.000000e-01 0.000000e+00
nan nan 9.519988e-01 8.750000e-01 5.000000e-01 0.000000e+00
nan nan 9.519988e-01 9.250000e-01 5.000000e-01 0.000000e+00
nan nan 9.519988e-01 9.750000e-01 5.000000e-01 0.000000e+00
nan nan 9.519988e-01 1.025000e+00 5.000000e-01 0.000000e+00
nan nan 9.519988e-01 1.075000e+00 5.000000e-01 0.000000e+00
nan nan 9.519988e-01 1.125000e+00 5.000000e-01 0.000000e+00
nan nan 9.519988e-01 1.175000e+00 5.000000e-01 0.000000e+00
nan nan 9.519988e-01 1.225000e+00 5.000000e-01 0.000000e+00
nan nan 9.519988e-01 1.275000e+00 5.000000e-01 0.000000e+00
nan nan 9.519988e-01 1.325000e+00 5.000000e-01 0.000000e+00
nan nan 9.519988e-01 1.375000e+00 5.000000e-01 0.000000e+00
nan nan 9.519988e-01 1.425000e+00 5.000000e-01 0.000000e+00
nan nan 9.519988e-01 1.475000e+00 5.000000e-01 0.000000e+00
nan nan 9.519988e-01 1.525000e+00 5.000000e-01 0.000000e+00
nan nan 9.519988e-01 1.575000e+00 5.000000e-01 0.000000e+00
nan nan 9.519988e-01 1.625000e+00 5.000000e-01 0.000000e+00
nan nan 9.519988e-01 1.675000e+00 5.000000e-01 0.000000e+00
nan nan 9.519988e-01 1.725000e+00 5.000000e-01 0.000000e+00
nan nan 9.519988e-01 1.775000e+00 5.000000e-01 0.000000e+00
nan nan 9.519988e-01 1.825000e+00 5.000000e-01 0.000000e+00
nan nan 9.519988e-01 1.875000e+00 5.000000e-01 0.000000e+00
nan nan 9.519988e-01 1.925000e+00 5.000000e-01 0.000000e+00
nan nan 9.519988e-01 1.975000e+00 5.000000e-01 0.000000e+00
nan nan 9.519988e-01 2.025000e+00 5.000000e-01 0.000000e+00
nan nan 9.519988e-01 2.075000e+00 5.000000e-01 0.000000e+00
nan nan 9.519988e-01 2.125000e+00 5.000000e-01 0.000000e+00
nan nan 9.519988e-01 2.175000e+00 5.000000e-01 0.000000e+00
nan nan 9.519988e-01 2.225000e+00 5.000000e-01 0.000000e+00
nan nan 9.519988e-01 2.275000e+00 5.000000e-01 0.000000e+00
nan nan 9.519988e-01 2.325000e+00 5.000000e-01 0.000000e+00
nan nan 9.519988e-01 2.375000e+00 5.000000e-01 0.000000e+00
nan nan 9.519988e-01 2.425000e+00 5.000000e-01 0.000000e+00
nan nan 9.519988e-01 2.475000e+00 5.000000e-01 0.000000e+00
nan nan 9.519988e-01 2.525000e+00 5.000000e-01 0.000000e+00
nan nan 9.519988e-01 2.575000e+00 5.000000e-01 0.000000e+00
nan nan 9.519988e-01 2.625000e+00 5.000000e-01 0.000000e+00
nan nan 9.519988e-01 2.675000e+00 5.000000e-01 0.000000e+00
nan nan 9.519988e-01 2.725000e+00 5.000000e-01 0.000000e+00
nan nan 9.519988e-01 2.775000e+00 5.000000e-01 0.000000e+00
nan nan 9.519988e-01 2.825000e+00 5.000000e-01 0.000000e+00
nan nan 9.519988e-01 2.875000e+00 5.000000e-01 0.000000e+00
nan nan 9.619988e-01 2.500000e-02 5.000000e-01 0.000000e+00
nan nan 9.619988e-01 7.500000e-02 5.000000e-01 0.000000e+00
nan nan 9.619988e-01 1.250000e-01 5.000000e-01 0.000000e+00
nan nan 9.619988e-01 1.750000e-01 5.000000e-01 0.000000e+00
nan nan 9.619988e-01 2.250000e-01 5.000000e-01 0.000000e+00
nan nan 9.619988e-01 2.750000e-01 5.000000e-01 0.000000e+00
nan nan 9.619988e-01 3.250000e-01 5.000000e-01 0.000000e+00
nan nan 9.619988e-01 3.750000e-01 5.000000e-01 0.000000e+00
nan nan 9.619988e-01 4.250000e-01 5.000000e-01 0.000000e+00
nan nan 9.619988e-01 4.750000e-01 5.000000e-01 0.000000e+00
nan nan 9.619988e-01 5.250000e-01 5.000000e-01 0.000000e+00
nan nan 9.619988e-01 5.750000e-01 5.000000e-01 0.000000e+00
nan nan 9.619988e-01 6.250000e-01 5.000000e-01 0.000000e+00
nan nan 9.619988e-01 6.750000e-01 5.000000e-01 0.000000e+00
nan nan 9.619988e-01 7.250000e-01 5.000000e-01 0.000000e+00
nan nan 9.619988e-01 7.750000e-01 5.000000e-01 0.000000e+00
nan nan 9.619988e-01 8.250000e-01 5.000000e-01 0.000000e+00
nan nan 9.619988e-01 8.750000e-01 5.000000e-01 0.000000e+00
nan nan 9.619988e-01 9.250000e-01 5.000000e-01 0.000000e+00
nan nan 9.619988e-01 9.750000e-01 5.000000e-01 0.000000e+00
nan nan 9.619988e-01 1.025000e+00 5.000000e-01 0.000000e+00
nan nan 9.619988e-01 1.075000e+00 5.000000e-01 0.000000e+00
nan nan 9.619988e-01 1.125000e+00 5.000000e-01 0.000000e+00
nan nan 9.619988e-01 1.175000e+00 5.000000e-01 0.000000e+00
nan nan 9.619988e-01 1.225000e+00 5.000000e-01 0.000000e+00
nan nan 9.619988e-01 1.275000e+00 5.000000e-01 0.000000e+00
nan nan 9.619988e-01 1.325000e+00 5.000000e-01 0.000000e+00
nan nan 9.619988e-01 1.375000e+00 5.000000e-01 0.000000e+00
nan nan 9.619988e-01 1.425000e+00 5.000000e-01 0.000000e+00
nan nan 9.619988e-01 1.475000e+00 5.000000e-01 0.000000e+00
nan nan 9.619988e-01 1.525000e+00 5.000000e-01 0.000000e+00
nan nan 9.619988e-01 1.575000e+00 5.000000e-01 0.000000e+00
nan nan 9.619988e-01 1.625000e+00 5.000000e-01 0.000000e+00
nan nan 9.619988e-01 1.675000e+00 5.000000e-01 0.000000e+00
nan nan 9.619988e-01 1.725000e+00 5.000000e-01 0.000000e+00
nan nan 9.619988e-01 1.775000e+00 5.000000e-01 0.000000e+00
nan nan 9.619988e-01 1.825000e+00 5.000000e-01 0.000000e+00
nan nan 9.619988e-01 1.875000e+00 5.000000e-01 0.000000e+00
nan nan 9.619988e-01 1.925000e+00 5.000000e-01 0.000000e+00
nan nan 9.619988e-01 1.975000e+00 5.000000e-01 0.000000e+00
nan nan 9.619988e-01 2.025000e+00 5.000000e-01 0.000000e+00
nan nan 9.619988e-01 2.075000e+00 5.000000e-01 0.000000e+00
nan nan 9.619988e-01 2.125000e+00 5.000000e-01 0.000000e+00
nan nan 9.619988e-01 2.175000e+00 5.000000e-01 0.000000e+00
nan nan 9.619988e-01 2.225000e+00 5.000000e-01 0.000000e+00
nan nan 9.619988e-01 2.275000e+00 5.000000e-01 0.000000e+00
nan nan 9.619988e-01 2.325000e+00 5.000000e-01 0.000000e+00
nan nan 9.619988e-01 2.375000e+00 5.000000e-01 0.000000e+00
nan nan 9.619988e-01 2.425000e+00 5.000000e-01 0.000000e+00
nan nan 9.619988e-01 2.475000e+00 5.000000e-01 0.000000e+00
nan nan 9.619988e-01 2.525000e+00 5.000000e-01 0.000000e+00
nan nan 9.619988e-01 2.575000e+00 5.000000e-01 0.000000e+00
nan nan 9.619988e-01 2.625000e+00 5.000000e-01 0.000000e+00
nan nan 9.619988e-01 2.675000e+00 5.000000e-01 0.000000e+00
nan nan 9.619988e-01 2.725000e+00 5.000000e-01 0.000000e+00
nan nan 9.619988e-01 2.775000e+00 5.000000e-01 0.000000e+00
nan nan 9.619988e-01 2.825000e+00 5.000000e-01 0.000000e+00
nan nan 9.619988e-01 2.875000e+00 5.000000e-01 0.000000e+00
nan nan 9.719988e-01 2.500000e-02 5.000000e-01 0.000000e+00
nan nan 9.719988e-01 7.500000e-02 5.000000e-01 0.000000e+00
nan nan 9.719988e-01 1.250000e-01 5.000000e-01 0.000000e+00
nan nan 9.719988e-01 1.750000e-01 5.000000e-01 0.000000e+00
nan nan 9.719988e-01 2.250000e-01 5.000000e-01 0.000000e+00
nan nan 9.719988e-01 2.750000e-01 5.000000e-01 0.000000e+00
nan nan 9.719988e-01 3.250000e-01 5.000000e-01 0.000000e+00
nan nan 9.719988e-01 3.750000e-01 5.000000e-01 0.000000e+00
nan nan 9.719988e-01 4.250000e-01 5.000000e-01 0.000000e+00
nan nan 9.719988e-01 4.750000e-01 5.000000e-01 0.000000e+00
nan nan 9.719988e-01 5.250000e-01 5.000000e-01 0.000000e+00
nan nan 9.719988e-01 5.750000e-01 5.000000e-01 0.000000e+00
nan nan 9.719988e-01 6.250000e-01 5.000000e-01 0.000000e+00
nan nan 9.719988e-01 6.750000e-01 5.000000e-01 0.000000e+00
nan nan 9.719988e-01 7.250000e-01 5.000000e-01 0.000000e+00
nan nan 9.719988e-01 7.750000e-01 5.000000e-01 0.000000e+00
nan nan 9.719988e-01 8.250000e-01 5.000000e-01 0.000000e+00
nan nan 9.719988e-01 8.750000e-01 5.000000e-01 0.000000e+00
nan nan 9.719988e-01 9.250000e-01 5.000000e-01 0.000000e+00
nan nan 9.719988e-01 9.750000e-01 5.000000e-01 0.000000e+00
nan nan 9.719988e-01 1.025000e+00 5.000000e-01 0.000000e+00
nan nan 9.719988e-01 1.075000e+00 5.000000e-01 0.000000e+00
nan nan 9.719988e-01 1.125000e+00 5.000000e-01 0.000000e+00
nan nan 9.719988e-01 1.175000e+00 5.000000e-01 0.000000e+00
nan nan 9.719988e-01 1.225000e+00 5.000000e-01 0.000000e+00
nan nan 9.719988e-01 1.275000e+00 5.000000e-01 0.000000e+00
nan nan 9.719988e-01 1.325000e+00 5.000000e-01 0.000000e+00
nan nan 9.719988e-01 1.375000e+00 5.000000e-01 0.000000e+00
nan nan 9.719988e-01 1.425000e+00 5.000000e-01 0.000000e+00
nan nan 9.719988e-01 1.475000e+00 5.000000e-01 0.000000e+00
nan nan 9.719988e-01 1.525000e+00 5.000000e-01 0.000000e+00
nan nan 9.719988e-01 1.575000e+00 5.000000e-01 0.000000e+00
nan nan 9.719988e-01 1.625000e+00 5.000000e-01 0.000000e+00
nan nan 9.719988e-01 1.675000e+00 5.000000e-01 0.000000e+00
nan nan 9.719988e-01 1.725000e+00 5.000000e-01 0.000000e+00
nan nan 9.719988e-01 1.775000e+00 5.000000e-01 0.000000e+00
nan nan 9.719988e-01 1.825000e+00 5.000000e-01 0.000000e+00
nan nan 9.719988e-01 1.875000e+00 5.000000e-01 0.000000e+00
nan nan 9.719988e-01 1.925000e+00 5.000000e-01 0.000000e+00
nan nan 9.719988e-01 1.975000e+00 5.000000e-01 0.000000e+00
nan nan 9.719988e-01 2.025000e+00 5.000000e-01 0.000000e+00
nan nan 9.719988e-01 2.075000e+00 5.000000e-01 0.000000e+00
nan nan 9.719988e-01 2.125000e+00 5.000000e-01 0.000000e+00
nan nan 9.719988e-01 2.175000e+00 5.000000e-01 0.000000e+00
nan nan 9.719988e-01 2.225000e+00 5.000000e-01 0.000000e+00
nan nan 9.719988e-01 2.275000e+00 5.000000e-01 0.000000e+00
nan nan 9.719988e-01 2.325000e+00 5.000000e-01 0.000000e+00
nan nan 9.719988e-01 2.375000e+00 5.000000e-01 0.000000e+00
nan nan 9.719988e-01 2.425000e+00 5.000000e-01 0.000000e+00
nan nan 9.719988e-01 2.475000e+00 5.000000e-01 0.000000e+00
nan nan 9.719988e-01 2.525000e+00 5.000000e-01 0.000000e+00
nan nan 9.719988e-01 2.575000e+00 5.000000e-01 0.000000e+00
nan nan 9.719988e-01 2.625000e+00 5.000000e-01 0.000000e+00
nan nan 9.719988e-01 2.675000e+00 5.000000e-01 0.000000e+00
nan nan 9.719988e-01 2.725000e+00 5.000000e-01 0.000000e+00
nan nan 9.719988e-01 2.775000e+00 5.000000e-01 0.000000e+00
nan nan 9.719988e-01 2.825000e+00 5.000000e-01 0.000000e+00
nan nan 9.719988e-01 2.875000e+00 5.000000e-01 0.000000e+00
nan nan 9.819987e-01 2.500000e-02 5.000000e-01 0.000000e+00
nan nan 9.819987e-01 7.500000e-02 5.000000e-01 0.000000e+00
nan nan 9.819987e-01 1.250000e-01 5.000000e-01 0.000000e+00
nan nan 9.819987e-01 1.750000e-01 5.000000e-01 0.000000e+00
nan nan 9.819987e-01 2.250000e-01 5.000000e-01 0.000000e+00
nan nan 9.819987e-01 2.750000e-01 5.000000e-01 0.000000e+00
nan nan 9.819987e-01 3.250000e-01 5.000000e-01 0.000000e+00
nan nan 9.819987e-01 3.750000e-01 5.000000e-01 0.000000e+00
nan nan 9.819987e-01 4.250000e-01 5.000000e-01 0.000000e+00
nan nan 9.819987e-01 4.750000e-01 5.000000e-01 0.000000e+00
nan nan 9.819987e-01 5.250000e-01 5.000000e-01 0.000000e+00
nan nan 9.819987e-01 5.750000e-01 5.000000e-01 0.000000e+00
nan nan 9.819987e-01 6.250000e-01 5.000000e-01 0.000000e+00
nan nan 9.819987e-01 6.750000e-01 5.000000e-01 0.000000e+00
nan nan 9.819987e-01 7.250000e-01 5.000000e-01 0.000000e+00
nan nan 9.819987e-01 7.750000e-01 5.000000e-01 0.000000e+00
nan nan 9.819987e-01 8.250000e-01 5.000000e-01 0.000000e+00
nan nan 9.819987e-01 8.750000e-01 5.000000e-01 0.000000e+00
nan nan 9.819987e-01 9.250000e-01 5.000000e-01 0.000000e+00
nan nan 9.819987e-01 9.750000e-01 5.000000e-01 0.000000e+00
nan nan 9.819987e-01 1.025000e+00 5.000000e-01 0.000000e+00
nan nan 9.819987e-01 1.075000e+00 5.000000e-01 0.000000e+00
nan nan 9.819987e-01 1.125000e+00 5.000000e-01 0.000000e+00
nan nan 9.819987e-01 1.175000e+00 5.000000e-01 0.000000e+00
nan nan 9.819987e-01 1.225000e+00 5.000000e-01 0.000000e+00
nan nan 9.819987e-01 1.275000e+00 5.000000e-01 0.000000e+00
nan nan 9.819987e-01 1.325000e+00 5.000000e-01 0.000000e+00
nan nan 9.819987e-01 1.375000e+00 5.000000e-01 0.000000e+00
nan nan 9.819987e-01 1.425000e+00 5.000000e-01 0.000000e+00
nan nan 9.819987e-01 1.475000e+00 5.000000e-01 0.000000e+00
nan nan 9.819987e-01 1.525000e+00 5.000000e-01 0.000000e+00
nan nan 9.819987e-01 1.575000e+00 5.000000e-01 0.000000e+00
nan nan 9.819987e-01 1.625000e+00 5.000000e-01 0.000000e+00
nan nan 9.819987e-01 1.675000e+00 5.000000e-01 0.000000e+00
nan nan 9.819987e-01 1.725000e+00 5.000000e-01 0.000000e+00
nan nan 9.819987e-01 1.775000e+00 5.000000e-01 0.000000e+00
nan nan 9.819987e-01 1.825000e+00 5.000000e-01 0.000000e+00
nan nan 9.819987e-01 1.875000e+00 5.000000e-01 0.000000e+00
nan nan 9.819987e-01 1.925000e+00 5.000000e-01 0.000000e+00
nan nan 9.819987e-01 1.975000e+00 5.000000e-01 0.000000e+00
nan nan 9.819987e-01 2.025000e+00 5.000000e-01 0.000000e+00
nan nan 9.819987e-01 2.075000e+00 5.000000e-01 0.000000e+00
nan nan 9.819987e-01 2.125000e+00 5.000000e-01 0.000000e+00
nan nan 9.819987e-01 2.175000e+00 5.000000e-01 0.000000e+00
nan nan 9.819987e-01 2.225000e+00 5.000000e-01 0.000000e+00
nan nan 9.819987e-01 2.275000e+00 5.000000e-01 0.000000e+00
nan nan 9.819987e-01 2.325000e+00 5.000000e-01 0.000000e+00
nan nan 9.819987e-01 2.375000e+00 5.000000e-01 0.000000e+00
nan nan 9.819987e-01 2.425000e+00 5.000000e-01 0.000000e+00
nan nan 9.819987e-01 2.475000e+00 5.000000e-01 0.000000e+00
nan nan 9.819987e-01 2.525000e+00 5.000000e-01 0.000000e+00
nan nan 9.819987e-01 2.575000e+00 5.000000e-01 0.000000e+00
nan nan 9.819987e-01 2.625000e+00 5.000000e-01 0.000000e+00
nan nan 9.819987e-01 2.675000e+00 5.000000e-01 0.000000e+00
nan nan 9.819987e-01 2.725000e+00 5.000000e-01 0.000000e+00
nan nan 9.819987e-01 2.775000e+00 5.000000e-01 0.000000e+00
nan nan 9.819987e-01 2.825000e+00 5.000000e-01 0.000000e+00
nan nan 9.819987e-01 2.875000e+00 5.000000e-01 0.000000e+00
nan nan 9.919987e-01 2.500000e-02 5.000000e-01 0.000000e+00
nan nan 9.919987e-01 7.500000e-02 5.000000e-01 0.000000e+00
nan nan 9.919987e-01 1.250000e-01 5.000000e-01 0.000000e+00
nan nan 9.919987e-01 1.750000e-01 5.000000e-01 0.000000e+00
nan nan 9.919987e-01 2.250000e-01 5.000000e-01 0.000000e+00
nan nan 9.919987e-01 2.750000e-01 5.000000e-01 0.000000e+00
nan nan 9.919987e-01 3.250000e-01 5.000000e-01 0.000000e+00
nan nan 9.919987e-01 3.750000e-01 5.000000e-01 0.000000e+00
nan nan 9.919987e-01 4.250000e-01 5.000000e-01 0.000000e+00
nan nan 9.919987e-01 4.750000e-01 5.000000e-01 0.000000e+00
nan nan 9.919987e-01 5.250000e-01 5.000000e-01 0.000000e+00
nan nan 9.919987e-01 5.750000e-01 5.000000e-01 0.000000e+00
nan nan 9.919987e-01 6.250000e-01 5.000000e-01 0.000000e+00
nan nan 9.919987e-01 6.750000e-01 5.000000e-01 0.000000e+00
nan nan 9.919987e-01 7.250000e-01 5.000000e-01 0.000000e+00
nan nan 9.919987e-01 7.750000e-01 5.000000e-01 0.000000e+00
nan nan 9.919987e-01 8.250000e-01 5.000000e-01 0.000000e+00
nan nan 9.919987e-01 8.750000e-01 5.000000e-01 0.000000e+00
nan nan 9.919987e-01 9.250000e-01 5.000000e-01 0.000000e+00
nan nan 9.919987e-01 9.750000e-01 5.000000e-01 0.000000e+00
nan nan 9.919987e-01 1.025000e+00 5.000000e-01 0.000000e+00
nan nan 9.919987e-01 1.075000e+00 5.000000e-01 0.000000e+00
nan nan 9.919987e-01 1.125000e+00 5.000000e-01 0.000000e+00
nan nan 9.919987e-01 1.175000e+00 5.000000e-01 0.000000e+00
nan nan 9.919987e-01 1.225000e+00 5.000000e-01 0.000000e+00
nan nan 9.919987e-01 1.275000e+00 5.000000e-01 0.000000e+00
nan nan 9.919987e-01 1.325000e+00 5.000000e-01 0.000000e+00
nan nan 9.919987e-01 1.375000e+00 5.000000e-01 0.000000e+00
nan nan 9.919987e-01 1.425000e+00 5.000000e-01 0.000000e+00
nan nan 9.919987e-01 1.475000e+00 5.000000e-01 0.000000e+00
nan nan 9.919987e-01 1.525000e+00 5.000000e-01 0.000000e+00
nan nan 9.919987e-01 1.575000e+00 5.000000e-01 0.000000e+00
nan nan 9.919987e-01 1.625000e+00 5.000000e-01 0.000000e+00
nan nan 9.919987e-01 1.675000e+00 5.000000e-01 0.000000e+00
nan nan 9.919987e-01 1.725000e+00 5.000000e-01 0.000000e+00
nan nan 9.919987e-01 1.775000e+00 5.000000e-01 0.000000e+00
nan nan 9.919987e-01 1.825000e+00 5.000000e-01 0.000000e+00
nan nan 9.919987e-01 1.875000e+00 5.000000e-01 0.000000e+00
nan nan 9.919987e-01 1.925000e+00 5.000000e-01 0.000000e+00
nan nan 9.919987e-01 1.975000e+00 5.000000e-01 0.000000e+00
nan nan 9.919987e-01 2.025000e+00 5.000000e-01 0.000000e+00
nan nan 9.919987e-01 2.075000e+00 5.000000e-01 0.000000e+00
nan nan 9.919987e-01 2.125000e+00 5.000000e-01 0.000000e+00
nan nan 9.919987e-01 2.175000e+00 5.000000e-01 0.000000e+00
nan nan 9.919987e-01 2.225000e+00 5.000000e-01 0.000000e+00
nan nan 9.919987e-01 2.275000e+00 5.000000e-01 0.000000e+00
nan nan 9.919987e-01 2.325000e+00 5.000000e-01 0.000000e+00
nan nan 9.919987e-01 2.375000e+00 5.000000e-01 0.000000e+00
nan nan 9.919987e-01 2.425000e+00 5.000000e-01 0.000000e+00
nan nan 9.919987e-01 2.475000e+00 5.000000e-01 0.000000e+00
nan nan 9.919987e-01 2.525000e+00 5.000000e-01 0.000000e+00
nan nan 9.919987e-01 2.575000e+00 5.000000e-01 0.000000e+00
nan nan 9.919987e-01 2.625000e+00 5.000000e-01 0.000000e+00
nan nan 9.919987e-01 2.675000e+00 5.000000e-01 0.000000e+00
nan nan 9.919987e-01 2.725000e+00 5.000000e-01 0.000000e+00
nan nan 9.919987e-01 2.775000e+00 5.000000e-01 0.000000e+00
nan nan 9.919987e-01 2.825000e+00 5.000000e-01 0.000000e+00
nan nan 9.919987e-01 2.875000e+00 5.000000e-01 0.000000e+00
nan nan 1.001999e+00 2.500000e-02 5.000000e-01 0.000000e+00
nan nan 1.001999e+00 7.500000e-02 5.000000e-01 0.000000e+00
nan nan 1.001999e+00 1.250000e-01 5.000000e-01 0.000000e+00
nan nan 1.001999e+00 1.750000e-01 5.000000e-01 0.000000e+00
nan nan 1.001999e+00 2.250000e-01 5.000000e-01 0.000000e+00
nan nan 1.001999e+00 2.750000e-01 5.000000e-01 0.000000e+00
nan nan 1.001999e+00 3.250000e-01 5.000000e-01 0.000000e+00
nan nan 1.001999e+00 3.750000e-01 5.000000e-01 0.000000e+00
nan nan 1.001999e+00 4.250000e-01 5.000000e-01 0.000000e+00
nan nan 1.001999e+00 4.750000e-01 5.000000e-01 0.000000e+00
nan nan 1.001999e+00 5.250000e-01 5.000000e-01 0.000000e+00
nan nan 1.001999e+00 5.750000e-01 5.000000e-01 0.000000e+00
nan nan 1.001999e+00 6.250000e-01 5.000000e-01 0.000000e+00
nan nan 1.001999e+00 6.750000e-01 5.000000e-01 0.000000e+00
nan nan 1.001999e+00 7.250000e-01 5.000000e-01 0.000000e+00
nan nan 1.001999e+00 7.750000e-01 5.000000e-01 0.000000e+00
nan nan 1.001999e+00 8.250000e-01 5.000000e-01 0.000000e+00
nan nan 1.001999e+00 8.750000e-01 5.000000e-01 0.000000e+00
nan nan 1.001999e+00 9.250000e-01 5.000000e-01 0.000000e+00
nan nan 1.001999e+00 9.750000e-01 5.000000e-01 0.000000e+00
nan nan 1.001999e+00 1.025000e+00 5.000000e-01 0.000000e+00
nan nan 1.001999e+00 1.075000e+00 5.000000e-01 0.000000e+00
nan nan 1.001999e+00 1.125000e+00 5.000000e-01 0.000000e+00
nan nan 1.001999e+00 1.175000e+00 5.000000e-01 0.000000e+00
nan nan 1.001999e+00 1.225000e+00 5.000000e-01 0.000000e+00
nan nan 1.001999e+00 1.275000e+00 5.000000e-01 0.000000e+00
nan nan 1.001999e+00 1.325000e+00 5.000000e-01 0.000000e+00
nan nan 1.001999e+00 1.375000e+00 5.000000e-01 0.000000e+00
nan nan 1.001999e+00 1.425000e+00 5.000000e-01 0.000000e+00
nan nan 1.001999e+00 1.475000e+00 5.000000e-01 0.000000e+00
nan nan 1.001999e+00 1.525000e+00 5.000000e-01 0.000000e+00
nan nan 1.001999e+00 1.575000e+00 5.000000e-01 0.000000e+00
nan nan 1.001999e+00 1.625000e+00 5.000000e-01 0.000000e+00
nan nan 1.001999e+00 1.675000e+00 5.000000e-01 0.000000e+00
nan nan 1.001999e+00 1.725000e+00 5.000000e-01 0.000000e+00
nan nan 1.001999e+00 1.775000e+00 5.000000e-01 0.000000e+00
nan nan 1.001999e+00 1.825000e+00 5.000000e-01 0.000000e+00
nan nan 1.001999e+00 1.875000e+00 5.000000e-01 0.000000e+00
nan nan 1.001999e+00 1.925000e+00 5.000000e-01 0.000000e+00
nan nan 1.001999e+00 1.975000e+00 5.000000e-01 0.000000e+00
nan nan 1.001999e+00 2.025000e+00 5.000000e-01 0.000000e+00
nan nan 1.001999e+00 2.075000e+00 5.000000e-01 0.000000e+00
nan nan 1.001999e+00 2.125000e+00 5.000000e-01 0.000000e+00
nan nan 1.001999e+00 2.175000e+00 5.000000e-01 0.000000e+00
nan nan 1.001999e+00 2.225000e+00 5.000000e-01 0.000000e+00
nan nan 1.001999e+00 2.275000e+00 5.000000e-01 0.000000e+00
nan nan 1.001999e+00 2.325000e+00 5.000000e-01 0.000000e+00
nan nan 1.001999e+00 2.375000e+00 5.000000e-01 0.000000e+00
nan nan 1.001999e+00 2.425000e+00 5.000000e-01 0.000000e+00
nan nan 1.001999e+00 2.475000e+00 5.000000e-01 0.000000e+00
nan nan 1.001999e+00 2.525000e+00 5.000000e-01 0.000000e+00
nan nan 1.001999e+00 2.575000e+00 5.000000e-01 0.000000e+00
nan nan 1.001999e+00 2.625000e+00 5.000000e-01 0.000000e+00
nan nan 1.001999e+00 2.675000e+00 5.000000e-01 0.000000e+00
nan nan 1.001999e+00 2.725000e+00 5.000000e-01 0.000000e+00
nan nan 1.001999e+00 2.775000e+00 5.000000e-01 0.000000e+00
nan nan 1.001999e+00 2.825000e+00 5.000000e-01 0.000000e+00
nan nan 1.001999e+00 2.875000e+00 5.000000e-01 0.000000e+00
