# Intensity Error [H,-0.5H,0] DeltaE [0,K,0] [0,0,L]
#  shape: 134x58x1x1
4.678764e-01 4.334056e-03 -3.280000e-01 2.500000e-02 5.000000e-01 0.000000e+00
8.818770e-02 1.898379e-03 -3.280000e-01 7.500000e-02 5.000000e-01 0.000000e+00
7.586099e-03 5.532746e-04 -3.280000e-01 1.250000e-01 5.000000e-01 0.000000e+00
5.720030e-03 4.834320e-04 -3.280000e-01 1.750000e-01 5.000000e-01 0.000000e+00
5.197718e-03 4.594190e-04 -3.280000e-01 2.250000e-01 5.000000e-01 0.000000e+00
5.373650e-03 4.642138e-04 -3.280000e-01 2.750000e-01 5.000000e-01 0.000000e+00
5.196657e-03 4.593252e-04 -3.280000e-01 3.250000e-01 5.000000e-01 0.000000e+00
5.286924e-03 4.567219e-04 -3.280000e-01 3.750000e-01 5.000000e-01 0.000000e+00
4.424944e-03 4.144351e-04 -3.280000e-01 4.250000e-01 5.000000e-01 0.000000e+00
4.197831e-03 4.039377e-04 -3.280000e-01 4.750000e-01 5.000000e-01 0.000000e+00
4.091469e-03 3.973998e-04 -3.280000e-01 5.250000e-01 5.000000e-01 0.000000e+00
4.265508e-03 4.067015e-04 -3.280000e-01 5.750000e-01 5.000000e-01 0.000000e+00
2.920650e-03 3.350227e-04 -3.280000e-01 6.250000e-01 5.000000e-01 0.000000e+00
3.411885e-03 3.596456e-04 -3.280000e-01 6.750000e-01 5.000000e-01 0.000000e+00
3.342699e-03 3.563341e-04 -3.280000e-01 7.250000e-01 5.000000e-01 0.000000e+00
2.891444e-03 3.273929e-04 -3.280000e-01 7.750000e-01 5.000000e-01 0.000000e+00
3.020560e-03 3.335666e-04 -3.280000e-01 8.250000e-01 5.000000e-01 0.000000e+00
3.459286e-03 3.567996e-04 -3.280000e-01 8.750000e-01 5.000000e-01 0.000000e+00
2.341217e-03 2.926534e-04 -3.280000e-01 9.250000e-01 5.000000e-01 0.000000e+00
2.027554e-03 2.709447e-04 -3.280000e-01 9.750000e-01 5.000000e-01 0.000000e+00
2.161758e-03 2.790829e-04 -3.280000e-01 1.025000e+00 5.000000e-01 0.000000e+00
1.725525e-03 2.490593e-04 -3.280000e-01 1.075000e+00 5.000000e-01 0.000000e+00
1.620756e-03 2.389691e-04 -3.280000e-01 1.125000e+00 5.000000e-01 0.000000e+00
1.736182e-03 2.455346e-04 -3.280000e-01 1.175000e+00 5.000000e-01 0.000000e+00
1.525696e-03 2.300087e-04 -3.280000e-01 1.225000e+00 5.000000e-01 0.000000e+00
1.162005e-03 1.992833e-04 -3.280000e-01 1.275000e+00 5.000000e-01 0.000000e+00
9.532232e-04 1.801436e-04 -3.280000e-01 1.325000e+00 5.000000e-01 0.000000e+00
8.670032e-04 1.700343e-04 -3.280000e-01 1.375000e+00 5.000000e-01 0.000000e+00
1.328918e-03 2.101214e-04 -3.280000e-01 1.425000e+00 5.000000e-01 0.000000e+00
8.549072e-04 1.676618e-04 -3.280000e-01 1.475000e+00 5.000000e-01 0.000000e+00
9.692292e-04 1.769576e-04 -3.280000e-01 1.525000e+00 5.000000e-01 0.000000e+00
5.114338e-04 1.278589e-04 -3.280000e-01 1.575000e+00 5.000000e-01 0.000000e+00
4.452089e-04 1.189875e-04 -3.280000e-01 1.625000e+00 5.000000e-01 0.000000e+00
4.361143e-04 1.165577e-04 -3.280000e-01 1.675000e+00 5.000000e-01 0.000000e+00
6.784466e-04 1.446466e-04 -3.280000e-01 1.725000e+00 5.000000e-01 0.000000e+00
2.431489e-04 8.596701e-05 -3.280000e-01 1.775000e+00 5.000000e-01 0.000000e+00
4.208343e-04 1.124747e-04 -3.280000e-01 1.825000e+00 5.000000e-01 0.000000e+00
2.922932e-04 9.243174e-05 -3.280000e-01 1.875000e+00 5.000000e-01 0.000000e+00
3.491991e-04 1.008065e-04 -3.280000e-01 1.925000e+00 5.000000e-01 0.000000e+00
6.852656e-04 1.398809e-04 -3.280000e-01 1.975000e+00 5.000000e-01 0.000000e+00
3.912638e-04 1.045706e-04 -3.280000e-01 2.025000e+00 5.000000e-01 0.000000e+00
3.323826e-04 9.595157e-05 -3.280000e-01 2.075000e+00 5.000000e-01 0.000000e+00
4.286386e-04 1.071608e-04 -3.280000e-01 2.125000e+00 5.000000e-01 0.000000e+00
2.666090e-04 8.431058e-05 -3.280000e-01 2.175000e+00 5.000000e-01 0.000000e+00
4.154149e-04 1.038558e-04 -3.280000e-01 2.225000e+00 5.000000e-01 0.000000e+00
5.075106e-04 1.134855e-04 -3.280000e-01 2.275000e+00 5.000000e-01 0.000000e+00
4.970328e-04 1.111418e-04 -3.280000e-01 2.325000e+00 5.000000e-01 0.000000e+00
4.850551e-04 1.084651e-04 -3.280000e-01 2.375000e+00 5.000000e-01 0.000000e+00
5.195125e-04 1.107639e-04 -3.280000e-01 2.425000e+00 5.000000e-01 0.000000e+00
3.694558e-04 9.236642e-05 -3.280000e-01 2.475000e+00 5.000000e-01 0.000000e+00
7.145208e-04 1.263149e-04 -3.280000e-01 2.525000e+00 5.000000e-01 0.000000e+00
5.217450e-04 1.065057e-04 -3.280000e-01 2.575000e+00 5.000000e-01 0.000000e+00
2.515995e-04 7.263445e-05 -3.280000e-01 2.625000e+00 5.000000e-01 0.000000e+00
6.847325e-04 1.174378e-04 -3.280000e-01 2.675000e+00 5.000000e-01 0.000000e+00
4.629212e-04 9.449884e-05 -3.280000e-01 2.725000e+00 5.000000e-01 0.000000e+00
7.035422e-04 1.141366e-04 -3.280000e-01 2.775000e+00 5.000000e-01 0.000000e+00
8.853038e-04 1.252140e-04 -3.280000e-01 2.825000e+00 5.000000e-01 0.000000e+00
7.372877e-04 1.111684e-04 -3.280000e-01 2.875000e+00 5.000000e-01 0.000000e+00
4.805171e-01 4.389804e-03 -3.180000e-01 2.500000e-02 5.000000e-01 0.000000e+00
9.036588e-02 1.909331e-03 -3.180000e-01 7.500000e-02 5.000000e-01 0.000000e+00
7.709351e-03 5.592965e-04 -3.180000e-01 1.250000e-01 5.000000e-01 0.000000e+00
5.969084e-03 4.906568e-04 -3.180000e-01 1.750000e-01 5.000000e-01 0.000000e+00
5.176238e-03 4.575203e-04 -3.180000e-01 2.250000e-01 5.000000e-01 0.000000e+00
5.484613e-03 4.668825e-04 -3.180000e-01 2.750000e-01 5.000000e-01 0.000000e+00
4.720841e-03 4.345898e-04 -3.180000e-01 3.250000e-01 5.000000e-01 0.000000e+00
4.132655e-03 4.052414e-04 -3.180000e-01 3.750000e-01 5.000000e-01 0.000000e+00
4.573650e-03 4.210398e-04 -3.180000e-01 4.250000e-01 5.000000e-01 0.000000e+00
4.636726e-03 4.232744e-04 -3.180000e-01 4.750000e-01 5.000000e-01 0.000000e+00
2.840231e-03 3.301713e-04 -3.180000e-01 5.250000e-01 5.000000e-01 0.000000e+00
3.205532e-03 3.497534e-04 -3.180000e-01 5.750000e-01 5.000000e-01 0.000000e+00
3.599996e-03 3.713125e-04 -3.180000e-01 6.250000e-01 5.000000e-01 0.000000e+00
3.409572e-03 3.594018e-04 -3.180000e-01 6.750000e-01 5.000000e-01 0.000000e+00
3.832394e-03 3.794655e-04 -3.180000e-01 7.250000e-01 5.000000e-01 0.000000e+00
2.543166e-03 3.084052e-04 -3.180000e-01 7.750000e-01 5.000000e-01 0.000000e+00
2.859759e-03 3.238051e-04 -3.180000e-01 8.250000e-01 5.000000e-01 0.000000e+00
2.099347e-03 2.756586e-04 -3.180000e-01 8.750000e-01 5.000000e-01 0.000000e+00
1.665002e-03 2.454924e-04 -3.180000e-01 9.250000e-01 5.000000e-01 0.000000e+00
2.399967e-03 2.954174e-04 -3.180000e-01 9.750000e-01 5.000000e-01 0.000000e+00
2.300400e-03 2.875515e-04 -3.180000e-01 1.025000e+00 5.000000e-01 0.000000e+00
1.922030e-03 2.615561e-04 -3.180000e-01 1.075000e+00 5.000000e-01 0.000000e+00
1.610279e-03 2.374242e-04 -3.180000e-01 1.125000e+00 5.000000e-01 0.000000e+00
8.353898e-04 1.705244e-04 -3.180000e-01 1.175000e+00 5.000000e-01 0.000000e+00
9.569421e-04 1.808466e-04 -3.180000e-01 1.225000e+00 5.000000e-01 0.000000e+00
6.154158e-04 1.450557e-04 -3.180000e-01 1.275000e+00 5.000000e-01 0.000000e+00
4.737661e-04 1.266198e-04 -3.180000e-01 1.325000e+00 5.000000e-01 0.000000e+00
9.376466e-04 1.771994e-04 -3.180000e-01 1.375000e+00 5.000000e-01 0.000000e+00
1.580790e-03 2.281694e-04 -3.180000e-01 1.425000e+00 5.000000e-01 0.000000e+00
5.859172e-04 1.381029e-04 -3.180000e-01 1.475000e+00 5.000000e-01 0.000000e+00
7.730445e-04 1.577987e-04 -3.180000e-01 1.525000e+00 5.000000e-01 0.000000e+00
9.560465e-04 1.745514e-04 -3.180000e-01 1.575000e+00 5.000000e-01 0.000000e+00
1.881686e-04 7.682014e-05 -3.180000e-01 1.625000e+00 5.000000e-01 0.000000e+00
1.871277e-04 7.639462e-05 -3.180000e-01 1.675000e+00 5.000000e-01 0.000000e+00
1.045035e-03 1.792241e-04 -3.180000e-01 1.725000e+00 5.000000e-01 0.000000e+00
6.064292e-04 1.356035e-04 -3.180000e-01 1.775000e+00 5.000000e-01 0.000000e+00
4.152513e-04 1.109816e-04 -3.180000e-01 1.825000e+00 5.000000e-01 0.000000e+00
4.696393e-04 1.174106e-04 -3.180000e-01 1.875000e+00 5.000000e-01 0.000000e+00
3.461546e-04 9.992697e-05 -3.180000e-01 1.925000e+00 5.000000e-01 0.000000e+00
6.243326e-04 1.331107e-04 -3.180000e-01 1.975000e+00 5.000000e-01 0.000000e+00
6.152880e-04 1.311810e-04 -3.180000e-01 2.025000e+00 5.000000e-01 0.000000e+00
4.398537e-04 1.099658e-04 -3.180000e-01 2.075000e+00 5.000000e-01 0.000000e+00
3.243634e-04 9.363786e-05 -3.180000e-01 2.125000e+00 5.000000e-01 0.000000e+00
5.274288e-04 1.179396e-04 -3.180000e-01 2.175000e+00 5.000000e-01 0.000000e+00
7.262447e-04 1.372505e-04 -3.180000e-01 2.225000e+00 5.000000e-01 0.000000e+00
5.559985e-04 1.185408e-04 -3.180000e-01 2.275000e+00 5.000000e-01 0.000000e+00
5.464696e-04 1.165103e-04 -3.180000e-01 2.325000e+00 5.000000e-01 0.000000e+00
6.756675e-04 1.276937e-04 -3.180000e-01 2.375000e+00 5.000000e-01 0.000000e+00
4.238977e-04 9.991558e-05 -3.180000e-01 2.425000e+00 5.000000e-01 0.000000e+00
3.667497e-04 9.168927e-05 -3.180000e-01 2.475000e+00 5.000000e-01 0.000000e+00
6.210552e-04 1.173722e-04 -3.180000e-01 2.525000e+00 5.000000e-01 0.000000e+00
3.448009e-04 8.620421e-05 -3.180000e-01 2.575000e+00 5.000000e-01 0.000000e+00
3.737106e-04 8.808769e-05 -3.180000e-01 2.625000e+00 5.000000e-01 0.000000e+00
7.639670e-04 1.239392e-04 -3.180000e-01 2.675000e+00 5.000000e-01 0.000000e+00
4.242563e-04 9.045928e-05 -3.180000e-01 2.725000e+00 5.000000e-01 0.000000e+00
7.400061e-04 1.170167e-04 -3.180000e-01 2.775000e+00 5.000000e-01 0.000000e+00
8.389787e-04 1.211070e-04 -3.180000e-01 2.825000e+00 5.000000e-01 0.000000e+00
1.005820e-03 1.298700e-04 -3.180000e-01 2.875000e+00 5.000000e-01 0.000000e+00
4.673662e-01 4.351416e-03 -3.080000e-01 2.500000e-02 5.000000e-01 0.000000e+00
8.944732e-02 1.890767e-03 -3.080000e-01 7.500000e-02 5.000000e-01 0.000000e+00
8.364613e-03 5.827917e-04 -3.080000e-01 1.250000e-01 5.000000e-01 0.000000e+00
7.028300e-03 5.297793e-04 -3.080000e-01 1.750000e-01 5.000000e-01 0.000000e+00
5.598319e-03 4.731453e-04 -3.080000e-01 2.250000e-01 5.000000e-01 0.000000e+00
4.966351e-03 4.459926e-04 -3.080000e-01 2.750000e-01 5.000000e-01 0.000000e+00
3.807871e-03 3.886405e-04 -3.080000e-01 3.250000e-01 5.000000e-01 0.000000e+00
4.903928e-03 4.403869e-04 -3.080000e-01 3.750000e-01 5.000000e-01 0.000000e+00
4.260446e-03 4.062187e-04 -3.080000e-01 4.250000e-01 5.000000e-01 0.000000e+00
4.767622e-03 4.281464e-04 -3.080000e-01 4.750000e-01 5.000000e-01 0.000000e+00
4.172326e-03 3.978169e-04 -3.080000e-01 5.250000e-01 5.000000e-01 0.000000e+00
3.644829e-03 3.720002e-04 -3.080000e-01 5.750000e-01 5.000000e-01 0.000000e+00
3.040422e-03 3.399308e-04 -3.080000e-01 6.250000e-01 5.000000e-01 0.000000e+00
4.022594e-03 3.907103e-04 -3.080000e-01 6.750000e-01 5.000000e-01 0.000000e+00
3.058688e-03 3.377767e-04 -3.080000e-01 7.250000e-01 5.000000e-01 0.000000e+00
2.505372e-03 3.038224e-04 -3.080000e-01 7.750000e-01 5.000000e-01 0.000000e+00
2.626316e-03 3.095154e-04 -3.080000e-01 8.250000e-01 5.000000e-01 0.000000e+00
2.924395e-03 3.269586e-04 -3.080000e-01 8.750000e-01 5.000000e-01 0.000000e+00
2.234219e-03 2.837473e-04 -3.080000e-01 9.250000e-01 5.000000e-01 0.000000e+00
3.383445e-03 3.489775e-04 -3.080000e-01 9.750000e-01 5.000000e-01 0.000000e+00
2.356781e-03 2.901010e-04 -3.080000e-01 1.025000e+00 5.000000e-01 0.000000e+00
2.337676e-03 2.877495e-04 -3.080000e-01 1.075000e+00 5.000000e-01 0.000000e+00
1.798805e-03 2.494504e-04 -3.080000e-01 1.125000e+00 5.000000e-01 0.000000e+00
1.239303e-03 2.065516e-04 -3.080000e-01 1.175000e+00 5.000000e-01 0.000000e+00
1.512933e-03 2.280851e-04 -3.080000e-01 1.225000e+00 5.000000e-01 0.000000e+00
6.144149e-04 1.448195e-04 -3.080000e-01 1.275000e+00 5.000000e-01 0.000000e+00
9.445573e-04 1.785055e-04 -3.080000e-01 1.325000e+00 5.000000e-01 0.000000e+00
1.193322e-03 1.988880e-04 -3.080000e-01 1.375000e+00 5.000000e-01 0.000000e+00
9.787771e-04 1.787006e-04 -3.080000e-01 1.425000e+00 5.000000e-01 0.000000e+00
9.724863e-04 1.775524e-04 -3.080000e-01 1.475000e+00 5.000000e-01 0.000000e+00
5.813658e-04 1.370305e-04 -3.080000e-01 1.525000e+00 5.000000e-01 0.000000e+00
3.811880e-04 1.100400e-04 -3.080000e-01 1.575000e+00 5.000000e-01 0.000000e+00
8.138764e-04 1.596167e-04 -3.080000e-01 1.625000e+00 5.000000e-01 0.000000e+00
8.663302e-04 1.637234e-04 -3.080000e-01 1.675000e+00 5.000000e-01 0.000000e+00
9.787599e-04 1.730236e-04 -3.080000e-01 1.725000e+00 5.000000e-01 0.000000e+00
6.602919e-04 1.407760e-04 -3.080000e-01 1.775000e+00 5.000000e-01 0.000000e+00
4.169924e-04 1.114471e-04 -3.080000e-01 1.825000e+00 5.000000e-01 0.000000e+00
7.608476e-04 1.492157e-04 -3.080000e-01 1.875000e+00 5.000000e-01 0.000000e+00
7.474176e-04 1.465817e-04 -3.080000e-01 1.925000e+00 5.000000e-01 0.000000e+00
4.526344e-04 1.131603e-04 -3.080000e-01 1.975000e+00 5.000000e-01 0.000000e+00
4.992923e-04 1.176865e-04 -3.080000e-01 2.025000e+00 5.000000e-01 0.000000e+00
4.365990e-04 1.091506e-04 -3.080000e-01 2.075000e+00 5.000000e-01 0.000000e+00
4.288519e-04 1.072150e-04 -3.080000e-01 2.125000e+00 5.000000e-01 0.000000e+00
6.273774e-04 1.280656e-04 -3.080000e-01 2.175000e+00 5.000000e-01 0.000000e+00
6.188678e-04 1.263288e-04 -3.080000e-01 2.225000e+00 5.000000e-01 0.000000e+00
6.027786e-04 1.230440e-04 -3.080000e-01 2.275000e+00 5.000000e-01 0.000000e+00
4.423520e-04 1.042654e-04 -3.080000e-01 2.325000e+00 5.000000e-01 0.000000e+00
4.824852e-04 1.078898e-04 -3.080000e-01 2.375000e+00 5.000000e-01 0.000000e+00
3.732488e-04 9.331455e-05 -3.080000e-01 2.425000e+00 5.000000e-01 0.000000e+00
4.089072e-04 9.638282e-05 -3.080000e-01 2.475000e+00 5.000000e-01 0.000000e+00
3.979893e-04 9.381087e-05 -3.080000e-01 2.525000e+00 5.000000e-01 0.000000e+00
2.571455e-04 7.423599e-05 -3.080000e-01 2.575000e+00 5.000000e-01 0.000000e+00
5.360968e-04 1.051454e-04 -3.080000e-01 2.625000e+00 5.000000e-01 0.000000e+00
5.179870e-04 1.015936e-04 -3.080000e-01 2.675000e+00 5.000000e-01 0.000000e+00
6.133970e-04 1.084437e-04 -3.080000e-01 2.725000e+00 5.000000e-01 0.000000e+00
7.725964e-04 1.192252e-04 -3.080000e-01 2.775000e+00 5.000000e-01 0.000000e+00
9.082435e-04 1.259641e-04 -3.080000e-01 2.825000e+00 5.000000e-01 0.000000e+00
1.154075e-03 1.379595e-04 -3.080000e-01 2.875000e+00 5.000000e-01 0.000000e+00
4.739121e-01 4.367167e-03 -2.980000e-01 2.500000e-02 5.000000e-01 0.000000e+00
8.870197e-02 1.878371e-03 -2.980000e-01 7.500000e-02 5.000000e-01 0.000000e+00
7.658244e-03 5.526876e-04 -2.980000e-01 1.250000e-01 5.000000e-01 0.000000e+00
7.203763e-03 5.369381e-04 -2.980000e-01 1.750000e-01 5.000000e-01 0.000000e+00
4.932981e-03 4.429959e-04 -2.980000e-01 2.250000e-01 5.000000e-01 0.000000e+00
4.944452e-03 4.440263e-04 -2.980000e-01 2.750000e-01 5.000000e-01 0.000000e+00
4.446208e-03 4.201285e-04 -2.980000e-01 3.250000e-01 5.000000e-01 0.000000e+00
3.599526e-03 3.752776e-04 -2.980000e-01 3.750000e-01 5.000000e-01 0.000000e+00
4.357846e-03 4.081509e-04 -2.980000e-01 4.250000e-01 5.000000e-01 0.000000e+00
4.725646e-03 4.243769e-04 -2.980000e-01 4.750000e-01 5.000000e-01 0.000000e+00
4.917396e-03 4.312854e-04 -2.980000e-01 5.250000e-01 5.000000e-01 0.000000e+00
3.174318e-03 3.463476e-04 -2.980000e-01 5.750000e-01 5.000000e-01 0.000000e+00
4.176409e-03 3.982062e-04 -2.980000e-01 6.250000e-01 5.000000e-01 0.000000e+00
3.533149e-03 3.644176e-04 -2.980000e-01 6.750000e-01 5.000000e-01 0.000000e+00
2.620510e-03 3.132122e-04 -2.980000e-01 7.250000e-01 5.000000e-01 0.000000e+00
2.361794e-03 2.952255e-04 -2.980000e-01 7.750000e-01 5.000000e-01 0.000000e+00
2.182952e-03 2.818187e-04 -2.980000e-01 8.250000e-01 5.000000e-01 0.000000e+00
2.453485e-03 2.975296e-04 -2.980000e-01 8.750000e-01 5.000000e-01 0.000000e+00
2.889785e-03 3.230894e-04 -2.980000e-01 9.250000e-01 5.000000e-01 0.000000e+00
2.232178e-03 2.834875e-04 -2.980000e-01 9.750000e-01 5.000000e-01 0.000000e+00
2.479216e-03 2.963241e-04 -2.980000e-01 1.025000e+00 5.000000e-01 0.000000e+00
1.819799e-03 2.523619e-04 -2.980000e-01 1.075000e+00 5.000000e-01 0.000000e+00
1.453174e-03 2.242308e-04 -2.980000e-01 1.125000e+00 5.000000e-01 0.000000e+00
1.433648e-03 2.212180e-04 -2.980000e-01 1.175000e+00 5.000000e-01 0.000000e+00
1.366882e-03 2.161246e-04 -2.980000e-01 1.225000e+00 5.000000e-01 0.000000e+00
9.533596e-04 1.801693e-04 -2.980000e-01 1.275000e+00 5.000000e-01 0.000000e+00
1.005876e-03 1.836483e-04 -2.980000e-01 1.325000e+00 5.000000e-01 0.000000e+00
1.249007e-03 2.026165e-04 -2.980000e-01 1.375000e+00 5.000000e-01 0.000000e+00
9.790019e-04 1.787418e-04 -2.980000e-01 1.425000e+00 5.000000e-01 0.000000e+00
7.133649e-04 1.520909e-04 -2.980000e-01 1.475000e+00 5.000000e-01 0.000000e+00
7.071322e-04 1.507623e-04 -2.980000e-01 1.525000e+00 5.000000e-01 0.000000e+00
8.796077e-04 1.662315e-04 -2.980000e-01 1.575000e+00 5.000000e-01 0.000000e+00
8.111325e-04 1.590779e-04 -2.980000e-01 1.625000e+00 5.000000e-01 0.000000e+00
4.920926e-04 1.230242e-04 -2.980000e-01 1.675000e+00 5.000000e-01 0.000000e+00
4.251563e-04 1.136286e-04 -2.980000e-01 1.725000e+00 5.000000e-01 0.000000e+00
4.198869e-04 1.122204e-04 -2.980000e-01 1.775000e+00 5.000000e-01 0.000000e+00
3.546524e-04 1.023810e-04 -2.980000e-01 1.825000e+00 5.000000e-01 0.000000e+00
5.241593e-04 1.235467e-04 -2.980000e-01 1.875000e+00 5.000000e-01 0.000000e+00
4.594078e-04 1.148535e-04 -2.980000e-01 1.925000e+00 5.000000e-01 0.000000e+00
3.957913e-04 1.057806e-04 -2.980000e-01 1.975000e+00 5.000000e-01 0.000000e+00
6.086969e-04 1.297775e-04 -2.980000e-01 2.025000e+00 5.000000e-01 0.000000e+00
7.617488e-04 1.439589e-04 -2.980000e-01 2.075000e+00 5.000000e-01 0.000000e+00
2.672967e-04 8.452791e-05 -2.980000e-01 2.125000e+00 5.000000e-01 0.000000e+00
6.284429e-04 1.282830e-04 -2.980000e-01 2.175000e+00 5.000000e-01 0.000000e+00
5.599684e-04 1.193876e-04 -2.980000e-01 2.225000e+00 5.000000e-01 0.000000e+00
5.540470e-04 1.181245e-04 -2.980000e-01 2.275000e+00 5.000000e-01 0.000000e+00
5.386893e-04 1.148507e-04 -2.980000e-01 2.325000e+00 5.000000e-01 0.000000e+00
5.258164e-04 1.121074e-04 -2.980000e-01 2.375000e+00 5.000000e-01 0.000000e+00
5.120218e-04 1.091693e-04 -2.980000e-01 2.425000e+00 5.000000e-01 0.000000e+00
3.608421e-04 9.021318e-05 -2.980000e-01 2.475000e+00 5.000000e-01 0.000000e+00
6.165161e-04 1.165146e-04 -2.980000e-01 2.525000e+00 5.000000e-01 0.000000e+00
5.565204e-04 1.091449e-04 -2.980000e-01 2.575000e+00 5.000000e-01 0.000000e+00
5.759257e-04 1.088450e-04 -2.980000e-01 2.625000e+00 5.000000e-01 0.000000e+00
7.893138e-04 1.248055e-04 -2.980000e-01 2.675000e+00 5.000000e-01 0.000000e+00
3.441125e-04 8.111450e-05 -2.980000e-01 2.725000e+00 5.000000e-01 0.000000e+00
5.093258e-04 9.626139e-05 -2.980000e-01 2.775000e+00 5.000000e-01 0.000000e+00
8.713507e-04 1.232420e-04 -2.980000e-01 2.825000e+00 5.000000e-01 0.000000e+00
8.229845e-04 1.163999e-04 -2.980000e-01 2.875000e+00 5.000000e-01 0.000000e+00
4.753633e-01 4.341996e-03 -2.880000e-01 2.500000e-02 5.000000e-01 0.000000e+00
8.644300e-02 1.856525e-03 -2.880000e-01 7.500000e-02 5.000000e-01 0.000000e+00
8.300625e-03 5.727992e-04 -2.880000e-01 1.250000e-01 5.000000e-01 0.000000e+00
7.043691e-03 5.279483e-04 -2.880000e-01 1.750000e-01 5.000000e-01 0.000000e+00
4.773142e-03 4.357276e-04 -2.880000e-01 2.250000e-01 5.000000e-01 0.000000e+00
5.308015e-03 4.585440e-04 -2.880000e-01 2.750000e-01 5.000000e-01 0.000000e+00
4.726209e-03 4.314428e-04 -2.880000e-01 3.250000e-01 5.000000e-01 0.000000e+00
4.380299e-03 4.139006e-04 -2.880000e-01 3.750000e-01 5.000000e-01 0.000000e+00
4.382424e-03 4.068989e-04 -2.880000e-01 4.250000e-01 5.000000e-01 0.000000e+00
4.546119e-03 4.150034e-04 -2.880000e-01 4.750000e-01 5.000000e-01 0.000000e+00
3.261883e-03 3.517389e-04 -2.880000e-01 5.250000e-01 5.000000e-01 0.000000e+00
2.998781e-03 3.352749e-04 -2.880000e-01 5.750000e-01 5.000000e-01 0.000000e+00
3.979684e-03 3.865426e-04 -2.880000e-01 6.250000e-01 5.000000e-01 0.000000e+00
2.477435e-03 3.049525e-04 -2.880000e-01 6.750000e-01 5.000000e-01 0.000000e+00
3.138646e-03 3.424556e-04 -2.880000e-01 7.250000e-01 5.000000e-01 0.000000e+00
2.580033e-03 3.083743e-04 -2.880000e-01 7.750000e-01 5.000000e-01 0.000000e+00
2.967269e-03 3.276813e-04 -2.880000e-01 8.250000e-01 5.000000e-01 0.000000e+00
2.514905e-03 3.005897e-04 -2.880000e-01 8.750000e-01 5.000000e-01 0.000000e+00
2.646724e-03 3.076768e-04 -2.880000e-01 9.250000e-01 5.000000e-01 0.000000e+00
1.492921e-03 2.303634e-04 -2.880000e-01 9.750000e-01 5.000000e-01 0.000000e+00
1.200208e-03 2.058349e-04 -2.880000e-01 1.025000e+00 5.000000e-01 0.000000e+00
1.323765e-03 2.147441e-04 -2.880000e-01 1.075000e+00 5.000000e-01 0.000000e+00
1.934920e-03 2.585656e-04 -2.880000e-01 1.125000e+00 5.000000e-01 0.000000e+00
1.368210e-03 2.163338e-04 -2.880000e-01 1.175000e+00 5.000000e-01 0.000000e+00
1.220852e-03 2.034768e-04 -2.880000e-01 1.225000e+00 5.000000e-01 0.000000e+00
1.407793e-03 2.172290e-04 -2.880000e-01 1.275000e+00 5.000000e-01 0.000000e+00
1.465713e-03 2.209661e-04 -2.880000e-01 1.325000e+00 5.000000e-01 0.000000e+00
5.264382e-04 1.316105e-04 -2.880000e-01 1.375000e+00 5.000000e-01 0.000000e+00
8.444087e-04 1.656037e-04 -2.880000e-01 1.425000e+00 5.000000e-01 0.000000e+00
5.162549e-04 1.290648e-04 -2.880000e-01 1.475000e+00 5.000000e-01 0.000000e+00
6.332362e-04 1.415967e-04 -2.880000e-01 1.525000e+00 5.000000e-01 0.000000e+00
2.532950e-04 8.955361e-05 -2.880000e-01 1.575000e+00 5.000000e-01 0.000000e+00
4.973921e-04 1.243497e-04 -2.880000e-01 1.625000e+00 5.000000e-01 0.000000e+00
2.449354e-04 8.659832e-05 -2.880000e-01 1.675000e+00 5.000000e-01 0.000000e+00
6.630540e-04 1.413647e-04 -2.880000e-01 1.725000e+00 5.000000e-01 0.000000e+00
4.776969e-04 1.194249e-04 -2.880000e-01 1.775000e+00 5.000000e-01 0.000000e+00
2.943731e-04 9.309024e-05 -2.880000e-01 1.825000e+00 5.000000e-01 0.000000e+00
5.214601e-04 1.229105e-04 -2.880000e-01 1.875000e+00 5.000000e-01 0.000000e+00
5.138881e-04 1.211267e-04 -2.880000e-01 1.925000e+00 5.000000e-01 0.000000e+00
5.608749e-04 1.254171e-04 -2.880000e-01 1.975000e+00 5.000000e-01 0.000000e+00
3.311991e-04 9.561002e-05 -2.880000e-01 2.025000e+00 5.000000e-01 0.000000e+00
4.864235e-04 1.146524e-04 -2.880000e-01 2.075000e+00 5.000000e-01 0.000000e+00
4.234482e-04 1.058636e-04 -2.880000e-01 2.125000e+00 5.000000e-01 0.000000e+00
4.697621e-04 1.107257e-04 -2.880000e-01 2.175000e+00 5.000000e-01 0.000000e+00
3.561096e-04 9.517575e-05 -2.880000e-01 2.225000e+00 5.000000e-01 0.000000e+00
4.015303e-04 1.003844e-04 -2.880000e-01 2.275000e+00 5.000000e-01 0.000000e+00
3.878182e-04 9.695630e-05 -2.880000e-01 2.325000e+00 5.000000e-01 0.000000e+00
3.812735e-04 9.531953e-05 -2.880000e-01 2.375000e+00 5.000000e-01 0.000000e+00
3.243348e-04 8.668510e-05 -2.880000e-01 2.425000e+00 5.000000e-01 0.000000e+00
5.426327e-04 1.107685e-04 -2.880000e-01 2.475000e+00 5.000000e-01 0.000000e+00
3.047610e-04 8.145401e-05 -2.880000e-01 2.525000e+00 5.000000e-01 0.000000e+00
7.212941e-04 1.237064e-04 -2.880000e-01 2.575000e+00 5.000000e-01 0.000000e+00
5.330922e-04 1.045528e-04 -2.880000e-01 2.625000e+00 5.000000e-01 0.000000e+00
5.552688e-04 1.049416e-04 -2.880000e-01 2.675000e+00 5.000000e-01 0.000000e+00
9.128518e-04 1.317660e-04 -2.880000e-01 2.725000e+00 5.000000e-01 0.000000e+00
5.828823e-04 1.030481e-04 -2.880000e-01 2.775000e+00 5.000000e-01 0.000000e+00
9.659853e-04 1.291001e-04 -2.880000e-01 2.825000e+00 5.000000e-01 0.000000e+00
1.051239e-03 1.294159e-04 -2.880000e-01 2.875000e+00 5.000000e-01 0.000000e+00
4.847538e-01 4.367692e-03 -2.780001e-01 2.500000e-02 5.000000e-01 0.000000e+00
8.621050e-02 1.847276e-03 -2.780001e-01 7.500000e-02 5.000000e-01 0.000000e+00
9.156131e-03 6.037390e-04 -2.780001e-01 1.250000e-01 5.000000e-01 0.000000e+00
5.815661e-03 4.780454e-04 -2.780001e-01 1.750000e-01 5.000000e-01 0.000000e+00
6.695430e-03 5.135176e-04 -2.780001e-01 2.250000e-01 5.000000e-01 0.000000e+00
4.329503e-03 4.128032e-04 -2.780001e-01 2.750000e-01 5.000000e-01 0.000000e+00
4.613742e-03 4.247306e-04 -2.780001e-01 3.250000e-01 5.000000e-01 0.000000e+00
4.116960e-03 3.998754e-04 -2.780001e-01 3.750000e-01 5.000000e-01 0.000000e+00
4.023663e-03 3.908140e-04 -2.780001e-01 4.250000e-01 5.000000e-01 0.000000e+00
4.949522e-03 4.308020e-04 -2.780001e-01 4.750000e-01 5.000000e-01 0.000000e+00
3.468195e-03 3.615856e-04 -2.780001e-01 5.250000e-01 5.000000e-01 0.000000e+00
3.607369e-03 3.681769e-04 -2.780001e-01 5.750000e-01 5.000000e-01 0.000000e+00
3.128400e-03 3.413377e-04 -2.780001e-01 6.250000e-01 5.000000e-01 0.000000e+00
3.642989e-03 3.679986e-04 -2.780001e-01 6.750000e-01 5.000000e-01 0.000000e+00
2.464241e-03 3.033280e-04 -2.780001e-01 7.250000e-01 5.000000e-01 0.000000e+00
3.095794e-03 3.377797e-04 -2.780001e-01 7.750000e-01 5.000000e-01 0.000000e+00
3.177092e-03 3.386804e-04 -2.780001e-01 8.250000e-01 5.000000e-01 0.000000e+00
2.991789e-03 3.264323e-04 -2.780001e-01 8.750000e-01 5.000000e-01 0.000000e+00
2.064740e-03 2.711147e-04 -2.780001e-01 9.250000e-01 5.000000e-01 0.000000e+00
1.836374e-03 2.546604e-04 -2.780001e-01 9.750000e-01 5.000000e-01 0.000000e+00
1.837833e-03 2.548631e-04 -2.780001e-01 1.025000e+00 5.000000e-01 0.000000e+00
1.669558e-03 2.409808e-04 -2.780001e-01 1.075000e+00 5.000000e-01 0.000000e+00
9.567313e-04 1.808061e-04 -2.780001e-01 1.125000e+00 5.000000e-01 0.000000e+00
1.706816e-03 2.413816e-04 -2.780001e-01 1.175000e+00 5.000000e-01 0.000000e+00
1.281475e-03 2.078837e-04 -2.780001e-01 1.225000e+00 5.000000e-01 0.000000e+00
1.538674e-03 2.268669e-04 -2.780001e-01 1.275000e+00 5.000000e-01 0.000000e+00
1.185943e-03 1.976583e-04 -2.780001e-01 1.325000e+00 5.000000e-01 0.000000e+00
9.170804e-04 1.733126e-04 -2.780001e-01 1.375000e+00 5.000000e-01 0.000000e+00
9.738978e-04 1.778099e-04 -2.780001e-01 1.425000e+00 5.000000e-01 0.000000e+00
4.480174e-04 1.197383e-04 -2.780001e-01 1.475000e+00 5.000000e-01 0.000000e+00
1.011128e-03 1.787456e-04 -2.780001e-01 1.525000e+00 5.000000e-01 0.000000e+00
6.865187e-04 1.463673e-04 -2.780001e-01 1.575000e+00 5.000000e-01 0.000000e+00
7.443073e-04 1.519326e-04 -2.780001e-01 1.625000e+00 5.000000e-01 0.000000e+00
5.469516e-04 1.289191e-04 -2.780001e-01 1.675000e+00 5.000000e-01 0.000000e+00
7.215672e-04 1.472905e-04 -2.780001e-01 1.725000e+00 5.000000e-01 0.000000e+00
4.743335e-04 1.185850e-04 -2.780001e-01 1.775000e+00 5.000000e-01 0.000000e+00
4.095393e-04 1.094554e-04 -2.780001e-01 1.825000e+00 5.000000e-01 0.000000e+00
9.813198e-04 1.682974e-04 -2.780001e-01 1.875000e+00 5.000000e-01 0.000000e+00
4.521818e-04 1.130468e-04 -2.780001e-01 1.925000e+00 5.000000e-01 0.000000e+00
1.664514e-04 6.795371e-05 -2.780001e-01 1.975000e+00 5.000000e-01 0.000000e+00
3.868795e-04 1.033995e-04 -2.780001e-01 2.025000e+00 5.000000e-01 0.000000e+00
4.301699e-04 1.075433e-04 -2.780001e-01 2.075000e+00 5.000000e-01 0.000000e+00
2.637464e-04 8.340448e-05 -2.780001e-01 2.125000e+00 5.000000e-01 0.000000e+00
5.694500e-04 1.214095e-04 -2.780001e-01 2.175000e+00 5.000000e-01 0.000000e+00
8.643251e-04 1.482339e-04 -2.780001e-01 2.225000e+00 5.000000e-01 0.000000e+00
4.454592e-04 1.049977e-04 -2.780001e-01 2.275000e+00 5.000000e-01 0.000000e+00
6.316852e-04 1.238861e-04 -2.780001e-01 2.325000e+00 5.000000e-01 0.000000e+00
4.730676e-04 1.057837e-04 -2.780001e-01 2.375000e+00 5.000000e-01 0.000000e+00
4.151975e-04 9.786652e-05 -2.780001e-01 2.425000e+00 5.000000e-01 0.000000e+00
5.843556e-04 1.146066e-04 -2.780001e-01 2.475000e+00 5.000000e-01 0.000000e+00
5.220229e-04 1.065629e-04 -2.780001e-01 2.525000e+00 5.000000e-01 0.000000e+00
5.495064e-04 1.077724e-04 -2.780001e-01 2.575000e+00 5.000000e-01 0.000000e+00
7.319614e-04 1.219968e-04 -2.780001e-01 2.625000e+00 5.000000e-01 0.000000e+00
5.154632e-04 1.010948e-04 -2.780001e-01 2.675000e+00 5.000000e-01 0.000000e+00
7.928823e-04 1.223546e-04 -2.780001e-01 2.725000e+00 5.000000e-01 0.000000e+00
7.954241e-04 1.199282e-04 -2.780001e-01 2.775000e+00 5.000000e-01 0.000000e+00
9.198723e-04 1.251923e-04 -2.780001e-01 2.825000e+00 5.000000e-01 0.000000e+00
1.063998e-03 1.290438e-04 -2.780001e-01 2.875000e+00 5.000000e-01 0.000000e+00
4.817604e-01 4.358805e-03 -2.680001e-01 2.500000e-02 5.000000e-01 0.000000e+00
8.517871e-02 1.827687e-03 -2.680001e-01 7.500000e-02 5.000000e-01 0.000000e+00
8.473705e-03 5.792519e-04 -2.680001e-01 1.250000e-01 5.000000e-01 0.000000e+00
5.713222e-03 4.761029e-04 -2.680001e-01 1.750000e-01 5.000000e-01 0.000000e+00
5.465650e-03 4.619330e-04 -2.680001e-01 2.250000e-01 5.000000e-01 0.000000e+00
5.380548e-03 4.580238e-04 -2.680001e-01 2.750000e-01 5.000000e-01 0.000000e+00
4.739333e-03 4.290803e-04 -2.680001e-01 3.250000e-01 5.000000e-01 0.000000e+00
3.698502e-03 3.774778e-04 -2.680001e-01 3.750000e-01 5.000000e-01 0.000000e+00
3.635090e-03 3.710060e-04 -2.680001e-01 4.250000e-01 5.000000e-01 0.000000e+00
4.361040e-03 4.049136e-04 -2.680001e-01 4.750000e-01 5.000000e-01 0.000000e+00
3.603238e-03 3.677550e-04 -2.680001e-01 5.250000e-01 5.000000e-01 0.000000e+00
3.868152e-03 3.793048e-04 -2.680001e-01 5.750000e-01 5.000000e-01 0.000000e+00
3.336562e-03 3.517057e-04 -2.680001e-01 6.250000e-01 5.000000e-01 0.000000e+00
3.270242e-03 3.486101e-04 -2.680001e-01 6.750000e-01 5.000000e-01 0.000000e+00
3.273785e-03 3.489881e-04 -2.680001e-01 7.250000e-01 5.000000e-01 0.000000e+00
1.900466e-03 2.635482e-04 -2.680001e-01 7.750000e-01 5.000000e-01 0.000000e+00
2.856105e-03 3.193236e-04 -2.680001e-01 8.250000e-01 5.000000e-01 0.000000e+00
3.195865e-03 3.368751e-04 -2.680001e-01 8.750000e-01 5.000000e-01 0.000000e+00
3.251526e-03 3.389967e-04 -2.680001e-01 9.250000e-01 5.000000e-01 0.000000e+00
2.041914e-03 2.681178e-04 -2.680001e-01 9.750000e-01 5.000000e-01 0.000000e+00
1.832621e-03 2.541399e-04 -2.680001e-01 1.025000e+00 5.000000e-01 0.000000e+00
2.231973e-03 2.789978e-04 -2.680001e-01 1.075000e+00 5.000000e-01 0.000000e+00
1.650898e-03 2.382876e-04 -2.680001e-01 1.125000e+00 5.000000e-01 0.000000e+00
1.282307e-03 2.080190e-04 -2.680001e-01 1.175000e+00 5.000000e-01 0.000000e+00
1.270342e-03 2.060777e-04 -2.680001e-01 1.225000e+00 5.000000e-01 0.000000e+00
1.207284e-03 2.012152e-04 -2.680001e-01 1.275000e+00 5.000000e-01 0.000000e+00
9.920928e-04 1.811314e-04 -2.680001e-01 1.325000e+00 5.000000e-01 0.000000e+00
7.826269e-04 1.597542e-04 -2.680001e-01 1.375000e+00 5.000000e-01 0.000000e+00
1.088259e-03 1.866364e-04 -2.680001e-01 1.425000e+00 5.000000e-01 0.000000e+00
8.302486e-04 1.628265e-04 -2.680001e-01 1.475000e+00 5.000000e-01 0.000000e+00
1.014383e-03 1.793207e-04 -2.680001e-01 1.525000e+00 5.000000e-01 0.000000e+00
8.111499e-04 1.590812e-04 -2.680001e-01 1.575000e+00 5.000000e-01 0.000000e+00
7.959462e-04 1.560996e-04 -2.680001e-01 1.625000e+00 5.000000e-01 0.000000e+00
6.677150e-04 1.423583e-04 -2.680001e-01 1.675000e+00 5.000000e-01 0.000000e+00
3.611046e-04 1.042429e-04 -2.680001e-01 1.725000e+00 5.000000e-01 0.000000e+00
4.145723e-04 1.108003e-04 -2.680001e-01 1.775000e+00 5.000000e-01 0.000000e+00
5.809699e-04 1.299102e-04 -2.680001e-01 1.825000e+00 5.000000e-01 0.000000e+00
7.453152e-04 1.461693e-04 -2.680001e-01 1.875000e+00 5.000000e-01 0.000000e+00
5.649142e-04 1.263200e-04 -2.680001e-01 1.925000e+00 5.000000e-01 0.000000e+00
2.222653e-04 7.858275e-05 -2.680001e-01 1.975000e+00 5.000000e-01 0.000000e+00
4.362414e-04 1.090620e-04 -2.680001e-01 2.025000e+00 5.000000e-01 0.000000e+00
2.682495e-04 8.482909e-05 -2.680001e-01 2.075000e+00 5.000000e-01 0.000000e+00
3.683146e-04 9.843714e-05 -2.680001e-01 2.125000e+00 5.000000e-01 0.000000e+00
3.599935e-04 9.621495e-05 -2.680001e-01 2.175000e+00 5.000000e-01 0.000000e+00
4.029935e-04 1.007493e-04 -2.680001e-01 2.225000e+00 5.000000e-01 0.000000e+00
5.940996e-04 1.212732e-04 -2.680001e-01 2.275000e+00 5.000000e-01 0.000000e+00
3.397400e-04 9.080128e-05 -2.680001e-01 2.325000e+00 5.000000e-01 0.000000e+00
3.772601e-04 9.431713e-05 -2.680001e-01 2.375000e+00 5.000000e-01 0.000000e+00
5.029298e-04 1.072272e-04 -2.680001e-01 2.425000e+00 5.000000e-01 0.000000e+00
3.570980e-04 8.927610e-05 -2.680001e-01 2.475000e+00 5.000000e-01 0.000000e+00
6.065995e-04 1.146411e-04 -2.680001e-01 2.525000e+00 5.000000e-01 0.000000e+00
4.637247e-04 9.886911e-05 -2.680001e-01 2.575000e+00 5.000000e-01 0.000000e+00
8.139456e-04 1.287027e-04 -2.680001e-01 2.625000e+00 5.000000e-01 0.000000e+00
5.859500e-04 1.069872e-04 -2.680001e-01 2.675000e+00 5.000000e-01 0.000000e+00
6.411147e-04 1.099571e-04 -2.680001e-01 2.725000e+00 5.000000e-01 0.000000e+00
9.643837e-04 1.312502e-04 -2.680001e-01 2.775000e+00 5.000000e-01 0.000000e+00
6.342253e-04 1.028934e-04 -2.680001e-01 2.825000e+00 5.000000e-01 0.000000e+00
1.000052e-03 1.231102e-04 -2.680001e-01 2.875000e+00 5.000000e-01 0.000000e+00
4.862220e-01 4.386623e-03 -2.580001e-01 2.500000e-02 5.000000e-01 0.000000e+00
9.235422e-02 1.901084e-03 -2.580001e-01 7.500000e-02 5.000000e-01 0.000000e+00
7.824948e-03 5.533087e-04 -2.580001e-01 1.250000e-01 5.000000e-01 0.000000e+00
6.445481e-03 5.033088e-04 -2.580001e-01 1.750000e-01 5.000000e-01 0.000000e+00
5.481766e-03 4.632949e-04 -2.580001e-01 2.250000e-01 5.000000e-01 0.000000e+00
5.335659e-03 4.542028e-04 -2.580001e-01 2.750000e-01 5.000000e-01 0.000000e+00
4.635955e-03 4.232040e-04 -2.580001e-01 3.250000e-01 5.000000e-01 0.000000e+00
4.448756e-03 4.130579e-04 -2.580001e-01 3.750000e-01 5.000000e-01 0.000000e+00
4.377750e-03 4.064654e-04 -2.580001e-01 4.250000e-01 5.000000e-01 0.000000e+00
5.159474e-03 4.392048e-04 -2.580001e-01 4.750000e-01 5.000000e-01 0.000000e+00
4.328732e-03 4.019138e-04 -2.580001e-01 5.250000e-01 5.000000e-01 0.000000e+00
4.009505e-03 3.858159e-04 -2.580001e-01 5.750000e-01 5.000000e-01 0.000000e+00
3.110857e-03 3.394234e-04 -2.580001e-01 6.250000e-01 5.000000e-01 0.000000e+00
4.204251e-03 3.937658e-04 -2.580001e-01 6.750000e-01 5.000000e-01 0.000000e+00
3.259880e-03 3.475058e-04 -2.580001e-01 7.250000e-01 5.000000e-01 0.000000e+00
1.891195e-03 2.622623e-04 -2.580001e-01 7.750000e-01 5.000000e-01 0.000000e+00
3.131955e-03 3.338692e-04 -2.580001e-01 8.250000e-01 5.000000e-01 0.000000e+00
2.956970e-03 3.226333e-04 -2.580001e-01 8.750000e-01 5.000000e-01 0.000000e+00
2.392548e-03 2.901401e-04 -2.580001e-01 9.250000e-01 5.000000e-01 0.000000e+00
2.671198e-03 3.064089e-04 -2.580001e-01 9.750000e-01 5.000000e-01 0.000000e+00
2.041133e-03 2.680151e-04 -2.580001e-01 1.025000e+00 5.000000e-01 0.000000e+00
1.669895e-03 2.410300e-04 -2.580001e-01 1.075000e+00 5.000000e-01 0.000000e+00
1.566843e-03 2.310194e-04 -2.580001e-01 1.125000e+00 5.000000e-01 0.000000e+00
1.337760e-03 2.115196e-04 -2.580001e-01 1.175000e+00 5.000000e-01 0.000000e+00
1.401820e-03 2.163065e-04 -2.580001e-01 1.225000e+00 5.000000e-01 0.000000e+00
7.973036e-04 1.627500e-04 -2.580001e-01 1.275000e+00 5.000000e-01 0.000000e+00
1.059140e-03 1.872327e-04 -2.580001e-01 1.325000e+00 5.000000e-01 0.000000e+00
1.102681e-03 1.891094e-04 -2.580001e-01 1.375000e+00 5.000000e-01 0.000000e+00
8.965829e-04 1.694395e-04 -2.580001e-01 1.425000e+00 5.000000e-01 0.000000e+00
3.781400e-04 1.091603e-04 -2.580001e-01 1.475000e+00 5.000000e-01 0.000000e+00
8.213333e-04 1.610777e-04 -2.580001e-01 1.525000e+00 5.000000e-01 0.000000e+00
1.114911e-03 1.858200e-04 -2.580001e-01 1.575000e+00 5.000000e-01 0.000000e+00
7.328373e-04 1.495915e-04 -2.580001e-01 1.625000e+00 5.000000e-01 0.000000e+00
6.715009e-04 1.431658e-04 -2.580001e-01 1.675000e+00 5.000000e-01 0.000000e+00
7.760567e-04 1.521986e-04 -2.580001e-01 1.725000e+00 5.000000e-01 0.000000e+00
5.848125e-04 1.307694e-04 -2.580001e-01 1.775000e+00 5.000000e-01 0.000000e+00
2.914392e-04 9.216184e-05 -2.580001e-01 1.825000e+00 5.000000e-01 0.000000e+00
2.289378e-04 8.094228e-05 -2.580001e-01 1.875000e+00 5.000000e-01 0.000000e+00
4.464741e-04 1.116200e-04 -2.580001e-01 1.925000e+00 5.000000e-01 0.000000e+00
3.891816e-04 1.040148e-04 -2.580001e-01 1.975000e+00 5.000000e-01 0.000000e+00
1.629228e-04 6.651312e-05 -2.580001e-01 2.025000e+00 5.000000e-01 0.000000e+00
3.737252e-04 9.988299e-05 -2.580001e-01 2.075000e+00 5.000000e-01 0.000000e+00
3.674928e-04 9.821794e-05 -2.580001e-01 2.125000e+00 5.000000e-01 0.000000e+00
6.192148e-04 1.263988e-04 -2.580001e-01 2.175000e+00 5.000000e-01 0.000000e+00
3.010096e-04 8.689597e-05 -2.580001e-01 2.225000e+00 5.000000e-01 0.000000e+00
5.423402e-04 1.156295e-04 -2.580001e-01 2.275000e+00 5.000000e-01 0.000000e+00
3.353627e-04 8.963070e-05 -2.580001e-01 2.325000e+00 5.000000e-01 0.000000e+00
3.733561e-04 9.334123e-05 -2.580001e-01 2.375000e+00 5.000000e-01 0.000000e+00
2.738215e-04 7.904760e-05 -2.580001e-01 2.425000e+00 5.000000e-01 0.000000e+00
4.862941e-04 1.036823e-04 -2.580001e-01 2.475000e+00 5.000000e-01 0.000000e+00
6.037399e-04 1.141008e-04 -2.580001e-01 2.525000e+00 5.000000e-01 0.000000e+00
3.756174e-04 8.853602e-05 -2.580001e-01 2.575000e+00 5.000000e-01 0.000000e+00
6.473441e-04 1.144406e-04 -2.580001e-01 2.625000e+00 5.000000e-01 0.000000e+00
4.256101e-04 9.074376e-05 -2.580001e-01 2.675000e+00 5.000000e-01 0.000000e+00
5.209880e-04 9.846358e-05 -2.580001e-01 2.725000e+00 5.000000e-01 0.000000e+00
7.018256e-04 1.109781e-04 -2.580001e-01 2.775000e+00 5.000000e-01 0.000000e+00
7.111654e-04 1.072237e-04 -2.580001e-01 2.825000e+00 5.000000e-01 0.000000e+00
9.425381e-04 1.178304e-04 -2.580001e-01 2.875000e+00 5.000000e-01 0.000000e+00
4.819265e-01 4.342218e-03 -2.480001e-01 2.500000e-02 5.000000e-01 0.000000e+00
8.911579e-02 1.872084e-03 -2.480001e-01 7.500000e-02 5.000000e-01 0.000000e+00
7.388680e-03 5.360324e-04 -2.480001e-01 1.250000e-01 5.000000e-01 0.000000e+00
7.075350e-03 5.244612e-04 -2.480001e-01 1.750000e-01 5.000000e-01 0.000000e+00
4.993779e-03 4.413929e-04 -2.480001e-01 2.250000e-01 5.000000e-01 0.000000e+00
5.312079e-03 4.555083e-04 -2.480001e-01 2.750000e-01 5.000000e-01 0.000000e+00
4.326012e-03 4.087708e-04 -2.480001e-01 3.250000e-01 5.000000e-01 0.000000e+00
3.653796e-03 3.729148e-04 -2.480001e-01 3.750000e-01 5.000000e-01 0.000000e+00
4.608098e-03 4.171988e-04 -2.480001e-01 4.250000e-01 5.000000e-01 0.000000e+00
3.987471e-03 3.836956e-04 -2.480001e-01 4.750000e-01 5.000000e-01 0.000000e+00
4.566129e-03 4.100519e-04 -2.480001e-01 5.250000e-01 5.000000e-01 0.000000e+00
2.882079e-03 3.263320e-04 -2.480001e-01 5.750000e-01 5.000000e-01 0.000000e+00
3.485424e-03 3.594952e-04 -2.480001e-01 6.250000e-01 5.000000e-01 0.000000e+00
3.240361e-03 3.454246e-04 -2.480001e-01 6.750000e-01 5.000000e-01 0.000000e+00
3.897982e-03 3.786069e-04 -2.480001e-01 7.250000e-01 5.000000e-01 0.000000e+00
2.461929e-03 2.985538e-04 -2.480001e-01 7.750000e-01 5.000000e-01 0.000000e+00
2.901747e-03 3.204454e-04 -2.480001e-01 8.250000e-01 5.000000e-01 0.000000e+00
2.453099e-03 2.932027e-04 -2.480001e-01 8.750000e-01 5.000000e-01 0.000000e+00
2.869330e-03 3.168657e-04 -2.480001e-01 9.250000e-01 5.000000e-01 0.000000e+00
2.655852e-03 3.046487e-04 -2.480001e-01 9.750000e-01 5.000000e-01 0.000000e+00
1.617098e-03 2.384291e-04 -2.480001e-01 1.025000e+00 5.000000e-01 0.000000e+00
1.724864e-03 2.439337e-04 -2.480001e-01 1.075000e+00 5.000000e-01 0.000000e+00
1.560565e-03 2.300936e-04 -2.480001e-01 1.125000e+00 5.000000e-01 0.000000e+00
1.532335e-03 2.259320e-04 -2.480001e-01 1.175000e+00 5.000000e-01 0.000000e+00
1.728884e-03 2.397547e-04 -2.480001e-01 1.225000e+00 5.000000e-01 0.000000e+00
1.324068e-03 2.093548e-04 -2.480001e-01 1.275000e+00 5.000000e-01 0.000000e+00
9.905482e-04 1.808497e-04 -2.480001e-01 1.325000e+00 5.000000e-01 0.000000e+00
1.157196e-03 1.928673e-04 -2.480001e-01 1.375000e+00 5.000000e-01 0.000000e+00
8.923226e-04 1.686337e-04 -2.480001e-01 1.425000e+00 5.000000e-01 0.000000e+00
4.451817e-04 1.189800e-04 -2.480001e-01 1.475000e+00 5.000000e-01 0.000000e+00
7.531172e-04 1.537303e-04 -2.480001e-01 1.525000e+00 5.000000e-01 0.000000e+00
7.978697e-04 1.564759e-04 -2.480001e-01 1.575000e+00 5.000000e-01 0.000000e+00
4.262429e-04 1.139188e-04 -2.480001e-01 1.625000e+00 5.000000e-01 0.000000e+00
4.835575e-04 1.208903e-04 -2.480001e-01 1.675000e+00 5.000000e-01 0.000000e+00
3.570144e-04 1.030617e-04 -2.480001e-01 1.725000e+00 5.000000e-01 0.000000e+00
7.580531e-04 1.486686e-04 -2.480001e-01 1.775000e+00 5.000000e-01 0.000000e+00
2.884392e-04 9.121368e-05 -2.480001e-01 1.825000e+00 5.000000e-01 0.000000e+00
4.540761e-04 1.135203e-04 -2.480001e-01 1.875000e+00 5.000000e-01 0.000000e+00
2.797356e-04 8.846239e-05 -2.480001e-01 1.925000e+00 5.000000e-01 0.000000e+00
4.400033e-04 1.100022e-04 -2.480001e-01 1.975000e+00 5.000000e-01 0.000000e+00
4.325127e-04 1.081295e-04 -2.480001e-01 2.025000e+00 5.000000e-01 0.000000e+00
3.717227e-04 9.934861e-05 -2.480001e-01 2.075000e+00 5.000000e-01 0.000000e+00
5.703635e-04 1.216042e-04 -2.480001e-01 2.125000e+00 5.000000e-01 0.000000e+00
2.554231e-04 8.077390e-05 -2.480001e-01 2.175000e+00 5.000000e-01 0.000000e+00
1.998445e-04 7.065702e-05 -2.480001e-01 2.225000e+00 5.000000e-01 0.000000e+00
5.380891e-04 1.147252e-04 -2.480001e-01 2.275000e+00 5.000000e-01 0.000000e+00
3.862815e-04 9.657170e-05 -2.480001e-01 2.325000e+00 5.000000e-01 0.000000e+00
4.207545e-04 9.917465e-05 -2.480001e-01 2.375000e+00 5.000000e-01 0.000000e+00
4.559379e-04 1.019526e-04 -2.480001e-01 2.425000e+00 5.000000e-01 0.000000e+00
6.609364e-04 1.206749e-04 -2.480001e-01 2.475000e+00 5.000000e-01 0.000000e+00
6.439199e-04 1.175680e-04 -2.480001e-01 2.525000e+00 5.000000e-01 0.000000e+00
5.395256e-04 1.058151e-04 -2.480001e-01 2.575000e+00 5.000000e-01 0.000000e+00
4.793065e-04 9.784467e-05 -2.480001e-01 2.625000e+00 5.000000e-01 0.000000e+00
6.581823e-04 1.128860e-04 -2.480001e-01 2.675000e+00 5.000000e-01 0.000000e+00
6.221197e-04 1.067016e-04 -2.480001e-01 2.725000e+00 5.000000e-01 0.000000e+00
7.832224e-04 1.154889e-04 -2.480001e-01 2.775000e+00 5.000000e-01 0.000000e+00
7.867326e-04 1.112705e-04 -2.480001e-01 2.825000e+00 5.000000e-01 0.000000e+00
8.568391e-04 1.106314e-04 -2.480001e-01 2.875000e+00 5.000000e-01 0.000000e+00
4.704078e-01 4.257137e-03 -2.380001e-01 2.500000e-02 5.000000e-01 0.000000e+00
8.482711e-02 1.810994e-03 -2.380001e-01 7.500000e-02 5.000000e-01 0.000000e+00
6.730553e-03 5.132012e-04 -2.380001e-01 1.250000e-01 5.000000e-01 0.000000e+00
5.859084e-03 4.783933e-04 -2.380001e-01 1.750000e-01 5.000000e-01 0.000000e+00
6.380410e-03 4.982275e-04 -2.380001e-01 2.250000e-01 5.000000e-01 0.000000e+00
5.507399e-03 4.621720e-04 -2.380001e-01 2.750000e-01 5.000000e-01 0.000000e+00
5.265783e-03 4.515384e-04 -2.380001e-01 3.250000e-01 5.000000e-01 0.000000e+00
5.684361e-03 4.610640e-04 -2.380001e-01 3.750000e-01 5.000000e-01 0.000000e+00
4.608950e-03 4.138970e-04 -2.380001e-01 4.250000e-01 5.000000e-01 0.000000e+00
4.080927e-03 3.891023e-04 -2.380001e-01 4.750000e-01 5.000000e-01 0.000000e+00
3.845416e-03 3.770753e-04 -2.380001e-01 5.250000e-01 5.000000e-01 0.000000e+00
4.850674e-03 4.221983e-04 -2.380001e-01 5.750000e-01 5.000000e-01 0.000000e+00
3.827259e-03 3.752950e-04 -2.380001e-01 6.250000e-01 5.000000e-01 0.000000e+00
2.877074e-03 3.257658e-04 -2.380001e-01 6.750000e-01 5.000000e-01 0.000000e+00
3.292506e-03 3.470620e-04 -2.380001e-01 7.250000e-01 5.000000e-01 0.000000e+00
2.947490e-03 3.254969e-04 -2.380001e-01 7.750000e-01 5.000000e-01 0.000000e+00
1.818293e-03 2.521526e-04 -2.380001e-01 8.250000e-01 5.000000e-01 0.000000e+00
2.647661e-03 3.037084e-04 -2.380001e-01 8.750000e-01 5.000000e-01 0.000000e+00
2.164875e-03 2.749407e-04 -2.380001e-01 9.250000e-01 5.000000e-01 0.000000e+00
1.535625e-03 2.315051e-04 -2.380001e-01 9.750000e-01 5.000000e-01 0.000000e+00
1.751032e-03 2.476347e-04 -2.380001e-01 1.025000e+00 5.000000e-01 0.000000e+00
1.846371e-03 2.512604e-04 -2.380001e-01 1.075000e+00 5.000000e-01 0.000000e+00
2.298231e-03 2.787030e-04 -2.380001e-01 1.125000e+00 5.000000e-01 0.000000e+00
9.952220e-04 1.817026e-04 -2.380001e-01 1.175000e+00 5.000000e-01 0.000000e+00
9.299039e-04 1.757367e-04 -2.380001e-01 1.225000e+00 5.000000e-01 0.000000e+00
1.058073e-03 1.870437e-04 -2.380001e-01 1.275000e+00 5.000000e-01 0.000000e+00
7.808463e-04 1.593907e-04 -2.380001e-01 1.325000e+00 5.000000e-01 0.000000e+00
1.024572e-03 1.811218e-04 -2.380001e-01 1.375000e+00 5.000000e-01 0.000000e+00
4.453816e-04 1.190344e-04 -2.380001e-01 1.425000e+00 5.000000e-01 0.000000e+00
6.359589e-04 1.422061e-04 -2.380001e-01 1.475000e+00 5.000000e-01 0.000000e+00
5.600882e-04 1.320144e-04 -2.380001e-01 1.525000e+00 5.000000e-01 0.000000e+00
2.463480e-04 8.709730e-05 -2.380001e-01 1.575000e+00 5.000000e-01 0.000000e+00
4.851630e-04 1.212915e-04 -2.380001e-01 1.625000e+00 5.000000e-01 0.000000e+00
4.186181e-04 1.118808e-04 -2.380001e-01 1.675000e+00 5.000000e-01 0.000000e+00
5.913263e-04 1.322257e-04 -2.380001e-01 1.725000e+00 5.000000e-01 0.000000e+00
3.492764e-04 1.008287e-04 -2.380001e-01 1.775000e+00 5.000000e-01 0.000000e+00
6.320174e-04 1.347478e-04 -2.380001e-01 1.825000e+00 5.000000e-01 0.000000e+00
3.401739e-04 9.820023e-05 -2.380001e-01 1.875000e+00 5.000000e-01 0.000000e+00
2.230618e-04 7.886496e-05 -2.380001e-01 1.925000e+00 5.000000e-01 0.000000e+00
5.453955e-04 1.219556e-04 -2.380001e-01 1.975000e+00 5.000000e-01 0.000000e+00
4.820489e-04 1.136218e-04 -2.380001e-01 2.025000e+00 5.000000e-01 0.000000e+00
4.759245e-04 1.121794e-04 -2.380001e-01 2.075000e+00 5.000000e-01 0.000000e+00
3.642442e-04 9.734938e-05 -2.380001e-01 2.125000e+00 5.000000e-01 0.000000e+00
5.579823e-04 1.189646e-04 -2.380001e-01 2.175000e+00 5.000000e-01 0.000000e+00
3.988193e-04 9.970747e-05 -2.380001e-01 2.225000e+00 5.000000e-01 0.000000e+00
6.783686e-04 1.282019e-04 -2.380001e-01 2.275000e+00 5.000000e-01 0.000000e+00
2.360225e-04 7.463950e-05 -2.380001e-01 2.325000e+00 5.000000e-01 0.000000e+00
5.112720e-04 1.090067e-04 -2.380001e-01 2.375000e+00 5.000000e-01 0.000000e+00
3.160489e-04 8.446883e-05 -2.380001e-01 2.425000e+00 5.000000e-01 0.000000e+00
4.827989e-04 1.029381e-04 -2.380001e-01 2.475000e+00 5.000000e-01 0.000000e+00
4.695287e-04 1.001091e-04 -2.380001e-01 2.525000e+00 5.000000e-01 0.000000e+00
4.549325e-04 9.699733e-05 -2.380001e-01 2.575000e+00 5.000000e-01 0.000000e+00
8.389563e-04 1.294584e-04 -2.380001e-01 2.625000e+00 5.000000e-01 0.000000e+00
5.697700e-04 1.040325e-04 -2.380001e-01 2.675000e+00 5.000000e-01 0.000000e+00
7.567854e-04 1.167806e-04 -2.380001e-01 2.725000e+00 5.000000e-01 0.000000e+00
8.331418e-04 1.178366e-04 -2.380001e-01 2.775000e+00 5.000000e-01 0.000000e+00
8.525297e-04 1.139340e-04 -2.380001e-01 2.825000e+00 5.000000e-01 0.000000e+00
9.535833e-04 1.156525e-04 -2.380001e-01 2.875000e+00 5.000000e-01 0.000000e+00
4.665555e-01 4.194879e-03 -2.280001e-01 2.500000e-02 5.000000e-01 0.000000e+00
8.041252e-02 1.760626e-03 -2.280001e-01 7.500000e-02 5.000000e-01 0.000000e+00
7.580123e-03 5.414386e-04 -2.280001e-01 1.250000e-01 5.000000e-01 0.000000e+00
5.700969e-03 4.686182e-04 -2.280001e-01 1.750000e-01 5.000000e-01 0.000000e+00
6.534826e-03 5.041742e-04 -2.280001e-01 2.250000e-01 5.000000e-01 0.000000e+00
4.163842e-03 4.006671e-04 -2.280001e-01 2.750000e-01 5.000000e-01 0.000000e+00
4.500417e-03 4.142984e-04 -2.280001e-01 3.250000e-01 5.000000e-01 0.000000e+00
4.530396e-03 4.135679e-04 -2.280001e-01 3.750000e-01 5.000000e-01 0.000000e+00
4.084940e-03 3.894850e-04 -2.280001e-01 4.250000e-01 5.000000e-01 0.000000e+00
5.688200e-03 4.583697e-04 -2.280001e-01 4.750000e-01 5.000000e-01 0.000000e+00
3.762957e-03 3.725893e-04 -2.280001e-01 5.250000e-01 5.000000e-01 0.000000e+00
3.607640e-03 3.644278e-04 -2.280001e-01 5.750000e-01 5.000000e-01 0.000000e+00
3.946003e-03 3.797055e-04 -2.280001e-01 6.250000e-01 5.000000e-01 0.000000e+00
3.856315e-03 3.745597e-04 -2.280001e-01 6.750000e-01 5.000000e-01 0.000000e+00
2.590293e-03 3.052699e-04 -2.280001e-01 7.250000e-01 5.000000e-01 0.000000e+00
1.779177e-03 2.516143e-04 -2.280001e-01 7.750000e-01 5.000000e-01 0.000000e+00
2.530933e-03 2.982745e-04 -2.280001e-01 8.250000e-01 5.000000e-01 0.000000e+00
2.643191e-03 3.031960e-04 -2.280001e-01 8.750000e-01 5.000000e-01 0.000000e+00
2.229853e-03 2.787327e-04 -2.280001e-01 9.250000e-01 5.000000e-01 0.000000e+00
1.738818e-03 2.459067e-04 -2.280001e-01 9.750000e-01 5.000000e-01 0.000000e+00
1.180334e-03 2.024263e-04 -2.280001e-01 1.025000e+00 5.000000e-01 0.000000e+00
1.566196e-03 2.309240e-04 -2.280001e-01 1.075000e+00 5.000000e-01 0.000000e+00
1.675879e-03 2.370060e-04 -2.280001e-01 1.125000e+00 5.000000e-01 0.000000e+00
2.111573e-03 2.639479e-04 -2.280001e-01 1.175000e+00 5.000000e-01 0.000000e+00
1.592360e-03 2.298386e-04 -2.280001e-01 1.225000e+00 5.000000e-01 0.000000e+00
1.513180e-03 2.231076e-04 -2.280001e-01 1.275000e+00 5.000000e-01 0.000000e+00
1.035169e-03 1.829950e-04 -2.280001e-01 1.325000e+00 5.000000e-01 0.000000e+00
9.578510e-04 1.748801e-04 -2.280001e-01 1.375000e+00 5.000000e-01 0.000000e+00
1.331683e-03 2.054847e-04 -2.280001e-01 1.425000e+00 5.000000e-01 0.000000e+00
6.917108e-04 1.474738e-04 -2.280001e-01 1.475000e+00 5.000000e-01 0.000000e+00
9.344183e-04 1.706020e-04 -2.280001e-01 1.525000e+00 5.000000e-01 0.000000e+00
6.718238e-04 1.432341e-04 -2.280001e-01 1.575000e+00 5.000000e-01 0.000000e+00
6.032388e-04 1.348896e-04 -2.280001e-01 1.625000e+00 5.000000e-01 0.000000e+00
5.930100e-04 1.326023e-04 -2.280001e-01 1.675000e+00 5.000000e-01 0.000000e+00
7.072725e-04 1.443723e-04 -2.280001e-01 1.725000e+00 5.000000e-01 0.000000e+00
6.387812e-04 1.361903e-04 -2.280001e-01 1.775000e+00 5.000000e-01 0.000000e+00
5.128285e-04 1.208755e-04 -2.280001e-01 1.825000e+00 5.000000e-01 0.000000e+00
5.085404e-04 1.198652e-04 -2.280001e-01 1.875000e+00 5.000000e-01 0.000000e+00
3.889974e-04 1.039651e-04 -2.280001e-01 1.925000e+00 5.000000e-01 0.000000e+00
4.893066e-04 1.153326e-04 -2.280001e-01 1.975000e+00 5.000000e-01 0.000000e+00
4.282343e-04 1.070601e-04 -2.280001e-01 2.025000e+00 5.000000e-01 0.000000e+00
3.659075e-04 9.779431e-05 -2.280001e-01 2.075000e+00 5.000000e-01 0.000000e+00
3.614214e-04 9.659563e-05 -2.280001e-01 2.125000e+00 5.000000e-01 0.000000e+00
3.045045e-04 8.790536e-05 -2.280001e-01 2.175000e+00 5.000000e-01 0.000000e+00
2.962677e-04 8.552606e-05 -2.280001e-01 2.225000e+00 5.000000e-01 0.000000e+00
4.852624e-04 1.085100e-04 -2.280001e-01 2.275000e+00 5.000000e-01 0.000000e+00
4.731220e-04 1.057963e-04 -2.280001e-01 2.325000e+00 5.000000e-01 0.000000e+00
6.029666e-04 1.182562e-04 -2.280001e-01 2.375000e+00 5.000000e-01 0.000000e+00
4.963994e-04 1.058373e-04 -2.280001e-01 2.425000e+00 5.000000e-01 0.000000e+00
4.363308e-04 9.756948e-05 -2.280001e-01 2.475000e+00 5.000000e-01 0.000000e+00
4.246925e-04 9.496674e-05 -2.280001e-01 2.525000e+00 5.000000e-01 0.000000e+00
4.116778e-04 9.205900e-05 -2.280001e-01 2.575000e+00 5.000000e-01 0.000000e+00
6.330231e-04 1.119117e-04 -2.280001e-01 2.625000e+00 5.000000e-01 0.000000e+00
5.217434e-04 9.860813e-05 -2.280001e-01 2.675000e+00 5.000000e-01 0.000000e+00
7.304696e-04 1.127209e-04 -2.280001e-01 2.725000e+00 5.000000e-01 0.000000e+00
6.461767e-04 1.021791e-04 -2.280001e-01 2.775000e+00 5.000000e-01 0.000000e+00
6.508829e-04 9.813394e-05 -2.280001e-01 2.825000e+00 5.000000e-01 0.000000e+00
7.905390e-04 1.056537e-04 -2.280001e-01 2.875000e+00 5.000000e-01 0.000000e+00
4.529793e-01 3.968018e-03 -2.180001e-01 2.500000e-02 5.000000e-01 0.000000e+00
8.298762e-02 1.718501e-03 -2.180001e-01 7.500000e-02 5.000000e-01 0.000000e+00
8.036852e-03 5.468399e-04 -2.180001e-01 1.250000e-01 5.000000e-01 0.000000e+00
6.839924e-03 5.126752e-04 -2.180001e-01 1.750000e-01 5.000000e-01 0.000000e+00
5.985658e-03 4.792373e-04 -2.180001e-01 2.250000e-01 5.000000e-01 0.000000e+00
5.165551e-03 4.462367e-04 -2.180001e-01 2.750000e-01 5.000000e-01 0.000000e+00
5.554455e-03 4.596915e-04 -2.180001e-01 3.250000e-01 5.000000e-01 0.000000e+00
4.589033e-03 4.154726e-04 -2.180001e-01 3.750000e-01 5.000000e-01 0.000000e+00
3.918787e-03 3.806273e-04 -2.180001e-01 4.250000e-01 5.000000e-01 0.000000e+00
4.265894e-03 3.960798e-04 -2.180001e-01 4.750000e-01 5.000000e-01 0.000000e+00
3.157996e-03 3.405366e-04 -2.180001e-01 5.250000e-01 5.000000e-01 0.000000e+00
3.356620e-03 3.499527e-04 -2.180001e-01 5.750000e-01 5.000000e-01 0.000000e+00
3.150005e-03 3.396750e-04 -2.180001e-01 6.250000e-01 5.000000e-01 0.000000e+00
2.831634e-03 3.206205e-04 -2.180001e-01 6.750000e-01 5.000000e-01 0.000000e+00
3.167505e-03 3.376583e-04 -2.180001e-01 7.250000e-01 5.000000e-01 0.000000e+00
3.342947e-03 3.447997e-04 -2.180001e-01 7.750000e-01 5.000000e-01 0.000000e+00
1.821976e-03 2.526636e-04 -2.180001e-01 8.250000e-01 5.000000e-01 0.000000e+00
2.660988e-03 3.052376e-04 -2.180001e-01 8.750000e-01 5.000000e-01 0.000000e+00
2.363650e-03 2.866361e-04 -2.180001e-01 9.250000e-01 5.000000e-01 0.000000e+00
2.018142e-03 2.649964e-04 -2.180001e-01 9.750000e-01 5.000000e-01 0.000000e+00
2.341163e-03 2.839093e-04 -2.180001e-01 1.025000e+00 5.000000e-01 0.000000e+00
1.418887e-03 2.189405e-04 -2.180001e-01 1.075000e+00 5.000000e-01 0.000000e+00
1.792999e-03 2.439974e-04 -2.180001e-01 1.125000e+00 5.000000e-01 0.000000e+00
7.904158e-04 1.613436e-04 -2.180001e-01 1.175000e+00 5.000000e-01 0.000000e+00
1.058265e-03 1.870779e-04 -2.180001e-01 1.225000e+00 5.000000e-01 0.000000e+00
1.113534e-03 1.909708e-04 -2.180001e-01 1.275000e+00 5.000000e-01 0.000000e+00
1.033256e-03 1.826567e-04 -2.180001e-01 1.325000e+00 5.000000e-01 0.000000e+00
9.554294e-04 1.744376e-04 -2.180001e-01 1.375000e+00 5.000000e-01 0.000000e+00
6.338759e-04 1.417397e-04 -2.180001e-01 1.425000e+00 5.000000e-01 0.000000e+00
6.228313e-04 1.392705e-04 -2.180001e-01 1.475000e+00 5.000000e-01 0.000000e+00
8.697429e-04 1.643674e-04 -2.180001e-01 1.525000e+00 5.000000e-01 0.000000e+00
5.496277e-04 1.295491e-04 -2.180001e-01 1.575000e+00 5.000000e-01 0.000000e+00
5.371047e-04 1.265973e-04 -2.180001e-01 1.625000e+00 5.000000e-01 0.000000e+00
5.318694e-04 1.253637e-04 -2.180001e-01 1.675000e+00 5.000000e-01 0.000000e+00
5.283821e-04 1.245421e-04 -2.180001e-01 1.725000e+00 5.000000e-01 0.000000e+00
9.226092e-04 1.630974e-04 -2.180001e-01 1.775000e+00 5.000000e-01 0.000000e+00
4.535490e-04 1.133884e-04 -2.180001e-01 1.825000e+00 5.000000e-01 0.000000e+00
6.750645e-04 1.377986e-04 -2.180001e-01 1.875000e+00 5.000000e-01 0.000000e+00
3.301464e-04 9.530588e-05 -2.180001e-01 1.925000e+00 5.000000e-01 0.000000e+00
5.993045e-04 1.277739e-04 -2.180001e-01 1.975000e+00 5.000000e-01 0.000000e+00
4.285028e-04 1.071266e-04 -2.180001e-01 2.025000e+00 5.000000e-01 0.000000e+00
2.632350e-04 8.324299e-05 -2.180001e-01 2.075000e+00 5.000000e-01 0.000000e+00
3.601869e-04 9.626517e-05 -2.180001e-01 2.125000e+00 5.000000e-01 0.000000e+00
4.535405e-04 1.069026e-04 -2.180001e-01 2.175000e+00 5.000000e-01 0.000000e+00
3.922094e-04 9.805358e-05 -2.180001e-01 2.225000e+00 5.000000e-01 0.000000e+00
6.289388e-04 1.233467e-04 -2.180001e-01 2.275000e+00 5.000000e-01 0.000000e+00
7.078603e-04 1.292387e-04 -2.180001e-01 2.325000e+00 5.000000e-01 0.000000e+00
5.515715e-04 1.125923e-04 -2.180001e-01 2.375000e+00 5.000000e-01 0.000000e+00
4.007867e-04 9.446895e-05 -2.180001e-01 2.425000e+00 5.000000e-01 0.000000e+00
3.892313e-04 9.174405e-05 -2.180001e-01 2.475000e+00 5.000000e-01 0.000000e+00
6.772375e-04 1.197249e-04 -2.180001e-01 2.525000e+00 5.000000e-01 0.000000e+00
6.111653e-04 1.115890e-04 -2.180001e-01 2.575000e+00 5.000000e-01 0.000000e+00
7.775808e-04 1.229522e-04 -2.180001e-01 2.625000e+00 5.000000e-01 0.000000e+00
4.361625e-04 8.903391e-05 -2.180001e-01 2.675000e+00 5.000000e-01 0.000000e+00
5.068667e-04 9.255073e-05 -2.180001e-01 2.725000e+00 5.000000e-01 0.000000e+00
7.157251e-04 1.055369e-04 -2.180001e-01 2.775000e+00 5.000000e-01 0.000000e+00
8.224612e-04 1.099153e-04 -2.180001e-01 2.825000e+00 5.000000e-01 0.000000e+00
7.379767e-04 1.023482e-04 -2.180001e-01 2.875000e+00 5.000000e-01 0.000000e+00
4.600434e-01 3.970328e-03 -2.080001e-01 2.500000e-02 5.000000e-01 0.000000e+00
8.318993e-02 1.690380e-03 -2.080001e-01 7.500000e-02 5.000000e-01 0.000000e+00
8.022029e-03 5.266736e-04 -2.080001e-01 1.250000e-01 5.000000e-01 0.000000e+00
5.908502e-03 4.585897e-04 -2.080001e-01 1.750000e-01 5.000000e-01 0.000000e+00
6.239460e-03 4.813859e-04 -2.080001e-01 2.250000e-01 5.000000e-01 0.000000e+00
5.817616e-03 4.718723e-04 -2.080001e-01 2.750000e-01 5.000000e-01 0.000000e+00
4.382776e-03 4.069318e-04 -2.080001e-01 3.250000e-01 5.000000e-01 0.000000e+00
5.100600e-03 4.373742e-04 -2.080001e-01 3.750000e-01 5.000000e-01 0.000000e+00
5.360996e-03 4.436805e-04 -2.080001e-01 4.250000e-01 5.000000e-01 0.000000e+00
3.777236e-03 3.703896e-04 -2.080001e-01 4.750000e-01 5.000000e-01 0.000000e+00
2.552011e-03 3.050245e-04 -2.080001e-01 5.250000e-01 5.000000e-01 0.000000e+00
3.346040e-03 3.488500e-04 -2.080001e-01 5.750000e-01 5.000000e-01 0.000000e+00
2.476936e-03 3.003735e-04 -2.080001e-01 6.250000e-01 5.000000e-01 0.000000e+00
2.696153e-03 3.134225e-04 -2.080001e-01 6.750000e-01 5.000000e-01 0.000000e+00
3.435549e-03 3.506408e-04 -2.080001e-01 7.250000e-01 5.000000e-01 0.000000e+00
1.988422e-03 2.657149e-04 -2.080001e-01 7.750000e-01 5.000000e-01 0.000000e+00
3.463097e-03 3.463109e-04 -2.080001e-01 8.250000e-01 5.000000e-01 0.000000e+00
2.986826e-03 3.220787e-04 -2.080001e-01 8.750000e-01 5.000000e-01 0.000000e+00
1.780312e-03 2.468858e-04 -2.080001e-01 9.250000e-01 5.000000e-01 0.000000e+00
1.584663e-03 2.336467e-04 -2.080001e-01 9.750000e-01 5.000000e-01 0.000000e+00
1.508520e-03 2.274191e-04 -2.080001e-01 1.025000e+00 5.000000e-01 0.000000e+00
2.355888e-03 2.815841e-04 -2.080001e-01 1.075000e+00 5.000000e-01 0.000000e+00
2.056566e-03 2.611855e-04 -2.080001e-01 1.125000e+00 5.000000e-01 0.000000e+00
1.981113e-03 2.557624e-04 -2.080001e-01 1.175000e+00 5.000000e-01 0.000000e+00
1.313598e-03 2.076995e-04 -2.080001e-01 1.225000e+00 5.000000e-01 0.000000e+00
1.041483e-03 1.841107e-04 -2.080001e-01 1.275000e+00 5.000000e-01 0.000000e+00
9.697359e-04 1.770498e-04 -2.080001e-01 1.325000e+00 5.000000e-01 0.000000e+00
9.557935e-04 1.745041e-04 -2.080001e-01 1.375000e+00 5.000000e-01 0.000000e+00
9.422247e-04 1.720271e-04 -2.080001e-01 1.425000e+00 5.000000e-01 0.000000e+00
7.456283e-04 1.522017e-04 -2.080001e-01 1.475000e+00 5.000000e-01 0.000000e+00
6.765704e-04 1.442466e-04 -2.080001e-01 1.525000e+00 5.000000e-01 0.000000e+00
5.477598e-04 1.291097e-04 -2.080001e-01 1.575000e+00 5.000000e-01 0.000000e+00
9.458419e-04 1.672044e-04 -2.080001e-01 1.625000e+00 5.000000e-01 0.000000e+00
3.529383e-04 1.018855e-04 -2.080001e-01 1.675000e+00 5.000000e-01 0.000000e+00
4.102053e-04 1.096326e-04 -2.080001e-01 1.725000e+00 5.000000e-01 0.000000e+00
2.860799e-04 9.046660e-05 -2.080001e-01 1.775000e+00 5.000000e-01 0.000000e+00
9.627822e-04 1.651173e-04 -2.080001e-01 1.825000e+00 5.000000e-01 0.000000e+00
8.937535e-04 1.579970e-04 -2.080001e-01 1.875000e+00 5.000000e-01 0.000000e+00
6.012772e-04 1.281942e-04 -2.080001e-01 1.925000e+00 5.000000e-01 0.000000e+00
2.163502e-04 7.649247e-05 -2.080001e-01 1.975000e+00 5.000000e-01 0.000000e+00
4.244258e-04 1.061078e-04 -2.080001e-01 2.025000e+00 5.000000e-01 0.000000e+00
2.091893e-04 7.396036e-05 -2.080001e-01 2.075000e+00 5.000000e-01 0.000000e+00
3.548216e-04 9.483029e-05 -2.080001e-01 2.125000e+00 5.000000e-01 0.000000e+00
3.514871e-04 9.394055e-05 -2.080001e-01 2.175000e+00 5.000000e-01 0.000000e+00
4.421292e-04 1.042117e-04 -2.080001e-01 2.225000e+00 5.000000e-01 0.000000e+00
2.877678e-04 8.307202e-05 -2.080001e-01 2.275000e+00 5.000000e-01 0.000000e+00
6.582980e-04 1.244090e-04 -2.080001e-01 2.325000e+00 5.000000e-01 0.000000e+00
5.043299e-04 1.075271e-04 -2.080001e-01 2.375000e+00 5.000000e-01 0.000000e+00
4.907063e-04 1.046216e-04 -2.080001e-01 2.425000e+00 5.000000e-01 0.000000e+00
4.789649e-04 1.021170e-04 -2.080001e-01 2.475000e+00 5.000000e-01 0.000000e+00
5.014972e-04 1.023714e-04 -2.080001e-01 2.525000e+00 5.000000e-01 0.000000e+00
4.427934e-04 9.440817e-05 -2.080001e-01 2.575000e+00 5.000000e-01 0.000000e+00
4.139697e-04 8.826032e-05 -2.080001e-01 2.625000e+00 5.000000e-01 0.000000e+00
5.629412e-04 9.951896e-05 -2.080001e-01 2.675000e+00 5.000000e-01 0.000000e+00
7.471629e-04 1.101713e-04 -2.080001e-01 2.725000e+00 5.000000e-01 0.000000e+00
5.834298e-04 9.465158e-05 -2.080001e-01 2.775000e+00 5.000000e-01 0.000000e+00
5.652361e-04 9.170392e-05 -2.080001e-01 2.825000e+00 5.000000e-01 0.000000e+00
6.754776e-04 9.960307e-05 -2.080001e-01 2.875000e+00 5.000000e-01 0.000000e+00
4.586469e-01 3.961227e-03 -1.980001e-01 2.500000e-02 5.000000e-01 0.000000e+00
7.613204e-02 1.605721e-03 -1.980001e-01 7.500000e-02 5.000000e-01 0.000000e+00
7.794151e-03 5.161817e-04 -1.980001e-01 1.250000e-01 5.000000e-01 0.000000e+00
7.192616e-03 4.939924e-04 -1.980001e-01 1.750000e-01 5.000000e-01 0.000000e+00
6.361235e-03 4.689579e-04 -1.980001e-01 2.250000e-01 5.000000e-01 0.000000e+00
4.579461e-03 4.016462e-04 -1.980001e-01 2.750000e-01 5.000000e-01 0.000000e+00
5.265857e-03 4.419019e-04 -1.980001e-01 3.250000e-01 5.000000e-01 0.000000e+00
5.600652e-03 4.572930e-04 -1.980001e-01 3.750000e-01 5.000000e-01 0.000000e+00
5.301123e-03 4.417617e-04 -1.980001e-01 4.250000e-01 5.000000e-01 0.000000e+00
4.173696e-03 3.909037e-04 -1.980001e-01 4.750000e-01 5.000000e-01 0.000000e+00
3.650175e-03 3.614223e-04 -1.980001e-01 5.250000e-01 5.000000e-01 0.000000e+00
3.565535e-03 3.601748e-04 -1.980001e-01 5.750000e-01 5.000000e-01 0.000000e+00
2.954831e-03 3.263078e-04 -1.980001e-01 6.250000e-01 5.000000e-01 0.000000e+00
3.320657e-03 3.462039e-04 -1.980001e-01 6.750000e-01 5.000000e-01 0.000000e+00
3.359118e-03 3.464678e-04 -1.980001e-01 7.250000e-01 5.000000e-01 0.000000e+00
2.655471e-03 3.046043e-04 -1.980001e-01 7.750000e-01 5.000000e-01 0.000000e+00
2.791879e-03 3.121430e-04 -1.980001e-01 8.250000e-01 5.000000e-01 0.000000e+00
2.471613e-03 2.912840e-04 -1.980001e-01 8.750000e-01 5.000000e-01 0.000000e+00
2.204589e-03 2.755748e-04 -1.980001e-01 9.250000e-01 5.000000e-01 0.000000e+00
2.677373e-03 3.031540e-04 -1.980001e-01 9.750000e-01 5.000000e-01 0.000000e+00
1.917033e-03 2.561754e-04 -1.980001e-01 1.025000e+00 5.000000e-01 0.000000e+00
1.479855e-03 2.230977e-04 -1.980001e-01 1.075000e+00 5.000000e-01 0.000000e+00
1.331438e-03 2.105200e-04 -1.980001e-01 1.125000e+00 5.000000e-01 0.000000e+00
1.773113e-03 2.412910e-04 -1.980001e-01 1.175000e+00 5.000000e-01 0.000000e+00
1.767123e-03 2.404764e-04 -1.980001e-01 1.225000e+00 5.000000e-01 0.000000e+00
5.832919e-04 1.374840e-04 -1.980001e-01 1.275000e+00 5.000000e-01 0.000000e+00
1.221852e-03 1.982120e-04 -1.980001e-01 1.325000e+00 5.000000e-01 0.000000e+00
1.141359e-03 1.902274e-04 -1.980001e-01 1.375000e+00 5.000000e-01 0.000000e+00
9.333014e-04 1.703978e-04 -1.980001e-01 1.425000e+00 5.000000e-01 0.000000e+00
4.329258e-04 1.157051e-04 -1.980001e-01 1.475000e+00 5.000000e-01 0.000000e+00
5.520952e-04 1.301310e-04 -1.980001e-01 1.525000e+00 5.000000e-01 0.000000e+00
6.031358e-04 1.348666e-04 -1.980001e-01 1.575000e+00 5.000000e-01 0.000000e+00
5.913273e-04 1.322259e-04 -1.980001e-01 1.625000e+00 5.000000e-01 0.000000e+00
6.494860e-04 1.384720e-04 -1.980001e-01 1.675000e+00 5.000000e-01 0.000000e+00
4.073870e-04 1.088795e-04 -1.980001e-01 1.725000e+00 5.000000e-01 0.000000e+00
3.981726e-04 1.064169e-04 -1.980001e-01 1.775000e+00 5.000000e-01 0.000000e+00
4.521981e-04 1.130501e-04 -1.980001e-01 1.825000e+00 5.000000e-01 0.000000e+00
8.890185e-04 1.571596e-04 -1.980001e-01 1.875000e+00 5.000000e-01 0.000000e+00
5.467862e-04 1.222671e-04 -1.980001e-01 1.925000e+00 5.000000e-01 0.000000e+00
4.294540e-04 1.073650e-04 -1.980001e-01 1.975000e+00 5.000000e-01 0.000000e+00
2.649005e-04 8.376997e-05 -1.980001e-01 2.025000e+00 5.000000e-01 0.000000e+00
4.671527e-04 1.101107e-04 -1.980001e-01 2.075000e+00 5.000000e-01 0.000000e+00
3.568419e-04 9.537189e-05 -1.980001e-01 2.125000e+00 5.000000e-01 0.000000e+00
3.978568e-04 9.946564e-05 -1.980001e-01 2.175000e+00 5.000000e-01 0.000000e+00
6.342261e-04 1.243851e-04 -1.980001e-01 2.225000e+00 5.000000e-01 0.000000e+00
3.820102e-04 9.550496e-05 -1.980001e-01 2.275000e+00 5.000000e-01 0.000000e+00
5.135356e-04 1.094900e-04 -1.980001e-01 2.325000e+00 5.000000e-01 0.000000e+00
3.631392e-04 9.078625e-05 -1.980001e-01 2.375000e+00 5.000000e-01 0.000000e+00
5.760197e-04 1.129695e-04 -1.980001e-01 2.425000e+00 5.000000e-01 0.000000e+00
4.730301e-04 1.008539e-04 -1.980001e-01 2.475000e+00 5.000000e-01 0.000000e+00
5.370827e-04 1.053346e-04 -1.980001e-01 2.525000e+00 5.000000e-01 0.000000e+00
7.034167e-04 1.172418e-04 -1.980001e-01 2.575000e+00 5.000000e-01 0.000000e+00
4.389247e-04 8.959966e-05 -1.980001e-01 2.625000e+00 5.000000e-01 0.000000e+00
4.029159e-04 8.224905e-05 -1.980001e-01 2.675000e+00 5.000000e-01 0.000000e+00
7.370331e-04 1.086768e-04 -1.980001e-01 2.725000e+00 5.000000e-01 0.000000e+00
5.824889e-04 9.450018e-05 -1.980001e-01 2.775000e+00 5.000000e-01 0.000000e+00
7.264509e-04 1.048687e-04 -1.980001e-01 2.825000e+00 5.000000e-01 0.000000e+00
7.602960e-04 1.075320e-04 -1.980001e-01 2.875000e+00 5.000000e-01 0.000000e+00
4.543435e-01 3.925231e-03 -1.880001e-01 2.500000e-02 5.000000e-01 0.000000e+00
7.534952e-02 1.602821e-03 -1.880001e-01 7.500000e-02 5.000000e-01 0.000000e+00
7.035460e-03 4.878226e-04 -1.880001e-01 1.250000e-01 5.000000e-01 0.000000e+00
6.716189e-03 4.772999e-04 -1.880001e-01 1.750000e-01 5.000000e-01 0.000000e+00
6.120735e-03 4.537002e-04 -1.880001e-01 2.250000e-01 5.000000e-01 0.000000e+00
4.222747e-03 3.761931e-04 -1.880001e-01 2.750000e-01 5.000000e-01 0.000000e+00
4.809945e-03 4.036428e-04 -1.880001e-01 3.250000e-01 5.000000e-01 0.000000e+00
3.971675e-03 3.719825e-04 -1.880001e-01 3.750000e-01 5.000000e-01 0.000000e+00
3.902009e-03 3.754720e-04 -1.880001e-01 4.250000e-01 5.000000e-01 0.000000e+00
4.073000e-03 3.848631e-04 -1.880001e-01 4.750000e-01 5.000000e-01 0.000000e+00
3.380031e-03 3.486245e-04 -1.880001e-01 5.250000e-01 5.000000e-01 0.000000e+00
3.758791e-03 3.685811e-04 -1.880001e-01 5.750000e-01 5.000000e-01 0.000000e+00
3.535646e-03 3.571554e-04 -1.880001e-01 6.250000e-01 5.000000e-01 0.000000e+00
3.038921e-03 3.315747e-04 -1.880001e-01 6.750000e-01 5.000000e-01 0.000000e+00
3.076353e-03 3.317327e-04 -1.880001e-01 7.250000e-01 5.000000e-01 0.000000e+00
2.446749e-03 2.924434e-04 -1.880001e-01 7.750000e-01 5.000000e-01 0.000000e+00
3.147763e-03 3.318047e-04 -1.880001e-01 8.250000e-01 5.000000e-01 0.000000e+00
2.750959e-03 3.075681e-04 -1.880001e-01 8.750000e-01 5.000000e-01 0.000000e+00
2.607162e-03 2.990633e-04 -1.880001e-01 9.250000e-01 5.000000e-01 0.000000e+00
2.109781e-03 2.679437e-04 -1.880001e-01 9.750000e-01 5.000000e-01 0.000000e+00
1.755919e-03 2.435033e-04 -1.880001e-01 1.025000e+00 5.000000e-01 0.000000e+00
1.821380e-03 2.478596e-04 -1.880001e-01 1.075000e+00 5.000000e-01 0.000000e+00
1.974857e-03 2.549545e-04 -1.880001e-01 1.125000e+00 5.000000e-01 0.000000e+00
1.428356e-03 2.153342e-04 -1.880001e-01 1.175000e+00 5.000000e-01 0.000000e+00
1.103976e-03 1.893314e-04 -1.880001e-01 1.225000e+00 5.000000e-01 0.000000e+00
9.010261e-04 1.702791e-04 -1.880001e-01 1.275000e+00 5.000000e-01 0.000000e+00
1.023692e-03 1.809662e-04 -1.880001e-01 1.325000e+00 5.000000e-01 0.000000e+00
6.946383e-04 1.480983e-04 -1.880001e-01 1.375000e+00 5.000000e-01 0.000000e+00
7.401342e-04 1.510804e-04 -1.880001e-01 1.425000e+00 5.000000e-01 0.000000e+00
9.851760e-04 1.741575e-04 -1.880001e-01 1.475000e+00 5.000000e-01 0.000000e+00
9.874249e-04 1.745555e-04 -1.880001e-01 1.525000e+00 5.000000e-01 0.000000e+00
6.588750e-04 1.404745e-04 -1.880001e-01 1.575000e+00 5.000000e-01 0.000000e+00
7.081301e-04 1.445473e-04 -1.880001e-01 1.625000e+00 5.000000e-01 0.000000e+00
7.674182e-04 1.505043e-04 -1.880001e-01 1.675000e+00 5.000000e-01 0.000000e+00
4.034550e-04 1.078284e-04 -1.880001e-01 1.725000e+00 5.000000e-01 0.000000e+00
3.987879e-04 1.065810e-04 -1.880001e-01 1.775000e+00 5.000000e-01 0.000000e+00
7.327386e-04 1.437026e-04 -1.880001e-01 1.825000e+00 5.000000e-01 0.000000e+00
4.414192e-04 1.103567e-04 -1.880001e-01 1.875000e+00 5.000000e-01 0.000000e+00
6.012972e-04 1.281995e-04 -1.880001e-01 1.925000e+00 5.000000e-01 0.000000e+00
6.949207e-04 1.362871e-04 -1.880001e-01 1.975000e+00 5.000000e-01 0.000000e+00
5.283127e-04 1.181355e-04 -1.880001e-01 2.025000e+00 5.000000e-01 0.000000e+00
7.206579e-04 1.361945e-04 -1.880001e-01 2.075000e+00 5.000000e-01 0.000000e+00
4.060296e-04 1.015096e-04 -1.880001e-01 2.125000e+00 5.000000e-01 0.000000e+00
3.946298e-04 9.865868e-05 -1.880001e-01 2.175000e+00 5.000000e-01 0.000000e+00
3.417404e-04 9.133550e-05 -1.880001e-01 2.225000e+00 5.000000e-01 0.000000e+00
4.293026e-04 1.011899e-04 -1.880001e-01 2.275000e+00 5.000000e-01 0.000000e+00
3.719914e-04 9.300048e-05 -1.880001e-01 2.325000e+00 5.000000e-01 0.000000e+00
2.737692e-04 7.903179e-05 -1.880001e-01 2.375000e+00 5.000000e-01 0.000000e+00
5.277168e-04 1.077238e-04 -1.880001e-01 2.425000e+00 5.000000e-01 0.000000e+00
6.801746e-04 1.202440e-04 -1.880001e-01 2.475000e+00 5.000000e-01 0.000000e+00
5.673698e-04 1.072266e-04 -1.880001e-01 2.525000e+00 5.000000e-01 0.000000e+00
5.330359e-04 1.007384e-04 -1.880001e-01 2.575000e+00 5.000000e-01 0.000000e+00
5.964504e-04 1.022949e-04 -1.880001e-01 2.625000e+00 5.000000e-01 0.000000e+00
5.959088e-04 9.932651e-05 -1.880001e-01 2.675000e+00 5.000000e-01 0.000000e+00
7.042229e-04 1.061718e-04 -1.880001e-01 2.725000e+00 5.000000e-01 0.000000e+00
5.347725e-04 9.172185e-05 -1.880001e-01 2.775000e+00 5.000000e-01 0.000000e+00
3.767700e-04 7.692060e-05 -1.880001e-01 2.825000e+00 5.000000e-01 0.000000e+00
1.035620e-03 1.256073e-04 -1.880001e-01 2.875000e+00 5.000000e-01 0.000000e+00
4.729683e-01 4.116981e-03 -1.780002e-01 2.500000e-02 5.000000e-01 0.000000e+00
7.941400e-02 1.654461e-03 -1.780002e-01 7.500000e-02 5.000000e-01 0.000000e+00
7.260264e-03 4.939995e-04 -1.780002e-01 1.250000e-01 5.000000e-01 0.000000e+00
7.668372e-03 5.100937e-04 -1.780002e-01 1.750000e-01 5.000000e-01 0.000000e+00
4.945949e-03 4.065555e-04 -1.780002e-01 2.250000e-01 5.000000e-01 0.000000e+00
5.289610e-03 4.208200e-04 -1.780002e-01 2.750000e-01 5.000000e-01 0.000000e+00
6.693680e-03 4.709669e-04 -1.780002e-01 3.250000e-01 5.000000e-01 0.000000e+00
4.911420e-03 4.010170e-04 -1.780002e-01 3.750000e-01 5.000000e-01 0.000000e+00
4.012945e-03 3.663312e-04 -1.780002e-01 4.250000e-01 5.000000e-01 0.000000e+00
3.759565e-03 3.584615e-04 -1.780002e-01 4.750000e-01 5.000000e-01 0.000000e+00
3.582911e-03 3.582919e-04 -1.780002e-01 5.250000e-01 5.000000e-01 0.000000e+00
3.135349e-03 3.342303e-04 -1.780002e-01 5.750000e-01 5.000000e-01 0.000000e+00
2.795405e-03 3.165185e-04 -1.780002e-01 6.250000e-01 5.000000e-01 0.000000e+00
2.590797e-03 3.053295e-04 -1.780002e-01 6.750000e-01 5.000000e-01 0.000000e+00
2.691168e-03 3.086992e-04 -1.780002e-01 7.250000e-01 5.000000e-01 0.000000e+00
3.166973e-03 3.338296e-04 -1.780002e-01 7.750000e-01 5.000000e-01 0.000000e+00
2.537320e-03 2.949586e-04 -1.780002e-01 8.250000e-01 5.000000e-01 0.000000e+00
1.929111e-03 2.577891e-04 -1.780002e-01 8.750000e-01 5.000000e-01 0.000000e+00
2.465654e-03 2.905816e-04 -1.780002e-01 9.250000e-01 5.000000e-01 0.000000e+00
2.169666e-03 2.712096e-04 -1.780002e-01 9.750000e-01 5.000000e-01 0.000000e+00
1.426764e-03 2.201557e-04 -1.780002e-01 1.025000e+00 5.000000e-01 0.000000e+00
2.332538e-03 2.787927e-04 -1.780002e-01 1.075000e+00 5.000000e-01 0.000000e+00
1.380514e-03 2.130189e-04 -1.780002e-01 1.125000e+00 5.000000e-01 0.000000e+00
1.821448e-03 2.434021e-04 -1.780002e-01 1.175000e+00 5.000000e-01 0.000000e+00
1.622412e-03 2.294455e-04 -1.780002e-01 1.225000e+00 5.000000e-01 0.000000e+00
6.469487e-04 1.446632e-04 -1.780002e-01 1.275000e+00 5.000000e-01 0.000000e+00
8.317847e-04 1.631275e-04 -1.780002e-01 1.325000e+00 5.000000e-01 0.000000e+00
8.164177e-04 1.601138e-04 -1.780002e-01 1.375000e+00 5.000000e-01 0.000000e+00
8.624150e-04 1.629821e-04 -1.780002e-01 1.425000e+00 5.000000e-01 0.000000e+00
9.873652e-04 1.745443e-04 -1.780002e-01 1.475000e+00 5.000000e-01 0.000000e+00
7.969059e-04 1.562868e-04 -1.780002e-01 1.525000e+00 5.000000e-01 0.000000e+00
5.383193e-04 1.268836e-04 -1.780002e-01 1.575000e+00 5.000000e-01 0.000000e+00
3.551448e-04 1.025217e-04 -1.780002e-01 1.625000e+00 5.000000e-01 0.000000e+00
4.719999e-04 1.180015e-04 -1.780002e-01 1.675000e+00 5.000000e-01 0.000000e+00
4.598596e-04 1.149661e-04 -1.780002e-01 1.725000e+00 5.000000e-01 0.000000e+00
3.407512e-04 9.836727e-05 -1.780002e-01 1.775000e+00 5.000000e-01 0.000000e+00
6.163117e-04 1.313988e-04 -1.780002e-01 1.825000e+00 5.000000e-01 0.000000e+00
4.962644e-04 1.169725e-04 -1.780002e-01 1.875000e+00 5.000000e-01 0.000000e+00
4.358741e-04 1.089691e-04 -1.780002e-01 1.925000e+00 5.000000e-01 0.000000e+00
2.653244e-04 8.390423e-05 -1.780002e-01 1.975000e+00 5.000000e-01 0.000000e+00
2.095352e-04 7.408219e-05 -1.780002e-01 2.025000e+00 5.000000e-01 0.000000e+00
4.617926e-04 1.088473e-04 -1.780002e-01 2.075000e+00 5.000000e-01 0.000000e+00
2.529627e-04 7.999466e-05 -1.780002e-01 2.125000e+00 5.000000e-01 0.000000e+00
3.933144e-04 9.832962e-05 -1.780002e-01 2.175000e+00 5.000000e-01 0.000000e+00
3.394150e-04 9.071398e-05 -1.780002e-01 2.225000e+00 5.000000e-01 0.000000e+00
1.423308e-04 5.810710e-05 -1.780002e-01 2.275000e+00 5.000000e-01 0.000000e+00
6.477994e-04 1.224255e-04 -1.780002e-01 2.325000e+00 5.000000e-01 0.000000e+00
3.156674e-04 8.436735e-05 -1.780002e-01 2.375000e+00 5.000000e-01 0.000000e+00
3.064403e-04 8.190316e-05 -1.780002e-01 2.425000e+00 5.000000e-01 0.000000e+00
4.960653e-04 1.012608e-04 -1.780002e-01 2.475000e+00 5.000000e-01 0.000000e+00
5.482914e-04 1.036221e-04 -1.780002e-01 2.525000e+00 5.000000e-01 0.000000e+00
5.839439e-04 1.032316e-04 -1.780002e-01 2.575000e+00 5.000000e-01 0.000000e+00
7.545827e-04 1.137655e-04 -1.780002e-01 2.625000e+00 5.000000e-01 0.000000e+00
4.642426e-04 8.773920e-05 -1.780002e-01 2.675000e+00 5.000000e-01 0.000000e+00
5.231461e-04 9.248547e-05 -1.780002e-01 2.725000e+00 5.000000e-01 0.000000e+00
5.856886e-04 9.762300e-05 -1.780002e-01 2.775000e+00 5.000000e-01 0.000000e+00
8.672569e-04 1.180341e-04 -1.780002e-01 2.825000e+00 5.000000e-01 0.000000e+00
9.091323e-04 1.173840e-04 -1.780002e-01 2.875000e+00 5.000000e-01 0.000000e+00
4.663653e-01 4.204058e-03 -1.680002e-01 2.500000e-02 5.000000e-01 0.000000e+00
7.718070e-02 1.673893e-03 -1.680002e-01 7.500000e-02 5.000000e-01 0.000000e+00
7.380343e-03 5.117360e-04 -1.680002e-01 1.250000e-01 5.000000e-01 0.000000e+00
5.610702e-03 4.354759e-04 -1.680002e-01 1.750000e-01 5.000000e-01 0.000000e+00
6.383800e-03 4.631307e-04 -1.680002e-01 2.250000e-01 5.000000e-01 0.000000e+00
4.655198e-03 3.934371e-04 -1.680002e-01 2.750000e-01 5.000000e-01 0.000000e+00
4.607501e-03 3.894060e-04 -1.680002e-01 3.250000e-01 5.000000e-01 0.000000e+00
4.130578e-03 3.679824e-04 -1.680002e-01 3.750000e-01 5.000000e-01 0.000000e+00
3.844285e-03 3.509345e-04 -1.680002e-01 4.250000e-01 5.000000e-01 0.000000e+00
4.090821e-03 3.644407e-04 -1.680002e-01 4.750000e-01 5.000000e-01 0.000000e+00
3.269829e-03 3.269839e-04 -1.680002e-01 5.250000e-01 5.000000e-01 0.000000e+00
3.656432e-03 3.551454e-04 -1.680002e-01 5.750000e-01 5.000000e-01 0.000000e+00
3.614355e-03 3.578755e-04 -1.680002e-01 6.250000e-01 5.000000e-01 0.000000e+00
3.628524e-03 3.592788e-04 -1.680002e-01 6.750000e-01 5.000000e-01 0.000000e+00
1.490472e-03 2.299857e-04 -1.680002e-01 7.250000e-01 5.000000e-01 0.000000e+00
2.927410e-03 3.194082e-04 -1.680002e-01 7.750000e-01 5.000000e-01 0.000000e+00
2.611324e-03 2.995408e-04 -1.680002e-01 8.250000e-01 5.000000e-01 0.000000e+00
2.052474e-03 2.649741e-04 -1.680002e-01 8.750000e-01 5.000000e-01 0.000000e+00
2.388083e-03 2.854315e-04 -1.680002e-01 9.250000e-01 5.000000e-01 0.000000e+00
1.820550e-03 2.477464e-04 -1.680002e-01 9.750000e-01 5.000000e-01 0.000000e+00
2.224885e-03 2.738659e-04 -1.680002e-01 1.025000e+00 5.000000e-01 0.000000e+00
1.797934e-03 2.446694e-04 -1.680002e-01 1.075000e+00 5.000000e-01 0.000000e+00
9.154504e-04 1.730047e-04 -1.680002e-01 1.125000e+00 5.000000e-01 0.000000e+00
1.034881e-03 1.829438e-04 -1.680002e-01 1.175000e+00 5.000000e-01 0.000000e+00
7.699416e-04 1.571645e-04 -1.680002e-01 1.225000e+00 5.000000e-01 0.000000e+00
9.014679e-04 1.703622e-04 -1.680002e-01 1.275000e+00 5.000000e-01 0.000000e+00
8.899053e-04 1.681773e-04 -1.680002e-01 1.325000e+00 5.000000e-01 0.000000e+00
1.302065e-03 2.009140e-04 -1.680002e-01 1.375000e+00 5.000000e-01 0.000000e+00
6.765656e-04 1.442457e-04 -1.680002e-01 1.425000e+00 5.000000e-01 0.000000e+00
1.105788e-03 1.842993e-04 -1.680002e-01 1.475000e+00 5.000000e-01 0.000000e+00
6.656747e-04 1.419232e-04 -1.680002e-01 1.525000e+00 5.000000e-01 0.000000e+00
6.553211e-04 1.397161e-04 -1.680002e-01 1.575000e+00 5.000000e-01 0.000000e+00
4.702799e-04 1.175710e-04 -1.680002e-01 1.625000e+00 5.000000e-01 0.000000e+00
5.253001e-04 1.238157e-04 -1.680002e-01 1.675000e+00 5.000000e-01 0.000000e+00
4.587829e-04 1.146965e-04 -1.680002e-01 1.725000e+00 5.000000e-01 0.000000e+00
6.222612e-04 1.326676e-04 -1.680002e-01 1.775000e+00 5.000000e-01 0.000000e+00
6.693336e-04 1.366285e-04 -1.680002e-01 1.825000e+00 5.000000e-01 0.000000e+00
7.190600e-04 1.410210e-04 -1.680002e-01 1.875000e+00 5.000000e-01 0.000000e+00
1.626086e-04 6.638538e-05 -1.680002e-01 1.925000e+00 5.000000e-01 0.000000e+00
4.232652e-04 1.058174e-04 -1.680002e-01 1.975000e+00 5.000000e-01 0.000000e+00
3.139670e-04 9.063573e-05 -1.680002e-01 2.025000e+00 5.000000e-01 0.000000e+00
2.049514e-04 7.246214e-05 -1.680002e-01 2.075000e+00 5.000000e-01 0.000000e+00
4.512341e-04 1.063580e-04 -1.680002e-01 2.125000e+00 5.000000e-01 0.000000e+00
5.439683e-04 1.159764e-04 -1.680002e-01 2.175000e+00 5.000000e-01 0.000000e+00
3.364331e-04 8.991813e-05 -1.680002e-01 2.225000e+00 5.000000e-01 0.000000e+00
3.799687e-04 9.499321e-05 -1.680002e-01 2.275000e+00 5.000000e-01 0.000000e+00
5.533212e-04 1.129485e-04 -1.680002e-01 2.325000e+00 5.000000e-01 0.000000e+00
4.900626e-04 1.044849e-04 -1.680002e-01 2.375000e+00 5.000000e-01 0.000000e+00
2.563805e-04 7.401366e-05 -1.680002e-01 2.425000e+00 5.000000e-01 0.000000e+00
5.230514e-04 1.025829e-04 -1.680002e-01 2.475000e+00 5.000000e-01 0.000000e+00
6.004784e-04 1.061546e-04 -1.680002e-01 2.525000e+00 5.000000e-01 0.000000e+00
5.662930e-04 1.001127e-04 -1.680002e-01 2.575000e+00 5.000000e-01 0.000000e+00
5.466076e-04 9.663196e-05 -1.680002e-01 2.625000e+00 5.000000e-01 0.000000e+00
5.037078e-04 9.196734e-05 -1.680002e-01 2.675000e+00 5.000000e-01 0.000000e+00
5.680305e-04 9.742375e-05 -1.680002e-01 2.725000e+00 5.000000e-01 0.000000e+00
8.098695e-04 1.169051e-04 -1.680002e-01 2.775000e+00 5.000000e-01 0.000000e+00
5.439035e-04 9.328737e-05 -1.680002e-01 2.825000e+00 5.000000e-01 0.000000e+00
8.721087e-04 1.145270e-04 -1.680002e-01 2.875000e+00 5.000000e-01 0.000000e+00
4.576612e-01 4.146199e-03 -1.580002e-01 2.500000e-02 5.000000e-01 0.000000e+00
7.614311e-02 1.700914e-03 -1.580002e-01 7.500000e-02 5.000000e-01 0.000000e+00
7.807907e-03 5.362506e-04 -1.580002e-01 1.250000e-01 5.000000e-01 0.000000e+00
5.673720e-03 4.542623e-04 -1.580002e-01 1.750000e-01 5.000000e-01 0.000000e+00
6.552266e-03 4.778743e-04 -1.580002e-01 2.250000e-01 5.000000e-01 0.000000e+00
5.041158e-03 4.116099e-04 -1.580002e-01 2.750000e-01 5.000000e-01 0.000000e+00
3.922777e-03 3.611220e-04 -1.580002e-01 3.250000e-01 5.000000e-01 0.000000e+00
4.642414e-03 3.895837e-04 -1.580002e-01 3.750000e-01 5.000000e-01 0.000000e+00
4.359999e-03 3.766476e-04 -1.580002e-01 4.250000e-01 5.000000e-01 0.000000e+00
2.937164e-03 3.062216e-04 -1.580002e-01 4.750000e-01 5.000000e-01 0.000000e+00
4.034986e-03 3.594663e-04 -1.580002e-01 5.250000e-01 5.000000e-01 0.000000e+00
3.355113e-03 3.289968e-04 -1.580002e-01 5.750000e-01 5.000000e-01 0.000000e+00
2.893763e-03 3.084772e-04 -1.580002e-01 6.250000e-01 5.000000e-01 0.000000e+00
3.223259e-03 3.324550e-04 -1.580002e-01 6.750000e-01 5.000000e-01 0.000000e+00
3.257071e-03 3.395745e-04 -1.580002e-01 7.250000e-01 5.000000e-01 0.000000e+00
2.770212e-03 3.097200e-04 -1.580002e-01 7.750000e-01 5.000000e-01 0.000000e+00
1.656450e-03 2.390888e-04 -1.580002e-01 8.250000e-01 5.000000e-01 0.000000e+00
2.647974e-03 2.998249e-04 -1.580002e-01 8.750000e-01 5.000000e-01 0.000000e+00
2.104628e-03 2.672894e-04 -1.580002e-01 9.250000e-01 5.000000e-01 0.000000e+00
1.297213e-03 2.104366e-04 -1.580002e-01 9.750000e-01 5.000000e-01 0.000000e+00
2.394904e-03 2.822435e-04 -1.580002e-01 1.025000e+00 5.000000e-01 0.000000e+00
1.606331e-03 2.318548e-04 -1.580002e-01 1.075000e+00 5.000000e-01 0.000000e+00
1.578745e-03 2.278735e-04 -1.580002e-01 1.125000e+00 5.000000e-01 0.000000e+00
1.278860e-03 2.022067e-04 -1.580002e-01 1.175000e+00 5.000000e-01 0.000000e+00
1.036408e-03 1.832135e-04 -1.580002e-01 1.225000e+00 5.000000e-01 0.000000e+00
1.348567e-03 2.080892e-04 -1.580002e-01 1.275000e+00 5.000000e-01 0.000000e+00
5.687055e-04 1.340457e-04 -1.580002e-01 1.325000e+00 5.000000e-01 0.000000e+00
8.723587e-04 1.648613e-04 -1.580002e-01 1.375000e+00 5.000000e-01 0.000000e+00
8.037931e-04 1.576376e-04 -1.580002e-01 1.425000e+00 5.000000e-01 0.000000e+00
6.717280e-04 1.432138e-04 -1.580002e-01 1.475000e+00 5.000000e-01 0.000000e+00
7.251139e-04 1.480143e-04 -1.580002e-01 1.525000e+00 5.000000e-01 0.000000e+00
5.366447e-04 1.264896e-04 -1.580002e-01 1.575000e+00 5.000000e-01 0.000000e+00
7.068355e-04 1.442831e-04 -1.580002e-01 1.625000e+00 5.000000e-01 0.000000e+00
8.068290e-04 1.524776e-04 -1.580002e-01 1.675000e+00 5.000000e-01 0.000000e+00
3.432352e-04 9.908434e-05 -1.580002e-01 1.725000e+00 5.000000e-01 0.000000e+00
5.100849e-04 1.202293e-04 -1.580002e-01 1.775000e+00 5.000000e-01 0.000000e+00
4.987349e-04 1.175539e-04 -1.580002e-01 1.825000e+00 5.000000e-01 0.000000e+00
4.943579e-04 1.165224e-04 -1.580002e-01 1.875000e+00 5.000000e-01 0.000000e+00
4.258554e-04 1.064642e-04 -1.580002e-01 1.925000e+00 5.000000e-01 0.000000e+00
4.236078e-04 1.059031e-04 -1.580002e-01 1.975000e+00 5.000000e-01 0.000000e+00
2.074662e-04 7.335105e-05 -1.580002e-01 2.025000e+00 5.000000e-01 0.000000e+00
4.610846e-04 1.086809e-04 -1.580002e-01 2.075000e+00 5.000000e-01 0.000000e+00
4.994948e-04 1.116920e-04 -1.580002e-01 2.125000e+00 5.000000e-01 0.000000e+00
4.423651e-04 1.042677e-04 -1.580002e-01 2.175000e+00 5.000000e-01 0.000000e+00
3.827078e-04 9.568012e-05 -1.580002e-01 2.225000e+00 5.000000e-01 0.000000e+00
5.608221e-04 1.144790e-04 -1.580002e-01 2.275000e+00 5.000000e-01 0.000000e+00
2.756252e-04 7.956810e-05 -1.580002e-01 2.325000e+00 5.000000e-01 0.000000e+00
3.057416e-04 8.171466e-05 -1.580002e-01 2.375000e+00 5.000000e-01 0.000000e+00
5.778670e-04 1.092104e-04 -1.580002e-01 2.425000e+00 5.000000e-01 0.000000e+00
2.324591e-04 6.710559e-05 -1.580002e-01 2.475000e+00 5.000000e-01 0.000000e+00
3.650861e-04 8.163809e-05 -1.580002e-01 2.525000e+00 5.000000e-01 0.000000e+00
5.299644e-04 9.676144e-05 -1.580002e-01 2.575000e+00 5.000000e-01 0.000000e+00
2.741288e-04 6.853659e-05 -1.580002e-01 2.625000e+00 5.000000e-01 0.000000e+00
5.489048e-04 9.703677e-05 -1.580002e-01 2.675000e+00 5.000000e-01 0.000000e+00
9.090865e-04 1.260732e-04 -1.580002e-01 2.725000e+00 5.000000e-01 0.000000e+00
6.385568e-04 1.035950e-04 -1.580002e-01 2.775000e+00 5.000000e-01 0.000000e+00
7.329903e-04 1.080826e-04 -1.580002e-01 2.825000e+00 5.000000e-01 0.000000e+00
8.650421e-04 1.136027e-04 -1.580002e-01 2.875000e+00 5.000000e-01 0.000000e+00
4.478335e-01 4.133523e-03 -1.480002e-01 2.500000e-02 5.000000e-01 0.000000e+00
7.610149e-02 1.683268e-03 -1.480002e-01 7.500000e-02 5.000000e-01 0.000000e+00
7.617682e-03 5.359797e-04 -1.480002e-01 1.250000e-01 5.000000e-01 0.000000e+00
5.448363e-03 4.509109e-04 -1.480002e-01 1.750000e-01 5.000000e-01 0.000000e+00
6.313012e-03 4.813638e-04 -1.480002e-01 2.250000e-01 5.000000e-01 0.000000e+00
5.550036e-03 4.443596e-04 -1.480002e-01 2.750000e-01 5.000000e-01 0.000000e+00
5.500466e-03 4.321584e-04 -1.480002e-01 3.250000e-01 5.000000e-01 0.000000e+00
4.411312e-03 3.810803e-04 -1.480002e-01 3.750000e-01 5.000000e-01 0.000000e+00
4.576492e-03 3.840522e-04 -1.480002e-01 4.250000e-01 5.000000e-01 0.000000e+00
3.703624e-03 3.438739e-04 -1.480002e-01 4.750000e-01 5.000000e-01 0.000000e+00
3.879761e-03 3.512584e-04 -1.480002e-01 5.250000e-01 5.000000e-01 0.000000e+00
3.861226e-03 3.495799e-04 -1.480002e-01 5.750000e-01 5.000000e-01 0.000000e+00
3.427844e-03 3.298455e-04 -1.480002e-01 6.250000e-01 5.000000e-01 0.000000e+00
2.937798e-03 3.062878e-04 -1.480002e-01 6.750000e-01 5.000000e-01 0.000000e+00
3.446125e-03 3.347182e-04 -1.480002e-01 7.250000e-01 5.000000e-01 0.000000e+00
2.963422e-03 3.195553e-04 -1.480002e-01 7.750000e-01 5.000000e-01 0.000000e+00
2.733691e-03 3.056373e-04 -1.480002e-01 8.250000e-01 5.000000e-01 0.000000e+00
3.634775e-03 3.497577e-04 -1.480002e-01 8.750000e-01 5.000000e-01 0.000000e+00
2.589202e-03 2.970031e-04 -1.480002e-01 9.250000e-01 5.000000e-01 0.000000e+00
2.218877e-03 2.731263e-04 -1.480002e-01 9.750000e-01 5.000000e-01 0.000000e+00
1.677237e-03 2.371982e-04 -1.480002e-01 1.025000e+00 5.000000e-01 0.000000e+00
1.256598e-03 2.038481e-04 -1.480002e-01 1.075000e+00 5.000000e-01 0.000000e+00
1.237958e-03 2.008242e-04 -1.480002e-01 1.125000e+00 5.000000e-01 0.000000e+00
1.156429e-03 1.927394e-04 -1.480002e-01 1.175000e+00 5.000000e-01 0.000000e+00
1.733082e-03 2.358440e-04 -1.480002e-01 1.225000e+00 5.000000e-01 0.000000e+00
6.999624e-04 1.492330e-04 -1.480002e-01 1.275000e+00 5.000000e-01 0.000000e+00
1.002864e-03 1.772843e-04 -1.480002e-01 1.325000e+00 5.000000e-01 0.000000e+00
1.060661e-03 1.819027e-04 -1.480002e-01 1.375000e+00 5.000000e-01 0.000000e+00
4.871948e-04 1.217994e-04 -1.480002e-01 1.425000e+00 5.000000e-01 0.000000e+00
1.396384e-03 2.058875e-04 -1.480002e-01 1.475000e+00 5.000000e-01 0.000000e+00
2.416011e-04 8.541954e-05 -1.480002e-01 1.525000e+00 5.000000e-01 0.000000e+00
8.297876e-04 1.568161e-04 -1.480002e-01 1.575000e+00 5.000000e-01 0.000000e+00
7.566121e-04 1.483855e-04 -1.480002e-01 1.625000e+00 5.000000e-01 0.000000e+00
4.629573e-04 1.157404e-04 -1.480002e-01 1.675000e+00 5.000000e-01 0.000000e+00
2.291926e-04 8.103328e-05 -1.480002e-01 1.725000e+00 5.000000e-01 0.000000e+00
4.517574e-04 1.129400e-04 -1.480002e-01 1.775000e+00 5.000000e-01 0.000000e+00
4.968733e-04 1.171152e-04 -1.480002e-01 1.825000e+00 5.000000e-01 0.000000e+00
4.918590e-04 1.159340e-04 -1.480002e-01 1.875000e+00 5.000000e-01 0.000000e+00
7.467237e-04 1.411191e-04 -1.480002e-01 1.925000e+00 5.000000e-01 0.000000e+00
3.706155e-04 9.905195e-05 -1.480002e-01 1.975000e+00 5.000000e-01 0.000000e+00
4.126836e-04 1.031713e-04 -1.480002e-01 2.025000e+00 5.000000e-01 0.000000e+00
5.104147e-04 1.141337e-04 -1.480002e-01 2.075000e+00 5.000000e-01 0.000000e+00
2.482382e-04 7.850135e-05 -1.480002e-01 2.125000e+00 5.000000e-01 0.000000e+00
5.855436e-04 1.195262e-04 -1.480002e-01 2.175000e+00 5.000000e-01 0.000000e+00
8.655209e-04 1.442570e-04 -1.480002e-01 2.225000e+00 5.000000e-01 0.000000e+00
5.551381e-04 1.133192e-04 -1.480002e-01 2.275000e+00 5.000000e-01 0.000000e+00
2.671791e-04 7.712921e-05 -1.480002e-01 2.325000e+00 5.000000e-01 0.000000e+00
4.661455e-04 9.938480e-05 -1.480002e-01 2.375000e+00 5.000000e-01 0.000000e+00
4.787512e-04 9.772641e-05 -1.480002e-01 2.425000e+00 5.000000e-01 0.000000e+00
2.993719e-04 7.484537e-05 -1.480002e-01 2.475000e+00 5.000000e-01 0.000000e+00
4.723979e-04 9.264815e-05 -1.480002e-01 2.525000e+00 5.000000e-01 0.000000e+00
2.820293e-04 7.051155e-05 -1.480002e-01 2.575000e+00 5.000000e-01 0.000000e+00
2.460639e-04 6.576903e-05 -1.480002e-01 2.625000e+00 5.000000e-01 0.000000e+00
5.741431e-04 1.015020e-04 -1.480002e-01 2.675000e+00 5.000000e-01 0.000000e+00
7.403790e-04 1.142501e-04 -1.480002e-01 2.725000e+00 5.000000e-01 0.000000e+00
6.337122e-04 1.028111e-04 -1.480002e-01 2.775000e+00 5.000000e-01 0.000000e+00
7.221367e-04 1.064866e-04 -1.480002e-01 2.825000e+00 5.000000e-01 0.000000e+00
9.802764e-04 1.206757e-04 -1.480002e-01 2.875000e+00 5.000000e-01 0.000000e+00
4.229387e-01 3.973410e-03 -1.380002e-01 2.500000e-02 5.000000e-01 0.000000e+00
7.617792e-02 1.696619e-03 -1.380002e-01 7.500000e-02 5.000000e-01 0.000000e+00
7.219760e-03 5.183497e-04 -1.380002e-01 1.250000e-01 5.000000e-01 0.000000e+00
6.659712e-03 4.991676e-04 -1.380002e-01 1.750000e-01 5.000000e-01 0.000000e+00
4.859028e-03 4.261661e-04 -1.380002e-01 2.250000e-01 5.000000e-01 0.000000e+00
4.409781e-03 4.025571e-04 -1.380002e-01 2.750000e-01 5.000000e-01 0.000000e+00
4.120574e-03 3.859282e-04 -1.380002e-01 3.250000e-01 5.000000e-01 0.000000e+00
4.305816e-03 3.866747e-04 -1.380002e-01 3.750000e-01 5.000000e-01 0.000000e+00
4.450184e-03 3.844384e-04 -1.380002e-01 4.250000e-01 5.000000e-01 0.000000e+00
3.349016e-03 3.283991e-04 -1.380002e-01 4.750000e-01 5.000000e-01 0.000000e+00
3.773848e-03 3.445044e-04 -1.380002e-01 5.250000e-01 5.000000e-01 0.000000e+00
3.032877e-03 3.095427e-04 -1.380002e-01 5.750000e-01 5.000000e-01 0.000000e+00
3.341358e-03 3.245425e-04 -1.380002e-01 6.250000e-01 5.000000e-01 0.000000e+00
3.369125e-03 3.241954e-04 -1.380002e-01 6.750000e-01 5.000000e-01 0.000000e+00
2.694632e-03 2.905708e-04 -1.380002e-01 7.250000e-01 5.000000e-01 0.000000e+00
3.433129e-03 3.273371e-04 -1.380002e-01 7.750000e-01 5.000000e-01 0.000000e+00
2.550524e-03 2.887912e-04 -1.380002e-01 8.250000e-01 5.000000e-01 0.000000e+00
2.490423e-03 2.895066e-04 -1.380002e-01 8.750000e-01 5.000000e-01 0.000000e+00
2.199436e-03 2.707330e-04 -1.380002e-01 9.250000e-01 5.000000e-01 0.000000e+00
2.372376e-03 2.835545e-04 -1.380002e-01 9.750000e-01 5.000000e-01 0.000000e+00
1.873313e-03 2.503330e-04 -1.380002e-01 1.025000e+00 5.000000e-01 0.000000e+00
1.566170e-03 2.260582e-04 -1.380002e-01 1.075000e+00 5.000000e-01 0.000000e+00
1.435372e-03 2.163917e-04 -1.380002e-01 1.125000e+00 5.000000e-01 0.000000e+00
1.611878e-03 2.279552e-04 -1.380002e-01 1.175000e+00 5.000000e-01 0.000000e+00
9.521507e-04 1.738393e-04 -1.380002e-01 1.225000e+00 5.000000e-01 0.000000e+00
7.028389e-04 1.498461e-04 -1.380002e-01 1.275000e+00 5.000000e-01 0.000000e+00
6.946393e-04 1.480983e-04 -1.380002e-01 1.325000e+00 5.000000e-01 0.000000e+00
7.337548e-04 1.497784e-04 -1.380002e-01 1.375000e+00 5.000000e-01 0.000000e+00
1.284479e-03 1.982002e-04 -1.380002e-01 1.425000e+00 5.000000e-01 0.000000e+00
8.516215e-04 1.609427e-04 -1.380002e-01 1.475000e+00 5.000000e-01 0.000000e+00
8.404540e-04 1.588320e-04 -1.380002e-01 1.525000e+00 5.000000e-01 0.000000e+00
3.553085e-04 1.025689e-04 -1.380002e-01 1.575000e+00 5.000000e-01 0.000000e+00
5.235242e-04 1.233967e-04 -1.380002e-01 1.625000e+00 5.000000e-01 0.000000e+00
9.256893e-04 1.636417e-04 -1.380002e-01 1.675000e+00 5.000000e-01 0.000000e+00
4.599351e-04 1.149851e-04 -1.380002e-01 1.725000e+00 5.000000e-01 0.000000e+00
3.341431e-04 9.645976e-05 -1.380002e-01 1.775000e+00 5.000000e-01 0.000000e+00
3.300361e-04 9.527415e-05 -1.380002e-01 1.825000e+00 5.000000e-01 0.000000e+00
4.898053e-04 1.154492e-04 -1.380002e-01 1.875000e+00 5.000000e-01 0.000000e+00
2.658006e-04 8.405421e-05 -1.380002e-01 1.925000e+00 5.000000e-01 0.000000e+00
4.238781e-04 1.059712e-04 -1.380002e-01 1.975000e+00 5.000000e-01 0.000000e+00
4.644617e-04 1.094756e-04 -1.380002e-01 2.025000e+00 5.000000e-01 0.000000e+00
5.577877e-04 1.189223e-04 -1.380002e-01 2.075000e+00 5.000000e-01 0.000000e+00
6.955997e-04 1.314583e-04 -1.380002e-01 2.125000e+00 5.000000e-01 0.000000e+00
1.941216e-04 6.863379e-05 -1.380002e-01 2.175000e+00 5.000000e-01 0.000000e+00
4.768216e-04 1.066228e-04 -1.380002e-01 2.225000e+00 5.000000e-01 0.000000e+00
3.644711e-04 9.112009e-05 -1.380002e-01 2.275000e+00 5.000000e-01 0.000000e+00
3.038176e-04 8.120139e-05 -1.380002e-01 2.325000e+00 5.000000e-01 0.000000e+00
3.683876e-04 8.683209e-05 -1.380002e-01 2.375000e+00 5.000000e-01 0.000000e+00
3.839758e-04 8.586311e-05 -1.380002e-01 2.425000e+00 5.000000e-01 0.000000e+00
5.593701e-04 1.021305e-04 -1.380002e-01 2.475000e+00 5.000000e-01 0.000000e+00
4.369670e-04 8.919880e-05 -1.380002e-01 2.525000e+00 5.000000e-01 0.000000e+00
3.264130e-04 7.694095e-05 -1.380002e-01 2.575000e+00 5.000000e-01 0.000000e+00
5.941717e-04 1.050419e-04 -1.380002e-01 2.625000e+00 5.000000e-01 0.000000e+00
6.917571e-04 1.122255e-04 -1.380002e-01 2.675000e+00 5.000000e-01 0.000000e+00
6.277303e-04 1.046296e-04 -1.380002e-01 2.725000e+00 5.000000e-01 0.000000e+00
8.014557e-04 1.156904e-04 -1.380002e-01 2.775000e+00 5.000000e-01 0.000000e+00
9.724547e-04 1.235116e-04 -1.380002e-01 2.825000e+00 5.000000e-01 0.000000e+00
9.755144e-04 1.183081e-04 -1.380002e-01 2.875000e+00 5.000000e-01 0.000000e+00
4.188115e-01 3.969473e-03 -1.280002e-01 2.500000e-02 5.000000e-01 0.000000e+00
7.020865e-02 1.614101e-03 -1.280002e-01 7.500000e-02 5.000000e-01 0.000000e+00
9.050996e-03 5.818215e-04 -1.280002e-01 1.250000e-01 5.000000e-01 0.000000e+00
5.810744e-03 4.652331e-04 -1.280002e-01 1.750000e-01 5.000000e-01 0.000000e+00
5.535621e-03 4.519828e-04 -1.280002e-01 2.250000e-01 5.000000e-01 0.000000e+00
4.904418e-03 4.268758e-04 -1.280002e-01 2.750000e-01 5.000000e-01 0.000000e+00
5.260413e-03 4.383689e-04 -1.280002e-01 3.250000e-01 5.000000e-01 0.000000e+00
5.421293e-03 4.426478e-04 -1.280002e-01 3.750000e-01 5.000000e-01 0.000000e+00
5.133510e-03 4.248538e-04 -1.280002e-01 4.250000e-01 5.000000e-01 0.000000e+00
3.919418e-03 3.639100e-04 -1.280002e-01 4.750000e-01 5.000000e-01 0.000000e+00
3.764719e-03 3.495466e-04 -1.280002e-01 5.250000e-01 5.000000e-01 0.000000e+00
3.211555e-03 3.179922e-04 -1.280002e-01 5.750000e-01 5.000000e-01 0.000000e+00
2.692922e-03 2.903864e-04 -1.280002e-01 6.250000e-01 5.000000e-01 0.000000e+00
3.036333e-03 3.098954e-04 -1.280002e-01 6.750000e-01 5.000000e-01 0.000000e+00
4.098643e-03 3.540703e-04 -1.280002e-01 7.250000e-01 5.000000e-01 0.000000e+00
2.388869e-03 2.704873e-04 -1.280002e-01 7.750000e-01 5.000000e-01 0.000000e+00
2.629221e-03 2.835171e-04 -1.280002e-01 8.250000e-01 5.000000e-01 0.000000e+00
2.295653e-03 2.668657e-04 -1.280002e-01 8.750000e-01 5.000000e-01 0.000000e+00
2.683084e-03 2.962983e-04 -1.280002e-01 9.250000e-01 5.000000e-01 0.000000e+00
2.136525e-03 2.670669e-04 -1.280002e-01 9.750000e-01 5.000000e-01 0.000000e+00
1.467645e-03 2.212564e-04 -1.280002e-01 1.025000e+00 5.000000e-01 0.000000e+00
1.775028e-03 2.415521e-04 -1.280002e-01 1.075000e+00 5.000000e-01 0.000000e+00
1.235705e-03 2.004590e-04 -1.280002e-01 1.125000e+00 5.000000e-01 0.000000e+00
1.662952e-03 2.306113e-04 -1.280002e-01 1.175000e+00 5.000000e-01 0.000000e+00
1.085613e-03 1.861821e-04 -1.280002e-01 1.225000e+00 5.000000e-01 0.000000e+00
1.404914e-03 2.117996e-04 -1.280002e-01 1.275000e+00 5.000000e-01 0.000000e+00
9.930612e-04 1.755514e-04 -1.280002e-01 1.325000e+00 5.000000e-01 0.000000e+00
6.831939e-04 1.456588e-04 -1.280002e-01 1.375000e+00 5.000000e-01 0.000000e+00
8.551688e-04 1.616127e-04 -1.280002e-01 1.425000e+00 5.000000e-01 0.000000e+00
8.400762e-04 1.587603e-04 -1.280002e-01 1.475000e+00 5.000000e-01 0.000000e+00
4.190111e-04 1.119862e-04 -1.280002e-01 1.525000e+00 5.000000e-01 0.000000e+00
7.066055e-04 1.442360e-04 -1.280002e-01 1.575000e+00 5.000000e-01 0.000000e+00
4.092556e-04 1.093794e-04 -1.280002e-01 1.625000e+00 5.000000e-01 0.000000e+00
1.140700e-04 5.703499e-05 -1.280002e-01 1.675000e+00 5.000000e-01 0.000000e+00
2.822987e-04 8.927188e-05 -1.280002e-01 1.725000e+00 5.000000e-01 0.000000e+00
6.673842e-04 1.362309e-04 -1.280002e-01 1.775000e+00 5.000000e-01 0.000000e+00
4.400938e-04 1.100254e-04 -1.280002e-01 1.825000e+00 5.000000e-01 0.000000e+00
3.820482e-04 1.021078e-04 -1.280002e-01 1.875000e+00 5.000000e-01 0.000000e+00
7.527448e-04 1.422561e-04 -1.280002e-01 1.925000e+00 5.000000e-01 0.000000e+00
2.614858e-04 8.269051e-05 -1.280002e-01 1.975000e+00 5.000000e-01 0.000000e+00
7.770078e-04 1.418633e-04 -1.280002e-01 2.025000e+00 5.000000e-01 0.000000e+00
2.521689e-04 7.974379e-05 -1.280002e-01 2.075000e+00 5.000000e-01 0.000000e+00
4.484993e-04 1.057137e-04 -1.280002e-01 2.125000e+00 5.000000e-01 0.000000e+00
7.239554e-04 1.321769e-04 -1.280002e-01 2.175000e+00 5.000000e-01 0.000000e+00
6.053323e-04 1.187171e-04 -1.280002e-01 2.225000e+00 5.000000e-01 0.000000e+00
2.662687e-04 7.686736e-05 -1.280002e-01 2.275000e+00 5.000000e-01 0.000000e+00
4.149022e-04 9.277722e-05 -1.280002e-01 2.325000e+00 5.000000e-01 0.000000e+00
4.724928e-04 9.644997e-05 -1.280002e-01 2.375000e+00 5.000000e-01 0.000000e+00
2.698696e-04 7.212825e-05 -1.280002e-01 2.425000e+00 5.000000e-01 0.000000e+00
2.976973e-04 7.442779e-05 -1.280002e-01 2.475000e+00 5.000000e-01 0.000000e+00
5.963596e-04 1.054272e-04 -1.280002e-01 2.525000e+00 5.000000e-01 0.000000e+00
3.791405e-04 8.478213e-05 -1.280002e-01 2.575000e+00 5.000000e-01 0.000000e+00
4.166866e-04 8.884424e-05 -1.280002e-01 2.625000e+00 5.000000e-01 0.000000e+00
6.490536e-04 1.081804e-04 -1.280002e-01 2.675000e+00 5.000000e-01 0.000000e+00
5.232812e-04 9.554523e-05 -1.280002e-01 2.725000e+00 5.000000e-01 0.000000e+00
5.269084e-04 9.315036e-05 -1.280002e-01 2.775000e+00 5.000000e-01 0.000000e+00
6.836693e-04 1.030772e-04 -1.280002e-01 2.825000e+00 5.000000e-01 0.000000e+00
7.800151e-04 1.042497e-04 -1.280002e-01 2.875000e+00 5.000000e-01 0.000000e+00
4.243329e-01 3.890189e-03 -1.180002e-01 2.500000e-02 5.000000e-01 0.000000e+00
7.477734e-02 1.662132e-03 -1.180002e-01 7.500000e-02 5.000000e-01 0.000000e+00
8.023050e-03 5.459008e-04 -1.180002e-01 1.250000e-01 5.000000e-01 0.000000e+00
6.808570e-03 5.019355e-04 -1.180002e-01 1.750000e-01 5.000000e-01 0.000000e+00
4.774596e-03 4.220197e-04 -1.180002e-01 2.250000e-01 5.000000e-01 0.000000e+00
4.890455e-03 4.224723e-04 -1.180002e-01 2.750000e-01 5.000000e-01 0.000000e+00
5.222997e-03 4.383054e-04 -1.180002e-01 3.250000e-01 5.000000e-01 0.000000e+00
5.066590e-03 4.282063e-04 -1.180002e-01 3.750000e-01 5.000000e-01 0.000000e+00
5.600167e-03 4.483735e-04 -1.180002e-01 4.250000e-01 5.000000e-01 0.000000e+00
4.041579e-03 3.785295e-04 -1.180002e-01 4.750000e-01 5.000000e-01 0.000000e+00
3.430722e-03 3.430736e-04 -1.180002e-01 5.250000e-01 5.000000e-01 0.000000e+00
3.864212e-03 3.587842e-04 -1.180002e-01 5.750000e-01 5.000000e-01 0.000000e+00
3.716999e-03 3.451155e-04 -1.180002e-01 6.250000e-01 5.000000e-01 0.000000e+00
2.396622e-03 2.713651e-04 -1.180002e-01 6.750000e-01 5.000000e-01 0.000000e+00
4.045945e-03 3.548542e-04 -1.180002e-01 7.250000e-01 5.000000e-01 0.000000e+00
3.106000e-03 3.075411e-04 -1.180002e-01 7.750000e-01 5.000000e-01 0.000000e+00
2.901841e-03 2.961689e-04 -1.180002e-01 8.250000e-01 5.000000e-01 0.000000e+00
3.151331e-03 3.090147e-04 -1.180002e-01 8.750000e-01 5.000000e-01 0.000000e+00
1.741252e-03 2.286384e-04 -1.180002e-01 9.250000e-01 5.000000e-01 0.000000e+00
1.812148e-03 2.379475e-04 -1.180002e-01 9.750000e-01 5.000000e-01 0.000000e+00
2.427058e-03 2.821411e-04 -1.180002e-01 1.025000e+00 5.000000e-01 0.000000e+00
1.437056e-03 2.166450e-04 -1.180002e-01 1.075000e+00 5.000000e-01 0.000000e+00
1.156439e-03 1.927407e-04 -1.180002e-01 1.125000e+00 5.000000e-01 0.000000e+00
1.163754e-03 1.939600e-04 -1.180002e-01 1.175000e+00 5.000000e-01 0.000000e+00
1.774728e-03 2.371594e-04 -1.180002e-01 1.225000e+00 5.000000e-01 0.000000e+00
8.149012e-04 1.598169e-04 -1.180002e-01 1.275000e+00 5.000000e-01 0.000000e+00
1.011525e-03 1.788158e-04 -1.180002e-01 1.325000e+00 5.000000e-01 0.000000e+00
1.163431e-03 1.887346e-04 -1.180002e-01 1.375000e+00 5.000000e-01 0.000000e+00
7.891542e-04 1.547669e-04 -1.180002e-01 1.425000e+00 5.000000e-01 0.000000e+00
1.084666e-03 1.807788e-04 -1.180002e-01 1.475000e+00 5.000000e-01 0.000000e+00
6.006228e-04 1.343041e-04 -1.180002e-01 1.525000e+00 5.000000e-01 0.000000e+00
9.428741e-04 1.666794e-04 -1.180002e-01 1.575000e+00 5.000000e-01 0.000000e+00
4.580042e-04 1.145021e-04 -1.180002e-01 1.625000e+00 5.000000e-01 0.000000e+00
5.157384e-04 1.215617e-04 -1.180002e-01 1.675000e+00 5.000000e-01 0.000000e+00
1.076853e-03 1.746905e-04 -1.180002e-01 1.725000e+00 5.000000e-01 0.000000e+00
3.340628e-04 9.643686e-05 -1.180002e-01 1.775000e+00 5.000000e-01 0.000000e+00
4.430368e-04 1.107608e-04 -1.180002e-01 1.825000e+00 5.000000e-01 0.000000e+00
5.375191e-04 1.201937e-04 -1.180002e-01 1.875000e+00 5.000000e-01 0.000000e+00
5.303221e-04 1.185851e-04 -1.180002e-01 1.925000e+00 5.000000e-01 0.000000e+00
5.721022e-04 1.219746e-04 -1.180002e-01 1.975000e+00 5.000000e-01 0.000000e+00
5.152183e-04 1.152076e-04 -1.180002e-01 2.025000e+00 5.000000e-01 0.000000e+00
4.002135e-04 1.000549e-04 -1.180002e-01 2.075000e+00 5.000000e-01 0.000000e+00
3.933792e-04 9.834757e-05 -1.180002e-01 2.125000e+00 5.000000e-01 0.000000e+00
5.173668e-04 1.103051e-04 -1.180002e-01 2.175000e+00 5.000000e-01 0.000000e+00
2.707414e-04 7.815724e-05 -1.180002e-01 2.225000e+00 5.000000e-01 0.000000e+00
4.676860e-04 9.971382e-05 -1.180002e-01 2.275000e+00 5.000000e-01 0.000000e+00
2.805975e-04 7.499582e-05 -1.180002e-01 2.325000e+00 5.000000e-01 0.000000e+00
3.913061e-04 8.750121e-05 -1.180002e-01 2.375000e+00 5.000000e-01 0.000000e+00
3.058460e-04 7.646245e-05 -1.180002e-01 2.425000e+00 5.000000e-01 0.000000e+00
4.585378e-04 9.360312e-05 -1.180002e-01 2.475000e+00 5.000000e-01 0.000000e+00
7.402955e-04 1.200959e-04 -1.180002e-01 2.525000e+00 5.000000e-01 0.000000e+00
8.567877e-04 1.291720e-04 -1.180002e-01 2.575000e+00 5.000000e-01 0.000000e+00
4.516650e-04 9.220230e-05 -1.180002e-01 2.625000e+00 5.000000e-01 0.000000e+00
7.194868e-04 1.137686e-04 -1.180002e-01 2.675000e+00 5.000000e-01 0.000000e+00
5.867329e-04 1.006321e-04 -1.180002e-01 2.725000e+00 5.000000e-01 0.000000e+00
6.875130e-04 1.060916e-04 -1.180002e-01 2.775000e+00 5.000000e-01 0.000000e+00
6.110617e-04 9.662582e-05 -1.180002e-01 2.825000e+00 5.000000e-01 0.000000e+00
9.827999e-04 1.158371e-04 -1.180002e-01 2.875000e+00 5.000000e-01 0.000000e+00
4.216605e-01 3.875800e-03 -1.080002e-01 2.500000e-02 5.000000e-01 0.000000e+00
7.217646e-02 1.594113e-03 -1.080002e-01 7.500000e-02 5.000000e-01 0.000000e+00
6.796925e-03 4.983759e-04 -1.080002e-01 1.250000e-01 5.000000e-01 0.000000e+00
6.681045e-03 4.979769e-04 -1.080002e-01 1.750000e-01 5.000000e-01 0.000000e+00
5.482306e-03 4.476296e-04 -1.080002e-01 2.250000e-01 5.000000e-01 0.000000e+00
5.344002e-03 4.453346e-04 -1.080002e-01 2.750000e-01 5.000000e-01 0.000000e+00
4.753839e-03 4.137697e-04 -1.080002e-01 3.250000e-01 5.000000e-01 0.000000e+00
4.596762e-03 4.095132e-04 -1.080002e-01 3.750000e-01 5.000000e-01 0.000000e+00
4.213895e-03 3.879216e-04 -1.080002e-01 4.250000e-01 5.000000e-01 0.000000e+00
2.768961e-03 3.135240e-04 -1.080002e-01 4.750000e-01 5.000000e-01 0.000000e+00
3.473498e-03 3.508773e-04 -1.080002e-01 5.250000e-01 5.000000e-01 0.000000e+00
3.819549e-03 3.641811e-04 -1.080002e-01 5.750000e-01 5.000000e-01 0.000000e+00
3.620751e-03 3.484079e-04 -1.080002e-01 6.250000e-01 5.000000e-01 0.000000e+00
3.332793e-03 3.299969e-04 -1.080002e-01 6.750000e-01 5.000000e-01 0.000000e+00
2.725294e-03 2.905186e-04 -1.080002e-01 7.250000e-01 5.000000e-01 0.000000e+00
2.635022e-03 2.841427e-04 -1.080002e-01 7.750000e-01 5.000000e-01 0.000000e+00
2.665325e-03 2.841261e-04 -1.080002e-01 8.250000e-01 5.000000e-01 0.000000e+00
2.361970e-03 2.640774e-04 -1.080002e-01 8.750000e-01 5.000000e-01 0.000000e+00
2.103163e-03 2.513769e-04 -1.080002e-01 9.250000e-01 5.000000e-01 0.000000e+00
2.543159e-03 2.742370e-04 -1.080002e-01 9.750000e-01 5.000000e-01 0.000000e+00
1.497814e-03 2.118240e-04 -1.080002e-01 1.025000e+00 5.000000e-01 0.000000e+00
1.940680e-03 2.464680e-04 -1.080002e-01 1.075000e+00 5.000000e-01 0.000000e+00
1.476884e-03 2.177557e-04 -1.080002e-01 1.125000e+00 5.000000e-01 0.000000e+00
1.521584e-03 2.196225e-04 -1.080002e-01 1.175000e+00 5.000000e-01 0.000000e+00
8.924622e-04 1.686605e-04 -1.080002e-01 1.225000e+00 5.000000e-01 0.000000e+00
1.014052e-03 1.792622e-04 -1.080002e-01 1.275000e+00 5.000000e-01 0.000000e+00
9.895560e-04 1.749317e-04 -1.080002e-01 1.325000e+00 5.000000e-01 0.000000e+00
1.164281e-03 1.888725e-04 -1.080002e-01 1.375000e+00 5.000000e-01 0.000000e+00
5.488185e-04 1.293591e-04 -1.080002e-01 1.425000e+00 5.000000e-01 0.000000e+00
5.436691e-04 1.281451e-04 -1.080002e-01 1.475000e+00 5.000000e-01 0.000000e+00
7.097181e-04 1.448722e-04 -1.080002e-01 1.525000e+00 5.000000e-01 0.000000e+00
5.261443e-04 1.240137e-04 -1.080002e-01 1.575000e+00 5.000000e-01 0.000000e+00
9.856358e-04 1.690366e-04 -1.080002e-01 1.625000e+00 5.000000e-01 0.000000e+00
5.752968e-04 1.286414e-04 -1.080002e-01 1.675000e+00 5.000000e-01 0.000000e+00
2.815584e-04 8.903720e-05 -1.080002e-01 1.725000e+00 5.000000e-01 0.000000e+00
8.838267e-04 1.562425e-04 -1.080002e-01 1.775000e+00 5.000000e-01 0.000000e+00
8.160731e-04 1.489958e-04 -1.080002e-01 1.825000e+00 5.000000e-01 0.000000e+00
3.232758e-04 9.332208e-05 -1.080002e-01 1.875000e+00 5.000000e-01 0.000000e+00
2.654644e-04 8.394839e-05 -1.080002e-01 1.925000e+00 5.000000e-01 0.000000e+00
4.155294e-04 1.038846e-04 -1.080002e-01 1.975000e+00 5.000000e-01 0.000000e+00
4.649893e-04 1.096004e-04 -1.080002e-01 2.025000e+00 5.000000e-01 0.000000e+00
4.491529e-04 1.058677e-04 -1.080002e-01 2.075000e+00 5.000000e-01 0.000000e+00
2.894144e-04 8.354826e-05 -1.080002e-01 2.125000e+00 5.000000e-01 0.000000e+00
5.033445e-04 1.073155e-04 -1.080002e-01 2.175000e+00 5.000000e-01 0.000000e+00
5.551212e-04 1.088701e-04 -1.080002e-01 2.225000e+00 5.000000e-01 0.000000e+00
6.186147e-04 1.129455e-04 -1.080002e-01 2.275000e+00 5.000000e-01 0.000000e+00
5.220548e-04 1.023868e-04 -1.080002e-01 2.325000e+00 5.000000e-01 0.000000e+00
7.395482e-04 1.199748e-04 -1.080002e-01 2.375000e+00 5.000000e-01 0.000000e+00
5.882453e-04 1.074015e-04 -1.080002e-01 2.425000e+00 5.000000e-01 0.000000e+00
3.592812e-04 8.468626e-05 -1.080002e-01 2.475000e+00 5.000000e-01 0.000000e+00
2.417639e-04 6.979557e-05 -1.080002e-01 2.525000e+00 5.000000e-01 0.000000e+00
5.813252e-04 1.061395e-04 -1.080002e-01 2.575000e+00 5.000000e-01 0.000000e+00
7.100743e-04 1.151950e-04 -1.080002e-01 2.625000e+00 5.000000e-01 0.000000e+00
7.543330e-04 1.164048e-04 -1.080002e-01 2.675000e+00 5.000000e-01 0.000000e+00
6.208358e-04 1.034801e-04 -1.080002e-01 2.725000e+00 5.000000e-01 0.000000e+00
5.532879e-04 9.489535e-05 -1.080002e-01 2.775000e+00 5.000000e-01 0.000000e+00
6.231695e-04 9.616676e-05 -1.080002e-01 2.825000e+00 5.000000e-01 0.000000e+00
9.549452e-04 1.125566e-04 -1.080002e-01 2.875000e+00 5.000000e-01 0.000000e+00
4.246949e-01 3.811730e-03 -9.800023e-02 2.500000e-02 5.000000e-01 0.000000e+00
7.107322e-02 1.582929e-03 -9.800023e-02 7.500000e-02 5.000000e-01 0.000000e+00
6.483018e-03 4.779356e-04 -9.800023e-02 1.250000e-01 5.000000e-01 0.000000e+00
5.008640e-03 4.263650e-04 -9.800023e-02 1.750000e-01 5.000000e-01 0.000000e+00
5.050206e-03 4.330527e-04 -9.800023e-02 2.250000e-01 5.000000e-01 0.000000e+00
5.566584e-03 4.485693e-04 -9.800023e-02 2.750000e-01 5.000000e-01 0.000000e+00
5.838560e-03 4.644921e-04 -9.800023e-02 3.250000e-01 5.000000e-01 0.000000e+00
3.638147e-03 3.602314e-04 -9.800023e-02 3.750000e-01 5.000000e-01 0.000000e+00
3.380456e-03 3.486682e-04 -9.800023e-02 4.250000e-01 5.000000e-01 0.000000e+00
4.132276e-03 3.836736e-04 -9.800023e-02 4.750000e-01 5.000000e-01 0.000000e+00
3.997952e-03 3.744438e-04 -9.800023e-02 5.250000e-01 5.000000e-01 0.000000e+00
3.464965e-03 3.500156e-04 -9.800023e-02 5.750000e-01 5.000000e-01 0.000000e+00
3.826072e-03 3.648032e-04 -9.800023e-02 6.250000e-01 5.000000e-01 0.000000e+00
3.136259e-03 3.269786e-04 -9.800023e-02 6.750000e-01 5.000000e-01 0.000000e+00
2.967618e-03 3.128157e-04 -9.800023e-02 7.250000e-01 5.000000e-01 0.000000e+00
2.636431e-03 2.876595e-04 -9.800023e-02 7.750000e-01 5.000000e-01 0.000000e+00
3.079489e-03 3.049159e-04 -9.800023e-02 8.250000e-01 5.000000e-01 0.000000e+00
2.891539e-03 2.951180e-04 -9.800023e-02 8.750000e-01 5.000000e-01 0.000000e+00
2.350565e-03 2.628022e-04 -9.800023e-02 9.250000e-01 5.000000e-01 0.000000e+00
2.558969e-03 2.759420e-04 -9.800023e-02 9.750000e-01 5.000000e-01 0.000000e+00
2.407357e-03 2.658493e-04 -9.800023e-02 1.025000e+00 5.000000e-01 0.000000e+00
1.339104e-03 1.974407e-04 -9.800023e-02 1.075000e+00 5.000000e-01 0.000000e+00
1.549503e-03 2.148785e-04 -9.800023e-02 1.125000e+00 5.000000e-01 0.000000e+00
1.616881e-03 2.242220e-04 -9.800023e-02 1.175000e+00 5.000000e-01 0.000000e+00
8.871397e-04 1.676546e-04 -9.800023e-02 1.225000e+00 5.000000e-01 0.000000e+00
9.992295e-04 1.766413e-04 -9.800023e-02 1.275000e+00 5.000000e-01 0.000000e+00
1.072264e-03 1.838928e-04 -9.800023e-02 1.325000e+00 5.000000e-01 0.000000e+00
7.970401e-04 1.563132e-04 -9.800023e-02 1.375000e+00 5.000000e-01 0.000000e+00
5.974463e-04 1.335936e-04 -9.800023e-02 1.425000e+00 5.000000e-01 0.000000e+00
8.415101e-04 1.590317e-04 -9.800023e-02 1.475000e+00 5.000000e-01 0.000000e+00
2.975688e-04 9.410021e-05 -9.800023e-02 1.525000e+00 5.000000e-01 0.000000e+00
4.130267e-04 1.103866e-04 -9.800023e-02 1.575000e+00 5.000000e-01 0.000000e+00
6.841644e-04 1.396556e-04 -9.800023e-02 1.625000e+00 5.000000e-01 0.000000e+00
3.399030e-04 9.812203e-05 -9.800023e-02 1.675000e+00 5.000000e-01 0.000000e+00
2.250713e-04 7.957542e-05 -9.800023e-02 1.725000e+00 5.000000e-01 0.000000e+00
4.459526e-04 1.114892e-04 -9.800023e-02 1.775000e+00 5.000000e-01 0.000000e+00
4.954237e-04 1.167739e-04 -9.800023e-02 1.825000e+00 5.000000e-01 0.000000e+00
3.765345e-04 1.006344e-04 -9.800023e-02 1.875000e+00 5.000000e-01 0.000000e+00
6.379290e-04 1.302176e-04 -9.800023e-02 1.925000e+00 5.000000e-01 0.000000e+00
5.713640e-04 1.218170e-04 -9.800023e-02 1.975000e+00 5.000000e-01 0.000000e+00
3.563597e-04 9.524179e-05 -9.800023e-02 2.025000e+00 5.000000e-01 0.000000e+00
2.936760e-04 8.477913e-05 -9.800023e-02 2.075000e+00 5.000000e-01 0.000000e+00
4.651269e-04 1.040073e-04 -9.800023e-02 2.125000e+00 5.000000e-01 0.000000e+00
3.524932e-04 8.812538e-05 -9.800023e-02 2.175000e+00 5.000000e-01 0.000000e+00
3.349353e-04 8.373632e-05 -9.800023e-02 2.225000e+00 5.000000e-01 0.000000e+00
6.115006e-04 1.116469e-04 -9.800023e-02 2.275000e+00 5.000000e-01 0.000000e+00
5.199424e-04 1.019716e-04 -9.800023e-02 2.325000e+00 5.000000e-01 0.000000e+00
4.415975e-04 9.415086e-05 -9.800023e-02 2.375000e+00 5.000000e-01 0.000000e+00
2.860924e-04 7.646398e-05 -9.800023e-02 2.425000e+00 5.000000e-01 0.000000e+00
3.724348e-04 8.778640e-05 -9.800023e-02 2.475000e+00 5.000000e-01 0.000000e+00
3.196727e-04 7.992291e-05 -9.800023e-02 2.525000e+00 5.000000e-01 0.000000e+00
3.877630e-04 8.671134e-05 -9.800023e-02 2.575000e+00 5.000000e-01 0.000000e+00
5.587095e-04 1.020088e-04 -9.800023e-02 2.625000e+00 5.000000e-01 0.000000e+00
4.317286e-04 8.812961e-05 -9.800023e-02 2.675000e+00 5.000000e-01 0.000000e+00
6.132030e-04 1.022079e-04 -9.800023e-02 2.725000e+00 5.000000e-01 0.000000e+00
9.957636e-04 1.264747e-04 -9.800023e-02 2.775000e+00 5.000000e-01 0.000000e+00
8.161472e-04 1.090715e-04 -9.800023e-02 2.825000e+00 5.000000e-01 0.000000e+00
9.581943e-04 1.113996e-04 -9.800023e-02 2.875000e+00 5.000000e-01 0.000000e+00
4.319077e-01 3.810430e-03 -8.800024e-02 2.500000e-02 5.000000e-01 0.000000e+00
7.296471e-02 1.576536e-03 -8.800024e-02 7.500000e-02 5.000000e-01 0.000000e+00
7.707195e-03 5.219985e-04 -8.800024e-02 1.250000e-01 5.000000e-01 0.000000e+00
5.850549e-03 4.513810e-04 -8.800024e-02 1.750000e-01 5.000000e-01 0.000000e+00
6.569654e-03 4.896743e-04 -8.800024e-02 2.250000e-01 5.000000e-01 0.000000e+00
4.326443e-03 3.982825e-04 -8.800024e-02 2.750000e-01 5.000000e-01 0.000000e+00
3.673330e-03 3.637149e-04 -8.800024e-02 3.250000e-01 5.000000e-01 0.000000e+00
4.279793e-03 3.939881e-04 -8.800024e-02 3.750000e-01 5.000000e-01 0.000000e+00
4.271806e-03 3.899617e-04 -8.800024e-02 4.250000e-01 5.000000e-01 0.000000e+00
4.760852e-03 4.112766e-04 -8.800024e-02 4.750000e-01 5.000000e-01 0.000000e+00
3.332356e-03 3.437073e-04 -8.800024e-02 5.250000e-01 5.000000e-01 0.000000e+00
3.389074e-03 3.423492e-04 -8.800024e-02 5.750000e-01 5.000000e-01 0.000000e+00
2.770105e-03 3.136541e-04 -8.800024e-02 6.250000e-01 5.000000e-01 0.000000e+00
3.655221e-03 3.550281e-04 -8.800024e-02 6.750000e-01 5.000000e-01 0.000000e+00
2.803553e-03 3.096018e-04 -8.800024e-02 7.250000e-01 5.000000e-01 0.000000e+00
3.316626e-03 3.316638e-04 -8.800024e-02 7.750000e-01 5.000000e-01 0.000000e+00
2.039329e-03 2.549171e-04 -8.800024e-02 8.250000e-01 5.000000e-01 0.000000e+00
2.717334e-03 2.864335e-04 -8.800024e-02 8.750000e-01 5.000000e-01 0.000000e+00
2.383572e-03 2.664927e-04 -8.800024e-02 9.250000e-01 5.000000e-01 0.000000e+00
2.291884e-03 2.595060e-04 -8.800024e-02 9.750000e-01 5.000000e-01 0.000000e+00
1.860956e-03 2.326208e-04 -8.800024e-02 1.025000e+00 5.000000e-01 0.000000e+00
1.456128e-03 2.059283e-04 -8.800024e-02 1.075000e+00 5.000000e-01 0.000000e+00
1.367491e-03 1.973813e-04 -8.800024e-02 1.125000e+00 5.000000e-01 0.000000e+00
1.152373e-03 1.822069e-04 -8.800024e-02 1.175000e+00 5.000000e-01 0.000000e+00
1.565048e-03 2.170340e-04 -8.800024e-02 1.225000e+00 5.000000e-01 0.000000e+00
9.398117e-04 1.715863e-04 -8.800024e-02 1.275000e+00 5.000000e-01 0.000000e+00
1.043187e-03 1.789060e-04 -8.800024e-02 1.325000e+00 5.000000e-01 0.000000e+00
6.128066e-04 1.370290e-04 -8.800024e-02 1.375000e+00 5.000000e-01 0.000000e+00
1.032222e-03 1.770255e-04 -8.800024e-02 1.425000e+00 5.000000e-01 0.000000e+00
9.587080e-04 1.694782e-04 -8.800024e-02 1.475000e+00 5.000000e-01 0.000000e+00
7.641201e-04 1.498575e-04 -8.800024e-02 1.525000e+00 5.000000e-01 0.000000e+00
6.389633e-04 1.362282e-04 -8.800024e-02 1.575000e+00 5.000000e-01 0.000000e+00
5.786433e-04 1.293900e-04 -8.800024e-02 1.625000e+00 5.000000e-01 0.000000e+00
5.169474e-04 1.218467e-04 -8.800024e-02 1.675000e+00 5.000000e-01 0.000000e+00
6.137896e-04 1.308613e-04 -8.800024e-02 1.725000e+00 5.000000e-01 0.000000e+00
6.608677e-04 1.348996e-04 -8.800024e-02 1.775000e+00 5.000000e-01 0.000000e+00
6.473764e-04 1.321456e-04 -8.800024e-02 1.825000e+00 5.000000e-01 0.000000e+00
5.917102e-04 1.261541e-04 -8.800024e-02 1.875000e+00 5.000000e-01 0.000000e+00
4.732723e-04 1.115524e-04 -8.800024e-02 1.925000e+00 5.000000e-01 0.000000e+00
4.613748e-04 1.087493e-04 -8.800024e-02 1.975000e+00 5.000000e-01 0.000000e+00
5.445612e-04 1.161022e-04 -8.800024e-02 2.025000e+00 5.000000e-01 0.000000e+00
3.744360e-04 9.361097e-05 -8.800024e-02 2.075000e+00 5.000000e-01 0.000000e+00
4.834754e-04 1.030790e-04 -8.800024e-02 2.125000e+00 5.000000e-01 0.000000e+00
3.829224e-04 9.025701e-05 -8.800024e-02 2.175000e+00 5.000000e-01 0.000000e+00
3.320084e-04 8.300356e-05 -8.800024e-02 2.225000e+00 5.000000e-01 0.000000e+00
4.524778e-04 9.647069e-05 -8.800024e-02 2.275000e+00 5.000000e-01 0.000000e+00
4.483393e-04 9.558936e-05 -8.800024e-02 2.325000e+00 5.000000e-01 0.000000e+00
4.214792e-04 9.424823e-05 -8.800024e-02 2.375000e+00 5.000000e-01 0.000000e+00
5.096711e-04 1.040401e-04 -8.800024e-02 2.425000e+00 5.000000e-01 0.000000e+00
5.354066e-04 1.050045e-04 -8.800024e-02 2.475000e+00 5.000000e-01 0.000000e+00
4.798861e-04 9.796128e-05 -8.800024e-02 2.525000e+00 5.000000e-01 0.000000e+00
5.761448e-04 1.051944e-04 -8.800024e-02 2.575000e+00 5.000000e-01 0.000000e+00
3.726386e-04 8.332958e-05 -8.800024e-02 2.625000e+00 5.000000e-01 0.000000e+00
3.550736e-04 7.939988e-05 -8.800024e-02 2.675000e+00 5.000000e-01 0.000000e+00
7.504898e-04 1.131488e-04 -8.800024e-02 2.725000e+00 5.000000e-01 0.000000e+00
8.153408e-04 1.130792e-04 -8.800024e-02 2.775000e+00 5.000000e-01 0.000000e+00
8.515045e-04 1.099434e-04 -8.800024e-02 2.825000e+00 5.000000e-01 0.000000e+00
5.825028e-04 8.589496e-05 -8.800024e-02 2.875000e+00 5.000000e-01 0.000000e+00
4.184709e-01 3.758291e-03 -7.800025e-02 2.500000e-02 5.000000e-01 0.000000e+00
7.093747e-02 1.541393e-03 -7.800025e-02 7.500000e-02 5.000000e-01 0.000000e+00
7.460762e-03 5.053077e-04 -7.800025e-02 1.250000e-01 5.000000e-01 0.000000e+00
5.247273e-03 4.313244e-04 -7.800025e-02 1.750000e-01 5.000000e-01 0.000000e+00
4.860001e-03 4.107465e-04 -7.800025e-02 2.250000e-01 5.000000e-01 0.000000e+00
5.650426e-03 4.553255e-04 -7.800025e-02 2.750000e-01 5.000000e-01 0.000000e+00
5.596064e-03 4.480448e-04 -7.800025e-02 3.250000e-01 5.000000e-01 0.000000e+00
4.625499e-03 4.088414e-04 -7.800025e-02 3.750000e-01 5.000000e-01 0.000000e+00
3.361590e-03 3.467225e-04 -7.800025e-02 4.250000e-01 5.000000e-01 0.000000e+00
4.439579e-03 3.955105e-04 -7.800025e-02 4.750000e-01 5.000000e-01 0.000000e+00
3.590097e-03 3.554738e-04 -7.800025e-02 5.250000e-01 5.000000e-01 0.000000e+00
3.812914e-03 3.668993e-04 -7.800025e-02 5.750000e-01 5.000000e-01 0.000000e+00
3.983268e-03 3.698382e-04 -7.800025e-02 6.250000e-01 5.000000e-01 0.000000e+00
2.456269e-03 2.935815e-04 -7.800025e-02 6.750000e-01 5.000000e-01 0.000000e+00
2.610964e-03 2.994993e-04 -7.800025e-02 7.250000e-01 5.000000e-01 0.000000e+00
2.639873e-03 2.989077e-04 -7.800025e-02 7.750000e-01 5.000000e-01 0.000000e+00
2.353284e-03 2.812722e-04 -7.800025e-02 8.250000e-01 5.000000e-01 0.000000e+00
2.430598e-03 2.788097e-04 -7.800025e-02 8.750000e-01 5.000000e-01 0.000000e+00
2.787646e-03 2.938451e-04 -7.800025e-02 9.250000e-01 5.000000e-01 0.000000e+00
1.967998e-03 2.422451e-04 -7.800025e-02 9.750000e-01 5.000000e-01 0.000000e+00
2.221297e-03 2.548014e-04 -7.800025e-02 1.025000e+00 5.000000e-01 0.000000e+00
1.084837e-03 1.759847e-04 -7.800025e-02 1.075000e+00 5.000000e-01 0.000000e+00
1.501887e-03 2.082753e-04 -7.800025e-02 1.125000e+00 5.000000e-01 0.000000e+00
1.236969e-03 1.864809e-04 -7.800025e-02 1.175000e+00 5.000000e-01 0.000000e+00
7.852871e-04 1.484060e-04 -7.800025e-02 1.225000e+00 5.000000e-01 0.000000e+00
1.223078e-03 1.887262e-04 -7.800025e-02 1.275000e+00 5.000000e-01 0.000000e+00
6.608490e-04 1.408943e-04 -7.800025e-02 1.325000e+00 5.000000e-01 0.000000e+00
7.340683e-04 1.498420e-04 -7.800025e-02 1.375000e+00 5.000000e-01 0.000000e+00
7.721596e-04 1.514337e-04 -7.800025e-02 1.425000e+00 5.000000e-01 0.000000e+00
1.028187e-03 1.763340e-04 -7.800025e-02 1.475000e+00 5.000000e-01 0.000000e+00
6.503928e-04 1.386651e-04 -7.800025e-02 1.525000e+00 5.000000e-01 0.000000e+00
5.256738e-04 1.239037e-04 -7.800025e-02 1.575000e+00 5.000000e-01 0.000000e+00
5.689260e-04 1.272168e-04 -7.800025e-02 1.625000e+00 5.000000e-01 0.000000e+00
3.953264e-04 1.056564e-04 -7.800025e-02 1.675000e+00 5.000000e-01 0.000000e+00
6.782514e-04 1.384485e-04 -7.800025e-02 1.725000e+00 5.000000e-01 0.000000e+00
6.673284e-04 1.362195e-04 -7.800025e-02 1.775000e+00 5.000000e-01 0.000000e+00
4.896300e-04 1.154078e-04 -7.800025e-02 1.825000e+00 5.000000e-01 0.000000e+00
3.230938e-04 9.327066e-05 -7.800025e-02 1.875000e+00 5.000000e-01 0.000000e+00
5.191713e-04 1.160917e-04 -7.800025e-02 1.925000e+00 5.000000e-01 0.000000e+00
6.014013e-04 1.227623e-04 -7.800025e-02 1.975000e+00 5.000000e-01 0.000000e+00
4.718188e-04 1.055033e-04 -7.800025e-02 2.025000e+00 5.000000e-01 0.000000e+00
2.706436e-04 7.812927e-05 -7.800025e-02 2.075000e+00 5.000000e-01 0.000000e+00
4.339540e-04 9.703616e-05 -7.800025e-02 2.125000e+00 5.000000e-01 0.000000e+00
3.865467e-04 9.111132e-05 -7.800025e-02 2.175000e+00 5.000000e-01 0.000000e+00
5.909506e-04 1.116815e-04 -7.800025e-02 2.225000e+00 5.000000e-01 0.000000e+00
2.486908e-04 7.179164e-05 -7.800025e-02 2.275000e+00 5.000000e-01 0.000000e+00
4.326793e-04 9.675221e-05 -7.800025e-02 2.325000e+00 5.000000e-01 0.000000e+00
4.789317e-04 1.021126e-04 -7.800025e-02 2.375000e+00 5.000000e-01 0.000000e+00
5.091349e-04 1.039296e-04 -7.800025e-02 2.425000e+00 5.000000e-01 0.000000e+00
4.096576e-04 9.160491e-05 -7.800025e-02 2.475000e+00 5.000000e-01 0.000000e+00
3.570658e-04 8.416573e-05 -7.800025e-02 2.525000e+00 5.000000e-01 0.000000e+00
4.232106e-04 9.023586e-05 -7.800025e-02 2.575000e+00 5.000000e-01 0.000000e+00
7.012113e-04 1.137564e-04 -7.800025e-02 2.625000e+00 5.000000e-01 0.000000e+00
6.735403e-04 1.092688e-04 -7.800025e-02 2.675000e+00 5.000000e-01 0.000000e+00
6.399390e-04 1.038188e-04 -7.800025e-02 2.725000e+00 5.000000e-01 0.000000e+00
5.262610e-04 9.026219e-05 -7.800025e-02 2.775000e+00 5.000000e-01 0.000000e+00
1.060752e-03 1.216914e-04 -7.800025e-02 2.825000e+00 5.000000e-01 0.000000e+00
8.802926e-04 1.052297e-04 -7.800025e-02 2.875000e+00 5.000000e-01 0.000000e+00
4.428588e-01 3.803930e-03 -6.800026e-02 2.500000e-02 5.000000e-01 0.000000e+00
7.447965e-02 1.589359e-03 -6.800026e-02 7.500000e-02 5.000000e-01 0.000000e+00
5.912573e-03 4.456780e-04 -6.800026e-02 1.250000e-01 5.000000e-01 0.000000e+00
5.803598e-03 4.504478e-04 -6.800026e-02 1.750000e-01 5.000000e-01 0.000000e+00
5.468669e-03 4.378450e-04 -6.800026e-02 2.250000e-01 5.000000e-01 0.000000e+00
5.008459e-03 4.173726e-04 -6.800026e-02 2.750000e-01 5.000000e-01 0.000000e+00
4.593210e-03 4.091967e-04 -6.800026e-02 3.250000e-01 5.000000e-01 0.000000e+00
3.916100e-03 3.733866e-04 -6.800026e-02 3.750000e-01 5.000000e-01 0.000000e+00
3.904689e-03 3.722987e-04 -6.800026e-02 4.250000e-01 5.000000e-01 0.000000e+00
3.197479e-03 3.370448e-04 -6.800026e-02 4.750000e-01 5.000000e-01 0.000000e+00
3.805654e-03 3.628562e-04 -6.800026e-02 5.250000e-01 5.000000e-01 0.000000e+00
3.897203e-03 3.715849e-04 -6.800026e-02 5.750000e-01 5.000000e-01 0.000000e+00
3.257524e-03 3.359890e-04 -6.800026e-02 6.250000e-01 5.000000e-01 0.000000e+00
2.833102e-03 3.128647e-04 -6.800026e-02 6.750000e-01 5.000000e-01 0.000000e+00
2.549594e-03 2.963854e-04 -6.800026e-02 7.250000e-01 5.000000e-01 0.000000e+00
2.320289e-03 2.813778e-04 -6.800026e-02 7.750000e-01 5.000000e-01 0.000000e+00
3.001595e-03 3.163972e-04 -6.800026e-02 8.250000e-01 5.000000e-01 0.000000e+00
2.296211e-03 2.784579e-04 -6.800026e-02 8.750000e-01 5.000000e-01 0.000000e+00
1.610788e-03 2.278007e-04 -6.800026e-02 9.250000e-01 5.000000e-01 0.000000e+00
1.943403e-03 2.468136e-04 -6.800026e-02 9.750000e-01 5.000000e-01 0.000000e+00
2.179923e-03 2.569074e-04 -6.800026e-02 1.025000e+00 5.000000e-01 0.000000e+00
2.129735e-03 2.475776e-04 -6.800026e-02 1.075000e+00 5.000000e-01 0.000000e+00
1.581079e-03 2.112816e-04 -6.800026e-02 1.125000e+00 5.000000e-01 0.000000e+00
7.938850e-04 1.500310e-04 -6.800026e-02 1.175000e+00 5.000000e-01 0.000000e+00
1.515779e-03 2.062725e-04 -6.800026e-02 1.225000e+00 5.000000e-01 0.000000e+00
1.044047e-03 1.693678e-04 -6.800026e-02 1.275000e+00 5.000000e-01 0.000000e+00
1.123811e-03 1.776912e-04 -6.800026e-02 1.325000e+00 5.000000e-01 0.000000e+00
5.805089e-04 1.298065e-04 -6.800026e-02 1.375000e+00 5.000000e-01 0.000000e+00
6.555120e-04 1.397568e-04 -6.800026e-02 1.425000e+00 5.000000e-01 0.000000e+00
8.294119e-04 1.567455e-04 -6.800026e-02 1.475000e+00 5.000000e-01 0.000000e+00
8.218148e-04 1.553096e-04 -6.800026e-02 1.525000e+00 5.000000e-01 0.000000e+00
6.481897e-04 1.381955e-04 -6.800026e-02 1.575000e+00 5.000000e-01 0.000000e+00
3.439501e-04 9.929068e-05 -6.800026e-02 1.625000e+00 5.000000e-01 0.000000e+00
4.546778e-04 1.136705e-04 -6.800026e-02 1.675000e+00 5.000000e-01 0.000000e+00
5.533009e-04 1.237232e-04 -6.800026e-02 1.725000e+00 5.000000e-01 0.000000e+00
5.471251e-04 1.223421e-04 -6.800026e-02 1.775000e+00 5.000000e-01 0.000000e+00
7.014419e-04 1.375656e-04 -6.800026e-02 1.825000e+00 5.000000e-01 0.000000e+00
4.727716e-04 1.114345e-04 -6.800026e-02 1.875000e+00 5.000000e-01 0.000000e+00
3.557668e-04 9.508311e-05 -6.800026e-02 1.925000e+00 5.000000e-01 0.000000e+00
4.786705e-04 1.070358e-04 -6.800026e-02 1.975000e+00 5.000000e-01 0.000000e+00
5.911453e-04 1.159340e-04 -6.800026e-02 2.025000e+00 5.000000e-01 0.000000e+00
2.235495e-04 7.069258e-05 -6.800026e-02 2.075000e+00 5.000000e-01 0.000000e+00
4.325402e-04 9.671939e-05 -6.800026e-02 2.125000e+00 5.000000e-01 0.000000e+00
2.986708e-04 7.982470e-05 -6.800026e-02 2.175000e+00 5.000000e-01 0.000000e+00
3.430107e-04 8.575428e-05 -6.800026e-02 2.225000e+00 5.000000e-01 0.000000e+00
3.131714e-04 8.370266e-05 -6.800026e-02 2.275000e+00 5.000000e-01 0.000000e+00
3.532278e-04 8.830885e-05 -6.800026e-02 2.325000e+00 5.000000e-01 0.000000e+00
3.908280e-04 9.212051e-05 -6.800026e-02 2.375000e+00 5.000000e-01 0.000000e+00
5.512743e-04 1.081159e-04 -6.800026e-02 2.425000e+00 5.000000e-01 0.000000e+00
2.871955e-04 7.675894e-05 -6.800026e-02 2.475000e+00 5.000000e-01 0.000000e+00
3.960445e-04 8.856322e-05 -6.800026e-02 2.525000e+00 5.000000e-01 0.000000e+00
5.328828e-04 1.007100e-04 -6.800026e-02 2.575000e+00 5.000000e-01 0.000000e+00
4.450018e-04 9.084066e-05 -6.800026e-02 2.625000e+00 5.000000e-01 0.000000e+00
5.300899e-04 9.678638e-05 -6.800026e-02 2.675000e+00 5.000000e-01 0.000000e+00
6.333709e-04 1.027540e-04 -6.800026e-02 2.725000e+00 5.000000e-01 0.000000e+00
7.558650e-04 1.069039e-04 -6.800026e-02 2.775000e+00 5.000000e-01 0.000000e+00
8.505427e-04 1.080313e-04 -6.800026e-02 2.825000e+00 5.000000e-01 0.000000e+00
7.729678e-04 9.817947e-05 -6.800026e-02 2.875000e+00 5.000000e-01 0.000000e+00
4.459392e-01 3.814101e-03 -5.800027e-02 2.500000e-02 5.000000e-01 0.000000e+00
7.231099e-02 1.549444e-03 -5.800027e-02 7.500000e-02 5.000000e-01 0.000000e+00
6.745562e-03 4.793872e-04 -5.800027e-02 1.250000e-01 5.000000e-01 0.000000e+00
5.469172e-03 4.270717e-04 -5.800027e-02 1.750000e-01 5.000000e-01 0.000000e+00
5.385101e-03 4.367907e-04 -5.800027e-02 2.250000e-01 5.000000e-01 0.000000e+00
4.890816e-03 4.104293e-04 -5.800027e-02 2.750000e-01 5.000000e-01 0.000000e+00
4.137335e-03 3.841430e-04 -5.800027e-02 3.250000e-01 5.000000e-01 0.000000e+00
3.781214e-03 3.672652e-04 -5.800027e-02 3.750000e-01 5.000000e-01 0.000000e+00
4.401721e-03 3.952874e-04 -5.800027e-02 4.250000e-01 5.000000e-01 0.000000e+00
4.532986e-03 4.006642e-04 -5.800027e-02 4.750000e-01 5.000000e-01 0.000000e+00
2.816908e-03 3.149409e-04 -5.800027e-02 5.250000e-01 5.000000e-01 0.000000e+00
3.581786e-03 3.512241e-04 -5.800027e-02 5.750000e-01 5.000000e-01 0.000000e+00
3.873529e-03 3.693274e-04 -5.800027e-02 6.250000e-01 5.000000e-01 0.000000e+00
3.156639e-03 3.291036e-04 -5.800027e-02 6.750000e-01 5.000000e-01 0.000000e+00
2.869059e-03 3.130412e-04 -5.800027e-02 7.250000e-01 5.000000e-01 0.000000e+00
3.082906e-03 3.249682e-04 -5.800027e-02 7.750000e-01 5.000000e-01 0.000000e+00
3.066884e-03 3.197459e-04 -5.800027e-02 8.250000e-01 5.000000e-01 0.000000e+00
2.542472e-03 2.916429e-04 -5.800027e-02 8.750000e-01 5.000000e-01 0.000000e+00
2.126664e-03 2.658342e-04 -5.800027e-02 9.250000e-01 5.000000e-01 0.000000e+00
1.632674e-03 2.308958e-04 -5.800027e-02 9.750000e-01 5.000000e-01 0.000000e+00
1.757999e-03 2.349234e-04 -5.800027e-02 1.025000e+00 5.000000e-01 0.000000e+00
2.154630e-03 2.575287e-04 -5.800027e-02 1.075000e+00 5.000000e-01 0.000000e+00
2.239680e-03 2.535951e-04 -5.800027e-02 1.125000e+00 5.000000e-01 0.000000e+00
1.453974e-03 2.016308e-04 -5.800027e-02 1.175000e+00 5.000000e-01 0.000000e+00
1.407783e-03 1.990918e-04 -5.800027e-02 1.225000e+00 5.000000e-01 0.000000e+00
1.052093e-03 1.706728e-04 -5.800027e-02 1.275000e+00 5.000000e-01 0.000000e+00
1.360426e-03 1.923947e-04 -5.800027e-02 1.325000e+00 5.000000e-01 0.000000e+00
8.127884e-04 1.483956e-04 -5.800027e-02 1.375000e+00 5.000000e-01 0.000000e+00
1.071176e-03 1.737685e-04 -5.800027e-02 1.425000e+00 5.000000e-01 0.000000e+00
6.933089e-04 1.415220e-04 -5.800027e-02 1.475000e+00 5.000000e-01 0.000000e+00
6.486348e-04 1.382905e-04 -5.800027e-02 1.525000e+00 5.000000e-01 0.000000e+00
6.309929e-04 1.345294e-04 -5.800027e-02 1.575000e+00 5.000000e-01 0.000000e+00
2.305392e-04 8.150838e-05 -5.800027e-02 1.625000e+00 5.000000e-01 0.000000e+00
5.156001e-04 1.215286e-04 -5.800027e-02 1.675000e+00 5.000000e-01 0.000000e+00
4.485895e-04 1.121478e-04 -5.800027e-02 1.725000e+00 5.000000e-01 0.000000e+00
4.957699e-04 1.168557e-04 -5.800027e-02 1.775000e+00 5.000000e-01 0.000000e+00
1.580123e-04 6.450852e-05 -5.800027e-02 1.825000e+00 5.000000e-01 0.000000e+00
4.553464e-04 1.073271e-04 -5.800027e-02 1.875000e+00 5.000000e-01 0.000000e+00
3.812387e-04 9.531145e-05 -5.800027e-02 1.925000e+00 5.000000e-01 0.000000e+00
3.638539e-04 9.096483e-05 -5.800027e-02 1.975000e+00 5.000000e-01 0.000000e+00
3.153880e-04 8.429189e-05 -5.800027e-02 2.025000e+00 5.000000e-01 0.000000e+00
5.287174e-04 1.079256e-04 -5.800027e-02 2.075000e+00 5.000000e-01 0.000000e+00
4.379586e-04 9.793199e-05 -5.800027e-02 2.125000e+00 5.000000e-01 0.000000e+00
6.640217e-04 1.212349e-04 -5.800027e-02 2.175000e+00 5.000000e-01 0.000000e+00
2.756634e-04 7.957970e-05 -5.800027e-02 2.225000e+00 5.000000e-01 0.000000e+00
5.470921e-04 1.116777e-04 -5.800027e-02 2.275000e+00 5.000000e-01 0.000000e+00
4.422748e-04 9.889747e-05 -5.800027e-02 2.325000e+00 5.000000e-01 0.000000e+00
6.076328e-04 1.148341e-04 -5.800027e-02 2.375000e+00 5.000000e-01 0.000000e+00
5.920266e-04 1.118856e-04 -5.800027e-02 2.425000e+00 5.000000e-01 0.000000e+00
5.330211e-04 1.045384e-04 -5.800027e-02 2.475000e+00 5.000000e-01 0.000000e+00
5.157709e-04 1.011558e-04 -5.800027e-02 2.525000e+00 5.000000e-01 0.000000e+00
4.589847e-04 9.369319e-05 -5.800027e-02 2.575000e+00 5.000000e-01 0.000000e+00
8.828208e-04 1.274338e-04 -5.800027e-02 2.625000e+00 5.000000e-01 0.000000e+00
6.350303e-04 1.058465e-04 -5.800027e-02 2.675000e+00 5.000000e-01 0.000000e+00
6.240382e-04 1.012370e-04 -5.800027e-02 2.725000e+00 5.000000e-01 0.000000e+00
9.227143e-04 1.171929e-04 -5.800027e-02 2.775000e+00 5.000000e-01 0.000000e+00
5.082219e-04 8.245388e-05 -5.800027e-02 2.825000e+00 5.000000e-01 0.000000e+00
7.914305e-04 9.893577e-05 -5.800027e-02 2.875000e+00 5.000000e-01 0.000000e+00
4.328186e-01 3.751611e-03 -4.800028e-02 2.500000e-02 5.000000e-01 0.000000e+00
6.957847e-02 1.503369e-03 -4.800028e-02 7.500000e-02 5.000000e-01 0.000000e+00
6.543860e-03 4.722635e-04 -4.800028e-02 1.250000e-01 5.000000e-01 0.000000e+00
6.376672e-03 4.601976e-04 -4.800028e-02 1.750000e-01 5.000000e-01 0.000000e+00
4.475231e-03 3.925044e-04 -4.800028e-02 2.250000e-01 5.000000e-01 0.000000e+00
4.735436e-03 4.060613e-04 -4.800028e-02 2.750000e-01 5.000000e-01 0.000000e+00
5.758735e-03 4.442971e-04 -4.800028e-02 3.250000e-01 5.000000e-01 0.000000e+00
4.952743e-03 4.216069e-04 -4.800028e-02 3.750000e-01 5.000000e-01 0.000000e+00
3.982018e-03 3.762665e-04 -4.800028e-02 4.250000e-01 5.000000e-01 0.000000e+00
3.903030e-03 3.688030e-04 -4.800028e-02 4.750000e-01 5.000000e-01 0.000000e+00
3.547815e-03 3.547824e-04 -4.800028e-02 5.250000e-01 5.000000e-01 0.000000e+00
3.927948e-03 3.678870e-04 -4.800028e-02 5.750000e-01 5.000000e-01 0.000000e+00
3.780913e-03 3.638197e-04 -4.800028e-02 6.250000e-01 5.000000e-01 0.000000e+00
2.969414e-03 3.202013e-04 -4.800028e-02 6.750000e-01 5.000000e-01 0.000000e+00
2.592572e-03 2.973896e-04 -4.800028e-02 7.250000e-01 5.000000e-01 0.000000e+00
3.326110e-03 3.359889e-04 -4.800028e-02 7.750000e-01 5.000000e-01 0.000000e+00
2.372793e-03 2.836040e-04 -4.800028e-02 8.250000e-01 5.000000e-01 0.000000e+00
2.427893e-03 2.822381e-04 -4.800028e-02 8.750000e-01 5.000000e-01 0.000000e+00
2.340533e-03 2.797482e-04 -4.800028e-02 9.250000e-01 5.000000e-01 0.000000e+00
2.510203e-03 2.879412e-04 -4.800028e-02 9.750000e-01 5.000000e-01 0.000000e+00
1.995525e-03 2.534330e-04 -4.800028e-02 1.025000e+00 5.000000e-01 0.000000e+00
1.340659e-03 2.068693e-04 -4.800028e-02 1.075000e+00 5.000000e-01 0.000000e+00
7.973736e-04 1.563782e-04 -4.800028e-02 1.125000e+00 5.000000e-01 0.000000e+00
1.458065e-03 2.062027e-04 -4.800028e-02 1.175000e+00 5.000000e-01 0.000000e+00
1.224867e-03 1.846568e-04 -4.800028e-02 1.225000e+00 5.000000e-01 0.000000e+00
1.629881e-03 2.140151e-04 -4.800028e-02 1.275000e+00 5.000000e-01 0.000000e+00
1.145247e-03 1.767166e-04 -4.800028e-02 1.325000e+00 5.000000e-01 0.000000e+00
1.019283e-03 1.653509e-04 -4.800028e-02 1.375000e+00 5.000000e-01 0.000000e+00
6.388319e-04 1.304020e-04 -4.800028e-02 1.425000e+00 5.000000e-01 0.000000e+00
7.616285e-04 1.439355e-04 -4.800028e-02 1.475000e+00 5.000000e-01 0.000000e+00
7.898166e-04 1.492625e-04 -4.800028e-02 1.525000e+00 5.000000e-01 0.000000e+00
6.279920e-04 1.338889e-04 -4.800028e-02 1.575000e+00 5.000000e-01 0.000000e+00
2.856737e-04 9.033863e-05 -4.800028e-02 1.625000e+00 5.000000e-01 0.000000e+00
4.482831e-04 1.120721e-04 -4.800028e-02 1.675000e+00 5.000000e-01 0.000000e+00
8.426656e-04 1.538506e-04 -4.800028e-02 1.725000e+00 5.000000e-01 0.000000e+00
4.845709e-04 1.142155e-04 -4.800028e-02 1.775000e+00 5.000000e-01 0.000000e+00
4.107284e-04 1.026829e-04 -4.800028e-02 1.825000e+00 5.000000e-01 0.000000e+00
5.372095e-04 1.145349e-04 -4.800028e-02 1.875000e+00 5.000000e-01 0.000000e+00
7.440373e-04 1.315305e-04 -4.800028e-02 1.925000e+00 5.000000e-01 0.000000e+00
5.985266e-04 1.173828e-04 -4.800028e-02 1.975000e+00 5.000000e-01 0.000000e+00
5.841425e-04 1.145621e-04 -4.800028e-02 2.025000e+00 5.000000e-01 0.000000e+00
4.926791e-04 1.050408e-04 -4.800028e-02 2.075000e+00 5.000000e-01 0.000000e+00
3.657514e-04 9.143950e-05 -4.800028e-02 2.125000e+00 5.000000e-01 0.000000e+00
3.745159e-04 9.362971e-05 -4.800028e-02 2.175000e+00 5.000000e-01 0.000000e+00
3.230513e-04 8.634002e-05 -4.800028e-02 2.225000e+00 5.000000e-01 0.000000e+00
7.289193e-04 1.288578e-04 -4.800028e-02 2.275000e+00 5.000000e-01 0.000000e+00
4.017583e-04 9.469791e-05 -4.800028e-02 2.325000e+00 5.000000e-01 0.000000e+00
3.438829e-04 8.597221e-05 -4.800028e-02 2.375000e+00 5.000000e-01 0.000000e+00
5.059577e-04 1.032812e-04 -4.800028e-02 2.425000e+00 5.000000e-01 0.000000e+00
8.180391e-04 1.293464e-04 -4.800028e-02 2.475000e+00 5.000000e-01 0.000000e+00
5.915934e-04 1.080133e-04 -4.800028e-02 2.525000e+00 5.000000e-01 0.000000e+00
6.495878e-04 1.114102e-04 -4.800028e-02 2.575000e+00 5.000000e-01 0.000000e+00
5.475497e-04 9.997212e-05 -4.800028e-02 2.625000e+00 5.000000e-01 0.000000e+00
6.670190e-04 1.082114e-04 -4.800028e-02 2.675000e+00 5.000000e-01 0.000000e+00
6.486134e-04 1.025614e-04 -4.800028e-02 2.725000e+00 5.000000e-01 0.000000e+00
6.481870e-04 9.772504e-05 -4.800028e-02 2.775000e+00 5.000000e-01 0.000000e+00
7.151136e-04 9.732350e-05 -4.800028e-02 2.825000e+00 5.000000e-01 0.000000e+00
9.633641e-04 1.090932e-04 -4.800028e-02 2.875000e+00 5.000000e-01 0.000000e+00
4.372392e-01 3.782263e-03 -3.800029e-02 2.500000e-02 5.000000e-01 0.000000e+00
7.042240e-02 1.511059e-03 -3.800029e-02 7.500000e-02 5.000000e-01 0.000000e+00
7.452413e-03 4.979365e-04 -3.800029e-02 1.250000e-01 5.000000e-01 0.000000e+00
6.015963e-03 4.509167e-04 -3.800029e-02 1.750000e-01 5.000000e-01 0.000000e+00
5.046196e-03 4.093017e-04 -3.800029e-02 2.250000e-01 5.000000e-01 0.000000e+00
5.636596e-03 4.456130e-04 -3.800029e-02 2.750000e-01 5.000000e-01 0.000000e+00
5.193727e-03 4.212682e-04 -3.800029e-02 3.250000e-01 5.000000e-01 0.000000e+00
4.353185e-03 3.909284e-04 -3.800029e-02 3.750000e-01 5.000000e-01 0.000000e+00
2.703678e-03 3.101339e-04 -3.800029e-02 4.250000e-01 5.000000e-01 0.000000e+00
3.762565e-03 3.620540e-04 -3.800029e-02 4.750000e-01 5.000000e-01 0.000000e+00
3.462199e-03 3.497359e-04 -3.800029e-02 5.250000e-01 5.000000e-01 0.000000e+00
3.061708e-03 3.263799e-04 -3.800029e-02 5.750000e-01 5.000000e-01 0.000000e+00
4.396060e-03 3.885619e-04 -3.800029e-02 6.250000e-01 5.000000e-01 0.000000e+00
3.056389e-03 3.258134e-04 -3.800029e-02 6.750000e-01 5.000000e-01 0.000000e+00
2.399333e-03 2.867761e-04 -3.800029e-02 7.250000e-01 5.000000e-01 0.000000e+00
2.807406e-03 3.063141e-04 -3.800029e-02 7.750000e-01 5.000000e-01 0.000000e+00
2.184396e-03 2.730502e-04 -3.800029e-02 8.250000e-01 5.000000e-01 0.000000e+00
2.175404e-03 2.677744e-04 -3.800029e-02 8.750000e-01 5.000000e-01 0.000000e+00
1.846787e-03 2.467885e-04 -3.800029e-02 9.250000e-01 5.000000e-01 0.000000e+00
1.784750e-03 2.428749e-04 -3.800029e-02 9.750000e-01 5.000000e-01 0.000000e+00
1.831947e-03 2.448051e-04 -3.800029e-02 1.025000e+00 5.000000e-01 0.000000e+00
1.525172e-03 2.201406e-04 -3.800029e-02 1.075000e+00 5.000000e-01 0.000000e+00
1.734982e-03 2.361027e-04 -3.800029e-02 1.125000e+00 5.000000e-01 0.000000e+00
9.812302e-04 1.734596e-04 -3.800029e-02 1.175000e+00 5.000000e-01 0.000000e+00
1.284310e-03 1.936179e-04 -3.800029e-02 1.225000e+00 5.000000e-01 0.000000e+00
7.367771e-04 1.444944e-04 -3.800029e-02 1.275000e+00 5.000000e-01 0.000000e+00
7.681900e-04 1.451755e-04 -3.800029e-02 1.325000e+00 5.000000e-01 0.000000e+00
8.145809e-04 1.487223e-04 -3.800029e-02 1.375000e+00 5.000000e-01 0.000000e+00
6.290890e-04 1.284133e-04 -3.800029e-02 1.425000e+00 5.000000e-01 0.000000e+00
9.019057e-04 1.546766e-04 -3.800029e-02 1.475000e+00 5.000000e-01 0.000000e+00
7.459245e-04 1.409677e-04 -3.800029e-02 1.525000e+00 5.000000e-01 0.000000e+00
5.937799e-04 1.265950e-04 -3.800029e-02 1.575000e+00 5.000000e-01 0.000000e+00
5.604701e-04 1.253255e-04 -3.800029e-02 1.625000e+00 5.000000e-01 0.000000e+00
5.503054e-04 1.230529e-04 -3.800029e-02 1.675000e+00 5.000000e-01 0.000000e+00
6.953984e-04 1.363801e-04 -3.800029e-02 1.725000e+00 5.000000e-01 0.000000e+00
3.060070e-04 8.833759e-05 -3.800029e-02 1.775000e+00 5.000000e-01 0.000000e+00
4.430500e-04 1.044290e-04 -3.800029e-02 1.825000e+00 5.000000e-01 0.000000e+00
5.723629e-04 1.168346e-04 -3.800029e-02 1.875000e+00 5.000000e-01 0.000000e+00
5.170673e-04 1.102411e-04 -3.800029e-02 1.925000e+00 5.000000e-01 0.000000e+00
3.245128e-04 8.673042e-05 -3.800029e-02 1.975000e+00 5.000000e-01 0.000000e+00
4.585468e-04 1.025354e-04 -3.800029e-02 2.025000e+00 5.000000e-01 0.000000e+00
7.057897e-04 1.288610e-04 -3.800029e-02 2.075000e+00 5.000000e-01 0.000000e+00
3.322606e-04 8.880134e-05 -3.800029e-02 2.125000e+00 5.000000e-01 0.000000e+00
6.174411e-04 1.210920e-04 -3.800029e-02 2.175000e+00 5.000000e-01 0.000000e+00
4.634488e-04 1.036314e-04 -3.800029e-02 2.225000e+00 5.000000e-01 0.000000e+00
4.593640e-04 1.027190e-04 -3.800029e-02 2.275000e+00 5.000000e-01 0.000000e+00
4.405722e-04 9.851734e-05 -3.800029e-02 2.325000e+00 5.000000e-01 0.000000e+00
5.192754e-04 1.059984e-04 -3.800029e-02 2.375000e+00 5.000000e-01 0.000000e+00
4.189625e-04 9.368478e-05 -3.800029e-02 2.425000e+00 5.000000e-01 0.000000e+00
1.627341e-04 5.753592e-05 -3.800029e-02 2.475000e+00 5.000000e-01 0.000000e+00
4.370301e-04 9.317725e-05 -3.800029e-02 2.525000e+00 5.000000e-01 0.000000e+00
3.061601e-04 7.654142e-05 -3.800029e-02 2.575000e+00 5.000000e-01 0.000000e+00
8.803837e-04 1.270791e-04 -3.800029e-02 2.625000e+00 5.000000e-01 0.000000e+00
5.582686e-04 9.869387e-05 -3.800029e-02 2.675000e+00 5.000000e-01 0.000000e+00
7.766802e-04 1.121129e-04 -3.800029e-02 2.725000e+00 5.000000e-01 0.000000e+00
6.143172e-04 9.479726e-05 -3.800029e-02 2.775000e+00 5.000000e-01 0.000000e+00
7.847599e-04 1.013239e-04 -3.800029e-02 2.825000e+00 5.000000e-01 0.000000e+00
9.760561e-04 1.091379e-04 -3.800029e-02 2.875000e+00 5.000000e-01 0.000000e+00
4.238708e-01 3.717028e-03 -2.800030e-02 2.500000e-02 5.000000e-01 0.000000e+00
7.710011e-02 1.584400e-03 -2.800030e-02 7.500000e-02 5.000000e-01 0.000000e+00
6.614684e-03 4.631218e-04 -2.800030e-02 1.250000e-01 5.000000e-01 0.000000e+00
7.015542e-03 4.887972e-04 -2.800030e-02 1.750000e-01 5.000000e-01 0.000000e+00
5.905437e-03 4.401663e-04 -2.800030e-02 2.250000e-01 5.000000e-01 0.000000e+00
5.513870e-03 4.386611e-04 -2.800030e-02 2.750000e-01 5.000000e-01 0.000000e+00
4.441413e-03 3.895386e-04 -2.800030e-02 3.250000e-01 5.000000e-01 0.000000e+00
4.661968e-03 3.997617e-04 -2.800030e-02 3.750000e-01 5.000000e-01 0.000000e+00
4.138635e-03 3.842637e-04 -2.800030e-02 4.250000e-01 5.000000e-01 0.000000e+00
3.793165e-03 3.649985e-04 -2.800030e-02 4.750000e-01 5.000000e-01 0.000000e+00
3.129647e-03 3.298949e-04 -2.800030e-02 5.250000e-01 5.000000e-01 0.000000e+00
3.299552e-03 3.403238e-04 -2.800030e-02 5.750000e-01 5.000000e-01 0.000000e+00
4.177292e-03 3.781954e-04 -2.800030e-02 6.250000e-01 5.000000e-01 0.000000e+00
3.669452e-03 3.564099e-04 -2.800030e-02 6.750000e-01 5.000000e-01 0.000000e+00
3.016286e-03 3.215388e-04 -2.800030e-02 7.250000e-01 5.000000e-01 0.000000e+00
2.548052e-03 2.922826e-04 -2.800030e-02 7.750000e-01 5.000000e-01 0.000000e+00
2.642461e-03 2.992009e-04 -2.800030e-02 8.250000e-01 5.000000e-01 0.000000e+00
2.262780e-03 2.744035e-04 -2.800030e-02 8.750000e-01 5.000000e-01 0.000000e+00
2.364937e-03 2.787115e-04 -2.800030e-02 9.250000e-01 5.000000e-01 0.000000e+00
3.090037e-03 3.187144e-04 -2.800030e-02 9.750000e-01 5.000000e-01 0.000000e+00
2.237693e-03 2.713613e-04 -2.800030e-02 1.025000e+00 5.000000e-01 0.000000e+00
1.840566e-03 2.416796e-04 -2.800030e-02 1.075000e+00 5.000000e-01 0.000000e+00
1.537353e-03 2.218988e-04 -2.800030e-02 1.125000e+00 5.000000e-01 0.000000e+00
1.201419e-03 1.948967e-04 -2.800030e-02 1.175000e+00 5.000000e-01 0.000000e+00
1.104327e-03 1.840557e-04 -2.800030e-02 1.225000e+00 5.000000e-01 0.000000e+00
1.237718e-03 1.909852e-04 -2.800030e-02 1.275000e+00 5.000000e-01 0.000000e+00
1.317665e-03 1.942800e-04 -2.800030e-02 1.325000e+00 5.000000e-01 0.000000e+00
8.221453e-04 1.501036e-04 -2.800030e-02 1.375000e+00 5.000000e-01 0.000000e+00
8.981726e-04 1.540366e-04 -2.800030e-02 1.425000e+00 5.000000e-01 0.000000e+00
7.895416e-04 1.441512e-04 -2.800030e-02 1.475000e+00 5.000000e-01 0.000000e+00
4.159625e-04 1.039914e-04 -2.800030e-02 1.525000e+00 5.000000e-01 0.000000e+00
4.720129e-04 1.112554e-04 -2.800030e-02 1.575000e+00 5.000000e-01 0.000000e+00
4.620967e-04 1.089182e-04 -2.800030e-02 1.625000e+00 5.000000e-01 0.000000e+00
6.735568e-04 1.320970e-04 -2.800030e-02 1.675000e+00 5.000000e-01 0.000000e+00
4.067160e-04 1.016796e-04 -2.800030e-02 1.725000e+00 5.000000e-01 0.000000e+00
6.761245e-04 1.277767e-04 -2.800030e-02 1.775000e+00 5.000000e-01 0.000000e+00
4.308313e-04 1.015495e-04 -2.800030e-02 1.825000e+00 5.000000e-01 0.000000e+00
4.202786e-04 9.906151e-05 -2.800030e-02 1.875000e+00 5.000000e-01 0.000000e+00
6.084440e-04 1.193270e-04 -2.800030e-02 1.925000e+00 5.000000e-01 0.000000e+00
4.696421e-04 1.050165e-04 -2.800030e-02 1.975000e+00 5.000000e-01 0.000000e+00
4.751548e-04 1.062490e-04 -2.800030e-02 2.025000e+00 5.000000e-01 0.000000e+00
4.395324e-04 1.036007e-04 -2.800030e-02 2.075000e+00 5.000000e-01 0.000000e+00
5.278036e-04 1.125289e-04 -2.800030e-02 2.125000e+00 5.000000e-01 0.000000e+00
6.208023e-04 1.217509e-04 -2.800030e-02 2.175000e+00 5.000000e-01 0.000000e+00
2.324765e-04 7.351659e-05 -2.800030e-02 2.225000e+00 5.000000e-01 0.000000e+00
4.577607e-04 1.023606e-04 -2.800030e-02 2.275000e+00 5.000000e-01 0.000000e+00
3.970089e-04 9.357728e-05 -2.800030e-02 2.325000e+00 5.000000e-01 0.000000e+00
4.346091e-04 9.718446e-05 -2.800030e-02 2.375000e+00 5.000000e-01 0.000000e+00
5.424871e-04 1.063938e-04 -2.800030e-02 2.425000e+00 5.000000e-01 0.000000e+00
4.846918e-04 9.894047e-05 -2.800030e-02 2.475000e+00 5.000000e-01 0.000000e+00
7.141047e-04 1.190208e-04 -2.800030e-02 2.525000e+00 5.000000e-01 0.000000e+00
4.566278e-04 9.321049e-05 -2.800030e-02 2.575000e+00 5.000000e-01 0.000000e+00
4.009662e-04 8.548828e-05 -2.800030e-02 2.625000e+00 5.000000e-01 0.000000e+00
7.337127e-04 1.132221e-04 -2.800030e-02 2.675000e+00 5.000000e-01 0.000000e+00
6.732026e-04 1.038843e-04 -2.800030e-02 2.725000e+00 5.000000e-01 0.000000e+00
1.018347e-03 1.217272e-04 -2.800030e-02 2.775000e+00 5.000000e-01 0.000000e+00
7.810745e-04 1.008461e-04 -2.800030e-02 2.825000e+00 5.000000e-01 0.000000e+00
1.162723e-03 1.186857e-04 -2.800030e-02 2.875000e+00 5.000000e-01 0.000000e+00
4.299809e-01 3.718641e-03 -1.800030e-02 2.500000e-02 5.000000e-01 0.000000e+00
7.428066e-02 1.557006e-03 -1.800030e-02 7.500000e-02 5.000000e-01 0.000000e+00
6.278349e-03 4.484546e-04 -1.800030e-02 1.250000e-01 5.000000e-01 0.000000e+00
7.221627e-03 4.959847e-04 -1.800030e-02 1.750000e-01 5.000000e-01 0.000000e+00
5.022602e-03 4.073878e-04 -1.800030e-02 2.250000e-01 5.000000e-01 0.000000e+00
4.671945e-03 4.006171e-04 -1.800030e-02 2.750000e-01 5.000000e-01 0.000000e+00
5.551069e-03 4.361343e-04 -1.800030e-02 3.250000e-01 5.000000e-01 0.000000e+00
4.019220e-03 3.700004e-04 -1.800030e-02 3.750000e-01 5.000000e-01 0.000000e+00
4.959408e-03 4.191478e-04 -1.800030e-02 4.250000e-01 5.000000e-01 0.000000e+00
3.251343e-03 3.389773e-04 -1.800030e-02 4.750000e-01 5.000000e-01 0.000000e+00
3.232753e-03 3.334340e-04 -1.800030e-02 5.250000e-01 5.000000e-01 0.000000e+00
4.099831e-03 3.806612e-04 -1.800030e-02 5.750000e-01 5.000000e-01 0.000000e+00
3.840470e-03 3.628914e-04 -1.800030e-02 6.250000e-01 5.000000e-01 0.000000e+00
3.242814e-03 3.344721e-04 -1.800030e-02 6.750000e-01 5.000000e-01 0.000000e+00
2.876978e-03 3.139054e-04 -1.800030e-02 7.250000e-01 5.000000e-01 0.000000e+00
1.950808e-03 2.561542e-04 -1.800030e-02 7.750000e-01 5.000000e-01 0.000000e+00
1.875425e-03 2.506150e-04 -1.800030e-02 8.250000e-01 5.000000e-01 0.000000e+00
2.870288e-03 3.095125e-04 -1.800030e-02 8.750000e-01 5.000000e-01 0.000000e+00
2.500294e-03 2.868048e-04 -1.800030e-02 9.250000e-01 5.000000e-01 0.000000e+00
1.631759e-03 2.307669e-04 -1.800030e-02 9.750000e-01 5.000000e-01 0.000000e+00
1.055332e-03 1.865589e-04 -1.800030e-02 1.025000e+00 5.000000e-01 0.000000e+00
1.595070e-03 2.255785e-04 -1.800030e-02 1.075000e+00 5.000000e-01 0.000000e+00
8.884597e-04 1.679035e-04 -1.800030e-02 1.125000e+00 5.000000e-01 0.000000e+00
1.332940e-03 2.056778e-04 -1.800030e-02 1.175000e+00 5.000000e-01 0.000000e+00
8.789677e-04 1.661100e-04 -1.800030e-02 1.225000e+00 5.000000e-01 0.000000e+00
9.751499e-04 1.723848e-04 -1.800030e-02 1.275000e+00 5.000000e-01 0.000000e+00
1.012359e-03 1.736192e-04 -1.800030e-02 1.325000e+00 5.000000e-01 0.000000e+00
7.509368e-04 1.472722e-04 -1.800030e-02 1.375000e+00 5.000000e-01 0.000000e+00
6.503789e-04 1.327585e-04 -1.800030e-02 1.425000e+00 5.000000e-01 0.000000e+00
8.947990e-04 1.534578e-04 -1.800030e-02 1.475000e+00 5.000000e-01 0.000000e+00
5.610719e-04 1.196219e-04 -1.800030e-02 1.525000e+00 5.000000e-01 0.000000e+00
9.208442e-04 1.534757e-04 -1.800030e-02 1.575000e+00 5.000000e-01 0.000000e+00
3.383618e-04 9.043130e-05 -1.800030e-02 1.625000e+00 5.000000e-01 0.000000e+00
5.186400e-04 1.105752e-04 -1.800030e-02 1.675000e+00 5.000000e-01 0.000000e+00
6.993629e-04 1.276873e-04 -1.800030e-02 1.725000e+00 5.000000e-01 0.000000e+00
5.764871e-04 1.176760e-04 -1.800030e-02 1.775000e+00 5.000000e-01 0.000000e+00
3.352739e-04 8.960696e-05 -1.800030e-02 1.825000e+00 5.000000e-01 0.000000e+00
2.322888e-04 7.345702e-05 -1.800030e-02 1.875000e+00 5.000000e-01 0.000000e+00
5.689071e-04 1.161298e-04 -1.800030e-02 1.925000e+00 5.000000e-01 0.000000e+00
5.349366e-04 1.140498e-04 -1.800030e-02 1.975000e+00 5.000000e-01 0.000000e+00
2.493164e-04 7.884090e-05 -1.800030e-02 2.025000e+00 5.000000e-01 0.000000e+00
2.942387e-04 8.494078e-05 -1.800030e-02 2.075000e+00 5.000000e-01 0.000000e+00
4.820291e-04 1.077875e-04 -1.800030e-02 2.125000e+00 5.000000e-01 0.000000e+00
4.306696e-04 1.015127e-04 -1.800030e-02 2.175000e+00 5.000000e-01 0.000000e+00
5.116528e-04 1.090872e-04 -1.800030e-02 2.225000e+00 5.000000e-01 0.000000e+00
1.814021e-04 6.413729e-05 -1.800030e-02 2.275000e+00 5.000000e-01 0.000000e+00
3.993890e-04 9.413844e-05 -1.800030e-02 2.325000e+00 5.000000e-01 0.000000e+00
4.343750e-04 9.713061e-05 -1.800030e-02 2.375000e+00 5.000000e-01 0.000000e+00
5.464752e-04 1.071760e-04 -1.800030e-02 2.425000e+00 5.000000e-01 0.000000e+00
4.488152e-04 9.568954e-05 -1.800030e-02 2.475000e+00 5.000000e-01 0.000000e+00
4.702159e-04 9.598524e-05 -1.800030e-02 2.525000e+00 5.000000e-01 0.000000e+00
4.566232e-04 9.321115e-05 -1.800030e-02 2.575000e+00 5.000000e-01 0.000000e+00
3.659401e-04 8.182999e-05 -1.800030e-02 2.625000e+00 5.000000e-01 0.000000e+00
5.229998e-04 9.549029e-05 -1.800030e-02 2.675000e+00 5.000000e-01 0.000000e+00
4.747573e-04 8.668224e-05 -1.800030e-02 2.725000e+00 5.000000e-01 0.000000e+00
7.872846e-04 1.071447e-04 -1.800030e-02 2.775000e+00 5.000000e-01 0.000000e+00
7.882332e-04 1.017693e-04 -1.800030e-02 2.825000e+00 5.000000e-01 0.000000e+00
9.939914e-04 1.097827e-04 -1.800030e-02 2.875000e+00 5.000000e-01 0.000000e+00
4.315225e-01 3.715200e-03 -8.000314e-03 2.500000e-02 5.000000e-01 0.000000e+00
6.779671e-02 1.487258e-03 -8.000314e-03 7.500000e-02 5.000000e-01 0.000000e+00
6.895433e-03 4.691759e-04 -8.000314e-03 1.250000e-01 5.000000e-01 0.000000e+00
5.852706e-03 4.462658e-04 -8.000314e-03 1.750000e-01 5.000000e-01 0.000000e+00
6.360407e-03 4.590240e-04 -8.000314e-03 2.250000e-01 5.000000e-01 0.000000e+00
4.686213e-03 3.989179e-04 -8.000314e-03 2.750000e-01 5.000000e-01 0.000000e+00
4.342870e-03 3.868947e-04 -8.000314e-03 3.250000e-01 5.000000e-01 0.000000e+00
3.813018e-03 3.602975e-04 -8.000314e-03 3.750000e-01 5.000000e-01 0.000000e+00
3.443310e-03 3.478277e-04 -8.000314e-03 4.250000e-01 5.000000e-01 0.000000e+00
3.124507e-03 3.330746e-04 -8.000314e-03 4.750000e-01 5.000000e-01 0.000000e+00
3.560168e-03 3.491044e-04 -8.000314e-03 5.250000e-01 5.000000e-01 0.000000e+00
2.625736e-03 3.052368e-04 -8.000314e-03 5.750000e-01 5.000000e-01 0.000000e+00
3.152339e-03 3.286553e-04 -8.000314e-03 6.250000e-01 5.000000e-01 0.000000e+00
2.468373e-03 2.909016e-04 -8.000314e-03 6.750000e-01 5.000000e-01 0.000000e+00
3.498345e-03 3.463890e-04 -8.000314e-03 7.250000e-01 5.000000e-01 0.000000e+00
3.031683e-03 3.195689e-04 -8.000314e-03 7.750000e-01 5.000000e-01 0.000000e+00
3.261085e-03 3.294207e-04 -8.000314e-03 8.250000e-01 5.000000e-01 0.000000e+00
2.008017e-03 2.592350e-04 -8.000314e-03 8.750000e-01 5.000000e-01 0.000000e+00
2.232889e-03 2.707785e-04 -8.000314e-03 9.250000e-01 5.000000e-01 0.000000e+00
2.347376e-03 2.766422e-04 -8.000314e-03 9.750000e-01 5.000000e-01 0.000000e+00
2.111289e-03 2.639123e-04 -8.000314e-03 1.025000e+00 5.000000e-01 0.000000e+00
1.473515e-03 2.172594e-04 -8.000314e-03 1.075000e+00 5.000000e-01 0.000000e+00
1.834983e-03 2.409467e-04 -8.000314e-03 1.125000e+00 5.000000e-01 0.000000e+00
1.332256e-03 2.055729e-04 -8.000314e-03 1.175000e+00 5.000000e-01 0.000000e+00
1.766904e-03 2.361143e-04 -8.000314e-03 1.225000e+00 5.000000e-01 0.000000e+00
1.165392e-03 1.890522e-04 -8.000314e-03 1.275000e+00 5.000000e-01 0.000000e+00
7.932089e-04 1.555622e-04 -8.000314e-03 1.325000e+00 5.000000e-01 0.000000e+00
8.429152e-04 1.592971e-04 -8.000314e-03 1.375000e+00 5.000000e-01 0.000000e+00
9.187688e-04 1.624178e-04 -8.000314e-03 1.425000e+00 5.000000e-01 0.000000e+00
8.087193e-04 1.476522e-04 -8.000314e-03 1.475000e+00 5.000000e-01 0.000000e+00
6.478305e-04 1.270506e-04 -8.000314e-03 1.525000e+00 5.000000e-01 0.000000e+00
9.790958e-04 1.548100e-04 -8.000314e-03 1.575000e+00 5.000000e-01 0.000000e+00
7.874914e-04 1.350548e-04 -8.000314e-03 1.625000e+00 5.000000e-01 0.000000e+00
3.182749e-04 8.506306e-05 -8.000314e-03 1.675000e+00 5.000000e-01 0.000000e+00
6.250957e-04 1.181332e-04 -8.000314e-03 1.725000e+00 5.000000e-01 0.000000e+00
6.345106e-04 1.199121e-04 -8.000314e-03 1.775000e+00 5.000000e-01 0.000000e+00
3.300295e-04 8.820499e-05 -8.000314e-03 1.825000e+00 5.000000e-01 0.000000e+00
5.319274e-04 1.134083e-04 -8.000314e-03 1.875000e+00 5.000000e-01 0.000000e+00
3.560926e-04 9.517030e-05 -8.000314e-03 1.925000e+00 5.000000e-01 0.000000e+00
4.041159e-04 1.010306e-04 -8.000314e-03 1.975000e+00 5.000000e-01 0.000000e+00
3.516842e-04 9.399227e-05 -8.000314e-03 2.025000e+00 5.000000e-01 0.000000e+00
6.404068e-04 1.255957e-04 -8.000314e-03 2.075000e+00 5.000000e-01 0.000000e+00
3.878563e-04 9.696495e-05 -8.000314e-03 2.125000e+00 5.000000e-01 0.000000e+00
5.243239e-04 1.117888e-04 -8.000314e-03 2.175000e+00 5.000000e-01 0.000000e+00
4.174517e-04 9.839854e-05 -8.000314e-03 2.225000e+00 5.000000e-01 0.000000e+00
1.355440e-04 5.533664e-05 -8.000314e-03 2.275000e+00 5.000000e-01 0.000000e+00
5.293865e-04 1.080623e-04 -8.000314e-03 2.325000e+00 5.000000e-01 0.000000e+00
3.029778e-04 8.097622e-05 -8.000314e-03 2.375000e+00 5.000000e-01 0.000000e+00
4.616140e-04 9.841874e-05 -8.000314e-03 2.425000e+00 5.000000e-01 0.000000e+00
3.260584e-04 8.151756e-05 -8.000314e-03 2.475000e+00 5.000000e-01 0.000000e+00
3.144737e-04 7.861916e-05 -8.000314e-03 2.525000e+00 5.000000e-01 0.000000e+00
5.730808e-04 1.046362e-04 -8.000314e-03 2.575000e+00 5.000000e-01 0.000000e+00
3.661989e-04 8.188951e-05 -8.000314e-03 2.625000e+00 5.000000e-01 0.000000e+00
7.294597e-04 1.125662e-04 -8.000314e-03 2.675000e+00 5.000000e-01 0.000000e+00
7.862366e-04 1.111968e-04 -8.000314e-03 2.725000e+00 5.000000e-01 0.000000e+00
5.503041e-04 8.927813e-05 -8.000314e-03 2.775000e+00 5.000000e-01 0.000000e+00
8.726038e-04 1.074235e-04 -8.000314e-03 2.825000e+00 5.000000e-01 0.000000e+00
1.458936e-03 1.332027e-04 -8.000314e-03 2.875000e+00 5.000000e-01 0.000000e+00
4.166483e-01 3.640975e-03 1.999676e-03 2.500000e-02 5.000000e-01 0.000000e+00
6.782808e-02 1.487947e-03 1.999676e-03 7.500000e-02 5.000000e-01 0.000000e+00
8.039244e-03 5.064260e-04 1.999676e-03 1.250000e-01 5.000000e-01 0.000000e+00
5.845346e-03 4.457047e-04 1.999676e-03 1.750000e-01 5.000000e-01 0.000000e+00
5.703687e-03 4.349031e-04 1.999676e-03 2.250000e-01 5.000000e-01 0.000000e+00
4.670922e-03 3.976163e-04 1.999676e-03 2.750000e-01 5.000000e-01 0.000000e+00
4.691321e-03 4.022783e-04 1.999676e-03 3.250000e-01 5.000000e-01 0.000000e+00
4.569514e-03 3.947471e-04 1.999676e-03 3.750000e-01 5.000000e-01 0.000000e+00
2.872059e-03 3.171670e-04 1.999676e-03 4.250000e-01 5.000000e-01 0.000000e+00
3.965334e-03 3.746897e-04 1.999676e-03 4.750000e-01 5.000000e-01 0.000000e+00
3.150025e-03 3.284136e-04 1.999676e-03 5.250000e-01 5.000000e-01 0.000000e+00
3.260756e-03 3.399582e-04 1.999676e-03 5.750000e-01 5.000000e-01 0.000000e+00
2.877668e-03 3.139803e-04 1.999676e-03 6.250000e-01 5.000000e-01 0.000000e+00
3.157728e-03 3.292169e-04 1.999676e-03 6.750000e-01 5.000000e-01 0.000000e+00
4.047615e-03 3.726145e-04 1.999676e-03 7.250000e-01 5.000000e-01 0.000000e+00
3.440514e-03 3.406629e-04 1.999676e-03 7.750000e-01 5.000000e-01 0.000000e+00
2.261644e-03 2.742659e-04 1.999676e-03 8.250000e-01 5.000000e-01 0.000000e+00
1.677575e-03 2.372459e-04 1.999676e-03 8.750000e-01 5.000000e-01 0.000000e+00
1.906091e-03 2.502831e-04 1.999676e-03 9.250000e-01 5.000000e-01 0.000000e+00
2.346090e-03 2.764909e-04 1.999676e-03 9.750000e-01 5.000000e-01 0.000000e+00
1.319694e-03 2.086630e-04 1.999676e-03 1.025000e+00 5.000000e-01 0.000000e+00
1.471045e-03 2.168948e-04 1.999676e-03 1.075000e+00 5.000000e-01 0.000000e+00
1.328529e-03 2.049976e-04 1.999676e-03 1.125000e+00 5.000000e-01 0.000000e+00
1.201838e-03 1.949648e-04 1.999676e-03 1.175000e+00 5.000000e-01 0.000000e+00
1.139912e-03 1.899865e-04 1.999676e-03 1.225000e+00 5.000000e-01 0.000000e+00
1.408667e-03 2.076972e-04 1.999676e-03 1.275000e+00 5.000000e-01 0.000000e+00
1.040453e-03 1.784376e-04 1.999676e-03 1.325000e+00 5.000000e-01 0.000000e+00
6.720948e-04 1.432920e-04 1.999676e-03 1.375000e+00 5.000000e-01 0.000000e+00
6.406511e-04 1.365883e-04 1.999676e-03 1.425000e+00 5.000000e-01 0.000000e+00
8.731728e-04 1.543577e-04 1.999676e-03 1.475000e+00 5.000000e-01 0.000000e+00
6.471592e-04 1.269188e-04 1.999676e-03 1.525000e+00 5.000000e-01 0.000000e+00
7.137033e-04 1.303053e-04 1.999676e-03 1.575000e+00 5.000000e-01 0.000000e+00
9.661191e-04 1.490765e-04 1.999676e-03 1.625000e+00 5.000000e-01 0.000000e+00
8.188407e-04 1.364752e-04 1.999676e-03 1.675000e+00 5.000000e-01 0.000000e+00
8.438884e-04 1.368979e-04 1.999676e-03 1.725000e+00 5.000000e-01 0.000000e+00
5.322383e-04 1.086435e-04 1.999676e-03 1.775000e+00 5.000000e-01 0.000000e+00
6.450834e-04 1.219102e-04 1.999676e-03 1.825000e+00 5.000000e-01 0.000000e+00
3.991559e-04 9.979005e-05 1.999676e-03 1.875000e+00 5.000000e-01 0.000000e+00
4.162984e-04 1.040752e-04 1.999676e-03 1.925000e+00 5.000000e-01 0.000000e+00
4.544094e-04 1.071062e-04 1.999676e-03 1.975000e+00 5.000000e-01 0.000000e+00
5.034313e-04 1.125717e-04 1.999676e-03 2.025000e+00 5.000000e-01 0.000000e+00
2.976980e-04 8.593923e-05 1.999676e-03 2.075000e+00 5.000000e-01 0.000000e+00
5.326894e-04 1.135706e-04 1.999676e-03 2.125000e+00 5.000000e-01 0.000000e+00
4.790158e-04 1.071138e-04 1.999676e-03 2.175000e+00 5.000000e-01 0.000000e+00
4.637222e-04 1.036937e-04 1.999676e-03 2.225000e+00 5.000000e-01 0.000000e+00
3.614329e-04 9.036227e-05 1.999676e-03 2.275000e+00 5.000000e-01 0.000000e+00
5.743639e-04 1.126430e-04 1.999676e-03 2.325000e+00 5.000000e-01 0.000000e+00
3.043221e-04 8.133545e-05 1.999676e-03 2.375000e+00 5.000000e-01 0.000000e+00
2.952483e-04 7.891185e-05 1.999676e-03 2.425000e+00 5.000000e-01 0.000000e+00
4.061122e-04 9.081349e-05 1.999676e-03 2.475000e+00 5.000000e-01 0.000000e+00
3.168992e-04 7.922624e-05 1.999676e-03 2.525000e+00 5.000000e-01 0.000000e+00
6.501801e-04 1.115091e-04 1.999676e-03 2.575000e+00 5.000000e-01 0.000000e+00
4.035413e-04 8.603836e-05 1.999676e-03 2.625000e+00 5.000000e-01 0.000000e+00
4.863741e-04 9.192210e-05 1.999676e-03 2.675000e+00 5.000000e-01 0.000000e+00
5.044289e-04 8.917552e-05 1.999676e-03 2.725000e+00 5.000000e-01 0.000000e+00
6.645022e-04 9.798213e-05 1.999676e-03 2.775000e+00 5.000000e-01 0.000000e+00
7.917629e-04 1.022260e-04 1.999676e-03 2.825000e+00 5.000000e-01 0.000000e+00
1.019902e-03 1.112923e-04 1.999676e-03 2.875000e+00 5.000000e-01 0.000000e+00
4.342307e-01 3.724601e-03 1.199967e-02 2.500000e-02 5.000000e-01 0.000000e+00
7.075124e-02 1.519515e-03 1.199967e-02 7.500000e-02 5.000000e-01 0.000000e+00
6.576888e-03 4.582346e-04 1.199967e-02 1.250000e-01 5.000000e-01 0.000000e+00
6.608560e-03 4.744682e-04 1.199967e-02 1.750000e-01 5.000000e-01 0.000000e+00
6.344663e-03 4.578877e-04 1.199967e-02 2.250000e-01 5.000000e-01 0.000000e+00
5.306927e-03 4.248953e-04 1.199967e-02 2.750000e-01 5.000000e-01 0.000000e+00
4.743827e-03 4.038224e-04 1.199967e-02 3.250000e-01 5.000000e-01 0.000000e+00
3.816820e-03 3.606565e-04 1.199967e-02 3.750000e-01 5.000000e-01 0.000000e+00
4.293157e-03 3.886854e-04 1.199967e-02 4.250000e-01 5.000000e-01 0.000000e+00
2.976299e-03 3.247419e-04 1.199967e-02 4.750000e-01 5.000000e-01 0.000000e+00
3.572374e-03 3.503012e-04 1.199967e-02 5.250000e-01 5.000000e-01 0.000000e+00
3.542328e-03 3.542342e-04 1.199967e-02 5.750000e-01 5.000000e-01 0.000000e+00
3.560777e-03 3.491641e-04 1.199967e-02 6.250000e-01 5.000000e-01 0.000000e+00
2.479497e-03 2.922126e-04 1.199967e-02 6.750000e-01 5.000000e-01 0.000000e+00
2.947586e-03 3.178476e-04 1.199967e-02 7.250000e-01 5.000000e-01 0.000000e+00
2.293372e-03 2.781130e-04 1.199967e-02 7.750000e-01 5.000000e-01 0.000000e+00
3.136026e-03 3.234575e-04 1.199967e-02 8.250000e-01 5.000000e-01 0.000000e+00
2.342902e-03 2.800316e-04 1.199967e-02 8.750000e-01 5.000000e-01 0.000000e+00
2.823550e-03 3.044727e-04 1.199967e-02 9.250000e-01 5.000000e-01 0.000000e+00
2.022407e-03 2.568474e-04 1.199967e-02 9.750000e-01 5.000000e-01 0.000000e+00
1.979412e-03 2.555420e-04 1.199967e-02 1.025000e+00 5.000000e-01 0.000000e+00
1.663210e-03 2.306472e-04 1.199967e-02 1.075000e+00 5.000000e-01 0.000000e+00
1.837274e-03 2.412473e-04 1.199967e-02 1.125000e+00 5.000000e-01 0.000000e+00
1.458740e-03 2.150805e-04 1.199967e-02 1.175000e+00 5.000000e-01 0.000000e+00
1.323698e-03 2.042524e-04 1.199967e-02 1.225000e+00 5.000000e-01 0.000000e+00
9.206905e-04 1.680951e-04 1.199967e-02 1.275000e+00 5.000000e-01 0.000000e+00
6.664897e-04 1.420970e-04 1.199967e-02 1.325000e+00 5.000000e-01 0.000000e+00
7.111490e-04 1.451635e-04 1.199967e-02 1.375000e+00 5.000000e-01 0.000000e+00
8.431703e-04 1.539420e-04 1.199967e-02 1.425000e+00 5.000000e-01 0.000000e+00
8.512643e-04 1.504845e-04 1.199967e-02 1.475000e+00 5.000000e-01 0.000000e+00
5.529430e-04 1.178886e-04 1.199967e-02 1.525000e+00 5.000000e-01 0.000000e+00
8.973874e-04 1.495657e-04 1.199967e-02 1.575000e+00 5.000000e-01 0.000000e+00
4.726728e-04 1.056931e-04 1.199967e-02 1.625000e+00 5.000000e-01 0.000000e+00
4.105272e-04 9.676271e-05 1.199967e-02 1.675000e+00 5.000000e-01 0.000000e+00
5.877854e-04 1.152752e-04 1.199967e-02 1.725000e+00 5.000000e-01 0.000000e+00
6.516025e-04 1.231424e-04 1.199967e-02 1.775000e+00 5.000000e-01 0.000000e+00
3.326690e-04 8.891108e-05 1.199967e-02 1.825000e+00 5.000000e-01 0.000000e+00
3.806794e-04 9.517063e-05 1.199967e-02 1.875000e+00 5.000000e-01 0.000000e+00
1.978735e-04 6.995946e-05 1.199967e-02 1.925000e+00 5.000000e-01 0.000000e+00
6.017460e-04 1.228322e-04 1.199967e-02 1.975000e+00 5.000000e-01 0.000000e+00
4.000721e-04 1.000185e-04 1.199967e-02 2.025000e+00 5.000000e-01 0.000000e+00
5.443847e-04 1.160650e-04 1.199967e-02 2.075000e+00 5.000000e-01 0.000000e+00
3.378735e-04 9.030211e-05 1.199967e-02 2.125000e+00 5.000000e-01 0.000000e+00
4.772088e-04 1.067099e-04 1.199967e-02 2.175000e+00 5.000000e-01 0.000000e+00
5.101967e-04 1.087787e-04 1.199967e-02 2.225000e+00 5.000000e-01 0.000000e+00
9.065672e-05 4.532860e-05 1.199967e-02 2.275000e+00 5.000000e-01 0.000000e+00
4.428372e-04 9.902369e-05 1.199967e-02 2.325000e+00 5.000000e-01 0.000000e+00
4.766075e-04 1.016150e-04 1.199967e-02 2.375000e+00 5.000000e-01 0.000000e+00
5.881019e-04 1.111436e-04 1.199967e-02 2.425000e+00 5.000000e-01 0.000000e+00
4.480897e-04 9.553529e-05 1.199967e-02 2.475000e+00 5.000000e-01 0.000000e+00
5.102791e-04 1.000765e-04 1.199967e-02 2.525000e+00 5.000000e-01 0.000000e+00
6.858881e-04 1.143212e-04 1.199967e-02 2.575000e+00 5.000000e-01 0.000000e+00
2.935630e-04 7.339462e-05 1.199967e-02 2.625000e+00 5.000000e-01 0.000000e+00
8.354096e-04 1.205883e-04 1.199967e-02 2.675000e+00 5.000000e-01 0.000000e+00
5.344404e-04 9.166078e-05 1.199967e-02 2.725000e+00 5.000000e-01 0.000000e+00
6.363728e-04 9.594475e-05 1.199967e-02 2.775000e+00 5.000000e-01 0.000000e+00
9.226679e-04 1.102900e-04 1.199967e-02 2.825000e+00 5.000000e-01 0.000000e+00
1.364801e-03 1.289809e-04 1.199967e-02 2.875000e+00 5.000000e-01 0.000000e+00
4.287887e-01 3.724805e-03 2.199966e-02 2.500000e-02 5.000000e-01 0.000000e+00
7.743293e-02 1.590568e-03 2.199966e-02 7.500000e-02 5.000000e-01 0.000000e+00
6.428912e-03 4.545940e-04 2.199966e-02 1.250000e-01 5.000000e-01 0.000000e+00
7.776953e-03 5.150427e-04 2.199966e-02 1.750000e-01 5.000000e-01 0.000000e+00
4.541585e-03 3.866062e-04 2.199966e-02 2.250000e-01 5.000000e-01 0.000000e+00
4.842963e-03 4.093063e-04 2.199966e-02 2.750000e-01 5.000000e-01 0.000000e+00
4.862586e-03 4.080602e-04 2.199966e-02 3.250000e-01 5.000000e-01 0.000000e+00
4.827580e-03 4.051228e-04 2.199966e-02 3.750000e-01 5.000000e-01 0.000000e+00
4.841948e-03 4.151947e-04 2.199966e-02 4.250000e-01 5.000000e-01 0.000000e+00
3.807707e-03 3.663982e-04 2.199966e-02 4.750000e-01 5.000000e-01 0.000000e+00
2.967214e-03 3.199639e-04 2.199966e-02 5.250000e-01 5.000000e-01 0.000000e+00
3.942741e-03 3.725552e-04 2.199966e-02 5.750000e-01 5.000000e-01 0.000000e+00
3.908067e-03 3.660252e-04 2.199966e-02 6.250000e-01 5.000000e-01 0.000000e+00
3.378066e-03 3.412375e-04 2.199966e-02 6.750000e-01 5.000000e-01 0.000000e+00
3.224523e-03 3.325858e-04 2.199966e-02 7.250000e-01 5.000000e-01 0.000000e+00
1.816203e-03 2.471547e-04 2.199966e-02 7.750000e-01 5.000000e-01 0.000000e+00
2.287826e-03 2.774408e-04 2.199966e-02 8.250000e-01 5.000000e-01 0.000000e+00
2.670505e-03 2.985728e-04 2.199966e-02 8.750000e-01 5.000000e-01 0.000000e+00
2.299390e-03 2.748307e-04 2.199966e-02 9.250000e-01 5.000000e-01 0.000000e+00
2.287220e-03 2.733763e-04 2.199966e-02 9.750000e-01 5.000000e-01 0.000000e+00
1.448738e-03 2.184060e-04 2.199966e-02 1.025000e+00 5.000000e-01 0.000000e+00
1.654829e-03 2.294850e-04 2.199966e-02 1.075000e+00 5.000000e-01 0.000000e+00
8.917945e-04 1.685337e-04 2.199966e-02 1.125000e+00 5.000000e-01 0.000000e+00
1.013678e-03 1.791952e-04 2.199966e-02 1.175000e+00 5.000000e-01 0.000000e+00
9.999919e-04 1.767762e-04 2.199966e-02 1.225000e+00 5.000000e-01 0.000000e+00
1.505290e-03 2.128813e-04 2.199966e-02 1.275000e+00 5.000000e-01 0.000000e+00
1.297337e-03 1.955821e-04 2.199966e-02 1.325000e+00 5.000000e-01 0.000000e+00
1.184457e-03 1.827673e-04 2.199966e-02 1.375000e+00 5.000000e-01 0.000000e+00
7.459333e-04 1.409690e-04 2.199966e-02 1.425000e+00 5.000000e-01 0.000000e+00
7.369730e-04 1.392762e-04 2.199966e-02 1.475000e+00 5.000000e-01 0.000000e+00
7.216752e-04 1.363848e-04 2.199966e-02 1.525000e+00 5.000000e-01 0.000000e+00
7.232323e-04 1.366793e-04 2.199966e-02 1.575000e+00 5.000000e-01 0.000000e+00
4.935413e-04 1.103599e-04 2.199966e-02 1.625000e+00 5.000000e-01 0.000000e+00
5.843344e-04 1.192782e-04 2.199966e-02 1.675000e+00 5.000000e-01 0.000000e+00
5.796038e-04 1.183127e-04 2.199966e-02 1.725000e+00 5.000000e-01 0.000000e+00
7.253641e-04 1.324338e-04 2.199966e-02 1.775000e+00 5.000000e-01 0.000000e+00
3.337485e-04 8.919890e-05 2.199966e-02 1.825000e+00 5.000000e-01 0.000000e+00
5.556485e-04 1.134225e-04 2.199966e-02 1.875000e+00 5.000000e-01 0.000000e+00
6.542061e-04 1.236355e-04 2.199966e-02 1.925000e+00 5.000000e-01 0.000000e+00
4.256506e-04 1.003290e-04 2.199966e-02 1.975000e+00 5.000000e-01 0.000000e+00
2.453941e-04 7.760073e-05 2.199966e-02 2.025000e+00 5.000000e-01 0.000000e+00
3.441884e-04 9.198948e-05 2.199966e-02 2.075000e+00 5.000000e-01 0.000000e+00
6.263697e-04 1.228431e-04 2.199966e-02 2.125000e+00 5.000000e-01 0.000000e+00
4.294807e-04 1.012319e-04 2.199966e-02 2.175000e+00 5.000000e-01 0.000000e+00
3.264236e-04 8.724122e-05 2.199966e-02 2.225000e+00 5.000000e-01 0.000000e+00
3.189170e-04 8.523638e-05 2.199966e-02 2.275000e+00 5.000000e-01 0.000000e+00
3.099293e-04 8.283351e-05 2.199966e-02 2.325000e+00 5.000000e-01 0.000000e+00
2.612404e-04 7.541499e-05 2.199966e-02 2.375000e+00 5.000000e-01 0.000000e+00
4.189883e-04 9.369070e-05 2.199966e-02 2.425000e+00 5.000000e-01 0.000000e+00
4.049106e-04 9.054440e-05 2.199966e-02 2.475000e+00 5.000000e-01 0.000000e+00
4.339877e-04 9.253036e-05 2.199966e-02 2.525000e+00 5.000000e-01 0.000000e+00
5.330307e-04 1.007357e-04 2.199966e-02 2.575000e+00 5.000000e-01 0.000000e+00
3.276048e-04 7.721942e-05 2.199966e-02 2.625000e+00 5.000000e-01 0.000000e+00
6.622582e-04 1.074396e-04 2.199966e-02 2.675000e+00 5.000000e-01 0.000000e+00
7.348201e-04 1.083477e-04 2.199966e-02 2.725000e+00 5.000000e-01 0.000000e+00
1.021900e-03 1.221499e-04 2.199966e-02 2.775000e+00 5.000000e-01 0.000000e+00
7.582115e-04 9.957027e-05 2.199966e-02 2.825000e+00 5.000000e-01 0.000000e+00
1.063247e-03 1.133574e-04 2.199966e-02 2.875000e+00 5.000000e-01 0.000000e+00
4.257672e-01 3.724219e-03 3.199965e-02 2.500000e-02 5.000000e-01 0.000000e+00
7.243791e-02 1.536719e-03 3.199965e-02 7.500000e-02 5.000000e-01 0.000000e+00
6.675595e-03 4.673862e-04 3.199965e-02 1.250000e-01 5.000000e-01 0.000000e+00
6.581042e-03 4.724925e-04 3.199965e-02 1.750000e-01 5.000000e-01 0.000000e+00
5.661885e-03 4.317159e-04 3.199965e-02 2.250000e-01 5.000000e-01 0.000000e+00
5.130027e-03 4.245652e-04 3.199965e-02 2.750000e-01 5.000000e-01 0.000000e+00
4.711433e-03 4.010649e-04 3.199965e-02 3.250000e-01 5.000000e-01 0.000000e+00
3.601061e-03 3.531141e-04 3.199965e-02 3.750000e-01 5.000000e-01 0.000000e+00
3.350325e-03 3.455606e-04 3.199965e-02 4.250000e-01 5.000000e-01 0.000000e+00
3.503075e-03 3.503085e-04 3.199965e-02 4.750000e-01 5.000000e-01 0.000000e+00
3.498825e-03 3.498836e-04 3.199965e-02 5.250000e-01 5.000000e-01 0.000000e+00
2.940905e-03 3.208798e-04 3.199965e-02 5.750000e-01 5.000000e-01 0.000000e+00
4.245102e-03 3.812226e-04 3.199965e-02 6.250000e-01 5.000000e-01 0.000000e+00
3.678094e-03 3.572492e-04 3.199965e-02 6.750000e-01 5.000000e-01 0.000000e+00
2.876163e-03 3.138165e-04 3.199965e-02 7.250000e-01 5.000000e-01 0.000000e+00
3.135760e-03 3.234301e-04 3.199965e-02 7.750000e-01 5.000000e-01 0.000000e+00
2.044394e-03 2.639309e-04 3.199965e-02 8.250000e-01 5.000000e-01 0.000000e+00
1.985376e-03 2.563119e-04 3.199965e-02 8.750000e-01 5.000000e-01 0.000000e+00
1.775950e-03 2.416772e-04 3.199965e-02 9.250000e-01 5.000000e-01 0.000000e+00
2.639131e-03 2.950649e-04 3.199965e-02 9.750000e-01 5.000000e-01 0.000000e+00
2.104617e-03 2.630785e-04 3.199965e-02 1.025000e+00 5.000000e-01 0.000000e+00
1.523315e-03 2.198730e-04 3.199965e-02 1.075000e+00 5.000000e-01 0.000000e+00
1.545702e-03 2.231039e-04 3.199965e-02 1.125000e+00 5.000000e-01 0.000000e+00
1.004515e-03 1.775759e-04 3.199965e-02 1.175000e+00 5.000000e-01 0.000000e+00
1.262874e-03 1.948666e-04 3.199965e-02 1.225000e+00 5.000000e-01 0.000000e+00
6.966165e-04 1.421971e-04 3.199965e-02 1.275000e+00 5.000000e-01 0.000000e+00
1.175659e-03 1.814092e-04 3.199965e-02 1.325000e+00 5.000000e-01 0.000000e+00
7.626605e-04 1.441301e-04 3.199965e-02 1.375000e+00 5.000000e-01 0.000000e+00
6.333038e-04 1.292737e-04 3.199965e-02 1.425000e+00 5.000000e-01 0.000000e+00
1.053450e-03 1.665663e-04 3.199965e-02 1.475000e+00 5.000000e-01 0.000000e+00
3.680643e-04 9.836978e-05 3.199965e-02 1.525000e+00 5.000000e-01 0.000000e+00
5.809021e-04 1.238497e-04 3.199965e-02 1.575000e+00 5.000000e-01 0.000000e+00
4.244054e-04 1.061020e-04 3.199965e-02 1.625000e+00 5.000000e-01 0.000000e+00
6.471719e-04 1.321046e-04 3.199965e-02 1.675000e+00 5.000000e-01 0.000000e+00
5.192208e-04 1.161020e-04 3.199965e-02 1.725000e+00 5.000000e-01 0.000000e+00
4.406955e-04 1.038739e-04 3.199965e-02 1.775000e+00 5.000000e-01 0.000000e+00
4.343288e-04 1.023744e-04 3.199965e-02 1.825000e+00 5.000000e-01 0.000000e+00
1.885814e-04 6.667406e-05 3.199965e-02 1.875000e+00 5.000000e-01 0.000000e+00
5.192114e-04 1.106978e-04 3.199965e-02 1.925000e+00 5.000000e-01 0.000000e+00
3.268782e-04 8.736260e-05 3.199965e-02 1.975000e+00 5.000000e-01 0.000000e+00
5.160996e-04 1.100342e-04 3.199965e-02 2.025000e+00 5.000000e-01 0.000000e+00
6.760756e-04 1.277679e-04 3.199965e-02 2.075000e+00 5.000000e-01 0.000000e+00
4.296378e-04 1.012686e-04 3.199965e-02 2.125000e+00 5.000000e-01 0.000000e+00
6.658446e-04 1.258346e-04 3.199965e-02 2.175000e+00 5.000000e-01 0.000000e+00
3.706989e-04 9.267569e-05 3.199965e-02 2.225000e+00 5.000000e-01 0.000000e+00
5.508814e-04 1.124509e-04 3.199965e-02 2.275000e+00 5.000000e-01 0.000000e+00
3.956289e-04 9.325184e-05 3.199965e-02 2.325000e+00 5.000000e-01 0.000000e+00
5.645857e-04 1.107271e-04 3.199965e-02 2.375000e+00 5.000000e-01 0.000000e+00
4.595923e-04 9.798900e-05 3.199965e-02 2.425000e+00 5.000000e-01 0.000000e+00
3.246422e-04 8.116261e-05 3.199965e-02 2.475000e+00 5.000000e-01 0.000000e+00
6.349679e-04 1.122499e-04 3.199965e-02 2.525000e+00 5.000000e-01 0.000000e+00
3.047667e-04 7.619348e-05 3.199965e-02 2.575000e+00 5.000000e-01 0.000000e+00
6.584444e-04 1.097458e-04 3.199965e-02 2.625000e+00 5.000000e-01 0.000000e+00
5.944585e-04 1.019534e-04 3.199965e-02 2.675000e+00 5.000000e-01 0.000000e+00
6.121783e-04 9.931676e-05 3.199965e-02 2.725000e+00 5.000000e-01 0.000000e+00
6.388335e-04 9.631684e-05 3.199965e-02 2.775000e+00 5.000000e-01 0.000000e+00
7.793871e-04 1.006287e-04 3.199965e-02 2.825000e+00 5.000000e-01 0.000000e+00
1.044257e-03 1.126199e-04 3.199965e-02 2.875000e+00 5.000000e-01 0.000000e+00
4.384696e-01 3.784702e-03 4.199964e-02 2.500000e-02 5.000000e-01 0.000000e+00
7.078281e-02 1.509097e-03 4.199964e-02 7.500000e-02 5.000000e-01 0.000000e+00
6.489659e-03 4.683518e-04 4.199964e-02 1.250000e-01 5.000000e-01 0.000000e+00
5.369871e-03 4.245265e-04 4.199964e-02 1.750000e-01 5.000000e-01 0.000000e+00
4.643606e-03 3.952910e-04 4.199964e-02 2.250000e-01 5.000000e-01 0.000000e+00
5.745988e-03 4.486873e-04 4.199964e-02 2.750000e-01 5.000000e-01 0.000000e+00
5.595046e-03 4.369009e-04 4.199964e-02 3.250000e-01 5.000000e-01 0.000000e+00
5.303880e-03 4.330614e-04 4.199964e-02 3.750000e-01 5.000000e-01 0.000000e+00
3.206651e-03 3.380116e-04 4.199964e-02 4.250000e-01 5.000000e-01 0.000000e+00
3.958952e-03 3.707909e-04 4.199964e-02 4.750000e-01 5.000000e-01 0.000000e+00
3.257800e-03 3.396502e-04 4.199964e-02 5.250000e-01 5.000000e-01 0.000000e+00
3.473731e-03 3.473741e-04 4.199964e-02 5.750000e-01 5.000000e-01 0.000000e+00
4.564752e-03 3.973121e-04 4.199964e-02 6.250000e-01 5.000000e-01 0.000000e+00
3.124791e-03 3.293831e-04 4.199964e-02 6.750000e-01 5.000000e-01 0.000000e+00
2.328833e-03 2.824135e-04 4.199964e-02 7.250000e-01 5.000000e-01 0.000000e+00
3.028957e-03 3.192812e-04 4.199964e-02 7.750000e-01 5.000000e-01 0.000000e+00
2.790244e-03 3.081319e-04 4.199964e-02 8.250000e-01 5.000000e-01 0.000000e+00
2.696497e-03 2.977794e-04 4.199964e-02 8.750000e-01 5.000000e-01 0.000000e+00
2.126025e-03 2.657543e-04 4.199964e-02 9.250000e-01 5.000000e-01 0.000000e+00
1.981156e-03 2.557676e-04 4.199964e-02 9.750000e-01 5.000000e-01 0.000000e+00
1.949412e-03 2.516688e-04 4.199964e-02 1.025000e+00 5.000000e-01 0.000000e+00
1.531269e-03 2.210206e-04 4.199964e-02 1.075000e+00 5.000000e-01 0.000000e+00
1.643605e-03 2.279284e-04 4.199964e-02 1.125000e+00 5.000000e-01 0.000000e+00
1.209078e-03 1.911730e-04 4.199964e-02 1.175000e+00 5.000000e-01 0.000000e+00
1.141301e-03 1.804569e-04 4.199964e-02 1.225000e+00 5.000000e-01 0.000000e+00
1.127111e-03 1.782128e-04 4.199964e-02 1.275000e+00 5.000000e-01 0.000000e+00
9.252968e-04 1.586879e-04 4.199964e-02 1.325000e+00 5.000000e-01 0.000000e+00
8.120862e-04 1.482671e-04 4.199964e-02 1.375000e+00 5.000000e-01 0.000000e+00
6.811003e-04 1.335759e-04 4.199964e-02 1.425000e+00 5.000000e-01 0.000000e+00
5.875371e-04 1.252640e-04 4.199964e-02 1.475000e+00 5.000000e-01 0.000000e+00
8.639765e-04 1.527323e-04 4.199964e-02 1.525000e+00 5.000000e-01 0.000000e+00
5.017644e-04 1.182675e-04 4.199964e-02 1.575000e+00 5.000000e-01 0.000000e+00
4.542996e-04 1.135755e-04 4.199964e-02 1.625000e+00 5.000000e-01 0.000000e+00
5.539087e-04 1.238587e-04 4.199964e-02 1.675000e+00 5.000000e-01 0.000000e+00
8.716080e-04 1.540817e-04 4.199964e-02 1.725000e+00 5.000000e-01 0.000000e+00
3.664740e-04 9.794552e-05 4.199964e-02 1.775000e+00 5.000000e-01 0.000000e+00
4.023595e-04 1.005904e-04 4.199964e-02 1.825000e+00 5.000000e-01 0.000000e+00
5.236212e-04 1.116379e-04 4.199964e-02 1.875000e+00 5.000000e-01 0.000000e+00
9.383185e-04 1.483635e-04 4.199964e-02 1.925000e+00 5.000000e-01 0.000000e+00
5.104944e-04 1.088397e-04 4.199964e-02 1.975000e+00 5.000000e-01 0.000000e+00
4.971311e-04 1.059901e-04 4.199964e-02 2.025000e+00 5.000000e-01 0.000000e+00
5.986189e-04 1.174006e-04 4.199964e-02 2.075000e+00 5.000000e-01 0.000000e+00
1.875165e-04 6.629717e-05 4.199964e-02 2.125000e+00 5.000000e-01 0.000000e+00
4.258114e-04 1.003658e-04 4.199964e-02 2.175000e+00 5.000000e-01 0.000000e+00
4.174781e-04 9.840136e-05 4.199964e-02 2.225000e+00 5.000000e-01 0.000000e+00
4.113061e-04 9.694771e-05 4.199964e-02 2.275000e+00 5.000000e-01 0.000000e+00
4.416662e-04 9.876238e-05 4.199964e-02 2.325000e+00 5.000000e-01 0.000000e+00
4.311431e-04 9.640856e-05 4.199964e-02 2.375000e+00 5.000000e-01 0.000000e+00
5.890328e-04 1.113191e-04 4.199964e-02 2.425000e+00 5.000000e-01 0.000000e+00
4.091392e-04 9.148734e-05 4.199964e-02 2.475000e+00 5.000000e-01 0.000000e+00
4.766749e-04 9.730293e-05 4.199964e-02 2.525000e+00 5.000000e-01 0.000000e+00
4.190722e-04 8.935162e-05 4.199964e-02 2.575000e+00 5.000000e-01 0.000000e+00
7.338008e-04 1.160293e-04 4.199964e-02 2.625000e+00 5.000000e-01 0.000000e+00
4.531765e-04 8.888170e-05 4.199964e-02 2.675000e+00 5.000000e-01 0.000000e+00
7.454309e-04 1.099163e-04 4.199964e-02 2.725000e+00 5.000000e-01 0.000000e+00
7.893487e-04 1.074248e-04 4.199964e-02 2.775000e+00 5.000000e-01 0.000000e+00
8.440539e-04 1.055159e-04 4.199964e-02 2.825000e+00 5.000000e-01 0.000000e+00
9.780485e-04 1.093615e-04 4.199964e-02 2.875000e+00 5.000000e-01 0.000000e+00
4.389001e-01 3.788137e-03 5.199963e-02 2.500000e-02 5.000000e-01 0.000000e+00
6.924738e-02 1.505380e-03 5.199963e-02 7.500000e-02 5.000000e-01 0.000000e+00
7.420964e-03 5.026123e-04 5.199963e-02 1.250000e-01 5.000000e-01 0.000000e+00
6.261178e-03 4.566444e-04 5.199963e-02 1.750000e-01 5.000000e-01 0.000000e+00
5.016349e-03 4.180299e-04 5.199963e-02 2.250000e-01 5.000000e-01 0.000000e+00
4.227316e-03 3.827242e-04 5.199963e-02 2.750000e-01 5.000000e-01 0.000000e+00
5.077207e-03 4.201938e-04 5.199963e-02 3.250000e-01 5.000000e-01 0.000000e+00
4.173761e-03 3.875253e-04 5.199963e-02 3.750000e-01 5.000000e-01 0.000000e+00
3.975257e-03 3.756278e-04 5.199963e-02 4.250000e-01 5.000000e-01 0.000000e+00
4.281746e-03 3.876523e-04 5.199963e-02 4.750000e-01 5.000000e-01 0.000000e+00
3.187374e-03 3.359794e-04 5.199963e-02 5.250000e-01 5.000000e-01 0.000000e+00
3.360737e-03 3.394867e-04 5.199963e-02 5.750000e-01 5.000000e-01 0.000000e+00
3.304119e-03 3.407949e-04 5.199963e-02 6.250000e-01 5.000000e-01 0.000000e+00
2.543440e-03 2.956701e-04 5.199963e-02 6.750000e-01 5.000000e-01 0.000000e+00
2.989387e-03 3.186709e-04 5.199963e-02 7.250000e-01 5.000000e-01 0.000000e+00
3.137911e-03 3.271511e-04 5.199963e-02 7.750000e-01 5.000000e-01 0.000000e+00
2.425145e-03 2.858071e-04 5.199963e-02 8.250000e-01 5.000000e-01 0.000000e+00
2.438560e-03 2.834781e-04 5.199963e-02 8.750000e-01 5.000000e-01 0.000000e+00
2.408341e-03 2.838268e-04 5.199963e-02 9.250000e-01 5.000000e-01 0.000000e+00
2.310702e-03 2.761829e-04 5.199963e-02 9.750000e-01 5.000000e-01 0.000000e+00
1.850031e-03 2.429222e-04 5.199963e-02 1.025000e+00 5.000000e-01 0.000000e+00
1.583732e-03 2.239746e-04 5.199963e-02 1.075000e+00 5.000000e-01 0.000000e+00
1.436154e-03 2.072917e-04 5.199963e-02 1.125000e+00 5.000000e-01 0.000000e+00
1.363742e-03 1.968403e-04 5.199963e-02 1.175000e+00 5.000000e-01 0.000000e+00
1.559173e-03 2.083545e-04 5.199963e-02 1.225000e+00 5.000000e-01 0.000000e+00
1.172251e-03 1.808835e-04 5.199963e-02 1.275000e+00 5.000000e-01 0.000000e+00
1.089408e-03 1.722518e-04 5.199963e-02 1.325000e+00 5.000000e-01 0.000000e+00
8.047016e-04 1.469190e-04 5.199963e-02 1.375000e+00 5.000000e-01 0.000000e+00
8.147344e-04 1.487504e-04 5.199963e-02 1.425000e+00 5.000000e-01 0.000000e+00
8.902482e-04 1.573763e-04 5.199963e-02 1.475000e+00 5.000000e-01 0.000000e+00
7.540812e-04 1.478884e-04 5.199963e-02 1.525000e+00 5.000000e-01 0.000000e+00
6.875067e-04 1.403377e-04 5.199963e-02 1.575000e+00 5.000000e-01 0.000000e+00
2.852049e-04 9.019047e-05 5.199963e-02 1.625000e+00 5.000000e-01 0.000000e+00
3.413288e-04 9.853380e-05 5.199963e-02 1.675000e+00 5.000000e-01 0.000000e+00
6.782837e-04 1.384552e-04 5.199963e-02 1.725000e+00 5.000000e-01 0.000000e+00
4.354249e-04 1.088575e-04 5.199963e-02 1.775000e+00 5.000000e-01 0.000000e+00
3.119960e-04 9.006612e-05 5.199963e-02 1.825000e+00 5.000000e-01 0.000000e+00
5.457613e-04 1.163577e-04 5.199963e-02 1.875000e+00 5.000000e-01 0.000000e+00
5.133871e-04 1.094564e-04 5.199963e-02 1.925000e+00 5.000000e-01 0.000000e+00
5.027820e-04 1.071953e-04 5.199963e-02 1.975000e+00 5.000000e-01 0.000000e+00
4.490873e-04 1.004210e-04 5.199963e-02 2.025000e+00 5.000000e-01 0.000000e+00
3.999280e-04 9.426554e-05 5.199963e-02 2.075000e+00 5.000000e-01 0.000000e+00
3.587095e-04 8.967875e-05 5.199963e-02 2.125000e+00 5.000000e-01 0.000000e+00
5.982390e-04 1.173260e-04 5.199963e-02 2.175000e+00 5.000000e-01 0.000000e+00
1.845406e-04 6.524495e-05 5.199963e-02 2.225000e+00 5.000000e-01 0.000000e+00
7.270101e-04 1.285204e-04 5.199963e-02 2.275000e+00 5.000000e-01 0.000000e+00
5.798704e-04 1.137245e-04 5.199963e-02 2.325000e+00 5.000000e-01 0.000000e+00
4.313777e-04 9.646089e-05 5.199963e-02 2.375000e+00 5.000000e-01 0.000000e+00
5.071614e-04 1.035285e-04 5.199963e-02 2.425000e+00 5.000000e-01 0.000000e+00
6.543912e-04 1.156847e-04 5.199963e-02 2.475000e+00 5.000000e-01 0.000000e+00
5.910721e-04 1.079187e-04 5.199963e-02 2.525000e+00 5.000000e-01 0.000000e+00
6.519028e-04 1.118066e-04 5.199963e-02 2.575000e+00 5.000000e-01 0.000000e+00
9.139615e-04 1.292618e-04 5.199963e-02 2.625000e+00 5.000000e-01 0.000000e+00
7.060450e-04 1.116422e-04 5.199963e-02 2.675000e+00 5.000000e-01 0.000000e+00
6.158102e-04 9.990261e-05 5.199963e-02 2.725000e+00 5.000000e-01 0.000000e+00
7.401317e-04 1.046770e-04 5.199963e-02 2.775000e+00 5.000000e-01 0.000000e+00
5.617534e-04 8.669121e-05 5.199963e-02 2.825000e+00 5.000000e-01 0.000000e+00
1.037854e-03 1.132519e-04 5.199963e-02 2.875000e+00 5.000000e-01 0.000000e+00
4.425320e-01 3.794968e-03 6.199962e-02 2.500000e-02 5.000000e-01 0.000000e+00
7.412007e-02 1.580966e-03 6.199962e-02 7.500000e-02 5.000000e-01 0.000000e+00
7.027718e-03 4.872856e-04 6.199962e-02 1.250000e-01 5.000000e-01 0.000000e+00
5.803323e-03 4.425004e-04 6.199962e-02 1.750000e-01 5.000000e-01 0.000000e+00
5.614020e-03 4.466288e-04 6.199962e-02 2.250000e-01 5.000000e-01 0.000000e+00
4.999388e-03 4.137535e-04 6.199962e-02 2.750000e-01 5.000000e-01 0.000000e+00
4.699130e-03 4.121421e-04 6.199962e-02 3.250000e-01 5.000000e-01 0.000000e+00
3.784744e-03 3.676080e-04 6.199962e-02 3.750000e-01 5.000000e-01 0.000000e+00
4.669012e-03 4.063865e-04 6.199962e-02 4.250000e-01 5.000000e-01 0.000000e+00
3.696328e-03 3.624559e-04 6.199962e-02 4.750000e-01 5.000000e-01 0.000000e+00
2.867681e-03 3.166835e-04 6.199962e-02 5.250000e-01 5.000000e-01 0.000000e+00
4.252975e-03 3.850474e-04 6.199962e-02 5.750000e-01 5.000000e-01 0.000000e+00
3.787945e-03 3.644961e-04 6.199962e-02 6.250000e-01 5.000000e-01 0.000000e+00
3.433655e-03 3.433666e-04 6.199962e-02 6.750000e-01 5.000000e-01 0.000000e+00
2.547185e-03 2.961055e-04 6.199962e-02 7.250000e-01 5.000000e-01 0.000000e+00
2.325911e-03 2.820595e-04 6.199962e-02 7.750000e-01 5.000000e-01 0.000000e+00
2.921882e-03 3.114749e-04 6.199962e-02 8.250000e-01 5.000000e-01 0.000000e+00
2.229808e-03 2.744717e-04 6.199962e-02 8.750000e-01 5.000000e-01 0.000000e+00
1.838918e-03 2.457368e-04 6.199962e-02 9.250000e-01 5.000000e-01 0.000000e+00
1.734914e-03 2.360927e-04 6.199962e-02 9.750000e-01 5.000000e-01 0.000000e+00
1.741318e-03 2.326942e-04 6.199962e-02 1.025000e+00 5.000000e-01 0.000000e+00
1.968995e-03 2.423676e-04 6.199962e-02 1.075000e+00 5.000000e-01 0.000000e+00
1.977257e-03 2.363284e-04 6.199962e-02 1.125000e+00 5.000000e-01 0.000000e+00
1.348141e-03 1.945883e-04 6.199962e-02 1.175000e+00 5.000000e-01 0.000000e+00
1.300679e-03 1.917757e-04 6.199962e-02 1.225000e+00 5.000000e-01 0.000000e+00
1.103352e-03 1.744560e-04 6.199962e-02 1.275000e+00 5.000000e-01 0.000000e+00
9.873609e-04 1.645612e-04 6.199962e-02 1.325000e+00 5.000000e-01 0.000000e+00
8.856455e-04 1.565625e-04 6.199962e-02 1.375000e+00 5.000000e-01 0.000000e+00
8.109673e-04 1.532592e-04 6.199962e-02 1.425000e+00 5.000000e-01 0.000000e+00
9.999648e-04 1.714939e-04 6.199962e-02 1.475000e+00 5.000000e-01 0.000000e+00
7.617544e-04 1.493933e-04 6.199962e-02 1.525000e+00 5.000000e-01 0.000000e+00
4.643616e-04 1.160913e-04 6.199962e-02 1.575000e+00 5.000000e-01 0.000000e+00
4.057661e-04 1.084465e-04 6.199962e-02 1.625000e+00 5.000000e-01 0.000000e+00
5.133144e-04 1.209902e-04 6.199962e-02 1.675000e+00 5.000000e-01 0.000000e+00
3.910698e-04 1.045182e-04 6.199962e-02 1.725000e+00 5.000000e-01 0.000000e+00
5.495993e-04 1.228951e-04 6.199962e-02 1.775000e+00 5.000000e-01 0.000000e+00
4.781808e-04 1.127095e-04 6.199962e-02 1.825000e+00 5.000000e-01 0.000000e+00
4.076664e-04 1.019176e-04 6.199962e-02 1.875000e+00 5.000000e-01 0.000000e+00
2.918754e-04 8.425825e-05 6.199962e-02 1.925000e+00 5.000000e-01 0.000000e+00
4.604689e-04 1.029654e-04 6.199962e-02 1.975000e+00 5.000000e-01 0.000000e+00
5.381010e-04 1.098405e-04 6.199962e-02 2.025000e+00 5.000000e-01 0.000000e+00
4.837099e-04 1.031289e-04 6.199962e-02 2.075000e+00 5.000000e-01 0.000000e+00
4.318247e-04 9.656038e-05 6.199962e-02 2.125000e+00 5.000000e-01 0.000000e+00
4.799785e-04 1.023330e-04 6.199962e-02 2.175000e+00 5.000000e-01 0.000000e+00
2.688461e-04 7.761108e-05 6.199962e-02 2.225000e+00 5.000000e-01 0.000000e+00
4.097331e-04 9.657817e-05 6.199962e-02 2.275000e+00 5.000000e-01 0.000000e+00
2.195986e-04 6.944412e-05 6.199962e-02 2.325000e+00 5.000000e-01 0.000000e+00
5.235238e-04 1.068656e-04 6.199962e-02 2.375000e+00 5.000000e-01 0.000000e+00
5.076189e-04 1.036185e-04 6.199962e-02 2.425000e+00 5.000000e-01 0.000000e+00
4.911339e-04 1.002557e-04 6.199962e-02 2.475000e+00 5.000000e-01 0.000000e+00
4.759748e-04 9.716466e-05 6.199962e-02 2.525000e+00 5.000000e-01 0.000000e+00
3.806770e-04 8.512643e-05 6.199962e-02 2.575000e+00 5.000000e-01 0.000000e+00
5.899873e-04 1.043033e-04 6.199962e-02 2.625000e+00 5.000000e-01 0.000000e+00
6.335894e-04 1.056047e-04 6.199962e-02 2.675000e+00 5.000000e-01 0.000000e+00
5.945032e-04 9.909013e-05 6.199962e-02 2.725000e+00 5.000000e-01 0.000000e+00
8.694919e-04 1.141801e-04 6.199962e-02 2.775000e+00 5.000000e-01 0.000000e+00
5.905867e-04 8.904415e-05 6.199962e-02 2.825000e+00 5.000000e-01 0.000000e+00
7.952355e-04 9.941433e-05 6.199962e-02 2.875000e+00 5.000000e-01 0.000000e+00
4.304320e-01 3.773405e-03 7.199961e-02 2.500000e-02 5.000000e-01 0.000000e+00
7.251083e-02 1.562358e-03 7.199961e-02 7.500000e-02 5.000000e-01 0.000000e+00
5.660265e-03 4.367000e-04 7.199961e-02 1.250000e-01 5.000000e-01 0.000000e+00
5.435614e-03 4.380155e-04 7.199961e-02 1.750000e-01 5.000000e-01 0.000000e+00
5.236639e-03 4.275709e-04 7.199961e-02 2.250000e-01 5.000000e-01 0.000000e+00
5.291210e-03 4.349360e-04 7.199961e-02 2.750000e-01 5.000000e-01 0.000000e+00
4.124638e-03 3.863088e-04 7.199961e-02 3.250000e-01 5.000000e-01 0.000000e+00
4.634323e-03 4.064583e-04 7.199961e-02 3.750000e-01 5.000000e-01 0.000000e+00
3.517137e-03 3.552855e-04 7.199961e-02 4.250000e-01 5.000000e-01 0.000000e+00
3.905147e-03 3.723423e-04 7.199961e-02 4.750000e-01 5.000000e-01 0.000000e+00
4.577750e-03 3.984435e-04 7.199961e-02 5.250000e-01 5.000000e-01 0.000000e+00
3.841571e-03 3.696566e-04 7.199961e-02 5.750000e-01 5.000000e-01 0.000000e+00
3.370875e-03 3.405108e-04 7.199961e-02 6.250000e-01 5.000000e-01 0.000000e+00
2.649378e-03 3.039057e-04 7.199961e-02 6.750000e-01 5.000000e-01 0.000000e+00
2.750340e-03 3.074984e-04 7.199961e-02 7.250000e-01 5.000000e-01 0.000000e+00
2.986235e-03 3.183349e-04 7.199961e-02 7.750000e-01 5.000000e-01 0.000000e+00
2.559393e-03 2.935839e-04 7.199961e-02 8.250000e-01 5.000000e-01 0.000000e+00
2.182247e-03 2.686172e-04 7.199961e-02 8.750000e-01 5.000000e-01 0.000000e+00
1.964497e-03 2.494926e-04 7.199961e-02 9.250000e-01 5.000000e-01 0.000000e+00
1.664670e-03 2.265342e-04 7.199961e-02 9.750000e-01 5.000000e-01 0.000000e+00
2.193907e-03 2.550374e-04 7.199961e-02 1.025000e+00 5.000000e-01 0.000000e+00
1.882025e-03 2.316622e-04 7.199961e-02 1.075000e+00 5.000000e-01 0.000000e+00
1.085052e-03 1.760199e-04 7.199961e-02 1.125000e+00 5.000000e-01 0.000000e+00
9.611933e-04 1.648440e-04 7.199961e-02 1.175000e+00 5.000000e-01 0.000000e+00
1.177172e-03 1.816426e-04 7.199961e-02 1.225000e+00 5.000000e-01 0.000000e+00
1.107286e-03 1.750783e-04 7.199961e-02 1.275000e+00 5.000000e-01 0.000000e+00
1.269950e-03 1.914533e-04 7.199961e-02 1.325000e+00 5.000000e-01 0.000000e+00
5.369721e-04 1.265664e-04 7.199961e-02 1.375000e+00 5.000000e-01 0.000000e+00
9.558646e-04 1.689756e-04 7.199961e-02 1.425000e+00 5.000000e-01 0.000000e+00
7.114572e-04 1.452268e-04 7.199961e-02 1.475000e+00 5.000000e-01 0.000000e+00
5.929307e-04 1.325844e-04 7.199961e-02 1.525000e+00 5.000000e-01 0.000000e+00
7.630935e-04 1.496564e-04 7.199961e-02 1.575000e+00 5.000000e-01 0.000000e+00
2.289884e-04 8.095983e-05 7.199961e-02 1.625000e+00 5.000000e-01 0.000000e+00
3.370134e-04 9.728817e-05 7.199961e-02 1.675000e+00 5.000000e-01 0.000000e+00
8.356714e-04 1.525736e-04 7.199961e-02 1.725000e+00 5.000000e-01 0.000000e+00
7.153034e-04 1.402840e-04 7.199961e-02 1.775000e+00 5.000000e-01 0.000000e+00
5.460198e-04 1.220952e-04 7.199961e-02 1.825000e+00 5.000000e-01 0.000000e+00
5.355790e-04 1.197602e-04 7.199961e-02 1.875000e+00 5.000000e-01 0.000000e+00
5.159416e-04 1.153692e-04 7.199961e-02 1.925000e+00 5.000000e-01 0.000000e+00
3.437959e-04 9.188448e-05 7.199961e-02 1.975000e+00 5.000000e-01 0.000000e+00
5.557410e-04 1.134415e-04 7.199961e-02 2.025000e+00 5.000000e-01 0.000000e+00
2.246239e-04 7.103410e-05 7.199961e-02 2.075000e+00 5.000000e-01 0.000000e+00
4.350202e-04 9.727404e-05 7.199961e-02 2.125000e+00 5.000000e-01 0.000000e+00
2.562602e-04 7.397717e-05 7.199961e-02 2.175000e+00 5.000000e-01 0.000000e+00
5.066507e-04 1.034223e-04 7.199961e-02 2.225000e+00 5.000000e-01 0.000000e+00
3.456614e-04 8.641838e-05 7.199961e-02 2.275000e+00 5.000000e-01 0.000000e+00
4.003893e-04 9.437398e-05 7.199961e-02 2.325000e+00 5.000000e-01 0.000000e+00
3.041282e-04 8.128287e-05 7.199961e-02 2.375000e+00 5.000000e-01 0.000000e+00
5.512490e-04 1.081111e-04 7.199961e-02 2.425000e+00 5.000000e-01 0.000000e+00
3.670975e-04 8.652906e-05 7.199961e-02 2.475000e+00 5.000000e-01 0.000000e+00
3.964484e-04 8.865355e-05 7.199961e-02 2.525000e+00 5.000000e-01 0.000000e+00
5.000012e-04 9.806288e-05 7.199961e-02 2.575000e+00 5.000000e-01 0.000000e+00
5.523334e-04 1.008475e-04 7.199961e-02 2.625000e+00 5.000000e-01 0.000000e+00
5.677580e-04 1.003730e-04 7.199961e-02 2.675000e+00 5.000000e-01 0.000000e+00
6.029478e-04 1.004977e-04 7.199961e-02 2.725000e+00 5.000000e-01 0.000000e+00
5.796316e-04 9.403747e-05 7.199961e-02 2.775000e+00 5.000000e-01 0.000000e+00
1.219636e-03 1.300261e-04 7.199961e-02 2.825000e+00 5.000000e-01 0.000000e+00
7.007594e-04 9.365607e-05 7.199961e-02 2.875000e+00 5.000000e-01 0.000000e+00
4.292782e-01 3.807437e-03 8.199960e-02 2.500000e-02 5.000000e-01 0.000000e+00
7.296248e-02 1.564842e-03 8.199960e-02 7.500000e-02 5.000000e-01 0.000000e+00
7.588645e-03 5.139692e-04 8.199960e-02 1.250000e-01 5.000000e-01 0.000000e+00
5.582413e-03 4.441144e-04 8.199960e-02 1.750000e-01 5.000000e-01 0.000000e+00
5.042933e-03 4.202457e-04 8.199960e-02 2.250000e-01 5.000000e-01 0.000000e+00
5.548138e-03 4.530047e-04 8.199960e-02 2.750000e-01 5.000000e-01 0.000000e+00
5.013661e-03 4.237329e-04 8.199960e-02 3.250000e-01 5.000000e-01 0.000000e+00
4.490458e-03 4.032562e-04 8.199960e-02 3.750000e-01 5.000000e-01 0.000000e+00
3.485556e-03 3.520952e-04 8.199960e-02 4.250000e-01 5.000000e-01 0.000000e+00
4.648005e-03 4.045585e-04 8.199960e-02 4.750000e-01 5.000000e-01 0.000000e+00
3.043942e-03 3.282378e-04 8.199960e-02 5.250000e-01 5.000000e-01 0.000000e+00
3.484664e-03 3.484678e-04 8.199960e-02 5.750000e-01 5.000000e-01 0.000000e+00
3.690958e-03 3.584987e-04 8.199960e-02 6.250000e-01 5.000000e-01 0.000000e+00
2.650105e-03 3.039891e-04 8.199960e-02 6.750000e-01 5.000000e-01 0.000000e+00
2.262688e-03 2.785188e-04 8.199960e-02 7.250000e-01 5.000000e-01 0.000000e+00
2.974033e-03 3.170341e-04 8.199960e-02 7.750000e-01 5.000000e-01 0.000000e+00
2.119432e-03 2.649299e-04 8.199960e-02 8.250000e-01 5.000000e-01 0.000000e+00
2.932826e-03 3.024993e-04 8.199960e-02 8.750000e-01 5.000000e-01 0.000000e+00
2.932286e-03 2.992766e-04 8.199960e-02 9.250000e-01 5.000000e-01 0.000000e+00
2.000487e-03 2.425959e-04 8.199960e-02 9.750000e-01 5.000000e-01 0.000000e+00
2.097081e-03 2.471448e-04 8.199960e-02 1.025000e+00 5.000000e-01 0.000000e+00
1.558219e-03 2.120479e-04 8.199960e-02 1.075000e+00 5.000000e-01 0.000000e+00
1.838550e-03 2.298199e-04 8.199960e-02 1.125000e+00 5.000000e-01 0.000000e+00
1.013628e-03 1.689387e-04 8.199960e-02 1.175000e+00 5.000000e-01 0.000000e+00
1.023947e-03 1.706588e-04 8.199960e-02 1.225000e+00 5.000000e-01 0.000000e+00
1.456894e-03 2.102856e-04 8.199960e-02 1.275000e+00 5.000000e-01 0.000000e+00
6.723964e-04 1.433561e-04 8.199960e-02 1.325000e+00 5.000000e-01 0.000000e+00
8.515912e-04 1.609368e-04 8.199960e-02 1.375000e+00 5.000000e-01 0.000000e+00
7.231412e-04 1.476115e-04 8.199960e-02 1.425000e+00 5.000000e-01 0.000000e+00
7.852011e-04 1.539921e-04 8.199960e-02 1.475000e+00 5.000000e-01 0.000000e+00
8.302327e-04 1.569006e-04 8.199960e-02 1.525000e+00 5.000000e-01 0.000000e+00
4.595646e-04 1.148920e-04 8.199960e-02 1.575000e+00 5.000000e-01 0.000000e+00
5.751522e-04 1.286091e-04 8.199960e-02 1.625000e+00 5.000000e-01 0.000000e+00
3.413715e-04 9.854636e-05 8.199960e-02 1.675000e+00 5.000000e-01 0.000000e+00
3.408099e-04 9.838389e-05 8.199960e-02 1.725000e+00 5.000000e-01 0.000000e+00
5.520536e-04 1.234439e-04 8.199960e-02 1.775000e+00 5.000000e-01 0.000000e+00
5.412202e-04 1.210212e-04 8.199960e-02 1.825000e+00 5.000000e-01 0.000000e+00
4.838235e-04 1.140394e-04 8.199960e-02 1.875000e+00 5.000000e-01 0.000000e+00
3.653411e-04 9.764283e-05 8.199960e-02 1.925000e+00 5.000000e-01 0.000000e+00
6.036163e-04 1.232149e-04 8.199960e-02 1.975000e+00 5.000000e-01 0.000000e+00
5.289093e-04 1.127651e-04 8.199960e-02 2.025000e+00 5.000000e-01 0.000000e+00
1.816328e-04 6.421746e-05 8.199960e-02 2.075000e+00 5.000000e-01 0.000000e+00
4.782326e-04 1.019608e-04 8.199960e-02 2.125000e+00 5.000000e-01 0.000000e+00
4.284566e-04 9.580785e-05 8.199960e-02 2.175000e+00 5.000000e-01 0.000000e+00
5.870834e-04 1.109513e-04 8.199960e-02 2.225000e+00 5.000000e-01 0.000000e+00
2.888638e-04 7.720447e-05 8.199960e-02 2.275000e+00 5.000000e-01 0.000000e+00
4.190654e-04 9.370800e-05 8.199960e-02 2.325000e+00 5.000000e-01 0.000000e+00
6.525854e-04 1.191497e-04 8.199960e-02 2.375000e+00 5.000000e-01 0.000000e+00
6.347673e-04 1.158959e-04 8.199960e-02 2.425000e+00 5.000000e-01 0.000000e+00
4.943229e-04 1.009058e-04 8.199960e-02 2.475000e+00 5.000000e-01 0.000000e+00
3.186489e-04 7.966584e-05 8.199960e-02 2.525000e+00 5.000000e-01 0.000000e+00
5.371567e-04 1.015199e-04 8.199960e-02 2.575000e+00 5.000000e-01 0.000000e+00
4.845667e-04 9.503502e-05 8.199960e-02 2.625000e+00 5.000000e-01 0.000000e+00
5.672629e-04 1.002845e-04 8.199960e-02 2.675000e+00 5.000000e-01 0.000000e+00
6.444962e-04 1.045594e-04 8.199960e-02 2.725000e+00 5.000000e-01 0.000000e+00
6.211449e-04 9.822000e-05 8.199960e-02 2.775000e+00 5.000000e-01 0.000000e+00
6.706541e-04 9.681371e-05 8.199960e-02 2.825000e+00 5.000000e-01 0.000000e+00
8.594859e-04 1.042415e-04 8.199960e-02 2.875000e+00 5.000000e-01 0.000000e+00
4.276484e-01 3.791789e-03 9.199959e-02 2.500000e-02 5.000000e-01 0.000000e+00
7.092430e-02 1.567989e-03 9.199959e-02 7.500000e-02 5.000000e-01 0.000000e+00
7.210068e-03 5.048069e-04 9.199959e-02 1.250000e-01 5.000000e-01 0.000000e+00
5.322026e-03 4.316744e-04 9.199959e-02 1.750000e-01 5.000000e-01 0.000000e+00
6.304307e-03 4.835194e-04 9.199959e-02 2.250000e-01 5.000000e-01 0.000000e+00
4.920607e-03 4.219396e-04 9.199959e-02 2.750000e-01 5.000000e-01 0.000000e+00
4.390940e-03 4.008371e-04 9.199959e-02 3.250000e-01 5.000000e-01 0.000000e+00
4.118289e-03 3.857142e-04 9.199959e-02 3.750000e-01 5.000000e-01 0.000000e+00
4.039472e-03 3.783322e-04 9.199959e-02 4.250000e-01 5.000000e-01 0.000000e+00
4.565576e-03 4.035451e-04 9.199959e-02 4.750000e-01 5.000000e-01 0.000000e+00
3.752209e-03 3.644478e-04 9.199959e-02 5.250000e-01 5.000000e-01 0.000000e+00
3.202138e-03 3.338471e-04 9.199959e-02 5.750000e-01 5.000000e-01 0.000000e+00
3.178315e-03 3.350254e-04 9.199959e-02 6.250000e-01 5.000000e-01 0.000000e+00
3.636118e-03 3.531726e-04 9.199959e-02 6.750000e-01 5.000000e-01 0.000000e+00
3.472081e-03 3.437887e-04 9.199959e-02 7.250000e-01 5.000000e-01 0.000000e+00
2.671530e-03 2.950220e-04 9.199959e-02 7.750000e-01 5.000000e-01 0.000000e+00
2.849261e-03 2.970571e-04 9.199959e-02 8.250000e-01 5.000000e-01 0.000000e+00
2.534353e-03 2.765218e-04 9.199959e-02 8.750000e-01 5.000000e-01 0.000000e+00
1.952035e-03 2.402800e-04 9.199959e-02 9.250000e-01 5.000000e-01 0.000000e+00
2.707541e-03 2.822820e-04 9.199959e-02 9.750000e-01 5.000000e-01 0.000000e+00
2.107716e-03 2.483981e-04 9.199959e-02 1.025000e+00 5.000000e-01 0.000000e+00
1.223073e-03 1.887249e-04 9.199959e-02 1.075000e+00 5.000000e-01 0.000000e+00
1.429355e-03 2.021422e-04 9.199959e-02 1.125000e+00 5.000000e-01 0.000000e+00
1.546746e-03 2.144961e-04 9.199959e-02 1.175000e+00 5.000000e-01 0.000000e+00
1.302529e-03 2.009852e-04 9.199959e-02 1.225000e+00 5.000000e-01 0.000000e+00
8.757865e-04 1.655088e-04 9.199959e-02 1.275000e+00 5.000000e-01 0.000000e+00
1.177089e-03 1.909503e-04 9.199959e-02 1.325000e+00 5.000000e-01 0.000000e+00
3.086044e-04 9.759017e-05 9.199959e-02 1.375000e+00 5.000000e-01 0.000000e+00
1.086524e-03 1.810881e-04 9.199959e-02 1.425000e+00 5.000000e-01 0.000000e+00
1.012725e-03 1.736820e-04 9.199959e-02 1.475000e+00 5.000000e-01 0.000000e+00
3.557395e-04 1.026938e-04 9.199959e-02 1.525000e+00 5.000000e-01 0.000000e+00
5.869859e-04 1.312549e-04 9.199959e-02 1.575000e+00 5.000000e-01 0.000000e+00
6.927977e-04 1.414186e-04 9.199959e-02 1.625000e+00 5.000000e-01 0.000000e+00
5.136633e-04 1.210726e-04 9.199959e-02 1.675000e+00 5.000000e-01 0.000000e+00
6.101910e-04 1.300941e-04 9.199959e-02 1.725000e+00 5.000000e-01 0.000000e+00
4.972631e-04 1.172067e-04 9.199959e-02 1.775000e+00 5.000000e-01 0.000000e+00
7.067719e-04 1.386108e-04 9.199959e-02 1.825000e+00 5.000000e-01 0.000000e+00
5.387303e-04 1.204658e-04 9.199959e-02 1.875000e+00 5.000000e-01 0.000000e+00
6.905085e-04 1.354206e-04 9.199959e-02 1.925000e+00 5.000000e-01 0.000000e+00
5.175582e-04 1.157315e-04 9.199959e-02 1.975000e+00 5.000000e-01 0.000000e+00
4.049330e-04 1.012347e-04 9.199959e-02 2.025000e+00 5.000000e-01 0.000000e+00
3.824785e-04 9.562184e-05 9.199959e-02 2.075000e+00 5.000000e-01 0.000000e+00
5.412053e-04 1.104750e-04 9.199959e-02 2.125000e+00 5.000000e-01 0.000000e+00
3.437032e-04 8.592676e-05 9.199959e-02 2.175000e+00 5.000000e-01 0.000000e+00
2.884777e-04 7.710071e-05 9.199959e-02 2.225000e+00 5.000000e-01 0.000000e+00
5.319105e-04 1.043179e-04 9.199959e-02 2.275000e+00 5.000000e-01 0.000000e+00
5.690489e-04 1.075436e-04 9.199959e-02 2.325000e+00 5.000000e-01 0.000000e+00
3.684278e-04 8.684185e-05 9.199959e-02 2.375000e+00 5.000000e-01 0.000000e+00
3.384010e-04 8.460274e-05 9.199959e-02 2.425000e+00 5.000000e-01 0.000000e+00
3.302585e-04 8.256692e-05 9.199959e-02 2.475000e+00 5.000000e-01 0.000000e+00
4.385337e-04 9.350007e-05 9.199959e-02 2.525000e+00 5.000000e-01 0.000000e+00
4.236857e-04 9.033405e-05 9.199959e-02 2.575000e+00 5.000000e-01 0.000000e+00
4.098429e-04 8.738252e-05 9.199959e-02 2.625000e+00 5.000000e-01 0.000000e+00
4.991788e-04 9.434055e-05 9.199959e-02 2.675000e+00 5.000000e-01 0.000000e+00
8.866762e-04 1.229684e-04 9.199959e-02 2.725000e+00 5.000000e-01 0.000000e+00
9.178267e-04 1.205277e-04 9.199959e-02 2.775000e+00 5.000000e-01 0.000000e+00
9.485659e-04 1.167754e-04 9.199959e-02 2.825000e+00 5.000000e-01 0.000000e+00
6.906148e-04 9.399189e-05 9.199959e-02 2.875000e+00 5.000000e-01 0.000000e+00
4.200902e-01 3.838729e-03 1.019996e-01 2.500000e-02 5.000000e-01 0.000000e+00
7.332938e-02 1.607855e-03 1.019996e-01 7.500000e-02 5.000000e-01 0.000000e+00
7.174550e-03 5.048010e-04 1.019996e-01 1.250000e-01 5.000000e-01 0.000000e+00
5.763366e-03 4.614399e-04 1.019996e-01 1.750000e-01 5.000000e-01 0.000000e+00
5.158588e-03 4.359815e-04 1.019996e-01 2.250000e-01 5.000000e-01 0.000000e+00
4.991624e-03 4.280293e-04 1.019996e-01 2.750000e-01 5.000000e-01 0.000000e+00
6.003091e-03 4.687640e-04 1.019996e-01 3.250000e-01 5.000000e-01 0.000000e+00
3.152564e-03 3.360654e-04 1.019996e-01 3.750000e-01 5.000000e-01 0.000000e+00
4.057231e-03 3.833732e-04 1.019996e-01 4.250000e-01 5.000000e-01 0.000000e+00
3.403672e-03 3.473869e-04 1.019996e-01 4.750000e-01 5.000000e-01 0.000000e+00
3.587708e-03 3.552374e-04 1.019996e-01 5.250000e-01 5.000000e-01 0.000000e+00
3.348825e-03 3.454062e-04 1.019996e-01 5.750000e-01 5.000000e-01 0.000000e+00
3.635206e-03 3.530838e-04 1.019996e-01 6.250000e-01 5.000000e-01 0.000000e+00
3.184310e-03 3.284375e-04 1.019996e-01 6.750000e-01 5.000000e-01 0.000000e+00
2.496939e-03 2.827240e-04 1.019996e-01 7.250000e-01 5.000000e-01 0.000000e+00
2.824357e-03 2.944608e-04 1.019996e-01 7.750000e-01 5.000000e-01 0.000000e+00
2.838153e-03 2.927344e-04 1.019996e-01 8.250000e-01 5.000000e-01 0.000000e+00
2.812770e-03 2.901163e-04 1.019996e-01 8.750000e-01 5.000000e-01 0.000000e+00
2.290627e-03 2.593634e-04 1.019996e-01 9.250000e-01 5.000000e-01 0.000000e+00
2.628086e-03 2.801563e-04 1.019996e-01 9.750000e-01 5.000000e-01 0.000000e+00
2.118310e-03 2.496463e-04 1.019996e-01 1.025000e+00 5.000000e-01 0.000000e+00
1.467257e-03 2.075024e-04 1.019996e-01 1.075000e+00 5.000000e-01 0.000000e+00
1.496594e-03 2.160158e-04 1.019996e-01 1.125000e+00 5.000000e-01 0.000000e+00
1.762971e-03 2.355880e-04 1.019996e-01 1.175000e+00 5.000000e-01 0.000000e+00
9.486813e-04 1.732058e-04 1.019996e-01 1.225000e+00 5.000000e-01 0.000000e+00
8.230058e-04 1.614062e-04 1.019996e-01 1.275000e+00 5.000000e-01 0.000000e+00
9.357652e-04 1.708474e-04 1.019996e-01 1.325000e+00 5.000000e-01 0.000000e+00
1.349565e-03 2.034555e-04 1.019996e-01 1.375000e+00 5.000000e-01 0.000000e+00
3.594726e-04 1.037715e-04 1.019996e-01 1.425000e+00 5.000000e-01 0.000000e+00
7.905773e-04 1.550460e-04 1.019996e-01 1.475000e+00 5.000000e-01 0.000000e+00
7.106605e-04 1.450643e-04 1.019996e-01 1.525000e+00 5.000000e-01 0.000000e+00
3.517140e-04 1.015316e-04 1.019996e-01 1.575000e+00 5.000000e-01 0.000000e+00
9.126025e-04 1.613282e-04 1.019996e-01 1.625000e+00 5.000000e-01 0.000000e+00
4.556263e-04 1.139071e-04 1.019996e-01 1.675000e+00 5.000000e-01 0.000000e+00
3.414544e-04 9.857029e-05 1.019996e-01 1.725000e+00 5.000000e-01 0.000000e+00
6.104866e-04 1.301577e-04 1.019996e-01 1.775000e+00 5.000000e-01 0.000000e+00
4.944696e-04 1.165486e-04 1.019996e-01 1.825000e+00 5.000000e-01 0.000000e+00
3.218648e-04 9.291503e-05 1.019996e-01 1.875000e+00 5.000000e-01 0.000000e+00
5.280991e-04 1.180879e-04 1.019996e-01 1.925000e+00 5.000000e-01 0.000000e+00
5.160393e-04 1.153919e-04 1.019996e-01 1.975000e+00 5.000000e-01 0.000000e+00
2.548882e-04 8.060327e-05 1.019996e-01 2.025000e+00 5.000000e-01 0.000000e+00
4.889637e-04 1.093379e-04 1.019996e-01 2.075000e+00 5.000000e-01 0.000000e+00
3.769390e-04 9.423684e-05 1.019996e-01 2.125000e+00 5.000000e-01 0.000000e+00
4.901034e-04 1.044927e-04 1.019996e-01 2.175000e+00 5.000000e-01 0.000000e+00
3.394884e-04 8.487421e-05 1.019996e-01 2.225000e+00 5.000000e-01 0.000000e+00
6.581842e-04 1.163545e-04 1.019996e-01 2.275000e+00 5.000000e-01 0.000000e+00
5.173998e-04 1.014733e-04 1.019996e-01 2.325000e+00 5.000000e-01 0.000000e+00
3.964717e-04 8.865530e-05 1.019996e-01 2.375000e+00 5.000000e-01 0.000000e+00
3.994640e-04 8.932499e-05 1.019996e-01 2.425000e+00 5.000000e-01 0.000000e+00
4.106608e-04 9.182966e-05 1.019996e-01 2.475000e+00 5.000000e-01 0.000000e+00
3.618304e-04 8.529016e-05 1.019996e-01 2.525000e+00 5.000000e-01 0.000000e+00
5.775252e-04 1.054463e-04 1.019996e-01 2.575000e+00 5.000000e-01 0.000000e+00
5.982670e-04 1.057646e-04 1.019996e-01 2.625000e+00 5.000000e-01 0.000000e+00
5.014859e-04 9.477710e-05 1.019996e-01 2.675000e+00 5.000000e-01 0.000000e+00
5.475306e-04 9.679959e-05 1.019996e-01 2.725000e+00 5.000000e-01 0.000000e+00
9.699212e-04 1.252271e-04 1.019996e-01 2.775000e+00 5.000000e-01 0.000000e+00
6.778207e-04 9.994726e-05 1.019996e-01 2.825000e+00 5.000000e-01 0.000000e+00
9.879382e-04 1.133339e-04 1.019996e-01 2.875000e+00 5.000000e-01 0.000000e+00
4.241886e-01 3.880395e-03 1.119996e-01 2.500000e-02 5.000000e-01 0.000000e+00
7.287033e-02 1.613378e-03 1.119996e-01 7.500000e-02 5.000000e-01 0.000000e+00
7.034345e-03 5.103261e-04 1.119996e-01 1.250000e-01 5.000000e-01 0.000000e+00
6.594641e-03 4.942902e-04 1.119996e-01 1.750000e-01 5.000000e-01 0.000000e+00
5.307906e-03 4.423265e-04 1.119996e-01 2.250000e-01 5.000000e-01 0.000000e+00
5.179194e-03 4.377230e-04 1.119996e-01 2.750000e-01 5.000000e-01 0.000000e+00
4.255530e-03 3.917544e-04 1.119996e-01 3.250000e-01 5.000000e-01 0.000000e+00
5.430182e-03 4.463596e-04 1.119996e-01 3.750000e-01 5.000000e-01 0.000000e+00
5.050100e-03 4.237962e-04 1.119996e-01 4.250000e-01 5.000000e-01 0.000000e+00
3.585102e-03 3.585112e-04 1.119996e-01 4.750000e-01 5.000000e-01 0.000000e+00
3.579496e-03 3.544241e-04 1.119996e-01 5.250000e-01 5.000000e-01 0.000000e+00
4.683425e-03 3.986810e-04 1.119996e-01 5.750000e-01 5.000000e-01 0.000000e+00
4.198752e-03 3.740556e-04 1.119996e-01 6.250000e-01 5.000000e-01 0.000000e+00
2.843845e-03 2.997688e-04 1.119996e-01 6.750000e-01 5.000000e-01 0.000000e+00
3.572496e-03 3.316992e-04 1.119996e-01 7.250000e-01 5.000000e-01 0.000000e+00
2.818522e-03 2.938521e-04 1.119996e-01 7.750000e-01 5.000000e-01 0.000000e+00
2.357255e-03 2.669077e-04 1.119996e-01 8.250000e-01 5.000000e-01 0.000000e+00
2.132422e-03 2.513091e-04 1.119996e-01 8.750000e-01 5.000000e-01 0.000000e+00
1.933584e-03 2.416987e-04 1.119996e-01 9.250000e-01 5.000000e-01 0.000000e+00
2.085348e-03 2.492477e-04 1.119996e-01 9.750000e-01 5.000000e-01 0.000000e+00
2.162814e-03 2.585071e-04 1.119996e-01 1.025000e+00 5.000000e-01 0.000000e+00
1.887665e-03 2.478636e-04 1.119996e-01 1.075000e+00 5.000000e-01 0.000000e+00
1.664780e-03 2.308646e-04 1.119996e-01 1.125000e+00 5.000000e-01 0.000000e+00
1.213759e-03 1.968984e-04 1.119996e-01 1.175000e+00 5.000000e-01 0.000000e+00
1.344327e-03 2.074353e-04 1.119996e-01 1.225000e+00 5.000000e-01 0.000000e+00
1.132386e-03 1.887327e-04 1.119996e-01 1.275000e+00 5.000000e-01 0.000000e+00
1.178358e-03 1.911564e-04 1.119996e-01 1.325000e+00 5.000000e-01 0.000000e+00
9.895073e-04 1.749232e-04 1.119996e-01 1.375000e+00 5.000000e-01 0.000000e+00
9.718770e-04 1.718066e-04 1.119996e-01 1.425000e+00 5.000000e-01 0.000000e+00
8.390688e-04 1.585703e-04 1.119996e-01 1.475000e+00 5.000000e-01 0.000000e+00
5.947904e-04 1.330005e-04 1.119996e-01 1.525000e+00 5.000000e-01 0.000000e+00
9.445964e-04 1.669835e-04 1.119996e-01 1.575000e+00 5.000000e-01 0.000000e+00
6.378349e-04 1.359880e-04 1.119996e-01 1.625000e+00 5.000000e-01 0.000000e+00
6.879582e-04 1.404309e-04 1.119996e-01 1.675000e+00 5.000000e-01 0.000000e+00
5.032081e-04 1.186082e-04 1.119996e-01 1.725000e+00 5.000000e-01 0.000000e+00
7.758415e-04 1.466226e-04 1.119996e-01 1.775000e+00 5.000000e-01 0.000000e+00
7.118626e-04 1.396100e-04 1.119996e-01 1.825000e+00 5.000000e-01 0.000000e+00
3.789738e-04 1.012857e-04 1.119996e-01 1.875000e+00 5.000000e-01 0.000000e+00
2.134832e-04 7.547843e-05 1.119996e-01 1.925000e+00 5.000000e-01 0.000000e+00
5.246662e-04 1.173214e-04 1.119996e-01 1.975000e+00 5.000000e-01 0.000000e+00
5.177790e-04 1.157801e-04 1.119996e-01 2.025000e+00 5.000000e-01 0.000000e+00
3.512865e-04 9.388609e-05 1.119996e-01 2.075000e+00 5.000000e-01 0.000000e+00
3.438144e-04 9.189029e-05 1.119996e-01 2.125000e+00 5.000000e-01 0.000000e+00
4.632869e-04 1.035960e-04 1.119996e-01 2.175000e+00 5.000000e-01 0.000000e+00
4.817144e-04 1.027033e-04 1.119996e-01 2.225000e+00 5.000000e-01 0.000000e+00
4.142676e-04 9.263480e-05 1.119996e-01 2.275000e+00 5.000000e-01 0.000000e+00
3.591584e-04 8.465704e-05 1.119996e-01 2.325000e+00 5.000000e-01 0.000000e+00
7.020575e-04 1.170141e-04 1.119996e-01 2.375000e+00 5.000000e-01 0.000000e+00
5.412249e-04 1.022854e-04 1.119996e-01 2.425000e+00 5.000000e-01 0.000000e+00
3.942516e-04 8.815863e-05 1.119996e-01 2.475000e+00 5.000000e-01 0.000000e+00
3.598030e-04 8.480975e-05 1.119996e-01 2.525000e+00 5.000000e-01 0.000000e+00
7.407191e-04 1.201670e-04 1.119996e-01 2.575000e+00 5.000000e-01 0.000000e+00
6.367680e-04 1.092099e-04 1.119996e-01 2.625000e+00 5.000000e-01 0.000000e+00
6.822691e-04 1.106858e-04 1.119996e-01 2.675000e+00 5.000000e-01 0.000000e+00
6.228858e-04 1.038212e-04 1.119996e-01 2.725000e+00 5.000000e-01 0.000000e+00
4.569543e-04 8.636442e-05 1.119996e-01 2.775000e+00 5.000000e-01 0.000000e+00
7.172061e-04 1.035299e-04 1.119996e-01 2.825000e+00 5.000000e-01 0.000000e+00
9.140003e-04 1.108542e-04 1.119996e-01 2.875000e+00 5.000000e-01 0.000000e+00
4.282383e-01 3.945606e-03 1.219996e-01 2.500000e-02 5.000000e-01 0.000000e+00
7.148208e-02 1.632200e-03 1.219996e-01 7.500000e-02 5.000000e-01 0.000000e+00
7.667261e-03 5.342048e-04 1.219996e-01 1.250000e-01 5.000000e-01 0.000000e+00
6.769200e-03 5.017676e-04 1.219996e-01 1.750000e-01 5.000000e-01 0.000000e+00
5.292408e-03 4.441301e-04 1.219996e-01 2.250000e-01 5.000000e-01 0.000000e+00
4.603378e-03 4.101027e-04 1.219996e-01 2.750000e-01 5.000000e-01 0.000000e+00
5.851506e-03 4.655220e-04 1.219996e-01 3.250000e-01 5.000000e-01 0.000000e+00
5.101200e-03 4.280844e-04 1.219996e-01 3.750000e-01 5.000000e-01 0.000000e+00
4.484147e-03 4.026895e-04 1.219996e-01 4.250000e-01 5.000000e-01 0.000000e+00
3.537019e-03 3.502180e-04 1.219996e-01 4.750000e-01 5.000000e-01 0.000000e+00
3.501829e-03 3.433838e-04 1.219996e-01 5.250000e-01 5.000000e-01 0.000000e+00
3.314712e-03 3.282065e-04 1.219996e-01 5.750000e-01 5.000000e-01 0.000000e+00
3.063838e-03 3.094952e-04 1.219996e-01 6.250000e-01 5.000000e-01 0.000000e+00
2.927398e-03 3.019392e-04 1.219996e-01 6.750000e-01 5.000000e-01 0.000000e+00
3.600783e-03 3.343256e-04 1.219996e-01 7.250000e-01 5.000000e-01 0.000000e+00
2.687087e-03 2.864459e-04 1.219996e-01 7.750000e-01 5.000000e-01 0.000000e+00
3.574144e-03 3.290278e-04 1.219996e-01 8.250000e-01 5.000000e-01 0.000000e+00
3.099336e-03 3.068815e-04 1.219996e-01 8.750000e-01 5.000000e-01 0.000000e+00
2.327737e-03 2.670108e-04 1.219996e-01 9.250000e-01 5.000000e-01 0.000000e+00
1.894256e-03 2.487290e-04 1.219996e-01 9.750000e-01 5.000000e-01 0.000000e+00
1.787404e-03 2.432357e-04 1.219996e-01 1.025000e+00 5.000000e-01 0.000000e+00
1.308052e-03 2.068222e-04 1.219996e-01 1.075000e+00 5.000000e-01 0.000000e+00
1.171922e-03 1.953212e-04 1.219996e-01 1.125000e+00 5.000000e-01 0.000000e+00
1.215532e-03 1.971863e-04 1.219996e-01 1.175000e+00 5.000000e-01 0.000000e+00
1.274498e-03 2.015171e-04 1.219996e-01 1.225000e+00 5.000000e-01 0.000000e+00
8.817402e-04 1.666341e-04 1.219996e-01 1.275000e+00 5.000000e-01 0.000000e+00
6.927574e-04 1.476976e-04 1.219996e-01 1.325000e+00 5.000000e-01 0.000000e+00
8.576925e-04 1.620896e-04 1.219996e-01 1.375000e+00 5.000000e-01 0.000000e+00
3.025896e-04 9.568795e-05 1.219996e-01 1.425000e+00 5.000000e-01 0.000000e+00
8.531459e-04 1.612304e-04 1.219996e-01 1.475000e+00 5.000000e-01 0.000000e+00
5.931111e-04 1.326243e-04 1.219996e-01 1.525000e+00 5.000000e-01 0.000000e+00
7.056063e-04 1.440324e-04 1.219996e-01 1.575000e+00 5.000000e-01 0.000000e+00
4.624345e-04 1.156097e-04 1.219996e-01 1.625000e+00 5.000000e-01 0.000000e+00
2.873259e-04 9.086060e-05 1.219996e-01 1.675000e+00 5.000000e-01 0.000000e+00
7.972448e-04 1.506666e-04 1.219996e-01 1.725000e+00 5.000000e-01 0.000000e+00
3.884514e-04 1.038193e-04 1.219996e-01 1.775000e+00 5.000000e-01 0.000000e+00
3.827520e-04 1.022962e-04 1.219996e-01 1.825000e+00 5.000000e-01 0.000000e+00
4.323450e-04 1.080871e-04 1.219996e-01 1.875000e+00 5.000000e-01 0.000000e+00
6.355728e-04 1.297370e-04 1.219996e-01 1.925000e+00 5.000000e-01 0.000000e+00
4.200904e-04 1.050249e-04 1.219996e-01 1.975000e+00 5.000000e-01 0.000000e+00
7.740469e-04 1.413232e-04 1.219996e-01 2.025000e+00 5.000000e-01 0.000000e+00
4.538654e-04 1.069775e-04 1.219996e-01 2.075000e+00 5.000000e-01 0.000000e+00
6.450879e-04 1.265146e-04 1.219996e-01 2.125000e+00 5.000000e-01 0.000000e+00
6.633852e-04 1.253699e-04 1.219996e-01 2.175000e+00 5.000000e-01 0.000000e+00
3.194752e-04 8.538395e-05 1.219996e-01 2.225000e+00 5.000000e-01 0.000000e+00
5.190084e-04 1.059453e-04 1.219996e-01 2.275000e+00 5.000000e-01 0.000000e+00
2.836551e-04 7.581230e-05 1.219996e-01 2.325000e+00 5.000000e-01 0.000000e+00
5.088266e-04 9.979202e-05 1.219996e-01 2.375000e+00 5.000000e-01 0.000000e+00
2.310295e-04 6.669313e-05 1.219996e-01 2.425000e+00 5.000000e-01 0.000000e+00
4.505604e-04 9.197451e-05 1.219996e-01 2.475000e+00 5.000000e-01 0.000000e+00
7.251054e-04 1.176331e-04 1.219996e-01 2.525000e+00 5.000000e-01 0.000000e+00
4.653457e-04 9.499071e-05 1.219996e-01 2.575000e+00 5.000000e-01 0.000000e+00
4.151521e-04 8.851682e-05 1.219996e-01 2.625000e+00 5.000000e-01 0.000000e+00
7.219501e-04 1.141588e-04 1.219996e-01 2.675000e+00 5.000000e-01 0.000000e+00
5.546907e-04 9.806406e-05 1.219996e-01 2.725000e+00 5.000000e-01 0.000000e+00
6.235867e-04 1.011639e-04 1.219996e-01 2.775000e+00 5.000000e-01 0.000000e+00
4.934650e-04 8.723980e-05 1.219996e-01 2.825000e+00 5.000000e-01 0.000000e+00
7.993078e-04 1.049678e-04 1.219996e-01 2.875000e+00 5.000000e-01 0.000000e+00
4.147217e-01 3.958546e-03 1.319996e-01 2.500000e-02 5.000000e-01 0.000000e+00
7.495948e-02 1.670311e-03 1.319996e-01 7.500000e-02 5.000000e-01 0.000000e+00
8.845928e-03 5.758222e-04 1.319996e-01 1.250000e-01 5.000000e-01 0.000000e+00
5.951602e-03 4.705167e-04 1.319996e-01 1.750000e-01 5.000000e-01 0.000000e+00
5.396155e-03 4.465902e-04 1.319996e-01 2.250000e-01 5.000000e-01 0.000000e+00
5.136716e-03 4.372672e-04 1.319996e-01 2.750000e-01 5.000000e-01 0.000000e+00
4.709760e-03 4.130743e-04 1.319996e-01 3.250000e-01 5.000000e-01 0.000000e+00
4.912740e-03 4.212648e-04 1.319996e-01 3.750000e-01 5.000000e-01 0.000000e+00
5.115258e-03 4.176604e-04 1.319996e-01 4.250000e-01 5.000000e-01 0.000000e+00
3.922593e-03 3.611050e-04 1.319996e-01 4.750000e-01 5.000000e-01 0.000000e+00
3.689583e-03 3.425703e-04 1.319996e-01 5.250000e-01 5.000000e-01 0.000000e+00
3.092434e-03 3.123839e-04 1.319996e-01 5.750000e-01 5.000000e-01 0.000000e+00
3.083250e-03 3.114566e-04 1.319996e-01 6.250000e-01 5.000000e-01 0.000000e+00
3.501814e-03 3.308914e-04 1.319996e-01 6.750000e-01 5.000000e-01 0.000000e+00
3.582522e-03 3.326301e-04 1.319996e-01 7.250000e-01 5.000000e-01 0.000000e+00
2.894125e-03 2.985073e-04 1.319996e-01 7.750000e-01 5.000000e-01 0.000000e+00
2.228853e-03 2.626738e-04 1.319996e-01 8.250000e-01 5.000000e-01 0.000000e+00
2.315920e-03 2.729348e-04 1.319996e-01 8.750000e-01 5.000000e-01 0.000000e+00
1.956762e-03 2.569365e-04 1.319996e-01 9.250000e-01 5.000000e-01 0.000000e+00
2.386600e-03 2.812650e-04 1.319996e-01 9.750000e-01 5.000000e-01 0.000000e+00
1.617046e-03 2.334014e-04 1.319996e-01 1.025000e+00 5.000000e-01 0.000000e+00
2.045640e-03 2.597979e-04 1.319996e-01 1.075000e+00 5.000000e-01 0.000000e+00
1.026976e-03 1.815465e-04 1.319996e-01 1.125000e+00 5.000000e-01 0.000000e+00
1.750393e-03 2.381996e-04 1.319996e-01 1.175000e+00 5.000000e-01 0.000000e+00
1.088808e-03 1.867302e-04 1.319996e-01 1.225000e+00 5.000000e-01 0.000000e+00
1.267813e-03 2.004597e-04 1.319996e-01 1.275000e+00 5.000000e-01 0.000000e+00
1.003007e-03 1.773098e-04 1.319996e-01 1.325000e+00 5.000000e-01 0.000000e+00
6.824148e-04 1.454926e-04 1.319996e-01 1.375000e+00 5.000000e-01 0.000000e+00
1.216596e-03 1.923617e-04 1.319996e-01 1.425000e+00 5.000000e-01 0.000000e+00
8.994160e-04 1.642108e-04 1.319996e-01 1.475000e+00 5.000000e-01 0.000000e+00
3.615792e-04 1.043796e-04 1.319996e-01 1.525000e+00 5.000000e-01 0.000000e+00
4.721974e-04 1.180497e-04 1.319996e-01 1.575000e+00 5.000000e-01 0.000000e+00
4.645636e-04 1.161421e-04 1.319996e-01 1.625000e+00 5.000000e-01 0.000000e+00
4.585602e-04 1.146409e-04 1.319996e-01 1.675000e+00 5.000000e-01 0.000000e+00
2.839216e-04 8.978489e-05 1.319996e-01 1.725000e+00 5.000000e-01 0.000000e+00
7.319823e-04 1.435554e-04 1.319996e-01 1.775000e+00 5.000000e-01 0.000000e+00
4.413677e-04 1.103433e-04 1.319996e-01 1.825000e+00 5.000000e-01 0.000000e+00
4.919702e-04 1.159598e-04 1.319996e-01 1.875000e+00 5.000000e-01 0.000000e+00
5.299800e-04 1.185076e-04 1.319996e-01 1.925000e+00 5.000000e-01 0.000000e+00
5.243426e-04 1.172483e-04 1.319996e-01 1.975000e+00 5.000000e-01 0.000000e+00
6.129715e-04 1.251236e-04 1.319996e-01 2.025000e+00 5.000000e-01 0.000000e+00
3.541141e-04 9.464224e-05 1.319996e-01 2.075000e+00 5.000000e-01 0.000000e+00
2.464519e-04 7.793539e-05 1.319996e-01 2.125000e+00 5.000000e-01 0.000000e+00
4.829404e-04 1.079904e-04 1.319996e-01 2.175000e+00 5.000000e-01 0.000000e+00
6.611265e-04 1.249429e-04 1.319996e-01 2.225000e+00 5.000000e-01 0.000000e+00
4.035977e-04 9.513089e-05 1.319996e-01 2.275000e+00 5.000000e-01 0.000000e+00
4.245628e-04 9.493799e-05 1.319996e-01 2.325000e+00 5.000000e-01 0.000000e+00
3.190340e-04 7.976004e-05 1.319996e-01 2.375000e+00 5.000000e-01 0.000000e+00
3.829277e-04 8.562922e-05 1.319996e-01 2.425000e+00 5.000000e-01 0.000000e+00
2.961174e-04 7.403318e-05 1.319996e-01 2.475000e+00 5.000000e-01 0.000000e+00
5.529020e-04 1.009497e-04 1.319996e-01 2.525000e+00 5.000000e-01 0.000000e+00
4.090361e-04 8.721140e-05 1.319996e-01 2.575000e+00 5.000000e-01 0.000000e+00
5.652495e-04 1.032079e-04 1.319996e-01 2.625000e+00 5.000000e-01 0.000000e+00
5.800577e-04 1.025445e-04 1.319996e-01 2.675000e+00 5.000000e-01 0.000000e+00
5.533255e-04 9.782145e-05 1.319996e-01 2.725000e+00 5.000000e-01 0.000000e+00
6.627302e-04 1.047954e-04 1.319996e-01 2.775000e+00 5.000000e-01 0.000000e+00
9.064106e-04 1.190286e-04 1.319996e-01 2.825000e+00 5.000000e-01 0.000000e+00
8.169996e-04 1.072913e-04 1.319996e-01 2.875000e+00 5.000000e-01 0.000000e+00
4.340402e-01 4.033797e-03 1.419995e-01 2.500000e-02 5.000000e-01 0.000000e+00
7.285875e-02 1.659315e-03 1.419995e-01 7.500000e-02 5.000000e-01 0.000000e+00
6.902006e-03 5.060808e-04 1.419995e-01 1.250000e-01 5.000000e-01 0.000000e+00
6.907500e-03 5.092289e-04 1.419995e-01 1.750000e-01 5.000000e-01 0.000000e+00
5.667184e-03 4.596705e-04 1.419995e-01 2.250000e-01 5.000000e-01 0.000000e+00
4.789385e-03 4.168635e-04 1.419995e-01 2.750000e-01 5.000000e-01 0.000000e+00
4.931647e-03 4.198108e-04 1.419995e-01 3.250000e-01 5.000000e-01 0.000000e+00
4.352697e-03 3.817579e-04 1.419995e-01 3.750000e-01 5.000000e-01 0.000000e+00
4.730419e-03 3.942029e-04 1.419995e-01 4.250000e-01 5.000000e-01 0.000000e+00
3.169971e-03 3.169980e-04 1.419995e-01 4.750000e-01 5.000000e-01 0.000000e+00
4.060124e-03 3.588689e-04 1.419995e-01 5.250000e-01 5.000000e-01 0.000000e+00
3.403737e-03 3.275257e-04 1.419995e-01 5.750000e-01 5.000000e-01 0.000000e+00
3.338432e-03 3.242581e-04 1.419995e-01 6.250000e-01 5.000000e-01 0.000000e+00
2.705763e-03 2.917711e-04 1.419995e-01 6.750000e-01 5.000000e-01 0.000000e+00
3.592051e-03 3.364275e-04 1.419995e-01 7.250000e-01 5.000000e-01 0.000000e+00
2.908956e-03 3.066319e-04 1.419995e-01 7.750000e-01 5.000000e-01 0.000000e+00
2.776609e-03 3.066267e-04 1.419995e-01 8.250000e-01 5.000000e-01 0.000000e+00
3.321696e-03 3.355432e-04 1.419995e-01 8.750000e-01 5.000000e-01 0.000000e+00
2.873508e-03 3.098596e-04 1.419995e-01 9.250000e-01 5.000000e-01 0.000000e+00
2.586837e-03 2.967319e-04 1.419995e-01 9.750000e-01 5.000000e-01 0.000000e+00
1.596614e-03 2.304525e-04 1.419995e-01 1.025000e+00 5.000000e-01 0.000000e+00
1.250374e-03 2.028385e-04 1.419995e-01 1.075000e+00 5.000000e-01 0.000000e+00
1.310525e-03 2.072131e-04 1.419995e-01 1.125000e+00 5.000000e-01 0.000000e+00
1.593837e-03 2.254039e-04 1.419995e-01 1.175000e+00 5.000000e-01 0.000000e+00
1.090674e-03 1.870503e-04 1.419995e-01 1.225000e+00 5.000000e-01 0.000000e+00
4.482603e-04 1.198027e-04 1.419995e-01 1.275000e+00 5.000000e-01 0.000000e+00
8.794374e-04 1.661989e-04 1.419995e-01 1.325000e+00 5.000000e-01 0.000000e+00
1.232070e-03 1.948088e-04 1.419995e-01 1.375000e+00 5.000000e-01 0.000000e+00
9.212002e-04 1.681881e-04 1.419995e-01 1.425000e+00 5.000000e-01 0.000000e+00
1.158778e-03 1.879803e-04 1.419995e-01 1.475000e+00 5.000000e-01 0.000000e+00
6.604552e-04 1.408104e-04 1.419995e-01 1.525000e+00 5.000000e-01 0.000000e+00
7.110200e-04 1.451369e-04 1.419995e-01 1.575000e+00 5.000000e-01 0.000000e+00
5.256578e-04 1.238997e-04 1.419995e-01 1.625000e+00 5.000000e-01 0.000000e+00
6.348387e-04 1.353492e-04 1.419995e-01 1.675000e+00 5.000000e-01 0.000000e+00
3.977438e-04 1.063027e-04 1.419995e-01 1.725000e+00 5.000000e-01 0.000000e+00
1.119501e-04 5.597541e-05 1.419995e-01 1.775000e+00 5.000000e-01 0.000000e+00
4.937203e-04 1.163722e-04 1.419995e-01 1.825000e+00 5.000000e-01 0.000000e+00
3.852305e-04 1.029581e-04 1.419995e-01 1.875000e+00 5.000000e-01 0.000000e+00
4.266645e-04 1.066669e-04 1.419995e-01 1.925000e+00 5.000000e-01 0.000000e+00
2.654565e-04 8.394544e-05 1.419995e-01 1.975000e+00 5.000000e-01 0.000000e+00
4.640499e-04 1.093783e-04 1.419995e-01 2.025000e+00 5.000000e-01 0.000000e+00
3.047429e-04 8.797300e-05 1.419995e-01 2.075000e+00 5.000000e-01 0.000000e+00
6.416806e-04 1.258463e-04 1.419995e-01 2.125000e+00 5.000000e-01 0.000000e+00
3.427065e-04 9.159441e-05 1.419995e-01 2.175000e+00 5.000000e-01 0.000000e+00
6.234902e-04 1.222796e-04 1.419995e-01 2.225000e+00 5.000000e-01 0.000000e+00
3.666784e-04 9.167193e-05 1.419995e-01 2.275000e+00 5.000000e-01 0.000000e+00
2.639140e-04 7.618793e-05 1.419995e-01 2.325000e+00 5.000000e-01 0.000000e+00
4.568555e-04 9.740465e-05 1.419995e-01 2.375000e+00 5.000000e-01 0.000000e+00
4.281723e-04 9.128902e-05 1.419995e-01 2.425000e+00 5.000000e-01 0.000000e+00
5.612048e-04 1.024648e-04 1.419995e-01 2.475000e+00 5.000000e-01 0.000000e+00
3.643118e-04 8.146394e-05 1.419995e-01 2.525000e+00 5.000000e-01 0.000000e+00
3.206184e-04 7.557562e-05 1.419995e-01 2.575000e+00 5.000000e-01 0.000000e+00
3.644923e-04 8.150660e-05 1.419995e-01 2.625000e+00 5.000000e-01 0.000000e+00
8.030894e-04 1.210795e-04 1.419995e-01 2.675000e+00 5.000000e-01 0.000000e+00
6.301650e-04 1.050350e-04 1.419995e-01 2.725000e+00 5.000000e-01 0.000000e+00
6.376197e-04 1.034425e-04 1.419995e-01 2.775000e+00 5.000000e-01 0.000000e+00
8.474598e-04 1.153351e-04 1.419995e-01 2.825000e+00 5.000000e-01 0.000000e+00
9.914313e-04 1.202391e-04 1.419995e-01 2.875000e+00 5.000000e-01 0.000000e+00
4.555762e-01 4.162997e-03 1.519995e-01 2.500000e-02 5.000000e-01 0.000000e+00
7.986966e-02 1.730584e-03 1.519995e-01 7.500000e-02 5.000000e-01 0.000000e+00
7.861661e-03 5.451095e-04 1.519995e-01 1.250000e-01 5.000000e-01 0.000000e+00
4.895017e-03 4.260576e-04 1.519995e-01 1.750000e-01 5.000000e-01 0.000000e+00
6.220279e-03 4.742930e-04 1.519995e-01 2.250000e-01 5.000000e-01 0.000000e+00
5.087262e-03 4.210256e-04 1.519995e-01 2.750000e-01 5.000000e-01 0.000000e+00
4.848835e-03 4.012934e-04 1.519995e-01 3.250000e-01 5.000000e-01 0.000000e+00
5.070346e-03 4.085812e-04 1.519995e-01 3.750000e-01 5.000000e-01 0.000000e+00
4.229395e-03 3.681230e-04 1.519995e-01 4.250000e-01 5.000000e-01 0.000000e+00
3.420626e-03 3.322419e-04 1.519995e-01 4.750000e-01 5.000000e-01 0.000000e+00
3.410664e-03 3.281923e-04 1.519995e-01 5.250000e-01 5.000000e-01 0.000000e+00
3.438938e-03 3.309127e-04 1.519995e-01 5.750000e-01 5.000000e-01 0.000000e+00
2.880307e-03 3.036119e-04 1.519995e-01 6.250000e-01 5.000000e-01 0.000000e+00
3.313282e-03 3.280650e-04 1.519995e-01 6.750000e-01 5.000000e-01 0.000000e+00
2.716148e-03 3.036755e-04 1.519995e-01 7.250000e-01 5.000000e-01 0.000000e+00
3.450593e-03 3.450606e-04 1.519995e-01 7.750000e-01 5.000000e-01 0.000000e+00
2.124053e-03 2.697559e-04 1.519995e-01 8.250000e-01 5.000000e-01 0.000000e+00
3.532247e-03 3.463665e-04 1.519995e-01 8.750000e-01 5.000000e-01 0.000000e+00
2.628928e-03 2.976690e-04 1.519995e-01 9.250000e-01 5.000000e-01 0.000000e+00
1.411955e-03 2.178704e-04 1.519995e-01 9.750000e-01 5.000000e-01 0.000000e+00
1.823968e-03 2.482117e-04 1.519995e-01 1.025000e+00 5.000000e-01 0.000000e+00
1.508925e-03 2.224797e-04 1.519995e-01 1.075000e+00 5.000000e-01 0.000000e+00
1.500423e-03 2.212269e-04 1.519995e-01 1.125000e+00 5.000000e-01 0.000000e+00
9.079971e-04 1.715964e-04 1.519995e-01 1.175000e+00 5.000000e-01 0.000000e+00
1.779156e-03 2.377508e-04 1.519995e-01 1.225000e+00 5.000000e-01 0.000000e+00
1.278186e-03 2.021000e-04 1.519995e-01 1.275000e+00 5.000000e-01 0.000000e+00
7.594527e-04 1.550238e-04 1.519995e-01 1.325000e+00 5.000000e-01 0.000000e+00
7.403819e-04 1.511307e-04 1.519995e-01 1.375000e+00 5.000000e-01 0.000000e+00
7.370418e-04 1.504488e-04 1.519995e-01 1.425000e+00 5.000000e-01 0.000000e+00
8.528735e-04 1.611795e-04 1.519995e-01 1.475000e+00 5.000000e-01 0.000000e+00
3.629776e-04 1.047834e-04 1.519995e-01 1.525000e+00 5.000000e-01 0.000000e+00
5.324157e-04 1.254925e-04 1.519995e-01 1.575000e+00 5.000000e-01 0.000000e+00
8.748235e-04 1.597218e-04 1.519995e-01 1.625000e+00 5.000000e-01 0.000000e+00
8.175543e-04 1.545051e-04 1.519995e-01 1.675000e+00 5.000000e-01 0.000000e+00
2.293204e-04 8.107875e-05 1.519995e-01 1.725000e+00 5.000000e-01 0.000000e+00
6.195267e-04 1.320846e-04 1.519995e-01 1.775000e+00 5.000000e-01 0.000000e+00
3.313369e-04 9.564962e-05 1.519995e-01 1.825000e+00 5.000000e-01 0.000000e+00
6.590928e-04 1.345382e-04 1.519995e-01 1.875000e+00 5.000000e-01 0.000000e+00
6.413406e-04 1.309148e-04 1.519995e-01 1.925000e+00 5.000000e-01 0.000000e+00
2.121992e-04 7.502444e-05 1.519995e-01 1.975000e+00 5.000000e-01 0.000000e+00
2.073621e-04 7.331383e-05 1.519995e-01 2.025000e+00 5.000000e-01 0.000000e+00
6.652600e-04 1.304705e-04 1.519995e-01 2.075000e+00 5.000000e-01 0.000000e+00
2.506712e-04 7.927151e-05 1.519995e-01 2.125000e+00 5.000000e-01 0.000000e+00
5.888250e-04 1.201952e-04 1.519995e-01 2.175000e+00 5.000000e-01 0.000000e+00
6.685961e-04 1.263565e-04 1.519995e-01 2.225000e+00 5.000000e-01 0.000000e+00
5.601481e-04 1.143415e-04 1.519995e-01 2.275000e+00 5.000000e-01 0.000000e+00
3.609150e-04 9.023073e-05 1.519995e-01 2.325000e+00 5.000000e-01 0.000000e+00
4.276534e-04 9.562849e-05 1.519995e-01 2.375000e+00 5.000000e-01 0.000000e+00
5.264977e-04 1.032571e-04 1.519995e-01 2.425000e+00 5.000000e-01 0.000000e+00
2.650561e-04 7.084083e-05 1.519995e-01 2.475000e+00 5.000000e-01 0.000000e+00
4.720297e-04 9.257615e-05 1.519995e-01 2.525000e+00 5.000000e-01 0.000000e+00
3.524289e-04 7.880837e-05 1.519995e-01 2.575000e+00 5.000000e-01 0.000000e+00
3.127058e-04 7.371092e-05 1.519995e-01 2.625000e+00 5.000000e-01 0.000000e+00
4.911812e-04 9.282670e-05 1.519995e-01 2.675000e+00 5.000000e-01 0.000000e+00
6.709830e-04 1.088522e-04 1.519995e-01 2.725000e+00 5.000000e-01 0.000000e+00
7.700790e-04 1.135532e-04 1.519995e-01 2.775000e+00 5.000000e-01 0.000000e+00
7.894450e-04 1.116565e-04 1.519995e-01 2.825000e+00 5.000000e-01 0.000000e+00
1.039452e-03 1.242574e-04 1.519995e-01 2.875000e+00 5.000000e-01 0.000000e+00
4.588080e-01 4.167203e-03 1.619995e-01 2.500000e-02 5.000000e-01 0.000000e+00
7.520706e-02 1.678330e-03 1.619995e-01 7.500000e-02 5.000000e-01 0.000000e+00
8.068549e-03 5.415270e-04 1.619995e-01 1.250000e-01 5.000000e-01 0.000000e+00
5.386478e-03 4.369021e-04 1.619995e-01 1.750000e-01 5.000000e-01 0.000000e+00
6.087734e-03 4.537540e-04 1.619995e-01 2.250000e-01 5.000000e-01 0.000000e+00
5.256236e-03 4.181649e-04 1.619995e-01 2.750000e-01 5.000000e-01 0.000000e+00
3.760204e-03 3.521763e-04 1.619995e-01 3.250000e-01 5.000000e-01 0.000000e+00
3.716056e-03 3.480414e-04 1.619995e-01 3.750000e-01 5.000000e-01 0.000000e+00
3.973705e-03 3.597634e-04 1.619995e-01 4.250000e-01 5.000000e-01 0.000000e+00
3.679174e-03 3.416040e-04 1.619995e-01 4.750000e-01 5.000000e-01 0.000000e+00
4.313151e-03 3.726006e-04 1.619995e-01 5.250000e-01 5.000000e-01 0.000000e+00
3.780863e-03 3.510454e-04 1.619995e-01 5.750000e-01 5.000000e-01 0.000000e+00
3.478035e-03 3.443778e-04 1.619995e-01 6.250000e-01 5.000000e-01 0.000000e+00
3.259974e-03 3.398771e-04 1.619995e-01 6.750000e-01 5.000000e-01 0.000000e+00
3.153538e-03 3.324134e-04 1.619995e-01 7.250000e-01 5.000000e-01 0.000000e+00
2.314959e-03 2.849527e-04 1.619995e-01 7.750000e-01 5.000000e-01 0.000000e+00
1.992221e-03 2.615924e-04 1.619995e-01 8.250000e-01 5.000000e-01 0.000000e+00
1.973546e-03 2.591402e-04 1.619995e-01 8.750000e-01 5.000000e-01 0.000000e+00
1.847896e-03 2.514678e-04 1.619995e-01 9.250000e-01 5.000000e-01 0.000000e+00
1.898569e-03 2.537080e-04 1.619995e-01 9.750000e-01 5.000000e-01 0.000000e+00
3.035146e-03 3.199342e-04 1.619995e-01 1.025000e+00 5.000000e-01 0.000000e+00
1.395459e-03 2.153252e-04 1.619995e-01 1.075000e+00 5.000000e-01 0.000000e+00
1.111798e-03 1.906726e-04 1.619995e-01 1.125000e+00 5.000000e-01 0.000000e+00
1.353302e-03 2.088201e-04 1.619995e-01 1.175000e+00 5.000000e-01 0.000000e+00
9.032919e-04 1.707068e-04 1.619995e-01 1.225000e+00 5.000000e-01 0.000000e+00
9.592088e-04 1.751274e-04 1.619995e-01 1.275000e+00 5.000000e-01 0.000000e+00
8.240488e-04 1.616099e-04 1.619995e-01 1.325000e+00 5.000000e-01 0.000000e+00
1.191141e-03 1.932297e-04 1.619995e-01 1.375000e+00 5.000000e-01 0.000000e+00
7.350341e-04 1.500396e-04 1.619995e-01 1.425000e+00 5.000000e-01 0.000000e+00
1.096660e-03 1.827778e-04 1.619995e-01 1.475000e+00 5.000000e-01 0.000000e+00
7.332266e-04 1.496704e-04 1.619995e-01 1.525000e+00 5.000000e-01 0.000000e+00
5.338925e-04 1.258411e-04 1.619995e-01 1.575000e+00 5.000000e-01 0.000000e+00
5.259820e-04 1.239760e-04 1.619995e-01 1.625000e+00 5.000000e-01 0.000000e+00
4.670734e-04 1.167693e-04 1.619995e-01 1.675000e+00 5.000000e-01 0.000000e+00
5.710684e-04 1.276958e-04 1.619995e-01 1.725000e+00 5.000000e-01 0.000000e+00
7.936052e-04 1.499789e-04 1.619995e-01 1.775000e+00 5.000000e-01 0.000000e+00
4.440726e-04 1.110188e-04 1.619995e-01 1.825000e+00 5.000000e-01 0.000000e+00
4.895006e-04 1.153775e-04 1.619995e-01 1.875000e+00 5.000000e-01 0.000000e+00
3.239138e-04 9.350659e-05 1.619995e-01 1.925000e+00 5.000000e-01 0.000000e+00
4.239256e-04 1.059825e-04 1.619995e-01 1.975000e+00 5.000000e-01 0.000000e+00
2.094104e-04 7.403895e-05 1.619995e-01 2.025000e+00 5.000000e-01 0.000000e+00
3.074795e-04 8.876301e-05 1.619995e-01 2.075000e+00 5.000000e-01 0.000000e+00
7.020198e-04 1.326704e-04 1.619995e-01 2.125000e+00 5.000000e-01 0.000000e+00
4.917049e-04 1.099509e-04 1.619995e-01 2.175000e+00 5.000000e-01 0.000000e+00
3.366726e-04 8.998244e-05 1.619995e-01 2.225000e+00 5.000000e-01 0.000000e+00
4.717206e-04 1.054821e-04 1.619995e-01 2.275000e+00 5.000000e-01 0.000000e+00
2.755981e-04 7.956073e-05 1.619995e-01 2.325000e+00 5.000000e-01 0.000000e+00
3.089988e-04 8.258544e-05 1.619995e-01 2.375000e+00 5.000000e-01 0.000000e+00
4.175620e-04 9.337282e-05 1.619995e-01 2.425000e+00 5.000000e-01 0.000000e+00
3.150287e-04 7.875874e-05 1.619995e-01 2.475000e+00 5.000000e-01 0.000000e+00
3.672115e-04 8.211335e-05 1.619995e-01 2.525000e+00 5.000000e-01 0.000000e+00
4.607772e-04 9.036940e-05 1.619995e-01 2.575000e+00 5.000000e-01 0.000000e+00
3.744827e-04 7.984452e-05 1.619995e-01 2.625000e+00 5.000000e-01 0.000000e+00
5.773387e-04 9.901679e-05 1.619995e-01 2.675000e+00 5.000000e-01 0.000000e+00
1.001339e-03 1.314909e-04 1.619995e-01 2.725000e+00 5.000000e-01 0.000000e+00
6.042148e-04 1.007099e-04 1.619995e-01 2.775000e+00 5.000000e-01 0.000000e+00
6.059005e-04 9.829888e-05 1.619995e-01 2.825000e+00 5.000000e-01 0.000000e+00
7.492958e-04 1.059787e-04 1.619995e-01 2.875000e+00 5.000000e-01 0.000000e+00
4.645825e-01 4.146415e-03 1.719995e-01 2.500000e-02 5.000000e-01 0.000000e+00
7.929863e-02 1.685301e-03 1.719995e-01 7.500000e-02 5.000000e-01 0.000000e+00
6.633852e-03 4.762840e-04 1.719995e-01 1.250000e-01 5.000000e-01 0.000000e+00
7.240227e-03 4.926362e-04 1.719995e-01 1.750000e-01 5.000000e-01 0.000000e+00
6.038985e-03 4.501207e-04 1.719995e-01 2.250000e-01 5.000000e-01 0.000000e+00
4.649285e-03 3.929373e-04 1.719995e-01 2.750000e-01 5.000000e-01 0.000000e+00
6.219466e-03 4.536025e-04 1.719995e-01 3.250000e-01 5.000000e-01 0.000000e+00
4.717640e-03 3.931380e-04 1.719995e-01 3.750000e-01 5.000000e-01 0.000000e+00
4.331030e-03 3.741449e-04 1.719995e-01 4.250000e-01 5.000000e-01 0.000000e+00
3.681778e-03 3.478965e-04 1.719995e-01 4.750000e-01 5.000000e-01 0.000000e+00
3.192093e-03 3.292401e-04 1.719995e-01 5.250000e-01 5.000000e-01 0.000000e+00
2.994996e-03 3.267822e-04 1.719995e-01 5.750000e-01 5.000000e-01 0.000000e+00
3.002200e-03 3.275679e-04 1.719995e-01 6.250000e-01 5.000000e-01 0.000000e+00
2.987292e-03 3.259415e-04 1.719995e-01 6.750000e-01 5.000000e-01 0.000000e+00
1.427425e-03 2.256967e-04 1.719995e-01 7.250000e-01 5.000000e-01 0.000000e+00
3.068188e-03 3.270715e-04 1.719995e-01 7.750000e-01 5.000000e-01 0.000000e+00
2.369152e-03 2.873033e-04 1.719995e-01 8.250000e-01 5.000000e-01 0.000000e+00
2.035826e-03 2.628246e-04 1.719995e-01 8.750000e-01 5.000000e-01 0.000000e+00
2.447804e-03 2.884776e-04 1.719995e-01 9.250000e-01 5.000000e-01 0.000000e+00
1.439431e-03 2.221101e-04 1.719995e-01 9.750000e-01 5.000000e-01 0.000000e+00
1.409905e-03 2.175540e-04 1.719995e-01 1.025000e+00 5.000000e-01 0.000000e+00
2.419324e-03 2.851216e-04 1.719995e-01 1.075000e+00 5.000000e-01 0.000000e+00
1.182003e-03 1.970012e-04 1.719995e-01 1.125000e+00 5.000000e-01 0.000000e+00
1.482432e-03 2.185737e-04 1.719995e-01 1.175000e+00 5.000000e-01 0.000000e+00
1.167499e-03 1.945844e-04 1.719995e-01 1.225000e+00 5.000000e-01 0.000000e+00
8.378354e-04 1.643139e-04 1.719995e-01 1.275000e+00 5.000000e-01 0.000000e+00
6.997082e-04 1.491794e-04 1.719995e-01 1.325000e+00 5.000000e-01 0.000000e+00
1.063042e-03 1.823113e-04 1.719995e-01 1.375000e+00 5.000000e-01 0.000000e+00
6.784881e-04 1.446557e-04 1.719995e-01 1.425000e+00 5.000000e-01 0.000000e+00
9.811081e-04 1.734384e-04 1.719995e-01 1.475000e+00 5.000000e-01 0.000000e+00
8.530658e-04 1.612151e-04 1.719995e-01 1.525000e+00 5.000000e-01 0.000000e+00
7.800152e-04 1.529744e-04 1.719995e-01 1.575000e+00 5.000000e-01 0.000000e+00
4.699410e-04 1.174860e-04 1.719995e-01 1.625000e+00 5.000000e-01 0.000000e+00
5.264109e-04 1.240770e-04 1.719995e-01 1.675000e+00 5.000000e-01 0.000000e+00
2.305119e-04 8.149890e-05 1.719995e-01 1.725000e+00 5.000000e-01 0.000000e+00
2.830050e-04 8.949441e-05 1.719995e-01 1.775000e+00 5.000000e-01 0.000000e+00
6.161803e-04 1.313713e-04 1.719995e-01 1.825000e+00 5.000000e-01 0.000000e+00
5.508849e-04 1.231832e-04 1.719995e-01 1.875000e+00 5.000000e-01 0.000000e+00
1.633879e-04 6.670348e-05 1.719995e-01 1.925000e+00 5.000000e-01 0.000000e+00
4.745749e-04 1.118596e-04 1.719995e-01 1.975000e+00 5.000000e-01 0.000000e+00
4.725407e-04 1.113801e-04 1.719995e-01 2.025000e+00 5.000000e-01 0.000000e+00
2.558611e-04 8.091135e-05 1.719995e-01 2.075000e+00 5.000000e-01 0.000000e+00
2.024186e-04 7.156617e-05 1.719995e-01 2.125000e+00 5.000000e-01 0.000000e+00
4.422669e-04 1.042451e-04 1.719995e-01 2.175000e+00 5.000000e-01 0.000000e+00
3.376211e-04 9.023504e-05 1.719995e-01 2.225000e+00 5.000000e-01 0.000000e+00
2.369611e-04 7.493516e-05 1.719995e-01 2.275000e+00 5.000000e-01 0.000000e+00
5.990902e-04 1.174935e-04 1.719995e-01 2.325000e+00 5.000000e-01 0.000000e+00
4.945057e-04 1.054321e-04 1.719995e-01 2.375000e+00 5.000000e-01 0.000000e+00
2.168143e-04 6.856559e-05 1.719995e-01 2.425000e+00 5.000000e-01 0.000000e+00
5.277822e-04 1.035104e-04 1.719995e-01 2.475000e+00 5.000000e-01 0.000000e+00
8.031055e-04 1.239272e-04 1.719995e-01 2.525000e+00 5.000000e-01 0.000000e+00
6.416356e-04 1.069459e-04 1.719995e-01 2.575000e+00 5.000000e-01 0.000000e+00
5.812715e-04 9.969158e-05 1.719995e-01 2.625000e+00 5.000000e-01 0.000000e+00
4.675632e-04 8.836501e-05 1.719995e-01 2.675000e+00 5.000000e-01 0.000000e+00
5.278486e-04 9.331853e-05 1.719995e-01 2.725000e+00 5.000000e-01 0.000000e+00
8.047855e-04 1.161700e-04 1.719995e-01 2.775000e+00 5.000000e-01 0.000000e+00
7.057495e-04 1.064097e-04 1.719995e-01 2.825000e+00 5.000000e-01 0.000000e+00
1.152144e-03 1.321760e-04 1.719995e-01 2.875000e+00 5.000000e-01 0.000000e+00
4.694774e-01 4.052652e-03 1.819995e-01 2.500000e-02 5.000000e-01 0.000000e+00
7.567900e-02 1.599013e-03 1.819995e-01 7.500000e-02 5.000000e-01 0.000000e+00
7.621543e-03 5.092369e-04 1.819995e-01 1.250000e-01 5.000000e-01 0.000000e+00
7.001521e-03 4.854693e-04 1.819995e-01 1.750000e-01 5.000000e-01 0.000000e+00
5.418585e-03 4.283778e-04 1.819995e-01 2.250000e-01 5.000000e-01 0.000000e+00
5.019538e-03 4.098445e-04 1.819995e-01 2.750000e-01 5.000000e-01 0.000000e+00
5.671870e-03 4.350138e-04 1.819995e-01 3.250000e-01 5.000000e-01 0.000000e+00
4.610628e-03 3.924838e-04 1.819995e-01 3.750000e-01 5.000000e-01 0.000000e+00
4.307789e-03 3.837695e-04 1.819995e-01 4.250000e-01 5.000000e-01 0.000000e+00
3.502673e-03 3.538243e-04 1.819995e-01 4.750000e-01 5.000000e-01 0.000000e+00
3.090245e-03 3.332305e-04 1.819995e-01 5.250000e-01 5.000000e-01 0.000000e+00
3.890861e-03 3.743994e-04 1.819995e-01 5.750000e-01 5.000000e-01 0.000000e+00
2.865271e-03 3.203483e-04 1.819995e-01 6.250000e-01 5.000000e-01 0.000000e+00
2.799801e-03 3.170162e-04 1.819995e-01 6.750000e-01 5.000000e-01 0.000000e+00
2.922279e-03 3.227127e-04 1.819995e-01 7.250000e-01 5.000000e-01 0.000000e+00
2.738808e-03 3.101101e-04 1.819995e-01 7.750000e-01 5.000000e-01 0.000000e+00
3.029343e-03 3.229304e-04 1.819995e-01 8.250000e-01 5.000000e-01 0.000000e+00
2.130406e-03 2.705632e-04 1.819995e-01 8.750000e-01 5.000000e-01 0.000000e+00
3.074266e-03 3.240575e-04 1.819995e-01 9.250000e-01 5.000000e-01 0.000000e+00
2.376019e-03 2.839900e-04 1.819995e-01 9.750000e-01 5.000000e-01 0.000000e+00
1.622255e-03 2.341536e-04 1.819995e-01 1.025000e+00 5.000000e-01 0.000000e+00
1.999051e-03 2.580775e-04 1.819995e-01 1.075000e+00 5.000000e-01 0.000000e+00
1.391162e-03 2.146619e-04 1.819995e-01 1.125000e+00 5.000000e-01 0.000000e+00
1.691910e-03 2.346268e-04 1.819995e-01 1.175000e+00 5.000000e-01 0.000000e+00
1.228420e-03 1.992774e-04 1.819995e-01 1.225000e+00 5.000000e-01 0.000000e+00
7.128198e-04 1.519748e-04 1.819995e-01 1.275000e+00 5.000000e-01 0.000000e+00
9.546651e-04 1.742984e-04 1.819995e-01 1.325000e+00 5.000000e-01 0.000000e+00
8.184536e-04 1.605129e-04 1.819995e-01 1.375000e+00 5.000000e-01 0.000000e+00
8.688309e-04 1.641944e-04 1.819995e-01 1.425000e+00 5.000000e-01 0.000000e+00
7.363604e-04 1.503100e-04 1.819995e-01 1.475000e+00 5.000000e-01 0.000000e+00
8.565338e-04 1.618708e-04 1.819995e-01 1.525000e+00 5.000000e-01 0.000000e+00
6.042022e-04 1.351049e-04 1.819995e-01 1.575000e+00 5.000000e-01 0.000000e+00
3.532380e-04 1.019714e-04 1.819995e-01 1.625000e+00 5.000000e-01 0.000000e+00
4.117606e-04 1.100489e-04 1.819995e-01 1.675000e+00 5.000000e-01 0.000000e+00
6.370026e-04 1.358106e-04 1.819995e-01 1.725000e+00 5.000000e-01 0.000000e+00
3.964392e-04 1.059535e-04 1.819995e-01 1.775000e+00 5.000000e-01 0.000000e+00
7.900985e-04 1.493156e-04 1.819995e-01 1.825000e+00 5.000000e-01 0.000000e+00
4.953560e-04 1.167578e-04 1.819995e-01 1.875000e+00 5.000000e-01 0.000000e+00
5.433720e-04 1.215030e-04 1.819995e-01 1.925000e+00 5.000000e-01 0.000000e+00
5.329152e-04 1.191654e-04 1.819995e-01 1.975000e+00 5.000000e-01 0.000000e+00
1.579461e-04 6.448226e-05 1.819995e-01 2.025000e+00 5.000000e-01 0.000000e+00
6.183421e-04 1.262209e-04 1.819995e-01 2.075000e+00 5.000000e-01 0.000000e+00
2.019679e-04 7.140817e-05 1.819995e-01 2.125000e+00 5.000000e-01 0.000000e+00
2.459143e-04 7.776543e-05 1.819995e-01 2.175000e+00 5.000000e-01 0.000000e+00
3.886474e-04 9.716331e-05 1.819995e-01 2.225000e+00 5.000000e-01 0.000000e+00
3.336758e-04 8.917962e-05 1.819995e-01 2.275000e+00 5.000000e-01 0.000000e+00
5.568731e-04 1.136742e-04 1.819995e-01 2.325000e+00 5.000000e-01 0.000000e+00
2.724285e-04 7.864518e-05 1.819995e-01 2.375000e+00 5.000000e-01 0.000000e+00
4.376312e-04 9.786061e-05 1.819995e-01 2.425000e+00 5.000000e-01 0.000000e+00
5.866504e-04 1.108693e-04 1.819995e-01 2.475000e+00 5.000000e-01 0.000000e+00
4.783434e-04 9.764542e-05 1.819995e-01 2.525000e+00 5.000000e-01 0.000000e+00
5.583205e-04 1.019382e-04 1.819995e-01 2.575000e+00 5.000000e-01 0.000000e+00
7.248019e-04 1.118469e-04 1.819995e-01 2.625000e+00 5.000000e-01 0.000000e+00
5.275984e-04 9.327210e-05 1.819995e-01 2.675000e+00 5.000000e-01 0.000000e+00
5.177950e-04 9.153819e-05 1.819995e-01 2.725000e+00 5.000000e-01 0.000000e+00
5.742166e-04 9.571243e-05 1.819995e-01 2.775000e+00 5.000000e-01 0.000000e+00
6.714978e-04 1.036279e-04 1.819995e-01 2.825000e+00 5.000000e-01 0.000000e+00
9.068434e-04 1.170898e-04 1.819995e-01 2.875000e+00 5.000000e-01 0.000000e+00
4.552308e-01 3.931430e-03 1.919995e-01 2.500000e-02 5.000000e-01 0.000000e+00
7.628661e-02 1.613292e-03 1.919995e-01 7.500000e-02 5.000000e-01 0.000000e+00
6.838454e-03 4.811531e-04 1.919995e-01 1.250000e-01 5.000000e-01 0.000000e+00
6.428160e-03 4.688231e-04 1.919995e-01 1.750000e-01 5.000000e-01 0.000000e+00
6.174246e-03 4.551726e-04 1.919995e-01 2.250000e-01 5.000000e-01 0.000000e+00
4.304550e-03 3.834808e-04 1.919995e-01 2.750000e-01 5.000000e-01 0.000000e+00
4.721437e-03 4.048610e-04 1.919995e-01 3.250000e-01 5.000000e-01 0.000000e+00
4.118616e-03 3.857448e-04 1.919995e-01 3.750000e-01 5.000000e-01 0.000000e+00
3.458011e-03 3.566677e-04 1.919995e-01 4.250000e-01 5.000000e-01 0.000000e+00
4.628076e-03 4.090691e-04 1.919995e-01 4.750000e-01 5.000000e-01 0.000000e+00
3.779447e-03 3.706064e-04 1.919995e-01 5.250000e-01 5.000000e-01 0.000000e+00
2.940737e-03 3.247512e-04 1.919995e-01 5.750000e-01 5.000000e-01 0.000000e+00
4.115727e-03 3.854745e-04 1.919995e-01 6.250000e-01 5.000000e-01 0.000000e+00
3.540567e-03 3.576527e-04 1.919995e-01 6.750000e-01 5.000000e-01 0.000000e+00
3.355792e-03 3.461248e-04 1.919995e-01 7.250000e-01 5.000000e-01 0.000000e+00
2.759062e-03 3.124034e-04 1.919995e-01 7.750000e-01 5.000000e-01 0.000000e+00
2.831155e-03 3.126500e-04 1.919995e-01 8.250000e-01 5.000000e-01 0.000000e+00
3.048849e-03 3.250102e-04 1.919995e-01 8.750000e-01 5.000000e-01 0.000000e+00
1.928016e-03 2.576432e-04 1.919995e-01 9.250000e-01 5.000000e-01 0.000000e+00
2.259894e-03 2.781750e-04 1.919995e-01 9.750000e-01 5.000000e-01 0.000000e+00
1.972383e-03 2.589877e-04 1.919995e-01 1.025000e+00 5.000000e-01 0.000000e+00
1.534948e-03 2.263169e-04 1.919995e-01 1.075000e+00 5.000000e-01 0.000000e+00
2.191356e-03 2.697390e-04 1.919995e-01 1.125000e+00 5.000000e-01 0.000000e+00
1.700598e-03 2.358316e-04 1.919995e-01 1.175000e+00 5.000000e-01 0.000000e+00
1.433228e-03 2.160688e-04 1.919995e-01 1.225000e+00 5.000000e-01 0.000000e+00
7.110403e-04 1.515951e-04 1.919995e-01 1.275000e+00 5.000000e-01 0.000000e+00
1.211611e-03 1.965507e-04 1.919995e-01 1.325000e+00 5.000000e-01 0.000000e+00
8.193625e-04 1.606910e-04 1.919995e-01 1.375000e+00 5.000000e-01 0.000000e+00
7.476817e-04 1.526212e-04 1.919995e-01 1.425000e+00 5.000000e-01 0.000000e+00
1.047564e-03 1.796572e-04 1.919995e-01 1.475000e+00 5.000000e-01 0.000000e+00
6.108466e-04 1.365909e-04 1.919995e-01 1.525000e+00 5.000000e-01 0.000000e+00
5.438824e-04 1.281959e-04 1.919995e-01 1.575000e+00 5.000000e-01 0.000000e+00
8.862249e-04 1.618030e-04 1.919995e-01 1.625000e+00 5.000000e-01 0.000000e+00
9.383979e-04 1.658882e-04 1.919995e-01 1.675000e+00 5.000000e-01 0.000000e+00
4.650515e-04 1.162637e-04 1.919995e-01 1.725000e+00 5.000000e-01 0.000000e+00
3.976739e-04 1.062838e-04 1.919995e-01 1.775000e+00 5.000000e-01 0.000000e+00
7.327879e-04 1.437122e-04 1.919995e-01 1.825000e+00 5.000000e-01 0.000000e+00
5.552548e-04 1.241613e-04 1.919995e-01 1.875000e+00 5.000000e-01 0.000000e+00
7.086057e-04 1.389713e-04 1.919995e-01 1.925000e+00 5.000000e-01 0.000000e+00
5.370079e-04 1.200802e-04 1.919995e-01 1.975000e+00 5.000000e-01 0.000000e+00
4.747355e-04 1.118971e-04 1.919995e-01 2.025000e+00 5.000000e-01 0.000000e+00
7.230139e-04 1.366394e-04 1.919995e-01 2.075000e+00 5.000000e-01 0.000000e+00
4.054220e-04 1.013570e-04 1.919995e-01 2.125000e+00 5.000000e-01 0.000000e+00
5.944784e-04 1.213495e-04 1.919995e-01 2.175000e+00 5.000000e-01 0.000000e+00
4.397479e-04 1.036519e-04 1.919995e-01 2.225000e+00 5.000000e-01 0.000000e+00
3.794238e-04 9.485824e-05 1.919995e-01 2.275000e+00 5.000000e-01 0.000000e+00
5.583878e-04 1.139831e-04 1.919995e-01 2.325000e+00 5.000000e-01 0.000000e+00
4.984776e-04 1.062781e-04 1.919995e-01 2.375000e+00 5.000000e-01 0.000000e+00
3.987969e-04 9.400069e-05 1.919995e-01 2.425000e+00 5.000000e-01 0.000000e+00
6.413499e-04 1.170992e-04 1.919995e-01 2.475000e+00 5.000000e-01 0.000000e+00
6.535841e-04 1.155429e-04 1.919995e-01 2.525000e+00 5.000000e-01 0.000000e+00
7.314474e-04 1.186618e-04 1.919995e-01 2.575000e+00 5.000000e-01 0.000000e+00
5.716949e-04 1.010669e-04 1.919995e-01 2.625000e+00 5.000000e-01 0.000000e+00
5.318770e-04 9.403112e-05 1.919995e-01 2.675000e+00 5.000000e-01 0.000000e+00
7.352810e-04 1.084179e-04 1.919995e-01 2.725000e+00 5.000000e-01 0.000000e+00
5.917662e-04 9.600712e-05 1.919995e-01 2.775000e+00 5.000000e-01 0.000000e+00
5.570598e-04 9.285642e-05 1.919995e-01 2.825000e+00 5.000000e-01 0.000000e+00
7.641656e-04 1.080840e-04 1.919995e-01 2.875000e+00 5.000000e-01 0.000000e+00
4.642858e-01 3.982397e-03 2.019995e-01 2.500000e-02 5.000000e-01 0.000000e+00
7.850128e-02 1.633321e-03 2.019995e-01 7.500000e-02 5.000000e-01 0.000000e+00
8.707104e-03 5.441954e-04 2.019995e-01 1.250000e-01 5.000000e-01 0.000000e+00
7.148307e-03 4.956473e-04 2.019995e-01 1.750000e-01 5.000000e-01 0.000000e+00
6.620795e-03 4.828724e-04 2.019995e-01 2.250000e-01 5.000000e-01 0.000000e+00
4.702222e-03 4.156228e-04 2.019995e-01 2.750000e-01 5.000000e-01 0.000000e+00
4.753707e-03 4.234949e-04 2.019995e-01 3.250000e-01 5.000000e-01 0.000000e+00
5.812750e-03 4.653940e-04 2.019995e-01 3.750000e-01 5.000000e-01 0.000000e+00
6.212480e-03 4.793047e-04 2.019995e-01 4.250000e-01 5.000000e-01 0.000000e+00
4.250097e-03 3.946128e-04 2.019995e-01 4.750000e-01 5.000000e-01 0.000000e+00
3.399620e-03 3.506450e-04 2.019995e-01 5.250000e-01 5.000000e-01 0.000000e+00
4.275309e-03 3.935756e-04 2.019995e-01 5.750000e-01 5.000000e-01 0.000000e+00
2.457824e-03 2.980560e-04 2.019995e-01 6.250000e-01 5.000000e-01 0.000000e+00
3.188000e-03 3.398432e-04 2.019995e-01 6.750000e-01 5.000000e-01 0.000000e+00
3.516018e-03 3.551729e-04 2.019995e-01 7.250000e-01 5.000000e-01 0.000000e+00
2.242132e-03 2.802673e-04 2.019995e-01 7.750000e-01 5.000000e-01 0.000000e+00
3.533836e-03 3.499036e-04 2.019995e-01 8.250000e-01 5.000000e-01 0.000000e+00
1.923923e-03 2.570960e-04 2.019995e-01 8.750000e-01 5.000000e-01 0.000000e+00
1.934216e-03 2.584713e-04 2.019995e-01 9.250000e-01 5.000000e-01 0.000000e+00
2.326117e-03 2.820844e-04 2.019995e-01 9.750000e-01 5.000000e-01 0.000000e+00
1.444031e-03 2.228198e-04 2.019995e-01 1.025000e+00 5.000000e-01 0.000000e+00
1.822082e-03 2.479555e-04 2.019995e-01 1.075000e+00 5.000000e-01 0.000000e+00
1.453569e-03 2.191350e-04 2.019995e-01 1.125000e+00 5.000000e-01 0.000000e+00
1.310717e-03 2.072437e-04 2.019995e-01 1.175000e+00 5.000000e-01 0.000000e+00
1.515773e-03 2.234898e-04 2.019995e-01 1.225000e+00 5.000000e-01 0.000000e+00
9.788893e-04 1.787209e-04 2.019995e-01 1.275000e+00 5.000000e-01 0.000000e+00
1.221583e-03 1.981681e-04 2.019995e-01 1.325000e+00 5.000000e-01 0.000000e+00
9.509512e-04 1.736200e-04 2.019995e-01 1.375000e+00 5.000000e-01 0.000000e+00
1.192283e-03 1.934148e-04 2.019995e-01 1.425000e+00 5.000000e-01 0.000000e+00
6.187603e-04 1.383602e-04 2.019995e-01 1.475000e+00 5.000000e-01 0.000000e+00
7.338764e-04 1.498033e-04 2.019995e-01 1.525000e+00 5.000000e-01 0.000000e+00
6.658257e-04 1.419562e-04 2.019995e-01 1.575000e+00 5.000000e-01 0.000000e+00
7.093793e-04 1.448020e-04 2.019995e-01 1.625000e+00 5.000000e-01 0.000000e+00
5.896371e-04 1.318476e-04 2.019995e-01 1.675000e+00 5.000000e-01 0.000000e+00
2.341760e-04 8.279388e-05 2.019995e-01 1.725000e+00 5.000000e-01 0.000000e+00
2.847572e-04 9.004845e-05 2.019995e-01 1.775000e+00 5.000000e-01 0.000000e+00
7.909709e-04 1.494804e-04 2.019995e-01 1.825000e+00 5.000000e-01 0.000000e+00
1.118872e-03 1.769116e-04 2.019995e-01 1.875000e+00 5.000000e-01 0.000000e+00
5.458742e-04 1.220632e-04 2.019995e-01 1.925000e+00 5.000000e-01 0.000000e+00
2.700787e-04 8.540797e-05 2.019995e-01 1.975000e+00 5.000000e-01 0.000000e+00
2.637747e-04 8.341397e-05 2.019995e-01 2.025000e+00 5.000000e-01 0.000000e+00
3.124406e-04 9.019505e-05 2.019995e-01 2.075000e+00 5.000000e-01 0.000000e+00
3.555002e-04 9.501346e-05 2.019995e-01 2.125000e+00 5.000000e-01 0.000000e+00
2.997424e-04 8.652892e-05 2.019995e-01 2.175000e+00 5.000000e-01 0.000000e+00
5.846443e-04 1.193421e-04 2.019995e-01 2.225000e+00 5.000000e-01 0.000000e+00
2.882238e-04 8.320438e-05 2.019995e-01 2.275000e+00 5.000000e-01 0.000000e+00
3.741866e-04 9.355028e-05 2.019995e-01 2.325000e+00 5.000000e-01 0.000000e+00
1.828644e-04 6.465270e-05 2.019995e-01 2.375000e+00 5.000000e-01 0.000000e+00
7.097068e-04 1.254629e-04 2.019995e-01 2.425000e+00 5.000000e-01 0.000000e+00
4.331750e-04 9.686334e-05 2.019995e-01 2.475000e+00 5.000000e-01 0.000000e+00
4.552349e-04 9.705869e-05 2.019995e-01 2.525000e+00 5.000000e-01 0.000000e+00
4.731288e-04 9.657979e-05 2.019995e-01 2.575000e+00 5.000000e-01 0.000000e+00
4.061725e-04 8.659933e-05 2.019995e-01 2.625000e+00 5.000000e-01 0.000000e+00
4.447437e-04 8.722568e-05 2.019995e-01 2.675000e+00 5.000000e-01 0.000000e+00
6.770520e-04 1.044787e-04 2.019995e-01 2.725000e+00 5.000000e-01 0.000000e+00
7.050689e-04 1.039659e-04 2.019995e-01 2.775000e+00 5.000000e-01 0.000000e+00
6.611286e-04 9.968281e-05 2.019995e-01 2.825000e+00 5.000000e-01 0.000000e+00
7.514015e-04 1.062746e-04 2.019995e-01 2.875000e+00 5.000000e-01 0.000000e+00
4.551704e-01 3.956964e-03 2.119995e-01 2.500000e-02 5.000000e-01 0.000000e+00
8.502744e-02 1.715717e-03 2.119995e-01 7.500000e-02 5.000000e-01 0.000000e+00
8.394190e-03 5.464168e-04 2.119995e-01 1.250000e-01 5.000000e-01 0.000000e+00
6.348193e-03 4.840462e-04 2.119995e-01 1.750000e-01 5.000000e-01 0.000000e+00
6.079171e-03 4.836340e-04 2.119995e-01 2.250000e-01 5.000000e-01 0.000000e+00
6.209111e-03 4.848514e-04 2.119995e-01 2.750000e-01 5.000000e-01 0.000000e+00
5.427167e-03 4.554393e-04 2.119995e-01 3.250000e-01 5.000000e-01 0.000000e+00
5.237240e-03 4.426291e-04 2.119995e-01 3.750000e-01 5.000000e-01 0.000000e+00
4.429304e-03 4.043396e-04 2.119995e-01 4.250000e-01 5.000000e-01 0.000000e+00
3.873338e-03 3.762130e-04 2.119995e-01 4.750000e-01 5.000000e-01 0.000000e+00
2.466689e-03 2.991310e-04 2.119995e-01 5.250000e-01 5.000000e-01 0.000000e+00
3.426065e-03 3.533728e-04 2.119995e-01 5.750000e-01 5.000000e-01 0.000000e+00
2.771828e-03 3.179513e-04 2.119995e-01 6.250000e-01 5.000000e-01 0.000000e+00
2.342608e-03 2.928270e-04 2.119995e-01 6.750000e-01 5.000000e-01 0.000000e+00
3.235672e-03 3.410710e-04 2.119995e-01 7.250000e-01 5.000000e-01 0.000000e+00
2.482873e-03 2.967612e-04 2.119995e-01 7.750000e-01 5.000000e-01 0.000000e+00
2.026179e-03 2.660511e-04 2.119995e-01 8.250000e-01 5.000000e-01 0.000000e+00
3.399729e-03 3.434257e-04 2.119995e-01 8.750000e-01 5.000000e-01 0.000000e+00
2.357952e-03 2.859449e-04 2.119995e-01 9.250000e-01 5.000000e-01 0.000000e+00
2.135467e-03 2.712061e-04 2.119995e-01 9.750000e-01 5.000000e-01 0.000000e+00
2.053874e-03 2.651551e-04 2.119995e-01 1.025000e+00 5.000000e-01 0.000000e+00
2.095848e-03 2.661745e-04 2.119995e-01 1.075000e+00 5.000000e-01 0.000000e+00
1.787419e-03 2.432382e-04 2.119995e-01 1.125000e+00 5.000000e-01 0.000000e+00
1.512900e-03 2.230665e-04 2.119995e-01 1.175000e+00 5.000000e-01 0.000000e+00
1.250432e-03 2.028481e-04 2.119995e-01 1.225000e+00 5.000000e-01 0.000000e+00
7.196582e-04 1.534325e-04 2.119995e-01 1.275000e+00 5.000000e-01 0.000000e+00
7.788736e-04 1.589884e-04 2.119995e-01 1.325000e+00 5.000000e-01 0.000000e+00
1.012129e-03 1.789217e-04 2.119995e-01 1.375000e+00 5.000000e-01 0.000000e+00
6.307733e-04 1.410461e-04 2.119995e-01 1.425000e+00 5.000000e-01 0.000000e+00
5.006826e-04 1.251712e-04 2.119995e-01 1.475000e+00 5.000000e-01 0.000000e+00
8.013101e-04 1.571513e-04 2.119995e-01 1.525000e+00 5.000000e-01 0.000000e+00
6.061956e-04 1.355504e-04 2.119995e-01 1.575000e+00 5.000000e-01 0.000000e+00
5.981806e-04 1.337586e-04 2.119995e-01 1.625000e+00 5.000000e-01 0.000000e+00
5.295912e-04 1.248272e-04 2.119995e-01 1.675000e+00 5.000000e-01 0.000000e+00
5.262894e-04 1.240488e-04 2.119995e-01 1.725000e+00 5.000000e-01 0.000000e+00
6.348855e-04 1.353583e-04 2.119995e-01 1.775000e+00 5.000000e-01 0.000000e+00
5.073390e-04 1.195819e-04 2.119995e-01 1.825000e+00 5.000000e-01 0.000000e+00
8.430953e-04 1.539292e-04 2.119995e-01 1.875000e+00 5.000000e-01 0.000000e+00
4.387972e-04 1.097003e-04 2.119995e-01 1.925000e+00 5.000000e-01 0.000000e+00
3.782764e-04 1.011000e-04 2.119995e-01 1.975000e+00 5.000000e-01 0.000000e+00
5.333447e-04 1.192609e-04 2.119995e-01 2.025000e+00 5.000000e-01 0.000000e+00
2.096832e-04 7.413506e-05 2.119995e-01 2.075000e+00 5.000000e-01 0.000000e+00
4.605073e-04 1.085438e-04 2.119995e-01 2.125000e+00 5.000000e-01 0.000000e+00
4.042506e-04 1.010646e-04 2.119995e-01 2.175000e+00 5.000000e-01 0.000000e+00
3.940892e-04 9.852361e-05 2.119995e-01 2.225000e+00 5.000000e-01 0.000000e+00
3.857647e-04 9.644222e-05 2.119995e-01 2.275000e+00 5.000000e-01 0.000000e+00
8.017576e-04 1.375023e-04 2.119995e-01 2.325000e+00 5.000000e-01 0.000000e+00
5.975115e-04 1.171853e-04 2.119995e-01 2.375000e+00 5.000000e-01 0.000000e+00
3.559910e-04 8.900002e-05 2.119995e-01 2.425000e+00 5.000000e-01 0.000000e+00
4.322566e-04 9.665682e-05 2.119995e-01 2.475000e+00 5.000000e-01 0.000000e+00
7.168531e-04 1.229442e-04 2.119995e-01 2.525000e+00 5.000000e-01 0.000000e+00
4.853262e-04 9.907197e-05 2.119995e-01 2.575000e+00 5.000000e-01 0.000000e+00
6.129352e-04 1.083577e-04 2.119995e-01 2.625000e+00 5.000000e-01 0.000000e+00
6.419547e-04 1.069970e-04 2.119995e-01 2.675000e+00 5.000000e-01 0.000000e+00
6.907741e-04 1.065978e-04 2.119995e-01 2.725000e+00 5.000000e-01 0.000000e+00
4.914640e-04 8.688575e-05 2.119995e-01 2.775000e+00 5.000000e-01 0.000000e+00
5.897879e-04 9.326180e-05 2.119995e-01 2.825000e+00 5.000000e-01 0.000000e+00
8.091220e-04 1.081337e-04 2.119995e-01 2.875000e+00 5.000000e-01 0.000000e+00
4.526192e-01 4.000322e-03 2.219995e-01 2.500000e-02 5.000000e-01 0.000000e+00
7.947667e-02 1.718041e-03 2.219995e-01 7.500000e-02 5.000000e-01 0.000000e+00
7.664294e-03 5.419486e-04 2.219995e-01 1.250000e-01 5.000000e-01 0.000000e+00
6.254168e-03 4.883696e-04 2.219995e-01 1.750000e-01 5.000000e-01 0.000000e+00
6.294772e-03 4.915403e-04 2.219995e-01 2.250000e-01 5.000000e-01 0.000000e+00
5.022008e-03 4.404604e-04 2.219995e-01 2.750000e-01 5.000000e-01 0.000000e+00
4.499595e-03 4.142227e-04 2.219995e-01 3.250000e-01 5.000000e-01 0.000000e+00
4.440085e-03 4.087441e-04 2.219995e-01 3.750000e-01 5.000000e-01 0.000000e+00
4.254528e-03 3.984741e-04 2.219995e-01 4.250000e-01 5.000000e-01 0.000000e+00
5.231766e-03 4.390415e-04 2.219995e-01 4.750000e-01 5.000000e-01 0.000000e+00
3.290743e-03 3.468757e-04 2.219995e-01 5.250000e-01 5.000000e-01 0.000000e+00
2.937989e-03 3.284782e-04 2.219995e-01 5.750000e-01 5.000000e-01 0.000000e+00
2.989578e-03 3.301450e-04 2.219995e-01 6.250000e-01 5.000000e-01 0.000000e+00
3.487704e-03 3.559635e-04 2.219995e-01 6.750000e-01 5.000000e-01 0.000000e+00
2.886333e-03 3.227032e-04 2.219995e-01 7.250000e-01 5.000000e-01 0.000000e+00
2.978153e-03 3.249441e-04 2.219995e-01 7.750000e-01 5.000000e-01 0.000000e+00
2.667578e-03 3.059933e-04 2.219995e-01 8.250000e-01 5.000000e-01 0.000000e+00
2.365179e-03 2.868213e-04 2.219995e-01 8.750000e-01 5.000000e-01 0.000000e+00
2.018177e-03 2.650008e-04 2.219995e-01 9.250000e-01 5.000000e-01 0.000000e+00
1.389451e-03 2.196924e-04 2.219995e-01 9.750000e-01 5.000000e-01 0.000000e+00
1.875009e-03 2.551580e-04 2.219995e-01 1.025000e+00 5.000000e-01 0.000000e+00
1.429565e-03 2.205877e-04 2.219995e-01 1.075000e+00 5.000000e-01 0.000000e+00
1.730145e-03 2.399289e-04 2.219995e-01 1.125000e+00 5.000000e-01 0.000000e+00
1.516956e-03 2.236641e-04 2.219995e-01 1.175000e+00 5.000000e-01 0.000000e+00
1.055444e-03 1.865793e-04 2.219995e-01 1.225000e+00 5.000000e-01 0.000000e+00
1.249388e-03 2.026790e-04 2.219995e-01 1.275000e+00 5.000000e-01 0.000000e+00
1.100476e-03 1.887309e-04 2.219995e-01 1.325000e+00 5.000000e-01 0.000000e+00
1.016619e-03 1.797155e-04 2.219995e-01 1.375000e+00 5.000000e-01 0.000000e+00
9.427190e-04 1.721171e-04 2.219995e-01 1.425000e+00 5.000000e-01 0.000000e+00
6.951133e-04 1.481995e-04 2.219995e-01 1.475000e+00 5.000000e-01 0.000000e+00
8.094767e-04 1.587519e-04 2.219995e-01 1.525000e+00 5.000000e-01 0.000000e+00
4.266508e-04 1.140278e-04 2.219995e-01 1.575000e+00 5.000000e-01 0.000000e+00
8.390277e-04 1.585621e-04 2.219995e-01 1.625000e+00 5.000000e-01 0.000000e+00
3.566088e-04 1.029447e-04 2.219995e-01 1.675000e+00 5.000000e-01 0.000000e+00
5.259762e-04 1.239744e-04 2.219995e-01 1.725000e+00 5.000000e-01 0.000000e+00
6.936777e-04 1.415981e-04 2.219995e-01 1.775000e+00 5.000000e-01 0.000000e+00
5.126122e-04 1.208246e-04 2.219995e-01 1.825000e+00 5.000000e-01 0.000000e+00
5.618714e-04 1.256396e-04 2.219995e-01 1.875000e+00 5.000000e-01 0.000000e+00
3.871081e-04 1.034600e-04 2.219995e-01 1.925000e+00 5.000000e-01 0.000000e+00
5.431021e-04 1.214431e-04 2.219995e-01 1.975000e+00 5.000000e-01 0.000000e+00
3.218248e-04 9.290442e-05 2.219995e-01 2.025000e+00 5.000000e-01 0.000000e+00
3.669554e-04 9.807454e-05 2.219995e-01 2.075000e+00 5.000000e-01 0.000000e+00
3.106091e-04 8.966641e-05 2.219995e-01 2.125000e+00 5.000000e-01 0.000000e+00
3.530135e-04 9.434853e-05 2.219995e-01 2.175000e+00 5.000000e-01 0.000000e+00
2.460737e-04 7.781652e-05 2.219995e-01 2.225000e+00 5.000000e-01 0.000000e+00
7.241233e-04 1.322087e-04 2.219995e-01 2.275000e+00 5.000000e-01 0.000000e+00
6.138252e-04 1.203834e-04 2.219995e-01 2.325000e+00 5.000000e-01 0.000000e+00
4.627455e-04 1.034766e-04 2.219995e-01 2.375000e+00 5.000000e-01 0.000000e+00
5.381469e-04 1.098526e-04 2.219995e-01 2.425000e+00 5.000000e-01 0.000000e+00
4.363588e-04 9.757557e-05 2.219995e-01 2.475000e+00 5.000000e-01 0.000000e+00
4.237311e-04 9.475363e-05 2.219995e-01 2.525000e+00 5.000000e-01 0.000000e+00
6.968150e-04 1.195091e-04 2.219995e-01 2.575000e+00 5.000000e-01 0.000000e+00
6.654713e-04 1.141331e-04 2.219995e-01 2.625000e+00 5.000000e-01 0.000000e+00
3.662246e-04 8.189425e-05 2.219995e-01 2.675000e+00 5.000000e-01 0.000000e+00
6.152775e-04 1.025548e-04 2.219995e-01 2.725000e+00 5.000000e-01 0.000000e+00
6.624441e-04 1.022256e-04 2.219995e-01 2.775000e+00 5.000000e-01 0.000000e+00
8.519498e-04 1.118743e-04 2.219995e-01 2.825000e+00 5.000000e-01 0.000000e+00
7.626629e-04 1.037953e-04 2.219995e-01 2.875000e+00 5.000000e-01 0.000000e+00
4.682960e-01 4.264653e-03 2.319995e-01 2.500000e-02 5.000000e-01 0.000000e+00
8.420505e-02 1.801824e-03 2.319995e-01 7.500000e-02 5.000000e-01 0.000000e+00
6.791411e-03 5.119233e-04 2.319995e-01 1.250000e-01 5.000000e-01 0.000000e+00
5.997526e-03 4.832959e-04 2.319995e-01 1.750000e-01 5.000000e-01 0.000000e+00
5.215244e-03 4.505297e-04 2.319995e-01 2.250000e-01 5.000000e-01 0.000000e+00
4.107335e-03 3.989409e-04 2.319995e-01 2.750000e-01 5.000000e-01 0.000000e+00
5.192924e-03 4.452909e-04 2.319995e-01 3.250000e-01 5.000000e-01 0.000000e+00
4.708423e-03 4.228302e-04 2.319995e-01 3.750000e-01 5.000000e-01 0.000000e+00
4.369019e-03 4.022019e-04 2.319995e-01 4.250000e-01 5.000000e-01 0.000000e+00
4.485697e-03 4.061172e-04 2.319995e-01 4.750000e-01 5.000000e-01 0.000000e+00
4.361777e-03 4.015353e-04 2.319995e-01 5.250000e-01 5.000000e-01 0.000000e+00
4.190930e-03 3.925178e-04 2.319995e-01 5.750000e-01 5.000000e-01 0.000000e+00
4.117018e-03 3.890228e-04 2.319995e-01 6.250000e-01 5.000000e-01 0.000000e+00
3.526057e-03 3.598780e-04 2.319995e-01 6.750000e-01 5.000000e-01 0.000000e+00
2.969097e-03 3.278830e-04 2.319995e-01 7.250000e-01 5.000000e-01 0.000000e+00
2.212217e-03 2.809525e-04 2.319995e-01 7.750000e-01 5.000000e-01 0.000000e+00
2.111635e-03 2.726121e-04 2.319995e-01 8.250000e-01 5.000000e-01 0.000000e+00
2.721519e-03 3.081524e-04 2.319995e-01 8.750000e-01 5.000000e-01 0.000000e+00
2.367710e-03 2.871285e-04 2.319995e-01 9.250000e-01 5.000000e-01 0.000000e+00
2.081662e-03 2.687423e-04 2.319995e-01 9.750000e-01 5.000000e-01 0.000000e+00
1.395363e-03 2.206275e-04 2.319995e-01 1.025000e+00 5.000000e-01 0.000000e+00
1.647518e-03 2.377999e-04 2.319995e-01 1.075000e+00 5.000000e-01 0.000000e+00
2.016486e-03 2.603284e-04 2.319995e-01 1.125000e+00 5.000000e-01 0.000000e+00
1.649461e-03 2.332698e-04 2.319995e-01 1.175000e+00 5.000000e-01 0.000000e+00
1.719784e-03 2.384924e-04 2.319995e-01 1.225000e+00 5.000000e-01 0.000000e+00
1.649642e-03 2.332957e-04 2.319995e-01 1.275000e+00 5.000000e-01 0.000000e+00
9.124111e-04 1.724308e-04 2.319995e-01 1.325000e+00 5.000000e-01 0.000000e+00
7.675825e-04 1.566829e-04 2.319995e-01 1.375000e+00 5.000000e-01 0.000000e+00
8.221869e-04 1.612455e-04 2.319995e-01 1.425000e+00 5.000000e-01 0.000000e+00
6.935323e-04 1.478627e-04 2.319995e-01 1.475000e+00 5.000000e-01 0.000000e+00
9.393893e-04 1.715097e-04 2.319995e-01 1.525000e+00 5.000000e-01 0.000000e+00
4.875218e-04 1.218811e-04 2.319995e-01 1.575000e+00 5.000000e-01 0.000000e+00
3.013795e-04 9.530617e-05 2.319995e-01 1.625000e+00 5.000000e-01 0.000000e+00
5.983930e-04 1.338058e-04 2.319995e-01 1.675000e+00 5.000000e-01 0.000000e+00
7.059982e-04 1.441125e-04 2.319995e-01 1.725000e+00 5.000000e-01 0.000000e+00
5.797978e-04 1.296482e-04 2.319995e-01 1.775000e+00 5.000000e-01 0.000000e+00
7.470271e-04 1.465054e-04 2.319995e-01 1.825000e+00 5.000000e-01 0.000000e+00
2.256224e-04 7.976997e-05 2.319995e-01 1.875000e+00 5.000000e-01 0.000000e+00
2.227005e-04 7.873719e-05 2.319995e-01 1.925000e+00 5.000000e-01 0.000000e+00
3.797643e-04 1.014975e-04 2.319995e-01 1.975000e+00 5.000000e-01 0.000000e+00
5.899041e-04 1.257696e-04 2.319995e-01 2.025000e+00 5.000000e-01 0.000000e+00
3.671623e-04 9.812947e-05 2.319995e-01 2.075000e+00 5.000000e-01 0.000000e+00
3.622582e-04 9.681969e-05 2.319995e-01 2.125000e+00 5.000000e-01 0.000000e+00
4.551592e-04 1.072853e-04 2.319995e-01 2.175000e+00 5.000000e-01 0.000000e+00
4.948630e-04 1.106561e-04 2.319995e-01 2.225000e+00 5.000000e-01 0.000000e+00
4.838585e-04 1.081956e-04 2.319995e-01 2.275000e+00 5.000000e-01 0.000000e+00
3.303799e-04 8.830051e-05 2.319995e-01 2.325000e+00 5.000000e-01 0.000000e+00
7.410307e-04 1.310008e-04 2.319995e-01 2.375000e+00 5.000000e-01 0.000000e+00
4.955575e-04 1.056557e-04 2.319995e-01 2.425000e+00 5.000000e-01 0.000000e+00
3.920031e-04 9.239906e-05 2.319995e-01 2.475000e+00 5.000000e-01 0.000000e+00
5.102807e-04 1.041658e-04 2.319995e-01 2.525000e+00 5.000000e-01 0.000000e+00
4.129320e-04 9.234121e-05 2.319995e-01 2.575000e+00 5.000000e-01 0.000000e+00
7.953919e-04 1.257691e-04 2.319995e-01 2.625000e+00 5.000000e-01 0.000000e+00
3.771562e-04 8.434088e-05 2.319995e-01 2.675000e+00 5.000000e-01 0.000000e+00
7.074119e-04 1.118604e-04 2.319995e-01 2.725000e+00 5.000000e-01 0.000000e+00
6.547071e-04 1.035285e-04 2.319995e-01 2.775000e+00 5.000000e-01 0.000000e+00
6.268837e-04 9.674190e-05 2.319995e-01 2.825000e+00 5.000000e-01 0.000000e+00
8.744001e-04 1.110657e-04 2.319995e-01 2.875000e+00 5.000000e-01 0.000000e+00
4.745171e-01 4.295733e-03 2.419994e-01 2.500000e-02 5.000000e-01 0.000000e+00
8.909575e-02 1.852149e-03 2.419994e-01 7.500000e-02 5.000000e-01 0.000000e+00
7.444116e-03 5.400541e-04 2.419994e-01 1.250000e-01 5.000000e-01 0.000000e+00
5.934452e-03 4.813488e-04 2.419994e-01 1.750000e-01 5.000000e-01 0.000000e+00
6.450048e-03 5.006220e-04 2.419994e-01 2.250000e-01 5.000000e-01 0.000000e+00
5.614289e-03 4.678585e-04 2.419994e-01 2.750000e-01 5.000000e-01 0.000000e+00
4.880339e-03 4.347762e-04 2.419994e-01 3.250000e-01 5.000000e-01 0.000000e+00
4.627622e-03 4.189664e-04 2.419994e-01 3.750000e-01 5.000000e-01 0.000000e+00
4.370880e-03 4.023733e-04 2.419994e-01 4.250000e-01 5.000000e-01 0.000000e+00
4.226800e-03 3.958772e-04 2.419994e-01 4.750000e-01 5.000000e-01 0.000000e+00
3.766254e-03 3.729160e-04 2.419994e-01 5.250000e-01 5.000000e-01 0.000000e+00
4.411713e-03 4.027336e-04 2.419994e-01 5.750000e-01 5.000000e-01 0.000000e+00
3.765842e-03 3.728752e-04 2.419994e-01 6.250000e-01 5.000000e-01 0.000000e+00
3.009146e-03 3.323058e-04 2.419994e-01 6.750000e-01 5.000000e-01 0.000000e+00
3.449014e-03 3.557401e-04 2.419994e-01 7.250000e-01 5.000000e-01 0.000000e+00
2.529784e-03 3.023680e-04 2.419994e-01 7.750000e-01 5.000000e-01 0.000000e+00
2.458835e-03 2.938881e-04 2.419994e-01 8.250000e-01 5.000000e-01 0.000000e+00
2.516976e-03 2.966297e-04 2.419994e-01 8.750000e-01 5.000000e-01 0.000000e+00
2.299783e-03 2.830848e-04 2.419994e-01 9.250000e-01 5.000000e-01 0.000000e+00
1.884645e-03 2.564689e-04 2.419994e-01 9.750000e-01 5.000000e-01 0.000000e+00
1.747042e-03 2.470702e-04 2.419994e-01 1.025000e+00 5.000000e-01 0.000000e+00
2.135161e-03 2.711670e-04 2.419994e-01 1.075000e+00 5.000000e-01 0.000000e+00
1.900768e-03 2.540021e-04 2.419994e-01 1.125000e+00 5.000000e-01 0.000000e+00
9.968807e-04 1.820054e-04 2.419994e-01 1.175000e+00 5.000000e-01 0.000000e+00
1.123438e-03 1.926694e-04 2.419994e-01 1.225000e+00 5.000000e-01 0.000000e+00
1.384815e-03 2.136827e-04 2.419994e-01 1.275000e+00 5.000000e-01 0.000000e+00
9.220702e-04 1.742560e-04 2.419994e-01 1.325000e+00 5.000000e-01 0.000000e+00
1.156841e-03 1.928084e-04 2.419994e-01 1.375000e+00 5.000000e-01 0.000000e+00
6.995251e-04 1.491404e-04 2.419994e-01 1.425000e+00 5.000000e-01 0.000000e+00
5.688132e-04 1.340714e-04 2.419994e-01 1.475000e+00 5.000000e-01 0.000000e+00
6.300657e-04 1.408878e-04 2.419994e-01 1.525000e+00 5.000000e-01 0.000000e+00
7.358368e-04 1.502029e-04 2.419994e-01 1.575000e+00 5.000000e-01 0.000000e+00
5.456628e-04 1.286141e-04 2.419994e-01 1.625000e+00 5.000000e-01 0.000000e+00
5.432973e-04 1.280573e-04 2.419994e-01 1.675000e+00 5.000000e-01 0.000000e+00
4.144703e-04 1.107728e-04 2.419994e-01 1.725000e+00 5.000000e-01 0.000000e+00
6.976110e-04 1.424010e-04 2.419994e-01 1.775000e+00 5.000000e-01 0.000000e+00
3.455646e-04 9.975651e-05 2.419994e-01 1.825000e+00 5.000000e-01 0.000000e+00
4.519430e-04 1.129865e-04 2.419994e-01 1.875000e+00 5.000000e-01 0.000000e+00
3.328393e-04 9.608348e-05 2.419994e-01 1.925000e+00 5.000000e-01 0.000000e+00
7.140275e-04 1.400342e-04 2.419994e-01 1.975000e+00 5.000000e-01 0.000000e+00
4.309744e-04 1.077458e-04 2.419994e-01 2.025000e+00 5.000000e-01 0.000000e+00
4.252937e-04 1.063253e-04 2.419994e-01 2.075000e+00 5.000000e-01 0.000000e+00
5.177514e-04 1.157743e-04 2.419994e-01 2.125000e+00 5.000000e-01 0.000000e+00
4.083261e-04 1.020829e-04 2.419994e-01 2.175000e+00 5.000000e-01 0.000000e+00
3.003987e-04 8.672041e-05 2.419994e-01 2.225000e+00 5.000000e-01 0.000000e+00
5.864574e-04 1.197125e-04 2.419994e-01 2.275000e+00 5.000000e-01 0.000000e+00
4.320493e-04 1.018391e-04 2.419994e-01 2.325000e+00 5.000000e-01 0.000000e+00
4.197390e-04 9.893636e-05 2.419994e-01 2.375000e+00 5.000000e-01 0.000000e+00
3.173674e-04 8.482089e-05 2.419994e-01 2.425000e+00 5.000000e-01 0.000000e+00
5.290755e-04 1.080017e-04 2.419994e-01 2.475000e+00 5.000000e-01 0.000000e+00
6.427046e-04 1.173452e-04 2.419994e-01 2.525000e+00 5.000000e-01 0.000000e+00
3.711782e-04 8.749144e-05 2.419994e-01 2.575000e+00 5.000000e-01 0.000000e+00
5.596355e-04 1.057661e-04 2.419994e-01 2.625000e+00 5.000000e-01 0.000000e+00
7.273630e-04 1.180028e-04 2.419994e-01 2.675000e+00 5.000000e-01 0.000000e+00
7.975407e-04 1.202399e-04 2.419994e-01 2.725000e+00 5.000000e-01 0.000000e+00
9.079550e-04 1.235701e-04 2.419994e-01 2.775000e+00 5.000000e-01 0.000000e+00
9.251535e-04 1.194465e-04 2.419994e-01 2.825000e+00 5.000000e-01 0.000000e+00
8.422776e-04 1.087471e-04 2.419994e-01 2.875000e+00 5.000000e-01 0.000000e+00
4.887665e-01 4.380439e-03 2.519994e-01 2.500000e-02 5.000000e-01 0.000000e+00
8.653565e-02 1.844949e-03 2.519994e-01 7.500000e-02 5.000000e-01 0.000000e+00
7.577509e-03 5.440349e-04 2.519994e-01 1.250000e-01 5.000000e-01 0.000000e+00
7.144173e-03 5.266768e-04 2.519994e-01 1.750000e-01 5.000000e-01 0.000000e+00
5.005330e-03 4.424140e-04 2.519994e-01 2.250000e-01 5.000000e-01 0.000000e+00
5.331064e-03 4.571364e-04 2.519994e-01 2.750000e-01 5.000000e-01 0.000000e+00
4.472598e-03 4.152715e-04 2.519994e-01 3.250000e-01 5.000000e-01 0.000000e+00
4.041406e-03 3.925369e-04 2.519994e-01 3.750000e-01 5.000000e-01 0.000000e+00
4.372990e-03 4.060232e-04 2.519994e-01 4.250000e-01 5.000000e-01 0.000000e+00
4.699314e-03 4.186494e-04 2.519994e-01 4.750000e-01 5.000000e-01 0.000000e+00
4.634555e-03 4.128803e-04 2.519994e-01 5.250000e-01 5.000000e-01 0.000000e+00
3.414795e-03 3.560180e-04 2.519994e-01 5.750000e-01 5.000000e-01 0.000000e+00
3.421080e-03 3.566735e-04 2.519994e-01 6.250000e-01 5.000000e-01 0.000000e+00
3.685679e-03 3.685691e-04 2.519994e-01 6.750000e-01 5.000000e-01 0.000000e+00
3.825573e-03 3.751296e-04 2.519994e-01 7.250000e-01 5.000000e-01 0.000000e+00
2.317622e-03 2.897038e-04 2.519994e-01 7.750000e-01 5.000000e-01 0.000000e+00
2.494414e-03 2.981404e-04 2.519994e-01 8.250000e-01 5.000000e-01 0.000000e+00
3.167856e-03 3.339230e-04 2.519994e-01 8.750000e-01 5.000000e-01 0.000000e+00
3.011951e-03 3.247882e-04 2.519994e-01 9.250000e-01 5.000000e-01 0.000000e+00
2.377095e-03 2.882667e-04 2.519994e-01 9.750000e-01 5.000000e-01 0.000000e+00
1.612606e-03 2.377668e-04 2.519994e-01 1.025000e+00 5.000000e-01 0.000000e+00
1.383010e-03 2.186741e-04 2.519994e-01 1.075000e+00 5.000000e-01 0.000000e+00
1.508506e-03 2.274169e-04 2.519994e-01 1.125000e+00 5.000000e-01 0.000000e+00
1.602339e-03 2.312792e-04 2.519994e-01 1.175000e+00 5.000000e-01 0.000000e+00
1.799732e-03 2.449138e-04 2.519994e-01 1.225000e+00 5.000000e-01 0.000000e+00
6.612697e-04 1.478657e-04 2.519994e-01 1.275000e+00 5.000000e-01 0.000000e+00
1.252034e-03 2.031083e-04 2.519994e-01 1.325000e+00 5.000000e-01 0.000000e+00
1.233447e-03 2.000930e-04 2.519994e-01 1.375000e+00 5.000000e-01 0.000000e+00
9.587824e-04 1.750499e-04 2.519994e-01 1.425000e+00 5.000000e-01 0.000000e+00
3.786111e-04 1.092957e-04 2.519994e-01 1.475000e+00 5.000000e-01 0.000000e+00
8.160395e-04 1.600398e-04 2.519994e-01 1.525000e+00 5.000000e-01 0.000000e+00
9.258623e-04 1.690390e-04 2.519994e-01 1.575000e+00 5.000000e-01 0.000000e+00
7.303632e-04 1.490866e-04 2.519994e-01 1.625000e+00 5.000000e-01 0.000000e+00
4.215606e-04 1.126672e-04 2.519994e-01 1.675000e+00 5.000000e-01 0.000000e+00
7.190199e-04 1.467703e-04 2.519994e-01 1.725000e+00 5.000000e-01 0.000000e+00
4.675822e-04 1.168966e-04 2.519994e-01 1.775000e+00 5.000000e-01 0.000000e+00
2.892641e-04 9.147423e-05 2.519994e-01 1.825000e+00 5.000000e-01 0.000000e+00
4.565391e-04 1.141356e-04 2.519994e-01 1.875000e+00 5.000000e-01 0.000000e+00
3.363479e-04 9.709710e-05 2.519994e-01 1.925000e+00 5.000000e-01 0.000000e+00
3.892563e-04 1.040341e-04 2.519994e-01 1.975000e+00 5.000000e-01 0.000000e+00
3.222182e-04 9.301767e-05 2.519994e-01 2.025000e+00 5.000000e-01 0.000000e+00
3.198819e-04 9.234324e-05 2.519994e-01 2.075000e+00 5.000000e-01 0.000000e+00
4.695734e-04 1.106819e-04 2.519994e-01 2.125000e+00 5.000000e-01 0.000000e+00
3.076205e-04 8.880389e-05 2.519994e-01 2.175000e+00 5.000000e-01 0.000000e+00
2.005440e-04 7.090503e-05 2.519994e-01 2.225000e+00 5.000000e-01 0.000000e+00
4.894667e-04 1.094522e-04 2.519994e-01 2.275000e+00 5.000000e-01 0.000000e+00
1.911668e-04 6.758822e-05 2.519994e-01 2.325000e+00 5.000000e-01 0.000000e+00
5.604787e-04 1.144095e-04 2.519994e-01 2.375000e+00 5.000000e-01 0.000000e+00
3.658718e-04 9.146902e-05 2.519994e-01 2.425000e+00 5.000000e-01 0.000000e+00
6.596455e-04 1.204387e-04 2.519994e-01 2.475000e+00 5.000000e-01 0.000000e+00
5.141461e-04 1.049543e-04 2.519994e-01 2.525000e+00 5.000000e-01 0.000000e+00
5.838054e-04 1.103328e-04 2.519994e-01 2.575000e+00 5.000000e-01 0.000000e+00
6.024754e-04 1.100035e-04 2.519994e-01 2.625000e+00 5.000000e-01 0.000000e+00
5.422309e-04 1.024801e-04 2.519994e-01 2.675000e+00 5.000000e-01 0.000000e+00
5.157595e-04 9.747778e-05 2.519994e-01 2.725000e+00 5.000000e-01 0.000000e+00
7.608693e-04 1.147139e-04 2.519994e-01 2.775000e+00 5.000000e-01 0.000000e+00
6.704465e-04 1.034629e-04 2.519994e-01 2.825000e+00 5.000000e-01 0.000000e+00
8.655513e-04 1.117558e-04 2.519994e-01 2.875000e+00 5.000000e-01 0.000000e+00
4.818695e-01 4.348417e-03 2.619994e-01 2.500000e-02 5.000000e-01 0.000000e+00
9.064818e-02 1.888506e-03 2.619994e-01 7.500000e-02 5.000000e-01 0.000000e+00
7.781661e-03 5.530197e-04 2.619994e-01 1.250000e-01 5.000000e-01 0.000000e+00
5.126958e-03 4.496650e-04 2.619994e-01 1.750000e-01 5.000000e-01 0.000000e+00
6.189727e-03 4.924294e-04 2.619994e-01 2.250000e-01 5.000000e-01 0.000000e+00
5.659563e-03 4.683900e-04 2.619994e-01 2.750000e-01 5.000000e-01 0.000000e+00
4.496186e-03 4.174616e-04 2.619994e-01 3.250000e-01 5.000000e-01 0.000000e+00
4.291897e-03 4.055474e-04 2.619994e-01 3.750000e-01 5.000000e-01 0.000000e+00
3.763390e-03 3.763402e-04 2.619994e-01 4.250000e-01 5.000000e-01 0.000000e+00
4.642571e-03 4.169163e-04 2.619994e-01 4.750000e-01 5.000000e-01 0.000000e+00
4.189279e-03 3.958507e-04 2.619994e-01 5.250000e-01 5.000000e-01 0.000000e+00
3.797791e-03 3.760383e-04 2.619994e-01 5.750000e-01 5.000000e-01 0.000000e+00
2.957047e-03 3.306089e-04 2.619994e-01 6.250000e-01 5.000000e-01 0.000000e+00
3.247658e-03 3.462028e-04 2.619994e-01 6.750000e-01 5.000000e-01 0.000000e+00
2.813434e-03 3.227242e-04 2.619994e-01 7.250000e-01 5.000000e-01 0.000000e+00
1.821979e-03 2.576673e-04 2.619994e-01 7.750000e-01 5.000000e-01 0.000000e+00
3.800365e-03 3.691259e-04 2.619994e-01 8.250000e-01 5.000000e-01 0.000000e+00
2.829546e-03 3.163541e-04 2.619994e-01 8.750000e-01 5.000000e-01 0.000000e+00
2.533183e-03 2.985399e-04 2.619994e-01 9.250000e-01 5.000000e-01 0.000000e+00
2.535619e-03 2.988269e-04 2.619994e-01 9.750000e-01 5.000000e-01 0.000000e+00
2.110004e-03 2.724017e-04 2.619994e-01 1.025000e+00 5.000000e-01 0.000000e+00
2.142767e-03 2.721330e-04 2.619994e-01 1.075000e+00 5.000000e-01 0.000000e+00
1.781995e-03 2.471190e-04 2.619994e-01 1.125000e+00 5.000000e-01 0.000000e+00
1.078332e-03 1.906251e-04 2.619994e-01 1.175000e+00 5.000000e-01 0.000000e+00
9.344846e-04 1.766018e-04 2.619994e-01 1.225000e+00 5.000000e-01 0.000000e+00
1.197771e-03 1.996297e-04 2.619994e-01 1.275000e+00 5.000000e-01 0.000000e+00
9.239402e-04 1.746092e-04 2.619994e-01 1.325000e+00 5.000000e-01 0.000000e+00
9.797631e-04 1.788804e-04 2.619994e-01 1.375000e+00 5.000000e-01 0.000000e+00
8.307910e-04 1.629327e-04 2.619994e-01 1.425000e+00 5.000000e-01 0.000000e+00
6.341532e-04 1.418022e-04 2.619994e-01 1.475000e+00 5.000000e-01 0.000000e+00
6.930425e-04 1.477580e-04 2.619994e-01 1.525000e+00 5.000000e-01 0.000000e+00
8.119577e-04 1.592393e-04 2.619994e-01 1.575000e+00 5.000000e-01 0.000000e+00
6.162448e-04 1.377976e-04 2.619994e-01 1.625000e+00 5.000000e-01 0.000000e+00
8.458982e-04 1.598611e-04 2.619994e-01 1.675000e+00 5.000000e-01 0.000000e+00
4.789091e-04 1.197283e-04 2.619994e-01 1.725000e+00 5.000000e-01 0.000000e+00
7.077118e-04 1.444627e-04 2.619994e-01 1.775000e+00 5.000000e-01 0.000000e+00
4.641506e-04 1.160383e-04 2.619994e-01 1.825000e+00 5.000000e-01 0.000000e+00
4.016398e-04 1.073435e-04 2.619994e-01 1.875000e+00 5.000000e-01 0.000000e+00
5.054003e-04 1.191259e-04 2.619994e-01 1.925000e+00 5.000000e-01 0.000000e+00
2.761199e-04 8.731815e-05 2.619994e-01 1.975000e+00 5.000000e-01 0.000000e+00
1.635860e-04 6.678461e-05 2.619994e-01 2.025000e+00 5.000000e-01 0.000000e+00
3.199005e-04 9.234768e-05 2.619994e-01 2.075000e+00 5.000000e-01 0.000000e+00
2.633080e-04 8.326594e-05 2.619994e-01 2.125000e+00 5.000000e-01 0.000000e+00
5.148192e-04 1.151195e-04 2.619994e-01 2.175000e+00 5.000000e-01 0.000000e+00
3.507709e-04 9.374806e-05 2.619994e-01 2.225000e+00 5.000000e-01 0.000000e+00
6.426404e-04 1.260351e-04 2.619994e-01 2.275000e+00 5.000000e-01 0.000000e+00
4.342867e-04 1.023642e-04 2.619994e-01 2.325000e+00 5.000000e-01 0.000000e+00
2.336672e-04 7.389304e-05 2.619994e-01 2.375000e+00 5.000000e-01 0.000000e+00
3.645468e-04 9.113922e-05 2.619994e-01 2.425000e+00 5.000000e-01 0.000000e+00
4.443654e-04 9.936652e-05 2.619994e-01 2.475000e+00 5.000000e-01 0.000000e+00
6.925362e-04 1.224296e-04 2.619994e-01 2.525000e+00 5.000000e-01 0.000000e+00
2.935594e-04 7.845861e-05 2.619994e-01 2.575000e+00 5.000000e-01 0.000000e+00
6.892140e-04 1.182052e-04 2.619994e-01 2.625000e+00 5.000000e-01 0.000000e+00
3.887267e-04 8.692678e-05 2.619994e-01 2.675000e+00 5.000000e-01 0.000000e+00
6.354746e-04 1.089911e-04 2.619994e-01 2.725000e+00 5.000000e-01 0.000000e+00
6.715791e-04 1.089556e-04 2.619994e-01 2.775000e+00 5.000000e-01 0.000000e+00
7.203135e-04 1.086010e-04 2.619994e-01 2.825000e+00 5.000000e-01 0.000000e+00
1.076148e-03 1.268395e-04 2.619994e-01 2.875000e+00 5.000000e-01 0.000000e+00
4.784997e-01 4.352165e-03 2.719994e-01 2.500000e-02 5.000000e-01 0.000000e+00
8.670484e-02 1.846041e-03 2.719994e-01 7.500000e-02 5.000000e-01 0.000000e+00
8.792195e-03 5.900950e-04 2.719994e-01 1.250000e-01 5.000000e-01 0.000000e+00
6.385931e-03 5.048534e-04 2.719994e-01 1.750000e-01 5.000000e-01 0.000000e+00
6.423551e-03 5.015965e-04 2.719994e-01 2.250000e-01 5.000000e-01 0.000000e+00
4.919626e-03 4.382763e-04 2.719994e-01 2.750000e-01 5.000000e-01 0.000000e+00
4.533041e-03 4.208835e-04 2.719994e-01 3.250000e-01 5.000000e-01 0.000000e+00
4.166709e-03 4.009427e-04 2.719994e-01 3.750000e-01 5.000000e-01 0.000000e+00
4.018958e-03 3.903571e-04 2.719994e-01 4.250000e-01 5.000000e-01 0.000000e+00
4.290332e-03 4.018276e-04 2.719994e-01 4.750000e-01 5.000000e-01 0.000000e+00
3.683374e-03 3.720781e-04 2.719994e-01 5.250000e-01 5.000000e-01 0.000000e+00
3.432630e-03 3.578779e-04 2.719994e-01 5.750000e-01 5.000000e-01 0.000000e+00
3.488418e-03 3.598041e-04 2.719994e-01 6.250000e-01 5.000000e-01 0.000000e+00
3.714000e-03 3.714014e-04 2.719994e-01 6.750000e-01 5.000000e-01 0.000000e+00
3.051215e-03 3.369515e-04 2.719994e-01 7.250000e-01 5.000000e-01 0.000000e+00
2.707391e-03 3.147288e-04 2.719994e-01 7.750000e-01 5.000000e-01 0.000000e+00
2.441410e-03 2.960655e-04 2.719994e-01 8.250000e-01 5.000000e-01 0.000000e+00
2.648516e-03 3.078850e-04 2.719994e-01 8.750000e-01 5.000000e-01 0.000000e+00
2.761696e-03 3.127019e-04 2.719994e-01 9.250000e-01 5.000000e-01 0.000000e+00
1.970059e-03 2.632612e-04 2.719994e-01 9.750000e-01 5.000000e-01 0.000000e+00
1.619631e-03 2.388027e-04 2.719994e-01 1.025000e+00 5.000000e-01 0.000000e+00
1.669114e-03 2.409167e-04 2.719994e-01 1.075000e+00 5.000000e-01 0.000000e+00
1.227851e-03 2.046431e-04 2.719994e-01 1.125000e+00 5.000000e-01 0.000000e+00
1.833899e-03 2.495635e-04 2.719994e-01 1.175000e+00 5.000000e-01 0.000000e+00
1.348103e-03 2.131550e-04 2.719994e-01 1.225000e+00 5.000000e-01 0.000000e+00
1.273486e-03 2.065883e-04 2.719994e-01 1.275000e+00 5.000000e-01 0.000000e+00
7.222063e-04 1.539758e-04 2.719994e-01 1.325000e+00 5.000000e-01 0.000000e+00
9.131508e-04 1.725705e-04 2.719994e-01 1.375000e+00 5.000000e-01 0.000000e+00
1.225984e-03 1.988824e-04 2.719994e-01 1.425000e+00 5.000000e-01 0.000000e+00
5.786340e-04 1.363859e-04 2.719994e-01 1.475000e+00 5.000000e-01 0.000000e+00
1.131277e-03 1.885474e-04 2.719994e-01 1.525000e+00 5.000000e-01 0.000000e+00
8.112376e-04 1.590982e-04 2.719994e-01 1.575000e+00 5.000000e-01 0.000000e+00
6.774064e-04 1.444246e-04 2.719994e-01 1.625000e+00 5.000000e-01 0.000000e+00
4.263895e-04 1.139581e-04 2.719994e-01 1.675000e+00 5.000000e-01 0.000000e+00
6.596824e-04 1.406460e-04 2.719994e-01 1.725000e+00 5.000000e-01 0.000000e+00
3.561116e-04 1.028023e-04 2.719994e-01 1.775000e+00 5.000000e-01 0.000000e+00
4.653418e-04 1.163372e-04 2.719994e-01 1.825000e+00 5.000000e-01 0.000000e+00
6.900094e-04 1.408492e-04 2.719994e-01 1.875000e+00 5.000000e-01 0.000000e+00
4.523978e-04 1.131004e-04 2.719994e-01 1.925000e+00 5.000000e-01 0.000000e+00
2.776207e-04 8.779156e-05 2.719994e-01 1.975000e+00 5.000000e-01 0.000000e+00
6.049138e-04 1.289697e-04 2.719994e-01 2.025000e+00 5.000000e-01 0.000000e+00
3.211351e-04 9.270482e-05 2.719994e-01 2.075000e+00 5.000000e-01 0.000000e+00
5.272101e-04 1.178887e-04 2.719994e-01 2.125000e+00 5.000000e-01 0.000000e+00
5.153967e-04 1.152491e-04 2.719994e-01 2.175000e+00 5.000000e-01 0.000000e+00
4.562252e-04 1.075345e-04 2.719994e-01 2.225000e+00 5.000000e-01 0.000000e+00
4.942580e-04 1.105208e-04 2.719994e-01 2.275000e+00 5.000000e-01 0.000000e+00
4.374817e-04 1.031176e-04 2.719994e-01 2.325000e+00 5.000000e-01 0.000000e+00
5.194443e-04 1.107492e-04 2.719994e-01 2.375000e+00 5.000000e-01 0.000000e+00
4.580268e-04 1.024213e-04 2.719994e-01 2.425000e+00 5.000000e-01 0.000000e+00
3.140913e-04 8.394668e-05 2.719994e-01 2.475000e+00 5.000000e-01 0.000000e+00
3.043120e-04 8.133418e-05 2.719994e-01 2.525000e+00 5.000000e-01 0.000000e+00
7.170383e-04 1.229767e-04 2.719994e-01 2.575000e+00 5.000000e-01 0.000000e+00
8.534234e-04 1.316918e-04 2.719994e-01 2.625000e+00 5.000000e-01 0.000000e+00
7.861417e-04 1.243071e-04 2.719994e-01 2.675000e+00 5.000000e-01 0.000000e+00
6.800069e-04 1.133428e-04 2.719994e-01 2.725000e+00 5.000000e-01 0.000000e+00
9.683961e-04 1.317960e-04 2.719994e-01 2.775000e+00 5.000000e-01 0.000000e+00
7.400112e-04 1.115724e-04 2.719994e-01 2.825000e+00 5.000000e-01 0.000000e+00
9.526246e-04 1.209969e-04 2.719994e-01 2.875000e+00 5.000000e-01 0.000000e+00
4.870030e-01 4.385466e-03 2.819994e-01 2.500000e-02 5.000000e-01 0.000000e+00
8.169437e-02 1.798200e-03 2.819994e-01 7.500000e-02 5.000000e-01 0.000000e+00
9.567527e-03 6.175828e-04 2.819994e-01 1.250000e-01 5.000000e-01 0.000000e+00
6.068011e-03 4.889754e-04 2.819994e-01 1.750000e-01 5.000000e-01 0.000000e+00
5.216001e-03 4.539960e-04 2.819994e-01 2.250000e-01 5.000000e-01 0.000000e+00
3.719877e-03 3.836773e-04 2.819994e-01 2.750000e-01 5.000000e-01 0.000000e+00
5.011342e-03 4.429456e-04 2.819994e-01 3.250000e-01 5.000000e-01 0.000000e+00
4.117437e-03 3.999219e-04 2.819994e-01 3.750000e-01 5.000000e-01 0.000000e+00
4.644961e-03 4.205361e-04 2.819994e-01 4.250000e-01 5.000000e-01 0.000000e+00
5.412926e-03 4.510787e-04 2.819994e-01 4.750000e-01 5.000000e-01 0.000000e+00
3.406367e-03 3.590637e-04 2.819994e-01 5.250000e-01 5.000000e-01 0.000000e+00
3.758487e-03 3.758499e-04 2.819994e-01 5.750000e-01 5.000000e-01 0.000000e+00
3.432791e-03 3.578945e-04 2.819994e-01 6.250000e-01 5.000000e-01 0.000000e+00
3.356301e-03 3.537864e-04 2.819994e-01 6.750000e-01 5.000000e-01 0.000000e+00
2.759844e-03 3.208264e-04 2.819994e-01 7.250000e-01 5.000000e-01 0.000000e+00
2.873970e-03 3.254141e-04 2.819994e-01 7.750000e-01 5.000000e-01 0.000000e+00
3.222724e-03 3.397063e-04 2.819994e-01 8.250000e-01 5.000000e-01 0.000000e+00
3.155044e-03 3.363301e-04 2.819994e-01 8.750000e-01 5.000000e-01 0.000000e+00
1.935331e-03 2.633662e-04 2.819994e-01 9.250000e-01 5.000000e-01 0.000000e+00
1.637351e-03 2.414152e-04 2.819994e-01 9.750000e-01 5.000000e-01 0.000000e+00
1.830290e-03 2.538170e-04 2.819994e-01 1.025000e+00 5.000000e-01 0.000000e+00
1.601127e-03 2.360742e-04 2.819994e-01 1.075000e+00 5.000000e-01 0.000000e+00
1.437741e-03 2.218489e-04 2.819994e-01 1.125000e+00 5.000000e-01 0.000000e+00
1.502332e-03 2.264859e-04 2.819994e-01 1.175000e+00 5.000000e-01 0.000000e+00
1.295544e-03 2.101663e-04 2.819994e-01 1.225000e+00 5.000000e-01 0.000000e+00
1.469592e-03 2.215508e-04 2.819994e-01 1.275000e+00 5.000000e-01 0.000000e+00
1.527837e-03 2.252685e-04 2.819994e-01 1.325000e+00 5.000000e-01 0.000000e+00
8.470168e-04 1.661146e-04 2.819994e-01 1.375000e+00 5.000000e-01 0.000000e+00
7.818294e-04 1.595913e-04 2.819994e-01 1.425000e+00 5.000000e-01 0.000000e+00
6.417641e-04 1.435041e-04 2.819994e-01 1.475000e+00 5.000000e-01 0.000000e+00
7.608797e-04 1.553153e-04 2.819994e-01 1.525000e+00 5.000000e-01 0.000000e+00
5.626701e-04 1.326239e-04 2.819994e-01 1.575000e+00 5.000000e-01 0.000000e+00
8.057019e-04 1.580133e-04 2.819994e-01 1.625000e+00 5.000000e-01 0.000000e+00
4.899110e-04 1.224791e-04 2.819994e-01 1.675000e+00 5.000000e-01 0.000000e+00
6.600440e-04 1.407230e-04 2.819994e-01 1.725000e+00 5.000000e-01 0.000000e+00
4.163568e-04 1.112768e-04 2.819994e-01 1.775000e+00 5.000000e-01 0.000000e+00
2.946298e-04 9.317114e-05 2.819994e-01 1.825000e+00 5.000000e-01 0.000000e+00
9.761694e-04 1.674141e-04 2.819994e-01 1.875000e+00 5.000000e-01 0.000000e+00
3.978645e-04 1.063348e-04 2.819994e-01 1.925000e+00 5.000000e-01 0.000000e+00
2.234707e-04 7.900928e-05 2.819994e-01 1.975000e+00 5.000000e-01 0.000000e+00
3.307013e-04 9.546663e-05 2.819994e-01 2.025000e+00 5.000000e-01 0.000000e+00
5.413646e-04 1.210546e-04 2.819994e-01 2.075000e+00 5.000000e-01 0.000000e+00
2.111891e-04 7.466790e-05 2.819994e-01 2.125000e+00 5.000000e-01 0.000000e+00
6.749476e-04 1.323698e-04 2.819994e-01 2.175000e+00 5.000000e-01 0.000000e+00
7.615003e-04 1.390335e-04 2.819994e-01 2.225000e+00 5.000000e-01 0.000000e+00
4.987384e-04 1.115230e-04 2.819994e-01 2.275000e+00 5.000000e-01 0.000000e+00
6.296512e-04 1.234876e-04 2.819994e-01 2.325000e+00 5.000000e-01 0.000000e+00
2.368823e-04 7.491028e-05 2.819994e-01 2.375000e+00 5.000000e-01 0.000000e+00
3.239920e-04 8.659194e-05 2.819994e-01 2.425000e+00 5.000000e-01 0.000000e+00
5.407264e-04 1.103802e-04 2.819994e-01 2.475000e+00 5.000000e-01 0.000000e+00
5.205273e-04 1.062570e-04 2.819994e-01 2.525000e+00 5.000000e-01 0.000000e+00
5.497046e-04 1.078110e-04 2.819994e-01 2.575000e+00 5.000000e-01 0.000000e+00
5.724830e-04 1.081928e-04 2.819994e-01 2.625000e+00 5.000000e-01 0.000000e+00
4.765047e-04 9.727143e-05 2.819994e-01 2.675000e+00 5.000000e-01 0.000000e+00
8.334791e-04 1.256602e-04 2.819994e-01 2.725000e+00 5.000000e-01 0.000000e+00
7.636625e-04 1.178484e-04 2.819994e-01 2.775000e+00 5.000000e-01 0.000000e+00
8.924668e-04 1.237759e-04 2.819994e-01 2.825000e+00 5.000000e-01 0.000000e+00
1.131331e-03 1.333431e-04 2.819994e-01 2.875000e+00 5.000000e-01 0.000000e+00
4.767172e-01 4.353636e-03 2.919994e-01 2.500000e-02 5.000000e-01 0.000000e+00
8.706964e-02 1.865686e-03 2.919994e-01 7.500000e-02 5.000000e-01 0.000000e+00
7.467254e-03 5.446070e-04 2.919994e-01 1.250000e-01 5.000000e-01 0.000000e+00
7.047519e-03 5.282352e-04 2.919994e-01 1.750000e-01 5.000000e-01 0.000000e+00
5.268848e-03 4.585957e-04 2.919994e-01 2.250000e-01 5.000000e-01 0.000000e+00
5.867752e-03 4.823277e-04 2.919994e-01 2.750000e-01 5.000000e-01 0.000000e+00
4.106633e-03 4.026893e-04 2.919994e-01 3.250000e-01 5.000000e-01 0.000000e+00
4.231388e-03 4.071669e-04 2.919994e-01 3.750000e-01 5.000000e-01 0.000000e+00
3.943638e-03 3.867064e-04 2.919994e-01 4.250000e-01 5.000000e-01 0.000000e+00
4.479438e-03 4.123671e-04 2.919994e-01 4.750000e-01 5.000000e-01 0.000000e+00
3.431386e-03 3.617010e-04 2.919994e-01 5.250000e-01 5.000000e-01 0.000000e+00
3.383912e-03 3.566967e-04 2.919994e-01 5.750000e-01 5.000000e-01 0.000000e+00
3.769037e-03 3.769050e-04 2.919994e-01 6.250000e-01 5.000000e-01 0.000000e+00
2.630655e-03 3.144245e-04 2.919994e-01 6.750000e-01 5.000000e-01 0.000000e+00
3.058827e-03 3.377924e-04 2.919994e-01 7.250000e-01 5.000000e-01 0.000000e+00
2.436553e-03 2.999201e-04 2.919994e-01 7.750000e-01 5.000000e-01 0.000000e+00
2.601823e-03 3.066289e-04 2.919994e-01 8.250000e-01 5.000000e-01 0.000000e+00
2.515660e-03 3.006799e-04 2.919994e-01 8.750000e-01 5.000000e-01 0.000000e+00
3.015884e-03 3.290617e-04 2.919994e-01 9.250000e-01 5.000000e-01 0.000000e+00
1.874508e-03 2.599483e-04 2.919994e-01 9.750000e-01 5.000000e-01 0.000000e+00
1.481592e-03 2.286154e-04 2.919994e-01 1.025000e+00 5.000000e-01 0.000000e+00
1.610587e-03 2.374694e-04 2.919994e-01 1.075000e+00 5.000000e-01 0.000000e+00
1.794044e-03 2.487904e-04 2.919994e-01 1.125000e+00 5.000000e-01 0.000000e+00
1.562841e-03 2.304294e-04 2.919994e-01 1.175000e+00 5.000000e-01 0.000000e+00
1.219606e-03 2.032688e-04 2.919994e-01 1.225000e+00 5.000000e-01 0.000000e+00
1.016913e-03 1.856636e-04 2.919994e-01 1.275000e+00 5.000000e-01 0.000000e+00
1.405649e-03 2.168980e-04 2.919994e-01 1.325000e+00 5.000000e-01 0.000000e+00
5.266344e-04 1.316593e-04 2.919994e-01 1.375000e+00 5.000000e-01 0.000000e+00
9.723937e-04 1.775353e-04 2.919994e-01 1.425000e+00 5.000000e-01 0.000000e+00
6.455464e-04 1.443495e-04 2.919994e-01 1.475000e+00 5.000000e-01 0.000000e+00
7.062578e-04 1.505754e-04 2.919994e-01 1.525000e+00 5.000000e-01 0.000000e+00
3.146693e-04 9.950783e-05 2.919994e-01 1.575000e+00 5.000000e-01 0.000000e+00
6.198318e-04 1.386004e-04 2.919994e-01 1.625000e+00 5.000000e-01 0.000000e+00
2.452978e-04 8.672664e-05 2.919994e-01 1.675000e+00 5.000000e-01 0.000000e+00
6.050074e-04 1.352851e-04 2.919994e-01 1.725000e+00 5.000000e-01 0.000000e+00
4.782001e-04 1.195503e-04 2.919994e-01 1.775000e+00 5.000000e-01 0.000000e+00
2.951988e-04 9.335129e-05 2.919994e-01 1.825000e+00 5.000000e-01 0.000000e+00
3.501321e-04 1.010749e-04 2.919994e-01 1.875000e+00 5.000000e-01 0.000000e+00
6.844610e-04 1.397175e-04 2.919994e-01 1.925000e+00 5.000000e-01 0.000000e+00
5.078110e-04 1.196936e-04 2.919994e-01 1.975000e+00 5.000000e-01 0.000000e+00
3.298775e-04 9.522885e-05 2.919994e-01 2.025000e+00 5.000000e-01 0.000000e+00
5.955460e-04 1.269727e-04 2.919994e-01 2.075000e+00 5.000000e-01 0.000000e+00
3.182498e-04 9.187263e-05 2.919994e-01 2.125000e+00 5.000000e-01 0.000000e+00
3.668477e-04 9.804677e-05 2.919994e-01 2.175000e+00 5.000000e-01 0.000000e+00
2.538501e-04 8.027602e-05 2.919994e-01 2.225000e+00 5.000000e-01 0.000000e+00
3.024186e-04 8.730215e-05 2.919994e-01 2.275000e+00 5.000000e-01 0.000000e+00
3.419975e-04 9.140352e-05 2.919994e-01 2.325000e+00 5.000000e-01 0.000000e+00
5.253613e-04 1.120095e-04 2.919994e-01 2.375000e+00 5.000000e-01 0.000000e+00
4.642793e-04 1.038216e-04 2.919994e-01 2.425000e+00 5.000000e-01 0.000000e+00
5.863139e-04 1.149903e-04 2.919994e-01 2.475000e+00 5.000000e-01 0.000000e+00
2.635785e-04 7.609145e-05 2.919994e-01 2.525000e+00 5.000000e-01 0.000000e+00
7.239550e-04 1.241611e-04 2.919994e-01 2.575000e+00 5.000000e-01 0.000000e+00
6.559416e-04 1.159612e-04 2.919994e-01 2.625000e+00 5.000000e-01 0.000000e+00
6.319062e-04 1.117105e-04 2.919994e-01 2.675000e+00 5.000000e-01 0.000000e+00
7.596966e-04 1.201251e-04 2.919994e-01 2.725000e+00 5.000000e-01 0.000000e+00
6.189845e-04 1.061632e-04 2.919994e-01 2.775000e+00 5.000000e-01 0.000000e+00
8.667121e-04 1.225855e-04 2.919994e-01 2.825000e+00 5.000000e-01 0.000000e+00
7.145622e-04 1.077390e-04 2.919994e-01 2.875000e+00 5.000000e-01 0.000000e+00
4.650995e-01 4.322824e-03 3.019994e-01 2.500000e-02 5.000000e-01 0.000000e+00
9.011357e-02 1.902302e-03 3.019994e-01 7.500000e-02 5.000000e-01 0.000000e+00
7.830232e-03 5.593036e-04 3.019994e-01 1.250000e-01 5.000000e-01 0.000000e+00
7.450748e-03 5.463167e-04 3.019994e-01 1.750000e-01 5.000000e-01 0.000000e+00
4.381718e-03 4.177814e-04 3.019994e-01 2.250000e-01 5.000000e-01 0.000000e+00
5.078437e-03 4.488762e-04 3.019994e-01 2.750000e-01 5.000000e-01 0.000000e+00
5.176997e-03 4.540541e-04 3.019994e-01 3.250000e-01 5.000000e-01 0.000000e+00
3.679910e-03 3.795549e-04 3.019994e-01 3.750000e-01 5.000000e-01 0.000000e+00
4.331472e-03 4.092868e-04 3.019994e-01 4.250000e-01 5.000000e-01 0.000000e+00
4.973856e-03 4.362374e-04 3.019994e-01 4.750000e-01 5.000000e-01 0.000000e+00
4.764126e-03 4.244233e-04 3.019994e-01 5.250000e-01 5.000000e-01 0.000000e+00
2.571841e-03 3.118825e-04 3.019994e-01 5.750000e-01 5.000000e-01 0.000000e+00
3.888074e-03 3.849780e-04 3.019994e-01 6.250000e-01 5.000000e-01 0.000000e+00
4.151054e-03 3.957889e-04 3.019994e-01 6.750000e-01 5.000000e-01 0.000000e+00
2.833787e-03 3.250588e-04 3.019994e-01 7.250000e-01 5.000000e-01 0.000000e+00
2.505015e-03 3.037790e-04 3.019994e-01 7.750000e-01 5.000000e-01 0.000000e+00
2.617464e-03 3.084723e-04 3.019994e-01 8.250000e-01 5.000000e-01 0.000000e+00
2.751582e-03 3.156292e-04 3.019994e-01 8.750000e-01 5.000000e-01 0.000000e+00
2.593982e-03 3.057050e-04 3.019994e-01 9.250000e-01 5.000000e-01 0.000000e+00
2.724634e-03 3.125383e-04 3.019994e-01 9.750000e-01 5.000000e-01 0.000000e+00
2.574930e-03 3.034597e-04 3.019994e-01 1.025000e+00 5.000000e-01 0.000000e+00
1.977814e-03 2.642977e-04 3.019994e-01 1.075000e+00 5.000000e-01 0.000000e+00
1.651990e-03 2.384452e-04 3.019994e-01 1.125000e+00 5.000000e-01 0.000000e+00
1.169211e-03 2.005190e-04 3.019994e-01 1.175000e+00 5.000000e-01 0.000000e+00
1.567577e-03 2.311283e-04 3.019994e-01 1.225000e+00 5.000000e-01 0.000000e+00
1.160517e-03 1.990283e-04 3.019994e-01 1.275000e+00 5.000000e-01 0.000000e+00
8.738577e-04 1.713782e-04 3.019994e-01 1.325000e+00 5.000000e-01 0.000000e+00
1.324243e-03 2.093822e-04 3.019994e-01 1.375000e+00 5.000000e-01 0.000000e+00
6.525610e-04 1.459183e-04 3.019994e-01 1.425000e+00 5.000000e-01 0.000000e+00
9.077857e-04 1.715567e-04 3.019994e-01 1.475000e+00 5.000000e-01 0.000000e+00
6.412656e-04 1.433926e-04 3.019994e-01 1.525000e+00 5.000000e-01 0.000000e+00
8.256494e-04 1.619243e-04 3.019994e-01 1.575000e+00 5.000000e-01 0.000000e+00
8.123218e-04 1.593111e-04 3.019994e-01 1.625000e+00 5.000000e-01 0.000000e+00
6.141538e-04 1.373305e-04 3.019994e-01 1.675000e+00 5.000000e-01 0.000000e+00
4.279053e-04 1.143635e-04 3.019994e-01 1.725000e+00 5.000000e-01 0.000000e+00
4.767432e-04 1.191867e-04 3.019994e-01 1.775000e+00 5.000000e-01 0.000000e+00
4.741590e-04 1.185417e-04 3.019994e-01 1.825000e+00 5.000000e-01 0.000000e+00
8.158386e-04 1.541803e-04 3.019994e-01 1.875000e+00 5.000000e-01 0.000000e+00
6.302590e-04 1.343731e-04 3.019994e-01 1.925000e+00 5.000000e-01 0.000000e+00
5.077167e-04 1.196721e-04 3.019994e-01 1.975000e+00 5.000000e-01 0.000000e+00
5.566047e-04 1.244632e-04 3.019994e-01 2.025000e+00 5.000000e-01 0.000000e+00
5.984187e-04 1.275851e-04 3.019994e-01 2.075000e+00 5.000000e-01 0.000000e+00
4.285330e-04 1.071356e-04 3.019994e-01 2.125000e+00 5.000000e-01 0.000000e+00
6.256122e-04 1.277050e-04 3.019994e-01 2.175000e+00 5.000000e-01 0.000000e+00
7.203125e-04 1.361281e-04 3.019994e-01 2.225000e+00 5.000000e-01 0.000000e+00
7.023443e-04 1.327327e-04 3.019994e-01 2.275000e+00 5.000000e-01 0.000000e+00
4.897010e-04 1.095022e-04 3.019994e-01 2.325000e+00 5.000000e-01 0.000000e+00
4.336805e-04 1.022225e-04 3.019994e-01 2.375000e+00 5.000000e-01 0.000000e+00
4.655212e-04 1.040975e-04 3.019994e-01 2.425000e+00 5.000000e-01 0.000000e+00
4.521553e-04 1.011073e-04 3.019994e-01 2.475000e+00 5.000000e-01 0.000000e+00
7.950291e-04 1.325098e-04 3.019994e-01 2.525000e+00 5.000000e-01 0.000000e+00
3.857644e-04 9.092973e-05 3.019994e-01 2.575000e+00 5.000000e-01 0.000000e+00
4.925650e-04 1.005491e-04 3.019994e-01 2.625000e+00 5.000000e-01 0.000000e+00
5.134077e-04 1.006904e-04 3.019994e-01 2.675000e+00 5.000000e-01 0.000000e+00
3.055091e-04 7.638494e-05 3.019994e-01 2.725000e+00 5.000000e-01 0.000000e+00
5.825270e-04 1.029850e-04 3.019994e-01 2.775000e+00 5.000000e-01 0.000000e+00
1.007978e-03 1.323693e-04 3.019994e-01 2.825000e+00 5.000000e-01 0.000000e+00
1.020846e-03 1.296656e-04 3.019994e-01 2.875000e+00 5.000000e-01 0.000000e+00
4.744037e-01 4.389251e-03 3.119994e-01 2.500000e-02 5.000000e-01 0.000000e+00
9.250906e-02 1.923106e-03 3.119994e-01 7.500000e-02 5.000000e-01 0.000000e+00
8.408219e-03 5.830067e-04 3.119994e-01 1.250000e-01 5.000000e-01 0.000000e+00
6.510780e-03 5.115362e-04 3.119994e-01 1.750000e-01 5.000000e-01 0.000000e+00
5.439338e-03 4.664204e-04 3.119994e-01 2.250000e-01 5.000000e-01 0.000000e+00
4.394115e-03 4.189633e-04 3.119994e-01 2.750000e-01 5.000000e-01 0.000000e+00
3.975794e-03 3.975806e-04 3.119994e-01 3.250000e-01 5.000000e-01 0.000000e+00
4.571272e-03 4.244329e-04 3.119994e-01 3.750000e-01 5.000000e-01 0.000000e+00
4.670888e-03 4.263928e-04 3.119994e-01 4.250000e-01 5.000000e-01 0.000000e+00
4.316630e-03 4.078845e-04 3.119994e-01 4.750000e-01 5.000000e-01 0.000000e+00
3.135900e-03 3.463033e-04 3.119994e-01 5.250000e-01 5.000000e-01 0.000000e+00
3.741304e-03 3.779302e-04 3.119994e-01 5.750000e-01 5.000000e-01 0.000000e+00
3.358239e-03 3.579907e-04 3.119994e-01 6.250000e-01 5.000000e-01 0.000000e+00
3.327963e-03 3.547632e-04 3.119994e-01 6.750000e-01 5.000000e-01 0.000000e+00
2.935779e-03 3.324128e-04 3.119994e-01 7.250000e-01 5.000000e-01 0.000000e+00
2.359874e-03 2.949854e-04 3.119994e-01 7.750000e-01 5.000000e-01 0.000000e+00
2.637364e-03 3.108175e-04 3.119994e-01 8.250000e-01 5.000000e-01 0.000000e+00
2.176714e-03 2.810135e-04 3.119994e-01 8.750000e-01 5.000000e-01 0.000000e+00
2.022698e-03 2.702957e-04 3.119994e-01 9.250000e-01 5.000000e-01 0.000000e+00
3.163778e-03 3.372616e-04 3.119994e-01 9.750000e-01 5.000000e-01 0.000000e+00
2.149151e-03 2.774552e-04 3.119994e-01 1.025000e+00 5.000000e-01 0.000000e+00
2.202670e-03 2.797407e-04 3.119994e-01 1.075000e+00 5.000000e-01 0.000000e+00
1.886998e-03 2.567891e-04 3.119994e-01 1.125000e+00 5.000000e-01 0.000000e+00
1.103934e-03 1.951509e-04 3.119994e-01 1.175000e+00 5.000000e-01 0.000000e+00
1.504927e-03 2.268779e-04 3.119994e-01 1.225000e+00 5.000000e-01 0.000000e+00
4.099040e-04 1.183294e-04 3.119994e-01 1.275000e+00 5.000000e-01 0.000000e+00
7.429347e-04 1.583954e-04 3.119994e-01 1.325000e+00 5.000000e-01 0.000000e+00
9.987573e-04 1.823482e-04 3.119994e-01 1.375000e+00 5.000000e-01 0.000000e+00
1.640226e-03 2.319650e-04 3.119994e-01 1.425000e+00 5.000000e-01 0.000000e+00
5.192227e-04 1.298067e-04 3.119994e-01 1.475000e+00 5.000000e-01 0.000000e+00
7.716535e-04 1.575149e-04 3.119994e-01 1.525000e+00 5.000000e-01 0.000000e+00
5.095468e-04 1.273883e-04 3.119994e-01 1.575000e+00 5.000000e-01 0.000000e+00
4.398313e-04 1.175515e-04 3.119994e-01 1.625000e+00 5.000000e-01 0.000000e+00
6.217183e-04 1.390220e-04 3.119994e-01 1.675000e+00 5.000000e-01 0.000000e+00
1.163048e-03 1.886732e-04 3.119994e-01 1.725000e+00 5.000000e-01 0.000000e+00
7.912571e-04 1.551800e-04 3.119994e-01 1.775000e+00 5.000000e-01 0.000000e+00
3.554020e-04 1.025962e-04 3.119994e-01 1.825000e+00 5.000000e-01 0.000000e+00
5.295519e-04 1.248181e-04 3.119994e-01 1.875000e+00 5.000000e-01 0.000000e+00
3.461114e-04 9.991401e-05 3.119994e-01 1.925000e+00 5.000000e-01 0.000000e+00
5.657015e-04 1.264965e-04 3.119994e-01 1.975000e+00 5.000000e-01 0.000000e+00
6.690234e-04 1.365656e-04 3.119994e-01 2.025000e+00 5.000000e-01 0.000000e+00
3.819387e-04 1.020781e-04 3.119994e-01 2.075000e+00 5.000000e-01 0.000000e+00
2.691074e-04 8.509982e-05 3.119994e-01 2.125000e+00 5.000000e-01 0.000000e+00
6.291333e-04 1.284243e-04 3.119994e-01 2.175000e+00 5.000000e-01 0.000000e+00
7.733627e-04 1.411992e-04 3.119994e-01 2.225000e+00 5.000000e-01 0.000000e+00
4.528688e-04 1.067437e-04 3.119994e-01 2.275000e+00 5.000000e-01 0.000000e+00
4.938909e-04 1.104407e-04 3.119994e-01 2.325000e+00 5.000000e-01 0.000000e+00
7.197032e-04 1.314027e-04 3.119994e-01 2.375000e+00 5.000000e-01 0.000000e+00
3.286654e-04 8.784205e-05 3.119994e-01 2.425000e+00 5.000000e-01 0.000000e+00
3.196630e-04 8.543584e-05 3.119994e-01 2.475000e+00 5.000000e-01 0.000000e+00
3.086931e-04 8.250424e-05 3.119994e-01 2.525000e+00 5.000000e-01 0.000000e+00
1.704668e-04 6.027006e-05 3.119994e-01 2.575000e+00 5.000000e-01 0.000000e+00
4.148234e-04 9.276285e-05 3.119994e-01 2.625000e+00 5.000000e-01 0.000000e+00
6.808709e-04 1.167772e-04 3.119994e-01 2.675000e+00 5.000000e-01 0.000000e+00
7.323949e-04 1.188203e-04 3.119994e-01 2.725000e+00 5.000000e-01 0.000000e+00
7.374841e-04 1.166173e-04 3.119994e-01 2.775000e+00 5.000000e-01 0.000000e+00
7.354598e-04 1.134981e-04 3.119994e-01 2.825000e+00 5.000000e-01 0.000000e+00
1.296491e-03 1.468231e-04 3.119994e-01 2.875000e+00 5.000000e-01 0.000000e+00
4.770789e-01 4.394484e-03 3.219994e-01 2.500000e-02 5.000000e-01 0.000000e+00
8.985739e-02 1.901986e-03 3.219994e-01 7.500000e-02 5.000000e-01 0.000000e+00
7.260493e-03 5.441984e-04 3.219994e-01 1.250000e-01 5.000000e-01 0.000000e+00
5.737100e-03 4.814481e-04 3.219994e-01 1.750000e-01 5.000000e-01 0.000000e+00
5.267750e-03 4.620135e-04 3.219994e-01 2.250000e-01 5.000000e-01 0.000000e+00
6.075705e-03 4.928060e-04 3.219994e-01 2.750000e-01 5.000000e-01 0.000000e+00
4.394346e-03 4.189855e-04 3.219994e-01 3.250000e-01 5.000000e-01 0.000000e+00
4.064856e-03 4.024820e-04 3.219994e-01 3.750000e-01 5.000000e-01 0.000000e+00
4.548567e-03 4.187309e-04 3.219994e-01 4.250000e-01 5.000000e-01 0.000000e+00
4.016150e-03 3.938170e-04 3.219994e-01 4.750000e-01 5.000000e-01 0.000000e+00
3.635452e-03 3.749694e-04 3.219994e-01 5.250000e-01 5.000000e-01 0.000000e+00
3.756546e-03 3.794698e-04 3.219994e-01 5.750000e-01 5.000000e-01 0.000000e+00
3.234617e-03 3.529267e-04 3.219994e-01 6.250000e-01 5.000000e-01 0.000000e+00
3.493194e-03 3.641919e-04 3.219994e-01 6.750000e-01 5.000000e-01 0.000000e+00
4.083992e-03 3.929839e-04 3.219994e-01 7.250000e-01 5.000000e-01 0.000000e+00
2.544617e-03 3.085814e-04 3.219994e-01 7.750000e-01 5.000000e-01 0.000000e+00
2.940552e-03 3.287649e-04 3.219994e-01 8.250000e-01 5.000000e-01 0.000000e+00
2.685499e-03 3.121840e-04 3.219994e-01 8.750000e-01 5.000000e-01 0.000000e+00
1.744003e-03 2.517264e-04 3.219994e-01 9.250000e-01 5.000000e-01 0.000000e+00
2.253586e-03 2.862074e-04 3.219994e-01 9.750000e-01 5.000000e-01 0.000000e+00
2.947593e-03 3.255087e-04 3.219994e-01 1.025000e+00 5.000000e-01 0.000000e+00
1.778039e-03 2.514535e-04 3.219994e-01 1.075000e+00 5.000000e-01 0.000000e+00
1.341531e-03 2.176264e-04 3.219994e-01 1.125000e+00 5.000000e-01 0.000000e+00
1.182516e-03 2.028010e-04 3.219994e-01 1.175000e+00 5.000000e-01 0.000000e+00
6.911653e-04 1.545506e-04 3.219994e-01 1.225000e+00 5.000000e-01 0.000000e+00
1.021070e-03 1.864220e-04 3.219994e-01 1.275000e+00 5.000000e-01 0.000000e+00
7.446400e-04 1.587588e-04 3.219994e-01 1.325000e+00 5.000000e-01 0.000000e+00
1.202015e-03 2.003372e-04 3.219994e-01 1.375000e+00 5.000000e-01 0.000000e+00
1.327191e-03 2.098488e-04 3.219994e-01 1.425000e+00 5.000000e-01 0.000000e+00
6.528105e-04 1.459734e-04 3.219994e-01 1.475000e+00 5.000000e-01 0.000000e+00
6.464453e-04 1.445504e-04 3.219994e-01 1.525000e+00 5.000000e-01 0.000000e+00
8.887073e-04 1.679512e-04 3.219994e-01 1.575000e+00 5.000000e-01 0.000000e+00
3.165549e-04 1.001043e-04 3.219994e-01 1.625000e+00 5.000000e-01 0.000000e+00
3.733079e-04 1.077648e-04 3.219994e-01 1.675000e+00 5.000000e-01 0.000000e+00
7.993605e-04 1.567695e-04 3.219994e-01 1.725000e+00 5.000000e-01 0.000000e+00
4.225761e-04 1.129393e-04 3.219994e-01 1.775000e+00 5.000000e-01 0.000000e+00
5.390059e-04 1.270466e-04 3.219994e-01 1.825000e+00 5.000000e-01 0.000000e+00
4.666191e-04 1.166551e-04 3.219994e-01 1.875000e+00 5.000000e-01 0.000000e+00
5.802355e-04 1.297457e-04 3.219994e-01 1.925000e+00 5.000000e-01 0.000000e+00
5.121126e-04 1.207084e-04 3.219994e-01 1.975000e+00 5.000000e-01 0.000000e+00
4.459732e-04 1.114937e-04 3.219994e-01 2.025000e+00 5.000000e-01 0.000000e+00
4.443039e-04 1.110781e-04 3.219994e-01 2.075000e+00 5.000000e-01 0.000000e+00
4.825015e-04 1.137294e-04 3.219994e-01 2.125000e+00 5.000000e-01 0.000000e+00
3.735509e-04 9.983781e-05 3.219994e-01 2.175000e+00 5.000000e-01 0.000000e+00
5.703712e-04 1.216062e-04 3.219994e-01 2.225000e+00 5.000000e-01 0.000000e+00
6.096828e-04 1.244528e-04 3.219994e-01 2.275000e+00 5.000000e-01 0.000000e+00
5.958992e-04 1.216399e-04 3.219994e-01 2.325000e+00 5.000000e-01 0.000000e+00
3.871306e-04 9.678537e-05 3.219994e-01 2.375000e+00 5.000000e-01 0.000000e+00
4.243585e-04 1.000241e-04 3.219994e-01 2.425000e+00 5.000000e-01 0.000000e+00
4.138090e-04 9.753780e-05 3.219994e-01 2.475000e+00 5.000000e-01 0.000000e+00
7.554212e-04 1.295587e-04 3.219994e-01 2.525000e+00 5.000000e-01 0.000000e+00
3.478082e-04 8.695433e-05 3.219994e-01 2.575000e+00 5.000000e-01 0.000000e+00
4.586669e-04 9.779330e-05 3.219994e-01 2.625000e+00 5.000000e-01 0.000000e+00
7.237145e-04 1.206260e-04 3.219994e-01 2.675000e+00 5.000000e-01 0.000000e+00
2.707815e-04 7.237155e-05 3.219994e-01 2.725000e+00 5.000000e-01 0.000000e+00
7.064575e-04 1.146124e-04 3.219994e-01 2.775000e+00 5.000000e-01 0.000000e+00
8.803567e-04 1.245130e-04 3.219994e-01 2.825000e+00 5.000000e-01 0.000000e+00
8.698109e-04 1.206345e-04 3.219994e-01 2.875000e+00 5.000000e-01 0.000000e+00
4.669185e-01 4.326297e-03 3.319994e-01 2.500000e-02 5.000000e-01 0.000000e+00
8.659146e-02 1.880649e-03 3.319994e-01 7.500000e-02 5.000000e-01 0.000000e+00
8.048301e-03 5.719693e-04 3.319994e-01 1.250000e-01 5.000000e-01 0.000000e+00
6.003469e-03 4.934832e-04 3.319994e-01 1.750000e-01 5.000000e-01 0.000000e+00
5.311263e-03 4.658299e-04 3.319994e-01 2.250000e-01 5.000000e-01 0.000000e+00
4.682391e-03 4.347504e-04 3.319994e-01 2.750000e-01 5.000000e-01 0.000000e+00
5.274423e-03 4.625991e-04 3.319994e-01 3.250000e-01 5.000000e-01 0.000000e+00
5.565808e-03 4.703979e-04 3.319994e-01 3.750000e-01 5.000000e-01 0.000000e+00
3.714725e-03 3.791333e-04 3.319994e-01 4.250000e-01 5.000000e-01 0.000000e+00
5.295827e-03 4.541147e-04 3.319994e-01 4.750000e-01 5.000000e-01 0.000000e+00
4.007073e-03 3.929272e-04 3.319994e-01 5.250000e-01 5.000000e-01 0.000000e+00
4.084289e-03 3.967024e-04 3.319994e-01 5.750000e-01 5.000000e-01 0.000000e+00
2.929969e-03 3.360917e-04 3.319994e-01 6.250000e-01 5.000000e-01 0.000000e+00
3.601315e-03 3.714484e-04 3.319994e-01 6.750000e-01 5.000000e-01 0.000000e+00
2.945373e-03 3.334991e-04 3.319994e-01 7.250000e-01 5.000000e-01 0.000000e+00
2.918241e-03 3.304269e-04 3.319994e-01 7.750000e-01 5.000000e-01 0.000000e+00
2.661864e-03 3.137050e-04 3.319994e-01 8.250000e-01 5.000000e-01 0.000000e+00
3.105248e-03 3.388116e-04 3.319994e-01 8.750000e-01 5.000000e-01 0.000000e+00
3.000834e-03 3.313879e-04 3.319994e-01 9.250000e-01 5.000000e-01 0.000000e+00
2.033207e-03 2.717000e-04 3.319994e-01 9.750000e-01 5.000000e-01 0.000000e+00
1.799809e-03 2.545325e-04 3.319994e-01 1.025000e+00 5.000000e-01 0.000000e+00
1.721257e-03 2.484432e-04 3.319994e-01 1.075000e+00 5.000000e-01 0.000000e+00
1.971272e-03 2.634237e-04 3.319994e-01 1.125000e+00 5.000000e-01 0.000000e+00
1.896884e-03 2.581344e-04 3.319994e-01 1.175000e+00 5.000000e-01 0.000000e+00
1.731275e-03 2.448408e-04 3.319994e-01 1.225000e+00 5.000000e-01 0.000000e+00
1.170108e-03 2.006731e-04 3.319994e-01 1.275000e+00 5.000000e-01 0.000000e+00
9.529376e-04 1.800895e-04 3.319994e-01 1.325000e+00 5.000000e-01 0.000000e+00
5.347103e-04 1.336783e-04 3.319994e-01 1.375000e+00 5.000000e-01 0.000000e+00
1.128742e-03 1.935790e-04 3.319994e-01 1.425000e+00 5.000000e-01 0.000000e+00
9.238870e-04 1.745994e-04 3.319994e-01 1.475000e+00 5.000000e-01 0.000000e+00
8.430289e-04 1.653329e-04 3.319994e-01 1.525000e+00 5.000000e-01 0.000000e+00
4.496023e-04 1.201621e-04 3.319994e-01 1.575000e+00 5.000000e-01 0.000000e+00
4.440474e-04 1.186771e-04 3.319994e-01 1.625000e+00 5.000000e-01 0.000000e+00
3.145818e-04 9.948049e-05 3.319994e-01 1.675000e+00 5.000000e-01 0.000000e+00
6.147785e-04 1.374691e-04 3.319994e-01 1.725000e+00 5.000000e-01 0.000000e+00
3.641097e-04 1.051105e-04 3.319994e-01 1.775000e+00 5.000000e-01 0.000000e+00
4.210561e-04 1.125340e-04 3.319994e-01 1.825000e+00 5.000000e-01 0.000000e+00
2.353443e-04 8.320724e-05 3.319994e-01 1.875000e+00 5.000000e-01 0.000000e+00
4.076875e-04 1.089606e-04 3.319994e-01 1.925000e+00 5.000000e-01 0.000000e+00
4.577833e-04 1.144465e-04 3.319994e-01 1.975000e+00 5.000000e-01 0.000000e+00
5.043839e-04 1.188867e-04 3.319994e-01 2.025000e+00 5.000000e-01 0.000000e+00
6.098898e-04 1.300311e-04 3.319994e-01 2.075000e+00 5.000000e-01 0.000000e+00
4.309922e-04 1.077502e-04 3.319994e-01 2.125000e+00 5.000000e-01 0.000000e+00
4.259531e-04 1.064892e-04 3.319994e-01 2.175000e+00 5.000000e-01 0.000000e+00
6.756504e-04 1.325092e-04 3.319994e-01 2.225000e+00 5.000000e-01 0.000000e+00
4.068679e-04 1.017196e-04 3.319994e-01 2.275000e+00 5.000000e-01 0.000000e+00
4.981250e-04 1.113862e-04 3.319994e-01 2.325000e+00 5.000000e-01 0.000000e+00
5.857058e-04 1.195603e-04 3.319994e-01 2.375000e+00 5.000000e-01 0.000000e+00
7.576544e-04 1.339400e-04 3.319994e-01 2.425000e+00 5.000000e-01 0.000000e+00
4.153534e-04 9.790205e-05 3.319994e-01 2.475000e+00 5.000000e-01 0.000000e+00
6.271924e-04 1.185312e-04 3.319994e-01 2.525000e+00 5.000000e-01 0.000000e+00
6.956830e-04 1.229863e-04 3.319994e-01 2.575000e+00 5.000000e-01 0.000000e+00
4.190856e-04 9.371520e-05 3.319994e-01 2.625000e+00 5.000000e-01 0.000000e+00
8.077553e-04 1.277247e-04 3.319994e-01 2.675000e+00 5.000000e-01 0.000000e+00
6.181467e-04 1.092839e-04 3.319994e-01 2.725000e+00 5.000000e-01 0.000000e+00
6.289910e-04 1.078773e-04 3.319994e-01 2.775000e+00 5.000000e-01 0.000000e+00
8.106944e-04 1.195425e-04 3.319994e-01 2.825000e+00 5.000000e-01 0.000000e+00
7.073860e-04 1.091713e-04 3.319994e-01 2.875000e+00 5.000000e-01 0.000000e+00
4.782179e-01 4.393806e-03 3.419994e-01 2.500000e-02 5.000000e-01 0.000000e+00
8.782875e-02 1.903932e-03 3.419994e-01 7.500000e-02 5.000000e-01 0.000000e+00
7.990339e-03 5.678502e-04 3.419994e-01 1.250000e-01 5.000000e-01 0.000000e+00
6.731871e-03 5.256722e-04 3.419994e-01 1.750000e-01 5.000000e-01 0.000000e+00
5.834338e-03 4.861962e-04 3.419994e-01 2.250000e-01 5.000000e-01 0.000000e+00
4.574146e-03 4.322173e-04 3.419994e-01 2.750000e-01 5.000000e-01 0.000000e+00
5.358014e-03 4.663567e-04 3.419994e-01 3.250000e-01 5.000000e-01 0.000000e+00
3.988876e-03 3.988888e-04 3.419994e-01 3.750000e-01 5.000000e-01 0.000000e+00
4.105107e-03 4.025400e-04 3.419994e-01 4.250000e-01 5.000000e-01 0.000000e+00
4.604014e-03 4.238347e-04 3.419994e-01 4.750000e-01 5.000000e-01 0.000000e+00
4.477326e-03 4.157107e-04 3.419994e-01 5.250000e-01 5.000000e-01 0.000000e+00
4.489124e-03 4.168061e-04 3.419994e-01 5.750000e-01 5.000000e-01 0.000000e+00
3.368428e-03 3.590769e-04 3.419994e-01 6.250000e-01 5.000000e-01 0.000000e+00
3.750905e-03 3.788998e-04 3.419994e-01 6.750000e-01 5.000000e-01 0.000000e+00
2.661514e-03 3.181129e-04 3.419994e-01 7.250000e-01 5.000000e-01 0.000000e+00
2.794925e-03 3.249048e-04 3.419994e-01 7.750000e-01 5.000000e-01 0.000000e+00
3.082624e-03 3.404205e-04 3.419994e-01 8.250000e-01 5.000000e-01 0.000000e+00
2.375211e-03 2.969024e-04 3.419994e-01 8.750000e-01 5.000000e-01 0.000000e+00
2.643353e-03 3.115234e-04 3.419994e-01 9.250000e-01 5.000000e-01 0.000000e+00
1.984720e-03 2.700873e-04 3.419994e-01 9.750000e-01 5.000000e-01 0.000000e+00
1.655048e-03 2.440245e-04 3.419994e-01 1.025000e+00 5.000000e-01 0.000000e+00
1.867880e-03 2.590299e-04 3.419994e-01 1.075000e+00 5.000000e-01 0.000000e+00
2.418364e-03 2.932716e-04 3.419994e-01 1.125000e+00 5.000000e-01 0.000000e+00
1.753933e-03 2.480452e-04 3.419994e-01 1.175000e+00 5.000000e-01 0.000000e+00
9.774266e-04 1.847173e-04 3.419994e-01 1.225000e+00 5.000000e-01 0.000000e+00
1.310841e-03 2.126482e-04 3.419994e-01 1.275000e+00 5.000000e-01 0.000000e+00
8.226202e-04 1.679174e-04 3.419994e-01 1.325000e+00 5.000000e-01 0.000000e+00
8.774361e-04 1.720807e-04 3.419994e-01 1.375000e+00 5.000000e-01 0.000000e+00
9.997444e-04 1.825292e-04 3.419994e-01 1.425000e+00 5.000000e-01 0.000000e+00
5.959576e-04 1.404694e-04 3.419994e-01 1.475000e+00 5.000000e-01 0.000000e+00
8.513281e-04 1.669607e-04 3.419994e-01 1.525000e+00 5.000000e-01 0.000000e+00
3.208506e-04 1.014627e-04 3.419994e-01 1.575000e+00 5.000000e-01 0.000000e+00
4.469806e-04 1.194611e-04 3.419994e-01 1.625000e+00 5.000000e-01 0.000000e+00
4.395792e-04 1.174835e-04 3.419994e-01 1.675000e+00 5.000000e-01 0.000000e+00
4.969479e-04 1.242386e-04 3.419994e-01 1.725000e+00 5.000000e-01 0.000000e+00
3.666404e-04 1.058412e-04 3.419994e-01 1.775000e+00 5.000000e-01 0.000000e+00
3.001345e-04 9.491230e-05 3.419994e-01 1.825000e+00 5.000000e-01 0.000000e+00
1.774106e-04 7.242761e-05 3.419994e-01 1.875000e+00 5.000000e-01 0.000000e+00
4.085855e-04 1.091992e-04 3.419994e-01 1.925000e+00 5.000000e-01 0.000000e+00
6.861344e-04 1.400575e-04 3.419994e-01 1.975000e+00 5.000000e-01 0.000000e+00
4.540157e-04 1.135057e-04 3.419994e-01 2.025000e+00 5.000000e-01 0.000000e+00
3.342635e-04 9.649527e-05 3.419994e-01 2.075000e+00 5.000000e-01 0.000000e+00
2.713075e-04 8.579707e-05 3.419994e-01 2.125000e+00 5.000000e-01 0.000000e+00
4.284136e-04 1.071056e-04 3.419994e-01 2.175000e+00 5.000000e-01 0.000000e+00
4.192566e-04 1.048157e-04 3.419994e-01 2.225000e+00 5.000000e-01 0.000000e+00
4.607614e-04 1.086041e-04 3.419994e-01 2.275000e+00 5.000000e-01 0.000000e+00
4.013383e-04 1.003391e-04 3.419994e-01 2.325000e+00 5.000000e-01 0.000000e+00
4.372778e-04 1.030693e-04 3.419994e-01 2.375000e+00 5.000000e-01 0.000000e+00
5.204196e-04 1.109570e-04 3.419994e-01 2.425000e+00 5.000000e-01 0.000000e+00
4.187557e-04 9.870488e-05 3.419994e-01 2.475000e+00 5.000000e-01 0.000000e+00
8.092011e-04 1.348738e-04 3.419994e-01 2.525000e+00 5.000000e-01 0.000000e+00
5.639870e-04 1.106108e-04 3.419994e-01 2.575000e+00 5.000000e-01 0.000000e+00
7.169887e-04 1.229664e-04 3.419994e-01 2.625000e+00 5.000000e-01 0.000000e+00
5.702912e-04 1.077819e-04 3.419994e-01 2.675000e+00 5.000000e-01 0.000000e+00
5.089609e-04 9.982320e-05 3.419994e-01 2.725000e+00 5.000000e-01 0.000000e+00
9.009048e-04 1.300498e-04 3.419994e-01 2.775000e+00 5.000000e-01 0.000000e+00
9.588070e-04 1.304902e-04 3.419994e-01 2.825000e+00 5.000000e-01 0.000000e+00
7.119036e-04 1.098684e-04 3.419994e-01 2.875000e+00 5.000000e-01 0.000000e+00
4.751165e-01 4.432807e-03 3.519993e-01 2.500000e-02 5.000000e-01 0.000000e+00
9.433200e-02 1.979044e-03 3.519993e-01 7.500000e-02 5.000000e-01 0.000000e+00
7.427836e-03 5.505892e-04 3.519993e-01 1.250000e-01 5.000000e-01 0.000000e+00
5.394302e-03 4.731127e-04 3.519993e-01 1.750000e-01 5.000000e-01 0.000000e+00
4.715489e-03 4.378233e-04 3.519993e-01 2.250000e-01 5.000000e-01 0.000000e+00
5.144022e-03 4.582670e-04 3.519993e-01 2.750000e-01 5.000000e-01 0.000000e+00
4.498892e-03 4.251064e-04 3.519993e-01 3.250000e-01 5.000000e-01 0.000000e+00
4.979920e-03 4.472110e-04 3.519993e-01 3.750000e-01 5.000000e-01 0.000000e+00
4.373179e-03 4.132276e-04 3.519993e-01 4.250000e-01 5.000000e-01 0.000000e+00
4.693384e-03 4.284467e-04 3.519993e-01 4.750000e-01 5.000000e-01 0.000000e+00
3.449726e-03 3.677431e-04 3.519993e-01 5.250000e-01 5.000000e-01 0.000000e+00
3.653300e-03 3.768102e-04 3.519993e-01 5.750000e-01 5.000000e-01 0.000000e+00
3.519352e-03 3.709734e-04 3.519993e-01 6.250000e-01 5.000000e-01 0.000000e+00
2.313085e-03 2.986192e-04 3.519993e-01 6.750000e-01 5.000000e-01 0.000000e+00
2.992823e-03 3.388718e-04 3.519993e-01 7.250000e-01 5.000000e-01 0.000000e+00
2.656623e-03 3.175287e-04 3.519993e-01 7.750000e-01 5.000000e-01 0.000000e+00
2.995140e-03 3.348680e-04 3.519993e-01 8.250000e-01 5.000000e-01 0.000000e+00
2.687143e-03 3.166839e-04 3.519993e-01 8.750000e-01 5.000000e-01 0.000000e+00
2.954531e-03 3.303281e-04 3.519993e-01 9.250000e-01 5.000000e-01 0.000000e+00
2.344965e-03 2.931218e-04 3.519993e-01 9.750000e-01 5.000000e-01 0.000000e+00
1.906591e-03 2.643976e-04 3.519993e-01 1.025000e+00 5.000000e-01 0.000000e+00
1.222249e-03 2.096151e-04 3.519993e-01 1.075000e+00 5.000000e-01 0.000000e+00
1.213679e-03 2.081453e-04 3.519993e-01 1.125000e+00 5.000000e-01 0.000000e+00
1.130987e-03 1.999330e-04 3.519993e-01 1.175000e+00 5.000000e-01 0.000000e+00
1.043856e-03 1.905826e-04 3.519993e-01 1.225000e+00 5.000000e-01 0.000000e+00
1.381732e-03 2.184723e-04 3.519993e-01 1.275000e+00 5.000000e-01 0.000000e+00
6.210618e-04 1.463868e-04 3.519993e-01 1.325000e+00 5.000000e-01 0.000000e+00
8.774242e-04 1.720781e-04 3.519993e-01 1.375000e+00 5.000000e-01 0.000000e+00
1.408699e-03 2.173683e-04 3.519993e-01 1.425000e+00 5.000000e-01 0.000000e+00
7.946745e-04 1.622130e-04 3.519993e-01 1.475000e+00 5.000000e-01 0.000000e+00
1.242729e-03 2.015988e-04 3.519993e-01 1.525000e+00 5.000000e-01 0.000000e+00
6.532285e-04 1.460674e-04 3.519993e-01 1.575000e+00 5.000000e-01 0.000000e+00
7.007469e-04 1.494009e-04 3.519993e-01 1.625000e+00 5.000000e-01 0.000000e+00
8.165017e-04 1.601312e-04 3.519993e-01 1.675000e+00 5.000000e-01 0.000000e+00
6.235894e-04 1.394405e-04 3.519993e-01 1.725000e+00 5.000000e-01 0.000000e+00
4.304577e-04 1.150455e-04 3.519993e-01 1.775000e+00 5.000000e-01 0.000000e+00
6.644202e-04 1.416563e-04 3.519993e-01 1.825000e+00 5.000000e-01 0.000000e+00
5.990687e-04 1.339578e-04 3.519993e-01 1.875000e+00 5.000000e-01 0.000000e+00
6.406554e-04 1.365888e-04 3.519993e-01 1.925000e+00 5.000000e-01 0.000000e+00
3.451579e-04 9.963934e-05 3.519993e-01 1.975000e+00 5.000000e-01 0.000000e+00
5.136032e-04 1.210598e-04 3.519993e-01 2.025000e+00 5.000000e-01 0.000000e+00
4.459629e-04 1.114925e-04 3.519993e-01 2.075000e+00 5.000000e-01 0.000000e+00
6.562452e-04 1.339583e-04 3.519993e-01 2.125000e+00 5.000000e-01 0.000000e+00
5.919931e-04 1.262148e-04 3.519993e-01 2.175000e+00 5.000000e-01 0.000000e+00
3.665965e-04 9.797827e-05 3.519993e-01 2.225000e+00 5.000000e-01 0.000000e+00
4.627841e-04 1.090816e-04 3.519993e-01 2.275000e+00 5.000000e-01 0.000000e+00
8.091234e-04 1.430376e-04 3.519993e-01 2.325000e+00 5.000000e-01 0.000000e+00
5.878347e-04 1.199941e-04 3.519993e-01 2.375000e+00 5.000000e-01 0.000000e+00
7.132467e-04 1.302231e-04 3.519993e-01 2.425000e+00 5.000000e-01 0.000000e+00
7.435049e-04 1.314388e-04 3.519993e-01 2.475000e+00 5.000000e-01 0.000000e+00
4.063461e-04 9.578001e-05 3.519993e-01 2.525000e+00 5.000000e-01 0.000000e+00
4.365958e-04 9.763141e-05 3.519993e-01 2.575000e+00 5.000000e-01 0.000000e+00
3.806396e-04 8.972486e-05 3.519993e-01 2.625000e+00 5.000000e-01 0.000000e+00
4.918415e-04 1.004058e-04 3.519993e-01 2.675000e+00 5.000000e-01 0.000000e+00
9.434269e-04 1.361818e-04 3.519993e-01 2.725000e+00 5.000000e-01 0.000000e+00
6.403780e-04 1.098308e-04 3.519993e-01 2.775000e+00 5.000000e-01 0.000000e+00
7.878418e-04 1.187833e-04 3.519993e-01 2.825000e+00 5.000000e-01 0.000000e+00
1.185938e-03 1.417685e-04 3.519993e-01 2.875000e+00 5.000000e-01 0.000000e+00
4.831979e-01 4.488712e-03 3.619993e-01 2.500000e-02 5.000000e-01 0.000000e+00
9.629786e-02 1.983103e-03 3.619993e-01 7.500000e-02 5.000000e-01 0.000000e+00
9.070217e-03 6.143142e-04 3.619993e-01 1.250000e-01 5.000000e-01 0.000000e+00
6.323175e-03 5.095371e-04 3.619993e-01 1.750000e-01 5.000000e-01 0.000000e+00
4.031619e-03 4.072558e-04 3.619993e-01 2.250000e-01 5.000000e-01 0.000000e+00
5.423677e-03 4.720719e-04 3.619993e-01 2.750000e-01 5.000000e-01 0.000000e+00
4.746953e-03 4.407445e-04 3.619993e-01 3.250000e-01 5.000000e-01 0.000000e+00
3.263141e-03 3.648314e-04 3.619993e-01 3.750000e-01 5.000000e-01 0.000000e+00
4.515697e-03 4.229350e-04 3.619993e-01 4.250000e-01 5.000000e-01 0.000000e+00
4.618690e-03 4.288358e-04 3.619993e-01 4.750000e-01 5.000000e-01 0.000000e+00
3.702109e-03 3.818442e-04 3.619993e-01 5.250000e-01 5.000000e-01 0.000000e+00
3.281239e-03 3.580137e-04 3.619993e-01 5.750000e-01 5.000000e-01 0.000000e+00
3.439662e-03 3.666704e-04 3.619993e-01 6.250000e-01 5.000000e-01 0.000000e+00
3.564036e-03 3.715776e-04 3.619993e-01 6.750000e-01 5.000000e-01 0.000000e+00
2.771065e-03 3.265739e-04 3.619993e-01 7.250000e-01 5.000000e-01 0.000000e+00
2.740047e-03 3.229188e-04 3.619993e-01 7.750000e-01 5.000000e-01 0.000000e+00
2.035704e-03 2.770250e-04 3.619993e-01 8.250000e-01 5.000000e-01 0.000000e+00
3.062001e-03 3.381425e-04 3.619993e-01 8.750000e-01 5.000000e-01 0.000000e+00
2.603307e-03 3.111562e-04 3.619993e-01 9.250000e-01 5.000000e-01 0.000000e+00
1.333244e-03 2.222080e-04 3.619993e-01 9.750000e-01 5.000000e-01 0.000000e+00
1.891633e-03 2.623235e-04 3.619993e-01 1.025000e+00 5.000000e-01 0.000000e+00
1.668234e-03 2.459687e-04 3.619993e-01 1.075000e+00 5.000000e-01 0.000000e+00
1.715857e-03 2.476640e-04 3.619993e-01 1.125000e+00 5.000000e-01 0.000000e+00
1.624476e-03 2.395175e-04 3.619993e-01 1.175000e+00 5.000000e-01 0.000000e+00
1.330635e-03 2.158585e-04 3.619993e-01 1.225000e+00 5.000000e-01 0.000000e+00
9.726921e-04 1.838228e-04 3.619993e-01 1.275000e+00 5.000000e-01 0.000000e+00
8.231552e-04 1.680270e-04 3.619993e-01 1.325000e+00 5.000000e-01 0.000000e+00
8.931953e-04 1.751709e-04 3.619993e-01 1.375000e+00 5.000000e-01 0.000000e+00
7.425838e-04 1.583205e-04 3.619993e-01 1.425000e+00 5.000000e-01 0.000000e+00
5.305496e-04 1.326386e-04 3.619993e-01 1.475000e+00 5.000000e-01 0.000000e+00
9.907575e-04 1.808877e-04 3.619993e-01 1.525000e+00 5.000000e-01 0.000000e+00
7.128040e-04 1.519712e-04 3.619993e-01 1.575000e+00 5.000000e-01 0.000000e+00
8.370186e-04 1.641542e-04 3.619993e-01 1.625000e+00 5.000000e-01 0.000000e+00
8.902719e-04 1.682483e-04 3.619993e-01 1.675000e+00 5.000000e-01 0.000000e+00
5.622930e-04 1.325350e-04 3.619993e-01 1.725000e+00 5.000000e-01 0.000000e+00
5.539837e-04 1.305762e-04 3.619993e-01 1.775000e+00 5.000000e-01 0.000000e+00
3.676264e-04 1.061258e-04 3.619993e-01 1.825000e+00 5.000000e-01 0.000000e+00
5.982809e-04 1.337801e-04 3.619993e-01 1.875000e+00 5.000000e-01 0.000000e+00
5.292113e-04 1.247378e-04 3.619993e-01 1.925000e+00 5.000000e-01 0.000000e+00
2.918026e-04 9.227673e-05 3.619993e-01 1.975000e+00 5.000000e-01 0.000000e+00
3.997525e-04 1.068400e-04 3.619993e-01 2.025000e+00 5.000000e-01 0.000000e+00
7.285717e-04 1.428864e-04 3.619993e-01 2.075000e+00 5.000000e-01 0.000000e+00
1.660459e-04 6.778855e-05 3.619993e-01 2.125000e+00 5.000000e-01 0.000000e+00
5.412146e-04 1.210221e-04 3.619993e-01 2.175000e+00 5.000000e-01 0.000000e+00
5.799857e-04 1.236545e-04 3.619993e-01 2.225000e+00 5.000000e-01 0.000000e+00
6.705535e-04 1.315082e-04 3.619993e-01 2.275000e+00 5.000000e-01 0.000000e+00
3.536437e-04 9.451841e-05 3.619993e-01 2.325000e+00 5.000000e-01 0.000000e+00
0.000000e+00 0.000000e+00 3.619993e-01 2.375000e+00 5.000000e-01 0.000000e+00
4.330739e-04 1.020799e-04 3.619993e-01 2.425000e+00 5.000000e-01 0.000000e+00
6.050480e-04 1.186627e-04 3.619993e-01 2.475000e+00 5.000000e-01 0.000000e+00
4.037890e-04 9.517766e-05 3.619993e-01 2.525000e+00 5.000000e-01 0.000000e+00
5.712974e-04 1.120458e-04 3.619993e-01 2.575000e+00 5.000000e-01 0.000000e+00
6.336890e-04 1.157025e-04 3.619993e-01 2.625000e+00 5.000000e-01 0.000000e+00
1.061438e-03 1.472049e-04 3.619993e-01 2.675000e+00 5.000000e-01 0.000000e+00
6.699830e-04 1.149128e-04 3.619993e-01 2.725000e+00 5.000000e-01 0.000000e+00
6.409554e-04 1.099309e-04 3.619993e-01 2.775000e+00 5.000000e-01 0.000000e+00
7.889674e-04 1.189560e-04 3.619993e-01 2.825000e+00 5.000000e-01 0.000000e+00
9.501994e-04 1.269937e-04 3.619993e-01 2.875000e+00 5.000000e-01 0.000000e+00
4.949836e-01 4.577700e-03 3.719993e-01 2.500000e-02 5.000000e-01 0.000000e+00
1.038169e-01 2.065628e-03 3.719993e-01 7.500000e-02 5.000000e-01 0.000000e+00
7.089759e-03 5.469882e-04 3.719993e-01 1.250000e-01 5.000000e-01 0.000000e+00
6.210245e-03 5.037186e-04 3.719993e-01 1.750000e-01 5.000000e-01 0.000000e+00
4.850390e-03 4.503486e-04 3.719993e-01 2.250000e-01 5.000000e-01 0.000000e+00
4.655825e-03 4.360590e-04 3.719993e-01 2.750000e-01 5.000000e-01 0.000000e+00
5.490172e-03 4.742800e-04 3.719993e-01 3.250000e-01 5.000000e-01 0.000000e+00
4.675823e-03 4.341404e-04 3.719993e-01 3.750000e-01 5.000000e-01 0.000000e+00
4.481376e-03 4.234514e-04 3.719993e-01 4.250000e-01 5.000000e-01 0.000000e+00
4.846442e-03 4.387774e-04 3.719993e-01 4.750000e-01 5.000000e-01 0.000000e+00
3.698263e-03 3.814479e-04 3.719993e-01 5.250000e-01 5.000000e-01 0.000000e+00
4.115186e-03 4.035284e-04 3.719993e-01 5.750000e-01 5.000000e-01 0.000000e+00
3.497940e-03 3.687164e-04 3.719993e-01 6.250000e-01 5.000000e-01 0.000000e+00
3.755690e-03 3.833148e-04 3.719993e-01 6.750000e-01 5.000000e-01 0.000000e+00
2.615005e-03 3.171170e-04 3.719993e-01 7.250000e-01 5.000000e-01 0.000000e+00
2.450735e-03 3.063428e-04 3.719993e-01 7.750000e-01 5.000000e-01 0.000000e+00
3.017532e-03 3.373718e-04 3.719993e-01 8.250000e-01 5.000000e-01 0.000000e+00
2.924063e-03 3.310862e-04 3.719993e-01 8.750000e-01 5.000000e-01 0.000000e+00
2.984825e-03 3.337153e-04 3.719993e-01 9.250000e-01 5.000000e-01 0.000000e+00
2.212098e-03 2.855822e-04 3.719993e-01 9.750000e-01 5.000000e-01 0.000000e+00
2.049325e-03 2.738536e-04 3.719993e-01 1.025000e+00 5.000000e-01 0.000000e+00
2.257102e-03 2.866534e-04 3.719993e-01 1.075000e+00 5.000000e-01 0.000000e+00
1.225345e-03 2.101463e-04 3.719993e-01 1.125000e+00 5.000000e-01 0.000000e+00
1.146618e-03 2.026960e-04 3.719993e-01 1.175000e+00 5.000000e-01 0.000000e+00
1.062574e-03 1.939996e-04 3.719993e-01 1.225000e+00 5.000000e-01 0.000000e+00
9.699104e-04 1.832971e-04 3.719993e-01 1.275000e+00 5.000000e-01 0.000000e+00
1.245162e-03 2.075287e-04 3.719993e-01 1.325000e+00 5.000000e-01 0.000000e+00
1.026635e-03 1.874378e-04 3.719993e-01 1.375000e+00 5.000000e-01 0.000000e+00
9.487007e-04 1.792888e-04 3.719993e-01 1.425000e+00 5.000000e-01 0.000000e+00
6.043203e-04 1.424401e-04 3.719993e-01 1.475000e+00 5.000000e-01 0.000000e+00
7.256597e-04 1.547126e-04 3.719993e-01 1.525000e+00 5.000000e-01 0.000000e+00
9.794847e-04 1.788301e-04 3.719993e-01 1.575000e+00 5.000000e-01 0.000000e+00
7.105858e-04 1.514990e-04 3.719993e-01 1.625000e+00 5.000000e-01 0.000000e+00
1.917748e-04 7.829248e-05 3.719993e-01 1.675000e+00 5.000000e-01 0.000000e+00
6.886379e-04 1.468201e-04 3.719993e-01 1.725000e+00 5.000000e-01 0.000000e+00
6.802139e-04 1.450233e-04 3.719993e-01 1.775000e+00 5.000000e-01 0.000000e+00
7.394356e-04 1.509389e-04 3.719993e-01 1.825000e+00 5.000000e-01 0.000000e+00
9.607857e-04 1.698466e-04 3.719993e-01 1.875000e+00 5.000000e-01 0.000000e+00
5.316263e-04 1.253064e-04 3.719993e-01 1.925000e+00 5.000000e-01 0.000000e+00
4.700323e-04 1.175089e-04 3.719993e-01 1.975000e+00 5.000000e-01 0.000000e+00
3.993409e-04 1.067301e-04 3.719993e-01 2.025000e+00 5.000000e-01 0.000000e+00
5.629666e-04 1.258842e-04 3.719993e-01 2.075000e+00 5.000000e-01 0.000000e+00
6.069024e-04 1.293942e-04 3.719993e-01 2.125000e+00 5.000000e-01 0.000000e+00
5.418522e-04 1.211643e-04 3.719993e-01 2.175000e+00 5.000000e-01 0.000000e+00
3.174822e-04 9.165030e-05 3.719993e-01 2.225000e+00 5.000000e-01 0.000000e+00
6.698668e-04 1.313745e-04 3.719993e-01 2.275000e+00 5.000000e-01 0.000000e+00
6.060680e-04 1.237158e-04 3.719993e-01 2.325000e+00 5.000000e-01 0.000000e+00
6.434304e-04 1.261906e-04 3.719993e-01 2.375000e+00 5.000000e-01 0.000000e+00
4.813087e-04 1.076281e-04 3.719993e-01 2.425000e+00 5.000000e-01 0.000000e+00
4.695707e-04 1.050016e-04 3.719993e-01 2.475000e+00 5.000000e-01 0.000000e+00
4.551903e-04 1.017889e-04 3.719993e-01 2.525000e+00 5.000000e-01 0.000000e+00
5.327730e-04 1.087537e-04 3.719993e-01 2.575000e+00 5.000000e-01 0.000000e+00
4.251435e-04 9.506774e-05 3.719993e-01 2.625000e+00 5.000000e-01 0.000000e+00
6.210209e-04 1.133876e-04 3.719993e-01 2.675000e+00 5.000000e-01 0.000000e+00
7.120107e-04 1.186785e-04 3.719993e-01 2.725000e+00 5.000000e-01 0.000000e+00
6.820861e-04 1.136919e-04 3.719993e-01 2.775000e+00 5.000000e-01 0.000000e+00
7.557995e-04 1.166319e-04 3.719993e-01 2.825000e+00 5.000000e-01 0.000000e+00
8.418649e-04 1.190719e-04 3.719993e-01 2.875000e+00 5.000000e-01 0.000000e+00
4.905759e-01 4.566718e-03 3.819993e-01 2.500000e-02 5.000000e-01 0.000000e+00
1.005524e-01 2.033129e-03 3.819993e-01 7.500000e-02 5.000000e-01 0.000000e+00
9.586318e-03 6.348707e-04 3.819993e-01 1.250000e-01 5.000000e-01 0.000000e+00
5.725312e-03 4.873720e-04 3.819993e-01 1.750000e-01 5.000000e-01 0.000000e+00
6.502880e-03 5.206487e-04 3.819993e-01 2.250000e-01 5.000000e-01 0.000000e+00
6.145462e-03 5.017761e-04 3.819993e-01 2.750000e-01 5.000000e-01 0.000000e+00
4.898107e-03 4.509088e-04 3.819993e-01 3.250000e-01 5.000000e-01 0.000000e+00
3.715531e-03 3.873720e-04 3.819993e-01 3.750000e-01 5.000000e-01 0.000000e+00
4.295647e-03 4.172313e-04 3.819993e-01 4.250000e-01 5.000000e-01 0.000000e+00
4.000406e-03 4.000418e-04 3.819993e-01 4.750000e-01 5.000000e-01 0.000000e+00
3.523782e-03 3.756375e-04 3.819993e-01 5.250000e-01 5.000000e-01 0.000000e+00
4.088723e-03 4.009336e-04 3.819993e-01 5.750000e-01 5.000000e-01 0.000000e+00
3.592432e-03 3.786771e-04 3.819993e-01 6.250000e-01 5.000000e-01 0.000000e+00
3.670313e-03 3.785653e-04 3.819993e-01 6.750000e-01 5.000000e-01 0.000000e+00
2.079817e-03 2.830286e-04 3.819993e-01 7.250000e-01 5.000000e-01 0.000000e+00
2.536904e-03 3.122728e-04 3.819993e-01 7.750000e-01 5.000000e-01 0.000000e+00
2.820593e-03 3.278883e-04 3.819993e-01 8.250000e-01 5.000000e-01 0.000000e+00
2.182260e-03 2.865460e-04 3.819993e-01 8.750000e-01 5.000000e-01 0.000000e+00
2.245311e-03 2.898693e-04 3.819993e-01 9.250000e-01 5.000000e-01 0.000000e+00
2.156484e-03 2.831617e-04 3.819993e-01 9.750000e-01 5.000000e-01 0.000000e+00
2.132859e-03 2.800597e-04 3.819993e-01 1.025000e+00 5.000000e-01 0.000000e+00
2.475119e-03 3.001538e-04 3.819993e-01 1.075000e+00 5.000000e-01 0.000000e+00
1.230914e-03 2.111007e-04 3.819993e-01 1.125000e+00 5.000000e-01 0.000000e+00
1.433540e-03 2.266640e-04 3.819993e-01 1.175000e+00 5.000000e-01 0.000000e+00
9.177340e-04 1.799839e-04 3.819993e-01 1.225000e+00 5.000000e-01 0.000000e+00
1.135074e-03 2.006559e-04 3.819993e-01 1.275000e+00 5.000000e-01 0.000000e+00
1.111868e-03 1.965535e-04 3.819993e-01 1.325000e+00 5.000000e-01 0.000000e+00
6.822198e-04 1.525496e-04 3.819993e-01 1.375000e+00 5.000000e-01 0.000000e+00
7.516620e-04 1.602559e-04 3.819993e-01 1.425000e+00 5.000000e-01 0.000000e+00
5.376675e-04 1.344176e-04 3.819993e-01 1.475000e+00 5.000000e-01 0.000000e+00
5.288017e-04 1.322011e-04 3.819993e-01 1.525000e+00 5.000000e-01 0.000000e+00
3.268610e-04 1.033628e-04 3.819993e-01 1.575000e+00 5.000000e-01 0.000000e+00
6.533188e-04 1.460881e-04 3.819993e-01 1.625000e+00 5.000000e-01 0.000000e+00
4.467534e-04 1.194012e-04 3.819993e-01 1.675000e+00 5.000000e-01 0.000000e+00
1.007383e-03 1.780827e-04 3.819993e-01 1.725000e+00 5.000000e-01 0.000000e+00
3.125673e-04 9.884291e-05 3.819993e-01 1.775000e+00 5.000000e-01 0.000000e+00
6.129041e-04 1.370516e-04 3.819993e-01 1.825000e+00 5.000000e-01 0.000000e+00
6.618620e-04 1.411104e-04 3.819993e-01 1.875000e+00 5.000000e-01 0.000000e+00
2.366178e-04 8.365772e-05 3.819993e-01 1.925000e+00 5.000000e-01 0.000000e+00
5.273170e-04 1.242915e-04 3.819993e-01 1.975000e+00 5.000000e-01 0.000000e+00
4.618703e-04 1.154689e-04 3.819993e-01 2.025000e+00 5.000000e-01 0.000000e+00
6.170260e-04 1.315514e-04 3.819993e-01 2.075000e+00 5.000000e-01 0.000000e+00
2.751901e-04 8.702355e-05 3.819993e-01 2.125000e+00 5.000000e-01 0.000000e+00
4.377226e-04 1.094327e-04 3.819993e-01 2.175000e+00 5.000000e-01 0.000000e+00
6.412337e-04 1.308932e-04 3.819993e-01 2.225000e+00 5.000000e-01 0.000000e+00
4.682419e-04 1.103678e-04 3.819993e-01 2.275000e+00 5.000000e-01 0.000000e+00
2.537808e-04 8.025484e-05 3.819993e-01 2.325000e+00 5.000000e-01 0.000000e+00
5.421684e-04 1.155936e-04 3.819993e-01 2.375000e+00 5.000000e-01 0.000000e+00
5.810623e-04 1.186101e-04 3.819993e-01 2.425000e+00 5.000000e-01 0.000000e+00
6.102224e-04 1.196774e-04 3.819993e-01 2.475000e+00 5.000000e-01 0.000000e+00
6.427020e-04 1.214620e-04 3.819993e-01 2.525000e+00 5.000000e-01 0.000000e+00
4.871140e-04 1.038571e-04 3.819993e-01 2.575000e+00 5.000000e-01 0.000000e+00
6.410361e-04 1.170443e-04 3.819993e-01 2.625000e+00 5.000000e-01 0.000000e+00
8.227312e-04 1.300922e-04 3.819993e-01 2.675000e+00 5.000000e-01 0.000000e+00
4.364202e-04 9.305065e-05 3.819993e-01 2.725000e+00 5.000000e-01 0.000000e+00
6.853883e-04 1.142429e-04 3.819993e-01 2.775000e+00 5.000000e-01 0.000000e+00
7.927917e-04 1.195313e-04 3.819993e-01 2.825000e+00 5.000000e-01 0.000000e+00
1.302535e-03 1.475039e-04 3.819993e-01 2.875000e+00 5.000000e-01 0.000000e+00
5.015040e-01 4.605035e-03 3.919993e-01 2.500000e-02 5.000000e-01 0.000000e+00
9.910624e-02 2.040938e-03 3.919993e-01 7.500000e-02 5.000000e-01 0.000000e+00
8.361486e-03 5.912480e-04 3.919993e-01 1.250000e-01 5.000000e-01 0.000000e+00
6.049981e-03 5.041663e-04 3.919993e-01 1.750000e-01 5.000000e-01 0.000000e+00
5.747612e-03 4.892704e-04 3.919993e-01 2.250000e-01 5.000000e-01 0.000000e+00
5.751949e-03 4.896398e-04 3.919993e-01 2.750000e-01 5.000000e-01 0.000000e+00
3.772327e-03 3.932932e-04 3.919993e-01 3.250000e-01 5.000000e-01 0.000000e+00
3.874452e-03 3.996206e-04 3.919993e-01 3.750000e-01 5.000000e-01 0.000000e+00
3.795095e-03 3.914352e-04 3.919993e-01 4.250000e-01 5.000000e-01 0.000000e+00
4.514487e-03 4.265800e-04 3.919993e-01 4.750000e-01 5.000000e-01 0.000000e+00
3.705973e-03 3.863755e-04 3.919993e-01 5.250000e-01 5.000000e-01 0.000000e+00
3.730630e-03 3.847864e-04 3.919993e-01 5.750000e-01 5.000000e-01 0.000000e+00
2.287983e-03 3.004281e-04 3.919993e-01 6.250000e-01 5.000000e-01 0.000000e+00
3.349406e-03 3.611770e-04 3.919993e-01 6.750000e-01 5.000000e-01 0.000000e+00
3.060489e-03 3.465335e-04 3.919993e-01 7.250000e-01 5.000000e-01 0.000000e+00
1.914359e-03 2.707324e-04 3.919993e-01 7.750000e-01 5.000000e-01 0.000000e+00
2.239450e-03 2.940555e-04 3.919993e-01 8.250000e-01 5.000000e-01 0.000000e+00
2.668059e-03 3.188952e-04 3.919993e-01 8.750000e-01 5.000000e-01 0.000000e+00
2.626935e-03 3.139801e-04 3.919993e-01 9.250000e-01 5.000000e-01 0.000000e+00
2.827113e-03 3.242934e-04 3.919993e-01 9.750000e-01 5.000000e-01 0.000000e+00
1.916308e-03 2.657455e-04 3.919993e-01 1.025000e+00 5.000000e-01 0.000000e+00
1.396968e-03 2.266196e-04 3.919993e-01 1.075000e+00 5.000000e-01 0.000000e+00
1.583613e-03 2.387396e-04 3.919993e-01 1.125000e+00 5.000000e-01 0.000000e+00
1.299887e-03 2.166491e-04 3.919993e-01 1.175000e+00 5.000000e-01 0.000000e+00
1.079527e-03 1.970943e-04 3.919993e-01 1.225000e+00 5.000000e-01 0.000000e+00
9.090547e-04 1.782815e-04 3.919993e-01 1.275000e+00 5.000000e-01 0.000000e+00
1.047977e-03 1.913349e-04 3.919993e-01 1.325000e+00 5.000000e-01 0.000000e+00
1.045833e-03 1.909432e-04 3.919993e-01 1.375000e+00 5.000000e-01 0.000000e+00
6.139813e-04 1.447178e-04 3.919993e-01 1.425000e+00 5.000000e-01 0.000000e+00
6.738430e-04 1.506770e-04 3.919993e-01 1.475000e+00 5.000000e-01 0.000000e+00
1.134854e-03 1.946272e-04 3.919993e-01 1.525000e+00 5.000000e-01 0.000000e+00
3.964962e-04 1.144591e-04 3.919993e-01 1.575000e+00 5.000000e-01 0.000000e+00
6.528403e-04 1.459811e-04 3.919993e-01 1.625000e+00 5.000000e-01 0.000000e+00
7.677421e-04 1.567161e-04 3.919993e-01 1.675000e+00 5.000000e-01 0.000000e+00
8.876502e-04 1.677520e-04 3.919993e-01 1.725000e+00 5.000000e-01 0.000000e+00
4.411259e-04 1.178968e-04 3.919993e-01 1.775000e+00 5.000000e-01 0.000000e+00
4.315240e-04 1.153305e-04 3.919993e-01 1.825000e+00 5.000000e-01 0.000000e+00
3.023999e-04 9.562793e-05 3.919993e-01 1.875000e+00 5.000000e-01 0.000000e+00
3.611847e-04 1.042658e-04 3.919993e-01 1.925000e+00 5.000000e-01 0.000000e+00
1.764087e-04 7.201957e-05 3.919993e-01 1.975000e+00 5.000000e-01 0.000000e+00
5.760148e-04 1.288035e-04 3.919993e-01 2.025000e+00 5.000000e-01 0.000000e+00
6.250868e-04 1.332703e-04 3.919993e-01 2.075000e+00 5.000000e-01 0.000000e+00
2.767703e-04 8.752298e-05 3.919993e-01 2.125000e+00 5.000000e-01 0.000000e+00
5.981305e-04 1.275242e-04 3.919993e-01 2.175000e+00 5.000000e-01 0.000000e+00
5.358694e-04 1.198270e-04 3.919993e-01 2.225000e+00 5.000000e-01 0.000000e+00
5.255908e-04 1.175276e-04 3.919993e-01 2.275000e+00 5.000000e-01 0.000000e+00
3.056998e-04 8.824949e-05 3.919993e-01 2.325000e+00 5.000000e-01 0.000000e+00
2.996222e-04 8.649544e-05 3.919993e-01 2.375000e+00 5.000000e-01 0.000000e+00
2.435998e-04 7.703465e-05 3.919993e-01 2.425000e+00 5.000000e-01 0.000000e+00
5.666927e-04 1.156815e-04 3.919993e-01 2.475000e+00 5.000000e-01 0.000000e+00
6.847620e-04 1.250237e-04 3.919993e-01 2.525000e+00 5.000000e-01 0.000000e+00
7.149634e-04 1.263930e-04 3.919993e-01 2.575000e+00 5.000000e-01 0.000000e+00
7.727211e-04 1.287912e-04 3.919993e-01 2.625000e+00 5.000000e-01 0.000000e+00
7.864185e-04 1.275850e-04 3.919993e-01 2.675000e+00 5.000000e-01 0.000000e+00
7.557753e-04 1.226112e-04 3.919993e-01 2.725000e+00 5.000000e-01 0.000000e+00
1.142915e-03 1.475643e-04 3.919993e-01 2.775000e+00 5.000000e-01 0.000000e+00
1.034565e-03 1.358598e-04 3.919993e-01 2.825000e+00 5.000000e-01 0.000000e+00
8.510227e-04 1.180331e-04 3.919993e-01 2.875000e+00 5.000000e-01 0.000000e+00
5.118391e-01 4.657329e-03 4.019993e-01 2.500000e-02 5.000000e-01 0.000000e+00
1.037458e-01 2.101137e-03 4.019993e-01 7.500000e-02 5.000000e-01 0.000000e+00
8.604728e-03 5.995213e-04 4.019993e-01 1.250000e-01 5.000000e-01 0.000000e+00
5.794717e-03 4.968938e-04 4.019993e-01 1.750000e-01 5.000000e-01 0.000000e+00
5.447985e-03 4.741875e-04 4.019993e-01 2.250000e-01 5.000000e-01 0.000000e+00
4.999616e-03 4.602533e-04 4.019993e-01 2.750000e-01 5.000000e-01 0.000000e+00
4.335835e-03 4.211347e-04 4.019993e-01 3.250000e-01 5.000000e-01 0.000000e+00
4.407870e-03 4.281314e-04 4.019993e-01 3.750000e-01 5.000000e-01 0.000000e+00
4.431638e-03 4.225414e-04 4.019993e-01 4.250000e-01 5.000000e-01 0.000000e+00
4.346786e-03 4.221982e-04 4.019993e-01 4.750000e-01 5.000000e-01 0.000000e+00
3.251115e-03 3.590265e-04 4.019993e-01 5.250000e-01 5.000000e-01 0.000000e+00
2.810260e-03 3.358916e-04 4.019993e-01 5.750000e-01 5.000000e-01 0.000000e+00
3.533756e-03 3.724916e-04 4.019993e-01 6.250000e-01 5.000000e-01 0.000000e+00
2.869299e-03 3.381511e-04 4.019993e-01 6.750000e-01 5.000000e-01 0.000000e+00
2.475754e-03 3.094705e-04 4.019993e-01 7.250000e-01 5.000000e-01 0.000000e+00
2.503210e-03 3.129024e-04 4.019993e-01 7.750000e-01 5.000000e-01 0.000000e+00
2.532832e-03 3.117710e-04 4.019993e-01 8.250000e-01 5.000000e-01 0.000000e+00
2.897116e-03 3.323235e-04 4.019993e-01 8.750000e-01 5.000000e-01 0.000000e+00
2.412626e-03 3.015793e-04 4.019993e-01 9.250000e-01 5.000000e-01 0.000000e+00
2.173325e-03 2.853729e-04 4.019993e-01 9.750000e-01 5.000000e-01 0.000000e+00
1.794650e-03 2.590367e-04 4.019993e-01 1.025000e+00 5.000000e-01 0.000000e+00
1.607130e-03 2.422847e-04 4.019993e-01 1.075000e+00 5.000000e-01 0.000000e+00
1.099354e-03 2.007142e-04 4.019993e-01 1.125000e+00 5.000000e-01 0.000000e+00
8.686328e-04 1.773097e-04 4.019993e-01 1.175000e+00 5.000000e-01 0.000000e+00
1.641321e-03 2.420007e-04 4.019993e-01 1.225000e+00 5.000000e-01 0.000000e+00
1.411126e-03 2.231203e-04 4.019993e-01 1.275000e+00 5.000000e-01 0.000000e+00
1.401528e-03 2.216025e-04 4.019993e-01 1.325000e+00 5.000000e-01 0.000000e+00
8.395168e-04 1.713663e-04 4.019993e-01 1.375000e+00 5.000000e-01 0.000000e+00
8.937446e-04 1.752790e-04 4.019993e-01 1.425000e+00 5.000000e-01 0.000000e+00
4.714271e-04 1.259948e-04 4.019993e-01 1.475000e+00 5.000000e-01 0.000000e+00
4.700201e-04 1.256186e-04 4.019993e-01 1.525000e+00 5.000000e-01 0.000000e+00
6.611181e-04 1.478324e-04 4.019993e-01 1.575000e+00 5.000000e-01 0.000000e+00
3.911752e-04 1.129240e-04 4.019993e-01 1.625000e+00 5.000000e-01 0.000000e+00
7.737674e-04 1.579465e-04 4.019993e-01 1.675000e+00 5.000000e-01 0.000000e+00
3.820617e-04 1.102933e-04 4.019993e-01 1.725000e+00 5.000000e-01 0.000000e+00
1.255894e-04 6.279479e-05 4.019993e-01 1.775000e+00 5.000000e-01 0.000000e+00
5.596434e-04 1.319109e-04 4.019993e-01 1.825000e+00 5.000000e-01 0.000000e+00
4.861243e-04 1.215327e-04 4.019993e-01 1.875000e+00 5.000000e-01 0.000000e+00
4.173022e-04 1.115299e-04 4.019993e-01 1.925000e+00 5.000000e-01 0.000000e+00
4.764690e-04 1.191185e-04 4.019993e-01 1.975000e+00 5.000000e-01 0.000000e+00
2.893432e-04 9.149914e-05 4.019993e-01 2.025000e+00 5.000000e-01 0.000000e+00
5.132274e-04 1.209716e-04 4.019993e-01 2.075000e+00 5.000000e-01 0.000000e+00
6.162220e-04 1.313819e-04 4.019993e-01 2.125000e+00 5.000000e-01 0.000000e+00
2.721837e-04 8.607337e-05 4.019993e-01 2.175000e+00 5.000000e-01 0.000000e+00
3.200240e-04 9.238468e-05 4.019993e-01 2.225000e+00 5.000000e-01 0.000000e+00
5.249020e-04 1.173746e-04 4.019993e-01 2.275000e+00 5.000000e-01 0.000000e+00
3.096966e-04 8.940234e-05 4.019993e-01 2.325000e+00 5.000000e-01 0.000000e+00
5.496025e-04 1.171764e-04 4.019993e-01 2.375000e+00 5.000000e-01 0.000000e+00
2.443588e-04 7.727674e-05 4.019993e-01 2.425000e+00 5.000000e-01 0.000000e+00
6.157365e-04 1.207607e-04 4.019993e-01 2.475000e+00 5.000000e-01 0.000000e+00
6.923458e-04 1.264097e-04 4.019993e-01 2.525000e+00 5.000000e-01 0.000000e+00
7.588584e-04 1.301477e-04 4.019993e-01 2.575000e+00 5.000000e-01 0.000000e+00
8.186747e-04 1.328131e-04 4.019993e-01 2.625000e+00 5.000000e-01 0.000000e+00
4.170064e-04 9.324946e-05 4.019993e-01 2.675000e+00 5.000000e-01 0.000000e+00
7.969440e-04 1.260180e-04 4.019993e-01 2.725000e+00 5.000000e-01 0.000000e+00
8.686974e-04 1.280956e-04 4.019993e-01 2.775000e+00 5.000000e-01 0.000000e+00
8.720447e-04 1.233378e-04 4.019993e-01 2.825000e+00 5.000000e-01 0.000000e+00
9.135231e-04 1.199662e-04 4.019993e-01 2.875000e+00 5.000000e-01 0.000000e+00
5.151242e-01 4.686832e-03 4.119993e-01 2.500000e-02 5.000000e-01 0.000000e+00
1.082600e-01 2.156594e-03 4.119993e-01 7.500000e-02 5.000000e-01 0.000000e+00
8.578946e-03 5.977250e-04 4.119993e-01 1.250000e-01 5.000000e-01 0.000000e+00
5.053490e-03 4.652128e-04 4.119993e-01 1.750000e-01 5.000000e-01 0.000000e+00
5.487727e-03 4.776466e-04 4.119993e-01 2.250000e-01 5.000000e-01 0.000000e+00
4.129140e-03 4.171075e-04 4.119993e-01 2.750000e-01 5.000000e-01 0.000000e+00
3.705860e-03 3.906332e-04 4.119993e-01 3.250000e-01 5.000000e-01 0.000000e+00
4.159360e-03 4.159373e-04 4.119993e-01 3.750000e-01 5.000000e-01 0.000000e+00
4.248000e-03 4.165520e-04 4.119993e-01 4.250000e-01 5.000000e-01 0.000000e+00
4.051473e-03 4.051487e-04 4.119993e-01 4.750000e-01 5.000000e-01 0.000000e+00
4.538115e-03 4.288131e-04 4.119993e-01 5.250000e-01 5.000000e-01 0.000000e+00
3.375919e-03 3.683440e-04 4.119993e-01 5.750000e-01 5.000000e-01 0.000000e+00
3.504734e-03 3.736072e-04 4.119993e-01 6.250000e-01 5.000000e-01 0.000000e+00
2.350796e-03 3.034875e-04 4.119993e-01 6.750000e-01 5.000000e-01 0.000000e+00
3.145249e-03 3.516507e-04 4.119993e-01 7.250000e-01 5.000000e-01 0.000000e+00
3.115589e-03 3.483348e-04 4.119993e-01 7.750000e-01 5.000000e-01 0.000000e+00
2.685457e-03 3.209746e-04 4.119993e-01 8.250000e-01 5.000000e-01 0.000000e+00
2.548345e-03 3.136806e-04 4.119993e-01 8.750000e-01 5.000000e-01 0.000000e+00
2.052820e-03 2.793544e-04 4.119993e-01 9.250000e-01 5.000000e-01 0.000000e+00
2.327858e-03 2.956396e-04 4.119993e-01 9.750000e-01 5.000000e-01 0.000000e+00
1.705415e-03 2.514506e-04 4.119993e-01 1.025000e+00 5.000000e-01 0.000000e+00
1.942074e-03 2.693182e-04 4.119993e-01 1.075000e+00 5.000000e-01 0.000000e+00
1.473917e-03 2.330477e-04 4.119993e-01 1.125000e+00 5.000000e-01 0.000000e+00
7.266762e-04 1.624901e-04 4.119993e-01 1.175000e+00 5.000000e-01 0.000000e+00
8.557026e-04 1.746703e-04 4.119993e-01 1.225000e+00 5.000000e-01 0.000000e+00
8.571703e-04 1.749700e-04 4.119993e-01 1.275000e+00 5.000000e-01 0.000000e+00
7.729382e-04 1.647921e-04 4.119993e-01 1.325000e+00 5.000000e-01 0.000000e+00
1.322468e-03 2.145338e-04 4.119993e-01 1.375000e+00 5.000000e-01 0.000000e+00
8.267522e-04 1.687609e-04 4.119993e-01 1.425000e+00 5.000000e-01 0.000000e+00
5.474232e-04 1.368568e-04 4.119993e-01 1.475000e+00 5.000000e-01 0.000000e+00
9.485275e-04 1.792563e-04 4.119993e-01 1.525000e+00 5.000000e-01 0.000000e+00
5.289248e-04 1.322318e-04 4.119993e-01 1.575000e+00 5.000000e-01 0.000000e+00
6.520617e-04 1.458063e-04 4.119993e-01 1.625000e+00 5.000000e-01 0.000000e+00
3.899493e-04 1.125696e-04 4.119993e-01 1.675000e+00 5.000000e-01 0.000000e+00
5.783819e-04 1.363272e-04 4.119993e-01 1.725000e+00 5.000000e-01 0.000000e+00
3.142658e-04 9.938072e-05 4.119993e-01 1.775000e+00 5.000000e-01 0.000000e+00
3.095368e-04 9.788535e-05 4.119993e-01 1.825000e+00 5.000000e-01 0.000000e+00
4.257716e-04 1.137938e-04 4.119993e-01 1.875000e+00 5.000000e-01 0.000000e+00
3.591778e-04 1.036871e-04 4.119993e-01 1.925000e+00 5.000000e-01 0.000000e+00
4.165623e-04 1.113335e-04 4.119993e-01 1.975000e+00 5.000000e-01 0.000000e+00
4.703351e-04 1.175852e-04 4.119993e-01 2.025000e+00 5.000000e-01 0.000000e+00
5.698785e-04 1.274311e-04 4.119993e-01 2.075000e+00 5.000000e-01 0.000000e+00
2.795533e-04 8.840372e-05 4.119993e-01 2.125000e+00 5.000000e-01 0.000000e+00
4.952465e-04 1.167330e-04 4.119993e-01 2.175000e+00 5.000000e-01 0.000000e+00
4.826766e-04 1.137694e-04 4.119993e-01 2.225000e+00 5.000000e-01 0.000000e+00
5.776280e-04 1.231531e-04 4.119993e-01 2.275000e+00 5.000000e-01 0.000000e+00
4.104656e-04 1.026201e-04 4.119993e-01 2.325000e+00 5.000000e-01 0.000000e+00
3.498729e-04 9.351047e-05 4.119993e-01 2.375000e+00 5.000000e-01 0.000000e+00
2.914703e-04 8.414113e-05 4.119993e-01 2.425000e+00 5.000000e-01 0.000000e+00
7.155371e-04 1.306435e-04 4.119993e-01 2.475000e+00 5.000000e-01 0.000000e+00
5.525096e-04 1.127860e-04 4.119993e-01 2.525000e+00 5.000000e-01 0.000000e+00
4.457175e-04 9.967184e-05 4.119993e-01 2.575000e+00 5.000000e-01 0.000000e+00
6.896412e-04 1.219187e-04 4.119993e-01 2.625000e+00 5.000000e-01 0.000000e+00
2.505300e-04 7.232318e-05 4.119993e-01 2.675000e+00 5.000000e-01 0.000000e+00
9.176918e-04 1.353162e-04 4.119993e-01 2.725000e+00 5.000000e-01 0.000000e+00
8.564905e-04 1.262912e-04 4.119993e-01 2.775000e+00 5.000000e-01 0.000000e+00
5.435676e-04 9.610113e-05 4.119993e-01 2.825000e+00 5.000000e-01 0.000000e+00
9.277654e-04 1.197911e-04 4.119993e-01 2.875000e+00 5.000000e-01 0.000000e+00
5.135818e-01 4.674347e-03 4.219993e-01 2.500000e-02 5.000000e-01 0.000000e+00
1.118357e-01 2.204331e-03 4.219993e-01 7.500000e-02 5.000000e-01 0.000000e+00
8.798568e-03 6.100726e-04 4.219993e-01 1.250000e-01 5.000000e-01 0.000000e+00
6.251813e-03 5.174049e-04 4.219993e-01 1.750000e-01 5.000000e-01 0.000000e+00
5.839436e-03 4.935240e-04 4.219993e-01 2.250000e-01 5.000000e-01 0.000000e+00
3.886219e-03 4.051675e-04 4.219993e-01 2.750000e-01 5.000000e-01 0.000000e+00
2.774583e-03 3.415285e-04 4.219993e-01 3.250000e-01 5.000000e-01 0.000000e+00
5.061710e-03 4.545563e-04 4.219993e-01 3.750000e-01 5.000000e-01 0.000000e+00
3.831608e-03 3.994738e-04 4.219993e-01 4.250000e-01 5.000000e-01 0.000000e+00
3.804805e-03 3.924367e-04 4.219993e-01 4.750000e-01 5.000000e-01 0.000000e+00
3.614917e-03 3.853524e-04 4.219993e-01 5.250000e-01 5.000000e-01 0.000000e+00
2.538175e-03 3.172726e-04 4.219993e-01 5.750000e-01 5.000000e-01 0.000000e+00
3.940141e-03 3.980158e-04 4.219993e-01 6.250000e-01 5.000000e-01 0.000000e+00
4.032464e-03 3.992748e-04 4.219993e-01 6.750000e-01 5.000000e-01 0.000000e+00
2.371712e-03 3.061879e-04 4.219993e-01 7.250000e-01 5.000000e-01 0.000000e+00
3.394391e-03 3.618445e-04 4.219993e-01 7.750000e-01 5.000000e-01 0.000000e+00
2.730133e-03 3.263143e-04 4.219993e-01 8.250000e-01 5.000000e-01 0.000000e+00
2.458695e-03 3.073380e-04 4.219993e-01 8.750000e-01 5.000000e-01 0.000000e+00
2.607737e-03 3.162363e-04 4.219993e-01 9.250000e-01 5.000000e-01 0.000000e+00
1.495037e-03 2.363872e-04 4.219993e-01 9.750000e-01 5.000000e-01 0.000000e+00
1.499234e-03 2.370508e-04 4.219993e-01 1.025000e+00 5.000000e-01 0.000000e+00
1.564078e-03 2.413439e-04 4.219993e-01 1.075000e+00 5.000000e-01 0.000000e+00
1.176179e-03 2.079216e-04 4.219993e-01 1.125000e+00 5.000000e-01 0.000000e+00
1.242281e-03 2.130508e-04 4.219993e-01 1.175000e+00 5.000000e-01 0.000000e+00
1.662733e-03 2.451580e-04 4.219993e-01 1.225000e+00 5.000000e-01 0.000000e+00
1.147214e-03 2.028020e-04 4.219993e-01 1.275000e+00 5.000000e-01 0.000000e+00
8.476312e-04 1.730231e-04 4.219993e-01 1.325000e+00 5.000000e-01 0.000000e+00
7.660941e-04 1.633329e-04 4.219993e-01 1.375000e+00 5.000000e-01 0.000000e+00
1.245801e-03 2.076350e-04 4.219993e-01 1.425000e+00 5.000000e-01 0.000000e+00
6.861794e-04 1.534349e-04 4.219993e-01 1.475000e+00 5.000000e-01 0.000000e+00
6.091384e-04 1.435767e-04 4.219993e-01 1.525000e+00 5.000000e-01 0.000000e+00
7.338627e-04 1.564610e-04 4.219993e-01 1.575000e+00 5.000000e-01 0.000000e+00
7.259097e-04 1.547656e-04 4.219993e-01 1.625000e+00 5.000000e-01 0.000000e+00
7.154463e-04 1.525351e-04 4.219993e-01 1.675000e+00 5.000000e-01 0.000000e+00
2.562194e-04 9.058757e-05 4.219993e-01 1.725000e+00 5.000000e-01 0.000000e+00
8.276192e-04 1.623112e-04 4.219993e-01 1.775000e+00 5.000000e-01 0.000000e+00
3.118070e-04 9.860328e-05 4.219993e-01 1.825000e+00 5.000000e-01 0.000000e+00
9.782142e-04 1.729274e-04 4.219993e-01 1.875000e+00 5.000000e-01 0.000000e+00
5.439492e-04 1.282105e-04 4.219993e-01 1.925000e+00 5.000000e-01 0.000000e+00
2.959021e-04 9.357301e-05 4.219993e-01 1.975000e+00 5.000000e-01 0.000000e+00
6.401602e-04 1.364838e-04 4.219993e-01 2.025000e+00 5.000000e-01 0.000000e+00
6.350716e-04 1.354008e-04 4.219993e-01 2.075000e+00 5.000000e-01 0.000000e+00
4.506876e-04 1.126737e-04 4.219993e-01 2.125000e+00 5.000000e-01 0.000000e+00
2.767244e-04 8.750944e-05 4.219993e-01 2.175000e+00 5.000000e-01 0.000000e+00
4.894556e-04 1.153663e-04 4.219993e-01 2.225000e+00 5.000000e-01 0.000000e+00
3.707629e-04 9.909193e-05 4.219993e-01 2.275000e+00 5.000000e-01 0.000000e+00
6.198610e-04 1.265314e-04 4.219993e-01 2.325000e+00 5.000000e-01 0.000000e+00
4.023241e-04 1.005853e-04 4.219993e-01 2.375000e+00 5.000000e-01 0.000000e+00
4.429877e-04 1.044161e-04 4.219993e-01 2.425000e+00 5.000000e-01 0.000000e+00
4.262321e-04 1.004695e-04 4.219993e-01 2.475000e+00 5.000000e-01 0.000000e+00
2.788875e-04 8.050925e-05 4.219993e-01 2.525000e+00 5.000000e-01 0.000000e+00
7.181270e-04 1.269556e-04 4.219993e-01 2.575000e+00 5.000000e-01 0.000000e+00
6.043172e-04 1.142127e-04 4.219993e-01 2.625000e+00 5.000000e-01 0.000000e+00
4.989434e-04 1.018522e-04 4.219993e-01 2.675000e+00 5.000000e-01 0.000000e+00
5.904398e-04 1.078091e-04 4.219993e-01 2.725000e+00 5.000000e-01 0.000000e+00
1.157492e-03 1.446991e-04 4.219993e-01 2.775000e+00 5.000000e-01 0.000000e+00
7.854282e-04 1.133749e-04 4.219993e-01 2.825000e+00 5.000000e-01 0.000000e+00
7.965145e-04 1.104703e-04 4.219993e-01 2.875000e+00 5.000000e-01 0.000000e+00
4.999192e-01 4.658946e-03 4.319993e-01 2.500000e-02 5.000000e-01 0.000000e+00
1.079927e-01 2.158995e-03 4.319993e-01 7.500000e-02 5.000000e-01 0.000000e+00
9.035538e-03 6.176583e-04 4.319993e-01 1.250000e-01 5.000000e-01 0.000000e+00
5.728267e-03 4.948483e-04 4.319993e-01 1.750000e-01 5.000000e-01 0.000000e+00
6.434795e-03 5.254003e-04 4.319993e-01 2.250000e-01 5.000000e-01 0.000000e+00
5.625921e-03 4.824202e-04 4.319993e-01 2.750000e-01 5.000000e-01 0.000000e+00
6.196599e-03 5.128355e-04 4.319993e-01 3.250000e-01 5.000000e-01 0.000000e+00
3.803878e-03 3.965829e-04 4.319993e-01 3.750000e-01 5.000000e-01 0.000000e+00
5.104103e-03 4.621051e-04 4.319993e-01 4.250000e-01 5.000000e-01 0.000000e+00
4.550807e-03 4.300125e-04 4.319993e-01 4.750000e-01 5.000000e-01 0.000000e+00
3.031940e-03 3.524565e-04 4.319993e-01 5.250000e-01 5.000000e-01 0.000000e+00
4.797465e-03 4.416441e-04 4.319993e-01 5.750000e-01 5.000000e-01 0.000000e+00
4.324219e-03 4.160994e-04 4.319993e-01 6.250000e-01 5.000000e-01 0.000000e+00
2.774249e-03 3.315874e-04 4.319993e-01 6.750000e-01 5.000000e-01 0.000000e+00
3.385067e-03 3.650225e-04 4.319993e-01 7.250000e-01 5.000000e-01 0.000000e+00
3.506129e-03 3.737561e-04 4.319993e-01 7.750000e-01 5.000000e-01 0.000000e+00
2.561954e-03 3.153560e-04 4.319993e-01 8.250000e-01 5.000000e-01 0.000000e+00
2.254591e-03 2.960437e-04 4.319993e-01 8.750000e-01 5.000000e-01 0.000000e+00
2.825982e-03 3.285153e-04 4.319993e-01 9.250000e-01 5.000000e-01 0.000000e+00
1.534182e-03 2.425762e-04 4.319993e-01 9.750000e-01 5.000000e-01 0.000000e+00
1.951637e-03 2.706450e-04 4.319993e-01 1.025000e+00 5.000000e-01 0.000000e+00
1.558395e-03 2.404666e-04 4.319993e-01 1.075000e+00 5.000000e-01 0.000000e+00
1.321501e-03 2.202511e-04 4.319993e-01 1.125000e+00 5.000000e-01 0.000000e+00
2.063173e-03 2.757047e-04 4.319993e-01 1.175000e+00 5.000000e-01 0.000000e+00
1.165995e-03 2.061222e-04 4.319993e-01 1.225000e+00 5.000000e-01 0.000000e+00
1.433854e-03 2.267134e-04 4.319993e-01 1.275000e+00 5.000000e-01 0.000000e+00
1.133332e-03 2.003483e-04 4.319993e-01 1.325000e+00 5.000000e-01 0.000000e+00
9.078913e-04 1.780530e-04 4.319993e-01 1.375000e+00 5.000000e-01 0.000000e+00
1.196904e-03 2.052684e-04 4.319993e-01 1.425000e+00 5.000000e-01 0.000000e+00
8.224690e-04 1.678876e-04 4.319993e-01 1.475000e+00 5.000000e-01 0.000000e+00
9.515970e-04 1.798360e-04 4.319993e-01 1.525000e+00 5.000000e-01 0.000000e+00
7.322804e-04 1.561240e-04 4.319993e-01 1.575000e+00 5.000000e-01 0.000000e+00
3.295309e-04 1.042073e-04 4.319993e-01 1.625000e+00 5.000000e-01 0.000000e+00
5.908625e-04 1.392690e-04 4.319993e-01 1.675000e+00 5.000000e-01 0.000000e+00
3.217457e-04 1.017464e-04 4.319993e-01 1.725000e+00 5.000000e-01 0.000000e+00
4.484265e-04 1.198475e-04 4.319993e-01 1.775000e+00 5.000000e-01 0.000000e+00
4.403162e-04 1.176804e-04 4.319993e-01 1.825000e+00 5.000000e-01 0.000000e+00
4.296296e-04 1.148241e-04 4.319993e-01 1.875000e+00 5.000000e-01 0.000000e+00
5.440435e-04 1.282339e-04 4.319993e-01 1.925000e+00 5.000000e-01 0.000000e+00
1.779447e-04 7.264573e-05 4.319993e-01 1.975000e+00 5.000000e-01 0.000000e+00
4.076875e-04 1.089601e-04 4.319993e-01 2.025000e+00 5.000000e-01 0.000000e+00
3.989156e-04 1.066160e-04 4.319993e-01 2.075000e+00 5.000000e-01 0.000000e+00
6.185318e-04 1.318728e-04 4.319993e-01 2.125000e+00 5.000000e-01 0.000000e+00
6.066817e-04 1.293469e-04 4.319993e-01 2.175000e+00 5.000000e-01 0.000000e+00
3.776415e-04 1.009303e-04 4.319993e-01 2.225000e+00 5.000000e-01 0.000000e+00
5.779839e-04 1.232289e-04 4.319993e-01 2.275000e+00 5.000000e-01 0.000000e+00
6.178125e-04 1.261134e-04 4.319993e-01 2.325000e+00 5.000000e-01 0.000000e+00
5.046773e-04 1.128532e-04 4.319993e-01 2.375000e+00 5.000000e-01 0.000000e+00
9.790856e-05 4.895429e-05 4.319993e-01 2.425000e+00 5.000000e-01 0.000000e+00
3.346206e-04 8.943475e-05 4.319993e-01 2.475000e+00 5.000000e-01 0.000000e+00
6.482742e-04 1.225158e-04 4.319993e-01 2.525000e+00 5.000000e-01 0.000000e+00
4.478642e-04 1.001490e-04 4.319993e-01 2.575000e+00 5.000000e-01 0.000000e+00
3.023443e-04 8.081038e-05 4.319993e-01 2.625000e+00 5.000000e-01 0.000000e+00
4.932056e-04 1.006841e-04 4.319993e-01 2.675000e+00 5.000000e-01 0.000000e+00
1.340800e-03 1.602683e-04 4.319993e-01 2.725000e+00 5.000000e-01 0.000000e+00
1.082696e-03 1.375149e-04 4.319993e-01 2.775000e+00 5.000000e-01 0.000000e+00
9.100528e-04 1.216241e-04 4.319993e-01 2.825000e+00 5.000000e-01 0.000000e+00
1.168244e-03 1.340231e-04 4.319993e-01 2.875000e+00 5.000000e-01 0.000000e+00
5.141522e-01 4.684196e-03 4.419993e-01 2.500000e-02 5.000000e-01 0.000000e+00
1.159792e-01 2.250436e-03 4.419993e-01 7.500000e-02 5.000000e-01 0.000000e+00
8.712944e-03 6.100298e-04 4.419993e-01 1.250000e-01 5.000000e-01 0.000000e+00
7.445078e-03 5.644115e-04 4.419993e-01 1.750000e-01 5.000000e-01 0.000000e+00
4.740779e-03 4.520169e-04 4.419993e-01 2.250000e-01 5.000000e-01 0.000000e+00
5.448793e-03 4.778918e-04 4.419993e-01 2.750000e-01 5.000000e-01 0.000000e+00
4.598872e-03 4.425277e-04 4.419993e-01 3.250000e-01 5.000000e-01 0.000000e+00
3.871805e-03 3.993472e-04 4.419993e-01 3.750000e-01 5.000000e-01 0.000000e+00
3.607983e-03 3.890602e-04 4.419993e-01 4.250000e-01 5.000000e-01 0.000000e+00
4.083235e-03 4.124705e-04 4.419993e-01 4.750000e-01 5.000000e-01 0.000000e+00
3.507267e-03 3.781995e-04 4.419993e-01 5.250000e-01 5.000000e-01 0.000000e+00
2.874106e-03 3.435224e-04 4.419993e-01 5.750000e-01 5.000000e-01 0.000000e+00
1.985161e-03 2.807454e-04 4.419993e-01 6.250000e-01 5.000000e-01 0.000000e+00
2.508662e-03 3.186014e-04 4.419993e-01 6.750000e-01 5.000000e-01 0.000000e+00
3.400988e-03 3.667394e-04 4.419993e-01 7.250000e-01 5.000000e-01 0.000000e+00
2.936686e-03 3.413840e-04 4.419993e-01 7.750000e-01 5.000000e-01 0.000000e+00
2.262497e-03 2.970815e-04 4.419993e-01 8.250000e-01 5.000000e-01 0.000000e+00
2.409815e-03 3.060479e-04 4.419993e-01 8.750000e-01 5.000000e-01 0.000000e+00
1.389252e-03 2.315428e-04 4.419993e-01 9.250000e-01 5.000000e-01 0.000000e+00
2.753199e-03 3.244691e-04 4.419993e-01 9.750000e-01 5.000000e-01 0.000000e+00
1.964197e-03 2.723864e-04 4.419993e-01 1.025000e+00 5.000000e-01 0.000000e+00
1.418388e-03 2.300938e-04 4.419993e-01 1.075000e+00 5.000000e-01 0.000000e+00
1.191366e-03 2.106067e-04 4.419993e-01 1.125000e+00 5.000000e-01 0.000000e+00
9.586474e-04 1.880068e-04 4.419993e-01 1.175000e+00 5.000000e-01 0.000000e+00
1.681267e-03 2.478905e-04 4.419993e-01 1.225000e+00 5.000000e-01 0.000000e+00
6.446908e-04 1.519558e-04 4.419993e-01 1.275000e+00 5.000000e-01 0.000000e+00
5.655317e-04 1.413832e-04 4.419993e-01 1.325000e+00 5.000000e-01 0.000000e+00
6.367451e-04 1.500830e-04 4.419993e-01 1.375000e+00 5.000000e-01 0.000000e+00
1.194989e-03 2.049398e-04 4.419993e-01 1.425000e+00 5.000000e-01 0.000000e+00
9.658467e-04 1.825290e-04 4.419993e-01 1.475000e+00 5.000000e-01 0.000000e+00
5.465089e-04 1.366279e-04 4.419993e-01 1.525000e+00 5.000000e-01 0.000000e+00
6.698921e-04 1.497938e-04 4.419993e-01 1.575000e+00 5.000000e-01 0.000000e+00
3.973099e-04 1.146944e-04 4.419993e-01 1.625000e+00 5.000000e-01 0.000000e+00
4.588217e-04 1.226258e-04 4.419993e-01 1.675000e+00 5.000000e-01 0.000000e+00
5.867519e-04 1.383002e-04 4.419993e-01 1.725000e+00 5.000000e-01 0.000000e+00
5.105767e-04 1.276452e-04 4.419993e-01 1.775000e+00 5.000000e-01 0.000000e+00
5.657752e-04 1.333564e-04 4.419993e-01 1.825000e+00 5.000000e-01 0.000000e+00
1.865533e-04 7.616040e-05 4.419993e-01 1.875000e+00 5.000000e-01 0.000000e+00
6.683836e-04 1.425018e-04 4.419993e-01 1.925000e+00 5.000000e-01 0.000000e+00
9.583898e-04 1.694246e-04 4.419993e-01 1.975000e+00 5.000000e-01 0.000000e+00
2.938376e-04 9.292130e-05 4.419993e-01 2.025000e+00 5.000000e-01 0.000000e+00
4.588505e-04 1.147134e-04 4.419993e-01 2.075000e+00 5.000000e-01 0.000000e+00
3.964534e-04 1.059583e-04 4.419993e-01 2.125000e+00 5.000000e-01 0.000000e+00
2.765809e-04 8.746437e-05 4.419993e-01 2.175000e+00 5.000000e-01 0.000000e+00
2.707837e-04 8.563153e-05 4.419993e-01 2.225000e+00 5.000000e-01 0.000000e+00
2.654371e-04 8.393994e-05 4.419993e-01 2.275000e+00 5.000000e-01 0.000000e+00
6.211604e-04 1.267959e-04 4.419993e-01 2.325000e+00 5.000000e-01 0.000000e+00
6.051357e-04 1.235286e-04 4.419993e-01 2.375000e+00 5.000000e-01 0.000000e+00
4.938650e-04 1.104355e-04 4.419993e-01 2.425000e+00 5.000000e-01 0.000000e+00
4.331698e-04 1.021035e-04 4.419993e-01 2.475000e+00 5.000000e-01 0.000000e+00
4.183442e-04 9.860707e-05 4.419993e-01 2.525000e+00 5.000000e-01 0.000000e+00
5.378867e-04 1.098021e-04 4.419993e-01 2.575000e+00 5.000000e-01 0.000000e+00
3.482204e-04 8.705682e-05 4.419993e-01 2.625000e+00 5.000000e-01 0.000000e+00
6.057162e-04 1.105925e-04 4.419993e-01 2.675000e+00 5.000000e-01 0.000000e+00
7.023154e-04 1.139401e-04 4.419993e-01 2.725000e+00 5.000000e-01 0.000000e+00
9.243222e-04 1.257885e-04 4.419993e-01 2.775000e+00 5.000000e-01 0.000000e+00
9.114411e-04 1.218111e-04 4.419993e-01 2.825000e+00 5.000000e-01 0.000000e+00
1.189701e-03 1.364834e-04 4.419993e-01 2.875000e+00 5.000000e-01 0.000000e+00
5.062403e-01 4.722779e-03 4.519992e-01 2.500000e-02 5.000000e-01 0.000000e+00
1.106657e-01 2.188938e-03 4.519992e-01 7.500000e-02 5.000000e-01 0.000000e+00
9.194520e-03 6.314840e-04 4.519992e-01 1.250000e-01 5.000000e-01 0.000000e+00
5.923383e-03 5.042332e-04 4.519992e-01 1.750000e-01 5.000000e-01 0.000000e+00
6.772071e-03 5.422009e-04 4.519992e-01 2.250000e-01 5.000000e-01 0.000000e+00
4.866301e-03 4.518257e-04 4.519992e-01 2.750000e-01 5.000000e-01 0.000000e+00
5.331363e-03 4.749569e-04 4.519992e-01 3.250000e-01 5.000000e-01 0.000000e+00
4.102075e-03 4.186677e-04 4.519992e-01 3.750000e-01 5.000000e-01 0.000000e+00
4.192978e-03 4.151678e-04 4.519992e-01 4.250000e-01 5.000000e-01 0.000000e+00
3.545996e-03 3.869010e-04 4.519992e-01 4.750000e-01 5.000000e-01 0.000000e+00
3.396908e-03 3.706343e-04 4.519992e-01 5.250000e-01 5.000000e-01 0.000000e+00
3.201047e-03 3.624483e-04 4.519992e-01 5.750000e-01 5.000000e-01 0.000000e+00
2.430395e-03 3.137640e-04 4.519992e-01 6.250000e-01 5.000000e-01 0.000000e+00
3.129296e-03 3.543240e-04 4.519992e-01 6.750000e-01 5.000000e-01 0.000000e+00
2.726085e-03 3.305876e-04 4.519992e-01 7.250000e-01 5.000000e-01 0.000000e+00
2.738271e-03 3.272871e-04 4.519992e-01 7.750000e-01 5.000000e-01 0.000000e+00
2.553355e-03 3.191706e-04 4.519992e-01 8.250000e-01 5.000000e-01 0.000000e+00
2.567296e-03 3.160136e-04 4.519992e-01 8.750000e-01 5.000000e-01 0.000000e+00
2.660022e-03 3.225764e-04 4.519992e-01 9.250000e-01 5.000000e-01 0.000000e+00
1.884898e-03 2.665659e-04 4.519992e-01 9.750000e-01 5.000000e-01 0.000000e+00
1.144775e-03 2.090070e-04 4.519992e-01 1.025000e+00 5.000000e-01 0.000000e+00
1.577732e-03 2.434507e-04 4.519992e-01 1.075000e+00 5.000000e-01 0.000000e+00
1.510591e-03 2.388465e-04 4.519992e-01 1.125000e+00 5.000000e-01 0.000000e+00
1.993895e-03 2.713361e-04 4.519992e-01 1.175000e+00 5.000000e-01 0.000000e+00
9.504286e-04 1.863948e-04 4.519992e-01 1.225000e+00 5.000000e-01 0.000000e+00
7.893421e-04 1.682894e-04 4.519992e-01 1.275000e+00 5.000000e-01 0.000000e+00
9.979587e-04 1.885974e-04 4.519992e-01 1.325000e+00 5.000000e-01 0.000000e+00
8.571173e-04 1.749595e-04 4.519992e-01 1.375000e+00 5.000000e-01 0.000000e+00
7.729824e-04 1.648010e-04 4.519992e-01 1.425000e+00 5.000000e-01 0.000000e+00
9.019771e-04 1.768932e-04 4.519992e-01 1.475000e+00 5.000000e-01 0.000000e+00
6.846675e-04 1.530977e-04 4.519992e-01 1.525000e+00 5.000000e-01 0.000000e+00
5.371695e-04 1.342935e-04 4.519992e-01 1.575000e+00 5.000000e-01 0.000000e+00
6.659840e-04 1.489197e-04 4.519992e-01 1.625000e+00 5.000000e-01 0.000000e+00
9.128915e-04 1.725216e-04 4.519992e-01 1.675000e+00 5.000000e-01 0.000000e+00
5.889686e-04 1.388227e-04 4.519992e-01 1.725000e+00 5.000000e-01 0.000000e+00
7.718484e-04 1.575546e-04 4.519992e-01 1.775000e+00 5.000000e-01 0.000000e+00
1.901769e-04 7.764079e-05 4.519992e-01 1.825000e+00 5.000000e-01 0.000000e+00
5.592902e-04 1.318271e-04 4.519992e-01 1.875000e+00 5.000000e-01 0.000000e+00
4.298311e-04 1.148783e-04 4.519992e-01 1.925000e+00 5.000000e-01 0.000000e+00
4.796157e-04 1.199055e-04 4.519992e-01 1.975000e+00 5.000000e-01 0.000000e+00
5.319748e-04 1.253883e-04 4.519992e-01 2.025000e+00 5.000000e-01 0.000000e+00
3.481243e-04 1.004965e-04 4.519992e-01 2.075000e+00 5.000000e-01 0.000000e+00
5.690096e-04 1.272360e-04 4.519992e-01 2.125000e+00 5.000000e-01 0.000000e+00
3.335701e-04 9.629525e-05 4.519992e-01 2.175000e+00 5.000000e-01 0.000000e+00
5.425366e-04 1.213168e-04 4.519992e-01 2.225000e+00 5.000000e-01 0.000000e+00
6.383144e-04 1.302984e-04 4.519992e-01 2.275000e+00 5.000000e-01 0.000000e+00
6.211027e-04 1.267858e-04 4.519992e-01 2.325000e+00 5.000000e-01 0.000000e+00
4.571923e-04 1.077655e-04 4.519992e-01 2.375000e+00 5.000000e-01 0.000000e+00
8.413642e-04 1.442955e-04 4.519992e-01 2.425000e+00 5.000000e-01 0.000000e+00
6.230778e-04 1.221996e-04 4.519992e-01 2.475000e+00 5.000000e-01 0.000000e+00
7.934542e-04 1.360815e-04 4.519992e-01 2.525000e+00 5.000000e-01 0.000000e+00
5.854582e-04 1.148252e-04 4.519992e-01 2.575000e+00 5.000000e-01 0.000000e+00
4.642157e-04 9.897699e-05 4.519992e-01 2.625000e+00 5.000000e-01 0.000000e+00
4.665883e-04 9.524887e-05 4.519992e-01 2.675000e+00 5.000000e-01 0.000000e+00
8.590618e-04 1.240016e-04 4.519992e-01 2.725000e+00 5.000000e-01 0.000000e+00
7.879697e-04 1.161885e-04 4.519992e-01 2.775000e+00 5.000000e-01 0.000000e+00
6.852348e-04 1.057460e-04 4.519992e-01 2.825000e+00 5.000000e-01 0.000000e+00
8.918068e-04 1.213759e-04 4.519992e-01 2.875000e+00 5.000000e-01 0.000000e+00
4.929018e-01 4.638071e-03 4.619992e-01 2.500000e-02 5.000000e-01 0.000000e+00
1.111148e-01 2.211708e-03 4.619992e-01 7.500000e-02 5.000000e-01 0.000000e+00
7.692272e-03 5.798282e-04 4.619992e-01 1.250000e-01 5.000000e-01 0.000000e+00
5.655977e-03 4.922907e-04 4.619992e-01 1.750000e-01 5.000000e-01 0.000000e+00
5.105705e-03 4.700194e-04 4.619992e-01 2.250000e-01 5.000000e-01 0.000000e+00
3.862502e-03 4.026948e-04 4.619992e-01 2.750000e-01 5.000000e-01 0.000000e+00
4.169271e-03 4.211609e-04 4.619992e-01 3.250000e-01 5.000000e-01 0.000000e+00
4.098576e-03 4.183108e-04 4.619992e-01 3.750000e-01 5.000000e-01 0.000000e+00
3.892124e-03 4.014434e-04 4.619992e-01 4.250000e-01 5.000000e-01 0.000000e+00
3.932938e-03 4.056529e-04 4.619992e-01 4.750000e-01 5.000000e-01 0.000000e+00
3.725732e-03 3.927279e-04 4.619992e-01 5.250000e-01 5.000000e-01 0.000000e+00
2.728757e-03 3.358881e-04 4.619992e-01 5.750000e-01 5.000000e-01 0.000000e+00
3.115736e-03 3.574007e-04 4.619992e-01 6.250000e-01 5.000000e-01 0.000000e+00
2.551071e-03 3.188848e-04 4.619992e-01 6.750000e-01 5.000000e-01 0.000000e+00
2.711674e-03 3.288399e-04 4.619992e-01 7.250000e-01 5.000000e-01 0.000000e+00
2.537157e-03 3.171460e-04 4.619992e-01 7.750000e-01 5.000000e-01 0.000000e+00
2.553307e-03 3.191646e-04 4.619992e-01 8.250000e-01 5.000000e-01 0.000000e+00
2.447015e-03 3.107724e-04 4.619992e-01 8.750000e-01 5.000000e-01 0.000000e+00
2.469976e-03 3.087484e-04 4.619992e-01 9.250000e-01 5.000000e-01 0.000000e+00
1.993778e-03 2.764881e-04 4.619992e-01 9.750000e-01 5.000000e-01 0.000000e+00
1.290724e-03 2.213584e-04 4.619992e-01 1.025000e+00 5.000000e-01 0.000000e+00
1.520396e-03 2.403970e-04 4.619992e-01 1.075000e+00 5.000000e-01 0.000000e+00
1.430549e-03 2.320669e-04 4.619992e-01 1.125000e+00 5.000000e-01 0.000000e+00
1.263418e-03 2.166762e-04 4.619992e-01 1.175000e+00 5.000000e-01 0.000000e+00
9.520904e-04 1.867217e-04 4.619992e-01 1.225000e+00 5.000000e-01 0.000000e+00
7.953191e-04 1.695635e-04 4.619992e-01 1.275000e+00 5.000000e-01 0.000000e+00
5.733747e-04 1.433443e-04 4.619992e-01 1.325000e+00 5.000000e-01 0.000000e+00
5.709060e-04 1.427271e-04 4.619992e-01 1.375000e+00 5.000000e-01 0.000000e+00
6.376005e-04 1.502843e-04 4.619992e-01 1.425000e+00 5.000000e-01 0.000000e+00
7.637023e-04 1.628229e-04 4.619992e-01 1.475000e+00 5.000000e-01 0.000000e+00
5.518892e-04 1.379730e-04 4.619992e-01 1.525000e+00 5.000000e-01 0.000000e+00
8.117135e-04 1.656914e-04 4.619992e-01 1.575000e+00 5.000000e-01 0.000000e+00
6.683973e-04 1.494588e-04 4.619992e-01 1.625000e+00 5.000000e-01 0.000000e+00
4.577842e-04 1.223486e-04 4.619992e-01 1.675000e+00 5.000000e-01 0.000000e+00
4.516163e-04 1.207011e-04 4.619992e-01 1.725000e+00 5.000000e-01 0.000000e+00
3.830302e-04 1.105726e-04 4.619992e-01 1.775000e+00 5.000000e-01 0.000000e+00
6.956002e-04 1.483034e-04 4.619992e-01 1.825000e+00 5.000000e-01 0.000000e+00
4.334810e-04 1.158545e-04 4.619992e-01 1.875000e+00 5.000000e-01 0.000000e+00
5.496044e-04 1.295448e-04 4.619992e-01 1.925000e+00 5.000000e-01 0.000000e+00
3.599160e-04 1.039000e-04 4.619992e-01 1.975000e+00 5.000000e-01 0.000000e+00
5.288675e-04 1.246565e-04 4.619992e-01 2.025000e+00 5.000000e-01 0.000000e+00
6.929277e-04 1.414452e-04 4.619992e-01 2.075000e+00 5.000000e-01 0.000000e+00
3.414773e-04 9.857720e-05 4.619992e-01 2.125000e+00 5.000000e-01 0.000000e+00
4.432965e-04 1.108261e-04 4.619992e-01 2.175000e+00 5.000000e-01 0.000000e+00
6.033054e-04 1.286289e-04 4.619992e-01 2.225000e+00 5.000000e-01 0.000000e+00
3.729171e-04 9.966755e-05 4.619992e-01 2.275000e+00 5.000000e-01 0.000000e+00
6.276378e-04 1.281194e-04 4.619992e-01 2.325000e+00 5.000000e-01 0.000000e+00
4.054993e-04 1.013768e-04 4.619992e-01 2.375000e+00 5.000000e-01 0.000000e+00
5.444136e-04 1.160711e-04 4.619992e-01 2.425000e+00 5.000000e-01 0.000000e+00
4.313262e-04 1.016668e-04 4.619992e-01 2.475000e+00 5.000000e-01 0.000000e+00
6.984775e-04 1.275295e-04 4.619992e-01 2.525000e+00 5.000000e-01 0.000000e+00
7.468678e-04 1.280929e-04 4.619992e-01 2.575000e+00 5.000000e-01 0.000000e+00
4.078923e-04 9.121119e-05 4.619992e-01 2.625000e+00 5.000000e-01 0.000000e+00
5.603265e-04 1.023064e-04 4.619992e-01 2.675000e+00 5.000000e-01 0.000000e+00
6.426479e-04 1.071142e-04 4.619992e-01 2.725000e+00 5.000000e-01 0.000000e+00
7.881181e-04 1.162098e-04 4.619992e-01 2.775000e+00 5.000000e-01 0.000000e+00
1.115843e-03 1.373676e-04 4.619992e-01 2.825000e+00 5.000000e-01 0.000000e+00
9.520734e-04 1.320386e-04 4.619992e-01 2.875000e+00 5.000000e-01 0.000000e+00
4.983995e-01 4.726353e-03 4.719992e-01 2.500000e-02 5.000000e-01 0.000000e+00
1.125346e-01 2.228521e-03 4.719992e-01 7.500000e-02 5.000000e-01 0.000000e+00
9.810605e-03 6.555003e-04 4.719992e-01 1.250000e-01 5.000000e-01 0.000000e+00
5.044857e-03 4.644179e-04 4.719992e-01 1.750000e-01 5.000000e-01 0.000000e+00
6.074847e-03 5.134196e-04 4.719992e-01 2.250000e-01 5.000000e-01 0.000000e+00
3.919542e-03 4.131573e-04 4.719992e-01 2.750000e-01 5.000000e-01 0.000000e+00
3.669700e-03 3.911924e-04 4.719992e-01 3.250000e-01 5.000000e-01 0.000000e+00
4.004256e-03 4.130085e-04 4.719992e-01 3.750000e-01 5.000000e-01 0.000000e+00
4.577522e-03 4.364509e-04 4.719992e-01 4.250000e-01 5.000000e-01 0.000000e+00
3.202034e-03 3.672997e-04 4.719992e-01 4.750000e-01 5.000000e-01 0.000000e+00
3.321138e-03 3.760461e-04 4.719992e-01 5.250000e-01 5.000000e-01 0.000000e+00
3.793308e-03 3.912509e-04 4.719992e-01 5.750000e-01 5.000000e-01 0.000000e+00
3.367865e-03 3.719197e-04 4.719992e-01 6.250000e-01 5.000000e-01 0.000000e+00
2.831016e-03 3.383723e-04 4.719992e-01 6.750000e-01 5.000000e-01 0.000000e+00
2.969445e-03 3.451921e-04 4.719992e-01 7.250000e-01 5.000000e-01 0.000000e+00
3.422013e-03 3.733736e-04 4.719992e-01 7.750000e-01 5.000000e-01 0.000000e+00
3.129714e-03 3.499141e-04 4.719992e-01 8.250000e-01 5.000000e-01 0.000000e+00
2.380942e-03 3.073794e-04 4.719992e-01 8.750000e-01 5.000000e-01 0.000000e+00
2.023909e-03 2.806666e-04 4.719992e-01 9.250000e-01 5.000000e-01 0.000000e+00
2.002525e-03 2.777015e-04 4.719992e-01 9.750000e-01 5.000000e-01 0.000000e+00
1.703281e-03 2.567805e-04 4.719992e-01 1.025000e+00 5.000000e-01 0.000000e+00
1.584701e-03 2.445261e-04 4.719992e-01 1.075000e+00 5.000000e-01 0.000000e+00
1.288472e-03 2.209720e-04 4.719992e-01 1.125000e+00 5.000000e-01 0.000000e+00
1.472269e-03 2.327872e-04 4.719992e-01 1.175000e+00 5.000000e-01 0.000000e+00
1.332096e-03 2.220173e-04 4.719992e-01 1.225000e+00 5.000000e-01 0.000000e+00
9.408441e-04 1.845160e-04 4.719992e-01 1.275000e+00 5.000000e-01 0.000000e+00
1.010975e-03 1.910571e-04 4.719992e-01 1.325000e+00 5.000000e-01 0.000000e+00
8.623604e-04 1.760301e-04 4.719992e-01 1.375000e+00 5.000000e-01 0.000000e+00
1.339218e-03 2.172514e-04 4.719992e-01 1.425000e+00 5.000000e-01 0.000000e+00
4.214230e-04 1.216548e-04 4.719992e-01 1.475000e+00 5.000000e-01 0.000000e+00
7.522203e-04 1.603755e-04 4.719992e-01 1.525000e+00 5.000000e-01 0.000000e+00
6.868061e-04 1.535750e-04 4.719992e-01 1.575000e+00 5.000000e-01 0.000000e+00
5.969588e-04 1.407057e-04 4.719992e-01 1.625000e+00 5.000000e-01 0.000000e+00
4.017788e-04 1.159838e-04 4.719992e-01 1.675000e+00 5.000000e-01 0.000000e+00
8.462772e-04 1.659705e-04 4.719992e-01 1.725000e+00 5.000000e-01 0.000000e+00
7.055637e-04 1.504279e-04 4.719992e-01 1.775000e+00 5.000000e-01 0.000000e+00
1.897523e-04 7.746639e-05 4.719992e-01 1.825000e+00 5.000000e-01 0.000000e+00
5.644999e-04 1.330553e-04 4.719992e-01 1.875000e+00 5.000000e-01 0.000000e+00
4.882988e-04 1.220752e-04 4.719992e-01 1.925000e+00 5.000000e-01 0.000000e+00
4.242313e-04 1.133826e-04 4.719992e-01 1.975000e+00 5.000000e-01 0.000000e+00
5.951641e-04 1.330839e-04 4.719992e-01 2.025000e+00 5.000000e-01 0.000000e+00
3.473172e-04 1.002645e-04 4.719992e-01 2.075000e+00 5.000000e-01 0.000000e+00
4.579797e-04 1.144978e-04 4.719992e-01 2.125000e+00 5.000000e-01 0.000000e+00
2.794946e-04 8.838491e-05 4.719992e-01 2.175000e+00 5.000000e-01 0.000000e+00
3.821600e-04 1.021387e-04 4.719992e-01 2.225000e+00 5.000000e-01 0.000000e+00
6.404175e-04 1.307294e-04 4.719992e-01 2.275000e+00 5.000000e-01 0.000000e+00
5.240841e-04 1.171920e-04 4.719992e-01 2.325000e+00 5.000000e-01 0.000000e+00
4.552159e-04 1.072972e-04 4.719992e-01 2.375000e+00 5.000000e-01 0.000000e+00
6.434893e-04 1.262021e-04 4.719992e-01 2.425000e+00 5.000000e-01 0.000000e+00
2.876325e-04 8.303627e-05 4.719992e-01 2.475000e+00 5.000000e-01 0.000000e+00
9.583364e-04 1.478801e-04 4.719992e-01 2.525000e+00 5.000000e-01 0.000000e+00
5.907724e-04 1.116501e-04 4.719992e-01 2.575000e+00 5.000000e-01 0.000000e+00
7.024091e-04 1.170741e-04 4.719992e-01 2.625000e+00 5.000000e-01 0.000000e+00
5.944014e-04 1.050823e-04 4.719992e-01 2.675000e+00 5.000000e-01 0.000000e+00
6.777314e-04 1.099508e-04 4.719992e-01 2.725000e+00 5.000000e-01 0.000000e+00
7.706475e-04 1.161895e-04 4.719992e-01 2.775000e+00 5.000000e-01 0.000000e+00
8.624189e-04 1.271706e-04 4.719992e-01 2.825000e+00 5.000000e-01 0.000000e+00
8.134326e-04 1.286288e-04 4.719992e-01 2.875000e+00 5.000000e-01 0.000000e+00
4.977746e-01 4.726381e-03 4.819992e-01 2.500000e-02 5.000000e-01 0.000000e+00
1.168591e-01 2.267511e-03 4.819992e-01 7.500000e-02 5.000000e-01 0.000000e+00
1.052205e-02 6.820452e-04 4.819992e-01 1.250000e-01 5.000000e-01 0.000000e+00
5.546084e-03 4.902104e-04 4.819992e-01 1.750000e-01 5.000000e-01 0.000000e+00
5.047436e-03 4.686439e-04 4.819992e-01 2.250000e-01 5.000000e-01 0.000000e+00
5.543864e-03 4.900142e-04 4.819992e-01 2.750000e-01 5.000000e-01 0.000000e+00
5.561062e-03 4.804040e-04 4.819992e-01 3.250000e-01 5.000000e-01 0.000000e+00
4.900914e-03 4.590139e-04 4.819992e-01 3.750000e-01 5.000000e-01 0.000000e+00
3.445315e-03 3.851990e-04 4.819992e-01 4.250000e-01 5.000000e-01 0.000000e+00
3.966850e-03 4.048662e-04 4.819992e-01 4.750000e-01 5.000000e-01 0.000000e+00
2.115309e-03 2.991509e-04 4.819992e-01 5.250000e-01 5.000000e-01 0.000000e+00
2.704740e-03 3.329315e-04 4.819992e-01 5.750000e-01 5.000000e-01 0.000000e+00
3.022376e-03 3.513451e-04 4.819992e-01 6.250000e-01 5.000000e-01 0.000000e+00
2.566339e-03 3.259265e-04 4.819992e-01 6.750000e-01 5.000000e-01 0.000000e+00
2.969053e-03 3.451465e-04 4.819992e-01 7.250000e-01 5.000000e-01 0.000000e+00
3.156886e-03 3.574483e-04 4.819992e-01 7.750000e-01 5.000000e-01 0.000000e+00
2.467746e-03 3.134051e-04 4.819992e-01 8.250000e-01 5.000000e-01 0.000000e+00
2.584633e-03 3.181476e-04 4.819992e-01 8.750000e-01 5.000000e-01 0.000000e+00
2.437024e-03 3.095040e-04 4.819992e-01 9.250000e-01 5.000000e-01 0.000000e+00
2.712872e-03 3.242514e-04 4.819992e-01 9.750000e-01 5.000000e-01 0.000000e+00
1.555794e-03 2.459939e-04 4.819992e-01 1.025000e+00 5.000000e-01 0.000000e+00
1.296409e-03 2.223333e-04 4.819992e-01 1.075000e+00 5.000000e-01 0.000000e+00
1.055581e-03 1.994870e-04 4.819992e-01 1.125000e+00 5.000000e-01 0.000000e+00
1.567076e-03 2.418063e-04 4.819992e-01 1.175000e+00 5.000000e-01 0.000000e+00
5.861351e-04 1.465358e-04 4.819992e-01 1.225000e+00 5.000000e-01 0.000000e+00
8.768081e-04 1.789787e-04 4.819992e-01 1.275000e+00 5.000000e-01 0.000000e+00
9.348442e-04 1.833389e-04 4.819992e-01 1.325000e+00 5.000000e-01 0.000000e+00
8.710533e-04 1.778040e-04 4.819992e-01 1.375000e+00 5.000000e-01 0.000000e+00
9.964636e-04 1.883150e-04 4.819992e-01 1.425000e+00 5.000000e-01 0.000000e+00
9.881321e-04 1.867410e-04 4.819992e-01 1.475000e+00 5.000000e-01 0.000000e+00
9.741001e-04 1.840888e-04 4.819992e-01 1.525000e+00 5.000000e-01 0.000000e+00
3.399939e-04 1.075166e-04 4.819992e-01 1.575000e+00 5.000000e-01 0.000000e+00
1.013749e-03 1.850857e-04 4.819992e-01 1.625000e+00 5.000000e-01 0.000000e+00
6.627535e-04 1.481977e-04 4.819992e-01 1.675000e+00 5.000000e-01 0.000000e+00
4.590983e-04 1.227000e-04 4.819992e-01 1.725000e+00 5.000000e-01 0.000000e+00
2.577559e-04 9.113148e-05 4.819992e-01 1.775000e+00 5.000000e-01 0.000000e+00
7.609532e-04 1.553299e-04 4.819992e-01 1.825000e+00 5.000000e-01 0.000000e+00
2.507154e-04 8.864204e-05 4.819992e-01 1.875000e+00 5.000000e-01 0.000000e+00
2.467354e-04 8.723593e-05 4.819992e-01 1.925000e+00 5.000000e-01 0.000000e+00
5.456494e-04 1.286125e-04 4.819992e-01 1.975000e+00 5.000000e-01 0.000000e+00
4.782798e-04 1.195718e-04 4.819992e-01 2.025000e+00 5.000000e-01 0.000000e+00
8.725980e-04 1.593169e-04 4.819992e-01 2.075000e+00 5.000000e-01 0.000000e+00
6.243667e-04 1.331171e-04 4.819992e-01 2.125000e+00 5.000000e-01 0.000000e+00
2.795407e-04 8.839990e-05 4.819992e-01 2.175000e+00 5.000000e-01 0.000000e+00
3.271831e-04 9.445118e-05 4.819992e-01 2.225000e+00 5.000000e-01 0.000000e+00
4.820849e-04 1.136317e-04 4.819992e-01 2.275000e+00 5.000000e-01 0.000000e+00
4.166317e-04 1.041609e-04 4.819992e-01 2.325000e+00 5.000000e-01 0.000000e+00
5.587378e-04 1.191263e-04 4.819992e-01 2.375000e+00 5.000000e-01 0.000000e+00
6.947501e-04 1.313005e-04 4.819992e-01 2.425000e+00 5.000000e-01 0.000000e+00
4.724099e-04 1.056370e-04 4.819992e-01 2.475000e+00 5.000000e-01 0.000000e+00
6.596644e-04 1.204422e-04 4.819992e-01 2.525000e+00 5.000000e-01 0.000000e+00
6.136733e-04 1.120444e-04 4.819992e-01 2.575000e+00 5.000000e-01 0.000000e+00
6.174130e-04 1.091504e-04 4.819992e-01 2.625000e+00 5.000000e-01 0.000000e+00
8.544593e-04 1.259915e-04 4.819992e-01 2.675000e+00 5.000000e-01 0.000000e+00
8.352146e-04 1.231562e-04 4.819992e-01 2.725000e+00 5.000000e-01 0.000000e+00
8.010998e-04 1.236243e-04 4.819992e-01 2.775000e+00 5.000000e-01 0.000000e+00
6.696676e-04 1.183913e-04 4.819992e-01 2.825000e+00 5.000000e-01 0.000000e+00
5.725592e-04 1.123040e-04 4.819992e-01 2.875000e+00 5.000000e-01 0.000000e+00
4.963824e-01 4.703841e-03 4.919992e-01 2.500000e-02 5.000000e-01 0.000000e+00
1.135385e-01 2.252822e-03 4.919992e-01 7.500000e-02 5.000000e-01 0.000000e+00
9.532503e-03 6.486061e-04 4.919992e-01 1.250000e-01 5.000000e-01 0.000000e+00
6.764700e-03 5.416107e-04 4.919992e-01 1.750000e-01 5.000000e-01 0.000000e+00
5.668150e-03 4.971309e-04 4.919992e-01 2.250000e-01 5.000000e-01 0.000000e+00
5.023924e-03 4.664610e-04 4.919992e-01 2.750000e-01 5.000000e-01 0.000000e+00
5.515778e-03 4.837672e-04 4.919992e-01 3.250000e-01 5.000000e-01 0.000000e+00
4.520964e-03 4.433184e-04 4.919992e-01 3.750000e-01 5.000000e-01 0.000000e+00
3.192149e-03 3.710806e-04 4.919992e-01 4.250000e-01 5.000000e-01 0.000000e+00
4.148468e-03 4.148479e-04 4.919992e-01 4.750000e-01 5.000000e-01 0.000000e+00
4.203129e-03 4.203143e-04 4.919992e-01 5.250000e-01 5.000000e-01 0.000000e+00
3.269820e-03 3.702355e-04 4.919992e-01 5.750000e-01 5.000000e-01 0.000000e+00
3.342228e-03 3.690884e-04 4.919992e-01 6.250000e-01 5.000000e-01 0.000000e+00
3.717689e-03 3.918800e-04 4.919992e-01 6.750000e-01 5.000000e-01 0.000000e+00
2.381514e-03 3.127091e-04 4.919992e-01 7.250000e-01 5.000000e-01 0.000000e+00
2.066285e-03 2.865437e-04 4.919992e-01 7.750000e-01 5.000000e-01 0.000000e+00
2.003533e-03 2.833433e-04 4.919992e-01 8.250000e-01 5.000000e-01 0.000000e+00
2.121610e-03 2.887160e-04 4.919992e-01 8.750000e-01 5.000000e-01 0.000000e+00
1.637885e-03 2.527321e-04 4.919992e-01 9.250000e-01 5.000000e-01 0.000000e+00
1.824341e-03 2.689855e-04 4.919992e-01 9.750000e-01 5.000000e-01 0.000000e+00
2.400681e-03 3.048882e-04 4.919992e-01 1.025000e+00 5.000000e-01 0.000000e+00
1.301069e-03 2.231323e-04 4.919992e-01 1.075000e+00 5.000000e-01 0.000000e+00
1.907436e-03 2.697534e-04 4.919992e-01 1.125000e+00 5.000000e-01 0.000000e+00
1.113453e-03 2.032888e-04 4.919992e-01 1.175000e+00 5.000000e-01 0.000000e+00
8.189203e-04 1.745952e-04 4.919992e-01 1.225000e+00 5.000000e-01 0.000000e+00
1.313096e-03 2.188507e-04 4.919992e-01 1.275000e+00 5.000000e-01 0.000000e+00
1.006368e-03 1.901866e-04 4.919992e-01 1.325000e+00 5.000000e-01 0.000000e+00
5.043040e-04 1.347817e-04 4.919992e-01 1.375000e+00 5.000000e-01 0.000000e+00
1.135240e-03 2.006854e-04 4.919992e-01 1.425000e+00 5.000000e-01 0.000000e+00
5.662482e-04 1.415629e-04 4.919992e-01 1.475000e+00 5.000000e-01 0.000000e+00
6.977835e-04 1.560312e-04 4.919992e-01 1.525000e+00 5.000000e-01 0.000000e+00
7.591994e-04 1.618634e-04 4.919992e-01 1.575000e+00 5.000000e-01 0.000000e+00
5.453921e-04 1.363502e-04 4.919992e-01 1.625000e+00 5.000000e-01 0.000000e+00
3.326222e-04 1.051847e-04 4.919992e-01 1.675000e+00 5.000000e-01 0.000000e+00
3.299341e-04 1.043352e-04 4.919992e-01 1.725000e+00 5.000000e-01 0.000000e+00
6.505000e-04 1.454580e-04 4.919992e-01 1.775000e+00 5.000000e-01 0.000000e+00
9.569187e-04 1.747110e-04 4.919992e-01 1.825000e+00 5.000000e-01 0.000000e+00
4.380959e-04 1.170872e-04 4.919992e-01 1.875000e+00 5.000000e-01 0.000000e+00
4.911710e-04 1.227937e-04 4.919992e-01 1.925000e+00 5.000000e-01 0.000000e+00
1.086065e-03 1.810128e-04 4.919992e-01 1.975000e+00 5.000000e-01 0.000000e+00
4.753921e-04 1.188501e-04 4.919992e-01 2.025000e+00 5.000000e-01 0.000000e+00
7.621252e-04 1.494681e-04 4.919992e-01 2.075000e+00 5.000000e-01 0.000000e+00
5.731205e-04 1.281564e-04 4.919992e-01 2.125000e+00 5.000000e-01 0.000000e+00
3.904470e-04 1.043545e-04 4.919992e-01 2.175000e+00 5.000000e-01 0.000000e+00
3.831618e-04 1.024065e-04 4.919992e-01 2.225000e+00 5.000000e-01 0.000000e+00
5.899511e-04 1.257813e-04 4.919992e-01 2.275000e+00 5.000000e-01 0.000000e+00
6.255496e-04 1.276920e-04 4.919992e-01 2.325000e+00 5.000000e-01 0.000000e+00
5.630353e-04 1.200430e-04 4.919992e-01 2.375000e+00 5.000000e-01 0.000000e+00
8.295960e-04 1.422785e-04 4.919992e-01 2.425000e+00 5.000000e-01 0.000000e+00
8.211764e-04 1.368673e-04 4.919992e-01 2.475000e+00 5.000000e-01 0.000000e+00
4.631135e-04 9.873922e-05 4.919992e-01 2.525000e+00 5.000000e-01 0.000000e+00
4.399437e-04 9.380145e-05 4.919992e-01 2.575000e+00 5.000000e-01 0.000000e+00
6.613651e-04 1.134273e-04 4.919992e-01 2.625000e+00 5.000000e-01 0.000000e+00
7.107935e-04 1.153179e-04 4.919992e-01 2.675000e+00 5.000000e-01 0.000000e+00
6.615849e-04 1.134655e-04 4.919992e-01 2.725000e+00 5.000000e-01 0.000000e+00
4.750693e-04 1.012937e-04 4.919992e-01 2.775000e+00 5.000000e-01 0.000000e+00
1.056974e-03 1.558556e-04 4.919992e-01 2.825000e+00 5.000000e-01 0.000000e+00
1.124176e-03 1.657628e-04 4.919992e-01 2.875000e+00 5.000000e-01 0.000000e+00
5.150029e-01 4.827690e-03 5.019992e-01 2.500000e-02 5.000000e-01 0.000000e+00
1.158433e-01 2.272752e-03 5.019992e-01 7.500000e-02 5.000000e-01 0.000000e+00
9.765778e-03 6.554378e-04 5.019992e-01 1.250000e-01 5.000000e-01 0.000000e+00
7.016557e-03 5.547088e-04 5.019992e-01 1.750000e-01 5.000000e-01 0.000000e+00
5.048294e-03 4.687233e-04 5.019992e-01 2.250000e-01 5.000000e-01 0.000000e+00
4.125251e-03 4.254883e-04 5.019992e-01 2.750000e-01 5.000000e-01 0.000000e+00
4.401047e-03 4.357696e-04 5.019992e-01 3.250000e-01 5.000000e-01 0.000000e+00
4.534294e-03 4.404108e-04 5.019992e-01 3.750000e-01 5.000000e-01 0.000000e+00
4.571911e-03 4.440648e-04 5.019992e-01 4.250000e-01 5.000000e-01 0.000000e+00
3.291360e-03 3.726745e-04 5.019992e-01 4.750000e-01 5.000000e-01 0.000000e+00
4.624980e-03 4.370209e-04 5.019992e-01 5.250000e-01 5.000000e-01 0.000000e+00
3.410912e-03 3.813527e-04 5.019992e-01 5.750000e-01 5.000000e-01 0.000000e+00
2.750774e-03 3.385979e-04 5.019992e-01 6.250000e-01 5.000000e-01 0.000000e+00
1.873729e-03 2.762670e-04 5.019992e-01 6.750000e-01 5.000000e-01 0.000000e+00
3.400060e-03 3.754754e-04 5.019992e-01 7.250000e-01 5.000000e-01 0.000000e+00
2.329250e-03 3.058464e-04 5.019992e-01 7.750000e-01 5.000000e-01 0.000000e+00
2.222172e-03 2.969516e-04 5.019992e-01 8.250000e-01 5.000000e-01 0.000000e+00
2.165055e-03 2.946281e-04 5.019992e-01 8.750000e-01 5.000000e-01 0.000000e+00
1.880495e-03 2.714272e-04 5.019992e-01 9.250000e-01 5.000000e-01 0.000000e+00
1.884527e-03 2.720093e-04 5.019992e-01 9.750000e-01 5.000000e-01 0.000000e+00
2.358789e-03 3.045197e-04 5.019992e-01 1.025000e+00 5.000000e-01 0.000000e+00
1.674474e-03 2.524374e-04 5.019992e-01 1.075000e+00 5.000000e-01 0.000000e+00
1.376755e-03 2.294601e-04 5.019992e-01 1.125000e+00 5.000000e-01 0.000000e+00
1.585171e-03 2.445985e-04 5.019992e-01 1.175000e+00 5.000000e-01 0.000000e+00
7.360395e-04 1.645845e-04 5.019992e-01 1.225000e+00 5.000000e-01 0.000000e+00
1.114285e-03 2.034409e-04 5.019992e-01 1.275000e+00 5.000000e-01 0.000000e+00
9.369491e-04 1.837519e-04 5.019992e-01 1.325000e+00 5.000000e-01 0.000000e+00
1.071988e-03 1.957194e-04 5.019992e-01 1.375000e+00 5.000000e-01 0.000000e+00
4.973106e-04 1.329123e-04 5.019992e-01 1.425000e+00 5.000000e-01 0.000000e+00
8.350497e-04 1.704549e-04 5.019992e-01 1.475000e+00 5.000000e-01 0.000000e+00
8.352431e-04 1.704952e-04 5.019992e-01 1.525000e+00 5.000000e-01 0.000000e+00
4.099805e-04 1.183523e-04 5.019992e-01 1.575000e+00 5.000000e-01 0.000000e+00
4.672432e-04 1.248773e-04 5.019992e-01 1.625000e+00 5.000000e-01 0.000000e+00
6.070228e-04 1.430790e-04 5.019992e-01 1.675000e+00 5.000000e-01 0.000000e+00
4.565055e-04 1.220074e-04 5.019992e-01 1.725000e+00 5.000000e-01 0.000000e+00
7.712115e-04 1.574238e-04 5.019992e-01 1.775000e+00 5.000000e-01 0.000000e+00
6.389273e-04 1.428706e-04 5.019992e-01 1.825000e+00 5.000000e-01 0.000000e+00
3.771880e-04 1.088855e-04 5.019992e-01 1.875000e+00 5.000000e-01 0.000000e+00
7.388978e-04 1.508286e-04 5.019992e-01 1.925000e+00 5.000000e-01 0.000000e+00
7.934744e-04 1.556148e-04 5.019992e-01 1.975000e+00 5.000000e-01 0.000000e+00
4.761455e-04 1.190379e-04 5.019992e-01 2.025000e+00 5.000000e-01 0.000000e+00
4.676655e-04 1.169169e-04 5.019992e-01 2.075000e+00 5.000000e-01 0.000000e+00
5.762146e-04 1.288478e-04 5.019992e-01 2.125000e+00 5.000000e-01 0.000000e+00
5.594390e-04 1.250960e-04 5.019992e-01 2.175000e+00 5.000000e-01 0.000000e+00
4.386081e-04 1.096543e-04 5.019992e-01 2.225000e+00 5.000000e-01 0.000000e+00
6.436260e-04 1.313818e-04 5.019992e-01 2.275000e+00 5.000000e-01 0.000000e+00
4.219414e-04 1.054876e-04 5.019992e-01 2.325000e+00 5.000000e-01 0.000000e+00
6.493448e-04 1.273498e-04 5.019992e-01 2.375000e+00 5.000000e-01 0.000000e+00
5.127830e-04 1.093280e-04 5.019992e-01 2.425000e+00 5.000000e-01 0.000000e+00
3.910116e-04 9.216488e-05 5.019992e-01 2.475000e+00 5.000000e-01 0.000000e+00
7.057813e-04 1.210455e-04 5.019992e-01 2.525000e+00 5.000000e-01 0.000000e+00
1.037794e-03 1.439218e-04 5.019992e-01 2.575000e+00 5.000000e-01 0.000000e+00
7.377888e-04 1.196925e-04 5.019992e-01 2.625000e+00 5.000000e-01 0.000000e+00
7.618042e-04 1.235915e-04 5.019992e-01 2.675000e+00 5.000000e-01 0.000000e+00
7.032685e-04 1.243260e-04 5.019992e-01 2.725000e+00 5.000000e-01 0.000000e+00
7.593733e-04 1.342507e-04 5.019992e-01 2.775000e+00 5.000000e-01 0.000000e+00
8.107813e-04 1.433457e-04 5.019992e-01 2.825000e+00 5.000000e-01 0.000000e+00
7.052093e-04 1.383155e-04 5.019992e-01 2.875000e+00 5.000000e-01 0.000000e+00
5.071662e-01 4.782045e-03 5.119992e-01 2.500000e-02 5.000000e-01 0.000000e+00
1.175589e-01 2.273399e-03 5.119992e-01 7.500000e-02 5.000000e-01 0.000000e+00
8.594257e-03 6.170332e-04 5.119992e-01 1.250000e-01 5.000000e-01 0.000000e+00
6.428298e-03 5.356930e-04 5.119992e-01 1.750000e-01 5.000000e-01 0.000000e+00
6.070891e-03 5.167901e-04 5.119992e-01 2.250000e-01 5.000000e-01 0.000000e+00
3.987667e-03 4.203383e-04 5.119992e-01 2.750000e-01 5.000000e-01 0.000000e+00
4.337001e-03 4.337013e-04 5.119992e-01 3.250000e-01 5.000000e-01 0.000000e+00
3.633673e-03 3.918301e-04 5.119992e-01 3.750000e-01 5.000000e-01 0.000000e+00
3.882557e-03 4.092586e-04 5.119992e-01 4.250000e-01 5.000000e-01 0.000000e+00
3.960719e-03 4.129351e-04 5.119992e-01 4.750000e-01 5.000000e-01 0.000000e+00
3.555516e-03 3.834023e-04 5.119992e-01 5.250000e-01 5.000000e-01 0.000000e+00
2.643353e-03 3.357074e-04 5.119992e-01 5.750000e-01 5.000000e-01 0.000000e+00
3.295936e-03 3.731925e-04 5.119992e-01 6.250000e-01 5.000000e-01 0.000000e+00
2.902903e-03 3.421117e-04 5.119992e-01 6.750000e-01 5.000000e-01 0.000000e+00
2.975707e-03 3.506917e-04 5.119992e-01 7.250000e-01 5.000000e-01 0.000000e+00
2.131199e-03 2.955455e-04 5.119992e-01 7.750000e-01 5.000000e-01 0.000000e+00
3.305349e-03 3.606451e-04 5.119992e-01 8.250000e-01 5.000000e-01 0.000000e+00
2.818737e-03 3.369050e-04 5.119992e-01 8.750000e-01 5.000000e-01 0.000000e+00
2.732518e-03 3.313679e-04 5.119992e-01 9.250000e-01 5.000000e-01 0.000000e+00
1.796368e-03 2.648612e-04 5.119992e-01 9.750000e-01 5.000000e-01 0.000000e+00
2.281794e-03 2.996159e-04 5.119992e-01 1.025000e+00 5.000000e-01 0.000000e+00
2.007695e-03 2.784185e-04 5.119992e-01 1.075000e+00 5.000000e-01 0.000000e+00
1.590923e-03 2.454857e-04 5.119992e-01 1.125000e+00 5.000000e-01 0.000000e+00
1.442632e-03 2.340269e-04 5.119992e-01 1.175000e+00 5.000000e-01 0.000000e+00
8.977680e-04 1.832566e-04 5.119992e-01 1.225000e+00 5.000000e-01 0.000000e+00
1.176516e-03 2.079816e-04 5.119992e-01 1.275000e+00 5.000000e-01 0.000000e+00
4.424422e-04 1.277230e-04 5.119992e-01 1.325000e+00 5.000000e-01 0.000000e+00
6.487720e-04 1.529179e-04 5.119992e-01 1.375000e+00 5.000000e-01 0.000000e+00
3.558160e-04 1.125203e-04 5.119992e-01 1.425000e+00 5.000000e-01 0.000000e+00
8.510894e-04 1.737284e-04 5.119992e-01 1.475000e+00 5.000000e-01 0.000000e+00
1.042992e-03 1.904247e-04 5.119992e-01 1.525000e+00 5.000000e-01 0.000000e+00
4.793477e-04 1.281123e-04 5.119992e-01 1.575000e+00 5.000000e-01 0.000000e+00
5.440046e-04 1.360026e-04 5.119992e-01 1.625000e+00 5.000000e-01 0.000000e+00
5.996044e-04 1.413287e-04 5.119992e-01 1.675000e+00 5.000000e-01 0.000000e+00
5.270490e-04 1.317636e-04 5.119992e-01 1.725000e+00 5.000000e-01 0.000000e+00
5.867322e-04 1.382959e-04 5.119992e-01 1.775000e+00 5.000000e-01 0.000000e+00
5.105312e-04 1.276340e-04 5.119992e-01 1.825000e+00 5.000000e-01 0.000000e+00
6.306227e-04 1.410128e-04 5.119992e-01 1.875000e+00 5.000000e-01 0.000000e+00
7.460839e-04 1.522952e-04 5.119992e-01 1.925000e+00 5.000000e-01 0.000000e+00
5.437559e-04 1.281662e-04 5.119992e-01 1.975000e+00 5.000000e-01 0.000000e+00
5.370362e-04 1.265823e-04 5.119992e-01 2.025000e+00 5.000000e-01 0.000000e+00
3.504741e-04 1.011742e-04 5.119992e-01 2.075000e+00 5.000000e-01 0.000000e+00
5.166641e-04 1.217805e-04 5.119992e-01 2.125000e+00 5.000000e-01 0.000000e+00
3.931354e-04 1.050708e-04 5.119992e-01 2.175000e+00 5.000000e-01 0.000000e+00
7.683734e-04 1.452124e-04 5.119992e-01 2.225000e+00 5.000000e-01 0.000000e+00
5.384565e-04 1.204043e-04 5.119992e-01 2.275000e+00 5.000000e-01 0.000000e+00
5.649150e-04 1.204438e-04 5.119992e-01 2.325000e+00 5.000000e-01 0.000000e+00
6.768857e-04 1.279220e-04 5.119992e-01 2.375000e+00 5.000000e-01 0.000000e+00
4.932472e-04 1.051640e-04 5.119992e-01 2.425000e+00 5.000000e-01 0.000000e+00
7.250485e-04 1.243485e-04 5.119992e-01 2.475000e+00 5.000000e-01 0.000000e+00
6.206777e-04 1.133235e-04 5.119992e-01 2.525000e+00 5.000000e-01 0.000000e+00
7.643844e-04 1.240044e-04 5.119992e-01 2.575000e+00 5.000000e-01 0.000000e+00
4.542200e-04 9.684471e-05 5.119992e-01 2.625000e+00 5.000000e-01 0.000000e+00
6.330703e-04 1.196465e-04 5.119992e-01 2.675000e+00 5.000000e-01 0.000000e+00
6.938968e-04 1.311439e-04 5.119992e-01 2.725000e+00 5.000000e-01 0.000000e+00
7.839657e-04 1.431424e-04 5.119992e-01 2.775000e+00 5.000000e-01 0.000000e+00
9.513581e-04 1.631734e-04 5.119992e-01 2.825000e+00 5.000000e-01 0.000000e+00
9.680780e-04 1.711540e-04 5.119992e-01 2.875000e+00 5.000000e-01 0.000000e+00
5.046947e-01 4.713285e-03 5.219992e-01 2.500000e-02 5.000000e-01 0.000000e+00
1.183891e-01 2.286889e-03 5.219992e-01 7.500000e-02 5.000000e-01 0.000000e+00
9.294860e-03 6.476053e-04 5.219992e-01 1.250000e-01 5.000000e-01 0.000000e+00
6.522726e-03 5.398260e-04 5.219992e-01 1.750000e-01 5.000000e-01 0.000000e+00
4.416333e-03 4.416342e-04 5.219992e-01 2.250000e-01 5.000000e-01 0.000000e+00
4.787922e-03 4.607194e-04 5.219992e-01 2.750000e-01 5.000000e-01 0.000000e+00
3.387985e-03 3.836146e-04 5.219992e-01 3.250000e-01 5.000000e-01 0.000000e+00
4.301339e-03 4.258974e-04 5.219992e-01 3.750000e-01 5.000000e-01 0.000000e+00
4.000577e-03 4.170899e-04 5.219992e-01 4.250000e-01 5.000000e-01 0.000000e+00
4.163411e-03 4.249279e-04 5.219992e-01 4.750000e-01 5.000000e-01 0.000000e+00
3.847315e-03 4.011116e-04 5.219992e-01 5.250000e-01 5.000000e-01 0.000000e+00
3.557077e-03 3.881103e-04 5.219992e-01 5.750000e-01 5.000000e-01 0.000000e+00
3.117134e-03 3.623606e-04 5.219992e-01 6.250000e-01 5.000000e-01 0.000000e+00
3.314525e-03 3.705763e-04 5.219992e-01 6.750000e-01 5.000000e-01 0.000000e+00
2.682726e-03 3.302217e-04 5.219992e-01 7.250000e-01 5.000000e-01 0.000000e+00
4.164328e-03 4.123314e-04 5.219992e-01 7.750000e-01 5.000000e-01 0.000000e+00
3.315337e-03 3.661191e-04 5.219992e-01 8.250000e-01 5.000000e-01 0.000000e+00
2.705314e-03 3.280684e-04 5.219992e-01 8.750000e-01 5.000000e-01 0.000000e+00
2.571115e-03 3.213907e-04 5.219992e-01 9.250000e-01 5.000000e-01 0.000000e+00
2.478704e-03 3.147970e-04 5.219992e-01 9.750000e-01 5.000000e-01 0.000000e+00
2.022838e-03 2.805189e-04 5.219992e-01 1.025000e+00 5.000000e-01 0.000000e+00
1.163768e-03 2.124747e-04 5.219992e-01 1.075000e+00 5.000000e-01 0.000000e+00
1.773656e-03 2.615125e-04 5.219992e-01 1.125000e+00 5.000000e-01 0.000000e+00
1.427838e-03 2.316269e-04 5.219992e-01 1.175000e+00 5.000000e-01 0.000000e+00
6.720426e-04 1.584028e-04 5.219992e-01 1.225000e+00 5.000000e-01 0.000000e+00
9.689884e-04 1.900354e-04 5.219992e-01 1.275000e+00 5.000000e-01 0.000000e+00
8.012003e-04 1.708170e-04 5.219992e-01 1.325000e+00 5.000000e-01 0.000000e+00
7.938066e-04 1.692410e-04 5.219992e-01 1.375000e+00 5.000000e-01 0.000000e+00
7.846226e-04 1.672833e-04 5.219992e-01 1.425000e+00 5.000000e-01 0.000000e+00
7.768396e-04 1.656239e-04 5.219992e-01 1.475000e+00 5.000000e-01 0.000000e+00
4.194752e-04 1.210929e-04 5.219992e-01 1.525000e+00 5.000000e-01 0.000000e+00
8.275712e-04 1.689283e-04 5.219992e-01 1.575000e+00 5.000000e-01 0.000000e+00
6.790312e-04 1.518373e-04 5.219992e-01 1.625000e+00 5.000000e-01 0.000000e+00
7.374626e-04 1.572295e-04 5.219992e-01 1.675000e+00 5.000000e-01 0.000000e+00
1.331428e-04 6.657284e-05 5.219992e-01 1.725000e+00 5.000000e-01 0.000000e+00
6.534814e-04 1.461235e-04 5.219992e-01 1.775000e+00 5.000000e-01 0.000000e+00
7.022741e-04 1.497278e-04 5.219992e-01 1.825000e+00 5.000000e-01 0.000000e+00
5.650034e-04 1.331740e-04 5.219992e-01 1.875000e+00 5.000000e-01 0.000000e+00
4.954774e-04 1.238711e-04 5.219992e-01 1.925000e+00 5.000000e-01 0.000000e+00
5.485523e-04 1.292967e-04 5.219992e-01 1.975000e+00 5.000000e-01 0.000000e+00
4.155183e-04 1.110524e-04 5.219992e-01 2.025000e+00 5.000000e-01 0.000000e+00
7.039754e-04 1.436997e-04 5.219992e-01 2.075000e+00 5.000000e-01 0.000000e+00
5.155154e-04 1.215105e-04 5.219992e-01 2.125000e+00 5.000000e-01 0.000000e+00
6.190609e-04 1.319859e-04 5.219992e-01 2.175000e+00 5.000000e-01 0.000000e+00
8.782577e-04 1.552579e-04 5.219992e-01 2.225000e+00 5.000000e-01 0.000000e+00
5.264240e-04 1.177142e-04 5.219992e-01 2.275000e+00 5.000000e-01 0.000000e+00
3.933991e-04 9.835062e-05 5.219992e-01 2.325000e+00 5.000000e-01 0.000000e+00
7.811819e-04 1.339750e-04 5.219992e-01 2.375000e+00 5.000000e-01 0.000000e+00
4.850798e-04 1.034228e-04 5.219992e-01 2.425000e+00 5.000000e-01 0.000000e+00
5.538406e-04 1.086218e-04 5.219992e-01 2.475000e+00 5.000000e-01 0.000000e+00
4.564068e-04 9.730942e-05 5.219992e-01 2.525000e+00 5.000000e-01 0.000000e+00
8.049915e-04 1.305929e-04 5.219992e-01 2.575000e+00 5.000000e-01 0.000000e+00
5.605134e-04 1.144207e-04 5.219992e-01 2.625000e+00 5.000000e-01 0.000000e+00
4.080233e-04 1.020106e-04 5.219992e-01 2.675000e+00 5.000000e-01 0.000000e+00
6.005604e-04 1.280476e-04 5.219992e-01 2.725000e+00 5.000000e-01 0.000000e+00
7.591022e-04 1.488817e-04 5.219992e-01 2.775000e+00 5.000000e-01 0.000000e+00
7.016982e-04 1.496137e-04 5.219992e-01 2.825000e+00 5.000000e-01 0.000000e+00
1.124511e-03 1.988113e-04 5.219992e-01 2.875000e+00 5.000000e-01 0.000000e+00
4.927848e-01 4.676052e-03 5.319992e-01 2.500000e-02 5.000000e-01 0.000000e+00
1.219794e-01 2.344027e-03 5.319992e-01 7.500000e-02 5.000000e-01 0.000000e+00
1.120671e-02 7.087765e-04 5.319992e-01 1.250000e-01 5.000000e-01 0.000000e+00
7.002786e-03 5.606728e-04 5.319992e-01 1.750000e-01 5.000000e-01 0.000000e+00
5.487385e-03 4.927829e-04 5.319992e-01 2.250000e-01 5.000000e-01 0.000000e+00
3.816633e-03 4.115591e-04 5.319992e-01 2.750000e-01 5.000000e-01 0.000000e+00
4.788393e-03 4.565565e-04 5.319992e-01 3.250000e-01 5.000000e-01 0.000000e+00
5.533144e-03 4.852905e-04 5.319992e-01 3.750000e-01 5.000000e-01 0.000000e+00
3.968777e-03 4.183472e-04 5.319992e-01 4.250000e-01 5.000000e-01 0.000000e+00
4.427980e-03 4.384364e-04 5.319992e-01 4.750000e-01 5.000000e-01 0.000000e+00
3.018910e-03 3.608296e-04 5.319992e-01 5.250000e-01 5.000000e-01 0.000000e+00
3.474049e-03 3.790511e-04 5.319992e-01 5.750000e-01 5.000000e-01 0.000000e+00
1.939090e-03 2.859044e-04 5.319992e-01 6.250000e-01 5.000000e-01 0.000000e+00
2.519551e-03 3.252737e-04 5.319992e-01 6.750000e-01 5.000000e-01 0.000000e+00
3.154498e-03 3.571779e-04 5.319992e-01 7.250000e-01 5.000000e-01 0.000000e+00
3.171550e-03 3.591086e-04 5.319992e-01 7.750000e-01 5.000000e-01 0.000000e+00
2.602318e-03 3.252910e-04 5.319992e-01 8.250000e-01 5.000000e-01 0.000000e+00
1.536873e-03 2.493144e-04 5.319992e-01 8.750000e-01 5.000000e-01 0.000000e+00
2.546635e-03 3.183311e-04 5.319992e-01 9.250000e-01 5.000000e-01 0.000000e+00
1.676511e-03 2.586923e-04 5.319992e-01 9.750000e-01 5.000000e-01 0.000000e+00
1.596419e-03 2.524171e-04 5.319992e-01 1.025000e+00 5.000000e-01 0.000000e+00
5.422837e-04 1.449321e-04 5.319992e-01 1.075000e+00 5.000000e-01 0.000000e+00
1.072703e-03 2.027227e-04 5.319992e-01 1.125000e+00 5.000000e-01 0.000000e+00
1.456496e-03 2.362761e-04 5.319992e-01 1.175000e+00 5.000000e-01 0.000000e+00
1.358131e-03 2.263561e-04 5.319992e-01 1.225000e+00 5.000000e-01 0.000000e+00
5.933323e-04 1.483335e-04 5.319992e-01 1.275000e+00 5.000000e-01 0.000000e+00
7.407796e-04 1.656448e-04 5.319992e-01 1.325000e+00 5.000000e-01 0.000000e+00
4.403759e-04 1.271267e-04 5.319992e-01 1.375000e+00 5.000000e-01 0.000000e+00
6.437741e-04 1.517396e-04 5.319992e-01 1.425000e+00 5.000000e-01 0.000000e+00
1.422275e-03 2.248830e-04 5.319992e-01 1.475000e+00 5.000000e-01 0.000000e+00
7.778000e-04 1.658284e-04 5.319992e-01 1.525000e+00 5.000000e-01 0.000000e+00
4.183253e-04 1.207607e-04 5.319992e-01 1.575000e+00 5.000000e-01 0.000000e+00
6.776801e-04 1.515356e-04 5.319992e-01 1.625000e+00 5.000000e-01 0.000000e+00
7.390675e-04 1.575711e-04 5.319992e-01 1.675000e+00 5.000000e-01 0.000000e+00
3.946490e-04 1.139266e-04 5.319992e-01 1.725000e+00 5.000000e-01 0.000000e+00
8.414934e-04 1.650319e-04 5.319992e-01 1.775000e+00 5.000000e-01 0.000000e+00
7.077376e-04 1.508917e-04 5.319992e-01 1.825000e+00 5.000000e-01 0.000000e+00
5.059610e-04 1.264914e-04 5.319992e-01 1.875000e+00 5.000000e-01 0.000000e+00
7.453443e-04 1.521447e-04 5.319992e-01 1.925000e+00 5.000000e-01 0.000000e+00
6.087961e-04 1.361327e-04 5.319992e-01 1.975000e+00 5.000000e-01 0.000000e+00
4.181105e-04 1.117458e-04 5.319992e-01 2.025000e+00 5.000000e-01 0.000000e+00
4.087485e-04 1.092440e-04 5.319992e-01 2.075000e+00 5.000000e-01 0.000000e+00
7.498989e-04 1.470692e-04 5.319992e-01 2.125000e+00 5.000000e-01 0.000000e+00
5.027731e-04 1.185074e-04 5.319992e-01 2.175000e+00 5.000000e-01 0.000000e+00
4.856992e-04 1.144816e-04 5.319992e-01 2.225000e+00 5.000000e-01 0.000000e+00
7.600052e-04 1.387601e-04 5.319992e-01 2.275000e+00 5.000000e-01 0.000000e+00
7.085609e-04 1.293683e-04 5.319992e-01 2.325000e+00 5.000000e-01 0.000000e+00
2.711481e-04 7.827552e-05 5.319992e-01 2.375000e+00 5.000000e-01 0.000000e+00
3.934051e-04 9.272975e-05 5.319992e-01 2.425000e+00 5.000000e-01 0.000000e+00
5.533454e-04 1.085232e-04 5.319992e-01 2.475000e+00 5.000000e-01 0.000000e+00
6.118098e-04 1.156257e-04 5.319992e-01 2.525000e+00 5.000000e-01 0.000000e+00
5.278463e-04 1.125428e-04 5.319992e-01 2.575000e+00 5.000000e-01 0.000000e+00
9.546542e-04 1.591177e-04 5.319992e-01 2.625000e+00 5.000000e-01 0.000000e+00
3.954601e-04 1.056964e-04 5.319992e-01 2.675000e+00 5.000000e-01 0.000000e+00
5.452386e-04 1.285209e-04 5.319992e-01 2.725000e+00 5.000000e-01 0.000000e+00
8.671261e-04 1.700662e-04 5.319992e-01 2.775000e+00 5.000000e-01 0.000000e+00
9.618784e-04 1.886571e-04 5.319992e-01 2.825000e+00 5.000000e-01 0.000000e+00
3.348708e-04 1.184062e-04 5.319992e-01 2.875000e+00 5.000000e-01 0.000000e+00
4.981685e-01 4.716533e-03 5.419992e-01 2.500000e-02 5.000000e-01 0.000000e+00
1.174555e-01 2.296441e-03 5.419992e-01 7.500000e-02 5.000000e-01 0.000000e+00
7.625758e-03 5.848704e-04 5.419992e-01 1.250000e-01 5.000000e-01 0.000000e+00
6.226881e-03 5.300685e-04 5.419992e-01 1.750000e-01 5.000000e-01 0.000000e+00
5.526493e-03 4.962945e-04 5.419992e-01 2.250000e-01 5.000000e-01 0.000000e+00
5.248136e-03 4.831313e-04 5.419992e-01 2.750000e-01 5.000000e-01 0.000000e+00
5.255653e-03 4.797745e-04 5.419992e-01 3.250000e-01 5.000000e-01 0.000000e+00
4.613234e-03 4.480785e-04 5.419992e-01 3.750000e-01 5.000000e-01 0.000000e+00
4.044383e-03 4.216570e-04 5.419992e-01 4.250000e-01 5.000000e-01 0.000000e+00
3.460865e-03 3.869379e-04 5.419992e-01 4.750000e-01 5.000000e-01 0.000000e+00
2.514091e-03 3.301173e-04 5.419992e-01 5.250000e-01 5.000000e-01 0.000000e+00
3.318507e-03 3.710217e-04 5.419992e-01 5.750000e-01 5.000000e-01 0.000000e+00
3.278048e-03 3.711672e-04 5.419992e-01 6.250000e-01 5.000000e-01 0.000000e+00
2.854178e-03 3.461214e-04 5.419992e-01 6.750000e-01 5.000000e-01 0.000000e+00
2.845175e-03 3.450293e-04 5.419992e-01 7.250000e-01 5.000000e-01 0.000000e+00
1.755956e-03 2.647211e-04 5.419992e-01 7.750000e-01 5.000000e-01 0.000000e+00
2.660232e-03 3.274535e-04 5.419992e-01 8.250000e-01 5.000000e-01 0.000000e+00
2.269507e-03 3.032767e-04 5.419992e-01 8.750000e-01 5.000000e-01 0.000000e+00
1.857374e-03 2.738559e-04 5.419992e-01 9.250000e-01 5.000000e-01 0.000000e+00
1.739198e-03 2.621952e-04 5.419992e-01 9.750000e-01 5.000000e-01 0.000000e+00
1.830473e-03 2.698898e-04 5.419992e-01 1.025000e+00 5.000000e-01 0.000000e+00
1.825445e-03 2.691489e-04 5.419992e-01 1.075000e+00 5.000000e-01 0.000000e+00
4.634507e-04 1.337877e-04 5.419992e-01 1.125000e+00 5.000000e-01 0.000000e+00
1.897074e-03 2.682885e-04 5.419992e-01 1.175000e+00 5.000000e-01 0.000000e+00
1.222902e-03 2.161820e-04 5.419992e-01 1.225000e+00 5.000000e-01 0.000000e+00
7.602601e-04 1.700000e-04 5.419992e-01 1.275000e+00 5.000000e-01 0.000000e+00
5.890279e-04 1.472577e-04 5.419992e-01 1.325000e+00 5.000000e-01 0.000000e+00
9.465805e-04 1.856409e-04 5.419992e-01 1.375000e+00 5.000000e-01 0.000000e+00
1.518133e-03 2.342547e-04 5.419992e-01 1.425000e+00 5.000000e-01 0.000000e+00
1.138792e-03 2.013131e-04 5.419992e-01 1.475000e+00 5.000000e-01 0.000000e+00
1.106272e-03 1.955642e-04 5.419992e-01 1.525000e+00 5.000000e-01 0.000000e+00
5.470319e-04 1.367590e-04 5.419992e-01 1.575000e+00 5.000000e-01 0.000000e+00
3.413798e-04 1.079549e-04 5.419992e-01 1.625000e+00 5.000000e-01 0.000000e+00
4.722290e-04 1.262096e-04 5.419992e-01 1.675000e+00 5.000000e-01 0.000000e+00
5.996142e-04 1.413316e-04 5.419992e-01 1.725000e+00 5.000000e-01 0.000000e+00
6.481632e-04 1.449351e-04 5.419992e-01 1.775000e+00 5.000000e-01 0.000000e+00
4.496931e-04 1.201865e-04 5.419992e-01 1.825000e+00 5.000000e-01 0.000000e+00
4.432948e-04 1.184772e-04 5.419992e-01 1.875000e+00 5.000000e-01 0.000000e+00
5.612172e-04 1.322814e-04 5.419992e-01 1.925000e+00 5.000000e-01 0.000000e+00
1.810806e-04 7.392590e-05 5.419992e-01 1.975000e+00 5.000000e-01 0.000000e+00
7.791497e-04 1.528061e-04 5.419992e-01 2.025000e+00 5.000000e-01 0.000000e+00
2.932095e-04 9.272201e-05 5.419992e-01 2.075000e+00 5.000000e-01 0.000000e+00
5.721782e-04 1.279449e-04 5.419992e-01 2.125000e+00 5.000000e-01 0.000000e+00
4.411634e-04 1.102925e-04 5.419992e-01 2.175000e+00 5.000000e-01 0.000000e+00
7.221402e-04 1.364740e-04 5.419992e-01 2.225000e+00 5.000000e-01 0.000000e+00
3.852939e-04 9.632619e-05 5.419992e-01 2.275000e+00 5.000000e-01 0.000000e+00
4.666689e-04 1.043537e-04 5.419992e-01 2.325000e+00 5.000000e-01 0.000000e+00
4.066308e-04 9.584703e-05 5.419992e-01 2.375000e+00 5.000000e-01 0.000000e+00
7.534241e-04 1.292139e-04 5.419992e-01 2.425000e+00 5.000000e-01 0.000000e+00
3.148958e-04 8.416151e-05 5.419992e-01 2.475000e+00 5.000000e-01 0.000000e+00
5.390503e-04 1.149292e-04 5.419992e-01 2.525000e+00 5.000000e-01 0.000000e+00
6.032514e-04 1.286237e-04 5.419992e-01 2.575000e+00 5.000000e-01 0.000000e+00
8.243027e-04 1.557823e-04 5.419992e-01 2.625000e+00 5.000000e-01 0.000000e+00
9.431274e-04 1.722009e-04 5.419992e-01 2.675000e+00 5.000000e-01 0.000000e+00
7.563812e-04 1.612698e-04 5.419992e-01 2.725000e+00 5.000000e-01 0.000000e+00
1.224514e-03 2.164838e-04 5.419992e-01 2.775000e+00 5.000000e-01 0.000000e+00
6.092994e-04 1.628634e-04 5.419992e-01 2.825000e+00 5.000000e-01 0.000000e+00
8.340789e-04 2.085302e-04 5.419992e-01 2.875000e+00 5.000000e-01 0.000000e+00
4.872789e-01 4.671154e-03 5.519992e-01 2.500000e-02 5.000000e-01 0.000000e+00
1.241068e-01 2.366628e-03 5.519992e-01 7.500000e-02 5.000000e-01 0.000000e+00
9.649214e-03 6.596083e-04 5.519992e-01 1.250000e-01 5.000000e-01 0.000000e+00
5.340471e-03 4.916314e-04 5.519992e-01 1.750000e-01 5.000000e-01 0.000000e+00
5.101980e-03 4.778453e-04 5.519992e-01 2.250000e-01 5.000000e-01 0.000000e+00
5.733346e-03 5.028489e-04 5.519992e-01 2.750000e-01 5.000000e-01 0.000000e+00
5.442020e-03 4.926984e-04 5.519992e-01 3.250000e-01 5.000000e-01 0.000000e+00
4.372428e-03 4.372439e-04 5.519992e-01 3.750000e-01 5.000000e-01 0.000000e+00
5.064418e-03 4.702209e-04 5.519992e-01 4.250000e-01 5.000000e-01 0.000000e+00
3.291244e-03 3.775327e-04 5.519992e-01 4.750000e-01 5.000000e-01 0.000000e+00
3.646691e-03 3.978876e-04 5.519992e-01 5.250000e-01 5.000000e-01 0.000000e+00
2.656286e-03 3.373497e-04 5.519992e-01 5.750000e-01 5.000000e-01 0.000000e+00
3.290036e-03 3.678385e-04 5.519992e-01 6.250000e-01 5.000000e-01 0.000000e+00
2.431782e-03 3.193099e-04 5.519992e-01 6.750000e-01 5.000000e-01 0.000000e+00
2.945449e-03 3.520501e-04 5.519992e-01 7.250000e-01 5.000000e-01 0.000000e+00
2.808145e-03 3.405384e-04 5.519992e-01 7.750000e-01 5.000000e-01 0.000000e+00
2.768234e-03 3.308685e-04 5.519992e-01 8.250000e-01 5.000000e-01 0.000000e+00
1.600806e-03 2.531109e-04 5.519992e-01 8.750000e-01 5.000000e-01 0.000000e+00
1.851687e-03 2.730176e-04 5.519992e-01 9.250000e-01 5.000000e-01 0.000000e+00
2.139200e-03 2.911094e-04 5.519992e-01 9.750000e-01 5.000000e-01 0.000000e+00
1.461428e-03 2.370756e-04 5.519992e-01 1.025000e+00 5.000000e-01 0.000000e+00
1.860143e-03 2.684899e-04 5.519992e-01 1.075000e+00 5.000000e-01 0.000000e+00
8.586901e-04 1.830741e-04 5.519992e-01 1.125000e+00 5.000000e-01 0.000000e+00
1.213104e-03 2.144493e-04 5.519992e-01 1.175000e+00 5.000000e-01 0.000000e+00
5.918273e-04 1.479574e-04 5.519992e-01 1.225000e+00 5.000000e-01 0.000000e+00
9.620830e-04 1.886813e-04 5.519992e-01 1.275000e+00 5.000000e-01 0.000000e+00
1.250543e-03 2.144673e-04 5.519992e-01 1.325000e+00 5.000000e-01 0.000000e+00
7.984813e-04 1.702376e-04 5.519992e-01 1.375000e+00 5.000000e-01 0.000000e+00
7.815246e-04 1.666230e-04 5.519992e-01 1.425000e+00 5.000000e-01 0.000000e+00
9.906115e-04 1.872093e-04 5.519992e-01 1.475000e+00 5.000000e-01 0.000000e+00
9.223086e-04 1.808812e-04 5.519992e-01 1.525000e+00 5.000000e-01 0.000000e+00
6.998351e-04 1.564889e-04 5.519992e-01 1.575000e+00 5.000000e-01 0.000000e+00
6.166482e-04 1.453467e-04 5.519992e-01 1.625000e+00 5.000000e-01 0.000000e+00
6.001810e-04 1.414656e-04 5.519992e-01 1.675000e+00 5.000000e-01 0.000000e+00
3.964619e-04 1.144499e-04 5.519992e-01 1.725000e+00 5.000000e-01 0.000000e+00
5.902998e-04 1.391366e-04 5.519992e-01 1.775000e+00 5.000000e-01 0.000000e+00
5.836686e-04 1.375734e-04 5.519992e-01 1.825000e+00 5.000000e-01 0.000000e+00
4.400442e-04 1.176084e-04 5.519992e-01 1.875000e+00 5.000000e-01 0.000000e+00
6.803703e-04 1.450571e-04 5.519992e-01 1.925000e+00 5.000000e-01 0.000000e+00
6.098133e-04 1.363609e-04 5.519992e-01 1.975000e+00 5.000000e-01 0.000000e+00
5.362169e-04 1.263895e-04 5.519992e-01 2.025000e+00 5.000000e-01 0.000000e+00
2.347694e-04 8.300487e-05 5.519992e-01 2.075000e+00 5.000000e-01 0.000000e+00
2.228337e-04 7.878521e-05 5.519992e-01 2.125000e+00 5.000000e-01 0.000000e+00
3.170560e-04 9.152793e-05 5.519992e-01 2.175000e+00 5.000000e-01 0.000000e+00
6.852591e-04 1.295041e-04 5.519992e-01 2.225000e+00 5.000000e-01 0.000000e+00
6.660863e-04 1.258798e-04 5.519992e-01 2.275000e+00 5.000000e-01 0.000000e+00
4.135914e-04 9.748774e-05 5.519992e-01 2.325000e+00 5.000000e-01 0.000000e+00
5.846289e-04 1.146575e-04 5.519992e-01 2.375000e+00 5.000000e-01 0.000000e+00
6.521463e-04 1.232466e-04 5.519992e-01 2.425000e+00 5.000000e-01 0.000000e+00
4.081377e-04 1.020376e-04 5.519992e-01 2.475000e+00 5.000000e-01 0.000000e+00
4.535640e-04 1.133961e-04 5.519992e-01 2.525000e+00 5.000000e-01 0.000000e+00
5.458534e-04 1.286617e-04 5.519992e-01 2.575000e+00 5.000000e-01 0.000000e+00
7.851229e-04 1.602701e-04 5.519992e-01 2.625000e+00 5.000000e-01 0.000000e+00
5.798298e-04 1.449623e-04 5.519992e-01 2.675000e+00 5.000000e-01 0.000000e+00
6.412493e-04 1.603157e-04 5.519992e-01 2.725000e+00 5.000000e-01 0.000000e+00
8.295140e-04 1.955325e-04 5.519992e-01 2.775000e+00 5.000000e-01 0.000000e+00
8.871811e-04 2.218221e-04 5.519992e-01 2.825000e+00 5.000000e-01 0.000000e+00
9.893872e-04 2.644376e-04 5.519992e-01 2.875000e+00 5.000000e-01 0.000000e+00
5.075916e-01 4.781381e-03 5.619991e-01 2.500000e-02 5.000000e-01 0.000000e+00
1.221306e-01 2.331489e-03 5.619991e-01 7.500000e-02 5.000000e-01 0.000000e+00
1.204267e-02 7.411770e-04 5.619991e-01 1.250000e-01 5.000000e-01 0.000000e+00
5.964572e-03 5.191505e-04 5.619991e-01 1.750000e-01 5.000000e-01 0.000000e+00
4.215904e-03 4.348384e-04 5.619991e-01 2.250000e-01 5.000000e-01 0.000000e+00
5.635921e-03 5.020893e-04 5.619991e-01 2.750000e-01 5.000000e-01 0.000000e+00
4.206102e-03 4.338275e-04 5.619991e-01 3.250000e-01 5.000000e-01 0.000000e+00
3.793864e-03 4.091037e-04 5.619991e-01 3.750000e-01 5.000000e-01 0.000000e+00
4.266456e-03 4.309784e-04 5.619991e-01 4.250000e-01 5.000000e-01 0.000000e+00
3.652199e-03 3.984888e-04 5.619991e-01 4.750000e-01 5.000000e-01 0.000000e+00
3.476763e-03 3.887152e-04 5.619991e-01 5.250000e-01 5.000000e-01 0.000000e+00
2.346290e-03 3.192905e-04 5.619991e-01 5.750000e-01 5.000000e-01 0.000000e+00
2.815569e-03 3.414391e-04 5.619991e-01 6.250000e-01 5.000000e-01 0.000000e+00
2.001586e-03 2.889046e-04 5.619991e-01 6.750000e-01 5.000000e-01 0.000000e+00
2.513881e-03 3.245419e-04 5.619991e-01 7.250000e-01 5.000000e-01 0.000000e+00
2.516044e-03 3.248210e-04 5.619991e-01 7.750000e-01 5.000000e-01 0.000000e+00
2.932525e-03 3.456029e-04 5.619991e-01 8.250000e-01 5.000000e-01 0.000000e+00
2.834822e-03 3.340883e-04 5.619991e-01 8.750000e-01 5.000000e-01 0.000000e+00
2.715774e-03 3.293371e-04 5.619991e-01 9.250000e-01 5.000000e-01 0.000000e+00
1.692156e-03 2.611066e-04 5.619991e-01 9.750000e-01 5.000000e-01 0.000000e+00
1.817824e-03 2.680246e-04 5.619991e-01 1.025000e+00 5.000000e-01 0.000000e+00
1.521714e-03 2.406057e-04 5.619991e-01 1.075000e+00 5.000000e-01 0.000000e+00
1.534734e-03 2.426645e-04 5.619991e-01 1.125000e+00 5.000000e-01 0.000000e+00
1.152909e-03 2.104928e-04 5.619991e-01 1.175000e+00 5.000000e-01 0.000000e+00
9.934849e-04 1.948390e-04 5.619991e-01 1.225000e+00 5.000000e-01 0.000000e+00
9.663226e-04 1.895123e-04 5.619991e-01 1.275000e+00 5.000000e-01 0.000000e+00
1.098216e-03 2.005069e-04 5.619991e-01 1.325000e+00 5.000000e-01 0.000000e+00
8.824747e-04 1.801355e-04 5.619991e-01 1.375000e+00 5.000000e-01 0.000000e+00
5.839747e-04 1.459943e-04 5.619991e-01 1.425000e+00 5.000000e-01 0.000000e+00
5.039225e-04 1.346805e-04 5.619991e-01 1.475000e+00 5.000000e-01 0.000000e+00
1.395484e-03 2.206470e-04 5.619991e-01 1.525000e+00 5.000000e-01 0.000000e+00
6.854218e-04 1.532663e-04 5.619991e-01 1.575000e+00 5.000000e-01 0.000000e+00
4.778013e-04 1.276994e-04 5.619991e-01 1.625000e+00 5.000000e-01 0.000000e+00
4.074662e-04 1.176259e-04 5.619991e-01 1.675000e+00 5.000000e-01 0.000000e+00
7.356729e-04 1.568480e-04 5.619991e-01 1.725000e+00 5.000000e-01 0.000000e+00
7.192018e-04 1.533365e-04 5.619991e-01 1.775000e+00 5.000000e-01 0.000000e+00
4.488282e-04 1.199558e-04 5.619991e-01 1.825000e+00 5.000000e-01 0.000000e+00
5.693157e-04 1.341903e-04 5.619991e-01 1.875000e+00 5.000000e-01 0.000000e+00
7.434517e-04 1.517581e-04 5.619991e-01 1.925000e+00 5.000000e-01 0.000000e+00
5.505576e-04 1.297693e-04 5.619991e-01 1.975000e+00 5.000000e-01 0.000000e+00
7.131762e-04 1.455794e-04 5.619991e-01 2.025000e+00 5.000000e-01 0.000000e+00
5.674257e-04 1.268826e-04 5.619991e-01 2.075000e+00 5.000000e-01 0.000000e+00
4.805402e-04 1.132658e-04 5.619991e-01 2.125000e+00 5.000000e-01 0.000000e+00
5.024454e-04 1.123531e-04 5.619991e-01 2.175000e+00 5.000000e-01 0.000000e+00
9.252832e-04 1.501042e-04 5.619991e-01 2.225000e+00 5.000000e-01 0.000000e+00
6.175396e-04 1.211113e-04 5.619991e-01 2.275000e+00 5.000000e-01 0.000000e+00
6.975507e-04 1.273586e-04 5.619991e-01 2.325000e+00 5.000000e-01 0.000000e+00
5.776240e-04 1.179089e-04 5.619991e-01 2.375000e+00 5.000000e-01 0.000000e+00
8.438561e-04 1.491795e-04 5.619991e-01 2.425000e+00 5.000000e-01 0.000000e+00
4.152615e-04 1.109874e-04 5.619991e-01 2.475000e+00 5.000000e-01 0.000000e+00
1.141241e-03 1.902166e-04 5.619991e-01 2.525000e+00 5.000000e-01 0.000000e+00
8.204735e-04 1.674905e-04 5.619991e-01 2.575000e+00 5.000000e-01 0.000000e+00
9.712049e-04 1.904753e-04 5.619991e-01 2.625000e+00 5.000000e-01 0.000000e+00
4.168716e-04 1.318313e-04 5.619991e-01 2.675000e+00 5.000000e-01 0.000000e+00
6.746785e-04 1.803298e-04 5.619991e-01 2.725000e+00 5.000000e-01 0.000000e+00
6.879309e-04 1.986140e-04 5.619991e-01 2.775000e+00 5.000000e-01 0.000000e+00
5.992951e-04 2.118995e-04 5.619991e-01 2.825000e+00 5.000000e-01 0.000000e+00
9.212287e-04 3.257468e-04 5.619991e-01 2.875000e+00 5.000000e-01 0.000000e+00
5.136902e-01 4.794367e-03 5.719991e-01 2.500000e-02 5.000000e-01 0.000000e+00
1.262815e-01 2.367967e-03 5.719991e-01 7.500000e-02 5.000000e-01 0.000000e+00
1.017503e-02 6.860018e-04 5.719991e-01 1.250000e-01 5.000000e-01 0.000000e+00
7.060416e-03 5.652871e-04 5.719991e-01 1.750000e-01 5.000000e-01 0.000000e+00
6.540236e-03 5.450211e-04 5.719991e-01 2.250000e-01 5.000000e-01 0.000000e+00
4.602654e-03 4.557318e-04 5.719991e-01 2.750000e-01 5.000000e-01 0.000000e+00
3.945634e-03 4.206072e-04 5.719991e-01 3.250000e-01 5.000000e-01 0.000000e+00
3.840288e-03 4.141099e-04 5.719991e-01 3.750000e-01 5.000000e-01 0.000000e+00
3.219679e-03 3.742812e-04 5.719991e-01 4.250000e-01 5.000000e-01 0.000000e+00
3.139211e-03 3.699607e-04 5.719991e-01 4.750000e-01 5.000000e-01 0.000000e+00
2.520611e-03 3.309739e-04 5.719991e-01 5.250000e-01 5.000000e-01 0.000000e+00
3.998370e-03 4.168606e-04 5.719991e-01 5.750000e-01 5.000000e-01 0.000000e+00
2.768299e-03 3.460382e-04 5.719991e-01 6.250000e-01 5.000000e-01 0.000000e+00
2.516474e-03 3.195937e-04 5.719991e-01 6.750000e-01 5.000000e-01 0.000000e+00
2.418913e-03 3.176204e-04 5.719991e-01 7.250000e-01 5.000000e-01 0.000000e+00
2.091186e-03 2.957396e-04 5.719991e-01 7.750000e-01 5.000000e-01 0.000000e+00
2.346684e-03 3.135898e-04 5.719991e-01 8.250000e-01 5.000000e-01 0.000000e+00
2.342148e-03 3.075406e-04 5.719991e-01 8.750000e-01 5.000000e-01 0.000000e+00
1.336474e-03 2.292042e-04 5.719991e-01 9.250000e-01 5.000000e-01 0.000000e+00
2.556155e-03 3.195208e-04 5.719991e-01 9.750000e-01 5.000000e-01 0.000000e+00
1.198586e-03 2.188318e-04 5.719991e-01 1.025000e+00 5.000000e-01 0.000000e+00
1.430562e-03 2.384278e-04 5.719991e-01 1.075000e+00 5.000000e-01 0.000000e+00
1.841056e-03 2.657350e-04 5.719991e-01 1.125000e+00 5.000000e-01 0.000000e+00
1.208713e-03 2.136739e-04 5.719991e-01 1.175000e+00 5.000000e-01 0.000000e+00
1.139874e-03 2.081130e-04 5.719991e-01 1.225000e+00 5.000000e-01 0.000000e+00
1.068606e-03 2.019487e-04 5.719991e-01 1.275000e+00 5.000000e-01 0.000000e+00
8.990477e-04 1.835188e-04 5.719991e-01 1.325000e+00 5.000000e-01 0.000000e+00
5.126261e-04 1.370058e-04 5.719991e-01 1.375000e+00 5.000000e-01 0.000000e+00
5.698329e-04 1.424586e-04 5.719991e-01 1.425000e+00 5.000000e-01 0.000000e+00
5.662993e-04 1.415755e-04 5.719991e-01 1.475000e+00 5.000000e-01 0.000000e+00
4.936931e-04 1.319458e-04 5.719991e-01 1.525000e+00 5.000000e-01 0.000000e+00
3.513844e-04 1.111184e-04 5.719991e-01 1.575000e+00 5.000000e-01 0.000000e+00
9.660783e-04 1.825737e-04 5.719991e-01 1.625000e+00 5.000000e-01 0.000000e+00
9.421988e-04 1.780603e-04 5.719991e-01 1.675000e+00 5.000000e-01 0.000000e+00
5.269852e-04 1.317483e-04 5.719991e-01 1.725000e+00 5.000000e-01 0.000000e+00
7.167493e-04 1.528136e-04 5.719991e-01 1.775000e+00 5.000000e-01 0.000000e+00
8.322671e-04 1.632229e-04 5.719991e-01 1.825000e+00 5.000000e-01 0.000000e+00
1.135975e-03 1.893313e-04 5.719991e-01 1.875000e+00 5.000000e-01 0.000000e+00
6.211639e-04 1.388977e-04 5.719991e-01 1.925000e+00 5.000000e-01 0.000000e+00
4.256236e-04 1.137543e-04 5.719991e-01 1.975000e+00 5.000000e-01 0.000000e+00
2.891175e-04 9.142894e-05 5.719991e-01 2.025000e+00 5.000000e-01 0.000000e+00
5.402378e-04 1.208022e-04 5.719991e-01 2.075000e+00 5.000000e-01 0.000000e+00
7.153346e-04 1.351868e-04 5.719991e-01 2.125000e+00 5.000000e-01 0.000000e+00
2.943018e-04 8.495812e-05 5.719991e-01 2.175000e+00 5.000000e-01 0.000000e+00
5.859506e-04 1.196081e-04 5.719991e-01 2.225000e+00 5.000000e-01 0.000000e+00
3.805651e-04 9.514447e-05 5.719991e-01 2.275000e+00 5.000000e-01 0.000000e+00
6.014050e-04 1.227638e-04 5.719991e-01 2.325000e+00 5.000000e-01 0.000000e+00
7.149678e-04 1.402204e-04 5.719991e-01 2.375000e+00 5.000000e-01 0.000000e+00
6.082912e-04 1.360240e-04 5.719991e-01 2.425000e+00 5.000000e-01 0.000000e+00
9.268703e-04 1.751674e-04 5.719991e-01 2.475000e+00 5.000000e-01 0.000000e+00
5.045155e-04 1.348404e-04 5.719991e-01 2.525000e+00 5.000000e-01 0.000000e+00
9.387897e-04 1.916364e-04 5.719991e-01 2.575000e+00 5.000000e-01 0.000000e+00
3.504903e-04 1.239239e-04 5.719991e-01 2.625000e+00 5.000000e-01 0.000000e+00
6.054773e-04 1.747895e-04 5.719991e-01 2.675000e+00 5.000000e-01 0.000000e+00
3.654202e-04 1.492021e-04 5.719991e-01 2.725000e+00 5.000000e-01 0.000000e+00
1.262432e-03 3.156361e-04 5.719991e-01 2.775000e+00 5.000000e-01 0.000000e+00
9.582655e-04 3.388338e-04 5.719991e-01 2.825000e+00 5.000000e-01 0.000000e+00
1.741632e-03 7.110266e-04 5.719991e-01 2.875000e+00 5.000000e-01 0.000000e+00
5.214406e-01 4.834800e-03 5.819991e-01 2.500000e-02 5.000000e-01 0.000000e+00
1.279441e-01 2.432735e-03 5.819991e-01 7.500000e-02 5.000000e-01 0.000000e+00
1.094248e-02 7.063350e-04 5.819991e-01 1.250000e-01 5.000000e-01 0.000000e+00
4.892108e-03 4.707445e-04 5.819991e-01 1.750000e-01 5.000000e-01 0.000000e+00
4.474540e-03 4.519977e-04 5.819991e-01 2.250000e-01 5.000000e-01 0.000000e+00
5.256462e-03 4.880514e-04 5.819991e-01 2.750000e-01 5.000000e-01 0.000000e+00
4.128005e-03 4.303754e-04 5.819991e-01 3.250000e-01 5.000000e-01 0.000000e+00
4.381048e-03 4.425537e-04 5.819991e-01 3.750000e-01 5.000000e-01 0.000000e+00
4.167794e-03 4.253750e-04 5.819991e-01 4.250000e-01 5.000000e-01 0.000000e+00
4.203984e-03 4.290686e-04 5.819991e-01 4.750000e-01 5.000000e-01 0.000000e+00
2.689481e-03 3.415655e-04 5.819991e-01 5.250000e-01 5.000000e-01 0.000000e+00
2.431743e-03 3.249563e-04 5.819991e-01 5.750000e-01 5.000000e-01 0.000000e+00
3.398154e-03 3.847666e-04 5.819991e-01 6.250000e-01 5.000000e-01 0.000000e+00
2.108368e-03 2.981692e-04 5.819991e-01 6.750000e-01 5.000000e-01 0.000000e+00
1.718423e-03 2.651595e-04 5.819991e-01 7.250000e-01 5.000000e-01 0.000000e+00
2.327701e-03 3.110531e-04 5.819991e-01 7.750000e-01 5.000000e-01 0.000000e+00
2.341601e-03 3.129110e-04 5.819991e-01 8.250000e-01 5.000000e-01 0.000000e+00
2.171596e-03 3.011472e-04 5.819991e-01 8.750000e-01 5.000000e-01 0.000000e+00
1.461396e-03 2.435676e-04 5.819991e-01 9.250000e-01 5.000000e-01 0.000000e+00
1.813803e-03 2.674318e-04 5.819991e-01 9.750000e-01 5.000000e-01 0.000000e+00
1.583273e-03 2.503388e-04 5.819991e-01 1.025000e+00 5.000000e-01 0.000000e+00
1.905108e-03 2.749802e-04 5.819991e-01 1.075000e+00 5.000000e-01 0.000000e+00
1.196126e-03 2.183827e-04 5.819991e-01 1.125000e+00 5.000000e-01 0.000000e+00
1.398558e-03 2.330942e-04 5.819991e-01 1.175000e+00 5.000000e-01 0.000000e+00
6.786485e-04 1.599595e-04 5.819991e-01 1.225000e+00 5.000000e-01 0.000000e+00
1.032661e-03 1.951556e-04 5.819991e-01 1.275000e+00 5.000000e-01 0.000000e+00
1.317236e-03 2.195409e-04 5.819991e-01 1.325000e+00 5.000000e-01 0.000000e+00
1.099670e-03 2.007723e-04 5.819991e-01 1.375000e+00 5.000000e-01 0.000000e+00
6.589209e-04 1.553101e-04 5.819991e-01 1.425000e+00 5.000000e-01 0.000000e+00
5.792528e-04 1.448145e-04 5.819991e-01 1.475000e+00 5.000000e-01 0.000000e+00
3.521086e-04 1.113467e-04 5.819991e-01 1.525000e+00 5.000000e-01 0.000000e+00
4.833403e-04 1.291788e-04 5.819991e-01 1.575000e+00 5.000000e-01 0.000000e+00
7.437982e-04 1.585800e-04 5.819991e-01 1.625000e+00 5.000000e-01 0.000000e+00
1.075537e-03 1.901321e-04 5.819991e-01 1.675000e+00 5.000000e-01 0.000000e+00
6.682166e-04 1.494188e-04 5.819991e-01 1.725000e+00 5.000000e-01 0.000000e+00
7.200855e-04 1.535242e-04 5.819991e-01 1.775000e+00 5.000000e-01 0.000000e+00
5.167011e-04 1.291764e-04 5.819991e-01 1.825000e+00 5.000000e-01 0.000000e+00
6.972002e-04 1.486449e-04 5.819991e-01 1.875000e+00 5.000000e-01 0.000000e+00
4.941256e-04 1.235332e-04 5.819991e-01 1.925000e+00 5.000000e-01 0.000000e+00
6.391428e-04 1.362674e-04 5.819991e-01 1.975000e+00 5.000000e-01 0.000000e+00
5.484491e-04 1.226383e-04 5.819991e-01 2.025000e+00 5.000000e-01 0.000000e+00
7.254408e-04 1.370982e-04 5.819991e-01 2.075000e+00 5.000000e-01 0.000000e+00
6.586533e-04 1.291735e-04 5.819991e-01 2.125000e+00 5.000000e-01 0.000000e+00
6.504935e-04 1.275747e-04 5.819991e-01 2.175000e+00 5.000000e-01 0.000000e+00
6.397250e-04 1.254621e-04 5.819991e-01 2.225000e+00 5.000000e-01 0.000000e+00
7.765024e-04 1.417735e-04 5.819991e-01 2.275000e+00 5.000000e-01 0.000000e+00
4.020563e-04 1.074545e-04 5.819991e-01 2.325000e+00 5.000000e-01 0.000000e+00
5.711607e-04 1.346258e-04 5.819991e-01 2.375000e+00 5.000000e-01 0.000000e+00
4.119443e-04 1.189204e-04 5.819991e-01 2.425000e+00 5.000000e-01 0.000000e+00
9.729879e-04 1.908261e-04 5.819991e-01 2.475000e+00 5.000000e-01 0.000000e+00
6.553644e-04 1.638468e-04 5.819991e-01 2.525000e+00 5.000000e-01 0.000000e+00
7.395193e-04 1.848896e-04 5.819991e-01 2.575000e+00 5.000000e-01 0.000000e+00
5.369975e-04 1.698149e-04 5.819991e-01 2.625000e+00 5.000000e-01 0.000000e+00
6.363672e-04 2.012470e-04 5.819991e-01 2.675000e+00 5.000000e-01 0.000000e+00
8.225581e-04 2.601173e-04 5.819991e-01 2.725000e+00 5.000000e-01 0.000000e+00
1.799610e-03 4.810082e-04 5.819991e-01 2.775000e+00 5.000000e-01 0.000000e+00
6.202489e-04 4.385822e-04 5.819991e-01 2.825000e+00 5.000000e-01 0.000000e+00
0.000000e+00 0.000000e+00 5.819991e-01 2.875000e+00 5.000000e-01 0.000000e+00
5.154915e-01 4.872688e-03 5.919991e-01 2.500000e-02 5.000000e-01 0.000000e+00
1.200684e-01 2.376781e-03 5.919991e-01 7.500000e-02 5.000000e-01 0.000000e+00
1.059618e-02 6.926955e-04 5.919991e-01 1.250000e-01 5.000000e-01 0.000000e+00
5.853121e-03 5.133538e-04 5.919991e-01 1.750000e-01 5.000000e-01 0.000000e+00
6.305744e-03 5.367820e-04 5.919991e-01 2.250000e-01 5.000000e-01 0.000000e+00
4.445443e-03 4.490588e-04 5.919991e-01 2.750000e-01 5.000000e-01 0.000000e+00
4.840889e-03 4.658163e-04 5.919991e-01 3.250000e-01 5.000000e-01 0.000000e+00
4.480244e-03 4.480257e-04 5.919991e-01 3.750000e-01 5.000000e-01 0.000000e+00
3.415470e-03 3.867273e-04 5.919991e-01 4.250000e-01 5.000000e-01 0.000000e+00
3.506512e-03 3.920410e-04 5.919991e-01 4.750000e-01 5.000000e-01 0.000000e+00
2.628977e-03 3.394002e-04 5.919991e-01 5.250000e-01 5.000000e-01 0.000000e+00
2.959129e-03 3.588485e-04 5.919991e-01 5.750000e-01 5.000000e-01 0.000000e+00
2.006470e-03 2.958390e-04 5.919991e-01 6.250000e-01 5.000000e-01 0.000000e+00
2.089194e-03 3.015501e-04 5.919991e-01 6.750000e-01 5.000000e-01 0.000000e+00
2.558863e-03 3.249769e-04 5.919991e-01 7.250000e-01 5.000000e-01 0.000000e+00
2.058024e-03 2.910496e-04 5.919991e-01 7.750000e-01 5.000000e-01 0.000000e+00
2.244503e-03 3.054393e-04 5.919991e-01 8.250000e-01 5.000000e-01 0.000000e+00
1.746269e-03 2.694563e-04 5.919991e-01 8.750000e-01 5.000000e-01 0.000000e+00
1.991533e-03 2.874544e-04 5.919991e-01 9.250000e-01 5.000000e-01 0.000000e+00
1.803489e-03 2.718877e-04 5.919991e-01 9.750000e-01 5.000000e-01 0.000000e+00
1.956804e-03 2.767348e-04 5.919991e-01 1.025000e+00 5.000000e-01 0.000000e+00
2.003091e-03 2.777799e-04 5.919991e-01 1.075000e+00 5.000000e-01 0.000000e+00
1.238569e-03 2.189511e-04 5.919991e-01 1.125000e+00 5.000000e-01 0.000000e+00
1.454405e-03 2.359368e-04 5.919991e-01 1.175000e+00 5.000000e-01 0.000000e+00
9.206706e-04 1.879320e-04 5.919991e-01 1.225000e+00 5.000000e-01 0.000000e+00
1.374313e-03 2.290536e-04 5.919991e-01 1.275000e+00 5.000000e-01 0.000000e+00
1.115725e-03 2.037038e-04 5.919991e-01 1.325000e+00 5.000000e-01 0.000000e+00
1.175433e-03 2.077908e-04 5.919991e-01 1.375000e+00 5.000000e-01 0.000000e+00
8.604021e-04 1.756299e-04 5.919991e-01 1.425000e+00 5.000000e-01 0.000000e+00
9.152581e-04 1.794985e-04 5.919991e-01 1.475000e+00 5.000000e-01 0.000000e+00
8.437042e-04 1.722217e-04 5.919991e-01 1.525000e+00 5.000000e-01 0.000000e+00
5.581049e-04 1.395270e-04 5.919991e-01 1.575000e+00 5.000000e-01 0.000000e+00
2.083358e-04 8.505329e-05 5.919991e-01 1.625000e+00 5.000000e-01 0.000000e+00
7.429612e-04 1.584017e-04 5.919991e-01 1.675000e+00 5.000000e-01 0.000000e+00
3.968333e-04 1.145570e-04 5.919991e-01 1.725000e+00 5.000000e-01 0.000000e+00
3.304306e-04 1.044927e-04 5.919991e-01 1.775000e+00 5.000000e-01 0.000000e+00
9.004536e-04 1.701713e-04 5.919991e-01 1.825000e+00 5.000000e-01 0.000000e+00
4.318903e-04 1.154280e-04 5.919991e-01 1.875000e+00 5.000000e-01 0.000000e+00
5.315922e-04 1.252987e-04 5.919991e-01 1.925000e+00 5.000000e-01 0.000000e+00
6.635835e-04 1.354548e-04 5.919991e-01 1.975000e+00 5.000000e-01 0.000000e+00
5.809109e-04 1.238528e-04 5.919991e-01 2.025000e+00 5.000000e-01 0.000000e+00
6.792270e-04 1.332087e-04 5.919991e-01 2.075000e+00 5.000000e-01 0.000000e+00
5.589786e-04 1.191763e-04 5.919991e-01 2.125000e+00 5.000000e-01 0.000000e+00
5.120619e-04 1.145012e-04 5.919991e-01 2.175000e+00 5.000000e-01 0.000000e+00
8.066721e-04 1.472795e-04 5.919991e-01 2.225000e+00 5.000000e-01 0.000000e+00
6.538961e-04 1.394152e-04 5.919991e-01 2.275000e+00 5.000000e-01 0.000000e+00
6.640154e-04 1.484823e-04 5.919991e-01 2.325000e+00 5.000000e-01 0.000000e+00
3.601374e-04 1.138865e-04 5.919991e-01 2.375000e+00 5.000000e-01 0.000000e+00
1.014959e-03 1.990571e-04 5.919991e-01 2.425000e+00 5.000000e-01 0.000000e+00
3.440288e-04 1.216356e-04 5.919991e-01 2.475000e+00 5.000000e-01 0.000000e+00
7.750742e-04 1.937775e-04 5.919991e-01 2.525000e+00 5.000000e-01 0.000000e+00
4.540337e-04 1.605274e-04 5.919991e-01 2.575000e+00 5.000000e-01 0.000000e+00
9.509428e-04 2.541663e-04 5.919991e-01 2.625000e+00 5.000000e-01 0.000000e+00
7.006341e-04 2.477141e-04 5.919991e-01 2.675000e+00 5.000000e-01 0.000000e+00
0.000000e+00 0.000000e+00 5.919991e-01 2.725000e+00 5.000000e-01 0.000000e+00
7.040010e-04 4.978039e-04 5.919991e-01 2.775000e+00 5.000000e-01 0.000000e+00
0.000000e+00 0.000000e+00 5.919991e-01 2.825000e+00 5.000000e-01 0.000000e+00
nan nan 5.919991e-01 2.875000e+00 5.000000e-01 0.000000e+00
5.008716e-01 4.946303e-03 6.019991e-01 2.500000e-02 5.000000e-01 0.000000e+00
1.238382e-01 2.378871e-03 6.019991e-01 7.500000e-02 5.000000e-01 0.000000e+00
1.027086e-02 6.772418e-04 6.019991e-01 1.250000e-01 5.000000e-01 0.000000e+00
6.444985e-03 5.370836e-04 6.019991e-01 1.750000e-01 5.000000e-01 0.000000e+00
5.432456e-03 4.959142e-04 6.019991e-01 2.250000e-01 5.000000e-01 0.000000e+00
6.413811e-03 5.420676e-04 6.019991e-01 2.750000e-01 5.000000e-01 0.000000e+00
3.966863e-03 4.228701e-04 6.019991e-01 3.250000e-01 5.000000e-01 0.000000e+00
4.226855e-03 4.359681e-04 6.019991e-01 3.750000e-01 5.000000e-01 0.000000e+00
4.938722e-03 4.666667e-04 6.019991e-01 4.250000e-01 5.000000e-01 0.000000e+00
3.857961e-03 4.112613e-04 6.019991e-01 4.750000e-01 5.000000e-01 0.000000e+00
2.829134e-03 3.536427e-04 6.019991e-01 5.250000e-01 5.000000e-01 0.000000e+00
2.538833e-03 3.333664e-04 6.019991e-01 5.750000e-01 5.000000e-01 0.000000e+00
2.527034e-03 3.318171e-04 6.019991e-01 6.250000e-01 5.000000e-01 0.000000e+00
2.524940e-03 3.315422e-04 6.019991e-01 6.750000e-01 5.000000e-01 0.000000e+00
2.339832e-03 3.184118e-04 6.019991e-01 7.250000e-01 5.000000e-01 0.000000e+00
1.966121e-03 2.837863e-04 6.019991e-01 7.750000e-01 5.000000e-01 0.000000e+00
1.636182e-03 2.587040e-04 6.019991e-01 8.250000e-01 5.000000e-01 0.000000e+00
2.122428e-03 2.943292e-04 6.019991e-01 8.750000e-01 5.000000e-01 0.000000e+00
1.861192e-03 2.744190e-04 6.019991e-01 9.250000e-01 5.000000e-01 0.000000e+00
1.288141e-03 2.277143e-04 6.019991e-01 9.750000e-01 5.000000e-01 0.000000e+00
1.520043e-03 2.465845e-04 6.019991e-01 1.025000e+00 5.000000e-01 0.000000e+00
1.337955e-03 2.294590e-04 6.019991e-01 1.075000e+00 5.000000e-01 0.000000e+00
1.307514e-03 2.242382e-04 6.019991e-01 1.125000e+00 5.000000e-01 0.000000e+00
1.443552e-03 2.341766e-04 6.019991e-01 1.175000e+00 5.000000e-01 0.000000e+00
9.865350e-04 1.934763e-04 6.019991e-01 1.225000e+00 5.000000e-01 0.000000e+00
1.130636e-03 2.064257e-04 6.019991e-01 1.275000e+00 5.000000e-01 0.000000e+00
7.404416e-04 1.655688e-04 6.019991e-01 1.325000e+00 5.000000e-01 0.000000e+00
1.187743e-03 2.099659e-04 6.019991e-01 1.375000e+00 5.000000e-01 0.000000e+00
9.476081e-04 1.858429e-04 6.019991e-01 1.425000e+00 5.000000e-01 0.000000e+00
7.281243e-04 1.628149e-04 6.019991e-01 1.475000e+00 5.000000e-01 0.000000e+00
7.048829e-04 1.576173e-04 6.019991e-01 1.525000e+00 5.000000e-01 0.000000e+00
8.305531e-04 1.695367e-04 6.019991e-01 1.575000e+00 5.000000e-01 0.000000e+00
7.612762e-04 1.623053e-04 6.019991e-01 1.625000e+00 5.000000e-01 0.000000e+00
5.426871e-04 1.356726e-04 6.019991e-01 1.675000e+00 5.000000e-01 0.000000e+00
3.993635e-04 1.152870e-04 6.019991e-01 1.725000e+00 5.000000e-01 0.000000e+00
8.401314e-04 1.647657e-04 6.019991e-01 1.775000e+00 5.000000e-01 0.000000e+00
3.807367e-04 1.099104e-04 6.019991e-01 1.825000e+00 5.000000e-01 0.000000e+00
6.461206e-04 1.377553e-04 6.019991e-01 1.875000e+00 5.000000e-01 0.000000e+00
8.285269e-04 1.512702e-04 6.019991e-01 1.925000e+00 5.000000e-01 0.000000e+00
4.342140e-04 1.085545e-04 6.019991e-01 1.975000e+00 5.000000e-01 0.000000e+00
4.779029e-04 1.126454e-04 6.019991e-01 2.025000e+00 5.000000e-01 0.000000e+00
4.680963e-04 1.103321e-04 6.019991e-01 2.075000e+00 5.000000e-01 0.000000e+00
6.314566e-04 1.288976e-04 6.019991e-01 2.125000e+00 5.000000e-01 0.000000e+00
4.487118e-04 1.121792e-04 6.019991e-01 2.175000e+00 5.000000e-01 0.000000e+00
6.219530e-04 1.390755e-04 6.019991e-01 2.225000e+00 5.000000e-01 0.000000e+00
8.372581e-04 1.709091e-04 6.019991e-01 2.275000e+00 5.000000e-01 0.000000e+00
7.535536e-04 1.685024e-04 6.019991e-01 2.325000e+00 5.000000e-01 0.000000e+00
4.899911e-04 1.414524e-04 6.019991e-01 2.375000e+00 5.000000e-01 0.000000e+00
7.295557e-04 1.823950e-04 6.019991e-01 2.425000e+00 5.000000e-01 0.000000e+00
5.158119e-04 1.631191e-04 6.019991e-01 2.475000e+00 5.000000e-01 0.000000e+00
1.313678e-03 2.800924e-04 6.019991e-01 2.525000e+00 5.000000e-01 0.000000e+00
7.308143e-04 2.311126e-04 6.019991e-01 2.575000e+00 5.000000e-01 0.000000e+00
9.682994e-04 3.062119e-04 6.019991e-01 2.625000e+00 5.000000e-01 0.000000e+00
9.498984e-04 3.878244e-04 6.019991e-01 2.675000e+00 5.000000e-01 0.000000e+00
1.585911e-03 7.929554e-04 6.019991e-01 2.725000e+00 5.000000e-01 0.000000e+00
0.000000e+00 0.000000e+00 6.019991e-01 2.775000e+00 5.000000e-01 0.000000e+00
nan nan 6.019991e-01 2.825000e+00 5.000000e-01 0.000000e+00
nan nan 6.019991e-01 2.875000e+00 5.000000e-01 0.000000e+00
4.979235e-01 4.793057e-03 6.119991e-01 2.500000e-02 5.000000e-01 0.000000e+00
1.215669e-01 2.341294e-03 6.119991e-01 7.500000e-02 5.000000e-01 0.000000e+00
1.149788e-02 7.158283e-04 6.119991e-01 1.250000e-01 5.000000e-01 0.000000e+00
6.017173e-03 5.198059e-04 6.119991e-01 1.750000e-01 5.000000e-01 0.000000e+00
5.781971e-03 5.110602e-04 6.119991e-01 2.250000e-01 5.000000e-01 0.000000e+00
4.957834e-03 4.727125e-04 6.119991e-01 2.750000e-01 5.000000e-01 0.000000e+00
4.053108e-03 4.272365e-04 6.119991e-01 3.250000e-01 5.000000e-01 0.000000e+00
3.734109e-03 4.074259e-04 6.119991e-01 3.750000e-01 5.000000e-01 0.000000e+00
3.162244e-03 3.726751e-04 6.119991e-01 4.250000e-01 5.000000e-01 0.000000e+00
3.185246e-03 3.702789e-04 6.119991e-01 4.750000e-01 5.000000e-01 0.000000e+00
2.525751e-03 3.316486e-04 6.119991e-01 5.250000e-01 5.000000e-01 0.000000e+00
3.407514e-03 3.858262e-04 6.119991e-01 5.750000e-01 5.000000e-01 0.000000e+00
3.202056e-03 3.722325e-04 6.119991e-01 6.250000e-01 5.000000e-01 0.000000e+00
2.642638e-03 3.356167e-04 6.119991e-01 6.750000e-01 5.000000e-01 0.000000e+00
2.376565e-03 3.175830e-04 6.119991e-01 7.250000e-01 5.000000e-01 0.000000e+00
1.952847e-03 2.879331e-04 6.119991e-01 7.750000e-01 5.000000e-01 0.000000e+00
2.606961e-03 3.258711e-04 6.119991e-01 8.250000e-01 5.000000e-01 0.000000e+00
1.587291e-03 2.509738e-04 6.119991e-01 8.750000e-01 5.000000e-01 0.000000e+00
2.014276e-03 2.848627e-04 6.119991e-01 9.250000e-01 5.000000e-01 0.000000e+00
2.005652e-03 2.836435e-04 6.119991e-01 9.750000e-01 5.000000e-01 0.000000e+00
1.514471e-03 2.456807e-04 6.119991e-01 1.025000e+00 5.000000e-01 0.000000e+00
1.192520e-03 2.177243e-04 6.119991e-01 1.075000e+00 5.000000e-01 0.000000e+00
1.430006e-03 2.383355e-04 6.119991e-01 1.125000e+00 5.000000e-01 0.000000e+00
1.021998e-03 2.004315e-04 6.119991e-01 1.175000e+00 5.000000e-01 0.000000e+00
1.443004e-03 2.340871e-04 6.119991e-01 1.225000e+00 5.000000e-01 0.000000e+00
9.635654e-04 1.889716e-04 6.119991e-01 1.275000e+00 5.000000e-01 0.000000e+00
8.876761e-04 1.811969e-04 6.119991e-01 1.325000e+00 5.000000e-01 0.000000e+00
5.839847e-04 1.459966e-04 6.119991e-01 1.375000e+00 5.000000e-01 0.000000e+00
1.017811e-03 1.923492e-04 6.119991e-01 1.425000e+00 5.000000e-01 0.000000e+00
5.659261e-04 1.414825e-04 6.119991e-01 1.475000e+00 5.000000e-01 0.000000e+00
8.431601e-04 1.721105e-04 6.119991e-01 1.525000e+00 5.000000e-01 0.000000e+00
5.589105e-04 1.397290e-04 6.119991e-01 1.575000e+00 5.000000e-01 0.000000e+00
4.759550e-04 1.272054e-04 6.119991e-01 1.625000e+00 5.000000e-01 0.000000e+00
1.015262e-03 1.853621e-04 6.119991e-01 1.675000e+00 5.000000e-01 0.000000e+00
4.550203e-04 1.216104e-04 6.119991e-01 1.725000e+00 5.000000e-01 0.000000e+00
5.108869e-04 1.277226e-04 6.119991e-01 1.775000e+00 5.000000e-01 0.000000e+00
6.475818e-04 1.380666e-04 6.119991e-01 1.825000e+00 5.000000e-01 0.000000e+00
6.192482e-04 1.320259e-04 6.119991e-01 1.875000e+00 5.000000e-01 0.000000e+00
6.586123e-04 1.344403e-04 6.119991e-01 1.925000e+00 5.000000e-01 0.000000e+00
4.803921e-04 1.132310e-04 6.119991e-01 1.975000e+00 5.000000e-01 0.000000e+00
4.289581e-04 1.072404e-04 6.119991e-01 2.025000e+00 5.000000e-01 0.000000e+00
4.897585e-04 1.154390e-04 6.119991e-01 2.075000e+00 5.000000e-01 0.000000e+00
6.440109e-04 1.373068e-04 6.119991e-01 2.125000e+00 5.000000e-01 0.000000e+00
6.533016e-04 1.460858e-04 6.119991e-01 2.175000e+00 5.000000e-01 0.000000e+00
6.612677e-04 1.558649e-04 6.119991e-01 2.225000e+00 5.000000e-01 0.000000e+00
4.742179e-04 1.368983e-04 6.119991e-01 2.275000e+00 5.000000e-01 0.000000e+00
6.892705e-04 1.723219e-04 6.119991e-01 2.325000e+00 5.000000e-01 0.000000e+00
4.795956e-04 1.516641e-04 6.119991e-01 2.375000e+00 5.000000e-01 0.000000e+00
8.691889e-04 2.173056e-04 6.119991e-01 2.425000e+00 5.000000e-01 0.000000e+00
6.400182e-04 2.023960e-04 6.119991e-01 2.475000e+00 5.000000e-01 0.000000e+00
9.465421e-04 2.732527e-04 6.119991e-01 2.525000e+00 5.000000e-01 0.000000e+00
6.327443e-04 2.583300e-04 6.119991e-01 2.575000e+00 5.000000e-01 0.000000e+00
3.641914e-04 2.575222e-04 6.119991e-01 2.625000e+00 5.000000e-01 0.000000e+00
1.046233e-03 7.397988e-04 6.119991e-01 2.675000e+00 5.000000e-01 0.000000e+00
0.000000e+00 0.000000e+00 6.119991e-01 2.725000e+00 5.000000e-01 0.000000e+00
nan nan 6.119991e-01 2.775000e+00 5.000000e-01 0.000000e+00
nan nan 6.119991e-01 2.825000e+00 5.000000e-01 0.000000e+00
nan nan 6.119991e-01 2.875000e+00 5.000000e-01 0.000000e+00
4.959092e-01 4.746041e-03 6.219991e-01 2.500000e-02 5.000000e-01 0.000000e+00
1.214289e-01 2.350877e-03 6.219991e-01 7.500000e-02 5.000000e-01 0.000000e+00
9.593170e-03 6.557771e-04 6.219991e-01 1.250000e-01 5.000000e-01 0.000000e+00
4.837147e-03 4.654558e-04 6.219991e-01 1.750000e-01 5.000000e-01 0.000000e+00
4.784061e-03 4.646703e-04 6.219991e-01 2.250000e-01 5.000000e-01 0.000000e+00
4.304892e-03 4.393675e-04 6.219991e-01 2.750000e-01 5.000000e-01 0.000000e+00
4.306070e-03 4.394875e-04 6.219991e-01 3.250000e-01 5.000000e-01 0.000000e+00
4.200164e-03 4.332149e-04 6.219991e-01 3.750000e-01 5.000000e-01 0.000000e+00
3.002770e-03 3.641406e-04 6.219991e-01 4.250000e-01 5.000000e-01 0.000000e+00
2.629819e-03 3.339887e-04 6.219991e-01 4.750000e-01 5.000000e-01 0.000000e+00
2.913737e-03 3.533436e-04 6.219991e-01 5.250000e-01 5.000000e-01 0.000000e+00
2.171301e-03 3.070692e-04 6.219991e-01 5.750000e-01 5.000000e-01 0.000000e+00
3.649126e-03 3.981539e-04 6.219991e-01 6.250000e-01 5.000000e-01 0.000000e+00
2.415717e-03 3.228150e-04 6.219991e-01 6.750000e-01 5.000000e-01 0.000000e+00
1.956178e-03 2.884240e-04 6.219991e-01 7.250000e-01 5.000000e-01 0.000000e+00
2.358816e-03 3.152110e-04 6.219991e-01 7.750000e-01 5.000000e-01 0.000000e+00
2.191278e-03 3.038766e-04 6.219991e-01 8.250000e-01 5.000000e-01 0.000000e+00
2.402359e-03 3.154464e-04 6.219991e-01 8.750000e-01 5.000000e-01 0.000000e+00
1.838510e-03 2.710749e-04 6.219991e-01 9.250000e-01 5.000000e-01 0.000000e+00
1.973901e-03 2.791531e-04 6.219991e-01 9.750000e-01 5.000000e-01 0.000000e+00
2.378343e-03 3.070441e-04 6.219991e-01 1.025000e+00 5.000000e-01 0.000000e+00
1.416504e-03 2.360853e-04 6.219991e-01 1.075000e+00 5.000000e-01 0.000000e+00
1.180396e-03 2.155106e-04 6.219991e-01 1.125000e+00 5.000000e-01 0.000000e+00
1.079741e-03 2.040526e-04 6.219991e-01 1.175000e+00 5.000000e-01 0.000000e+00
6.908189e-04 1.628286e-04 6.219991e-01 1.225000e+00 5.000000e-01 0.000000e+00
9.872913e-04 1.936243e-04 6.219991e-01 1.275000e+00 5.000000e-01 0.000000e+00
7.443257e-04 1.664374e-04 6.219991e-01 1.325000e+00 5.000000e-01 0.000000e+00
1.119779e-03 2.044442e-04 6.219991e-01 1.375000e+00 5.000000e-01 0.000000e+00
7.249536e-04 1.621052e-04 6.219991e-01 1.425000e+00 5.000000e-01 0.000000e+00
7.218990e-04 1.614228e-04 6.219991e-01 1.475000e+00 5.000000e-01 0.000000e+00
7.022502e-04 1.570294e-04 6.219991e-01 1.525000e+00 5.000000e-01 0.000000e+00
7.000743e-04 1.565422e-04 6.219991e-01 1.575000e+00 5.000000e-01 0.000000e+00
8.965397e-04 1.758263e-04 6.219991e-01 1.625000e+00 5.000000e-01 0.000000e+00
6.627074e-04 1.481874e-04 6.219991e-01 1.675000e+00 5.000000e-01 0.000000e+00
1.019331e-03 1.801956e-04 6.219991e-01 1.725000e+00 5.000000e-01 0.000000e+00
5.359630e-04 1.263291e-04 6.219991e-01 1.775000e+00 5.000000e-01 0.000000e+00
6.829870e-04 1.394154e-04 6.219991e-01 1.825000e+00 5.000000e-01 0.000000e+00
6.183211e-04 1.318290e-04 6.219991e-01 1.875000e+00 5.000000e-01 0.000000e+00
9.282845e-04 1.592012e-04 6.219991e-01 1.925000e+00 5.000000e-01 0.000000e+00
7.128132e-04 1.397970e-04 6.219991e-01 1.975000e+00 5.000000e-01 0.000000e+00
4.537084e-04 1.134283e-04 6.219991e-01 2.025000e+00 5.000000e-01 0.000000e+00
6.105104e-04 1.365162e-04 6.219991e-01 2.075000e+00 5.000000e-01 0.000000e+00
1.046071e-03 1.909884e-04 6.219991e-01 2.125000e+00 5.000000e-01 0.000000e+00
9.143968e-04 1.866517e-04 6.219991e-01 2.175000e+00 5.000000e-01 0.000000e+00
1.082743e-03 2.123488e-04 6.219991e-01 2.225000e+00 5.000000e-01 0.000000e+00
5.429163e-04 1.567308e-04 6.219991e-01 2.275000e+00 5.000000e-01 0.000000e+00
6.094605e-04 1.759411e-04 6.219991e-01 2.325000e+00 5.000000e-01 0.000000e+00
4.629050e-04 1.636653e-04 6.219991e-01 2.375000e+00 5.000000e-01 0.000000e+00
1.385093e-04 9.794087e-05 6.219991e-01 2.425000e+00 5.000000e-01 0.000000e+00
3.420073e-04 1.710099e-04 6.219991e-01 2.475000e+00 5.000000e-01 0.000000e+00
7.158174e-04 2.922419e-04 6.219991e-01 2.525000e+00 5.000000e-01 0.000000e+00
8.025653e-04 4.012992e-04 6.219991e-01 2.575000e+00 5.000000e-01 0.000000e+00
0.000000e+00 0.000000e+00 6.219991e-01 2.625000e+00 5.000000e-01 0.000000e+00
0.000000e+00 0.000000e+00 6.219991e-01 2.675000e+00 5.000000e-01 0.000000e+00
nan nan 6.219991e-01 2.725000e+00 5.000000e-01 0.000000e+00
nan nan 6.219991e-01 2.775000e+00 5.000000e-01 0.000000e+00
nan nan 6.219991e-01 2.825000e+00 5.000000e-01 0.000000e+00
nan nan 6.219991e-01 2.875000e+00 5.000000e-01 0.000000e+00
4.666435e-01 4.608286e-03 6.319991e-01 2.500000e-02 5.000000e-01 0.000000e+00
1.244075e-01 2.377556e-03 6.319991e-01 7.500000e-02 5.000000e-01 0.000000e+00
1.059894e-02 6.928764e-04 6.319991e-01 1.250000e-01 5.000000e-01 0.000000e+00
7.209077e-03 5.699290e-04 6.319991e-01 1.750000e-01 5.000000e-01 0.000000e+00
4.840659e-03 4.657938e-04 6.319991e-01 2.250000e-01 5.000000e-01 0.000000e+00
3.233232e-03 3.810411e-04 6.319991e-01 2.750000e-01 5.000000e-01 0.000000e+00
3.682161e-03 4.066276e-04 6.319991e-01 3.250000e-01 5.000000e-01 0.000000e+00
3.057767e-03 3.708099e-04 6.319991e-01 3.750000e-01 5.000000e-01 0.000000e+00
2.885652e-03 3.607076e-04 6.319991e-01 4.250000e-01 5.000000e-01 0.000000e+00
3.816774e-03 4.068707e-04 6.319991e-01 4.750000e-01 5.000000e-01 0.000000e+00
3.298200e-03 3.734492e-04 6.319991e-01 5.250000e-01 5.000000e-01 0.000000e+00
3.166229e-03 3.680677e-04 6.319991e-01 5.750000e-01 5.000000e-01 0.000000e+00
2.854780e-03 3.514004e-04 6.319991e-01 6.250000e-01 5.000000e-01 0.000000e+00
2.481339e-03 3.258169e-04 6.319991e-01 6.750000e-01 5.000000e-01 0.000000e+00
2.395037e-03 3.200514e-04 6.319991e-01 7.250000e-01 5.000000e-01 0.000000e+00
2.138300e-03 3.024020e-04 6.319991e-01 7.750000e-01 5.000000e-01 0.000000e+00
2.998408e-03 3.583799e-04 6.319991e-01 8.250000e-01 5.000000e-01 0.000000e+00
2.258045e-03 3.072822e-04 6.319991e-01 8.750000e-01 5.000000e-01 0.000000e+00
2.066621e-03 2.922657e-04 6.319991e-01 9.250000e-01 5.000000e-01 0.000000e+00
1.454668e-03 2.424459e-04 6.319991e-01 9.750000e-01 5.000000e-01 0.000000e+00
1.651502e-03 2.548338e-04 6.319991e-01 1.025000e+00 5.000000e-01 0.000000e+00
1.476634e-03 2.395426e-04 6.319991e-01 1.075000e+00 5.000000e-01 0.000000e+00
1.071597e-03 2.025135e-04 6.319991e-01 1.125000e+00 5.000000e-01 0.000000e+00
1.830619e-03 2.642281e-04 6.319991e-01 1.175000e+00 5.000000e-01 0.000000e+00
1.053872e-03 1.991641e-04 6.319991e-01 1.225000e+00 5.000000e-01 0.000000e+00
1.420835e-03 2.304910e-04 6.319991e-01 1.275000e+00 5.000000e-01 0.000000e+00
4.432823e-04 1.279652e-04 6.319991e-01 1.325000e+00 5.000000e-01 0.000000e+00
2.928324e-04 1.035326e-04 6.319991e-01 1.375000e+00 5.000000e-01 0.000000e+00
2.935095e-04 1.037718e-04 6.319991e-01 1.425000e+00 5.000000e-01 0.000000e+00
8.575458e-04 1.750471e-04 6.319991e-01 1.475000e+00 5.000000e-01 0.000000e+00
1.115627e-03 1.972182e-04 6.319991e-01 1.525000e+00 5.000000e-01 0.000000e+00
7.598518e-04 1.620022e-04 6.319991e-01 1.575000e+00 5.000000e-01 0.000000e+00
7.364895e-04 1.570214e-04 6.319991e-01 1.625000e+00 5.000000e-01 0.000000e+00
5.038320e-04 1.259588e-04 6.319991e-01 1.675000e+00 5.000000e-01 0.000000e+00
5.930530e-04 1.326127e-04 6.319991e-01 1.725000e+00 5.000000e-01 0.000000e+00
7.003691e-04 1.429641e-04 6.319991e-01 1.775000e+00 5.000000e-01 0.000000e+00
6.923095e-04 1.413193e-04 6.319991e-01 1.825000e+00 5.000000e-01 0.000000e+00
5.591343e-04 1.250274e-04 6.319991e-01 1.875000e+00 5.000000e-01 0.000000e+00
6.703290e-04 1.368323e-04 6.319991e-01 1.925000e+00 5.000000e-01 0.000000e+00
3.557962e-04 1.027111e-04 6.319991e-01 1.975000e+00 5.000000e-01 0.000000e+00
4.514358e-04 1.206537e-04 6.319991e-01 2.025000e+00 5.000000e-01 0.000000e+00
6.626351e-04 1.561865e-04 6.319991e-01 2.075000e+00 5.000000e-01 0.000000e+00
1.115471e-03 2.108090e-04 6.319991e-01 2.125000e+00 5.000000e-01 0.000000e+00
6.209619e-04 1.659618e-04 6.319991e-01 2.175000e+00 5.000000e-01 0.000000e+00
3.817498e-04 1.349725e-04 6.319991e-01 2.225000e+00 5.000000e-01 0.000000e+00
1.086789e-03 2.430203e-04 6.319991e-01 2.275000e+00 5.000000e-01 0.000000e+00
7.470540e-04 2.156567e-04 6.319991e-01 2.325000e+00 5.000000e-01 0.000000e+00
7.472078e-04 2.362899e-04 6.319991e-01 2.375000e+00 5.000000e-01 0.000000e+00
5.788435e-04 2.363152e-04 6.319991e-01 2.425000e+00 5.000000e-01 0.000000e+00
2.649922e-04 1.873778e-04 6.319991e-01 2.475000e+00 5.000000e-01 0.000000e+00
5.089355e-04 3.598718e-04 6.319991e-01 2.525000e+00 5.000000e-01 0.000000e+00
0.000000e+00 0.000000e+00 6.319991e-01 2.575000e+00 5.000000e-01 0.000000e+00
0.000000e+00 0.000000e+00 6.319991e-01 2.625000e+00 5.000000e-01 0.000000e+00
nan nan 6.319991e-01 2.675000e+00 5.000000e-01 0.000000e+00
nan nan 6.319991e-01 2.725000e+00 5.000000e-01 0.000000e+00
nan nan 6.319991e-01 2.775000e+00 5.000000e-01 0.000000e+00
nan nan 6.319991e-01 2.825000e+00 5.000000e-01 0.000000e+00
nan nan 6.319991e-01 2.875000e+00 5.000000e-01 0.000000e+00
4.782219e-01 4.662983e-03 6.419991e-01 2.500000e-02 5.000000e-01 0.000000e+00
1.322276e-01 2.451187e-03 6.419991e-01 7.500000e-02 5.000000e-01 0.000000e+00
1.135011e-02 7.178457e-04 6.419991e-01 1.250000e-01 5.000000e-01 0.000000e+00
7.233345e-03 5.754553e-04 6.419991e-01 1.750000e-01 5.000000e-01 0.000000e+00
4.553423e-03 4.553432e-04 6.419991e-01 2.250000e-01 5.000000e-01 0.000000e+00
4.402120e-03 4.446826e-04 6.419991e-01 2.750000e-01 5.000000e-01 0.000000e+00
4.669580e-03 4.578910e-04 6.419991e-01 3.250000e-01 5.000000e-01 0.000000e+00
4.495778e-03 4.495790e-04 6.419991e-01 3.750000e-01 5.000000e-01 0.000000e+00
2.796163e-03 3.551142e-04 6.419991e-01 4.250000e-01 5.000000e-01 0.000000e+00
4.224228e-03 4.356973e-04 6.419991e-01 4.750000e-01 5.000000e-01 0.000000e+00
2.462501e-03 3.233431e-04 6.419991e-01 5.250000e-01 5.000000e-01 0.000000e+00
2.293554e-03 3.121144e-04 6.419991e-01 5.750000e-01 5.000000e-01 0.000000e+00
2.302451e-03 3.133249e-04 6.419991e-01 6.250000e-01 5.000000e-01 0.000000e+00
2.042684e-03 2.948370e-04 6.419991e-01 6.750000e-01 5.000000e-01 0.000000e+00
2.868488e-03 3.478566e-04 6.419991e-01 7.250000e-01 5.000000e-01 0.000000e+00
2.838162e-03 3.441786e-04 6.419991e-01 7.750000e-01 5.000000e-01 0.000000e+00
2.179338e-03 3.022210e-04 6.419991e-01 8.250000e-01 5.000000e-01 0.000000e+00
2.251734e-03 3.064237e-04 6.419991e-01 8.750000e-01 5.000000e-01 0.000000e+00
1.160646e-03 2.193423e-04 6.419991e-01 9.250000e-01 5.000000e-01 0.000000e+00
1.156027e-03 2.184696e-04 6.419991e-01 9.750000e-01 5.000000e-01 0.000000e+00
1.378326e-03 2.363819e-04 6.419991e-01 1.025000e+00 5.000000e-01 0.000000e+00
8.888306e-04 1.895002e-04 6.419991e-01 1.075000e+00 5.000000e-01 0.000000e+00
1.348296e-03 2.312321e-04 6.419991e-01 1.125000e+00 5.000000e-01 0.000000e+00
1.342341e-03 2.302104e-04 6.419991e-01 1.175000e+00 5.000000e-01 0.000000e+00
1.008806e-03 1.978444e-04 6.419991e-01 1.225000e+00 5.000000e-01 0.000000e+00
8.238478e-04 1.756459e-04 6.419991e-01 1.275000e+00 5.000000e-01 0.000000e+00
6.737785e-04 1.588126e-04 6.419991e-01 1.325000e+00 5.000000e-01 0.000000e+00
1.339185e-03 2.231994e-04 6.419991e-01 1.375000e+00 5.000000e-01 0.000000e+00
9.409891e-04 1.845437e-04 6.419991e-01 1.425000e+00 5.000000e-01 0.000000e+00
7.157073e-04 1.600384e-04 6.419991e-01 1.475000e+00 5.000000e-01 0.000000e+00
9.338214e-04 1.831388e-04 6.419991e-01 1.525000e+00 5.000000e-01 0.000000e+00
4.023854e-04 1.161599e-04 6.419991e-01 1.575000e+00 5.000000e-01 0.000000e+00
6.952775e-04 1.482352e-04 6.419991e-01 1.625000e+00 5.000000e-01 0.000000e+00
8.995330e-04 1.642330e-04 6.419991e-01 1.675000e+00 5.000000e-01 0.000000e+00
9.442407e-04 1.669212e-04 6.419991e-01 1.725000e+00 5.000000e-01 0.000000e+00
4.589246e-04 1.147324e-04 6.419991e-01 1.775000e+00 5.000000e-01 0.000000e+00
6.778346e-04 1.383638e-04 6.419991e-01 1.825000e+00 5.000000e-01 0.000000e+00
5.774068e-04 1.291135e-04 6.419991e-01 1.875000e+00 5.000000e-01 0.000000e+00
9.316839e-04 1.701034e-04 6.419991e-01 1.925000e+00 5.000000e-01 0.000000e+00
5.507110e-04 1.376792e-04 6.419991e-01 1.975000e+00 5.000000e-01 0.000000e+00
4.625299e-04 1.335227e-04 6.419991e-01 2.025000e+00 5.000000e-01 0.000000e+00
4.297185e-04 1.358913e-04 6.419991e-01 2.075000e+00 5.000000e-01 0.000000e+00
5.527524e-04 1.595665e-04 6.419991e-01 2.125000e+00 5.000000e-01 0.000000e+00
6.042212e-04 1.744254e-04 6.419991e-01 2.175000e+00 5.000000e-01 0.000000e+00
1.177299e-04 8.324761e-05 6.419991e-01 2.225000e+00 5.000000e-01 0.000000e+00
1.482786e-03 3.161362e-04 6.419991e-01 2.275000e+00 5.000000e-01 0.000000e+00
9.669571e-04 2.791394e-04 6.419991e-01 2.325000e+00 5.000000e-01 0.000000e+00
4.296036e-04 2.148077e-04 6.419991e-01 2.375000e+00 5.000000e-01 0.000000e+00
3.205352e-04 2.266526e-04 6.419991e-01 2.425000e+00 5.000000e-01 0.000000e+00
2.023339e-03 8.260254e-04 6.419991e-01 2.475000e+00 5.000000e-01 0.000000e+00
0.000000e+00 0.000000e+00 6.419991e-01 2.525000e+00 5.000000e-01 0.000000e+00
nan nan 6.419991e-01 2.575000e+00 5.000000e-01 0.000000e+00
nan nan 6.419991e-01 2.625000e+00 5.000000e-01 0.000000e+00
nan nan 6.419991e-01 2.675000e+00 5.000000e-01 0.000000e+00
nan nan 6.419991e-01 2.725000e+00 5.000000e-01 0.000000e+00
nan nan 6.419991e-01 2.775000e+00 5.000000e-01 0.000000e+00
nan nan 6.419991e-01 2.825000e+00 5.000000e-01 0.000000e+00
nan nan 6.419991e-01 2.875000e+00 5.000000e-01 0.000000e+00
4.880275e-01 4.713107e-03 6.519991e-01 2.500000e-02 5.000000e-01 0.000000e+00
1.291328e-01 2.429992e-03 6.519991e-01 7.500000e-02 5.000000e-01 0.000000e+00
1.203263e-02 7.433795e-04 6.519991e-01 1.250000e-01 5.000000e-01 0.000000e+00
6.266195e-03 5.373228e-04 6.519991e-01 1.750000e-01 5.000000e-01 0.000000e+00
4.951891e-03 4.764973e-04 6.519991e-01 2.250000e-01 5.000000e-01 0.000000e+00
4.545502e-03 4.545516e-04 6.519991e-01 2.750000e-01 5.000000e-01 0.000000e+00
3.955423e-03 4.216505e-04 6.519991e-01 3.250000e-01 5.000000e-01 0.000000e+00
4.305753e-03 4.394551e-04 6.519991e-01 3.750000e-01 5.000000e-01 0.000000e+00
3.876914e-03 4.180598e-04 6.519991e-01 4.250000e-01 5.000000e-01 0.000000e+00
3.519898e-03 3.985512e-04 6.519991e-01 4.750000e-01 5.000000e-01 0.000000e+00
3.097582e-03 3.702329e-04 6.519991e-01 5.250000e-01 5.000000e-01 0.000000e+00
2.815980e-03 3.414889e-04 6.519991e-01 5.750000e-01 5.000000e-01 0.000000e+00
2.356543e-03 3.094306e-04 6.519991e-01 6.250000e-01 5.000000e-01 0.000000e+00
2.668840e-03 3.336065e-04 6.519991e-01 6.750000e-01 5.000000e-01 0.000000e+00
2.508396e-03 3.238338e-04 6.519991e-01 7.250000e-01 5.000000e-01 0.000000e+00
1.764593e-03 2.722834e-04 6.519991e-01 7.750000e-01 5.000000e-01 0.000000e+00
2.347567e-03 3.137082e-04 6.519991e-01 8.250000e-01 5.000000e-01 0.000000e+00
1.999679e-03 2.886296e-04 6.519991e-01 8.750000e-01 5.000000e-01 0.000000e+00
2.126930e-03 2.949531e-04 6.519991e-01 9.250000e-01 5.000000e-01 0.000000e+00
1.036549e-03 2.032845e-04 6.519991e-01 9.750000e-01 5.000000e-01 0.000000e+00
1.190806e-03 2.174116e-04 6.519991e-01 1.025000e+00 5.000000e-01 0.000000e+00
1.109534e-03 2.096835e-04 6.519991e-01 1.075000e+00 5.000000e-01 0.000000e+00
1.104628e-03 2.087560e-04 6.519991e-01 1.125000e+00 5.000000e-01 0.000000e+00
1.633084e-03 2.519921e-04 6.519991e-01 1.175000e+00 5.000000e-01 0.000000e+00
9.121724e-04 1.861969e-04 6.519991e-01 1.225000e+00 5.000000e-01 0.000000e+00
9.025220e-04 1.842275e-04 6.519991e-01 1.275000e+00 5.000000e-01 0.000000e+00
8.194549e-04 1.747091e-04 6.519991e-01 1.325000e+00 5.000000e-01 0.000000e+00
6.590648e-04 1.553443e-04 6.519991e-01 1.375000e+00 5.000000e-01 0.000000e+00
5.100417e-04 1.363149e-04 6.519991e-01 1.425000e+00 5.000000e-01 0.000000e+00
6.974406e-04 1.559532e-04 6.519991e-01 1.475000e+00 5.000000e-01 0.000000e+00
5.297816e-04 1.324463e-04 6.519991e-01 1.525000e+00 5.000000e-01 0.000000e+00
5.042047e-04 1.260525e-04 6.519991e-01 1.575000e+00 5.000000e-01 0.000000e+00
4.835034e-04 1.208765e-04 6.519991e-01 1.625000e+00 5.000000e-01 0.000000e+00
7.683517e-04 1.506876e-04 6.519991e-01 1.675000e+00 5.000000e-01 0.000000e+00
4.700211e-04 1.175061e-04 6.519991e-01 1.725000e+00 5.000000e-01 0.000000e+00
2.952432e-04 9.336618e-05 6.519991e-01 1.775000e+00 5.000000e-01 0.000000e+00
6.749586e-04 1.439029e-04 6.519991e-01 1.825000e+00 5.000000e-01 0.000000e+00
5.269707e-04 1.317447e-04 6.519991e-01 1.875000e+00 5.000000e-01 0.000000e+00
3.001883e-04 1.061327e-04 6.519991e-01 1.925000e+00 5.000000e-01 0.000000e+00
5.774762e-04 1.543398e-04 6.519991e-01 1.975000e+00 5.000000e-01 0.000000e+00
4.466915e-04 1.412589e-04 6.519991e-01 2.025000e+00 5.000000e-01 0.000000e+00
4.945936e-04 1.564057e-04 6.519991e-01 2.075000e+00 5.000000e-01 0.000000e+00
7.774909e-04 2.077989e-04 6.519991e-01 2.125000e+00 5.000000e-01 0.000000e+00
7.559892e-04 2.182403e-04 6.519991e-01 2.175000e+00 5.000000e-01 0.000000e+00
7.256603e-04 2.294788e-04 6.519991e-01 2.225000e+00 5.000000e-01 0.000000e+00
7.183003e-04 2.539654e-04 6.519991e-01 2.275000e+00 5.000000e-01 0.000000e+00
1.194467e-03 3.777343e-04 6.519991e-01 2.325000e+00 5.000000e-01 0.000000e+00
7.444031e-04 3.722068e-04 6.519991e-01 2.375000e+00 5.000000e-01 0.000000e+00
0.000000e+00 0.000000e+00 6.519991e-01 2.425000e+00 5.000000e-01 0.000000e+00
9.139399e-03 6.462531e-03 6.519991e-01 2.475000e+00 5.000000e-01 0.000000e+00
nan nan 6.519991e-01 2.525000e+00 5.000000e-01 0.000000e+00
nan nan 6.519991e-01 2.575000e+00 5.000000e-01 0.000000e+00
nan nan 6.519991e-01 2.625000e+00 5.000000e-01 0.000000e+00
nan nan 6.519991e-01 2.675000e+00 5.000000e-01 0.000000e+00
nan nan 6.519991e-01 2.725000e+00 5.000000e-01 0.000000e+00
nan nan 6.519991e-01 2.775000e+00 5.000000e-01 0.000000e+00
nan nan 6.519991e-01 2.825000e+00 5.000000e-01 0.000000e+00
nan nan 6.519991e-01 2.875000e+00 5.000000e-01 0.000000e+00
4.768029e-01 4.673650e-03 6.619990e-01 2.500000e-02 5.000000e-01 0.000000e+00
1.286468e-01 2.428600e-03 6.619990e-01 7.500000e-02 5.000000e-01 0.000000e+00
1.193931e-02 7.404461e-04 6.619990e-01 1.250000e-01 5.000000e-01 0.000000e+00
6.897961e-03 5.632177e-04 6.619990e-01 1.750000e-01 5.000000e-01 0.000000e+00
4.748376e-03 4.656178e-04 6.619990e-01 2.250000e-01 5.000000e-01 0.000000e+00
5.215911e-03 4.885160e-04 6.619990e-01 2.750000e-01 5.000000e-01 0.000000e+00
3.815651e-03 4.163228e-04 6.619990e-01 3.250000e-01 5.000000e-01 0.000000e+00
4.731410e-03 4.639544e-04 6.619990e-01 3.750000e-01 5.000000e-01 0.000000e+00
4.587375e-03 4.542191e-04 6.619990e-01 4.250000e-01 5.000000e-01 0.000000e+00
3.304896e-03 3.841879e-04 6.619990e-01 4.750000e-01 5.000000e-01 0.000000e+00
2.735545e-03 3.474157e-04 6.619990e-01 5.250000e-01 5.000000e-01 0.000000e+00
1.673154e-03 2.714223e-04 6.619990e-01 5.750000e-01 5.000000e-01 0.000000e+00
2.386107e-03 3.188580e-04 6.619990e-01 6.250000e-01 5.000000e-01 0.000000e+00
2.590170e-03 3.237724e-04 6.619990e-01 6.750000e-01 5.000000e-01 0.000000e+00
2.472801e-03 3.140473e-04 6.619990e-01 7.250000e-01 5.000000e-01 0.000000e+00
1.118914e-03 2.114555e-04 6.619990e-01 7.750000e-01 5.000000e-01 0.000000e+00
1.830886e-03 2.699504e-04 6.619990e-01 8.250000e-01 5.000000e-01 0.000000e+00
2.567760e-03 3.209710e-04 6.619990e-01 8.750000e-01 5.000000e-01 0.000000e+00
2.556182e-03 3.195242e-04 6.619990e-01 9.250000e-01 5.000000e-01 0.000000e+00
1.972894e-03 2.790104e-04 6.619990e-01 9.750000e-01 5.000000e-01 0.000000e+00
1.481512e-03 2.403341e-04 6.619990e-01 1.025000e+00 5.000000e-01 0.000000e+00
8.572628e-04 1.827699e-04 6.619990e-01 1.075000e+00 5.000000e-01 0.000000e+00
1.322524e-03 2.268128e-04 6.619990e-01 1.125000e+00 5.000000e-01 0.000000e+00
6.166548e-04 1.541645e-04 6.619990e-01 1.175000e+00 5.000000e-01 0.000000e+00
9.942893e-04 1.949970e-04 6.619990e-01 1.225000e+00 5.000000e-01 0.000000e+00
9.682598e-04 1.898923e-04 6.619990e-01 1.275000e+00 5.000000e-01 0.000000e+00
1.540596e-03 2.377209e-04 6.619990e-01 1.325000e+00 5.000000e-01 0.000000e+00
7.965814e-04 1.698328e-04 6.619990e-01 1.375000e+00 5.000000e-01 0.000000e+00
9.765725e-04 1.845560e-04 6.619990e-01 1.425000e+00 5.000000e-01 0.000000e+00
7.929973e-04 1.618708e-04 6.619990e-01 1.475000e+00 5.000000e-01 0.000000e+00
6.244248e-04 1.396262e-04 6.619990e-01 1.525000e+00 5.000000e-01 0.000000e+00
4.344285e-04 1.161066e-04 6.619990e-01 1.575000e+00 5.000000e-01 0.000000e+00
7.358998e-04 1.502158e-04 6.619990e-01 1.625000e+00 5.000000e-01 0.000000e+00
7.173647e-04 1.464322e-04 6.619990e-01 1.675000e+00 5.000000e-01 0.000000e+00
6.012517e-04 1.344447e-04 6.619990e-01 1.725000e+00 5.000000e-01 0.000000e+00
4.450974e-04 1.189584e-04 6.619990e-01 1.775000e+00 5.000000e-01 0.000000e+00
8.269847e-04 1.688098e-04 6.619990e-01 1.825000e+00 5.000000e-01 0.000000e+00
3.888650e-04 1.229719e-04 6.619990e-01 1.875000e+00 5.000000e-01 0.000000e+00
8.629441e-05 6.101936e-05 6.619990e-01 1.925000e+00 5.000000e-01 0.000000e+00
6.547934e-04 1.750026e-04 6.619990e-01 1.975000e+00 5.000000e-01 0.000000e+00
4.154759e-04 1.468953e-04 6.619990e-01 2.025000e+00 5.000000e-01 0.000000e+00
9.304134e-04 2.326103e-04 6.619990e-01 2.075000e+00 5.000000e-01 0.000000e+00
5.417181e-04 1.915294e-04 6.619990e-01 2.125000e+00 5.000000e-01 0.000000e+00
4.889671e-04 1.996222e-04 6.619990e-01 2.175000e+00 5.000000e-01 0.000000e+00
4.090369e-04 2.045194e-04 6.619990e-01 2.225000e+00 5.000000e-01 0.000000e+00
5.578216e-04 2.789117e-04 6.619990e-01 2.275000e+00 5.000000e-01 0.000000e+00
0.000000e+00 0.000000e+00 6.619990e-01 2.325000e+00 5.000000e-01 0.000000e+00
0.000000e+00 0.000000e+00 6.619990e-01 2.375000e+00 5.000000e-01 0.000000e+00
0.000000e+00 0.000000e+00 6.619990e-01 2.425000e+00 5.000000e-01 0.000000e+00
nan nan 6.619990e-01 2.475000e+00 5.000000e-01 0.000000e+00
nan nan 6.619990e-01 2.525000e+00 5.000000e-01 0.000000e+00
nan nan 6.619990e-01 2.575000e+00 5.000000e-01 0.000000e+00
nan nan 6.619990e-01 2.625000e+00 5.000000e-01 0.000000e+00
nan nan 6.619990e-01 2.675000e+00 5.000000e-01 0.000000e+00
nan nan 6.619990e-01 2.725000e+00 5.000000e-01 0.000000e+00
nan nan 6.619990e-01 2.775000e+00 5.000000e-01 0.000000e+00
nan nan 6.619990e-01 2.825000e+00 5.000000e-01 0.000000e+00
nan nan 6.619990e-01 2.875000e+00 5.000000e-01 0.000000e+00
4.695190e-01 4.676995e-03 6.719990e-01 2.500000e-02 5.000000e-01 0.000000e+00
1.295743e-01 2.444368e-03 6.719990e-01 7.500000e-02 5.000000e-01 0.000000e+00
1.201976e-02 7.369806e-04 6.719990e-01 1.250000e-01 5.000000e-01 0.000000e+00
7.077175e-03 5.666289e-04 6.719990e-01 1.750000e-01 5.000000e-01 0.000000e+00
5.479081e-03 4.960538e-04 6.719990e-01 2.250000e-01 5.000000e-01 0.000000e+00
4.501418e-03 4.501430e-04 6.719990e-01 2.750000e-01 5.000000e-01 0.000000e+00
3.938396e-03 4.198355e-04 6.719990e-01 3.250000e-01 5.000000e-01 0.000000e+00
4.131470e-03 4.307367e-04 6.719990e-01 3.750000e-01 5.000000e-01 0.000000e+00
2.980757e-03 3.669070e-04 6.719990e-01 4.250000e-01 5.000000e-01 0.000000e+00
2.529697e-03 3.380459e-04 6.719990e-01 4.750000e-01 5.000000e-01 0.000000e+00
4.211997e-03 4.344358e-04 6.719990e-01 5.250000e-01 5.000000e-01 0.000000e+00
3.187018e-03 3.755948e-04 6.719990e-01 5.750000e-01 5.000000e-01 0.000000e+00
2.902903e-03 3.573242e-04 6.719990e-01 6.250000e-01 5.000000e-01 0.000000e+00
2.514833e-03 3.302149e-04 6.719990e-01 6.750000e-01 5.000000e-01 0.000000e+00
2.921760e-03 3.543165e-04 6.719990e-01 7.250000e-01 5.000000e-01 0.000000e+00
2.057396e-03 2.969609e-04 6.719990e-01 7.750000e-01 5.000000e-01 0.000000e+00
2.367552e-03 3.163792e-04 6.719990e-01 8.250000e-01 5.000000e-01 0.000000e+00
2.308063e-03 3.084287e-04 6.719990e-01 8.750000e-01 5.000000e-01 0.000000e+00
2.354574e-03 3.091722e-04 6.719990e-01 9.250000e-01 5.000000e-01 0.000000e+00
2.660537e-03 3.274909e-04 6.719990e-01 9.750000e-01 5.000000e-01 0.000000e+00
1.766682e-03 2.663386e-04 6.719990e-01 1.025000e+00 5.000000e-01 0.000000e+00
1.276239e-03 2.256103e-04 6.719990e-01 1.075000e+00 5.000000e-01 0.000000e+00
1.489774e-03 2.416744e-04 6.719990e-01 1.125000e+00 5.000000e-01 0.000000e+00
1.565326e-03 2.475006e-04 6.719990e-01 1.175000e+00 5.000000e-01 0.000000e+00
1.309923e-03 2.246511e-04 6.719990e-01 1.225000e+00 5.000000e-01 0.000000e+00
1.062995e-03 2.008880e-04 6.719990e-01 1.275000e+00 5.000000e-01 0.000000e+00
9.710243e-04 1.904342e-04 6.719990e-01 1.325000e+00 5.000000e-01 0.000000e+00
9.865644e-04 1.864441e-04 6.719990e-01 1.375000e+00 5.000000e-01 0.000000e+00
7.279724e-04 1.552050e-04 6.719990e-01 1.425000e+00 5.000000e-01 0.000000e+00
8.849479e-04 1.672406e-04 6.719990e-01 1.475000e+00 5.000000e-01 0.000000e+00
1.245187e-03 1.968827e-04 6.719990e-01 1.525000e+00 5.000000e-01 0.000000e+00
8.642408e-04 1.633273e-04 6.719990e-01 1.575000e+00 5.000000e-01 0.000000e+00
1.038818e-03 1.781575e-04 6.719990e-01 1.625000e+00 5.000000e-01 0.000000e+00
5.643441e-04 1.330182e-04 6.719990e-01 1.675000e+00 5.000000e-01 0.000000e+00
4.576705e-04 1.223182e-04 6.719990e-01 1.725000e+00 5.000000e-01 0.000000e+00
8.715773e-04 1.779126e-04 6.719990e-01 1.775000e+00 5.000000e-01 0.000000e+00
4.135558e-04 1.307785e-04 6.719990e-01 1.825000e+00 5.000000e-01 0.000000e+00
9.080668e-04 2.030525e-04 6.719990e-01 1.875000e+00 5.000000e-01 0.000000e+00
8.017966e-04 2.004517e-04 6.719990e-01 1.925000e+00 5.000000e-01 0.000000e+00
6.697522e-04 1.933419e-04 6.719990e-01 1.975000e+00 5.000000e-01 0.000000e+00
5.060955e-04 1.789325e-04 6.719990e-01 2.025000e+00 5.000000e-01 0.000000e+00
2.948161e-04 1.474089e-04 6.719990e-01 2.075000e+00 5.000000e-01 0.000000e+00
1.710835e-04 1.209743e-04 6.719990e-01 2.125000e+00 5.000000e-01 0.000000e+00
2.217137e-04 1.567753e-04 6.719990e-01 2.175000e+00 5.000000e-01 0.000000e+00
0.000000e+00 0.000000e+00 6.719990e-01 2.225000e+00 5.000000e-01 0.000000e+00
1.314200e-03 6.571043e-04 6.719990e-01 2.275000e+00 5.000000e-01 0.000000e+00
0.000000e+00 0.000000e+00 6.719990e-01 2.325000e+00 5.000000e-01 0.000000e+00
nan nan 6.719990e-01 2.375000e+00 5.000000e-01 0.000000e+00
nan nan 6.719990e-01 2.425000e+00 5.000000e-01 0.000000e+00
nan nan 6.719990e-01 2.475000e+00 5.000000e-01 0.000000e+00
nan nan 6.719990e-01 2.525000e+00 5.000000e-01 0.000000e+00
nan nan 6.719990e-01 2.575000e+00 5.000000e-01 0.000000e+00
nan nan 6.719990e-01 2.625000e+00 5.000000e-01 0.000000e+00
nan nan 6.719990e-01 2.675000e+00 5.000000e-01 0.000000e+00
nan nan 6.719990e-01 2.725000e+00 5.000000e-01 0.000000e+00
nan nan 6.719990e-01 2.775000e+00 5.000000e-01 0.000000e+00
nan nan 6.719990e-01 2.825000e+00 5.000000e-01 0.000000e+00
nan nan 6.719990e-01 2.875000e+00 5.000000e-01 0.000000e+00
4.564902e-01 4.562631e-03 6.819990e-01 2.500000e-02 5.000000e-01 0.000000e+00
1.265516e-01 2.407129e-03 6.819990e-01 7.500000e-02 5.000000e-01 0.000000e+00
1.260295e-02 7.586098e-04 6.819990e-01 1.250000e-01 5.000000e-01 0.000000e+00
7.009559e-03 5.648477e-04 6.819990e-01 1.750000e-01 5.000000e-01 0.000000e+00
6.603074e-03 5.464757e-04 6.819990e-01 2.250000e-01 5.000000e-01 0.000000e+00
5.497352e-03 4.977084e-04 6.819990e-01 2.750000e-01 5.000000e-01 0.000000e+00
3.947737e-03 4.208313e-04 6.819990e-01 3.250000e-01 5.000000e-01 0.000000e+00
3.949597e-03 4.210295e-04 6.819990e-01 3.750000e-01 5.000000e-01 0.000000e+00
2.885069e-03 3.606348e-04 6.819990e-01 4.250000e-01 5.000000e-01 0.000000e+00
3.162051e-03 3.779385e-04 6.819990e-01 4.750000e-01 5.000000e-01 0.000000e+00
3.226918e-03 3.802969e-04 6.819990e-01 5.250000e-01 5.000000e-01 0.000000e+00
2.209180e-03 3.124264e-04 6.819990e-01 5.750000e-01 5.000000e-01 0.000000e+00
2.270396e-03 3.148489e-04 6.819990e-01 6.250000e-01 5.000000e-01 0.000000e+00
2.332493e-03 3.174134e-04 6.819990e-01 6.750000e-01 5.000000e-01 0.000000e+00
1.903753e-03 2.870028e-04 6.819990e-01 7.250000e-01 5.000000e-01 0.000000e+00
1.811412e-03 2.795084e-04 6.819990e-01 7.750000e-01 5.000000e-01 0.000000e+00
1.283688e-03 2.343694e-04 6.819990e-01 8.250000e-01 5.000000e-01 0.000000e+00
1.772841e-03 2.735563e-04 6.819990e-01 8.750000e-01 5.000000e-01 0.000000e+00
1.754362e-03 2.707050e-04 6.819990e-01 9.250000e-01 5.000000e-01 0.000000e+00
9.927359e-04 2.026420e-04 6.819990e-01 9.750000e-01 5.000000e-01 0.000000e+00
9.699258e-04 1.979862e-04 6.819990e-01 1.025000e+00 5.000000e-01 0.000000e+00
1.498604e-03 2.431072e-04 6.819990e-01 1.075000e+00 5.000000e-01 0.000000e+00
1.420365e-03 2.367287e-04 6.819990e-01 1.125000e+00 5.000000e-01 0.000000e+00
8.537298e-04 1.820163e-04 6.819990e-01 1.175000e+00 5.000000e-01 0.000000e+00
1.284922e-03 2.203630e-04 6.819990e-01 1.225000e+00 5.000000e-01 0.000000e+00
1.313935e-03 2.189905e-04 6.819990e-01 1.275000e+00 5.000000e-01 0.000000e+00
8.955933e-04 1.756414e-04 6.819990e-01 1.325000e+00 5.000000e-01 0.000000e+00
1.243865e-03 2.017826e-04 6.819990e-01 1.375000e+00 5.000000e-01 0.000000e+00
5.746815e-04 1.354540e-04 6.819990e-01 1.425000e+00 5.000000e-01 0.000000e+00
7.013701e-04 1.495333e-04 6.819990e-01 1.475000e+00 5.000000e-01 0.000000e+00
6.896366e-04 1.470324e-04 6.819990e-01 1.525000e+00 5.000000e-01 0.000000e+00
9.396134e-04 1.715504e-04 6.819990e-01 1.575000e+00 5.000000e-01 0.000000e+00
7.929623e-04 1.618640e-04 6.819990e-01 1.625000e+00 5.000000e-01 0.000000e+00
5.670628e-04 1.417667e-04 6.819990e-01 1.675000e+00 5.000000e-01 0.000000e+00
7.879282e-04 1.761873e-04 6.819990e-01 1.725000e+00 5.000000e-01 0.000000e+00
1.068688e-03 2.181464e-04 6.819990e-01 1.775000e+00 5.000000e-01 0.000000e+00
6.975625e-04 1.864326e-04 6.819990e-01 1.825000e+00 5.000000e-01 0.000000e+00
6.538419e-04 1.887495e-04 6.819990e-01 1.875000e+00 5.000000e-01 0.000000e+00
4.810812e-04 1.700902e-04 6.819990e-01 1.925000e+00 5.000000e-01 0.000000e+00
6.900652e-04 2.182217e-04 6.819990e-01 1.975000e+00 5.000000e-01 0.000000e+00
1.286994e-03 3.217514e-04 6.819990e-01 2.025000e+00 5.000000e-01 0.000000e+00
3.939088e-04 1.969550e-04 6.819990e-01 2.075000e+00 5.000000e-01 0.000000e+00
1.088633e-03 3.848945e-04 6.819990e-01 2.125000e+00 5.000000e-01 0.000000e+00
4.328154e-04 3.060467e-04 6.819990e-01 2.175000e+00 5.000000e-01 0.000000e+00
1.068172e-03 7.553117e-04 6.819990e-01 2.225000e+00 5.000000e-01 0.000000e+00
0.000000e+00 0.000000e+00 6.819990e-01 2.275000e+00 5.000000e-01 0.000000e+00
nan nan 6.819990e-01 2.325000e+00 5.000000e-01 0.000000e+00
nan nan 6.819990e-01 2.375000e+00 5.000000e-01 0.000000e+00
nan nan 6.819990e-01 2.425000e+00 5.000000e-01 0.000000e+00
nan nan 6.819990e-01 2.475000e+00 5.000000e-01 0.000000e+00
nan nan 6.819990e-01 2.525000e+00 5.000000e-01 0.000000e+00
nan nan 6.819990e-01 2.575000e+00 5.000000e-01 0.000000e+00
nan nan 6.819990e-01 2.625000e+00 5.000000e-01 0.000000e+00
nan nan 6.819990e-01 2.675000e+00 5.000000e-01 0.000000e+00
nan nan 6.819990e-01 2.725000e+00 5.000000e-01 0.000000e+00
nan nan 6.819990e-01 2.775000e+00 5.000000e-01 0.000000e+00
nan nan 6.819990e-01 2.825000e+00 5.000000e-01 0.000000e+00
nan nan 6.819990e-01 2.875000e+00 5.000000e-01 0.000000e+00
4.574274e-01 4.826547e-03 6.919990e-01 2.500000e-02 5.000000e-01 0.000000e+00
1.324997e-01 2.552801e-03 6.919990e-01 7.500000e-02 5.000000e-01 0.000000e+00
1.036199e-02 6.986067e-04 6.919990e-01 1.250000e-01 5.000000e-01 0.000000e+00
4.560740e-03 4.560750e-04 6.919990e-01 1.750000e-01 5.000000e-01 0.000000e+00
5.471101e-03 4.994422e-04 6.919990e-01 2.250000e-01 5.000000e-01 0.000000e+00
4.478640e-03 4.524121e-04 6.919990e-01 2.750000e-01 5.000000e-01 0.000000e+00
4.393615e-03 4.484226e-04 6.919990e-01 3.250000e-01 5.000000e-01 0.000000e+00
3.381181e-03 3.930553e-04 6.919990e-01 3.750000e-01 5.000000e-01 0.000000e+00
3.985176e-03 4.248223e-04 6.919990e-01 4.250000e-01 5.000000e-01 0.000000e+00
4.329586e-03 4.418881e-04 6.919990e-01 4.750000e-01 5.000000e-01 0.000000e+00
4.168037e-03 4.299016e-04 6.919990e-01 5.250000e-01 5.000000e-01 0.000000e+00
2.737103e-03 3.476136e-04 6.919990e-01 5.750000e-01 5.000000e-01 0.000000e+00
2.643078e-03 3.412210e-04 6.919990e-01 6.250000e-01 5.000000e-01 0.000000e+00
1.930286e-03 2.910022e-04 6.919990e-01 6.750000e-01 5.000000e-01 0.000000e+00
1.645420e-03 2.669234e-04 6.919990e-01 7.250000e-01 5.000000e-01 0.000000e+00
3.006416e-03 3.593367e-04 6.919990e-01 7.750000e-01 5.000000e-01 0.000000e+00
1.945741e-03 2.868848e-04 6.919990e-01 8.250000e-01 5.000000e-01 0.000000e+00
1.934359e-03 2.852071e-04 6.919990e-01 8.750000e-01 5.000000e-01 0.000000e+00
1.653782e-03 2.614872e-04 6.919990e-01 9.250000e-01 5.000000e-01 0.000000e+00
1.701915e-03 2.626127e-04 6.919990e-01 9.750000e-01 5.000000e-01 0.000000e+00
1.275744e-03 2.255228e-04 6.919990e-01 1.025000e+00 5.000000e-01 0.000000e+00
1.267095e-03 2.239938e-04 6.919990e-01 1.075000e+00 5.000000e-01 0.000000e+00
1.007481e-03 1.975842e-04 6.919990e-01 1.125000e+00 5.000000e-01 0.000000e+00
8.304008e-04 1.770428e-04 6.919990e-01 1.175000e+00 5.000000e-01 0.000000e+00
1.012800e-03 1.914018e-04 6.919990e-01 1.225000e+00 5.000000e-01 0.000000e+00
9.605654e-04 1.815312e-04 6.919990e-01 1.275000e+00 5.000000e-01 0.000000e+00
7.933060e-04 1.619333e-04 6.919990e-01 1.325000e+00 5.000000e-01 0.000000e+00
5.198676e-04 1.299674e-04 6.919990e-01 1.375000e+00 5.000000e-01 0.000000e+00
8.328426e-04 1.633351e-04 6.919990e-01 1.425000e+00 5.000000e-01 0.000000e+00
5.071525e-04 1.267883e-04 6.919990e-01 1.475000e+00 5.000000e-01 0.000000e+00
4.589842e-04 1.226691e-04 6.919990e-01 1.525000e+00 5.000000e-01 0.000000e+00
6.293852e-04 1.483489e-04 6.919990e-01 1.575000e+00 5.000000e-01 0.000000e+00
8.941438e-04 1.825172e-04 6.919990e-01 1.625000e+00 5.000000e-01 0.000000e+00
5.913725e-04 1.580513e-04 6.919990e-01 1.675000e+00 5.000000e-01 0.000000e+00
7.688995e-04 1.922274e-04 6.919990e-01 1.725000e+00 5.000000e-01 0.000000e+00
7.349104e-04 1.964159e-04 6.919990e-01 1.775000e+00 5.000000e-01 0.000000e+00
3.465405e-04 1.414751e-04 6.919990e-01 1.825000e+00 5.000000e-01 0.000000e+00
5.108188e-04 1.806025e-04 6.919990e-01 1.875000e+00 5.000000e-01 0.000000e+00
6.109083e-04 2.159892e-04 6.919990e-01 1.925000e+00 5.000000e-01 0.000000e+00
3.610168e-04 1.805105e-04 6.919990e-01 1.975000e+00 5.000000e-01 0.000000e+00
2.294750e-04 1.622633e-04 6.919990e-01 2.025000e+00 5.000000e-01 0.000000e+00
6.655474e-04 3.327758e-04 6.919990e-01 2.075000e+00 5.000000e-01 0.000000e+00
5.625286e-04 3.977678e-04 6.919990e-01 2.125000e+00 5.000000e-01 0.000000e+00
0.000000e+00 0.000000e+00 6.919990e-01 2.175000e+00 5.000000e-01 0.000000e+00
0.000000e+00 0.000000e+00 6.919990e-01 2.225000e+00 5.000000e-01 0.000000e+00
nan nan 6.919990e-01 2.275000e+00 5.000000e-01 0.000000e+00
nan nan 6.919990e-01 2.325000e+00 5.000000e-01 0.000000e+00
nan nan 6.919990e-01 2.375000e+00 5.000000e-01 0.000000e+00
nan nan 6.919990e-01 2.425000e+00 5.000000e-01 0.000000e+00
nan nan 6.919990e-01 2.475000e+00 5.000000e-01 0.000000e+00
nan nan 6.919990e-01 2.525000e+00 5.000000e-01 0.000000e+00
nan nan 6.919990e-01 2.575000e+00 5.000000e-01 0.000000e+00
nan nan 6.919990e-01 2.625000e+00 5.000000e-01 0.000000e+00
nan nan 6.919990e-01 2.675000e+00 5.000000e-01 0.000000e+00
nan nan 6.919990e-01 2.725000e+00 5.000000e-01 0.000000e+00
nan nan 6.919990e-01 2.775000e+00 5.000000e-01 0.000000e+00
nan nan 6.919990e-01 2.825000e+00 5.000000e-01 0.000000e+00
nan nan 6.919990e-01 2.875000e+00 5.000000e-01 0.000000e+00
4.775662e-01 4.755740e-03 7.019990e-01 2.500000e-02 5.000000e-01 0.000000e+00
1.386349e-01 2.585109e-03 7.019990e-01 7.500000e-02 5.000000e-01 0.000000e+00
1.472044e-02 8.498871e-04 7.019990e-01 1.250000e-01 5.000000e-01 0.000000e+00
6.589062e-03 5.692095e-04 7.019990e-01 1.750000e-01 5.000000e-01 0.000000e+00
4.902881e-03 4.762110e-04 7.019990e-01 2.250000e-01 5.000000e-01 0.000000e+00
4.601471e-03 4.556148e-04 7.019990e-01 2.750000e-01 5.000000e-01 0.000000e+00
3.162179e-03 3.779536e-04 7.019990e-01 3.250000e-01 5.000000e-01 0.000000e+00
3.596994e-03 4.021570e-04 7.019990e-01 3.750000e-01 5.000000e-01 0.000000e+00
3.695793e-03 4.081335e-04 7.019990e-01 4.250000e-01 5.000000e-01 0.000000e+00
3.233595e-03 3.810844e-04 7.019990e-01 4.750000e-01 5.000000e-01 0.000000e+00
2.254154e-03 3.187866e-04 7.019990e-01 5.250000e-01 5.000000e-01 0.000000e+00
2.384619e-03 3.245067e-04 7.019990e-01 5.750000e-01 5.000000e-01 0.000000e+00
2.440373e-03 3.261095e-04 7.019990e-01 6.250000e-01 5.000000e-01 0.000000e+00
2.071511e-03 2.989979e-04 7.019990e-01 6.750000e-01 5.000000e-01 0.000000e+00
2.409382e-03 3.219684e-04 7.019990e-01 7.250000e-01 5.000000e-01 0.000000e+00
2.880770e-03 3.493462e-04 7.019990e-01 7.750000e-01 5.000000e-01 0.000000e+00
1.769700e-03 2.730719e-04 7.019990e-01 8.250000e-01 5.000000e-01 0.000000e+00
1.407839e-03 2.414434e-04 7.019990e-01 8.750000e-01 5.000000e-01 0.000000e+00
1.873120e-03 2.761776e-04 7.019990e-01 9.250000e-01 5.000000e-01 0.000000e+00
1.886664e-03 2.723174e-04 7.019990e-01 9.750000e-01 5.000000e-01 0.000000e+00
1.634440e-03 2.522005e-04 7.019990e-01 1.025000e+00 5.000000e-01 0.000000e+00
1.091853e-03 2.063414e-04 7.019990e-01 1.075000e+00 5.000000e-01 0.000000e+00
1.365859e-03 2.276444e-04 7.019990e-01 1.125000e+00 5.000000e-01 0.000000e+00
1.080356e-03 1.972462e-04 7.019990e-01 1.175000e+00 5.000000e-01 0.000000e+00
7.651519e-04 1.631316e-04 7.019990e-01 1.225000e+00 5.000000e-01 0.000000e+00
9.304897e-04 1.758468e-04 7.019990e-01 1.275000e+00 5.000000e-01 0.000000e+00
1.037044e-03 1.833261e-04 7.019990e-01 1.325000e+00 5.000000e-01 0.000000e+00
6.439079e-04 1.439828e-04 7.019990e-01 1.375000e+00 5.000000e-01 0.000000e+00
1.115747e-03 1.913502e-04 7.019990e-01 1.425000e+00 5.000000e-01 0.000000e+00
5.528958e-04 1.382250e-04 7.019990e-01 1.475000e+00 5.000000e-01 0.000000e+00
4.415343e-04 1.274606e-04 7.019990e-01 1.525000e+00 5.000000e-01 0.000000e+00
1.129285e-03 2.134166e-04 7.019990e-01 1.575000e+00 5.000000e-01 0.000000e+00
3.749760e-04 1.325746e-04 7.019990e-01 1.625000e+00 5.000000e-01 0.000000e+00
3.037766e-04 1.240176e-04 7.019990e-01 1.675000e+00 5.000000e-01 0.000000e+00
1.005465e-03 2.369922e-04 7.019990e-01 1.725000e+00 5.000000e-01 0.000000e+00
1.378302e-03 2.938576e-04 7.019990e-01 1.775000e+00 5.000000e-01 0.000000e+00
9.955526e-04 2.660747e-04 7.019990e-01 1.825000e+00 5.000000e-01 0.000000e+00
1.179609e-03 3.152655e-04 7.019990e-01 1.875000e+00 5.000000e-01 0.000000e+00
4.093535e-04 2.046773e-04 7.019990e-01 1.925000e+00 5.000000e-01 0.000000e+00
7.977553e-04 3.256853e-04 7.019990e-01 1.975000e+00 5.000000e-01 0.000000e+00
4.017023e-04 2.840464e-04 7.019990e-01 2.025000e+00 5.000000e-01 0.000000e+00
1.820492e-03 9.102478e-04 7.019990e-01 2.075000e+00 5.000000e-01 0.000000e+00
0.000000e+00 0.000000e+00 7.019990e-01 2.125000e+00 5.000000e-01 0.000000e+00
nan nan 7.019990e-01 2.175000e+00 5.000000e-01 0.000000e+00
nan nan 7.019990e-01 2.225000e+00 5.000000e-01 0.000000e+00
nan nan 7.019990e-01 2.275000e+00 5.000000e-01 0.000000e+00
nan nan 7.019990e-01 2.325000e+00 5.000000e-01 0.000000e+00
nan nan 7.019990e-01 2.375000e+00 5.000000e-01 0.000000e+00
nan nan 7.019990e-01 2.425000e+00 5.000000e-01 0.000000e+00
nan nan 7.019990e-01 2.475000e+00 5.000000e-01 0.000000e+00
nan nan 7.019990e-01 2.525000e+00 5.000000e-01 0.000000e+00
nan nan 7.019990e-01 2.575000e+00 5.000000e-01 0.000000e+00
nan nan 7.019990e-01 2.625000e+00 5.000000e-01 0.000000e+00
nan nan 7.019990e-01 2.675000e+00 5.000000e-01 0.000000e+00
nan nan 7.019990e-01 2.725000e+00 5.000000e-01 0.000000e+00
nan nan 7.019990e-01 2.775000e+00 5.000000e-01 0.000000e+00
nan nan 7.019990e-01 2.825000e+00 5.000000e-01 0.000000e+00
nan nan 7.019990e-01 2.875000e+00 5.000000e-01 0.000000e+00
4.835024e-01 4.769661e-03 7.119990e-01 2.500000e-02 5.000000e-01 0.000000e+00
1.410710e-01 2.587701e-03 7.119990e-01 7.500000e-02 5.000000e-01 0.000000e+00
1.563693e-02 8.660512e-04 7.119990e-01 1.250000e-01 5.000000e-01 0.000000e+00
6.146518e-03 5.432820e-04 7.119990e-01 1.750000e-01 5.000000e-01 0.000000e+00
5.892495e-03 5.334828e-04 7.119990e-01 2.250000e-01 5.000000e-01 0.000000e+00
5.768925e-03 5.139378e-04 7.119990e-01 2.750000e-01 5.000000e-01 0.000000e+00
5.011779e-03 4.778555e-04 7.119990e-01 3.250000e-01 5.000000e-01 0.000000e+00
3.097808e-03 3.756655e-04 7.119990e-01 3.750000e-01 5.000000e-01 0.000000e+00
3.184902e-03 3.806698e-04 7.119990e-01 4.250000e-01 5.000000e-01 0.000000e+00
3.169370e-03 3.788132e-04 7.119990e-01 4.750000e-01 5.000000e-01 0.000000e+00
3.112147e-03 3.719737e-04 7.119990e-01 5.250000e-01 5.000000e-01 0.000000e+00
2.037003e-03 3.003409e-04 7.119990e-01 5.750000e-01 5.000000e-01 0.000000e+00
2.806929e-03 3.508671e-04 7.119990e-01 6.250000e-01 5.000000e-01 0.000000e+00
2.611845e-03 3.371890e-04 7.119990e-01 6.750000e-01 5.000000e-01 0.000000e+00
2.467055e-03 3.239407e-04 7.119990e-01 7.250000e-01 5.000000e-01 0.000000e+00
2.710447e-03 3.388074e-04 7.119990e-01 7.750000e-01 5.000000e-01 0.000000e+00
1.676355e-03 2.650561e-04 7.119990e-01 8.250000e-01 5.000000e-01 0.000000e+00
1.712040e-03 2.641745e-04 7.119990e-01 8.750000e-01 5.000000e-01 0.000000e+00
1.254380e-03 2.217466e-04 7.119990e-01 9.250000e-01 5.000000e-01 0.000000e+00
1.765120e-03 2.661032e-04 7.119990e-01 9.750000e-01 5.000000e-01 0.000000e+00
1.751034e-03 2.639793e-04 7.119990e-01 1.025000e+00 5.000000e-01 0.000000e+00
1.285516e-03 2.204649e-04 7.119990e-01 1.075000e+00 5.000000e-01 0.000000e+00
1.000043e-03 1.889912e-04 7.119990e-01 1.125000e+00 5.000000e-01 0.000000e+00
1.307624e-03 2.121260e-04 7.119990e-01 1.175000e+00 5.000000e-01 0.000000e+00
1.068195e-03 1.888332e-04 7.119990e-01 1.225000e+00 5.000000e-01 0.000000e+00
5.945089e-04 1.401274e-04 7.119990e-01 1.275000e+00 5.000000e-01 0.000000e+00
7.284910e-04 1.553155e-04 7.119990e-01 1.325000e+00 5.000000e-01 0.000000e+00
6.166686e-04 1.453514e-04 7.119990e-01 1.375000e+00 5.000000e-01 0.000000e+00
2.889944e-04 1.021758e-04 7.119990e-01 1.425000e+00 5.000000e-01 0.000000e+00
8.557636e-04 1.824507e-04 7.119990e-01 1.475000e+00 5.000000e-01 0.000000e+00
9.659148e-04 2.059353e-04 7.119990e-01 1.525000e+00 5.000000e-01 0.000000e+00
1.004418e-03 2.245960e-04 7.119990e-01 1.575000e+00 5.000000e-01 0.000000e+00
8.652857e-04 2.163234e-04 7.119990e-01 1.625000e+00 5.000000e-01 0.000000e+00
4.874961e-04 1.723560e-04 7.119990e-01 1.675000e+00 5.000000e-01 0.000000e+00
6.817709e-04 2.155972e-04 7.119990e-01 1.725000e+00 5.000000e-01 0.000000e+00
6.333706e-04 2.239315e-04 7.119990e-01 1.775000e+00 5.000000e-01 0.000000e+00
1.332996e-03 3.562631e-04 7.119990e-01 1.825000e+00 5.000000e-01 0.000000e+00
4.707410e-04 2.353712e-04 7.119990e-01 1.875000e+00 5.000000e-01 0.000000e+00
9.710420e-04 3.964295e-04 7.119990e-01 1.925000e+00 5.000000e-01 0.000000e+00
5.580975e-04 3.946345e-04 7.119990e-01 1.975000e+00 5.000000e-01 0.000000e+00
3.100262e-03 1.550133e-03 7.119990e-01 2.025000e+00 5.000000e-01 0.000000e+00
0.000000e+00 0.000000e+00 7.119990e-01 2.075000e+00 5.000000e-01 0.000000e+00
nan nan 7.119990e-01 2.125000e+00 5.000000e-01 0.000000e+00
nan nan 7.119990e-01 2.175000e+00 5.000000e-01 0.000000e+00
nan nan 7.119990e-01 2.225000e+00 5.000000e-01 0.000000e+00
nan nan 7.119990e-01 2.275000e+00 5.000000e-01 0.000000e+00
nan nan 7.119990e-01 2.325000e+00 5.000000e-01 0.000000e+00
nan nan 7.119990e-01 2.375000e+00 5.000000e-01 0.000000e+00
nan nan 7.119990e-01 2.425000e+00 5.000000e-01 0.000000e+00
nan nan 7.119990e-01 2.475000e+00 5.000000e-01 0.000000e+00
nan nan 7.119990e-01 2.525000e+00 5.000000e-01 0.000000e+00
nan nan 7.119990e-01 2.575000e+00 5.000000e-01 0.000000e+00
nan nan 7.119990e-01 2.625000e+00 5.000000e-01 0.000000e+00
nan nan 7.119990e-01 2.675000e+00 5.000000e-01 0.000000e+00
nan nan 7.119990e-01 2.725000e+00 5.000000e-01 0.000000e+00
nan nan 7.119990e-01 2.775000e+00 5.000000e-01 0.000000e+00
nan nan 7.119990e-01 2.825000e+00 5.000000e-01 0.000000e+00
nan nan 7.119990e-01 2.875000e+00 5.000000e-01 0.000000e+00
4.943323e-01 4.783821e-03 7.219990e-01 2.500000e-02 5.000000e-01 0.000000e+00
1.461250e-01 2.598629e-03 7.219990e-01 7.500000e-02 5.000000e-01 0.000000e+00
1.521779e-02 8.428370e-04 7.219990e-01 1.250000e-01 5.000000e-01 0.000000e+00
6.411794e-03 5.498081e-04 7.219990e-01 1.750000e-01 5.000000e-01 0.000000e+00
5.124079e-03 4.930661e-04 7.219990e-01 2.250000e-01 5.000000e-01 0.000000e+00
5.267820e-03 4.977636e-04 7.219990e-01 2.750000e-01 5.000000e-01 0.000000e+00
4.470458e-03 4.515855e-04 7.219990e-01 3.250000e-01 5.000000e-01 0.000000e+00
5.232888e-03 4.858626e-04 7.219990e-01 3.750000e-01 5.000000e-01 0.000000e+00
3.875111e-03 4.178653e-04 7.219990e-01 4.250000e-01 5.000000e-01 0.000000e+00
3.956695e-03 4.217865e-04 7.219990e-01 4.750000e-01 5.000000e-01 0.000000e+00
3.584823e-03 4.007967e-04 7.219990e-01 5.250000e-01 5.000000e-01 0.000000e+00
2.833679e-03 3.542112e-04 7.219990e-01 5.750000e-01 5.000000e-01 0.000000e+00
2.959654e-03 3.589119e-04 7.219990e-01 6.250000e-01 5.000000e-01 0.000000e+00
2.389455e-03 3.193055e-04 7.219990e-01 6.750000e-01 5.000000e-01 0.000000e+00
1.948590e-03 2.873049e-04 7.219990e-01 7.250000e-01 5.000000e-01 0.000000e+00
2.247369e-03 3.058292e-04 7.219990e-01 7.750000e-01 5.000000e-01 0.000000e+00
1.844899e-03 2.720171e-04 7.219990e-01 8.250000e-01 5.000000e-01 0.000000e+00
2.127142e-03 2.949829e-04 7.219990e-01 8.750000e-01 5.000000e-01 0.000000e+00
1.828876e-03 2.757145e-04 7.219990e-01 9.250000e-01 5.000000e-01 0.000000e+00
1.980070e-03 2.800253e-04 7.219990e-01 9.750000e-01 5.000000e-01 0.000000e+00
1.402093e-03 2.274507e-04 7.219990e-01 1.025000e+00 5.000000e-01 0.000000e+00
1.759667e-03 2.488555e-04 7.219990e-01 1.075000e+00 5.000000e-01 0.000000e+00
6.834231e-04 1.528193e-04 7.219990e-01 1.125000e+00 5.000000e-01 0.000000e+00
1.281536e-03 2.078936e-04 7.219990e-01 1.175000e+00 5.000000e-01 0.000000e+00
9.500387e-04 1.795415e-04 7.219990e-01 1.225000e+00 5.000000e-01 0.000000e+00
1.179736e-03 2.023245e-04 7.219990e-01 1.275000e+00 5.000000e-01 0.000000e+00
1.072196e-03 1.957567e-04 7.219990e-01 1.325000e+00 5.000000e-01 0.000000e+00
8.380285e-04 1.786697e-04 7.219990e-01 1.375000e+00 5.000000e-01 0.000000e+00
8.397453e-04 1.877739e-04 7.219990e-01 1.425000e+00 5.000000e-01 0.000000e+00
9.674975e-04 2.163402e-04 7.219990e-01 1.475000e+00 5.000000e-01 0.000000e+00
5.311289e-04 1.679601e-04 7.219990e-01 1.525000e+00 5.000000e-01 0.000000e+00
9.486392e-04 2.371614e-04 7.219990e-01 1.575000e+00 5.000000e-01 0.000000e+00
1.186151e-03 2.795810e-04 7.219990e-01 1.625000e+00 5.000000e-01 0.000000e+00
1.199948e-03 2.999894e-04 7.219990e-01 1.675000e+00 5.000000e-01 0.000000e+00
7.067924e-04 2.498909e-04 7.219990e-01 1.725000e+00 5.000000e-01 0.000000e+00
1.092090e-03 3.453512e-04 7.219990e-01 1.775000e+00 5.000000e-01 0.000000e+00
1.124222e-03 3.974763e-04 7.219990e-01 1.825000e+00 5.000000e-01 0.000000e+00
4.224992e-04 2.987520e-04 7.219990e-01 1.875000e+00 5.000000e-01 0.000000e+00
1.784052e-03 8.920272e-04 7.219990e-01 1.925000e+00 5.000000e-01 0.000000e+00
0.000000e+00 0.000000e+00 7.219990e-01 1.975000e+00 5.000000e-01 0.000000e+00
nan nan 7.219990e-01 2.025000e+00 5.000000e-01 0.000000e+00
nan nan 7.219990e-01 2.075000e+00 5.000000e-01 0.000000e+00
nan nan 7.219990e-01 2.125000e+00 5.000000e-01 0.000000e+00
nan nan 7.219990e-01 2.175000e+00 5.000000e-01 0.000000e+00
nan nan 7.219990e-01 2.225000e+00 5.000000e-01 0.000000e+00
nan nan 7.219990e-01 2.275000e+00 5.000000e-01 0.000000e+00
nan nan 7.219990e-01 2.325000e+00 5.000000e-01 0.000000e+00
nan nan 7.219990e-01 2.375000e+00 5.000000e-01 0.000000e+00
nan nan 7.219990e-01 2.425000e+00 5.000000e-01 0.000000e+00
nan nan 7.219990e-01 2.475000e+00 5.000000e-01 0.000000e+00
nan nan 7.219990e-01 2.525000e+00 5.000000e-01 0.000000e+00
nan nan 7.219990e-01 2.575000e+00 5.000000e-01 0.000000e+00
nan nan 7.219990e-01 2.625000e+00 5.000000e-01 0.000000e+00
nan nan 7.219990e-01 2.675000e+00 5.000000e-01 0.000000e+00
nan nan 7.219990e-01 2.725000e+00 5.000000e-01 0.000000e+00
nan nan 7.219990e-01 2.775000e+00 5.000000e-01 0.000000e+00
nan nan 7.219990e-01 2.825000e+00 5.000000e-01 0.000000e+00
nan nan 7.219990e-01 2.875000e+00 5.000000e-01 0.000000e+00
5.188811e-01 4.914839e-03 7.319990e-01 2.500000e-02 5.000000e-01 0.000000e+00
1.441519e-01 2.590722e-03 7.319990e-01 7.500000e-02 5.000000e-01 0.000000e+00
1.325549e-02 7.865706e-04 7.319990e-01 1.250000e-01 5.000000e-01 0.000000e+00
6.372111e-03 5.464054e-04 7.319990e-01 1.750000e-01 5.000000e-01 0.000000e+00
4.868795e-03 4.774259e-04 7.319990e-01 2.250000e-01 5.000000e-01 0.000000e+00
5.073226e-03 4.881729e-04 7.319990e-01 2.750000e-01 5.000000e-01 0.000000e+00
4.469001e-03 4.514384e-04 7.319990e-01 3.250000e-01 5.000000e-01 0.000000e+00
3.288862e-03 3.875974e-04 7.319990e-01 3.750000e-01 5.000000e-01 0.000000e+00
4.019664e-03 4.284987e-04 7.319990e-01 4.250000e-01 5.000000e-01 0.000000e+00
3.592376e-03 4.016410e-04 7.319990e-01 4.750000e-01 5.000000e-01 0.000000e+00
3.577462e-03 3.999738e-04 7.319990e-01 5.250000e-01 5.000000e-01 0.000000e+00
3.277563e-03 3.810102e-04 7.319990e-01 5.750000e-01 5.000000e-01 0.000000e+00
1.410907e-03 2.494162e-04 7.319990e-01 6.250000e-01 5.000000e-01 0.000000e+00
2.318051e-03 3.154476e-04 7.319990e-01 6.750000e-01 5.000000e-01 0.000000e+00
2.457759e-03 3.172967e-04 7.319990e-01 7.250000e-01 5.000000e-01 0.000000e+00
1.951785e-03 2.817173e-04 7.319990e-01 7.750000e-01 5.000000e-01 0.000000e+00
1.933749e-03 2.851168e-04 7.319990e-01 8.250000e-01 5.000000e-01 0.000000e+00
1.383947e-03 2.373463e-04 7.319990e-01 8.750000e-01 5.000000e-01 0.000000e+00
1.396366e-03 2.327288e-04 7.319990e-01 9.250000e-01 5.000000e-01 0.000000e+00
1.596965e-03 2.407524e-04 7.319990e-01 9.750000e-01 5.000000e-01 0.000000e+00
1.327191e-03 2.152996e-04 7.319990e-01 1.025000e+00 5.000000e-01 0.000000e+00
1.239532e-03 2.065896e-04 7.319990e-01 1.075000e+00 5.000000e-01 0.000000e+00
8.321515e-04 1.698634e-04 7.319990e-01 1.125000e+00 5.000000e-01 0.000000e+00
1.251050e-03 2.085092e-04 7.319990e-01 1.175000e+00 5.000000e-01 0.000000e+00
8.645112e-04 1.764686e-04 7.319990e-01 1.225000e+00 5.000000e-01 0.000000e+00
1.058833e-03 2.001017e-04 7.319990e-01 1.275000e+00 5.000000e-01 0.000000e+00
6.580880e-04 1.645235e-04 7.319990e-01 1.325000e+00 5.000000e-01 0.000000e+00
1.015903e-03 2.165919e-04 7.319990e-01 1.375000e+00 5.000000e-01 0.000000e+00
9.364845e-04 2.207329e-04 7.319990e-01 1.425000e+00 5.000000e-01 0.000000e+00
9.177974e-04 2.294507e-04 7.319990e-01 1.475000e+00 5.000000e-01 0.000000e+00
7.762060e-04 2.240725e-04 7.319990e-01 1.525000e+00 5.000000e-01 0.000000e+00
1.438638e-03 3.216928e-04 7.319990e-01 1.575000e+00 5.000000e-01 0.000000e+00
1.184933e-03 3.166905e-04 7.319990e-01 1.625000e+00 5.000000e-01 0.000000e+00
7.929571e-04 2.803548e-04 7.319990e-01 1.675000e+00 5.000000e-01 0.000000e+00
7.674835e-04 3.133242e-04 7.319990e-01 1.725000e+00 5.000000e-01 0.000000e+00
1.390128e-03 4.914851e-04 7.319990e-01 1.775000e+00 5.000000e-01 0.000000e+00
1.207546e-03 6.037735e-04 7.319990e-01 1.825000e+00 5.000000e-01 0.000000e+00
0.000000e+00 0.000000e+00 7.319990e-01 1.875000e+00 5.000000e-01 0.000000e+00
0.000000e+00 0.000000e+00 7.319990e-01 1.925000e+00 5.000000e-01 0.000000e+00
nan nan 7.319990e-01 1.975000e+00 5.000000e-01 0.000000e+00
nan nan 7.319990e-01 2.025000e+00 5.000000e-01 0.000000e+00
nan nan 7.319990e-01 2.075000e+00 5.000000e-01 0.000000e+00
nan nan 7.319990e-01 2.125000e+00 5.000000e-01 0.000000e+00
nan nan 7.319990e-01 2.175000e+00 5.000000e-01 0.000000e+00
nan nan 7.319990e-01 2.225000e+00 5.000000e-01 0.000000e+00
nan nan 7.319990e-01 2.275000e+00 5.000000e-01 0.000000e+00
nan nan 7.319990e-01 2.325000e+00 5.000000e-01 0.000000e+00
nan nan 7.319990e-01 2.375000e+00 5.000000e-01 0.000000e+00
nan nan 7.319990e-01 2.425000e+00 5.000000e-01 0.000000e+00
nan nan 7.319990e-01 2.475000e+00 5.000000e-01 0.000000e+00
nan nan 7.319990e-01 2.525000e+00 5.000000e-01 0.000000e+00
nan nan 7.319990e-01 2.575000e+00 5.000000e-01 0.000000e+00
nan nan 7.319990e-01 2.625000e+00 5.000000e-01 0.000000e+00
nan nan 7.319990e-01 2.675000e+00 5.000000e-01 0.000000e+00
nan nan 7.319990e-01 2.725000e+00 5.000000e-01 0.000000e+00
nan nan 7.319990e-01 2.775000e+00 5.000000e-01 0.000000e+00
nan nan 7.319990e-01 2.825000e+00 5.000000e-01 0.000000e+00
nan nan 7.319990e-01 2.875000e+00 5.000000e-01 0.000000e+00
4.989376e-01 4.842923e-03 7.419990e-01 2.500000e-02 5.000000e-01 0.000000e+00
1.386047e-01 2.549332e-03 7.419990e-01 7.500000e-02 5.000000e-01 0.000000e+00
1.494075e-02 8.326173e-04 7.419990e-01 1.250000e-01 5.000000e-01 0.000000e+00
6.138142e-03 5.342579e-04 7.419990e-01 1.750000e-01 5.000000e-01 0.000000e+00
6.726029e-03 5.605040e-04 7.419990e-01 2.250000e-01 5.000000e-01 0.000000e+00
4.708542e-03 4.708554e-04 7.419990e-01 2.750000e-01 5.000000e-01 0.000000e+00
3.784194e-03 4.178953e-04 7.419990e-01 3.250000e-01 5.000000e-01 0.000000e+00
3.276311e-03 3.861180e-04 7.419990e-01 3.750000e-01 5.000000e-01 0.000000e+00
3.690301e-03 4.075266e-04 7.419990e-01 4.250000e-01 5.000000e-01 0.000000e+00
2.598023e-03 3.411383e-04 7.419990e-01 4.750000e-01 5.000000e-01 0.000000e+00
3.299060e-03 3.835091e-04 7.419990e-01 5.250000e-01 5.000000e-01 0.000000e+00
2.379886e-03 3.238628e-04 7.419990e-01 5.750000e-01 5.000000e-01 0.000000e+00
2.240268e-03 3.106703e-04 7.419990e-01 6.250000e-01 5.000000e-01 0.000000e+00
2.482190e-03 3.204506e-04 7.419990e-01 6.750000e-01 5.000000e-01 0.000000e+00
1.992330e-03 2.875693e-04 7.419990e-01 7.250000e-01 5.000000e-01 0.000000e+00
1.857270e-03 2.799949e-04 7.419990e-01 7.750000e-01 5.000000e-01 0.000000e+00
1.938808e-03 2.798441e-04 7.419990e-01 8.250000e-01 5.000000e-01 0.000000e+00
1.674979e-03 2.525137e-04 7.419990e-01 8.750000e-01 5.000000e-01 0.000000e+00
1.366782e-03 2.217217e-04 7.419990e-01 9.250000e-01 5.000000e-01 0.000000e+00
1.962953e-03 2.623118e-04 7.419990e-01 9.750000e-01 5.000000e-01 0.000000e+00
1.897448e-03 2.582111e-04 7.419990e-01 1.025000e+00 5.000000e-01 0.000000e+00
1.913122e-03 2.603443e-04 7.419990e-01 1.075000e+00 5.000000e-01 0.000000e+00
9.377404e-04 1.839070e-04 7.419990e-01 1.125000e+00 5.000000e-01 0.000000e+00
1.353405e-03 2.255690e-04 7.419990e-01 1.175000e+00 5.000000e-01 0.000000e+00
9.563048e-04 1.952059e-04 7.419990e-01 1.225000e+00 5.000000e-01 0.000000e+00
8.069586e-04 1.902033e-04 7.419990e-01 1.275000e+00 5.000000e-01 0.000000e+00
4.068858e-04 1.438563e-04 7.419990e-01 1.325000e+00 5.000000e-01 0.000000e+00
9.059539e-04 2.264894e-04 7.419990e-01 1.375000e+00 5.000000e-01 0.000000e+00
1.012774e-03 2.531958e-04 7.419990e-01 1.425000e+00 5.000000e-01 0.000000e+00
2.810818e-04 1.405409e-04 7.419990e-01 1.475000e+00 5.000000e-01 0.000000e+00
8.015803e-04 2.534823e-04 7.419990e-01 1.525000e+00 5.000000e-01 0.000000e+00
1.134059e-03 3.273765e-04 7.419990e-01 1.575000e+00 5.000000e-01 0.000000e+00
4.678841e-04 2.339421e-04 7.419990e-01 1.625000e+00 5.000000e-01 0.000000e+00
9.358623e-04 3.820661e-04 7.419990e-01 1.675000e+00 5.000000e-01 0.000000e+00
4.717302e-04 3.335637e-04 7.419990e-01 1.725000e+00 5.000000e-01 0.000000e+00
0.000000e+00 0.000000e+00 7.419990e-01 1.775000e+00 5.000000e-01 0.000000e+00
0.000000e+00 0.000000e+00 7.419990e-01 1.825000e+00 5.000000e-01 0.000000e+00
nan nan 7.419990e-01 1.875000e+00 5.000000e-01 0.000000e+00
nan nan 7.419990e-01 1.925000e+00 5.000000e-01 0.000000e+00
nan nan 7.419990e-01 1.975000e+00 5.000000e-01 0.000000e+00
nan nan 7.419990e-01 2.025000e+00 5.000000e-01 0.000000e+00
nan nan 7.419990e-01 2.075000e+00 5.000000e-01 0.000000e+00
nan nan 7.419990e-01 2.125000e+00 5.000000e-01 0.000000e+00
nan nan 7.419990e-01 2.175000e+00 5.000000e-01 0.000000e+00
nan nan 7.419990e-01 2.225000e+00 5.000000e-01 0.000000e+00
nan nan 7.419990e-01 2.275000e+00 5.000000e-01 0.000000e+00
nan nan 7.419990e-01 2.325000e+00 5.000000e-01 0.000000e+00
nan nan 7.419990e-01 2.375000e+00 5.000000e-01 0.000000e+00
nan nan 7.419990e-01 2.425000e+00 5.000000e-01 0.000000e+00
nan nan 7.419990e-01 2.475000e+00 5.000000e-01 0.000000e+00
nan nan 7.419990e-01 2.525000e+00 5.000000e-01 0.000000e+00
nan nan 7.419990e-01 2.575000e+00 5.000000e-01 0.000000e+00
nan nan 7.419990e-01 2.625000e+00 5.000000e-01 0.000000e+00
nan nan 7.419990e-01 2.675000e+00 5.000000e-01 0.000000e+00
nan nan 7.419990e-01 2.725000e+00 5.000000e-01 0.000000e+00
nan nan 7.419990e-01 2.775000e+00 5.000000e-01 0.000000e+00
nan nan 7.419990e-01 2.825000e+00 5.000000e-01 0.000000e+00
nan nan 7.419990e-01 2.875000e+00 5.000000e-01 0.000000e+00
4.832756e-01 4.743938e-03 7.519990e-01 2.500000e-02 5.000000e-01 0.000000e+00
1.277014e-01 2.441397e-03 7.519990e-01 7.500000e-02 5.000000e-01 0.000000e+00
1.425083e-02 8.146675e-04 7.519990e-01 1.250000e-01 5.000000e-01 0.000000e+00
6.969232e-03 5.728688e-04 7.519990e-01 1.750000e-01 5.000000e-01 0.000000e+00
5.755840e-03 5.168911e-04 7.519990e-01 2.250000e-01 5.000000e-01 0.000000e+00
4.815767e-03 4.722261e-04 7.519990e-01 2.750000e-01 5.000000e-01 0.000000e+00
3.743884e-03 4.134437e-04 7.519990e-01 3.250000e-01 5.000000e-01 0.000000e+00
4.019487e-03 4.284800e-04 7.519990e-01 3.750000e-01 5.000000e-01 0.000000e+00
4.175456e-03 4.353226e-04 7.519990e-01 4.250000e-01 5.000000e-01 0.000000e+00
3.957273e-03 4.218479e-04 7.519990e-01 4.750000e-01 5.000000e-01 0.000000e+00
2.861525e-03 3.576915e-04 7.519990e-01 5.250000e-01 5.000000e-01 0.000000e+00
1.853078e-03 2.859369e-04 7.519990e-01 5.750000e-01 5.000000e-01 0.000000e+00
2.627518e-03 3.336962e-04 7.519990e-01 6.250000e-01 5.000000e-01 0.000000e+00
2.052740e-03 2.903022e-04 7.519990e-01 6.750000e-01 5.000000e-01 0.000000e+00
2.246527e-03 3.057146e-04 7.519990e-01 7.250000e-01 5.000000e-01 0.000000e+00
1.657280e-03 2.557249e-04 7.519990e-01 7.750000e-01 5.000000e-01 0.000000e+00
1.647135e-03 2.483160e-04 7.519990e-01 8.250000e-01 5.000000e-01 0.000000e+00
1.239848e-03 2.126329e-04 7.519990e-01 8.750000e-01 5.000000e-01 0.000000e+00
1.962132e-03 2.622025e-04 7.519990e-01 9.250000e-01 5.000000e-01 0.000000e+00
1.567079e-03 2.362471e-04 7.519990e-01 9.750000e-01 5.000000e-01 0.000000e+00
1.319057e-03 2.198438e-04 7.519990e-01 1.025000e+00 5.000000e-01 0.000000e+00
1.450399e-03 2.352867e-04 7.519990e-01 1.075000e+00 5.000000e-01 0.000000e+00
1.278324e-03 2.259784e-04 7.519990e-01 1.125000e+00 5.000000e-01 0.000000e+00
8.658520e-04 1.936112e-04 7.519990e-01 1.175000e+00 5.000000e-01 0.000000e+00
8.893649e-04 2.096265e-04 7.519990e-01 1.225000e+00 5.000000e-01 0.000000e+00
1.110313e-03 2.482752e-04 7.519990e-01 1.275000e+00 5.000000e-01 0.000000e+00
8.587235e-04 2.295047e-04 7.519990e-01 1.325000e+00 5.000000e-01 0.000000e+00
9.753699e-04 2.606808e-04 7.519990e-01 1.375000e+00 5.000000e-01 0.000000e+00
1.546471e-03 3.458026e-04 7.519990e-01 1.425000e+00 5.000000e-01 0.000000e+00
9.136923e-04 2.889357e-04 7.519990e-01 1.475000e+00 5.000000e-01 0.000000e+00
2.186527e-04 1.546108e-04 7.519990e-01 1.525000e+00 5.000000e-01 0.000000e+00
8.430441e-04 3.441730e-04 7.519990e-01 1.575000e+00 5.000000e-01 0.000000e+00
1.586437e-03 5.608968e-04 7.519990e-01 1.625000e+00 5.000000e-01 0.000000e+00
1.475204e-03 7.376021e-04 7.519990e-01 1.675000e+00 5.000000e-01 0.000000e+00
0.000000e+00 0.000000e+00 7.519990e-01 1.725000e+00 5.000000e-01 0.000000e+00
0.000000e+00 0.000000e+00 7.519990e-01 1.775000e+00 5.000000e-01 0.000000e+00
nan nan 7.519990e-01 1.825000e+00 5.000000e-01 0.000000e+00
nan nan 7.519990e-01 1.875000e+00 5.000000e-01 0.000000e+00
nan nan 7.519990e-01 1.925000e+00 5.000000e-01 0.000000e+00
nan nan 7.519990e-01 1.975000e+00 5.000000e-01 0.000000e+00
nan nan 7.519990e-01 2.025000e+00 5.000000e-01 0.000000e+00
nan nan 7.519990e-01 2.075000e+00 5.000000e-01 0.000000e+00
nan nan 7.519990e-01 2.125000e+00 5.000000e-01 0.000000e+00
nan nan 7.519990e-01 2.175000e+00 5.000000e-01 0.000000e+00
nan nan 7.519990e-01 2.225000e+00 5.000000e-01 0.000000e+00
nan nan 7.519990e-01 2.275000e+00 5.000000e-01 0.000000e+00
nan nan 7.519990e-01 2.325000e+00 5.000000e-01 0.000000e+00
nan nan 7.519990e-01 2.375000e+00 5.000000e-01 0.000000e+00
nan nan 7.519990e-01 2.425000e+00 5.000000e-01 0.000000e+00
nan nan 7.519990e-01 2.475000e+00 5.000000e-01 0.000000e+00
nan nan 7.519990e-01 2.525000e+00 5.000000e-01 0.000000e+00
nan nan 7.519990e-01 2.575000e+00 5.000000e-01 0.000000e+00
nan nan 7.519990e-01 2.625000e+00 5.000000e-01 0.000000e+00
nan nan 7.519990e-01 2.675000e+00 5.000000e-01 0.000000e+00
nan nan 7.519990e-01 2.725000e+00 5.000000e-01 0.000000e+00
nan nan 7.519990e-01 2.775000e+00 5.000000e-01 0.000000e+00
nan nan 7.519990e-01 2.825000e+00 5.000000e-01 0.000000e+00
nan nan 7.519990e-01 2.875000e+00 5.000000e-01 0.000000e+00
4.820686e-01 4.776479e-03 7.619990e-01 2.500000e-02 5.000000e-01 0.000000e+00
1.371558e-01 2.550444e-03 7.619990e-01 7.500000e-02 5.000000e-01 0.000000e+00
1.501623e-02 8.394347e-04 7.619990e-01 1.250000e-01 5.000000e-01 0.000000e+00
5.469998e-03 5.035556e-04 7.619990e-01 1.750000e-01 5.000000e-01 0.000000e+00
5.583699e-03 5.097210e-04 7.619990e-01 2.250000e-01 5.000000e-01 0.000000e+00
4.457119e-03 4.549041e-04 7.619990e-01 2.750000e-01 5.000000e-01 0.000000e+00
3.666982e-03 4.099823e-04 7.619990e-01 3.250000e-01 5.000000e-01 0.000000e+00
3.614149e-03 4.040751e-04 7.619990e-01 3.750000e-01 5.000000e-01 0.000000e+00
2.156803e-03 3.113086e-04 7.619990e-01 4.250000e-01 5.000000e-01 0.000000e+00
3.412861e-03 3.914835e-04 7.619990e-01 4.750000e-01 5.000000e-01 0.000000e+00
2.573036e-03 3.378573e-04 7.619990e-01 5.250000e-01 5.000000e-01 0.000000e+00
2.428893e-03 3.245755e-04 7.619990e-01 5.750000e-01 5.000000e-01 0.000000e+00
2.436084e-03 3.144980e-04 7.619990e-01 6.250000e-01 5.000000e-01 0.000000e+00
2.290134e-03 3.060329e-04 7.619990e-01 6.750000e-01 5.000000e-01 0.000000e+00
1.627665e-03 2.511554e-04 7.619990e-01 7.250000e-01 5.000000e-01 0.000000e+00
1.947184e-03 2.700266e-04 7.619990e-01 7.750000e-01 5.000000e-01 0.000000e+00
1.915352e-03 2.656127e-04 7.619990e-01 8.250000e-01 5.000000e-01 0.000000e+00
1.270771e-03 2.117960e-04 7.619990e-01 8.750000e-01 5.000000e-01 0.000000e+00
1.983051e-03 2.698599e-04 7.619990e-01 9.250000e-01 5.000000e-01 0.000000e+00
1.685365e-03 2.540799e-04 7.619990e-01 9.750000e-01 5.000000e-01 0.000000e+00
1.358130e-03 2.329184e-04 7.619990e-01 1.025000e+00 5.000000e-01 0.000000e+00
5.916873e-04 1.581356e-04 7.619990e-01 1.075000e+00 5.000000e-01 0.000000e+00
1.540303e-03 2.722908e-04 7.619990e-01 1.125000e+00 5.000000e-01 0.000000e+00
1.322342e-03 2.699228e-04 7.619990e-01 1.175000e+00 5.000000e-01 0.000000e+00
1.207694e-03 2.700503e-04 7.619990e-01 1.225000e+00 5.000000e-01 0.000000e+00
5.383051e-04 1.903202e-04 7.619990e-01 1.275000e+00 5.000000e-01 0.000000e+00
1.229067e-03 3.072675e-04 7.619990e-01 1.325000e+00 5.000000e-01 0.000000e+00
8.700583e-04 2.751399e-04 7.619990e-01 1.375000e+00 5.000000e-01 0.000000e+00
4.211573e-04 2.105788e-04 7.619990e-01 1.425000e+00 5.000000e-01 0.000000e+00
2.543981e-04 1.798866e-04 7.619990e-01 1.475000e+00 5.000000e-01 0.000000e+00
1.426911e-03 5.044893e-04 7.619990e-01 1.525000e+00 5.000000e-01 0.000000e+00
0.000000e+00 0.000000e+00 7.619990e-01 1.575000e+00 5.000000e-01 0.000000e+00
1.381904e-03 9.771536e-04 7.619990e-01 1.625000e+00 5.000000e-01 0.000000e+00
0.000000e+00 0.000000e+00 7.619990e-01 1.675000e+00 5.000000e-01 0.000000e+00
nan nan 7.619990e-01 1.725000e+00 5.000000e-01 0.000000e+00
nan nan 7.619990e-01 1.775000e+00 5.000000e-01 0.000000e+00
nan nan 7.619990e-01 1.825000e+00 5.000000e-01 0.000000e+00
nan nan 7.619990e-01 1.875000e+00 5.000000e-01 0.000000e+00
nan nan 7.619990e-01 1.925000e+00 5.000000e-01 0.000000e+00
nan nan 7.619990e-01 1.975000e+00 5.000000e-01 0.000000e+00
nan nan 7.619990e-01 2.025000e+00 5.000000e-01 0.000000e+00
nan nan 7.619990e-01 2.075000e+00 5.000000e-01 0.000000e+00
nan nan 7.619990e-01 2.125000e+00 5.000000e-01 0.000000e+00
nan nan 7.619990e-01 2.175000e+00 5.000000e-01 0.000000e+00
nan nan 7.619990e-01 2.225000e+00 5.000000e-01 0.000000e+00
nan nan 7.619990e-01 2.275000e+00 5.000000e-01 0.000000e+00
nan nan 7.619990e-01 2.325000e+00 5.000000e-01 0.000000e+00
nan nan 7.619990e-01 2.375000e+00 5.000000e-01 0.000000e+00
nan nan 7.619990e-01 2.425000e+00 5.000000e-01 0.000000e+00
nan nan 7.619990e-01 2.475000e+00 5.000000e-01 0.000000e+00
nan nan 7.619990e-01 2.525000e+00 5.000000e-01 0.000000e+00
nan nan 7.619990e-01 2.575000e+00 5.000000e-01 0.000000e+00
nan nan 7.619990e-01 2.625000e+00 5.000000e-01 0.000000e+00
nan nan 7.619990e-01 2.675000e+00 5.000000e-01 0.000000e+00
nan nan 7.619990e-01 2.725000e+00 5.000000e-01 0.000000e+00
nan nan 7.619990e-01 2.775000e+00 5.000000e-01 0.000000e+00
nan nan 7.619990e-01 2.825000e+00 5.000000e-01 0.000000e+00
nan nan 7.619990e-01 2.875000e+00 5.000000e-01 0.000000e+00
4.636599e-01 4.638929e-03 7.719989e-01 2.500000e-02 5.000000e-01 0.000000e+00
1.429677e-01 2.577779e-03 7.719989e-01 7.500000e-02 5.000000e-01 0.000000e+00
1.433488e-02 8.168071e-04 7.719989e-01 1.250000e-01 5.000000e-01 0.000000e+00
5.565711e-03 5.123668e-04 7.719989e-01 1.750000e-01 5.000000e-01 0.000000e+00
6.407219e-03 5.494162e-04 7.719989e-01 2.250000e-01 5.000000e-01 0.000000e+00
3.907295e-03 4.263219e-04 7.719989e-01 2.750000e-01 5.000000e-01 0.000000e+00
3.769555e-03 4.162788e-04 7.719989e-01 3.250000e-01 5.000000e-01 0.000000e+00
4.318356e-03 4.454057e-04 7.719989e-01 3.750000e-01 5.000000e-01 0.000000e+00
3.069784e-03 3.722669e-04 7.719989e-01 4.250000e-01 5.000000e-01 0.000000e+00
2.303911e-03 3.194962e-04 7.719989e-01 4.750000e-01 5.000000e-01 0.000000e+00
3.029680e-03 3.621172e-04 7.719989e-01 5.250000e-01 5.000000e-01 0.000000e+00
2.934771e-03 3.411611e-04 7.719989e-01 5.750000e-01 5.000000e-01 0.000000e+00
2.115968e-03 2.879479e-04 7.719989e-01 6.250000e-01 5.000000e-01 0.000000e+00
2.478318e-03 3.097907e-04 7.719989e-01 6.750000e-01 5.000000e-01 0.000000e+00
2.115165e-03 2.826517e-04 7.719989e-01 7.250000e-01 5.000000e-01 0.000000e+00
1.783769e-03 2.574659e-04 7.719989e-01 7.750000e-01 5.000000e-01 0.000000e+00
2.325565e-03 2.906966e-04 7.719989e-01 8.250000e-01 5.000000e-01 0.000000e+00
2.307039e-03 2.978383e-04 7.719989e-01 8.750000e-01 5.000000e-01 0.000000e+00
1.630338e-03 2.577803e-04 7.719989e-01 9.250000e-01 5.000000e-01 0.000000e+00
1.880801e-03 2.835428e-04 7.719989e-01 9.750000e-01 5.000000e-01 0.000000e+00
1.460532e-03 2.581893e-04 7.719989e-01 1.025000e+00 5.000000e-01 0.000000e+00
7.502721e-04 2.005194e-04 7.719989e-01 1.075000e+00 5.000000e-01 0.000000e+00
1.336770e-03 2.850015e-04 7.719989e-01 1.125000e+00 5.000000e-01 0.000000e+00
1.054919e-03 2.637307e-04 7.719989e-01 1.175000e+00 5.000000e-01 0.000000e+00
1.344884e-03 3.169939e-04 7.719989e-01 1.225000e+00 5.000000e-01 0.000000e+00
6.803830e-04 2.405531e-04 7.719989e-01 1.275000e+00 5.000000e-01 0.000000e+00
2.381268e-03 4.860785e-04 7.719989e-01 1.325000e+00 5.000000e-01 0.000000e+00
7.435617e-04 3.035580e-04 7.719989e-01 1.375000e+00 5.000000e-01 0.000000e+00
3.181895e-04 2.249940e-04 7.719989e-01 1.425000e+00 5.000000e-01 0.000000e+00
1.010957e-03 5.054791e-04 7.719989e-01 1.475000e+00 5.000000e-01 0.000000e+00
0.000000e+00 0.000000e+00 7.719989e-01 1.525000e+00 5.000000e-01 0.000000e+00
0.000000e+00 0.000000e+00 7.719989e-01 1.575000e+00 5.000000e-01 0.000000e+00
nan nan 7.719989e-01 1.625000e+00 5.000000e-01 0.000000e+00
nan nan 7.719989e-01 1.675000e+00 5.000000e-01 0.000000e+00
nan nan 7.719989e-01 1.725000e+00 5.000000e-01 0.000000e+00
nan nan 7.719989e-01 1.775000e+00 5.000000e-01 0.000000e+00
nan nan 7.719989e-01 1.825000e+00 5.000000e-01 0.000000e+00
nan nan 7.719989e-01 1.875000e+00 5.000000e-01 0.000000e+00
nan nan 7.719989e-01 1.925000e+00 5.000000e-01 0.000000e+00
nan nan 7.719989e-01 1.975000e+00 5.000000e-01 0.000000e+00
nan nan 7.719989e-01 2.025000e+00 5.000000e-01 0.000000e+00
nan nan 7.719989e-01 2.075000e+00 5.000000e-01 0.000000e+00
nan nan 7.719989e-01 2.125000e+00 5.000000e-01 0.000000e+00
nan nan 7.719989e-01 2.175000e+00 5.000000e-01 0.000000e+00
nan nan 7.719989e-01 2.225000e+00 5.000000e-01 0.000000e+00
nan nan 7.719989e-01 2.275000e+00 5.000000e-01 0.000000e+00
nan nan 7.719989e-01 2.325000e+00 5.000000e-01 0.000000e+00
nan nan 7.719989e-01 2.375000e+00 5.000000e-01 0.000000e+00
nan nan 7.719989e-01 2.425000e+00 5.000000e-01 0.000000e+00
nan nan 7.719989e-01 2.475000e+00 5.000000e-01 0.000000e+00
nan nan 7.719989e-01 2.525000e+00 5.000000e-01 0.000000e+00
nan nan 7.719989e-01 2.575000e+00 5.000000e-01 0.000000e+00
nan nan 7.719989e-01 2.625000e+00 5.000000e-01 0.000000e+00
nan nan 7.719989e-01 2.675000e+00 5.000000e-01 0.000000e+00
nan nan 7.719989e-01 2.725000e+00 5.000000e-01 0.000000e+00
nan nan 7.719989e-01 2.775000e+00 5.000000e-01 0.000000e+00
nan nan 7.719989e-01 2.825000e+00 5.000000e-01 0.000000e+00
nan nan 7.719989e-01 2.875000e+00 5.000000e-01 0.000000e+00
4.550809e-01 4.649505e-03 7.819989e-01 2.500000e-02 5.000000e-01 0.000000e+00
1.449632e-01 2.603620e-03 7.819989e-01 7.500000e-02 5.000000e-01 0.000000e+00
1.806055e-02 9.192595e-04 7.819989e-01 1.250000e-01 5.000000e-01 0.000000e+00
8.776046e-03 6.400607e-04 7.819989e-01 1.750000e-01 5.000000e-01 0.000000e+00
5.855614e-03 5.216606e-04 7.819989e-01 2.250000e-01 5.000000e-01 0.000000e+00
5.930746e-03 5.242104e-04 7.819989e-01 2.750000e-01 5.000000e-01 0.000000e+00
4.109014e-03 4.331291e-04 7.819989e-01 3.250000e-01 5.000000e-01 0.000000e+00
3.625021e-03 4.052908e-04 7.819989e-01 3.750000e-01 5.000000e-01 0.000000e+00
2.499727e-03 3.340412e-04 7.819989e-01 4.250000e-01 5.000000e-01 0.000000e+00
2.915985e-03 3.536161e-04 7.819989e-01 4.750000e-01 5.000000e-01 0.000000e+00
2.244123e-03 2.998845e-04 7.819989e-01 5.250000e-01 5.000000e-01 0.000000e+00
2.109706e-03 2.819223e-04 7.819989e-01 5.750000e-01 5.000000e-01 0.000000e+00
1.795709e-03 2.647636e-04 7.819989e-01 6.250000e-01 5.000000e-01 0.000000e+00
2.068763e-03 2.815241e-04 7.819989e-01 6.750000e-01 5.000000e-01 0.000000e+00
3.157098e-03 3.444690e-04 7.819989e-01 7.250000e-01 5.000000e-01 0.000000e+00
2.105430e-03 2.813508e-04 7.819989e-01 7.750000e-01 5.000000e-01 0.000000e+00
1.617400e-03 2.557345e-04 7.819989e-01 8.250000e-01 5.000000e-01 0.000000e+00
2.353122e-03 3.202208e-04 7.819989e-01 8.750000e-01 5.000000e-01 0.000000e+00
1.570818e-03 2.693942e-04 7.819989e-01 9.250000e-01 5.000000e-01 0.000000e+00
1.521455e-03 2.777793e-04 7.819989e-01 9.750000e-01 5.000000e-01 0.000000e+00
1.194991e-03 2.672090e-04 7.819989e-01 1.025000e+00 5.000000e-01 0.000000e+00
6.638974e-04 2.099429e-04 7.819989e-01 1.075000e+00 5.000000e-01 0.000000e+00
1.157958e-03 2.894921e-04 7.819989e-01 1.125000e+00 5.000000e-01 0.000000e+00
1.024692e-03 2.958042e-04 7.819989e-01 1.175000e+00 5.000000e-01 0.000000e+00
1.167715e-03 3.370913e-04 7.819989e-01 1.225000e+00 5.000000e-01 0.000000e+00
1.167596e-03 3.692281e-04 7.819989e-01 1.275000e+00 5.000000e-01 0.000000e+00
2.980767e-04 2.107720e-04 7.819989e-01 1.325000e+00 5.000000e-01 0.000000e+00
0.000000e+00 0.000000e+00 7.819989e-01 1.375000e+00 5.000000e-01 0.000000e+00
8.050226e-04 5.692369e-04 7.819989e-01 1.425000e+00 5.000000e-01 0.000000e+00
0.000000e+00 0.000000e+00 7.819989e-01 1.475000e+00 5.000000e-01 0.000000e+00
nan nan 7.819989e-01 1.525000e+00 5.000000e-01 0.000000e+00
nan nan 7.819989e-01 1.575000e+00 5.000000e-01 0.000000e+00
nan nan 7.819989e-01 1.625000e+00 5.000000e-01 0.000000e+00
nan nan 7.819989e-01 1.675000e+00 5.000000e-01 0.000000e+00
nan nan 7.819989e-01 1.725000e+00 5.000000e-01 0.000000e+00
nan nan 7.819989e-01 1.775000e+00 5.000000e-01 0.000000e+00
nan nan 7.819989e-01 1.825000e+00 5.000000e-01 0.000000e+00
nan nan 7.819989e-01 1.875000e+00 5.000000e-01 0.000000e+00
nan nan 7.819989e-01 1.925000e+00 5.000000e-01 0.000000e+00
nan nan 7.819989e-01 1.975000e+00 5.000000e-01 0.000000e+00
nan nan 7.819989e-01 2.025000e+00 5.000000e-01 0.000000e+00
nan nan 7.819989e-01 2.075000e+00 5.000000e-01 0.000000e+00
nan nan 7.819989e-01 2.125000e+00 5.000000e-01 0.000000e+00
nan nan 7.819989e-01 2.175000e+00 5.000000e-01 0.000000e+00
nan nan 7.819989e-01 2.225000e+00 5.000000e-01 0.000000e+00
nan nan 7.819989e-01 2.275000e+00 5.000000e-01 0.000000e+00
nan nan 7.819989e-01 2.325000e+00 5.000000e-01 0.000000e+00
nan nan 7.819989e-01 2.375000e+00 5.000000e-01 0.000000e+00
nan nan 7.819989e-01 2.425000e+00 5.000000e-01 0.000000e+00
nan nan 7.819989e-01 2.475000e+00 5.000000e-01 0.000000e+00
nan nan 7.819989e-01 2.525000e+00 5.000000e-01 0.000000e+00
nan nan 7.819989e-01 2.575000e+00 5.000000e-01 0.000000e+00
nan nan 7.819989e-01 2.625000e+00 5.000000e-01 0.000000e+00
nan nan 7.819989e-01 2.675000e+00 5.000000e-01 0.000000e+00
nan nan 7.819989e-01 2.725000e+00 5.000000e-01 0.000000e+00
nan nan 7.819989e-01 2.775000e+00 5.000000e-01 0.000000e+00
nan nan 7.819989e-01 2.825000e+00 5.000000e-01 0.000000e+00
nan nan 7.819989e-01 2.875000e+00 5.000000e-01 0.000000e+00
4.585677e-01 4.765395e-03 7.919989e-01 2.500000e-02 5.000000e-01 0.000000e+00
1.467858e-01 2.601348e-03 7.919989e-01 7.500000e-02 5.000000e-01 0.000000e+00
1.719063e-02 8.936997e-04 7.919989e-01 1.250000e-01 5.000000e-01 0.000000e+00
4.982432e-03 4.839380e-04 7.919989e-01 1.750000e-01 5.000000e-01 0.000000e+00
4.303482e-03 4.486700e-04 7.919989e-01 2.250000e-01 5.000000e-01 0.000000e+00
3.961746e-03 4.272072e-04 7.919989e-01 2.750000e-01 5.000000e-01 0.000000e+00
4.451652e-03 4.496860e-04 7.919989e-01 3.250000e-01 5.000000e-01 0.000000e+00
2.806611e-03 3.508273e-04 7.919989e-01 3.750000e-01 5.000000e-01 0.000000e+00
2.900854e-03 3.467192e-04 7.919989e-01 4.250000e-01 5.000000e-01 0.000000e+00
2.312130e-03 3.035986e-04 7.919989e-01 4.750000e-01 5.000000e-01 0.000000e+00
2.509517e-03 3.089012e-04 7.919989e-01 5.250000e-01 5.000000e-01 0.000000e+00
2.266074e-03 2.975508e-04 7.919989e-01 5.750000e-01 5.000000e-01 0.000000e+00
2.270584e-03 2.981431e-04 7.919989e-01 6.250000e-01 5.000000e-01 0.000000e+00
1.720027e-03 2.593048e-04 7.919989e-01 6.750000e-01 5.000000e-01 0.000000e+00
2.074794e-03 2.877233e-04 7.919989e-01 7.250000e-01 5.000000e-01 0.000000e+00
1.868643e-03 2.817091e-04 7.919989e-01 7.750000e-01 5.000000e-01 0.000000e+00
1.309508e-03 2.474750e-04 7.919989e-01 8.250000e-01 5.000000e-01 0.000000e+00
1.428994e-03 2.700556e-04 7.919989e-01 8.750000e-01 5.000000e-01 0.000000e+00
2.375493e-03 3.665482e-04 7.919989e-01 9.250000e-01 5.000000e-01 0.000000e+00
1.338589e-03 2.993188e-04 7.919989e-01 9.750000e-01 5.000000e-01 0.000000e+00
8.744295e-04 2.524272e-04 7.919989e-01 1.025000e+00 5.000000e-01 0.000000e+00
1.119357e-03 2.991615e-04 7.919989e-01 1.075000e+00 5.000000e-01 0.000000e+00
1.369598e-03 3.660425e-04 7.919989e-01 1.125000e+00 5.000000e-01 0.000000e+00
1.806128e-03 4.515334e-04 7.919989e-01 1.175000e+00 5.000000e-01 0.000000e+00
5.744147e-04 2.872075e-04 7.919989e-01 1.225000e+00 5.000000e-01 0.000000e+00
0.000000e+00 0.000000e+00 7.919989e-01 1.275000e+00 5.000000e-01 0.000000e+00
3.097892e-03 9.796473e-04 7.919989e-01 1.325000e+00 5.000000e-01 0.000000e+00
0.000000e+00 0.000000e+00 7.919989e-01 1.375000e+00 5.000000e-01 0.000000e+00
0.000000e+00 0.000000e+00 7.919989e-01 1.425000e+00 5.000000e-01 0.000000e+00
nan nan 7.919989e-01 1.475000e+00 5.000000e-01 0.000000e+00
nan nan 7.919989e-01 1.525000e+00 5.000000e-01 0.000000e+00
nan nan 7.919989e-01 1.575000e+00 5.000000e-01 0.000000e+00
nan nan 7.919989e-01 1.625000e+00 5.000000e-01 0.000000e+00
nan nan 7.919989e-01 1.675000e+00 5.000000e-01 0.000000e+00
nan nan 7.919989e-01 1.725000e+00 5.000000e-01 0.000000e+00
nan nan 7.919989e-01 1.775000e+00 5.000000e-01 0.000000e+00
nan nan 7.919989e-01 1.825000e+00 5.000000e-01 0.000000e+00
nan nan 7.919989e-01 1.875000e+00 5.000000e-01 0.000000e+00
nan nan 7.919989e-01 1.925000e+00 5.000000e-01 0.000000e+00
nan nan 7.919989e-01 1.975000e+00 5.000000e-01 0.000000e+00
nan nan 7.919989e-01 2.025000e+00 5.000000e-01 0.000000e+00
nan nan 7.919989e-01 2.075000e+00 5.000000e-01 0.000000e+00
nan nan 7.919989e-01 2.125000e+00 5.000000e-01 0.000000e+00
nan nan 7.919989e-01 2.175000e+00 5.000000e-01 0.000000e+00
nan nan 7.919989e-01 2.225000e+00 5.000000e-01 0.000000e+00
nan nan 7.919989e-01 2.275000e+00 5.000000e-01 0.000000e+00
nan nan 7.919989e-01 2.325000e+00 5.000000e-01 0.000000e+00
nan nan 7.919989e-01 2.375000e+00 5.000000e-01 0.000000e+00
nan nan 7.919989e-01 2.425000e+00 5.000000e-01 0.000000e+00
nan nan 7.919989e-01 2.475000e+00 5.000000e-01 0.000000e+00
nan nan 7.919989e-01 2.525000e+00 5.000000e-01 0.000000e+00
nan nan 7.919989e-01 2.575000e+00 5.000000e-01 0.000000e+00
nan nan 7.919989e-01 2.625000e+00 5.000000e-01 0.000000e+00
nan nan 7.919989e-01 2.675000e+00 5.000000e-01 0.000000e+00
nan nan 7.919989e-01 2.725000e+00 5.000000e-01 0.000000e+00
nan nan 7.919989e-01 2.775000e+00 5.000000e-01 0.000000e+00
nan nan 7.919989e-01 2.825000e+00 5.000000e-01 0.000000e+00
nan nan 7.919989e-01 2.875000e+00 5.000000e-01 0.000000e+00
4.572147e-01 4.732462e-03 8.019989e-01 2.500000e-02 5.000000e-01 0.000000e+00
1.414919e-01 2.572160e-03 8.019989e-01 7.500000e-02 5.000000e-01 0.000000e+00
1.794838e-02 9.088535e-04 8.019989e-01 1.250000e-01 5.000000e-01 0.000000e+00
6.760434e-03 5.594987e-04 8.019989e-01 1.750000e-01 5.000000e-01 0.000000e+00
5.383975e-03 4.998909e-04 8.019989e-01 2.250000e-01 5.000000e-01 0.000000e+00
5.269663e-03 4.851129e-04 8.019989e-01 2.750000e-01 5.000000e-01 0.000000e+00
4.794589e-03 4.530474e-04 8.019989e-01 3.250000e-01 5.000000e-01 0.000000e+00
3.189691e-03 3.611625e-04 8.019989e-01 3.750000e-01 5.000000e-01 0.000000e+00
2.858946e-03 3.369310e-04 8.019989e-01 4.250000e-01 5.000000e-01 0.000000e+00
3.294622e-03 3.594735e-04 8.019989e-01 4.750000e-01 5.000000e-01 0.000000e+00
2.268079e-03 2.928086e-04 8.019989e-01 5.250000e-01 5.000000e-01 0.000000e+00
2.391060e-03 3.086853e-04 8.019989e-01 5.750000e-01 5.000000e-01 0.000000e+00
2.548128e-03 3.236136e-04 8.019989e-01 6.250000e-01 5.000000e-01 0.000000e+00
2.322256e-03 3.160204e-04 8.019989e-01 6.750000e-01 5.000000e-01 0.000000e+00
1.785472e-03 2.823087e-04 8.019989e-01 7.250000e-01 5.000000e-01 0.000000e+00
1.954270e-03 3.170256e-04 8.019989e-01 7.750000e-01 5.000000e-01 0.000000e+00
1.956881e-03 3.356039e-04 8.019989e-01 8.250000e-01 5.000000e-01 0.000000e+00
2.036664e-03 3.600365e-04 8.019989e-01 8.750000e-01 5.000000e-01 0.000000e+00
1.037381e-03 2.772523e-04 8.019989e-01 9.250000e-01 5.000000e-01 0.000000e+00
1.973541e-03 4.028500e-04 8.019989e-01 9.750000e-01 5.000000e-01 0.000000e+00
9.138621e-04 2.889896e-04 8.019989e-01 1.025000e+00 5.000000e-01 0.000000e+00
4.567259e-04 2.283630e-04 8.019989e-01 1.075000e+00 5.000000e-01 0.000000e+00
5.353589e-04 2.676799e-04 8.019989e-01 1.125000e+00 5.000000e-01 0.000000e+00
1.467747e-03 5.189299e-04 8.019989e-01 1.175000e+00 5.000000e-01 0.000000e+00
0.000000e+00 0.000000e+00 8.019989e-01 1.225000e+00 5.000000e-01 0.000000e+00
0.000000e+00 0.000000e+00 8.019989e-01 1.275000e+00 5.000000e-01 0.000000e+00
0.000000e+00 0.000000e+00 8.019989e-01 1.325000e+00 5.000000e-01 0.000000e+00
nan nan 8.019989e-01 1.375000e+00 5.000000e-01 0.000000e+00
nan nan 8.019989e-01 1.425000e+00 5.000000e-01 0.000000e+00
nan nan 8.019989e-01 1.475000e+00 5.000000e-01 0.000000e+00
nan nan 8.019989e-01 1.525000e+00 5.000000e-01 0.000000e+00
nan nan 8.019989e-01 1.575000e+00 5.000000e-01 0.000000e+00
nan nan 8.019989e-01 1.625000e+00 5.000000e-01 0.000000e+00
nan nan 8.019989e-01 1.675000e+00 5.000000e-01 0.000000e+00
nan nan 8.019989e-01 1.725000e+00 5.000000e-01 0.000000e+00
nan nan 8.019989e-01 1.775000e+00 5.000000e-01 0.000000e+00
nan nan 8.019989e-01 1.825000e+00 5.000000e-01 0.000000e+00
nan nan 8.019989e-01 1.875000e+00 5.000000e-01 0.000000e+00
nan nan 8.019989e-01 1.925000e+00 5.000000e-01 0.000000e+00
nan nan 8.019989e-01 1.975000e+00 5.000000e-01 0.000000e+00
nan nan 8.019989e-01 2.025000e+00 5.000000e-01 0.000000e+00
nan nan 8.019989e-01 2.075000e+00 5.000000e-01 0.000000e+00
nan nan 8.019989e-01 2.125000e+00 5.000000e-01 0.000000e+00
nan nan 8.019989e-01 2.175000e+00 5.000000e-01 0.000000e+00
nan nan 8.019989e-01 2.225000e+00 5.000000e-01 0.000000e+00
nan nan 8.019989e-01 2.275000e+00 5.000000e-01 0.000000e+00
nan nan 8.019989e-01 2.325000e+00 5.000000e-01 0.000000e+00
nan nan 8.019989e-01 2.375000e+00 5.000000e-01 0.000000e+00
nan nan 8.019989e-01 2.425000e+00 5.000000e-01 0.000000e+00
nan nan 8.019989e-01 2.475000e+00 5.000000e-01 0.000000e+00
nan nan 8.019989e-01 2.525000e+00 5.000000e-01 0.000000e+00
nan nan 8.019989e-01 2.575000e+00 5.000000e-01 0.000000e+00
nan nan 8.019989e-01 2.625000e+00 5.000000e-01 0.000000e+00
nan nan 8.019989e-01 2.675000e+00 5.000000e-01 0.000000e+00
nan nan 8.019989e-01 2.725000e+00 5.000000e-01 0.000000e+00
nan nan 8.019989e-01 2.775000e+00 5.000000e-01 0.000000e+00
nan nan 8.019989e-01 2.825000e+00 5.000000e-01 0.000000e+00
nan nan 8.019989e-01 2.875000e+00 5.000000e-01 0.000000e+00
4.740160e-01 4.757328e-03 8.119989e-01 2.500000e-02 5.000000e-01 0.000000e+00
1.476823e-01 2.658468e-03 8.119989e-01 7.500000e-02 5.000000e-01 0.000000e+00
1.614456e-02 8.679387e-04 8.119989e-01 1.250000e-01 5.000000e-01 0.000000e+00
7.921266e-03 6.005111e-04 8.119989e-01 1.750000e-01 5.000000e-01 0.000000e+00
5.460425e-03 4.864544e-04 8.119989e-01 2.250000e-01 5.000000e-01 0.000000e+00
3.717961e-03 3.919083e-04 8.119989e-01 2.750000e-01 5.000000e-01 0.000000e+00
4.929727e-03 4.463178e-04 8.119989e-01 3.250000e-01 5.000000e-01 0.000000e+00
2.568853e-03 3.211075e-04 8.119989e-01 3.750000e-01 5.000000e-01 0.000000e+00
3.351525e-03 3.656826e-04 8.119989e-01 4.250000e-01 5.000000e-01 0.000000e+00
3.309030e-03 3.610460e-04 8.119989e-01 4.750000e-01 5.000000e-01 0.000000e+00
2.045777e-03 2.893172e-04 8.119989e-01 5.250000e-01 5.000000e-01 0.000000e+00
2.652248e-03 3.424051e-04 8.119989e-01 5.750000e-01 5.000000e-01 0.000000e+00
2.235177e-03 3.226215e-04 8.119989e-01 6.250000e-01 5.000000e-01 0.000000e+00
2.035837e-03 3.141374e-04 8.119989e-01 6.750000e-01 5.000000e-01 0.000000e+00
1.140413e-03 2.550050e-04 8.119989e-01 7.250000e-01 5.000000e-01 0.000000e+00
1.317489e-03 2.945999e-04 8.119989e-01 7.750000e-01 5.000000e-01 0.000000e+00
2.121040e-03 3.872487e-04 8.119989e-01 8.250000e-01 5.000000e-01 0.000000e+00
1.303884e-03 3.259719e-04 8.119989e-01 8.750000e-01 5.000000e-01 0.000000e+00
1.909520e-03 4.269836e-04 8.119989e-01 9.250000e-01 5.000000e-01 0.000000e+00
6.262456e-04 2.556652e-04 8.119989e-01 9.750000e-01 5.000000e-01 0.000000e+00
1.358745e-03 4.296748e-04 8.119989e-01 1.025000e+00 5.000000e-01 0.000000e+00
3.455400e-04 2.443337e-04 8.119989e-01 1.075000e+00 5.000000e-01 0.000000e+00
4.985687e-04 3.525414e-04 8.119989e-01 1.125000e+00 5.000000e-01 0.000000e+00
0.000000e+00 0.000000e+00 8.119989e-01 1.175000e+00 5.000000e-01 0.000000e+00
0.000000e+00 0.000000e+00 8.119989e-01 1.225000e+00 5.000000e-01 0.000000e+00
0.000000e+00 0.000000e+00 8.119989e-01 1.275000e+00 5.000000e-01 0.000000e+00
nan nan 8.119989e-01 1.325000e+00 5.000000e-01 0.000000e+00
nan nan 8.119989e-01 1.375000e+00 5.000000e-01 0.000000e+00
nan nan 8.119989e-01 1.425000e+00 5.000000e-01 0.000000e+00
nan nan 8.119989e-01 1.475000e+00 5.000000e-01 0.000000e+00
nan nan 8.119989e-01 1.525000e+00 5.000000e-01 0.000000e+00
nan nan 8.119989e-01 1.575000e+00 5.000000e-01 0.000000e+00
nan nan 8.119989e-01 1.625000e+00 5.000000e-01 0.000000e+00
nan nan 8.119989e-01 1.675000e+00 5.000000e-01 0.000000e+00
nan nan 8.119989e-01 1.725000e+00 5.000000e-01 0.000000e+00
nan nan 8.119989e-01 1.775000e+00 5.000000e-01 0.000000e+00
nan nan 8.119989e-01 1.825000e+00 5.000000e-01 0.000000e+00
nan nan 8.119989e-01 1.875000e+00 5.000000e-01 0.000000e+00
nan nan 8.119989e-01 1.925000e+00 5.000000e-01 0.000000e+00
nan nan 8.119989e-01 1.975000e+00 5.000000e-01 0.000000e+00
nan nan 8.119989e-01 2.025000e+00 5.000000e-01 0.000000e+00
nan nan 8.119989e-01 2.075000e+00 5.000000e-01 0.000000e+00
nan nan 8.119989e-01 2.125000e+00 5.000000e-01 0.000000e+00
nan nan 8.119989e-01 2.175000e+00 5.000000e-01 0.000000e+00
nan nan 8.119989e-01 2.225000e+00 5.000000e-01 0.000000e+00
nan nan 8.119989e-01 2.275000e+00 5.000000e-01 0.000000e+00
nan nan 8.119989e-01 2.325000e+00 5.000000e-01 0.000000e+00
nan nan 8.119989e-01 2.375000e+00 5.000000e-01 0.000000e+00
nan nan 8.119989e-01 2.425000e+00 5.000000e-01 0.000000e+00
nan nan 8.119989e-01 2.475000e+00 5.000000e-01 0.000000e+00
nan nan 8.119989e-01 2.525000e+00 5.000000e-01 0.000000e+00
nan nan 8.119989e-01 2.575000e+00 5.000000e-01 0.000000e+00
nan nan 8.119989e-01 2.625000e+00 5.000000e-01 0.000000e+00
nan nan 8.119989e-01 2.675000e+00 5.000000e-01 0.000000e+00
nan nan 8.119989e-01 2.725000e+00 5.000000e-01 0.000000e+00
nan nan 8.119989e-01 2.775000e+00 5.000000e-01 0.000000e+00
nan nan 8.119989e-01 2.825000e+00 5.000000e-01 0.000000e+00
nan nan 8.119989e-01 2.875000e+00 5.000000e-01 0.000000e+00
4.569922e-01 4.662710e-03 8.219989e-01 2.500000e-02 5.000000e-01 0.000000e+00
1.519042e-01 2.676133e-03 8.219989e-01 7.500000e-02 5.000000e-01 0.000000e+00
1.742579e-02 8.712915e-04 8.219989e-01 1.250000e-01 5.000000e-01 0.000000e+00
6.608439e-03 5.290998e-04 8.219989e-01 1.750000e-01 5.000000e-01 0.000000e+00
5.167978e-03 4.604011e-04 8.219989e-01 2.250000e-01 5.000000e-01 0.000000e+00
4.098036e-03 4.057673e-04 8.219989e-01 2.750000e-01 5.000000e-01 0.000000e+00
3.488492e-03 3.761745e-04 8.219989e-01 3.250000e-01 5.000000e-01 0.000000e+00
3.670688e-03 3.869255e-04 8.219989e-01 3.750000e-01 5.000000e-01 0.000000e+00
2.839322e-03 3.443193e-04 8.219989e-01 4.250000e-01 5.000000e-01 0.000000e+00
2.643950e-03 3.357829e-04 8.219989e-01 4.750000e-01 5.000000e-01 0.000000e+00
2.277985e-03 3.287993e-04 8.219989e-01 5.250000e-01 5.000000e-01 0.000000e+00
2.858363e-03 3.819660e-04 8.219989e-01 5.750000e-01 5.000000e-01 0.000000e+00
2.212829e-03 3.498800e-04 8.219989e-01 6.250000e-01 5.000000e-01 0.000000e+00
2.257259e-03 3.762111e-04 8.219989e-01 6.750000e-01 5.000000e-01 0.000000e+00
2.668110e-03 4.446865e-04 8.219989e-01 7.250000e-01 5.000000e-01 0.000000e+00
1.614508e-03 3.610158e-04 8.219989e-01 7.750000e-01 5.000000e-01 0.000000e+00
1.634675e-03 3.852981e-04 8.219989e-01 8.250000e-01 5.000000e-01 0.000000e+00
1.123778e-03 3.553716e-04 8.219989e-01 8.750000e-01 5.000000e-01 0.000000e+00
2.264141e-03 5.336649e-04 8.219989e-01 9.250000e-01 5.000000e-01 0.000000e+00
3.087705e-03 7.277808e-04 8.219989e-01 9.750000e-01 5.000000e-01 0.000000e+00
2.477518e-03 7.834623e-04 8.219989e-01 1.025000e+00 5.000000e-01 0.000000e+00
1.526987e-03 7.634966e-04 8.219989e-01 1.075000e+00 5.000000e-01 0.000000e+00
3.357876e-03 2.374377e-03 8.219989e-01 1.125000e+00 5.000000e-01 0.000000e+00
0.000000e+00 0.000000e+00 8.219989e-01 1.175000e+00 5.000000e-01 0.000000e+00
nan nan 8.219989e-01 1.225000e+00 5.000000e-01 0.000000e+00
nan nan 8.219989e-01 1.275000e+00 5.000000e-01 0.000000e+00
nan nan 8.219989e-01 1.325000e+00 5.000000e-01 0.000000e+00
nan nan 8.219989e-01 1.375000e+00 5.000000e-01 0.000000e+00
nan nan 8.219989e-01 1.425000e+00 5.000000e-01 0.000000e+00
nan nan 8.219989e-01 1.475000e+00 5.000000e-01 0.000000e+00
nan nan 8.219989e-01 1.525000e+00 5.000000e-01 0.000000e+00
nan nan 8.219989e-01 1.575000e+00 5.000000e-01 0.000000e+00
nan nan 8.219989e-01 1.625000e+00 5.000000e-01 0.000000e+00
nan nan 8.219989e-01 1.675000e+00 5.000000e-01 0.000000e+00
nan nan 8.219989e-01 1.725000e+00 5.000000e-01 0.000000e+00
nan nan 8.219989e-01 1.775000e+00 5.000000e-01 0.000000e+00
nan nan 8.219989e-01 1.825000e+00 5.000000e-01 0.000000e+00
nan nan 8.219989e-01 1.875000e+00 5.000000e-01 0.000000e+00
nan nan 8.219989e-01 1.925000e+00 5.000000e-01 0.000000e+00
nan nan 8.219989e-01 1.975000e+00 5.000000e-01 0.000000e+00
nan nan 8.219989e-01 2.025000e+00 5.000000e-01 0.000000e+00
nan nan 8.219989e-01 2.075000e+00 5.000000e-01 0.000000e+00
nan nan 8.219989e-01 2.125000e+00 5.000000e-01 0.000000e+00
nan nan 8.219989e-01 2.175000e+00 5.000000e-01 0.000000e+00
nan nan 8.219989e-01 2.225000e+00 5.000000e-01 0.000000e+00
nan nan 8.219989e-01 2.275000e+00 5.000000e-01 0.000000e+00
nan nan 8.219989e-01 2.325000e+00 5.000000e-01 0.000000e+00
nan nan 8.219989e-01 2.375000e+00 5.000000e-01 0.000000e+00
nan nan 8.219989e-01 2.425000e+00 5.000000e-01 0.000000e+00
nan nan 8.219989e-01 2.475000e+00 5.000000e-01 0.000000e+00
nan nan 8.219989e-01 2.525000e+00 5.000000e-01 0.000000e+00
nan nan 8.219989e-01 2.575000e+00 5.000000e-01 0.000000e+00
nan nan 8.219989e-01 2.625000e+00 5.000000e-01 0.000000e+00
nan nan 8.219989e-01 2.675000e+00 5.000000e-01 0.000000e+00
nan nan 8.219989e-01 2.725000e+00 5.000000e-01 0.000000e+00
nan nan 8.219989e-01 2.775000e+00 5.000000e-01 0.000000e+00
nan nan 8.219989e-01 2.825000e+00 5.000000e-01 0.000000e+00
nan nan 8.219989e-01 2.875000e+00 5.000000e-01 0.000000e+00
4.591042e-01 4.548495e-03 8.319989e-01 2.500000e-02 5.000000e-01 0.000000e+00
1.527302e-01 2.582355e-03 8.319989e-01 7.500000e-02 5.000000e-01 0.000000e+00
1.861914e-02 8.757724e-04 8.319989e-01 1.250000e-01 5.000000e-01 0.000000e+00
6.480527e-03 5.155641e-04 8.319989e-01 1.750000e-01 5.000000e-01 0.000000e+00
4.236013e-03 4.153762e-04 8.319989e-01 2.250000e-01 5.000000e-01 0.000000e+00
4.933090e-03 4.466219e-04 8.319989e-01 2.750000e-01 5.000000e-01 0.000000e+00
3.984089e-03 4.109284e-04 8.319989e-01 3.250000e-01 5.000000e-01 0.000000e+00
3.133635e-03 3.745419e-04 8.319989e-01 3.750000e-01 5.000000e-01 0.000000e+00
3.212741e-03 3.896030e-04 8.319989e-01 4.250000e-01 5.000000e-01 0.000000e+00
2.368466e-03 3.418599e-04 8.319989e-01 4.750000e-01 5.000000e-01 0.000000e+00
2.820504e-03 3.988808e-04 8.319989e-01 5.250000e-01 5.000000e-01 0.000000e+00
2.725027e-03 4.204822e-04 8.319989e-01 5.750000e-01 5.000000e-01 0.000000e+00
2.354788e-03 4.038444e-04 8.319989e-01 6.250000e-01 5.000000e-01 0.000000e+00
2.008188e-03 4.099210e-04 8.319989e-01 6.750000e-01 5.000000e-01 0.000000e+00
1.498232e-03 3.745589e-04 8.319989e-01 7.250000e-01 5.000000e-01 0.000000e+00
1.429815e-03 3.821350e-04 8.319989e-01 7.750000e-01 5.000000e-01 0.000000e+00
5.437938e-04 2.718969e-04 8.319989e-01 8.250000e-01 5.000000e-01 0.000000e+00
9.924155e-04 4.051522e-04 8.319989e-01 8.750000e-01 5.000000e-01 0.000000e+00
1.331087e-03 5.434190e-04 8.319989e-01 9.250000e-01 5.000000e-01 0.000000e+00
1.608253e-03 8.041286e-04 8.319989e-01 9.750000e-01 5.000000e-01 0.000000e+00
3.400518e-03 1.700259e-03 8.319989e-01 1.025000e+00 5.000000e-01 0.000000e+00
0.000000e+00 0.000000e+00 8.319989e-01 1.075000e+00 5.000000e-01 0.000000e+00
nan nan 8.319989e-01 1.125000e+00 5.000000e-01 0.000000e+00
nan nan 8.319989e-01 1.175000e+00 5.000000e-01 0.000000e+00
nan nan 8.319989e-01 1.225000e+00 5.000000e-01 0.000000e+00
nan nan 8.319989e-01 1.275000e+00 5.000000e-01 0.000000e+00
nan nan 8.319989e-01 1.325000e+00 5.000000e-01 0.000000e+00
nan nan 8.319989e-01 1.375000e+00 5.000000e-01 0.000000e+00
nan nan 8.319989e-01 1.425000e+00 5.000000e-01 0.000000e+00
nan nan 8.319989e-01 1.475000e+00 5.000000e-01 0.000000e+00
nan nan 8.319989e-01 1.525000e+00 5.000000e-01 0.000000e+00
nan nan 8.319989e-01 1.575000e+00 5.000000e-01 0.000000e+00
nan nan 8.319989e-01 1.625000e+00 5.000000e-01 0.000000e+00
nan nan 8.319989e-01 1.675000e+00 5.000000e-01 0.000000e+00
nan nan 8.319989e-01 1.725000e+00 5.000000e-01 0.000000e+00
nan nan 8.319989e-01 1.775000e+00 5.000000e-01 0.000000e+00
nan nan 8.319989e-01 1.825000e+00 5.000000e-01 0.000000e+00
nan nan 8.319989e-01 1.875000e+00 5.000000e-01 0.000000e+00
nan nan 8.319989e-01 1.925000e+00 5.000000e-01 0.000000e+00
nan nan 8.319989e-01 1.975000e+00 5.000000e-01 0.000000e+00
nan nan 8.319989e-01 2.025000e+00 5.000000e-01 0.000000e+00
nan nan 8.319989e-01 2.075000e+00 5.000000e-01 0.000000e+00
nan nan 8.319989e-01 2.125000e+00 5.000000e-01 0.000000e+00
nan nan 8.319989e-01 2.175000e+00 5.000000e-01 0.000000e+00
nan nan 8.319989e-01 2.225000e+00 5.000000e-01 0.000000e+00
nan nan 8.319989e-01 2.275000e+00 5.000000e-01 0.000000e+00
nan nan 8.319989e-01 2.325000e+00 5.000000e-01 0.000000e+00
nan nan 8.319989e-01 2.375000e+00 5.000000e-01 0.000000e+00
nan nan 8.319989e-01 2.425000e+00 5.000000e-01 0.000000e+00
nan nan 8.319989e-01 2.475000e+00 5.000000e-01 0.000000e+00
nan nan 8.319989e-01 2.525000e+00 5.000000e-01 0.000000e+00
nan nan 8.319989e-01 2.575000e+00 5.000000e-01 0.000000e+00
nan nan 8.319989e-01 2.625000e+00 5.000000e-01 0.000000e+00
nan nan 8.319989e-01 2.675000e+00 5.000000e-01 0.000000e+00
nan nan 8.319989e-01 2.725000e+00 5.000000e-01 0.000000e+00
nan nan 8.319989e-01 2.775000e+00 5.000000e-01 0.000000e+00
nan nan 8.319989e-01 2.825000e+00 5.000000e-01 0.000000e+00
nan nan 8.319989e-01 2.875000e+00 5.000000e-01 0.000000e+00
4.645708e-01 4.447344e-03 8.419989e-01 2.500000e-02 5.000000e-01 0.000000e+00
1.540285e-01 2.557221e-03 8.419989e-01 7.500000e-02 5.000000e-01 0.000000e+00
2.089860e-02 9.308995e-04 8.419989e-01 1.250000e-01 5.000000e-01 0.000000e+00
5.219492e-03 4.649906e-04 8.419989e-01 1.750000e-01 5.000000e-01 0.000000e+00
6.663365e-03 5.334974e-04 8.419989e-01 2.250000e-01 5.000000e-01 0.000000e+00
3.449147e-03 3.905400e-04 8.419989e-01 2.750000e-01 5.000000e-01 0.000000e+00
3.348684e-03 4.002454e-04 8.419989e-01 3.250000e-01 5.000000e-01 0.000000e+00
4.828512e-03 4.980245e-04 8.419989e-01 3.750000e-01 5.000000e-01 0.000000e+00
2.972389e-03 4.044922e-04 8.419989e-01 4.250000e-01 5.000000e-01 0.000000e+00
2.043069e-03 3.611679e-04 8.419989e-01 4.750000e-01 5.000000e-01 0.000000e+00
3.118670e-03 4.812227e-04 8.419989e-01 5.250000e-01 5.000000e-01 0.000000e+00
1.960244e-03 4.001347e-04 8.419989e-01 5.750000e-01 5.000000e-01 0.000000e+00
2.521768e-03 4.765714e-04 8.419989e-01 6.250000e-01 5.000000e-01 0.000000e+00
1.539769e-03 4.115218e-04 8.419989e-01 6.750000e-01 5.000000e-01 0.000000e+00
1.978634e-03 4.946604e-04 8.419989e-01 7.250000e-01 5.000000e-01 0.000000e+00
1.321788e-03 4.673237e-04 8.419989e-01 7.750000e-01 5.000000e-01 0.000000e+00
2.282326e-03 7.217377e-04 8.419989e-01 8.250000e-01 5.000000e-01 0.000000e+00
1.962195e-03 8.010637e-04 8.419989e-01 8.750000e-01 5.000000e-01 0.000000e+00
4.646586e-03 2.323299e-03 8.419989e-01 9.250000e-01 5.000000e-01 0.000000e+00
0.000000e+00 0.000000e+00 8.419989e-01 9.750000e-01 5.000000e-01 0.000000e+00
nan nan 8.419989e-01 1.025000e+00 5.000000e-01 0.000000e+00
nan nan 8.419989e-01 1.075000e+00 5.000000e-01 0.000000e+00
nan nan 8.419989e-01 1.125000e+00 5.000000e-01 0.000000e+00
nan nan 8.419989e-01 1.175000e+00 5.000000e-01 0.000000e+00
nan nan 8.419989e-01 1.225000e+00 5.000000e-01 0.000000e+00
nan nan 8.419989e-01 1.275000e+00 5.000000e-01 0.000000e+00
nan nan 8.419989e-01 1.325000e+00 5.000000e-01 0.000000e+00
nan nan 8.419989e-01 1.375000e+00 5.000000e-01 0.000000e+00
nan nan 8.419989e-01 1.425000e+00 5.000000e-01 0.000000e+00
nan nan 8.419989e-01 1.475000e+00 5.000000e-01 0.000000e+00
nan nan 8.419989e-01 1.525000e+00 5.000000e-01 0.000000e+00
nan nan 8.419989e-01 1.575000e+00 5.000000e-01 0.000000e+00
nan nan 8.419989e-01 1.625000e+00 5.000000e-01 0.000000e+00
nan nan 8.419989e-01 1.675000e+00 5.000000e-01 0.000000e+00
nan nan 8.419989e-01 1.725000e+00 5.000000e-01 0.000000e+00
nan nan 8.419989e-01 1.775000e+00 5.000000e-01 0.000000e+00
nan nan 8.419989e-01 1.825000e+00 5.000000e-01 0.000000e+00
nan nan 8.419989e-01 1.875000e+00 5.000000e-01 0.000000e+00
nan nan 8.419989e-01 1.925000e+00 5.000000e-01 0.000000e+00
nan nan 8.419989e-01 1.975000e+00 5.000000e-01 0.000000e+00
nan nan 8.419989e-01 2.025000e+00 5.000000e-01 0.000000e+00
nan nan 8.419989e-01 2.075000e+00 5.000000e-01 0.000000e+00
nan nan 8.419989e-01 2.125000e+00 5.000000e-01 0.000000e+00
nan nan 8.419989e-01 2.175000e+00 5.000000e-01 0.000000e+00
nan nan 8.419989e-01 2.225000e+00 5.000000e-01 0.000000e+00
nan nan 8.419989e-01 2.275000e+00 5.000000e-01 0.000000e+00
nan nan 8.419989e-01 2.325000e+00 5.000000e-01 0.000000e+00
nan nan 8.419989e-01 2.375000e+00 5.000000e-01 0.000000e+00
nan nan 8.419989e-01 2.425000e+00 5.000000e-01 0.000000e+00
nan nan 8.419989e-01 2.475000e+00 5.000000e-01 0.000000e+00
nan nan 8.419989e-01 2.525000e+00 5.000000e-01 0.000000e+00
nan nan 8.419989e-01 2.575000e+00 5.000000e-01 0.000000e+00
nan nan 8.419989e-01 2.625000e+00 5.000000e-01 0.000000e+00
nan nan 8.419989e-01 2.675000e+00 5.000000e-01 0.000000e+00
nan nan 8.419989e-01 2.725000e+00 5.000000e-01 0.000000e+00
nan nan 8.419989e-01 2.775000e+00 5.000000e-01 0.000000e+00
nan nan 8.419989e-01 2.825000e+00 5.000000e-01 0.000000e+00
nan nan 8.419989e-01 2.875000e+00 5.000000e-01 0.000000e+00
4.541904e-01 4.383466e-03 8.519989e-01 2.500000e-02 5.000000e-01 0.000000e+00
1.594689e-01 2.597205e-03 8.519989e-01 7.500000e-02 5.000000e-01 0.000000e+00
2.178972e-02 9.667642e-04 8.519989e-01 1.250000e-01 5.000000e-01 0.000000e+00
4.870176e-03 4.686343e-04 8.519989e-01 1.750000e-01 5.000000e-01 0.000000e+00
6.360456e-03 5.536081e-04 8.519989e-01 2.250000e-01 5.000000e-01 0.000000e+00
4.779807e-03 4.930009e-04 8.519989e-01 2.750000e-01 5.000000e-01 0.000000e+00
4.297891e-03 4.930029e-04 8.519989e-01 3.250000e-01 5.000000e-01 0.000000e+00
2.935885e-03 4.328738e-04 8.519989e-01 3.750000e-01 5.000000e-01 0.000000e+00
3.124839e-03 4.710882e-04 8.519989e-01 4.250000e-01 5.000000e-01 0.000000e+00
3.429297e-03 5.422211e-04 8.519989e-01 4.750000e-01 5.000000e-01 0.000000e+00
2.275317e-03 4.644486e-04 8.519989e-01 5.250000e-01 5.000000e-01 0.000000e+00
3.489279e-03 5.984082e-04 8.519989e-01 5.750000e-01 5.000000e-01 0.000000e+00
2.152401e-03 5.381024e-04 8.519989e-01 6.250000e-01 5.000000e-01 0.000000e+00
1.623698e-03 5.134608e-04 8.519989e-01 6.750000e-01 5.000000e-01 0.000000e+00
4.048106e-04 2.862443e-04 8.519989e-01 7.250000e-01 5.000000e-01 0.000000e+00
2.198322e-03 8.974642e-04 8.519989e-01 7.750000e-01 5.000000e-01 0.000000e+00
1.587503e-03 1.122534e-03 8.519989e-01 8.250000e-01 5.000000e-01 0.000000e+00
0.000000e+00 0.000000e+00 8.519989e-01 8.750000e-01 5.000000e-01 0.000000e+00
nan nan 8.519989e-01 9.250000e-01 5.000000e-01 0.000000e+00
nan nan 8.519989e-01 9.750000e-01 5.000000e-01 0.000000e+00
nan nan 8.519989e-01 1.025000e+00 5.000000e-01 0.000000e+00
nan nan 8.519989e-01 1.075000e+00 5.000000e-01 0.000000e+00
nan nan 8.519989e-01 1.125000e+00 5.000000e-01 0.000000e+00
nan nan 8.519989e-01 1.175000e+00 5.000000e-01 0.000000e+00
nan nan 8.519989e-01 1.225000e+00 5.000000e-01 0.000000e+00
nan nan 8.519989e-01 1.275000e+00 5.000000e-01 0.000000e+00
nan nan 8.519989e-01 1.325000e+00 5.000000e-01 0.000000e+00
nan nan 8.519989e-01 1.375000e+00 5.000000e-01 0.000000e+00
nan nan 8.519989e-01 1.425000e+00 5.000000e-01 0.000000e+00
nan nan 8.519989e-01 1.475000e+00 5.000000e-01 0.000000e+00
nan nan 8.519989e-01 1.525000e+00 5.000000e-01 0.000000e+00
nan nan 8.519989e-01 1.575000e+00 5.000000e-01 0.000000e+00
nan nan 8.519989e-01 1.625000e+00 5.000000e-01 0.000000e+00
nan nan 8.519989e-01 1.675000e+00 5.000000e-01 0.000000e+00
nan nan 8.519989e-01 1.725000e+00 5.000000e-01 0.000000e+00
nan nan 8.519989e-01 1.775000e+00 5.000000e-01 0.000000e+00
nan nan 8.519989e-01 1.825000e+00 5.000000e-01 0.000000e+00
nan nan 8.519989e-01 1.875000e+00 5.000000e-01 0.000000e+00
nan nan 8.519989e-01 1.925000e+00 5.000000e-01 0.000000e+00
nan nan 8.519989e-01 1.975000e+00 5.000000e-01 0.000000e+00
nan nan 8.519989e-01 2.025000e+00 5.000000e-01 0.000000e+00
nan nan 8.519989e-01 2.075000e+00 5.000000e-01 0.000000e+00
nan nan 8.519989e-01 2.125000e+00 5.000000e-01 0.000000e+00
nan nan 8.519989e-01 2.175000e+00 5.000000e-01 0.000000e+00
nan nan 8.519989e-01 2.225000e+00 5.000000e-01 0.000000e+00
nan nan 8.519989e-01 2.275000e+00 5.000000e-01 0.000000e+00
nan nan 8.519989e-01 2.325000e+00 5.000000e-01 0.000000e+00
nan nan 8.519989e-01 2.375000e+00 5.000000e-01 0.000000e+00
nan nan 8.519989e-01 2.425000e+00 5.000000e-01 0.000000e+00
nan nan 8.519989e-01 2.475000e+00 5.000000e-01 0.000000e+00
nan nan 8.519989e-01 2.525000e+00 5.000000e-01 0.000000e+00
nan nan 8.519989e-01 2.575000e+00 5.000000e-01 0.000000e+00
nan nan 8.519989e-01 2.625000e+00 5.000000e-01 0.000000e+00
nan nan 8.519989e-01 2.675000e+00 5.000000e-01 0.000000e+00
nan nan 8.519989e-01 2.725000e+00 5.000000e-01 0.000000e+00
nan nan 8.519989e-01 2.775000e+00 5.000000e-01 0.000000e+00
nan nan 8.519989e-01 2.825000e+00 5.000000e-01 0.000000e+00
nan nan 8.519989e-01 2.875000e+00 5.000000e-01 0.000000e+00
4.589264e-01 4.473989e-03 8.619989e-01 2.500000e-02 5.000000e-01 0.000000e+00
1.603741e-01 2.733566e-03 8.619989e-01 7.500000e-02 5.000000e-01 0.000000e+00
1.917481e-02 9.684760e-04 8.619989e-01 1.250000e-01 5.000000e-01 0.000000e+00
4.883276e-03 5.036728e-04 8.619989e-01 1.750000e-01 5.000000e-01 0.000000e+00
4.420980e-03 5.005783e-04 8.619989e-01 2.250000e-01 5.000000e-01 0.000000e+00
4.948223e-03 5.602774e-04 8.619989e-01 2.750000e-01 5.000000e-01 0.000000e+00
3.881649e-03 5.382892e-04 8.619989e-01 3.250000e-01 5.000000e-01 0.000000e+00
3.848243e-03 5.673939e-04 8.619989e-01 3.750000e-01 5.000000e-01 0.000000e+00
2.927623e-03 5.175366e-04 8.619989e-01 4.250000e-01 5.000000e-01 0.000000e+00
2.041607e-03 4.812126e-04 8.619989e-01 4.750000e-01 5.000000e-01 0.000000e+00
2.648111e-04 1.872497e-04 8.619989e-01 5.250000e-01 5.000000e-01 0.000000e+00
6.160890e-04 3.080449e-04 8.619989e-01 5.750000e-01 5.000000e-01 0.000000e+00
1.795254e-03 6.347197e-04 8.619989e-01 6.250000e-01 5.000000e-01 0.000000e+00
1.291500e-03 6.457501e-04 8.619989e-01 6.750000e-01 5.000000e-01 0.000000e+00
1.718937e-03 1.215472e-03 8.619989e-01 7.250000e-01 5.000000e-01 0.000000e+00
0.000000e+00 0.000000e+00 8.619989e-01 7.750000e-01 5.000000e-01 0.000000e+00
nan nan 8.619989e-01 8.250000e-01 5.000000e-01 0.000000e+00
nan nan 8.619989e-01 8.750000e-01 5.000000e-01 0.000000e+00
nan nan 8.619989e-01 9.250000e-01 5.000000e-01 0.000000e+00
nan nan 8.619989e-01 9.750000e-01 5.000000e-01 0.000000e+00
nan nan 8.619989e-01 1.025000e+00 5.000000e-01 0.000000e+00
nan nan 8.619989e-01 1.075000e+00 5.000000e-01 0.000000e+00
nan nan 8.619989e-01 1.125000e+00 5.000000e-01 0.000000e+00
nan nan 8.619989e-01 1.175000e+00 5.000000e-01 0.000000e+00
nan nan 8.619989e-01 1.225000e+00 5.000000e-01 0.000000e+00
nan nan 8.619989e-01 1.275000e+00 5.000000e-01 0.000000e+00
nan nan 8.619989e-01 1.325000e+00 5.000000e-01 0.000000e+00
nan nan 8.619989e-01 1.375000e+00 5.000000e-01 0.000000e+00
nan nan 8.619989e-01 1.425000e+00 5.000000e-01 0.000000e+00
nan nan 8.619989e-01 1.475000e+00 5.000000e-01 0.000000e+00
nan nan 8.619989e-01 1.525000e+00 5.000000e-01 0.000000e+00
nan nan 8.619989e-01 1.575000e+00 5.000000e-01 0.000000e+00
nan nan 8.619989e-01 1.625000e+00 5.000000e-01 0.000000e+00
nan nan 8.619989e-01 1.675000e+00 5.000000e-01 0.000000e+00
nan nan 8.619989e-01 1.725000e+00 5.000000e-01 0.000000e+00
nan nan 8.619989e-01 1.775000e+00 5.000000e-01 0.000000e+00
nan nan 8.619989e-01 1.825000e+00 5.000000e-01 0.000000e+00
nan nan 8.619989e-01 1.875000e+00 5.000000e-01 0.000000e+00
nan nan 8.619989e-01 1.925000e+00 5.000000e-01 0.000000e+00
nan nan 8.619989e-01 1.975000e+00 5.000000e-01 0.000000e+00
nan nan 8.619989e-01 2.025000e+00 5.000000e-01 0.000000e+00
nan nan 8.619989e-01 2.075000e+00 5.000000e-01 0.000000e+00
nan nan 8.619989e-01 2.125000e+00 5.000000e-01 0.000000e+00
nan nan 8.619989e-01 2.175000e+00 5.000000e-01 0.000000e+00
nan nan 8.619989e-01 2.225000e+00 5.000000e-01 0.000000e+00
nan nan 8.619989e-01 2.275000e+00 5.000000e-01 0.000000e+00
nan nan 8.619989e-01 2.325000e+00 5.000000e-01 0.000000e+00
nan nan 8.619989e-01 2.375000e+00 5.000000e-01 0.000000e+00
nan nan 8.619989e-01 2.425000e+00 5.000000e-01 0.000000e+00
nan nan 8.619989e-01 2.475000e+00 5.000000e-01 0.000000e+00
nan nan 8.619989e-01 2.525000e+00 5.000000e-01 0.000000e+00
nan nan 8.619989e-01 2.575000e+00 5.000000e-01 0.000000e+00
nan nan 8.619989e-01 2.625000e+00 5.000000e-01 0.000000e+00
nan nan 8.619989e-01 2.675000e+00 5.000000e-01 0.000000e+00
nan nan 8.619989e-01 2.725000e+00 5.000000e-01 0.000000e+00
nan nan 8.619989e-01 2.775000e+00 5.000000e-01 0.000000e+00
nan nan 8.619989e-01 2.825000e+00 5.000000e-01 0.000000e+00
nan nan 8.619989e-01 2.875000e+00 5.000000e-01 0.000000e+00
4.535524e-01 4.725540e-03 8.719988e-01 2.500000e-02 5.000000e-01 0.000000e+00
1.717995e-01 3.027575e-03 8.719988e-01 7.500000e-02 5.000000e-01 0.000000e+00
2.056160e-02 1.089764e-03 8.719988e-01 1.250000e-01 5.000000e-01 0.000000e+00
5.411752e-03 5.904718e-04 8.719988e-01 1.750000e-01 5.000000e-01 0.000000e+00
4.997096e-03 6.059887e-04 8.719988e-01 2.250000e-01 5.000000e-01 0.000000e+00
4.063185e-03 5.864719e-04 8.719988e-01 2.750000e-01 5.000000e-01 0.000000e+00
4.055696e-03 6.258093e-04 8.719988e-01 3.250000e-01 5.000000e-01 0.000000e+00
1.753882e-03 4.384721e-04 8.719988e-01 3.750000e-01 5.000000e-01 0.000000e+00
3.643545e-03 6.885672e-04 8.719988e-01 4.250000e-01 5.000000e-01 0.000000e+00
3.693758e-03 7.875138e-04 8.719988e-01 4.750000e-01 5.000000e-01 0.000000e+00
4.176107e-03 9.338095e-04 8.719988e-01 5.250000e-01 5.000000e-01 0.000000e+00
7.367037e-04 5.209282e-04 8.719988e-01 5.750000e-01 5.000000e-01 0.000000e+00
0.000000e+00 0.000000e+00 8.719988e-01 6.250000e-01 5.000000e-01 0.000000e+00
0.000000e+00 0.000000e+00 8.719988e-01 6.750000e-01 5.000000e-01 0.000000e+00
nan nan 8.719988e-01 7.250000e-01 5.000000e-01 0.000000e+00
nan nan 8.719988e-01 7.750000e-01 5.000000e-01 0.000000e+00
nan nan 8.719988e-01 8.250000e-01 5.000000e-01 0.000000e+00
nan nan 8.719988e-01 8.750000e-01 5.000000e-01 0.000000e+00
nan nan 8.719988e-01 9.250000e-01 5.000000e-01 0.000000e+00
nan nan 8.719988e-01 9.750000e-01 5.000000e-01 0.000000e+00
nan nan 8.719988e-01 1.025000e+00 5.000000e-01 0.000000e+00
nan nan 8.719988e-01 1.075000e+00 5.000000e-01 0.000000e+00
nan nan 8.719988e-01 1.125000e+00 5.000000e-01 0.000000e+00
nan nan 8.719988e-01 1.175000e+00 5.000000e-01 0.000000e+00
nan nan 8.719988e-01 1.225000e+00 5.000000e-01 0.000000e+00
nan nan 8.719988e-01 1.275000e+00 5.000000e-01 0.000000e+00
nan nan 8.719988e-01 1.325000e+00 5.000000e-01 0.000000e+00
nan nan 8.719988e-01 1.375000e+00 5.000000e-01 0.000000e+00
nan nan 8.719988e-01 1.425000e+00 5.000000e-01 0.000000e+00
nan nan 8.719988e-01 1.475000e+00 5.000000e-01 0.000000e+00
nan nan 8.719988e-01 1.525000e+00 5.000000e-01 0.000000e+00
nan nan 8.719988e-01 1.575000e+00 5.000000e-01 0.000000e+00
nan nan 8.719988e-01 1.625000e+00 5.000000e-01 0.000000e+00
nan nan 8.719988e-01 1.675000e+00 5.000000e-01 0.000000e+00
nan nan 8.719988e-01 1.725000e+00 5.000000e-01 0.000000e+00
nan nan 8.719988e-01 1.775000e+00 5.000000e-01 0.000000e+00
nan nan 8.719988e-01 1.825000e+00 5.000000e-01 0.000000e+00
nan nan 8.719988e-01 1.875000e+00 5.000000e-01 0.000000e+00
nan nan 8.719988e-01 1.925000e+00 5.000000e-01 0.000000e+00
nan nan 8.719988e-01 1.975000e+00 5.000000e-01 0.000000e+00
nan nan 8.719988e-01 2.025000e+00 5.000000e-01 0.000000e+00
nan nan 8.719988e-01 2.075000e+00 5.000000e-01 0.000000e+00
nan nan 8.719988e-01 2.125000e+00 5.000000e-01 0.000000e+00
nan nan 8.719988e-01 2.175000e+00 5.000000e-01 0.000000e+00
nan nan 8.719988e-01 2.225000e+00 5.000000e-01 0.000000e+00
nan nan 8.719988e-01 2.275000e+00 5.000000e-01 0.000000e+00
nan nan 8.719988e-01 2.325000e+00 5.000000e-01 0.000000e+00
nan nan 8.719988e-01 2.375000e+00 5.000000e-01 0.000000e+00
nan nan 8.719988e-01 2.425000e+00 5.000000e-01 0.000000e+00
nan nan 8.719988e-01 2.475000e+00 5.000000e-01 0.000000e+00
nan nan 8.719988e-01 2.525000e+00 5.000000e-01 0.000000e+00
nan nan 8.719988e-01 2.575000e+00 5.000000e-01 0.000000e+00
nan nan 8.719988e-01 2.625000e+00 5.000000e-01 0.000000e+00
nan nan 8.719988e-01 2.675000e+00 5.000000e-01 0.000000e+00
nan nan 8.719988e-01 2.725000e+00 5.000000e-01 0.000000e+00
nan nan 8.719988e-01 2.775000e+00 5.000000e-01 0.000000e+00
nan nan 8.719988e-01 2.825000e+00 5.000000e-01 0.000000e+00
nan nan 8.719988e-01 2.875000e+00 5.000000e-01 0.000000e+00
4.622735e-01 5.161937e-03 8.819988e-01 2.500000e-02 5.000000e-01 0.000000e+00
1.761832e-01 3.394428e-03 8.819988e-01 7.500000e-02 5.000000e-01 0.000000e+00
2.408175e-02 1.363363e-03 8.819988e-01 1.250000e-01 5.000000e-01 0.000000e+00
6.868176e-03 7.678877e-04 8.819988e-01 1.750000e-01 5.000000e-01 0.000000e+00
5.719546e-03 7.383921e-04 8.819988e-01 2.250000e-01 5.000000e-01 0.000000e+00
4.550940e-03 7.195687e-04 8.819988e-01 2.750000e-01 5.000000e-01 0.000000e+00
2.139218e-03 5.348059e-04 8.819988e-01 3.250000e-01 5.000000e-01 0.000000e+00
4.120807e-03 8.081592e-04 8.819988e-01 3.750000e-01 5.000000e-01 0.000000e+00
4.340591e-03 1.023089e-03 8.819988e-01 4.250000e-01 5.000000e-01 0.000000e+00
6.882896e-04 4.866942e-04 8.819988e-01 4.750000e-01 5.000000e-01 0.000000e+00
2.805985e-03 1.402993e-03 8.819988e-01 5.250000e-01 5.000000e-01 0.000000e+00
2.369551e-02 1.675525e-02 8.819988e-01 5.750000e-01 5.000000e-01 0.000000e+00
nan nan 8.819988e-01 6.250000e-01 5.000000e-01 0.000000e+00
nan nan 8.819988e-01 6.750000e-01 5.000000e-01 0.000000e+00
nan nan 8.819988e-01 7.250000e-01 5.000000e-01 0.000000e+00
nan nan 8.819988e-01 7.750000e-01 5.000000e-01 0.000000e+00
nan nan 8.819988e-01 8.250000e-01 5.000000e-01 0.000000e+00
nan nan 8.819988e-01 8.750000e-01 5.000000e-01 0.000000e+00
nan nan 8.819988e-01 9.250000e-01 5.000000e-01 0.000000e+00
nan nan 8.819988e-01 9.750000e-01 5.000000e-01 0.000000e+00
nan nan 8.819988e-01 1.025000e+00 5.000000e-01 0.000000e+00
nan nan 8.819988e-01 1.075000e+00 5.000000e-01 0.000000e+00
nan nan 8.819988e-01 1.125000e+00 5.000000e-01 0.000000e+00
nan nan 8.819988e-01 1.175000e+00 5.000000e-01 0.000000e+00
nan nan 8.819988e-01 1.225000e+00 5.000000e-01 0.000000e+00
nan nan 8.819988e-01 1.275000e+00 5.000000e-01 0.000000e+00
nan nan 8.819988e-01 1.325000e+00 5.000000e-01 0.000000e+00
nan nan 8.819988e-01 1.375000e+00 5.000000e-01 0.000000e+00
nan nan 8.819988e-01 1.425000e+00 5.000000e-01 0.000000e+00
nan nan 8.819988e-01 1.475000e+00 5.000000e-01 0.000000e+00
nan nan 8.819988e-01 1.525000e+00 5.000000e-01 0.000000e+00
nan nan 8.819988e-01 1.575000e+00 5.000000e-01 0.000000e+00
nan nan 8.819988e-01 1.625000e+00 5.000000e-01 0.000000e+00
nan nan 8.819988e-01 1.675000e+00 5.000000e-01 0.000000e+00
nan nan 8.819988e-01 1.725000e+00 5.000000e-01 0.000000e+00
nan nan 8.819988e-01 1.775000e+00 5.000000e-01 0.000000e+00
nan nan 8.819988e-01 1.825000e+00 5.000000e-01 0.000000e+00
nan nan 8.819988e-01 1.875000e+00 5.000000e-01 0.000000e+00
nan nan 8.819988e-01 1.925000e+00 5.000000e-01 0.000000e+00
nan nan 8.819988e-01 1.975000e+00 5.000000e-01 0.000000e+00
nan nan 8.819988e-01 2.025000e+00 5.000000e-01 0.000000e+00
nan nan 8.819988e-01 2.075000e+00 5.000000e-01 0.000000e+00
nan nan 8.819988e-01 2.125000e+00 5.000000e-01 0.000000e+00
nan nan 8.819988e-01 2.175000e+00 5.000000e-01 0.000000e+00
nan nan 8.819988e-01 2.225000e+00 5.000000e-01 0.000000e+00
nan nan 8.819988e-01 2.275000e+00 5.000000e-01 0.000000e+00
nan nan 8.819988e-01 2.325000e+00 5.000000e-01 0.000000e+00
nan nan 8.819988e-01 2.375000e+00 5.000000e-01 0.000000e+00
nan nan 8.819988e-01 2.425000e+00 5.000000e-01 0.000000e+00
nan nan 8.819988e-01 2.475000e+00 5.000000e-01 0.000000e+00
nan nan 8.819988e-01 2.525000e+00 5.000000e-01 0.000000e+00
nan nan 8.819988e-01 2.575000e+00 5.000000e-01 0.000000e+00
nan nan 8.819988e-01 2.625000e+00 5.000000e-01 0.000000e+00
nan nan 8.819988e-01 2.675000e+00 5.000000e-01 0.000000e+00
nan nan 8.819988e-01 2.725000e+00 5.000000e-01 0.000000e+00
nan nan 8.819988e-01 2.775000e+00 5.000000e-01 0.000000e+00
nan nan 8.819988e-01 2.825000e+00 5.000000e-01 0.000000e+00
nan nan 8.819988e-01 2.875000e+00 5.000000e-01 0.000000e+00
4.731427e-01 6.009901e-03 8.919988e-01 2.500000e-02 5.000000e-01 0.000000e+00
1.987425e-01 4.169534e-03 8.919988e-01 7.500000e-02 5.000000e-01 0.000000e+00
3.063679e-02 1.774746e-03 8.919988e-01 1.250000e-01 5.000000e-01 0.000000e+00
7.981441e-03 9.539669e-04 8.919988e-01 1.750000e-01 5.000000e-01 0.000000e+00
4.428352e-03 7.594580e-04 8.919988e-01 2.250000e-01 5.000000e-01 0.000000e+00
3.998389e-03 8.524615e-04 8.919988e-01 2.750000e-01 5.000000e-01 0.000000e+00
3.180508e-03 8.500288e-04 8.919988e-01 3.250000e-01 5.000000e-01 0.000000e+00
3.349898e-03 1.059333e-03 8.919988e-01 3.750000e-01 5.000000e-01 0.000000e+00
0.000000e+00 0.000000e+00 8.919988e-01 4.250000e-01 5.000000e-01 0.000000e+00
0.000000e+00 0.000000e+00 8.919988e-01 4.750000e-01 5.000000e-01 0.000000e+00
nan nan 8.919988e-01 5.250000e-01 5.000000e-01 0.000000e+00
nan nan 8.919988e-01 5.750000e-01 5.000000e-01 0.000000e+00
nan nan 8.919988e-01 6.250000e-01 5.000000e-01 0.000000e+00
nan nan 8.919988e-01 6.750000e-01 5.000000e-01 0.000000e+00
nan nan 8.919988e-01 7.250000e-01 5.000000e-01 0.000000e+00
nan nan 8.919988e-01 7.750000e-01 5.000000e-01 0.000000e+00
nan nan 8.919988e-01 8.250000e-01 5.000000e-01 0.000000e+00
nan nan 8.919988e-01 8.750000e-01 5.000000e-01 0.000000e+00
nan nan 8.919988e-01 9.250000e-01 5.000000e-01 0.000000e+00
nan nan 8.919988e-01 9.750000e-01 5.000000e-01 0.000000e+00
nan nan 8.919988e-01 1.025000e+00 5.000000e-01 0.000000e+00
nan nan 8.919988e-01 1.075000e+00 5.000000e-01 0.000000e+00
nan nan 8.919988e-01 1.125000e+00 5.000000e-01 0.000000e+00
nan nan 8.919988e-01 1.175000e+00 5.000000e-01 0.000000e+00
nan nan 8.919988e-01 1.225000e+00 5.000000e-01 0.000000e+00
nan nan 8.919988e-01 1.275000e+00 5.000000e-01 0.000000e+00
nan nan 8.919988e-01 1.325000e+00 5.000000e-01 0.000000e+00
nan nan 8.919988e-01 1.375000e+00 5.000000e-01 0.000000e+00
nan nan 8.919988e-01 1.425000e+00 5.000000e-01 0.000000e+00
nan nan 8.919988e-01 1.475000e+00 5.000000e-01 0.000000e+00
nan nan 8.919988e-01 1.525000e+00 5.000000e-01 0.000000e+00
nan nan 8.919988e-01 1.575000e+00 5.000000e-01 0.000000e+00
nan nan 8.919988e-01 1.625000e+00 5.000000e-01 0.000000e+00
nan nan 8.919988e-01 1.675000e+00 5.000000e-01 0.000000e+00
nan nan 8.919988e-01 1.725000e+00 5.000000e-01 0.000000e+00
nan nan 8.919988e-01 1.775000e+00 5.000000e-01 0.000000e+00
nan nan 8.919988e-01 1.825000e+00 5.000000e-01 0.000000e+00
nan nan 8.919988e-01 1.875000e+00 5.000000e-01 0.000000e+00
nan nan 8.919988e-01 1.925000e+00 5.000000e-01 0.000000e+00
nan nan 8.919988e-01 1.975000e+00 5.000000e-01 0.000000e+00
nan nan 8.919988e-01 2.025000e+00 5.000000e-01 0.000000e+00
nan nan 8.919988e-01 2.075000e+00 5.000000e-01 0.000000e+00
nan nan 8.919988e-01 2.125000e+00 5.000000e-01 0.000000e+00
nan nan 8.919988e-01 2.175000e+00 5.000000e-01 0.000000e+00
nan nan 8.919988e-01 2.225000e+00 5.000000e-01 0.000000e+00
nan nan 8.919988e-01 2.275000e+00 5.000000e-01 0.000000e+00
nan nan 8.919988e-01 2.325000e+00 5.000000e-01 0.000000e+00
nan nan 8.919988e-01 2.375000e+00 5.000000e-01 0.000000e+00
nan nan 8.919988e-01 2.425000e+00 5.000000e-01 0.000000e+00
nan nan 8.919988e-01 2.475000e+00 5.000000e-01 0.000000e+00
nan nan 8.919988e-01 2.525000e+00 5.000000e-01 0.000000e+00
nan nan 8.919988e-01 2.575000e+00 5.000000e-01 0.000000e+00
nan nan 8.919988e-01 2.625000e+00 5.000000e-01 0.000000e+00
nan nan 8.919988e-01 2.675000e+00 5.000000e-01 0.000000e+00
nan nan 8.919988e-01 2.725000e+00 5.000000e-01 0.000000e+00
nan nan 8.919988e-01 2.775000e+00 5.000000e-01 0.000000e+00
nan nan 8.919988e-01 2.825000e+00 5.000000e-01 0.000000e+00
nan nan 8.919988e-01 2.875000e+00 5.000000e-01 0.000000e+00
4.823045e-01 7.008359e-03 9.019988e-01 2.500000e-02 5.000000e-01 0.000000e+00
2.164831e-01 5.030422e-03 9.019988e-01 7.500000e-02 5.000000e-01 0.000000e+00
3.223775e-02 2.193504e-03 9.019988e-01 1.250000e-01 5.000000e-01 0.000000e+00
4.532806e-03 8.889584e-04 9.019988e-01 1.750000e-01 5.000000e-01 0.000000e+00
7.374108e-03 1.303573e-03 9.019988e-01 2.250000e-01 5.000000e-01 0.000000e+00
8.206473e-03 1.835024e-03 9.019988e-01 2.750000e-01 5.000000e-01 0.000000e+00
0.000000e+00 0.000000e+00 9.019988e-01 3.250000e-01 5.000000e-01 0.000000e+00
0.000000e+00 0.000000e+00 9.019988e-01 3.750000e-01 5.000000e-01 0.000000e+00
nan nan 9.019988e-01 4.250000e-01 5.000000e-01 0.000000e+00
nan nan 9.019988e-01 4.750000e-01 5.000000e-01 0.000000e+00
nan nan 9.019988e-01 5.250000e-01 5.000000e-01 0.000000e+00
nan nan 9.019988e-01 5.750000e-01 5.000000e-01 0.000000e+00
nan nan 9.019988e-01 6.250000e-01 5.000000e-01 0.000000e+00
nan nan 9.019988e-01 6.750000e-01 5.000000e-01 0.000000e+00
nan nan 9.019988e-01 7.250000e-01 5.000000e-01 0.000000e+00
nan nan 9.019988e-01 7.750000e-01 5.000000e-01 0.000000e+00
nan nan 9.019988e-01 8.250000e-01 5.000000e-01 0.000000e+00
nan nan 9.019988e-01 8.750000e-01 5.000000e-01 0.000000e+00
nan nan 9.019988e-01 9.250000e-01 5.000000e-01 0.000000e+00
nan nan 9.019988e-01 9.750000e-01 5.000000e-01 0.000000e+00
nan nan 9.019988e-01 1.025000e+00 5.000000e-01 0.000000e+00
nan nan 9.019988e-01 1.075000e+00 5.000000e-01 0.000000e+00
nan nan 9.019988e-01 1.125000e+00 5.000000e-01 0.000000e+00
nan nan 9.019988e-01 1.175000e+00 5.000000e-01 0.000000e+00
nan nan 9.019988e-01 1.225000e+00 5.000000e-01 0.000000e+00
nan nan 9.019988e-01 1.275000e+00 5.000000e-01 0.000000e+00
nan nan 9.019988e-01 1.325000e+00 5.000000e-01 0.000000e+00
nan nan 9.019988e-01 1.375000e+00 5.000000e-01 0.000000e+00
nan nan 9.019988e-01 1.425000e+00 5.000000e-01 0.000000e+00
nan nan 9.019988e-01 1.475000e+00 5.000000e-01 0.000000e+00
nan nan 9.019988e-01 1.525000e+00 5.000000e-01 0.000000e+00
nan nan 9.019988e-01 1.575000e+00 5.000000e-01 0.000000e+00
nan nan 9.019988e-01 1.625000e+00 5.000000e-01 0.000000e+00
nan nan 9.019988e-01 1.675000e+00 5.000000e-01 0.000000e+00
nan nan 9.019988e-01 1.725000e+00 5.000000e-01 0.000000e+00
nan nan 9.019988e-01 1.775000e+00 5.000000e-01 0.000000e+00
nan nan 9.019988e-01 1.825000e+00 5.000000e-01 0.000000e+00
nan nan 9.019988e-01 1.875000e+00 5.000000e-01 0.000000e+00
nan nan 9.019988e-01 1.925000e+00 5.000000e-01 0.000000e+00
nan nan 9.019988e-01 1.975000e+00 5.000000e-01 0.000000e+00
nan nan 9.019988e-01 2.025000e+00 5.000000e-01 0.000000e+00
nan nan 9.019988e-01 2.075000e+00 5.000000e-01 0.000000e+00
nan nan 9.019988e-01 2.125000e+00 5.000000e-01 0.000000e+00
nan nan 9.019988e-01 2.175000e+00 5.000000e-01 0.000000e+00
nan nan 9.019988e-01 2.225000e+00 5.000000e-01 0.000000e+00
nan nan 9.019988e-01 2.275000e+00 5.000000e-01 0.000000e+00
nan nan 9.019988e-01 2.325000e+00 5.000000e-01 0.000000e+00
nan nan 9.019988e-01 2.375000e+00 5.000000e-01 0.000000e+00
nan nan 9.019988e-01 2.425000e+00 5.000000e-01 0.000000e+00
nan nan 9.019988e-01 2.475000e+00 5.000000e-01 0.000000e+00
nan nan 9.019988e-01 2.525000e+00 5.000000e-01 0.000000e+00
nan nan 9.019988e-01 2.575000e+00 5.000000e-01 0.000000e+00
nan nan 9.019988e-01 2.625000e+00 5.000000e-01 0.000000e+00
nan nan 9.019988e-01 2.675000e+00 5.000000e-01 0.000000e+00
nan nan 9.019988e-01 2.725000e+00 5.000000e-01 0.000000e+00
nan nan 9.019988e-01 2.775000e+00 5.000000e-01 0.000000e+00
nan nan 9.019988e-01 2.825000e+00 5.000000e-01 0.000000e+00
nan nan 9.019988e-01 2.875000e+00 5.000000e-01 0.000000e+00
5.283455e-01 8.774150e-03 9.119988e-01 2.500000e-02 5.000000e-01 0.000000e+00
2.303021e-01 6.467539e-03 9.119988e-01 7.500000e-02 5.000000e-01 0.000000e+00
2.540625e-02 2.620456e-03 9.119988e-01 1.250000e-01 5.000000e-01 0.000000e+00
9.773598e-03 1.916763e-03 9.119988e-01 1.750000e-01 5.000000e-01 0.000000e+00
6.780794e-03 2.397376e-03 9.119988e-01 2.250000e-01 5.000000e-01 0.000000e+00
1.117564e-02 7.902372e-03 9.119988e-01 2.750000e-01 5.000000e-01 0.000000e+00
nan nan 9.119988e-01 3.250000e-01 5.000000e-01 0.000000e+00
nan nan 9.119988e-01 3.750000e-01 5.000000e-01 0.000000e+00
nan nan 9.119988e-01 4.250000e-01 5.000000e-01 0.000000e+00
nan nan 9.119988e-01 4.750000e-01 5.000000e-01 0.000000e+00
nan nan 9.119988e-01 5.250000e-01 5.000000e-01 0.000000e+00
nan nan 9.119988e-01 5.750000e-01 5.000000e-01 0.000000e+00
nan nan 9.119988e-01 6.250000e-01 5.000000e-01 0.000000e+00
nan nan 9.119988e-01 6.750000e-01 5.000000e-01 0.000000e+00
nan nan 9.119988e-01 7.250000e-01 5.000000e-01 0.000000e+00
nan nan 9.119988e-01 7.750000e-01 5.000000e-01 0.000000e+00
nan nan 9.119988e-01 8.250000e-01 5.000000e-01 0.000000e+00
nan nan 9.119988e-01 8.750000e-01 5.000000e-01 0.000000e+00
nan nan 9.119988e-01 9.250000e-01 5.000000e-01 0.000000e+00
nan nan 9.119988e-01 9.750000e-01 5.000000e-01 0.000000e+00
nan nan 9.119988e-01 1.025000e+00 5.000000e-01 0.000000e+00
nan nan 9.119988e-01 1.075000e+00 5.000000e-01 0.000000e+00
nan nan 9.119988e-01 1.125000e+00 5.000000e-01 0.000000e+00
nan nan 9.119988e-01 1.175000e+00 5.000000e-01 0.000000e+00
nan nan 9.119988e-01 1.225000e+00 5.000000e-01 0.000000e+00
nan nan 9.119988e-01 1.275000e+00 5.000000e-01 0.000000e+00
nan nan 9.119988e-01 1.325000e+00 5.000000e-01 0.000000e+00
nan nan 9.119988e-01 1.375000e+00 5.000000e-01 0.000000e+00
nan nan 9.119988e-01 1.425000e+00 5.000000e-01 0.000000e+00
nan nan 9.119988e-01 1.475000e+00 5.000000e-01 0.000000e+00
nan nan 9.119988e-01 1.525000e+00 5.000000e-01 0.000000e+00
nan nan 9.119988e-01 1.575000e+00 5.000000e-01 0.000000e+00
nan nan 9.119988e-01 1.625000e+00 5.000000e-01 0.000000e+00
nan nan 9.119988e-01 1.675000e+00 5.000000e-01 0.000000e+00
nan nan 9.119988e-01 1.725000e+00 5.000000e-01 0.000000e+00
nan nan 9.119988e-01 1.775000e+00 5.000000e-01 0.000000e+00
nan nan 9.119988e-01 1.825000e+00 5.000000e-01 0.000000e+00
nan nan 9.119988e-01 1.875000e+00 5.000000e-01 0.000000e+00
nan nan 9.119988e-01 1.925000e+00 5.000000e-01 0.000000e+00
nan nan 9.119988e-01 1.975000e+00 5.000000e-01 0.000000e+00
nan nan 9.119988e-01 2.025000e+00 5.000000e-01 0.000000e+00
nan nan 9.119988e-01 2.075000e+00 5.000000e-01 0.000000e+00
nan nan 9.119988e-01 2.125000e+00 5.000000e-01 0.000000e+00
nan nan 9.119988e-01 2.175000e+00 5.000000e-01 0.000000e+00
nan nan 9.119988e-01 2.225000e+00 5.000000e-01 0.000000e+00
nan nan 9.119988e-01 2.275000e+00 5.000000e-01 0.000000e+00
nan nan 9.119988e-01 2.325000e+00 5.000000e-01 0.000000e+00
nan nan 9.119988e-01 2.375000e+00 5.000000e-01 0.000000e+00
nan nan 9.119988e-01 2.425000e+00 5.000000e-01 0.000000e+00
nan nan 9.119988e-01 2.475000e+00 5.000000e-01 0.000000e+00
nan nan 9.119988e-01 2.525000e+00 5.000000e-01 0.000000e+00
nan nan 9.119988e-01 2.575000e+00 5.000000e-01 0.000000e+00
nan nan 9.119988e-01 2.625000e+00 5.000000e-01 0.000000e+00
nan nan 9.119988e-01 2.675000e+00 5.000000e-01 0.000000e+00
nan nan 9.119988e-01 2.725000e+00 5.000000e-01 0.000000e+00
nan nan 9.119988e-01 2.775000e+00 5.000000e-01 0.000000e+00
nan nan 9.119988e-01 2.825000e+00 5.000000e-01 0.000000e+00
nan nan 9.119988e-01 2.875000e+00 5.000000e-01 0.000000e+00
5.288676e-01 1.166938e-02 9.219988e-01 2.500000e-02 5.000000e-01 0.000000e+00
2.113329e-01 9.547063e-03 9.219988e-01 7.500000e-02 5.000000e-01 0.000000e+00
4.154997e-02 7.585955e-03 9.219988e-01 1.250000e-01 5.000000e-01 0.000000e+00
3.380942e-02 1.690472e-02 9.219988e-01 1.750000e-01 5.000000e-01 0.000000e+00
nan nan 9.219988e-01 2.250000e-01 5.000000e-01 0.000000e+00
nan nan 9.219988e-01 2.750000e-01 5.000000e-01 0.000000e+00
nan nan 9.219988e-01 3.250000e-01 5.000000e-01 0.000000e+00
nan nan 9.219988e-01 3.750000e-01 5.000000e-01 0.000000e+00
nan nan 9.219988e-01 4.250000e-01 5.000000e-01 0.000000e+00
nan nan 9.219988e-01 4.750000e-01 5.000000e-01 0.000000e+00
nan nan 9.219988e-01 5.250000e-01 5.000000e-01 0.000000e+00
nan nan 9.219988e-01 5.750000e-01 5.000000e-01 0.000000e+00
nan nan 9.219988e-01 6.250000e-01 5.000000e-01 0.000000e+00
nan nan 9.219988e-01 6.750000e-01 5.000000e-01 0.000000e+00
nan nan 9.219988e-01 7.250000e-01 5.000000e-01 0.000000e+00
nan nan 9.219988e-01 7.750000e-01 5.000000e-01 0.000000e+00
nan nan 9.219988e-01 8.250000e-01 5.000000e-01 0.000000e+00
nan nan 9.219988e-01 8.750000e-01 5.000000e-01 0.000000e+00
nan nan 9.219988e-01 9.250000e-01 5.000000e-01 0.000000e+00
nan nan 9.219988e-01 9.750000e-01 5.000000e-01 0.000000e+00
nan nan 9.219988e-01 1.025000e+00 5.000000e-01 0.000000e+00
nan nan 9.219988e-01 1.075000e+00 5.000000e-01 0.000000e+00
nan nan 9.219988e-01 1.125000e+00 5.000000e-01 0.000000e+00
nan nan 9.219988e-01 1.175000e+00 5.000000e-01 0.000000e+00
nan nan 9.219988e-01 1.225000e+00 5.000000e-01 0.000000e+00
nan nan 9.219988e-01 1.275000e+00 5.000000e-01 0.000000e+00
nan nan 9.219988e-01 1.325000e+00 5.000000e-01 0.000000e+00
nan nan 9.219988e-01 1.375000e+00 5.000000e-01 0.000000e+00
nan nan 9.219988e-01 1.425000e+00 5.000000e-01 0.000000e+00
nan nan 9.219988e-01 1.475000e+00 5.000000e-01 0.000000e+00
nan nan 9.219988e-01 1.525000e+00 5.000000e-01 0.000000e+00
nan nan 9.219988e-01 1.575000e+00 5.000000e-01 0.000000e+00
nan nan 9.219988e-01 1.625000e+00 5.000000e-01 0.000000e+00
nan nan 9.219988e-01 1.675000e+00 5.000000e-01 0.000000e+00
nan nan 9.219988e-01 1.725000e+00 5.000000e-01 0.000000e+00
nan nan 9.219988e-01 1.775000e+00 5.000000e-01 0.000000e+00
nan nan 9.219988e-01 1.825000e+00 5.000000e-01 0.000000e+00
nan nan 9.219988e-01 1.875000e+00 5.000000e-01 0.000000e+00
nan nan 9.219988e-01 1.925000e+00 5.000000e-01 0.000000e+00
nan nan 9.219988e-01 1.975000e+00 5.000000e-01 0.000000e+00
nan nan 9.219988e-01 2.025000e+00 5.000000e-01 0.000000e+00
nan nan 9.219988e-01 2.075000e+00 5.000000e-01 0.000000e+00
nan nan 9.219988e-01 2.125000e+00 5.000000e-01 0.000000e+00
nan nan 9.219988e-01 2.175000e+00 5.000000e-01 0.000000e+00
nan nan 9.219988e-01 2.225000e+00 5.000000e-01 0.000000e+00
nan nan 9.219988e-01 2.275000e+00 5.000000e-01 0.000000e+00
nan nan 9.219988e-01 2.325000e+00 5.000000e-01 0.000000e+00
nan nan 9.219988e-01 2.375000e+00 5.000000e-01 0.000000e+00
nan nan 9.219988e-01 2.425000e+00 5.000000e-01 0.000000e+00
nan nan 9.219988e-01 2.475000e+00 5.000000e-01 0.000000e+00
nan nan 9.219988e-01 2.525000e+00 5.000000e-01 0.000000e+00
nan nan 9.219988e-01 2.575000e+00 5.000000e-01 0.000000e+00
nan nan 9.219988e-01 2.625000e+00 5.000000e-01 0.000000e+00
nan nan 9.219988e-01 2.675000e+00 5.000000e-01 0.000000e+00
nan nan 9.219988e-01 2.725000e+00 5.000000e-01 0.000000e+00
nan nan 9.219988e-01 2.775000e+00 5.000000e-01 0.000000e+00
nan nan 9.219988e-01 2.825000e+00 5.000000e-01 0.000000e+00
nan nan 9.219988e-01 2.875000e+00 5.000000e-01 0.000000e+00
5.624707e-01 2.699950e-02 9.319988e-01 2.500000e-02 5.000000e-01 0.000000e+00
2.745587e-01 7.337890e-02 9.319988e-01 7.500000e-02 5.000000e-01 0.000000e+00
nan nan 9.319988e-01 1.250000e-01 5.000000e-01 0.000000e+00
nan nan 9.319988e-01 1.750000e-01 5.000000e-01 0.000000e+00
nan nan 9.319988e-01 2.250000e-01 5.000000e-01 0.000000e+00
nan nan 9.319988e-01 2.750000e-01 5.000000e-01 0.000000e+00
nan nan 9.319988e-01 3.250000e-01 5.000000e-01 0.000000e+00
nan nan 9.319988e-01 3.750000e-01 5.000000e-01 0.000000e+00
nan nan 9.319988e-01 4.250000e-01 5.000000e-01 0.000000e+00
nan nan 9.319988e-01 4.750000e-01 5.000000e-01 0.000000e+00
nan nan 9.319988e-01 5.250000e-01 5.000000e-01 0.000000e+00
nan nan 9.319988e-01 5.750000e-01 5.000000e-01 0.000000e+00
nan nan 9.319988e-01 6.250000e-01 5.000000e-01 0.000000e+00
nan nan 9.319988e-01 6.750000e-01 5.000000e-01 0.000000e+00
nan nan 9.319988e-01 7.250000e-01 5.000000e-01 0.000000e+00
nan nan 9.319988e-01 7.750000e-01 5.000000e-01 0.000000e+00
nan nan 9.319988e-01 8.250000e-01 5.000000e-01 0.000000e+00
nan nan 9.319988e-01 8.750000e-01 5.000000e-01 0.000000e+00
nan nan 9.319988e-01 9.250000e-01 5.000000e-01 0.000000e+00
nan nan 9.319988e-01 9.750000e-01 5.000000e-01 0.000000e+00
nan nan 9.319988e-01 1.025000e+00 5.000000e-01 0.000000e+00
nan nan 9.319988e-01 1.075000e+00 5.000000e-01 0.000000e+00
nan nan 9.319988e-01 1.125000e+00 5.000000e-01 0.000000e+00
nan nan 9.319988e-01 1.175000e+00 5.000000e-01 0.000000e+00
nan nan 9.319988e-01 1.225000e+00 5.000000e-01 0.000000e+00
nan nan 9.319988e-01 1.275000e+00 5.000000e-01 0.000000e+00
nan nan 9.319988e-01 1.325000e+00 5.000000e-01 0.000000e+00
nan nan 9.319988e-01 1.375000e+00 5.000000e-01 0.000000e+00
nan nan 9.319988e-01 1.425000e+00 5.000000e-01 0.000000e+00
nan nan 9.319988e-01 1.475000e+00 5.000000e-01 0.000000e+00
nan nan 9.319988e-01 1.525000e+00 5.000000e-01 0.000000e+00
nan nan 9.319988e-01 1.575000e+00 5.000000e-01 0.000000e+00
nan nan 9.319988e-01 1.625000e+00 5.000000e-01 0.000000e+00
nan nan 9.319988e-01 1.675000e+00 5.000000e-01 0.000000e+00
nan nan 9.319988e-01 1.725000e+00 5.000000e-01 0.000000e+00
nan nan 9.319988e-01 1.775000e+00 5.000000e-01 0.000000e+00
nan nan 9.319988e-01 1.825000e+00 5.000000e-01 0.000000e+00
nan nan 9.319988e-01 1.875000e+00 5.000000e-01 0.000000e+00
nan nan 9.319988e-01 1.925000e+00 5.000000e-01 0.000000e+00
nan nan 9.319988e-01 1.975000e+00 5.000000e-01 0.000000e+00
nan nan 9.319988e-01 2.025000e+00 5.000000e-01 0.000000e+00
nan nan 9.319988e-01 2.075000e+00 5.000000e-01 0.000000e+00
nan nan 9.319988e-01 2.125000e+00 5.000000e-01 0.000000e+00
nan nan 9.319988e-01 2.175000e+00 5.000000e-01 0.000000e+00
nan nan 9.319988e-01 2.225000e+00 5.000000e-01 0.000000e+00
nan nan 9.319988e-01 2.275000e+00 5.000000e-01 0.000000e+00
nan nan 9.319988e-01 2.325000e+00 5.000000e-01 0.000000e+00
nan nan 9.319988e-01 2.375000e+00 5.000000e-01 0.000000e+00
nan nan 9.319988e-01 2.425000e+00 5.000000e-01 0.000000e+00
nan nan 9.319988e-01 2.475000e+00 5.000000e-01 0.000000e+00
nan nan 9.319988e-01 2.525000e+00 5.000000e-01 0.000000e+00
nan nan 9.319988e-01 2.575000e+00 5.000000e-01 0.000000e+00
nan nan 9.319988e-01 2.625000e+00 5.000000e-01 0.000000e+00
nan nan 9.319988e-01 2.675000e+00 5.000000e-01 0.000000e+00
nan nan 9.319988e-01 2.725000e+00 5.000000e-01 0.000000e+00
nan nan 9.319988e-01 2.775000e+00 5.000000e-01 0.000000e+00
nan nan 9.319988e-01 2.825000e+00 5.000000e-01 0.000000e+00
nan nan 9.319988e-01 2.875000e+00 5.000000e-01 0.000000e+00
nan nan 9.419988e-01 2.500000e-02 5.000000e-01 0.000000e+00
nan nan 9.419988e-01 7.500000e-02 5.000000e-01 0.000000e+00
nan nan 9.419988e-01 1.250000e-01 5.000000e-01 0.000000e+00
nan nan 9.419988e-01 1.750000e-01 5.000000e-01 0.000000e+00
nan nan 9.419988e-01 2.250000e-01 5.000000e-01 0.000000e+00
nan nan 9.419988e-01 2.750000e-01 5.000000e-01 0.000000e+00
nan nan 9.419988e-01 3.250000e-01 5.000000e-01 0.000000e+00
nan nan 9.419988e-01 3.750000e-01 5.000000e-01 0.000000e+00
nan nan 9.419988e-01 4.250000e-01 5.000000e-01 0.000000e+00
nan nan 9.419988e-01 4.750000e-01 5.000000e-01 0.000000e+00
nan nan 9.419988e-01 5.250000e-01 5.000000e-01 0.000000e+00
nan nan 9.419988e-01 5.750000e-01 5.000000e-01 0.000000e+00
nan nan 9.419988e-01 6.250000e-01 5.000000e-01 0.000000e+00
nan nan 9.419988e-01 6.750000e-01 5.000000e-01 0.000000e+00
nan nan 9.419988e-01 7.250000e-01 5.000000e-01 0.000000e+00
nan nan 9.419988e-01 7.750000e-01 5.000000e-01 0.000000e+00
nan nan 9.419988e-01 8.250000e-01 5.000000e-01 0.000000e+00
nan nan 9.419988e-01 8.750000e-01 5.000000e-01 0.000000e+00
nan nan 9.419988e-01 9.250000e-01 5.000000e-01 0.000000e+00
nan nan 9.419988e-01 9.750000e-01 5.000000e-01 0.000000e+00
nan nan 9.419988e-01 1.025000e+00 5.000000e-01 0.000000e+00
nan nan 9.419988e-01 1.075000e+00 5.000000e-01 0.000000e+00
nan nan 9.419988e-01 1.125000e+00 5.000000e-01 0.000000e+00
nan nan 9.419988e-01 1.175000e+00 5.000000e-01 0.000000e+00
nan nan 9.419988e-01 1.225000e+00 5.000000e-01 0.000000e+00
nan nan 9.419988e-01 1.275000e+00 5.000000e-01 0.000000e+00
nan nan 9.419988e-01 1.325000e+00 5.000000e-01 0.000000e+00
nan nan 9.419988e-01 1.375000e+00 5.000000e-01 0.000000e+00
nan nan 9.419988e-01 1.425000e+00 5.000000e-01 0.000000e+00
nan nan 9.419988e-01 1.475000e+00 5.000000e-01 0.000000e+00
nan nan 9.419988e-01 1.525000e+00 5.000000e-01 0.000000e+00
nan nan 9.419988e-01 1.575000e+00 5.000000e-01 0.000000e+00
nan nan 9.419988e-01 1.625000e+00 5.000000e-01 0.000000e+00
nan nan 9.419988e-01 1.675000e+00 5.000000e-01 0.000000e+00
nan nan 9.419988e-01 1.725000e+00 5.000000e-01 0.000000e+00
nan nan 9.419988e-01 1.775000e+00 5.000000e-01 0.000000e+00
nan nan 9.419988e-01 1.825000e+00 5.000000e-01 0.000000e+00
nan nan 9.419988e-01 1.875000e+00 5.000000e-01 0.000000e+00
nan nan 9.419988e-01 1.925000e+00 5.000000e-01 0.000000e+00
nan nan 9.419988e-01 1.975000e+00 5.000000e-01 0.000000e+00
nan nan 9.419988e-01 2.025000e+00 5.000000e-01 0.000000e+00
nan nan 9.419988e-01 2.075000e+00 5.000000e-01 0.000000e+00
nan nan 9.419988e-01 2.125000e+00 5.000000e-01 0.000000e+00
nan nan 9.419988e-01 2.175000e+00 5.000000e-01 0.000000e+00
nan nan 9.419988e-01 2.225000e+00 5.000000e-01 0.000000e+00
nan nan 9.419988e-01 2.275000e+00 5.000000e-01 0.000000e+00
nan nan 9.419988e-01 2.325000e+00 5.000000e-01 0.000000e+00
nan nan 9.419988e-01 2.375000e+00 5.000000e-01 0.000000e+00
nan nan 9.419988e-01 2.425000e+00 5.000000e-01 0.000000e+00
nan nan 9.419988e-01 2.475000e+00 5.000000e-01 0.000000e+00
nan nan 9.419988e-01 2.525000e+00 5.000000e-01 0.000000e+00
nan nan 9.419988e-01 2.575000e+00 5.000000e-01 0.000000e+00
nan nan 9.419988e-01 2.625000e+00 5.000000e-01 0.000000e+00
nan nan 9.419988e-01 2.675000e+00 5.000000e-01 0.000000e+00
nan nan 9.419988e-01 2.725000e+00 5.000000e-01 0.000000e+00
nan nan 9.419988e-01 2.775000e+00 5.000000e-01 0.000000e+00
nan nan 9.419988e-01 2.825000e+00 5.000000e-01 0.000000e+00
nan nan 9.419988e-01 2.875000e+00 5.000000e-01 0.000000e+00
nan nan 9.519988e-01 2.500000e-02 5.000000e-01 0.000000e+00
nan nan 9.519988e-01 7.500000e-02 5.000000e-01 0.000000e+00
nan nan 9.519988e-01 1.250000e-01 5.000000e-01 0.000000e+00
nan nan 9.519988e-01 1.750000e-01 5.000000e-01 0.000000e+00
nan nan 9.519988e-01 2.250000e-01 5.000000e-01 0.000000e+00
nan nan 9.519988e-01 2.750000e-01 5.000000e-01 0.000000e+00
nan nan 9.519988e-01 3.250000e-01 5.000000e-01 0.000000e+00
nan nan 9.519988e-01 3.750000e-01 5.000000e-01 0.000000e+00
nan nan 9.519988e-01 4.250000e-01 5.000000e-01 0.000000e+00
nan nan 9.519988e-01 4.750000e-01 5.000000e-01 0.000000e+00
nan nan 9.519988e-01 5.250000e-01 5.000000e-01 0.000000e+00
nan nan 9.519988e-01 5.750000e-01 5.000000e-01 0.000000e+00
nan nan 9.519988e-01 6.250000e-01 5.000000e-01 0.000000e+00
nan nan 9.519988e-01 6.750000e-01 5.000000e-01 0.000000e+00
nan nan 9.519988e-01 7.250000e-01 5.000000e-01 0.000000e+00
nan nan 9.519988e-01 7.750000e-01 5.000000e-01 0.000000e+00
nan nan 9.519988e-01 8.250000e-01 5.000000e-01 0.000000e+00
nan nan 9.519988e-01 8.750000e-01 5.000000e-01 0.000000e+00
nan nan 9.519988e-01 9.250000e-01 5.000000e-01 0.000000e+00
nan nan 9.519988e-01 9.750000e-01 5.000000e-01 0.000000e+00
nan nan 9.519988e-01 1.025000e+00 5.000000e-01 0.000000e+00
nan nan 9.519988e-01 1.075000e+00 5.000000e-01 0.000000e+00
nan nan 9.519988e-01 1.125000e+00 5.000000e-01 0.000000e+00
nan nan 9.519988e-01 1.175000e+00 5.000000e-01 0.000000e+00
nan nan 9.519988e-01 1.225000e+00 5.000000e-01 0.000000e+00
nan nan 9.519988e-01 1.275000e+00 5.000000e-01 0.000000e+00
nan nan 9.519988e-01 1.325000e+00 5.000000e-01 0.000000e+00
nan nan 9.519988e-01 1.375000e+00 5.000000e-01 0.000000e+00
nan nan 9.519988e-01 1.425000e+00 5.000000e-01 0.000000e+00
nan nan 9.519988e-01 1.475000e+00 5.000000e-01 0.000000e+00
nan nan 9.519988e-01 1.525000e+00 5.000000e-01 0.000000e+00
nan nan 9.519988e-01 1.575000e+00 5.000000e-01 0.000000e+00
nan nan 9.519988e-01 1.625000e+00 5.000000e-01 0.000000e+00
nan nan 9.519988e-01 1.675000e+00 5.000000e-01 0.000000e+00
nan nan 9.519988e-01 1.725000e+00 5.000000e-01 0.000000e+00
nan nan 9.519988e-01 1.775000e+00 5.000000e-01 0.000000e+00
nan nan 9.519988e-01 1.825000e+00 5.000000e-01 0.000000e+00
nan nan 9.519988e-01 1.875000e+00 5.000000e-01 0.000000e+00
nan nan 9.519988e-01 1.925000e+00 5.000000e-01 0.000000e+00
nan nan 9.519988e-01 1.975000e+00 5.000000e-01 0.000000e+00
nan nan 9.519988e-01 2.025000e+00 5.000000e-01 0.000000e+00
nan nan 9.519988e-01 2.075000e+00 5.000000e-01 0.000000e+00
nan nan 9.519988e-01 2.125000e+00 5.000000e-01 0.000000e+00
nan nan 9.519988e-01 2.175000e+00 5.000000e-01 0.000000e+00
nan nan 9.519988e-01 2.225000e+00 5.000000e-01 0.000000e+00
nan nan 9.519988e-01 2.275000e+00 5.000000e-01 0.000000e+00
nan nan 9.519988e-01 2.325000e+00 5.000000e-01 0.000000e+00
nan nan 9.519988e-01 2.375000e+00 5.000000e-01 0.000000e+00
nan nan 9.519988e-01 2.425000e+00 5.000000e-01 0.000000e+00
nan nan 9.519988e-01 2.475000e+00 5.000000e-01 0.000000e+00
nan nan 9.519988e-01 2.525000e+00 5.000000e-01 0.000000e+00
nan nan 9.519988e-01 2.575000e+00 5.000000e-01 0.000000e+00
nan nan 9.519988e-01 2.625000e+00 5.000000e-01 0.000000e+00
nan nan 9.519988e-01 2.675000e+00 5.000000e-01 0.000000e+00
nan nan 9.519988e-01 2.725000e+00 5.000000e-01 0.000000e+00
nan nan 9.519988e-01 2.775000e+00 5.000000e-01 0.000000e+00
nan nan 9.519988e-01 2.825000e+00 5.000000e-01 0.000000e+00
nan nan 9.519988e-01 2.875000e+00 5.000000e-01 0.000000e+00
nan nan 9.619988e-01 2.500000e-02 5.000000e-01 0.000000e+00
nan nan 9.619988e-01 7.500000e-02 5.000000e-01 0.000000e+00
nan nan 9.619988e-01 1.250000e-01 5.000000e-01 0.000000e+00
nan nan 9.619988e-01 1.750000e-01 5.000000e-01 0.000000e+00
nan nan 9.619988e-01 2.250000e-01 5.000000e-01 0.000000e+00
nan nan 9.619988e-01 2.750000e-01 5.000000e-01 0.000000e+00
nan nan 9.619988e-01 3.250000e-01 5.000000e-01 0.000000e+00
nan nan 9.619988e-01 3.750000e-01 5.000000e-01 0.000000e+00
nan nan 9.619988e-01 4.250000e-01 5.000000e-01 0.000000e+00
nan nan 9.619988e-01 4.750000e-01 5.000000e-01 0.000000e+00
nan nan 9.619988e-01 5.250000e-01 5.000000e-01 0.000000e+00
nan nan 9.619988e-01 5.750000e-01 5.000000e-01 0.000000e+00
nan nan 9.619988e-01 6.250000e-01 5.000000e-01 0.000000e+00
nan nan 9.619988e-01 6.750000e-01 5.000000e-01 0.000000e+00
nan nan 9.619988e-01 7.250000e-01 5.000000e-01 0.000000e+00
nan nan 9.619988e-01 7.750000e-01 5.000000e-01 0.000000e+00
nan nan 9.619988e-01 8.250000e-01 5.000000e-01 0.000000e+00
nan nan 9.619988e-01 8.750000e-01 5.000000e-01 0.000000e+00
nan nan 9.619988e-01 9.250000e-01 5.000000e-01 0.000000e+00
nan nan 9.619988e-01 9.750000e-01 5.000000e-01 0.000000e+00
nan nan 9.619988e-01 1.025000e+00 5.000000e-01 0.000000e+00
nan nan 9.619988e-01 1.075000e+00 5.000000e-01 0.000000e+00
nan nan 9.619988e-01 1.125000e+00 5.000000e-01 0.000000e+00
nan nan 9.619988e-01 1.175000e+00 5.000000e-01 0.000000e+00
nan nan 9.619988e-01 1.225000e+00 5.000000e-01 0.000000e+00
nan nan 9.619988e-01 1.275000e+00 5.000000e-01 0.000000e+00
nan nan 9.619988e-01 1.325000e+00 5.000000e-01 0.000000e+00
nan nan 9.619988e-01 1.375000e+00 5.000000e-01 0.000000e+00
nan nan 9.619988e-01 1.425000e+00 5.000000e-01 0.000000e+00
nan nan 9.619988e-01 1.475000e+00 5.000000e-01 0.000000e+00
nan nan 9.619988e-01 1.525000e+00 5.000000e-01 0.000000e+00
nan nan 9.619988e-01 1.575000e+00 5.000000e-01 0.000000e+00
nan nan 9.619988e-01 1.625000e+00 5.000000e-01 0.000000e+00
nan nan 9.619988e-01 1.675000e+00 5.000000e-01 0.000000e+00
nan nan 9.619988e-01 1.725000e+00 5.000000e-01 0.000000e+00
nan nan 9.619988e-01 1.775000e+00 5.000000e-01 0.000000e+00
nan nan 9.619988e-01 1.825000e+00 5.000000e-01 0.000000e+00
nan nan 9.619988e-01 1.875000e+00 5.000000e-01 0.000000e+00
nan nan 9.619988e-01 1.925000e+00 5.000000e-01 0.000000e+00
nan nan 9.619988e-01 1.975000e+00 5.000000e-01 0.000000e+00
nan nan 9.619988e-01 2.025000e+00 5.000000e-01 0.000000e+00
nan nan 9.619988e-01 2.075000e+00 5.000000e-01 0.000000e+00
nan nan 9.619988e-01 2.125000e+00 5.000000e-01 0.000000e+00
nan nan 9.619988e-01 2.175000e+00 5.000000e-01 0.000000e+00
nan nan 9.619988e-01 2.225000e+00 5.000000e-01 0.000000e+00
nan nan 9.619988e-01 2.275000e+00 5.000000e-01 0.000000e+00
nan nan 9.619988e-01 2.325000e+00 5.000000e-01 0.000000e+00
nan nan 9.619988e-01 2.375000e+00 5.000000e-01 0.000000e+00
nan nan 9.619988e-01 2.425000e+00 5.000000e-01 0.000000e+00
nan nan 9.619988e-01 2.475000e+00 5.000000e-01 0.000000e+00
nan nan 9.619988e-01 2.525000e+00 5.000000e-01 0.000000e+00
nan nan 9.619988e-01 2.575000e+00 5.000000e-01 0.000000e+00
nan nan 9.619988e-01 2.625000e+00 5.000000e-01 0.000000e+00
nan nan 9.619988e-01 2.675000e+00 5.000000e-01 0.000000e+00
nan nan 9.619988e-01 2.725000e+00 5.000000e-01 0.000000e+00
nan nan 9.619988e-01 2.775000e+00 5.000000e-01 0.000000e+00
nan nan 9.619988e-01 2.825000e+00 5.000000e-01 0.000000e+00
nan nan 9.619988e-01 2.875000e+00 5.000000e-01 0.000000e+00
nan nan 9.719988e-01 2.500000e-02 5.000000e-01 0.000000e+00
nan nan 9.719988e-01 7.500000e-02 5.000000e-01 0.000000e+00
nan nan 9.719988e-01 1.250000e-01 5.000000e-01 0.000000e+00
nan nan 9.719988e-01 1.750000e-01 5.000000e-01 0.000000e+00
nan nan 9.719988e-01 2.250000e-01 5.000000e-01 0.000000e+00
nan nan 9.719988e-01 2.750000e-01 5.000000e-01 0.000000e+00
nan nan 9.719988e-01 3.250000e-01 5.000000e-01 0.000000e+00
nan nan 9.719988e-01 3.750000e-01 5.000000e-01 0.000000e+00
nan nan 9.719988e-01 4.250000e-01 5.000000e-01 0.000000e+00
nan nan 9.719988e-01 4.750000e-01 5.000000e-01 0.000000e+00
nan nan 9.719988e-01 5.250000e-01 5.000000e-01 0.000000e+00
nan nan 9.719988e-01 5.750000e-01 5.000000e-01 0.000000e+00
nan nan 9.719988e-01 6.250000e-01 5.000000e-01 0.000000e+00
nan nan 9.719988e-01 6.750000e-01 5.000000e-01 0.000000e+00
nan nan 9.719988e-01 7.250000e-01 5.000000e-01 0.000000e+00
nan nan 9.719988e-01 7.750000e-01 5.000000e-01 0.000000e+00
nan nan 9.719988e-01 8.250000e-01 5.000000e-01 0.000000e+00
nan nan 9.719988e-01 8.750000e-01 5.000000e-01 0.000000e+00
nan nan 9.719988e-01 9.250000e-01 5.000000e-01 0.000000e+00
nan nan 9.719988e-01 9.750000e-01 5.000000e-01 0.000000e+00
nan nan 9.719988e-01 1.025000e+00 5.000000e-01 0.000000e+00
nan nan 9.719988e-01 1.075000e+00 5.000000e-01 0.000000e+00
nan nan 9.719988e-01 1.125000e+00 5.000000e-01 0.000000e+00
nan nan 9.719988e-01 1.175000e+00 5.000000e-01 0.000000e+00
nan nan 9.719988e-01 1.225000e+00 5.000000e-01 0.000000e+00
nan nan 9.719988e-01 1.275000e+00 5.000000e-01 0.000000e+00
nan nan 9.719988e-01 1.325000e+00 5.000000e-01 0.000000e+00
nan nan 9.719988e-01 1.375000e+00 5.000000e-01 0.000000e+00
nan nan 9.719988e-01 1.425000e+00 5.000000e-01 0.000000e+00
nan nan 9.719988e-01 1.475000e+00 5.000000e-01 0.000000e+00
nan nan 9.719988e-01 1.525000e+00 5.000000e-01 0.000000e+00
nan nan 9.719988e-01 1.575000e+00 5.000000e-01 0.000000e+00
nan nan 9.719988e-01 1.625000e+00 5.000000e-01 0.000000e+00
nan nan 9.719988e-01 1.675000e+00 5.000000e-01 0.000000e+00
nan nan 9.719988e-01 1.725000e+00 5.000000e-01 0.000000e+00
nan nan 9.719988e-01 1.775000e+00 5.000000e-01 0.000000e+00
nan nan 9.719988e-01 1.825000e+00 5.000000e-01 0.000000e+00
nan nan 9.719988e-01 1.875000e+00 5.000000e-01 0.000000e+00
nan nan 9.719988e-01 1.925000e+00 5.000000e-01 0.000000e+00
nan nan 9.719988e-01 1.975000e+00 5.000000e-01 0.000000e+00
nan nan 9.719988e-01 2.025000e+00 5.000000e-01 0.000000e+00
nan nan 9.719988e-01 2.075000e+00 5.000000e-01 0.000000e+00
nan nan 9.719988e-01 2.125000e+00 5.000000e-01 0.000000e+00
nan nan 9.719988e-01 2.175000e+00 5.000000e-01 0.000000e+00
nan nan 9.719988e-01 2.225000e+00 5.000000e-01 0.000000e+00
nan nan 9.719988e-01 2.275000e+00 5.000000e-01 0.000000e+00
nan nan 9.719988e-01 2.325000e+00 5.000000e-01 0.000000e+00
nan nan 9.719988e-01 2.375000e+00 5.000000e-01 0.000000e+00
nan nan 9.719988e-01 2.425000e+00 5.000000e-01 0.000000e+00
nan nan 9.719988e-01 2.475000e+00 5.000000e-01 0.000000e+00
nan nan 9.719988e-01 2.525000e+00 5.000000e-01 0.000000e+00
nan nan 9.719988e-01 2.575000e+00 5.000000e-01 0.000000e+00
nan nan 9.719988e-01 2.625000e+00 5.000000e-01 0.000000e+00
nan nan 9.719988e-01 2.675000e+00 5.000000e-01 0.000000e+00
nan nan 9.719988e-01 2.725000e+00 5.000000e-01 0.000000e+00
nan nan 9.719988e-01 2.775000e+00 5.000000e-01 0.000000e+00
nan nan 9.719988e-01 2.825000e+00 5.000000e-01 0.000000e+00
nan nan 9.719988e-01 2.875000e+00 5.000000e-01 0.000000e+00
nan nan 9.819987e-01 2.500000e-02 5.000000e-01 0.000000e+00
nan nan 9.819987e-01 7.500000e-02 5.000000e-01 0.000000e+00
nan nan 9.819987e-01 1.250000e-01 5.000000e-01 0.000000e+00
nan nan 9.819987e-01 1.750000e-01 5.000000e-01 0.000000e+00
nan nan 9.819987e-01 2.250000e-01 5.000000e-01 0.000000e+00
nan nan 9.819987e-01 2.750000e-01 5.000000e-01 0.000000e+00
nan nan 9.819987e-01 3.250000e-01 5.000000e-01 0.000000e+00
nan nan 9.819987e-01 3.750000e-01 5.000000e-01 0.000000e+00
nan nan 9.819987e-01 4.250000e-01 5.000000e-01 0.000000e+00
nan nan 9.819987e-01 4.750000e-01 5.000000e-01 0.000000e+00
nan nan 9.819987e-01 5.250000e-01 5.000000e-01 0.000000e+00
nan nan 9.819987e-01 5.750000e-01 5.000000e-01 0.000000e+00
nan nan 9.819987e-01 6.250000e-01 5.000000e-01 0.000000e+00
nan nan 9.819987e-01 6.750000e-01 5.000000e-01 0.000000e+00
nan nan 9.819987e-01 7.250000e-01 5.000000e-01 0.000000e+00
nan nan 9.819987e-01 7.750000e-01 5.000000e-01 0.000000e+00
nan nan 9.819987e-01 8.250000e-01 5.000000e-01 0.000000e+00
nan nan 9.819987e-01 8.750000e-01 5.000000e-01 0.000000e+00
nan nan 9.819987e-01 9.250000e-01 5.000000e-01 0.000000e+00
nan nan 9.819987e-01 9.750000e-01 5.000000e-01 0.000000e+00
nan nan 9.819987e-01 1.025000e+00 5.000000e-01 0.000000e+00
nan nan 9.819987e-01 1.075000e+00 5.000000e-01 0.000000e+00
nan nan 9.819987e-01 1.125000e+00 5.000000e-01 0.000000e+00
nan nan 9.819987e-01 1.175000e+00 5.000000e-01 0.000000e+00
nan nan 9.819987e-01 1.225000e+00 5.000000e-01 0.000000e+00
nan nan 9.819987e-01 1.275000e+00 5.000000e-01 0.000000e+00
nan nan 9.819987e-01 1.325000e+00 5.000000e-01 0.000000e+00
nan nan 9.819987e-01 1.375000e+00 5.000000e-01 0.000000e+00
nan nan 9.819987e-01 1.425000e+00 5.000000e-01 0.000000e+00
nan nan 9.819987e-01 1.475000e+00 5.000000e-01 0.000000e+00
nan nan 9.819987e-01 1.525000e+00 5.000000e-01 0.000000e+00
nan nan 9.819987e-01 1.575000e+00 5.000000e-01 0.000000e+00
nan nan 9.819987e-01 1.625000e+00 5.000000e-01 0.000000e+00
nan nan 9.819987e-01 1.675000e+00 5.000000e-01 0.000000e+00
nan nan 9.819987e-01 1.725000e+00 5.000000e-01 0.000000e+00
nan nan 9.819987e-01 1.775000e+00 5.000000e-01 0.000000e+00
nan nan 9.819987e-01 1.825000e+00 5.000000e-01 0.000000e+00
nan nan 9.819987e-01 1.875000e+00 5.000000e-01 0.000000e+00
nan nan 9.819987e-01 1.925000e+00 5.000000e-01 0.000000e+00
nan nan 9.819987e-01 1.975000e+00 5.000000e-01 0.000000e+00
nan nan 9.819987e-01 2.025000e+00 5.000000e-01 0.000000e+00
nan nan 9.819987e-01 2.075000e+00 5.000000e-01 0.000000e+00
nan nan 9.819987e-01 2.125000e+00 5.000000e-01 0.000000e+00
nan nan 9.819987e-01 2.175000e+00 5.000000e-01 0.000000e+00
nan nan 9.819987e-01 2.225000e+00 5.000000e-01 0.000000e+00
nan nan 9.819987e-01 2.275000e+00 5.000000e-01 0.000000e+00
nan nan 9.819987e-01 2.325000e+00 5.000000e-01 0.000000e+00
nan nan 9.819987e-01 2.375000e+00 5.000000e-01 0.000000e+00
nan nan 9.819987e-01 2.425000e+00 5.000000e-01 0.000000e+00
nan nan 9.819987e-01 2.475000e+00 5.000000e-01 0.000000e+00
nan nan 9.819987e-01 2.525000e+00 5.000000e-01 0.000000e+00
nan nan 9.819987e-01 2.575000e+00 5.000000e-01 0.000000e+00
nan nan 9.819987e-01 2.625000e+00 5.000000e-01 0.000000e+00
nan nan 9.819987e-01 2.675000e+00 5.000000e-01 0.000000e+00
nan nan 9.819987e-01 2.725000e+00 5.000000e-01 0.000000e+00
nan nan 9.819987e-01 2.775000e+00 5.000000e-01 0.000000e+00
nan nan 9.819987e-01 2.825000e+00 5.000000e-01 0.000000e+00
nan nan 9.819987e-01 2.875000e+00 5.000000e-01 0.000000e+00
nan nan 9.919987e-01 2.500000e-02 5.000000e-01 0.000000e+00
nan nan 9.919987e-01 7.500000e-02 5.000000e-01 0.000000e+00
nan nan 9.919987e-01 1.250000e-01 5.000000e-01 0.000000e+00
nan nan 9.919987e-01 1.750000e-01 5.000000e-01 0.000000e+00
nan nan 9.919987e-01 2.250000e-01 5.000000e-01 0.000000e+00
nan nan 9.919987e-01 2.750000e-01 5.000000e-01 0.000000e+00
nan nan 9.919987e-01 3.250000e-01 5.000000e-01 0.000000e+00
nan nan 9.919987e-01 3.750000e-01 5.000000e-01 0.000000e+00
nan nan 9.919987e-01 4.250000e-01 5.000000e-01 0.000000e+00
nan nan 9.919987e-01 4.750000e-01 5.000000e-01 0.000000e+00
nan nan 9.919987e-01 5.250000e-01 5.000000e-01 0.000000e+00
nan nan 9.919987e-01 5.750000e-01 5.000000e-01 0.000000e+00
nan nan 9.919987e-01 6.250000e-01 5.000000e-01 0.000000e+00
nan nan 9.919987e-01 6.750000e-01 5.000000e-01 0.000000e+00
nan nan 9.919987e-01 7.250000e-01 5.000000e-01 0.000000e+00
nan nan 9.919987e-01 7.750000e-01 5.000000e-01 0.000000e+00
nan nan 9.919987e-01 8.250000e-01 5.000000e-01 0.000000e+00
nan nan 9.919987e-01 8.750000e-01 5.000000e-01 0.000000e+00
nan nan 9.919987e-01 9.250000e-01 5.000000e-01 0.000000e+00
nan nan 9.919987e-01 9.750000e-01 5.000000e-01 0.000000e+00
nan nan 9.919987e-01 1.025000e+00 5.000000e-01 0.000000e+00
nan nan 9.919987e-01 1.075000e+00 5.000000e-01 0.000000e+00
nan nan 9.919987e-01 1.125000e+00 5.000000e-01 0.000000e+00
nan nan 9.919987e-01 1.175000e+00 5.000000e-01 0.000000e+00
nan nan 9.919987e-01 1.225000e+00 5.000000e-01 0.000000e+00
nan nan 9.919987e-01 1.275000e+00 5.000000e-01 0.000000e+00
nan nan 9.919987e-01 1.325000e+00 5.000000e-01 0.000000e+00
nan nan 9.919987e-01 1.375000e+00 5.000000e-01 0.000000e+00
nan nan 9.919987e-01 1.425000e+00 5.000000e-01 0.000000e+00
nan nan 9.919987e-01 1.475000e+00 5.000000e-01 0.000000e+00
nan nan 9.919987e-01 1.525000e+00 5.000000e-01 0.000000e+00
nan nan 9.919987e-01 1.575000e+00 5.000000e-01 0.000000e+00
nan nan 9.919987e-01 1.625000e+00 5.000000e-01 0.000000e+00
nan nan 9.919987e-01 1.675000e+00 5.000000e-01 0.000000e+00
nan nan 9.919987e-01 1.725000e+00 5.000000e-01 0.000000e+00
nan nan 9.919987e-01 1.775000e+00 5.000000e-01 0.000000e+00
nan nan 9.919987e-01 1.825000e+00 5.000000e-01 0.000000e+00
nan nan 9.919987e-01 1.875000e+00 5.000000e-01 0.000000e+00
nan nan 9.919987e-01 1.925000e+00 5.000000e-01 0.000000e+00
nan nan 9.919987e-01 1.975000e+00 5.000000e-01 0.000000e+00
nan nan 9.919987e-01 2.025000e+00 5.000000e-01 0.000000e+00
nan nan 9.919987e-01 2.075000e+00 5.000000e-01 0.000000e+00
nan nan 9.919987e-01 2.125000e+00 5.000000e-01 0.000000e+00
nan nan 9.919987e-01 2.175000e+00 5.000000e-01 0.000000e+00
nan nan 9.919987e-01 2.225000e+00 5.000000e-01 0.000000e+00
nan nan 9.919987e-01 2.275000e+00 5.000000e-01 0.000000e+00
nan nan 9.919987e-01 2.325000e+00 5.000000e-01 0.000000e+00
nan nan 9.919987e-01 2.375000e+00 5.000000e-01 0.000000e+00
nan nan 9.919987e-01 2.425000e+00 5.000000e-01 0.000000e+00
nan nan 9.919987e-01 2.475000e+00 5.000000e-01 0.000000e+00
nan nan 9.919987e-01 2.525000e+00 5.000000e-01 0.000000e+00
nan nan 9.919987e-01 2.575000e+00 5.000000e-01 0.000000e+00
nan nan 9.919987e-01 2.625000e+00 5.000000e-01 0.000000e+00
nan nan 9.919987e-01 2.675000e+00 5.000000e-01 0.000000e+00
nan nan 9.919987e-01 2.725000e+00 5.000000e-01 0.000000e+00
nan nan 9.919987e-01 2.775000e+00 5.000000e-01 0.000000e+00
nan nan 9.919987e-01 2.825000e+00 5.000000e-01 0.000000e+00
nan nan 9.919987e-01 2.875000e+00 5.000000e-01 0.000000e+00
nan nan 1.001999e+00 2.500000e-02 5.000000e-01 0.000000e+00
nan nan 1.001999e+00 7.500000e-02 5.000000e-01 0.000000e+00
nan nan 1.001999e+00 1.250000e-01 5.000000e-01 0.000000e+00
nan nan 1.001999e+00 1.750000e-01 5.000000e-01 0.000000e+00
nan nan 1.001999e+00 2.250000e-01 5.000000e-01 0.000000e+00
nan nan 1.001999e+00 2.750000e-01 5.000000e-01 0.000000e+00
nan nan 1.001999e+00 3.250000e-01 5.000000e-01 0.000000e+00
nan nan 1.001999e+00 3.750000e-01 5.000000e-01 0.000000e+00
nan nan 1.001999e+00 4.250000e-01 5.000000e-01 0.000000e+00
nan nan 1.001999e+00 4.750000e-01 5.000000e-01 0.000000e+00
nan nan 1.001999e+00 5.250000e-01 5.000000e-01 0.000000e+00
nan nan 1.001999e+00 5.750000e-01 5.000000e-01 0.000000e+00
nan nan 1.001999e+00 6.250000e-01 5.000000e-01 0.000000e+00
nan nan 1.001999e+00 6.750000e-01 5.000000e-01 0.000000e+00
nan nan 1.001999e+00 7.250000e-01 5.000000e-01 0.000000e+00
nan nan 1.001999e+00 7.750000e-01 5.000000e-01 0.000000e+00
nan nan 1.001999e+00 8.250000e-01 5.000000e-01 0.000000e+00
nan nan 1.001999e+00 8.750000e-01 5.000000e-01 0.000000e+00
nan nan 1.001999e+00 9.250000e-01 5.000000e-01 0.000000e+00
nan nan 1.001999e+00 9.750000e-01 5.000000e-01 0.000000e+00
nan nan 1.001999e+00 1.025000e+00 5.000000e-01 0.000000e+00
nan nan 1.001999e+00 1.075000e+00 5.000000e-01 0.000000e+00
nan nan 1.001999e+00 1.125000e+00 5.000000e-01 0.000000e+00
nan nan 1.001999e+00 1.175000e+00 5.000000e-01 0.000000e+00
nan nan 1.001999e+00 1.225000e+00 5.000000e-01 0.000000e+00
nan nan 1.001999e+00 1.275000e+00 5.000000e-01 0.000000e+00
nan nan 1.001999e+00 1.325000e+00 5.000000e-01 0.000000e+00
nan nan 1.001999e+00 1.375000e+00 5.000000e-01 0.000000e+00
nan nan 1.001999e+00 1.425000e+00 5.000000e-01 0.000000e+00
nan nan 1.001999e+00 1.475000e+00 5.000000e-01 0.000000e+00
nan nan 1.001999e+00 1.525000e+00 5.000000e-01 0.000000e+00
nan nan 1.001999e+00 1.575000e+00 5.000000e-01 0.000000e+00
nan nan 1.001999e+00 1.625000e+00 5.000000e-01 0.000000e+00
nan nan 1.001999e+00 1.675000e+00 5.000000e-01 0.000000e+00
nan nan 1.001999e+00 1.725000e+00 5.000000e-01 0.000000e+00
nan nan 1.001999e+00 1.775000e+00 5.000000e-01 0.000000e+00
nan nan 1.001999e+00 1.825000e+00 5.000000e-01 0.000000e+00
nan nan 1.001999e+00 1.875000e+00 5.000000e-01 0.000000e+00
nan nan 1.001999e+00 1.925000e+00 5.000000e-01 0.000000e+00
nan nan 1.001999e+00 1.975000e+00 5.000000e-01 0.000000e+00
nan nan 1.001999e+00 2.025000e+00 5.000000e-01 0.000000e+00
nan nan 1.001999e+00 2.075000e+00 5.000000e-01 0.000000e+00
nan nan 1.001999e+00 2.125000e+00 5.000000e-01 0.000000e+00
nan nan 1.001999e+00 2.175000e+00 5.000000e-01 0.000000e+00
nan nan 1.001999e+00 2.225000e+00 5.000000e-01 0.000000e+00
nan nan 1.001999e+00 2.275000e+00 5.000000e-01 0.000000e+00
nan nan 1.001999e+00 2.325000e+00 5.000000e-01 0.000000e+00
nan nan 1.001999e+00 2.375000e+00 5.000000e-01 0.000000e+00
nan nan 1.001999e+00 2.425000e+00 5.000000e-01 0.000000e+00
nan nan 1.001999e+00 2.475000e+00 5.000000e-01 0.000000e+00
nan nan 1.001999e+00 2.525000e+00 5.000000e-01 0.000000e+00
nan nan 1.001999e+00 2.575000e+00 5.000000e-01 0.000000e+00
nan nan 1.001999e+00 2.625000e+00 5.000000e-01 0.000000e+00
nan nan 1.001999e+00 2.675000e+00 5.000000e-01 0.000000e+00
nan nan 1.001999e+00 2.725000e+00 5.000000e-01 0.000000e+00
nan nan 1.001999e+00 2.775000e+00 5.000000e-01 0.000000e+00
nan nan 1.001999e+00 2.825000e+00 5.000000e-01 0.000000e+00
nan nan 1.001999e+00 2.875000e+00 5.000000e-01 0.000000e+00
