# Intensity Error [-0.5K,K,0] DeltaE [0,0,L] [H,0,0]
#  shape: 67x80x1x1
3.280601e-01 3.450401e-03 -3.230000e-01 2.500000e-02 0.000000e+00 5.000000e-01
2.164831e-01 2.816941e-03 -3.230000e-01 7.500000e-02 0.000000e+00 5.000000e-01
7.936292e-02 1.718797e-03 -3.230000e-01 1.250000e-01 0.000000e+00 5.000000e-01
4.743751e-02 1.319748e-03 -3.230000e-01 1.750000e-01 0.000000e+00 5.000000e-01
2.083293e-02 8.948522e-04 -3.230000e-01 2.250000e-01 0.000000e+00 5.000000e-01
1.088021e-02 6.479078e-04 -3.230000e-01 2.750000e-01 0.000000e+00 5.000000e-01
7.152013e-03 5.272541e-04 -3.230000e-01 3.250000e-01 0.000000e+00 5.000000e-01
6.871120e-03 5.208990e-04 -3.230000e-01 3.750000e-01 0.000000e+00 5.000000e-01
8.720448e-03 5.852788e-04 -3.230000e-01 4.250000e-01 0.000000e+00 5.000000e-01
6.770808e-03 5.223799e-04 -3.230000e-01 4.750000e-01 0.000000e+00 5.000000e-01
8.752222e-03 5.927762e-04 -3.230000e-01 5.250000e-01 0.000000e+00 5.000000e-01
5.789846e-03 4.858739e-04 -3.230000e-01 5.750000e-01 0.000000e+00 5.000000e-01
6.557161e-03 5.216605e-04 -3.230000e-01 6.250000e-01 0.000000e+00 5.000000e-01
4.927657e-03 4.536284e-04 -3.230000e-01 6.750000e-01 0.000000e+00 5.000000e-01
6.002242e-03 5.001876e-04 -3.230000e-01 7.250000e-01 0.000000e+00 5.000000e-01
3.778176e-03 3.982556e-04 -3.230000e-01 7.750000e-01 0.000000e+00 5.000000e-01
4.908579e-03 4.518720e-04 -3.230000e-01 8.250000e-01 0.000000e+00 5.000000e-01
5.179101e-03 4.650978e-04 -3.230000e-01 8.750000e-01 0.000000e+00 5.000000e-01
4.906104e-03 4.555212e-04 -3.230000e-01 9.250000e-01 0.000000e+00 5.000000e-01
3.103248e-03 3.607459e-04 -3.230000e-01 9.750000e-01 0.000000e+00 5.000000e-01
4.042607e-03 4.125977e-04 -3.230000e-01 1.025000e+00 0.000000e+00 5.000000e-01
3.427774e-03 3.785349e-04 -3.230000e-01 1.075000e+00 0.000000e+00 5.000000e-01
2.727323e-03 3.357107e-04 -3.230000e-01 1.125000e+00 0.000000e+00 5.000000e-01
2.362008e-03 3.101473e-04 -3.230000e-01 1.175000e+00 0.000000e+00 5.000000e-01
2.539701e-03 3.225428e-04 -3.230000e-01 1.225000e+00 0.000000e+00 5.000000e-01
1.378439e-03 2.364010e-04 -3.230000e-01 1.275000e+00 0.000000e+00 5.000000e-01
1.119072e-03 2.114851e-04 -3.230000e-01 1.325000e+00 0.000000e+00 5.000000e-01
1.666601e-03 2.571628e-04 -3.230000e-01 1.375000e+00 0.000000e+00 5.000000e-01
1.576702e-03 2.492993e-04 -3.230000e-01 1.425000e+00 0.000000e+00 5.000000e-01
9.482798e-04 1.935671e-04 -3.230000e-01 1.475000e+00 0.000000e+00 5.000000e-01
9.497713e-04 1.938718e-04 -3.230000e-01 1.525000e+00 0.000000e+00 5.000000e-01
1.100250e-03 2.079281e-04 -3.230000e-01 1.575000e+00 0.000000e+00 5.000000e-01
9.325140e-04 1.903490e-04 -3.230000e-01 1.625000e+00 0.000000e+00 5.000000e-01
6.923038e-04 1.631778e-04 -3.230000e-01 1.675000e+00 0.000000e+00 5.000000e-01
7.660884e-04 1.713032e-04 -3.230000e-01 1.725000e+00 0.000000e+00 5.000000e-01
6.037453e-04 1.509370e-04 -3.230000e-01 1.775000e+00 0.000000e+00 5.000000e-01
8.958857e-04 1.828723e-04 -3.230000e-01 1.825000e+00 0.000000e+00 5.000000e-01
1.412373e-03 2.291176e-04 -3.230000e-01 1.875000e+00 0.000000e+00 5.000000e-01
6.678493e-04 1.574141e-04 -3.230000e-01 1.925000e+00 0.000000e+00 5.000000e-01
1.405067e-03 2.279327e-04 -3.230000e-01 1.975000e+00 0.000000e+00 5.000000e-01
1.760043e-03 2.540414e-04 -3.230000e-01 2.025000e+00 0.000000e+00 5.000000e-01
2.025169e-03 2.706253e-04 -3.230000e-01 2.075000e+00 0.000000e+00 5.000000e-01
1.076996e-03 1.966323e-04 -3.230000e-01 2.125000e+00 0.000000e+00 5.000000e-01
4.220252e-04 1.218285e-04 -3.230000e-01 2.175000e+00 0.000000e+00 5.000000e-01
4.902813e-04 1.310335e-04 -3.230000e-01 2.225000e+00 0.000000e+00 5.000000e-01
1.392878e-04 6.964395e-05 -3.230000e-01 2.275000e+00 0.000000e+00 5.000000e-01
2.075419e-04 8.472898e-05 -3.230000e-01 2.325000e+00 0.000000e+00 5.000000e-01
4.106900e-04 1.185561e-04 -3.230000e-01 2.375000e+00 0.000000e+00 5.000000e-01
4.715700e-04 1.260331e-04 -3.230000e-01 2.425000e+00 0.000000e+00 5.000000e-01
2.665093e-04 9.422567e-05 -3.230000e-01 2.475000e+00 0.000000e+00 5.000000e-01
3.960582e-04 1.143327e-04 -3.230000e-01 2.525000e+00 0.000000e+00 5.000000e-01
1.311723e-04 6.558652e-05 -3.230000e-01 2.575000e+00 0.000000e+00 5.000000e-01
5.212000e-04 1.303007e-04 -3.230000e-01 2.625000e+00 0.000000e+00 5.000000e-01
2.561254e-04 9.055447e-05 -3.230000e-01 2.675000e+00 0.000000e+00 5.000000e-01
6.287460e-05 4.445906e-05 -3.230000e-01 2.725000e+00 0.000000e+00 5.000000e-01
6.202866e-05 4.386089e-05 -3.230000e-01 2.775000e+00 0.000000e+00 5.000000e-01
3.709851e-04 1.070948e-04 -3.230000e-01 2.825000e+00 0.000000e+00 5.000000e-01
3.042664e-04 9.621790e-05 -3.230000e-01 2.875000e+00 0.000000e+00 5.000000e-01
2.987010e-04 9.445891e-05 -3.230000e-01 2.925000e+00 0.000000e+00 5.000000e-01
1.757785e-04 7.176135e-05 -3.230000e-01 2.975000e+00 0.000000e+00 5.000000e-01
4.073483e-04 1.088686e-04 -3.230000e-01 3.025000e+00 0.000000e+00 5.000000e-01
1.148329e-04 5.741745e-05 -3.230000e-01 3.075000e+00 0.000000e+00 5.000000e-01
3.920948e-04 1.047922e-04 -3.230000e-01 3.125000e+00 0.000000e+00 5.000000e-01
4.427647e-04 1.106917e-04 -3.230000e-01 3.175000e+00 0.000000e+00 5.000000e-01
1.090157e-04 5.450814e-05 -3.230000e-01 3.225000e+00 0.000000e+00 5.000000e-01
6.397798e-04 1.305964e-04 -3.230000e-01 3.275000e+00 0.000000e+00 5.000000e-01
2.097817e-04 7.417014e-05 -3.230000e-01 3.325000e+00 0.000000e+00 5.000000e-01
4.114967e-04 1.028750e-04 -3.230000e-01 3.375000e+00 0.000000e+00 5.000000e-01
1.998301e-04 7.065154e-05 -3.230000e-01 3.425000e+00 0.000000e+00 5.000000e-01
1.963885e-04 6.943555e-05 -3.230000e-01 3.475000e+00 0.000000e+00 5.000000e-01
4.807257e-04 1.074955e-04 -3.230000e-01 3.525000e+00 0.000000e+00 5.000000e-01
3.266026e-04 8.728881e-05 -3.230000e-01 3.575000e+00 0.000000e+00 5.000000e-01
1.814216e-04 6.414232e-05 -3.230000e-01 3.625000e+00 0.000000e+00 5.000000e-01
2.675254e-04 7.723003e-05 -3.230000e-01 3.675000e+00 0.000000e+00 5.000000e-01
4.390549e-04 9.817854e-05 -3.230000e-01 3.725000e+00 0.000000e+00 5.000000e-01
3.018587e-04 8.067664e-05 -3.230000e-01 3.775000e+00 0.000000e+00 5.000000e-01
4.619331e-04 9.848776e-05 -3.230000e-01 3.825000e+00 0.000000e+00 5.000000e-01
3.243447e-04 8.108974e-05 -3.230000e-01 3.875000e+00 0.000000e+00 5.000000e-01
4.962505e-04 9.732495e-05 -3.230000e-01 3.925000e+00 0.000000e+00 5.000000e-01
5.494184e-04 1.003147e-04 -3.230000e-01 3.975000e+00 0.000000e+00 5.000000e-01
3.349265e-01 3.366142e-03 -3.030000e-01 2.500000e-02 0.000000e+00 5.000000e-01
2.096195e-01 2.645583e-03 -3.030000e-01 7.500000e-02 0.000000e+00 5.000000e-01
8.171125e-02 1.665153e-03 -3.030000e-01 1.250000e-01 0.000000e+00 5.000000e-01
4.230842e-02 1.197623e-03 -3.030000e-01 1.750000e-01 0.000000e+00 5.000000e-01
1.962891e-02 8.178724e-04 -3.030000e-01 2.250000e-01 0.000000e+00 5.000000e-01
1.148207e-02 6.359336e-04 -3.030000e-01 2.750000e-01 0.000000e+00 5.000000e-01
8.441080e-03 5.448700e-04 -3.030000e-01 3.250000e-01 0.000000e+00 5.000000e-01
6.504051e-03 4.821131e-04 -3.030000e-01 3.750000e-01 0.000000e+00 5.000000e-01
7.085894e-03 5.061359e-04 -3.030000e-01 4.250000e-01 0.000000e+00 5.000000e-01
5.997253e-03 4.626986e-04 -3.030000e-01 4.750000e-01 0.000000e+00 5.000000e-01
6.345189e-03 4.782873e-04 -3.030000e-01 5.250000e-01 0.000000e+00 5.000000e-01
7.357799e-03 5.202758e-04 -3.030000e-01 5.750000e-01 0.000000e+00 5.000000e-01
5.407709e-03 4.475457e-04 -3.030000e-01 6.250000e-01 0.000000e+00 5.000000e-01
4.815850e-03 4.256656e-04 -3.030000e-01 6.750000e-01 0.000000e+00 5.000000e-01
6.833774e-03 5.065538e-04 -3.030000e-01 7.250000e-01 0.000000e+00 5.000000e-01
5.589480e-03 4.594533e-04 -3.030000e-01 7.750000e-01 0.000000e+00 5.000000e-01
4.947967e-03 4.339662e-04 -3.030000e-01 8.250000e-01 0.000000e+00 5.000000e-01
4.663232e-03 4.221899e-04 -3.030000e-01 8.750000e-01 0.000000e+00 5.000000e-01
4.121008e-03 4.002683e-04 -3.030000e-01 9.250000e-01 0.000000e+00 5.000000e-01
2.995870e-03 3.436505e-04 -3.030000e-01 9.750000e-01 0.000000e+00 5.000000e-01
4.018891e-03 4.018898e-04 -3.030000e-01 1.025000e+00 0.000000e+00 5.000000e-01
4.229847e-03 4.108398e-04 -3.030000e-01 1.075000e+00 0.000000e+00 5.000000e-01
2.155228e-03 2.932900e-04 -3.030000e-01 1.125000e+00 0.000000e+00 5.000000e-01
1.511489e-03 2.451964e-04 -3.030000e-01 1.175000e+00 0.000000e+00 5.000000e-01
2.010368e-03 2.843096e-04 -3.030000e-01 1.225000e+00 0.000000e+00 5.000000e-01
1.361889e-03 2.335627e-04 -3.030000e-01 1.275000e+00 0.000000e+00 5.000000e-01
1.427403e-03 2.379010e-04 -3.030000e-01 1.325000e+00 0.000000e+00 5.000000e-01
1.332750e-03 2.285653e-04 -3.030000e-01 1.375000e+00 0.000000e+00 5.000000e-01
1.012232e-03 1.985157e-04 -3.030000e-01 1.425000e+00 0.000000e+00 5.000000e-01
1.569215e-03 2.481150e-04 -3.030000e-01 1.475000e+00 0.000000e+00 5.000000e-01
9.327058e-04 1.903881e-04 -3.030000e-01 1.525000e+00 0.000000e+00 5.000000e-01
1.081592e-03 2.044021e-04 -3.030000e-01 1.575000e+00 0.000000e+00 5.000000e-01
6.177647e-04 1.544416e-04 -3.030000e-01 1.625000e+00 0.000000e+00 5.000000e-01
3.801274e-04 1.202070e-04 -3.030000e-01 1.675000e+00 0.000000e+00 5.000000e-01
6.780212e-04 1.598114e-04 -3.030000e-01 1.725000e+00 0.000000e+00 5.000000e-01
1.044743e-03 1.974383e-04 -3.030000e-01 1.775000e+00 0.000000e+00 5.000000e-01
5.930359e-04 1.482594e-04 -3.030000e-01 1.825000e+00 0.000000e+00 5.000000e-01
1.027961e-03 1.942669e-04 -3.030000e-01 1.875000e+00 0.000000e+00 5.000000e-01
1.171431e-03 2.070823e-04 -3.030000e-01 1.925000e+00 0.000000e+00 5.000000e-01
1.097800e-03 2.004307e-04 -3.030000e-01 1.975000e+00 0.000000e+00 5.000000e-01
1.959661e-03 2.666769e-04 -3.030000e-01 2.025000e+00 0.000000e+00 5.000000e-01
2.063758e-03 2.709860e-04 -3.030000e-01 2.075000e+00 0.000000e+00 5.000000e-01
1.133302e-03 2.003420e-04 -3.030000e-01 2.125000e+00 0.000000e+00 5.000000e-01
6.974190e-04 1.559482e-04 -3.030000e-01 2.175000e+00 0.000000e+00 5.000000e-01
3.452667e-04 1.091832e-04 -3.030000e-01 2.225000e+00 0.000000e+00 5.000000e-01
4.824054e-04 1.289288e-04 -3.030000e-01 2.275000e+00 0.000000e+00 5.000000e-01
6.189123e-04 1.458796e-04 -3.030000e-01 2.325000e+00 0.000000e+00 5.000000e-01
2.040074e-04 8.328580e-05 -3.030000e-01 2.375000e+00 0.000000e+00 5.000000e-01
7.366790e-04 1.570611e-04 -3.030000e-01 2.425000e+00 0.000000e+00 5.000000e-01
2.616064e-04 9.249193e-05 -3.030000e-01 2.475000e+00 0.000000e+00 5.000000e-01
3.908175e-04 1.128201e-04 -3.030000e-01 2.525000e+00 0.000000e+00 5.000000e-01
3.880968e-04 1.120345e-04 -3.030000e-01 2.575000e+00 0.000000e+00 5.000000e-01
3.212972e-04 1.016041e-04 -3.030000e-01 2.625000e+00 0.000000e+00 5.000000e-01
1.263233e-04 6.316176e-05 -3.030000e-01 2.675000e+00 0.000000e+00 5.000000e-01
1.246331e-04 6.231706e-05 -3.030000e-01 2.725000e+00 0.000000e+00 5.000000e-01
4.903423e-04 1.225862e-04 -3.030000e-01 2.775000e+00 0.000000e+00 5.000000e-01
3.656256e-04 1.055477e-04 -3.030000e-01 2.825000e+00 0.000000e+00 5.000000e-01
4.209782e-04 1.125122e-04 -3.030000e-01 2.875000e+00 0.000000e+00 5.000000e-01
2.957712e-04 9.353249e-05 -3.030000e-01 2.925000e+00 0.000000e+00 5.000000e-01
2.315348e-04 8.186056e-05 -3.030000e-01 2.975000e+00 0.000000e+00 5.000000e-01
2.871620e-04 9.080921e-05 -3.030000e-01 3.025000e+00 0.000000e+00 5.000000e-01
5.082537e-04 1.197988e-04 -3.030000e-01 3.075000e+00 0.000000e+00 5.000000e-01
3.326410e-04 9.602595e-05 -3.030000e-01 3.125000e+00 0.000000e+00 5.000000e-01
2.188077e-04 7.736078e-05 -3.030000e-01 3.175000e+00 0.000000e+00 5.000000e-01
2.677846e-04 8.468222e-05 -3.030000e-01 3.225000e+00 0.000000e+00 5.000000e-01
4.183594e-04 1.045913e-04 -3.030000e-01 3.275000e+00 0.000000e+00 5.000000e-01
3.103059e-04 8.957970e-05 -3.030000e-01 3.325000e+00 0.000000e+00 5.000000e-01
4.021746e-04 1.005452e-04 -3.030000e-01 3.375000e+00 0.000000e+00 5.000000e-01
3.896227e-04 9.740637e-05 -3.030000e-01 3.425000e+00 0.000000e+00 5.000000e-01
1.406600e-04 5.742425e-05 -3.030000e-01 3.475000e+00 0.000000e+00 5.000000e-01
3.634897e-04 9.087521e-05 -3.030000e-01 3.525000e+00 0.000000e+00 5.000000e-01
1.312141e-04 5.356799e-05 -3.030000e-01 3.575000e+00 0.000000e+00 5.000000e-01
4.658688e-04 9.932541e-05 -3.030000e-01 3.625000e+00 0.000000e+00 5.000000e-01
2.895587e-04 7.738941e-05 -3.030000e-01 3.675000e+00 0.000000e+00 5.000000e-01
6.027692e-04 1.100532e-04 -3.030000e-01 3.725000e+00 0.000000e+00 5.000000e-01
1.567136e-04 5.540968e-05 -3.030000e-01 3.775000e+00 0.000000e+00 5.000000e-01
5.585162e-04 1.019761e-04 -3.030000e-01 3.825000e+00 0.000000e+00 5.000000e-01
5.787039e-04 1.023060e-04 -3.030000e-01 3.875000e+00 0.000000e+00 5.000000e-01
5.666931e-04 1.001824e-04 -3.030000e-01 3.925000e+00 0.000000e+00 5.000000e-01
4.737585e-04 8.953741e-05 -3.030000e-01 3.975000e+00 0.000000e+00 5.000000e-01
3.285736e-01 3.191091e-03 -2.830000e-01 2.500000e-02 0.000000e+00 5.000000e-01
2.026609e-01 2.506003e-03 -2.830000e-01 7.500000e-02 0.000000e+00 5.000000e-01
7.003677e-02 1.473888e-03 -2.830000e-01 1.250000e-01 0.000000e+00 5.000000e-01
3.703591e-02 1.087413e-03 -2.830000e-01 1.750000e-01 0.000000e+00 5.000000e-01
1.965993e-02 7.895628e-04 -2.830000e-01 2.250000e-01 0.000000e+00 5.000000e-01
1.051026e-02 5.803325e-04 -2.830000e-01 2.750000e-01 0.000000e+00 5.000000e-01
6.811043e-03 4.700072e-04 -2.830000e-01 3.250000e-01 0.000000e+00 5.000000e-01
7.768461e-03 5.035553e-04 -2.830000e-01 3.750000e-01 0.000000e+00 5.000000e-01
7.004100e-03 4.787910e-04 -2.830000e-01 4.250000e-01 0.000000e+00 5.000000e-01
6.491102e-03 4.636507e-04 -2.830000e-01 4.750000e-01 0.000000e+00 5.000000e-01
6.861703e-03 4.780782e-04 -2.830000e-01 5.250000e-01 0.000000e+00 5.000000e-01
6.240400e-03 4.575689e-04 -2.830000e-01 5.750000e-01 0.000000e+00 5.000000e-01
5.135853e-03 4.165735e-04 -2.830000e-01 6.250000e-01 0.000000e+00 5.000000e-01
5.961750e-03 4.493846e-04 -2.830000e-01 6.750000e-01 0.000000e+00 5.000000e-01
5.021670e-03 4.155971e-04 -2.830000e-01 7.250000e-01 0.000000e+00 5.000000e-01
5.357361e-03 4.317091e-04 -2.830000e-01 7.750000e-01 0.000000e+00 5.000000e-01
4.655579e-03 4.021813e-04 -2.830000e-01 8.250000e-01 0.000000e+00 5.000000e-01
3.723961e-03 3.583389e-04 -2.830000e-01 8.750000e-01 0.000000e+00 5.000000e-01
4.140435e-03 3.811586e-04 -2.830000e-01 9.250000e-01 0.000000e+00 5.000000e-01
3.428493e-03 3.499198e-04 -2.830000e-01 9.750000e-01 0.000000e+00 5.000000e-01
2.945397e-03 3.252653e-04 -2.830000e-01 1.025000e+00 0.000000e+00 5.000000e-01
2.219449e-03 2.818707e-04 -2.830000e-01 1.075000e+00 0.000000e+00 5.000000e-01
2.609106e-03 3.074867e-04 -2.830000e-01 1.125000e+00 0.000000e+00 5.000000e-01
2.378941e-03 2.928279e-04 -2.830000e-01 1.175000e+00 0.000000e+00 5.000000e-01
1.609599e-03 2.426567e-04 -2.830000e-01 1.225000e+00 0.000000e+00 5.000000e-01
1.910226e-03 2.649013e-04 -2.830000e-01 1.275000e+00 0.000000e+00 5.000000e-01
1.463679e-03 2.314286e-04 -2.830000e-01 1.325000e+00 0.000000e+00 5.000000e-01
1.539468e-03 2.375456e-04 -2.830000e-01 1.375000e+00 0.000000e+00 5.000000e-01
1.473955e-03 2.330531e-04 -2.830000e-01 1.425000e+00 0.000000e+00 5.000000e-01
1.423874e-03 2.309833e-04 -2.830000e-01 1.475000e+00 0.000000e+00 5.000000e-01
1.351933e-03 2.253228e-04 -2.830000e-01 1.525000e+00 0.000000e+00 5.000000e-01
7.488115e-04 1.674396e-04 -2.830000e-01 1.575000e+00 0.000000e+00 5.000000e-01
8.256974e-04 1.760397e-04 -2.830000e-01 1.625000e+00 0.000000e+00 5.000000e-01
8.168619e-04 1.741558e-04 -2.830000e-01 1.675000e+00 0.000000e+00 5.000000e-01
6.661001e-04 1.570016e-04 -2.830000e-01 1.725000e+00 0.000000e+00 5.000000e-01
1.103423e-03 2.014572e-04 -2.830000e-01 1.775000e+00 0.000000e+00 5.000000e-01
8.771652e-04 1.790511e-04 -2.830000e-01 1.825000e+00 0.000000e+00 5.000000e-01
1.447477e-03 2.288667e-04 -2.830000e-01 1.875000e+00 0.000000e+00 5.000000e-01
1.014635e-03 1.917485e-04 -2.830000e-01 1.925000e+00 0.000000e+00 5.000000e-01
1.300381e-03 2.167306e-04 -2.830000e-01 1.975000e+00 0.000000e+00 5.000000e-01
2.285433e-03 2.856803e-04 -2.830000e-01 2.025000e+00 0.000000e+00 5.000000e-01
2.189984e-03 2.781293e-04 -2.830000e-01 2.075000e+00 0.000000e+00 5.000000e-01
1.818035e-03 2.521170e-04 -2.830000e-01 2.125000e+00 0.000000e+00 5.000000e-01
9.614374e-04 1.816953e-04 -2.830000e-01 2.175000e+00 0.000000e+00 5.000000e-01
4.114318e-04 1.187705e-04 -2.830000e-01 2.225000e+00 0.000000e+00 5.000000e-01
2.720238e-04 9.617503e-05 -2.830000e-01 2.275000e+00 0.000000e+00 5.000000e-01
3.390458e-04 1.072161e-04 -2.830000e-01 2.325000e+00 0.000000e+00 5.000000e-01
4.015338e-04 1.159137e-04 -2.830000e-01 2.375000e+00 0.000000e+00 5.000000e-01
2.639379e-04 9.331624e-05 -2.830000e-01 2.425000e+00 0.000000e+00 5.000000e-01
4.561514e-04 1.219120e-04 -2.830000e-01 2.475000e+00 0.000000e+00 5.000000e-01
3.217848e-04 1.017579e-04 -2.830000e-01 2.525000e+00 0.000000e+00 5.000000e-01
2.557193e-04 9.041084e-05 -2.830000e-01 2.575000e+00 0.000000e+00 5.000000e-01
3.814855e-04 1.101263e-04 -2.830000e-01 2.625000e+00 0.000000e+00 5.000000e-01
1.870737e-04 7.637337e-05 -2.830000e-01 2.675000e+00 0.000000e+00 5.000000e-01
4.907281e-04 1.226830e-04 -2.830000e-01 2.725000e+00 0.000000e+00 5.000000e-01
2.423354e-04 8.567979e-05 -2.830000e-01 2.775000e+00 0.000000e+00 5.000000e-01
4.209823e-04 1.125128e-04 -2.830000e-01 2.825000e+00 0.000000e+00 5.000000e-01
1.771003e-04 7.230153e-05 -2.830000e-01 2.875000e+00 0.000000e+00 5.000000e-01
2.324209e-04 8.217382e-05 -2.830000e-01 2.925000e+00 0.000000e+00 5.000000e-01
1.713134e-04 6.993843e-05 -2.830000e-01 2.975000e+00 0.000000e+00 5.000000e-01
3.964676e-04 1.059618e-04 -2.830000e-01 3.025000e+00 0.000000e+00 5.000000e-01
1.663679e-04 6.791995e-05 -2.830000e-01 3.075000e+00 0.000000e+00 5.000000e-01
5.377156e-04 1.202377e-04 -2.830000e-01 3.125000e+00 0.000000e+00 5.000000e-01
3.699685e-04 9.887940e-05 -2.830000e-01 3.175000e+00 0.000000e+00 5.000000e-01
1.021438e-04 5.107206e-05 -2.830000e-01 3.225000e+00 0.000000e+00 5.000000e-01
1.485230e-04 6.063571e-05 -2.830000e-01 3.275000e+00 0.000000e+00 5.000000e-01
2.875195e-04 8.300053e-05 -2.830000e-01 3.325000e+00 0.000000e+00 5.000000e-01
4.150810e-04 9.783600e-05 -2.830000e-01 3.375000e+00 0.000000e+00 5.000000e-01
2.663375e-04 7.688560e-05 -2.830000e-01 3.425000e+00 0.000000e+00 5.000000e-01
3.878600e-04 9.142136e-05 -2.830000e-01 3.475000e+00 0.000000e+00 5.000000e-01
2.939717e-04 7.856885e-05 -2.830000e-01 3.525000e+00 0.000000e+00 5.000000e-01
2.472157e-04 7.136628e-05 -2.830000e-01 3.575000e+00 0.000000e+00 5.000000e-01
3.224576e-04 8.061692e-05 -2.830000e-01 3.625000e+00 0.000000e+00 5.000000e-01
4.281757e-04 9.128898e-05 -2.830000e-01 3.675000e+00 0.000000e+00 5.000000e-01
5.224342e-04 9.873539e-05 -2.830000e-01 3.725000e+00 0.000000e+00 5.000000e-01
3.982646e-04 8.491302e-05 -2.830000e-01 3.775000e+00 0.000000e+00 5.000000e-01
3.494369e-04 7.813852e-05 -2.830000e-01 3.825000e+00 0.000000e+00 5.000000e-01
3.405848e-04 7.616127e-05 -2.830000e-01 3.875000e+00 0.000000e+00 5.000000e-01
5.585829e-04 9.580031e-05 -2.830000e-01 3.925000e+00 0.000000e+00 5.000000e-01
8.015426e-04 1.111604e-04 -2.830000e-01 3.975000e+00 0.000000e+00 5.000000e-01
3.271006e-01 3.087232e-03 -2.630000e-01 2.500000e-02 0.000000e+00 5.000000e-01
1.812984e-01 2.321671e-03 -2.630000e-01 7.500000e-02 0.000000e+00 5.000000e-01
5.480681e-02 1.266724e-03 -2.630000e-01 1.250000e-01 0.000000e+00 5.000000e-01
2.819729e-02 9.062962e-04 -2.630000e-01 1.750000e-01 0.000000e+00 5.000000e-01
1.678918e-02 7.094730e-04 -2.630000e-01 2.250000e-01 0.000000e+00 5.000000e-01
9.264227e-03 5.278789e-04 -2.630000e-01 2.750000e-01 0.000000e+00 5.000000e-01
1.005612e-02 5.519020e-04 -2.630000e-01 3.250000e-01 0.000000e+00 5.000000e-01
7.096892e-03 4.639390e-04 -2.630000e-01 3.750000e-01 0.000000e+00 5.000000e-01
7.730503e-03 4.831570e-04 -2.630000e-01 4.250000e-01 0.000000e+00 5.000000e-01
7.354681e-03 4.747434e-04 -2.630000e-01 4.750000e-01 0.000000e+00 5.000000e-01
6.898674e-03 4.609378e-04 -2.630000e-01 5.250000e-01 0.000000e+00 5.000000e-01
5.550793e-03 4.137323e-04 -2.630000e-01 5.750000e-01 0.000000e+00 5.000000e-01
5.751708e-03 4.240222e-04 -2.630000e-01 6.250000e-01 0.000000e+00 5.000000e-01
5.059823e-03 4.000147e-04 -2.630000e-01 6.750000e-01 0.000000e+00 5.000000e-01
5.710631e-03 4.256460e-04 -2.630000e-01 7.250000e-01 0.000000e+00 5.000000e-01
5.701766e-03 4.249853e-04 -2.630000e-01 7.750000e-01 0.000000e+00 5.000000e-01
4.249457e-03 3.670978e-04 -2.630000e-01 8.250000e-01 0.000000e+00 5.000000e-01
4.424541e-03 3.766426e-04 -2.630000e-01 8.750000e-01 0.000000e+00 5.000000e-01
4.226828e-03 3.707180e-04 -2.630000e-01 9.250000e-01 0.000000e+00 5.000000e-01
3.721833e-03 3.485823e-04 -2.630000e-01 9.750000e-01 0.000000e+00 5.000000e-01
2.743726e-03 2.993655e-04 -2.630000e-01 1.025000e+00 0.000000e+00 5.000000e-01
3.233528e-03 3.266363e-04 -2.630000e-01 1.075000e+00 0.000000e+00 5.000000e-01
2.563244e-03 2.902309e-04 -2.630000e-01 1.125000e+00 0.000000e+00 5.000000e-01
2.583339e-03 2.925062e-04 -2.630000e-01 1.175000e+00 0.000000e+00 5.000000e-01
1.725196e-03 2.392421e-04 -2.630000e-01 1.225000e+00 0.000000e+00 5.000000e-01
1.195952e-03 1.993259e-04 -2.630000e-01 1.275000e+00 0.000000e+00 5.000000e-01
1.874065e-03 2.504329e-04 -2.630000e-01 1.325000e+00 0.000000e+00 5.000000e-01
7.393024e-04 1.576201e-04 -2.630000e-01 1.375000e+00 0.000000e+00 5.000000e-01
1.408818e-03 2.173858e-04 -2.630000e-01 1.425000e+00 0.000000e+00 5.000000e-01
8.078748e-04 1.649071e-04 -2.630000e-01 1.475000e+00 0.000000e+00 5.000000e-01
6.796232e-04 1.519688e-04 -2.630000e-01 1.525000e+00 0.000000e+00 5.000000e-01
2.720261e-04 9.617590e-05 -2.630000e-01 1.575000e+00 0.000000e+00 5.000000e-01
3.385383e-04 1.070554e-04 -2.630000e-01 1.625000e+00 0.000000e+00 5.000000e-01
5.448665e-04 1.362168e-04 -2.630000e-01 1.675000e+00 0.000000e+00 5.000000e-01
8.150520e-04 1.663721e-04 -2.630000e-01 1.725000e+00 0.000000e+00 5.000000e-01
6.066464e-04 1.429883e-04 -2.630000e-01 1.775000e+00 0.000000e+00 5.000000e-01
6.703681e-04 1.498993e-04 -2.630000e-01 1.825000e+00 0.000000e+00 5.000000e-01
7.379212e-04 1.573260e-04 -2.630000e-01 1.875000e+00 0.000000e+00 5.000000e-01
7.414223e-04 1.580725e-04 -2.630000e-01 1.925000e+00 0.000000e+00 5.000000e-01
1.218224e-03 2.030382e-04 -2.630000e-01 1.975000e+00 0.000000e+00 5.000000e-01
1.551186e-03 2.287106e-04 -2.630000e-01 2.025000e+00 0.000000e+00 5.000000e-01
1.346718e-03 2.129352e-04 -2.630000e-01 2.075000e+00 0.000000e+00 5.000000e-01
2.002893e-03 2.585734e-04 -2.630000e-01 2.125000e+00 0.000000e+00 5.000000e-01
1.191522e-03 1.985880e-04 -2.630000e-01 2.175000e+00 0.000000e+00 5.000000e-01
2.639533e-04 9.332218e-05 -2.630000e-01 2.225000e+00 0.000000e+00 5.000000e-01
3.293387e-04 1.041465e-04 -2.630000e-01 2.275000e+00 0.000000e+00 5.000000e-01
1.960881e-04 8.005330e-05 -2.630000e-01 2.325000e+00 0.000000e+00 5.000000e-01
3.242847e-04 1.025480e-04 -2.630000e-01 2.375000e+00 0.000000e+00 5.000000e-01
5.113096e-04 1.278279e-04 -2.630000e-01 2.425000e+00 0.000000e+00 5.000000e-01
2.515747e-04 8.894536e-05 -2.630000e-01 2.475000e+00 0.000000e+00 5.000000e-01
3.102623e-04 9.811468e-05 -2.630000e-01 2.525000e+00 0.000000e+00 5.000000e-01
3.085760e-04 9.758118e-05 -2.630000e-01 2.575000e+00 0.000000e+00 5.000000e-01
4.266796e-04 1.140354e-04 -2.630000e-01 2.625000e+00 0.000000e+00 5.000000e-01
4.184388e-04 1.118334e-04 -2.630000e-01 2.675000e+00 0.000000e+00 5.000000e-01
4.117295e-04 1.100396e-04 -2.630000e-01 2.725000e+00 0.000000e+00 5.000000e-01
5.217765e-04 1.229850e-04 -2.630000e-01 2.775000e+00 0.000000e+00 5.000000e-01
4.007330e-04 1.071014e-04 -2.630000e-01 2.825000e+00 0.000000e+00 5.000000e-01
1.119061e-04 5.595305e-05 -2.630000e-01 2.875000e+00 0.000000e+00 5.000000e-01
1.636363e-04 6.680451e-05 -2.630000e-01 2.925000e+00 0.000000e+00 5.000000e-01
1.594213e-04 6.508374e-05 -2.630000e-01 2.975000e+00 0.000000e+00 5.000000e-01
2.103352e-04 7.436499e-05 -2.630000e-01 3.025000e+00 0.000000e+00 5.000000e-01
1.538744e-04 6.281942e-05 -2.630000e-01 3.075000e+00 0.000000e+00 5.000000e-01
3.963830e-04 9.909719e-05 -2.630000e-01 3.125000e+00 0.000000e+00 5.000000e-01
1.923872e-04 6.801973e-05 -2.630000e-01 3.175000e+00 0.000000e+00 5.000000e-01
2.820072e-04 8.140940e-05 -2.630000e-01 3.225000e+00 0.000000e+00 5.000000e-01
2.709189e-04 7.820848e-05 -2.630000e-01 3.275000e+00 0.000000e+00 5.000000e-01
3.915811e-04 9.229745e-05 -2.630000e-01 3.325000e+00 0.000000e+00 5.000000e-01
2.964893e-04 7.924106e-05 -2.630000e-01 3.375000e+00 0.000000e+00 5.000000e-01
1.251755e-04 5.110383e-05 -2.630000e-01 3.425000e+00 0.000000e+00 5.000000e-01
3.298831e-04 8.247300e-05 -2.630000e-01 3.475000e+00 0.000000e+00 5.000000e-01
4.461707e-04 9.512653e-05 -2.630000e-01 3.525000e+00 0.000000e+00 5.000000e-01
1.974892e-04 6.245296e-05 -2.630000e-01 3.575000e+00 0.000000e+00 5.000000e-01
3.085541e-04 7.714070e-05 -2.630000e-01 3.625000e+00 0.000000e+00 5.000000e-01
4.873054e-04 9.557008e-05 -2.630000e-01 3.675000e+00 0.000000e+00 5.000000e-01
5.800467e-04 1.025408e-04 -2.630000e-01 3.725000e+00 0.000000e+00 5.000000e-01
3.889251e-04 8.292153e-05 -2.630000e-01 3.775000e+00 0.000000e+00 5.000000e-01
5.799021e-04 9.945592e-05 -2.630000e-01 3.825000e+00 0.000000e+00 5.000000e-01
7.407793e-04 1.092269e-04 -2.630000e-01 3.875000e+00 0.000000e+00 5.000000e-01
9.331671e-04 1.166509e-04 -2.630000e-01 3.925000e+00 0.000000e+00 5.000000e-01
8.088873e-04 1.044310e-04 -2.630000e-01 3.975000e+00 0.000000e+00 5.000000e-01
3.066325e-01 2.998432e-03 -2.430000e-01 2.500000e-02 0.000000e+00 5.000000e-01
1.745157e-01 2.244775e-03 -2.430000e-01 7.500000e-02 0.000000e+00 5.000000e-01
4.819073e-02 1.177840e-03 -2.430000e-01 1.250000e-01 0.000000e+00 5.000000e-01
2.219636e-02 7.968038e-04 -2.430000e-01 1.750000e-01 0.000000e+00 5.000000e-01
1.391223e-02 6.284912e-04 -2.430000e-01 2.250000e-01 0.000000e+00 5.000000e-01
1.024584e-02 5.430289e-04 -2.430000e-01 2.750000e-01 0.000000e+00 5.000000e-01
8.719300e-03 5.017400e-04 -2.430000e-01 3.250000e-01 0.000000e+00 5.000000e-01
7.942626e-03 4.798322e-04 -2.430000e-01 3.750000e-01 0.000000e+00 5.000000e-01
6.514536e-03 4.352714e-04 -2.430000e-01 4.250000e-01 0.000000e+00 5.000000e-01
5.510289e-03 3.997589e-04 -2.430000e-01 4.750000e-01 0.000000e+00 5.000000e-01
6.540783e-03 4.350870e-04 -2.430000e-01 5.250000e-01 0.000000e+00 5.000000e-01
5.644744e-03 4.052695e-04 -2.430000e-01 5.750000e-01 0.000000e+00 5.000000e-01
4.335154e-03 3.563480e-04 -2.430000e-01 6.250000e-01 0.000000e+00 5.000000e-01
5.750001e-03 4.107150e-04 -2.430000e-01 6.750000e-01 0.000000e+00 5.000000e-01
4.350762e-03 3.576309e-04 -2.430000e-01 7.250000e-01 0.000000e+00 5.000000e-01
4.633262e-03 3.709585e-04 -2.430000e-01 7.750000e-01 0.000000e+00 5.000000e-01
4.974138e-03 3.860685e-04 -2.430000e-01 8.250000e-01 0.000000e+00 5.000000e-01
4.461849e-03 3.643091e-04 -2.430000e-01 8.750000e-01 0.000000e+00 5.000000e-01
3.694316e-03 3.317601e-04 -2.430000e-01 9.250000e-01 0.000000e+00 5.000000e-01
3.931098e-03 3.447807e-04 -2.430000e-01 9.750000e-01 0.000000e+00 5.000000e-01
3.121602e-03 3.090852e-04 -2.430000e-01 1.025000e+00 0.000000e+00 5.000000e-01
3.002152e-03 3.032638e-04 -2.430000e-01 1.075000e+00 0.000000e+00 5.000000e-01
2.996892e-03 3.027324e-04 -2.430000e-01 1.125000e+00 0.000000e+00 5.000000e-01
2.853750e-03 2.943425e-04 -2.430000e-01 1.175000e+00 0.000000e+00 5.000000e-01
1.715593e-03 2.292562e-04 -2.430000e-01 1.225000e+00 0.000000e+00 5.000000e-01
1.986063e-03 2.482582e-04 -2.430000e-01 1.275000e+00 0.000000e+00 5.000000e-01
1.304269e-03 2.012536e-04 -2.430000e-01 1.325000e+00 0.000000e+00 5.000000e-01
1.231796e-03 1.947645e-04 -2.430000e-01 1.375000e+00 0.000000e+00 5.000000e-01
1.290879e-03 1.991874e-04 -2.430000e-01 1.425000e+00 0.000000e+00 5.000000e-01
1.108483e-03 1.847477e-04 -2.430000e-01 1.475000e+00 0.000000e+00 5.000000e-01
1.174649e-03 1.905535e-04 -2.430000e-01 1.525000e+00 0.000000e+00 5.000000e-01
6.843546e-04 1.459051e-04 -2.430000e-01 1.575000e+00 0.000000e+00 5.000000e-01
6.210700e-04 1.388760e-04 -2.430000e-01 1.625000e+00 0.000000e+00 5.000000e-01
4.932923e-04 1.233234e-04 -2.430000e-01 1.675000e+00 0.000000e+00 5.000000e-01
7.988432e-04 1.566666e-04 -2.430000e-01 1.725000e+00 0.000000e+00 5.000000e-01
3.685214e-04 1.063833e-04 -2.430000e-01 1.775000e+00 0.000000e+00 5.000000e-01
4.293711e-04 1.147548e-04 -2.430000e-01 1.825000e+00 0.000000e+00 5.000000e-01
1.040279e-03 1.784068e-04 -2.430000e-01 1.875000e+00 0.000000e+00 5.000000e-01
9.878644e-04 1.746321e-04 -2.430000e-01 1.925000e+00 0.000000e+00 5.000000e-01
1.004054e-03 1.774940e-04 -2.430000e-01 1.975000e+00 0.000000e+00 5.000000e-01
1.122064e-03 1.870114e-04 -2.430000e-01 2.025000e+00 0.000000e+00 5.000000e-01
1.799781e-03 2.363238e-04 -2.430000e-01 2.075000e+00 0.000000e+00 5.000000e-01
2.040629e-03 2.511848e-04 -2.430000e-01 2.125000e+00 0.000000e+00 5.000000e-01
1.164034e-03 1.888320e-04 -2.430000e-01 2.175000e+00 0.000000e+00 5.000000e-01
3.025912e-04 9.568811e-05 -2.430000e-01 2.225000e+00 0.000000e+00 5.000000e-01
4.825039e-04 1.206263e-04 -2.430000e-01 2.275000e+00 0.000000e+00 5.000000e-01
4.815905e-04 1.203981e-04 -2.430000e-01 2.325000e+00 0.000000e+00 5.000000e-01
2.376792e-04 8.403250e-05 -2.430000e-01 2.375000e+00 0.000000e+00 5.000000e-01
3.509097e-04 1.012993e-04 -2.430000e-01 2.425000e+00 0.000000e+00 5.000000e-01
2.879902e-04 9.107097e-05 -2.430000e-01 2.475000e+00 0.000000e+00 5.000000e-01
4.547324e-04 1.136837e-04 -2.430000e-01 2.525000e+00 0.000000e+00 5.000000e-01
2.827156e-04 8.940306e-05 -2.430000e-01 2.575000e+00 0.000000e+00 5.000000e-01
5.568384e-04 1.245136e-04 -2.430000e-01 2.625000e+00 0.000000e+00 5.000000e-01
5.400420e-05 3.818674e-05 -2.430000e-01 2.675000e+00 0.000000e+00 5.000000e-01
1.587493e-04 6.480963e-05 -2.430000e-01 2.725000e+00 0.000000e+00 5.000000e-01
2.612452e-04 8.261351e-05 -2.430000e-01 2.775000e+00 0.000000e+00 5.000000e-01
2.601428e-04 8.226517e-05 -2.430000e-01 2.825000e+00 0.000000e+00 5.000000e-01
2.568147e-04 8.121227e-05 -2.430000e-01 2.875000e+00 0.000000e+00 5.000000e-01
9.986121e-05 4.993063e-05 -2.430000e-01 2.925000e+00 0.000000e+00 5.000000e-01
1.963751e-04 6.943000e-05 -2.430000e-01 2.975000e+00 0.000000e+00 5.000000e-01
2.413173e-04 7.631153e-05 -2.430000e-01 3.025000e+00 0.000000e+00 5.000000e-01
2.345578e-04 7.417458e-05 -2.430000e-01 3.075000e+00 0.000000e+00 5.000000e-01
4.109861e-04 9.687105e-05 -2.430000e-01 3.125000e+00 0.000000e+00 5.000000e-01
3.119692e-04 8.337813e-05 -2.430000e-01 3.175000e+00 0.000000e+00 5.000000e-01
1.744690e-04 6.168496e-05 -2.430000e-01 3.225000e+00 0.000000e+00 5.000000e-01
4.274848e-04 9.558921e-05 -2.430000e-01 3.275000e+00 0.000000e+00 5.000000e-01
2.127251e-04 6.727043e-05 -2.430000e-01 3.325000e+00 0.000000e+00 5.000000e-01
5.087075e-04 1.038408e-04 -2.430000e-01 3.375000e+00 0.000000e+00 5.000000e-01
2.084395e-04 6.591551e-05 -2.430000e-01 3.425000e+00 0.000000e+00 5.000000e-01
2.039088e-04 6.448224e-05 -2.430000e-01 3.475000e+00 0.000000e+00 5.000000e-01
2.779737e-04 7.429350e-05 -2.430000e-01 3.525000e+00 0.000000e+00 5.000000e-01
3.480127e-04 8.202901e-05 -2.430000e-01 3.575000e+00 0.000000e+00 5.000000e-01
2.262484e-04 6.531309e-05 -2.430000e-01 3.625000e+00 0.000000e+00 5.000000e-01
2.930437e-04 7.326332e-05 -2.430000e-01 3.675000e+00 0.000000e+00 5.000000e-01
2.855442e-04 7.138747e-05 -2.430000e-01 3.725000e+00 0.000000e+00 5.000000e-01
4.407495e-04 8.644082e-05 -2.430000e-01 3.775000e+00 0.000000e+00 5.000000e-01
3.706084e-04 7.565299e-05 -2.430000e-01 3.825000e+00 0.000000e+00 5.000000e-01
4.023488e-04 7.603892e-05 -2.430000e-01 3.875000e+00 0.000000e+00 5.000000e-01
6.607772e-04 9.538068e-05 -2.430000e-01 3.925000e+00 0.000000e+00 5.000000e-01
4.214124e-04 7.450091e-05 -2.430000e-01 3.975000e+00 0.000000e+00 5.000000e-01
3.021687e-01 3.020784e-03 -2.229999e-01 2.500000e-02 0.000000e+00 5.000000e-01
1.638215e-01 2.199395e-03 -2.229999e-01 7.500000e-02 0.000000e+00 5.000000e-01
4.003217e-02 1.072976e-03 -2.229999e-01 1.250000e-01 0.000000e+00 5.000000e-01
1.831192e-02 7.238429e-04 -2.229999e-01 1.750000e-01 0.000000e+00 5.000000e-01
1.329076e-02 6.156835e-04 -2.229999e-01 2.250000e-01 0.000000e+00 5.000000e-01
1.143016e-02 5.700851e-04 -2.229999e-01 2.750000e-01 0.000000e+00 5.000000e-01
8.557582e-03 4.924341e-04 -2.229999e-01 3.250000e-01 0.000000e+00 5.000000e-01
7.803839e-03 4.697365e-04 -2.229999e-01 3.750000e-01 0.000000e+00 5.000000e-01
7.400493e-03 4.554696e-04 -2.229999e-01 4.250000e-01 0.000000e+00 5.000000e-01
6.463993e-03 4.262236e-04 -2.229999e-01 4.750000e-01 0.000000e+00 5.000000e-01
6.605559e-03 4.318196e-04 -2.229999e-01 5.250000e-01 0.000000e+00 5.000000e-01
6.723410e-03 4.358145e-04 -2.229999e-01 5.750000e-01 0.000000e+00 5.000000e-01
6.637510e-03 4.339082e-04 -2.229999e-01 6.250000e-01 0.000000e+00 5.000000e-01
5.804028e-03 4.083705e-04 -2.229999e-01 6.750000e-01 0.000000e+00 5.000000e-01
5.423334e-03 3.934508e-04 -2.229999e-01 7.250000e-01 0.000000e+00 5.000000e-01
4.771417e-03 3.681235e-04 -2.229999e-01 7.750000e-01 0.000000e+00 5.000000e-01
4.169720e-03 3.427493e-04 -2.229999e-01 8.250000e-01 0.000000e+00 5.000000e-01
2.878965e-03 2.850606e-04 -2.229999e-01 8.750000e-01 0.000000e+00 5.000000e-01
3.508485e-03 3.150718e-04 -2.229999e-01 9.250000e-01 0.000000e+00 5.000000e-01
3.012501e-03 2.926004e-04 -2.229999e-01 9.750000e-01 0.000000e+00 5.000000e-01
3.290808e-03 3.055444e-04 -2.229999e-01 1.025000e+00 0.000000e+00 5.000000e-01
3.287059e-03 3.051964e-04 -2.229999e-01 1.075000e+00 0.000000e+00 5.000000e-01
1.814950e-03 2.268692e-04 -2.229999e-01 1.125000e+00 0.000000e+00 5.000000e-01
2.360868e-03 2.607148e-04 -2.229999e-01 1.175000e+00 0.000000e+00 5.000000e-01
2.066325e-03 2.435193e-04 -2.229999e-01 1.225000e+00 0.000000e+00 5.000000e-01
1.485304e-03 2.059749e-04 -2.229999e-01 1.275000e+00 0.000000e+00 5.000000e-01
1.538700e-03 2.093911e-04 -2.229999e-01 1.325000e+00 0.000000e+00 5.000000e-01
1.597631e-03 2.134929e-04 -2.229999e-01 1.375000e+00 0.000000e+00 5.000000e-01
9.627601e-04 1.651123e-04 -2.229999e-01 1.425000e+00 0.000000e+00 5.000000e-01
9.738120e-04 1.670080e-04 -2.229999e-01 1.475000e+00 0.000000e+00 5.000000e-01
1.380206e-03 1.992160e-04 -2.229999e-01 1.525000e+00 0.000000e+00 5.000000e-01
9.731380e-04 1.668921e-04 -2.229999e-01 1.575000e+00 0.000000e+00 5.000000e-01
7.912676e-04 1.495359e-04 -2.229999e-01 1.625000e+00 0.000000e+00 5.000000e-01
7.985877e-04 1.509194e-04 -2.229999e-01 1.675000e+00 0.000000e+00 5.000000e-01
3.443480e-04 9.940494e-05 -2.229999e-01 1.725000e+00 0.000000e+00 5.000000e-01
6.367832e-04 1.357631e-04 -2.229999e-01 1.775000e+00 0.000000e+00 5.000000e-01
4.076288e-04 1.089438e-04 -2.229999e-01 1.825000e+00 0.000000e+00 5.000000e-01
4.702066e-04 1.175521e-04 -2.229999e-01 1.875000e+00 0.000000e+00 5.000000e-01
5.896094e-04 1.318410e-04 -2.229999e-01 1.925000e+00 0.000000e+00 5.000000e-01
1.170657e-03 1.850977e-04 -2.229999e-01 1.975000e+00 0.000000e+00 5.000000e-01
1.281478e-03 1.931908e-04 -2.229999e-01 2.025000e+00 0.000000e+00 5.000000e-01
1.618160e-03 2.162366e-04 -2.229999e-01 2.075000e+00 0.000000e+00 5.000000e-01
1.657300e-03 2.176148e-04 -2.229999e-01 2.125000e+00 0.000000e+00 5.000000e-01
1.130732e-03 1.787851e-04 -2.229999e-01 2.175000e+00 0.000000e+00 5.000000e-01
5.065159e-04 1.193875e-04 -2.229999e-01 2.225000e+00 0.000000e+00 5.000000e-01
6.730368e-04 1.373839e-04 -2.229999e-01 2.275000e+00 0.000000e+00 5.000000e-01
6.121905e-04 1.305198e-04 -2.229999e-01 2.325000e+00 0.000000e+00 5.000000e-01
3.296307e-04 9.515689e-05 -2.229999e-01 2.375000e+00 0.000000e+00 5.000000e-01
3.265123e-04 9.425667e-05 -2.229999e-01 2.425000e+00 0.000000e+00 5.000000e-01
4.831298e-04 1.138751e-04 -2.229999e-01 2.475000e+00 0.000000e+00 5.000000e-01
2.102009e-04 7.431781e-05 -2.229999e-01 2.525000e+00 0.000000e+00 5.000000e-01
2.070382e-04 7.319911e-05 -2.229999e-01 2.575000e+00 0.000000e+00 5.000000e-01
1.517539e-04 6.195375e-05 -2.229999e-01 2.625000e+00 0.000000e+00 5.000000e-01
2.989982e-04 8.631371e-05 -2.229999e-01 2.675000e+00 0.000000e+00 5.000000e-01
9.768163e-05 4.884131e-05 -2.229999e-01 2.725000e+00 0.000000e+00 5.000000e-01
9.579559e-05 4.789830e-05 -2.229999e-01 2.775000e+00 0.000000e+00 5.000000e-01
3.304090e-04 8.830567e-05 -2.229999e-01 2.825000e+00 0.000000e+00 5.000000e-01
1.846963e-04 6.530040e-05 -2.229999e-01 2.875000e+00 0.000000e+00 5.000000e-01
1.808139e-04 6.392777e-05 -2.229999e-01 2.925000e+00 0.000000e+00 5.000000e-01
4.041009e-04 9.524857e-05 -2.229999e-01 2.975000e+00 0.000000e+00 5.000000e-01
8.919953e-05 4.460018e-05 -2.229999e-01 3.025000e+00 0.000000e+00 5.000000e-01
1.758288e-04 6.216531e-05 -2.229999e-01 3.075000e+00 0.000000e+00 5.000000e-01
6.036730e-04 1.140845e-04 -2.229999e-01 3.125000e+00 0.000000e+00 5.000000e-01
2.586077e-04 7.465466e-05 -2.229999e-01 3.175000e+00 0.000000e+00 5.000000e-01
2.181587e-04 6.898922e-05 -2.229999e-01 3.225000e+00 0.000000e+00 5.000000e-01
3.953345e-04 9.318241e-05 -2.229999e-01 3.275000e+00 0.000000e+00 5.000000e-01
2.638697e-04 7.617314e-05 -2.229999e-01 3.325000e+00 0.000000e+00 5.000000e-01
3.012942e-04 8.052628e-05 -2.229999e-01 3.375000e+00 0.000000e+00 5.000000e-01
3.804900e-04 8.968428e-05 -2.229999e-01 3.425000e+00 0.000000e+00 5.000000e-01
3.713484e-04 8.752979e-05 -2.229999e-01 3.475000e+00 0.000000e+00 5.000000e-01
2.395529e-04 6.915502e-05 -2.229999e-01 3.525000e+00 0.000000e+00 5.000000e-01
3.072996e-04 7.682660e-05 -2.229999e-01 3.575000e+00 0.000000e+00 5.000000e-01
3.708477e-04 8.292547e-05 -2.229999e-01 3.625000e+00 0.000000e+00 5.000000e-01
3.517676e-04 7.865988e-05 -2.229999e-01 3.675000e+00 0.000000e+00 5.000000e-01
5.839607e-04 9.732836e-05 -2.229999e-01 3.725000e+00 0.000000e+00 5.000000e-01
3.327593e-04 7.094601e-05 -2.229999e-01 3.775000e+00 0.000000e+00 5.000000e-01
5.531754e-04 8.974063e-05 -2.229999e-01 3.825000e+00 0.000000e+00 5.000000e-01
4.785058e-04 8.206644e-05 -2.229999e-01 3.875000e+00 0.000000e+00 5.000000e-01
5.419029e-04 8.568621e-05 -2.229999e-01 3.925000e+00 0.000000e+00 5.000000e-01
9.155411e-04 1.094349e-04 -2.229999e-01 3.975000e+00 0.000000e+00 5.000000e-01
2.989976e-01 3.090180e-03 -2.029999e-01 2.500000e-02 0.000000e+00 5.000000e-01
1.663546e-01 2.298104e-03 -2.029999e-01 7.500000e-02 0.000000e+00 5.000000e-01
3.968704e-02 1.120729e-03 -2.029999e-01 1.250000e-01 0.000000e+00 5.000000e-01
1.790542e-02 7.409322e-04 -2.029999e-01 1.750000e-01 0.000000e+00 5.000000e-01
1.132151e-02 5.807820e-04 -2.029999e-01 2.250000e-01 0.000000e+00 5.000000e-01
8.100496e-03 4.858361e-04 -2.029999e-01 2.750000e-01 0.000000e+00 5.000000e-01
7.501003e-03 4.634140e-04 -2.029999e-01 3.250000e-01 0.000000e+00 5.000000e-01
6.454684e-03 4.274723e-04 -2.029999e-01 3.750000e-01 0.000000e+00 5.000000e-01
6.937800e-03 4.405513e-04 -2.029999e-01 4.250000e-01 0.000000e+00 5.000000e-01
6.734968e-03 4.329408e-04 -2.029999e-01 4.750000e-01 0.000000e+00 5.000000e-01
5.534296e-03 3.933059e-04 -2.029999e-01 5.250000e-01 0.000000e+00 5.000000e-01
6.550421e-03 4.263967e-04 -2.029999e-01 5.750000e-01 0.000000e+00 5.000000e-01
5.230126e-03 3.794339e-04 -2.029999e-01 6.250000e-01 0.000000e+00 5.000000e-01
5.032222e-03 3.709809e-04 -2.029999e-01 6.750000e-01 0.000000e+00 5.000000e-01
6.021407e-03 4.078219e-04 -2.029999e-01 7.250000e-01 0.000000e+00 5.000000e-01
4.837644e-03 3.667414e-04 -2.029999e-01 7.750000e-01 0.000000e+00 5.000000e-01
3.738071e-03 3.229207e-04 -2.029999e-01 8.250000e-01 0.000000e+00 5.000000e-01
3.295631e-03 3.033880e-04 -2.029999e-01 8.750000e-01 0.000000e+00 5.000000e-01
3.673430e-03 3.197317e-04 -2.029999e-01 9.250000e-01 0.000000e+00 5.000000e-01
2.934587e-03 2.850328e-04 -2.029999e-01 9.750000e-01 0.000000e+00 5.000000e-01
2.217489e-03 2.479233e-04 -2.029999e-01 1.025000e+00 0.000000e+00 5.000000e-01
2.790890e-03 2.763397e-04 -2.029999e-01 1.075000e+00 0.000000e+00 5.000000e-01
2.203894e-03 2.433798e-04 -2.029999e-01 1.125000e+00 0.000000e+00 5.000000e-01
1.656934e-03 2.104313e-04 -2.029999e-01 1.175000e+00 0.000000e+00 5.000000e-01
2.192023e-03 2.420688e-04 -2.029999e-01 1.225000e+00 0.000000e+00 5.000000e-01
1.550511e-03 2.035926e-04 -2.029999e-01 1.275000e+00 0.000000e+00 5.000000e-01
9.669473e-04 1.611582e-04 -2.029999e-01 1.325000e+00 0.000000e+00 5.000000e-01
1.656485e-03 2.103742e-04 -2.029999e-01 1.375000e+00 0.000000e+00 5.000000e-01
1.171655e-03 1.766341e-04 -2.029999e-01 1.425000e+00 0.000000e+00 5.000000e-01
1.278934e-03 1.845987e-04 -2.029999e-01 1.475000e+00 0.000000e+00 5.000000e-01
9.178404e-04 1.574089e-04 -2.029999e-01 1.525000e+00 0.000000e+00 5.000000e-01
8.234846e-04 1.503475e-04 -2.029999e-01 1.575000e+00 0.000000e+00 5.000000e-01
9.959580e-04 1.659936e-04 -2.029999e-01 1.625000e+00 0.000000e+00 5.000000e-01
6.686641e-04 1.364909e-04 -2.029999e-01 1.675000e+00 0.000000e+00 5.000000e-01
3.915514e-04 1.046468e-04 -2.029999e-01 1.725000e+00 0.000000e+00 5.000000e-01
5.025199e-04 1.184455e-04 -2.029999e-01 1.775000e+00 0.000000e+00 5.000000e-01
3.864713e-04 1.032890e-04 -2.029999e-01 1.825000e+00 0.000000e+00 5.000000e-01
7.705695e-04 1.456242e-04 -2.029999e-01 1.875000e+00 0.000000e+00 5.000000e-01
6.057370e-04 1.291440e-04 -2.029999e-01 1.925000e+00 0.000000e+00 5.000000e-01
9.891784e-04 1.648636e-04 -2.029999e-01 1.975000e+00 0.000000e+00 5.000000e-01
1.958424e-03 2.308031e-04 -2.029999e-01 2.025000e+00 0.000000e+00 5.000000e-01
1.680295e-03 2.133984e-04 -2.029999e-01 2.075000e+00 0.000000e+00 5.000000e-01
2.105277e-03 2.383767e-04 -2.029999e-01 2.125000e+00 0.000000e+00 5.000000e-01
8.032066e-04 1.466451e-04 -2.029999e-01 2.175000e+00 0.000000e+00 5.000000e-01
6.372634e-04 1.300812e-04 -2.029999e-01 2.225000e+00 0.000000e+00 5.000000e-01
5.275950e-04 1.179741e-04 -2.029999e-01 2.275000e+00 0.000000e+00 5.000000e-01
4.153989e-04 1.038501e-04 -2.029999e-01 2.325000e+00 0.000000e+00 5.000000e-01
2.045170e-04 7.230822e-05 -2.029999e-01 2.375000e+00 0.000000e+00 5.000000e-01
5.507893e-04 1.174290e-04 -2.029999e-01 2.425000e+00 0.000000e+00 5.000000e-01
3.935770e-04 9.839461e-05 -2.029999e-01 2.475000e+00 0.000000e+00 5.000000e-01
3.882841e-04 9.707132e-05 -2.029999e-01 2.525000e+00 0.000000e+00 5.000000e-01
1.926665e-04 6.811833e-05 -2.029999e-01 2.575000e+00 0.000000e+00 5.000000e-01
1.904676e-04 6.734094e-05 -2.029999e-01 2.625000e+00 0.000000e+00 5.000000e-01
1.410192e-04 5.757100e-05 -2.029999e-01 2.675000e+00 0.000000e+00 5.000000e-01
4.573307e-04 1.022630e-04 -2.029999e-01 2.725000e+00 0.000000e+00 5.000000e-01
3.123143e-04 8.346989e-05 -2.029999e-01 2.775000e+00 0.000000e+00 5.000000e-01
1.316655e-04 5.375289e-05 -2.029999e-01 2.825000e+00 0.000000e+00 5.000000e-01
3.887713e-04 9.163503e-05 -2.029999e-01 2.875000e+00 0.000000e+00 5.000000e-01
2.962317e-04 7.917196e-05 -2.029999e-01 2.925000e+00 0.000000e+00 5.000000e-01
1.251673e-04 5.109949e-05 -2.029999e-01 2.975000e+00 0.000000e+00 5.000000e-01
3.364260e-04 8.410734e-05 -2.029999e-01 3.025000e+00 0.000000e+00 5.000000e-01
1.293125e-04 5.279211e-05 -2.029999e-01 3.075000e+00 0.000000e+00 5.000000e-01
3.543532e-04 8.858873e-05 -2.029999e-01 3.125000e+00 0.000000e+00 5.000000e-01
1.347776e-04 5.502293e-05 -2.029999e-01 3.175000e+00 0.000000e+00 5.000000e-01
1.802757e-04 6.373732e-05 -2.029999e-01 3.225000e+00 0.000000e+00 5.000000e-01
3.109365e-04 8.310204e-05 -2.029999e-01 3.275000e+00 0.000000e+00 5.000000e-01
2.630095e-04 7.592461e-05 -2.029999e-01 3.325000e+00 0.000000e+00 5.000000e-01
3.004113e-04 8.028870e-05 -2.029999e-01 3.375000e+00 0.000000e+00 5.000000e-01
2.096759e-04 6.630620e-05 -2.029999e-01 3.425000e+00 0.000000e+00 5.000000e-01
2.474484e-04 7.143290e-05 -2.029999e-01 3.475000e+00 0.000000e+00 5.000000e-01
3.203178e-04 8.008138e-05 -2.029999e-01 3.525000e+00 0.000000e+00 5.000000e-01
3.405652e-04 8.027333e-05 -2.029999e-01 3.575000e+00 0.000000e+00 5.000000e-01
5.206472e-04 9.505923e-05 -2.029999e-01 3.625000e+00 0.000000e+00 5.000000e-01
5.163034e-04 9.127301e-05 -2.029999e-01 3.675000e+00 0.000000e+00 5.000000e-01
6.475374e-04 9.992164e-05 -2.029999e-01 3.725000e+00 0.000000e+00 5.000000e-01
4.182673e-04 7.904803e-05 -2.029999e-01 3.775000e+00 0.000000e+00 5.000000e-01
3.741826e-04 7.338597e-05 -2.029999e-01 3.825000e+00 0.000000e+00 5.000000e-01
5.036618e-04 8.394651e-05 -2.029999e-01 3.875000e+00 0.000000e+00 5.000000e-01
6.748571e-04 9.544351e-05 -2.029999e-01 3.925000e+00 0.000000e+00 5.000000e-01
7.461579e-04 9.798130e-05 -2.029999e-01 3.975000e+00 0.000000e+00 5.000000e-01
3.091493e-01 3.135063e-03 -1.829999e-01 2.500000e-02 0.000000e+00 5.000000e-01
1.658166e-01 2.288490e-03 -1.829999e-01 7.500000e-02 0.000000e+00 5.000000e-01
4.247515e-02 1.156886e-03 -1.829999e-01 1.250000e-01 0.000000e+00 5.000000e-01
1.862887e-02 7.669392e-04 -1.829999e-01 1.750000e-01 0.000000e+00 5.000000e-01
1.225589e-02 6.206016e-04 -1.829999e-01 2.250000e-01 0.000000e+00 5.000000e-01
1.168353e-02 6.041417e-04 -1.829999e-01 2.750000e-01 0.000000e+00 5.000000e-01
7.543813e-03 4.849352e-04 -1.829999e-01 3.250000e-01 0.000000e+00 5.000000e-01
6.737902e-03 4.542699e-04 -1.829999e-01 3.750000e-01 0.000000e+00 5.000000e-01
8.536744e-03 5.030331e-04 -1.829999e-01 4.250000e-01 0.000000e+00 5.000000e-01
6.895139e-03 4.450798e-04 -1.829999e-01 4.750000e-01 0.000000e+00 5.000000e-01
6.351743e-03 4.225123e-04 -1.829999e-01 5.250000e-01 0.000000e+00 5.000000e-01
5.789473e-03 4.014283e-04 -1.829999e-01 5.750000e-01 0.000000e+00 5.000000e-01
4.742961e-03 3.616479e-04 -1.829999e-01 6.250000e-01 0.000000e+00 5.000000e-01
5.437804e-03 3.864485e-04 -1.829999e-01 6.750000e-01 0.000000e+00 5.000000e-01
5.360693e-03 3.829071e-04 -1.829999e-01 7.250000e-01 0.000000e+00 5.000000e-01
5.587720e-03 3.893155e-04 -1.829999e-01 7.750000e-01 0.000000e+00 5.000000e-01
4.452352e-03 3.455703e-04 -1.829999e-01 8.250000e-01 0.000000e+00 5.000000e-01
4.809615e-03 3.584882e-04 -1.829999e-01 8.750000e-01 0.000000e+00 5.000000e-01
3.899496e-03 3.227250e-04 -1.829999e-01 9.250000e-01 0.000000e+00 5.000000e-01
3.366051e-03 2.998722e-04 -1.829999e-01 9.750000e-01 0.000000e+00 5.000000e-01
3.435670e-03 3.036736e-04 -1.829999e-01 1.025000e+00 0.000000e+00 5.000000e-01
2.537168e-03 2.616893e-04 -1.829999e-01 1.075000e+00 0.000000e+00 5.000000e-01
2.295790e-03 2.475618e-04 -1.829999e-01 1.125000e+00 0.000000e+00 5.000000e-01
2.292282e-03 2.471838e-04 -1.829999e-01 1.175000e+00 0.000000e+00 5.000000e-01
1.643887e-03 2.087744e-04 -1.829999e-01 1.225000e+00 0.000000e+00 5.000000e-01
1.539123e-03 2.020972e-04 -1.829999e-01 1.275000e+00 0.000000e+00 5.000000e-01
1.646664e-03 2.091268e-04 -1.829999e-01 1.325000e+00 0.000000e+00 5.000000e-01
9.093294e-04 1.559490e-04 -1.829999e-01 1.375000e+00 0.000000e+00 5.000000e-01
9.124714e-04 1.564881e-04 -1.829999e-01 1.425000e+00 0.000000e+00 5.000000e-01
8.633248e-04 1.526160e-04 -1.829999e-01 1.475000e+00 0.000000e+00 5.000000e-01
9.784195e-04 1.630702e-04 -1.829999e-01 1.525000e+00 0.000000e+00 5.000000e-01
4.351723e-04 1.087934e-04 -1.829999e-01 1.575000e+00 0.000000e+00 5.000000e-01
1.074265e-03 1.698568e-04 -1.829999e-01 1.625000e+00 0.000000e+00 5.000000e-01
6.940422e-04 1.361132e-04 -1.829999e-01 1.675000e+00 0.000000e+00 5.000000e-01
6.400048e-04 1.306409e-04 -1.829999e-01 1.725000e+00 0.000000e+00 5.000000e-01
3.196896e-04 9.228691e-05 -1.829999e-01 1.775000e+00 0.000000e+00 5.000000e-01
6.911111e-04 1.355384e-04 -1.829999e-01 1.825000e+00 0.000000e+00 5.000000e-01
1.054780e-03 1.667759e-04 -1.829999e-01 1.875000e+00 0.000000e+00 5.000000e-01
1.052483e-03 1.664127e-04 -1.829999e-01 1.925000e+00 0.000000e+00 5.000000e-01
9.415178e-04 1.569203e-04 -1.829999e-01 1.975000e+00 0.000000e+00 5.000000e-01
1.665013e-03 2.081272e-04 -1.829999e-01 2.025000e+00 0.000000e+00 5.000000e-01
1.956932e-03 2.244764e-04 -1.829999e-01 2.075000e+00 0.000000e+00 5.000000e-01
1.780058e-03 2.127583e-04 -1.829999e-01 2.125000e+00 0.000000e+00 5.000000e-01
1.156532e-03 1.705220e-04 -1.829999e-01 2.175000e+00 0.000000e+00 5.000000e-01
6.409324e-04 1.256975e-04 -1.829999e-01 2.225000e+00 0.000000e+00 5.000000e-01
3.403809e-04 9.097093e-05 -1.829999e-01 2.275000e+00 0.000000e+00 5.000000e-01
4.819771e-04 1.077739e-04 -1.829999e-01 2.325000e+00 0.000000e+00 5.000000e-01
3.809223e-04 9.523087e-05 -1.829999e-01 2.375000e+00 0.000000e+00 5.000000e-01
4.741155e-04 1.060160e-04 -1.829999e-01 2.425000e+00 0.000000e+00 5.000000e-01
3.279089e-04 8.763747e-05 -1.829999e-01 2.475000e+00 0.000000e+00 5.000000e-01
3.686241e-04 9.215621e-05 -1.829999e-01 2.525000e+00 0.000000e+00 5.000000e-01
3.189942e-04 8.525519e-05 -1.829999e-01 2.575000e+00 0.000000e+00 5.000000e-01
2.705775e-04 7.810955e-05 -1.829999e-01 2.625000e+00 0.000000e+00 5.000000e-01
4.460487e-04 9.974006e-05 -1.829999e-01 2.675000e+00 0.000000e+00 5.000000e-01
4.439463e-05 3.139174e-05 -1.829999e-01 2.725000e+00 0.000000e+00 5.000000e-01
2.620157e-04 7.563816e-05 -1.829999e-01 2.775000e+00 0.000000e+00 5.000000e-01
4.359236e-05 3.082445e-05 -1.829999e-01 2.825000e+00 0.000000e+00 5.000000e-01
3.461065e-04 8.652711e-05 -1.829999e-01 2.875000e+00 0.000000e+00 5.000000e-01
2.598561e-04 7.501465e-05 -1.829999e-01 2.925000e+00 0.000000e+00 5.000000e-01
1.305790e-04 5.330875e-05 -1.829999e-01 2.975000e+00 0.000000e+00 5.000000e-01
2.190199e-04 6.926069e-05 -1.829999e-01 3.025000e+00 0.000000e+00 5.000000e-01
4.796922e-04 1.022716e-04 -1.829999e-01 3.075000e+00 0.000000e+00 5.000000e-01
3.005462e-04 8.032528e-05 -1.829999e-01 3.125000e+00 0.000000e+00 5.000000e-01
2.131684e-04 6.740980e-05 -1.829999e-01 3.175000e+00 0.000000e+00 5.000000e-01
2.152126e-04 6.805697e-05 -1.829999e-01 3.225000e+00 0.000000e+00 5.000000e-01
3.445496e-04 8.613851e-05 -1.829999e-01 3.275000e+00 0.000000e+00 5.000000e-01
3.869206e-04 9.119966e-05 -1.829999e-01 3.325000e+00 0.000000e+00 5.000000e-01
1.694044e-04 5.989358e-05 -1.829999e-01 3.375000e+00 0.000000e+00 5.000000e-01
3.737591e-04 8.809655e-05 -1.829999e-01 3.425000e+00 0.000000e+00 5.000000e-01
3.522627e-04 8.303071e-05 -1.829999e-01 3.475000e+00 0.000000e+00 5.000000e-01
2.556369e-04 6.832261e-05 -1.829999e-01 3.525000e+00 0.000000e+00 5.000000e-01
2.789829e-04 6.974674e-05 -1.829999e-01 3.575000e+00 0.000000e+00 5.000000e-01
3.045061e-04 7.177461e-05 -1.829999e-01 3.625000e+00 0.000000e+00 5.000000e-01
4.233579e-04 8.302988e-05 -1.829999e-01 3.675000e+00 0.000000e+00 5.000000e-01
2.830655e-04 6.672110e-05 -1.829999e-01 3.725000e+00 0.000000e+00 5.000000e-01
3.652253e-04 7.455454e-05 -1.829999e-01 3.775000e+00 0.000000e+00 5.000000e-01
8.209287e-04 1.097050e-04 -1.829999e-01 3.825000e+00 0.000000e+00 5.000000e-01
6.710981e-04 9.686830e-05 -1.829999e-01 3.875000e+00 0.000000e+00 5.000000e-01
7.145062e-04 9.723782e-05 -1.829999e-01 3.925000e+00 0.000000e+00 5.000000e-01
5.504125e-04 8.298179e-05 -1.829999e-01 3.975000e+00 0.000000e+00 5.000000e-01
3.155238e-01 3.153980e-03 -1.629999e-01 2.500000e-02 0.000000e+00 5.000000e-01
1.620320e-01 2.248712e-03 -1.629999e-01 7.500000e-02 0.000000e+00 5.000000e-01
4.167404e-02 1.141007e-03 -1.629999e-01 1.250000e-01 0.000000e+00 5.000000e-01
1.722447e-02 7.344547e-04 -1.629999e-01 1.750000e-01 0.000000e+00 5.000000e-01
1.187168e-02 6.074085e-04 -1.629999e-01 2.250000e-01 0.000000e+00 5.000000e-01
9.478584e-03 5.418552e-04 -1.629999e-01 2.750000e-01 0.000000e+00 5.000000e-01
9.120337e-03 5.319095e-04 -1.629999e-01 3.250000e-01 0.000000e+00 5.000000e-01
8.054555e-03 4.995228e-04 -1.629999e-01 3.750000e-01 0.000000e+00 5.000000e-01
7.479527e-03 4.788284e-04 -1.629999e-01 4.250000e-01 0.000000e+00 5.000000e-01
6.239872e-03 4.368790e-04 -1.629999e-01 4.750000e-01 0.000000e+00 5.000000e-01
6.757595e-03 4.535407e-04 -1.629999e-01 5.250000e-01 0.000000e+00 5.000000e-01
6.133287e-03 4.294166e-04 -1.629999e-01 5.750000e-01 0.000000e+00 5.000000e-01
5.741717e-03 4.080467e-04 -1.629999e-01 6.250000e-01 0.000000e+00 5.000000e-01
5.148998e-03 3.816696e-04 -1.629999e-01 6.750000e-01 0.000000e+00 5.000000e-01
4.411736e-03 3.487789e-04 -1.629999e-01 7.250000e-01 0.000000e+00 5.000000e-01
4.870895e-03 3.610554e-04 -1.629999e-01 7.750000e-01 0.000000e+00 5.000000e-01
4.863367e-03 3.585327e-04 -1.629999e-01 8.250000e-01 0.000000e+00 5.000000e-01
3.945179e-03 3.221231e-04 -1.629999e-01 8.750000e-01 0.000000e+00 5.000000e-01
3.297092e-03 2.937288e-04 -1.629999e-01 9.250000e-01 0.000000e+00 5.000000e-01
3.276430e-03 2.918882e-04 -1.629999e-01 9.750000e-01 0.000000e+00 5.000000e-01
3.689912e-03 3.096511e-04 -1.629999e-01 1.025000e+00 0.000000e+00 5.000000e-01
2.701585e-03 2.649127e-04 -1.629999e-01 1.075000e+00 0.000000e+00 5.000000e-01
2.935904e-03 2.774173e-04 -1.629999e-01 1.125000e+00 0.000000e+00 5.000000e-01
2.345262e-03 2.500064e-04 -1.629999e-01 1.175000e+00 0.000000e+00 5.000000e-01
1.512627e-03 2.021337e-04 -1.629999e-01 1.225000e+00 0.000000e+00 5.000000e-01
1.815085e-03 2.234221e-04 -1.629999e-01 1.275000e+00 0.000000e+00 5.000000e-01
1.228048e-03 1.851356e-04 -1.629999e-01 1.325000e+00 0.000000e+00 5.000000e-01
1.330803e-03 1.920853e-04 -1.629999e-01 1.375000e+00 0.000000e+00 5.000000e-01
1.333694e-03 1.925026e-04 -1.629999e-01 1.425000e+00 0.000000e+00 5.000000e-01
9.383129e-04 1.609199e-04 -1.629999e-01 1.475000e+00 0.000000e+00 5.000000e-01
1.095070e-03 1.731461e-04 -1.629999e-01 1.525000e+00 0.000000e+00 5.000000e-01
8.171963e-04 1.491993e-04 -1.629999e-01 1.575000e+00 0.000000e+00 5.000000e-01
5.908790e-04 1.259761e-04 -1.629999e-01 1.625000e+00 0.000000e+00 5.000000e-01
6.432187e-04 1.312969e-04 -1.629999e-01 1.675000e+00 0.000000e+00 5.000000e-01
5.852864e-04 1.247838e-04 -1.629999e-01 1.725000e+00 0.000000e+00 5.000000e-01
7.409457e-04 1.400257e-04 -1.629999e-01 1.775000e+00 0.000000e+00 5.000000e-01
6.309465e-04 1.287918e-04 -1.629999e-01 1.825000e+00 0.000000e+00 5.000000e-01
2.607862e-04 8.246797e-05 -1.629999e-01 1.875000e+00 0.000000e+00 5.000000e-01
7.249388e-04 1.370010e-04 -1.629999e-01 1.925000e+00 0.000000e+00 5.000000e-01
1.277321e-03 1.806410e-04 -1.629999e-01 1.975000e+00 0.000000e+00 5.000000e-01
1.505550e-03 1.943661e-04 -1.629999e-01 2.025000e+00 0.000000e+00 5.000000e-01
1.878672e-03 2.154992e-04 -1.629999e-01 2.075000e+00 0.000000e+00 5.000000e-01
1.605961e-03 1.976808e-04 -1.629999e-01 2.125000e+00 0.000000e+00 5.000000e-01
9.669237e-04 1.528846e-04 -1.629999e-01 2.175000e+00 0.000000e+00 5.000000e-01
5.751030e-04 1.173929e-04 -1.629999e-01 2.225000e+00 0.000000e+00 5.000000e-01
2.855456e-04 8.243030e-05 -1.629999e-01 2.275000e+00 0.000000e+00 5.000000e-01
3.768533e-04 9.421365e-05 -1.629999e-01 2.325000e+00 0.000000e+00 5.000000e-01
4.663848e-04 1.042871e-04 -1.629999e-01 2.375000e+00 0.000000e+00 5.000000e-01
4.170878e-04 9.830895e-05 -1.629999e-01 2.425000e+00 0.000000e+00 5.000000e-01
4.602554e-04 1.029169e-04 -1.629999e-01 2.475000e+00 0.000000e+00 5.000000e-01
4.555736e-04 1.018701e-04 -1.629999e-01 2.525000e+00 0.000000e+00 5.000000e-01
1.356165e-04 5.536527e-05 -1.629999e-01 2.575000e+00 0.000000e+00 5.000000e-01
1.342379e-04 5.480240e-05 -1.629999e-01 2.625000e+00 0.000000e+00 5.000000e-01
3.111717e-04 8.316482e-05 -1.629999e-01 2.675000e+00 0.000000e+00 5.000000e-01
2.672165e-04 7.713929e-05 -1.629999e-01 2.725000e+00 0.000000e+00 5.000000e-01
1.349832e-04 5.510709e-05 -1.629999e-01 2.775000e+00 0.000000e+00 5.000000e-01
2.744548e-04 7.922868e-05 -1.629999e-01 2.825000e+00 0.000000e+00 5.000000e-01
2.762147e-04 7.973661e-05 -1.629999e-01 2.875000e+00 0.000000e+00 5.000000e-01
1.376758e-04 5.620607e-05 -1.629999e-01 2.925000e+00 0.000000e+00 5.000000e-01
4.528464e-05 3.202107e-05 -1.629999e-01 2.975000e+00 0.000000e+00 5.000000e-01
3.533422e-04 8.833619e-05 -1.629999e-01 3.025000e+00 0.000000e+00 5.000000e-01
1.737966e-04 6.144716e-05 -1.629999e-01 3.075000e+00 0.000000e+00 5.000000e-01
2.960398e-04 7.912063e-05 -1.629999e-01 3.125000e+00 0.000000e+00 5.000000e-01
2.085208e-04 6.594112e-05 -1.629999e-01 3.175000e+00 0.000000e+00 5.000000e-01
2.873797e-04 7.680644e-05 -1.629999e-01 3.225000e+00 0.000000e+00 5.000000e-01
2.036342e-04 6.439535e-05 -1.629999e-01 3.275000e+00 0.000000e+00 5.000000e-01
4.833209e-04 9.865876e-05 -1.629999e-01 3.325000e+00 0.000000e+00 5.000000e-01
2.711025e-04 7.245643e-05 -1.629999e-01 3.375000e+00 0.000000e+00 5.000000e-01
4.053722e-04 8.642695e-05 -1.629999e-01 3.425000e+00 0.000000e+00 5.000000e-01
2.160495e-04 6.236888e-05 -1.629999e-01 3.475000e+00 0.000000e+00 5.000000e-01
2.847548e-04 7.118996e-05 -1.629999e-01 3.525000e+00 0.000000e+00 5.000000e-01
3.112037e-04 7.335283e-05 -1.629999e-01 3.575000e+00 0.000000e+00 5.000000e-01
4.771610e-04 9.017639e-05 -1.629999e-01 3.625000e+00 0.000000e+00 5.000000e-01
4.688459e-04 8.860585e-05 -1.629999e-01 3.675000e+00 0.000000e+00 5.000000e-01
4.565337e-04 8.628033e-05 -1.629999e-01 3.725000e+00 0.000000e+00 5.000000e-01
6.232029e-04 9.854086e-05 -1.629999e-01 3.775000e+00 0.000000e+00 5.000000e-01
4.445630e-04 8.116919e-05 -1.629999e-01 3.825000e+00 0.000000e+00 5.000000e-01
3.091158e-04 6.590587e-05 -1.629999e-01 3.875000e+00 0.000000e+00 5.000000e-01
4.211848e-04 7.445848e-05 -1.629999e-01 3.925000e+00 0.000000e+00 5.000000e-01
8.828608e-04 1.040534e-04 -1.629999e-01 3.975000e+00 0.000000e+00 5.000000e-01
3.121824e-01 3.116224e-03 -1.429999e-01 2.500000e-02 0.000000e+00 5.000000e-01
1.654503e-01 2.267935e-03 -1.429999e-01 7.500000e-02 0.000000e+00 5.000000e-01
4.209388e-02 1.143958e-03 -1.429999e-01 1.250000e-01 0.000000e+00 5.000000e-01
1.818280e-02 7.485748e-04 -1.429999e-01 1.750000e-01 0.000000e+00 5.000000e-01
1.379820e-02 6.519045e-04 -1.429999e-01 2.250000e-01 0.000000e+00 5.000000e-01
9.353738e-03 5.364743e-04 -1.429999e-01 2.750000e-01 0.000000e+00 5.000000e-01
8.389776e-03 5.068456e-04 -1.429999e-01 3.250000e-01 0.000000e+00 5.000000e-01
7.200499e-03 4.667397e-04 -1.429999e-01 3.750000e-01 0.000000e+00 5.000000e-01
7.718736e-03 4.824216e-04 -1.429999e-01 4.250000e-01 0.000000e+00 5.000000e-01
6.873057e-03 4.531966e-04 -1.429999e-01 4.750000e-01 0.000000e+00 5.000000e-01
6.604487e-03 4.432647e-04 -1.429999e-01 5.250000e-01 0.000000e+00 5.000000e-01
6.588733e-03 4.422075e-04 -1.429999e-01 5.750000e-01 0.000000e+00 5.000000e-01
4.819140e-03 3.763121e-04 -1.429999e-01 6.250000e-01 0.000000e+00 5.000000e-01
5.332866e-03 3.952990e-04 -1.429999e-01 6.750000e-01 0.000000e+00 5.000000e-01
5.502015e-03 4.012763e-04 -1.429999e-01 7.250000e-01 0.000000e+00 5.000000e-01
4.375111e-03 3.572270e-04 -1.429999e-01 7.750000e-01 0.000000e+00 5.000000e-01
4.257847e-03 3.476524e-04 -1.429999e-01 8.250000e-01 0.000000e+00 5.000000e-01
4.215634e-03 3.419337e-04 -1.429999e-01 8.750000e-01 0.000000e+00 5.000000e-01
3.326333e-03 3.011526e-04 -1.429999e-01 9.250000e-01 0.000000e+00 5.000000e-01
3.762060e-03 3.179526e-04 -1.429999e-01 9.750000e-01 0.000000e+00 5.000000e-01
3.609996e-03 3.118567e-04 -1.429999e-01 1.025000e+00 0.000000e+00 5.000000e-01
2.546978e-03 2.627012e-04 -1.429999e-01 1.075000e+00 0.000000e+00 5.000000e-01
2.066700e-03 2.370671e-04 -1.429999e-01 1.125000e+00 0.000000e+00 5.000000e-01
1.745685e-03 2.182111e-04 -1.429999e-01 1.175000e+00 0.000000e+00 5.000000e-01
1.309836e-03 1.890591e-04 -1.429999e-01 1.225000e+00 0.000000e+00 5.000000e-01
1.900096e-03 2.271054e-04 -1.429999e-01 1.275000e+00 0.000000e+00 5.000000e-01
1.534948e-03 2.051166e-04 -1.429999e-01 1.325000e+00 0.000000e+00 5.000000e-01
1.040360e-03 1.687690e-04 -1.429999e-01 1.375000e+00 0.000000e+00 5.000000e-01
6.592018e-04 1.345591e-04 -1.429999e-01 1.425000e+00 0.000000e+00 5.000000e-01
1.050973e-03 1.704909e-04 -1.429999e-01 1.475000e+00 0.000000e+00 5.000000e-01
1.207458e-03 1.820314e-04 -1.429999e-01 1.525000e+00 0.000000e+00 5.000000e-01
9.272950e-04 1.590301e-04 -1.429999e-01 1.575000e+00 0.000000e+00 5.000000e-01
8.079232e-04 1.475064e-04 -1.429999e-01 1.625000e+00 0.000000e+00 5.000000e-01
7.515846e-04 1.420367e-04 -1.429999e-01 1.675000e+00 0.000000e+00 5.000000e-01
4.784942e-04 1.127825e-04 -1.429999e-01 1.725000e+00 0.000000e+00 5.000000e-01
6.324443e-04 1.290974e-04 -1.429999e-01 1.775000e+00 0.000000e+00 5.000000e-01
4.651465e-04 1.096365e-04 -1.429999e-01 1.825000e+00 0.000000e+00 5.000000e-01
5.589858e-04 1.191763e-04 -1.429999e-01 1.875000e+00 0.000000e+00 5.000000e-01
4.510454e-04 1.063130e-04 -1.429999e-01 1.925000e+00 0.000000e+00 5.000000e-01
6.441776e-04 1.263339e-04 -1.429999e-01 1.975000e+00 0.000000e+00 5.000000e-01
1.619258e-03 1.993177e-04 -1.429999e-01 2.025000e+00 0.000000e+00 5.000000e-01
2.143184e-03 2.284649e-04 -1.429999e-01 2.075000e+00 0.000000e+00 5.000000e-01
1.839811e-03 2.110417e-04 -1.429999e-01 2.125000e+00 0.000000e+00 5.000000e-01
1.348765e-03 1.802372e-04 -1.429999e-01 2.175000e+00 0.000000e+00 5.000000e-01
3.802289e-04 9.505773e-05 -1.429999e-01 2.225000e+00 0.000000e+00 5.000000e-01
4.743729e-04 1.060734e-04 -1.429999e-01 2.275000e+00 0.000000e+00 5.000000e-01
5.628744e-04 1.148969e-04 -1.429999e-01 2.325000e+00 0.000000e+00 5.000000e-01
2.322755e-04 7.345214e-05 -1.429999e-01 2.375000e+00 0.000000e+00 5.000000e-01
4.158726e-04 9.802276e-05 -1.429999e-01 2.425000e+00 0.000000e+00 5.000000e-01
4.127724e-04 9.729199e-05 -1.429999e-01 2.475000e+00 0.000000e+00 5.000000e-01
3.657792e-04 9.144540e-05 -1.429999e-01 2.525000e+00 0.000000e+00 5.000000e-01
3.200199e-04 8.552955e-05 -1.429999e-01 2.575000e+00 0.000000e+00 5.000000e-01
3.221174e-04 8.609016e-05 -1.429999e-01 2.625000e+00 0.000000e+00 5.000000e-01
1.864751e-04 6.592936e-05 -1.429999e-01 2.675000e+00 0.000000e+00 5.000000e-01
1.890229e-04 6.682984e-05 -1.429999e-01 2.725000e+00 0.000000e+00 5.000000e-01
1.411130e-04 5.760930e-05 -1.429999e-01 2.775000e+00 0.000000e+00 5.000000e-01
4.645887e-04 1.038860e-04 -1.429999e-01 2.825000e+00 0.000000e+00 5.000000e-01
2.304348e-04 7.287034e-05 -1.429999e-01 2.875000e+00 0.000000e+00 5.000000e-01
9.133088e-05 4.566554e-05 -1.429999e-01 2.925000e+00 0.000000e+00 5.000000e-01
3.139350e-04 8.390315e-05 -1.429999e-01 2.975000e+00 0.000000e+00 5.000000e-01
5.299099e-04 1.081686e-04 -1.429999e-01 3.025000e+00 0.000000e+00 5.000000e-01
1.732330e-04 6.124772e-05 -1.429999e-01 3.075000e+00 0.000000e+00 5.000000e-01
4.262337e-04 9.530993e-05 -1.429999e-01 3.125000e+00 0.000000e+00 5.000000e-01
4.131500e-04 9.238373e-05 -1.429999e-01 3.175000e+00 0.000000e+00 5.000000e-01
4.343379e-04 9.260205e-05 -1.429999e-01 3.225000e+00 0.000000e+00 5.000000e-01
3.337445e-04 7.866565e-05 -1.429999e-01 3.275000e+00 0.000000e+00 5.000000e-01
2.461250e-04 6.578081e-05 -1.429999e-01 3.325000e+00 0.000000e+00 5.000000e-01
3.131837e-04 7.381903e-05 -1.429999e-01 3.375000e+00 0.000000e+00 5.000000e-01
5.188519e-04 9.473007e-05 -1.429999e-01 3.425000e+00 0.000000e+00 5.000000e-01
2.771905e-04 6.929905e-05 -1.429999e-01 3.475000e+00 0.000000e+00 5.000000e-01
2.765004e-04 6.912644e-05 -1.429999e-01 3.525000e+00 0.000000e+00 5.000000e-01
4.546008e-04 8.915681e-05 -1.429999e-01 3.575000e+00 0.000000e+00 5.000000e-01
5.195208e-04 9.485408e-05 -1.429999e-01 3.625000e+00 0.000000e+00 5.000000e-01
4.063620e-04 8.295035e-05 -1.429999e-01 3.675000e+00 0.000000e+00 5.000000e-01
4.587937e-04 8.670719e-05 -1.429999e-01 3.725000e+00 0.000000e+00 5.000000e-01
2.832867e-04 6.677359e-05 -1.429999e-01 3.775000e+00 0.000000e+00 5.000000e-01
5.076710e-04 8.706744e-05 -1.429999e-01 3.825000e+00 0.000000e+00 5.000000e-01
5.348562e-04 8.676702e-05 -1.429999e-01 3.875000e+00 0.000000e+00 5.000000e-01
4.457659e-04 7.645163e-05 -1.429999e-01 3.925000e+00 0.000000e+00 5.000000e-01
6.346538e-04 8.801344e-05 -1.429999e-01 3.975000e+00 0.000000e+00 5.000000e-01
3.095740e-01 3.021712e-03 -1.229999e-01 2.500000e-02 0.000000e+00 5.000000e-01
1.686225e-01 2.238968e-03 -1.229999e-01 7.500000e-02 0.000000e+00 5.000000e-01
4.083706e-02 1.097708e-03 -1.229999e-01 1.250000e-01 0.000000e+00 5.000000e-01
1.657870e-02 7.018331e-04 -1.229999e-01 1.750000e-01 0.000000e+00 5.000000e-01
1.317687e-02 6.296160e-04 -1.229999e-01 2.250000e-01 0.000000e+00 5.000000e-01
8.051496e-03 4.918240e-04 -1.229999e-01 2.750000e-01 0.000000e+00 5.000000e-01
8.453627e-03 5.016312e-04 -1.229999e-01 3.250000e-01 0.000000e+00 5.000000e-01
6.712566e-03 4.465138e-04 -1.229999e-01 3.750000e-01 0.000000e+00 5.000000e-01
6.435088e-03 4.358398e-04 -1.229999e-01 4.250000e-01 0.000000e+00 5.000000e-01
6.860987e-03 4.485175e-04 -1.229999e-01 4.750000e-01 0.000000e+00 5.000000e-01
6.859430e-03 4.484156e-04 -1.229999e-01 5.250000e-01 0.000000e+00 5.000000e-01
7.379395e-03 4.648588e-04 -1.229999e-01 5.750000e-01 0.000000e+00 5.000000e-01
7.036110e-03 4.541796e-04 -1.229999e-01 6.250000e-01 0.000000e+00 5.000000e-01
5.150717e-03 3.904755e-04 -1.229999e-01 6.750000e-01 0.000000e+00 5.000000e-01
4.261974e-03 3.576574e-04 -1.229999e-01 7.250000e-01 0.000000e+00 5.000000e-01
4.558687e-03 3.722159e-04 -1.229999e-01 7.750000e-01 0.000000e+00 5.000000e-01
3.559589e-03 3.276873e-04 -1.229999e-01 8.250000e-01 0.000000e+00 5.000000e-01
4.654688e-03 3.775457e-04 -1.229999e-01 8.750000e-01 0.000000e+00 5.000000e-01
3.112045e-03 3.112051e-04 -1.229999e-01 9.250000e-01 0.000000e+00 5.000000e-01
2.671253e-03 2.880491e-04 -1.229999e-01 9.750000e-01 0.000000e+00 5.000000e-01
2.249212e-03 2.614660e-04 -1.229999e-01 1.025000e+00 0.000000e+00 5.000000e-01
2.948075e-03 2.948081e-04 -1.229999e-01 1.075000e+00 0.000000e+00 5.000000e-01
2.436070e-03 2.626887e-04 -1.229999e-01 1.125000e+00 0.000000e+00 5.000000e-01
1.548502e-03 2.069277e-04 -1.229999e-01 1.175000e+00 0.000000e+00 5.000000e-01
1.856095e-03 2.250851e-04 -1.229999e-01 1.225000e+00 0.000000e+00 5.000000e-01
1.426947e-03 1.978824e-04 -1.229999e-01 1.275000e+00 0.000000e+00 5.000000e-01
1.145981e-03 1.768291e-04 -1.229999e-01 1.325000e+00 0.000000e+00 5.000000e-01
1.452896e-03 1.977145e-04 -1.229999e-01 1.375000e+00 0.000000e+00 5.000000e-01
1.069925e-03 1.691704e-04 -1.229999e-01 1.425000e+00 0.000000e+00 5.000000e-01
4.787023e-04 1.128315e-04 -1.229999e-01 1.475000e+00 0.000000e+00 5.000000e-01
6.375290e-04 1.301354e-04 -1.229999e-01 1.525000e+00 0.000000e+00 5.000000e-01
5.835153e-04 1.244063e-04 -1.229999e-01 1.575000e+00 0.000000e+00 5.000000e-01
6.303888e-04 1.286780e-04 -1.229999e-01 1.625000e+00 0.000000e+00 5.000000e-01
6.805154e-04 1.334604e-04 -1.229999e-01 1.675000e+00 0.000000e+00 5.000000e-01
7.204736e-04 1.361570e-04 -1.229999e-01 1.725000e+00 0.000000e+00 5.000000e-01
5.603565e-04 1.194687e-04 -1.229999e-01 1.775000e+00 0.000000e+00 5.000000e-01
6.557045e-04 1.285945e-04 -1.229999e-01 1.825000e+00 0.000000e+00 5.000000e-01
5.506856e-04 1.174070e-04 -1.229999e-01 1.875000e+00 0.000000e+00 5.000000e-01
5.952860e-04 1.215124e-04 -1.229999e-01 1.925000e+00 0.000000e+00 5.000000e-01
1.084390e-03 1.634786e-04 -1.229999e-01 1.975000e+00 0.000000e+00 5.000000e-01
1.416300e-03 1.859700e-04 -1.229999e-01 2.025000e+00 0.000000e+00 5.000000e-01
2.043921e-03 2.230109e-04 -1.229999e-01 2.075000e+00 0.000000e+00 5.000000e-01
2.079597e-03 2.242495e-04 -1.229999e-01 2.125000e+00 0.000000e+00 5.000000e-01
1.585697e-03 1.951868e-04 -1.229999e-01 2.175000e+00 0.000000e+00 5.000000e-01
7.136440e-04 1.302935e-04 -1.229999e-01 2.225000e+00 0.000000e+00 5.000000e-01
2.835019e-04 8.184031e-05 -1.229999e-01 2.275000e+00 0.000000e+00 5.000000e-01
8.885627e-04 1.441442e-04 -1.229999e-01 2.325000e+00 0.000000e+00 5.000000e-01
2.331114e-04 7.371667e-05 -1.229999e-01 2.375000e+00 0.000000e+00 5.000000e-01
3.261592e-04 8.716986e-05 -1.229999e-01 2.425000e+00 0.000000e+00 5.000000e-01
2.835102e-04 8.184282e-05 -1.229999e-01 2.475000e+00 0.000000e+00 5.000000e-01
2.387128e-04 7.548770e-05 -1.229999e-01 2.525000e+00 0.000000e+00 5.000000e-01
3.846226e-04 9.615602e-05 -1.229999e-01 2.575000e+00 0.000000e+00 5.000000e-01
2.884852e-04 8.327891e-05 -1.229999e-01 2.625000e+00 0.000000e+00 5.000000e-01
2.380167e-04 7.526758e-05 -1.229999e-01 2.675000e+00 0.000000e+00 5.000000e-01
2.372354e-04 7.502075e-05 -1.229999e-01 2.725000e+00 0.000000e+00 5.000000e-01
1.865853e-04 6.596823e-05 -1.229999e-01 2.775000e+00 0.000000e+00 5.000000e-01
4.171225e-04 9.831737e-05 -1.229999e-01 2.825000e+00 0.000000e+00 5.000000e-01
3.190522e-04 8.527105e-05 -1.229999e-01 2.875000e+00 0.000000e+00 5.000000e-01
2.253199e-04 7.125337e-05 -1.229999e-01 2.925000e+00 0.000000e+00 5.000000e-01
4.005691e-04 9.441544e-05 -1.229999e-01 2.975000e+00 0.000000e+00 5.000000e-01
2.628777e-04 7.588674e-05 -1.229999e-01 3.025000e+00 0.000000e+00 5.000000e-01
2.967516e-04 7.931043e-05 -1.229999e-01 3.075000e+00 0.000000e+00 5.000000e-01
2.829928e-04 7.563370e-05 -1.229999e-01 3.125000e+00 0.000000e+00 5.000000e-01
3.811459e-04 8.522782e-05 -1.229999e-01 3.175000e+00 0.000000e+00 5.000000e-01
7.323810e-05 3.662027e-05 -1.229999e-01 3.225000e+00 0.000000e+00 5.000000e-01
3.571110e-04 7.985307e-05 -1.229999e-01 3.275000e+00 0.000000e+00 5.000000e-01
3.847459e-04 8.202928e-05 -1.229999e-01 3.325000e+00 0.000000e+00 5.000000e-01
3.751452e-04 7.998257e-05 -1.229999e-01 3.375000e+00 0.000000e+00 5.000000e-01
4.385921e-04 8.601684e-05 -1.229999e-01 3.425000e+00 0.000000e+00 5.000000e-01
1.337823e-04 4.729955e-05 -1.229999e-01 3.475000e+00 0.000000e+00 5.000000e-01
6.435755e-04 1.044044e-04 -1.229999e-01 3.525000e+00 0.000000e+00 5.000000e-01
3.693836e-04 7.875415e-05 -1.229999e-01 3.575000e+00 0.000000e+00 5.000000e-01
5.691060e-04 9.760377e-05 -1.229999e-01 3.625000e+00 0.000000e+00 5.000000e-01
1.315787e-04 4.652021e-05 -1.229999e-01 3.675000e+00 0.000000e+00 5.000000e-01
4.566214e-04 8.629600e-05 -1.229999e-01 3.725000e+00 0.000000e+00 5.000000e-01
4.089028e-04 8.019459e-05 -1.229999e-01 3.775000e+00 0.000000e+00 5.000000e-01
6.610711e-04 9.966411e-05 -1.229999e-01 3.825000e+00 0.000000e+00 5.000000e-01
4.207176e-04 7.681445e-05 -1.229999e-01 3.875000e+00 0.000000e+00 5.000000e-01
8.686086e-04 1.069249e-04 -1.229999e-01 3.925000e+00 0.000000e+00 5.000000e-01
5.355177e-04 8.073581e-05 -1.229999e-01 3.975000e+00 0.000000e+00 5.000000e-01
3.104885e-01 3.009495e-03 -1.029999e-01 2.500000e-02 0.000000e+00 5.000000e-01
1.622332e-01 2.152235e-03 -1.029999e-01 7.500000e-02 0.000000e+00 5.000000e-01
4.307862e-02 1.106401e-03 -1.029999e-01 1.250000e-01 0.000000e+00 5.000000e-01
1.883731e-02 7.354743e-04 -1.029999e-01 1.750000e-01 0.000000e+00 5.000000e-01
1.340381e-02 6.169610e-04 -1.029999e-01 2.250000e-01 0.000000e+00 5.000000e-01
9.482779e-03 5.157957e-04 -1.029999e-01 2.750000e-01 0.000000e+00 5.000000e-01
8.223471e-03 4.845733e-04 -1.029999e-01 3.250000e-01 0.000000e+00 5.000000e-01
7.765904e-03 4.743787e-04 -1.029999e-01 3.750000e-01 0.000000e+00 5.000000e-01
8.230049e-03 4.918401e-04 -1.029999e-01 4.250000e-01 0.000000e+00 5.000000e-01
6.661441e-03 4.450868e-04 -1.029999e-01 4.750000e-01 0.000000e+00 5.000000e-01
6.619083e-03 4.462591e-04 -1.029999e-01 5.250000e-01 0.000000e+00 5.000000e-01
6.042944e-03 4.273011e-04 -1.029999e-01 5.750000e-01 0.000000e+00 5.000000e-01
6.445279e-03 4.447670e-04 -1.029999e-01 6.250000e-01 0.000000e+00 5.000000e-01
5.210487e-03 4.044127e-04 -1.029999e-01 6.750000e-01 0.000000e+00 5.000000e-01
5.439617e-03 4.147675e-04 -1.029999e-01 7.250000e-01 0.000000e+00 5.000000e-01
5.017363e-03 3.966580e-04 -1.029999e-01 7.750000e-01 0.000000e+00 5.000000e-01
3.813922e-03 3.481625e-04 -1.029999e-01 8.250000e-01 0.000000e+00 5.000000e-01
3.452184e-03 3.321871e-04 -1.029999e-01 8.750000e-01 0.000000e+00 5.000000e-01
3.802716e-03 3.471393e-04 -1.029999e-01 9.250000e-01 0.000000e+00 5.000000e-01
3.891313e-03 3.494509e-04 -1.029999e-01 9.750000e-01 0.000000e+00 5.000000e-01
3.071746e-03 3.102938e-04 -1.029999e-01 1.025000e+00 0.000000e+00 5.000000e-01
2.165963e-03 2.588825e-04 -1.029999e-01 1.075000e+00 0.000000e+00 5.000000e-01
2.079461e-03 2.521721e-04 -1.029999e-01 1.125000e+00 0.000000e+00 5.000000e-01
2.757776e-03 2.906956e-04 -1.029999e-01 1.175000e+00 0.000000e+00 5.000000e-01
1.916700e-03 2.395881e-04 -1.029999e-01 1.225000e+00 0.000000e+00 5.000000e-01
1.508512e-03 2.091935e-04 -1.029999e-01 1.275000e+00 0.000000e+00 5.000000e-01
1.501869e-03 2.043790e-04 -1.029999e-01 1.325000e+00 0.000000e+00 5.000000e-01
1.074162e-03 1.698405e-04 -1.029999e-01 1.375000e+00 0.000000e+00 5.000000e-01
7.412745e-04 1.400880e-04 -1.029999e-01 1.425000e+00 0.000000e+00 5.000000e-01
1.292164e-03 1.827402e-04 -1.029999e-01 1.475000e+00 0.000000e+00 5.000000e-01
7.103706e-04 1.342476e-04 -1.029999e-01 1.525000e+00 0.000000e+00 5.000000e-01
9.048641e-04 1.508110e-04 -1.029999e-01 1.575000e+00 0.000000e+00 5.000000e-01
7.460406e-04 1.362080e-04 -1.029999e-01 1.625000e+00 0.000000e+00 5.000000e-01
5.915354e-04 1.207470e-04 -1.029999e-01 1.675000e+00 0.000000e+00 5.000000e-01
4.455447e-04 1.050162e-04 -1.029999e-01 1.725000e+00 0.000000e+00 5.000000e-01
8.009446e-04 1.415888e-04 -1.029999e-01 1.775000e+00 0.000000e+00 5.000000e-01
5.043273e-04 1.127713e-04 -1.029999e-01 1.825000e+00 0.000000e+00 5.000000e-01
7.520346e-04 1.373025e-04 -1.029999e-01 1.875000e+00 0.000000e+00 5.000000e-01
7.931209e-04 1.402060e-04 -1.029999e-01 1.925000e+00 0.000000e+00 5.000000e-01
7.376579e-04 1.346779e-04 -1.029999e-01 1.975000e+00 0.000000e+00 5.000000e-01
1.520488e-03 1.931028e-04 -1.029999e-01 2.025000e+00 0.000000e+00 5.000000e-01
1.653233e-03 2.004848e-04 -1.029999e-01 2.075000e+00 0.000000e+00 5.000000e-01
1.976160e-03 2.182313e-04 -1.029999e-01 2.125000e+00 0.000000e+00 5.000000e-01
1.005836e-03 1.552044e-04 -1.029999e-01 2.175000e+00 0.000000e+00 5.000000e-01
7.651908e-04 1.352685e-04 -1.029999e-01 2.225000e+00 0.000000e+00 5.000000e-01
4.800267e-04 1.073376e-04 -1.029999e-01 2.275000e+00 0.000000e+00 5.000000e-01
1.935555e-04 6.843269e-05 -1.029999e-01 2.325000e+00 0.000000e+00 5.000000e-01
3.430277e-04 9.167857e-05 -1.029999e-01 2.375000e+00 0.000000e+00 5.000000e-01
6.911948e-04 1.306242e-04 -1.029999e-01 2.425000e+00 0.000000e+00 5.000000e-01
2.458941e-04 7.775897e-05 -1.029999e-01 2.475000e+00 0.000000e+00 5.000000e-01
2.922629e-04 8.436963e-05 -1.029999e-01 2.525000e+00 0.000000e+00 5.000000e-01
1.940677e-04 6.861334e-05 -1.029999e-01 2.575000e+00 0.000000e+00 5.000000e-01
4.776484e-04 1.068059e-04 -1.029999e-01 2.625000e+00 0.000000e+00 5.000000e-01
2.386229e-04 7.545949e-05 -1.029999e-01 2.675000e+00 0.000000e+00 5.000000e-01
2.350279e-04 7.432282e-05 -1.029999e-01 2.725000e+00 0.000000e+00 5.000000e-01
2.329711e-04 7.367241e-05 -1.029999e-01 2.775000e+00 0.000000e+00 5.000000e-01
2.732028e-04 7.886746e-05 -1.029999e-01 2.825000e+00 0.000000e+00 5.000000e-01
2.251914e-04 7.121197e-05 -1.029999e-01 2.875000e+00 0.000000e+00 5.000000e-01
4.892121e-04 1.043012e-04 -1.029999e-01 2.925000e+00 0.000000e+00 5.000000e-01
2.973800e-04 7.947900e-05 -1.029999e-01 2.975000e+00 0.000000e+00 5.000000e-01
3.203128e-04 8.007897e-05 -1.029999e-01 3.025000e+00 0.000000e+00 5.000000e-01
1.930457e-04 6.104713e-05 -1.029999e-01 3.075000e+00 0.000000e+00 5.000000e-01
7.588404e-05 3.794205e-05 -1.029999e-01 3.125000e+00 0.000000e+00 5.000000e-01
3.356934e-04 7.912485e-05 -1.029999e-01 3.175000e+00 0.000000e+00 5.000000e-01
2.203685e-04 6.361540e-05 -1.029999e-01 3.225000e+00 0.000000e+00 5.000000e-01
2.542291e-04 6.794660e-05 -1.029999e-01 3.275000e+00 0.000000e+00 5.000000e-01
3.210078e-04 7.566307e-05 -1.029999e-01 3.325000e+00 0.000000e+00 5.000000e-01
3.531459e-04 7.896714e-05 -1.029999e-01 3.375000e+00 0.000000e+00 5.000000e-01
1.731612e-04 5.475854e-05 -1.029999e-01 3.425000e+00 0.000000e+00 5.000000e-01
6.336389e-04 1.027913e-04 -1.029999e-01 3.475000e+00 0.000000e+00 5.000000e-01
3.907071e-04 7.975470e-05 -1.029999e-01 3.525000e+00 0.000000e+00 5.000000e-01
2.238714e-04 5.983326e-05 -1.029999e-01 3.575000e+00 0.000000e+00 5.000000e-01
5.417989e-04 9.291974e-05 -1.029999e-01 3.625000e+00 0.000000e+00 5.000000e-01
5.051122e-04 8.929534e-05 -1.029999e-01 3.675000e+00 0.000000e+00 5.000000e-01
3.725940e-04 7.605785e-05 -1.029999e-01 3.725000e+00 0.000000e+00 5.000000e-01
4.292778e-04 8.112905e-05 -1.029999e-01 3.775000e+00 0.000000e+00 5.000000e-01
6.549460e-04 9.873922e-05 -1.029999e-01 3.825000e+00 0.000000e+00 5.000000e-01
2.831389e-04 6.331450e-05 -1.029999e-01 3.875000e+00 0.000000e+00 5.000000e-01
3.427982e-04 6.723031e-05 -1.029999e-01 3.925000e+00 0.000000e+00 5.000000e-01
5.308121e-04 8.002638e-05 -1.029999e-01 3.975000e+00 0.000000e+00 5.000000e-01
3.126823e-01 2.977255e-03 -8.299987e-02 2.500000e-02 0.000000e+00 5.000000e-01
1.712922e-01 2.219529e-03 -8.299987e-02 7.500000e-02 0.000000e+00 5.000000e-01
4.441024e-02 1.130212e-03 -8.299987e-02 1.250000e-01 0.000000e+00 5.000000e-01
1.628697e-02 6.809932e-04 -8.299987e-02 1.750000e-01 0.000000e+00 5.000000e-01
1.253526e-02 5.989583e-04 -8.299987e-02 2.250000e-01 0.000000e+00 5.000000e-01
1.040222e-02 5.497754e-04 -8.299987e-02 2.750000e-01 0.000000e+00 5.000000e-01
7.474194e-03 4.671377e-04 -8.299987e-02 3.250000e-01 0.000000e+00 5.000000e-01
6.987666e-03 4.529436e-04 -8.299987e-02 3.750000e-01 0.000000e+00 5.000000e-01
7.070617e-03 4.564070e-04 -8.299987e-02 4.250000e-01 0.000000e+00 5.000000e-01
5.221495e-03 3.935857e-04 -8.299987e-02 4.750000e-01 0.000000e+00 5.000000e-01
5.933143e-03 4.237966e-04 -8.299987e-02 5.250000e-01 0.000000e+00 5.000000e-01
5.871574e-03 4.282292e-04 -8.299987e-02 5.750000e-01 0.000000e+00 5.000000e-01
5.709509e-03 4.255623e-04 -8.299987e-02 6.250000e-01 0.000000e+00 5.000000e-01
6.327397e-03 4.474153e-04 -8.299987e-02 6.750000e-01 0.000000e+00 5.000000e-01
5.675406e-03 4.253904e-04 -8.299987e-02 7.250000e-01 0.000000e+00 5.000000e-01
3.484374e-03 3.352845e-04 -8.299987e-02 7.750000e-01 0.000000e+00 5.000000e-01
4.880494e-03 3.958610e-04 -8.299987e-02 8.250000e-01 0.000000e+00 5.000000e-01
4.500455e-03 3.776705e-04 -8.299987e-02 8.750000e-01 0.000000e+00 5.000000e-01
3.529288e-03 3.334870e-04 -8.299987e-02 9.250000e-01 0.000000e+00 5.000000e-01
2.443592e-03 2.766828e-04 -8.299987e-02 9.750000e-01 0.000000e+00 5.000000e-01
2.729961e-03 2.910153e-04 -8.299987e-02 1.025000e+00 0.000000e+00 5.000000e-01
2.344931e-03 2.689825e-04 -8.299987e-02 1.075000e+00 0.000000e+00 5.000000e-01
2.780915e-03 2.931347e-04 -8.299987e-02 1.125000e+00 0.000000e+00 5.000000e-01
2.019357e-03 2.485660e-04 -8.299987e-02 1.175000e+00 0.000000e+00 5.000000e-01
1.432721e-03 2.067958e-04 -8.299987e-02 1.225000e+00 0.000000e+00 5.000000e-01
2.050541e-03 2.450870e-04 -8.299987e-02 1.275000e+00 0.000000e+00 5.000000e-01
1.276386e-03 1.924229e-04 -8.299987e-02 1.325000e+00 0.000000e+00 5.000000e-01
1.479747e-03 2.052045e-04 -8.299987e-02 1.375000e+00 0.000000e+00 5.000000e-01
1.525257e-03 2.038216e-04 -8.299987e-02 1.425000e+00 0.000000e+00 5.000000e-01
1.005397e-03 1.630973e-04 -8.299987e-02 1.475000e+00 0.000000e+00 5.000000e-01
8.807896e-04 1.510545e-04 -8.299987e-02 1.525000e+00 0.000000e+00 5.000000e-01
1.006642e-03 1.591644e-04 -8.299987e-02 1.575000e+00 0.000000e+00 5.000000e-01
7.414623e-04 1.353721e-04 -8.299987e-02 1.625000e+00 0.000000e+00 5.000000e-01
9.821656e-04 1.552944e-04 -8.299987e-02 1.675000e+00 0.000000e+00 5.000000e-01
4.423975e-04 1.042744e-04 -8.299987e-02 1.725000e+00 0.000000e+00 5.000000e-01
3.908369e-04 9.770946e-05 -8.299987e-02 1.775000e+00 0.000000e+00 5.000000e-01
2.891275e-04 8.346419e-05 -8.299987e-02 1.825000e+00 0.000000e+00 5.000000e-01
6.698447e-04 1.265892e-04 -8.299987e-02 1.875000e+00 0.000000e+00 5.000000e-01
6.756157e-04 1.276798e-04 -8.299987e-02 1.925000e+00 0.000000e+00 5.000000e-01
9.683295e-04 1.531067e-04 -8.299987e-02 1.975000e+00 0.000000e+00 5.000000e-01
1.454485e-03 1.877739e-04 -8.299987e-02 2.025000e+00 0.000000e+00 5.000000e-01
2.222672e-03 2.317304e-04 -8.299987e-02 2.075000e+00 0.000000e+00 5.000000e-01
1.363974e-03 1.822694e-04 -8.299987e-02 2.125000e+00 0.000000e+00 5.000000e-01
1.243203e-03 1.758161e-04 -8.299987e-02 2.175000e+00 0.000000e+00 5.000000e-01
3.028822e-04 8.743490e-05 -8.299987e-02 2.225000e+00 0.000000e+00 5.000000e-01
4.560864e-04 1.075008e-04 -8.299987e-02 2.275000e+00 0.000000e+00 5.000000e-01
5.029616e-04 1.124661e-04 -8.299987e-02 2.325000e+00 0.000000e+00 5.000000e-01
6.000337e-04 1.224820e-04 -8.299987e-02 2.375000e+00 0.000000e+00 5.000000e-01
4.933170e-05 3.488278e-05 -8.299987e-02 2.425000e+00 0.000000e+00 5.000000e-01
2.948062e-04 8.510356e-05 -8.299987e-02 2.475000e+00 0.000000e+00 5.000000e-01
1.959402e-04 6.927542e-05 -8.299987e-02 2.525000e+00 0.000000e+00 5.000000e-01
2.886756e-04 8.333440e-05 -8.299987e-02 2.575000e+00 0.000000e+00 5.000000e-01
4.308546e-04 1.015540e-04 -8.299987e-02 2.625000e+00 0.000000e+00 5.000000e-01
2.820816e-04 8.143037e-05 -8.299987e-02 2.675000e+00 0.000000e+00 5.000000e-01
2.322560e-04 7.344621e-05 -8.299987e-02 2.725000e+00 0.000000e+00 5.000000e-01
1.850509e-04 6.542572e-05 -8.299987e-02 2.775000e+00 0.000000e+00 5.000000e-01
4.805709e-04 1.024589e-04 -8.299987e-02 2.825000e+00 0.000000e+00 5.000000e-01
2.933344e-04 7.839727e-05 -8.299987e-02 2.875000e+00 0.000000e+00 5.000000e-01
3.184161e-04 7.960421e-05 -8.299987e-02 2.925000e+00 0.000000e+00 5.000000e-01
3.541063e-04 8.346440e-05 -8.299987e-02 2.975000e+00 0.000000e+00 5.000000e-01
3.481411e-04 8.205828e-05 -8.299987e-02 3.025000e+00 0.000000e+00 5.000000e-01
3.059696e-04 7.649289e-05 -8.299987e-02 3.075000e+00 0.000000e+00 5.000000e-01
3.014197e-04 7.535586e-05 -8.299987e-02 3.125000e+00 0.000000e+00 5.000000e-01
3.765608e-04 8.420254e-05 -8.299987e-02 3.175000e+00 0.000000e+00 5.000000e-01
2.605186e-04 6.962791e-05 -8.299987e-02 3.225000e+00 0.000000e+00 5.000000e-01
4.462159e-04 9.108405e-05 -8.299987e-02 3.275000e+00 0.000000e+00 5.000000e-01
3.269173e-04 7.705538e-05 -8.299987e-02 3.325000e+00 0.000000e+00 5.000000e-01
4.288400e-04 8.753814e-05 -8.299987e-02 3.375000e+00 0.000000e+00 5.000000e-01
2.778065e-04 6.945297e-05 -8.299987e-02 3.425000e+00 0.000000e+00 5.000000e-01
2.353849e-04 6.291011e-05 -8.299987e-02 3.475000e+00 0.000000e+00 5.000000e-01
3.585507e-04 7.644477e-05 -8.299987e-02 3.525000e+00 0.000000e+00 5.000000e-01
5.349704e-04 9.174874e-05 -8.299987e-02 3.575000e+00 0.000000e+00 5.000000e-01
3.056222e-04 6.834000e-05 -8.299987e-02 3.625000e+00 0.000000e+00 5.000000e-01
6.006813e-04 9.497824e-05 -8.299987e-02 3.675000e+00 0.000000e+00 5.000000e-01
4.130205e-04 7.805595e-05 -8.299987e-02 3.725000e+00 0.000000e+00 5.000000e-01
5.524371e-04 8.962068e-05 -8.299987e-02 3.775000e+00 0.000000e+00 5.000000e-01
3.414246e-04 6.969554e-05 -8.299987e-02 3.825000e+00 0.000000e+00 5.000000e-01
7.174623e-04 9.949837e-05 -8.299987e-02 3.875000e+00 0.000000e+00 5.000000e-01
7.357906e-04 9.832877e-05 -8.299987e-02 3.925000e+00 0.000000e+00 5.000000e-01
6.254958e-04 8.674688e-05 -8.299987e-02 3.975000e+00 0.000000e+00 5.000000e-01
3.254664e-01 3.102922e-03 -6.299986e-02 2.500000e-02 0.000000e+00 5.000000e-01
1.691027e-01 2.223499e-03 -6.299986e-02 7.500000e-02 0.000000e+00 5.000000e-01
4.420927e-02 1.142242e-03 -6.299986e-02 1.250000e-01 0.000000e+00 5.000000e-01
1.517586e-02 6.773326e-04 -6.299986e-02 1.750000e-01 0.000000e+00 5.000000e-01
1.313454e-02 6.304789e-04 -6.299986e-02 2.250000e-01 0.000000e+00 5.000000e-01
1.043626e-02 5.626863e-04 -6.299986e-02 2.750000e-01 0.000000e+00 5.000000e-01
8.380616e-03 5.062922e-04 -6.299986e-02 3.250000e-01 0.000000e+00 5.000000e-01
8.411382e-03 5.081508e-04 -6.299986e-02 3.750000e-01 0.000000e+00 5.000000e-01
7.481639e-03 4.809385e-04 -6.299986e-02 4.250000e-01 0.000000e+00 5.000000e-01
5.717868e-03 4.215274e-04 -6.299986e-02 4.750000e-01 0.000000e+00 5.000000e-01
7.266721e-03 4.730239e-04 -6.299986e-02 5.250000e-01 0.000000e+00 5.000000e-01
5.476016e-03 4.059099e-04 -6.299986e-02 5.750000e-01 0.000000e+00 5.000000e-01
4.314464e-03 3.620624e-04 -6.299986e-02 6.250000e-01 0.000000e+00 5.000000e-01
4.636251e-03 3.785489e-04 -6.299986e-02 6.750000e-01 0.000000e+00 5.000000e-01
5.482780e-03 4.109524e-04 -6.299986e-02 7.250000e-01 0.000000e+00 5.000000e-01
5.081781e-03 3.944233e-04 -6.299986e-02 7.750000e-01 0.000000e+00 5.000000e-01
4.831270e-03 3.868118e-04 -6.299986e-02 8.250000e-01 0.000000e+00 5.000000e-01
3.311263e-03 3.216189e-04 -6.299986e-02 8.750000e-01 0.000000e+00 5.000000e-01
3.917950e-03 3.490395e-04 -6.299986e-02 9.250000e-01 0.000000e+00 5.000000e-01
3.346537e-03 3.220213e-04 -6.299986e-02 9.750000e-01 0.000000e+00 5.000000e-01
2.822252e-03 2.942408e-04 -6.299986e-02 1.025000e+00 0.000000e+00 5.000000e-01
2.630719e-03 2.804362e-04 -6.299986e-02 1.075000e+00 0.000000e+00 5.000000e-01
2.137112e-03 2.484347e-04 -6.299986e-02 1.125000e+00 0.000000e+00 5.000000e-01
2.342008e-03 2.586321e-04 -6.299986e-02 1.175000e+00 0.000000e+00 5.000000e-01
2.005819e-03 2.397417e-04 -6.299986e-02 1.225000e+00 0.000000e+00 5.000000e-01
1.720902e-03 2.221678e-04 -6.299986e-02 1.275000e+00 0.000000e+00 5.000000e-01
1.539417e-03 2.094885e-04 -6.299986e-02 1.325000e+00 0.000000e+00 5.000000e-01
1.138634e-03 1.800341e-04 -6.299986e-02 1.375000e+00 0.000000e+00 5.000000e-01
1.300566e-03 1.917586e-04 -6.299986e-02 1.425000e+00 0.000000e+00 5.000000e-01
1.057290e-03 1.715156e-04 -6.299986e-02 1.475000e+00 0.000000e+00 5.000000e-01
6.562515e-04 1.339570e-04 -6.299986e-02 1.525000e+00 0.000000e+00 5.000000e-01
7.583726e-04 1.433195e-04 -6.299986e-02 1.575000e+00 0.000000e+00 5.000000e-01
6.871256e-04 1.347568e-04 -6.299986e-02 1.625000e+00 0.000000e+00 5.000000e-01
7.127533e-04 1.346980e-04 -6.299986e-02 1.675000e+00 0.000000e+00 5.000000e-01
7.377796e-04 1.346998e-04 -6.299986e-02 1.725000e+00 0.000000e+00 5.000000e-01
5.836755e-04 1.191426e-04 -6.299986e-02 1.775000e+00 0.000000e+00 5.000000e-01
7.305549e-04 1.333810e-04 -6.299986e-02 1.825000e+00 0.000000e+00 5.000000e-01
5.811911e-04 1.186355e-04 -6.299986e-02 1.875000e+00 0.000000e+00 5.000000e-01
3.851729e-04 9.629334e-05 -6.299986e-02 1.925000e+00 0.000000e+00 5.000000e-01
7.746644e-04 1.369433e-04 -6.299986e-02 1.975000e+00 0.000000e+00 5.000000e-01
1.329337e-03 1.809007e-04 -6.299986e-02 2.025000e+00 0.000000e+00 5.000000e-01
1.662333e-03 2.046198e-04 -6.299986e-02 2.075000e+00 0.000000e+00 5.000000e-01
2.603613e-03 2.577972e-04 -6.299986e-02 2.125000e+00 0.000000e+00 5.000000e-01
1.684476e-03 2.073454e-04 -6.299986e-02 2.175000e+00 0.000000e+00 5.000000e-01
6.567526e-04 1.288000e-04 -6.299986e-02 2.225000e+00 0.000000e+00 5.000000e-01
4.507285e-04 1.062382e-04 -6.299986e-02 2.275000e+00 0.000000e+00 5.000000e-01
4.475999e-04 1.055008e-04 -6.299986e-02 2.325000e+00 0.000000e+00 5.000000e-01
3.982940e-04 9.957396e-05 -6.299986e-02 2.375000e+00 0.000000e+00 5.000000e-01
3.471748e-04 9.278690e-05 -6.299986e-02 2.425000e+00 0.000000e+00 5.000000e-01
1.985378e-04 7.019395e-05 -6.299986e-02 2.475000e+00 0.000000e+00 5.000000e-01
1.934068e-04 6.838005e-05 -6.299986e-02 2.525000e+00 0.000000e+00 5.000000e-01
2.833302e-04 8.179069e-05 -6.299986e-02 2.575000e+00 0.000000e+00 5.000000e-01
2.810760e-04 8.113987e-05 -6.299986e-02 2.625000e+00 0.000000e+00 5.000000e-01
2.734216e-04 7.893044e-05 -6.299986e-02 2.675000e+00 0.000000e+00 5.000000e-01
2.620352e-04 7.564335e-05 -6.299986e-02 2.725000e+00 0.000000e+00 5.000000e-01
4.169753e-04 9.323896e-05 -6.299986e-02 2.775000e+00 0.000000e+00 5.000000e-01
2.867893e-04 7.664845e-05 -6.299986e-02 2.825000e+00 0.000000e+00 5.000000e-01
4.023723e-04 8.997374e-05 -6.299986e-02 2.875000e+00 0.000000e+00 5.000000e-01
1.199669e-04 4.897648e-05 -6.299986e-02 2.925000e+00 0.000000e+00 5.000000e-01
3.557993e-04 8.386355e-05 -6.299986e-02 2.975000e+00 0.000000e+00 5.000000e-01
1.558335e-04 5.509654e-05 -6.299986e-02 3.025000e+00 0.000000e+00 5.000000e-01
7.844116e-05 3.922070e-05 -6.299986e-02 3.075000e+00 0.000000e+00 5.000000e-01
1.938473e-04 6.130040e-05 -6.299986e-02 3.125000e+00 0.000000e+00 5.000000e-01
3.797544e-04 8.491657e-05 -6.299986e-02 3.175000e+00 0.000000e+00 5.000000e-01
1.507218e-04 5.328835e-05 -6.299986e-02 3.225000e+00 0.000000e+00 5.000000e-01
2.586397e-04 6.912557e-05 -6.299986e-02 3.275000e+00 0.000000e+00 5.000000e-01
2.544253e-04 6.799865e-05 -6.299986e-02 3.325000e+00 0.000000e+00 5.000000e-01
4.262377e-04 8.700610e-05 -6.299986e-02 3.375000e+00 0.000000e+00 5.000000e-01
2.764711e-04 6.911922e-05 -6.299986e-02 3.425000e+00 0.000000e+00 5.000000e-01
4.403316e-04 8.635692e-05 -6.299986e-02 3.475000e+00 0.000000e+00 5.000000e-01
4.598688e-04 8.690857e-05 -6.299986e-02 3.525000e+00 0.000000e+00 5.000000e-01
2.847452e-04 6.711627e-05 -6.299986e-02 3.575000e+00 0.000000e+00 5.000000e-01
5.152464e-04 8.836589e-05 -6.299986e-02 3.625000e+00 0.000000e+00 5.000000e-01
2.928517e-04 6.548480e-05 -6.299986e-02 3.675000e+00 0.000000e+00 5.000000e-01
3.968688e-04 7.500332e-05 -6.299986e-02 3.725000e+00 0.000000e+00 5.000000e-01
5.834041e-04 9.002391e-05 -6.299986e-02 3.775000e+00 0.000000e+00 5.000000e-01
4.332215e-04 7.658598e-05 -6.299986e-02 3.825000e+00 0.000000e+00 5.000000e-01
7.073798e-04 9.626521e-05 -6.299986e-02 3.875000e+00 0.000000e+00 5.000000e-01
7.803669e-04 9.911078e-05 -6.299986e-02 3.925000e+00 0.000000e+00 5.000000e-01
6.784991e-04 8.909501e-05 -6.299986e-02 3.975000e+00 0.000000e+00 5.000000e-01
3.365404e-01 3.271243e-03 -4.299985e-02 2.500000e-02 0.000000e+00 5.000000e-01
1.694462e-01 2.329284e-03 -4.299985e-02 7.500000e-02 0.000000e+00 5.000000e-01
4.201236e-02 1.146836e-03 -4.299985e-02 1.250000e-01 0.000000e+00 5.000000e-01
1.623408e-02 7.132853e-04 -4.299985e-02 1.750000e-01 0.000000e+00 5.000000e-01
1.135542e-02 6.001533e-04 -4.299985e-02 2.250000e-01 0.000000e+00 5.000000e-01
1.077262e-02 5.842281e-04 -4.299985e-02 2.750000e-01 0.000000e+00 5.000000e-01
8.048652e-03 5.030413e-04 -4.299985e-02 3.250000e-01 0.000000e+00 5.000000e-01
7.720521e-03 4.922430e-04 -4.299985e-02 3.750000e-01 0.000000e+00 5.000000e-01
6.569302e-03 4.490689e-04 -4.299985e-02 4.250000e-01 0.000000e+00 5.000000e-01
7.234474e-03 4.709248e-04 -4.299985e-02 4.750000e-01 0.000000e+00 5.000000e-01
5.904474e-03 4.283562e-04 -4.299985e-02 5.250000e-01 0.000000e+00 5.000000e-01
5.931703e-03 4.280845e-04 -4.299985e-02 5.750000e-01 0.000000e+00 5.000000e-01
5.605938e-03 4.110480e-04 -4.299985e-02 6.250000e-01 0.000000e+00 5.000000e-01
5.087576e-03 3.901999e-04 -4.299985e-02 6.750000e-01 0.000000e+00 5.000000e-01
5.846003e-03 4.197192e-04 -4.299985e-02 7.250000e-01 0.000000e+00 5.000000e-01
4.072454e-03 3.492104e-04 -4.299985e-02 7.750000e-01 0.000000e+00 5.000000e-01
4.481641e-03 3.611415e-04 -4.299985e-02 8.250000e-01 0.000000e+00 5.000000e-01
3.778695e-03 3.288938e-04 -4.299985e-02 8.750000e-01 0.000000e+00 5.000000e-01
3.690852e-03 3.237097e-04 -4.299985e-02 9.250000e-01 0.000000e+00 5.000000e-01
3.348112e-03 3.056401e-04 -4.299985e-02 9.750000e-01 0.000000e+00 5.000000e-01
3.045569e-03 2.930606e-04 -4.299985e-02 1.025000e+00 0.000000e+00 5.000000e-01
1.787881e-03 2.270615e-04 -4.299985e-02 1.075000e+00 0.000000e+00 5.000000e-01
2.363524e-03 2.610081e-04 -4.299985e-02 1.125000e+00 0.000000e+00 5.000000e-01
2.258822e-03 2.525446e-04 -4.299985e-02 1.175000e+00 0.000000e+00 5.000000e-01
1.184669e-03 1.827987e-04 -4.299985e-02 1.225000e+00 0.000000e+00 5.000000e-01
1.694470e-03 2.187557e-04 -4.299985e-02 1.275000e+00 0.000000e+00 5.000000e-01
1.463789e-03 2.029915e-04 -4.299985e-02 1.325000e+00 0.000000e+00 5.000000e-01
6.134316e-04 1.307843e-04 -4.299985e-02 1.375000e+00 0.000000e+00 5.000000e-01
1.405014e-03 1.986993e-04 -4.299985e-02 1.425000e+00 0.000000e+00 5.000000e-01
1.075950e-03 1.745426e-04 -4.299985e-02 1.475000e+00 0.000000e+00 5.000000e-01
1.180066e-03 1.820885e-04 -4.299985e-02 1.525000e+00 0.000000e+00 5.000000e-01
7.672614e-04 1.449990e-04 -4.299985e-02 1.575000e+00 0.000000e+00 5.000000e-01
8.166296e-04 1.490958e-04 -4.299985e-02 1.625000e+00 0.000000e+00 5.000000e-01
8.169553e-04 1.491552e-04 -4.299985e-02 1.675000e+00 0.000000e+00 5.000000e-01
7.683492e-04 1.452047e-04 -4.299985e-02 1.725000e+00 0.000000e+00 5.000000e-01
5.380085e-04 1.203026e-04 -4.299985e-02 1.775000e+00 0.000000e+00 5.000000e-01
5.816948e-04 1.240181e-04 -4.299985e-02 1.825000e+00 0.000000e+00 5.000000e-01
6.736950e-04 1.321229e-04 -4.299985e-02 1.875000e+00 0.000000e+00 5.000000e-01
7.649164e-04 1.396544e-04 -4.299985e-02 1.925000e+00 0.000000e+00 5.000000e-01
6.080969e-04 1.241276e-04 -4.299985e-02 1.975000e+00 0.000000e+00 5.000000e-01
1.543414e-03 1.960145e-04 -4.299985e-02 2.025000e+00 0.000000e+00 5.000000e-01
1.880360e-03 2.156927e-04 -4.299985e-02 2.075000e+00 0.000000e+00 5.000000e-01
1.585632e-03 1.982049e-04 -4.299985e-02 2.125000e+00 0.000000e+00 5.000000e-01
1.287983e-03 1.786120e-04 -4.299985e-02 2.175000e+00 0.000000e+00 5.000000e-01
5.950666e-04 1.214678e-04 -4.299985e-02 2.225000e+00 0.000000e+00 5.000000e-01
2.967374e-04 8.566085e-05 -4.299985e-02 2.275000e+00 0.000000e+00 5.000000e-01
3.961723e-04 9.904358e-05 -4.299985e-02 2.325000e+00 0.000000e+00 5.000000e-01
3.475370e-04 9.288367e-05 -4.299985e-02 2.375000e+00 0.000000e+00 5.000000e-01
1.958594e-04 6.924700e-05 -4.299985e-02 2.425000e+00 0.000000e+00 5.000000e-01
4.364325e-04 1.028688e-04 -4.299985e-02 2.475000e+00 0.000000e+00 5.000000e-01
2.810375e-04 8.112885e-05 -4.299985e-02 2.525000e+00 0.000000e+00 5.000000e-01
4.059117e-04 9.567452e-05 -4.299985e-02 2.575000e+00 0.000000e+00 5.000000e-01
4.321065e-04 9.662277e-05 -4.299985e-02 2.625000e+00 0.000000e+00 5.000000e-01
1.253965e-04 5.119295e-05 -4.299985e-02 2.675000e+00 0.000000e+00 5.000000e-01
2.477471e-04 7.151886e-05 -4.299985e-02 2.725000e+00 0.000000e+00 5.000000e-01
4.109696e-04 9.189635e-05 -4.299985e-02 2.775000e+00 0.000000e+00 5.000000e-01
2.813943e-04 7.520601e-05 -4.299985e-02 2.825000e+00 0.000000e+00 5.000000e-01
2.416561e-04 6.976030e-05 -4.299985e-02 2.875000e+00 0.000000e+00 5.000000e-01
1.586399e-04 5.608806e-05 -4.299985e-02 2.925000e+00 0.000000e+00 5.000000e-01
3.227933e-04 8.069911e-05 -4.299985e-02 2.975000e+00 0.000000e+00 5.000000e-01
1.975692e-04 6.247699e-05 -4.299985e-02 3.025000e+00 0.000000e+00 5.000000e-01
1.957564e-04 6.190385e-05 -4.299985e-02 3.075000e+00 0.000000e+00 5.000000e-01
4.272039e-04 9.108102e-05 -4.299985e-02 3.125000e+00 0.000000e+00 5.000000e-01
1.139056e-04 4.650210e-05 -4.299985e-02 3.175000e+00 0.000000e+00 5.000000e-01
4.137165e-04 8.820500e-05 -4.299985e-02 3.225000e+00 0.000000e+00 5.000000e-01
7.386668e-05 3.693394e-05 -4.299985e-02 3.275000e+00 0.000000e+00 5.000000e-01
2.883145e-04 7.207975e-05 -4.299985e-02 3.325000e+00 0.000000e+00 5.000000e-01
3.864537e-04 8.239255e-05 -4.299985e-02 3.375000e+00 0.000000e+00 5.000000e-01
2.426945e-04 6.486333e-05 -4.299985e-02 3.425000e+00 0.000000e+00 5.000000e-01
2.361933e-04 6.312568e-05 -4.299985e-02 3.475000e+00 0.000000e+00 5.000000e-01
3.627916e-04 7.734838e-05 -4.299985e-02 3.525000e+00 0.000000e+00 5.000000e-01
4.467872e-04 8.443638e-05 -4.299985e-02 3.575000e+00 0.000000e+00 5.000000e-01
3.076211e-04 6.878709e-05 -4.299985e-02 3.625000e+00 0.000000e+00 5.000000e-01
4.129787e-04 7.804743e-05 -4.299985e-02 3.675000e+00 0.000000e+00 5.000000e-01
2.253832e-04 5.634695e-05 -4.299985e-02 3.725000e+00 0.000000e+00 5.000000e-01
4.316323e-04 7.630447e-05 -4.299985e-02 3.775000e+00 0.000000e+00 5.000000e-01
5.997116e-04 8.842639e-05 -4.299985e-02 3.825000e+00 0.000000e+00 5.000000e-01
6.790969e-04 9.241780e-05 -4.299985e-02 3.875000e+00 0.000000e+00 5.000000e-01
5.963974e-04 8.434687e-05 -4.299985e-02 3.925000e+00 0.000000e+00 5.000000e-01
6.004869e-04 8.172069e-05 -4.299985e-02 3.975000e+00 0.000000e+00 5.000000e-01
3.131047e-01 3.291287e-03 -2.299984e-02 2.500000e-02 0.000000e+00 5.000000e-01
1.709977e-01 2.450340e-03 -2.299984e-02 7.500000e-02 0.000000e+00 5.000000e-01
4.147729e-02 1.186520e-03 -2.299984e-02 1.250000e-01 0.000000e+00 5.000000e-01
1.703312e-02 7.512996e-04 -2.299984e-02 1.750000e-01 0.000000e+00 5.000000e-01
1.346874e-02 6.635579e-04 -2.299984e-02 2.250000e-01 0.000000e+00 5.000000e-01
1.017513e-02 5.705938e-04 -2.299984e-02 2.750000e-01 0.000000e+00 5.000000e-01
8.369464e-03 5.151055e-04 -2.299984e-02 3.250000e-01 0.000000e+00 5.000000e-01
7.930901e-03 4.996004e-04 -2.299984e-02 3.750000e-01 0.000000e+00 5.000000e-01
6.979676e-03 4.663498e-04 -2.299984e-02 4.250000e-01 0.000000e+00 5.000000e-01
6.625397e-03 4.466848e-04 -2.299984e-02 4.750000e-01 0.000000e+00 5.000000e-01
6.485426e-03 4.412780e-04 -2.299984e-02 5.250000e-01 0.000000e+00 5.000000e-01
5.534045e-03 4.102113e-04 -2.299984e-02 5.750000e-01 0.000000e+00 5.000000e-01
6.728884e-03 4.475993e-04 -2.299984e-02 6.250000e-01 0.000000e+00 5.000000e-01
5.126811e-03 3.842712e-04 -2.299984e-02 6.750000e-01 0.000000e+00 5.000000e-01
5.395356e-03 3.914209e-04 -2.299984e-02 7.250000e-01 0.000000e+00 5.000000e-01
4.008641e-03 3.363984e-04 -2.299984e-02 7.750000e-01 0.000000e+00 5.000000e-01
5.184938e-03 3.822394e-04 -2.299984e-02 8.250000e-01 0.000000e+00 5.000000e-01
3.646520e-03 3.173894e-04 -2.299984e-02 8.750000e-01 0.000000e+00 5.000000e-01
3.421027e-03 3.072177e-04 -2.299984e-02 9.250000e-01 0.000000e+00 5.000000e-01
3.407303e-03 3.059855e-04 -2.299984e-02 9.750000e-01 0.000000e+00 5.000000e-01
3.349105e-03 2.983625e-04 -2.299984e-02 1.025000e+00 0.000000e+00 5.000000e-01
2.081977e-03 2.357379e-04 -2.299984e-02 1.075000e+00 0.000000e+00 5.000000e-01
2.204816e-03 2.465064e-04 -2.299984e-02 1.125000e+00 0.000000e+00 5.000000e-01
1.494408e-03 2.033635e-04 -2.299984e-02 1.175000e+00 0.000000e+00 5.000000e-01
8.834083e-04 1.561663e-04 -2.299984e-02 1.225000e+00 0.000000e+00 5.000000e-01
1.400602e-03 1.980753e-04 -2.299984e-02 1.275000e+00 0.000000e+00 5.000000e-01
1.523366e-03 2.073043e-04 -2.299984e-02 1.325000e+00 0.000000e+00 5.000000e-01
1.566861e-03 2.093812e-04 -2.299984e-02 1.375000e+00 0.000000e+00 5.000000e-01
8.753933e-04 1.547494e-04 -2.299984e-02 1.425000e+00 0.000000e+00 5.000000e-01
8.761653e-04 1.548860e-04 -2.299984e-02 1.475000e+00 0.000000e+00 5.000000e-01
8.957839e-04 1.583541e-04 -2.299984e-02 1.525000e+00 0.000000e+00 5.000000e-01
6.800947e-04 1.388240e-04 -2.299984e-02 1.575000e+00 0.000000e+00 5.000000e-01
3.951721e-04 1.056146e-04 -2.299984e-02 1.625000e+00 0.000000e+00 5.000000e-01
1.085130e-03 1.760318e-04 -2.299984e-02 1.675000e+00 0.000000e+00 5.000000e-01
4.070010e-04 1.087758e-04 -2.299984e-02 1.725000e+00 0.000000e+00 5.000000e-01
5.893860e-04 1.317912e-04 -2.299984e-02 1.775000e+00 0.000000e+00 5.000000e-01
5.220435e-04 1.230471e-04 -2.299984e-02 1.825000e+00 0.000000e+00 5.000000e-01
2.884988e-04 9.123153e-05 -2.299984e-02 1.875000e+00 0.000000e+00 5.000000e-01
1.711889e-04 6.988768e-05 -2.299984e-02 1.925000e+00 0.000000e+00 5.000000e-01
6.615133e-04 1.350312e-04 -2.299984e-02 1.975000e+00 0.000000e+00 5.000000e-01
1.657078e-03 2.104501e-04 -2.299984e-02 2.025000e+00 0.000000e+00 5.000000e-01
1.971643e-03 2.232453e-04 -2.299984e-02 2.075000e+00 0.000000e+00 5.000000e-01
2.181096e-03 2.325066e-04 -2.299984e-02 2.125000e+00 0.000000e+00 5.000000e-01
1.538004e-03 1.953274e-04 -2.299984e-02 2.175000e+00 0.000000e+00 5.000000e-01
5.975475e-04 1.219743e-04 -2.299984e-02 2.225000e+00 0.000000e+00 5.000000e-01
4.959866e-04 1.109067e-04 -2.299984e-02 2.275000e+00 0.000000e+00 5.000000e-01
3.816134e-04 9.540379e-05 -2.299984e-02 2.325000e+00 0.000000e+00 5.000000e-01
2.712406e-04 7.830082e-05 -2.299984e-02 2.375000e+00 0.000000e+00 5.000000e-01
8.832560e-05 4.416281e-05 -2.299984e-02 2.425000e+00 0.000000e+00 5.000000e-01
4.752044e-04 1.013142e-04 -2.299984e-02 2.475000e+00 0.000000e+00 5.000000e-01
2.190911e-04 6.928336e-05 -2.299984e-02 2.525000e+00 0.000000e+00 5.000000e-01
3.896527e-04 9.184250e-05 -2.299984e-02 2.575000e+00 0.000000e+00 5.000000e-01
2.537266e-04 7.324503e-05 -2.299984e-02 2.625000e+00 0.000000e+00 5.000000e-01
3.807527e-04 8.974488e-05 -2.299984e-02 2.675000e+00 0.000000e+00 5.000000e-01
2.974555e-04 7.949887e-05 -2.299984e-02 2.725000e+00 0.000000e+00 5.000000e-01
2.503400e-04 7.226734e-05 -2.299984e-02 2.775000e+00 0.000000e+00 5.000000e-01
2.082225e-04 6.584626e-05 -2.299984e-02 2.825000e+00 0.000000e+00 5.000000e-01
4.156446e-04 9.294156e-05 -2.299984e-02 2.875000e+00 0.000000e+00 5.000000e-01
2.046863e-04 6.472798e-05 -2.299984e-02 2.925000e+00 0.000000e+00 5.000000e-01
1.214972e-04 4.960106e-05 -2.299984e-02 2.975000e+00 0.000000e+00 5.000000e-01
4.022324e-04 8.994253e-05 -2.299984e-02 3.025000e+00 0.000000e+00 5.000000e-01
4.339401e-04 9.251754e-05 -2.299984e-02 3.075000e+00 0.000000e+00 5.000000e-01
1.950706e-04 6.168723e-05 -2.299984e-02 3.125000e+00 0.000000e+00 5.000000e-01
2.281910e-04 6.587354e-05 -2.299984e-02 3.175000e+00 0.000000e+00 5.000000e-01
2.982199e-04 7.455541e-05 -2.299984e-02 3.225000e+00 0.000000e+00 5.000000e-01
4.027837e-04 8.587533e-05 -2.299984e-02 3.275000e+00 0.000000e+00 5.000000e-01
4.666051e-04 9.150985e-05 -2.299984e-02 3.325000e+00 0.000000e+00 5.000000e-01
2.833742e-04 7.084402e-05 -2.299984e-02 3.375000e+00 0.000000e+00 5.000000e-01
2.412590e-04 6.448010e-05 -2.299984e-02 3.425000e+00 0.000000e+00 5.000000e-01
3.026305e-04 7.133188e-05 -2.299984e-02 3.475000e+00 0.000000e+00 5.000000e-01
3.295263e-04 7.368585e-05 -2.299984e-02 3.525000e+00 0.000000e+00 5.000000e-01
3.829816e-04 7.817658e-05 -2.299984e-02 3.575000e+00 0.000000e+00 5.000000e-01
4.964400e-04 8.776094e-05 -2.299984e-02 3.625000e+00 0.000000e+00 5.000000e-01
3.286317e-04 7.006637e-05 -2.299984e-02 3.675000e+00 0.000000e+00 5.000000e-01
6.255340e-04 9.430470e-05 -2.299984e-02 3.725000e+00 0.000000e+00 5.000000e-01
4.871187e-04 8.118915e-05 -2.299984e-02 3.775000e+00 0.000000e+00 5.000000e-01
7.432394e-04 9.759509e-05 -2.299984e-02 3.825000e+00 0.000000e+00 5.000000e-01
5.109705e-04 7.884614e-05 -2.299984e-02 3.875000e+00 0.000000e+00 5.000000e-01
7.098744e-04 9.015815e-05 -2.299984e-02 3.925000e+00 0.000000e+00 5.000000e-01
4.738248e-04 7.143581e-05 -2.299984e-02 3.975000e+00 0.000000e+00 5.000000e-01
3.190658e-01 3.365872e-03 -2.999827e-03 2.500000e-02 0.000000e+00 5.000000e-01
1.755857e-01 2.512990e-03 -2.999827e-03 7.500000e-02 0.000000e+00 5.000000e-01
4.388303e-02 1.253291e-03 -2.999827e-03 1.250000e-01 0.000000e+00 5.000000e-01
1.679380e-02 7.633553e-04 -2.999827e-03 1.750000e-01 0.000000e+00 5.000000e-01
1.368322e-02 6.841618e-04 -2.999827e-03 2.250000e-01 0.000000e+00 5.000000e-01
9.254186e-03 5.570372e-04 -2.999827e-03 2.750000e-01 0.000000e+00 5.000000e-01
8.559864e-03 5.268238e-04 -2.999827e-03 3.250000e-01 0.000000e+00 5.000000e-01
9.197242e-03 5.419535e-04 -2.999827e-03 3.750000e-01 0.000000e+00 5.000000e-01
6.138950e-03 4.362770e-04 -2.999827e-03 4.250000e-01 0.000000e+00 5.000000e-01
5.984945e-03 4.210998e-04 -2.999827e-03 4.750000e-01 0.000000e+00 5.000000e-01
6.105841e-03 4.173872e-04 -2.999827e-03 5.250000e-01 0.000000e+00 5.000000e-01
6.671658e-03 4.399168e-04 -2.999827e-03 5.750000e-01 0.000000e+00 5.000000e-01
6.266662e-03 4.244326e-04 -2.999827e-03 6.250000e-01 0.000000e+00 5.000000e-01
7.125798e-03 4.453631e-04 -2.999827e-03 6.750000e-01 0.000000e+00 5.000000e-01
5.608192e-03 3.945916e-04 -2.999827e-03 7.250000e-01 0.000000e+00 5.000000e-01
3.989528e-03 3.324612e-04 -2.999827e-03 7.750000e-01 0.000000e+00 5.000000e-01
5.255378e-03 3.832884e-04 -2.999827e-03 8.250000e-01 0.000000e+00 5.000000e-01
3.152492e-03 2.952584e-04 -2.999827e-03 8.750000e-01 0.000000e+00 5.000000e-01
4.254999e-03 3.428782e-04 -2.999827e-03 9.250000e-01 0.000000e+00 5.000000e-01
3.146901e-03 2.947348e-04 -2.999827e-03 9.750000e-01 0.000000e+00 5.000000e-01
2.520674e-03 2.599880e-04 -2.999827e-03 1.025000e+00 0.000000e+00 5.000000e-01
3.181303e-03 2.904124e-04 -2.999827e-03 1.075000e+00 0.000000e+00 5.000000e-01
2.522423e-03 2.601686e-04 -2.999827e-03 1.125000e+00 0.000000e+00 5.000000e-01
1.527274e-03 2.040910e-04 -2.999827e-03 1.175000e+00 0.000000e+00 5.000000e-01
2.183603e-03 2.411391e-04 -2.999827e-03 1.225000e+00 0.000000e+00 5.000000e-01
1.868547e-03 2.233345e-04 -2.999827e-03 1.275000e+00 0.000000e+00 5.000000e-01
1.238029e-03 1.825378e-04 -2.999827e-03 1.325000e+00 0.000000e+00 5.000000e-01
1.753861e-03 2.192330e-04 -2.999827e-03 1.375000e+00 0.000000e+00 5.000000e-01
9.318264e-04 1.598074e-04 -2.999827e-03 1.425000e+00 0.000000e+00 5.000000e-01
9.556917e-04 1.639004e-04 -2.999827e-03 1.475000e+00 0.000000e+00 5.000000e-01
2.872274e-04 9.082954e-05 -2.999827e-03 1.525000e+00 0.000000e+00 5.000000e-01
8.272976e-04 1.563447e-04 -2.999827e-03 1.575000e+00 0.000000e+00 5.000000e-01
6.502839e-04 1.386416e-04 -2.999827e-03 1.625000e+00 0.000000e+00 5.000000e-01
8.242859e-04 1.557759e-04 -2.999827e-03 1.675000e+00 0.000000e+00 5.000000e-01
1.062978e-03 1.771632e-04 -2.999827e-03 1.725000e+00 0.000000e+00 5.000000e-01
2.365857e-04 8.364572e-05 -2.999827e-03 1.775000e+00 0.000000e+00 5.000000e-01
5.840575e-05 4.129910e-05 -2.999827e-03 1.825000e+00 0.000000e+00 5.000000e-01
4.594306e-04 1.148580e-04 -2.999827e-03 1.875000e+00 0.000000e+00 5.000000e-01
4.594542e-04 1.148640e-04 -2.999827e-03 1.925000e+00 0.000000e+00 5.000000e-01
9.161967e-04 1.619627e-04 -2.999827e-03 1.975000e+00 0.000000e+00 5.000000e-01
1.026808e-03 1.711351e-04 -2.999827e-03 2.025000e+00 0.000000e+00 5.000000e-01
2.576882e-03 2.686594e-04 -2.999827e-03 2.075000e+00 0.000000e+00 5.000000e-01
1.754248e-03 2.192818e-04 -2.999827e-03 2.125000e+00 0.000000e+00 5.000000e-01
1.102642e-03 1.701419e-04 -2.999827e-03 2.175000e+00 0.000000e+00 5.000000e-01
5.377247e-04 1.146435e-04 -2.999827e-03 2.225000e+00 0.000000e+00 5.000000e-01
2.702424e-04 7.801227e-05 -2.999827e-03 2.275000e+00 0.000000e+00 5.000000e-01
6.507504e-04 1.188105e-04 -2.999827e-03 2.325000e+00 0.000000e+00 5.000000e-01
4.248009e-04 9.498861e-05 -2.999827e-03 2.375000e+00 0.000000e+00 5.000000e-01
4.624828e-04 9.860219e-05 -2.999827e-03 2.425000e+00 0.000000e+00 5.000000e-01
1.268722e-04 5.179546e-05 -2.999827e-03 2.475000e+00 0.000000e+00 5.000000e-01
2.977109e-04 7.956692e-05 -2.999827e-03 2.525000e+00 0.000000e+00 5.000000e-01
3.340192e-04 8.350549e-05 -2.999827e-03 2.575000e+00 0.000000e+00 5.000000e-01
3.782342e-04 8.915152e-05 -2.999827e-03 2.625000e+00 0.000000e+00 5.000000e-01
3.021993e-04 8.076705e-05 -2.999827e-03 2.675000e+00 0.000000e+00 5.000000e-01
4.799025e-04 1.023160e-04 -2.999827e-03 2.725000e+00 0.000000e+00 5.000000e-01
1.287540e-04 5.256372e-05 -2.999827e-03 2.775000e+00 0.000000e+00 5.000000e-01
4.236206e-05 2.995450e-05 -2.999827e-03 2.825000e+00 0.000000e+00 5.000000e-01
1.662285e-04 5.877074e-05 -2.999827e-03 2.875000e+00 0.000000e+00 5.000000e-01
2.907245e-04 7.770054e-05 -2.999827e-03 2.925000e+00 0.000000e+00 5.000000e-01
2.435641e-04 7.031125e-05 -2.999827e-03 2.975000e+00 0.000000e+00 5.000000e-01
1.610329e-04 5.693421e-05 -2.999827e-03 3.025000e+00 0.000000e+00 5.000000e-01
1.571230e-04 5.555138e-05 -2.999827e-03 3.075000e+00 0.000000e+00 5.000000e-01
2.320753e-04 6.699471e-05 -2.999827e-03 3.125000e+00 0.000000e+00 5.000000e-01
4.182277e-04 8.916695e-05 -2.999827e-03 3.175000e+00 0.000000e+00 5.000000e-01
4.860879e-04 9.533069e-05 -2.999827e-03 3.225000e+00 0.000000e+00 5.000000e-01
3.280653e-04 7.732694e-05 -2.999827e-03 3.275000e+00 0.000000e+00 5.000000e-01
3.617496e-04 8.089010e-05 -2.999827e-03 3.325000e+00 0.000000e+00 5.000000e-01
2.471457e-04 6.605287e-05 -2.999827e-03 3.375000e+00 0.000000e+00 5.000000e-01
3.090813e-04 7.285211e-05 -2.999827e-03 3.425000e+00 0.000000e+00 5.000000e-01
4.378300e-04 8.586605e-05 -2.999827e-03 3.475000e+00 0.000000e+00 5.000000e-01
4.260094e-04 8.354993e-05 -2.999827e-03 3.525000e+00 0.000000e+00 5.000000e-01
4.140036e-04 8.119389e-05 -2.999827e-03 3.575000e+00 0.000000e+00 5.000000e-01
4.326604e-04 8.176670e-05 -2.999827e-03 3.625000e+00 0.000000e+00 5.000000e-01
3.284415e-04 7.002610e-05 -2.999827e-03 3.675000e+00 0.000000e+00 5.000000e-01
2.292760e-04 5.731975e-05 -2.999827e-03 3.725000e+00 0.000000e+00 5.000000e-01
6.803819e-04 9.622600e-05 -2.999827e-03 3.775000e+00 0.000000e+00 5.000000e-01
5.343653e-04 8.245669e-05 -2.999827e-03 3.825000e+00 0.000000e+00 5.000000e-01
5.950803e-04 8.415949e-05 -2.999827e-03 3.875000e+00 0.000000e+00 5.000000e-01
6.531748e-04 8.576956e-05 -2.999827e-03 3.925000e+00 0.000000e+00 5.000000e-01
1.030584e-03 1.051885e-04 -2.999827e-03 3.975000e+00 0.000000e+00 5.000000e-01
3.121682e-01 3.310841e-03 1.700018e-02 2.500000e-02 0.000000e+00 5.000000e-01
1.715029e-01 2.466203e-03 1.700018e-02 7.500000e-02 0.000000e+00 5.000000e-01
4.093627e-02 1.191702e-03 1.700018e-02 1.250000e-01 0.000000e+00 5.000000e-01
1.718010e-02 7.607485e-04 1.700018e-02 1.750000e-01 0.000000e+00 5.000000e-01
1.305865e-02 6.595624e-04 1.700018e-02 2.250000e-01 0.000000e+00 5.000000e-01
1.008165e-02 5.725996e-04 1.700018e-02 2.750000e-01 0.000000e+00 5.000000e-01
9.580570e-03 5.531352e-04 1.700018e-02 3.250000e-01 0.000000e+00 5.000000e-01
8.417664e-03 5.161208e-04 1.700018e-02 3.750000e-01 0.000000e+00 5.000000e-01
6.831167e-03 4.605578e-04 1.700018e-02 4.250000e-01 0.000000e+00 5.000000e-01
6.415408e-03 4.385488e-04 1.700018e-02 4.750000e-01 0.000000e+00 5.000000e-01
5.644173e-03 4.073337e-04 1.700018e-02 5.250000e-01 0.000000e+00 5.000000e-01
5.698261e-03 4.133959e-04 1.700018e-02 5.750000e-01 0.000000e+00 5.000000e-01
6.947419e-03 4.522391e-04 1.700018e-02 6.250000e-01 0.000000e+00 5.000000e-01
5.109394e-03 3.808323e-04 1.700018e-02 6.750000e-01 0.000000e+00 5.000000e-01
5.108836e-03 3.786927e-04 1.700018e-02 7.250000e-01 0.000000e+00 5.000000e-01
4.512159e-03 3.545094e-04 1.700018e-02 7.750000e-01 0.000000e+00 5.000000e-01
4.714709e-03 3.637483e-04 1.700018e-02 8.250000e-01 0.000000e+00 5.000000e-01
2.985496e-03 2.872801e-04 1.700018e-02 8.750000e-01 0.000000e+00 5.000000e-01
3.364197e-03 3.045805e-04 1.700018e-02 9.250000e-01 0.000000e+00 5.000000e-01
3.307558e-03 3.019380e-04 1.700018e-02 9.750000e-01 0.000000e+00 5.000000e-01
2.932977e-03 2.796488e-04 1.700018e-02 1.025000e+00 0.000000e+00 5.000000e-01
2.121276e-03 2.371664e-04 1.700018e-02 1.075000e+00 0.000000e+00 5.000000e-01
2.285751e-03 2.493964e-04 1.700018e-02 1.125000e+00 0.000000e+00 5.000000e-01
1.479208e-03 2.012950e-04 1.700018e-02 1.175000e+00 0.000000e+00 5.000000e-01
1.192501e-03 1.797767e-04 1.700018e-02 1.225000e+00 0.000000e+00 5.000000e-01
1.434561e-03 1.989380e-04 1.700018e-02 1.275000e+00 0.000000e+00 5.000000e-01
1.395966e-03 1.974197e-04 1.700018e-02 1.325000e+00 0.000000e+00 5.000000e-01
1.680229e-03 2.169172e-04 1.700018e-02 1.375000e+00 0.000000e+00 5.000000e-01
7.119797e-04 1.396309e-04 1.700018e-02 1.425000e+00 0.000000e+00 5.000000e-01
9.859605e-04 1.643272e-04 1.700018e-02 1.475000e+00 0.000000e+00 5.000000e-01
8.939199e-04 1.580247e-04 1.700018e-02 1.525000e+00 0.000000e+00 5.000000e-01
8.070063e-04 1.525101e-04 1.700018e-02 1.575000e+00 0.000000e+00 5.000000e-01
2.886326e-04 9.127398e-05 1.700018e-02 1.625000e+00 0.000000e+00 5.000000e-01
1.223088e-03 1.887272e-04 1.700018e-02 1.675000e+00 0.000000e+00 5.000000e-01
5.898586e-04 1.318966e-04 1.700018e-02 1.725000e+00 0.000000e+00 5.000000e-01
2.947302e-04 9.320214e-05 1.700018e-02 1.775000e+00 0.000000e+00 5.000000e-01
5.220420e-04 1.230468e-04 1.700018e-02 1.825000e+00 0.000000e+00 5.000000e-01
3.457052e-04 9.979671e-05 1.700018e-02 1.875000e+00 0.000000e+00 5.000000e-01
1.721258e-04 7.027020e-05 1.700018e-02 1.925000e+00 0.000000e+00 5.000000e-01
7.991092e-04 1.510179e-04 1.700018e-02 1.975000e+00 0.000000e+00 5.000000e-01
1.496049e-03 2.035874e-04 1.700018e-02 2.025000e+00 0.000000e+00 5.000000e-01
2.348049e-03 2.475070e-04 1.700018e-02 2.075000e+00 0.000000e+00 5.000000e-01
2.172922e-03 2.343131e-04 1.700018e-02 2.125000e+00 0.000000e+00 5.000000e-01
1.546516e-03 1.964084e-04 1.700018e-02 2.175000e+00 0.000000e+00 5.000000e-01
4.473620e-04 1.054446e-04 1.700018e-02 2.225000e+00 0.000000e+00 5.000000e-01
4.876199e-04 1.090358e-04 1.700018e-02 2.275000e+00 0.000000e+00 5.000000e-01
4.172546e-04 9.834831e-05 1.700018e-02 2.325000e+00 0.000000e+00 5.000000e-01
3.516827e-04 8.792105e-05 1.700018e-02 2.375000e+00 0.000000e+00 5.000000e-01
1.699620e-04 6.009067e-05 1.700018e-02 2.425000e+00 0.000000e+00 5.000000e-01
5.115625e-04 1.044226e-04 1.700018e-02 2.475000e+00 0.000000e+00 5.000000e-01
2.164060e-04 6.843403e-05 1.700018e-02 2.525000e+00 0.000000e+00 5.000000e-01
4.733540e-04 1.009201e-04 1.700018e-02 2.575000e+00 0.000000e+00 5.000000e-01
2.967278e-04 7.930429e-05 1.700018e-02 2.625000e+00 0.000000e+00 5.000000e-01
2.120353e-04 6.705183e-05 1.700018e-02 2.675000e+00 0.000000e+00 5.000000e-01
2.135316e-04 6.752502e-05 1.700018e-02 2.725000e+00 0.000000e+00 5.000000e-01
2.111233e-04 6.676354e-05 1.700018e-02 2.775000e+00 0.000000e+00 5.000000e-01
2.124806e-04 6.719249e-05 1.700018e-02 2.825000e+00 0.000000e+00 5.000000e-01
2.086492e-04 6.598123e-05 1.700018e-02 2.875000e+00 0.000000e+00 5.000000e-01
3.289238e-04 8.223134e-05 1.700018e-02 2.925000e+00 0.000000e+00 5.000000e-01
1.633934e-04 5.776857e-05 1.700018e-02 2.975000e+00 0.000000e+00 5.000000e-01
3.225774e-04 8.064481e-05 1.700018e-02 3.025000e+00 0.000000e+00 5.000000e-01
2.359191e-04 6.810473e-05 1.700018e-02 3.075000e+00 0.000000e+00 5.000000e-01
2.337727e-04 6.748518e-05 1.700018e-02 3.125000e+00 0.000000e+00 5.000000e-01
3.039566e-04 7.598978e-05 1.700018e-02 3.175000e+00 0.000000e+00 5.000000e-01
2.978712e-04 7.446851e-05 1.700018e-02 3.225000e+00 0.000000e+00 5.000000e-01
2.929972e-04 7.325017e-05 1.700018e-02 3.275000e+00 0.000000e+00 5.000000e-01
5.039922e-04 9.524679e-05 1.700018e-02 3.325000e+00 0.000000e+00 5.000000e-01
2.125935e-04 6.137082e-05 1.700018e-02 3.375000e+00 0.000000e+00 5.000000e-01
2.060089e-04 5.947070e-05 1.700018e-02 3.425000e+00 0.000000e+00 5.000000e-01
3.709086e-04 7.907900e-05 1.700018e-02 3.475000e+00 0.000000e+00 5.000000e-01
3.948199e-04 8.059363e-05 1.700018e-02 3.525000e+00 0.000000e+00 5.000000e-01
3.516331e-04 7.496890e-05 1.700018e-02 3.575000e+00 0.000000e+00 5.000000e-01
4.027461e-04 7.898696e-05 1.700018e-02 3.625000e+00 0.000000e+00 5.000000e-01
3.289295e-04 7.013002e-05 1.700018e-02 3.675000e+00 0.000000e+00 5.000000e-01
4.275612e-04 7.806277e-05 1.700018e-02 3.725000e+00 0.000000e+00 5.000000e-01
5.156874e-04 8.365862e-05 1.700018e-02 3.775000e+00 0.000000e+00 5.000000e-01
5.879856e-04 8.669623e-05 1.700018e-02 3.825000e+00 0.000000e+00 5.000000e-01
4.576225e-04 7.423829e-05 1.700018e-02 3.875000e+00 0.000000e+00 5.000000e-01
6.583948e-04 8.645541e-05 1.700018e-02 3.925000e+00 0.000000e+00 5.000000e-01
6.020776e-04 8.046008e-05 1.700018e-02 3.975000e+00 0.000000e+00 5.000000e-01
3.291633e-01 3.274977e-03 3.700019e-02 2.500000e-02 0.000000e+00 5.000000e-01
1.727688e-01 2.396336e-03 3.700019e-02 7.500000e-02 0.000000e+00 5.000000e-01
4.211274e-02 1.161760e-03 3.700019e-02 1.250000e-01 0.000000e+00 5.000000e-01
1.581822e-02 7.102599e-04 3.700019e-02 1.750000e-01 0.000000e+00 5.000000e-01
1.208823e-02 6.201141e-04 3.700019e-02 2.250000e-01 0.000000e+00 5.000000e-01
1.132970e-02 5.987940e-04 3.700019e-02 2.750000e-01 0.000000e+00 5.000000e-01
8.118558e-03 5.054399e-04 3.700019e-02 3.250000e-01 0.000000e+00 5.000000e-01
7.473472e-03 4.844339e-04 3.700019e-02 3.750000e-01 0.000000e+00 5.000000e-01
6.871723e-03 4.612004e-04 3.700019e-02 4.250000e-01 0.000000e+00 5.000000e-01
7.168648e-03 4.666399e-04 3.700019e-02 4.750000e-01 0.000000e+00 5.000000e-01
6.445829e-03 4.469385e-04 3.700019e-02 5.250000e-01 0.000000e+00 5.000000e-01
5.699133e-03 4.201464e-04 3.700019e-02 5.750000e-01 0.000000e+00 5.000000e-01
6.328909e-03 4.367369e-04 3.700019e-02 6.250000e-01 0.000000e+00 5.000000e-01
5.522702e-03 4.049447e-04 3.700019e-02 6.750000e-01 0.000000e+00 5.000000e-01
5.551035e-03 4.048514e-04 3.700019e-02 7.250000e-01 0.000000e+00 5.000000e-01
3.672434e-03 3.297948e-04 3.700019e-02 7.750000e-01 0.000000e+00 5.000000e-01
5.281455e-03 3.893547e-04 3.700019e-02 8.250000e-01 0.000000e+00 5.000000e-01
4.387044e-03 3.512452e-04 3.700019e-02 8.750000e-01 0.000000e+00 5.000000e-01
4.016552e-03 3.347133e-04 3.700019e-02 9.250000e-01 0.000000e+00 5.000000e-01
2.956592e-03 2.844987e-04 3.700019e-02 9.750000e-01 0.000000e+00 5.000000e-01
3.385502e-03 3.040276e-04 3.700019e-02 1.025000e+00 0.000000e+00 5.000000e-01
1.804794e-03 2.255997e-04 3.700019e-02 1.075000e+00 0.000000e+00 5.000000e-01
2.521336e-03 2.687758e-04 3.700019e-02 1.125000e+00 0.000000e+00 5.000000e-01
2.204959e-03 2.496631e-04 3.700019e-02 1.175000e+00 0.000000e+00 5.000000e-01
1.129189e-03 1.785406e-04 3.700019e-02 1.225000e+00 0.000000e+00 5.000000e-01
1.753789e-03 2.227319e-04 3.700019e-02 1.275000e+00 0.000000e+00 5.000000e-01
1.522344e-03 2.071651e-04 3.700019e-02 1.325000e+00 0.000000e+00 5.000000e-01
1.107001e-03 1.750325e-04 3.700019e-02 1.375000e+00 0.000000e+00 5.000000e-01
1.165256e-03 1.798032e-04 3.700019e-02 1.425000e+00 0.000000e+00 5.000000e-01
1.011536e-03 1.685897e-04 3.700019e-02 1.475000e+00 0.000000e+00 5.000000e-01
9.044539e-04 1.598867e-04 3.700019e-02 1.525000e+00 0.000000e+00 5.000000e-01
7.181146e-04 1.408341e-04 3.700019e-02 1.575000e+00 0.000000e+00 5.000000e-01
6.022433e-04 1.283989e-04 3.700019e-02 1.625000e+00 0.000000e+00 5.000000e-01
7.112417e-04 1.394862e-04 3.700019e-02 1.675000e+00 0.000000e+00 5.000000e-01
7.215361e-04 1.415053e-04 3.700019e-02 1.725000e+00 0.000000e+00 5.000000e-01
6.183092e-04 1.318245e-04 3.700019e-02 1.775000e+00 0.000000e+00 5.000000e-01
5.582179e-04 1.248216e-04 3.700019e-02 1.825000e+00 0.000000e+00 5.000000e-01
3.269845e-04 9.439273e-05 3.700019e-02 1.875000e+00 0.000000e+00 5.000000e-01
5.286192e-04 1.182033e-04 3.700019e-02 1.925000e+00 0.000000e+00 5.000000e-01
6.140841e-04 1.253497e-04 3.700019e-02 1.975000e+00 0.000000e+00 5.000000e-01
1.753638e-03 2.096006e-04 3.700019e-02 2.025000e+00 0.000000e+00 5.000000e-01
1.934130e-03 2.189979e-04 3.700019e-02 2.075000e+00 0.000000e+00 5.000000e-01
1.535257e-03 1.949785e-04 3.700019e-02 2.125000e+00 0.000000e+00 5.000000e-01
1.288239e-03 1.786476e-04 3.700019e-02 2.175000e+00 0.000000e+00 5.000000e-01
5.465658e-04 1.165285e-04 3.700019e-02 2.225000e+00 0.000000e+00 5.000000e-01
2.462347e-04 7.786640e-05 3.700019e-02 2.275000e+00 0.000000e+00 5.000000e-01
3.409803e-04 9.113139e-05 3.700019e-02 2.325000e+00 0.000000e+00 5.000000e-01
3.428738e-04 9.163749e-05 3.700019e-02 2.375000e+00 0.000000e+00 5.000000e-01
1.943022e-04 6.869653e-05 3.700019e-02 2.425000e+00 0.000000e+00 5.000000e-01
4.688297e-04 1.048344e-04 3.700019e-02 2.475000e+00 0.000000e+00 5.000000e-01
3.643758e-04 9.109441e-05 3.700019e-02 2.525000e+00 0.000000e+00 5.000000e-01
4.389320e-04 9.814847e-05 3.700019e-02 2.575000e+00 0.000000e+00 5.000000e-01
2.999853e-04 8.017512e-05 3.700019e-02 2.625000e+00 0.000000e+00 5.000000e-01
2.942492e-04 7.864178e-05 3.700019e-02 2.675000e+00 0.000000e+00 5.000000e-01
4.577215e-04 9.758713e-05 3.700019e-02 2.725000e+00 0.000000e+00 5.000000e-01
4.512813e-04 9.621408e-05 3.700019e-02 2.775000e+00 0.000000e+00 5.000000e-01
2.409688e-04 6.956191e-05 3.700019e-02 2.825000e+00 0.000000e+00 5.000000e-01
4.444115e-04 9.474917e-05 3.700019e-02 2.875000e+00 0.000000e+00 5.000000e-01
8.019439e-05 4.009727e-05 3.700019e-02 2.925000e+00 0.000000e+00 5.000000e-01
2.839953e-04 7.590165e-05 3.700019e-02 2.975000e+00 0.000000e+00 5.000000e-01
2.371380e-04 6.845609e-05 3.700019e-02 3.025000e+00 0.000000e+00 5.000000e-01
3.926774e-04 8.780617e-05 3.700019e-02 3.075000e+00 0.000000e+00 5.000000e-01
4.678918e-04 9.550861e-05 3.700019e-02 3.125000e+00 0.000000e+00 5.000000e-01
1.526166e-04 5.395858e-05 3.700019e-02 3.175000e+00 0.000000e+00 5.000000e-01
3.761439e-04 8.410855e-05 3.700019e-02 3.225000e+00 0.000000e+00 5.000000e-01
2.201943e-04 6.356606e-05 3.700019e-02 3.275000e+00 0.000000e+00 5.000000e-01
2.157292e-04 6.227650e-05 3.700019e-02 3.325000e+00 0.000000e+00 5.000000e-01
3.162172e-04 7.453329e-05 3.700019e-02 3.375000e+00 0.000000e+00 5.000000e-01
1.042173e-04 4.254695e-05 3.700019e-02 3.425000e+00 0.000000e+00 5.000000e-01
1.678834e-04 5.308975e-05 3.700019e-02 3.475000e+00 0.000000e+00 5.000000e-01
3.627266e-04 7.733437e-05 3.700019e-02 3.525000e+00 0.000000e+00 5.000000e-01
3.828112e-04 7.814217e-05 3.700019e-02 3.575000e+00 0.000000e+00 5.000000e-01
3.095314e-04 6.921385e-05 3.700019e-02 3.625000e+00 0.000000e+00 5.000000e-01
4.745121e-04 8.388459e-05 3.700019e-02 3.675000e+00 0.000000e+00 5.000000e-01
3.950692e-04 7.466282e-05 3.700019e-02 3.725000e+00 0.000000e+00 5.000000e-01
4.583712e-04 7.861208e-05 3.700019e-02 3.775000e+00 0.000000e+00 5.000000e-01
6.212968e-04 8.968012e-05 3.700019e-02 3.825000e+00 0.000000e+00 5.000000e-01
6.973208e-04 9.318736e-05 3.700019e-02 3.875000e+00 0.000000e+00 5.000000e-01
5.411731e-04 7.979492e-05 3.700019e-02 3.925000e+00 0.000000e+00 5.000000e-01
5.264351e-04 7.598871e-05 3.700019e-02 3.975000e+00 0.000000e+00 5.000000e-01
3.290067e-01 3.160026e-03 5.700020e-02 2.500000e-02 0.000000e+00 5.000000e-01
1.675858e-01 2.235076e-03 5.700020e-02 7.500000e-02 0.000000e+00 5.000000e-01
4.433893e-02 1.150983e-03 5.700020e-02 1.250000e-01 0.000000e+00 5.000000e-01
1.560009e-02 6.894341e-04 5.700020e-02 1.750000e-01 0.000000e+00 5.000000e-01
1.217539e-02 6.133881e-04 5.700020e-02 2.250000e-01 0.000000e+00 5.000000e-01
9.892723e-03 5.530207e-04 5.700020e-02 2.750000e-01 0.000000e+00 5.000000e-01
8.897620e-03 5.261279e-04 5.700020e-02 3.250000e-01 0.000000e+00 5.000000e-01
8.405057e-03 5.096321e-04 5.700020e-02 3.750000e-01 0.000000e+00 5.000000e-01
6.831328e-03 4.584893e-04 5.700020e-02 4.250000e-01 0.000000e+00 5.000000e-01
5.974225e-03 4.311531e-04 5.700020e-02 4.750000e-01 0.000000e+00 5.000000e-01
6.580737e-03 4.519674e-04 5.700020e-02 5.250000e-01 0.000000e+00 5.000000e-01
5.684920e-03 4.146160e-04 5.700020e-02 5.750000e-01 0.000000e+00 5.000000e-01
4.453377e-03 3.660659e-04 5.700020e-02 6.250000e-01 0.000000e+00 5.000000e-01
4.461837e-03 3.692648e-04 5.700020e-02 6.750000e-01 0.000000e+00 5.000000e-01
5.297388e-03 4.039226e-04 5.700020e-02 7.250000e-01 0.000000e+00 5.000000e-01
4.835503e-03 3.822806e-04 5.700020e-02 7.750000e-01 0.000000e+00 5.000000e-01
3.946830e-03 3.461604e-04 5.700020e-02 8.250000e-01 0.000000e+00 5.000000e-01
3.473815e-03 3.253532e-04 5.700020e-02 8.750000e-01 0.000000e+00 5.000000e-01
3.525641e-03 3.273482e-04 5.700020e-02 9.250000e-01 0.000000e+00 5.000000e-01
4.058491e-03 3.506009e-04 5.700020e-02 9.750000e-01 0.000000e+00 5.000000e-01
2.778073e-03 2.896347e-04 5.700020e-02 1.025000e+00 0.000000e+00 5.000000e-01
2.311637e-03 2.617419e-04 5.700020e-02 1.075000e+00 0.000000e+00 5.000000e-01
2.122088e-03 2.466881e-04 5.700020e-02 1.125000e+00 0.000000e+00 5.000000e-01
2.256928e-03 2.523328e-04 5.700020e-02 1.175000e+00 0.000000e+00 5.000000e-01
1.469607e-03 2.037982e-04 5.700020e-02 1.225000e+00 0.000000e+00 5.000000e-01
1.598514e-03 2.136108e-04 5.700020e-02 1.275000e+00 0.000000e+00 5.000000e-01
1.702139e-03 2.197456e-04 5.700020e-02 1.325000e+00 0.000000e+00 5.000000e-01
9.123087e-04 1.612752e-04 5.700020e-02 1.375000e+00 0.000000e+00 5.000000e-01
1.247790e-03 1.881120e-04 5.700020e-02 1.425000e+00 0.000000e+00 5.000000e-01
1.180820e-03 1.822050e-04 5.700020e-02 1.475000e+00 0.000000e+00 5.000000e-01
9.368811e-04 1.606741e-04 5.700020e-02 1.525000e+00 0.000000e+00 5.000000e-01
7.088665e-04 1.390205e-04 5.700020e-02 1.575000e+00 0.000000e+00 5.000000e-01
7.031417e-04 1.378978e-04 5.700020e-02 1.625000e+00 0.000000e+00 5.000000e-01
8.926725e-04 1.530924e-04 5.700020e-02 1.675000e+00 0.000000e+00 5.000000e-01
7.577175e-04 1.383400e-04 5.700020e-02 1.725000e+00 0.000000e+00 5.000000e-01
7.345285e-04 1.341063e-04 5.700020e-02 1.775000e+00 0.000000e+00 5.000000e-01
5.331325e-04 1.136647e-04 5.700020e-02 1.825000e+00 0.000000e+00 5.000000e-01
8.270695e-04 1.418417e-04 5.700020e-02 1.875000e+00 0.000000e+00 5.000000e-01
4.884886e-04 1.092295e-04 5.700020e-02 1.925000e+00 0.000000e+00 5.000000e-01
6.378935e-04 1.251018e-04 5.700020e-02 1.975000e+00 0.000000e+00 5.000000e-01
1.237240e-03 1.749729e-04 5.700020e-02 2.025000e+00 0.000000e+00 5.000000e-01
1.846257e-03 2.146236e-04 5.700020e-02 2.075000e+00 0.000000e+00 5.000000e-01
2.323605e-03 2.422538e-04 5.700020e-02 2.125000e+00 0.000000e+00 5.000000e-01
1.463652e-03 1.921876e-04 5.700020e-02 2.175000e+00 0.000000e+00 5.000000e-01
7.513920e-04 1.371851e-04 5.700020e-02 2.225000e+00 0.000000e+00 5.000000e-01
4.485321e-04 1.057203e-04 5.700020e-02 2.275000e+00 0.000000e+00 5.000000e-01
4.470059e-04 1.053605e-04 5.700020e-02 2.325000e+00 0.000000e+00 5.000000e-01
3.481848e-04 9.305655e-05 5.700020e-02 2.375000e+00 0.000000e+00 5.000000e-01
3.501210e-04 9.357435e-05 5.700020e-02 2.425000e+00 0.000000e+00 5.000000e-01
1.487411e-04 6.072342e-05 5.700020e-02 2.475000e+00 0.000000e+00 5.000000e-01
1.929545e-04 6.822008e-05 5.700020e-02 2.525000e+00 0.000000e+00 5.000000e-01
2.834789e-04 8.183366e-05 5.700020e-02 2.575000e+00 0.000000e+00 5.000000e-01
3.194413e-04 8.537450e-05 5.700020e-02 2.625000e+00 0.000000e+00 5.000000e-01
3.077394e-04 8.224720e-05 5.700020e-02 2.675000e+00 0.000000e+00 5.000000e-01
2.104015e-04 6.653510e-05 5.700020e-02 2.725000e+00 0.000000e+00 5.000000e-01
3.723178e-04 8.775673e-05 5.700020e-02 2.775000e+00 0.000000e+00 5.000000e-01
2.441876e-04 7.049137e-05 5.700020e-02 2.825000e+00 0.000000e+00 5.000000e-01
4.411226e-04 9.404815e-05 5.700020e-02 2.875000e+00 0.000000e+00 5.000000e-01
7.966090e-05 3.983056e-05 5.700020e-02 2.925000e+00 0.000000e+00 5.000000e-01
3.548237e-04 8.363371e-05 5.700020e-02 2.975000e+00 0.000000e+00 5.000000e-01
1.564078e-04 5.529937e-05 5.700020e-02 3.025000e+00 0.000000e+00 5.000000e-01
3.960616e-05 2.800579e-05 5.700020e-02 3.075000e+00 0.000000e+00 5.000000e-01
2.315504e-04 6.684367e-05 5.700020e-02 3.125000e+00 0.000000e+00 5.000000e-01
3.020532e-04 7.551346e-05 5.700020e-02 3.175000e+00 0.000000e+00 5.000000e-01
2.246700e-04 6.485715e-05 5.700020e-02 3.225000e+00 0.000000e+00 5.000000e-01
1.848282e-04 5.844890e-05 5.700020e-02 3.275000e+00 0.000000e+00 5.000000e-01
2.184995e-04 6.307612e-05 5.700020e-02 3.325000e+00 0.000000e+00 5.000000e-01
4.594688e-04 9.011004e-05 5.700020e-02 3.375000e+00 0.000000e+00 5.000000e-01
4.142924e-04 8.456801e-05 5.700020e-02 3.425000e+00 0.000000e+00 5.000000e-01
3.738851e-04 7.971305e-05 5.700020e-02 3.475000e+00 0.000000e+00 5.000000e-01
4.926076e-04 8.993930e-05 5.700020e-02 3.525000e+00 0.000000e+00 5.000000e-01
3.502369e-04 7.467239e-05 5.700020e-02 3.575000e+00 0.000000e+00 5.000000e-01
4.248078e-04 8.028206e-05 5.700020e-02 3.625000e+00 0.000000e+00 5.000000e-01
2.924933e-04 6.540466e-05 5.700020e-02 3.675000e+00 0.000000e+00 5.000000e-01
3.662031e-04 7.182015e-05 5.700020e-02 3.725000e+00 0.000000e+00 5.000000e-01
5.215166e-04 8.460434e-05 5.700020e-02 3.775000e+00 0.000000e+00 5.000000e-01
4.550816e-04 7.804897e-05 5.700020e-02 3.825000e+00 0.000000e+00 5.000000e-01
7.230773e-04 9.662790e-05 5.700020e-02 3.875000e+00 0.000000e+00 5.000000e-01
8.177048e-04 1.006571e-04 5.700020e-02 3.925000e+00 0.000000e+00 5.000000e-01
6.223821e-04 8.469943e-05 5.700020e-02 3.975000e+00 0.000000e+00 5.000000e-01
3.162907e-01 2.990539e-03 7.700022e-02 2.500000e-02 0.000000e+00 5.000000e-01
1.707712e-01 2.211293e-03 7.700022e-02 7.500000e-02 0.000000e+00 5.000000e-01
4.423401e-02 1.135327e-03 7.700022e-02 1.250000e-01 0.000000e+00 5.000000e-01
1.627502e-02 6.877458e-04 7.700022e-02 1.750000e-01 0.000000e+00 5.000000e-01
1.383976e-02 6.330165e-04 7.700022e-02 2.250000e-01 0.000000e+00 5.000000e-01
1.013526e-02 5.448759e-04 7.700022e-02 2.750000e-01 0.000000e+00 5.000000e-01
7.626838e-03 4.748267e-04 7.700022e-02 3.250000e-01 0.000000e+00 5.000000e-01
6.695642e-03 4.473719e-04 7.700022e-02 3.750000e-01 0.000000e+00 5.000000e-01
6.798256e-03 4.522137e-04 7.700022e-02 4.250000e-01 0.000000e+00 5.000000e-01
5.602672e-03 4.108085e-04 7.700022e-02 4.750000e-01 0.000000e+00 5.000000e-01
6.262823e-03 4.342493e-04 7.700022e-02 5.250000e-01 0.000000e+00 5.000000e-01
6.218809e-03 4.375545e-04 7.700022e-02 5.750000e-01 0.000000e+00 5.000000e-01
5.186902e-03 4.050295e-04 7.700022e-02 6.250000e-01 0.000000e+00 5.000000e-01
5.803099e-03 4.278108e-04 7.700022e-02 6.750000e-01 0.000000e+00 5.000000e-01
5.714631e-03 4.235974e-04 7.700022e-02 7.250000e-01 0.000000e+00 5.000000e-01
3.885810e-03 3.518053e-04 7.700022e-02 7.750000e-01 0.000000e+00 5.000000e-01
5.328014e-03 4.135348e-04 7.700022e-02 8.250000e-01 0.000000e+00 5.000000e-01
3.874481e-03 3.507798e-04 7.700022e-02 8.750000e-01 0.000000e+00 5.000000e-01
3.723980e-03 3.428209e-04 7.700022e-02 9.250000e-01 0.000000e+00 5.000000e-01
2.697793e-03 2.909111e-04 7.700022e-02 9.750000e-01 0.000000e+00 5.000000e-01
2.412333e-03 2.731434e-04 7.700022e-02 1.025000e+00 0.000000e+00 5.000000e-01
2.497117e-03 2.757609e-04 7.700022e-02 1.075000e+00 0.000000e+00 5.000000e-01
2.728630e-03 2.876234e-04 7.700022e-02 1.125000e+00 0.000000e+00 5.000000e-01
1.754919e-03 2.304326e-04 7.700022e-02 1.175000e+00 0.000000e+00 5.000000e-01
1.482048e-03 2.095935e-04 7.700022e-02 1.225000e+00 0.000000e+00 5.000000e-01
1.793662e-03 2.277958e-04 7.700022e-02 1.275000e+00 0.000000e+00 5.000000e-01
1.376804e-03 1.987250e-04 7.700022e-02 1.325000e+00 0.000000e+00 5.000000e-01
1.476202e-03 2.047130e-04 7.700022e-02 1.375000e+00 0.000000e+00 5.000000e-01
1.564040e-03 2.090043e-04 7.700022e-02 1.425000e+00 0.000000e+00 5.000000e-01
8.656186e-04 1.530215e-04 7.700022e-02 1.475000e+00 0.000000e+00 5.000000e-01
7.928386e-04 1.447522e-04 7.700022e-02 1.525000e+00 0.000000e+00 5.000000e-01
8.757109e-04 1.501835e-04 7.700022e-02 1.575000e+00 0.000000e+00 5.000000e-01
8.452457e-04 1.449587e-04 7.700022e-02 1.625000e+00 0.000000e+00 5.000000e-01
6.876633e-04 1.299564e-04 7.700022e-02 1.675000e+00 0.000000e+00 5.000000e-01
4.438179e-04 1.046091e-04 7.700022e-02 1.725000e+00 0.000000e+00 5.000000e-01
3.450351e-04 9.221466e-05 7.700022e-02 1.775000e+00 0.000000e+00 5.000000e-01
4.381196e-04 1.032661e-04 7.700022e-02 1.825000e+00 0.000000e+00 5.000000e-01
6.215859e-04 1.219035e-04 7.700022e-02 1.875000e+00 0.000000e+00 5.000000e-01
5.255493e-04 1.120479e-04 7.700022e-02 1.925000e+00 0.000000e+00 5.000000e-01
1.059789e-03 1.597697e-04 7.700022e-02 1.975000e+00 0.000000e+00 5.000000e-01
1.264610e-03 1.753705e-04 7.700022e-02 2.025000e+00 0.000000e+00 5.000000e-01
1.820527e-03 2.116326e-04 7.700022e-02 2.075000e+00 0.000000e+00 5.000000e-01
1.743367e-03 2.083729e-04 7.700022e-02 2.125000e+00 0.000000e+00 5.000000e-01
1.525156e-03 1.968978e-04 7.700022e-02 2.175000e+00 0.000000e+00 5.000000e-01
3.082324e-04 8.897922e-05 7.700022e-02 2.225000e+00 0.000000e+00 5.000000e-01
5.633718e-04 1.201116e-04 7.700022e-02 2.275000e+00 0.000000e+00 5.000000e-01
5.044955e-04 1.128093e-04 7.700022e-02 2.325000e+00 0.000000e+00 5.000000e-01
6.482095e-04 1.271252e-04 7.700022e-02 2.375000e+00 0.000000e+00 5.000000e-01
9.805197e-05 4.902607e-05 7.700022e-02 2.425000e+00 0.000000e+00 5.000000e-01
2.928114e-04 8.452778e-05 7.700022e-02 2.475000e+00 0.000000e+00 5.000000e-01
1.456834e-04 5.947517e-05 7.700022e-02 2.525000e+00 0.000000e+00 5.000000e-01
2.418429e-04 7.647819e-05 7.700022e-02 2.575000e+00 0.000000e+00 5.000000e-01
4.307088e-04 1.015196e-04 7.700022e-02 2.625000e+00 0.000000e+00 5.000000e-01
9.353523e-05 4.676763e-05 7.700022e-02 2.675000e+00 0.000000e+00 5.000000e-01
2.333601e-04 7.379536e-05 7.700022e-02 2.725000e+00 0.000000e+00 5.000000e-01
1.797117e-04 6.353773e-05 7.700022e-02 2.775000e+00 0.000000e+00 5.000000e-01
4.666771e-04 9.949675e-05 7.700022e-02 2.825000e+00 0.000000e+00 5.000000e-01
2.853931e-04 7.627506e-05 7.700022e-02 2.875000e+00 0.000000e+00 5.000000e-01
2.380803e-04 6.872806e-05 7.700022e-02 2.925000e+00 0.000000e+00 5.000000e-01
2.359241e-04 6.810602e-05 7.700022e-02 2.975000e+00 0.000000e+00 5.000000e-01
3.101350e-04 7.753440e-05 7.700022e-02 3.025000e+00 0.000000e+00 5.000000e-01
3.062808e-04 7.657076e-05 7.700022e-02 3.075000e+00 0.000000e+00 5.000000e-01
2.654230e-04 7.093819e-05 7.700022e-02 3.125000e+00 0.000000e+00 5.000000e-01
3.803215e-04 8.504328e-05 7.700022e-02 3.175000e+00 0.000000e+00 5.000000e-01
3.011791e-04 7.529595e-05 7.700022e-02 3.225000e+00 0.000000e+00 5.000000e-01
3.348800e-04 7.893315e-05 7.700022e-02 3.275000e+00 0.000000e+00 5.000000e-01
3.971522e-04 8.467353e-05 7.700022e-02 3.325000e+00 0.000000e+00 5.000000e-01
4.652290e-04 9.124022e-05 7.700022e-02 3.375000e+00 0.000000e+00 5.000000e-01
2.783146e-04 6.958054e-05 7.700022e-02 3.425000e+00 0.000000e+00 5.000000e-01
3.361014e-04 7.515548e-05 7.700022e-02 3.475000e+00 0.000000e+00 5.000000e-01
3.275058e-04 7.323367e-05 7.700022e-02 3.525000e+00 0.000000e+00 5.000000e-01
5.982565e-04 9.705244e-05 7.700022e-02 3.575000e+00 0.000000e+00 5.000000e-01
4.870633e-04 8.610307e-05 7.700022e-02 3.625000e+00 0.000000e+00 5.000000e-01
4.749836e-04 8.396845e-05 7.700022e-02 3.675000e+00 0.000000e+00 5.000000e-01
4.654272e-04 8.227919e-05 7.700022e-02 3.725000e+00 0.000000e+00 5.000000e-01
5.440198e-04 8.825491e-05 7.700022e-02 3.775000e+00 0.000000e+00 5.000000e-01
4.763134e-04 8.168990e-05 7.700022e-02 3.825000e+00 0.000000e+00 5.000000e-01
6.524059e-04 9.417060e-05 7.700022e-02 3.875000e+00 0.000000e+00 5.000000e-01
7.290166e-04 9.742299e-05 7.700022e-02 3.925000e+00 0.000000e+00 5.000000e-01
7.665553e-04 9.582574e-05 7.700022e-02 3.975000e+00 0.000000e+00 5.000000e-01
3.083800e-01 2.997801e-03 9.700023e-02 2.500000e-02 0.000000e+00 5.000000e-01
1.641307e-01 2.170542e-03 9.700023e-02 7.500000e-02 0.000000e+00 5.000000e-01
4.266954e-02 1.094452e-03 9.700023e-02 1.250000e-01 0.000000e+00 5.000000e-01
1.722619e-02 6.997667e-04 9.700023e-02 1.750000e-01 0.000000e+00 5.000000e-01
1.280231e-02 6.035074e-04 9.700023e-02 2.250000e-01 0.000000e+00 5.000000e-01
1.106008e-02 5.586188e-04 9.700023e-02 2.750000e-01 0.000000e+00 5.000000e-01
6.728921e-03 4.361717e-04 9.700023e-02 3.250000e-01 0.000000e+00 5.000000e-01
7.604553e-03 4.680285e-04 9.700023e-02 3.750000e-01 0.000000e+00 5.000000e-01
8.249617e-03 4.912581e-04 9.700023e-02 4.250000e-01 0.000000e+00 5.000000e-01
6.311790e-03 4.334961e-04 9.700023e-02 4.750000e-01 0.000000e+00 5.000000e-01
6.775430e-03 4.547377e-04 9.700023e-02 5.250000e-01 0.000000e+00 5.000000e-01
5.937108e-03 4.262600e-04 9.700023e-02 5.750000e-01 0.000000e+00 5.000000e-01
6.187480e-03 4.375215e-04 9.700023e-02 6.250000e-01 0.000000e+00 5.000000e-01
5.380485e-03 4.126650e-04 9.700023e-02 6.750000e-01 0.000000e+00 5.000000e-01
5.421114e-03 4.182486e-04 9.700023e-02 7.250000e-01 0.000000e+00 5.000000e-01
4.929768e-03 3.972526e-04 9.700023e-02 7.750000e-01 0.000000e+00 5.000000e-01
4.423132e-03 3.738235e-04 9.700023e-02 8.250000e-01 0.000000e+00 5.000000e-01
3.946752e-03 3.544294e-04 9.700023e-02 8.750000e-01 0.000000e+00 5.000000e-01
3.988778e-03 3.553490e-04 9.700023e-02 9.250000e-01 0.000000e+00 5.000000e-01
3.450370e-03 3.289805e-04 9.700023e-02 9.750000e-01 0.000000e+00 5.000000e-01
3.576823e-03 3.350007e-04 9.700023e-02 1.025000e+00 0.000000e+00 5.000000e-01
2.244701e-03 2.645410e-04 9.700023e-02 1.075000e+00 0.000000e+00 5.000000e-01
2.206264e-03 2.600112e-04 9.700023e-02 1.125000e+00 0.000000e+00 5.000000e-01
2.621942e-03 2.827319e-04 9.700023e-02 1.175000e+00 0.000000e+00 5.000000e-01
2.081763e-03 2.524513e-04 9.700023e-02 1.225000e+00 0.000000e+00 5.000000e-01
1.615844e-03 2.198890e-04 9.700023e-02 1.275000e+00 0.000000e+00 5.000000e-01
1.315974e-03 1.940302e-04 9.700023e-02 1.325000e+00 0.000000e+00 5.000000e-01
1.093755e-03 1.729383e-04 9.700023e-02 1.375000e+00 0.000000e+00 5.000000e-01
1.049452e-03 1.659333e-04 9.700023e-02 1.425000e+00 0.000000e+00 5.000000e-01
1.383144e-03 1.882226e-04 9.700023e-02 1.475000e+00 0.000000e+00 5.000000e-01
6.538161e-04 1.282242e-04 9.700023e-02 1.525000e+00 0.000000e+00 5.000000e-01
1.239182e-03 1.752472e-04 9.700023e-02 1.575000e+00 0.000000e+00 5.000000e-01
7.416574e-04 1.354078e-04 9.700023e-02 1.625000e+00 0.000000e+00 5.000000e-01
6.899819e-04 1.303946e-04 9.700023e-02 1.675000e+00 0.000000e+00 5.000000e-01
3.922493e-04 9.806259e-05 9.700023e-02 1.725000e+00 0.000000e+00 5.000000e-01
5.910966e-04 1.206576e-04 9.700023e-02 1.775000e+00 0.000000e+00 5.000000e-01
5.953812e-04 1.215321e-04 9.700023e-02 1.825000e+00 0.000000e+00 5.000000e-01
8.483074e-04 1.454839e-04 9.700023e-02 1.875000e+00 0.000000e+00 5.000000e-01
8.934089e-04 1.489021e-04 9.700023e-02 1.925000e+00 0.000000e+00 5.000000e-01
7.351757e-04 1.342247e-04 9.700023e-02 1.975000e+00 0.000000e+00 5.000000e-01
1.753474e-03 2.066497e-04 9.700023e-02 2.025000e+00 0.000000e+00 5.000000e-01
1.894073e-03 2.144624e-04 9.700023e-02 2.075000e+00 0.000000e+00 5.000000e-01
1.834219e-03 2.104004e-04 9.700023e-02 2.125000e+00 0.000000e+00 5.000000e-01
1.056482e-03 1.592710e-04 9.700023e-02 2.175000e+00 0.000000e+00 5.000000e-01
4.815535e-04 1.076793e-04 9.700023e-02 2.225000e+00 0.000000e+00 5.000000e-01
2.912146e-04 8.406661e-05 9.700023e-02 2.275000e+00 0.000000e+00 5.000000e-01
2.455432e-04 7.764813e-05 9.700023e-02 2.325000e+00 0.000000e+00 5.000000e-01
3.484833e-04 9.313652e-05 9.700023e-02 2.375000e+00 0.000000e+00 5.000000e-01
4.973177e-04 1.112042e-04 9.700023e-02 2.425000e+00 0.000000e+00 5.000000e-01
2.468661e-04 7.806630e-05 9.700023e-02 2.475000e+00 0.000000e+00 5.000000e-01
3.916534e-04 9.791400e-05 9.700023e-02 2.525000e+00 0.000000e+00 5.000000e-01
2.402712e-04 7.598083e-05 9.700023e-02 2.575000e+00 0.000000e+00 5.000000e-01
3.809039e-04 9.522659e-05 9.700023e-02 2.625000e+00 0.000000e+00 5.000000e-01
3.786829e-04 9.467172e-05 9.700023e-02 2.675000e+00 0.000000e+00 5.000000e-01
2.350079e-04 7.431635e-05 9.700023e-02 2.725000e+00 0.000000e+00 5.000000e-01
2.340840e-04 7.402399e-05 9.700023e-02 2.775000e+00 0.000000e+00 5.000000e-01
3.176068e-04 8.488484e-05 9.700023e-02 2.825000e+00 0.000000e+00 5.000000e-01
2.259655e-04 7.145719e-05 9.700023e-02 2.875000e+00 0.000000e+00 5.000000e-01
5.596085e-04 1.097489e-04 9.700023e-02 2.925000e+00 0.000000e+00 5.000000e-01
3.707201e-04 8.738040e-05 9.700023e-02 2.975000e+00 0.000000e+00 5.000000e-01
2.739046e-04 7.320490e-05 9.700023e-02 3.025000e+00 0.000000e+00 5.000000e-01
1.535576e-04 5.429128e-05 9.700023e-02 3.075000e+00 0.000000e+00 5.000000e-01
1.523204e-04 5.385358e-05 9.700023e-02 3.125000e+00 0.000000e+00 5.000000e-01
4.095998e-04 8.732814e-05 9.700023e-02 3.175000e+00 0.000000e+00 5.000000e-01
1.835466e-04 5.804332e-05 9.700023e-02 3.225000e+00 0.000000e+00 5.000000e-01
2.910223e-04 7.275608e-05 9.700023e-02 3.275000e+00 0.000000e+00 5.000000e-01
2.167724e-04 6.257719e-05 9.700023e-02 3.325000e+00 0.000000e+00 5.000000e-01
4.262240e-04 8.700416e-05 9.700023e-02 3.375000e+00 0.000000e+00 5.000000e-01
1.388236e-04 4.908170e-05 9.700023e-02 3.425000e+00 0.000000e+00 5.000000e-01
5.018550e-04 9.162661e-05 9.700023e-02 3.475000e+00 0.000000e+00 5.000000e-01
3.894320e-04 7.949473e-05 9.700023e-02 3.525000e+00 0.000000e+00 5.000000e-01
2.844093e-04 6.703698e-05 9.700023e-02 3.575000e+00 0.000000e+00 5.000000e-01
4.075471e-04 7.992823e-05 9.700023e-02 3.625000e+00 0.000000e+00 5.000000e-01
6.218442e-04 9.832520e-05 9.700023e-02 3.675000e+00 0.000000e+00 5.000000e-01
3.676806e-04 7.505500e-05 9.700023e-02 3.725000e+00 0.000000e+00 5.000000e-01
5.432360e-04 9.054191e-05 9.700023e-02 3.775000e+00 0.000000e+00 5.000000e-01
5.297071e-04 8.828669e-05 9.700023e-02 3.825000e+00 0.000000e+00 5.000000e-01
4.519762e-04 7.990221e-05 9.700023e-02 3.875000e+00 0.000000e+00 5.000000e-01
5.017446e-04 8.139712e-05 9.700023e-02 3.925000e+00 0.000000e+00 5.000000e-01
4.828118e-04 7.634220e-05 9.700023e-02 3.975000e+00 0.000000e+00 5.000000e-01
3.151713e-01 3.029376e-03 1.170002e-01 2.500000e-02 0.000000e+00 5.000000e-01
1.664881e-01 2.207904e-03 1.170002e-01 7.500000e-02 0.000000e+00 5.000000e-01
4.038949e-02 1.088039e-03 1.170002e-01 1.250000e-01 0.000000e+00 5.000000e-01
1.798179e-02 7.233346e-04 1.170002e-01 1.750000e-01 0.000000e+00 5.000000e-01
1.231249e-02 6.007889e-04 1.170002e-01 2.250000e-01 0.000000e+00 5.000000e-01
8.345181e-03 4.969489e-04 1.170002e-01 2.750000e-01 0.000000e+00 5.000000e-01
9.392891e-03 5.283921e-04 1.170002e-01 3.250000e-01 0.000000e+00 5.000000e-01
6.936012e-03 4.514965e-04 1.170002e-01 3.750000e-01 0.000000e+00 5.000000e-01
7.107676e-03 4.568994e-04 1.170002e-01 4.250000e-01 0.000000e+00 5.000000e-01
7.256686e-03 4.608007e-04 1.170002e-01 4.750000e-01 0.000000e+00 5.000000e-01
6.576098e-03 4.393846e-04 1.170002e-01 5.250000e-01 0.000000e+00 5.000000e-01
6.537825e-03 4.407806e-04 1.170002e-01 5.750000e-01 0.000000e+00 5.000000e-01
7.013271e-03 4.565257e-04 1.170002e-01 6.250000e-01 0.000000e+00 5.000000e-01
5.562629e-03 4.078724e-04 1.170002e-01 6.750000e-01 0.000000e+00 5.000000e-01
5.139546e-03 3.941858e-04 1.170002e-01 7.250000e-01 0.000000e+00 5.000000e-01
4.679835e-03 3.795854e-04 1.170002e-01 7.750000e-01 0.000000e+00 5.000000e-01
3.041586e-03 3.072471e-04 1.170002e-01 8.250000e-01 0.000000e+00 5.000000e-01
4.523775e-03 3.743909e-04 1.170002e-01 8.750000e-01 0.000000e+00 5.000000e-01
2.825324e-03 2.978158e-04 1.170002e-01 9.250000e-01 0.000000e+00 5.000000e-01
2.955950e-03 3.048836e-04 1.170002e-01 9.750000e-01 0.000000e+00 5.000000e-01
2.441443e-03 2.764394e-04 1.170002e-01 1.025000e+00 0.000000e+00 5.000000e-01
2.430184e-03 2.717033e-04 1.170002e-01 1.075000e+00 0.000000e+00 5.000000e-01
2.001816e-03 2.427565e-04 1.170002e-01 1.125000e+00 0.000000e+00 5.000000e-01
1.940051e-03 2.352662e-04 1.170002e-01 1.175000e+00 0.000000e+00 5.000000e-01
1.919475e-03 2.294217e-04 1.170002e-01 1.225000e+00 0.000000e+00 5.000000e-01
1.415558e-03 1.963030e-04 1.170002e-01 1.275000e+00 0.000000e+00 5.000000e-01
1.093521e-03 1.729012e-04 1.170002e-01 1.325000e+00 0.000000e+00 5.000000e-01
1.348129e-03 1.906546e-04 1.170002e-01 1.375000e+00 0.000000e+00 5.000000e-01
9.111026e-04 1.562532e-04 1.170002e-01 1.425000e+00 0.000000e+00 5.000000e-01
6.909377e-04 1.355044e-04 1.170002e-01 1.475000e+00 0.000000e+00 5.000000e-01
7.366303e-04 1.392103e-04 1.170002e-01 1.525000e+00 0.000000e+00 5.000000e-01
5.198424e-04 1.162406e-04 1.170002e-01 1.575000e+00 0.000000e+00 5.000000e-01
6.648211e-04 1.303824e-04 1.170002e-01 1.625000e+00 0.000000e+00 5.000000e-01
8.162885e-04 1.443013e-04 1.170002e-01 1.675000e+00 0.000000e+00 5.000000e-01
7.656436e-04 1.397871e-04 1.170002e-01 1.725000e+00 0.000000e+00 5.000000e-01
6.604847e-04 1.295320e-04 1.170002e-01 1.775000e+00 0.000000e+00 5.000000e-01
3.530704e-04 9.436220e-05 1.170002e-01 1.825000e+00 0.000000e+00 5.000000e-01
4.493133e-04 1.059045e-04 1.170002e-01 1.875000e+00 0.000000e+00 5.000000e-01
5.461312e-04 1.164359e-04 1.170002e-01 1.925000e+00 0.000000e+00 5.000000e-01
8.380994e-04 1.437335e-04 1.170002e-01 1.975000e+00 0.000000e+00 5.000000e-01
1.464958e-03 1.891260e-04 1.170002e-01 2.025000e+00 0.000000e+00 5.000000e-01
2.033925e-03 2.219203e-04 1.170002e-01 2.075000e+00 0.000000e+00 5.000000e-01
1.737937e-03 2.048186e-04 1.170002e-01 2.125000e+00 0.000000e+00 5.000000e-01
1.249888e-03 1.733290e-04 1.170002e-01 2.175000e+00 0.000000e+00 5.000000e-01
1.047711e-03 1.579491e-04 1.170002e-01 2.225000e+00 0.000000e+00 5.000000e-01
3.774201e-04 9.435530e-05 1.170002e-01 2.275000e+00 0.000000e+00 5.000000e-01
7.478116e-04 1.321959e-04 1.170002e-01 2.325000e+00 0.000000e+00 5.000000e-01
2.815040e-04 8.126365e-05 1.170002e-01 2.375000e+00 0.000000e+00 5.000000e-01
4.739886e-04 1.059873e-04 1.170002e-01 2.425000e+00 0.000000e+00 5.000000e-01
2.891330e-04 8.346605e-05 1.170002e-01 2.475000e+00 0.000000e+00 5.000000e-01
2.423474e-04 7.663707e-05 1.170002e-01 2.525000e+00 0.000000e+00 5.000000e-01
3.398883e-04 9.083930e-05 1.170002e-01 2.575000e+00 0.000000e+00 5.000000e-01
3.835894e-04 9.589789e-05 1.170002e-01 2.625000e+00 0.000000e+00 5.000000e-01
2.853331e-04 8.236867e-05 1.170002e-01 2.675000e+00 0.000000e+00 5.000000e-01
1.886748e-04 6.670685e-05 1.170002e-01 2.725000e+00 0.000000e+00 5.000000e-01
1.863270e-04 6.587662e-05 1.170002e-01 2.775000e+00 0.000000e+00 5.000000e-01
4.610776e-04 1.031009e-04 1.170002e-01 2.825000e+00 0.000000e+00 5.000000e-01
2.720441e-04 7.853323e-05 1.170002e-01 2.875000e+00 0.000000e+00 5.000000e-01
3.139914e-04 8.391887e-05 1.170002e-01 2.925000e+00 0.000000e+00 5.000000e-01
4.892924e-04 1.043183e-04 1.170002e-01 2.975000e+00 0.000000e+00 5.000000e-01
3.465005e-04 8.662571e-05 1.170002e-01 3.025000e+00 0.000000e+00 5.000000e-01
2.881153e-04 7.700267e-05 1.170002e-01 3.075000e+00 0.000000e+00 5.000000e-01
1.949742e-04 6.165701e-05 1.170002e-01 3.125000e+00 0.000000e+00 5.000000e-01
3.747193e-04 8.379106e-05 1.170002e-01 3.175000e+00 0.000000e+00 5.000000e-01
1.097777e-04 4.481678e-05 1.170002e-01 3.225000e+00 0.000000e+00 5.000000e-01
3.236524e-04 7.628668e-05 1.170002e-01 3.275000e+00 0.000000e+00 5.000000e-01
4.919085e-04 9.296322e-05 1.170002e-01 3.325000e+00 0.000000e+00 5.000000e-01
3.764167e-04 8.025359e-05 1.170002e-01 3.375000e+00 0.000000e+00 5.000000e-01
5.091695e-04 9.296319e-05 1.170002e-01 3.425000e+00 0.000000e+00 5.000000e-01
3.015153e-04 7.106928e-05 1.170002e-01 3.475000e+00 0.000000e+00 5.000000e-01
4.664485e-04 8.815294e-05 1.170002e-01 3.525000e+00 0.000000e+00 5.000000e-01
1.985802e-04 5.732589e-05 1.170002e-01 3.575000e+00 0.000000e+00 5.000000e-01
6.598548e-04 1.043348e-04 1.170002e-01 3.625000e+00 0.000000e+00 5.000000e-01
1.955926e-04 5.646373e-05 1.170002e-01 3.675000e+00 0.000000e+00 5.000000e-01
3.553010e-04 7.575333e-05 1.170002e-01 3.725000e+00 0.000000e+00 5.000000e-01
2.826666e-04 6.662800e-05 1.170002e-01 3.775000e+00 0.000000e+00 5.000000e-01
7.508731e-04 1.061932e-04 1.170002e-01 3.825000e+00 0.000000e+00 5.000000e-01
3.939994e-04 7.446199e-05 1.170002e-01 3.875000e+00 0.000000e+00 5.000000e-01
5.256249e-04 8.311289e-05 1.170002e-01 3.925000e+00 0.000000e+00 5.000000e-01
5.581129e-04 8.229332e-05 1.170002e-01 3.975000e+00 0.000000e+00 5.000000e-01
3.104054e-01 3.088041e-03 1.370002e-01 2.500000e-02 0.000000e+00 5.000000e-01
1.668230e-01 2.261399e-03 1.370002e-01 7.500000e-02 0.000000e+00 5.000000e-01
4.338803e-02 1.157118e-03 1.370002e-01 1.250000e-01 0.000000e+00 5.000000e-01
1.803621e-02 7.463445e-04 1.370002e-01 1.750000e-01 0.000000e+00 5.000000e-01
1.406209e-02 6.556491e-04 1.370002e-01 2.250000e-01 0.000000e+00 5.000000e-01
7.965945e-03 4.921383e-04 1.370002e-01 2.750000e-01 0.000000e+00 5.000000e-01
6.945782e-03 4.599963e-04 1.370002e-01 3.250000e-01 0.000000e+00 5.000000e-01
7.262568e-03 4.687974e-04 1.370002e-01 3.750000e-01 0.000000e+00 5.000000e-01
6.850617e-03 4.517168e-04 1.370002e-01 4.250000e-01 0.000000e+00 5.000000e-01
6.722939e-03 4.472039e-04 1.370002e-01 4.750000e-01 0.000000e+00 5.000000e-01
6.985067e-03 4.546898e-04 1.370002e-01 5.250000e-01 0.000000e+00 5.000000e-01
7.110207e-03 4.570621e-04 1.370002e-01 5.750000e-01 0.000000e+00 5.000000e-01
5.447024e-03 3.993957e-04 1.370002e-01 6.250000e-01 0.000000e+00 5.000000e-01
5.033522e-03 3.838031e-04 1.370002e-01 6.750000e-01 0.000000e+00 5.000000e-01
5.385708e-03 3.970403e-04 1.370002e-01 7.250000e-01 0.000000e+00 5.000000e-01
4.048556e-03 3.446367e-04 1.370002e-01 7.750000e-01 0.000000e+00 5.000000e-01
4.119893e-03 3.481950e-04 1.370002e-01 8.250000e-01 0.000000e+00 5.000000e-01
3.723403e-03 3.291060e-04 1.370002e-01 8.750000e-01 0.000000e+00 5.000000e-01
3.684394e-03 3.231434e-04 1.370002e-01 9.250000e-01 0.000000e+00 5.000000e-01
3.463000e-03 3.109871e-04 1.370002e-01 9.750000e-01 0.000000e+00 5.000000e-01
3.420475e-03 3.071683e-04 1.370002e-01 1.025000e+00 0.000000e+00 5.000000e-01
2.742385e-03 2.742390e-04 1.370002e-01 1.075000e+00 0.000000e+00 5.000000e-01
2.464315e-03 2.597620e-04 1.370002e-01 1.125000e+00 0.000000e+00 5.000000e-01
1.652484e-03 2.133351e-04 1.370002e-01 1.175000e+00 0.000000e+00 5.000000e-01
1.094467e-03 1.730508e-04 1.370002e-01 1.225000e+00 0.000000e+00 5.000000e-01
1.959442e-03 2.309230e-04 1.370002e-01 1.275000e+00 0.000000e+00 5.000000e-01
1.412974e-03 1.959447e-04 1.370002e-01 1.325000e+00 0.000000e+00 5.000000e-01
1.301836e-03 1.879044e-04 1.370002e-01 1.375000e+00 0.000000e+00 5.000000e-01
8.160285e-04 1.489859e-04 1.370002e-01 1.425000e+00 0.000000e+00 5.000000e-01
7.618302e-04 1.439728e-04 1.370002e-01 1.475000e+00 0.000000e+00 5.000000e-01
1.202963e-03 1.813540e-04 1.370002e-01 1.525000e+00 0.000000e+00 5.000000e-01
9.285273e-04 1.592415e-04 1.370002e-01 1.575000e+00 0.000000e+00 5.000000e-01
7.552462e-04 1.427286e-04 1.370002e-01 1.625000e+00 0.000000e+00 5.000000e-01
8.018792e-04 1.464029e-04 1.370002e-01 1.675000e+00 0.000000e+00 5.000000e-01
4.757702e-04 1.121405e-04 1.370002e-01 1.725000e+00 0.000000e+00 5.000000e-01
5.742777e-04 1.224367e-04 1.370002e-01 1.775000e+00 0.000000e+00 5.000000e-01
6.644276e-04 1.303054e-04 1.370002e-01 1.825000e+00 0.000000e+00 5.000000e-01
6.024016e-04 1.229651e-04 1.370002e-01 1.875000e+00 0.000000e+00 5.000000e-01
4.481055e-04 1.056199e-04 1.370002e-01 1.925000e+00 0.000000e+00 5.000000e-01
9.902300e-04 1.565695e-04 1.370002e-01 1.975000e+00 0.000000e+00 5.000000e-01
1.474341e-03 1.903373e-04 1.370002e-01 2.025000e+00 0.000000e+00 5.000000e-01
1.948044e-03 2.177986e-04 1.370002e-01 2.075000e+00 0.000000e+00 5.000000e-01
2.320123e-03 2.367975e-04 1.370002e-01 2.125000e+00 0.000000e+00 5.000000e-01
1.639193e-03 1.987824e-04 1.370002e-01 2.175000e+00 0.000000e+00 5.000000e-01
4.290017e-04 1.011173e-04 1.370002e-01 2.225000e+00 0.000000e+00 5.000000e-01
4.277509e-04 1.008220e-04 1.370002e-01 2.275000e+00 0.000000e+00 5.000000e-01
7.968603e-04 1.366610e-04 1.370002e-01 2.325000e+00 0.000000e+00 5.000000e-01
1.396861e-04 5.702698e-05 1.370002e-01 2.375000e+00 0.000000e+00 5.000000e-01
3.705226e-04 9.263119e-05 1.370002e-01 2.425000e+00 0.000000e+00 5.000000e-01
3.676096e-04 9.190289e-05 1.370002e-01 2.475000e+00 0.000000e+00 5.000000e-01
2.291729e-04 7.247133e-05 1.370002e-01 2.525000e+00 0.000000e+00 5.000000e-01
2.770602e-04 7.998088e-05 1.370002e-01 2.575000e+00 0.000000e+00 5.000000e-01
4.224962e-04 9.958400e-05 1.370002e-01 2.625000e+00 0.000000e+00 5.000000e-01
9.529483e-05 4.764749e-05 1.370002e-01 2.675000e+00 0.000000e+00 5.000000e-01
2.857811e-04 8.249819e-05 1.370002e-01 2.725000e+00 0.000000e+00 5.000000e-01
1.409028e-04 5.752371e-05 1.370002e-01 2.775000e+00 0.000000e+00 5.000000e-01
3.253348e-04 8.695027e-05 1.370002e-01 2.825000e+00 0.000000e+00 5.000000e-01
2.753756e-04 7.949459e-05 1.370002e-01 2.875000e+00 0.000000e+00 5.000000e-01
9.102409e-05 4.551226e-05 1.370002e-01 2.925000e+00 0.000000e+00 5.000000e-01
2.230829e-04 7.054531e-05 1.370002e-01 2.975000e+00 0.000000e+00 5.000000e-01
3.515658e-04 8.789235e-05 1.370002e-01 3.025000e+00 0.000000e+00 5.000000e-01
2.159357e-04 6.828546e-05 1.370002e-01 3.075000e+00 0.000000e+00 5.000000e-01
2.976740e-04 7.955783e-05 1.370002e-01 3.125000e+00 0.000000e+00 5.000000e-01
3.673356e-04 8.658222e-05 1.370002e-01 3.175000e+00 0.000000e+00 5.000000e-01
3.052718e-04 7.631910e-05 1.370002e-01 3.225000e+00 0.000000e+00 5.000000e-01
3.240902e-04 7.638953e-05 1.370002e-01 3.275000e+00 0.000000e+00 5.000000e-01
1.739937e-04 5.502218e-05 1.370002e-01 3.325000e+00 0.000000e+00 5.000000e-01
2.069111e-04 5.973084e-05 1.370002e-01 3.375000e+00 0.000000e+00 5.000000e-01
2.721222e-04 6.803149e-05 1.370002e-01 3.425000e+00 0.000000e+00 5.000000e-01
2.048671e-04 5.914142e-05 1.370002e-01 3.475000e+00 0.000000e+00 5.000000e-01
5.162583e-04 9.425723e-05 1.370002e-01 3.525000e+00 0.000000e+00 5.000000e-01
4.509545e-04 8.844109e-05 1.370002e-01 3.575000e+00 0.000000e+00 5.000000e-01
4.835446e-04 9.138425e-05 1.370002e-01 3.625000e+00 0.000000e+00 5.000000e-01
3.037197e-04 7.158929e-05 1.370002e-01 3.675000e+00 0.000000e+00 5.000000e-01
4.905098e-04 8.955678e-05 1.370002e-01 3.725000e+00 0.000000e+00 5.000000e-01
4.405852e-04 8.326606e-05 1.370002e-01 3.775000e+00 0.000000e+00 5.000000e-01
4.202959e-04 7.943028e-05 1.370002e-01 3.825000e+00 0.000000e+00 5.000000e-01
4.213926e-04 7.693721e-05 1.370002e-01 3.875000e+00 0.000000e+00 5.000000e-01
6.577172e-04 9.302111e-05 1.370002e-01 3.925000e+00 0.000000e+00 5.000000e-01
6.347751e-04 8.803068e-05 1.370002e-01 3.975000e+00 0.000000e+00 5.000000e-01
3.105382e-01 3.126086e-03 1.570003e-01 2.500000e-02 0.000000e+00 5.000000e-01
1.655327e-01 2.272912e-03 1.570003e-01 7.500000e-02 0.000000e+00 5.000000e-01
4.182364e-02 1.139987e-03 1.570003e-01 1.250000e-01 0.000000e+00 5.000000e-01
1.696733e-02 7.274693e-04 1.570003e-01 1.750000e-01 0.000000e+00 5.000000e-01
1.280227e-02 6.307232e-04 1.570003e-01 2.250000e-01 0.000000e+00 5.000000e-01
1.007181e-02 5.578264e-04 1.570003e-01 2.750000e-01 0.000000e+00 5.000000e-01
1.056060e-02 5.710527e-04 1.570003e-01 3.250000e-01 0.000000e+00 5.000000e-01
7.577236e-03 4.831074e-04 1.570003e-01 3.750000e-01 0.000000e+00 5.000000e-01
7.890425e-03 4.912370e-04 1.570003e-01 4.250000e-01 0.000000e+00 5.000000e-01
5.893443e-03 4.231251e-04 1.570003e-01 4.750000e-01 0.000000e+00 5.000000e-01
7.089854e-03 4.634789e-04 1.570003e-01 5.250000e-01 0.000000e+00 5.000000e-01
6.468056e-03 4.421479e-04 1.570003e-01 5.750000e-01 0.000000e+00 5.000000e-01
5.578147e-03 4.068288e-04 1.570003e-01 6.250000e-01 0.000000e+00 5.000000e-01
5.050571e-03 3.828833e-04 1.570003e-01 6.750000e-01 0.000000e+00 5.000000e-01
4.409180e-03 3.530175e-04 1.570003e-01 7.250000e-01 0.000000e+00 5.000000e-01
4.966200e-03 3.681199e-04 1.570003e-01 7.750000e-01 0.000000e+00 5.000000e-01
5.070255e-03 3.659147e-04 1.570003e-01 8.250000e-01 0.000000e+00 5.000000e-01
4.087659e-03 3.272752e-04 1.570003e-01 8.750000e-01 0.000000e+00 5.000000e-01
3.094630e-03 2.848843e-04 1.570003e-01 9.250000e-01 0.000000e+00 5.000000e-01
3.605061e-03 3.068837e-04 1.570003e-01 9.750000e-01 0.000000e+00 5.000000e-01
3.512235e-03 3.034114e-04 1.570003e-01 1.025000e+00 0.000000e+00 5.000000e-01
2.838251e-03 2.731113e-04 1.570003e-01 1.075000e+00 0.000000e+00 5.000000e-01
2.677033e-03 2.650661e-04 1.570003e-01 1.125000e+00 0.000000e+00 5.000000e-01
2.026966e-03 2.325095e-04 1.570003e-01 1.175000e+00 0.000000e+00 5.000000e-01
1.630237e-03 2.104630e-04 1.570003e-01 1.225000e+00 0.000000e+00 5.000000e-01
1.705962e-03 2.166580e-04 1.570003e-01 1.275000e+00 0.000000e+00 5.000000e-01
1.569815e-03 2.097757e-04 1.570003e-01 1.325000e+00 0.000000e+00 5.000000e-01
8.937938e-04 1.580023e-04 1.570003e-01 1.375000e+00 0.000000e+00 5.000000e-01
1.386811e-03 1.961251e-04 1.570003e-01 1.425000e+00 0.000000e+00 5.000000e-01
1.103355e-03 1.744564e-04 1.570003e-01 1.475000e+00 0.000000e+00 5.000000e-01
1.039784e-03 1.686755e-04 1.570003e-01 1.525000e+00 0.000000e+00 5.000000e-01
9.278438e-04 1.591242e-04 1.570003e-01 1.575000e+00 0.000000e+00 5.000000e-01
6.995491e-04 1.371932e-04 1.570003e-01 1.625000e+00 0.000000e+00 5.000000e-01
4.828978e-04 1.138206e-04 1.570003e-01 1.675000e+00 0.000000e+00 5.000000e-01
5.860015e-04 1.249363e-04 1.570003e-01 1.725000e+00 0.000000e+00 5.000000e-01
9.556700e-04 1.592787e-04 1.570003e-01 1.775000e+00 0.000000e+00 5.000000e-01
6.847166e-04 1.342844e-04 1.570003e-01 1.825000e+00 0.000000e+00 5.000000e-01
3.121963e-04 9.012348e-05 1.570003e-01 1.875000e+00 0.000000e+00 5.000000e-01
7.182824e-04 1.357431e-04 1.570003e-01 1.925000e+00 0.000000e+00 5.000000e-01
8.582363e-04 1.471867e-04 1.570003e-01 1.975000e+00 0.000000e+00 5.000000e-01
1.533061e-03 1.946996e-04 1.570003e-01 2.025000e+00 0.000000e+00 5.000000e-01
2.006367e-03 2.215670e-04 1.570003e-01 2.075000e+00 0.000000e+00 5.000000e-01
1.357594e-03 1.814167e-04 1.570003e-01 2.125000e+00 0.000000e+00 5.000000e-01
9.626835e-04 1.522141e-04 1.570003e-01 2.175000e+00 0.000000e+00 5.000000e-01
4.288706e-04 1.010862e-04 1.570003e-01 2.225000e+00 0.000000e+00 5.000000e-01
2.843901e-04 8.209671e-05 1.570003e-01 2.275000e+00 0.000000e+00 5.000000e-01
3.294672e-04 8.805405e-05 1.570003e-01 2.325000e+00 0.000000e+00 5.000000e-01
3.267628e-04 8.733125e-05 1.570003e-01 2.375000e+00 0.000000e+00 5.000000e-01
3.706046e-04 9.265173e-05 1.570003e-01 2.425000e+00 0.000000e+00 5.000000e-01
5.532030e-04 1.129228e-04 1.570003e-01 2.475000e+00 0.000000e+00 5.000000e-01
4.113214e-04 9.695012e-05 1.570003e-01 2.525000e+00 0.000000e+00 5.000000e-01
2.712878e-04 7.831448e-05 1.570003e-01 2.575000e+00 0.000000e+00 5.000000e-01
8.951649e-05 4.475825e-05 1.570003e-01 2.625000e+00 0.000000e+00 5.000000e-01
3.132760e-04 8.372718e-05 1.570003e-01 2.675000e+00 0.000000e+00 5.000000e-01
2.268260e-04 7.172927e-05 1.570003e-01 2.725000e+00 0.000000e+00 5.000000e-01
1.369328e-04 5.590263e-05 1.570003e-01 2.775000e+00 0.000000e+00 5.000000e-01
3.233286e-04 8.641383e-05 1.570003e-01 2.825000e+00 0.000000e+00 5.000000e-01
2.309488e-04 7.303250e-05 1.570003e-01 2.875000e+00 0.000000e+00 5.000000e-01
9.204967e-05 4.602484e-05 1.570003e-01 2.925000e+00 0.000000e+00 5.000000e-01
1.804467e-04 6.379766e-05 1.570003e-01 2.975000e+00 0.000000e+00 5.000000e-01
5.311214e-04 1.084156e-04 1.570003e-01 3.025000e+00 0.000000e+00 5.000000e-01
1.294856e-04 5.286249e-05 1.570003e-01 3.075000e+00 0.000000e+00 5.000000e-01
4.236058e-04 9.472192e-05 1.570003e-01 3.125000e+00 0.000000e+00 5.000000e-01
2.899415e-04 7.749134e-05 1.570003e-01 3.175000e+00 0.000000e+00 5.000000e-01
4.065997e-04 9.091948e-05 1.570003e-01 3.225000e+00 0.000000e+00 5.000000e-01
2.807959e-04 7.504703e-05 1.570003e-01 3.275000e+00 0.000000e+00 5.000000e-01
4.995093e-04 9.796329e-05 1.570003e-01 3.325000e+00 0.000000e+00 5.000000e-01
3.689188e-04 8.249397e-05 1.570003e-01 3.375000e+00 0.000000e+00 5.000000e-01
5.019157e-04 9.485455e-05 1.570003e-01 3.425000e+00 0.000000e+00 5.000000e-01
3.215357e-04 7.578756e-05 1.570003e-01 3.475000e+00 0.000000e+00 5.000000e-01
2.476807e-04 6.619629e-05 1.570003e-01 3.525000e+00 0.000000e+00 5.000000e-01
4.498257e-04 8.822022e-05 1.570003e-01 3.575000e+00 0.000000e+00 5.000000e-01
4.099031e-04 8.367274e-05 1.570003e-01 3.625000e+00 0.000000e+00 5.000000e-01
4.054712e-04 8.276870e-05 1.570003e-01 3.675000e+00 0.000000e+00 5.000000e-01
4.917771e-04 8.978944e-05 1.570003e-01 3.725000e+00 0.000000e+00 5.000000e-01
3.442261e-04 7.339152e-05 1.570003e-01 3.775000e+00 0.000000e+00 5.000000e-01
4.441591e-04 8.109453e-05 1.570003e-01 3.825000e+00 0.000000e+00 5.000000e-01
3.652233e-04 7.162799e-05 1.570003e-01 3.875000e+00 0.000000e+00 5.000000e-01
4.194309e-04 7.414735e-05 1.570003e-01 3.925000e+00 0.000000e+00 5.000000e-01
7.827289e-04 9.784688e-05 1.570003e-01 3.975000e+00 0.000000e+00 5.000000e-01
3.170514e-01 3.172104e-03 1.770003e-01 2.500000e-02 0.000000e+00 5.000000e-01
1.627000e-01 2.265412e-03 1.770003e-01 7.500000e-02 0.000000e+00 5.000000e-01
4.203754e-02 1.149237e-03 1.770003e-01 1.250000e-01 0.000000e+00 5.000000e-01
1.856256e-02 7.629174e-04 1.770003e-01 1.750000e-01 0.000000e+00 5.000000e-01
1.170032e-02 6.050096e-04 1.770003e-01 2.250000e-01 0.000000e+00 5.000000e-01
1.060900e-02 5.753547e-04 1.770003e-01 2.750000e-01 0.000000e+00 5.000000e-01
7.851809e-03 4.946181e-04 1.770003e-01 3.250000e-01 0.000000e+00 5.000000e-01
7.779688e-03 4.920313e-04 1.770003e-01 3.750000e-01 0.000000e+00 5.000000e-01
8.556596e-03 5.113551e-04 1.770003e-01 4.250000e-01 0.000000e+00 5.000000e-01
7.023377e-03 4.571834e-04 1.770003e-01 4.750000e-01 0.000000e+00 5.000000e-01
5.341728e-03 3.937981e-04 1.770003e-01 5.250000e-01 0.000000e+00 5.000000e-01
5.253731e-03 3.852228e-04 1.770003e-01 5.750000e-01 0.000000e+00 5.000000e-01
5.042301e-03 3.717239e-04 1.770003e-01 6.250000e-01 0.000000e+00 5.000000e-01
5.152256e-03 3.757675e-04 1.770003e-01 6.750000e-01 0.000000e+00 5.000000e-01
4.639374e-03 3.558242e-04 1.770003e-01 7.250000e-01 0.000000e+00 5.000000e-01
5.346822e-03 3.799827e-04 1.770003e-01 7.750000e-01 0.000000e+00 5.000000e-01
5.007718e-03 3.652260e-04 1.770003e-01 8.250000e-01 0.000000e+00 5.000000e-01
4.941209e-03 3.623077e-04 1.770003e-01 8.750000e-01 0.000000e+00 5.000000e-01
3.861585e-03 3.195875e-04 1.770003e-01 9.250000e-01 0.000000e+00 5.000000e-01
2.844252e-03 2.736888e-04 1.770003e-01 9.750000e-01 0.000000e+00 5.000000e-01
3.176811e-03 2.900022e-04 1.770003e-01 1.025000e+00 0.000000e+00 5.000000e-01
2.546555e-03 2.599071e-04 1.770003e-01 1.075000e+00 0.000000e+00 5.000000e-01
2.546720e-03 2.599239e-04 1.770003e-01 1.125000e+00 0.000000e+00 5.000000e-01
2.514122e-03 2.593126e-04 1.770003e-01 1.175000e+00 0.000000e+00 5.000000e-01
1.705542e-03 2.131933e-04 1.770003e-01 1.225000e+00 0.000000e+00 5.000000e-01
1.608618e-03 2.076721e-04 1.770003e-01 1.275000e+00 0.000000e+00 5.000000e-01
1.291279e-03 1.863804e-04 1.770003e-01 1.325000e+00 0.000000e+00 5.000000e-01
1.079136e-03 1.706267e-04 1.770003e-01 1.375000e+00 0.000000e+00 5.000000e-01
7.594892e-04 1.435304e-04 1.770003e-01 1.425000e+00 0.000000e+00 5.000000e-01
8.712609e-04 1.540189e-04 1.770003e-01 1.475000e+00 0.000000e+00 5.000000e-01
8.190852e-04 1.495441e-04 1.770003e-01 1.525000e+00 0.000000e+00 5.000000e-01
1.642677e-04 6.706201e-05 1.770003e-01 1.575000e+00 0.000000e+00 5.000000e-01
9.156503e-04 1.570333e-04 1.770003e-01 1.625000e+00 0.000000e+00 5.000000e-01
8.046398e-04 1.469068e-04 1.770003e-01 1.675000e+00 0.000000e+00 5.000000e-01
6.381281e-04 1.302578e-04 1.770003e-01 1.725000e+00 0.000000e+00 5.000000e-01
2.636823e-04 8.338388e-05 1.770003e-01 1.775000e+00 0.000000e+00 5.000000e-01
5.247969e-04 1.173485e-04 1.770003e-01 1.825000e+00 0.000000e+00 5.000000e-01
8.331638e-04 1.472843e-04 1.770003e-01 1.875000e+00 0.000000e+00 5.000000e-01
1.194796e-03 1.761634e-04 1.770003e-01 1.925000e+00 0.000000e+00 5.000000e-01
1.237502e-03 1.786188e-04 1.770003e-01 1.975000e+00 0.000000e+00 5.000000e-01
1.437394e-03 1.920801e-04 1.770003e-01 2.025000e+00 0.000000e+00 5.000000e-01
1.983616e-03 2.246010e-04 1.770003e-01 2.075000e+00 0.000000e+00 5.000000e-01
1.747730e-03 2.088942e-04 1.770003e-01 2.125000e+00 0.000000e+00 5.000000e-01
1.082907e-03 1.632550e-04 1.770003e-01 2.175000e+00 0.000000e+00 5.000000e-01
4.352730e-04 1.025951e-04 1.770003e-01 2.225000e+00 0.000000e+00 5.000000e-01
4.805877e-04 1.074632e-04 1.770003e-01 2.275000e+00 0.000000e+00 5.000000e-01
3.336960e-04 8.918465e-05 1.770003e-01 2.325000e+00 0.000000e+00 5.000000e-01
4.221087e-04 9.949233e-05 1.770003e-01 2.375000e+00 0.000000e+00 5.000000e-01
5.123215e-04 1.092278e-04 1.770003e-01 2.425000e+00 0.000000e+00 5.000000e-01
3.227478e-04 8.625814e-05 1.770003e-01 2.475000e+00 0.000000e+00 5.000000e-01
3.644194e-04 9.110518e-05 1.770003e-01 2.525000e+00 0.000000e+00 5.000000e-01
1.822083e-04 6.442049e-05 1.770003e-01 2.575000e+00 0.000000e+00 5.000000e-01
2.256736e-04 7.136482e-05 1.770003e-01 2.625000e+00 0.000000e+00 5.000000e-01
3.561066e-04 8.902731e-05 1.770003e-01 2.675000e+00 0.000000e+00 5.000000e-01
8.818327e-05 4.409168e-05 1.770003e-01 2.725000e+00 0.000000e+00 5.000000e-01
2.188271e-04 6.919989e-05 1.770003e-01 2.775000e+00 0.000000e+00 5.000000e-01
1.318767e-04 5.383846e-05 1.770003e-01 2.825000e+00 0.000000e+00 5.000000e-01
3.094368e-04 8.270077e-05 1.770003e-01 2.875000e+00 0.000000e+00 5.000000e-01
2.660349e-04 7.679838e-05 1.770003e-01 2.925000e+00 0.000000e+00 5.000000e-01
8.882591e-05 4.441296e-05 1.770003e-01 2.975000e+00 0.000000e+00 5.000000e-01
2.648079e-04 7.644416e-05 1.770003e-01 3.025000e+00 0.000000e+00 5.000000e-01
4.361544e-04 9.752796e-05 1.770003e-01 3.075000e+00 0.000000e+00 5.000000e-01
2.993768e-04 8.001249e-05 1.770003e-01 3.125000e+00 0.000000e+00 5.000000e-01
2.106584e-04 6.661643e-05 1.770003e-01 3.175000e+00 0.000000e+00 5.000000e-01
1.267388e-04 5.174105e-05 1.770003e-01 3.225000e+00 0.000000e+00 5.000000e-01
3.824062e-04 9.013525e-05 1.770003e-01 3.275000e+00 0.000000e+00 5.000000e-01
3.824187e-04 9.013850e-05 1.770003e-01 3.325000e+00 0.000000e+00 5.000000e-01
1.267720e-04 5.175473e-05 1.770003e-01 3.375000e+00 0.000000e+00 5.000000e-01
3.649126e-04 8.601127e-05 1.770003e-01 3.425000e+00 0.000000e+00 5.000000e-01
2.633220e-04 7.037681e-05 1.770003e-01 3.475000e+00 0.000000e+00 5.000000e-01
2.146235e-04 6.195786e-05 1.770003e-01 3.525000e+00 0.000000e+00 5.000000e-01
2.788771e-04 6.972047e-05 1.770003e-01 3.575000e+00 0.000000e+00 5.000000e-01
4.750251e-04 8.977373e-05 1.770003e-01 3.625000e+00 0.000000e+00 5.000000e-01
4.580421e-04 8.656404e-05 1.770003e-01 3.675000e+00 0.000000e+00 5.000000e-01
3.172608e-04 7.094399e-05 1.770003e-01 3.725000e+00 0.000000e+00 5.000000e-01
6.461425e-04 9.970636e-05 1.770003e-01 3.775000e+00 0.000000e+00 5.000000e-01
7.372970e-04 1.042738e-04 1.770003e-01 3.825000e+00 0.000000e+00 5.000000e-01
6.428863e-04 9.479210e-05 1.770003e-01 3.875000e+00 0.000000e+00 5.000000e-01
6.320865e-04 9.123953e-05 1.770003e-01 3.925000e+00 0.000000e+00 5.000000e-01
5.956804e-04 8.598444e-05 1.770003e-01 3.975000e+00 0.000000e+00 5.000000e-01
3.009468e-01 3.105354e-03 1.970003e-01 2.500000e-02 0.000000e+00 5.000000e-01
1.688084e-01 2.315708e-03 1.970003e-01 7.500000e-02 0.000000e+00 5.000000e-01
4.116575e-02 1.140856e-03 1.970003e-01 1.250000e-01 0.000000e+00 5.000000e-01
1.751593e-02 7.441813e-04 1.970003e-01 1.750000e-01 0.000000e+00 5.000000e-01
1.199876e-02 6.075813e-04 1.970003e-01 2.250000e-01 0.000000e+00 5.000000e-01
9.462148e-03 5.322880e-04 1.970003e-01 2.750000e-01 0.000000e+00 5.000000e-01
7.126132e-03 4.562043e-04 1.970003e-01 3.250000e-01 0.000000e+00 5.000000e-01
6.531734e-03 4.325751e-04 1.970003e-01 3.750000e-01 0.000000e+00 5.000000e-01
6.846601e-03 4.383093e-04 1.970003e-01 4.250000e-01 0.000000e+00 5.000000e-01
6.728778e-03 4.325428e-04 1.970003e-01 4.750000e-01 0.000000e+00 5.000000e-01
6.332697e-03 4.193937e-04 1.970003e-01 5.250000e-01 0.000000e+00 5.000000e-01
6.753040e-03 4.323198e-04 1.970003e-01 5.750000e-01 0.000000e+00 5.000000e-01
4.686668e-03 3.594516e-04 1.970003e-01 6.250000e-01 0.000000e+00 5.000000e-01
4.876757e-03 3.655289e-04 1.970003e-01 6.750000e-01 0.000000e+00 5.000000e-01
6.136803e-03 4.100330e-04 1.970003e-01 7.250000e-01 0.000000e+00 5.000000e-01
4.995280e-03 3.702754e-04 1.970003e-01 7.750000e-01 0.000000e+00 5.000000e-01
3.743347e-03 3.209899e-04 1.970003e-01 8.250000e-01 0.000000e+00 5.000000e-01
3.758208e-03 3.222643e-04 1.970003e-01 8.750000e-01 0.000000e+00 5.000000e-01
3.664821e-03 3.189823e-04 1.970003e-01 9.250000e-01 0.000000e+00 5.000000e-01
3.368737e-03 3.049917e-04 1.970003e-01 9.750000e-01 0.000000e+00 5.000000e-01
2.572501e-03 2.653337e-04 1.970003e-01 1.025000e+00 0.000000e+00 5.000000e-01
2.660909e-03 2.687928e-04 1.970003e-01 1.075000e+00 0.000000e+00 5.000000e-01
2.152567e-03 2.406648e-04 1.970003e-01 1.125000e+00 0.000000e+00 5.000000e-01
1.813586e-03 2.199301e-04 1.970003e-01 1.175000e+00 0.000000e+00 5.000000e-01
1.751869e-03 2.156406e-04 1.970003e-01 1.225000e+00 0.000000e+00 5.000000e-01
1.797024e-03 2.179216e-04 1.970003e-01 1.275000e+00 0.000000e+00 5.000000e-01
1.215490e-03 1.792145e-04 1.970003e-01 1.325000e+00 0.000000e+00 5.000000e-01
1.580877e-03 2.040908e-04 1.970003e-01 1.375000e+00 0.000000e+00 5.000000e-01
1.007578e-03 1.634511e-04 1.970003e-01 1.425000e+00 0.000000e+00 5.000000e-01
9.617519e-04 1.602924e-04 1.970003e-01 1.475000e+00 0.000000e+00 5.000000e-01
9.715226e-04 1.619209e-04 1.970003e-01 1.525000e+00 0.000000e+00 5.000000e-01
1.032662e-03 1.675204e-04 1.970003e-01 1.575000e+00 0.000000e+00 5.000000e-01
9.284110e-04 1.592216e-04 1.970003e-01 1.625000e+00 0.000000e+00 5.000000e-01
7.122679e-04 1.396876e-04 1.970003e-01 1.675000e+00 0.000000e+00 5.000000e-01
4.933538e-04 1.162849e-04 1.970003e-01 1.725000e+00 0.000000e+00 5.000000e-01
6.040513e-04 1.287847e-04 1.970003e-01 1.775000e+00 0.000000e+00 5.000000e-01
5.495509e-04 1.228836e-04 1.970003e-01 1.825000e+00 0.000000e+00 5.000000e-01
7.126737e-04 1.397670e-04 1.970003e-01 1.875000e+00 0.000000e+00 5.000000e-01
6.546636e-04 1.336330e-04 1.970003e-01 1.925000e+00 0.000000e+00 5.000000e-01
9.760511e-04 1.626757e-04 1.970003e-01 1.975000e+00 0.000000e+00 5.000000e-01
2.048516e-03 2.349815e-04 1.970003e-01 2.025000e+00 0.000000e+00 5.000000e-01
1.603730e-03 2.070416e-04 1.970003e-01 2.075000e+00 0.000000e+00 5.000000e-01
2.064914e-03 2.338065e-04 1.970003e-01 2.125000e+00 0.000000e+00 5.000000e-01
8.927898e-04 1.531125e-04 1.970003e-01 2.175000e+00 0.000000e+00 5.000000e-01
8.346115e-04 1.475405e-04 1.970003e-01 2.225000e+00 0.000000e+00 5.000000e-01
4.636329e-04 1.092795e-04 1.970003e-01 2.275000e+00 0.000000e+00 5.000000e-01
4.553504e-04 1.073274e-04 1.970003e-01 2.325000e+00 0.000000e+00 5.000000e-01
3.485756e-04 9.316122e-05 1.970003e-01 2.375000e+00 0.000000e+00 5.000000e-01
4.426578e-04 1.043359e-04 1.970003e-01 2.425000e+00 0.000000e+00 5.000000e-01
3.412447e-04 9.120192e-05 1.970003e-01 2.475000e+00 0.000000e+00 5.000000e-01
5.755522e-04 1.174844e-04 1.970003e-01 2.525000e+00 0.000000e+00 5.000000e-01
2.834643e-04 8.182972e-05 1.970003e-01 2.575000e+00 0.000000e+00 5.000000e-01
2.326570e-04 7.357307e-05 1.970003e-01 2.625000e+00 0.000000e+00 5.000000e-01
3.214594e-04 8.591394e-05 1.970003e-01 2.675000e+00 0.000000e+00 5.000000e-01
1.350201e-04 5.512182e-05 1.970003e-01 2.725000e+00 0.000000e+00 5.000000e-01
3.532690e-04 8.831766e-05 1.970003e-01 2.775000e+00 0.000000e+00 5.000000e-01
1.303637e-04 5.322142e-05 1.970003e-01 2.825000e+00 0.000000e+00 5.000000e-01
3.846447e-04 9.066220e-05 1.970003e-01 2.875000e+00 0.000000e+00 5.000000e-01
3.356091e-04 8.390276e-05 1.970003e-01 2.925000e+00 0.000000e+00 5.000000e-01
1.257451e-04 5.133537e-05 1.970003e-01 2.975000e+00 0.000000e+00 5.000000e-01
2.971420e-04 7.941530e-05 1.970003e-01 3.025000e+00 0.000000e+00 5.000000e-01
1.733207e-04 6.127879e-05 1.970003e-01 3.075000e+00 0.000000e+00 5.000000e-01
2.206040e-04 6.976195e-05 1.970003e-01 3.125000e+00 0.000000e+00 5.000000e-01
1.783187e-04 6.304539e-05 1.970003e-01 3.175000e+00 0.000000e+00 5.000000e-01
2.237084e-04 7.074315e-05 1.970003e-01 3.225000e+00 0.000000e+00 5.000000e-01
3.530100e-04 8.825346e-05 1.970003e-01 3.275000e+00 0.000000e+00 5.000000e-01
3.484101e-04 8.710362e-05 1.970003e-01 3.325000e+00 0.000000e+00 5.000000e-01
2.989585e-04 7.990047e-05 1.970003e-01 3.375000e+00 0.000000e+00 5.000000e-01
3.771917e-04 8.890594e-05 1.970003e-01 3.425000e+00 0.000000e+00 5.000000e-01
2.046436e-04 6.471471e-05 1.970003e-01 3.475000e+00 0.000000e+00 5.000000e-01
3.963826e-04 8.863540e-05 1.970003e-01 3.525000e+00 0.000000e+00 5.000000e-01
2.936041e-04 7.340260e-05 1.970003e-01 3.575000e+00 0.000000e+00 5.000000e-01
3.728964e-04 7.950393e-05 1.970003e-01 3.625000e+00 0.000000e+00 5.000000e-01
5.170268e-04 9.140124e-05 1.970003e-01 3.675000e+00 0.000000e+00 5.000000e-01
4.956244e-04 8.761914e-05 1.970003e-01 3.725000e+00 0.000000e+00 5.000000e-01
3.588240e-04 7.324690e-05 1.970003e-01 3.775000e+00 0.000000e+00 5.000000e-01
5.483818e-04 8.896249e-05 1.970003e-01 3.825000e+00 0.000000e+00 5.000000e-01
5.897140e-04 9.099813e-05 1.970003e-01 3.875000e+00 0.000000e+00 5.000000e-01
6.724258e-04 9.510026e-05 1.970003e-01 3.925000e+00 0.000000e+00 5.000000e-01
7.913849e-04 1.005122e-04 1.970003e-01 3.975000e+00 0.000000e+00 5.000000e-01
2.923242e-01 3.014136e-03 2.170003e-01 2.500000e-02 0.000000e+00 5.000000e-01
1.615038e-01 2.210103e-03 2.170003e-01 7.500000e-02 0.000000e+00 5.000000e-01
3.860133e-02 1.067330e-03 2.170003e-01 1.250000e-01 0.000000e+00 5.000000e-01
1.907399e-02 7.402150e-04 2.170003e-01 1.750000e-01 0.000000e+00 5.000000e-01
1.197243e-02 5.828094e-04 2.170003e-01 2.250000e-01 0.000000e+00 5.000000e-01
1.038161e-02 5.441449e-04 2.170003e-01 2.750000e-01 0.000000e+00 5.000000e-01
8.926923e-03 5.037760e-04 2.170003e-01 3.250000e-01 0.000000e+00 5.000000e-01
6.572415e-03 4.315006e-04 2.170003e-01 3.750000e-01 0.000000e+00 5.000000e-01
7.805333e-03 4.681334e-04 2.170003e-01 4.250000e-01 0.000000e+00 5.000000e-01
6.413450e-03 4.228909e-04 2.170003e-01 4.750000e-01 0.000000e+00 5.000000e-01
6.267153e-03 4.168855e-04 2.170003e-01 5.250000e-01 0.000000e+00 5.000000e-01
6.160629e-03 4.153501e-04 2.170003e-01 5.750000e-01 0.000000e+00 5.000000e-01
6.711428e-03 4.350379e-04 2.170003e-01 6.250000e-01 0.000000e+00 5.000000e-01
5.992333e-03 4.115557e-04 2.170003e-01 6.750000e-01 0.000000e+00 5.000000e-01
5.396509e-03 3.915046e-04 2.170003e-01 7.250000e-01 0.000000e+00 5.000000e-01
4.450784e-03 3.563485e-04 2.170003e-01 7.750000e-01 0.000000e+00 5.000000e-01
3.385534e-03 3.090560e-04 2.170003e-01 8.250000e-01 0.000000e+00 5.000000e-01
2.801806e-03 2.801811e-04 2.170003e-01 8.750000e-01 0.000000e+00 5.000000e-01
3.234409e-03 3.003078e-04 2.170003e-01 9.250000e-01 0.000000e+00 5.000000e-01
2.622721e-03 2.705135e-04 2.170003e-01 9.750000e-01 0.000000e+00 5.000000e-01
2.974677e-03 2.889267e-04 2.170003e-01 1.025000e+00 0.000000e+00 5.000000e-01
2.924520e-03 2.867733e-04 2.170003e-01 1.075000e+00 0.000000e+00 5.000000e-01
1.889543e-03 2.291411e-04 2.170003e-01 1.125000e+00 0.000000e+00 5.000000e-01
2.170397e-03 2.457496e-04 2.170003e-01 1.175000e+00 0.000000e+00 5.000000e-01
2.287403e-03 2.526019e-04 2.170003e-01 1.225000e+00 0.000000e+00 5.000000e-01
1.070175e-03 1.736055e-04 2.170003e-01 1.275000e+00 0.000000e+00 5.000000e-01
1.347283e-03 1.944639e-04 2.170003e-01 1.325000e+00 0.000000e+00 5.000000e-01
1.732718e-03 2.200558e-04 2.170003e-01 1.375000e+00 0.000000e+00 5.000000e-01
1.163750e-03 1.795709e-04 2.170003e-01 1.425000e+00 0.000000e+00 5.000000e-01
9.987089e-04 1.664520e-04 2.170003e-01 1.475000e+00 0.000000e+00 5.000000e-01
1.171856e-03 1.808219e-04 2.170003e-01 1.525000e+00 0.000000e+00 5.000000e-01
7.901126e-04 1.493175e-04 2.170003e-01 1.575000e+00 0.000000e+00 5.000000e-01
1.124279e-03 1.777646e-04 2.170003e-01 1.625000e+00 0.000000e+00 5.000000e-01
6.790849e-04 1.386182e-04 2.170003e-01 1.675000e+00 0.000000e+00 5.000000e-01
2.853852e-04 9.024689e-05 2.170003e-01 1.725000e+00 0.000000e+00 5.000000e-01
4.018360e-04 1.073955e-04 2.170003e-01 1.775000e+00 0.000000e+00 5.000000e-01
3.420957e-04 9.875484e-05 2.170003e-01 1.825000e+00 0.000000e+00 5.000000e-01
7.993419e-04 1.510619e-04 2.170003e-01 1.875000e+00 0.000000e+00 5.000000e-01
5.742746e-04 1.284121e-04 2.170003e-01 1.925000e+00 0.000000e+00 5.000000e-01
1.093228e-03 1.773455e-04 2.170003e-01 1.975000e+00 0.000000e+00 5.000000e-01
1.367719e-03 1.974139e-04 2.170003e-01 2.025000e+00 0.000000e+00 5.000000e-01
1.643193e-03 2.157625e-04 2.170003e-01 2.075000e+00 0.000000e+00 5.000000e-01
1.803752e-03 2.254696e-04 2.170003e-01 2.125000e+00 0.000000e+00 5.000000e-01
1.065134e-03 1.727881e-04 2.170003e-01 2.175000e+00 0.000000e+00 5.000000e-01
5.545925e-04 1.240112e-04 2.170003e-01 2.225000e+00 0.000000e+00 5.000000e-01
4.961788e-04 1.169511e-04 2.170003e-01 2.275000e+00 0.000000e+00 5.000000e-01
5.482168e-04 1.225854e-04 2.170003e-01 2.325000e+00 0.000000e+00 5.000000e-01
2.707240e-04 8.561094e-05 2.170003e-01 2.375000e+00 0.000000e+00 5.000000e-01
4.802365e-04 1.131935e-04 2.170003e-01 2.425000e+00 0.000000e+00 5.000000e-01
4.694552e-04 1.106519e-04 2.170003e-01 2.475000e+00 0.000000e+00 5.000000e-01
1.533241e-04 6.259483e-05 2.170003e-01 2.525000e+00 0.000000e+00 5.000000e-01
2.027133e-04 7.167001e-05 2.170003e-01 2.575000e+00 0.000000e+00 5.000000e-01
1.984487e-04 7.016262e-05 2.170003e-01 2.625000e+00 0.000000e+00 5.000000e-01
2.920237e-04 8.430035e-05 2.170003e-01 2.675000e+00 0.000000e+00 5.000000e-01
3.811343e-04 9.528456e-05 2.170003e-01 2.725000e+00 0.000000e+00 5.000000e-01
1.404009e-04 5.731890e-05 2.170003e-01 2.775000e+00 0.000000e+00 5.000000e-01
2.770033e-04 7.996425e-05 2.170003e-01 2.825000e+00 0.000000e+00 5.000000e-01
1.360123e-04 5.552745e-05 2.170003e-01 2.875000e+00 0.000000e+00 5.000000e-01
2.202470e-04 6.964867e-05 2.170003e-01 2.925000e+00 0.000000e+00 5.000000e-01
4.342876e-04 9.711070e-05 2.170003e-01 2.975000e+00 0.000000e+00 5.000000e-01
4.321578e-05 3.055817e-05 2.170003e-01 3.025000e+00 0.000000e+00 5.000000e-01
1.731116e-04 6.120492e-05 2.170003e-01 3.075000e+00 0.000000e+00 5.000000e-01
6.479775e-04 1.183050e-04 2.170003e-01 3.125000e+00 0.000000e+00 5.000000e-01
4.372623e-05 3.091911e-05 2.170003e-01 3.175000e+00 0.000000e+00 5.000000e-01
2.658359e-04 7.674191e-05 2.170003e-01 3.225000e+00 0.000000e+00 5.000000e-01
3.110812e-04 8.314041e-05 2.170003e-01 3.275000e+00 0.000000e+00 5.000000e-01
3.078693e-04 8.228203e-05 2.170003e-01 3.325000e+00 0.000000e+00 5.000000e-01
2.586585e-04 7.466941e-05 2.170003e-01 3.375000e+00 0.000000e+00 5.000000e-01
2.949684e-04 7.883528e-05 2.170003e-01 3.425000e+00 0.000000e+00 5.000000e-01
3.726293e-04 8.783073e-05 2.170003e-01 3.475000e+00 0.000000e+00 5.000000e-01
2.395565e-04 6.915670e-05 2.170003e-01 3.525000e+00 0.000000e+00 5.000000e-01
2.699624e-04 7.215221e-05 2.170003e-01 3.575000e+00 0.000000e+00 5.000000e-01
3.328742e-04 7.846050e-05 2.170003e-01 3.625000e+00 0.000000e+00 5.000000e-01
3.401035e-04 7.605239e-05 2.170003e-01 3.675000e+00 0.000000e+00 5.000000e-01
6.581109e-04 1.015508e-04 2.170003e-01 3.725000e+00 0.000000e+00 5.000000e-01
3.290538e-04 7.015576e-05 2.170003e-01 3.775000e+00 0.000000e+00 5.000000e-01
4.640026e-04 8.202797e-05 2.170003e-01 3.825000e+00 0.000000e+00 5.000000e-01
4.479840e-04 7.919585e-05 2.170003e-01 3.875000e+00 0.000000e+00 5.000000e-01
6.767073e-04 9.570551e-05 2.170003e-01 3.925000e+00 0.000000e+00 5.000000e-01
8.103908e-04 1.029261e-04 2.170003e-01 3.975000e+00 0.000000e+00 5.000000e-01
3.111207e-01 3.015056e-03 2.370003e-01 2.500000e-02 0.000000e+00 5.000000e-01
1.717604e-01 2.233861e-03 2.370003e-01 7.500000e-02 0.000000e+00 5.000000e-01
4.589863e-02 1.148185e-03 2.370003e-01 1.250000e-01 0.000000e+00 5.000000e-01
1.937131e-02 7.439516e-04 2.370003e-01 1.750000e-01 0.000000e+00 5.000000e-01
1.445844e-02 6.427567e-04 2.370003e-01 2.250000e-01 0.000000e+00 5.000000e-01
1.028519e-02 5.420777e-04 2.370003e-01 2.750000e-01 0.000000e+00 5.000000e-01
7.825578e-03 4.727611e-04 2.370003e-01 3.250000e-01 0.000000e+00 5.000000e-01
8.864250e-03 5.034562e-04 2.370003e-01 3.750000e-01 0.000000e+00 5.000000e-01
6.637711e-03 4.357877e-04 2.370003e-01 4.250000e-01 0.000000e+00 5.000000e-01
6.374643e-03 4.278386e-04 2.370003e-01 4.750000e-01 0.000000e+00 5.000000e-01
6.491309e-03 4.337194e-04 2.370003e-01 5.250000e-01 0.000000e+00 5.000000e-01
6.684251e-03 4.388432e-04 2.370003e-01 5.750000e-01 0.000000e+00 5.000000e-01
4.944430e-03 3.770099e-04 2.370003e-01 6.250000e-01 0.000000e+00 5.000000e-01
5.756797e-03 4.091184e-04 2.370003e-01 6.750000e-01 0.000000e+00 5.000000e-01
4.726357e-03 3.713383e-04 2.370003e-01 7.250000e-01 0.000000e+00 5.000000e-01
5.434348e-03 3.963411e-04 2.370003e-01 7.750000e-01 0.000000e+00 5.000000e-01
4.633990e-03 3.663496e-04 2.370003e-01 8.250000e-01 0.000000e+00 5.000000e-01
4.038979e-03 3.438213e-04 2.370003e-01 8.750000e-01 0.000000e+00 5.000000e-01
3.836478e-03 3.364822e-04 2.370003e-01 9.250000e-01 0.000000e+00 5.000000e-01
4.043309e-03 3.467115e-04 2.370003e-01 9.750000e-01 0.000000e+00 5.000000e-01
2.971913e-03 2.971918e-04 2.370003e-01 1.025000e+00 0.000000e+00 5.000000e-01
3.096660e-03 3.036531e-04 2.370003e-01 1.075000e+00 0.000000e+00 5.000000e-01
2.330230e-03 2.638472e-04 2.370003e-01 1.125000e+00 0.000000e+00 5.000000e-01
2.470913e-03 2.728672e-04 2.370003e-01 1.175000e+00 0.000000e+00 5.000000e-01
1.876067e-03 2.382613e-04 2.370003e-01 1.225000e+00 0.000000e+00 5.000000e-01
1.977192e-03 2.433759e-04 2.370003e-01 1.275000e+00 0.000000e+00 5.000000e-01
1.685743e-03 2.252674e-04 2.370003e-01 1.325000e+00 0.000000e+00 5.000000e-01
1.088138e-03 1.813567e-04 2.370003e-01 1.375000e+00 0.000000e+00 5.000000e-01
9.633388e-04 1.702963e-04 2.370003e-01 1.425000e+00 0.000000e+00 5.000000e-01
1.389018e-03 2.048001e-04 2.370003e-01 1.475000e+00 0.000000e+00 5.000000e-01
1.576793e-03 2.186621e-04 2.370003e-01 1.525000e+00 0.000000e+00 5.000000e-01
7.831536e-04 1.535894e-04 2.370003e-01 1.575000e+00 0.000000e+00 5.000000e-01
3.590399e-04 1.036461e-04 2.370003e-01 1.625000e+00 0.000000e+00 5.000000e-01
6.000884e-04 1.341842e-04 2.370003e-01 1.675000e+00 0.000000e+00 5.000000e-01
4.811040e-04 1.202765e-04 2.370003e-01 1.725000e+00 0.000000e+00 5.000000e-01
4.225091e-04 1.129208e-04 2.370003e-01 1.775000e+00 0.000000e+00 5.000000e-01
5.424867e-04 1.278659e-04 2.370003e-01 1.825000e+00 0.000000e+00 5.000000e-01
6.672251e-04 1.422533e-04 2.370003e-01 1.875000e+00 0.000000e+00 5.000000e-01
7.284421e-04 1.486932e-04 2.370003e-01 1.925000e+00 0.000000e+00 5.000000e-01
1.036055e-03 1.776827e-04 2.370003e-01 1.975000e+00 0.000000e+00 5.000000e-01
1.219016e-03 1.927439e-04 2.370003e-01 2.025000e+00 0.000000e+00 5.000000e-01
1.880462e-03 2.388201e-04 2.370003e-01 2.075000e+00 0.000000e+00 5.000000e-01
1.984198e-03 2.442385e-04 2.370003e-01 2.125000e+00 0.000000e+00 5.000000e-01
1.069906e-03 1.783184e-04 2.370003e-01 2.175000e+00 0.000000e+00 5.000000e-01
4.148327e-04 1.108693e-04 2.370003e-01 2.225000e+00 0.000000e+00 5.000000e-01
4.724855e-04 1.181219e-04 2.370003e-01 2.275000e+00 0.000000e+00 5.000000e-01
6.456759e-04 1.376590e-04 2.370003e-01 2.325000e+00 0.000000e+00 5.000000e-01
2.900674e-04 9.172767e-05 2.370003e-01 2.375000e+00 0.000000e+00 5.000000e-01
3.440972e-04 9.933278e-05 2.370003e-01 2.425000e+00 0.000000e+00 5.000000e-01
3.392788e-04 9.794171e-05 2.370003e-01 2.475000e+00 0.000000e+00 5.000000e-01
4.999109e-04 1.178309e-04 2.370003e-01 2.525000e+00 0.000000e+00 5.000000e-01
1.644051e-04 6.711843e-05 2.370003e-01 2.575000e+00 0.000000e+00 5.000000e-01
2.703421e-04 8.549033e-05 2.370003e-01 2.625000e+00 0.000000e+00 5.000000e-01
5.267874e-05 3.724950e-05 2.370003e-01 2.675000e+00 0.000000e+00 5.000000e-01
1.031968e-04 5.159883e-05 2.370003e-01 2.725000e+00 0.000000e+00 5.000000e-01
2.020390e-04 7.143182e-05 2.370003e-01 2.775000e+00 0.000000e+00 5.000000e-01
2.005345e-04 7.089977e-05 2.370003e-01 2.825000e+00 0.000000e+00 5.000000e-01
3.971090e-04 9.927776e-05 2.370003e-01 2.875000e+00 0.000000e+00 5.000000e-01
0.000000e+00 0.000000e+00 2.370003e-01 2.925000e+00 0.000000e+00 5.000000e-01
1.918063e-04 6.781465e-05 2.370003e-01 2.975000e+00 0.000000e+00 5.000000e-01
1.414318e-04 5.773974e-05 2.370003e-01 3.025000e+00 0.000000e+00 5.000000e-01
3.220665e-04 8.607673e-05 2.370003e-01 3.075000e+00 0.000000e+00 5.000000e-01
5.349765e-04 1.092025e-04 2.370003e-01 3.125000e+00 0.000000e+00 5.000000e-01
5.250517e-04 1.071771e-04 2.370003e-01 3.175000e+00 0.000000e+00 5.000000e-01
1.292986e-04 5.278665e-05 2.370003e-01 3.225000e+00 0.000000e+00 5.000000e-01
4.273358e-04 9.555603e-05 2.370003e-01 3.275000e+00 0.000000e+00 5.000000e-01
2.143005e-04 6.776864e-05 2.370003e-01 3.325000e+00 0.000000e+00 5.000000e-01
5.986420e-04 1.131344e-04 2.370003e-01 3.375000e+00 0.000000e+00 5.000000e-01
1.682066e-04 5.947102e-05 2.370003e-01 3.425000e+00 0.000000e+00 5.000000e-01
2.863715e-04 7.653746e-05 2.370003e-01 3.475000e+00 0.000000e+00 5.000000e-01
2.774156e-04 7.414423e-05 2.370003e-01 3.525000e+00 0.000000e+00 5.000000e-01
4.228607e-04 9.015570e-05 2.370003e-01 3.575000e+00 0.000000e+00 5.000000e-01
4.494259e-04 9.173996e-05 2.370003e-01 3.625000e+00 0.000000e+00 5.000000e-01
4.006223e-04 8.541580e-05 2.370003e-01 3.675000e+00 0.000000e+00 5.000000e-01
4.229873e-04 8.634403e-05 2.370003e-01 3.725000e+00 0.000000e+00 5.000000e-01
4.578372e-04 8.652504e-05 2.370003e-01 3.775000e+00 0.000000e+00 5.000000e-01
5.070707e-04 8.696537e-05 2.370003e-01 3.825000e+00 0.000000e+00 5.000000e-01
3.707259e-04 7.270824e-05 2.370003e-01 3.875000e+00 0.000000e+00 5.000000e-01
6.289494e-04 9.273904e-05 2.370003e-01 3.925000e+00 0.000000e+00 5.000000e-01
5.764488e-04 8.690772e-05 2.370003e-01 3.975000e+00 0.000000e+00 5.000000e-01
3.188476e-01 3.057940e-03 2.570003e-01 2.500000e-02 0.000000e+00 5.000000e-01
1.794032e-01 2.272932e-03 2.570003e-01 7.500000e-02 0.000000e+00 5.000000e-01
5.185990e-02 1.227820e-03 2.570003e-01 1.250000e-01 0.000000e+00 5.000000e-01
2.720898e-02 8.884057e-04 2.570003e-01 1.750000e-01 0.000000e+00 5.000000e-01
1.565287e-02 6.773668e-04 2.570003e-01 2.250000e-01 0.000000e+00 5.000000e-01
1.074058e-02 5.645129e-04 2.570003e-01 2.750000e-01 0.000000e+00 5.000000e-01
1.034446e-02 5.545219e-04 2.570003e-01 3.250000e-01 0.000000e+00 5.000000e-01
6.690216e-03 4.470095e-04 2.570003e-01 3.750000e-01 0.000000e+00 5.000000e-01
7.142567e-03 4.610513e-04 2.570003e-01 4.250000e-01 0.000000e+00 5.000000e-01
6.369427e-03 4.354057e-04 2.570003e-01 4.750000e-01 0.000000e+00 5.000000e-01
6.808286e-03 4.528811e-04 2.570003e-01 5.250000e-01 0.000000e+00 5.000000e-01
4.947192e-03 3.886886e-04 2.570003e-01 5.750000e-01 0.000000e+00 5.000000e-01
5.095093e-03 3.954565e-04 2.570003e-01 6.250000e-01 0.000000e+00 5.000000e-01
4.775939e-03 3.823817e-04 2.570003e-01 6.750000e-01 0.000000e+00 5.000000e-01
5.351723e-03 4.057137e-04 2.570003e-01 7.250000e-01 0.000000e+00 5.000000e-01
5.136342e-03 4.010817e-04 2.570003e-01 7.750000e-01 0.000000e+00 5.000000e-01
5.091668e-03 4.000399e-04 2.570003e-01 8.250000e-01 0.000000e+00 5.000000e-01
4.664297e-03 3.808390e-04 2.570003e-01 8.750000e-01 0.000000e+00 5.000000e-01
4.402014e-03 3.720387e-04 2.570003e-01 9.250000e-01 0.000000e+00 5.000000e-01
3.714409e-03 3.448750e-04 2.570003e-01 9.750000e-01 0.000000e+00 5.000000e-01
3.094773e-03 3.158595e-04 2.570003e-01 1.025000e+00 0.000000e+00 5.000000e-01
3.208275e-03 3.208282e-04 2.570003e-01 1.075000e+00 0.000000e+00 5.000000e-01
3.066850e-03 3.130096e-04 2.570003e-01 1.125000e+00 0.000000e+00 5.000000e-01
2.632462e-03 2.907075e-04 2.570003e-01 1.175000e+00 0.000000e+00 5.000000e-01
1.746370e-03 2.376513e-04 2.570003e-01 1.225000e+00 0.000000e+00 5.000000e-01
1.443260e-03 2.175802e-04 2.570003e-01 1.275000e+00 0.000000e+00 5.000000e-01
1.703702e-03 2.362615e-04 2.570003e-01 1.325000e+00 0.000000e+00 5.000000e-01
1.036930e-03 1.833055e-04 2.570003e-01 1.375000e+00 0.000000e+00 5.000000e-01
1.561136e-03 2.253311e-04 2.570003e-01 1.425000e+00 0.000000e+00 5.000000e-01
8.558749e-04 1.678513e-04 2.570003e-01 1.475000e+00 0.000000e+00 5.000000e-01
5.953894e-04 1.403349e-04 2.570003e-01 1.525000e+00 0.000000e+00 5.000000e-01
4.653357e-04 1.243663e-04 2.570003e-01 1.575000e+00 0.000000e+00 5.000000e-01
5.274362e-04 1.318596e-04 2.570003e-01 1.625000e+00 0.000000e+00 5.000000e-01
5.899416e-04 1.390508e-04 2.570003e-01 1.675000e+00 0.000000e+00 5.000000e-01
9.816456e-04 1.792235e-04 2.570003e-01 1.725000e+00 0.000000e+00 5.000000e-01
5.899026e-04 1.390419e-04 2.570003e-01 1.775000e+00 0.000000e+00 5.000000e-01
5.237175e-04 1.309299e-04 2.570003e-01 1.825000e+00 0.000000e+00 5.000000e-01
8.459479e-04 1.659045e-04 2.570003e-01 1.875000e+00 0.000000e+00 5.000000e-01
7.230313e-04 1.541515e-04 2.570003e-01 1.925000e+00 0.000000e+00 5.000000e-01
1.257678e-03 2.040232e-04 2.570003e-01 1.975000e+00 0.000000e+00 5.000000e-01
1.565273e-03 2.259284e-04 2.570003e-01 2.025000e+00 0.000000e+00 5.000000e-01
1.496633e-03 2.206670e-04 2.570003e-01 2.075000e+00 0.000000e+00 5.000000e-01
1.951497e-03 2.519382e-04 2.570003e-01 2.125000e+00 0.000000e+00 5.000000e-01
1.291331e-03 2.041784e-04 2.570003e-01 2.175000e+00 0.000000e+00 5.000000e-01
3.202393e-04 1.012693e-04 2.570003e-01 2.225000e+00 0.000000e+00 5.000000e-01
5.128988e-04 1.282251e-04 2.570003e-01 2.275000e+00 0.000000e+00 5.000000e-01
1.917262e-04 7.827248e-05 2.570003e-01 2.325000e+00 0.000000e+00 5.000000e-01
3.150124e-04 9.961599e-05 2.570003e-01 2.375000e+00 0.000000e+00 5.000000e-01
3.096075e-04 9.790693e-05 2.570003e-01 2.425000e+00 0.000000e+00 5.000000e-01
2.448775e-04 8.657760e-05 2.570003e-01 2.475000e+00 0.000000e+00 5.000000e-01
1.203032e-04 6.015162e-05 2.570003e-01 2.525000e+00 0.000000e+00 5.000000e-01
3.611616e-04 1.042591e-04 2.570003e-01 2.575000e+00 0.000000e+00 5.000000e-01
5.936936e-04 1.327546e-04 2.570003e-01 2.625000e+00 0.000000e+00 5.000000e-01
2.912943e-04 9.211611e-05 2.570003e-01 2.675000e+00 0.000000e+00 5.000000e-01
4.584397e-04 1.146103e-04 2.570003e-01 2.725000e+00 0.000000e+00 5.000000e-01
5.072706e-04 1.195657e-04 2.570003e-01 2.775000e+00 0.000000e+00 5.000000e-01
5.560953e-04 1.243481e-04 2.570003e-01 2.825000e+00 0.000000e+00 5.000000e-01
1.629097e-04 6.650760e-05 2.570003e-01 2.875000e+00 0.000000e+00 5.000000e-01
2.652689e-04 8.388563e-05 2.570003e-01 2.925000e+00 0.000000e+00 5.000000e-01
1.558926e-04 6.364314e-05 2.570003e-01 2.975000e+00 0.000000e+00 5.000000e-01
2.547808e-04 8.056921e-05 2.570003e-01 3.025000e+00 0.000000e+00 5.000000e-01
1.496450e-04 6.109279e-05 2.570003e-01 3.075000e+00 0.000000e+00 5.000000e-01
3.381487e-04 9.037533e-05 2.570003e-01 3.125000e+00 0.000000e+00 5.000000e-01
1.874151e-04 6.626183e-05 2.570003e-01 3.175000e+00 0.000000e+00 5.000000e-01
2.293244e-04 7.251983e-05 2.570003e-01 3.225000e+00 0.000000e+00 5.000000e-01
3.086792e-04 8.249902e-05 2.570003e-01 3.275000e+00 0.000000e+00 5.000000e-01
2.581090e-04 7.450982e-05 2.570003e-01 3.325000e+00 0.000000e+00 5.000000e-01
2.519703e-04 7.273849e-05 2.570003e-01 3.375000e+00 0.000000e+00 5.000000e-01
2.897917e-04 7.745165e-05 2.570003e-01 3.425000e+00 0.000000e+00 5.000000e-01
2.456664e-04 7.091900e-05 2.570003e-01 3.475000e+00 0.000000e+00 5.000000e-01
3.619737e-04 8.532026e-05 2.570003e-01 3.525000e+00 0.000000e+00 5.000000e-01
1.174875e-04 4.796517e-05 2.570003e-01 3.575000e+00 0.000000e+00 5.000000e-01
2.295380e-04 6.626419e-05 2.570003e-01 3.625000e+00 0.000000e+00 5.000000e-01
3.720079e-04 8.318444e-05 2.570003e-01 3.675000e+00 0.000000e+00 5.000000e-01
5.039663e-04 9.524257e-05 2.570003e-01 3.725000e+00 0.000000e+00 5.000000e-01
3.859364e-04 8.228451e-05 2.570003e-01 3.775000e+00 0.000000e+00 5.000000e-01
3.362620e-04 7.519267e-05 2.570003e-01 3.825000e+00 0.000000e+00 5.000000e-01
7.406569e-04 1.069092e-04 2.570003e-01 3.875000e+00 0.000000e+00 5.000000e-01
5.933219e-04 9.155540e-05 2.570003e-01 3.925000e+00 0.000000e+00 5.000000e-01
7.217870e-04 9.822701e-05 2.570003e-01 3.975000e+00 0.000000e+00 5.000000e-01
3.304516e-01 3.141042e-03 2.770003e-01 2.500000e-02 0.000000e+00 5.000000e-01
1.942284e-01 2.448606e-03 2.770003e-01 7.500000e-02 0.000000e+00 5.000000e-01
6.412693e-02 1.400033e-03 2.770003e-01 1.250000e-01 0.000000e+00 5.000000e-01
3.494160e-02 1.033976e-03 2.770003e-01 1.750000e-01 0.000000e+00 5.000000e-01
1.865629e-02 7.654776e-04 2.770003e-01 2.250000e-01 0.000000e+00 5.000000e-01
8.915623e-03 5.290455e-04 2.770003e-01 2.750000e-01 0.000000e+00 5.000000e-01
7.461449e-03 4.856996e-04 2.770003e-01 3.250000e-01 0.000000e+00 5.000000e-01
7.701173e-03 4.950509e-04 2.770003e-01 3.750000e-01 0.000000e+00 5.000000e-01
6.514196e-03 4.560855e-04 2.770003e-01 4.250000e-01 0.000000e+00 5.000000e-01
7.147930e-03 4.819141e-04 2.770003e-01 4.750000e-01 0.000000e+00 5.000000e-01
7.207744e-03 4.837529e-04 2.770003e-01 5.250000e-01 0.000000e+00 5.000000e-01
6.478204e-03 4.580789e-04 2.770003e-01 5.750000e-01 0.000000e+00 5.000000e-01
4.763566e-03 3.969646e-04 2.770003e-01 6.250000e-01 0.000000e+00 5.000000e-01
6.420780e-03 4.633805e-04 2.770003e-01 6.750000e-01 0.000000e+00 5.000000e-01
5.135979e-03 4.138697e-04 2.770003e-01 7.250000e-01 0.000000e+00 5.000000e-01
5.571321e-03 4.324190e-04 2.770003e-01 7.750000e-01 0.000000e+00 5.000000e-01
4.390458e-03 3.850691e-04 2.770003e-01 8.250000e-01 0.000000e+00 5.000000e-01
3.342011e-03 3.375946e-04 2.770003e-01 8.750000e-01 0.000000e+00 5.000000e-01
3.752423e-03 3.577801e-04 2.770003e-01 9.250000e-01 0.000000e+00 5.000000e-01
3.566467e-03 3.497215e-04 2.770003e-01 9.750000e-01 0.000000e+00 5.000000e-01
3.143122e-03 3.313147e-04 2.770003e-01 1.025000e+00 0.000000e+00 5.000000e-01
2.819665e-03 3.152486e-04 2.770003e-01 1.075000e+00 0.000000e+00 5.000000e-01
2.744624e-03 3.107680e-04 2.770003e-01 1.125000e+00 0.000000e+00 5.000000e-01
2.931961e-03 3.199038e-04 2.770003e-01 1.175000e+00 0.000000e+00 5.000000e-01
1.629248e-03 2.402199e-04 2.770003e-01 1.225000e+00 0.000000e+00 5.000000e-01
1.706437e-03 2.463036e-04 2.770003e-01 1.275000e+00 0.000000e+00 5.000000e-01
1.283364e-03 2.138944e-04 2.770003e-01 1.325000e+00 0.000000e+00 5.000000e-01
1.360646e-03 2.207264e-04 2.770003e-01 1.375000e+00 0.000000e+00 5.000000e-01
1.419789e-03 2.244888e-04 2.770003e-01 1.425000e+00 0.000000e+00 5.000000e-01
1.224751e-03 2.100436e-04 2.770003e-01 1.475000e+00 0.000000e+00 5.000000e-01
1.167848e-03 2.064488e-04 2.770003e-01 1.525000e+00 0.000000e+00 5.000000e-01
4.369234e-04 1.261291e-04 2.770003e-01 1.575000e+00 0.000000e+00 5.000000e-01
6.581088e-04 1.551180e-04 2.770003e-01 1.625000e+00 0.000000e+00 5.000000e-01
8.053384e-04 1.716990e-04 2.770003e-01 1.675000e+00 0.000000e+00 5.000000e-01
6.526028e-04 1.538203e-04 2.770003e-01 1.725000e+00 0.000000e+00 5.000000e-01
1.078344e-03 1.968783e-04 2.770003e-01 1.775000e+00 0.000000e+00 5.000000e-01
7.901785e-04 1.684670e-04 2.770003e-01 1.825000e+00 0.000000e+00 5.000000e-01
1.286184e-03 2.143644e-04 2.770003e-01 1.875000e+00 0.000000e+00 5.000000e-01
1.000604e-03 1.890967e-04 2.770003e-01 1.925000e+00 0.000000e+00 5.000000e-01
1.290098e-03 2.150169e-04 2.770003e-01 1.975000e+00 0.000000e+00 5.000000e-01
2.065482e-03 2.712121e-04 2.770003e-01 2.025000e+00 0.000000e+00 5.000000e-01
1.975379e-03 2.639720e-04 2.770003e-01 2.075000e+00 0.000000e+00 5.000000e-01
1.879498e-03 2.557683e-04 2.770003e-01 2.125000e+00 0.000000e+00 5.000000e-01
1.097126e-03 1.939471e-04 2.770003e-01 2.175000e+00 0.000000e+00 5.000000e-01
3.411078e-04 1.078682e-04 2.770003e-01 2.225000e+00 0.000000e+00 5.000000e-01
4.055955e-04 1.170857e-04 2.770003e-01 2.275000e+00 0.000000e+00 5.000000e-01
2.026139e-04 8.271719e-05 2.770003e-01 2.325000e+00 0.000000e+00 5.000000e-01
5.336046e-04 1.334020e-04 2.770003e-01 2.375000e+00 0.000000e+00 5.000000e-01
3.949765e-04 1.140200e-04 2.770003e-01 2.425000e+00 0.000000e+00 5.000000e-01
2.587773e-04 9.149198e-05 2.770003e-01 2.475000e+00 0.000000e+00 5.000000e-01
4.495720e-04 1.201539e-04 2.770003e-01 2.525000e+00 0.000000e+00 5.000000e-01
3.811314e-04 1.100237e-04 2.770003e-01 2.575000e+00 0.000000e+00 5.000000e-01
3.795076e-04 1.095551e-04 2.770003e-01 2.625000e+00 0.000000e+00 5.000000e-01
2.480783e-04 8.770945e-05 2.770003e-01 2.675000e+00 0.000000e+00 5.000000e-01
4.889120e-04 1.222290e-04 2.770003e-01 2.725000e+00 0.000000e+00 5.000000e-01
3.628450e-04 1.047460e-04 2.770003e-01 2.775000e+00 0.000000e+00 5.000000e-01
3.596017e-04 1.038086e-04 2.770003e-01 2.825000e+00 0.000000e+00 5.000000e-01
1.171104e-04 5.855545e-05 2.770003e-01 2.875000e+00 0.000000e+00 5.000000e-01
1.718645e-04 7.016367e-05 2.770003e-01 2.925000e+00 0.000000e+00 5.000000e-01
1.684992e-04 6.878952e-05 2.770003e-01 2.975000e+00 0.000000e+00 5.000000e-01
5.034405e-04 1.186631e-04 2.770003e-01 3.025000e+00 0.000000e+00 5.000000e-01
1.637368e-04 6.684582e-05 2.770003e-01 3.075000e+00 0.000000e+00 5.000000e-01
3.694352e-04 9.873705e-05 2.770003e-01 3.125000e+00 0.000000e+00 5.000000e-01
2.063012e-04 7.293886e-05 2.770003e-01 3.175000e+00 0.000000e+00 5.000000e-01
2.494124e-04 7.887211e-05 2.770003e-01 3.225000e+00 0.000000e+00 5.000000e-01
2.397040e-04 7.580260e-05 2.770003e-01 3.275000e+00 0.000000e+00 5.000000e-01
3.700018e-04 9.250184e-05 2.770003e-01 3.325000e+00 0.000000e+00 5.000000e-01
3.576808e-04 8.942060e-05 2.770003e-01 3.375000e+00 0.000000e+00 5.000000e-01
1.297665e-04 5.297699e-05 2.770003e-01 3.425000e+00 0.000000e+00 5.000000e-01
4.232810e-04 9.465096e-05 2.770003e-01 3.475000e+00 0.000000e+00 5.000000e-01
3.736773e-04 8.807868e-05 2.770003e-01 3.525000e+00 0.000000e+00 5.000000e-01
3.250738e-04 8.126998e-05 2.770003e-01 3.575000e+00 0.000000e+00 5.000000e-01
2.782966e-04 7.437997e-05 2.770003e-01 3.625000e+00 0.000000e+00 5.000000e-01
4.587799e-04 9.365033e-05 2.770003e-01 3.675000e+00 0.000000e+00 5.000000e-01
4.449360e-04 9.082616e-05 2.770003e-01 3.725000e+00 0.000000e+00 5.000000e-01
3.229063e-04 7.611239e-05 2.770003e-01 3.775000e+00 0.000000e+00 5.000000e-01
4.508252e-04 8.841736e-05 2.770003e-01 3.825000e+00 0.000000e+00 5.000000e-01
4.712384e-04 8.905992e-05 2.770003e-01 3.875000e+00 0.000000e+00 5.000000e-01
8.333189e-04 1.155660e-04 2.770003e-01 3.925000e+00 0.000000e+00 5.000000e-01
6.445699e-04 9.717849e-05 2.770003e-01 3.975000e+00 0.000000e+00 5.000000e-01
3.301143e-01 3.276663e-03 2.970003e-01 2.500000e-02 0.000000e+00 5.000000e-01
2.064671e-01 2.618339e-03 2.970003e-01 7.500000e-02 0.000000e+00 5.000000e-01
7.971388e-02 1.615087e-03 2.970003e-01 1.250000e-01 0.000000e+00 5.000000e-01
3.964194e-02 1.151100e-03 2.970003e-01 1.750000e-01 0.000000e+00 5.000000e-01
1.999477e-02 8.135767e-04 2.970003e-01 2.250000e-01 0.000000e+00 5.000000e-01
1.118051e-02 6.154676e-04 2.970003e-01 2.750000e-01 0.000000e+00 5.000000e-01
7.606668e-03 5.151892e-04 2.970003e-01 3.250000e-01 0.000000e+00 5.000000e-01
7.258476e-03 5.008831e-04 2.970003e-01 3.750000e-01 0.000000e+00 5.000000e-01
7.889289e-03 5.247883e-04 2.970003e-01 4.250000e-01 0.000000e+00 5.000000e-01
6.246449e-03 4.681916e-04 2.970003e-01 4.750000e-01 0.000000e+00 5.000000e-01
6.664648e-03 4.835051e-04 2.970003e-01 5.250000e-01 0.000000e+00 5.000000e-01
6.987325e-03 4.990954e-04 2.970003e-01 5.750000e-01 0.000000e+00 5.000000e-01
5.869985e-03 4.583695e-04 2.970003e-01 6.250000e-01 0.000000e+00 5.000000e-01
5.032979e-03 4.284363e-04 2.970003e-01 6.750000e-01 0.000000e+00 5.000000e-01
6.398399e-03 4.850621e-04 2.970003e-01 7.250000e-01 0.000000e+00 5.000000e-01
5.206245e-03 4.368992e-04 2.970003e-01 7.750000e-01 0.000000e+00 5.000000e-01
4.934946e-03 4.263151e-04 2.970003e-01 8.250000e-01 0.000000e+00 5.000000e-01
4.507576e-03 4.080974e-04 2.970003e-01 8.750000e-01 0.000000e+00 5.000000e-01
4.467206e-03 4.112403e-04 2.970003e-01 9.250000e-01 0.000000e+00 5.000000e-01
3.064787e-03 3.426542e-04 2.970003e-01 9.750000e-01 0.000000e+00 5.000000e-01
3.625468e-03 3.739391e-04 2.970003e-01 1.025000e+00 0.000000e+00 5.000000e-01
3.083819e-03 3.447821e-04 2.970003e-01 1.075000e+00 0.000000e+00 5.000000e-01
2.184338e-03 2.918950e-04 2.970003e-01 1.125000e+00 0.000000e+00 5.000000e-01
1.551448e-03 2.453061e-04 2.970003e-01 1.175000e+00 0.000000e+00 5.000000e-01
1.646482e-03 2.540581e-04 2.970003e-01 1.225000e+00 0.000000e+00 5.000000e-01
1.735107e-03 2.615778e-04 2.970003e-01 1.275000e+00 0.000000e+00 5.000000e-01
1.403170e-03 2.338622e-04 2.970003e-01 1.325000e+00 0.000000e+00 5.000000e-01
1.244934e-03 2.200759e-04 2.970003e-01 1.375000e+00 0.000000e+00 5.000000e-01
1.011160e-03 1.983052e-04 2.970003e-01 1.425000e+00 0.000000e+00 5.000000e-01
1.247669e-03 2.205591e-04 2.970003e-01 1.475000e+00 0.000000e+00 5.000000e-01
1.162421e-03 2.122286e-04 2.970003e-01 1.525000e+00 0.000000e+00 5.000000e-01
1.311022e-03 2.248388e-04 2.970003e-01 1.575000e+00 0.000000e+00 5.000000e-01
6.923906e-04 1.631984e-04 2.970003e-01 1.625000e+00 0.000000e+00 5.000000e-01
3.771875e-04 1.192773e-04 2.970003e-01 1.675000e+00 0.000000e+00 5.000000e-01
6.781303e-04 1.598371e-04 2.970003e-01 1.725000e+00 0.000000e+00 5.000000e-01
9.667869e-04 1.896030e-04 2.970003e-01 1.775000e+00 0.000000e+00 5.000000e-01
7.369795e-04 1.647941e-04 2.970003e-01 1.825000e+00 0.000000e+00 5.000000e-01
1.171399e-03 2.070766e-04 2.970003e-01 1.875000e+00 0.000000e+00 5.000000e-01
1.311234e-03 2.185396e-04 2.970003e-01 1.925000e+00 0.000000e+00 5.000000e-01
1.164839e-03 2.059172e-04 2.970003e-01 1.975000e+00 0.000000e+00 5.000000e-01
1.737809e-03 2.508319e-04 2.970003e-01 2.025000e+00 0.000000e+00 5.000000e-01
2.132770e-03 2.753405e-04 2.970003e-01 2.075000e+00 0.000000e+00 5.000000e-01
1.060863e-03 1.936868e-04 2.970003e-01 2.125000e+00 0.000000e+00 5.000000e-01
6.950193e-04 1.554117e-04 2.970003e-01 2.175000e+00 0.000000e+00 5.000000e-01
3.442220e-04 1.088528e-04 2.970003e-01 2.225000e+00 0.000000e+00 5.000000e-01
4.112449e-04 1.187165e-04 2.970003e-01 2.275000e+00 0.000000e+00 5.000000e-01
6.138329e-04 1.446825e-04 2.970003e-01 2.325000e+00 0.000000e+00 5.000000e-01
2.024774e-04 8.266118e-05 2.970003e-01 2.375000e+00 0.000000e+00 5.000000e-01
6.642372e-04 1.485287e-04 2.970003e-01 2.425000e+00 0.000000e+00 5.000000e-01
5.233314e-04 1.308339e-04 2.970003e-01 2.475000e+00 0.000000e+00 5.000000e-01
3.887794e-04 1.122317e-04 2.970003e-01 2.525000e+00 0.000000e+00 5.000000e-01
1.932570e-04 7.889736e-05 2.970003e-01 2.575000e+00 0.000000e+00 5.000000e-01
2.550582e-04 9.017693e-05 2.970003e-01 2.625000e+00 0.000000e+00 5.000000e-01
1.259986e-04 6.299941e-05 2.970003e-01 2.675000e+00 0.000000e+00 5.000000e-01
1.853100e-04 7.565296e-05 2.970003e-01 2.725000e+00 0.000000e+00 5.000000e-01
3.653024e-04 1.054543e-04 2.970003e-01 2.775000e+00 0.000000e+00 5.000000e-01
3.031834e-04 9.587557e-05 2.970003e-01 2.825000e+00 0.000000e+00 5.000000e-01
4.189626e-04 1.119735e-04 2.970003e-01 2.875000e+00 0.000000e+00 5.000000e-01
1.765877e-04 7.209216e-05 2.970003e-01 2.925000e+00 0.000000e+00 5.000000e-01
2.307793e-04 8.159344e-05 2.970003e-01 2.975000e+00 0.000000e+00 5.000000e-01
1.140121e-04 5.700609e-05 2.970003e-01 3.025000e+00 0.000000e+00 5.000000e-01
3.381442e-04 9.761523e-05 2.970003e-01 3.075000e+00 0.000000e+00 5.000000e-01
4.950123e-04 1.166762e-04 2.970003e-01 3.125000e+00 0.000000e+00 5.000000e-01
2.174609e-04 7.688557e-05 2.970003e-01 3.175000e+00 0.000000e+00 5.000000e-01
2.130661e-04 7.533152e-05 2.970003e-01 3.225000e+00 0.000000e+00 5.000000e-01
2.596373e-04 8.210514e-05 2.970003e-01 3.275000e+00 0.000000e+00 5.000000e-01
2.555253e-04 8.080664e-05 2.970003e-01 3.325000e+00 0.000000e+00 5.000000e-01
3.463315e-04 9.256187e-05 2.970003e-01 3.375000e+00 0.000000e+00 5.000000e-01
4.292656e-04 1.011803e-04 2.970003e-01 3.425000e+00 0.000000e+00 5.000000e-01
1.374454e-04 5.611272e-05 2.970003e-01 3.475000e+00 0.000000e+00 5.000000e-01
3.529153e-04 8.823156e-05 2.970003e-01 3.525000e+00 0.000000e+00 5.000000e-01
1.711282e-04 6.050309e-05 2.970003e-01 3.575000e+00 0.000000e+00 5.000000e-01
4.160441e-04 9.303144e-05 2.970003e-01 3.625000e+00 0.000000e+00 5.000000e-01
2.843238e-04 7.598945e-05 2.970003e-01 3.675000e+00 0.000000e+00 5.000000e-01
5.860076e-04 1.069933e-04 2.970003e-01 3.725000e+00 0.000000e+00 5.000000e-01
3.027115e-04 7.568089e-05 2.970003e-01 3.775000e+00 0.000000e+00 5.000000e-01
6.189542e-04 1.061548e-04 2.970003e-01 3.825000e+00 0.000000e+00 5.000000e-01
4.971549e-04 9.395749e-05 2.970003e-01 3.875000e+00 0.000000e+00 5.000000e-01
5.527233e-04 9.771205e-05 2.970003e-01 3.925000e+00 0.000000e+00 5.000000e-01
5.941701e-04 9.903335e-05 2.970003e-01 3.975000e+00 0.000000e+00 5.000000e-01
3.344768e-01 3.446936e-03 3.170003e-01 2.500000e-02 0.000000e+00 5.000000e-01
2.189108e-01 2.782867e-03 3.170003e-01 7.500000e-02 0.000000e+00 5.000000e-01
8.204995e-02 1.713098e-03 3.170003e-01 1.250000e-01 0.000000e+00 5.000000e-01
4.550519e-02 1.287083e-03 3.170003e-01 1.750000e-01 0.000000e+00 5.000000e-01
2.042511e-02 8.631193e-04 3.170003e-01 2.250000e-01 0.000000e+00 5.000000e-01
1.125551e-02 6.542139e-04 3.170003e-01 2.750000e-01 0.000000e+00 5.000000e-01
7.853877e-03 5.419698e-04 3.170003e-01 3.250000e-01 0.000000e+00 5.000000e-01
6.422381e-03 4.954981e-04 3.170003e-01 3.750000e-01 0.000000e+00 5.000000e-01
8.689936e-03 5.780466e-04 3.170003e-01 4.250000e-01 0.000000e+00 5.000000e-01
5.806215e-03 4.709469e-04 3.170003e-01 4.750000e-01 0.000000e+00 5.000000e-01
8.092425e-03 5.638269e-04 3.170003e-01 5.250000e-01 0.000000e+00 5.000000e-01
6.004594e-03 4.870377e-04 3.170003e-01 5.750000e-01 0.000000e+00 5.000000e-01
6.769795e-03 5.192203e-04 3.170003e-01 6.250000e-01 0.000000e+00 5.000000e-01
4.858706e-03 4.435380e-04 3.170003e-01 6.750000e-01 0.000000e+00 5.000000e-01
6.552266e-03 5.147954e-04 3.170003e-01 7.250000e-01 0.000000e+00 5.000000e-01
4.102540e-03 4.102548e-04 3.170003e-01 7.750000e-01 0.000000e+00 5.000000e-01
4.822067e-03 4.439080e-04 3.170003e-01 8.250000e-01 0.000000e+00 5.000000e-01
5.714219e-03 4.829404e-04 3.170003e-01 8.750000e-01 0.000000e+00 5.000000e-01
3.996744e-03 4.079167e-04 3.170003e-01 9.250000e-01 0.000000e+00 5.000000e-01
2.506498e-03 3.235880e-04 3.170003e-01 9.750000e-01 0.000000e+00 5.000000e-01
4.033315e-03 4.116492e-04 3.170003e-01 1.025000e+00 0.000000e+00 5.000000e-01
3.812197e-03 3.974495e-04 3.170003e-01 1.075000e+00 0.000000e+00 5.000000e-01
2.233207e-03 3.039014e-04 3.170003e-01 1.125000e+00 0.000000e+00 5.000000e-01
1.869444e-03 2.756348e-04 3.170003e-01 1.175000e+00 0.000000e+00 5.000000e-01
2.609828e-03 3.262291e-04 3.170003e-01 1.225000e+00 0.000000e+00 5.000000e-01
1.452718e-03 2.421203e-04 3.170003e-01 1.275000e+00 0.000000e+00 5.000000e-01
1.438836e-03 2.398063e-04 3.170003e-01 1.325000e+00 0.000000e+00 5.000000e-01
1.576073e-03 2.491998e-04 3.170003e-01 1.375000e+00 0.000000e+00 5.000000e-01
1.572199e-03 2.485874e-04 3.170003e-01 1.425000e+00 0.000000e+00 5.000000e-01
1.263952e-03 2.234378e-04 3.170003e-01 1.475000e+00 0.000000e+00 5.000000e-01
7.864210e-04 1.758493e-04 3.170003e-01 1.525000e+00 0.000000e+00 5.000000e-01
7.042507e-04 1.659938e-04 3.170003e-01 1.575000e+00 0.000000e+00 5.000000e-01
6.973229e-04 1.643611e-04 3.170003e-01 1.625000e+00 0.000000e+00 5.000000e-01
6.141161e-04 1.535293e-04 3.170003e-01 1.675000e+00 0.000000e+00 5.000000e-01
6.113931e-04 1.528488e-04 3.170003e-01 1.725000e+00 0.000000e+00 5.000000e-01
6.768040e-04 1.595248e-04 3.170003e-01 1.775000e+00 0.000000e+00 5.000000e-01
7.430865e-04 1.661598e-04 3.170003e-01 1.825000e+00 0.000000e+00 5.000000e-01
1.183894e-03 2.092855e-04 3.170003e-01 1.875000e+00 0.000000e+00 5.000000e-01
4.435749e-04 1.280497e-04 3.170003e-01 1.925000e+00 0.000000e+00 5.000000e-01
1.398890e-03 2.269307e-04 3.170003e-01 1.975000e+00 0.000000e+00 5.000000e-01
2.201609e-03 2.842276e-04 3.170003e-01 2.025000e+00 0.000000e+00 5.000000e-01
2.090488e-03 2.744956e-04 3.170003e-01 2.075000e+00 0.000000e+00 5.000000e-01
1.427117e-03 2.256476e-04 3.170003e-01 2.125000e+00 0.000000e+00 5.000000e-01
4.904720e-04 1.310844e-04 3.170003e-01 2.175000e+00 0.000000e+00 5.000000e-01
3.477342e-04 1.099635e-04 3.170003e-01 2.225000e+00 0.000000e+00 5.000000e-01
2.080322e-04 8.492913e-05 3.170003e-01 2.275000e+00 0.000000e+00 5.000000e-01
3.457667e-04 1.093414e-04 3.170003e-01 2.325000e+00 0.000000e+00 5.000000e-01
2.052451e-04 8.379112e-05 3.170003e-01 2.375000e+00 0.000000e+00 5.000000e-01
4.724979e-04 1.262812e-04 3.170003e-01 2.425000e+00 0.000000e+00 5.000000e-01
2.657009e-04 9.393986e-05 3.170003e-01 2.475000e+00 0.000000e+00 5.000000e-01
3.284338e-04 1.038602e-04 3.170003e-01 2.525000e+00 0.000000e+00 5.000000e-01
2.617355e-04 9.253767e-05 3.170003e-01 2.575000e+00 0.000000e+00 5.000000e-01
5.213196e-04 1.303311e-04 3.170003e-01 2.625000e+00 0.000000e+00 5.000000e-01
3.186516e-04 1.007669e-04 3.170003e-01 2.675000e+00 0.000000e+00 5.000000e-01
6.278454e-05 4.439538e-05 3.170003e-01 2.725000e+00 0.000000e+00 5.000000e-01
1.860933e-04 7.597238e-05 3.170003e-01 2.775000e+00 0.000000e+00 5.000000e-01
3.087805e-04 9.764586e-05 3.170003e-01 2.825000e+00 0.000000e+00 5.000000e-01
2.422613e-04 8.565269e-05 3.170003e-01 2.875000e+00 0.000000e+00 5.000000e-01
4.171025e-04 1.114774e-04 3.170003e-01 2.925000e+00 0.000000e+00 5.000000e-01
5.843066e-05 4.131672e-05 3.170003e-01 2.975000e+00 0.000000e+00 5.000000e-01
6.378720e-04 1.359957e-04 3.170003e-01 3.025000e+00 0.000000e+00 5.000000e-01
2.845171e-04 8.997407e-05 3.170003e-01 3.075000e+00 0.000000e+00 5.000000e-01
3.357249e-04 9.691580e-05 3.170003e-01 3.125000e+00 0.000000e+00 5.000000e-01
4.966488e-04 1.170618e-04 3.170003e-01 3.175000e+00 0.000000e+00 5.000000e-01
1.087865e-04 5.439329e-05 3.170003e-01 3.225000e+00 0.000000e+00 5.000000e-01
4.780165e-04 1.126712e-04 3.170003e-01 3.275000e+00 0.000000e+00 5.000000e-01
2.605944e-04 8.240869e-05 3.170003e-01 3.325000e+00 0.000000e+00 5.000000e-01
4.595456e-04 1.083171e-04 3.170003e-01 3.375000e+00 0.000000e+00 5.000000e-01
2.982927e-04 8.611061e-05 3.170003e-01 3.425000e+00 0.000000e+00 5.000000e-01
1.949253e-04 6.891837e-05 3.170003e-01 3.475000e+00 0.000000e+00 5.000000e-01
4.775913e-04 1.067945e-04 3.170003e-01 3.525000e+00 0.000000e+00 5.000000e-01
3.225656e-04 8.620986e-05 3.170003e-01 3.575000e+00 0.000000e+00 5.000000e-01
3.565233e-04 8.913234e-05 3.170003e-01 3.625000e+00 0.000000e+00 5.000000e-01
3.058557e-04 8.174443e-05 3.170003e-01 3.675000e+00 0.000000e+00 5.000000e-01
5.532722e-04 1.085079e-04 3.170003e-01 3.725000e+00 0.000000e+00 5.000000e-01
2.947327e-04 7.877321e-05 3.170003e-01 3.775000e+00 0.000000e+00 5.000000e-01
3.622772e-04 8.539065e-05 3.170003e-01 3.825000e+00 0.000000e+00 5.000000e-01
3.874369e-04 8.663823e-05 3.170003e-01 3.875000e+00 0.000000e+00 5.000000e-01
5.580812e-04 1.018947e-04 3.170003e-01 3.925000e+00 0.000000e+00 5.000000e-01
6.828774e-04 1.107820e-04 3.170003e-01 3.975000e+00 0.000000e+00 5.000000e-01
3.230567e-01 3.542599e-03 3.370004e-01 2.500000e-02 0.000000e+00 5.000000e-01
1.950397e-01 2.785148e-03 3.370004e-01 7.500000e-02 0.000000e+00 5.000000e-01
7.617706e-02 1.740311e-03 3.370004e-01 1.250000e-01 0.000000e+00 5.000000e-01
4.455435e-02 1.338507e-03 3.370004e-01 1.750000e-01 0.000000e+00 5.000000e-01
2.059335e-02 9.191271e-04 3.370004e-01 2.250000e-01 0.000000e+00 5.000000e-01
1.046126e-02 6.589980e-04 3.370004e-01 2.750000e-01 0.000000e+00 5.000000e-01
5.935461e-03 4.980934e-04 3.370004e-01 3.250000e-01 0.000000e+00 5.000000e-01
7.522259e-03 5.702617e-04 3.370004e-01 3.750000e-01 0.000000e+00 5.000000e-01
7.785098e-03 5.770705e-04 3.370004e-01 4.250000e-01 0.000000e+00 5.000000e-01
7.283859e-03 5.619625e-04 3.370004e-01 4.750000e-01 0.000000e+00 5.000000e-01
7.323508e-03 5.616883e-04 3.370004e-01 5.250000e-01 0.000000e+00 5.000000e-01
5.936798e-03 5.090770e-04 3.370004e-01 5.750000e-01 0.000000e+00 5.000000e-01
7.648455e-03 5.798287e-04 3.370004e-01 6.250000e-01 0.000000e+00 5.000000e-01
5.026596e-03 4.667082e-04 3.370004e-01 6.750000e-01 0.000000e+00 5.000000e-01
5.475011e-03 4.877534e-04 3.370004e-01 7.250000e-01 0.000000e+00 5.000000e-01
4.423686e-03 4.337788e-04 3.370004e-01 7.750000e-01 0.000000e+00 5.000000e-01
4.568623e-03 4.396165e-04 3.370004e-01 8.250000e-01 0.000000e+00 5.000000e-01
4.239615e-03 4.239621e-04 3.370004e-01 8.750000e-01 0.000000e+00 5.000000e-01
4.751489e-03 4.489742e-04 3.370004e-01 9.250000e-01 0.000000e+00 5.000000e-01
4.331772e-03 4.289100e-04 3.370004e-01 9.750000e-01 0.000000e+00 5.000000e-01
3.479983e-03 3.843008e-04 3.370004e-01 1.025000e+00 0.000000e+00 5.000000e-01
3.538407e-03 3.860726e-04 3.370004e-01 1.075000e+00 0.000000e+00 5.000000e-01
2.735945e-03 3.367719e-04 3.370004e-01 1.125000e+00 0.000000e+00 5.000000e-01
2.488293e-03 3.212377e-04 3.370004e-01 1.175000e+00 0.000000e+00 5.000000e-01
3.034015e-03 3.526975e-04 3.370004e-01 1.225000e+00 0.000000e+00 5.000000e-01
1.637284e-03 2.588777e-04 3.370004e-01 1.275000e+00 0.000000e+00 5.000000e-01
1.536824e-03 2.493062e-04 3.370004e-01 1.325000e+00 0.000000e+00 5.000000e-01
1.925464e-03 2.779175e-04 3.370004e-01 1.375000e+00 0.000000e+00 5.000000e-01
1.510696e-03 2.450679e-04 3.370004e-01 1.425000e+00 0.000000e+00 5.000000e-01
1.113887e-03 2.105052e-04 3.370004e-01 1.475000e+00 0.000000e+00 5.000000e-01
1.506751e-03 2.444282e-04 3.370004e-01 1.525000e+00 0.000000e+00 5.000000e-01
8.721258e-04 1.859382e-04 3.370004e-01 1.575000e+00 0.000000e+00 5.000000e-01
7.867777e-04 1.759294e-04 3.370004e-01 1.625000e+00 0.000000e+00 5.000000e-01
8.540833e-04 1.820916e-04 3.370004e-01 1.675000e+00 0.000000e+00 5.000000e-01
4.624190e-04 1.334892e-04 3.370004e-01 1.725000e+00 0.000000e+00 5.000000e-01
6.093775e-04 1.523450e-04 3.370004e-01 1.775000e+00 0.000000e+00 5.000000e-01
8.284628e-04 1.766292e-04 3.370004e-01 1.825000e+00 0.000000e+00 5.000000e-01
1.271805e-03 2.181131e-04 3.370004e-01 1.875000e+00 0.000000e+00 5.000000e-01
8.985700e-04 1.834203e-04 3.370004e-01 1.925000e+00 0.000000e+00 5.000000e-01
8.966213e-04 1.830226e-04 3.370004e-01 1.975000e+00 0.000000e+00 5.000000e-01
1.483165e-03 2.345098e-04 3.370004e-01 2.025000e+00 0.000000e+00 5.000000e-01
1.746323e-03 2.520608e-04 3.370004e-01 2.075000e+00 0.000000e+00 5.000000e-01
7.948490e-04 1.694629e-04 3.370004e-01 2.125000e+00 0.000000e+00 5.000000e-01
4.261815e-04 1.230284e-04 3.370004e-01 2.175000e+00 0.000000e+00 5.000000e-01
4.935426e-04 1.319051e-04 3.370004e-01 2.225000e+00 0.000000e+00 5.000000e-01
3.527761e-04 1.115580e-04 3.370004e-01 2.275000e+00 0.000000e+00 5.000000e-01
2.806510e-04 9.922578e-05 3.370004e-01 2.325000e+00 0.000000e+00 5.000000e-01
4.153976e-04 1.199155e-04 3.370004e-01 2.375000e+00 0.000000e+00 5.000000e-01
8.191690e-04 1.672127e-04 3.370004e-01 2.425000e+00 0.000000e+00 5.000000e-01
4.706950e-04 1.257994e-04 3.370004e-01 2.475000e+00 0.000000e+00 5.000000e-01
5.310308e-04 1.327587e-04 3.370004e-01 2.525000e+00 0.000000e+00 5.000000e-01
1.984376e-04 8.101225e-05 3.370004e-01 2.575000e+00 0.000000e+00 5.000000e-01
4.590279e-04 1.226812e-04 3.370004e-01 2.625000e+00 0.000000e+00 5.000000e-01
2.578140e-04 9.115122e-05 3.370004e-01 2.675000e+00 0.000000e+00 5.000000e-01
6.357485e-05 4.495420e-05 3.370004e-01 2.725000e+00 0.000000e+00 5.000000e-01
3.133991e-04 9.910620e-05 3.370004e-01 2.775000e+00 0.000000e+00 5.000000e-01
5.606585e-04 1.321490e-04 3.370004e-01 2.825000e+00 0.000000e+00 5.000000e-01
3.075660e-04 9.726110e-05 3.370004e-01 2.875000e+00 0.000000e+00 5.000000e-01
4.250742e-04 1.136065e-04 3.370004e-01 2.925000e+00 0.000000e+00 5.000000e-01
3.565647e-04 1.029323e-04 3.370004e-01 2.975000e+00 0.000000e+00 5.000000e-01
1.170378e-04 5.851894e-05 3.370004e-01 3.025000e+00 0.000000e+00 5.000000e-01
1.150963e-04 5.754814e-05 3.370004e-01 3.075000e+00 0.000000e+00 5.000000e-01
4.537522e-04 1.134387e-04 3.370004e-01 3.125000e+00 0.000000e+00 5.000000e-01
3.356601e-04 9.689725e-05 3.370004e-01 3.175000e+00 0.000000e+00 5.000000e-01
2.742313e-04 8.671982e-05 3.370004e-01 3.225000e+00 0.000000e+00 5.000000e-01
4.305566e-04 1.076405e-04 3.370004e-01 3.275000e+00 0.000000e+00 5.000000e-01
2.125370e-04 7.514325e-05 3.370004e-01 3.325000e+00 0.000000e+00 5.000000e-01
2.610919e-04 8.256482e-05 3.370004e-01 3.375000e+00 0.000000e+00 5.000000e-01
3.554019e-04 9.498673e-05 3.370004e-01 3.425000e+00 0.000000e+00 5.000000e-01
1.984345e-04 7.015841e-05 3.370004e-01 3.475000e+00 0.000000e+00 5.000000e-01
1.936661e-04 6.847208e-05 3.370004e-01 3.525000e+00 0.000000e+00 5.000000e-01
2.367174e-04 7.485677e-05 3.370004e-01 3.575000e+00 0.000000e+00 5.000000e-01
1.867934e-04 6.604308e-05 3.370004e-01 3.625000e+00 0.000000e+00 5.000000e-01
3.230902e-04 8.635159e-05 3.370004e-01 3.675000e+00 0.000000e+00 5.000000e-01
3.209074e-04 8.576974e-05 3.370004e-01 3.725000e+00 0.000000e+00 5.000000e-01
3.207350e-04 8.572311e-05 3.370004e-01 3.775000e+00 0.000000e+00 5.000000e-01
5.442939e-04 1.111074e-04 3.370004e-01 3.825000e+00 0.000000e+00 5.000000e-01
4.006423e-04 9.443554e-05 3.370004e-01 3.875000e+00 0.000000e+00 5.000000e-01
5.149718e-04 1.051201e-04 3.370004e-01 3.925000e+00 0.000000e+00 5.000000e-01
5.525037e-04 1.044206e-04 3.370004e-01 3.975000e+00 0.000000e+00 5.000000e-01
3.049947e-01 3.662168e-03 3.570004e-01 2.500000e-02 0.000000e+00 5.000000e-01
1.972921e-01 2.967557e-03 3.570004e-01 7.500000e-02 0.000000e+00 5.000000e-01
6.501987e-02 1.701650e-03 3.570004e-01 1.250000e-01 0.000000e+00 5.000000e-01
3.699838e-02 1.285784e-03 3.570004e-01 1.750000e-01 0.000000e+00 5.000000e-01
2.161046e-02 9.905148e-04 3.570004e-01 2.250000e-01 0.000000e+00 5.000000e-01
1.316279e-02 7.783328e-04 3.570004e-01 2.750000e-01 0.000000e+00 5.000000e-01
7.351559e-03 5.775939e-04 3.570004e-01 3.250000e-01 0.000000e+00 5.000000e-01
7.701939e-03 5.907126e-04 3.570004e-01 3.750000e-01 0.000000e+00 5.000000e-01
6.914512e-03 5.571879e-04 3.570004e-01 4.250000e-01 0.000000e+00 5.000000e-01
5.970953e-03 5.197055e-04 3.570004e-01 4.750000e-01 0.000000e+00 5.000000e-01
7.482402e-03 5.738749e-04 3.570004e-01 5.250000e-01 0.000000e+00 5.000000e-01
6.860336e-03 5.564476e-04 3.570004e-01 5.750000e-01 0.000000e+00 5.000000e-01
6.419290e-03 5.312652e-04 3.570004e-01 6.250000e-01 0.000000e+00 5.000000e-01
5.231308e-03 4.815816e-04 3.570004e-01 6.750000e-01 0.000000e+00 5.000000e-01
5.602120e-03 4.951628e-04 3.570004e-01 7.250000e-01 0.000000e+00 5.000000e-01
3.972960e-03 4.142104e-04 3.570004e-01 7.750000e-01 0.000000e+00 5.000000e-01
4.762710e-03 4.541073e-04 3.570004e-01 8.250000e-01 0.000000e+00 5.000000e-01
4.257247e-03 4.257254e-04 3.570004e-01 8.750000e-01 0.000000e+00 5.000000e-01
3.846799e-03 4.054891e-04 3.570004e-01 9.250000e-01 0.000000e+00 5.000000e-01
3.606629e-03 3.935162e-04 3.570004e-01 9.750000e-01 0.000000e+00 5.000000e-01
4.869116e-03 4.560353e-04 3.570004e-01 1.025000e+00 0.000000e+00 5.000000e-01
3.416407e-03 3.819664e-04 3.570004e-01 1.075000e+00 0.000000e+00 5.000000e-01
2.627470e-03 3.336897e-04 3.570004e-01 1.125000e+00 0.000000e+00 5.000000e-01
2.926123e-03 3.497393e-04 3.570004e-01 1.175000e+00 0.000000e+00 5.000000e-01
2.670920e-03 3.338657e-04 3.570004e-01 1.225000e+00 0.000000e+00 5.000000e-01
1.481573e-03 2.469294e-04 3.570004e-01 1.275000e+00 0.000000e+00 5.000000e-01
1.547515e-03 2.510405e-04 3.570004e-01 1.325000e+00 0.000000e+00 5.000000e-01
2.428720e-03 3.135473e-04 3.570004e-01 1.375000e+00 0.000000e+00 5.000000e-01
1.213583e-03 2.215695e-04 3.570004e-01 1.425000e+00 0.000000e+00 5.000000e-01
9.658690e-04 1.971575e-04 3.570004e-01 1.475000e+00 0.000000e+00 5.000000e-01
7.245386e-04 1.707758e-04 3.570004e-01 1.525000e+00 0.000000e+00 5.000000e-01
8.785166e-04 1.873005e-04 3.570004e-01 1.575000e+00 0.000000e+00 5.000000e-01
5.586330e-04 1.493012e-04 3.570004e-01 1.625000e+00 0.000000e+00 5.000000e-01
7.884338e-04 1.762996e-04 3.570004e-01 1.675000e+00 0.000000e+00 5.000000e-01
3.114075e-04 1.100997e-04 3.570004e-01 1.725000e+00 0.000000e+00 5.000000e-01
5.377289e-04 1.437147e-04 3.570004e-01 1.775000e+00 0.000000e+00 5.000000e-01
9.919134e-04 1.945311e-04 3.570004e-01 1.825000e+00 0.000000e+00 5.000000e-01
9.918264e-04 1.945137e-04 3.570004e-01 1.875000e+00 0.000000e+00 5.000000e-01
1.513404e-03 2.392906e-04 3.570004e-01 1.925000e+00 0.000000e+00 5.000000e-01
8.295793e-04 1.768673e-04 3.570004e-01 1.975000e+00 0.000000e+00 5.000000e-01
1.421117e-03 2.305363e-04 3.570004e-01 2.025000e+00 0.000000e+00 5.000000e-01
1.847026e-03 2.612097e-04 3.570004e-01 2.075000e+00 0.000000e+00 5.000000e-01
1.687872e-03 2.488642e-04 3.570004e-01 2.125000e+00 0.000000e+00 5.000000e-01
5.766135e-04 1.441543e-04 3.570004e-01 2.175000e+00 0.000000e+00 5.000000e-01
1.432063e-04 7.160363e-05 3.570004e-01 2.225000e+00 0.000000e+00 5.000000e-01
4.964741e-04 1.326884e-04 3.570004e-01 2.275000e+00 0.000000e+00 5.000000e-01
1.408990e-04 7.044951e-05 3.570004e-01 2.325000e+00 0.000000e+00 5.000000e-01
4.920498e-04 1.315061e-04 3.570004e-01 2.375000e+00 0.000000e+00 5.000000e-01
6.230861e-04 1.468632e-04 3.570004e-01 2.425000e+00 0.000000e+00 5.000000e-01
4.092935e-04 1.181535e-04 3.570004e-01 2.475000e+00 0.000000e+00 5.000000e-01
2.694978e-04 9.528209e-05 3.570004e-01 2.525000e+00 0.000000e+00 5.000000e-01
2.017071e-04 8.234722e-05 3.570004e-01 2.575000e+00 0.000000e+00 5.000000e-01
6.660603e-04 1.489368e-04 3.570004e-01 2.625000e+00 0.000000e+00 5.000000e-01
3.269854e-04 1.034024e-04 3.570004e-01 2.675000e+00 0.000000e+00 5.000000e-01
3.880632e-04 1.120250e-04 3.570004e-01 2.725000e+00 0.000000e+00 5.000000e-01
1.908860e-04 7.792897e-05 3.570004e-01 2.775000e+00 0.000000e+00 5.000000e-01
3.163692e-04 1.000456e-04 3.570004e-01 2.825000e+00 0.000000e+00 5.000000e-01
6.221474e-05 4.399246e-05 3.570004e-01 2.875000e+00 0.000000e+00 5.000000e-01
2.451969e-04 8.669128e-05 3.570004e-01 2.925000e+00 0.000000e+00 5.000000e-01
1.815947e-04 7.413679e-05 3.570004e-01 2.975000e+00 0.000000e+00 5.000000e-01
1.794485e-04 7.326030e-05 3.570004e-01 3.025000e+00 0.000000e+00 5.000000e-01
1.171100e-04 5.855557e-05 3.570004e-01 3.075000e+00 0.000000e+00 5.000000e-01
3.464230e-04 1.000044e-04 3.570004e-01 3.125000e+00 0.000000e+00 5.000000e-01
3.993929e-04 1.067428e-04 3.570004e-01 3.175000e+00 0.000000e+00 5.000000e-01
1.673794e-04 6.833265e-05 3.570004e-01 3.225000e+00 0.000000e+00 5.000000e-01
2.728496e-04 8.628335e-05 3.570004e-01 3.275000e+00 0.000000e+00 5.000000e-01
1.614010e-04 6.589225e-05 3.570004e-01 3.325000e+00 0.000000e+00 5.000000e-01
2.102056e-04 7.431905e-05 3.570004e-01 3.375000e+00 0.000000e+00 5.000000e-01
3.610992e-04 9.650840e-05 3.570004e-01 3.425000e+00 0.000000e+00 5.000000e-01
1.518936e-04 6.201127e-05 3.570004e-01 3.475000e+00 0.000000e+00 5.000000e-01
4.506256e-04 1.062149e-04 3.570004e-01 3.525000e+00 0.000000e+00 5.000000e-01
2.461812e-04 7.784938e-05 3.570004e-01 3.575000e+00 0.000000e+00 5.000000e-01
4.915536e-05 3.475809e-05 3.570004e-01 3.625000e+00 0.000000e+00 5.000000e-01
2.897174e-04 8.363583e-05 3.570004e-01 3.675000e+00 0.000000e+00 5.000000e-01
4.779780e-04 1.068817e-04 3.570004e-01 3.725000e+00 0.000000e+00 5.000000e-01
2.364496e-04 7.477236e-05 3.570004e-01 3.775000e+00 0.000000e+00 5.000000e-01
5.667865e-04 1.156978e-04 3.570004e-01 3.825000e+00 0.000000e+00 5.000000e-01
6.654464e-04 1.257616e-04 3.570004e-01 3.875000e+00 0.000000e+00 5.000000e-01
2.844845e-04 8.212789e-05 3.570004e-01 3.925000e+00 0.000000e+00 5.000000e-01
7.196891e-04 1.272318e-04 3.570004e-01 3.975000e+00 0.000000e+00 5.000000e-01
3.332430e-01 3.967183e-03 3.770004e-01 2.500000e-02 0.000000e+00 5.000000e-01
2.013424e-01 3.027110e-03 3.770004e-01 7.500000e-02 0.000000e+00 5.000000e-01
6.350300e-02 1.732188e-03 3.770004e-01 1.250000e-01 0.000000e+00 5.000000e-01
3.245487e-02 1.221457e-03 3.770004e-01 1.750000e-01 0.000000e+00 5.000000e-01
2.055291e-02 9.753991e-04 3.770004e-01 2.250000e-01 0.000000e+00 5.000000e-01
1.219049e-02 7.502738e-04 3.770004e-01 2.750000e-01 0.000000e+00 5.000000e-01
9.062475e-03 6.473204e-04 3.770004e-01 3.250000e-01 0.000000e+00 5.000000e-01
7.699553e-03 5.976020e-04 3.770004e-01 3.750000e-01 0.000000e+00 5.000000e-01
7.215477e-03 5.740333e-04 3.770004e-01 4.250000e-01 0.000000e+00 5.000000e-01
6.371504e-03 5.384910e-04 3.770004e-01 4.750000e-01 0.000000e+00 5.000000e-01
8.394571e-03 6.155207e-04 3.770004e-01 5.250000e-01 0.000000e+00 5.000000e-01
6.748724e-03 5.510317e-04 3.770004e-01 5.750000e-01 0.000000e+00 5.000000e-01
5.753256e-03 5.045948e-04 3.770004e-01 6.250000e-01 0.000000e+00 5.000000e-01
6.800655e-03 5.516068e-04 3.770004e-01 6.750000e-01 0.000000e+00 5.000000e-01
6.719953e-03 5.415102e-04 3.770004e-01 7.250000e-01 0.000000e+00 5.000000e-01
7.350611e-03 5.705190e-04 3.770004e-01 7.750000e-01 0.000000e+00 5.000000e-01
4.078674e-03 4.206839e-04 3.770004e-01 8.250000e-01 0.000000e+00 5.000000e-01
4.975783e-03 4.660255e-04 3.770004e-01 8.750000e-01 0.000000e+00 5.000000e-01
3.653509e-03 3.986313e-04 3.770004e-01 9.250000e-01 0.000000e+00 5.000000e-01
3.031453e-03 3.623285e-04 3.770004e-01 9.750000e-01 0.000000e+00 5.000000e-01
3.129884e-03 3.688610e-04 3.770004e-01 1.025000e+00 0.000000e+00 5.000000e-01
3.360820e-03 3.805387e-04 3.770004e-01 1.075000e+00 0.000000e+00 5.000000e-01
2.982799e-03 3.565133e-04 3.770004e-01 1.125000e+00 0.000000e+00 5.000000e-01
2.477215e-03 3.252747e-04 3.770004e-01 1.175000e+00 0.000000e+00 5.000000e-01
1.928626e-03 2.843609e-04 3.770004e-01 1.225000e+00 0.000000e+00 5.000000e-01
1.579017e-03 2.561510e-04 3.770004e-01 1.275000e+00 0.000000e+00 5.000000e-01
2.070966e-03 2.928794e-04 3.770004e-01 1.325000e+00 0.000000e+00 5.000000e-01
1.968554e-03 2.841373e-04 3.770004e-01 1.375000e+00 0.000000e+00 5.000000e-01
9.013724e-04 1.921735e-04 3.770004e-01 1.425000e+00 0.000000e+00 5.000000e-01
1.711044e-03 2.640204e-04 3.770004e-01 1.475000e+00 0.000000e+00 5.000000e-01
1.306252e-03 2.309155e-04 3.770004e-01 1.525000e+00 0.000000e+00 5.000000e-01
6.479491e-04 1.619878e-04 3.770004e-01 1.575000e+00 0.000000e+00 5.000000e-01
4.843378e-04 1.398165e-04 3.770004e-01 1.625000e+00 0.000000e+00 5.000000e-01
1.356771e-03 2.326848e-04 3.770004e-01 1.675000e+00 0.000000e+00 5.000000e-01
4.719958e-04 1.362537e-04 3.770004e-01 1.725000e+00 0.000000e+00 5.000000e-01
1.087990e-03 2.056115e-04 3.770004e-01 1.775000e+00 0.000000e+00 5.000000e-01
1.009869e-03 1.980521e-04 3.770004e-01 1.825000e+00 0.000000e+00 5.000000e-01
1.377836e-03 2.296401e-04 3.770004e-01 1.875000e+00 0.000000e+00 5.000000e-01
1.070630e-03 2.023306e-04 3.770004e-01 1.925000e+00 0.000000e+00 5.000000e-01
1.605213e-03 2.476904e-04 3.770004e-01 1.975000e+00 0.000000e+00 5.000000e-01
2.208472e-03 2.899873e-04 3.770004e-01 2.025000e+00 0.000000e+00 5.000000e-01
1.277556e-03 2.190999e-04 3.770004e-01 2.075000e+00 0.000000e+00 5.000000e-01
1.031145e-03 1.948688e-04 3.770004e-01 2.125000e+00 0.000000e+00 5.000000e-01
5.122203e-04 1.368972e-04 3.770004e-01 2.175000e+00 0.000000e+00 5.000000e-01
2.173120e-04 8.871739e-05 3.770004e-01 2.225000e+00 0.000000e+00 5.000000e-01
3.615181e-04 1.143226e-04 3.770004e-01 2.275000e+00 0.000000e+00 5.000000e-01
4.314266e-04 1.245426e-04 3.770004e-01 2.325000e+00 0.000000e+00 5.000000e-01
4.254805e-04 1.228264e-04 3.770004e-01 2.375000e+00 0.000000e+00 5.000000e-01
4.899404e-04 1.309429e-04 3.770004e-01 2.425000e+00 0.000000e+00 5.000000e-01
4.138353e-04 1.194651e-04 3.770004e-01 2.475000e+00 0.000000e+00 5.000000e-01
2.741088e-04 9.691218e-05 3.770004e-01 2.525000e+00 0.000000e+00 5.000000e-01
3.403088e-04 1.076158e-04 3.770004e-01 2.575000e+00 0.000000e+00 5.000000e-01
3.382689e-04 1.069701e-04 3.770004e-01 2.625000e+00 0.000000e+00 5.000000e-01
4.639451e-04 1.239951e-04 3.770004e-01 2.675000e+00 0.000000e+00 5.000000e-01
1.310063e-04 6.550316e-05 3.770004e-01 2.725000e+00 0.000000e+00 5.000000e-01
4.487283e-04 1.199279e-04 3.770004e-01 2.775000e+00 0.000000e+00 5.000000e-01
7.067038e-04 1.506710e-04 3.770004e-01 2.825000e+00 0.000000e+00 5.000000e-01
4.397519e-04 1.175288e-04 3.770004e-01 2.875000e+00 0.000000e+00 5.000000e-01
4.991368e-04 1.247855e-04 3.770004e-01 2.925000e+00 0.000000e+00 5.000000e-01
1.227289e-04 6.136500e-05 3.770004e-01 2.975000e+00 0.000000e+00 5.000000e-01
6.072919e-04 1.357957e-04 3.770004e-01 3.025000e+00 0.000000e+00 5.000000e-01
2.380321e-04 8.415817e-05 3.770004e-01 3.075000e+00 0.000000e+00 5.000000e-01
3.517385e-04 1.015390e-04 3.770004e-01 3.125000e+00 0.000000e+00 5.000000e-01
4.045229e-04 1.081147e-04 3.770004e-01 3.175000e+00 0.000000e+00 5.000000e-01
3.964118e-04 1.059464e-04 3.770004e-01 3.225000e+00 0.000000e+00 5.000000e-01
2.225586e-04 7.868779e-05 3.770004e-01 3.275000e+00 0.000000e+00 5.000000e-01
4.930340e-04 1.162112e-04 3.770004e-01 3.325000e+00 0.000000e+00 5.000000e-01
2.689146e-04 8.503906e-05 3.770004e-01 3.375000e+00 0.000000e+00 5.000000e-01
2.640872e-04 8.351242e-05 3.770004e-01 3.425000e+00 0.000000e+00 5.000000e-01
3.133214e-04 9.045000e-05 3.770004e-01 3.475000e+00 0.000000e+00 5.000000e-01
4.672214e-04 1.101276e-04 3.770004e-01 3.525000e+00 0.000000e+00 5.000000e-01
2.050342e-04 7.249109e-05 3.770004e-01 3.575000e+00 0.000000e+00 5.000000e-01
2.561491e-04 8.100257e-05 3.770004e-01 3.625000e+00 0.000000e+00 5.000000e-01
3.046576e-04 8.794916e-05 3.770004e-01 3.675000e+00 0.000000e+00 5.000000e-01
4.023438e-04 1.005894e-04 3.770004e-01 3.725000e+00 0.000000e+00 5.000000e-01
4.003594e-04 1.000919e-04 3.770004e-01 3.775000e+00 0.000000e+00 5.000000e-01
4.377519e-04 1.031837e-04 3.770004e-01 3.825000e+00 0.000000e+00 5.000000e-01
2.353305e-04 7.442249e-05 3.770004e-01 3.875000e+00 0.000000e+00 5.000000e-01
5.967514e-04 1.170380e-04 3.770004e-01 3.925000e+00 0.000000e+00 5.000000e-01
6.630666e-04 1.210663e-04 3.770004e-01 3.975000e+00 0.000000e+00 5.000000e-01
3.472167e-01 4.008249e-03 3.970004e-01 2.500000e-02 0.000000e+00 5.000000e-01
1.968508e-01 3.013888e-03 3.970004e-01 7.500000e-02 0.000000e+00 5.000000e-01
6.844200e-02 1.792439e-03 3.970004e-01 1.250000e-01 0.000000e+00 5.000000e-01
3.223824e-02 1.215026e-03 3.970004e-01 1.750000e-01 0.000000e+00 5.000000e-01
1.974305e-02 9.703189e-04 3.970004e-01 2.250000e-01 0.000000e+00 5.000000e-01
1.114728e-02 7.195545e-04 3.970004e-01 2.750000e-01 0.000000e+00 5.000000e-01
7.340998e-03 5.877510e-04 3.970004e-01 3.250000e-01 0.000000e+00 5.000000e-01
7.049975e-03 5.718292e-04 3.970004e-01 3.750000e-01 0.000000e+00 5.000000e-01
7.255588e-03 5.809127e-04 3.970004e-01 4.250000e-01 0.000000e+00 5.000000e-01
6.871658e-03 5.648476e-04 3.970004e-01 4.750000e-01 0.000000e+00 5.000000e-01
5.837450e-03 5.159635e-04 3.970004e-01 5.250000e-01 0.000000e+00 5.000000e-01
7.623162e-03 5.916729e-04 3.970004e-01 5.750000e-01 0.000000e+00 5.000000e-01
5.963398e-03 5.190479e-04 3.970004e-01 6.250000e-01 0.000000e+00 5.000000e-01
5.576531e-03 5.007881e-04 3.970004e-01 6.750000e-01 0.000000e+00 5.000000e-01
7.037898e-03 5.599060e-04 3.970004e-01 7.250000e-01 0.000000e+00 5.000000e-01
5.545864e-03 4.980342e-04 3.970004e-01 7.750000e-01 0.000000e+00 5.000000e-01
5.966025e-03 5.115832e-04 3.970004e-01 8.250000e-01 0.000000e+00 5.000000e-01
5.675772e-03 5.016729e-04 3.970004e-01 8.750000e-01 0.000000e+00 5.000000e-01
4.624614e-03 4.491830e-04 3.970004e-01 9.250000e-01 0.000000e+00 5.000000e-01
4.519152e-03 4.474636e-04 3.970004e-01 9.750000e-01 0.000000e+00 5.000000e-01
4.003230e-03 4.173663e-04 3.970004e-01 1.025000e+00 0.000000e+00 5.000000e-01
2.697603e-03 3.425964e-04 3.970004e-01 1.075000e+00 0.000000e+00 5.000000e-01
3.233553e-03 3.758936e-04 3.970004e-01 1.125000e+00 0.000000e+00 5.000000e-01
2.397571e-03 3.203898e-04 3.970004e-01 1.175000e+00 0.000000e+00 5.000000e-01
1.966374e-03 2.899265e-04 3.970004e-01 1.225000e+00 0.000000e+00 5.000000e-01
2.017522e-03 2.912048e-04 3.970004e-01 1.275000e+00 0.000000e+00 5.000000e-01
1.504873e-03 2.508127e-04 3.970004e-01 1.325000e+00 0.000000e+00 5.000000e-01
1.666489e-03 2.634958e-04 3.970004e-01 1.375000e+00 0.000000e+00 5.000000e-01
1.487557e-03 2.479266e-04 3.970004e-01 1.425000e+00 0.000000e+00 5.000000e-01
1.731000e-03 2.670997e-04 3.970004e-01 1.475000e+00 0.000000e+00 5.000000e-01
8.263476e-04 1.847771e-04 3.970004e-01 1.525000e+00 0.000000e+00 5.000000e-01
6.541009e-04 1.635256e-04 3.970004e-01 1.575000e+00 0.000000e+00 5.000000e-01
9.775935e-04 1.995508e-04 3.970004e-01 1.625000e+00 0.000000e+00 5.000000e-01
8.948556e-04 1.907842e-04 3.970004e-01 1.675000e+00 0.000000e+00 5.000000e-01
6.374808e-04 1.593706e-04 3.970004e-01 1.725000e+00 0.000000e+00 5.000000e-01
1.180384e-03 2.155083e-04 3.970004e-01 1.775000e+00 0.000000e+00 5.000000e-01
5.484278e-04 1.465739e-04 3.970004e-01 1.825000e+00 0.000000e+00 5.000000e-01
1.090002e-03 2.059918e-04 3.970004e-01 1.875000e+00 0.000000e+00 5.000000e-01
1.397848e-03 2.329755e-04 3.970004e-01 1.925000e+00 0.000000e+00 5.000000e-01
1.387630e-03 2.312726e-04 3.970004e-01 1.975000e+00 0.000000e+00 5.000000e-01
1.541860e-03 2.437902e-04 3.970004e-01 2.025000e+00 0.000000e+00 5.000000e-01
1.822524e-03 2.630596e-04 3.970004e-01 2.075000e+00 0.000000e+00 5.000000e-01
8.255197e-04 1.760021e-04 3.970004e-01 2.125000e+00 0.000000e+00 5.000000e-01
7.395143e-04 1.653610e-04 3.970004e-01 2.175000e+00 0.000000e+00 5.000000e-01
9.521131e-04 1.867253e-04 3.970004e-01 2.225000e+00 0.000000e+00 5.000000e-01
2.924365e-04 1.033924e-04 3.970004e-01 2.275000e+00 0.000000e+00 5.000000e-01
1.459642e-04 7.298239e-05 3.970004e-01 2.325000e+00 0.000000e+00 5.000000e-01
2.879768e-04 1.018156e-04 3.970004e-01 2.375000e+00 0.000000e+00 5.000000e-01
2.128908e-04 8.691233e-05 3.970004e-01 2.425000e+00 0.000000e+00 5.000000e-01
2.098416e-04 8.566792e-05 3.970004e-01 2.475000e+00 0.000000e+00 5.000000e-01
2.768269e-04 9.787370e-05 3.970004e-01 2.525000e+00 0.000000e+00 5.000000e-01
2.069351e-04 8.448108e-05 3.970004e-01 2.575000e+00 0.000000e+00 5.000000e-01
1.366614e-04 6.833069e-05 3.970004e-01 2.625000e+00 0.000000e+00 5.000000e-01
6.746060e-05 4.770185e-05 3.970004e-01 2.675000e+00 0.000000e+00 5.000000e-01
6.642003e-04 1.485205e-04 3.970004e-01 2.725000e+00 0.000000e+00 5.000000e-01
3.941073e-04 1.137707e-04 3.970004e-01 2.775000e+00 0.000000e+00 5.000000e-01
1.950273e-04 7.961961e-05 3.970004e-01 2.825000e+00 0.000000e+00 5.000000e-01
2.558940e-04 9.047226e-05 3.970004e-01 2.875000e+00 0.000000e+00 5.000000e-01
2.533367e-04 8.956830e-05 3.970004e-01 2.925000e+00 0.000000e+00 5.000000e-01
1.242884e-04 6.214421e-05 3.970004e-01 2.975000e+00 0.000000e+00 5.000000e-01
3.690453e-04 1.065353e-04 3.970004e-01 3.025000e+00 0.000000e+00 5.000000e-01
1.217398e-04 6.086991e-05 3.970004e-01 3.075000e+00 0.000000e+00 5.000000e-01
5.358998e-04 1.263147e-04 3.970004e-01 3.125000e+00 0.000000e+00 5.000000e-01
3.506317e-04 1.012197e-04 3.970004e-01 3.175000e+00 0.000000e+00 5.000000e-01
2.310011e-04 8.167169e-05 3.970004e-01 3.225000e+00 0.000000e+00 5.000000e-01
5.102970e-04 1.202802e-04 3.970004e-01 3.275000e+00 0.000000e+00 5.000000e-01
2.220514e-04 7.850834e-05 3.970004e-01 3.325000e+00 0.000000e+00 5.000000e-01
2.763081e-04 8.737711e-05 3.970004e-01 3.375000e+00 0.000000e+00 5.000000e-01
4.382107e-04 1.095536e-04 3.970004e-01 3.425000e+00 0.000000e+00 5.000000e-01
3.270643e-04 9.441697e-05 3.970004e-01 3.475000e+00 0.000000e+00 5.000000e-01
4.352586e-04 1.088164e-04 3.970004e-01 3.525000e+00 0.000000e+00 5.000000e-01
2.692861e-04 8.515795e-05 3.970004e-01 3.575000e+00 0.000000e+00 5.000000e-01
2.711123e-04 8.573458e-05 3.970004e-01 3.625000e+00 0.000000e+00 5.000000e-01
2.673444e-04 8.454318e-05 3.970004e-01 3.675000e+00 0.000000e+00 5.000000e-01
6.314277e-04 1.288948e-04 3.970004e-01 3.725000e+00 0.000000e+00 5.000000e-01
2.554053e-04 8.076977e-05 3.970004e-01 3.775000e+00 0.000000e+00 5.000000e-01
2.479653e-04 7.841792e-05 3.970004e-01 3.825000e+00 0.000000e+00 5.000000e-01
3.788659e-04 9.472083e-05 3.970004e-01 3.875000e+00 0.000000e+00 5.000000e-01
5.802710e-04 1.138035e-04 3.970004e-01 3.925000e+00 0.000000e+00 5.000000e-01
3.791122e-04 8.936369e-05 3.970004e-01 3.975000e+00 0.000000e+00 5.000000e-01
3.381277e-01 3.952620e-03 4.170004e-01 2.500000e-02 0.000000e+00 5.000000e-01
2.067109e-01 3.142828e-03 4.170004e-01 7.500000e-02 0.000000e+00 5.000000e-01
6.559782e-02 1.746949e-03 4.170004e-01 1.250000e-01 0.000000e+00 5.000000e-01
3.234820e-02 1.235061e-03 4.170004e-01 1.750000e-01 0.000000e+00 5.000000e-01
2.438495e-02 1.073489e-03 4.170004e-01 2.250000e-01 0.000000e+00 5.000000e-01
1.319419e-02 7.829323e-04 4.170004e-01 2.750000e-01 0.000000e+00 5.000000e-01
7.995865e-03 6.206002e-04 4.170004e-01 3.250000e-01 0.000000e+00 5.000000e-01
7.270076e-03 5.820726e-04 4.170004e-01 3.750000e-01 0.000000e+00 5.000000e-01
9.440889e-03 6.709358e-04 4.170004e-01 4.250000e-01 0.000000e+00 5.000000e-01
6.570745e-03 5.514055e-04 4.170004e-01 4.750000e-01 0.000000e+00 5.000000e-01
7.096445e-03 5.755986e-04 4.170004e-01 5.250000e-01 0.000000e+00 5.000000e-01
6.402141e-03 5.449873e-04 4.170004e-01 5.750000e-01 0.000000e+00 5.000000e-01
5.109821e-03 4.828335e-04 4.170004e-01 6.250000e-01 0.000000e+00 5.000000e-01
6.246442e-03 5.317332e-04 4.170004e-01 6.750000e-01 0.000000e+00 5.000000e-01
4.618713e-03 4.573213e-04 4.170004e-01 7.250000e-01 0.000000e+00 5.000000e-01
5.647366e-03 5.031081e-04 4.170004e-01 7.750000e-01 0.000000e+00 5.000000e-01
4.390347e-03 4.434927e-04 4.170004e-01 8.250000e-01 0.000000e+00 5.000000e-01
4.001769e-03 4.218242e-04 4.170004e-01 8.750000e-01 0.000000e+00 5.000000e-01
4.093702e-03 4.267988e-04 4.170004e-01 9.250000e-01 0.000000e+00 5.000000e-01
3.562007e-03 3.982454e-04 4.170004e-01 9.750000e-01 0.000000e+00 5.000000e-01
3.433637e-03 3.887837e-04 4.170004e-01 1.025000e+00 0.000000e+00 5.000000e-01
3.302691e-03 3.839307e-04 4.170004e-01 1.075000e+00 0.000000e+00 5.000000e-01
3.577159e-03 3.950318e-04 4.170004e-01 1.125000e+00 0.000000e+00 5.000000e-01
2.106833e-03 3.040960e-04 4.170004e-01 1.175000e+00 0.000000e+00 5.000000e-01
2.502457e-03 3.285893e-04 4.170004e-01 1.225000e+00 0.000000e+00 5.000000e-01
2.466679e-03 3.238915e-04 4.170004e-01 1.275000e+00 0.000000e+00 5.000000e-01
2.458675e-03 3.228403e-04 4.170004e-01 1.325000e+00 0.000000e+00 5.000000e-01
1.509184e-03 2.515312e-04 4.170004e-01 1.375000e+00 0.000000e+00 5.000000e-01
2.193711e-03 3.042136e-04 4.170004e-01 1.425000e+00 0.000000e+00 5.000000e-01
1.334011e-03 2.358228e-04 4.170004e-01 1.475000e+00 0.000000e+00 5.000000e-01
8.296275e-04 1.855109e-04 4.170004e-01 1.525000e+00 0.000000e+00 5.000000e-01
9.178190e-04 1.956799e-04 4.170004e-01 1.575000e+00 0.000000e+00 5.000000e-01
9.913832e-04 2.023660e-04 4.170004e-01 1.625000e+00 0.000000e+00 5.000000e-01
8.967648e-04 1.911916e-04 4.170004e-01 1.675000e+00 0.000000e+00 5.000000e-01
8.079898e-04 1.806722e-04 4.170004e-01 1.725000e+00 0.000000e+00 5.000000e-01
7.208181e-04 1.698991e-04 4.170004e-01 1.775000e+00 0.000000e+00 5.000000e-01
7.881044e-04 1.762258e-04 4.170004e-01 1.825000e+00 0.000000e+00 5.000000e-01
1.026704e-03 2.013536e-04 4.170004e-01 1.875000e+00 0.000000e+00 5.000000e-01
1.725491e-03 2.601282e-04 4.170004e-01 1.925000e+00 0.000000e+00 5.000000e-01
1.259668e-03 2.226806e-04 4.170004e-01 1.975000e+00 0.000000e+00 5.000000e-01
1.470597e-03 2.385628e-04 4.170004e-01 2.025000e+00 0.000000e+00 5.000000e-01
1.464359e-03 2.375513e-04 4.170004e-01 2.075000e+00 0.000000e+00 5.000000e-01
1.593825e-03 2.459335e-04 4.170004e-01 2.125000e+00 0.000000e+00 5.000000e-01
3.755077e-04 1.187464e-04 4.170004e-01 2.175000e+00 0.000000e+00 5.000000e-01
2.228861e-04 9.099325e-05 4.170004e-01 2.225000e+00 0.000000e+00 5.000000e-01
4.452931e-04 1.285453e-04 4.170004e-01 2.275000e+00 0.000000e+00 5.000000e-01
2.947317e-04 1.042037e-04 4.170004e-01 2.325000e+00 0.000000e+00 5.000000e-01
2.926629e-04 1.034720e-04 4.170004e-01 2.375000e+00 0.000000e+00 5.000000e-01
2.882585e-04 1.019149e-04 4.170004e-01 2.425000e+00 0.000000e+00 5.000000e-01
2.842280e-04 1.004904e-04 4.170004e-01 2.475000e+00 0.000000e+00 5.000000e-01
4.207694e-04 1.214662e-04 4.170004e-01 2.525000e+00 0.000000e+00 5.000000e-01
2.784064e-04 9.843161e-05 4.170004e-01 2.575000e+00 0.000000e+00 5.000000e-01
3.464630e-04 1.095621e-04 4.170004e-01 2.625000e+00 0.000000e+00 5.000000e-01
4.762087e-04 1.272727e-04 4.170004e-01 2.675000e+00 0.000000e+00 5.000000e-01
4.036769e-04 1.165323e-04 4.170004e-01 2.725000e+00 0.000000e+00 5.000000e-01
2.663184e-04 9.415812e-05 4.170004e-01 2.775000e+00 0.000000e+00 5.000000e-01
4.590116e-04 1.226769e-04 4.170004e-01 2.825000e+00 0.000000e+00 5.000000e-01
2.592387e-04 9.165602e-05 4.170004e-01 2.875000e+00 0.000000e+00 5.000000e-01
2.563085e-04 9.061996e-05 4.170004e-01 2.925000e+00 0.000000e+00 5.000000e-01
3.772001e-04 1.088891e-04 4.170004e-01 2.975000e+00 0.000000e+00 5.000000e-01
3.109549e-04 9.833357e-05 4.170004e-01 3.025000e+00 0.000000e+00 5.000000e-01
4.284349e-04 1.145049e-04 4.170004e-01 3.075000e+00 0.000000e+00 5.000000e-01
2.405328e-04 8.504249e-05 4.170004e-01 3.125000e+00 0.000000e+00 5.000000e-01
2.357491e-04 8.334999e-05 4.170004e-01 3.175000e+00 0.000000e+00 5.000000e-01
1.167614e-04 5.838073e-05 4.170004e-01 3.225000e+00 0.000000e+00 5.000000e-01
2.319606e-04 8.201079e-05 4.170004e-01 3.275000e+00 0.000000e+00 5.000000e-01
2.889730e-04 9.138230e-05 4.170004e-01 3.325000e+00 0.000000e+00 5.000000e-01
1.730305e-04 7.063972e-05 4.170004e-01 3.375000e+00 0.000000e+00 5.000000e-01
2.307603e-04 8.158703e-05 4.170004e-01 3.425000e+00 0.000000e+00 5.000000e-01
4.001260e-04 1.069401e-04 4.170004e-01 3.475000e+00 0.000000e+00 5.000000e-01
1.727325e-04 7.051936e-05 4.170004e-01 3.525000e+00 0.000000e+00 5.000000e-01
3.435113e-04 9.916544e-05 4.170004e-01 3.575000e+00 0.000000e+00 5.000000e-01
3.388127e-04 9.781060e-05 4.170004e-01 3.625000e+00 0.000000e+00 5.000000e-01
3.875514e-04 1.035794e-04 4.170004e-01 3.675000e+00 0.000000e+00 5.000000e-01
2.691676e-04 8.512061e-05 4.170004e-01 3.725000e+00 0.000000e+00 5.000000e-01
6.798735e-04 1.333384e-04 4.170004e-01 3.775000e+00 0.000000e+00 5.000000e-01
1.983328e-04 7.012545e-05 4.170004e-01 3.825000e+00 0.000000e+00 5.000000e-01
4.241599e-04 9.997816e-05 4.170004e-01 3.875000e+00 0.000000e+00 5.000000e-01
6.583816e-04 1.202078e-04 4.170004e-01 3.925000e+00 0.000000e+00 5.000000e-01
5.337794e-04 1.046879e-04 4.170004e-01 3.975000e+00 0.000000e+00 5.000000e-01
3.529711e-01 4.119947e-03 4.370004e-01 2.500000e-02 0.000000e+00 5.000000e-01
2.057833e-01 3.109378e-03 4.370004e-01 7.500000e-02 0.000000e+00 5.000000e-01
6.390244e-02 1.728990e-03 4.370004e-01 1.250000e-01 0.000000e+00 5.000000e-01
3.109875e-02 1.221676e-03 4.370004e-01 1.750000e-01 0.000000e+00 5.000000e-01
2.132473e-02 9.986232e-04 4.370004e-01 2.250000e-01 0.000000e+00 5.000000e-01
1.272976e-02 7.805126e-04 4.370004e-01 2.750000e-01 0.000000e+00 5.000000e-01
7.839958e-03 6.084996e-04 4.370004e-01 3.250000e-01 0.000000e+00 5.000000e-01
7.408429e-03 5.893839e-04 4.370004e-01 3.750000e-01 0.000000e+00 5.000000e-01
7.826451e-03 6.149049e-04 4.370004e-01 4.250000e-01 0.000000e+00 5.000000e-01
6.727072e-03 5.605901e-04 4.370004e-01 4.750000e-01 0.000000e+00 5.000000e-01
6.439414e-03 5.562813e-04 4.370004e-01 5.250000e-01 0.000000e+00 5.000000e-01
6.768427e-03 5.601598e-04 4.370004e-01 5.750000e-01 0.000000e+00 5.000000e-01
5.926501e-03 5.238343e-04 4.370004e-01 6.250000e-01 0.000000e+00 5.000000e-01
6.169454e-03 5.329606e-04 4.370004e-01 6.750000e-01 0.000000e+00 5.000000e-01
5.723906e-03 5.099267e-04 4.370004e-01 7.250000e-01 0.000000e+00 5.000000e-01
6.185401e-03 5.303946e-04 4.370004e-01 7.750000e-01 0.000000e+00 5.000000e-01
5.382361e-03 4.954871e-04 4.370004e-01 8.250000e-01 0.000000e+00 5.000000e-01
4.041747e-03 4.260385e-04 4.370004e-01 8.750000e-01 0.000000e+00 5.000000e-01
3.826014e-03 4.174531e-04 4.370004e-01 9.250000e-01 0.000000e+00 5.000000e-01
4.088012e-03 4.262055e-04 4.370004e-01 9.750000e-01 0.000000e+00 5.000000e-01
3.356221e-03 3.901536e-04 4.370004e-01 1.025000e+00 0.000000e+00 5.000000e-01
2.293844e-03 3.180994e-04 4.370004e-01 1.075000e+00 0.000000e+00 5.000000e-01
3.217420e-03 3.791771e-04 4.370004e-01 1.125000e+00 0.000000e+00 5.000000e-01
3.108268e-03 3.715099e-04 4.370004e-01 1.175000e+00 0.000000e+00 5.000000e-01
1.647952e-03 2.673338e-04 4.370004e-01 1.225000e+00 0.000000e+00 5.000000e-01
1.730753e-03 2.736566e-04 4.370004e-01 1.275000e+00 0.000000e+00 5.000000e-01
1.532480e-03 2.554139e-04 4.370004e-01 1.325000e+00 0.000000e+00 5.000000e-01
1.971511e-03 2.906841e-04 4.370004e-01 1.375000e+00 0.000000e+00 5.000000e-01
1.349997e-03 2.386486e-04 4.370004e-01 1.425000e+00 0.000000e+00 5.000000e-01
1.697092e-03 2.683344e-04 4.370004e-01 1.475000e+00 0.000000e+00 5.000000e-01
1.097350e-03 2.152086e-04 4.370004e-01 1.525000e+00 0.000000e+00 5.000000e-01
7.554075e-04 1.780516e-04 4.370004e-01 1.575000e+00 0.000000e+00 5.000000e-01
1.002876e-03 2.047116e-04 4.370004e-01 1.625000e+00 0.000000e+00 5.000000e-01
7.519418e-04 1.772347e-04 4.370004e-01 1.675000e+00 0.000000e+00 5.000000e-01
9.744174e-04 1.989027e-04 4.370004e-01 1.725000e+00 0.000000e+00 5.000000e-01
9.694865e-04 1.978963e-04 4.370004e-01 1.775000e+00 0.000000e+00 5.000000e-01
8.861761e-04 1.889338e-04 4.370004e-01 1.825000e+00 0.000000e+00 5.000000e-01
1.116149e-03 2.109328e-04 4.370004e-01 1.875000e+00 0.000000e+00 5.000000e-01
1.431486e-03 2.385816e-04 4.370004e-01 1.925000e+00 0.000000e+00 5.000000e-01
1.504197e-03 2.440137e-04 4.370004e-01 1.975000e+00 0.000000e+00 5.000000e-01
1.585749e-03 2.507296e-04 4.370004e-01 2.025000e+00 0.000000e+00 5.000000e-01
8.534625e-04 1.819594e-04 4.370004e-01 2.075000e+00 0.000000e+00 5.000000e-01
9.216464e-04 1.881311e-04 4.370004e-01 2.125000e+00 0.000000e+00 5.000000e-01
3.792798e-04 1.199392e-04 4.370004e-01 2.175000e+00 0.000000e+00 5.000000e-01
2.266977e-04 9.254904e-05 4.370004e-01 2.225000e+00 0.000000e+00 5.000000e-01
2.988179e-04 1.056481e-04 4.370004e-01 2.275000e+00 0.000000e+00 5.000000e-01
2.242169e-04 9.153679e-05 4.370004e-01 2.325000e+00 0.000000e+00 5.000000e-01
2.203481e-04 8.995675e-05 4.370004e-01 2.375000e+00 0.000000e+00 5.000000e-01
2.924060e-04 1.033814e-04 4.370004e-01 2.425000e+00 0.000000e+00 5.000000e-01
3.586250e-04 1.134076e-04 4.370004e-01 2.475000e+00 0.000000e+00 5.000000e-01
1.428150e-04 7.140776e-05 4.370004e-01 2.525000e+00 0.000000e+00 5.000000e-01
2.112708e-04 8.625161e-05 4.370004e-01 2.575000e+00 0.000000e+00 5.000000e-01
3.497003e-04 1.105855e-04 4.370004e-01 2.625000e+00 0.000000e+00 5.000000e-01
4.136816e-04 1.194201e-04 4.370004e-01 2.675000e+00 0.000000e+00 5.000000e-01
6.810413e-05 4.815689e-05 4.370004e-01 2.725000e+00 0.000000e+00 5.000000e-01
3.376871e-04 1.067865e-04 4.370004e-01 2.775000e+00 0.000000e+00 5.000000e-01
2.663341e-04 9.416342e-05 4.370004e-01 2.825000e+00 0.000000e+00 5.000000e-01
1.318886e-04 6.594441e-05 4.370004e-01 2.875000e+00 0.000000e+00 5.000000e-01
3.883872e-04 1.121184e-04 4.370004e-01 2.925000e+00 0.000000e+00 5.000000e-01
3.818577e-04 1.102335e-04 4.370004e-01 2.975000e+00 0.000000e+00 5.000000e-01
4.418618e-04 1.180935e-04 4.370004e-01 3.025000e+00 0.000000e+00 5.000000e-01
2.486944e-04 8.792749e-05 4.370004e-01 3.075000e+00 0.000000e+00 5.000000e-01
5.524640e-04 1.302186e-04 4.370004e-01 3.125000e+00 0.000000e+00 5.000000e-01
2.446523e-04 8.649911e-05 4.370004e-01 3.175000e+00 0.000000e+00 5.000000e-01
4.260624e-04 1.138713e-04 4.370004e-01 3.225000e+00 0.000000e+00 5.000000e-01
3.661236e-04 1.056924e-04 4.370004e-01 3.275000e+00 0.000000e+00 5.000000e-01
3.642693e-04 1.051566e-04 4.370004e-01 3.325000e+00 0.000000e+00 5.000000e-01
4.265198e-04 1.139933e-04 4.370004e-01 3.375000e+00 0.000000e+00 5.000000e-01
1.213568e-04 6.067845e-05 4.370004e-01 3.425000e+00 0.000000e+00 5.000000e-01
4.873937e-04 1.218491e-04 4.370004e-01 3.475000e+00 0.000000e+00 5.000000e-01
3.014169e-04 9.531782e-05 4.370004e-01 3.525000e+00 0.000000e+00 5.000000e-01
2.944951e-04 9.312863e-05 4.370004e-01 3.575000e+00 0.000000e+00 5.000000e-01
2.294472e-04 8.112194e-05 4.370004e-01 3.625000e+00 0.000000e+00 5.000000e-01
5.620461e-04 1.256808e-04 4.370004e-01 3.675000e+00 0.000000e+00 5.000000e-01
3.259347e-04 9.409210e-05 4.370004e-01 3.725000e+00 0.000000e+00 5.000000e-01
3.104681e-04 8.962671e-05 4.370004e-01 3.775000e+00 0.000000e+00 5.000000e-01
4.403786e-04 1.038017e-04 4.370004e-01 3.825000e+00 0.000000e+00 5.000000e-01
3.701693e-04 9.254621e-05 4.370004e-01 3.875000e+00 0.000000e+00 5.000000e-01
5.183470e-04 1.058132e-04 4.370004e-01 3.925000e+00 0.000000e+00 5.000000e-01
4.446342e-04 9.480340e-05 4.370004e-01 3.975000e+00 0.000000e+00 5.000000e-01
3.463418e-01 4.054184e-03 4.570004e-01 2.500000e-02 0.000000e+00 5.000000e-01
2.011360e-01 3.094038e-03 4.570004e-01 7.500000e-02 0.000000e+00 5.000000e-01
6.688140e-02 1.790042e-03 4.570004e-01 1.250000e-01 0.000000e+00 5.000000e-01
3.005677e-02 1.193708e-03 4.570004e-01 1.750000e-01 0.000000e+00 5.000000e-01
1.940896e-02 9.632515e-04 4.570004e-01 2.250000e-01 0.000000e+00 5.000000e-01
1.085582e-02 7.221194e-04 4.570004e-01 2.750000e-01 0.000000e+00 5.000000e-01
8.129767e-03 6.198896e-04 4.570004e-01 3.250000e-01 0.000000e+00 5.000000e-01
7.493587e-03 6.038514e-04 4.570004e-01 3.750000e-01 0.000000e+00 5.000000e-01
8.581958e-03 6.361380e-04 4.570004e-01 4.250000e-01 0.000000e+00 5.000000e-01
6.539440e-03 5.566748e-04 4.570004e-01 4.750000e-01 0.000000e+00 5.000000e-01
6.436048e-03 5.601869e-04 4.570004e-01 5.250000e-01 0.000000e+00 5.000000e-01
5.500052e-03 5.063216e-04 4.570004e-01 5.750000e-01 0.000000e+00 5.000000e-01
6.684078e-03 5.649085e-04 4.570004e-01 6.250000e-01 0.000000e+00 5.000000e-01
5.705045e-03 5.123290e-04 4.570004e-01 6.750000e-01 0.000000e+00 5.000000e-01
5.471679e-03 4.994944e-04 4.570004e-01 7.250000e-01 0.000000e+00 5.000000e-01
4.557860e-03 4.604143e-04 4.570004e-01 7.750000e-01 0.000000e+00 5.000000e-01
4.657682e-03 4.611799e-04 4.570004e-01 8.250000e-01 0.000000e+00 5.000000e-01
4.012013e-03 4.276827e-04 4.570004e-01 8.750000e-01 0.000000e+00 5.000000e-01
4.889149e-03 4.748770e-04 4.570004e-01 9.250000e-01 0.000000e+00 5.000000e-01
3.853926e-03 4.155802e-04 4.570004e-01 9.750000e-01 0.000000e+00 5.000000e-01
3.841857e-03 4.191817e-04 4.570004e-01 1.025000e+00 0.000000e+00 5.000000e-01
2.154407e-03 3.109624e-04 4.570004e-01 1.075000e+00 0.000000e+00 5.000000e-01
2.646265e-03 3.474722e-04 4.570004e-01 1.125000e+00 0.000000e+00 5.000000e-01
2.119999e-03 3.059960e-04 4.570004e-01 1.175000e+00 0.000000e+00 5.000000e-01
2.245048e-03 3.174982e-04 4.570004e-01 1.225000e+00 0.000000e+00 5.000000e-01
1.293992e-03 2.362500e-04 4.570004e-01 1.275000e+00 0.000000e+00 5.000000e-01
1.482183e-03 2.541929e-04 4.570004e-01 1.325000e+00 0.000000e+00 5.000000e-01
1.630720e-03 2.645382e-04 4.570004e-01 1.375000e+00 0.000000e+00 5.000000e-01
1.805992e-03 2.786712e-04 4.570004e-01 1.425000e+00 0.000000e+00 5.000000e-01
1.115967e-03 2.188596e-04 4.570004e-01 1.475000e+00 0.000000e+00 5.000000e-01
1.018866e-03 2.079756e-04 4.570004e-01 1.525000e+00 0.000000e+00 5.000000e-01
7.719556e-04 1.819522e-04 4.570004e-01 1.575000e+00 0.000000e+00 5.000000e-01
1.013075e-03 2.067936e-04 4.570004e-01 1.625000e+00 0.000000e+00 5.000000e-01
8.364565e-04 1.870379e-04 4.570004e-01 1.675000e+00 0.000000e+00 5.000000e-01
1.168765e-03 2.208764e-04 4.570004e-01 1.725000e+00 0.000000e+00 5.000000e-01
8.926661e-04 1.903173e-04 4.570004e-01 1.775000e+00 0.000000e+00 5.000000e-01
7.315764e-04 1.724349e-04 4.570004e-01 1.825000e+00 0.000000e+00 5.000000e-01
1.296803e-03 2.292450e-04 4.570004e-01 1.875000e+00 0.000000e+00 5.000000e-01
8.020462e-04 1.793436e-04 4.570004e-01 1.925000e+00 0.000000e+00 5.000000e-01
1.364982e-03 2.340933e-04 4.570004e-01 1.975000e+00 0.000000e+00 5.000000e-01
1.432375e-03 2.387301e-04 4.570004e-01 2.025000e+00 0.000000e+00 5.000000e-01
9.461156e-04 1.931257e-04 4.570004e-01 2.075000e+00 0.000000e+00 5.000000e-01
9.283312e-04 1.894955e-04 4.570004e-01 2.125000e+00 0.000000e+00 5.000000e-01
3.091004e-04 1.092837e-04 4.570004e-01 2.175000e+00 0.000000e+00 5.000000e-01
2.285951e-04 9.332382e-05 4.570004e-01 2.225000e+00 0.000000e+00 5.000000e-01
5.310568e-04 1.419316e-04 4.570004e-01 2.275000e+00 0.000000e+00 5.000000e-01
5.995844e-04 1.498968e-04 4.570004e-01 2.325000e+00 0.000000e+00 5.000000e-01
2.986157e-04 1.055770e-04 4.570004e-01 2.375000e+00 0.000000e+00 5.000000e-01
2.951126e-04 1.043385e-04 4.570004e-01 2.425000e+00 0.000000e+00 5.000000e-01
5.104645e-04 1.364282e-04 4.570004e-01 2.475000e+00 0.000000e+00 5.000000e-01
2.884341e-04 1.019772e-04 4.570004e-01 2.525000e+00 0.000000e+00 5.000000e-01
4.275482e-04 1.234236e-04 4.570004e-01 2.575000e+00 0.000000e+00 5.000000e-01
1.415487e-04 7.077438e-05 4.570004e-01 2.625000e+00 0.000000e+00 5.000000e-01
1.408969e-04 7.044848e-05 4.570004e-01 2.675000e+00 0.000000e+00 5.000000e-01
8.281164e-04 1.690393e-04 4.570004e-01 2.725000e+00 0.000000e+00 5.000000e-01
2.053884e-04 8.385002e-05 4.570004e-01 2.775000e+00 0.000000e+00 5.000000e-01
4.030631e-04 1.163556e-04 4.570004e-01 2.825000e+00 0.000000e+00 5.000000e-01
4.674121e-04 1.249217e-04 4.570004e-01 2.875000e+00 0.000000e+00 5.000000e-01
2.625475e-04 9.282467e-05 4.570004e-01 2.925000e+00 0.000000e+00 5.000000e-01
3.890724e-04 1.123166e-04 4.570004e-01 2.975000e+00 0.000000e+00 5.000000e-01
5.115997e-04 1.279016e-04 4.570004e-01 3.025000e+00 0.000000e+00 5.000000e-01
3.194879e-04 1.010320e-04 4.570004e-01 3.075000e+00 0.000000e+00 5.000000e-01
1.908412e-04 7.791063e-05 4.570004e-01 3.125000e+00 0.000000e+00 5.000000e-01
2.548090e-04 9.008910e-05 4.570004e-01 3.175000e+00 0.000000e+00 5.000000e-01
3.212801e-04 1.015980e-04 4.570004e-01 3.225000e+00 0.000000e+00 5.000000e-01
2.566150e-04 9.072805e-05 4.570004e-01 3.275000e+00 0.000000e+00 5.000000e-01
2.571446e-04 9.091601e-05 4.570004e-01 3.325000e+00 0.000000e+00 5.000000e-01
2.568308e-04 9.080505e-05 4.570004e-01 3.375000e+00 0.000000e+00 5.000000e-01
3.196614e-04 1.010862e-04 4.570004e-01 3.425000e+00 0.000000e+00 5.000000e-01
1.242119e-04 6.210597e-05 4.570004e-01 3.475000e+00 0.000000e+00 5.000000e-01
6.061242e-05 4.285945e-05 4.570004e-01 3.525000e+00 0.000000e+00 5.000000e-01
3.596368e-04 1.038212e-04 4.570004e-01 3.575000e+00 0.000000e+00 5.000000e-01
1.757601e-04 7.175384e-05 4.570004e-01 3.625000e+00 0.000000e+00 5.000000e-01
3.394438e-04 9.799151e-05 4.570004e-01 3.675000e+00 0.000000e+00 5.000000e-01
5.342167e-04 1.194577e-04 4.570004e-01 3.725000e+00 0.000000e+00 5.000000e-01
4.556494e-04 1.073998e-04 4.570004e-01 3.775000e+00 0.000000e+00 5.000000e-01
3.829468e-04 9.574073e-05 4.570004e-01 3.825000e+00 0.000000e+00 5.000000e-01
3.613114e-04 9.032986e-05 4.570004e-01 3.875000e+00 0.000000e+00 5.000000e-01
5.887018e-04 1.112588e-04 4.570004e-01 3.925000e+00 0.000000e+00 5.000000e-01
4.357796e-04 9.291652e-05 4.570004e-01 3.975000e+00 0.000000e+00 5.000000e-01
3.604277e-01 4.181424e-03 4.770004e-01 2.500000e-02 0.000000e+00 5.000000e-01
1.965579e-01 3.081015e-03 4.770004e-01 7.500000e-02 0.000000e+00 5.000000e-01
6.779154e-02 1.797737e-03 4.770004e-01 1.250000e-01 0.000000e+00 5.000000e-01
3.326845e-02 1.270197e-03 4.770004e-01 1.750000e-01 0.000000e+00 5.000000e-01
2.373494e-02 1.070055e-03 4.770004e-01 2.250000e-01 0.000000e+00 5.000000e-01
1.401160e-02 8.144085e-04 4.770004e-01 2.750000e-01 0.000000e+00 5.000000e-01
6.605135e-03 5.663864e-04 4.770004e-01 3.250000e-01 0.000000e+00 5.000000e-01
7.843609e-03 6.162529e-04 4.770004e-01 3.750000e-01 0.000000e+00 5.000000e-01
7.073386e-03 5.775403e-04 4.770004e-01 4.250000e-01 0.000000e+00 5.000000e-01
6.099009e-03 5.477080e-04 4.770004e-01 4.750000e-01 0.000000e+00 5.000000e-01
6.803059e-03 5.709007e-04 4.770004e-01 5.250000e-01 0.000000e+00 5.000000e-01
5.078585e-03 4.886878e-04 4.770004e-01 5.750000e-01 0.000000e+00 5.000000e-01
5.407531e-03 5.109643e-04 4.770004e-01 6.250000e-01 0.000000e+00 5.000000e-01
5.387208e-03 5.001903e-04 4.770004e-01 6.750000e-01 0.000000e+00 5.000000e-01
5.079705e-03 4.887954e-04 4.770004e-01 7.250000e-01 0.000000e+00 5.000000e-01
6.044962e-03 5.301791e-04 4.770004e-01 7.750000e-01 0.000000e+00 5.000000e-01
4.672400e-03 4.626374e-04 4.770004e-01 8.250000e-01 0.000000e+00 5.000000e-01
5.831599e-03 5.236939e-04 4.770004e-01 8.750000e-01 0.000000e+00 5.000000e-01
4.043822e-03 4.310736e-04 4.770004e-01 9.250000e-01 0.000000e+00 5.000000e-01
3.762331e-03 4.154806e-04 4.770004e-01 9.750000e-01 0.000000e+00 5.000000e-01
4.438496e-03 4.530029e-04 4.770004e-01 1.025000e+00 0.000000e+00 5.000000e-01
3.173019e-03 3.792491e-04 4.770004e-01 1.075000e+00 0.000000e+00 5.000000e-01
2.206918e-03 3.185415e-04 4.770004e-01 1.125000e+00 0.000000e+00 5.000000e-01
2.705354e-03 3.492605e-04 4.770004e-01 1.175000e+00 0.000000e+00 5.000000e-01
2.414401e-03 3.285591e-04 4.770004e-01 1.225000e+00 0.000000e+00 5.000000e-01
1.945288e-03 2.932637e-04 4.770004e-01 1.275000e+00 0.000000e+00 5.000000e-01
2.719133e-03 3.453311e-04 4.770004e-01 1.325000e+00 0.000000e+00 5.000000e-01
9.512409e-04 2.028058e-04 4.770004e-01 1.375000e+00 0.000000e+00 5.000000e-01
6.137873e-04 1.640417e-04 4.770004e-01 1.425000e+00 0.000000e+00 5.000000e-01
1.976962e-03 2.914878e-04 4.770004e-01 1.475000e+00 0.000000e+00 5.000000e-01
1.571792e-03 2.619659e-04 4.770004e-01 1.525000e+00 0.000000e+00 5.000000e-01
6.811896e-04 1.702980e-04 4.770004e-01 1.575000e+00 0.000000e+00 5.000000e-01
6.902491e-04 1.725624e-04 4.770004e-01 1.625000e+00 0.000000e+00 5.000000e-01
1.012625e-03 2.067015e-04 4.770004e-01 1.675000e+00 0.000000e+00 5.000000e-01
6.701537e-04 1.675389e-04 4.770004e-01 1.725000e+00 0.000000e+00 5.000000e-01
4.996995e-04 1.442509e-04 4.770004e-01 1.775000e+00 0.000000e+00 5.000000e-01
6.531635e-04 1.632913e-04 4.770004e-01 1.825000e+00 0.000000e+00 5.000000e-01
9.033594e-04 1.925976e-04 4.770004e-01 1.875000e+00 0.000000e+00 5.000000e-01
1.224144e-03 2.234982e-04 4.770004e-01 1.925000e+00 0.000000e+00 5.000000e-01
1.126186e-03 2.128299e-04 4.770004e-01 1.975000e+00 0.000000e+00 5.000000e-01
1.053395e-03 2.065881e-04 4.770004e-01 2.025000e+00 0.000000e+00 5.000000e-01
8.727985e-04 1.860821e-04 4.770004e-01 2.075000e+00 0.000000e+00 5.000000e-01
3.154725e-04 1.115371e-04 4.770004e-01 2.125000e+00 0.000000e+00 5.000000e-01
6.242493e-04 1.560631e-04 4.770004e-01 2.175000e+00 0.000000e+00 5.000000e-01
5.404005e-04 1.444283e-04 4.770004e-01 2.225000e+00 0.000000e+00 5.000000e-01
3.843013e-04 1.215273e-04 4.770004e-01 2.275000e+00 0.000000e+00 5.000000e-01
6.063218e-04 1.515813e-04 4.770004e-01 2.325000e+00 0.000000e+00 5.000000e-01
3.785844e-04 1.197191e-04 4.770004e-01 2.375000e+00 0.000000e+00 5.000000e-01
3.710445e-04 1.173352e-04 4.770004e-01 2.425000e+00 0.000000e+00 5.000000e-01
1.482232e-04 7.411160e-05 4.770004e-01 2.475000e+00 0.000000e+00 5.000000e-01
3.654616e-04 1.155698e-04 4.770004e-01 2.525000e+00 0.000000e+00 5.000000e-01
1.445549e-04 7.227839e-05 4.770004e-01 2.575000e+00 0.000000e+00 5.000000e-01
4.308792e-04 1.243846e-04 4.770004e-01 2.625000e+00 0.000000e+00 5.000000e-01
2.830393e-04 1.000696e-04 4.770004e-01 2.675000e+00 0.000000e+00 5.000000e-01
3.484916e-04 1.102036e-04 4.770004e-01 2.725000e+00 0.000000e+00 5.000000e-01
3.454184e-04 1.092318e-04 4.770004e-01 2.775000e+00 0.000000e+00 5.000000e-01
4.801616e-04 1.283301e-04 4.770004e-01 2.825000e+00 0.000000e+00 5.000000e-01
2.017960e-04 8.238349e-05 4.770004e-01 2.875000e+00 0.000000e+00 5.000000e-01
6.686972e-05 4.728403e-05 4.770004e-01 2.925000e+00 0.000000e+00 5.000000e-01
3.329980e-04 1.053041e-04 4.770004e-01 2.975000e+00 0.000000e+00 5.000000e-01
2.671959e-04 9.446843e-05 4.770004e-01 3.025000e+00 0.000000e+00 5.000000e-01
4.012906e-04 1.158436e-04 4.770004e-01 3.075000e+00 0.000000e+00 5.000000e-01
2.674531e-04 9.455904e-05 4.770004e-01 3.125000e+00 0.000000e+00 5.000000e-01
6.756840e-05 4.777807e-05 4.770004e-01 3.175000e+00 0.000000e+00 5.000000e-01
2.710872e-04 9.584498e-05 4.770004e-01 3.225000e+00 0.000000e+00 5.000000e-01
3.375473e-04 1.067425e-04 4.770004e-01 3.275000e+00 0.000000e+00 5.000000e-01
1.333988e-04 6.669960e-05 4.770004e-01 3.325000e+00 0.000000e+00 5.000000e-01
2.637438e-04 9.324875e-05 4.770004e-01 3.375000e+00 0.000000e+00 5.000000e-01
1.943380e-04 7.934029e-05 4.770004e-01 3.425000e+00 0.000000e+00 5.000000e-01
6.979423e-04 1.488067e-04 4.770004e-01 3.475000e+00 0.000000e+00 5.000000e-01
4.373274e-04 1.168828e-04 4.770004e-01 3.525000e+00 0.000000e+00 5.000000e-01
1.824034e-04 7.446639e-05 4.770004e-01 3.575000e+00 0.000000e+00 5.000000e-01
2.311792e-04 8.173750e-05 4.770004e-01 3.625000e+00 0.000000e+00 5.000000e-01
1.101719e-04 5.508619e-05 4.770004e-01 3.675000e+00 0.000000e+00 5.000000e-01
2.622600e-04 8.293484e-05 4.770004e-01 3.725000e+00 0.000000e+00 5.000000e-01
3.458466e-04 9.243530e-05 4.770004e-01 3.775000e+00 0.000000e+00 5.000000e-01
4.164678e-04 9.816595e-05 4.770004e-01 3.825000e+00 0.000000e+00 5.000000e-01
5.204220e-04 1.062367e-04 4.770004e-01 3.875000e+00 0.000000e+00 5.000000e-01
4.562521e-04 9.727713e-05 4.770004e-01 3.925000e+00 0.000000e+00 5.000000e-01
4.834328e-04 9.868614e-05 4.770004e-01 3.975000e+00 0.000000e+00 5.000000e-01
3.645982e-01 4.241813e-03 4.970004e-01 2.500000e-02 0.000000e+00 5.000000e-01
2.034144e-01 3.128345e-03 4.970004e-01 7.500000e-02 0.000000e+00 5.000000e-01
6.263935e-02 1.750825e-03 4.970004e-01 1.250000e-01 0.000000e+00 5.000000e-01
3.155452e-02 1.237672e-03 4.970004e-01 1.750000e-01 0.000000e+00 5.000000e-01
2.320494e-02 1.054771e-03 4.970004e-01 2.250000e-01 0.000000e+00 5.000000e-01
1.131933e-02 7.431511e-04 4.970004e-01 2.750000e-01 0.000000e+00 5.000000e-01
8.434847e-03 6.394449e-04 4.970004e-01 3.250000e-01 0.000000e+00 5.000000e-01
7.548795e-03 6.005505e-04 4.970004e-01 3.750000e-01 0.000000e+00 5.000000e-01
5.830858e-03 5.367747e-04 4.970004e-01 4.250000e-01 0.000000e+00 5.000000e-01
6.821422e-03 5.765163e-04 4.970004e-01 4.750000e-01 0.000000e+00 5.000000e-01
6.453303e-03 5.533669e-04 4.970004e-01 5.250000e-01 0.000000e+00 5.000000e-01
6.025553e-03 5.455287e-04 4.970004e-01 5.750000e-01 0.000000e+00 5.000000e-01
4.837795e-03 4.790139e-04 4.970004e-01 6.250000e-01 0.000000e+00 5.000000e-01
5.296549e-03 4.960680e-04 4.970004e-01 6.750000e-01 0.000000e+00 5.000000e-01
5.123714e-03 4.976598e-04 4.970004e-01 7.250000e-01 0.000000e+00 5.000000e-01
7.344401e-03 5.842900e-04 4.970004e-01 7.750000e-01 0.000000e+00 5.000000e-01
5.027354e-03 4.837580e-04 4.970004e-01 8.250000e-01 0.000000e+00 5.000000e-01
4.648157e-03 4.695355e-04 4.970004e-01 8.750000e-01 0.000000e+00 5.000000e-01
4.088251e-03 4.358099e-04 4.970004e-01 9.250000e-01 0.000000e+00 5.000000e-01
3.633781e-03 4.114453e-04 4.970004e-01 9.750000e-01 0.000000e+00 5.000000e-01
2.895467e-03 3.677254e-04 4.970004e-01 1.025000e+00 0.000000e+00 5.000000e-01
2.596737e-03 3.470043e-04 4.970004e-01 1.075000e+00 0.000000e+00 5.000000e-01
2.950341e-03 3.687933e-04 4.970004e-01 1.125000e+00 0.000000e+00 5.000000e-01
2.949987e-03 3.687492e-04 4.970004e-01 1.175000e+00 0.000000e+00 5.000000e-01
1.703116e-03 2.762827e-04 4.970004e-01 1.225000e+00 0.000000e+00 5.000000e-01
1.813584e-03 2.867532e-04 4.970004e-01 1.275000e+00 0.000000e+00 5.000000e-01
1.583405e-03 2.639015e-04 4.970004e-01 1.325000e+00 0.000000e+00 5.000000e-01
1.512314e-03 2.593600e-04 4.970004e-01 1.375000e+00 0.000000e+00 5.000000e-01
1.477267e-03 2.533498e-04 4.970004e-01 1.425000e+00 0.000000e+00 5.000000e-01
1.691627e-03 2.744187e-04 4.970004e-01 1.475000e+00 0.000000e+00 5.000000e-01
1.031623e-03 2.105795e-04 4.970004e-01 1.525000e+00 0.000000e+00 5.000000e-01
7.013778e-04 1.753449e-04 4.970004e-01 1.575000e+00 0.000000e+00 5.000000e-01
7.768607e-04 1.831080e-04 4.970004e-01 1.625000e+00 0.000000e+00 5.000000e-01
1.200277e-03 2.268317e-04 4.970004e-01 1.675000e+00 0.000000e+00 5.000000e-01
4.227750e-04 1.336935e-04 4.970004e-01 1.725000e+00 0.000000e+00 5.000000e-01
8.451634e-04 1.889849e-04 4.970004e-01 1.775000e+00 0.000000e+00 5.000000e-01
4.957806e-04 1.431199e-04 4.970004e-01 1.825000e+00 0.000000e+00 5.000000e-01
7.484514e-04 1.764124e-04 4.970004e-01 1.875000e+00 0.000000e+00 5.000000e-01
1.405146e-03 2.409813e-04 4.970004e-01 1.925000e+00 0.000000e+00 5.000000e-01
1.618877e-03 2.559678e-04 4.970004e-01 1.975000e+00 0.000000e+00 5.000000e-01
5.733903e-04 1.532454e-04 4.970004e-01 2.025000e+00 0.000000e+00 5.000000e-01
9.570955e-04 1.953670e-04 4.970004e-01 2.075000e+00 0.000000e+00 5.000000e-01
8.002048e-04 1.789320e-04 4.970004e-01 2.125000e+00 0.000000e+00 5.000000e-01
7.924295e-04 1.771932e-04 4.970004e-01 2.175000e+00 0.000000e+00 5.000000e-01
3.122028e-04 1.103805e-04 4.970004e-01 2.225000e+00 0.000000e+00 5.000000e-01
3.117716e-04 1.102281e-04 4.970004e-01 2.275000e+00 0.000000e+00 5.000000e-01
3.072628e-04 1.086340e-04 4.970004e-01 2.325000e+00 0.000000e+00 5.000000e-01
2.288962e-04 9.344706e-05 4.970004e-01 2.375000e+00 0.000000e+00 5.000000e-01
1.513120e-04 7.565710e-05 4.970004e-01 2.425000e+00 0.000000e+00 5.000000e-01
2.965905e-04 1.048612e-04 4.970004e-01 2.475000e+00 0.000000e+00 5.000000e-01
2.216819e-04 9.050129e-05 4.970004e-01 2.525000e+00 0.000000e+00 5.000000e-01
2.192756e-04 8.951911e-05 4.970004e-01 2.575000e+00 0.000000e+00 5.000000e-01
2.909329e-04 1.028613e-04 4.970004e-01 2.625000e+00 0.000000e+00 5.000000e-01
2.856286e-04 1.009859e-04 4.970004e-01 2.675000e+00 0.000000e+00 5.000000e-01
2.828528e-04 1.000047e-04 4.970004e-01 2.725000e+00 0.000000e+00 5.000000e-01
4.207288e-04 1.214544e-04 4.970004e-01 2.775000e+00 0.000000e+00 5.000000e-01
4.882650e-04 1.304954e-04 4.970004e-01 2.825000e+00 0.000000e+00 5.000000e-01
2.103780e-04 8.588649e-05 4.970004e-01 2.875000e+00 0.000000e+00 5.000000e-01
3.494985e-04 1.105217e-04 4.970004e-01 2.925000e+00 0.000000e+00 5.000000e-01
6.972405e-05 4.930235e-05 4.970004e-01 2.975000e+00 0.000000e+00 5.000000e-01
4.215682e-04 1.216971e-04 4.970004e-01 3.025000e+00 0.000000e+00 5.000000e-01
2.837495e-04 1.003214e-04 4.970004e-01 3.075000e+00 0.000000e+00 5.000000e-01
4.269660e-04 1.232556e-04 4.970004e-01 3.125000e+00 0.000000e+00 5.000000e-01
5.700587e-04 1.425158e-04 4.970004e-01 3.175000e+00 0.000000e+00 5.000000e-01
4.242196e-04 1.224623e-04 4.970004e-01 3.225000e+00 0.000000e+00 5.000000e-01
6.912259e-05 4.887706e-05 4.970004e-01 3.275000e+00 0.000000e+00 5.000000e-01
2.718584e-04 9.611809e-05 4.970004e-01 3.325000e+00 0.000000e+00 5.000000e-01
2.671742e-04 9.446220e-05 4.970004e-01 3.375000e+00 0.000000e+00 5.000000e-01
1.313212e-04 6.566224e-05 4.970004e-01 3.425000e+00 0.000000e+00 5.000000e-01
3.183493e-04 1.006712e-04 4.970004e-01 3.475000e+00 0.000000e+00 5.000000e-01
3.093326e-04 9.782068e-05 4.970004e-01 3.525000e+00 0.000000e+00 5.000000e-01
1.767164e-04 7.214464e-05 4.970004e-01 3.575000e+00 0.000000e+00 5.000000e-01
2.238288e-04 7.913622e-05 4.970004e-01 3.625000e+00 0.000000e+00 5.000000e-01
3.707138e-04 9.908071e-05 4.970004e-01 3.675000e+00 0.000000e+00 5.000000e-01
3.020798e-04 8.720610e-05 4.970004e-01 3.725000e+00 0.000000e+00 5.000000e-01
5.676114e-04 1.158657e-04 4.970004e-01 3.775000e+00 0.000000e+00 5.000000e-01
6.282568e-04 1.187317e-04 4.970004e-01 3.825000e+00 0.000000e+00 5.000000e-01
3.061436e-04 8.182367e-05 4.970004e-01 3.875000e+00 0.000000e+00 5.000000e-01
5.953937e-04 1.125249e-04 4.970004e-01 3.925000e+00 0.000000e+00 5.000000e-01
6.207381e-04 1.133366e-04 4.970004e-01 3.975000e+00 0.000000e+00 5.000000e-01
3.845197e-01 4.391720e-03 5.170005e-01 2.500000e-02 0.000000e+00 5.000000e-01
2.013028e-01 3.175743e-03 5.170005e-01 7.500000e-02 0.000000e+00 5.000000e-01
7.223674e-02 1.881524e-03 5.170005e-01 1.250000e-01 0.000000e+00 5.000000e-01
3.504729e-02 1.309780e-03 5.170005e-01 1.750000e-01 0.000000e+00 5.000000e-01
2.320811e-02 1.075096e-03 5.170005e-01 2.250000e-01 0.000000e+00 5.000000e-01
1.212279e-02 7.667134e-04 5.170005e-01 2.750000e-01 0.000000e+00 5.000000e-01
5.904224e-03 5.345440e-04 5.170005e-01 3.250000e-01 0.000000e+00 5.000000e-01
7.543889e-03 6.118910e-04 5.170005e-01 3.750000e-01 0.000000e+00 5.000000e-01
5.190796e-03 5.041752e-04 5.170005e-01 4.250000e-01 0.000000e+00 5.000000e-01
8.340732e-03 6.323101e-04 5.170005e-01 4.750000e-01 0.000000e+00 5.000000e-01
6.469974e-03 5.674551e-04 5.170005e-01 5.250000e-01 0.000000e+00 5.000000e-01
6.433111e-03 5.557369e-04 5.170005e-01 5.750000e-01 0.000000e+00 5.000000e-01
6.829609e-03 5.691349e-04 5.170005e-01 6.250000e-01 0.000000e+00 5.000000e-01
5.494669e-03 5.191982e-04 5.170005e-01 6.750000e-01 0.000000e+00 5.000000e-01
4.246721e-03 4.476444e-04 5.170005e-01 7.250000e-01 0.000000e+00 5.000000e-01
6.254387e-03 5.402975e-04 5.170005e-01 7.750000e-01 0.000000e+00 5.000000e-01
5.052750e-03 4.954638e-04 5.170005e-01 8.250000e-01 0.000000e+00 5.000000e-01
5.242957e-03 4.954135e-04 5.170005e-01 8.750000e-01 0.000000e+00 5.000000e-01
4.484167e-03 4.576642e-04 5.170005e-01 9.250000e-01 0.000000e+00 5.000000e-01
2.696734e-03 3.603668e-04 5.170005e-01 9.750000e-01 0.000000e+00 5.000000e-01
3.149781e-03 3.819677e-04 5.170005e-01 1.025000e+00 0.000000e+00 5.000000e-01
2.822520e-03 3.643863e-04 5.170005e-01 1.075000e+00 0.000000e+00 5.000000e-01
2.155069e-03 3.177481e-04 5.170005e-01 1.125000e+00 0.000000e+00 5.000000e-01
2.491580e-03 3.390619e-04 5.170005e-01 1.175000e+00 0.000000e+00 5.000000e-01
1.989806e-03 2.999751e-04 5.170005e-01 1.225000e+00 0.000000e+00 5.000000e-01
1.759015e-03 2.853505e-04 5.170005e-01 1.275000e+00 0.000000e+00 5.000000e-01
1.940386e-03 2.925249e-04 5.170005e-01 1.325000e+00 0.000000e+00 5.000000e-01
1.809297e-03 2.860754e-04 5.170005e-01 1.375000e+00 0.000000e+00 5.000000e-01
1.067925e-03 2.179898e-04 5.170005e-01 1.425000e+00 0.000000e+00 5.000000e-01
1.067923e-03 2.179892e-04 5.170005e-01 1.475000e+00 0.000000e+00 5.000000e-01
1.054517e-03 2.152529e-04 5.170005e-01 1.525000e+00 0.000000e+00 5.000000e-01
7.037262e-04 1.759320e-04 5.170005e-01 1.575000e+00 0.000000e+00 5.000000e-01
6.971271e-04 1.742820e-04 5.170005e-01 1.625000e+00 0.000000e+00 5.000000e-01
8.639063e-04 1.931757e-04 5.170005e-01 1.675000e+00 0.000000e+00 5.000000e-01
4.303386e-04 1.360854e-04 5.170005e-01 1.725000e+00 0.000000e+00 5.000000e-01
1.190314e-03 2.249489e-04 5.170005e-01 1.775000e+00 0.000000e+00 5.000000e-01
9.256586e-04 1.973518e-04 5.170005e-01 1.825000e+00 0.000000e+00 5.000000e-01
1.011740e-03 2.065212e-04 5.170005e-01 1.875000e+00 0.000000e+00 5.000000e-01
1.076082e-03 2.110382e-04 5.170005e-01 1.925000e+00 0.000000e+00 5.000000e-01
1.162244e-03 2.196441e-04 5.170005e-01 1.975000e+00 0.000000e+00 5.000000e-01
6.560147e-04 1.640039e-04 5.170005e-01 2.025000e+00 0.000000e+00 5.000000e-01
8.083584e-04 1.807551e-04 5.170005e-01 2.075000e+00 0.000000e+00 5.000000e-01
5.668798e-04 1.515058e-04 5.170005e-01 2.125000e+00 0.000000e+00 5.000000e-01
2.396114e-04 9.782096e-05 5.170005e-01 2.175000e+00 0.000000e+00 5.000000e-01
5.541321e-04 1.480984e-04 5.170005e-01 2.225000e+00 0.000000e+00 5.000000e-01
6.302858e-04 1.575719e-04 5.170005e-01 2.275000e+00 0.000000e+00 5.000000e-01
6.196756e-04 1.549193e-04 5.170005e-01 2.325000e+00 0.000000e+00 5.000000e-01
3.094295e-04 1.094004e-04 5.170005e-01 2.375000e+00 0.000000e+00 5.000000e-01
2.287462e-04 9.338606e-05 5.170005e-01 2.425000e+00 0.000000e+00 5.000000e-01
3.007136e-04 1.063188e-04 5.170005e-01 2.475000e+00 0.000000e+00 5.000000e-01
7.523682e-04 1.682349e-04 5.170005e-01 2.525000e+00 0.000000e+00 5.000000e-01
4.430559e-04 1.279000e-04 5.170005e-01 2.575000e+00 0.000000e+00 5.000000e-01
6.569966e-04 1.548562e-04 5.170005e-01 2.625000e+00 0.000000e+00 5.000000e-01
1.461654e-04 7.308289e-05 5.170005e-01 2.675000e+00 0.000000e+00 5.000000e-01
2.899606e-04 1.025169e-04 5.170005e-01 2.725000e+00 0.000000e+00 5.000000e-01
7.325603e-05 5.179984e-05 5.170005e-01 2.775000e+00 0.000000e+00 5.000000e-01
2.199149e-04 8.977995e-05 5.170005e-01 2.825000e+00 0.000000e+00 5.000000e-01
2.205261e-04 9.002946e-05 5.170005e-01 2.875000e+00 0.000000e+00 5.000000e-01
5.180232e-04 1.384490e-04 5.170005e-01 2.925000e+00 0.000000e+00 5.000000e-01
5.940965e-04 1.485253e-04 5.170005e-01 2.975000e+00 0.000000e+00 5.000000e-01
3.738348e-04 1.182177e-04 5.170005e-01 3.025000e+00 0.000000e+00 5.000000e-01
1.489439e-04 7.447196e-05 5.170005e-01 3.075000e+00 0.000000e+00 5.000000e-01
1.465065e-04 7.325324e-05 5.170005e-01 3.125000e+00 0.000000e+00 5.000000e-01
5.069630e-04 1.354934e-04 5.170005e-01 3.175000e+00 0.000000e+00 5.000000e-01
4.276649e-04 1.234570e-04 5.170005e-01 3.225000e+00 0.000000e+00 5.000000e-01
2.096967e-04 8.560936e-05 5.170005e-01 3.275000e+00 0.000000e+00 5.000000e-01
1.371931e-04 6.859657e-05 5.170005e-01 3.325000e+00 0.000000e+00 5.000000e-01
2.682067e-04 9.482613e-05 5.170005e-01 3.375000e+00 0.000000e+00 5.000000e-01
1.956356e-04 7.986924e-05 5.170005e-01 3.425000e+00 0.000000e+00 5.000000e-01
2.484422e-04 8.783773e-05 5.170005e-01 3.475000e+00 0.000000e+00 5.000000e-01
5.955288e-04 1.331661e-04 5.170005e-01 3.525000e+00 0.000000e+00 5.000000e-01
3.958910e-04 1.058081e-04 5.170005e-01 3.575000e+00 0.000000e+00 5.000000e-01
2.143920e-04 7.580037e-05 5.170005e-01 3.625000e+00 0.000000e+00 5.000000e-01
8.647664e-04 1.483115e-04 5.170005e-01 3.675000e+00 0.000000e+00 5.000000e-01
4.334206e-04 1.021619e-04 5.170005e-01 3.725000e+00 0.000000e+00 5.000000e-01
3.740131e-04 9.350512e-05 5.170005e-01 3.775000e+00 0.000000e+00 5.000000e-01
3.217404e-04 8.599065e-05 5.170005e-01 3.825000e+00 0.000000e+00 5.000000e-01
4.899912e-04 1.044697e-04 5.170005e-01 3.875000e+00 0.000000e+00 5.000000e-01
6.536018e-04 1.193364e-04 5.170005e-01 3.925000e+00 0.000000e+00 5.000000e-01
6.365841e-04 1.162292e-04 5.170005e-01 3.975000e+00 0.000000e+00 5.000000e-01
3.914711e-01 4.470531e-03 5.370005e-01 2.500000e-02 0.000000e+00 5.000000e-01
2.186426e-01 3.316580e-03 5.370005e-01 7.500000e-02 0.000000e+00 5.000000e-01
7.465645e-02 1.944550e-03 5.370005e-01 1.250000e-01 0.000000e+00 5.000000e-01
4.151847e-02 1.448125e-03 5.370005e-01 1.750000e-01 0.000000e+00 5.000000e-01
2.751131e-02 1.158436e-03 5.370005e-01 2.250000e-01 0.000000e+00 5.000000e-01
1.416639e-02 8.347635e-04 5.370005e-01 2.750000e-01 0.000000e+00 5.000000e-01
8.285246e-03 6.430606e-04 5.370005e-01 3.250000e-01 0.000000e+00 5.000000e-01
6.927730e-03 5.813629e-04 5.370005e-01 3.750000e-01 0.000000e+00 5.000000e-01
4.814760e-03 4.863648e-04 5.370005e-01 4.250000e-01 0.000000e+00 5.000000e-01
6.038038e-03 5.511955e-04 5.370005e-01 4.750000e-01 0.000000e+00 5.000000e-01
6.559131e-03 5.666233e-04 5.370005e-01 5.250000e-01 0.000000e+00 5.000000e-01
5.759084e-03 5.257307e-04 5.370005e-01 5.750000e-01 0.000000e+00 5.000000e-01
5.702838e-03 5.294959e-04 5.370005e-01 6.250000e-01 0.000000e+00 5.000000e-01
5.773067e-03 5.314546e-04 5.370005e-01 6.750000e-01 0.000000e+00 5.000000e-01
4.337557e-03 4.522223e-04 5.370005e-01 7.250000e-01 0.000000e+00 5.000000e-01
6.222689e-03 5.457666e-04 5.370005e-01 7.750000e-01 0.000000e+00 5.000000e-01
3.485684e-03 4.107926e-04 5.370005e-01 8.250000e-01 0.000000e+00 5.000000e-01
3.791023e-03 4.238498e-04 5.370005e-01 8.750000e-01 0.000000e+00 5.000000e-01
2.597524e-03 3.534789e-04 5.370005e-01 9.250000e-01 0.000000e+00 5.000000e-01
2.770094e-03 3.637320e-04 5.370005e-01 9.750000e-01 0.000000e+00 5.000000e-01
3.389823e-03 3.994951e-04 5.370005e-01 1.025000e+00 0.000000e+00 5.000000e-01
3.413217e-03 4.022522e-04 5.370005e-01 1.075000e+00 0.000000e+00 5.000000e-01
3.673141e-03 4.159022e-04 5.370005e-01 1.125000e+00 0.000000e+00 5.000000e-01
1.858556e-03 2.938641e-04 5.370005e-01 1.175000e+00 0.000000e+00 5.000000e-01
2.215340e-03 3.197577e-04 5.370005e-01 1.225000e+00 0.000000e+00 5.000000e-01
1.852915e-03 2.929722e-04 5.370005e-01 1.275000e+00 0.000000e+00 5.000000e-01
1.355333e-03 2.474492e-04 5.370005e-01 1.325000e+00 0.000000e+00 5.000000e-01
1.460428e-03 2.581698e-04 5.370005e-01 1.375000e+00 0.000000e+00 5.000000e-01
1.180300e-03 2.314765e-04 5.370005e-01 1.425000e+00 0.000000e+00 5.000000e-01
1.152518e-03 2.260280e-04 5.370005e-01 1.475000e+00 0.000000e+00 5.000000e-01
9.013925e-04 2.015579e-04 5.370005e-01 1.525000e+00 0.000000e+00 5.000000e-01
5.266101e-04 1.520194e-04 5.370005e-01 1.575000e+00 0.000000e+00 5.000000e-01
9.700948e-04 2.068254e-04 5.370005e-01 1.625000e+00 0.000000e+00 5.000000e-01
7.007737e-04 1.751939e-04 5.370005e-01 1.675000e+00 0.000000e+00 5.000000e-01
6.954503e-04 1.738630e-04 5.370005e-01 1.725000e+00 0.000000e+00 5.000000e-01
1.025844e-03 2.094000e-04 5.370005e-01 1.775000e+00 0.000000e+00 5.000000e-01
1.541530e-03 2.569225e-04 5.370005e-01 1.825000e+00 0.000000e+00 5.000000e-01
7.684553e-04 1.811269e-04 5.370005e-01 1.875000e+00 0.000000e+00 5.000000e-01
9.166307e-04 1.954265e-04 5.370005e-01 1.925000e+00 0.000000e+00 5.000000e-01
1.510181e-03 2.516978e-04 5.370005e-01 1.975000e+00 0.000000e+00 5.000000e-01
7.460968e-04 1.758571e-04 5.370005e-01 2.025000e+00 0.000000e+00 5.000000e-01
6.546750e-04 1.636690e-04 5.370005e-01 2.075000e+00 0.000000e+00 5.000000e-01
1.063528e-03 2.085758e-04 5.370005e-01 2.125000e+00 0.000000e+00 5.000000e-01
4.040941e-04 1.277866e-04 5.370005e-01 2.175000e+00 0.000000e+00 5.000000e-01
3.187066e-04 1.126801e-04 5.370005e-01 2.225000e+00 0.000000e+00 5.000000e-01
3.965076e-04 1.253869e-04 5.370005e-01 2.275000e+00 0.000000e+00 5.000000e-01
3.153611e-04 1.114974e-04 5.370005e-01 2.325000e+00 0.000000e+00 5.000000e-01
3.868629e-04 1.223370e-04 5.370005e-01 2.375000e+00 0.000000e+00 5.000000e-01
3.867867e-04 1.223131e-04 5.370005e-01 2.425000e+00 0.000000e+00 5.000000e-01
4.594677e-04 1.326375e-04 5.370005e-01 2.475000e+00 0.000000e+00 5.000000e-01
4.526788e-04 1.306778e-04 5.370005e-01 2.525000e+00 0.000000e+00 5.000000e-01
3.043740e-04 1.076125e-04 5.370005e-01 2.575000e+00 0.000000e+00 5.000000e-01
3.029224e-04 1.070995e-04 5.370005e-01 2.625000e+00 0.000000e+00 5.000000e-01
4.560326e-04 1.316460e-04 5.370005e-01 2.675000e+00 0.000000e+00 5.000000e-01
1.527116e-04 7.635580e-05 5.370005e-01 2.725000e+00 0.000000e+00 5.000000e-01
6.943052e-04 1.636503e-04 5.370005e-01 2.775000e+00 0.000000e+00 5.000000e-01
1.551047e-04 7.755250e-05 5.370005e-01 2.825000e+00 0.000000e+00 5.000000e-01
3.125222e-04 1.104942e-04 5.370005e-01 2.875000e+00 0.000000e+00 5.000000e-01
4.704683e-04 1.358132e-04 5.370005e-01 2.925000e+00 0.000000e+00 5.000000e-01
2.323970e-04 9.487708e-05 5.370005e-01 2.975000e+00 0.000000e+00 5.000000e-01
2.291203e-04 9.353828e-05 5.370005e-01 3.025000e+00 0.000000e+00 5.000000e-01
4.534561e-04 1.309025e-04 5.370005e-01 3.075000e+00 0.000000e+00 5.000000e-01
2.981944e-04 1.054280e-04 5.370005e-01 3.125000e+00 0.000000e+00 5.000000e-01
2.201428e-04 8.987324e-05 5.370005e-01 3.175000e+00 0.000000e+00 5.000000e-01
1.428752e-04 7.143762e-05 5.370005e-01 3.225000e+00 0.000000e+00 5.000000e-01
2.115670e-04 8.637215e-05 5.370005e-01 3.275000e+00 0.000000e+00 5.000000e-01
2.741751e-04 9.693659e-05 5.370005e-01 3.325000e+00 0.000000e+00 5.000000e-01
2.637034e-04 9.323370e-05 5.370005e-01 3.375000e+00 0.000000e+00 5.000000e-01
5.025793e-04 1.256460e-04 5.370005e-01 3.425000e+00 0.000000e+00 5.000000e-01
4.186464e-04 1.118897e-04 5.370005e-01 3.475000e+00 0.000000e+00 5.000000e-01
0.000000e+00 0.000000e+00 5.370005e-01 3.525000e+00 0.000000e+00 5.000000e-01
3.244803e-04 9.367134e-05 5.370005e-01 3.575000e+00 0.000000e+00 5.000000e-01
3.596808e-04 9.613154e-05 5.370005e-01 3.625000e+00 0.000000e+00 5.000000e-01
2.975526e-04 8.589738e-05 5.370005e-01 3.675000e+00 0.000000e+00 5.000000e-01
3.406748e-04 9.105098e-05 5.370005e-01 3.725000e+00 0.000000e+00 5.000000e-01
4.778714e-04 1.068588e-04 5.370005e-01 3.775000e+00 0.000000e+00 5.000000e-01
3.767889e-04 9.420165e-05 5.370005e-01 3.825000e+00 0.000000e+00 5.000000e-01
4.122071e-04 9.716133e-05 5.370005e-01 3.875000e+00 0.000000e+00 5.000000e-01
4.032247e-04 9.504440e-05 5.370005e-01 3.925000e+00 0.000000e+00 5.000000e-01
4.367794e-04 9.767355e-05 5.370005e-01 3.975000e+00 0.000000e+00 5.000000e-01
3.981223e-01 4.538799e-03 5.570005e-01 2.500000e-02 0.000000e+00 5.000000e-01
2.442263e-01 3.554103e-03 5.570005e-01 7.500000e-02 0.000000e+00 5.000000e-01
8.189164e-02 2.042194e-03 5.570005e-01 1.250000e-01 0.000000e+00 5.000000e-01
4.252020e-02 1.467088e-03 5.570005e-01 1.750000e-01 0.000000e+00 5.000000e-01
2.657646e-02 1.167704e-03 5.570005e-01 2.250000e-01 0.000000e+00 5.000000e-01
1.497783e-02 8.647465e-04 5.570005e-01 2.750000e-01 0.000000e+00 5.000000e-01
7.885663e-03 6.195570e-04 5.570005e-01 3.250000e-01 0.000000e+00 5.000000e-01
6.629081e-03 5.769882e-04 5.570005e-01 3.750000e-01 0.000000e+00 5.000000e-01
5.136873e-03 5.086269e-04 5.570005e-01 4.250000e-01 0.000000e+00 5.000000e-01
6.696370e-03 5.742098e-04 5.570005e-01 4.750000e-01 0.000000e+00 5.000000e-01
7.866463e-03 6.180483e-04 5.570005e-01 5.250000e-01 0.000000e+00 5.000000e-01
6.157583e-03 5.529680e-04 5.570005e-01 5.750000e-01 0.000000e+00 5.000000e-01
6.109513e-03 5.486512e-04 5.570005e-01 6.250000e-01 0.000000e+00 5.000000e-01
6.110450e-03 5.400933e-04 5.570005e-01 6.750000e-01 0.000000e+00 5.000000e-01
4.536271e-03 4.678816e-04 5.570005e-01 7.250000e-01 0.000000e+00 5.000000e-01
4.660770e-03 4.807226e-04 5.570005e-01 7.750000e-01 0.000000e+00 5.000000e-01
4.448501e-03 4.588287e-04 5.570005e-01 8.250000e-01 0.000000e+00 5.000000e-01
3.440292e-03 4.054431e-04 5.570005e-01 8.750000e-01 0.000000e+00 5.000000e-01
3.265842e-03 4.019981e-04 5.570005e-01 9.250000e-01 0.000000e+00 5.000000e-01
3.427736e-03 4.039631e-04 5.570005e-01 9.750000e-01 0.000000e+00 5.000000e-01
2.361905e-03 3.340244e-04 5.570005e-01 1.025000e+00 0.000000e+00 5.000000e-01
2.413946e-03 3.413843e-04 5.570005e-01 1.075000e+00 0.000000e+00 5.000000e-01
2.480751e-03 3.440189e-04 5.570005e-01 1.125000e+00 0.000000e+00 5.000000e-01
2.140133e-03 3.155460e-04 5.570005e-01 1.175000e+00 0.000000e+00 5.000000e-01
1.593676e-03 2.733138e-04 5.570005e-01 1.225000e+00 0.000000e+00 5.000000e-01
2.148495e-03 3.167790e-04 5.570005e-01 1.275000e+00 0.000000e+00 5.000000e-01
1.573722e-03 2.698916e-04 5.570005e-01 1.325000e+00 0.000000e+00 5.000000e-01
7.309993e-04 1.827502e-04 5.570005e-01 1.375000e+00 0.000000e+00 5.000000e-01
1.185757e-03 2.325466e-04 5.570005e-01 1.425000e+00 0.000000e+00 5.000000e-01
1.264077e-03 2.388884e-04 5.570005e-01 1.475000e+00 0.000000e+00 5.000000e-01
5.410831e-04 1.561976e-04 5.570005e-01 1.525000e+00 0.000000e+00 5.000000e-01
3.606507e-04 1.275097e-04 5.570005e-01 1.575000e+00 0.000000e+00 5.000000e-01
8.723033e-04 1.950532e-04 5.570005e-01 1.625000e+00 0.000000e+00 5.000000e-01
6.290605e-04 1.681241e-04 5.570005e-01 1.675000e+00 0.000000e+00 5.000000e-01
6.910006e-04 1.727503e-04 5.570005e-01 1.725000e+00 0.000000e+00 5.000000e-01
1.223343e-03 2.311909e-04 5.570005e-01 1.775000e+00 0.000000e+00 5.000000e-01
6.030885e-04 1.611826e-04 5.570005e-01 1.825000e+00 0.000000e+00 5.000000e-01
1.121721e-03 2.199883e-04 5.570005e-01 1.875000e+00 0.000000e+00 5.000000e-01
6.783903e-04 1.695978e-04 5.570005e-01 1.925000e+00 0.000000e+00 5.000000e-01
7.544863e-04 1.778348e-04 5.570005e-01 1.975000e+00 0.000000e+00 5.000000e-01
7.590664e-04 1.789143e-04 5.570005e-01 2.025000e+00 0.000000e+00 5.000000e-01
7.436687e-04 1.752855e-04 5.570005e-01 2.075000e+00 0.000000e+00 5.000000e-01
2.446339e-04 9.987157e-05 5.570005e-01 2.125000e+00 0.000000e+00 5.000000e-01
4.931712e-04 1.423668e-04 5.570005e-01 2.175000e+00 0.000000e+00 5.000000e-01
3.245830e-04 1.147581e-04 5.570005e-01 2.225000e+00 0.000000e+00 5.000000e-01
4.791341e-04 1.383151e-04 5.570005e-01 2.275000e+00 0.000000e+00 5.000000e-01
3.173858e-04 1.122137e-04 5.570005e-01 2.325000e+00 0.000000e+00 5.000000e-01
2.361947e-04 9.642638e-05 5.570005e-01 2.375000e+00 0.000000e+00 5.000000e-01
3.912469e-04 1.237234e-04 5.570005e-01 2.425000e+00 0.000000e+00 5.000000e-01
1.570335e-04 7.851736e-05 5.570005e-01 2.475000e+00 0.000000e+00 5.000000e-01
7.132154e-04 1.681079e-04 5.570005e-01 2.525000e+00 0.000000e+00 5.000000e-01
8.017152e-05 5.668982e-05 5.570005e-01 2.575000e+00 0.000000e+00 5.000000e-01
3.197019e-04 1.130325e-04 5.570005e-01 2.625000e+00 0.000000e+00 5.000000e-01
4.044117e-04 1.278867e-04 5.570005e-01 2.675000e+00 0.000000e+00 5.000000e-01
3.266128e-04 1.154752e-04 5.570005e-01 2.725000e+00 0.000000e+00 5.000000e-01
6.526739e-04 1.631691e-04 5.570005e-01 2.775000e+00 0.000000e+00 5.000000e-01
1.630163e-04 8.150892e-05 5.570005e-01 2.825000e+00 0.000000e+00 5.000000e-01
7.230480e-04 1.704243e-04 5.570005e-01 2.875000e+00 0.000000e+00 5.000000e-01
3.977440e-04 1.257782e-04 5.570005e-01 2.925000e+00 0.000000e+00 5.000000e-01
7.784915e-05 5.504766e-05 5.570005e-01 2.975000e+00 0.000000e+00 5.000000e-01
2.316747e-04 9.458205e-05 5.570005e-01 3.025000e+00 0.000000e+00 5.000000e-01
3.787148e-04 1.197610e-04 5.570005e-01 3.075000e+00 0.000000e+00 5.000000e-01
3.760065e-04 1.189048e-04 5.570005e-01 3.125000e+00 0.000000e+00 5.000000e-01
2.217285e-04 9.052143e-05 5.570005e-01 3.175000e+00 0.000000e+00 5.000000e-01
1.425559e-04 7.127817e-05 5.570005e-01 3.225000e+00 0.000000e+00 5.000000e-01
3.438963e-04 1.087515e-04 5.570005e-01 3.275000e+00 0.000000e+00 5.000000e-01
3.949655e-04 1.140175e-04 5.570005e-01 3.325000e+00 0.000000e+00 5.000000e-01
2.517352e-04 8.900241e-05 5.570005e-01 3.375000e+00 0.000000e+00 5.000000e-01
3.591278e-04 1.036724e-04 5.570005e-01 3.425000e+00 0.000000e+00 5.000000e-01
2.270439e-04 8.027242e-05 5.570005e-01 3.475000e+00 0.000000e+00 5.000000e-01
3.795449e-04 1.014391e-04 5.570005e-01 3.525000e+00 0.000000e+00 5.000000e-01
4.713736e-04 1.111060e-04 5.570005e-01 3.575000e+00 0.000000e+00 5.000000e-01
2.588054e-04 8.184422e-05 5.570005e-01 3.625000e+00 0.000000e+00 5.000000e-01
1.526613e-04 6.232418e-05 5.570005e-01 3.675000e+00 0.000000e+00 5.000000e-01
3.999978e-04 9.999998e-05 5.570005e-01 3.725000e+00 0.000000e+00 5.000000e-01
3.927249e-04 9.818490e-05 5.570005e-01 3.775000e+00 0.000000e+00 5.000000e-01
2.896234e-04 8.360933e-05 5.570005e-01 3.825000e+00 0.000000e+00 5.000000e-01
3.304698e-04 8.832431e-05 5.570005e-01 3.875000e+00 0.000000e+00 5.000000e-01
5.062833e-04 1.079466e-04 5.570005e-01 3.925000e+00 0.000000e+00 5.000000e-01
4.008982e-04 9.449975e-05 5.570005e-01 3.975000e+00 0.000000e+00 5.000000e-01
4.115365e-01 4.636613e-03 5.770005e-01 2.500000e-02 0.000000e+00 5.000000e-01
2.325774e-01 3.491197e-03 5.770005e-01 7.500000e-02 0.000000e+00 5.000000e-01
8.723245e-02 2.143623e-03 5.770005e-01 1.250000e-01 0.000000e+00 5.000000e-01
4.340045e-02 1.504642e-03 5.770005e-01 1.750000e-01 0.000000e+00 5.000000e-01
2.801232e-02 1.190131e-03 5.770005e-01 2.250000e-01 0.000000e+00 5.000000e-01
1.401523e-02 8.436187e-04 5.770005e-01 2.750000e-01 0.000000e+00 5.000000e-01
7.287321e-03 6.115391e-04 5.770005e-01 3.250000e-01 0.000000e+00 5.000000e-01
5.978312e-03 5.457435e-04 5.770005e-01 3.750000e-01 0.000000e+00 5.000000e-01
5.974140e-03 5.408738e-04 5.770005e-01 4.250000e-01 0.000000e+00 5.000000e-01
5.781962e-03 5.415311e-04 5.770005e-01 4.750000e-01 0.000000e+00 5.000000e-01
5.829406e-03 5.412475e-04 5.770005e-01 5.250000e-01 0.000000e+00 5.000000e-01
3.715609e-03 4.262101e-04 5.770005e-01 5.750000e-01 0.000000e+00 5.000000e-01
5.646516e-03 5.242667e-04 5.770005e-01 6.250000e-01 0.000000e+00 5.000000e-01
4.972169e-03 4.972177e-04 5.770005e-01 6.750000e-01 0.000000e+00 5.000000e-01
4.697650e-03 4.845264e-04 5.770005e-01 7.250000e-01 0.000000e+00 5.000000e-01
4.232773e-03 4.512158e-04 5.770005e-01 7.750000e-01 0.000000e+00 5.000000e-01
2.954825e-03 3.752637e-04 5.770005e-01 8.250000e-01 0.000000e+00 5.000000e-01
3.770668e-03 4.383320e-04 5.770005e-01 8.750000e-01 0.000000e+00 5.000000e-01
3.667414e-03 4.206819e-04 5.770005e-01 9.250000e-01 0.000000e+00 5.000000e-01
3.703663e-03 4.193581e-04 5.770005e-01 9.750000e-01 0.000000e+00 5.000000e-01
3.485312e-03 4.107484e-04 5.770005e-01 1.025000e+00 0.000000e+00 5.000000e-01
2.628677e-03 3.577184e-04 5.770005e-01 1.075000e+00 0.000000e+00 5.000000e-01
2.966102e-03 3.766961e-04 5.770005e-01 1.125000e+00 0.000000e+00 5.000000e-01
3.264327e-03 3.901624e-04 5.770005e-01 1.175000e+00 0.000000e+00 5.000000e-01
2.006059e-03 3.095423e-04 5.770005e-01 1.225000e+00 0.000000e+00 5.000000e-01
1.602791e-03 2.748768e-04 5.770005e-01 1.275000e+00 0.000000e+00 5.000000e-01
1.579434e-03 2.708712e-04 5.770005e-01 1.325000e+00 0.000000e+00 5.000000e-01
1.020202e-03 2.175084e-04 5.770005e-01 1.375000e+00 0.000000e+00 5.000000e-01
1.470442e-03 2.599403e-04 5.770005e-01 1.425000e+00 0.000000e+00 5.000000e-01
9.259847e-04 2.070568e-04 5.770005e-01 1.475000e+00 0.000000e+00 5.000000e-01
8.119815e-04 1.913863e-04 5.770005e-01 1.525000e+00 0.000000e+00 5.000000e-01
9.991346e-04 2.130168e-04 5.770005e-01 1.575000e+00 0.000000e+00 5.000000e-01
1.146929e-03 2.249316e-04 5.770005e-01 1.625000e+00 0.000000e+00 5.000000e-01
5.396643e-04 1.557884e-04 5.770005e-01 1.675000e+00 0.000000e+00 5.000000e-01
8.966574e-04 2.004990e-04 5.770005e-01 1.725000e+00 0.000000e+00 5.000000e-01
8.621055e-04 1.927733e-04 5.770005e-01 1.775000e+00 0.000000e+00 5.000000e-01
7.954090e-04 1.874801e-04 5.770005e-01 1.825000e+00 0.000000e+00 5.000000e-01
1.032845e-03 2.108294e-04 5.770005e-01 1.875000e+00 0.000000e+00 5.000000e-01
8.632239e-04 1.930233e-04 5.770005e-01 1.925000e+00 0.000000e+00 5.000000e-01
9.298726e-04 1.982499e-04 5.770005e-01 1.975000e+00 0.000000e+00 5.000000e-01
8.365483e-04 1.870582e-04 5.770005e-01 2.025000e+00 0.000000e+00 5.000000e-01
5.085232e-04 1.467989e-04 5.770005e-01 2.075000e+00 0.000000e+00 5.000000e-01
2.471069e-04 1.008810e-04 5.770005e-01 2.125000e+00 0.000000e+00 5.000000e-01
4.125481e-04 1.304596e-04 5.770005e-01 2.175000e+00 0.000000e+00 5.000000e-01
4.076409e-04 1.289077e-04 5.770005e-01 2.225000e+00 0.000000e+00 5.000000e-01
6.579505e-04 1.644883e-04 5.770005e-01 2.275000e+00 0.000000e+00 5.000000e-01
4.894303e-04 1.412866e-04 5.770005e-01 2.325000e+00 0.000000e+00 5.000000e-01
4.899156e-04 1.414273e-04 5.770005e-01 2.375000e+00 0.000000e+00 5.000000e-01
4.118333e-04 1.302340e-04 5.770005e-01 2.425000e+00 0.000000e+00 5.000000e-01
3.379393e-04 1.194800e-04 5.770005e-01 2.475000e+00 0.000000e+00 5.000000e-01
1.670071e-04 8.350355e-05 5.770005e-01 2.525000e+00 0.000000e+00 5.000000e-01
5.951840e-04 1.590704e-04 5.770005e-01 2.575000e+00 0.000000e+00 5.000000e-01
2.558439e-04 1.044483e-04 5.770005e-01 2.625000e+00 0.000000e+00 5.000000e-01
3.416875e-04 1.208050e-04 5.770005e-01 2.675000e+00 0.000000e+00 5.000000e-01
4.223055e-04 1.335455e-04 5.770005e-01 2.725000e+00 0.000000e+00 5.000000e-01
1.656029e-04 8.280143e-05 5.770005e-01 2.775000e+00 0.000000e+00 5.000000e-01
2.469309e-04 1.008096e-04 5.770005e-01 2.825000e+00 0.000000e+00 5.000000e-01
4.051461e-04 1.281198e-04 5.770005e-01 2.875000e+00 0.000000e+00 5.000000e-01
3.224148e-04 1.139914e-04 5.770005e-01 2.925000e+00 0.000000e+00 5.000000e-01
3.962608e-04 1.253100e-04 5.770005e-01 2.975000e+00 0.000000e+00 5.000000e-01
3.914069e-04 1.237738e-04 5.770005e-01 3.025000e+00 0.000000e+00 5.000000e-01
2.299267e-04 9.386775e-05 5.770005e-01 3.075000e+00 0.000000e+00 5.000000e-01
2.963887e-04 1.047902e-04 5.770005e-01 3.125000e+00 0.000000e+00 5.000000e-01
3.582722e-04 1.132969e-04 5.770005e-01 3.175000e+00 0.000000e+00 5.000000e-01
2.732859e-04 9.662227e-05 5.770005e-01 3.225000e+00 0.000000e+00 5.000000e-01
3.242103e-04 1.025247e-04 5.770005e-01 3.275000e+00 0.000000e+00 5.000000e-01
3.119242e-04 9.863994e-05 5.770005e-01 3.325000e+00 0.000000e+00 5.000000e-01
3.575350e-04 1.032137e-04 5.770005e-01 3.375000e+00 0.000000e+00 5.000000e-01
3.393738e-04 9.796905e-05 5.770005e-01 3.425000e+00 0.000000e+00 5.000000e-01
2.217984e-04 7.841972e-05 5.770005e-01 3.475000e+00 0.000000e+00 5.000000e-01
2.168662e-04 7.667453e-05 5.770005e-01 3.525000e+00 0.000000e+00 5.000000e-01
4.302875e-04 1.075726e-04 5.770005e-01 3.575000e+00 0.000000e+00 5.000000e-01
2.647450e-04 8.372190e-05 5.770005e-01 3.625000e+00 0.000000e+00 5.000000e-01
4.184266e-04 1.046088e-04 5.770005e-01 3.675000e+00 0.000000e+00 5.000000e-01
2.067005e-04 7.307976e-05 5.770005e-01 3.725000e+00 0.000000e+00 5.000000e-01
3.534611e-04 9.447007e-05 5.770005e-01 3.775000e+00 0.000000e+00 5.000000e-01
4.453372e-04 1.049691e-04 5.770005e-01 3.825000e+00 0.000000e+00 5.000000e-01
4.313433e-04 1.016725e-04 5.770005e-01 3.875000e+00 0.000000e+00 5.000000e-01
6.939796e-04 1.267081e-04 5.770005e-01 3.925000e+00 0.000000e+00 5.000000e-01
5.377007e-04 1.097629e-04 5.770005e-01 3.975000e+00 0.000000e+00 5.000000e-01
4.156074e-01 4.756098e-03 5.970005e-01 2.500000e-02 0.000000e+00 5.000000e-01
2.548813e-01 3.675072e-03 5.970005e-01 7.500000e-02 0.000000e+00 5.000000e-01
9.716152e-02 2.266324e-03 5.970005e-01 1.250000e-01 0.000000e+00 5.000000e-01
4.845974e-02 1.602908e-03 5.970005e-01 1.750000e-01 0.000000e+00 5.000000e-01
3.041214e-02 1.267174e-03 5.970005e-01 2.250000e-01 0.000000e+00 5.000000e-01
1.434228e-02 8.601940e-04 5.970005e-01 2.750000e-01 0.000000e+00 5.000000e-01
7.220689e-03 6.017249e-04 5.970005e-01 3.250000e-01 0.000000e+00 5.000000e-01
4.648550e-03 4.846455e-04 5.970005e-01 3.750000e-01 0.000000e+00 5.000000e-01
6.527832e-03 5.815463e-04 5.970005e-01 4.250000e-01 0.000000e+00 5.000000e-01
6.371194e-03 5.631400e-04 5.970005e-01 4.750000e-01 0.000000e+00 5.000000e-01
6.374906e-03 5.591170e-04 5.970005e-01 5.250000e-01 0.000000e+00 5.000000e-01
4.462918e-03 4.704337e-04 5.970005e-01 5.750000e-01 0.000000e+00 5.000000e-01
5.576114e-03 5.316623e-04 5.970005e-01 6.250000e-01 0.000000e+00 5.000000e-01
4.968235e-03 4.968243e-04 5.970005e-01 6.750000e-01 0.000000e+00 5.000000e-01
4.591094e-03 4.735358e-04 5.970005e-01 7.250000e-01 0.000000e+00 5.000000e-01
3.973062e-03 4.387520e-04 5.970005e-01 7.750000e-01 0.000000e+00 5.000000e-01
3.754793e-03 4.364865e-04 5.970005e-01 8.250000e-01 0.000000e+00 5.000000e-01
3.663808e-03 4.259099e-04 5.970005e-01 8.750000e-01 0.000000e+00 5.000000e-01
2.865296e-03 3.699087e-04 5.970005e-01 9.250000e-01 0.000000e+00 5.000000e-01
3.872480e-03 4.329573e-04 5.970005e-01 9.750000e-01 0.000000e+00 5.000000e-01
2.693445e-03 3.665320e-04 5.970005e-01 1.025000e+00 0.000000e+00 5.000000e-01
3.754073e-03 4.250659e-04 5.970005e-01 1.075000e+00 0.000000e+00 5.000000e-01
2.965815e-03 3.766595e-04 5.970005e-01 1.125000e+00 0.000000e+00 5.000000e-01
1.832537e-03 2.972773e-04 5.970005e-01 1.175000e+00 0.000000e+00 5.000000e-01
1.717539e-03 2.862571e-04 5.970005e-01 1.225000e+00 0.000000e+00 5.000000e-01
1.336557e-03 2.525860e-04 5.970005e-01 1.275000e+00 0.000000e+00 5.000000e-01
1.500224e-03 2.652054e-04 5.970005e-01 1.325000e+00 0.000000e+00 5.000000e-01
1.412180e-03 2.578283e-04 5.970005e-01 1.375000e+00 0.000000e+00 5.000000e-01
1.210341e-03 2.373680e-04 5.970005e-01 1.425000e+00 0.000000e+00 5.000000e-01
3.716262e-04 1.313900e-04 5.970005e-01 1.475000e+00 0.000000e+00 5.000000e-01
6.399847e-04 1.710435e-04 5.970005e-01 1.525000e+00 0.000000e+00 5.000000e-01
3.666431e-04 1.296282e-04 5.970005e-01 1.575000e+00 0.000000e+00 5.000000e-01
1.269562e-03 2.399256e-04 5.970005e-01 1.625000e+00 0.000000e+00 5.000000e-01
7.963687e-04 1.877063e-04 5.970005e-01 1.675000e+00 0.000000e+00 5.000000e-01
6.338866e-04 1.694138e-04 5.970005e-01 1.725000e+00 0.000000e+00 5.000000e-01
9.790280e-04 2.087300e-04 5.970005e-01 1.775000e+00 0.000000e+00 5.000000e-01
1.044153e-03 2.131374e-04 5.970005e-01 1.825000e+00 0.000000e+00 5.000000e-01
7.059081e-04 1.764777e-04 5.970005e-01 1.875000e+00 0.000000e+00 5.000000e-01
1.202610e-03 2.272724e-04 5.970005e-01 1.925000e+00 0.000000e+00 5.000000e-01
1.126997e-03 2.210233e-04 5.970005e-01 1.975000e+00 0.000000e+00 5.000000e-01
5.936118e-04 1.586501e-04 5.970005e-01 2.025000e+00 0.000000e+00 5.000000e-01
4.194218e-04 1.326333e-04 5.970005e-01 2.075000e+00 0.000000e+00 5.000000e-01
5.121971e-04 1.478594e-04 5.970005e-01 2.125000e+00 0.000000e+00 5.000000e-01
5.922932e-04 1.582976e-04 5.970005e-01 2.175000e+00 0.000000e+00 5.000000e-01
4.264480e-04 1.348551e-04 5.970005e-01 2.225000e+00 0.000000e+00 5.000000e-01
6.816844e-04 1.704219e-04 5.970005e-01 2.275000e+00 0.000000e+00 5.000000e-01
3.458211e-04 1.222664e-04 5.970005e-01 2.325000e+00 0.000000e+00 5.000000e-01
6.119074e-04 1.635399e-04 5.970005e-01 2.375000e+00 0.000000e+00 5.000000e-01
4.417630e-04 1.396981e-04 5.970005e-01 2.425000e+00 0.000000e+00 5.000000e-01
3.551470e-04 1.255638e-04 5.970005e-01 2.475000e+00 0.000000e+00 5.000000e-01
3.540128e-04 1.251631e-04 5.970005e-01 2.525000e+00 0.000000e+00 5.000000e-01
3.545725e-04 1.253606e-04 5.970005e-01 2.575000e+00 0.000000e+00 5.000000e-01
5.236402e-04 1.511622e-04 5.970005e-01 2.625000e+00 0.000000e+00 5.000000e-01
8.545571e-05 6.042632e-05 5.970005e-01 2.675000e+00 0.000000e+00 5.000000e-01
3.404381e-04 1.203633e-04 5.970005e-01 2.725000e+00 0.000000e+00 5.000000e-01
1.683476e-04 8.417382e-05 5.970005e-01 2.775000e+00 0.000000e+00 5.000000e-01
8.331958e-05 5.891584e-05 5.970005e-01 2.825000e+00 0.000000e+00 5.000000e-01
2.454520e-04 1.002055e-04 5.970005e-01 2.875000e+00 0.000000e+00 5.000000e-01
1.620681e-04 8.103415e-05 5.970005e-01 2.925000e+00 0.000000e+00 5.000000e-01
3.159734e-04 1.117137e-04 5.970005e-01 2.975000e+00 0.000000e+00 5.000000e-01
3.089385e-04 1.092272e-04 5.970005e-01 3.025000e+00 0.000000e+00 5.000000e-01
4.421617e-04 1.276416e-04 5.970005e-01 3.075000e+00 0.000000e+00 5.000000e-01
4.228411e-04 1.220643e-04 5.970005e-01 3.125000e+00 0.000000e+00 5.000000e-01
2.041504e-04 8.334414e-05 5.970005e-01 3.175000e+00 0.000000e+00 5.000000e-01
1.941883e-04 7.927841e-05 5.970005e-01 3.225000e+00 0.000000e+00 5.000000e-01
4.304122e-04 1.150336e-04 5.970005e-01 3.275000e+00 0.000000e+00 5.000000e-01
4.155651e-04 1.110652e-04 5.970005e-01 3.325000e+00 0.000000e+00 5.000000e-01
3.473166e-04 1.002630e-04 5.970005e-01 3.375000e+00 0.000000e+00 5.000000e-01
1.704767e-04 6.959721e-05 5.970005e-01 3.425000e+00 0.000000e+00 5.000000e-01
3.379071e-04 9.754712e-05 5.970005e-01 3.475000e+00 0.000000e+00 5.000000e-01
5.566504e-05 3.936113e-05 5.970005e-01 3.525000e+00 0.000000e+00 5.000000e-01
3.286833e-04 9.488375e-05 5.970005e-01 3.575000e+00 0.000000e+00 5.000000e-01
3.252033e-04 9.388020e-05 5.970005e-01 3.625000e+00 0.000000e+00 5.000000e-01
1.615951e-04 6.597126e-05 5.970005e-01 3.675000e+00 0.000000e+00 5.000000e-01
2.105183e-04 7.443129e-05 5.970005e-01 3.725000e+00 0.000000e+00 5.000000e-01
3.060456e-04 8.835025e-05 5.970005e-01 3.775000e+00 0.000000e+00 5.000000e-01
3.491237e-04 9.331034e-05 5.970005e-01 3.825000e+00 0.000000e+00 5.000000e-01
4.321091e-04 1.018511e-04 5.970005e-01 3.875000e+00 0.000000e+00 5.000000e-01
4.684926e-04 1.047635e-04 5.970005e-01 3.925000e+00 0.000000e+00 5.000000e-01
4.520069e-04 1.010760e-04 5.970005e-01 3.975000e+00 0.000000e+00 5.000000e-01
4.023611e-01 4.675463e-03 6.170005e-01 2.500000e-02 0.000000e+00 5.000000e-01
2.603235e-01 3.766090e-03 6.170005e-01 7.500000e-02 0.000000e+00 5.000000e-01
1.071496e-01 2.420265e-03 6.170005e-01 1.250000e-01 0.000000e+00 5.000000e-01
5.449208e-02 1.704545e-03 6.170005e-01 1.750000e-01 0.000000e+00 5.000000e-01
3.383475e-02 1.337438e-03 6.170005e-01 2.250000e-01 0.000000e+00 5.000000e-01
1.514377e-02 8.892742e-04 6.170005e-01 2.750000e-01 0.000000e+00 5.000000e-01
6.968914e-03 6.020235e-04 6.170005e-01 3.250000e-01 0.000000e+00 5.000000e-01
6.701500e-03 5.877612e-04 6.170005e-01 3.750000e-01 0.000000e+00 5.000000e-01
5.586685e-03 5.326701e-04 6.170005e-01 4.250000e-01 0.000000e+00 5.000000e-01
7.450081e-03 6.123937e-04 6.170005e-01 4.750000e-01 0.000000e+00 5.000000e-01
5.892237e-03 5.470813e-04 6.170005e-01 5.250000e-01 0.000000e+00 5.000000e-01
5.763083e-03 5.397629e-04 6.170005e-01 5.750000e-01 0.000000e+00 5.000000e-01
5.228352e-03 5.078231e-04 6.170005e-01 6.250000e-01 0.000000e+00 5.000000e-01
5.375827e-03 5.172901e-04 6.170005e-01 6.750000e-01 0.000000e+00 5.000000e-01
3.645911e-03 4.296753e-04 6.170005e-01 7.250000e-01 0.000000e+00 5.000000e-01
2.378810e-03 3.433521e-04 6.170005e-01 7.750000e-01 0.000000e+00 5.000000e-01
4.442976e-03 4.683316e-04 6.170005e-01 8.250000e-01 0.000000e+00 5.000000e-01
4.018112e-03 4.437270e-04 6.170005e-01 8.750000e-01 0.000000e+00 5.000000e-01
2.965002e-03 3.827807e-04 6.170005e-01 9.250000e-01 0.000000e+00 5.000000e-01
2.392196e-03 3.452845e-04 6.170005e-01 9.750000e-01 0.000000e+00 5.000000e-01
2.524293e-03 3.500572e-04 6.170005e-01 1.025000e+00 0.000000e+00 5.000000e-01
2.791329e-03 3.665201e-04 6.170005e-01 1.075000e+00 0.000000e+00 5.000000e-01
1.836325e-03 2.978917e-04 6.170005e-01 1.125000e+00 0.000000e+00 5.000000e-01
1.899908e-03 3.082065e-04 6.170005e-01 1.175000e+00 0.000000e+00 5.000000e-01
2.167502e-03 3.195813e-04 6.170005e-01 1.225000e+00 0.000000e+00 5.000000e-01
1.812328e-03 2.939992e-04 6.170005e-01 1.275000e+00 0.000000e+00 5.000000e-01
6.730717e-04 1.798861e-04 6.170005e-01 1.325000e+00 0.000000e+00 5.000000e-01
9.518936e-04 2.128501e-04 6.170005e-01 1.375000e+00 0.000000e+00 5.000000e-01
1.689312e-03 2.815527e-04 6.170005e-01 1.425000e+00 0.000000e+00 5.000000e-01
4.651907e-04 1.471064e-04 6.170005e-01 1.475000e+00 0.000000e+00 5.000000e-01
1.105342e-03 2.256275e-04 6.170005e-01 1.525000e+00 0.000000e+00 5.000000e-01
8.349476e-04 1.967996e-04 6.170005e-01 1.575000e+00 0.000000e+00 5.000000e-01
8.288215e-04 1.953554e-04 6.170005e-01 1.625000e+00 0.000000e+00 5.000000e-01
8.001614e-04 1.886005e-04 6.170005e-01 1.675000e+00 0.000000e+00 5.000000e-01
1.085946e-03 2.216681e-04 6.170005e-01 1.725000e+00 0.000000e+00 5.000000e-01
8.200066e-04 1.932779e-04 6.170005e-01 1.775000e+00 0.000000e+00 5.000000e-01
5.279885e-04 1.524173e-04 6.170005e-01 1.825000e+00 0.000000e+00 5.000000e-01
7.913117e-04 1.865147e-04 6.170005e-01 1.875000e+00 0.000000e+00 5.000000e-01
7.970178e-04 1.878596e-04 6.170005e-01 1.925000e+00 0.000000e+00 5.000000e-01
6.915274e-04 1.728822e-04 6.170005e-01 1.975000e+00 0.000000e+00 5.000000e-01
7.062301e-04 1.765581e-04 6.170005e-01 2.025000e+00 0.000000e+00 5.000000e-01
6.202476e-04 1.657687e-04 6.170005e-01 2.075000e+00 0.000000e+00 5.000000e-01
6.155329e-04 1.645087e-04 6.170005e-01 2.125000e+00 0.000000e+00 5.000000e-01
6.321789e-04 1.689573e-04 6.170005e-01 2.175000e+00 0.000000e+00 5.000000e-01
1.816464e-04 9.082334e-05 6.170005e-01 2.225000e+00 0.000000e+00 5.000000e-01
1.830762e-04 9.153823e-05 6.170005e-01 2.275000e+00 0.000000e+00 5.000000e-01
7.432595e-04 1.858161e-04 6.170005e-01 2.325000e+00 0.000000e+00 5.000000e-01
2.753342e-04 1.124047e-04 6.170005e-01 2.375000e+00 0.000000e+00 5.000000e-01
3.670519e-04 1.297730e-04 6.170005e-01 2.425000e+00 0.000000e+00 5.000000e-01
3.632660e-04 1.284349e-04 6.170005e-01 2.475000e+00 0.000000e+00 5.000000e-01
2.684898e-04 1.096110e-04 6.170005e-01 2.525000e+00 0.000000e+00 5.000000e-01
1.783139e-04 8.915711e-05 6.170005e-01 2.575000e+00 0.000000e+00 5.000000e-01
4.372582e-04 1.382743e-04 6.170005e-01 2.625000e+00 0.000000e+00 5.000000e-01
4.329180e-04 1.369018e-04 6.170005e-01 2.675000e+00 0.000000e+00 5.000000e-01
4.280787e-04 1.353710e-04 6.170005e-01 2.725000e+00 0.000000e+00 5.000000e-01
4.220723e-04 1.334712e-04 6.170005e-01 2.775000e+00 0.000000e+00 5.000000e-01
8.404090e-05 5.942589e-05 6.170005e-01 2.825000e+00 0.000000e+00 5.000000e-01
2.448284e-04 9.995179e-05 6.170005e-01 2.875000e+00 0.000000e+00 5.000000e-01
7.876865e-05 5.569784e-05 6.170005e-01 2.925000e+00 0.000000e+00 5.000000e-01
5.280081e-04 1.411171e-04 6.170005e-01 2.975000e+00 0.000000e+00 5.000000e-01
2.903049e-04 1.026389e-04 6.170005e-01 3.025000e+00 0.000000e+00 5.000000e-01
6.983743e-05 4.938252e-05 6.170005e-01 3.075000e+00 0.000000e+00 5.000000e-01
4.631214e-04 1.237751e-04 6.170005e-01 3.125000e+00 0.000000e+00 5.000000e-01
3.809867e-04 1.099823e-04 6.170005e-01 3.175000e+00 0.000000e+00 5.000000e-01
2.452291e-04 8.670311e-05 6.170005e-01 3.225000e+00 0.000000e+00 5.000000e-01
3.616520e-04 1.044014e-04 6.170005e-01 3.275000e+00 0.000000e+00 5.000000e-01
2.984094e-04 9.436744e-05 6.170005e-01 3.325000e+00 0.000000e+00 5.000000e-01
2.361225e-04 8.348328e-05 6.170005e-01 3.375000e+00 0.000000e+00 5.000000e-01
2.916320e-04 9.222515e-05 6.170005e-01 3.425000e+00 0.000000e+00 5.000000e-01
5.182454e-04 1.221541e-04 6.170005e-01 3.475000e+00 0.000000e+00 5.000000e-01
3.405465e-04 9.830842e-05 6.170005e-01 3.525000e+00 0.000000e+00 5.000000e-01
2.820967e-04 8.920868e-05 6.170005e-01 3.575000e+00 0.000000e+00 5.000000e-01
4.974165e-04 1.172439e-04 6.170005e-01 3.625000e+00 0.000000e+00 5.000000e-01
4.880041e-04 1.150271e-04 6.170005e-01 3.675000e+00 0.000000e+00 5.000000e-01
4.742318e-04 1.117802e-04 6.170005e-01 3.725000e+00 0.000000e+00 5.000000e-01
5.139271e-04 1.149207e-04 6.170005e-01 3.775000e+00 0.000000e+00 5.000000e-01
5.501702e-04 1.173005e-04 6.170005e-01 3.825000e+00 0.000000e+00 5.000000e-01
3.389806e-04 9.059957e-05 6.170005e-01 3.875000e+00 0.000000e+00 5.000000e-01
3.741581e-04 9.354035e-05 6.170005e-01 3.925000e+00 0.000000e+00 5.000000e-01
5.867766e-04 1.150832e-04 6.170005e-01 3.975000e+00 0.000000e+00 5.000000e-01
4.204045e-01 4.818573e-03 6.370005e-01 2.500000e-02 0.000000e+00 5.000000e-01
2.629780e-01 3.846586e-03 6.370005e-01 7.500000e-02 0.000000e+00 5.000000e-01
1.088092e-01 2.436707e-03 6.370005e-01 1.250000e-01 0.000000e+00 5.000000e-01
5.523251e-02 1.736221e-03 6.370005e-01 1.750000e-01 0.000000e+00 5.000000e-01
3.444455e-02 1.361542e-03 6.370005e-01 2.250000e-01 0.000000e+00 5.000000e-01
1.663273e-02 9.356652e-04 6.370005e-01 2.750000e-01 0.000000e+00 5.000000e-01
5.970141e-03 5.591556e-04 6.370005e-01 3.250000e-01 0.000000e+00 5.000000e-01
4.966349e-03 5.122405e-04 6.370005e-01 3.750000e-01 0.000000e+00 5.000000e-01
6.080088e-03 5.645227e-04 6.370005e-01 4.250000e-01 0.000000e+00 5.000000e-01
5.197986e-03 5.097052e-04 6.370005e-01 4.750000e-01 0.000000e+00 5.000000e-01
4.388321e-03 4.677971e-04 6.370005e-01 5.250000e-01 0.000000e+00 5.000000e-01
5.037161e-03 5.088309e-04 6.370005e-01 5.750000e-01 0.000000e+00 5.000000e-01
5.168984e-03 5.118063e-04 6.370005e-01 6.250000e-01 0.000000e+00 5.000000e-01
6.166243e-03 5.582663e-04 6.370005e-01 6.750000e-01 0.000000e+00 5.000000e-01
5.492048e-03 5.236469e-04 6.370005e-01 7.250000e-01 0.000000e+00 5.000000e-01
4.526008e-03 4.718699e-04 6.370005e-01 7.750000e-01 0.000000e+00 5.000000e-01
3.976816e-03 4.446222e-04 6.370005e-01 8.250000e-01 0.000000e+00 5.000000e-01
3.712158e-03 4.374827e-04 6.370005e-01 8.750000e-01 0.000000e+00 5.000000e-01
3.419362e-03 4.146595e-04 6.370005e-01 9.250000e-01 0.000000e+00 5.000000e-01
3.841547e-03 4.294989e-04 6.370005e-01 9.750000e-01 0.000000e+00 5.000000e-01
3.263715e-03 3.957843e-04 6.370005e-01 1.025000e+00 0.000000e+00 5.000000e-01
1.996272e-03 3.156389e-04 6.370005e-01 1.075000e+00 0.000000e+00 5.000000e-01
2.521438e-03 3.565858e-04 6.370005e-01 1.125000e+00 0.000000e+00 5.000000e-01
1.454897e-03 2.656272e-04 6.370005e-01 1.175000e+00 0.000000e+00 5.000000e-01
2.201459e-03 3.245885e-04 6.370005e-01 1.225000e+00 0.000000e+00 5.000000e-01
1.419212e-03 2.591121e-04 6.370005e-01 1.275000e+00 0.000000e+00 5.000000e-01
1.287704e-03 2.525396e-04 6.370005e-01 1.325000e+00 0.000000e+00 5.000000e-01
1.066932e-03 2.274711e-04 6.370005e-01 1.375000e+00 0.000000e+00 5.000000e-01
1.877754e-03 2.968994e-04 6.370005e-01 1.425000e+00 0.000000e+00 5.000000e-01
5.619484e-04 1.622208e-04 6.370005e-01 1.475000e+00 0.000000e+00 5.000000e-01
5.570863e-04 1.608173e-04 6.370005e-01 1.525000e+00 0.000000e+00 5.000000e-01
9.283801e-04 2.075924e-04 6.370005e-01 1.575000e+00 0.000000e+00 5.000000e-01
6.517290e-04 1.741821e-04 6.370005e-01 1.625000e+00 0.000000e+00 5.000000e-01
7.429428e-04 1.857361e-04 6.370005e-01 1.675000e+00 0.000000e+00 5.000000e-01
1.242124e-03 2.347399e-04 6.370005e-01 1.725000e+00 0.000000e+00 5.000000e-01
4.563400e-04 1.443077e-04 6.370005e-01 1.775000e+00 0.000000e+00 5.000000e-01
8.233763e-04 1.940724e-04 6.370005e-01 1.825000e+00 0.000000e+00 5.000000e-01
1.152203e-03 2.259662e-04 6.370005e-01 1.875000e+00 0.000000e+00 5.000000e-01
3.686310e-04 1.303309e-04 6.370005e-01 1.925000e+00 0.000000e+00 5.000000e-01
3.768539e-04 1.332384e-04 6.370005e-01 1.975000e+00 0.000000e+00 5.000000e-01
3.682859e-04 1.302092e-04 6.370005e-01 2.025000e+00 0.000000e+00 5.000000e-01
1.219662e-03 2.391965e-04 6.370005e-01 2.075000e+00 0.000000e+00 5.000000e-01
4.819195e-04 1.523967e-04 6.370005e-01 2.125000e+00 0.000000e+00 5.000000e-01
3.799798e-04 1.343435e-04 6.370005e-01 2.175000e+00 0.000000e+00 5.000000e-01
2.854958e-04 1.165540e-04 6.370005e-01 2.225000e+00 0.000000e+00 5.000000e-01
2.885348e-04 1.177942e-04 6.370005e-01 2.275000e+00 0.000000e+00 5.000000e-01
4.698551e-04 1.485816e-04 6.370005e-01 2.325000e+00 0.000000e+00 5.000000e-01
9.365531e-05 6.622431e-05 6.370005e-01 2.375000e+00 0.000000e+00 5.000000e-01
5.541642e-04 1.599736e-04 6.370005e-01 2.425000e+00 0.000000e+00 5.000000e-01
4.547470e-04 1.438046e-04 6.370005e-01 2.475000e+00 0.000000e+00 5.000000e-01
3.607019e-04 1.275282e-04 6.370005e-01 2.525000e+00 0.000000e+00 5.000000e-01
3.573271e-04 1.263346e-04 6.370005e-01 2.575000e+00 0.000000e+00 5.000000e-01
2.659113e-04 1.085583e-04 6.370005e-01 2.625000e+00 0.000000e+00 5.000000e-01
2.621620e-04 1.070277e-04 6.370005e-01 2.675000e+00 0.000000e+00 5.000000e-01
1.716735e-04 8.583675e-05 6.370005e-01 2.725000e+00 0.000000e+00 5.000000e-01
2.489225e-04 1.016224e-04 6.370005e-01 2.775000e+00 0.000000e+00 5.000000e-01
6.448247e-04 1.612074e-04 6.370005e-01 2.825000e+00 0.000000e+00 5.000000e-01
3.860747e-04 1.220882e-04 6.370005e-01 2.875000e+00 0.000000e+00 5.000000e-01
3.696342e-04 1.168890e-04 6.370005e-01 2.925000e+00 0.000000e+00 5.000000e-01
2.835695e-04 1.002576e-04 6.370005e-01 2.975000e+00 0.000000e+00 5.000000e-01
1.366938e-04 6.834711e-05 6.370005e-01 3.025000e+00 0.000000e+00 5.000000e-01
3.906508e-04 1.127723e-04 6.370005e-01 3.075000e+00 0.000000e+00 5.000000e-01
1.925436e-04 7.860583e-05 6.370005e-01 3.125000e+00 0.000000e+00 5.000000e-01
5.036531e-04 1.259139e-04 6.370005e-01 3.175000e+00 0.000000e+00 5.000000e-01
4.966078e-04 1.241540e-04 6.370005e-01 3.225000e+00 0.000000e+00 5.000000e-01
1.234537e-04 6.172746e-05 6.370005e-01 3.275000e+00 0.000000e+00 5.000000e-01
2.448215e-04 8.655756e-05 6.370005e-01 3.325000e+00 0.000000e+00 5.000000e-01
3.629806e-04 1.047853e-04 6.370005e-01 3.375000e+00 0.000000e+00 5.000000e-01
2.990580e-04 9.457320e-05 6.370005e-01 3.425000e+00 0.000000e+00 5.000000e-01
2.366197e-04 8.366034e-05 6.370005e-01 3.475000e+00 0.000000e+00 5.000000e-01
2.925114e-04 9.250080e-05 6.370005e-01 3.525000e+00 0.000000e+00 5.000000e-01
3.430721e-04 9.903936e-05 6.370005e-01 3.575000e+00 0.000000e+00 5.000000e-01
1.115157e-04 5.575954e-05 6.370005e-01 3.625000e+00 0.000000e+00 5.000000e-01
2.184940e-04 7.725056e-05 6.370005e-01 3.675000e+00 0.000000e+00 5.000000e-01
4.252602e-04 1.063174e-04 6.370005e-01 3.725000e+00 0.000000e+00 5.000000e-01
6.712901e-04 1.316568e-04 6.370005e-01 3.775000e+00 0.000000e+00 5.000000e-01
5.507918e-04 1.174314e-04 6.370005e-01 3.825000e+00 0.000000e+00 5.000000e-01
4.378050e-04 1.031948e-04 6.370005e-01 3.875000e+00 0.000000e+00 5.000000e-01
6.562091e-04 1.240169e-04 6.370005e-01 3.925000e+00 0.000000e+00 5.000000e-01
6.323699e-04 1.195130e-04 6.370005e-01 3.975000e+00 0.000000e+00 5.000000e-01
4.187763e-01 4.911513e-03 6.570005e-01 2.500000e-02 0.000000e+00 5.000000e-01
2.705696e-01 3.877172e-03 6.570005e-01 7.500000e-02 0.000000e+00 5.000000e-01
1.109466e-01 2.467311e-03 6.570005e-01 1.250000e-01 0.000000e+00 5.000000e-01
6.513468e-02 1.888162e-03 6.570005e-01 1.750000e-01 0.000000e+00 5.000000e-01
3.855753e-02 1.453193e-03 6.570005e-01 2.250000e-01 0.000000e+00 5.000000e-01
1.447335e-02 8.874187e-04 6.570005e-01 2.750000e-01 0.000000e+00 5.000000e-01
7.527269e-03 6.316752e-04 6.570005e-01 3.250000e-01 0.000000e+00 5.000000e-01
5.966551e-03 5.588194e-04 6.570005e-01 3.750000e-01 0.000000e+00 5.000000e-01
4.687365e-03 4.940922e-04 6.570005e-01 4.250000e-01 0.000000e+00 5.000000e-01
5.748898e-03 5.432204e-04 6.570005e-01 4.750000e-01 0.000000e+00 5.000000e-01
5.853754e-03 5.531284e-04 6.570005e-01 5.250000e-01 0.000000e+00 5.000000e-01
3.902334e-03 4.476289e-04 6.570005e-01 5.750000e-01 0.000000e+00 5.000000e-01
4.534185e-03 4.779459e-04 6.570005e-01 6.250000e-01 0.000000e+00 5.000000e-01
4.678599e-03 4.825614e-04 6.570005e-01 6.750000e-01 0.000000e+00 5.000000e-01
4.642285e-03 4.839926e-04 6.570005e-01 7.250000e-01 0.000000e+00 5.000000e-01
3.177004e-03 4.034804e-04 6.570005e-01 7.750000e-01 0.000000e+00 5.000000e-01
4.308296e-03 4.700746e-04 6.570005e-01 8.250000e-01 0.000000e+00 5.000000e-01
4.398592e-03 4.688922e-04 6.570005e-01 8.750000e-01 0.000000e+00 5.000000e-01
3.637465e-03 4.228475e-04 6.570005e-01 9.250000e-01 0.000000e+00 5.000000e-01
3.205436e-03 3.945627e-04 6.570005e-01 9.750000e-01 0.000000e+00 5.000000e-01
2.213106e-03 3.336389e-04 6.570005e-01 1.025000e+00 0.000000e+00 5.000000e-01
3.558765e-03 4.253546e-04 6.570005e-01 1.075000e+00 0.000000e+00 5.000000e-01
1.574318e-03 2.783033e-04 6.570005e-01 1.125000e+00 0.000000e+00 5.000000e-01
2.033399e-03 3.137610e-04 6.570005e-01 1.175000e+00 0.000000e+00 5.000000e-01
1.833228e-03 2.973893e-04 6.570005e-01 1.225000e+00 0.000000e+00 5.000000e-01
1.576206e-03 2.786370e-04 6.570005e-01 1.275000e+00 0.000000e+00 5.000000e-01
9.897035e-04 2.213048e-04 6.570005e-01 1.325000e+00 0.000000e+00 5.000000e-01
1.332593e-03 2.518368e-04 6.570005e-01 1.375000e+00 0.000000e+00 5.000000e-01
1.339143e-03 2.530748e-04 6.570005e-01 1.425000e+00 0.000000e+00 5.000000e-01
1.425169e-03 2.601995e-04 6.570005e-01 1.475000e+00 0.000000e+00 5.000000e-01
1.228892e-03 2.410060e-04 6.570005e-01 1.525000e+00 0.000000e+00 5.000000e-01
5.610430e-04 1.619596e-04 6.570005e-01 1.575000e+00 0.000000e+00 5.000000e-01
8.421089e-04 1.984874e-04 6.570005e-01 1.625000e+00 0.000000e+00 5.000000e-01
2.825086e-04 1.153337e-04 6.570005e-01 1.675000e+00 0.000000e+00 5.000000e-01
6.478742e-04 1.731522e-04 6.570005e-01 1.725000e+00 0.000000e+00 5.000000e-01
3.827669e-04 1.353289e-04 6.570005e-01 1.775000e+00 0.000000e+00 5.000000e-01
7.770197e-04 1.942552e-04 6.570005e-01 1.825000e+00 0.000000e+00 5.000000e-01
7.831638e-04 1.957911e-04 6.570005e-01 1.875000e+00 0.000000e+00 5.000000e-01
2.846276e-04 1.161989e-04 6.570005e-01 1.925000e+00 0.000000e+00 5.000000e-01
5.937504e-04 1.714016e-04 6.570005e-01 1.975000e+00 0.000000e+00 5.000000e-01
3.042498e-04 1.242101e-04 6.570005e-01 2.025000e+00 0.000000e+00 5.000000e-01
2.961908e-04 1.209198e-04 6.570005e-01 2.075000e+00 0.000000e+00 5.000000e-01
2.929063e-04 1.195787e-04 6.570005e-01 2.125000e+00 0.000000e+00 5.000000e-01
2.950249e-04 1.204434e-04 6.570005e-01 2.175000e+00 0.000000e+00 5.000000e-01
4.851741e-04 1.534260e-04 6.570005e-01 2.225000e+00 0.000000e+00 5.000000e-01
6.617036e-04 1.768490e-04 6.570005e-01 2.275000e+00 0.000000e+00 5.000000e-01
9.515230e-05 6.728283e-05 6.570005e-01 2.325000e+00 0.000000e+00 5.000000e-01
2.828579e-04 1.154765e-04 6.570005e-01 2.375000e+00 0.000000e+00 5.000000e-01
1.842297e-04 9.211501e-05 6.570005e-01 2.425000e+00 0.000000e+00 5.000000e-01
5.488957e-04 1.584536e-04 6.570005e-01 2.475000e+00 0.000000e+00 5.000000e-01
6.381309e-04 1.705480e-04 6.570005e-01 2.525000e+00 0.000000e+00 5.000000e-01
3.597219e-04 1.271821e-04 6.570005e-01 2.575000e+00 0.000000e+00 5.000000e-01
6.140043e-04 1.641009e-04 6.570005e-01 2.625000e+00 0.000000e+00 5.000000e-01
2.542662e-04 1.038038e-04 6.570005e-01 2.675000e+00 0.000000e+00 5.000000e-01
5.670225e-04 1.515435e-04 6.570005e-01 2.725000e+00 0.000000e+00 5.000000e-01
3.909392e-04 1.236264e-04 6.570005e-01 2.775000e+00 0.000000e+00 5.000000e-01
5.261523e-04 1.406208e-04 6.570005e-01 2.825000e+00 0.000000e+00 5.000000e-01
2.148079e-04 8.769560e-05 6.570005e-01 2.875000e+00 0.000000e+00 5.000000e-01
3.459026e-04 1.093847e-04 6.570005e-01 2.925000e+00 0.000000e+00 5.000000e-01
4.008457e-04 1.157160e-04 6.570005e-01 2.975000e+00 0.000000e+00 5.000000e-01
2.635575e-04 9.318237e-05 6.570005e-01 3.025000e+00 0.000000e+00 5.000000e-01
3.265310e-04 1.032592e-04 6.570005e-01 3.075000e+00 0.000000e+00 5.000000e-01
1.934878e-04 7.899158e-05 6.570005e-01 3.125000e+00 0.000000e+00 5.000000e-01
1.912612e-04 7.808251e-05 6.570005e-01 3.175000e+00 0.000000e+00 5.000000e-01
3.802014e-04 1.097559e-04 6.570005e-01 3.225000e+00 0.000000e+00 5.000000e-01
3.159360e-04 9.990897e-05 6.570005e-01 3.275000e+00 0.000000e+00 5.000000e-01
3.114894e-04 9.850216e-05 6.570005e-01 3.325000e+00 0.000000e+00 5.000000e-01
2.478434e-04 8.762712e-05 6.570005e-01 3.375000e+00 0.000000e+00 5.000000e-01
4.894595e-04 1.223668e-04 6.570005e-01 3.425000e+00 0.000000e+00 5.000000e-01
3.586991e-04 1.035487e-04 6.570005e-01 3.475000e+00 0.000000e+00 5.000000e-01
4.696860e-04 1.174236e-04 6.570005e-01 3.525000e+00 0.000000e+00 5.000000e-01
2.857160e-04 9.035250e-05 6.570005e-01 3.575000e+00 0.000000e+00 5.000000e-01
3.913026e-04 1.045836e-04 6.570005e-01 3.625000e+00 0.000000e+00 5.000000e-01
6.000595e-04 1.279353e-04 6.570005e-01 3.675000e+00 0.000000e+00 5.000000e-01
6.402599e-04 1.306972e-04 6.570005e-01 3.725000e+00 0.000000e+00 5.000000e-01
6.715356e-04 1.317047e-04 6.570005e-01 3.775000e+00 0.000000e+00 5.000000e-01
3.491142e-04 9.330597e-05 6.570005e-01 3.825000e+00 0.000000e+00 5.000000e-01
5.343942e-04 1.139350e-04 6.570005e-01 3.875000e+00 0.000000e+00 5.000000e-01
5.620287e-04 1.147286e-04 6.570005e-01 3.925000e+00 0.000000e+00 5.000000e-01
5.436674e-04 1.109833e-04 6.570005e-01 3.975000e+00 0.000000e+00 5.000000e-01
4.376339e-01 5.023317e-03 6.770005e-01 2.500000e-02 0.000000e+00 5.000000e-01
2.862760e-01 4.052613e-03 6.770005e-01 7.500000e-02 0.000000e+00 5.000000e-01
1.304159e-01 2.687990e-03 6.770005e-01 1.250000e-01 0.000000e+00 5.000000e-01
7.524232e-02 2.032836e-03 6.770005e-01 1.750000e-01 0.000000e+00 5.000000e-01
4.241614e-02 1.540626e-03 6.770005e-01 2.250000e-01 0.000000e+00 5.000000e-01
1.920641e-02 1.023706e-03 6.770005e-01 2.750000e-01 0.000000e+00 5.000000e-01
7.264739e-03 6.229471e-04 6.770005e-01 3.250000e-01 0.000000e+00 5.000000e-01
5.205942e-03 5.313298e-04 6.770005e-01 3.750000e-01 0.000000e+00 5.000000e-01
3.924081e-03 4.561658e-04 6.770005e-01 4.250000e-01 0.000000e+00 5.000000e-01
3.482412e-03 4.223051e-04 6.770005e-01 4.750000e-01 0.000000e+00 5.000000e-01
5.248025e-03 5.196327e-04 6.770005e-01 5.250000e-01 0.000000e+00 5.000000e-01
5.197268e-03 5.197275e-04 6.770005e-01 5.750000e-01 0.000000e+00 5.000000e-01
4.805493e-03 5.010082e-04 6.770005e-01 6.250000e-01 0.000000e+00 5.000000e-01
3.612460e-03 4.317722e-04 6.770005e-01 6.750000e-01 0.000000e+00 5.000000e-01
5.359788e-03 5.205893e-04 6.770005e-01 7.250000e-01 0.000000e+00 5.000000e-01
4.495094e-03 4.738252e-04 6.770005e-01 7.750000e-01 0.000000e+00 5.000000e-01
2.905561e-03 3.815195e-04 6.770005e-01 8.250000e-01 0.000000e+00 5.000000e-01
4.950623e-03 5.000893e-04 6.770005e-01 8.750000e-01 0.000000e+00 5.000000e-01
2.976896e-03 3.908860e-04 6.770005e-01 9.250000e-01 0.000000e+00 5.000000e-01
3.091106e-03 3.990608e-04 6.770005e-01 9.750000e-01 0.000000e+00 5.000000e-01
3.205629e-03 4.007044e-04 6.770005e-01 1.025000e+00 0.000000e+00 5.000000e-01
1.840472e-03 2.985646e-04 6.770005e-01 1.075000e+00 0.000000e+00 5.000000e-01
1.646835e-03 2.824304e-04 6.770005e-01 1.125000e+00 0.000000e+00 5.000000e-01
1.269908e-03 2.490502e-04 6.770005e-01 1.175000e+00 0.000000e+00 5.000000e-01
1.635373e-03 2.890963e-04 6.770005e-01 1.225000e+00 0.000000e+00 5.000000e-01
1.720755e-03 2.951075e-04 6.770005e-01 1.275000e+00 0.000000e+00 5.000000e-01
1.552706e-03 2.744828e-04 6.770005e-01 1.325000e+00 0.000000e+00 5.000000e-01
1.538424e-03 2.719583e-04 6.770005e-01 1.375000e+00 0.000000e+00 5.000000e-01
8.580610e-04 2.022472e-04 6.770005e-01 1.425000e+00 0.000000e+00 5.000000e-01
1.234020e-03 2.420117e-04 6.770005e-01 1.475000e+00 0.000000e+00 5.000000e-01
1.077270e-03 2.296749e-04 6.770005e-01 1.525000e+00 0.000000e+00 5.000000e-01
3.939741e-04 1.392912e-04 6.770005e-01 1.575000e+00 0.000000e+00 5.000000e-01
6.992038e-04 1.868705e-04 6.770005e-01 1.625000e+00 0.000000e+00 5.000000e-01
7.025130e-04 1.877550e-04 6.770005e-01 1.675000e+00 0.000000e+00 5.000000e-01
9.094837e-04 2.143679e-04 6.770005e-01 1.725000e+00 0.000000e+00 5.000000e-01
9.878741e-04 2.208960e-04 6.770005e-01 1.775000e+00 0.000000e+00 5.000000e-01
7.193404e-04 1.922527e-04 6.770005e-01 1.825000e+00 0.000000e+00 5.000000e-01
7.309814e-04 1.953634e-04 6.770005e-01 1.875000e+00 0.000000e+00 5.000000e-01
4.153352e-04 1.468438e-04 6.770005e-01 1.925000e+00 0.000000e+00 5.000000e-01
4.922999e-04 1.556799e-04 6.770005e-01 1.975000e+00 0.000000e+00 5.000000e-01
9.075566e-04 2.139139e-04 6.770005e-01 2.025000e+00 0.000000e+00 5.000000e-01
7.081404e-04 1.892592e-04 6.770005e-01 2.075000e+00 0.000000e+00 5.000000e-01
8.994971e-04 2.120143e-04 6.770005e-01 2.125000e+00 0.000000e+00 5.000000e-01
3.869791e-04 1.368182e-04 6.770005e-01 2.175000e+00 0.000000e+00 5.000000e-01
6.797877e-04 1.816815e-04 6.770005e-01 2.225000e+00 0.000000e+00 5.000000e-01
1.954180e-04 9.770908e-05 6.770005e-01 2.275000e+00 0.000000e+00 5.000000e-01
9.620185e-05 6.802498e-05 6.770005e-01 2.325000e+00 0.000000e+00 5.000000e-01
1.889590e-04 9.447961e-05 6.770005e-01 2.375000e+00 0.000000e+00 5.000000e-01
2.796632e-04 1.141729e-04 6.770005e-01 2.425000e+00 0.000000e+00 5.000000e-01
3.677237e-04 1.300104e-04 6.770005e-01 2.475000e+00 0.000000e+00 5.000000e-01
6.194673e-04 1.655605e-04 6.770005e-01 2.525000e+00 0.000000e+00 5.000000e-01
3.416420e-04 1.207895e-04 6.770005e-01 2.575000e+00 0.000000e+00 5.000000e-01
4.113554e-04 1.300825e-04 6.770005e-01 2.625000e+00 0.000000e+00 5.000000e-01
5.525520e-04 1.476761e-04 6.770005e-01 2.675000e+00 0.000000e+00 5.000000e-01
3.772702e-04 1.193044e-04 6.770005e-01 2.725000e+00 0.000000e+00 5.000000e-01
3.628161e-04 1.147331e-04 6.770005e-01 2.775000e+00 0.000000e+00 5.000000e-01
4.939653e-04 1.320183e-04 6.770005e-01 2.825000e+00 0.000000e+00 5.000000e-01
2.082690e-04 8.502551e-05 6.770005e-01 2.875000e+00 0.000000e+00 5.000000e-01
5.486355e-04 1.371592e-04 6.770005e-01 2.925000e+00 0.000000e+00 5.000000e-01
2.032344e-04 8.297020e-05 6.770005e-01 2.975000e+00 0.000000e+00 5.000000e-01
5.339910e-04 1.334992e-04 6.770005e-01 3.025000e+00 0.000000e+00 5.000000e-01
3.319356e-04 1.049681e-04 6.770005e-01 3.075000e+00 0.000000e+00 5.000000e-01
3.970663e-04 1.146241e-04 6.770005e-01 3.125000e+00 0.000000e+00 5.000000e-01
3.279652e-04 1.037129e-04 6.770005e-01 3.175000e+00 0.000000e+00 5.000000e-01
3.244818e-04 1.026105e-04 6.770005e-01 3.225000e+00 0.000000e+00 5.000000e-01
3.242683e-04 1.025442e-04 6.770005e-01 3.275000e+00 0.000000e+00 5.000000e-01
7.007219e-04 1.493972e-04 6.770005e-01 3.325000e+00 0.000000e+00 5.000000e-01
3.747424e-04 1.081793e-04 6.770005e-01 3.375000e+00 0.000000e+00 5.000000e-01
4.280178e-04 1.143945e-04 6.770005e-01 3.425000e+00 0.000000e+00 5.000000e-01
2.393270e-04 8.461656e-05 6.770005e-01 3.475000e+00 0.000000e+00 5.000000e-01
4.104399e-04 1.096969e-04 6.770005e-01 3.525000e+00 0.000000e+00 5.000000e-01
2.298454e-04 8.126463e-05 6.770005e-01 3.575000e+00 0.000000e+00 5.000000e-01
2.233080e-04 7.895207e-05 6.770005e-01 3.625000e+00 0.000000e+00 5.000000e-01
4.358265e-04 1.089590e-04 6.770005e-01 3.675000e+00 0.000000e+00 5.000000e-01
5.317681e-04 1.189110e-04 6.770005e-01 3.725000e+00 0.000000e+00 5.000000e-01
5.155050e-04 1.152735e-04 6.770005e-01 3.775000e+00 0.000000e+00 5.000000e-01
6.986363e-04 1.320340e-04 6.770005e-01 3.825000e+00 0.000000e+00 5.000000e-01
8.256054e-04 1.415947e-04 6.770005e-01 3.875000e+00 0.000000e+00 5.000000e-01
6.140257e-04 1.204257e-04 6.770005e-01 3.925000e+00 0.000000e+00 5.000000e-01
6.030596e-04 1.182741e-04 6.770005e-01 3.975000e+00 0.000000e+00 5.000000e-01
4.472106e-01 5.105070e-03 6.970005e-01 2.500000e-02 0.000000e+00 5.000000e-01
3.024014e-01 4.161666e-03 6.970005e-01 7.500000e-02 0.000000e+00 5.000000e-01
1.400193e-01 2.808263e-03 6.970005e-01 1.250000e-01 0.000000e+00 5.000000e-01
7.518191e-02 2.061522e-03 6.970005e-01 1.750000e-01 0.000000e+00 5.000000e-01
4.637253e-02 1.617430e-03 6.970005e-01 2.250000e-01 0.000000e+00 5.000000e-01
1.877474e-02 1.018204e-03 6.970005e-01 2.750000e-01 0.000000e+00 5.000000e-01
6.117146e-03 5.780167e-04 6.970005e-01 3.250000e-01 0.000000e+00 5.000000e-01
4.796601e-03 5.056069e-04 6.970005e-01 3.750000e-01 0.000000e+00 5.000000e-01
3.727153e-03 4.454805e-04 6.970005e-01 4.250000e-01 0.000000e+00 5.000000e-01
4.739519e-03 5.052349e-04 6.970005e-01 4.750000e-01 0.000000e+00 5.000000e-01
4.863642e-03 5.070702e-04 6.970005e-01 5.250000e-01 0.000000e+00 5.000000e-01
4.243187e-03 4.685823e-04 6.970005e-01 5.750000e-01 0.000000e+00 5.000000e-01
5.110627e-03 5.110635e-04 6.970005e-01 6.250000e-01 0.000000e+00 5.000000e-01
4.294977e-03 4.686210e-04 6.970005e-01 6.750000e-01 0.000000e+00 5.000000e-01
4.094294e-03 4.577567e-04 6.970005e-01 7.250000e-01 0.000000e+00 5.000000e-01
4.094385e-03 4.577669e-04 6.970005e-01 7.750000e-01 0.000000e+00 5.000000e-01
3.593630e-03 4.295216e-04 6.970005e-01 8.250000e-01 0.000000e+00 5.000000e-01
2.579155e-03 3.647484e-04 6.970005e-01 8.750000e-01 0.000000e+00 5.000000e-01
3.435963e-03 4.166725e-04 6.970005e-01 9.250000e-01 0.000000e+00 5.000000e-01
2.295939e-03 3.385184e-04 6.970005e-01 9.750000e-01 0.000000e+00 5.000000e-01
2.462904e-03 3.483080e-04 6.970005e-01 1.025000e+00 0.000000e+00 5.000000e-01
2.171953e-03 3.274347e-04 6.970005e-01 1.075000e+00 0.000000e+00 5.000000e-01
1.844135e-03 3.073564e-04 6.970005e-01 1.125000e+00 0.000000e+00 5.000000e-01
1.972693e-03 3.200137e-04 6.970005e-01 1.175000e+00 0.000000e+00 5.000000e-01
2.180699e-03 3.287532e-04 6.970005e-01 1.225000e+00 0.000000e+00 5.000000e-01
1.082404e-03 2.307698e-04 6.970005e-01 1.275000e+00 0.000000e+00 5.000000e-01
9.836857e-04 2.199596e-04 6.970005e-01 1.325000e+00 0.000000e+00 5.000000e-01
1.485051e-03 2.711327e-04 6.970005e-01 1.375000e+00 0.000000e+00 5.000000e-01
4.967481e-04 1.570858e-04 6.970005e-01 1.425000e+00 0.000000e+00 5.000000e-01
7.256627e-04 1.939420e-04 6.970005e-01 1.475000e+00 0.000000e+00 5.000000e-01
1.162534e-03 2.478535e-04 6.970005e-01 1.525000e+00 0.000000e+00 5.000000e-01
9.472319e-04 2.232653e-04 6.970005e-01 1.575000e+00 0.000000e+00 5.000000e-01
7.430483e-04 1.985884e-04 6.970005e-01 1.625000e+00 0.000000e+00 5.000000e-01
7.457028e-04 1.992978e-04 6.970005e-01 1.675000e+00 0.000000e+00 5.000000e-01
9.660975e-04 2.277120e-04 6.970005e-01 1.725000e+00 0.000000e+00 5.000000e-01
7.230647e-04 1.932476e-04 6.970005e-01 1.775000e+00 0.000000e+00 5.000000e-01
7.227814e-04 1.931722e-04 6.970005e-01 1.825000e+00 0.000000e+00 5.000000e-01
4.176906e-04 1.476762e-04 6.970005e-01 1.875000e+00 0.000000e+00 5.000000e-01
7.328725e-04 1.958687e-04 6.970005e-01 1.925000e+00 0.000000e+00 5.000000e-01
8.368295e-04 2.092082e-04 6.970005e-01 1.975000e+00 0.000000e+00 5.000000e-01
5.983811e-04 1.727384e-04 6.970005e-01 2.025000e+00 0.000000e+00 5.000000e-01
3.958677e-04 1.399612e-04 6.970005e-01 2.075000e+00 0.000000e+00 5.000000e-01
9.981291e-05 7.057839e-05 6.970005e-01 2.125000e+00 0.000000e+00 5.000000e-01
4.978537e-04 1.574359e-04 6.970005e-01 2.175000e+00 0.000000e+00 5.000000e-01
5.841065e-04 1.686181e-04 6.970005e-01 2.225000e+00 0.000000e+00 5.000000e-01
6.684081e-04 1.786403e-04 6.970005e-01 2.275000e+00 0.000000e+00 5.000000e-01
7.507683e-04 1.876931e-04 6.970005e-01 2.325000e+00 0.000000e+00 5.000000e-01
2.778588e-04 1.134358e-04 6.970005e-01 2.375000e+00 0.000000e+00 5.000000e-01
3.581329e-04 1.266201e-04 6.970005e-01 2.425000e+00 0.000000e+00 5.000000e-01
3.417718e-04 1.208355e-04 6.970005e-01 2.475000e+00 0.000000e+00 5.000000e-01
4.893927e-04 1.412763e-04 6.970005e-01 2.525000e+00 0.000000e+00 5.000000e-01
3.932460e-04 1.243559e-04 6.970005e-01 2.575000e+00 0.000000e+00 5.000000e-01
3.786563e-04 1.197425e-04 6.970005e-01 2.625000e+00 0.000000e+00 5.000000e-01
2.199437e-04 8.979208e-05 6.970005e-01 2.675000e+00 0.000000e+00 5.000000e-01
5.777763e-04 1.444449e-04 6.970005e-01 2.725000e+00 0.000000e+00 5.000000e-01
2.133303e-04 8.709222e-05 6.970005e-01 2.775000e+00 0.000000e+00 5.000000e-01
4.211048e-04 1.215635e-04 6.970005e-01 2.825000e+00 0.000000e+00 5.000000e-01
4.168381e-04 1.203321e-04 6.970005e-01 2.875000e+00 0.000000e+00 5.000000e-01
6.925936e-05 4.897376e-05 6.970005e-01 2.925000e+00 0.000000e+00 5.000000e-01
4.143821e-04 1.196220e-04 6.970005e-01 2.975000e+00 0.000000e+00 5.000000e-01
4.101664e-04 1.184060e-04 6.970005e-01 3.025000e+00 0.000000e+00 5.000000e-01
4.110926e-04 1.186730e-04 6.970005e-01 3.075000e+00 0.000000e+00 5.000000e-01
2.049266e-04 8.366189e-05 6.970005e-01 3.125000e+00 0.000000e+00 5.000000e-01
5.362707e-04 1.340692e-04 6.970005e-01 3.175000e+00 0.000000e+00 5.000000e-01
6.591279e-04 1.473873e-04 6.970005e-01 3.225000e+00 0.000000e+00 5.000000e-01
1.950237e-04 7.961976e-05 6.970005e-01 3.275000e+00 0.000000e+00 5.000000e-01
3.181267e-04 1.006014e-04 6.970005e-01 3.325000e+00 0.000000e+00 5.000000e-01
6.867686e-04 1.464220e-04 6.970005e-01 3.375000e+00 0.000000e+00 5.000000e-01
3.082836e-04 9.748979e-05 6.970005e-01 3.425000e+00 0.000000e+00 5.000000e-01
6.623231e-04 1.412107e-04 6.970005e-01 3.475000e+00 0.000000e+00 5.000000e-01
3.511557e-04 1.013731e-04 6.970005e-01 3.525000e+00 0.000000e+00 5.000000e-01
5.755474e-04 1.286972e-04 6.970005e-01 3.575000e+00 0.000000e+00 5.000000e-01
2.250594e-04 7.957295e-05 6.970005e-01 3.625000e+00 0.000000e+00 5.000000e-01
4.884240e-04 1.151247e-04 6.970005e-01 3.675000e+00 0.000000e+00 5.000000e-01
5.320427e-04 1.189710e-04 6.970005e-01 3.725000e+00 0.000000e+00 5.000000e-01
4.583141e-04 1.080284e-04 6.970005e-01 3.775000e+00 0.000000e+00 5.000000e-01
6.651157e-04 1.304436e-04 6.970005e-01 3.825000e+00 0.000000e+00 5.000000e-01
4.110256e-04 1.027576e-04 6.970005e-01 3.875000e+00 0.000000e+00 5.000000e-01
5.363379e-04 1.199368e-04 6.970005e-01 3.925000e+00 0.000000e+00 5.000000e-01
7.448659e-04 1.460858e-04 6.970005e-01 3.975000e+00 0.000000e+00 5.000000e-01
4.675759e-01 5.203652e-03 7.170006e-01 2.500000e-02 0.000000e+00 5.000000e-01
2.991647e-01 4.142305e-03 7.170006e-01 7.500000e-02 0.000000e+00 5.000000e-01
1.529436e-01 2.963226e-03 7.170006e-01 1.250000e-01 0.000000e+00 5.000000e-01
8.565342e-02 2.198413e-03 7.170006e-01 1.750000e-01 0.000000e+00 5.000000e-01
4.599610e-02 1.610188e-03 7.170006e-01 2.250000e-01 0.000000e+00 5.000000e-01
1.896261e-02 1.034497e-03 7.170006e-01 2.750000e-01 0.000000e+00 5.000000e-01
6.815021e-03 6.170039e-04 7.170006e-01 3.250000e-01 0.000000e+00 5.000000e-01
4.812156e-03 5.129781e-04 7.170006e-01 3.750000e-01 0.000000e+00 5.000000e-01
6.088191e-03 5.702119e-04 7.170006e-01 4.250000e-01 0.000000e+00 5.000000e-01
4.766728e-03 5.024579e-04 7.170006e-01 4.750000e-01 0.000000e+00 5.000000e-01
3.796373e-03 4.474075e-04 7.170006e-01 5.250000e-01 0.000000e+00 5.000000e-01
5.674411e-03 5.460211e-04 7.170006e-01 5.750000e-01 0.000000e+00 5.000000e-01
4.559408e-03 4.916543e-04 7.170006e-01 6.250000e-01 0.000000e+00 5.000000e-01
3.560942e-03 4.318286e-04 7.170006e-01 6.750000e-01 0.000000e+00 5.000000e-01
3.711315e-03 4.373833e-04 7.170006e-01 7.250000e-01 0.000000e+00 5.000000e-01
3.200635e-03 4.064815e-04 7.170006e-01 7.750000e-01 0.000000e+00 5.000000e-01
2.847557e-03 3.805215e-04 7.170006e-01 8.250000e-01 0.000000e+00 5.000000e-01
3.598861e-03 4.241305e-04 7.170006e-01 8.750000e-01 0.000000e+00 5.000000e-01
2.102883e-03 3.244825e-04 7.170006e-01 9.250000e-01 0.000000e+00 5.000000e-01
1.524421e-03 2.783204e-04 7.170006e-01 9.750000e-01 0.000000e+00 5.000000e-01
1.871294e-03 3.118828e-04 7.170006e-01 1.025000e+00 0.000000e+00 5.000000e-01
2.210598e-03 3.411032e-04 7.170006e-01 1.075000e+00 0.000000e+00 5.000000e-01
2.159996e-03 3.332952e-04 7.170006e-01 1.125000e+00 0.000000e+00 5.000000e-01
2.135388e-03 3.294982e-04 7.170006e-01 1.175000e+00 0.000000e+00 5.000000e-01
9.254624e-04 2.181340e-04 7.170006e-01 1.225000e+00 0.000000e+00 5.000000e-01
2.169382e-03 3.347434e-04 7.170006e-01 1.275000e+00 0.000000e+00 5.000000e-01
1.247493e-03 2.546439e-04 7.170006e-01 1.325000e+00 0.000000e+00 5.000000e-01
1.259706e-03 2.571370e-04 7.170006e-01 1.375000e+00 0.000000e+00 5.000000e-01
1.093381e-03 2.444878e-04 7.170006e-01 1.425000e+00 0.000000e+00 5.000000e-01
9.159128e-04 2.289786e-04 7.170006e-01 1.475000e+00 0.000000e+00 5.000000e-01
6.626053e-04 1.912782e-04 7.170006e-01 1.525000e+00 0.000000e+00 5.000000e-01
8.804183e-04 2.201053e-04 7.170006e-01 1.575000e+00 0.000000e+00 5.000000e-01
5.443401e-04 1.721360e-04 7.170006e-01 1.625000e+00 0.000000e+00 5.000000e-01
1.088962e-04 7.700124e-05 7.170006e-01 1.675000e+00 0.000000e+00 5.000000e-01
3.230616e-04 1.318897e-04 7.170006e-01 1.725000e+00 0.000000e+00 5.000000e-01
8.526576e-04 2.131650e-04 7.170006e-01 1.775000e+00 0.000000e+00 5.000000e-01
1.320184e-03 2.589104e-04 7.170006e-01 1.825000e+00 0.000000e+00 5.000000e-01
8.367717e-04 2.091939e-04 7.170006e-01 1.875000e+00 0.000000e+00 5.000000e-01
9.459849e-04 2.229716e-04 7.170006e-01 1.925000e+00 0.000000e+00 5.000000e-01
5.210608e-04 1.647740e-04 7.170006e-01 1.975000e+00 0.000000e+00 5.000000e-01
6.224664e-04 1.796910e-04 7.170006e-01 2.025000e+00 0.000000e+00 5.000000e-01
2.022838e-04 1.011419e-04 7.170006e-01 2.075000e+00 0.000000e+00 5.000000e-01
9.825673e-05 6.947801e-05 7.170006e-01 2.125000e+00 0.000000e+00 5.000000e-01
6.764120e-04 1.807796e-04 7.170006e-01 2.175000e+00 0.000000e+00 5.000000e-01
3.835202e-04 1.355957e-04 7.170006e-01 2.225000e+00 0.000000e+00 5.000000e-01
4.657878e-04 1.472955e-04 7.170006e-01 2.275000e+00 0.000000e+00 5.000000e-01
5.387056e-04 1.555116e-04 7.170006e-01 2.325000e+00 0.000000e+00 5.000000e-01
5.972876e-04 1.596327e-04 7.170006e-01 2.375000e+00 0.000000e+00 5.000000e-01
6.539001e-04 1.634758e-04 7.170006e-01 2.425000e+00 0.000000e+00 5.000000e-01
4.706449e-04 1.358640e-04 7.170006e-01 2.475000e+00 0.000000e+00 5.000000e-01
3.830343e-04 1.211264e-04 7.170006e-01 2.525000e+00 0.000000e+00 5.000000e-01
3.774926e-04 1.193742e-04 7.170006e-01 2.575000e+00 0.000000e+00 5.000000e-01
4.442482e-04 1.282449e-04 7.170006e-01 2.625000e+00 0.000000e+00 5.000000e-01
4.435107e-04 1.280311e-04 7.170006e-01 2.675000e+00 0.000000e+00 5.000000e-01
2.198309e-04 8.974569e-05 7.170006e-01 2.725000e+00 0.000000e+00 5.000000e-01
1.444495e-04 7.222493e-05 7.170006e-01 2.775000e+00 0.000000e+00 5.000000e-01
3.578530e-04 1.131638e-04 7.170006e-01 2.825000e+00 0.000000e+00 5.000000e-01
5.711748e-04 1.427944e-04 7.170006e-01 2.875000e+00 0.000000e+00 5.000000e-01
5.688035e-04 1.422020e-04 7.170006e-01 2.925000e+00 0.000000e+00 5.000000e-01
7.070886e-05 4.999872e-05 7.170006e-01 2.975000e+00 0.000000e+00 5.000000e-01
4.208221e-04 1.214817e-04 7.170006e-01 3.025000e+00 0.000000e+00 5.000000e-01
4.178081e-04 1.206126e-04 7.170006e-01 3.075000e+00 0.000000e+00 5.000000e-01
7.527545e-04 1.604899e-04 7.170006e-01 3.125000e+00 0.000000e+00 5.000000e-01
4.714657e-04 1.260048e-04 7.170006e-01 3.175000e+00 0.000000e+00 5.000000e-01
6.598864e-05 4.666101e-05 7.170006e-01 3.225000e+00 0.000000e+00 5.000000e-01
5.188594e-04 1.297159e-04 7.170006e-01 3.275000e+00 0.000000e+00 5.000000e-01
4.477589e-04 1.196700e-04 7.170006e-01 3.325000e+00 0.000000e+00 5.000000e-01
1.249892e-04 6.249492e-05 7.170006e-01 3.375000e+00 0.000000e+00 5.000000e-01
4.277802e-04 1.143319e-04 7.170006e-01 3.425000e+00 0.000000e+00 5.000000e-01
2.994126e-04 9.468432e-05 7.170006e-01 3.475000e+00 0.000000e+00 5.000000e-01
2.937267e-04 9.288621e-05 7.170006e-01 3.525000e+00 0.000000e+00 5.000000e-01
4.019519e-04 1.074283e-04 7.170006e-01 3.575000e+00 0.000000e+00 5.000000e-01
5.557114e-04 1.242642e-04 7.170006e-01 3.625000e+00 0.000000e+00 5.000000e-01
4.417682e-04 1.104442e-04 7.170006e-01 3.675000e+00 0.000000e+00 5.000000e-01
4.911202e-04 1.157625e-04 7.170006e-01 3.725000e+00 0.000000e+00 5.000000e-01
4.612884e-04 1.153242e-04 7.170006e-01 3.775000e+00 0.000000e+00 5.000000e-01
4.167658e-04 1.113876e-04 7.170006e-01 3.825000e+00 0.000000e+00 5.000000e-01
6.488834e-04 1.451009e-04 7.170006e-01 3.875000e+00 0.000000e+00 5.000000e-01
2.794840e-04 9.881505e-05 7.170006e-01 3.925000e+00 0.000000e+00 5.000000e-01
4.639747e-04 1.339444e-04 7.170006e-01 3.975000e+00 0.000000e+00 5.000000e-01
4.696667e-01 5.273500e-03 7.370006e-01 2.500000e-02 0.000000e+00 5.000000e-01
3.128958e-01 4.269854e-03 7.370006e-01 7.500000e-02 0.000000e+00 5.000000e-01
1.663361e-01 3.088788e-03 7.370006e-01 1.250000e-01 0.000000e+00 5.000000e-01
9.363144e-02 2.300870e-03 7.370006e-01 1.750000e-01 0.000000e+00 5.000000e-01
4.857288e-02 1.650576e-03 7.370006e-01 2.250000e-01 0.000000e+00 5.000000e-01
1.949799e-02 1.042212e-03 7.370006e-01 2.750000e-01 0.000000e+00 5.000000e-01
4.588401e-03 5.067047e-04 7.370006e-01 3.250000e-01 0.000000e+00 5.000000e-01
4.711257e-03 5.140409e-04 7.370006e-01 3.750000e-01 0.000000e+00 5.000000e-01
3.808444e-03 4.618424e-04 7.370006e-01 4.250000e-01 0.000000e+00 5.000000e-01
4.113393e-03 4.718391e-04 7.370006e-01 4.750000e-01 0.000000e+00 5.000000e-01
3.743756e-03 4.474651e-04 7.370006e-01 5.250000e-01 0.000000e+00 5.000000e-01
4.531890e-03 4.886871e-04 7.370006e-01 5.750000e-01 0.000000e+00 5.000000e-01
3.904065e-03 4.478278e-04 7.370006e-01 6.250000e-01 0.000000e+00 5.000000e-01
4.302377e-03 4.694287e-04 7.370006e-01 6.750000e-01 0.000000e+00 5.000000e-01
3.645098e-03 4.356733e-04 7.370006e-01 7.250000e-01 0.000000e+00 5.000000e-01
4.257478e-03 4.701606e-04 7.370006e-01 7.750000e-01 0.000000e+00 5.000000e-01
4.028799e-03 4.561725e-04 7.370006e-01 8.250000e-01 0.000000e+00 5.000000e-01
2.945381e-03 3.935935e-04 7.370006e-01 8.750000e-01 0.000000e+00 5.000000e-01
2.662372e-03 3.765171e-04 7.370006e-01 9.250000e-01 0.000000e+00 5.000000e-01
2.744399e-03 3.805804e-04 7.370006e-01 9.750000e-01 0.000000e+00 5.000000e-01
3.146429e-03 4.062030e-04 7.370006e-01 1.025000e+00 0.000000e+00 5.000000e-01
1.369280e-03 2.685385e-04 7.370006e-01 1.075000e+00 0.000000e+00 5.000000e-01
2.124883e-03 3.359739e-04 7.370006e-01 1.125000e+00 0.000000e+00 5.000000e-01
1.398711e-03 2.743105e-04 7.370006e-01 1.175000e+00 0.000000e+00 5.000000e-01
1.734468e-03 3.066140e-04 7.370006e-01 1.225000e+00 0.000000e+00 5.000000e-01
1.204638e-03 2.568306e-04 7.370006e-01 1.275000e+00 0.000000e+00 5.000000e-01
9.110523e-04 2.277634e-04 7.370006e-01 1.325000e+00 0.000000e+00 5.000000e-01
7.116294e-04 2.054303e-04 7.370006e-01 1.375000e+00 0.000000e+00 5.000000e-01
1.414364e-03 2.887065e-04 7.370006e-01 1.425000e+00 0.000000e+00 5.000000e-01
9.076762e-04 2.269194e-04 7.370006e-01 1.475000e+00 0.000000e+00 5.000000e-01
1.333355e-03 2.721705e-04 7.370006e-01 1.525000e+00 0.000000e+00 5.000000e-01
8.811604e-04 2.202906e-04 7.370006e-01 1.575000e+00 0.000000e+00 5.000000e-01
3.290069e-04 1.343167e-04 7.370006e-01 1.625000e+00 0.000000e+00 5.000000e-01
1.191154e-03 2.539557e-04 7.370006e-01 1.675000e+00 0.000000e+00 5.000000e-01
5.395056e-04 1.706068e-04 7.370006e-01 1.725000e+00 0.000000e+00 5.000000e-01
6.480894e-04 1.870879e-04 7.370006e-01 1.775000e+00 0.000000e+00 5.000000e-01
8.503843e-04 2.125964e-04 7.370006e-01 1.825000e+00 0.000000e+00 5.000000e-01
7.052117e-04 1.884762e-04 7.370006e-01 1.875000e+00 0.000000e+00 5.000000e-01
4.143752e-04 1.465042e-04 7.370006e-01 1.925000e+00 0.000000e+00 5.000000e-01
2.078404e-04 1.039205e-04 7.370006e-01 1.975000e+00 0.000000e+00 5.000000e-01
8.202112e-04 2.050534e-04 7.370006e-01 2.025000e+00 0.000000e+00 5.000000e-01
9.012383e-04 2.124252e-04 7.370006e-01 2.075000e+00 0.000000e+00 5.000000e-01
5.825651e-04 1.681727e-04 7.370006e-01 2.125000e+00 0.000000e+00 5.000000e-01
3.701432e-04 1.308658e-04 7.370006e-01 2.175000e+00 0.000000e+00 5.000000e-01
2.614244e-04 1.067261e-04 7.370006e-01 2.225000e+00 0.000000e+00 5.000000e-01
6.681166e-04 1.670301e-04 7.370006e-01 2.275000e+00 0.000000e+00 5.000000e-01
3.208915e-04 1.134526e-04 7.370006e-01 2.325000e+00 0.000000e+00 5.000000e-01
5.517497e-04 1.474625e-04 7.370006e-01 2.375000e+00 0.000000e+00 5.000000e-01
5.481992e-04 1.465131e-04 7.370006e-01 2.425000e+00 0.000000e+00 5.000000e-01
3.909556e-04 1.236319e-04 7.370006e-01 2.475000e+00 0.000000e+00 5.000000e-01
6.109726e-04 1.527438e-04 7.370006e-01 2.525000e+00 0.000000e+00 5.000000e-01
3.780428e-04 1.195481e-04 7.370006e-01 2.575000e+00 0.000000e+00 5.000000e-01
6.724507e-04 1.584992e-04 7.370006e-01 2.625000e+00 0.000000e+00 5.000000e-01
5.184149e-04 1.385531e-04 7.370006e-01 2.675000e+00 0.000000e+00 5.000000e-01
5.231603e-04 1.398212e-04 7.370006e-01 2.725000e+00 0.000000e+00 5.000000e-01
2.976667e-04 1.052417e-04 7.370006e-01 2.775000e+00 0.000000e+00 5.000000e-01
5.864785e-04 1.466205e-04 7.370006e-01 2.825000e+00 0.000000e+00 5.000000e-01
5.121776e-04 1.368857e-04 7.370006e-01 2.875000e+00 0.000000e+00 5.000000e-01
4.400124e-04 1.270221e-04 7.370006e-01 2.925000e+00 0.000000e+00 5.000000e-01
2.175307e-04 8.880659e-05 7.370006e-01 2.975000e+00 0.000000e+00 5.000000e-01
5.654148e-04 1.413548e-04 7.370006e-01 3.025000e+00 0.000000e+00 5.000000e-01
3.480415e-04 1.100614e-04 7.370006e-01 3.075000e+00 0.000000e+00 5.000000e-01
6.155388e-04 1.450849e-04 7.370006e-01 3.125000e+00 0.000000e+00 5.000000e-01
4.693612e-04 1.254429e-04 7.370006e-01 3.175000e+00 0.000000e+00 5.000000e-01
1.987537e-04 8.114225e-05 7.370006e-01 3.225000e+00 0.000000e+00 5.000000e-01
5.829258e-04 1.373986e-04 7.370006e-01 3.275000e+00 0.000000e+00 5.000000e-01
3.822978e-04 1.103612e-04 7.370006e-01 3.325000e+00 0.000000e+00 5.000000e-01
3.107185e-04 9.825818e-05 7.370006e-01 3.375000e+00 0.000000e+00 5.000000e-01
4.284636e-04 1.145143e-04 7.370006e-01 3.425000e+00 0.000000e+00 5.000000e-01
3.578376e-04 1.033011e-04 7.370006e-01 3.475000e+00 0.000000e+00 5.000000e-01
3.496843e-04 1.009453e-04 7.370006e-01 3.525000e+00 0.000000e+00 5.000000e-01
2.942742e-04 9.305881e-05 7.370006e-01 3.575000e+00 0.000000e+00 5.000000e-01
7.234805e-04 1.476820e-04 7.370006e-01 3.625000e+00 0.000000e+00 5.000000e-01
8.327719e-04 1.633235e-04 7.370006e-01 3.675000e+00 0.000000e+00 5.000000e-01
6.868160e-04 1.535830e-04 7.370006e-01 3.725000e+00 0.000000e+00 5.000000e-01
2.916388e-04 1.031113e-04 7.370006e-01 3.775000e+00 0.000000e+00 5.000000e-01
4.043329e-04 1.278642e-04 7.370006e-01 3.825000e+00 0.000000e+00 5.000000e-01
8.161733e-04 1.923833e-04 7.370006e-01 3.875000e+00 0.000000e+00 5.000000e-01
3.101553e-04 1.266270e-04 7.370006e-01 3.925000e+00 0.000000e+00 5.000000e-01
3.617662e-04 1.476918e-04 7.370006e-01 3.975000e+00 0.000000e+00 5.000000e-01
4.634283e-01 5.318693e-03 7.570006e-01 2.500000e-02 0.000000e+00 5.000000e-01
3.216601e-01 4.400119e-03 7.570006e-01 7.500000e-02 0.000000e+00 5.000000e-01
1.787541e-01 3.250615e-03 7.570006e-01 1.250000e-01 0.000000e+00 5.000000e-01
1.028754e-01 2.446646e-03 7.570006e-01 1.750000e-01 0.000000e+00 5.000000e-01
5.349309e-02 1.746613e-03 7.570006e-01 2.250000e-01 0.000000e+00 5.000000e-01
2.228810e-02 1.117203e-03 7.570006e-01 2.750000e-01 0.000000e+00 5.000000e-01
7.046586e-03 6.228369e-04 7.570006e-01 3.250000e-01 0.000000e+00 5.000000e-01
3.718310e-03 4.509118e-04 7.570006e-01 3.750000e-01 0.000000e+00 5.000000e-01
4.580034e-03 4.997233e-04 7.570006e-01 4.250000e-01 0.000000e+00 5.000000e-01
4.288843e-03 4.856165e-04 7.570006e-01 4.750000e-01 0.000000e+00 5.000000e-01
2.645694e-03 3.818737e-04 7.570006e-01 5.250000e-01 0.000000e+00 5.000000e-01
4.048910e-03 4.706770e-04 7.570006e-01 5.750000e-01 0.000000e+00 5.000000e-01
4.743542e-03 5.056640e-04 7.570006e-01 6.250000e-01 0.000000e+00 5.000000e-01
3.270720e-03 4.153825e-04 7.570006e-01 6.750000e-01 0.000000e+00 5.000000e-01
4.462386e-03 4.811922e-04 7.570006e-01 7.250000e-01 0.000000e+00 5.000000e-01
3.253523e-03 4.131985e-04 7.570006e-01 7.750000e-01 0.000000e+00 5.000000e-01
3.723323e-03 4.450227e-04 7.570006e-01 8.250000e-01 0.000000e+00 5.000000e-01
3.216847e-03 4.152938e-04 7.570006e-01 8.750000e-01 0.000000e+00 5.000000e-01
2.037502e-03 3.305270e-04 7.570006e-01 9.250000e-01 0.000000e+00 5.000000e-01
3.436137e-03 4.295180e-04 7.570006e-01 9.750000e-01 0.000000e+00 5.000000e-01
2.503975e-03 3.691917e-04 7.570006e-01 1.025000e+00 0.000000e+00 5.000000e-01
1.721834e-03 3.143633e-04 7.570006e-01 1.075000e+00 0.000000e+00 5.000000e-01
1.663459e-03 3.143647e-04 7.570006e-01 1.125000e+00 0.000000e+00 5.000000e-01
2.629317e-03 3.963854e-04 7.570006e-01 1.175000e+00 0.000000e+00 5.000000e-01
1.570553e-03 3.080112e-04 7.570006e-01 1.225000e+00 0.000000e+00 5.000000e-01
1.213783e-03 2.714103e-04 7.570006e-01 1.275000e+00 0.000000e+00 5.000000e-01
1.182353e-03 2.643828e-04 7.570006e-01 1.325000e+00 0.000000e+00 5.000000e-01
1.480089e-03 2.902699e-04 7.570006e-01 1.375000e+00 0.000000e+00 5.000000e-01
1.006603e-03 2.372591e-04 7.570006e-01 1.425000e+00 0.000000e+00 5.000000e-01
2.238227e-04 1.119114e-04 7.570006e-01 1.475000e+00 0.000000e+00 5.000000e-01
1.333343e-03 2.721683e-04 7.570006e-01 1.525000e+00 0.000000e+00 5.000000e-01
1.099816e-03 2.459268e-04 7.570006e-01 1.575000e+00 0.000000e+00 5.000000e-01
9.788781e-04 2.307242e-04 7.570006e-01 1.625000e+00 0.000000e+00 5.000000e-01
1.306161e-03 2.666196e-04 7.570006e-01 1.675000e+00 0.000000e+00 5.000000e-01
6.522991e-04 1.883031e-04 7.570006e-01 1.725000e+00 0.000000e+00 5.000000e-01
9.757773e-04 2.299933e-04 7.570006e-01 1.775000e+00 0.000000e+00 5.000000e-01
4.276007e-04 1.511798e-04 7.570006e-01 1.825000e+00 0.000000e+00 5.000000e-01
1.042634e-03 2.331406e-04 7.570006e-01 1.875000e+00 0.000000e+00 5.000000e-01
9.744264e-04 2.178889e-04 7.570006e-01 1.925000e+00 0.000000e+00 5.000000e-01
3.759011e-04 1.329013e-04 7.570006e-01 1.975000e+00 0.000000e+00 5.000000e-01
3.732110e-04 1.319500e-04 7.570006e-01 2.025000e+00 0.000000e+00 5.000000e-01
6.323085e-04 1.689920e-04 7.570006e-01 2.075000e+00 0.000000e+00 5.000000e-01
5.219763e-04 1.506824e-04 7.570006e-01 2.125000e+00 0.000000e+00 5.000000e-01
5.087173e-04 1.468544e-04 7.570006e-01 2.175000e+00 0.000000e+00 5.000000e-01
1.656445e-04 8.282227e-05 7.570006e-01 2.225000e+00 0.000000e+00 5.000000e-01
4.082975e-04 1.291158e-04 7.570006e-01 2.275000e+00 0.000000e+00 5.000000e-01
4.827987e-04 1.393723e-04 7.570006e-01 2.325000e+00 0.000000e+00 5.000000e-01
3.158150e-04 1.116581e-04 7.570006e-01 2.375000e+00 0.000000e+00 5.000000e-01
6.302282e-04 1.575579e-04 7.570006e-01 2.425000e+00 0.000000e+00 5.000000e-01
5.447879e-04 1.456012e-04 7.570006e-01 2.475000e+00 0.000000e+00 5.000000e-01
3.886261e-04 1.228948e-04 7.570006e-01 2.525000e+00 0.000000e+00 5.000000e-01
6.118229e-04 1.529563e-04 7.570006e-01 2.575000e+00 0.000000e+00 5.000000e-01
3.795729e-04 1.200321e-04 7.570006e-01 2.625000e+00 0.000000e+00 5.000000e-01
5.350275e-04 1.429932e-04 7.570006e-01 2.675000e+00 0.000000e+00 5.000000e-01
5.408958e-04 1.445617e-04 7.570006e-01 2.725000e+00 0.000000e+00 5.000000e-01
6.113976e-04 1.528500e-04 7.570006e-01 2.775000e+00 0.000000e+00 5.000000e-01
3.739696e-04 1.182598e-04 7.570006e-01 2.825000e+00 0.000000e+00 5.000000e-01
3.708077e-04 1.172605e-04 7.570006e-01 2.875000e+00 0.000000e+00 5.000000e-01
2.933826e-04 1.037274e-04 7.570006e-01 2.925000e+00 0.000000e+00 5.000000e-01
3.578703e-04 1.131696e-04 7.570006e-01 2.975000e+00 0.000000e+00 5.000000e-01
4.975265e-04 1.329705e-04 7.570006e-01 3.025000e+00 0.000000e+00 5.000000e-01
3.481391e-04 1.100925e-04 7.570006e-01 3.075000e+00 0.000000e+00 5.000000e-01
6.132765e-04 1.445525e-04 7.570006e-01 3.125000e+00 0.000000e+00 5.000000e-01
5.390217e-04 1.347564e-04 7.570006e-01 3.175000e+00 0.000000e+00 5.000000e-01
3.921239e-04 1.131976e-04 7.570006e-01 3.225000e+00 0.000000e+00 5.000000e-01
1.939806e-04 7.919451e-05 7.570006e-01 3.275000e+00 0.000000e+00 5.000000e-01
5.072324e-04 1.268097e-04 7.570006e-01 3.325000e+00 0.000000e+00 5.000000e-01
4.977957e-04 1.244525e-04 7.570006e-01 3.375000e+00 0.000000e+00 5.000000e-01
4.980593e-04 1.245169e-04 7.570006e-01 3.425000e+00 0.000000e+00 5.000000e-01
3.894027e-04 1.124127e-04 7.570006e-01 3.475000e+00 0.000000e+00 5.000000e-01
7.428296e-04 1.583749e-04 7.570006e-01 3.525000e+00 0.000000e+00 5.000000e-01
1.015148e-03 1.918488e-04 7.570006e-01 3.575000e+00 0.000000e+00 5.000000e-01
2.341822e-04 9.560681e-05 7.570006e-01 3.625000e+00 0.000000e+00 5.000000e-01
3.386746e-04 1.197405e-04 7.570006e-01 3.675000e+00 0.000000e+00 5.000000e-01
7.573106e-04 1.893311e-04 7.570006e-01 3.725000e+00 0.000000e+00 5.000000e-01
2.165423e-04 1.082734e-04 7.570006e-01 3.775000e+00 0.000000e+00 5.000000e-01
3.803680e-04 1.552893e-04 7.570006e-01 3.825000e+00 0.000000e+00 5.000000e-01
9.396881e-04 2.712718e-04 7.570006e-01 3.875000e+00 0.000000e+00 5.000000e-01
6.293807e-04 2.569666e-04 7.570006e-01 3.925000e+00 0.000000e+00 5.000000e-01
3.631787e-04 2.568061e-04 7.570006e-01 3.975000e+00 0.000000e+00 5.000000e-01
4.882426e-01 5.412909e-03 7.770006e-01 2.500000e-02 0.000000e+00 5.000000e-01
3.363319e-01 4.492825e-03 7.770006e-01 7.500000e-02 0.000000e+00 5.000000e-01
1.839740e-01 3.308545e-03 7.770006e-01 1.250000e-01 0.000000e+00 5.000000e-01
1.002946e-01 2.432503e-03 7.770006e-01 1.750000e-01 0.000000e+00 5.000000e-01
5.179520e-02 1.734234e-03 7.770006e-01 2.250000e-01 0.000000e+00 5.000000e-01
1.702580e-02 9.862794e-04 7.770006e-01 2.750000e-01 0.000000e+00 5.000000e-01
6.145001e-03 5.913038e-04 7.770006e-01 3.250000e-01 0.000000e+00 5.000000e-01
4.198484e-03 4.880645e-04 7.770006e-01 3.750000e-01 0.000000e+00 5.000000e-01
4.141674e-03 4.814603e-04 7.770006e-01 4.250000e-01 0.000000e+00 5.000000e-01
3.201114e-03 4.203275e-04 7.770006e-01 4.750000e-01 0.000000e+00 5.000000e-01
4.541182e-03 4.954842e-04 7.770006e-01 5.250000e-01 0.000000e+00 5.000000e-01
3.451133e-03 4.313921e-04 7.770006e-01 5.750000e-01 0.000000e+00 5.000000e-01
4.210498e-03 4.767456e-04 7.770006e-01 6.250000e-01 0.000000e+00 5.000000e-01
4.254097e-03 4.816824e-04 7.770006e-01 6.750000e-01 0.000000e+00 5.000000e-01
3.939667e-03 4.708809e-04 7.770006e-01 7.250000e-01 0.000000e+00 5.000000e-01
3.060498e-03 4.164816e-04 7.770006e-01 7.750000e-01 0.000000e+00 5.000000e-01
3.703454e-03 4.629322e-04 7.770006e-01 8.250000e-01 0.000000e+00 5.000000e-01
2.122752e-03 3.537926e-04 7.770006e-01 8.750000e-01 0.000000e+00 5.000000e-01
3.490602e-03 4.583394e-04 7.770006e-01 9.250000e-01 0.000000e+00 5.000000e-01
2.310608e-03 3.748306e-04 7.770006e-01 9.750000e-01 0.000000e+00 5.000000e-01
1.455041e-03 2.970095e-04 7.770006e-01 1.025000e+00 0.000000e+00 5.000000e-01
1.445443e-03 2.950501e-04 7.770006e-01 1.075000e+00 0.000000e+00 5.000000e-01
1.300942e-03 2.773622e-04 7.770006e-01 1.125000e+00 0.000000e+00 5.000000e-01
1.047963e-03 2.470077e-04 7.770006e-01 1.175000e+00 0.000000e+00 5.000000e-01
1.376394e-03 2.809558e-04 7.770006e-01 1.225000e+00 0.000000e+00 5.000000e-01
4.590584e-04 1.623017e-04 7.770006e-01 1.275000e+00 0.000000e+00 5.000000e-01
9.183817e-04 2.295957e-04 7.770006e-01 1.325000e+00 0.000000e+00 5.000000e-01
4.512922e-04 1.595564e-04 7.770006e-01 1.375000e+00 0.000000e+00 5.000000e-01
6.741434e-04 1.946090e-04 7.770006e-01 1.425000e+00 0.000000e+00 5.000000e-01
6.704988e-04 1.935565e-04 7.770006e-01 1.475000e+00 0.000000e+00 5.000000e-01
7.816745e-04 2.089115e-04 7.770006e-01 1.525000e+00 0.000000e+00 5.000000e-01
9.866802e-04 2.325633e-04 7.770006e-01 1.575000e+00 0.000000e+00 5.000000e-01
1.304131e-03 2.662051e-04 7.770006e-01 1.625000e+00 0.000000e+00 5.000000e-01
7.598807e-04 2.030873e-04 7.770006e-01 1.675000e+00 0.000000e+00 5.000000e-01
6.410308e-04 1.850500e-04 7.770006e-01 1.725000e+00 0.000000e+00 5.000000e-01
6.246411e-04 1.803187e-04 7.770006e-01 1.775000e+00 0.000000e+00 5.000000e-01
7.050239e-04 1.884262e-04 7.770006e-01 1.825000e+00 0.000000e+00 5.000000e-01
7.749172e-04 1.937300e-04 7.770006e-01 1.875000e+00 0.000000e+00 5.000000e-01
4.666689e-04 1.475743e-04 7.770006e-01 1.925000e+00 0.000000e+00 5.000000e-01
4.475542e-04 1.415294e-04 7.770006e-01 1.975000e+00 0.000000e+00 5.000000e-01
3.367073e-04 1.190442e-04 7.770006e-01 2.025000e+00 0.000000e+00 5.000000e-01
8.149084e-04 1.822199e-04 7.770006e-01 2.075000e+00 0.000000e+00 5.000000e-01
3.253181e-04 1.150178e-04 7.770006e-01 2.125000e+00 0.000000e+00 5.000000e-01
6.479793e-04 1.619952e-04 7.770006e-01 2.175000e+00 0.000000e+00 5.000000e-01
5.666112e-04 1.514335e-04 7.770006e-01 2.225000e+00 0.000000e+00 5.000000e-01
6.369078e-04 1.592278e-04 7.770006e-01 2.275000e+00 0.000000e+00 5.000000e-01
3.922504e-04 1.240409e-04 7.770006e-01 2.325000e+00 0.000000e+00 5.000000e-01
3.131321e-04 1.107092e-04 7.770006e-01 2.375000e+00 0.000000e+00 5.000000e-01
2.357914e-04 9.626165e-05 7.770006e-01 2.425000e+00 0.000000e+00 5.000000e-01
7.180638e-04 1.692502e-04 7.770006e-01 2.475000e+00 0.000000e+00 5.000000e-01
5.538611e-04 1.480258e-04 7.770006e-01 2.525000e+00 0.000000e+00 5.000000e-01
3.925495e-04 1.241358e-04 7.770006e-01 2.575000e+00 0.000000e+00 5.000000e-01
3.141847e-04 1.110820e-04 7.770006e-01 2.625000e+00 0.000000e+00 5.000000e-01
2.350484e-04 9.595824e-05 7.770006e-01 2.675000e+00 0.000000e+00 5.000000e-01
3.090096e-04 1.092515e-04 7.770006e-01 2.725000e+00 0.000000e+00 5.000000e-01
6.073152e-04 1.518299e-04 7.770006e-01 2.775000e+00 0.000000e+00 5.000000e-01
2.255923e-04 9.209809e-05 7.770006e-01 2.825000e+00 0.000000e+00 5.000000e-01
3.695298e-04 1.168564e-04 7.770006e-01 2.875000e+00 0.000000e+00 5.000000e-01
3.613626e-04 1.142734e-04 7.770006e-01 2.925000e+00 0.000000e+00 5.000000e-01
5.010124e-04 1.339021e-04 7.770006e-01 2.975000e+00 0.000000e+00 5.000000e-01
2.823144e-04 9.981361e-05 7.770006e-01 3.025000e+00 0.000000e+00 5.000000e-01
6.932811e-04 1.550241e-04 7.770006e-01 3.075000e+00 0.000000e+00 5.000000e-01
3.400361e-04 1.075302e-04 7.770006e-01 3.125000e+00 0.000000e+00 5.000000e-01
4.732727e-04 1.264886e-04 7.770006e-01 3.175000e+00 0.000000e+00 5.000000e-01
3.338275e-04 1.055664e-04 7.770006e-01 3.225000e+00 0.000000e+00 5.000000e-01
2.637651e-04 9.325634e-05 7.770006e-01 3.275000e+00 0.000000e+00 5.000000e-01
3.422335e-04 1.082260e-04 7.770006e-01 3.325000e+00 0.000000e+00 5.000000e-01
4.336990e-04 1.251997e-04 7.770006e-01 3.375000e+00 0.000000e+00 5.000000e-01
5.387584e-04 1.439918e-04 7.770006e-01 3.425000e+00 0.000000e+00 5.000000e-01
4.156407e-04 1.314379e-04 7.770006e-01 3.475000e+00 0.000000e+00 5.000000e-01
4.555547e-04 1.440621e-04 7.770006e-01 3.525000e+00 0.000000e+00 5.000000e-01
6.013541e-04 1.736010e-04 7.770006e-01 3.575000e+00 0.000000e+00 5.000000e-01
4.521977e-04 1.598788e-04 7.770006e-01 3.625000e+00 0.000000e+00 5.000000e-01
9.348669e-04 2.498569e-04 7.770006e-01 3.675000e+00 0.000000e+00 5.000000e-01
8.113018e-04 2.565579e-04 7.770006e-01 3.725000e+00 0.000000e+00 5.000000e-01
2.185728e-04 1.545543e-04 7.770006e-01 3.775000e+00 0.000000e+00 5.000000e-01
1.334357e-03 4.717904e-04 7.770006e-01 3.825000e+00 0.000000e+00 5.000000e-01
0.000000e+00 0.000000e+00 7.770006e-01 3.875000e+00 0.000000e+00 5.000000e-01
0.000000e+00 0.000000e+00 7.770006e-01 3.925000e+00 0.000000e+00 5.000000e-01
0.000000e+00 0.000000e+00 7.770006e-01 3.975000e+00 0.000000e+00 5.000000e-01
4.867679e-01 5.366956e-03 7.970006e-01 2.500000e-02 0.000000e+00 5.000000e-01
3.495628e-01 4.529480e-03 7.970006e-01 7.500000e-02 0.000000e+00 5.000000e-01
1.841426e-01 3.279909e-03 7.970006e-01 1.250000e-01 0.000000e+00 5.000000e-01
9.839713e-02 2.397794e-03 7.970006e-01 1.750000e-01 0.000000e+00 5.000000e-01
4.952868e-02 1.700824e-03 7.970006e-01 2.250000e-01 0.000000e+00 5.000000e-01
1.813521e-02 1.026705e-03 7.970006e-01 2.750000e-01 0.000000e+00 5.000000e-01
5.156771e-03 5.435720e-04 7.970006e-01 3.250000e-01 0.000000e+00 5.000000e-01
4.711603e-03 5.203102e-04 7.970006e-01 3.750000e-01 0.000000e+00 5.000000e-01
5.154835e-03 5.495078e-04 7.970006e-01 4.250000e-01 0.000000e+00 5.000000e-01
3.543943e-03 4.575218e-04 7.970006e-01 4.750000e-01 0.000000e+00 5.000000e-01
3.903936e-03 4.805420e-04 7.970006e-01 5.250000e-01 0.000000e+00 5.000000e-01
4.617582e-03 5.228390e-04 7.970006e-01 5.750000e-01 0.000000e+00 5.000000e-01
4.151768e-03 4.962321e-04 7.970006e-01 6.250000e-01 0.000000e+00 5.000000e-01
3.554821e-03 4.589259e-04 7.970006e-01 6.750000e-01 0.000000e+00 5.000000e-01
2.138241e-03 3.563742e-04 7.970006e-01 7.250000e-01 0.000000e+00 5.000000e-01
1.674125e-03 3.163805e-04 7.970006e-01 7.750000e-01 0.000000e+00 5.000000e-01
2.624662e-03 3.956833e-04 7.970006e-01 8.250000e-01 0.000000e+00 5.000000e-01
2.135919e-03 3.559874e-04 7.970006e-01 8.750000e-01 0.000000e+00 5.000000e-01
2.129427e-03 3.549050e-04 7.970006e-01 9.250000e-01 0.000000e+00 5.000000e-01
2.345912e-03 3.709220e-04 7.970006e-01 9.750000e-01 0.000000e+00 5.000000e-01
1.728596e-03 3.155976e-04 7.970006e-01 1.025000e+00 0.000000e+00 5.000000e-01
1.269999e-03 2.707653e-04 7.970006e-01 1.075000e+00 0.000000e+00 5.000000e-01
8.057735e-04 2.153526e-04 7.970006e-01 1.125000e+00 0.000000e+00 5.000000e-01
7.933784e-04 2.120397e-04 7.970006e-01 1.175000e+00 0.000000e+00 5.000000e-01
9.046291e-04 2.261576e-04 7.970006e-01 1.225000e+00 0.000000e+00 5.000000e-01
1.028566e-03 2.424357e-04 7.970006e-01 1.275000e+00 0.000000e+00 5.000000e-01
1.030222e-03 2.428263e-04 7.970006e-01 1.325000e+00 0.000000e+00 5.000000e-01
4.516645e-04 1.596877e-04 7.970006e-01 1.375000e+00 0.000000e+00 5.000000e-01
3.377842e-04 1.379001e-04 7.970006e-01 1.425000e+00 0.000000e+00 5.000000e-01
3.364566e-04 1.373582e-04 7.970006e-01 1.475000e+00 0.000000e+00 5.000000e-01
1.202100e-03 2.562892e-04 7.970006e-01 1.525000e+00 0.000000e+00 5.000000e-01
2.115700e-04 1.057854e-04 7.970006e-01 1.575000e+00 0.000000e+00 5.000000e-01
4.106607e-04 1.451905e-04 7.970006e-01 1.625000e+00 0.000000e+00 5.000000e-01
8.062447e-04 2.015615e-04 7.970006e-01 1.675000e+00 0.000000e+00 5.000000e-01
3.922701e-04 1.386885e-04 7.970006e-01 1.725000e+00 0.000000e+00 5.000000e-01
1.038194e-03 2.213443e-04 7.970006e-01 1.775000e+00 0.000000e+00 5.000000e-01
2.732643e-04 1.115597e-04 7.970006e-01 1.825000e+00 0.000000e+00 5.000000e-01
2.672222e-04 1.090933e-04 7.970006e-01 1.875000e+00 0.000000e+00 5.000000e-01
4.374031e-04 1.383197e-04 7.970006e-01 1.925000e+00 0.000000e+00 5.000000e-01
6.925758e-04 1.731446e-04 7.970006e-01 1.975000e+00 0.000000e+00 5.000000e-01
5.106336e-04 1.474075e-04 7.970006e-01 2.025000e+00 0.000000e+00 5.000000e-01
2.554454e-04 1.042853e-04 7.970006e-01 2.075000e+00 0.000000e+00 5.000000e-01
5.117489e-04 1.477294e-04 7.970006e-01 2.125000e+00 0.000000e+00 5.000000e-01
3.422673e-04 1.210105e-04 7.970006e-01 2.175000e+00 0.000000e+00 5.000000e-01
2.549106e-04 1.040673e-04 7.970006e-01 2.225000e+00 0.000000e+00 5.000000e-01
5.882854e-04 1.572262e-04 7.970006e-01 2.275000e+00 0.000000e+00 5.000000e-01
1.002459e-03 2.046272e-04 7.970006e-01 2.325000e+00 0.000000e+00 5.000000e-01
5.869312e-04 1.568650e-04 7.970006e-01 2.375000e+00 0.000000e+00 5.000000e-01
3.343856e-04 1.182235e-04 7.970006e-01 2.425000e+00 0.000000e+00 5.000000e-01
4.975470e-04 1.436300e-04 7.970006e-01 2.475000e+00 0.000000e+00 5.000000e-01
3.281853e-04 1.160318e-04 7.970006e-01 2.525000e+00 0.000000e+00 5.000000e-01
2.428980e-04 9.916281e-05 7.970006e-01 2.575000e+00 0.000000e+00 5.000000e-01
3.153188e-04 1.114826e-04 7.970006e-01 2.625000e+00 0.000000e+00 5.000000e-01
3.881067e-04 1.227307e-04 7.970006e-01 2.675000e+00 0.000000e+00 5.000000e-01
4.612300e-04 1.331461e-04 7.970006e-01 2.725000e+00 0.000000e+00 5.000000e-01
2.275291e-04 9.288920e-05 7.970006e-01 2.775000e+00 0.000000e+00 5.000000e-01
3.747826e-04 1.185173e-04 7.970006e-01 2.825000e+00 0.000000e+00 5.000000e-01
6.646359e-04 1.566567e-04 7.970006e-01 2.875000e+00 0.000000e+00 5.000000e-01
5.052215e-04 1.350264e-04 7.970006e-01 2.925000e+00 0.000000e+00 5.000000e-01
2.129707e-04 8.694523e-05 7.970006e-01 2.975000e+00 0.000000e+00 5.000000e-01
4.916855e-04 1.314095e-04 7.970006e-01 3.025000e+00 0.000000e+00 5.000000e-01
2.094887e-04 8.552385e-05 7.970006e-01 3.075000e+00 0.000000e+00 5.000000e-01
2.806691e-04 9.923279e-05 7.970006e-01 3.125000e+00 0.000000e+00 5.000000e-01
5.087642e-04 1.359745e-04 7.970006e-01 3.175000e+00 0.000000e+00 5.000000e-01
6.905421e-04 1.627644e-04 7.970006e-01 3.225000e+00 0.000000e+00 5.000000e-01
3.275004e-04 1.157908e-04 7.970006e-01 3.275000e+00 0.000000e+00 5.000000e-01
4.435260e-04 1.402574e-04 7.970006e-01 3.325000e+00 0.000000e+00 5.000000e-01
2.924384e-04 1.193897e-04 7.970006e-01 3.375000e+00 0.000000e+00 5.000000e-01
4.305167e-04 1.522114e-04 7.970006e-01 3.425000e+00 0.000000e+00 5.000000e-01
6.080362e-04 1.922803e-04 7.970006e-01 3.475000e+00 0.000000e+00 5.000000e-01
0.000000e+00 0.000000e+00 7.970006e-01 3.525000e+00 0.000000e+00 5.000000e-01
1.727163e-04 1.221289e-04 7.970006e-01 3.575000e+00 0.000000e+00 5.000000e-01
1.132847e-03 3.582430e-04 7.970006e-01 3.625000e+00 0.000000e+00 5.000000e-01
3.502198e-04 2.476428e-04 7.970006e-01 3.675000e+00 0.000000e+00 5.000000e-01
0.000000e+00 0.000000e+00 7.970006e-01 3.725000e+00 0.000000e+00 5.000000e-01
0.000000e+00 0.000000e+00 7.970006e-01 3.775000e+00 0.000000e+00 5.000000e-01
0.000000e+00 0.000000e+00 7.970006e-01 3.825000e+00 0.000000e+00 5.000000e-01
nan nan 7.970006e-01 3.875000e+00 0.000000e+00 5.000000e-01
nan nan 7.970006e-01 3.925000e+00 0.000000e+00 5.000000e-01
nan nan 7.970006e-01 3.975000e+00 0.000000e+00 5.000000e-01
4.698796e-01 5.325125e-03 8.170006e-01 2.500000e-02 0.000000e+00 5.000000e-01
3.377725e-01 4.520951e-03 8.170006e-01 7.500000e-02 0.000000e+00 5.000000e-01
1.706509e-01 3.203340e-03 8.170006e-01 1.250000e-01 0.000000e+00 5.000000e-01
9.163106e-02 2.348745e-03 8.170006e-01 1.750000e-01 0.000000e+00 5.000000e-01
4.475238e-02 1.638503e-03 8.170006e-01 2.250000e-01 0.000000e+00 5.000000e-01
1.541753e-02 9.635967e-04 8.170006e-01 2.750000e-01 0.000000e+00 5.000000e-01
4.930141e-03 5.512072e-04 8.170006e-01 3.250000e-01 0.000000e+00 5.000000e-01
3.842248e-03 4.879666e-04 8.170006e-01 3.750000e-01 0.000000e+00 5.000000e-01
3.807850e-03 4.835981e-04 8.170006e-01 4.250000e-01 0.000000e+00 5.000000e-01
2.883130e-03 4.250949e-04 8.170006e-01 4.750000e-01 0.000000e+00 5.000000e-01
3.615694e-03 4.747646e-04 8.170006e-01 5.250000e-01 0.000000e+00 5.000000e-01
2.950227e-03 4.258292e-04 8.170006e-01 5.750000e-01 0.000000e+00 5.000000e-01
3.858733e-03 4.900604e-04 8.170006e-01 6.250000e-01 0.000000e+00 5.000000e-01
3.328595e-03 4.529653e-04 8.170006e-01 6.750000e-01 0.000000e+00 5.000000e-01
3.051572e-03 4.315582e-04 8.170006e-01 7.250000e-01 0.000000e+00 5.000000e-01
1.819714e-03 3.322333e-04 8.170006e-01 7.750000e-01 0.000000e+00 5.000000e-01
1.692809e-03 3.199114e-04 8.170006e-01 8.250000e-01 0.000000e+00 5.000000e-01
1.798649e-03 3.283877e-04 8.170006e-01 8.750000e-01 0.000000e+00 5.000000e-01
2.424639e-03 3.833695e-04 8.170006e-01 9.250000e-01 0.000000e+00 5.000000e-01
1.569602e-03 3.078248e-04 8.170006e-01 9.750000e-01 0.000000e+00 5.000000e-01
1.434833e-03 2.928848e-04 8.170006e-01 1.025000e+00 0.000000e+00 5.000000e-01
1.076118e-03 2.536438e-04 8.170006e-01 1.075000e+00 0.000000e+00 5.000000e-01
1.925306e-03 3.403498e-04 8.170006e-01 1.125000e+00 0.000000e+00 5.000000e-01
1.321076e-03 2.816550e-04 8.170006e-01 1.175000e+00 0.000000e+00 5.000000e-01
8.300127e-04 2.218305e-04 8.170006e-01 1.225000e+00 0.000000e+00 5.000000e-01
5.844232e-04 1.848110e-04 8.170006e-01 1.275000e+00 0.000000e+00 5.000000e-01
6.822527e-04 1.969497e-04 8.170006e-01 1.325000e+00 0.000000e+00 5.000000e-01
5.497303e-04 1.738402e-04 8.170006e-01 1.375000e+00 0.000000e+00 5.000000e-01
9.684130e-04 2.282576e-04 8.170006e-01 1.425000e+00 0.000000e+00 5.000000e-01
6.247931e-04 1.803625e-04 8.170006e-01 1.475000e+00 0.000000e+00 5.000000e-01
6.044274e-04 1.744836e-04 8.170006e-01 1.525000e+00 0.000000e+00 5.000000e-01
1.350557e-03 2.552318e-04 8.170006e-01 1.575000e+00 0.000000e+00 5.000000e-01
1.309289e-03 2.474331e-04 8.170006e-01 1.625000e+00 0.000000e+00 5.000000e-01
4.578148e-04 1.447739e-04 8.170006e-01 1.675000e+00 0.000000e+00 5.000000e-01
5.443950e-04 1.571541e-04 8.170006e-01 1.725000e+00 0.000000e+00 5.000000e-01
4.496331e-04 1.421865e-04 8.170006e-01 1.775000e+00 0.000000e+00 5.000000e-01
8.008280e-04 1.887575e-04 8.170006e-01 1.825000e+00 0.000000e+00 5.000000e-01
3.540253e-04 1.251673e-04 8.170006e-01 1.875000e+00 0.000000e+00 5.000000e-01
7.875574e-04 1.856296e-04 8.170006e-01 1.925000e+00 0.000000e+00 5.000000e-01
3.458683e-04 1.222834e-04 8.170006e-01 1.975000e+00 0.000000e+00 5.000000e-01
2.568617e-04 1.048633e-04 8.170006e-01 2.025000e+00 0.000000e+00 5.000000e-01
6.030136e-04 1.611627e-04 8.170006e-01 2.075000e+00 0.000000e+00 5.000000e-01
6.003636e-04 1.604548e-04 8.170006e-01 2.125000e+00 0.000000e+00 5.000000e-01
7.738663e-04 1.824030e-04 8.170006e-01 2.175000e+00 0.000000e+00 5.000000e-01
4.300242e-04 1.359860e-04 8.170006e-01 2.225000e+00 0.000000e+00 5.000000e-01
4.229734e-04 1.337562e-04 8.170006e-01 2.275000e+00 0.000000e+00 5.000000e-01
4.138064e-04 1.308576e-04 8.170006e-01 2.325000e+00 0.000000e+00 5.000000e-01
5.751833e-04 1.537247e-04 8.170006e-01 2.375000e+00 0.000000e+00 5.000000e-01
4.090293e-04 1.293466e-04 8.170006e-01 2.425000e+00 0.000000e+00 5.000000e-01
3.240751e-04 1.145783e-04 8.170006e-01 2.475000e+00 0.000000e+00 5.000000e-01
6.444538e-04 1.611145e-04 8.170006e-01 2.525000e+00 0.000000e+00 5.000000e-01
6.427121e-04 1.606788e-04 8.170006e-01 2.575000e+00 0.000000e+00 5.000000e-01
6.362791e-04 1.590704e-04 8.170006e-01 2.625000e+00 0.000000e+00 5.000000e-01
4.674216e-04 1.349334e-04 8.170006e-01 2.675000e+00 0.000000e+00 5.000000e-01
5.352990e-04 1.430657e-04 8.170006e-01 2.725000e+00 0.000000e+00 5.000000e-01
2.251323e-04 9.190991e-05 8.170006e-01 2.775000e+00 0.000000e+00 5.000000e-01
1.496584e-04 7.483006e-05 8.170006e-01 2.825000e+00 0.000000e+00 5.000000e-01
2.933637e-04 1.037205e-04 8.170006e-01 2.875000e+00 0.000000e+00 5.000000e-01
2.917186e-04 1.031382e-04 8.170006e-01 2.925000e+00 0.000000e+00 5.000000e-01
2.991967e-04 1.057825e-04 8.170006e-01 2.975000e+00 0.000000e+00 5.000000e-01
3.910635e-04 1.236656e-04 8.170006e-01 3.025000e+00 0.000000e+00 5.000000e-01
5.794710e-04 1.548717e-04 8.170006e-01 3.075000e+00 0.000000e+00 5.000000e-01
4.383642e-04 1.386246e-04 8.170006e-01 3.125000e+00 0.000000e+00 5.000000e-01
7.696488e-04 1.924136e-04 8.170006e-01 3.175000e+00 0.000000e+00 5.000000e-01
4.212360e-04 1.489315e-04 8.170006e-01 3.225000e+00 0.000000e+00 5.000000e-01
2.333332e-04 1.166667e-04 8.170006e-01 3.275000e+00 0.000000e+00 5.000000e-01
8.019932e-04 2.315220e-04 8.170006e-01 3.325000e+00 0.000000e+00 5.000000e-01
3.111612e-04 1.555834e-04 8.170006e-01 3.375000e+00 0.000000e+00 5.000000e-01
5.713422e-04 2.332518e-04 8.170006e-01 3.425000e+00 0.000000e+00 5.000000e-01
7.709643e-04 3.147469e-04 8.170006e-01 3.475000e+00 0.000000e+00 5.000000e-01
7.863567e-04 3.931794e-04 8.170006e-01 3.525000e+00 0.000000e+00 5.000000e-01
2.197043e-03 8.969442e-04 8.170006e-01 3.575000e+00 0.000000e+00 5.000000e-01
0.000000e+00 0.000000e+00 8.170006e-01 3.625000e+00 0.000000e+00 5.000000e-01
0.000000e+00 0.000000e+00 8.170006e-01 3.675000e+00 0.000000e+00 5.000000e-01
nan nan 8.170006e-01 3.725000e+00 0.000000e+00 5.000000e-01
nan nan 8.170006e-01 3.775000e+00 0.000000e+00 5.000000e-01
nan nan 8.170006e-01 3.825000e+00 0.000000e+00 5.000000e-01
nan nan 8.170006e-01 3.875000e+00 0.000000e+00 5.000000e-01
nan nan 8.170006e-01 3.925000e+00 0.000000e+00 5.000000e-01
nan nan 8.170006e-01 3.975000e+00 0.000000e+00 5.000000e-01
4.261255e-01 5.153158e-03 8.370006e-01 2.500000e-02 0.000000e+00 5.000000e-01
3.064709e-01 4.421689e-03 8.370006e-01 7.500000e-02 0.000000e+00 5.000000e-01
1.677012e-01 3.262648e-03 8.370006e-01 1.250000e-01 0.000000e+00 5.000000e-01
8.535288e-02 2.333407e-03 8.370006e-01 1.750000e-01 0.000000e+00 5.000000e-01
3.561222e-02 1.529678e-03 8.370006e-01 2.250000e-01 0.000000e+00 5.000000e-01
1.035733e-02 8.188200e-04 8.370006e-01 2.750000e-01 0.000000e+00 5.000000e-01
5.672789e-03 6.047222e-04 8.370006e-01 3.250000e-01 0.000000e+00 5.000000e-01
3.368547e-03 4.671340e-04 8.370006e-01 3.750000e-01 0.000000e+00 5.000000e-01
3.561555e-03 4.759335e-04 8.370006e-01 4.250000e-01 0.000000e+00 5.000000e-01
3.621960e-03 4.755874e-04 8.370006e-01 4.750000e-01 0.000000e+00 5.000000e-01
3.349684e-03 4.558348e-04 8.370006e-01 5.250000e-01 0.000000e+00 5.000000e-01
2.790817e-03 4.114840e-04 8.370006e-01 5.750000e-01 0.000000e+00 5.000000e-01
2.402557e-03 3.798781e-04 8.370006e-01 6.250000e-01 0.000000e+00 5.000000e-01
2.183637e-03 3.639400e-04 8.370006e-01 6.750000e-01 0.000000e+00 5.000000e-01
3.566866e-03 4.604810e-04 8.370006e-01 7.250000e-01 0.000000e+00 5.000000e-01
2.301432e-03 3.733421e-04 8.370006e-01 7.750000e-01 0.000000e+00 5.000000e-01
2.061759e-03 3.535896e-04 8.370006e-01 8.250000e-01 0.000000e+00 5.000000e-01
1.656460e-03 3.130418e-04 8.370006e-01 8.750000e-01 0.000000e+00 5.000000e-01
1.798568e-03 3.283724e-04 8.370006e-01 9.250000e-01 0.000000e+00 5.000000e-01
1.443014e-03 2.945544e-04 8.370006e-01 9.750000e-01 0.000000e+00 5.000000e-01
1.641242e-03 3.101660e-04 8.370006e-01 1.025000e+00 0.000000e+00 5.000000e-01
1.057096e-03 2.491603e-04 8.370006e-01 1.075000e+00 0.000000e+00 5.000000e-01
1.411528e-03 2.881276e-04 8.370006e-01 1.125000e+00 0.000000e+00 5.000000e-01
1.269864e-03 2.707363e-04 8.370006e-01 1.175000e+00 0.000000e+00 5.000000e-01
4.540652e-04 1.605365e-04 8.370006e-01 1.225000e+00 0.000000e+00 5.000000e-01
1.248890e-03 2.662646e-04 8.370006e-01 1.275000e+00 0.000000e+00 5.000000e-01
1.129619e-03 2.525911e-04 8.370006e-01 1.325000e+00 0.000000e+00 5.000000e-01
8.662962e-04 2.165745e-04 8.370006e-01 1.375000e+00 0.000000e+00 5.000000e-01
1.014367e-03 2.268199e-04 8.370006e-01 1.425000e+00 0.000000e+00 5.000000e-01
6.655310e-04 1.778708e-04 8.370006e-01 1.475000e+00 0.000000e+00 5.000000e-01
7.378153e-04 1.844542e-04 8.370006e-01 1.525000e+00 0.000000e+00 5.000000e-01
1.177626e-03 2.309520e-04 8.370006e-01 1.575000e+00 0.000000e+00 5.000000e-01
1.255380e-03 2.372450e-04 8.370006e-01 1.625000e+00 0.000000e+00 5.000000e-01
8.129977e-04 1.916257e-04 8.370006e-01 1.675000e+00 0.000000e+00 5.000000e-01
5.417962e-04 1.564034e-04 8.370006e-01 1.725000e+00 0.000000e+00 5.000000e-01
9.013528e-05 6.373527e-05 8.370006e-01 1.775000e+00 0.000000e+00 5.000000e-01
4.469909e-04 1.413511e-04 8.370006e-01 1.825000e+00 0.000000e+00 5.000000e-01
1.779653e-04 8.898270e-05 8.370006e-01 1.875000e+00 0.000000e+00 5.000000e-01
5.326266e-04 1.537564e-04 8.370006e-01 1.925000e+00 0.000000e+00 5.000000e-01
6.192775e-04 1.655096e-04 8.370006e-01 1.975000e+00 0.000000e+00 5.000000e-01
7.898064e-04 1.861600e-04 8.370006e-01 2.025000e+00 0.000000e+00 5.000000e-01
5.129164e-04 1.480665e-04 8.370006e-01 2.075000e+00 0.000000e+00 5.000000e-01
3.421921e-04 1.209835e-04 8.370006e-01 2.125000e+00 0.000000e+00 5.000000e-01
5.200490e-04 1.501257e-04 8.370006e-01 2.175000e+00 0.000000e+00 5.000000e-01
1.729815e-04 8.649126e-05 8.370006e-01 2.225000e+00 0.000000e+00 5.000000e-01
6.036378e-04 1.613296e-04 8.370006e-01 2.275000e+00 0.000000e+00 5.000000e-01
9.506992e-04 2.026905e-04 8.370006e-01 2.325000e+00 0.000000e+00 5.000000e-01
6.780061e-04 1.695027e-04 8.370006e-01 2.375000e+00 0.000000e+00 5.000000e-01
1.075244e-03 2.108735e-04 8.370006e-01 2.425000e+00 0.000000e+00 5.000000e-01
7.328392e-04 1.727328e-04 8.370006e-01 2.475000e+00 0.000000e+00 5.000000e-01
3.193010e-04 1.128901e-04 8.370006e-01 2.525000e+00 0.000000e+00 5.000000e-01
3.969808e-04 1.255367e-04 8.370006e-01 2.575000e+00 0.000000e+00 5.000000e-01
1.264432e-03 2.235235e-04 8.370006e-01 2.625000e+00 0.000000e+00 5.000000e-01
7.009397e-04 1.652149e-04 8.370006e-01 2.675000e+00 0.000000e+00 5.000000e-01
1.215292e-03 2.148362e-04 8.370006e-01 2.725000e+00 0.000000e+00 5.000000e-01
3.103636e-04 1.097306e-04 8.370006e-01 2.775000e+00 0.000000e+00 5.000000e-01
3.164883e-04 1.118961e-04 8.370006e-01 2.825000e+00 0.000000e+00 5.000000e-01
4.190691e-04 1.325218e-04 8.370006e-01 2.875000e+00 0.000000e+00 5.000000e-01
4.464878e-04 1.411919e-04 8.370006e-01 2.925000e+00 0.000000e+00 5.000000e-01
5.770952e-04 1.665942e-04 8.370006e-01 2.975000e+00 0.000000e+00 5.000000e-01
4.146791e-04 1.466129e-04 8.370006e-01 3.025000e+00 0.000000e+00 5.000000e-01
5.725821e-04 1.810671e-04 8.370006e-01 3.075000e+00 0.000000e+00 5.000000e-01
1.297049e-04 9.171520e-05 8.370006e-01 3.125000e+00 0.000000e+00 5.000000e-01
1.474017e-04 1.042287e-04 8.370006e-01 3.175000e+00 0.000000e+00 5.000000e-01
8.710736e-04 2.754601e-04 8.370006e-01 3.225000e+00 0.000000e+00 5.000000e-01
2.192300e-04 1.550190e-04 8.370006e-01 3.275000e+00 0.000000e+00 5.000000e-01
0.000000e+00 0.000000e+00 8.370006e-01 3.325000e+00 0.000000e+00 5.000000e-01
0.000000e+00 0.000000e+00 8.370006e-01 3.375000e+00 0.000000e+00 5.000000e-01
0.000000e+00 0.000000e+00 8.370006e-01 3.425000e+00 0.000000e+00 5.000000e-01
0.000000e+00 0.000000e+00 8.370006e-01 3.475000e+00 0.000000e+00 5.000000e-01
0.000000e+00 0.000000e+00 8.370006e-01 3.525000e+00 0.000000e+00 5.000000e-01
nan nan 8.370006e-01 3.575000e+00 0.000000e+00 5.000000e-01
nan nan 8.370006e-01 3.625000e+00 0.000000e+00 5.000000e-01
nan nan 8.370006e-01 3.675000e+00 0.000000e+00 5.000000e-01
nan nan 8.370006e-01 3.725000e+00 0.000000e+00 5.000000e-01
nan nan 8.370006e-01 3.775000e+00 0.000000e+00 5.000000e-01
nan nan 8.370006e-01 3.825000e+00 0.000000e+00 5.000000e-01
nan nan 8.370006e-01 3.875000e+00 0.000000e+00 5.000000e-01
nan nan 8.370006e-01 3.925000e+00 0.000000e+00 5.000000e-01
nan nan 8.370006e-01 3.975000e+00 0.000000e+00 5.000000e-01
4.110936e-01 5.361083e-03 8.570006e-01 2.500000e-02 0.000000e+00 5.000000e-01
2.960030e-01 4.511910e-03 8.570006e-01 7.500000e-02 0.000000e+00 5.000000e-01
1.567506e-01 3.287111e-03 8.570006e-01 1.250000e-01 0.000000e+00 5.000000e-01
6.671688e-02 2.131195e-03 8.570006e-01 1.750000e-01 0.000000e+00 5.000000e-01
2.512583e-02 1.302715e-03 8.570006e-01 2.250000e-01 0.000000e+00 5.000000e-01
1.236767e-02 9.117575e-04 8.570006e-01 2.750000e-01 0.000000e+00 5.000000e-01
3.573366e-03 4.862739e-04 8.570006e-01 3.250000e-01 0.000000e+00 5.000000e-01
3.926108e-03 5.068590e-04 8.570006e-01 3.750000e-01 0.000000e+00 5.000000e-01
3.508665e-03 4.774692e-04 8.570006e-01 4.250000e-01 0.000000e+00 5.000000e-01
3.442844e-03 4.685123e-04 8.570006e-01 4.750000e-01 0.000000e+00 5.000000e-01
3.955791e-03 5.023868e-04 8.570006e-01 5.250000e-01 0.000000e+00 5.000000e-01
2.510342e-03 3.969204e-04 8.570006e-01 5.750000e-01 0.000000e+00 5.000000e-01
2.611785e-03 4.030076e-04 8.570006e-01 6.250000e-01 0.000000e+00 5.000000e-01
3.099656e-03 4.383583e-04 8.570006e-01 6.750000e-01 0.000000e+00 5.000000e-01
2.611422e-03 4.029518e-04 8.570006e-01 7.250000e-01 0.000000e+00 5.000000e-01
2.824518e-03 4.164532e-04 8.570006e-01 7.750000e-01 0.000000e+00 5.000000e-01
2.841132e-03 4.189026e-04 8.570006e-01 8.250000e-01 0.000000e+00 5.000000e-01
2.320569e-03 3.764467e-04 8.570006e-01 8.750000e-01 0.000000e+00 5.000000e-01
1.430280e-03 2.919550e-04 8.570006e-01 9.250000e-01 0.000000e+00 5.000000e-01
1.505246e-03 2.952036e-04 8.570006e-01 9.750000e-01 0.000000e+00 5.000000e-01
1.906035e-03 3.268829e-04 8.570006e-01 1.025000e+00 0.000000e+00 5.000000e-01
1.084233e-03 2.424423e-04 8.570006e-01 1.075000e+00 0.000000e+00 5.000000e-01
2.011632e-03 3.263302e-04 8.570006e-01 1.125000e+00 0.000000e+00 5.000000e-01
1.246588e-03 2.544593e-04 8.570006e-01 1.175000e+00 0.000000e+00 5.000000e-01
1.104670e-03 2.355167e-04 8.570006e-01 1.225000e+00 0.000000e+00 5.000000e-01
8.848255e-04 2.085559e-04 8.570006e-01 1.275000e+00 0.000000e+00 5.000000e-01
6.807382e-04 1.819353e-04 8.570006e-01 1.325000e+00 0.000000e+00 5.000000e-01
6.744651e-04 1.802586e-04 8.570006e-01 1.375000e+00 0.000000e+00 5.000000e-01
1.157246e-03 2.362223e-04 8.570006e-01 1.425000e+00 0.000000e+00 5.000000e-01
1.178053e-03 2.404696e-04 8.570006e-01 1.475000e+00 0.000000e+00 5.000000e-01
1.217796e-03 2.388299e-04 8.570006e-01 1.525000e+00 0.000000e+00 5.000000e-01
9.998745e-04 2.131745e-04 8.570006e-01 1.575000e+00 0.000000e+00 5.000000e-01
9.894576e-04 2.109537e-04 8.570006e-01 1.625000e+00 0.000000e+00 5.000000e-01
3.622438e-04 1.280729e-04 8.570006e-01 1.675000e+00 0.000000e+00 5.000000e-01
1.096233e-03 2.237680e-04 8.570006e-01 1.725000e+00 0.000000e+00 5.000000e-01
6.458973e-04 1.726239e-04 8.570006e-01 1.775000e+00 0.000000e+00 5.000000e-01
7.364483e-04 1.841123e-04 8.570006e-01 1.825000e+00 0.000000e+00 5.000000e-01
5.468016e-04 1.578484e-04 8.570006e-01 1.875000e+00 0.000000e+00 5.000000e-01
2.735463e-04 1.116749e-04 8.570006e-01 1.925000e+00 0.000000e+00 5.000000e-01
6.168558e-04 1.648621e-04 8.570006e-01 1.975000e+00 0.000000e+00 5.000000e-01
4.372612e-04 1.382749e-04 8.570006e-01 2.025000e+00 0.000000e+00 5.000000e-01
4.478227e-04 1.416144e-04 8.570006e-01 2.075000e+00 0.000000e+00 5.000000e-01
6.335567e-04 1.693256e-04 8.570006e-01 2.125000e+00 0.000000e+00 5.000000e-01
1.771080e-04 8.855402e-05 8.570006e-01 2.175000e+00 0.000000e+00 5.000000e-01
1.728213e-04 8.641065e-05 8.570006e-01 2.225000e+00 0.000000e+00 5.000000e-01
4.279449e-04 1.353284e-04 8.570006e-01 2.275000e+00 0.000000e+00 5.000000e-01
4.174393e-04 1.320065e-04 8.570006e-01 2.325000e+00 0.000000e+00 5.000000e-01
5.827622e-04 1.557506e-04 8.570006e-01 2.375000e+00 0.000000e+00 5.000000e-01
4.964316e-04 1.433083e-04 8.570006e-01 2.425000e+00 0.000000e+00 5.000000e-01
7.344662e-04 1.731160e-04 8.570006e-01 2.475000e+00 0.000000e+00 5.000000e-01
7.273666e-04 1.714430e-04 8.570006e-01 2.525000e+00 0.000000e+00 5.000000e-01
7.936342e-04 1.774632e-04 8.570006e-01 2.575000e+00 0.000000e+00 5.000000e-01
5.750943e-04 1.537012e-04 8.570006e-01 2.625000e+00 0.000000e+00 5.000000e-01
1.706126e-04 8.530732e-05 8.570006e-01 2.675000e+00 0.000000e+00 5.000000e-01
4.511249e-04 1.426589e-04 8.570006e-01 2.725000e+00 0.000000e+00 5.000000e-01
6.788135e-04 1.814214e-04 8.570006e-01 2.775000e+00 0.000000e+00 5.000000e-01
2.112802e-04 1.056406e-04 8.570006e-01 2.825000e+00 0.000000e+00 5.000000e-01
3.436759e-04 1.403062e-04 8.570006e-01 2.875000e+00 0.000000e+00 5.000000e-01
6.411379e-04 2.027477e-04 8.570006e-01 2.925000e+00 0.000000e+00 5.000000e-01
2.883543e-04 1.441777e-04 8.570006e-01 2.975000e+00 0.000000e+00 5.000000e-01
4.992298e-04 2.038115e-04 8.570006e-01 3.025000e+00 0.000000e+00 5.000000e-01
6.066572e-04 2.476670e-04 8.570006e-01 3.075000e+00 0.000000e+00 5.000000e-01
2.564066e-04 1.813069e-04 8.570006e-01 3.125000e+00 0.000000e+00 5.000000e-01
7.172045e-04 3.586073e-04 8.570006e-01 3.175000e+00 0.000000e+00 5.000000e-01
6.169021e-04 4.362157e-04 8.570006e-01 3.225000e+00 0.000000e+00 5.000000e-01
0.000000e+00 0.000000e+00 8.570006e-01 3.275000e+00 0.000000e+00 5.000000e-01
0.000000e+00 0.000000e+00 8.570006e-01 3.325000e+00 0.000000e+00 5.000000e-01
0.000000e+00 0.000000e+00 8.570006e-01 3.375000e+00 0.000000e+00 5.000000e-01
nan nan 8.570006e-01 3.425000e+00 0.000000e+00 5.000000e-01
nan nan 8.570006e-01 3.475000e+00 0.000000e+00 5.000000e-01
nan nan 8.570006e-01 3.525000e+00 0.000000e+00 5.000000e-01
nan nan 8.570006e-01 3.575000e+00 0.000000e+00 5.000000e-01
nan nan 8.570006e-01 3.625000e+00 0.000000e+00 5.000000e-01
nan nan 8.570006e-01 3.675000e+00 0.000000e+00 5.000000e-01
nan nan 8.570006e-01 3.725000e+00 0.000000e+00 5.000000e-01
nan nan 8.570006e-01 3.775000e+00 0.000000e+00 5.000000e-01
nan nan 8.570006e-01 3.825000e+00 0.000000e+00 5.000000e-01
nan nan 8.570006e-01 3.875000e+00 0.000000e+00 5.000000e-01
nan nan 8.570006e-01 3.925000e+00 0.000000e+00 5.000000e-01
nan nan 8.570006e-01 3.975000e+00 0.000000e+00 5.000000e-01
4.244401e-01 5.511750e-03 8.770006e-01 2.500000e-02 0.000000e+00 5.000000e-01
2.770976e-01 4.390091e-03 8.770006e-01 7.500000e-02 0.000000e+00 5.000000e-01
1.358210e-01 3.049275e-03 8.770006e-01 1.250000e-01 0.000000e+00 5.000000e-01
6.247785e-02 2.073403e-03 8.770006e-01 1.750000e-01 0.000000e+00 5.000000e-01
2.981279e-02 1.408524e-03 8.770006e-01 2.250000e-01 0.000000e+00 5.000000e-01
1.179643e-02 8.841807e-04 8.770006e-01 2.750000e-01 0.000000e+00 5.000000e-01
3.929524e-03 5.073001e-04 8.770006e-01 3.250000e-01 0.000000e+00 5.000000e-01
4.351950e-03 5.277521e-04 8.770006e-01 3.750000e-01 0.000000e+00 5.000000e-01
3.584323e-03 4.789758e-04 8.770006e-01 4.250000e-01 0.000000e+00 5.000000e-01
3.026128e-03 4.367847e-04 8.770006e-01 4.750000e-01 0.000000e+00 5.000000e-01
2.745670e-03 4.139259e-04 8.770006e-01 5.250000e-01 0.000000e+00 5.000000e-01
3.216205e-03 4.460080e-04 8.770006e-01 5.750000e-01 0.000000e+00 5.000000e-01
2.313903e-03 3.753651e-04 8.770006e-01 6.250000e-01 0.000000e+00 5.000000e-01
2.395975e-03 3.788376e-04 8.770006e-01 6.750000e-01 0.000000e+00 5.000000e-01
3.913536e-03 4.891929e-04 8.770006e-01 7.250000e-01 0.000000e+00 5.000000e-01
2.300418e-03 3.731776e-04 8.770006e-01 7.750000e-01 0.000000e+00 5.000000e-01
1.762644e-03 3.218136e-04 8.770006e-01 8.250000e-01 0.000000e+00 5.000000e-01
1.284327e-03 2.738200e-04 8.770006e-01 8.750000e-01 0.000000e+00 5.000000e-01
1.703075e-03 3.109382e-04 8.770006e-01 9.250000e-01 0.000000e+00 5.000000e-01
2.078096e-03 3.371123e-04 8.770006e-01 9.750000e-01 0.000000e+00 5.000000e-01
1.187285e-03 2.531305e-04 8.770006e-01 1.025000e+00 0.000000e+00 5.000000e-01
1.779833e-03 3.052392e-04 8.770006e-01 1.075000e+00 0.000000e+00 5.000000e-01
1.516638e-03 2.768993e-04 8.770006e-01 1.125000e+00 0.000000e+00 5.000000e-01
1.346502e-03 2.544655e-04 8.770006e-01 1.175000e+00 0.000000e+00 5.000000e-01
1.348054e-03 2.547586e-04 8.770006e-01 1.225000e+00 0.000000e+00 5.000000e-01
8.631697e-04 2.034516e-04 8.770006e-01 1.275000e+00 0.000000e+00 5.000000e-01
1.052697e-03 2.244362e-04 8.770006e-01 1.325000e+00 0.000000e+00 5.000000e-01
1.339104e-03 2.530674e-04 8.770006e-01 1.375000e+00 0.000000e+00 5.000000e-01
7.624164e-04 1.906044e-04 8.770006e-01 1.425000e+00 0.000000e+00 5.000000e-01
8.537832e-04 2.012390e-04 8.770006e-01 1.475000e+00 0.000000e+00 5.000000e-01
7.605210e-04 1.901309e-04 8.770006e-01 1.525000e+00 0.000000e+00 5.000000e-01
7.503605e-04 1.875908e-04 8.770006e-01 1.575000e+00 0.000000e+00 5.000000e-01
1.024880e-03 2.185061e-04 8.770006e-01 1.625000e+00 0.000000e+00 5.000000e-01
1.027595e-03 2.190843e-04 8.770006e-01 1.675000e+00 0.000000e+00 5.000000e-01
5.634880e-04 1.626655e-04 8.770006e-01 1.725000e+00 0.000000e+00 5.000000e-01
5.642741e-04 1.628925e-04 8.770006e-01 1.775000e+00 0.000000e+00 5.000000e-01
3.766963e-04 1.331823e-04 8.770006e-01 1.825000e+00 0.000000e+00 5.000000e-01
9.266771e-04 2.072118e-04 8.770006e-01 1.875000e+00 0.000000e+00 5.000000e-01
1.146750e-03 2.248969e-04 8.770006e-01 1.925000e+00 0.000000e+00 5.000000e-01
7.290535e-04 1.822639e-04 8.770006e-01 1.975000e+00 0.000000e+00 5.000000e-01
6.412469e-04 1.713809e-04 8.770006e-01 2.025000e+00 0.000000e+00 5.000000e-01
3.615655e-04 1.278335e-04 8.770006e-01 2.075000e+00 0.000000e+00 5.000000e-01
4.434806e-04 1.402413e-04 8.770006e-01 2.125000e+00 0.000000e+00 5.000000e-01
7.717833e-04 1.819117e-04 8.770006e-01 2.175000e+00 0.000000e+00 5.000000e-01
1.103570e-03 2.164290e-04 8.770006e-01 2.225000e+00 0.000000e+00 5.000000e-01
5.071052e-04 1.463890e-04 8.770006e-01 2.275000e+00 0.000000e+00 5.000000e-01
5.117404e-04 1.477274e-04 8.770006e-01 2.325000e+00 0.000000e+00 5.000000e-01
2.515281e-04 1.026870e-04 8.770006e-01 2.375000e+00 0.000000e+00 5.000000e-01
9.284072e-04 1.979382e-04 8.770006e-01 2.425000e+00 0.000000e+00 5.000000e-01
3.485133e-04 1.232187e-04 8.770006e-01 2.475000e+00 0.000000e+00 5.000000e-01
4.653043e-04 1.471429e-04 8.770006e-01 2.525000e+00 0.000000e+00 5.000000e-01
3.969339e-04 1.403380e-04 8.770006e-01 2.575000e+00 0.000000e+00 5.000000e-01
9.600616e-04 2.262904e-04 8.770006e-01 2.625000e+00 0.000000e+00 5.000000e-01
4.662291e-04 1.648370e-04 8.770006e-01 2.675000e+00 0.000000e+00 5.000000e-01
3.825384e-04 1.561707e-04 8.770006e-01 2.725000e+00 0.000000e+00 5.000000e-01
2.902487e-04 1.451255e-04 8.770006e-01 2.775000e+00 0.000000e+00 5.000000e-01
4.904151e-04 2.002112e-04 8.770006e-01 2.825000e+00 0.000000e+00 5.000000e-01
9.733635e-04 3.078056e-04 8.770006e-01 2.875000e+00 0.000000e+00 5.000000e-01
2.424292e-04 1.714233e-04 8.770006e-01 2.925000e+00 0.000000e+00 5.000000e-01
6.421817e-04 3.210971e-04 8.770006e-01 2.975000e+00 0.000000e+00 5.000000e-01
0.000000e+00 0.000000e+00 8.770006e-01 3.025000e+00 0.000000e+00 5.000000e-01
8.765388e-04 6.198066e-04 8.770006e-01 3.075000e+00 0.000000e+00 5.000000e-01
0.000000e+00 0.000000e+00 8.770006e-01 3.125000e+00 0.000000e+00 5.000000e-01
0.000000e+00 0.000000e+00 8.770006e-01 3.175000e+00 0.000000e+00 5.000000e-01
nan nan 8.770006e-01 3.225000e+00 0.000000e+00 5.000000e-01
nan nan 8.770006e-01 3.275000e+00 0.000000e+00 5.000000e-01
nan nan 8.770006e-01 3.325000e+00 0.000000e+00 5.000000e-01
nan nan 8.770006e-01 3.375000e+00 0.000000e+00 5.000000e-01
nan nan 8.770006e-01 3.425000e+00 0.000000e+00 5.000000e-01
nan nan 8.770006e-01 3.475000e+00 0.000000e+00 5.000000e-01
nan nan 8.770006e-01 3.525000e+00 0.000000e+00 5.000000e-01
nan nan 8.770006e-01 3.575000e+00 0.000000e+00 5.000000e-01
nan nan 8.770006e-01 3.625000e+00 0.000000e+00 5.000000e-01
nan nan 8.770006e-01 3.675000e+00 0.000000e+00 5.000000e-01
nan nan 8.770006e-01 3.725000e+00 0.000000e+00 5.000000e-01
nan nan 8.770006e-01 3.775000e+00 0.000000e+00 5.000000e-01
nan nan 8.770006e-01 3.825000e+00 0.000000e+00 5.000000e-01
nan nan 8.770006e-01 3.875000e+00 0.000000e+00 5.000000e-01
nan nan 8.770006e-01 3.925000e+00 0.000000e+00 5.000000e-01
nan nan 8.770006e-01 3.975000e+00 0.000000e+00 5.000000e-01
4.133762e-01 5.381705e-03 8.970007e-01 2.500000e-02 0.000000e+00 5.000000e-01
2.758678e-01 4.387157e-03 8.970007e-01 7.500000e-02 0.000000e+00 5.000000e-01
1.291500e-01 2.981800e-03 8.970007e-01 1.250000e-01 0.000000e+00 5.000000e-01
4.266355e-02 1.689068e-03 8.970007e-01 1.750000e-01 0.000000e+00 5.000000e-01
1.940379e-02 1.139431e-03 8.970007e-01 2.250000e-01 0.000000e+00 5.000000e-01
6.638417e-03 6.573023e-04 8.970007e-01 2.750000e-01 0.000000e+00 5.000000e-01
4.882114e-03 5.600174e-04 8.970007e-01 3.250000e-01 0.000000e+00 5.000000e-01
4.435479e-03 5.301418e-04 8.970007e-01 3.750000e-01 0.000000e+00 5.000000e-01
4.492846e-03 5.294875e-04 8.970007e-01 4.250000e-01 0.000000e+00 5.000000e-01
3.251484e-03 4.509003e-04 8.970007e-01 4.750000e-01 0.000000e+00 5.000000e-01
3.359396e-03 4.571564e-04 8.970007e-01 5.250000e-01 0.000000e+00 5.000000e-01
3.166338e-03 4.390925e-04 8.970007e-01 5.750000e-01 0.000000e+00 5.000000e-01
2.549841e-03 3.934496e-04 8.970007e-01 6.250000e-01 0.000000e+00 5.000000e-01
2.517120e-03 3.884006e-04 8.970007e-01 6.750000e-01 0.000000e+00 5.000000e-01
3.564331e-03 4.526712e-04 8.970007e-01 7.250000e-01 0.000000e+00 5.000000e-01
2.010968e-03 3.351617e-04 8.970007e-01 7.750000e-01 0.000000e+00 5.000000e-01
3.140580e-03 4.123790e-04 8.970007e-01 8.250000e-01 0.000000e+00 5.000000e-01
2.473378e-03 3.570020e-04 8.970007e-01 8.750000e-01 0.000000e+00 5.000000e-01
2.558127e-03 3.547490e-04 8.970007e-01 9.250000e-01 0.000000e+00 5.000000e-01
1.658277e-03 2.843926e-04 8.970007e-01 9.750000e-01 0.000000e+00 5.000000e-01
9.570868e-04 2.140117e-04 8.970007e-01 1.025000e+00 0.000000e+00 5.000000e-01
1.057616e-03 2.254849e-04 8.970007e-01 1.075000e+00 0.000000e+00 5.000000e-01
8.735050e-04 2.058876e-04 8.970007e-01 1.125000e+00 0.000000e+00 5.000000e-01
8.982287e-04 2.117148e-04 8.970007e-01 1.175000e+00 0.000000e+00 5.000000e-01
7.053218e-04 1.885054e-04 8.970007e-01 1.225000e+00 0.000000e+00 5.000000e-01
1.251242e-03 2.453893e-04 8.970007e-01 1.275000e+00 0.000000e+00 5.000000e-01
1.351221e-03 2.553572e-04 8.970007e-01 1.325000e+00 0.000000e+00 5.000000e-01
1.151964e-03 2.351442e-04 8.970007e-01 1.375000e+00 0.000000e+00 5.000000e-01
1.054202e-03 2.247571e-04 8.970007e-01 1.425000e+00 0.000000e+00 5.000000e-01
8.758722e-04 2.064452e-04 8.970007e-01 1.475000e+00 0.000000e+00 5.000000e-01
1.371762e-03 2.592391e-04 8.970007e-01 1.525000e+00 0.000000e+00 5.000000e-01
5.884148e-04 1.698611e-04 8.970007e-01 1.575000e+00 0.000000e+00 5.000000e-01
6.725542e-04 1.797482e-04 8.970007e-01 1.625000e+00 0.000000e+00 5.000000e-01
5.776537e-04 1.667545e-04 8.970007e-01 1.675000e+00 0.000000e+00 5.000000e-01
4.786150e-04 1.513520e-04 8.970007e-01 1.725000e+00 0.000000e+00 5.000000e-01
9.433324e-04 2.109363e-04 8.970007e-01 1.775000e+00 0.000000e+00 5.000000e-01
8.308495e-04 1.958340e-04 8.970007e-01 1.825000e+00 0.000000e+00 5.000000e-01
8.922727e-04 1.995190e-04 8.970007e-01 1.875000e+00 0.000000e+00 5.000000e-01
9.281319e-04 2.075370e-04 8.970007e-01 1.925000e+00 0.000000e+00 5.000000e-01
5.533213e-04 1.597303e-04 8.970007e-01 1.975000e+00 0.000000e+00 5.000000e-01
5.464541e-04 1.577481e-04 8.970007e-01 2.025000e+00 0.000000e+00 5.000000e-01
6.148715e-04 1.643318e-04 8.970007e-01 2.075000e+00 0.000000e+00 5.000000e-01
5.993431e-04 1.601821e-04 8.970007e-01 2.125000e+00 0.000000e+00 5.000000e-01
5.270162e-04 1.521373e-04 8.970007e-01 2.175000e+00 0.000000e+00 5.000000e-01
7.109685e-04 1.777430e-04 8.970007e-01 2.225000e+00 0.000000e+00 5.000000e-01
3.608359e-04 1.275751e-04 8.970007e-01 2.275000e+00 0.000000e+00 5.000000e-01
8.487032e-04 2.000425e-04 8.970007e-01 2.325000e+00 0.000000e+00 5.000000e-01
1.124051e-03 2.396496e-04 8.970007e-01 2.375000e+00 0.000000e+00 5.000000e-01
8.852737e-04 2.213197e-04 8.970007e-01 2.425000e+00 0.000000e+00 5.000000e-01
2.359319e-04 1.179667e-04 8.970007e-01 2.475000e+00 0.000000e+00 5.000000e-01
5.256609e-04 1.858501e-04 8.970007e-01 2.525000e+00 0.000000e+00 5.000000e-01
4.355331e-04 1.778061e-04 8.970007e-01 2.575000e+00 0.000000e+00 5.000000e-01
8.229703e-04 2.602464e-04 8.970007e-01 2.625000e+00 0.000000e+00 5.000000e-01
5.851148e-04 2.388723e-04 8.970007e-01 2.675000e+00 0.000000e+00 5.000000e-01
1.174129e-03 3.712960e-04 8.970007e-01 2.725000e+00 0.000000e+00 5.000000e-01
9.351674e-04 3.817849e-04 8.970007e-01 2.775000e+00 0.000000e+00 5.000000e-01
4.192541e-04 2.964574e-04 8.970007e-01 2.825000e+00 0.000000e+00 5.000000e-01
0.000000e+00 0.000000e+00 8.970007e-01 2.875000e+00 0.000000e+00 5.000000e-01
3.285571e-03 1.642786e-03 8.970007e-01 2.925000e+00 0.000000e+00 5.000000e-01
0.000000e+00 0.000000e+00 8.970007e-01 2.975000e+00 0.000000e+00 5.000000e-01
0.000000e+00 0.000000e+00 8.970007e-01 3.025000e+00 0.000000e+00 5.000000e-01
nan nan 8.970007e-01 3.075000e+00 0.000000e+00 5.000000e-01
nan nan 8.970007e-01 3.125000e+00 0.000000e+00 5.000000e-01
nan nan 8.970007e-01 3.175000e+00 0.000000e+00 5.000000e-01
nan nan 8.970007e-01 3.225000e+00 0.000000e+00 5.000000e-01
nan nan 8.970007e-01 3.275000e+00 0.000000e+00 5.000000e-01
nan nan 8.970007e-01 3.325000e+00 0.000000e+00 5.000000e-01
nan nan 8.970007e-01 3.375000e+00 0.000000e+00 5.000000e-01
nan nan 8.970007e-01 3.425000e+00 0.000000e+00 5.000000e-01
nan nan 8.970007e-01 3.475000e+00 0.000000e+00 5.000000e-01
nan nan 8.970007e-01 3.525000e+00 0.000000e+00 5.000000e-01
nan nan 8.970007e-01 3.575000e+00 0.000000e+00 5.000000e-01
nan nan 8.970007e-01 3.625000e+00 0.000000e+00 5.000000e-01
nan nan 8.970007e-01 3.675000e+00 0.000000e+00 5.000000e-01
nan nan 8.970007e-01 3.725000e+00 0.000000e+00 5.000000e-01
nan nan 8.970007e-01 3.775000e+00 0.000000e+00 5.000000e-01
nan nan 8.970007e-01 3.825000e+00 0.000000e+00 5.000000e-01
nan nan 8.970007e-01 3.875000e+00 0.000000e+00 5.000000e-01
nan nan 8.970007e-01 3.925000e+00 0.000000e+00 5.000000e-01
nan nan 8.970007e-01 3.975000e+00 0.000000e+00 5.000000e-01
3.879803e-01 5.226782e-03 9.170007e-01 2.500000e-02 0.000000e+00 5.000000e-01
2.460534e-01 4.129672e-03 9.170007e-01 7.500000e-02 0.000000e+00 5.000000e-01
1.019982e-01 2.644183e-03 9.170007e-01 1.250000e-01 0.000000e+00 5.000000e-01
3.919890e-02 1.624849e-03 9.170007e-01 1.750000e-01 0.000000e+00 5.000000e-01
1.633318e-02 1.041367e-03 9.170007e-01 2.250000e-01 0.000000e+00 5.000000e-01
8.158268e-03 7.326351e-04 9.170007e-01 2.750000e-01 0.000000e+00 5.000000e-01
3.741286e-03 4.912557e-04 9.170007e-01 3.250000e-01 0.000000e+00 5.000000e-01
3.432312e-03 4.670791e-04 9.170007e-01 3.750000e-01 0.000000e+00 5.000000e-01
3.117154e-03 4.408326e-04 9.170007e-01 4.250000e-01 0.000000e+00 5.000000e-01
3.940812e-03 4.850811e-04 9.170007e-01 4.750000e-01 0.000000e+00 5.000000e-01
3.587286e-03 4.555863e-04 9.170007e-01 5.250000e-01 0.000000e+00 5.000000e-01
2.703147e-03 3.901661e-04 9.170007e-01 5.750000e-01 0.000000e+00 5.000000e-01
3.566688e-03 4.390294e-04 9.170007e-01 6.250000e-01 0.000000e+00 5.000000e-01
3.147678e-03 4.063643e-04 9.170007e-01 6.750000e-01 0.000000e+00 5.000000e-01
2.570664e-03 3.635473e-04 9.170007e-01 7.250000e-01 0.000000e+00 5.000000e-01
2.928879e-03 3.845814e-04 9.170007e-01 7.750000e-01 0.000000e+00 5.000000e-01
1.643404e-03 2.905160e-04 9.170007e-01 8.250000e-01 0.000000e+00 5.000000e-01
1.630113e-03 2.881662e-04 9.170007e-01 8.750000e-01 0.000000e+00 5.000000e-01
2.485978e-03 3.588206e-04 9.170007e-01 9.250000e-01 0.000000e+00 5.000000e-01
1.528627e-03 2.790881e-04 9.170007e-01 9.750000e-01 0.000000e+00 5.000000e-01
1.186505e-03 2.421945e-04 9.170007e-01 1.025000e+00 0.000000e+00 5.000000e-01
1.354465e-03 2.559704e-04 9.170007e-01 1.075000e+00 0.000000e+00 5.000000e-01
1.445599e-03 2.639293e-04 9.170007e-01 1.125000e+00 0.000000e+00 5.000000e-01
1.668606e-03 2.861641e-04 9.170007e-01 1.175000e+00 0.000000e+00 5.000000e-01
8.904596e-04 2.098837e-04 9.170007e-01 1.225000e+00 0.000000e+00 5.000000e-01
1.132292e-03 2.414059e-04 9.170007e-01 1.275000e+00 0.000000e+00 5.000000e-01
7.055413e-04 1.885640e-04 9.170007e-01 1.325000e+00 0.000000e+00 5.000000e-01
6.889066e-04 1.841185e-04 9.170007e-01 1.375000e+00 0.000000e+00 5.000000e-01
7.863064e-04 1.965769e-04 9.170007e-01 1.425000e+00 0.000000e+00 5.000000e-01
5.935832e-04 1.713532e-04 9.170007e-01 1.475000e+00 0.000000e+00 5.000000e-01
8.879864e-04 2.093010e-04 9.170007e-01 1.525000e+00 0.000000e+00 5.000000e-01
6.919915e-04 1.849430e-04 9.170007e-01 1.575000e+00 0.000000e+00 5.000000e-01
1.163289e-03 2.374561e-04 9.170007e-01 1.625000e+00 0.000000e+00 5.000000e-01
8.693697e-04 2.049126e-04 9.170007e-01 1.675000e+00 0.000000e+00 5.000000e-01
5.694078e-04 1.643748e-04 9.170007e-01 1.725000e+00 0.000000e+00 5.000000e-01
3.749032e-04 1.325485e-04 9.170007e-01 1.775000e+00 0.000000e+00 5.000000e-01
5.393215e-04 1.556890e-04 9.170007e-01 1.825000e+00 0.000000e+00 5.000000e-01
4.652092e-04 1.471122e-04 9.170007e-01 1.875000e+00 0.000000e+00 5.000000e-01
4.604424e-04 1.456053e-04 9.170007e-01 1.925000e+00 0.000000e+00 5.000000e-01
8.218267e-04 1.937069e-04 9.170007e-01 1.975000e+00 0.000000e+00 5.000000e-01
8.054423e-04 1.898449e-04 9.170007e-01 2.025000e+00 0.000000e+00 5.000000e-01
7.536750e-04 1.884192e-04 9.170007e-01 2.075000e+00 0.000000e+00 5.000000e-01
9.022947e-04 2.126737e-04 9.170007e-01 2.125000e+00 0.000000e+00 5.000000e-01
4.210353e-04 1.488586e-04 9.170007e-01 2.175000e+00 0.000000e+00 5.000000e-01
1.014787e-03 2.391883e-04 9.170007e-01 2.225000e+00 0.000000e+00 5.000000e-01
6.172422e-04 1.951897e-04 9.170007e-01 2.275000e+00 0.000000e+00 5.000000e-01
1.072113e-03 2.680292e-04 9.170007e-01 2.325000e+00 0.000000e+00 5.000000e-01
5.904457e-04 2.087550e-04 9.170007e-01 2.375000e+00 0.000000e+00 5.000000e-01
6.845396e-04 2.420222e-04 9.170007e-01 2.425000e+00 0.000000e+00 5.000000e-01
3.989230e-04 1.994615e-04 9.170007e-01 2.475000e+00 0.000000e+00 5.000000e-01
9.561455e-04 3.380497e-04 9.170007e-01 2.525000e+00 0.000000e+00 5.000000e-01
1.201746e-03 4.248821e-04 9.170007e-01 2.575000e+00 0.000000e+00 5.000000e-01
0.000000e+00 0.000000e+00 9.170007e-01 2.625000e+00 0.000000e+00 5.000000e-01
1.413722e-03 7.068608e-04 9.170007e-01 2.675000e+00 0.000000e+00 5.000000e-01
0.000000e+00 0.000000e+00 9.170007e-01 2.725000e+00 0.000000e+00 5.000000e-01
0.000000e+00 0.000000e+00 9.170007e-01 2.775000e+00 0.000000e+00 5.000000e-01
0.000000e+00 0.000000e+00 9.170007e-01 2.825000e+00 0.000000e+00 5.000000e-01
nan nan 9.170007e-01 2.875000e+00 0.000000e+00 5.000000e-01
nan nan 9.170007e-01 2.925000e+00 0.000000e+00 5.000000e-01
nan nan 9.170007e-01 2.975000e+00 0.000000e+00 5.000000e-01
nan nan 9.170007e-01 3.025000e+00 0.000000e+00 5.000000e-01
nan nan 9.170007e-01 3.075000e+00 0.000000e+00 5.000000e-01
nan nan 9.170007e-01 3.125000e+00 0.000000e+00 5.000000e-01
nan nan 9.170007e-01 3.175000e+00 0.000000e+00 5.000000e-01
nan nan 9.170007e-01 3.225000e+00 0.000000e+00 5.000000e-01
nan nan 9.170007e-01 3.275000e+00 0.000000e+00 5.000000e-01
nan nan 9.170007e-01 3.325000e+00 0.000000e+00 5.000000e-01
nan nan 9.170007e-01 3.375000e+00 0.000000e+00 5.000000e-01
nan nan 9.170007e-01 3.425000e+00 0.000000e+00 5.000000e-01
nan nan 9.170007e-01 3.475000e+00 0.000000e+00 5.000000e-01
nan nan 9.170007e-01 3.525000e+00 0.000000e+00 5.000000e-01
nan nan 9.170007e-01 3.575000e+00 0.000000e+00 5.000000e-01
nan nan 9.170007e-01 3.625000e+00 0.000000e+00 5.000000e-01
nan nan 9.170007e-01 3.675000e+00 0.000000e+00 5.000000e-01
nan nan 9.170007e-01 3.725000e+00 0.000000e+00 5.000000e-01
nan nan 9.170007e-01 3.775000e+00 0.000000e+00 5.000000e-01
nan nan 9.170007e-01 3.825000e+00 0.000000e+00 5.000000e-01
nan nan 9.170007e-01 3.875000e+00 0.000000e+00 5.000000e-01
nan nan 9.170007e-01 3.925000e+00 0.000000e+00 5.000000e-01
nan nan 9.170007e-01 3.975000e+00 0.000000e+00 5.000000e-01
3.534294e-01 4.954840e-03 9.370007e-01 2.500000e-02 0.000000e+00 5.000000e-01
2.165542e-01 3.904577e-03 9.370007e-01 7.500000e-02 0.000000e+00 5.000000e-01
9.272765e-02 2.519999e-03 9.370007e-01 1.250000e-01 0.000000e+00 5.000000e-01
3.305673e-02 1.487295e-03 9.370007e-01 1.750000e-01 0.000000e+00 5.000000e-01
1.169988e-02 8.720583e-04 9.370007e-01 2.250000e-01 0.000000e+00 5.000000e-01
7.273276e-03 6.695601e-04 9.370007e-01 2.750000e-01 0.000000e+00 5.000000e-01
3.709204e-03 4.710700e-04 9.370007e-01 3.250000e-01 0.000000e+00 5.000000e-01
3.991299e-03 4.770521e-04 9.370007e-01 3.750000e-01 0.000000e+00 5.000000e-01
4.924234e-03 5.190606e-04 9.370007e-01 4.250000e-01 0.000000e+00 5.000000e-01
4.638505e-03 4.944670e-04 9.370007e-01 4.750000e-01 0.000000e+00 5.000000e-01
4.097157e-03 4.580767e-04 9.370007e-01 5.250000e-01 0.000000e+00 5.000000e-01
4.195127e-03 4.632749e-04 9.370007e-01 5.750000e-01 0.000000e+00 5.000000e-01
2.586794e-03 3.658284e-04 9.370007e-01 6.250000e-01 0.000000e+00 5.000000e-01
1.988433e-03 3.225669e-04 9.370007e-01 6.750000e-01 0.000000e+00 5.000000e-01
3.148786e-03 4.065071e-04 9.370007e-01 7.250000e-01 0.000000e+00 5.000000e-01
2.085091e-03 3.296822e-04 9.370007e-01 7.750000e-01 0.000000e+00 5.000000e-01
2.423418e-03 3.497907e-04 9.370007e-01 8.250000e-01 0.000000e+00 5.000000e-01
1.378213e-03 2.604581e-04 9.370007e-01 8.750000e-01 0.000000e+00 5.000000e-01
1.189794e-03 2.428662e-04 9.370007e-01 9.250000e-01 0.000000e+00 5.000000e-01
1.995943e-03 3.155866e-04 9.370007e-01 9.750000e-01 0.000000e+00 5.000000e-01
1.747327e-03 2.996649e-04 9.370007e-01 1.025000e+00 0.000000e+00 5.000000e-01
1.259348e-03 2.570639e-04 9.370007e-01 1.075000e+00 0.000000e+00 5.000000e-01
8.111325e-04 2.027834e-04 9.370007e-01 1.125000e+00 0.000000e+00 5.000000e-01
1.209554e-03 2.468994e-04 9.370007e-01 1.175000e+00 0.000000e+00 5.000000e-01
9.150329e-04 2.156754e-04 9.370007e-01 1.225000e+00 0.000000e+00 5.000000e-01
8.170734e-04 2.042687e-04 9.370007e-01 1.275000e+00 0.000000e+00 5.000000e-01
6.277071e-04 1.812037e-04 9.370007e-01 1.325000e+00 0.000000e+00 5.000000e-01
1.204070e-03 2.457803e-04 9.370007e-01 1.375000e+00 0.000000e+00 5.000000e-01
1.178511e-03 2.405633e-04 9.370007e-01 1.425000e+00 0.000000e+00 5.000000e-01
1.280578e-03 2.511426e-04 9.370007e-01 1.475000e+00 0.000000e+00 5.000000e-01
9.852882e-04 2.203176e-04 9.370007e-01 1.525000e+00 0.000000e+00 5.000000e-01
9.720432e-04 2.173560e-04 9.370007e-01 1.575000e+00 0.000000e+00 5.000000e-01
4.834031e-04 1.528660e-04 9.370007e-01 1.625000e+00 0.000000e+00 5.000000e-01
3.831985e-04 1.354813e-04 9.370007e-01 1.675000e+00 0.000000e+00 5.000000e-01
7.557607e-04 1.889404e-04 9.370007e-01 1.725000e+00 0.000000e+00 5.000000e-01
1.099997e-03 2.245368e-04 9.370007e-01 1.775000e+00 0.000000e+00 5.000000e-01
4.790392e-04 1.514858e-04 9.370007e-01 1.825000e+00 0.000000e+00 5.000000e-01
5.978268e-04 1.725783e-04 9.370007e-01 1.875000e+00 0.000000e+00 5.000000e-01
5.169495e-04 1.634744e-04 9.370007e-01 1.925000e+00 0.000000e+00 5.000000e-01
1.058295e-03 2.366425e-04 9.370007e-01 1.975000e+00 0.000000e+00 5.000000e-01
1.309660e-03 2.792205e-04 9.370007e-01 2.025000e+00 0.000000e+00 5.000000e-01
7.836496e-04 2.262205e-04 9.370007e-01 2.075000e+00 0.000000e+00 5.000000e-01
1.374294e-04 9.717724e-05 9.370007e-01 2.125000e+00 0.000000e+00 5.000000e-01
1.558763e-04 1.102212e-04 9.370007e-01 2.175000e+00 0.000000e+00 5.000000e-01
9.136897e-04 2.889350e-04 9.370007e-01 2.225000e+00 0.000000e+00 5.000000e-01
6.019290e-04 2.457368e-04 9.370007e-01 2.275000e+00 0.000000e+00 5.000000e-01
4.834302e-04 2.417151e-04 9.370007e-01 2.325000e+00 0.000000e+00 5.000000e-01
1.257636e-03 4.446429e-04 9.370007e-01 2.375000e+00 0.000000e+00 5.000000e-01
2.043559e-03 6.462331e-04 9.370007e-01 2.425000e+00 0.000000e+00 5.000000e-01
1.446712e-03 7.233560e-04 9.370007e-01 2.475000e+00 0.000000e+00 5.000000e-01
0.000000e+00 0.000000e+00 9.370007e-01 2.525000e+00 0.000000e+00 5.000000e-01
3.119389e-03 2.205741e-03 9.370007e-01 2.575000e+00 0.000000e+00 5.000000e-01
0.000000e+00 0.000000e+00 9.370007e-01 2.625000e+00 0.000000e+00 5.000000e-01
nan nan 9.370007e-01 2.675000e+00 0.000000e+00 5.000000e-01
nan nan 9.370007e-01 2.725000e+00 0.000000e+00 5.000000e-01
nan nan 9.370007e-01 2.775000e+00 0.000000e+00 5.000000e-01
nan nan 9.370007e-01 2.825000e+00 0.000000e+00 5.000000e-01
nan nan 9.370007e-01 2.875000e+00 0.000000e+00 5.000000e-01
nan nan 9.370007e-01 2.925000e+00 0.000000e+00 5.000000e-01
nan nan 9.370007e-01 2.975000e+00 0.000000e+00 5.000000e-01
nan nan 9.370007e-01 3.025000e+00 0.000000e+00 5.000000e-01
nan nan 9.370007e-01 3.075000e+00 0.000000e+00 5.000000e-01
nan nan 9.370007e-01 3.125000e+00 0.000000e+00 5.000000e-01
nan nan 9.370007e-01 3.175000e+00 0.000000e+00 5.000000e-01
nan nan 9.370007e-01 3.225000e+00 0.000000e+00 5.000000e-01
nan nan 9.370007e-01 3.275000e+00 0.000000e+00 5.000000e-01
nan nan 9.370007e-01 3.325000e+00 0.000000e+00 5.000000e-01
nan nan 9.370007e-01 3.375000e+00 0.000000e+00 5.000000e-01
nan nan 9.370007e-01 3.425000e+00 0.000000e+00 5.000000e-01
nan nan 9.370007e-01 3.475000e+00 0.000000e+00 5.000000e-01
nan nan 9.370007e-01 3.525000e+00 0.000000e+00 5.000000e-01
nan nan 9.370007e-01 3.575000e+00 0.000000e+00 5.000000e-01
nan nan 9.370007e-01 3.625000e+00 0.000000e+00 5.000000e-01
nan nan 9.370007e-01 3.675000e+00 0.000000e+00 5.000000e-01
nan nan 9.370007e-01 3.725000e+00 0.000000e+00 5.000000e-01
nan nan 9.370007e-01 3.775000e+00 0.000000e+00 5.000000e-01
nan nan 9.370007e-01 3.825000e+00 0.000000e+00 5.000000e-01
nan nan 9.370007e-01 3.875000e+00 0.000000e+00 5.000000e-01
nan nan 9.370007e-01 3.925000e+00 0.000000e+00 5.000000e-01
nan nan 9.370007e-01 3.975000e+00 0.000000e+00 5.000000e-01
3.193942e+00 1.468546e-02 9.570007e-01 2.500000e-02 0.000000e+00 5.000000e-01
1.550670e+00 1.000038e-02 9.570007e-01 7.500000e-02 0.000000e+00 5.000000e-01
2.811913e-01 4.185251e-03 9.570007e-01 1.250000e-01 0.000000e+00 5.000000e-01
5.677235e-02 1.832322e-03 9.570007e-01 1.750000e-01 0.000000e+00 5.000000e-01
2.030575e-02 1.073193e-03 9.570007e-01 2.250000e-01 0.000000e+00 5.000000e-01
8.739789e-03 6.953011e-04 9.570007e-01 2.750000e-01 0.000000e+00 5.000000e-01
5.513536e-03 5.406473e-04 9.570007e-01 3.250000e-01 0.000000e+00 5.000000e-01
6.236791e-03 5.693393e-04 9.570007e-01 3.750000e-01 0.000000e+00 5.000000e-01
4.132536e-03 4.620321e-04 9.570007e-01 4.250000e-01 0.000000e+00 5.000000e-01
4.265942e-03 4.710950e-04 9.570007e-01 4.750000e-01 0.000000e+00 5.000000e-01
3.972432e-03 4.556698e-04 9.570007e-01 5.250000e-01 0.000000e+00 5.000000e-01
4.822540e-03 5.027852e-04 9.570007e-01 5.750000e-01 0.000000e+00 5.000000e-01
3.950433e-03 4.531465e-04 9.570007e-01 6.250000e-01 0.000000e+00 5.000000e-01
2.849301e-03 3.807543e-04 9.570007e-01 6.750000e-01 0.000000e+00 5.000000e-01
2.137165e-03 3.297722e-04 9.570007e-01 7.250000e-01 0.000000e+00 5.000000e-01
2.151654e-03 3.320078e-04 9.570007e-01 7.750000e-01 0.000000e+00 5.000000e-01
3.023770e-03 3.970410e-04 9.570007e-01 8.250000e-01 0.000000e+00 5.000000e-01
1.723075e-03 3.046000e-04 9.570007e-01 8.750000e-01 0.000000e+00 5.000000e-01
2.538247e-03 3.663652e-04 9.570007e-01 9.250000e-01 0.000000e+00 5.000000e-01
2.135570e-03 3.295261e-04 9.570007e-01 9.750000e-01 0.000000e+00 5.000000e-01
1.032558e-03 2.308873e-04 9.570007e-01 1.025000e+00 0.000000e+00 5.000000e-01
1.351401e-03 2.650321e-04 9.570007e-01 1.075000e+00 0.000000e+00 5.000000e-01
1.076590e-03 2.407332e-04 9.570007e-01 1.125000e+00 0.000000e+00 5.000000e-01
1.044197e-03 2.334899e-04 9.570007e-01 1.175000e+00 0.000000e+00 5.000000e-01
8.111110e-04 2.027782e-04 9.570007e-01 1.225000e+00 0.000000e+00 5.000000e-01
1.012791e-03 2.264671e-04 9.570007e-01 1.275000e+00 0.000000e+00 5.000000e-01
1.117561e-03 2.382650e-04 9.570007e-01 1.325000e+00 0.000000e+00 5.000000e-01
9.181406e-04 2.164084e-04 9.570007e-01 1.375000e+00 0.000000e+00 5.000000e-01
9.813199e-04 2.194302e-04 9.570007e-01 1.425000e+00 0.000000e+00 5.000000e-01
1.466540e-03 2.677533e-04 9.570007e-01 1.475000e+00 0.000000e+00 5.000000e-01
5.833797e-04 1.684074e-04 9.570007e-01 1.525000e+00 0.000000e+00 5.000000e-01
1.168008e-03 2.384193e-04 9.570007e-01 1.575000e+00 0.000000e+00 5.000000e-01
3.987618e-04 1.409842e-04 9.570007e-01 1.625000e+00 0.000000e+00 5.000000e-01
5.178977e-04 1.637737e-04 9.570007e-01 1.675000e+00 0.000000e+00 5.000000e-01
4.302103e-04 1.521024e-04 9.570007e-01 1.725000e+00 0.000000e+00 5.000000e-01
5.647574e-04 1.785924e-04 9.570007e-01 1.775000e+00 0.000000e+00 5.000000e-01
7.568619e-04 2.184877e-04 9.570007e-01 1.825000e+00 0.000000e+00 5.000000e-01
4.137372e-04 1.689076e-04 9.570007e-01 1.875000e+00 0.000000e+00 5.000000e-01
5.685731e-04 2.010212e-04 9.570007e-01 1.925000e+00 0.000000e+00 5.000000e-01
3.342624e-04 1.671320e-04 9.570007e-01 1.975000e+00 0.000000e+00 5.000000e-01
1.303961e-03 3.484996e-04 9.570007e-01 2.025000e+00 0.000000e+00 5.000000e-01
6.297897e-04 2.571107e-04 9.570007e-01 2.075000e+00 0.000000e+00 5.000000e-01
0.000000e+00 0.000000e+00 9.570007e-01 2.125000e+00 0.000000e+00 5.000000e-01
0.000000e+00 0.000000e+00 9.570007e-01 2.175000e+00 0.000000e+00 5.000000e-01
0.000000e+00 0.000000e+00 9.570007e-01 2.225000e+00 0.000000e+00 5.000000e-01
1.608901e-03 8.044504e-04 9.570007e-01 2.275000e+00 0.000000e+00 5.000000e-01
0.000000e+00 0.000000e+00 9.570007e-01 2.325000e+00 0.000000e+00 5.000000e-01
3.388306e-03 2.395894e-03 9.570007e-01 2.375000e+00 0.000000e+00 5.000000e-01
0.000000e+00 0.000000e+00 9.570007e-01 2.425000e+00 0.000000e+00 5.000000e-01
nan nan 9.570007e-01 2.475000e+00 0.000000e+00 5.000000e-01
nan nan 9.570007e-01 2.525000e+00 0.000000e+00 5.000000e-01
nan nan 9.570007e-01 2.575000e+00 0.000000e+00 5.000000e-01
nan nan 9.570007e-01 2.625000e+00 0.000000e+00 5.000000e-01
nan nan 9.570007e-01 2.675000e+00 0.000000e+00 5.000000e-01
nan nan 9.570007e-01 2.725000e+00 0.000000e+00 5.000000e-01
nan nan 9.570007e-01 2.775000e+00 0.000000e+00 5.000000e-01
nan nan 9.570007e-01 2.825000e+00 0.000000e+00 5.000000e-01
nan nan 9.570007e-01 2.875000e+00 0.000000e+00 5.000000e-01
nan nan 9.570007e-01 2.925000e+00 0.000000e+00 5.000000e-01
nan nan 9.570007e-01 2.975000e+00 0.000000e+00 5.000000e-01
nan nan 9.570007e-01 3.025000e+00 0.000000e+00 5.000000e-01
nan nan 9.570007e-01 3.075000e+00 0.000000e+00 5.000000e-01
nan nan 9.570007e-01 3.125000e+00 0.000000e+00 5.000000e-01
nan nan 9.570007e-01 3.175000e+00 0.000000e+00 5.000000e-01
nan nan 9.570007e-01 3.225000e+00 0.000000e+00 5.000000e-01
nan nan 9.570007e-01 3.275000e+00 0.000000e+00 5.000000e-01
nan nan 9.570007e-01 3.325000e+00 0.000000e+00 5.000000e-01
nan nan 9.570007e-01 3.375000e+00 0.000000e+00 5.000000e-01
nan nan 9.570007e-01 3.425000e+00 0.000000e+00 5.000000e-01
nan nan 9.570007e-01 3.475000e+00 0.000000e+00 5.000000e-01
nan nan 9.570007e-01 3.525000e+00 0.000000e+00 5.000000e-01
nan nan 9.570007e-01 3.575000e+00 0.000000e+00 5.000000e-01
nan nan 9.570007e-01 3.625000e+00 0.000000e+00 5.000000e-01
nan nan 9.570007e-01 3.675000e+00 0.000000e+00 5.000000e-01
nan nan 9.570007e-01 3.725000e+00 0.000000e+00 5.000000e-01
nan nan 9.570007e-01 3.775000e+00 0.000000e+00 5.000000e-01
nan nan 9.570007e-01 3.825000e+00 0.000000e+00 5.000000e-01
nan nan 9.570007e-01 3.875000e+00 0.000000e+00 5.000000e-01
nan nan 9.570007e-01 3.925000e+00 0.000000e+00 5.000000e-01
nan nan 9.570007e-01 3.975000e+00 0.000000e+00 5.000000e-01
1.382150e+01 2.851683e-02 9.770007e-01 2.500000e-02 0.000000e+00 5.000000e-01
6.945271e+00 1.995646e-02 9.770007e-01 7.500000e-02 0.000000e+00 5.000000e-01
1.129220e+00 7.940457e-03 9.770007e-01 1.250000e-01 0.000000e+00 5.000000e-01
2.299648e-01 3.555217e-03 9.770007e-01 1.750000e-01 0.000000e+00 5.000000e-01
4.386358e-02 1.537419e-03 9.770007e-01 2.250000e-01 0.000000e+00 5.000000e-01
8.589655e-03 6.790727e-04 9.770007e-01 2.750000e-01 0.000000e+00 5.000000e-01
4.955432e-03 5.111145e-04 9.770007e-01 3.250000e-01 0.000000e+00 5.000000e-01
4.785526e-03 5.044396e-04 9.770007e-01 3.750000e-01 0.000000e+00 5.000000e-01
4.739311e-03 4.995679e-04 9.770007e-01 4.250000e-01 0.000000e+00 5.000000e-01
4.299419e-03 4.747920e-04 9.770007e-01 4.750000e-01 0.000000e+00 5.000000e-01
3.216872e-03 4.085437e-04 9.770007e-01 5.250000e-01 0.000000e+00 5.000000e-01
3.430130e-03 4.222202e-04 9.770007e-01 5.750000e-01 0.000000e+00 5.000000e-01
1.773398e-03 3.041356e-04 9.770007e-01 6.250000e-01 0.000000e+00 5.000000e-01
2.681842e-03 3.792702e-04 9.770007e-01 6.750000e-01 0.000000e+00 5.000000e-01
2.493803e-03 3.676916e-04 9.770007e-01 7.250000e-01 0.000000e+00 5.000000e-01
2.151797e-03 3.402294e-04 9.770007e-01 7.750000e-01 0.000000e+00 5.000000e-01
1.871744e-03 3.119578e-04 9.770007e-01 8.250000e-01 0.000000e+00 5.000000e-01
1.571989e-03 2.870050e-04 9.770007e-01 8.750000e-01 0.000000e+00 5.000000e-01
2.562186e-03 3.698203e-04 9.770007e-01 9.250000e-01 0.000000e+00 5.000000e-01
1.992975e-03 3.321629e-04 9.770007e-01 9.750000e-01 0.000000e+00 5.000000e-01
1.261113e-03 2.574242e-04 9.770007e-01 1.025000e+00 0.000000e+00 5.000000e-01
1.338434e-03 2.624888e-04 9.770007e-01 1.075000e+00 0.000000e+00 5.000000e-01
1.664225e-03 2.941966e-04 9.770007e-01 1.125000e+00 0.000000e+00 5.000000e-01
9.619088e-04 2.267245e-04 9.770007e-01 1.175000e+00 0.000000e+00 5.000000e-01
4.071267e-04 1.439414e-04 9.770007e-01 1.225000e+00 0.000000e+00 5.000000e-01
4.979846e-04 1.574769e-04 9.770007e-01 1.275000e+00 0.000000e+00 5.000000e-01
6.041493e-04 1.744031e-04 9.770007e-01 1.325000e+00 0.000000e+00 5.000000e-01
5.170466e-04 1.635046e-04 9.770007e-01 1.375000e+00 0.000000e+00 5.000000e-01
1.136752e-03 2.423568e-04 9.770007e-01 1.425000e+00 0.000000e+00 5.000000e-01
1.278959e-03 2.610668e-04 9.770007e-01 1.475000e+00 0.000000e+00 5.000000e-01
9.063398e-04 2.265856e-04 9.770007e-01 1.525000e+00 0.000000e+00 5.000000e-01
1.088612e-03 2.565890e-04 9.770007e-01 1.575000e+00 0.000000e+00 5.000000e-01
3.985639e-04 1.627130e-04 9.770007e-01 1.625000e+00 0.000000e+00 5.000000e-01
5.688726e-04 2.011273e-04 9.770007e-01 1.675000e+00 0.000000e+00 5.000000e-01
4.610064e-04 1.882058e-04 9.770007e-01 1.725000e+00 0.000000e+00 5.000000e-01
1.083784e-03 3.128615e-04 9.770007e-01 1.775000e+00 0.000000e+00 5.000000e-01
1.243658e-03 3.590139e-04 9.770007e-01 1.825000e+00 0.000000e+00 5.000000e-01
1.340556e-03 3.869855e-04 9.770007e-01 1.875000e+00 0.000000e+00 5.000000e-01
1.177875e-03 4.164420e-04 9.770007e-01 1.925000e+00 0.000000e+00 5.000000e-01
3.591385e-04 2.539493e-04 9.770007e-01 1.975000e+00 0.000000e+00 5.000000e-01
9.739919e-04 4.869972e-04 9.770007e-01 2.025000e+00 0.000000e+00 5.000000e-01
8.578503e-04 6.065917e-04 9.770007e-01 2.075000e+00 0.000000e+00 5.000000e-01
0.000000e+00 0.000000e+00 9.770007e-01 2.125000e+00 0.000000e+00 5.000000e-01
0.000000e+00 0.000000e+00 9.770007e-01 2.175000e+00 0.000000e+00 5.000000e-01
0.000000e+00 0.000000e+00 9.770007e-01 2.225000e+00 0.000000e+00 5.000000e-01
nan nan 9.770007e-01 2.275000e+00 0.000000e+00 5.000000e-01
nan nan 9.770007e-01 2.325000e+00 0.000000e+00 5.000000e-01
nan nan 9.770007e-01 2.375000e+00 0.000000e+00 5.000000e-01
nan nan 9.770007e-01 2.425000e+00 0.000000e+00 5.000000e-01
nan nan 9.770007e-01 2.475000e+00 0.000000e+00 5.000000e-01
nan nan 9.770007e-01 2.525000e+00 0.000000e+00 5.000000e-01
nan nan 9.770007e-01 2.575000e+00 0.000000e+00 5.000000e-01
nan nan 9.770007e-01 2.625000e+00 0.000000e+00 5.000000e-01
nan nan 9.770007e-01 2.675000e+00 0.000000e+00 5.000000e-01
nan nan 9.770007e-01 2.725000e+00 0.000000e+00 5.000000e-01
nan nan 9.770007e-01 2.775000e+00 0.000000e+00 5.000000e-01
nan nan 9.770007e-01 2.825000e+00 0.000000e+00 5.000000e-01
nan nan 9.770007e-01 2.875000e+00 0.000000e+00 5.000000e-01
nan nan 9.770007e-01 2.925000e+00 0.000000e+00 5.000000e-01
nan nan 9.770007e-01 2.975000e+00 0.000000e+00 5.000000e-01
nan nan 9.770007e-01 3.025000e+00 0.000000e+00 5.000000e-01
nan nan 9.770007e-01 3.075000e+00 0.000000e+00 5.000000e-01
nan nan 9.770007e-01 3.125000e+00 0.000000e+00 5.000000e-01
nan nan 9.770007e-01 3.175000e+00 0.000000e+00 5.000000e-01
nan nan 9.770007e-01 3.225000e+00 0.000000e+00 5.000000e-01
nan nan 9.770007e-01 3.275000e+00 0.000000e+00 5.000000e-01
nan nan 9.770007e-01 3.325000e+00 0.000000e+00 5.000000e-01
nan nan 9.770007e-01 3.375000e+00 0.000000e+00 5.000000e-01
nan nan 9.770007e-01 3.425000e+00 0.000000e+00 5.000000e-01
nan nan 9.770007e-01 3.475000e+00 0.000000e+00 5.000000e-01
nan nan 9.770007e-01 3.525000e+00 0.000000e+00 5.000000e-01
nan nan 9.770007e-01 3.575000e+00 0.000000e+00 5.000000e-01
nan nan 9.770007e-01 3.625000e+00 0.000000e+00 5.000000e-01
nan nan 9.770007e-01 3.675000e+00 0.000000e+00 5.000000e-01
nan nan 9.770007e-01 3.725000e+00 0.000000e+00 5.000000e-01
nan nan 9.770007e-01 3.775000e+00 0.000000e+00 5.000000e-01
nan nan 9.770007e-01 3.825000e+00 0.000000e+00 5.000000e-01
nan nan 9.770007e-01 3.875000e+00 0.000000e+00 5.000000e-01
nan nan 9.770007e-01 3.925000e+00 0.000000e+00 5.000000e-01
nan nan 9.770007e-01 3.975000e+00 0.000000e+00 5.000000e-01
1.726667e+01 3.130830e-02 9.970007e-01 2.500000e-02 0.000000e+00 5.000000e-01
8.243394e+00 2.148374e-02 9.970007e-01 7.500000e-02 0.000000e+00 5.000000e-01
1.398219e+00 8.776667e-03 9.970007e-01 1.250000e-01 0.000000e+00 5.000000e-01
1.883530e-01 3.194722e-03 9.970007e-01 1.750000e-01 0.000000e+00 5.000000e-01
3.834055e-02 1.440927e-03 9.970007e-01 2.250000e-01 0.000000e+00 5.000000e-01
8.316649e-03 6.701754e-04 9.970007e-01 2.750000e-01 0.000000e+00 5.000000e-01
3.837022e-03 4.521983e-04 9.970007e-01 3.250000e-01 0.000000e+00 5.000000e-01
3.638518e-03 4.412358e-04 9.970007e-01 3.750000e-01 0.000000e+00 5.000000e-01
3.803768e-03 4.482789e-04 9.970007e-01 4.250000e-01 0.000000e+00 5.000000e-01
2.888106e-03 3.930218e-04 9.970007e-01 4.750000e-01 0.000000e+00 5.000000e-01
3.841553e-03 4.591541e-04 9.970007e-01 5.250000e-01 0.000000e+00 5.000000e-01
3.218902e-03 4.226631e-04 9.970007e-01 5.750000e-01 0.000000e+00 5.000000e-01
2.193251e-03 3.467839e-04 9.970007e-01 6.250000e-01 0.000000e+00 5.000000e-01
3.171734e-03 4.094697e-04 9.970007e-01 6.750000e-01 0.000000e+00 5.000000e-01
1.498516e-03 2.831932e-04 9.970007e-01 7.250000e-01 0.000000e+00 5.000000e-01
2.276826e-03 3.513223e-04 9.970007e-01 7.750000e-01 0.000000e+00 5.000000e-01
2.341729e-03 3.613371e-04 9.970007e-01 8.250000e-01 0.000000e+00 5.000000e-01
1.903546e-03 3.172583e-04 9.970007e-01 8.750000e-01 0.000000e+00 5.000000e-01
2.294883e-03 3.459673e-04 9.970007e-01 9.250000e-01 0.000000e+00 5.000000e-01
1.580177e-03 2.885004e-04 9.970007e-01 9.750000e-01 0.000000e+00 5.000000e-01
1.732530e-03 3.062714e-04 9.970007e-01 1.025000e+00 0.000000e+00 5.000000e-01
1.545292e-03 2.821309e-04 9.970007e-01 1.075000e+00 0.000000e+00 5.000000e-01
1.856440e-03 3.094070e-04 9.970007e-01 1.125000e+00 0.000000e+00 5.000000e-01
1.469347e-03 2.776810e-04 9.970007e-01 1.175000e+00 0.000000e+00 5.000000e-01
1.342023e-03 2.739398e-04 9.970007e-01 1.225000e+00 0.000000e+00 5.000000e-01
1.124697e-03 2.514902e-04 9.970007e-01 1.275000e+00 0.000000e+00 5.000000e-01
1.080842e-03 2.547572e-04 9.970007e-01 1.325000e+00 0.000000e+00 5.000000e-01
1.306168e-03 2.920687e-04 9.970007e-01 1.375000e+00 0.000000e+00 5.000000e-01
8.580034e-04 2.476847e-04 9.970007e-01 1.425000e+00 0.000000e+00 5.000000e-01
1.081310e-03 2.889932e-04 9.970007e-01 1.475000e+00 0.000000e+00 5.000000e-01
8.294648e-04 2.623001e-04 9.970007e-01 1.525000e+00 0.000000e+00 5.000000e-01
9.527882e-04 3.012986e-04 9.970007e-01 1.575000e+00 0.000000e+00 5.000000e-01
2.193861e-04 1.551294e-04 9.970007e-01 1.625000e+00 0.000000e+00 5.000000e-01
1.013576e-03 3.583537e-04 9.970007e-01 1.675000e+00 0.000000e+00 5.000000e-01
3.115049e-04 2.202673e-04 9.970007e-01 1.725000e+00 0.000000e+00 5.000000e-01
8.716203e-04 4.358122e-04 9.970007e-01 1.775000e+00 0.000000e+00 5.000000e-01
0.000000e+00 0.000000e+00 9.970007e-01 1.825000e+00 0.000000e+00 5.000000e-01
0.000000e+00 0.000000e+00 9.970007e-01 1.875000e+00 0.000000e+00 5.000000e-01
0.000000e+00 0.000000e+00 9.970007e-01 1.925000e+00 0.000000e+00 5.000000e-01
0.000000e+00 0.000000e+00 9.970007e-01 1.975000e+00 0.000000e+00 5.000000e-01
1.567173e-01 1.108159e-01 9.970007e-01 2.025000e+00 0.000000e+00 5.000000e-01
nan nan 9.970007e-01 2.075000e+00 0.000000e+00 5.000000e-01
nan nan 9.970007e-01 2.125000e+00 0.000000e+00 5.000000e-01
nan nan 9.970007e-01 2.175000e+00 0.000000e+00 5.000000e-01
nan nan 9.970007e-01 2.225000e+00 0.000000e+00 5.000000e-01
nan nan 9.970007e-01 2.275000e+00 0.000000e+00 5.000000e-01
nan nan 9.970007e-01 2.325000e+00 0.000000e+00 5.000000e-01
nan nan 9.970007e-01 2.375000e+00 0.000000e+00 5.000000e-01
nan nan 9.970007e-01 2.425000e+00 0.000000e+00 5.000000e-01
nan nan 9.970007e-01 2.475000e+00 0.000000e+00 5.000000e-01
nan nan 9.970007e-01 2.525000e+00 0.000000e+00 5.000000e-01
nan nan 9.970007e-01 2.575000e+00 0.000000e+00 5.000000e-01
nan nan 9.970007e-01 2.625000e+00 0.000000e+00 5.000000e-01
nan nan 9.970007e-01 2.675000e+00 0.000000e+00 5.000000e-01
nan nan 9.970007e-01 2.725000e+00 0.000000e+00 5.000000e-01
nan nan 9.970007e-01 2.775000e+00 0.000000e+00 5.000000e-01
nan nan 9.970007e-01 2.825000e+00 0.000000e+00 5.000000e-01
nan nan 9.970007e-01 2.875000e+00 0.000000e+00 5.000000e-01
nan nan 9.970007e-01 2.925000e+00 0.000000e+00 5.000000e-01
nan nan 9.970007e-01 2.975000e+00 0.000000e+00 5.000000e-01
nan nan 9.970007e-01 3.025000e+00 0.000000e+00 5.000000e-01
nan nan 9.970007e-01 3.075000e+00 0.000000e+00 5.000000e-01
nan nan 9.970007e-01 3.125000e+00 0.000000e+00 5.000000e-01
nan nan 9.970007e-01 3.175000e+00 0.000000e+00 5.000000e-01
nan nan 9.970007e-01 3.225000e+00 0.000000e+00 5.000000e-01
nan nan 9.970007e-01 3.275000e+00 0.000000e+00 5.000000e-01
nan nan 9.970007e-01 3.325000e+00 0.000000e+00 5.000000e-01
nan nan 9.970007e-01 3.375000e+00 0.000000e+00 5.000000e-01
nan nan 9.970007e-01 3.425000e+00 0.000000e+00 5.000000e-01
nan nan 9.970007e-01 3.475000e+00 0.000000e+00 5.000000e-01
nan nan 9.970007e-01 3.525000e+00 0.000000e+00 5.000000e-01
nan nan 9.970007e-01 3.575000e+00 0.000000e+00 5.000000e-01
nan nan 9.970007e-01 3.625000e+00 0.000000e+00 5.000000e-01
nan nan 9.970007e-01 3.675000e+00 0.000000e+00 5.000000e-01
nan nan 9.970007e-01 3.725000e+00 0.000000e+00 5.000000e-01
nan nan 9.970007e-01 3.775000e+00 0.000000e+00 5.000000e-01
nan nan 9.970007e-01 3.825000e+00 0.000000e+00 5.000000e-01
nan nan 9.970007e-01 3.875000e+00 0.000000e+00 5.000000e-01
nan nan 9.970007e-01 3.925000e+00 0.000000e+00 5.000000e-01
nan nan 9.970007e-01 3.975000e+00 0.000000e+00 5.000000e-01
