# Intensity Error [H,-0.5H,0] DeltaE [0,K,0] [0,0,L]
#  shape: 134x58x1x1
4.711598e-01 4.333349e-03 -3.280000e-01 2.500000e-02 5.000000e-01 0.000000e+00
7.917873e-02 1.781212e-03 -3.280000e-01 7.500000e-02 5.000000e-01 0.000000e+00
2.746578e-03 3.282795e-04 -3.280000e-01 1.250000e-01 5.000000e-01 0.000000e+00
1.364668e-03 2.340394e-04 -3.280000e-01 1.750000e-01 5.000000e-01 0.000000e+00
2.101201e-03 2.913848e-04 -3.280000e-01 2.250000e-01 5.000000e-01 0.000000e+00
1.517162e-03 2.461169e-04 -3.280000e-01 2.750000e-01 5.000000e-01 0.000000e+00
1.534660e-03 2.489553e-04 -3.280000e-01 3.250000e-01 5.000000e-01 0.000000e+00
1.490709e-03 2.418259e-04 -3.280000e-01 3.750000e-01 5.000000e-01 0.000000e+00
1.391906e-03 2.319851e-04 -3.280000e-01 4.250000e-01 5.000000e-01 0.000000e+00
1.084866e-03 2.050211e-04 -3.280000e-01 4.750000e-01 5.000000e-01 0.000000e+00
4.611674e-04 1.331276e-04 -3.280000e-01 5.250000e-01 5.000000e-01 0.000000e+00
1.084575e-03 2.049662e-04 -3.280000e-01 5.750000e-01 5.000000e-01 0.000000e+00
1.762774e-03 2.599074e-04 -3.280000e-01 6.250000e-01 5.000000e-01 0.000000e+00
1.893720e-03 2.678133e-04 -3.280000e-01 6.750000e-01 5.000000e-01 0.000000e+00
2.051865e-03 2.792244e-04 -3.280000e-01 7.250000e-01 5.000000e-01 0.000000e+00
2.893543e-03 3.276304e-04 -3.280000e-01 7.750000e-01 5.000000e-01 0.000000e+00
2.723997e-03 3.166593e-04 -3.280000e-01 8.250000e-01 5.000000e-01 0.000000e+00
3.384071e-03 3.528148e-04 -3.280000e-01 8.750000e-01 5.000000e-01 0.000000e+00
2.926982e-03 3.272479e-04 -3.280000e-01 9.250000e-01 5.000000e-01 0.000000e+00
2.173362e-03 2.805813e-04 -3.280000e-01 9.750000e-01 5.000000e-01 0.000000e+00
2.805807e-03 3.176966e-04 -3.280000e-01 1.025000e+00 5.000000e-01 0.000000e+00
2.731243e-03 3.132966e-04 -3.280000e-01 1.075000e+00 5.000000e-01 0.000000e+00
3.456513e-03 3.491623e-04 -3.280000e-01 1.125000e+00 5.000000e-01 0.000000e+00
2.642448e-03 3.031113e-04 -3.280000e-01 1.175000e+00 5.000000e-01 0.000000e+00
2.148073e-03 2.728072e-04 -3.280000e-01 1.225000e+00 5.000000e-01 0.000000e+00
2.185230e-03 2.731554e-04 -3.280000e-01 1.275000e+00 5.000000e-01 0.000000e+00
2.377886e-03 2.842134e-04 -3.280000e-01 1.325000e+00 5.000000e-01 0.000000e+00
1.736338e-03 2.407883e-04 -3.280000e-01 1.375000e+00 5.000000e-01 0.000000e+00
1.726386e-03 2.394080e-04 -3.280000e-01 1.425000e+00 5.000000e-01 0.000000e+00
1.707681e-03 2.368145e-04 -3.280000e-01 1.475000e+00 5.000000e-01 0.000000e+00
1.228873e-03 1.993509e-04 -3.280000e-01 1.525000e+00 5.000000e-01 0.000000e+00
1.474107e-03 2.173473e-04 -3.280000e-01 1.575000e+00 5.000000e-01 0.000000e+00
1.075631e-03 1.844707e-04 -3.280000e-01 1.625000e+00 5.000000e-01 0.000000e+00
2.423072e-03 2.743616e-04 -3.280000e-01 1.675000e+00 5.000000e-01 0.000000e+00
1.420483e-03 2.094411e-04 -3.280000e-01 1.725000e+00 5.000000e-01 0.000000e+00
1.213740e-03 1.919119e-04 -3.280000e-01 1.775000e+00 5.000000e-01 0.000000e+00
7.805807e-04 1.530852e-04 -3.280000e-01 1.825000e+00 5.000000e-01 0.000000e+00
1.527531e-03 2.118332e-04 -3.280000e-01 1.875000e+00 5.000000e-01 0.000000e+00
1.105146e-03 1.792807e-04 -3.280000e-01 1.925000e+00 5.000000e-01 0.000000e+00
1.315470e-03 1.939592e-04 -3.280000e-01 1.975000e+00 5.000000e-01 0.000000e+00
5.024683e-04 1.184338e-04 -3.280000e-01 2.025000e+00 5.000000e-01 0.000000e+00
8.302648e-04 1.515876e-04 -3.280000e-01 2.075000e+00 5.000000e-01 0.000000e+00
1.074979e-03 1.699737e-04 -3.280000e-01 2.125000e+00 5.000000e-01 0.000000e+00
5.825408e-04 1.241993e-04 -3.280000e-01 2.175000e+00 5.000000e-01 0.000000e+00
8.778470e-04 1.505519e-04 -3.280000e-01 2.225000e+00 5.000000e-01 0.000000e+00
5.556613e-04 1.184706e-04 -3.280000e-01 2.275000e+00 5.000000e-01 0.000000e+00
5.440194e-04 1.159876e-04 -3.280000e-01 2.325000e+00 5.000000e-01 0.000000e+00
5.281479e-04 1.126060e-04 -3.280000e-01 2.375000e+00 5.000000e-01 0.000000e+00
3.735085e-04 9.337874e-05 -3.280000e-01 2.425000e+00 5.000000e-01 0.000000e+00
3.677206e-04 9.193249e-05 -3.280000e-01 2.475000e+00 5.000000e-01 0.000000e+00
2.675488e-04 7.723818e-05 -3.280000e-01 2.525000e+00 5.000000e-01 0.000000e+00
4.750919e-04 1.012949e-04 -3.280000e-01 2.575000e+00 5.000000e-01 0.000000e+00
3.757524e-04 8.856996e-05 -3.280000e-01 2.625000e+00 5.000000e-01 0.000000e+00
5.239735e-04 1.027642e-04 -3.280000e-01 2.675000e+00 5.000000e-01 0.000000e+00
5.055913e-04 9.916470e-05 -3.280000e-01 2.725000e+00 5.000000e-01 0.000000e+00
4.853034e-04 9.518162e-05 -3.280000e-01 2.775000e+00 5.000000e-01 0.000000e+00
8.158941e-04 1.203088e-04 -3.280000e-01 2.825000e+00 5.000000e-01 0.000000e+00
8.691944e-04 1.205502e-04 -3.280000e-01 2.875000e+00 5.000000e-01 0.000000e+00
4.786089e-01 4.367635e-03 -3.180000e-01 2.500000e-02 5.000000e-01 0.000000e+00
7.725898e-02 1.759528e-03 -3.180000e-01 7.500000e-02 5.000000e-01 0.000000e+00
2.171610e-03 2.955193e-04 -3.180000e-01 1.250000e-01 5.000000e-01 0.000000e+00
2.844043e-03 3.351745e-04 -3.180000e-01 1.750000e-01 5.000000e-01 0.000000e+00
2.123453e-03 2.889660e-04 -3.180000e-01 2.250000e-01 5.000000e-01 0.000000e+00
1.797652e-03 2.650499e-04 -3.180000e-01 2.750000e-01 5.000000e-01 0.000000e+00
1.516539e-03 2.460158e-04 -3.180000e-01 3.250000e-01 5.000000e-01 0.000000e+00
3.957865e-04 1.251590e-04 -3.180000e-01 3.750000e-01 5.000000e-01 0.000000e+00
1.235673e-03 2.184389e-04 -3.180000e-01 4.250000e-01 5.000000e-01 0.000000e+00
1.388102e-03 2.313510e-04 -3.180000e-01 4.750000e-01 5.000000e-01 0.000000e+00
1.764040e-03 2.600940e-04 -3.180000e-01 5.250000e-01 5.000000e-01 0.000000e+00
1.067796e-03 2.017953e-04 -3.180000e-01 5.750000e-01 5.000000e-01 0.000000e+00
1.606871e-03 2.479468e-04 -3.180000e-01 6.250000e-01 5.000000e-01 0.000000e+00
1.515622e-03 2.396417e-04 -3.180000e-01 6.750000e-01 5.000000e-01 0.000000e+00
2.403420e-03 3.004286e-04 -3.180000e-01 7.250000e-01 5.000000e-01 0.000000e+00
1.944968e-03 2.697198e-04 -3.180000e-01 7.750000e-01 5.000000e-01 0.000000e+00
2.273695e-03 2.887608e-04 -3.180000e-01 8.250000e-01 5.000000e-01 0.000000e+00
2.824412e-03 3.198031e-04 -3.180000e-01 8.750000e-01 5.000000e-01 0.000000e+00
2.247078e-03 2.853804e-04 -3.180000e-01 9.250000e-01 5.000000e-01 0.000000e+00
3.124340e-03 3.369077e-04 -3.180000e-01 9.750000e-01 5.000000e-01 0.000000e+00
3.089907e-03 3.331945e-04 -3.180000e-01 1.025000e+00 5.000000e-01 0.000000e+00
3.132795e-03 3.339589e-04 -3.180000e-01 1.075000e+00 5.000000e-01 0.000000e+00
3.009917e-03 3.245692e-04 -3.180000e-01 1.125000e+00 5.000000e-01 0.000000e+00
1.949812e-03 2.605561e-04 -3.180000e-01 1.175000e+00 5.000000e-01 0.000000e+00
2.257405e-03 2.778690e-04 -3.180000e-01 1.225000e+00 5.000000e-01 0.000000e+00
2.528652e-03 2.939516e-04 -3.180000e-01 1.275000e+00 5.000000e-01 0.000000e+00
1.352673e-03 2.138776e-04 -3.180000e-01 1.325000e+00 5.000000e-01 0.000000e+00
2.338657e-03 2.795244e-04 -3.180000e-01 1.375000e+00 5.000000e-01 0.000000e+00
1.247682e-03 2.024020e-04 -3.180000e-01 1.425000e+00 5.000000e-01 0.000000e+00
1.821781e-03 2.434470e-04 -3.180000e-01 1.475000e+00 5.000000e-01 0.000000e+00
1.479940e-03 2.182067e-04 -3.180000e-01 1.525000e+00 5.000000e-01 0.000000e+00
2.102893e-03 2.588502e-04 -3.180000e-01 1.575000e+00 5.000000e-01 0.000000e+00
1.444444e-03 2.129730e-04 -3.180000e-01 1.625000e+00 5.000000e-01 0.000000e+00
1.303342e-03 2.011118e-04 -3.180000e-01 1.675000e+00 5.000000e-01 0.000000e+00
1.413150e-03 2.083589e-04 -3.180000e-01 1.725000e+00 5.000000e-01 0.000000e+00
1.211292e-03 1.915238e-04 -3.180000e-01 1.775000e+00 5.000000e-01 0.000000e+00
8.880581e-04 1.621377e-04 -3.180000e-01 1.825000e+00 5.000000e-01 0.000000e+00
7.063689e-04 1.441888e-04 -3.180000e-01 1.875000e+00 5.000000e-01 0.000000e+00
1.618040e-03 2.162225e-04 -3.180000e-01 1.925000e+00 5.000000e-01 0.000000e+00
1.253808e-03 1.890214e-04 -3.180000e-01 1.975000e+00 5.000000e-01 0.000000e+00
7.830107e-04 1.479762e-04 -3.180000e-01 2.025000e+00 5.000000e-01 0.000000e+00
5.486966e-04 1.226947e-04 -3.180000e-01 2.075000e+00 5.000000e-01 0.000000e+00
1.291679e-03 1.864417e-04 -3.180000e-01 2.125000e+00 5.000000e-01 0.000000e+00
9.981395e-04 1.619225e-04 -3.180000e-01 2.175000e+00 5.000000e-01 0.000000e+00
6.725182e-04 1.318952e-04 -3.180000e-01 2.225000e+00 5.000000e-01 0.000000e+00
4.029657e-04 1.007447e-04 -3.180000e-01 2.275000e+00 5.000000e-01 0.000000e+00
1.036465e-03 1.599340e-04 -3.180000e-01 2.325000e+00 5.000000e-01 0.000000e+00
5.285003e-04 1.126794e-04 -3.180000e-01 2.375000e+00 5.000000e-01 0.000000e+00
3.727380e-04 9.318652e-05 -3.180000e-01 2.425000e+00 5.000000e-01 0.000000e+00
4.552652e-04 1.018043e-04 -3.180000e-01 2.475000e+00 5.000000e-01 0.000000e+00
5.763612e-04 1.130388e-04 -3.180000e-01 2.525000e+00 5.000000e-01 0.000000e+00
3.448676e-04 8.621975e-05 -3.180000e-01 2.575000e+00 5.000000e-01 0.000000e+00
8.699497e-04 1.342422e-04 -3.180000e-01 2.625000e+00 5.000000e-01 0.000000e+00
5.238028e-04 1.027299e-04 -3.180000e-01 2.675000e+00 5.000000e-01 0.000000e+00
7.341063e-04 1.190954e-04 -3.180000e-01 2.725000e+00 5.000000e-01 0.000000e+00
5.549213e-04 1.013223e-04 -3.180000e-01 2.775000e+00 5.000000e-01 0.000000e+00
8.091672e-04 1.193158e-04 -3.180000e-01 2.825000e+00 5.000000e-01 0.000000e+00
6.998818e-04 1.080073e-04 -3.180000e-01 2.875000e+00 5.000000e-01 0.000000e+00
4.839552e-01 4.418632e-03 -3.080000e-01 2.500000e-02 5.000000e-01 0.000000e+00
7.847670e-02 1.767209e-03 -3.080000e-01 7.500000e-02 5.000000e-01 0.000000e+00
3.548574e-03 3.782802e-04 -3.080000e-01 1.250000e-01 5.000000e-01 0.000000e+00
1.902582e-03 2.746149e-04 -3.080000e-01 1.750000e-01 5.000000e-01 0.000000e+00
2.377752e-03 3.069672e-04 -3.080000e-01 2.250000e-01 5.000000e-01 0.000000e+00
1.960403e-03 2.772434e-04 -3.080000e-01 2.750000e-01 5.000000e-01 0.000000e+00
1.467178e-03 2.380083e-04 -3.080000e-01 3.250000e-01 5.000000e-01 0.000000e+00
9.357706e-04 1.910140e-04 -3.080000e-01 3.750000e-01 5.000000e-01 0.000000e+00
1.314668e-03 2.254644e-04 -3.080000e-01 4.250000e-01 5.000000e-01 0.000000e+00
1.841880e-03 2.658532e-04 -3.080000e-01 4.750000e-01 5.000000e-01 0.000000e+00
1.590500e-03 2.454203e-04 -3.080000e-01 5.250000e-01 5.000000e-01 0.000000e+00
1.971038e-03 2.733344e-04 -3.080000e-01 5.750000e-01 5.000000e-01 0.000000e+00
1.214647e-03 2.147223e-04 -3.080000e-01 6.250000e-01 5.000000e-01 0.000000e+00
1.364274e-03 2.273798e-04 -3.080000e-01 6.750000e-01 5.000000e-01 0.000000e+00
2.091467e-03 2.794851e-04 -3.080000e-01 7.250000e-01 5.000000e-01 0.000000e+00
2.432607e-03 2.994343e-04 -3.080000e-01 7.750000e-01 5.000000e-01 0.000000e+00
1.898818e-03 2.633197e-04 -3.080000e-01 8.250000e-01 5.000000e-01 0.000000e+00
1.900359e-03 2.635336e-04 -3.080000e-01 8.750000e-01 5.000000e-01 0.000000e+00
2.595616e-03 3.058977e-04 -3.080000e-01 9.250000e-01 5.000000e-01 0.000000e+00
2.948602e-03 3.256203e-04 -3.080000e-01 9.750000e-01 5.000000e-01 0.000000e+00
2.069114e-03 2.716890e-04 -3.080000e-01 1.025000e+00 5.000000e-01 0.000000e+00
2.689934e-03 3.085579e-04 -3.080000e-01 1.075000e+00 5.000000e-01 0.000000e+00
3.112490e-03 3.280872e-04 -3.080000e-01 1.125000e+00 5.000000e-01 0.000000e+00
1.927599e-03 2.575872e-04 -3.080000e-01 1.175000e+00 5.000000e-01 0.000000e+00
2.815254e-03 3.108950e-04 -3.080000e-01 1.225000e+00 5.000000e-01 0.000000e+00
2.316552e-03 2.809245e-04 -3.080000e-01 1.275000e+00 5.000000e-01 0.000000e+00
2.021186e-03 2.609358e-04 -3.080000e-01 1.325000e+00 5.000000e-01 0.000000e+00
1.654273e-03 2.339512e-04 -3.080000e-01 1.375000e+00 5.000000e-01 0.000000e+00
1.631805e-03 2.307738e-04 -3.080000e-01 1.425000e+00 5.000000e-01 0.000000e+00
1.552846e-03 2.241355e-04 -3.080000e-01 1.475000e+00 5.000000e-01 0.000000e+00
1.293927e-03 2.045890e-04 -3.080000e-01 1.525000e+00 5.000000e-01 0.000000e+00
1.209021e-03 1.961309e-04 -3.080000e-01 1.575000e+00 5.000000e-01 0.000000e+00
1.252022e-03 1.979641e-04 -3.080000e-01 1.625000e+00 5.000000e-01 0.000000e+00
1.298671e-03 2.003921e-04 -3.080000e-01 1.675000e+00 5.000000e-01 0.000000e+00
1.283610e-03 1.980672e-04 -3.080000e-01 1.725000e+00 5.000000e-01 0.000000e+00
1.378184e-03 2.032041e-04 -3.080000e-01 1.775000e+00 5.000000e-01 0.000000e+00
1.124660e-03 1.824460e-04 -3.080000e-01 1.825000e+00 5.000000e-01 0.000000e+00
1.171612e-03 1.852496e-04 -3.080000e-01 1.875000e+00 5.000000e-01 0.000000e+00
8.028718e-04 1.517303e-04 -3.080000e-01 1.925000e+00 5.000000e-01 0.000000e+00
1.302164e-03 1.919966e-04 -3.080000e-01 1.975000e+00 5.000000e-01 0.000000e+00
1.444717e-03 2.003478e-04 -3.080000e-01 2.025000e+00 5.000000e-01 0.000000e+00
6.575768e-04 1.342295e-04 -3.080000e-01 2.075000e+00 5.000000e-01 0.000000e+00
4.299456e-04 1.074887e-04 -3.080000e-01 2.125000e+00 5.000000e-01 0.000000e+00
8.884903e-04 1.523770e-04 -3.080000e-01 2.175000e+00 5.000000e-01 0.000000e+00
6.716283e-04 1.317190e-04 -3.080000e-01 2.225000e+00 5.000000e-01 0.000000e+00
5.518959e-04 1.176664e-04 -3.080000e-01 2.275000e+00 5.000000e-01 0.000000e+00
5.397159e-04 1.150698e-04 -3.080000e-01 2.325000e+00 5.000000e-01 0.000000e+00
6.736872e-04 1.273186e-04 -3.080000e-01 2.375000e+00 5.000000e-01 0.000000e+00
5.135172e-04 1.094853e-04 -3.080000e-01 2.425000e+00 5.000000e-01 0.000000e+00
4.955260e-04 1.056498e-04 -3.080000e-01 2.475000e+00 5.000000e-01 0.000000e+00
5.707537e-04 1.119385e-04 -3.080000e-01 2.525000e+00 5.000000e-01 0.000000e+00
5.541752e-04 1.086870e-04 -3.080000e-01 2.575000e+00 5.000000e-01 0.000000e+00
2.912327e-04 7.783723e-05 -3.080000e-01 2.625000e+00 5.000000e-01 0.000000e+00
5.198818e-04 1.019626e-04 -3.080000e-01 2.675000e+00 5.000000e-01 0.000000e+00
6.915362e-04 1.152628e-04 -3.080000e-01 2.725000e+00 5.000000e-01 0.000000e+00
5.516853e-04 1.007356e-04 -3.080000e-01 2.775000e+00 5.000000e-01 0.000000e+00
7.680565e-04 1.158054e-04 -3.080000e-01 2.825000e+00 5.000000e-01 0.000000e+00
9.854172e-04 1.272298e-04 -3.080000e-01 2.875000e+00 5.000000e-01 0.000000e+00
4.824992e-01 4.403503e-03 -2.980000e-01 2.500000e-02 5.000000e-01 0.000000e+00
8.424683e-02 1.827143e-03 -2.980000e-01 7.500000e-02 5.000000e-01 0.000000e+00
2.938709e-03 3.416187e-04 -2.980000e-01 1.250000e-01 5.000000e-01 0.000000e+00
2.389161e-03 3.084403e-04 -2.980000e-01 1.750000e-01 5.000000e-01 0.000000e+00
2.132484e-03 2.901950e-04 -2.980000e-01 2.250000e-01 5.000000e-01 0.000000e+00
1.188019e-03 2.169019e-04 -2.980000e-01 2.750000e-01 5.000000e-01 0.000000e+00
1.494560e-03 2.424503e-04 -2.980000e-01 3.250000e-01 5.000000e-01 0.000000e+00
1.378967e-03 2.298287e-04 -2.980000e-01 3.750000e-01 5.000000e-01 0.000000e+00
1.719950e-03 2.535937e-04 -2.980000e-01 4.250000e-01 5.000000e-01 0.000000e+00
9.066535e-04 1.850705e-04 -2.980000e-01 4.750000e-01 5.000000e-01 0.000000e+00
9.822705e-04 1.926398e-04 -2.980000e-01 5.250000e-01 5.000000e-01 0.000000e+00
1.357607e-03 2.262682e-04 -2.980000e-01 5.750000e-01 5.000000e-01 0.000000e+00
1.593270e-03 2.458477e-04 -2.980000e-01 6.250000e-01 5.000000e-01 0.000000e+00
1.652235e-03 2.490845e-04 -2.980000e-01 6.750000e-01 5.000000e-01 0.000000e+00
1.196912e-03 2.115868e-04 -2.980000e-01 7.250000e-01 5.000000e-01 0.000000e+00
2.065904e-03 2.760694e-04 -2.980000e-01 7.750000e-01 5.000000e-01 0.000000e+00
2.253437e-03 2.861880e-04 -2.980000e-01 8.250000e-01 5.000000e-01 0.000000e+00
2.164047e-03 2.793782e-04 -2.980000e-01 8.750000e-01 5.000000e-01 0.000000e+00
2.891065e-03 3.232323e-04 -2.980000e-01 9.250000e-01 5.000000e-01 0.000000e+00
3.095232e-03 3.337688e-04 -2.980000e-01 9.750000e-01 5.000000e-01 0.000000e+00
3.617274e-03 3.581654e-04 -2.980000e-01 1.025000e+00 5.000000e-01 0.000000e+00
2.936384e-03 3.203871e-04 -2.980000e-01 1.075000e+00 5.000000e-01 0.000000e+00
2.699110e-03 3.056159e-04 -2.980000e-01 1.125000e+00 5.000000e-01 0.000000e+00
2.186751e-03 2.733454e-04 -2.980000e-01 1.175000e+00 5.000000e-01 0.000000e+00
2.526961e-03 2.937549e-04 -2.980000e-01 1.225000e+00 5.000000e-01 0.000000e+00
2.037479e-03 2.630390e-04 -2.980000e-01 1.275000e+00 5.000000e-01 0.000000e+00
2.481225e-03 2.884381e-04 -2.980000e-01 1.325000e+00 5.000000e-01 0.000000e+00
1.247482e-03 2.023695e-04 -2.980000e-01 1.375000e+00 5.000000e-01 0.000000e+00
1.499248e-03 2.210535e-04 -2.980000e-01 1.425000e+00 5.000000e-01 0.000000e+00
1.877429e-03 2.465207e-04 -2.980000e-01 1.475000e+00 5.000000e-01 0.000000e+00
1.610375e-03 2.277434e-04 -2.980000e-01 1.525000e+00 5.000000e-01 0.000000e+00
1.256605e-03 1.986883e-04 -2.980000e-01 1.575000e+00 5.000000e-01 0.000000e+00
1.245329e-03 1.969057e-04 -2.980000e-01 1.625000e+00 5.000000e-01 0.000000e+00
1.730631e-03 2.312674e-04 -2.980000e-01 1.675000e+00 5.000000e-01 0.000000e+00
9.083576e-04 1.658446e-04 -2.980000e-01 1.725000e+00 5.000000e-01 0.000000e+00
1.318722e-03 1.988072e-04 -2.980000e-01 1.775000e+00 5.000000e-01 0.000000e+00
1.119759e-03 1.816510e-04 -2.980000e-01 1.825000e+00 5.000000e-01 0.000000e+00
6.398181e-04 1.364110e-04 -2.980000e-01 1.875000e+00 5.000000e-01 0.000000e+00
5.148143e-04 1.213452e-04 -2.980000e-01 1.925000e+00 5.000000e-01 0.000000e+00
7.346484e-04 1.440784e-04 -2.980000e-01 1.975000e+00 5.000000e-01 0.000000e+00
1.050412e-03 1.704013e-04 -2.980000e-01 2.025000e+00 5.000000e-01 0.000000e+00
1.033743e-03 1.676971e-04 -2.980000e-01 2.075000e+00 5.000000e-01 0.000000e+00
1.224077e-03 1.804841e-04 -2.980000e-01 2.125000e+00 5.000000e-01 0.000000e+00
1.047389e-03 1.656110e-04 -2.980000e-01 2.175000e+00 5.000000e-01 0.000000e+00
5.584632e-04 1.190665e-04 -2.980000e-01 2.225000e+00 5.000000e-01 0.000000e+00
8.530384e-04 1.462992e-04 -2.980000e-01 2.275000e+00 5.000000e-01 0.000000e+00
4.850768e-04 1.084681e-04 -2.980000e-01 2.325000e+00 5.000000e-01 0.000000e+00
4.311108e-04 1.016168e-04 -2.980000e-01 2.375000e+00 5.000000e-01 0.000000e+00
5.557370e-04 1.134422e-04 -2.980000e-01 2.425000e+00 5.000000e-01 0.000000e+00
5.398564e-04 1.102021e-04 -2.980000e-01 2.475000e+00 5.000000e-01 0.000000e+00
3.071886e-04 8.210189e-05 -2.980000e-01 2.525000e+00 5.000000e-01 0.000000e+00
3.394239e-04 8.485836e-05 -2.980000e-01 2.575000e+00 5.000000e-01 0.000000e+00
5.757666e-04 1.088160e-04 -2.980000e-01 2.625000e+00 5.000000e-01 0.000000e+00
5.177980e-04 1.015525e-04 -2.980000e-01 2.675000e+00 5.000000e-01 0.000000e+00
5.324319e-04 1.006280e-04 -2.980000e-01 2.725000e+00 5.000000e-01 0.000000e+00
4.403513e-04 8.989123e-05 -2.980000e-01 2.775000e+00 5.000000e-01 0.000000e+00
6.616596e-04 1.073445e-04 -2.980000e-01 2.825000e+00 5.000000e-01 0.000000e+00
1.177472e-03 1.387820e-04 -2.980000e-01 2.875000e+00 5.000000e-01 0.000000e+00
4.798948e-01 4.355137e-03 -2.880000e-01 2.500000e-02 5.000000e-01 0.000000e+00
8.267020e-02 1.813538e-03 -2.880000e-01 7.500000e-02 5.000000e-01 0.000000e+00
3.390659e-03 3.656250e-04 -2.880000e-01 1.250000e-01 5.000000e-01 0.000000e+00
1.892870e-03 2.732127e-04 -2.880000e-01 1.750000e-01 5.000000e-01 0.000000e+00
2.379322e-03 3.071701e-04 -2.880000e-01 2.250000e-01 5.000000e-01 0.000000e+00
1.420951e-03 2.368261e-04 -2.880000e-01 2.750000e-01 5.000000e-01 0.000000e+00
1.882897e-03 2.717736e-04 -2.880000e-01 3.250000e-01 5.000000e-01 0.000000e+00
7.796072e-04 1.743259e-04 -2.880000e-01 3.750000e-01 5.000000e-01 0.000000e+00
1.198855e-03 2.119301e-04 -2.880000e-01 4.250000e-01 5.000000e-01 0.000000e+00
1.038578e-03 1.962733e-04 -2.880000e-01 4.750000e-01 5.000000e-01 0.000000e+00
1.264215e-03 2.168116e-04 -2.880000e-01 5.250000e-01 5.000000e-01 0.000000e+00
1.490693e-03 2.356998e-04 -2.880000e-01 5.750000e-01 5.000000e-01 0.000000e+00
1.425656e-03 2.312728e-04 -2.880000e-01 6.250000e-01 5.000000e-01 0.000000e+00
1.350847e-03 2.251421e-04 -2.880000e-01 6.750000e-01 5.000000e-01 0.000000e+00
1.642534e-03 2.476224e-04 -2.880000e-01 7.250000e-01 5.000000e-01 0.000000e+00
1.768264e-03 2.552280e-04 -2.880000e-01 7.750000e-01 5.000000e-01 0.000000e+00
2.601589e-03 3.066014e-04 -2.880000e-01 8.250000e-01 5.000000e-01 0.000000e+00
2.227403e-03 2.828817e-04 -2.880000e-01 8.750000e-01 5.000000e-01 0.000000e+00
3.148304e-03 3.356116e-04 -2.880000e-01 9.250000e-01 5.000000e-01 0.000000e+00
2.491325e-03 2.977718e-04 -2.880000e-01 9.750000e-01 5.000000e-01 0.000000e+00
2.750986e-03 3.114894e-04 -2.880000e-01 1.025000e+00 5.000000e-01 0.000000e+00
2.997020e-03 3.231783e-04 -2.880000e-01 1.075000e+00 5.000000e-01 0.000000e+00
2.211132e-03 2.763930e-04 -2.880000e-01 1.125000e+00 5.000000e-01 0.000000e+00
2.736232e-03 3.059217e-04 -2.880000e-01 1.175000e+00 5.000000e-01 0.000000e+00
2.509300e-03 2.917017e-04 -2.880000e-01 1.225000e+00 5.000000e-01 0.000000e+00
2.210072e-03 2.720429e-04 -2.880000e-01 1.275000e+00 5.000000e-01 0.000000e+00
2.396162e-03 2.823919e-04 -2.880000e-01 1.325000e+00 5.000000e-01 0.000000e+00
2.169948e-03 2.671036e-04 -2.880000e-01 1.375000e+00 5.000000e-01 0.000000e+00
1.106307e-03 1.897309e-04 -2.880000e-01 1.425000e+00 5.000000e-01 0.000000e+00
1.650084e-03 2.310590e-04 -2.880000e-01 1.475000e+00 5.000000e-01 0.000000e+00
1.457682e-03 2.149245e-04 -2.880000e-01 1.525000e+00 5.000000e-01 0.000000e+00
1.449311e-03 2.136914e-04 -2.880000e-01 1.575000e+00 5.000000e-01 0.000000e+00
1.800039e-03 2.363585e-04 -2.880000e-01 1.625000e+00 5.000000e-01 0.000000e+00
1.105349e-03 1.842269e-04 -2.880000e-01 1.675000e+00 5.000000e-01 0.000000e+00
1.267369e-03 1.955611e-04 -2.880000e-01 1.725000e+00 5.000000e-01 0.000000e+00
1.012647e-03 1.736699e-04 -2.880000e-01 1.775000e+00 5.000000e-01 0.000000e+00
1.115497e-03 1.809590e-04 -2.880000e-01 1.825000e+00 5.000000e-01 0.000000e+00
1.446201e-03 2.045259e-04 -2.880000e-01 1.875000e+00 5.000000e-01 0.000000e+00
7.402982e-04 1.451862e-04 -2.880000e-01 1.925000e+00 5.000000e-01 0.000000e+00
1.228503e-03 1.852062e-04 -2.880000e-01 1.975000e+00 5.000000e-01 0.000000e+00
8.229165e-04 1.502458e-04 -2.880000e-01 2.025000e+00 5.000000e-01 0.000000e+00
4.891477e-04 1.152940e-04 -2.880000e-01 2.075000e+00 5.000000e-01 0.000000e+00
1.218739e-03 1.796959e-04 -2.880000e-01 2.125000e+00 5.000000e-01 0.000000e+00
7.791456e-04 1.422553e-04 -2.880000e-01 2.175000e+00 5.000000e-01 0.000000e+00
4.575490e-04 1.078482e-04 -2.880000e-01 2.225000e+00 5.000000e-01 0.000000e+00
6.485889e-04 1.272025e-04 -2.880000e-01 2.275000e+00 5.000000e-01 0.000000e+00
1.944156e-04 6.873831e-05 -2.880000e-01 2.325000e+00 5.000000e-01 0.000000e+00
5.203522e-04 1.109419e-04 -2.880000e-01 2.375000e+00 5.000000e-01 0.000000e+00
7.409201e-04 1.309823e-04 -2.880000e-01 2.425000e+00 5.000000e-01 0.000000e+00
5.864706e-04 1.150204e-04 -2.880000e-01 2.475000e+00 5.000000e-01 0.000000e+00
5.222489e-04 1.066086e-04 -2.880000e-01 2.525000e+00 5.000000e-01 0.000000e+00
6.736335e-04 1.190878e-04 -2.880000e-01 2.575000e+00 5.000000e-01 0.000000e+00
4.071974e-04 9.105624e-05 -2.880000e-01 2.625000e+00 5.000000e-01 0.000000e+00
4.713188e-04 9.621461e-05 -2.880000e-01 2.675000e+00 5.000000e-01 0.000000e+00
7.992298e-04 1.233303e-04 -2.880000e-01 2.725000e+00 5.000000e-01 0.000000e+00
1.123774e-03 1.427342e-04 -2.880000e-01 2.775000e+00 5.000000e-01 0.000000e+00
5.543359e-04 9.800250e-05 -2.880000e-01 2.825000e+00 5.000000e-01 0.000000e+00
9.869458e-04 1.253606e-04 -2.880000e-01 2.875000e+00 5.000000e-01 0.000000e+00
4.915746e-01 4.389768e-03 -2.780001e-01 2.500000e-02 5.000000e-01 0.000000e+00
8.295017e-02 1.809262e-03 -2.780001e-01 7.500000e-02 5.000000e-01 0.000000e+00
2.380051e-03 3.072641e-04 -2.780001e-01 1.250000e-01 5.000000e-01 0.000000e+00
2.589542e-03 3.187514e-04 -2.780001e-01 1.750000e-01 5.000000e-01 0.000000e+00
1.968865e-03 2.784405e-04 -2.780001e-01 2.250000e-01 5.000000e-01 0.000000e+00
1.417146e-03 2.361915e-04 -2.780001e-01 2.750000e-01 5.000000e-01 0.000000e+00
1.484836e-03 2.408726e-04 -2.780001e-01 3.250000e-01 5.000000e-01 0.000000e+00
1.551525e-03 2.453185e-04 -2.780001e-01 3.750000e-01 5.000000e-01 0.000000e+00
1.512407e-03 2.391332e-04 -2.780001e-01 4.250000e-01 5.000000e-01 0.000000e+00
1.121668e-03 2.047885e-04 -2.780001e-01 4.750000e-01 5.000000e-01 0.000000e+00
1.639542e-03 2.471709e-04 -2.780001e-01 5.250000e-01 5.000000e-01 0.000000e+00
1.174636e-03 2.076488e-04 -2.780001e-01 5.750000e-01 5.000000e-01 0.000000e+00
1.612078e-03 2.430306e-04 -2.780001e-01 6.250000e-01 5.000000e-01 0.000000e+00
1.556927e-03 2.402396e-04 -2.780001e-01 6.750000e-01 5.000000e-01 0.000000e+00
2.237964e-03 2.889210e-04 -2.780001e-01 7.250000e-01 5.000000e-01 0.000000e+00
1.986702e-03 2.703568e-04 -2.780001e-01 7.750000e-01 5.000000e-01 0.000000e+00
2.019732e-03 2.698994e-04 -2.780001e-01 8.250000e-01 5.000000e-01 0.000000e+00
2.708155e-03 3.106478e-04 -2.780001e-01 8.750000e-01 5.000000e-01 0.000000e+00
2.491912e-03 2.978415e-04 -2.780001e-01 9.250000e-01 5.000000e-01 0.000000e+00
2.686241e-03 3.081341e-04 -2.780001e-01 9.750000e-01 5.000000e-01 0.000000e+00
3.037307e-03 3.275227e-04 -2.780001e-01 1.025000e+00 5.000000e-01 0.000000e+00
2.712088e-03 3.070849e-04 -2.780001e-01 1.075000e+00 5.000000e-01 0.000000e+00
2.936308e-03 3.166319e-04 -2.780001e-01 1.125000e+00 5.000000e-01 0.000000e+00
2.323190e-03 2.817296e-04 -2.780001e-01 1.175000e+00 5.000000e-01 0.000000e+00
2.696437e-03 3.014725e-04 -2.780001e-01 1.225000e+00 5.000000e-01 0.000000e+00
2.074898e-03 2.635137e-04 -2.780001e-01 1.275000e+00 5.000000e-01 0.000000e+00
2.179057e-03 2.682251e-04 -2.780001e-01 1.325000e+00 5.000000e-01 0.000000e+00
1.964206e-03 2.535795e-04 -2.780001e-01 1.375000e+00 5.000000e-01 0.000000e+00
2.335385e-03 2.752300e-04 -2.780001e-01 1.425000e+00 5.000000e-01 0.000000e+00
1.917732e-03 2.475796e-04 -2.780001e-01 1.475000e+00 5.000000e-01 0.000000e+00
1.644213e-03 2.280129e-04 -2.780001e-01 1.525000e+00 5.000000e-01 0.000000e+00
1.749139e-03 2.337402e-04 -2.780001e-01 1.575000e+00 5.000000e-01 0.000000e+00
1.366426e-03 2.059988e-04 -2.780001e-01 1.625000e+00 5.000000e-01 0.000000e+00
1.151731e-03 1.868372e-04 -2.780001e-01 1.675000e+00 5.000000e-01 0.000000e+00
1.082459e-03 1.804122e-04 -2.780001e-01 1.725000e+00 5.000000e-01 0.000000e+00
1.306101e-03 1.969046e-04 -2.780001e-01 1.775000e+00 5.000000e-01 0.000000e+00
1.168463e-03 1.847522e-04 -2.780001e-01 1.825000e+00 5.000000e-01 0.000000e+00
1.153655e-03 1.824114e-04 -2.780001e-01 1.875000e+00 5.000000e-01 0.000000e+00
9.045818e-04 1.599119e-04 -2.780001e-01 1.925000e+00 5.000000e-01 0.000000e+00
1.163674e-03 1.795609e-04 -2.780001e-01 1.975000e+00 5.000000e-01 0.000000e+00
7.747956e-04 1.464239e-04 -2.780001e-01 2.025000e+00 5.000000e-01 0.000000e+00
7.486786e-04 1.414899e-04 -2.780001e-01 2.075000e+00 5.000000e-01 0.000000e+00
6.324464e-04 1.291011e-04 -2.780001e-01 2.125000e+00 5.000000e-01 0.000000e+00
6.185368e-04 1.262611e-04 -2.780001e-01 2.175000e+00 5.000000e-01 0.000000e+00
6.103780e-04 1.245954e-04 -2.780001e-01 2.225000e+00 5.000000e-01 0.000000e+00
7.397008e-04 1.350525e-04 -2.780001e-01 2.275000e+00 5.000000e-01 0.000000e+00
5.828552e-04 1.189761e-04 -2.780001e-01 2.325000e+00 5.000000e-01 0.000000e+00
2.857637e-04 8.249360e-05 -2.780001e-01 2.375000e+00 5.000000e-01 0.000000e+00
5.975706e-04 1.171978e-04 -2.780001e-01 2.425000e+00 5.000000e-01 0.000000e+00
3.150911e-04 8.421228e-05 -2.780001e-01 2.475000e+00 5.000000e-01 0.000000e+00
4.780277e-04 1.019185e-04 -2.780001e-01 2.525000e+00 5.000000e-01 0.000000e+00
5.050213e-04 1.030920e-04 -2.780001e-01 2.575000e+00 5.000000e-01 0.000000e+00
7.327090e-04 1.221256e-04 -2.780001e-01 2.625000e+00 5.000000e-01 0.000000e+00
5.492870e-04 1.038115e-04 -2.780001e-01 2.675000e+00 5.000000e-01 0.000000e+00
4.527745e-04 9.242500e-05 -2.780001e-01 2.725000e+00 5.000000e-01 0.000000e+00
5.744028e-04 1.015461e-04 -2.780001e-01 2.775000e+00 5.000000e-01 0.000000e+00
6.077525e-04 1.013010e-04 -2.780001e-01 2.825000e+00 5.000000e-01 0.000000e+00
1.095236e-03 1.309221e-04 -2.780001e-01 2.875000e+00 5.000000e-01 0.000000e+00
4.891247e-01 4.382593e-03 -2.680001e-01 2.500000e-02 5.000000e-01 0.000000e+00
7.676949e-02 1.731400e-03 -2.680001e-01 7.500000e-02 5.000000e-01 0.000000e+00
2.684257e-03 3.255146e-04 -2.680001e-01 1.250000e-01 5.000000e-01 0.000000e+00
2.297392e-03 3.016631e-04 -2.680001e-01 1.750000e-01 5.000000e-01 0.000000e+00
2.109703e-03 2.870950e-04 -2.680001e-01 2.250000e-01 5.000000e-01 0.000000e+00
1.093029e-03 2.065633e-04 -2.680001e-01 2.750000e-01 5.000000e-01 0.000000e+00
1.323246e-03 2.269353e-04 -2.680001e-01 3.250000e-01 5.000000e-01 0.000000e+00
8.473613e-04 1.806586e-04 -2.680001e-01 3.750000e-01 5.000000e-01 0.000000e+00
1.286681e-03 2.206643e-04 -2.680001e-01 4.250000e-01 5.000000e-01 0.000000e+00
1.275938e-03 2.188220e-04 -2.680001e-01 4.750000e-01 5.000000e-01 0.000000e+00
8.239019e-04 1.756571e-04 -2.680001e-01 5.250000e-01 5.000000e-01 0.000000e+00
1.925997e-03 2.670885e-04 -2.680001e-01 5.750000e-01 5.000000e-01 0.000000e+00
1.826771e-03 2.583453e-04 -2.680001e-01 6.250000e-01 5.000000e-01 0.000000e+00
1.526714e-03 2.355777e-04 -2.680001e-01 6.750000e-01 5.000000e-01 0.000000e+00
2.349884e-03 2.937367e-04 -2.680001e-01 7.250000e-01 5.000000e-01 0.000000e+00
2.117324e-03 2.780196e-04 -2.680001e-01 7.750000e-01 5.000000e-01 0.000000e+00
2.783984e-03 3.152254e-04 -2.680001e-01 8.250000e-01 5.000000e-01 0.000000e+00
2.267324e-03 2.834165e-04 -2.680001e-01 8.750000e-01 5.000000e-01 0.000000e+00
2.966127e-03 3.236322e-04 -2.680001e-01 9.250000e-01 5.000000e-01 0.000000e+00
3.446052e-03 3.481051e-04 -2.680001e-01 9.750000e-01 5.000000e-01 0.000000e+00
3.095334e-03 3.299653e-04 -2.680001e-01 1.025000e+00 5.000000e-01 0.000000e+00
2.441769e-03 2.918489e-04 -2.680001e-01 1.075000e+00 5.000000e-01 0.000000e+00
2.129048e-03 2.703907e-04 -2.680001e-01 1.125000e+00 5.000000e-01 0.000000e+00
2.833977e-03 3.092142e-04 -2.680001e-01 1.175000e+00 5.000000e-01 0.000000e+00
2.071659e-03 2.631026e-04 -2.680001e-01 1.225000e+00 5.000000e-01 0.000000e+00
1.741972e-03 2.415694e-04 -2.680001e-01 1.275000e+00 5.000000e-01 0.000000e+00
2.182644e-03 2.686662e-04 -2.680001e-01 1.325000e+00 5.000000e-01 0.000000e+00
1.826126e-03 2.440278e-04 -2.680001e-01 1.375000e+00 5.000000e-01 0.000000e+00
1.855639e-03 2.436590e-04 -2.680001e-01 1.425000e+00 5.000000e-01 0.000000e+00
1.211203e-03 1.964845e-04 -2.680001e-01 1.475000e+00 5.000000e-01 0.000000e+00
2.091727e-03 2.574757e-04 -2.680001e-01 1.525000e+00 5.000000e-01 0.000000e+00
1.123228e-03 1.872063e-04 -2.680001e-01 1.575000e+00 5.000000e-01 0.000000e+00
1.288597e-03 1.988366e-04 -2.680001e-01 1.625000e+00 5.000000e-01 0.000000e+00
1.395833e-03 2.058067e-04 -2.680001e-01 1.675000e+00 5.000000e-01 0.000000e+00
1.563748e-03 2.168546e-04 -2.680001e-01 1.725000e+00 5.000000e-01 0.000000e+00
1.005832e-03 1.725006e-04 -2.680001e-01 1.775000e+00 5.000000e-01 0.000000e+00
1.102492e-03 1.788503e-04 -2.680001e-01 1.825000e+00 5.000000e-01 0.000000e+00
1.379147e-03 1.990653e-04 -2.680001e-01 1.875000e+00 5.000000e-01 0.000000e+00
1.573841e-03 2.103163e-04 -2.680001e-01 1.925000e+00 5.000000e-01 0.000000e+00
1.054322e-03 1.710354e-04 -2.680001e-01 1.975000e+00 5.000000e-01 0.000000e+00
7.055310e-04 1.383686e-04 -2.680001e-01 2.025000e+00 5.000000e-01 0.000000e+00
6.952415e-04 1.363501e-04 -2.680001e-01 2.075000e+00 5.000000e-01 0.000000e+00
5.778061e-04 1.231912e-04 -2.680001e-01 2.125000e+00 5.000000e-01 0.000000e+00
5.123193e-04 1.145601e-04 -2.680001e-01 2.175000e+00 5.000000e-01 0.000000e+00
7.556510e-04 1.379651e-04 -2.680001e-01 2.225000e+00 5.000000e-01 0.000000e+00
4.928919e-04 1.102155e-04 -2.680001e-01 2.275000e+00 5.000000e-01 0.000000e+00
5.323771e-04 1.135072e-04 -2.680001e-01 2.325000e+00 5.000000e-01 0.000000e+00
2.373112e-04 7.504521e-05 -2.680001e-01 2.375000e+00 5.000000e-01 0.000000e+00
5.045560e-04 1.075747e-04 -2.680001e-01 2.425000e+00 5.000000e-01 0.000000e+00
4.889736e-04 1.042533e-04 -2.680001e-01 2.475000e+00 5.000000e-01 0.000000e+00
4.766064e-04 1.016175e-04 -2.680001e-01 2.525000e+00 5.000000e-01 0.000000e+00
3.778169e-04 8.905542e-05 -2.680001e-01 2.575000e+00 5.000000e-01 0.000000e+00
5.673152e-04 1.072185e-04 -2.680001e-01 2.625000e+00 5.000000e-01 0.000000e+00
7.741817e-04 1.224129e-04 -2.680001e-01 2.675000e+00 5.000000e-01 0.000000e+00
4.848375e-04 9.508919e-05 -2.680001e-01 2.725000e+00 5.000000e-01 0.000000e+00
1.068908e-03 1.380061e-04 -2.680001e-01 2.775000e+00 5.000000e-01 0.000000e+00
9.946881e-04 1.284222e-04 -2.680001e-01 2.825000e+00 5.000000e-01 0.000000e+00
5.493424e-04 9.157047e-05 -2.680001e-01 2.875000e+00 5.000000e-01 0.000000e+00
4.873745e-01 4.381003e-03 -2.580001e-01 2.500000e-02 5.000000e-01 0.000000e+00
8.079808e-02 1.774178e-03 -2.580001e-01 7.500000e-02 5.000000e-01 0.000000e+00
2.653058e-03 3.217314e-04 -2.580001e-01 1.250000e-01 5.000000e-01 0.000000e+00
2.591125e-03 3.189463e-04 -2.580001e-01 1.750000e-01 5.000000e-01 0.000000e+00
1.879626e-03 2.713014e-04 -2.580001e-01 2.250000e-01 5.000000e-01 0.000000e+00
1.004789e-03 1.970558e-04 -2.580001e-01 2.750000e-01 5.000000e-01 0.000000e+00
1.545876e-03 2.444251e-04 -2.580001e-01 3.250000e-01 5.000000e-01 0.000000e+00
1.615941e-03 2.493456e-04 -2.580001e-01 3.750000e-01 5.000000e-01 0.000000e+00
1.208974e-03 2.137190e-04 -2.580001e-01 4.250000e-01 5.000000e-01 0.000000e+00
1.495667e-03 2.364865e-04 -2.580001e-01 4.750000e-01 5.000000e-01 0.000000e+00
1.043810e-03 1.972622e-04 -2.580001e-01 5.250000e-01 5.000000e-01 0.000000e+00
1.702895e-03 2.510790e-04 -2.580001e-01 5.750000e-01 5.000000e-01 0.000000e+00
1.697943e-03 2.503485e-04 -2.580001e-01 6.250000e-01 5.000000e-01 0.000000e+00
1.174924e-03 2.077002e-04 -2.580001e-01 6.750000e-01 5.000000e-01 0.000000e+00
1.528649e-03 2.358765e-04 -2.580001e-01 7.250000e-01 5.000000e-01 0.000000e+00
2.063081e-03 2.708967e-04 -2.580001e-01 7.750000e-01 5.000000e-01 0.000000e+00
2.116895e-03 2.732910e-04 -2.580001e-01 8.250000e-01 5.000000e-01 0.000000e+00
3.027476e-03 3.264625e-04 -2.580001e-01 8.750000e-01 5.000000e-01 0.000000e+00
2.597211e-03 3.019206e-04 -2.580001e-01 9.250000e-01 5.000000e-01 0.000000e+00
2.384514e-03 2.891660e-04 -2.580001e-01 9.750000e-01 5.000000e-01 0.000000e+00
3.165793e-03 3.337056e-04 -2.580001e-01 1.025000e+00 5.000000e-01 0.000000e+00
3.124119e-03 3.293128e-04 -2.580001e-01 1.075000e+00 5.000000e-01 0.000000e+00
2.857155e-03 3.117428e-04 -2.580001e-01 1.125000e+00 5.000000e-01 0.000000e+00
3.007071e-03 3.169746e-04 -2.580001e-01 1.175000e+00 5.000000e-01 0.000000e+00
1.802427e-03 2.452804e-04 -2.580001e-01 1.225000e+00 5.000000e-01 0.000000e+00
1.726402e-03 2.394102e-04 -2.580001e-01 1.275000e+00 5.000000e-01 0.000000e+00
1.987380e-03 2.565715e-04 -2.580001e-01 1.325000e+00 5.000000e-01 0.000000e+00
1.879825e-03 2.468344e-04 -2.580001e-01 1.375000e+00 5.000000e-01 0.000000e+00
1.922928e-03 2.482508e-04 -2.580001e-01 1.425000e+00 5.000000e-01 0.000000e+00
1.891454e-03 2.441873e-04 -2.580001e-01 1.475000e+00 5.000000e-01 0.000000e+00
1.391318e-03 2.097511e-04 -2.580001e-01 1.525000e+00 5.000000e-01 0.000000e+00
1.362006e-03 2.053310e-04 -2.580001e-01 1.575000e+00 5.000000e-01 0.000000e+00
1.770540e-03 2.324849e-04 -2.580001e-01 1.625000e+00 5.000000e-01 0.000000e+00
1.281677e-03 1.977693e-04 -2.580001e-01 1.675000e+00 5.000000e-01 0.000000e+00
1.732597e-03 2.275032e-04 -2.580001e-01 1.725000e+00 5.000000e-01 0.000000e+00
1.168717e-03 1.847924e-04 -2.580001e-01 1.775000e+00 5.000000e-01 0.000000e+00
1.920691e-03 2.364232e-04 -2.580001e-01 1.825000e+00 5.000000e-01 0.000000e+00
1.252435e-03 1.888143e-04 -2.580001e-01 1.875000e+00 5.000000e-01 0.000000e+00
1.115579e-03 1.763916e-04 -2.580001e-01 1.925000e+00 5.000000e-01 0.000000e+00
8.313518e-04 1.517862e-04 -2.580001e-01 1.975000e+00 5.000000e-01 0.000000e+00
9.200509e-04 1.577897e-04 -2.580001e-01 2.025000e+00 5.000000e-01 0.000000e+00
1.010156e-03 1.638719e-04 -2.580001e-01 2.075000e+00 5.000000e-01 0.000000e+00
6.271749e-04 1.280242e-04 -2.580001e-01 2.125000e+00 5.000000e-01 0.000000e+00
5.652384e-04 1.205111e-04 -2.580001e-01 2.175000e+00 5.000000e-01 0.000000e+00
5.499411e-04 1.172502e-04 -2.580001e-01 2.225000e+00 5.000000e-01 0.000000e+00
4.933004e-04 1.103070e-04 -2.580001e-01 2.275000e+00 5.000000e-01 0.000000e+00
5.271833e-04 1.123984e-04 -2.580001e-01 2.325000e+00 5.000000e-01 0.000000e+00
4.671094e-04 1.044499e-04 -2.580001e-01 2.375000e+00 5.000000e-01 0.000000e+00
4.552646e-04 1.018029e-04 -2.580001e-01 2.425000e+00 5.000000e-01 0.000000e+00
6.635754e-04 1.211566e-04 -2.580001e-01 2.475000e+00 5.000000e-01 0.000000e+00
5.159104e-04 1.053141e-04 -2.580001e-01 2.525000e+00 5.000000e-01 0.000000e+00
3.336330e-04 8.341175e-05 -2.580001e-01 2.575000e+00 5.000000e-01 0.000000e+00
3.627975e-04 8.551984e-05 -2.580001e-01 2.625000e+00 5.000000e-01 0.000000e+00
5.817278e-04 1.062147e-04 -2.580001e-01 2.675000e+00 5.000000e-01 0.000000e+00
7.047665e-04 1.143362e-04 -2.580001e-01 2.725000e+00 5.000000e-01 0.000000e+00
6.572357e-04 1.066255e-04 -2.580001e-01 2.775000e+00 5.000000e-01 0.000000e+00
8.732378e-04 1.188467e-04 -2.580001e-01 2.825000e+00 5.000000e-01 0.000000e+00
6.502456e-04 9.804135e-05 -2.580001e-01 2.875000e+00 5.000000e-01 0.000000e+00
4.721884e-01 4.290149e-03 -2.480001e-01 2.500000e-02 5.000000e-01 0.000000e+00
8.116323e-02 1.784780e-03 -2.480001e-01 7.500000e-02 5.000000e-01 0.000000e+00
2.950513e-03 3.384479e-04 -2.480001e-01 1.250000e-01 5.000000e-01 0.000000e+00
1.320229e-03 2.264178e-04 -2.480001e-01 1.750000e-01 5.000000e-01 0.000000e+00
2.025816e-03 2.809306e-04 -2.480001e-01 2.250000e-01 5.000000e-01 0.000000e+00
9.364095e-04 1.911445e-04 -2.480001e-01 2.750000e-01 5.000000e-01 0.000000e+00
1.466971e-03 2.379747e-04 -2.480001e-01 3.250000e-01 5.000000e-01 0.000000e+00
1.599526e-03 2.468129e-04 -2.480001e-01 3.750000e-01 5.000000e-01 0.000000e+00
1.209973e-03 2.138956e-04 -2.480001e-01 4.250000e-01 5.000000e-01 0.000000e+00
1.849513e-03 2.615613e-04 -2.480001e-01 4.750000e-01 5.000000e-01 0.000000e+00
1.178817e-03 2.083882e-04 -2.480001e-01 5.250000e-01 5.000000e-01 0.000000e+00
9.609107e-04 1.884508e-04 -2.480001e-01 5.750000e-01 5.000000e-01 0.000000e+00
1.777155e-03 2.565110e-04 -2.480001e-01 6.250000e-01 5.000000e-01 0.000000e+00
1.174727e-03 2.076651e-04 -2.480001e-01 6.750000e-01 5.000000e-01 0.000000e+00
1.026745e-03 1.940377e-04 -2.480001e-01 7.250000e-01 5.000000e-01 0.000000e+00
2.586472e-03 3.048198e-04 -2.480001e-01 7.750000e-01 5.000000e-01 0.000000e+00
2.766369e-03 3.092905e-04 -2.480001e-01 8.250000e-01 5.000000e-01 0.000000e+00
2.338533e-03 2.835904e-04 -2.480001e-01 8.750000e-01 5.000000e-01 0.000000e+00
2.511094e-03 2.959364e-04 -2.480001e-01 9.250000e-01 5.000000e-01 0.000000e+00
3.844162e-03 3.665283e-04 -2.480001e-01 9.750000e-01 5.000000e-01 0.000000e+00
2.103532e-03 2.715658e-04 -2.480001e-01 1.025000e+00 5.000000e-01 0.000000e+00
2.826568e-03 3.121439e-04 -2.480001e-01 1.075000e+00 5.000000e-01 0.000000e+00
2.575629e-03 2.954465e-04 -2.480001e-01 1.125000e+00 5.000000e-01 0.000000e+00
2.863092e-03 3.087367e-04 -2.480001e-01 1.175000e+00 5.000000e-01 0.000000e+00
2.327259e-03 2.781624e-04 -2.480001e-01 1.225000e+00 5.000000e-01 0.000000e+00
2.514764e-03 2.884650e-04 -2.480001e-01 1.275000e+00 5.000000e-01 0.000000e+00
2.239270e-03 2.715535e-04 -2.480001e-01 1.325000e+00 5.000000e-01 0.000000e+00
2.310811e-03 2.723332e-04 -2.480001e-01 1.375000e+00 5.000000e-01 0.000000e+00
1.595954e-03 2.257037e-04 -2.480001e-01 1.425000e+00 5.000000e-01 0.000000e+00
1.970810e-03 2.502952e-04 -2.480001e-01 1.475000e+00 5.000000e-01 0.000000e+00
1.503250e-03 2.169774e-04 -2.480001e-01 1.525000e+00 5.000000e-01 0.000000e+00
1.166987e-03 1.893113e-04 -2.480001e-01 1.575000e+00 5.000000e-01 0.000000e+00
1.157560e-03 1.877825e-04 -2.480001e-01 1.625000e+00 5.000000e-01 0.000000e+00
1.754501e-03 2.303791e-04 -2.480001e-01 1.675000e+00 5.000000e-01 0.000000e+00
1.072802e-03 1.788015e-04 -2.480001e-01 1.725000e+00 5.000000e-01 0.000000e+00
1.400114e-03 2.020906e-04 -2.480001e-01 1.775000e+00 5.000000e-01 0.000000e+00
9.213275e-04 1.628710e-04 -2.480001e-01 1.825000e+00 5.000000e-01 0.000000e+00
1.300121e-03 1.916945e-04 -2.480001e-01 1.875000e+00 5.000000e-01 0.000000e+00
1.394216e-03 1.971745e-04 -2.480001e-01 1.925000e+00 5.000000e-01 0.000000e+00
4.941629e-04 1.164768e-04 -2.480001e-01 1.975000e+00 5.000000e-01 0.000000e+00
6.481223e-04 1.322998e-04 -2.480001e-01 2.025000e+00 5.000000e-01 0.000000e+00
1.163617e-03 1.754245e-04 -2.480001e-01 2.075000e+00 5.000000e-01 0.000000e+00
7.768741e-04 1.418390e-04 -2.480001e-01 2.125000e+00 5.000000e-01 0.000000e+00
9.123365e-04 1.520582e-04 -2.480001e-01 2.175000e+00 5.000000e-01 0.000000e+00
7.007157e-04 1.324251e-04 -2.480001e-01 2.225000e+00 5.000000e-01 0.000000e+00
5.361907e-04 1.143188e-04 -2.480001e-01 2.275000e+00 5.000000e-01 0.000000e+00
5.762090e-04 1.176227e-04 -2.480001e-01 2.325000e+00 5.000000e-01 0.000000e+00
5.579856e-04 1.139011e-04 -2.480001e-01 2.375000e+00 5.000000e-01 0.000000e+00
5.921985e-04 1.161424e-04 -2.480001e-01 2.425000e+00 5.000000e-01 0.000000e+00
3.075755e-04 8.220556e-05 -2.480001e-01 2.475000e+00 5.000000e-01 0.000000e+00
5.167843e-04 1.054909e-04 -2.480001e-01 2.525000e+00 5.000000e-01 0.000000e+00
5.800017e-04 1.096147e-04 -2.480001e-01 2.575000e+00 5.000000e-01 0.000000e+00
4.797579e-04 9.793513e-05 -2.480001e-01 2.625000e+00 5.000000e-01 0.000000e+00
5.799373e-04 1.058863e-04 -2.480001e-01 2.675000e+00 5.000000e-01 0.000000e+00
5.807742e-04 1.026730e-04 -2.480001e-01 2.725000e+00 5.000000e-01 0.000000e+00
5.121720e-04 9.351832e-05 -2.480001e-01 2.775000e+00 5.000000e-01 0.000000e+00
8.500473e-04 1.156878e-04 -2.480001e-01 2.825000e+00 5.000000e-01 0.000000e+00
9.488820e-04 1.168162e-04 -2.480001e-01 2.875000e+00 5.000000e-01 0.000000e+00
4.727378e-01 4.266359e-03 -2.380001e-01 2.500000e-02 5.000000e-01 0.000000e+00
7.488546e-02 1.701066e-03 -2.380001e-01 7.500000e-02 5.000000e-01 0.000000e+00
2.578832e-03 3.174331e-04 -2.380001e-01 1.250000e-01 5.000000e-01 0.000000e+00
1.950544e-03 2.758493e-04 -2.380001e-01 1.750000e-01 5.000000e-01 0.000000e+00
2.018749e-03 2.799510e-04 -2.380001e-01 2.250000e-01 5.000000e-01 0.000000e+00
1.237485e-03 2.187590e-04 -2.380001e-01 2.750000e-01 5.000000e-01 0.000000e+00
1.084952e-03 2.050372e-04 -2.380001e-01 3.250000e-01 5.000000e-01 0.000000e+00
1.195771e-03 2.113849e-04 -2.380001e-01 3.750000e-01 5.000000e-01 0.000000e+00
1.413093e-03 2.292346e-04 -2.380001e-01 4.250000e-01 5.000000e-01 0.000000e+00
1.261127e-03 2.162823e-04 -2.380001e-01 4.750000e-01 5.000000e-01 0.000000e+00
1.110351e-03 2.027221e-04 -2.380001e-01 5.250000e-01 5.000000e-01 0.000000e+00
1.623398e-03 2.447370e-04 -2.380001e-01 5.750000e-01 5.000000e-01 0.000000e+00
1.252467e-03 2.147972e-04 -2.380001e-01 6.250000e-01 5.000000e-01 0.000000e+00
1.032375e-03 1.951012e-04 -2.380001e-01 6.750000e-01 5.000000e-01 0.000000e+00
1.386905e-03 2.249865e-04 -2.380001e-01 7.250000e-01 5.000000e-01 0.000000e+00
2.005389e-03 2.679828e-04 -2.380001e-01 7.750000e-01 5.000000e-01 0.000000e+00
1.952014e-03 2.608502e-04 -2.380001e-01 8.250000e-01 5.000000e-01 0.000000e+00
2.063804e-03 2.664373e-04 -2.380001e-01 8.750000e-01 5.000000e-01 0.000000e+00
2.114842e-03 2.685864e-04 -2.380001e-01 9.250000e-01 5.000000e-01 0.000000e+00
3.098244e-03 3.265848e-04 -2.380001e-01 9.750000e-01 5.000000e-01 0.000000e+00
2.450825e-03 2.929309e-04 -2.380001e-01 1.025000e+00 5.000000e-01 0.000000e+00
2.803948e-03 3.096460e-04 -2.380001e-01 1.075000e+00 5.000000e-01 0.000000e+00
3.035265e-03 3.199464e-04 -2.380001e-01 1.125000e+00 5.000000e-01 0.000000e+00
2.385046e-03 2.810818e-04 -2.380001e-01 1.175000e+00 5.000000e-01 0.000000e+00
2.324761e-03 2.778637e-04 -2.380001e-01 1.225000e+00 5.000000e-01 0.000000e+00
2.773766e-03 3.026445e-04 -2.380001e-01 1.275000e+00 5.000000e-01 0.000000e+00
1.757577e-03 2.391769e-04 -2.380001e-01 1.325000e+00 5.000000e-01 0.000000e+00
2.238988e-03 2.676120e-04 -2.380001e-01 1.375000e+00 5.000000e-01 0.000000e+00
1.713780e-03 2.332183e-04 -2.380001e-01 1.425000e+00 5.000000e-01 0.000000e+00
1.335703e-03 2.061053e-04 -2.380001e-01 1.475000e+00 5.000000e-01 0.000000e+00
1.990172e-03 2.487732e-04 -2.380001e-01 1.525000e+00 5.000000e-01 0.000000e+00
1.780522e-03 2.337961e-04 -2.380001e-01 1.575000e+00 5.000000e-01 0.000000e+00
1.573455e-03 2.182005e-04 -2.380001e-01 1.625000e+00 5.000000e-01 0.000000e+00
1.674845e-03 2.238123e-04 -2.380001e-01 1.675000e+00 5.000000e-01 0.000000e+00
1.301141e-03 1.961571e-04 -2.380001e-01 1.725000e+00 5.000000e-01 0.000000e+00
1.455795e-03 2.058823e-04 -2.380001e-01 1.775000e+00 5.000000e-01 0.000000e+00
8.593822e-04 1.569034e-04 -2.380001e-01 1.825000e+00 5.000000e-01 0.000000e+00
6.773508e-04 1.382652e-04 -2.380001e-01 1.875000e+00 5.000000e-01 0.000000e+00
1.166543e-03 1.800045e-04 -2.380001e-01 1.925000e+00 5.000000e-01 0.000000e+00
8.164313e-04 1.490612e-04 -2.380001e-01 1.975000e+00 5.000000e-01 0.000000e+00
9.653835e-04 1.609000e-04 -2.380001e-01 2.025000e+00 5.000000e-01 0.000000e+00
8.957337e-04 1.536189e-04 -2.380001e-01 2.075000e+00 5.000000e-01 0.000000e+00
5.201324e-04 1.163064e-04 -2.380001e-01 2.125000e+00 5.000000e-01 0.000000e+00
6.085050e-04 1.242136e-04 -2.380001e-01 2.175000e+00 5.000000e-01 0.000000e+00
7.461470e-04 1.362304e-04 -2.380001e-01 2.225000e+00 5.000000e-01 0.000000e+00
7.270176e-04 1.327381e-04 -2.380001e-01 2.275000e+00 5.000000e-01 0.000000e+00
3.784378e-04 9.461080e-05 -2.380001e-01 2.325000e+00 5.000000e-01 0.000000e+00
7.419602e-04 1.311659e-04 -2.380001e-01 2.375000e+00 5.000000e-01 0.000000e+00
4.954000e-04 1.056230e-04 -2.380001e-01 2.425000e+00 5.000000e-01 0.000000e+00
4.833288e-04 1.030487e-04 -2.380001e-01 2.475000e+00 5.000000e-01 0.000000e+00
6.825894e-04 1.206703e-04 -2.380001e-01 2.525000e+00 5.000000e-01 0.000000e+00
4.931734e-04 1.006714e-04 -2.380001e-01 2.575000e+00 5.000000e-01 0.000000e+00
4.763382e-04 9.723491e-05 -2.380001e-01 2.625000e+00 5.000000e-01 0.000000e+00
3.775626e-04 8.442885e-05 -2.380001e-01 2.675000e+00 5.000000e-01 0.000000e+00
7.103949e-04 1.123305e-04 -2.380001e-01 2.725000e+00 5.000000e-01 0.000000e+00
6.962515e-04 1.074443e-04 -2.380001e-01 2.775000e+00 5.000000e-01 0.000000e+00
5.755624e-04 9.337679e-05 -2.380001e-01 2.825000e+00 5.000000e-01 0.000000e+00
8.992661e-04 1.124207e-04 -2.380001e-01 2.875000e+00 5.000000e-01 0.000000e+00
4.592853e-01 4.161595e-03 -2.280001e-01 2.500000e-02 5.000000e-01 0.000000e+00
7.724076e-02 1.725433e-03 -2.280001e-01 7.500000e-02 5.000000e-01 0.000000e+00
3.790344e-03 3.828835e-04 -2.280001e-01 1.250000e-01 5.000000e-01 0.000000e+00
2.234110e-03 2.933539e-04 -2.280001e-01 1.750000e-01 5.000000e-01 0.000000e+00
2.174865e-03 2.906293e-04 -2.280001e-01 2.250000e-01 5.000000e-01 0.000000e+00
1.309884e-03 2.246437e-04 -2.280001e-01 2.750000e-01 5.000000e-01 0.000000e+00
2.207391e-03 2.898456e-04 -2.280001e-01 3.250000e-01 5.000000e-01 0.000000e+00
1.055761e-03 1.995207e-04 -2.280001e-01 3.750000e-01 5.000000e-01 0.000000e+00
1.855348e-03 2.623865e-04 -2.280001e-01 4.250000e-01 5.000000e-01 0.000000e+00
1.179836e-03 2.085681e-04 -2.280001e-01 4.750000e-01 5.000000e-01 0.000000e+00
1.107675e-03 2.022333e-04 -2.280001e-01 5.250000e-01 5.000000e-01 0.000000e+00
1.030185e-03 1.946872e-04 -2.280001e-01 5.750000e-01 5.000000e-01 0.000000e+00
1.389540e-03 2.254138e-04 -2.280001e-01 6.250000e-01 5.000000e-01 0.000000e+00
1.165472e-03 2.060290e-04 -2.280001e-01 6.750000e-01 5.000000e-01 0.000000e+00
1.224832e-03 2.100575e-04 -2.280001e-01 7.250000e-01 5.000000e-01 0.000000e+00
1.920709e-03 2.613765e-04 -2.280001e-01 7.750000e-01 5.000000e-01 0.000000e+00
2.103847e-03 2.716064e-04 -2.280001e-01 8.250000e-01 5.000000e-01 0.000000e+00
2.424673e-03 2.898047e-04 -2.280001e-01 8.750000e-01 5.000000e-01 0.000000e+00
2.357975e-03 2.859481e-04 -2.280001e-01 9.250000e-01 5.000000e-01 0.000000e+00
2.462466e-03 2.902058e-04 -2.280001e-01 9.750000e-01 5.000000e-01 0.000000e+00
2.448827e-03 2.885982e-04 -2.280001e-01 1.025000e+00 5.000000e-01 0.000000e+00
2.500966e-03 2.907332e-04 -2.280001e-01 1.075000e+00 5.000000e-01 0.000000e+00
2.008876e-03 2.593458e-04 -2.280001e-01 1.125000e+00 5.000000e-01 0.000000e+00
2.639066e-03 2.950583e-04 -2.280001e-01 1.175000e+00 5.000000e-01 0.000000e+00
2.184720e-03 2.689220e-04 -2.280001e-01 1.225000e+00 5.000000e-01 0.000000e+00
2.827060e-03 3.048514e-04 -2.280001e-01 1.275000e+00 5.000000e-01 0.000000e+00
1.811914e-03 2.421288e-04 -2.280001e-01 1.325000e+00 5.000000e-01 0.000000e+00
2.300203e-03 2.710834e-04 -2.280001e-01 1.375000e+00 5.000000e-01 0.000000e+00
1.901934e-03 2.455402e-04 -2.280001e-01 1.425000e+00 5.000000e-01 0.000000e+00
2.017258e-03 2.521592e-04 -2.280001e-01 1.475000e+00 5.000000e-01 0.000000e+00
1.181905e-03 1.917321e-04 -2.280001e-01 1.525000e+00 5.000000e-01 0.000000e+00
1.461874e-03 2.110054e-04 -2.280001e-01 1.575000e+00 5.000000e-01 0.000000e+00
1.266400e-03 1.954108e-04 -2.280001e-01 1.625000e+00 5.000000e-01 0.000000e+00
1.541564e-03 2.137786e-04 -2.280001e-01 1.675000e+00 5.000000e-01 0.000000e+00
1.413074e-03 2.039619e-04 -2.280001e-01 1.725000e+00 5.000000e-01 0.000000e+00
1.101903e-03 1.787538e-04 -2.280001e-01 1.775000e+00 5.000000e-01 0.000000e+00
1.476426e-03 2.047459e-04 -2.280001e-01 1.825000e+00 5.000000e-01 0.000000e+00
1.522722e-03 2.072191e-04 -2.280001e-01 1.875000e+00 5.000000e-01 0.000000e+00
1.492093e-03 2.030502e-04 -2.280001e-01 1.925000e+00 5.000000e-01 0.000000e+00
9.236732e-04 1.584103e-04 -2.280001e-01 1.975000e+00 5.000000e-01 0.000000e+00
4.296197e-04 1.074055e-04 -2.280001e-01 2.025000e+00 5.000000e-01 0.000000e+00
8.364246e-04 1.478633e-04 -2.280001e-01 2.075000e+00 5.000000e-01 0.000000e+00
7.230900e-04 1.366530e-04 -2.280001e-01 2.125000e+00 5.000000e-01 0.000000e+00
8.113675e-04 1.434349e-04 -2.280001e-01 2.175000e+00 5.000000e-01 0.000000e+00
6.929284e-04 1.309540e-04 -2.280001e-01 2.225000e+00 5.000000e-01 0.000000e+00
6.285035e-04 1.232620e-04 -2.280001e-01 2.275000e+00 5.000000e-01 0.000000e+00
4.756768e-04 1.063657e-04 -2.280001e-01 2.325000e+00 5.000000e-01 0.000000e+00
4.612316e-04 1.031370e-04 -2.280001e-01 2.375000e+00 5.000000e-01 0.000000e+00
7.191576e-04 1.271334e-04 -2.280001e-01 2.425000e+00 5.000000e-01 0.000000e+00
5.685018e-04 1.114969e-04 -2.280001e-01 2.475000e+00 5.000000e-01 0.000000e+00
5.903106e-04 1.115618e-04 -2.280001e-01 2.525000e+00 5.000000e-01 0.000000e+00
6.143332e-04 1.121647e-04 -2.280001e-01 2.575000e+00 5.000000e-01 0.000000e+00
6.715404e-04 1.151754e-04 -2.280001e-01 2.625000e+00 5.000000e-01 0.000000e+00
2.615979e-04 6.991872e-05 -2.280001e-01 2.675000e+00 5.000000e-01 0.000000e+00
5.561305e-04 9.831756e-05 -2.280001e-01 2.725000e+00 5.000000e-01 0.000000e+00
6.366632e-04 1.006760e-04 -2.280001e-01 2.775000e+00 5.000000e-01 0.000000e+00
5.916069e-04 9.354751e-05 -2.280001e-01 2.825000e+00 5.000000e-01 0.000000e+00
7.920917e-04 1.058606e-04 -2.280001e-01 2.875000e+00 5.000000e-01 0.000000e+00
4.554519e-01 3.978399e-03 -2.180001e-01 2.500000e-02 5.000000e-01 0.000000e+00
7.705711e-02 1.655709e-03 -2.180001e-01 7.500000e-02 5.000000e-01 0.000000e+00
2.675930e-03 3.153623e-04 -2.180001e-01 1.250000e-01 5.000000e-01 0.000000e+00
2.690349e-03 3.215593e-04 -2.180001e-01 1.750000e-01 5.000000e-01 0.000000e+00
1.841631e-03 2.658174e-04 -2.180001e-01 2.250000e-01 5.000000e-01 0.000000e+00
1.309694e-03 2.246113e-04 -2.180001e-01 2.750000e-01 5.000000e-01 0.000000e+00
1.747593e-03 2.576692e-04 -2.180001e-01 3.250000e-01 5.000000e-01 0.000000e+00
1.728953e-03 2.549208e-04 -2.180001e-01 3.750000e-01 5.000000e-01 0.000000e+00
1.769482e-03 2.554035e-04 -2.180001e-01 4.250000e-01 5.000000e-01 0.000000e+00
1.396731e-03 2.265807e-04 -2.180001e-01 4.750000e-01 5.000000e-01 0.000000e+00
8.076569e-04 1.721935e-04 -2.180001e-01 5.250000e-01 5.000000e-01 0.000000e+00
1.529001e-03 2.359305e-04 -2.180001e-01 5.750000e-01 5.000000e-01 0.000000e+00
1.466791e-03 2.319208e-04 -2.180001e-01 6.250000e-01 5.000000e-01 0.000000e+00
1.816339e-03 2.568700e-04 -2.180001e-01 6.750000e-01 5.000000e-01 0.000000e+00
1.441997e-03 2.280006e-04 -2.180001e-01 7.250000e-01 5.000000e-01 0.000000e+00
1.638949e-03 2.416508e-04 -2.180001e-01 7.750000e-01 5.000000e-01 0.000000e+00
1.610673e-03 2.374817e-04 -2.180001e-01 8.250000e-01 5.000000e-01 0.000000e+00
2.590244e-03 3.011108e-04 -2.180001e-01 8.750000e-01 5.000000e-01 0.000000e+00
2.841355e-03 3.137763e-04 -2.180001e-01 9.250000e-01 5.000000e-01 0.000000e+00
2.710729e-03 3.069307e-04 -2.180001e-01 9.750000e-01 5.000000e-01 0.000000e+00
2.933848e-03 3.163665e-04 -2.180001e-01 1.025000e+00 5.000000e-01 0.000000e+00
1.916256e-03 2.516178e-04 -2.180001e-01 1.075000e+00 5.000000e-01 0.000000e+00
2.613488e-03 2.921987e-04 -2.180001e-01 1.125000e+00 5.000000e-01 0.000000e+00
2.301543e-03 2.750888e-04 -2.180001e-01 1.175000e+00 5.000000e-01 0.000000e+00
2.246254e-03 2.724000e-04 -2.180001e-01 1.225000e+00 5.000000e-01 0.000000e+00
2.615539e-03 2.924281e-04 -2.180001e-01 1.275000e+00 5.000000e-01 0.000000e+00
2.713394e-03 2.960575e-04 -2.180001e-01 1.325000e+00 5.000000e-01 0.000000e+00
1.655412e-03 2.295663e-04 -2.180001e-01 1.375000e+00 5.000000e-01 0.000000e+00
1.966398e-03 2.497347e-04 -2.180001e-01 1.425000e+00 5.000000e-01 0.000000e+00
1.928675e-03 2.449440e-04 -2.180001e-01 1.475000e+00 5.000000e-01 0.000000e+00
1.859644e-03 2.400808e-04 -2.180001e-01 1.525000e+00 5.000000e-01 0.000000e+00
1.952062e-03 2.440096e-04 -2.180001e-01 1.575000e+00 5.000000e-01 0.000000e+00
1.015568e-03 1.741696e-04 -2.180001e-01 1.625000e+00 5.000000e-01 0.000000e+00
1.472516e-03 2.082468e-04 -2.180001e-01 1.675000e+00 5.000000e-01 0.000000e+00
1.287597e-03 1.941140e-04 -2.180001e-01 1.725000e+00 5.000000e-01 0.000000e+00
1.781754e-03 2.262857e-04 -2.180001e-01 1.775000e+00 5.000000e-01 0.000000e+00
1.300044e-03 1.916834e-04 -2.180001e-01 1.825000e+00 5.000000e-01 0.000000e+00
1.235863e-03 1.863161e-04 -2.180001e-01 1.875000e+00 5.000000e-01 0.000000e+00
1.263696e-03 1.863249e-04 -2.180001e-01 1.925000e+00 5.000000e-01 0.000000e+00
1.194309e-03 1.800506e-04 -2.180001e-01 1.975000e+00 5.000000e-01 0.000000e+00
8.517021e-04 1.505632e-04 -2.180001e-01 2.025000e+00 5.000000e-01 0.000000e+00
7.854512e-04 1.434057e-04 -2.180001e-01 2.075000e+00 5.000000e-01 0.000000e+00
6.170347e-04 1.259543e-04 -2.180001e-01 2.125000e+00 5.000000e-01 0.000000e+00
5.528295e-04 1.178653e-04 -2.180001e-01 2.175000e+00 5.000000e-01 0.000000e+00
8.870115e-04 1.478379e-04 -2.180001e-01 2.225000e+00 5.000000e-01 0.000000e+00
5.305944e-04 1.131264e-04 -2.180001e-01 2.275000e+00 5.000000e-01 0.000000e+00
5.166976e-04 1.101633e-04 -2.180001e-01 2.325000e+00 5.000000e-01 0.000000e+00
5.521782e-04 1.127166e-04 -2.180001e-01 2.375000e+00 5.000000e-01 0.000000e+00
7.146420e-04 1.263357e-04 -2.180001e-01 2.425000e+00 5.000000e-01 0.000000e+00
5.212233e-04 1.063981e-04 -2.180001e-01 2.475000e+00 5.000000e-01 0.000000e+00
6.322522e-04 1.154385e-04 -2.180001e-01 2.525000e+00 5.000000e-01 0.000000e+00
4.479640e-04 9.550896e-05 -2.180001e-01 2.575000e+00 5.000000e-01 0.000000e+00
5.442576e-04 1.028573e-04 -2.180001e-01 2.625000e+00 5.000000e-01 0.000000e+00
4.712157e-04 9.241878e-05 -2.180001e-01 2.675000e+00 5.000000e-01 0.000000e+00
4.374215e-04 8.579161e-05 -2.180001e-01 2.725000e+00 5.000000e-01 0.000000e+00
6.782726e-04 1.022619e-04 -2.180001e-01 2.775000e+00 5.000000e-01 0.000000e+00
8.258095e-04 1.103663e-04 -2.180001e-01 2.825000e+00 5.000000e-01 0.000000e+00
7.692019e-04 1.046886e-04 -2.180001e-01 2.875000e+00 5.000000e-01 0.000000e+00
4.484959e-01 3.919732e-03 -2.080001e-01 2.500000e-02 5.000000e-01 0.000000e+00
7.113132e-02 1.562667e-03 -2.080001e-01 7.500000e-02 5.000000e-01 0.000000e+00
3.110927e-03 3.279213e-04 -2.080001e-01 1.250000e-01 5.000000e-01 0.000000e+00
2.563486e-03 3.021103e-04 -2.080001e-01 1.750000e-01 5.000000e-01 0.000000e+00
1.707168e-03 2.517088e-04 -2.080001e-01 2.250000e-01 5.000000e-01 0.000000e+00
1.531101e-03 2.420888e-04 -2.080001e-01 2.750000e-01 5.000000e-01 0.000000e+00
1.889136e-03 2.671647e-04 -2.080001e-01 3.250000e-01 5.000000e-01 0.000000e+00
1.199922e-03 2.121191e-04 -2.080001e-01 3.750000e-01 5.000000e-01 0.000000e+00
1.979592e-03 2.693890e-04 -2.080001e-01 4.250000e-01 5.000000e-01 0.000000e+00
2.176555e-03 2.809928e-04 -2.080001e-01 4.750000e-01 5.000000e-01 0.000000e+00
1.456292e-03 2.302606e-04 -2.080001e-01 5.250000e-01 5.000000e-01 0.000000e+00
1.381965e-03 2.241851e-04 -2.080001e-01 5.750000e-01 5.000000e-01 0.000000e+00
1.383420e-03 2.244209e-04 -2.080001e-01 6.250000e-01 5.000000e-01 0.000000e+00
1.747509e-03 2.522320e-04 -2.080001e-01 6.750000e-01 5.000000e-01 0.000000e+00
1.646722e-03 2.427970e-04 -2.080001e-01 7.250000e-01 5.000000e-01 0.000000e+00
2.204025e-03 2.799124e-04 -2.080001e-01 7.750000e-01 5.000000e-01 0.000000e+00
2.012879e-03 2.643049e-04 -2.080001e-01 8.250000e-01 5.000000e-01 0.000000e+00
1.875635e-03 2.552425e-04 -2.080001e-01 8.750000e-01 5.000000e-01 0.000000e+00
2.874070e-03 3.135879e-04 -2.080001e-01 9.250000e-01 5.000000e-01 0.000000e+00
3.439742e-03 3.439754e-04 -2.080001e-01 9.750000e-01 5.000000e-01 0.000000e+00
3.280683e-03 3.348346e-04 -2.080001e-01 1.025000e+00 5.000000e-01 0.000000e+00
2.885175e-03 3.111182e-04 -2.080001e-01 1.075000e+00 5.000000e-01 0.000000e+00
3.791603e-03 3.520436e-04 -2.080001e-01 1.125000e+00 5.000000e-01 0.000000e+00
2.389207e-03 2.777407e-04 -2.080001e-01 1.175000e+00 5.000000e-01 0.000000e+00
2.341725e-03 2.759763e-04 -2.080001e-01 1.225000e+00 5.000000e-01 0.000000e+00
2.737864e-03 2.987275e-04 -2.080001e-01 1.275000e+00 5.000000e-01 0.000000e+00
1.937886e-03 2.501814e-04 -2.080001e-01 1.325000e+00 5.000000e-01 0.000000e+00
1.527171e-03 2.204296e-04 -2.080001e-01 1.375000e+00 5.000000e-01 0.000000e+00
2.073003e-03 2.551707e-04 -2.080001e-01 1.425000e+00 5.000000e-01 0.000000e+00
1.554946e-03 2.199038e-04 -2.080001e-01 1.475000e+00 5.000000e-01 0.000000e+00
1.600312e-03 2.219254e-04 -2.080001e-01 1.525000e+00 5.000000e-01 0.000000e+00
1.701868e-03 2.274233e-04 -2.080001e-01 1.575000e+00 5.000000e-01 0.000000e+00
1.299272e-03 1.958745e-04 -2.080001e-01 1.625000e+00 5.000000e-01 0.000000e+00
2.113793e-03 2.491148e-04 -2.080001e-01 1.675000e+00 5.000000e-01 0.000000e+00
1.580815e-03 2.151243e-04 -2.080001e-01 1.725000e+00 5.000000e-01 0.000000e+00
1.197368e-03 1.847597e-04 -2.080001e-01 1.775000e+00 5.000000e-01 0.000000e+00
1.186880e-03 1.831410e-04 -2.080001e-01 1.825000e+00 5.000000e-01 0.000000e+00
9.481430e-04 1.626074e-04 -2.080001e-01 1.875000e+00 5.000000e-01 0.000000e+00
9.279617e-04 1.591470e-04 -2.080001e-01 1.925000e+00 5.000000e-01 0.000000e+00
9.191515e-04 1.576346e-04 -2.080001e-01 1.975000e+00 5.000000e-01 0.000000e+00
1.167601e-03 1.760255e-04 -2.080001e-01 2.025000e+00 5.000000e-01 0.000000e+00
5.757015e-04 1.227416e-04 -2.080001e-01 2.075000e+00 5.000000e-01 0.000000e+00
8.665928e-04 1.486224e-04 -2.080001e-01 2.125000e+00 5.000000e-01 0.000000e+00
8.543450e-04 1.465221e-04 -2.080001e-01 2.175000e+00 5.000000e-01 0.000000e+00
5.391842e-04 1.149568e-04 -2.080001e-01 2.225000e+00 5.000000e-01 0.000000e+00
5.739453e-04 1.171581e-04 -2.080001e-01 2.275000e+00 5.000000e-01 0.000000e+00
4.220818e-04 9.948821e-05 -2.080001e-01 2.325000e+00 5.000000e-01 0.000000e+00
3.658734e-04 9.146997e-05 -2.080001e-01 2.375000e+00 5.000000e-01 0.000000e+00
3.125073e-04 8.352298e-05 -2.080001e-01 2.425000e+00 5.000000e-01 0.000000e+00
6.091789e-04 1.151284e-04 -2.080001e-01 2.475000e+00 5.000000e-01 0.000000e+00
6.694327e-04 1.183458e-04 -2.080001e-01 2.525000e+00 5.000000e-01 0.000000e+00
4.849263e-04 9.898831e-05 -2.080001e-01 2.575000e+00 5.000000e-01 0.000000e+00
7.546916e-04 1.193333e-04 -2.080001e-01 2.625000e+00 5.000000e-01 0.000000e+00
5.286318e-04 9.652068e-05 -2.080001e-01 2.675000e+00 5.000000e-01 0.000000e+00
5.219580e-04 9.227722e-05 -2.080001e-01 2.725000e+00 5.000000e-01 0.000000e+00
5.863967e-04 9.513468e-05 -2.080001e-01 2.775000e+00 5.000000e-01 0.000000e+00
8.893278e-04 1.148219e-04 -2.080001e-01 2.825000e+00 5.000000e-01 0.000000e+00
7.901155e-04 1.075390e-04 -2.080001e-01 2.875000e+00 5.000000e-01 0.000000e+00
4.483220e-01 3.916119e-03 -1.980001e-01 2.500000e-02 5.000000e-01 0.000000e+00
7.076510e-02 1.547913e-03 -1.980001e-01 7.500000e-02 5.000000e-01 0.000000e+00
2.256384e-03 2.777424e-04 -1.980001e-01 1.250000e-01 5.000000e-01 0.000000e+00
1.832438e-03 2.493639e-04 -1.980001e-01 1.750000e-01 5.000000e-01 0.000000e+00
2.143645e-03 2.722440e-04 -1.980001e-01 2.250000e-01 5.000000e-01 0.000000e+00
1.268053e-03 2.113426e-04 -1.980001e-01 2.750000e-01 5.000000e-01 0.000000e+00
1.188052e-03 2.100205e-04 -1.980001e-01 3.250000e-01 5.000000e-01 0.000000e+00
1.716498e-03 2.530843e-04 -1.980001e-01 3.750000e-01 5.000000e-01 0.000000e+00
1.326360e-03 2.210607e-04 -1.980001e-01 4.250000e-01 5.000000e-01 0.000000e+00
1.316559e-03 2.194270e-04 -1.980001e-01 4.750000e-01 5.000000e-01 0.000000e+00
1.502325e-03 2.318141e-04 -1.980001e-01 5.250000e-01 5.000000e-01 0.000000e+00
1.090078e-03 1.990205e-04 -1.980001e-01 5.750000e-01 5.000000e-01 0.000000e+00
1.079991e-03 1.971792e-04 -1.980001e-01 6.250000e-01 5.000000e-01 0.000000e+00
1.154206e-03 2.040375e-04 -1.980001e-01 6.750000e-01 5.000000e-01 0.000000e+00
1.930017e-03 2.626433e-04 -1.980001e-01 7.250000e-01 5.000000e-01 0.000000e+00
9.789832e-04 1.850110e-04 -1.980001e-01 7.750000e-01 5.000000e-01 0.000000e+00
2.582689e-03 3.002328e-04 -1.980001e-01 8.250000e-01 5.000000e-01 0.000000e+00
2.132608e-03 2.708428e-04 -1.980001e-01 8.750000e-01 5.000000e-01 0.000000e+00
2.898905e-03 3.162980e-04 -1.980001e-01 9.250000e-01 5.000000e-01 0.000000e+00
2.337489e-03 2.834638e-04 -1.980001e-01 9.750000e-01 5.000000e-01 0.000000e+00
2.258347e-03 2.779844e-04 -1.980001e-01 1.025000e+00 5.000000e-01 0.000000e+00
3.021629e-03 3.185089e-04 -1.980001e-01 1.075000e+00 5.000000e-01 0.000000e+00
2.653790e-03 2.967043e-04 -1.980001e-01 1.125000e+00 5.000000e-01 0.000000e+00
2.418293e-03 2.811227e-04 -1.980001e-01 1.175000e+00 5.000000e-01 0.000000e+00
2.499239e-03 2.829848e-04 -1.980001e-01 1.225000e+00 5.000000e-01 0.000000e+00
2.228563e-03 2.663656e-04 -1.980001e-01 1.275000e+00 5.000000e-01 0.000000e+00
1.538471e-03 2.220610e-04 -1.980001e-01 1.325000e+00 5.000000e-01 0.000000e+00
1.833851e-03 2.407977e-04 -1.980001e-01 1.375000e+00 5.000000e-01 0.000000e+00
1.303925e-03 2.012014e-04 -1.980001e-01 1.425000e+00 5.000000e-01 0.000000e+00
1.663334e-03 2.263524e-04 -1.980001e-01 1.475000e+00 5.000000e-01 0.000000e+00
1.471768e-03 2.124328e-04 -1.980001e-01 1.525000e+00 5.000000e-01 0.000000e+00
1.143223e-03 1.854567e-04 -1.980001e-01 1.575000e+00 5.000000e-01 0.000000e+00
1.888882e-03 2.361128e-04 -1.980001e-01 1.625000e+00 5.000000e-01 0.000000e+00
1.701931e-03 2.234766e-04 -1.980001e-01 1.675000e+00 5.000000e-01 0.000000e+00
1.276058e-03 1.923749e-04 -1.980001e-01 1.725000e+00 5.000000e-01 0.000000e+00
1.818898e-03 2.273645e-04 -1.980001e-01 1.775000e+00 5.000000e-01 0.000000e+00
9.567560e-04 1.640840e-04 -1.980001e-01 1.825000e+00 5.000000e-01 0.000000e+00
1.437258e-03 1.993152e-04 -1.980001e-01 1.875000e+00 5.000000e-01 0.000000e+00
9.290014e-04 1.593242e-04 -1.980001e-01 1.925000e+00 5.000000e-01 0.000000e+00
6.986760e-04 1.370238e-04 -1.980001e-01 1.975000e+00 5.000000e-01 0.000000e+00
8.981028e-04 1.540259e-04 -1.980001e-01 2.025000e+00 5.000000e-01 0.000000e+00
7.773932e-04 1.419356e-04 -1.980001e-01 2.075000e+00 5.000000e-01 0.000000e+00
5.610973e-04 1.196298e-04 -1.980001e-01 2.125000e+00 5.000000e-01 0.000000e+00
7.458638e-04 1.361789e-04 -1.980001e-01 2.175000e+00 5.000000e-01 0.000000e+00
7.344261e-04 1.340906e-04 -1.980001e-01 2.225000e+00 5.000000e-01 0.000000e+00
3.811898e-04 9.529972e-05 -1.980001e-01 2.275000e+00 5.000000e-01 0.000000e+00
3.262038e-04 8.718412e-05 -1.980001e-01 2.325000e+00 5.000000e-01 0.000000e+00
3.186896e-04 8.517651e-05 -1.980001e-01 2.375000e+00 5.000000e-01 0.000000e+00
2.213757e-04 7.000728e-05 -1.980001e-01 2.425000e+00 5.000000e-01 0.000000e+00
7.310917e-04 1.253847e-04 -1.980001e-01 2.475000e+00 5.000000e-01 0.000000e+00
8.685132e-04 1.340192e-04 -1.980001e-01 2.525000e+00 5.000000e-01 0.000000e+00
7.012299e-04 1.168760e-04 -1.980001e-01 2.575000e+00 5.000000e-01 0.000000e+00
6.218761e-04 1.066573e-04 -1.980001e-01 2.625000e+00 5.000000e-01 0.000000e+00
6.103759e-04 1.017363e-04 -1.980001e-01 2.675000e+00 5.000000e-01 0.000000e+00
5.095470e-04 9.008330e-05 -1.980001e-01 2.725000e+00 5.000000e-01 0.000000e+00
8.025931e-04 1.113123e-04 -1.980001e-01 2.775000e+00 5.000000e-01 0.000000e+00
6.941382e-04 1.023600e-04 -1.980001e-01 2.825000e+00 5.000000e-01 0.000000e+00
9.380077e-04 1.191417e-04 -1.980001e-01 2.875000e+00 5.000000e-01 0.000000e+00
4.517008e-01 3.912928e-03 -1.880001e-01 2.500000e-02 5.000000e-01 0.000000e+00
7.407874e-02 1.588782e-03 -1.880001e-01 7.500000e-02 5.000000e-01 0.000000e+00
3.041281e-03 3.205799e-04 -1.880001e-01 1.250000e-01 5.000000e-01 0.000000e+00
1.696129e-03 2.398695e-04 -1.880001e-01 1.750000e-01 5.000000e-01 0.000000e+00
1.949379e-03 2.559667e-04 -1.880001e-01 2.250000e-01 5.000000e-01 0.000000e+00
1.273765e-03 2.066327e-04 -1.880001e-01 2.750000e-01 5.000000e-01 0.000000e+00
1.558681e-03 2.298156e-04 -1.880001e-01 3.250000e-01 5.000000e-01 0.000000e+00
1.463067e-03 2.257568e-04 -1.880001e-01 3.750000e-01 5.000000e-01 0.000000e+00
1.084812e-03 1.980591e-04 -1.880001e-01 4.250000e-01 5.000000e-01 0.000000e+00
1.309133e-03 2.181895e-04 -1.880001e-01 4.750000e-01 5.000000e-01 0.000000e+00
1.440027e-03 2.276891e-04 -1.880001e-01 5.250000e-01 5.000000e-01 0.000000e+00
1.735145e-03 2.504473e-04 -1.880001e-01 5.750000e-01 5.000000e-01 0.000000e+00
2.160187e-03 2.788798e-04 -1.880001e-01 6.250000e-01 5.000000e-01 0.000000e+00
2.019884e-03 2.699194e-04 -1.880001e-01 6.750000e-01 5.000000e-01 0.000000e+00
1.717593e-03 2.479140e-04 -1.880001e-01 7.250000e-01 5.000000e-01 0.000000e+00
2.443796e-03 2.920907e-04 -1.880001e-01 7.750000e-01 5.000000e-01 0.000000e+00
1.889573e-03 2.571391e-04 -1.880001e-01 8.250000e-01 5.000000e-01 0.000000e+00
2.341522e-03 2.839525e-04 -1.880001e-01 8.750000e-01 5.000000e-01 0.000000e+00
2.678925e-03 3.033295e-04 -1.880001e-01 9.250000e-01 5.000000e-01 0.000000e+00
2.728940e-03 3.051061e-04 -1.880001e-01 9.750000e-01 5.000000e-01 0.000000e+00
2.973784e-03 3.170080e-04 -1.880001e-01 1.025000e+00 5.000000e-01 0.000000e+00
2.091381e-03 2.656072e-04 -1.880001e-01 1.075000e+00 5.000000e-01 0.000000e+00
2.632552e-03 2.943296e-04 -1.880001e-01 1.125000e+00 5.000000e-01 0.000000e+00
2.651045e-03 2.927601e-04 -1.880001e-01 1.175000e+00 5.000000e-01 0.000000e+00
2.462368e-03 2.824545e-04 -1.880001e-01 1.225000e+00 5.000000e-01 0.000000e+00
2.668932e-03 2.912059e-04 -1.880001e-01 1.275000e+00 5.000000e-01 0.000000e+00
2.126457e-03 2.578726e-04 -1.880001e-01 1.325000e+00 5.000000e-01 0.000000e+00
2.379237e-03 2.729187e-04 -1.880001e-01 1.375000e+00 5.000000e-01 0.000000e+00
2.404507e-03 2.722587e-04 -1.880001e-01 1.425000e+00 5.000000e-01 0.000000e+00
1.412584e-03 2.082766e-04 -1.880001e-01 1.475000e+00 5.000000e-01 0.000000e+00
1.660747e-03 2.260006e-04 -1.880001e-01 1.525000e+00 5.000000e-01 0.000000e+00
2.089939e-03 2.497976e-04 -1.880001e-01 1.575000e+00 5.000000e-01 0.000000e+00
1.943680e-03 2.392523e-04 -1.880001e-01 1.625000e+00 5.000000e-01 0.000000e+00
1.412505e-03 2.038796e-04 -1.880001e-01 1.675000e+00 5.000000e-01 0.000000e+00
1.381242e-03 1.993674e-04 -1.880001e-01 1.725000e+00 5.000000e-01 0.000000e+00
1.698720e-03 2.193054e-04 -1.880001e-01 1.775000e+00 5.000000e-01 0.000000e+00
1.291504e-03 1.904241e-04 -1.880001e-01 1.825000e+00 5.000000e-01 0.000000e+00
1.215193e-03 1.831995e-04 -1.880001e-01 1.875000e+00 5.000000e-01 0.000000e+00
1.145014e-03 1.766815e-04 -1.880001e-01 1.925000e+00 5.000000e-01 0.000000e+00
1.443853e-03 1.964863e-04 -1.880001e-01 1.975000e+00 5.000000e-01 0.000000e+00
1.055600e-03 1.669077e-04 -1.880001e-01 2.025000e+00 5.000000e-01 0.000000e+00
1.032152e-03 1.631999e-04 -1.880001e-01 2.075000e+00 5.000000e-01 0.000000e+00
6.095518e-04 1.244263e-04 -1.880001e-01 2.125000e+00 5.000000e-01 0.000000e+00
5.442850e-04 1.160441e-04 -1.880001e-01 2.175000e+00 5.000000e-01 0.000000e+00
8.751564e-04 1.458621e-04 -1.880001e-01 2.225000e+00 5.000000e-01 0.000000e+00
4.753896e-04 1.063023e-04 -1.880001e-01 2.275000e+00 5.000000e-01 0.000000e+00
4.191256e-04 9.879023e-05 -1.880001e-01 2.325000e+00 5.000000e-01 0.000000e+00
4.977899e-04 1.061318e-04 -1.880001e-01 2.375000e+00 5.000000e-01 0.000000e+00
4.414339e-04 9.870964e-05 -1.880001e-01 2.425000e+00 5.000000e-01 0.000000e+00
4.264550e-04 9.536128e-05 -1.880001e-01 2.475000e+00 5.000000e-01 0.000000e+00
4.848567e-04 9.897502e-05 -1.880001e-01 2.525000e+00 5.000000e-01 0.000000e+00
4.540619e-04 9.268915e-05 -1.880001e-01 2.575000e+00 5.000000e-01 0.000000e+00
6.698260e-04 1.086654e-04 -1.880001e-01 2.625000e+00 5.000000e-01 0.000000e+00
5.313386e-04 9.393388e-05 -1.880001e-01 2.675000e+00 5.000000e-01 0.000000e+00
5.452733e-04 9.351836e-05 -1.880001e-01 2.725000e+00 5.000000e-01 0.000000e+00
6.287421e-04 9.942078e-05 -1.880001e-01 2.775000e+00 5.000000e-01 0.000000e+00
6.902651e-04 1.040707e-04 -1.880001e-01 2.825000e+00 5.000000e-01 0.000000e+00
1.002435e-03 1.234102e-04 -1.880001e-01 2.875000e+00 5.000000e-01 0.000000e+00
4.517381e-01 4.022177e-03 -1.780002e-01 2.500000e-02 5.000000e-01 0.000000e+00
7.281079e-02 1.583594e-03 -1.780002e-01 7.500000e-02 5.000000e-01 0.000000e+00
1.746659e-03 2.422185e-04 -1.780002e-01 1.250000e-01 5.000000e-01 0.000000e+00
1.695134e-03 2.397288e-04 -1.780002e-01 1.750000e-01 5.000000e-01 0.000000e+00
1.405062e-03 2.168063e-04 -1.780002e-01 2.250000e-01 5.000000e-01 0.000000e+00
1.539521e-03 2.269906e-04 -1.780002e-01 2.750000e-01 5.000000e-01 0.000000e+00
1.524970e-03 2.248451e-04 -1.780002e-01 3.250000e-01 5.000000e-01 0.000000e+00
1.375714e-03 2.122777e-04 -1.780002e-01 3.750000e-01 5.000000e-01 0.000000e+00
1.269656e-03 2.059661e-04 -1.780002e-01 4.250000e-01 5.000000e-01 0.000000e+00
1.025087e-03 1.871551e-04 -1.780002e-01 4.750000e-01 5.000000e-01 0.000000e+00
1.506858e-03 2.325138e-04 -1.780002e-01 5.250000e-01 5.000000e-01 0.000000e+00
1.067790e-03 1.949516e-04 -1.780002e-01 5.750000e-01 5.000000e-01 0.000000e+00
1.792389e-03 2.534828e-04 -1.780002e-01 6.250000e-01 5.000000e-01 0.000000e+00
9.338531e-04 1.831442e-04 -1.780002e-01 6.750000e-01 5.000000e-01 0.000000e+00
1.415220e-03 2.237667e-04 -1.780002e-01 7.250000e-01 5.000000e-01 0.000000e+00
1.897315e-03 2.581930e-04 -1.780002e-01 7.750000e-01 5.000000e-01 0.000000e+00
1.577303e-03 2.325613e-04 -1.780002e-01 8.250000e-01 5.000000e-01 0.000000e+00
2.202073e-03 2.752602e-04 -1.780002e-01 8.750000e-01 5.000000e-01 0.000000e+00
1.712615e-03 2.422015e-04 -1.780002e-01 9.250000e-01 5.000000e-01 0.000000e+00
2.372971e-03 2.836256e-04 -1.780002e-01 9.750000e-01 5.000000e-01 0.000000e+00
2.584595e-03 2.964747e-04 -1.780002e-01 1.025000e+00 5.000000e-01 0.000000e+00
3.274582e-03 3.307844e-04 -1.780002e-01 1.075000e+00 5.000000e-01 0.000000e+00
2.631585e-03 2.942215e-04 -1.780002e-01 1.125000e+00 5.000000e-01 0.000000e+00
2.471883e-03 2.835460e-04 -1.780002e-01 1.175000e+00 5.000000e-01 0.000000e+00
2.269083e-03 2.712087e-04 -1.780002e-01 1.225000e+00 5.000000e-01 0.000000e+00
2.256141e-03 2.696618e-04 -1.780002e-01 1.275000e+00 5.000000e-01 0.000000e+00
2.983039e-03 3.076787e-04 -1.780002e-01 1.325000e+00 5.000000e-01 0.000000e+00
2.217428e-03 2.613281e-04 -1.780002e-01 1.375000e+00 5.000000e-01 0.000000e+00
1.632276e-03 2.221267e-04 -1.780002e-01 1.425000e+00 5.000000e-01 0.000000e+00
1.043579e-03 1.789740e-04 -1.780002e-01 1.475000e+00 5.000000e-01 0.000000e+00
1.652956e-03 2.249410e-04 -1.780002e-01 1.525000e+00 5.000000e-01 0.000000e+00
1.963161e-03 2.416509e-04 -1.780002e-01 1.575000e+00 5.000000e-01 0.000000e+00
1.415462e-03 2.043061e-04 -1.780002e-01 1.625000e+00 5.000000e-01 0.000000e+00
1.175270e-03 1.858283e-04 -1.780002e-01 1.675000e+00 5.000000e-01 0.000000e+00
1.262837e-03 1.903817e-04 -1.780002e-01 1.725000e+00 5.000000e-01 0.000000e+00
1.191669e-03 1.838809e-04 -1.780002e-01 1.775000e+00 5.000000e-01 0.000000e+00
1.508745e-03 2.053166e-04 -1.780002e-01 1.825000e+00 5.000000e-01 0.000000e+00
1.324272e-03 1.911442e-04 -1.780002e-01 1.875000e+00 5.000000e-01 0.000000e+00
7.063736e-04 1.385329e-04 -1.780002e-01 1.925000e+00 5.000000e-01 0.000000e+00
8.528545e-04 1.507668e-04 -1.780002e-01 1.975000e+00 5.000000e-01 0.000000e+00
1.104959e-03 1.705011e-04 -1.780002e-01 2.025000e+00 5.000000e-01 0.000000e+00
9.233381e-04 1.538914e-04 -1.780002e-01 2.075000e+00 5.000000e-01 0.000000e+00
8.586251e-04 1.472556e-04 -1.780002e-01 2.125000e+00 5.000000e-01 0.000000e+00
8.877662e-04 1.479632e-04 -1.780002e-01 2.175000e+00 5.000000e-01 0.000000e+00
4.348123e-04 1.024881e-04 -1.780002e-01 2.225000e+00 5.000000e-01 0.000000e+00
3.334159e-04 8.911079e-05 -1.780002e-01 2.275000e+00 5.000000e-01 0.000000e+00
8.793848e-04 1.426597e-04 -1.780002e-01 2.325000e+00 5.000000e-01 0.000000e+00
4.966596e-04 1.058898e-04 -1.780002e-01 2.375000e+00 5.000000e-01 0.000000e+00
6.569415e-04 1.199441e-04 -1.780002e-01 2.425000e+00 5.000000e-01 0.000000e+00
4.154733e-04 9.290778e-05 -1.780002e-01 2.475000e+00 5.000000e-01 0.000000e+00
4.293312e-04 9.153831e-05 -1.780002e-01 2.525000e+00 5.000000e-01 0.000000e+00
5.122073e-04 9.680255e-05 -1.780002e-01 2.575000e+00 5.000000e-01 0.000000e+00
5.145960e-04 9.395852e-05 -1.780002e-01 2.625000e+00 5.000000e-01 0.000000e+00
5.948702e-04 9.914951e-05 -1.780002e-01 2.675000e+00 5.000000e-01 0.000000e+00
5.186527e-04 9.169617e-05 -1.780002e-01 2.725000e+00 5.000000e-01 0.000000e+00
7.169543e-04 1.080916e-04 -1.780002e-01 2.775000e+00 5.000000e-01 0.000000e+00
7.108740e-04 1.071772e-04 -1.780002e-01 2.825000e+00 5.000000e-01 0.000000e+00
1.060617e-03 1.267821e-04 -1.780002e-01 2.875000e+00 5.000000e-01 0.000000e+00
4.610608e-01 4.178712e-03 -1.680002e-01 2.500000e-02 5.000000e-01 0.000000e+00
7.335270e-02 1.631271e-03 -1.680002e-01 7.500000e-02 5.000000e-01 0.000000e+00
3.120138e-03 3.326087e-04 -1.680002e-01 1.250000e-01 5.000000e-01 0.000000e+00
1.958854e-03 2.572107e-04 -1.680002e-01 1.750000e-01 5.000000e-01 0.000000e+00
1.745019e-03 2.419912e-04 -1.680002e-01 2.250000e-01 5.000000e-01 0.000000e+00
8.640803e-04 1.694605e-04 -1.680002e-01 2.750000e-01 5.000000e-01 0.000000e+00
1.119064e-03 1.919183e-04 -1.680002e-01 3.250000e-01 5.000000e-01 0.000000e+00
1.244870e-03 2.019453e-04 -1.680002e-01 3.750000e-01 5.000000e-01 0.000000e+00
1.087969e-03 1.865857e-04 -1.680002e-01 4.250000e-01 5.000000e-01 0.000000e+00
1.234829e-03 2.003162e-04 -1.680002e-01 4.750000e-01 5.000000e-01 0.000000e+00
1.241523e-03 2.014020e-04 -1.680002e-01 5.250000e-01 5.000000e-01 0.000000e+00
1.864134e-03 2.536775e-04 -1.680002e-01 5.750000e-01 5.000000e-01 0.000000e+00
1.488195e-03 2.296342e-04 -1.680002e-01 6.250000e-01 5.000000e-01 0.000000e+00
1.778639e-03 2.515384e-04 -1.680002e-01 6.750000e-01 5.000000e-01 0.000000e+00
1.492106e-03 2.302381e-04 -1.680002e-01 7.250000e-01 5.000000e-01 0.000000e+00
2.227942e-03 2.784938e-04 -1.680002e-01 7.750000e-01 5.000000e-01 0.000000e+00
1.850614e-03 2.518375e-04 -1.680002e-01 8.250000e-01 5.000000e-01 0.000000e+00
1.843453e-03 2.508633e-04 -1.680002e-01 8.750000e-01 5.000000e-01 0.000000e+00
2.523317e-03 2.933307e-04 -1.680002e-01 9.250000e-01 5.000000e-01 0.000000e+00
2.968302e-03 3.164236e-04 -1.680002e-01 9.750000e-01 5.000000e-01 0.000000e+00
2.361027e-03 2.821978e-04 -1.680002e-01 1.025000e+00 5.000000e-01 0.000000e+00
1.931001e-03 2.535540e-04 -1.680002e-01 1.075000e+00 5.000000e-01 0.000000e+00
2.426174e-03 2.820382e-04 -1.680002e-01 1.125000e+00 5.000000e-01 0.000000e+00
3.241128e-03 3.241145e-04 -1.680002e-01 1.175000e+00 5.000000e-01 0.000000e+00
2.567694e-03 2.870786e-04 -1.680002e-01 1.225000e+00 5.000000e-01 0.000000e+00
2.895541e-03 3.052190e-04 -1.680002e-01 1.275000e+00 5.000000e-01 0.000000e+00
2.787956e-03 2.971990e-04 -1.680002e-01 1.325000e+00 5.000000e-01 0.000000e+00
1.913109e-03 2.429669e-04 -1.680002e-01 1.375000e+00 5.000000e-01 0.000000e+00
1.333699e-03 2.010641e-04 -1.680002e-01 1.425000e+00 5.000000e-01 0.000000e+00
2.035264e-03 2.468140e-04 -1.680002e-01 1.475000e+00 5.000000e-01 0.000000e+00
2.873322e-03 2.932597e-04 -1.680002e-01 1.525000e+00 5.000000e-01 0.000000e+00
1.839474e-03 2.336147e-04 -1.680002e-01 1.575000e+00 5.000000e-01 0.000000e+00
1.348645e-03 1.988489e-04 -1.680002e-01 1.625000e+00 5.000000e-01 0.000000e+00
2.156281e-03 2.506657e-04 -1.680002e-01 1.675000e+00 5.000000e-01 0.000000e+00
1.260185e-03 1.899821e-04 -1.680002e-01 1.725000e+00 5.000000e-01 0.000000e+00
1.302707e-03 1.920758e-04 -1.680002e-01 1.775000e+00 5.000000e-01 0.000000e+00
1.114041e-03 1.761471e-04 -1.680002e-01 1.825000e+00 5.000000e-01 0.000000e+00
1.215582e-03 1.832582e-04 -1.680002e-01 1.875000e+00 5.000000e-01 0.000000e+00
9.183388e-04 1.574957e-04 -1.680002e-01 1.925000e+00 5.000000e-01 0.000000e+00
1.167834e-03 1.760602e-04 -1.680002e-01 1.975000e+00 5.000000e-01 0.000000e+00
1.100862e-03 1.698691e-04 -1.680002e-01 2.025000e+00 5.000000e-01 0.000000e+00
7.168677e-04 1.354773e-04 -1.680002e-01 2.075000e+00 5.000000e-01 0.000000e+00
7.034630e-04 1.329454e-04 -1.680002e-01 2.125000e+00 5.000000e-01 0.000000e+00
7.895207e-04 1.395715e-04 -1.680002e-01 2.175000e+00 5.000000e-01 0.000000e+00
7.194993e-04 1.313658e-04 -1.680002e-01 2.225000e+00 5.000000e-01 0.000000e+00
5.206232e-04 1.110011e-04 -1.680002e-01 2.275000e+00 5.000000e-01 0.000000e+00
6.915166e-04 1.262575e-04 -1.680002e-01 2.325000e+00 5.000000e-01 0.000000e+00
4.439341e-04 9.926855e-05 -1.680002e-01 2.375000e+00 5.000000e-01 0.000000e+00
5.972348e-04 1.128704e-04 -1.680002e-01 2.425000e+00 5.000000e-01 0.000000e+00
6.028821e-04 1.100742e-04 -1.680002e-01 2.475000e+00 5.000000e-01 0.000000e+00
3.380427e-04 7.968029e-05 -1.680002e-01 2.525000e+00 5.000000e-01 0.000000e+00
5.312404e-04 9.699452e-05 -1.680002e-01 2.575000e+00 5.000000e-01 0.000000e+00
6.486176e-04 1.052262e-04 -1.680002e-01 2.625000e+00 5.000000e-01 0.000000e+00
6.027429e-04 1.004615e-04 -1.680002e-01 2.675000e+00 5.000000e-01 0.000000e+00
8.690175e-04 1.205199e-04 -1.680002e-01 2.725000e+00 5.000000e-01 0.000000e+00
4.716489e-04 8.914245e-05 -1.680002e-01 2.775000e+00 5.000000e-01 0.000000e+00
8.632391e-04 1.174861e-04 -1.680002e-01 2.825000e+00 5.000000e-01 0.000000e+00
7.464108e-04 1.055707e-04 -1.680002e-01 2.875000e+00 5.000000e-01 0.000000e+00
4.407278e-01 4.067591e-03 -1.580002e-01 2.500000e-02 5.000000e-01 0.000000e+00
7.016084e-02 1.632091e-03 -1.580002e-01 7.500000e-02 5.000000e-01 0.000000e+00
2.061564e-03 2.754889e-04 -1.580002e-01 1.250000e-01 5.000000e-01 0.000000e+00
1.890184e-03 2.621219e-04 -1.580002e-01 1.750000e-01 5.000000e-01 0.000000e+00
1.463141e-03 2.257681e-04 -1.580002e-01 2.250000e-01 5.000000e-01 0.000000e+00
1.478503e-03 2.228934e-04 -1.580002e-01 2.750000e-01 5.000000e-01 0.000000e+00
1.530087e-03 2.255994e-04 -1.580002e-01 3.250000e-01 5.000000e-01 0.000000e+00
1.111493e-03 1.906198e-04 -1.580002e-01 3.750000e-01 5.000000e-01 0.000000e+00
9.743982e-04 1.779004e-04 -1.580002e-01 4.250000e-01 5.000000e-01 0.000000e+00
1.149315e-03 1.915532e-04 -1.580002e-01 4.750000e-01 5.000000e-01 0.000000e+00
1.153496e-03 1.922498e-04 -1.580002e-01 5.250000e-01 5.000000e-01 0.000000e+00
1.612447e-03 2.280350e-04 -1.580002e-01 5.750000e-01 5.000000e-01 0.000000e+00
1.183987e-03 1.973316e-04 -1.580002e-01 6.250000e-01 5.000000e-01 0.000000e+00
1.509107e-03 2.275073e-04 -1.580002e-01 6.750000e-01 5.000000e-01 0.000000e+00
2.477541e-03 2.961240e-04 -1.580002e-01 7.250000e-01 5.000000e-01 0.000000e+00
1.873566e-03 2.549608e-04 -1.580002e-01 7.750000e-01 5.000000e-01 0.000000e+00
1.865271e-03 2.538320e-04 -1.580002e-01 8.250000e-01 5.000000e-01 0.000000e+00
2.238764e-03 2.755737e-04 -1.580002e-01 8.750000e-01 5.000000e-01 0.000000e+00
3.252583e-03 3.319669e-04 -1.580002e-01 9.250000e-01 5.000000e-01 0.000000e+00
2.657025e-03 3.008501e-04 -1.580002e-01 9.750000e-01 5.000000e-01 0.000000e+00
2.858876e-03 3.082819e-04 -1.580002e-01 1.025000e+00 5.000000e-01 0.000000e+00
2.009766e-03 2.594606e-04 -1.580002e-01 1.075000e+00 5.000000e-01 0.000000e+00
3.093947e-03 3.191185e-04 -1.580002e-01 1.125000e+00 5.000000e-01 0.000000e+00
3.006251e-03 3.100726e-04 -1.580002e-01 1.175000e+00 5.000000e-01 0.000000e+00
2.921857e-03 3.079927e-04 -1.580002e-01 1.225000e+00 5.000000e-01 0.000000e+00
2.502027e-03 2.833000e-04 -1.580002e-01 1.275000e+00 5.000000e-01 0.000000e+00
1.768068e-03 2.362695e-04 -1.580002e-01 1.325000e+00 5.000000e-01 0.000000e+00
1.983405e-03 2.479279e-04 -1.580002e-01 1.375000e+00 5.000000e-01 0.000000e+00
1.594648e-03 2.211397e-04 -1.580002e-01 1.425000e+00 5.000000e-01 0.000000e+00
1.634328e-03 2.224055e-04 -1.580002e-01 1.475000e+00 5.000000e-01 0.000000e+00
1.180342e-03 1.866295e-04 -1.580002e-01 1.525000e+00 5.000000e-01 0.000000e+00
1.811707e-03 2.300894e-04 -1.580002e-01 1.575000e+00 5.000000e-01 0.000000e+00
1.644320e-03 2.197337e-04 -1.580002e-01 1.625000e+00 5.000000e-01 0.000000e+00
1.380083e-03 1.992003e-04 -1.580002e-01 1.675000e+00 5.000000e-01 0.000000e+00
1.945056e-03 2.358748e-04 -1.580002e-01 1.725000e+00 5.000000e-01 0.000000e+00
9.612261e-04 1.648504e-04 -1.580002e-01 1.775000e+00 5.000000e-01 0.000000e+00
1.107909e-03 1.751776e-04 -1.580002e-01 1.825000e+00 5.000000e-01 0.000000e+00
1.099265e-03 1.738102e-04 -1.580002e-01 1.875000e+00 5.000000e-01 0.000000e+00
1.016666e-03 1.649261e-04 -1.580002e-01 1.925000e+00 5.000000e-01 0.000000e+00
8.995018e-04 1.542649e-04 -1.580002e-01 1.975000e+00 5.000000e-01 0.000000e+00
8.849887e-04 1.517754e-04 -1.580002e-01 2.025000e+00 5.000000e-01 0.000000e+00
7.685301e-04 1.403158e-04 -1.580002e-01 2.075000e+00 5.000000e-01 0.000000e+00
3.479130e-04 9.298501e-05 -1.580002e-01 2.125000e+00 5.000000e-01 0.000000e+00
4.920363e-04 1.100246e-04 -1.580002e-01 2.175000e+00 5.000000e-01 0.000000e+00
6.221040e-04 1.220063e-04 -1.580002e-01 2.225000e+00 5.000000e-01 0.000000e+00
7.994528e-04 1.371080e-04 -1.580002e-01 2.275000e+00 5.000000e-01 0.000000e+00
6.403993e-04 1.210267e-04 -1.580002e-01 2.325000e+00 5.000000e-01 0.000000e+00
6.559450e-04 1.197633e-04 -1.580002e-01 2.375000e+00 5.000000e-01 0.000000e+00
4.984374e-04 1.017453e-04 -1.580002e-01 2.425000e+00 5.000000e-01 0.000000e+00
4.654565e-04 9.501484e-05 -1.580002e-01 2.475000e+00 5.000000e-01 0.000000e+00
5.843656e-04 1.033073e-04 -1.580002e-01 2.525000e+00 5.000000e-01 0.000000e+00
3.180496e-04 7.496845e-05 -1.580002e-01 2.575000e+00 5.000000e-01 0.000000e+00
5.154230e-04 9.410754e-05 -1.580002e-01 2.625000e+00 5.000000e-01 0.000000e+00
3.764809e-04 8.027100e-05 -1.580002e-01 2.675000e+00 5.000000e-01 0.000000e+00
5.543844e-04 9.800570e-05 -1.580002e-01 2.725000e+00 5.000000e-01 0.000000e+00
6.382174e-04 1.035418e-04 -1.580002e-01 2.775000e+00 5.000000e-01 0.000000e+00
7.953790e-04 1.124980e-04 -1.580002e-01 2.825000e+00 5.000000e-01 0.000000e+00
9.865290e-04 1.214463e-04 -1.580002e-01 2.875000e+00 5.000000e-01 0.000000e+00
4.390655e-01 4.091826e-03 -1.480002e-01 2.500000e-02 5.000000e-01 0.000000e+00
6.914471e-02 1.604119e-03 -1.480002e-01 7.500000e-02 5.000000e-01 0.000000e+00
3.090999e-03 3.413446e-04 -1.480002e-01 1.250000e-01 5.000000e-01 0.000000e+00
2.534714e-03 3.073797e-04 -1.480002e-01 1.750000e-01 5.000000e-01 0.000000e+00
1.612699e-03 2.431241e-04 -1.480002e-01 2.250000e-01 5.000000e-01 0.000000e+00
1.350893e-03 2.191441e-04 -1.480002e-01 2.750000e-01 5.000000e-01 0.000000e+00
1.831978e-03 2.493014e-04 -1.480002e-01 3.250000e-01 5.000000e-01 0.000000e+00
2.107064e-03 2.633838e-04 -1.480002e-01 3.750000e-01 5.000000e-01 0.000000e+00
1.224456e-03 1.986337e-04 -1.480002e-01 4.250000e-01 5.000000e-01 0.000000e+00
1.084808e-03 1.860435e-04 -1.480002e-01 4.750000e-01 5.000000e-01 0.000000e+00
1.082202e-03 1.855967e-04 -1.480002e-01 5.250000e-01 5.000000e-01 0.000000e+00
1.266176e-03 2.002006e-04 -1.480002e-01 5.750000e-01 5.000000e-01 0.000000e+00
8.882006e-04 1.678547e-04 -1.480002e-01 6.250000e-01 5.000000e-01 0.000000e+00
1.853170e-03 2.433341e-04 -1.480002e-01 6.750000e-01 5.000000e-01 0.000000e+00
1.494799e-03 2.203970e-04 -1.480002e-01 7.250000e-01 5.000000e-01 0.000000e+00
1.725359e-03 2.440037e-04 -1.480002e-01 7.750000e-01 5.000000e-01 0.000000e+00
1.915763e-03 2.560057e-04 -1.480002e-01 8.250000e-01 5.000000e-01 0.000000e+00
2.626256e-03 2.973664e-04 -1.480002e-01 8.750000e-01 5.000000e-01 0.000000e+00
3.063119e-03 3.228824e-04 -1.480002e-01 9.250000e-01 5.000000e-01 0.000000e+00
2.485675e-03 2.889551e-04 -1.480002e-01 9.750000e-01 5.000000e-01 0.000000e+00
2.075876e-03 2.636377e-04 -1.480002e-01 1.025000e+00 5.000000e-01 0.000000e+00
2.378855e-03 2.803522e-04 -1.480002e-01 1.075000e+00 5.000000e-01 0.000000e+00
2.343964e-03 2.762402e-04 -1.480002e-01 1.125000e+00 5.000000e-01 0.000000e+00
2.311649e-03 2.724322e-04 -1.480002e-01 1.175000e+00 5.000000e-01 0.000000e+00
1.987878e-03 2.524619e-04 -1.480002e-01 1.225000e+00 5.000000e-01 0.000000e+00
2.035311e-03 2.544156e-04 -1.480002e-01 1.275000e+00 5.000000e-01 0.000000e+00
2.697336e-03 2.908631e-04 -1.480002e-01 1.325000e+00 5.000000e-01 0.000000e+00
2.052364e-03 2.526303e-04 -1.480002e-01 1.375000e+00 5.000000e-01 0.000000e+00
1.883469e-03 2.392023e-04 -1.480002e-01 1.425000e+00 5.000000e-01 0.000000e+00
1.446418e-03 2.087734e-04 -1.480002e-01 1.475000e+00 5.000000e-01 0.000000e+00
2.582134e-03 2.784413e-04 -1.480002e-01 1.525000e+00 5.000000e-01 0.000000e+00
1.455547e-03 2.058470e-04 -1.480002e-01 1.575000e+00 5.000000e-01 0.000000e+00
1.654061e-03 2.171909e-04 -1.480002e-01 1.625000e+00 5.000000e-01 0.000000e+00
1.378777e-03 1.990111e-04 -1.480002e-01 1.675000e+00 5.000000e-01 0.000000e+00
9.139837e-04 1.615722e-04 -1.480002e-01 1.725000e+00 5.000000e-01 0.000000e+00
1.695753e-03 2.189227e-04 -1.480002e-01 1.775000e+00 5.000000e-01 0.000000e+00
1.272945e-03 1.876868e-04 -1.480002e-01 1.825000e+00 5.000000e-01 0.000000e+00
1.147464e-03 1.770594e-04 -1.480002e-01 1.875000e+00 5.000000e-01 0.000000e+00
9.046120e-04 1.551420e-04 -1.480002e-01 1.925000e+00 5.000000e-01 0.000000e+00
1.001803e-03 1.625167e-04 -1.480002e-01 1.975000e+00 5.000000e-01 0.000000e+00
5.158492e-04 1.153496e-04 -1.480002e-01 2.025000e+00 5.000000e-01 0.000000e+00
1.073489e-03 1.656461e-04 -1.480002e-01 2.075000e+00 5.000000e-01 0.000000e+00
5.488015e-04 1.170063e-04 -1.480002e-01 2.125000e+00 5.000000e-01 0.000000e+00
8.326493e-04 1.428004e-04 -1.480002e-01 2.175000e+00 5.000000e-01 0.000000e+00
9.109685e-04 1.477816e-04 -1.480002e-01 2.225000e+00 5.000000e-01 0.000000e+00
5.577612e-04 1.138565e-04 -1.480002e-01 2.275000e+00 5.000000e-01 0.000000e+00
3.122813e-04 8.346277e-05 -1.480002e-01 2.325000e+00 5.000000e-01 0.000000e+00
4.674275e-04 9.965819e-05 -1.480002e-01 2.375000e+00 5.000000e-01 0.000000e+00
7.145757e-04 1.190990e-04 -1.480002e-01 2.425000e+00 5.000000e-01 0.000000e+00
5.603894e-04 1.023162e-04 -1.480002e-01 2.475000e+00 5.000000e-01 0.000000e+00
5.080426e-04 9.601488e-05 -1.480002e-01 2.525000e+00 5.000000e-01 0.000000e+00
6.712537e-04 1.088964e-04 -1.480002e-01 2.575000e+00 5.000000e-01 0.000000e+00
5.640142e-04 9.971103e-05 -1.480002e-01 2.625000e+00 5.000000e-01 0.000000e+00
3.591159e-04 8.030475e-05 -1.480002e-01 2.675000e+00 5.000000e-01 0.000000e+00
5.972953e-04 1.024429e-04 -1.480002e-01 2.725000e+00 5.000000e-01 0.000000e+00
5.990140e-04 9.984412e-05 -1.480002e-01 2.775000e+00 5.000000e-01 0.000000e+00
8.835269e-04 1.180787e-04 -1.480002e-01 2.825000e+00 5.000000e-01 0.000000e+00
9.128736e-04 1.159502e-04 -1.480002e-01 2.875000e+00 5.000000e-01 0.000000e+00
4.206235e-01 3.961461e-03 -1.380002e-01 2.500000e-02 5.000000e-01 0.000000e+00
7.068930e-02 1.633809e-03 -1.380002e-01 7.500000e-02 5.000000e-01 0.000000e+00
2.975109e-03 3.326282e-04 -1.380002e-01 1.250000e-01 5.000000e-01 0.000000e+00
1.421423e-03 2.305858e-04 -1.380002e-01 1.750000e-01 5.000000e-01 0.000000e+00
1.644205e-03 2.478739e-04 -1.380002e-01 2.250000e-01 5.000000e-01 0.000000e+00
1.396120e-03 2.264811e-04 -1.380002e-01 2.750000e-01 5.000000e-01 0.000000e+00
1.084992e-03 1.980920e-04 -1.380002e-01 3.250000e-01 5.000000e-01 0.000000e+00
1.458310e-03 2.250226e-04 -1.380002e-01 3.750000e-01 5.000000e-01 0.000000e+00
1.459267e-03 2.199933e-04 -1.380002e-01 4.250000e-01 5.000000e-01 0.000000e+00
1.353137e-03 2.087940e-04 -1.380002e-01 4.750000e-01 5.000000e-01 0.000000e+00
9.433617e-04 1.722340e-04 -1.380002e-01 5.250000e-01 5.000000e-01 0.000000e+00
1.451567e-03 2.140223e-04 -1.380002e-01 5.750000e-01 5.000000e-01 0.000000e+00
9.467488e-04 1.728525e-04 -1.380002e-01 6.250000e-01 5.000000e-01 0.000000e+00
2.057886e-03 2.533092e-04 -1.380002e-01 6.750000e-01 5.000000e-01 0.000000e+00
1.566670e-03 2.215612e-04 -1.380002e-01 7.250000e-01 5.000000e-01 0.000000e+00
1.871742e-03 2.416414e-04 -1.380002e-01 7.750000e-01 5.000000e-01 0.000000e+00
2.090435e-03 2.613053e-04 -1.380002e-01 8.250000e-01 5.000000e-01 0.000000e+00
2.492627e-03 2.897630e-04 -1.380002e-01 8.750000e-01 5.000000e-01 0.000000e+00
1.867435e-03 2.495475e-04 -1.380002e-01 9.250000e-01 5.000000e-01 0.000000e+00
2.034360e-03 2.626358e-04 -1.380002e-01 9.750000e-01 5.000000e-01 0.000000e+00
2.676133e-03 2.992022e-04 -1.380002e-01 1.025000e+00 5.000000e-01 0.000000e+00
2.410307e-03 2.801938e-04 -1.380002e-01 1.075000e+00 5.000000e-01 0.000000e+00
2.736002e-03 2.985238e-04 -1.380002e-01 1.125000e+00 5.000000e-01 0.000000e+00
2.251683e-03 2.691287e-04 -1.380002e-01 1.175000e+00 5.000000e-01 0.000000e+00
2.783590e-03 2.967335e-04 -1.380002e-01 1.225000e+00 5.000000e-01 0.000000e+00
2.930369e-03 3.055138e-04 -1.380002e-01 1.275000e+00 5.000000e-01 0.000000e+00
2.265564e-03 2.670006e-04 -1.380002e-01 1.325000e+00 5.000000e-01 0.000000e+00
2.077043e-03 2.518802e-04 -1.380002e-01 1.375000e+00 5.000000e-01 0.000000e+00
2.380279e-03 2.695153e-04 -1.380002e-01 1.425000e+00 5.000000e-01 0.000000e+00
2.182737e-03 2.572398e-04 -1.380002e-01 1.475000e+00 5.000000e-01 0.000000e+00
1.553170e-03 2.153870e-04 -1.380002e-01 1.525000e+00 5.000000e-01 0.000000e+00
1.532086e-03 2.124643e-04 -1.380002e-01 1.575000e+00 5.000000e-01 0.000000e+00
1.213102e-03 1.871875e-04 -1.380002e-01 1.625000e+00 5.000000e-01 0.000000e+00
2.487288e-03 2.651484e-04 -1.380002e-01 1.675000e+00 5.000000e-01 0.000000e+00
1.928722e-03 2.338944e-04 -1.380002e-01 1.725000e+00 5.000000e-01 0.000000e+00
1.388415e-03 1.963532e-04 -1.380002e-01 1.775000e+00 5.000000e-01 0.000000e+00
1.538398e-03 2.055797e-04 -1.380002e-01 1.825000e+00 5.000000e-01 0.000000e+00
1.143784e-03 1.764916e-04 -1.380002e-01 1.875000e+00 5.000000e-01 0.000000e+00
1.173872e-03 1.769701e-04 -1.380002e-01 1.925000e+00 5.000000e-01 0.000000e+00
1.215384e-03 1.792015e-04 -1.380002e-01 1.975000e+00 5.000000e-01 0.000000e+00
8.790134e-04 1.507520e-04 -1.380002e-01 2.025000e+00 5.000000e-01 0.000000e+00
1.368201e-03 1.861913e-04 -1.380002e-01 2.075000e+00 5.000000e-01 0.000000e+00
5.464108e-04 1.164978e-04 -1.380002e-01 2.125000e+00 5.000000e-01 0.000000e+00
8.735841e-04 1.455997e-04 -1.380002e-01 2.175000e+00 5.000000e-01 0.000000e+00
6.652385e-04 1.257201e-04 -1.380002e-01 2.225000e+00 5.000000e-01 0.000000e+00
5.479705e-04 1.118566e-04 -1.380002e-01 2.275000e+00 5.000000e-01 0.000000e+00
4.315074e-04 9.649049e-05 -1.380002e-01 2.325000e+00 5.000000e-01 0.000000e+00
4.888231e-04 9.978338e-05 -1.380002e-01 2.375000e+00 5.000000e-01 0.000000e+00
4.619144e-04 9.429159e-05 -1.380002e-01 2.425000e+00 5.000000e-01 0.000000e+00
4.459195e-04 9.102446e-05 -1.380002e-01 2.475000e+00 5.000000e-01 0.000000e+00
2.909049e-04 7.272779e-05 -1.380002e-01 2.525000e+00 5.000000e-01 0.000000e+00
3.966882e-04 8.457878e-05 -1.380002e-01 2.575000e+00 5.000000e-01 0.000000e+00
7.049313e-04 1.143600e-04 -1.380002e-01 2.625000e+00 5.000000e-01 0.000000e+00
3.282492e-04 7.737058e-05 -1.380002e-01 2.675000e+00 5.000000e-01 0.000000e+00
6.587943e-04 1.068768e-04 -1.380002e-01 2.725000e+00 5.000000e-01 0.000000e+00
7.290227e-04 1.099116e-04 -1.380002e-01 2.775000e+00 5.000000e-01 0.000000e+00
9.723480e-04 1.234998e-04 -1.380002e-01 2.825000e+00 5.000000e-01 0.000000e+00
6.893977e-04 9.951893e-05 -1.380002e-01 2.875000e+00 5.000000e-01 0.000000e+00
4.273967e-01 4.008928e-03 -1.280002e-01 2.500000e-02 5.000000e-01 0.000000e+00
6.860744e-02 1.595092e-03 -1.280002e-01 7.500000e-02 5.000000e-01 0.000000e+00
2.466297e-03 3.035809e-04 -1.280002e-01 1.250000e-01 5.000000e-01 0.000000e+00
1.637005e-03 2.467882e-04 -1.280002e-01 1.750000e-01 5.000000e-01 0.000000e+00
1.475141e-03 2.332410e-04 -1.280002e-01 2.250000e-01 5.000000e-01 0.000000e+00
1.410539e-03 2.288205e-04 -1.280002e-01 2.750000e-01 5.000000e-01 0.000000e+00
1.243065e-03 2.131846e-04 -1.280002e-01 3.250000e-01 5.000000e-01 0.000000e+00
1.661905e-03 2.450352e-04 -1.280002e-01 3.750000e-01 5.000000e-01 0.000000e+00
1.263918e-03 2.106538e-04 -1.280002e-01 4.250000e-01 5.000000e-01 0.000000e+00
1.282309e-03 2.080185e-04 -1.280002e-01 4.750000e-01 5.000000e-01 0.000000e+00
1.296722e-03 2.050303e-04 -1.280002e-01 5.250000e-01 5.000000e-01 0.000000e+00
1.132907e-03 1.888184e-04 -1.280002e-01 5.750000e-01 5.000000e-01 0.000000e+00
1.566846e-03 2.215864e-04 -1.280002e-01 6.250000e-01 5.000000e-01 0.000000e+00
1.833627e-03 2.407677e-04 -1.280002e-01 6.750000e-01 5.000000e-01 0.000000e+00
1.774469e-03 2.330000e-04 -1.280002e-01 7.250000e-01 5.000000e-01 0.000000e+00
1.837050e-03 2.371631e-04 -1.280002e-01 7.750000e-01 5.000000e-01 0.000000e+00
1.833870e-03 2.367523e-04 -1.280002e-01 8.250000e-01 5.000000e-01 0.000000e+00
2.230846e-03 2.629088e-04 -1.280002e-01 8.750000e-01 5.000000e-01 0.000000e+00
2.354504e-03 2.774822e-04 -1.280002e-01 9.250000e-01 5.000000e-01 0.000000e+00
2.805398e-03 3.060955e-04 -1.280002e-01 9.750000e-01 5.000000e-01 0.000000e+00
2.469657e-03 2.870934e-04 -1.280002e-01 1.025000e+00 5.000000e-01 0.000000e+00
2.229828e-03 2.704079e-04 -1.280002e-01 1.075000e+00 5.000000e-01 0.000000e+00
3.242593e-03 3.242610e-04 -1.280002e-01 1.125000e+00 5.000000e-01 0.000000e+00
2.481677e-03 2.809962e-04 -1.280002e-01 1.175000e+00 5.000000e-01 0.000000e+00
2.227904e-03 2.662870e-04 -1.280002e-01 1.225000e+00 5.000000e-01 0.000000e+00
1.784235e-03 2.384299e-04 -1.280002e-01 1.275000e+00 5.000000e-01 0.000000e+00
2.226702e-03 2.624209e-04 -1.280002e-01 1.325000e+00 5.000000e-01 0.000000e+00
2.967201e-03 3.028407e-04 -1.280002e-01 1.375000e+00 5.000000e-01 0.000000e+00
2.137112e-03 2.554356e-04 -1.280002e-01 1.425000e+00 5.000000e-01 0.000000e+00
1.863990e-03 2.367285e-04 -1.280002e-01 1.475000e+00 5.000000e-01 0.000000e+00
1.794595e-03 2.316831e-04 -1.280002e-01 1.525000e+00 5.000000e-01 0.000000e+00
1.825878e-03 2.318893e-04 -1.280002e-01 1.575000e+00 5.000000e-01 0.000000e+00
1.222728e-03 1.886728e-04 -1.280002e-01 1.625000e+00 5.000000e-01 0.000000e+00
2.056513e-03 2.423638e-04 -1.280002e-01 1.675000e+00 5.000000e-01 0.000000e+00
1.610607e-03 2.114855e-04 -1.280002e-01 1.725000e+00 5.000000e-01 0.000000e+00
1.475153e-03 2.007454e-04 -1.280002e-01 1.775000e+00 5.000000e-01 0.000000e+00
9.881517e-04 1.646938e-04 -1.280002e-01 1.825000e+00 5.000000e-01 0.000000e+00
1.468475e-03 1.998367e-04 -1.280002e-01 1.875000e+00 5.000000e-01 0.000000e+00
7.504016e-04 1.418148e-04 -1.280002e-01 1.925000e+00 5.000000e-01 0.000000e+00
6.796468e-04 1.332910e-04 -1.280002e-01 1.975000e+00 5.000000e-01 0.000000e+00
9.327558e-04 1.554613e-04 -1.280002e-01 2.025000e+00 5.000000e-01 0.000000e+00
1.007640e-03 1.593245e-04 -1.280002e-01 2.075000e+00 5.000000e-01 0.000000e+00
7.005403e-04 1.323915e-04 -1.280002e-01 2.125000e+00 5.000000e-01 0.000000e+00
7.254728e-04 1.324549e-04 -1.280002e-01 2.175000e+00 5.000000e-01 0.000000e+00
8.847890e-04 1.435347e-04 -1.280002e-01 2.225000e+00 5.000000e-01 0.000000e+00
4.442772e-04 9.934499e-05 -1.280002e-01 2.275000e+00 5.000000e-01 0.000000e+00
4.544623e-04 9.689301e-05 -1.280002e-01 2.325000e+00 5.000000e-01 0.000000e+00
3.932354e-04 8.793250e-05 -1.280002e-01 2.375000e+00 5.000000e-01 0.000000e+00
3.070940e-04 7.677497e-05 -1.280002e-01 2.425000e+00 5.000000e-01 0.000000e+00
5.969613e-04 1.055330e-04 -1.280002e-01 2.475000e+00 5.000000e-01 0.000000e+00
6.681857e-04 1.113683e-04 -1.280002e-01 2.525000e+00 5.000000e-01 0.000000e+00
3.781377e-04 8.455902e-05 -1.280002e-01 2.575000e+00 5.000000e-01 0.000000e+00
4.164955e-04 8.879850e-05 -1.280002e-01 2.625000e+00 5.000000e-01 0.000000e+00
8.300335e-04 1.223886e-04 -1.280002e-01 2.675000e+00 5.000000e-01 0.000000e+00
5.937415e-04 1.018324e-04 -1.280002e-01 2.725000e+00 5.000000e-01 0.000000e+00
6.273638e-04 1.017808e-04 -1.280002e-01 2.775000e+00 5.000000e-01 0.000000e+00
5.610021e-04 9.350756e-05 -1.280002e-01 2.825000e+00 5.000000e-01 0.000000e+00
9.249166e-04 1.138634e-04 -1.280002e-01 2.875000e+00 5.000000e-01 0.000000e+00
4.183128e-01 3.861704e-03 -1.180002e-01 2.500000e-02 5.000000e-01 0.000000e+00
6.690421e-02 1.571719e-03 -1.180002e-01 7.500000e-02 5.000000e-01 0.000000e+00
2.746772e-03 3.193066e-04 -1.180002e-01 1.250000e-01 5.000000e-01 0.000000e+00
1.699611e-03 2.505945e-04 -1.180002e-01 1.750000e-01 5.000000e-01 0.000000e+00
1.341769e-03 2.236289e-04 -1.180002e-01 2.250000e-01 5.000000e-01 0.000000e+00
1.459612e-03 2.307856e-04 -1.180002e-01 2.750000e-01 5.000000e-01 0.000000e+00
1.175568e-03 2.078136e-04 -1.180002e-01 3.250000e-01 5.000000e-01 0.000000e+00
1.665340e-03 2.455419e-04 -1.180002e-01 3.750000e-01 5.000000e-01 0.000000e+00
1.004001e-03 1.897388e-04 -1.180002e-01 4.250000e-01 5.000000e-01 0.000000e+00
1.063553e-03 1.941777e-04 -1.180002e-01 4.750000e-01 5.000000e-01 0.000000e+00
1.233731e-03 2.056224e-04 -1.180002e-01 5.250000e-01 5.000000e-01 0.000000e+00
1.397774e-03 2.156819e-04 -1.180002e-01 5.750000e-01 5.000000e-01 0.000000e+00
1.091011e-03 1.871075e-04 -1.180002e-01 6.250000e-01 5.000000e-01 0.000000e+00
1.536674e-03 2.173192e-04 -1.180002e-01 6.750000e-01 5.000000e-01 0.000000e+00
1.181625e-03 1.916857e-04 -1.180002e-01 7.250000e-01 5.000000e-01 0.000000e+00
2.010446e-03 2.474700e-04 -1.180002e-01 7.750000e-01 5.000000e-01 0.000000e+00
1.993085e-03 2.453328e-04 -1.180002e-01 8.250000e-01 5.000000e-01 0.000000e+00
2.969327e-03 2.999486e-04 -1.180002e-01 8.750000e-01 5.000000e-01 0.000000e+00
2.219770e-03 2.580444e-04 -1.180002e-01 9.250000e-01 5.000000e-01 0.000000e+00
2.186855e-03 2.613801e-04 -1.180002e-01 9.750000e-01 5.000000e-01 0.000000e+00
2.946870e-03 3.106290e-04 -1.180002e-01 1.025000e+00 5.000000e-01 0.000000e+00
2.676098e-03 2.955272e-04 -1.180002e-01 1.075000e+00 5.000000e-01 0.000000e+00
2.820044e-03 3.006195e-04 -1.180002e-01 1.125000e+00 5.000000e-01 0.000000e+00
2.640507e-03 2.915972e-04 -1.180002e-01 1.175000e+00 5.000000e-01 0.000000e+00
2.459631e-03 2.785003e-04 -1.180002e-01 1.225000e+00 5.000000e-01 0.000000e+00
1.997010e-03 2.496276e-04 -1.180002e-01 1.275000e+00 5.000000e-01 0.000000e+00
2.205465e-03 2.636048e-04 -1.180002e-01 1.325000e+00 5.000000e-01 0.000000e+00
2.438809e-03 2.726689e-04 -1.180002e-01 1.375000e+00 5.000000e-01 0.000000e+00
2.059579e-03 2.497628e-04 -1.180002e-01 1.425000e+00 5.000000e-01 0.000000e+00
1.864231e-03 2.367593e-04 -1.180002e-01 1.475000e+00 5.000000e-01 0.000000e+00
1.626706e-03 2.213684e-04 -1.180002e-01 1.525000e+00 5.000000e-01 0.000000e+00
1.057704e-03 1.762853e-04 -1.180002e-01 1.575000e+00 5.000000e-01 0.000000e+00
1.433490e-03 2.027277e-04 -1.180002e-01 1.625000e+00 5.000000e-01 0.000000e+00
1.260514e-03 1.900311e-04 -1.180002e-01 1.675000e+00 5.000000e-01 0.000000e+00
1.360226e-03 1.963332e-04 -1.180002e-01 1.725000e+00 5.000000e-01 0.000000e+00
1.319627e-03 1.904744e-04 -1.180002e-01 1.775000e+00 5.000000e-01 0.000000e+00
1.891772e-03 2.261119e-04 -1.180002e-01 1.825000e+00 5.000000e-01 0.000000e+00
1.391706e-03 1.929976e-04 -1.180002e-01 1.875000e+00 5.000000e-01 0.000000e+00
1.115558e-03 1.721361e-04 -1.180002e-01 1.925000e+00 5.000000e-01 0.000000e+00
1.138841e-03 1.716895e-04 -1.180002e-01 1.975000e+00 5.000000e-01 0.000000e+00
7.691727e-04 1.404333e-04 -1.180002e-01 2.025000e+00 5.000000e-01 0.000000e+00
9.482495e-04 1.538284e-04 -1.180002e-01 2.075000e+00 5.000000e-01 0.000000e+00
8.855241e-04 1.475904e-04 -1.180002e-01 2.125000e+00 5.000000e-01 0.000000e+00
2.358431e-04 7.458079e-05 -1.180002e-01 2.175000e+00 5.000000e-01 0.000000e+00
6.317804e-04 1.193984e-04 -1.180002e-01 2.225000e+00 5.000000e-01 0.000000e+00
8.488704e-04 1.342213e-04 -1.180002e-01 2.275000e+00 5.000000e-01 0.000000e+00
5.601538e-04 1.058610e-04 -1.180002e-01 2.325000e+00 5.000000e-01 0.000000e+00
2.722028e-04 7.274973e-05 -1.180002e-01 2.375000e+00 5.000000e-01 0.000000e+00
5.688910e-04 1.038664e-04 -1.180002e-01 2.425000e+00 5.000000e-01 0.000000e+00
6.111193e-04 1.080355e-04 -1.180002e-01 2.475000e+00 5.000000e-01 0.000000e+00
4.305662e-04 9.179993e-05 -1.180002e-01 2.525000e+00 5.000000e-01 0.000000e+00
6.251692e-04 1.105195e-04 -1.180002e-01 2.575000e+00 5.000000e-01 0.000000e+00
3.760311e-04 8.408706e-05 -1.180002e-01 2.625000e+00 5.000000e-01 0.000000e+00
5.748238e-04 1.016228e-04 -1.180002e-01 2.675000e+00 5.000000e-01 0.000000e+00
6.198819e-04 1.033214e-04 -1.180002e-01 2.725000e+00 5.000000e-01 0.000000e+00
4.580422e-04 8.656683e-05 -1.180002e-01 2.775000e+00 5.000000e-01 0.000000e+00
5.796047e-04 9.403797e-05 -1.180002e-01 2.825000e+00 5.000000e-01 0.000000e+00
9.240851e-04 1.120781e-04 -1.180002e-01 2.875000e+00 5.000000e-01 0.000000e+00
4.250918e-01 3.890937e-03 -1.080002e-01 2.500000e-02 5.000000e-01 0.000000e+00
6.650425e-02 1.529745e-03 -1.080002e-01 7.500000e-02 5.000000e-01 0.000000e+00
3.284420e-03 3.462089e-04 -1.080002e-01 1.250000e-01 5.000000e-01 0.000000e+00
1.781162e-03 2.570893e-04 -1.080002e-01 1.750000e-01 5.000000e-01 0.000000e+00
1.972487e-03 2.684221e-04 -1.080002e-01 2.250000e-01 5.000000e-01 0.000000e+00
1.632193e-03 2.460628e-04 -1.080002e-01 2.750000e-01 5.000000e-01 0.000000e+00
2.089073e-03 2.743095e-04 -1.080002e-01 3.250000e-01 5.000000e-01 0.000000e+00
1.167050e-03 2.063076e-04 -1.080002e-01 3.750000e-01 5.000000e-01 0.000000e+00
1.284537e-03 2.140900e-04 -1.080002e-01 4.250000e-01 5.000000e-01 0.000000e+00
1.632452e-03 2.406927e-04 -1.080002e-01 4.750000e-01 5.000000e-01 0.000000e+00
1.063370e-03 1.941444e-04 -1.080002e-01 5.250000e-01 5.000000e-01 0.000000e+00
1.386758e-03 2.192663e-04 -1.080002e-01 5.750000e-01 5.000000e-01 0.000000e+00
2.142662e-03 2.678334e-04 -1.080002e-01 6.250000e-01 5.000000e-01 0.000000e+00
1.830924e-03 2.446683e-04 -1.080002e-01 6.750000e-01 5.000000e-01 0.000000e+00
1.735805e-03 2.319574e-04 -1.080002e-01 7.250000e-01 5.000000e-01 0.000000e+00
1.408806e-03 2.077177e-04 -1.080002e-01 7.750000e-01 5.000000e-01 0.000000e+00
2.605462e-03 2.809555e-04 -1.080002e-01 8.250000e-01 5.000000e-01 0.000000e+00
2.893867e-03 2.923263e-04 -1.080002e-01 8.750000e-01 5.000000e-01 0.000000e+00
2.941151e-03 2.971024e-04 -1.080002e-01 9.250000e-01 5.000000e-01 0.000000e+00
2.245349e-03 2.575604e-04 -1.080002e-01 9.750000e-01 5.000000e-01 0.000000e+00
2.569354e-03 2.770619e-04 -1.080002e-01 1.025000e+00 5.000000e-01 0.000000e+00
2.122276e-03 2.573654e-04 -1.080002e-01 1.075000e+00 5.000000e-01 0.000000e+00
2.882345e-03 3.038273e-04 -1.080002e-01 1.125000e+00 5.000000e-01 0.000000e+00
2.721103e-03 2.934258e-04 -1.080002e-01 1.175000e+00 5.000000e-01 0.000000e+00
2.731645e-03 2.945626e-04 -1.080002e-01 1.225000e+00 5.000000e-01 0.000000e+00
2.339972e-03 2.720179e-04 -1.080002e-01 1.275000e+00 5.000000e-01 0.000000e+00
1.600399e-03 2.219366e-04 -1.080002e-01 1.325000e+00 5.000000e-01 0.000000e+00
1.654596e-03 2.251632e-04 -1.080002e-01 1.375000e+00 5.000000e-01 0.000000e+00
2.377187e-03 2.691653e-04 -1.080002e-01 1.425000e+00 5.000000e-01 0.000000e+00
1.811447e-03 2.338584e-04 -1.080002e-01 1.475000e+00 5.000000e-01 0.000000e+00
1.418757e-03 2.047813e-04 -1.080002e-01 1.525000e+00 5.000000e-01 0.000000e+00
1.637249e-03 2.187877e-04 -1.080002e-01 1.575000e+00 5.000000e-01 0.000000e+00
1.744499e-03 2.252154e-04 -1.080002e-01 1.625000e+00 5.000000e-01 0.000000e+00
1.605903e-03 2.145999e-04 -1.080002e-01 1.675000e+00 5.000000e-01 0.000000e+00
1.466004e-03 2.033009e-04 -1.080002e-01 1.725000e+00 5.000000e-01 0.000000e+00
1.318443e-03 1.903037e-04 -1.080002e-01 1.775000e+00 5.000000e-01 0.000000e+00
1.239474e-03 1.827518e-04 -1.080002e-01 1.825000e+00 5.000000e-01 0.000000e+00
1.262610e-03 1.822437e-04 -1.080002e-01 1.875000e+00 5.000000e-01 0.000000e+00
8.414672e-04 1.487535e-04 -1.080002e-01 1.925000e+00 5.000000e-01 0.000000e+00
9.380650e-04 1.563464e-04 -1.080002e-01 1.975000e+00 5.000000e-01 0.000000e+00
9.255016e-04 1.542521e-04 -1.080002e-01 2.025000e+00 5.000000e-01 0.000000e+00
1.248339e-03 1.765437e-04 -1.080002e-01 2.075000e+00 5.000000e-01 0.000000e+00
1.203968e-03 1.702693e-04 -1.080002e-01 2.125000e+00 5.000000e-01 0.000000e+00
6.396535e-04 1.208850e-04 -1.080002e-01 2.175000e+00 5.000000e-01 0.000000e+00
5.962506e-04 1.126833e-04 -1.080002e-01 2.225000e+00 5.000000e-01 0.000000e+00
6.173849e-04 1.127210e-04 -1.080002e-01 2.275000e+00 5.000000e-01 0.000000e+00
6.837038e-04 1.172571e-04 -1.080002e-01 2.325000e+00 5.000000e-01 0.000000e+00
7.019722e-04 1.169976e-04 -1.080002e-01 2.375000e+00 5.000000e-01 0.000000e+00
3.912800e-04 8.749574e-05 -1.080002e-01 2.425000e+00 5.000000e-01 0.000000e+00
4.396150e-04 9.372960e-05 -1.080002e-01 2.475000e+00 5.000000e-01 0.000000e+00
4.416891e-04 9.417359e-05 -1.080002e-01 2.525000e+00 5.000000e-01 0.000000e+00
4.640042e-04 9.471864e-05 -1.080002e-01 2.575000e+00 5.000000e-01 0.000000e+00
5.217058e-04 9.859743e-05 -1.080002e-01 2.625000e+00 5.000000e-01 0.000000e+00
3.951827e-04 8.425937e-05 -1.080002e-01 2.675000e+00 5.000000e-01 0.000000e+00
3.770022e-04 8.038401e-05 -1.080002e-01 2.725000e+00 5.000000e-01 0.000000e+00
6.841922e-04 1.055820e-04 -1.080002e-01 2.775000e+00 5.000000e-01 0.000000e+00
7.747993e-04 1.074581e-04 -1.080002e-01 2.825000e+00 5.000000e-01 0.000000e+00
1.110395e-03 1.211652e-04 -1.080002e-01 2.875000e+00 5.000000e-01 0.000000e+00
4.236665e-01 3.806488e-03 -9.800023e-02 2.500000e-02 5.000000e-01 0.000000e+00
6.830424e-02 1.551570e-03 -9.800023e-02 7.500000e-02 5.000000e-01 0.000000e+00
2.537171e-03 2.990093e-04 -9.800023e-02 1.250000e-01 5.000000e-01 0.000000e+00
1.741275e-03 2.513321e-04 -9.800023e-02 1.750000e-01 5.000000e-01 0.000000e+00
1.929779e-03 2.676126e-04 -9.800023e-02 2.250000e-01 5.000000e-01 0.000000e+00
1.590014e-03 2.397039e-04 -9.800023e-02 2.750000e-01 5.000000e-01 0.000000e+00
1.255850e-03 2.153771e-04 -9.800023e-02 3.250000e-01 5.000000e-01 0.000000e+00
1.497361e-03 2.310484e-04 -9.800023e-02 3.750000e-01 5.000000e-01 0.000000e+00
1.293826e-03 2.156382e-04 -9.800023e-02 4.250000e-01 5.000000e-01 0.000000e+00
1.211365e-03 2.077480e-04 -9.800023e-02 4.750000e-01 5.000000e-01 0.000000e+00
1.050629e-03 1.918181e-04 -9.800023e-02 5.250000e-01 5.000000e-01 0.000000e+00
9.891904e-04 1.869401e-04 -9.800023e-02 5.750000e-01 5.000000e-01 0.000000e+00
1.320473e-03 2.142099e-04 -9.800023e-02 6.250000e-01 5.000000e-01 0.000000e+00
8.866236e-04 1.738814e-04 -9.800023e-02 6.750000e-01 5.000000e-01 0.000000e+00
7.897408e-04 1.612054e-04 -9.800023e-02 7.250000e-01 5.000000e-01 0.000000e+00
1.505398e-03 2.172864e-04 -9.800023e-02 7.750000e-01 5.000000e-01 0.000000e+00
2.837403e-03 2.926571e-04 -9.800023e-02 8.250000e-01 5.000000e-01 0.000000e+00
2.285360e-03 2.621498e-04 -9.800023e-02 8.750000e-01 5.000000e-01 0.000000e+00
2.518626e-03 2.715915e-04 -9.800023e-02 9.250000e-01 5.000000e-01 0.000000e+00
2.849395e-03 2.908163e-04 -9.800023e-02 9.750000e-01 5.000000e-01 0.000000e+00
2.400652e-03 2.651092e-04 -9.800023e-02 1.025000e+00 5.000000e-01 0.000000e+00
1.624732e-03 2.171152e-04 -9.800023e-02 1.075000e+00 5.000000e-01 0.000000e+00
2.317256e-03 2.623788e-04 -9.800023e-02 1.125000e+00 5.000000e-01 0.000000e+00
2.414401e-03 2.733788e-04 -9.800023e-02 1.175000e+00 5.000000e-01 0.000000e+00
2.339015e-03 2.719067e-04 -9.800023e-02 1.225000e+00 5.000000e-01 0.000000e+00
2.174735e-03 2.599319e-04 -9.800023e-02 1.275000e+00 5.000000e-01 0.000000e+00
2.333147e-03 2.712247e-04 -9.800023e-02 1.325000e+00 5.000000e-01 0.000000e+00
2.203994e-03 2.597445e-04 -9.800023e-02 1.375000e+00 5.000000e-01 0.000000e+00
1.554185e-03 2.155280e-04 -9.800023e-02 1.425000e+00 5.000000e-01 0.000000e+00
2.707409e-03 2.853880e-04 -9.800023e-02 1.475000e+00 5.000000e-01 0.000000e+00
1.667256e-03 2.227984e-04 -9.800023e-02 1.525000e+00 5.000000e-01 0.000000e+00
1.594389e-03 2.169703e-04 -9.800023e-02 1.575000e+00 5.000000e-01 0.000000e+00
1.654704e-03 2.172752e-04 -9.800023e-02 1.625000e+00 5.000000e-01 0.000000e+00
1.310077e-03 1.931625e-04 -9.800023e-02 1.675000e+00 5.000000e-01 0.000000e+00
1.403799e-03 1.985291e-04 -9.800023e-02 1.725000e+00 5.000000e-01 0.000000e+00
1.335802e-03 1.928084e-04 -9.800023e-02 1.775000e+00 5.000000e-01 0.000000e+00
1.043074e-03 1.692108e-04 -9.800023e-02 1.825000e+00 5.000000e-01 0.000000e+00
1.870775e-03 2.236031e-04 -9.800023e-02 1.875000e+00 5.000000e-01 0.000000e+00
1.407113e-03 1.914865e-04 -9.800023e-02 1.925000e+00 5.000000e-01 0.000000e+00
9.728737e-04 1.578236e-04 -9.800023e-02 1.975000e+00 5.000000e-01 0.000000e+00
8.641052e-04 1.481943e-04 -9.800023e-02 2.025000e+00 5.000000e-01 0.000000e+00
7.824886e-04 1.383277e-04 -9.800023e-02 2.075000e+00 5.000000e-01 0.000000e+00
6.030324e-04 1.182661e-04 -9.800023e-02 2.125000e+00 5.000000e-01 0.000000e+00
8.815422e-04 1.393869e-04 -9.800023e-02 2.175000e+00 5.000000e-01 0.000000e+00
3.769781e-04 8.885624e-05 -9.800023e-02 2.225000e+00 5.000000e-01 0.000000e+00
5.301198e-04 1.039666e-04 -9.800023e-02 2.275000e+00 5.000000e-01 0.000000e+00
4.818411e-04 9.835695e-05 -9.800023e-02 2.325000e+00 5.000000e-01 0.000000e+00
7.225035e-04 1.204198e-04 -9.800023e-02 2.375000e+00 5.000000e-01 0.000000e+00
4.907828e-04 1.001836e-04 -9.800023e-02 2.425000e+00 5.000000e-01 0.000000e+00
5.801497e-04 1.096410e-04 -9.800023e-02 2.475000e+00 5.000000e-01 0.000000e+00
5.990597e-04 1.093748e-04 -9.800023e-02 2.525000e+00 5.000000e-01 0.000000e+00
5.054131e-04 9.912368e-05 -9.800023e-02 2.575000e+00 5.000000e-01 0.000000e+00
8.174487e-04 1.232403e-04 -9.800023e-02 2.625000e+00 5.000000e-01 0.000000e+00
3.234771e-04 7.625057e-05 -9.800023e-02 2.675000e+00 5.000000e-01 0.000000e+00
2.740193e-04 6.850815e-05 -9.800023e-02 2.725000e+00 5.000000e-01 0.000000e+00
6.427654e-04 1.016391e-04 -9.800023e-02 2.775000e+00 5.000000e-01 0.000000e+00
5.805522e-04 9.180206e-05 -9.800023e-02 2.825000e+00 5.000000e-01 0.000000e+00
9.993589e-04 1.131706e-04 -9.800023e-02 2.875000e+00 5.000000e-01 0.000000e+00
4.272821e-01 3.790031e-03 -8.800024e-02 2.500000e-02 5.000000e-01 0.000000e+00
6.954902e-02 1.539089e-03 -8.800024e-02 7.500000e-02 5.000000e-01 0.000000e+00
2.475142e-03 2.958369e-04 -8.800024e-02 1.250000e-01 5.000000e-01 0.000000e+00
2.159808e-03 2.742966e-04 -8.800024e-02 1.750000e-01 5.000000e-01 0.000000e+00
1.752970e-03 2.530200e-04 -8.800024e-02 2.250000e-01 5.000000e-01 0.000000e+00
1.393044e-03 2.259820e-04 -8.800024e-02 2.750000e-01 5.000000e-01 0.000000e+00
1.295751e-03 2.159591e-04 -8.800024e-02 3.250000e-01 5.000000e-01 0.000000e+00
1.959742e-03 2.666877e-04 -8.800024e-02 3.750000e-01 5.000000e-01 0.000000e+00
1.567931e-03 2.363751e-04 -8.800024e-02 4.250000e-01 5.000000e-01 0.000000e+00
9.951182e-04 1.880602e-04 -8.800024e-02 4.750000e-01 5.000000e-01 0.000000e+00
1.276521e-03 2.127543e-04 -8.800024e-02 5.250000e-01 5.000000e-01 0.000000e+00
9.675168e-04 1.828441e-04 -8.800024e-02 5.750000e-01 5.000000e-01 0.000000e+00
1.279186e-03 2.131982e-04 -8.800024e-02 6.250000e-01 5.000000e-01 0.000000e+00
1.861268e-03 2.532872e-04 -8.800024e-02 6.750000e-01 5.000000e-01 0.000000e+00
9.561950e-04 1.807045e-04 -8.800024e-02 7.250000e-01 5.000000e-01 0.000000e+00
1.788083e-03 2.433281e-04 -8.800024e-02 7.750000e-01 5.000000e-01 0.000000e+00
2.224783e-03 2.659136e-04 -8.800024e-02 8.250000e-01 5.000000e-01 0.000000e+00
2.587400e-03 2.790073e-04 -8.800024e-02 8.750000e-01 5.000000e-01 0.000000e+00
2.732689e-03 2.849038e-04 -8.800024e-02 9.250000e-01 5.000000e-01 0.000000e+00
2.755467e-03 2.842059e-04 -8.800024e-02 9.750000e-01 5.000000e-01 0.000000e+00
2.203716e-03 2.527847e-04 -8.800024e-02 1.025000e+00 5.000000e-01 0.000000e+00
1.975405e-03 2.395541e-04 -8.800024e-02 1.075000e+00 5.000000e-01 0.000000e+00
2.500240e-03 2.665278e-04 -8.800024e-02 1.125000e+00 5.000000e-01 0.000000e+00
2.351235e-03 2.596519e-04 -8.800024e-02 1.175000e+00 5.000000e-01 0.000000e+00
2.648290e-03 2.823101e-04 -8.800024e-02 1.225000e+00 5.000000e-01 0.000000e+00
1.943098e-03 2.467752e-04 -8.800024e-02 1.275000e+00 5.000000e-01 0.000000e+00
1.842760e-03 2.379011e-04 -8.800024e-02 1.325000e+00 5.000000e-01 0.000000e+00
1.963380e-03 2.454238e-04 -8.800024e-02 1.375000e+00 5.000000e-01 0.000000e+00
2.487389e-03 2.746883e-04 -8.800024e-02 1.425000e+00 5.000000e-01 0.000000e+00
2.394177e-03 2.676786e-04 -8.800024e-02 1.475000e+00 5.000000e-01 0.000000e+00
1.821772e-03 2.313669e-04 -8.800024e-02 1.525000e+00 5.000000e-01 0.000000e+00
1.572352e-03 2.139718e-04 -8.800024e-02 1.575000e+00 5.000000e-01 0.000000e+00
1.160855e-03 1.835485e-04 -8.800024e-02 1.625000e+00 5.000000e-01 0.000000e+00
1.497771e-03 2.077053e-04 -8.800024e-02 1.675000e+00 5.000000e-01 0.000000e+00
2.179006e-03 2.467264e-04 -8.800024e-02 1.725000e+00 5.000000e-01 0.000000e+00
1.932111e-03 2.309337e-04 -8.800024e-02 1.775000e+00 5.000000e-01 0.000000e+00
8.619007e-04 1.523658e-04 -8.800024e-02 1.825000e+00 5.000000e-01 0.000000e+00
1.281981e-03 1.850406e-04 -8.800024e-02 1.875000e+00 5.000000e-01 0.000000e+00
1.153475e-03 1.738943e-04 -8.800024e-02 1.925000e+00 5.000000e-01 0.000000e+00
1.061672e-03 1.638222e-04 -8.800024e-02 1.975000e+00 5.000000e-01 0.000000e+00
1.016131e-03 1.567949e-04 -8.800024e-02 2.025000e+00 5.000000e-01 0.000000e+00
7.938104e-04 1.361394e-04 -8.800024e-02 2.075000e+00 5.000000e-01 0.000000e+00
1.099423e-03 1.554854e-04 -8.800024e-02 2.125000e+00 5.000000e-01 0.000000e+00
8.099835e-04 1.313988e-04 -8.800024e-02 2.175000e+00 5.000000e-01 0.000000e+00
3.752887e-04 8.845742e-05 -8.800024e-02 2.225000e+00 5.000000e-01 0.000000e+00
5.765610e-04 1.089627e-04 -8.800024e-02 2.275000e+00 5.000000e-01 0.000000e+00
4.468012e-04 9.525934e-05 -8.800024e-02 2.325000e+00 5.000000e-01 0.000000e+00
5.075799e-04 1.036133e-04 -8.800024e-02 2.375000e+00 5.000000e-01 0.000000e+00
5.507149e-04 1.080069e-04 -8.800024e-02 2.425000e+00 5.000000e-01 0.000000e+00
5.362716e-04 1.051760e-04 -8.800024e-02 2.475000e+00 5.000000e-01 0.000000e+00
4.395527e-04 9.371626e-05 -8.800024e-02 2.525000e+00 5.000000e-01 0.000000e+00
6.166562e-04 1.090161e-04 -8.800024e-02 2.575000e+00 5.000000e-01 0.000000e+00
6.355493e-04 1.090008e-04 -8.800024e-02 2.625000e+00 5.000000e-01 0.000000e+00
6.066201e-04 1.040428e-04 -8.800024e-02 2.675000e+00 5.000000e-01 0.000000e+00
4.101558e-04 8.373070e-05 -8.800024e-02 2.725000e+00 5.000000e-01 0.000000e+00
5.640068e-04 9.400941e-05 -8.800024e-02 2.775000e+00 5.000000e-01 0.000000e+00
5.365002e-04 8.704075e-05 -8.800024e-02 2.825000e+00 5.000000e-01 0.000000e+00
8.554632e-04 1.037542e-04 -8.800024e-02 2.875000e+00 5.000000e-01 0.000000e+00
4.325386e-01 3.820162e-03 -7.800025e-02 2.500000e-02 5.000000e-01 0.000000e+00
6.603159e-02 1.486958e-03 -7.800025e-02 7.500000e-02 5.000000e-01 0.000000e+00
3.623683e-03 3.519639e-04 -7.800025e-02 1.250000e-01 5.000000e-01 0.000000e+00
1.630963e-03 2.404730e-04 -7.800025e-02 1.750000e-01 5.000000e-01 0.000000e+00
1.735570e-03 2.454474e-04 -7.800025e-02 2.250000e-01 5.000000e-01 0.000000e+00
1.983337e-03 2.698984e-04 -7.800025e-02 2.750000e-01 5.000000e-01 0.000000e+00
1.720824e-03 2.483800e-04 -7.800025e-02 3.250000e-01 5.000000e-01 0.000000e+00
1.517590e-03 2.341697e-04 -7.800025e-02 3.750000e-01 5.000000e-01 0.000000e+00
1.002556e-03 1.894657e-04 -7.800025e-02 4.250000e-01 5.000000e-01 0.000000e+00
8.463874e-04 1.727684e-04 -7.800025e-02 4.750000e-01 5.000000e-01 0.000000e+00
1.970759e-03 2.633546e-04 -7.800025e-02 5.250000e-01 5.000000e-01 0.000000e+00
9.175884e-04 1.799545e-04 -7.800025e-02 5.750000e-01 5.000000e-01 0.000000e+00
1.304851e-03 2.116755e-04 -7.800025e-02 6.250000e-01 5.000000e-01 0.000000e+00
9.814801e-04 1.854830e-04 -7.800025e-02 6.750000e-01 5.000000e-01 0.000000e+00
1.438439e-03 2.219566e-04 -7.800025e-02 7.250000e-01 5.000000e-01 0.000000e+00
1.685760e-03 2.384033e-04 -7.800025e-02 7.750000e-01 5.000000e-01 0.000000e+00
2.010824e-03 2.595971e-04 -7.800025e-02 8.250000e-01 5.000000e-01 0.000000e+00
2.740205e-03 2.954853e-04 -7.800025e-02 8.750000e-01 5.000000e-01 0.000000e+00
1.975698e-03 2.469633e-04 -7.800025e-02 9.250000e-01 5.000000e-01 0.000000e+00
2.438460e-03 2.692838e-04 -7.800025e-02 9.750000e-01 5.000000e-01 0.000000e+00
1.807914e-03 2.296062e-04 -7.800025e-02 1.025000e+00 5.000000e-01 0.000000e+00
2.501699e-03 2.666835e-04 -7.800025e-02 1.075000e+00 5.000000e-01 0.000000e+00
1.730450e-03 2.234012e-04 -7.800025e-02 1.125000e+00 5.000000e-01 0.000000e+00
2.247848e-03 2.513181e-04 -7.800025e-02 1.175000e+00 5.000000e-01 0.000000e+00
2.069716e-03 2.406010e-04 -7.800025e-02 1.225000e+00 5.000000e-01 0.000000e+00
2.443876e-03 2.666501e-04 -7.800025e-02 1.275000e+00 5.000000e-01 0.000000e+00
2.341893e-03 2.651688e-04 -7.800025e-02 1.325000e+00 5.000000e-01 0.000000e+00
1.835663e-03 2.369843e-04 -7.800025e-02 1.375000e+00 5.000000e-01 0.000000e+00
1.779973e-03 2.297950e-04 -7.800025e-02 1.425000e+00 5.000000e-01 0.000000e+00
1.572486e-03 2.180662e-04 -7.800025e-02 1.475000e+00 5.000000e-01 0.000000e+00
1.949603e-03 2.399819e-04 -7.800025e-02 1.525000e+00 5.000000e-01 0.000000e+00
1.982031e-03 2.403583e-04 -7.800025e-02 1.575000e+00 5.000000e-01 0.000000e+00
1.993020e-03 2.382133e-04 -7.800025e-02 1.625000e+00 5.000000e-01 0.000000e+00
1.242220e-03 1.872735e-04 -7.800025e-02 1.675000e+00 5.000000e-01 0.000000e+00
1.469242e-03 2.037493e-04 -7.800025e-02 1.725000e+00 5.000000e-01 0.000000e+00
1.058612e-03 1.717312e-04 -7.800025e-02 1.775000e+00 5.000000e-01 0.000000e+00
1.257081e-03 1.853492e-04 -7.800025e-02 1.825000e+00 5.000000e-01 0.000000e+00
1.774227e-03 2.183952e-04 -7.800025e-02 1.875000e+00 5.000000e-01 0.000000e+00
1.395971e-03 1.899702e-04 -7.800025e-02 1.925000e+00 5.000000e-01 0.000000e+00
1.197915e-03 1.729063e-04 -7.800025e-02 1.975000e+00 5.000000e-01 0.000000e+00
1.166239e-03 1.649341e-04 -7.800025e-02 2.025000e+00 5.000000e-01 0.000000e+00
9.740231e-04 1.468418e-04 -7.800025e-02 2.075000e+00 5.000000e-01 0.000000e+00
6.931733e-04 1.225396e-04 -7.800025e-02 2.125000e+00 5.000000e-01 0.000000e+00
1.025849e-03 1.480717e-04 -7.800025e-02 2.175000e+00 5.000000e-01 0.000000e+00
8.399944e-04 1.328174e-04 -7.800025e-02 2.225000e+00 5.000000e-01 0.000000e+00
3.741435e-04 8.818877e-05 -7.800025e-02 2.275000e+00 5.000000e-01 0.000000e+00
5.195623e-04 1.060581e-04 -7.800025e-02 2.325000e+00 5.000000e-01 0.000000e+00
2.593129e-04 7.485843e-05 -7.800025e-02 2.375000e+00 5.000000e-01 0.000000e+00
5.514374e-04 1.081504e-04 -7.800025e-02 2.425000e+00 5.000000e-01 0.000000e+00
6.150910e-04 1.123042e-04 -7.800025e-02 2.475000e+00 5.000000e-01 0.000000e+00
4.365016e-04 9.306688e-05 -7.800025e-02 2.525000e+00 5.000000e-01 0.000000e+00
3.456825e-04 8.148165e-05 -7.800025e-02 2.575000e+00 5.000000e-01 0.000000e+00
5.165345e-04 9.762275e-05 -7.800025e-02 2.625000e+00 5.000000e-01 0.000000e+00
5.670622e-04 1.002496e-04 -7.800025e-02 2.675000e+00 5.000000e-01 0.000000e+00
7.099657e-04 1.095598e-04 -7.800025e-02 2.725000e+00 5.000000e-01 0.000000e+00
5.517608e-04 9.196597e-05 -7.800025e-02 2.775000e+00 5.000000e-01 0.000000e+00
7.125555e-04 9.882552e-05 -7.800025e-02 2.825000e+00 5.000000e-01 0.000000e+00
8.263572e-04 1.017273e-04 -7.800025e-02 2.875000e+00 5.000000e-01 0.000000e+00
4.304607e-01 3.746971e-03 -6.800026e-02 2.500000e-02 5.000000e-01 0.000000e+00
6.698269e-02 1.506086e-03 -6.800026e-02 7.500000e-02 5.000000e-01 0.000000e+00
3.360353e-03 3.360361e-04 -6.800026e-02 1.250000e-01 5.000000e-01 0.000000e+00
1.956732e-03 2.614800e-04 -6.800026e-02 1.750000e-01 5.000000e-01 0.000000e+00
2.032917e-03 2.669358e-04 -6.800026e-02 2.250000e-01 5.000000e-01 0.000000e+00
1.111675e-03 1.965188e-04 -6.800026e-02 2.750000e-01 5.000000e-01 0.000000e+00
8.007026e-04 1.707107e-04 -6.800026e-02 3.250000e-01 5.000000e-01 0.000000e+00
1.567233e-03 2.362700e-04 -6.800026e-02 3.750000e-01 5.000000e-01 0.000000e+00
1.278829e-03 2.131387e-04 -6.800026e-02 4.250000e-01 5.000000e-01 0.000000e+00
9.237803e-04 1.811687e-04 -6.800026e-02 4.750000e-01 5.000000e-01 0.000000e+00
1.245548e-03 2.075916e-04 -6.800026e-02 5.250000e-01 5.000000e-01 0.000000e+00
1.131989e-03 2.001099e-04 -6.800026e-02 5.750000e-01 5.000000e-01 0.000000e+00
1.523621e-03 2.296953e-04 -6.800026e-02 6.250000e-01 5.000000e-01 0.000000e+00
1.446923e-03 2.232660e-04 -6.800026e-02 6.750000e-01 5.000000e-01 0.000000e+00
1.993109e-03 2.617088e-04 -6.800026e-02 7.250000e-01 5.000000e-01 0.000000e+00
2.110218e-03 2.679993e-04 -6.800026e-02 7.750000e-01 5.000000e-01 0.000000e+00
1.531281e-03 2.257757e-04 -6.800026e-02 8.250000e-01 5.000000e-01 0.000000e+00
2.220988e-03 2.733855e-04 -6.800026e-02 8.750000e-01 5.000000e-01 0.000000e+00
2.761069e-03 2.977352e-04 -6.800026e-02 9.250000e-01 5.000000e-01 0.000000e+00
2.062390e-03 2.538638e-04 -6.800026e-02 9.750000e-01 5.000000e-01 0.000000e+00
1.991402e-03 2.451259e-04 -6.800026e-02 1.025000e+00 5.000000e-01 0.000000e+00
2.184752e-03 2.506094e-04 -6.800026e-02 1.075000e+00 5.000000e-01 0.000000e+00
2.655798e-03 2.739262e-04 -6.800026e-02 1.125000e+00 5.000000e-01 0.000000e+00
1.984134e-03 2.371509e-04 -6.800026e-02 1.175000e+00 5.000000e-01 0.000000e+00
2.074793e-03 2.411915e-04 -6.800026e-02 1.225000e+00 5.000000e-01 0.000000e+00
2.361363e-03 2.546336e-04 -6.800026e-02 1.275000e+00 5.000000e-01 0.000000e+00
1.122390e-03 1.774669e-04 -6.800026e-02 1.325000e+00 5.000000e-01 0.000000e+00
2.436440e-03 2.658391e-04 -6.800026e-02 1.375000e+00 5.000000e-01 0.000000e+00
1.669780e-03 2.231352e-04 -6.800026e-02 1.425000e+00 5.000000e-01 0.000000e+00
2.013721e-03 2.442019e-04 -6.800026e-02 1.475000e+00 5.000000e-01 0.000000e+00
2.055855e-03 2.457235e-04 -6.800026e-02 1.525000e+00 5.000000e-01 0.000000e+00
1.941808e-03 2.390223e-04 -6.800026e-02 1.575000e+00 5.000000e-01 0.000000e+00
1.604366e-03 2.143938e-04 -6.800026e-02 1.625000e+00 5.000000e-01 0.000000e+00
1.421362e-03 2.010130e-04 -6.800026e-02 1.675000e+00 5.000000e-01 0.000000e+00
1.549065e-03 2.070042e-04 -6.800026e-02 1.725000e+00 5.000000e-01 0.000000e+00
1.256637e-03 1.852840e-04 -6.800026e-02 1.775000e+00 5.000000e-01 0.000000e+00
1.133937e-03 1.749726e-04 -6.800026e-02 1.825000e+00 5.000000e-01 0.000000e+00
1.208055e-03 1.781208e-04 -6.800026e-02 1.875000e+00 5.000000e-01 0.000000e+00
1.369945e-03 1.864279e-04 -6.800026e-02 1.925000e+00 5.000000e-01 0.000000e+00
1.147880e-03 1.656850e-04 -6.800026e-02 1.975000e+00 5.000000e-01 0.000000e+00
1.270301e-03 1.697536e-04 -6.800026e-02 2.025000e+00 5.000000e-01 0.000000e+00
1.193629e-03 1.624346e-04 -6.800026e-02 2.075000e+00 5.000000e-01 0.000000e+00
1.055004e-03 1.492020e-04 -6.800026e-02 2.125000e+00 5.000000e-01 0.000000e+00
8.464523e-04 1.338383e-04 -6.800026e-02 2.175000e+00 5.000000e-01 0.000000e+00
7.306081e-04 1.253015e-04 -6.800026e-02 2.225000e+00 5.000000e-01 0.000000e+00
4.940766e-04 1.053394e-04 -6.800026e-02 2.275000e+00 5.000000e-01 0.000000e+00
3.536754e-04 8.842103e-05 -6.800026e-02 2.325000e+00 5.000000e-01 0.000000e+00
8.241646e-04 1.336999e-04 -6.800026e-02 2.375000e+00 5.000000e-01 0.000000e+00
7.598575e-04 1.266465e-04 -6.800026e-02 2.425000e+00 5.000000e-01 0.000000e+00
2.468210e-04 7.125248e-05 -6.800026e-02 2.475000e+00 5.000000e-01 0.000000e+00
7.561361e-04 1.226657e-04 -6.800026e-02 2.525000e+00 5.000000e-01 0.000000e+00
5.318244e-04 1.005083e-04 -6.800026e-02 2.575000e+00 5.000000e-01 0.000000e+00
3.693137e-04 8.258544e-05 -6.800026e-02 2.625000e+00 5.000000e-01 0.000000e+00
5.310032e-04 9.695317e-05 -6.800026e-02 2.675000e+00 5.000000e-01 0.000000e+00
7.952895e-04 1.147990e-04 -6.800026e-02 2.725000e+00 5.000000e-01 0.000000e+00
7.114225e-04 1.026915e-04 -6.800026e-02 2.775000e+00 5.000000e-01 0.000000e+00
7.346443e-04 9.998261e-05 -6.800026e-02 2.825000e+00 5.000000e-01 0.000000e+00
1.226489e-03 1.239112e-04 -6.800026e-02 2.875000e+00 5.000000e-01 0.000000e+00
4.303884e-01 3.743790e-03 -5.800027e-02 2.500000e-02 5.000000e-01 0.000000e+00
6.740701e-02 1.495353e-03 -5.800027e-02 7.500000e-02 5.000000e-01 0.000000e+00
2.245932e-03 2.764558e-04 -5.800027e-02 1.250000e-01 5.000000e-01 0.000000e+00
2.331544e-03 2.786734e-04 -5.800027e-02 1.750000e-01 5.000000e-01 0.000000e+00
1.133880e-03 2.004441e-04 -5.800027e-02 2.250000e-01 5.000000e-01 0.000000e+00
1.447492e-03 2.233534e-04 -5.800027e-02 2.750000e-01 5.000000e-01 0.000000e+00
1.641071e-03 2.419633e-04 -5.800027e-02 3.250000e-01 5.000000e-01 0.000000e+00
1.712092e-03 2.471198e-04 -5.800027e-02 3.750000e-01 5.000000e-01 0.000000e+00
1.632949e-03 2.407659e-04 -5.800027e-02 4.250000e-01 5.000000e-01 0.000000e+00
1.274250e-03 2.123758e-04 -5.800027e-02 4.750000e-01 5.000000e-01 0.000000e+00
1.266929e-03 2.111554e-04 -5.800027e-02 5.250000e-01 5.000000e-01 0.000000e+00
1.307474e-03 2.121012e-04 -5.800027e-02 5.750000e-01 5.000000e-01 0.000000e+00
1.545833e-03 2.330441e-04 -5.800027e-02 6.250000e-01 5.000000e-01 0.000000e+00
1.094926e-03 1.935582e-04 -5.800027e-02 6.750000e-01 5.000000e-01 0.000000e+00
1.430762e-03 2.207720e-04 -5.800027e-02 7.250000e-01 5.000000e-01 0.000000e+00
1.844028e-03 2.509417e-04 -5.800027e-02 7.750000e-01 5.000000e-01 0.000000e+00
2.190181e-03 2.695937e-04 -5.800027e-02 8.250000e-01 5.000000e-01 0.000000e+00
2.133145e-03 2.666444e-04 -5.800027e-02 8.750000e-01 5.000000e-01 0.000000e+00
2.318209e-03 2.770804e-04 -5.800027e-02 9.250000e-01 5.000000e-01 0.000000e+00
2.536612e-03 2.872162e-04 -5.800027e-02 9.750000e-01 5.000000e-01 0.000000e+00
2.131212e-03 2.584484e-04 -5.800027e-02 1.025000e+00 5.000000e-01 0.000000e+00
1.720948e-03 2.299722e-04 -5.800027e-02 1.075000e+00 5.000000e-01 0.000000e+00
2.982606e-03 2.924698e-04 -5.800027e-02 1.125000e+00 5.000000e-01 0.000000e+00
2.796423e-03 2.796440e-04 -5.800027e-02 1.175000e+00 5.000000e-01 0.000000e+00
1.635541e-03 2.147584e-04 -5.800027e-02 1.225000e+00 5.000000e-01 0.000000e+00
1.938575e-03 2.317053e-04 -5.800027e-02 1.275000e+00 5.000000e-01 0.000000e+00
2.233599e-03 2.466612e-04 -5.800027e-02 1.325000e+00 5.000000e-01 0.000000e+00
1.841988e-03 2.233753e-04 -5.800027e-02 1.375000e+00 5.000000e-01 0.000000e+00
2.085254e-03 2.424074e-04 -5.800027e-02 1.425000e+00 5.000000e-01 0.000000e+00
2.194695e-03 2.517506e-04 -5.800027e-02 1.475000e+00 5.000000e-01 0.000000e+00
2.184083e-03 2.538964e-04 -5.800027e-02 1.525000e+00 5.000000e-01 0.000000e+00
1.889693e-03 2.326074e-04 -5.800027e-02 1.575000e+00 5.000000e-01 0.000000e+00
1.325511e-03 1.954368e-04 -5.800027e-02 1.625000e+00 5.000000e-01 0.000000e+00
1.085602e-03 1.761091e-04 -5.800027e-02 1.675000e+00 5.000000e-01 0.000000e+00
2.184328e-03 2.473285e-04 -5.800027e-02 1.725000e+00 5.000000e-01 0.000000e+00
1.541381e-03 2.059780e-04 -5.800027e-02 1.775000e+00 5.000000e-01 0.000000e+00
1.311219e-03 1.854364e-04 -5.800027e-02 1.825000e+00 5.000000e-01 0.000000e+00
1.367794e-03 1.861351e-04 -5.800027e-02 1.875000e+00 5.000000e-01 0.000000e+00
8.582725e-04 1.430478e-04 -5.800027e-02 1.925000e+00 5.000000e-01 0.000000e+00
1.320186e-03 1.733520e-04 -5.800027e-02 1.975000e+00 5.000000e-01 0.000000e+00
8.062784e-04 1.343811e-04 -5.800027e-02 2.025000e+00 5.000000e-01 0.000000e+00
6.552696e-04 1.196379e-04 -5.800027e-02 2.075000e+00 5.000000e-01 0.000000e+00
5.649970e-04 1.108068e-04 -5.800027e-02 2.125000e+00 5.000000e-01 0.000000e+00
6.510162e-04 1.188609e-04 -5.800027e-02 2.175000e+00 5.000000e-01 0.000000e+00
3.640248e-04 9.100741e-05 -5.800027e-02 2.225000e+00 5.000000e-01 0.000000e+00
6.385054e-04 1.206690e-04 -5.800027e-02 2.275000e+00 5.000000e-01 0.000000e+00
9.271878e-04 1.430712e-04 -5.800027e-02 2.325000e+00 5.000000e-01 0.000000e+00
3.031161e-04 8.101354e-05 -5.800027e-02 2.375000e+00 5.000000e-01 0.000000e+00
4.224217e-04 9.445886e-05 -5.800027e-02 2.425000e+00 5.000000e-01 0.000000e+00
7.794353e-04 1.264439e-04 -5.800027e-02 2.475000e+00 5.000000e-01 0.000000e+00
3.950894e-04 8.834783e-05 -5.800027e-02 2.525000e+00 5.000000e-01 0.000000e+00
6.501955e-04 1.115123e-04 -5.800027e-02 2.575000e+00 5.000000e-01 0.000000e+00
4.059494e-04 8.655295e-05 -5.800027e-02 2.625000e+00 5.000000e-01 0.000000e+00
4.611924e-04 9.044962e-05 -5.800027e-02 2.675000e+00 5.000000e-01 0.000000e+00
6.804533e-04 1.050039e-04 -5.800027e-02 2.725000e+00 5.000000e-01 0.000000e+00
1.241422e-03 1.354613e-04 -5.800027e-02 2.775000e+00 5.000000e-01 0.000000e+00
6.415275e-04 9.260647e-05 -5.800027e-02 2.825000e+00 5.000000e-01 0.000000e+00
8.412795e-04 1.020332e-04 -5.800027e-02 2.875000e+00 5.000000e-01 0.000000e+00
4.254194e-01 3.712383e-03 -4.800028e-02 2.500000e-02 5.000000e-01 0.000000e+00
6.689702e-02 1.471777e-03 -4.800028e-02 7.500000e-02 5.000000e-01 0.000000e+00
3.063460e-03 3.229177e-04 -4.800028e-02 1.250000e-01 5.000000e-01 0.000000e+00
1.992045e-03 2.571725e-04 -4.800028e-02 1.750000e-01 5.000000e-01 0.000000e+00
1.857840e-03 2.528208e-04 -4.800028e-02 2.250000e-01 5.000000e-01 0.000000e+00
1.669948e-03 2.410369e-04 -4.800028e-02 2.750000e-01 5.000000e-01 0.000000e+00
1.301373e-03 2.111112e-04 -4.800028e-02 3.250000e-01 5.000000e-01 0.000000e+00
9.336163e-04 1.830977e-04 -4.800028e-02 3.750000e-01 5.000000e-01 0.000000e+00
1.209947e-03 2.075047e-04 -4.800028e-02 4.250000e-01 5.000000e-01 0.000000e+00
8.362822e-04 1.707059e-04 -4.800028e-02 4.750000e-01 5.000000e-01 0.000000e+00
1.061607e-03 1.938227e-04 -4.800028e-02 5.250000e-01 5.000000e-01 0.000000e+00
1.510835e-03 2.277678e-04 -4.800028e-02 5.750000e-01 5.000000e-01 0.000000e+00
9.766804e-04 1.845762e-04 -4.800028e-02 6.250000e-01 5.000000e-01 0.000000e+00
1.788239e-03 2.479848e-04 -4.800028e-02 6.750000e-01 5.000000e-01 0.000000e+00
1.632086e-03 2.355721e-04 -4.800028e-02 7.250000e-01 5.000000e-01 0.000000e+00
2.572232e-03 2.950563e-04 -4.800028e-02 7.750000e-01 5.000000e-01 0.000000e+00
2.159381e-03 2.699235e-04 -4.800028e-02 8.250000e-01 5.000000e-01 0.000000e+00
1.766553e-03 2.403983e-04 -4.800028e-02 8.750000e-01 5.000000e-01 0.000000e+00
2.001610e-03 2.584076e-04 -4.800028e-02 9.250000e-01 5.000000e-01 0.000000e+00
2.511823e-03 2.881271e-04 -4.800028e-02 9.750000e-01 5.000000e-01 0.000000e+00
3.339980e-03 3.275138e-04 -4.800028e-02 1.025000e+00 5.000000e-01 0.000000e+00
1.978128e-03 2.512237e-04 -4.800028e-02 1.075000e+00 5.000000e-01 0.000000e+00
2.266217e-03 2.634438e-04 -4.800028e-02 1.125000e+00 5.000000e-01 0.000000e+00
2.446483e-03 2.669345e-04 -4.800028e-02 1.175000e+00 5.000000e-01 0.000000e+00
2.392695e-03 2.580123e-04 -4.800028e-02 1.225000e+00 5.000000e-01 0.000000e+00
1.798755e-03 2.248456e-04 -4.800028e-02 1.275000e+00 5.000000e-01 0.000000e+00
1.964792e-03 2.315544e-04 -4.800028e-02 1.325000e+00 5.000000e-01 0.000000e+00
1.930917e-03 2.275622e-04 -4.800028e-02 1.375000e+00 5.000000e-01 0.000000e+00
2.132762e-03 2.384517e-04 -4.800028e-02 1.425000e+00 5.000000e-01 0.000000e+00
2.667341e-03 2.694439e-04 -4.800028e-02 1.475000e+00 5.000000e-01 0.000000e+00
1.411059e-03 1.995550e-04 -4.800028e-02 1.525000e+00 5.000000e-01 0.000000e+00
1.829225e-03 2.286551e-04 -4.800028e-02 1.575000e+00 5.000000e-01 0.000000e+00
1.195962e-03 1.845428e-04 -4.800028e-02 1.625000e+00 5.000000e-01 0.000000e+00
1.231954e-03 1.857254e-04 -4.800028e-02 1.675000e+00 5.000000e-01 0.000000e+00
1.235677e-03 1.862875e-04 -4.800028e-02 1.725000e+00 5.000000e-01 0.000000e+00
9.672542e-04 1.612107e-04 -4.800028e-02 1.775000e+00 5.000000e-01 0.000000e+00
1.076881e-03 1.661681e-04 -4.800028e-02 1.825000e+00 5.000000e-01 0.000000e+00
1.607350e-03 1.978530e-04 -4.800028e-02 1.875000e+00 5.000000e-01 0.000000e+00
1.068251e-03 1.575074e-04 -4.800028e-02 1.925000e+00 5.000000e-01 0.000000e+00
9.219484e-04 1.457747e-04 -4.800028e-02 1.975000e+00 5.000000e-01 0.000000e+00
1.215977e-03 1.654752e-04 -4.800028e-02 2.025000e+00 5.000000e-01 0.000000e+00
8.508112e-04 1.380209e-04 -4.800028e-02 2.075000e+00 5.000000e-01 0.000000e+00
7.313936e-04 1.292953e-04 -4.800028e-02 2.125000e+00 5.000000e-01 0.000000e+00
6.084976e-04 1.193383e-04 -4.800028e-02 2.175000e+00 5.000000e-01 0.000000e+00
7.295976e-04 1.289785e-04 -4.800028e-02 2.225000e+00 5.000000e-01 0.000000e+00
6.746994e-04 1.231854e-04 -4.800028e-02 2.275000e+00 5.000000e-01 0.000000e+00
3.130802e-04 8.367452e-05 -4.800028e-02 2.325000e+00 5.000000e-01 0.000000e+00
4.303621e-04 9.623443e-05 -4.800028e-02 2.375000e+00 5.000000e-01 0.000000e+00
6.741210e-04 1.191721e-04 -4.800028e-02 2.425000e+00 5.000000e-01 0.000000e+00
6.549564e-04 1.157853e-04 -4.800028e-02 2.475000e+00 5.000000e-01 0.000000e+00
3.939808e-04 8.810155e-05 -4.800028e-02 2.525000e+00 5.000000e-01 0.000000e+00
6.490529e-04 1.113159e-04 -4.800028e-02 2.575000e+00 5.000000e-01 0.000000e+00
5.845925e-04 1.033449e-04 -4.800028e-02 2.625000e+00 5.000000e-01 0.000000e+00
5.249653e-04 9.585085e-05 -4.800028e-02 2.675000e+00 5.000000e-01 0.000000e+00
5.765003e-04 9.608884e-05 -4.800028e-02 2.725000e+00 5.000000e-01 0.000000e+00
8.198572e-04 1.095689e-04 -4.800028e-02 2.775000e+00 5.000000e-01 0.000000e+00
9.569119e-04 1.127837e-04 -4.800028e-02 2.825000e+00 5.000000e-01 0.000000e+00
9.686061e-04 1.096848e-04 -4.800028e-02 2.875000e+00 5.000000e-01 0.000000e+00
4.286375e-01 3.738758e-03 -3.800029e-02 2.500000e-02 5.000000e-01 0.000000e+00
6.933353e-02 1.496680e-03 -3.800029e-02 7.500000e-02 5.000000e-01 0.000000e+00
2.519628e-03 2.890220e-04 -3.800029e-02 1.250000e-01 5.000000e-01 0.000000e+00
2.358333e-03 2.818752e-04 -3.800029e-02 1.750000e-01 5.000000e-01 0.000000e+00
1.791106e-03 2.437393e-04 -3.800029e-02 2.250000e-01 5.000000e-01 0.000000e+00
1.197429e-03 2.053579e-04 -3.800029e-02 2.750000e-01 5.000000e-01 0.000000e+00
6.149426e-04 1.449437e-04 -3.800029e-02 3.250000e-01 5.000000e-01 0.000000e+00
1.613709e-03 2.379292e-04 -3.800029e-02 3.750000e-01 5.000000e-01 0.000000e+00
1.208355e-03 2.072317e-04 -3.800029e-02 4.250000e-01 5.000000e-01 0.000000e+00
9.042024e-04 1.773292e-04 -3.800029e-02 4.750000e-01 5.000000e-01 0.000000e+00
1.620262e-03 2.388952e-04 -3.800029e-02 5.250000e-01 5.000000e-01 0.000000e+00
1.594446e-03 2.350889e-04 -3.800029e-02 5.750000e-01 5.000000e-01 0.000000e+00
1.096383e-03 1.938156e-04 -3.800029e-02 6.250000e-01 5.000000e-01 0.000000e+00
1.246443e-03 2.077416e-04 -3.800029e-02 6.750000e-01 5.000000e-01 0.000000e+00
1.502703e-03 2.265419e-04 -3.800029e-02 7.250000e-01 5.000000e-01 0.000000e+00
1.996940e-03 2.578049e-04 -3.800029e-02 7.750000e-01 5.000000e-01 0.000000e+00
1.837857e-03 2.501016e-04 -3.800029e-02 8.250000e-01 5.000000e-01 0.000000e+00
2.239082e-03 2.715295e-04 -3.800029e-02 8.750000e-01 5.000000e-01 0.000000e+00
2.372798e-03 2.796381e-04 -3.800029e-02 9.250000e-01 5.000000e-01 0.000000e+00
3.039708e-03 3.169128e-04 -3.800029e-02 9.750000e-01 5.000000e-01 0.000000e+00
2.676927e-03 2.956186e-04 -3.800029e-02 1.025000e+00 5.000000e-01 0.000000e+00
1.971530e-03 2.503858e-04 -3.800029e-02 1.075000e+00 5.000000e-01 0.000000e+00
2.505293e-03 2.836699e-04 -3.800029e-02 1.125000e+00 5.000000e-01 0.000000e+00
2.331614e-03 2.674555e-04 -3.800029e-02 1.175000e+00 5.000000e-01 0.000000e+00
2.337080e-03 2.612950e-04 -3.800029e-02 1.225000e+00 5.000000e-01 0.000000e+00
2.156206e-03 2.473352e-04 -3.800029e-02 1.275000e+00 5.000000e-01 0.000000e+00
1.537092e-03 2.054035e-04 -3.800029e-02 1.325000e+00 5.000000e-01 0.000000e+00
2.331042e-03 2.513648e-04 -3.800029e-02 1.375000e+00 5.000000e-01 0.000000e+00
1.573769e-03 2.031747e-04 -3.800029e-02 1.425000e+00 5.000000e-01 0.000000e+00
1.909848e-03 2.250795e-04 -3.800029e-02 1.475000e+00 5.000000e-01 0.000000e+00
2.237225e-03 2.441026e-04 -3.800029e-02 1.525000e+00 5.000000e-01 0.000000e+00
1.891546e-03 2.260854e-04 -3.800029e-02 1.575000e+00 5.000000e-01 0.000000e+00
1.567226e-03 2.094307e-04 -3.800029e-02 1.625000e+00 5.000000e-01 0.000000e+00
2.036950e-03 2.367930e-04 -3.800029e-02 1.675000e+00 5.000000e-01 0.000000e+00
1.442910e-03 1.963571e-04 -3.800029e-02 1.725000e+00 5.000000e-01 0.000000e+00
1.374847e-03 1.870948e-04 -3.800029e-02 1.775000e+00 5.000000e-01 0.000000e+00
1.774728e-03 2.091559e-04 -3.800029e-02 1.825000e+00 5.000000e-01 0.000000e+00
1.147420e-03 1.656178e-04 -3.800029e-02 1.875000e+00 5.000000e-01 0.000000e+00
1.128195e-03 1.628433e-04 -3.800029e-02 1.925000e+00 5.000000e-01 0.000000e+00
1.347093e-03 1.768851e-04 -3.800029e-02 1.975000e+00 5.000000e-01 0.000000e+00
1.192284e-03 1.653421e-04 -3.800029e-02 2.025000e+00 5.000000e-01 0.000000e+00
1.038997e-03 1.566376e-04 -3.800029e-02 2.075000e+00 5.000000e-01 0.000000e+00
1.000540e-03 1.543899e-04 -3.800029e-02 2.125000e+00 5.000000e-01 0.000000e+00
8.054241e-04 1.381308e-04 -3.800029e-02 2.175000e+00 5.000000e-01 0.000000e+00
3.711904e-04 9.279833e-05 -3.800029e-02 2.225000e+00 5.000000e-01 0.000000e+00
4.973897e-04 1.060459e-04 -3.800029e-02 2.275000e+00 5.000000e-01 0.000000e+00
4.797568e-04 1.022866e-04 -3.800029e-02 2.325000e+00 5.000000e-01 0.000000e+00
6.467919e-04 1.180902e-04 -3.800029e-02 2.375000e+00 5.000000e-01 0.000000e+00
4.595256e-04 9.797449e-05 -3.800029e-02 2.425000e+00 5.000000e-01 0.000000e+00
3.625911e-04 8.546464e-05 -3.800029e-02 2.475000e+00 5.000000e-01 0.000000e+00
4.325671e-04 9.222602e-05 -3.800029e-02 2.525000e+00 5.000000e-01 0.000000e+00
4.559579e-04 9.307675e-05 -3.800029e-02 2.575000e+00 5.000000e-01 0.000000e+00
4.727662e-04 9.272148e-05 -3.800029e-02 2.625000e+00 5.000000e-01 0.000000e+00
4.789292e-04 9.051822e-05 -3.800029e-02 2.675000e+00 5.000000e-01 0.000000e+00
6.773423e-04 1.045246e-04 -3.800029e-02 2.725000e+00 5.000000e-01 0.000000e+00
7.548000e-04 1.046813e-04 -3.800029e-02 2.775000e+00 5.000000e-01 0.000000e+00
9.943646e-04 1.140765e-04 -3.800029e-02 2.825000e+00 5.000000e-01 0.000000e+00
1.119413e-03 1.167203e-04 -3.800029e-02 2.875000e+00 5.000000e-01 0.000000e+00
4.296353e-01 3.736956e-03 -2.800030e-02 2.500000e-02 5.000000e-01 0.000000e+00
6.672224e-02 1.471498e-03 -2.800030e-02 7.500000e-02 5.000000e-01 0.000000e+00
1.743807e-03 2.373029e-04 -2.800030e-02 1.250000e-01 5.000000e-01 0.000000e+00
2.712848e-03 3.033063e-04 -2.800030e-02 1.750000e-01 5.000000e-01 0.000000e+00
1.568239e-03 2.263564e-04 -2.800030e-02 2.250000e-01 5.000000e-01 0.000000e+00
1.880427e-03 2.558943e-04 -2.800030e-02 2.750000e-01 5.000000e-01 0.000000e+00
8.183477e-04 1.670450e-04 -2.800030e-02 3.250000e-01 5.000000e-01 0.000000e+00
1.778100e-03 2.465790e-04 -2.800030e-02 3.750000e-01 5.000000e-01 0.000000e+00
1.136855e-03 2.009700e-04 -2.800030e-02 4.250000e-01 5.000000e-01 0.000000e+00
1.119845e-03 1.979629e-04 -2.800030e-02 4.750000e-01 5.000000e-01 0.000000e+00
9.710592e-04 1.835134e-04 -2.800030e-02 5.250000e-01 5.000000e-01 0.000000e+00
1.329131e-03 2.156142e-04 -2.800030e-02 5.750000e-01 5.000000e-01 0.000000e+00
1.365241e-03 2.158644e-04 -2.800030e-02 6.250000e-01 5.000000e-01 0.000000e+00
1.656078e-03 2.390352e-04 -2.800030e-02 6.750000e-01 5.000000e-01 0.000000e+00
1.504627e-03 2.268318e-04 -2.800030e-02 7.250000e-01 5.000000e-01 0.000000e+00
1.940985e-03 2.548649e-04 -2.800030e-02 7.750000e-01 5.000000e-01 0.000000e+00
2.708067e-03 3.027724e-04 -2.800030e-02 8.250000e-01 5.000000e-01 0.000000e+00
2.526897e-03 2.898563e-04 -2.800030e-02 8.750000e-01 5.000000e-01 0.000000e+00
2.038742e-03 2.589215e-04 -2.800030e-02 9.250000e-01 5.000000e-01 0.000000e+00
2.038915e-03 2.589437e-04 -2.800030e-02 9.750000e-01 5.000000e-01 0.000000e+00
2.569386e-03 2.909270e-04 -2.800030e-02 1.025000e+00 5.000000e-01 0.000000e+00
2.856922e-03 3.011471e-04 -2.800030e-02 1.075000e+00 5.000000e-01 0.000000e+00
2.755874e-03 2.971752e-04 -2.800030e-02 1.125000e+00 5.000000e-01 0.000000e+00
2.278017e-03 2.684683e-04 -2.800030e-02 1.175000e+00 5.000000e-01 0.000000e+00
2.452184e-03 2.741642e-04 -2.800030e-02 1.225000e+00 5.000000e-01 0.000000e+00
1.883706e-03 2.354649e-04 -2.800030e-02 1.275000e+00 5.000000e-01 0.000000e+00
2.061859e-03 2.429938e-04 -2.800030e-02 1.325000e+00 5.000000e-01 0.000000e+00
2.081794e-03 2.387999e-04 -2.800030e-02 1.375000e+00 5.000000e-01 0.000000e+00
1.949410e-03 2.266158e-04 -2.800030e-02 1.425000e+00 5.000000e-01 0.000000e+00
1.627926e-03 2.067482e-04 -2.800030e-02 1.475000e+00 5.000000e-01 0.000000e+00
2.029522e-03 2.298000e-04 -2.800030e-02 1.525000e+00 5.000000e-01 0.000000e+00
1.360963e-03 1.887335e-04 -2.800030e-02 1.575000e+00 5.000000e-01 0.000000e+00
2.002861e-03 2.267811e-04 -2.800030e-02 1.625000e+00 5.000000e-01 0.000000e+00
2.074763e-03 2.319675e-04 -2.800030e-02 1.675000e+00 5.000000e-01 0.000000e+00
1.525935e-03 1.969993e-04 -2.800030e-02 1.725000e+00 5.000000e-01 0.000000e+00
1.355043e-03 1.810772e-04 -2.800030e-02 1.775000e+00 5.000000e-01 0.000000e+00
1.767506e-03 2.054705e-04 -2.800030e-02 1.825000e+00 5.000000e-01 0.000000e+00
9.355930e-04 1.479317e-04 -2.800030e-02 1.875000e+00 5.000000e-01 0.000000e+00
1.213053e-03 1.682220e-04 -2.800030e-02 1.925000e+00 5.000000e-01 0.000000e+00
1.404100e-03 1.812708e-04 -2.800030e-02 1.975000e+00 5.000000e-01 0.000000e+00
1.139834e-03 1.645231e-04 -2.800030e-02 2.025000e+00 5.000000e-01 0.000000e+00
1.322040e-03 1.799098e-04 -2.800030e-02 2.075000e+00 5.000000e-01 0.000000e+00
8.121602e-04 1.392864e-04 -2.800030e-02 2.125000e+00 5.000000e-01 0.000000e+00
6.190115e-04 1.214004e-04 -2.800030e-02 2.175000e+00 5.000000e-01 0.000000e+00
7.454698e-04 1.317844e-04 -2.800030e-02 2.225000e+00 5.000000e-01 0.000000e+00
7.262131e-04 1.283813e-04 -2.800030e-02 2.275000e+00 5.000000e-01 0.000000e+00
7.384271e-04 1.266424e-04 -2.800030e-02 2.325000e+00 5.000000e-01 0.000000e+00
4.249995e-04 9.503315e-05 -2.800030e-02 2.375000e+00 5.000000e-01 0.000000e+00
5.458162e-04 1.070484e-04 -2.800030e-02 2.425000e+00 5.000000e-01 0.000000e+00
4.047937e-04 9.052041e-05 -2.800030e-02 2.475000e+00 5.000000e-01 0.000000e+00
5.530669e-04 1.045236e-04 -2.800030e-02 2.525000e+00 5.000000e-01 0.000000e+00
3.778703e-04 8.449666e-05 -2.800030e-02 2.575000e+00 5.000000e-01 0.000000e+00
5.408559e-04 9.875102e-05 -2.800030e-02 2.625000e+00 5.000000e-01 0.000000e+00
5.886534e-04 1.009592e-04 -2.800030e-02 2.675000e+00 5.000000e-01 0.000000e+00
7.344756e-04 1.083003e-04 -2.800030e-02 2.725000e+00 5.000000e-01 0.000000e+00
1.018987e-03 1.218030e-04 -2.800030e-02 2.775000e+00 5.000000e-01 0.000000e+00
6.222909e-04 8.982885e-05 -2.800030e-02 2.825000e+00 5.000000e-01 0.000000e+00
1.012190e-03 1.104524e-04 -2.800030e-02 2.875000e+00 5.000000e-01 0.000000e+00
4.249106e-01 3.691395e-03 -1.800030e-02 2.500000e-02 5.000000e-01 0.000000e+00
6.864277e-02 1.494356e-03 -1.800030e-02 7.500000e-02 5.000000e-01 0.000000e+00
3.193251e-03 3.193259e-04 -1.800030e-02 1.250000e-01 5.000000e-01 0.000000e+00
2.240678e-03 2.758089e-04 -1.800030e-02 1.750000e-01 5.000000e-01 0.000000e+00
1.644367e-03 2.325491e-04 -1.800030e-02 2.250000e-01 5.000000e-01 0.000000e+00
1.434690e-03 2.213781e-04 -1.800030e-02 2.750000e-01 5.000000e-01 0.000000e+00
1.496982e-03 2.256789e-04 -1.800030e-02 3.250000e-01 5.000000e-01 0.000000e+00
1.153498e-03 1.978239e-04 -1.800030e-02 3.750000e-01 5.000000e-01 0.000000e+00
1.554955e-03 2.344189e-04 -1.800030e-02 4.250000e-01 5.000000e-01 0.000000e+00
1.055744e-03 1.927522e-04 -1.800030e-02 4.750000e-01 5.000000e-01 0.000000e+00
1.233122e-03 2.055211e-04 -1.800030e-02 5.250000e-01 5.000000e-01 0.000000e+00
1.408401e-03 2.226886e-04 -1.800030e-02 5.750000e-01 5.000000e-01 0.000000e+00
1.775918e-03 2.462764e-04 -1.800030e-02 6.250000e-01 5.000000e-01 0.000000e+00
1.170129e-03 2.006762e-04 -1.800030e-02 6.750000e-01 5.000000e-01 0.000000e+00
1.507807e-03 2.273113e-04 -1.800030e-02 7.250000e-01 5.000000e-01 0.000000e+00
1.682178e-03 2.378968e-04 -1.800030e-02 7.750000e-01 5.000000e-01 0.000000e+00
2.677395e-03 2.993430e-04 -1.800030e-02 8.250000e-01 5.000000e-01 0.000000e+00
2.804430e-03 3.059897e-04 -1.800030e-02 8.750000e-01 5.000000e-01 0.000000e+00
1.645535e-03 2.327148e-04 -1.800030e-02 9.250000e-01 5.000000e-01 0.000000e+00
2.544511e-03 2.881105e-04 -1.800030e-02 9.750000e-01 5.000000e-01 0.000000e+00
3.101041e-03 3.198494e-04 -1.800030e-02 1.025000e+00 5.000000e-01 0.000000e+00
2.424902e-03 2.781564e-04 -1.800030e-02 1.075000e+00 5.000000e-01 0.000000e+00
2.288744e-03 2.697326e-04 -1.800030e-02 1.125000e+00 5.000000e-01 0.000000e+00
2.541174e-03 2.841136e-04 -1.800030e-02 1.175000e+00 5.000000e-01 0.000000e+00
2.072565e-03 2.551163e-04 -1.800030e-02 1.225000e+00 5.000000e-01 0.000000e+00
2.252217e-03 2.618167e-04 -1.800030e-02 1.275000e+00 5.000000e-01 0.000000e+00
1.669368e-03 2.230802e-04 -1.800030e-02 1.325000e+00 5.000000e-01 0.000000e+00
2.654392e-03 2.767414e-04 -1.800030e-02 1.375000e+00 5.000000e-01 0.000000e+00
2.168123e-03 2.424053e-04 -1.800030e-02 1.425000e+00 5.000000e-01 0.000000e+00
2.051627e-03 2.323028e-04 -1.800030e-02 1.475000e+00 5.000000e-01 0.000000e+00
1.734432e-03 2.103324e-04 -1.800030e-02 1.525000e+00 5.000000e-01 0.000000e+00
1.228914e-03 1.773798e-04 -1.800030e-02 1.575000e+00 5.000000e-01 0.000000e+00
2.028724e-03 2.213536e-04 -1.800030e-02 1.625000e+00 5.000000e-01 0.000000e+00
1.555258e-03 1.914406e-04 -1.800030e-02 1.675000e+00 5.000000e-01 0.000000e+00
1.820800e-03 2.061670e-04 -1.800030e-02 1.725000e+00 5.000000e-01 0.000000e+00
9.598704e-04 1.517703e-04 -1.800030e-02 1.775000e+00 5.000000e-01 0.000000e+00
1.003192e-03 1.547977e-04 -1.800030e-02 1.825000e+00 5.000000e-01 0.000000e+00
1.396479e-03 1.802877e-04 -1.800030e-02 1.875000e+00 5.000000e-01 0.000000e+00
1.137103e-03 1.641293e-04 -1.800030e-02 1.925000e+00 5.000000e-01 0.000000e+00
7.782148e-04 1.375719e-04 -1.800030e-02 1.975000e+00 5.000000e-01 0.000000e+00
1.046508e-03 1.614825e-04 -1.800030e-02 2.025000e+00 5.000000e-01 0.000000e+00
9.834907e-04 1.555058e-04 -1.800030e-02 2.075000e+00 5.000000e-01 0.000000e+00
7.690729e-04 1.359566e-04 -1.800030e-02 2.125000e+00 5.000000e-01 0.000000e+00
7.640422e-04 1.350674e-04 -1.800030e-02 2.175000e+00 5.000000e-01 0.000000e+00
7.457770e-04 1.318384e-04 -1.800030e-02 2.225000e+00 5.000000e-01 0.000000e+00
5.448822e-04 1.112261e-04 -1.800030e-02 2.275000e+00 5.000000e-01 0.000000e+00
4.838155e-04 1.031516e-04 -1.800030e-02 2.325000e+00 5.000000e-01 0.000000e+00
3.826977e-04 9.020451e-05 -1.800030e-02 2.375000e+00 5.000000e-01 0.000000e+00
4.545674e-04 9.691847e-05 -1.800030e-02 2.425000e+00 5.000000e-01 0.000000e+00
4.856671e-04 9.913921e-05 -1.800030e-02 2.475000e+00 5.000000e-01 0.000000e+00
5.476360e-04 1.034950e-04 -1.800030e-02 2.525000e+00 5.000000e-01 0.000000e+00
4.123699e-04 8.792179e-05 -1.800030e-02 2.575000e+00 5.000000e-01 0.000000e+00
4.397597e-04 8.976994e-05 -1.800030e-02 2.625000e+00 5.000000e-01 0.000000e+00
6.564875e-04 1.065011e-04 -1.800030e-02 2.675000e+00 5.000000e-01 0.000000e+00
5.031339e-04 8.895155e-05 -1.800030e-02 2.725000e+00 5.000000e-01 0.000000e+00
5.510703e-04 8.940642e-05 -1.800030e-02 2.775000e+00 5.000000e-01 0.000000e+00
6.513099e-04 9.211971e-05 -1.800030e-02 2.825000e+00 5.000000e-01 0.000000e+00
1.160413e-03 1.184495e-04 -1.800030e-02 2.875000e+00 5.000000e-01 0.000000e+00
4.261694e-01 3.689820e-03 -8.000314e-03 2.500000e-02 5.000000e-01 0.000000e+00
6.442684e-02 1.447887e-03 -8.000314e-03 7.500000e-02 5.000000e-01 0.000000e+00
2.161975e-03 2.621786e-04 -8.000314e-03 1.250000e-01 5.000000e-01 0.000000e+00
2.574356e-03 2.952994e-04 -8.000314e-03 1.750000e-01 5.000000e-01 0.000000e+00
1.318663e-03 2.084995e-04 -8.000314e-03 2.250000e-01 5.000000e-01 0.000000e+00
1.416010e-03 2.184957e-04 -8.000314e-03 2.750000e-01 5.000000e-01 0.000000e+00
1.643189e-03 2.371744e-04 -8.000314e-03 3.250000e-01 5.000000e-01 0.000000e+00
8.790759e-04 1.724017e-04 -8.000314e-03 3.750000e-01 5.000000e-01 0.000000e+00
1.187867e-03 2.037182e-04 -8.000314e-03 4.250000e-01 5.000000e-01 0.000000e+00
7.774467e-04 1.657526e-04 -8.000314e-03 4.750000e-01 5.000000e-01 0.000000e+00
1.432868e-03 2.210970e-04 -8.000314e-03 5.250000e-01 5.000000e-01 0.000000e+00
5.648654e-04 1.412166e-04 -8.000314e-03 5.750000e-01 5.000000e-01 0.000000e+00
1.369441e-03 2.165282e-04 -8.000314e-03 6.250000e-01 5.000000e-01 0.000000e+00
1.716121e-03 2.426967e-04 -8.000314e-03 6.750000e-01 5.000000e-01 0.000000e+00
8.921210e-04 1.749599e-04 -8.000314e-03 7.250000e-01 5.000000e-01 0.000000e+00
1.686731e-03 2.385405e-04 -8.000314e-03 7.750000e-01 5.000000e-01 0.000000e+00
1.530258e-03 2.256249e-04 -8.000314e-03 8.250000e-01 5.000000e-01 0.000000e+00
1.609414e-03 2.322999e-04 -8.000314e-03 8.750000e-01 5.000000e-01 0.000000e+00
2.105091e-03 2.631376e-04 -8.000314e-03 9.250000e-01 5.000000e-01 0.000000e+00
2.217436e-03 2.689046e-04 -8.000314e-03 9.750000e-01 5.000000e-01 0.000000e+00
2.046441e-03 2.598996e-04 -8.000314e-03 1.025000e+00 5.000000e-01 0.000000e+00
2.047792e-03 2.559753e-04 -8.000314e-03 1.075000e+00 5.000000e-01 0.000000e+00
2.086675e-03 2.568536e-04 -8.000314e-03 1.125000e+00 5.000000e-01 0.000000e+00
2.156658e-03 2.615348e-04 -8.000314e-03 1.175000e+00 5.000000e-01 0.000000e+00
1.953629e-03 2.481123e-04 -8.000314e-03 1.225000e+00 5.000000e-01 0.000000e+00
2.146201e-03 2.565214e-04 -8.000314e-03 1.275000e+00 5.000000e-01 0.000000e+00
2.314094e-03 2.654468e-04 -8.000314e-03 1.325000e+00 5.000000e-01 0.000000e+00
2.166484e-03 2.553243e-04 -8.000314e-03 1.375000e+00 5.000000e-01 0.000000e+00
3.038317e-03 2.951093e-04 -8.000314e-03 1.425000e+00 5.000000e-01 0.000000e+00
2.210272e-03 2.440855e-04 -8.000314e-03 1.475000e+00 5.000000e-01 0.000000e+00
2.241135e-03 2.362384e-04 -8.000314e-03 1.525000e+00 5.000000e-01 0.000000e+00
1.961626e-03 2.193184e-04 -8.000314e-03 1.575000e+00 5.000000e-01 0.000000e+00
1.758459e-03 2.017110e-04 -8.000314e-03 1.625000e+00 5.000000e-01 0.000000e+00
1.867993e-03 2.062876e-04 -8.000314e-03 1.675000e+00 5.000000e-01 0.000000e+00
1.517813e-03 1.840641e-04 -8.000314e-03 1.725000e+00 5.000000e-01 0.000000e+00
1.085826e-03 1.567271e-04 -8.000314e-03 1.775000e+00 5.000000e-01 0.000000e+00
1.412682e-03 1.823790e-04 -8.000314e-03 1.825000e+00 5.000000e-01 0.000000e+00
1.209318e-03 1.710260e-04 -8.000314e-03 1.875000e+00 5.000000e-01 0.000000e+00
1.574433e-03 1.999553e-04 -8.000314e-03 1.925000e+00 5.000000e-01 0.000000e+00
1.061086e-03 1.637313e-04 -8.000314e-03 1.975000e+00 5.000000e-01 0.000000e+00
1.001492e-03 1.583532e-04 -8.000314e-03 2.025000e+00 5.000000e-01 0.000000e+00
6.887567e-04 1.301663e-04 -8.000314e-03 2.075000e+00 5.000000e-01 0.000000e+00
6.770297e-04 1.279485e-04 -8.000314e-03 2.125000e+00 5.000000e-01 0.000000e+00
8.598034e-04 1.433026e-04 -8.000314e-03 2.175000e+00 5.000000e-01 0.000000e+00
3.705308e-04 9.263346e-05 -8.000314e-03 2.225000e+00 5.000000e-01 0.000000e+00
5.007807e-04 1.067695e-04 -8.000314e-03 2.275000e+00 5.000000e-01 0.000000e+00
7.030014e-04 1.242761e-04 -8.000314e-03 2.325000e+00 5.000000e-01 0.000000e+00
6.036050e-04 1.140739e-04 -8.000314e-03 2.375000e+00 5.000000e-01 0.000000e+00
5.392611e-04 1.057616e-04 -8.000314e-03 2.425000e+00 5.000000e-01 0.000000e+00
3.991093e-04 8.924566e-05 -8.000314e-03 2.475000e+00 5.000000e-01 0.000000e+00
4.229673e-04 9.017971e-05 -8.000314e-03 2.525000e+00 5.000000e-01 0.000000e+00
4.938478e-04 9.685471e-05 -8.000314e-03 2.575000e+00 5.000000e-01 0.000000e+00
4.016908e-04 8.564790e-05 -8.000314e-03 2.625000e+00 5.000000e-01 0.000000e+00
4.176603e-04 8.526006e-05 -8.000314e-03 2.675000e+00 5.000000e-01 0.000000e+00
5.366506e-04 9.203956e-05 -8.000314e-03 2.725000e+00 5.000000e-01 0.000000e+00
5.505649e-04 8.932161e-05 -8.000314e-03 2.775000e+00 5.000000e-01 0.000000e+00
7.934303e-04 1.024414e-04 -8.000314e-03 2.825000e+00 5.000000e-01 0.000000e+00
9.444875e-04 1.069557e-04 -8.000314e-03 2.875000e+00 5.000000e-01 0.000000e+00
4.217522e-01 3.662022e-03 1.999676e-03 2.500000e-02 5.000000e-01 0.000000e+00
6.401307e-02 1.444436e-03 1.999676e-03 7.500000e-02 5.000000e-01 0.000000e+00
2.922715e-03 3.047148e-04 1.999676e-03 1.250000e-01 5.000000e-01 0.000000e+00
2.160381e-03 2.700481e-04 1.999676e-03 1.750000e-01 5.000000e-01 0.000000e+00
1.914166e-03 2.513429e-04 1.999676e-03 2.250000e-01 5.000000e-01 0.000000e+00
1.076447e-03 1.902914e-04 1.999676e-03 2.750000e-01 5.000000e-01 0.000000e+00
1.919851e-03 2.565517e-04 1.999676e-03 3.250000e-01 5.000000e-01 0.000000e+00
8.125820e-04 1.658681e-04 1.999676e-03 3.750000e-01 5.000000e-01 0.000000e+00
1.806805e-03 2.505596e-04 1.999676e-03 4.250000e-01 5.000000e-01 0.000000e+00
1.410095e-03 2.229561e-04 1.999676e-03 4.750000e-01 5.000000e-01 0.000000e+00
1.705293e-03 2.411655e-04 1.999676e-03 5.250000e-01 5.000000e-01 0.000000e+00
1.842017e-03 2.554425e-04 1.999676e-03 5.750000e-01 5.000000e-01 0.000000e+00
6.848955e-04 1.531478e-04 1.999676e-03 6.250000e-01 5.000000e-01 0.000000e+00
1.237332e-03 2.062226e-04 1.999676e-03 6.750000e-01 5.000000e-01 0.000000e+00
1.304643e-03 2.116419e-04 1.999676e-03 7.250000e-01 5.000000e-01 0.000000e+00
1.955871e-03 2.568192e-04 1.999676e-03 7.750000e-01 5.000000e-01 0.000000e+00
2.061879e-03 2.618600e-04 1.999676e-03 8.250000e-01 5.000000e-01 0.000000e+00
1.274619e-03 2.067716e-04 1.999676e-03 8.750000e-01 5.000000e-01 0.000000e+00
2.955056e-03 3.114918e-04 1.999676e-03 9.250000e-01 5.000000e-01 0.000000e+00
2.739140e-03 2.988661e-04 1.999676e-03 9.750000e-01 5.000000e-01 0.000000e+00
2.306016e-03 2.756233e-04 1.999676e-03 1.025000e+00 5.000000e-01 0.000000e+00
1.341586e-03 2.070124e-04 1.999676e-03 1.075000e+00 5.000000e-01 0.000000e+00
1.583495e-03 2.239415e-04 1.999676e-03 1.125000e+00 5.000000e-01 0.000000e+00
2.911311e-03 3.035270e-04 1.999676e-03 1.175000e+00 5.000000e-01 0.000000e+00
2.401785e-03 2.755045e-04 1.999676e-03 1.225000e+00 5.000000e-01 0.000000e+00
2.024800e-03 2.492368e-04 1.999676e-03 1.275000e+00 5.000000e-01 0.000000e+00
2.197955e-03 2.590329e-04 1.999676e-03 1.325000e+00 5.000000e-01 0.000000e+00
2.014585e-03 2.479801e-04 1.999676e-03 1.375000e+00 5.000000e-01 0.000000e+00
1.919903e-03 2.363255e-04 1.999676e-03 1.425000e+00 5.000000e-01 0.000000e+00
1.964635e-03 2.315366e-04 1.999676e-03 1.475000e+00 5.000000e-01 0.000000e+00
2.147320e-03 2.315534e-04 1.999676e-03 1.525000e+00 5.000000e-01 0.000000e+00
1.906835e-03 2.131928e-04 1.999676e-03 1.575000e+00 5.000000e-01 0.000000e+00
2.713478e-03 2.497983e-04 1.999676e-03 1.625000e+00 5.000000e-01 0.000000e+00
1.499930e-03 1.846304e-04 1.999676e-03 1.675000e+00 5.000000e-01 0.000000e+00
2.220508e-03 2.220529e-04 1.999676e-03 1.725000e+00 5.000000e-01 0.000000e+00
8.861233e-04 1.401095e-04 1.999676e-03 1.775000e+00 5.000000e-01 0.000000e+00
1.935607e-03 2.111941e-04 1.999676e-03 1.825000e+00 5.000000e-01 0.000000e+00
1.251890e-03 1.770459e-04 1.999676e-03 1.875000e+00 5.000000e-01 0.000000e+00
1.039316e-03 1.643315e-04 1.999676e-03 1.925000e+00 5.000000e-01 0.000000e+00
1.057934e-03 1.632440e-04 1.999676e-03 1.975000e+00 5.000000e-01 0.000000e+00
1.698511e-03 2.059785e-04 1.999676e-03 2.025000e+00 5.000000e-01 0.000000e+00
6.903789e-04 1.304719e-04 1.999676e-03 2.075000e+00 5.000000e-01 0.000000e+00
1.301889e-03 1.771673e-04 1.999676e-03 2.125000e+00 5.000000e-01 0.000000e+00
1.005867e-03 1.552113e-04 1.999676e-03 2.175000e+00 5.000000e-01 0.000000e+00
3.241445e-04 8.663214e-05 1.999676e-03 2.225000e+00 5.000000e-01 0.000000e+00
4.520947e-04 1.010937e-04 1.999676e-03 2.275000e+00 5.000000e-01 0.000000e+00
4.856254e-04 1.035367e-04 1.999676e-03 2.325000e+00 5.000000e-01 0.000000e+00
9.496504e-04 1.431682e-04 1.999676e-03 2.375000e+00 5.000000e-01 0.000000e+00
3.739689e-04 8.814783e-05 1.999676e-03 2.425000e+00 5.000000e-01 0.000000e+00
5.906776e-04 1.078450e-04 1.999676e-03 2.475000e+00 5.000000e-01 0.000000e+00
6.957674e-04 1.159680e-04 1.999676e-03 2.525000e+00 5.000000e-01 0.000000e+00
4.994829e-04 9.795954e-05 1.999676e-03 2.575000e+00 5.000000e-01 0.000000e+00
5.847734e-04 1.033809e-04 1.999676e-03 2.625000e+00 5.000000e-01 0.000000e+00
7.972825e-04 1.175619e-04 1.999676e-03 2.675000e+00 5.000000e-01 0.000000e+00
5.644656e-04 9.408523e-05 1.999676e-03 2.725000e+00 5.000000e-01 0.000000e+00
6.412550e-04 9.667862e-05 1.999676e-03 2.775000e+00 5.000000e-01 0.000000e+00
6.070584e-04 8.951230e-05 1.999676e-03 2.825000e+00 5.000000e-01 0.000000e+00
9.754407e-04 1.090720e-04 1.999676e-03 2.875000e+00 5.000000e-01 0.000000e+00
4.230620e-01 3.672564e-03 1.199967e-02 2.500000e-02 5.000000e-01 0.000000e+00
6.780446e-02 1.485285e-03 1.199967e-02 7.500000e-02 5.000000e-01 0.000000e+00
2.291070e-03 2.700059e-04 1.199967e-02 1.250000e-01 5.000000e-01 0.000000e+00
2.579564e-03 2.958968e-04 1.199967e-02 1.750000e-01 5.000000e-01 0.000000e+00
1.446998e-03 2.181438e-04 1.199967e-02 2.250000e-01 5.000000e-01 0.000000e+00
1.418717e-03 2.189133e-04 1.199967e-02 2.750000e-01 5.000000e-01 0.000000e+00
1.842816e-03 2.507760e-04 1.199967e-02 3.250000e-01 5.000000e-01 0.000000e+00
1.083614e-03 1.915583e-04 1.199967e-02 3.750000e-01 5.000000e-01 0.000000e+00
1.191179e-03 2.042861e-04 1.199967e-02 4.250000e-01 5.000000e-01 0.000000e+00
9.869422e-04 1.865150e-04 1.199967e-02 4.750000e-01 5.000000e-01 0.000000e+00
1.163309e-03 1.995068e-04 1.199967e-02 5.250000e-01 5.000000e-01 0.000000e+00
9.172945e-04 1.798969e-04 1.199967e-02 5.750000e-01 5.000000e-01 0.000000e+00
2.117252e-03 2.688919e-04 1.199967e-02 6.250000e-01 5.000000e-01 0.000000e+00
1.584300e-03 2.335930e-04 1.199967e-02 6.750000e-01 5.000000e-01 0.000000e+00
9.599640e-04 1.814168e-04 1.199967e-02 7.250000e-01 5.000000e-01 0.000000e+00
1.484496e-03 2.237971e-04 1.199967e-02 7.750000e-01 5.000000e-01 0.000000e+00
1.465897e-03 2.209931e-04 1.199967e-02 8.250000e-01 5.000000e-01 0.000000e+00
2.479163e-03 2.881982e-04 1.199967e-02 8.750000e-01 5.000000e-01 0.000000e+00
2.104396e-03 2.630506e-04 1.199967e-02 9.250000e-01 5.000000e-01 0.000000e+00
2.085412e-03 2.606776e-04 1.199967e-02 9.750000e-01 5.000000e-01 0.000000e+00
2.572474e-03 2.912766e-04 1.199967e-02 1.025000e+00 5.000000e-01 0.000000e+00
2.171679e-03 2.633561e-04 1.199967e-02 1.075000e+00 5.000000e-01 0.000000e+00
2.090407e-03 2.573130e-04 1.199967e-02 1.125000e+00 5.000000e-01 0.000000e+00
2.410334e-03 2.764858e-04 1.199967e-02 1.175000e+00 5.000000e-01 0.000000e+00
2.081037e-03 2.561591e-04 1.199967e-02 1.225000e+00 5.000000e-01 0.000000e+00
1.960337e-03 2.450436e-04 1.199967e-02 1.275000e+00 5.000000e-01 0.000000e+00
2.001132e-03 2.463246e-04 1.199967e-02 1.325000e+00 5.000000e-01 0.000000e+00
2.131501e-03 2.512014e-04 1.199967e-02 1.375000e+00 5.000000e-01 0.000000e+00
2.694759e-03 2.750344e-04 1.199967e-02 1.425000e+00 5.000000e-01 0.000000e+00
2.235195e-03 2.438818e-04 1.199967e-02 1.475000e+00 5.000000e-01 0.000000e+00
2.263259e-03 2.385700e-04 1.199967e-02 1.525000e+00 5.000000e-01 0.000000e+00
1.596743e-03 1.995946e-04 1.199967e-02 1.575000e+00 5.000000e-01 0.000000e+00
1.508016e-03 1.885034e-04 1.199967e-02 1.625000e+00 5.000000e-01 0.000000e+00
1.686969e-03 1.961078e-04 1.199967e-02 1.675000e+00 5.000000e-01 0.000000e+00
1.357636e-03 1.752720e-04 1.199967e-02 1.725000e+00 5.000000e-01 0.000000e+00
1.023189e-03 1.542530e-04 1.199967e-02 1.775000e+00 5.000000e-01 0.000000e+00
1.232810e-03 1.709625e-04 1.199967e-02 1.825000e+00 5.000000e-01 0.000000e+00
1.094731e-03 1.614122e-04 1.199967e-02 1.875000e+00 5.000000e-01 0.000000e+00
1.330997e-03 1.811280e-04 1.199967e-02 1.925000e+00 5.000000e-01 0.000000e+00
1.002012e-03 1.584342e-04 1.199967e-02 1.975000e+00 5.000000e-01 0.000000e+00
5.980521e-04 1.220788e-04 1.199967e-02 2.025000e+00 5.000000e-01 0.000000e+00
8.396523e-04 1.440023e-04 1.199967e-02 2.075000e+00 5.000000e-01 0.000000e+00
7.236943e-04 1.321305e-04 1.199967e-02 2.125000e+00 5.000000e-01 0.000000e+00
6.202315e-04 1.216389e-04 1.199967e-02 2.175000e+00 5.000000e-01 0.000000e+00
5.565601e-04 1.136094e-04 1.199967e-02 2.225000e+00 5.000000e-01 0.000000e+00
7.278944e-04 1.286777e-04 1.199967e-02 2.275000e+00 5.000000e-01 0.000000e+00
7.034836e-04 1.243618e-04 1.199967e-02 2.325000e+00 5.000000e-01 0.000000e+00
6.012365e-04 1.136264e-04 1.199967e-02 2.375000e+00 5.000000e-01 0.000000e+00
4.120248e-04 9.213627e-05 1.199967e-02 2.425000e+00 5.000000e-01 0.000000e+00
2.416898e-04 6.977360e-05 1.199967e-02 2.475000e+00 5.000000e-01 0.000000e+00
4.640842e-04 9.473362e-05 1.199967e-02 2.525000e+00 5.000000e-01 0.000000e+00
6.028614e-04 1.065761e-04 1.199967e-02 2.575000e+00 5.000000e-01 0.000000e+00
3.281282e-04 7.734755e-05 1.199967e-02 2.625000e+00 5.000000e-01 0.000000e+00
4.858814e-04 9.182962e-05 1.199967e-02 2.675000e+00 5.000000e-01 0.000000e+00
4.114890e-04 8.070621e-05 1.199967e-02 2.725000e+00 5.000000e-01 0.000000e+00
5.211828e-04 8.687072e-05 1.199967e-02 2.775000e+00 5.000000e-01 0.000000e+00
7.876774e-04 1.016999e-04 1.199967e-02 2.825000e+00 5.000000e-01 0.000000e+00
1.067245e-03 1.137818e-04 1.199967e-02 2.875000e+00 5.000000e-01 0.000000e+00
4.250786e-01 3.703351e-03 2.199966e-02 2.500000e-02 5.000000e-01 0.000000e+00
6.631173e-02 1.469610e-03 2.199966e-02 7.500000e-02 5.000000e-01 0.000000e+00
2.882069e-03 3.037975e-04 2.199966e-02 1.250000e-01 5.000000e-01 0.000000e+00
2.989934e-03 3.187287e-04 2.199966e-02 1.750000e-01 5.000000e-01 0.000000e+00
1.310060e-03 2.071393e-04 2.199966e-02 2.250000e-01 5.000000e-01 0.000000e+00
1.652855e-03 2.385697e-04 2.199966e-02 2.750000e-01 5.000000e-01 0.000000e+00
1.090071e-03 1.926997e-04 2.199966e-02 3.250000e-01 5.000000e-01 0.000000e+00
1.424385e-03 2.197880e-04 2.199966e-02 3.750000e-01 5.000000e-01 0.000000e+00
1.278622e-03 2.131042e-04 2.199966e-02 4.250000e-01 5.000000e-01 0.000000e+00
8.430974e-04 1.720970e-04 2.199966e-02 4.750000e-01 5.000000e-01 0.000000e+00
1.031226e-03 1.882757e-04 2.199966e-02 5.250000e-01 5.000000e-01 0.000000e+00
1.192819e-03 2.045676e-04 2.199966e-02 5.750000e-01 5.000000e-01 0.000000e+00
1.229967e-03 2.049954e-04 2.199966e-02 6.250000e-01 5.000000e-01 0.000000e+00
1.100351e-03 1.945170e-04 2.199966e-02 6.750000e-01 5.000000e-01 0.000000e+00
1.576970e-03 2.325124e-04 2.199966e-02 7.250000e-01 5.000000e-01 0.000000e+00
1.748510e-03 2.424755e-04 2.199966e-02 7.750000e-01 5.000000e-01 0.000000e+00
3.094394e-03 3.226142e-04 2.199966e-02 8.250000e-01 5.000000e-01 0.000000e+00
2.469464e-03 2.870705e-04 2.199966e-02 8.750000e-01 5.000000e-01 0.000000e+00
1.907194e-03 2.504276e-04 2.199966e-02 9.250000e-01 5.000000e-01 0.000000e+00
2.548719e-03 2.885867e-04 2.199966e-02 9.750000e-01 5.000000e-01 0.000000e+00
2.902213e-03 3.093784e-04 2.199966e-02 1.025000e+00 5.000000e-01 0.000000e+00
2.674511e-03 2.918143e-04 2.199966e-02 1.075000e+00 5.000000e-01 0.000000e+00
2.297309e-03 2.707419e-04 2.199966e-02 1.125000e+00 5.000000e-01 0.000000e+00
2.284317e-03 2.692108e-04 2.199966e-02 1.175000e+00 5.000000e-01 0.000000e+00
2.559996e-03 2.827059e-04 2.199966e-02 1.225000e+00 5.000000e-01 0.000000e+00
1.924466e-03 2.405599e-04 2.199966e-02 1.275000e+00 5.000000e-01 0.000000e+00
1.472456e-03 2.082380e-04 2.199966e-02 1.325000e+00 5.000000e-01 0.000000e+00
2.704604e-03 2.760394e-04 2.199966e-02 1.375000e+00 5.000000e-01 0.000000e+00
1.915133e-03 2.257023e-04 2.199966e-02 1.425000e+00 5.000000e-01 0.000000e+00
1.734602e-03 2.135162e-04 2.199966e-02 1.475000e+00 5.000000e-01 0.000000e+00
1.494802e-03 1.962783e-04 2.199966e-02 1.525000e+00 5.000000e-01 0.000000e+00
1.447724e-03 1.934619e-04 2.199966e-02 1.575000e+00 5.000000e-01 0.000000e+00
1.927428e-03 2.182400e-04 2.199966e-02 1.625000e+00 5.000000e-01 0.000000e+00
1.509390e-03 1.916949e-04 2.199966e-02 1.675000e+00 5.000000e-01 0.000000e+00
2.027899e-03 2.212640e-04 2.199966e-02 1.725000e+00 5.000000e-01 0.000000e+00
1.404251e-03 1.843890e-04 2.199966e-02 1.775000e+00 5.000000e-01 0.000000e+00
1.477077e-03 1.875913e-04 2.199966e-02 1.825000e+00 5.000000e-01 0.000000e+00
1.298471e-03 1.735180e-04 2.199966e-02 1.875000e+00 5.000000e-01 0.000000e+00
1.166222e-03 1.649311e-04 2.199966e-02 1.925000e+00 5.000000e-01 0.000000e+00
8.493435e-04 1.415592e-04 2.199966e-02 1.975000e+00 5.000000e-01 0.000000e+00
1.326505e-03 1.805175e-04 2.199966e-02 2.025000e+00 5.000000e-01 0.000000e+00
8.408980e-04 1.442145e-04 2.199966e-02 2.075000e+00 5.000000e-01 0.000000e+00
7.196955e-04 1.313998e-04 2.199966e-02 2.125000e+00 5.000000e-01 0.000000e+00
6.683795e-04 1.263143e-04 2.199966e-02 2.175000e+00 5.000000e-01 0.000000e+00
6.979159e-04 1.274237e-04 2.199966e-02 2.225000e+00 5.000000e-01 0.000000e+00
4.071203e-04 9.596140e-05 2.199966e-02 2.275000e+00 5.000000e-01 0.000000e+00
5.254921e-04 1.072679e-04 2.199966e-02 2.325000e+00 5.000000e-01 0.000000e+00
4.651306e-04 9.916728e-05 2.199966e-02 2.375000e+00 5.000000e-01 0.000000e+00
4.994782e-04 1.019599e-04 2.199966e-02 2.425000e+00 5.000000e-01 0.000000e+00
5.675779e-04 1.072665e-04 2.199966e-02 2.475000e+00 5.000000e-01 0.000000e+00
5.501150e-04 1.039632e-04 2.199966e-02 2.525000e+00 5.000000e-01 0.000000e+00
3.372931e-04 7.950409e-05 2.199966e-02 2.575000e+00 5.000000e-01 0.000000e+00
5.077742e-04 9.596530e-05 2.199966e-02 2.625000e+00 5.000000e-01 0.000000e+00
5.878057e-04 1.008127e-04 2.199966e-02 2.675000e+00 5.000000e-01 0.000000e+00
6.333190e-04 1.001445e-04 2.199966e-02 2.725000e+00 5.000000e-01 0.000000e+00
6.951487e-04 1.003455e-04 2.199966e-02 2.775000e+00 5.000000e-01 0.000000e+00
7.287731e-04 9.739694e-05 2.199966e-02 2.825000e+00 5.000000e-01 0.000000e+00
1.133854e-03 1.169631e-04 2.199966e-02 2.875000e+00 5.000000e-01 0.000000e+00
4.316211e-01 3.744327e-03 3.199965e-02 2.500000e-02 5.000000e-01 0.000000e+00
6.790667e-02 1.485387e-03 3.199965e-02 7.500000e-02 5.000000e-01 0.000000e+00
1.891454e-03 2.483610e-04 3.199965e-02 1.250000e-01 5.000000e-01 0.000000e+00
1.959769e-03 2.573308e-04 3.199965e-02 1.750000e-01 5.000000e-01 0.000000e+00
1.640544e-03 2.320084e-04 3.199965e-02 2.250000e-01 5.000000e-01 0.000000e+00
1.475447e-03 2.276670e-04 3.199965e-02 2.750000e-01 5.000000e-01 0.000000e+00
6.822373e-04 1.525533e-04 3.199965e-02 3.250000e-01 5.000000e-01 0.000000e+00
1.658808e-03 2.394290e-04 3.199965e-02 3.750000e-01 5.000000e-01 0.000000e+00
1.349738e-03 2.189571e-04 3.199965e-02 4.250000e-01 5.000000e-01 0.000000e+00
1.328183e-03 2.154601e-04 3.199965e-02 4.750000e-01 5.000000e-01 0.000000e+00
1.465770e-03 2.261739e-04 3.199965e-02 5.250000e-01 5.000000e-01 0.000000e+00
1.394813e-03 2.205400e-04 3.199965e-02 5.750000e-01 5.000000e-01 0.000000e+00
1.433330e-03 2.211684e-04 3.199965e-02 6.250000e-01 5.000000e-01 0.000000e+00
1.728927e-03 2.445080e-04 3.199965e-02 6.750000e-01 5.000000e-01 0.000000e+00
1.502783e-03 2.265537e-04 3.199965e-02 7.250000e-01 5.000000e-01 0.000000e+00
1.996703e-03 2.577744e-04 3.199965e-02 7.750000e-01 5.000000e-01 0.000000e+00
2.040706e-03 2.634551e-04 3.199965e-02 8.250000e-01 5.000000e-01 0.000000e+00
2.248532e-03 2.726761e-04 3.199965e-02 8.750000e-01 5.000000e-01 0.000000e+00
2.038943e-03 2.589473e-04 3.199965e-02 9.250000e-01 5.000000e-01 0.000000e+00
2.507799e-03 2.876658e-04 3.199965e-02 9.750000e-01 5.000000e-01 0.000000e+00
2.826259e-03 3.047651e-04 3.199965e-02 1.025000e+00 5.000000e-01 0.000000e+00
2.730166e-03 2.944026e-04 3.199965e-02 1.075000e+00 5.000000e-01 0.000000e+00
2.895737e-03 3.052391e-04 3.199965e-02 1.125000e+00 5.000000e-01 0.000000e+00
2.387430e-03 2.738586e-04 3.199965e-02 1.175000e+00 5.000000e-01 0.000000e+00
2.166575e-03 2.553349e-04 3.199965e-02 1.225000e+00 5.000000e-01 0.000000e+00
2.206306e-03 2.530824e-04 3.199965e-02 1.275000e+00 5.000000e-01 0.000000e+00
2.071734e-03 2.408354e-04 3.199965e-02 1.325000e+00 5.000000e-01 0.000000e+00
2.231051e-03 2.463801e-04 3.199965e-02 1.375000e+00 5.000000e-01 0.000000e+00
2.054669e-03 2.326473e-04 3.199965e-02 1.425000e+00 5.000000e-01 0.000000e+00
1.999930e-03 2.294095e-04 3.199965e-02 1.475000e+00 5.000000e-01 0.000000e+00
2.149419e-03 2.373657e-04 3.199965e-02 1.525000e+00 5.000000e-01 0.000000e+00
1.476876e-03 1.973578e-04 3.199965e-02 1.575000e+00 5.000000e-01 0.000000e+00
1.749118e-03 2.153033e-04 3.199965e-02 1.625000e+00 5.000000e-01 0.000000e+00
2.482327e-03 2.588025e-04 3.199965e-02 1.675000e+00 5.000000e-01 0.000000e+00
1.351995e-03 1.874899e-04 3.199965e-02 1.725000e+00 5.000000e-01 0.000000e+00
1.321268e-03 1.798037e-04 3.199965e-02 1.775000e+00 5.000000e-01 0.000000e+00
1.684878e-03 2.013836e-04 3.199965e-02 1.825000e+00 5.000000e-01 0.000000e+00
1.039202e-03 1.566674e-04 3.199965e-02 1.875000e+00 5.000000e-01 0.000000e+00
1.320084e-03 1.764057e-04 3.199965e-02 1.925000e+00 5.000000e-01 0.000000e+00
1.493638e-03 1.867076e-04 3.199965e-02 1.975000e+00 5.000000e-01 0.000000e+00
1.218350e-03 1.689571e-04 3.199965e-02 2.025000e+00 5.000000e-01 0.000000e+00
1.357472e-03 1.814028e-04 3.199965e-02 2.075000e+00 5.000000e-01 0.000000e+00
1.048993e-03 1.581449e-04 3.199965e-02 2.125000e+00 5.000000e-01 0.000000e+00
6.639041e-04 1.254681e-04 3.199965e-02 2.175000e+00 5.000000e-01 0.000000e+00
6.049614e-04 1.186451e-04 3.199965e-02 2.225000e+00 5.000000e-01 0.000000e+00
7.726869e-04 1.325182e-04 3.199965e-02 2.275000e+00 5.000000e-01 0.000000e+00
7.341316e-04 1.259053e-04 3.199965e-02 2.325000e+00 5.000000e-01 0.000000e+00
4.298685e-04 9.612356e-05 3.199965e-02 2.375000e+00 5.000000e-01 0.000000e+00
5.040283e-04 1.028894e-04 3.199965e-02 2.425000e+00 5.000000e-01 0.000000e+00
3.632930e-04 8.563134e-05 3.199965e-02 2.475000e+00 5.000000e-01 0.000000e+00
4.742982e-04 9.681920e-05 3.199965e-02 2.525000e+00 5.000000e-01 0.000000e+00
4.169741e-04 8.890286e-05 3.199965e-02 2.575000e+00 5.000000e-01 0.000000e+00
5.412245e-04 9.881856e-05 3.199965e-02 2.625000e+00 5.000000e-01 0.000000e+00
5.505200e-04 9.732412e-05 3.199965e-02 2.675000e+00 5.000000e-01 0.000000e+00
7.076679e-04 1.066941e-04 3.199965e-02 2.725000e+00 5.000000e-01 0.000000e+00
1.075995e-03 1.250927e-04 3.199965e-02 2.775000e+00 5.000000e-01 0.000000e+00
7.007989e-04 9.537978e-05 3.199965e-02 2.825000e+00 5.000000e-01 0.000000e+00
1.014469e-03 1.107001e-04 3.199965e-02 2.875000e+00 5.000000e-01 0.000000e+00
4.271041e-01 3.728788e-03 4.199964e-02 2.500000e-02 5.000000e-01 0.000000e+00
6.788755e-02 1.475121e-03 4.199964e-02 7.500000e-02 5.000000e-01 0.000000e+00
2.494037e-03 2.899266e-04 4.199964e-02 1.250000e-01 5.000000e-01 0.000000e+00
1.876296e-03 2.507310e-04 4.199964e-02 1.750000e-01 5.000000e-01 0.000000e+00
2.220731e-03 2.733538e-04 4.199964e-02 2.250000e-01 5.000000e-01 0.000000e+00
1.540661e-03 2.322639e-04 4.199964e-02 2.750000e-01 5.000000e-01 0.000000e+00
8.863875e-04 1.738355e-04 4.199964e-02 3.250000e-01 5.000000e-01 0.000000e+00
1.343606e-03 2.179622e-04 4.199964e-02 3.750000e-01 5.000000e-01 0.000000e+00
1.425044e-03 2.253198e-04 4.199964e-02 4.250000e-01 5.000000e-01 0.000000e+00
7.624330e-04 1.625518e-04 4.199964e-02 4.750000e-01 5.000000e-01 0.000000e+00
1.200008e-03 2.058003e-04 4.199964e-02 5.250000e-01 5.000000e-01 0.000000e+00
1.523049e-03 2.296089e-04 4.199964e-02 5.750000e-01 5.000000e-01 0.000000e+00
9.658078e-04 1.825213e-04 4.199964e-02 6.250000e-01 5.000000e-01 0.000000e+00
1.591778e-03 2.346959e-04 4.199964e-02 6.750000e-01 5.000000e-01 0.000000e+00
1.433306e-03 2.211649e-04 4.199964e-02 7.250000e-01 5.000000e-01 0.000000e+00
2.346055e-03 2.804081e-04 4.199964e-02 7.750000e-01 5.000000e-01 0.000000e+00
1.829877e-03 2.490155e-04 4.199964e-02 8.250000e-01 5.000000e-01 0.000000e+00
2.168509e-03 2.669258e-04 4.199964e-02 8.750000e-01 5.000000e-01 0.000000e+00
2.190103e-03 2.695842e-04 4.199964e-02 9.250000e-01 5.000000e-01 0.000000e+00
2.642703e-03 2.954644e-04 4.199964e-02 9.750000e-01 5.000000e-01 0.000000e+00
2.982733e-03 3.109728e-04 4.199964e-02 1.025000e+00 5.000000e-01 0.000000e+00
1.849806e-03 2.428927e-04 4.199964e-02 1.075000e+00 5.000000e-01 0.000000e+00
2.782048e-03 2.965688e-04 4.199964e-02 1.125000e+00 5.000000e-01 0.000000e+00
2.596349e-03 2.799726e-04 4.199964e-02 1.175000e+00 5.000000e-01 0.000000e+00
2.281020e-03 2.550272e-04 4.199964e-02 1.225000e+00 5.000000e-01 0.000000e+00
2.029364e-03 2.391639e-04 4.199964e-02 1.275000e+00 5.000000e-01 0.000000e+00
1.800781e-03 2.216618e-04 4.199964e-02 1.325000e+00 5.000000e-01 0.000000e+00
1.896288e-03 2.266516e-04 4.199964e-02 1.375000e+00 5.000000e-01 0.000000e+00
1.783223e-03 2.162492e-04 4.199964e-02 1.425000e+00 5.000000e-01 0.000000e+00
1.924826e-03 2.268441e-04 4.199964e-02 1.475000e+00 5.000000e-01 0.000000e+00
1.944237e-03 2.291319e-04 4.199964e-02 1.525000e+00 5.000000e-01 0.000000e+00
1.673797e-03 2.160886e-04 4.199964e-02 1.575000e+00 5.000000e-01 0.000000e+00
1.700750e-03 2.195678e-04 4.199964e-02 1.625000e+00 5.000000e-01 0.000000e+00
1.663970e-03 2.148195e-04 4.199964e-02 1.675000e+00 5.000000e-01 0.000000e+00
1.468546e-03 1.998459e-04 4.199964e-02 1.725000e+00 5.000000e-01 0.000000e+00
1.255623e-03 1.812355e-04 4.199964e-02 1.775000e+00 5.000000e-01 0.000000e+00
1.359959e-03 1.850687e-04 4.199964e-02 1.825000e+00 5.000000e-01 0.000000e+00
1.385066e-03 1.818700e-04 4.199964e-02 1.875000e+00 5.000000e-01 0.000000e+00
1.219474e-03 1.691134e-04 4.199964e-02 1.925000e+00 5.000000e-01 0.000000e+00
1.298090e-03 1.734670e-04 4.199964e-02 1.975000e+00 5.000000e-01 0.000000e+00
9.511284e-04 1.467641e-04 4.199964e-02 2.025000e+00 5.000000e-01 0.000000e+00
1.015682e-03 1.531227e-04 4.199964e-02 2.075000e+00 5.000000e-01 0.000000e+00
7.082462e-04 1.293097e-04 4.199964e-02 2.125000e+00 5.000000e-01 0.000000e+00
7.547423e-04 1.334230e-04 4.199964e-02 2.175000e+00 5.000000e-01 0.000000e+00
5.083066e-04 1.083727e-04 4.199964e-02 2.225000e+00 5.000000e-01 0.000000e+00
5.832990e-04 1.143969e-04 4.199964e-02 2.275000e+00 5.000000e-01 0.000000e+00
3.086612e-04 8.249509e-05 4.199964e-02 2.325000e+00 5.000000e-01 0.000000e+00
5.585416e-04 1.095404e-04 4.199964e-02 2.375000e+00 5.000000e-01 0.000000e+00
5.458199e-04 1.070484e-04 4.199964e-02 2.425000e+00 5.000000e-01 0.000000e+00
4.464028e-04 9.517642e-05 4.199964e-02 2.475000e+00 5.000000e-01 0.000000e+00
5.119450e-04 1.004062e-04 4.199964e-02 2.525000e+00 5.000000e-01 0.000000e+00
5.339289e-04 1.009071e-04 4.199964e-02 2.575000e+00 5.000000e-01 0.000000e+00
4.756436e-04 9.328544e-05 4.199964e-02 2.625000e+00 5.000000e-01 0.000000e+00
5.172814e-04 9.445031e-05 4.199964e-02 2.675000e+00 5.000000e-01 0.000000e+00
6.440012e-04 1.018328e-04 4.199964e-02 2.725000e+00 5.000000e-01 0.000000e+00
6.690574e-04 9.865746e-05 4.199964e-02 2.775000e+00 5.000000e-01 0.000000e+00
1.028498e-03 1.164661e-04 4.199964e-02 2.825000e+00 5.000000e-01 0.000000e+00
1.125480e-03 1.173518e-04 4.199964e-02 2.875000e+00 5.000000e-01 0.000000e+00
4.274097e-01 3.731457e-03 5.199963e-02 2.500000e-02 5.000000e-01 0.000000e+00
6.820695e-02 1.492670e-03 5.199963e-02 7.500000e-02 5.000000e-01 0.000000e+00
2.788518e-03 3.079409e-04 5.199963e-02 1.250000e-01 5.000000e-01 0.000000e+00
2.927096e-03 3.120302e-04 5.199963e-02 1.750000e-01 5.000000e-01 0.000000e+00
1.253779e-03 2.089638e-04 5.199963e-02 2.250000e-01 5.000000e-01 0.000000e+00
1.801105e-03 2.497691e-04 5.199963e-02 2.750000e-01 5.000000e-01 0.000000e+00
1.390937e-03 2.199270e-04 5.199963e-02 3.250000e-01 5.000000e-01 0.000000e+00
1.007457e-03 1.903920e-04 5.199963e-02 3.750000e-01 5.000000e-01 0.000000e+00
1.207072e-03 2.070118e-04 5.199963e-02 4.250000e-01 5.000000e-01 0.000000e+00
1.052288e-03 1.921213e-04 5.199963e-02 4.750000e-01 5.000000e-01 0.000000e+00
1.273277e-03 2.122133e-04 5.199963e-02 5.250000e-01 5.000000e-01 0.000000e+00
1.709256e-03 2.417265e-04 5.199963e-02 5.750000e-01 5.000000e-01 0.000000e+00
1.332223e-03 2.161161e-04 5.199963e-02 6.250000e-01 5.000000e-01 0.000000e+00
1.232241e-03 2.053739e-04 5.199963e-02 6.750000e-01 5.000000e-01 0.000000e+00
1.625516e-03 2.346236e-04 5.199963e-02 7.250000e-01 5.000000e-01 0.000000e+00
2.244681e-03 2.763024e-04 5.199963e-02 7.750000e-01 5.000000e-01 0.000000e+00
2.547656e-03 2.922372e-04 5.199963e-02 8.250000e-01 5.000000e-01 0.000000e+00
1.837610e-03 2.455618e-04 5.199963e-02 8.750000e-01 5.000000e-01 0.000000e+00
2.134175e-03 2.667728e-04 5.199963e-02 9.250000e-01 5.000000e-01 0.000000e+00
2.373945e-03 2.797738e-04 5.199963e-02 9.750000e-01 5.000000e-01 0.000000e+00
2.548683e-03 2.849530e-04 5.199963e-02 1.025000e+00 5.000000e-01 0.000000e+00
2.026510e-03 2.533147e-04 5.199963e-02 1.075000e+00 5.000000e-01 0.000000e+00
1.673432e-03 2.236227e-04 5.199963e-02 1.125000e+00 5.000000e-01 0.000000e+00
2.213963e-03 2.506833e-04 5.199963e-02 1.175000e+00 5.000000e-01 0.000000e+00
1.897066e-03 2.300541e-04 5.199963e-02 1.225000e+00 5.000000e-01 0.000000e+00
1.619188e-03 2.126111e-04 5.199963e-02 1.275000e+00 5.000000e-01 0.000000e+00
1.907033e-03 2.279359e-04 5.199963e-02 1.325000e+00 5.000000e-01 0.000000e+00
2.031759e-03 2.330602e-04 5.199963e-02 1.375000e+00 5.000000e-01 0.000000e+00
1.846550e-03 2.239285e-04 5.199963e-02 1.425000e+00 5.000000e-01 0.000000e+00
2.668426e-03 2.723471e-04 5.199963e-02 1.475000e+00 5.000000e-01 0.000000e+00
1.974794e-03 2.394806e-04 5.199963e-02 1.525000e+00 5.000000e-01 0.000000e+00
2.064495e-03 2.433050e-04 5.199963e-02 1.575000e+00 5.000000e-01 0.000000e+00
1.136970e-03 1.797722e-04 5.199963e-02 1.625000e+00 5.000000e-01 0.000000e+00
1.022748e-03 1.704595e-04 5.199963e-02 1.675000e+00 5.000000e-01 0.000000e+00
1.694324e-03 2.187382e-04 5.199963e-02 1.725000e+00 5.000000e-01 0.000000e+00
1.142356e-03 1.762707e-04 5.199963e-02 1.775000e+00 5.000000e-01 0.000000e+00
1.453629e-03 1.942515e-04 5.199963e-02 1.825000e+00 5.000000e-01 0.000000e+00
1.581787e-03 1.977250e-04 5.199963e-02 1.875000e+00 5.000000e-01 0.000000e+00
7.458632e-04 1.318529e-04 5.199963e-02 1.925000e+00 5.000000e-01 0.000000e+00
1.101624e-03 1.590079e-04 5.199963e-02 1.975000e+00 5.000000e-01 0.000000e+00
1.258492e-03 1.681746e-04 5.199963e-02 2.025000e+00 5.000000e-01 0.000000e+00
6.188333e-04 1.169493e-04 5.199963e-02 2.075000e+00 5.000000e-01 0.000000e+00
8.039179e-04 1.339883e-04 5.199963e-02 2.125000e+00 5.000000e-01 0.000000e+00
4.559221e-04 1.019487e-04 5.199963e-02 2.175000e+00 5.000000e-01 0.000000e+00
4.573091e-04 1.022596e-04 5.199963e-02 2.225000e+00 5.000000e-01 0.000000e+00
5.412812e-04 1.104906e-04 5.199963e-02 2.275000e+00 5.000000e-01 0.000000e+00
6.682269e-04 1.220031e-04 5.199963e-02 2.325000e+00 5.000000e-01 0.000000e+00
4.326159e-04 9.673859e-05 5.199963e-02 2.375000e+00 5.000000e-01 0.000000e+00
6.328311e-04 1.155418e-04 5.199963e-02 2.425000e+00 5.000000e-01 0.000000e+00
7.392488e-04 1.232118e-04 5.199963e-02 2.475000e+00 5.000000e-01 0.000000e+00
5.517990e-04 1.042839e-04 5.199963e-02 2.525000e+00 5.000000e-01 0.000000e+00
8.033275e-04 1.239606e-04 5.199963e-02 2.575000e+00 5.000000e-01 0.000000e+00
5.846546e-04 1.033578e-04 5.199963e-02 2.625000e+00 5.000000e-01 0.000000e+00
5.996277e-04 1.028406e-04 5.199963e-02 2.675000e+00 5.000000e-01 0.000000e+00
6.706547e-04 1.034906e-04 5.199963e-02 2.725000e+00 5.000000e-01 0.000000e+00
1.176014e-03 1.314955e-04 5.199963e-02 2.775000e+00 5.000000e-01 0.000000e+00
6.953175e-04 9.643625e-05 5.199963e-02 2.825000e+00 5.000000e-01 0.000000e+00
7.955110e-04 9.945139e-05 5.199963e-02 2.875000e+00 5.000000e-01 0.000000e+00
4.355694e-01 3.763316e-03 6.199962e-02 2.500000e-02 5.000000e-01 0.000000e+00
7.089481e-02 1.544848e-03 6.199962e-02 7.500000e-02 5.000000e-01 0.000000e+00
2.970266e-03 3.166322e-04 6.199962e-02 1.250000e-01 5.000000e-01 0.000000e+00
2.090424e-03 2.654848e-04 6.199962e-02 1.750000e-01 5.000000e-01 0.000000e+00
1.776022e-03 2.511683e-04 6.199962e-02 2.250000e-01 5.000000e-01 0.000000e+00
1.164114e-03 1.996443e-04 6.199962e-02 2.750000e-01 5.000000e-01 0.000000e+00
1.299494e-03 2.165826e-04 6.199962e-02 3.250000e-01 5.000000e-01 0.000000e+00
1.999659e-03 2.672163e-04 6.199962e-02 3.750000e-01 5.000000e-01 0.000000e+00
1.204018e-03 2.064878e-04 6.199962e-02 4.250000e-01 5.000000e-01 0.000000e+00
1.208745e-03 2.072986e-04 6.199962e-02 4.750000e-01 5.000000e-01 0.000000e+00
1.118841e-03 1.977857e-04 6.199962e-02 5.250000e-01 5.000000e-01 0.000000e+00
8.359575e-04 1.706396e-04 6.199962e-02 5.750000e-01 5.000000e-01 0.000000e+00
1.540343e-03 2.322162e-04 6.199962e-02 6.250000e-01 5.000000e-01 0.000000e+00
1.369609e-03 2.165551e-04 6.199962e-02 6.750000e-01 5.000000e-01 0.000000e+00
1.854691e-03 2.523924e-04 6.199962e-02 7.250000e-01 5.000000e-01 0.000000e+00
1.568709e-03 2.312945e-04 6.199962e-02 7.750000e-01 5.000000e-01 0.000000e+00
1.788008e-03 2.433180e-04 6.199962e-02 8.250000e-01 5.000000e-01 0.000000e+00
2.693944e-03 3.011932e-04 6.199962e-02 8.750000e-01 5.000000e-01 0.000000e+00
2.684287e-03 2.964316e-04 6.199962e-02 9.250000e-01 5.000000e-01 0.000000e+00
2.429940e-03 2.787344e-04 6.199962e-02 9.750000e-01 5.000000e-01 0.000000e+00
2.295017e-03 2.667915e-04 6.199962e-02 1.025000e+00 5.000000e-01 0.000000e+00
1.728085e-03 2.269096e-04 6.199962e-02 1.075000e+00 5.000000e-01 0.000000e+00
3.786207e-03 3.270800e-04 6.199962e-02 1.125000e+00 5.000000e-01 0.000000e+00
2.697045e-03 2.752676e-04 6.199962e-02 1.175000e+00 5.000000e-01 0.000000e+00
2.147737e-03 2.463641e-04 6.199962e-02 1.225000e+00 5.000000e-01 0.000000e+00
2.151343e-03 2.435929e-04 6.199962e-02 1.275000e+00 5.000000e-01 0.000000e+00
1.919604e-03 2.294381e-04 6.199962e-02 1.325000e+00 5.000000e-01 0.000000e+00
1.939496e-03 2.318159e-04 6.199962e-02 1.375000e+00 5.000000e-01 0.000000e+00
2.258953e-03 2.557776e-04 6.199962e-02 1.425000e+00 5.000000e-01 0.000000e+00
1.765479e-03 2.279240e-04 6.199962e-02 1.475000e+00 5.000000e-01 0.000000e+00
2.343518e-03 2.620150e-04 6.199962e-02 1.525000e+00 5.000000e-01 0.000000e+00
2.025299e-03 2.420716e-04 6.199962e-02 1.575000e+00 5.000000e-01 0.000000e+00
1.274884e-03 1.921965e-04 6.199962e-02 1.625000e+00 5.000000e-01 0.000000e+00
1.308641e-03 1.929499e-04 6.199962e-02 1.675000e+00 5.000000e-01 0.000000e+00
1.841209e-03 2.266390e-04 6.199962e-02 1.725000e+00 5.000000e-01 0.000000e+00
1.261233e-03 1.859615e-04 6.199962e-02 1.775000e+00 5.000000e-01 0.000000e+00
1.008401e-03 1.635860e-04 6.199962e-02 1.825000e+00 5.000000e-01 0.000000e+00
1.022732e-03 1.617104e-04 6.199962e-02 1.875000e+00 5.000000e-01 0.000000e+00
1.021846e-03 1.576764e-04 6.199962e-02 1.925000e+00 5.000000e-01 0.000000e+00
1.242602e-03 1.690998e-04 6.199962e-02 1.975000e+00 5.000000e-01 0.000000e+00
1.072563e-03 1.548135e-04 6.199962e-02 2.025000e+00 5.000000e-01 0.000000e+00
1.180285e-03 1.606200e-04 6.199962e-02 2.075000e+00 5.000000e-01 0.000000e+00
5.964060e-04 1.127125e-04 6.199962e-02 2.125000e+00 5.000000e-01 0.000000e+00
9.849048e-04 1.452188e-04 6.199962e-02 2.175000e+00 5.000000e-01 0.000000e+00
6.240196e-04 1.179304e-04 6.199962e-02 2.225000e+00 5.000000e-01 0.000000e+00
6.399597e-04 1.209433e-04 6.199962e-02 2.275000e+00 5.000000e-01 0.000000e+00
7.060934e-04 1.248233e-04 6.199962e-02 2.325000e+00 5.000000e-01 0.000000e+00
5.655085e-04 1.109070e-04 6.199962e-02 2.375000e+00 5.000000e-01 0.000000e+00
7.163482e-04 1.228564e-04 6.199962e-02 2.425000e+00 5.000000e-01 0.000000e+00
4.500262e-04 9.594858e-05 6.199962e-02 2.475000e+00 5.000000e-01 0.000000e+00
5.158367e-04 1.011671e-04 6.199962e-02 2.525000e+00 5.000000e-01 0.000000e+00
5.326021e-04 1.006560e-04 6.199962e-02 2.575000e+00 5.000000e-01 0.000000e+00
2.597018e-04 6.941025e-05 6.199962e-02 2.625000e+00 5.000000e-01 0.000000e+00
3.898129e-04 8.310962e-05 6.199962e-02 2.675000e+00 5.000000e-01 0.000000e+00
7.848756e-04 1.132952e-04 6.199962e-02 2.725000e+00 5.000000e-01 0.000000e+00
9.455868e-04 1.182050e-04 6.199962e-02 2.775000e+00 5.000000e-01 0.000000e+00
8.351017e-04 1.060671e-04 6.199962e-02 2.825000e+00 5.000000e-01 0.000000e+00
1.045263e-03 1.140627e-04 6.199962e-02 2.875000e+00 5.000000e-01 0.000000e+00
4.272117e-01 3.756159e-03 7.199961e-02 2.500000e-02 5.000000e-01 0.000000e+00
6.277718e-02 1.453270e-03 7.199961e-02 7.500000e-02 5.000000e-01 0.000000e+00
3.100147e-03 3.232134e-04 7.199961e-02 1.250000e-01 5.000000e-01 0.000000e+00
1.623103e-03 2.393141e-04 7.199961e-02 1.750000e-01 5.000000e-01 0.000000e+00
1.954756e-03 2.612161e-04 7.199961e-02 2.250000e-01 5.000000e-01 0.000000e+00
1.286049e-03 2.143420e-04 7.199961e-02 2.750000e-01 5.000000e-01 0.000000e+00
1.012668e-03 1.913767e-04 7.199961e-02 3.250000e-01 5.000000e-01 0.000000e+00
1.498069e-03 2.311575e-04 7.199961e-02 3.750000e-01 5.000000e-01 0.000000e+00
1.292552e-03 2.154260e-04 7.199961e-02 4.250000e-01 5.000000e-01 0.000000e+00
7.813590e-04 1.665868e-04 7.199961e-02 4.750000e-01 5.000000e-01 0.000000e+00
1.317125e-03 2.136663e-04 7.199961e-02 5.250000e-01 5.000000e-01 0.000000e+00
1.279080e-03 2.131807e-04 7.199961e-02 5.750000e-01 5.000000e-01 0.000000e+00
1.443709e-03 2.227696e-04 7.199961e-02 6.250000e-01 5.000000e-01 0.000000e+00
1.252427e-03 2.087387e-04 7.199961e-02 6.750000e-01 5.000000e-01 0.000000e+00
1.986524e-03 2.608441e-04 7.199961e-02 7.250000e-01 5.000000e-01 0.000000e+00
2.436292e-03 2.871211e-04 7.199961e-02 7.750000e-01 5.000000e-01 0.000000e+00
1.678156e-03 2.373280e-04 7.199961e-02 8.250000e-01 5.000000e-01 0.000000e+00
1.976817e-03 2.552072e-04 7.199961e-02 8.750000e-01 5.000000e-01 0.000000e+00
2.210770e-03 2.642385e-04 7.199961e-02 9.250000e-01 5.000000e-01 0.000000e+00
2.028732e-03 2.497206e-04 7.199961e-02 9.750000e-01 5.000000e-01 0.000000e+00
1.774290e-03 2.290608e-04 7.199961e-02 1.025000e+00 5.000000e-01 0.000000e+00
2.273868e-03 2.542273e-04 7.199961e-02 1.075000e+00 5.000000e-01 0.000000e+00
1.713041e-03 2.211538e-04 7.199961e-02 1.125000e+00 5.000000e-01 0.000000e+00
1.808084e-03 2.260116e-04 7.199961e-02 1.175000e+00 5.000000e-01 0.000000e+00
1.846118e-03 2.272428e-04 7.199961e-02 1.225000e+00 5.000000e-01 0.000000e+00
2.325316e-03 2.537141e-04 7.199961e-02 1.275000e+00 5.000000e-01 0.000000e+00
1.557136e-03 2.119007e-04 7.199961e-02 1.325000e+00 5.000000e-01 0.000000e+00
2.324403e-03 2.631881e-04 7.199961e-02 1.375000e+00 5.000000e-01 0.000000e+00
1.852970e-03 2.353293e-04 7.199961e-02 1.425000e+00 5.000000e-01 0.000000e+00
2.018359e-03 2.447643e-04 7.199961e-02 1.475000e+00 5.000000e-01 0.000000e+00
1.779662e-03 2.297553e-04 7.199961e-02 1.525000e+00 5.000000e-01 0.000000e+00
1.874601e-03 2.343272e-04 7.199961e-02 1.575000e+00 5.000000e-01 0.000000e+00
1.891424e-03 2.328198e-04 7.199961e-02 1.625000e+00 5.000000e-01 0.000000e+00
1.349610e-03 1.948017e-04 7.199961e-02 1.675000e+00 5.000000e-01 0.000000e+00
1.448155e-03 2.008250e-04 7.199961e-02 1.725000e+00 5.000000e-01 0.000000e+00
1.097014e-03 1.734555e-04 7.199961e-02 1.775000e+00 5.000000e-01 0.000000e+00
1.369168e-03 1.936323e-04 7.199961e-02 1.825000e+00 5.000000e-01 0.000000e+00
1.657969e-03 2.105648e-04 7.199961e-02 1.875000e+00 5.000000e-01 0.000000e+00
1.493824e-03 1.961515e-04 7.199961e-02 1.925000e+00 5.000000e-01 0.000000e+00
1.029333e-03 1.588323e-04 7.199961e-02 1.975000e+00 5.000000e-01 0.000000e+00
1.290398e-03 1.724392e-04 7.199961e-02 2.025000e+00 5.000000e-01 0.000000e+00
9.743081e-04 1.468844e-04 7.199961e-02 2.075000e+00 5.000000e-01 0.000000e+00
1.107190e-03 1.535417e-04 7.199961e-02 2.125000e+00 5.000000e-01 0.000000e+00
7.662597e-04 1.277132e-04 7.199961e-02 2.175000e+00 5.000000e-01 0.000000e+00
8.030947e-04 1.302817e-04 7.199961e-02 2.225000e+00 5.000000e-01 0.000000e+00
4.770176e-04 1.017032e-04 7.199961e-02 2.275000e+00 5.000000e-01 0.000000e+00
5.323894e-04 1.086763e-04 7.199961e-02 2.325000e+00 5.000000e-01 0.000000e+00
4.747034e-04 1.012102e-04 7.199961e-02 2.375000e+00 5.000000e-01 0.000000e+00
5.076138e-04 1.036194e-04 7.199961e-02 2.425000e+00 5.000000e-01 0.000000e+00
5.322007e-04 1.043759e-04 7.199961e-02 2.475000e+00 5.000000e-01 0.000000e+00
3.959057e-04 8.853028e-05 7.199961e-02 2.525000e+00 5.000000e-01 0.000000e+00
4.596545e-04 9.383049e-05 7.199961e-02 2.575000e+00 5.000000e-01 0.000000e+00
4.789466e-04 9.393619e-05 7.199961e-02 2.625000e+00 5.000000e-01 0.000000e+00
6.013584e-04 1.031397e-04 7.199961e-02 2.675000e+00 5.000000e-01 0.000000e+00
7.354330e-04 1.108829e-04 7.199961e-02 2.725000e+00 5.000000e-01 0.000000e+00
4.502862e-04 8.221750e-05 7.199961e-02 2.775000e+00 5.000000e-01 0.000000e+00
6.269530e-04 9.244771e-05 7.199961e-02 2.825000e+00 5.000000e-01 0.000000e+00
1.055180e-03 1.151438e-04 7.199961e-02 2.875000e+00 5.000000e-01 0.000000e+00
4.295666e-01 3.808497e-03 8.199960e-02 2.500000e-02 5.000000e-01 0.000000e+00
6.926118e-02 1.524528e-03 8.199960e-02 7.500000e-02 5.000000e-01 0.000000e+00
3.547181e-03 3.512240e-04 8.199960e-02 1.250000e-01 5.000000e-01 0.000000e+00
2.121527e-03 2.738886e-04 8.199960e-02 1.750000e-01 5.000000e-01 0.000000e+00
1.612552e-03 2.377583e-04 8.199960e-02 2.250000e-01 5.000000e-01 0.000000e+00
1.999336e-03 2.720755e-04 8.199960e-02 2.750000e-01 5.000000e-01 0.000000e+00
1.502909e-03 2.319044e-04 8.199960e-02 3.250000e-01 5.000000e-01 0.000000e+00
1.449200e-03 2.291392e-04 8.199960e-02 3.750000e-01 5.000000e-01 0.000000e+00
1.210768e-03 2.076455e-04 8.199960e-02 4.250000e-01 5.000000e-01 0.000000e+00
9.859238e-04 1.863224e-04 8.199960e-02 4.750000e-01 5.000000e-01 0.000000e+00
1.982706e-03 2.649511e-04 8.199960e-02 5.250000e-01 5.000000e-01 0.000000e+00
8.365497e-04 1.707607e-04 8.199960e-02 5.750000e-01 5.000000e-01 0.000000e+00
9.750616e-04 1.842699e-04 8.199960e-02 6.250000e-01 5.000000e-01 0.000000e+00
1.392737e-03 2.202118e-04 8.199960e-02 6.750000e-01 5.000000e-01 0.000000e+00
9.585189e-04 1.811436e-04 8.199960e-02 7.250000e-01 5.000000e-01 0.000000e+00
1.817874e-03 2.473822e-04 8.199960e-02 7.750000e-01 5.000000e-01 0.000000e+00
2.312286e-03 2.763721e-04 8.199960e-02 8.250000e-01 5.000000e-01 0.000000e+00
2.985356e-03 3.046928e-04 8.199960e-02 8.750000e-01 5.000000e-01 0.000000e+00
2.496258e-03 2.756668e-04 8.199960e-02 9.250000e-01 5.000000e-01 0.000000e+00
2.818530e-03 2.876661e-04 8.199960e-02 9.750000e-01 5.000000e-01 0.000000e+00
2.263623e-03 2.563060e-04 8.199960e-02 1.025000e+00 5.000000e-01 0.000000e+00
2.303045e-03 2.574898e-04 8.199960e-02 1.075000e+00 5.000000e-01 0.000000e+00
2.290949e-03 2.561368e-04 8.199960e-02 1.125000e+00 5.000000e-01 0.000000e+00
2.530331e-03 2.667217e-04 8.199960e-02 1.175000e+00 5.000000e-01 0.000000e+00
2.386156e-03 2.603523e-04 8.199960e-02 1.225000e+00 5.000000e-01 0.000000e+00
2.546587e-03 2.778571e-04 8.199960e-02 1.275000e+00 5.000000e-01 0.000000e+00
2.322939e-03 2.664608e-04 8.199960e-02 1.325000e+00 5.000000e-01 0.000000e+00
2.255232e-03 2.621668e-04 8.199960e-02 1.375000e+00 5.000000e-01 0.000000e+00
2.046211e-03 2.481412e-04 8.199960e-02 1.425000e+00 5.000000e-01 0.000000e+00
1.931020e-03 2.413788e-04 8.199960e-02 1.475000e+00 5.000000e-01 0.000000e+00
1.955735e-03 2.407367e-04 8.199960e-02 1.525000e+00 5.000000e-01 0.000000e+00
1.900090e-03 2.338868e-04 8.199960e-02 1.575000e+00 5.000000e-01 0.000000e+00
1.726936e-03 2.229487e-04 8.199960e-02 1.625000e+00 5.000000e-01 0.000000e+00
9.666279e-04 1.657769e-04 8.199960e-02 1.675000e+00 5.000000e-01 0.000000e+00
1.590316e-03 2.125167e-04 8.199960e-02 1.725000e+00 5.000000e-01 0.000000e+00
1.611342e-03 2.115813e-04 8.199960e-02 1.775000e+00 5.000000e-01 0.000000e+00
1.085052e-03 1.715640e-04 8.199960e-02 1.825000e+00 5.000000e-01 0.000000e+00
1.499175e-03 2.003390e-04 8.199960e-02 1.875000e+00 5.000000e-01 0.000000e+00
1.298893e-03 1.836932e-04 8.199960e-02 1.925000e+00 5.000000e-01 0.000000e+00
1.150235e-03 1.695948e-04 8.199960e-02 1.975000e+00 5.000000e-01 0.000000e+00
8.460907e-04 1.410173e-04 8.199960e-02 2.025000e+00 5.000000e-01 0.000000e+00
9.866197e-04 1.487408e-04 8.199960e-02 2.075000e+00 5.000000e-01 0.000000e+00
9.149269e-04 1.411788e-04 8.199960e-02 2.125000e+00 5.000000e-01 0.000000e+00
8.961851e-04 1.382870e-04 8.199960e-02 2.175000e+00 5.000000e-01 0.000000e+00
6.689052e-04 1.182492e-04 8.199960e-02 2.225000e+00 5.000000e-01 0.000000e+00
4.963511e-04 1.013198e-04 8.199960e-02 2.275000e+00 5.000000e-01 0.000000e+00
4.188343e-04 9.365534e-05 8.199960e-02 2.325000e+00 5.000000e-01 0.000000e+00
3.909880e-04 9.215903e-05 8.199960e-02 2.375000e+00 5.000000e-01 0.000000e+00
5.899272e-04 1.114897e-04 8.199960e-02 2.425000e+00 5.000000e-01 0.000000e+00
6.167789e-04 1.126134e-04 8.199960e-02 2.475000e+00 5.000000e-01 0.000000e+00
4.775992e-04 9.749420e-05 8.199960e-02 2.525000e+00 5.000000e-01 0.000000e+00
4.231755e-04 9.022437e-05 8.199960e-02 2.575000e+00 5.000000e-01 0.000000e+00
6.330000e-04 1.085647e-04 8.199960e-02 2.625000e+00 5.000000e-01 0.000000e+00
5.694580e-04 1.006740e-04 8.199960e-02 2.675000e+00 5.000000e-01 0.000000e+00
5.470366e-04 9.670949e-05 8.199960e-02 2.725000e+00 5.000000e-01 0.000000e+00
6.475869e-04 9.993123e-05 8.199960e-02 2.775000e+00 5.000000e-01 0.000000e+00
7.721406e-04 1.031962e-04 8.199960e-02 2.825000e+00 5.000000e-01 0.000000e+00
8.792358e-04 1.051024e-04 8.199960e-02 2.875000e+00 5.000000e-01 0.000000e+00
4.239026e-01 3.774934e-03 9.199959e-02 2.500000e-02 5.000000e-01 0.000000e+00
6.875817e-02 1.543668e-03 9.199959e-02 7.500000e-02 5.000000e-01 0.000000e+00
2.121680e-03 2.739085e-04 9.199959e-02 1.250000e-01 5.000000e-01 0.000000e+00
1.609851e-03 2.373601e-04 9.199959e-02 1.750000e-01 5.000000e-01 0.000000e+00
1.705361e-03 2.514423e-04 9.199959e-02 2.250000e-01 5.000000e-01 0.000000e+00
1.302507e-03 2.170849e-04 9.199959e-02 2.750000e-01 5.000000e-01 0.000000e+00
1.462232e-03 2.311998e-04 9.199959e-02 3.250000e-01 5.000000e-01 0.000000e+00
2.023125e-03 2.703522e-04 9.199959e-02 3.750000e-01 5.000000e-01 0.000000e+00
1.559146e-03 2.350509e-04 9.199959e-02 4.250000e-01 5.000000e-01 0.000000e+00
9.282826e-04 1.820517e-04 9.199959e-02 4.750000e-01 5.000000e-01 0.000000e+00
9.905250e-04 1.871922e-04 9.199959e-02 5.250000e-01 5.000000e-01 0.000000e+00
9.043265e-04 1.773534e-04 9.199959e-02 5.750000e-01 5.000000e-01 0.000000e+00
1.483912e-03 2.289734e-04 9.199959e-02 6.250000e-01 5.000000e-01 0.000000e+00
1.440832e-03 2.223256e-04 9.199959e-02 6.750000e-01 5.000000e-01 0.000000e+00
1.020042e-03 1.862338e-04 9.199959e-02 7.250000e-01 5.000000e-01 0.000000e+00
1.563024e-03 2.256039e-04 9.199959e-02 7.750000e-01 5.000000e-01 0.000000e+00
2.287615e-03 2.659310e-04 9.199959e-02 8.250000e-01 5.000000e-01 0.000000e+00
2.346158e-03 2.656508e-04 9.199959e-02 8.750000e-01 5.000000e-01 0.000000e+00
2.594784e-03 2.766063e-04 9.199959e-02 9.250000e-01 5.000000e-01 0.000000e+00
2.703044e-03 2.818130e-04 9.199959e-02 9.750000e-01 5.000000e-01 0.000000e+00
2.102221e-03 2.477505e-04 9.199959e-02 1.025000e+00 5.000000e-01 0.000000e+00
2.089648e-03 2.462686e-04 9.199959e-02 1.075000e+00 5.000000e-01 0.000000e+00
2.226250e-03 2.520746e-04 9.199959e-02 1.125000e+00 5.000000e-01 0.000000e+00
2.428804e-03 2.682180e-04 9.199959e-02 1.175000e+00 5.000000e-01 0.000000e+00
2.355944e-03 2.702470e-04 9.199959e-02 1.225000e+00 5.000000e-01 0.000000e+00
2.063349e-03 2.539822e-04 9.199959e-02 1.275000e+00 5.000000e-01 0.000000e+00
1.735525e-03 2.319207e-04 9.199959e-02 1.325000e+00 5.000000e-01 0.000000e+00
1.727668e-03 2.308704e-04 9.199959e-02 1.375000e+00 5.000000e-01 0.000000e+00
2.232707e-03 2.595488e-04 9.199959e-02 1.425000e+00 5.000000e-01 0.000000e+00
2.558289e-03 2.758693e-04 9.199959e-02 1.475000e+00 5.000000e-01 0.000000e+00
1.541795e-03 2.138103e-04 9.199959e-02 1.525000e+00 5.000000e-01 0.000000e+00
1.587146e-03 2.159850e-04 9.199959e-02 1.575000e+00 5.000000e-01 0.000000e+00
1.505746e-03 2.088103e-04 9.199959e-02 1.625000e+00 5.000000e-01 0.000000e+00
1.774261e-03 2.253339e-04 9.199959e-02 1.675000e+00 5.000000e-01 0.000000e+00
1.943548e-03 2.323008e-04 9.199959e-02 1.725000e+00 5.000000e-01 0.000000e+00
1.877112e-03 2.276356e-04 9.199959e-02 1.775000e+00 5.000000e-01 0.000000e+00
1.031604e-03 1.673506e-04 9.199959e-02 1.825000e+00 5.000000e-01 0.000000e+00
1.607540e-03 2.075353e-04 9.199959e-02 1.875000e+00 5.000000e-01 0.000000e+00
1.530616e-03 2.009823e-04 9.199959e-02 1.925000e+00 5.000000e-01 0.000000e+00
9.635650e-04 1.563135e-04 9.199959e-02 1.975000e+00 5.000000e-01 0.000000e+00
1.000437e-03 1.581857e-04 9.199959e-02 2.025000e+00 5.000000e-01 0.000000e+00
7.146235e-04 1.304732e-04 9.199959e-02 2.075000e+00 5.000000e-01 0.000000e+00
7.671418e-04 1.315671e-04 9.199959e-02 2.125000e+00 5.000000e-01 0.000000e+00
9.488416e-04 1.430451e-04 9.199959e-02 2.175000e+00 5.000000e-01 0.000000e+00
3.728679e-04 8.788634e-05 9.199959e-02 2.225000e+00 5.000000e-01 0.000000e+00
4.917436e-04 1.003794e-04 9.199959e-02 2.275000e+00 5.000000e-01 0.000000e+00
3.655294e-04 8.615765e-05 9.199959e-02 2.325000e+00 5.000000e-01 0.000000e+00
6.133123e-04 1.119788e-04 9.199959e-02 2.375000e+00 5.000000e-01 0.000000e+00
5.940958e-04 1.122767e-04 9.199959e-02 2.425000e+00 5.000000e-01 0.000000e+00
5.377912e-04 1.054731e-04 9.199959e-02 2.475000e+00 5.000000e-01 0.000000e+00
5.995558e-04 1.094660e-04 9.199959e-02 2.525000e+00 5.000000e-01 0.000000e+00
5.402150e-04 1.020967e-04 9.199959e-02 2.575000e+00 5.000000e-01 0.000000e+00
7.073059e-04 1.147449e-04 9.199959e-02 2.625000e+00 5.000000e-01 0.000000e+00
4.290192e-04 8.757884e-05 9.199959e-02 2.675000e+00 5.000000e-01 0.000000e+00
3.392087e-04 7.585457e-05 9.199959e-02 2.725000e+00 5.000000e-01 0.000000e+00
5.726083e-04 9.544363e-05 9.199959e-02 2.775000e+00 5.000000e-01 0.000000e+00
4.590323e-04 8.115207e-05 9.199959e-02 2.825000e+00 5.000000e-01 0.000000e+00
8.338793e-04 1.026561e-04 9.199959e-02 2.875000e+00 5.000000e-01 0.000000e+00
4.270723e-01 3.870030e-03 1.019996e-01 2.500000e-02 5.000000e-01 0.000000e+00
6.759549e-02 1.543455e-03 1.019996e-01 7.500000e-02 5.000000e-01 0.000000e+00
2.981133e-03 3.252691e-04 1.019996e-01 1.250000e-01 5.000000e-01 0.000000e+00
1.551096e-03 2.393398e-04 1.019996e-01 1.750000e-01 5.000000e-01 0.000000e+00
1.841791e-03 2.604692e-04 1.019996e-01 2.250000e-01 5.000000e-01 0.000000e+00
1.613975e-03 2.433163e-04 1.019996e-01 2.750000e-01 5.000000e-01 0.000000e+00
1.610779e-03 2.428346e-04 1.019996e-01 3.250000e-01 5.000000e-01 0.000000e+00
1.360561e-03 2.207126e-04 1.019996e-01 3.750000e-01 5.000000e-01 0.000000e+00
1.231517e-03 2.112039e-04 1.019996e-01 4.250000e-01 5.000000e-01 0.000000e+00
1.205200e-03 2.066910e-04 1.019996e-01 4.750000e-01 5.000000e-01 0.000000e+00
1.054358e-03 1.924990e-04 1.019996e-01 5.250000e-01 5.000000e-01 0.000000e+00
1.209487e-03 2.074260e-04 1.019996e-01 5.750000e-01 5.000000e-01 0.000000e+00
1.574632e-03 2.321676e-04 1.019996e-01 6.250000e-01 5.000000e-01 0.000000e+00
8.139137e-04 1.661399e-04 1.019996e-01 6.750000e-01 5.000000e-01 0.000000e+00
1.343588e-03 2.073210e-04 1.019996e-01 7.250000e-01 5.000000e-01 0.000000e+00
1.412295e-03 2.082323e-04 1.019996e-01 7.750000e-01 5.000000e-01 0.000000e+00
2.838527e-03 2.927732e-04 1.019996e-01 8.250000e-01 5.000000e-01 0.000000e+00
2.391032e-03 2.673266e-04 1.019996e-01 8.750000e-01 5.000000e-01 0.000000e+00
2.578605e-03 2.748813e-04 1.019996e-01 9.250000e-01 5.000000e-01 0.000000e+00
2.740480e-03 2.857160e-04 1.019996e-01 9.750000e-01 5.000000e-01 0.000000e+00
2.348377e-03 2.625578e-04 1.019996e-01 1.025000e+00 5.000000e-01 0.000000e+00
1.579542e-03 2.149495e-04 1.019996e-01 1.075000e+00 5.000000e-01 0.000000e+00
2.547991e-03 2.813798e-04 1.019996e-01 1.125000e+00 5.000000e-01 0.000000e+00
2.384004e-03 2.734658e-04 1.019996e-01 1.175000e+00 5.000000e-01 0.000000e+00
2.774296e-03 2.957427e-04 1.019996e-01 1.225000e+00 5.000000e-01 0.000000e+00
2.271228e-03 2.676685e-04 1.019996e-01 1.275000e+00 5.000000e-01 0.000000e+00
2.304216e-03 2.678618e-04 1.019996e-01 1.325000e+00 5.000000e-01 0.000000e+00
1.960106e-03 2.450145e-04 1.019996e-01 1.375000e+00 5.000000e-01 0.000000e+00
1.795887e-03 2.318496e-04 1.019996e-01 1.425000e+00 5.000000e-01 0.000000e+00
2.374081e-03 2.688137e-04 1.019996e-01 1.475000e+00 5.000000e-01 0.000000e+00
1.303444e-03 1.965029e-04 1.019996e-01 1.525000e+00 5.000000e-01 0.000000e+00
1.289784e-03 1.944434e-04 1.019996e-01 1.575000e+00 5.000000e-01 0.000000e+00
1.600262e-03 2.138461e-04 1.019996e-01 1.625000e+00 5.000000e-01 0.000000e+00
1.430415e-03 2.022935e-04 1.019996e-01 1.675000e+00 5.000000e-01 0.000000e+00
1.477571e-03 2.049047e-04 1.019996e-01 1.725000e+00 5.000000e-01 0.000000e+00
1.217787e-03 1.835903e-04 1.019996e-01 1.775000e+00 5.000000e-01 0.000000e+00
9.282443e-04 1.591943e-04 1.019996e-01 1.825000e+00 5.000000e-01 0.000000e+00
1.322874e-03 1.870848e-04 1.019996e-01 1.875000e+00 5.000000e-01 0.000000e+00
8.251660e-04 1.458718e-04 1.019996e-01 1.925000e+00 5.000000e-01 0.000000e+00
1.029741e-03 1.628189e-04 1.019996e-01 1.975000e+00 5.000000e-01 0.000000e+00
9.141631e-04 1.523624e-04 1.019996e-01 2.025000e+00 5.000000e-01 0.000000e+00
9.291194e-04 1.507254e-04 1.019996e-01 2.075000e+00 5.000000e-01 0.000000e+00
8.948113e-04 1.451592e-04 1.019996e-01 2.125000e+00 5.000000e-01 0.000000e+00
6.211457e-04 1.173878e-04 1.019996e-01 2.175000e+00 5.000000e-01 0.000000e+00
4.641099e-04 9.894998e-05 1.019996e-01 2.225000e+00 5.000000e-01 0.000000e+00
6.573707e-04 1.162103e-04 1.019996e-01 2.275000e+00 5.000000e-01 0.000000e+00
3.990407e-04 8.922998e-05 1.019996e-01 2.325000e+00 5.000000e-01 0.000000e+00
7.940354e-04 1.255500e-04 1.019996e-01 2.375000e+00 5.000000e-01 0.000000e+00
3.589725e-04 8.461349e-05 1.019996e-01 2.425000e+00 5.000000e-01 0.000000e+00
6.181580e-04 1.128631e-04 1.019996e-01 2.475000e+00 5.000000e-01 0.000000e+00
3.997238e-04 8.938355e-05 1.019996e-01 2.525000e+00 5.000000e-01 0.000000e+00
5.415725e-04 1.023543e-04 1.019996e-01 2.575000e+00 5.000000e-01 0.000000e+00
6.734034e-04 1.122387e-04 1.019996e-01 2.625000e+00 5.000000e-01 0.000000e+00
4.676902e-04 9.172856e-05 1.019996e-01 2.675000e+00 5.000000e-01 0.000000e+00
2.757429e-04 6.893945e-05 1.019996e-01 2.725000e+00 5.000000e-01 0.000000e+00
7.429218e-04 1.095472e-04 1.019996e-01 2.775000e+00 5.000000e-01 0.000000e+00
5.876351e-04 9.292184e-05 1.019996e-01 2.825000e+00 5.000000e-01 0.000000e+00
1.085817e-03 1.184894e-04 1.019996e-01 2.875000e+00 5.000000e-01 0.000000e+00
4.194653e-01 3.857904e-03 1.119996e-01 2.500000e-02 5.000000e-01 0.000000e+00
6.840206e-02 1.562687e-03 1.119996e-01 7.500000e-02 5.000000e-01 0.000000e+00
2.959339e-03 3.308649e-04 1.119996e-01 1.250000e-01 5.000000e-01 0.000000e+00
2.000411e-03 2.722222e-04 1.119996e-01 1.750000e-01 5.000000e-01 0.000000e+00
1.914907e-03 2.655504e-04 1.119996e-01 2.250000e-01 5.000000e-01 0.000000e+00
1.479090e-03 2.338653e-04 1.119996e-01 2.750000e-01 5.000000e-01 0.000000e+00
1.442296e-03 2.280475e-04 1.119996e-01 3.250000e-01 5.000000e-01 0.000000e+00
1.393675e-03 2.260846e-04 1.119996e-01 3.750000e-01 5.000000e-01 0.000000e+00
1.349370e-03 2.188973e-04 1.119996e-01 4.250000e-01 5.000000e-01 0.000000e+00
1.576873e-03 2.377232e-04 1.119996e-01 4.750000e-01 5.000000e-01 0.000000e+00
1.263625e-03 2.106048e-04 1.119996e-01 5.250000e-01 5.000000e-01 0.000000e+00
1.626739e-03 2.348002e-04 1.119996e-01 5.750000e-01 5.000000e-01 0.000000e+00
1.999947e-03 2.581927e-04 1.119996e-01 6.250000e-01 5.000000e-01 0.000000e+00
1.960001e-03 2.489213e-04 1.119996e-01 6.750000e-01 5.000000e-01 0.000000e+00
1.170994e-03 1.899609e-04 1.119996e-01 7.250000e-01 5.000000e-01 0.000000e+00
1.777360e-03 2.333797e-04 1.119996e-01 7.750000e-01 5.000000e-01 0.000000e+00
2.599558e-03 2.803188e-04 1.119996e-01 8.250000e-01 5.000000e-01 0.000000e+00
2.786495e-03 2.874067e-04 1.119996e-01 8.750000e-01 5.000000e-01 0.000000e+00
3.017262e-03 3.017278e-04 1.119996e-01 9.250000e-01 5.000000e-01 0.000000e+00
2.202553e-03 2.560428e-04 1.119996e-01 9.750000e-01 5.000000e-01 0.000000e+00
3.328401e-03 3.202770e-04 1.119996e-01 1.025000e+00 5.000000e-01 0.000000e+00
2.661986e-03 2.939689e-04 1.119996e-01 1.075000e+00 5.000000e-01 0.000000e+00
3.193437e-03 3.193453e-04 1.119996e-01 1.125000e+00 5.000000e-01 0.000000e+00
2.930962e-03 3.055758e-04 1.119996e-01 1.175000e+00 5.000000e-01 0.000000e+00
2.805451e-03 2.990641e-04 1.119996e-01 1.225000e+00 5.000000e-01 0.000000e+00
1.940083e-03 2.463922e-04 1.119996e-01 1.275000e+00 5.000000e-01 0.000000e+00
1.851931e-03 2.390843e-04 1.119996e-01 1.325000e+00 5.000000e-01 0.000000e+00
2.225469e-03 2.622758e-04 1.119996e-01 1.375000e+00 5.000000e-01 0.000000e+00
2.063797e-03 2.502742e-04 1.119996e-01 1.425000e+00 5.000000e-01 0.000000e+00
2.035060e-03 2.467890e-04 1.119996e-01 1.475000e+00 5.000000e-01 0.000000e+00
1.845198e-03 2.343423e-04 1.119996e-01 1.525000e+00 5.000000e-01 0.000000e+00
1.828691e-03 2.322451e-04 1.119996e-01 1.575000e+00 5.000000e-01 0.000000e+00
1.857195e-03 2.321506e-04 1.119996e-01 1.625000e+00 5.000000e-01 0.000000e+00
1.200701e-03 1.852734e-04 1.119996e-01 1.675000e+00 5.000000e-01 0.000000e+00
1.455216e-03 2.018044e-04 1.119996e-01 1.725000e+00 5.000000e-01 0.000000e+00
1.103376e-03 1.744620e-04 1.119996e-01 1.775000e+00 5.000000e-01 0.000000e+00
1.722406e-03 2.153020e-04 1.119996e-01 1.825000e+00 5.000000e-01 0.000000e+00
1.379424e-03 1.912935e-04 1.119996e-01 1.875000e+00 5.000000e-01 0.000000e+00
8.564910e-04 1.514087e-04 1.119996e-01 1.925000e+00 5.000000e-01 0.000000e+00
1.098146e-03 1.694508e-04 1.119996e-01 1.975000e+00 5.000000e-01 0.000000e+00
7.755074e-04 1.415901e-04 1.119996e-01 2.025000e+00 5.000000e-01 0.000000e+00
1.108223e-03 1.670732e-04 1.119996e-01 2.075000e+00 5.000000e-01 0.000000e+00
1.126405e-03 1.660823e-04 1.119996e-01 2.125000e+00 5.000000e-01 0.000000e+00
5.091480e-04 1.085525e-04 1.119996e-01 2.175000e+00 5.000000e-01 0.000000e+00
6.138224e-04 1.160050e-04 1.119996e-01 2.225000e+00 5.000000e-01 0.000000e+00
6.208932e-04 1.133616e-04 1.119996e-01 2.275000e+00 5.000000e-01 0.000000e+00
8.801908e-04 1.326970e-04 1.119996e-01 2.325000e+00 5.000000e-01 0.000000e+00
3.514850e-04 8.284789e-05 1.119996e-01 2.375000e+00 5.000000e-01 0.000000e+00
5.003087e-04 9.812182e-05 1.119996e-01 2.425000e+00 5.000000e-01 0.000000e+00
4.319467e-04 9.209372e-05 1.119996e-01 2.475000e+00 5.000000e-01 0.000000e+00
5.198443e-04 1.019545e-04 1.119996e-01 2.525000e+00 5.000000e-01 0.000000e+00
5.454320e-04 1.030812e-04 1.119996e-01 2.575000e+00 5.000000e-01 0.000000e+00
5.597054e-04 1.021927e-04 1.119996e-01 2.625000e+00 5.000000e-01 0.000000e+00
5.372657e-04 9.809754e-05 1.119996e-01 2.675000e+00 5.000000e-01 0.000000e+00
4.113712e-04 8.397660e-05 1.119996e-01 2.725000e+00 5.000000e-01 0.000000e+00
4.900506e-04 8.947606e-05 1.119996e-01 2.775000e+00 5.000000e-01 0.000000e+00
8.096489e-04 1.101961e-04 1.119996e-01 2.825000e+00 5.000000e-01 0.000000e+00
9.888036e-04 1.149555e-04 1.119996e-01 2.875000e+00 5.000000e-01 0.000000e+00
4.258031e-01 3.933534e-03 1.219996e-01 2.500000e-02 5.000000e-01 0.000000e+00
6.548111e-02 1.561734e-03 1.219996e-01 7.500000e-02 5.000000e-01 0.000000e+00
2.825411e-03 3.240977e-04 1.219996e-01 1.250000e-01 5.000000e-01 0.000000e+00
1.633550e-03 2.462673e-04 1.219996e-01 1.750000e-01 5.000000e-01 0.000000e+00
1.339770e-03 2.232958e-04 1.219996e-01 2.250000e-01 5.000000e-01 0.000000e+00
1.533814e-03 2.366735e-04 1.219996e-01 2.750000e-01 5.000000e-01 0.000000e+00
1.480807e-03 2.341371e-04 1.219996e-01 3.250000e-01 5.000000e-01 0.000000e+00
1.582701e-03 2.386019e-04 1.219996e-01 3.750000e-01 5.000000e-01 0.000000e+00
1.012026e-03 1.912552e-04 1.219996e-01 4.250000e-01 5.000000e-01 0.000000e+00
1.594170e-03 2.350481e-04 1.219996e-01 4.750000e-01 5.000000e-01 0.000000e+00
1.209435e-03 2.015730e-04 1.219996e-01 5.250000e-01 5.000000e-01 0.000000e+00
1.169510e-03 1.949188e-04 1.219996e-01 5.750000e-01 5.000000e-01 0.000000e+00
8.758755e-04 1.655254e-04 1.219996e-01 6.250000e-01 5.000000e-01 0.000000e+00
1.867788e-03 2.411310e-04 1.219996e-01 6.750000e-01 5.000000e-01 0.000000e+00
1.427126e-03 2.104191e-04 1.219996e-01 7.250000e-01 5.000000e-01 0.000000e+00
1.831543e-03 2.364522e-04 1.219996e-01 7.750000e-01 5.000000e-01 0.000000e+00
1.513345e-03 2.140199e-04 1.219996e-01 8.250000e-01 5.000000e-01 0.000000e+00
2.551147e-03 2.783540e-04 1.219996e-01 8.750000e-01 5.000000e-01 0.000000e+00
2.204326e-03 2.597833e-04 1.219996e-01 9.250000e-01 5.000000e-01 0.000000e+00
2.484617e-03 2.850062e-04 1.219996e-01 9.750000e-01 5.000000e-01 0.000000e+00
2.317550e-03 2.770019e-04 1.219996e-01 1.025000e+00 5.000000e-01 0.000000e+00
2.416500e-03 2.809141e-04 1.219996e-01 1.075000e+00 5.000000e-01 0.000000e+00
2.529024e-03 2.863572e-04 1.219996e-01 1.125000e+00 5.000000e-01 0.000000e+00
2.738099e-03 2.952589e-04 1.219996e-01 1.175000e+00 5.000000e-01 0.000000e+00
2.028342e-03 2.535444e-04 1.219996e-01 1.225000e+00 5.000000e-01 0.000000e+00
1.823333e-03 2.394166e-04 1.219996e-01 1.275000e+00 5.000000e-01 0.000000e+00
1.946306e-03 2.471826e-04 1.219996e-01 1.325000e+00 5.000000e-01 0.000000e+00
2.498747e-03 2.759419e-04 1.219996e-01 1.375000e+00 5.000000e-01 0.000000e+00
1.876032e-03 2.382583e-04 1.219996e-01 1.425000e+00 5.000000e-01 0.000000e+00
1.586348e-03 2.199890e-04 1.219996e-01 1.475000e+00 5.000000e-01 0.000000e+00
1.604939e-03 2.184063e-04 1.219996e-01 1.525000e+00 5.000000e-01 0.000000e+00
9.988577e-04 1.713043e-04 1.219996e-01 1.575000e+00 5.000000e-01 0.000000e+00
8.099964e-04 1.530762e-04 1.219996e-01 1.625000e+00 5.000000e-01 0.000000e+00
1.838325e-03 2.297921e-04 1.219996e-01 1.675000e+00 5.000000e-01 0.000000e+00
1.647370e-03 2.163122e-04 1.219996e-01 1.725000e+00 5.000000e-01 0.000000e+00
1.358656e-03 1.921455e-04 1.219996e-01 1.775000e+00 5.000000e-01 0.000000e+00
1.344636e-03 1.901621e-04 1.219996e-01 1.825000e+00 5.000000e-01 0.000000e+00
1.243443e-03 1.833383e-04 1.219996e-01 1.875000e+00 5.000000e-01 0.000000e+00
1.057989e-03 1.672848e-04 1.219996e-01 1.925000e+00 5.000000e-01 0.000000e+00
8.918092e-04 1.529456e-04 1.219996e-01 1.975000e+00 5.000000e-01 0.000000e+00
9.247803e-04 1.541312e-04 1.219996e-01 2.025000e+00 5.000000e-01 0.000000e+00
9.040948e-04 1.506844e-04 1.219996e-01 2.075000e+00 5.000000e-01 0.000000e+00
6.466567e-04 1.268223e-04 1.219996e-01 2.125000e+00 5.000000e-01 0.000000e+00
5.231065e-04 1.115281e-04 1.219996e-01 2.175000e+00 5.000000e-01 0.000000e+00
7.753499e-04 1.329742e-04 1.219996e-01 2.225000e+00 5.000000e-01 0.000000e+00
6.906727e-04 1.220975e-04 1.219996e-01 2.275000e+00 5.000000e-01 0.000000e+00
4.442977e-04 9.472548e-05 1.219996e-01 2.325000e+00 5.000000e-01 0.000000e+00
3.904594e-04 8.731154e-05 1.219996e-01 2.375000e+00 5.000000e-01 0.000000e+00
4.180870e-04 8.913799e-05 1.219996e-01 2.425000e+00 5.000000e-01 0.000000e+00
5.275925e-04 9.970973e-05 1.219996e-01 2.475000e+00 5.000000e-01 0.000000e+00
4.972794e-04 9.752812e-05 1.219996e-01 2.525000e+00 5.000000e-01 0.000000e+00
5.061343e-04 9.926413e-05 1.219996e-01 2.575000e+00 5.000000e-01 0.000000e+00
1.501629e-04 5.309329e-05 1.219996e-01 2.625000e+00 5.000000e-01 0.000000e+00
5.418363e-04 9.893148e-05 1.219996e-01 2.675000e+00 5.000000e-01 0.000000e+00
6.550588e-04 1.062725e-04 1.219996e-01 2.725000e+00 5.000000e-01 0.000000e+00
4.909646e-04 8.964366e-05 1.219996e-01 2.775000e+00 5.000000e-01 0.000000e+00
5.234011e-04 8.977219e-05 1.219996e-01 2.825000e+00 5.000000e-01 0.000000e+00
1.100796e-03 1.230915e-04 1.219996e-01 2.875000e+00 5.000000e-01 0.000000e+00
4.231707e-01 3.997525e-03 1.319996e-01 2.500000e-02 5.000000e-01 0.000000e+00
6.843576e-02 1.595419e-03 1.319996e-01 7.500000e-02 5.000000e-01 0.000000e+00
2.696948e-03 3.178390e-04 1.319996e-01 1.250000e-01 5.000000e-01 0.000000e+00
1.634984e-03 2.464835e-04 1.319996e-01 1.750000e-01 5.000000e-01 0.000000e+00
1.478023e-03 2.336966e-04 1.319996e-01 2.250000e-01 5.000000e-01 0.000000e+00
1.264211e-03 2.168109e-04 1.319996e-01 2.750000e-01 5.000000e-01 0.000000e+00
1.305425e-03 2.175714e-04 1.319996e-01 3.250000e-01 5.000000e-01 0.000000e+00
1.732092e-03 2.500066e-04 1.319996e-01 3.750000e-01 5.000000e-01 0.000000e+00
1.566401e-03 2.309540e-04 1.319996e-01 4.250000e-01 5.000000e-01 0.000000e+00
7.312682e-04 1.559072e-04 1.319996e-01 4.750000e-01 5.000000e-01 0.000000e+00
1.208664e-03 1.960716e-04 1.319996e-01 5.250000e-01 5.000000e-01 0.000000e+00
1.198009e-03 1.943433e-04 1.319996e-01 5.750000e-01 5.000000e-01 0.000000e+00
1.449132e-03 2.136637e-04 1.319996e-01 6.250000e-01 5.000000e-01 0.000000e+00
1.438198e-03 2.120515e-04 1.319996e-01 6.750000e-01 5.000000e-01 0.000000e+00
1.792131e-03 2.353190e-04 1.319996e-01 7.250000e-01 5.000000e-01 0.000000e+00
1.662406e-03 2.262256e-04 1.319996e-01 7.750000e-01 5.000000e-01 0.000000e+00
2.226918e-03 2.624459e-04 1.319996e-01 8.250000e-01 5.000000e-01 0.000000e+00
2.634714e-03 2.909567e-04 1.319996e-01 8.750000e-01 5.000000e-01 0.000000e+00
1.888436e-03 2.523543e-04 1.319996e-01 9.250000e-01 5.000000e-01 0.000000e+00
2.453587e-03 2.852253e-04 1.319996e-01 9.750000e-01 5.000000e-01 0.000000e+00
2.491241e-03 2.896026e-04 1.319996e-01 1.025000e+00 5.000000e-01 0.000000e+00
2.108343e-03 2.635442e-04 1.319996e-01 1.075000e+00 5.000000e-01 0.000000e+00
3.203916e-03 3.203932e-04 1.319996e-01 1.125000e+00 5.000000e-01 0.000000e+00
2.000701e-03 2.540902e-04 1.319996e-01 1.175000e+00 5.000000e-01 0.000000e+00
2.489840e-03 2.819205e-04 1.319996e-01 1.225000e+00 5.000000e-01 0.000000e+00
2.781059e-03 2.964633e-04 1.319996e-01 1.275000e+00 5.000000e-01 0.000000e+00
2.311899e-03 2.687544e-04 1.319996e-01 1.325000e+00 5.000000e-01 0.000000e+00
2.595825e-03 2.832298e-04 1.319996e-01 1.375000e+00 5.000000e-01 0.000000e+00
2.857653e-03 2.947463e-04 1.319996e-01 1.425000e+00 5.000000e-01 0.000000e+00
2.217510e-03 2.577817e-04 1.319996e-01 1.475000e+00 5.000000e-01 0.000000e+00
1.922167e-03 2.402727e-04 1.319996e-01 1.525000e+00 5.000000e-01 0.000000e+00
1.768774e-03 2.283502e-04 1.319996e-01 1.575000e+00 5.000000e-01 0.000000e+00
1.561936e-03 2.125547e-04 1.319996e-01 1.625000e+00 5.000000e-01 0.000000e+00
1.872908e-03 2.305411e-04 1.319996e-01 1.675000e+00 5.000000e-01 0.000000e+00
1.944523e-03 2.324179e-04 1.319996e-01 1.725000e+00 5.000000e-01 0.000000e+00
1.726500e-03 2.192679e-04 1.319996e-01 1.775000e+00 5.000000e-01 0.000000e+00
1.377517e-03 1.948125e-04 1.319996e-01 1.825000e+00 5.000000e-01 0.000000e+00
1.691283e-03 2.147958e-04 1.319996e-01 1.875000e+00 5.000000e-01 0.000000e+00
8.471198e-04 1.497533e-04 1.319996e-01 1.925000e+00 5.000000e-01 0.000000e+00
8.375676e-04 1.480646e-04 1.319996e-01 1.975000e+00 5.000000e-01 0.000000e+00
8.694163e-04 1.491062e-04 1.319996e-01 2.025000e+00 5.000000e-01 0.000000e+00
1.011005e-03 1.598566e-04 1.319996e-01 2.075000e+00 5.000000e-01 0.000000e+00
7.921818e-04 1.400416e-04 1.319996e-01 2.125000e+00 5.000000e-01 0.000000e+00
7.724348e-04 1.365509e-04 1.319996e-01 2.175000e+00 5.000000e-01 0.000000e+00
6.126323e-04 1.201498e-04 1.319996e-01 2.225000e+00 5.000000e-01 0.000000e+00
5.374479e-04 1.097073e-04 1.319996e-01 2.275000e+00 5.000000e-01 0.000000e+00
3.800453e-04 8.957903e-05 1.319996e-01 2.325000e+00 5.000000e-01 0.000000e+00
5.157909e-04 1.011571e-04 1.319996e-01 2.375000e+00 5.000000e-01 0.000000e+00
3.848198e-04 8.605043e-05 1.319996e-01 2.425000e+00 5.000000e-01 0.000000e+00
5.929137e-04 1.048167e-04 1.319996e-01 2.475000e+00 5.000000e-01 0.000000e+00
5.139991e-04 9.713973e-05 1.319996e-01 2.525000e+00 5.000000e-01 0.000000e+00
4.431981e-04 9.047339e-05 1.319996e-01 2.575000e+00 5.000000e-01 0.000000e+00
7.914809e-04 1.221329e-04 1.319996e-01 2.625000e+00 5.000000e-01 0.000000e+00
7.605698e-04 1.173632e-04 1.319996e-01 2.675000e+00 5.000000e-01 0.000000e+00
6.962508e-04 1.100958e-04 1.319996e-01 2.725000e+00 5.000000e-01 0.000000e+00
7.957056e-04 1.148586e-04 1.319996e-01 2.775000e+00 5.000000e-01 0.000000e+00
7.203474e-04 1.062153e-04 1.319996e-01 2.825000e+00 5.000000e-01 0.000000e+00
8.474213e-04 1.094172e-04 1.319996e-01 2.875000e+00 5.000000e-01 0.000000e+00
4.266972e-01 3.998499e-03 1.419995e-01 2.500000e-02 5.000000e-01 0.000000e+00
7.228292e-02 1.652210e-03 1.419995e-01 7.500000e-02 5.000000e-01 0.000000e+00
3.412845e-03 3.558147e-04 1.419995e-01 1.250000e-01 5.000000e-01 0.000000e+00
1.875726e-03 2.652683e-04 1.419995e-01 1.750000e-01 5.000000e-01 0.000000e+00
1.714208e-03 2.527469e-04 1.419995e-01 2.250000e-01 5.000000e-01 0.000000e+00
1.595945e-03 2.405983e-04 1.419995e-01 2.750000e-01 5.000000e-01 0.000000e+00
1.215148e-03 2.083967e-04 1.419995e-01 3.250000e-01 5.000000e-01 0.000000e+00
1.673839e-03 2.367173e-04 1.419995e-01 3.750000e-01 5.000000e-01 0.000000e+00
1.181524e-03 1.969211e-04 1.419995e-01 4.250000e-01 5.000000e-01 0.000000e+00
1.457594e-03 2.149110e-04 1.419995e-01 4.750000e-01 5.000000e-01 0.000000e+00
1.015066e-03 1.794407e-04 1.419995e-01 5.250000e-01 5.000000e-01 0.000000e+00
1.448619e-03 2.135878e-04 1.419995e-01 5.750000e-01 5.000000e-01 0.000000e+00
9.447117e-04 1.724806e-04 1.419995e-01 6.250000e-01 5.000000e-01 0.000000e+00
2.517032e-03 2.814138e-04 1.419995e-01 6.750000e-01 5.000000e-01 0.000000e+00
1.573938e-03 2.225892e-04 1.419995e-01 7.250000e-01 5.000000e-01 0.000000e+00
1.615609e-03 2.284821e-04 1.419995e-01 7.750000e-01 5.000000e-01 0.000000e+00
1.829127e-03 2.489134e-04 1.419995e-01 8.250000e-01 5.000000e-01 0.000000e+00
2.442081e-03 2.878028e-04 1.419995e-01 8.750000e-01 5.000000e-01 0.000000e+00
2.405395e-03 2.834797e-04 1.419995e-01 9.250000e-01 5.000000e-01 0.000000e+00
2.109479e-03 2.679053e-04 1.419995e-01 9.750000e-01 5.000000e-01 0.000000e+00
2.392471e-03 2.819565e-04 1.419995e-01 1.025000e+00 5.000000e-01 0.000000e+00
2.692404e-03 2.973279e-04 1.419995e-01 1.075000e+00 5.000000e-01 0.000000e+00
2.947542e-03 3.106998e-04 1.419995e-01 1.125000e+00 5.000000e-01 0.000000e+00
2.418331e-03 2.774033e-04 1.419995e-01 1.175000e+00 5.000000e-01 0.000000e+00
2.496919e-03 2.827218e-04 1.419995e-01 1.225000e+00 5.000000e-01 0.000000e+00
2.170274e-03 2.631864e-04 1.419995e-01 1.275000e+00 5.000000e-01 0.000000e+00
2.385638e-03 2.736530e-04 1.419995e-01 1.325000e+00 5.000000e-01 0.000000e+00
2.090333e-03 2.534914e-04 1.419995e-01 1.375000e+00 5.000000e-01 0.000000e+00
1.958116e-03 2.447666e-04 1.419995e-01 1.425000e+00 5.000000e-01 0.000000e+00
1.759025e-03 2.309727e-04 1.419995e-01 1.475000e+00 5.000000e-01 0.000000e+00
1.910980e-03 2.388746e-04 1.419995e-01 1.525000e+00 5.000000e-01 0.000000e+00
1.470930e-03 2.080229e-04 1.419995e-01 1.575000e+00 5.000000e-01 0.000000e+00
1.152205e-03 1.821815e-04 1.419995e-01 1.625000e+00 5.000000e-01 0.000000e+00
2.430758e-03 2.621176e-04 1.419995e-01 1.675000e+00 5.000000e-01 0.000000e+00
1.410859e-03 1.995271e-04 1.419995e-01 1.725000e+00 5.000000e-01 0.000000e+00
1.572011e-03 2.100700e-04 1.419995e-01 1.775000e+00 5.000000e-01 0.000000e+00
1.263816e-03 1.863420e-04 1.419995e-01 1.825000e+00 5.000000e-01 0.000000e+00
1.212635e-03 1.828138e-04 1.419995e-01 1.875000e+00 5.000000e-01 0.000000e+00
1.390225e-03 1.927932e-04 1.419995e-01 1.925000e+00 5.000000e-01 0.000000e+00
1.323791e-03 1.872154e-04 1.419995e-01 1.975000e+00 5.000000e-01 0.000000e+00
7.229768e-04 1.366320e-04 1.419995e-01 2.025000e+00 5.000000e-01 0.000000e+00
1.625467e-03 2.031864e-04 1.419995e-01 2.075000e+00 5.000000e-01 0.000000e+00
4.441500e-04 1.046885e-04 1.419995e-01 2.125000e+00 5.000000e-01 0.000000e+00
1.078816e-03 1.626407e-04 1.419995e-01 2.175000e+00 5.000000e-01 0.000000e+00
1.049965e-03 1.582913e-04 1.419995e-01 2.225000e+00 5.000000e-01 0.000000e+00
4.606634e-04 1.030114e-04 1.419995e-01 2.275000e+00 5.000000e-01 0.000000e+00
4.824474e-04 1.028610e-04 1.419995e-01 2.325000e+00 5.000000e-01 0.000000e+00
4.569634e-04 9.742765e-05 1.419995e-01 2.375000e+00 5.000000e-01 0.000000e+00
6.191973e-04 1.094630e-04 1.419995e-01 2.425000e+00 5.000000e-01 0.000000e+00
5.593094e-04 1.021178e-04 1.419995e-01 2.475000e+00 5.000000e-01 0.000000e+00
4.717420e-04 9.251914e-05 1.419995e-01 2.525000e+00 5.000000e-01 0.000000e+00
5.358636e-04 9.783856e-05 1.419995e-01 2.575000e+00 5.000000e-01 0.000000e+00
5.825050e-04 1.029786e-04 1.419995e-01 2.625000e+00 5.000000e-01 0.000000e+00
2.192920e-04 6.330674e-05 1.419995e-01 2.675000e+00 5.000000e-01 0.000000e+00
6.270919e-04 1.045231e-04 1.419995e-01 2.725000e+00 5.000000e-01 0.000000e+00
6.658770e-04 1.052909e-04 1.419995e-01 2.775000e+00 5.000000e-01 0.000000e+00
9.089076e-04 1.193589e-04 1.419995e-01 2.825000e+00 5.000000e-01 0.000000e+00
6.990003e-04 1.009034e-04 1.419995e-01 2.875000e+00 5.000000e-01 0.000000e+00
4.420918e-01 4.099783e-03 1.519995e-01 2.500000e-02 5.000000e-01 0.000000e+00
6.933539e-02 1.612017e-03 1.519995e-01 7.500000e-02 5.000000e-01 0.000000e+00
2.568773e-03 3.115103e-04 1.519995e-01 1.250000e-01 5.000000e-01 0.000000e+00
2.593273e-03 3.099560e-04 1.519995e-01 1.750000e-01 5.000000e-01 0.000000e+00
1.517123e-03 2.340978e-04 1.519995e-01 2.250000e-01 5.000000e-01 0.000000e+00
1.392455e-03 2.201670e-04 1.519995e-01 2.750000e-01 5.000000e-01 0.000000e+00
1.592795e-03 2.299007e-04 1.519995e-01 3.250000e-01 5.000000e-01 0.000000e+00
1.712635e-03 2.375003e-04 1.519995e-01 3.750000e-01 5.000000e-01 0.000000e+00
1.088939e-03 1.867522e-04 1.519995e-01 4.250000e-01 5.000000e-01 0.000000e+00
9.038374e-04 1.708097e-04 1.519995e-01 4.750000e-01 5.000000e-01 0.000000e+00
1.200752e-03 1.947882e-04 1.519995e-01 5.250000e-01 5.000000e-01 0.000000e+00
1.464670e-03 2.159543e-04 1.519995e-01 5.750000e-01 5.000000e-01 0.000000e+00
1.215712e-03 1.972152e-04 1.519995e-01 6.250000e-01 5.000000e-01 0.000000e+00
1.559461e-03 2.250896e-04 1.519995e-01 6.750000e-01 5.000000e-01 0.000000e+00
1.697340e-03 2.400410e-04 1.519995e-01 7.250000e-01 5.000000e-01 0.000000e+00
2.281410e-03 2.808232e-04 1.519995e-01 7.750000e-01 5.000000e-01 0.000000e+00
1.440702e-03 2.223060e-04 1.519995e-01 8.250000e-01 5.000000e-01 0.000000e+00
2.242308e-03 2.760104e-04 1.519995e-01 8.750000e-01 5.000000e-01 0.000000e+00
2.963353e-03 3.158957e-04 1.519995e-01 9.250000e-01 5.000000e-01 0.000000e+00
2.820456e-03 3.077381e-04 1.519995e-01 9.750000e-01 5.000000e-01 0.000000e+00
2.293977e-03 2.781869e-04 1.519995e-01 1.025000e+00 5.000000e-01 0.000000e+00
1.968468e-03 2.541290e-04 1.519995e-01 1.075000e+00 5.000000e-01 0.000000e+00
2.280954e-03 2.726277e-04 1.519995e-01 1.125000e+00 5.000000e-01 0.000000e+00
2.855218e-03 3.043687e-04 1.519995e-01 1.175000e+00 5.000000e-01 0.000000e+00
2.670458e-03 2.913727e-04 1.519995e-01 1.225000e+00 5.000000e-01 0.000000e+00
2.620204e-03 2.893548e-04 1.519995e-01 1.275000e+00 5.000000e-01 0.000000e+00
2.529351e-03 2.827918e-04 1.519995e-01 1.325000e+00 5.000000e-01 0.000000e+00
2.092399e-03 2.537428e-04 1.519995e-01 1.375000e+00 5.000000e-01 0.000000e+00
1.528690e-03 2.161907e-04 1.519995e-01 1.425000e+00 5.000000e-01 0.000000e+00
1.696085e-03 2.266502e-04 1.519995e-01 1.475000e+00 5.000000e-01 0.000000e+00
1.975305e-03 2.431448e-04 1.519995e-01 1.525000e+00 5.000000e-01 0.000000e+00
1.441633e-03 2.038796e-04 1.519995e-01 1.575000e+00 5.000000e-01 0.000000e+00
1.785020e-03 2.266998e-04 1.519995e-01 1.625000e+00 5.000000e-01 0.000000e+00
1.284544e-03 1.936544e-04 1.519995e-01 1.675000e+00 5.000000e-01 0.000000e+00
1.259648e-03 1.899003e-04 1.519995e-01 1.725000e+00 5.000000e-01 0.000000e+00
1.182286e-03 1.824324e-04 1.519995e-01 1.775000e+00 5.000000e-01 0.000000e+00
1.269596e-03 1.871930e-04 1.519995e-01 1.825000e+00 5.000000e-01 0.000000e+00
1.150214e-03 1.774830e-04 1.519995e-01 1.875000e+00 5.000000e-01 0.000000e+00
5.880667e-04 1.253780e-04 1.519995e-01 1.925000e+00 5.000000e-01 0.000000e+00
9.508977e-04 1.584853e-04 1.519995e-01 1.975000e+00 5.000000e-01 0.000000e+00
6.243723e-04 1.274511e-04 1.519995e-01 2.025000e+00 5.000000e-01 0.000000e+00
7.189583e-04 1.358722e-04 1.519995e-01 2.075000e+00 5.000000e-01 0.000000e+00
4.506421e-04 1.062194e-04 1.519995e-01 2.125000e+00 5.000000e-01 0.000000e+00
4.442253e-04 1.047059e-04 1.519995e-01 2.175000e+00 5.000000e-01 0.000000e+00
6.215052e-04 1.218889e-04 1.519995e-01 2.225000e+00 5.000000e-01 0.000000e+00
6.110521e-04 1.198400e-04 1.519995e-01 2.275000e+00 5.000000e-01 0.000000e+00
2.265579e-04 7.164517e-05 1.519995e-01 2.325000e+00 5.000000e-01 0.000000e+00
3.854073e-04 9.084414e-05 1.519995e-01 2.375000e+00 5.000000e-01 0.000000e+00
4.853221e-04 9.906828e-05 1.519995e-01 2.425000e+00 5.000000e-01 0.000000e+00
4.532880e-04 9.253063e-05 1.519995e-01 2.475000e+00 5.000000e-01 0.000000e+00
4.005976e-04 8.541146e-05 1.519995e-01 2.525000e+00 5.000000e-01 0.000000e+00
4.923006e-04 9.303979e-05 1.519995e-01 2.575000e+00 5.000000e-01 0.000000e+00
5.914693e-04 1.014412e-04 1.519995e-01 2.625000e+00 5.000000e-01 0.000000e+00
3.870178e-04 8.251722e-05 1.519995e-01 2.675000e+00 5.000000e-01 0.000000e+00
6.662044e-04 1.080793e-04 1.519995e-01 2.725000e+00 5.000000e-01 0.000000e+00
5.343450e-04 9.446972e-05 1.519995e-01 2.775000e+00 5.000000e-01 0.000000e+00
7.610557e-04 1.098589e-04 1.519995e-01 2.825000e+00 5.000000e-01 0.000000e+00
8.624452e-04 1.132572e-04 1.519995e-01 2.875000e+00 5.000000e-01 0.000000e+00
4.438335e-01 4.097650e-03 1.619995e-01 2.500000e-02 5.000000e-01 0.000000e+00
6.938152e-02 1.611349e-03 1.619995e-01 7.500000e-02 5.000000e-01 0.000000e+00
2.470409e-03 2.995819e-04 1.619995e-01 1.250000e-01 5.000000e-01 0.000000e+00
1.700161e-03 2.453975e-04 1.619995e-01 1.750000e-01 5.000000e-01 0.000000e+00
1.959961e-03 2.573561e-04 1.619995e-01 2.250000e-01 5.000000e-01 0.000000e+00
1.197812e-03 1.996361e-04 1.619995e-01 2.750000e-01 5.000000e-01 0.000000e+00
1.584667e-03 2.287274e-04 1.619995e-01 3.250000e-01 5.000000e-01 0.000000e+00
1.237882e-03 2.008115e-04 1.619995e-01 3.750000e-01 5.000000e-01 0.000000e+00
1.104964e-03 1.895001e-04 1.619995e-01 4.250000e-01 5.000000e-01 0.000000e+00
1.268339e-03 2.005427e-04 1.619995e-01 4.750000e-01 5.000000e-01 0.000000e+00
1.030390e-03 1.821495e-04 1.619995e-01 5.250000e-01 5.000000e-01 0.000000e+00
1.434820e-03 2.163079e-04 1.619995e-01 5.750000e-01 5.000000e-01 0.000000e+00
1.160095e-03 1.989551e-04 1.619995e-01 6.250000e-01 5.000000e-01 0.000000e+00
1.630915e-03 2.404661e-04 1.619995e-01 6.750000e-01 5.000000e-01 0.000000e+00
2.173634e-03 2.760529e-04 1.619995e-01 7.250000e-01 5.000000e-01 0.000000e+00
1.754456e-03 2.481186e-04 1.619995e-01 7.750000e-01 5.000000e-01 0.000000e+00
1.991463e-03 2.614928e-04 1.619995e-01 8.250000e-01 5.000000e-01 0.000000e+00
2.513003e-03 2.921318e-04 1.619995e-01 8.750000e-01 5.000000e-01 0.000000e+00
3.278275e-03 3.345889e-04 1.619995e-01 9.250000e-01 5.000000e-01 0.000000e+00
2.574991e-03 2.953731e-04 1.619995e-01 9.750000e-01 5.000000e-01 0.000000e+00
2.833371e-03 3.091474e-04 1.619995e-01 1.025000e+00 5.000000e-01 0.000000e+00
2.194603e-03 2.701380e-04 1.619995e-01 1.075000e+00 5.000000e-01 0.000000e+00
2.684332e-03 2.964369e-04 1.619995e-01 1.125000e+00 5.000000e-01 0.000000e+00
2.582380e-03 2.887204e-04 1.619995e-01 1.175000e+00 5.000000e-01 0.000000e+00
2.648971e-03 2.925316e-04 1.619995e-01 1.225000e+00 5.000000e-01 0.000000e+00
2.620258e-03 2.893606e-04 1.619995e-01 1.275000e+00 5.000000e-01 0.000000e+00
2.215965e-03 2.648600e-04 1.619995e-01 1.325000e+00 5.000000e-01 0.000000e+00
1.932413e-03 2.454183e-04 1.619995e-01 1.375000e+00 5.000000e-01 0.000000e+00
1.277866e-03 1.971804e-04 1.619995e-01 1.425000e+00 5.000000e-01 0.000000e+00
1.675286e-03 2.238717e-04 1.619995e-01 1.475000e+00 5.000000e-01 0.000000e+00
2.322525e-03 2.629760e-04 1.619995e-01 1.525000e+00 5.000000e-01 0.000000e+00
2.469145e-03 2.694079e-04 1.619995e-01 1.575000e+00 5.000000e-01 0.000000e+00
1.630417e-03 2.178756e-04 1.619995e-01 1.625000e+00 5.000000e-01 0.000000e+00
1.219291e-03 1.881427e-04 1.619995e-01 1.675000e+00 5.000000e-01 0.000000e+00
1.712646e-03 2.211038e-04 1.619995e-01 1.725000e+00 5.000000e-01 0.000000e+00
1.415854e-03 2.002339e-04 1.619995e-01 1.775000e+00 5.000000e-01 0.000000e+00
1.163905e-03 1.795965e-04 1.619995e-01 1.825000e+00 5.000000e-01 0.000000e+00
1.199271e-03 1.807989e-04 1.619995e-01 1.875000e+00 5.000000e-01 0.000000e+00
1.028769e-03 1.668896e-04 1.619995e-01 1.925000e+00 5.000000e-01 0.000000e+00
8.467138e-04 1.496807e-04 1.619995e-01 1.975000e+00 5.000000e-01 0.000000e+00
8.897629e-04 1.525946e-04 1.619995e-01 2.025000e+00 5.000000e-01 0.000000e+00
1.023340e-03 1.618069e-04 1.619995e-01 2.075000e+00 5.000000e-01 0.000000e+00
5.519153e-04 1.176714e-04 1.619995e-01 2.125000e+00 5.000000e-01 0.000000e+00
4.420145e-04 1.041851e-04 1.619995e-01 2.175000e+00 5.000000e-01 0.000000e+00
6.703083e-04 1.266789e-04 1.619995e-01 2.225000e+00 5.000000e-01 0.000000e+00
8.031384e-04 1.377407e-04 1.619995e-01 2.275000e+00 5.000000e-01 0.000000e+00
9.156981e-04 1.447884e-04 1.619995e-01 2.325000e+00 5.000000e-01 0.000000e+00
6.178878e-04 1.167742e-04 1.619995e-01 2.375000e+00 5.000000e-01 0.000000e+00
5.885469e-04 1.112275e-04 1.619995e-01 2.425000e+00 5.000000e-01 0.000000e+00
5.122354e-04 1.004614e-04 1.619995e-01 2.475000e+00 5.000000e-01 0.000000e+00
4.400003e-04 8.981880e-05 1.619995e-01 2.525000e+00 5.000000e-01 0.000000e+00
4.248924e-04 8.673556e-05 1.619995e-01 2.575000e+00 5.000000e-01 0.000000e+00
4.790666e-04 9.053947e-05 1.619995e-01 2.625000e+00 5.000000e-01 0.000000e+00
4.731958e-04 8.943063e-05 1.619995e-01 2.675000e+00 5.000000e-01 0.000000e+00
5.142878e-04 9.390003e-05 1.619995e-01 2.725000e+00 5.000000e-01 0.000000e+00
6.051453e-04 1.008663e-04 1.619995e-01 2.775000e+00 5.000000e-01 0.000000e+00
9.232563e-04 1.212427e-04 1.619995e-01 2.825000e+00 5.000000e-01 0.000000e+00
9.567150e-04 1.196021e-04 1.619995e-01 2.875000e+00 5.000000e-01 0.000000e+00
4.604186e-01 4.126379e-03 1.719995e-01 2.500000e-02 5.000000e-01 0.000000e+00
7.244288e-02 1.610241e-03 1.719995e-01 7.500000e-02 5.000000e-01 0.000000e+00
2.732549e-03 3.055090e-04 1.719995e-01 1.250000e-01 5.000000e-01 0.000000e+00
1.740294e-03 2.413359e-04 1.719995e-01 1.750000e-01 5.000000e-01 0.000000e+00
1.207305e-03 2.012181e-04 1.719995e-01 2.250000e-01 5.000000e-01 0.000000e+00
8.630264e-04 1.692538e-04 1.719995e-01 2.750000e-01 5.000000e-01 0.000000e+00
1.058061e-03 1.870410e-04 1.719995e-01 3.250000e-01 5.000000e-01 0.000000e+00
1.243797e-03 2.017711e-04 1.719995e-01 3.750000e-01 5.000000e-01 0.000000e+00
1.033283e-03 1.826610e-04 1.719995e-01 4.250000e-01 5.000000e-01 0.000000e+00
1.183964e-03 1.973281e-04 1.719995e-01 4.750000e-01 5.000000e-01 0.000000e+00
1.290528e-03 2.093520e-04 1.719995e-01 5.250000e-01 5.000000e-01 0.000000e+00
1.711233e-03 2.469963e-04 1.719995e-01 5.750000e-01 5.000000e-01 0.000000e+00
1.714734e-03 2.475014e-04 1.719995e-01 6.250000e-01 5.000000e-01 0.000000e+00
1.350893e-03 2.191445e-04 1.719995e-01 6.750000e-01 5.000000e-01 0.000000e+00
1.570800e-03 2.368080e-04 1.719995e-01 7.250000e-01 5.000000e-01 0.000000e+00
1.950919e-03 2.607034e-04 1.719995e-01 7.750000e-01 5.000000e-01 0.000000e+00
2.153906e-03 2.735471e-04 1.719995e-01 8.250000e-01 5.000000e-01 0.000000e+00
1.829592e-03 2.489771e-04 1.719995e-01 8.750000e-01 5.000000e-01 0.000000e+00
2.176210e-03 2.720273e-04 1.719995e-01 9.250000e-01 5.000000e-01 0.000000e+00
2.672388e-03 3.025899e-04 1.719995e-01 9.750000e-01 5.000000e-01 0.000000e+00
2.952457e-03 3.147342e-04 1.719995e-01 1.025000e+00 5.000000e-01 0.000000e+00
2.353610e-03 2.813117e-04 1.719995e-01 1.075000e+00 5.000000e-01 0.000000e+00
2.899470e-03 3.090858e-04 1.719995e-01 1.125000e+00 5.000000e-01 0.000000e+00
3.223203e-03 3.223222e-04 1.719995e-01 1.175000e+00 5.000000e-01 0.000000e+00
2.529725e-03 2.864369e-04 1.719995e-01 1.225000e+00 5.000000e-01 0.000000e+00
2.315558e-03 2.728930e-04 1.719995e-01 1.275000e+00 5.000000e-01 0.000000e+00
2.345110e-03 2.726154e-04 1.719995e-01 1.325000e+00 5.000000e-01 0.000000e+00
1.864362e-03 2.406903e-04 1.719995e-01 1.375000e+00 5.000000e-01 0.000000e+00
1.563987e-03 2.168876e-04 1.719995e-01 1.425000e+00 5.000000e-01 0.000000e+00
1.563362e-03 2.168005e-04 1.719995e-01 1.475000e+00 5.000000e-01 0.000000e+00
2.128881e-03 2.544521e-04 1.719995e-01 1.525000e+00 5.000000e-01 0.000000e+00
1.611316e-03 2.192740e-04 1.719995e-01 1.575000e+00 5.000000e-01 0.000000e+00
1.230495e-03 1.898718e-04 1.719995e-01 1.625000e+00 5.000000e-01 0.000000e+00
2.164942e-03 2.516725e-04 1.719995e-01 1.675000e+00 5.000000e-01 0.000000e+00
9.780967e-04 1.677440e-04 1.719995e-01 1.725000e+00 5.000000e-01 0.000000e+00
7.387603e-04 1.448847e-04 1.719995e-01 1.775000e+00 5.000000e-01 0.000000e+00
9.506058e-04 1.630292e-04 1.719995e-01 1.825000e+00 5.000000e-01 0.000000e+00
1.210099e-03 1.824314e-04 1.719995e-01 1.875000e+00 5.000000e-01 0.000000e+00
8.689771e-04 1.536167e-04 1.719995e-01 1.925000e+00 5.000000e-01 0.000000e+00
1.059992e-03 1.676021e-04 1.719995e-01 1.975000e+00 5.000000e-01 0.000000e+00
1.528871e-03 2.007535e-04 1.719995e-01 2.025000e+00 5.000000e-01 0.000000e+00
5.619322e-04 1.198062e-04 1.719995e-01 2.075000e+00 5.000000e-01 0.000000e+00
6.059084e-04 1.236844e-04 1.719995e-01 2.125000e+00 5.000000e-01 0.000000e+00
1.178157e-03 1.700555e-04 1.719995e-01 2.175000e+00 5.000000e-01 0.000000e+00
5.777524e-04 1.179360e-04 1.719995e-01 2.225000e+00 5.000000e-01 0.000000e+00
4.265799e-04 1.005492e-04 1.719995e-01 2.275000e+00 5.000000e-01 0.000000e+00
5.994749e-04 1.175705e-04 1.719995e-01 2.325000e+00 5.000000e-01 0.000000e+00
6.291382e-04 1.188985e-04 1.719995e-01 2.375000e+00 5.000000e-01 0.000000e+00
6.037059e-04 1.140936e-04 1.719995e-01 2.425000e+00 5.000000e-01 0.000000e+00
4.475417e-04 9.542046e-05 1.719995e-01 2.475000e+00 5.000000e-01 0.000000e+00
4.978417e-04 9.763964e-05 1.719995e-01 2.525000e+00 5.000000e-01 0.000000e+00
4.276677e-04 8.730073e-05 1.719995e-01 2.575000e+00 5.000000e-01 0.000000e+00
6.495928e-04 1.053860e-04 1.719995e-01 2.625000e+00 5.000000e-01 0.000000e+00
5.989510e-04 9.982815e-05 1.719995e-01 2.675000e+00 5.000000e-01 0.000000e+00
8.224926e-04 1.163289e-04 1.719995e-01 2.725000e+00 5.000000e-01 0.000000e+00
4.686976e-04 8.858476e-05 1.719995e-01 2.775000e+00 5.000000e-01 0.000000e+00
6.737848e-04 1.039845e-04 1.719995e-01 2.825000e+00 5.000000e-01 0.000000e+00
7.178539e-04 1.036221e-04 1.719995e-01 2.875000e+00 5.000000e-01 0.000000e+00
4.511871e-01 3.971566e-03 1.819995e-01 2.500000e-02 5.000000e-01 0.000000e+00
7.387330e-02 1.579299e-03 1.819995e-01 7.500000e-02 5.000000e-01 0.000000e+00
2.039708e-03 2.633258e-04 1.819995e-01 1.250000e-01 5.000000e-01 0.000000e+00
1.481654e-03 2.233683e-04 1.819995e-01 1.750000e-01 5.000000e-01 0.000000e+00
1.557772e-03 2.296816e-04 1.819995e-01 2.250000e-01 5.000000e-01 0.000000e+00
1.338141e-03 2.115789e-04 1.819995e-01 2.750000e-01 5.000000e-01 0.000000e+00
1.402306e-03 2.163812e-04 1.819995e-01 3.250000e-01 5.000000e-01 0.000000e+00
1.137568e-03 1.950918e-04 1.819995e-01 3.750000e-01 5.000000e-01 0.000000e+00
1.299035e-03 2.107319e-04 1.819995e-01 4.250000e-01 5.000000e-01 0.000000e+00
1.286051e-03 2.143427e-04 1.819995e-01 4.750000e-01 5.000000e-01 0.000000e+00
1.366363e-03 2.216539e-04 1.819995e-01 5.250000e-01 5.000000e-01 0.000000e+00
1.369154e-03 2.221067e-04 1.819995e-01 5.750000e-01 5.000000e-01 0.000000e+00
1.503108e-03 2.319354e-04 1.819995e-01 6.250000e-01 5.000000e-01 0.000000e+00
1.504758e-03 2.321899e-04 1.819995e-01 6.750000e-01 5.000000e-01 0.000000e+00
1.709017e-03 2.466762e-04 1.819995e-01 7.250000e-01 5.000000e-01 0.000000e+00
2.173541e-03 2.760412e-04 1.819995e-01 7.750000e-01 5.000000e-01 0.000000e+00
1.585185e-03 2.337234e-04 1.819995e-01 8.250000e-01 5.000000e-01 0.000000e+00
2.541359e-03 2.954280e-04 1.819995e-01 8.750000e-01 5.000000e-01 0.000000e+00
1.915341e-03 2.559492e-04 1.819995e-01 9.250000e-01 5.000000e-01 0.000000e+00
2.444881e-03 2.881332e-04 1.819995e-01 9.750000e-01 5.000000e-01 0.000000e+00
2.233184e-03 2.748870e-04 1.819995e-01 1.025000e+00 5.000000e-01 0.000000e+00
2.669989e-03 2.985155e-04 1.819995e-01 1.075000e+00 5.000000e-01 0.000000e+00
2.846280e-03 3.069237e-04 1.819995e-01 1.125000e+00 5.000000e-01 0.000000e+00
2.406026e-03 2.796962e-04 1.819995e-01 1.175000e+00 5.000000e-01 0.000000e+00
2.322930e-03 2.737610e-04 1.819995e-01 1.225000e+00 5.000000e-01 0.000000e+00
2.452136e-03 2.812809e-04 1.819995e-01 1.275000e+00 5.000000e-01 0.000000e+00
2.755669e-03 2.937571e-04 1.819995e-01 1.325000e+00 5.000000e-01 0.000000e+00
2.029338e-03 2.497955e-04 1.819995e-01 1.375000e+00 5.000000e-01 0.000000e+00
1.911186e-03 2.427227e-04 1.819995e-01 1.425000e+00 5.000000e-01 0.000000e+00
1.346915e-03 2.030576e-04 1.819995e-01 1.475000e+00 5.000000e-01 0.000000e+00
1.401875e-03 2.066972e-04 1.819995e-01 1.525000e+00 5.000000e-01 0.000000e+00
1.743951e-03 2.289942e-04 1.819995e-01 1.575000e+00 5.000000e-01 0.000000e+00
1.877397e-03 2.346763e-04 1.819995e-01 1.625000e+00 5.000000e-01 0.000000e+00
1.404304e-03 2.026961e-04 1.819995e-01 1.675000e+00 5.000000e-01 0.000000e+00
1.504012e-03 2.085712e-04 1.819995e-01 1.725000e+00 5.000000e-01 0.000000e+00
1.579859e-03 2.111201e-04 1.819995e-01 1.775000e+00 5.000000e-01 0.000000e+00
1.743491e-03 2.214262e-04 1.819995e-01 1.825000e+00 5.000000e-01 0.000000e+00
1.268999e-03 1.871054e-04 1.819995e-01 1.875000e+00 5.000000e-01 0.000000e+00
1.086533e-03 1.717979e-04 1.819995e-01 1.925000e+00 5.000000e-01 0.000000e+00
8.526302e-04 1.507274e-04 1.819995e-01 1.975000e+00 5.000000e-01 0.000000e+00
7.898176e-04 1.442025e-04 1.819995e-01 2.025000e+00 5.000000e-01 0.000000e+00
1.030148e-03 1.628828e-04 1.819995e-01 2.075000e+00 5.000000e-01 0.000000e+00
9.089237e-04 1.514892e-04 1.819995e-01 2.125000e+00 5.000000e-01 0.000000e+00
6.421954e-04 1.259471e-04 1.819995e-01 2.175000e+00 5.000000e-01 0.000000e+00
6.307758e-04 1.237073e-04 1.819995e-01 2.225000e+00 5.000000e-01 0.000000e+00
3.799357e-04 9.498586e-05 1.819995e-01 2.275000e+00 5.000000e-01 0.000000e+00
7.428402e-04 1.313205e-04 1.819995e-01 2.325000e+00 5.000000e-01 0.000000e+00
4.515169e-04 1.009641e-04 1.819995e-01 2.375000e+00 5.000000e-01 0.000000e+00
7.933291e-04 1.322249e-04 1.819995e-01 2.425000e+00 5.000000e-01 0.000000e+00
4.605947e-04 9.820423e-05 1.819995e-01 2.475000e+00 5.000000e-01 0.000000e+00
4.356111e-04 9.287649e-05 1.819995e-01 2.525000e+00 5.000000e-01 0.000000e+00
6.684584e-04 1.114153e-04 1.819995e-01 2.575000e+00 5.000000e-01 0.000000e+00
4.823943e-04 9.116820e-05 1.819995e-01 2.625000e+00 5.000000e-01 0.000000e+00
4.948991e-04 9.036054e-05 1.819995e-01 2.675000e+00 5.000000e-01 0.000000e+00
5.159559e-04 9.121645e-05 1.819995e-01 2.725000e+00 5.000000e-01 0.000000e+00
8.303719e-04 1.151593e-04 1.819995e-01 2.775000e+00 5.000000e-01 0.000000e+00
7.422861e-04 1.094522e-04 1.819995e-01 2.825000e+00 5.000000e-01 0.000000e+00
1.000849e-03 1.232105e-04 1.819995e-01 2.875000e+00 5.000000e-01 0.000000e+00
4.528359e-01 3.920408e-03 1.919995e-01 2.500000e-02 5.000000e-01 0.000000e+00
7.454909e-02 1.594475e-03 1.919995e-01 7.500000e-02 5.000000e-01 0.000000e+00
2.707846e-03 3.027471e-04 1.919995e-01 1.250000e-01 5.000000e-01 0.000000e+00
2.051778e-03 2.648841e-04 1.919995e-01 1.750000e-01 5.000000e-01 0.000000e+00
2.013223e-03 2.599067e-04 1.919995e-01 2.250000e-01 5.000000e-01 0.000000e+00
1.366636e-03 2.160847e-04 1.919995e-01 2.750000e-01 5.000000e-01 0.000000e+00
1.667532e-03 2.406881e-04 1.919995e-01 3.250000e-01 5.000000e-01 0.000000e+00
1.588911e-03 2.395379e-04 1.919995e-01 3.750000e-01 5.000000e-01 0.000000e+00
1.399551e-03 2.270378e-04 1.919995e-01 4.250000e-01 5.000000e-01 0.000000e+00
1.229396e-03 2.108402e-04 1.919995e-01 4.750000e-01 5.000000e-01 0.000000e+00
1.745538e-03 2.519474e-04 1.919995e-01 5.250000e-01 5.000000e-01 0.000000e+00
1.505469e-03 2.322995e-04 1.919995e-01 5.750000e-01 5.000000e-01 0.000000e+00
2.234312e-03 2.837588e-04 1.919995e-01 6.250000e-01 5.000000e-01 0.000000e+00
1.657282e-03 2.443540e-04 1.919995e-01 6.750000e-01 5.000000e-01 0.000000e+00
1.357160e-03 2.201613e-04 1.919995e-01 7.250000e-01 5.000000e-01 0.000000e+00
2.050297e-03 2.692183e-04 1.919995e-01 7.750000e-01 5.000000e-01 0.000000e+00
2.073957e-03 2.677478e-04 1.919995e-01 8.250000e-01 5.000000e-01 0.000000e+00
2.219763e-03 2.774716e-04 1.919995e-01 8.750000e-01 5.000000e-01 0.000000e+00
2.828141e-03 3.123172e-04 1.919995e-01 9.250000e-01 5.000000e-01 0.000000e+00
2.884901e-03 3.147701e-04 1.919995e-01 9.750000e-01 5.000000e-01 0.000000e+00
2.586558e-03 2.967001e-04 1.919995e-01 1.025000e+00 5.000000e-01 0.000000e+00
2.601921e-03 2.946109e-04 1.919995e-01 1.075000e+00 5.000000e-01 0.000000e+00
2.122113e-03 2.652656e-04 1.919995e-01 1.125000e+00 5.000000e-01 0.000000e+00
2.544046e-03 2.880581e-04 1.919995e-01 1.175000e+00 5.000000e-01 0.000000e+00
2.006037e-03 2.547687e-04 1.919995e-01 1.225000e+00 5.000000e-01 0.000000e+00
2.215965e-03 2.648598e-04 1.919995e-01 1.275000e+00 5.000000e-01 0.000000e+00
2.131767e-03 2.585168e-04 1.919995e-01 1.325000e+00 5.000000e-01 0.000000e+00
2.576778e-03 2.845593e-04 1.919995e-01 1.375000e+00 5.000000e-01 0.000000e+00
1.989359e-03 2.486716e-04 1.919995e-01 1.425000e+00 5.000000e-01 0.000000e+00
1.228916e-03 1.943104e-04 1.919995e-01 1.475000e+00 5.000000e-01 0.000000e+00
1.340116e-03 2.020311e-04 1.919995e-01 1.525000e+00 5.000000e-01 0.000000e+00
1.869068e-03 2.373739e-04 1.919995e-01 1.575000e+00 5.000000e-01 0.000000e+00
1.708346e-03 2.243188e-04 1.919995e-01 1.625000e+00 5.000000e-01 0.000000e+00
1.228952e-03 1.896332e-04 1.919995e-01 1.675000e+00 5.000000e-01 0.000000e+00
1.042680e-03 1.737814e-04 1.919995e-01 1.725000e+00 5.000000e-01 0.000000e+00
1.639223e-03 2.152418e-04 1.919995e-01 1.775000e+00 5.000000e-01 0.000000e+00
1.067986e-03 1.732522e-04 1.919995e-01 1.825000e+00 5.000000e-01 0.000000e+00
1.105878e-03 1.748580e-04 1.919995e-01 1.875000e+00 5.000000e-01 0.000000e+00
1.031640e-03 1.673564e-04 1.919995e-01 1.925000e+00 5.000000e-01 0.000000e+00
1.344346e-03 1.901221e-04 1.919995e-01 1.975000e+00 5.000000e-01 0.000000e+00
8.946131e-04 1.534277e-04 1.919995e-01 2.025000e+00 5.000000e-01 0.000000e+00
9.335601e-04 1.555955e-04 1.919995e-01 2.075000e+00 5.000000e-01 0.000000e+00
5.576805e-04 1.189007e-04 1.919995e-01 2.125000e+00 5.000000e-01 0.000000e+00
4.471661e-04 1.053995e-04 1.919995e-01 2.175000e+00 5.000000e-01 0.000000e+00
8.269225e-04 1.418198e-04 1.919995e-01 2.225000e+00 5.000000e-01 0.000000e+00
5.227688e-04 1.114565e-04 1.919995e-01 2.275000e+00 5.000000e-01 0.000000e+00
4.187370e-04 9.869955e-05 1.919995e-01 2.325000e+00 5.000000e-01 0.000000e+00
3.633726e-04 9.084669e-05 1.919995e-01 2.375000e+00 5.000000e-01 0.000000e+00
2.218160e-04 7.014588e-05 1.919995e-01 2.425000e+00 5.000000e-01 0.000000e+00
6.016688e-04 1.137076e-04 1.919995e-01 2.475000e+00 5.000000e-01 0.000000e+00
6.507719e-04 1.150454e-04 1.919995e-01 2.525000e+00 5.000000e-01 0.000000e+00
4.591954e-04 9.373584e-05 1.919995e-01 2.575000e+00 5.000000e-01 0.000000e+00
6.468231e-04 1.078086e-04 1.919995e-01 2.625000e+00 5.000000e-01 0.000000e+00
6.354671e-04 1.030933e-04 1.919995e-01 2.675000e+00 5.000000e-01 0.000000e+00
5.445451e-04 9.339400e-05 1.919995e-01 2.725000e+00 5.000000e-01 0.000000e+00
6.540150e-04 1.009270e-04 1.919995e-01 2.775000e+00 5.000000e-01 0.000000e+00
8.930457e-04 1.172728e-04 1.919995e-01 2.825000e+00 5.000000e-01 0.000000e+00
1.095743e-03 1.291560e-04 1.919995e-01 2.875000e+00 5.000000e-01 0.000000e+00
4.480128e-01 3.911926e-03 2.019995e-01 2.500000e-02 5.000000e-01 0.000000e+00
6.780184e-02 1.517615e-03 2.019995e-01 7.500000e-02 5.000000e-01 0.000000e+00
2.176733e-03 2.720923e-04 2.019995e-01 1.250000e-01 5.000000e-01 0.000000e+00
2.267831e-03 2.791513e-04 2.019995e-01 1.750000e-01 5.000000e-01 0.000000e+00
2.323079e-03 2.859523e-04 2.019995e-01 2.250000e-01 5.000000e-01 0.000000e+00
1.837054e-03 2.597993e-04 2.019995e-01 2.750000e-01 5.000000e-01 0.000000e+00
1.585997e-03 2.447253e-04 2.019995e-01 3.250000e-01 5.000000e-01 0.000000e+00
1.489629e-03 2.355316e-04 2.019995e-01 3.750000e-01 5.000000e-01 0.000000e+00
1.182603e-03 2.090571e-04 2.019995e-01 4.250000e-01 5.000000e-01 0.000000e+00
1.830004e-03 2.588023e-04 2.019995e-01 4.750000e-01 5.000000e-01 0.000000e+00
1.228818e-03 2.107409e-04 2.019995e-01 5.250000e-01 5.000000e-01 0.000000e+00
9.412813e-04 1.846008e-04 2.019995e-01 5.750000e-01 5.000000e-01 0.000000e+00
8.683011e-04 1.772415e-04 2.019995e-01 6.250000e-01 5.000000e-01 0.000000e+00
1.375711e-03 2.231707e-04 2.019995e-01 6.750000e-01 5.000000e-01 0.000000e+00
1.937127e-03 2.636109e-04 2.019995e-01 7.250000e-01 5.000000e-01 0.000000e+00
1.191628e-03 2.043629e-04 2.019995e-01 7.750000e-01 5.000000e-01 0.000000e+00
2.425653e-03 2.899223e-04 2.019995e-01 8.250000e-01 5.000000e-01 0.000000e+00
1.999777e-03 2.625847e-04 2.019995e-01 8.750000e-01 5.000000e-01 0.000000e+00
3.107336e-03 3.275434e-04 2.019995e-01 9.250000e-01 5.000000e-01 0.000000e+00
2.669111e-03 3.022183e-04 2.019995e-01 9.750000e-01 5.000000e-01 0.000000e+00
2.611127e-03 2.995178e-04 2.019995e-01 1.025000e+00 5.000000e-01 0.000000e+00
2.691353e-03 3.009039e-04 2.019995e-01 1.075000e+00 5.000000e-01 0.000000e+00
3.093740e-03 3.190966e-04 2.019995e-01 1.125000e+00 5.000000e-01 0.000000e+00
2.455414e-03 2.816567e-04 2.019995e-01 1.175000e+00 5.000000e-01 0.000000e+00
2.768847e-03 2.985740e-04 2.019995e-01 1.225000e+00 5.000000e-01 0.000000e+00
2.723041e-03 2.971099e-04 2.019995e-01 1.275000e+00 5.000000e-01 0.000000e+00
1.994304e-03 2.532784e-04 2.019995e-01 1.325000e+00 5.000000e-01 0.000000e+00
1.770876e-03 2.366447e-04 2.019995e-01 1.375000e+00 5.000000e-01 0.000000e+00
1.692761e-03 2.303572e-04 2.019995e-01 1.425000e+00 5.000000e-01 0.000000e+00
1.794273e-03 2.356009e-04 2.019995e-01 1.475000e+00 5.000000e-01 0.000000e+00
1.774128e-03 2.329562e-04 2.019995e-01 1.525000e+00 5.000000e-01 0.000000e+00
1.691627e-03 2.260544e-04 2.019995e-01 1.575000e+00 5.000000e-01 0.000000e+00
1.716724e-03 2.254188e-04 2.019995e-01 1.625000e+00 5.000000e-01 0.000000e+00
2.166159e-03 2.518128e-04 2.019995e-01 1.675000e+00 5.000000e-01 0.000000e+00
1.574247e-03 2.142304e-04 2.019995e-01 1.725000e+00 5.000000e-01 0.000000e+00
1.878156e-03 2.311876e-04 2.019995e-01 1.775000e+00 5.000000e-01 0.000000e+00
9.556568e-04 1.638953e-04 2.019995e-01 1.825000e+00 5.000000e-01 0.000000e+00
1.115376e-03 1.763589e-04 2.019995e-01 1.875000e+00 5.000000e-01 0.000000e+00
1.034004e-03 1.677404e-04 2.019995e-01 1.925000e+00 5.000000e-01 0.000000e+00
8.632034e-04 1.525959e-04 2.019995e-01 1.975000e+00 5.000000e-01 0.000000e+00
1.213669e-03 1.789488e-04 2.019995e-01 2.025000e+00 5.000000e-01 0.000000e+00
7.795655e-04 1.423317e-04 2.019995e-01 2.075000e+00 5.000000e-01 0.000000e+00
6.102232e-04 1.245646e-04 2.019995e-01 2.125000e+00 5.000000e-01 0.000000e+00
8.502928e-04 1.458275e-04 2.019995e-01 2.175000e+00 5.000000e-01 0.000000e+00
7.348567e-04 1.341682e-04 2.019995e-01 2.225000e+00 5.000000e-01 0.000000e+00
4.293193e-04 1.011932e-04 2.019995e-01 2.275000e+00 5.000000e-01 0.000000e+00
4.665821e-04 1.043328e-04 2.019995e-01 2.325000e+00 5.000000e-01 0.000000e+00
3.172138e-04 8.478187e-05 2.019995e-01 2.375000e+00 5.000000e-01 0.000000e+00
3.094431e-04 8.270378e-05 2.019995e-01 2.425000e+00 5.000000e-01 0.000000e+00
6.505782e-04 1.187826e-04 2.019995e-01 2.475000e+00 5.000000e-01 0.000000e+00
6.673201e-04 1.179719e-04 2.019995e-01 2.525000e+00 5.000000e-01 0.000000e+00
5.546428e-04 1.048235e-04 2.019995e-01 2.575000e+00 5.000000e-01 0.000000e+00
7.769960e-04 1.198993e-04 2.019995e-01 2.625000e+00 5.000000e-01 0.000000e+00
4.809459e-04 9.089500e-05 2.019995e-01 2.675000e+00 5.000000e-01 0.000000e+00
4.792114e-04 8.749949e-05 2.019995e-01 2.725000e+00 5.000000e-01 0.000000e+00
8.014969e-04 1.111587e-04 2.019995e-01 2.775000e+00 5.000000e-01 0.000000e+00
6.903401e-04 1.017969e-04 2.019995e-01 2.825000e+00 5.000000e-01 0.000000e+00
9.289773e-04 1.179948e-04 2.019995e-01 2.875000e+00 5.000000e-01 0.000000e+00
4.481611e-01 3.925812e-03 2.119995e-01 2.500000e-02 5.000000e-01 0.000000e+00
7.315810e-02 1.591147e-03 2.119995e-01 7.500000e-02 5.000000e-01 0.000000e+00
3.481628e-03 3.516985e-04 2.119995e-01 1.250000e-01 5.000000e-01 0.000000e+00
2.363576e-03 2.954477e-04 2.119995e-01 1.750000e-01 5.000000e-01 0.000000e+00
1.693761e-03 2.553447e-04 2.119995e-01 2.250000e-01 5.000000e-01 0.000000e+00
1.136216e-03 2.074442e-04 2.119995e-01 2.750000e-01 5.000000e-01 0.000000e+00
1.602930e-03 2.473379e-04 2.119995e-01 3.250000e-01 5.000000e-01 0.000000e+00
1.720513e-03 2.536764e-04 2.119995e-01 3.750000e-01 5.000000e-01 0.000000e+00
1.988421e-03 2.705904e-04 2.119995e-01 4.250000e-01 5.000000e-01 0.000000e+00
1.677370e-03 2.473155e-04 2.119995e-01 4.750000e-01 5.000000e-01 0.000000e+00
1.377421e-03 2.234478e-04 2.119995e-01 5.250000e-01 5.000000e-01 0.000000e+00
1.746976e-03 2.521551e-04 2.119995e-01 5.750000e-01 5.000000e-01 0.000000e+00
1.603731e-03 2.417723e-04 2.119995e-01 6.250000e-01 5.000000e-01 0.000000e+00
2.122865e-03 2.787467e-04 2.119995e-01 6.750000e-01 5.000000e-01 0.000000e+00
1.869593e-03 2.592671e-04 2.119995e-01 7.250000e-01 5.000000e-01 0.000000e+00
2.276733e-03 2.845929e-04 2.119995e-01 7.750000e-01 5.000000e-01 0.000000e+00
1.539445e-03 2.320806e-04 2.119995e-01 8.250000e-01 5.000000e-01 0.000000e+00
2.079461e-03 2.684582e-04 2.119995e-01 8.750000e-01 5.000000e-01 0.000000e+00
2.703468e-03 3.061086e-04 2.119995e-01 9.250000e-01 5.000000e-01 0.000000e+00
3.025432e-03 3.225135e-04 2.119995e-01 9.750000e-01 5.000000e-01 0.000000e+00
3.273192e-03 3.340704e-04 2.119995e-01 1.025000e+00 5.000000e-01 0.000000e+00
3.016538e-03 3.179728e-04 2.119995e-01 1.075000e+00 5.000000e-01 0.000000e+00
3.754281e-03 3.485784e-04 2.119995e-01 1.125000e+00 5.000000e-01 0.000000e+00
2.592683e-03 2.898723e-04 2.119995e-01 1.175000e+00 5.000000e-01 0.000000e+00
2.364909e-03 2.787087e-04 2.119995e-01 1.225000e+00 5.000000e-01 0.000000e+00
2.811176e-03 3.031388e-04 2.119995e-01 1.275000e+00 5.000000e-01 0.000000e+00
2.073090e-03 2.591379e-04 2.119995e-01 1.325000e+00 5.000000e-01 0.000000e+00
1.708033e-03 2.324361e-04 2.119995e-01 1.375000e+00 5.000000e-01 0.000000e+00
2.019578e-03 2.524490e-04 2.119995e-01 1.425000e+00 5.000000e-01 0.000000e+00
1.691043e-03 2.301235e-04 2.119995e-01 1.475000e+00 5.000000e-01 0.000000e+00
1.601744e-03 2.221235e-04 2.119995e-01 1.525000e+00 5.000000e-01 0.000000e+00
1.574335e-03 2.183229e-04 2.119995e-01 1.575000e+00 5.000000e-01 0.000000e+00
1.075153e-03 1.791941e-04 2.119995e-01 1.625000e+00 5.000000e-01 0.000000e+00
1.996865e-03 2.421576e-04 2.119995e-01 1.675000e+00 5.000000e-01 0.000000e+00
1.574258e-03 2.142315e-04 2.119995e-01 1.725000e+00 5.000000e-01 0.000000e+00
1.207551e-03 1.863305e-04 2.119995e-01 1.775000e+00 5.000000e-01 0.000000e+00
1.576695e-03 2.106971e-04 2.119995e-01 1.825000e+00 5.000000e-01 0.000000e+00
1.345554e-03 1.942164e-04 2.119995e-01 1.875000e+00 5.000000e-01 0.000000e+00
7.674699e-04 1.450405e-04 2.119995e-01 1.925000e+00 5.000000e-01 0.000000e+00
9.709522e-04 1.618271e-04 2.119995e-01 1.975000e+00 5.000000e-01 0.000000e+00
1.010883e-03 1.639893e-04 2.119995e-01 2.025000e+00 5.000000e-01 0.000000e+00
6.261758e-04 1.278194e-04 2.119995e-01 2.075000e+00 5.000000e-01 0.000000e+00
9.755601e-04 1.582591e-04 2.119995e-01 2.125000e+00 5.000000e-01 0.000000e+00
7.060936e-04 1.334418e-04 2.119995e-01 2.175000e+00 5.000000e-01 0.000000e+00
4.928286e-04 1.102021e-04 2.119995e-01 2.225000e+00 5.000000e-01 0.000000e+00
5.300042e-04 1.129998e-04 2.119995e-01 2.275000e+00 5.000000e-01 0.000000e+00
2.822739e-04 8.148798e-05 2.119995e-01 2.325000e+00 5.000000e-01 0.000000e+00
5.068035e-04 1.080534e-04 2.119995e-01 2.375000e+00 5.000000e-01 0.000000e+00
4.473739e-04 1.000383e-04 2.119995e-01 2.425000e+00 5.000000e-01 0.000000e+00
6.472716e-04 1.181776e-04 2.119995e-01 2.475000e+00 5.000000e-01 0.000000e+00
6.715212e-04 1.187133e-04 2.119995e-01 2.525000e+00 5.000000e-01 0.000000e+00
4.860064e-04 9.920904e-05 2.119995e-01 2.575000e+00 5.000000e-01 0.000000e+00
6.119554e-04 1.081848e-04 2.119995e-01 2.625000e+00 5.000000e-01 0.000000e+00
6.077119e-04 1.042283e-04 2.119995e-01 2.675000e+00 5.000000e-01 0.000000e+00
4.622768e-04 8.736779e-05 2.119995e-01 2.725000e+00 5.000000e-01 0.000000e+00
4.949588e-04 8.750555e-05 2.119995e-01 2.775000e+00 5.000000e-01 0.000000e+00
7.962173e-04 1.083627e-04 2.119995e-01 2.825000e+00 5.000000e-01 0.000000e+00
7.501903e-04 1.040476e-04 2.119995e-01 2.875000e+00 5.000000e-01 0.000000e+00
4.609814e-01 4.036567e-03 2.219995e-01 2.500000e-02 5.000000e-01 0.000000e+00
7.804110e-02 1.702188e-03 2.219995e-01 7.500000e-02 5.000000e-01 0.000000e+00
2.911303e-03 3.339502e-04 2.219995e-01 1.250000e-01 5.000000e-01 0.000000e+00
2.364408e-03 3.002810e-04 2.219995e-01 1.750000e-01 5.000000e-01 0.000000e+00
1.994379e-03 2.765714e-04 2.219995e-01 2.250000e-01 5.000000e-01 0.000000e+00
1.543308e-03 2.440190e-04 2.219995e-01 2.750000e-01 5.000000e-01 0.000000e+00
2.361604e-03 2.999249e-04 2.219995e-01 3.250000e-01 5.000000e-01 0.000000e+00
1.427659e-03 2.315975e-04 2.219995e-01 3.750000e-01 5.000000e-01 0.000000e+00
1.938704e-03 2.688505e-04 2.219995e-01 4.250000e-01 5.000000e-01 0.000000e+00
1.474248e-03 2.331002e-04 2.219995e-01 4.750000e-01 5.000000e-01 0.000000e+00
8.773836e-04 1.790957e-04 2.219995e-01 5.250000e-01 5.000000e-01 0.000000e+00
1.395218e-03 2.263348e-04 2.219995e-01 5.750000e-01 5.000000e-01 0.000000e+00
1.239501e-03 2.125735e-04 2.219995e-01 6.250000e-01 5.000000e-01 0.000000e+00
1.382015e-03 2.241934e-04 2.219995e-01 6.750000e-01 5.000000e-01 0.000000e+00
8.686718e-04 1.773173e-04 2.219995e-01 7.250000e-01 5.000000e-01 0.000000e+00
1.558897e-03 2.350134e-04 2.219995e-01 7.750000e-01 5.000000e-01 0.000000e+00
2.242982e-03 2.803740e-04 2.219995e-01 8.250000e-01 5.000000e-01 0.000000e+00
2.360440e-03 2.862464e-04 2.219995e-01 8.750000e-01 5.000000e-01 0.000000e+00
2.494797e-03 2.940158e-04 2.219995e-01 9.250000e-01 5.000000e-01 0.000000e+00
2.839487e-03 3.135700e-04 2.219995e-01 9.750000e-01 5.000000e-01 0.000000e+00
2.797402e-03 3.089227e-04 2.219995e-01 1.025000e+00 5.000000e-01 0.000000e+00
1.532338e-03 2.259320e-04 2.219995e-01 1.075000e+00 5.000000e-01 0.000000e+00
2.049107e-03 2.602385e-04 2.219995e-01 1.125000e+00 5.000000e-01 0.000000e+00
2.634733e-03 2.945740e-04 2.219995e-01 1.175000e+00 5.000000e-01 0.000000e+00
2.108081e-03 2.635119e-04 2.219995e-01 1.225000e+00 5.000000e-01 0.000000e+00
2.495208e-03 2.862219e-04 2.219995e-01 1.275000e+00 5.000000e-01 0.000000e+00
2.203208e-03 2.671801e-04 2.219995e-01 1.325000e+00 5.000000e-01 0.000000e+00
1.655041e-03 2.295144e-04 2.219995e-01 1.375000e+00 5.000000e-01 0.000000e+00
2.139492e-03 2.594530e-04 2.219995e-01 1.425000e+00 5.000000e-01 0.000000e+00
2.020215e-03 2.525287e-04 2.219995e-01 1.475000e+00 5.000000e-01 0.000000e+00
1.925102e-03 2.444902e-04 2.219995e-01 1.525000e+00 5.000000e-01 0.000000e+00
1.822319e-03 2.352622e-04 2.219995e-01 1.575000e+00 5.000000e-01 0.000000e+00
1.019973e-03 1.749252e-04 2.219995e-01 1.625000e+00 5.000000e-01 0.000000e+00
1.304085e-03 1.965998e-04 2.219995e-01 1.675000e+00 5.000000e-01 0.000000e+00
1.284007e-03 1.935734e-04 2.219995e-01 1.725000e+00 5.000000e-01 0.000000e+00
1.615736e-03 2.159147e-04 2.219995e-01 1.775000e+00 5.000000e-01 0.000000e+00
1.249839e-03 1.884225e-04 2.219995e-01 1.825000e+00 5.000000e-01 0.000000e+00
1.401486e-03 1.982032e-04 2.219995e-01 1.875000e+00 5.000000e-01 0.000000e+00
1.433337e-03 1.987709e-04 2.219995e-01 1.925000e+00 5.000000e-01 0.000000e+00
1.029267e-03 1.669710e-04 2.219995e-01 1.975000e+00 5.000000e-01 0.000000e+00
6.416643e-04 1.309802e-04 2.219995e-01 2.025000e+00 5.000000e-01 0.000000e+00
5.758298e-04 1.227702e-04 2.219995e-01 2.075000e+00 5.000000e-01 0.000000e+00
4.668405e-04 1.100379e-04 2.219995e-01 2.125000e+00 5.000000e-01 0.000000e+00
8.548909e-04 1.466160e-04 2.219995e-01 2.175000e+00 5.000000e-01 0.000000e+00
8.386290e-04 1.438261e-04 2.219995e-01 2.225000e+00 5.000000e-01 0.000000e+00
4.801982e-04 1.073785e-04 2.219995e-01 2.275000e+00 5.000000e-01 0.000000e+00
5.182350e-04 1.104906e-04 2.219995e-01 2.325000e+00 5.000000e-01 0.000000e+00
5.070414e-04 1.081050e-04 2.219995e-01 2.375000e+00 5.000000e-01 0.000000e+00
6.281899e-04 1.187217e-04 2.219995e-01 2.425000e+00 5.000000e-01 0.000000e+00
5.696055e-04 1.117128e-04 2.219995e-01 2.475000e+00 5.000000e-01 0.000000e+00
7.585525e-04 1.264320e-04 2.219995e-01 2.525000e+00 5.000000e-01 0.000000e+00
5.314340e-04 1.042262e-04 2.219995e-01 2.575000e+00 5.000000e-01 0.000000e+00
3.527363e-04 8.314255e-05 2.219995e-01 2.625000e+00 5.000000e-01 0.000000e+00
3.292753e-04 7.761548e-05 2.219995e-01 2.675000e+00 5.000000e-01 0.000000e+00
5.109815e-04 9.329976e-05 2.219995e-01 2.725000e+00 5.000000e-01 0.000000e+00
7.459780e-04 1.076809e-04 2.219995e-01 2.775000e+00 5.000000e-01 0.000000e+00
7.660887e-04 1.062488e-04 2.219995e-01 2.825000e+00 5.000000e-01 0.000000e+00
8.526909e-04 1.100971e-04 2.219995e-01 2.875000e+00 5.000000e-01 0.000000e+00
4.568435e-01 4.212024e-03 2.319995e-01 2.500000e-02 5.000000e-01 0.000000e+00
7.842640e-02 1.738951e-03 2.319995e-01 7.500000e-02 5.000000e-01 0.000000e+00
3.239518e-03 3.534613e-04 2.319995e-01 1.250000e-01 5.000000e-01 0.000000e+00
1.869014e-03 2.697697e-04 2.319995e-01 1.750000e-01 5.000000e-01 0.000000e+00
1.710064e-03 2.578026e-04 2.319995e-01 2.250000e-01 5.000000e-01 0.000000e+00
9.285056e-04 1.895309e-04 2.319995e-01 2.750000e-01 5.000000e-01 0.000000e+00
1.449393e-03 2.351234e-04 2.319995e-01 3.250000e-01 5.000000e-01 0.000000e+00
1.062007e-03 2.007008e-04 2.319995e-01 3.750000e-01 5.000000e-01 0.000000e+00
1.700681e-03 2.507526e-04 2.319995e-01 4.250000e-01 5.000000e-01 0.000000e+00
1.101645e-03 2.011325e-04 2.319995e-01 4.750000e-01 5.000000e-01 0.000000e+00
1.109484e-03 2.025636e-04 2.319995e-01 5.250000e-01 5.000000e-01 0.000000e+00
8.833776e-04 1.803192e-04 2.319995e-01 5.750000e-01 5.000000e-01 0.000000e+00
1.547189e-03 2.387373e-04 2.319995e-01 6.250000e-01 5.000000e-01 0.000000e+00
8.076605e-04 1.721941e-04 2.319995e-01 6.750000e-01 5.000000e-01 0.000000e+00
1.447830e-03 2.289228e-04 2.319995e-01 7.250000e-01 5.000000e-01 0.000000e+00
2.210730e-03 2.807643e-04 2.319995e-01 7.750000e-01 5.000000e-01 0.000000e+00
2.104949e-03 2.717490e-04 2.319995e-01 8.250000e-01 5.000000e-01 0.000000e+00
2.363014e-03 2.865587e-04 2.319995e-01 8.750000e-01 5.000000e-01 0.000000e+00
2.201672e-03 2.752107e-04 2.319995e-01 9.250000e-01 5.000000e-01 0.000000e+00
2.713230e-03 3.033498e-04 2.319995e-01 9.750000e-01 5.000000e-01 0.000000e+00
2.551614e-03 2.966203e-04 2.319995e-01 1.025000e+00 5.000000e-01 0.000000e+00
2.949699e-03 3.180760e-04 2.319995e-01 1.075000e+00 5.000000e-01 0.000000e+00
2.751321e-03 3.038337e-04 2.319995e-01 1.125000e+00 5.000000e-01 0.000000e+00
1.914992e-03 2.514519e-04 2.319995e-01 1.175000e+00 5.000000e-01 0.000000e+00
2.178443e-03 2.681495e-04 2.319995e-01 1.225000e+00 5.000000e-01 0.000000e+00
2.968858e-03 3.129470e-04 2.319995e-01 1.275000e+00 5.000000e-01 0.000000e+00
1.954947e-03 2.523836e-04 2.319995e-01 1.325000e+00 5.000000e-01 0.000000e+00
1.977130e-03 2.510971e-04 2.319995e-01 1.375000e+00 5.000000e-01 0.000000e+00
1.768103e-03 2.362748e-04 2.319995e-01 1.425000e+00 5.000000e-01 0.000000e+00
1.516414e-03 2.188775e-04 2.319995e-01 1.475000e+00 5.000000e-01 0.000000e+00
1.314602e-03 2.028489e-04 2.319995e-01 1.525000e+00 5.000000e-01 0.000000e+00
1.217238e-03 1.924639e-04 2.319995e-01 1.575000e+00 5.000000e-01 0.000000e+00
1.626638e-03 2.213588e-04 2.319995e-01 1.625000e+00 5.000000e-01 0.000000e+00
1.736349e-03 2.279956e-04 2.319995e-01 1.675000e+00 5.000000e-01 0.000000e+00
1.292259e-03 1.948178e-04 2.319995e-01 1.725000e+00 5.000000e-01 0.000000e+00
9.842746e-04 1.688028e-04 2.319995e-01 1.775000e+00 5.000000e-01 0.000000e+00
9.743624e-04 1.671043e-04 2.319995e-01 1.825000e+00 5.000000e-01 0.000000e+00
7.908582e-04 1.494600e-04 2.319995e-01 1.875000e+00 5.000000e-01 0.000000e+00
1.332414e-03 1.923199e-04 2.319995e-01 1.925000e+00 5.000000e-01 0.000000e+00
8.676398e-04 1.533797e-04 2.319995e-01 1.975000e+00 5.000000e-01 0.000000e+00
8.064248e-04 1.472339e-04 2.319995e-01 2.025000e+00 5.000000e-01 0.000000e+00
9.981519e-04 1.619242e-04 2.319995e-01 2.075000e+00 5.000000e-01 0.000000e+00
6.713639e-04 1.316664e-04 2.319995e-01 2.125000e+00 5.000000e-01 0.000000e+00
7.083056e-04 1.338611e-04 2.319995e-01 2.175000e+00 5.000000e-01 0.000000e+00
7.938855e-04 1.403443e-04 2.319995e-01 2.225000e+00 5.000000e-01 0.000000e+00
7.250488e-04 1.323779e-04 2.319995e-01 2.275000e+00 5.000000e-01 0.000000e+00
6.168012e-04 1.209669e-04 2.319995e-01 2.325000e+00 5.000000e-01 0.000000e+00
5.081809e-04 1.083485e-04 2.319995e-01 2.375000e+00 5.000000e-01 0.000000e+00
6.710457e-04 1.225169e-04 2.319995e-01 2.425000e+00 5.000000e-01 0.000000e+00
3.053450e-04 8.160883e-05 2.319995e-01 2.475000e+00 5.000000e-01 0.000000e+00
5.090739e-04 1.039168e-04 2.319995e-01 2.525000e+00 5.000000e-01 0.000000e+00
4.920656e-04 1.004449e-04 2.319995e-01 2.575000e+00 5.000000e-01 0.000000e+00
8.722547e-04 1.315044e-04 2.319995e-01 2.625000e+00 5.000000e-01 0.000000e+00
3.743740e-04 8.371873e-05 2.319995e-01 2.675000e+00 5.000000e-01 0.000000e+00
5.615502e-04 9.927493e-05 2.319995e-01 2.725000e+00 5.000000e-01 0.000000e+00
5.510091e-04 9.450643e-05 2.319995e-01 2.775000e+00 5.000000e-01 0.000000e+00
5.366989e-04 8.945599e-05 2.319995e-01 2.825000e+00 5.000000e-01 0.000000e+00
7.029491e-04 9.942489e-05 2.319995e-01 2.875000e+00 5.000000e-01 0.000000e+00
4.770588e-01 4.303603e-03 2.419994e-01 2.500000e-02 5.000000e-01 0.000000e+00
7.712817e-02 1.722059e-03 2.419994e-01 7.500000e-02 5.000000e-01 0.000000e+00
2.817995e-03 3.321047e-04 2.419994e-01 1.250000e-01 5.000000e-01 0.000000e+00
2.025519e-03 2.808896e-04 2.419994e-01 1.750000e-01 5.000000e-01 0.000000e+00
2.093010e-03 2.848233e-04 2.419994e-01 2.250000e-01 5.000000e-01 0.000000e+00
1.010970e-03 1.982680e-04 2.419994e-01 2.750000e-01 5.000000e-01 0.000000e+00
1.161508e-03 2.120620e-04 2.419994e-01 3.250000e-01 5.000000e-01 0.000000e+00
1.137975e-03 2.077655e-04 2.419994e-01 3.750000e-01 5.000000e-01 0.000000e+00
1.334780e-03 2.224641e-04 2.419994e-01 4.250000e-01 5.000000e-01 0.000000e+00
1.408807e-03 2.285394e-04 2.419994e-01 4.750000e-01 5.000000e-01 0.000000e+00
1.332408e-03 2.220690e-04 2.419994e-01 5.250000e-01 5.000000e-01 0.000000e+00
1.547960e-03 2.388563e-04 2.419994e-01 5.750000e-01 5.000000e-01 0.000000e+00
1.624334e-03 2.448783e-04 2.419994e-01 6.250000e-01 5.000000e-01 0.000000e+00
1.321017e-03 2.201703e-04 2.419994e-01 6.750000e-01 5.000000e-01 0.000000e+00
1.390181e-03 2.255183e-04 2.419994e-01 7.250000e-01 5.000000e-01 0.000000e+00
1.945794e-03 2.647903e-04 2.419994e-01 7.750000e-01 5.000000e-01 0.000000e+00
2.089287e-03 2.697267e-04 2.419994e-01 8.250000e-01 5.000000e-01 0.000000e+00
2.394883e-03 2.862448e-04 2.419994e-01 8.750000e-01 5.000000e-01 0.000000e+00
2.326774e-03 2.821641e-04 2.419994e-01 9.250000e-01 5.000000e-01 0.000000e+00
2.780740e-03 3.108973e-04 2.419994e-01 9.750000e-01 5.000000e-01 0.000000e+00
2.233459e-03 2.791834e-04 2.419994e-01 1.025000e+00 5.000000e-01 0.000000e+00
2.477427e-03 2.919693e-04 2.419994e-01 1.075000e+00 5.000000e-01 0.000000e+00
2.575308e-03 2.954096e-04 2.419994e-01 1.125000e+00 5.000000e-01 0.000000e+00
2.658040e-03 2.971795e-04 2.419994e-01 1.175000e+00 5.000000e-01 0.000000e+00
2.644990e-03 2.957204e-04 2.419994e-01 1.225000e+00 5.000000e-01 0.000000e+00
2.569116e-03 2.908968e-04 2.419994e-01 1.275000e+00 5.000000e-01 0.000000e+00
1.513850e-03 2.232063e-04 2.419994e-01 1.325000e+00 5.000000e-01 0.000000e+00
2.760907e-03 2.977184e-04 2.419994e-01 1.375000e+00 5.000000e-01 0.000000e+00
1.589539e-03 2.247969e-04 2.419994e-01 1.425000e+00 5.000000e-01 0.000000e+00
2.022022e-03 2.527547e-04 2.419994e-01 1.475000e+00 5.000000e-01 0.000000e+00
1.633931e-03 2.265874e-04 2.419994e-01 1.525000e+00 5.000000e-01 0.000000e+00
1.654790e-03 2.251902e-04 2.419994e-01 1.575000e+00 5.000000e-01 0.000000e+00
1.270368e-03 1.960231e-04 2.419994e-01 1.625000e+00 5.000000e-01 0.000000e+00
1.506507e-03 2.130544e-04 2.419994e-01 1.675000e+00 5.000000e-01 0.000000e+00
1.127662e-03 1.829327e-04 2.419994e-01 1.725000e+00 5.000000e-01 0.000000e+00
1.397047e-03 2.016488e-04 2.419994e-01 1.775000e+00 5.000000e-01 0.000000e+00
9.774913e-04 1.676405e-04 2.419994e-01 1.825000e+00 5.000000e-01 0.000000e+00
1.013745e-03 1.689595e-04 2.419994e-01 1.875000e+00 5.000000e-01 0.000000e+00
1.219240e-03 1.838102e-04 2.419994e-01 1.925000e+00 5.000000e-01 0.000000e+00
7.139177e-04 1.400127e-04 2.419994e-01 1.975000e+00 5.000000e-01 0.000000e+00
6.984683e-04 1.369834e-04 2.419994e-01 2.025000e+00 5.000000e-01 0.000000e+00
9.503351e-04 1.583914e-04 2.419994e-01 2.075000e+00 5.000000e-01 0.000000e+00
7.759443e-04 1.416693e-04 2.419994e-01 2.125000e+00 5.000000e-01 0.000000e+00
7.114294e-04 1.344498e-04 2.419994e-01 2.175000e+00 5.000000e-01 0.000000e+00
7.977243e-04 1.410214e-04 2.419994e-01 2.225000e+00 5.000000e-01 0.000000e+00
7.315479e-04 1.335649e-04 2.419994e-01 2.275000e+00 5.000000e-01 0.000000e+00
1.903708e-04 6.730685e-05 2.419994e-01 2.325000e+00 5.000000e-01 0.000000e+00
6.972245e-04 1.272992e-04 2.419994e-01 2.375000e+00 5.000000e-01 0.000000e+00
5.449198e-04 1.112344e-04 2.419994e-01 2.425000e+00 5.000000e-01 0.000000e+00
4.409686e-04 9.860650e-05 2.419994e-01 2.475000e+00 5.000000e-01 0.000000e+00
6.422295e-04 1.172595e-04 2.419994e-01 2.525000e+00 5.000000e-01 0.000000e+00
6.192293e-04 1.130602e-04 2.419994e-01 2.575000e+00 5.000000e-01 0.000000e+00
5.589672e-04 1.056395e-04 2.419994e-01 2.625000e+00 5.000000e-01 0.000000e+00
4.580101e-04 9.349387e-05 2.419994e-01 2.675000e+00 5.000000e-01 0.000000e+00
6.463973e-04 1.077414e-04 2.419994e-01 2.725000e+00 5.000000e-01 0.000000e+00
7.049290e-04 1.087854e-04 2.419994e-01 2.775000e+00 5.000000e-01 0.000000e+00
7.365954e-04 1.063279e-04 2.419994e-01 2.825000e+00 5.000000e-01 0.000000e+00
1.105807e-03 1.252212e-04 2.419994e-01 2.875000e+00 5.000000e-01 0.000000e+00
4.783083e-01 4.324034e-03 2.519994e-01 2.500000e-02 5.000000e-01 0.000000e+00
8.176363e-02 1.790208e-03 2.519994e-01 7.500000e-02 5.000000e-01 0.000000e+00
2.806387e-03 3.307368e-04 2.519994e-01 1.250000e-01 5.000000e-01 0.000000e+00
2.018151e-03 2.798679e-04 2.519994e-01 1.750000e-01 5.000000e-01 0.000000e+00
2.265066e-03 2.974183e-04 2.519994e-01 2.250000e-01 5.000000e-01 0.000000e+00
1.332471e-03 2.285175e-04 2.519994e-01 2.750000e-01 5.000000e-01 0.000000e+00
1.465244e-03 2.376945e-04 2.519994e-01 3.250000e-01 5.000000e-01 0.000000e+00
1.830711e-03 2.642411e-04 2.519994e-01 3.750000e-01 5.000000e-01 0.000000e+00
1.133436e-03 2.069367e-04 2.519994e-01 4.250000e-01 5.000000e-01 0.000000e+00
1.718006e-03 2.533069e-04 2.519994e-01 4.750000e-01 5.000000e-01 0.000000e+00
1.102226e-03 2.012384e-04 2.519994e-01 5.250000e-01 5.000000e-01 0.000000e+00
1.038133e-03 1.961891e-04 2.519994e-01 5.750000e-01 5.000000e-01 0.000000e+00
1.558065e-03 2.404153e-04 2.519994e-01 6.250000e-01 5.000000e-01 0.000000e+00
8.812813e-04 1.798915e-04 2.519994e-01 6.750000e-01 5.000000e-01 0.000000e+00
1.170814e-03 2.069736e-04 2.519994e-01 7.250000e-01 5.000000e-01 0.000000e+00
2.489369e-03 2.975375e-04 2.519994e-01 7.750000e-01 5.000000e-01 0.000000e+00
2.156767e-03 2.739107e-04 2.519994e-01 8.250000e-01 5.000000e-01 0.000000e+00
2.514395e-03 2.963256e-04 2.519994e-01 8.750000e-01 5.000000e-01 0.000000e+00
2.450891e-03 2.929384e-04 2.519994e-01 9.250000e-01 5.000000e-01 0.000000e+00
3.842724e-03 3.663912e-04 2.519994e-01 9.750000e-01 5.000000e-01 0.000000e+00
3.006139e-03 3.241617e-04 2.519994e-01 1.025000e+00 5.000000e-01 0.000000e+00
3.314086e-03 3.382444e-04 2.519994e-01 1.075000e+00 5.000000e-01 0.000000e+00
2.671369e-03 3.024748e-04 2.519994e-01 1.125000e+00 5.000000e-01 0.000000e+00
3.200669e-03 3.266686e-04 2.519994e-01 1.175000e+00 5.000000e-01 0.000000e+00
1.932393e-03 2.537370e-04 2.519994e-01 1.225000e+00 5.000000e-01 0.000000e+00
2.509871e-03 2.879039e-04 2.519994e-01 1.275000e+00 5.000000e-01 0.000000e+00
2.502347e-03 2.870412e-04 2.519994e-01 1.325000e+00 5.000000e-01 0.000000e+00
2.076970e-03 2.596226e-04 2.519994e-01 1.375000e+00 5.000000e-01 0.000000e+00
1.662714e-03 2.305787e-04 2.519994e-01 1.425000e+00 5.000000e-01 0.000000e+00
1.958368e-03 2.487151e-04 2.519994e-01 1.475000e+00 5.000000e-01 0.000000e+00
1.693414e-03 2.304466e-04 2.519994e-01 1.525000e+00 5.000000e-01 0.000000e+00
1.422239e-03 2.096988e-04 2.519994e-01 1.575000e+00 5.000000e-01 0.000000e+00
1.583832e-03 2.196395e-04 2.519994e-01 1.625000e+00 5.000000e-01 0.000000e+00
1.572687e-03 2.180940e-04 2.519994e-01 1.675000e+00 5.000000e-01 0.000000e+00
1.500370e-03 2.121863e-04 2.519994e-01 1.725000e+00 5.000000e-01 0.000000e+00
1.866969e-03 2.333725e-04 2.519994e-01 1.775000e+00 5.000000e-01 0.000000e+00
9.801571e-04 1.680972e-04 2.519994e-01 1.825000e+00 5.000000e-01 0.000000e+00
1.590198e-03 2.125021e-04 2.519994e-01 1.875000e+00 5.000000e-01 0.000000e+00
1.284819e-03 1.894388e-04 2.519994e-01 1.925000e+00 5.000000e-01 0.000000e+00
7.199392e-04 1.411938e-04 2.519994e-01 1.975000e+00 5.000000e-01 0.000000e+00
6.990646e-04 1.370996e-04 2.519994e-01 2.025000e+00 5.000000e-01 0.000000e+00
1.379532e-03 1.913100e-04 2.519994e-01 2.075000e+00 5.000000e-01 0.000000e+00
6.772468e-04 1.328217e-04 2.519994e-01 2.125000e+00 5.000000e-01 0.000000e+00
8.165306e-04 1.443462e-04 2.519994e-01 2.175000e+00 5.000000e-01 0.000000e+00
4.998507e-04 1.117720e-04 2.519994e-01 2.225000e+00 5.000000e-01 0.000000e+00
5.384305e-04 1.147966e-04 2.519994e-01 2.275000e+00 5.000000e-01 0.000000e+00
5.741765e-04 1.172078e-04 2.519994e-01 2.325000e+00 5.000000e-01 0.000000e+00
5.105470e-04 1.088506e-04 2.519994e-01 2.375000e+00 5.000000e-01 0.000000e+00
5.462305e-04 1.115020e-04 2.519994e-01 2.425000e+00 5.000000e-01 0.000000e+00
5.735835e-04 1.124945e-04 2.519994e-01 2.475000e+00 5.000000e-01 0.000000e+00
6.002211e-04 1.134342e-04 2.519994e-01 2.525000e+00 5.000000e-01 0.000000e+00
4.966626e-04 1.013830e-04 2.519994e-01 2.575000e+00 5.000000e-01 0.000000e+00
2.803659e-04 7.493638e-05 2.519994e-01 2.625000e+00 5.000000e-01 0.000000e+00
5.823625e-04 1.063286e-04 2.519994e-01 2.675000e+00 5.000000e-01 0.000000e+00
7.681049e-04 1.185269e-04 2.519994e-01 2.725000e+00 5.000000e-01 0.000000e+00
4.804099e-04 9.079800e-05 2.519994e-01 2.775000e+00 5.000000e-01 0.000000e+00
9.233941e-04 1.212623e-04 2.519994e-01 2.825000e+00 5.000000e-01 0.000000e+00
7.821194e-04 1.064506e-04 2.519994e-01 2.875000e+00 5.000000e-01 0.000000e+00
4.862296e-01 4.357003e-03 2.619994e-01 2.500000e-02 5.000000e-01 0.000000e+00
7.838847e-02 1.752822e-03 2.619994e-01 7.500000e-02 5.000000e-01 0.000000e+00
2.585125e-03 3.182075e-04 2.619994e-01 1.250000e-01 5.000000e-01 0.000000e+00
2.598667e-03 3.198746e-04 2.619994e-01 1.750000e-01 5.000000e-01 0.000000e+00
1.805037e-03 2.661387e-04 2.619994e-01 2.250000e-01 5.000000e-01 0.000000e+00
9.288070e-04 1.895924e-04 2.619994e-01 2.750000e-01 5.000000e-01 0.000000e+00
1.553781e-03 2.456749e-04 2.619994e-01 3.250000e-01 5.000000e-01 0.000000e+00
1.076569e-03 2.034528e-04 2.619994e-01 3.750000e-01 5.000000e-01 0.000000e+00
1.128273e-03 2.059939e-04 2.619994e-01 4.250000e-01 5.000000e-01 0.000000e+00
1.646514e-03 2.482220e-04 2.619994e-01 4.750000e-01 5.000000e-01 0.000000e+00
8.222437e-04 1.753034e-04 2.619994e-01 5.250000e-01 5.000000e-01 0.000000e+00
2.078760e-03 2.777871e-04 2.619994e-01 5.750000e-01 5.000000e-01 0.000000e+00
1.546082e-03 2.385662e-04 2.619994e-01 6.250000e-01 5.000000e-01 0.000000e+00
1.602984e-03 2.416600e-04 2.619994e-01 6.750000e-01 5.000000e-01 0.000000e+00
1.953668e-03 2.658617e-04 2.619994e-01 7.250000e-01 5.000000e-01 0.000000e+00
2.087218e-03 2.740662e-04 2.619994e-01 7.750000e-01 5.000000e-01 0.000000e+00
3.079982e-03 3.321242e-04 2.619994e-01 8.250000e-01 5.000000e-01 0.000000e+00
2.401299e-03 2.912015e-04 2.619994e-01 8.750000e-01 5.000000e-01 0.000000e+00
3.159788e-03 3.330721e-04 2.619994e-01 9.250000e-01 5.000000e-01 0.000000e+00
2.459009e-03 2.939088e-04 2.619994e-01 9.750000e-01 5.000000e-01 0.000000e+00
2.391655e-03 2.900322e-04 2.619994e-01 1.025000e+00 5.000000e-01 0.000000e+00
2.623812e-03 3.009733e-04 2.619994e-01 1.075000e+00 5.000000e-01 0.000000e+00
2.394067e-03 2.861470e-04 2.619994e-01 1.125000e+00 5.000000e-01 0.000000e+00
2.424376e-03 2.857167e-04 2.619994e-01 1.175000e+00 5.000000e-01 0.000000e+00
1.999965e-03 2.581961e-04 2.619994e-01 1.225000e+00 5.000000e-01 0.000000e+00
1.464172e-03 2.207334e-04 2.619994e-01 1.275000e+00 5.000000e-01 0.000000e+00
2.244749e-03 2.722175e-04 2.619994e-01 1.325000e+00 5.000000e-01 0.000000e+00
1.958701e-03 2.528687e-04 2.619994e-01 1.375000e+00 5.000000e-01 0.000000e+00
1.727306e-03 2.350584e-04 2.619994e-01 1.425000e+00 5.000000e-01 0.000000e+00
1.522946e-03 2.198195e-04 2.619994e-01 1.475000e+00 5.000000e-01 0.000000e+00
1.639088e-03 2.273025e-04 2.619994e-01 1.525000e+00 5.000000e-01 0.000000e+00
1.245904e-03 1.969959e-04 2.619994e-01 1.575000e+00 5.000000e-01 0.000000e+00
1.355373e-03 2.043318e-04 2.619994e-01 1.625000e+00 5.000000e-01 0.000000e+00
1.327950e-03 2.001985e-04 2.619994e-01 1.675000e+00 5.000000e-01 0.000000e+00
1.797853e-03 2.321035e-04 2.619994e-01 1.725000e+00 5.000000e-01 0.000000e+00
9.427241e-04 1.666537e-04 2.619994e-01 1.775000e+00 5.000000e-01 0.000000e+00
1.913246e-03 2.355070e-04 2.619994e-01 1.825000e+00 5.000000e-01 0.000000e+00
9.726227e-04 1.668057e-04 2.619994e-01 1.875000e+00 5.000000e-01 0.000000e+00
1.455642e-03 2.018649e-04 2.619994e-01 1.925000e+00 5.000000e-01 0.000000e+00
9.379084e-04 1.608522e-04 2.619994e-01 1.975000e+00 5.000000e-01 0.000000e+00
9.264078e-04 1.588804e-04 2.619994e-01 2.025000e+00 5.000000e-01 0.000000e+00
7.427790e-04 1.403737e-04 2.619994e-01 2.075000e+00 5.000000e-01 0.000000e+00
5.236391e-04 1.170915e-04 2.619994e-01 2.125000e+00 5.000000e-01 0.000000e+00
4.105704e-04 1.026436e-04 2.619994e-01 2.175000e+00 5.000000e-01 0.000000e+00
8.015946e-04 1.417061e-04 2.619994e-01 2.225000e+00 5.000000e-01 0.000000e+00
3.462042e-04 9.252842e-05 2.619994e-01 2.275000e+00 5.000000e-01 0.000000e+00
7.233774e-04 1.320745e-04 2.619994e-01 2.325000e+00 5.000000e-01 0.000000e+00
3.771838e-04 9.429767e-05 2.619994e-01 2.375000e+00 5.000000e-01 0.000000e+00
3.657188e-04 9.143222e-05 2.619994e-01 2.425000e+00 5.000000e-01 0.000000e+00
4.412105e-04 9.865839e-05 2.619994e-01 2.475000e+00 5.000000e-01 0.000000e+00
3.880620e-04 9.147247e-05 2.619994e-01 2.525000e+00 5.000000e-01 0.000000e+00
2.099995e-04 6.640960e-05 2.619994e-01 2.575000e+00 5.000000e-01 0.000000e+00
4.825171e-04 9.850160e-05 2.619994e-01 2.625000e+00 5.000000e-01 0.000000e+00
6.971987e-04 1.162057e-04 2.619994e-01 2.675000e+00 5.000000e-01 0.000000e+00
4.859723e-04 9.531010e-05 2.619994e-01 2.725000e+00 5.000000e-01 0.000000e+00
6.982045e-04 1.104027e-04 2.619994e-01 2.775000e+00 5.000000e-01 0.000000e+00
8.836820e-04 1.202659e-04 2.619994e-01 2.825000e+00 5.000000e-01 0.000000e+00
5.384396e-04 8.975166e-05 2.619994e-01 2.875000e+00 5.000000e-01 0.000000e+00
4.906509e-01 4.397681e-03 2.719994e-01 2.500000e-02 5.000000e-01 0.000000e+00
7.734530e-02 1.739967e-03 2.719994e-01 7.500000e-02 5.000000e-01 0.000000e+00
2.605346e-03 3.206968e-04 2.719994e-01 1.250000e-01 5.000000e-01 0.000000e+00
2.308174e-03 3.030790e-04 2.719994e-01 1.750000e-01 5.000000e-01 0.000000e+00
2.115807e-03 2.879257e-04 2.719994e-01 2.250000e-01 5.000000e-01 0.000000e+00
1.644252e-03 2.537141e-04 2.719994e-01 2.750000e-01 5.000000e-01 0.000000e+00
1.563457e-03 2.472047e-04 2.719994e-01 3.250000e-01 5.000000e-01 0.000000e+00
1.618068e-03 2.496740e-04 2.719994e-01 3.750000e-01 5.000000e-01 0.000000e+00
1.136741e-03 2.075401e-04 2.719994e-01 4.250000e-01 5.000000e-01 0.000000e+00
1.050250e-03 1.984791e-04 2.719994e-01 4.750000e-01 5.000000e-01 0.000000e+00
1.199644e-03 2.120698e-04 2.719994e-01 5.250000e-01 5.000000e-01 0.000000e+00
1.697023e-03 2.502130e-04 2.719994e-01 5.750000e-01 5.000000e-01 0.000000e+00
1.960752e-03 2.668253e-04 2.719994e-01 6.250000e-01 5.000000e-01 0.000000e+00
1.388740e-03 2.252841e-04 2.719994e-01 6.750000e-01 5.000000e-01 0.000000e+00
2.076379e-03 2.774690e-04 2.719994e-01 7.250000e-01 5.000000e-01 0.000000e+00
2.264861e-03 2.876388e-04 2.719994e-01 7.750000e-01 5.000000e-01 0.000000e+00
2.296685e-03 2.870869e-04 2.719994e-01 8.250000e-01 5.000000e-01 0.000000e+00
2.859967e-03 3.197548e-04 2.719994e-01 8.750000e-01 5.000000e-01 0.000000e+00
2.760303e-03 3.125441e-04 2.719994e-01 9.250000e-01 5.000000e-01 0.000000e+00
3.027093e-03 3.264212e-04 2.719994e-01 9.750000e-01 5.000000e-01 0.000000e+00
3.163770e-03 3.334921e-04 2.719994e-01 1.025000e+00 5.000000e-01 0.000000e+00
2.784177e-03 3.112823e-04 2.719994e-01 1.075000e+00 5.000000e-01 0.000000e+00
2.385814e-03 2.851607e-04 2.719994e-01 1.125000e+00 5.000000e-01 0.000000e+00
2.991602e-03 3.189078e-04 2.719994e-01 1.175000e+00 5.000000e-01 0.000000e+00
2.226525e-03 2.740680e-04 2.719994e-01 1.225000e+00 5.000000e-01 0.000000e+00
2.007490e-03 2.591674e-04 2.719994e-01 1.275000e+00 5.000000e-01 0.000000e+00
2.236651e-03 2.712352e-04 2.719994e-01 1.325000e+00 5.000000e-01 0.000000e+00
1.302151e-03 2.058892e-04 2.719994e-01 1.375000e+00 5.000000e-01 0.000000e+00
2.513849e-03 2.846395e-04 2.719994e-01 1.425000e+00 5.000000e-01 0.000000e+00
1.410147e-03 2.125892e-04 2.719994e-01 1.475000e+00 5.000000e-01 0.000000e+00
1.447714e-03 2.134550e-04 2.719994e-01 1.525000e+00 5.000000e-01 0.000000e+00
1.687530e-03 2.296453e-04 2.719994e-01 1.575000e+00 5.000000e-01 0.000000e+00
1.296247e-03 2.000173e-04 2.719994e-01 1.625000e+00 5.000000e-01 0.000000e+00
1.397371e-03 2.060332e-04 2.719994e-01 1.675000e+00 5.000000e-01 0.000000e+00
1.259337e-03 1.943222e-04 2.719994e-01 1.725000e+00 5.000000e-01 0.000000e+00
9.499480e-04 1.679300e-04 2.719994e-01 1.775000e+00 5.000000e-01 0.000000e+00
1.336144e-03 1.970062e-04 2.719994e-01 1.825000e+00 5.000000e-01 0.000000e+00
1.440889e-03 2.037748e-04 2.719994e-01 1.875000e+00 5.000000e-01 0.000000e+00
1.463124e-03 2.029019e-04 2.719994e-01 1.925000e+00 5.000000e-01 0.000000e+00
9.971986e-04 1.662015e-04 2.719994e-01 1.975000e+00 5.000000e-01 0.000000e+00
6.032699e-04 1.286198e-04 2.719994e-01 2.025000e+00 5.000000e-01 0.000000e+00
6.405281e-04 1.307497e-04 2.719994e-01 2.075000e+00 5.000000e-01 0.000000e+00
5.782302e-04 1.232815e-04 2.719994e-01 2.125000e+00 5.000000e-01 0.000000e+00
5.652274e-04 1.205093e-04 2.719994e-01 2.175000e+00 5.000000e-01 0.000000e+00
6.085338e-04 1.242183e-04 2.719994e-01 2.225000e+00 5.000000e-01 0.000000e+00
6.862845e-04 1.296974e-04 2.719994e-01 2.275000e+00 5.000000e-01 0.000000e+00
4.839158e-04 1.082082e-04 2.719994e-01 2.325000e+00 5.000000e-01 0.000000e+00
2.364671e-04 7.477782e-05 2.719994e-01 2.375000e+00 5.000000e-01 0.000000e+00
7.341914e-04 1.297923e-04 2.719994e-01 2.425000e+00 5.000000e-01 0.000000e+00
4.473328e-04 1.000305e-04 2.719994e-01 2.475000e+00 5.000000e-01 0.000000e+00
5.218026e-04 1.065154e-04 2.719994e-01 2.525000e+00 5.000000e-01 0.000000e+00
5.462674e-04 1.071362e-04 2.719994e-01 2.575000e+00 5.000000e-01 0.000000e+00
6.513979e-04 1.151579e-04 2.719994e-01 2.625000e+00 5.000000e-01 0.000000e+00
5.045395e-04 9.895289e-05 2.719994e-01 2.675000e+00 5.000000e-01 0.000000e+00
4.117313e-04 8.778636e-05 2.719994e-01 2.725000e+00 5.000000e-01 0.000000e+00
1.039197e-03 1.364634e-04 2.719994e-01 2.775000e+00 5.000000e-01 0.000000e+00
8.345827e-04 1.180359e-04 2.719994e-01 2.825000e+00 5.000000e-01 0.000000e+00
7.079211e-04 1.043922e-04 2.719994e-01 2.875000e+00 5.000000e-01 0.000000e+00
4.907757e-01 4.395270e-03 2.819994e-01 2.500000e-02 5.000000e-01 0.000000e+00
8.392984e-02 1.819412e-03 2.819994e-01 7.500000e-02 5.000000e-01 0.000000e+00
3.022514e-03 3.467073e-04 2.819994e-01 1.250000e-01 5.000000e-01 0.000000e+00
2.127371e-03 2.894990e-04 2.819994e-01 1.750000e-01 5.000000e-01 0.000000e+00
2.130137e-03 2.898758e-04 2.819994e-01 2.250000e-01 5.000000e-01 0.000000e+00
1.027558e-03 2.015215e-04 2.819994e-01 2.750000e-01 5.000000e-01 0.000000e+00
1.408278e-03 2.347137e-04 2.819994e-01 3.250000e-01 5.000000e-01 0.000000e+00
8.521052e-04 1.816701e-04 2.819994e-01 3.750000e-01 5.000000e-01 0.000000e+00
1.820490e-03 2.627656e-04 2.819994e-01 4.250000e-01 5.000000e-01 0.000000e+00
1.193751e-03 2.110280e-04 2.819994e-01 4.750000e-01 5.000000e-01 0.000000e+00
1.407969e-03 2.284031e-04 2.819994e-01 5.250000e-01 5.000000e-01 0.000000e+00
1.030812e-03 1.948056e-04 2.819994e-01 5.750000e-01 5.000000e-01 0.000000e+00
1.407693e-03 2.283587e-04 2.819994e-01 6.250000e-01 5.000000e-01 0.000000e+00
1.493346e-03 2.361194e-04 2.819994e-01 6.750000e-01 5.000000e-01 0.000000e+00
2.159794e-03 2.835958e-04 2.819994e-01 7.250000e-01 5.000000e-01 0.000000e+00
1.472164e-03 2.327707e-04 2.819994e-01 7.750000e-01 5.000000e-01 0.000000e+00
1.788601e-03 2.529475e-04 2.819994e-01 8.250000e-01 5.000000e-01 0.000000e+00
2.008872e-03 2.684478e-04 2.819994e-01 8.750000e-01 5.000000e-01 0.000000e+00
2.509776e-03 2.999765e-04 2.819994e-01 9.250000e-01 5.000000e-01 0.000000e+00
2.777356e-03 3.144751e-04 2.819994e-01 9.750000e-01 5.000000e-01 0.000000e+00
2.531562e-03 2.983487e-04 2.819994e-01 1.025000e+00 5.000000e-01 0.000000e+00
2.919876e-03 3.185859e-04 2.819994e-01 1.075000e+00 5.000000e-01 0.000000e+00
2.803096e-03 3.095518e-04 2.819994e-01 1.125000e+00 5.000000e-01 0.000000e+00
2.591523e-03 2.972697e-04 2.819994e-01 1.175000e+00 5.000000e-01 0.000000e+00
2.384083e-03 2.849538e-04 2.819994e-01 1.225000e+00 5.000000e-01 0.000000e+00
2.073246e-03 2.633039e-04 2.819994e-01 1.275000e+00 5.000000e-01 0.000000e+00
1.927459e-03 2.530896e-04 2.819994e-01 1.325000e+00 5.000000e-01 0.000000e+00
2.474711e-03 2.838702e-04 2.819994e-01 1.375000e+00 5.000000e-01 0.000000e+00
1.760850e-03 2.396231e-04 2.819994e-01 1.425000e+00 5.000000e-01 0.000000e+00
1.990336e-03 2.527744e-04 2.819994e-01 1.475000e+00 5.000000e-01 0.000000e+00
1.837033e-03 2.412161e-04 2.819994e-01 1.525000e+00 5.000000e-01 0.000000e+00
1.496848e-03 2.160530e-04 2.819994e-01 1.575000e+00 5.000000e-01 0.000000e+00
1.548987e-03 2.190620e-04 2.819994e-01 1.625000e+00 5.000000e-01 0.000000e+00
1.162689e-03 1.886144e-04 2.819994e-01 1.675000e+00 5.000000e-01 0.000000e+00
1.020899e-03 1.750846e-04 2.819994e-01 1.725000e+00 5.000000e-01 0.000000e+00
1.250610e-03 1.929759e-04 2.819994e-01 1.775000e+00 5.000000e-01 0.000000e+00
1.002238e-03 1.718840e-04 2.819994e-01 1.825000e+00 5.000000e-01 0.000000e+00
1.088259e-03 1.765414e-04 2.819994e-01 1.875000e+00 5.000000e-01 0.000000e+00
6.259265e-04 1.334492e-04 2.819994e-01 1.925000e+00 5.000000e-01 0.000000e+00
1.277051e-03 1.882930e-04 2.819994e-01 1.975000e+00 5.000000e-01 0.000000e+00
8.233776e-04 1.503293e-04 2.819994e-01 2.025000e+00 5.000000e-01 0.000000e+00
6.488791e-04 1.324541e-04 2.819994e-01 2.075000e+00 5.000000e-01 0.000000e+00
6.857342e-04 1.344867e-04 2.819994e-01 2.125000e+00 5.000000e-01 0.000000e+00
7.234327e-04 1.367180e-04 2.819994e-01 2.175000e+00 5.000000e-01 0.000000e+00
6.089042e-04 1.242958e-04 2.819994e-01 2.225000e+00 5.000000e-01 0.000000e+00
7.468505e-04 1.363585e-04 2.819994e-01 2.275000e+00 5.000000e-01 0.000000e+00
3.889765e-04 9.724545e-05 2.819994e-01 2.325000e+00 5.000000e-01 0.000000e+00
3.802343e-04 9.506080e-05 2.819994e-01 2.375000e+00 5.000000e-01 0.000000e+00
5.530344e-04 1.128935e-04 2.819994e-01 2.425000e+00 5.000000e-01 0.000000e+00
5.403035e-04 1.102917e-04 2.819994e-01 2.475000e+00 5.000000e-01 0.000000e+00
4.342670e-04 9.710930e-05 2.819994e-01 2.525000e+00 5.000000e-01 0.000000e+00
5.469035e-04 1.072620e-04 2.819994e-01 2.575000e+00 5.000000e-01 0.000000e+00
6.100746e-04 1.113902e-04 2.819994e-01 2.625000e+00 5.000000e-01 0.000000e+00
6.674027e-04 1.144660e-04 2.819994e-01 2.675000e+00 5.000000e-01 0.000000e+00
6.812449e-04 1.135446e-04 2.819994e-01 2.725000e+00 5.000000e-01 0.000000e+00
1.010301e-03 1.350181e-04 2.819994e-01 2.775000e+00 5.000000e-01 0.000000e+00
5.129487e-04 9.366014e-05 2.819994e-01 2.825000e+00 5.000000e-01 0.000000e+00
1.200223e-03 1.376935e-04 2.819994e-01 2.875000e+00 5.000000e-01 0.000000e+00
4.836233e-01 4.379965e-03 2.919994e-01 2.500000e-02 5.000000e-01 0.000000e+00
8.127171e-02 1.801155e-03 2.919994e-01 7.500000e-02 5.000000e-01 0.000000e+00
2.848940e-03 3.357514e-04 2.919994e-01 1.250000e-01 5.000000e-01 0.000000e+00
1.890802e-03 2.729142e-04 2.919994e-01 1.750000e-01 5.000000e-01 0.000000e+00
2.465131e-03 3.130729e-04 2.919994e-01 2.250000e-01 5.000000e-01 0.000000e+00
1.181778e-03 2.157629e-04 2.919994e-01 2.750000e-01 5.000000e-01 0.000000e+00
1.650044e-03 2.546078e-04 2.919994e-01 3.250000e-01 5.000000e-01 0.000000e+00
1.168597e-03 2.133564e-04 2.919994e-01 3.750000e-01 5.000000e-01 0.000000e+00
1.266320e-03 2.171728e-04 2.919994e-01 4.250000e-01 5.000000e-01 0.000000e+00
9.648890e-04 1.892308e-04 2.919994e-01 4.750000e-01 5.000000e-01 0.000000e+00
1.057563e-03 1.998611e-04 2.919994e-01 5.250000e-01 5.000000e-01 0.000000e+00
1.727302e-03 2.546774e-04 2.919994e-01 5.750000e-01 5.000000e-01 0.000000e+00
1.355227e-03 2.258720e-04 2.919994e-01 6.250000e-01 5.000000e-01 0.000000e+00
1.650333e-03 2.487980e-04 2.919994e-01 6.750000e-01 5.000000e-01 0.000000e+00
1.415678e-03 2.296543e-04 2.919994e-01 7.250000e-01 5.000000e-01 0.000000e+00
1.992562e-03 2.711545e-04 2.919994e-01 7.750000e-01 5.000000e-01 0.000000e+00
2.959071e-03 3.267761e-04 2.919994e-01 8.250000e-01 5.000000e-01 0.000000e+00
2.658963e-03 3.090995e-04 2.919994e-01 8.750000e-01 5.000000e-01 0.000000e+00
3.446735e-03 3.517824e-04 2.919994e-01 9.250000e-01 5.000000e-01 0.000000e+00
2.884612e-03 3.225109e-04 2.919994e-01 9.750000e-01 5.000000e-01 0.000000e+00
3.598996e-03 3.563557e-04 2.919994e-01 1.025000e+00 5.000000e-01 0.000000e+00
2.733491e-03 3.095081e-04 2.919994e-01 1.075000e+00 5.000000e-01 0.000000e+00
2.416295e-03 2.888043e-04 2.919994e-01 1.125000e+00 5.000000e-01 0.000000e+00
2.314123e-03 2.806302e-04 2.919994e-01 1.175000e+00 5.000000e-01 0.000000e+00
2.778538e-03 3.068396e-04 2.919994e-01 1.225000e+00 5.000000e-01 0.000000e+00
2.367709e-03 2.829972e-04 2.919994e-01 1.275000e+00 5.000000e-01 0.000000e+00
2.475848e-03 2.878133e-04 2.919994e-01 1.325000e+00 5.000000e-01 0.000000e+00
1.707679e-03 2.368141e-04 2.919994e-01 1.375000e+00 5.000000e-01 0.000000e+00
8.436567e-04 1.654559e-04 2.919994e-01 1.425000e+00 5.000000e-01 0.000000e+00
1.515985e-03 2.211307e-04 2.919994e-01 1.475000e+00 5.000000e-01 0.000000e+00
1.416315e-03 2.135190e-04 2.919994e-01 1.525000e+00 5.000000e-01 0.000000e+00
1.257775e-03 1.988736e-04 2.919994e-01 1.575000e+00 5.000000e-01 0.000000e+00
1.735492e-03 2.319168e-04 2.919994e-01 1.625000e+00 5.000000e-01 0.000000e+00
1.295894e-03 1.999632e-04 2.919994e-01 1.675000e+00 5.000000e-01 0.000000e+00
1.147723e-03 1.861869e-04 2.919994e-01 1.725000e+00 5.000000e-01 0.000000e+00
1.191510e-03 1.883967e-04 2.919994e-01 1.775000e+00 5.000000e-01 0.000000e+00
1.056952e-03 1.761603e-04 2.919994e-01 1.825000e+00 5.000000e-01 0.000000e+00
1.342096e-03 1.978827e-04 2.919994e-01 1.875000e+00 5.000000e-01 0.000000e+00
5.676885e-04 1.269407e-04 2.919994e-01 1.925000e+00 5.000000e-01 0.000000e+00
1.013463e-03 1.689134e-04 2.919994e-01 1.975000e+00 5.000000e-01 0.000000e+00
9.350430e-04 1.603610e-04 2.919994e-01 2.025000e+00 5.000000e-01 0.000000e+00
6.505524e-04 1.327948e-04 2.919994e-01 2.075000e+00 5.000000e-01 0.000000e+00
1.273500e-03 1.838163e-04 2.919994e-01 2.125000e+00 5.000000e-01 0.000000e+00
1.044749e-03 1.651936e-04 2.919994e-01 2.175000e+00 5.000000e-01 0.000000e+00
5.073968e-04 1.134597e-04 2.919994e-01 2.225000e+00 5.000000e-01 0.000000e+00
6.002840e-04 1.225363e-04 2.919994e-01 2.275000e+00 5.000000e-01 0.000000e+00
3.398615e-04 9.083389e-05 2.919994e-01 2.325000e+00 5.000000e-01 0.000000e+00
4.757737e-04 1.063879e-04 2.919994e-01 2.375000e+00 5.000000e-01 0.000000e+00
6.946955e-04 1.268371e-04 2.919994e-01 2.425000e+00 5.000000e-01 0.000000e+00
6.300886e-04 1.190793e-04 2.919994e-01 2.475000e+00 5.000000e-01 0.000000e+00
5.230111e-04 1.067628e-04 2.919994e-01 2.525000e+00 5.000000e-01 0.000000e+00
4.632721e-04 9.877322e-05 2.919994e-01 2.575000e+00 5.000000e-01 0.000000e+00
5.302125e-04 1.039868e-04 2.919994e-01 2.625000e+00 5.000000e-01 0.000000e+00
4.741578e-04 9.679136e-05 2.919994e-01 2.675000e+00 5.000000e-01 0.000000e+00
6.854242e-04 1.142454e-04 2.919994e-01 2.725000e+00 5.000000e-01 0.000000e+00
7.300853e-04 1.154464e-04 2.919994e-01 2.775000e+00 5.000000e-01 0.000000e+00
6.599498e-04 1.070660e-04 2.919994e-01 2.825000e+00 5.000000e-01 0.000000e+00
7.720789e-04 1.114556e-04 2.919994e-01 2.875000e+00 5.000000e-01 0.000000e+00
4.774636e-01 4.373604e-03 3.019994e-01 2.500000e-02 5.000000e-01 0.000000e+00
8.188203e-02 1.809357e-03 3.019994e-01 7.500000e-02 5.000000e-01 0.000000e+00
3.500291e-03 3.731332e-04 3.019994e-01 1.250000e-01 5.000000e-01 0.000000e+00
2.309021e-03 3.031903e-04 3.019994e-01 1.750000e-01 5.000000e-01 0.000000e+00
2.056682e-03 2.852111e-04 3.019994e-01 2.250000e-01 5.000000e-01 0.000000e+00
1.653922e-03 2.552062e-04 3.019994e-01 2.750000e-01 5.000000e-01 0.000000e+00
1.718746e-03 2.591113e-04 3.019994e-01 3.250000e-01 5.000000e-01 0.000000e+00
1.068044e-03 2.018420e-04 3.019994e-01 3.750000e-01 5.000000e-01 0.000000e+00
1.604036e-03 2.475091e-04 3.019994e-01 4.250000e-01 5.000000e-01 0.000000e+00
1.298737e-03 2.227323e-04 3.019994e-01 4.750000e-01 5.000000e-01 0.000000e+00
1.283906e-03 2.201889e-04 3.019994e-01 5.250000e-01 5.000000e-01 0.000000e+00
1.585452e-03 2.446409e-04 3.019994e-01 5.750000e-01 5.000000e-01 0.000000e+00
1.829940e-03 2.641300e-04 3.019994e-01 6.250000e-01 5.000000e-01 0.000000e+00
1.508793e-03 2.385619e-04 3.019994e-01 6.750000e-01 5.000000e-01 0.000000e+00
2.012777e-03 2.739051e-04 3.019994e-01 7.250000e-01 5.000000e-01 0.000000e+00
2.874208e-03 3.254412e-04 3.019994e-01 7.750000e-01 5.000000e-01 0.000000e+00
1.965421e-03 2.674609e-04 3.019994e-01 8.250000e-01 5.000000e-01 0.000000e+00
2.026803e-03 2.708442e-04 3.019994e-01 8.750000e-01 5.000000e-01 0.000000e+00
2.594266e-03 3.057386e-04 3.019994e-01 9.250000e-01 5.000000e-01 0.000000e+00
3.226705e-03 3.401261e-04 3.019994e-01 9.750000e-01 5.000000e-01 0.000000e+00
2.861398e-03 3.199158e-04 3.019994e-01 1.025000e+00 5.000000e-01 0.000000e+00
2.821953e-03 3.155050e-04 3.019994e-01 1.075000e+00 5.000000e-01 0.000000e+00
2.824376e-03 3.119019e-04 3.019994e-01 1.125000e+00 5.000000e-01 0.000000e+00
1.719024e-03 2.431080e-04 3.019994e-01 1.175000e+00 5.000000e-01 0.000000e+00
2.585132e-03 2.965369e-04 3.019994e-01 1.225000e+00 5.000000e-01 0.000000e+00
1.634511e-03 2.359227e-04 3.019994e-01 1.275000e+00 5.000000e-01 0.000000e+00
2.281988e-03 2.767330e-04 3.019994e-01 1.325000e+00 5.000000e-01 0.000000e+00
1.653875e-03 2.338948e-04 3.019994e-01 1.375000e+00 5.000000e-01 0.000000e+00
2.019686e-03 2.565021e-04 3.019994e-01 1.425000e+00 5.000000e-01 0.000000e+00
1.684443e-03 2.335921e-04 3.019994e-01 1.475000e+00 5.000000e-01 0.000000e+00
1.538762e-03 2.221027e-04 3.019994e-01 1.525000e+00 5.000000e-01 0.000000e+00
1.017123e-03 1.798057e-04 3.019994e-01 1.575000e+00 5.000000e-01 0.000000e+00
1.371441e-03 2.067545e-04 3.019994e-01 1.625000e+00 5.000000e-01 0.000000e+00
1.601984e-03 2.221575e-04 3.019994e-01 1.675000e+00 5.000000e-01 0.000000e+00
1.161423e-03 1.884097e-04 3.019994e-01 1.725000e+00 5.000000e-01 0.000000e+00
1.249244e-03 1.927643e-04 3.019994e-01 1.775000e+00 5.000000e-01 0.000000e+00
1.122259e-03 1.820568e-04 3.019994e-01 1.825000e+00 5.000000e-01 0.000000e+00
9.335208e-04 1.650263e-04 3.019994e-01 1.875000e+00 5.000000e-01 0.000000e+00
8.014899e-04 1.514701e-04 3.019994e-01 1.925000e+00 5.000000e-01 0.000000e+00
1.015526e-03 1.692570e-04 3.019994e-01 1.975000e+00 5.000000e-01 0.000000e+00
1.054770e-03 1.711080e-04 3.019994e-01 2.025000e+00 5.000000e-01 0.000000e+00
1.090605e-03 1.724421e-04 3.019994e-01 2.075000e+00 5.000000e-01 0.000000e+00
1.069440e-03 1.690976e-04 3.019994e-01 2.125000e+00 5.000000e-01 0.000000e+00
8.331784e-04 1.472899e-04 3.019994e-01 2.175000e+00 5.000000e-01 0.000000e+00
5.138426e-04 1.149003e-04 3.019994e-01 2.225000e+00 5.000000e-01 0.000000e+00
6.000748e-04 1.224931e-04 3.019994e-01 2.275000e+00 5.000000e-01 0.000000e+00
4.380484e-04 1.032516e-04 3.019994e-01 2.325000e+00 5.000000e-01 0.000000e+00
6.244599e-04 1.224706e-04 3.019994e-01 2.375000e+00 5.000000e-01 0.000000e+00
4.182410e-04 9.858335e-05 3.019994e-01 2.425000e+00 5.000000e-01 0.000000e+00
3.598741e-04 8.997245e-05 3.019994e-01 2.475000e+00 5.000000e-01 0.000000e+00
3.960697e-04 9.335688e-05 3.019994e-01 2.525000e+00 5.000000e-01 0.000000e+00
5.106510e-04 1.042399e-04 3.019994e-01 2.575000e+00 5.000000e-01 0.000000e+00
2.898128e-04 7.745981e-05 3.019994e-01 2.625000e+00 5.000000e-01 0.000000e+00
4.388787e-04 9.357350e-05 3.019994e-01 2.675000e+00 5.000000e-01 0.000000e+00
7.648022e-04 1.209333e-04 3.019994e-01 2.725000e+00 5.000000e-01 0.000000e+00
5.106102e-04 9.650431e-05 3.019994e-01 2.775000e+00 5.000000e-01 0.000000e+00
8.018046e-04 1.182343e-04 3.019994e-01 2.825000e+00 5.000000e-01 0.000000e+00
1.246674e-03 1.430197e-04 3.019994e-01 2.875000e+00 5.000000e-01 0.000000e+00
4.861886e-01 4.433852e-03 3.119994e-01 2.500000e-02 5.000000e-01 0.000000e+00
7.955072e-02 1.777922e-03 3.119994e-01 7.500000e-02 5.000000e-01 0.000000e+00
2.807870e-03 3.356055e-04 3.119994e-01 1.250000e-01 5.000000e-01 0.000000e+00
2.469551e-03 3.136340e-04 3.119994e-01 1.750000e-01 5.000000e-01 0.000000e+00
2.747217e-03 3.283560e-04 3.119994e-01 2.250000e-01 5.000000e-01 0.000000e+00
2.098126e-03 2.855193e-04 3.119994e-01 2.750000e-01 5.000000e-01 0.000000e+00
1.641799e-03 2.533358e-04 3.119994e-01 3.250000e-01 5.000000e-01 0.000000e+00
7.056502e-04 1.663239e-04 3.119994e-01 3.750000e-01 5.000000e-01 0.000000e+00
1.553516e-03 2.456332e-04 3.119994e-01 4.250000e-01 5.000000e-01 0.000000e+00
1.384647e-03 2.307753e-04 3.119994e-01 4.750000e-01 5.000000e-01 0.000000e+00
1.757170e-03 2.590813e-04 3.119994e-01 5.250000e-01 5.000000e-01 0.000000e+00
1.372880e-03 2.288140e-04 3.119994e-01 5.750000e-01 5.000000e-01 0.000000e+00
1.065791e-03 2.014161e-04 3.119994e-01 6.250000e-01 5.000000e-01 0.000000e+00
1.510704e-03 2.388640e-04 3.119994e-01 6.750000e-01 5.000000e-01 0.000000e+00
1.659142e-03 2.501262e-04 3.119994e-01 7.250000e-01 5.000000e-01 0.000000e+00
1.621312e-03 2.444231e-04 3.119994e-01 7.750000e-01 5.000000e-01 0.000000e+00
1.683487e-03 2.482175e-04 3.119994e-01 8.250000e-01 5.000000e-01 0.000000e+00
2.249086e-03 2.856356e-04 3.119994e-01 8.750000e-01 5.000000e-01 0.000000e+00
2.242554e-03 2.848059e-04 3.119994e-01 9.250000e-01 5.000000e-01 0.000000e+00
2.515014e-03 3.006032e-04 3.119994e-01 9.750000e-01 5.000000e-01 0.000000e+00
2.579107e-03 3.039517e-04 3.119994e-01 1.025000e+00 5.000000e-01 0.000000e+00
3.197846e-03 3.370844e-04 3.119994e-01 1.075000e+00 5.000000e-01 0.000000e+00
3.421467e-03 3.456221e-04 3.119994e-01 1.125000e+00 5.000000e-01 0.000000e+00
2.209569e-03 2.761973e-04 3.119994e-01 1.175000e+00 5.000000e-01 0.000000e+00
2.598550e-03 2.980763e-04 3.119994e-01 1.225000e+00 5.000000e-01 0.000000e+00
2.796132e-03 3.087826e-04 3.119994e-01 1.275000e+00 5.000000e-01 0.000000e+00
1.620633e-03 2.339200e-04 3.119994e-01 1.325000e+00 5.000000e-01 0.000000e+00
1.792639e-03 2.439485e-04 3.119994e-01 1.375000e+00 5.000000e-01 0.000000e+00
1.113661e-03 1.909928e-04 3.119994e-01 1.425000e+00 5.000000e-01 0.000000e+00
1.815171e-03 2.425640e-04 3.119994e-01 1.475000e+00 5.000000e-01 0.000000e+00
1.481525e-03 2.184406e-04 3.119994e-01 1.525000e+00 5.000000e-01 0.000000e+00
1.975062e-03 2.508352e-04 3.119994e-01 1.575000e+00 5.000000e-01 0.000000e+00
1.004746e-03 1.776171e-04 3.119994e-01 1.625000e+00 5.000000e-01 0.000000e+00
1.055533e-03 1.810244e-04 3.119994e-01 1.675000e+00 5.000000e-01 0.000000e+00
1.224352e-03 1.935884e-04 3.119994e-01 1.725000e+00 5.000000e-01 0.000000e+00
1.578503e-03 2.189012e-04 3.119994e-01 1.775000e+00 5.000000e-01 0.000000e+00
1.001298e-03 1.717229e-04 3.119994e-01 1.825000e+00 5.000000e-01 0.000000e+00
8.819298e-04 1.610189e-04 3.119994e-01 1.875000e+00 5.000000e-01 0.000000e+00
1.151083e-03 1.820048e-04 3.119994e-01 1.925000e+00 5.000000e-01 0.000000e+00
1.190859e-03 1.837559e-04 3.119994e-01 1.975000e+00 5.000000e-01 0.000000e+00
1.452358e-03 2.014077e-04 3.119994e-01 2.025000e+00 5.000000e-01 0.000000e+00
5.462714e-04 1.221526e-04 3.119994e-01 2.075000e+00 5.000000e-01 0.000000e+00
6.456480e-04 1.317949e-04 3.119994e-01 2.125000e+00 5.000000e-01 0.000000e+00
9.421065e-04 1.570209e-04 3.119994e-01 2.175000e+00 5.000000e-01 0.000000e+00
6.194711e-04 1.264516e-04 3.119994e-01 2.225000e+00 5.000000e-01 0.000000e+00
7.534813e-04 1.375694e-04 3.119994e-01 2.275000e+00 5.000000e-01 0.000000e+00
8.387263e-04 1.438431e-04 3.119994e-01 2.325000e+00 5.000000e-01 0.000000e+00
7.197782e-04 1.314165e-04 3.119994e-01 2.375000e+00 5.000000e-01 0.000000e+00
6.528957e-04 1.233893e-04 3.119994e-01 2.425000e+00 5.000000e-01 0.000000e+00
5.423044e-04 1.107020e-04 3.119994e-01 2.475000e+00 5.000000e-01 0.000000e+00
4.830017e-04 1.029812e-04 3.119994e-01 2.525000e+00 5.000000e-01 0.000000e+00
5.566693e-04 1.091760e-04 3.119994e-01 2.575000e+00 5.000000e-01 0.000000e+00
6.622331e-04 1.170736e-04 3.119994e-01 2.625000e+00 5.000000e-01 0.000000e+00
5.634679e-04 1.064920e-04 3.119994e-01 2.675000e+00 5.000000e-01 0.000000e+00
6.930176e-04 1.155120e-04 3.119994e-01 2.725000e+00 5.000000e-01 0.000000e+00
3.711693e-04 8.300078e-05 3.119994e-01 2.775000e+00 5.000000e-01 0.000000e+00
7.027030e-04 1.111191e-04 3.119994e-01 2.825000e+00 5.000000e-01 0.000000e+00
9.596351e-04 1.260214e-04 3.119994e-01 2.875000e+00 5.000000e-01 0.000000e+00
4.669041e-01 4.332864e-03 3.219994e-01 2.500000e-02 5.000000e-01 0.000000e+00
7.794932e-02 1.765207e-03 3.219994e-01 7.500000e-02 5.000000e-01 0.000000e+00
2.562724e-03 3.203412e-04 3.219994e-01 1.250000e-01 5.000000e-01 0.000000e+00
2.201928e-03 2.942459e-04 3.219994e-01 1.750000e-01 5.000000e-01 0.000000e+00
1.829444e-03 2.697374e-04 3.219994e-01 2.250000e-01 5.000000e-01 0.000000e+00
1.428344e-03 2.380580e-04 3.219994e-01 2.750000e-01 5.000000e-01 0.000000e+00
1.035304e-03 2.030407e-04 3.219994e-01 3.250000e-01 5.000000e-01 0.000000e+00
8.716324e-04 1.858335e-04 3.219994e-01 3.750000e-01 5.000000e-01 0.000000e+00
1.149907e-03 2.099439e-04 3.219994e-01 4.250000e-01 5.000000e-01 0.000000e+00
1.386299e-03 2.310504e-04 3.219994e-01 4.750000e-01 5.000000e-01 0.000000e+00
1.080424e-03 2.041812e-04 3.219994e-01 5.250000e-01 5.000000e-01 0.000000e+00
9.953476e-04 1.952044e-04 3.219994e-01 5.750000e-01 5.000000e-01 0.000000e+00
1.460517e-03 2.369283e-04 3.219994e-01 6.250000e-01 5.000000e-01 0.000000e+00
1.367871e-03 2.279790e-04 3.219994e-01 6.750000e-01 5.000000e-01 0.000000e+00
2.493503e-03 3.069299e-04 3.219994e-01 7.250000e-01 5.000000e-01 0.000000e+00
2.246364e-03 2.900057e-04 3.219994e-01 7.750000e-01 5.000000e-01 0.000000e+00
2.867392e-03 3.246697e-04 3.219994e-01 8.250000e-01 5.000000e-01 0.000000e+00
3.120820e-03 3.365278e-04 3.219994e-01 8.750000e-01 5.000000e-01 0.000000e+00
2.545108e-03 3.041998e-04 3.219994e-01 9.250000e-01 5.000000e-01 0.000000e+00
3.049189e-03 3.326955e-04 3.219994e-01 9.750000e-01 5.000000e-01 0.000000e+00
3.233023e-03 3.407917e-04 3.219994e-01 1.025000e+00 5.000000e-01 0.000000e+00
2.559734e-03 3.016691e-04 3.219994e-01 1.075000e+00 5.000000e-01 0.000000e+00
3.179454e-03 3.351453e-04 3.219994e-01 1.125000e+00 5.000000e-01 0.000000e+00
2.153941e-03 2.735525e-04 3.219994e-01 1.175000e+00 5.000000e-01 0.000000e+00
2.074394e-03 2.678044e-04 3.219994e-01 1.225000e+00 5.000000e-01 0.000000e+00
2.380000e-03 2.844664e-04 3.219994e-01 1.275000e+00 5.000000e-01 0.000000e+00
2.295321e-03 2.783501e-04 3.219994e-01 1.325000e+00 5.000000e-01 0.000000e+00
1.803435e-03 2.454180e-04 3.219994e-01 1.375000e+00 5.000000e-01 0.000000e+00
1.655468e-03 2.341204e-04 3.219994e-01 1.425000e+00 5.000000e-01 0.000000e+00
2.152478e-03 2.649535e-04 3.219994e-01 1.475000e+00 5.000000e-01 0.000000e+00
1.354933e-03 2.090719e-04 3.219994e-01 1.525000e+00 5.000000e-01 0.000000e+00
1.270201e-03 2.008378e-04 3.219994e-01 1.575000e+00 5.000000e-01 0.000000e+00
1.391654e-03 2.098011e-04 3.219994e-01 1.625000e+00 5.000000e-01 0.000000e+00
1.732006e-03 2.314516e-04 3.219994e-01 1.675000e+00 5.000000e-01 0.000000e+00
1.536122e-03 2.172423e-04 3.219994e-01 1.725000e+00 5.000000e-01 0.000000e+00
9.060258e-04 1.654191e-04 3.219994e-01 1.775000e+00 5.000000e-01 0.000000e+00
9.576826e-04 1.692971e-04 3.219994e-01 1.825000e+00 5.000000e-01 0.000000e+00
1.173624e-03 1.855688e-04 3.219994e-01 1.875000e+00 5.000000e-01 0.000000e+00
1.509481e-03 2.093302e-04 3.219994e-01 1.925000e+00 5.000000e-01 0.000000e+00
1.424163e-03 2.014113e-04 3.219994e-01 1.975000e+00 5.000000e-01 0.000000e+00
5.018115e-04 1.182786e-04 3.219994e-01 2.025000e+00 5.000000e-01 0.000000e+00
7.195612e-04 1.411206e-04 3.219994e-01 2.075000e+00 5.000000e-01 0.000000e+00
1.018416e-03 1.652128e-04 3.219994e-01 2.125000e+00 5.000000e-01 0.000000e+00
7.425961e-04 1.403393e-04 3.219994e-01 2.175000e+00 5.000000e-01 0.000000e+00
7.212410e-04 1.363048e-04 3.219994e-01 2.225000e+00 5.000000e-01 0.000000e+00
4.547173e-04 1.071818e-04 3.219994e-01 2.275000e+00 5.000000e-01 0.000000e+00
6.894447e-04 1.302954e-04 3.219994e-01 2.325000e+00 5.000000e-01 0.000000e+00
3.835666e-04 9.589628e-05 3.219994e-01 2.375000e+00 5.000000e-01 0.000000e+00
3.740279e-04 9.350932e-05 3.219994e-01 2.425000e+00 5.000000e-01 0.000000e+00
4.115017e-04 9.699418e-05 3.219994e-01 2.475000e+00 5.000000e-01 0.000000e+00
5.338906e-04 1.089839e-04 3.219994e-01 2.525000e+00 5.000000e-01 0.000000e+00
1.286310e-04 5.251408e-05 3.219994e-01 2.575000e+00 5.000000e-01 0.000000e+00
5.407532e-04 1.060551e-04 3.219994e-01 2.625000e+00 5.000000e-01 0.000000e+00
5.626650e-04 1.063381e-04 3.219994e-01 2.675000e+00 5.000000e-01 0.000000e+00
5.822512e-04 1.063123e-04 3.219994e-01 2.725000e+00 5.000000e-01 0.000000e+00
6.322704e-04 1.084422e-04 3.219994e-01 2.775000e+00 5.000000e-01 0.000000e+00
7.731661e-04 1.165686e-04 3.219994e-01 2.825000e+00 5.000000e-01 0.000000e+00
7.973353e-04 1.150985e-04 3.219994e-01 2.875000e+00 5.000000e-01 0.000000e+00
4.823048e-01 4.361946e-03 3.319994e-01 2.500000e-02 5.000000e-01 0.000000e+00
8.159916e-02 1.801348e-03 3.319994e-01 7.500000e-02 5.000000e-01 0.000000e+00
2.069569e-03 2.869982e-04 3.319994e-01 1.250000e-01 5.000000e-01 0.000000e+00
2.013119e-03 2.846989e-04 3.319994e-01 1.750000e-01 5.000000e-01 0.000000e+00
1.788621e-03 2.696454e-04 3.319994e-01 2.250000e-01 5.000000e-01 0.000000e+00
1.846878e-03 2.723079e-04 3.319994e-01 2.750000e-01 5.000000e-01 0.000000e+00
1.614472e-03 2.552710e-04 3.319994e-01 3.250000e-01 5.000000e-01 0.000000e+00
1.266647e-03 2.239146e-04 3.319994e-01 3.750000e-01 5.000000e-01 0.000000e+00
1.235416e-03 2.183934e-04 3.319994e-01 4.250000e-01 5.000000e-01 0.000000e+00
1.397785e-03 2.329648e-04 3.319994e-01 4.750000e-01 5.000000e-01 0.000000e+00
9.216730e-04 1.881364e-04 3.319994e-01 5.250000e-01 5.000000e-01 0.000000e+00
1.923447e-03 2.720175e-04 3.319994e-01 5.750000e-01 5.000000e-01 0.000000e+00
2.309780e-03 2.981923e-04 3.319994e-01 6.250000e-01 5.000000e-01 0.000000e+00
1.760021e-03 2.595018e-04 3.319994e-01 6.750000e-01 5.000000e-01 0.000000e+00
1.814928e-03 2.619633e-04 3.319994e-01 7.250000e-01 5.000000e-01 0.000000e+00
2.470839e-03 3.041400e-04 3.319994e-01 7.750000e-01 5.000000e-01 0.000000e+00
2.439520e-03 3.002852e-04 3.319994e-01 8.250000e-01 5.000000e-01 0.000000e+00
3.251345e-03 3.465960e-04 3.319994e-01 8.750000e-01 5.000000e-01 0.000000e+00
3.073855e-03 3.353868e-04 3.319994e-01 9.250000e-01 5.000000e-01 0.000000e+00
2.396671e-03 2.950111e-04 3.319994e-01 9.750000e-01 5.000000e-01 0.000000e+00
1.939906e-03 2.639891e-04 3.319994e-01 1.025000e+00 5.000000e-01 0.000000e+00
2.866966e-03 3.205381e-04 3.319994e-01 1.075000e+00 5.000000e-01 0.000000e+00
2.820006e-03 3.152884e-04 3.319994e-01 1.125000e+00 5.000000e-01 0.000000e+00
2.601846e-03 3.024599e-04 3.319994e-01 1.175000e+00 5.000000e-01 0.000000e+00
2.764331e-03 3.090632e-04 3.319994e-01 1.225000e+00 5.000000e-01 0.000000e+00
2.200325e-03 2.750422e-04 3.319994e-01 1.275000e+00 5.000000e-01 0.000000e+00
1.631135e-03 2.354354e-04 3.319994e-01 1.325000e+00 5.000000e-01 0.000000e+00
2.141225e-03 2.676547e-04 3.319994e-01 1.375000e+00 5.000000e-01 0.000000e+00
1.658866e-03 2.346006e-04 3.319994e-01 1.425000e+00 5.000000e-01 0.000000e+00
1.253084e-03 2.032790e-04 3.319994e-01 1.475000e+00 5.000000e-01 0.000000e+00
1.556629e-03 2.246821e-04 3.319994e-01 1.525000e+00 5.000000e-01 0.000000e+00
1.670723e-03 2.316898e-04 3.319994e-01 1.575000e+00 5.000000e-01 0.000000e+00
1.325660e-03 2.045554e-04 3.319994e-01 1.625000e+00 5.000000e-01 0.000000e+00
1.950283e-03 2.476879e-04 3.319994e-01 1.675000e+00 5.000000e-01 0.000000e+00
1.540436e-03 2.178528e-04 3.319994e-01 1.725000e+00 5.000000e-01 0.000000e+00
1.273958e-03 1.965789e-04 3.319994e-01 1.775000e+00 5.000000e-01 0.000000e+00
1.023397e-03 1.755129e-04 3.319994e-01 1.825000e+00 5.000000e-01 0.000000e+00
1.121213e-03 1.818872e-04 3.319994e-01 1.875000e+00 5.000000e-01 0.000000e+00
6.983227e-04 1.425468e-04 3.319994e-01 1.925000e+00 5.000000e-01 0.000000e+00
1.089611e-03 1.767607e-04 3.319994e-01 1.975000e+00 5.000000e-01 0.000000e+00
7.826696e-04 1.479116e-04 3.319994e-01 2.025000e+00 5.000000e-01 0.000000e+00
6.659448e-04 1.359376e-04 3.319994e-01 2.075000e+00 5.000000e-01 0.000000e+00
1.295803e-03 1.870377e-04 3.319994e-01 2.125000e+00 5.000000e-01 0.000000e+00
5.302105e-04 1.185603e-04 3.319994e-01 2.175000e+00 5.000000e-01 0.000000e+00
9.332239e-04 1.555397e-04 3.319994e-01 2.225000e+00 5.000000e-01 0.000000e+00
3.552372e-04 9.494332e-05 3.319994e-01 2.275000e+00 5.000000e-01 0.000000e+00
7.916210e-04 1.399430e-04 3.319994e-01 2.325000e+00 5.000000e-01 0.000000e+00
3.371868e-04 9.011909e-05 3.319994e-01 2.375000e+00 5.000000e-01 0.000000e+00
3.277124e-04 8.758673e-05 3.319994e-01 2.425000e+00 5.000000e-01 0.000000e+00
3.664681e-04 9.162077e-05 3.319994e-01 2.475000e+00 5.000000e-01 0.000000e+00
3.132912e-04 8.373418e-05 3.319994e-01 2.525000e+00 5.000000e-01 0.000000e+00
6.052979e-04 1.143952e-04 3.319994e-01 2.575000e+00 5.000000e-01 0.000000e+00
5.438316e-04 1.066608e-04 3.319994e-01 2.625000e+00 5.000000e-01 0.000000e+00
4.448456e-04 9.484401e-05 3.319994e-01 2.675000e+00 5.000000e-01 0.000000e+00
4.650972e-04 9.494410e-05 3.319994e-01 2.725000e+00 5.000000e-01 0.000000e+00
7.081328e-04 1.148845e-04 3.319994e-01 2.775000e+00 5.000000e-01 0.000000e+00
8.863679e-04 1.253659e-04 3.319994e-01 2.825000e+00 5.000000e-01 0.000000e+00
8.034607e-04 1.159844e-04 3.319994e-01 2.875000e+00 5.000000e-01 0.000000e+00
4.894521e-01 4.398612e-03 3.419994e-01 2.500000e-02 5.000000e-01 0.000000e+00
8.197526e-02 1.831195e-03 3.419994e-01 7.500000e-02 5.000000e-01 0.000000e+00
2.571112e-03 3.213896e-04 3.419994e-01 1.250000e-01 5.000000e-01 0.000000e+00
2.777273e-03 3.367945e-04 3.419994e-01 1.750000e-01 5.000000e-01 0.000000e+00
2.178656e-03 2.964782e-04 3.419994e-01 2.250000e-01 5.000000e-01 0.000000e+00
1.381591e-03 2.369415e-04 3.419994e-01 2.750000e-01 5.000000e-01 0.000000e+00
1.777541e-03 2.679750e-04 3.419994e-01 3.250000e-01 5.000000e-01 0.000000e+00
1.191540e-03 2.175451e-04 3.419994e-01 3.750000e-01 5.000000e-01 0.000000e+00
1.338127e-03 2.294875e-04 3.419994e-01 4.250000e-01 5.000000e-01 0.000000e+00
1.554210e-03 2.457426e-04 3.419994e-01 4.750000e-01 5.000000e-01 0.000000e+00
1.230883e-03 2.175921e-04 3.419994e-01 5.250000e-01 5.000000e-01 0.000000e+00
1.700134e-03 2.563056e-04 3.419994e-01 5.750000e-01 5.000000e-01 0.000000e+00
1.759422e-03 2.594135e-04 3.419994e-01 6.250000e-01 5.000000e-01 0.000000e+00
1.607000e-03 2.479661e-04 3.419994e-01 6.750000e-01 5.000000e-01 0.000000e+00
1.368830e-03 2.281389e-04 3.419994e-01 7.250000e-01 5.000000e-01 0.000000e+00
1.965206e-03 2.725256e-04 3.419994e-01 7.750000e-01 5.000000e-01 0.000000e+00
3.008368e-03 3.363476e-04 3.419994e-01 8.250000e-01 5.000000e-01 0.000000e+00
2.672018e-03 3.149017e-04 3.419994e-01 8.750000e-01 5.000000e-01 0.000000e+00
2.789443e-03 3.199727e-04 3.419994e-01 9.250000e-01 5.000000e-01 0.000000e+00
2.716637e-03 3.158042e-04 3.419994e-01 9.750000e-01 5.000000e-01 0.000000e+00
3.025285e-03 3.300874e-04 3.419994e-01 1.025000e+00 5.000000e-01 0.000000e+00
2.512584e-03 3.003127e-04 3.419994e-01 1.075000e+00 5.000000e-01 0.000000e+00
2.984164e-03 3.256008e-04 3.419994e-01 1.125000e+00 5.000000e-01 0.000000e+00
2.241746e-03 2.802203e-04 3.419994e-01 1.175000e+00 5.000000e-01 0.000000e+00
1.816950e-03 2.519669e-04 3.419994e-01 1.225000e+00 5.000000e-01 0.000000e+00
2.278069e-03 2.804123e-04 3.419994e-01 1.275000e+00 5.000000e-01 0.000000e+00
2.189362e-03 2.736718e-04 3.419994e-01 1.325000e+00 5.000000e-01 0.000000e+00
2.162238e-03 2.702817e-04 3.419994e-01 1.375000e+00 5.000000e-01 0.000000e+00
1.665652e-03 2.355610e-04 3.419994e-01 1.425000e+00 5.000000e-01 0.000000e+00
2.183457e-03 2.687669e-04 3.419994e-01 1.475000e+00 5.000000e-01 0.000000e+00
1.239962e-03 2.011490e-04 3.419994e-01 1.525000e+00 5.000000e-01 0.000000e+00
1.280937e-03 2.025364e-04 3.419994e-01 1.575000e+00 5.000000e-01 0.000000e+00
1.468667e-03 2.165453e-04 3.419994e-01 1.625000e+00 5.000000e-01 0.000000e+00
1.816920e-03 2.385758e-04 3.419994e-01 1.675000e+00 5.000000e-01 0.000000e+00
1.241958e-03 1.963731e-04 3.419994e-01 1.725000e+00 5.000000e-01 0.000000e+00
1.409245e-03 2.077843e-04 3.419994e-01 1.775000e+00 5.000000e-01 0.000000e+00
8.988014e-04 1.641003e-04 3.419994e-01 1.825000e+00 5.000000e-01 0.000000e+00
1.486976e-03 2.102925e-04 3.419994e-01 1.875000e+00 5.000000e-01 0.000000e+00
9.932994e-04 1.703523e-04 3.419994e-01 1.925000e+00 5.000000e-01 0.000000e+00
8.606565e-04 1.571354e-04 3.419994e-01 1.975000e+00 5.000000e-01 0.000000e+00
5.660247e-04 1.265683e-04 3.419994e-01 2.025000e+00 5.000000e-01 0.000000e+00
7.781605e-04 1.470612e-04 3.419994e-01 2.075000e+00 5.000000e-01 0.000000e+00
8.131278e-04 1.484596e-04 3.419994e-01 2.125000e+00 5.000000e-01 0.000000e+00
6.415905e-04 1.309665e-04 3.419994e-01 2.175000e+00 5.000000e-01 0.000000e+00
5.737635e-04 1.223287e-04 3.419994e-01 2.225000e+00 5.000000e-01 0.000000e+00
5.569648e-04 1.187500e-04 3.419994e-01 2.275000e+00 5.000000e-01 0.000000e+00
3.485558e-04 9.315745e-05 3.419994e-01 2.325000e+00 5.000000e-01 0.000000e+00
7.245332e-04 1.322843e-04 3.419994e-01 2.375000e+00 5.000000e-01 0.000000e+00
5.669111e-04 1.157231e-04 3.419994e-01 2.425000e+00 5.000000e-01 0.000000e+00
3.239399e-04 8.657828e-05 3.419994e-01 2.475000e+00 5.000000e-01 0.000000e+00
3.601349e-04 9.003539e-05 3.419994e-01 2.525000e+00 5.000000e-01 0.000000e+00
6.472599e-04 1.181773e-04 3.419994e-01 2.575000e+00 5.000000e-01 0.000000e+00
6.740466e-04 1.191618e-04 3.419994e-01 2.625000e+00 5.000000e-01 0.000000e+00
4.888292e-04 9.979023e-05 3.419994e-01 2.675000e+00 5.000000e-01 0.000000e+00
8.975592e-04 1.323430e-04 3.419994e-01 2.725000e+00 5.000000e-01 0.000000e+00
8.993724e-04 1.298268e-04 3.419994e-01 2.775000e+00 5.000000e-01 0.000000e+00
5.692738e-04 1.006492e-04 3.419994e-01 2.825000e+00 5.000000e-01 0.000000e+00
1.413447e-03 1.542373e-04 3.419994e-01 2.875000e+00 5.000000e-01 0.000000e+00
4.780460e-01 4.438938e-03 3.519993e-01 2.500000e-02 5.000000e-01 0.000000e+00
8.828386e-02 1.910211e-03 3.519993e-01 7.500000e-02 5.000000e-01 0.000000e+00
4.546740e-03 4.296275e-04 3.519993e-01 1.250000e-01 5.000000e-01 0.000000e+00
2.311895e-03 3.089407e-04 3.519993e-01 1.750000e-01 5.000000e-01 0.000000e+00
1.538798e-03 2.496268e-04 3.519993e-01 2.250000e-01 5.000000e-01 0.000000e+00
1.300879e-03 2.299657e-04 3.519993e-01 2.750000e-01 5.000000e-01 0.000000e+00
1.760965e-03 2.654763e-04 3.519993e-01 3.250000e-01 5.000000e-01 0.000000e+00
1.040200e-03 2.040008e-04 3.519993e-01 3.750000e-01 5.000000e-01 0.000000e+00
1.633834e-03 2.521069e-04 3.519993e-01 4.250000e-01 5.000000e-01 0.000000e+00
1.559629e-03 2.465997e-04 3.519993e-01 4.750000e-01 5.000000e-01 0.000000e+00
6.241615e-04 1.560411e-04 3.519993e-01 5.250000e-01 5.000000e-01 0.000000e+00
1.473086e-03 2.389666e-04 3.519993e-01 5.750000e-01 5.000000e-01 0.000000e+00
1.949838e-03 2.757498e-04 3.519993e-01 6.250000e-01 5.000000e-01 0.000000e+00
1.772684e-03 2.613690e-04 3.519993e-01 6.750000e-01 5.000000e-01 0.000000e+00
1.688476e-03 2.545483e-04 3.519993e-01 7.250000e-01 5.000000e-01 0.000000e+00
1.817861e-03 2.623863e-04 3.519993e-01 7.750000e-01 5.000000e-01 0.000000e+00
2.470532e-03 3.041020e-04 3.519993e-01 8.250000e-01 5.000000e-01 0.000000e+00
1.941909e-03 2.692951e-04 3.519993e-01 8.750000e-01 5.000000e-01 0.000000e+00
3.769545e-03 3.732421e-04 3.519993e-01 9.250000e-01 5.000000e-01 0.000000e+00
2.124390e-03 2.789475e-04 3.519993e-01 9.750000e-01 5.000000e-01 0.000000e+00
2.272243e-03 2.885767e-04 3.519993e-01 1.025000e+00 5.000000e-01 0.000000e+00
3.230029e-03 3.404766e-04 3.519993e-01 1.075000e+00 5.000000e-01 0.000000e+00
2.067232e-03 2.714432e-04 3.519993e-01 1.125000e+00 5.000000e-01 0.000000e+00
1.838697e-03 2.549832e-04 3.519993e-01 1.175000e+00 5.000000e-01 0.000000e+00
3.690548e-03 3.584596e-04 3.519993e-01 1.225000e+00 5.000000e-01 0.000000e+00
2.835411e-03 3.131208e-04 3.519993e-01 1.275000e+00 5.000000e-01 0.000000e+00
1.447975e-03 2.234285e-04 3.519993e-01 1.325000e+00 5.000000e-01 0.000000e+00
2.225496e-03 2.739411e-04 3.519993e-01 1.375000e+00 5.000000e-01 0.000000e+00
1.873814e-03 2.504007e-04 3.519993e-01 1.425000e+00 5.000000e-01 0.000000e+00
2.054552e-03 2.609307e-04 3.519993e-01 1.475000e+00 5.000000e-01 0.000000e+00
1.375676e-03 2.122731e-04 3.519993e-01 1.525000e+00 5.000000e-01 0.000000e+00
1.433071e-03 2.160463e-04 3.519993e-01 1.575000e+00 5.000000e-01 0.000000e+00
1.659368e-03 2.301153e-04 3.519993e-01 1.625000e+00 5.000000e-01 0.000000e+00
2.012020e-03 2.515047e-04 3.519993e-01 1.675000e+00 5.000000e-01 0.000000e+00
7.478156e-04 1.526484e-04 3.519993e-01 1.725000e+00 5.000000e-01 0.000000e+00
1.169599e-03 1.897362e-04 3.519993e-01 1.775000e+00 5.000000e-01 0.000000e+00
1.086940e-03 1.811591e-04 3.519993e-01 1.825000e+00 5.000000e-01 0.000000e+00
1.498426e-03 2.119109e-04 3.519993e-01 1.875000e+00 5.000000e-01 0.000000e+00
9.955767e-04 1.707423e-04 3.519993e-01 1.925000e+00 5.000000e-01 0.000000e+00
1.152823e-03 1.822807e-04 3.519993e-01 1.975000e+00 5.000000e-01 0.000000e+00
1.425002e-03 2.015286e-04 3.519993e-01 2.025000e+00 5.000000e-01 0.000000e+00
6.686847e-04 1.364968e-04 3.519993e-01 2.075000e+00 5.000000e-01 0.000000e+00
9.305140e-04 1.595841e-04 3.519993e-01 2.125000e+00 5.000000e-01 0.000000e+00
9.649100e-04 1.608204e-04 3.519993e-01 2.175000e+00 5.000000e-01 0.000000e+00
9.890008e-04 1.604393e-04 3.519993e-01 2.225000e+00 5.000000e-01 0.000000e+00
5.606881e-04 1.195422e-04 3.519993e-01 2.275000e+00 5.000000e-01 0.000000e+00
6.494504e-04 1.273710e-04 3.519993e-01 2.325000e+00 5.000000e-01 0.000000e+00
8.315030e-04 1.426058e-04 3.519993e-01 2.375000e+00 5.000000e-01 0.000000e+00
7.573330e-04 1.338821e-04 3.519993e-01 2.425000e+00 5.000000e-01 0.000000e+00
5.118616e-04 1.091330e-04 3.519993e-01 2.475000e+00 5.000000e-01 0.000000e+00
6.302851e-04 1.191142e-04 3.519993e-01 2.525000e+00 5.000000e-01 0.000000e+00
5.247166e-04 1.071108e-04 3.519993e-01 2.575000e+00 5.000000e-01 0.000000e+00
5.947574e-04 1.124039e-04 3.519993e-01 2.625000e+00 5.000000e-01 0.000000e+00
4.082392e-04 9.128827e-05 3.519993e-01 2.675000e+00 5.000000e-01 0.000000e+00
7.430028e-04 1.205396e-04 3.519993e-01 2.725000e+00 5.000000e-01 0.000000e+00
7.888072e-04 1.217241e-04 3.519993e-01 2.775000e+00 5.000000e-01 0.000000e+00
8.961699e-04 1.267541e-04 3.519993e-01 2.825000e+00 5.000000e-01 0.000000e+00
8.836946e-04 1.225621e-04 3.519993e-01 2.875000e+00 5.000000e-01 0.000000e+00
4.900920e-01 4.509761e-03 3.619993e-01 2.500000e-02 5.000000e-01 0.000000e+00
9.006246e-02 1.914060e-03 3.619993e-01 7.500000e-02 5.000000e-01 0.000000e+00
3.561366e-03 3.840330e-04 3.619993e-01 1.250000e-01 5.000000e-01 0.000000e+00
2.780214e-03 3.371514e-04 3.619993e-01 1.750000e-01 5.000000e-01 0.000000e+00
2.212086e-03 3.010276e-04 3.619993e-01 2.250000e-01 5.000000e-01 0.000000e+00
1.637010e-03 2.588345e-04 3.619993e-01 2.750000e-01 5.000000e-01 0.000000e+00
1.548969e-03 2.512767e-04 3.619993e-01 3.250000e-01 5.000000e-01 0.000000e+00
6.493105e-04 1.623281e-04 3.619993e-01 3.750000e-01 5.000000e-01 0.000000e+00
1.578775e-03 2.496272e-04 3.619993e-01 4.250000e-01 5.000000e-01 0.000000e+00
1.507864e-03 2.446086e-04 3.619993e-01 4.750000e-01 5.000000e-01 0.000000e+00
1.646167e-03 2.540098e-04 3.619993e-01 5.250000e-01 5.000000e-01 0.000000e+00
1.243827e-03 2.198805e-04 3.619993e-01 5.750000e-01 5.000000e-01 0.000000e+00
1.638657e-03 2.528511e-04 3.619993e-01 6.250000e-01 5.000000e-01 0.000000e+00
1.776687e-03 2.619590e-04 3.619993e-01 6.750000e-01 5.000000e-01 0.000000e+00
1.308077e-03 2.243341e-04 3.619993e-01 7.250000e-01 5.000000e-01 0.000000e+00
1.902301e-03 2.690270e-04 3.619993e-01 7.750000e-01 5.000000e-01 0.000000e+00
2.186108e-03 2.870512e-04 3.619993e-01 8.250000e-01 5.000000e-01 0.000000e+00
2.690512e-03 3.170814e-04 3.619993e-01 8.750000e-01 5.000000e-01 0.000000e+00
2.900380e-03 3.284046e-04 3.619993e-01 9.250000e-01 5.000000e-01 0.000000e+00
2.367347e-03 2.959201e-04 3.619993e-01 9.750000e-01 5.000000e-01 0.000000e+00
2.181604e-03 2.816452e-04 3.619993e-01 1.025000e+00 5.000000e-01 0.000000e+00
3.046647e-03 3.324180e-04 3.619993e-01 1.075000e+00 5.000000e-01 0.000000e+00
2.928818e-03 3.234357e-04 3.619993e-01 1.125000e+00 5.000000e-01 0.000000e+00
2.264137e-03 2.830191e-04 3.619993e-01 1.175000e+00 5.000000e-01 0.000000e+00
2.805400e-03 3.136549e-04 3.619993e-01 1.225000e+00 5.000000e-01 0.000000e+00
1.875403e-03 2.552114e-04 3.619993e-01 1.275000e+00 5.000000e-01 0.000000e+00
1.857880e-03 2.528266e-04 3.619993e-01 1.325000e+00 5.000000e-01 0.000000e+00
1.851200e-03 2.519177e-04 3.619993e-01 1.375000e+00 5.000000e-01 0.000000e+00
1.214272e-03 2.023801e-04 3.619993e-01 1.425000e+00 5.000000e-01 0.000000e+00
1.522344e-03 2.244591e-04 3.619993e-01 1.475000e+00 5.000000e-01 0.000000e+00
2.114824e-03 2.643551e-04 3.619993e-01 1.525000e+00 5.000000e-01 0.000000e+00
1.361976e-03 2.101591e-04 3.619993e-01 1.575000e+00 5.000000e-01 0.000000e+00
1.478337e-03 2.179705e-04 3.619993e-01 1.625000e+00 5.000000e-01 0.000000e+00
2.097119e-03 2.581399e-04 3.619993e-01 1.675000e+00 5.000000e-01 0.000000e+00
1.187887e-03 1.927035e-04 3.619993e-01 1.725000e+00 5.000000e-01 0.000000e+00
1.411870e-03 2.081709e-04 3.619993e-01 1.775000e+00 5.000000e-01 0.000000e+00
1.222727e-03 1.933324e-04 3.619993e-01 1.825000e+00 5.000000e-01 0.000000e+00
1.493699e-03 2.112438e-04 3.619993e-01 1.875000e+00 5.000000e-01 0.000000e+00
7.656367e-04 1.501559e-04 3.619993e-01 1.925000e+00 5.000000e-01 0.000000e+00
1.338367e-03 1.973340e-04 3.619993e-01 1.975000e+00 5.000000e-01 0.000000e+00
1.192662e-03 1.840341e-04 3.619993e-01 2.025000e+00 5.000000e-01 0.000000e+00
5.594638e-04 1.251019e-04 3.619993e-01 2.075000e+00 5.000000e-01 0.000000e+00
9.314055e-04 1.597384e-04 3.619993e-01 2.125000e+00 5.000000e-01 0.000000e+00
5.371546e-04 1.201132e-04 3.619993e-01 2.175000e+00 5.000000e-01 0.000000e+00
1.572081e-04 6.418226e-05 3.619993e-01 2.225000e+00 5.000000e-01 0.000000e+00
5.085344e-04 1.137141e-04 3.619993e-01 2.275000e+00 5.000000e-01 0.000000e+00
6.005743e-04 1.225935e-04 3.619993e-01 2.325000e+00 5.000000e-01 0.000000e+00
3.444165e-04 9.205033e-05 3.619993e-01 2.375000e+00 5.000000e-01 0.000000e+00
2.396235e-04 7.577777e-05 3.619993e-01 2.425000e+00 5.000000e-01 0.000000e+00
1.852306e-04 6.549171e-05 3.619993e-01 2.475000e+00 5.000000e-01 0.000000e+00
4.956321e-04 1.056753e-04 3.619993e-01 2.525000e+00 5.000000e-01 0.000000e+00
3.493482e-04 8.734284e-05 3.619993e-01 2.575000e+00 5.000000e-01 0.000000e+00
8.012204e-04 1.299826e-04 3.619993e-01 2.625000e+00 5.000000e-01 0.000000e+00
5.727994e-04 1.082555e-04 3.619993e-01 2.675000e+00 5.000000e-01 0.000000e+00
5.488670e-04 1.037318e-04 3.619993e-01 2.725000e+00 5.000000e-01 0.000000e+00
7.904921e-04 1.219843e-04 3.619993e-01 2.775000e+00 5.000000e-01 0.000000e+00
7.166026e-04 1.133138e-04 3.619993e-01 2.825000e+00 5.000000e-01 0.000000e+00
6.763547e-04 1.069491e-04 3.619993e-01 2.875000e+00 5.000000e-01 0.000000e+00
4.934994e-01 4.561633e-03 3.719993e-01 2.500000e-02 5.000000e-01 0.000000e+00
9.667642e-02 1.989213e-03 3.719993e-01 7.500000e-02 5.000000e-01 0.000000e+00
2.939880e-03 3.513836e-04 3.719993e-01 1.250000e-01 5.000000e-01 0.000000e+00
1.873842e-03 2.762835e-04 3.719993e-01 1.750000e-01 5.000000e-01 0.000000e+00
1.996723e-03 2.882028e-04 3.719993e-01 2.250000e-01 5.000000e-01 0.000000e+00
1.383347e-03 2.372428e-04 3.719993e-01 2.750000e-01 5.000000e-01 0.000000e+00
1.142167e-03 2.158498e-04 3.719993e-01 3.250000e-01 5.000000e-01 0.000000e+00
1.283184e-03 2.268375e-04 3.719993e-01 3.750000e-01 5.000000e-01 0.000000e+00
1.756261e-03 2.647669e-04 3.719993e-01 4.250000e-01 5.000000e-01 0.000000e+00
1.583712e-03 2.504073e-04 3.719993e-01 4.750000e-01 5.000000e-01 0.000000e+00
1.645880e-03 2.539657e-04 3.719993e-01 5.250000e-01 5.000000e-01 0.000000e+00
1.733704e-03 2.613664e-04 3.719993e-01 5.750000e-01 5.000000e-01 0.000000e+00
1.780895e-03 2.625795e-04 3.719993e-01 6.250000e-01 5.000000e-01 0.000000e+00
1.481600e-03 2.403480e-04 3.719993e-01 6.750000e-01 5.000000e-01 0.000000e+00
1.460447e-03 2.369169e-04 3.719993e-01 7.250000e-01 5.000000e-01 0.000000e+00
1.837603e-03 2.652362e-04 3.719993e-01 7.750000e-01 5.000000e-01 0.000000e+00
1.658369e-03 2.500096e-04 3.719993e-01 8.250000e-01 5.000000e-01 0.000000e+00
2.844900e-03 3.263340e-04 3.719993e-01 8.750000e-01 5.000000e-01 0.000000e+00
2.833827e-03 3.250638e-04 3.719993e-01 9.250000e-01 5.000000e-01 0.000000e+00
2.726991e-03 3.170076e-04 3.719993e-01 9.750000e-01 5.000000e-01 0.000000e+00
3.216648e-03 3.428974e-04 3.719993e-01 1.025000e+00 5.000000e-01 0.000000e+00
2.909755e-03 3.253225e-04 3.719993e-01 1.075000e+00 5.000000e-01 0.000000e+00
2.235331e-03 2.838887e-04 3.719993e-01 1.125000e+00 5.000000e-01 0.000000e+00
1.931053e-03 2.627845e-04 3.719993e-01 1.175000e+00 5.000000e-01 0.000000e+00
2.902798e-03 3.205622e-04 3.719993e-01 1.225000e+00 5.000000e-01 0.000000e+00
1.938735e-03 2.590762e-04 3.719993e-01 1.275000e+00 5.000000e-01 0.000000e+00
2.350421e-03 2.850323e-04 3.719993e-01 1.325000e+00 5.000000e-01 0.000000e+00
1.505329e-03 2.269380e-04 3.719993e-01 1.375000e+00 5.000000e-01 0.000000e+00
1.830164e-03 2.490555e-04 3.719993e-01 1.425000e+00 5.000000e-01 0.000000e+00
1.677196e-03 2.371931e-04 3.719993e-01 1.475000e+00 5.000000e-01 0.000000e+00
1.647903e-03 2.330502e-04 3.719993e-01 1.525000e+00 5.000000e-01 0.000000e+00
1.632438e-03 2.308635e-04 3.719993e-01 1.575000e+00 5.000000e-01 0.000000e+00
1.424517e-03 2.147560e-04 3.719993e-01 1.625000e+00 5.000000e-01 0.000000e+00
1.084266e-03 1.859521e-04 3.719993e-01 1.675000e+00 5.000000e-01 0.000000e+00
1.377648e-03 2.076903e-04 3.719993e-01 1.725000e+00 5.000000e-01 0.000000e+00
1.234277e-03 1.951585e-04 3.719993e-01 1.775000e+00 5.000000e-01 0.000000e+00
1.291393e-03 1.992682e-04 3.719993e-01 1.825000e+00 5.000000e-01 0.000000e+00
1.202379e-03 1.901144e-04 3.719993e-01 1.875000e+00 5.000000e-01 0.000000e+00
1.060260e-03 1.767119e-04 3.719993e-01 1.925000e+00 5.000000e-01 0.000000e+00
1.173254e-03 1.855104e-04 3.719993e-01 1.975000e+00 5.000000e-01 0.000000e+00
5.728650e-04 1.280984e-04 3.719993e-01 2.025000e+00 5.000000e-01 0.000000e+00
8.362864e-04 1.526866e-04 3.719993e-01 2.075000e+00 5.000000e-01 0.000000e+00
9.312649e-04 1.597142e-04 3.719993e-01 2.125000e+00 5.000000e-01 0.000000e+00
4.864093e-04 1.146494e-04 3.719993e-01 2.175000e+00 5.000000e-01 0.000000e+00
6.838467e-04 1.341146e-04 3.719993e-01 2.225000e+00 5.000000e-01 0.000000e+00
5.660438e-04 1.206818e-04 3.719993e-01 2.275000e+00 5.000000e-01 0.000000e+00
5.545134e-04 1.182252e-04 3.719993e-01 2.325000e+00 5.000000e-01 0.000000e+00
4.964160e-04 1.110053e-04 3.719993e-01 2.375000e+00 5.000000e-01 0.000000e+00
4.302015e-04 1.014018e-04 3.719993e-01 2.425000e+00 5.000000e-01 0.000000e+00
4.688549e-04 1.048417e-04 3.719993e-01 2.475000e+00 5.000000e-01 0.000000e+00
6.841695e-04 1.249167e-04 3.719993e-01 2.525000e+00 5.000000e-01 0.000000e+00
2.210931e-04 6.991685e-05 3.719993e-01 2.575000e+00 5.000000e-01 0.000000e+00
7.687147e-04 1.281256e-04 3.719993e-01 2.625000e+00 5.000000e-01 0.000000e+00
3.681594e-04 8.677978e-05 3.719993e-01 2.675000e+00 5.000000e-01 0.000000e+00
8.325801e-04 1.284791e-04 3.719993e-01 2.725000e+00 5.000000e-01 0.000000e+00
7.149342e-04 1.159863e-04 3.719993e-01 2.775000e+00 5.000000e-01 0.000000e+00
7.873430e-04 1.187089e-04 3.719993e-01 2.825000e+00 5.000000e-01 0.000000e+00
8.476960e-04 1.198970e-04 3.719993e-01 2.875000e+00 5.000000e-01 0.000000e+00
4.957102e-01 4.581677e-03 3.819993e-01 2.500000e-02 5.000000e-01 0.000000e+00
1.024323e-01 2.048649e-03 3.819993e-01 7.500000e-02 5.000000e-01 0.000000e+00
4.353920e-03 4.269380e-04 3.819993e-01 1.250000e-01 5.000000e-01 0.000000e+00
2.229558e-03 3.034052e-04 3.819993e-01 1.750000e-01 5.000000e-01 0.000000e+00
1.329893e-03 2.350946e-04 3.819993e-01 2.250000e-01 5.000000e-01 0.000000e+00
1.553822e-03 2.520639e-04 3.819993e-01 2.750000e-01 5.000000e-01 0.000000e+00
1.160479e-03 2.193105e-04 3.819993e-01 3.250000e-01 5.000000e-01 0.000000e+00
1.128015e-03 2.131753e-04 3.819993e-01 3.750000e-01 5.000000e-01 0.000000e+00
1.534269e-03 2.488919e-04 3.819993e-01 4.250000e-01 5.000000e-01 0.000000e+00
1.275120e-03 2.254121e-04 3.819993e-01 4.750000e-01 5.000000e-01 0.000000e+00
8.771645e-04 1.870125e-04 3.819993e-01 5.250000e-01 5.000000e-01 0.000000e+00
1.330408e-03 2.281641e-04 3.819993e-01 5.750000e-01 5.000000e-01 0.000000e+00
1.192357e-03 2.176940e-04 3.819993e-01 6.250000e-01 5.000000e-01 0.000000e+00
1.324447e-03 2.271416e-04 3.819993e-01 6.750000e-01 5.000000e-01 0.000000e+00
1.690869e-03 2.549092e-04 3.819993e-01 7.250000e-01 5.000000e-01 0.000000e+00
2.379553e-03 3.022047e-04 3.819993e-01 7.750000e-01 5.000000e-01 0.000000e+00
2.815304e-03 3.272739e-04 3.819993e-01 8.250000e-01 5.000000e-01 0.000000e+00
2.028574e-03 2.760550e-04 3.819993e-01 8.750000e-01 5.000000e-01 0.000000e+00
2.841481e-03 3.259415e-04 3.819993e-01 9.250000e-01 5.000000e-01 0.000000e+00
2.600667e-03 3.108404e-04 3.819993e-01 9.750000e-01 5.000000e-01 0.000000e+00
2.355295e-03 2.944135e-04 3.819993e-01 1.025000e+00 5.000000e-01 0.000000e+00
2.767406e-03 3.174445e-04 3.819993e-01 1.075000e+00 5.000000e-01 0.000000e+00
2.248663e-03 2.855819e-04 3.819993e-01 1.125000e+00 5.000000e-01 0.000000e+00
2.294328e-03 2.867927e-04 3.819993e-01 1.175000e+00 5.000000e-01 0.000000e+00
2.821274e-03 3.154298e-04 3.819993e-01 1.225000e+00 5.000000e-01 0.000000e+00
2.622325e-03 3.048404e-04 3.819993e-01 1.275000e+00 5.000000e-01 0.000000e+00
2.431474e-03 2.906183e-04 3.819993e-01 1.325000e+00 5.000000e-01 0.000000e+00
1.222483e-03 2.037482e-04 3.819993e-01 1.375000e+00 5.000000e-01 0.000000e+00
1.025791e-03 1.872841e-04 3.819993e-01 1.425000e+00 5.000000e-01 0.000000e+00
1.546511e-03 2.280223e-04 3.819993e-01 1.475000e+00 5.000000e-01 0.000000e+00
1.653576e-03 2.338523e-04 3.819993e-01 1.525000e+00 5.000000e-01 0.000000e+00
1.571379e-03 2.268108e-04 3.819993e-01 1.575000e+00 5.000000e-01 0.000000e+00
1.174678e-03 1.957817e-04 3.819993e-01 1.625000e+00 5.000000e-01 0.000000e+00
1.466780e-03 2.162669e-04 3.819993e-01 1.675000e+00 5.000000e-01 0.000000e+00
1.381436e-03 2.082616e-04 3.819993e-01 1.725000e+00 5.000000e-01 0.000000e+00
1.316173e-03 2.030927e-04 3.819993e-01 1.775000e+00 5.000000e-01 0.000000e+00
1.225928e-03 1.938379e-04 3.819993e-01 1.825000e+00 5.000000e-01 0.000000e+00
9.642117e-04 1.704521e-04 3.819993e-01 1.875000e+00 5.000000e-01 0.000000e+00
8.877939e-04 1.620912e-04 3.819993e-01 1.925000e+00 5.000000e-01 0.000000e+00
7.033912e-04 1.435810e-04 3.819993e-01 1.975000e+00 5.000000e-01 0.000000e+00
9.209245e-04 1.627995e-04 3.819993e-01 2.025000e+00 5.000000e-01 0.000000e+00
4.478425e-04 1.119634e-04 3.819993e-01 2.075000e+00 5.000000e-01 0.000000e+00
8.207789e-04 1.498571e-04 3.819993e-01 2.125000e+00 5.000000e-01 0.000000e+00
7.057380e-04 1.384093e-04 3.819993e-01 2.175000e+00 5.000000e-01 0.000000e+00
6.941858e-04 1.361445e-04 3.819993e-01 2.225000e+00 5.000000e-01 0.000000e+00
6.224534e-04 1.270604e-04 3.819993e-01 2.275000e+00 5.000000e-01 0.000000e+00
9.662425e-04 1.567490e-04 3.819993e-01 2.325000e+00 5.000000e-01 0.000000e+00
4.943199e-04 1.105373e-04 3.819993e-01 2.375000e+00 5.000000e-01 0.000000e+00
4.318570e-04 1.017928e-04 3.819993e-01 2.425000e+00 5.000000e-01 0.000000e+00
5.164558e-04 1.101113e-04 3.819993e-01 2.475000e+00 5.000000e-01 0.000000e+00
5.463666e-04 1.115307e-04 3.819993e-01 2.525000e+00 5.000000e-01 0.000000e+00
6.155478e-04 1.163323e-04 3.819993e-01 2.575000e+00 5.000000e-01 0.000000e+00
8.107241e-04 1.315233e-04 3.819993e-01 2.625000e+00 5.000000e-01 0.000000e+00
9.054323e-04 1.365059e-04 3.819993e-01 2.675000e+00 5.000000e-01 0.000000e+00
5.563313e-04 1.051470e-04 3.819993e-01 2.725000e+00 5.000000e-01 0.000000e+00
6.828593e-04 1.138182e-04 3.819993e-01 2.775000e+00 5.000000e-01 0.000000e+00
7.207277e-04 1.139735e-04 3.819993e-01 2.825000e+00 5.000000e-01 0.000000e+00
8.964936e-04 1.220110e-04 3.819993e-01 2.875000e+00 5.000000e-01 0.000000e+00
5.159444e-01 4.662369e-03 3.919993e-01 2.500000e-02 5.000000e-01 0.000000e+00
9.595308e-02 2.004252e-03 3.919993e-01 7.500000e-02 5.000000e-01 0.000000e+00
2.581256e-03 3.278206e-04 3.919993e-01 1.250000e-01 5.000000e-01 0.000000e+00
1.843086e-03 2.778564e-04 3.919993e-01 1.750000e-01 5.000000e-01 0.000000e+00
1.743032e-03 2.689562e-04 3.919993e-01 2.250000e-01 5.000000e-01 0.000000e+00
1.660801e-03 2.625965e-04 3.919993e-01 2.750000e-01 5.000000e-01 0.000000e+00
1.555213e-03 2.522894e-04 3.919993e-01 3.250000e-01 5.000000e-01 0.000000e+00
1.724838e-03 2.661489e-04 3.919993e-01 3.750000e-01 5.000000e-01 0.000000e+00
1.205584e-03 2.201091e-04 3.919993e-01 4.250000e-01 5.000000e-01 0.000000e+00
1.365462e-03 2.341754e-04 3.919993e-01 4.750000e-01 5.000000e-01 0.000000e+00
1.683071e-03 2.597045e-04 3.919993e-01 5.250000e-01 5.000000e-01 0.000000e+00
1.423265e-03 2.372115e-04 3.919993e-01 5.750000e-01 5.000000e-01 0.000000e+00
1.495721e-03 2.426389e-04 3.919993e-01 6.250000e-01 5.000000e-01 0.000000e+00
1.941782e-03 2.746102e-04 3.919993e-01 6.750000e-01 5.000000e-01 0.000000e+00
2.031962e-03 2.817836e-04 3.919993e-01 7.250000e-01 5.000000e-01 0.000000e+00
1.829411e-03 2.640540e-04 3.919993e-01 7.750000e-01 5.000000e-01 0.000000e+00
2.776800e-03 3.272501e-04 3.919993e-01 8.250000e-01 5.000000e-01 0.000000e+00
2.362007e-03 2.999767e-04 3.919993e-01 8.750000e-01 5.000000e-01 0.000000e+00
3.003470e-03 3.357995e-04 3.919993e-01 9.250000e-01 5.000000e-01 0.000000e+00
2.976769e-03 3.328143e-04 3.919993e-01 9.750000e-01 5.000000e-01 0.000000e+00
2.799463e-03 3.211221e-04 3.919993e-01 1.025000e+00 5.000000e-01 0.000000e+00
2.352885e-03 2.941117e-04 3.919993e-01 1.075000e+00 5.000000e-01 0.000000e+00
3.311860e-03 3.452869e-04 3.919993e-01 1.125000e+00 5.000000e-01 0.000000e+00
2.669087e-03 3.102769e-04 3.919993e-01 1.175000e+00 5.000000e-01 0.000000e+00
2.223638e-03 2.824045e-04 3.919993e-01 1.225000e+00 5.000000e-01 0.000000e+00
2.583350e-03 3.003100e-04 3.919993e-01 1.275000e+00 5.000000e-01 0.000000e+00
1.535122e-03 2.314305e-04 3.919993e-01 1.325000e+00 5.000000e-01 0.000000e+00
1.463443e-03 2.258154e-04 3.919993e-01 1.375000e+00 5.000000e-01 0.000000e+00
1.976061e-03 2.594711e-04 3.919993e-01 1.425000e+00 5.000000e-01 0.000000e+00
1.548698e-03 2.283450e-04 3.919993e-01 1.475000e+00 5.000000e-01 0.000000e+00
1.798830e-03 2.447915e-04 3.919993e-01 1.525000e+00 5.000000e-01 0.000000e+00
1.785022e-03 2.429129e-04 3.919993e-01 1.575000e+00 5.000000e-01 0.000000e+00
1.178098e-03 1.963509e-04 3.919993e-01 1.625000e+00 5.000000e-01 0.000000e+00
1.340621e-03 2.068653e-04 3.919993e-01 1.675000e+00 5.000000e-01 0.000000e+00
1.013073e-03 1.790891e-04 3.919993e-01 1.725000e+00 5.000000e-01 0.000000e+00
1.255553e-03 1.985220e-04 3.919993e-01 1.775000e+00 5.000000e-01 0.000000e+00
1.045762e-03 1.793491e-04 3.919993e-01 1.825000e+00 5.000000e-01 0.000000e+00
7.829724e-04 1.535548e-04 3.919993e-01 1.875000e+00 5.000000e-01 0.000000e+00
1.079476e-03 1.799152e-04 3.919993e-01 1.925000e+00 5.000000e-01 0.000000e+00
1.228754e-03 1.896041e-04 3.919993e-01 1.975000e+00 5.000000e-01 0.000000e+00
6.885844e-04 1.405577e-04 3.919993e-01 2.025000e+00 5.000000e-01 0.000000e+00
7.343224e-04 1.440149e-04 3.919993e-01 2.075000e+00 5.000000e-01 0.000000e+00
6.047834e-04 1.289414e-04 3.919993e-01 2.125000e+00 5.000000e-01 0.000000e+00
7.612630e-04 1.438673e-04 3.919993e-01 2.175000e+00 5.000000e-01 0.000000e+00
2.676932e-04 8.465357e-05 3.919993e-01 2.225000e+00 5.000000e-01 0.000000e+00
3.673264e-04 9.817315e-05 3.919993e-01 2.275000e+00 5.000000e-01 0.000000e+00
3.069290e-04 8.860569e-05 3.919993e-01 2.325000e+00 5.000000e-01 0.000000e+00
2.495473e-04 7.891590e-05 3.919993e-01 2.375000e+00 5.000000e-01 0.000000e+00
6.298726e-04 1.235321e-04 3.919993e-01 2.425000e+00 5.000000e-01 0.000000e+00
5.192912e-04 1.107175e-04 3.919993e-01 2.475000e+00 5.000000e-01 0.000000e+00
3.644764e-04 9.112370e-05 3.919993e-01 2.525000e+00 5.000000e-01 0.000000e+00
2.661727e-04 7.683958e-05 3.919993e-01 2.575000e+00 5.000000e-01 0.000000e+00
7.295017e-04 1.251151e-04 3.919993e-01 2.625000e+00 5.000000e-01 0.000000e+00
7.025183e-04 1.204872e-04 3.919993e-01 2.675000e+00 5.000000e-01 0.000000e+00
7.942676e-04 1.255923e-04 3.919993e-01 2.725000e+00 5.000000e-01 0.000000e+00
7.952530e-04 1.227200e-04 3.919993e-01 2.775000e+00 5.000000e-01 0.000000e+00
9.977893e-04 1.333467e-04 3.919993e-01 2.825000e+00 5.000000e-01 0.000000e+00
8.414530e-04 1.167011e-04 3.919993e-01 2.875000e+00 5.000000e-01 0.000000e+00
5.092173e-01 4.637313e-03 4.019993e-01 2.500000e-02 5.000000e-01 0.000000e+00
1.008728e-01 2.068562e-03 4.019993e-01 7.500000e-02 5.000000e-01 0.000000e+00
4.244397e-03 4.202589e-04 4.019993e-01 1.250000e-01 5.000000e-01 0.000000e+00
2.034778e-03 2.936958e-04 4.019993e-01 1.750000e-01 5.000000e-01 0.000000e+00
1.974649e-03 2.850168e-04 4.019993e-01 2.250000e-01 5.000000e-01 0.000000e+00
1.436832e-03 2.464153e-04 4.019993e-01 2.750000e-01 5.000000e-01 0.000000e+00
1.548829e-03 2.512538e-04 4.019993e-01 3.250000e-01 5.000000e-01 0.000000e+00
1.242746e-03 2.268940e-04 4.019993e-01 3.750000e-01 5.000000e-01 0.000000e+00
1.044459e-03 2.048359e-04 4.019993e-01 4.250000e-01 5.000000e-01 0.000000e+00
1.224638e-03 2.235876e-04 4.019993e-01 4.750000e-01 5.000000e-01 0.000000e+00
1.817344e-03 2.679535e-04 4.019993e-01 5.250000e-01 5.000000e-01 0.000000e+00
1.599424e-03 2.528918e-04 4.019993e-01 5.750000e-01 5.000000e-01 0.000000e+00
1.249081e-03 2.208089e-04 4.019993e-01 6.250000e-01 5.000000e-01 0.000000e+00
1.268858e-03 2.243053e-04 4.019993e-01 6.750000e-01 5.000000e-01 0.000000e+00
1.155176e-03 2.109060e-04 4.019993e-01 7.250000e-01 5.000000e-01 0.000000e+00
1.870052e-03 2.699198e-04 4.019993e-01 7.750000e-01 5.000000e-01 0.000000e+00
1.686369e-03 2.542305e-04 4.019993e-01 8.250000e-01 5.000000e-01 0.000000e+00
2.362988e-03 3.001008e-04 4.019993e-01 8.750000e-01 5.000000e-01 0.000000e+00
2.488405e-03 3.063029e-04 4.019993e-01 9.250000e-01 5.000000e-01 0.000000e+00
1.199151e-03 2.119828e-04 4.019993e-01 9.750000e-01 5.000000e-01 0.000000e+00
2.613169e-03 3.123350e-04 4.019993e-01 1.025000e+00 5.000000e-01 0.000000e+00
2.481632e-03 3.009438e-04 4.019993e-01 1.075000e+00 5.000000e-01 0.000000e+00
2.193878e-03 2.832298e-04 4.019993e-01 1.125000e+00 5.000000e-01 0.000000e+00
2.604302e-03 3.069215e-04 4.019993e-01 1.175000e+00 5.000000e-01 0.000000e+00
1.568394e-03 2.364460e-04 4.019993e-01 1.225000e+00 5.000000e-01 0.000000e+00
1.622139e-03 2.391729e-04 4.019993e-01 1.275000e+00 5.000000e-01 0.000000e+00
1.961215e-03 2.620807e-04 4.019993e-01 1.325000e+00 5.000000e-01 0.000000e+00
2.021185e-03 2.653961e-04 4.019993e-01 1.375000e+00 5.000000e-01 0.000000e+00
1.646799e-03 2.376973e-04 4.019993e-01 1.425000e+00 5.000000e-01 0.000000e+00
2.356508e-03 2.816583e-04 4.019993e-01 1.475000e+00 5.000000e-01 0.000000e+00
1.345415e-03 2.127309e-04 4.019993e-01 1.525000e+00 5.000000e-01 0.000000e+00
1.585804e-03 2.288922e-04 4.019993e-01 1.575000e+00 5.000000e-01 0.000000e+00
1.238781e-03 2.009583e-04 4.019993e-01 1.625000e+00 5.000000e-01 0.000000e+00
1.160132e-03 1.933568e-04 4.019993e-01 1.675000e+00 5.000000e-01 0.000000e+00
1.080808e-03 1.853589e-04 4.019993e-01 1.725000e+00 5.000000e-01 0.000000e+00
1.067393e-03 1.830585e-04 4.019993e-01 1.775000e+00 5.000000e-01 0.000000e+00
1.305002e-03 2.013682e-04 4.019993e-01 1.825000e+00 5.000000e-01 0.000000e+00
1.031918e-03 1.769740e-04 4.019993e-01 1.875000e+00 5.000000e-01 0.000000e+00
8.914612e-04 1.627604e-04 4.019993e-01 1.925000e+00 5.000000e-01 0.000000e+00
1.180084e-03 1.865903e-04 4.019993e-01 1.975000e+00 5.000000e-01 0.000000e+00
1.149549e-03 1.817619e-04 4.019993e-01 2.025000e+00 5.000000e-01 0.000000e+00
4.539372e-04 1.134858e-04 4.019993e-01 2.075000e+00 5.000000e-01 0.000000e+00
6.146364e-04 1.310435e-04 4.019993e-01 2.125000e+00 5.000000e-01 0.000000e+00
8.133869e-04 1.485063e-04 4.019993e-01 2.175000e+00 5.000000e-01 0.000000e+00
4.783540e-04 1.127515e-04 4.019993e-01 2.225000e+00 5.000000e-01 0.000000e+00
4.722156e-04 1.113050e-04 4.019993e-01 2.275000e+00 5.000000e-01 0.000000e+00
4.592575e-04 1.082500e-04 4.019993e-01 2.325000e+00 5.000000e-01 0.000000e+00
3.503006e-04 9.362402e-05 4.019993e-01 2.375000e+00 5.000000e-01 0.000000e+00
6.294664e-04 1.234531e-04 4.019993e-01 2.425000e+00 5.000000e-01 0.000000e+00
2.819397e-04 8.139175e-05 4.019993e-01 2.475000e+00 5.000000e-01 0.000000e+00
4.602920e-04 1.029276e-04 4.019993e-01 2.525000e+00 5.000000e-01 0.000000e+00
3.106316e-04 8.302250e-05 4.019993e-01 2.575000e+00 5.000000e-01 0.000000e+00
1.720082e-04 6.081625e-05 4.019993e-01 2.625000e+00 5.000000e-01 0.000000e+00
5.397677e-04 1.058647e-04 4.019993e-01 2.675000e+00 5.000000e-01 0.000000e+00
5.965179e-04 1.089148e-04 4.019993e-01 2.725000e+00 5.000000e-01 0.000000e+00
1.097539e-03 1.441255e-04 4.019993e-01 2.775000e+00 5.000000e-01 0.000000e+00
8.365973e-04 1.207608e-04 4.019993e-01 2.825000e+00 5.000000e-01 0.000000e+00
1.269411e-03 1.419430e-04 4.019993e-01 2.875000e+00 5.000000e-01 0.000000e+00
5.146009e-01 4.677813e-03 4.119993e-01 2.500000e-02 5.000000e-01 0.000000e+00
1.019480e-01 2.088856e-03 4.119993e-01 7.500000e-02 5.000000e-01 0.000000e+00
3.736430e-03 3.938552e-04 4.119993e-01 1.250000e-01 5.000000e-01 0.000000e+00
2.220747e-03 3.079630e-04 4.119993e-01 1.750000e-01 5.000000e-01 0.000000e+00
1.824862e-03 2.751088e-04 4.119993e-01 2.250000e-01 5.000000e-01 0.000000e+00
1.259661e-03 2.299819e-04 4.119993e-01 2.750000e-01 5.000000e-01 0.000000e+00
1.476698e-03 2.461170e-04 4.119993e-01 3.250000e-01 5.000000e-01 0.000000e+00
1.409785e-03 2.417767e-04 4.119993e-01 3.750000e-01 5.000000e-01 0.000000e+00
1.139344e-03 2.153161e-04 4.119993e-01 4.250000e-01 5.000000e-01 0.000000e+00
1.855992e-03 2.736521e-04 4.119993e-01 4.750000e-01 5.000000e-01 0.000000e+00
1.210363e-03 2.209817e-04 4.119993e-01 5.250000e-01 5.000000e-01 0.000000e+00
1.280906e-03 2.264349e-04 4.119993e-01 5.750000e-01 5.000000e-01 0.000000e+00
1.506608e-03 2.444049e-04 4.119993e-01 6.250000e-01 5.000000e-01 0.000000e+00
1.170646e-03 2.137305e-04 4.119993e-01 6.750000e-01 5.000000e-01 0.000000e+00
1.332179e-03 2.284675e-04 4.119993e-01 7.250000e-01 5.000000e-01 0.000000e+00
2.172454e-03 2.903079e-04 4.119993e-01 7.750000e-01 5.000000e-01 0.000000e+00
2.220162e-03 2.915225e-04 4.119993e-01 8.250000e-01 5.000000e-01 0.000000e+00
1.851388e-03 2.672261e-04 4.119993e-01 8.750000e-01 5.000000e-01 0.000000e+00
1.976447e-03 2.740847e-04 4.119993e-01 9.250000e-01 5.000000e-01 0.000000e+00
3.077722e-03 3.398793e-04 4.119993e-01 9.750000e-01 5.000000e-01 0.000000e+00
3.259039e-03 3.474163e-04 4.119993e-01 1.025000e+00 5.000000e-01 0.000000e+00
2.238992e-03 2.890541e-04 4.119993e-01 1.075000e+00 5.000000e-01 0.000000e+00
1.621614e-03 2.444688e-04 4.119993e-01 1.125000e+00 5.000000e-01 0.000000e+00
2.980899e-03 3.291868e-04 4.119993e-01 1.175000e+00 5.000000e-01 0.000000e+00
2.355657e-03 2.899626e-04 4.119993e-01 1.225000e+00 5.000000e-01 0.000000e+00
2.213053e-03 2.810603e-04 4.119993e-01 1.275000e+00 5.000000e-01 0.000000e+00
2.388552e-03 2.896569e-04 4.119993e-01 1.325000e+00 5.000000e-01 0.000000e+00
1.600034e-03 2.359137e-04 4.119993e-01 1.375000e+00 5.000000e-01 0.000000e+00
1.787829e-03 2.479302e-04 4.119993e-01 1.425000e+00 5.000000e-01 0.000000e+00
1.574074e-03 2.320859e-04 4.119993e-01 1.475000e+00 5.000000e-01 0.000000e+00
1.556437e-03 2.294856e-04 4.119993e-01 1.525000e+00 5.000000e-01 0.000000e+00
1.124299e-03 1.928176e-04 4.119993e-01 1.575000e+00 5.000000e-01 0.000000e+00
2.088721e-03 2.610921e-04 4.119993e-01 1.625000e+00 5.000000e-01 0.000000e+00
1.753534e-03 2.386277e-04 4.119993e-01 1.675000e+00 5.000000e-01 0.000000e+00
1.222021e-03 1.982398e-04 4.119993e-01 1.725000e+00 5.000000e-01 0.000000e+00
1.256209e-03 1.986264e-04 4.119993e-01 1.775000e+00 5.000000e-01 0.000000e+00
1.054290e-03 1.808116e-04 4.119993e-01 1.825000e+00 5.000000e-01 0.000000e+00
9.110494e-04 1.663365e-04 4.119993e-01 1.875000e+00 5.000000e-01 0.000000e+00
9.471328e-04 1.674331e-04 4.119993e-01 1.925000e+00 5.000000e-01 0.000000e+00
9.447658e-04 1.670139e-04 4.119993e-01 1.975000e+00 5.000000e-01 0.000000e+00
7.584727e-04 1.487498e-04 4.119993e-01 2.025000e+00 5.000000e-01 0.000000e+00
9.698699e-04 1.663342e-04 4.119993e-01 2.075000e+00 5.000000e-01 0.000000e+00
7.860220e-04 1.485473e-04 4.119993e-01 2.125000e+00 5.000000e-01 0.000000e+00
7.146761e-04 1.401610e-04 4.119993e-01 2.175000e+00 5.000000e-01 0.000000e+00
5.916210e-04 1.261363e-04 4.119993e-01 2.225000e+00 5.000000e-01 0.000000e+00
5.755836e-04 1.227164e-04 4.119993e-01 2.275000e+00 5.000000e-01 0.000000e+00
3.610308e-04 9.649112e-05 4.119993e-01 2.325000e+00 5.000000e-01 0.000000e+00
2.490164e-04 7.874663e-05 4.119993e-01 2.375000e+00 5.000000e-01 0.000000e+00
1.949364e-04 6.892281e-05 4.119993e-01 2.425000e+00 5.000000e-01 0.000000e+00
3.788968e-04 9.472728e-05 4.119993e-01 2.475000e+00 5.000000e-01 0.000000e+00
4.629176e-04 1.035149e-04 4.119993e-01 2.525000e+00 5.000000e-01 0.000000e+00
7.138292e-04 1.261936e-04 4.119993e-01 2.575000e+00 5.000000e-01 0.000000e+00
5.159997e-04 1.053352e-04 4.119993e-01 2.625000e+00 5.000000e-01 0.000000e+00
5.405624e-04 1.060184e-04 4.119993e-01 2.675000e+00 5.000000e-01 0.000000e+00
7.181502e-04 1.196991e-04 4.119993e-01 2.725000e+00 5.000000e-01 0.000000e+00
7.030398e-04 1.140549e-04 4.119993e-01 2.775000e+00 5.000000e-01 0.000000e+00
1.258715e-03 1.463385e-04 4.119993e-01 2.825000e+00 5.000000e-01 0.000000e+00
6.464617e-04 9.976576e-05 4.119993e-01 2.875000e+00 5.000000e-01 0.000000e+00
5.160870e-01 4.678582e-03 4.219993e-01 2.500000e-02 5.000000e-01 0.000000e+00
1.035192e-01 2.117497e-03 4.219993e-01 7.500000e-02 5.000000e-01 0.000000e+00
3.537155e-03 3.859359e-04 4.219993e-01 1.250000e-01 5.000000e-01 0.000000e+00
2.047458e-03 2.955259e-04 4.219993e-01 1.750000e-01 5.000000e-01 0.000000e+00
1.414038e-03 2.425062e-04 4.219993e-01 2.250000e-01 5.000000e-01 0.000000e+00
1.094090e-03 2.145693e-04 4.219993e-01 2.750000e-01 5.000000e-01 0.000000e+00
1.676555e-03 2.650875e-04 4.219993e-01 3.250000e-01 5.000000e-01 0.000000e+00
1.383330e-03 2.372398e-04 4.219993e-01 3.750000e-01 5.000000e-01 0.000000e+00
1.326218e-03 2.344451e-04 4.219993e-01 4.250000e-01 5.000000e-01 0.000000e+00
1.209950e-03 2.209063e-04 4.219993e-01 4.750000e-01 5.000000e-01 0.000000e+00
1.062392e-03 2.083528e-04 4.219993e-01 5.250000e-01 5.000000e-01 0.000000e+00
1.658300e-03 2.558820e-04 4.219993e-01 5.750000e-01 5.000000e-01 0.000000e+00
1.200863e-03 2.192476e-04 4.219993e-01 6.250000e-01 5.000000e-01 0.000000e+00
1.654642e-03 2.553178e-04 4.219993e-01 6.750000e-01 5.000000e-01 0.000000e+00
1.340132e-03 2.298319e-04 4.219993e-01 7.250000e-01 5.000000e-01 0.000000e+00
1.767839e-03 2.606549e-04 4.219993e-01 7.750000e-01 5.000000e-01 0.000000e+00
2.101563e-03 2.859877e-04 4.219993e-01 8.250000e-01 5.000000e-01 0.000000e+00
2.986771e-03 3.381864e-04 4.219993e-01 8.750000e-01 5.000000e-01 0.000000e+00
2.526316e-03 3.109693e-04 4.219993e-01 9.250000e-01 5.000000e-01 0.000000e+00
2.769050e-03 3.218968e-04 4.219993e-01 9.750000e-01 5.000000e-01 0.000000e+00
3.898236e-03 3.822554e-04 4.219993e-01 1.025000e+00 5.000000e-01 0.000000e+00
2.453352e-03 3.019878e-04 4.219993e-01 1.075000e+00 5.000000e-01 0.000000e+00
2.498600e-03 3.030015e-04 4.219993e-01 1.125000e+00 5.000000e-01 0.000000e+00
2.629672e-03 3.099118e-04 4.219993e-01 1.175000e+00 5.000000e-01 0.000000e+00
2.746625e-03 3.150615e-04 4.219993e-01 1.225000e+00 5.000000e-01 0.000000e+00
2.005625e-03 2.680143e-04 4.219993e-01 1.275000e+00 5.000000e-01 0.000000e+00
1.768415e-03 2.500934e-04 4.219993e-01 1.325000e+00 5.000000e-01 0.000000e+00
2.016604e-03 2.647946e-04 4.219993e-01 1.375000e+00 5.000000e-01 0.000000e+00
1.936768e-03 2.588135e-04 4.219993e-01 1.425000e+00 5.000000e-01 0.000000e+00
2.262684e-03 2.785191e-04 4.219993e-01 1.475000e+00 5.000000e-01 0.000000e+00
1.693758e-03 2.395355e-04 4.219993e-01 1.525000e+00 5.000000e-01 0.000000e+00
1.332390e-03 2.106707e-04 4.219993e-01 1.575000e+00 5.000000e-01 0.000000e+00
1.120398e-03 1.921483e-04 4.219993e-01 1.625000e+00 5.000000e-01 0.000000e+00
1.625348e-03 2.298612e-04 4.219993e-01 1.675000e+00 5.000000e-01 0.000000e+00
1.604822e-03 2.269584e-04 4.219993e-01 1.725000e+00 5.000000e-01 0.000000e+00
1.844669e-03 2.422192e-04 4.219993e-01 1.775000e+00 5.000000e-01 0.000000e+00
1.361771e-03 2.052966e-04 4.219993e-01 1.825000e+00 5.000000e-01 0.000000e+00
8.511116e-04 1.608476e-04 4.219993e-01 1.875000e+00 5.000000e-01 0.000000e+00
1.254043e-03 1.935053e-04 4.219993e-01 1.925000e+00 5.000000e-01 0.000000e+00
7.681839e-04 1.506550e-04 4.219993e-01 1.975000e+00 5.000000e-01 0.000000e+00
7.579431e-04 1.486471e-04 4.219993e-01 2.025000e+00 5.000000e-01 0.000000e+00
9.781947e-04 1.677612e-04 4.219993e-01 2.075000e+00 5.000000e-01 0.000000e+00
9.569522e-04 1.641187e-04 4.219993e-01 2.125000e+00 5.000000e-01 0.000000e+00
8.867815e-04 1.567658e-04 4.219993e-01 2.175000e+00 5.000000e-01 0.000000e+00
6.504684e-04 1.327787e-04 4.219993e-01 2.225000e+00 5.000000e-01 0.000000e+00
4.243323e-04 1.060852e-04 4.219993e-01 2.275000e+00 5.000000e-01 0.000000e+00
4.647961e-04 1.095581e-04 4.219993e-01 2.325000e+00 5.000000e-01 0.000000e+00
3.523498e-04 9.417094e-05 4.219993e-01 2.375000e+00 5.000000e-01 0.000000e+00
5.874998e-04 1.199249e-04 4.219993e-01 2.425000e+00 5.000000e-01 0.000000e+00
3.322187e-04 8.879151e-05 4.219993e-01 2.475000e+00 5.000000e-01 0.000000e+00
6.433014e-04 1.215771e-04 4.219993e-01 2.525000e+00 5.000000e-01 0.000000e+00
7.154704e-04 1.264862e-04 4.219993e-01 2.575000e+00 5.000000e-01 0.000000e+00
3.860514e-04 9.099906e-05 4.219993e-01 2.625000e+00 5.000000e-01 0.000000e+00
5.011817e-04 1.023078e-04 4.219993e-01 2.675000e+00 5.000000e-01 0.000000e+00
8.243802e-04 1.272168e-04 4.219993e-01 2.725000e+00 5.000000e-01 0.000000e+00
6.153972e-04 1.055495e-04 4.219993e-01 2.775000e+00 5.000000e-01 0.000000e+00
1.080425e-03 1.330010e-04 4.219993e-01 2.825000e+00 5.000000e-01 0.000000e+00
9.528517e-04 1.210307e-04 4.219993e-01 2.875000e+00 5.000000e-01 0.000000e+00
5.130619e-01 4.713153e-03 4.319993e-01 2.500000e-02 5.000000e-01 0.000000e+00
1.084993e-01 2.159647e-03 4.319993e-01 7.500000e-02 5.000000e-01 0.000000e+00
4.873160e-03 4.524626e-04 4.319993e-01 1.250000e-01 5.000000e-01 0.000000e+00
1.446735e-03 2.481136e-04 4.319993e-01 1.750000e-01 5.000000e-01 0.000000e+00
1.283444e-03 2.343244e-04 4.319993e-01 2.250000e-01 5.000000e-01 0.000000e+00
1.237017e-03 2.258476e-04 4.319993e-01 2.750000e-01 5.000000e-01 0.000000e+00
1.604720e-03 2.603206e-04 4.319993e-01 3.250000e-01 5.000000e-01 0.000000e+00
1.647934e-03 2.605619e-04 4.319993e-01 3.750000e-01 5.000000e-01 0.000000e+00
1.665046e-03 2.632678e-04 4.319993e-01 4.250000e-01 5.000000e-01 0.000000e+00
1.213013e-03 2.214656e-04 4.319993e-01 4.750000e-01 5.000000e-01 0.000000e+00
1.061214e-03 2.081216e-04 4.319993e-01 5.250000e-01 5.000000e-01 0.000000e+00
1.299080e-03 2.296474e-04 4.319993e-01 5.750000e-01 5.000000e-01 0.000000e+00
1.355645e-03 2.324924e-04 4.319993e-01 6.250000e-01 5.000000e-01 0.000000e+00
1.421868e-03 2.369789e-04 4.319993e-01 6.750000e-01 5.000000e-01 0.000000e+00
1.803952e-03 2.659790e-04 4.319993e-01 7.250000e-01 5.000000e-01 0.000000e+00
1.901868e-03 2.745119e-04 4.319993e-01 7.750000e-01 5.000000e-01 0.000000e+00
1.701142e-03 2.564579e-04 4.319993e-01 8.250000e-01 5.000000e-01 0.000000e+00
2.556875e-03 3.147306e-04 4.319993e-01 8.750000e-01 5.000000e-01 0.000000e+00
2.283244e-03 2.947668e-04 4.319993e-01 9.250000e-01 5.000000e-01 0.000000e+00
3.605348e-03 3.718655e-04 4.319993e-01 9.750000e-01 5.000000e-01 0.000000e+00
2.847667e-03 3.266514e-04 4.319993e-01 1.025000e+00 5.000000e-01 0.000000e+00
2.821780e-03 3.236822e-04 4.319993e-01 1.075000e+00 5.000000e-01 0.000000e+00
2.271196e-03 2.884436e-04 4.319993e-01 1.125000e+00 5.000000e-01 0.000000e+00
3.097349e-03 3.379499e-04 4.319993e-01 1.175000e+00 5.000000e-01 0.000000e+00
3.130717e-03 3.375958e-04 4.319993e-01 1.225000e+00 5.000000e-01 0.000000e+00
1.719811e-03 2.482349e-04 4.319993e-01 1.275000e+00 5.000000e-01 0.000000e+00
1.554898e-03 2.344111e-04 4.319993e-01 1.325000e+00 5.000000e-01 0.000000e+00
2.238740e-03 2.798440e-04 4.319993e-01 1.375000e+00 5.000000e-01 0.000000e+00
1.480142e-03 2.283923e-04 4.319993e-01 1.425000e+00 5.000000e-01 0.000000e+00
1.438217e-03 2.219235e-04 4.319993e-01 1.475000e+00 5.000000e-01 0.000000e+00
1.019758e-03 1.861831e-04 4.319993e-01 1.525000e+00 5.000000e-01 0.000000e+00
1.927975e-03 2.531578e-04 4.319993e-01 1.575000e+00 5.000000e-01 0.000000e+00
1.187675e-03 1.979476e-04 4.319993e-01 1.625000e+00 5.000000e-01 0.000000e+00
1.640459e-03 2.319983e-04 4.319993e-01 1.675000e+00 5.000000e-01 0.000000e+00
1.027308e-03 1.816055e-04 4.319993e-01 1.725000e+00 5.000000e-01 0.000000e+00
8.907239e-04 1.683327e-04 4.319993e-01 1.775000e+00 5.000000e-01 0.000000e+00
1.617654e-03 2.243300e-04 4.319993e-01 1.825000e+00 5.000000e-01 0.000000e+00
9.735479e-04 1.721031e-04 4.319993e-01 1.875000e+00 5.000000e-01 0.000000e+00
1.391339e-03 2.051446e-04 4.319993e-01 1.925000e+00 5.000000e-01 0.000000e+00
7.121424e-04 1.453662e-04 4.319993e-01 1.975000e+00 5.000000e-01 0.000000e+00
8.737622e-04 1.595278e-04 4.319993e-01 2.025000e+00 5.000000e-01 0.000000e+00
1.028682e-03 1.714490e-04 4.319993e-01 2.075000e+00 5.000000e-01 0.000000e+00
6.188462e-04 1.319400e-04 4.319993e-01 2.125000e+00 5.000000e-01 0.000000e+00
7.158934e-04 1.403997e-04 4.319993e-01 2.175000e+00 5.000000e-01 0.000000e+00
7.071243e-04 1.386817e-04 4.319993e-01 2.225000e+00 5.000000e-01 0.000000e+00
7.363251e-04 1.391559e-04 4.319993e-01 2.275000e+00 5.000000e-01 0.000000e+00
8.751837e-04 1.500977e-04 4.319993e-01 2.325000e+00 5.000000e-01 0.000000e+00
7.562620e-04 1.380793e-04 4.319993e-01 2.375000e+00 5.000000e-01 0.000000e+00
3.430757e-04 9.169311e-05 4.319993e-01 2.425000e+00 5.000000e-01 0.000000e+00
4.782809e-04 1.069518e-04 4.319993e-01 2.475000e+00 5.000000e-01 0.000000e+00
6.506733e-04 1.229730e-04 4.319993e-01 2.525000e+00 5.000000e-01 0.000000e+00
6.254994e-04 1.182150e-04 4.319993e-01 2.575000e+00 5.000000e-01 0.000000e+00
5.638303e-04 1.105831e-04 4.319993e-01 2.625000e+00 5.000000e-01 0.000000e+00
4.120014e-04 9.213261e-05 4.319993e-01 2.675000e+00 5.000000e-01 0.000000e+00
6.476727e-04 1.110844e-04 4.319993e-01 2.725000e+00 5.000000e-01 0.000000e+00
8.364347e-04 1.207399e-04 4.319993e-01 2.775000e+00 5.000000e-01 0.000000e+00
8.725248e-04 1.187496e-04 4.319993e-01 2.825000e+00 5.000000e-01 0.000000e+00
1.147015e-03 1.333549e-04 4.319993e-01 2.875000e+00 5.000000e-01 0.000000e+00
5.059035e-01 4.641521e-03 4.419993e-01 2.500000e-02 5.000000e-01 0.000000e+00
1.069954e-01 2.158115e-03 4.419993e-01 7.500000e-02 5.000000e-01 0.000000e+00
3.915951e-03 4.082673e-04 4.419993e-01 1.250000e-01 5.000000e-01 0.000000e+00
2.387771e-03 3.190801e-04 4.419993e-01 1.750000e-01 5.000000e-01 0.000000e+00
1.888203e-03 2.846580e-04 4.419993e-01 2.250000e-01 5.000000e-01 0.000000e+00
1.084951e-03 2.127770e-04 4.419993e-01 2.750000e-01 5.000000e-01 0.000000e+00
1.186649e-03 2.242564e-04 4.419993e-01 3.250000e-01 5.000000e-01 0.000000e+00
9.836854e-04 2.007944e-04 4.419993e-01 3.750000e-01 5.000000e-01 0.000000e+00
1.589325e-03 2.578235e-04 4.419993e-01 4.250000e-01 5.000000e-01 0.000000e+00
1.246209e-03 2.275262e-04 4.419993e-01 4.750000e-01 5.000000e-01 0.000000e+00
1.463216e-03 2.438704e-04 4.419993e-01 5.250000e-01 5.000000e-01 0.000000e+00
9.824866e-04 2.005498e-04 4.419993e-01 5.750000e-01 5.000000e-01 0.000000e+00
1.505290e-03 2.441910e-04 4.419993e-01 6.250000e-01 5.000000e-01 0.000000e+00
9.677523e-04 1.975422e-04 4.419993e-01 6.750000e-01 5.000000e-01 0.000000e+00
9.456171e-04 1.930238e-04 4.419993e-01 7.250000e-01 5.000000e-01 0.000000e+00
1.421825e-03 2.369719e-04 4.419993e-01 7.750000e-01 5.000000e-01 0.000000e+00
2.721551e-03 3.252892e-04 4.419993e-01 8.250000e-01 5.000000e-01 0.000000e+00
2.321790e-03 2.997435e-04 4.419993e-01 8.750000e-01 5.000000e-01 0.000000e+00
2.076876e-03 2.826283e-04 4.419993e-01 9.250000e-01 5.000000e-01 0.000000e+00
2.439104e-03 3.048894e-04 4.419993e-01 9.750000e-01 5.000000e-01 0.000000e+00
2.715302e-03 3.200026e-04 4.419993e-01 1.025000e+00 5.000000e-01 0.000000e+00
2.985821e-03 3.338263e-04 4.419993e-01 1.075000e+00 5.000000e-01 0.000000e+00
2.533475e-03 3.072309e-04 4.419993e-01 1.125000e+00 5.000000e-01 0.000000e+00
1.993306e-03 2.712562e-04 4.419993e-01 1.175000e+00 5.000000e-01 0.000000e+00
1.825634e-03 2.581855e-04 4.419993e-01 1.225000e+00 5.000000e-01 0.000000e+00
2.223749e-03 2.824181e-04 4.419993e-01 1.275000e+00 5.000000e-01 0.000000e+00
2.058496e-03 2.702954e-04 4.419993e-01 1.325000e+00 5.000000e-01 0.000000e+00
1.481475e-03 2.285976e-04 4.419993e-01 1.375000e+00 5.000000e-01 0.000000e+00
1.898003e-03 2.582874e-04 4.419993e-01 1.425000e+00 5.000000e-01 0.000000e+00
1.586647e-03 2.339399e-04 4.419993e-01 1.475000e+00 5.000000e-01 0.000000e+00
1.158225e-03 1.986358e-04 4.419993e-01 1.525000e+00 5.000000e-01 0.000000e+00
1.342070e-03 2.122018e-04 4.419993e-01 1.575000e+00 5.000000e-01 0.000000e+00
1.252300e-03 2.031514e-04 4.419993e-01 1.625000e+00 5.000000e-01 0.000000e+00
1.173962e-03 1.956620e-04 4.419993e-01 1.675000e+00 5.000000e-01 0.000000e+00
1.550196e-03 2.237539e-04 4.419993e-01 1.725000e+00 5.000000e-01 0.000000e+00
1.837456e-03 2.412724e-04 4.419993e-01 1.775000e+00 5.000000e-01 0.000000e+00
9.992516e-04 1.766464e-04 4.419993e-01 1.825000e+00 5.000000e-01 0.000000e+00
9.945355e-04 1.758129e-04 4.419993e-01 1.875000e+00 5.000000e-01 0.000000e+00
1.028719e-03 1.764263e-04 4.419993e-01 1.925000e+00 5.000000e-01 0.000000e+00
1.016011e-03 1.742457e-04 4.419993e-01 1.975000e+00 5.000000e-01 0.000000e+00
8.243449e-04 1.557886e-04 4.419993e-01 2.025000e+00 5.000000e-01 0.000000e+00
7.484335e-04 1.467818e-04 4.419993e-01 2.075000e+00 5.000000e-01 0.000000e+00
7.907934e-04 1.494485e-04 4.419993e-01 2.125000e+00 5.000000e-01 0.000000e+00
8.320595e-04 1.519155e-04 4.419993e-01 2.175000e+00 5.000000e-01 0.000000e+00
3.265551e-04 9.427045e-05 4.419993e-01 2.225000e+00 5.000000e-01 0.000000e+00
7.438210e-04 1.405713e-04 4.419993e-01 2.275000e+00 5.000000e-01 0.000000e+00
5.195008e-04 1.161659e-04 4.419993e-01 2.325000e+00 5.000000e-01 0.000000e+00
4.047815e-04 1.011974e-04 4.419993e-01 2.375000e+00 5.000000e-01 0.000000e+00
4.933611e-04 1.103229e-04 4.419993e-01 2.425000e+00 5.000000e-01 0.000000e+00
4.802151e-04 1.073837e-04 4.419993e-01 2.475000e+00 5.000000e-01 0.000000e+00
2.313724e-04 7.316874e-05 4.419993e-01 2.525000e+00 5.000000e-01 0.000000e+00
4.488424e-04 1.003688e-04 4.419993e-01 2.575000e+00 5.000000e-01 0.000000e+00
7.306821e-04 1.253153e-04 4.419993e-01 2.625000e+00 5.000000e-01 0.000000e+00
4.819887e-04 9.838915e-05 4.419993e-01 2.675000e+00 5.000000e-01 0.000000e+00
7.701670e-04 1.188482e-04 4.419993e-01 2.725000e+00 5.000000e-01 0.000000e+00
8.555333e-04 1.210015e-04 4.419993e-01 2.775000e+00 5.000000e-01 0.000000e+00
7.471125e-04 1.101711e-04 4.419993e-01 2.825000e+00 5.000000e-01 0.000000e+00
9.652065e-04 1.226004e-04 4.419993e-01 2.875000e+00 5.000000e-01 0.000000e+00
5.031126e-01 4.707139e-03 4.519992e-01 2.500000e-02 5.000000e-01 0.000000e+00
1.065084e-01 2.145676e-03 4.519992e-01 7.500000e-02 5.000000e-01 0.000000e+00
4.147680e-03 4.233218e-04 4.519992e-01 1.250000e-01 5.000000e-01 0.000000e+00
1.878785e-03 2.832380e-04 4.519992e-01 1.750000e-01 5.000000e-01 0.000000e+00
1.382207e-03 2.443426e-04 4.519992e-01 2.250000e-01 5.000000e-01 0.000000e+00
1.087318e-03 2.132411e-04 4.519992e-01 2.750000e-01 5.000000e-01 0.000000e+00
1.517940e-03 2.529908e-04 4.519992e-01 3.250000e-01 5.000000e-01 0.000000e+00
1.533176e-03 2.555302e-04 4.519992e-01 3.750000e-01 5.000000e-01 0.000000e+00
1.804292e-03 2.720079e-04 4.519992e-01 4.250000e-01 5.000000e-01 0.000000e+00
8.410889e-04 1.880737e-04 4.519992e-01 4.750000e-01 5.000000e-01 0.000000e+00
1.370548e-03 2.350475e-04 4.519992e-01 5.250000e-01 5.000000e-01 0.000000e+00
9.004540e-04 1.919779e-04 4.519992e-01 5.750000e-01 5.000000e-01 0.000000e+00
1.532406e-03 2.485899e-04 4.519992e-01 6.250000e-01 5.000000e-01 0.000000e+00
1.277587e-03 2.258485e-04 4.519992e-01 6.750000e-01 5.000000e-01 0.000000e+00
8.795891e-04 1.875294e-04 4.519992e-01 7.250000e-01 5.000000e-01 0.000000e+00
2.025422e-03 2.808764e-04 4.519992e-01 7.750000e-01 5.000000e-01 0.000000e+00
1.590219e-03 2.514364e-04 4.519992e-01 8.250000e-01 5.000000e-01 0.000000e+00
2.477510e-03 3.096897e-04 4.519992e-01 8.750000e-01 5.000000e-01 0.000000e+00
1.636227e-03 2.524765e-04 4.519992e-01 9.250000e-01 5.000000e-01 0.000000e+00
2.931692e-03 3.319504e-04 4.519992e-01 9.750000e-01 5.000000e-01 0.000000e+00
2.665755e-03 3.186199e-04 4.519992e-01 1.025000e+00 5.000000e-01 0.000000e+00
3.004986e-03 3.359686e-04 4.519992e-01 1.075000e+00 5.000000e-01 0.000000e+00
2.793445e-03 3.247334e-04 4.519992e-01 1.125000e+00 5.000000e-01 0.000000e+00
2.361520e-03 2.951914e-04 4.519992e-01 1.175000e+00 5.000000e-01 0.000000e+00
2.340582e-03 2.925746e-04 4.519992e-01 1.225000e+00 5.000000e-01 0.000000e+00
2.726159e-03 3.127131e-04 4.519992e-01 1.275000e+00 5.000000e-01 0.000000e+00
2.354367e-03 2.898045e-04 4.519992e-01 1.325000e+00 5.000000e-01 0.000000e+00
1.784252e-03 2.523327e-04 4.519992e-01 1.375000e+00 5.000000e-01 0.000000e+00
1.759206e-03 2.487911e-04 4.519992e-01 1.425000e+00 5.000000e-01 0.000000e+00
1.729141e-03 2.445394e-04 4.519992e-01 1.475000e+00 5.000000e-01 0.000000e+00
1.778128e-03 2.465834e-04 4.519992e-01 1.525000e+00 5.000000e-01 0.000000e+00
1.270562e-03 2.061138e-04 4.519992e-01 1.575000e+00 5.000000e-01 0.000000e+00
2.053856e-03 2.608429e-04 4.519992e-01 1.625000e+00 5.000000e-01 0.000000e+00
1.746482e-03 2.376680e-04 4.519992e-01 1.675000e+00 5.000000e-01 0.000000e+00
1.683598e-03 2.334754e-04 4.519992e-01 1.725000e+00 5.000000e-01 0.000000e+00
1.090089e-03 1.869508e-04 4.519992e-01 1.775000e+00 5.000000e-01 0.000000e+00
8.857440e-04 1.673918e-04 4.519992e-01 1.825000e+00 5.000000e-01 0.000000e+00
1.123077e-03 1.871821e-04 4.519992e-01 1.875000e+00 5.000000e-01 0.000000e+00
8.585131e-04 1.622456e-04 4.519992e-01 1.925000e+00 5.000000e-01 0.000000e+00
8.414237e-04 1.590157e-04 4.519992e-01 1.975000e+00 5.000000e-01 0.000000e+00
7.114778e-04 1.452307e-04 4.519992e-01 2.025000e+00 5.000000e-01 0.000000e+00
8.673384e-04 1.583557e-04 4.519992e-01 2.075000e+00 5.000000e-01 0.000000e+00
7.987716e-04 1.509565e-04 4.519992e-01 2.125000e+00 5.000000e-01 0.000000e+00
5.579462e-04 1.247628e-04 4.519992e-01 2.175000e+00 5.000000e-01 0.000000e+00
9.231515e-04 1.583215e-04 4.519992e-01 2.225000e+00 5.000000e-01 0.000000e+00
5.851813e-04 1.247636e-04 4.519992e-01 2.275000e+00 5.000000e-01 0.000000e+00
3.646038e-04 9.744828e-05 4.519992e-01 2.325000e+00 5.000000e-01 0.000000e+00
1.013641e-03 1.602755e-04 4.519992e-01 2.375000e+00 5.000000e-01 0.000000e+00
5.439546e-04 1.159747e-04 4.519992e-01 2.425000e+00 5.000000e-01 0.000000e+00
5.292406e-04 1.128381e-04 4.519992e-01 2.475000e+00 5.000000e-01 0.000000e+00
6.981083e-04 1.274635e-04 4.519992e-01 2.525000e+00 5.000000e-01 0.000000e+00
6.757585e-04 1.233777e-04 4.519992e-01 2.575000e+00 5.000000e-01 0.000000e+00
7.564686e-04 1.260861e-04 4.519992e-01 2.625000e+00 5.000000e-01 0.000000e+00
8.898601e-04 1.312101e-04 4.519992e-01 2.675000e+00 5.000000e-01 0.000000e+00
7.861463e-04 1.185228e-04 4.519992e-01 2.725000e+00 5.000000e-01 0.000000e+00
6.125363e-04 1.020990e-04 4.519992e-01 2.775000e+00 5.000000e-01 0.000000e+00
9.454064e-04 1.241518e-04 4.519992e-01 2.825000e+00 5.000000e-01 0.000000e+00
7.596297e-04 1.120135e-04 4.519992e-01 2.875000e+00 5.000000e-01 0.000000e+00
5.096921e-01 4.714937e-03 4.619992e-01 2.500000e-02 5.000000e-01 0.000000e+00
1.097338e-01 2.195557e-03 4.619992e-01 7.500000e-02 5.000000e-01 0.000000e+00
5.221118e-03 4.766219e-04 4.619992e-01 1.250000e-01 5.000000e-01 0.000000e+00
2.132674e-03 3.016063e-04 4.619992e-01 1.750000e-01 5.000000e-01 0.000000e+00
1.637655e-03 2.656634e-04 4.619992e-01 2.250000e-01 5.000000e-01 0.000000e+00
1.004670e-03 2.050781e-04 4.619992e-01 2.750000e-01 5.000000e-01 0.000000e+00
1.442978e-03 2.474692e-04 4.619992e-01 3.250000e-01 5.000000e-01 0.000000e+00
1.191120e-03 2.251011e-04 4.619992e-01 3.750000e-01 5.000000e-01 0.000000e+00
1.735118e-03 2.677354e-04 4.619992e-01 4.250000e-01 5.000000e-01 0.000000e+00
7.497140e-04 1.767099e-04 4.619992e-01 4.750000e-01 5.000000e-01 0.000000e+00
1.402267e-03 2.404877e-04 4.619992e-01 5.250000e-01 5.000000e-01 0.000000e+00
1.235026e-03 2.254846e-04 4.619992e-01 5.750000e-01 5.000000e-01 0.000000e+00
9.796472e-04 1.999705e-04 4.619992e-01 6.250000e-01 5.000000e-01 0.000000e+00
1.429928e-03 2.383221e-04 4.619992e-01 6.750000e-01 5.000000e-01 0.000000e+00
1.510459e-03 2.450296e-04 4.619992e-01 7.250000e-01 5.000000e-01 0.000000e+00
8.704594e-04 1.855829e-04 4.619992e-01 7.750000e-01 5.000000e-01 0.000000e+00
2.065441e-03 2.864261e-04 4.619992e-01 8.250000e-01 5.000000e-01 0.000000e+00
1.965236e-03 2.779272e-04 4.619992e-01 8.750000e-01 5.000000e-01 0.000000e+00
2.075760e-03 2.824766e-04 4.619992e-01 9.250000e-01 5.000000e-01 0.000000e+00
2.446402e-03 3.058017e-04 4.619992e-01 9.750000e-01 5.000000e-01 0.000000e+00
2.268267e-03 2.928330e-04 4.619992e-01 1.025000e+00 5.000000e-01 0.000000e+00
2.505579e-03 3.084166e-04 4.619992e-01 1.075000e+00 5.000000e-01 0.000000e+00
2.482608e-03 3.055899e-04 4.619992e-01 1.125000e+00 5.000000e-01 0.000000e+00
2.599451e-03 3.106951e-04 4.619992e-01 1.175000e+00 5.000000e-01 0.000000e+00
2.120224e-03 2.784006e-04 4.619992e-01 1.225000e+00 5.000000e-01 0.000000e+00
1.802823e-03 2.549594e-04 4.619992e-01 1.275000e+00 5.000000e-01 0.000000e+00
1.651126e-03 2.434462e-04 4.619992e-01 1.325000e+00 5.000000e-01 0.000000e+00
2.071621e-03 2.720187e-04 4.619992e-01 1.375000e+00 5.000000e-01 0.000000e+00
1.625881e-03 2.397247e-04 4.619992e-01 1.425000e+00 5.000000e-01 0.000000e+00
1.456372e-03 2.247246e-04 4.619992e-01 1.475000e+00 5.000000e-01 0.000000e+00
1.581189e-03 2.331354e-04 4.619992e-01 1.525000e+00 5.000000e-01 0.000000e+00
1.276694e-03 2.071089e-04 4.619992e-01 1.575000e+00 5.000000e-01 0.000000e+00
1.657645e-03 2.344287e-04 4.619992e-01 1.625000e+00 5.000000e-01 0.000000e+00
1.433360e-03 2.160895e-04 4.619992e-01 1.675000e+00 5.000000e-01 0.000000e+00
1.289429e-03 2.038786e-04 4.619992e-01 1.725000e+00 5.000000e-01 0.000000e+00
1.464362e-03 2.159105e-04 4.619992e-01 1.775000e+00 5.000000e-01 0.000000e+00
8.804013e-04 1.663817e-04 4.619992e-01 1.825000e+00 5.000000e-01 0.000000e+00
1.300301e-03 2.006433e-04 4.619992e-01 1.875000e+00 5.000000e-01 0.000000e+00
1.038373e-03 1.780822e-04 4.619992e-01 1.925000e+00 5.000000e-01 0.000000e+00
9.005929e-04 1.644280e-04 4.619992e-01 1.975000e+00 5.000000e-01 0.000000e+00
6.486495e-04 1.382938e-04 4.619992e-01 2.025000e+00 5.000000e-01 0.000000e+00
1.211636e-03 1.869633e-04 4.619992e-01 2.075000e+00 5.000000e-01 0.000000e+00
7.941291e-04 1.500801e-04 4.619992e-01 2.125000e+00 5.000000e-01 0.000000e+00
2.759676e-04 8.726978e-05 4.619992e-01 2.175000e+00 5.000000e-01 0.000000e+00
7.134907e-04 1.399299e-04 4.619992e-01 2.225000e+00 5.000000e-01 0.000000e+00
7.961915e-04 1.453683e-04 4.619992e-01 2.275000e+00 5.000000e-01 0.000000e+00
4.694712e-04 1.106575e-04 4.619992e-01 2.325000e+00 5.000000e-01 0.000000e+00
8.132965e-04 1.437757e-04 4.619992e-01 2.375000e+00 5.000000e-01 0.000000e+00
2.963578e-04 8.555581e-05 4.619992e-01 2.425000e+00 5.000000e-01 0.000000e+00
1.010096e-03 1.558673e-04 4.619992e-01 2.475000e+00 5.000000e-01 0.000000e+00
4.192199e-04 9.881756e-05 4.619992e-01 2.525000e+00 5.000000e-01 0.000000e+00
2.629117e-04 7.589784e-05 4.619992e-01 2.575000e+00 5.000000e-01 0.000000e+00
5.683018e-04 1.074041e-04 4.619992e-01 2.625000e+00 5.000000e-01 0.000000e+00
1.011070e-03 1.375988e-04 4.619992e-01 2.675000e+00 5.000000e-01 0.000000e+00
6.064897e-04 1.040191e-04 4.619992e-01 2.725000e+00 5.000000e-01 0.000000e+00
7.494001e-04 1.129877e-04 4.619992e-01 2.775000e+00 5.000000e-01 0.000000e+00
7.757290e-04 1.143899e-04 4.619992e-01 2.825000e+00 5.000000e-01 0.000000e+00
7.655314e-04 1.181358e-04 4.619992e-01 2.875000e+00 5.000000e-01 0.000000e+00
5.031890e-01 4.745387e-03 4.719992e-01 2.500000e-02 5.000000e-01 0.000000e+00
1.077791e-01 2.179250e-03 4.719992e-01 7.500000e-02 5.000000e-01 0.000000e+00
4.629181e-03 4.496269e-04 4.719992e-01 1.250000e-01 5.000000e-01 0.000000e+00
1.703842e-03 2.694017e-04 4.719992e-01 1.750000e-01 5.000000e-01 0.000000e+00
1.815203e-03 2.800926e-04 4.719992e-01 2.250000e-01 5.000000e-01 0.000000e+00
1.215373e-03 2.296844e-04 4.719992e-01 2.750000e-01 5.000000e-01 0.000000e+00
1.996583e-03 2.881827e-04 4.719992e-01 3.250000e-01 5.000000e-01 0.000000e+00
6.793489e-04 1.698377e-04 4.719992e-01 3.750000e-01 5.000000e-01 0.000000e+00
1.409742e-03 2.417696e-04 4.719992e-01 4.250000e-01 5.000000e-01 0.000000e+00
8.391552e-04 1.876412e-04 4.719992e-01 4.750000e-01 5.000000e-01 0.000000e+00
1.102000e-03 2.161206e-04 4.719992e-01 5.250000e-01 5.000000e-01 0.000000e+00
1.366440e-03 2.343435e-04 4.719992e-01 5.750000e-01 5.000000e-01 0.000000e+00
1.635400e-03 2.585802e-04 4.719992e-01 6.250000e-01 5.000000e-01 0.000000e+00
1.692800e-03 2.612057e-04 4.719992e-01 6.750000e-01 5.000000e-01 0.000000e+00
1.599586e-03 2.529178e-04 4.719992e-01 7.250000e-01 5.000000e-01 0.000000e+00
1.379100e-03 2.365144e-04 4.719992e-01 7.750000e-01 5.000000e-01 0.000000e+00
1.635575e-03 2.523755e-04 4.719992e-01 8.250000e-01 5.000000e-01 0.000000e+00
1.266224e-03 2.238396e-04 4.719992e-01 8.750000e-01 5.000000e-01 0.000000e+00
2.558510e-03 3.149320e-04 4.719992e-01 9.250000e-01 5.000000e-01 0.000000e+00
2.760203e-03 3.252942e-04 4.719992e-01 9.750000e-01 5.000000e-01 0.000000e+00
3.168187e-03 3.498696e-04 4.719992e-01 1.025000e+00 5.000000e-01 0.000000e+00
2.561001e-03 3.105683e-04 4.719992e-01 1.075000e+00 5.000000e-01 0.000000e+00
1.974222e-03 2.737767e-04 4.719992e-01 1.125000e+00 5.000000e-01 0.000000e+00
2.649659e-03 3.122669e-04 4.719992e-01 1.175000e+00 5.000000e-01 0.000000e+00
1.997981e-03 2.718920e-04 4.719992e-01 1.225000e+00 5.000000e-01 0.000000e+00
1.299400e-03 2.165672e-04 4.719992e-01 1.275000e+00 5.000000e-01 0.000000e+00
2.094758e-03 2.750574e-04 4.719992e-01 1.325000e+00 5.000000e-01 0.000000e+00
1.941104e-03 2.641525e-04 4.719992e-01 1.375000e+00 5.000000e-01 0.000000e+00
1.621784e-03 2.391203e-04 4.719992e-01 1.425000e+00 5.000000e-01 0.000000e+00
1.327762e-03 2.153935e-04 4.719992e-01 1.475000e+00 5.000000e-01 0.000000e+00
1.836928e-03 2.499767e-04 4.719992e-01 1.525000e+00 5.000000e-01 0.000000e+00
1.633120e-03 2.357221e-04 4.719992e-01 1.575000e+00 5.000000e-01 0.000000e+00
1.322071e-03 2.090402e-04 4.719992e-01 1.625000e+00 5.000000e-01 0.000000e+00
1.666073e-03 2.356196e-04 4.719992e-01 1.675000e+00 5.000000e-01 0.000000e+00
1.428053e-03 2.152892e-04 4.719992e-01 1.725000e+00 5.000000e-01 0.000000e+00
1.474968e-03 2.174749e-04 4.719992e-01 1.775000e+00 5.000000e-01 0.000000e+00
1.324628e-03 2.043972e-04 4.719992e-01 1.825000e+00 5.000000e-01 0.000000e+00
1.187699e-03 1.926716e-04 4.719992e-01 1.875000e+00 5.000000e-01 0.000000e+00
9.726622e-04 1.719463e-04 4.719992e-01 1.925000e+00 5.000000e-01 0.000000e+00
4.219288e-04 1.127662e-04 4.719992e-01 1.975000e+00 5.000000e-01 0.000000e+00
1.127179e-03 1.828559e-04 4.719992e-01 2.025000e+00 5.000000e-01 0.000000e+00
9.273483e-04 1.639364e-04 4.719992e-01 2.075000e+00 5.000000e-01 0.000000e+00
7.441656e-04 1.459446e-04 4.719992e-01 2.125000e+00 5.000000e-01 0.000000e+00
5.582158e-04 1.248233e-04 4.719992e-01 2.175000e+00 5.000000e-01 0.000000e+00
6.001470e-04 1.279549e-04 4.719992e-01 2.225000e+00 5.000000e-01 0.000000e+00
5.294138e-04 1.183817e-04 4.719992e-01 2.275000e+00 5.000000e-01 0.000000e+00
4.200745e-04 1.050212e-04 4.719992e-01 2.325000e+00 5.000000e-01 0.000000e+00
4.016741e-04 1.004207e-04 4.719992e-01 2.375000e+00 5.000000e-01 0.000000e+00
6.938630e-04 1.311318e-04 4.719992e-01 2.425000e+00 5.000000e-01 0.000000e+00
4.802627e-04 1.073931e-04 4.719992e-01 2.475000e+00 5.000000e-01 0.000000e+00
5.004057e-04 1.066905e-04 4.719992e-01 2.525000e+00 5.000000e-01 0.000000e+00
6.326898e-04 1.155200e-04 4.719992e-01 2.575000e+00 5.000000e-01 0.000000e+00
5.436852e-04 1.027519e-04 4.719992e-01 2.625000e+00 5.000000e-01 0.000000e+00
4.083561e-04 8.706997e-05 4.719992e-01 2.675000e+00 5.000000e-01 0.000000e+00
7.435557e-04 1.147427e-04 4.719992e-01 2.725000e+00 5.000000e-01 0.000000e+00
1.122550e-03 1.403322e-04 4.719992e-01 2.775000e+00 5.000000e-01 0.000000e+00
9.304096e-04 1.315908e-04 4.719992e-01 2.825000e+00 5.000000e-01 0.000000e+00
6.857656e-04 1.176155e-04 4.719992e-01 2.875000e+00 5.000000e-01 0.000000e+00
5.010939e-01 4.739984e-03 4.819992e-01 2.500000e-02 5.000000e-01 0.000000e+00
1.107320e-01 2.206713e-03 4.819992e-01 7.500000e-02 5.000000e-01 0.000000e+00
4.323979e-03 4.367886e-04 4.819992e-01 1.250000e-01 5.000000e-01 0.000000e+00
1.122467e-03 2.201341e-04 4.819992e-01 1.750000e-01 5.000000e-01 0.000000e+00
1.476340e-03 2.531908e-04 4.819992e-01 2.250000e-01 5.000000e-01 0.000000e+00
1.898609e-03 2.862271e-04 4.819992e-01 2.750000e-01 5.000000e-01 0.000000e+00
1.325262e-03 2.342763e-04 4.819992e-01 3.250000e-01 5.000000e-01 0.000000e+00
2.055561e-03 2.966955e-04 4.819992e-01 3.750000e-01 5.000000e-01 0.000000e+00
1.458020e-03 2.500493e-04 4.819992e-01 4.250000e-01 5.000000e-01 0.000000e+00
1.647622e-03 2.605126e-04 4.819992e-01 4.750000e-01 5.000000e-01 0.000000e+00
1.179929e-03 2.229863e-04 4.819992e-01 5.250000e-01 5.000000e-01 0.000000e+00
1.551954e-03 2.517607e-04 4.819992e-01 5.750000e-01 5.000000e-01 0.000000e+00
1.058782e-03 2.076446e-04 4.819992e-01 6.250000e-01 5.000000e-01 0.000000e+00
1.402693e-03 2.405604e-04 4.819992e-01 6.750000e-01 5.000000e-01 0.000000e+00
1.759278e-03 2.652220e-04 4.819992e-01 7.250000e-01 5.000000e-01 0.000000e+00
1.452516e-03 2.420869e-04 4.819992e-01 7.750000e-01 5.000000e-01 0.000000e+00
1.586518e-03 2.508516e-04 4.819992e-01 8.250000e-01 5.000000e-01 0.000000e+00
2.108135e-03 2.868821e-04 4.819992e-01 8.750000e-01 5.000000e-01 0.000000e+00
3.058119e-03 3.462649e-04 4.819992e-01 9.250000e-01 5.000000e-01 0.000000e+00
2.860173e-03 3.324900e-04 4.819992e-01 9.750000e-01 5.000000e-01 0.000000e+00
2.947072e-03 3.380539e-04 4.819992e-01 1.025000e+00 5.000000e-01 0.000000e+00
2.432000e-03 3.040015e-04 4.819992e-01 1.075000e+00 5.000000e-01 0.000000e+00
2.937849e-03 3.326480e-04 4.819992e-01 1.125000e+00 5.000000e-01 0.000000e+00
2.457605e-03 3.025116e-04 4.819992e-01 1.175000e+00 5.000000e-01 0.000000e+00
2.487742e-03 3.016842e-04 4.819992e-01 1.225000e+00 5.000000e-01 0.000000e+00
2.263739e-03 2.874969e-04 4.819992e-01 1.275000e+00 5.000000e-01 0.000000e+00
2.157869e-03 2.785812e-04 4.819992e-01 1.325000e+00 5.000000e-01 0.000000e+00
1.953181e-03 2.657962e-04 4.819992e-01 1.375000e+00 5.000000e-01 0.000000e+00
1.979020e-03 2.644594e-04 4.819992e-01 1.425000e+00 5.000000e-01 0.000000e+00
1.471901e-03 2.271207e-04 4.819992e-01 1.475000e+00 5.000000e-01 0.000000e+00
1.793568e-03 2.487248e-04 4.819992e-01 1.525000e+00 5.000000e-01 0.000000e+00
1.690783e-03 2.391149e-04 4.819992e-01 1.575000e+00 5.000000e-01 0.000000e+00
1.417202e-03 2.186805e-04 4.819992e-01 1.625000e+00 5.000000e-01 0.000000e+00
1.718424e-03 2.383045e-04 4.819992e-01 1.675000e+00 5.000000e-01 0.000000e+00
1.642031e-03 2.322205e-04 4.819992e-01 1.725000e+00 5.000000e-01 0.000000e+00
1.737005e-03 2.363795e-04 4.819992e-01 1.775000e+00 5.000000e-01 0.000000e+00
1.142843e-03 1.904767e-04 4.819992e-01 1.825000e+00 5.000000e-01 0.000000e+00
1.004921e-03 1.776480e-04 4.819992e-01 1.875000e+00 5.000000e-01 0.000000e+00
8.641727e-04 1.633144e-04 4.819992e-01 1.925000e+00 5.000000e-01 0.000000e+00
1.088193e-03 1.813687e-04 4.819992e-01 1.975000e+00 5.000000e-01 0.000000e+00
1.075471e-03 1.792468e-04 4.819992e-01 2.025000e+00 5.000000e-01 0.000000e+00
6.377911e-04 1.359795e-04 4.819992e-01 2.075000e+00 5.000000e-01 0.000000e+00
7.402720e-04 1.451814e-04 4.819992e-01 2.125000e+00 5.000000e-01 0.000000e+00
5.583291e-04 1.248479e-04 4.819992e-01 2.175000e+00 5.000000e-01 0.000000e+00
8.757915e-04 1.548228e-04 4.819992e-01 2.225000e+00 5.000000e-01 0.000000e+00
5.349528e-04 1.196205e-04 4.819992e-01 2.275000e+00 5.000000e-01 0.000000e+00
5.736187e-04 1.222988e-04 4.819992e-01 2.325000e+00 5.000000e-01 0.000000e+00
9.129844e-04 1.521696e-04 4.819992e-01 2.375000e+00 5.000000e-01 0.000000e+00
5.957313e-04 1.216068e-04 4.819992e-01 2.425000e+00 5.000000e-01 0.000000e+00
5.187311e-04 1.105956e-04 4.819992e-01 2.475000e+00 5.000000e-01 0.000000e+00
8.341489e-04 1.353208e-04 4.819992e-01 2.525000e+00 5.000000e-01 0.000000e+00
5.663275e-04 1.070289e-04 4.819992e-01 2.575000e+00 5.000000e-01 0.000000e+00
6.168844e-04 1.090565e-04 4.819992e-01 2.625000e+00 5.000000e-01 0.000000e+00
9.308326e-04 1.316466e-04 4.819992e-01 2.675000e+00 5.000000e-01 0.000000e+00
8.268134e-04 1.219140e-04 4.819992e-01 2.725000e+00 5.000000e-01 0.000000e+00
6.881347e-04 1.147001e-04 4.819992e-01 2.775000e+00 5.000000e-01 0.000000e+00
1.134055e-03 1.543399e-04 4.819992e-01 2.825000e+00 5.000000e-01 0.000000e+00
9.682400e-04 1.459929e-04 4.819992e-01 2.875000e+00 5.000000e-01 0.000000e+00
5.130955e-01 4.781740e-03 4.919992e-01 2.500000e-02 5.000000e-01 0.000000e+00
1.051911e-01 2.168086e-03 4.919992e-01 7.500000e-02 5.000000e-01 0.000000e+00
5.648483e-03 4.992613e-04 4.919992e-01 1.250000e-01 5.000000e-01 0.000000e+00
2.077334e-03 2.998380e-04 4.919992e-01 1.750000e-01 5.000000e-01 0.000000e+00
2.260469e-03 3.134714e-04 4.919992e-01 2.250000e-01 5.000000e-01 0.000000e+00
1.895024e-03 2.856863e-04 4.919992e-01 2.750000e-01 5.000000e-01 0.000000e+00
1.182433e-03 2.234593e-04 4.919992e-01 3.250000e-01 5.000000e-01 0.000000e+00
1.644304e-03 2.667422e-04 4.919992e-01 3.750000e-01 5.000000e-01 0.000000e+00
1.459804e-03 2.503550e-04 4.919992e-01 4.250000e-01 5.000000e-01 0.000000e+00
1.238868e-03 2.261862e-04 4.919992e-01 4.750000e-01 5.000000e-01 0.000000e+00
2.343865e-03 3.132130e-04 4.919992e-01 5.250000e-01 5.000000e-01 0.000000e+00
1.253852e-03 2.289216e-04 4.919992e-01 5.750000e-01 5.000000e-01 0.000000e+00
1.545880e-03 2.507755e-04 4.919992e-01 6.250000e-01 5.000000e-01 0.000000e+00
1.563563e-03 2.536444e-04 4.919992e-01 6.750000e-01 5.000000e-01 0.000000e+00
2.536153e-03 3.220927e-04 4.919992e-01 7.250000e-01 5.000000e-01 0.000000e+00
1.269012e-03 2.243326e-04 4.919992e-01 7.750000e-01 5.000000e-01 0.000000e+00
3.111432e-03 3.523015e-04 4.919992e-01 8.250000e-01 5.000000e-01 0.000000e+00
1.724438e-03 2.599696e-04 4.919992e-01 8.750000e-01 5.000000e-01 0.000000e+00
3.341659e-03 3.603420e-04 4.919992e-01 9.250000e-01 5.000000e-01 0.000000e+00
2.212454e-03 2.956527e-04 4.919992e-01 9.750000e-01 5.000000e-01 0.000000e+00
2.390421e-03 3.035848e-04 4.919992e-01 1.025000e+00 5.000000e-01 0.000000e+00
2.979224e-03 3.373321e-04 4.919992e-01 1.075000e+00 5.000000e-01 0.000000e+00
2.055751e-03 2.797532e-04 4.919992e-01 1.125000e+00 5.000000e-01 0.000000e+00
2.369130e-03 2.961427e-04 4.919992e-01 1.175000e+00 5.000000e-01 0.000000e+00
2.825383e-03 3.240953e-04 4.919992e-01 1.225000e+00 5.000000e-01 0.000000e+00
2.330960e-03 2.913717e-04 4.919992e-01 1.275000e+00 5.000000e-01 0.000000e+00
2.719112e-03 3.119053e-04 4.919992e-01 1.325000e+00 5.000000e-01 0.000000e+00
2.645160e-03 3.074954e-04 4.919992e-01 1.375000e+00 5.000000e-01 0.000000e+00
2.392088e-03 2.900860e-04 4.919992e-01 1.425000e+00 5.000000e-01 0.000000e+00
1.759807e-03 2.488764e-04 4.919992e-01 1.475000e+00 5.000000e-01 0.000000e+00
1.812254e-03 2.513165e-04 4.919992e-01 1.525000e+00 5.000000e-01 0.000000e+00
1.658379e-03 2.393683e-04 4.919992e-01 1.575000e+00 5.000000e-01 0.000000e+00
1.771979e-03 2.457313e-04 4.919992e-01 1.625000e+00 5.000000e-01 0.000000e+00
1.660414e-03 2.348211e-04 4.919992e-01 1.675000e+00 5.000000e-01 0.000000e+00
1.323106e-03 2.092033e-04 4.919992e-01 1.725000e+00 5.000000e-01 0.000000e+00
1.237359e-03 2.007287e-04 4.919992e-01 1.775000e+00 5.000000e-01 0.000000e+00
1.787620e-03 2.388836e-04 4.919992e-01 1.825000e+00 5.000000e-01 0.000000e+00
1.190266e-03 1.930894e-04 4.919992e-01 1.875000e+00 5.000000e-01 0.000000e+00
1.165693e-03 1.891031e-04 4.919992e-01 1.925000e+00 5.000000e-01 0.000000e+00
7.833985e-04 1.536390e-04 4.919992e-01 1.975000e+00 5.000000e-01 0.000000e+00
7.117116e-04 1.452793e-04 4.919992e-01 2.025000e+00 5.000000e-01 0.000000e+00
7.616962e-04 1.493837e-04 4.919992e-01 2.075000e+00 5.000000e-01 0.000000e+00
5.730030e-04 1.281298e-04 4.919992e-01 2.125000e+00 5.000000e-01 0.000000e+00
4.492141e-04 1.123051e-04 4.919992e-01 2.175000e+00 5.000000e-01 0.000000e+00
7.132142e-04 1.398757e-04 4.919992e-01 2.225000e+00 5.000000e-01 0.000000e+00
8.595293e-04 1.519493e-04 4.919992e-01 2.275000e+00 5.000000e-01 0.000000e+00
4.683117e-04 1.103865e-04 4.919992e-01 2.325000e+00 5.000000e-01 0.000000e+00
4.072270e-04 1.018091e-04 4.919992e-01 2.375000e+00 5.000000e-01 0.000000e+00
6.811398e-04 1.287274e-04 4.919992e-01 2.425000e+00 5.000000e-01 0.000000e+00
5.466095e-04 1.115806e-04 4.919992e-01 2.475000e+00 5.000000e-01 0.000000e+00
8.839092e-04 1.363960e-04 4.919992e-01 2.525000e+00 5.000000e-01 0.000000e+00
5.204004e-04 1.020616e-04 4.919992e-01 2.575000e+00 5.000000e-01 0.000000e+00
5.039005e-04 9.882995e-05 4.919992e-01 2.625000e+00 5.000000e-01 0.000000e+00
8.225358e-04 1.240090e-04 4.919992e-01 2.675000e+00 5.000000e-01 0.000000e+00
8.171144e-04 1.260908e-04 4.919992e-01 2.725000e+00 5.000000e-01 0.000000e+00
8.222897e-04 1.334052e-04 4.919992e-01 2.775000e+00 5.000000e-01 0.000000e+00
1.009715e-03 1.522403e-04 4.919992e-01 2.825000e+00 5.000000e-01 0.000000e+00
1.205255e-03 1.704646e-04 4.919992e-01 2.875000e+00 5.000000e-01 0.000000e+00
5.019108e-01 4.766514e-03 5.019992e-01 2.500000e-02 5.000000e-01 0.000000e+00
1.076638e-01 2.191300e-03 5.019992e-01 7.500000e-02 5.000000e-01 0.000000e+00
5.010641e-03 4.692904e-04 5.019992e-01 1.250000e-01 5.000000e-01 0.000000e+00
2.188681e-03 3.095270e-04 5.019992e-01 1.750000e-01 5.000000e-01 0.000000e+00
1.388995e-03 2.455423e-04 5.019992e-01 2.250000e-01 5.000000e-01 0.000000e+00
1.572120e-03 2.620206e-04 5.019992e-01 2.750000e-01 5.000000e-01 0.000000e+00
1.547980e-03 2.579972e-04 5.019992e-01 3.250000e-01 5.000000e-01 0.000000e+00
8.515032e-04 1.904025e-04 5.019992e-01 3.750000e-01 5.000000e-01 0.000000e+00
6.011496e-04 1.606640e-04 5.019992e-01 4.250000e-01 5.000000e-01 0.000000e+00
1.262450e-03 2.304916e-04 5.019992e-01 4.750000e-01 5.000000e-01 0.000000e+00
1.400244e-03 2.401406e-04 5.019992e-01 5.250000e-01 5.000000e-01 0.000000e+00
1.104192e-03 2.165506e-04 5.019992e-01 5.750000e-01 5.000000e-01 0.000000e+00
9.957697e-04 2.032611e-04 5.019992e-01 6.250000e-01 5.000000e-01 0.000000e+00
1.300445e-03 2.298891e-04 5.019992e-01 6.750000e-01 5.000000e-01 0.000000e+00
1.568654e-03 2.544702e-04 5.019992e-01 7.250000e-01 5.000000e-01 0.000000e+00
2.081599e-03 2.886670e-04 5.019992e-01 7.750000e-01 5.000000e-01 0.000000e+00
1.265767e-03 2.237591e-04 5.019992e-01 8.250000e-01 5.000000e-01 0.000000e+00
1.917792e-03 2.768106e-04 5.019992e-01 8.750000e-01 5.000000e-01 0.000000e+00
2.419978e-03 3.073388e-04 5.019992e-01 9.250000e-01 5.000000e-01 0.000000e+00
2.427056e-03 3.082377e-04 5.019992e-01 9.750000e-01 5.000000e-01 0.000000e+00
2.115433e-03 2.878753e-04 5.019992e-01 1.025000e+00 5.000000e-01 0.000000e+00
2.499475e-03 3.076658e-04 5.019992e-01 1.075000e+00 5.000000e-01 0.000000e+00
2.363171e-03 3.001245e-04 5.019992e-01 1.125000e+00 5.000000e-01 0.000000e+00
1.883419e-03 2.663571e-04 5.019992e-01 1.175000e+00 5.000000e-01 0.000000e+00
1.761307e-03 2.542246e-04 5.019992e-01 1.225000e+00 5.000000e-01 0.000000e+00
2.294315e-03 2.913805e-04 5.019992e-01 1.275000e+00 5.000000e-01 0.000000e+00
2.000568e-03 2.673385e-04 5.019992e-01 1.325000e+00 5.000000e-01 0.000000e+00
1.276306e-03 2.127193e-04 5.019992e-01 1.375000e+00 5.000000e-01 0.000000e+00
1.557507e-03 2.348050e-04 5.019992e-01 1.425000e+00 5.000000e-01 0.000000e+00
2.155740e-03 2.737816e-04 5.019992e-01 1.475000e+00 5.000000e-01 0.000000e+00
1.321373e-03 2.143572e-04 5.019992e-01 1.525000e+00 5.000000e-01 0.000000e+00
1.296129e-03 2.102614e-04 5.019992e-01 1.575000e+00 5.000000e-01 0.000000e+00
1.736730e-03 2.408432e-04 5.019992e-01 1.625000e+00 5.000000e-01 0.000000e+00
6.054870e-04 1.427167e-04 5.019992e-01 1.675000e+00 5.000000e-01 0.000000e+00
1.372632e-03 2.118034e-04 5.019992e-01 1.725000e+00 5.000000e-01 0.000000e+00
1.797265e-03 2.401724e-04 5.019992e-01 1.775000e+00 5.000000e-01 0.000000e+00
1.214379e-03 1.970000e-04 5.019992e-01 1.825000e+00 5.000000e-01 0.000000e+00
1.130222e-03 1.883728e-04 5.019992e-01 1.875000e+00 5.000000e-01 0.000000e+00
7.380772e-04 1.506614e-04 5.019992e-01 1.925000e+00 5.000000e-01 0.000000e+00
1.464525e-03 2.113892e-04 5.019992e-01 1.975000e+00 5.000000e-01 0.000000e+00
8.943414e-04 1.632865e-04 5.019992e-01 2.025000e+00 5.000000e-01 0.000000e+00
7.526866e-04 1.476156e-04 5.019992e-01 2.075000e+00 5.000000e-01 0.000000e+00
6.338932e-04 1.351492e-04 5.019992e-01 2.125000e+00 5.000000e-01 0.000000e+00
1.120006e-03 1.770914e-04 5.019992e-01 2.175000e+00 5.000000e-01 0.000000e+00
7.668304e-04 1.449190e-04 5.019992e-01 2.225000e+00 5.000000e-01 0.000000e+00
5.865568e-04 1.250573e-04 5.019992e-01 2.275000e+00 5.000000e-01 0.000000e+00
9.454577e-04 1.575796e-04 5.019992e-01 2.325000e+00 5.000000e-01 0.000000e+00
4.482795e-04 1.056634e-04 5.019992e-01 2.375000e+00 5.000000e-01 0.000000e+00
5.596469e-04 1.142425e-04 5.019992e-01 2.425000e+00 5.000000e-01 0.000000e+00
3.923012e-04 9.246972e-05 5.019992e-01 2.475000e+00 5.000000e-01 0.000000e+00
1.659959e-04 5.868941e-05 5.019992e-01 2.525000e+00 5.000000e-01 0.000000e+00
7.560142e-04 1.226477e-04 5.019992e-01 2.575000e+00 5.000000e-01 0.000000e+00
7.702002e-04 1.217831e-04 5.019992e-01 2.625000e+00 5.000000e-01 0.000000e+00
4.394121e-04 9.368766e-05 5.019992e-01 2.675000e+00 5.000000e-01 0.000000e+00
8.357994e-04 1.355948e-04 5.019992e-01 2.725000e+00 5.000000e-01 0.000000e+00
6.683802e-04 1.263229e-04 5.019992e-01 2.775000e+00 5.000000e-01 0.000000e+00
9.022350e-04 1.503899e-04 5.019992e-01 2.825000e+00 5.000000e-01 0.000000e+00
8.568386e-04 1.514868e-04 5.019992e-01 2.875000e+00 5.000000e-01 0.000000e+00
5.072777e-01 4.782458e-03 5.119992e-01 2.500000e-02 5.000000e-01 0.000000e+00
1.096211e-01 2.194182e-03 5.119992e-01 7.500000e-02 5.000000e-01 0.000000e+00
5.745705e-03 5.039328e-04 5.119992e-01 1.250000e-01 5.000000e-01 0.000000e+00
2.228301e-03 3.151303e-04 5.119992e-01 1.750000e-01 5.000000e-01 0.000000e+00
1.930049e-03 2.909666e-04 5.119992e-01 2.250000e-01 5.000000e-01 0.000000e+00
1.764995e-03 2.790709e-04 5.119992e-01 2.750000e-01 5.000000e-01 0.000000e+00
1.382410e-03 2.443788e-04 5.119992e-01 3.250000e-01 5.000000e-01 0.000000e+00
2.106790e-03 2.979460e-04 5.119992e-01 3.750000e-01 5.000000e-01 0.000000e+00
1.634607e-03 2.651692e-04 5.119992e-01 4.250000e-01 5.000000e-01 0.000000e+00
1.286696e-03 2.349181e-04 5.119992e-01 4.750000e-01 5.000000e-01 0.000000e+00
9.893521e-04 2.019514e-04 5.119992e-01 5.250000e-01 5.000000e-01 0.000000e+00
6.793228e-04 1.698313e-04 5.119992e-01 5.750000e-01 5.000000e-01 0.000000e+00
1.012000e-03 2.065739e-04 5.119992e-01 6.250000e-01 5.000000e-01 0.000000e+00
8.846906e-04 1.886172e-04 5.119992e-01 6.750000e-01 5.000000e-01 0.000000e+00
1.564119e-03 2.537345e-04 5.119992e-01 7.250000e-01 5.000000e-01 0.000000e+00
1.388292e-03 2.380907e-04 5.119992e-01 7.750000e-01 5.000000e-01 0.000000e+00
1.960623e-03 2.772752e-04 5.119992e-01 8.250000e-01 5.000000e-01 0.000000e+00
1.445262e-03 2.408782e-04 5.119992e-01 8.750000e-01 5.000000e-01 0.000000e+00
2.242041e-03 2.996068e-04 5.119992e-01 9.250000e-01 5.000000e-01 0.000000e+00
2.487526e-03 3.109422e-04 5.119992e-01 9.750000e-01 5.000000e-01 0.000000e+00
2.581458e-03 3.177571e-04 5.119992e-01 1.025000e+00 5.000000e-01 0.000000e+00
2.537270e-03 3.123181e-04 5.119992e-01 1.075000e+00 5.000000e-01 0.000000e+00
2.562587e-03 3.107609e-04 5.119992e-01 1.125000e+00 5.000000e-01 0.000000e+00
2.486338e-03 3.060487e-04 5.119992e-01 1.175000e+00 5.000000e-01 0.000000e+00
1.928979e-03 2.675018e-04 5.119992e-01 1.225000e+00 5.000000e-01 0.000000e+00
1.749494e-03 2.525194e-04 5.119992e-01 1.275000e+00 5.000000e-01 0.000000e+00
2.047206e-03 2.735711e-04 5.119992e-01 1.325000e+00 5.000000e-01 0.000000e+00
1.867175e-03 2.589317e-04 5.119992e-01 1.375000e+00 5.000000e-01 0.000000e+00
1.420777e-03 2.246456e-04 5.119992e-01 1.425000e+00 5.000000e-01 0.000000e+00
1.485919e-03 2.292834e-04 5.119992e-01 1.475000e+00 5.000000e-01 0.000000e+00
1.388615e-03 2.195610e-04 5.119992e-01 1.525000e+00 5.000000e-01 0.000000e+00
1.438479e-03 2.219641e-04 5.119992e-01 1.575000e+00 5.000000e-01 0.000000e+00
1.699480e-03 2.403449e-04 5.119992e-01 1.625000e+00 5.000000e-01 0.000000e+00
1.663641e-03 2.352765e-04 5.119992e-01 1.675000e+00 5.000000e-01 0.000000e+00
1.185667e-03 1.976126e-04 5.119992e-01 1.725000e+00 5.000000e-01 0.000000e+00
1.759594e-03 2.394523e-04 5.119992e-01 1.775000e+00 5.000000e-01 0.000000e+00
1.341995e-03 2.070760e-04 5.119992e-01 1.825000e+00 5.000000e-01 0.000000e+00
1.321527e-03 2.039184e-04 5.119992e-01 1.875000e+00 5.000000e-01 0.000000e+00
1.116769e-03 1.861309e-04 5.119992e-01 1.925000e+00 5.000000e-01 0.000000e+00
9.683299e-04 1.711799e-04 5.119992e-01 1.975000e+00 5.000000e-01 0.000000e+00
8.976150e-04 1.638838e-04 5.119992e-01 2.025000e+00 5.000000e-01 0.000000e+00
8.801400e-04 1.606927e-04 5.119992e-01 2.075000e+00 5.000000e-01 0.000000e+00
7.424538e-04 1.456093e-04 5.119992e-01 2.125000e+00 5.000000e-01 0.000000e+00
7.301653e-04 1.431982e-04 5.119992e-01 2.175000e+00 5.000000e-01 0.000000e+00
3.292451e-04 9.504571e-05 5.119992e-01 2.225000e+00 5.000000e-01 0.000000e+00
6.976007e-04 1.368144e-04 5.119992e-01 2.275000e+00 5.000000e-01 0.000000e+00
6.663600e-04 1.306879e-04 5.119992e-01 2.325000e+00 5.000000e-01 0.000000e+00
6.277736e-04 1.231209e-04 5.119992e-01 2.375000e+00 5.000000e-01 0.000000e+00
1.117944e-03 1.581054e-04 5.119992e-01 2.425000e+00 5.000000e-01 0.000000e+00
5.964840e-04 1.127294e-04 5.119992e-01 2.475000e+00 5.000000e-01 0.000000e+00
4.945428e-04 1.009529e-04 5.119992e-01 2.525000e+00 5.000000e-01 0.000000e+00
7.245562e-04 1.207641e-04 5.119992e-01 2.575000e+00 5.000000e-01 0.000000e+00
8.640007e-04 1.333233e-04 5.119992e-01 2.625000e+00 5.000000e-01 0.000000e+00
9.522454e-04 1.469464e-04 5.119992e-01 2.675000e+00 5.000000e-01 0.000000e+00
7.408835e-04 1.352749e-04 5.119992e-01 2.725000e+00 5.000000e-01 0.000000e+00
9.899658e-04 1.606066e-04 5.119992e-01 2.775000e+00 5.000000e-01 0.000000e+00
8.419498e-04 1.537347e-04 5.119992e-01 2.825000e+00 5.000000e-01 0.000000e+00
1.153778e-03 1.871919e-04 5.119992e-01 2.875000e+00 5.000000e-01 0.000000e+00
5.004550e-01 4.691523e-03 5.219992e-01 2.500000e-02 5.000000e-01 0.000000e+00
1.138922e-01 2.242254e-03 5.219992e-01 7.500000e-02 5.000000e-01 0.000000e+00
4.597334e-03 4.552049e-04 5.219992e-01 1.250000e-01 5.000000e-01 0.000000e+00
2.143892e-03 3.094450e-04 5.219992e-01 1.750000e-01 5.000000e-01 0.000000e+00
1.410147e-03 2.492815e-04 5.219992e-01 2.250000e-01 5.000000e-01 0.000000e+00
1.945637e-03 2.933169e-04 5.219992e-01 2.750000e-01 5.000000e-01 0.000000e+00
1.385495e-03 2.449238e-04 5.219992e-01 3.250000e-01 5.000000e-01 0.000000e+00
1.765435e-03 2.724137e-04 5.219992e-01 3.750000e-01 5.000000e-01 0.000000e+00
9.520605e-04 2.029803e-04 5.219992e-01 4.250000e-01 5.000000e-01 0.000000e+00
1.813335e-03 2.798044e-04 5.219992e-01 4.750000e-01 5.000000e-01 0.000000e+00
2.084246e-03 2.947582e-04 5.219992e-01 5.250000e-01 5.000000e-01 0.000000e+00
8.449217e-04 1.889307e-04 5.219992e-01 5.750000e-01 5.000000e-01 0.000000e+00
1.596024e-03 2.589102e-04 5.219992e-01 6.250000e-01 5.000000e-01 0.000000e+00
1.981996e-03 2.860777e-04 5.219992e-01 6.750000e-01 5.000000e-01 0.000000e+00
1.216362e-03 2.220772e-04 5.219992e-01 7.250000e-01 5.000000e-01 0.000000e+00
1.627643e-03 2.573542e-04 5.219992e-01 7.750000e-01 5.000000e-01 0.000000e+00
1.529553e-03 2.481272e-04 5.219992e-01 8.250000e-01 5.000000e-01 0.000000e+00
1.425785e-03 2.376319e-04 5.219992e-01 8.750000e-01 5.000000e-01 0.000000e+00
1.917883e-03 2.768240e-04 5.219992e-01 9.250000e-01 5.000000e-01 0.000000e+00
2.867672e-03 3.379596e-04 5.219992e-01 9.750000e-01 5.000000e-01 0.000000e+00
3.408489e-03 3.633479e-04 5.219992e-01 1.025000e+00 5.000000e-01 0.000000e+00
2.162027e-03 2.889143e-04 5.219992e-01 1.075000e+00 5.000000e-01 0.000000e+00
2.671273e-03 3.192797e-04 5.219992e-01 1.125000e+00 5.000000e-01 0.000000e+00
2.756510e-03 3.204393e-04 5.219992e-01 1.175000e+00 5.000000e-01 0.000000e+00
1.627764e-03 2.453958e-04 5.219992e-01 1.225000e+00 5.000000e-01 0.000000e+00
1.855627e-03 2.624266e-04 5.219992e-01 1.275000e+00 5.000000e-01 0.000000e+00
2.547792e-03 3.045210e-04 5.219992e-01 1.325000e+00 5.000000e-01 0.000000e+00
2.308385e-03 2.885499e-04 5.219992e-01 1.375000e+00 5.000000e-01 0.000000e+00
1.424502e-03 2.252345e-04 5.219992e-01 1.425000e+00 5.000000e-01 0.000000e+00
1.976564e-03 2.641318e-04 5.219992e-01 1.475000e+00 5.000000e-01 0.000000e+00
1.606313e-03 2.368396e-04 5.219992e-01 1.525000e+00 5.000000e-01 0.000000e+00
1.723842e-03 2.437895e-04 5.219992e-01 1.575000e+00 5.000000e-01 0.000000e+00
2.168422e-03 2.710550e-04 5.219992e-01 1.625000e+00 5.000000e-01 0.000000e+00
1.543904e-03 2.276382e-04 5.219992e-01 1.675000e+00 5.000000e-01 0.000000e+00
1.531166e-03 2.257607e-04 5.219992e-01 1.725000e+00 5.000000e-01 0.000000e+00
1.174428e-03 1.957400e-04 5.219992e-01 1.775000e+00 5.000000e-01 0.000000e+00
1.150255e-03 1.917113e-04 5.219992e-01 1.825000e+00 5.000000e-01 0.000000e+00
1.067841e-03 1.831353e-04 5.219992e-01 1.875000e+00 5.000000e-01 0.000000e+00
1.734516e-03 2.317875e-04 5.219992e-01 1.925000e+00 5.000000e-01 0.000000e+00
1.036589e-03 1.777762e-04 5.219992e-01 1.975000e+00 5.000000e-01 0.000000e+00
8.333521e-04 1.574906e-04 5.219992e-01 2.025000e+00 5.000000e-01 0.000000e+00
7.612157e-04 1.492888e-04 5.219992e-01 2.075000e+00 5.000000e-01 0.000000e+00
1.261031e-03 1.901104e-04 5.219992e-01 2.125000e+00 5.000000e-01 0.000000e+00
7.862577e-04 1.485924e-04 5.219992e-01 2.175000e+00 5.000000e-01 0.000000e+00
4.931346e-04 1.162365e-04 5.219992e-01 2.225000e+00 5.000000e-01 0.000000e+00
6.866739e-04 1.346703e-04 5.219992e-01 2.275000e+00 5.000000e-01 0.000000e+00
4.893027e-04 1.094124e-04 5.219992e-01 2.325000e+00 5.000000e-01 0.000000e+00
6.431059e-04 1.215382e-04 5.219992e-01 2.375000e+00 5.000000e-01 0.000000e+00
6.154011e-04 1.163045e-04 5.219992e-01 2.425000e+00 5.000000e-01 0.000000e+00
5.567727e-04 1.091952e-04 5.219992e-01 2.475000e+00 5.000000e-01 0.000000e+00
7.467559e-04 1.244630e-04 5.219992e-01 2.525000e+00 5.000000e-01 0.000000e+00
5.910245e-04 1.116991e-04 5.219992e-01 2.575000e+00 5.000000e-01 0.000000e+00
6.944864e-04 1.267985e-04 5.219992e-01 2.625000e+00 5.000000e-01 0.000000e+00
4.617253e-04 1.088376e-04 5.219992e-01 2.675000e+00 5.000000e-01 0.000000e+00
4.889343e-04 1.152456e-04 5.219992e-01 2.725000e+00 5.000000e-01 0.000000e+00
9.341121e-04 1.651431e-04 5.219992e-01 2.775000e+00 5.000000e-01 0.000000e+00
8.172172e-04 1.602881e-04 5.219992e-01 2.825000e+00 5.000000e-01 0.000000e+00
9.105367e-04 1.785813e-04 5.219992e-01 2.875000e+00 5.000000e-01 0.000000e+00
5.043694e-01 4.729674e-03 5.319992e-01 2.500000e-02 5.000000e-01 0.000000e+00
1.104674e-01 2.229962e-03 5.319992e-01 7.500000e-02 5.000000e-01 0.000000e+00
5.996397e-03 5.180107e-04 5.319992e-01 1.250000e-01 5.000000e-01 0.000000e+00
1.885495e-03 2.909388e-04 5.319992e-01 1.750000e-01 5.000000e-01 0.000000e+00
2.299758e-03 3.189197e-04 5.319992e-01 2.250000e-01 5.000000e-01 0.000000e+00
1.417713e-03 2.506194e-04 5.319992e-01 2.750000e-01 5.000000e-01 0.000000e+00
1.736307e-03 2.745349e-04 5.319992e-01 3.250000e-01 5.000000e-01 0.000000e+00
1.611077e-03 2.613520e-04 5.319992e-01 3.750000e-01 5.000000e-01 0.000000e+00
1.053430e-03 2.150310e-04 5.319992e-01 4.250000e-01 5.000000e-01 0.000000e+00
1.731377e-03 2.737560e-04 5.319992e-01 4.750000e-01 5.000000e-01 0.000000e+00
1.032247e-03 2.107070e-04 5.319992e-01 5.250000e-01 5.000000e-01 0.000000e+00
1.651693e-03 2.611562e-04 5.319992e-01 5.750000e-01 5.000000e-01 0.000000e+00
1.934640e-03 2.852483e-04 5.319992e-01 6.250000e-01 5.000000e-01 0.000000e+00
1.341184e-03 2.370910e-04 5.319992e-01 6.750000e-01 5.000000e-01 0.000000e+00
1.531538e-03 2.484494e-04 5.319992e-01 7.250000e-01 5.000000e-01 0.000000e+00
8.097424e-04 1.810644e-04 5.319992e-01 7.750000e-01 5.000000e-01 0.000000e+00
1.699980e-03 2.623139e-04 5.319992e-01 8.250000e-01 5.000000e-01 0.000000e+00
1.690170e-03 2.607996e-04 5.319992e-01 8.750000e-01 5.000000e-01 0.000000e+00
1.824285e-03 2.689772e-04 5.319992e-01 9.250000e-01 5.000000e-01 0.000000e+00
2.068506e-03 2.868512e-04 5.319992e-01 9.750000e-01 5.000000e-01 0.000000e+00
1.821126e-03 2.685119e-04 5.319992e-01 1.025000e+00 5.000000e-01 0.000000e+00
1.917580e-03 2.711880e-04 5.319992e-01 1.075000e+00 5.000000e-01 0.000000e+00
1.746028e-03 2.574392e-04 5.319992e-01 1.125000e+00 5.000000e-01 0.000000e+00
2.129919e-03 2.846243e-04 5.319992e-01 1.175000e+00 5.000000e-01 0.000000e+00
2.859007e-03 3.279520e-04 5.319992e-01 1.225000e+00 5.000000e-01 0.000000e+00
2.443255e-03 3.007457e-04 5.319992e-01 1.275000e+00 5.000000e-01 0.000000e+00
2.142541e-03 2.813317e-04 5.319992e-01 1.325000e+00 5.000000e-01 0.000000e+00
2.716430e-03 3.157803e-04 5.319992e-01 1.375000e+00 5.000000e-01 0.000000e+00
1.789507e-03 2.530761e-04 5.319992e-01 1.425000e+00 5.000000e-01 0.000000e+00
1.848261e-03 2.563096e-04 5.319992e-01 1.475000e+00 5.000000e-01 0.000000e+00
1.412632e-03 2.233583e-04 5.319992e-01 1.525000e+00 5.000000e-01 0.000000e+00
2.016954e-03 2.648407e-04 5.319992e-01 1.575000e+00 5.000000e-01 0.000000e+00
1.290758e-03 2.093903e-04 5.319992e-01 1.625000e+00 5.000000e-01 0.000000e+00
1.208161e-03 2.013616e-04 5.319992e-01 1.675000e+00 5.000000e-01 0.000000e+00
2.042830e-03 2.594428e-04 5.319992e-01 1.725000e+00 5.000000e-01 0.000000e+00
1.814407e-03 2.424629e-04 5.319992e-01 1.775000e+00 5.000000e-01 0.000000e+00
1.217604e-03 1.975245e-04 5.319992e-01 1.825000e+00 5.000000e-01 0.000000e+00
1.517686e-03 2.190614e-04 5.319992e-01 1.875000e+00 5.000000e-01 0.000000e+00
1.424960e-03 2.101018e-04 5.319992e-01 1.925000e+00 5.000000e-01 0.000000e+00
6.689632e-04 1.426249e-04 5.319992e-01 1.975000e+00 5.000000e-01 0.000000e+00
1.077938e-03 1.796602e-04 5.319992e-01 2.025000e+00 5.000000e-01 0.000000e+00
8.744254e-04 1.596497e-04 5.319992e-01 2.075000e+00 5.000000e-01 0.000000e+00
8.631200e-04 1.575867e-04 5.319992e-01 2.125000e+00 5.000000e-01 0.000000e+00
1.062593e-03 1.723790e-04 5.319992e-01 2.175000e+00 5.000000e-01 0.000000e+00
7.010449e-04 1.374885e-04 5.319992e-01 2.225000e+00 5.000000e-01 0.000000e+00
3.031089e-04 8.750130e-05 5.319992e-01 2.275000e+00 5.000000e-01 0.000000e+00
5.646930e-04 1.152713e-04 5.319992e-01 2.325000e+00 5.000000e-01 0.000000e+00
6.348609e-04 1.199810e-04 5.319992e-01 2.375000e+00 5.000000e-01 0.000000e+00
3.506543e-04 8.766426e-05 5.319992e-01 2.425000e+00 5.000000e-01 0.000000e+00
7.681371e-04 1.280286e-04 5.319992e-01 2.475000e+00 5.000000e-01 0.000000e+00
3.922652e-04 9.246213e-05 5.319992e-01 2.525000e+00 5.000000e-01 0.000000e+00
6.242646e-04 1.224311e-04 5.319992e-01 2.575000e+00 5.000000e-01 0.000000e+00
9.515056e-04 1.585931e-04 5.319992e-01 2.625000e+00 5.000000e-01 0.000000e+00
5.631769e-04 1.259371e-04 5.319992e-01 2.675000e+00 5.000000e-01 0.000000e+00
1.211953e-03 1.916431e-04 5.319992e-01 2.725000e+00 5.000000e-01 0.000000e+00
8.573466e-04 1.681518e-04 5.319992e-01 2.775000e+00 5.000000e-01 0.000000e+00
1.544320e-03 2.383179e-04 5.319992e-01 2.825000e+00 5.000000e-01 0.000000e+00
1.431225e-03 2.454827e-04 5.319992e-01 2.875000e+00 5.000000e-01 0.000000e+00
5.015035e-01 4.731175e-03 5.419992e-01 2.500000e-02 5.000000e-01 0.000000e+00
1.144284e-01 2.266023e-03 5.419992e-01 7.500000e-02 5.000000e-01 0.000000e+00
5.107996e-03 4.784085e-04 5.419992e-01 1.250000e-01 5.000000e-01 0.000000e+00
1.624555e-03 2.707599e-04 5.419992e-01 1.750000e-01 5.000000e-01 0.000000e+00
1.336371e-03 2.439875e-04 5.419992e-01 2.250000e-01 5.000000e-01 0.000000e+00
1.599579e-03 2.665973e-04 5.419992e-01 2.750000e-01 5.000000e-01 0.000000e+00
1.659216e-03 2.691608e-04 5.419992e-01 3.250000e-01 5.000000e-01 0.000000e+00
1.214260e-03 2.294745e-04 5.419992e-01 3.750000e-01 5.000000e-01 0.000000e+00
1.051845e-03 2.147076e-04 5.419992e-01 4.250000e-01 5.000000e-01 0.000000e+00
1.120902e-03 2.198279e-04 5.419992e-01 4.750000e-01 5.000000e-01 0.000000e+00
1.036475e-03 2.115705e-04 5.419992e-01 5.250000e-01 5.000000e-01 0.000000e+00
1.240212e-03 2.264315e-04 5.419992e-01 5.750000e-01 5.000000e-01 0.000000e+00
1.759266e-03 2.714618e-04 5.419992e-01 6.250000e-01 5.000000e-01 0.000000e+00
1.838553e-03 2.771732e-04 5.419992e-01 6.750000e-01 5.000000e-01 0.000000e+00
1.167380e-03 2.206150e-04 5.419992e-01 7.250000e-01 5.000000e-01 0.000000e+00
9.552238e-04 1.949847e-04 5.419992e-01 7.750000e-01 5.000000e-01 0.000000e+00
1.043726e-03 2.046924e-04 5.419992e-01 8.250000e-01 5.000000e-01 0.000000e+00
1.937626e-03 2.796731e-04 5.419992e-01 8.750000e-01 5.000000e-01 0.000000e+00
1.525324e-03 2.474412e-04 5.419992e-01 9.250000e-01 5.000000e-01 0.000000e+00
2.581580e-03 3.177723e-04 5.419992e-01 9.750000e-01 5.000000e-01 0.000000e+00
2.200572e-03 2.940652e-04 5.419992e-01 1.025000e+00 5.000000e-01 0.000000e+00
2.118894e-03 2.883466e-04 5.419992e-01 1.075000e+00 5.000000e-01 0.000000e+00
2.221123e-03 2.916489e-04 5.419992e-01 1.125000e+00 5.000000e-01 0.000000e+00
1.588255e-03 2.450748e-04 5.419992e-01 1.175000e+00 5.000000e-01 0.000000e+00
2.439241e-03 3.049066e-04 5.419992e-01 1.225000e+00 5.000000e-01 0.000000e+00
1.819329e-03 2.625990e-04 5.419992e-01 1.275000e+00 5.000000e-01 0.000000e+00
1.618123e-03 2.439424e-04 5.419992e-01 1.325000e+00 5.000000e-01 0.000000e+00
1.964136e-03 2.672865e-04 5.419992e-01 1.375000e+00 5.000000e-01 0.000000e+00
2.529421e-03 3.023259e-04 5.419992e-01 1.425000e+00 5.000000e-01 0.000000e+00
1.211337e-03 2.077439e-04 5.419992e-01 1.475000e+00 5.000000e-01 0.000000e+00
1.730562e-03 2.447405e-04 5.419992e-01 1.525000e+00 5.000000e-01 0.000000e+00
1.299191e-03 2.107579e-04 5.419992e-01 1.575000e+00 5.000000e-01 0.000000e+00
1.229989e-03 2.049998e-04 5.419992e-01 1.625000e+00 5.000000e-01 0.000000e+00
1.687437e-03 2.386417e-04 5.419992e-01 1.675000e+00 5.000000e-01 0.000000e+00
1.396140e-03 2.154306e-04 5.419992e-01 1.725000e+00 5.000000e-01 0.000000e+00
6.515899e-04 1.457015e-04 5.419992e-01 1.775000e+00 5.000000e-01 0.000000e+00
1.024682e-03 1.811419e-04 5.419992e-01 1.825000e+00 5.000000e-01 0.000000e+00
7.591976e-04 1.549715e-04 5.419992e-01 1.875000e+00 5.000000e-01 0.000000e+00
9.346174e-04 1.706386e-04 5.419992e-01 1.925000e+00 5.000000e-01 0.000000e+00
1.154290e-03 1.872533e-04 5.419992e-01 1.975000e+00 5.000000e-01 0.000000e+00
7.767523e-04 1.523360e-04 5.419992e-01 2.025000e+00 5.000000e-01 0.000000e+00
6.420494e-04 1.368871e-04 5.419992e-01 2.075000e+00 5.000000e-01 0.000000e+00
9.170994e-04 1.621243e-04 5.419992e-01 2.125000e+00 5.000000e-01 0.000000e+00
7.687376e-04 1.452809e-04 5.419992e-01 2.175000e+00 5.000000e-01 0.000000e+00
4.619717e-04 1.088897e-04 5.419992e-01 2.225000e+00 5.000000e-01 0.000000e+00
5.765252e-04 1.176852e-04 5.419992e-01 2.275000e+00 5.000000e-01 0.000000e+00
8.383418e-04 1.397264e-04 5.419992e-01 2.325000e+00 5.000000e-01 0.000000e+00
4.962502e-04 1.058047e-04 5.419992e-01 2.375000e+00 5.000000e-01 0.000000e+00
4.416765e-04 9.876459e-05 5.419992e-01 2.425000e+00 5.000000e-01 0.000000e+00
7.220765e-04 1.276501e-04 5.419992e-01 2.475000e+00 5.000000e-01 0.000000e+00
6.378855e-04 1.251059e-04 5.419992e-01 2.525000e+00 5.000000e-01 0.000000e+00
5.480888e-04 1.225627e-04 5.419992e-01 2.575000e+00 5.000000e-01 0.000000e+00
8.242233e-04 1.557731e-04 5.419992e-01 2.625000e+00 5.000000e-01 0.000000e+00
3.786518e-04 1.093142e-04 5.419992e-01 2.675000e+00 5.000000e-01 0.000000e+00
9.657475e-04 1.825196e-04 5.419992e-01 2.725000e+00 5.000000e-01 0.000000e+00
7.649720e-04 1.710596e-04 5.419992e-01 2.775000e+00 5.000000e-01 0.000000e+00
8.768444e-04 1.960907e-04 5.419992e-01 2.825000e+00 5.000000e-01 0.000000e+00
7.421089e-04 1.983594e-04 5.419992e-01 2.875000e+00 5.000000e-01 0.000000e+00
4.943391e-01 4.704802e-03 5.519992e-01 2.500000e-02 5.000000e-01 0.000000e+00
1.134850e-01 2.263376e-03 5.519992e-01 7.500000e-02 5.000000e-01 0.000000e+00
6.126933e-03 5.253810e-04 5.519992e-01 1.250000e-01 5.000000e-01 0.000000e+00
2.625345e-03 3.447254e-04 5.519992e-01 1.750000e-01 5.000000e-01 0.000000e+00
1.699300e-03 2.756635e-04 5.519992e-01 2.250000e-01 5.000000e-01 0.000000e+00
1.146190e-03 2.247871e-04 5.519992e-01 2.750000e-01 5.000000e-01 0.000000e+00
1.691304e-03 2.743664e-04 5.519992e-01 3.250000e-01 5.000000e-01 0.000000e+00
1.482463e-03 2.542408e-04 5.519992e-01 3.750000e-01 5.000000e-01 0.000000e+00
1.481544e-03 2.540833e-04 5.519992e-01 4.250000e-01 5.000000e-01 0.000000e+00
1.208719e-03 2.284269e-04 5.519992e-01 4.750000e-01 5.000000e-01 0.000000e+00
6.913551e-04 1.728394e-04 5.519992e-01 5.250000e-01 5.000000e-01 0.000000e+00
1.025321e-03 2.092934e-04 5.519992e-01 5.750000e-01 5.000000e-01 0.000000e+00
1.391749e-03 2.386838e-04 5.519992e-01 6.250000e-01 5.000000e-01 0.000000e+00
1.251990e-03 2.285817e-04 5.519992e-01 6.750000e-01 5.000000e-01 0.000000e+00
1.589675e-03 2.578803e-04 5.519992e-01 7.250000e-01 5.000000e-01 0.000000e+00
1.891613e-03 2.789044e-04 5.519992e-01 7.750000e-01 5.000000e-01 0.000000e+00
2.283367e-03 2.998221e-04 5.519992e-01 8.250000e-01 5.000000e-01 0.000000e+00
1.668525e-03 2.574605e-04 5.519992e-01 8.750000e-01 5.000000e-01 0.000000e+00
1.991362e-03 2.816222e-04 5.519992e-01 9.250000e-01 5.000000e-01 0.000000e+00
2.191068e-03 2.927948e-04 5.519992e-01 9.750000e-01 5.000000e-01 0.000000e+00
1.831406e-03 2.643420e-04 5.519992e-01 1.025000e+00 5.000000e-01 0.000000e+00
2.081821e-03 2.833013e-04 5.519992e-01 1.075000e+00 5.000000e-01 0.000000e+00
2.646864e-03 3.209810e-04 5.519992e-01 1.125000e+00 5.000000e-01 0.000000e+00
2.944940e-03 3.334510e-04 5.519992e-01 1.175000e+00 5.000000e-01 0.000000e+00
2.434364e-03 2.996512e-04 5.519992e-01 1.225000e+00 5.000000e-01 0.000000e+00
2.068957e-03 2.764779e-04 5.519992e-01 1.275000e+00 5.000000e-01 0.000000e+00
1.694994e-03 2.499147e-04 5.519992e-01 1.325000e+00 5.000000e-01 0.000000e+00
1.525008e-03 2.353149e-04 5.519992e-01 1.375000e+00 5.000000e-01 0.000000e+00
2.201935e-03 2.796480e-04 5.519992e-01 1.425000e+00 5.000000e-01 0.000000e+00
1.988890e-03 2.657781e-04 5.519992e-01 1.475000e+00 5.000000e-01 0.000000e+00
1.346351e-03 2.184088e-04 5.519992e-01 1.525000e+00 5.000000e-01 0.000000e+00
1.469899e-03 2.268119e-04 5.519992e-01 1.575000e+00 5.000000e-01 0.000000e+00
1.775509e-03 2.462208e-04 5.519992e-01 1.625000e+00 5.000000e-01 0.000000e+00
1.203257e-03 2.005447e-04 5.519992e-01 1.675000e+00 5.000000e-01 0.000000e+00
9.919857e-04 1.811125e-04 5.519992e-01 1.725000e+00 5.000000e-01 0.000000e+00
1.050021e-03 1.856213e-04 5.519992e-01 1.775000e+00 5.000000e-01 0.000000e+00
1.618753e-03 2.289280e-04 5.519992e-01 1.825000e+00 5.000000e-01 0.000000e+00
8.814825e-04 1.665859e-04 5.519992e-01 1.875000e+00 5.000000e-01 0.000000e+00
9.280985e-04 1.694493e-04 5.519992e-01 1.925000e+00 5.000000e-01 0.000000e+00
7.316124e-04 1.493415e-04 5.519992e-01 1.975000e+00 5.000000e-01 0.000000e+00
8.305898e-04 1.569695e-04 5.519992e-01 2.025000e+00 5.000000e-01 0.000000e+00
2.942123e-04 9.303867e-05 5.519992e-01 2.075000e+00 5.000000e-01 0.000000e+00
8.407662e-04 1.535033e-04 5.519992e-01 2.125000e+00 5.000000e-01 0.000000e+00
6.865250e-04 1.346410e-04 5.519992e-01 2.175000e+00 5.000000e-01 0.000000e+00
6.823713e-04 1.289578e-04 5.519992e-01 2.225000e+00 5.000000e-01 0.000000e+00
6.662358e-04 1.259093e-04 5.519992e-01 2.275000e+00 5.000000e-01 0.000000e+00
6.466608e-04 1.222105e-04 5.519992e-01 2.325000e+00 5.000000e-01 0.000000e+00
1.123881e-03 1.589451e-04 5.519992e-01 2.375000e+00 5.000000e-01 0.000000e+00
5.586675e-04 1.140400e-04 5.519992e-01 2.425000e+00 5.000000e-01 0.000000e+00
6.141675e-04 1.253719e-04 5.519992e-01 2.475000e+00 5.000000e-01 0.000000e+00
7.944477e-04 1.501409e-04 5.519992e-01 2.525000e+00 5.000000e-01 0.000000e+00
8.504393e-04 1.607235e-04 5.519992e-01 2.575000e+00 5.000000e-01 0.000000e+00
6.541297e-04 1.462738e-04 5.519992e-01 2.625000e+00 5.000000e-01 0.000000e+00
5.010544e-04 1.339185e-04 5.519992e-01 2.675000e+00 5.000000e-01 0.000000e+00
5.537325e-04 1.479975e-04 5.519992e-01 2.725000e+00 5.000000e-01 0.000000e+00
5.492895e-04 1.585844e-04 5.519992e-01 2.775000e+00 5.000000e-01 0.000000e+00
6.683361e-04 1.929592e-04 5.519992e-01 2.825000e+00 5.000000e-01 0.000000e+00
8.611781e-04 2.486311e-04 5.519992e-01 2.875000e+00 5.000000e-01 0.000000e+00
5.152647e-01 4.817462e-03 5.619991e-01 2.500000e-02 5.000000e-01 0.000000e+00
1.213118e-01 2.323489e-03 5.619991e-01 7.500000e-02 5.000000e-01 0.000000e+00
7.569622e-03 5.875181e-04 5.619991e-01 1.250000e-01 5.000000e-01 0.000000e+00
1.987753e-03 2.996657e-04 5.619991e-01 1.750000e-01 5.000000e-01 0.000000e+00
2.422464e-03 3.296565e-04 5.619991e-01 2.250000e-01 5.000000e-01 0.000000e+00
1.520157e-03 2.607052e-04 5.619991e-01 2.750000e-01 5.000000e-01 0.000000e+00
1.251206e-03 2.364563e-04 5.619991e-01 3.250000e-01 5.000000e-01 0.000000e+00
9.704423e-04 2.068994e-04 5.619991e-01 3.750000e-01 5.000000e-01 0.000000e+00
1.474699e-03 2.529095e-04 5.619991e-01 4.250000e-01 5.000000e-01 0.000000e+00
6.073752e-04 1.623280e-04 5.619991e-01 4.750000e-01 5.000000e-01 0.000000e+00
1.212105e-03 2.290674e-04 5.619991e-01 5.250000e-01 5.000000e-01 0.000000e+00
1.730047e-03 2.735452e-04 5.619991e-01 5.750000e-01 5.000000e-01 0.000000e+00
1.240543e-03 2.264920e-04 5.619991e-01 6.250000e-01 5.000000e-01 0.000000e+00
1.412465e-03 2.422369e-04 5.619991e-01 6.750000e-01 5.000000e-01 0.000000e+00
1.169178e-03 2.209547e-04 5.619991e-01 7.250000e-01 5.000000e-01 0.000000e+00
1.415466e-03 2.427511e-04 5.619991e-01 7.750000e-01 5.000000e-01 0.000000e+00
1.370892e-03 2.351068e-04 5.619991e-01 8.250000e-01 5.000000e-01 0.000000e+00
1.791498e-03 2.641431e-04 5.619991e-01 8.750000e-01 5.000000e-01 0.000000e+00
1.972647e-03 2.789756e-04 5.619991e-01 9.250000e-01 5.000000e-01 0.000000e+00
2.238671e-03 2.991563e-04 5.619991e-01 9.750000e-01 5.000000e-01 0.000000e+00
2.834025e-03 3.339952e-04 5.619991e-01 1.025000e+00 5.000000e-01 0.000000e+00
2.351711e-03 2.986689e-04 5.619991e-01 1.075000e+00 5.000000e-01 0.000000e+00
2.137556e-03 2.856446e-04 5.619991e-01 1.125000e+00 5.000000e-01 0.000000e+00
1.684564e-03 2.539595e-04 5.619991e-01 1.175000e+00 5.000000e-01 0.000000e+00
2.288991e-03 2.955095e-04 5.619991e-01 1.225000e+00 5.000000e-01 0.000000e+00
2.220944e-03 2.867245e-04 5.619991e-01 1.275000e+00 5.000000e-01 0.000000e+00
2.269507e-03 2.882296e-04 5.619991e-01 1.325000e+00 5.000000e-01 0.000000e+00
1.470400e-03 2.324929e-04 5.619991e-01 1.375000e+00 5.000000e-01 0.000000e+00
2.698725e-03 3.137226e-04 5.619991e-01 1.425000e+00 5.000000e-01 0.000000e+00
1.294760e-03 2.157946e-04 5.619991e-01 1.475000e+00 5.000000e-01 0.000000e+00
1.324338e-03 2.148371e-04 5.619991e-01 1.525000e+00 5.000000e-01 0.000000e+00
1.372013e-03 2.169361e-04 5.619991e-01 1.575000e+00 5.000000e-01 0.000000e+00
1.022819e-03 1.867422e-04 5.619991e-01 1.625000e+00 5.000000e-01 0.000000e+00
1.836851e-03 2.499665e-04 5.619991e-01 1.675000e+00 5.000000e-01 0.000000e+00
1.666087e-03 2.356221e-04 5.619991e-01 1.725000e+00 5.000000e-01 0.000000e+00
1.764708e-03 2.401490e-04 5.619991e-01 1.775000e+00 5.000000e-01 0.000000e+00
1.344412e-03 2.074498e-04 5.619991e-01 1.825000e+00 5.000000e-01 0.000000e+00
1.197541e-03 1.942688e-04 5.619991e-01 1.875000e+00 5.000000e-01 0.000000e+00
1.483433e-03 2.141175e-04 5.619991e-01 1.925000e+00 5.000000e-01 0.000000e+00
7.956299e-04 1.560386e-04 5.619991e-01 1.975000e+00 5.000000e-01 0.000000e+00
8.302299e-04 1.569010e-04 5.619991e-01 2.025000e+00 5.000000e-01 0.000000e+00
8.505129e-04 1.552842e-04 5.619991e-01 2.075000e+00 5.000000e-01 0.000000e+00
1.336258e-03 1.889791e-04 5.619991e-01 2.125000e+00 5.000000e-01 0.000000e+00
9.018404e-04 1.503088e-04 5.619991e-01 2.175000e+00 5.000000e-01 0.000000e+00
7.771709e-04 1.373880e-04 5.619991e-01 2.225000e+00 5.000000e-01 0.000000e+00
8.569740e-04 1.428321e-04 5.619991e-01 2.275000e+00 5.000000e-01 0.000000e+00
6.513126e-04 1.230889e-04 5.619991e-01 2.325000e+00 5.000000e-01 0.000000e+00
4.831459e-04 1.080387e-04 5.619991e-01 2.375000e+00 5.000000e-01 0.000000e+00
6.329409e-04 1.292017e-04 5.619991e-01 2.425000e+00 5.000000e-01 0.000000e+00
2.964647e-04 9.375449e-05 5.619991e-01 2.475000e+00 5.000000e-01 0.000000e+00
6.351032e-04 1.420182e-04 5.619991e-01 2.525000e+00 5.000000e-01 0.000000e+00
6.151765e-04 1.450082e-04 5.619991e-01 2.575000e+00 5.000000e-01 0.000000e+00
5.980898e-04 1.495294e-04 5.619991e-01 2.625000e+00 5.000000e-01 0.000000e+00
1.008600e-03 2.058863e-04 5.619991e-01 2.675000e+00 5.000000e-01 0.000000e+00
8.675191e-04 2.044926e-04 5.619991e-01 2.725000e+00 5.000000e-01 0.000000e+00
8.105342e-04 2.166395e-04 5.619991e-01 2.775000e+00 5.000000e-01 0.000000e+00
4.442319e-04 1.813675e-04 5.619991e-01 2.825000e+00 5.000000e-01 0.000000e+00
1.371709e-03 3.960254e-04 5.619991e-01 2.875000e+00 5.000000e-01 0.000000e+00
5.057211e-01 4.756592e-03 5.719991e-01 2.500000e-02 5.000000e-01 0.000000e+00
1.190649e-01 2.299085e-03 5.719991e-01 7.500000e-02 5.000000e-01 0.000000e+00
5.364238e-03 4.980580e-04 5.719991e-01 1.250000e-01 5.000000e-01 0.000000e+00
9.951074e-04 2.121582e-04 5.719991e-01 1.750000e-01 5.000000e-01 0.000000e+00
1.088874e-03 2.222661e-04 5.719991e-01 2.250000e-01 5.000000e-01 0.000000e+00
1.624924e-03 2.708214e-04 5.719991e-01 2.750000e-01 5.000000e-01 0.000000e+00
1.701106e-03 2.759565e-04 5.719991e-01 3.250000e-01 5.000000e-01 0.000000e+00
1.246310e-03 2.355314e-04 5.719991e-01 3.750000e-01 5.000000e-01 0.000000e+00
1.647121e-03 2.671992e-04 5.719991e-01 4.250000e-01 5.000000e-01 0.000000e+00
6.096319e-04 1.629313e-04 5.719991e-01 4.750000e-01 5.000000e-01 0.000000e+00
1.213202e-03 2.292742e-04 5.719991e-01 5.250000e-01 5.000000e-01 0.000000e+00
1.558730e-03 2.597890e-04 5.719991e-01 5.750000e-01 5.000000e-01 0.000000e+00
6.905815e-04 1.726459e-04 5.719991e-01 6.250000e-01 5.000000e-01 0.000000e+00
1.129657e-03 2.134858e-04 5.719991e-01 6.750000e-01 5.000000e-01 0.000000e+00
2.313738e-03 3.091871e-04 5.719991e-01 7.250000e-01 5.000000e-01 0.000000e+00
1.405032e-03 2.409617e-04 5.719991e-01 7.750000e-01 5.000000e-01 0.000000e+00
1.901052e-03 2.802958e-04 5.719991e-01 8.250000e-01 5.000000e-01 0.000000e+00
1.926496e-03 2.780668e-04 5.719991e-01 8.750000e-01 5.000000e-01 0.000000e+00
1.567217e-03 2.477999e-04 5.719991e-01 9.250000e-01 5.000000e-01 0.000000e+00
2.067624e-03 2.867292e-04 5.719991e-01 9.750000e-01 5.000000e-01 0.000000e+00
2.628376e-03 3.235323e-04 5.719991e-01 1.025000e+00 5.000000e-01 0.000000e+00
1.900283e-03 2.742833e-04 5.719991e-01 1.075000e+00 5.000000e-01 0.000000e+00
2.752353e-03 3.243696e-04 5.719991e-01 1.125000e+00 5.000000e-01 0.000000e+00
2.406837e-03 3.008564e-04 5.719991e-01 1.175000e+00 5.000000e-01 0.000000e+00
2.043380e-03 2.780699e-04 5.719991e-01 1.225000e+00 5.000000e-01 0.000000e+00
2.130992e-03 2.847669e-04 5.719991e-01 1.275000e+00 5.000000e-01 0.000000e+00
2.319295e-03 2.945526e-04 5.719991e-01 1.325000e+00 5.000000e-01 0.000000e+00
1.684823e-03 2.484152e-04 5.719991e-01 1.375000e+00 5.000000e-01 0.000000e+00
1.421047e-03 2.246890e-04 5.719991e-01 1.425000e+00 5.000000e-01 0.000000e+00
1.417228e-03 2.240852e-04 5.719991e-01 1.475000e+00 5.000000e-01 0.000000e+00
1.551141e-03 2.338456e-04 5.719991e-01 1.525000e+00 5.000000e-01 0.000000e+00
1.686692e-03 2.434555e-04 5.719991e-01 1.575000e+00 5.000000e-01 0.000000e+00
2.212061e-03 2.765105e-04 5.719991e-01 1.625000e+00 5.000000e-01 0.000000e+00
1.750312e-03 2.427264e-04 5.719991e-01 1.675000e+00 5.000000e-01 0.000000e+00
1.515413e-03 2.234376e-04 5.719991e-01 1.725000e+00 5.000000e-01 0.000000e+00
1.043871e-03 1.845344e-04 5.719991e-01 1.775000e+00 5.000000e-01 0.000000e+00
1.281357e-03 2.026027e-04 5.719991e-01 1.825000e+00 5.000000e-01 0.000000e+00
1.453107e-03 2.142511e-04 5.719991e-01 1.875000e+00 5.000000e-01 0.000000e+00
1.302463e-03 2.009783e-04 5.719991e-01 1.925000e+00 5.000000e-01 0.000000e+00
1.330499e-03 2.005828e-04 5.719991e-01 1.975000e+00 5.000000e-01 0.000000e+00
8.084594e-04 1.527867e-04 5.719991e-01 2.025000e+00 5.000000e-01 0.000000e+00
9.155434e-04 1.570170e-04 5.719991e-01 2.075000e+00 5.000000e-01 0.000000e+00
8.160237e-04 1.442559e-04 5.719991e-01 2.125000e+00 5.000000e-01 0.000000e+00
6.418737e-04 1.258845e-04 5.719991e-01 2.175000e+00 5.000000e-01 0.000000e+00
7.787990e-04 1.376764e-04 5.719991e-01 2.225000e+00 5.000000e-01 0.000000e+00
7.628779e-04 1.348613e-04 5.719991e-01 2.275000e+00 5.000000e-01 0.000000e+00
9.464393e-04 1.535355e-04 5.719991e-01 2.325000e+00 5.000000e-01 0.000000e+00
4.408660e-04 1.102183e-04 5.719991e-01 2.375000e+00 5.000000e-01 0.000000e+00
3.626183e-04 1.046799e-04 5.719991e-01 2.425000e+00 5.000000e-01 0.000000e+00
7.266853e-04 1.549329e-04 5.719991e-01 2.475000e+00 5.000000e-01 0.000000e+00
6.443370e-04 1.518754e-04 5.719991e-01 2.525000e+00 5.000000e-01 0.000000e+00
7.792902e-04 1.742616e-04 5.719991e-01 2.575000e+00 5.000000e-01 0.000000e+00
6.136494e-04 1.640128e-04 5.719991e-01 2.625000e+00 5.000000e-01 0.000000e+00
3.034329e-04 1.238843e-04 5.719991e-01 2.675000e+00 5.000000e-01 0.000000e+00
1.335498e-03 2.847454e-04 5.719991e-01 2.725000e+00 5.000000e-01 0.000000e+00
4.741111e-04 1.935812e-04 5.719991e-01 2.775000e+00 5.000000e-01 0.000000e+00
9.479549e-04 3.351943e-04 5.719991e-01 2.825000e+00 5.000000e-01 0.000000e+00
0.000000e+00 0.000000e+00 5.719991e-01 2.875000e+00 5.000000e-01 0.000000e+00
5.116547e-01 4.789575e-03 5.819991e-01 2.500000e-02 5.000000e-01 0.000000e+00
1.208424e-01 2.364469e-03 5.819991e-01 7.500000e-02 5.000000e-01 0.000000e+00
6.019931e-03 5.239688e-04 5.819991e-01 1.250000e-01 5.000000e-01 0.000000e+00
2.174053e-03 3.137983e-04 5.819991e-01 1.750000e-01 5.000000e-01 0.000000e+00
1.278672e-03 2.416469e-04 5.819991e-01 2.250000e-01 5.000000e-01 0.000000e+00
1.813061e-03 2.866708e-04 5.819991e-01 2.750000e-01 5.000000e-01 0.000000e+00
1.524276e-03 2.614122e-04 5.819991e-01 3.250000e-01 5.000000e-01 0.000000e+00
1.781967e-03 2.817541e-04 5.819991e-01 3.750000e-01 5.000000e-01 0.000000e+00
6.067514e-04 1.621616e-04 5.819991e-01 4.250000e-01 5.000000e-01 0.000000e+00
9.582384e-04 2.042976e-04 5.819991e-01 4.750000e-01 5.000000e-01 0.000000e+00
1.123625e-03 2.203618e-04 5.819991e-01 5.250000e-01 5.000000e-01 0.000000e+00
6.910803e-04 1.727710e-04 5.819991e-01 5.750000e-01 5.000000e-01 0.000000e+00
6.912290e-04 1.728075e-04 5.819991e-01 6.250000e-01 5.000000e-01 0.000000e+00
1.334003e-03 2.358216e-04 5.819991e-01 6.750000e-01 5.000000e-01 0.000000e+00
1.453973e-03 2.423298e-04 5.819991e-01 7.250000e-01 5.000000e-01 0.000000e+00
9.890387e-04 2.018877e-04 5.819991e-01 7.750000e-01 5.000000e-01 0.000000e+00
1.417202e-03 2.430489e-04 5.819991e-01 8.250000e-01 5.000000e-01 0.000000e+00
1.578412e-03 2.560538e-04 5.819991e-01 8.750000e-01 5.000000e-01 0.000000e+00
1.699054e-03 2.621705e-04 5.819991e-01 9.250000e-01 5.000000e-01 0.000000e+00
2.120721e-03 2.885950e-04 5.819991e-01 9.750000e-01 5.000000e-01 0.000000e+00
1.970842e-03 2.787202e-04 5.819991e-01 1.025000e+00 5.000000e-01 0.000000e+00
2.213757e-03 2.958275e-04 5.819991e-01 1.075000e+00 5.000000e-01 0.000000e+00
1.986791e-03 2.809762e-04 5.819991e-01 1.125000e+00 5.000000e-01 0.000000e+00
2.092489e-03 2.847531e-04 5.819991e-01 1.175000e+00 5.000000e-01 0.000000e+00
2.629755e-03 3.143178e-04 5.819991e-01 1.225000e+00 5.000000e-01 0.000000e+00
1.834275e-03 2.594071e-04 5.819991e-01 1.275000e+00 5.000000e-01 0.000000e+00
2.121187e-03 2.785280e-04 5.819991e-01 1.325000e+00 5.000000e-01 0.000000e+00
1.688606e-03 2.489727e-04 5.819991e-01 1.375000e+00 5.000000e-01 0.000000e+00
1.829892e-03 2.587876e-04 5.819991e-01 1.425000e+00 5.000000e-01 0.000000e+00
2.240384e-03 2.845312e-04 5.819991e-01 1.475000e+00 5.000000e-01 0.000000e+00
1.410360e-03 2.229992e-04 5.819991e-01 1.525000e+00 5.000000e-01 0.000000e+00
1.451388e-03 2.239568e-04 5.819991e-01 1.575000e+00 5.000000e-01 0.000000e+00
2.160798e-03 2.701019e-04 5.819991e-01 1.625000e+00 5.000000e-01 0.000000e+00
1.679479e-03 2.375167e-04 5.819991e-01 1.675000e+00 5.000000e-01 0.000000e+00
1.400897e-03 2.161648e-04 5.819991e-01 1.725000e+00 5.000000e-01 0.000000e+00
1.376340e-03 2.123758e-04 5.819991e-01 1.775000e+00 5.000000e-01 0.000000e+00
1.161804e-03 1.936362e-04 5.819991e-01 1.825000e+00 5.000000e-01 0.000000e+00
1.582339e-03 2.237801e-04 5.819991e-01 1.875000e+00 5.000000e-01 0.000000e+00
1.795222e-03 2.357270e-04 5.819991e-01 1.925000e+00 5.000000e-01 0.000000e+00
8.118217e-04 1.534226e-04 5.819991e-01 1.975000e+00 5.000000e-01 0.000000e+00
9.848959e-04 1.641515e-04 5.819991e-01 2.025000e+00 5.000000e-01 0.000000e+00
1.141608e-03 1.721066e-04 5.819991e-01 2.075000e+00 5.000000e-01 0.000000e+00
9.099967e-04 1.516702e-04 5.819991e-01 2.125000e+00 5.000000e-01 0.000000e+00
3.483864e-04 9.311261e-05 5.819991e-01 2.175000e+00 5.000000e-01 0.000000e+00
1.032873e-03 1.593795e-04 5.819991e-01 2.225000e+00 5.000000e-01 0.000000e+00
5.689317e-04 1.212985e-04 5.819991e-01 2.275000e+00 5.000000e-01 0.000000e+00
6.304882e-04 1.344229e-04 5.819991e-01 2.325000e+00 5.000000e-01 0.000000e+00
8.889156e-04 1.679938e-04 5.819991e-01 2.375000e+00 5.000000e-01 0.000000e+00
7.586623e-04 1.617535e-04 5.819991e-01 2.425000e+00 5.000000e-01 0.000000e+00
5.214852e-04 1.393822e-04 5.819991e-01 2.475000e+00 5.000000e-01 0.000000e+00
4.916800e-04 1.419391e-04 5.819991e-01 2.525000e+00 5.000000e-01 0.000000e+00
6.454606e-04 1.725173e-04 5.819991e-01 2.575000e+00 5.000000e-01 0.000000e+00
6.406847e-04 1.849636e-04 5.819991e-01 2.625000e+00 5.000000e-01 0.000000e+00
1.281619e-03 2.865926e-04 5.819991e-01 2.675000e+00 5.000000e-01 0.000000e+00
6.636592e-04 2.346666e-04 5.819991e-01 2.725000e+00 5.000000e-01 0.000000e+00
0.000000e+00 0.000000e+00 5.819991e-01 2.775000e+00 5.000000e-01 0.000000e+00
6.386452e-04 4.515904e-04 5.819991e-01 2.825000e+00 5.000000e-01 0.000000e+00
0.000000e+00 0.000000e+00 5.819991e-01 2.875000e+00 5.000000e-01 0.000000e+00
5.147623e-01 4.870584e-03 5.919991e-01 2.500000e-02 5.000000e-01 0.000000e+00
1.196817e-01 2.372847e-03 5.919991e-01 7.500000e-02 5.000000e-01 0.000000e+00
7.426471e-03 5.799113e-04 5.919991e-01 1.250000e-01 5.000000e-01 0.000000e+00
1.801439e-03 2.848333e-04 5.919991e-01 1.750000e-01 5.000000e-01 0.000000e+00
1.827428e-03 2.889421e-04 5.919991e-01 2.250000e-01 5.000000e-01 0.000000e+00
1.359259e-03 2.481662e-04 5.919991e-01 2.750000e-01 5.000000e-01 0.000000e+00
2.149463e-03 3.102489e-04 5.919991e-01 3.250000e-01 5.000000e-01 0.000000e+00
1.610217e-03 2.683701e-04 5.919991e-01 3.750000e-01 5.000000e-01 0.000000e+00
2.006223e-03 2.958023e-04 5.919991e-01 4.250000e-01 5.000000e-01 0.000000e+00
1.310210e-03 2.392113e-04 5.919991e-01 4.750000e-01 5.000000e-01 0.000000e+00
8.701238e-04 1.945663e-04 5.919991e-01 5.250000e-01 5.000000e-01 0.000000e+00
6.031147e-04 1.611898e-04 5.919991e-01 5.750000e-01 5.000000e-01 0.000000e+00
1.377270e-03 2.434698e-04 5.919991e-01 6.250000e-01 5.000000e-01 0.000000e+00
1.634512e-03 2.651537e-04 5.919991e-01 6.750000e-01 5.000000e-01 0.000000e+00
1.149028e-03 2.171463e-04 5.919991e-01 7.250000e-01 5.000000e-01 0.000000e+00
1.886432e-03 2.781406e-04 5.919991e-01 7.750000e-01 5.000000e-01 0.000000e+00
1.574038e-03 2.553436e-04 5.919991e-01 8.250000e-01 5.000000e-01 0.000000e+00
1.738666e-03 2.682828e-04 5.919991e-01 8.750000e-01 5.000000e-01 0.000000e+00
1.403547e-03 2.407073e-04 5.919991e-01 9.250000e-01 5.000000e-01 0.000000e+00
1.798280e-03 2.711018e-04 5.919991e-01 9.750000e-01 5.000000e-01 0.000000e+00
1.795638e-03 2.647541e-04 5.919991e-01 1.025000e+00 5.000000e-01 0.000000e+00
1.843121e-03 2.660327e-04 5.919991e-01 1.075000e+00 5.000000e-01 0.000000e+00
2.309767e-03 2.981918e-04 5.919991e-01 1.125000e+00 5.000000e-01 0.000000e+00
2.141361e-03 2.861525e-04 5.919991e-01 1.175000e+00 5.000000e-01 0.000000e+00
2.295841e-03 2.963929e-04 5.919991e-01 1.225000e+00 5.000000e-01 0.000000e+00
2.359045e-03 2.996006e-04 5.919991e-01 1.275000e+00 5.000000e-01 0.000000e+00
2.146357e-03 2.818322e-04 5.919991e-01 1.325000e+00 5.000000e-01 0.000000e+00
1.908227e-03 2.646252e-04 5.919991e-01 1.375000e+00 5.000000e-01 0.000000e+00
2.510142e-03 3.000213e-04 5.919991e-01 1.425000e+00 5.000000e-01 0.000000e+00
2.532031e-03 2.984051e-04 5.919991e-01 1.475000e+00 5.000000e-01 0.000000e+00
1.335109e-03 2.165848e-04 5.919991e-01 1.525000e+00 5.000000e-01 0.000000e+00
1.468160e-03 2.265439e-04 5.919991e-01 1.575000e+00 5.000000e-01 0.000000e+00
1.808188e-03 2.507526e-04 5.919991e-01 1.625000e+00 5.000000e-01 0.000000e+00
2.095789e-03 2.661683e-04 5.919991e-01 1.675000e+00 5.000000e-01 0.000000e+00
2.047090e-03 2.599838e-04 5.919991e-01 1.725000e+00 5.000000e-01 0.000000e+00
1.521556e-03 2.243436e-04 5.919991e-01 1.775000e+00 5.000000e-01 0.000000e+00
1.480740e-03 2.183254e-04 5.919991e-01 1.825000e+00 5.000000e-01 0.000000e+00
1.112416e-03 1.854049e-04 5.919991e-01 1.875000e+00 5.000000e-01 0.000000e+00
1.415272e-03 2.042793e-04 5.919991e-01 1.925000e+00 5.000000e-01 0.000000e+00
1.382923e-03 1.955785e-04 5.919991e-01 1.975000e+00 5.000000e-01 0.000000e+00
7.917216e-04 1.445505e-04 5.919991e-01 2.025000e+00 5.000000e-01 0.000000e+00
1.097354e-03 1.693284e-04 5.919991e-01 2.075000e+00 5.000000e-01 0.000000e+00
1.112474e-03 1.677150e-04 5.919991e-01 2.125000e+00 5.000000e-01 0.000000e+00
8.148791e-04 1.440553e-04 5.919991e-01 2.175000e+00 5.000000e-01 0.000000e+00
7.538564e-04 1.424684e-04 5.919991e-01 2.225000e+00 5.000000e-01 0.000000e+00
4.160985e-04 1.112098e-04 5.919991e-01 2.275000e+00 5.000000e-01 0.000000e+00
6.003798e-04 1.415137e-04 5.919991e-01 2.325000e+00 5.000000e-01 0.000000e+00
5.033963e-04 1.345402e-04 5.919991e-01 2.375000e+00 5.000000e-01 0.000000e+00
8.568481e-04 1.826865e-04 5.919991e-01 2.425000e+00 5.000000e-01 0.000000e+00
8.614927e-04 1.926407e-04 5.919991e-01 2.475000e+00 5.000000e-01 0.000000e+00
1.062801e-03 2.265950e-04 5.919991e-01 2.525000e+00 5.000000e-01 0.000000e+00
9.000560e-04 2.250168e-04 5.919991e-01 2.575000e+00 5.000000e-01 0.000000e+00
5.457503e-04 1.929657e-04 5.919991e-01 2.625000e+00 5.000000e-01 0.000000e+00
1.065468e-03 3.075934e-04 5.919991e-01 2.675000e+00 5.000000e-01 0.000000e+00
1.974480e-03 5.277101e-04 5.919991e-01 2.725000e+00 5.000000e-01 0.000000e+00
0.000000e+00 0.000000e+00 5.919991e-01 2.775000e+00 5.000000e-01 0.000000e+00
0.000000e+00 0.000000e+00 5.919991e-01 2.825000e+00 5.000000e-01 0.000000e+00
nan nan 5.919991e-01 2.875000e+00 5.000000e-01 0.000000e+00
4.981802e-01 4.932729e-03 6.019991e-01 2.500000e-02 5.000000e-01 0.000000e+00
1.173409e-01 2.315541e-03 6.019991e-01 7.500000e-02 5.000000e-01 0.000000e+00
5.444750e-03 4.929458e-04 6.019991e-01 1.250000e-01 5.000000e-01 0.000000e+00
2.323102e-03 3.221571e-04 6.019991e-01 1.750000e-01 5.000000e-01 0.000000e+00
1.539297e-03 2.639881e-04 6.019991e-01 2.250000e-01 5.000000e-01 0.000000e+00
1.739727e-03 2.822217e-04 6.019991e-01 2.750000e-01 5.000000e-01 0.000000e+00
1.259413e-03 2.380077e-04 6.019991e-01 3.250000e-01 5.000000e-01 0.000000e+00
1.344801e-03 2.455267e-04 6.019991e-01 3.750000e-01 5.000000e-01 0.000000e+00
1.403154e-03 2.480458e-04 6.019991e-01 4.250000e-01 5.000000e-01 0.000000e+00
1.563435e-03 2.605734e-04 6.019991e-01 4.750000e-01 5.000000e-01 0.000000e+00
1.048125e-03 2.139483e-04 6.019991e-01 5.250000e-01 5.000000e-01 0.000000e+00
6.057805e-04 1.619022e-04 6.019991e-01 5.750000e-01 5.000000e-01 0.000000e+00
1.038710e-03 2.120268e-04 6.019991e-01 6.250000e-01 5.000000e-01 0.000000e+00
1.039747e-03 2.122380e-04 6.019991e-01 6.750000e-01 5.000000e-01 0.000000e+00
4.314504e-04 1.364367e-04 6.019991e-01 7.250000e-01 5.000000e-01 0.000000e+00
1.224600e-03 2.235810e-04 6.019991e-01 7.750000e-01 5.000000e-01 0.000000e+00
1.708115e-03 2.635688e-04 6.019991e-01 8.250000e-01 5.000000e-01 0.000000e+00
1.627624e-03 2.573509e-04 6.019991e-01 8.750000e-01 5.000000e-01 0.000000e+00
2.260773e-03 3.021097e-04 6.019991e-01 9.250000e-01 5.000000e-01 0.000000e+00
2.004466e-03 2.834754e-04 6.019991e-01 9.750000e-01 5.000000e-01 0.000000e+00
2.474846e-03 3.143073e-04 6.019991e-01 1.025000e+00 5.000000e-01 0.000000e+00
1.255664e-03 2.219729e-04 6.019991e-01 1.075000e+00 5.000000e-01 0.000000e+00
1.458066e-03 2.365306e-04 6.019991e-01 1.125000e+00 5.000000e-01 0.000000e+00
3.103712e-03 3.427494e-04 6.019991e-01 1.175000e+00 5.000000e-01 0.000000e+00
2.116960e-03 2.828924e-04 6.019991e-01 1.225000e+00 5.000000e-01 0.000000e+00
2.627190e-03 3.140112e-04 6.019991e-01 1.275000e+00 5.000000e-01 0.000000e+00
2.517893e-03 3.053411e-04 6.019991e-01 1.325000e+00 5.000000e-01 0.000000e+00
2.589379e-03 3.094924e-04 6.019991e-01 1.375000e+00 5.000000e-01 0.000000e+00
2.483763e-03 3.012025e-04 6.019991e-01 1.425000e+00 5.000000e-01 0.000000e+00
2.395039e-03 2.948118e-04 6.019991e-01 1.475000e+00 5.000000e-01 0.000000e+00
2.324181e-03 2.860898e-04 6.019991e-01 1.525000e+00 5.000000e-01 0.000000e+00
1.870685e-03 2.545705e-04 6.019991e-01 1.575000e+00 5.000000e-01 0.000000e+00
1.658202e-03 2.393431e-04 6.019991e-01 1.625000e+00 5.000000e-01 0.000000e+00
1.824256e-03 2.482529e-04 6.019991e-01 1.675000e+00 5.000000e-01 0.000000e+00
1.194158e-03 1.990282e-04 6.019991e-01 1.725000e+00 5.000000e-01 0.000000e+00
1.358550e-03 2.096314e-04 6.019991e-01 1.775000e+00 5.000000e-01 0.000000e+00
2.284418e-03 2.692236e-04 6.019991e-01 1.825000e+00 5.000000e-01 0.000000e+00
1.232778e-03 1.902241e-04 6.019991e-01 1.875000e+00 5.000000e-01 0.000000e+00
1.326661e-03 1.914889e-04 6.019991e-01 1.925000e+00 5.000000e-01 0.000000e+00
1.735411e-03 2.169290e-04 6.019991e-01 1.975000e+00 5.000000e-01 0.000000e+00
1.059787e-03 1.675691e-04 6.019991e-01 2.025000e+00 5.000000e-01 0.000000e+00
1.087146e-03 1.677528e-04 6.019991e-01 2.075000e+00 5.000000e-01 0.000000e+00
1.052817e-03 1.664671e-04 6.019991e-01 2.125000e+00 5.000000e-01 0.000000e+00
6.167623e-04 1.314972e-04 6.019991e-01 2.175000e+00 5.000000e-01 0.000000e+00
7.447887e-04 1.520324e-04 6.019991e-01 2.225000e+00 5.000000e-01 0.000000e+00
7.003883e-04 1.566150e-04 6.019991e-01 2.275000e+00 5.000000e-01 0.000000e+00
7.540403e-04 1.686140e-04 6.019991e-01 2.325000e+00 5.000000e-01 0.000000e+00
5.718828e-04 1.528484e-04 6.019991e-01 2.375000e+00 5.000000e-01 0.000000e+00
4.516917e-04 1.428405e-04 6.019991e-01 2.425000e+00 5.000000e-01 0.000000e+00
1.236648e-03 2.524374e-04 6.019991e-01 2.475000e+00 5.000000e-01 0.000000e+00
8.339455e-04 2.228876e-04 6.019991e-01 2.525000e+00 5.000000e-01 0.000000e+00
8.803918e-04 2.541505e-04 6.019991e-01 2.575000e+00 5.000000e-01 0.000000e+00
1.933287e-04 1.367041e-04 6.019991e-01 2.625000e+00 5.000000e-01 0.000000e+00
3.105937e-04 2.196230e-04 6.019991e-01 2.675000e+00 5.000000e-01 0.000000e+00
7.990594e-04 5.650203e-04 6.019991e-01 2.725000e+00 5.000000e-01 0.000000e+00
0.000000e+00 0.000000e+00 6.019991e-01 2.775000e+00 5.000000e-01 0.000000e+00
nan nan 6.019991e-01 2.825000e+00 5.000000e-01 0.000000e+00
nan nan 6.019991e-01 2.875000e+00 5.000000e-01 0.000000e+00
4.812289e-01 4.711605e-03 6.119991e-01 2.500000e-02 5.000000e-01 0.000000e+00
1.148220e-01 2.274711e-03 6.119991e-01 7.500000e-02 5.000000e-01 0.000000e+00
6.942913e-03 5.558787e-04 6.119991e-01 1.250000e-01 5.000000e-01 0.000000e+00
1.435639e-03 2.537881e-04 6.119991e-01 1.750000e-01 5.000000e-01 0.000000e+00
1.172800e-03 2.300054e-04 6.119991e-01 2.250000e-01 5.000000e-01 0.000000e+00
1.891004e-03 2.917891e-04 6.119991e-01 2.750000e-01 5.000000e-01 0.000000e+00
1.977508e-03 2.981212e-04 6.119991e-01 3.250000e-01 5.000000e-01 0.000000e+00
1.413365e-03 2.498504e-04 6.119991e-01 3.750000e-01 5.000000e-01 0.000000e+00
1.216813e-03 2.299567e-04 6.119991e-01 4.250000e-01 5.000000e-01 0.000000e+00
1.360265e-03 2.404636e-04 6.119991e-01 4.750000e-01 5.000000e-01 0.000000e+00
9.502446e-04 2.025935e-04 6.119991e-01 5.250000e-01 5.000000e-01 0.000000e+00
1.305912e-03 2.384267e-04 6.119991e-01 5.750000e-01 5.000000e-01 0.000000e+00
6.029746e-04 1.611525e-04 6.119991e-01 6.250000e-01 5.000000e-01 0.000000e+00
5.942149e-04 1.588109e-04 6.119991e-01 6.750000e-01 5.000000e-01 0.000000e+00
1.518915e-03 2.531533e-04 6.119991e-01 7.250000e-01 5.000000e-01 0.000000e+00
1.605844e-03 2.605033e-04 6.119991e-01 7.750000e-01 5.000000e-01 0.000000e+00
1.300810e-03 2.299540e-04 6.119991e-01 8.250000e-01 5.000000e-01 0.000000e+00
1.820519e-03 2.684222e-04 6.119991e-01 8.750000e-01 5.000000e-01 0.000000e+00
1.203916e-03 2.198053e-04 6.119991e-01 9.250000e-01 5.000000e-01 0.000000e+00
1.440361e-03 2.400606e-04 6.119991e-01 9.750000e-01 5.000000e-01 0.000000e+00
1.983470e-03 2.805063e-04 6.119991e-01 1.025000e+00 5.000000e-01 0.000000e+00
1.898011e-03 2.739555e-04 6.119991e-01 1.075000e+00 5.000000e-01 0.000000e+00
1.738874e-03 2.621462e-04 6.119991e-01 1.125000e+00 5.000000e-01 0.000000e+00
2.035553e-03 2.822821e-04 6.119991e-01 1.175000e+00 5.000000e-01 0.000000e+00
2.271141e-03 2.932048e-04 6.119991e-01 1.225000e+00 5.000000e-01 0.000000e+00
1.773879e-03 2.560393e-04 6.119991e-01 1.275000e+00 5.000000e-01 0.000000e+00
1.989979e-03 2.708034e-04 6.119991e-01 1.325000e+00 5.000000e-01 0.000000e+00
2.186485e-03 2.822757e-04 6.119991e-01 1.375000e+00 5.000000e-01 0.000000e+00
1.962519e-03 2.670671e-04 6.119991e-01 1.425000e+00 5.000000e-01 0.000000e+00
1.906699e-03 2.594707e-04 6.119991e-01 1.475000e+00 5.000000e-01 0.000000e+00
2.110621e-03 2.724817e-04 6.119991e-01 1.525000e+00 5.000000e-01 0.000000e+00
9.727788e-04 1.838393e-04 6.119991e-01 1.575000e+00 5.000000e-01 0.000000e+00
2.174094e-03 2.717641e-04 6.119991e-01 1.625000e+00 5.000000e-01 0.000000e+00
1.828985e-03 2.488964e-04 6.119991e-01 1.675000e+00 5.000000e-01 0.000000e+00
1.822089e-03 2.434895e-04 6.119991e-01 1.725000e+00 5.000000e-01 0.000000e+00
1.466211e-03 2.161827e-04 6.119991e-01 1.775000e+00 5.000000e-01 0.000000e+00
1.646883e-03 2.200764e-04 6.119991e-01 1.825000e+00 5.000000e-01 0.000000e+00
1.966494e-03 2.350440e-04 6.119991e-01 1.875000e+00 5.000000e-01 0.000000e+00
1.261521e-03 1.860037e-04 6.119991e-01 1.925000e+00 5.000000e-01 0.000000e+00
1.390386e-03 1.928141e-04 6.119991e-01 1.975000e+00 5.000000e-01 0.000000e+00
1.013495e-03 1.644129e-04 6.119991e-01 2.025000e+00 5.000000e-01 0.000000e+00
9.809098e-04 1.634887e-04 6.119991e-01 2.075000e+00 5.000000e-01 0.000000e+00
5.264420e-04 1.240853e-04 6.119991e-01 2.125000e+00 5.000000e-01 0.000000e+00
9.801567e-04 1.789540e-04 6.119991e-01 2.175000e+00 5.000000e-01 0.000000e+00
3.675539e-04 1.162335e-04 6.119991e-01 2.225000e+00 5.000000e-01 0.000000e+00
6.294619e-04 1.573683e-04 6.119991e-01 2.275000e+00 5.000000e-01 0.000000e+00
7.756898e-04 1.828360e-04 6.119991e-01 2.325000e+00 5.000000e-01 0.000000e+00
5.738144e-04 1.656489e-04 6.119991e-01 2.375000e+00 5.000000e-01 0.000000e+00
4.357358e-04 1.540567e-04 6.119991e-01 2.425000e+00 5.000000e-01 0.000000e+00
5.139873e-04 1.817257e-04 6.119991e-01 2.475000e+00 5.000000e-01 0.000000e+00
9.453269e-04 2.729092e-04 6.119991e-01 2.525000e+00 5.000000e-01 0.000000e+00
1.061463e-03 3.356724e-04 6.119991e-01 2.575000e+00 5.000000e-01 0.000000e+00
1.087367e-03 4.439162e-04 6.119991e-01 2.625000e+00 5.000000e-01 0.000000e+00
2.071943e-03 1.036026e-03 6.119991e-01 2.675000e+00 5.000000e-01 0.000000e+00
0.000000e+00 0.000000e+00 6.119991e-01 2.725000e+00 5.000000e-01 0.000000e+00
nan nan 6.119991e-01 2.775000e+00 5.000000e-01 0.000000e+00
nan nan 6.119991e-01 2.825000e+00 5.000000e-01 0.000000e+00
nan nan 6.119991e-01 2.875000e+00 5.000000e-01 0.000000e+00
4.967679e-01 4.748609e-03 6.219991e-01 2.500000e-02 5.000000e-01 0.000000e+00
1.162849e-01 2.300084e-03 6.219991e-01 7.500000e-02 5.000000e-01 0.000000e+00
5.820910e-03 5.105287e-04 6.219991e-01 1.250000e-01 5.000000e-01 0.000000e+00
2.147907e-03 3.100244e-04 6.219991e-01 1.750000e-01 5.000000e-01 0.000000e+00
1.170267e-03 2.295088e-04 6.219991e-01 2.250000e-01 5.000000e-01 0.000000e+00
1.427062e-03 2.522719e-04 6.219991e-01 2.750000e-01 5.000000e-01 0.000000e+00
1.158426e-03 2.271864e-04 6.219991e-01 3.250000e-01 5.000000e-01 0.000000e+00
1.945950e-03 2.933638e-04 6.219991e-01 3.750000e-01 5.000000e-01 0.000000e+00
1.052246e-03 2.147894e-04 6.219991e-01 4.250000e-01 5.000000e-01 0.000000e+00
1.436227e-03 2.463119e-04 6.219991e-01 4.750000e-01 5.000000e-01 0.000000e+00
8.539156e-04 1.909418e-04 6.219991e-01 5.250000e-01 5.000000e-01 0.000000e+00
1.210075e-03 2.286837e-04 6.219991e-01 5.750000e-01 5.000000e-01 0.000000e+00
1.211732e-03 2.289970e-04 6.219991e-01 6.250000e-01 5.000000e-01 0.000000e+00
1.117402e-03 2.191415e-04 6.219991e-01 6.750000e-01 5.000000e-01 0.000000e+00
1.015365e-03 2.072614e-04 6.219991e-01 7.250000e-01 5.000000e-01 0.000000e+00
1.092379e-03 2.142339e-04 6.219991e-01 7.750000e-01 5.000000e-01 0.000000e+00
1.846586e-03 2.783844e-04 6.219991e-01 8.250000e-01 5.000000e-01 0.000000e+00
1.321974e-03 2.336952e-04 6.219991e-01 8.750000e-01 5.000000e-01 0.000000e+00
1.831193e-03 2.699955e-04 6.219991e-01 9.250000e-01 5.000000e-01 0.000000e+00
1.576409e-03 2.492534e-04 6.219991e-01 9.750000e-01 5.000000e-01 0.000000e+00
2.605009e-03 3.206562e-04 6.219991e-01 1.025000e+00 5.000000e-01 0.000000e+00
2.115624e-03 2.879012e-04 6.219991e-01 1.075000e+00 5.000000e-01 0.000000e+00
1.644217e-03 2.537101e-04 6.219991e-01 1.125000e+00 5.000000e-01 0.000000e+00
1.920807e-03 2.716449e-04 6.219991e-01 1.175000e+00 5.000000e-01 0.000000e+00
2.601624e-03 3.154953e-04 6.219991e-01 1.225000e+00 5.000000e-01 0.000000e+00
2.268804e-03 2.929029e-04 6.219991e-01 1.275000e+00 5.000000e-01 0.000000e+00
1.485038e-03 2.348061e-04 6.219991e-01 1.325000e+00 5.000000e-01 0.000000e+00
1.861965e-03 2.633236e-04 6.219991e-01 1.375000e+00 5.000000e-01 0.000000e+00
2.027758e-03 2.709724e-04 6.219991e-01 1.425000e+00 5.000000e-01 0.000000e+00
1.370227e-03 2.222818e-04 6.219991e-01 1.475000e+00 5.000000e-01 0.000000e+00
1.613582e-03 2.379120e-04 6.219991e-01 1.525000e+00 5.000000e-01 0.000000e+00
1.465440e-03 2.261241e-04 6.219991e-01 1.575000e+00 5.000000e-01 0.000000e+00
1.174010e-03 2.013426e-04 6.219991e-01 1.625000e+00 5.000000e-01 0.000000e+00
1.987955e-03 2.566458e-04 6.219991e-01 1.675000e+00 5.000000e-01 0.000000e+00
1.337627e-03 2.064019e-04 6.219991e-01 1.725000e+00 5.000000e-01 0.000000e+00
2.140499e-03 2.522627e-04 6.219991e-01 1.775000e+00 5.000000e-01 0.000000e+00
1.992214e-03 2.381177e-04 6.219991e-01 1.825000e+00 5.000000e-01 0.000000e+00
1.346785e-03 1.943941e-04 6.219991e-01 1.875000e+00 5.000000e-01 0.000000e+00
1.255618e-03 1.851326e-04 6.219991e-01 1.925000e+00 5.000000e-01 0.000000e+00
7.120394e-04 1.396442e-04 6.219991e-01 1.975000e+00 5.000000e-01 0.000000e+00
1.194264e-03 1.842810e-04 6.219991e-01 2.025000e+00 5.000000e-01 0.000000e+00
9.154010e-04 1.671311e-04 6.219991e-01 2.075000e+00 5.000000e-01 0.000000e+00
1.319505e-03 2.140565e-04 6.219991e-01 2.125000e+00 5.000000e-01 0.000000e+00
9.116859e-04 1.861014e-04 6.219991e-01 2.175000e+00 5.000000e-01 0.000000e+00
7.475329e-04 1.761975e-04 6.219991e-01 2.225000e+00 5.000000e-01 0.000000e+00
9.949155e-04 2.121227e-04 6.219991e-01 2.275000e+00 5.000000e-01 0.000000e+00
7.126365e-04 1.904620e-04 6.219991e-01 2.325000e+00 5.000000e-01 0.000000e+00
6.952356e-04 2.007030e-04 6.219991e-01 2.375000e+00 5.000000e-01 0.000000e+00
5.496072e-04 1.943194e-04 6.219991e-01 2.425000e+00 5.000000e-01 0.000000e+00
6.855557e-04 2.423909e-04 6.219991e-01 2.475000e+00 5.000000e-01 0.000000e+00
9.646886e-04 3.410948e-04 6.219991e-01 2.525000e+00 5.000000e-01 0.000000e+00
7.923113e-04 3.961598e-04 6.219991e-01 2.575000e+00 5.000000e-01 0.000000e+00
1.493083e-03 1.055769e-03 6.219991e-01 2.625000e+00 5.000000e-01 0.000000e+00
0.000000e+00 0.000000e+00 6.219991e-01 2.675000e+00 5.000000e-01 0.000000e+00
nan nan 6.219991e-01 2.725000e+00 5.000000e-01 0.000000e+00
nan nan 6.219991e-01 2.775000e+00 5.000000e-01 0.000000e+00
nan nan 6.219991e-01 2.825000e+00 5.000000e-01 0.000000e+00
nan nan 6.219991e-01 2.875000e+00 5.000000e-01 0.000000e+00
4.610010e-01 4.578988e-03 6.319991e-01 2.500000e-02 5.000000e-01 0.000000e+00
1.223828e-01 2.357008e-03 6.319991e-01 7.500000e-02 5.000000e-01 0.000000e+00
5.781439e-03 5.110124e-04 6.319991e-01 1.250000e-01 5.000000e-01 0.000000e+00
2.063028e-03 3.041775e-04 6.319991e-01 1.750000e-01 5.000000e-01 0.000000e+00
1.690722e-03 2.742721e-04 6.319991e-01 2.250000e-01 5.000000e-01 0.000000e+00
1.688778e-03 2.739566e-04 6.319991e-01 2.750000e-01 5.000000e-01 0.000000e+00
1.246849e-03 2.356331e-04 6.319991e-01 3.250000e-01 5.000000e-01 0.000000e+00
1.078482e-03 2.201447e-04 6.319991e-01 3.750000e-01 5.000000e-01 0.000000e+00
1.168713e-03 2.292039e-04 6.319991e-01 4.250000e-01 5.000000e-01 0.000000e+00
8.634216e-04 1.930678e-04 6.319991e-01 4.750000e-01 5.000000e-01 0.000000e+00
1.345969e-03 2.379368e-04 6.319991e-01 5.250000e-01 5.000000e-01 0.000000e+00
7.663574e-04 1.806326e-04 6.319991e-01 5.750000e-01 5.000000e-01 0.000000e+00
6.034082e-04 1.612683e-04 6.319991e-01 6.250000e-01 5.000000e-01 0.000000e+00
1.023600e-03 2.089421e-04 6.319991e-01 6.750000e-01 5.000000e-01 0.000000e+00
1.110515e-03 2.177904e-04 6.319991e-01 7.250000e-01 5.000000e-01 0.000000e+00
8.518775e-04 1.904863e-04 6.319991e-01 7.750000e-01 5.000000e-01 0.000000e+00
1.023624e-03 2.089472e-04 6.319991e-01 8.250000e-01 5.000000e-01 0.000000e+00
1.334016e-03 2.358239e-04 6.319991e-01 8.750000e-01 5.000000e-01 0.000000e+00
1.646688e-03 2.603656e-04 6.319991e-01 9.250000e-01 5.000000e-01 0.000000e+00
1.288641e-03 2.278026e-04 6.319991e-01 9.750000e-01 5.000000e-01 0.000000e+00
1.571547e-03 2.484844e-04 6.319991e-01 1.025000e+00 5.000000e-01 0.000000e+00
1.858964e-03 2.683195e-04 6.319991e-01 1.075000e+00 5.000000e-01 0.000000e+00
2.444867e-03 3.056100e-04 6.319991e-01 1.125000e+00 5.000000e-01 0.000000e+00
2.127515e-03 2.843024e-04 6.319991e-01 1.175000e+00 5.000000e-01 0.000000e+00
2.993937e-03 3.347343e-04 6.319991e-01 1.225000e+00 5.000000e-01 0.000000e+00
1.863407e-03 2.635271e-04 6.319991e-01 1.275000e+00 5.000000e-01 0.000000e+00
2.057536e-03 2.749514e-04 6.319991e-01 1.325000e+00 5.000000e-01 0.000000e+00
2.769177e-03 3.176481e-04 6.319991e-01 1.375000e+00 5.000000e-01 0.000000e+00
1.978223e-03 2.692041e-04 6.319991e-01 1.425000e+00 5.000000e-01 0.000000e+00
1.999529e-03 2.672005e-04 6.319991e-01 1.475000e+00 5.000000e-01 0.000000e+00
2.232040e-03 2.790072e-04 6.319991e-01 1.525000e+00 5.000000e-01 0.000000e+00
2.346695e-03 2.845812e-04 6.319991e-01 1.575000e+00 5.000000e-01 0.000000e+00
1.468658e-03 2.214103e-04 6.319991e-01 1.625000e+00 5.000000e-01 0.000000e+00
2.450938e-03 2.775166e-04 6.319991e-01 1.675000e+00 5.000000e-01 0.000000e+00
2.248234e-03 2.578927e-04 6.319991e-01 1.725000e+00 5.000000e-01 0.000000e+00
1.574737e-03 2.142977e-04 6.319991e-01 1.775000e+00 5.000000e-01 0.000000e+00
2.135148e-03 2.482086e-04 6.319991e-01 1.825000e+00 5.000000e-01 0.000000e+00
1.792306e-03 2.240421e-04 6.319991e-01 1.875000e+00 5.000000e-01 0.000000e+00
1.396912e-03 1.975560e-04 6.319991e-01 1.925000e+00 5.000000e-01 0.000000e+00
1.775687e-03 2.292442e-04 6.319991e-01 1.975000e+00 5.000000e-01 0.000000e+00
1.101407e-03 1.888927e-04 6.319991e-01 2.025000e+00 5.000000e-01 0.000000e+00
7.334924e-04 1.640161e-04 6.319991e-01 2.075000e+00 5.000000e-01 0.000000e+00
7.176827e-04 1.691608e-04 6.319991e-01 2.125000e+00 5.000000e-01 0.000000e+00
1.152051e-03 2.259414e-04 6.319991e-01 2.175000e+00 5.000000e-01 0.000000e+00
5.699623e-04 1.645368e-04 6.319991e-01 2.225000e+00 5.000000e-01 0.000000e+00
7.569387e-04 2.023046e-04 6.319991e-01 2.275000e+00 5.000000e-01 0.000000e+00
1.124652e-03 2.650859e-04 6.319991e-01 2.325000e+00 5.000000e-01 0.000000e+00
2.974319e-04 1.487177e-04 6.319991e-01 2.375000e+00 5.000000e-01 0.000000e+00
3.810896e-04 1.905487e-04 6.319991e-01 2.425000e+00 5.000000e-01 0.000000e+00
2.635620e-04 1.863665e-04 6.319991e-01 2.475000e+00 5.000000e-01 0.000000e+00
1.008811e-03 5.044085e-04 6.319991e-01 2.525000e+00 5.000000e-01 0.000000e+00
0.000000e+00 0.000000e+00 6.319991e-01 2.575000e+00 5.000000e-01 0.000000e+00
0.000000e+00 0.000000e+00 6.319991e-01 2.625000e+00 5.000000e-01 0.000000e+00
nan nan 6.319991e-01 2.675000e+00 5.000000e-01 0.000000e+00
nan nan 6.319991e-01 2.725000e+00 5.000000e-01 0.000000e+00
nan nan 6.319991e-01 2.775000e+00 5.000000e-01 0.000000e+00
nan nan 6.319991e-01 2.825000e+00 5.000000e-01 0.000000e+00
nan nan 6.319991e-01 2.875000e+00 5.000000e-01 0.000000e+00
4.879094e-01 4.706264e-03 6.419991e-01 2.500000e-02 5.000000e-01 0.000000e+00
1.266946e-01 2.394307e-03 6.419991e-01 7.500000e-02 5.000000e-01 0.000000e+00
5.856555e-03 5.136550e-04 6.419991e-01 1.250000e-01 5.000000e-01 0.000000e+00
2.173925e-03 3.137798e-04 6.419991e-01 1.750000e-01 5.000000e-01 0.000000e+00
1.085089e-03 2.214934e-04 6.419991e-01 2.250000e-01 5.000000e-01 0.000000e+00
1.972091e-03 2.973047e-04 6.419991e-01 2.750000e-01 5.000000e-01 0.000000e+00
1.345216e-03 2.456022e-04 6.419991e-01 3.250000e-01 5.000000e-01 0.000000e+00
9.869911e-04 2.104276e-04 6.419991e-01 3.750000e-01 5.000000e-01 0.000000e+00
1.348109e-03 2.461305e-04 6.419991e-01 4.250000e-01 5.000000e-01 0.000000e+00
1.163801e-03 2.282409e-04 6.419991e-01 4.750000e-01 5.000000e-01 0.000000e+00
1.353428e-03 2.392554e-04 6.419991e-01 5.250000e-01 5.000000e-01 0.000000e+00
3.386139e-04 1.197187e-04 6.419991e-01 5.750000e-01 5.000000e-01 0.000000e+00
1.104099e-03 2.165324e-04 6.419991e-01 6.250000e-01 5.000000e-01 0.000000e+00
5.938107e-04 1.587030e-04 6.419991e-01 6.750000e-01 5.000000e-01 0.000000e+00
1.177737e-03 2.225724e-04 6.419991e-01 7.250000e-01 5.000000e-01 0.000000e+00
2.083433e-03 2.946434e-04 6.419991e-01 7.750000e-01 5.000000e-01 0.000000e+00
1.002467e-03 2.046281e-04 6.419991e-01 8.250000e-01 5.000000e-01 0.000000e+00
1.246187e-03 2.275226e-04 6.419991e-01 8.750000e-01 5.000000e-01 0.000000e+00
1.651504e-03 2.611267e-04 6.419991e-01 9.250000e-01 5.000000e-01 0.000000e+00
2.055150e-03 2.906433e-04 6.419991e-01 9.750000e-01 5.000000e-01 0.000000e+00
2.100594e-03 2.913012e-04 6.419991e-01 1.025000e+00 5.000000e-01 0.000000e+00
1.770917e-03 2.669775e-04 6.419991e-01 1.075000e+00 5.000000e-01 0.000000e+00
2.923900e-03 3.398985e-04 6.419991e-01 1.125000e+00 5.000000e-01 0.000000e+00
1.653284e-03 2.551082e-04 6.419991e-01 1.175000e+00 5.000000e-01 0.000000e+00
1.705170e-03 2.570654e-04 6.419991e-01 1.225000e+00 5.000000e-01 0.000000e+00
1.345938e-03 2.243242e-04 6.419991e-01 1.275000e+00 5.000000e-01 0.000000e+00
1.937526e-03 2.686886e-04 6.419991e-01 1.325000e+00 5.000000e-01 0.000000e+00
1.856492e-03 2.625490e-04 6.419991e-01 1.375000e+00 5.000000e-01 0.000000e+00
1.954053e-03 2.659148e-04 6.419991e-01 1.425000e+00 5.000000e-01 0.000000e+00
2.074014e-03 2.723336e-04 6.419991e-01 1.475000e+00 5.000000e-01 0.000000e+00
2.079226e-03 2.730180e-04 6.419991e-01 1.525000e+00 5.000000e-01 0.000000e+00
2.080659e-03 2.642461e-04 6.419991e-01 1.575000e+00 5.000000e-01 0.000000e+00
1.956947e-03 2.485343e-04 6.419991e-01 1.625000e+00 5.000000e-01 0.000000e+00
1.496486e-03 2.116369e-04 6.419991e-01 1.675000e+00 5.000000e-01 0.000000e+00
1.297897e-03 1.956672e-04 6.419991e-01 1.725000e+00 5.000000e-01 0.000000e+00
1.955402e-03 2.371301e-04 6.419991e-01 1.775000e+00 5.000000e-01 0.000000e+00
1.865989e-03 2.296896e-04 6.419991e-01 1.825000e+00 5.000000e-01 0.000000e+00
1.906906e-03 2.347267e-04 6.419991e-01 1.875000e+00 5.000000e-01 0.000000e+00
1.241698e-03 1.963316e-04 6.419991e-01 1.925000e+00 5.000000e-01 0.000000e+00
1.519013e-03 2.290034e-04 6.419991e-01 1.975000e+00 5.000000e-01 0.000000e+00
7.712798e-04 1.724655e-04 6.419991e-01 2.025000e+00 5.000000e-01 0.000000e+00
1.287946e-03 2.351504e-04 6.419991e-01 2.075000e+00 5.000000e-01 0.000000e+00
8.243791e-04 1.943109e-04 6.419991e-01 2.125000e+00 5.000000e-01 0.000000e+00
1.308600e-03 2.566425e-04 6.419991e-01 2.175000e+00 5.000000e-01 0.000000e+00
9.327505e-04 2.331917e-04 6.419991e-01 2.225000e+00 5.000000e-01 0.000000e+00
6.733076e-04 2.129238e-04 6.419991e-01 2.275000e+00 5.000000e-01 0.000000e+00
6.413358e-04 2.267538e-04 6.419991e-01 2.325000e+00 5.000000e-01 0.000000e+00
6.456459e-04 2.635874e-04 6.419991e-01 2.375000e+00 5.000000e-01 0.000000e+00
9.499211e-04 3.878044e-04 6.419991e-01 2.425000e+00 5.000000e-01 0.000000e+00
2.037153e-03 8.316764e-04 6.419991e-01 2.475000e+00 5.000000e-01 0.000000e+00
0.000000e+00 0.000000e+00 6.419991e-01 2.525000e+00 5.000000e-01 0.000000e+00
nan nan 6.419991e-01 2.575000e+00 5.000000e-01 0.000000e+00
nan nan 6.419991e-01 2.625000e+00 5.000000e-01 0.000000e+00
nan nan 6.419991e-01 2.675000e+00 5.000000e-01 0.000000e+00
nan nan 6.419991e-01 2.725000e+00 5.000000e-01 0.000000e+00
nan nan 6.419991e-01 2.775000e+00 5.000000e-01 0.000000e+00
nan nan 6.419991e-01 2.825000e+00 5.000000e-01 0.000000e+00
nan nan 6.419991e-01 2.875000e+00 5.000000e-01 0.000000e+00
4.717912e-01 4.617432e-03 6.519991e-01 2.500000e-02 5.000000e-01 0.000000e+00
1.273794e-01 2.402106e-03 6.519991e-01 7.500000e-02 5.000000e-01 0.000000e+00
8.561106e-03 6.243841e-04 6.519991e-01 1.250000e-01 5.000000e-01 0.000000e+00
2.479546e-03 3.374243e-04 6.519991e-01 1.750000e-01 5.000000e-01 0.000000e+00
1.741908e-03 2.825753e-04 6.519991e-01 2.250000e-01 5.000000e-01 0.000000e+00
1.272182e-03 2.404207e-04 6.519991e-01 2.750000e-01 5.000000e-01 0.000000e+00
1.166650e-03 2.287992e-04 6.519991e-01 3.250000e-01 5.000000e-01 0.000000e+00
1.432523e-03 2.532373e-04 6.519991e-01 3.750000e-01 5.000000e-01 0.000000e+00
1.079760e-03 2.204052e-04 6.519991e-01 4.250000e-01 5.000000e-01 0.000000e+00
8.103889e-04 1.910108e-04 6.519991e-01 4.750000e-01 5.000000e-01 0.000000e+00
1.059605e-03 2.162916e-04 6.519991e-01 5.250000e-01 5.000000e-01 0.000000e+00
8.260989e-04 1.847222e-04 6.519991e-01 5.750000e-01 5.000000e-01 0.000000e+00
8.922048e-04 1.902195e-04 6.519991e-01 6.250000e-01 5.000000e-01 0.000000e+00
8.335429e-04 1.863865e-04 6.519991e-01 6.750000e-01 5.000000e-01 0.000000e+00
8.332590e-04 1.863230e-04 6.519991e-01 7.250000e-01 5.000000e-01 0.000000e+00
5.857062e-04 1.565373e-04 6.519991e-01 7.750000e-01 5.000000e-01 0.000000e+00
1.669921e-03 2.640386e-04 6.519991e-01 8.250000e-01 5.000000e-01 0.000000e+00
1.574212e-03 2.553716e-04 6.519991e-01 8.750000e-01 5.000000e-01 0.000000e+00
1.303071e-03 2.303536e-04 6.519991e-01 9.250000e-01 5.000000e-01 0.000000e+00
1.428773e-03 2.381299e-04 6.519991e-01 9.750000e-01 5.000000e-01 0.000000e+00
1.897751e-03 2.739182e-04 6.519991e-01 1.025000e+00 5.000000e-01 0.000000e+00
1.498761e-03 2.431323e-04 6.519991e-01 1.075000e+00 5.000000e-01 0.000000e+00
1.804715e-03 2.660918e-04 6.519991e-01 1.125000e+00 5.000000e-01 0.000000e+00
1.933018e-03 2.733714e-04 6.519991e-01 1.175000e+00 5.000000e-01 0.000000e+00
2.043214e-03 2.780480e-04 6.519991e-01 1.225000e+00 5.000000e-01 0.000000e+00
1.573797e-03 2.428436e-04 6.519991e-01 1.275000e+00 5.000000e-01 0.000000e+00
2.153415e-03 2.827592e-04 6.519991e-01 1.325000e+00 5.000000e-01 0.000000e+00
1.605120e-03 2.419815e-04 6.519991e-01 1.375000e+00 5.000000e-01 0.000000e+00
1.528970e-03 2.359266e-04 6.519991e-01 1.425000e+00 5.000000e-01 0.000000e+00
2.653362e-03 3.043631e-04 6.519991e-01 1.475000e+00 5.000000e-01 0.000000e+00
1.983699e-03 2.560963e-04 6.519991e-01 1.525000e+00 5.000000e-01 0.000000e+00
2.143032e-03 2.598829e-04 6.519991e-01 1.575000e+00 5.000000e-01 0.000000e+00
1.634167e-03 2.223838e-04 6.519991e-01 1.625000e+00 5.000000e-01 0.000000e+00
1.477545e-03 2.089583e-04 6.519991e-01 1.675000e+00 5.000000e-01 0.000000e+00
1.237191e-03 1.909044e-04 6.519991e-01 1.725000e+00 5.000000e-01 0.000000e+00
1.766871e-03 2.281043e-04 6.519991e-01 1.775000e+00 5.000000e-01 0.000000e+00
1.592786e-03 2.208823e-04 6.519991e-01 1.825000e+00 5.000000e-01 0.000000e+00
1.319124e-03 2.085740e-04 6.519991e-01 1.875000e+00 5.000000e-01 0.000000e+00
1.271568e-03 2.180744e-04 6.519991e-01 1.925000e+00 5.000000e-01 0.000000e+00
1.645644e-03 2.602037e-04 6.519991e-01 1.975000e+00 5.000000e-01 0.000000e+00
1.428226e-03 2.524798e-04 6.519991e-01 2.025000e+00 5.000000e-01 0.000000e+00
1.482440e-03 2.706604e-04 6.519991e-01 2.075000e+00 5.000000e-01 0.000000e+00
9.958155e-04 2.347210e-04 6.519991e-01 2.125000e+00 5.000000e-01 0.000000e+00
7.565934e-04 2.184138e-04 6.519991e-01 2.175000e+00 5.000000e-01 0.000000e+00
7.237575e-04 2.288810e-04 6.519991e-01 2.225000e+00 5.000000e-01 0.000000e+00
5.387527e-04 2.199524e-04 6.519991e-01 2.275000e+00 5.000000e-01 0.000000e+00
2.389573e-04 1.689683e-04 6.519991e-01 2.325000e+00 5.000000e-01 0.000000e+00
1.872024e-03 5.919957e-04 6.519991e-01 2.375000e+00 5.000000e-01 0.000000e+00
0.000000e+00 0.000000e+00 6.519991e-01 2.425000e+00 5.000000e-01 0.000000e+00
0.000000e+00 0.000000e+00 6.519991e-01 2.475000e+00 5.000000e-01 0.000000e+00
nan nan 6.519991e-01 2.525000e+00 5.000000e-01 0.000000e+00
nan nan 6.519991e-01 2.575000e+00 5.000000e-01 0.000000e+00
nan nan 6.519991e-01 2.625000e+00 5.000000e-01 0.000000e+00
nan nan 6.519991e-01 2.675000e+00 5.000000e-01 0.000000e+00
nan nan 6.519991e-01 2.725000e+00 5.000000e-01 0.000000e+00
nan nan 6.519991e-01 2.775000e+00 5.000000e-01 0.000000e+00
nan nan 6.519991e-01 2.825000e+00 5.000000e-01 0.000000e+00
nan nan 6.519991e-01 2.875000e+00 5.000000e-01 0.000000e+00
4.795109e-01 4.668013e-03 6.619990e-01 2.500000e-02 5.000000e-01 0.000000e+00
1.249765e-01 2.390176e-03 6.619990e-01 7.500000e-02 5.000000e-01 0.000000e+00
7.892191e-03 6.017750e-04 6.619990e-01 1.250000e-01 5.000000e-01 0.000000e+00
2.023121e-03 3.049976e-04 6.619990e-01 1.750000e-01 5.000000e-01 0.000000e+00
1.369460e-03 2.500286e-04 6.619990e-01 2.250000e-01 5.000000e-01 0.000000e+00
1.004434e-03 2.141465e-04 6.619990e-01 2.750000e-01 5.000000e-01 0.000000e+00
1.181307e-03 2.316738e-04 6.619990e-01 3.250000e-01 5.000000e-01 0.000000e+00
9.985855e-04 2.128995e-04 6.619990e-01 3.750000e-01 5.000000e-01 0.000000e+00
8.083013e-04 1.905193e-04 6.619990e-01 4.250000e-01 5.000000e-01 0.000000e+00
1.781487e-03 2.816787e-04 6.619990e-01 4.750000e-01 5.000000e-01 0.000000e+00
1.056226e-03 2.156018e-04 6.619990e-01 5.250000e-01 5.000000e-01 0.000000e+00
1.579410e-03 2.632354e-04 6.619990e-01 5.750000e-01 5.000000e-01 0.000000e+00
5.950178e-04 1.590258e-04 6.619990e-01 6.250000e-01 5.000000e-01 0.000000e+00
1.290784e-03 2.281811e-04 6.619990e-01 6.750000e-01 5.000000e-01 0.000000e+00
5.577082e-04 1.490542e-04 6.619990e-01 7.250000e-01 5.000000e-01 0.000000e+00
1.276323e-03 2.256248e-04 6.619990e-01 7.750000e-01 5.000000e-01 0.000000e+00
1.348491e-03 2.312654e-04 6.619990e-01 8.250000e-01 5.000000e-01 0.000000e+00
1.838369e-03 2.710539e-04 6.619990e-01 8.750000e-01 5.000000e-01 0.000000e+00
1.115175e-03 2.107493e-04 6.619990e-01 9.250000e-01 5.000000e-01 0.000000e+00
2.120560e-03 2.885730e-04 6.619990e-01 9.750000e-01 5.000000e-01 0.000000e+00
2.096184e-03 2.852562e-04 6.619990e-01 1.025000e+00 5.000000e-01 0.000000e+00
1.707921e-03 2.574797e-04 6.619990e-01 1.075000e+00 5.000000e-01 0.000000e+00
1.627959e-03 2.512009e-04 6.619990e-01 1.125000e+00 5.000000e-01 0.000000e+00
2.301944e-03 2.971813e-04 6.619990e-01 1.175000e+00 5.000000e-01 0.000000e+00
2.434925e-03 3.043680e-04 6.619990e-01 1.225000e+00 5.000000e-01 0.000000e+00
2.527491e-03 3.065053e-04 6.619990e-01 1.275000e+00 5.000000e-01 0.000000e+00
1.825597e-03 2.581802e-04 6.619990e-01 1.325000e+00 5.000000e-01 0.000000e+00
1.516003e-03 2.339256e-04 6.619990e-01 1.375000e+00 5.000000e-01 0.000000e+00
1.813574e-03 2.514999e-04 6.619990e-01 1.425000e+00 5.000000e-01 0.000000e+00
2.178443e-03 2.681500e-04 6.619990e-01 1.475000e+00 5.000000e-01 0.000000e+00
1.623861e-03 2.251910e-04 6.619990e-01 1.525000e+00 5.000000e-01 0.000000e+00
1.729273e-03 2.310853e-04 6.619990e-01 1.575000e+00 5.000000e-01 0.000000e+00
2.138354e-03 2.555843e-04 6.619990e-01 1.625000e+00 5.000000e-01 0.000000e+00
1.794054e-03 2.316131e-04 6.619990e-01 1.675000e+00 5.000000e-01 0.000000e+00
1.922873e-03 2.403628e-04 6.619990e-01 1.725000e+00 5.000000e-01 0.000000e+00
1.847183e-03 2.425496e-04 6.619990e-01 1.775000e+00 5.000000e-01 0.000000e+00
2.478098e-03 2.920493e-04 6.619990e-01 1.825000e+00 5.000000e-01 0.000000e+00
1.782033e-03 2.627491e-04 6.619990e-01 1.875000e+00 5.000000e-01 0.000000e+00
1.027689e-03 2.097779e-04 6.619990e-01 1.925000e+00 5.000000e-01 0.000000e+00
1.308157e-03 2.472212e-04 6.619990e-01 1.975000e+00 5.000000e-01 0.000000e+00
1.965502e-03 3.188528e-04 6.619990e-01 2.025000e+00 5.000000e-01 0.000000e+00
8.113278e-04 2.168376e-04 6.619990e-01 2.075000e+00 5.000000e-01 0.000000e+00
4.039495e-04 1.649162e-04 6.619990e-01 2.125000e+00 5.000000e-01 0.000000e+00
1.148478e-03 3.069486e-04 6.619990e-01 2.175000e+00 5.000000e-01 0.000000e+00
1.018221e-03 3.219958e-04 6.619990e-01 2.225000e+00 5.000000e-01 0.000000e+00
1.105333e-03 3.908041e-04 6.619990e-01 2.275000e+00 5.000000e-01 0.000000e+00
0.000000e+00 0.000000e+00 6.619990e-01 2.325000e+00 5.000000e-01 0.000000e+00
1.548850e-03 1.095202e-03 6.619990e-01 2.375000e+00 5.000000e-01 0.000000e+00
0.000000e+00 0.000000e+00 6.619990e-01 2.425000e+00 5.000000e-01 0.000000e+00
nan nan 6.619990e-01 2.475000e+00 5.000000e-01 0.000000e+00
nan nan 6.619990e-01 2.525000e+00 5.000000e-01 0.000000e+00
nan nan 6.619990e-01 2.575000e+00 5.000000e-01 0.000000e+00
nan nan 6.619990e-01 2.625000e+00 5.000000e-01 0.000000e+00
nan nan 6.619990e-01 2.675000e+00 5.000000e-01 0.000000e+00
nan nan 6.619990e-01 2.725000e+00 5.000000e-01 0.000000e+00
nan nan 6.619990e-01 2.775000e+00 5.000000e-01 0.000000e+00
nan nan 6.619990e-01 2.825000e+00 5.000000e-01 0.000000e+00
nan nan 6.619990e-01 2.875000e+00 5.000000e-01 0.000000e+00
4.635697e-01 4.646406e-03 6.719990e-01 2.500000e-02 5.000000e-01 0.000000e+00
1.242705e-01 2.393365e-03 6.719990e-01 7.500000e-02 5.000000e-01 0.000000e+00
8.757260e-03 6.287358e-04 6.719990e-01 1.250000e-01 5.000000e-01 0.000000e+00
1.540778e-03 2.642419e-04 6.719990e-01 1.750000e-01 5.000000e-01 0.000000e+00
2.155260e-03 3.110859e-04 6.719990e-01 2.250000e-01 5.000000e-01 0.000000e+00
1.261074e-03 2.383214e-04 6.719990e-01 2.750000e-01 5.000000e-01 0.000000e+00
1.610408e-03 2.684020e-04 6.719990e-01 3.250000e-01 5.000000e-01 0.000000e+00
1.258486e-03 2.378323e-04 6.719990e-01 3.750000e-01 5.000000e-01 0.000000e+00
1.443643e-03 2.552030e-04 6.719990e-01 4.250000e-01 5.000000e-01 0.000000e+00
1.621190e-03 2.701995e-04 6.719990e-01 4.750000e-01 5.000000e-01 0.000000e+00
1.073060e-03 2.190382e-04 6.719990e-01 5.250000e-01 5.000000e-01 0.000000e+00
1.059172e-03 2.162032e-04 6.719990e-01 5.750000e-01 5.000000e-01 0.000000e+00
1.139381e-03 2.234521e-04 6.719990e-01 6.250000e-01 5.000000e-01 0.000000e+00
1.730491e-03 2.736156e-04 6.719990e-01 6.750000e-01 5.000000e-01 0.000000e+00
1.457203e-03 2.499093e-04 6.719990e-01 7.250000e-01 5.000000e-01 0.000000e+00
6.836673e-04 1.709177e-04 6.719990e-01 7.750000e-01 5.000000e-01 0.000000e+00
1.265627e-03 2.310715e-04 6.719990e-01 8.250000e-01 5.000000e-01 0.000000e+00
1.892323e-03 2.790088e-04 6.719990e-01 8.750000e-01 5.000000e-01 0.000000e+00
1.859537e-03 2.741749e-04 6.719990e-01 9.250000e-01 5.000000e-01 0.000000e+00
2.410825e-03 3.112372e-04 6.719990e-01 9.750000e-01 5.000000e-01 0.000000e+00
1.681916e-03 2.595268e-04 6.719990e-01 1.025000e+00 5.000000e-01 0.000000e+00
1.589351e-03 2.512994e-04 6.719990e-01 1.075000e+00 5.000000e-01 0.000000e+00
2.189874e-03 2.926358e-04 6.719990e-01 1.125000e+00 5.000000e-01 0.000000e+00
2.262710e-03 2.971098e-04 6.719990e-01 1.175000e+00 5.000000e-01 0.000000e+00
1.537373e-03 2.430818e-04 6.719990e-01 1.225000e+00 5.000000e-01 0.000000e+00
1.741617e-03 2.567893e-04 6.719990e-01 1.275000e+00 5.000000e-01 0.000000e+00
1.784602e-03 2.575869e-04 6.719990e-01 1.325000e+00 5.000000e-01 0.000000e+00
1.195480e-03 2.050246e-04 6.719990e-01 1.375000e+00 5.000000e-01 0.000000e+00
1.785454e-03 2.429713e-04 6.719990e-01 1.425000e+00 5.000000e-01 0.000000e+00
2.084899e-03 2.566357e-04 6.719990e-01 1.475000e+00 5.000000e-01 0.000000e+00
1.869234e-03 2.413191e-04 6.719990e-01 1.525000e+00 5.000000e-01 0.000000e+00
2.533409e-03 2.797702e-04 6.719990e-01 1.575000e+00 5.000000e-01 0.000000e+00
2.444668e-03 2.733245e-04 6.719990e-01 1.625000e+00 5.000000e-01 0.000000e+00
1.814718e-03 2.382861e-04 6.719990e-01 1.675000e+00 5.000000e-01 0.000000e+00
2.096295e-03 2.620392e-04 6.719990e-01 1.725000e+00 5.000000e-01 0.000000e+00
1.523542e-03 2.350893e-04 6.719990e-01 1.775000e+00 5.000000e-01 0.000000e+00
2.059093e-03 2.912022e-04 6.719990e-01 1.825000e+00 5.000000e-01 0.000000e+00
1.817178e-03 2.873246e-04 6.719990e-01 1.875000e+00 5.000000e-01 0.000000e+00
1.408119e-03 2.661136e-04 6.719990e-01 1.925000e+00 5.000000e-01 0.000000e+00
1.456839e-03 2.857147e-04 6.719990e-01 1.975000e+00 5.000000e-01 0.000000e+00
1.257750e-03 2.812457e-04 6.719990e-01 2.025000e+00 5.000000e-01 0.000000e+00
7.299687e-04 2.308371e-04 6.719990e-01 2.075000e+00 5.000000e-01 0.000000e+00
1.018368e-03 2.939807e-04 6.719990e-01 2.125000e+00 5.000000e-01 0.000000e+00
1.318263e-03 3.805550e-04 6.719990e-01 2.175000e+00 5.000000e-01 0.000000e+00
9.712705e-04 3.965292e-04 6.719990e-01 2.225000e+00 5.000000e-01 0.000000e+00
0.000000e+00 0.000000e+00 6.719990e-01 2.275000e+00 5.000000e-01 0.000000e+00
0.000000e+00 0.000000e+00 6.719990e-01 2.325000e+00 5.000000e-01 0.000000e+00
nan nan 6.719990e-01 2.375000e+00 5.000000e-01 0.000000e+00
nan nan 6.719990e-01 2.425000e+00 5.000000e-01 0.000000e+00
nan nan 6.719990e-01 2.475000e+00 5.000000e-01 0.000000e+00
nan nan 6.719990e-01 2.525000e+00 5.000000e-01 0.000000e+00
nan nan 6.719990e-01 2.575000e+00 5.000000e-01 0.000000e+00
nan nan 6.719990e-01 2.625000e+00 5.000000e-01 0.000000e+00
nan nan 6.719990e-01 2.675000e+00 5.000000e-01 0.000000e+00
nan nan 6.719990e-01 2.725000e+00 5.000000e-01 0.000000e+00
nan nan 6.719990e-01 2.775000e+00 5.000000e-01 0.000000e+00
nan nan 6.719990e-01 2.825000e+00 5.000000e-01 0.000000e+00
nan nan 6.719990e-01 2.875000e+00 5.000000e-01 0.000000e+00
4.609761e-01 4.582812e-03 6.819990e-01 2.500000e-02 5.000000e-01 0.000000e+00
1.161819e-01 2.305273e-03 6.819990e-01 7.500000e-02 5.000000e-01 0.000000e+00
7.203667e-03 5.730936e-04 6.819990e-01 1.250000e-01 5.000000e-01 0.000000e+00
2.092689e-03 3.085509e-04 6.819990e-01 1.750000e-01 5.000000e-01 0.000000e+00
1.991220e-03 3.001887e-04 6.819990e-01 2.250000e-01 5.000000e-01 0.000000e+00
1.173691e-03 2.301802e-04 6.819990e-01 2.750000e-01 5.000000e-01 0.000000e+00
1.255742e-03 2.373137e-04 6.819990e-01 3.250000e-01 5.000000e-01 0.000000e+00
2.334098e-03 3.236820e-04 6.819990e-01 3.750000e-01 5.000000e-01 0.000000e+00
1.169598e-03 2.293776e-04 6.819990e-01 4.250000e-01 5.000000e-01 0.000000e+00
1.171651e-03 2.297807e-04 6.819990e-01 4.750000e-01 5.000000e-01 0.000000e+00
9.828546e-04 2.095459e-04 6.819990e-01 5.250000e-01 5.000000e-01 0.000000e+00
1.409349e-03 2.491408e-04 6.819990e-01 5.750000e-01 5.000000e-01 0.000000e+00
1.392975e-03 2.462461e-04 6.819990e-01 6.250000e-01 5.000000e-01 0.000000e+00
1.463451e-03 2.509806e-04 6.819990e-01 6.750000e-01 5.000000e-01 0.000000e+00
1.380807e-03 2.440956e-04 6.819990e-01 7.250000e-01 5.000000e-01 0.000000e+00
1.115546e-03 2.187771e-04 6.819990e-01 7.750000e-01 5.000000e-01 0.000000e+00
1.447396e-03 2.482272e-04 6.819990e-01 8.250000e-01 5.000000e-01 0.000000e+00
1.431825e-03 2.455568e-04 6.819990e-01 8.750000e-01 5.000000e-01 0.000000e+00
1.498808e-03 2.498022e-04 6.819990e-01 9.250000e-01 5.000000e-01 0.000000e+00
1.894128e-03 2.792753e-04 6.819990e-01 9.750000e-01 5.000000e-01 0.000000e+00
1.689029e-03 2.606241e-04 6.819990e-01 1.025000e+00 5.000000e-01 0.000000e+00
1.649867e-03 2.545810e-04 6.819990e-01 1.075000e+00 5.000000e-01 0.000000e+00
2.116813e-03 2.880632e-04 6.819990e-01 1.125000e+00 5.000000e-01 0.000000e+00
1.933779e-03 2.734793e-04 6.819990e-01 1.175000e+00 5.000000e-01 0.000000e+00
1.576815e-03 2.433084e-04 6.819990e-01 1.225000e+00 5.000000e-01 0.000000e+00
1.817157e-03 2.569866e-04 6.819990e-01 1.275000e+00 5.000000e-01 0.000000e+00
2.058486e-03 2.657513e-04 6.819990e-01 1.325000e+00 5.000000e-01 0.000000e+00
2.219271e-03 2.691285e-04 6.819990e-01 1.375000e+00 5.000000e-01 0.000000e+00
1.589081e-03 2.247313e-04 6.819990e-01 1.425000e+00 5.000000e-01 0.000000e+00
1.846758e-03 2.424930e-04 6.819990e-01 1.475000e+00 5.000000e-01 0.000000e+00
1.692989e-03 2.303887e-04 6.819990e-01 1.525000e+00 5.000000e-01 0.000000e+00
2.129799e-03 2.582772e-04 6.819990e-01 1.575000e+00 5.000000e-01 0.000000e+00
2.835640e-03 3.057781e-04 6.819990e-01 1.625000e+00 5.000000e-01 0.000000e+00
1.978234e-03 2.643546e-04 6.819990e-01 1.675000e+00 5.000000e-01 0.000000e+00
1.499304e-03 2.432209e-04 6.819990e-01 1.725000e+00 5.000000e-01 0.000000e+00
2.415819e-03 3.287547e-04 6.819990e-01 1.775000e+00 5.000000e-01 0.000000e+00
1.391300e-03 2.629344e-04 6.819990e-01 1.825000e+00 5.000000e-01 0.000000e+00
1.311326e-03 2.676771e-04 6.819990e-01 1.875000e+00 5.000000e-01 0.000000e+00
8.366262e-04 2.236003e-04 6.819990e-01 1.925000e+00 5.000000e-01 0.000000e+00
1.378286e-03 3.081977e-04 6.819990e-01 1.975000e+00 5.000000e-01 0.000000e+00
6.433619e-04 2.274667e-04 6.819990e-01 2.025000e+00 5.000000e-01 0.000000e+00
9.847430e-04 3.114081e-04 6.819990e-01 2.075000e+00 5.000000e-01 0.000000e+00
1.902296e-03 5.084159e-04 6.819990e-01 2.125000e+00 5.000000e-01 0.000000e+00
1.290520e-03 5.268627e-04 6.819990e-01 2.175000e+00 5.000000e-01 0.000000e+00
1.074349e-03 7.596797e-04 6.819990e-01 2.225000e+00 5.000000e-01 0.000000e+00
0.000000e+00 0.000000e+00 6.819990e-01 2.275000e+00 5.000000e-01 0.000000e+00
nan nan 6.819990e-01 2.325000e+00 5.000000e-01 0.000000e+00
nan nan 6.819990e-01 2.375000e+00 5.000000e-01 0.000000e+00
nan nan 6.819990e-01 2.425000e+00 5.000000e-01 0.000000e+00
nan nan 6.819990e-01 2.475000e+00 5.000000e-01 0.000000e+00
nan nan 6.819990e-01 2.525000e+00 5.000000e-01 0.000000e+00
nan nan 6.819990e-01 2.575000e+00 5.000000e-01 0.000000e+00
nan nan 6.819990e-01 2.625000e+00 5.000000e-01 0.000000e+00
nan nan 6.819990e-01 2.675000e+00 5.000000e-01 0.000000e+00
nan nan 6.819990e-01 2.725000e+00 5.000000e-01 0.000000e+00
nan nan 6.819990e-01 2.775000e+00 5.000000e-01 0.000000e+00
nan nan 6.819990e-01 2.825000e+00 5.000000e-01 0.000000e+00
nan nan 6.819990e-01 2.875000e+00 5.000000e-01 0.000000e+00
4.604642e-01 4.839768e-03 6.919990e-01 2.500000e-02 5.000000e-01 0.000000e+00
1.217811e-01 2.447402e-03 6.919990e-01 7.500000e-02 5.000000e-01 0.000000e+00
7.814957e-03 6.065591e-04 6.919990e-01 1.250000e-01 5.000000e-01 0.000000e+00
2.558126e-03 3.418448e-04 6.919990e-01 1.750000e-01 5.000000e-01 0.000000e+00
1.915488e-03 2.955670e-04 6.919990e-01 2.250000e-01 5.000000e-01 0.000000e+00
1.369022e-03 2.499486e-04 6.919990e-01 2.750000e-01 5.000000e-01 0.000000e+00
8.248160e-04 1.944114e-04 6.919990e-01 3.250000e-01 5.000000e-01 0.000000e+00
1.003626e-03 2.139746e-04 6.919990e-01 3.750000e-01 5.000000e-01 0.000000e+00
2.081058e-03 3.068362e-04 6.919990e-01 4.250000e-01 5.000000e-01 0.000000e+00
1.437023e-03 2.540327e-04 6.919990e-01 4.750000e-01 5.000000e-01 0.000000e+00
1.149715e-03 2.254784e-04 6.919990e-01 5.250000e-01 5.000000e-01 0.000000e+00
8.794524e-04 1.966522e-04 6.919990e-01 5.750000e-01 5.000000e-01 0.000000e+00
6.141080e-04 1.641276e-04 6.919990e-01 6.250000e-01 5.000000e-01 0.000000e+00
1.136353e-03 2.228578e-04 6.919990e-01 6.750000e-01 5.000000e-01 0.000000e+00
1.636944e-03 2.655483e-04 6.919990e-01 7.250000e-01 5.000000e-01 0.000000e+00
1.282523e-03 2.341565e-04 6.919990e-01 7.750000e-01 5.000000e-01 0.000000e+00
1.096810e-03 2.151026e-04 6.919990e-01 8.250000e-01 5.000000e-01 0.000000e+00
1.339908e-03 2.368649e-04 6.919990e-01 8.750000e-01 5.000000e-01 0.000000e+00
1.564228e-03 2.537524e-04 6.919990e-01 9.250000e-01 5.000000e-01 0.000000e+00
1.616877e-03 2.556519e-04 6.919990e-01 9.750000e-01 5.000000e-01 0.000000e+00
1.586196e-03 2.508008e-04 6.919990e-01 1.025000e+00 5.000000e-01 0.000000e+00
1.812898e-03 2.672985e-04 6.919990e-01 1.075000e+00 5.000000e-01 0.000000e+00
1.542779e-03 2.439364e-04 6.919990e-01 1.125000e+00 5.000000e-01 0.000000e+00
1.428175e-03 2.316820e-04 6.919990e-01 1.175000e+00 5.000000e-01 0.000000e+00
1.875185e-03 2.600426e-04 6.919990e-01 1.225000e+00 5.000000e-01 0.000000e+00
1.573766e-03 2.320408e-04 6.919990e-01 1.275000e+00 5.000000e-01 0.000000e+00
2.772645e-03 3.025221e-04 6.919990e-01 1.325000e+00 5.000000e-01 0.000000e+00
1.684865e-03 2.336505e-04 6.919990e-01 1.375000e+00 5.000000e-01 0.000000e+00
1.536150e-03 2.217258e-04 6.919990e-01 1.425000e+00 5.000000e-01 0.000000e+00
1.968942e-03 2.500577e-04 6.919990e-01 1.475000e+00 5.000000e-01 0.000000e+00
1.892883e-03 2.485495e-04 6.919990e-01 1.525000e+00 5.000000e-01 0.000000e+00
1.815027e-03 2.517003e-04 6.919990e-01 1.575000e+00 5.000000e-01 0.000000e+00
1.565109e-03 2.415038e-04 6.919990e-01 1.625000e+00 5.000000e-01 0.000000e+00
1.775071e-03 2.739021e-04 6.919990e-01 1.675000e+00 5.000000e-01 0.000000e+00
2.499541e-03 3.466263e-04 6.919990e-01 1.725000e+00 5.000000e-01 0.000000e+00
2.098494e-03 3.318046e-04 6.919990e-01 1.775000e+00 5.000000e-01 0.000000e+00
1.497693e-03 2.937251e-04 6.919990e-01 1.825000e+00 5.000000e-01 0.000000e+00
2.557429e-03 4.043700e-04 6.919990e-01 1.875000e+00 5.000000e-01 0.000000e+00
1.214158e-03 3.035430e-04 6.919990e-01 1.925000e+00 5.000000e-01 0.000000e+00
1.625201e-03 3.830674e-04 6.919990e-01 1.975000e+00 5.000000e-01 0.000000e+00
2.278437e-03 5.094847e-04 6.919990e-01 2.025000e+00 5.000000e-01 0.000000e+00
1.004587e-03 4.101222e-04 6.919990e-01 2.075000e+00 5.000000e-01 0.000000e+00
0.000000e+00 0.000000e+00 6.919990e-01 2.125000e+00 5.000000e-01 0.000000e+00
2.035882e-03 1.439586e-03 6.919990e-01 2.175000e+00 5.000000e-01 0.000000e+00
0.000000e+00 0.000000e+00 6.919990e-01 2.225000e+00 5.000000e-01 0.000000e+00
nan nan 6.919990e-01 2.275000e+00 5.000000e-01 0.000000e+00
nan nan 6.919990e-01 2.325000e+00 5.000000e-01 0.000000e+00
nan nan 6.919990e-01 2.375000e+00 5.000000e-01 0.000000e+00
nan nan 6.919990e-01 2.425000e+00 5.000000e-01 0.000000e+00
nan nan 6.919990e-01 2.475000e+00 5.000000e-01 0.000000e+00
nan nan 6.919990e-01 2.525000e+00 5.000000e-01 0.000000e+00
nan nan 6.919990e-01 2.575000e+00 5.000000e-01 0.000000e+00
nan nan 6.919990e-01 2.625000e+00 5.000000e-01 0.000000e+00
nan nan 6.919990e-01 2.675000e+00 5.000000e-01 0.000000e+00
nan nan 6.919990e-01 2.725000e+00 5.000000e-01 0.000000e+00
nan nan 6.919990e-01 2.775000e+00 5.000000e-01 0.000000e+00
nan nan 6.919990e-01 2.825000e+00 5.000000e-01 0.000000e+00
nan nan 6.919990e-01 2.875000e+00 5.000000e-01 0.000000e+00
4.551866e-01 4.644288e-03 7.019990e-01 2.500000e-02 5.000000e-01 0.000000e+00
1.294092e-01 2.497897e-03 7.019990e-01 7.500000e-02 5.000000e-01 0.000000e+00
8.239734e-03 6.357101e-04 7.019990e-01 1.250000e-01 5.000000e-01 0.000000e+00
1.180682e-03 2.410060e-04 7.019990e-01 1.750000e-01 5.000000e-01 0.000000e+00
2.130183e-03 3.140790e-04 7.019990e-01 2.250000e-01 5.000000e-01 0.000000e+00
9.927104e-04 2.116469e-04 7.019990e-01 2.750000e-01 5.000000e-01 0.000000e+00
9.934263e-04 2.117997e-04 7.019990e-01 3.250000e-01 5.000000e-01 0.000000e+00
1.618825e-03 2.698048e-04 7.019990e-01 3.750000e-01 5.000000e-01 0.000000e+00
9.902791e-04 2.111286e-04 7.019990e-01 4.250000e-01 5.000000e-01 0.000000e+00
8.053074e-04 1.898132e-04 7.019990e-01 4.750000e-01 5.000000e-01 0.000000e+00
1.795230e-03 2.838518e-04 7.019990e-01 5.250000e-01 5.000000e-01 0.000000e+00
1.672855e-03 2.713739e-04 7.019990e-01 5.750000e-01 5.000000e-01 0.000000e+00
1.388725e-03 2.454948e-04 7.019990e-01 6.250000e-01 5.000000e-01 0.000000e+00
1.461863e-03 2.507083e-04 7.019990e-01 6.750000e-01 5.000000e-01 0.000000e+00
1.200371e-03 2.268493e-04 7.019990e-01 7.250000e-01 5.000000e-01 0.000000e+00
1.354036e-03 2.393627e-04 7.019990e-01 7.750000e-01 5.000000e-01 0.000000e+00
1.762042e-03 2.718902e-04 7.019990e-01 8.250000e-01 5.000000e-01 0.000000e+00
1.157875e-03 2.188189e-04 7.019990e-01 8.750000e-01 5.000000e-01 0.000000e+00
1.703928e-03 2.629233e-04 7.019990e-01 9.250000e-01 5.000000e-01 0.000000e+00
1.880880e-03 2.714832e-04 7.019990e-01 9.750000e-01 5.000000e-01 0.000000e+00
1.085575e-03 2.051551e-04 7.019990e-01 1.025000e+00 5.000000e-01 0.000000e+00
1.942638e-03 2.747314e-04 7.019990e-01 1.075000e+00 5.000000e-01 0.000000e+00
1.662969e-03 2.507034e-04 7.019990e-01 1.125000e+00 5.000000e-01 0.000000e+00
2.374617e-03 2.922968e-04 7.019990e-01 1.175000e+00 5.000000e-01 0.000000e+00
1.801232e-03 2.497870e-04 7.019990e-01 1.225000e+00 5.000000e-01 0.000000e+00
2.848359e-03 3.071480e-04 7.019990e-01 1.275000e+00 5.000000e-01 0.000000e+00
2.195912e-03 2.662953e-04 7.019990e-01 1.325000e+00 5.000000e-01 0.000000e+00
2.640193e-03 2.915626e-04 7.019990e-01 1.375000e+00 5.000000e-01 0.000000e+00
1.704258e-03 2.363393e-04 7.019990e-01 1.425000e+00 5.000000e-01 0.000000e+00
1.793399e-03 2.487014e-04 7.019990e-01 1.475000e+00 5.000000e-01 0.000000e+00
1.844061e-03 2.607916e-04 7.019990e-01 1.525000e+00 5.000000e-01 0.000000e+00
2.176169e-03 2.961420e-04 7.019990e-01 1.575000e+00 5.000000e-01 0.000000e+00
1.677370e-03 2.795641e-04 7.019990e-01 1.625000e+00 5.000000e-01 0.000000e+00
2.027560e-03 3.205881e-04 7.019990e-01 1.675000e+00 5.000000e-01 0.000000e+00
2.563438e-03 3.779624e-04 7.019990e-01 1.725000e+00 5.000000e-01 0.000000e+00
8.735194e-04 2.334593e-04 7.019990e-01 1.775000e+00 5.000000e-01 0.000000e+00
1.422576e-03 3.181022e-04 7.019990e-01 1.825000e+00 5.000000e-01 0.000000e+00
1.859120e-03 3.963705e-04 7.019990e-01 1.875000e+00 5.000000e-01 0.000000e+00
2.054186e-03 4.593368e-04 7.019990e-01 1.925000e+00 5.000000e-01 0.000000e+00
1.599153e-03 4.616395e-04 7.019990e-01 1.975000e+00 5.000000e-01 0.000000e+00
8.059317e-04 4.029721e-04 7.019990e-01 2.025000e+00 5.000000e-01 0.000000e+00
9.064680e-04 6.409697e-04 7.019990e-01 2.075000e+00 5.000000e-01 0.000000e+00
0.000000e+00 0.000000e+00 7.019990e-01 2.125000e+00 5.000000e-01 0.000000e+00
nan nan 7.019990e-01 2.175000e+00 5.000000e-01 0.000000e+00
nan nan 7.019990e-01 2.225000e+00 5.000000e-01 0.000000e+00
nan nan 7.019990e-01 2.275000e+00 5.000000e-01 0.000000e+00
nan nan 7.019990e-01 2.325000e+00 5.000000e-01 0.000000e+00
nan nan 7.019990e-01 2.375000e+00 5.000000e-01 0.000000e+00
nan nan 7.019990e-01 2.425000e+00 5.000000e-01 0.000000e+00
nan nan 7.019990e-01 2.475000e+00 5.000000e-01 0.000000e+00
nan nan 7.019990e-01 2.525000e+00 5.000000e-01 0.000000e+00
nan nan 7.019990e-01 2.575000e+00 5.000000e-01 0.000000e+00
nan nan 7.019990e-01 2.625000e+00 5.000000e-01 0.000000e+00
nan nan 7.019990e-01 2.675000e+00 5.000000e-01 0.000000e+00
nan nan 7.019990e-01 2.725000e+00 5.000000e-01 0.000000e+00
nan nan 7.019990e-01 2.775000e+00 5.000000e-01 0.000000e+00
nan nan 7.019990e-01 2.825000e+00 5.000000e-01 0.000000e+00
nan nan 7.019990e-01 2.875000e+00 5.000000e-01 0.000000e+00
4.861203e-01 4.783399e-03 7.119990e-01 2.500000e-02 5.000000e-01 0.000000e+00
1.327529e-01 2.510592e-03 7.119990e-01 7.500000e-02 5.000000e-01 0.000000e+00
8.346862e-03 6.327747e-04 7.119990e-01 1.250000e-01 5.000000e-01 0.000000e+00
1.536143e-03 2.715547e-04 7.119990e-01 1.750000e-01 5.000000e-01 0.000000e+00
1.352150e-03 2.555330e-04 7.119990e-01 2.250000e-01 5.000000e-01 0.000000e+00
1.191014e-03 2.335776e-04 7.119990e-01 2.750000e-01 5.000000e-01 0.000000e+00
1.547869e-03 2.654583e-04 7.119990e-01 3.250000e-01 5.000000e-01 0.000000e+00
1.274758e-03 2.409073e-04 7.119990e-01 3.750000e-01 5.000000e-01 0.000000e+00
1.362576e-03 2.487721e-04 7.119990e-01 4.250000e-01 5.000000e-01 0.000000e+00
1.355069e-03 2.474013e-04 7.119990e-01 4.750000e-01 5.000000e-01 0.000000e+00
1.062996e-03 2.169841e-04 7.119990e-01 5.250000e-01 5.000000e-01 0.000000e+00
5.295653e-04 1.528725e-04 7.119990e-01 5.750000e-01 5.000000e-01 0.000000e+00
1.047727e-03 2.138669e-04 7.119990e-01 6.250000e-01 5.000000e-01 0.000000e+00
1.301896e-03 2.376936e-04 7.119990e-01 6.750000e-01 5.000000e-01 0.000000e+00
1.017253e-03 2.076467e-04 7.119990e-01 7.250000e-01 5.000000e-01 0.000000e+00
1.264648e-03 2.308930e-04 7.119990e-01 7.750000e-01 5.000000e-01 0.000000e+00
1.419426e-03 2.434309e-04 7.119990e-01 8.250000e-01 5.000000e-01 0.000000e+00
1.947966e-03 2.811657e-04 7.119990e-01 8.750000e-01 5.000000e-01 0.000000e+00
1.329609e-03 2.280271e-04 7.119990e-01 9.250000e-01 5.000000e-01 0.000000e+00
1.519710e-03 2.465307e-04 7.119990e-01 9.750000e-01 5.000000e-01 0.000000e+00
1.823735e-03 2.688960e-04 7.119990e-01 1.025000e+00 5.000000e-01 0.000000e+00
1.804203e-03 2.604156e-04 7.119990e-01 1.075000e+00 5.000000e-01 0.000000e+00
1.635657e-03 2.411653e-04 7.119990e-01 1.125000e+00 5.000000e-01 0.000000e+00
1.985927e-03 2.607658e-04 7.119990e-01 1.175000e+00 5.000000e-01 0.000000e+00
2.060064e-03 2.616294e-04 7.119990e-01 1.225000e+00 5.000000e-01 0.000000e+00
1.908146e-03 2.505536e-04 7.119990e-01 1.275000e+00 5.000000e-01 0.000000e+00
1.909951e-03 2.507903e-04 7.119990e-01 1.325000e+00 5.000000e-01 0.000000e+00
2.869399e-03 3.130796e-04 7.119990e-01 1.375000e+00 5.000000e-01 0.000000e+00
2.316057e-03 2.895093e-04 7.119990e-01 1.425000e+00 5.000000e-01 0.000000e+00
1.945077e-03 2.750773e-04 7.119990e-01 1.475000e+00 5.000000e-01 0.000000e+00
1.667671e-03 2.705342e-04 7.119990e-01 1.525000e+00 5.000000e-01 0.000000e+00
1.607344e-03 2.841428e-04 7.119990e-01 1.575000e+00 5.000000e-01 0.000000e+00
1.511815e-03 2.857080e-04 7.119990e-01 1.625000e+00 5.000000e-01 0.000000e+00
1.222621e-03 2.733891e-04 7.119990e-01 1.675000e+00 5.000000e-01 0.000000e+00
2.583741e-03 4.191429e-04 7.119990e-01 1.725000e+00 5.000000e-01 0.000000e+00
2.841506e-03 4.735881e-04 7.119990e-01 1.775000e+00 5.000000e-01 0.000000e+00
1.332817e-03 3.562156e-04 7.119990e-01 1.825000e+00 5.000000e-01 0.000000e+00
1.648655e-03 4.406267e-04 7.119990e-01 1.875000e+00 5.000000e-01 0.000000e+00
1.626469e-03 5.143408e-04 7.119990e-01 1.925000e+00 5.000000e-01 0.000000e+00
5.528104e-04 3.908960e-04 7.119990e-01 1.975000e+00 5.000000e-01 0.000000e+00
1.545017e-03 1.092492e-03 7.119990e-01 2.025000e+00 5.000000e-01 0.000000e+00
0.000000e+00 0.000000e+00 7.119990e-01 2.075000e+00 5.000000e-01 0.000000e+00
nan nan 7.119990e-01 2.125000e+00 5.000000e-01 0.000000e+00
nan nan 7.119990e-01 2.175000e+00 5.000000e-01 0.000000e+00
nan nan 7.119990e-01 2.225000e+00 5.000000e-01 0.000000e+00
nan nan 7.119990e-01 2.275000e+00 5.000000e-01 0.000000e+00
nan nan 7.119990e-01 2.325000e+00 5.000000e-01 0.000000e+00
nan nan 7.119990e-01 2.375000e+00 5.000000e-01 0.000000e+00
nan nan 7.119990e-01 2.425000e+00 5.000000e-01 0.000000e+00
nan nan 7.119990e-01 2.475000e+00 5.000000e-01 0.000000e+00
nan nan 7.119990e-01 2.525000e+00 5.000000e-01 0.000000e+00
nan nan 7.119990e-01 2.575000e+00 5.000000e-01 0.000000e+00
nan nan 7.119990e-01 2.625000e+00 5.000000e-01 0.000000e+00
nan nan 7.119990e-01 2.675000e+00 5.000000e-01 0.000000e+00
nan nan 7.119990e-01 2.725000e+00 5.000000e-01 0.000000e+00
nan nan 7.119990e-01 2.775000e+00 5.000000e-01 0.000000e+00
nan nan 7.119990e-01 2.825000e+00 5.000000e-01 0.000000e+00
nan nan 7.119990e-01 2.875000e+00 5.000000e-01 0.000000e+00
4.969826e-01 4.797802e-03 7.219990e-01 2.500000e-02 5.000000e-01 0.000000e+00
1.393593e-01 2.538430e-03 7.219990e-01 7.500000e-02 5.000000e-01 0.000000e+00
8.775713e-03 6.400359e-04 7.219990e-01 1.250000e-01 5.000000e-01 0.000000e+00
2.454457e-03 3.403730e-04 7.219990e-01 1.750000e-01 5.000000e-01 0.000000e+00
1.423692e-03 2.599300e-04 7.219990e-01 2.250000e-01 5.000000e-01 0.000000e+00
1.127425e-03 2.301353e-04 7.219990e-01 2.750000e-01 5.000000e-01 0.000000e+00
1.002393e-03 2.137115e-04 7.219990e-01 3.250000e-01 5.000000e-01 0.000000e+00
1.441742e-03 2.548671e-04 7.219990e-01 3.750000e-01 5.000000e-01 0.000000e+00
1.077889e-03 2.200238e-04 7.219990e-01 4.250000e-01 5.000000e-01 0.000000e+00
1.344593e-03 2.454884e-04 7.219990e-01 4.750000e-01 5.000000e-01 0.000000e+00
8.925477e-04 1.995801e-04 7.219990e-01 5.250000e-01 5.000000e-01 0.000000e+00
7.069331e-04 1.767335e-04 7.219990e-01 5.750000e-01 5.000000e-01 0.000000e+00
7.811055e-04 1.841091e-04 7.219990e-01 6.250000e-01 5.000000e-01 0.000000e+00
1.275591e-03 2.328909e-04 7.219990e-01 6.750000e-01 5.000000e-01 0.000000e+00
1.183148e-03 2.235949e-04 7.219990e-01 7.250000e-01 5.000000e-01 0.000000e+00
1.411529e-03 2.420760e-04 7.219990e-01 7.750000e-01 5.000000e-01 0.000000e+00
1.759298e-03 2.652253e-04 7.219990e-01 8.250000e-01 5.000000e-01 0.000000e+00
8.963854e-04 1.911109e-04 7.219990e-01 8.750000e-01 5.000000e-01 0.000000e+00
1.490219e-03 2.483711e-04 7.219990e-01 9.250000e-01 5.000000e-01 0.000000e+00
1.812397e-03 2.672248e-04 7.219990e-01 9.750000e-01 5.000000e-01 0.000000e+00
1.324333e-03 2.207229e-04 7.219990e-01 1.025000e+00 5.000000e-01 0.000000e+00
2.383966e-03 2.890998e-04 7.219990e-01 1.075000e+00 5.000000e-01 0.000000e+00
1.770312e-03 2.454993e-04 7.219990e-01 1.125000e+00 5.000000e-01 0.000000e+00
1.952848e-03 2.564229e-04 7.219990e-01 1.175000e+00 5.000000e-01 0.000000e+00
1.824760e-03 2.483195e-04 7.219990e-01 1.225000e+00 5.000000e-01 0.000000e+00
2.215609e-03 2.769521e-04 7.219990e-01 1.275000e+00 5.000000e-01 0.000000e+00
1.282634e-03 2.137740e-04 7.219990e-01 1.325000e+00 5.000000e-01 0.000000e+00
2.282276e-03 2.946423e-04 7.219990e-01 1.375000e+00 5.000000e-01 0.000000e+00
1.680745e-03 2.657517e-04 7.219990e-01 1.425000e+00 5.000000e-01 0.000000e+00
1.740649e-03 2.901102e-04 7.219990e-01 1.475000e+00 5.000000e-01 0.000000e+00
2.125561e-03 3.360820e-04 7.219990e-01 1.525000e+00 5.000000e-01 0.000000e+00
2.957041e-03 4.181913e-04 7.219990e-01 1.575000e+00 5.000000e-01 0.000000e+00
1.317900e-03 2.946943e-04 7.219990e-01 1.625000e+00 5.000000e-01 0.000000e+00
2.549957e-03 4.373188e-04 7.219990e-01 1.675000e+00 5.000000e-01 0.000000e+00
1.587182e-03 3.741068e-04 7.219990e-01 1.725000e+00 5.000000e-01 0.000000e+00
1.095327e-03 3.463768e-04 7.219990e-01 1.775000e+00 5.000000e-01 0.000000e+00
1.397219e-03 4.418437e-04 7.219990e-01 1.825000e+00 5.000000e-01 0.000000e+00
1.265262e-03 5.165421e-04 7.219990e-01 1.875000e+00 5.000000e-01 0.000000e+00
0.000000e+00 0.000000e+00 7.219990e-01 1.925000e+00 5.000000e-01 0.000000e+00
0.000000e+00 0.000000e+00 7.219990e-01 1.975000e+00 5.000000e-01 0.000000e+00
nan nan 7.219990e-01 2.025000e+00 5.000000e-01 0.000000e+00
nan nan 7.219990e-01 2.075000e+00 5.000000e-01 0.000000e+00
nan nan 7.219990e-01 2.125000e+00 5.000000e-01 0.000000e+00
nan nan 7.219990e-01 2.175000e+00 5.000000e-01 0.000000e+00
nan nan 7.219990e-01 2.225000e+00 5.000000e-01 0.000000e+00
nan nan 7.219990e-01 2.275000e+00 5.000000e-01 0.000000e+00
nan nan 7.219990e-01 2.325000e+00 5.000000e-01 0.000000e+00
nan nan 7.219990e-01 2.375000e+00 5.000000e-01 0.000000e+00
nan nan 7.219990e-01 2.425000e+00 5.000000e-01 0.000000e+00
nan nan 7.219990e-01 2.475000e+00 5.000000e-01 0.000000e+00
nan nan 7.219990e-01 2.525000e+00 5.000000e-01 0.000000e+00
nan nan 7.219990e-01 2.575000e+00 5.000000e-01 0.000000e+00
nan nan 7.219990e-01 2.625000e+00 5.000000e-01 0.000000e+00
nan nan 7.219990e-01 2.675000e+00 5.000000e-01 0.000000e+00
nan nan 7.219990e-01 2.725000e+00 5.000000e-01 0.000000e+00
nan nan 7.219990e-01 2.775000e+00 5.000000e-01 0.000000e+00
nan nan 7.219990e-01 2.825000e+00 5.000000e-01 0.000000e+00
nan nan 7.219990e-01 2.875000e+00 5.000000e-01 0.000000e+00
4.942014e-01 4.797404e-03 7.319990e-01 2.500000e-02 5.000000e-01 0.000000e+00
1.317285e-01 2.477084e-03 7.319990e-01 7.500000e-02 5.000000e-01 0.000000e+00
9.424878e-03 6.631329e-04 7.319990e-01 1.250000e-01 5.000000e-01 0.000000e+00
2.061535e-03 3.107889e-04 7.319990e-01 1.750000e-01 5.000000e-01 0.000000e+00
1.684514e-03 2.807532e-04 7.319990e-01 2.250000e-01 5.000000e-01 0.000000e+00
1.125922e-03 2.298285e-04 7.319990e-01 2.750000e-01 5.000000e-01 0.000000e+00
1.822060e-03 2.880936e-04 7.319990e-01 3.250000e-01 5.000000e-01 0.000000e+00
1.369660e-03 2.500652e-04 7.319990e-01 3.750000e-01 5.000000e-01 0.000000e+00
1.365904e-03 2.493793e-04 7.319990e-01 4.250000e-01 5.000000e-01 0.000000e+00
1.340986e-03 2.448301e-04 7.319990e-01 4.750000e-01 5.000000e-01 0.000000e+00
1.158158e-03 2.271342e-04 7.319990e-01 5.250000e-01 5.000000e-01 0.000000e+00
4.406358e-04 1.393419e-04 7.319990e-01 5.750000e-01 5.000000e-01 0.000000e+00
1.141059e-03 2.237810e-04 7.319990e-01 6.250000e-01 5.000000e-01 0.000000e+00
1.112059e-03 2.180935e-04 7.319990e-01 6.750000e-01 5.000000e-01 0.000000e+00
1.388972e-03 2.382079e-04 7.319990e-01 7.250000e-01 5.000000e-01 0.000000e+00
1.540580e-03 2.499158e-04 7.319990e-01 7.750000e-01 5.000000e-01 0.000000e+00
1.088669e-03 2.135060e-04 7.319990e-01 8.250000e-01 5.000000e-01 0.000000e+00
1.705324e-03 2.631382e-04 7.319990e-01 8.750000e-01 5.000000e-01 0.000000e+00
1.621944e-03 2.502724e-04 7.319990e-01 9.250000e-01 5.000000e-01 0.000000e+00
1.734380e-03 2.503373e-04 7.319990e-01 9.750000e-01 5.000000e-01 0.000000e+00
1.883018e-03 2.562475e-04 7.319990e-01 1.025000e+00 5.000000e-01 0.000000e+00
1.854680e-03 2.523907e-04 7.319990e-01 1.075000e+00 5.000000e-01 0.000000e+00
2.071923e-03 2.674858e-04 7.319990e-01 1.125000e+00 5.000000e-01 0.000000e+00
1.869831e-03 2.544536e-04 7.319990e-01 1.175000e+00 5.000000e-01 0.000000e+00
1.723056e-03 2.487029e-04 7.319990e-01 1.225000e+00 5.000000e-01 0.000000e+00
1.881220e-03 2.660459e-04 7.319990e-01 1.275000e+00 5.000000e-01 0.000000e+00
1.804124e-03 2.719836e-04 7.319990e-01 1.325000e+00 5.000000e-01 0.000000e+00
1.848070e-03 2.922071e-04 7.319990e-01 1.375000e+00 5.000000e-01 0.000000e+00
1.979957e-03 3.211941e-04 7.319990e-01 1.425000e+00 5.000000e-01 0.000000e+00
2.530806e-03 3.815359e-04 7.319990e-01 1.475000e+00 5.000000e-01 0.000000e+00
1.037535e-03 2.593843e-04 7.319990e-01 1.525000e+00 5.000000e-01 0.000000e+00
2.301222e-03 4.068052e-04 7.319990e-01 1.575000e+00 5.000000e-01 0.000000e+00
6.760879e-04 2.390342e-04 7.319990e-01 1.625000e+00 5.000000e-01 0.000000e+00
1.982965e-03 4.434087e-04 7.319990e-01 1.675000e+00 5.000000e-01 0.000000e+00
1.794591e-03 4.796304e-04 7.319990e-01 1.725000e+00 5.000000e-01 0.000000e+00
1.392525e-03 4.923322e-04 7.319990e-01 1.775000e+00 5.000000e-01 0.000000e+00
1.210101e-03 6.050508e-04 7.319990e-01 1.825000e+00 5.000000e-01 0.000000e+00
1.794440e-03 1.268861e-03 7.319990e-01 1.875000e+00 5.000000e-01 0.000000e+00
0.000000e+00 0.000000e+00 7.319990e-01 1.925000e+00 5.000000e-01 0.000000e+00
nan nan 7.319990e-01 1.975000e+00 5.000000e-01 0.000000e+00
nan nan 7.319990e-01 2.025000e+00 5.000000e-01 0.000000e+00
nan nan 7.319990e-01 2.075000e+00 5.000000e-01 0.000000e+00
nan nan 7.319990e-01 2.125000e+00 5.000000e-01 0.000000e+00
nan nan 7.319990e-01 2.175000e+00 5.000000e-01 0.000000e+00
nan nan 7.319990e-01 2.225000e+00 5.000000e-01 0.000000e+00
nan nan 7.319990e-01 2.275000e+00 5.000000e-01 0.000000e+00
nan nan 7.319990e-01 2.325000e+00 5.000000e-01 0.000000e+00
nan nan 7.319990e-01 2.375000e+00 5.000000e-01 0.000000e+00
nan nan 7.319990e-01 2.425000e+00 5.000000e-01 0.000000e+00
nan nan 7.319990e-01 2.475000e+00 5.000000e-01 0.000000e+00
nan nan 7.319990e-01 2.525000e+00 5.000000e-01 0.000000e+00
nan nan 7.319990e-01 2.575000e+00 5.000000e-01 0.000000e+00
nan nan 7.319990e-01 2.625000e+00 5.000000e-01 0.000000e+00
nan nan 7.319990e-01 2.675000e+00 5.000000e-01 0.000000e+00
nan nan 7.319990e-01 2.725000e+00 5.000000e-01 0.000000e+00
nan nan 7.319990e-01 2.775000e+00 5.000000e-01 0.000000e+00
nan nan 7.319990e-01 2.825000e+00 5.000000e-01 0.000000e+00
nan nan 7.319990e-01 2.875000e+00 5.000000e-01 0.000000e+00
4.946438e-01 4.822649e-03 7.419990e-01 2.500000e-02 5.000000e-01 0.000000e+00
1.324925e-01 2.492332e-03 7.419990e-01 7.500000e-02 5.000000e-01 0.000000e+00
8.534085e-03 6.291421e-04 7.419990e-01 1.250000e-01 5.000000e-01 0.000000e+00
2.510924e-03 3.416943e-04 7.419990e-01 1.750000e-01 5.000000e-01 0.000000e+00
2.147255e-03 3.165964e-04 7.419990e-01 2.250000e-01 5.000000e-01 0.000000e+00
1.693251e-03 2.822095e-04 7.419990e-01 2.750000e-01 5.000000e-01 0.000000e+00
1.289457e-03 2.436848e-04 7.419990e-01 3.250000e-01 5.000000e-01 0.000000e+00
1.456183e-03 2.574200e-04 7.419990e-01 3.750000e-01 5.000000e-01 0.000000e+00
6.284602e-04 1.679634e-04 7.419990e-01 4.250000e-01 5.000000e-01 0.000000e+00
1.160367e-03 2.275674e-04 7.419990e-01 4.750000e-01 5.000000e-01 0.000000e+00
1.067632e-03 2.179298e-04 7.419990e-01 5.250000e-01 5.000000e-01 0.000000e+00
1.494594e-03 2.563220e-04 7.419990e-01 5.750000e-01 5.000000e-01 0.000000e+00
6.870005e-04 1.717508e-04 7.419990e-01 6.250000e-01 5.000000e-01 0.000000e+00
1.401213e-03 2.403069e-04 7.419990e-01 6.750000e-01 5.000000e-01 0.000000e+00
9.101181e-04 1.940390e-04 7.419990e-01 7.250000e-01 5.000000e-01 0.000000e+00
1.009817e-03 2.061290e-04 7.419990e-01 7.750000e-01 5.000000e-01 0.000000e+00
1.366752e-03 2.343975e-04 7.419990e-01 8.250000e-01 5.000000e-01 0.000000e+00
1.516036e-03 2.397076e-04 7.419990e-01 8.750000e-01 5.000000e-01 0.000000e+00
2.006871e-03 2.681806e-04 7.419990e-01 9.250000e-01 5.000000e-01 0.000000e+00
2.026666e-03 2.661154e-04 7.419990e-01 9.750000e-01 5.000000e-01 0.000000e+00
1.962779e-03 2.622887e-04 7.419990e-01 1.025000e+00 5.000000e-01 0.000000e+00
2.614310e-03 3.039090e-04 7.419990e-01 1.075000e+00 5.000000e-01 0.000000e+00
1.653287e-03 2.437653e-04 7.419990e-01 1.125000e+00 5.000000e-01 0.000000e+00
2.770659e-03 3.220844e-04 7.419990e-01 1.175000e+00 5.000000e-01 0.000000e+00
1.507801e-03 2.445987e-04 7.419990e-01 1.225000e+00 5.000000e-01 0.000000e+00
1.342128e-03 2.450404e-04 7.419990e-01 1.275000e+00 5.000000e-01 0.000000e+00
1.929304e-03 3.129764e-04 7.419990e-01 1.325000e+00 5.000000e-01 0.000000e+00
2.261942e-03 3.576471e-04 7.419990e-01 1.375000e+00 5.000000e-01 0.000000e+00
2.403368e-03 3.898805e-04 7.419990e-01 1.425000e+00 5.000000e-01 0.000000e+00
1.543864e-03 3.291553e-04 7.419990e-01 1.475000e+00 5.000000e-01 0.000000e+00
2.553809e-03 4.514575e-04 7.419990e-01 1.525000e+00 5.000000e-01 0.000000e+00
3.011178e-03 5.323113e-04 7.419990e-01 1.575000e+00 5.000000e-01 0.000000e+00
2.800693e-03 5.716911e-04 7.419990e-01 1.625000e+00 5.000000e-01 0.000000e+00
9.337498e-04 3.812020e-04 7.419990e-01 1.675000e+00 5.000000e-01 0.000000e+00
9.410112e-04 4.705089e-04 7.419990e-01 1.725000e+00 5.000000e-01 0.000000e+00
2.080551e-03 1.040303e-03 7.419990e-01 1.775000e+00 5.000000e-01 0.000000e+00
4.669460e-03 3.301807e-03 7.419990e-01 1.825000e+00 5.000000e-01 0.000000e+00
nan nan 7.419990e-01 1.875000e+00 5.000000e-01 0.000000e+00
nan nan 7.419990e-01 1.925000e+00 5.000000e-01 0.000000e+00
nan nan 7.419990e-01 1.975000e+00 5.000000e-01 0.000000e+00
nan nan 7.419990e-01 2.025000e+00 5.000000e-01 0.000000e+00
nan nan 7.419990e-01 2.075000e+00 5.000000e-01 0.000000e+00
nan nan 7.419990e-01 2.125000e+00 5.000000e-01 0.000000e+00
nan nan 7.419990e-01 2.175000e+00 5.000000e-01 0.000000e+00
nan nan 7.419990e-01 2.225000e+00 5.000000e-01 0.000000e+00
nan nan 7.419990e-01 2.275000e+00 5.000000e-01 0.000000e+00
nan nan 7.419990e-01 2.325000e+00 5.000000e-01 0.000000e+00
nan nan 7.419990e-01 2.375000e+00 5.000000e-01 0.000000e+00
nan nan 7.419990e-01 2.425000e+00 5.000000e-01 0.000000e+00
nan nan 7.419990e-01 2.475000e+00 5.000000e-01 0.000000e+00
nan nan 7.419990e-01 2.525000e+00 5.000000e-01 0.000000e+00
nan nan 7.419990e-01 2.575000e+00 5.000000e-01 0.000000e+00
nan nan 7.419990e-01 2.625000e+00 5.000000e-01 0.000000e+00
nan nan 7.419990e-01 2.675000e+00 5.000000e-01 0.000000e+00
nan nan 7.419990e-01 2.725000e+00 5.000000e-01 0.000000e+00
nan nan 7.419990e-01 2.775000e+00 5.000000e-01 0.000000e+00
nan nan 7.419990e-01 2.825000e+00 5.000000e-01 0.000000e+00
nan nan 7.419990e-01 2.875000e+00 5.000000e-01 0.000000e+00
4.734936e-01 4.696129e-03 7.519990e-01 2.500000e-02 5.000000e-01 0.000000e+00
1.323773e-01 2.485771e-03 7.519990e-01 7.500000e-02 5.000000e-01 0.000000e+00
1.145170e-02 7.301349e-04 7.519990e-01 1.250000e-01 5.000000e-01 0.000000e+00
2.072036e-03 3.123722e-04 7.519990e-01 1.750000e-01 5.000000e-01 0.000000e+00
1.762601e-03 2.859323e-04 7.519990e-01 2.250000e-01 5.000000e-01 0.000000e+00
1.294689e-03 2.446739e-04 7.519990e-01 2.750000e-01 5.000000e-01 0.000000e+00
1.277636e-03 2.414512e-04 7.519990e-01 3.250000e-01 5.000000e-01 0.000000e+00
1.460415e-03 2.581682e-04 7.519990e-01 3.750000e-01 5.000000e-01 0.000000e+00
7.237440e-04 1.809365e-04 7.519990e-01 4.250000e-01 5.000000e-01 0.000000e+00
9.856076e-04 2.101329e-04 7.519990e-01 4.750000e-01 5.000000e-01 0.000000e+00
1.338490e-03 2.443744e-04 7.519990e-01 5.250000e-01 5.000000e-01 0.000000e+00
1.317515e-03 2.405450e-04 7.519990e-01 5.750000e-01 5.000000e-01 0.000000e+00
1.602887e-03 2.600234e-04 7.519990e-01 6.250000e-01 5.000000e-01 0.000000e+00
1.227323e-03 2.240781e-04 7.519990e-01 6.750000e-01 5.000000e-01 0.000000e+00
1.075977e-03 2.110168e-04 7.519990e-01 7.250000e-01 5.000000e-01 0.000000e+00
1.257427e-03 2.222845e-04 7.519990e-01 7.750000e-01 5.000000e-01 0.000000e+00
1.493558e-03 2.361531e-04 7.519990e-01 8.250000e-01 5.000000e-01 0.000000e+00
1.165087e-03 2.059611e-04 7.519990e-01 8.750000e-01 5.000000e-01 0.000000e+00
1.399679e-03 2.213095e-04 7.519990e-01 9.250000e-01 5.000000e-01 0.000000e+00
1.778195e-03 2.514758e-04 7.519990e-01 9.750000e-01 5.000000e-01 0.000000e+00
1.387278e-03 2.250475e-04 7.519990e-01 1.025000e+00 5.000000e-01 0.000000e+00
2.129386e-03 2.845532e-04 7.519990e-01 1.075000e+00 5.000000e-01 0.000000e+00
2.223877e-03 2.971794e-04 7.519990e-01 1.125000e+00 5.000000e-01 0.000000e+00
1.464723e-03 2.511988e-04 7.519990e-01 1.175000e+00 5.000000e-01 0.000000e+00
1.968256e-03 3.112103e-04 7.519990e-01 1.225000e+00 5.000000e-01 0.000000e+00
2.207330e-03 3.490123e-04 7.519990e-01 1.275000e+00 5.000000e-01 0.000000e+00
2.444395e-03 3.864950e-04 7.519990e-01 1.325000e+00 5.000000e-01 0.000000e+00
1.948581e-03 3.682503e-04 7.519990e-01 1.375000e+00 5.000000e-01 0.000000e+00
1.859731e-03 3.796182e-04 7.519990e-01 1.425000e+00 5.000000e-01 0.000000e+00
2.374561e-03 4.656945e-04 7.519990e-01 1.475000e+00 5.000000e-01 0.000000e+00
1.519317e-03 4.060586e-04 7.519990e-01 1.525000e+00 5.000000e-01 0.000000e+00
1.952941e-03 5.219495e-04 7.519990e-01 1.575000e+00 5.000000e-01 0.000000e+00
1.585289e-03 5.604852e-04 7.519990e-01 1.625000e+00 5.000000e-01 0.000000e+00
2.213715e-03 9.037475e-04 7.519990e-01 1.675000e+00 5.000000e-01 0.000000e+00
2.330027e-03 1.647578e-03 7.519990e-01 1.725000e+00 5.000000e-01 0.000000e+00
0.000000e+00 0.000000e+00 7.519990e-01 1.775000e+00 5.000000e-01 0.000000e+00
nan nan 7.519990e-01 1.825000e+00 5.000000e-01 0.000000e+00
nan nan 7.519990e-01 1.875000e+00 5.000000e-01 0.000000e+00
nan nan 7.519990e-01 1.925000e+00 5.000000e-01 0.000000e+00
nan nan 7.519990e-01 1.975000e+00 5.000000e-01 0.000000e+00
nan nan 7.519990e-01 2.025000e+00 5.000000e-01 0.000000e+00
nan nan 7.519990e-01 2.075000e+00 5.000000e-01 0.000000e+00
nan nan 7.519990e-01 2.125000e+00 5.000000e-01 0.000000e+00
nan nan 7.519990e-01 2.175000e+00 5.000000e-01 0.000000e+00
nan nan 7.519990e-01 2.225000e+00 5.000000e-01 0.000000e+00
nan nan 7.519990e-01 2.275000e+00 5.000000e-01 0.000000e+00
nan nan 7.519990e-01 2.325000e+00 5.000000e-01 0.000000e+00
nan nan 7.519990e-01 2.375000e+00 5.000000e-01 0.000000e+00
nan nan 7.519990e-01 2.425000e+00 5.000000e-01 0.000000e+00
nan nan 7.519990e-01 2.475000e+00 5.000000e-01 0.000000e+00
nan nan 7.519990e-01 2.525000e+00 5.000000e-01 0.000000e+00
nan nan 7.519990e-01 2.575000e+00 5.000000e-01 0.000000e+00
nan nan 7.519990e-01 2.625000e+00 5.000000e-01 0.000000e+00
nan nan 7.519990e-01 2.675000e+00 5.000000e-01 0.000000e+00
nan nan 7.519990e-01 2.725000e+00 5.000000e-01 0.000000e+00
nan nan 7.519990e-01 2.775000e+00 5.000000e-01 0.000000e+00
nan nan 7.519990e-01 2.825000e+00 5.000000e-01 0.000000e+00
nan nan 7.519990e-01 2.875000e+00 5.000000e-01 0.000000e+00
4.722069e-01 4.727282e-03 7.619990e-01 2.500000e-02 5.000000e-01 0.000000e+00
1.344582e-01 2.524847e-03 7.619990e-01 7.500000e-02 5.000000e-01 0.000000e+00
9.561286e-03 6.694248e-04 7.619990e-01 1.250000e-01 5.000000e-01 0.000000e+00
2.966475e-03 3.708103e-04 7.619990e-01 1.750000e-01 5.000000e-01 0.000000e+00
1.859318e-03 2.939849e-04 7.619990e-01 2.250000e-01 5.000000e-01 0.000000e+00
1.670410e-03 2.784021e-04 7.619990e-01 2.750000e-01 5.000000e-01 0.000000e+00
1.282461e-03 2.423629e-04 7.619990e-01 3.250000e-01 5.000000e-01 0.000000e+00
1.173812e-03 2.302041e-04 7.619990e-01 3.750000e-01 5.000000e-01 0.000000e+00
1.970442e-03 2.970562e-04 7.619990e-01 4.250000e-01 5.000000e-01 0.000000e+00
1.521481e-03 2.609325e-04 7.619990e-01 4.750000e-01 5.000000e-01 0.000000e+00
1.411853e-03 2.495835e-04 7.619990e-01 5.250000e-01 5.000000e-01 0.000000e+00
1.123130e-03 2.202644e-04 7.619990e-01 5.750000e-01 5.000000e-01 0.000000e+00
1.697695e-03 2.619612e-04 7.619990e-01 6.250000e-01 5.000000e-01 0.000000e+00
1.629733e-03 2.576843e-04 7.619990e-01 6.750000e-01 5.000000e-01 0.000000e+00
7.722020e-04 1.726702e-04 7.619990e-01 7.250000e-01 5.000000e-01 0.000000e+00
1.344047e-03 2.240090e-04 7.619990e-01 7.750000e-01 5.000000e-01 0.000000e+00
1.174597e-03 2.076421e-04 7.619990e-01 8.250000e-01 5.000000e-01 0.000000e+00
1.406033e-03 2.223142e-04 7.619990e-01 8.750000e-01 5.000000e-01 0.000000e+00
1.902472e-03 2.638265e-04 7.619990e-01 9.250000e-01 5.000000e-01 0.000000e+00
1.755686e-03 2.588628e-04 7.619990e-01 9.750000e-01 5.000000e-01 0.000000e+00
2.226844e-03 2.975760e-04 7.619990e-01 1.025000e+00 5.000000e-01 0.000000e+00
1.684532e-03 2.663492e-04 7.619990e-01 1.075000e+00 5.000000e-01 0.000000e+00
2.782182e-03 3.653206e-04 7.619990e-01 1.125000e+00 5.000000e-01 0.000000e+00
1.426426e-03 2.797464e-04 7.619990e-01 1.175000e+00 5.000000e-01 0.000000e+00
9.586514e-04 2.396632e-04 7.619990e-01 1.225000e+00 5.000000e-01 0.000000e+00
2.413602e-03 4.022693e-04 7.619990e-01 1.275000e+00 5.000000e-01 0.000000e+00
1.068056e-03 2.854508e-04 7.619990e-01 1.325000e+00 5.000000e-01 0.000000e+00
1.560725e-03 3.678683e-04 7.619990e-01 1.375000e+00 5.000000e-01 0.000000e+00
1.267938e-03 3.660241e-04 7.619990e-01 1.425000e+00 5.000000e-01 0.000000e+00
1.533387e-03 4.426522e-04 7.619990e-01 1.475000e+00 5.000000e-01 0.000000e+00
3.550956e-04 2.510905e-04 7.619990e-01 1.525000e+00 5.000000e-01 0.000000e+00
2.797746e-03 8.847318e-04 7.619990e-01 1.575000e+00 5.000000e-01 0.000000e+00
0.000000e+00 0.000000e+00 7.619990e-01 1.625000e+00 5.000000e-01 0.000000e+00
0.000000e+00 0.000000e+00 7.619990e-01 1.675000e+00 5.000000e-01 0.000000e+00
nan nan 7.619990e-01 1.725000e+00 5.000000e-01 0.000000e+00
nan nan 7.619990e-01 1.775000e+00 5.000000e-01 0.000000e+00
nan nan 7.619990e-01 1.825000e+00 5.000000e-01 0.000000e+00
nan nan 7.619990e-01 1.875000e+00 5.000000e-01 0.000000e+00
nan nan 7.619990e-01 1.925000e+00 5.000000e-01 0.000000e+00
nan nan 7.619990e-01 1.975000e+00 5.000000e-01 0.000000e+00
nan nan 7.619990e-01 2.025000e+00 5.000000e-01 0.000000e+00
nan nan 7.619990e-01 2.075000e+00 5.000000e-01 0.000000e+00
nan nan 7.619990e-01 2.125000e+00 5.000000e-01 0.000000e+00
nan nan 7.619990e-01 2.175000e+00 5.000000e-01 0.000000e+00
nan nan 7.619990e-01 2.225000e+00 5.000000e-01 0.000000e+00
nan nan 7.619990e-01 2.275000e+00 5.000000e-01 0.000000e+00
nan nan 7.619990e-01 2.325000e+00 5.000000e-01 0.000000e+00
nan nan 7.619990e-01 2.375000e+00 5.000000e-01 0.000000e+00
nan nan 7.619990e-01 2.425000e+00 5.000000e-01 0.000000e+00
nan nan 7.619990e-01 2.475000e+00 5.000000e-01 0.000000e+00
nan nan 7.619990e-01 2.525000e+00 5.000000e-01 0.000000e+00
nan nan 7.619990e-01 2.575000e+00 5.000000e-01 0.000000e+00
nan nan 7.619990e-01 2.625000e+00 5.000000e-01 0.000000e+00
nan nan 7.619990e-01 2.675000e+00 5.000000e-01 0.000000e+00
nan nan 7.619990e-01 2.725000e+00 5.000000e-01 0.000000e+00
nan nan 7.619990e-01 2.775000e+00 5.000000e-01 0.000000e+00
nan nan 7.619990e-01 2.825000e+00 5.000000e-01 0.000000e+00
nan nan 7.619990e-01 2.875000e+00 5.000000e-01 0.000000e+00
4.518922e-01 4.578849e-03 7.719989e-01 2.500000e-02 5.000000e-01 0.000000e+00
1.284156e-01 2.442584e-03 7.719989e-01 7.500000e-02 5.000000e-01 0.000000e+00
1.125954e-02 7.237918e-04 7.719989e-01 1.250000e-01 5.000000e-01 0.000000e+00
2.169155e-03 3.198253e-04 7.719989e-01 1.750000e-01 5.000000e-01 0.000000e+00
2.259528e-03 3.261357e-04 7.719989e-01 2.250000e-01 5.000000e-01 0.000000e+00
1.768248e-03 2.868487e-04 7.719989e-01 2.750000e-01 5.000000e-01 0.000000e+00
1.285801e-03 2.429940e-04 7.719989e-01 3.250000e-01 5.000000e-01 0.000000e+00
1.373765e-03 2.508147e-04 7.719989e-01 3.750000e-01 5.000000e-01 0.000000e+00
1.259449e-03 2.380140e-04 7.719989e-01 4.250000e-01 5.000000e-01 0.000000e+00
7.056335e-04 1.764088e-04 7.719989e-01 4.750000e-01 5.000000e-01 0.000000e+00
1.379703e-03 2.439000e-04 7.719989e-01 5.250000e-01 5.000000e-01 0.000000e+00
1.424147e-03 2.373585e-04 7.719989e-01 5.750000e-01 5.000000e-01 0.000000e+00
2.108601e-03 2.869453e-04 7.719989e-01 6.250000e-01 5.000000e-01 0.000000e+00
1.622245e-03 2.503187e-04 7.719989e-01 6.750000e-01 5.000000e-01 0.000000e+00
1.204544e-03 2.129362e-04 7.719989e-01 7.250000e-01 5.000000e-01 0.000000e+00
1.036099e-03 1.958052e-04 7.719989e-01 7.750000e-01 5.000000e-01 0.000000e+00
1.666435e-03 2.457033e-04 7.719989e-01 8.250000e-01 5.000000e-01 0.000000e+00
1.304842e-03 2.237791e-04 7.719989e-01 8.750000e-01 5.000000e-01 0.000000e+00
1.459292e-03 2.432166e-04 7.719989e-01 9.250000e-01 5.000000e-01 0.000000e+00
1.955438e-03 2.883146e-04 7.719989e-01 9.750000e-01 5.000000e-01 0.000000e+00
1.544983e-03 2.649636e-04 7.719989e-01 1.025000e+00 5.000000e-01 0.000000e+00
2.346950e-03 3.538175e-04 7.719989e-01 1.075000e+00 5.000000e-01 0.000000e+00
1.451142e-03 2.962152e-04 7.719989e-01 1.125000e+00 5.000000e-01 0.000000e+00
1.969222e-03 3.595313e-04 7.719989e-01 1.175000e+00 5.000000e-01 0.000000e+00
1.936252e-03 3.797322e-04 7.719989e-01 1.225000e+00 5.000000e-01 0.000000e+00
1.523481e-03 3.590896e-04 7.719989e-01 1.275000e+00 5.000000e-01 0.000000e+00
1.975564e-03 4.417530e-04 7.719989e-01 1.325000e+00 5.000000e-01 0.000000e+00
2.217085e-03 5.225758e-04 7.719989e-01 1.375000e+00 5.000000e-01 0.000000e+00
1.914752e-03 5.527433e-04 7.719989e-01 1.425000e+00 5.000000e-01 0.000000e+00
1.508973e-03 6.160361e-04 7.719989e-01 1.475000e+00 5.000000e-01 0.000000e+00
1.786964e-03 8.934886e-04 7.719989e-01 1.525000e+00 5.000000e-01 0.000000e+00
0.000000e+00 0.000000e+00 7.719989e-01 1.575000e+00 5.000000e-01 0.000000e+00
nan nan 7.719989e-01 1.625000e+00 5.000000e-01 0.000000e+00
nan nan 7.719989e-01 1.675000e+00 5.000000e-01 0.000000e+00
nan nan 7.719989e-01 1.725000e+00 5.000000e-01 0.000000e+00
nan nan 7.719989e-01 1.775000e+00 5.000000e-01 0.000000e+00
nan nan 7.719989e-01 1.825000e+00 5.000000e-01 0.000000e+00
nan nan 7.719989e-01 1.875000e+00 5.000000e-01 0.000000e+00
nan nan 7.719989e-01 1.925000e+00 5.000000e-01 0.000000e+00
nan nan 7.719989e-01 1.975000e+00 5.000000e-01 0.000000e+00
nan nan 7.719989e-01 2.025000e+00 5.000000e-01 0.000000e+00
nan nan 7.719989e-01 2.075000e+00 5.000000e-01 0.000000e+00
nan nan 7.719989e-01 2.125000e+00 5.000000e-01 0.000000e+00
nan nan 7.719989e-01 2.175000e+00 5.000000e-01 0.000000e+00
nan nan 7.719989e-01 2.225000e+00 5.000000e-01 0.000000e+00
nan nan 7.719989e-01 2.275000e+00 5.000000e-01 0.000000e+00
nan nan 7.719989e-01 2.325000e+00 5.000000e-01 0.000000e+00
nan nan 7.719989e-01 2.375000e+00 5.000000e-01 0.000000e+00
nan nan 7.719989e-01 2.425000e+00 5.000000e-01 0.000000e+00
nan nan 7.719989e-01 2.475000e+00 5.000000e-01 0.000000e+00
nan nan 7.719989e-01 2.525000e+00 5.000000e-01 0.000000e+00
nan nan 7.719989e-01 2.575000e+00 5.000000e-01 0.000000e+00
nan nan 7.719989e-01 2.625000e+00 5.000000e-01 0.000000e+00
nan nan 7.719989e-01 2.675000e+00 5.000000e-01 0.000000e+00
nan nan 7.719989e-01 2.725000e+00 5.000000e-01 0.000000e+00
nan nan 7.719989e-01 2.775000e+00 5.000000e-01 0.000000e+00
nan nan 7.719989e-01 2.825000e+00 5.000000e-01 0.000000e+00
nan nan 7.719989e-01 2.875000e+00 5.000000e-01 0.000000e+00
4.557882e-01 4.653333e-03 7.819989e-01 2.500000e-02 5.000000e-01 0.000000e+00
1.372562e-01 2.533115e-03 7.819989e-01 7.500000e-02 5.000000e-01 0.000000e+00
1.056958e-02 7.030795e-04 7.819989e-01 1.250000e-01 5.000000e-01 0.000000e+00
2.146035e-03 3.164164e-04 7.819989e-01 1.750000e-01 5.000000e-01 0.000000e+00
2.044035e-03 3.081505e-04 7.819989e-01 2.250000e-01 5.000000e-01 0.000000e+00
1.482563e-03 2.620833e-04 7.819989e-01 2.750000e-01 5.000000e-01 0.000000e+00
1.550482e-03 2.659060e-04 7.819989e-01 3.250000e-01 5.000000e-01 0.000000e+00
1.446441e-03 2.556977e-04 7.819989e-01 3.750000e-01 5.000000e-01 0.000000e+00
1.511448e-03 2.592118e-04 7.819989e-01 4.250000e-01 5.000000e-01 0.000000e+00
1.367002e-03 2.416547e-04 7.819989e-01 4.750000e-01 5.000000e-01 0.000000e+00
1.279130e-03 2.261208e-04 7.819989e-01 5.250000e-01 5.000000e-01 0.000000e+00
1.803114e-03 2.602577e-04 7.819989e-01 5.750000e-01 5.000000e-01 0.000000e+00
1.087843e-03 2.055838e-04 7.819989e-01 6.250000e-01 5.000000e-01 0.000000e+00
1.222177e-03 2.160532e-04 7.819989e-01 6.750000e-01 5.000000e-01 0.000000e+00
1.123797e-03 2.051767e-04 7.819989e-01 7.250000e-01 5.000000e-01 0.000000e+00
1.274192e-03 2.185227e-04 7.819989e-01 7.750000e-01 5.000000e-01 0.000000e+00
1.369714e-03 2.349050e-04 7.819989e-01 8.250000e-01 5.000000e-01 0.000000e+00
1.388671e-03 2.454854e-04 7.819989e-01 8.750000e-01 5.000000e-01 0.000000e+00
9.209733e-04 2.059365e-04 7.819989e-01 9.250000e-01 5.000000e-01 0.000000e+00
2.018723e-03 3.191893e-04 7.819989e-01 9.750000e-01 5.000000e-01 0.000000e+00
8.325526e-04 2.225098e-04 7.819989e-01 1.025000e+00 5.000000e-01 0.000000e+00
1.319936e-03 2.951482e-04 7.819989e-01 1.075000e+00 5.000000e-01 0.000000e+00
1.435260e-03 3.209354e-04 7.819989e-01 1.125000e+00 5.000000e-01 0.000000e+00
2.204498e-03 4.323394e-04 7.819989e-01 1.175000e+00 5.000000e-01 0.000000e+00
1.347350e-03 3.600952e-04 7.819989e-01 1.225000e+00 5.000000e-01 0.000000e+00
6.888473e-04 2.812212e-04 7.819989e-01 1.275000e+00 5.000000e-01 0.000000e+00
1.480505e-03 4.681777e-04 7.819989e-01 1.325000e+00 5.000000e-01 0.000000e+00
4.180649e-04 2.956165e-04 7.819989e-01 1.375000e+00 5.000000e-01 0.000000e+00
1.605221e-03 8.026112e-04 7.819989e-01 1.425000e+00 5.000000e-01 0.000000e+00
0.000000e+00 0.000000e+00 7.819989e-01 1.475000e+00 5.000000e-01 0.000000e+00
nan nan 7.819989e-01 1.525000e+00 5.000000e-01 0.000000e+00
nan nan 7.819989e-01 1.575000e+00 5.000000e-01 0.000000e+00
nan nan 7.819989e-01 1.625000e+00 5.000000e-01 0.000000e+00
nan nan 7.819989e-01 1.675000e+00 5.000000e-01 0.000000e+00
nan nan 7.819989e-01 1.725000e+00 5.000000e-01 0.000000e+00
nan nan 7.819989e-01 1.775000e+00 5.000000e-01 0.000000e+00
nan nan 7.819989e-01 1.825000e+00 5.000000e-01 0.000000e+00
nan nan 7.819989e-01 1.875000e+00 5.000000e-01 0.000000e+00
nan nan 7.819989e-01 1.925000e+00 5.000000e-01 0.000000e+00
nan nan 7.819989e-01 1.975000e+00 5.000000e-01 0.000000e+00
nan nan 7.819989e-01 2.025000e+00 5.000000e-01 0.000000e+00
nan nan 7.819989e-01 2.075000e+00 5.000000e-01 0.000000e+00
nan nan 7.819989e-01 2.125000e+00 5.000000e-01 0.000000e+00
nan nan 7.819989e-01 2.175000e+00 5.000000e-01 0.000000e+00
nan nan 7.819989e-01 2.225000e+00 5.000000e-01 0.000000e+00
nan nan 7.819989e-01 2.275000e+00 5.000000e-01 0.000000e+00
nan nan 7.819989e-01 2.325000e+00 5.000000e-01 0.000000e+00
nan nan 7.819989e-01 2.375000e+00 5.000000e-01 0.000000e+00
nan nan 7.819989e-01 2.425000e+00 5.000000e-01 0.000000e+00
nan nan 7.819989e-01 2.475000e+00 5.000000e-01 0.000000e+00
nan nan 7.819989e-01 2.525000e+00 5.000000e-01 0.000000e+00
nan nan 7.819989e-01 2.575000e+00 5.000000e-01 0.000000e+00
nan nan 7.819989e-01 2.625000e+00 5.000000e-01 0.000000e+00
nan nan 7.819989e-01 2.675000e+00 5.000000e-01 0.000000e+00
nan nan 7.819989e-01 2.725000e+00 5.000000e-01 0.000000e+00
nan nan 7.819989e-01 2.775000e+00 5.000000e-01 0.000000e+00
nan nan 7.819989e-01 2.825000e+00 5.000000e-01 0.000000e+00
nan nan 7.819989e-01 2.875000e+00 5.000000e-01 0.000000e+00
4.564957e-01 4.754143e-03 7.919989e-01 2.500000e-02 5.000000e-01 0.000000e+00
1.443696e-01 2.579679e-03 7.919989e-01 7.500000e-02 5.000000e-01 0.000000e+00
1.067560e-02 7.039294e-04 7.919989e-01 1.250000e-01 5.000000e-01 0.000000e+00
1.971881e-03 3.042685e-04 7.919989e-01 1.750000e-01 5.000000e-01 0.000000e+00
2.147701e-03 3.166620e-04 7.919989e-01 2.250000e-01 5.000000e-01 0.000000e+00
1.658142e-03 2.763578e-04 7.919989e-01 2.750000e-01 5.000000e-01 0.000000e+00
1.722542e-03 2.794339e-04 7.919989e-01 3.250000e-01 5.000000e-01 0.000000e+00
1.049699e-03 2.142693e-04 7.919989e-01 3.750000e-01 5.000000e-01 0.000000e+00
1.321376e-03 2.335892e-04 7.919989e-01 4.250000e-01 5.000000e-01 0.000000e+00
1.191564e-03 2.175496e-04 7.919989e-01 4.750000e-01 5.000000e-01 0.000000e+00
1.210428e-03 2.139762e-04 7.919989e-01 5.250000e-01 5.000000e-01 0.000000e+00
1.713808e-03 2.583672e-04 7.919989e-01 5.750000e-01 5.000000e-01 0.000000e+00
7.010970e-04 1.652505e-04 7.919989e-01 6.250000e-01 5.000000e-01 0.000000e+00
1.246642e-03 2.203782e-04 7.919989e-01 6.750000e-01 5.000000e-01 0.000000e+00
7.157666e-04 1.687087e-04 7.919989e-01 7.250000e-01 5.000000e-01 0.000000e+00
1.272451e-03 2.323175e-04 7.919989e-01 7.750000e-01 5.000000e-01 0.000000e+00
7.457511e-04 1.864384e-04 7.919989e-01 8.250000e-01 5.000000e-01 0.000000e+00
1.522875e-03 2.780387e-04 7.919989e-01 8.750000e-01 5.000000e-01 0.000000e+00
9.008948e-04 2.252242e-04 7.919989e-01 9.250000e-01 5.000000e-01 0.000000e+00
1.067227e-03 2.668078e-04 7.919989e-01 9.750000e-01 5.000000e-01 0.000000e+00
8.687264e-04 2.507812e-04 7.919989e-01 1.025000e+00 5.000000e-01 0.000000e+00
2.067423e-03 4.054573e-04 7.919989e-01 1.075000e+00 5.000000e-01 0.000000e+00
1.358429e-03 3.630575e-04 7.919989e-01 1.125000e+00 5.000000e-01 0.000000e+00
2.011519e-03 4.741210e-04 7.919989e-01 1.175000e+00 5.000000e-01 0.000000e+00
1.702093e-03 4.913542e-04 7.919989e-01 1.225000e+00 5.000000e-01 0.000000e+00
2.305727e-03 6.656095e-04 7.919989e-01 1.275000e+00 5.000000e-01 0.000000e+00
0.000000e+00 0.000000e+00 7.919989e-01 1.325000e+00 5.000000e-01 0.000000e+00
0.000000e+00 0.000000e+00 7.919989e-01 1.375000e+00 5.000000e-01 0.000000e+00
0.000000e+00 0.000000e+00 7.919989e-01 1.425000e+00 5.000000e-01 0.000000e+00
nan nan 7.919989e-01 1.475000e+00 5.000000e-01 0.000000e+00
nan nan 7.919989e-01 1.525000e+00 5.000000e-01 0.000000e+00
nan nan 7.919989e-01 1.575000e+00 5.000000e-01 0.000000e+00
nan nan 7.919989e-01 1.625000e+00 5.000000e-01 0.000000e+00
nan nan 7.919989e-01 1.675000e+00 5.000000e-01 0.000000e+00
nan nan 7.919989e-01 1.725000e+00 5.000000e-01 0.000000e+00
nan nan 7.919989e-01 1.775000e+00 5.000000e-01 0.000000e+00
nan nan 7.919989e-01 1.825000e+00 5.000000e-01 0.000000e+00
nan nan 7.919989e-01 1.875000e+00 5.000000e-01 0.000000e+00
nan nan 7.919989e-01 1.925000e+00 5.000000e-01 0.000000e+00
nan nan 7.919989e-01 1.975000e+00 5.000000e-01 0.000000e+00
nan nan 7.919989e-01 2.025000e+00 5.000000e-01 0.000000e+00
nan nan 7.919989e-01 2.075000e+00 5.000000e-01 0.000000e+00
nan nan 7.919989e-01 2.125000e+00 5.000000e-01 0.000000e+00
nan nan 7.919989e-01 2.175000e+00 5.000000e-01 0.000000e+00
nan nan 7.919989e-01 2.225000e+00 5.000000e-01 0.000000e+00
nan nan 7.919989e-01 2.275000e+00 5.000000e-01 0.000000e+00
nan nan 7.919989e-01 2.325000e+00 5.000000e-01 0.000000e+00
nan nan 7.919989e-01 2.375000e+00 5.000000e-01 0.000000e+00
nan nan 7.919989e-01 2.425000e+00 5.000000e-01 0.000000e+00
nan nan 7.919989e-01 2.475000e+00 5.000000e-01 0.000000e+00
nan nan 7.919989e-01 2.525000e+00 5.000000e-01 0.000000e+00
nan nan 7.919989e-01 2.575000e+00 5.000000e-01 0.000000e+00
nan nan 7.919989e-01 2.625000e+00 5.000000e-01 0.000000e+00
nan nan 7.919989e-01 2.675000e+00 5.000000e-01 0.000000e+00
nan nan 7.919989e-01 2.725000e+00 5.000000e-01 0.000000e+00
nan nan 7.919989e-01 2.775000e+00 5.000000e-01 0.000000e+00
nan nan 7.919989e-01 2.825000e+00 5.000000e-01 0.000000e+00
nan nan 7.919989e-01 2.875000e+00 5.000000e-01 0.000000e+00
4.497565e-01 4.692617e-03 8.019989e-01 2.500000e-02 5.000000e-01 0.000000e+00
1.338913e-01 2.501880e-03 8.019989e-01 7.500000e-02 5.000000e-01 0.000000e+00
1.112567e-02 7.151864e-04 8.019989e-01 1.250000e-01 5.000000e-01 0.000000e+00
2.220899e-03 3.205599e-04 8.019989e-01 1.750000e-01 5.000000e-01 0.000000e+00
2.134812e-03 3.147617e-04 8.019989e-01 2.250000e-01 5.000000e-01 0.000000e+00
8.028252e-04 1.892282e-04 8.019989e-01 2.750000e-01 5.000000e-01 0.000000e+00
1.709865e-03 2.703542e-04 8.019989e-01 3.250000e-01 5.000000e-01 0.000000e+00
1.630946e-03 2.578759e-04 8.019989e-01 3.750000e-01 5.000000e-01 0.000000e+00
1.582887e-03 2.502772e-04 8.019989e-01 4.250000e-01 5.000000e-01 0.000000e+00
1.250965e-03 2.211420e-04 8.019989e-01 4.750000e-01 5.000000e-01 0.000000e+00
6.784519e-04 1.599132e-04 8.019989e-01 5.250000e-01 5.000000e-01 0.000000e+00
1.112778e-03 2.102958e-04 8.019989e-01 5.750000e-01 5.000000e-01 0.000000e+00
9.026040e-04 1.924364e-04 8.019989e-01 6.250000e-01 5.000000e-01 0.000000e+00
1.630109e-03 2.644393e-04 8.019989e-01 6.750000e-01 5.000000e-01 0.000000e+00
1.423485e-03 2.516401e-04 8.019989e-01 7.250000e-01 5.000000e-01 0.000000e+00
1.740705e-03 2.985296e-04 8.019989e-01 7.750000e-01 5.000000e-01 0.000000e+00
1.716450e-03 3.133808e-04 8.019989e-01 8.250000e-01 5.000000e-01 0.000000e+00
1.644621e-03 3.225383e-04 8.019989e-01 8.750000e-01 5.000000e-01 0.000000e+00
2.060553e-03 3.894090e-04 8.019989e-01 9.250000e-01 5.000000e-01 0.000000e+00
1.793779e-03 3.824360e-04 8.019989e-01 9.750000e-01 5.000000e-01 0.000000e+00
1.996307e-03 4.256150e-04 8.019989e-01 1.025000e+00 5.000000e-01 0.000000e+00
3.607038e-03 6.376436e-04 8.019989e-01 1.075000e+00 5.000000e-01 0.000000e+00
1.584942e-03 4.575357e-04 8.019989e-01 1.125000e+00 5.000000e-01 0.000000e+00
1.807639e-03 5.716292e-04 8.019989e-01 1.175000e+00 5.000000e-01 0.000000e+00
2.815723e-03 8.904124e-04 8.019989e-01 1.225000e+00 5.000000e-01 0.000000e+00
0.000000e+00 0.000000e+00 8.019989e-01 1.275000e+00 5.000000e-01 0.000000e+00
0.000000e+00 0.000000e+00 8.019989e-01 1.325000e+00 5.000000e-01 0.000000e+00
nan nan 8.019989e-01 1.375000e+00 5.000000e-01 0.000000e+00
nan nan 8.019989e-01 1.425000e+00 5.000000e-01 0.000000e+00
nan nan 8.019989e-01 1.475000e+00 5.000000e-01 0.000000e+00
nan nan 8.019989e-01 1.525000e+00 5.000000e-01 0.000000e+00
nan nan 8.019989e-01 1.575000e+00 5.000000e-01 0.000000e+00
nan nan 8.019989e-01 1.625000e+00 5.000000e-01 0.000000e+00
nan nan 8.019989e-01 1.675000e+00 5.000000e-01 0.000000e+00
nan nan 8.019989e-01 1.725000e+00 5.000000e-01 0.000000e+00
nan nan 8.019989e-01 1.775000e+00 5.000000e-01 0.000000e+00
nan nan 8.019989e-01 1.825000e+00 5.000000e-01 0.000000e+00
nan nan 8.019989e-01 1.875000e+00 5.000000e-01 0.000000e+00
nan nan 8.019989e-01 1.925000e+00 5.000000e-01 0.000000e+00
nan nan 8.019989e-01 1.975000e+00 5.000000e-01 0.000000e+00
nan nan 8.019989e-01 2.025000e+00 5.000000e-01 0.000000e+00
nan nan 8.019989e-01 2.075000e+00 5.000000e-01 0.000000e+00
nan nan 8.019989e-01 2.125000e+00 5.000000e-01 0.000000e+00
nan nan 8.019989e-01 2.175000e+00 5.000000e-01 0.000000e+00
nan nan 8.019989e-01 2.225000e+00 5.000000e-01 0.000000e+00
nan nan 8.019989e-01 2.275000e+00 5.000000e-01 0.000000e+00
nan nan 8.019989e-01 2.325000e+00 5.000000e-01 0.000000e+00
nan nan 8.019989e-01 2.375000e+00 5.000000e-01 0.000000e+00
nan nan 8.019989e-01 2.425000e+00 5.000000e-01 0.000000e+00
nan nan 8.019989e-01 2.475000e+00 5.000000e-01 0.000000e+00
nan nan 8.019989e-01 2.525000e+00 5.000000e-01 0.000000e+00
nan nan 8.019989e-01 2.575000e+00 5.000000e-01 0.000000e+00
nan nan 8.019989e-01 2.625000e+00 5.000000e-01 0.000000e+00
nan nan 8.019989e-01 2.675000e+00 5.000000e-01 0.000000e+00
nan nan 8.019989e-01 2.725000e+00 5.000000e-01 0.000000e+00
nan nan 8.019989e-01 2.775000e+00 5.000000e-01 0.000000e+00
nan nan 8.019989e-01 2.825000e+00 5.000000e-01 0.000000e+00
nan nan 8.019989e-01 2.875000e+00 5.000000e-01 0.000000e+00
4.551630e-01 4.661061e-03 8.119989e-01 2.500000e-02 5.000000e-01 0.000000e+00
1.416908e-01 2.603454e-03 8.119989e-01 7.500000e-02 5.000000e-01 0.000000e+00
1.267713e-02 7.686651e-04 8.119989e-01 1.250000e-01 5.000000e-01 0.000000e+00
2.820392e-03 3.581912e-04 8.119989e-01 1.750000e-01 5.000000e-01 0.000000e+00
1.731164e-03 2.737218e-04 8.119989e-01 2.250000e-01 5.000000e-01 0.000000e+00
1.402072e-03 2.404540e-04 8.119989e-01 2.750000e-01 5.000000e-01 0.000000e+00
1.127662e-03 2.131085e-04 8.119989e-01 3.250000e-01 5.000000e-01 0.000000e+00
1.039930e-03 2.039477e-04 8.119989e-01 3.750000e-01 5.000000e-01 0.000000e+00
1.511313e-03 2.451681e-04 8.119989e-01 4.250000e-01 5.000000e-01 0.000000e+00
1.649510e-03 2.545255e-04 8.119989e-01 4.750000e-01 5.000000e-01 0.000000e+00
8.985632e-04 1.915748e-04 8.119989e-01 5.250000e-01 5.000000e-01 0.000000e+00
9.696162e-04 2.067233e-04 8.119989e-01 5.750000e-01 5.000000e-01 0.000000e+00
6.500304e-04 1.737287e-04 8.119989e-01 6.250000e-01 5.000000e-01 0.000000e+00
1.159653e-03 2.367138e-04 8.119989e-01 6.750000e-01 5.000000e-01 0.000000e+00
1.475216e-03 2.893147e-04 8.119989e-01 7.250000e-01 5.000000e-01 0.000000e+00
1.442881e-03 3.076238e-04 8.119989e-01 7.750000e-01 5.000000e-01 0.000000e+00
1.408590e-03 3.149715e-04 8.119989e-01 8.250000e-01 5.000000e-01 0.000000e+00
8.098961e-04 2.561126e-04 8.119989e-01 8.750000e-01 5.000000e-01 0.000000e+00
3.785899e-04 1.892953e-04 8.119989e-01 9.250000e-01 5.000000e-01 0.000000e+00
8.285345e-04 2.929325e-04 8.119989e-01 9.750000e-01 5.000000e-01 0.000000e+00
1.348037e-03 4.262891e-04 8.119989e-01 1.025000e+00 5.000000e-01 0.000000e+00
6.847248e-04 3.423625e-04 8.119989e-01 1.075000e+00 5.000000e-01 0.000000e+00
4.958825e-04 3.506418e-04 8.119989e-01 1.125000e+00 5.000000e-01 0.000000e+00
2.085146e-03 1.042573e-03 8.119989e-01 1.175000e+00 5.000000e-01 0.000000e+00
0.000000e+00 0.000000e+00 8.119989e-01 1.225000e+00 5.000000e-01 0.000000e+00
0.000000e+00 0.000000e+00 8.119989e-01 1.275000e+00 5.000000e-01 0.000000e+00
nan nan 8.119989e-01 1.325000e+00 5.000000e-01 0.000000e+00
nan nan 8.119989e-01 1.375000e+00 5.000000e-01 0.000000e+00
nan nan 8.119989e-01 1.425000e+00 5.000000e-01 0.000000e+00
nan nan 8.119989e-01 1.475000e+00 5.000000e-01 0.000000e+00
nan nan 8.119989e-01 1.525000e+00 5.000000e-01 0.000000e+00
nan nan 8.119989e-01 1.575000e+00 5.000000e-01 0.000000e+00
nan nan 8.119989e-01 1.625000e+00 5.000000e-01 0.000000e+00
nan nan 8.119989e-01 1.675000e+00 5.000000e-01 0.000000e+00
nan nan 8.119989e-01 1.725000e+00 5.000000e-01 0.000000e+00
nan nan 8.119989e-01 1.775000e+00 5.000000e-01 0.000000e+00
nan nan 8.119989e-01 1.825000e+00 5.000000e-01 0.000000e+00
nan nan 8.119989e-01 1.875000e+00 5.000000e-01 0.000000e+00
nan nan 8.119989e-01 1.925000e+00 5.000000e-01 0.000000e+00
nan nan 8.119989e-01 1.975000e+00 5.000000e-01 0.000000e+00
nan nan 8.119989e-01 2.025000e+00 5.000000e-01 0.000000e+00
nan nan 8.119989e-01 2.075000e+00 5.000000e-01 0.000000e+00
nan nan 8.119989e-01 2.125000e+00 5.000000e-01 0.000000e+00
nan nan 8.119989e-01 2.175000e+00 5.000000e-01 0.000000e+00
nan nan 8.119989e-01 2.225000e+00 5.000000e-01 0.000000e+00
nan nan 8.119989e-01 2.275000e+00 5.000000e-01 0.000000e+00
nan nan 8.119989e-01 2.325000e+00 5.000000e-01 0.000000e+00
nan nan 8.119989e-01 2.375000e+00 5.000000e-01 0.000000e+00
nan nan 8.119989e-01 2.425000e+00 5.000000e-01 0.000000e+00
nan nan 8.119989e-01 2.475000e+00 5.000000e-01 0.000000e+00
nan nan 8.119989e-01 2.525000e+00 5.000000e-01 0.000000e+00
nan nan 8.119989e-01 2.575000e+00 5.000000e-01 0.000000e+00
nan nan 8.119989e-01 2.625000e+00 5.000000e-01 0.000000e+00
nan nan 8.119989e-01 2.675000e+00 5.000000e-01 0.000000e+00
nan nan 8.119989e-01 2.725000e+00 5.000000e-01 0.000000e+00
nan nan 8.119989e-01 2.775000e+00 5.000000e-01 0.000000e+00
nan nan 8.119989e-01 2.825000e+00 5.000000e-01 0.000000e+00
nan nan 8.119989e-01 2.875000e+00 5.000000e-01 0.000000e+00
4.552259e-01 4.652930e-03 8.219989e-01 2.500000e-02 5.000000e-01 0.000000e+00
1.367567e-01 2.538638e-03 8.219989e-01 7.500000e-02 5.000000e-01 0.000000e+00
1.340365e-02 7.637457e-04 8.219989e-01 1.250000e-01 5.000000e-01 0.000000e+00
2.792019e-03 3.436747e-04 8.219989e-01 1.750000e-01 5.000000e-01 0.000000e+00
1.883149e-03 2.776559e-04 8.219989e-01 2.250000e-01 5.000000e-01 0.000000e+00
1.924144e-03 2.777269e-04 8.219989e-01 2.750000e-01 5.000000e-01 0.000000e+00
1.213293e-03 2.215165e-04 8.219989e-01 3.250000e-01 5.000000e-01 0.000000e+00
1.218822e-03 2.225258e-04 8.219989e-01 3.750000e-01 5.000000e-01 0.000000e+00
1.083023e-03 2.123990e-04 8.219989e-01 4.250000e-01 5.000000e-01 0.000000e+00
1.615524e-03 2.620734e-04 8.219989e-01 4.750000e-01 5.000000e-01 0.000000e+00
1.232294e-03 2.416735e-04 8.219989e-01 5.250000e-01 5.000000e-01 0.000000e+00
1.119155e-03 2.386057e-04 8.219989e-01 5.750000e-01 5.000000e-01 0.000000e+00
1.103416e-03 2.467320e-04 8.219989e-01 6.250000e-01 5.000000e-01 0.000000e+00
1.250354e-03 2.795885e-04 8.219989e-01 6.750000e-01 5.000000e-01 0.000000e+00
8.895053e-04 2.567782e-04 8.219989e-01 7.250000e-01 5.000000e-01 0.000000e+00
1.447596e-03 3.412032e-04 8.219989e-01 7.750000e-01 5.000000e-01 0.000000e+00
1.989839e-03 4.242365e-04 8.219989e-01 8.250000e-01 5.000000e-01 0.000000e+00
1.565373e-03 4.183649e-04 8.219989e-01 8.750000e-01 5.000000e-01 0.000000e+00
2.000820e-03 5.002069e-04 8.219989e-01 9.250000e-01 5.000000e-01 0.000000e+00
1.709597e-03 5.406231e-04 8.219989e-01 9.750000e-01 5.000000e-01 0.000000e+00
4.929804e-04 3.485898e-04 8.219989e-01 1.025000e+00 5.000000e-01 0.000000e+00
0.000000e+00 0.000000e+00 8.219989e-01 1.075000e+00 5.000000e-01 0.000000e+00
1.011043e-02 4.127573e-03 8.219989e-01 1.125000e+00 5.000000e-01 0.000000e+00
0.000000e+00 0.000000e+00 8.219989e-01 1.175000e+00 5.000000e-01 0.000000e+00
nan nan 8.219989e-01 1.225000e+00 5.000000e-01 0.000000e+00
nan nan 8.219989e-01 1.275000e+00 5.000000e-01 0.000000e+00
nan nan 8.219989e-01 1.325000e+00 5.000000e-01 0.000000e+00
nan nan 8.219989e-01 1.375000e+00 5.000000e-01 0.000000e+00
nan nan 8.219989e-01 1.425000e+00 5.000000e-01 0.000000e+00
nan nan 8.219989e-01 1.475000e+00 5.000000e-01 0.000000e+00
nan nan 8.219989e-01 1.525000e+00 5.000000e-01 0.000000e+00
nan nan 8.219989e-01 1.575000e+00 5.000000e-01 0.000000e+00
nan nan 8.219989e-01 1.625000e+00 5.000000e-01 0.000000e+00
nan nan 8.219989e-01 1.675000e+00 5.000000e-01 0.000000e+00
nan nan 8.219989e-01 1.725000e+00 5.000000e-01 0.000000e+00
nan nan 8.219989e-01 1.775000e+00 5.000000e-01 0.000000e+00
nan nan 8.219989e-01 1.825000e+00 5.000000e-01 0.000000e+00
nan nan 8.219989e-01 1.875000e+00 5.000000e-01 0.000000e+00
nan nan 8.219989e-01 1.925000e+00 5.000000e-01 0.000000e+00
nan nan 8.219989e-01 1.975000e+00 5.000000e-01 0.000000e+00
nan nan 8.219989e-01 2.025000e+00 5.000000e-01 0.000000e+00
nan nan 8.219989e-01 2.075000e+00 5.000000e-01 0.000000e+00
nan nan 8.219989e-01 2.125000e+00 5.000000e-01 0.000000e+00
nan nan 8.219989e-01 2.175000e+00 5.000000e-01 0.000000e+00
nan nan 8.219989e-01 2.225000e+00 5.000000e-01 0.000000e+00
nan nan 8.219989e-01 2.275000e+00 5.000000e-01 0.000000e+00
nan nan 8.219989e-01 2.325000e+00 5.000000e-01 0.000000e+00
nan nan 8.219989e-01 2.375000e+00 5.000000e-01 0.000000e+00
nan nan 8.219989e-01 2.425000e+00 5.000000e-01 0.000000e+00
nan nan 8.219989e-01 2.475000e+00 5.000000e-01 0.000000e+00
nan nan 8.219989e-01 2.525000e+00 5.000000e-01 0.000000e+00
nan nan 8.219989e-01 2.575000e+00 5.000000e-01 0.000000e+00
nan nan 8.219989e-01 2.625000e+00 5.000000e-01 0.000000e+00
nan nan 8.219989e-01 2.675000e+00 5.000000e-01 0.000000e+00
nan nan 8.219989e-01 2.725000e+00 5.000000e-01 0.000000e+00
nan nan 8.219989e-01 2.775000e+00 5.000000e-01 0.000000e+00
nan nan 8.219989e-01 2.825000e+00 5.000000e-01 0.000000e+00
nan nan 8.219989e-01 2.875000e+00 5.000000e-01 0.000000e+00
4.580671e-01 4.542235e-03 8.319989e-01 2.500000e-02 5.000000e-01 0.000000e+00
1.370235e-01 2.445293e-03 8.319989e-01 7.500000e-02 5.000000e-01 0.000000e+00
1.176928e-02 6.959331e-04 8.319989e-01 1.250000e-01 5.000000e-01 0.000000e+00
1.887605e-03 2.783127e-04 8.319989e-01 1.750000e-01 5.000000e-01 0.000000e+00
1.466044e-03 2.443415e-04 8.319989e-01 2.250000e-01 5.000000e-01 0.000000e+00
1.373277e-03 2.355157e-04 8.319989e-01 2.750000e-01 5.000000e-01 0.000000e+00
1.184761e-03 2.238994e-04 8.319989e-01 3.250000e-01 5.000000e-01 0.000000e+00
1.162228e-03 2.279323e-04 8.319989e-01 3.750000e-01 5.000000e-01 0.000000e+00
8.486076e-04 2.000191e-04 8.319989e-01 4.250000e-01 5.000000e-01 0.000000e+00
1.083864e-03 2.310813e-04 8.319989e-01 4.750000e-01 5.000000e-01 0.000000e+00
7.872556e-04 2.104033e-04 8.319989e-01 5.250000e-01 5.000000e-01 0.000000e+00
2.594019e-04 1.297010e-04 8.319989e-01 5.750000e-01 5.000000e-01 0.000000e+00
2.220101e-03 3.924632e-04 8.319989e-01 6.250000e-01 5.000000e-01 0.000000e+00
5.032063e-04 2.054336e-04 8.319989e-01 6.750000e-01 5.000000e-01 0.000000e+00
2.243974e-03 4.580503e-04 8.319989e-01 7.250000e-01 5.000000e-01 0.000000e+00
6.118919e-04 2.498041e-04 8.319989e-01 7.750000e-01 5.000000e-01 0.000000e+00
1.091733e-03 3.859864e-04 8.319989e-01 8.250000e-01 5.000000e-01 0.000000e+00
1.650206e-03 5.218419e-04 8.319989e-01 8.750000e-01 5.000000e-01 0.000000e+00
8.843523e-04 4.421783e-04 8.319989e-01 9.250000e-01 5.000000e-01 0.000000e+00
1.606931e-03 8.034762e-04 8.319989e-01 9.750000e-01 5.000000e-01 0.000000e+00
3.382297e-03 1.691149e-03 8.319989e-01 1.025000e+00 5.000000e-01 0.000000e+00
0.000000e+00 0.000000e+00 8.319989e-01 1.075000e+00 5.000000e-01 0.000000e+00
nan nan 8.319989e-01 1.125000e+00 5.000000e-01 0.000000e+00
nan nan 8.319989e-01 1.175000e+00 5.000000e-01 0.000000e+00
nan nan 8.319989e-01 1.225000e+00 5.000000e-01 0.000000e+00
nan nan 8.319989e-01 1.275000e+00 5.000000e-01 0.000000e+00
nan nan 8.319989e-01 1.325000e+00 5.000000e-01 0.000000e+00
nan nan 8.319989e-01 1.375000e+00 5.000000e-01 0.000000e+00
nan nan 8.319989e-01 1.425000e+00 5.000000e-01 0.000000e+00
nan nan 8.319989e-01 1.475000e+00 5.000000e-01 0.000000e+00
nan nan 8.319989e-01 1.525000e+00 5.000000e-01 0.000000e+00
nan nan 8.319989e-01 1.575000e+00 5.000000e-01 0.000000e+00
nan nan 8.319989e-01 1.625000e+00 5.000000e-01 0.000000e+00
nan nan 8.319989e-01 1.675000e+00 5.000000e-01 0.000000e+00
nan nan 8.319989e-01 1.725000e+00 5.000000e-01 0.000000e+00
nan nan 8.319989e-01 1.775000e+00 5.000000e-01 0.000000e+00
nan nan 8.319989e-01 1.825000e+00 5.000000e-01 0.000000e+00
nan nan 8.319989e-01 1.875000e+00 5.000000e-01 0.000000e+00
nan nan 8.319989e-01 1.925000e+00 5.000000e-01 0.000000e+00
nan nan 8.319989e-01 1.975000e+00 5.000000e-01 0.000000e+00
nan nan 8.319989e-01 2.025000e+00 5.000000e-01 0.000000e+00
nan nan 8.319989e-01 2.075000e+00 5.000000e-01 0.000000e+00
nan nan 8.319989e-01 2.125000e+00 5.000000e-01 0.000000e+00
nan nan 8.319989e-01 2.175000e+00 5.000000e-01 0.000000e+00
nan nan 8.319989e-01 2.225000e+00 5.000000e-01 0.000000e+00
nan nan 8.319989e-01 2.275000e+00 5.000000e-01 0.000000e+00
nan nan 8.319989e-01 2.325000e+00 5.000000e-01 0.000000e+00
nan nan 8.319989e-01 2.375000e+00 5.000000e-01 0.000000e+00
nan nan 8.319989e-01 2.425000e+00 5.000000e-01 0.000000e+00
nan nan 8.319989e-01 2.475000e+00 5.000000e-01 0.000000e+00
nan nan 8.319989e-01 2.525000e+00 5.000000e-01 0.000000e+00
nan nan 8.319989e-01 2.575000e+00 5.000000e-01 0.000000e+00
nan nan 8.319989e-01 2.625000e+00 5.000000e-01 0.000000e+00
nan nan 8.319989e-01 2.675000e+00 5.000000e-01 0.000000e+00
nan nan 8.319989e-01 2.725000e+00 5.000000e-01 0.000000e+00
nan nan 8.319989e-01 2.775000e+00 5.000000e-01 0.000000e+00
nan nan 8.319989e-01 2.825000e+00 5.000000e-01 0.000000e+00
nan nan 8.319989e-01 2.875000e+00 5.000000e-01 0.000000e+00
4.302922e-01 4.279882e-03 8.419989e-01 2.500000e-02 5.000000e-01 0.000000e+00
1.431681e-01 2.464760e-03 8.419989e-01 7.500000e-02 5.000000e-01 0.000000e+00
1.449797e-02 7.749504e-04 8.419989e-01 1.250000e-01 5.000000e-01 0.000000e+00
1.656283e-03 2.618820e-04 8.419989e-01 1.750000e-01 5.000000e-01 0.000000e+00
1.537281e-03 2.562141e-04 8.419989e-01 2.250000e-01 5.000000e-01 0.000000e+00
1.414286e-03 2.500132e-04 8.419989e-01 2.750000e-01 5.000000e-01 0.000000e+00
1.242638e-03 2.437024e-04 8.419989e-01 3.250000e-01 5.000000e-01 0.000000e+00
1.128892e-03 2.406812e-04 8.419989e-01 3.750000e-01 5.000000e-01 0.000000e+00
1.542160e-03 2.914419e-04 8.419989e-01 4.250000e-01 5.000000e-01 0.000000e+00
1.402176e-03 2.989458e-04 8.419989e-01 4.750000e-01 5.000000e-01 0.000000e+00
5.946602e-04 2.102443e-04 8.419989e-01 5.250000e-01 5.000000e-01 0.000000e+00
4.897835e-04 1.999539e-04 8.419989e-01 5.750000e-01 5.000000e-01 0.000000e+00
3.600957e-04 1.800478e-04 8.419989e-01 6.250000e-01 5.000000e-01 0.000000e+00
1.541645e-03 4.120240e-04 8.419989e-01 6.750000e-01 5.000000e-01 0.000000e+00
1.237091e-03 3.912031e-04 8.419989e-01 7.250000e-01 5.000000e-01 0.000000e+00
1.321869e-03 4.673521e-04 8.419989e-01 7.750000e-01 5.000000e-01 0.000000e+00
9.090747e-04 4.545384e-04 8.419989e-01 8.250000e-01 5.000000e-01 0.000000e+00
1.305996e-03 6.529990e-04 8.419989e-01 8.750000e-01 5.000000e-01 0.000000e+00
0.000000e+00 0.000000e+00 8.419989e-01 9.250000e-01 5.000000e-01 0.000000e+00
0.000000e+00 0.000000e+00 8.419989e-01 9.750000e-01 5.000000e-01 0.000000e+00
nan nan 8.419989e-01 1.025000e+00 5.000000e-01 0.000000e+00
nan nan 8.419989e-01 1.075000e+00 5.000000e-01 0.000000e+00
nan nan 8.419989e-01 1.125000e+00 5.000000e-01 0.000000e+00
nan nan 8.419989e-01 1.175000e+00 5.000000e-01 0.000000e+00
nan nan 8.419989e-01 1.225000e+00 5.000000e-01 0.000000e+00
nan nan 8.419989e-01 1.275000e+00 5.000000e-01 0.000000e+00
nan nan 8.419989e-01 1.325000e+00 5.000000e-01 0.000000e+00
nan nan 8.419989e-01 1.375000e+00 5.000000e-01 0.000000e+00
nan nan 8.419989e-01 1.425000e+00 5.000000e-01 0.000000e+00
nan nan 8.419989e-01 1.475000e+00 5.000000e-01 0.000000e+00
nan nan 8.419989e-01 1.525000e+00 5.000000e-01 0.000000e+00
nan nan 8.419989e-01 1.575000e+00 5.000000e-01 0.000000e+00
nan nan 8.419989e-01 1.625000e+00 5.000000e-01 0.000000e+00
nan nan 8.419989e-01 1.675000e+00 5.000000e-01 0.000000e+00
nan nan 8.419989e-01 1.725000e+00 5.000000e-01 0.000000e+00
nan nan 8.419989e-01 1.775000e+00 5.000000e-01 0.000000e+00
nan nan 8.419989e-01 1.825000e+00 5.000000e-01 0.000000e+00
nan nan 8.419989e-01 1.875000e+00 5.000000e-01 0.000000e+00
nan nan 8.419989e-01 1.925000e+00 5.000000e-01 0.000000e+00
nan nan 8.419989e-01 1.975000e+00 5.000000e-01 0.000000e+00
nan nan 8.419989e-01 2.025000e+00 5.000000e-01 0.000000e+00
nan nan 8.419989e-01 2.075000e+00 5.000000e-01 0.000000e+00
nan nan 8.419989e-01 2.125000e+00 5.000000e-01 0.000000e+00
nan nan 8.419989e-01 2.175000e+00 5.000000e-01 0.000000e+00
nan nan 8.419989e-01 2.225000e+00 5.000000e-01 0.000000e+00
nan nan 8.419989e-01 2.275000e+00 5.000000e-01 0.000000e+00
nan nan 8.419989e-01 2.325000e+00 5.000000e-01 0.000000e+00
nan nan 8.419989e-01 2.375000e+00 5.000000e-01 0.000000e+00
nan nan 8.419989e-01 2.425000e+00 5.000000e-01 0.000000e+00
nan nan 8.419989e-01 2.475000e+00 5.000000e-01 0.000000e+00
nan nan 8.419989e-01 2.525000e+00 5.000000e-01 0.000000e+00
nan nan 8.419989e-01 2.575000e+00 5.000000e-01 0.000000e+00
nan nan 8.419989e-01 2.625000e+00 5.000000e-01 0.000000e+00
nan nan 8.419989e-01 2.675000e+00 5.000000e-01 0.000000e+00
nan nan 8.419989e-01 2.725000e+00 5.000000e-01 0.000000e+00
nan nan 8.419989e-01 2.775000e+00 5.000000e-01 0.000000e+00
nan nan 8.419989e-01 2.825000e+00 5.000000e-01 0.000000e+00
nan nan 8.419989e-01 2.875000e+00 5.000000e-01 0.000000e+00
4.328513e-01 4.278332e-03 8.519989e-01 2.500000e-02 5.000000e-01 0.000000e+00
1.511449e-01 2.528233e-03 8.519989e-01 7.500000e-02 5.000000e-01 0.000000e+00
1.423501e-02 7.812487e-04 8.519989e-01 1.250000e-01 5.000000e-01 0.000000e+00
2.164331e-03 3.123950e-04 8.519989e-01 1.750000e-01 5.000000e-01 0.000000e+00
2.410511e-03 3.408987e-04 8.519989e-01 2.250000e-01 5.000000e-01 0.000000e+00
1.627180e-03 2.876483e-04 8.519989e-01 2.750000e-01 5.000000e-01 0.000000e+00
1.581390e-03 2.988552e-04 8.519989e-01 3.250000e-01 5.000000e-01 0.000000e+00
7.656433e-04 2.210223e-04 8.519989e-01 3.750000e-01 5.000000e-01 0.000000e+00
1.419654e-03 3.174446e-04 8.519989e-01 4.250000e-01 5.000000e-01 0.000000e+00
1.374881e-03 3.437215e-04 8.519989e-01 4.750000e-01 5.000000e-01 0.000000e+00
9.470942e-04 2.994979e-04 8.519989e-01 5.250000e-01 5.000000e-01 0.000000e+00
1.436525e-03 3.839287e-04 8.519989e-01 5.750000e-01 5.000000e-01 0.000000e+00
1.077244e-03 3.808643e-04 8.519989e-01 6.250000e-01 5.000000e-01 0.000000e+00
1.299335e-03 4.593849e-04 8.519989e-01 6.750000e-01 5.000000e-01 0.000000e+00
8.111793e-04 4.055912e-04 8.519989e-01 7.250000e-01 5.000000e-01 0.000000e+00
7.357740e-04 5.202708e-04 8.519989e-01 7.750000e-01 5.000000e-01 0.000000e+00
3.185353e-03 1.592681e-03 8.519989e-01 8.250000e-01 5.000000e-01 0.000000e+00
0.000000e+00 0.000000e+00 8.519989e-01 8.750000e-01 5.000000e-01 0.000000e+00
nan nan 8.519989e-01 9.250000e-01 5.000000e-01 0.000000e+00
nan nan 8.519989e-01 9.750000e-01 5.000000e-01 0.000000e+00
nan nan 8.519989e-01 1.025000e+00 5.000000e-01 0.000000e+00
nan nan 8.519989e-01 1.075000e+00 5.000000e-01 0.000000e+00
nan nan 8.519989e-01 1.125000e+00 5.000000e-01 0.000000e+00
nan nan 8.519989e-01 1.175000e+00 5.000000e-01 0.000000e+00
nan nan 8.519989e-01 1.225000e+00 5.000000e-01 0.000000e+00
nan nan 8.519989e-01 1.275000e+00 5.000000e-01 0.000000e+00
nan nan 8.519989e-01 1.325000e+00 5.000000e-01 0.000000e+00
nan nan 8.519989e-01 1.375000e+00 5.000000e-01 0.000000e+00
nan nan 8.519989e-01 1.425000e+00 5.000000e-01 0.000000e+00
nan nan 8.519989e-01 1.475000e+00 5.000000e-01 0.000000e+00
nan nan 8.519989e-01 1.525000e+00 5.000000e-01 0.000000e+00
nan nan 8.519989e-01 1.575000e+00 5.000000e-01 0.000000e+00
nan nan 8.519989e-01 1.625000e+00 5.000000e-01 0.000000e+00
nan nan 8.519989e-01 1.675000e+00 5.000000e-01 0.000000e+00
nan nan 8.519989e-01 1.725000e+00 5.000000e-01 0.000000e+00
nan nan 8.519989e-01 1.775000e+00 5.000000e-01 0.000000e+00
nan nan 8.519989e-01 1.825000e+00 5.000000e-01 0.000000e+00
nan nan 8.519989e-01 1.875000e+00 5.000000e-01 0.000000e+00
nan nan 8.519989e-01 1.925000e+00 5.000000e-01 0.000000e+00
nan nan 8.519989e-01 1.975000e+00 5.000000e-01 0.000000e+00
nan nan 8.519989e-01 2.025000e+00 5.000000e-01 0.000000e+00
nan nan 8.519989e-01 2.075000e+00 5.000000e-01 0.000000e+00
nan nan 8.519989e-01 2.125000e+00 5.000000e-01 0.000000e+00
nan nan 8.519989e-01 2.175000e+00 5.000000e-01 0.000000e+00
nan nan 8.519989e-01 2.225000e+00 5.000000e-01 0.000000e+00
nan nan 8.519989e-01 2.275000e+00 5.000000e-01 0.000000e+00
nan nan 8.519989e-01 2.325000e+00 5.000000e-01 0.000000e+00
nan nan 8.519989e-01 2.375000e+00 5.000000e-01 0.000000e+00
nan nan 8.519989e-01 2.425000e+00 5.000000e-01 0.000000e+00
nan nan 8.519989e-01 2.475000e+00 5.000000e-01 0.000000e+00
nan nan 8.519989e-01 2.525000e+00 5.000000e-01 0.000000e+00
nan nan 8.519989e-01 2.575000e+00 5.000000e-01 0.000000e+00
nan nan 8.519989e-01 2.625000e+00 5.000000e-01 0.000000e+00
nan nan 8.519989e-01 2.675000e+00 5.000000e-01 0.000000e+00
nan nan 8.519989e-01 2.725000e+00 5.000000e-01 0.000000e+00
nan nan 8.519989e-01 2.775000e+00 5.000000e-01 0.000000e+00
nan nan 8.519989e-01 2.825000e+00 5.000000e-01 0.000000e+00
nan nan 8.519989e-01 2.875000e+00 5.000000e-01 0.000000e+00
4.448975e-01 4.405583e-03 8.619989e-01 2.500000e-02 5.000000e-01 0.000000e+00
1.594145e-01 2.725139e-03 8.619989e-01 7.500000e-02 5.000000e-01 0.000000e+00
1.486437e-02 8.525310e-04 8.619989e-01 1.250000e-01 5.000000e-01 0.000000e+00
2.493476e-03 3.599034e-04 8.619989e-01 1.750000e-01 5.000000e-01 0.000000e+00
2.267346e-03 3.584999e-04 8.619989e-01 2.250000e-01 5.000000e-01 0.000000e+00
1.015530e-03 2.538835e-04 8.619989e-01 2.750000e-01 5.000000e-01 0.000000e+00
8.961388e-04 2.586939e-04 8.619989e-01 3.250000e-01 5.000000e-01 0.000000e+00
1.673055e-03 3.741071e-04 8.619989e-01 3.750000e-01 5.000000e-01 0.000000e+00
5.500637e-04 2.245629e-04 8.619989e-01 4.250000e-01 5.000000e-01 0.000000e+00
1.591570e-03 4.253667e-04 8.619989e-01 4.750000e-01 5.000000e-01 0.000000e+00
7.951334e-04 3.246124e-04 8.619989e-01 5.250000e-01 5.000000e-01 0.000000e+00
6.143528e-04 3.071768e-04 8.619989e-01 5.750000e-01 5.000000e-01 0.000000e+00
1.342734e-03 5.481699e-04 8.619989e-01 6.250000e-01 5.000000e-01 0.000000e+00
1.941103e-03 7.924524e-04 8.619989e-01 6.750000e-01 5.000000e-01 0.000000e+00
0.000000e+00 0.000000e+00 8.619989e-01 7.250000e-01 5.000000e-01 0.000000e+00
8.474713e-03 5.992526e-03 8.619989e-01 7.750000e-01 5.000000e-01 0.000000e+00
nan nan 8.619989e-01 8.250000e-01 5.000000e-01 0.000000e+00
nan nan 8.619989e-01 8.750000e-01 5.000000e-01 0.000000e+00
nan nan 8.619989e-01 9.250000e-01 5.000000e-01 0.000000e+00
nan nan 8.619989e-01 9.750000e-01 5.000000e-01 0.000000e+00
nan nan 8.619989e-01 1.025000e+00 5.000000e-01 0.000000e+00
nan nan 8.619989e-01 1.075000e+00 5.000000e-01 0.000000e+00
nan nan 8.619989e-01 1.125000e+00 5.000000e-01 0.000000e+00
nan nan 8.619989e-01 1.175000e+00 5.000000e-01 0.000000e+00
nan nan 8.619989e-01 1.225000e+00 5.000000e-01 0.000000e+00
nan nan 8.619989e-01 1.275000e+00 5.000000e-01 0.000000e+00
nan nan 8.619989e-01 1.325000e+00 5.000000e-01 0.000000e+00
nan nan 8.619989e-01 1.375000e+00 5.000000e-01 0.000000e+00
nan nan 8.619989e-01 1.425000e+00 5.000000e-01 0.000000e+00
nan nan 8.619989e-01 1.475000e+00 5.000000e-01 0.000000e+00
nan nan 8.619989e-01 1.525000e+00 5.000000e-01 0.000000e+00
nan nan 8.619989e-01 1.575000e+00 5.000000e-01 0.000000e+00
nan nan 8.619989e-01 1.625000e+00 5.000000e-01 0.000000e+00
nan nan 8.619989e-01 1.675000e+00 5.000000e-01 0.000000e+00
nan nan 8.619989e-01 1.725000e+00 5.000000e-01 0.000000e+00
nan nan 8.619989e-01 1.775000e+00 5.000000e-01 0.000000e+00
nan nan 8.619989e-01 1.825000e+00 5.000000e-01 0.000000e+00
nan nan 8.619989e-01 1.875000e+00 5.000000e-01 0.000000e+00
nan nan 8.619989e-01 1.925000e+00 5.000000e-01 0.000000e+00
nan nan 8.619989e-01 1.975000e+00 5.000000e-01 0.000000e+00
nan nan 8.619989e-01 2.025000e+00 5.000000e-01 0.000000e+00
nan nan 8.619989e-01 2.075000e+00 5.000000e-01 0.000000e+00
nan nan 8.619989e-01 2.125000e+00 5.000000e-01 0.000000e+00
nan nan 8.619989e-01 2.175000e+00 5.000000e-01 0.000000e+00
nan nan 8.619989e-01 2.225000e+00 5.000000e-01 0.000000e+00
nan nan 8.619989e-01 2.275000e+00 5.000000e-01 0.000000e+00
nan nan 8.619989e-01 2.325000e+00 5.000000e-01 0.000000e+00
nan nan 8.619989e-01 2.375000e+00 5.000000e-01 0.000000e+00
nan nan 8.619989e-01 2.425000e+00 5.000000e-01 0.000000e+00
nan nan 8.619989e-01 2.475000e+00 5.000000e-01 0.000000e+00
nan nan 8.619989e-01 2.525000e+00 5.000000e-01 0.000000e+00
nan nan 8.619989e-01 2.575000e+00 5.000000e-01 0.000000e+00
nan nan 8.619989e-01 2.625000e+00 5.000000e-01 0.000000e+00
nan nan 8.619989e-01 2.675000e+00 5.000000e-01 0.000000e+00
nan nan 8.619989e-01 2.725000e+00 5.000000e-01 0.000000e+00
nan nan 8.619989e-01 2.775000e+00 5.000000e-01 0.000000e+00
nan nan 8.619989e-01 2.825000e+00 5.000000e-01 0.000000e+00
nan nan 8.619989e-01 2.875000e+00 5.000000e-01 0.000000e+00
4.427326e-01 4.668896e-03 8.719988e-01 2.500000e-02 5.000000e-01 0.000000e+00
1.655111e-01 2.971715e-03 8.719988e-01 7.500000e-02 5.000000e-01 0.000000e+00
1.559354e-02 9.489941e-04 8.719988e-01 1.250000e-01 5.000000e-01 0.000000e+00
2.577799e-03 4.075869e-04 8.719988e-01 1.750000e-01 5.000000e-01 0.000000e+00
2.648656e-03 4.414441e-04 8.719988e-01 2.250000e-01 5.000000e-01 0.000000e+00
1.863553e-03 3.973116e-04 8.719988e-01 2.750000e-01 5.000000e-01 0.000000e+00
1.547045e-03 3.867624e-04 8.719988e-01 3.250000e-01 5.000000e-01 0.000000e+00
8.766729e-04 3.099514e-04 8.719988e-01 3.750000e-01 5.000000e-01 0.000000e+00
1.039309e-03 3.674513e-04 8.719988e-01 4.250000e-01 5.000000e-01 0.000000e+00
2.021993e-03 5.836996e-04 8.719988e-01 4.750000e-01 5.000000e-01 0.000000e+00
8.375273e-04 4.187637e-04 8.719988e-01 5.250000e-01 5.000000e-01 0.000000e+00
2.944213e-03 1.040939e-03 8.719988e-01 5.750000e-01 5.000000e-01 0.000000e+00
1.479923e-03 1.046463e-03 8.719988e-01 6.250000e-01 5.000000e-01 0.000000e+00
5.118222e-03 3.619130e-03 8.719988e-01 6.750000e-01 5.000000e-01 0.000000e+00
nan nan 8.719988e-01 7.250000e-01 5.000000e-01 0.000000e+00
nan nan 8.719988e-01 7.750000e-01 5.000000e-01 0.000000e+00
nan nan 8.719988e-01 8.250000e-01 5.000000e-01 0.000000e+00
nan nan 8.719988e-01 8.750000e-01 5.000000e-01 0.000000e+00
nan nan 8.719988e-01 9.250000e-01 5.000000e-01 0.000000e+00
nan nan 8.719988e-01 9.750000e-01 5.000000e-01 0.000000e+00
nan nan 8.719988e-01 1.025000e+00 5.000000e-01 0.000000e+00
nan nan 8.719988e-01 1.075000e+00 5.000000e-01 0.000000e+00
nan nan 8.719988e-01 1.125000e+00 5.000000e-01 0.000000e+00
nan nan 8.719988e-01 1.175000e+00 5.000000e-01 0.000000e+00
nan nan 8.719988e-01 1.225000e+00 5.000000e-01 0.000000e+00
nan nan 8.719988e-01 1.275000e+00 5.000000e-01 0.000000e+00
nan nan 8.719988e-01 1.325000e+00 5.000000e-01 0.000000e+00
nan nan 8.719988e-01 1.375000e+00 5.000000e-01 0.000000e+00
nan nan 8.719988e-01 1.425000e+00 5.000000e-01 0.000000e+00
nan nan 8.719988e-01 1.475000e+00 5.000000e-01 0.000000e+00
nan nan 8.719988e-01 1.525000e+00 5.000000e-01 0.000000e+00
nan nan 8.719988e-01 1.575000e+00 5.000000e-01 0.000000e+00
nan nan 8.719988e-01 1.625000e+00 5.000000e-01 0.000000e+00
nan nan 8.719988e-01 1.675000e+00 5.000000e-01 0.000000e+00
nan nan 8.719988e-01 1.725000e+00 5.000000e-01 0.000000e+00
nan nan 8.719988e-01 1.775000e+00 5.000000e-01 0.000000e+00
nan nan 8.719988e-01 1.825000e+00 5.000000e-01 0.000000e+00
nan nan 8.719988e-01 1.875000e+00 5.000000e-01 0.000000e+00
nan nan 8.719988e-01 1.925000e+00 5.000000e-01 0.000000e+00
nan nan 8.719988e-01 1.975000e+00 5.000000e-01 0.000000e+00
nan nan 8.719988e-01 2.025000e+00 5.000000e-01 0.000000e+00
nan nan 8.719988e-01 2.075000e+00 5.000000e-01 0.000000e+00
nan nan 8.719988e-01 2.125000e+00 5.000000e-01 0.000000e+00
nan nan 8.719988e-01 2.175000e+00 5.000000e-01 0.000000e+00
nan nan 8.719988e-01 2.225000e+00 5.000000e-01 0.000000e+00
nan nan 8.719988e-01 2.275000e+00 5.000000e-01 0.000000e+00
nan nan 8.719988e-01 2.325000e+00 5.000000e-01 0.000000e+00
nan nan 8.719988e-01 2.375000e+00 5.000000e-01 0.000000e+00
nan nan 8.719988e-01 2.425000e+00 5.000000e-01 0.000000e+00
nan nan 8.719988e-01 2.475000e+00 5.000000e-01 0.000000e+00
nan nan 8.719988e-01 2.525000e+00 5.000000e-01 0.000000e+00
nan nan 8.719988e-01 2.575000e+00 5.000000e-01 0.000000e+00
nan nan 8.719988e-01 2.625000e+00 5.000000e-01 0.000000e+00
nan nan 8.719988e-01 2.675000e+00 5.000000e-01 0.000000e+00
nan nan 8.719988e-01 2.725000e+00 5.000000e-01 0.000000e+00
nan nan 8.719988e-01 2.775000e+00 5.000000e-01 0.000000e+00
nan nan 8.719988e-01 2.825000e+00 5.000000e-01 0.000000e+00
nan nan 8.719988e-01 2.875000e+00 5.000000e-01 0.000000e+00
4.385434e-01 5.027802e-03 8.819988e-01 2.500000e-02 5.000000e-01 0.000000e+00
1.686279e-01 3.321152e-03 8.819988e-01 7.500000e-02 5.000000e-01 0.000000e+00
1.944185e-02 1.224723e-03 8.819988e-01 1.250000e-01 5.000000e-01 0.000000e+00
3.777121e-03 5.694239e-04 8.819988e-01 1.750000e-01 5.000000e-01 0.000000e+00
2.099175e-03 4.475467e-04 8.819988e-01 2.250000e-01 5.000000e-01 0.000000e+00
1.594540e-03 4.261603e-04 8.819988e-01 2.750000e-01 5.000000e-01 0.000000e+00
8.014597e-04 3.271956e-04 8.819988e-01 3.250000e-01 5.000000e-01 0.000000e+00
2.219464e-03 5.931777e-04 8.819988e-01 3.750000e-01 5.000000e-01 0.000000e+00
2.888616e-03 8.338730e-04 8.819988e-01 4.250000e-01 5.000000e-01 0.000000e+00
1.377057e-03 6.885288e-04 8.819988e-01 4.750000e-01 5.000000e-01 0.000000e+00
0.000000e+00 0.000000e+00 8.819988e-01 5.250000e-01 5.000000e-01 0.000000e+00
0.000000e+00 0.000000e+00 8.819988e-01 5.750000e-01 5.000000e-01 0.000000e+00
nan nan 8.819988e-01 6.250000e-01 5.000000e-01 0.000000e+00
nan nan 8.819988e-01 6.750000e-01 5.000000e-01 0.000000e+00
nan nan 8.819988e-01 7.250000e-01 5.000000e-01 0.000000e+00
nan nan 8.819988e-01 7.750000e-01 5.000000e-01 0.000000e+00
nan nan 8.819988e-01 8.250000e-01 5.000000e-01 0.000000e+00
nan nan 8.819988e-01 8.750000e-01 5.000000e-01 0.000000e+00
nan nan 8.819988e-01 9.250000e-01 5.000000e-01 0.000000e+00
nan nan 8.819988e-01 9.750000e-01 5.000000e-01 0.000000e+00
nan nan 8.819988e-01 1.025000e+00 5.000000e-01 0.000000e+00
nan nan 8.819988e-01 1.075000e+00 5.000000e-01 0.000000e+00
nan nan 8.819988e-01 1.125000e+00 5.000000e-01 0.000000e+00
nan nan 8.819988e-01 1.175000e+00 5.000000e-01 0.000000e+00
nan nan 8.819988e-01 1.225000e+00 5.000000e-01 0.000000e+00
nan nan 8.819988e-01 1.275000e+00 5.000000e-01 0.000000e+00
nan nan 8.819988e-01 1.325000e+00 5.000000e-01 0.000000e+00
nan nan 8.819988e-01 1.375000e+00 5.000000e-01 0.000000e+00
nan nan 8.819988e-01 1.425000e+00 5.000000e-01 0.000000e+00
nan nan 8.819988e-01 1.475000e+00 5.000000e-01 0.000000e+00
nan nan 8.819988e-01 1.525000e+00 5.000000e-01 0.000000e+00
nan nan 8.819988e-01 1.575000e+00 5.000000e-01 0.000000e+00
nan nan 8.819988e-01 1.625000e+00 5.000000e-01 0.000000e+00
nan nan 8.819988e-01 1.675000e+00 5.000000e-01 0.000000e+00
nan nan 8.819988e-01 1.725000e+00 5.000000e-01 0.000000e+00
nan nan 8.819988e-01 1.775000e+00 5.000000e-01 0.000000e+00
nan nan 8.819988e-01 1.825000e+00 5.000000e-01 0.000000e+00
nan nan 8.819988e-01 1.875000e+00 5.000000e-01 0.000000e+00
nan nan 8.819988e-01 1.925000e+00 5.000000e-01 0.000000e+00
nan nan 8.819988e-01 1.975000e+00 5.000000e-01 0.000000e+00
nan nan 8.819988e-01 2.025000e+00 5.000000e-01 0.000000e+00
nan nan 8.819988e-01 2.075000e+00 5.000000e-01 0.000000e+00
nan nan 8.819988e-01 2.125000e+00 5.000000e-01 0.000000e+00
nan nan 8.819988e-01 2.175000e+00 5.000000e-01 0.000000e+00
nan nan 8.819988e-01 2.225000e+00 5.000000e-01 0.000000e+00
nan nan 8.819988e-01 2.275000e+00 5.000000e-01 0.000000e+00
nan nan 8.819988e-01 2.325000e+00 5.000000e-01 0.000000e+00
nan nan 8.819988e-01 2.375000e+00 5.000000e-01 0.000000e+00
nan nan 8.819988e-01 2.425000e+00 5.000000e-01 0.000000e+00
nan nan 8.819988e-01 2.475000e+00 5.000000e-01 0.000000e+00
nan nan 8.819988e-01 2.525000e+00 5.000000e-01 0.000000e+00
nan nan 8.819988e-01 2.575000e+00 5.000000e-01 0.000000e+00
nan nan 8.819988e-01 2.625000e+00 5.000000e-01 0.000000e+00
nan nan 8.819988e-01 2.675000e+00 5.000000e-01 0.000000e+00
nan nan 8.819988e-01 2.725000e+00 5.000000e-01 0.000000e+00
nan nan 8.819988e-01 2.775000e+00 5.000000e-01 0.000000e+00
nan nan 8.819988e-01 2.825000e+00 5.000000e-01 0.000000e+00
nan nan 8.819988e-01 2.875000e+00 5.000000e-01 0.000000e+00
4.568553e-01 5.904883e-03 8.919988e-01 2.500000e-02 5.000000e-01 0.000000e+00
1.694884e-01 3.850029e-03 8.919988e-01 7.500000e-02 5.000000e-01 0.000000e+00
2.157722e-02 1.488972e-03 8.919988e-01 1.250000e-01 5.000000e-01 0.000000e+00
2.507932e-03 5.346938e-04 8.919988e-01 1.750000e-01 5.000000e-01 0.000000e+00
2.603007e-03 5.820515e-04 8.919988e-01 2.250000e-01 5.000000e-01 0.000000e+00
1.449000e-03 5.123005e-04 8.919988e-01 2.750000e-01 5.000000e-01 0.000000e+00
4.538180e-04 3.208978e-04 8.919988e-01 3.250000e-01 5.000000e-01 0.000000e+00
6.677234e-04 4.721518e-04 8.919988e-01 3.750000e-01 5.000000e-01 0.000000e+00
3.918110e-03 1.959055e-03 8.919988e-01 4.250000e-01 5.000000e-01 0.000000e+00
0.000000e+00 0.000000e+00 8.919988e-01 4.750000e-01 5.000000e-01 0.000000e+00
nan nan 8.919988e-01 5.250000e-01 5.000000e-01 0.000000e+00
nan nan 8.919988e-01 5.750000e-01 5.000000e-01 0.000000e+00
nan nan 8.919988e-01 6.250000e-01 5.000000e-01 0.000000e+00
nan nan 8.919988e-01 6.750000e-01 5.000000e-01 0.000000e+00
nan nan 8.919988e-01 7.250000e-01 5.000000e-01 0.000000e+00
nan nan 8.919988e-01 7.750000e-01 5.000000e-01 0.000000e+00
nan nan 8.919988e-01 8.250000e-01 5.000000e-01 0.000000e+00
nan nan 8.919988e-01 8.750000e-01 5.000000e-01 0.000000e+00
nan nan 8.919988e-01 9.250000e-01 5.000000e-01 0.000000e+00
nan nan 8.919988e-01 9.750000e-01 5.000000e-01 0.000000e+00
nan nan 8.919988e-01 1.025000e+00 5.000000e-01 0.000000e+00
nan nan 8.919988e-01 1.075000e+00 5.000000e-01 0.000000e+00
nan nan 8.919988e-01 1.125000e+00 5.000000e-01 0.000000e+00
nan nan 8.919988e-01 1.175000e+00 5.000000e-01 0.000000e+00
nan nan 8.919988e-01 1.225000e+00 5.000000e-01 0.000000e+00
nan nan 8.919988e-01 1.275000e+00 5.000000e-01 0.000000e+00
nan nan 8.919988e-01 1.325000e+00 5.000000e-01 0.000000e+00
nan nan 8.919988e-01 1.375000e+00 5.000000e-01 0.000000e+00
nan nan 8.919988e-01 1.425000e+00 5.000000e-01 0.000000e+00
nan nan 8.919988e-01 1.475000e+00 5.000000e-01 0.000000e+00
nan nan 8.919988e-01 1.525000e+00 5.000000e-01 0.000000e+00
nan nan 8.919988e-01 1.575000e+00 5.000000e-01 0.000000e+00
nan nan 8.919988e-01 1.625000e+00 5.000000e-01 0.000000e+00
nan nan 8.919988e-01 1.675000e+00 5.000000e-01 0.000000e+00
nan nan 8.919988e-01 1.725000e+00 5.000000e-01 0.000000e+00
nan nan 8.919988e-01 1.775000e+00 5.000000e-01 0.000000e+00
nan nan 8.919988e-01 1.825000e+00 5.000000e-01 0.000000e+00
nan nan 8.919988e-01 1.875000e+00 5.000000e-01 0.000000e+00
nan nan 8.919988e-01 1.925000e+00 5.000000e-01 0.000000e+00
nan nan 8.919988e-01 1.975000e+00 5.000000e-01 0.000000e+00
nan nan 8.919988e-01 2.025000e+00 5.000000e-01 0.000000e+00
nan nan 8.919988e-01 2.075000e+00 5.000000e-01 0.000000e+00
nan nan 8.919988e-01 2.125000e+00 5.000000e-01 0.000000e+00
nan nan 8.919988e-01 2.175000e+00 5.000000e-01 0.000000e+00
nan nan 8.919988e-01 2.225000e+00 5.000000e-01 0.000000e+00
nan nan 8.919988e-01 2.275000e+00 5.000000e-01 0.000000e+00
nan nan 8.919988e-01 2.325000e+00 5.000000e-01 0.000000e+00
nan nan 8.919988e-01 2.375000e+00 5.000000e-01 0.000000e+00
nan nan 8.919988e-01 2.425000e+00 5.000000e-01 0.000000e+00
nan nan 8.919988e-01 2.475000e+00 5.000000e-01 0.000000e+00
nan nan 8.919988e-01 2.525000e+00 5.000000e-01 0.000000e+00
nan nan 8.919988e-01 2.575000e+00 5.000000e-01 0.000000e+00
nan nan 8.919988e-01 2.625000e+00 5.000000e-01 0.000000e+00
nan nan 8.919988e-01 2.675000e+00 5.000000e-01 0.000000e+00
nan nan 8.919988e-01 2.725000e+00 5.000000e-01 0.000000e+00
nan nan 8.919988e-01 2.775000e+00 5.000000e-01 0.000000e+00
nan nan 8.919988e-01 2.825000e+00 5.000000e-01 0.000000e+00
nan nan 8.919988e-01 2.875000e+00 5.000000e-01 0.000000e+00
4.994489e-01 7.132090e-03 9.019988e-01 2.500000e-02 5.000000e-01 0.000000e+00
2.109996e-01 4.965050e-03 9.019988e-01 7.500000e-02 5.000000e-01 0.000000e+00
2.651882e-02 1.987673e-03 9.019988e-01 1.250000e-01 5.000000e-01 0.000000e+00
2.436290e-03 6.511276e-04 9.019988e-01 1.750000e-01 5.000000e-01 0.000000e+00
4.591855e-03 1.026771e-03 9.019988e-01 2.250000e-01 5.000000e-01 0.000000e+00
2.452662e-03 1.001295e-03 9.019988e-01 2.750000e-01 5.000000e-01 0.000000e+00
0.000000e+00 0.000000e+00 9.019988e-01 3.250000e-01 5.000000e-01 0.000000e+00
0.000000e+00 0.000000e+00 9.019988e-01 3.750000e-01 5.000000e-01 0.000000e+00
nan nan 9.019988e-01 4.250000e-01 5.000000e-01 0.000000e+00
nan nan 9.019988e-01 4.750000e-01 5.000000e-01 0.000000e+00
nan nan 9.019988e-01 5.250000e-01 5.000000e-01 0.000000e+00
nan nan 9.019988e-01 5.750000e-01 5.000000e-01 0.000000e+00
nan nan 9.019988e-01 6.250000e-01 5.000000e-01 0.000000e+00
nan nan 9.019988e-01 6.750000e-01 5.000000e-01 0.000000e+00
nan nan 9.019988e-01 7.250000e-01 5.000000e-01 0.000000e+00
nan nan 9.019988e-01 7.750000e-01 5.000000e-01 0.000000e+00
nan nan 9.019988e-01 8.250000e-01 5.000000e-01 0.000000e+00
nan nan 9.019988e-01 8.750000e-01 5.000000e-01 0.000000e+00
nan nan 9.019988e-01 9.250000e-01 5.000000e-01 0.000000e+00
nan nan 9.019988e-01 9.750000e-01 5.000000e-01 0.000000e+00
nan nan 9.019988e-01 1.025000e+00 5.000000e-01 0.000000e+00
nan nan 9.019988e-01 1.075000e+00 5.000000e-01 0.000000e+00
nan nan 9.019988e-01 1.125000e+00 5.000000e-01 0.000000e+00
nan nan 9.019988e-01 1.175000e+00 5.000000e-01 0.000000e+00
nan nan 9.019988e-01 1.225000e+00 5.000000e-01 0.000000e+00
nan nan 9.019988e-01 1.275000e+00 5.000000e-01 0.000000e+00
nan nan 9.019988e-01 1.325000e+00 5.000000e-01 0.000000e+00
nan nan 9.019988e-01 1.375000e+00 5.000000e-01 0.000000e+00
nan nan 9.019988e-01 1.425000e+00 5.000000e-01 0.000000e+00
nan nan 9.019988e-01 1.475000e+00 5.000000e-01 0.000000e+00
nan nan 9.019988e-01 1.525000e+00 5.000000e-01 0.000000e+00
nan nan 9.019988e-01 1.575000e+00 5.000000e-01 0.000000e+00
nan nan 9.019988e-01 1.625000e+00 5.000000e-01 0.000000e+00
nan nan 9.019988e-01 1.675000e+00 5.000000e-01 0.000000e+00
nan nan 9.019988e-01 1.725000e+00 5.000000e-01 0.000000e+00
nan nan 9.019988e-01 1.775000e+00 5.000000e-01 0.000000e+00
nan nan 9.019988e-01 1.825000e+00 5.000000e-01 0.000000e+00
nan nan 9.019988e-01 1.875000e+00 5.000000e-01 0.000000e+00
nan nan 9.019988e-01 1.925000e+00 5.000000e-01 0.000000e+00
nan nan 9.019988e-01 1.975000e+00 5.000000e-01 0.000000e+00
nan nan 9.019988e-01 2.025000e+00 5.000000e-01 0.000000e+00
nan nan 9.019988e-01 2.075000e+00 5.000000e-01 0.000000e+00
nan nan 9.019988e-01 2.125000e+00 5.000000e-01 0.000000e+00
nan nan 9.019988e-01 2.175000e+00 5.000000e-01 0.000000e+00
nan nan 9.019988e-01 2.225000e+00 5.000000e-01 0.000000e+00
nan nan 9.019988e-01 2.275000e+00 5.000000e-01 0.000000e+00
nan nan 9.019988e-01 2.325000e+00 5.000000e-01 0.000000e+00
nan nan 9.019988e-01 2.375000e+00 5.000000e-01 0.000000e+00
nan nan 9.019988e-01 2.425000e+00 5.000000e-01 0.000000e+00
nan nan 9.019988e-01 2.475000e+00 5.000000e-01 0.000000e+00
nan nan 9.019988e-01 2.525000e+00 5.000000e-01 0.000000e+00
nan nan 9.019988e-01 2.575000e+00 5.000000e-01 0.000000e+00
nan nan 9.019988e-01 2.625000e+00 5.000000e-01 0.000000e+00
nan nan 9.019988e-01 2.675000e+00 5.000000e-01 0.000000e+00
nan nan 9.019988e-01 2.725000e+00 5.000000e-01 0.000000e+00
nan nan 9.019988e-01 2.775000e+00 5.000000e-01 0.000000e+00
nan nan 9.019988e-01 2.825000e+00 5.000000e-01 0.000000e+00
nan nan 9.019988e-01 2.875000e+00 5.000000e-01 0.000000e+00
5.088946e-01 8.604366e-03 9.119988e-01 2.500000e-02 5.000000e-01 0.000000e+00
2.070160e-01 6.125924e-03 9.119988e-01 7.500000e-02 5.000000e-01 0.000000e+00
2.157373e-02 2.412020e-03 9.119988e-01 1.250000e-01 5.000000e-01 0.000000e+00
2.244916e-03 9.164831e-04 9.119988e-01 1.750000e-01 5.000000e-01 0.000000e+00
1.689772e-03 1.194849e-03 9.119988e-01 2.250000e-01 5.000000e-01 0.000000e+00
0.000000e+00 0.000000e+00 9.119988e-01 2.750000e-01 5.000000e-01 0.000000e+00
nan nan 9.119988e-01 3.250000e-01 5.000000e-01 0.000000e+00
nan nan 9.119988e-01 3.750000e-01 5.000000e-01 0.000000e+00
nan nan 9.119988e-01 4.250000e-01 5.000000e-01 0.000000e+00
nan nan 9.119988e-01 4.750000e-01 5.000000e-01 0.000000e+00
nan nan 9.119988e-01 5.250000e-01 5.000000e-01 0.000000e+00
nan nan 9.119988e-01 5.750000e-01 5.000000e-01 0.000000e+00
nan nan 9.119988e-01 6.250000e-01 5.000000e-01 0.000000e+00
nan nan 9.119988e-01 6.750000e-01 5.000000e-01 0.000000e+00
nan nan 9.119988e-01 7.250000e-01 5.000000e-01 0.000000e+00
nan nan 9.119988e-01 7.750000e-01 5.000000e-01 0.000000e+00
nan nan 9.119988e-01 8.250000e-01 5.000000e-01 0.000000e+00
nan nan 9.119988e-01 8.750000e-01 5.000000e-01 0.000000e+00
nan nan 9.119988e-01 9.250000e-01 5.000000e-01 0.000000e+00
nan nan 9.119988e-01 9.750000e-01 5.000000e-01 0.000000e+00
nan nan 9.119988e-01 1.025000e+00 5.000000e-01 0.000000e+00
nan nan 9.119988e-01 1.075000e+00 5.000000e-01 0.000000e+00
nan nan 9.119988e-01 1.125000e+00 5.000000e-01 0.000000e+00
nan nan 9.119988e-01 1.175000e+00 5.000000e-01 0.000000e+00
nan nan 9.119988e-01 1.225000e+00 5.000000e-01 0.000000e+00
nan nan 9.119988e-01 1.275000e+00 5.000000e-01 0.000000e+00
nan nan 9.119988e-01 1.325000e+00 5.000000e-01 0.000000e+00
nan nan 9.119988e-01 1.375000e+00 5.000000e-01 0.000000e+00
nan nan 9.119988e-01 1.425000e+00 5.000000e-01 0.000000e+00
nan nan 9.119988e-01 1.475000e+00 5.000000e-01 0.000000e+00
nan nan 9.119988e-01 1.525000e+00 5.000000e-01 0.000000e+00
nan nan 9.119988e-01 1.575000e+00 5.000000e-01 0.000000e+00
nan nan 9.119988e-01 1.625000e+00 5.000000e-01 0.000000e+00
nan nan 9.119988e-01 1.675000e+00 5.000000e-01 0.000000e+00
nan nan 9.119988e-01 1.725000e+00 5.000000e-01 0.000000e+00
nan nan 9.119988e-01 1.775000e+00 5.000000e-01 0.000000e+00
nan nan 9.119988e-01 1.825000e+00 5.000000e-01 0.000000e+00
nan nan 9.119988e-01 1.875000e+00 5.000000e-01 0.000000e+00
nan nan 9.119988e-01 1.925000e+00 5.000000e-01 0.000000e+00
nan nan 9.119988e-01 1.975000e+00 5.000000e-01 0.000000e+00
nan nan 9.119988e-01 2.025000e+00 5.000000e-01 0.000000e+00
nan nan 9.119988e-01 2.075000e+00 5.000000e-01 0.000000e+00
nan nan 9.119988e-01 2.125000e+00 5.000000e-01 0.000000e+00
nan nan 9.119988e-01 2.175000e+00 5.000000e-01 0.000000e+00
nan nan 9.119988e-01 2.225000e+00 5.000000e-01 0.000000e+00
nan nan 9.119988e-01 2.275000e+00 5.000000e-01 0.000000e+00
nan nan 9.119988e-01 2.325000e+00 5.000000e-01 0.000000e+00
nan nan 9.119988e-01 2.375000e+00 5.000000e-01 0.000000e+00
nan nan 9.119988e-01 2.425000e+00 5.000000e-01 0.000000e+00
nan nan 9.119988e-01 2.475000e+00 5.000000e-01 0.000000e+00
nan nan 9.119988e-01 2.525000e+00 5.000000e-01 0.000000e+00
nan nan 9.119988e-01 2.575000e+00 5.000000e-01 0.000000e+00
nan nan 9.119988e-01 2.625000e+00 5.000000e-01 0.000000e+00
nan nan 9.119988e-01 2.675000e+00 5.000000e-01 0.000000e+00
nan nan 9.119988e-01 2.725000e+00 5.000000e-01 0.000000e+00
nan nan 9.119988e-01 2.775000e+00 5.000000e-01 0.000000e+00
nan nan 9.119988e-01 2.825000e+00 5.000000e-01 0.000000e+00
nan nan 9.119988e-01 2.875000e+00 5.000000e-01 0.000000e+00
4.911982e-01 1.123347e-02 9.219988e-01 2.500000e-02 5.000000e-01 0.000000e+00
2.287931e-01 9.919452e-03 9.219988e-01 7.500000e-02 5.000000e-01 0.000000e+00
3.037780e-02 6.476579e-03 9.219988e-01 1.250000e-01 5.000000e-01 0.000000e+00
0.000000e+00 0.000000e+00 9.219988e-01 1.750000e-01 5.000000e-01 0.000000e+00
nan nan 9.219988e-01 2.250000e-01 5.000000e-01 0.000000e+00
nan nan 9.219988e-01 2.750000e-01 5.000000e-01 0.000000e+00
nan nan 9.219988e-01 3.250000e-01 5.000000e-01 0.000000e+00
nan nan 9.219988e-01 3.750000e-01 5.000000e-01 0.000000e+00
nan nan 9.219988e-01 4.250000e-01 5.000000e-01 0.000000e+00
nan nan 9.219988e-01 4.750000e-01 5.000000e-01 0.000000e+00
nan nan 9.219988e-01 5.250000e-01 5.000000e-01 0.000000e+00
nan nan 9.219988e-01 5.750000e-01 5.000000e-01 0.000000e+00
nan nan 9.219988e-01 6.250000e-01 5.000000e-01 0.000000e+00
nan nan 9.219988e-01 6.750000e-01 5.000000e-01 0.000000e+00
nan nan 9.219988e-01 7.250000e-01 5.000000e-01 0.000000e+00
nan nan 9.219988e-01 7.750000e-01 5.000000e-01 0.000000e+00
nan nan 9.219988e-01 8.250000e-01 5.000000e-01 0.000000e+00
nan nan 9.219988e-01 8.750000e-01 5.000000e-01 0.000000e+00
nan nan 9.219988e-01 9.250000e-01 5.000000e-01 0.000000e+00
nan nan 9.219988e-01 9.750000e-01 5.000000e-01 0.000000e+00
nan nan 9.219988e-01 1.025000e+00 5.000000e-01 0.000000e+00
nan nan 9.219988e-01 1.075000e+00 5.000000e-01 0.000000e+00
nan nan 9.219988e-01 1.125000e+00 5.000000e-01 0.000000e+00
nan nan 9.219988e-01 1.175000e+00 5.000000e-01 0.000000e+00
nan nan 9.219988e-01 1.225000e+00 5.000000e-01 0.000000e+00
nan nan 9.219988e-01 1.275000e+00 5.000000e-01 0.000000e+00
nan nan 9.219988e-01 1.325000e+00 5.000000e-01 0.000000e+00
nan nan 9.219988e-01 1.375000e+00 5.000000e-01 0.000000e+00
nan nan 9.219988e-01 1.425000e+00 5.000000e-01 0.000000e+00
nan nan 9.219988e-01 1.475000e+00 5.000000e-01 0.000000e+00
nan nan 9.219988e-01 1.525000e+00 5.000000e-01 0.000000e+00
nan nan 9.219988e-01 1.575000e+00 5.000000e-01 0.000000e+00
nan nan 9.219988e-01 1.625000e+00 5.000000e-01 0.000000e+00
nan nan 9.219988e-01 1.675000e+00 5.000000e-01 0.000000e+00
nan nan 9.219988e-01 1.725000e+00 5.000000e-01 0.000000e+00
nan nan 9.219988e-01 1.775000e+00 5.000000e-01 0.000000e+00
nan nan 9.219988e-01 1.825000e+00 5.000000e-01 0.000000e+00
nan nan 9.219988e-01 1.875000e+00 5.000000e-01 0.000000e+00
nan nan 9.219988e-01 1.925000e+00 5.000000e-01 0.000000e+00
nan nan 9.219988e-01 1.975000e+00 5.000000e-01 0.000000e+00
nan nan 9.219988e-01 2.025000e+00 5.000000e-01 0.000000e+00
nan nan 9.219988e-01 2.075000e+00 5.000000e-01 0.000000e+00
nan nan 9.219988e-01 2.125000e+00 5.000000e-01 0.000000e+00
nan nan 9.219988e-01 2.175000e+00 5.000000e-01 0.000000e+00
nan nan 9.219988e-01 2.225000e+00 5.000000e-01 0.000000e+00
nan nan 9.219988e-01 2.275000e+00 5.000000e-01 0.000000e+00
nan nan 9.219988e-01 2.325000e+00 5.000000e-01 0.000000e+00
nan nan 9.219988e-01 2.375000e+00 5.000000e-01 0.000000e+00
nan nan 9.219988e-01 2.425000e+00 5.000000e-01 0.000000e+00
nan nan 9.219988e-01 2.475000e+00 5.000000e-01 0.000000e+00
nan nan 9.219988e-01 2.525000e+00 5.000000e-01 0.000000e+00
nan nan 9.219988e-01 2.575000e+00 5.000000e-01 0.000000e+00
nan nan 9.219988e-01 2.625000e+00 5.000000e-01 0.000000e+00
nan nan 9.219988e-01 2.675000e+00 5.000000e-01 0.000000e+00
nan nan 9.219988e-01 2.725000e+00 5.000000e-01 0.000000e+00
nan nan 9.219988e-01 2.775000e+00 5.000000e-01 0.000000e+00
nan nan 9.219988e-01 2.825000e+00 5.000000e-01 0.000000e+00
nan nan 9.219988e-01 2.875000e+00 5.000000e-01 0.000000e+00
4.768465e-01 2.479011e-02 9.319988e-01 2.500000e-02 5.000000e-01 0.000000e+00
2.746813e-01 7.341166e-02 9.319988e-01 7.500000e-02 5.000000e-01 0.000000e+00
nan nan 9.319988e-01 1.250000e-01 5.000000e-01 0.000000e+00
nan nan 9.319988e-01 1.750000e-01 5.000000e-01 0.000000e+00
nan nan 9.319988e-01 2.250000e-01 5.000000e-01 0.000000e+00
nan nan 9.319988e-01 2.750000e-01 5.000000e-01 0.000000e+00
nan nan 9.319988e-01 3.250000e-01 5.000000e-01 0.000000e+00
nan nan 9.319988e-01 3.750000e-01 5.000000e-01 0.000000e+00
nan nan 9.319988e-01 4.250000e-01 5.000000e-01 0.000000e+00
nan nan 9.319988e-01 4.750000e-01 5.000000e-01 0.000000e+00
nan nan 9.319988e-01 5.250000e-01 5.000000e-01 0.000000e+00
nan nan 9.319988e-01 5.750000e-01 5.000000e-01 0.000000e+00
nan nan 9.319988e-01 6.250000e-01 5.000000e-01 0.000000e+00
nan nan 9.319988e-01 6.750000e-01 5.000000e-01 0.000000e+00
nan nan 9.319988e-01 7.250000e-01 5.000000e-01 0.000000e+00
nan nan 9.319988e-01 7.750000e-01 5.000000e-01 0.000000e+00
nan nan 9.319988e-01 8.250000e-01 5.000000e-01 0.000000e+00
nan nan 9.319988e-01 8.750000e-01 5.000000e-01 0.000000e+00
nan nan 9.319988e-01 9.250000e-01 5.000000e-01 0.000000e+00
nan nan 9.319988e-01 9.750000e-01 5.000000e-01 0.000000e+00
nan nan 9.319988e-01 1.025000e+00 5.000000e-01 0.000000e+00
nan nan 9.319988e-01 1.075000e+00 5.000000e-01 0.000000e+00
nan nan 9.319988e-01 1.125000e+00 5.000000e-01 0.000000e+00
nan nan 9.319988e-01 1.175000e+00 5.000000e-01 0.000000e+00
nan nan 9.319988e-01 1.225000e+00 5.000000e-01 0.000000e+00
nan nan 9.319988e-01 1.275000e+00 5.000000e-01 0.000000e+00
nan nan 9.319988e-01 1.325000e+00 5.000000e-01 0.000000e+00
nan nan 9.319988e-01 1.375000e+00 5.000000e-01 0.000000e+00
nan nan 9.319988e-01 1.425000e+00 5.000000e-01 0.000000e+00
nan nan 9.319988e-01 1.475000e+00 5.000000e-01 0.000000e+00
nan nan 9.319988e-01 1.525000e+00 5.000000e-01 0.000000e+00
nan nan 9.319988e-01 1.575000e+00 5.000000e-01 0.000000e+00
nan nan 9.319988e-01 1.625000e+00 5.000000e-01 0.000000e+00
nan nan 9.319988e-01 1.675000e+00 5.000000e-01 0.000000e+00
nan nan 9.319988e-01 1.725000e+00 5.000000e-01 0.000000e+00
nan nan 9.319988e-01 1.775000e+00 5.000000e-01 0.000000e+00
nan nan 9.319988e-01 1.825000e+00 5.000000e-01 0.000000e+00
nan nan 9.319988e-01 1.875000e+00 5.000000e-01 0.000000e+00
nan nan 9.319988e-01 1.925000e+00 5.000000e-01 0.000000e+00
nan nan 9.319988e-01 1.975000e+00 5.000000e-01 0.000000e+00
nan nan 9.319988e-01 2.025000e+00 5.000000e-01 0.000000e+00
nan nan 9.319988e-01 2.075000e+00 5.000000e-01 0.000000e+00
nan nan 9.319988e-01 2.125000e+00 5.000000e-01 0.000000e+00
nan nan 9.319988e-01 2.175000e+00 5.000000e-01 0.000000e+00
nan nan 9.319988e-01 2.225000e+00 5.000000e-01 0.000000e+00
nan nan 9.319988e-01 2.275000e+00 5.000000e-01 0.000000e+00
nan nan 9.319988e-01 2.325000e+00 5.000000e-01 0.000000e+00
nan nan 9.319988e-01 2.375000e+00 5.000000e-01 0.000000e+00
nan nan 9.319988e-01 2.425000e+00 5.000000e-01 0.000000e+00
nan nan 9.319988e-01 2.475000e+00 5.000000e-01 0.000000e+00
nan nan 9.319988e-01 2.525000e+00 5.000000e-01 0.000000e+00
nan nan 9.319988e-01 2.575000e+00 5.000000e-01 0.000000e+00
nan nan 9.319988e-01 2.625000e+00 5.000000e-01 0.000000e+00
nan nan 9.319988e-01 2.675000e+00 5.000000e-01 0.000000e+00
nan nan 9.319988e-01 2.725000e+00 5.000000e-01 0.000000e+00
nan nan 9.319988e-01 2.775000e+00 5.000000e-01 0.000000e+00
nan nan 9.319988e-01 2.825000e+00 5.000000e-01 0.000000e+00
nan nan 9.319988e-01 2.875000e+00 5.000000e-01 0.000000e+00
nan nan 9.419988e-01 2.500000e-02 5.000000e-01 0.000000e+00
nan nan 9.419988e-01 7.500000e-02 5.000000e-01 0.000000e+00
nan nan 9.419988e-01 1.250000e-01 5.000000e-01 0.000000e+00
nan nan 9.419988e-01 1.750000e-01 5.000000e-01 0.000000e+00
nan nan 9.419988e-01 2.250000e-01 5.000000e-01 0.000000e+00
nan nan 9.419988e-01 2.750000e-01 5.000000e-01 0.000000e+00
nan nan 9.419988e-01 3.250000e-01 5.000000e-01 0.000000e+00
nan nan 9.419988e-01 3.750000e-01 5.000000e-01 0.000000e+00
nan nan 9.419988e-01 4.250000e-01 5.000000e-01 0.000000e+00
nan nan 9.419988e-01 4.750000e-01 5.000000e-01 0.000000e+00
nan nan 9.419988e-01 5.250000e-01 5.000000e-01 0.000000e+00
nan nan 9.419988e-01 5.750000e-01 5.000000e-01 0.000000e+00
nan nan 9.419988e-01 6.250000e-01 5.000000e-01 0.000000e+00
nan nan 9.419988e-01 6.750000e-01 5.000000e-01 0.000000e+00
nan nan 9.419988e-01 7.250000e-01 5.000000e-01 0.000000e+00
nan nan 9.419988e-01 7.750000e-01 5.000000e-01 0.000000e+00
nan nan 9.419988e-01 8.250000e-01 5.000000e-01 0.000000e+00
nan nan 9.419988e-01 8.750000e-01 5.000000e-01 0.000000e+00
nan nan 9.419988e-01 9.250000e-01 5.000000e-01 0.000000e+00
nan nan 9.419988e-01 9.750000e-01 5.000000e-01 0.000000e+00
nan nan 9.419988e-01 1.025000e+00 5.000000e-01 0.000000e+00
nan nan 9.419988e-01 1.075000e+00 5.000000e-01 0.000000e+00
nan nan 9.419988e-01 1.125000e+00 5.000000e-01 0.000000e+00
nan nan 9.419988e-01 1.175000e+00 5.000000e-01 0.000000e+00
nan nan 9.419988e-01 1.225000e+00 5.000000e-01 0.000000e+00
nan nan 9.419988e-01 1.275000e+00 5.000000e-01 0.000000e+00
nan nan 9.419988e-01 1.325000e+00 5.000000e-01 0.000000e+00
nan nan 9.419988e-01 1.375000e+00 5.000000e-01 0.000000e+00
nan nan 9.419988e-01 1.425000e+00 5.000000e-01 0.000000e+00
nan nan 9.419988e-01 1.475000e+00 5.000000e-01 0.000000e+00
nan nan 9.419988e-01 1.525000e+00 5.000000e-01 0.000000e+00
nan nan 9.419988e-01 1.575000e+00 5.000000e-01 0.000000e+00
nan nan 9.419988e-01 1.625000e+00 5.000000e-01 0.000000e+00
nan nan 9.419988e-01 1.675000e+00 5.000000e-01 0.000000e+00
nan nan 9.419988e-01 1.725000e+00 5.000000e-01 0.000000e+00
nan nan 9.419988e-01 1.775000e+00 5.000000e-01 0.000000e+00
nan nan 9.419988e-01 1.825000e+00 5.000000e-01 0.000000e+00
nan nan 9.419988e-01 1.875000e+00 5.000000e-01 0.000000e+00
nan nan 9.419988e-01 1.925000e+00 5.000000e-01 0.000000e+00
nan nan 9.419988e-01 1.975000e+00 5.000000e-01 0.000000e+00
nan nan 9.419988e-01 2.025000e+00 5.000000e-01 0.000000e+00
nan nan 9.419988e-01 2.075000e+00 5.000000e-01 0.000000e+00
nan nan 9.419988e-01 2.125000e+00 5.000000e-01 0.000000e+00
nan nan 9.419988e-01 2.175000e+00 5.000000e-01 0.000000e+00
nan nan 9.419988e-01 2.225000e+00 5.000000e-01 0.000000e+00
nan nan 9.419988e-01 2.275000e+00 5.000000e-01 0.000000e+00
nan nan 9.419988e-01 2.325000e+00 5.000000e-01 0.000000e+00
nan nan 9.419988e-01 2.375000e+00 5.000000e-01 0.000000e+00
nan nan 9.419988e-01 2.425000e+00 5.000000e-01 0.000000e+00
nan nan 9.419988e-01 2.475000e+00 5.000000e-01 0.000000e+00
nan nan 9.419988e-01 2.525000e+00 5.000000e-01 0.000000e+00
nan nan 9.419988e-01 2.575000e+00 5.000000e-01 0.000000e+00
nan nan 9.419988e-01 2.625000e+00 5.000000e-01 0.000000e+00
nan nan 9.419988e-01 2.675000e+00 5.000000e-01 0.000000e+00
nan nan 9.419988e-01 2.725000e+00 5.000000e-01 0.000000e+00
nan nan 9.419988e-01 2.775000e+00 5.000000e-01 0.000000e+00
nan nan 9.419988e-01 2.825000e+00 5.000000e-01 0.000000e+00
nan nan 9.419988e-01 2.875000e+00 5.000000e-01 0.000000e+00
nan nan 9.519988e-01 2.500000e-02 5.000000e-01 0.000000e+00
nan nan 9.519988e-01 7.500000e-02 5.000000e-01 0.000000e+00
nan nan 9.519988e-01 1.250000e-01 5.000000e-01 0.000000e+00
nan nan 9.519988e-01 1.750000e-01 5.000000e-01 0.000000e+00
nan nan 9.519988e-01 2.250000e-01 5.000000e-01 0.000000e+00
nan nan 9.519988e-01 2.750000e-01 5.000000e-01 0.000000e+00
nan nan 9.519988e-01 3.250000e-01 5.000000e-01 0.000000e+00
nan nan 9.519988e-01 3.750000e-01 5.000000e-01 0.000000e+00
nan nan 9.519988e-01 4.250000e-01 5.000000e-01 0.000000e+00
nan nan 9.519988e-01 4.750000e-01 5.000000e-01 0.000000e+00
nan nan 9.519988e-01 5.250000e-01 5.000000e-01 0.000000e+00
nan nan 9.519988e-01 5.750000e-01 5.000000e-01 0.000000e+00
nan nan 9.519988e-01 6.250000e-01 5.000000e-01 0.000000e+00
nan nan 9.519988e-01 6.750000e-01 5.000000e-01 0.000000e+00
nan nan 9.519988e-01 7.250000e-01 5.000000e-01 0.000000e+00
nan nan 9.519988e-01 7.750000e-01 5.000000e-01 0.000000e+00
nan nan 9.519988e-01 8.250000e-01 5.000000e-01 0.000000e+00
nan nan 9.519988e-01 8.750000e-01 5.000000e-01 0.000000e+00
nan nan 9.519988e-01 9.250000e-01 5.000000e-01 0.000000e+00
nan nan 9.519988e-01 9.750000e-01 5.000000e-01 0.000000e+00
nan nan 9.519988e-01 1.025000e+00 5.000000e-01 0.000000e+00
nan nan 9.519988e-01 1.075000e+00 5.000000e-01 0.000000e+00
nan nan 9.519988e-01 1.125000e+00 5.000000e-01 0.000000e+00
nan nan 9.519988e-01 1.175000e+00 5.000000e-01 0.000000e+00
nan nan 9.519988e-01 1.225000e+00 5.000000e-01 0.000000e+00
nan nan 9.519988e-01 1.275000e+00 5.000000e-01 0.000000e+00
nan nan 9.519988e-01 1.325000e+00 5.000000e-01 0.000000e+00
nan nan 9.519988e-01 1.375000e+00 5.000000e-01 0.000000e+00
nan nan 9.519988e-01 1.425000e+00 5.000000e-01 0.000000e+00
nan nan 9.519988e-01 1.475000e+00 5.000000e-01 0.000000e+00
nan nan 9.519988e-01 1.525000e+00 5.000000e-01 0.000000e+00
nan nan 9.519988e-01 1.575000e+00 5.000000e-01 0.000000e+00
nan nan 9.519988e-01 1.625000e+00 5.000000e-01 0.000000e+00
nan nan 9.519988e-01 1.675000e+00 5.000000e-01 0.000000e+00
nan nan 9.519988e-01 1.725000e+00 5.000000e-01 0.000000e+00
nan nan 9.519988e-01 1.775000e+00 5.000000e-01 0.000000e+00
nan nan 9.519988e-01 1.825000e+00 5.000000e-01 0.000000e+00
nan nan 9.519988e-01 1.875000e+00 5.000000e-01 0.000000e+00
nan nan 9.519988e-01 1.925000e+00 5.000000e-01 0.000000e+00
nan nan 9.519988e-01 1.975000e+00 5.000000e-01 0.000000e+00
nan nan 9.519988e-01 2.025000e+00 5.000000e-01 0.000000e+00
nan nan 9.519988e-01 2.075000e+00 5.000000e-01 0.000000e+00
nan nan 9.519988e-01 2.125000e+00 5.000000e-01 0.000000e+00
nan nan 9.519988e-01 2.175000e+00 5.000000e-01 0.000000e+00
nan nan 9.519988e-01 2.225000e+00 5.000000e-01 0.000000e+00
nan nan 9.519988e-01 2.275000e+00 5.000000e-01 0.000000e+00
nan nan 9.519988e-01 2.325000e+00 5.000000e-01 0.000000e+00
nan nan 9.519988e-01 2.375000e+00 5.000000e-01 0.000000e+00
nan nan 9.519988e-01 2.425000e+00 5.000000e-01 0.000000e+00
nan nan 9.519988e-01 2.475000e+00 5.000000e-01 0.000000e+00
nan nan 9.519988e-01 2.525000e+00 5.000000e-01 0.000000e+00
nan nan 9.519988e-01 2.575000e+00 5.000000e-01 0.000000e+00
nan nan 9.519988e-01 2.625000e+00 5.000000e-01 0.000000e+00
nan nan 9.519988e-01 2.675000e+00 5.000000e-01 0.000000e+00
nan nan 9.519988e-01 2.725000e+00 5.000000e-01 0.000000e+00
nan nan 9.519988e-01 2.775000e+00 5.000000e-01 0.000000e+00
nan nan 9.519988e-01 2.825000e+00 5.000000e-01 0.000000e+00
nan nan 9.519988e-01 2.875000e+00 5.000000e-01 0.000000e+00
nan nan 9.619988e-01 2.500000e-02 5.000000e-01 0.000000e+00
nan nan 9.619988e-01 7.500000e-02 5.000000e-01 0.000000e+00
nan nan 9.619988e-01 1.250000e-01 5.000000e-01 0.000000e+00
nan nan 9.619988e-01 1.750000e-01 5.000000e-01 0.000000e+00
nan nan 9.619988e-01 2.250000e-01 5.000000e-01 0.000000e+00
nan nan 9.619988e-01 2.750000e-01 5.000000e-01 0.000000e+00
nan nan 9.619988e-01 3.250000e-01 5.000000e-01 0.000000e+00
nan nan 9.619988e-01 3.750000e-01 5.000000e-01 0.000000e+00
nan nan 9.619988e-01 4.250000e-01 5.000000e-01 0.000000e+00
nan nan 9.619988e-01 4.750000e-01 5.000000e-01 0.000000e+00
nan nan 9.619988e-01 5.250000e-01 5.000000e-01 0.000000e+00
nan nan 9.619988e-01 5.750000e-01 5.000000e-01 0.000000e+00
nan nan 9.619988e-01 6.250000e-01 5.000000e-01 0.000000e+00
nan nan 9.619988e-01 6.750000e-01 5.000000e-01 0.000000e+00
nan nan 9.619988e-01 7.250000e-01 5.000000e-01 0.000000e+00
nan nan 9.619988e-01 7.750000e-01 5.000000e-01 0.000000e+00
nan nan 9.619988e-01 8.250000e-01 5.000000e-01 0.000000e+00
nan nan 9.619988e-01 8.750000e-01 5.000000e-01 0.000000e+00
nan nan 9.619988e-01 9.250000e-01 5.000000e-01 0.000000e+00
nan nan 9.619988e-01 9.750000e-01 5.000000e-01 0.000000e+00
nan nan 9.619988e-01 1.025000e+00 5.000000e-01 0.000000e+00
nan nan 9.619988e-01 1.075000e+00 5.000000e-01 0.000000e+00
nan nan 9.619988e-01 1.125000e+00 5.000000e-01 0.000000e+00
nan nan 9.619988e-01 1.175000e+00 5.000000e-01 0.000000e+00
nan nan 9.619988e-01 1.225000e+00 5.000000e-01 0.000000e+00
nan nan 9.619988e-01 1.275000e+00 5.000000e-01 0.000000e+00
nan nan 9.619988e-01 1.325000e+00 5.000000e-01 0.000000e+00
nan nan 9.619988e-01 1.375000e+00 5.000000e-01 0.000000e+00
nan nan 9.619988e-01 1.425000e+00 5.000000e-01 0.000000e+00
nan nan 9.619988e-01 1.475000e+00 5.000000e-01 0.000000e+00
nan nan 9.619988e-01 1.525000e+00 5.000000e-01 0.000000e+00
nan nan 9.619988e-01 1.575000e+00 5.000000e-01 0.000000e+00
nan nan 9.619988e-01 1.625000e+00 5.000000e-01 0.000000e+00
nan nan 9.619988e-01 1.675000e+00 5.000000e-01 0.000000e+00
nan nan 9.619988e-01 1.725000e+00 5.000000e-01 0.000000e+00
nan nan 9.619988e-01 1.775000e+00 5.000000e-01 0.000000e+00
nan nan 9.619988e-01 1.825000e+00 5.000000e-01 0.000000e+00
nan nan 9.619988e-01 1.875000e+00 5.000000e-01 0.000000e+00
nan nan 9.619988e-01 1.925000e+00 5.000000e-01 0.000000e+00
nan nan 9.619988e-01 1.975000e+00 5.000000e-01 0.000000e+00
nan nan 9.619988e-01 2.025000e+00 5.000000e-01 0.000000e+00
nan nan 9.619988e-01 2.075000e+00 5.000000e-01 0.000000e+00
nan nan 9.619988e-01 2.125000e+00 5.000000e-01 0.000000e+00
nan nan 9.619988e-01 2.175000e+00 5.000000e-01 0.000000e+00
nan nan 9.619988e-01 2.225000e+00 5.000000e-01 0.000000e+00
nan nan 9.619988e-01 2.275000e+00 5.000000e-01 0.000000e+00
nan nan 9.619988e-01 2.325000e+00 5.000000e-01 0.000000e+00
nan nan 9.619988e-01 2.375000e+00 5.000000e-01 0.000000e+00
nan nan 9.619988e-01 2.425000e+00 5.000000e-01 0.000000e+00
nan nan 9.619988e-01 2.475000e+00 5.000000e-01 0.000000e+00
nan nan 9.619988e-01 2.525000e+00 5.000000e-01 0.000000e+00
nan nan 9.619988e-01 2.575000e+00 5.000000e-01 0.000000e+00
nan nan 9.619988e-01 2.625000e+00 5.000000e-01 0.000000e+00
nan nan 9.619988e-01 2.675000e+00 5.000000e-01 0.000000e+00
nan nan 9.619988e-01 2.725000e+00 5.000000e-01 0.000000e+00
nan nan 9.619988e-01 2.775000e+00 5.000000e-01 0.000000e+00
nan nan 9.619988e-01 2.825000e+00 5.000000e-01 0.000000e+00
nan nan 9.619988e-01 2.875000e+00 5.000000e-01 0.000000e+00
nan nan 9.719988e-01 2.500000e-02 5.000000e-01 0.000000e+00
nan nan 9.719988e-01 7.500000e-02 5.000000e-01 0.000000e+00
nan nan 9.719988e-01 1.250000e-01 5.000000e-01 0.000000e+00
nan nan 9.719988e-01 1.750000e-01 5.000000e-01 0.000000e+00
nan nan 9.719988e-01 2.250000e-01 5.000000e-01 0.000000e+00
nan nan 9.719988e-01 2.750000e-01 5.000000e-01 0.000000e+00
nan nan 9.719988e-01 3.250000e-01 5.000000e-01 0.000000e+00
nan nan 9.719988e-01 3.750000e-01 5.000000e-01 0.000000e+00
nan nan 9.719988e-01 4.250000e-01 5.000000e-01 0.000000e+00
nan nan 9.719988e-01 4.750000e-01 5.000000e-01 0.000000e+00
nan nan 9.719988e-01 5.250000e-01 5.000000e-01 0.000000e+00
nan nan 9.719988e-01 5.750000e-01 5.000000e-01 0.000000e+00
nan nan 9.719988e-01 6.250000e-01 5.000000e-01 0.000000e+00
nan nan 9.719988e-01 6.750000e-01 5.000000e-01 0.000000e+00
nan nan 9.719988e-01 7.250000e-01 5.000000e-01 0.000000e+00
nan nan 9.719988e-01 7.750000e-01 5.000000e-01 0.000000e+00
nan nan 9.719988e-01 8.250000e-01 5.000000e-01 0.000000e+00
nan nan 9.719988e-01 8.750000e-01 5.000000e-01 0.000000e+00
nan nan 9.719988e-01 9.250000e-01 5.000000e-01 0.000000e+00
nan nan 9.719988e-01 9.750000e-01 5.000000e-01 0.000000e+00
nan nan 9.719988e-01 1.025000e+00 5.000000e-01 0.000000e+00
nan nan 9.719988e-01 1.075000e+00 5.000000e-01 0.000000e+00
nan nan 9.719988e-01 1.125000e+00 5.000000e-01 0.000000e+00
nan nan 9.719988e-01 1.175000e+00 5.000000e-01 0.000000e+00
nan nan 9.719988e-01 1.225000e+00 5.000000e-01 0.000000e+00
nan nan 9.719988e-01 1.275000e+00 5.000000e-01 0.000000e+00
nan nan 9.719988e-01 1.325000e+00 5.000000e-01 0.000000e+00
nan nan 9.719988e-01 1.375000e+00 5.000000e-01 0.000000e+00
nan nan 9.719988e-01 1.425000e+00 5.000000e-01 0.000000e+00
nan nan 9.719988e-01 1.475000e+00 5.000000e-01 0.000000e+00
nan nan 9.719988e-01 1.525000e+00 5.000000e-01 0.000000e+00
nan nan 9.719988e-01 1.575000e+00 5.000000e-01 0.000000e+00
nan nan 9.719988e-01 1.625000e+00 5.000000e-01 0.000000e+00
nan nan 9.719988e-01 1.675000e+00 5.000000e-01 0.000000e+00
nan nan 9.719988e-01 1.725000e+00 5.000000e-01 0.000000e+00
nan nan 9.719988e-01 1.775000e+00 5.000000e-01 0.000000e+00
nan nan 9.719988e-01 1.825000e+00 5.000000e-01 0.000000e+00
nan nan 9.719988e-01 1.875000e+00 5.000000e-01 0.000000e+00
nan nan 9.719988e-01 1.925000e+00 5.000000e-01 0.000000e+00
nan nan 9.719988e-01 1.975000e+00 5.000000e-01 0.000000e+00
nan nan 9.719988e-01 2.025000e+00 5.000000e-01 0.000000e+00
nan nan 9.719988e-01 2.075000e+00 5.000000e-01 0.000000e+00
nan nan 9.719988e-01 2.125000e+00 5.000000e-01 0.000000e+00
nan nan 9.719988e-01 2.175000e+00 5.000000e-01 0.000000e+00
nan nan 9.719988e-01 2.225000e+00 5.000000e-01 0.000000e+00
nan nan 9.719988e-01 2.275000e+00 5.000000e-01 0.000000e+00
nan nan 9.719988e-01 2.325000e+00 5.000000e-01 0.000000e+00
nan nan 9.719988e-01 2.375000e+00 5.000000e-01 0.000000e+00
nan nan 9.719988e-01 2.425000e+00 5.000000e-01 0.000000e+00
nan nan 9.719988e-01 2.475000e+00 5.000000e-01 0.000000e+00
nan nan 9.719988e-01 2.525000e+00 5.000000e-01 0.000000e+00
nan nan 9.719988e-01 2.575000e+00 5.000000e-01 0.000000e+00
nan nan 9.719988e-01 2.625000e+00 5.000000e-01 0.000000e+00
nan nan 9.719988e-01 2.675000e+00 5.000000e-01 0.000000e+00
nan nan 9.719988e-01 2.725000e+00 5.000000e-01 0.000000e+00
nan nan 9.719988e-01 2.775000e+00 5.000000e-01 0.000000e+00
nan nan 9.719988e-01 2.825000e+00 5.000000e-01 0.000000e+00
nan nan 9.719988e-01 2.875000e+00 5.000000e-01 0.000000e+00
nan nan 9.819987e-01 2.500000e-02 5.000000e-01 0.000000e+00
nan nan 9.819987e-01 7.500000e-02 5.000000e-01 0.000000e+00
nan nan 9.819987e-01 1.250000e-01 5.000000e-01 0.000000e+00
nan nan 9.819987e-01 1.750000e-01 5.000000e-01 0.000000e+00
nan nan 9.819987e-01 2.250000e-01 5.000000e-01 0.000000e+00
nan nan 9.819987e-01 2.750000e-01 5.000000e-01 0.000000e+00
nan nan 9.819987e-01 3.250000e-01 5.000000e-01 0.000000e+00
nan nan 9.819987e-01 3.750000e-01 5.000000e-01 0.000000e+00
nan nan 9.819987e-01 4.250000e-01 5.000000e-01 0.000000e+00
nan nan 9.819987e-01 4.750000e-01 5.000000e-01 0.000000e+00
nan nan 9.819987e-01 5.250000e-01 5.000000e-01 0.000000e+00
nan nan 9.819987e-01 5.750000e-01 5.000000e-01 0.000000e+00
nan nan 9.819987e-01 6.250000e-01 5.000000e-01 0.000000e+00
nan nan 9.819987e-01 6.750000e-01 5.000000e-01 0.000000e+00
nan nan 9.819987e-01 7.250000e-01 5.000000e-01 0.000000e+00
nan nan 9.819987e-01 7.750000e-01 5.000000e-01 0.000000e+00
nan nan 9.819987e-01 8.250000e-01 5.000000e-01 0.000000e+00
nan nan 9.819987e-01 8.750000e-01 5.000000e-01 0.000000e+00
nan nan 9.819987e-01 9.250000e-01 5.000000e-01 0.000000e+00
nan nan 9.819987e-01 9.750000e-01 5.000000e-01 0.000000e+00
nan nan 9.819987e-01 1.025000e+00 5.000000e-01 0.000000e+00
nan nan 9.819987e-01 1.075000e+00 5.000000e-01 0.000000e+00
nan nan 9.819987e-01 1.125000e+00 5.000000e-01 0.000000e+00
nan nan 9.819987e-01 1.175000e+00 5.000000e-01 0.000000e+00
nan nan 9.819987e-01 1.225000e+00 5.000000e-01 0.000000e+00
nan nan 9.819987e-01 1.275000e+00 5.000000e-01 0.000000e+00
nan nan 9.819987e-01 1.325000e+00 5.000000e-01 0.000000e+00
nan nan 9.819987e-01 1.375000e+00 5.000000e-01 0.000000e+00
nan nan 9.819987e-01 1.425000e+00 5.000000e-01 0.000000e+00
nan nan 9.819987e-01 1.475000e+00 5.000000e-01 0.000000e+00
nan nan 9.819987e-01 1.525000e+00 5.000000e-01 0.000000e+00
nan nan 9.819987e-01 1.575000e+00 5.000000e-01 0.000000e+00
nan nan 9.819987e-01 1.625000e+00 5.000000e-01 0.000000e+00
nan nan 9.819987e-01 1.675000e+00 5.000000e-01 0.000000e+00
nan nan 9.819987e-01 1.725000e+00 5.000000e-01 0.000000e+00
nan nan 9.819987e-01 1.775000e+00 5.000000e-01 0.000000e+00
nan nan 9.819987e-01 1.825000e+00 5.000000e-01 0.000000e+00
nan nan 9.819987e-01 1.875000e+00 5.000000e-01 0.000000e+00
nan nan 9.819987e-01 1.925000e+00 5.000000e-01 0.000000e+00
nan nan 9.819987e-01 1.975000e+00 5.000000e-01 0.000000e+00
nan nan 9.819987e-01 2.025000e+00 5.000000e-01 0.000000e+00
nan nan 9.819987e-01 2.075000e+00 5.000000e-01 0.000000e+00
nan nan 9.819987e-01 2.125000e+00 5.000000e-01 0.000000e+00
nan nan 9.819987e-01 2.175000e+00 5.000000e-01 0.000000e+00
nan nan 9.819987e-01 2.225000e+00 5.000000e-01 0.000000e+00
nan nan 9.819987e-01 2.275000e+00 5.000000e-01 0.000000e+00
nan nan 9.819987e-01 2.325000e+00 5.000000e-01 0.000000e+00
nan nan 9.819987e-01 2.375000e+00 5.000000e-01 0.000000e+00
nan nan 9.819987e-01 2.425000e+00 5.000000e-01 0.000000e+00
nan nan 9.819987e-01 2.475000e+00 5.000000e-01 0.000000e+00
nan nan 9.819987e-01 2.525000e+00 5.000000e-01 0.000000e+00
nan nan 9.819987e-01 2.575000e+00 5.000000e-01 0.000000e+00
nan nan 9.819987e-01 2.625000e+00 5.000000e-01 0.000000e+00
nan nan 9.819987e-01 2.675000e+00 5.000000e-01 0.000000e+00
nan nan 9.819987e-01 2.725000e+00 5.000000e-01 0.000000e+00
nan nan 9.819987e-01 2.775000e+00 5.000000e-01 0.000000e+00
nan nan 9.819987e-01 2.825000e+00 5.000000e-01 0.000000e+00
nan nan 9.819987e-01 2.875000e+00 5.000000e-01 0.000000e+00
nan nan 9.919987e-01 2.500000e-02 5.000000e-01 0.000000e+00
nan nan 9.919987e-01 7.500000e-02 5.000000e-01 0.000000e+00
nan nan 9.919987e-01 1.250000e-01 5.000000e-01 0.000000e+00
nan nan 9.919987e-01 1.750000e-01 5.000000e-01 0.000000e+00
nan nan 9.919987e-01 2.250000e-01 5.000000e-01 0.000000e+00
nan nan 9.919987e-01 2.750000e-01 5.000000e-01 0.000000e+00
nan nan 9.919987e-01 3.250000e-01 5.000000e-01 0.000000e+00
nan nan 9.919987e-01 3.750000e-01 5.000000e-01 0.000000e+00
nan nan 9.919987e-01 4.250000e-01 5.000000e-01 0.000000e+00
nan nan 9.919987e-01 4.750000e-01 5.000000e-01 0.000000e+00
nan nan 9.919987e-01 5.250000e-01 5.000000e-01 0.000000e+00
nan nan 9.919987e-01 5.750000e-01 5.000000e-01 0.000000e+00
nan nan 9.919987e-01 6.250000e-01 5.000000e-01 0.000000e+00
nan nan 9.919987e-01 6.750000e-01 5.000000e-01 0.000000e+00
nan nan 9.919987e-01 7.250000e-01 5.000000e-01 0.000000e+00
nan nan 9.919987e-01 7.750000e-01 5.000000e-01 0.000000e+00
nan nan 9.919987e-01 8.250000e-01 5.000000e-01 0.000000e+00
nan nan 9.919987e-01 8.750000e-01 5.000000e-01 0.000000e+00
nan nan 9.919987e-01 9.250000e-01 5.000000e-01 0.000000e+00
nan nan 9.919987e-01 9.750000e-01 5.000000e-01 0.000000e+00
nan nan 9.919987e-01 1.025000e+00 5.000000e-01 0.000000e+00
nan nan 9.919987e-01 1.075000e+00 5.000000e-01 0.000000e+00
nan nan 9.919987e-01 1.125000e+00 5.000000e-01 0.000000e+00
nan nan 9.919987e-01 1.175000e+00 5.000000e-01 0.000000e+00
nan nan 9.919987e-01 1.225000e+00 5.000000e-01 0.000000e+00
nan nan 9.919987e-01 1.275000e+00 5.000000e-01 0.000000e+00
nan nan 9.919987e-01 1.325000e+00 5.000000e-01 0.000000e+00
nan nan 9.919987e-01 1.375000e+00 5.000000e-01 0.000000e+00
nan nan 9.919987e-01 1.425000e+00 5.000000e-01 0.000000e+00
nan nan 9.919987e-01 1.475000e+00 5.000000e-01 0.000000e+00
nan nan 9.919987e-01 1.525000e+00 5.000000e-01 0.000000e+00
nan nan 9.919987e-01 1.575000e+00 5.000000e-01 0.000000e+00
nan nan 9.919987e-01 1.625000e+00 5.000000e-01 0.000000e+00
nan nan 9.919987e-01 1.675000e+00 5.000000e-01 0.000000e+00
nan nan 9.919987e-01 1.725000e+00 5.000000e-01 0.000000e+00
nan nan 9.919987e-01 1.775000e+00 5.000000e-01 0.000000e+00
nan nan 9.919987e-01 1.825000e+00 5.000000e-01 0.000000e+00
nan nan 9.919987e-01 1.875000e+00 5.000000e-01 0.000000e+00
nan nan 9.919987e-01 1.925000e+00 5.000000e-01 0.000000e+00
nan nan 9.919987e-01 1.975000e+00 5.000000e-01 0.000000e+00
nan nan 9.919987e-01 2.025000e+00 5.000000e-01 0.000000e+00
nan nan 9.919987e-01 2.075000e+00 5.000000e-01 0.000000e+00
nan nan 9.919987e-01 2.125000e+00 5.000000e-01 0.000000e+00
nan nan 9.919987e-01 2.175000e+00 5.000000e-01 0.000000e+00
nan nan 9.919987e-01 2.225000e+00 5.000000e-01 0.000000e+00
nan nan 9.919987e-01 2.275000e+00 5.000000e-01 0.000000e+00
nan nan 9.919987e-01 2.325000e+00 5.000000e-01 0.000000e+00
nan nan 9.919987e-01 2.375000e+00 5.000000e-01 0.000000e+00
nan nan 9.919987e-01 2.425000e+00 5.000000e-01 0.000000e+00
nan nan 9.919987e-01 2.475000e+00 5.000000e-01 0.000000e+00
nan nan 9.919987e-01 2.525000e+00 5.000000e-01 0.000000e+00
nan nan 9.919987e-01 2.575000e+00 5.000000e-01 0.000000e+00
nan nan 9.919987e-01 2.625000e+00 5.000000e-01 0.000000e+00
nan nan 9.919987e-01 2.675000e+00 5.000000e-01 0.000000e+00
nan nan 9.919987e-01 2.725000e+00 5.000000e-01 0.000000e+00
nan nan 9.919987e-01 2.775000e+00 5.000000e-01 0.000000e+00
nan nan 9.919987e-01 2.825000e+00 5.000000e-01 0.000000e+00
nan nan 9.919987e-01 2.875000e+00 5.000000e-01 0.000000e+00
nan nan 1.001999e+00 2.500000e-02 5.000000e-01 0.000000e+00
nan nan 1.001999e+00 7.500000e-02 5.000000e-01 0.000000e+00
nan nan 1.001999e+00 1.250000e-01 5.000000e-01 0.000000e+00
nan nan 1.001999e+00 1.750000e-01 5.000000e-01 0.000000e+00
nan nan 1.001999e+00 2.250000e-01 5.000000e-01 0.000000e+00
nan nan 1.001999e+00 2.750000e-01 5.000000e-01 0.000000e+00
nan nan 1.001999e+00 3.250000e-01 5.000000e-01 0.000000e+00
nan nan 1.001999e+00 3.750000e-01 5.000000e-01 0.000000e+00
nan nan 1.001999e+00 4.250000e-01 5.000000e-01 0.000000e+00
nan nan 1.001999e+00 4.750000e-01 5.000000e-01 0.000000e+00
nan nan 1.001999e+00 5.250000e-01 5.000000e-01 0.000000e+00
nan nan 1.001999e+00 5.750000e-01 5.000000e-01 0.000000e+00
nan nan 1.001999e+00 6.250000e-01 5.000000e-01 0.000000e+00
nan nan 1.001999e+00 6.750000e-01 5.000000e-01 0.000000e+00
nan nan 1.001999e+00 7.250000e-01 5.000000e-01 0.000000e+00
nan nan 1.001999e+00 7.750000e-01 5.000000e-01 0.000000e+00
nan nan 1.001999e+00 8.250000e-01 5.000000e-01 0.000000e+00
nan nan 1.001999e+00 8.750000e-01 5.000000e-01 0.000000e+00
nan nan 1.001999e+00 9.250000e-01 5.000000e-01 0.000000e+00
nan nan 1.001999e+00 9.750000e-01 5.000000e-01 0.000000e+00
nan nan 1.001999e+00 1.025000e+00 5.000000e-01 0.000000e+00
nan nan 1.001999e+00 1.075000e+00 5.000000e-01 0.000000e+00
nan nan 1.001999e+00 1.125000e+00 5.000000e-01 0.000000e+00
nan nan 1.001999e+00 1.175000e+00 5.000000e-01 0.000000e+00
nan nan 1.001999e+00 1.225000e+00 5.000000e-01 0.000000e+00
nan nan 1.001999e+00 1.275000e+00 5.000000e-01 0.000000e+00
nan nan 1.001999e+00 1.325000e+00 5.000000e-01 0.000000e+00
nan nan 1.001999e+00 1.375000e+00 5.000000e-01 0.000000e+00
nan nan 1.001999e+00 1.425000e+00 5.000000e-01 0.000000e+00
nan nan 1.001999e+00 1.475000e+00 5.000000e-01 0.000000e+00
nan nan 1.001999e+00 1.525000e+00 5.000000e-01 0.000000e+00
nan nan 1.001999e+00 1.575000e+00 5.000000e-01 0.000000e+00
nan nan 1.001999e+00 1.625000e+00 5.000000e-01 0.000000e+00
nan nan 1.001999e+00 1.675000e+00 5.000000e-01 0.000000e+00
nan nan 1.001999e+00 1.725000e+00 5.000000e-01 0.000000e+00
nan nan 1.001999e+00 1.775000e+00 5.000000e-01 0.000000e+00
nan nan 1.001999e+00 1.825000e+00 5.000000e-01 0.000000e+00
nan nan 1.001999e+00 1.875000e+00 5.000000e-01 0.000000e+00
nan nan 1.001999e+00 1.925000e+00 5.000000e-01 0.000000e+00
nan nan 1.001999e+00 1.975000e+00 5.000000e-01 0.000000e+00
nan nan 1.001999e+00 2.025000e+00 5.000000e-01 0.000000e+00
nan nan 1.001999e+00 2.075000e+00 5.000000e-01 0.000000e+00
nan nan 1.001999e+00 2.125000e+00 5.000000e-01 0.000000e+00
nan nan 1.001999e+00 2.175000e+00 5.000000e-01 0.000000e+00
nan nan 1.001999e+00 2.225000e+00 5.000000e-01 0.000000e+00
nan nan 1.001999e+00 2.275000e+00 5.000000e-01 0.000000e+00
nan nan 1.001999e+00 2.325000e+00 5.000000e-01 0.000000e+00
nan nan 1.001999e+00 2.375000e+00 5.000000e-01 0.000000e+00
nan nan 1.001999e+00 2.425000e+00 5.000000e-01 0.000000e+00
nan nan 1.001999e+00 2.475000e+00 5.000000e-01 0.000000e+00
nan nan 1.001999e+00 2.525000e+00 5.000000e-01 0.000000e+00
nan nan 1.001999e+00 2.575000e+00 5.000000e-01 0.000000e+00
nan nan 1.001999e+00 2.625000e+00 5.000000e-01 0.000000e+00
nan nan 1.001999e+00 2.675000e+00 5.000000e-01 0.000000e+00
nan nan 1.001999e+00 2.725000e+00 5.000000e-01 0.000000e+00
nan nan 1.001999e+00 2.775000e+00 5.000000e-01 0.000000e+00
nan nan 1.001999e+00 2.825000e+00 5.000000e-01 0.000000e+00
nan nan 1.001999e+00 2.875000e+00 5.000000e-01 0.000000e+00
