# Intensity Error [H,-0.5H,0] DeltaE [0,K,0] [0,0,L]
#  shape: 134x58x1x1
4.860119e-01 4.415745e-03 -3.280000e-01 2.500000e-02 5.000000e-01 0.000000e+00
8.840515e-02 1.900420e-03 -3.280000e-01 7.500000e-02 5.000000e-01 0.000000e+00
1.225512e-02 7.028809e-04 -3.280000e-01 1.250000e-01 5.000000e-01 0.000000e+00
9.797672e-03 6.324385e-04 -3.280000e-01 1.750000e-01 5.000000e-01 0.000000e+00
8.690192e-03 5.940507e-04 -3.280000e-01 2.250000e-01 5.000000e-01 0.000000e+00
9.630756e-03 6.216644e-04 -3.280000e-01 2.750000e-01 5.000000e-01 0.000000e+00
7.716955e-03 5.598484e-04 -3.280000e-01 3.250000e-01 5.000000e-01 0.000000e+00
8.282385e-03 5.715407e-04 -3.280000e-01 3.750000e-01 5.000000e-01 0.000000e+00
6.655939e-03 5.075120e-04 -3.280000e-01 4.250000e-01 5.000000e-01 0.000000e+00
7.648621e-03 5.435654e-04 -3.280000e-01 4.750000e-01 5.000000e-01 0.000000e+00
6.729491e-03 5.072559e-04 -3.280000e-01 5.250000e-01 5.000000e-01 0.000000e+00
5.672238e-03 4.662567e-04 -3.280000e-01 5.750000e-01 5.000000e-01 0.000000e+00
5.682982e-03 4.640149e-04 -3.280000e-01 6.250000e-01 5.000000e-01 0.000000e+00
6.043079e-03 4.747909e-04 -3.280000e-01 6.750000e-01 5.000000e-01 0.000000e+00
6.134204e-03 4.790024e-04 -3.280000e-01 7.250000e-01 5.000000e-01 0.000000e+00
5.255841e-03 4.379884e-04 -3.280000e-01 7.750000e-01 5.000000e-01 0.000000e+00
5.821747e-03 4.574014e-04 -3.280000e-01 8.250000e-01 5.000000e-01 0.000000e+00
5.522315e-03 4.393333e-04 -3.280000e-01 8.750000e-01 5.000000e-01 0.000000e+00
4.003223e-03 3.685283e-04 -3.280000e-01 9.250000e-01 5.000000e-01 0.000000e+00
3.841174e-03 3.597608e-04 -3.280000e-01 9.750000e-01 5.000000e-01 0.000000e+00
3.744232e-03 3.570002e-04 -3.280000e-01 1.025000e+00 5.000000e-01 0.000000e+00
2.963958e-03 3.196136e-04 -3.280000e-01 1.075000e+00 5.000000e-01 0.000000e+00
3.411948e-03 3.411968e-04 -3.280000e-01 1.125000e+00 5.000000e-01 0.000000e+00
2.908719e-03 3.136568e-04 -3.280000e-01 1.175000e+00 5.000000e-01 0.000000e+00
2.578673e-03 2.957955e-04 -3.280000e-01 1.225000e+00 5.000000e-01 0.000000e+00
1.682641e-03 2.379629e-04 -3.280000e-01 1.275000e+00 5.000000e-01 0.000000e+00
1.210762e-03 2.017948e-04 -3.280000e-01 1.325000e+00 5.000000e-01 0.000000e+00
1.397385e-03 2.156224e-04 -3.280000e-01 1.375000e+00 5.000000e-01 0.000000e+00
1.521310e-03 2.243062e-04 -3.280000e-01 1.425000e+00 5.000000e-01 0.000000e+00
1.442867e-03 2.175213e-04 -3.280000e-01 1.475000e+00 5.000000e-01 0.000000e+00
9.032489e-04 1.706991e-04 -3.280000e-01 1.525000e+00 5.000000e-01 0.000000e+00
1.729254e-03 2.353242e-04 -3.280000e-01 1.575000e+00 5.000000e-01 0.000000e+00
7.609145e-04 1.553224e-04 -3.280000e-01 1.625000e+00 5.000000e-01 0.000000e+00
3.723213e-04 1.074810e-04 -3.280000e-01 1.675000e+00 5.000000e-01 0.000000e+00
8.642005e-04 1.633205e-04 -3.280000e-01 1.725000e+00 5.000000e-01 0.000000e+00
6.063976e-04 1.355954e-04 -3.280000e-01 1.775000e+00 5.000000e-01 0.000000e+00
6.616717e-04 1.410701e-04 -3.280000e-01 1.825000e+00 5.000000e-01 0.000000e+00
5.273017e-04 1.242867e-04 -3.280000e-01 1.875000e+00 5.000000e-01 0.000000e+00
4.052138e-04 1.082998e-04 -3.280000e-01 1.925000e+00 5.000000e-01 0.000000e+00
4.549132e-04 1.137305e-04 -3.280000e-01 1.975000e+00 5.000000e-01 0.000000e+00
6.683257e-04 1.364234e-04 -3.280000e-01 2.025000e+00 5.000000e-01 0.000000e+00
4.975659e-04 1.172791e-04 -3.280000e-01 2.075000e+00 5.000000e-01 0.000000e+00
2.158294e-04 7.630787e-05 -3.280000e-01 2.125000e+00 5.000000e-01 0.000000e+00
2.660837e-04 8.414595e-05 -3.280000e-01 2.175000e+00 5.000000e-01 0.000000e+00
2.606836e-04 8.243736e-05 -3.280000e-01 2.225000e+00 5.000000e-01 0.000000e+00
3.119568e-04 9.005567e-05 -3.280000e-01 2.275000e+00 5.000000e-01 0.000000e+00
5.687017e-04 1.212510e-04 -3.280000e-01 2.325000e+00 5.000000e-01 0.000000e+00
5.170241e-04 1.156136e-04 -3.280000e-01 2.375000e+00 5.000000e-01 0.000000e+00
6.387876e-04 1.303970e-04 -3.280000e-01 2.425000e+00 5.000000e-01 0.000000e+00
6.610720e-04 1.349439e-04 -3.280000e-01 2.475000e+00 5.000000e-01 0.000000e+00
2.286493e-04 8.084281e-05 -3.280000e-01 2.525000e+00 5.000000e-01 0.000000e+00
3.414441e-04 9.856925e-05 -3.280000e-01 2.575000e+00 5.000000e-01 0.000000e+00
5.553355e-04 1.241796e-04 -3.280000e-01 2.625000e+00 5.000000e-01 0.000000e+00
5.921043e-04 1.262452e-04 -3.280000e-01 2.675000e+00 5.000000e-01 0.000000e+00
8.263232e-04 1.460848e-04 -3.280000e-01 2.725000e+00 5.000000e-01 0.000000e+00
8.386970e-04 1.438455e-04 -3.280000e-01 2.775000e+00 5.000000e-01 0.000000e+00
8.025223e-04 1.376463e-04 -3.280000e-01 2.825000e+00 5.000000e-01 0.000000e+00
8.467501e-04 1.373766e-04 -3.280000e-01 2.875000e+00 5.000000e-01 0.000000e+00
4.835750e-01 4.400147e-03 -3.180000e-01 2.500000e-02 5.000000e-01 0.000000e+00
8.986358e-02 1.902970e-03 -3.180000e-01 7.500000e-02 5.000000e-01 0.000000e+00
1.112721e-02 6.722212e-04 -3.180000e-01 1.250000e-01 5.000000e-01 0.000000e+00
9.608458e-03 6.228253e-04 -3.180000e-01 1.750000e-01 5.000000e-01 0.000000e+00
1.116809e-02 6.722416e-04 -3.180000e-01 2.250000e-01 5.000000e-01 0.000000e+00
9.548418e-03 6.163495e-04 -3.180000e-01 2.750000e-01 5.000000e-01 0.000000e+00
8.648376e-03 5.884492e-04 -3.180000e-01 3.250000e-01 5.000000e-01 0.000000e+00
6.496709e-03 5.073093e-04 -3.180000e-01 3.750000e-01 5.000000e-01 0.000000e+00
7.241323e-03 5.281293e-04 -3.180000e-01 4.250000e-01 5.000000e-01 0.000000e+00
8.339278e-03 5.648091e-04 -3.180000e-01 4.750000e-01 5.000000e-01 0.000000e+00
8.566180e-03 5.698158e-04 -3.180000e-01 5.250000e-01 5.000000e-01 0.000000e+00
7.000826e-03 5.133269e-04 -3.180000e-01 5.750000e-01 5.000000e-01 0.000000e+00
6.264406e-03 4.862139e-04 -3.180000e-01 6.250000e-01 5.000000e-01 0.000000e+00
4.925821e-03 4.287390e-04 -3.180000e-01 6.750000e-01 5.000000e-01 0.000000e+00
5.546267e-03 4.528528e-04 -3.180000e-01 7.250000e-01 5.000000e-01 0.000000e+00
5.149881e-03 4.352463e-04 -3.180000e-01 7.750000e-01 5.000000e-01 0.000000e+00
5.768182e-03 4.560169e-04 -3.180000e-01 8.250000e-01 5.000000e-01 0.000000e+00
5.618240e-03 4.469651e-04 -3.180000e-01 8.750000e-01 5.000000e-01 0.000000e+00
4.988133e-03 4.185966e-04 -3.180000e-01 9.250000e-01 5.000000e-01 0.000000e+00
3.138720e-03 3.272358e-04 -3.180000e-01 9.750000e-01 5.000000e-01 0.000000e+00
4.453325e-03 3.847105e-04 -3.180000e-01 1.025000e+00 5.000000e-01 0.000000e+00
2.999163e-03 3.161410e-04 -3.180000e-01 1.075000e+00 5.000000e-01 0.000000e+00
2.792702e-03 3.047103e-04 -3.180000e-01 1.125000e+00 5.000000e-01 0.000000e+00
2.485260e-03 2.889070e-04 -3.180000e-01 1.175000e+00 5.000000e-01 0.000000e+00
2.277210e-03 2.761540e-04 -3.180000e-01 1.225000e+00 5.000000e-01 0.000000e+00
1.415978e-03 2.184916e-04 -3.180000e-01 1.275000e+00 5.000000e-01 0.000000e+00
1.606335e-03 2.318556e-04 -3.180000e-01 1.325000e+00 5.000000e-01 0.000000e+00
1.262196e-03 2.047566e-04 -3.180000e-01 1.375000e+00 5.000000e-01 0.000000e+00
1.769369e-03 2.407820e-04 -3.180000e-01 1.425000e+00 5.000000e-01 0.000000e+00
1.235109e-03 2.003626e-04 -3.180000e-01 1.475000e+00 5.000000e-01 0.000000e+00
8.375887e-04 1.642656e-04 -3.180000e-01 1.525000e+00 5.000000e-01 0.000000e+00
1.020145e-03 1.803392e-04 -3.180000e-01 1.575000e+00 5.000000e-01 0.000000e+00
1.068676e-03 1.832778e-04 -3.180000e-01 1.625000e+00 5.000000e-01 0.000000e+00
4.337717e-04 1.159314e-04 -3.180000e-01 1.675000e+00 5.000000e-01 0.000000e+00
1.845338e-04 7.533617e-05 -3.180000e-01 1.725000e+00 5.000000e-01 0.000000e+00
8.486704e-04 1.603848e-04 -3.180000e-01 1.775000e+00 5.000000e-01 0.000000e+00
4.146366e-04 1.108177e-04 -3.180000e-01 1.825000e+00 5.000000e-01 0.000000e+00
6.462313e-04 1.377784e-04 -3.180000e-01 1.875000e+00 5.000000e-01 0.000000e+00
3.443961e-04 9.941976e-05 -3.180000e-01 1.925000e+00 5.000000e-01 0.000000e+00
5.651087e-04 1.263647e-04 -3.180000e-01 1.975000e+00 5.000000e-01 0.000000e+00
5.002504e-04 1.179109e-04 -3.180000e-01 2.025000e+00 5.000000e-01 0.000000e+00
8.749392e-04 1.546706e-04 -3.180000e-01 2.075000e+00 5.000000e-01 0.000000e+00
1.621884e-04 6.621356e-05 -3.180000e-01 2.125000e+00 5.000000e-01 0.000000e+00
4.243293e-04 1.060836e-04 -3.180000e-01 2.175000e+00 5.000000e-01 0.000000e+00
5.267512e-04 1.177865e-04 -3.180000e-01 2.225000e+00 5.000000e-01 0.000000e+00
2.088607e-04 7.384458e-05 -3.180000e-01 2.275000e+00 5.000000e-01 0.000000e+00
1.551901e-04 6.335846e-05 -3.180000e-01 2.325000e+00 5.000000e-01 0.000000e+00
3.067029e-04 8.853814e-05 -3.180000e-01 2.375000e+00 5.000000e-01 0.000000e+00
4.152310e-04 1.038099e-04 -3.180000e-01 2.425000e+00 5.000000e-01 0.000000e+00
4.770084e-04 1.124376e-04 -3.180000e-01 2.475000e+00 5.000000e-01 0.000000e+00
7.215710e-04 1.415173e-04 -3.180000e-01 2.525000e+00 5.000000e-01 0.000000e+00
2.868931e-04 9.072819e-05 -3.180000e-01 2.575000e+00 5.000000e-01 0.000000e+00
6.087408e-04 1.297871e-04 -3.180000e-01 2.625000e+00 5.000000e-01 0.000000e+00
3.752579e-04 1.002943e-04 -3.180000e-01 2.675000e+00 5.000000e-01 0.000000e+00
4.626947e-04 1.090696e-04 -3.180000e-01 2.725000e+00 5.000000e-01 0.000000e+00
5.429612e-04 1.157671e-04 -3.180000e-01 2.775000e+00 5.000000e-01 0.000000e+00
9.765961e-04 1.507055e-04 -3.180000e-01 2.825000e+00 5.000000e-01 0.000000e+00
1.063861e-03 1.535728e-04 -3.180000e-01 2.875000e+00 5.000000e-01 0.000000e+00
4.851025e-01 4.404938e-03 -3.080000e-01 2.500000e-02 5.000000e-01 0.000000e+00
8.633883e-02 1.854288e-03 -3.080000e-01 7.500000e-02 5.000000e-01 0.000000e+00
1.006915e-02 6.393933e-04 -3.080000e-01 1.250000e-01 5.000000e-01 0.000000e+00
9.194418e-03 6.062633e-04 -3.080000e-01 1.750000e-01 5.000000e-01 0.000000e+00
8.013983e-03 5.666756e-04 -3.080000e-01 2.250000e-01 5.000000e-01 0.000000e+00
9.471674e-03 6.165549e-04 -3.080000e-01 2.750000e-01 5.000000e-01 0.000000e+00
7.683697e-03 5.516589e-04 -3.080000e-01 3.250000e-01 5.000000e-01 0.000000e+00
8.248188e-03 5.691809e-04 -3.080000e-01 3.750000e-01 5.000000e-01 0.000000e+00
6.980155e-03 5.174049e-04 -3.080000e-01 4.250000e-01 5.000000e-01 0.000000e+00
8.048158e-03 5.527513e-04 -3.080000e-01 4.750000e-01 5.000000e-01 0.000000e+00
7.107215e-03 5.156133e-04 -3.080000e-01 5.250000e-01 5.000000e-01 0.000000e+00
5.457335e-03 4.516537e-04 -3.080000e-01 5.750000e-01 5.000000e-01 0.000000e+00
6.954842e-03 5.099555e-04 -3.080000e-01 6.250000e-01 5.000000e-01 0.000000e+00
6.053279e-03 4.755923e-04 -3.080000e-01 6.750000e-01 5.000000e-01 0.000000e+00
6.538651e-03 4.900948e-04 -3.080000e-01 7.250000e-01 5.000000e-01 0.000000e+00
5.003267e-03 4.259082e-04 -3.080000e-01 7.750000e-01 5.000000e-01 0.000000e+00
5.950917e-03 4.618824e-04 -3.080000e-01 8.250000e-01 5.000000e-01 0.000000e+00
3.877877e-03 3.731503e-04 -3.080000e-01 8.750000e-01 5.000000e-01 0.000000e+00
4.606193e-03 4.039915e-04 -3.080000e-01 9.250000e-01 5.000000e-01 0.000000e+00
4.433886e-03 3.950037e-04 -3.080000e-01 9.750000e-01 5.000000e-01 0.000000e+00
3.488842e-03 3.454484e-04 -3.080000e-01 1.025000e+00 5.000000e-01 0.000000e+00
2.637455e-03 2.948778e-04 -3.080000e-01 1.075000e+00 5.000000e-01 0.000000e+00
2.512726e-03 2.845115e-04 -3.080000e-01 1.125000e+00 5.000000e-01 0.000000e+00
2.744593e-03 2.994611e-04 -3.080000e-01 1.175000e+00 5.000000e-01 0.000000e+00
1.928187e-03 2.531848e-04 -3.080000e-01 1.225000e+00 5.000000e-01 0.000000e+00
1.270412e-03 2.060893e-04 -3.080000e-01 1.275000e+00 5.000000e-01 0.000000e+00
9.971103e-04 1.820478e-04 -3.080000e-01 1.325000e+00 5.000000e-01 0.000000e+00
1.313855e-03 2.077405e-04 -3.080000e-01 1.375000e+00 5.000000e-01 0.000000e+00
1.299369e-03 2.054498e-04 -3.080000e-01 1.425000e+00 5.000000e-01 0.000000e+00
1.290001e-03 2.039682e-04 -3.080000e-01 1.475000e+00 5.000000e-01 0.000000e+00
7.735380e-04 1.578995e-04 -3.080000e-01 1.525000e+00 5.000000e-01 0.000000e+00
5.076272e-04 1.269080e-04 -3.080000e-01 1.575000e+00 5.000000e-01 0.000000e+00
3.738416e-04 1.079192e-04 -3.080000e-01 1.625000e+00 5.000000e-01 0.000000e+00
5.552856e-04 1.308833e-04 -3.080000e-01 1.675000e+00 5.000000e-01 0.000000e+00
7.938442e-04 1.556875e-04 -3.080000e-01 1.725000e+00 5.000000e-01 0.000000e+00
7.199151e-04 1.469538e-04 -3.080000e-01 1.775000e+00 5.000000e-01 0.000000e+00
5.343850e-04 1.259563e-04 -3.080000e-01 1.825000e+00 5.000000e-01 0.000000e+00
5.261121e-04 1.240074e-04 -3.080000e-01 1.875000e+00 5.000000e-01 0.000000e+00
4.587253e-04 1.146828e-04 -3.080000e-01 1.925000e+00 5.000000e-01 0.000000e+00
3.953090e-04 1.056518e-04 -3.080000e-01 1.975000e+00 5.000000e-01 0.000000e+00
5.516315e-04 1.233496e-04 -3.080000e-01 2.025000e+00 5.000000e-01 0.000000e+00
6.543591e-04 1.335716e-04 -3.080000e-01 2.075000e+00 5.000000e-01 0.000000e+00
3.225575e-04 9.311664e-05 -3.080000e-01 2.125000e+00 5.000000e-01 0.000000e+00
4.785147e-04 1.127891e-04 -3.080000e-01 2.175000e+00 5.000000e-01 0.000000e+00
2.675462e-04 8.460727e-05 -3.080000e-01 2.225000e+00 5.000000e-01 0.000000e+00
4.714896e-04 1.111337e-04 -3.080000e-01 2.275000e+00 5.000000e-01 0.000000e+00
5.756705e-04 1.227355e-04 -3.080000e-01 2.325000e+00 5.000000e-01 0.000000e+00
6.247128e-04 1.275213e-04 -3.080000e-01 2.375000e+00 5.000000e-01 0.000000e+00
4.631263e-04 1.091632e-04 -3.080000e-01 2.425000e+00 5.000000e-01 0.000000e+00
2.088070e-04 7.382755e-05 -3.080000e-01 2.475000e+00 5.000000e-01 0.000000e+00
3.217627e-04 9.288784e-05 -3.080000e-01 2.525000e+00 5.000000e-01 0.000000e+00
4.908447e-04 1.156983e-04 -3.080000e-01 2.575000e+00 5.000000e-01 0.000000e+00
6.575887e-04 1.342378e-04 -3.080000e-01 2.625000e+00 5.000000e-01 0.000000e+00
6.429240e-04 1.312444e-04 -3.080000e-01 2.675000e+00 5.000000e-01 0.000000e+00
6.111553e-04 1.247578e-04 -3.080000e-01 2.725000e+00 5.000000e-01 0.000000e+00
6.364542e-04 1.248278e-04 -3.080000e-01 2.775000e+00 5.000000e-01 0.000000e+00
9.325659e-04 1.474695e-04 -3.080000e-01 2.825000e+00 5.000000e-01 0.000000e+00
1.012816e-03 1.493550e-04 -3.080000e-01 2.875000e+00 5.000000e-01 0.000000e+00
4.799954e-01 4.371922e-03 -2.980000e-01 2.500000e-02 5.000000e-01 0.000000e+00
8.833694e-02 1.864797e-03 -2.980000e-01 7.500000e-02 5.000000e-01 0.000000e+00
1.072994e-02 6.505996e-04 -2.980000e-01 1.250000e-01 5.000000e-01 0.000000e+00
8.386375e-03 5.787163e-04 -2.980000e-01 1.750000e-01 5.000000e-01 0.000000e+00
1.057813e-02 6.485881e-04 -2.980000e-01 2.250000e-01 5.000000e-01 0.000000e+00
8.909941e-03 5.953221e-04 -2.980000e-01 2.750000e-01 5.000000e-01 0.000000e+00
9.005321e-03 5.963937e-04 -2.980000e-01 3.250000e-01 5.000000e-01 0.000000e+00
9.066417e-03 5.926920e-04 -2.980000e-01 3.750000e-01 5.000000e-01 0.000000e+00
8.770869e-03 5.758373e-04 -2.980000e-01 4.250000e-01 5.000000e-01 0.000000e+00
7.138047e-03 5.178499e-04 -2.980000e-01 4.750000e-01 5.000000e-01 0.000000e+00
8.869145e-03 5.749030e-04 -2.980000e-01 5.250000e-01 5.000000e-01 0.000000e+00
6.250608e-03 4.822464e-04 -2.980000e-01 5.750000e-01 5.000000e-01 0.000000e+00
6.277095e-03 4.842898e-04 -2.980000e-01 6.250000e-01 5.000000e-01 0.000000e+00
6.799979e-03 5.013027e-04 -2.980000e-01 6.750000e-01 5.000000e-01 0.000000e+00
5.736169e-03 4.592627e-04 -2.980000e-01 7.250000e-01 5.000000e-01 0.000000e+00
6.165130e-03 4.728457e-04 -2.980000e-01 7.750000e-01 5.000000e-01 0.000000e+00
4.787295e-03 4.135609e-04 -2.980000e-01 8.250000e-01 5.000000e-01 0.000000e+00
5.954361e-03 4.593910e-04 -2.980000e-01 8.750000e-01 5.000000e-01 0.000000e+00
4.400281e-03 3.951587e-04 -2.980000e-01 9.250000e-01 5.000000e-01 0.000000e+00
3.819759e-03 3.675582e-04 -2.980000e-01 9.750000e-01 5.000000e-01 0.000000e+00
3.756014e-03 3.614241e-04 -2.980000e-01 1.025000e+00 5.000000e-01 0.000000e+00
2.870976e-03 3.132506e-04 -2.980000e-01 1.075000e+00 5.000000e-01 0.000000e+00
3.164557e-03 3.229830e-04 -2.980000e-01 1.125000e+00 5.000000e-01 0.000000e+00
2.939914e-03 3.065088e-04 -2.980000e-01 1.175000e+00 5.000000e-01 0.000000e+00
2.071176e-03 2.588990e-04 -2.980000e-01 1.225000e+00 5.000000e-01 0.000000e+00
1.572788e-03 2.270137e-04 -2.980000e-01 1.275000e+00 5.000000e-01 0.000000e+00
1.899703e-03 2.494448e-04 -2.980000e-01 1.325000e+00 5.000000e-01 0.000000e+00
2.205215e-03 2.674232e-04 -2.980000e-01 1.375000e+00 5.000000e-01 0.000000e+00
1.294351e-03 2.046559e-04 -2.980000e-01 1.425000e+00 5.000000e-01 0.000000e+00
1.094425e-03 1.876938e-04 -2.980000e-01 1.475000e+00 5.000000e-01 0.000000e+00
6.403052e-04 1.431773e-04 -2.980000e-01 1.525000e+00 5.000000e-01 0.000000e+00
8.148691e-04 1.598105e-04 -2.980000e-01 1.575000e+00 5.000000e-01 0.000000e+00
1.179966e-03 1.914177e-04 -2.980000e-01 1.625000e+00 5.000000e-01 0.000000e+00
5.555802e-04 1.309527e-04 -2.980000e-01 1.675000e+00 5.000000e-01 0.000000e+00
8.468967e-04 1.600501e-04 -2.980000e-01 1.725000e+00 5.000000e-01 0.000000e+00
8.373177e-04 1.582399e-04 -2.980000e-01 1.775000e+00 5.000000e-01 0.000000e+00
2.362112e-04 8.351466e-05 -2.980000e-01 1.825000e+00 5.000000e-01 0.000000e+00
6.379389e-04 1.360103e-04 -2.980000e-01 1.875000e+00 5.000000e-01 0.000000e+00
4.006039e-04 1.070674e-04 -2.980000e-01 1.925000e+00 5.000000e-01 0.000000e+00
4.509039e-04 1.127267e-04 -2.980000e-01 1.975000e+00 5.000000e-01 0.000000e+00
3.857753e-04 1.031035e-04 -2.980000e-01 2.025000e+00 5.000000e-01 0.000000e+00
2.733236e-04 8.643301e-05 -2.980000e-01 2.075000e+00 5.000000e-01 0.000000e+00
2.162491e-04 7.645623e-05 -2.980000e-01 2.125000e+00 5.000000e-01 0.000000e+00
2.688438e-04 8.501780e-05 -2.980000e-01 2.175000e+00 5.000000e-01 0.000000e+00
4.782175e-04 1.127192e-04 -2.980000e-01 2.225000e+00 5.000000e-01 0.000000e+00
2.658344e-04 8.406550e-05 -2.980000e-01 2.275000e+00 5.000000e-01 0.000000e+00
3.147291e-04 9.085719e-05 -2.980000e-01 2.325000e+00 5.000000e-01 0.000000e+00
1.053834e-04 5.269279e-05 -2.980000e-01 2.375000e+00 5.000000e-01 0.000000e+00
4.158452e-04 1.039635e-04 -2.980000e-01 2.425000e+00 5.000000e-01 0.000000e+00
5.680792e-04 1.211192e-04 -2.980000e-01 2.475000e+00 5.000000e-01 0.000000e+00
4.646141e-04 1.095141e-04 -2.980000e-01 2.525000e+00 5.000000e-01 0.000000e+00
3.106628e-04 8.968379e-05 -2.980000e-01 2.575000e+00 5.000000e-01 0.000000e+00
4.731008e-04 1.115177e-04 -2.980000e-01 2.625000e+00 5.000000e-01 0.000000e+00
7.401557e-04 1.398826e-04 -2.980000e-01 2.675000e+00 5.000000e-01 0.000000e+00
6.583166e-04 1.291172e-04 -2.980000e-01 2.725000e+00 5.000000e-01 0.000000e+00
6.360387e-04 1.247444e-04 -2.980000e-01 2.775000e+00 5.000000e-01 0.000000e+00
7.843499e-04 1.345317e-04 -2.980000e-01 2.825000e+00 5.000000e-01 0.000000e+00
9.122756e-04 1.407841e-04 -2.980000e-01 2.875000e+00 5.000000e-01 0.000000e+00
4.749153e-01 4.336457e-03 -2.880000e-01 2.500000e-02 5.000000e-01 0.000000e+00
8.807992e-02 1.865199e-03 -2.880000e-01 7.500000e-02 5.000000e-01 0.000000e+00
1.213870e-02 6.894333e-04 -2.880000e-01 1.250000e-01 5.000000e-01 0.000000e+00
1.032869e-02 6.356884e-04 -2.880000e-01 1.750000e-01 5.000000e-01 0.000000e+00
9.337999e-03 6.052941e-04 -2.880000e-01 2.250000e-01 5.000000e-01 0.000000e+00
8.880370e-03 5.907151e-04 -2.880000e-01 2.750000e-01 5.000000e-01 0.000000e+00
8.585855e-03 5.788598e-04 -2.880000e-01 3.250000e-01 5.000000e-01 0.000000e+00
6.419661e-03 4.982637e-04 -2.880000e-01 3.750000e-01 5.000000e-01 0.000000e+00
6.271589e-03 4.838649e-04 -2.880000e-01 4.250000e-01 5.000000e-01 0.000000e+00
8.291044e-03 5.564601e-04 -2.880000e-01 4.750000e-01 5.000000e-01 0.000000e+00
7.392620e-03 5.253725e-04 -2.880000e-01 5.250000e-01 5.000000e-01 0.000000e+00
6.048840e-03 4.723367e-04 -2.880000e-01 5.750000e-01 5.000000e-01 0.000000e+00
6.498098e-03 4.898142e-04 -2.880000e-01 6.250000e-01 5.000000e-01 0.000000e+00
5.014734e-03 4.300115e-04 -2.880000e-01 6.750000e-01 5.000000e-01 0.000000e+00
5.136489e-03 4.341139e-04 -2.880000e-01 7.250000e-01 5.000000e-01 0.000000e+00
5.859163e-03 4.603410e-04 -2.880000e-01 7.750000e-01 5.000000e-01 0.000000e+00
5.317185e-03 4.341481e-04 -2.880000e-01 8.250000e-01 5.000000e-01 0.000000e+00
5.790464e-03 4.521613e-04 -2.880000e-01 8.750000e-01 5.000000e-01 0.000000e+00
4.638255e-03 4.037105e-04 -2.880000e-01 9.250000e-01 5.000000e-01 0.000000e+00
4.125053e-03 3.797439e-04 -2.880000e-01 9.750000e-01 5.000000e-01 0.000000e+00
3.407487e-03 3.442096e-04 -2.880000e-01 1.025000e+00 5.000000e-01 0.000000e+00
3.662983e-03 3.557819e-04 -2.880000e-01 1.075000e+00 5.000000e-01 0.000000e+00
2.675384e-03 3.029290e-04 -2.880000e-01 1.125000e+00 5.000000e-01 0.000000e+00
2.207940e-03 2.717799e-04 -2.880000e-01 1.175000e+00 5.000000e-01 0.000000e+00
1.799613e-03 2.404848e-04 -2.880000e-01 1.225000e+00 5.000000e-01 0.000000e+00
1.829913e-03 2.402812e-04 -2.880000e-01 1.275000e+00 5.000000e-01 0.000000e+00
1.336695e-03 2.062582e-04 -2.880000e-01 1.325000e+00 5.000000e-01 0.000000e+00
1.473515e-03 2.172592e-04 -2.880000e-01 1.375000e+00 5.000000e-01 0.000000e+00
1.024959e-03 1.811900e-04 -2.880000e-01 1.425000e+00 5.000000e-01 0.000000e+00
8.308443e-04 1.629428e-04 -2.880000e-01 1.475000e+00 5.000000e-01 0.000000e+00
6.894189e-04 1.469854e-04 -2.880000e-01 1.525000e+00 5.000000e-01 0.000000e+00
1.443833e-03 2.128837e-04 -2.880000e-01 1.575000e+00 5.000000e-01 0.000000e+00
1.238269e-03 1.957891e-04 -2.880000e-01 1.625000e+00 5.000000e-01 0.000000e+00
7.957309e-04 1.560569e-04 -2.880000e-01 1.675000e+00 5.000000e-01 0.000000e+00
1.266721e-03 1.954621e-04 -2.880000e-01 1.725000e+00 5.000000e-01 0.000000e+00
7.730472e-04 1.516089e-04 -2.880000e-01 1.775000e+00 5.000000e-01 0.000000e+00
3.519876e-04 1.016119e-04 -2.880000e-01 1.825000e+00 5.000000e-01 0.000000e+00
2.899912e-04 9.170341e-05 -2.880000e-01 1.875000e+00 5.000000e-01 0.000000e+00
3.998166e-04 1.068567e-04 -2.880000e-01 1.925000e+00 5.000000e-01 0.000000e+00
2.813079e-04 8.895864e-05 -2.880000e-01 1.975000e+00 5.000000e-01 0.000000e+00
9.916236e-04 1.652746e-04 -2.880000e-01 2.025000e+00 5.000000e-01 0.000000e+00
3.288307e-04 9.492611e-05 -2.880000e-01 2.075000e+00 5.000000e-01 0.000000e+00
5.420658e-04 1.212115e-04 -2.880000e-01 2.125000e+00 5.000000e-01 0.000000e+00
3.791629e-04 1.013375e-04 -2.880000e-01 2.175000e+00 5.000000e-01 0.000000e+00
5.361074e-04 1.198798e-04 -2.880000e-01 2.225000e+00 5.000000e-01 0.000000e+00
5.916042e-04 1.261326e-04 -2.880000e-01 2.275000e+00 5.000000e-01 0.000000e+00
4.778319e-04 1.126282e-04 -2.880000e-01 2.325000e+00 5.000000e-01 0.000000e+00
3.723146e-04 9.950789e-05 -2.880000e-01 2.375000e+00 5.000000e-01 0.000000e+00
5.822442e-04 1.241376e-04 -2.880000e-01 2.425000e+00 5.000000e-01 0.000000e+00
2.568323e-04 8.122016e-05 -2.880000e-01 2.475000e+00 5.000000e-01 0.000000e+00
3.522300e-04 9.414067e-05 -2.880000e-01 2.525000e+00 5.000000e-01 0.000000e+00
5.479904e-04 1.168392e-04 -2.880000e-01 2.575000e+00 5.000000e-01 0.000000e+00
4.011588e-04 1.002932e-04 -2.880000e-01 2.625000e+00 5.000000e-01 0.000000e+00
6.128405e-04 1.251048e-04 -2.880000e-01 2.675000e+00 5.000000e-01 0.000000e+00
1.265429e-03 1.789738e-04 -2.880000e-01 2.725000e+00 5.000000e-01 0.000000e+00
6.747664e-04 1.275278e-04 -2.880000e-01 2.775000e+00 5.000000e-01 0.000000e+00
3.728399e-04 9.321677e-05 -2.880000e-01 2.825000e+00 5.000000e-01 0.000000e+00
1.095288e-03 1.519055e-04 -2.880000e-01 2.875000e+00 5.000000e-01 0.000000e+00
4.885919e-01 4.387340e-03 -2.780001e-01 2.500000e-02 5.000000e-01 0.000000e+00
8.759286e-02 1.862417e-03 -2.780001e-01 7.500000e-02 5.000000e-01 0.000000e+00
1.128398e-02 6.695828e-04 -2.780001e-01 1.250000e-01 5.000000e-01 0.000000e+00
1.038660e-02 6.344643e-04 -2.780001e-01 1.750000e-01 5.000000e-01 0.000000e+00
9.753218e-03 6.143965e-04 -2.780001e-01 2.250000e-01 5.000000e-01 0.000000e+00
7.941489e-03 5.533113e-04 -2.780001e-01 2.750000e-01 5.000000e-01 0.000000e+00
7.726324e-03 5.436236e-04 -2.780001e-01 3.250000e-01 5.000000e-01 0.000000e+00
7.808159e-03 5.466820e-04 -2.780001e-01 3.750000e-01 5.000000e-01 0.000000e+00
7.402621e-03 5.260829e-04 -2.780001e-01 4.250000e-01 5.000000e-01 0.000000e+00
7.384509e-03 5.221656e-04 -2.780001e-01 4.750000e-01 5.000000e-01 0.000000e+00
7.207358e-03 5.174596e-04 -2.780001e-01 5.250000e-01 5.000000e-01 0.000000e+00
6.287117e-03 4.822015e-04 -2.780001e-01 5.750000e-01 5.000000e-01 0.000000e+00
7.108977e-03 5.103965e-04 -2.780001e-01 6.250000e-01 5.000000e-01 0.000000e+00
6.945224e-03 5.038613e-04 -2.780001e-01 6.750000e-01 5.000000e-01 0.000000e+00
5.935851e-03 4.663662e-04 -2.780001e-01 7.250000e-01 5.000000e-01 0.000000e+00
6.945408e-03 5.012437e-04 -2.780001e-01 7.750000e-01 5.000000e-01 0.000000e+00
5.376159e-03 4.360657e-04 -2.780001e-01 8.250000e-01 5.000000e-01 0.000000e+00
5.173546e-03 4.252645e-04 -2.780001e-01 8.750000e-01 5.000000e-01 0.000000e+00
5.106571e-03 4.226245e-04 -2.780001e-01 9.250000e-01 5.000000e-01 0.000000e+00
4.117406e-03 3.790397e-04 -2.780001e-01 9.750000e-01 5.000000e-01 0.000000e+00
3.787150e-03 3.644204e-04 -2.780001e-01 1.025000e+00 5.000000e-01 0.000000e+00
3.113198e-03 3.281614e-04 -2.780001e-01 1.075000e+00 5.000000e-01 0.000000e+00
3.606182e-03 3.502653e-04 -2.780001e-01 1.125000e+00 5.000000e-01 0.000000e+00
2.384512e-03 2.850050e-04 -2.780001e-01 1.175000e+00 5.000000e-01 0.000000e+00
2.204600e-03 2.713691e-04 -2.780001e-01 1.225000e+00 5.000000e-01 0.000000e+00
1.872210e-03 2.458347e-04 -2.780001e-01 1.275000e+00 5.000000e-01 0.000000e+00
1.864402e-03 2.406952e-04 -2.780001e-01 1.325000e+00 5.000000e-01 0.000000e+00
1.058675e-03 1.815626e-04 -2.780001e-01 1.375000e+00 5.000000e-01 0.000000e+00
1.252722e-03 1.980740e-04 -2.780001e-01 1.425000e+00 5.000000e-01 0.000000e+00
9.381034e-04 1.712740e-04 -2.780001e-01 1.475000e+00 5.000000e-01 0.000000e+00
1.123171e-03 1.871968e-04 -2.780001e-01 1.525000e+00 5.000000e-01 0.000000e+00
6.811452e-04 1.452220e-04 -2.780001e-01 1.575000e+00 5.000000e-01 0.000000e+00
6.173661e-04 1.380487e-04 -2.780001e-01 1.625000e+00 5.000000e-01 0.000000e+00
5.450205e-04 1.284638e-04 -2.780001e-01 1.675000e+00 5.000000e-01 0.000000e+00
6.001637e-04 1.342023e-04 -2.780001e-01 1.725000e+00 5.000000e-01 0.000000e+00
4.735105e-04 1.183798e-04 -2.780001e-01 1.775000e+00 5.000000e-01 0.000000e+00
7.576219e-04 1.485830e-04 -2.780001e-01 1.825000e+00 5.000000e-01 0.000000e+00
6.343267e-04 1.352409e-04 -2.780001e-01 1.875000e+00 5.000000e-01 0.000000e+00
6.797382e-04 1.387526e-04 -2.780001e-01 1.925000e+00 5.000000e-01 0.000000e+00
3.882623e-04 1.037698e-04 -2.780001e-01 1.975000e+00 5.000000e-01 0.000000e+00
8.917844e-04 1.576496e-04 -2.780001e-01 2.025000e+00 5.000000e-01 0.000000e+00
3.834268e-04 1.024763e-04 -2.780001e-01 2.075000e+00 5.000000e-01 0.000000e+00
5.494686e-04 1.228663e-04 -2.780001e-01 2.125000e+00 5.000000e-01 0.000000e+00
4.901313e-04 1.155276e-04 -2.780001e-01 2.175000e+00 5.000000e-01 0.000000e+00
3.818812e-04 1.020629e-04 -2.780001e-01 2.225000e+00 5.000000e-01 0.000000e+00
3.761489e-04 1.005305e-04 -2.780001e-01 2.275000e+00 5.000000e-01 0.000000e+00
5.386996e-04 1.204614e-04 -2.780001e-01 2.325000e+00 5.000000e-01 0.000000e+00
4.847563e-04 1.142601e-04 -2.780001e-01 2.375000e+00 5.000000e-01 0.000000e+00
2.622523e-04 8.293355e-05 -2.780001e-01 2.425000e+00 5.000000e-01 0.000000e+00
5.663111e-04 1.207409e-04 -2.780001e-01 2.475000e+00 5.000000e-01 0.000000e+00
2.492420e-04 7.882023e-05 -2.780001e-01 2.525000e+00 5.000000e-01 0.000000e+00
1.453547e-04 5.934361e-05 -2.780001e-01 2.575000e+00 5.000000e-01 0.000000e+00
3.382012e-04 9.039472e-05 -2.780001e-01 2.625000e+00 5.000000e-01 0.000000e+00
7.276782e-04 1.328645e-04 -2.780001e-01 2.675000e+00 5.000000e-01 0.000000e+00
1.127641e-03 1.662732e-04 -2.780001e-01 2.725000e+00 5.000000e-01 0.000000e+00
5.779713e-04 1.179902e-04 -2.780001e-01 2.775000e+00 5.000000e-01 0.000000e+00
9.418639e-04 1.453503e-04 -2.780001e-01 2.825000e+00 5.000000e-01 0.000000e+00
1.072608e-03 1.487710e-04 -2.780001e-01 2.875000e+00 5.000000e-01 0.000000e+00
4.890512e-01 4.393945e-03 -2.680001e-01 2.500000e-02 5.000000e-01 0.000000e+00
8.739498e-02 1.851525e-03 -2.680001e-01 7.500000e-02 5.000000e-01 0.000000e+00
1.183396e-02 6.832356e-04 -2.680001e-01 1.250000e-01 5.000000e-01 0.000000e+00
1.062879e-02 6.468495e-04 -2.680001e-01 1.750000e-01 5.000000e-01 0.000000e+00
9.098547e-03 5.922666e-04 -2.680001e-01 2.250000e-01 5.000000e-01 0.000000e+00
1.005642e-02 6.189312e-04 -2.680001e-01 2.750000e-01 5.000000e-01 0.000000e+00
7.658642e-03 5.388617e-04 -2.680001e-01 3.250000e-01 5.000000e-01 0.000000e+00
1.057819e-02 6.299238e-04 -2.680001e-01 3.750000e-01 5.000000e-01 0.000000e+00
8.581493e-03 5.634045e-04 -2.680001e-01 4.250000e-01 5.000000e-01 0.000000e+00
8.940666e-03 5.747294e-04 -2.680001e-01 4.750000e-01 5.000000e-01 0.000000e+00
6.644178e-03 4.952294e-04 -2.680001e-01 5.250000e-01 5.000000e-01 0.000000e+00
6.954220e-03 5.045137e-04 -2.680001e-01 5.750000e-01 5.000000e-01 0.000000e+00
5.327002e-03 4.408673e-04 -2.680001e-01 6.250000e-01 5.000000e-01 0.000000e+00
5.624110e-03 4.532053e-04 -2.680001e-01 6.750000e-01 5.000000e-01 0.000000e+00
5.112450e-03 4.320825e-04 -2.680001e-01 7.250000e-01 5.000000e-01 0.000000e+00
4.376561e-03 3.962367e-04 -2.680001e-01 7.750000e-01 5.000000e-01 0.000000e+00
4.977267e-03 4.176846e-04 -2.680001e-01 8.250000e-01 5.000000e-01 0.000000e+00
5.230705e-03 4.270872e-04 -2.680001e-01 8.750000e-01 5.000000e-01 0.000000e+00
3.000953e-03 3.236025e-04 -2.680001e-01 9.250000e-01 5.000000e-01 0.000000e+00
4.886230e-03 4.129634e-04 -2.680001e-01 9.750000e-01 5.000000e-01 0.000000e+00
2.939502e-03 3.207276e-04 -2.680001e-01 1.025000e+00 5.000000e-01 0.000000e+00
3.342204e-03 3.411138e-04 -2.680001e-01 1.075000e+00 5.000000e-01 0.000000e+00
2.125821e-03 2.699811e-04 -2.680001e-01 1.125000e+00 5.000000e-01 0.000000e+00
2.826650e-03 3.084145e-04 -2.680001e-01 1.175000e+00 5.000000e-01 0.000000e+00
2.737415e-03 3.022989e-04 -2.680001e-01 1.225000e+00 5.000000e-01 0.000000e+00
2.009844e-03 2.594713e-04 -2.680001e-01 1.275000e+00 5.000000e-01 0.000000e+00
1.949826e-03 2.517236e-04 -2.680001e-01 1.325000e+00 5.000000e-01 0.000000e+00
1.984718e-03 2.480909e-04 -2.680001e-01 1.375000e+00 5.000000e-01 0.000000e+00
1.389469e-03 2.048676e-04 -2.680001e-01 1.425000e+00 5.000000e-01 0.000000e+00
9.167743e-04 1.673804e-04 -2.680001e-01 1.475000e+00 5.000000e-01 0.000000e+00
9.881783e-04 1.746880e-04 -2.680001e-01 1.525000e+00 5.000000e-01 0.000000e+00
7.373127e-04 1.505044e-04 -2.680001e-01 1.575000e+00 5.000000e-01 0.000000e+00
6.053530e-04 1.353621e-04 -2.680001e-01 1.625000e+00 5.000000e-01 0.000000e+00
5.408852e-04 1.274889e-04 -2.680001e-01 1.675000e+00 5.000000e-01 0.000000e+00
4.787406e-04 1.196861e-04 -2.680001e-01 1.725000e+00 5.000000e-01 0.000000e+00
7.091137e-04 1.447487e-04 -2.680001e-01 1.775000e+00 5.000000e-01 0.000000e+00
5.803400e-04 1.297688e-04 -2.680001e-01 1.825000e+00 5.000000e-01 0.000000e+00
2.290079e-04 8.096732e-05 -2.680001e-01 1.875000e+00 5.000000e-01 0.000000e+00
3.395104e-04 9.800953e-05 -2.680001e-01 1.925000e+00 5.000000e-01 0.000000e+00
3.376215e-04 9.746446e-05 -2.680001e-01 1.975000e+00 5.000000e-01 0.000000e+00
2.785609e-04 8.809038e-05 -2.680001e-01 2.025000e+00 5.000000e-01 0.000000e+00
4.453823e-04 1.113486e-04 -2.680001e-01 2.075000e+00 5.000000e-01 0.000000e+00
4.988532e-04 1.175825e-04 -2.680001e-01 2.125000e+00 5.000000e-01 0.000000e+00
3.307669e-04 9.548622e-05 -2.680001e-01 2.175000e+00 5.000000e-01 0.000000e+00
2.199661e-04 7.777125e-05 -2.680001e-01 2.225000e+00 5.000000e-01 0.000000e+00
4.935144e-04 1.163249e-04 -2.680001e-01 2.275000e+00 5.000000e-01 0.000000e+00
5.457188e-04 1.220297e-04 -2.680001e-01 2.325000e+00 5.000000e-01 0.000000e+00
6.454435e-04 1.317546e-04 -2.680001e-01 2.375000e+00 5.000000e-01 0.000000e+00
2.618167e-04 8.279611e-05 -2.680001e-01 2.425000e+00 5.000000e-01 0.000000e+00
3.067442e-04 8.855040e-05 -2.680001e-01 2.475000e+00 5.000000e-01 0.000000e+00
6.419888e-04 1.259096e-04 -2.680001e-01 2.525000e+00 5.000000e-01 0.000000e+00
7.215262e-04 1.317385e-04 -2.680001e-01 2.575000e+00 5.000000e-01 0.000000e+00
7.035011e-04 1.284484e-04 -2.680001e-01 2.625000e+00 5.000000e-01 0.000000e+00
5.626372e-04 1.148544e-04 -2.680001e-01 2.675000e+00 5.000000e-01 0.000000e+00
3.733733e-04 9.334751e-05 -2.680001e-01 2.725000e+00 5.000000e-01 0.000000e+00
9.378144e-04 1.482960e-04 -2.680001e-01 2.775000e+00 5.000000e-01 0.000000e+00
9.637715e-04 1.453064e-04 -2.680001e-01 2.825000e+00 5.000000e-01 0.000000e+00
8.784088e-04 1.324450e-04 -2.680001e-01 2.875000e+00 5.000000e-01 0.000000e+00
4.812420e-01 4.360545e-03 -2.580001e-01 2.500000e-02 5.000000e-01 0.000000e+00
8.793070e-02 1.850458e-03 -2.580001e-01 7.500000e-02 5.000000e-01 0.000000e+00
1.087125e-02 6.496828e-04 -2.580001e-01 1.250000e-01 5.000000e-01 0.000000e+00
1.050321e-02 6.392064e-04 -2.580001e-01 1.750000e-01 5.000000e-01 0.000000e+00
9.505977e-03 6.060806e-04 -2.580001e-01 2.250000e-01 5.000000e-01 0.000000e+00
1.013212e-02 6.212415e-04 -2.580001e-01 2.750000e-01 5.000000e-01 0.000000e+00
8.271790e-03 5.602378e-04 -2.580001e-01 3.250000e-01 5.000000e-01 0.000000e+00
1.016632e-02 6.164254e-04 -2.580001e-01 3.750000e-01 5.000000e-01 0.000000e+00
8.311165e-03 5.528523e-04 -2.580001e-01 4.250000e-01 5.000000e-01 0.000000e+00
7.845484e-03 5.338194e-04 -2.580001e-01 4.750000e-01 5.000000e-01 0.000000e+00
7.648695e-03 5.278119e-04 -2.580001e-01 5.250000e-01 5.000000e-01 0.000000e+00
6.199136e-03 4.754539e-04 -2.580001e-01 5.750000e-01 5.000000e-01 0.000000e+00
6.473612e-03 4.852192e-04 -2.580001e-01 6.250000e-01 5.000000e-01 0.000000e+00
5.439476e-03 4.441327e-04 -2.580001e-01 6.750000e-01 5.000000e-01 0.000000e+00
6.403472e-03 4.826816e-04 -2.580001e-01 7.250000e-01 5.000000e-01 0.000000e+00
6.571321e-03 4.844460e-04 -2.580001e-01 7.750000e-01 5.000000e-01 0.000000e+00
4.619326e-03 4.020620e-04 -2.580001e-01 8.250000e-01 5.000000e-01 0.000000e+00
5.365186e-03 4.323408e-04 -2.580001e-01 8.750000e-01 5.000000e-01 0.000000e+00
3.910675e-03 3.695258e-04 -2.580001e-01 9.250000e-01 5.000000e-01 0.000000e+00
4.474769e-03 3.955191e-04 -2.580001e-01 9.750000e-01 5.000000e-01 0.000000e+00
3.789126e-03 3.646103e-04 -2.580001e-01 1.025000e+00 5.000000e-01 0.000000e+00
2.841688e-03 3.138134e-04 -2.580001e-01 1.075000e+00 5.000000e-01 0.000000e+00
3.127588e-03 3.260755e-04 -2.580001e-01 1.125000e+00 5.000000e-01 0.000000e+00
2.539034e-03 2.912490e-04 -2.580001e-01 1.175000e+00 5.000000e-01 0.000000e+00
2.065931e-03 2.623746e-04 -2.580001e-01 1.225000e+00 5.000000e-01 0.000000e+00
2.253035e-03 2.732225e-04 -2.580001e-01 1.275000e+00 5.000000e-01 0.000000e+00
1.059509e-03 1.872979e-04 -2.580001e-01 1.325000e+00 5.000000e-01 0.000000e+00
1.351145e-03 2.084875e-04 -2.580001e-01 1.375000e+00 5.000000e-01 0.000000e+00
1.543937e-03 2.183476e-04 -2.580001e-01 1.425000e+00 5.000000e-01 0.000000e+00
1.009909e-03 1.731986e-04 -2.580001e-01 1.475000e+00 5.000000e-01 0.000000e+00
7.797135e-04 1.529151e-04 -2.580001e-01 1.525000e+00 5.000000e-01 0.000000e+00
8.381812e-04 1.584023e-04 -2.580001e-01 1.575000e+00 5.000000e-01 0.000000e+00
1.434649e-03 2.070757e-04 -2.580001e-01 1.625000e+00 5.000000e-01 0.000000e+00
7.830098e-04 1.535625e-04 -2.580001e-01 1.675000e+00 5.000000e-01 0.000000e+00
7.668357e-04 1.503895e-04 -2.580001e-01 1.725000e+00 5.000000e-01 0.000000e+00
1.103198e-03 1.789641e-04 -2.580001e-01 1.775000e+00 5.000000e-01 0.000000e+00
4.060753e-04 1.085293e-04 -2.580001e-01 1.825000e+00 5.000000e-01 0.000000e+00
3.991098e-04 1.066673e-04 -2.580001e-01 1.875000e+00 5.000000e-01 0.000000e+00
6.771337e-04 1.382218e-04 -2.580001e-01 1.925000e+00 5.000000e-01 0.000000e+00
5.674987e-04 1.268985e-04 -2.580001e-01 1.975000e+00 5.000000e-01 0.000000e+00
5.057275e-04 1.192027e-04 -2.580001e-01 2.025000e+00 5.000000e-01 0.000000e+00
3.936499e-04 1.052093e-04 -2.580001e-01 2.075000e+00 5.000000e-01 0.000000e+00
6.166205e-04 1.314668e-04 -2.580001e-01 2.125000e+00 5.000000e-01 0.000000e+00
6.702932e-04 1.368256e-04 -2.580001e-01 2.175000e+00 5.000000e-01 0.000000e+00
5.025302e-04 1.184492e-04 -2.580001e-01 2.225000e+00 5.000000e-01 0.000000e+00
3.351206e-04 9.674390e-05 -2.580001e-01 2.275000e+00 5.000000e-01 0.000000e+00
4.916141e-04 1.158774e-04 -2.580001e-01 2.325000e+00 5.000000e-01 0.000000e+00
3.204418e-04 9.250499e-05 -2.580001e-01 2.375000e+00 5.000000e-01 0.000000e+00
5.719361e-04 1.219423e-04 -2.580001e-01 2.425000e+00 5.000000e-01 0.000000e+00
4.563993e-04 1.075769e-04 -2.580001e-01 2.475000e+00 5.000000e-01 0.000000e+00
7.343928e-04 1.340859e-04 -2.580001e-01 2.525000e+00 5.000000e-01 0.000000e+00
5.252636e-04 1.119892e-04 -2.580001e-01 2.575000e+00 5.000000e-01 0.000000e+00
3.698076e-04 9.245399e-05 -2.580001e-01 2.625000e+00 5.000000e-01 0.000000e+00
4.522571e-04 1.011319e-04 -2.580001e-01 2.675000e+00 5.000000e-01 0.000000e+00
5.846537e-04 1.146678e-04 -2.580001e-01 2.725000e+00 5.000000e-01 0.000000e+00
6.130899e-04 1.158728e-04 -2.580001e-01 2.775000e+00 5.000000e-01 0.000000e+00
9.777720e-04 1.441746e-04 -2.580001e-01 2.825000e+00 5.000000e-01 0.000000e+00
1.225883e-03 1.532530e-04 -2.580001e-01 2.875000e+00 5.000000e-01 0.000000e+00
4.837284e-01 4.335983e-03 -2.480001e-01 2.500000e-02 5.000000e-01 0.000000e+00
8.514138e-02 1.821027e-03 -2.480001e-01 7.500000e-02 5.000000e-01 0.000000e+00
1.183528e-02 6.743791e-04 -2.480001e-01 1.250000e-01 5.000000e-01 0.000000e+00
9.590288e-03 6.065443e-04 -2.480001e-01 1.750000e-01 5.000000e-01 0.000000e+00
1.023219e-02 6.273774e-04 -2.480001e-01 2.250000e-01 5.000000e-01 0.000000e+00
8.388291e-03 5.681284e-04 -2.480001e-01 2.750000e-01 5.000000e-01 0.000000e+00
1.011343e-02 6.200961e-04 -2.480001e-01 3.250000e-01 5.000000e-01 0.000000e+00
8.527512e-03 5.647499e-04 -2.480001e-01 3.750000e-01 5.000000e-01 0.000000e+00
7.973863e-03 5.425544e-04 -2.480001e-01 4.250000e-01 5.000000e-01 0.000000e+00
6.606638e-03 4.870490e-04 -2.480001e-01 4.750000e-01 5.000000e-01 0.000000e+00
6.658038e-03 4.881924e-04 -2.480001e-01 5.250000e-01 5.000000e-01 0.000000e+00
6.890831e-03 4.973049e-04 -2.480001e-01 5.750000e-01 5.000000e-01 0.000000e+00
6.670012e-03 4.917215e-04 -2.480001e-01 6.250000e-01 5.000000e-01 0.000000e+00
6.145449e-03 4.713357e-04 -2.480001e-01 6.750000e-01 5.000000e-01 0.000000e+00
6.285080e-03 4.764724e-04 -2.480001e-01 7.250000e-01 5.000000e-01 0.000000e+00
4.854857e-03 4.163020e-04 -2.480001e-01 7.750000e-01 5.000000e-01 0.000000e+00
5.735357e-03 4.478578e-04 -2.480001e-01 8.250000e-01 5.000000e-01 0.000000e+00
4.387688e-03 3.908878e-04 -2.480001e-01 8.750000e-01 5.000000e-01 0.000000e+00
4.747139e-03 4.070653e-04 -2.480001e-01 9.250000e-01 5.000000e-01 0.000000e+00
3.903631e-03 3.688601e-04 -2.480001e-01 9.750000e-01 5.000000e-01 0.000000e+00
3.716270e-03 3.609578e-04 -2.480001e-01 1.025000e+00 5.000000e-01 0.000000e+00
2.963000e-03 3.195101e-04 -2.480001e-01 1.075000e+00 5.000000e-01 0.000000e+00
3.186493e-03 3.286631e-04 -2.480001e-01 1.125000e+00 5.000000e-01 0.000000e+00
1.865929e-03 2.493463e-04 -2.480001e-01 1.175000e+00 5.000000e-01 0.000000e+00
2.060964e-03 2.617444e-04 -2.480001e-01 1.225000e+00 5.000000e-01 0.000000e+00
2.384099e-03 2.809709e-04 -2.480001e-01 1.275000e+00 5.000000e-01 0.000000e+00
2.042147e-03 2.593544e-04 -2.480001e-01 1.325000e+00 5.000000e-01 0.000000e+00
1.281619e-03 2.026435e-04 -2.480001e-01 1.375000e+00 5.000000e-01 0.000000e+00
6.348391e-04 1.419553e-04 -2.480001e-01 1.425000e+00 5.000000e-01 0.000000e+00
1.058630e-03 1.815549e-04 -2.480001e-01 1.475000e+00 5.000000e-01 0.000000e+00
1.544989e-03 2.142524e-04 -2.480001e-01 1.525000e+00 5.000000e-01 0.000000e+00
6.964072e-04 1.421548e-04 -2.480001e-01 1.575000e+00 5.000000e-01 0.000000e+00
5.241099e-04 1.235345e-04 -2.480001e-01 1.625000e+00 5.000000e-01 0.000000e+00
8.257065e-04 1.560451e-04 -2.480001e-01 1.675000e+00 5.000000e-01 0.000000e+00
1.056724e-03 1.761230e-04 -2.480001e-01 1.725000e+00 5.000000e-01 0.000000e+00
9.254266e-04 1.635958e-04 -2.480001e-01 1.775000e+00 5.000000e-01 0.000000e+00
5.758995e-04 1.287770e-04 -2.480001e-01 1.825000e+00 5.000000e-01 0.000000e+00
3.993157e-04 1.067231e-04 -2.480001e-01 1.875000e+00 5.000000e-01 0.000000e+00
3.994421e-04 1.067568e-04 -2.480001e-01 1.925000e+00 5.000000e-01 0.000000e+00
5.130027e-04 1.209180e-04 -2.480001e-01 1.975000e+00 5.000000e-01 0.000000e+00
7.417265e-04 1.454672e-04 -2.480001e-01 2.025000e+00 5.000000e-01 0.000000e+00
5.673693e-04 1.268705e-04 -2.480001e-01 2.075000e+00 5.000000e-01 0.000000e+00
5.651130e-05 3.995953e-05 -2.480001e-01 2.125000e+00 5.000000e-01 0.000000e+00
4.526167e-04 1.131579e-04 -2.480001e-01 2.175000e+00 5.000000e-01 0.000000e+00
3.976270e-04 1.062727e-04 -2.480001e-01 2.225000e+00 5.000000e-01 0.000000e+00
6.159499e-04 1.313250e-04 -2.480001e-01 2.275000e+00 5.000000e-01 0.000000e+00
2.204235e-04 7.793259e-05 -2.480001e-01 2.325000e+00 5.000000e-01 0.000000e+00
4.261348e-04 1.065366e-04 -2.480001e-01 2.375000e+00 5.000000e-01 0.000000e+00
2.591097e-04 8.194059e-05 -2.480001e-01 2.425000e+00 5.000000e-01 0.000000e+00
6.053110e-04 1.235632e-04 -2.480001e-01 2.475000e+00 5.000000e-01 0.000000e+00
3.926721e-04 9.817230e-05 -2.480001e-01 2.525000e+00 5.000000e-01 0.000000e+00
6.604694e-04 1.248210e-04 -2.480001e-01 2.575000e+00 5.000000e-01 0.000000e+00
5.054273e-04 1.077615e-04 -2.480001e-01 2.625000e+00 5.000000e-01 0.000000e+00
6.211034e-04 1.173870e-04 -2.480001e-01 2.675000e+00 5.000000e-01 0.000000e+00
8.572305e-04 1.355493e-04 -2.480001e-01 2.725000e+00 5.000000e-01 0.000000e+00
6.979107e-04 1.197010e-04 -2.480001e-01 2.775000e+00 5.000000e-01 0.000000e+00
9.928598e-04 1.404270e-04 -2.480001e-01 2.825000e+00 5.000000e-01 0.000000e+00
8.454195e-04 1.246682e-04 -2.480001e-01 2.875000e+00 5.000000e-01 0.000000e+00
4.760271e-01 4.261135e-03 -2.380001e-01 2.500000e-02 5.000000e-01 0.000000e+00
8.605702e-02 1.812634e-03 -2.380001e-01 7.500000e-02 5.000000e-01 0.000000e+00
1.218383e-02 6.853958e-04 -2.380001e-01 1.250000e-01 5.000000e-01 0.000000e+00
9.690138e-03 6.104229e-04 -2.380001e-01 1.750000e-01 5.000000e-01 0.000000e+00
1.056840e-02 6.361445e-04 -2.380001e-01 2.250000e-01 5.000000e-01 0.000000e+00
1.022799e-02 6.247758e-04 -2.380001e-01 2.750000e-01 5.000000e-01 0.000000e+00
9.528704e-03 6.026496e-04 -2.380001e-01 3.250000e-01 5.000000e-01 0.000000e+00
9.560429e-03 5.929145e-04 -2.380001e-01 3.750000e-01 5.000000e-01 0.000000e+00
8.758304e-03 5.653479e-04 -2.380001e-01 4.250000e-01 5.000000e-01 0.000000e+00
8.808772e-03 5.662508e-04 -2.380001e-01 4.750000e-01 5.000000e-01 0.000000e+00
7.060985e-03 5.043575e-04 -2.380001e-01 5.250000e-01 5.000000e-01 0.000000e+00
6.429223e-03 4.792079e-04 -2.380001e-01 5.750000e-01 5.000000e-01 0.000000e+00
6.793821e-03 4.928773e-04 -2.380001e-01 6.250000e-01 5.000000e-01 0.000000e+00
6.737685e-03 4.913981e-04 -2.380001e-01 6.750000e-01 5.000000e-01 0.000000e+00
5.183766e-03 4.319819e-04 -2.380001e-01 7.250000e-01 5.000000e-01 0.000000e+00
6.264888e-03 4.722356e-04 -2.380001e-01 7.750000e-01 5.000000e-01 0.000000e+00
4.872430e-03 4.117972e-04 -2.380001e-01 8.250000e-01 5.000000e-01 0.000000e+00
6.533470e-03 4.765040e-04 -2.380001e-01 8.750000e-01 5.000000e-01 0.000000e+00
4.809234e-03 4.093908e-04 -2.380001e-01 9.250000e-01 5.000000e-01 0.000000e+00
3.691007e-03 3.585036e-04 -2.380001e-01 9.750000e-01 5.000000e-01 0.000000e+00
3.219167e-03 3.356233e-04 -2.380001e-01 1.025000e+00 5.000000e-01 0.000000e+00
3.489555e-03 3.455189e-04 -2.380001e-01 1.075000e+00 5.000000e-01 0.000000e+00
2.564676e-03 2.941898e-04 -2.380001e-01 1.125000e+00 5.000000e-01 0.000000e+00
1.458558e-03 2.198868e-04 -2.380001e-01 1.175000e+00 5.000000e-01 0.000000e+00
2.188020e-03 2.693280e-04 -2.380001e-01 1.225000e+00 5.000000e-01 0.000000e+00
1.586118e-03 2.289375e-04 -2.380001e-01 1.275000e+00 5.000000e-01 0.000000e+00
1.886041e-03 2.476508e-04 -2.380001e-01 1.325000e+00 5.000000e-01 0.000000e+00
1.723464e-03 2.345350e-04 -2.380001e-01 1.375000e+00 5.000000e-01 0.000000e+00
1.139820e-03 1.899712e-04 -2.380001e-01 1.425000e+00 5.000000e-01 0.000000e+00
1.015403e-03 1.795004e-04 -2.380001e-01 1.475000e+00 5.000000e-01 0.000000e+00
8.001705e-04 1.569281e-04 -2.380001e-01 1.525000e+00 5.000000e-01 0.000000e+00
1.472195e-03 2.082014e-04 -2.380001e-01 1.575000e+00 5.000000e-01 0.000000e+00
8.530396e-04 1.557440e-04 -2.380001e-01 1.625000e+00 5.000000e-01 0.000000e+00
5.733438e-04 1.282042e-04 -2.380001e-01 1.675000e+00 5.000000e-01 0.000000e+00
8.030990e-04 1.517733e-04 -2.380001e-01 1.725000e+00 5.000000e-01 0.000000e+00
4.603428e-04 1.150874e-04 -2.380001e-01 1.775000e+00 5.000000e-01 0.000000e+00
5.738054e-04 1.283085e-04 -2.380001e-01 1.825000e+00 5.000000e-01 0.000000e+00
5.756218e-04 1.287144e-04 -2.380001e-01 1.875000e+00 5.000000e-01 0.000000e+00
6.335767e-04 1.350813e-04 -2.380001e-01 1.925000e+00 5.000000e-01 0.000000e+00
7.448307e-04 1.460747e-04 -2.380001e-01 1.975000e+00 5.000000e-01 0.000000e+00
5.751705e-04 1.286141e-04 -2.380001e-01 2.025000e+00 5.000000e-01 0.000000e+00
5.181599e-04 1.221346e-04 -2.380001e-01 2.075000e+00 5.000000e-01 0.000000e+00
6.390204e-04 1.362414e-04 -2.380001e-01 2.125000e+00 5.000000e-01 0.000000e+00
5.180014e-04 1.220957e-04 -2.380001e-01 2.175000e+00 5.000000e-01 0.000000e+00
1.704110e-04 6.957154e-05 -2.380001e-01 2.225000e+00 5.000000e-01 0.000000e+00
1.669389e-04 6.815413e-05 -2.380001e-01 2.275000e+00 5.000000e-01 0.000000e+00
4.326809e-04 1.081746e-04 -2.380001e-01 2.325000e+00 5.000000e-01 0.000000e+00
5.806396e-04 1.237952e-04 -2.380001e-01 2.375000e+00 5.000000e-01 0.000000e+00
3.607261e-04 9.641126e-05 -2.380001e-01 2.425000e+00 5.000000e-01 0.000000e+00
3.506657e-04 9.372291e-05 -2.380001e-01 2.475000e+00 5.000000e-01 0.000000e+00
5.858741e-04 1.195962e-04 -2.380001e-01 2.525000e+00 5.000000e-01 0.000000e+00
6.590528e-04 1.245523e-04 -2.380001e-01 2.575000e+00 5.000000e-01 0.000000e+00
4.990295e-04 1.063991e-04 -2.380001e-01 2.625000e+00 5.000000e-01 0.000000e+00
9.138501e-04 1.410177e-04 -2.380001e-01 2.675000e+00 5.000000e-01 0.000000e+00
5.330842e-04 1.045510e-04 -2.380001e-01 2.725000e+00 5.000000e-01 0.000000e+00
7.075333e-04 1.179309e-04 -2.380001e-01 2.775000e+00 5.000000e-01 0.000000e+00
9.585019e-04 1.329332e-04 -2.380001e-01 2.825000e+00 5.000000e-01 0.000000e+00
1.234091e-03 1.475212e-04 -2.380001e-01 2.875000e+00 5.000000e-01 0.000000e+00
4.844995e-01 4.316788e-03 -2.280001e-01 2.500000e-02 5.000000e-01 0.000000e+00
8.184351e-02 1.765085e-03 -2.280001e-01 7.500000e-02 5.000000e-01 0.000000e+00
1.150028e-02 6.617683e-04 -2.280001e-01 1.250000e-01 5.000000e-01 0.000000e+00
1.016121e-02 6.206961e-04 -2.280001e-01 1.750000e-01 5.000000e-01 0.000000e+00
1.101021e-02 6.487847e-04 -2.280001e-01 2.250000e-01 5.000000e-01 0.000000e+00
7.807652e-03 5.439863e-04 -2.280001e-01 2.750000e-01 5.000000e-01 0.000000e+00
8.919087e-03 5.781401e-04 -2.280001e-01 3.250000e-01 5.000000e-01 0.000000e+00
8.311178e-03 5.553155e-04 -2.280001e-01 3.750000e-01 5.000000e-01 0.000000e+00
6.784785e-03 4.974862e-04 -2.280001e-01 4.250000e-01 5.000000e-01 0.000000e+00
6.746611e-03 4.946870e-04 -2.280001e-01 4.750000e-01 5.000000e-01 0.000000e+00
6.586569e-03 4.882306e-04 -2.280001e-01 5.250000e-01 5.000000e-01 0.000000e+00
7.502721e-03 5.202217e-04 -2.280001e-01 5.750000e-01 5.000000e-01 0.000000e+00
7.188055e-03 5.057516e-04 -2.280001e-01 6.250000e-01 5.000000e-01 0.000000e+00
6.329170e-03 4.743933e-04 -2.280001e-01 6.750000e-01 5.000000e-01 0.000000e+00
4.594333e-03 4.029511e-04 -2.280001e-01 7.250000e-01 5.000000e-01 0.000000e+00
6.460855e-03 4.763025e-04 -2.280001e-01 7.750000e-01 5.000000e-01 0.000000e+00
6.235092e-03 4.673419e-04 -2.280001e-01 8.250000e-01 5.000000e-01 0.000000e+00
4.027819e-03 3.739750e-04 -2.280001e-01 8.750000e-01 5.000000e-01 0.000000e+00
4.945548e-03 4.150229e-04 -2.280001e-01 9.250000e-01 5.000000e-01 0.000000e+00
3.826798e-03 3.648721e-04 -2.280001e-01 9.750000e-01 5.000000e-01 0.000000e+00
3.059208e-03 3.261144e-04 -2.280001e-01 1.025000e+00 5.000000e-01 0.000000e+00
3.130470e-03 3.263753e-04 -2.280001e-01 1.075000e+00 5.000000e-01 0.000000e+00
2.676888e-03 2.992868e-04 -2.280001e-01 1.125000e+00 5.000000e-01 0.000000e+00
2.638481e-03 2.949926e-04 -2.280001e-01 1.175000e+00 5.000000e-01 0.000000e+00
1.984815e-03 2.562396e-04 -2.280001e-01 1.225000e+00 5.000000e-01 0.000000e+00
1.511985e-03 2.229315e-04 -2.280001e-01 1.275000e+00 5.000000e-01 0.000000e+00
1.486322e-03 2.191475e-04 -2.280001e-01 1.325000e+00 5.000000e-01 0.000000e+00
1.147048e-03 1.911759e-04 -2.280001e-01 1.375000e+00 5.000000e-01 0.000000e+00
1.457391e-03 2.148823e-04 -2.280001e-01 1.425000e+00 5.000000e-01 0.000000e+00
1.256082e-03 1.986053e-04 -2.280001e-01 1.475000e+00 5.000000e-01 0.000000e+00
1.428861e-03 2.106760e-04 -2.280001e-01 1.525000e+00 5.000000e-01 0.000000e+00
7.885979e-04 1.546588e-04 -2.280001e-01 1.575000e+00 5.000000e-01 0.000000e+00
5.885126e-04 1.315964e-04 -2.280001e-01 1.625000e+00 5.000000e-01 0.000000e+00
1.010580e-03 1.684322e-04 -2.280001e-01 1.675000e+00 5.000000e-01 0.000000e+00
7.847358e-04 1.483027e-04 -2.280001e-01 1.725000e+00 5.000000e-01 0.000000e+00
4.544494e-04 1.136132e-04 -2.280001e-01 1.775000e+00 5.000000e-01 0.000000e+00
4.580062e-04 1.145026e-04 -2.280001e-01 1.825000e+00 5.000000e-01 0.000000e+00
6.379924e-04 1.360218e-04 -2.280001e-01 1.875000e+00 5.000000e-01 0.000000e+00
4.625991e-04 1.156510e-04 -2.280001e-01 1.925000e+00 5.000000e-01 0.000000e+00
3.473234e-04 1.002647e-04 -2.280001e-01 1.975000e+00 5.000000e-01 0.000000e+00
4.655170e-04 1.163803e-04 -2.280001e-01 2.025000e+00 5.000000e-01 0.000000e+00
5.781520e-04 1.292806e-04 -2.280001e-01 2.075000e+00 5.000000e-01 0.000000e+00
5.288140e-04 1.246455e-04 -2.280001e-01 2.125000e+00 5.000000e-01 0.000000e+00
3.474170e-04 1.002917e-04 -2.280001e-01 2.175000e+00 5.000000e-01 0.000000e+00
4.533562e-04 1.133415e-04 -2.280001e-01 2.225000e+00 5.000000e-01 0.000000e+00
3.875177e-04 1.035701e-04 -2.280001e-01 2.275000e+00 5.000000e-01 0.000000e+00
5.935635e-04 1.265521e-04 -2.280001e-01 2.325000e+00 5.000000e-01 0.000000e+00
4.237287e-04 1.059364e-04 -2.280001e-01 2.375000e+00 5.000000e-01 0.000000e+00
5.172797e-04 1.156712e-04 -2.280001e-01 2.425000e+00 5.000000e-01 0.000000e+00
5.982639e-04 1.221234e-04 -2.280001e-01 2.475000e+00 5.000000e-01 0.000000e+00
3.389713e-04 9.059604e-05 -2.280001e-01 2.525000e+00 5.000000e-01 0.000000e+00
4.232449e-04 9.976628e-05 -2.280001e-01 2.575000e+00 5.000000e-01 0.000000e+00
4.085024e-04 9.628815e-05 -2.280001e-01 2.625000e+00 5.000000e-01 0.000000e+00
5.114846e-04 1.044137e-04 -2.280001e-01 2.675000e+00 5.000000e-01 0.000000e+00
7.118288e-04 1.186482e-04 -2.280001e-01 2.725000e+00 5.000000e-01 0.000000e+00
8.433885e-04 1.243641e-04 -2.280001e-01 2.775000e+00 5.000000e-01 0.000000e+00
9.009127e-04 1.249448e-04 -2.280001e-01 2.825000e+00 5.000000e-01 0.000000e+00
1.261304e-03 1.466403e-04 -2.280001e-01 2.875000e+00 5.000000e-01 0.000000e+00
4.577517e-01 4.175039e-03 -2.180001e-01 2.500000e-02 5.000000e-01 0.000000e+00
8.471412e-02 1.789915e-03 -2.180001e-01 7.500000e-02 5.000000e-01 0.000000e+00
1.033472e-02 6.243451e-04 -2.180001e-01 1.250000e-01 5.000000e-01 0.000000e+00
1.104830e-02 6.465547e-04 -2.180001e-01 1.750000e-01 5.000000e-01 0.000000e+00
9.956285e-03 6.127686e-04 -2.180001e-01 2.250000e-01 5.000000e-01 0.000000e+00
8.555247e-03 5.690879e-04 -2.180001e-01 2.750000e-01 5.000000e-01 0.000000e+00
1.008717e-02 6.138875e-04 -2.180001e-01 3.250000e-01 5.000000e-01 0.000000e+00
8.639205e-03 5.647643e-04 -2.180001e-01 3.750000e-01 5.000000e-01 0.000000e+00
8.704465e-03 5.618725e-04 -2.180001e-01 4.250000e-01 5.000000e-01 0.000000e+00
6.498730e-03 4.843880e-04 -2.180001e-01 4.750000e-01 5.000000e-01 0.000000e+00
7.863577e-03 5.325905e-04 -2.180001e-01 5.250000e-01 5.000000e-01 0.000000e+00
7.103288e-03 5.048103e-04 -2.180001e-01 5.750000e-01 5.000000e-01 0.000000e+00
7.094525e-03 5.067534e-04 -2.180001e-01 6.250000e-01 5.000000e-01 0.000000e+00
6.540585e-03 4.848221e-04 -2.180001e-01 6.750000e-01 5.000000e-01 0.000000e+00
5.747433e-03 4.515630e-04 -2.180001e-01 7.250000e-01 5.000000e-01 0.000000e+00
4.496401e-03 3.974310e-04 -2.180001e-01 7.750000e-01 5.000000e-01 0.000000e+00
5.947569e-03 4.534998e-04 -2.180001e-01 8.250000e-01 5.000000e-01 0.000000e+00
5.149310e-03 4.232725e-04 -2.180001e-01 8.750000e-01 5.000000e-01 0.000000e+00
5.278237e-03 4.281232e-04 -2.180001e-01 9.250000e-01 5.000000e-01 0.000000e+00
3.137128e-03 3.306838e-04 -2.180001e-01 9.750000e-01 5.000000e-01 0.000000e+00
3.927852e-03 3.678787e-04 -2.180001e-01 1.025000e+00 5.000000e-01 0.000000e+00
3.375017e-03 3.375034e-04 -2.180001e-01 1.075000e+00 5.000000e-01 0.000000e+00
2.721035e-03 3.004896e-04 -2.180001e-01 1.125000e+00 5.000000e-01 0.000000e+00
1.777112e-03 2.418354e-04 -2.180001e-01 1.175000e+00 5.000000e-01 0.000000e+00
2.245500e-03 2.723084e-04 -2.180001e-01 1.225000e+00 5.000000e-01 0.000000e+00
2.160128e-03 2.658947e-04 -2.180001e-01 1.275000e+00 5.000000e-01 0.000000e+00
1.549879e-03 2.237069e-04 -2.180001e-01 1.325000e+00 5.000000e-01 0.000000e+00
1.528444e-03 2.206136e-04 -2.180001e-01 1.375000e+00 5.000000e-01 0.000000e+00
8.234330e-04 1.614892e-04 -2.180001e-01 1.425000e+00 5.000000e-01 0.000000e+00
9.350563e-04 1.707184e-04 -2.180001e-01 1.475000e+00 5.000000e-01 0.000000e+00
7.433993e-04 1.517472e-04 -2.180001e-01 1.525000e+00 5.000000e-01 0.000000e+00
1.097194e-03 1.828674e-04 -2.180001e-01 1.575000e+00 5.000000e-01 0.000000e+00
9.553423e-04 1.688837e-04 -2.180001e-01 1.625000e+00 5.000000e-01 0.000000e+00
6.986363e-04 1.426108e-04 -2.180001e-01 1.675000e+00 5.000000e-01 0.000000e+00
1.018725e-03 1.697896e-04 -2.180001e-01 1.725000e+00 5.000000e-01 0.000000e+00
5.541090e-04 1.239039e-04 -2.180001e-01 1.775000e+00 5.000000e-01 0.000000e+00
6.768129e-04 1.381560e-04 -2.180001e-01 1.825000e+00 5.000000e-01 0.000000e+00
2.319949e-04 8.202280e-05 -2.180001e-01 1.875000e+00 5.000000e-01 0.000000e+00
4.654513e-04 1.163635e-04 -2.180001e-01 1.925000e+00 5.000000e-01 0.000000e+00
6.474538e-04 1.380401e-04 -2.180001e-01 1.975000e+00 5.000000e-01 0.000000e+00
4.719591e-04 1.179911e-04 -2.180001e-01 2.025000e+00 5.000000e-01 0.000000e+00
2.373000e-04 8.389943e-05 -2.180001e-01 2.075000e+00 5.000000e-01 0.000000e+00
4.099786e-04 1.095730e-04 -2.180001e-01 2.125000e+00 5.000000e-01 0.000000e+00
6.300960e-04 1.343385e-04 -2.180001e-01 2.175000e+00 5.000000e-01 0.000000e+00
2.813497e-04 8.897196e-05 -2.180001e-01 2.225000e+00 5.000000e-01 0.000000e+00
2.752480e-04 8.704168e-05 -2.180001e-01 2.275000e+00 5.000000e-01 0.000000e+00
4.816582e-04 1.135298e-04 -2.180001e-01 2.325000e+00 5.000000e-01 0.000000e+00
3.665102e-04 9.795592e-05 -2.180001e-01 2.375000e+00 5.000000e-01 0.000000e+00
4.080767e-04 1.020228e-04 -2.180001e-01 2.425000e+00 5.000000e-01 0.000000e+00
3.464844e-04 9.260504e-05 -2.180001e-01 2.475000e+00 5.000000e-01 0.000000e+00
2.403784e-04 7.601678e-05 -2.180001e-01 2.525000e+00 5.000000e-01 0.000000e+00
5.102308e-04 1.087872e-04 -2.180001e-01 2.575000e+00 5.000000e-01 0.000000e+00
3.528441e-04 8.821583e-05 -2.180001e-01 2.625000e+00 5.000000e-01 0.000000e+00
5.796292e-04 1.095454e-04 -2.180001e-01 2.675000e+00 5.000000e-01 0.000000e+00
6.099972e-04 1.078392e-04 -2.180001e-01 2.725000e+00 5.000000e-01 0.000000e+00
7.373369e-04 1.137857e-04 -2.180001e-01 2.775000e+00 5.000000e-01 0.000000e+00
6.074184e-04 1.012464e-04 -2.180001e-01 2.825000e+00 5.000000e-01 0.000000e+00
9.818592e-04 1.267755e-04 -2.180001e-01 2.875000e+00 5.000000e-01 0.000000e+00
4.717803e-01 4.223797e-03 -2.080001e-01 2.500000e-02 5.000000e-01 0.000000e+00
7.845123e-02 1.722646e-03 -2.080001e-01 7.500000e-02 5.000000e-01 0.000000e+00
1.187193e-02 6.699738e-04 -2.080001e-01 1.250000e-01 5.000000e-01 0.000000e+00
1.175787e-02 6.656602e-04 -2.080001e-01 1.750000e-01 5.000000e-01 0.000000e+00
9.812148e-03 6.061978e-04 -2.080001e-01 2.250000e-01 5.000000e-01 0.000000e+00
9.769258e-03 6.058653e-04 -2.080001e-01 2.750000e-01 5.000000e-01 0.000000e+00
6.895001e-03 5.055674e-04 -2.080001e-01 3.250000e-01 5.000000e-01 0.000000e+00
9.127159e-03 5.795771e-04 -2.080001e-01 3.750000e-01 5.000000e-01 0.000000e+00
9.291937e-03 5.784925e-04 -2.080001e-01 4.250000e-01 5.000000e-01 0.000000e+00
8.126862e-03 5.382163e-04 -2.080001e-01 4.750000e-01 5.000000e-01 0.000000e+00
7.680535e-03 5.250323e-04 -2.080001e-01 5.250000e-01 5.000000e-01 0.000000e+00
8.287201e-03 5.464437e-04 -2.080001e-01 5.750000e-01 5.000000e-01 0.000000e+00
6.371304e-03 4.802570e-04 -2.080001e-01 6.250000e-01 5.000000e-01 0.000000e+00
6.599138e-03 4.891622e-04 -2.080001e-01 6.750000e-01 5.000000e-01 0.000000e+00
6.203133e-03 4.702598e-04 -2.080001e-01 7.250000e-01 5.000000e-01 0.000000e+00
5.154766e-03 4.266132e-04 -2.080001e-01 7.750000e-01 5.000000e-01 0.000000e+00
4.386376e-03 3.877059e-04 -2.080001e-01 8.250000e-01 5.000000e-01 0.000000e+00
4.049731e-03 3.728094e-04 -2.080001e-01 8.750000e-01 5.000000e-01 0.000000e+00
4.333091e-03 3.829963e-04 -2.080001e-01 9.250000e-01 5.000000e-01 0.000000e+00
3.436159e-03 3.436176e-04 -2.080001e-01 9.750000e-01 5.000000e-01 0.000000e+00
3.015014e-03 3.214030e-04 -2.080001e-01 1.025000e+00 5.000000e-01 0.000000e+00
3.365700e-03 3.365716e-04 -2.080001e-01 1.075000e+00 5.000000e-01 0.000000e+00
3.185432e-03 3.251135e-04 -2.080001e-01 1.125000e+00 5.000000e-01 0.000000e+00
2.112511e-03 2.640652e-04 -2.080001e-01 1.175000e+00 5.000000e-01 0.000000e+00
2.033905e-03 2.583074e-04 -2.080001e-01 1.225000e+00 5.000000e-01 0.000000e+00
2.213720e-03 2.684546e-04 -2.080001e-01 1.275000e+00 5.000000e-01 0.000000e+00
1.290742e-03 2.040854e-04 -2.080001e-01 1.325000e+00 5.000000e-01 0.000000e+00
1.524448e-03 2.200364e-04 -2.080001e-01 1.375000e+00 5.000000e-01 0.000000e+00
1.066115e-03 1.828382e-04 -2.080001e-01 1.425000e+00 5.000000e-01 0.000000e+00
9.940146e-04 1.757194e-04 -2.080001e-01 1.475000e+00 5.000000e-01 0.000000e+00
1.663380e-03 2.263588e-04 -2.080001e-01 1.525000e+00 5.000000e-01 0.000000e+00
1.216995e-03 1.924250e-04 -2.080001e-01 1.575000e+00 5.000000e-01 0.000000e+00
7.107270e-04 1.450790e-04 -2.080001e-01 1.625000e+00 5.000000e-01 0.000000e+00
6.565715e-04 1.399832e-04 -2.080001e-01 1.675000e+00 5.000000e-01 0.000000e+00
5.953998e-04 1.331371e-04 -2.080001e-01 1.725000e+00 5.000000e-01 0.000000e+00
7.978376e-04 1.507783e-04 -2.080001e-01 1.775000e+00 5.000000e-01 0.000000e+00
1.065284e-03 1.728135e-04 -2.080001e-01 1.825000e+00 5.000000e-01 0.000000e+00
7.998424e-04 1.511578e-04 -2.080001e-01 1.875000e+00 5.000000e-01 0.000000e+00
5.802681e-04 1.297524e-04 -2.080001e-01 1.925000e+00 5.000000e-01 0.000000e+00
4.175406e-04 1.115934e-04 -2.080001e-01 1.975000e+00 5.000000e-01 0.000000e+00
4.776627e-04 1.194176e-04 -2.080001e-01 2.025000e+00 5.000000e-01 0.000000e+00
4.160190e-04 1.111879e-04 -2.080001e-01 2.075000e+00 5.000000e-01 0.000000e+00
3.480420e-04 1.004725e-04 -2.080001e-01 2.125000e+00 5.000000e-01 0.000000e+00
2.867776e-04 9.068829e-05 -2.080001e-01 2.175000e+00 5.000000e-01 0.000000e+00
6.146559e-04 1.310477e-04 -2.080001e-01 2.225000e+00 5.000000e-01 0.000000e+00
4.407461e-04 1.101896e-04 -2.080001e-01 2.275000e+00 5.000000e-01 0.000000e+00
3.742057e-04 1.000151e-04 -2.080001e-01 2.325000e+00 5.000000e-01 0.000000e+00
2.604290e-04 8.235688e-05 -2.080001e-01 2.375000e+00 5.000000e-01 0.000000e+00
3.053213e-04 8.814359e-05 -2.080001e-01 2.425000e+00 5.000000e-01 0.000000e+00
5.931243e-04 1.210723e-04 -2.080001e-01 2.475000e+00 5.000000e-01 0.000000e+00
6.686427e-04 1.263671e-04 -2.080001e-01 2.525000e+00 5.000000e-01 0.000000e+00
6.394541e-04 1.208482e-04 -2.080001e-01 2.575000e+00 5.000000e-01 0.000000e+00
7.685970e-04 1.281066e-04 -2.080001e-01 2.625000e+00 5.000000e-01 0.000000e+00
7.169510e-04 1.194996e-04 -2.080001e-01 2.675000e+00 5.000000e-01 0.000000e+00
5.118406e-04 9.673531e-05 -2.080001e-01 2.725000e+00 5.000000e-01 0.000000e+00
7.286097e-04 1.124350e-04 -2.080001e-01 2.775000e+00 5.000000e-01 0.000000e+00
1.087736e-03 1.339043e-04 -2.080001e-01 2.825000e+00 5.000000e-01 0.000000e+00
7.752177e-04 1.119030e-04 -2.080001e-01 2.875000e+00 5.000000e-01 0.000000e+00
4.649653e-01 4.190076e-03 -1.980001e-01 2.500000e-02 5.000000e-01 0.000000e+00
7.691900e-02 1.694731e-03 -1.980001e-01 7.500000e-02 5.000000e-01 0.000000e+00
1.178305e-02 6.670854e-04 -1.980001e-01 1.250000e-01 5.000000e-01 0.000000e+00
9.585324e-03 5.990843e-04 -1.980001e-01 1.750000e-01 5.000000e-01 0.000000e+00
1.125404e-02 6.519307e-04 -1.980001e-01 2.250000e-01 5.000000e-01 0.000000e+00
9.785518e-03 6.022587e-04 -1.980001e-01 2.750000e-01 5.000000e-01 0.000000e+00
1.039521e-02 6.212340e-04 -1.980001e-01 3.250000e-01 5.000000e-01 0.000000e+00
9.231903e-03 5.815568e-04 -1.980001e-01 3.750000e-01 5.000000e-01 0.000000e+00
8.826019e-03 5.650296e-04 -1.980001e-01 4.250000e-01 5.000000e-01 0.000000e+00
8.301102e-03 5.473604e-04 -1.980001e-01 4.750000e-01 5.000000e-01 0.000000e+00
8.005729e-03 5.325348e-04 -1.980001e-01 5.250000e-01 5.000000e-01 0.000000e+00
6.437310e-03 4.824985e-04 -1.980001e-01 5.750000e-01 5.000000e-01 0.000000e+00
7.041371e-03 5.029567e-04 -1.980001e-01 6.250000e-01 5.000000e-01 0.000000e+00
5.765691e-03 4.558193e-04 -1.980001e-01 6.750000e-01 5.000000e-01 0.000000e+00
6.714676e-03 4.897200e-04 -1.980001e-01 7.250000e-01 5.000000e-01 0.000000e+00
6.358253e-03 4.713070e-04 -1.980001e-01 7.750000e-01 5.000000e-01 0.000000e+00
5.997790e-03 4.573292e-04 -1.980001e-01 8.250000e-01 5.000000e-01 0.000000e+00
4.359805e-03 3.853576e-04 -1.980001e-01 8.750000e-01 5.000000e-01 0.000000e+00
3.953617e-03 3.670859e-04 -1.980001e-01 9.250000e-01 5.000000e-01 0.000000e+00
3.602153e-03 3.498738e-04 -1.980001e-01 9.750000e-01 5.000000e-01 0.000000e+00
3.390050e-03 3.390067e-04 -1.980001e-01 1.025000e+00 5.000000e-01 0.000000e+00
2.688375e-03 3.005708e-04 -1.980001e-01 1.075000e+00 5.000000e-01 0.000000e+00
2.192444e-03 2.698725e-04 -1.980001e-01 1.125000e+00 5.000000e-01 0.000000e+00
2.500939e-03 2.868792e-04 -1.980001e-01 1.175000e+00 5.000000e-01 0.000000e+00
2.025169e-03 2.571982e-04 -1.980001e-01 1.225000e+00 5.000000e-01 0.000000e+00
1.814924e-03 2.425306e-04 -1.980001e-01 1.275000e+00 5.000000e-01 0.000000e+00
2.313039e-03 2.725961e-04 -1.980001e-01 1.325000e+00 5.000000e-01 0.000000e+00
1.201625e-03 1.949303e-04 -1.980001e-01 1.375000e+00 5.000000e-01 0.000000e+00
9.328711e-04 1.703194e-04 -1.980001e-01 1.425000e+00 5.000000e-01 0.000000e+00
1.294201e-03 1.997016e-04 -1.980001e-01 1.475000e+00 5.000000e-01 0.000000e+00
1.167426e-03 1.893824e-04 -1.980001e-01 1.525000e+00 5.000000e-01 0.000000e+00
9.059632e-04 1.654069e-04 -1.980001e-01 1.575000e+00 5.000000e-01 0.000000e+00
7.783275e-04 1.526442e-04 -1.980001e-01 1.625000e+00 5.000000e-01 0.000000e+00
4.221611e-04 1.128279e-04 -1.980001e-01 1.675000e+00 5.000000e-01 0.000000e+00
4.246580e-04 1.134951e-04 -1.980001e-01 1.725000e+00 5.000000e-01 0.000000e+00
6.004388e-04 1.342637e-04 -1.980001e-01 1.775000e+00 5.000000e-01 0.000000e+00
7.087099e-04 1.446658e-04 -1.980001e-01 1.825000e+00 5.000000e-01 0.000000e+00
5.133922e-04 1.210094e-04 -1.980001e-01 1.875000e+00 5.000000e-01 0.000000e+00
5.177982e-04 1.220472e-04 -1.980001e-01 1.925000e+00 5.000000e-01 0.000000e+00
1.759120e-04 7.181581e-05 -1.980001e-01 1.975000e+00 5.000000e-01 0.000000e+00
5.331552e-04 1.256692e-04 -1.980001e-01 2.025000e+00 5.000000e-01 0.000000e+00
7.030544e-04 1.435128e-04 -1.980001e-01 2.075000e+00 5.000000e-01 0.000000e+00
3.474374e-04 1.002977e-04 -1.980001e-01 2.125000e+00 5.000000e-01 0.000000e+00
4.525211e-04 1.131313e-04 -1.980001e-01 2.175000e+00 5.000000e-01 0.000000e+00
5.569254e-04 1.245339e-04 -1.980001e-01 2.225000e+00 5.000000e-01 0.000000e+00
6.523272e-04 1.331585e-04 -1.980001e-01 2.275000e+00 5.000000e-01 0.000000e+00
3.735543e-04 9.983929e-05 -1.980001e-01 2.325000e+00 5.000000e-01 0.000000e+00
6.251919e-04 1.276207e-04 -1.980001e-01 2.375000e+00 5.000000e-01 0.000000e+00
4.051541e-04 1.012905e-04 -1.980001e-01 2.425000e+00 5.000000e-01 0.000000e+00
1.951002e-04 6.898093e-05 -1.980001e-01 2.475000e+00 5.000000e-01 0.000000e+00
8.034302e-04 1.377934e-04 -1.980001e-01 2.525000e+00 5.000000e-01 0.000000e+00
4.877819e-04 1.039978e-04 -1.980001e-01 2.575000e+00 5.000000e-01 0.000000e+00
9.104341e-04 1.372624e-04 -1.980001e-01 2.625000e+00 5.000000e-01 0.000000e+00
5.725589e-04 1.045416e-04 -1.980001e-01 2.675000e+00 5.000000e-01 0.000000e+00
5.071313e-04 9.584694e-05 -1.980001e-01 2.725000e+00 5.000000e-01 0.000000e+00
8.256539e-04 1.191866e-04 -1.980001e-01 2.775000e+00 5.000000e-01 0.000000e+00
7.893253e-04 1.139402e-04 -1.980001e-01 2.825000e+00 5.000000e-01 0.000000e+00
8.791000e-04 1.174900e-04 -1.980001e-01 2.875000e+00 5.000000e-01 0.000000e+00
4.617993e-01 4.156148e-03 -1.880001e-01 2.500000e-02 5.000000e-01 0.000000e+00
8.954209e-02 1.833896e-03 -1.880001e-01 7.500000e-02 5.000000e-01 0.000000e+00
1.135052e-02 6.509985e-04 -1.880001e-01 1.250000e-01 5.000000e-01 0.000000e+00
1.093475e-02 6.399097e-04 -1.880001e-01 1.750000e-01 5.000000e-01 0.000000e+00
8.487161e-03 5.620774e-04 -1.880001e-01 2.250000e-01 5.000000e-01 0.000000e+00
1.000016e-02 6.085917e-04 -1.880001e-01 2.750000e-01 5.000000e-01 0.000000e+00
8.462172e-03 5.579806e-04 -1.880001e-01 3.250000e-01 5.000000e-01 0.000000e+00
7.993151e-03 5.388997e-04 -1.880001e-01 3.750000e-01 5.000000e-01 0.000000e+00
8.407774e-03 5.519990e-04 -1.880001e-01 4.250000e-01 5.000000e-01 0.000000e+00
7.366357e-03 5.157496e-04 -1.880001e-01 4.750000e-01 5.000000e-01 0.000000e+00
7.088155e-03 5.037347e-04 -1.880001e-01 5.250000e-01 5.000000e-01 0.000000e+00
6.920505e-03 4.994461e-04 -1.880001e-01 5.750000e-01 5.000000e-01 0.000000e+00
6.549099e-03 4.854534e-04 -1.880001e-01 6.250000e-01 5.000000e-01 0.000000e+00
6.138594e-03 4.708097e-04 -1.880001e-01 6.750000e-01 5.000000e-01 0.000000e+00
4.650976e-03 4.079191e-04 -1.880001e-01 7.250000e-01 5.000000e-01 0.000000e+00
6.289542e-03 4.687967e-04 -1.880001e-01 7.750000e-01 5.000000e-01 0.000000e+00
4.404550e-03 3.923902e-04 -1.880001e-01 8.250000e-01 5.000000e-01 0.000000e+00
4.331151e-03 3.858511e-04 -1.880001e-01 8.750000e-01 5.000000e-01 0.000000e+00
4.038309e-03 3.717579e-04 -1.880001e-01 9.250000e-01 5.000000e-01 0.000000e+00
4.174887e-03 3.749174e-04 -1.880001e-01 9.750000e-01 5.000000e-01 0.000000e+00
3.874757e-03 3.597638e-04 -1.880001e-01 1.025000e+00 5.000000e-01 0.000000e+00
3.998339e-03 3.649983e-04 -1.880001e-01 1.075000e+00 5.000000e-01 0.000000e+00
2.620958e-03 2.930337e-04 -1.880001e-01 1.125000e+00 5.000000e-01 0.000000e+00
3.050573e-03 3.146443e-04 -1.880001e-01 1.175000e+00 5.000000e-01 0.000000e+00
1.494651e-03 2.203756e-04 -1.880001e-01 1.225000e+00 5.000000e-01 0.000000e+00
1.608769e-03 2.275156e-04 -1.880001e-01 1.275000e+00 5.000000e-01 0.000000e+00
1.468924e-03 2.165826e-04 -1.880001e-01 1.325000e+00 5.000000e-01 0.000000e+00
1.639920e-03 2.274175e-04 -1.880001e-01 1.375000e+00 5.000000e-01 0.000000e+00
9.871370e-04 1.745043e-04 -1.880001e-01 1.425000e+00 5.000000e-01 0.000000e+00
9.219791e-04 1.683311e-04 -1.880001e-01 1.475000e+00 5.000000e-01 0.000000e+00
1.235845e-03 1.954055e-04 -1.880001e-01 1.525000e+00 5.000000e-01 0.000000e+00
9.691655e-04 1.713273e-04 -1.880001e-01 1.575000e+00 5.000000e-01 0.000000e+00
6.066828e-04 1.356595e-04 -1.880001e-01 1.625000e+00 5.000000e-01 0.000000e+00
6.775990e-04 1.444661e-04 -1.880001e-01 1.675000e+00 5.000000e-01 0.000000e+00
7.940331e-04 1.557239e-04 -1.880001e-01 1.725000e+00 5.000000e-01 0.000000e+00
8.578728e-04 1.621241e-04 -1.880001e-01 1.775000e+00 5.000000e-01 0.000000e+00
4.923568e-04 1.230913e-04 -1.880001e-01 1.825000e+00 5.000000e-01 0.000000e+00
5.452208e-04 1.285114e-04 -1.880001e-01 1.875000e+00 5.000000e-01 0.000000e+00
3.536393e-04 1.020882e-04 -1.880001e-01 1.925000e+00 5.000000e-01 0.000000e+00
3.440463e-04 9.931884e-05 -1.880001e-01 1.975000e+00 5.000000e-01 0.000000e+00
3.487694e-04 1.006829e-04 -1.880001e-01 2.025000e+00 5.000000e-01 0.000000e+00
2.878773e-04 9.103730e-05 -1.880001e-01 2.075000e+00 5.000000e-01 0.000000e+00
3.438223e-04 9.925318e-05 -1.880001e-01 2.125000e+00 5.000000e-01 0.000000e+00
6.174422e-04 1.316413e-04 -1.880001e-01 2.175000e+00 5.000000e-01 0.000000e+00
6.655779e-04 1.358641e-04 -1.880001e-01 2.225000e+00 5.000000e-01 0.000000e+00
5.960189e-04 1.270745e-04 -1.880001e-01 2.275000e+00 5.000000e-01 0.000000e+00
3.698106e-04 9.883794e-05 -1.880001e-01 2.325000e+00 5.000000e-01 0.000000e+00
4.162829e-04 1.040746e-04 -1.880001e-01 2.375000e+00 5.000000e-01 0.000000e+00
3.037848e-04 8.769622e-05 -1.880001e-01 2.425000e+00 5.000000e-01 0.000000e+00
6.325803e-04 1.240631e-04 -1.880001e-01 2.475000e+00 5.000000e-01 0.000000e+00
5.951001e-04 1.167117e-04 -1.880001e-01 2.525000e+00 5.000000e-01 0.000000e+00
4.695945e-04 1.001207e-04 -1.880001e-01 2.575000e+00 5.000000e-01 0.000000e+00
5.990329e-04 1.093719e-04 -1.880001e-01 2.625000e+00 5.000000e-01 0.000000e+00
7.451244e-04 1.178237e-04 -1.880001e-01 2.675000e+00 5.000000e-01 0.000000e+00
6.433286e-04 1.072291e-04 -1.880001e-01 2.725000e+00 5.000000e-01 0.000000e+00
6.141336e-04 1.023641e-04 -1.880001e-01 2.775000e+00 5.000000e-01 0.000000e+00
4.194243e-04 8.226204e-05 -1.880001e-01 2.825000e+00 5.000000e-01 0.000000e+00
9.483322e-04 1.204521e-04 -1.880001e-01 2.875000e+00 5.000000e-01 0.000000e+00
4.729301e-01 4.331713e-03 -1.780002e-01 2.500000e-02 5.000000e-01 0.000000e+00
8.088942e-02 1.754328e-03 -1.780002e-01 7.500000e-02 5.000000e-01 0.000000e+00
1.268770e-02 6.860739e-04 -1.780002e-01 1.250000e-01 5.000000e-01 0.000000e+00
9.666648e-03 6.018209e-04 -1.780002e-01 1.750000e-01 5.000000e-01 0.000000e+00
1.064478e-02 6.272516e-04 -1.780002e-01 2.250000e-01 5.000000e-01 0.000000e+00
1.037407e-02 6.199715e-04 -1.780002e-01 2.750000e-01 5.000000e-01 0.000000e+00
8.018984e-03 5.431157e-04 -1.780002e-01 3.250000e-01 5.000000e-01 0.000000e+00
8.300235e-03 5.496981e-04 -1.780002e-01 3.750000e-01 5.000000e-01 0.000000e+00
8.476309e-03 5.564987e-04 -1.780002e-01 4.250000e-01 5.000000e-01 0.000000e+00
7.363964e-03 5.130732e-04 -1.780002e-01 4.750000e-01 5.000000e-01 0.000000e+00
6.491156e-03 4.838237e-04 -1.780002e-01 5.250000e-01 5.000000e-01 0.000000e+00
8.032565e-03 5.343204e-04 -1.780002e-01 5.750000e-01 5.000000e-01 0.000000e+00
5.794085e-03 4.552279e-04 -1.780002e-01 6.250000e-01 5.000000e-01 0.000000e+00
6.901433e-03 4.980701e-04 -1.780002e-01 6.750000e-01 5.000000e-01 0.000000e+00
6.443720e-03 4.776422e-04 -1.780002e-01 7.250000e-01 5.000000e-01 0.000000e+00
6.258930e-03 4.691287e-04 -1.780002e-01 7.750000e-01 5.000000e-01 0.000000e+00
4.802795e-03 4.059119e-04 -1.780002e-01 8.250000e-01 5.000000e-01 0.000000e+00
4.471984e-03 3.922208e-04 -1.780002e-01 8.750000e-01 5.000000e-01 0.000000e+00
4.312303e-03 3.841724e-04 -1.780002e-01 9.250000e-01 5.000000e-01 0.000000e+00
3.319591e-03 3.353306e-04 -1.780002e-01 9.750000e-01 5.000000e-01 0.000000e+00
3.916987e-03 3.636848e-04 -1.780002e-01 1.025000e+00 5.000000e-01 0.000000e+00
2.770505e-03 3.022885e-04 -1.780002e-01 1.075000e+00 5.000000e-01 0.000000e+00
2.728122e-03 2.976641e-04 -1.780002e-01 1.125000e+00 5.000000e-01 0.000000e+00
2.121729e-03 2.611680e-04 -1.780002e-01 1.175000e+00 5.000000e-01 0.000000e+00
2.529325e-03 2.863913e-04 -1.780002e-01 1.225000e+00 5.000000e-01 0.000000e+00
1.940472e-03 2.505156e-04 -1.780002e-01 1.275000e+00 5.000000e-01 0.000000e+00
1.533931e-03 2.214050e-04 -1.780002e-01 1.325000e+00 5.000000e-01 0.000000e+00
8.797571e-04 1.662596e-04 -1.780002e-01 1.375000e+00 5.000000e-01 0.000000e+00
8.019424e-04 1.572748e-04 -1.780002e-01 1.425000e+00 5.000000e-01 0.000000e+00
8.678570e-04 1.640109e-04 -1.780002e-01 1.475000e+00 5.000000e-01 0.000000e+00
1.435516e-03 2.116574e-04 -1.780002e-01 1.525000e+00 5.000000e-01 0.000000e+00
7.992611e-04 1.567498e-04 -1.780002e-01 1.575000e+00 5.000000e-01 0.000000e+00
9.253925e-04 1.689535e-04 -1.780002e-01 1.625000e+00 5.000000e-01 0.000000e+00
8.746292e-04 1.652905e-04 -1.780002e-01 1.675000e+00 5.000000e-01 0.000000e+00
4.347946e-04 1.162052e-04 -1.780002e-01 1.725000e+00 5.000000e-01 0.000000e+00
2.508634e-04 8.869484e-05 -1.780002e-01 1.775000e+00 5.000000e-01 0.000000e+00
5.654351e-04 1.332759e-04 -1.780002e-01 1.825000e+00 5.000000e-01 0.000000e+00
6.291791e-04 1.406902e-04 -1.780002e-01 1.875000e+00 5.000000e-01 0.000000e+00
4.914484e-04 1.228634e-04 -1.780002e-01 1.925000e+00 5.000000e-01 0.000000e+00
1.742816e-04 7.115080e-05 -1.780002e-01 1.975000e+00 5.000000e-01 0.000000e+00
5.080218e-04 1.197429e-04 -1.780002e-01 2.025000e+00 5.000000e-01 0.000000e+00
3.913572e-04 1.045965e-04 -1.780002e-01 2.075000e+00 5.000000e-01 0.000000e+00
7.320206e-04 1.435641e-04 -1.780002e-01 2.125000e+00 5.000000e-01 0.000000e+00
5.583372e-04 1.248499e-04 -1.780002e-01 2.175000e+00 5.000000e-01 0.000000e+00
3.846802e-04 1.028117e-04 -1.780002e-01 2.225000e+00 5.000000e-01 0.000000e+00
4.868986e-04 1.147675e-04 -1.780002e-01 2.275000e+00 5.000000e-01 0.000000e+00
5.812547e-04 1.239275e-04 -1.780002e-01 2.325000e+00 5.000000e-01 0.000000e+00
5.147190e-04 1.150972e-04 -1.780002e-01 2.375000e+00 5.000000e-01 0.000000e+00
4.994438e-04 1.116837e-04 -1.780002e-01 2.425000e+00 5.000000e-01 0.000000e+00
5.230695e-04 1.115205e-04 -1.780002e-01 2.475000e+00 5.000000e-01 0.000000e+00
6.214772e-04 1.174520e-04 -1.780002e-01 2.525000e+00 5.000000e-01 0.000000e+00
6.615614e-04 1.169526e-04 -1.780002e-01 2.575000e+00 5.000000e-01 0.000000e+00
8.121908e-04 1.253315e-04 -1.780002e-01 2.625000e+00 5.000000e-01 0.000000e+00
7.760260e-04 1.197521e-04 -1.780002e-01 2.675000e+00 5.000000e-01 0.000000e+00
7.788330e-04 1.174236e-04 -1.780002e-01 2.725000e+00 5.000000e-01 0.000000e+00
8.127702e-04 1.173264e-04 -1.780002e-01 2.775000e+00 5.000000e-01 0.000000e+00
9.051332e-04 1.209618e-04 -1.780002e-01 2.825000e+00 5.000000e-01 0.000000e+00
1.158265e-03 1.328793e-04 -1.780002e-01 2.875000e+00 5.000000e-01 0.000000e+00
4.622084e-01 4.417850e-03 -1.680002e-01 2.500000e-02 5.000000e-01 0.000000e+00
8.223369e-02 1.821580e-03 -1.680002e-01 7.500000e-02 5.000000e-01 0.000000e+00
1.212190e-02 6.907110e-04 -1.680002e-01 1.250000e-01 5.000000e-01 0.000000e+00
1.158639e-02 6.580644e-04 -1.680002e-01 1.750000e-01 5.000000e-01 0.000000e+00
9.595943e-03 5.974188e-04 -1.680002e-01 2.250000e-01 5.000000e-01 0.000000e+00
8.960509e-03 5.760046e-04 -1.680002e-01 2.750000e-01 5.000000e-01 0.000000e+00
8.098618e-03 5.460102e-04 -1.680002e-01 3.250000e-01 5.000000e-01 0.000000e+00
7.341204e-03 5.191034e-04 -1.680002e-01 3.750000e-01 5.000000e-01 0.000000e+00
9.336939e-03 5.790540e-04 -1.680002e-01 4.250000e-01 5.000000e-01 0.000000e+00
8.039724e-03 5.395923e-04 -1.680002e-01 4.750000e-01 5.000000e-01 0.000000e+00
7.830604e-03 5.279408e-04 -1.680002e-01 5.250000e-01 5.000000e-01 0.000000e+00
6.820043e-03 4.947794e-04 -1.680002e-01 5.750000e-01 5.000000e-01 0.000000e+00
6.391298e-03 4.763808e-04 -1.680002e-01 6.250000e-01 5.000000e-01 0.000000e+00
5.334176e-03 4.355353e-04 -1.680002e-01 6.750000e-01 5.000000e-01 0.000000e+00
6.386543e-03 4.760268e-04 -1.680002e-01 7.250000e-01 5.000000e-01 0.000000e+00
5.916451e-03 4.537727e-04 -1.680002e-01 7.750000e-01 5.000000e-01 0.000000e+00
5.488359e-03 4.338949e-04 -1.680002e-01 8.250000e-01 5.000000e-01 0.000000e+00
5.191489e-03 4.210873e-04 -1.680002e-01 8.750000e-01 5.000000e-01 0.000000e+00
3.545317e-03 3.476484e-04 -1.680002e-01 9.250000e-01 5.000000e-01 0.000000e+00
3.571883e-03 3.469337e-04 -1.680002e-01 9.750000e-01 5.000000e-01 0.000000e+00
3.902498e-03 3.623394e-04 -1.680002e-01 1.025000e+00 5.000000e-01 0.000000e+00
3.654200e-03 3.484163e-04 -1.680002e-01 1.075000e+00 5.000000e-01 0.000000e+00
2.784506e-03 3.002624e-04 -1.680002e-01 1.125000e+00 5.000000e-01 0.000000e+00
2.685767e-03 2.930428e-04 -1.680002e-01 1.175000e+00 5.000000e-01 0.000000e+00
1.710664e-03 2.327927e-04 -1.680002e-01 1.225000e+00 5.000000e-01 0.000000e+00
1.984444e-03 2.520259e-04 -1.680002e-01 1.275000e+00 5.000000e-01 0.000000e+00
1.652342e-03 2.291401e-04 -1.680002e-01 1.325000e+00 5.000000e-01 0.000000e+00
1.617668e-03 2.243316e-04 -1.680002e-01 1.375000e+00 5.000000e-01 0.000000e+00
1.674077e-03 2.278145e-04 -1.680002e-01 1.425000e+00 5.000000e-01 0.000000e+00
1.501770e-03 2.167639e-04 -1.680002e-01 1.475000e+00 5.000000e-01 0.000000e+00
1.065652e-03 1.827594e-04 -1.680002e-01 1.525000e+00 5.000000e-01 0.000000e+00
8.720666e-04 1.648064e-04 -1.680002e-01 1.575000e+00 5.000000e-01 0.000000e+00
6.905589e-04 1.472290e-04 -1.680002e-01 1.625000e+00 5.000000e-01 0.000000e+00
5.690115e-04 1.341181e-04 -1.680002e-01 1.675000e+00 5.000000e-01 0.000000e+00
5.708619e-04 1.345548e-04 -1.680002e-01 1.725000e+00 5.000000e-01 0.000000e+00
3.843976e-04 1.109672e-04 -1.680002e-01 1.775000e+00 5.000000e-01 0.000000e+00
3.173938e-04 1.003695e-04 -1.680002e-01 1.825000e+00 5.000000e-01 0.000000e+00
6.330718e-04 1.415610e-04 -1.680002e-01 1.875000e+00 5.000000e-01 0.000000e+00
6.185580e-04 1.383159e-04 -1.680002e-01 1.925000e+00 5.000000e-01 0.000000e+00
3.018117e-04 9.544217e-05 -1.680002e-01 1.975000e+00 5.000000e-01 0.000000e+00
4.019448e-04 1.074264e-04 -1.680002e-01 2.025000e+00 5.000000e-01 0.000000e+00
6.053975e-04 1.290723e-04 -1.680002e-01 2.075000e+00 5.000000e-01 0.000000e+00
3.824387e-04 1.022123e-04 -1.680002e-01 2.125000e+00 5.000000e-01 0.000000e+00
1.652742e-04 6.747533e-05 -1.680002e-01 2.175000e+00 5.000000e-01 0.000000e+00
7.049903e-04 1.382622e-04 -1.680002e-01 2.225000e+00 5.000000e-01 0.000000e+00
3.218054e-04 9.289953e-05 -1.680002e-01 2.275000e+00 5.000000e-01 0.000000e+00
2.617280e-04 8.276749e-05 -1.680002e-01 2.325000e+00 5.000000e-01 0.000000e+00
4.585504e-04 1.080837e-04 -1.680002e-01 2.375000e+00 5.000000e-01 0.000000e+00
5.816192e-04 1.187263e-04 -1.680002e-01 2.425000e+00 5.000000e-01 0.000000e+00
5.031969e-04 1.072853e-04 -1.680002e-01 2.475000e+00 5.000000e-01 0.000000e+00
5.123656e-04 1.045920e-04 -1.680002e-01 2.525000e+00 5.000000e-01 0.000000e+00
4.397034e-04 9.374966e-05 -1.680002e-01 2.575000e+00 5.000000e-01 0.000000e+00
6.136838e-04 1.084916e-04 -1.680002e-01 2.625000e+00 5.000000e-01 0.000000e+00
5.560931e-04 1.015340e-04 -1.680002e-01 2.675000e+00 5.000000e-01 0.000000e+00
5.656313e-04 1.000015e-04 -1.680002e-01 2.725000e+00 5.000000e-01 0.000000e+00
8.723481e-04 1.209823e-04 -1.680002e-01 2.775000e+00 5.000000e-01 0.000000e+00
1.053871e-03 1.297339e-04 -1.680002e-01 2.825000e+00 5.000000e-01 0.000000e+00
9.058541e-04 1.169592e-04 -1.680002e-01 2.875000e+00 5.000000e-01 0.000000e+00
4.590506e-01 4.386466e-03 -1.580002e-01 2.500000e-02 5.000000e-01 0.000000e+00
8.606209e-02 1.910137e-03 -1.580002e-01 7.500000e-02 5.000000e-01 0.000000e+00
1.191896e-02 6.999071e-04 -1.580002e-01 1.250000e-01 5.000000e-01 0.000000e+00
9.674208e-03 6.270873e-04 -1.580002e-01 1.750000e-01 5.000000e-01 0.000000e+00
1.038584e-02 6.367984e-04 -1.580002e-01 2.250000e-01 5.000000e-01 0.000000e+00
1.025102e-02 6.215613e-04 -1.580002e-01 2.750000e-01 5.000000e-01 0.000000e+00
8.206005e-03 5.532500e-04 -1.580002e-01 3.250000e-01 5.000000e-01 0.000000e+00
8.504613e-03 5.583568e-04 -1.580002e-01 3.750000e-01 5.000000e-01 0.000000e+00
9.191487e-03 5.790111e-04 -1.580002e-01 4.250000e-01 5.000000e-01 0.000000e+00
7.519956e-03 5.189280e-04 -1.580002e-01 4.750000e-01 5.000000e-01 0.000000e+00
8.545131e-03 5.539002e-04 -1.580002e-01 5.250000e-01 5.000000e-01 0.000000e+00
7.251237e-03 5.101967e-04 -1.580002e-01 5.750000e-01 5.000000e-01 0.000000e+00
5.771268e-03 4.534353e-04 -1.580002e-01 6.250000e-01 5.000000e-01 0.000000e+00
6.142133e-03 4.656357e-04 -1.580002e-01 6.750000e-01 5.000000e-01 0.000000e+00
5.591247e-03 4.448172e-04 -1.580002e-01 7.250000e-01 5.000000e-01 0.000000e+00
7.126034e-03 4.964959e-04 -1.580002e-01 7.750000e-01 5.000000e-01 0.000000e+00
5.102299e-03 4.194080e-04 -1.580002e-01 8.250000e-01 5.000000e-01 0.000000e+00
4.744039e-03 4.009464e-04 -1.580002e-01 8.750000e-01 5.000000e-01 0.000000e+00
4.878183e-03 4.065169e-04 -1.580002e-01 9.250000e-01 5.000000e-01 0.000000e+00
3.612773e-03 3.509051e-04 -1.580002e-01 9.750000e-01 5.000000e-01 0.000000e+00
3.790940e-03 3.550555e-04 -1.580002e-01 1.025000e+00 5.000000e-01 0.000000e+00
2.881226e-03 3.106921e-04 -1.580002e-01 1.075000e+00 5.000000e-01 0.000000e+00
2.627297e-03 2.937422e-04 -1.580002e-01 1.125000e+00 5.000000e-01 0.000000e+00
1.972845e-03 2.505525e-04 -1.580002e-01 1.175000e+00 5.000000e-01 0.000000e+00
1.664968e-03 2.308906e-04 -1.580002e-01 1.225000e+00 5.000000e-01 0.000000e+00
2.413480e-03 2.768468e-04 -1.580002e-01 1.275000e+00 5.000000e-01 0.000000e+00
1.064822e-03 1.826166e-04 -1.580002e-01 1.325000e+00 5.000000e-01 0.000000e+00
1.003430e-03 1.773843e-04 -1.580002e-01 1.375000e+00 5.000000e-01 0.000000e+00
1.072447e-03 1.839248e-04 -1.580002e-01 1.425000e+00 5.000000e-01 0.000000e+00
1.268413e-03 2.005549e-04 -1.580002e-01 1.475000e+00 5.000000e-01 0.000000e+00
7.643440e-04 1.560213e-04 -1.580002e-01 1.525000e+00 5.000000e-01 0.000000e+00
8.921040e-04 1.685927e-04 -1.580002e-01 1.575000e+00 5.000000e-01 0.000000e+00
6.413050e-04 1.434012e-04 -1.580002e-01 1.625000e+00 5.000000e-01 0.000000e+00
6.402001e-04 1.431543e-04 -1.580002e-01 1.675000e+00 5.000000e-01 0.000000e+00
7.778619e-04 1.587831e-04 -1.580002e-01 1.725000e+00 5.000000e-01 0.000000e+00
2.588946e-04 9.153350e-05 -1.580002e-01 1.775000e+00 5.000000e-01 0.000000e+00
6.330898e-04 1.415649e-04 -1.580002e-01 1.825000e+00 5.000000e-01 0.000000e+00
2.517333e-04 8.900175e-05 -1.580002e-01 1.875000e+00 5.000000e-01 0.000000e+00
2.441623e-04 8.632537e-05 -1.580002e-01 1.925000e+00 5.000000e-01 0.000000e+00
6.051018e-04 1.353062e-04 -1.580002e-01 1.975000e+00 5.000000e-01 0.000000e+00
4.136051e-04 1.105419e-04 -1.580002e-01 2.025000e+00 5.000000e-01 0.000000e+00
3.977420e-04 1.063029e-04 -1.580002e-01 2.075000e+00 5.000000e-01 0.000000e+00
2.674946e-04 8.459008e-05 -1.580002e-01 2.125000e+00 5.000000e-01 0.000000e+00
4.286759e-04 1.071706e-04 -1.580002e-01 2.175000e+00 5.000000e-01 0.000000e+00
3.736092e-04 9.985284e-05 -1.580002e-01 2.225000e+00 5.000000e-01 0.000000e+00
6.352491e-04 1.296716e-04 -1.580002e-01 2.275000e+00 5.000000e-01 0.000000e+00
2.096412e-04 7.412007e-05 -1.580002e-01 2.325000e+00 5.000000e-01 0.000000e+00
3.469449e-04 9.272747e-05 -1.580002e-01 2.375000e+00 5.000000e-01 0.000000e+00
5.155495e-04 1.099180e-04 -1.580002e-01 2.425000e+00 5.000000e-01 0.000000e+00
4.401266e-04 9.841721e-05 -1.580002e-01 2.475000e+00 5.000000e-01 0.000000e+00
6.976934e-04 1.196584e-04 -1.580002e-01 2.525000e+00 5.000000e-01 0.000000e+00
5.148649e-04 1.009791e-04 -1.580002e-01 2.575000e+00 5.000000e-01 0.000000e+00
4.966614e-04 9.740835e-05 -1.580002e-01 2.625000e+00 5.000000e-01 0.000000e+00
4.415191e-04 9.012792e-05 -1.580002e-01 2.675000e+00 5.000000e-01 0.000000e+00
6.325773e-04 1.054374e-04 -1.580002e-01 2.725000e+00 5.000000e-01 0.000000e+00
6.370773e-04 1.033572e-04 -1.580002e-01 2.775000e+00 5.000000e-01 0.000000e+00
8.895332e-04 1.188779e-04 -1.580002e-01 2.825000e+00 5.000000e-01 0.000000e+00
9.557762e-04 1.194852e-04 -1.580002e-01 2.875000e+00 5.000000e-01 0.000000e+00
4.488510e-01 4.370783e-03 -1.480002e-01 2.500000e-02 5.000000e-01 0.000000e+00
8.422712e-02 1.873105e-03 -1.480002e-01 7.500000e-02 5.000000e-01 0.000000e+00
1.027990e-02 6.608184e-04 -1.480002e-01 1.250000e-01 5.000000e-01 0.000000e+00
9.201277e-03 6.231905e-04 -1.480002e-01 1.750000e-01 5.000000e-01 0.000000e+00
9.914901e-03 6.426892e-04 -1.480002e-01 2.250000e-01 5.000000e-01 0.000000e+00
9.688326e-03 6.253803e-04 -1.480002e-01 2.750000e-01 5.000000e-01 0.000000e+00
9.135566e-03 5.921721e-04 -1.480002e-01 3.250000e-01 5.000000e-01 0.000000e+00
1.044984e-02 6.222806e-04 -1.480002e-01 3.750000e-01 5.000000e-01 0.000000e+00
8.898940e-03 5.673774e-04 -1.480002e-01 4.250000e-01 5.000000e-01 0.000000e+00
8.024495e-03 5.361608e-04 -1.480002e-01 4.750000e-01 5.000000e-01 0.000000e+00
7.427266e-03 5.149897e-04 -1.480002e-01 5.250000e-01 5.000000e-01 0.000000e+00
6.545605e-03 4.825500e-04 -1.480002e-01 5.750000e-01 5.000000e-01 0.000000e+00
7.711394e-03 5.246954e-04 -1.480002e-01 6.250000e-01 5.000000e-01 0.000000e+00
6.175607e-03 4.681730e-04 -1.480002e-01 6.750000e-01 5.000000e-01 0.000000e+00
5.415955e-03 4.336249e-04 -1.480002e-01 7.250000e-01 5.000000e-01 0.000000e+00
4.757528e-03 4.079563e-04 -1.480002e-01 7.750000e-01 5.000000e-01 0.000000e+00
6.687410e-03 4.776739e-04 -1.480002e-01 8.250000e-01 5.000000e-01 0.000000e+00
4.636706e-03 3.947045e-04 -1.480002e-01 8.750000e-01 5.000000e-01 0.000000e+00
3.944770e-03 3.662643e-04 -1.480002e-01 9.250000e-01 5.000000e-01 0.000000e+00
4.632535e-03 3.943494e-04 -1.480002e-01 9.750000e-01 5.000000e-01 0.000000e+00
3.614653e-03 3.478220e-04 -1.480002e-01 1.025000e+00 5.000000e-01 0.000000e+00
3.107178e-03 3.204824e-04 -1.480002e-01 1.075000e+00 5.000000e-01 0.000000e+00
3.124160e-03 3.188598e-04 -1.480002e-01 1.125000e+00 5.000000e-01 0.000000e+00
2.314034e-03 2.727128e-04 -1.480002e-01 1.175000e+00 5.000000e-01 0.000000e+00
2.245072e-03 2.683390e-04 -1.480002e-01 1.225000e+00 5.000000e-01 0.000000e+00
1.328612e-03 2.050104e-04 -1.480002e-01 1.275000e+00 5.000000e-01 0.000000e+00
1.636619e-03 2.269593e-04 -1.480002e-01 1.325000e+00 5.000000e-01 0.000000e+00
1.455151e-03 2.145520e-04 -1.480002e-01 1.375000e+00 5.000000e-01 0.000000e+00
1.260288e-03 1.992700e-04 -1.480002e-01 1.425000e+00 5.000000e-01 0.000000e+00
7.676263e-04 1.566922e-04 -1.480002e-01 1.475000e+00 5.000000e-01 0.000000e+00
1.170122e-03 1.950220e-04 -1.480002e-01 1.525000e+00 5.000000e-01 0.000000e+00
1.165063e-03 1.941789e-04 -1.480002e-01 1.575000e+00 5.000000e-01 0.000000e+00
1.041868e-03 1.841793e-04 -1.480002e-01 1.625000e+00 5.000000e-01 0.000000e+00
7.216833e-04 1.538651e-04 -1.480002e-01 1.675000e+00 5.000000e-01 0.000000e+00
5.226150e-04 1.306548e-04 -1.480002e-01 1.725000e+00 5.000000e-01 0.000000e+00
5.163523e-04 1.290889e-04 -1.480002e-01 1.775000e+00 5.000000e-01 0.000000e+00
5.672468e-04 1.337028e-04 -1.480002e-01 1.825000e+00 5.000000e-01 0.000000e+00
4.364764e-04 1.166552e-04 -1.480002e-01 1.875000e+00 5.000000e-01 0.000000e+00
3.662458e-04 1.057269e-04 -1.480002e-01 1.925000e+00 5.000000e-01 0.000000e+00
3.635452e-04 1.049480e-04 -1.480002e-01 1.975000e+00 5.000000e-01 0.000000e+00
6.464251e-04 1.378212e-04 -1.480002e-01 2.025000e+00 5.000000e-01 0.000000e+00
5.821424e-04 1.301735e-04 -1.480002e-01 2.075000e+00 5.000000e-01 0.000000e+00
5.007649e-04 1.180338e-04 -1.480002e-01 2.125000e+00 5.000000e-01 0.000000e+00
5.281033e-04 1.180897e-04 -1.480002e-01 2.175000e+00 5.000000e-01 0.000000e+00
4.161505e-04 1.040409e-04 -1.480002e-01 2.225000e+00 5.000000e-01 0.000000e+00
1.543345e-04 6.300706e-05 -1.480002e-01 2.275000e+00 5.000000e-01 0.000000e+00
4.031797e-04 1.007971e-04 -1.480002e-01 2.325000e+00 5.000000e-01 0.000000e+00
4.305447e-04 1.014836e-04 -1.480002e-01 2.375000e+00 5.000000e-01 0.000000e+00
2.682441e-04 7.743737e-05 -1.480002e-01 2.425000e+00 5.000000e-01 0.000000e+00
5.054018e-04 1.031698e-04 -1.480002e-01 2.475000e+00 5.000000e-01 0.000000e+00
3.249183e-04 8.123266e-05 -1.480002e-01 2.525000e+00 5.000000e-01 0.000000e+00
4.716158e-04 9.627264e-05 -1.480002e-01 2.575000e+00 5.000000e-01 0.000000e+00
8.005621e-04 1.235359e-04 -1.480002e-01 2.625000e+00 5.000000e-01 0.000000e+00
4.762616e-04 9.340573e-05 -1.480002e-01 2.675000e+00 5.000000e-01 0.000000e+00
5.275926e-04 9.633081e-05 -1.480002e-01 2.725000e+00 5.000000e-01 0.000000e+00
8.299980e-04 1.173893e-04 -1.480002e-01 2.775000e+00 5.000000e-01 0.000000e+00
7.932481e-04 1.121927e-04 -1.480002e-01 2.825000e+00 5.000000e-01 0.000000e+00
1.084267e-03 1.260564e-04 -1.480002e-01 2.875000e+00 5.000000e-01 0.000000e+00
4.371286e-01 4.275732e-03 -1.380002e-01 2.500000e-02 5.000000e-01 0.000000e+00
8.030753e-02 1.850190e-03 -1.380002e-01 7.500000e-02 5.000000e-01 0.000000e+00
1.189197e-02 7.081581e-04 -1.380002e-01 1.250000e-01 5.000000e-01 0.000000e+00
1.097936e-02 6.835467e-04 -1.380002e-01 1.750000e-01 5.000000e-01 0.000000e+00
9.129906e-03 6.241088e-04 -1.380002e-01 2.250000e-01 5.000000e-01 0.000000e+00
9.409410e-03 6.286942e-04 -1.380002e-01 2.750000e-01 5.000000e-01 0.000000e+00
9.720939e-03 6.327811e-04 -1.380002e-01 3.250000e-01 5.000000e-01 0.000000e+00
8.117600e-03 5.655817e-04 -1.380002e-01 3.750000e-01 5.000000e-01 0.000000e+00
6.813919e-03 5.050825e-04 -1.380002e-01 4.250000e-01 5.000000e-01 0.000000e+00
6.656420e-03 4.907192e-04 -1.380002e-01 4.750000e-01 5.000000e-01 0.000000e+00
5.933720e-03 4.577979e-04 -1.380002e-01 5.250000e-01 5.000000e-01 0.000000e+00
8.300718e-03 5.426364e-04 -1.380002e-01 5.750000e-01 5.000000e-01 0.000000e+00
5.678827e-03 4.489522e-04 -1.380002e-01 6.250000e-01 5.000000e-01 0.000000e+00
5.761055e-03 4.498646e-04 -1.380002e-01 6.750000e-01 5.000000e-01 0.000000e+00
5.906266e-03 4.556801e-04 -1.380002e-01 7.250000e-01 5.000000e-01 0.000000e+00
6.098186e-03 4.570804e-04 -1.380002e-01 7.750000e-01 5.000000e-01 0.000000e+00
4.724483e-03 4.021764e-04 -1.380002e-01 8.250000e-01 5.000000e-01 0.000000e+00
5.076329e-03 4.144820e-04 -1.380002e-01 8.750000e-01 5.000000e-01 0.000000e+00
4.527261e-03 3.882111e-04 -1.380002e-01 9.250000e-01 5.000000e-01 0.000000e+00
4.262404e-03 3.797266e-04 -1.380002e-01 9.750000e-01 5.000000e-01 0.000000e+00
3.942791e-03 3.629652e-04 -1.380002e-01 1.025000e+00 5.000000e-01 0.000000e+00
3.060933e-03 3.157125e-04 -1.380002e-01 1.075000e+00 5.000000e-01 0.000000e+00
2.477902e-03 2.842366e-04 -1.380002e-01 1.125000e+00 5.000000e-01 0.000000e+00
2.258267e-03 2.699161e-04 -1.380002e-01 1.175000e+00 5.000000e-01 0.000000e+00
1.657923e-03 2.299137e-04 -1.380002e-01 1.225000e+00 5.000000e-01 0.000000e+00
2.206729e-03 2.676072e-04 -1.380002e-01 1.275000e+00 5.000000e-01 0.000000e+00
2.138432e-03 2.632244e-04 -1.380002e-01 1.325000e+00 5.000000e-01 0.000000e+00
1.135722e-03 1.892883e-04 -1.380002e-01 1.375000e+00 5.000000e-01 0.000000e+00
1.090306e-03 1.869873e-04 -1.380002e-01 1.425000e+00 5.000000e-01 0.000000e+00
1.625033e-03 2.298160e-04 -1.380002e-01 1.475000e+00 5.000000e-01 0.000000e+00
7.258346e-04 1.547496e-04 -1.380002e-01 1.525000e+00 5.000000e-01 0.000000e+00
8.659122e-04 1.698207e-04 -1.380002e-01 1.575000e+00 5.000000e-01 0.000000e+00
9.981616e-04 1.822401e-04 -1.380002e-01 1.625000e+00 5.000000e-01 0.000000e+00
4.612331e-04 1.232701e-04 -1.380002e-01 1.675000e+00 5.000000e-01 0.000000e+00
5.930827e-04 1.397918e-04 -1.380002e-01 1.725000e+00 5.000000e-01 0.000000e+00
7.613278e-04 1.554076e-04 -1.380002e-01 1.775000e+00 5.000000e-01 0.000000e+00
6.905632e-04 1.472307e-04 -1.380002e-01 1.825000e+00 5.000000e-01 0.000000e+00
4.343418e-04 1.160838e-04 -1.380002e-01 1.875000e+00 5.000000e-01 0.000000e+00
4.261927e-04 1.139064e-04 -1.380002e-01 1.925000e+00 5.000000e-01 0.000000e+00
7.270306e-04 1.484073e-04 -1.380002e-01 1.975000e+00 5.000000e-01 0.000000e+00
5.909634e-04 1.321454e-04 -1.380002e-01 2.025000e+00 5.000000e-01 0.000000e+00
6.352793e-04 1.354435e-04 -1.380002e-01 2.075000e+00 5.000000e-01 0.000000e+00
3.987135e-04 1.065628e-04 -1.380002e-01 2.125000e+00 5.000000e-01 0.000000e+00
6.007483e-04 1.280818e-04 -1.380002e-01 2.175000e+00 5.000000e-01 0.000000e+00
3.612110e-04 9.653860e-05 -1.380002e-01 2.225000e+00 5.000000e-01 0.000000e+00
5.897321e-04 1.203821e-04 -1.380002e-01 2.275000e+00 5.000000e-01 0.000000e+00
2.389844e-04 7.557387e-05 -1.380002e-01 2.325000e+00 5.000000e-01 0.000000e+00
6.376380e-04 1.205053e-04 -1.380002e-01 2.375000e+00 5.000000e-01 0.000000e+00
6.025116e-04 1.138681e-04 -1.380002e-01 2.425000e+00 5.000000e-01 0.000000e+00
4.592066e-04 9.790645e-05 -1.380002e-01 2.475000e+00 5.000000e-01 0.000000e+00
4.861212e-04 9.923402e-05 -1.380002e-01 2.525000e+00 5.000000e-01 0.000000e+00
4.335476e-04 9.243614e-05 -1.380002e-01 2.575000e+00 5.000000e-01 0.000000e+00
4.165713e-04 8.881735e-05 -1.380002e-01 2.625000e+00 5.000000e-01 0.000000e+00
8.365256e-04 1.233472e-04 -1.380002e-01 2.675000e+00 5.000000e-01 0.000000e+00
4.875632e-04 9.214520e-05 -1.380002e-01 2.725000e+00 5.000000e-01 0.000000e+00
8.315328e-04 1.176069e-04 -1.380002e-01 2.775000e+00 5.000000e-01 0.000000e+00
6.298706e-04 9.960137e-05 -1.380002e-01 2.825000e+00 5.000000e-01 0.000000e+00
9.439181e-04 1.162042e-04 -1.380002e-01 2.875000e+00 5.000000e-01 0.000000e+00
4.352485e-01 4.296154e-03 -1.280002e-01 2.500000e-02 5.000000e-01 0.000000e+00
8.152292e-02 1.852796e-03 -1.280002e-01 7.500000e-02 5.000000e-01 0.000000e+00
9.538256e-03 6.373030e-04 -1.280002e-01 1.250000e-01 5.000000e-01 0.000000e+00
1.071117e-02 6.747422e-04 -1.280002e-01 1.750000e-01 5.000000e-01 0.000000e+00
8.432903e-03 5.962976e-04 -1.280002e-01 2.250000e-01 5.000000e-01 0.000000e+00
1.019753e-02 6.582494e-04 -1.280002e-01 2.750000e-01 5.000000e-01 0.000000e+00
8.107742e-03 5.821036e-04 -1.280002e-01 3.250000e-01 5.000000e-01 0.000000e+00
8.760245e-03 6.016577e-04 -1.280002e-01 3.750000e-01 5.000000e-01 0.000000e+00
7.429951e-03 5.447921e-04 -1.280002e-01 4.250000e-01 5.000000e-01 0.000000e+00
7.259227e-03 5.266413e-04 -1.280002e-01 4.750000e-01 5.000000e-01 0.000000e+00
7.451003e-03 5.216761e-04 -1.280002e-01 5.250000e-01 5.000000e-01 0.000000e+00
8.277937e-03 5.411472e-04 -1.280002e-01 5.750000e-01 5.000000e-01 0.000000e+00
7.402742e-03 5.108396e-04 -1.280002e-01 6.250000e-01 5.000000e-01 0.000000e+00
7.122587e-03 5.036447e-04 -1.280002e-01 6.750000e-01 5.000000e-01 0.000000e+00
6.264298e-03 4.643419e-04 -1.280002e-01 7.250000e-01 5.000000e-01 0.000000e+00
5.231954e-03 4.243689e-04 -1.280002e-01 7.750000e-01 5.000000e-01 0.000000e+00
4.021279e-03 3.701901e-04 -1.280002e-01 8.250000e-01 5.000000e-01 0.000000e+00
4.769970e-03 4.002889e-04 -1.280002e-01 8.750000e-01 5.000000e-01 0.000000e+00
4.181300e-03 3.754938e-04 -1.280002e-01 9.250000e-01 5.000000e-01 0.000000e+00
4.000871e-03 3.652296e-04 -1.280002e-01 9.750000e-01 5.000000e-01 0.000000e+00
4.469019e-03 3.860662e-04 -1.280002e-01 1.025000e+00 5.000000e-01 0.000000e+00
2.822889e-03 3.044016e-04 -1.280002e-01 1.075000e+00 5.000000e-01 0.000000e+00
3.184484e-03 3.216835e-04 -1.280002e-01 1.125000e+00 5.000000e-01 0.000000e+00
2.445960e-03 2.805723e-04 -1.280002e-01 1.175000e+00 5.000000e-01 0.000000e+00
1.953176e-03 2.521554e-04 -1.280002e-01 1.225000e+00 5.000000e-01 0.000000e+00
2.052380e-03 2.606537e-04 -1.280002e-01 1.275000e+00 5.000000e-01 0.000000e+00
1.562351e-03 2.255078e-04 -1.280002e-01 1.325000e+00 5.000000e-01 0.000000e+00
1.254212e-03 2.034618e-04 -1.280002e-01 1.375000e+00 5.000000e-01 0.000000e+00
1.054638e-03 1.864369e-04 -1.280002e-01 1.425000e+00 5.000000e-01 0.000000e+00
1.051093e-03 1.858104e-04 -1.280002e-01 1.475000e+00 5.000000e-01 0.000000e+00
8.677729e-04 1.701859e-04 -1.280002e-01 1.525000e+00 5.000000e-01 0.000000e+00
4.015833e-04 1.159282e-04 -1.280002e-01 1.575000e+00 5.000000e-01 0.000000e+00
1.403745e-03 2.166043e-04 -1.280002e-01 1.625000e+00 5.000000e-01 0.000000e+00
6.531855e-04 1.460577e-04 -1.280002e-01 1.675000e+00 5.000000e-01 0.000000e+00
5.163771e-04 1.290960e-04 -1.280002e-01 1.725000e+00 5.000000e-01 0.000000e+00
4.461773e-04 1.192478e-04 -1.280002e-01 1.775000e+00 5.000000e-01 0.000000e+00
7.570112e-04 1.545258e-04 -1.280002e-01 1.825000e+00 5.000000e-01 0.000000e+00
3.731793e-04 1.077285e-04 -1.280002e-01 1.875000e+00 5.000000e-01 0.000000e+00
8.583453e-04 1.622131e-04 -1.280002e-01 1.925000e+00 5.000000e-01 0.000000e+00
4.196725e-04 1.121644e-04 -1.280002e-01 1.975000e+00 5.000000e-01 0.000000e+00
2.375727e-04 8.399548e-05 -1.280002e-01 2.025000e+00 5.000000e-01 0.000000e+00
1.153787e-04 5.768933e-05 -1.280002e-01 2.075000e+00 5.000000e-01 0.000000e+00
4.015524e-04 1.073206e-04 -1.280002e-01 2.125000e+00 5.000000e-01 0.000000e+00
4.399929e-04 1.099992e-04 -1.280002e-01 2.175000e+00 5.000000e-01 0.000000e+00
2.602207e-04 8.229099e-05 -1.280002e-01 2.225000e+00 5.000000e-01 0.000000e+00
5.287609e-04 1.127346e-04 -1.280002e-01 2.275000e+00 5.000000e-01 0.000000e+00
3.110725e-04 8.313963e-05 -1.280002e-01 2.325000e+00 5.000000e-01 0.000000e+00
4.295747e-04 9.605745e-05 -1.280002e-01 2.375000e+00 5.000000e-01 0.000000e+00
2.116954e-04 6.694423e-05 -1.280002e-01 2.425000e+00 5.000000e-01 0.000000e+00
4.992167e-04 1.019043e-04 -1.280002e-01 2.475000e+00 5.000000e-01 0.000000e+00
5.255264e-04 1.030688e-04 -1.280002e-01 2.525000e+00 5.000000e-01 0.000000e+00
7.825928e-04 1.237434e-04 -1.280002e-01 2.575000e+00 5.000000e-01 0.000000e+00
7.590828e-04 1.200269e-04 -1.280002e-01 2.625000e+00 5.000000e-01 0.000000e+00
3.619530e-04 8.093858e-05 -1.280002e-01 2.675000e+00 5.000000e-01 0.000000e+00
7.340542e-04 1.132695e-04 -1.280002e-01 2.725000e+00 5.000000e-01 0.000000e+00
6.931336e-04 1.069599e-04 -1.280002e-01 2.775000e+00 5.000000e-01 0.000000e+00
7.415446e-04 1.070399e-04 -1.280002e-01 2.825000e+00 5.000000e-01 0.000000e+00
8.333448e-04 1.075971e-04 -1.280002e-01 2.875000e+00 5.000000e-01 0.000000e+00
4.393170e-01 4.206359e-03 -1.180002e-01 2.500000e-02 5.000000e-01 0.000000e+00
7.747881e-02 1.804277e-03 -1.180002e-01 7.500000e-02 5.000000e-01 0.000000e+00
1.293986e-02 7.397245e-04 -1.180002e-01 1.250000e-01 5.000000e-01 0.000000e+00
8.115019e-03 5.856524e-04 -1.180002e-01 1.750000e-01 5.000000e-01 0.000000e+00
9.464118e-03 6.351917e-04 -1.180002e-01 2.250000e-01 5.000000e-01 0.000000e+00
8.611493e-03 5.999928e-04 -1.180002e-01 2.750000e-01 5.000000e-01 0.000000e+00
9.095266e-03 6.188560e-04 -1.180002e-01 3.250000e-01 5.000000e-01 0.000000e+00
7.942859e-03 5.732280e-04 -1.180002e-01 3.750000e-01 5.000000e-01 0.000000e+00
9.006724e-03 6.072351e-04 -1.180002e-01 4.250000e-01 5.000000e-01 0.000000e+00
6.532723e-03 5.132609e-04 -1.180002e-01 4.750000e-01 5.000000e-01 0.000000e+00
7.549876e-03 5.420512e-04 -1.180002e-01 5.250000e-01 5.000000e-01 0.000000e+00
6.622965e-03 4.992266e-04 -1.180002e-01 5.750000e-01 5.000000e-01 0.000000e+00
6.871387e-03 4.985045e-04 -1.180002e-01 6.250000e-01 5.000000e-01 0.000000e+00
6.014712e-03 4.559758e-04 -1.180002e-01 6.750000e-01 5.000000e-01 0.000000e+00
6.303830e-03 4.698615e-04 -1.180002e-01 7.250000e-01 5.000000e-01 0.000000e+00
4.924528e-03 4.103790e-04 -1.180002e-01 7.750000e-01 5.000000e-01 0.000000e+00
4.339424e-03 3.835560e-04 -1.180002e-01 8.250000e-01 5.000000e-01 0.000000e+00
4.684796e-03 3.987979e-04 -1.180002e-01 8.750000e-01 5.000000e-01 0.000000e+00
4.581629e-03 3.900162e-04 -1.180002e-01 9.250000e-01 5.000000e-01 0.000000e+00
3.741327e-03 3.535234e-04 -1.180002e-01 9.750000e-01 5.000000e-01 0.000000e+00
3.260905e-03 3.294025e-04 -1.180002e-01 1.025000e+00 5.000000e-01 0.000000e+00
3.926579e-03 3.584482e-04 -1.180002e-01 1.075000e+00 5.000000e-01 0.000000e+00
2.276306e-03 2.720723e-04 -1.180002e-01 1.125000e+00 5.000000e-01 0.000000e+00
2.647107e-03 2.959571e-04 -1.180002e-01 1.175000e+00 5.000000e-01 0.000000e+00
1.907296e-03 2.504417e-04 -1.180002e-01 1.225000e+00 5.000000e-01 0.000000e+00
1.587044e-03 2.290714e-04 -1.180002e-01 1.275000e+00 5.000000e-01 0.000000e+00
1.085139e-03 1.918285e-04 -1.180002e-01 1.325000e+00 5.000000e-01 0.000000e+00
1.268975e-03 2.058562e-04 -1.180002e-01 1.375000e+00 5.000000e-01 0.000000e+00
1.285751e-03 2.085774e-04 -1.180002e-01 1.425000e+00 5.000000e-01 0.000000e+00
1.500416e-03 2.261981e-04 -1.180002e-01 1.475000e+00 5.000000e-01 0.000000e+00
6.777407e-04 1.515493e-04 -1.180002e-01 1.525000e+00 5.000000e-01 0.000000e+00
7.969289e-04 1.626739e-04 -1.180002e-01 1.575000e+00 5.000000e-01 0.000000e+00
1.490753e-03 2.198015e-04 -1.180002e-01 1.625000e+00 5.000000e-01 0.000000e+00
9.843602e-04 1.797205e-04 -1.180002e-01 1.675000e+00 5.000000e-01 0.000000e+00
7.790727e-04 1.590291e-04 -1.180002e-01 1.725000e+00 5.000000e-01 0.000000e+00
4.467858e-04 1.194096e-04 -1.180002e-01 1.775000e+00 5.000000e-01 0.000000e+00
5.047834e-04 1.261968e-04 -1.180002e-01 1.825000e+00 5.000000e-01 0.000000e+00
3.682498e-04 1.063048e-04 -1.180002e-01 1.875000e+00 5.000000e-01 0.000000e+00
6.077832e-04 1.359069e-04 -1.180002e-01 1.925000e+00 5.000000e-01 0.000000e+00
8.876613e-04 1.620652e-04 -1.180002e-01 1.975000e+00 5.000000e-01 0.000000e+00
1.763521e-04 7.199659e-05 -1.180002e-01 2.025000e+00 5.000000e-01 0.000000e+00
4.584343e-04 1.146102e-04 -1.180002e-01 2.075000e+00 5.000000e-01 0.000000e+00
2.252411e-04 7.963568e-05 -1.180002e-01 2.125000e+00 5.000000e-01 0.000000e+00
3.749737e-04 1.002167e-04 -1.180002e-01 2.175000e+00 5.000000e-01 0.000000e+00
5.113884e-04 1.143520e-04 -1.180002e-01 2.225000e+00 5.000000e-01 0.000000e+00
3.798889e-04 9.497438e-05 -1.180002e-01 2.275000e+00 5.000000e-01 0.000000e+00
3.028823e-04 8.095070e-05 -1.180002e-01 2.325000e+00 5.000000e-01 0.000000e+00
3.354897e-04 8.387544e-05 -1.180002e-01 2.375000e+00 5.000000e-01 0.000000e+00
5.401871e-04 1.059420e-04 -1.180002e-01 2.425000e+00 5.000000e-01 0.000000e+00
4.113862e-04 9.199238e-05 -1.180002e-01 2.475000e+00 5.000000e-01 0.000000e+00
5.197466e-04 1.019340e-04 -1.180002e-01 2.525000e+00 5.000000e-01 0.000000e+00
4.649477e-04 9.491134e-05 -1.180002e-01 2.575000e+00 5.000000e-01 0.000000e+00
4.477379e-04 9.139927e-05 -1.180002e-01 2.625000e+00 5.000000e-01 0.000000e+00
5.743525e-04 1.015382e-04 -1.180002e-01 2.675000e+00 5.000000e-01 0.000000e+00
4.852421e-04 9.170711e-05 -1.180002e-01 2.725000e+00 5.000000e-01 0.000000e+00
3.946350e-04 8.055985e-05 -1.180002e-01 2.775000e+00 5.000000e-01 0.000000e+00
8.173969e-04 1.112450e-04 -1.180002e-01 2.825000e+00 5.000000e-01 0.000000e+00
7.644139e-04 1.021609e-04 -1.180002e-01 2.875000e+00 5.000000e-01 0.000000e+00
4.318121e-01 4.182712e-03 -1.080002e-01 2.500000e-02 5.000000e-01 0.000000e+00
7.928630e-02 1.783632e-03 -1.080002e-01 7.500000e-02 5.000000e-01 0.000000e+00
9.908927e-03 6.423020e-04 -1.080002e-01 1.250000e-01 5.000000e-01 0.000000e+00
9.412102e-03 6.317003e-04 -1.080002e-01 1.750000e-01 5.000000e-01 0.000000e+00
9.189264e-03 6.195415e-04 -1.080002e-01 2.250000e-01 5.000000e-01 0.000000e+00
9.351684e-03 6.304920e-04 -1.080002e-01 2.750000e-01 5.000000e-01 0.000000e+00
7.415233e-03 5.527003e-04 -1.080002e-01 3.250000e-01 5.000000e-01 0.000000e+00
7.420711e-03 5.562074e-04 -1.080002e-01 3.750000e-01 5.000000e-01 0.000000e+00
7.242441e-03 5.428455e-04 -1.080002e-01 4.250000e-01 5.000000e-01 0.000000e+00
8.653468e-03 5.915409e-04 -1.080002e-01 4.750000e-01 5.000000e-01 0.000000e+00
5.899655e-03 4.882603e-04 -1.080002e-01 5.250000e-01 5.000000e-01 0.000000e+00
6.164221e-03 4.935345e-04 -1.080002e-01 5.750000e-01 5.000000e-01 0.000000e+00
6.393160e-03 4.932447e-04 -1.080002e-01 6.250000e-01 5.000000e-01 0.000000e+00
6.659246e-03 4.963526e-04 -1.080002e-01 6.750000e-01 5.000000e-01 0.000000e+00
5.726070e-03 4.471326e-04 -1.080002e-01 7.250000e-01 5.000000e-01 0.000000e+00
5.023052e-03 4.157121e-04 -1.080002e-01 7.750000e-01 5.000000e-01 0.000000e+00
4.486804e-03 3.905279e-04 -1.080002e-01 8.250000e-01 5.000000e-01 0.000000e+00
5.041047e-03 4.088846e-04 -1.080002e-01 8.750000e-01 5.000000e-01 0.000000e+00
4.721331e-03 3.990271e-04 -1.080002e-01 9.250000e-01 5.000000e-01 0.000000e+00
3.918736e-03 3.607505e-04 -1.080002e-01 9.750000e-01 5.000000e-01 0.000000e+00
3.110968e-03 3.208727e-04 -1.080002e-01 1.025000e+00 5.000000e-01 0.000000e+00
3.726780e-03 3.521496e-04 -1.080002e-01 1.075000e+00 5.000000e-01 0.000000e+00
3.119363e-03 3.217392e-04 -1.080002e-01 1.125000e+00 5.000000e-01 0.000000e+00
2.980441e-03 3.141677e-04 -1.080002e-01 1.175000e+00 5.000000e-01 0.000000e+00
1.284522e-03 2.083776e-04 -1.080002e-01 1.225000e+00 5.000000e-01 0.000000e+00
1.916474e-03 2.561014e-04 -1.080002e-01 1.275000e+00 5.000000e-01 0.000000e+00
1.089719e-03 1.926379e-04 -1.080002e-01 1.325000e+00 5.000000e-01 0.000000e+00
1.240973e-03 2.068298e-04 -1.080002e-01 1.375000e+00 5.000000e-01 0.000000e+00
1.323789e-03 2.147481e-04 -1.080002e-01 1.425000e+00 5.000000e-01 0.000000e+00
1.654156e-03 2.387585e-04 -1.080002e-01 1.475000e+00 5.000000e-01 0.000000e+00
1.216323e-03 2.027217e-04 -1.080002e-01 1.525000e+00 5.000000e-01 0.000000e+00
9.908546e-04 1.809064e-04 -1.080002e-01 1.575000e+00 5.000000e-01 0.000000e+00
6.534451e-04 1.461156e-04 -1.080002e-01 1.625000e+00 5.000000e-01 0.000000e+00
1.166852e-03 1.944773e-04 -1.080002e-01 1.675000e+00 5.000000e-01 0.000000e+00
1.029201e-03 1.819401e-04 -1.080002e-01 1.725000e+00 5.000000e-01 0.000000e+00
5.683396e-04 1.339596e-04 -1.080002e-01 1.775000e+00 5.000000e-01 0.000000e+00
4.342937e-04 1.160706e-04 -1.080002e-01 1.825000e+00 5.000000e-01 0.000000e+00
6.152568e-04 1.375770e-04 -1.080002e-01 1.875000e+00 5.000000e-01 0.000000e+00
6.684595e-04 1.425174e-04 -1.080002e-01 1.925000e+00 5.000000e-01 0.000000e+00
5.344774e-04 1.259789e-04 -1.080002e-01 1.975000e+00 5.000000e-01 0.000000e+00
1.768012e-04 7.217887e-05 -1.080002e-01 2.025000e+00 5.000000e-01 0.000000e+00
6.272304e-04 1.337281e-04 -1.080002e-01 2.075000e+00 5.000000e-01 0.000000e+00
3.284369e-04 9.481310e-05 -1.080002e-01 2.125000e+00 5.000000e-01 0.000000e+00
4.148419e-04 1.037116e-04 -1.080002e-01 2.175000e+00 5.000000e-01 0.000000e+00
3.372124e-04 9.012584e-05 -1.080002e-01 2.225000e+00 5.000000e-01 0.000000e+00
5.106754e-04 1.088770e-04 -1.080002e-01 2.275000e+00 5.000000e-01 0.000000e+00
4.022239e-04 9.480710e-05 -1.080002e-01 2.325000e+00 5.000000e-01 0.000000e+00
5.844987e-04 1.104638e-04 -1.080002e-01 2.375000e+00 5.000000e-01 0.000000e+00
3.670668e-04 8.651967e-05 -1.080002e-01 2.425000e+00 5.000000e-01 0.000000e+00
5.213795e-04 1.022534e-04 -1.080002e-01 2.475000e+00 5.000000e-01 0.000000e+00
5.559279e-04 1.050640e-04 -1.080002e-01 2.525000e+00 5.000000e-01 0.000000e+00
5.403930e-04 1.021293e-04 -1.080002e-01 2.575000e+00 5.000000e-01 0.000000e+00
5.591306e-04 1.020880e-04 -1.080002e-01 2.625000e+00 5.000000e-01 0.000000e+00
3.956394e-04 8.435790e-05 -1.080002e-01 2.675000e+00 5.000000e-01 0.000000e+00
5.473638e-04 9.677015e-05 -1.080002e-01 2.725000e+00 5.000000e-01 0.000000e+00
6.472787e-04 1.023518e-04 -1.080002e-01 2.775000e+00 5.000000e-01 0.000000e+00
8.298888e-04 1.109101e-04 -1.080002e-01 2.825000e+00 5.000000e-01 0.000000e+00
9.613971e-04 1.133152e-04 -1.080002e-01 2.875000e+00 5.000000e-01 0.000000e+00
4.398278e-01 4.138660e-03 -9.800023e-02 2.500000e-02 5.000000e-01 0.000000e+00
7.428918e-02 1.729061e-03 -9.800023e-02 7.500000e-02 5.000000e-01 0.000000e+00
1.052894e-02 6.504819e-04 -9.800023e-02 1.250000e-01 5.000000e-01 0.000000e+00
9.788871e-03 6.372027e-04 -9.800023e-02 1.750000e-01 5.000000e-01 0.000000e+00
9.502937e-03 6.349432e-04 -9.800023e-02 2.250000e-01 5.000000e-01 0.000000e+00
8.010243e-03 5.751036e-04 -9.800023e-02 2.750000e-01 5.000000e-01 0.000000e+00
1.080880e-02 6.755515e-04 -9.800023e-02 3.250000e-01 5.000000e-01 0.000000e+00
7.325537e-03 5.460149e-04 -9.800023e-02 3.750000e-01 5.000000e-01 0.000000e+00
7.626286e-03 5.591883e-04 -9.800023e-02 4.250000e-01 5.000000e-01 0.000000e+00
8.773323e-03 5.969507e-04 -9.800023e-02 4.750000e-01 5.000000e-01 0.000000e+00
6.958778e-03 5.275452e-04 -9.800023e-02 5.250000e-01 5.000000e-01 0.000000e+00
6.448158e-03 5.097734e-04 -9.800023e-02 5.750000e-01 5.000000e-01 0.000000e+00
5.640701e-03 4.733586e-04 -9.800023e-02 6.250000e-01 5.000000e-01 0.000000e+00
5.594591e-03 4.662173e-04 -9.800023e-02 6.750000e-01 5.000000e-01 0.000000e+00
5.914568e-03 4.705397e-04 -9.800023e-02 7.250000e-01 5.000000e-01 0.000000e+00
5.666506e-03 4.479785e-04 -9.800023e-02 7.750000e-01 5.000000e-01 0.000000e+00
4.955649e-03 4.101339e-04 -9.800023e-02 8.250000e-01 5.000000e-01 0.000000e+00
4.126539e-03 3.736008e-04 -9.800023e-02 8.750000e-01 5.000000e-01 0.000000e+00
4.292199e-03 3.764527e-04 -9.800023e-02 9.250000e-01 5.000000e-01 0.000000e+00
3.447519e-03 3.413567e-04 -9.800023e-02 9.750000e-01 5.000000e-01 0.000000e+00
3.043487e-03 3.208131e-04 -9.800023e-02 1.025000e+00 5.000000e-01 0.000000e+00
2.888385e-03 3.114640e-04 -9.800023e-02 1.075000e+00 5.000000e-01 0.000000e+00
2.295291e-03 2.783463e-04 -9.800023e-02 1.125000e+00 5.000000e-01 0.000000e+00
1.632726e-03 2.356649e-04 -9.800023e-02 1.175000e+00 5.000000e-01 0.000000e+00
1.791324e-03 2.484135e-04 -9.800023e-02 1.225000e+00 5.000000e-01 0.000000e+00
1.934252e-03 2.584767e-04 -9.800023e-02 1.275000e+00 5.000000e-01 0.000000e+00
9.989646e-04 1.887871e-04 -9.800023e-02 1.325000e+00 5.000000e-01 0.000000e+00
1.538817e-03 2.319868e-04 -9.800023e-02 1.375000e+00 5.000000e-01 0.000000e+00
1.024889e-03 1.871196e-04 -9.800023e-02 1.425000e+00 5.000000e-01 0.000000e+00
9.642274e-04 1.822230e-04 -9.800023e-02 1.475000e+00 5.000000e-01 0.000000e+00
9.533683e-04 1.801713e-04 -9.800023e-02 1.525000e+00 5.000000e-01 0.000000e+00
1.146573e-03 1.966374e-04 -9.800023e-02 1.575000e+00 5.000000e-01 0.000000e+00
7.133791e-04 1.520943e-04 -9.800023e-02 1.625000e+00 5.000000e-01 0.000000e+00
1.220045e-03 1.979193e-04 -9.800023e-02 1.675000e+00 5.000000e-01 0.000000e+00
6.959733e-04 1.483832e-04 -9.800023e-02 1.725000e+00 5.000000e-01 0.000000e+00
5.049669e-04 1.262428e-04 -9.800023e-02 1.775000e+00 5.000000e-01 0.000000e+00
7.578857e-04 1.547048e-04 -9.800023e-02 1.825000e+00 5.000000e-01 0.000000e+00
9.201544e-04 1.679984e-04 -9.800023e-02 1.875000e+00 5.000000e-01 0.000000e+00
3.649348e-04 1.053492e-04 -9.800023e-02 1.925000e+00 5.000000e-01 0.000000e+00
3.570677e-04 1.030776e-04 -9.800023e-02 1.975000e+00 5.000000e-01 0.000000e+00
4.626870e-04 1.156721e-04 -9.800023e-02 2.025000e+00 5.000000e-01 0.000000e+00
3.917606e-04 1.047034e-04 -9.800023e-02 2.075000e+00 5.000000e-01 0.000000e+00
4.728310e-04 1.114492e-04 -9.800023e-02 2.125000e+00 5.000000e-01 0.000000e+00
5.466231e-04 1.165434e-04 -9.800023e-02 2.175000e+00 5.000000e-01 0.000000e+00
2.816458e-04 8.130581e-05 -9.800023e-02 2.225000e+00 5.000000e-01 0.000000e+00
5.966060e-04 1.170070e-04 -9.800023e-02 2.275000e+00 5.000000e-01 0.000000e+00
5.837618e-04 1.144865e-04 -9.800023e-02 2.325000e+00 5.000000e-01 0.000000e+00
5.657488e-04 1.109561e-04 -9.800023e-02 2.375000e+00 5.000000e-01 0.000000e+00
4.052355e-04 9.061589e-05 -9.800023e-02 2.425000e+00 5.000000e-01 0.000000e+00
6.281905e-04 1.110546e-04 -9.800023e-02 2.475000e+00 5.000000e-01 0.000000e+00
4.682762e-04 9.558790e-05 -9.800023e-02 2.525000e+00 5.000000e-01 0.000000e+00
5.745270e-04 1.048969e-04 -9.800023e-02 2.575000e+00 5.000000e-01 0.000000e+00
4.437572e-04 9.058466e-05 -9.800023e-02 2.625000e+00 5.000000e-01 0.000000e+00
8.189225e-04 1.207512e-04 -9.800023e-02 2.675000e+00 5.000000e-01 0.000000e+00
7.775537e-04 1.146521e-04 -9.800023e-02 2.725000e+00 5.000000e-01 0.000000e+00
1.174201e-03 1.365080e-04 -9.800023e-02 2.775000e+00 5.000000e-01 0.000000e+00
8.189232e-04 1.094436e-04 -9.800023e-02 2.825000e+00 5.000000e-01 0.000000e+00
1.125955e-03 1.214293e-04 -9.800023e-02 2.875000e+00 5.000000e-01 0.000000e+00
4.323837e-01 4.070415e-03 -8.800024e-02 2.500000e-02 5.000000e-01 0.000000e+00
7.764319e-02 1.737026e-03 -8.800024e-02 7.500000e-02 5.000000e-01 0.000000e+00
1.145165e-02 6.795320e-04 -8.800024e-02 1.250000e-01 5.000000e-01 0.000000e+00
1.026363e-02 6.389870e-04 -8.800024e-02 1.750000e-01 5.000000e-01 0.000000e+00
1.091704e-02 6.744590e-04 -8.800024e-02 2.250000e-01 5.000000e-01 0.000000e+00
9.798335e-03 6.405390e-04 -8.800024e-02 2.750000e-01 5.000000e-01 0.000000e+00
9.542024e-03 6.264663e-04 -8.800024e-02 3.250000e-01 5.000000e-01 0.000000e+00
9.181389e-03 6.162162e-04 -8.800024e-02 3.750000e-01 5.000000e-01 0.000000e+00
7.061963e-03 5.353676e-04 -8.800024e-02 4.250000e-01 5.000000e-01 0.000000e+00
7.692887e-03 5.581023e-04 -8.800024e-02 4.750000e-01 5.000000e-01 0.000000e+00
6.063741e-03 4.951039e-04 -8.800024e-02 5.250000e-01 5.000000e-01 0.000000e+00
6.234369e-03 4.959812e-04 -8.800024e-02 5.750000e-01 5.000000e-01 0.000000e+00
5.763302e-03 4.836476e-04 -8.800024e-02 6.250000e-01 5.000000e-01 0.000000e+00
5.676727e-03 4.730621e-04 -8.800024e-02 6.750000e-01 5.000000e-01 0.000000e+00
4.767108e-03 4.315953e-04 -8.800024e-02 7.250000e-01 5.000000e-01 0.000000e+00
4.753911e-03 4.235140e-04 -8.800024e-02 7.750000e-01 5.000000e-01 0.000000e+00
4.834036e-03 4.175988e-04 -8.800024e-02 8.250000e-01 5.000000e-01 0.000000e+00
4.299424e-03 3.830248e-04 -8.800024e-02 8.750000e-01 5.000000e-01 0.000000e+00
4.007973e-03 3.689655e-04 -8.800024e-02 9.250000e-01 5.000000e-01 0.000000e+00
3.467694e-03 3.433543e-04 -8.800024e-02 9.750000e-01 5.000000e-01 0.000000e+00
3.683910e-03 3.544863e-04 -8.800024e-02 1.025000e+00 5.000000e-01 0.000000e+00
3.403681e-03 3.438252e-04 -8.800024e-02 1.075000e+00 5.000000e-01 0.000000e+00
3.301600e-03 3.369698e-04 -8.800024e-02 1.125000e+00 5.000000e-01 0.000000e+00
1.876211e-03 2.553214e-04 -8.800024e-02 1.175000e+00 5.000000e-01 0.000000e+00
2.134113e-03 2.755142e-04 -8.800024e-02 1.225000e+00 5.000000e-01 0.000000e+00
2.371105e-03 2.918645e-04 -8.800024e-02 1.275000e+00 5.000000e-01 0.000000e+00
1.752362e-03 2.478228e-04 -8.800024e-02 1.325000e+00 5.000000e-01 0.000000e+00
1.052781e-03 1.922118e-04 -8.800024e-02 1.375000e+00 5.000000e-01 0.000000e+00
1.038823e-03 1.896633e-04 -8.800024e-02 1.425000e+00 5.000000e-01 0.000000e+00
1.437097e-03 2.217506e-04 -8.800024e-02 1.475000e+00 5.000000e-01 0.000000e+00
1.009369e-03 1.842860e-04 -8.800024e-02 1.525000e+00 5.000000e-01 0.000000e+00
8.016572e-04 1.636390e-04 -8.800024e-02 1.575000e+00 5.000000e-01 0.000000e+00
9.921982e-04 1.811513e-04 -8.800024e-02 1.625000e+00 5.000000e-01 0.000000e+00
7.875766e-04 1.607644e-04 -8.800024e-02 1.675000e+00 5.000000e-01 0.000000e+00
8.814428e-04 1.665782e-04 -8.800024e-02 1.725000e+00 5.000000e-01 0.000000e+00
8.730024e-04 1.649846e-04 -8.800024e-02 1.775000e+00 5.000000e-01 0.000000e+00
3.649274e-04 1.053465e-04 -8.800024e-02 1.825000e+00 5.000000e-01 0.000000e+00
7.951110e-04 1.559356e-04 -8.800024e-02 1.875000e+00 5.000000e-01 0.000000e+00
8.457824e-04 1.598391e-04 -8.800024e-02 1.925000e+00 5.000000e-01 0.000000e+00
7.023091e-04 1.433608e-04 -8.800024e-02 1.975000e+00 5.000000e-01 0.000000e+00
5.620043e-04 1.256695e-04 -8.800024e-02 2.025000e+00 5.000000e-01 0.000000e+00
4.257864e-04 1.064487e-04 -8.800024e-02 2.075000e+00 5.000000e-01 0.000000e+00
2.473355e-04 7.821561e-05 -8.800024e-02 2.125000e+00 5.000000e-01 0.000000e+00
5.291592e-04 1.128187e-04 -8.800024e-02 2.175000e+00 5.000000e-01 0.000000e+00
3.286366e-04 8.783275e-05 -8.800024e-02 2.225000e+00 5.000000e-01 0.000000e+00
4.157365e-04 9.799327e-05 -8.800024e-02 2.275000e+00 5.000000e-01 0.000000e+00
2.220090e-04 7.020697e-05 -8.800024e-02 2.325000e+00 5.000000e-01 0.000000e+00
5.232569e-04 1.068112e-04 -8.800024e-02 2.375000e+00 5.000000e-01 0.000000e+00
7.121222e-04 1.221313e-04 -8.800024e-02 2.425000e+00 5.000000e-01 0.000000e+00
6.296092e-04 1.113029e-04 -8.800024e-02 2.475000e+00 5.000000e-01 0.000000e+00
3.806370e-04 8.511540e-05 -8.800024e-02 2.525000e+00 5.000000e-01 0.000000e+00
4.494104e-04 9.173944e-05 -8.800024e-02 2.575000e+00 5.000000e-01 0.000000e+00
5.577219e-04 1.018289e-04 -8.800024e-02 2.625000e+00 5.000000e-01 0.000000e+00
9.843870e-04 1.315530e-04 -8.800024e-02 2.675000e+00 5.000000e-01 0.000000e+00
6.403263e-04 1.038782e-04 -8.800024e-02 2.725000e+00 5.000000e-01 0.000000e+00
8.789625e-04 1.174652e-04 -8.800024e-02 2.775000e+00 5.000000e-01 0.000000e+00
7.722281e-04 1.050955e-04 -8.800024e-02 2.825000e+00 5.000000e-01 0.000000e+00
1.062014e-03 1.172958e-04 -8.800024e-02 2.875000e+00 5.000000e-01 0.000000e+00
4.445025e-01 4.135676e-03 -7.800025e-02 2.500000e-02 5.000000e-01 0.000000e+00
7.652716e-02 1.710347e-03 -7.800025e-02 7.500000e-02 5.000000e-01 0.000000e+00
1.030234e-02 6.340670e-04 -7.800025e-02 1.250000e-01 5.000000e-01 0.000000e+00
9.469169e-03 6.190207e-04 -7.800025e-02 1.750000e-01 5.000000e-01 0.000000e+00
7.687881e-03 5.519591e-04 -7.800025e-02 2.250000e-01 5.000000e-01 0.000000e+00
9.728616e-03 6.387168e-04 -7.800025e-02 2.750000e-01 5.000000e-01 0.000000e+00
8.850377e-03 6.021936e-04 -7.800025e-02 3.250000e-01 5.000000e-01 0.000000e+00
7.339528e-03 5.501226e-04 -7.800025e-02 3.750000e-01 5.000000e-01 0.000000e+00
7.331969e-03 5.464943e-04 -7.800025e-02 4.250000e-01 5.000000e-01 0.000000e+00
8.109317e-03 5.705712e-04 -7.800025e-02 4.750000e-01 5.000000e-01 0.000000e+00
8.017671e-03 5.669368e-04 -7.800025e-02 5.250000e-01 5.000000e-01 0.000000e+00
7.807640e-03 5.605576e-04 -7.800025e-02 5.750000e-01 5.000000e-01 0.000000e+00
6.128197e-03 4.906500e-04 -7.800025e-02 6.250000e-01 5.000000e-01 0.000000e+00
5.377328e-03 4.645321e-04 -7.800025e-02 6.750000e-01 5.000000e-01 0.000000e+00
5.422453e-03 4.615914e-04 -7.800025e-02 7.250000e-01 5.000000e-01 0.000000e+00
5.413552e-03 4.575301e-04 -7.800025e-02 7.750000e-01 5.000000e-01 0.000000e+00
4.785817e-03 4.297812e-04 -7.800025e-02 8.250000e-01 5.000000e-01 0.000000e+00
4.821823e-03 4.229036e-04 -7.800025e-02 8.750000e-01 5.000000e-01 0.000000e+00
4.347187e-03 3.968437e-04 -7.800025e-02 9.250000e-01 5.000000e-01 0.000000e+00
3.395944e-03 3.465989e-04 -7.800025e-02 9.750000e-01 5.000000e-01 0.000000e+00
2.741531e-03 3.104191e-04 -7.800025e-02 1.025000e+00 5.000000e-01 0.000000e+00
1.949303e-03 2.604876e-04 -7.800025e-02 1.075000e+00 5.000000e-01 0.000000e+00
2.517077e-03 3.008498e-04 -7.800025e-02 1.125000e+00 5.000000e-01 0.000000e+00
2.430543e-03 2.947479e-04 -7.800025e-02 1.175000e+00 5.000000e-01 0.000000e+00
1.997326e-03 2.669052e-04 -7.800025e-02 1.225000e+00 5.000000e-01 0.000000e+00
1.947752e-03 2.650565e-04 -7.800025e-02 1.275000e+00 5.000000e-01 0.000000e+00
1.409745e-03 2.229016e-04 -7.800025e-02 1.325000e+00 5.000000e-01 0.000000e+00
1.958503e-03 2.617183e-04 -7.800025e-02 1.375000e+00 5.000000e-01 0.000000e+00
1.286753e-03 2.087408e-04 -7.800025e-02 1.425000e+00 5.000000e-01 0.000000e+00
1.036014e-03 1.891504e-04 -7.800025e-02 1.475000e+00 5.000000e-01 0.000000e+00
1.012061e-03 1.847774e-04 -7.800025e-02 1.525000e+00 5.000000e-01 0.000000e+00
1.332784e-03 2.107330e-04 -7.800025e-02 1.575000e+00 5.000000e-01 0.000000e+00
7.180908e-04 1.530987e-04 -7.800025e-02 1.625000e+00 5.000000e-01 0.000000e+00
3.887386e-04 1.122193e-04 -7.800025e-02 1.675000e+00 5.000000e-01 0.000000e+00
1.029709e-03 1.820303e-04 -7.800025e-02 1.725000e+00 5.000000e-01 0.000000e+00
6.934544e-04 1.478467e-04 -7.800025e-02 1.775000e+00 5.000000e-01 0.000000e+00
4.301861e-04 1.149730e-04 -7.800025e-02 1.825000e+00 5.000000e-01 0.000000e+00
6.063417e-04 1.355832e-04 -7.800025e-02 1.875000e+00 5.000000e-01 0.000000e+00
7.695097e-04 1.509149e-04 -7.800025e-02 1.925000e+00 5.000000e-01 0.000000e+00
3.404897e-04 9.829111e-05 -7.800025e-02 1.975000e+00 5.000000e-01 0.000000e+00
3.210048e-04 9.266684e-05 -7.800025e-02 2.025000e+00 5.000000e-01 0.000000e+00
6.122619e-04 1.249791e-04 -7.800025e-02 2.075000e+00 5.000000e-01 0.000000e+00
2.949834e-04 8.515559e-05 -7.800025e-02 2.125000e+00 5.000000e-01 0.000000e+00
5.303125e-04 1.130648e-04 -7.800025e-02 2.175000e+00 5.000000e-01 0.000000e+00
4.251482e-04 1.002101e-04 -7.800025e-02 2.225000e+00 5.000000e-01 0.000000e+00
4.094182e-04 9.650257e-05 -7.800025e-02 2.275000e+00 5.000000e-01 0.000000e+00
4.931939e-04 1.051517e-04 -7.800025e-02 2.325000e+00 5.000000e-01 0.000000e+00
5.209088e-04 1.063329e-04 -7.800025e-02 2.375000e+00 5.000000e-01 0.000000e+00
5.505509e-04 1.079754e-04 -7.800025e-02 2.425000e+00 5.000000e-01 0.000000e+00
4.873120e-04 9.947725e-05 -7.800025e-02 2.475000e+00 5.000000e-01 0.000000e+00
5.731750e-04 1.046529e-04 -7.800025e-02 2.525000e+00 5.000000e-01 0.000000e+00
5.514590e-04 1.006854e-04 -7.800025e-02 2.575000e+00 5.000000e-01 0.000000e+00
4.270666e-04 8.718009e-05 -7.800025e-02 2.625000e+00 5.000000e-01 0.000000e+00
4.188904e-04 8.551053e-05 -7.800025e-02 2.675000e+00 5.000000e-01 0.000000e+00
7.019815e-04 1.083261e-04 -7.800025e-02 2.725000e+00 5.000000e-01 0.000000e+00
6.540961e-04 1.009364e-04 -7.800025e-02 2.775000e+00 5.000000e-01 0.000000e+00
8.221159e-04 1.079566e-04 -7.800025e-02 2.825000e+00 5.000000e-01 0.000000e+00
1.249466e-03 1.262366e-04 -7.800025e-02 2.875000e+00 5.000000e-01 0.000000e+00
4.414734e-01 4.057915e-03 -6.800026e-02 2.500000e-02 5.000000e-01 0.000000e+00
7.455171e-02 1.698752e-03 -6.800026e-02 7.500000e-02 5.000000e-01 0.000000e+00
1.250095e-02 6.923653e-04 -6.800026e-02 1.250000e-01 5.000000e-01 0.000000e+00
9.030910e-03 6.007286e-04 -6.800026e-02 1.750000e-01 5.000000e-01 0.000000e+00
8.325603e-03 5.772785e-04 -6.800026e-02 2.250000e-01 5.000000e-01 0.000000e+00
9.839820e-03 6.248310e-04 -6.800026e-02 2.750000e-01 5.000000e-01 0.000000e+00
8.338672e-03 5.896349e-04 -6.800026e-02 3.250000e-01 5.000000e-01 0.000000e+00
9.751309e-03 6.294460e-04 -6.800026e-02 3.750000e-01 5.000000e-01 0.000000e+00
8.249343e-03 5.775713e-04 -6.800026e-02 4.250000e-01 5.000000e-01 0.000000e+00
7.363363e-03 5.458106e-04 -6.800026e-02 4.750000e-01 5.000000e-01 0.000000e+00
5.996896e-03 4.864139e-04 -6.800026e-02 5.250000e-01 5.000000e-01 0.000000e+00
6.464256e-03 5.110459e-04 -6.800026e-02 5.750000e-01 5.000000e-01 0.000000e+00
5.869715e-03 4.824892e-04 -6.800026e-02 6.250000e-01 5.000000e-01 0.000000e+00
5.845771e-03 4.805213e-04 -6.800026e-02 6.750000e-01 5.000000e-01 0.000000e+00
5.936406e-03 4.847074e-04 -6.800026e-02 7.250000e-01 5.000000e-01 0.000000e+00
5.931133e-03 4.842768e-04 -6.800026e-02 7.750000e-01 5.000000e-01 0.000000e+00
4.549631e-03 4.224240e-04 -6.800026e-02 8.250000e-01 5.000000e-01 0.000000e+00
4.593731e-03 4.302443e-04 -6.800026e-02 8.750000e-01 5.000000e-01 0.000000e+00
3.744547e-03 3.821781e-04 -6.800026e-02 9.250000e-01 5.000000e-01 0.000000e+00
3.697310e-03 3.773569e-04 -6.800026e-02 9.750000e-01 5.000000e-01 0.000000e+00
2.638054e-03 3.153097e-04 -6.800026e-02 1.025000e+00 5.000000e-01 0.000000e+00
2.540102e-03 3.036019e-04 -6.800026e-02 1.075000e+00 5.000000e-01 0.000000e+00
1.807707e-03 2.556492e-04 -6.800026e-02 1.125000e+00 5.000000e-01 0.000000e+00
2.329728e-03 2.912177e-04 -6.800026e-02 1.175000e+00 5.000000e-01 0.000000e+00
1.514104e-03 2.336327e-04 -6.800026e-02 1.225000e+00 5.000000e-01 0.000000e+00
2.118955e-03 2.735570e-04 -6.800026e-02 1.275000e+00 5.000000e-01 0.000000e+00
1.916154e-03 2.607573e-04 -6.800026e-02 1.325000e+00 5.000000e-01 0.000000e+00
1.399766e-03 2.213239e-04 -6.800026e-02 1.375000e+00 5.000000e-01 0.000000e+00
1.992380e-03 2.616144e-04 -6.800026e-02 1.425000e+00 5.000000e-01 0.000000e+00
1.013847e-03 1.851036e-04 -6.800026e-02 1.475000e+00 5.000000e-01 0.000000e+00
1.339249e-03 2.117550e-04 -6.800026e-02 1.525000e+00 5.000000e-01 0.000000e+00
7.376999e-04 1.572789e-04 -6.800026e-02 1.575000e+00 5.000000e-01 0.000000e+00
7.883073e-04 1.609138e-04 -6.800026e-02 1.625000e+00 5.000000e-01 0.000000e+00
5.854050e-04 1.379820e-04 -6.800026e-02 1.675000e+00 5.000000e-01 0.000000e+00
8.863147e-04 1.674993e-04 -6.800026e-02 1.725000e+00 5.000000e-01 0.000000e+00
8.116751e-04 1.591849e-04 -6.800026e-02 1.775000e+00 5.000000e-01 0.000000e+00
3.688277e-04 1.064723e-04 -6.800026e-02 1.825000e+00 5.000000e-01 0.000000e+00
3.548044e-04 1.024241e-04 -6.800026e-02 1.875000e+00 5.000000e-01 0.000000e+00
3.978092e-04 1.063204e-04 -6.800026e-02 1.925000e+00 5.000000e-01 0.000000e+00
2.156828e-04 7.625653e-05 -6.800026e-02 1.975000e+00 5.000000e-01 0.000000e+00
1.540700e-04 6.290075e-05 -6.800026e-02 2.025000e+00 5.000000e-01 0.000000e+00
4.490290e-04 1.058382e-04 -6.800026e-02 2.075000e+00 5.000000e-01 0.000000e+00
4.366305e-04 1.029165e-04 -6.800026e-02 2.125000e+00 5.000000e-01 0.000000e+00
2.867920e-04 8.279167e-05 -6.800026e-02 2.175000e+00 5.000000e-01 0.000000e+00
4.648392e-04 1.039425e-04 -6.800026e-02 2.225000e+00 5.000000e-01 0.000000e+00
5.064657e-04 1.079825e-04 -6.800026e-02 2.275000e+00 5.000000e-01 0.000000e+00
1.769166e-04 6.255083e-05 -6.800026e-02 2.325000e+00 5.000000e-01 0.000000e+00
5.669093e-04 1.111836e-04 -6.800026e-02 2.375000e+00 5.000000e-01 0.000000e+00
2.547377e-04 7.353870e-05 -6.800026e-02 2.425000e+00 5.000000e-01 0.000000e+00
4.505640e-04 9.606463e-05 -6.800026e-02 2.475000e+00 5.000000e-01 0.000000e+00
3.923040e-04 8.772605e-05 -6.800026e-02 2.525000e+00 5.000000e-01 0.000000e+00
4.754897e-04 9.325342e-05 -6.800026e-02 2.575000e+00 5.000000e-01 0.000000e+00
5.939689e-04 1.018707e-04 -6.800026e-02 2.625000e+00 5.000000e-01 0.000000e+00
5.520242e-04 9.759199e-05 -6.800026e-02 2.675000e+00 5.000000e-01 0.000000e+00
4.974815e-04 9.083155e-05 -6.800026e-02 2.725000e+00 5.000000e-01 0.000000e+00
5.144153e-04 8.822915e-05 -6.800026e-02 2.775000e+00 5.000000e-01 0.000000e+00
8.648680e-04 1.098496e-04 -6.800026e-02 2.825000e+00 5.000000e-01 0.000000e+00
1.198051e-03 1.235852e-04 -6.800026e-02 2.875000e+00 5.000000e-01 0.000000e+00
4.515080e-01 4.101915e-03 -5.800027e-02 2.500000e-02 5.000000e-01 0.000000e+00
8.093116e-02 1.755233e-03 -5.800027e-02 7.500000e-02 5.000000e-01 0.000000e+00
1.198328e-02 6.828124e-04 -5.800027e-02 1.250000e-01 5.000000e-01 0.000000e+00
8.756941e-03 5.774172e-04 -5.800027e-02 1.750000e-01 5.000000e-01 0.000000e+00
9.381761e-03 6.159444e-04 -5.800027e-02 2.250000e-01 5.000000e-01 0.000000e+00
8.258135e-03 5.698670e-04 -5.800027e-02 2.750000e-01 5.000000e-01 0.000000e+00
8.808953e-03 5.993752e-04 -5.800027e-02 3.250000e-01 5.000000e-01 0.000000e+00
8.460722e-03 5.866474e-04 -5.800027e-02 3.750000e-01 5.000000e-01 0.000000e+00
7.205997e-03 5.401140e-04 -5.800027e-02 4.250000e-01 5.000000e-01 0.000000e+00
7.995065e-03 5.681863e-04 -5.800027e-02 4.750000e-01 5.000000e-01 0.000000e+00
6.510465e-03 5.115119e-04 -5.800027e-02 5.250000e-01 5.000000e-01 0.000000e+00
7.160008e-03 5.307367e-04 -5.800027e-02 5.750000e-01 5.000000e-01 0.000000e+00
6.042181e-03 4.933436e-04 -5.800027e-02 6.250000e-01 5.000000e-01 0.000000e+00
5.539534e-03 4.681778e-04 -5.800027e-02 6.750000e-01 5.000000e-01 0.000000e+00
4.400791e-03 4.196008e-04 -5.800027e-02 7.250000e-01 5.000000e-01 0.000000e+00
4.392340e-03 4.226549e-04 -5.800027e-02 7.750000e-01 5.000000e-01 0.000000e+00
4.572051e-03 4.282133e-04 -5.800027e-02 8.250000e-01 5.000000e-01 0.000000e+00
3.861123e-03 3.982458e-04 -5.800027e-02 8.750000e-01 5.000000e-01 0.000000e+00
4.343551e-03 4.259219e-04 -5.800027e-02 9.250000e-01 5.000000e-01 0.000000e+00
3.429921e-03 3.787733e-04 -5.800027e-02 9.750000e-01 5.000000e-01 0.000000e+00
3.602600e-03 3.840403e-04 -5.800027e-02 1.025000e+00 5.000000e-01 0.000000e+00
2.652526e-03 3.265051e-04 -5.800027e-02 1.075000e+00 5.000000e-01 0.000000e+00
2.001541e-03 2.723764e-04 -5.800027e-02 1.125000e+00 5.000000e-01 0.000000e+00
2.299057e-03 2.873835e-04 -5.800027e-02 1.175000e+00 5.000000e-01 0.000000e+00
2.029143e-03 2.711575e-04 -5.800027e-02 1.225000e+00 5.000000e-01 0.000000e+00
2.280577e-03 2.850749e-04 -5.800027e-02 1.275000e+00 5.000000e-01 0.000000e+00
1.610023e-03 2.373858e-04 -5.800027e-02 1.325000e+00 5.000000e-01 0.000000e+00
1.173242e-03 2.012111e-04 -5.800027e-02 1.375000e+00 5.000000e-01 0.000000e+00
1.044163e-03 1.906383e-04 -5.800027e-02 1.425000e+00 5.000000e-01 0.000000e+00
1.217336e-03 2.028905e-04 -5.800027e-02 1.475000e+00 5.000000e-01 0.000000e+00
1.278603e-03 2.074186e-04 -5.800027e-02 1.525000e+00 5.000000e-01 0.000000e+00
6.539497e-04 1.462291e-04 -5.800027e-02 1.575000e+00 5.000000e-01 0.000000e+00
5.927091e-04 1.397036e-04 -5.800027e-02 1.625000e+00 5.000000e-01 0.000000e+00
5.878941e-04 1.385691e-04 -5.800027e-02 1.675000e+00 5.000000e-01 0.000000e+00
8.348404e-04 1.637277e-04 -5.800027e-02 1.725000e+00 5.000000e-01 0.000000e+00
6.930019e-04 1.477499e-04 -5.800027e-02 1.775000e+00 5.000000e-01 0.000000e+00
4.787414e-04 1.196863e-04 -5.800027e-02 1.825000e+00 5.000000e-01 0.000000e+00
6.304242e-04 1.344073e-04 -5.800027e-02 1.875000e+00 5.000000e-01 0.000000e+00
4.254873e-04 1.063732e-04 -5.800027e-02 1.925000e+00 5.000000e-01 0.000000e+00
2.539352e-04 8.030197e-05 -5.800027e-02 1.975000e+00 5.000000e-01 0.000000e+00
2.998532e-04 8.656135e-05 -5.800027e-02 2.025000e+00 5.000000e-01 0.000000e+00
4.942410e-04 1.105174e-04 -5.800027e-02 2.075000e+00 5.000000e-01 0.000000e+00
5.859788e-04 1.196143e-04 -5.800027e-02 2.125000e+00 5.000000e-01 0.000000e+00
2.855262e-04 8.242560e-05 -5.800027e-02 2.175000e+00 5.000000e-01 0.000000e+00
5.174370e-04 1.103195e-04 -5.800027e-02 2.225000e+00 5.000000e-01 0.000000e+00
3.194224e-04 8.537081e-05 -5.800027e-02 2.275000e+00 5.000000e-01 0.000000e+00
3.997764e-04 9.423047e-05 -5.800027e-02 2.325000e+00 5.000000e-01 0.000000e+00
3.043325e-04 8.133709e-05 -5.800027e-02 2.375000e+00 5.000000e-01 0.000000e+00
2.959922e-04 7.910965e-05 -5.800027e-02 2.425000e+00 5.000000e-01 0.000000e+00
4.926650e-04 1.005667e-04 -5.800027e-02 2.475000e+00 5.000000e-01 0.000000e+00
5.908999e-04 1.078878e-04 -5.800027e-02 2.525000e+00 5.000000e-01 0.000000e+00
4.845293e-04 9.502852e-05 -5.800027e-02 2.575000e+00 5.000000e-01 0.000000e+00
8.021099e-04 1.182695e-04 -5.800027e-02 2.625000e+00 5.000000e-01 0.000000e+00
7.473829e-04 1.126818e-04 -5.800027e-02 2.675000e+00 5.000000e-01 0.000000e+00
5.835687e-04 9.726609e-05 -5.800027e-02 2.725000e+00 5.000000e-01 0.000000e+00
7.213477e-04 1.041272e-04 -5.800027e-02 2.775000e+00 5.000000e-01 0.000000e+00
6.770181e-04 9.575691e-05 -5.800027e-02 2.825000e+00 5.000000e-01 0.000000e+00
1.239905e-03 1.252630e-04 -5.800027e-02 2.875000e+00 5.000000e-01 0.000000e+00
4.390956e-01 3.972789e-03 -4.800028e-02 2.500000e-02 5.000000e-01 0.000000e+00
7.817997e-02 1.689221e-03 -4.800028e-02 7.500000e-02 5.000000e-01 0.000000e+00
1.057636e-02 6.412878e-04 -4.800028e-02 1.250000e-01 5.000000e-01 0.000000e+00
9.671725e-03 6.068596e-04 -4.800028e-02 1.750000e-01 5.000000e-01 0.000000e+00
9.516021e-03 6.117146e-04 -4.800028e-02 2.250000e-01 5.000000e-01 0.000000e+00
9.138102e-03 6.025504e-04 -4.800028e-02 2.750000e-01 5.000000e-01 0.000000e+00
8.303912e-03 5.703165e-04 -4.800028e-02 3.250000e-01 5.000000e-01 0.000000e+00
7.536198e-03 5.555775e-04 -4.800028e-02 3.750000e-01 5.000000e-01 0.000000e+00
8.361660e-03 5.825862e-04 -4.800028e-02 4.250000e-01 5.000000e-01 0.000000e+00
6.610974e-03 5.131127e-04 -4.800028e-02 4.750000e-01 5.000000e-01 0.000000e+00
7.784787e-03 5.618205e-04 -4.800028e-02 5.250000e-01 5.000000e-01 0.000000e+00
7.657861e-03 5.498043e-04 -4.800028e-02 5.750000e-01 5.000000e-01 0.000000e+00
5.603770e-03 4.770262e-04 -4.800028e-02 6.250000e-01 5.000000e-01 0.000000e+00
4.723408e-03 4.385588e-04 -4.800028e-02 6.750000e-01 5.000000e-01 0.000000e+00
4.413854e-03 4.247249e-04 -4.800028e-02 7.250000e-01 5.000000e-01 0.000000e+00
3.810722e-03 3.972968e-04 -4.800028e-02 7.750000e-01 5.000000e-01 0.000000e+00
5.130422e-03 4.644890e-04 -4.800028e-02 8.250000e-01 5.000000e-01 0.000000e+00
4.831799e-03 4.486230e-04 -4.800028e-02 8.750000e-01 5.000000e-01 0.000000e+00
3.743018e-03 4.036220e-04 -4.800028e-02 9.250000e-01 5.000000e-01 0.000000e+00
2.633182e-03 3.399433e-04 -4.800028e-02 9.750000e-01 5.000000e-01 0.000000e+00
3.002487e-03 3.588675e-04 -4.800028e-02 1.025000e+00 5.000000e-01 0.000000e+00
3.135234e-03 3.644656e-04 -4.800028e-02 1.075000e+00 5.000000e-01 0.000000e+00
2.892434e-03 3.408784e-04 -4.800028e-02 1.125000e+00 5.000000e-01 0.000000e+00
2.193026e-03 2.879597e-04 -4.800028e-02 1.175000e+00 5.000000e-01 0.000000e+00
2.720293e-03 3.120403e-04 -4.800028e-02 1.225000e+00 5.000000e-01 0.000000e+00
1.446807e-03 2.287617e-04 -4.800028e-02 1.275000e+00 5.000000e-01 0.000000e+00
1.547158e-03 2.332440e-04 -4.800028e-02 1.325000e+00 5.000000e-01 0.000000e+00
1.516763e-03 2.286619e-04 -4.800028e-02 1.375000e+00 5.000000e-01 0.000000e+00
1.504472e-03 2.268086e-04 -4.800028e-02 1.425000e+00 5.000000e-01 0.000000e+00
8.209529e-04 1.675782e-04 -4.800028e-02 1.475000e+00 5.000000e-01 0.000000e+00
9.484935e-04 1.792494e-04 -4.800028e-02 1.525000e+00 5.000000e-01 0.000000e+00
8.558181e-04 1.678402e-04 -4.800028e-02 1.575000e+00 5.000000e-01 0.000000e+00
1.432665e-03 2.159853e-04 -4.800028e-02 1.625000e+00 5.000000e-01 0.000000e+00
5.744343e-04 1.353965e-04 -4.800028e-02 1.675000e+00 5.000000e-01 0.000000e+00
9.608291e-04 1.754248e-04 -4.800028e-02 1.725000e+00 5.000000e-01 0.000000e+00
3.676219e-04 1.061246e-04 -4.800028e-02 1.775000e+00 5.000000e-01 0.000000e+00
4.658084e-04 1.164532e-04 -4.800028e-02 1.825000e+00 5.000000e-01 0.000000e+00
4.399065e-04 1.099781e-04 -4.800028e-02 1.875000e+00 5.000000e-01 0.000000e+00
4.184816e-04 1.046213e-04 -4.800028e-02 1.925000e+00 5.000000e-01 0.000000e+00
3.082196e-04 8.897610e-05 -4.800028e-02 1.975000e+00 5.000000e-01 0.000000e+00
5.497815e-04 1.172162e-04 -4.800028e-02 2.025000e+00 5.000000e-01 0.000000e+00
5.440222e-04 1.159880e-04 -4.800028e-02 2.075000e+00 5.000000e-01 0.000000e+00
4.429824e-04 1.044137e-04 -4.800028e-02 2.125000e+00 5.000000e-01 0.000000e+00
4.752159e-04 1.062625e-04 -4.800028e-02 2.175000e+00 5.000000e-01 0.000000e+00
4.205200e-04 9.911868e-05 -4.800028e-02 2.225000e+00 5.000000e-01 0.000000e+00
5.015736e-04 1.069392e-04 -4.800028e-02 2.275000e+00 5.000000e-01 0.000000e+00
3.579175e-04 8.948134e-05 -4.800028e-02 2.325000e+00 5.000000e-01 0.000000e+00
4.331651e-04 9.686086e-05 -4.800028e-02 2.375000e+00 5.000000e-01 0.000000e+00
2.966905e-04 7.929542e-05 -4.800028e-02 2.425000e+00 5.000000e-01 0.000000e+00
4.896952e-04 9.996022e-05 -4.800028e-02 2.475000e+00 5.000000e-01 0.000000e+00
3.512013e-04 8.278208e-05 -4.800028e-02 2.525000e+00 5.000000e-01 0.000000e+00
4.537547e-04 9.262799e-05 -4.800028e-02 2.575000e+00 5.000000e-01 0.000000e+00
4.308602e-04 8.795386e-05 -4.800028e-02 2.625000e+00 5.000000e-01 0.000000e+00
5.707730e-04 9.789121e-05 -4.800028e-02 2.675000e+00 5.000000e-01 0.000000e+00
8.179598e-04 1.134413e-04 -4.800028e-02 2.725000e+00 5.000000e-01 0.000000e+00
9.342722e-04 1.167925e-04 -4.800028e-02 2.775000e+00 5.000000e-01 0.000000e+00
1.042374e-03 1.180385e-04 -4.800028e-02 2.825000e+00 5.000000e-01 0.000000e+00
1.106146e-03 1.179310e-04 -4.800028e-02 2.875000e+00 5.000000e-01 0.000000e+00
4.345934e-01 3.912249e-03 -3.800029e-02 2.500000e-02 5.000000e-01 0.000000e+00
7.609851e-02 1.640422e-03 -3.800029e-02 7.500000e-02 5.000000e-01 0.000000e+00
9.914790e-03 6.033965e-04 -3.800029e-02 1.250000e-01 5.000000e-01 0.000000e+00
1.069123e-02 6.366551e-04 -3.800029e-02 1.750000e-01 5.000000e-01 0.000000e+00
1.052554e-02 6.312817e-04 -3.800029e-02 2.250000e-01 5.000000e-01 0.000000e+00
7.815667e-03 5.611339e-04 -3.800029e-02 2.750000e-01 5.000000e-01 0.000000e+00
8.364261e-03 5.717706e-04 -3.800029e-02 3.250000e-01 5.000000e-01 0.000000e+00
8.422933e-03 5.812393e-04 -3.800029e-02 3.750000e-01 5.000000e-01 0.000000e+00
6.175659e-03 5.009134e-04 -3.800029e-02 4.250000e-01 5.000000e-01 0.000000e+00
6.618203e-03 5.136739e-04 -3.800029e-02 4.750000e-01 5.000000e-01 0.000000e+00
5.866620e-03 4.888867e-04 -3.800029e-02 5.250000e-01 5.000000e-01 0.000000e+00
7.657131e-03 5.584553e-04 -3.800029e-02 5.750000e-01 5.000000e-01 0.000000e+00
7.187801e-03 5.418032e-04 -3.800029e-02 6.250000e-01 5.000000e-01 0.000000e+00
5.726945e-03 4.910835e-04 -3.800029e-02 6.750000e-01 5.000000e-01 0.000000e+00
3.720241e-03 3.965804e-04 -3.800029e-02 7.250000e-01 5.000000e-01 0.000000e+00
5.211546e-03 4.680124e-04 -3.800029e-02 7.750000e-01 5.000000e-01 0.000000e+00
3.953919e-03 4.167815e-04 -3.800029e-02 8.250000e-01 5.000000e-01 0.000000e+00
4.424385e-03 4.380806e-04 -3.800029e-02 8.750000e-01 5.000000e-01 0.000000e+00
4.397490e-03 4.397510e-04 -3.800029e-02 9.250000e-01 5.000000e-01 0.000000e+00
2.735008e-03 3.473479e-04 -3.800029e-02 9.750000e-01 5.000000e-01 0.000000e+00
3.230987e-03 3.755962e-04 -3.800029e-02 1.025000e+00 5.000000e-01 0.000000e+00
2.372702e-03 3.170676e-04 -3.800029e-02 1.075000e+00 5.000000e-01 0.000000e+00
3.242092e-03 3.718953e-04 -3.800029e-02 1.125000e+00 5.000000e-01 0.000000e+00
2.023721e-03 2.861987e-04 -3.800029e-02 1.175000e+00 5.000000e-01 0.000000e+00
1.907784e-03 2.698029e-04 -3.800029e-02 1.225000e+00 5.000000e-01 0.000000e+00
1.175510e-03 2.078038e-04 -3.800029e-02 1.275000e+00 5.000000e-01 0.000000e+00
1.339835e-03 2.173515e-04 -3.800029e-02 1.325000e+00 5.000000e-01 0.000000e+00
1.880724e-03 2.559357e-04 -3.800029e-02 1.375000e+00 5.000000e-01 0.000000e+00
1.414698e-03 2.182934e-04 -3.800029e-02 1.425000e+00 5.000000e-01 0.000000e+00
1.569238e-03 2.313732e-04 -3.800029e-02 1.475000e+00 5.000000e-01 0.000000e+00
6.773714e-04 1.514664e-04 -3.800029e-02 1.525000e+00 5.000000e-01 0.000000e+00
7.967709e-04 1.626415e-04 -3.800029e-02 1.575000e+00 5.000000e-01 0.000000e+00
1.045380e-03 1.848007e-04 -3.800029e-02 1.625000e+00 5.000000e-01 0.000000e+00
5.025806e-04 1.256460e-04 -3.800029e-02 1.675000e+00 5.000000e-01 0.000000e+00
7.904773e-04 1.550271e-04 -3.800029e-02 1.725000e+00 5.000000e-01 0.000000e+00
6.934278e-04 1.415461e-04 -3.800029e-02 1.775000e+00 5.000000e-01 0.000000e+00
7.782952e-04 1.470862e-04 -3.800029e-02 1.825000e+00 5.000000e-01 0.000000e+00
6.991759e-04 1.371218e-04 -3.800029e-02 1.875000e+00 5.000000e-01 0.000000e+00
4.766430e-04 1.123468e-04 -3.800029e-02 1.925000e+00 5.000000e-01 0.000000e+00
3.658517e-04 9.777965e-05 -3.800029e-02 1.975000e+00 5.000000e-01 0.000000e+00
5.537882e-04 1.180699e-04 -3.800029e-02 2.025000e+00 5.000000e-01 0.000000e+00
2.984015e-04 8.614135e-05 -3.800029e-02 2.075000e+00 5.000000e-01 0.000000e+00
3.345455e-04 8.941204e-05 -3.800029e-02 2.125000e+00 5.000000e-01 0.000000e+00
4.729397e-04 1.057541e-04 -3.800029e-02 2.175000e+00 5.000000e-01 0.000000e+00
4.641815e-04 1.037964e-04 -3.800029e-02 2.225000e+00 5.000000e-01 0.000000e+00
7.369677e-04 1.302813e-04 -3.800029e-02 2.275000e+00 5.000000e-01 0.000000e+00
5.288976e-04 1.079621e-04 -3.800029e-02 2.325000e+00 5.000000e-01 0.000000e+00
3.891499e-04 9.172573e-05 -3.800029e-02 2.375000e+00 5.000000e-01 0.000000e+00
5.467499e-04 1.072290e-04 -3.800029e-02 2.425000e+00 5.000000e-01 0.000000e+00
7.607266e-04 1.234090e-04 -3.800029e-02 2.475000e+00 5.000000e-01 0.000000e+00
7.849344e-04 1.241161e-04 -3.800029e-02 2.525000e+00 5.000000e-01 0.000000e+00
6.057670e-04 1.070910e-04 -3.800029e-02 2.575000e+00 5.000000e-01 0.000000e+00
5.158757e-04 9.749579e-05 -3.800029e-02 2.625000e+00 5.000000e-01 0.000000e+00
6.796080e-04 1.074614e-04 -3.800029e-02 2.675000e+00 5.000000e-01 0.000000e+00
8.981514e-04 1.179419e-04 -3.800029e-02 2.725000e+00 5.000000e-01 0.000000e+00
5.705073e-04 9.021335e-05 -3.800029e-02 2.775000e+00 5.000000e-01 0.000000e+00
7.883770e-04 1.017917e-04 -3.800029e-02 2.825000e+00 5.000000e-01 0.000000e+00
9.434672e-04 1.082355e-04 -3.800029e-02 2.875000e+00 5.000000e-01 0.000000e+00
4.331047e-01 3.855047e-03 -2.800030e-02 2.500000e-02 5.000000e-01 0.000000e+00
7.861029e-02 1.649210e-03 -2.800030e-02 7.500000e-02 5.000000e-01 0.000000e+00
1.004135e-02 5.916934e-04 -2.800030e-02 1.250000e-01 5.000000e-01 0.000000e+00
1.169475e-02 6.578826e-04 -2.800030e-02 1.750000e-01 5.000000e-01 0.000000e+00
9.276851e-03 5.798046e-04 -2.800030e-02 2.250000e-01 5.000000e-01 0.000000e+00
7.908363e-03 5.564319e-04 -2.800030e-02 2.750000e-01 5.000000e-01 0.000000e+00
9.044739e-03 5.938178e-04 -2.800030e-02 3.250000e-01 5.000000e-01 0.000000e+00
9.029091e-03 5.953620e-04 -2.800030e-02 3.750000e-01 5.000000e-01 0.000000e+00
8.925439e-03 6.045088e-04 -2.800030e-02 4.250000e-01 5.000000e-01 0.000000e+00
7.509460e-03 5.536063e-04 -2.800030e-02 4.750000e-01 5.000000e-01 0.000000e+00
7.964937e-03 5.718509e-04 -2.800030e-02 5.250000e-01 5.000000e-01 0.000000e+00
6.915142e-03 5.399840e-04 -2.800030e-02 5.750000e-01 5.000000e-01 0.000000e+00
6.869317e-03 5.364054e-04 -2.800030e-02 6.250000e-01 5.000000e-01 0.000000e+00
4.931136e-03 4.618448e-04 -2.800030e-02 6.750000e-01 5.000000e-01 0.000000e+00
5.783749e-03 5.034127e-04 -2.800030e-02 7.250000e-01 5.000000e-01 0.000000e+00
5.861122e-03 5.063255e-04 -2.800030e-02 7.750000e-01 5.000000e-01 0.000000e+00
4.855808e-03 4.672517e-04 -2.800030e-02 8.250000e-01 5.000000e-01 0.000000e+00
3.897555e-03 4.154826e-04 -2.800030e-02 8.750000e-01 5.000000e-01 0.000000e+00
2.804459e-03 3.505586e-04 -2.800030e-02 9.250000e-01 5.000000e-01 0.000000e+00
4.386817e-03 4.386835e-04 -2.800030e-02 9.750000e-01 5.000000e-01 0.000000e+00
3.427726e-03 3.881153e-04 -2.800030e-02 1.025000e+00 5.000000e-01 0.000000e+00
2.624978e-03 3.333741e-04 -2.800030e-02 1.075000e+00 5.000000e-01 0.000000e+00
2.816098e-03 3.466394e-04 -2.800030e-02 1.125000e+00 5.000000e-01 0.000000e+00
2.187915e-03 3.034111e-04 -2.800030e-02 1.175000e+00 5.000000e-01 0.000000e+00
2.359518e-03 3.098218e-04 -2.800030e-02 1.225000e+00 5.000000e-01 0.000000e+00
1.627352e-03 2.511071e-04 -2.800030e-02 1.275000e+00 5.000000e-01 0.000000e+00
1.566343e-03 2.416933e-04 -2.800030e-02 1.325000e+00 5.000000e-01 0.000000e+00
1.413179e-03 2.234446e-04 -2.800030e-02 1.375000e+00 5.000000e-01 0.000000e+00
8.120762e-04 1.657649e-04 -2.800030e-02 1.425000e+00 5.000000e-01 0.000000e+00
8.791396e-04 1.724149e-04 -2.800030e-02 1.475000e+00 5.000000e-01 0.000000e+00
1.006573e-03 1.837758e-04 -2.800030e-02 1.525000e+00 5.000000e-01 0.000000e+00
3.353322e-04 1.060425e-04 -2.800030e-02 1.575000e+00 5.000000e-01 0.000000e+00
7.033791e-04 1.499617e-04 -2.800030e-02 1.625000e+00 5.000000e-01 0.000000e+00
6.118379e-04 1.368121e-04 -2.800030e-02 1.675000e+00 5.000000e-01 0.000000e+00
5.188702e-04 1.223004e-04 -2.800030e-02 1.725000e+00 5.000000e-01 0.000000e+00
4.339308e-04 1.084838e-04 -2.800030e-02 1.775000e+00 5.000000e-01 0.000000e+00
8.067066e-04 1.472856e-04 -2.800030e-02 1.825000e+00 5.000000e-01 0.000000e+00
4.222535e-04 1.055642e-04 -2.800030e-02 1.875000e+00 5.000000e-01 0.000000e+00
4.189576e-04 1.047408e-04 -2.800030e-02 1.925000e+00 5.000000e-01 0.000000e+00
1.542940e-04 6.299033e-05 -2.800030e-02 1.975000e+00 5.000000e-01 0.000000e+00
4.509433e-04 1.062895e-04 -2.800030e-02 2.025000e+00 5.000000e-01 0.000000e+00
2.446477e-04 7.736522e-05 -2.800030e-02 2.075000e+00 5.000000e-01 0.000000e+00
2.836067e-04 8.187132e-05 -2.800030e-02 2.125000e+00 5.000000e-01 0.000000e+00
5.184321e-04 1.105323e-04 -2.800030e-02 2.175000e+00 5.000000e-01 0.000000e+00
6.056281e-04 1.187752e-04 -2.800030e-02 2.225000e+00 5.000000e-01 0.000000e+00
5.022496e-04 1.070821e-04 -2.800030e-02 2.275000e+00 5.000000e-01 0.000000e+00
4.867902e-04 1.037863e-04 -2.800030e-02 2.325000e+00 5.000000e-01 0.000000e+00
8.637582e-05 4.318916e-05 -2.800030e-02 2.375000e+00 5.000000e-01 0.000000e+00
4.974166e-04 1.015388e-04 -2.800030e-02 2.425000e+00 5.000000e-01 0.000000e+00
2.816364e-04 7.527256e-05 -2.800030e-02 2.475000e+00 5.000000e-01 0.000000e+00
4.349801e-04 9.274276e-05 -2.800030e-02 2.525000e+00 5.000000e-01 0.000000e+00
3.035617e-04 7.589344e-05 -2.800030e-02 2.575000e+00 5.000000e-01 0.000000e+00
5.147159e-04 9.727975e-05 -2.800030e-02 2.625000e+00 5.000000e-01 0.000000e+00
6.232881e-04 1.038868e-04 -2.800030e-02 2.675000e+00 5.000000e-01 0.000000e+00
3.433832e-04 7.321550e-05 -2.800030e-02 2.725000e+00 5.000000e-01 0.000000e+00
8.996395e-04 1.124686e-04 -2.800030e-02 2.775000e+00 5.000000e-01 0.000000e+00
1.267395e-03 1.280394e-04 -2.800030e-02 2.825000e+00 5.000000e-01 0.000000e+00
1.099529e-03 1.159150e-04 -2.800030e-02 2.875000e+00 5.000000e-01 0.000000e+00
4.365816e-01 3.812693e-03 -1.800030e-02 2.500000e-02 5.000000e-01 0.000000e+00
7.860206e-02 1.634003e-03 -1.800030e-02 7.500000e-02 5.000000e-01 0.000000e+00
1.112952e-02 6.126611e-04 -1.800030e-02 1.250000e-01 5.000000e-01 0.000000e+00
1.053891e-02 6.167445e-04 -1.800030e-02 1.750000e-01 5.000000e-01 0.000000e+00
8.024408e-03 5.337772e-04 -1.800030e-02 2.250000e-01 5.000000e-01 0.000000e+00
8.886788e-03 5.760464e-04 -1.800030e-02 2.750000e-01 5.000000e-01 0.000000e+00
7.513934e-03 5.339934e-04 -1.800030e-02 3.250000e-01 5.000000e-01 0.000000e+00
7.505835e-03 5.388891e-04 -1.800030e-02 3.750000e-01 5.000000e-01 0.000000e+00
8.205669e-03 5.831534e-04 -1.800030e-02 4.250000e-01 5.000000e-01 0.000000e+00
7.161141e-03 5.492360e-04 -1.800030e-02 4.750000e-01 5.000000e-01 0.000000e+00
5.842652e-03 4.937957e-04 -1.800030e-02 5.250000e-01 5.000000e-01 0.000000e+00
7.446033e-03 5.710865e-04 -1.800030e-02 5.750000e-01 5.000000e-01 0.000000e+00
7.023546e-03 5.518240e-04 -1.800030e-02 6.250000e-01 5.000000e-01 0.000000e+00
5.890002e-03 5.126606e-04 -1.800030e-02 6.750000e-01 5.000000e-01 0.000000e+00
6.277317e-03 5.343625e-04 -1.800030e-02 7.250000e-01 5.000000e-01 0.000000e+00
3.948115e-03 4.208719e-04 -1.800030e-02 7.750000e-01 5.000000e-01 0.000000e+00
4.457979e-03 4.457995e-04 -1.800030e-02 8.250000e-01 5.000000e-01 0.000000e+00
4.975361e-03 4.701289e-04 -1.800030e-02 8.750000e-01 5.000000e-01 0.000000e+00
4.297728e-03 4.341377e-04 -1.800030e-02 9.250000e-01 5.000000e-01 0.000000e+00
3.652206e-03 3.984904e-04 -1.800030e-02 9.750000e-01 5.000000e-01 0.000000e+00
3.260158e-03 3.789870e-04 -1.800030e-02 1.025000e+00 5.000000e-01 0.000000e+00
2.383056e-03 3.184507e-04 -1.800030e-02 1.075000e+00 5.000000e-01 0.000000e+00
2.619530e-03 3.326819e-04 -1.800030e-02 1.125000e+00 5.000000e-01 0.000000e+00
2.198218e-03 3.048395e-04 -1.800030e-02 1.175000e+00 5.000000e-01 0.000000e+00
2.012256e-03 2.904454e-04 -1.800030e-02 1.225000e+00 5.000000e-01 0.000000e+00
1.297172e-03 2.293115e-04 -1.800030e-02 1.275000e+00 5.000000e-01 0.000000e+00
1.180162e-03 2.154683e-04 -1.800030e-02 1.325000e+00 5.000000e-01 0.000000e+00
1.737890e-03 2.562398e-04 -1.800030e-02 1.375000e+00 5.000000e-01 0.000000e+00
7.704150e-04 1.642541e-04 -1.800030e-02 1.425000e+00 5.000000e-01 0.000000e+00
8.133940e-04 1.660345e-04 -1.800030e-02 1.475000e+00 5.000000e-01 0.000000e+00
9.841803e-04 1.796872e-04 -1.800030e-02 1.525000e+00 5.000000e-01 0.000000e+00
9.170054e-04 1.732994e-04 -1.800030e-02 1.575000e+00 5.000000e-01 0.000000e+00
7.952027e-04 1.559531e-04 -1.800030e-02 1.625000e+00 5.000000e-01 0.000000e+00
6.427870e-04 1.370436e-04 -1.800030e-02 1.675000e+00 5.000000e-01 0.000000e+00
6.078591e-04 1.295984e-04 -1.800030e-02 1.725000e+00 5.000000e-01 0.000000e+00
6.531222e-04 1.333193e-04 -1.800030e-02 1.775000e+00 5.000000e-01 0.000000e+00
2.695796e-04 8.524871e-05 -1.800030e-02 1.825000e+00 5.000000e-01 0.000000e+00
5.228036e-04 1.169032e-04 -1.800030e-02 1.875000e+00 5.000000e-01 0.000000e+00
6.742512e-04 1.322324e-04 -1.800030e-02 1.925000e+00 5.000000e-01 0.000000e+00
7.099110e-04 1.341622e-04 -1.800030e-02 1.975000e+00 5.000000e-01 0.000000e+00
4.483184e-04 1.056714e-04 -1.800030e-02 2.025000e+00 5.000000e-01 0.000000e+00
6.906297e-04 1.305183e-04 -1.800030e-02 2.075000e+00 5.000000e-01 0.000000e+00
6.266975e-04 1.229089e-04 -1.800030e-02 2.125000e+00 5.000000e-01 0.000000e+00
3.316826e-04 8.864716e-05 -1.800030e-02 2.175000e+00 5.000000e-01 0.000000e+00
3.223424e-04 8.615150e-05 -1.800030e-02 2.225000e+00 5.000000e-01 0.000000e+00
6.346282e-04 1.199358e-04 -1.800030e-02 2.275000e+00 5.000000e-01 0.000000e+00
4.418767e-04 9.880946e-05 -1.800030e-02 2.325000e+00 5.000000e-01 0.000000e+00
3.848069e-04 9.070220e-05 -1.800030e-02 2.375000e+00 5.000000e-01 0.000000e+00
7.086999e-04 1.215455e-04 -1.800030e-02 2.425000e+00 5.000000e-01 0.000000e+00
3.658447e-04 8.623393e-05 -1.800030e-02 2.475000e+00 5.000000e-01 0.000000e+00
4.741955e-04 9.679881e-05 -1.800030e-02 2.525000e+00 5.000000e-01 0.000000e+00
5.337758e-04 1.008777e-04 -1.800030e-02 2.575000e+00 5.000000e-01 0.000000e+00
5.089125e-04 9.617759e-05 -1.800030e-02 2.625000e+00 5.000000e-01 0.000000e+00
7.635810e-04 1.151223e-04 -1.800030e-02 2.675000e+00 5.000000e-01 0.000000e+00
6.256969e-04 9.893787e-05 -1.800030e-02 2.725000e+00 5.000000e-01 0.000000e+00
6.503796e-04 9.590000e-05 -1.800030e-02 2.775000e+00 5.000000e-01 0.000000e+00
1.173556e-03 1.223642e-04 -1.800030e-02 2.825000e+00 5.000000e-01 0.000000e+00
1.027632e-03 1.108247e-04 -1.800030e-02 2.875000e+00 5.000000e-01 0.000000e+00
4.370877e-01 3.802639e-03 -8.000314e-03 2.500000e-02 5.000000e-01 0.000000e+00
8.126283e-02 1.653271e-03 -8.000314e-03 7.500000e-02 5.000000e-01 0.000000e+00
1.089891e-02 5.999667e-04 -8.000314e-03 1.250000e-01 5.000000e-01 0.000000e+00
1.001181e-02 5.940931e-04 -8.000314e-03 1.750000e-01 5.000000e-01 0.000000e+00
8.702166e-03 5.503745e-04 -8.000314e-03 2.250000e-01 5.000000e-01 0.000000e+00
9.992420e-03 6.014745e-04 -8.000314e-03 2.750000e-01 5.000000e-01 0.000000e+00
8.148636e-03 5.544460e-04 -8.000314e-03 3.250000e-01 5.000000e-01 0.000000e+00
8.109035e-03 5.569322e-04 -8.000314e-03 3.750000e-01 5.000000e-01 0.000000e+00
9.566360e-03 6.253742e-04 -8.000314e-03 4.250000e-01 5.000000e-01 0.000000e+00
5.998404e-03 5.069596e-04 -8.000314e-03 4.750000e-01 5.000000e-01 0.000000e+00
7.095779e-03 5.507413e-04 -8.000314e-03 5.250000e-01 5.000000e-01 0.000000e+00
6.026397e-03 5.245320e-04 -8.000314e-03 5.750000e-01 5.000000e-01 0.000000e+00
6.672231e-03 5.484562e-04 -8.000314e-03 6.250000e-01 5.000000e-01 0.000000e+00
5.302459e-03 4.923227e-04 -8.000314e-03 6.750000e-01 5.000000e-01 0.000000e+00
4.765812e-03 4.673286e-04 -8.000314e-03 7.250000e-01 5.000000e-01 0.000000e+00
5.210201e-03 4.837571e-04 -8.000314e-03 7.750000e-01 5.000000e-01 0.000000e+00
5.142654e-03 4.774849e-04 -8.000314e-03 8.250000e-01 5.000000e-01 0.000000e+00
4.190746e-03 4.322442e-04 -8.000314e-03 8.750000e-01 5.000000e-01 0.000000e+00
3.855015e-03 4.109476e-04 -8.000314e-03 9.250000e-01 5.000000e-01 0.000000e+00
3.303156e-03 3.788996e-04 -8.000314e-03 9.750000e-01 5.000000e-01 0.000000e+00
2.815161e-03 3.518967e-04 -8.000314e-03 1.025000e+00 5.000000e-01 0.000000e+00
3.756827e-03 4.004814e-04 -8.000314e-03 1.075000e+00 5.000000e-01 0.000000e+00
3.202670e-03 3.673732e-04 -8.000314e-03 1.125000e+00 5.000000e-01 0.000000e+00
1.773190e-03 2.736107e-04 -8.000314e-03 1.175000e+00 5.000000e-01 0.000000e+00
1.933497e-03 2.850800e-04 -8.000314e-03 1.225000e+00 5.000000e-01 0.000000e+00
1.556193e-03 2.524496e-04 -8.000314e-03 1.275000e+00 5.000000e-01 0.000000e+00
1.218618e-03 2.224889e-04 -8.000314e-03 1.325000e+00 5.000000e-01 0.000000e+00
1.196998e-03 2.185431e-04 -8.000314e-03 1.375000e+00 5.000000e-01 0.000000e+00
1.280281e-03 2.195680e-04 -8.000314e-03 1.425000e+00 5.000000e-01 0.000000e+00
1.259236e-03 2.098740e-04 -8.000314e-03 1.475000e+00 5.000000e-01 0.000000e+00
6.999410e-04 1.492291e-04 -8.000314e-03 1.525000e+00 5.000000e-01 0.000000e+00
8.052275e-04 1.579192e-04 -8.000314e-03 1.575000e+00 5.000000e-01 0.000000e+00
5.221628e-04 1.230764e-04 -8.000314e-03 1.625000e+00 5.000000e-01 0.000000e+00
1.084053e-03 1.758573e-04 -8.000314e-03 1.675000e+00 5.000000e-01 0.000000e+00
6.639986e-04 1.355389e-04 -8.000314e-03 1.725000e+00 5.000000e-01 0.000000e+00
3.816521e-04 1.020018e-04 -8.000314e-03 1.775000e+00 5.000000e-01 0.000000e+00
1.071758e-03 1.694618e-04 -8.000314e-03 1.825000e+00 5.000000e-01 0.000000e+00
6.802481e-04 1.334091e-04 -8.000314e-03 1.875000e+00 5.000000e-01 0.000000e+00
5.717319e-04 1.218942e-04 -8.000314e-03 1.925000e+00 5.000000e-01 0.000000e+00
5.538253e-04 1.180775e-04 -8.000314e-03 1.975000e+00 5.000000e-01 0.000000e+00
2.512003e-04 7.943784e-05 -8.000314e-03 2.025000e+00 5.000000e-01 0.000000e+00
4.935904e-04 1.103727e-04 -8.000314e-03 2.075000e+00 5.000000e-01 0.000000e+00
6.792741e-04 1.283720e-04 -8.000314e-03 2.125000e+00 5.000000e-01 0.000000e+00
3.824323e-04 9.561033e-05 -8.000314e-03 2.175000e+00 5.000000e-01 0.000000e+00
5.540380e-04 1.130947e-04 -8.000314e-03 2.225000e+00 5.000000e-01 0.000000e+00
5.813567e-04 1.140158e-04 -8.000314e-03 2.275000e+00 5.000000e-01 0.000000e+00
5.202227e-04 1.061929e-04 -8.000314e-03 2.325000e+00 5.000000e-01 0.000000e+00
6.428064e-04 1.173629e-04 -8.000314e-03 2.375000e+00 5.000000e-01 0.000000e+00
6.718039e-04 1.187631e-04 -8.000314e-03 2.425000e+00 5.000000e-01 0.000000e+00
6.923689e-04 1.187444e-04 -8.000314e-03 2.475000e+00 5.000000e-01 0.000000e+00
4.711834e-04 9.618339e-05 -8.000314e-03 2.525000e+00 5.000000e-01 0.000000e+00
5.765480e-04 1.052685e-04 -8.000314e-03 2.575000e+00 5.000000e-01 0.000000e+00
5.480637e-04 1.000674e-04 -8.000314e-03 2.625000e+00 5.000000e-01 0.000000e+00
2.768909e-04 6.922523e-05 -8.000314e-03 2.675000e+00 5.000000e-01 0.000000e+00
7.272204e-04 1.072283e-04 -8.000314e-03 2.725000e+00 5.000000e-01 0.000000e+00
7.175881e-04 1.014901e-04 -8.000314e-03 2.775000e+00 5.000000e-01 0.000000e+00
9.392921e-04 1.092014e-04 -8.000314e-03 2.825000e+00 5.000000e-01 0.000000e+00
1.102313e-03 1.137095e-04 -8.000314e-03 2.875000e+00 5.000000e-01 0.000000e+00
4.328647e-01 3.776204e-03 1.999676e-03 2.500000e-02 5.000000e-01 0.000000e+00
8.386383e-02 1.679969e-03 1.999676e-03 7.500000e-02 5.000000e-01 0.000000e+00
9.925509e-03 5.711502e-04 1.999676e-03 1.250000e-01 5.000000e-01 0.000000e+00
1.142492e-02 6.308370e-04 1.999676e-03 1.750000e-01 5.000000e-01 0.000000e+00
9.627884e-03 5.774431e-04 1.999676e-03 2.250000e-01 5.000000e-01 0.000000e+00
1.001451e-02 6.006316e-04 1.999676e-03 2.750000e-01 5.000000e-01 0.000000e+00
6.707950e-03 5.027836e-04 1.999676e-03 3.250000e-01 5.000000e-01 0.000000e+00
5.353204e-03 4.524294e-04 1.999676e-03 3.750000e-01 5.000000e-01 0.000000e+00
9.500765e-03 6.210860e-04 1.999676e-03 4.250000e-01 5.000000e-01 0.000000e+00
5.198933e-03 4.706907e-04 1.999676e-03 4.750000e-01 5.000000e-01 0.000000e+00
7.048683e-03 5.504114e-04 1.999676e-03 5.250000e-01 5.000000e-01 0.000000e+00
6.063593e-03 5.318140e-04 1.999676e-03 5.750000e-01 5.000000e-01 0.000000e+00
6.479245e-03 5.437282e-04 1.999676e-03 6.250000e-01 5.000000e-01 0.000000e+00
5.317113e-03 4.936831e-04 1.999676e-03 6.750000e-01 5.000000e-01 0.000000e+00
6.510733e-03 5.463703e-04 1.999676e-03 7.250000e-01 5.000000e-01 0.000000e+00
5.032698e-03 4.755465e-04 1.999676e-03 7.750000e-01 5.000000e-01 0.000000e+00
5.404578e-03 4.893087e-04 1.999676e-03 8.250000e-01 5.000000e-01 0.000000e+00
5.445758e-03 4.930380e-04 1.999676e-03 8.750000e-01 5.000000e-01 0.000000e+00
4.555854e-03 4.467402e-04 1.999676e-03 9.250000e-01 5.000000e-01 0.000000e+00
2.950277e-03 3.577750e-04 1.999676e-03 9.750000e-01 5.000000e-01 0.000000e+00
2.903863e-03 3.574419e-04 1.999676e-03 1.025000e+00 5.000000e-01 0.000000e+00
3.239906e-03 3.716446e-04 1.999676e-03 1.075000e+00 5.000000e-01 0.000000e+00
2.275534e-03 3.096625e-04 1.999676e-03 1.125000e+00 5.000000e-01 0.000000e+00
2.277639e-03 3.099494e-04 1.999676e-03 1.175000e+00 5.000000e-01 0.000000e+00
2.279295e-03 3.101749e-04 1.999676e-03 1.225000e+00 5.000000e-01 0.000000e+00
1.636663e-03 2.587810e-04 1.999676e-03 1.275000e+00 5.000000e-01 0.000000e+00
1.221713e-03 2.230544e-04 1.999676e-03 1.325000e+00 5.000000e-01 0.000000e+00
1.139478e-03 2.153430e-04 1.999676e-03 1.375000e+00 5.000000e-01 0.000000e+00
1.457869e-03 2.364993e-04 1.999676e-03 1.425000e+00 5.000000e-01 0.000000e+00
9.209800e-04 1.806205e-04 1.999676e-03 1.475000e+00 5.000000e-01 0.000000e+00
1.339609e-03 2.067073e-04 1.999676e-03 1.525000e+00 5.000000e-01 0.000000e+00
9.566130e-04 1.691076e-04 1.999676e-03 1.575000e+00 5.000000e-01 0.000000e+00
1.031830e-03 1.719731e-04 1.999676e-03 1.625000e+00 5.000000e-01 0.000000e+00
6.822380e-04 1.392618e-04 1.999676e-03 1.675000e+00 5.000000e-01 0.000000e+00
7.771229e-04 1.468645e-04 1.999676e-03 1.725000e+00 5.000000e-01 0.000000e+00
7.096186e-04 1.391692e-04 1.999676e-03 1.775000e+00 5.000000e-01 0.000000e+00
1.012703e-03 1.642830e-04 1.999676e-03 1.825000e+00 5.000000e-01 0.000000e+00
3.670037e-04 9.808694e-05 1.999676e-03 1.875000e+00 5.000000e-01 0.000000e+00
4.681764e-04 1.103512e-04 1.999676e-03 1.925000e+00 5.000000e-01 0.000000e+00
4.557828e-04 1.074302e-04 1.999676e-03 1.975000e+00 5.000000e-01 0.000000e+00
4.514853e-04 1.064184e-04 1.999676e-03 2.025000e+00 5.000000e-01 0.000000e+00
4.953483e-04 1.107656e-04 1.999676e-03 2.075000e+00 5.000000e-01 0.000000e+00
3.898335e-04 9.745931e-05 1.999676e-03 2.125000e+00 5.000000e-01 0.000000e+00
2.391025e-04 7.561137e-05 1.999676e-03 2.175000e+00 5.000000e-01 0.000000e+00
4.158745e-04 9.802576e-05 1.999676e-03 2.225000e+00 5.000000e-01 0.000000e+00
4.880276e-04 1.040501e-04 1.999676e-03 2.275000e+00 5.000000e-01 0.000000e+00
3.451272e-04 8.628351e-05 1.999676e-03 2.325000e+00 5.000000e-01 0.000000e+00
2.568966e-04 7.416009e-05 1.999676e-03 2.375000e+00 5.000000e-01 0.000000e+00
6.283280e-04 1.147202e-04 1.999676e-03 2.425000e+00 5.000000e-01 0.000000e+00
6.918461e-04 1.186543e-04 1.999676e-03 2.475000e+00 5.000000e-01 0.000000e+00
4.718754e-04 9.632389e-05 1.999676e-03 2.525000e+00 5.000000e-01 0.000000e+00
5.764151e-04 1.052428e-04 1.999676e-03 2.575000e+00 5.000000e-01 0.000000e+00
9.847506e-04 1.340149e-04 1.999676e-03 2.625000e+00 5.000000e-01 0.000000e+00
1.004146e-03 1.318592e-04 1.999676e-03 2.675000e+00 5.000000e-01 0.000000e+00
7.559531e-04 1.091193e-04 1.999676e-03 2.725000e+00 5.000000e-01 0.000000e+00
1.064864e-03 1.237963e-04 1.999676e-03 2.775000e+00 5.000000e-01 0.000000e+00
8.371794e-04 1.030581e-04 1.999676e-03 2.825000e+00 5.000000e-01 0.000000e+00
9.506774e-04 1.050001e-04 1.999676e-03 2.875000e+00 5.000000e-01 0.000000e+00
4.373453e-01 3.800569e-03 1.199967e-02 2.500000e-02 5.000000e-01 0.000000e+00
8.011851e-02 1.642962e-03 1.199967e-02 7.500000e-02 5.000000e-01 0.000000e+00
1.097204e-02 6.039926e-04 1.199967e-02 1.250000e-01 5.000000e-01 0.000000e+00
1.046450e-02 6.103038e-04 1.199967e-02 1.750000e-01 5.000000e-01 0.000000e+00
8.402680e-03 5.423920e-04 1.199967e-02 2.250000e-01 5.000000e-01 0.000000e+00
9.475510e-03 5.876477e-04 1.199967e-02 2.750000e-01 5.000000e-01 0.000000e+00
8.377905e-03 5.622895e-04 1.199967e-02 3.250000e-01 5.000000e-01 0.000000e+00
8.297451e-03 5.645715e-04 1.199967e-02 3.750000e-01 5.000000e-01 0.000000e+00
9.045606e-03 6.098564e-04 1.199967e-02 4.250000e-01 5.000000e-01 0.000000e+00
5.721674e-03 4.942790e-04 1.199967e-02 4.750000e-01 5.000000e-01 0.000000e+00
6.620554e-03 5.300705e-04 1.199967e-02 5.250000e-01 5.000000e-01 0.000000e+00
7.177680e-03 5.674472e-04 1.199967e-02 5.750000e-01 5.000000e-01 0.000000e+00
7.089930e-03 5.605105e-04 1.199967e-02 6.250000e-01 5.000000e-01 0.000000e+00
5.198080e-03 4.868468e-04 1.199967e-02 6.750000e-01 5.000000e-01 0.000000e+00
5.402106e-03 4.973061e-04 1.199967e-02 7.250000e-01 5.000000e-01 0.000000e+00
4.765950e-03 4.629121e-04 1.199967e-02 7.750000e-01 5.000000e-01 0.000000e+00
4.887754e-03 4.660307e-04 1.199967e-02 8.250000e-01 5.000000e-01 0.000000e+00
4.814029e-03 4.632318e-04 1.199967e-02 8.750000e-01 5.000000e-01 0.000000e+00
3.849949e-03 4.104077e-04 1.199967e-02 9.250000e-01 5.000000e-01 0.000000e+00
3.393091e-03 3.841935e-04 1.199967e-02 9.750000e-01 5.000000e-01 0.000000e+00
2.992828e-03 3.629351e-04 1.199967e-02 1.025000e+00 5.000000e-01 0.000000e+00
2.814396e-03 3.464299e-04 1.199967e-02 1.075000e+00 5.000000e-01 0.000000e+00
2.784465e-03 3.427457e-04 1.199967e-02 1.125000e+00 5.000000e-01 0.000000e+00
1.520096e-03 2.533505e-04 1.199967e-02 1.175000e+00 5.000000e-01 0.000000e+00
2.357047e-03 3.149752e-04 1.199967e-02 1.225000e+00 5.000000e-01 0.000000e+00
1.473472e-03 2.455801e-04 1.199967e-02 1.275000e+00 5.000000e-01 0.000000e+00
1.533105e-03 2.487031e-04 1.199967e-02 1.325000e+00 5.000000e-01 0.000000e+00
1.875012e-03 2.706370e-04 1.199967e-02 1.375000e+00 5.000000e-01 0.000000e+00
8.060874e-04 1.718598e-04 1.199967e-02 1.425000e+00 5.000000e-01 0.000000e+00
1.444280e-03 2.228587e-04 1.199967e-02 1.475000e+00 5.000000e-01 0.000000e+00
9.009385e-04 1.702623e-04 1.199967e-02 1.525000e+00 5.000000e-01 0.000000e+00
6.329620e-04 1.415357e-04 1.199967e-02 1.575000e+00 5.000000e-01 0.000000e+00
7.707572e-04 1.511596e-04 1.199967e-02 1.625000e+00 5.000000e-01 0.000000e+00
8.558721e-04 1.562607e-04 1.199967e-02 1.675000e+00 5.000000e-01 0.000000e+00
5.536661e-04 1.238044e-04 1.199967e-02 1.725000e+00 5.000000e-01 0.000000e+00
6.008529e-04 1.281029e-04 1.199967e-02 1.775000e+00 5.000000e-01 0.000000e+00
8.021005e-04 1.464448e-04 1.199967e-02 1.825000e+00 5.000000e-01 0.000000e+00
6.826812e-04 1.338859e-04 1.199967e-02 1.875000e+00 5.000000e-01 0.000000e+00
7.789463e-04 1.422165e-04 1.199967e-02 1.925000e+00 5.000000e-01 0.000000e+00
7.053944e-04 1.333093e-04 1.199967e-02 1.975000e+00 5.000000e-01 0.000000e+00
2.998625e-04 8.656468e-05 1.199967e-02 2.025000e+00 5.000000e-01 0.000000e+00
4.965916e-04 1.110435e-04 1.199967e-02 2.075000e+00 5.000000e-01 0.000000e+00
7.730725e-04 1.366638e-04 1.199967e-02 2.125000e+00 5.000000e-01 0.000000e+00
3.811557e-04 9.529082e-05 1.199967e-02 2.175000e+00 5.000000e-01 0.000000e+00
6.446295e-04 1.218263e-04 1.199967e-02 2.225000e+00 5.000000e-01 0.000000e+00
6.746915e-04 1.231838e-04 1.199967e-02 2.275000e+00 5.000000e-01 0.000000e+00
5.682880e-04 1.114532e-04 1.199967e-02 2.325000e+00 5.000000e-01 0.000000e+00
4.297480e-04 9.609547e-05 1.199967e-02 2.375000e+00 5.000000e-01 0.000000e+00
6.268574e-04 1.144526e-04 1.199967e-02 2.425000e+00 5.000000e-01 0.000000e+00
7.334146e-04 1.222393e-04 1.199967e-02 2.475000e+00 5.000000e-01 0.000000e+00
4.736980e-04 9.669788e-05 1.199967e-02 2.525000e+00 5.000000e-01 0.000000e+00
4.597621e-04 9.385419e-05 1.199967e-02 2.575000e+00 5.000000e-01 0.000000e+00
4.355086e-04 8.890192e-05 1.199967e-02 2.625000e+00 5.000000e-01 0.000000e+00
4.185856e-04 8.544657e-05 1.199967e-02 2.675000e+00 5.000000e-01 0.000000e+00
7.262212e-04 1.070814e-04 1.199967e-02 2.725000e+00 5.000000e-01 0.000000e+00
5.979713e-04 9.227682e-05 1.199967e-02 2.775000e+00 5.000000e-01 0.000000e+00
1.112734e-03 1.186300e-04 1.199967e-02 2.825000e+00 5.000000e-01 0.000000e+00
9.480742e-04 1.060101e-04 1.199967e-02 2.875000e+00 5.000000e-01 0.000000e+00
4.355705e-01 3.829800e-03 2.199966e-02 2.500000e-02 5.000000e-01 0.000000e+00
7.643274e-02 1.618556e-03 2.199966e-02 7.500000e-02 5.000000e-01 0.000000e+00
1.070682e-02 6.042223e-04 2.199966e-02 1.250000e-01 5.000000e-01 0.000000e+00
1.094669e-02 6.320089e-04 2.199966e-02 1.750000e-01 5.000000e-01 0.000000e+00
8.576800e-03 5.536315e-04 2.199966e-02 2.250000e-01 5.000000e-01 0.000000e+00
8.978926e-03 5.844798e-04 2.199966e-02 2.750000e-01 5.000000e-01 0.000000e+00
8.206974e-03 5.610187e-04 2.199966e-02 3.250000e-01 5.000000e-01 0.000000e+00
8.939978e-03 5.894862e-04 2.199966e-02 3.750000e-01 5.000000e-01 0.000000e+00
7.948710e-03 5.736506e-04 2.199966e-02 4.250000e-01 5.000000e-01 0.000000e+00
7.068413e-03 5.421239e-04 2.199966e-02 4.750000e-01 5.000000e-01 0.000000e+00
5.881739e-03 4.935860e-04 2.199966e-02 5.250000e-01 5.000000e-01 0.000000e+00
7.063465e-03 5.515658e-04 2.199966e-02 5.750000e-01 5.000000e-01 0.000000e+00
6.837650e-03 5.405657e-04 2.199966e-02 6.250000e-01 5.000000e-01 0.000000e+00
5.884345e-03 5.083316e-04 2.199966e-02 6.750000e-01 5.000000e-01 0.000000e+00
6.292337e-03 5.318017e-04 2.199966e-02 7.250000e-01 5.000000e-01 0.000000e+00
4.381144e-03 4.425638e-04 2.199966e-02 7.750000e-01 5.000000e-01 0.000000e+00
4.745833e-03 4.609574e-04 2.199966e-02 8.250000e-01 5.000000e-01 0.000000e+00
4.264120e-03 4.352064e-04 2.199966e-02 8.750000e-01 5.000000e-01 0.000000e+00
3.417540e-03 3.869613e-04 2.199966e-02 9.250000e-01 5.000000e-01 0.000000e+00
3.569843e-03 3.942247e-04 2.199966e-02 9.750000e-01 5.000000e-01 0.000000e+00
3.520318e-03 3.935853e-04 2.199966e-02 1.025000e+00 5.000000e-01 0.000000e+00
2.207192e-03 3.060840e-04 2.199966e-02 1.075000e+00 5.000000e-01 0.000000e+00
3.055231e-03 3.600642e-04 2.199966e-02 1.125000e+00 5.000000e-01 0.000000e+00
2.278130e-03 3.100158e-04 2.199966e-02 1.175000e+00 5.000000e-01 0.000000e+00
1.414858e-03 2.426476e-04 2.199966e-02 1.225000e+00 5.000000e-01 0.000000e+00
1.596296e-03 2.523983e-04 2.199966e-02 1.275000e+00 5.000000e-01 0.000000e+00
1.160907e-03 2.119531e-04 2.199966e-02 1.325000e+00 5.000000e-01 0.000000e+00
1.613460e-03 2.432400e-04 2.199966e-02 1.375000e+00 5.000000e-01 0.000000e+00
7.537407e-04 1.606986e-04 2.199966e-02 1.425000e+00 5.000000e-01 0.000000e+00
8.807655e-04 1.727340e-04 2.199966e-02 1.475000e+00 5.000000e-01 0.000000e+00
8.633265e-04 1.693141e-04 2.199966e-02 1.525000e+00 5.000000e-01 0.000000e+00
1.062703e-03 1.878627e-04 2.199966e-02 1.575000e+00 5.000000e-01 0.000000e+00
4.999779e-04 1.249951e-04 2.199966e-02 1.625000e+00 5.000000e-01 0.000000e+00
7.150155e-04 1.459531e-04 2.199966e-02 1.675000e+00 5.000000e-01 0.000000e+00
6.134046e-04 1.307804e-04 2.199966e-02 1.725000e+00 5.000000e-01 0.000000e+00
4.349501e-04 1.087391e-04 2.199966e-02 1.775000e+00 5.000000e-01 0.000000e+00
4.827862e-04 1.137951e-04 2.199966e-02 1.825000e+00 5.000000e-01 0.000000e+00
3.660446e-04 9.783032e-05 2.199966e-02 1.875000e+00 5.000000e-01 0.000000e+00
4.666172e-04 1.099832e-04 2.199966e-02 1.925000e+00 5.000000e-01 0.000000e+00
4.544491e-04 1.071157e-04 2.199966e-02 1.975000e+00 5.000000e-01 0.000000e+00
3.483883e-04 9.311184e-05 2.199966e-02 2.025000e+00 5.000000e-01 0.000000e+00
5.433792e-04 1.158506e-04 2.199966e-02 2.075000e+00 5.000000e-01 0.000000e+00
3.357910e-04 8.974549e-05 2.199966e-02 2.125000e+00 5.000000e-01 0.000000e+00
4.258100e-04 1.003668e-04 2.199966e-02 2.175000e+00 5.000000e-01 0.000000e+00
3.694971e-04 9.237490e-05 2.199966e-02 2.225000e+00 5.000000e-01 0.000000e+00
4.543567e-04 1.015986e-04 2.199966e-02 2.275000e+00 5.000000e-01 0.000000e+00
5.320760e-04 1.086121e-04 2.199966e-02 2.325000e+00 5.000000e-01 0.000000e+00
3.863533e-04 9.106680e-05 2.199966e-02 2.375000e+00 5.000000e-01 0.000000e+00
5.392720e-04 1.057637e-04 2.199966e-02 2.425000e+00 5.000000e-01 0.000000e+00
2.432997e-04 7.023723e-05 2.199966e-02 2.475000e+00 5.000000e-01 0.000000e+00
4.360616e-04 9.297196e-05 2.199966e-02 2.525000e+00 5.000000e-01 0.000000e+00
5.331021e-04 1.007502e-04 2.199966e-02 2.575000e+00 5.000000e-01 0.000000e+00
4.379982e-04 8.941010e-05 2.199966e-02 2.625000e+00 5.000000e-01 0.000000e+00
6.939219e-04 1.097273e-04 2.199966e-02 2.675000e+00 5.000000e-01 0.000000e+00
4.068808e-04 7.980229e-05 2.199966e-02 2.725000e+00 5.000000e-01 0.000000e+00
7.573133e-04 1.030673e-04 2.199966e-02 2.775000e+00 5.000000e-01 0.000000e+00
1.259433e-03 1.272337e-04 2.199966e-02 2.825000e+00 5.000000e-01 0.000000e+00
1.205672e-03 1.205814e-04 2.199966e-02 2.875000e+00 5.000000e-01 0.000000e+00
4.355492e-01 3.880343e-03 3.199965e-02 2.500000e-02 5.000000e-01 0.000000e+00
7.908643e-02 1.663598e-03 3.199965e-02 7.500000e-02 5.000000e-01 0.000000e+00
1.009220e-02 5.988632e-04 3.199965e-02 1.250000e-01 5.000000e-01 0.000000e+00
1.104160e-02 6.417816e-04 3.199965e-02 1.750000e-01 5.000000e-01 0.000000e+00
9.646468e-03 5.959623e-04 3.199965e-02 2.250000e-01 5.000000e-01 0.000000e+00
7.987049e-03 5.647712e-04 3.199965e-02 2.750000e-01 5.000000e-01 0.000000e+00
8.765825e-03 5.856929e-04 3.199965e-02 3.250000e-01 5.000000e-01 0.000000e+00
8.148741e-03 5.677513e-04 3.199965e-02 3.750000e-01 5.000000e-01 0.000000e+00
7.817045e-03 5.641483e-04 3.199965e-02 4.250000e-01 5.000000e-01 0.000000e+00
7.671866e-03 5.565775e-04 3.199965e-02 4.750000e-01 5.000000e-01 0.000000e+00
7.441085e-03 5.515716e-04 3.199965e-02 5.250000e-01 5.000000e-01 0.000000e+00
7.240989e-03 5.489398e-04 3.199965e-02 5.750000e-01 5.000000e-01 0.000000e+00
7.451777e-03 5.554247e-04 3.199965e-02 6.250000e-01 5.000000e-01 0.000000e+00
4.796844e-03 4.532611e-04 3.199965e-02 6.750000e-01 5.000000e-01 0.000000e+00
4.487340e-03 4.400215e-04 3.199965e-02 7.250000e-01 5.000000e-01 0.000000e+00
5.482335e-03 4.845763e-04 3.199965e-02 7.750000e-01 5.000000e-01 0.000000e+00
3.853687e-03 4.155554e-04 3.199965e-02 8.250000e-01 5.000000e-01 0.000000e+00
4.667484e-03 4.533479e-04 3.199965e-02 8.750000e-01 5.000000e-01 0.000000e+00
3.948259e-03 4.161849e-04 3.199965e-02 9.250000e-01 5.000000e-01 0.000000e+00
3.787748e-03 4.084452e-04 3.199965e-02 9.750000e-01 5.000000e-01 0.000000e+00
3.774237e-03 4.069882e-04 3.199965e-02 1.025000e+00 5.000000e-01 0.000000e+00
2.793829e-03 3.438983e-04 3.199965e-02 1.075000e+00 5.000000e-01 0.000000e+00
2.826910e-03 3.479702e-04 3.199965e-02 1.125000e+00 5.000000e-01 0.000000e+00
2.086421e-03 2.950659e-04 3.199965e-02 1.175000e+00 5.000000e-01 0.000000e+00
2.223133e-03 2.970803e-04 3.199965e-02 1.225000e+00 5.000000e-01 0.000000e+00
1.594731e-03 2.460734e-04 3.199965e-02 1.275000e+00 5.000000e-01 0.000000e+00
1.375816e-03 2.231880e-04 3.199965e-02 1.325000e+00 5.000000e-01 0.000000e+00
1.539918e-03 2.321532e-04 3.199965e-02 1.375000e+00 5.000000e-01 0.000000e+00
1.014611e-03 1.852424e-04 3.199965e-02 1.425000e+00 5.000000e-01 0.000000e+00
7.459546e-04 1.590389e-04 3.199965e-02 1.475000e+00 5.000000e-01 0.000000e+00
8.100471e-04 1.653513e-04 3.199965e-02 1.525000e+00 5.000000e-01 0.000000e+00
6.019494e-04 1.418821e-04 3.199965e-02 1.575000e+00 5.000000e-01 0.000000e+00
1.097522e-03 1.882243e-04 3.199965e-02 1.625000e+00 5.000000e-01 0.000000e+00
4.349602e-04 1.162486e-04 3.199965e-02 1.675000e+00 5.000000e-01 0.000000e+00
5.900564e-04 1.319424e-04 3.199965e-02 1.725000e+00 5.000000e-01 0.000000e+00
6.074523e-04 1.295105e-04 3.199965e-02 1.775000e+00 5.000000e-01 0.000000e+00
7.051959e-04 1.383018e-04 3.199965e-02 1.825000e+00 5.000000e-01 0.000000e+00
6.390830e-04 1.304538e-04 3.199965e-02 1.875000e+00 5.000000e-01 0.000000e+00
4.252218e-04 1.063068e-04 3.199965e-02 1.925000e+00 5.000000e-01 0.000000e+00
2.079418e-04 7.351962e-05 3.199965e-02 1.975000e+00 5.000000e-01 0.000000e+00
6.061611e-04 1.237341e-04 3.199965e-02 2.025000e+00 5.000000e-01 0.000000e+00
2.454954e-04 7.763262e-05 3.199965e-02 2.075000e+00 5.000000e-01 0.000000e+00
2.358860e-04 7.459453e-05 3.199965e-02 2.125000e+00 5.000000e-01 0.000000e+00
4.704913e-04 1.052064e-04 3.199965e-02 2.175000e+00 5.000000e-01 0.000000e+00
6.040599e-04 1.184685e-04 3.199965e-02 2.225000e+00 5.000000e-01 0.000000e+00
7.804580e-04 1.338510e-04 3.199965e-02 2.275000e+00 5.000000e-01 0.000000e+00
3.960348e-04 9.334751e-05 3.199965e-02 2.325000e+00 5.000000e-01 0.000000e+00
1.729674e-04 6.115466e-05 3.199965e-02 2.375000e+00 5.000000e-01 0.000000e+00
6.263150e-04 1.143532e-04 3.199965e-02 2.425000e+00 5.000000e-01 0.000000e+00
4.408736e-04 9.399741e-05 3.199965e-02 2.475000e+00 5.000000e-01 0.000000e+00
5.125954e-04 1.005341e-04 3.199965e-02 2.525000e+00 5.000000e-01 0.000000e+00
4.161454e-04 8.872654e-05 3.199965e-02 2.575000e+00 5.000000e-01 0.000000e+00
7.374114e-04 1.166019e-04 3.199965e-02 2.625000e+00 5.000000e-01 0.000000e+00
7.209459e-04 1.112494e-04 3.199965e-02 2.675000e+00 5.000000e-01 0.000000e+00
5.277779e-04 9.052050e-05 3.199965e-02 2.725000e+00 5.000000e-01 0.000000e+00
7.067761e-04 9.996492e-05 3.199965e-02 2.775000e+00 5.000000e-01 0.000000e+00
9.888364e-04 1.134404e-04 3.199965e-02 2.825000e+00 5.000000e-01 0.000000e+00
9.099372e-04 1.057918e-04 3.199965e-02 2.875000e+00 5.000000e-01 0.000000e+00
4.369722e-01 3.939734e-03 4.199964e-02 2.500000e-02 5.000000e-01 0.000000e+00
7.805197e-02 1.664076e-03 4.199964e-02 7.500000e-02 5.000000e-01 0.000000e+00
9.601359e-03 6.024443e-04 4.199964e-02 1.250000e-01 5.000000e-01 0.000000e+00
9.623258e-03 6.062098e-04 4.199964e-02 1.750000e-01 5.000000e-01 0.000000e+00
1.048326e-02 6.356429e-04 4.199964e-02 2.250000e-01 5.000000e-01 0.000000e+00
7.675524e-03 5.539348e-04 4.199964e-02 2.750000e-01 5.000000e-01 0.000000e+00
8.271739e-03 5.681070e-04 4.199964e-02 3.250000e-01 5.000000e-01 0.000000e+00
7.916830e-03 5.654895e-04 4.199964e-02 3.750000e-01 5.000000e-01 0.000000e+00
7.242383e-03 5.428412e-04 4.199964e-02 4.250000e-01 5.000000e-01 0.000000e+00
6.348556e-03 5.018989e-04 4.199964e-02 4.750000e-01 5.000000e-01 0.000000e+00
7.145327e-03 5.386011e-04 4.199964e-02 5.250000e-01 5.000000e-01 0.000000e+00
7.886407e-03 5.633164e-04 4.199964e-02 5.750000e-01 5.000000e-01 0.000000e+00
6.594449e-03 5.181110e-04 4.199964e-02 6.250000e-01 5.000000e-01 0.000000e+00
5.821980e-03 4.920489e-04 4.199964e-02 6.750000e-01 5.000000e-01 0.000000e+00
4.507252e-03 4.337121e-04 4.199964e-02 7.250000e-01 5.000000e-01 0.000000e+00
4.847957e-03 4.501233e-04 4.199964e-02 7.750000e-01 5.000000e-01 0.000000e+00
5.519241e-03 4.878389e-04 4.199964e-02 8.250000e-01 5.000000e-01 0.000000e+00
4.013281e-03 4.139398e-04 4.199964e-02 8.750000e-01 5.000000e-01 0.000000e+00
3.788932e-03 4.085727e-04 4.199964e-02 9.250000e-01 5.000000e-01 0.000000e+00
2.645232e-03 3.414993e-04 4.199964e-02 9.750000e-01 5.000000e-01 0.000000e+00
2.601540e-03 3.358587e-04 4.199964e-02 1.025000e+00 5.000000e-01 0.000000e+00
2.210802e-03 3.065850e-04 4.199964e-02 1.075000e+00 5.000000e-01 0.000000e+00
3.177723e-03 3.645118e-04 4.199964e-02 1.125000e+00 5.000000e-01 0.000000e+00
2.215946e-03 2.961196e-04 4.199964e-02 1.175000e+00 5.000000e-01 0.000000e+00
2.517585e-03 3.053038e-04 4.199964e-02 1.225000e+00 5.000000e-01 0.000000e+00
9.438294e-04 1.851011e-04 4.199964e-02 1.275000e+00 5.000000e-01 0.000000e+00
1.261652e-03 2.102769e-04 4.199964e-02 1.325000e+00 5.000000e-01 0.000000e+00
1.808374e-03 2.507777e-04 4.199964e-02 1.375000e+00 5.000000e-01 0.000000e+00
1.616200e-03 2.332792e-04 4.199964e-02 1.425000e+00 5.000000e-01 0.000000e+00
1.437114e-03 2.217526e-04 4.199964e-02 1.475000e+00 5.000000e-01 0.000000e+00
8.117259e-04 1.656946e-04 4.199964e-02 1.525000e+00 5.000000e-01 0.000000e+00
7.986302e-04 1.630208e-04 4.199964e-02 1.575000e+00 5.000000e-01 0.000000e+00
7.159700e-04 1.526476e-04 4.199964e-02 1.625000e+00 5.000000e-01 0.000000e+00
5.064312e-04 1.266092e-04 4.199964e-02 1.675000e+00 5.000000e-01 0.000000e+00
8.671370e-04 1.638752e-04 4.199964e-02 1.725000e+00 5.000000e-01 0.000000e+00
4.754436e-04 1.188622e-04 4.199964e-02 1.775000e+00 5.000000e-01 0.000000e+00
7.964414e-04 1.505153e-04 4.199964e-02 1.825000e+00 5.000000e-01 0.000000e+00
6.450312e-04 1.316686e-04 4.199964e-02 1.875000e+00 5.000000e-01 0.000000e+00
4.748488e-04 1.119243e-04 4.199964e-02 1.925000e+00 5.000000e-01 0.000000e+00
3.647036e-04 9.747222e-05 4.199964e-02 1.975000e+00 5.000000e-01 0.000000e+00
5.503918e-04 1.173457e-04 4.199964e-02 2.025000e+00 5.000000e-01 0.000000e+00
2.978670e-04 8.598735e-05 4.199964e-02 2.075000e+00 5.000000e-01 0.000000e+00
3.884101e-04 9.710419e-05 4.199964e-02 2.125000e+00 5.000000e-01 0.000000e+00
5.177910e-04 1.103947e-04 4.199964e-02 2.175000e+00 5.000000e-01 0.000000e+00
3.740978e-04 9.352587e-05 4.199964e-02 2.225000e+00 5.000000e-01 0.000000e+00
5.043307e-04 1.075262e-04 4.199964e-02 2.275000e+00 5.000000e-01 0.000000e+00
3.970386e-04 9.358447e-05 4.199964e-02 2.325000e+00 5.000000e-01 0.000000e+00
4.756216e-04 1.014063e-04 4.199964e-02 2.375000e+00 5.000000e-01 0.000000e+00
3.384071e-04 8.460270e-05 4.199964e-02 2.425000e+00 5.000000e-01 0.000000e+00
6.447179e-04 1.139728e-04 4.199964e-02 2.475000e+00 5.000000e-01 0.000000e+00
7.440579e-04 1.207066e-04 4.199964e-02 2.525000e+00 5.000000e-01 0.000000e+00
6.069316e-04 1.072971e-04 4.199964e-02 2.575000e+00 5.000000e-01 0.000000e+00
2.562605e-04 6.849148e-05 4.199964e-02 2.625000e+00 5.000000e-01 0.000000e+00
5.741556e-04 9.847264e-05 4.199964e-02 2.675000e+00 5.000000e-01 0.000000e+00
9.014284e-04 1.183730e-04 4.199964e-02 2.725000e+00 5.000000e-01 0.000000e+00
6.040348e-04 9.321260e-05 4.199964e-02 2.775000e+00 5.000000e-01 0.000000e+00
8.481975e-04 1.060375e-04 4.199964e-02 2.825000e+00 5.000000e-01 0.000000e+00
9.449783e-04 1.084088e-04 4.199964e-02 2.875000e+00 5.000000e-01 0.000000e+00
4.436627e-01 4.030641e-03 5.199963e-02 2.500000e-02 5.000000e-01 0.000000e+00
7.813334e-02 1.705824e-03 5.199963e-02 7.500000e-02 5.000000e-01 0.000000e+00
1.146965e-02 6.689252e-04 5.199963e-02 1.250000e-01 5.000000e-01 0.000000e+00
9.368113e-03 5.972906e-04 5.199963e-02 1.750000e-01 5.000000e-01 0.000000e+00
8.512336e-03 5.818928e-04 5.199963e-02 2.250000e-01 5.000000e-01 0.000000e+00
9.251913e-03 6.048183e-04 5.199963e-02 2.750000e-01 5.000000e-01 0.000000e+00
7.948873e-03 5.620718e-04 5.199963e-02 3.250000e-01 5.000000e-01 0.000000e+00
7.877871e-03 5.685381e-04 5.199963e-02 3.750000e-01 5.000000e-01 0.000000e+00
8.424102e-03 5.841080e-04 5.199963e-02 4.250000e-01 5.000000e-01 0.000000e+00
7.055405e-03 5.318229e-04 5.199963e-02 4.750000e-01 5.000000e-01 0.000000e+00
7.361871e-03 5.456997e-04 5.199963e-02 5.250000e-01 5.000000e-01 0.000000e+00
6.895031e-03 5.197343e-04 5.199963e-02 5.750000e-01 5.000000e-01 0.000000e+00
5.502965e-03 4.718768e-04 5.199963e-02 6.250000e-01 5.000000e-01 0.000000e+00
4.982479e-03 4.474413e-04 5.199963e-02 6.750000e-01 5.000000e-01 0.000000e+00
3.547648e-03 3.781822e-04 5.199963e-02 7.250000e-01 5.000000e-01 0.000000e+00
4.199420e-03 4.158063e-04 5.199963e-02 7.750000e-01 5.000000e-01 0.000000e+00
3.958921e-03 4.040577e-04 5.199963e-02 8.250000e-01 5.000000e-01 0.000000e+00
4.780488e-03 4.438586e-04 5.199963e-02 8.750000e-01 5.000000e-01 0.000000e+00
3.519742e-03 3.886924e-04 5.199963e-02 9.250000e-01 5.000000e-01 0.000000e+00
3.035118e-03 3.627673e-04 5.199963e-02 9.750000e-01 5.000000e-01 0.000000e+00
2.967061e-03 3.546336e-04 5.199963e-02 1.025000e+00 5.000000e-01 0.000000e+00
3.176963e-03 3.644248e-04 5.199963e-02 1.075000e+00 5.000000e-01 0.000000e+00
2.650561e-03 3.214292e-04 5.199963e-02 1.125000e+00 5.000000e-01 0.000000e+00
2.346098e-03 2.932639e-04 5.199963e-02 1.175000e+00 5.000000e-01 0.000000e+00
2.433297e-03 2.950821e-04 5.199963e-02 1.225000e+00 5.000000e-01 0.000000e+00
1.725116e-03 2.490006e-04 5.199963e-02 1.275000e+00 5.000000e-01 0.000000e+00
1.543558e-03 2.327013e-04 5.199963e-02 1.325000e+00 5.000000e-01 0.000000e+00
1.443995e-03 2.228147e-04 5.199963e-02 1.375000e+00 5.000000e-01 0.000000e+00
1.382500e-03 2.185935e-04 5.199963e-02 1.425000e+00 5.000000e-01 0.000000e+00
9.571665e-04 1.808891e-04 5.199963e-02 1.475000e+00 5.000000e-01 0.000000e+00
1.011910e-03 1.847498e-04 5.199963e-02 1.525000e+00 5.000000e-01 0.000000e+00
5.244134e-04 1.311039e-04 5.199963e-02 1.575000e+00 5.000000e-01 0.000000e+00
1.430312e-03 2.156303e-04 5.199963e-02 1.625000e+00 5.000000e-01 0.000000e+00
8.422189e-04 1.651739e-04 5.199963e-02 1.675000e+00 5.000000e-01 0.000000e+00
9.042782e-04 1.708946e-04 5.199963e-02 1.725000e+00 5.000000e-01 0.000000e+00
6.208874e-04 1.388359e-04 5.199963e-02 1.775000e+00 5.000000e-01 0.000000e+00
3.549628e-04 1.024700e-04 5.199963e-02 1.825000e+00 5.000000e-01 0.000000e+00
6.142196e-04 1.309527e-04 5.199963e-02 1.875000e+00 5.000000e-01 0.000000e+00
4.188983e-04 1.047255e-04 5.199963e-02 1.925000e+00 5.000000e-01 0.000000e+00
3.572894e-04 9.549049e-05 5.199963e-02 1.975000e+00 5.000000e-01 0.000000e+00
3.987668e-04 9.969408e-05 5.199963e-02 2.025000e+00 5.000000e-01 0.000000e+00
5.938663e-04 1.212245e-04 5.199963e-02 2.075000e+00 5.000000e-01 0.000000e+00
6.869286e-04 1.298192e-04 5.199963e-02 2.125000e+00 5.000000e-01 0.000000e+00
4.309534e-04 1.015780e-04 5.199963e-02 2.175000e+00 5.000000e-01 0.000000e+00
3.745094e-04 9.362876e-05 5.199963e-02 2.225000e+00 5.000000e-01 0.000000e+00
4.091506e-04 9.643965e-05 5.199963e-02 2.275000e+00 5.000000e-01 0.000000e+00
4.036183e-04 9.513525e-05 5.199963e-02 2.325000e+00 5.000000e-01 0.000000e+00
3.036498e-04 8.115468e-05 5.199963e-02 2.375000e+00 5.000000e-01 0.000000e+00
2.546047e-04 7.349974e-05 5.199963e-02 2.425000e+00 5.000000e-01 0.000000e+00
4.922478e-04 1.004815e-04 5.199963e-02 2.475000e+00 5.000000e-01 0.000000e+00
2.738159e-04 7.318509e-05 5.199963e-02 2.525000e+00 5.000000e-01 0.000000e+00
4.508621e-04 9.203733e-05 5.199963e-02 2.575000e+00 5.000000e-01 0.000000e+00
5.666519e-04 1.001752e-04 5.199963e-02 2.625000e+00 5.000000e-01 0.000000e+00
6.740595e-04 1.065853e-04 5.199963e-02 2.675000e+00 5.000000e-01 0.000000e+00
7.615167e-04 1.099246e-04 5.199963e-02 2.725000e+00 5.000000e-01 0.000000e+00
1.032667e-03 1.234365e-04 5.199963e-02 2.775000e+00 5.000000e-01 0.000000e+00
9.710145e-04 1.144472e-04 5.199963e-02 2.825000e+00 5.000000e-01 0.000000e+00
1.441069e-03 1.349846e-04 5.199963e-02 2.875000e+00 5.000000e-01 0.000000e+00
4.440878e-01 4.073008e-03 6.199962e-02 2.500000e-02 5.000000e-01 0.000000e+00
7.721476e-02 1.725714e-03 6.199962e-02 7.500000e-02 5.000000e-01 0.000000e+00
1.225894e-02 6.874491e-04 6.199962e-02 1.250000e-01 5.000000e-01 0.000000e+00
9.707677e-03 6.115278e-04 6.199962e-02 1.750000e-01 5.000000e-01 0.000000e+00
9.250524e-03 6.126326e-04 6.199962e-02 2.250000e-01 5.000000e-01 0.000000e+00
9.301494e-03 6.029281e-04 6.199962e-02 2.750000e-01 5.000000e-01 0.000000e+00
9.667681e-03 6.319980e-04 6.199962e-02 3.250000e-01 5.000000e-01 0.000000e+00
8.801781e-03 5.988870e-04 6.199962e-02 3.750000e-01 5.000000e-01 0.000000e+00
6.375649e-03 5.072211e-04 6.199962e-02 4.250000e-01 5.000000e-01 0.000000e+00
8.345633e-03 5.814695e-04 6.199962e-02 4.750000e-01 5.000000e-01 0.000000e+00
5.906336e-03 4.854994e-04 6.199962e-02 5.250000e-01 5.000000e-01 0.000000e+00
7.320385e-03 5.396677e-04 6.199962e-02 5.750000e-01 5.000000e-01 0.000000e+00
6.251212e-03 5.004990e-04 6.199962e-02 6.250000e-01 5.000000e-01 0.000000e+00
5.745878e-03 4.755341e-04 6.199962e-02 6.750000e-01 5.000000e-01 0.000000e+00
5.436003e-03 4.661352e-04 6.199962e-02 7.250000e-01 5.000000e-01 0.000000e+00
5.306743e-03 4.618945e-04 6.199962e-02 7.750000e-01 5.000000e-01 0.000000e+00
4.751733e-03 4.337732e-04 6.199962e-02 8.250000e-01 5.000000e-01 0.000000e+00
3.611232e-03 3.849603e-04 6.199962e-02 8.750000e-01 5.000000e-01 0.000000e+00
4.394979e-03 4.229088e-04 6.199962e-02 9.250000e-01 5.000000e-01 0.000000e+00
3.557382e-03 3.792203e-04 6.199962e-02 9.750000e-01 5.000000e-01 0.000000e+00
3.342312e-03 3.646777e-04 6.199962e-02 1.025000e+00 5.000000e-01 0.000000e+00
2.927390e-03 3.357964e-04 6.199962e-02 1.075000e+00 5.000000e-01 0.000000e+00
1.526996e-03 2.356216e-04 6.199962e-02 1.125000e+00 5.000000e-01 0.000000e+00
2.307974e-03 2.884979e-04 6.199962e-02 1.175000e+00 5.000000e-01 0.000000e+00
2.107278e-03 2.767012e-04 6.199962e-02 1.225000e+00 5.000000e-01 0.000000e+00
2.909977e-03 3.213557e-04 6.199962e-02 1.275000e+00 5.000000e-01 0.000000e+00
1.971441e-03 2.634463e-04 6.199962e-02 1.325000e+00 5.000000e-01 0.000000e+00
1.042965e-03 1.904203e-04 6.199962e-02 1.375000e+00 5.000000e-01 0.000000e+00
1.040745e-03 1.900142e-04 6.199962e-02 1.425000e+00 5.000000e-01 0.000000e+00
1.011446e-03 1.846648e-04 6.199962e-02 1.475000e+00 5.000000e-01 0.000000e+00
1.402878e-03 2.164705e-04 6.199962e-02 1.525000e+00 5.000000e-01 0.000000e+00
8.589932e-04 1.684643e-04 6.199962e-02 1.575000e+00 5.000000e-01 0.000000e+00
6.629497e-04 1.482409e-04 6.199962e-02 1.625000e+00 5.000000e-01 0.000000e+00
5.210746e-04 1.302695e-04 6.199962e-02 1.675000e+00 5.000000e-01 0.000000e+00
1.022931e-03 1.808328e-04 6.199962e-02 1.725000e+00 5.000000e-01 0.000000e+00
6.891938e-04 1.469386e-04 6.199962e-02 1.775000e+00 5.000000e-01 0.000000e+00
6.667399e-04 1.421506e-04 6.199962e-02 1.825000e+00 5.000000e-01 0.000000e+00
3.466066e-04 1.000573e-04 6.199962e-02 1.875000e+00 5.000000e-01 0.000000e+00
4.352145e-04 1.088051e-04 6.199962e-02 1.925000e+00 5.000000e-01 0.000000e+00
2.052945e-04 7.258380e-05 6.199962e-02 1.975000e+00 5.000000e-01 0.000000e+00
2.505780e-04 7.924091e-05 6.199962e-02 2.025000e+00 5.000000e-01 0.000000e+00
4.930399e-04 1.102494e-04 6.199962e-02 2.075000e+00 5.000000e-01 0.000000e+00
3.391692e-04 9.064823e-05 6.199962e-02 2.125000e+00 5.000000e-01 0.000000e+00
2.393798e-04 7.570209e-05 6.199962e-02 2.175000e+00 5.000000e-01 0.000000e+00
4.697889e-04 1.050501e-04 6.199962e-02 2.225000e+00 5.000000e-01 0.000000e+00
4.579218e-04 1.023972e-04 6.199962e-02 2.275000e+00 5.000000e-01 0.000000e+00
3.094545e-04 8.270740e-05 6.199962e-02 2.325000e+00 5.000000e-01 0.000000e+00
4.816485e-04 1.026899e-04 6.199962e-02 2.375000e+00 5.000000e-01 0.000000e+00
4.647636e-04 9.909118e-05 6.199962e-02 2.425000e+00 5.000000e-01 0.000000e+00
4.921864e-04 1.004698e-04 6.199962e-02 2.475000e+00 5.000000e-01 0.000000e+00
5.515720e-04 1.042421e-04 6.199962e-02 2.525000e+00 5.000000e-01 0.000000e+00
4.807959e-04 9.429539e-05 6.199962e-02 2.575000e+00 5.000000e-01 0.000000e+00
7.997882e-04 1.179279e-04 6.199962e-02 2.625000e+00 5.000000e-01 0.000000e+00
6.148118e-04 1.024772e-04 6.199962e-02 2.675000e+00 5.000000e-01 0.000000e+00
6.877067e-04 1.061215e-04 6.199962e-02 2.725000e+00 5.000000e-01 0.000000e+00
6.341073e-04 9.785390e-05 6.199962e-02 2.775000e+00 5.000000e-01 0.000000e+00
8.743836e-04 1.093128e-04 6.199962e-02 2.825000e+00 5.000000e-01 0.000000e+00
1.064391e-03 1.161479e-04 6.199962e-02 2.875000e+00 5.000000e-01 0.000000e+00
4.444323e-01 4.093074e-03 7.199961e-02 2.500000e-02 5.000000e-01 0.000000e+00
7.820486e-02 1.733187e-03 7.199961e-02 7.500000e-02 5.000000e-01 0.000000e+00
1.200192e-02 6.794767e-04 7.199961e-02 1.250000e-01 5.000000e-01 0.000000e+00
9.833550e-03 6.295303e-04 7.199961e-02 1.750000e-01 5.000000e-01 0.000000e+00
7.893135e-03 5.609424e-04 7.199961e-02 2.250000e-01 5.000000e-01 0.000000e+00
9.149119e-03 6.113029e-04 7.199961e-02 2.750000e-01 5.000000e-01 0.000000e+00
8.760196e-03 6.016545e-04 7.199961e-02 3.250000e-01 5.000000e-01 0.000000e+00
9.030394e-03 6.060821e-04 7.199961e-02 3.750000e-01 5.000000e-01 0.000000e+00
8.418018e-03 5.865128e-04 7.199961e-02 4.250000e-01 5.000000e-01 0.000000e+00
6.793835e-03 5.241575e-04 7.199961e-02 4.750000e-01 5.000000e-01 0.000000e+00
6.952937e-03 5.240989e-04 7.199961e-02 5.250000e-01 5.000000e-01 0.000000e+00
7.304745e-03 5.444652e-04 7.199961e-02 5.750000e-01 5.000000e-01 0.000000e+00
5.516135e-03 4.662002e-04 7.199961e-02 6.250000e-01 5.000000e-01 0.000000e+00
5.897571e-03 4.847792e-04 7.199961e-02 6.750000e-01 5.000000e-01 0.000000e+00
5.585236e-03 4.687042e-04 7.199961e-02 7.250000e-01 5.000000e-01 0.000000e+00
5.775286e-03 4.747273e-04 7.199961e-02 7.750000e-01 5.000000e-01 0.000000e+00
4.627946e-03 4.260386e-04 7.199961e-02 8.250000e-01 5.000000e-01 0.000000e+00
4.995389e-03 4.415362e-04 7.199961e-02 8.750000e-01 5.000000e-01 0.000000e+00
4.160136e-03 3.966553e-04 7.199961e-02 9.250000e-01 5.000000e-01 0.000000e+00
3.658145e-03 3.695302e-04 7.199961e-02 9.750000e-01 5.000000e-01 0.000000e+00
2.688039e-03 3.124799e-04 7.199961e-02 1.025000e+00 5.000000e-01 0.000000e+00
2.478232e-03 2.962067e-04 7.199961e-02 1.075000e+00 5.000000e-01 0.000000e+00
2.100503e-03 2.758106e-04 7.199961e-02 1.125000e+00 5.000000e-01 0.000000e+00
2.250034e-03 2.857561e-04 7.199961e-02 1.175000e+00 5.000000e-01 0.000000e+00
1.583942e-03 2.387893e-04 7.199961e-02 1.225000e+00 5.000000e-01 0.000000e+00
1.625005e-03 2.395948e-04 7.199961e-02 1.275000e+00 5.000000e-01 0.000000e+00
1.852233e-03 2.568602e-04 7.199961e-02 1.325000e+00 5.000000e-01 0.000000e+00
1.674368e-03 2.416756e-04 7.199961e-02 1.375000e+00 5.000000e-01 0.000000e+00
1.980427e-03 2.600454e-04 7.199961e-02 1.425000e+00 5.000000e-01 0.000000e+00
1.218647e-03 2.031095e-04 7.199961e-02 1.475000e+00 5.000000e-01 0.000000e+00
1.083527e-03 1.915432e-04 7.199961e-02 1.525000e+00 5.000000e-01 0.000000e+00
9.375025e-04 1.771725e-04 7.199961e-02 1.575000e+00 5.000000e-01 0.000000e+00
5.912796e-04 1.393675e-04 7.199961e-02 1.625000e+00 5.000000e-01 0.000000e+00
3.863289e-04 1.115240e-04 7.199961e-02 1.675000e+00 5.000000e-01 0.000000e+00
8.919693e-04 1.685677e-04 7.199961e-02 1.725000e+00 5.000000e-01 0.000000e+00
8.152753e-04 1.598908e-04 7.199961e-02 1.775000e+00 5.000000e-01 0.000000e+00
2.470831e-04 8.735754e-05 7.199961e-02 1.825000e+00 5.000000e-01 0.000000e+00
3.610240e-04 1.042193e-04 7.199961e-02 1.875000e+00 5.000000e-01 0.000000e+00
5.226019e-04 1.231807e-04 7.199961e-02 1.925000e+00 5.000000e-01 0.000000e+00
2.229562e-04 7.882781e-05 7.199961e-02 1.975000e+00 5.000000e-01 0.000000e+00
2.101781e-04 7.430948e-05 7.199961e-02 2.025000e+00 5.000000e-01 0.000000e+00
7.086775e-04 1.339294e-04 7.199961e-02 2.075000e+00 5.000000e-01 0.000000e+00
3.418512e-04 9.136540e-05 7.199961e-02 2.125000e+00 5.000000e-01 0.000000e+00
3.350379e-04 8.954334e-05 7.199961e-02 2.175000e+00 5.000000e-01 0.000000e+00
4.181421e-04 9.855853e-05 7.199961e-02 2.225000e+00 5.000000e-01 0.000000e+00
3.658477e-04 9.146536e-05 7.199961e-02 2.275000e+00 5.000000e-01 0.000000e+00
3.134814e-04 8.378328e-05 7.199961e-02 2.325000e+00 5.000000e-01 0.000000e+00
4.766219e-04 1.016199e-04 7.199961e-02 2.375000e+00 5.000000e-01 0.000000e+00
3.815650e-04 8.993901e-05 7.199961e-02 2.425000e+00 5.000000e-01 0.000000e+00
5.712035e-04 1.079521e-04 7.199961e-02 2.475000e+00 5.000000e-01 0.000000e+00
5.050872e-04 9.906097e-05 7.199961e-02 2.525000e+00 5.000000e-01 0.000000e+00
5.482521e-04 1.000990e-04 7.199961e-02 2.575000e+00 5.000000e-01 0.000000e+00
4.214761e-04 8.603868e-05 7.199961e-02 2.625000e+00 5.000000e-01 0.000000e+00
5.562143e-04 9.833188e-05 7.199961e-02 2.675000e+00 5.000000e-01 0.000000e+00
5.023488e-04 9.172282e-05 7.199961e-02 2.725000e+00 5.000000e-01 0.000000e+00
4.580639e-04 8.363776e-05 7.199961e-02 2.775000e+00 5.000000e-01 0.000000e+00
6.183884e-04 9.323226e-05 7.199961e-02 2.825000e+00 5.000000e-01 0.000000e+00
1.073213e-03 1.171133e-04 7.199961e-02 2.875000e+00 5.000000e-01 0.000000e+00
4.345008e-01 4.090345e-03 8.199960e-02 2.500000e-02 5.000000e-01 0.000000e+00
7.521838e-02 1.697282e-03 8.199960e-02 7.500000e-02 5.000000e-01 0.000000e+00
9.442778e-03 6.120859e-04 8.199960e-02 1.250000e-01 5.000000e-01 0.000000e+00
8.960531e-03 6.013929e-04 8.199960e-02 1.750000e-01 5.000000e-01 0.000000e+00
9.830606e-03 6.267781e-04 8.199960e-02 2.250000e-01 5.000000e-01 0.000000e+00
1.039555e-02 6.627980e-04 8.199960e-02 2.750000e-01 5.000000e-01 0.000000e+00
8.677895e-03 5.960019e-04 8.199960e-02 3.250000e-01 5.000000e-01 0.000000e+00
7.925347e-03 5.719644e-04 8.199960e-02 3.750000e-01 5.000000e-01 0.000000e+00
7.941142e-03 5.672264e-04 8.199960e-02 4.250000e-01 5.000000e-01 0.000000e+00
8.669610e-03 5.898939e-04 8.199960e-02 4.750000e-01 5.000000e-01 0.000000e+00
7.341116e-03 5.441614e-04 8.199960e-02 5.250000e-01 5.000000e-01 0.000000e+00
7.153111e-03 5.331632e-04 8.199960e-02 5.750000e-01 5.000000e-01 0.000000e+00
6.050533e-03 4.907646e-04 8.199960e-02 6.250000e-01 5.000000e-01 0.000000e+00
5.744760e-03 4.787317e-04 8.199960e-02 6.750000e-01 5.000000e-01 0.000000e+00
4.943191e-03 4.403759e-04 8.199960e-02 7.250000e-01 5.000000e-01 0.000000e+00
4.471033e-03 4.151265e-04 8.199960e-02 7.750000e-01 5.000000e-01 0.000000e+00
4.906946e-03 4.303695e-04 8.199960e-02 8.250000e-01 5.000000e-01 0.000000e+00
4.867641e-03 4.173984e-04 8.199960e-02 8.750000e-01 5.000000e-01 0.000000e+00
4.444915e-03 3.959864e-04 8.199960e-02 9.250000e-01 5.000000e-01 0.000000e+00
3.453350e-03 3.453367e-04 8.199960e-02 9.750000e-01 5.000000e-01 0.000000e+00
3.115884e-03 3.284450e-04 8.199960e-02 1.025000e+00 5.000000e-01 0.000000e+00
2.372252e-03 2.876792e-04 8.199960e-02 1.075000e+00 5.000000e-01 0.000000e+00
2.827085e-03 3.160796e-04 8.199960e-02 1.125000e+00 5.000000e-01 0.000000e+00
2.325097e-03 2.862010e-04 8.199960e-02 1.175000e+00 5.000000e-01 0.000000e+00
1.989600e-03 2.658729e-04 8.199960e-02 1.225000e+00 5.000000e-01 0.000000e+00
2.182091e-03 2.817082e-04 8.199960e-02 1.275000e+00 5.000000e-01 0.000000e+00
1.401952e-03 2.216694e-04 8.199960e-02 1.325000e+00 5.000000e-01 0.000000e+00
1.668594e-03 2.408427e-04 8.199960e-02 1.375000e+00 5.000000e-01 0.000000e+00
8.927727e-04 1.750884e-04 8.199960e-02 1.425000e+00 5.000000e-01 0.000000e+00
1.172411e-03 2.010681e-04 8.199960e-02 1.475000e+00 5.000000e-01 0.000000e+00
1.015877e-03 1.854742e-04 8.199960e-02 1.525000e+00 5.000000e-01 0.000000e+00
9.852577e-04 1.798837e-04 8.199960e-02 1.575000e+00 5.000000e-01 0.000000e+00
9.230293e-04 1.744376e-04 8.199960e-02 1.625000e+00 5.000000e-01 0.000000e+00
6.507255e-04 1.455076e-04 8.199960e-02 1.675000e+00 5.000000e-01 0.000000e+00
1.226461e-03 1.989599e-04 8.199960e-02 1.725000e+00 5.000000e-01 0.000000e+00
6.257104e-04 1.399146e-04 8.199960e-02 1.775000e+00 5.000000e-01 0.000000e+00
4.268692e-04 1.140867e-04 8.199960e-02 1.825000e+00 5.000000e-01 0.000000e+00
6.682487e-04 1.424721e-04 8.199960e-02 1.875000e+00 5.000000e-01 0.000000e+00
8.361525e-04 1.580188e-04 8.199960e-02 1.925000e+00 5.000000e-01 0.000000e+00
3.990143e-04 1.066413e-04 8.199960e-02 1.975000e+00 5.000000e-01 0.000000e+00
4.362720e-04 1.090692e-04 8.199960e-02 2.025000e+00 5.000000e-01 0.000000e+00
4.114552e-04 1.028654e-04 8.199960e-02 2.075000e+00 5.000000e-01 0.000000e+00
4.431013e-04 1.044412e-04 8.199960e-02 2.125000e+00 5.000000e-01 0.000000e+00
6.284916e-04 1.232585e-04 8.199960e-02 2.175000e+00 5.000000e-01 0.000000e+00
6.136211e-04 1.203429e-04 8.199960e-02 2.225000e+00 5.000000e-01 0.000000e+00
3.665220e-04 9.163179e-05 8.199960e-02 2.275000e+00 5.000000e-01 0.000000e+00
3.572706e-04 8.931985e-05 8.199960e-02 2.325000e+00 5.000000e-01 0.000000e+00
5.244543e-04 1.070563e-04 8.199960e-02 2.375000e+00 5.000000e-01 0.000000e+00
5.039124e-04 1.028626e-04 8.199960e-02 2.425000e+00 5.000000e-01 0.000000e+00
2.807326e-04 7.503227e-05 8.199960e-02 2.475000e+00 5.000000e-01 0.000000e+00
3.797412e-04 8.491679e-05 8.199960e-02 2.525000e+00 5.000000e-01 0.000000e+00
3.699447e-04 8.272612e-05 8.199960e-02 2.575000e+00 5.000000e-01 0.000000e+00
5.438572e-04 9.930152e-05 8.199960e-02 2.625000e+00 5.000000e-01 0.000000e+00
6.630525e-04 1.075692e-04 8.199960e-02 2.675000e+00 5.000000e-01 0.000000e+00
6.374128e-04 1.034059e-04 8.199960e-02 2.725000e+00 5.000000e-01 0.000000e+00
6.909926e-04 1.041777e-04 8.199960e-02 2.775000e+00 5.000000e-01 0.000000e+00
7.950427e-04 1.062505e-04 8.199960e-02 2.825000e+00 5.000000e-01 0.000000e+00
1.232387e-03 1.258030e-04 8.199960e-02 2.875000e+00 5.000000e-01 0.000000e+00
4.410787e-01 4.109517e-03 9.199959e-02 2.500000e-02 5.000000e-01 0.000000e+00
7.573373e-02 1.731087e-03 9.199959e-02 7.500000e-02 5.000000e-01 0.000000e+00
1.225239e-02 7.027241e-04 9.199959e-02 1.250000e-01 5.000000e-01 0.000000e+00
9.597646e-03 6.195270e-04 9.199959e-02 1.750000e-01 5.000000e-01 0.000000e+00
9.744110e-03 6.425096e-04 9.199959e-02 2.250000e-01 5.000000e-01 0.000000e+00
8.265781e-03 5.844806e-04 9.199959e-02 2.750000e-01 5.000000e-01 0.000000e+00
1.003027e-02 6.474525e-04 9.199959e-02 3.250000e-01 5.000000e-01 0.000000e+00
8.905480e-03 6.059429e-04 9.199959e-02 3.750000e-01 5.000000e-01 0.000000e+00
7.346377e-03 5.445512e-04 9.199959e-02 4.250000e-01 5.000000e-01 0.000000e+00
7.479550e-03 5.514014e-04 9.199959e-02 4.750000e-01 5.000000e-01 0.000000e+00
6.379058e-03 5.074922e-04 9.199959e-02 5.250000e-01 5.000000e-01 0.000000e+00
5.952790e-03 4.860447e-04 9.199959e-02 5.750000e-01 5.000000e-01 0.000000e+00
6.130993e-03 4.972912e-04 9.199959e-02 6.250000e-01 5.000000e-01 0.000000e+00
5.091908e-03 4.465912e-04 9.199959e-02 6.750000e-01 5.000000e-01 0.000000e+00
5.278985e-03 4.526712e-04 9.199959e-02 7.250000e-01 5.000000e-01 0.000000e+00
5.101074e-03 4.342341e-04 9.199959e-02 7.750000e-01 5.000000e-01 0.000000e+00
4.609324e-03 4.011917e-04 9.199959e-02 8.250000e-01 5.000000e-01 0.000000e+00
3.864570e-03 3.619519e-04 9.199959e-02 8.750000e-01 5.000000e-01 0.000000e+00
3.950413e-03 3.636667e-04 9.199959e-02 9.250000e-01 5.000000e-01 0.000000e+00
3.377586e-03 3.377600e-04 9.199959e-02 9.750000e-01 5.000000e-01 0.000000e+00
3.206353e-03 3.307116e-04 9.199959e-02 1.025000e+00 5.000000e-01 0.000000e+00
3.160560e-03 3.295124e-04 9.199959e-02 1.075000e+00 5.000000e-01 0.000000e+00
3.050789e-03 3.215828e-04 9.199959e-02 1.125000e+00 5.000000e-01 0.000000e+00
1.663457e-03 2.401011e-04 9.199959e-02 1.175000e+00 5.000000e-01 0.000000e+00
2.033458e-03 2.670076e-04 9.199959e-02 1.225000e+00 5.000000e-01 0.000000e+00
1.976773e-03 2.641589e-04 9.199959e-02 1.275000e+00 5.000000e-01 0.000000e+00
1.342866e-03 2.178424e-04 9.199959e-02 1.325000e+00 5.000000e-01 0.000000e+00
1.201167e-03 2.059993e-04 9.199959e-02 1.375000e+00 5.000000e-01 0.000000e+00
1.241905e-03 2.069853e-04 9.199959e-02 1.425000e+00 5.000000e-01 0.000000e+00
1.361226e-03 2.152303e-04 9.199959e-02 1.475000e+00 5.000000e-01 0.000000e+00
1.290283e-03 2.093130e-04 9.199959e-02 1.525000e+00 5.000000e-01 0.000000e+00
1.009263e-03 1.842672e-04 9.199959e-02 1.575000e+00 5.000000e-01 0.000000e+00
9.904403e-04 1.808306e-04 9.199959e-02 1.625000e+00 5.000000e-01 0.000000e+00
7.131964e-04 1.520549e-04 9.199959e-02 1.675000e+00 5.000000e-01 0.000000e+00
6.868300e-04 1.464337e-04 9.199959e-02 1.725000e+00 5.000000e-01 0.000000e+00
7.482284e-04 1.527341e-04 9.199959e-02 1.775000e+00 5.000000e-01 0.000000e+00
6.204143e-04 1.387304e-04 9.199959e-02 1.825000e+00 5.000000e-01 0.000000e+00
1.104500e-03 1.840849e-04 9.199959e-02 1.875000e+00 5.000000e-01 0.000000e+00
6.108933e-04 1.366013e-04 9.199959e-02 1.925000e+00 5.000000e-01 0.000000e+00
6.515975e-04 1.389235e-04 9.199959e-02 1.975000e+00 5.000000e-01 0.000000e+00
4.025099e-04 1.075759e-04 9.199959e-02 2.025000e+00 5.000000e-01 0.000000e+00
3.814866e-04 1.019576e-04 9.199959e-02 2.075000e+00 5.000000e-01 0.000000e+00
2.028478e-04 7.171893e-05 9.199959e-02 2.125000e+00 5.000000e-01 0.000000e+00
4.352402e-04 1.025885e-04 9.199959e-02 2.175000e+00 5.000000e-01 0.000000e+00
2.782910e-04 8.033702e-05 9.199959e-02 2.225000e+00 5.000000e-01 0.000000e+00
5.076876e-04 1.082429e-04 9.199959e-02 2.275000e+00 5.000000e-01 0.000000e+00
4.491717e-04 1.004397e-04 9.199959e-02 2.325000e+00 5.000000e-01 0.000000e+00
5.633350e-04 1.104827e-04 9.199959e-02 2.375000e+00 5.000000e-01 0.000000e+00
5.005440e-04 1.021768e-04 9.199959e-02 2.425000e+00 5.000000e-01 0.000000e+00
7.804244e-04 1.233995e-04 9.199959e-02 2.475000e+00 5.000000e-01 0.000000e+00
5.379029e-04 1.016567e-04 9.199959e-02 2.525000e+00 5.000000e-01 0.000000e+00
5.672762e-04 1.035739e-04 9.199959e-02 2.575000e+00 5.000000e-01 0.000000e+00
5.591998e-04 1.020997e-04 9.199959e-02 2.625000e+00 5.000000e-01 0.000000e+00
8.458962e-04 1.221006e-04 9.199959e-02 2.675000e+00 5.000000e-01 0.000000e+00
7.737891e-04 1.140953e-04 9.199959e-02 2.725000e+00 5.000000e-01 0.000000e+00
1.134857e-03 1.337520e-04 9.199959e-02 2.775000e+00 5.000000e-01 0.000000e+00
8.949802e-04 1.136734e-04 9.199959e-02 2.825000e+00 5.000000e-01 0.000000e+00
1.194222e-03 1.245190e-04 9.199959e-02 2.875000e+00 5.000000e-01 0.000000e+00
4.381742e-01 4.182782e-03 1.019996e-01 2.500000e-02 5.000000e-01 0.000000e+00
8.024613e-02 1.796158e-03 1.019996e-01 7.500000e-02 5.000000e-01 0.000000e+00
9.557177e-03 6.221208e-04 1.019996e-01 1.250000e-01 5.000000e-01 0.000000e+00
1.039128e-02 6.625254e-04 1.019996e-01 1.750000e-01 5.000000e-01 0.000000e+00
8.838118e-03 6.098894e-04 1.019996e-01 2.250000e-01 5.000000e-01 0.000000e+00
9.061921e-03 6.165871e-04 1.019996e-01 2.750000e-01 5.000000e-01 0.000000e+00
1.004181e-02 6.481982e-04 1.019996e-01 3.250000e-01 5.000000e-01 0.000000e+00
7.038853e-03 5.367093e-04 1.019996e-01 3.750000e-01 5.000000e-01 0.000000e+00
6.938651e-03 5.353303e-04 1.019996e-01 4.250000e-01 5.000000e-01 0.000000e+00
9.290376e-03 6.125911e-04 1.019996e-01 4.750000e-01 5.000000e-01 0.000000e+00
5.374820e-03 4.643151e-04 1.019996e-01 5.250000e-01 5.000000e-01 0.000000e+00
6.175232e-03 5.008793e-04 1.019996e-01 5.750000e-01 5.000000e-01 0.000000e+00
5.472338e-03 4.624987e-04 1.019996e-01 6.250000e-01 5.000000e-01 0.000000e+00
5.931828e-03 4.780019e-04 1.019996e-01 6.750000e-01 5.000000e-01 0.000000e+00
6.086284e-03 4.695688e-04 1.019996e-01 7.250000e-01 5.000000e-01 0.000000e+00
5.458340e-03 4.342439e-04 1.019996e-01 7.750000e-01 5.000000e-01 0.000000e+00
5.088683e-03 4.154908e-04 1.019996e-01 8.250000e-01 5.000000e-01 0.000000e+00
4.768595e-03 4.001732e-04 1.019996e-01 8.750000e-01 5.000000e-01 0.000000e+00
4.485622e-03 3.846407e-04 1.019996e-01 9.250000e-01 5.000000e-01 0.000000e+00
3.643798e-03 3.506261e-04 1.019996e-01 9.750000e-01 5.000000e-01 0.000000e+00
3.751900e-03 3.545227e-04 1.019996e-01 1.025000e+00 5.000000e-01 0.000000e+00
3.109287e-03 3.207000e-04 1.019996e-01 1.075000e+00 5.000000e-01 0.000000e+00
2.504142e-03 2.911022e-04 1.019996e-01 1.125000e+00 5.000000e-01 0.000000e+00
1.941496e-03 2.549321e-04 1.019996e-01 1.175000e+00 5.000000e-01 0.000000e+00
1.496015e-03 2.255338e-04 1.019996e-01 1.225000e+00 5.000000e-01 0.000000e+00
2.429525e-03 2.903853e-04 1.019996e-01 1.275000e+00 5.000000e-01 0.000000e+00
1.117421e-03 1.975349e-04 1.019996e-01 1.325000e+00 5.000000e-01 0.000000e+00
1.396207e-03 2.207611e-04 1.019996e-01 1.375000e+00 5.000000e-01 0.000000e+00
1.299624e-03 2.108281e-04 1.019996e-01 1.425000e+00 5.000000e-01 0.000000e+00
1.115286e-03 1.971578e-04 1.019996e-01 1.475000e+00 5.000000e-01 0.000000e+00
1.015530e-03 1.854110e-04 1.019996e-01 1.525000e+00 5.000000e-01 0.000000e+00
1.137357e-03 1.950566e-04 1.019996e-01 1.575000e+00 5.000000e-01 0.000000e+00
6.447852e-04 1.441796e-04 1.019996e-01 1.625000e+00 5.000000e-01 0.000000e+00
1.354826e-03 2.090563e-04 1.019996e-01 1.675000e+00 5.000000e-01 0.000000e+00
7.044557e-04 1.501913e-04 1.019996e-01 1.725000e+00 5.000000e-01 0.000000e+00
5.074576e-04 1.268656e-04 1.019996e-01 1.775000e+00 5.000000e-01 0.000000e+00
5.647512e-04 1.331144e-04 1.019996e-01 1.825000e+00 5.000000e-01 0.000000e+00
5.515521e-04 1.300041e-04 1.019996e-01 1.875000e+00 5.000000e-01 0.000000e+00
4.820194e-04 1.205065e-04 1.019996e-01 1.925000e+00 5.000000e-01 0.000000e+00
3.539382e-04 1.021734e-04 1.019996e-01 1.975000e+00 5.000000e-01 0.000000e+00
5.222302e-04 1.230913e-04 1.019996e-01 2.025000e+00 5.000000e-01 0.000000e+00
5.581539e-04 1.248083e-04 1.019996e-01 2.075000e+00 5.000000e-01 0.000000e+00
4.269664e-04 1.067435e-04 1.019996e-01 2.125000e+00 5.000000e-01 0.000000e+00
4.527764e-04 1.067232e-04 1.019996e-01 2.175000e+00 5.000000e-01 0.000000e+00
9.450931e-05 4.725494e-05 1.019996e-01 2.225000e+00 5.000000e-01 0.000000e+00
6.940981e-04 1.267269e-04 1.019996e-01 2.275000e+00 5.000000e-01 0.000000e+00
4.017822e-04 9.470216e-05 1.019996e-01 2.325000e+00 5.000000e-01 0.000000e+00
6.437365e-04 1.175338e-04 1.019996e-01 2.375000e+00 5.000000e-01 0.000000e+00
4.827946e-04 9.855263e-05 1.019996e-01 2.425000e+00 5.000000e-01 0.000000e+00
5.159545e-04 1.011910e-04 1.019996e-01 2.475000e+00 5.000000e-01 0.000000e+00
4.339308e-04 9.251630e-05 1.019996e-01 2.525000e+00 5.000000e-01 0.000000e+00
5.381297e-04 1.016991e-04 1.019996e-01 2.575000e+00 5.000000e-01 0.000000e+00
5.597336e-04 1.021967e-04 1.019996e-01 2.625000e+00 5.000000e-01 0.000000e+00
7.506156e-04 1.158309e-04 1.019996e-01 2.675000e+00 5.000000e-01 0.000000e+00
6.807608e-04 1.076470e-04 1.019996e-01 2.725000e+00 5.000000e-01 0.000000e+00
8.298065e-04 1.150837e-04 1.019996e-01 2.775000e+00 5.000000e-01 0.000000e+00
7.377932e-04 1.043485e-04 1.019996e-01 2.825000e+00 5.000000e-01 0.000000e+00
1.107334e-03 1.208367e-04 1.019996e-01 2.875000e+00 5.000000e-01 0.000000e+00
4.280832e-01 4.151268e-03 1.119996e-01 2.500000e-02 5.000000e-01 0.000000e+00
7.621711e-02 1.760631e-03 1.119996e-01 7.500000e-02 5.000000e-01 0.000000e+00
1.138638e-02 6.929550e-04 1.119996e-01 1.250000e-01 5.000000e-01 0.000000e+00
8.884945e-03 6.131209e-04 1.119996e-01 1.750000e-01 5.000000e-01 0.000000e+00
9.270016e-03 6.249860e-04 1.119996e-01 2.250000e-01 5.000000e-01 0.000000e+00
8.728850e-03 6.081695e-04 1.119996e-01 2.750000e-01 5.000000e-01 0.000000e+00
7.430181e-03 5.538143e-04 1.119996e-01 3.250000e-01 5.000000e-01 0.000000e+00
7.624581e-03 5.651728e-04 1.119996e-01 3.750000e-01 5.000000e-01 0.000000e+00
7.950326e-03 5.678820e-04 1.119996e-01 4.250000e-01 5.000000e-01 0.000000e+00
7.922199e-03 5.687825e-04 1.119996e-01 4.750000e-01 5.000000e-01 0.000000e+00
7.110228e-03 5.329357e-04 1.119996e-01 5.250000e-01 5.000000e-01 0.000000e+00
6.855017e-03 5.138072e-04 1.119996e-01 5.750000e-01 5.000000e-01 0.000000e+00
6.498873e-03 4.955360e-04 1.119996e-01 6.250000e-01 5.000000e-01 0.000000e+00
6.346062e-03 4.756592e-04 1.119996e-01 6.750000e-01 5.000000e-01 0.000000e+00
6.030173e-03 4.571479e-04 1.119996e-01 7.250000e-01 5.000000e-01 0.000000e+00
5.435696e-03 4.324421e-04 1.119996e-01 7.750000e-01 5.000000e-01 0.000000e+00
4.135731e-03 3.744329e-04 1.119996e-01 8.250000e-01 5.000000e-01 0.000000e+00
4.659711e-03 3.938191e-04 1.119996e-01 8.750000e-01 5.000000e-01 0.000000e+00
4.671128e-03 3.976347e-04 1.119996e-01 9.250000e-01 5.000000e-01 0.000000e+00
3.969052e-03 3.623245e-04 1.119996e-01 9.750000e-01 5.000000e-01 0.000000e+00
2.378782e-03 2.803430e-04 1.119996e-01 1.025000e+00 5.000000e-01 0.000000e+00
4.259776e-03 3.765169e-04 1.119996e-01 1.075000e+00 5.000000e-01 0.000000e+00
2.747214e-03 2.997469e-04 1.119996e-01 1.125000e+00 5.000000e-01 0.000000e+00
3.439554e-03 3.372778e-04 1.119996e-01 1.175000e+00 5.000000e-01 0.000000e+00
1.548650e-03 2.283371e-04 1.119996e-01 1.225000e+00 5.000000e-01 0.000000e+00
1.476937e-03 2.226581e-04 1.119996e-01 1.275000e+00 5.000000e-01 0.000000e+00
1.215809e-03 2.026357e-04 1.119996e-01 1.325000e+00 5.000000e-01 0.000000e+00
1.446558e-03 2.232101e-04 1.119996e-01 1.375000e+00 5.000000e-01 0.000000e+00
1.172529e-03 2.010881e-04 1.119996e-01 1.425000e+00 5.000000e-01 0.000000e+00
1.844854e-03 2.510546e-04 1.119996e-01 1.475000e+00 5.000000e-01 0.000000e+00
7.438420e-04 1.585893e-04 1.119996e-01 1.525000e+00 5.000000e-01 0.000000e+00
7.986596e-04 1.630276e-04 1.119996e-01 1.575000e+00 5.000000e-01 0.000000e+00
9.144147e-04 1.728098e-04 1.119996e-01 1.625000e+00 5.000000e-01 0.000000e+00
1.104934e-03 1.894969e-04 1.119996e-01 1.675000e+00 5.000000e-01 0.000000e+00
8.335154e-04 1.634671e-04 1.119996e-01 1.725000e+00 5.000000e-01 0.000000e+00
5.707188e-04 1.345207e-04 1.119996e-01 1.775000e+00 5.000000e-01 0.000000e+00
4.371660e-04 1.168386e-04 1.119996e-01 1.825000e+00 5.000000e-01 0.000000e+00
5.564887e-04 1.311667e-04 1.119996e-01 1.875000e+00 5.000000e-01 0.000000e+00
7.979860e-04 1.564998e-04 1.119996e-01 1.925000e+00 5.000000e-01 0.000000e+00
7.772017e-04 1.524233e-04 1.119996e-01 1.975000e+00 5.000000e-01 0.000000e+00
1.779713e-04 7.265684e-05 1.119996e-01 2.025000e+00 5.000000e-01 0.000000e+00
3.456793e-04 9.979137e-05 1.119996e-01 2.075000e+00 5.000000e-01 0.000000e+00
2.795803e-04 8.841233e-05 1.119996e-01 2.125000e+00 5.000000e-01 0.000000e+00
5.791417e-04 1.234748e-04 1.119996e-01 2.175000e+00 5.000000e-01 0.000000e+00
4.965153e-04 1.110264e-04 1.119996e-01 2.225000e+00 5.000000e-01 0.000000e+00
3.720084e-04 9.300236e-05 1.119996e-01 2.275000e+00 5.000000e-01 0.000000e+00
5.723859e-04 1.122567e-04 1.119996e-01 2.325000e+00 5.000000e-01 0.000000e+00
4.580270e-04 9.765472e-05 1.119996e-01 2.375000e+00 5.000000e-01 0.000000e+00
4.098524e-04 9.164888e-05 1.119996e-01 2.425000e+00 5.000000e-01 0.000000e+00
4.876428e-04 9.954240e-05 1.119996e-01 2.475000e+00 5.000000e-01 0.000000e+00
7.565220e-04 1.227273e-04 1.119996e-01 2.525000e+00 5.000000e-01 0.000000e+00
6.181613e-04 1.092819e-04 1.119996e-01 2.575000e+00 5.000000e-01 0.000000e+00
4.091629e-04 8.723803e-05 1.119996e-01 2.625000e+00 5.000000e-01 0.000000e+00
3.585514e-04 8.017890e-05 1.119996e-01 2.675000e+00 5.000000e-01 0.000000e+00
5.509364e-04 9.739982e-05 1.119996e-01 2.725000e+00 5.000000e-01 0.000000e+00
6.523628e-04 1.031556e-04 1.119996e-01 2.775000e+00 5.000000e-01 0.000000e+00
9.220278e-04 1.171094e-04 1.119996e-01 2.825000e+00 5.000000e-01 0.000000e+00
9.165788e-04 1.111643e-04 1.119996e-01 2.875000e+00 5.000000e-01 0.000000e+00
4.446819e-01 4.269879e-03 1.219996e-01 2.500000e-02 5.000000e-01 0.000000e+00
7.712304e-02 1.807795e-03 1.219996e-01 7.500000e-02 5.000000e-01 0.000000e+00
1.109343e-02 6.853560e-04 1.219996e-01 1.250000e-01 5.000000e-01 0.000000e+00
9.598887e-03 6.385101e-04 1.219996e-01 1.750000e-01 5.000000e-01 0.000000e+00
9.965095e-03 6.514401e-04 1.219996e-01 2.250000e-01 5.000000e-01 0.000000e+00
9.116491e-03 6.174484e-04 1.219996e-01 2.750000e-01 5.000000e-01 0.000000e+00
8.475392e-03 5.993023e-04 1.219996e-01 3.250000e-01 5.000000e-01 0.000000e+00
8.385731e-03 5.871202e-04 1.219996e-01 3.750000e-01 5.000000e-01 0.000000e+00
8.978400e-03 6.080959e-04 1.219996e-01 4.250000e-01 5.000000e-01 0.000000e+00
6.692541e-03 5.132962e-04 1.219996e-01 4.750000e-01 5.000000e-01 0.000000e+00
8.075800e-03 5.546499e-04 1.219996e-01 5.250000e-01 5.000000e-01 0.000000e+00
6.878283e-03 5.016520e-04 1.219996e-01 5.750000e-01 5.000000e-01 0.000000e+00
7.250162e-03 5.051445e-04 1.219996e-01 6.250000e-01 5.000000e-01 0.000000e+00
5.961874e-03 4.572565e-04 1.219996e-01 6.750000e-01 5.000000e-01 0.000000e+00
6.081864e-03 4.610665e-04 1.219996e-01 7.250000e-01 5.000000e-01 0.000000e+00
4.728767e-03 4.025411e-04 1.219996e-01 7.750000e-01 5.000000e-01 0.000000e+00
4.618161e-03 3.960058e-04 1.219996e-01 8.250000e-01 5.000000e-01 0.000000e+00
4.467967e-03 3.888882e-04 1.219996e-01 8.750000e-01 5.000000e-01 0.000000e+00
4.381543e-03 3.813667e-04 1.219996e-01 9.250000e-01 5.000000e-01 0.000000e+00
3.571217e-03 3.468691e-04 1.219996e-01 9.750000e-01 5.000000e-01 0.000000e+00
3.709200e-03 3.504881e-04 1.219996e-01 1.025000e+00 5.000000e-01 0.000000e+00
3.008377e-03 3.136468e-04 1.219996e-01 1.075000e+00 5.000000e-01 0.000000e+00
2.940622e-03 3.099709e-04 1.219996e-01 1.125000e+00 5.000000e-01 0.000000e+00
2.342088e-03 2.760187e-04 1.219996e-01 1.175000e+00 5.000000e-01 0.000000e+00
1.770047e-03 2.408743e-04 1.219996e-01 1.225000e+00 5.000000e-01 0.000000e+00
1.520120e-03 2.241308e-04 1.219996e-01 1.275000e+00 5.000000e-01 0.000000e+00
1.406751e-03 2.170682e-04 1.219996e-01 1.325000e+00 5.000000e-01 0.000000e+00
1.056512e-03 1.867677e-04 1.219996e-01 1.375000e+00 5.000000e-01 0.000000e+00
1.135420e-03 1.947244e-04 1.219996e-01 1.425000e+00 5.000000e-01 0.000000e+00
1.155283e-03 1.981311e-04 1.219996e-01 1.475000e+00 5.000000e-01 0.000000e+00
9.367616e-04 1.770333e-04 1.219996e-01 1.525000e+00 5.000000e-01 0.000000e+00
7.950499e-04 1.622903e-04 1.219996e-01 1.575000e+00 5.000000e-01 0.000000e+00
1.515896e-03 2.235086e-04 1.219996e-01 1.625000e+00 5.000000e-01 0.000000e+00
6.581202e-04 1.471612e-04 1.219996e-01 1.675000e+00 5.000000e-01 0.000000e+00
8.487742e-04 1.664603e-04 1.219996e-01 1.725000e+00 5.000000e-01 0.000000e+00
4.452654e-04 1.190038e-04 1.219996e-01 1.775000e+00 5.000000e-01 0.000000e+00
5.610199e-04 1.322348e-04 1.219996e-01 1.825000e+00 5.000000e-01 0.000000e+00
3.706475e-04 1.069974e-04 1.219996e-01 1.875000e+00 5.000000e-01 0.000000e+00
6.639476e-04 1.415552e-04 1.219996e-01 1.925000e+00 5.000000e-01 0.000000e+00
6.596517e-04 1.406397e-04 1.219996e-01 1.975000e+00 5.000000e-01 0.000000e+00
2.356835e-04 8.332760e-05 1.219996e-01 2.025000e+00 5.000000e-01 0.000000e+00
4.030886e-04 1.077311e-04 1.219996e-01 2.075000e+00 5.000000e-01 0.000000e+00
2.852910e-04 9.021821e-05 1.219996e-01 2.125000e+00 5.000000e-01 0.000000e+00
3.239507e-04 9.351742e-05 1.219996e-01 2.175000e+00 5.000000e-01 0.000000e+00
4.121771e-04 1.030463e-04 1.219996e-01 2.225000e+00 5.000000e-01 0.000000e+00
4.786546e-04 1.070330e-04 1.219996e-01 2.275000e+00 5.000000e-01 0.000000e+00
2.161258e-04 6.834758e-05 1.219996e-01 2.325000e+00 5.000000e-01 0.000000e+00
3.379978e-04 8.450227e-05 1.219996e-01 2.375000e+00 5.000000e-01 0.000000e+00
4.626522e-04 9.863949e-05 1.219996e-01 2.425000e+00 5.000000e-01 0.000000e+00
4.944686e-04 1.009366e-04 1.219996e-01 2.475000e+00 5.000000e-01 0.000000e+00
4.009171e-04 8.965170e-05 1.219996e-01 2.525000e+00 5.000000e-01 0.000000e+00
6.647789e-04 1.140131e-04 1.219996e-01 2.575000e+00 5.000000e-01 0.000000e+00
4.486376e-04 9.158436e-05 1.219996e-01 2.625000e+00 5.000000e-01 0.000000e+00
4.699834e-04 9.217741e-05 1.219996e-01 2.675000e+00 5.000000e-01 0.000000e+00
4.510250e-04 8.845787e-05 1.219996e-01 2.725000e+00 5.000000e-01 0.000000e+00
5.597008e-04 9.599249e-05 1.219996e-01 2.775000e+00 5.000000e-01 0.000000e+00
7.651568e-04 1.082189e-04 1.219996e-01 2.825000e+00 5.000000e-01 0.000000e+00
6.846892e-04 9.684188e-05 1.219996e-01 2.875000e+00 5.000000e-01 0.000000e+00
4.294129e-01 4.274096e-03 1.319996e-01 2.500000e-02 5.000000e-01 0.000000e+00
8.259768e-02 1.865694e-03 1.319996e-01 7.500000e-02 5.000000e-01 0.000000e+00
1.108947e-02 6.877419e-04 1.319996e-01 1.250000e-01 5.000000e-01 0.000000e+00
1.043056e-02 6.650302e-04 1.319996e-01 1.750000e-01 5.000000e-01 0.000000e+00
8.190112e-03 5.880171e-04 1.319996e-01 2.250000e-01 5.000000e-01 0.000000e+00
1.064637e-02 6.733377e-04 1.319996e-01 2.750000e-01 5.000000e-01 0.000000e+00
8.451352e-03 5.917146e-04 1.319996e-01 3.250000e-01 5.000000e-01 0.000000e+00
8.238472e-03 5.825495e-04 1.319996e-01 3.750000e-01 5.000000e-01 0.000000e+00
6.882259e-03 5.158487e-04 1.319996e-01 4.250000e-01 5.000000e-01 0.000000e+00
6.891694e-03 5.080641e-04 1.319996e-01 4.750000e-01 5.000000e-01 0.000000e+00
7.002603e-03 5.001874e-04 1.319996e-01 5.250000e-01 5.000000e-01 0.000000e+00
8.148013e-03 5.372656e-04 1.319996e-01 5.750000e-01 5.000000e-01 0.000000e+00
7.012351e-03 4.983478e-04 1.319996e-01 6.250000e-01 5.000000e-01 0.000000e+00
7.533112e-03 5.149550e-04 1.319996e-01 6.750000e-01 5.000000e-01 0.000000e+00
6.049357e-03 4.586020e-04 1.319996e-01 7.250000e-01 5.000000e-01 0.000000e+00
5.661850e-03 4.421179e-04 1.319996e-01 7.750000e-01 5.000000e-01 0.000000e+00
4.488067e-03 3.906376e-04 1.319996e-01 8.250000e-01 5.000000e-01 0.000000e+00
5.922515e-03 4.464282e-04 1.319996e-01 8.750000e-01 5.000000e-01 0.000000e+00
4.477093e-03 3.896827e-04 1.319996e-01 9.250000e-01 5.000000e-01 0.000000e+00
4.168504e-03 3.713613e-04 1.319996e-01 9.750000e-01 5.000000e-01 0.000000e+00
4.775567e-03 4.007583e-04 1.319996e-01 1.025000e+00 5.000000e-01 0.000000e+00
3.097348e-03 3.194687e-04 1.319996e-01 1.075000e+00 5.000000e-01 0.000000e+00
3.083930e-03 3.147542e-04 1.319996e-01 1.125000e+00 5.000000e-01 0.000000e+00
2.401699e-03 2.791936e-04 1.319996e-01 1.175000e+00 5.000000e-01 0.000000e+00
1.947567e-03 2.514311e-04 1.319996e-01 1.225000e+00 5.000000e-01 0.000000e+00
2.475332e-03 2.839416e-04 1.319996e-01 1.275000e+00 5.000000e-01 0.000000e+00
1.825534e-03 2.439489e-04 1.319996e-01 1.325000e+00 5.000000e-01 0.000000e+00
1.173999e-03 1.956680e-04 1.319996e-01 1.375000e+00 5.000000e-01 0.000000e+00
1.422801e-03 2.144968e-04 1.319996e-01 1.425000e+00 5.000000e-01 0.000000e+00
1.301288e-03 2.057533e-04 1.319996e-01 1.475000e+00 5.000000e-01 0.000000e+00
6.662947e-04 1.489892e-04 1.319996e-01 1.525000e+00 5.000000e-01 0.000000e+00
5.401758e-04 1.350448e-04 1.319996e-01 1.575000e+00 5.000000e-01 0.000000e+00
1.196599e-03 1.994347e-04 1.319996e-01 1.625000e+00 5.000000e-01 0.000000e+00
8.499157e-04 1.666831e-04 1.319996e-01 1.675000e+00 5.000000e-01 0.000000e+00
5.197677e-04 1.299435e-04 1.319996e-01 1.725000e+00 5.000000e-01 0.000000e+00
3.860519e-04 1.114452e-04 1.319996e-01 1.775000e+00 5.000000e-01 0.000000e+00
7.574088e-04 1.546072e-04 1.319996e-01 1.825000e+00 5.000000e-01 0.000000e+00
4.981929e-04 1.245490e-04 1.319996e-01 1.875000e+00 5.000000e-01 0.000000e+00
6.046834e-04 1.352131e-04 1.319996e-01 1.925000e+00 5.000000e-01 0.000000e+00
6.607520e-04 1.408750e-04 1.319996e-01 1.975000e+00 5.000000e-01 0.000000e+00
5.818696e-05 4.114439e-05 1.319996e-01 2.025000e+00 5.000000e-01 0.000000e+00
3.468081e-04 1.001165e-04 1.319996e-01 2.075000e+00 5.000000e-01 0.000000e+00
5.662971e-04 1.266300e-04 1.319996e-01 2.125000e+00 5.000000e-01 0.000000e+00
5.495616e-04 1.228877e-04 1.319996e-01 2.175000e+00 5.000000e-01 0.000000e+00
3.128191e-04 9.030475e-05 1.319996e-01 2.225000e+00 5.000000e-01 0.000000e+00
7.207830e-04 1.316005e-04 1.319996e-01 2.275000e+00 5.000000e-01 0.000000e+00
3.216344e-04 8.596113e-05 1.319996e-01 2.325000e+00 5.000000e-01 0.000000e+00
5.263562e-04 1.074432e-04 1.319996e-01 2.375000e+00 5.000000e-01 0.000000e+00
3.406618e-04 8.516786e-05 1.319996e-01 2.425000e+00 5.000000e-01 0.000000e+00
5.421999e-04 1.063358e-04 1.319996e-01 2.475000e+00 5.000000e-01 0.000000e+00
5.273799e-04 1.034327e-04 1.319996e-01 2.525000e+00 5.000000e-01 0.000000e+00
5.082345e-04 9.967740e-05 1.319996e-01 2.575000e+00 5.000000e-01 0.000000e+00
7.972992e-04 1.230308e-04 1.319996e-01 2.625000e+00 5.000000e-01 0.000000e+00
7.261697e-04 1.148243e-04 1.319996e-01 2.675000e+00 5.000000e-01 0.000000e+00
7.319253e-04 1.129423e-04 1.319996e-01 2.725000e+00 5.000000e-01 0.000000e+00
6.629037e-04 1.048214e-04 1.319996e-01 2.775000e+00 5.000000e-01 0.000000e+00
6.546719e-04 1.010268e-04 1.319996e-01 2.825000e+00 5.000000e-01 0.000000e+00
1.010342e-03 1.190864e-04 1.319996e-01 2.875000e+00 5.000000e-01 0.000000e+00
4.471704e-01 4.327825e-03 1.419995e-01 2.500000e-02 5.000000e-01 0.000000e+00
8.057059e-02 1.850368e-03 1.419995e-01 7.500000e-02 5.000000e-01 0.000000e+00
1.099379e-02 6.792002e-04 1.419995e-01 1.250000e-01 5.000000e-01 0.000000e+00
1.040062e-02 6.658333e-04 1.419995e-01 1.750000e-01 5.000000e-01 0.000000e+00
8.754029e-03 6.099234e-04 1.419995e-01 2.250000e-01 5.000000e-01 0.000000e+00
9.188654e-03 6.167036e-04 1.419995e-01 2.750000e-01 5.000000e-01 0.000000e+00
9.499216e-03 6.209849e-04 1.419995e-01 3.250000e-01 5.000000e-01 0.000000e+00
8.787433e-03 5.769251e-04 1.419995e-01 3.750000e-01 5.000000e-01 0.000000e+00
7.159717e-03 5.140392e-04 1.419995e-01 4.250000e-01 5.000000e-01 0.000000e+00
7.473521e-03 5.157232e-04 1.419995e-01 4.750000e-01 5.000000e-01 0.000000e+00
6.695322e-03 4.883081e-04 1.419995e-01 5.250000e-01 5.000000e-01 0.000000e+00
8.006216e-03 5.325670e-04 1.419995e-01 5.750000e-01 5.000000e-01 0.000000e+00
6.031760e-03 4.626163e-04 1.419995e-01 6.250000e-01 5.000000e-01 0.000000e+00
5.525770e-03 4.424171e-04 1.419995e-01 6.750000e-01 5.000000e-01 0.000000e+00
6.008574e-03 4.581510e-04 1.419995e-01 7.250000e-01 5.000000e-01 0.000000e+00
5.447181e-03 4.333563e-04 1.419995e-01 7.750000e-01 5.000000e-01 0.000000e+00
5.358529e-03 4.290275e-04 1.419995e-01 8.250000e-01 5.000000e-01 0.000000e+00
4.806837e-03 4.033826e-04 1.419995e-01 8.750000e-01 5.000000e-01 0.000000e+00
4.536587e-03 3.890107e-04 1.419995e-01 9.250000e-01 5.000000e-01 0.000000e+00
3.803178e-03 3.593681e-04 1.419995e-01 9.750000e-01 5.000000e-01 0.000000e+00
3.390825e-03 3.357436e-04 1.419995e-01 1.025000e+00 5.000000e-01 0.000000e+00
3.153101e-03 3.218133e-04 1.419995e-01 1.075000e+00 5.000000e-01 0.000000e+00
2.028853e-03 2.576661e-04 1.419995e-01 1.125000e+00 5.000000e-01 0.000000e+00
2.297054e-03 2.707120e-04 1.419995e-01 1.175000e+00 5.000000e-01 0.000000e+00
1.861354e-03 2.444091e-04 1.419995e-01 1.225000e+00 5.000000e-01 0.000000e+00
1.677209e-03 2.325884e-04 1.419995e-01 1.275000e+00 5.000000e-01 0.000000e+00
1.594876e-03 2.255507e-04 1.419995e-01 1.325000e+00 5.000000e-01 0.000000e+00
1.198993e-03 1.945036e-04 1.419995e-01 1.375000e+00 5.000000e-01 0.000000e+00
1.084589e-03 1.860068e-04 1.419995e-01 1.425000e+00 5.000000e-01 0.000000e+00
1.425156e-03 2.148520e-04 1.419995e-01 1.475000e+00 5.000000e-01 0.000000e+00
1.046780e-03 1.850480e-04 1.419995e-01 1.525000e+00 5.000000e-01 0.000000e+00
1.051218e-03 1.858323e-04 1.419995e-01 1.575000e+00 5.000000e-01 0.000000e+00
1.129330e-03 1.936799e-04 1.419995e-01 1.625000e+00 5.000000e-01 0.000000e+00
5.257649e-04 1.314418e-04 1.419995e-01 1.675000e+00 5.000000e-01 0.000000e+00
5.191172e-04 1.297809e-04 1.419995e-01 1.725000e+00 5.000000e-01 0.000000e+00
9.614807e-04 1.755434e-04 1.419995e-01 1.775000e+00 5.000000e-01 0.000000e+00
6.263906e-04 1.400672e-04 1.419995e-01 1.825000e+00 5.000000e-01 0.000000e+00
5.026333e-04 1.256599e-04 1.419995e-01 1.875000e+00 5.000000e-01 0.000000e+00
4.891647e-04 1.222922e-04 1.419995e-01 1.925000e+00 5.000000e-01 0.000000e+00
4.259396e-04 1.138397e-04 1.419995e-01 1.975000e+00 5.000000e-01 0.000000e+00
8.835385e-04 1.613138e-04 1.419995e-01 2.025000e+00 5.000000e-01 0.000000e+00
6.382401e-04 1.360753e-04 1.419995e-01 2.075000e+00 5.000000e-01 0.000000e+00
4.489687e-04 1.122440e-04 1.419995e-01 2.125000e+00 5.000000e-01 0.000000e+00
4.885672e-04 1.151579e-04 1.419995e-01 2.175000e+00 5.000000e-01 0.000000e+00
5.144779e-04 1.150426e-04 1.419995e-01 2.225000e+00 5.000000e-01 0.000000e+00
3.006969e-04 8.680482e-05 1.419995e-01 2.275000e+00 5.000000e-01 0.000000e+00
2.448834e-04 7.744102e-05 1.419995e-01 2.325000e+00 5.000000e-01 0.000000e+00
5.598004e-04 1.142734e-04 1.419995e-01 2.375000e+00 5.000000e-01 0.000000e+00
3.913610e-04 9.224742e-05 1.419995e-01 2.425000e+00 5.000000e-01 0.000000e+00
5.423410e-04 1.063661e-04 1.419995e-01 2.475000e+00 5.000000e-01 0.000000e+00
3.639294e-04 8.578180e-05 1.419995e-01 2.525000e+00 5.000000e-01 0.000000e+00
4.726818e-04 9.648996e-05 1.419995e-01 2.575000e+00 5.000000e-01 0.000000e+00
5.316012e-04 1.004693e-04 1.419995e-01 2.625000e+00 5.000000e-01 0.000000e+00
6.934009e-04 1.124908e-04 1.419995e-01 2.675000e+00 5.000000e-01 0.000000e+00
5.240780e-04 9.568791e-05 1.419995e-01 2.725000e+00 5.000000e-01 0.000000e+00
1.029230e-03 1.307251e-04 1.419995e-01 2.775000e+00 5.000000e-01 0.000000e+00
8.514504e-04 1.158798e-04 1.419995e-01 2.825000e+00 5.000000e-01 0.000000e+00
8.414453e-04 1.104985e-04 1.419995e-01 2.875000e+00 5.000000e-01 0.000000e+00
4.476244e-01 4.357600e-03 1.519995e-01 2.500000e-02 5.000000e-01 0.000000e+00
8.840332e-02 1.923633e-03 1.519995e-01 7.500000e-02 5.000000e-01 0.000000e+00
1.119489e-02 6.889998e-04 1.519995e-01 1.250000e-01 5.000000e-01 0.000000e+00
9.188616e-03 6.194978e-04 1.519995e-01 1.750000e-01 5.000000e-01 0.000000e+00
1.111236e-02 6.737875e-04 1.519995e-01 2.250000e-01 5.000000e-01 0.000000e+00
9.518176e-03 6.118532e-04 1.519995e-01 2.750000e-01 5.000000e-01 0.000000e+00
9.274641e-03 5.889417e-04 1.519995e-01 3.250000e-01 5.000000e-01 0.000000e+00
9.836090e-03 6.030913e-04 1.519995e-01 3.750000e-01 5.000000e-01 0.000000e+00
8.846538e-03 5.640364e-04 1.519995e-01 4.250000e-01 5.000000e-01 0.000000e+00
7.530007e-03 5.221138e-04 1.519995e-01 4.750000e-01 5.000000e-01 0.000000e+00
6.949356e-03 4.963838e-04 1.519995e-01 5.250000e-01 5.000000e-01 0.000000e+00
7.152959e-03 5.057922e-04 1.519995e-01 5.750000e-01 5.000000e-01 0.000000e+00
7.150088e-03 5.055892e-04 1.519995e-01 6.250000e-01 5.000000e-01 0.000000e+00
6.556587e-03 4.807541e-04 1.519995e-01 6.750000e-01 5.000000e-01 0.000000e+00
5.251260e-03 4.287650e-04 1.519995e-01 7.250000e-01 5.000000e-01 0.000000e+00
6.074048e-03 4.578504e-04 1.519995e-01 7.750000e-01 5.000000e-01 0.000000e+00
5.746873e-03 4.433825e-04 1.519995e-01 8.250000e-01 5.000000e-01 0.000000e+00
5.086401e-03 4.153050e-04 1.519995e-01 8.750000e-01 5.000000e-01 0.000000e+00
3.701638e-03 3.529389e-04 1.519995e-01 9.250000e-01 5.000000e-01 0.000000e+00
5.171300e-03 4.167170e-04 1.519995e-01 9.750000e-01 5.000000e-01 0.000000e+00
3.979195e-03 3.663161e-04 1.519995e-01 1.025000e+00 5.000000e-01 0.000000e+00
3.348666e-03 3.315690e-04 1.519995e-01 1.075000e+00 5.000000e-01 0.000000e+00
3.127512e-03 3.192018e-04 1.519995e-01 1.125000e+00 5.000000e-01 0.000000e+00
1.621266e-03 2.292828e-04 1.519995e-01 1.175000e+00 5.000000e-01 0.000000e+00
2.154211e-03 2.612380e-04 1.519995e-01 1.225000e+00 5.000000e-01 0.000000e+00
1.581241e-03 2.236226e-04 1.519995e-01 1.275000e+00 5.000000e-01 0.000000e+00
1.514011e-03 2.185299e-04 1.519995e-01 1.325000e+00 5.000000e-01 0.000000e+00
1.368879e-03 2.063682e-04 1.519995e-01 1.375000e+00 5.000000e-01 0.000000e+00
1.014871e-03 1.794067e-04 1.519995e-01 1.425000e+00 5.000000e-01 0.000000e+00
9.585300e-04 1.750041e-04 1.519995e-01 1.475000e+00 5.000000e-01 0.000000e+00
8.398153e-04 1.647025e-04 1.519995e-01 1.525000e+00 5.000000e-01 0.000000e+00
1.087505e-03 1.865067e-04 1.519995e-01 1.575000e+00 5.000000e-01 0.000000e+00
9.689648e-04 1.769095e-04 1.519995e-01 1.625000e+00 5.000000e-01 0.000000e+00
5.265806e-04 1.316469e-04 1.519995e-01 1.675000e+00 5.000000e-01 0.000000e+00
7.844334e-04 1.601236e-04 1.519995e-01 1.725000e+00 5.000000e-01 0.000000e+00
3.861336e-04 1.114679e-04 1.519995e-01 1.775000e+00 5.000000e-01 0.000000e+00
5.667941e-04 1.335963e-04 1.519995e-01 1.825000e+00 5.000000e-01 0.000000e+00
2.507104e-04 8.864125e-05 1.519995e-01 1.875000e+00 5.000000e-01 0.000000e+00
2.448687e-04 8.657443e-05 1.519995e-01 1.925000e+00 5.000000e-01 0.000000e+00
4.835494e-04 1.208893e-04 1.519995e-01 1.975000e+00 5.000000e-01 0.000000e+00
5.917785e-04 1.323282e-04 1.519995e-01 2.025000e+00 5.000000e-01 0.000000e+00
4.048179e-04 1.081937e-04 1.519995e-01 2.075000e+00 5.000000e-01 0.000000e+00
3.851691e-04 1.029414e-04 1.519995e-01 2.125000e+00 5.000000e-01 0.000000e+00
5.303142e-04 1.185838e-04 1.519995e-01 2.175000e+00 5.000000e-01 0.000000e+00
4.196030e-04 1.049031e-04 1.519995e-01 2.225000e+00 5.000000e-01 0.000000e+00
3.664812e-04 9.794759e-05 1.519995e-01 2.275000e+00 5.000000e-01 0.000000e+00
3.087503e-04 8.912936e-05 1.519995e-01 2.325000e+00 5.000000e-01 0.000000e+00
3.864882e-04 9.662460e-05 1.519995e-01 2.375000e+00 5.000000e-01 0.000000e+00
3.649808e-04 9.124785e-05 1.519995e-01 2.425000e+00 5.000000e-01 0.000000e+00
3.431972e-04 8.580041e-05 1.519995e-01 2.475000e+00 5.000000e-01 0.000000e+00
4.895070e-04 9.992551e-05 1.519995e-01 2.525000e+00 5.000000e-01 0.000000e+00
3.940596e-04 8.811908e-05 1.519995e-01 2.575000e+00 5.000000e-01 0.000000e+00
7.635671e-04 1.207371e-04 1.519995e-01 2.625000e+00 5.000000e-01 0.000000e+00
3.312137e-04 7.806911e-05 1.519995e-01 2.675000e+00 5.000000e-01 0.000000e+00
4.573371e-04 8.969774e-05 1.519995e-01 2.725000e+00 5.000000e-01 0.000000e+00
5.351631e-04 9.461338e-05 1.519995e-01 2.775000e+00 5.000000e-01 0.000000e+00
5.735543e-04 9.559971e-05 1.519995e-01 2.825000e+00 5.000000e-01 0.000000e+00
1.062917e-03 1.252796e-04 1.519995e-01 2.875000e+00 5.000000e-01 0.000000e+00
4.614851e-01 4.415376e-03 1.619995e-01 2.500000e-02 5.000000e-01 0.000000e+00
8.219463e-02 1.852813e-03 1.619995e-01 7.500000e-02 5.000000e-01 0.000000e+00
1.109078e-02 6.700202e-04 1.619995e-01 1.250000e-01 5.000000e-01 0.000000e+00
1.040165e-02 6.401790e-04 1.619995e-01 1.750000e-01 5.000000e-01 0.000000e+00
9.266760e-03 5.908285e-04 1.619995e-01 2.250000e-01 5.000000e-01 0.000000e+00
1.012399e-02 6.138587e-04 1.619995e-01 2.750000e-01 5.000000e-01 0.000000e+00
8.062416e-03 5.460569e-04 1.619995e-01 3.250000e-01 5.000000e-01 0.000000e+00
8.553874e-03 5.591859e-04 1.619995e-01 3.750000e-01 5.000000e-01 0.000000e+00
9.494767e-03 5.888422e-04 1.619995e-01 4.250000e-01 5.000000e-01 0.000000e+00
7.538574e-03 5.177529e-04 1.619995e-01 4.750000e-01 5.000000e-01 0.000000e+00
8.980350e-03 5.679690e-04 1.619995e-01 5.250000e-01 5.000000e-01 0.000000e+00
6.917063e-03 4.966175e-04 1.619995e-01 5.750000e-01 5.000000e-01 0.000000e+00
5.550204e-03 4.443734e-04 1.619995e-01 6.250000e-01 5.000000e-01 0.000000e+00
5.271433e-03 4.333106e-04 1.619995e-01 6.750000e-01 5.000000e-01 0.000000e+00
6.439278e-03 4.747120e-04 1.619995e-01 7.250000e-01 5.000000e-01 0.000000e+00
5.604418e-03 4.430695e-04 1.619995e-01 7.750000e-01 5.000000e-01 0.000000e+00
5.694504e-03 4.419811e-04 1.619995e-01 8.250000e-01 5.000000e-01 0.000000e+00
3.462705e-03 3.428604e-04 1.619995e-01 8.750000e-01 5.000000e-01 0.000000e+00
4.710859e-03 4.010168e-04 1.619995e-01 9.250000e-01 5.000000e-01 0.000000e+00
3.252794e-03 3.319885e-04 1.619995e-01 9.750000e-01 5.000000e-01 0.000000e+00
3.842135e-03 3.598505e-04 1.619995e-01 1.025000e+00 5.000000e-01 0.000000e+00
2.524490e-03 2.895803e-04 1.619995e-01 1.075000e+00 5.000000e-01 0.000000e+00
3.130716e-03 3.195289e-04 1.619995e-01 1.125000e+00 5.000000e-01 0.000000e+00
2.488006e-03 2.817125e-04 1.619995e-01 1.175000e+00 5.000000e-01 0.000000e+00
1.530047e-03 2.208441e-04 1.619995e-01 1.225000e+00 5.000000e-01 0.000000e+00
2.339277e-03 2.719369e-04 1.619995e-01 1.275000e+00 5.000000e-01 0.000000e+00
1.072258e-03 1.838918e-04 1.619995e-01 1.325000e+00 5.000000e-01 0.000000e+00
1.385278e-03 2.088400e-04 1.619995e-01 1.375000e+00 5.000000e-01 0.000000e+00
1.243034e-03 1.965428e-04 1.619995e-01 1.425000e+00 5.000000e-01 0.000000e+00
1.317646e-03 2.033188e-04 1.619995e-01 1.475000e+00 5.000000e-01 0.000000e+00
1.022072e-03 1.806792e-04 1.619995e-01 1.525000e+00 5.000000e-01 0.000000e+00
7.548829e-04 1.540915e-04 1.619995e-01 1.575000e+00 5.000000e-01 0.000000e+00
5.668314e-04 1.336046e-04 1.619995e-01 1.625000e+00 5.000000e-01 0.000000e+00
8.333581e-04 1.634360e-04 1.619995e-01 1.675000e+00 5.000000e-01 0.000000e+00
4.484628e-04 1.198590e-04 1.619995e-01 1.725000e+00 5.000000e-01 0.000000e+00
2.594372e-04 9.172529e-05 1.619995e-01 1.775000e+00 5.000000e-01 0.000000e+00
5.697518e-04 1.342937e-04 1.619995e-01 1.825000e+00 5.000000e-01 0.000000e+00
3.748814e-04 1.082200e-04 1.619995e-01 1.875000e+00 5.000000e-01 0.000000e+00
3.716171e-04 1.072782e-04 1.619995e-01 1.925000e+00 5.000000e-01 0.000000e+00
5.442750e-04 1.282877e-04 1.619995e-01 1.975000e+00 5.000000e-01 0.000000e+00
4.129634e-04 1.103713e-04 1.619995e-01 2.025000e+00 5.000000e-01 0.000000e+00
5.014926e-04 1.182043e-04 1.619995e-01 2.075000e+00 5.000000e-01 0.000000e+00
3.230897e-04 9.326865e-05 1.619995e-01 2.125000e+00 5.000000e-01 0.000000e+00
2.703111e-04 8.548148e-05 1.619995e-01 2.175000e+00 5.000000e-01 0.000000e+00
3.213847e-04 9.277753e-05 1.619995e-01 2.225000e+00 5.000000e-01 0.000000e+00
3.749237e-04 1.002037e-04 1.619995e-01 2.275000e+00 5.000000e-01 0.000000e+00
3.123617e-04 9.017308e-05 1.619995e-01 2.325000e+00 5.000000e-01 0.000000e+00
3.515299e-04 9.395183e-05 1.619995e-01 2.375000e+00 5.000000e-01 0.000000e+00
4.762104e-04 1.064866e-04 1.619995e-01 2.425000e+00 5.000000e-01 0.000000e+00
4.940116e-04 1.053262e-04 1.619995e-01 2.475000e+00 5.000000e-01 0.000000e+00
7.039576e-04 1.207331e-04 1.619995e-01 2.525000e+00 5.000000e-01 0.000000e+00
5.959282e-04 1.088075e-04 1.619995e-01 2.575000e+00 5.000000e-01 0.000000e+00
3.453537e-04 8.140452e-05 1.619995e-01 2.625000e+00 5.000000e-01 0.000000e+00
4.047764e-04 8.630297e-05 1.619995e-01 2.675000e+00 5.000000e-01 0.000000e+00
7.426852e-04 1.146084e-04 1.619995e-01 2.725000e+00 5.000000e-01 0.000000e+00
6.680585e-04 1.056390e-04 1.619995e-01 2.775000e+00 5.000000e-01 0.000000e+00
1.048755e-03 1.291039e-04 1.619995e-01 2.825000e+00 5.000000e-01 0.000000e+00
9.630504e-04 1.203951e-04 1.619995e-01 2.875000e+00 5.000000e-01 0.000000e+00
4.654809e-01 4.376562e-03 1.719995e-01 2.500000e-02 5.000000e-01 0.000000e+00
8.273723e-02 1.812830e-03 1.719995e-01 7.500000e-02 5.000000e-01 0.000000e+00
1.307996e-02 7.031845e-04 1.719995e-01 1.250000e-01 5.000000e-01 0.000000e+00
1.081026e-02 6.326243e-04 1.719995e-01 1.750000e-01 5.000000e-01 0.000000e+00
1.128031e-02 6.469716e-04 1.719995e-01 2.250000e-01 5.000000e-01 0.000000e+00
9.440104e-03 5.900080e-04 1.719995e-01 2.750000e-01 5.000000e-01 0.000000e+00
8.193392e-03 5.499062e-04 1.719995e-01 3.250000e-01 5.000000e-01 0.000000e+00
7.319297e-03 5.175543e-04 1.719995e-01 3.750000e-01 5.000000e-01 0.000000e+00
9.532482e-03 5.866854e-04 1.719995e-01 4.250000e-01 5.000000e-01 0.000000e+00
7.945257e-03 5.356706e-04 1.719995e-01 4.750000e-01 5.000000e-01 0.000000e+00
7.507756e-03 5.180858e-04 1.719995e-01 5.250000e-01 5.000000e-01 0.000000e+00
7.989997e-03 5.362555e-04 1.719995e-01 5.750000e-01 5.000000e-01 0.000000e+00
6.918665e-03 4.967328e-04 1.719995e-01 6.250000e-01 5.000000e-01 0.000000e+00
6.470461e-03 4.796243e-04 1.719995e-01 6.750000e-01 5.000000e-01 0.000000e+00
6.000010e-03 4.629124e-04 1.719995e-01 7.250000e-01 5.000000e-01 0.000000e+00
6.478000e-03 4.749917e-04 1.719995e-01 7.750000e-01 5.000000e-01 0.000000e+00
5.148504e-03 4.232062e-04 1.719995e-01 8.250000e-01 5.000000e-01 0.000000e+00
5.287602e-03 4.233491e-04 1.719995e-01 8.750000e-01 5.000000e-01 0.000000e+00
3.943084e-03 3.661076e-04 1.719995e-01 9.250000e-01 5.000000e-01 0.000000e+00
3.355545e-03 3.389628e-04 1.719995e-01 9.750000e-01 5.000000e-01 0.000000e+00
3.679145e-03 3.507943e-04 1.719995e-01 1.025000e+00 5.000000e-01 0.000000e+00
3.405808e-03 3.372272e-04 1.719995e-01 1.075000e+00 5.000000e-01 0.000000e+00
2.467522e-03 2.830456e-04 1.719995e-01 1.125000e+00 5.000000e-01 0.000000e+00
2.609844e-03 2.882106e-04 1.719995e-01 1.175000e+00 5.000000e-01 0.000000e+00
2.119011e-03 2.608336e-04 1.719995e-01 1.225000e+00 5.000000e-01 0.000000e+00
1.801952e-03 2.407975e-04 1.719995e-01 1.275000e+00 5.000000e-01 0.000000e+00
1.780568e-03 2.379399e-04 1.719995e-01 1.325000e+00 5.000000e-01 0.000000e+00
1.381104e-03 2.082103e-04 1.719995e-01 1.375000e+00 5.000000e-01 0.000000e+00
1.422267e-03 2.097026e-04 1.719995e-01 1.425000e+00 5.000000e-01 0.000000e+00
1.179586e-03 1.913556e-04 1.719995e-01 1.475000e+00 5.000000e-01 0.000000e+00
9.408270e-04 1.717725e-04 1.719995e-01 1.525000e+00 5.000000e-01 0.000000e+00
9.965576e-04 1.761695e-04 1.719995e-01 1.575000e+00 5.000000e-01 0.000000e+00
7.458155e-04 1.522400e-04 1.719995e-01 1.625000e+00 5.000000e-01 0.000000e+00
5.662384e-04 1.334650e-04 1.719995e-01 1.675000e+00 5.000000e-01 0.000000e+00
6.308693e-04 1.410681e-04 1.719995e-01 1.725000e+00 5.000000e-01 0.000000e+00
3.170849e-04 1.002726e-04 1.719995e-01 1.775000e+00 5.000000e-01 0.000000e+00
3.826694e-04 1.104680e-04 1.719995e-01 1.825000e+00 5.000000e-01 0.000000e+00
6.291016e-04 1.406727e-04 1.719995e-01 1.875000e+00 5.000000e-01 0.000000e+00
4.959943e-04 1.240005e-04 1.719995e-01 1.925000e+00 5.000000e-01 0.000000e+00
2.380855e-04 8.417672e-05 1.719995e-01 1.975000e+00 5.000000e-01 0.000000e+00
4.546139e-04 1.136551e-04 1.719995e-01 2.025000e+00 5.000000e-01 0.000000e+00
5.511677e-04 1.232459e-04 1.719995e-01 2.075000e+00 5.000000e-01 0.000000e+00
3.879834e-04 1.036948e-04 1.719995e-01 2.125000e+00 5.000000e-01 0.000000e+00
2.763875e-04 8.740324e-05 1.719995e-01 2.175000e+00 5.000000e-01 0.000000e+00
6.561535e-04 1.339390e-04 1.719995e-01 2.225000e+00 5.000000e-01 0.000000e+00
3.765456e-04 1.006389e-04 1.719995e-01 2.275000e+00 5.000000e-01 0.000000e+00
2.634995e-04 8.332683e-05 1.719995e-01 2.325000e+00 5.000000e-01 0.000000e+00
5.129544e-04 1.147035e-04 1.719995e-01 2.375000e+00 5.000000e-01 0.000000e+00
6.866191e-04 1.297633e-04 1.719995e-01 2.425000e+00 5.000000e-01 0.000000e+00
4.635384e-04 1.036540e-04 1.719995e-01 2.475000e+00 5.000000e-01 0.000000e+00
5.642286e-04 1.106587e-04 1.719995e-01 2.525000e+00 5.000000e-01 0.000000e+00
5.235926e-04 1.026887e-04 1.719995e-01 2.575000e+00 5.000000e-01 0.000000e+00
7.701213e-04 1.217748e-04 1.719995e-01 2.625000e+00 5.000000e-01 0.000000e+00
7.396371e-04 1.169563e-04 1.719995e-01 2.675000e+00 5.000000e-01 0.000000e+00
6.699042e-04 1.086841e-04 1.719995e-01 2.725000e+00 5.000000e-01 0.000000e+00
9.475533e-04 1.266341e-04 1.719995e-01 2.775000e+00 5.000000e-01 0.000000e+00
1.024871e-03 1.281177e-04 1.719995e-01 2.825000e+00 5.000000e-01 0.000000e+00
9.087391e-04 1.173312e-04 1.719995e-01 2.875000e+00 5.000000e-01 0.000000e+00
4.751633e-01 4.284760e-03 1.819995e-01 2.500000e-02 5.000000e-01 0.000000e+00
8.273213e-02 1.754709e-03 1.819995e-01 7.500000e-02 5.000000e-01 0.000000e+00
1.164327e-02 6.612947e-04 1.819995e-01 1.250000e-01 5.000000e-01 0.000000e+00
1.041242e-02 6.222627e-04 1.819995e-01 1.750000e-01 5.000000e-01 0.000000e+00
9.667201e-03 6.018551e-04 1.819995e-01 2.250000e-01 5.000000e-01 0.000000e+00
1.050675e-02 6.234629e-04 1.819995e-01 2.750000e-01 5.000000e-01 0.000000e+00
7.669636e-03 5.317951e-04 1.819995e-01 3.250000e-01 5.000000e-01 0.000000e+00
8.495983e-03 5.577902e-04 1.819995e-01 3.750000e-01 5.000000e-01 0.000000e+00
8.318037e-03 5.484766e-04 1.819995e-01 4.250000e-01 5.000000e-01 0.000000e+00
7.594165e-03 5.240487e-04 1.819995e-01 4.750000e-01 5.000000e-01 0.000000e+00
6.376941e-03 4.779735e-04 1.819995e-01 5.250000e-01 5.000000e-01 0.000000e+00
6.684602e-03 4.901405e-04 1.819995e-01 5.750000e-01 5.000000e-01 0.000000e+00
6.075396e-03 4.659635e-04 1.819995e-01 6.250000e-01 5.000000e-01 0.000000e+00
5.808537e-03 4.563633e-04 1.819995e-01 6.750000e-01 5.000000e-01 0.000000e+00
5.769416e-03 4.532899e-04 1.819995e-01 7.250000e-01 5.000000e-01 0.000000e+00
7.020901e-03 4.964547e-04 1.819995e-01 7.750000e-01 5.000000e-01 0.000000e+00
4.547317e-03 3.957947e-04 1.819995e-01 8.250000e-01 5.000000e-01 0.000000e+00
4.323847e-03 3.852005e-04 1.819995e-01 8.750000e-01 5.000000e-01 0.000000e+00
4.368720e-03 3.861457e-04 1.819995e-01 9.250000e-01 5.000000e-01 0.000000e+00
4.199873e-03 3.771610e-04 1.819995e-01 9.750000e-01 5.000000e-01 0.000000e+00
4.413338e-03 3.841336e-04 1.819995e-01 1.025000e+00 5.000000e-01 0.000000e+00
3.229901e-03 3.262709e-04 1.819995e-01 1.075000e+00 5.000000e-01 0.000000e+00
3.072976e-03 3.169551e-04 1.819995e-01 1.125000e+00 5.000000e-01 0.000000e+00
2.657272e-03 2.934480e-04 1.819995e-01 1.175000e+00 5.000000e-01 0.000000e+00
2.004065e-03 2.545176e-04 1.819995e-01 1.225000e+00 5.000000e-01 0.000000e+00
1.878728e-03 2.466906e-04 1.819995e-01 1.275000e+00 5.000000e-01 0.000000e+00
1.398706e-03 2.108641e-04 1.819995e-01 1.325000e+00 5.000000e-01 0.000000e+00
1.068172e-03 1.831913e-04 1.819995e-01 1.375000e+00 5.000000e-01 0.000000e+00
5.594396e-04 1.318626e-04 1.819995e-01 1.425000e+00 5.000000e-01 0.000000e+00
7.970842e-04 1.563226e-04 1.819995e-01 1.475000e+00 5.000000e-01 0.000000e+00
1.732074e-03 2.314602e-04 1.819995e-01 1.525000e+00 5.000000e-01 0.000000e+00
8.627632e-04 1.630485e-04 1.819995e-01 1.575000e+00 5.000000e-01 0.000000e+00
7.928327e-04 1.554882e-04 1.819995e-01 1.625000e+00 5.000000e-01 0.000000e+00
9.272905e-04 1.693007e-04 1.819995e-01 1.675000e+00 5.000000e-01 0.000000e+00
6.208212e-04 1.388210e-04 1.819995e-01 1.725000e+00 5.000000e-01 0.000000e+00
5.573749e-04 1.313751e-04 1.819995e-01 1.775000e+00 5.000000e-01 0.000000e+00
3.756437e-04 1.084401e-04 1.819995e-01 1.825000e+00 5.000000e-01 0.000000e+00
5.605238e-04 1.321184e-04 1.819995e-01 1.875000e+00 5.000000e-01 0.000000e+00
6.657776e-04 1.419455e-04 1.819995e-01 1.925000e+00 5.000000e-01 0.000000e+00
2.287660e-04 8.088179e-05 1.819995e-01 1.975000e+00 5.000000e-01 0.000000e+00
3.983478e-04 1.064643e-04 1.819995e-01 2.025000e+00 5.000000e-01 0.000000e+00
4.536979e-04 1.134278e-04 1.819995e-01 2.075000e+00 5.000000e-01 0.000000e+00
6.808446e-04 1.389795e-04 1.819995e-01 2.125000e+00 5.000000e-01 0.000000e+00
5.584232e-04 1.248686e-04 1.819995e-01 2.175000e+00 5.000000e-01 0.000000e+00
4.972347e-04 1.172023e-04 1.819995e-01 2.225000e+00 5.000000e-01 0.000000e+00
4.311264e-04 1.077854e-04 1.819995e-01 2.275000e+00 5.000000e-01 0.000000e+00
4.764072e-04 1.122944e-04 1.819995e-01 2.325000e+00 5.000000e-01 0.000000e+00
3.113720e-04 8.988641e-05 1.819995e-01 2.375000e+00 5.000000e-01 0.000000e+00
3.028892e-04 8.743840e-05 1.819995e-01 2.425000e+00 5.000000e-01 0.000000e+00
6.219393e-04 1.219754e-04 1.819995e-01 2.475000e+00 5.000000e-01 0.000000e+00
4.956460e-04 1.056753e-04 1.819995e-01 2.525000e+00 5.000000e-01 0.000000e+00
5.887731e-04 1.112732e-04 1.819995e-01 2.575000e+00 5.000000e-01 0.000000e+00
5.835009e-04 1.065392e-04 1.819995e-01 2.625000e+00 5.000000e-01 0.000000e+00
8.520308e-04 1.256327e-04 1.819995e-01 2.675000e+00 5.000000e-01 0.000000e+00
5.333719e-04 9.738587e-05 1.819995e-01 2.725000e+00 5.000000e-01 0.000000e+00
8.112668e-04 1.171063e-04 1.819995e-01 2.775000e+00 5.000000e-01 0.000000e+00
8.107028e-04 1.146603e-04 1.819995e-01 2.825000e+00 5.000000e-01 0.000000e+00
1.156892e-03 1.327210e-04 1.819995e-01 2.875000e+00 5.000000e-01 0.000000e+00
4.670957e-01 4.182527e-03 1.919995e-01 2.500000e-02 5.000000e-01 0.000000e+00
8.489857e-02 1.786648e-03 1.919995e-01 7.500000e-02 5.000000e-01 0.000000e+00
1.181218e-02 6.644886e-04 1.919995e-01 1.250000e-01 5.000000e-01 0.000000e+00
1.011492e-02 6.178687e-04 1.919995e-01 1.750000e-01 5.000000e-01 0.000000e+00
8.760635e-03 5.702702e-04 1.919995e-01 2.250000e-01 5.000000e-01 0.000000e+00
1.069181e-02 6.322216e-04 1.919995e-01 2.750000e-01 5.000000e-01 0.000000e+00
8.958140e-03 5.734876e-04 1.919995e-01 3.250000e-01 5.000000e-01 0.000000e+00
7.917521e-03 5.362436e-04 1.919995e-01 3.750000e-01 5.000000e-01 0.000000e+00
8.343775e-03 5.501740e-04 1.919995e-01 4.250000e-01 5.000000e-01 0.000000e+00
7.734767e-03 5.262859e-04 1.919995e-01 4.750000e-01 5.000000e-01 0.000000e+00
8.016377e-03 5.380257e-04 1.919995e-01 5.250000e-01 5.000000e-01 0.000000e+00
7.075296e-03 5.028212e-04 1.919995e-01 5.750000e-01 5.000000e-01 0.000000e+00
6.696349e-03 4.910018e-04 1.919995e-01 6.250000e-01 5.000000e-01 0.000000e+00
6.633476e-03 4.890278e-04 1.919995e-01 6.750000e-01 5.000000e-01 0.000000e+00
6.067595e-03 4.653651e-04 1.919995e-01 7.250000e-01 5.000000e-01 0.000000e+00
6.012932e-03 4.611728e-04 1.919995e-01 7.750000e-01 5.000000e-01 0.000000e+00
5.106919e-03 4.197881e-04 1.919995e-01 8.250000e-01 5.000000e-01 0.000000e+00
4.846430e-03 4.095997e-04 1.919995e-01 8.750000e-01 5.000000e-01 0.000000e+00
3.757831e-03 3.582967e-04 1.919995e-01 9.250000e-01 5.000000e-01 0.000000e+00
3.386590e-03 3.386603e-04 1.919995e-01 9.750000e-01 5.000000e-01 0.000000e+00
3.094349e-03 3.226097e-04 1.919995e-01 1.025000e+00 5.000000e-01 0.000000e+00
3.507047e-03 3.406359e-04 1.919995e-01 1.075000e+00 5.000000e-01 0.000000e+00
2.321285e-03 2.774483e-04 1.919995e-01 1.125000e+00 5.000000e-01 0.000000e+00
2.748027e-03 2.998362e-04 1.919995e-01 1.175000e+00 5.000000e-01 0.000000e+00
1.825553e-03 2.439512e-04 1.919995e-01 1.225000e+00 5.000000e-01 0.000000e+00
1.874450e-03 2.461288e-04 1.919995e-01 1.275000e+00 5.000000e-01 0.000000e+00
2.038685e-03 2.548373e-04 1.919995e-01 1.325000e+00 5.000000e-01 0.000000e+00
1.320387e-03 2.037413e-04 1.919995e-01 1.375000e+00 5.000000e-01 0.000000e+00
1.120468e-03 1.867460e-04 1.919995e-01 1.425000e+00 5.000000e-01 0.000000e+00
1.169584e-03 1.897332e-04 1.919995e-01 1.475000e+00 5.000000e-01 0.000000e+00
1.465587e-03 2.115403e-04 1.919995e-01 1.525000e+00 5.000000e-01 0.000000e+00
9.742351e-04 1.722235e-04 1.919995e-01 1.575000e+00 5.000000e-01 0.000000e+00
6.032182e-04 1.348849e-04 1.919995e-01 1.625000e+00 5.000000e-01 0.000000e+00
4.861800e-04 1.215462e-04 1.919995e-01 1.675000e+00 5.000000e-01 0.000000e+00
6.121172e-04 1.368748e-04 1.919995e-01 1.725000e+00 5.000000e-01 0.000000e+00
7.276530e-04 1.485327e-04 1.919995e-01 1.775000e+00 5.000000e-01 0.000000e+00
5.464825e-04 1.288097e-04 1.919995e-01 1.825000e+00 5.000000e-01 0.000000e+00
6.501394e-04 1.386118e-04 1.919995e-01 1.875000e+00 5.000000e-01 0.000000e+00
2.304080e-04 8.146305e-05 1.919995e-01 1.925000e+00 5.000000e-01 0.000000e+00
2.916857e-04 9.224054e-05 1.919995e-01 1.975000e+00 5.000000e-01 0.000000e+00
4.091281e-04 1.093456e-04 1.919995e-01 2.025000e+00 5.000000e-01 0.000000e+00
3.485849e-04 1.006288e-04 1.919995e-01 2.075000e+00 5.000000e-01 0.000000e+00
4.020123e-04 1.074429e-04 1.919995e-01 2.125000e+00 5.000000e-01 0.000000e+00
6.756624e-04 1.379213e-04 1.919995e-01 2.175000e+00 5.000000e-01 0.000000e+00
5.002203e-04 1.179057e-04 1.919995e-01 2.225000e+00 5.000000e-01 0.000000e+00
9.731152e-04 1.621897e-04 1.919995e-01 2.275000e+00 5.000000e-01 0.000000e+00
4.233164e-04 1.058317e-04 1.919995e-01 2.325000e+00 5.000000e-01 0.000000e+00
4.158381e-04 1.039634e-04 1.919995e-01 2.375000e+00 5.000000e-01 0.000000e+00
5.065958e-04 1.132805e-04 1.919995e-01 2.425000e+00 5.000000e-01 0.000000e+00
4.908747e-04 1.097668e-04 1.919995e-01 2.475000e+00 5.000000e-01 0.000000e+00
6.028930e-04 1.182405e-04 1.919995e-01 2.525000e+00 5.000000e-01 0.000000e+00
4.328506e-04 9.678970e-05 1.919995e-01 2.575000e+00 5.000000e-01 0.000000e+00
9.745381e-04 1.406702e-04 1.919995e-01 2.625000e+00 5.000000e-01 0.000000e+00
4.886830e-04 9.584406e-05 1.919995e-01 2.675000e+00 5.000000e-01 0.000000e+00
7.161613e-04 1.132448e-04 1.919995e-01 2.725000e+00 5.000000e-01 0.000000e+00
6.856850e-04 1.084239e-04 1.919995e-01 2.775000e+00 5.000000e-01 0.000000e+00
5.539552e-04 9.501349e-05 1.919995e-01 2.825000e+00 5.000000e-01 0.000000e+00
8.042424e-04 1.115442e-04 1.919995e-01 2.875000e+00 5.000000e-01 0.000000e+00
4.555284e-01 4.144946e-03 2.019995e-01 2.500000e-02 5.000000e-01 0.000000e+00
7.692164e-02 1.698089e-03 2.019995e-01 7.500000e-02 5.000000e-01 0.000000e+00
1.195048e-02 6.701512e-04 2.019995e-01 1.250000e-01 5.000000e-01 0.000000e+00
1.016417e-02 6.185732e-04 2.019995e-01 1.750000e-01 5.000000e-01 0.000000e+00
1.133108e-02 6.520321e-04 2.019995e-01 2.250000e-01 5.000000e-01 0.000000e+00
8.935174e-03 5.767645e-04 2.019995e-01 2.750000e-01 5.000000e-01 0.000000e+00
9.708792e-03 5.998126e-04 2.019995e-01 3.250000e-01 5.000000e-01 0.000000e+00
8.557052e-03 5.593935e-04 2.019995e-01 3.750000e-01 5.000000e-01 0.000000e+00
8.923575e-03 5.689481e-04 2.019995e-01 4.250000e-01 5.000000e-01 0.000000e+00
8.072288e-03 5.393542e-04 2.019995e-01 4.750000e-01 5.000000e-01 0.000000e+00
7.286741e-03 5.101755e-04 2.019995e-01 5.250000e-01 5.000000e-01 0.000000e+00
7.044647e-03 5.031909e-04 2.019995e-01 5.750000e-01 5.000000e-01 0.000000e+00
6.197213e-03 4.725347e-04 2.019995e-01 6.250000e-01 5.000000e-01 0.000000e+00
6.647977e-03 4.900969e-04 2.019995e-01 6.750000e-01 5.000000e-01 0.000000e+00
5.948053e-03 4.616601e-04 2.019995e-01 7.250000e-01 5.000000e-01 0.000000e+00
5.526950e-03 4.397023e-04 2.019995e-01 7.750000e-01 5.000000e-01 0.000000e+00
5.174567e-03 4.225033e-04 2.019995e-01 8.250000e-01 5.000000e-01 0.000000e+00
3.944257e-03 3.662166e-04 2.019995e-01 8.750000e-01 5.000000e-01 0.000000e+00
3.413521e-03 3.413537e-04 2.019995e-01 9.250000e-01 5.000000e-01 0.000000e+00
4.197116e-03 3.769141e-04 2.019995e-01 9.750000e-01 5.000000e-01 0.000000e+00
3.837846e-03 3.626439e-04 2.019995e-01 1.025000e+00 5.000000e-01 0.000000e+00
3.035502e-03 3.199715e-04 2.019995e-01 1.075000e+00 5.000000e-01 0.000000e+00
2.576440e-03 2.917259e-04 2.019995e-01 1.125000e+00 5.000000e-01 0.000000e+00
2.165776e-03 2.665899e-04 2.019995e-01 1.175000e+00 5.000000e-01 0.000000e+00
2.037960e-03 2.588225e-04 2.019995e-01 1.225000e+00 5.000000e-01 0.000000e+00
1.958272e-03 2.528132e-04 2.019995e-01 1.275000e+00 5.000000e-01 0.000000e+00
1.733364e-03 2.358824e-04 2.019995e-01 1.325000e+00 5.000000e-01 0.000000e+00
1.707340e-03 2.323411e-04 2.019995e-01 1.375000e+00 5.000000e-01 0.000000e+00
1.253516e-03 1.981998e-04 2.019995e-01 1.425000e+00 5.000000e-01 0.000000e+00
9.883578e-04 1.747201e-04 2.019995e-01 1.475000e+00 5.000000e-01 0.000000e+00
9.794505e-04 1.731451e-04 2.019995e-01 1.525000e+00 5.000000e-01 0.000000e+00
1.028683e-03 1.764189e-04 2.019995e-01 1.575000e+00 5.000000e-01 0.000000e+00
8.353539e-04 1.578689e-04 2.019995e-01 1.625000e+00 5.000000e-01 0.000000e+00
5.387773e-04 1.269924e-04 2.019995e-01 1.675000e+00 5.000000e-01 0.000000e+00
5.437595e-04 1.281663e-04 2.019995e-01 1.725000e+00 5.000000e-01 0.000000e+00
8.258386e-04 1.560709e-04 2.019995e-01 1.775000e+00 5.000000e-01 0.000000e+00
1.031534e-03 1.719235e-04 2.019995e-01 1.825000e+00 5.000000e-01 0.000000e+00
5.705179e-04 1.275734e-04 2.019995e-01 1.875000e+00 5.000000e-01 0.000000e+00
5.185826e-04 1.222320e-04 2.019995e-01 1.925000e+00 5.000000e-01 0.000000e+00
1.776108e-04 7.250968e-05 2.019995e-01 1.975000e+00 5.000000e-01 0.000000e+00
4.747682e-04 1.186949e-04 2.019995e-01 2.025000e+00 5.000000e-01 0.000000e+00
5.311070e-04 1.251854e-04 2.019995e-01 2.075000e+00 5.000000e-01 0.000000e+00
2.296760e-04 8.120313e-05 2.019995e-01 2.125000e+00 5.000000e-01 0.000000e+00
4.002136e-04 1.069621e-04 2.019995e-01 2.175000e+00 5.000000e-01 0.000000e+00
9.464547e-04 1.623180e-04 2.019995e-01 2.225000e+00 5.000000e-01 0.000000e+00
4.387878e-04 1.096995e-04 2.019995e-01 2.275000e+00 5.000000e-01 0.000000e+00
3.736837e-04 9.987448e-05 2.019995e-01 2.325000e+00 5.000000e-01 0.000000e+00
6.747956e-04 1.323421e-04 2.019995e-01 2.375000e+00 5.000000e-01 0.000000e+00
3.549506e-04 9.486777e-05 2.019995e-01 2.425000e+00 5.000000e-01 0.000000e+00
4.916389e-04 1.099355e-04 2.019995e-01 2.475000e+00 5.000000e-01 0.000000e+00
8.568927e-04 1.428225e-04 2.019995e-01 2.525000e+00 5.000000e-01 0.000000e+00
5.832842e-04 1.143941e-04 2.019995e-01 2.575000e+00 5.000000e-01 0.000000e+00
8.384194e-04 1.325723e-04 2.019995e-01 2.625000e+00 5.000000e-01 0.000000e+00
6.214577e-04 1.098680e-04 2.019995e-01 2.675000e+00 5.000000e-01 0.000000e+00
4.722848e-04 9.263028e-05 2.019995e-01 2.725000e+00 5.000000e-01 0.000000e+00
7.596906e-04 1.145406e-04 2.019995e-01 2.775000e+00 5.000000e-01 0.000000e+00
7.228346e-04 1.089814e-04 2.019995e-01 2.825000e+00 5.000000e-01 0.000000e+00
8.556633e-04 1.164536e-04 2.019995e-01 2.875000e+00 5.000000e-01 0.000000e+00
4.696434e-01 4.221960e-03 2.119995e-01 2.500000e-02 5.000000e-01 0.000000e+00
8.145553e-02 1.756718e-03 2.119995e-01 7.500000e-02 5.000000e-01 0.000000e+00
1.126385e-02 6.546998e-04 2.119995e-01 1.250000e-01 5.000000e-01 0.000000e+00
1.212165e-02 6.755147e-04 2.119995e-01 1.750000e-01 5.000000e-01 0.000000e+00
9.559088e-03 6.021674e-04 2.119995e-01 2.250000e-01 5.000000e-01 0.000000e+00
9.445061e-03 5.926375e-04 2.119995e-01 2.750000e-01 5.000000e-01 0.000000e+00
8.470941e-03 5.634804e-04 2.119995e-01 3.250000e-01 5.000000e-01 0.000000e+00
9.764035e-03 5.986734e-04 2.119995e-01 3.750000e-01 5.000000e-01 0.000000e+00
8.761819e-03 5.632328e-04 2.119995e-01 4.250000e-01 5.000000e-01 0.000000e+00
7.598436e-03 5.218642e-04 2.119995e-01 4.750000e-01 5.000000e-01 0.000000e+00
6.776846e-03 4.916459e-04 2.119995e-01 5.250000e-01 5.000000e-01 0.000000e+00
7.781695e-03 5.294790e-04 2.119995e-01 5.750000e-01 5.000000e-01 0.000000e+00
7.018073e-03 5.038700e-04 2.119995e-01 6.250000e-01 5.000000e-01 0.000000e+00
6.109090e-03 4.713280e-04 2.119995e-01 6.750000e-01 5.000000e-01 0.000000e+00
5.719289e-03 4.521512e-04 2.119995e-01 7.250000e-01 5.000000e-01 0.000000e+00
4.982323e-03 4.181089e-04 2.119995e-01 7.750000e-01 5.000000e-01 0.000000e+00
5.113031e-03 4.202902e-04 2.119995e-01 8.250000e-01 5.000000e-01 0.000000e+00
4.932182e-03 4.110169e-04 2.119995e-01 8.750000e-01 5.000000e-01 0.000000e+00
5.516778e-03 4.361413e-04 2.119995e-01 9.250000e-01 5.000000e-01 0.000000e+00
2.757037e-03 3.082477e-04 2.119995e-01 9.750000e-01 5.000000e-01 0.000000e+00
3.559443e-03 3.490337e-04 2.119995e-01 1.025000e+00 5.000000e-01 0.000000e+00
2.908993e-03 3.136863e-04 2.119995e-01 1.075000e+00 5.000000e-01 0.000000e+00
2.381303e-03 2.806405e-04 2.119995e-01 1.125000e+00 5.000000e-01 0.000000e+00
2.433696e-03 2.829128e-04 2.119995e-01 1.175000e+00 5.000000e-01 0.000000e+00
2.235885e-03 2.711422e-04 2.119995e-01 1.225000e+00 5.000000e-01 0.000000e+00
2.092909e-03 2.616151e-04 2.119995e-01 1.275000e+00 5.000000e-01 0.000000e+00
1.231654e-03 1.998016e-04 2.119995e-01 1.325000e+00 5.000000e-01 0.000000e+00
1.072717e-03 1.839704e-04 2.119995e-01 1.375000e+00 5.000000e-01 0.000000e+00
8.197348e-04 1.607638e-04 2.119995e-01 1.425000e+00 5.000000e-01 0.000000e+00
1.254097e-03 1.982913e-04 2.119995e-01 1.475000e+00 5.000000e-01 0.000000e+00
1.357487e-03 2.046505e-04 2.119995e-01 1.525000e+00 5.000000e-01 0.000000e+00
9.082789e-04 1.658292e-04 2.119995e-01 1.575000e+00 5.000000e-01 0.000000e+00
6.577763e-04 1.402409e-04 2.119995e-01 1.625000e+00 5.000000e-01 0.000000e+00
7.694209e-04 1.508979e-04 2.119995e-01 1.675000e+00 5.000000e-01 0.000000e+00
5.245936e-04 1.236498e-04 2.119995e-01 1.725000e+00 5.000000e-01 0.000000e+00
4.480059e-04 1.120022e-04 2.119995e-01 1.775000e+00 5.000000e-01 0.000000e+00
7.263166e-04 1.424439e-04 2.119995e-01 1.825000e+00 5.000000e-01 0.000000e+00
6.343298e-04 1.352408e-04 2.119995e-01 1.875000e+00 5.000000e-01 0.000000e+00
5.238292e-04 1.234682e-04 2.119995e-01 1.925000e+00 5.000000e-01 0.000000e+00
6.515267e-04 1.389075e-04 2.119995e-01 1.975000e+00 5.000000e-01 0.000000e+00
5.959232e-04 1.332542e-04 2.119995e-01 2.025000e+00 5.000000e-01 0.000000e+00
3.556018e-04 1.026559e-04 2.119995e-01 2.075000e+00 5.000000e-01 0.000000e+00
4.688213e-04 1.172071e-04 2.119995e-01 2.125000e+00 5.000000e-01 0.000000e+00
5.164522e-04 1.217307e-04 2.119995e-01 2.175000e+00 5.000000e-01 0.000000e+00
1.120353e-04 5.601851e-05 2.119995e-01 2.225000e+00 5.000000e-01 0.000000e+00
3.327318e-04 9.605357e-05 2.119995e-01 2.275000e+00 5.000000e-01 0.000000e+00
4.290309e-04 1.072614e-04 2.119995e-01 2.325000e+00 5.000000e-01 0.000000e+00
2.617480e-04 8.277402e-05 2.119995e-01 2.375000e+00 5.000000e-01 0.000000e+00
3.573964e-04 9.552155e-05 2.119995e-01 2.425000e+00 5.000000e-01 0.000000e+00
3.457535e-04 9.240886e-05 2.119995e-01 2.475000e+00 5.000000e-01 0.000000e+00
4.294810e-04 1.012329e-04 2.119995e-01 2.525000e+00 5.000000e-01 0.000000e+00
5.517450e-04 1.126284e-04 2.119995e-01 2.575000e+00 5.000000e-01 0.000000e+00
6.035810e-04 1.140704e-04 2.119995e-01 2.625000e+00 5.000000e-01 0.000000e+00
7.671612e-04 1.244570e-04 2.119995e-01 2.675000e+00 5.000000e-01 0.000000e+00
7.046454e-04 1.143166e-04 2.119995e-01 2.725000e+00 5.000000e-01 0.000000e+00
9.022838e-04 1.251383e-04 2.119995e-01 2.775000e+00 5.000000e-01 0.000000e+00
8.980071e-04 1.222165e-04 2.119995e-01 2.825000e+00 5.000000e-01 0.000000e+00
9.393443e-04 1.233596e-04 2.119995e-01 2.875000e+00 5.000000e-01 0.000000e+00
4.638716e-01 4.198673e-03 2.219995e-01 2.500000e-02 5.000000e-01 0.000000e+00
8.538300e-02 1.802439e-03 2.219995e-01 7.500000e-02 5.000000e-01 0.000000e+00
1.076496e-02 6.387845e-04 2.219995e-01 1.250000e-01 5.000000e-01 0.000000e+00
1.080754e-02 6.368418e-04 2.219995e-01 1.750000e-01 5.000000e-01 0.000000e+00
1.071111e-02 6.355889e-04 2.219995e-01 2.250000e-01 5.000000e-01 0.000000e+00
7.741209e-03 5.419944e-04 2.219995e-01 2.750000e-01 5.000000e-01 0.000000e+00
1.019169e-02 6.179639e-04 2.219995e-01 3.250000e-01 5.000000e-01 0.000000e+00
8.427771e-03 5.581444e-04 2.219995e-01 3.750000e-01 5.000000e-01 0.000000e+00
7.695106e-03 5.310143e-04 2.219995e-01 4.250000e-01 5.000000e-01 0.000000e+00
6.298955e-03 4.775240e-04 2.219995e-01 4.750000e-01 5.000000e-01 0.000000e+00
8.115065e-03 5.398078e-04 2.219995e-01 5.250000e-01 5.000000e-01 0.000000e+00
6.847814e-03 4.967941e-04 2.219995e-01 5.750000e-01 5.000000e-01 0.000000e+00
7.464300e-03 5.175580e-04 2.219995e-01 6.250000e-01 5.000000e-01 0.000000e+00
6.353301e-03 4.762018e-04 2.219995e-01 6.750000e-01 5.000000e-01 0.000000e+00
5.189619e-03 4.294977e-04 2.219995e-01 7.250000e-01 5.000000e-01 0.000000e+00
5.661514e-03 4.448124e-04 2.219995e-01 7.750000e-01 5.000000e-01 0.000000e+00
6.248463e-03 4.657350e-04 2.219995e-01 8.250000e-01 5.000000e-01 0.000000e+00
5.071180e-03 4.196956e-04 2.219995e-01 8.750000e-01 5.000000e-01 0.000000e+00
4.867764e-03 4.114028e-04 2.219995e-01 9.250000e-01 5.000000e-01 0.000000e+00
3.689617e-03 3.583686e-04 2.219995e-01 9.750000e-01 5.000000e-01 0.000000e+00
3.544804e-03 3.509897e-04 2.219995e-01 1.025000e+00 5.000000e-01 0.000000e+00
4.013122e-03 3.694394e-04 2.219995e-01 1.075000e+00 5.000000e-01 0.000000e+00
2.990247e-03 3.152014e-04 2.219995e-01 1.125000e+00 5.000000e-01 0.000000e+00
1.843751e-03 2.463832e-04 2.219995e-01 1.175000e+00 5.000000e-01 0.000000e+00
1.711440e-03 2.373351e-04 2.219995e-01 1.225000e+00 5.000000e-01 0.000000e+00
2.168251e-03 2.668946e-04 2.219995e-01 1.275000e+00 5.000000e-01 0.000000e+00
1.875395e-03 2.462527e-04 2.219995e-01 1.325000e+00 5.000000e-01 0.000000e+00
1.399262e-03 2.109478e-04 2.219995e-01 1.375000e+00 5.000000e-01 0.000000e+00
1.006391e-03 1.779074e-04 2.219995e-01 1.425000e+00 5.000000e-01 0.000000e+00
8.831512e-04 1.669012e-04 2.219995e-01 1.475000e+00 5.000000e-01 0.000000e+00
7.436360e-04 1.517954e-04 2.219995e-01 1.525000e+00 5.000000e-01 0.000000e+00
1.032329e-03 1.770450e-04 2.219995e-01 1.575000e+00 5.000000e-01 0.000000e+00
9.542294e-04 1.686866e-04 2.219995e-01 1.625000e+00 5.000000e-01 0.000000e+00
5.757845e-04 1.287510e-04 2.219995e-01 1.675000e+00 5.000000e-01 0.000000e+00
1.166266e-03 1.799607e-04 2.219995e-01 1.725000e+00 5.000000e-01 0.000000e+00
5.038915e-04 1.187695e-04 2.219995e-01 1.775000e+00 5.000000e-01 0.000000e+00
7.964087e-04 1.505094e-04 2.219995e-01 1.825000e+00 5.000000e-01 0.000000e+00
2.888658e-04 9.134794e-05 2.219995e-01 1.875000e+00 5.000000e-01 0.000000e+00
5.823187e-04 1.302117e-04 2.219995e-01 1.925000e+00 5.000000e-01 0.000000e+00
4.653740e-04 1.163456e-04 2.219995e-01 1.975000e+00 5.000000e-01 0.000000e+00
2.356291e-04 8.330819e-05 2.219995e-01 2.025000e+00 5.000000e-01 0.000000e+00
2.943321e-04 9.307697e-05 2.219995e-01 2.075000e+00 5.000000e-01 0.000000e+00
3.550770e-04 1.025033e-04 2.219995e-01 2.125000e+00 5.000000e-01 0.000000e+00
3.438538e-04 9.926331e-05 2.219995e-01 2.175000e+00 5.000000e-01 0.000000e+00
6.197985e-04 1.321437e-04 2.219995e-01 2.225000e+00 5.000000e-01 0.000000e+00
2.743811e-04 8.676733e-05 2.219995e-01 2.275000e+00 5.000000e-01 0.000000e+00
4.288198e-04 1.072066e-04 2.219995e-01 2.325000e+00 5.000000e-01 0.000000e+00
5.272269e-04 1.178948e-04 2.219995e-01 2.375000e+00 5.000000e-01 0.000000e+00
4.104652e-04 1.026224e-04 2.219995e-01 2.425000e+00 5.000000e-01 0.000000e+00
5.962001e-04 1.217019e-04 2.219995e-01 2.475000e+00 5.000000e-01 0.000000e+00
3.378611e-04 9.030050e-05 2.219995e-01 2.525000e+00 5.000000e-01 0.000000e+00
4.203395e-04 9.908079e-05 2.219995e-01 2.575000e+00 5.000000e-01 0.000000e+00
3.127994e-04 8.360334e-05 2.219995e-01 2.625000e+00 5.000000e-01 0.000000e+00
4.213484e-04 9.421935e-05 2.219995e-01 2.675000e+00 5.000000e-01 0.000000e+00
5.804737e-04 1.059866e-04 2.219995e-01 2.725000e+00 5.000000e-01 0.000000e+00
6.060625e-04 1.039457e-04 2.219995e-01 2.775000e+00 5.000000e-01 0.000000e+00
8.166555e-04 1.178862e-04 2.219995e-01 2.825000e+00 5.000000e-01 0.000000e+00
1.198879e-03 1.413084e-04 2.219995e-01 2.875000e+00 5.000000e-01 0.000000e+00
4.835822e-01 4.320808e-03 2.319995e-01 2.500000e-02 5.000000e-01 0.000000e+00
8.343768e-02 1.781331e-03 2.319995e-01 7.500000e-02 5.000000e-01 0.000000e+00
1.254108e-02 6.903654e-04 2.319995e-01 1.250000e-01 5.000000e-01 0.000000e+00
9.660707e-03 6.085688e-04 2.319995e-01 1.750000e-01 5.000000e-01 0.000000e+00
1.025966e-02 6.267100e-04 2.319995e-01 2.250000e-01 5.000000e-01 0.000000e+00
9.142912e-03 5.901739e-04 2.319995e-01 2.750000e-01 5.000000e-01 0.000000e+00
8.334851e-03 5.593999e-04 2.319995e-01 3.250000e-01 5.000000e-01 0.000000e+00
8.581441e-03 5.658450e-04 2.319995e-01 3.750000e-01 5.000000e-01 0.000000e+00
9.013664e-03 5.723701e-04 2.319995e-01 4.250000e-01 5.000000e-01 0.000000e+00
7.870543e-03 5.330620e-04 2.319995e-01 4.750000e-01 5.000000e-01 0.000000e+00
6.884315e-03 4.994422e-04 2.319995e-01 5.250000e-01 5.000000e-01 0.000000e+00
7.744744e-03 5.269650e-04 2.319995e-01 5.750000e-01 5.000000e-01 0.000000e+00
6.287778e-03 4.739607e-04 2.319995e-01 6.250000e-01 5.000000e-01 0.000000e+00
7.373802e-03 5.137591e-04 2.319995e-01 6.750000e-01 5.000000e-01 0.000000e+00
5.388651e-03 4.370788e-04 2.319995e-01 7.250000e-01 5.000000e-01 0.000000e+00
6.299648e-03 4.721805e-04 2.319995e-01 7.750000e-01 5.000000e-01 0.000000e+00
5.260117e-03 4.294885e-04 2.319995e-01 8.250000e-01 5.000000e-01 0.000000e+00
4.528490e-03 3.971764e-04 2.319995e-01 8.750000e-01 5.000000e-01 0.000000e+00
5.150774e-03 4.233927e-04 2.319995e-01 9.250000e-01 5.000000e-01 0.000000e+00
3.813440e-03 3.635988e-04 2.319995e-01 9.750000e-01 5.000000e-01 0.000000e+00
2.790982e-03 3.120430e-04 2.319995e-01 1.025000e+00 5.000000e-01 0.000000e+00
2.882763e-03 3.145365e-04 2.319995e-01 1.075000e+00 5.000000e-01 0.000000e+00
2.618137e-03 2.964476e-04 2.319995e-01 1.125000e+00 5.000000e-01 0.000000e+00
2.046141e-03 2.598612e-04 2.319995e-01 1.175000e+00 5.000000e-01 0.000000e+00
2.440446e-03 2.836971e-04 2.319995e-01 1.225000e+00 5.000000e-01 0.000000e+00
1.317995e-03 2.083943e-04 2.319995e-01 1.275000e+00 5.000000e-01 0.000000e+00
1.108210e-03 1.900580e-04 2.319995e-01 1.325000e+00 5.000000e-01 0.000000e+00
1.527883e-03 2.205324e-04 2.319995e-01 1.375000e+00 5.000000e-01 0.000000e+00
1.450314e-03 2.138392e-04 2.319995e-01 1.425000e+00 5.000000e-01 0.000000e+00
1.195280e-03 1.939010e-04 2.319995e-01 1.475000e+00 5.000000e-01 0.000000e+00
1.438445e-03 2.120891e-04 2.319995e-01 1.525000e+00 5.000000e-01 0.000000e+00
1.140627e-03 1.850360e-04 2.319995e-01 1.575000e+00 5.000000e-01 0.000000e+00
6.908085e-04 1.410121e-04 2.319995e-01 1.625000e+00 5.000000e-01 0.000000e+00
1.018555e-03 1.697614e-04 2.319995e-01 1.675000e+00 5.000000e-01 0.000000e+00
7.897952e-04 1.492590e-04 2.319995e-01 1.725000e+00 5.000000e-01 0.000000e+00
4.553716e-04 1.138441e-04 2.319995e-01 1.775000e+00 5.000000e-01 0.000000e+00
5.767543e-04 1.289680e-04 2.319995e-01 1.825000e+00 5.000000e-01 0.000000e+00
5.206744e-04 1.227250e-04 2.319995e-01 1.875000e+00 5.000000e-01 0.000000e+00
5.784644e-04 1.293513e-04 2.319995e-01 1.925000e+00 5.000000e-01 0.000000e+00
5.747444e-04 1.285176e-04 2.319995e-01 1.975000e+00 5.000000e-01 0.000000e+00
6.372316e-04 1.358601e-04 2.319995e-01 2.025000e+00 5.000000e-01 0.000000e+00
5.762353e-04 1.288525e-04 2.319995e-01 2.075000e+00 5.000000e-01 0.000000e+00
5.835833e-04 1.304963e-04 2.319995e-01 2.125000e+00 5.000000e-01 0.000000e+00
5.216544e-04 1.229559e-04 2.319995e-01 2.175000e+00 5.000000e-01 0.000000e+00
2.273628e-04 8.038730e-05 2.319995e-01 2.225000e+00 5.000000e-01 0.000000e+00
3.871120e-04 1.034624e-04 2.319995e-01 2.275000e+00 5.000000e-01 0.000000e+00
7.009425e-04 1.374712e-04 2.319995e-01 2.325000e+00 5.000000e-01 0.000000e+00
3.684966e-04 9.848745e-05 2.319995e-01 2.375000e+00 5.000000e-01 0.000000e+00
5.660149e-04 1.206778e-04 2.319995e-01 2.425000e+00 5.000000e-01 0.000000e+00
3.494489e-04 9.339762e-05 2.319995e-01 2.475000e+00 5.000000e-01 0.000000e+00
4.365064e-04 1.028885e-04 2.319995e-01 2.525000e+00 5.000000e-01 0.000000e+00
7.527378e-04 1.330728e-04 2.319995e-01 2.575000e+00 5.000000e-01 0.000000e+00
5.439040e-04 1.110297e-04 2.319995e-01 2.625000e+00 5.000000e-01 0.000000e+00
6.462518e-04 1.179965e-04 2.319995e-01 2.675000e+00 5.000000e-01 0.000000e+00
5.627108e-04 1.063491e-04 2.319995e-01 2.725000e+00 5.000000e-01 0.000000e+00
7.541933e-04 1.192656e-04 2.319995e-01 2.775000e+00 5.000000e-01 0.000000e+00
9.195363e-04 1.275272e-04 2.319995e-01 2.825000e+00 5.000000e-01 0.000000e+00
1.071841e-03 1.361418e-04 2.319995e-01 2.875000e+00 5.000000e-01 0.000000e+00
4.845271e-01 4.322355e-03 2.419994e-01 2.500000e-02 5.000000e-01 0.000000e+00
8.577337e-02 1.806659e-03 2.419994e-01 7.500000e-02 5.000000e-01 0.000000e+00
1.221408e-02 6.870975e-04 2.419994e-01 1.250000e-01 5.000000e-01 0.000000e+00
9.379097e-03 6.004367e-04 2.419994e-01 1.750000e-01 5.000000e-01 0.000000e+00
9.948200e-03 6.169627e-04 2.419994e-01 2.250000e-01 5.000000e-01 0.000000e+00
8.829226e-03 5.821835e-04 2.419994e-01 2.750000e-01 5.000000e-01 0.000000e+00
9.535407e-03 6.030736e-04 2.419994e-01 3.250000e-01 5.000000e-01 0.000000e+00
1.036884e-02 6.218836e-04 2.419994e-01 3.750000e-01 5.000000e-01 0.000000e+00
7.931760e-03 5.372082e-04 2.419994e-01 4.250000e-01 5.000000e-01 0.000000e+00
8.043754e-03 5.398629e-04 2.419994e-01 4.750000e-01 5.000000e-01 0.000000e+00
6.815686e-03 4.944632e-04 2.419994e-01 5.250000e-01 5.000000e-01 0.000000e+00
6.577469e-03 4.848992e-04 2.419994e-01 5.750000e-01 5.000000e-01 0.000000e+00
6.523379e-03 4.835465e-04 2.419994e-01 6.250000e-01 5.000000e-01 0.000000e+00
6.026465e-03 4.649534e-04 2.419994e-01 6.750000e-01 5.000000e-01 0.000000e+00
5.124564e-03 4.300452e-04 2.419994e-01 7.250000e-01 5.000000e-01 0.000000e+00
5.646432e-03 4.492078e-04 2.419994e-01 7.750000e-01 5.000000e-01 0.000000e+00
5.095287e-03 4.216906e-04 2.419994e-01 8.250000e-01 5.000000e-01 0.000000e+00
5.636806e-03 4.428708e-04 2.419994e-01 8.750000e-01 5.000000e-01 0.000000e+00
4.591954e-03 3.996799e-04 2.419994e-01 9.250000e-01 5.000000e-01 0.000000e+00
3.480866e-03 3.480879e-04 2.419994e-01 9.750000e-01 5.000000e-01 0.000000e+00
3.487720e-03 3.487740e-04 2.419994e-01 1.025000e+00 5.000000e-01 0.000000e+00
3.305573e-03 3.373752e-04 2.419994e-01 1.075000e+00 5.000000e-01 0.000000e+00
3.118409e-03 3.251178e-04 2.419994e-01 1.125000e+00 5.000000e-01 0.000000e+00
1.795138e-03 2.442886e-04 2.419994e-01 1.175000e+00 5.000000e-01 0.000000e+00
1.914116e-03 2.513373e-04 2.419994e-01 1.225000e+00 5.000000e-01 0.000000e+00
2.044715e-03 2.596811e-04 2.419994e-01 1.275000e+00 5.000000e-01 0.000000e+00
2.433513e-03 2.828918e-04 2.419994e-01 1.325000e+00 5.000000e-01 0.000000e+00
1.536930e-03 2.218380e-04 2.419994e-01 1.375000e+00 5.000000e-01 0.000000e+00
8.228621e-04 1.613773e-04 2.419994e-01 1.425000e+00 5.000000e-01 0.000000e+00
1.132598e-03 1.887678e-04 2.419994e-01 1.475000e+00 5.000000e-01 0.000000e+00
1.226414e-03 1.939145e-04 2.419994e-01 1.525000e+00 5.000000e-01 0.000000e+00
1.214413e-03 1.873891e-04 2.419994e-01 1.575000e+00 5.000000e-01 0.000000e+00
6.856796e-04 1.399646e-04 2.419994e-01 1.625000e+00 5.000000e-01 0.000000e+00
4.073712e-04 1.088750e-04 2.419994e-01 1.675000e+00 5.000000e-01 0.000000e+00
5.785152e-04 1.293611e-04 2.419994e-01 1.725000e+00 5.000000e-01 0.000000e+00
6.923965e-04 1.413367e-04 2.419994e-01 1.775000e+00 5.000000e-01 0.000000e+00
4.610406e-04 1.152617e-04 2.419994e-01 1.825000e+00 5.000000e-01 0.000000e+00
6.284876e-04 1.339959e-04 2.419994e-01 1.875000e+00 5.000000e-01 0.000000e+00
4.571113e-04 1.142788e-04 2.419994e-01 1.925000e+00 5.000000e-01 0.000000e+00
6.894341e-04 1.407322e-04 2.419994e-01 1.975000e+00 5.000000e-01 0.000000e+00
7.455605e-04 1.462193e-04 2.419994e-01 2.025000e+00 5.000000e-01 0.000000e+00
6.312362e-04 1.345821e-04 2.419994e-01 2.075000e+00 5.000000e-01 0.000000e+00
4.576982e-04 1.144259e-04 2.419994e-01 2.125000e+00 5.000000e-01 0.000000e+00
6.290796e-04 1.341230e-04 2.419994e-01 2.175000e+00 5.000000e-01 0.000000e+00
3.988754e-04 1.066064e-04 2.419994e-01 2.225000e+00 5.000000e-01 0.000000e+00
3.359958e-04 9.699607e-05 2.419994e-01 2.275000e+00 5.000000e-01 0.000000e+00
3.294729e-04 9.511350e-05 2.419994e-01 2.325000e+00 5.000000e-01 0.000000e+00
6.899608e-04 1.353159e-04 2.419994e-01 2.375000e+00 5.000000e-01 0.000000e+00
1.042341e-04 5.211709e-05 2.419994e-01 2.425000e+00 5.000000e-01 0.000000e+00
4.029399e-04 1.007380e-04 2.419994e-01 2.475000e+00 5.000000e-01 0.000000e+00
5.398374e-04 1.150982e-04 2.419994e-01 2.525000e+00 5.000000e-01 0.000000e+00
5.171613e-04 1.102614e-04 2.419994e-01 2.575000e+00 5.000000e-01 0.000000e+00
3.658877e-04 9.147636e-05 2.419994e-01 2.625000e+00 5.000000e-01 0.000000e+00
8.737525e-04 1.381600e-04 2.419994e-01 2.675000e+00 5.000000e-01 0.000000e+00
6.259507e-04 1.142884e-04 2.419994e-01 2.725000e+00 5.000000e-01 0.000000e+00
7.975092e-04 1.261076e-04 2.419994e-01 2.775000e+00 5.000000e-01 0.000000e+00
1.064838e-03 1.423103e-04 2.419994e-01 2.825000e+00 5.000000e-01 0.000000e+00
1.256560e-03 1.502090e-04 2.419994e-01 2.875000e+00 5.000000e-01 0.000000e+00
4.816913e-01 4.338690e-03 2.519994e-01 2.500000e-02 5.000000e-01 0.000000e+00
8.598696e-02 1.831587e-03 2.519994e-01 7.500000e-02 5.000000e-01 0.000000e+00
1.121168e-02 6.583742e-04 2.519994e-01 1.250000e-01 5.000000e-01 0.000000e+00
1.105207e-02 6.512511e-04 2.519994e-01 1.750000e-01 5.000000e-01 0.000000e+00
9.952714e-03 6.196305e-04 2.519994e-01 2.250000e-01 5.000000e-01 0.000000e+00
9.888708e-03 6.180461e-04 2.519994e-01 2.750000e-01 5.000000e-01 0.000000e+00
9.106962e-03 5.878537e-04 2.519994e-01 3.250000e-01 5.000000e-01 0.000000e+00
8.152030e-03 5.521265e-04 2.519994e-01 3.750000e-01 5.000000e-01 0.000000e+00
7.480894e-03 5.237691e-04 2.519994e-01 4.250000e-01 5.000000e-01 0.000000e+00
6.603529e-03 4.894875e-04 2.519994e-01 4.750000e-01 5.000000e-01 0.000000e+00
6.645998e-03 4.873098e-04 2.519994e-01 5.250000e-01 5.000000e-01 0.000000e+00
6.368888e-03 4.800749e-04 2.519994e-01 5.750000e-01 5.000000e-01 0.000000e+00
7.222373e-03 5.132735e-04 2.519994e-01 6.250000e-01 5.000000e-01 0.000000e+00
5.571487e-03 4.489645e-04 2.519994e-01 6.750000e-01 5.000000e-01 0.000000e+00
6.576798e-03 4.875066e-04 2.519994e-01 7.250000e-01 5.000000e-01 0.000000e+00
4.413124e-03 3.963115e-04 2.519994e-01 7.750000e-01 5.000000e-01 0.000000e+00
5.266666e-03 4.300230e-04 2.519994e-01 8.250000e-01 5.000000e-01 0.000000e+00
4.961814e-03 4.163881e-04 2.519994e-01 8.750000e-01 5.000000e-01 0.000000e+00
4.601740e-03 4.005316e-04 2.519994e-01 9.250000e-01 5.000000e-01 0.000000e+00
3.971014e-03 3.719211e-04 2.519994e-01 9.750000e-01 5.000000e-01 0.000000e+00
3.703336e-03 3.597014e-04 2.519994e-01 1.025000e+00 5.000000e-01 0.000000e+00
2.759784e-03 3.085547e-04 2.519994e-01 1.075000e+00 5.000000e-01 0.000000e+00
3.013364e-03 3.212272e-04 2.519994e-01 1.125000e+00 5.000000e-01 0.000000e+00
1.734031e-03 2.404680e-04 2.519994e-01 1.175000e+00 5.000000e-01 0.000000e+00
2.265500e-03 2.747338e-04 2.519994e-01 1.225000e+00 5.000000e-01 0.000000e+00
2.047169e-03 2.599924e-04 2.519994e-01 1.275000e+00 5.000000e-01 0.000000e+00
1.579247e-03 2.279457e-04 2.519994e-01 1.325000e+00 5.000000e-01 0.000000e+00
1.361281e-03 2.100516e-04 2.519994e-01 1.375000e+00 5.000000e-01 0.000000e+00
8.847914e-04 1.672115e-04 2.519994e-01 1.425000e+00 5.000000e-01 0.000000e+00
7.888000e-04 1.546972e-04 2.519994e-01 1.475000e+00 5.000000e-01 0.000000e+00
1.062830e-03 1.771391e-04 2.519994e-01 1.525000e+00 5.000000e-01 0.000000e+00
6.497263e-04 1.385229e-04 2.519994e-01 1.575000e+00 5.000000e-01 0.000000e+00
7.651009e-04 1.500497e-04 2.519994e-01 1.625000e+00 5.000000e-01 0.000000e+00
8.893987e-04 1.623829e-04 2.519994e-01 1.675000e+00 5.000000e-01 0.000000e+00
1.066694e-03 1.777846e-04 2.519994e-01 1.725000e+00 5.000000e-01 0.000000e+00
9.837366e-04 1.687111e-04 2.519994e-01 1.775000e+00 5.000000e-01 0.000000e+00
3.452621e-04 9.966998e-05 2.519994e-01 1.825000e+00 5.000000e-01 0.000000e+00
3.423608e-04 9.883226e-05 2.519994e-01 1.875000e+00 5.000000e-01 0.000000e+00
4.545147e-04 1.136302e-04 2.519994e-01 1.925000e+00 5.000000e-01 0.000000e+00
5.145000e-04 1.212709e-04 2.519994e-01 1.975000e+00 5.000000e-01 0.000000e+00
4.508601e-04 1.127161e-04 2.519994e-01 2.025000e+00 5.000000e-01 0.000000e+00
3.958156e-04 1.057890e-04 2.519994e-01 2.075000e+00 5.000000e-01 0.000000e+00
1.700735e-04 6.943305e-05 2.519994e-01 2.125000e+00 5.000000e-01 0.000000e+00
2.261574e-04 7.995979e-05 2.519994e-01 2.175000e+00 5.000000e-01 0.000000e+00
1.695432e-04 6.921634e-05 2.519994e-01 2.225000e+00 5.000000e-01 0.000000e+00
4.489516e-04 1.122409e-04 2.519994e-01 2.275000e+00 5.000000e-01 0.000000e+00
4.897550e-04 1.154390e-04 2.519994e-01 2.325000e+00 5.000000e-01 0.000000e+00
3.729173e-04 9.966852e-05 2.519994e-01 2.375000e+00 5.000000e-01 0.000000e+00
4.143306e-04 1.035858e-04 2.519994e-01 2.425000e+00 5.000000e-01 0.000000e+00
6.044473e-04 1.233872e-04 2.519994e-01 2.475000e+00 5.000000e-01 0.000000e+00
3.916488e-04 9.791655e-05 2.519994e-01 2.525000e+00 5.000000e-01 0.000000e+00
6.158078e-04 1.207726e-04 2.519994e-01 2.575000e+00 5.000000e-01 0.000000e+00
5.070819e-04 1.081146e-04 2.519994e-01 2.625000e+00 5.000000e-01 0.000000e+00
6.274390e-04 1.185803e-04 2.519994e-01 2.675000e+00 5.000000e-01 0.000000e+00
8.752045e-04 1.383932e-04 2.519994e-01 2.725000e+00 5.000000e-01 0.000000e+00
5.056301e-04 1.032214e-04 2.519994e-01 2.775000e+00 5.000000e-01 0.000000e+00
9.401070e-04 1.386214e-04 2.519994e-01 2.825000e+00 5.000000e-01 0.000000e+00
1.080181e-03 1.418533e-04 2.519994e-01 2.875000e+00 5.000000e-01 0.000000e+00
4.829573e-01 4.352565e-03 2.619994e-01 2.500000e-02 5.000000e-01 0.000000e+00
8.683603e-02 1.846325e-03 2.619994e-01 7.500000e-02 5.000000e-01 0.000000e+00
1.070318e-02 6.466042e-04 2.619994e-01 1.250000e-01 5.000000e-01 0.000000e+00
9.296867e-03 6.026278e-04 2.619994e-01 1.750000e-01 5.000000e-01 0.000000e+00
1.013760e-02 6.263047e-04 2.619994e-01 2.250000e-01 5.000000e-01 0.000000e+00
9.917259e-03 6.150439e-04 2.619994e-01 2.750000e-01 5.000000e-01 0.000000e+00
8.321060e-03 5.610073e-04 2.619994e-01 3.250000e-01 5.000000e-01 0.000000e+00
9.945665e-03 6.098097e-04 2.619994e-01 3.750000e-01 5.000000e-01 0.000000e+00
9.164767e-03 5.796328e-04 2.619994e-01 4.250000e-01 5.000000e-01 0.000000e+00
9.407752e-03 5.857028e-04 2.619994e-01 4.750000e-01 5.000000e-01 0.000000e+00
7.490556e-03 5.244455e-04 2.619994e-01 5.250000e-01 5.000000e-01 0.000000e+00
6.148961e-03 4.744046e-04 2.619994e-01 5.750000e-01 5.000000e-01 0.000000e+00
6.033084e-03 4.682595e-04 2.619994e-01 6.250000e-01 5.000000e-01 0.000000e+00
4.791731e-03 4.170682e-04 2.619994e-01 6.750000e-01 5.000000e-01 0.000000e+00
5.887828e-03 4.625931e-04 2.619994e-01 7.250000e-01 5.000000e-01 0.000000e+00
6.727254e-03 4.906374e-04 2.619994e-01 7.750000e-01 5.000000e-01 0.000000e+00
5.210276e-03 4.282836e-04 2.619994e-01 8.250000e-01 5.000000e-01 0.000000e+00
5.716429e-03 4.463800e-04 2.619994e-01 8.750000e-01 5.000000e-01 0.000000e+00
3.696598e-03 3.590473e-04 2.619994e-01 9.250000e-01 5.000000e-01 0.000000e+00
4.614985e-03 4.016845e-04 2.619994e-01 9.750000e-01 5.000000e-01 0.000000e+00
3.294030e-03 3.397547e-04 2.619994e-01 1.025000e+00 5.000000e-01 0.000000e+00
3.653227e-03 3.548344e-04 2.619994e-01 1.075000e+00 5.000000e-01 0.000000e+00
2.667066e-03 3.019875e-04 2.619994e-01 1.125000e+00 5.000000e-01 0.000000e+00
2.624391e-03 2.971557e-04 2.619994e-01 1.175000e+00 5.000000e-01 0.000000e+00
2.463141e-03 2.863359e-04 2.619994e-01 1.225000e+00 5.000000e-01 0.000000e+00
2.259877e-03 2.740524e-04 2.619994e-01 1.275000e+00 5.000000e-01 0.000000e+00
1.316677e-03 2.081865e-04 2.619994e-01 1.325000e+00 5.000000e-01 0.000000e+00
1.342236e-03 2.071125e-04 2.619994e-01 1.375000e+00 5.000000e-01 0.000000e+00
1.697541e-03 2.268453e-04 2.619994e-01 1.425000e+00 5.000000e-01 0.000000e+00
1.198249e-03 1.894604e-04 2.619994e-01 1.475000e+00 5.000000e-01 0.000000e+00
8.470344e-04 1.600755e-04 2.619994e-01 1.525000e+00 5.000000e-01 0.000000e+00
7.284990e-04 1.487054e-04 2.619994e-01 1.575000e+00 5.000000e-01 0.000000e+00
1.211833e-03 1.916093e-04 2.619994e-01 1.625000e+00 5.000000e-01 0.000000e+00
6.565798e-04 1.399848e-04 2.619994e-01 1.675000e+00 5.000000e-01 0.000000e+00
8.305873e-04 1.569672e-04 2.619994e-01 1.725000e+00 5.000000e-01 0.000000e+00
9.383766e-04 1.658849e-04 2.619994e-01 1.775000e+00 5.000000e-01 0.000000e+00
5.208378e-04 1.227640e-04 2.619994e-01 1.825000e+00 5.000000e-01 0.000000e+00
3.434562e-04 9.914782e-05 2.619994e-01 1.875000e+00 5.000000e-01 0.000000e+00
5.084869e-04 1.198538e-04 2.619994e-01 1.925000e+00 5.000000e-01 0.000000e+00
4.491300e-04 1.122841e-04 2.619994e-01 1.975000e+00 5.000000e-01 0.000000e+00
5.076904e-04 1.196656e-04 2.619994e-01 2.025000e+00 5.000000e-01 0.000000e+00
5.037361e-04 1.187338e-04 2.619994e-01 2.075000e+00 5.000000e-01 0.000000e+00
6.686667e-04 1.364940e-04 2.619994e-01 2.125000e+00 5.000000e-01 0.000000e+00
6.636913e-04 1.354785e-04 2.619994e-01 2.175000e+00 5.000000e-01 0.000000e+00
4.442885e-04 1.110736e-04 2.619994e-01 2.225000e+00 5.000000e-01 0.000000e+00
5.007055e-04 1.180204e-04 2.619994e-01 2.275000e+00 5.000000e-01 0.000000e+00
2.734991e-04 8.649122e-05 2.619994e-01 2.325000e+00 5.000000e-01 0.000000e+00
3.203584e-04 9.248167e-05 2.619994e-01 2.375000e+00 5.000000e-01 0.000000e+00
5.216923e-04 1.166592e-04 2.619994e-01 2.425000e+00 5.000000e-01 0.000000e+00
3.569781e-04 9.540734e-05 2.619994e-01 2.475000e+00 5.000000e-01 0.000000e+00
6.883117e-04 1.300821e-04 2.619994e-01 2.525000e+00 5.000000e-01 0.000000e+00
6.720167e-04 1.270039e-04 2.619994e-01 2.575000e+00 5.000000e-01 0.000000e+00
3.700314e-04 9.250969e-05 2.619994e-01 2.625000e+00 5.000000e-01 0.000000e+00
4.123052e-04 9.718640e-05 2.619994e-01 2.675000e+00 5.000000e-01 0.000000e+00
4.555531e-04 1.018700e-04 2.619994e-01 2.725000e+00 5.000000e-01 0.000000e+00
6.784277e-04 1.238747e-04 2.619994e-01 2.775000e+00 5.000000e-01 0.000000e+00
9.918765e-04 1.462578e-04 2.619994e-01 2.825000e+00 5.000000e-01 0.000000e+00
9.772300e-04 1.382150e-04 2.619994e-01 2.875000e+00 5.000000e-01 0.000000e+00
4.819304e-01 4.370373e-03 2.719994e-01 2.500000e-02 5.000000e-01 0.000000e+00
8.363494e-02 1.813872e-03 2.719994e-01 7.500000e-02 5.000000e-01 0.000000e+00
1.177015e-02 6.818281e-04 2.719994e-01 1.250000e-01 5.000000e-01 0.000000e+00
1.061697e-02 6.485365e-04 2.719994e-01 1.750000e-01 5.000000e-01 0.000000e+00
9.226513e-03 5.955705e-04 2.719994e-01 2.250000e-01 5.000000e-01 0.000000e+00
9.172613e-03 5.920912e-04 2.719994e-01 2.750000e-01 5.000000e-01 0.000000e+00
7.173401e-03 5.231755e-04 2.719994e-01 3.250000e-01 5.000000e-01 0.000000e+00
1.014567e-02 6.174472e-04 2.719994e-01 3.750000e-01 5.000000e-01 0.000000e+00
7.384423e-03 5.247896e-04 2.719994e-01 4.250000e-01 5.000000e-01 0.000000e+00
7.920550e-03 5.414394e-04 2.719994e-01 4.750000e-01 5.000000e-01 0.000000e+00
7.327554e-03 5.207481e-04 2.719994e-01 5.250000e-01 5.000000e-01 0.000000e+00
7.347439e-03 5.195441e-04 2.719994e-01 5.750000e-01 5.000000e-01 0.000000e+00
6.134516e-03 4.732898e-04 2.719994e-01 6.250000e-01 5.000000e-01 0.000000e+00
7.080265e-03 5.083350e-04 2.719994e-01 6.750000e-01 5.000000e-01 0.000000e+00
5.846838e-03 4.622349e-04 2.719994e-01 7.250000e-01 5.000000e-01 0.000000e+00
5.241583e-03 4.337981e-04 2.719994e-01 7.750000e-01 5.000000e-01 0.000000e+00
5.002427e-03 4.197957e-04 2.719994e-01 8.250000e-01 5.000000e-01 0.000000e+00
4.708066e-03 4.067164e-04 2.719994e-01 8.750000e-01 5.000000e-01 0.000000e+00
2.928191e-03 3.194929e-04 2.719994e-01 9.250000e-01 5.000000e-01 0.000000e+00
4.951571e-03 4.155285e-04 2.719994e-01 9.750000e-01 5.000000e-01 0.000000e+00
3.287845e-03 3.391171e-04 2.719994e-01 1.025000e+00 5.000000e-01 0.000000e+00
2.705180e-03 3.063025e-04 2.719994e-01 1.075000e+00 5.000000e-01 0.000000e+00
2.990848e-03 3.188273e-04 2.719994e-01 1.125000e+00 5.000000e-01 0.000000e+00
2.914545e-03 3.142849e-04 2.719994e-01 1.175000e+00 5.000000e-01 0.000000e+00
2.290033e-03 2.777090e-04 2.719994e-01 1.225000e+00 5.000000e-01 0.000000e+00
2.192512e-03 2.698811e-04 2.719994e-01 1.275000e+00 5.000000e-01 0.000000e+00
2.278915e-03 2.685747e-04 2.719994e-01 1.325000e+00 5.000000e-01 0.000000e+00
1.902041e-03 2.415608e-04 2.719994e-01 1.375000e+00 5.000000e-01 0.000000e+00
1.288323e-03 1.987939e-04 2.719994e-01 1.425000e+00 5.000000e-01 0.000000e+00
8.675190e-04 1.639470e-04 2.719994e-01 1.475000e+00 5.000000e-01 0.000000e+00
1.109923e-03 1.849887e-04 2.719994e-01 1.525000e+00 5.000000e-01 0.000000e+00
9.246806e-04 1.688238e-04 2.719994e-01 1.575000e+00 5.000000e-01 0.000000e+00
7.940275e-04 1.557232e-04 2.719994e-01 1.625000e+00 5.000000e-01 0.000000e+00
8.463854e-04 1.599531e-04 2.719994e-01 1.675000e+00 5.000000e-01 0.000000e+00
4.782168e-04 1.195552e-04 2.719994e-01 1.725000e+00 5.000000e-01 0.000000e+00
7.128218e-04 1.455058e-04 2.719994e-01 1.775000e+00 5.000000e-01 0.000000e+00
6.968261e-04 1.422396e-04 2.719994e-01 1.825000e+00 5.000000e-01 0.000000e+00
4.022401e-04 1.075048e-04 2.719994e-01 1.875000e+00 5.000000e-01 0.000000e+00
3.956332e-04 1.057389e-04 2.719994e-01 1.925000e+00 5.000000e-01 0.000000e+00
5.039351e-04 1.187810e-04 2.719994e-01 1.975000e+00 5.000000e-01 0.000000e+00
6.129215e-04 1.306775e-04 2.719994e-01 2.025000e+00 5.000000e-01 0.000000e+00
4.400406e-04 1.100115e-04 2.719994e-01 2.075000e+00 5.000000e-01 0.000000e+00
4.987316e-04 1.175531e-04 2.719994e-01 2.125000e+00 5.000000e-01 0.000000e+00
4.383939e-04 1.096010e-04 2.719994e-01 2.175000e+00 5.000000e-01 0.000000e+00
2.741059e-04 8.668133e-05 2.719994e-01 2.225000e+00 5.000000e-01 0.000000e+00
2.692579e-04 8.514688e-05 2.719994e-01 2.275000e+00 5.000000e-01 0.000000e+00
4.344958e-04 1.086261e-04 2.719994e-01 2.325000e+00 5.000000e-01 0.000000e+00
5.935579e-04 1.265497e-04 2.719994e-01 2.375000e+00 5.000000e-01 0.000000e+00
2.106637e-04 7.448276e-05 2.719994e-01 2.425000e+00 5.000000e-01 0.000000e+00
3.078443e-04 8.886799e-05 2.719994e-01 2.475000e+00 5.000000e-01 0.000000e+00
5.450177e-04 1.162027e-04 2.719994e-01 2.525000e+00 5.000000e-01 0.000000e+00
3.866076e-04 9.665623e-05 2.719994e-01 2.575000e+00 5.000000e-01 0.000000e+00
8.061150e-04 1.382573e-04 2.719994e-01 2.625000e+00 5.000000e-01 0.000000e+00
7.592255e-04 1.342224e-04 2.719994e-01 2.675000e+00 5.000000e-01 0.000000e+00
5.686667e-04 1.160819e-04 2.719994e-01 2.725000e+00 5.000000e-01 0.000000e+00
9.035164e-04 1.465815e-04 2.719994e-01 2.775000e+00 5.000000e-01 0.000000e+00
8.408038e-04 1.364084e-04 2.719994e-01 2.825000e+00 5.000000e-01 0.000000e+00
7.646833e-04 1.240657e-04 2.719994e-01 2.875000e+00 5.000000e-01 0.000000e+00
4.848390e-01 4.376997e-03 2.819994e-01 2.500000e-02 5.000000e-01 0.000000e+00
9.170666e-02 1.904780e-03 2.819994e-01 7.500000e-02 5.000000e-01 0.000000e+00
1.012122e-02 6.325778e-04 2.819994e-01 1.250000e-01 5.000000e-01 0.000000e+00
1.012524e-02 6.279421e-04 2.819994e-01 1.750000e-01 5.000000e-01 0.000000e+00
9.952495e-03 6.220324e-04 2.819994e-01 2.250000e-01 5.000000e-01 0.000000e+00
8.220622e-03 5.645962e-04 2.819994e-01 2.750000e-01 5.000000e-01 0.000000e+00
8.730664e-03 5.807566e-04 2.819994e-01 3.250000e-01 5.000000e-01 0.000000e+00
6.671228e-03 5.057458e-04 2.819994e-01 3.750000e-01 5.000000e-01 0.000000e+00
7.207329e-03 5.201457e-04 2.819994e-01 4.250000e-01 5.000000e-01 0.000000e+00
7.117390e-03 5.136552e-04 2.819994e-01 4.750000e-01 5.000000e-01 0.000000e+00
7.077051e-03 5.134249e-04 2.819994e-01 5.250000e-01 5.000000e-01 0.000000e+00
5.993659e-03 4.709080e-04 2.819994e-01 5.750000e-01 5.000000e-01 0.000000e+00
6.384931e-03 4.840420e-04 2.819994e-01 6.250000e-01 5.000000e-01 0.000000e+00
6.163380e-03 4.755168e-04 2.819994e-01 6.750000e-01 5.000000e-01 0.000000e+00
5.270436e-03 4.392045e-04 2.819994e-01 7.250000e-01 5.000000e-01 0.000000e+00
6.365588e-03 4.798262e-04 2.819994e-01 7.750000e-01 5.000000e-01 0.000000e+00
5.542844e-03 4.409669e-04 2.819994e-01 8.250000e-01 5.000000e-01 0.000000e+00
5.348243e-03 4.338019e-04 2.819994e-01 8.750000e-01 5.000000e-01 0.000000e+00
5.631903e-03 4.452430e-04 2.819994e-01 9.250000e-01 5.000000e-01 0.000000e+00
3.579719e-03 3.544467e-04 2.819994e-01 9.750000e-01 5.000000e-01 0.000000e+00
3.479834e-03 3.479851e-04 2.819994e-01 1.025000e+00 5.000000e-01 0.000000e+00
3.732827e-03 3.591933e-04 2.819994e-01 1.075000e+00 5.000000e-01 0.000000e+00
2.929747e-03 3.159244e-04 2.819994e-01 1.125000e+00 5.000000e-01 0.000000e+00
2.579019e-03 2.958353e-04 2.819994e-01 1.175000e+00 5.000000e-01 0.000000e+00
2.063755e-03 2.620988e-04 2.819994e-01 1.225000e+00 5.000000e-01 0.000000e+00
1.770430e-03 2.365851e-04 2.819994e-01 1.275000e+00 5.000000e-01 0.000000e+00
1.129968e-03 1.883300e-04 2.819994e-01 1.325000e+00 5.000000e-01 0.000000e+00
1.252094e-03 1.979748e-04 2.819994e-01 1.375000e+00 5.000000e-01 0.000000e+00
1.143506e-03 1.905855e-04 2.819994e-01 1.425000e+00 5.000000e-01 0.000000e+00
7.590999e-04 1.549509e-04 2.819994e-01 1.475000e+00 5.000000e-01 0.000000e+00
9.392522e-04 1.714846e-04 2.819994e-01 1.525000e+00 5.000000e-01 0.000000e+00
6.834578e-04 1.457154e-04 2.819994e-01 1.575000e+00 5.000000e-01 0.000000e+00
8.023472e-04 1.573548e-04 2.819994e-01 1.625000e+00 5.000000e-01 0.000000e+00
5.499002e-04 1.296141e-04 2.819994e-01 1.675000e+00 5.000000e-01 0.000000e+00
8.397664e-04 1.587025e-04 2.819994e-01 1.725000e+00 5.000000e-01 0.000000e+00
4.141186e-04 1.106788e-04 2.819994e-01 1.775000e+00 5.000000e-01 0.000000e+00
6.466694e-04 1.378715e-04 2.819994e-01 1.825000e+00 5.000000e-01 0.000000e+00
4.588877e-04 1.147232e-04 2.819994e-01 1.875000e+00 5.000000e-01 0.000000e+00
6.271405e-04 1.337087e-04 2.819994e-01 1.925000e+00 5.000000e-01 0.000000e+00
1.113428e-04 5.567299e-05 2.819994e-01 1.975000e+00 5.000000e-01 0.000000e+00
6.619433e-04 1.351215e-04 2.819994e-01 2.025000e+00 5.000000e-01 0.000000e+00
3.854711e-04 1.030228e-04 2.819994e-01 2.075000e+00 5.000000e-01 0.000000e+00
4.367464e-04 1.091879e-04 2.819994e-01 2.125000e+00 5.000000e-01 0.000000e+00
3.265898e-04 9.427988e-05 2.819994e-01 2.175000e+00 5.000000e-01 0.000000e+00
4.869405e-04 1.147744e-04 2.819994e-01 2.225000e+00 5.000000e-01 0.000000e+00
4.321733e-04 1.080446e-04 2.819994e-01 2.275000e+00 5.000000e-01 0.000000e+00
7.482503e-04 1.414105e-04 2.819994e-01 2.325000e+00 5.000000e-01 0.000000e+00
5.356445e-04 1.197774e-04 2.819994e-01 2.375000e+00 5.000000e-01 0.000000e+00
3.679104e-04 9.832970e-05 2.819994e-01 2.425000e+00 5.000000e-01 0.000000e+00
5.665547e-04 1.207941e-04 2.819994e-01 2.475000e+00 5.000000e-01 0.000000e+00
3.993977e-04 9.985426e-05 2.819994e-01 2.525000e+00 5.000000e-01 0.000000e+00
2.936175e-04 8.476596e-05 2.819994e-01 2.575000e+00 5.000000e-01 0.000000e+00
1.971409e-04 6.970097e-05 2.819994e-01 2.625000e+00 5.000000e-01 0.000000e+00
5.925563e-04 1.209641e-04 2.819994e-01 2.675000e+00 5.000000e-01 0.000000e+00
1.400949e-03 1.872265e-04 2.819994e-01 2.725000e+00 5.000000e-01 0.000000e+00
3.871965e-04 9.681189e-05 2.819994e-01 2.775000e+00 5.000000e-01 0.000000e+00
8.184617e-04 1.364276e-04 2.819994e-01 2.825000e+00 5.000000e-01 0.000000e+00
1.127953e-03 1.535209e-04 2.819994e-01 2.875000e+00 5.000000e-01 0.000000e+00
4.814105e-01 4.356710e-03 2.919994e-01 2.500000e-02 5.000000e-01 0.000000e+00
8.740807e-02 1.860170e-03 2.919994e-01 7.500000e-02 5.000000e-01 0.000000e+00
1.298187e-02 7.146303e-04 2.919994e-01 1.250000e-01 5.000000e-01 0.000000e+00
1.032952e-02 6.357399e-04 2.919994e-01 1.750000e-01 5.000000e-01 0.000000e+00
1.016905e-02 6.355673e-04 2.919994e-01 2.250000e-01 5.000000e-01 0.000000e+00
8.833764e-03 5.902324e-04 2.919994e-01 2.750000e-01 5.000000e-01 0.000000e+00
8.383801e-03 5.731065e-04 2.919994e-01 3.250000e-01 5.000000e-01 0.000000e+00
7.993232e-03 5.569166e-04 2.919994e-01 3.750000e-01 5.000000e-01 0.000000e+00
7.046841e-03 5.139450e-04 2.919994e-01 4.250000e-01 5.000000e-01 0.000000e+00
8.606948e-03 5.675270e-04 2.919994e-01 4.750000e-01 5.000000e-01 0.000000e+00
8.414098e-03 5.621926e-04 2.919994e-01 5.250000e-01 5.000000e-01 0.000000e+00
6.437080e-03 4.879953e-04 2.919994e-01 5.750000e-01 5.000000e-01 0.000000e+00
6.452352e-03 4.891531e-04 2.919994e-01 6.250000e-01 5.000000e-01 0.000000e+00
5.242897e-03 4.399759e-04 2.919994e-01 6.750000e-01 5.000000e-01 0.000000e+00
5.495999e-03 4.487478e-04 2.919994e-01 7.250000e-01 5.000000e-01 0.000000e+00
6.671523e-03 4.918332e-04 2.919994e-01 7.750000e-01 5.000000e-01 0.000000e+00
4.888672e-03 4.161529e-04 2.919994e-01 8.250000e-01 5.000000e-01 0.000000e+00
5.864555e-03 4.551798e-04 2.919994e-01 8.750000e-01 5.000000e-01 0.000000e+00
4.725003e-03 4.081804e-04 2.919994e-01 9.250000e-01 5.000000e-01 0.000000e+00
4.741519e-03 4.096069e-04 2.919994e-01 9.750000e-01 5.000000e-01 0.000000e+00
4.162588e-03 3.799921e-04 2.919994e-01 1.025000e+00 5.000000e-01 0.000000e+00
2.979645e-03 3.213047e-04 2.919994e-01 1.075000e+00 5.000000e-01 0.000000e+00
2.848680e-03 3.108182e-04 2.919994e-01 1.125000e+00 5.000000e-01 0.000000e+00
2.471866e-03 2.835440e-04 2.919994e-01 1.175000e+00 5.000000e-01 0.000000e+00
1.781857e-03 2.381120e-04 2.919994e-01 1.225000e+00 5.000000e-01 0.000000e+00
1.802624e-03 2.408874e-04 2.919994e-01 1.275000e+00 5.000000e-01 0.000000e+00
2.067998e-03 2.585015e-04 2.919994e-01 1.325000e+00 5.000000e-01 0.000000e+00
2.062816e-03 2.578533e-04 2.919994e-01 1.375000e+00 5.000000e-01 0.000000e+00
1.154626e-03 1.924391e-04 2.919994e-01 1.425000e+00 5.000000e-01 0.000000e+00
8.293082e-04 1.626417e-04 2.919994e-01 1.475000e+00 5.000000e-01 0.000000e+00
7.658600e-04 1.563319e-04 2.919994e-01 1.525000e+00 5.000000e-01 0.000000e+00
1.441479e-03 2.125362e-04 2.919994e-01 1.575000e+00 5.000000e-01 0.000000e+00
1.113411e-03 1.855697e-04 2.919994e-01 1.625000e+00 5.000000e-01 0.000000e+00
6.147966e-04 1.374739e-04 2.919994e-01 1.675000e+00 5.000000e-01 0.000000e+00
9.057934e-04 1.653772e-04 2.919994e-01 1.725000e+00 5.000000e-01 0.000000e+00
1.012027e-03 1.735633e-04 2.919994e-01 1.775000e+00 5.000000e-01 0.000000e+00
3.526003e-04 1.017892e-04 2.919994e-01 1.825000e+00 5.000000e-01 0.000000e+00
3.510342e-04 1.013350e-04 2.919994e-01 1.875000e+00 5.000000e-01 0.000000e+00
4.549869e-04 1.137481e-04 2.919994e-01 1.925000e+00 5.000000e-01 0.000000e+00
3.953937e-04 1.056751e-04 2.919994e-01 1.975000e+00 5.000000e-01 0.000000e+00
9.362721e-04 1.605730e-04 2.919994e-01 2.025000e+00 5.000000e-01 0.000000e+00
3.279887e-04 9.468333e-05 2.919994e-01 2.075000e+00 5.000000e-01 0.000000e+00
5.398853e-04 1.207238e-04 2.919994e-01 2.125000e+00 5.000000e-01 0.000000e+00
3.782677e-04 1.010989e-04 2.919994e-01 2.175000e+00 5.000000e-01 0.000000e+00
4.787883e-04 1.128537e-04 2.919994e-01 2.225000e+00 5.000000e-01 0.000000e+00
5.891407e-04 1.256070e-04 2.919994e-01 2.275000e+00 5.000000e-01 0.000000e+00
3.172918e-04 9.159683e-05 2.919994e-01 2.325000e+00 5.000000e-01 0.000000e+00
2.115304e-04 7.478824e-05 2.919994e-01 2.375000e+00 5.000000e-01 0.000000e+00
5.279736e-04 1.180622e-04 2.919994e-01 2.425000e+00 5.000000e-01 0.000000e+00
3.084780e-04 8.905401e-05 2.919994e-01 2.475000e+00 5.000000e-01 0.000000e+00
3.551061e-04 9.490852e-05 2.919994e-01 2.525000e+00 5.000000e-01 0.000000e+00
5.045877e-04 1.128333e-04 2.919994e-01 2.575000e+00 5.000000e-01 0.000000e+00
5.085947e-04 1.137286e-04 2.919994e-01 2.625000e+00 5.000000e-01 0.000000e+00
7.290483e-04 1.377842e-04 2.919994e-01 2.675000e+00 5.000000e-01 0.000000e+00
9.094210e-04 1.515815e-04 2.919994e-01 2.725000e+00 5.000000e-01 0.000000e+00
9.678268e-04 1.530392e-04 2.919994e-01 2.775000e+00 5.000000e-01 0.000000e+00
5.090470e-04 1.085467e-04 2.919994e-01 2.825000e+00 5.000000e-01 0.000000e+00
1.063094e-03 1.503608e-04 2.919994e-01 2.875000e+00 5.000000e-01 0.000000e+00
4.775032e-01 4.355731e-03 3.019994e-01 2.500000e-02 5.000000e-01 0.000000e+00
8.656516e-02 1.853175e-03 3.019994e-01 7.500000e-02 5.000000e-01 0.000000e+00
1.057973e-02 6.486864e-04 3.019994e-01 1.250000e-01 5.000000e-01 0.000000e+00
8.815778e-03 5.943610e-04 3.019994e-01 1.750000e-01 5.000000e-01 0.000000e+00
9.244963e-03 6.069632e-04 3.019994e-01 2.250000e-01 5.000000e-01 0.000000e+00
9.448090e-03 6.124303e-04 3.019994e-01 2.750000e-01 5.000000e-01 0.000000e+00
8.252576e-03 5.722148e-04 3.019994e-01 3.250000e-01 5.000000e-01 0.000000e+00
9.004415e-03 5.911705e-04 3.019994e-01 3.750000e-01 5.000000e-01 0.000000e+00
8.645153e-03 5.750687e-04 3.019994e-01 4.250000e-01 5.000000e-01 0.000000e+00
6.866480e-03 5.089787e-04 3.019994e-01 4.750000e-01 5.000000e-01 0.000000e+00
7.451243e-03 5.268840e-04 3.019994e-01 5.250000e-01 5.000000e-01 0.000000e+00
5.662774e-03 4.593129e-04 3.019994e-01 5.750000e-01 5.000000e-01 0.000000e+00
7.124981e-03 5.169020e-04 3.019994e-01 6.250000e-01 5.000000e-01 0.000000e+00
7.202083e-03 5.170813e-04 3.019994e-01 6.750000e-01 5.000000e-01 0.000000e+00
5.424219e-03 4.458697e-04 3.019994e-01 7.250000e-01 5.000000e-01 0.000000e+00
5.360776e-03 4.406550e-04 3.019994e-01 7.750000e-01 5.000000e-01 0.000000e+00
5.434617e-03 4.408071e-04 3.019994e-01 8.250000e-01 5.000000e-01 0.000000e+00
4.837798e-03 4.148394e-04 3.019994e-01 8.750000e-01 5.000000e-01 0.000000e+00
4.390570e-03 3.942864e-04 3.019994e-01 9.250000e-01 5.000000e-01 0.000000e+00
3.664666e-03 3.593516e-04 3.019994e-01 9.750000e-01 5.000000e-01 0.000000e+00
3.005211e-03 3.240614e-04 3.019994e-01 1.025000e+00 5.000000e-01 0.000000e+00
3.049683e-03 3.214663e-04 3.019994e-01 1.075000e+00 5.000000e-01 0.000000e+00
3.025838e-03 3.120928e-04 3.019994e-01 1.125000e+00 5.000000e-01 0.000000e+00
2.580742e-03 2.885371e-04 3.019994e-01 1.175000e+00 5.000000e-01 0.000000e+00
2.017554e-03 2.562316e-04 3.019994e-01 1.225000e+00 5.000000e-01 0.000000e+00
1.589150e-03 2.293755e-04 3.019994e-01 1.275000e+00 5.000000e-01 0.000000e+00
1.251515e-03 2.030235e-04 3.019994e-01 1.325000e+00 5.000000e-01 0.000000e+00
1.311483e-03 2.073650e-04 3.019994e-01 1.375000e+00 5.000000e-01 0.000000e+00
1.424467e-03 2.147477e-04 3.019994e-01 1.425000e+00 5.000000e-01 0.000000e+00
1.355081e-03 2.090950e-04 3.019994e-01 1.475000e+00 5.000000e-01 0.000000e+00
6.375237e-04 1.425558e-04 3.019994e-01 1.525000e+00 5.000000e-01 0.000000e+00
7.600944e-04 1.551555e-04 3.019994e-01 1.575000e+00 5.000000e-01 0.000000e+00
1.056407e-03 1.811741e-04 3.019994e-01 1.625000e+00 5.000000e-01 0.000000e+00
4.924777e-04 1.231206e-04 3.019994e-01 1.675000e+00 5.000000e-01 0.000000e+00
9.775386e-04 1.728079e-04 3.019994e-01 1.725000e+00 5.000000e-01 0.000000e+00
7.139263e-04 1.457316e-04 3.019994e-01 1.775000e+00 5.000000e-01 0.000000e+00
1.776502e-04 7.252603e-05 3.019994e-01 1.825000e+00 5.000000e-01 0.000000e+00
6.968477e-04 1.422451e-04 3.019994e-01 1.875000e+00 5.000000e-01 0.000000e+00
4.017295e-04 1.073679e-04 3.019994e-01 1.925000e+00 5.000000e-01 0.000000e+00
4.504320e-04 1.126091e-04 3.019994e-01 1.975000e+00 5.000000e-01 0.000000e+00
4.424655e-04 1.106176e-04 3.019994e-01 2.025000e+00 5.000000e-01 0.000000e+00
4.897085e-04 1.154268e-04 3.019994e-01 2.075000e+00 5.000000e-01 0.000000e+00
2.155951e-04 7.622551e-05 3.019994e-01 2.125000e+00 5.000000e-01 0.000000e+00
3.202295e-04 9.244362e-05 3.019994e-01 2.175000e+00 5.000000e-01 0.000000e+00
3.750283e-04 1.002324e-04 3.019994e-01 2.225000e+00 5.000000e-01 0.000000e+00
2.109329e-04 7.457716e-05 3.019994e-01 2.275000e+00 5.000000e-01 0.000000e+00
4.196192e-04 1.049082e-04 3.019994e-01 2.325000e+00 5.000000e-01 0.000000e+00
2.100771e-04 7.427603e-05 3.019994e-01 2.375000e+00 5.000000e-01 0.000000e+00
5.699668e-04 1.215205e-04 3.019994e-01 2.425000e+00 5.000000e-01 0.000000e+00
5.182007e-04 1.158772e-04 3.019994e-01 2.475000e+00 5.000000e-01 0.000000e+00
3.143412e-04 9.074479e-05 3.019994e-01 2.525000e+00 5.000000e-01 0.000000e+00
3.166854e-04 9.142430e-05 3.019994e-01 2.575000e+00 5.000000e-01 0.000000e+00
5.926757e-04 1.263670e-04 3.019994e-01 2.625000e+00 5.000000e-01 0.000000e+00
8.519944e-04 1.506236e-04 3.019994e-01 2.675000e+00 5.000000e-01 0.000000e+00
7.120166e-04 1.345669e-04 3.019994e-01 2.725000e+00 5.000000e-01 0.000000e+00
5.408682e-04 1.153164e-04 3.019994e-01 2.775000e+00 5.000000e-01 0.000000e+00
7.842251e-04 1.345068e-04 3.019994e-01 2.825000e+00 5.000000e-01 0.000000e+00
9.644483e-04 1.454141e-04 3.019994e-01 2.875000e+00 5.000000e-01 0.000000e+00
4.840365e-01 4.419006e-03 3.119994e-01 2.500000e-02 5.000000e-01 0.000000e+00
8.748528e-02 1.869449e-03 3.119994e-01 7.500000e-02 5.000000e-01 0.000000e+00
1.018191e-02 6.414016e-04 3.119994e-01 1.250000e-01 5.000000e-01 0.000000e+00
8.935997e-03 5.997463e-04 3.119994e-01 1.750000e-01 5.000000e-01 0.000000e+00
8.975735e-03 5.997180e-04 3.119994e-01 2.250000e-01 5.000000e-01 0.000000e+00
9.360034e-03 6.118863e-04 3.119994e-01 2.750000e-01 5.000000e-01 0.000000e+00
9.066521e-03 6.004469e-04 3.119994e-01 3.250000e-01 5.000000e-01 0.000000e+00
7.527365e-03 5.432424e-04 3.119994e-01 3.750000e-01 5.000000e-01 0.000000e+00
6.020707e-03 4.820437e-04 3.119994e-01 4.250000e-01 5.000000e-01 0.000000e+00
8.531628e-03 5.700453e-04 3.119994e-01 4.750000e-01 5.000000e-01 0.000000e+00
8.299072e-03 5.595251e-04 3.119994e-01 5.250000e-01 5.000000e-01 0.000000e+00
5.713467e-03 4.634249e-04 3.119994e-01 5.750000e-01 5.000000e-01 0.000000e+00
6.385806e-03 4.897707e-04 3.119994e-01 6.250000e-01 5.000000e-01 0.000000e+00
5.438285e-03 4.500769e-04 3.119994e-01 6.750000e-01 5.000000e-01 0.000000e+00
6.600116e-03 4.947018e-04 3.119994e-01 7.250000e-01 5.000000e-01 0.000000e+00
4.714315e-03 4.134743e-04 3.119994e-01 7.750000e-01 5.000000e-01 0.000000e+00
5.608178e-03 4.490155e-04 3.119994e-01 8.250000e-01 5.000000e-01 0.000000e+00
4.916563e-03 4.185272e-04 3.119994e-01 8.750000e-01 5.000000e-01 0.000000e+00
4.759772e-03 4.111833e-04 3.119994e-01 9.250000e-01 5.000000e-01 0.000000e+00
4.034958e-03 3.746380e-04 3.119994e-01 9.750000e-01 5.000000e-01 0.000000e+00
4.508820e-03 3.895045e-04 3.119994e-01 1.025000e+00 5.000000e-01 0.000000e+00
2.498973e-03 2.866531e-04 3.119994e-01 1.075000e+00 5.000000e-01 0.000000e+00
2.687309e-03 2.967650e-04 3.119994e-01 1.125000e+00 5.000000e-01 0.000000e+00
2.573399e-03 2.913814e-04 3.119994e-01 1.175000e+00 5.000000e-01 0.000000e+00
2.132464e-03 2.665596e-04 3.119994e-01 1.225000e+00 5.000000e-01 0.000000e+00
1.007455e-03 1.839363e-04 3.119994e-01 1.275000e+00 5.000000e-01 0.000000e+00
1.200433e-03 2.000734e-04 3.119994e-01 1.325000e+00 5.000000e-01 0.000000e+00
1.187433e-03 1.979073e-04 3.119994e-01 1.375000e+00 5.000000e-01 0.000000e+00
1.305494e-03 2.064182e-04 3.119994e-01 1.425000e+00 5.000000e-01 0.000000e+00
1.423326e-03 2.145757e-04 3.119994e-01 1.475000e+00 5.000000e-01 0.000000e+00
9.657915e-04 1.763297e-04 3.119994e-01 1.525000e+00 5.000000e-01 0.000000e+00
3.833257e-04 1.106569e-04 3.119994e-01 1.575000e+00 5.000000e-01 0.000000e+00
3.136845e-04 9.919643e-05 3.119994e-01 1.625000e+00 5.000000e-01 0.000000e+00
6.807338e-04 1.451343e-04 3.119994e-01 1.675000e+00 5.000000e-01 0.000000e+00
6.106322e-04 1.365431e-04 3.119994e-01 1.725000e+00 5.000000e-01 0.000000e+00
7.281046e-04 1.486248e-04 3.119994e-01 1.775000e+00 5.000000e-01 0.000000e+00
6.497233e-04 1.385222e-04 3.119994e-01 1.825000e+00 5.000000e-01 0.000000e+00
7.623231e-04 1.495052e-04 3.119994e-01 1.875000e+00 5.000000e-01 0.000000e+00
5.155681e-04 1.215218e-04 3.119994e-01 1.925000e+00 5.000000e-01 0.000000e+00
5.077391e-04 1.196768e-04 3.119994e-01 1.975000e+00 5.000000e-01 0.000000e+00
5.542650e-04 1.239382e-04 3.119994e-01 2.025000e+00 5.000000e-01 0.000000e+00
4.892154e-04 1.153101e-04 3.119994e-01 2.075000e+00 5.000000e-01 0.000000e+00
3.241913e-04 9.358794e-05 3.119994e-01 2.125000e+00 5.000000e-01 0.000000e+00
4.243133e-04 1.060806e-04 3.119994e-01 2.175000e+00 5.000000e-01 0.000000e+00
4.239951e-04 1.060014e-04 3.119994e-01 2.225000e+00 5.000000e-01 0.000000e+00
4.701709e-04 1.108227e-04 3.119994e-01 2.275000e+00 5.000000e-01 0.000000e+00
3.142367e-04 9.071314e-05 3.119994e-01 2.325000e+00 5.000000e-01 0.000000e+00
6.190042e-04 1.263553e-04 3.119994e-01 2.375000e+00 5.000000e-01 0.000000e+00
3.593885e-04 9.605208e-05 3.119994e-01 2.425000e+00 5.000000e-01 0.000000e+00
3.158566e-04 9.118525e-05 3.119994e-01 2.475000e+00 5.000000e-01 0.000000e+00
7.078602e-04 1.388285e-04 3.119994e-01 2.525000e+00 5.000000e-01 0.000000e+00
5.020646e-04 1.183436e-04 3.119994e-01 2.575000e+00 5.000000e-01 0.000000e+00
6.601335e-04 1.347565e-04 3.119994e-01 2.625000e+00 5.000000e-01 0.000000e+00
4.292391e-04 1.073132e-04 3.119994e-01 2.675000e+00 5.000000e-01 0.000000e+00
4.594193e-04 1.082940e-04 3.119994e-01 2.725000e+00 5.000000e-01 0.000000e+00
7.839096e-04 1.385898e-04 3.119994e-01 2.775000e+00 5.000000e-01 0.000000e+00
1.121606e-03 1.619105e-04 3.119994e-01 2.825000e+00 5.000000e-01 0.000000e+00
9.282205e-04 1.432494e-04 3.119994e-01 2.875000e+00 5.000000e-01 0.000000e+00
4.860191e-01 4.432306e-03 3.219994e-01 2.500000e-02 5.000000e-01 0.000000e+00
8.867087e-02 1.888756e-03 3.219994e-01 7.500000e-02 5.000000e-01 0.000000e+00
1.224967e-02 7.072368e-04 3.219994e-01 1.250000e-01 5.000000e-01 0.000000e+00
9.856692e-03 6.310116e-04 3.219994e-01 1.750000e-01 5.000000e-01 0.000000e+00
9.813909e-03 6.308634e-04 3.219994e-01 2.250000e-01 5.000000e-01 0.000000e+00
9.441724e-03 6.146056e-04 3.219994e-01 2.750000e-01 5.000000e-01 0.000000e+00
7.353646e-03 5.421196e-04 3.219994e-01 3.250000e-01 5.000000e-01 0.000000e+00
7.001725e-03 5.277767e-04 3.219994e-01 3.750000e-01 5.000000e-01 0.000000e+00
7.898972e-03 5.503492e-04 3.219994e-01 4.250000e-01 5.000000e-01 0.000000e+00
7.428863e-03 5.333628e-04 3.219994e-01 4.750000e-01 5.000000e-01 0.000000e+00
7.948269e-03 5.511151e-04 3.219994e-01 5.250000e-01 5.000000e-01 0.000000e+00
6.658632e-03 5.019145e-04 3.219994e-01 5.750000e-01 5.000000e-01 0.000000e+00
5.540342e-03 4.585236e-04 3.219994e-01 6.250000e-01 5.000000e-01 0.000000e+00
4.640008e-03 4.166865e-04 3.219994e-01 6.750000e-01 5.000000e-01 0.000000e+00
6.174064e-03 4.792021e-04 3.219994e-01 7.250000e-01 5.000000e-01 0.000000e+00
5.449016e-03 4.479083e-04 3.219994e-01 7.750000e-01 5.000000e-01 0.000000e+00
5.785260e-03 4.573670e-04 3.219994e-01 8.250000e-01 5.000000e-01 0.000000e+00
5.311899e-03 4.337165e-04 3.219994e-01 8.750000e-01 5.000000e-01 0.000000e+00
3.933102e-03 3.683704e-04 3.219994e-01 9.250000e-01 5.000000e-01 0.000000e+00
3.092950e-03 3.224641e-04 3.219994e-01 9.750000e-01 5.000000e-01 0.000000e+00
3.613215e-03 3.476836e-04 3.219994e-01 1.025000e+00 5.000000e-01 0.000000e+00
2.891258e-03 3.117741e-04 3.219994e-01 1.075000e+00 5.000000e-01 0.000000e+00
2.976334e-03 3.172801e-04 3.219994e-01 1.125000e+00 5.000000e-01 0.000000e+00
2.762798e-03 3.051019e-04 3.219994e-01 1.175000e+00 5.000000e-01 0.000000e+00
2.573437e-03 2.951951e-04 3.219994e-01 1.225000e+00 5.000000e-01 0.000000e+00
1.476554e-03 2.226005e-04 3.219994e-01 1.275000e+00 5.000000e-01 0.000000e+00
1.471418e-03 2.218255e-04 3.219994e-01 1.325000e+00 5.000000e-01 0.000000e+00
1.527848e-03 2.252701e-04 3.219994e-01 1.375000e+00 5.000000e-01 0.000000e+00
1.849186e-03 2.471092e-04 3.219994e-01 1.425000e+00 5.000000e-01 0.000000e+00
1.303155e-03 2.060482e-04 3.219994e-01 1.475000e+00 5.000000e-01 0.000000e+00
5.805039e-04 1.368274e-04 3.219994e-01 1.525000e+00 5.000000e-01 0.000000e+00
1.587081e-03 2.244494e-04 3.219994e-01 1.575000e+00 5.000000e-01 0.000000e+00
1.393005e-03 2.100052e-04 3.219994e-01 1.625000e+00 5.000000e-01 0.000000e+00
3.703270e-04 1.069050e-04 3.219994e-01 1.675000e+00 5.000000e-01 0.000000e+00
4.301308e-04 1.149584e-04 3.219994e-01 1.725000e+00 5.000000e-01 0.000000e+00
7.864959e-04 1.542461e-04 3.219994e-01 1.775000e+00 5.000000e-01 0.000000e+00
5.988195e-04 1.339015e-04 3.219994e-01 1.825000e+00 5.000000e-01 0.000000e+00
3.509610e-04 1.013148e-04 3.219994e-01 1.875000e+00 5.000000e-01 0.000000e+00
2.309561e-04 8.165629e-05 3.219994e-01 1.925000e+00 5.000000e-01 0.000000e+00
5.651631e-04 1.263769e-04 3.219994e-01 1.975000e+00 5.000000e-01 0.000000e+00
5.559329e-04 1.243119e-04 3.219994e-01 2.025000e+00 5.000000e-01 0.000000e+00
8.282396e-04 1.512177e-04 3.219994e-01 2.075000e+00 5.000000e-01 0.000000e+00
1.076023e-04 5.380165e-05 3.219994e-01 2.125000e+00 5.000000e-01 0.000000e+00
4.803425e-04 1.132199e-04 3.219994e-01 2.175000e+00 5.000000e-01 0.000000e+00
4.181798e-04 1.045466e-04 3.219994e-01 2.225000e+00 5.000000e-01 0.000000e+00
2.089972e-04 7.389262e-05 3.219994e-01 2.275000e+00 5.000000e-01 0.000000e+00
3.619922e-04 9.674953e-05 3.219994e-01 2.325000e+00 5.000000e-01 0.000000e+00
5.116371e-04 1.144079e-04 3.219994e-01 2.375000e+00 5.000000e-01 0.000000e+00
6.315656e-04 1.289209e-04 3.219994e-01 2.425000e+00 5.000000e-01 0.000000e+00
5.895077e-04 1.256861e-04 3.219994e-01 2.475000e+00 5.000000e-01 0.000000e+00
3.932174e-04 1.050949e-04 3.219994e-01 2.525000e+00 5.000000e-01 0.000000e+00
2.866429e-04 9.064800e-05 3.219994e-01 2.575000e+00 5.000000e-01 0.000000e+00
4.440301e-04 1.110098e-04 3.219994e-01 2.625000e+00 5.000000e-01 0.000000e+00
6.450190e-04 1.316708e-04 3.219994e-01 2.675000e+00 5.000000e-01 0.000000e+00
7.727086e-04 1.410868e-04 3.219994e-01 2.725000e+00 5.000000e-01 0.000000e+00
5.959699e-04 1.216542e-04 3.219994e-01 2.775000e+00 5.000000e-01 0.000000e+00
7.493291e-04 1.324767e-04 3.219994e-01 2.825000e+00 5.000000e-01 0.000000e+00
1.018657e-03 1.502107e-04 3.219994e-01 2.875000e+00 5.000000e-01 0.000000e+00
4.949282e-01 4.453223e-03 3.319994e-01 2.500000e-02 5.000000e-01 0.000000e+00
9.087085e-02 1.925164e-03 3.319994e-01 7.500000e-02 5.000000e-01 0.000000e+00
1.088320e-02 6.647987e-04 3.319994e-01 1.250000e-01 5.000000e-01 0.000000e+00
9.480834e-03 6.197830e-04 3.319994e-01 1.750000e-01 5.000000e-01 0.000000e+00
9.301665e-03 6.160194e-04 3.319994e-01 2.250000e-01 5.000000e-01 0.000000e+00
9.287625e-03 6.124097e-04 3.319994e-01 2.750000e-01 5.000000e-01 0.000000e+00
7.470028e-03 5.506992e-04 3.319994e-01 3.250000e-01 5.000000e-01 0.000000e+00
8.422790e-03 5.784815e-04 3.319994e-01 3.750000e-01 5.000000e-01 0.000000e+00
5.952327e-03 4.796536e-04 3.319994e-01 4.250000e-01 5.000000e-01 0.000000e+00
7.830008e-03 5.509190e-04 3.319994e-01 4.750000e-01 5.000000e-01 0.000000e+00
7.191474e-03 5.244938e-04 3.319994e-01 5.250000e-01 5.000000e-01 0.000000e+00
5.872570e-03 4.732269e-04 3.319994e-01 5.750000e-01 5.000000e-01 0.000000e+00
6.231185e-03 4.865751e-04 3.319994e-01 6.250000e-01 5.000000e-01 0.000000e+00
5.955921e-03 4.738294e-04 3.319994e-01 6.750000e-01 5.000000e-01 0.000000e+00
5.509419e-03 4.528730e-04 3.319994e-01 7.250000e-01 5.000000e-01 0.000000e+00
5.138385e-03 4.342741e-04 3.319994e-01 7.750000e-01 5.000000e-01 0.000000e+00
5.825831e-03 4.549228e-04 3.319994e-01 8.250000e-01 5.000000e-01 0.000000e+00
5.305054e-03 4.274952e-04 3.319994e-01 8.750000e-01 5.000000e-01 0.000000e+00
5.503191e-03 4.323734e-04 3.319994e-01 9.250000e-01 5.000000e-01 0.000000e+00
4.502040e-03 3.918542e-04 3.319994e-01 9.750000e-01 5.000000e-01 0.000000e+00
3.977917e-03 3.693419e-04 3.319994e-01 1.025000e+00 5.000000e-01 0.000000e+00
3.601478e-03 3.531560e-04 3.319994e-01 1.075000e+00 5.000000e-01 0.000000e+00
3.286309e-03 3.354096e-04 3.319994e-01 1.125000e+00 5.000000e-01 0.000000e+00
2.600860e-03 2.983405e-04 3.319994e-01 1.175000e+00 5.000000e-01 0.000000e+00
2.369621e-03 2.832253e-04 3.319994e-01 1.225000e+00 5.000000e-01 0.000000e+00
1.490124e-03 2.246463e-04 3.319994e-01 1.275000e+00 5.000000e-01 0.000000e+00
1.345212e-03 2.126982e-04 3.319994e-01 1.325000e+00 5.000000e-01 0.000000e+00
1.199305e-03 1.998857e-04 3.319994e-01 1.375000e+00 5.000000e-01 0.000000e+00
1.455169e-03 2.193767e-04 3.319994e-01 1.425000e+00 5.000000e-01 0.000000e+00
1.250764e-03 2.029021e-04 3.319994e-01 1.475000e+00 5.000000e-01 0.000000e+00
1.165591e-03 1.942665e-04 3.319994e-01 1.525000e+00 5.000000e-01 0.000000e+00
1.091086e-03 1.871212e-04 3.319994e-01 1.575000e+00 5.000000e-01 0.000000e+00
4.427162e-04 1.183217e-04 3.319994e-01 1.625000e+00 5.000000e-01 0.000000e+00
6.291174e-04 1.406759e-04 3.319994e-01 1.675000e+00 5.000000e-01 0.000000e+00
8.003108e-04 1.569556e-04 3.319994e-01 1.725000e+00 5.000000e-01 0.000000e+00
4.848797e-04 1.212212e-04 3.319994e-01 1.775000e+00 5.000000e-01 0.000000e+00
4.208994e-04 1.124909e-04 3.319994e-01 1.825000e+00 5.000000e-01 0.000000e+00
6.480019e-04 1.381554e-04 3.319994e-01 1.875000e+00 5.000000e-01 0.000000e+00
6.385403e-04 1.361392e-04 3.319994e-01 1.925000e+00 5.000000e-01 0.000000e+00
2.863475e-04 9.055199e-05 3.319994e-01 1.975000e+00 5.000000e-01 0.000000e+00
6.129148e-04 1.306750e-04 3.319994e-01 2.025000e+00 5.000000e-01 0.000000e+00
4.437802e-04 1.109464e-04 3.319994e-01 2.075000e+00 5.000000e-01 0.000000e+00
4.846439e-04 1.142342e-04 3.319994e-01 2.125000e+00 5.000000e-01 0.000000e+00
2.665774e-04 8.430157e-05 3.319994e-01 2.175000e+00 5.000000e-01 0.000000e+00
3.138226e-04 9.059499e-05 3.319994e-01 2.225000e+00 5.000000e-01 0.000000e+00
4.152322e-04 1.038107e-04 3.319994e-01 2.275000e+00 5.000000e-01 0.000000e+00
7.218251e-04 1.364164e-04 3.319994e-01 2.325000e+00 5.000000e-01 0.000000e+00
3.664018e-04 9.792669e-05 3.319994e-01 2.375000e+00 5.000000e-01 0.000000e+00
4.802354e-04 1.131948e-04 3.319994e-01 2.425000e+00 5.000000e-01 0.000000e+00
4.472593e-04 1.118188e-04 3.319994e-01 2.475000e+00 5.000000e-01 0.000000e+00
3.420663e-04 9.874884e-05 3.319994e-01 2.525000e+00 5.000000e-01 0.000000e+00
3.413186e-04 9.853266e-05 3.319994e-01 2.575000e+00 5.000000e-01 0.000000e+00
5.015386e-04 1.182152e-04 3.319994e-01 2.625000e+00 5.000000e-01 0.000000e+00
4.305858e-04 1.076523e-04 3.319994e-01 2.675000e+00 5.000000e-01 0.000000e+00
6.185545e-04 1.262759e-04 3.319994e-01 2.725000e+00 5.000000e-01 0.000000e+00
5.871015e-04 1.198476e-04 3.319994e-01 2.775000e+00 5.000000e-01 0.000000e+00
1.179130e-03 1.667745e-04 3.319994e-01 2.825000e+00 5.000000e-01 0.000000e+00
1.117666e-03 1.580793e-04 3.319994e-01 2.875000e+00 5.000000e-01 0.000000e+00
4.801083e-01 4.398937e-03 3.419994e-01 2.500000e-02 5.000000e-01 0.000000e+00
9.352843e-02 1.963050e-03 3.419994e-01 7.500000e-02 5.000000e-01 0.000000e+00
1.046569e-02 6.490562e-04 3.419994e-01 1.250000e-01 5.000000e-01 0.000000e+00
9.910032e-03 6.370427e-04 3.419994e-01 1.750000e-01 5.000000e-01 0.000000e+00
1.019648e-02 6.423191e-04 3.419994e-01 2.250000e-01 5.000000e-01 0.000000e+00
9.048556e-03 6.073009e-04 3.419994e-01 2.750000e-01 5.000000e-01 0.000000e+00
7.625786e-03 5.561691e-04 3.419994e-01 3.250000e-01 5.000000e-01 0.000000e+00
7.899626e-03 5.614038e-04 3.419994e-01 3.750000e-01 5.000000e-01 0.000000e+00
7.582696e-03 5.472353e-04 3.419994e-01 4.250000e-01 5.000000e-01 0.000000e+00
6.319036e-03 4.964717e-04 3.419994e-01 4.750000e-01 5.000000e-01 0.000000e+00
7.983944e-03 5.535889e-04 3.419994e-01 5.250000e-01 5.000000e-01 0.000000e+00
6.365304e-03 4.940451e-04 3.419994e-01 5.750000e-01 5.000000e-01 0.000000e+00
7.268449e-03 5.245569e-04 3.419994e-01 6.250000e-01 5.000000e-01 0.000000e+00
6.264848e-03 4.862483e-04 3.419994e-01 6.750000e-01 5.000000e-01 0.000000e+00
5.610211e-03 4.550501e-04 3.419994e-01 7.250000e-01 5.000000e-01 0.000000e+00
5.619652e-03 4.470774e-04 3.419994e-01 7.750000e-01 5.000000e-01 0.000000e+00
6.406961e-03 4.723292e-04 3.419994e-01 8.250000e-01 5.000000e-01 0.000000e+00
5.558974e-03 4.394773e-04 3.419994e-01 8.750000e-01 5.000000e-01 0.000000e+00
4.607465e-03 4.010301e-04 3.419994e-01 9.250000e-01 5.000000e-01 0.000000e+00
3.035371e-03 3.273142e-04 3.419994e-01 9.750000e-01 5.000000e-01 0.000000e+00
3.004079e-03 3.239396e-04 3.419994e-01 1.025000e+00 5.000000e-01 0.000000e+00
3.709472e-03 3.602975e-04 3.419994e-01 1.075000e+00 5.000000e-01 0.000000e+00
3.470190e-03 3.470205e-04 3.419994e-01 1.125000e+00 5.000000e-01 0.000000e+00
3.360438e-03 3.394572e-04 3.419994e-01 1.175000e+00 5.000000e-01 0.000000e+00
2.322800e-03 2.816826e-04 3.419994e-01 1.225000e+00 5.000000e-01 0.000000e+00
1.492168e-03 2.249542e-04 3.419994e-01 1.275000e+00 5.000000e-01 0.000000e+00
1.894747e-03 2.531983e-04 3.419994e-01 1.325000e+00 5.000000e-01 0.000000e+00
1.208737e-03 2.014573e-04 3.419994e-01 1.375000e+00 5.000000e-01 0.000000e+00
1.927737e-03 2.531258e-04 3.419994e-01 1.425000e+00 5.000000e-01 0.000000e+00
1.320547e-03 2.087993e-04 3.419994e-01 1.475000e+00 5.000000e-01 0.000000e+00
4.576391e-04 1.223103e-04 3.419994e-01 1.525000e+00 5.000000e-01 0.000000e+00
8.322696e-04 1.632228e-04 3.419994e-01 1.575000e+00 5.000000e-01 0.000000e+00
7.026552e-04 1.498073e-04 3.419994e-01 1.625000e+00 5.000000e-01 0.000000e+00
4.371181e-04 1.168258e-04 3.419994e-01 1.675000e+00 5.000000e-01 0.000000e+00
8.706281e-04 1.645355e-04 3.419994e-01 1.725000e+00 5.000000e-01 0.000000e+00
6.709290e-04 1.430439e-04 3.419994e-01 1.775000e+00 5.000000e-01 0.000000e+00
6.000596e-04 1.341783e-04 3.419994e-01 1.825000e+00 5.000000e-01 0.000000e+00
5.347088e-04 1.260330e-04 3.419994e-01 1.875000e+00 5.000000e-01 0.000000e+00
1.759148e-04 7.181696e-05 3.419994e-01 1.925000e+00 5.000000e-01 0.000000e+00
7.431916e-04 1.457552e-04 3.419994e-01 1.975000e+00 5.000000e-01 0.000000e+00
8.469945e-04 1.546416e-04 3.419994e-01 2.025000e+00 5.000000e-01 0.000000e+00
3.317165e-04 9.575954e-05 3.419994e-01 2.075000e+00 5.000000e-01 0.000000e+00
3.251156e-04 9.385381e-05 3.419994e-01 2.125000e+00 5.000000e-01 0.000000e+00
3.727539e-04 9.962452e-05 3.419994e-01 2.175000e+00 5.000000e-01 0.000000e+00
5.240397e-04 1.171814e-04 3.419994e-01 2.225000e+00 5.000000e-01 0.000000e+00
4.633391e-04 1.092119e-04 3.419994e-01 2.275000e+00 5.000000e-01 0.000000e+00
2.626523e-04 8.305975e-05 3.419994e-01 2.325000e+00 5.000000e-01 0.000000e+00
7.495468e-04 1.416530e-04 3.419994e-01 2.375000e+00 5.000000e-01 0.000000e+00
3.349927e-04 9.670757e-05 3.419994e-01 2.425000e+00 5.000000e-01 0.000000e+00
6.300147e-04 1.343239e-04 3.419994e-01 2.475000e+00 5.000000e-01 0.000000e+00
5.726561e-05 4.049290e-05 3.419994e-01 2.525000e+00 5.000000e-01 0.000000e+00
5.041299e-04 1.188322e-04 3.419994e-01 2.575000e+00 5.000000e-01 0.000000e+00
4.987844e-04 1.175718e-04 3.419994e-01 2.625000e+00 5.000000e-01 0.000000e+00
8.130613e-04 1.484524e-04 3.419994e-01 2.675000e+00 5.000000e-01 0.000000e+00
7.828952e-04 1.429455e-04 3.419994e-01 2.725000e+00 5.000000e-01 0.000000e+00
5.962075e-04 1.217110e-04 3.419994e-01 2.775000e+00 5.000000e-01 0.000000e+00
8.543587e-04 1.424101e-04 3.419994e-01 2.825000e+00 5.000000e-01 0.000000e+00
1.304849e-03 1.713608e-04 3.419994e-01 2.875000e+00 5.000000e-01 0.000000e+00
4.864663e-01 4.480953e-03 3.519993e-01 2.500000e-02 5.000000e-01 0.000000e+00
9.322532e-02 1.965365e-03 3.519993e-01 7.500000e-02 5.000000e-01 0.000000e+00
1.196992e-02 6.981015e-04 3.519993e-01 1.250000e-01 5.000000e-01 0.000000e+00
9.188085e-03 6.166654e-04 3.519993e-01 1.750000e-01 5.000000e-01 0.000000e+00
8.837073e-03 5.985236e-04 3.519993e-01 2.250000e-01 5.000000e-01 0.000000e+00
7.833481e-03 5.653345e-04 3.519993e-01 2.750000e-01 5.000000e-01 0.000000e+00
9.078936e-03 6.039234e-04 3.519993e-01 3.250000e-01 5.000000e-01 0.000000e+00
7.233191e-03 5.391318e-04 3.519993e-01 3.750000e-01 5.000000e-01 0.000000e+00
8.286893e-03 5.691479e-04 3.519993e-01 4.250000e-01 5.000000e-01 0.000000e+00
6.652912e-03 5.102569e-04 3.519993e-01 4.750000e-01 5.000000e-01 0.000000e+00
7.902997e-03 5.560547e-04 3.519993e-01 5.250000e-01 5.000000e-01 0.000000e+00
6.415883e-03 4.979707e-04 3.519993e-01 5.750000e-01 5.000000e-01 0.000000e+00
5.603035e-03 4.637123e-04 3.519993e-01 6.250000e-01 5.000000e-01 0.000000e+00
7.198747e-03 5.141977e-04 3.519993e-01 6.750000e-01 5.000000e-01 0.000000e+00
5.494791e-03 4.427847e-04 3.519993e-01 7.250000e-01 5.000000e-01 0.000000e+00
5.660278e-03 4.474861e-04 3.519993e-01 7.750000e-01 5.000000e-01 0.000000e+00
6.160984e-03 4.670647e-04 3.519993e-01 8.250000e-01 5.000000e-01 0.000000e+00
4.514028e-03 4.021427e-04 3.519993e-01 8.750000e-01 5.000000e-01 0.000000e+00
4.799868e-03 4.146474e-04 3.519993e-01 9.250000e-01 5.000000e-01 0.000000e+00
4.279431e-03 3.906586e-04 3.519993e-01 9.750000e-01 5.000000e-01 0.000000e+00
3.723375e-03 3.651087e-04 3.519993e-01 1.025000e+00 5.000000e-01 0.000000e+00
2.807981e-03 3.139434e-04 3.519993e-01 1.075000e+00 5.000000e-01 0.000000e+00
2.512136e-03 2.960600e-04 3.519993e-01 1.125000e+00 5.000000e-01 0.000000e+00
1.941931e-03 2.595028e-04 3.519993e-01 1.175000e+00 5.000000e-01 0.000000e+00
2.462019e-03 2.901531e-04 3.519993e-01 1.225000e+00 5.000000e-01 0.000000e+00
2.037525e-03 2.630449e-04 3.519993e-01 1.275000e+00 5.000000e-01 0.000000e+00
1.899222e-03 2.537960e-04 3.519993e-01 1.325000e+00 5.000000e-01 0.000000e+00
1.070087e-03 1.891679e-04 3.519993e-01 1.375000e+00 5.000000e-01 0.000000e+00
2.197121e-03 2.704492e-04 3.519993e-01 1.425000e+00 5.000000e-01 0.000000e+00
9.911470e-04 1.809587e-04 3.519993e-01 1.475000e+00 5.000000e-01 0.000000e+00
7.183175e-04 1.531471e-04 3.519993e-01 1.525000e+00 5.000000e-01 0.000000e+00
1.104102e-03 1.893529e-04 3.519993e-01 1.575000e+00 5.000000e-01 0.000000e+00
7.656013e-04 1.562791e-04 3.519993e-01 1.625000e+00 5.000000e-01 0.000000e+00
8.169440e-04 1.602177e-04 3.519993e-01 1.675000e+00 5.000000e-01 0.000000e+00
7.479761e-04 1.526811e-04 3.519993e-01 1.725000e+00 5.000000e-01 0.000000e+00
6.130484e-04 1.370834e-04 3.519993e-01 1.775000e+00 5.000000e-01 0.000000e+00
1.200565e-04 6.002827e-05 3.519993e-01 1.825000e+00 5.000000e-01 0.000000e+00
4.177591e-04 1.116520e-04 3.519993e-01 1.875000e+00 5.000000e-01 0.000000e+00
3.493735e-04 1.008565e-04 3.519993e-01 1.925000e+00 5.000000e-01 0.000000e+00
6.329157e-04 1.349401e-04 3.519993e-01 1.975000e+00 5.000000e-01 0.000000e+00
6.839636e-04 1.396153e-04 3.519993e-01 2.025000e+00 5.000000e-01 0.000000e+00
5.552981e-04 1.241709e-04 3.519993e-01 2.075000e+00 5.000000e-01 0.000000e+00
5.461058e-04 1.221144e-04 3.519993e-01 2.125000e+00 5.000000e-01 0.000000e+00
6.451866e-04 1.316996e-04 3.519993e-01 2.175000e+00 5.000000e-01 0.000000e+00
6.297451e-04 1.285483e-04 3.519993e-01 2.225000e+00 5.000000e-01 0.000000e+00
2.627709e-04 8.309610e-05 3.519993e-01 2.275000e+00 5.000000e-01 0.000000e+00
4.863601e-04 1.146377e-04 3.519993e-01 2.325000e+00 5.000000e-01 0.000000e+00
3.914880e-04 1.046329e-04 3.519993e-01 2.375000e+00 5.000000e-01 0.000000e+00
2.850099e-04 9.013174e-05 3.519993e-01 2.425000e+00 5.000000e-01 0.000000e+00
2.823458e-04 8.928819e-05 3.519993e-01 2.475000e+00 5.000000e-01 0.000000e+00
3.950453e-04 1.055838e-04 3.519993e-01 2.525000e+00 5.000000e-01 0.000000e+00
5.547653e-04 1.240544e-04 3.519993e-01 2.575000e+00 5.000000e-01 0.000000e+00
2.733448e-04 8.644076e-05 3.519993e-01 2.625000e+00 5.000000e-01 0.000000e+00
7.597207e-04 1.435853e-04 3.519993e-01 2.675000e+00 5.000000e-01 0.000000e+00
7.312249e-04 1.382002e-04 3.519993e-01 2.725000e+00 5.000000e-01 0.000000e+00
4.971483e-04 1.111761e-04 3.519993e-01 2.775000e+00 5.000000e-01 0.000000e+00
1.097067e-03 1.617716e-04 3.519993e-01 2.825000e+00 5.000000e-01 0.000000e+00
1.168002e-03 1.619883e-04 3.519993e-01 2.875000e+00 5.000000e-01 0.000000e+00
4.994164e-01 4.559037e-03 3.619993e-01 2.500000e-02 5.000000e-01 0.000000e+00
9.777604e-02 1.995848e-03 3.619993e-01 7.500000e-02 5.000000e-01 0.000000e+00
1.219884e-02 7.114527e-04 3.619993e-01 1.250000e-01 5.000000e-01 0.000000e+00
1.130009e-02 6.801867e-04 3.619993e-01 1.750000e-01 5.000000e-01 0.000000e+00
9.271108e-03 6.167068e-04 3.619993e-01 2.250000e-01 5.000000e-01 0.000000e+00
9.117812e-03 6.119486e-04 3.619993e-01 2.750000e-01 5.000000e-01 0.000000e+00
9.156226e-03 6.117779e-04 3.619993e-01 3.250000e-01 5.000000e-01 0.000000e+00
7.980560e-03 5.700414e-04 3.619993e-01 3.750000e-01 5.000000e-01 0.000000e+00
6.894252e-03 5.226533e-04 3.619993e-01 4.250000e-01 5.000000e-01 0.000000e+00
8.693837e-03 5.888227e-04 3.619993e-01 4.750000e-01 5.000000e-01 0.000000e+00
9.084316e-03 5.964163e-04 3.619993e-01 5.250000e-01 5.000000e-01 0.000000e+00
6.280267e-03 4.874447e-04 3.619993e-01 5.750000e-01 5.000000e-01 0.000000e+00
6.170503e-03 4.760665e-04 3.619993e-01 6.250000e-01 5.000000e-01 0.000000e+00
6.227563e-03 4.748490e-04 3.619993e-01 6.750000e-01 5.000000e-01 0.000000e+00
7.052324e-03 5.063291e-04 3.619993e-01 7.250000e-01 5.000000e-01 0.000000e+00
4.879466e-03 4.215232e-04 3.619993e-01 7.750000e-01 5.000000e-01 0.000000e+00
4.737370e-03 4.154966e-04 3.619993e-01 8.250000e-01 5.000000e-01 0.000000e+00
4.511836e-03 4.051764e-04 3.619993e-01 8.750000e-01 5.000000e-01 0.000000e+00
4.794236e-03 4.172862e-04 3.619993e-01 9.250000e-01 5.000000e-01 0.000000e+00
3.398826e-03 3.505637e-04 3.619993e-01 9.750000e-01 5.000000e-01 0.000000e+00
4.060407e-03 3.802940e-04 3.619993e-01 1.025000e+00 5.000000e-01 0.000000e+00
3.340915e-03 3.445909e-04 3.619993e-01 1.075000e+00 5.000000e-01 0.000000e+00
2.944560e-03 3.212796e-04 3.619993e-01 1.125000e+00 5.000000e-01 0.000000e+00
2.082990e-03 2.689142e-04 3.619993e-01 1.175000e+00 5.000000e-01 0.000000e+00
1.997858e-03 2.623329e-04 3.619993e-01 1.225000e+00 5.000000e-01 0.000000e+00
2.183094e-03 2.728882e-04 3.619993e-01 1.275000e+00 5.000000e-01 0.000000e+00
1.688293e-03 2.387624e-04 3.619993e-01 1.325000e+00 5.000000e-01 0.000000e+00
1.285601e-03 2.085532e-04 3.619993e-01 1.375000e+00 5.000000e-01 0.000000e+00
1.669709e-03 2.361342e-04 3.619993e-01 1.425000e+00 5.000000e-01 0.000000e+00
1.316367e-03 2.081375e-04 3.619993e-01 1.475000e+00 5.000000e-01 0.000000e+00
5.921637e-04 1.395753e-04 3.619993e-01 1.525000e+00 5.000000e-01 0.000000e+00
9.712715e-04 1.773307e-04 3.619993e-01 1.575000e+00 5.000000e-01 0.000000e+00
7.051622e-04 1.503422e-04 3.619993e-01 1.625000e+00 5.000000e-01 0.000000e+00
6.977878e-04 1.487703e-04 3.619993e-01 1.675000e+00 5.000000e-01 0.000000e+00
1.184040e-03 1.920790e-04 3.619993e-01 1.725000e+00 5.000000e-01 0.000000e+00
6.123300e-04 1.369234e-04 3.619993e-01 1.775000e+00 5.000000e-01 0.000000e+00
4.273093e-04 1.142044e-04 3.619993e-01 1.825000e+00 5.000000e-01 0.000000e+00
5.373232e-04 1.266497e-04 3.619993e-01 1.875000e+00 5.000000e-01 0.000000e+00
4.119893e-04 1.101102e-04 3.619993e-01 1.925000e+00 5.000000e-01 0.000000e+00
5.819375e-04 1.301270e-04 3.619993e-01 1.975000e+00 5.000000e-01 0.000000e+00
4.544510e-04 1.136156e-04 3.619993e-01 2.025000e+00 5.000000e-01 0.000000e+00
5.583073e-04 1.248430e-04 3.619993e-01 2.075000e+00 5.000000e-01 0.000000e+00
1.654249e-04 6.753474e-05 3.619993e-01 2.125000e+00 5.000000e-01 0.000000e+00
5.423421e-04 1.212735e-04 3.619993e-01 2.175000e+00 5.000000e-01 0.000000e+00
3.782478e-04 1.010923e-04 3.619993e-01 2.225000e+00 5.000000e-01 0.000000e+00
2.738156e-04 8.658957e-05 3.619993e-01 2.275000e+00 5.000000e-01 0.000000e+00
5.055963e-04 1.191754e-04 3.619993e-01 2.325000e+00 5.000000e-01 0.000000e+00
4.022459e-04 1.075065e-04 3.619993e-01 2.375000e+00 5.000000e-01 0.000000e+00
3.421857e-04 9.878315e-05 3.619993e-01 2.425000e+00 5.000000e-01 0.000000e+00
3.342087e-04 9.647821e-05 3.619993e-01 2.475000e+00 5.000000e-01 0.000000e+00
4.436781e-04 1.109238e-04 3.619993e-01 2.525000e+00 5.000000e-01 0.000000e+00
5.496660e-04 1.229136e-04 3.619993e-01 2.575000e+00 5.000000e-01 0.000000e+00
4.868886e-04 1.147672e-04 3.619993e-01 2.625000e+00 5.000000e-01 0.000000e+00
8.073167e-04 1.474052e-04 3.619993e-01 2.675000e+00 5.000000e-01 0.000000e+00
3.695061e-04 9.876037e-05 3.619993e-01 2.725000e+00 5.000000e-01 0.000000e+00
2.989005e-04 8.629076e-05 3.619993e-01 2.775000e+00 5.000000e-01 0.000000e+00
9.605323e-04 1.518896e-04 3.619993e-01 2.825000e+00 5.000000e-01 0.000000e+00
1.047942e-03 1.545292e-04 3.619993e-01 2.875000e+00 5.000000e-01 0.000000e+00
5.047308e-01 4.616793e-03 3.719993e-01 2.500000e-02 5.000000e-01 0.000000e+00
1.029728e-01 2.054534e-03 3.719993e-01 7.500000e-02 5.000000e-01 0.000000e+00
1.280780e-02 7.345792e-04 3.719993e-01 1.250000e-01 5.000000e-01 0.000000e+00
8.648678e-03 5.939949e-04 3.719993e-01 1.750000e-01 5.000000e-01 0.000000e+00
9.516761e-03 6.302645e-04 3.719993e-01 2.250000e-01 5.000000e-01 0.000000e+00
1.026459e-02 6.466099e-04 3.719993e-01 2.750000e-01 5.000000e-01 0.000000e+00
8.261509e-03 5.812793e-04 3.719993e-01 3.250000e-01 5.000000e-01 0.000000e+00
7.492528e-03 5.493804e-04 3.719993e-01 3.750000e-01 5.000000e-01 0.000000e+00
8.135858e-03 5.696260e-04 3.719993e-01 4.250000e-01 5.000000e-01 0.000000e+00
7.999559e-03 5.573577e-04 3.719993e-01 4.750000e-01 5.000000e-01 0.000000e+00
7.244574e-03 5.201319e-04 3.719993e-01 5.250000e-01 5.000000e-01 0.000000e+00
7.298814e-03 5.213456e-04 3.719993e-01 5.750000e-01 5.000000e-01 0.000000e+00
6.281560e-03 4.817751e-04 3.719993e-01 6.250000e-01 5.000000e-01 0.000000e+00
6.303430e-03 4.863219e-04 3.719993e-01 6.750000e-01 5.000000e-01 0.000000e+00
5.814108e-03 4.655031e-04 3.719993e-01 7.250000e-01 5.000000e-01 0.000000e+00
6.500886e-03 4.928328e-04 3.719993e-01 7.750000e-01 5.000000e-01 0.000000e+00
4.499246e-03 4.073439e-04 3.719993e-01 8.250000e-01 5.000000e-01 0.000000e+00
5.792800e-03 4.608523e-04 3.719993e-01 8.750000e-01 5.000000e-01 0.000000e+00
4.164251e-03 3.900196e-04 3.719993e-01 9.250000e-01 5.000000e-01 0.000000e+00
4.338356e-03 3.960378e-04 3.719993e-01 9.750000e-01 5.000000e-01 0.000000e+00
3.654899e-03 3.618902e-04 3.719993e-01 1.025000e+00 5.000000e-01 0.000000e+00
4.146480e-03 3.849932e-04 3.719993e-01 1.075000e+00 5.000000e-01 0.000000e+00
3.049927e-03 3.288837e-04 3.719993e-01 1.125000e+00 5.000000e-01 0.000000e+00
2.952533e-03 3.221496e-04 3.719993e-01 1.175000e+00 5.000000e-01 0.000000e+00
2.645662e-03 3.034804e-04 3.719993e-01 1.225000e+00 5.000000e-01 0.000000e+00
2.382066e-03 2.847126e-04 3.719993e-01 1.275000e+00 5.000000e-01 0.000000e+00
1.424649e-03 2.198302e-04 3.719993e-01 1.325000e+00 5.000000e-01 0.000000e+00
1.074863e-03 1.900125e-04 3.719993e-01 1.375000e+00 5.000000e-01 0.000000e+00
8.032725e-04 1.639688e-04 3.719993e-01 1.425000e+00 5.000000e-01 0.000000e+00
1.199673e-03 1.999468e-04 3.719993e-01 1.475000e+00 5.000000e-01 0.000000e+00
1.179017e-03 1.965037e-04 3.719993e-01 1.525000e+00 5.000000e-01 0.000000e+00
6.503950e-04 1.454338e-04 3.719993e-01 1.575000e+00 5.000000e-01 0.000000e+00
9.663499e-04 1.764320e-04 3.719993e-01 1.625000e+00 5.000000e-01 0.000000e+00
1.077510e-03 1.847932e-04 3.719993e-01 1.675000e+00 5.000000e-01 0.000000e+00
4.983801e-04 1.245965e-04 3.719993e-01 1.725000e+00 5.000000e-01 0.000000e+00
6.148531e-04 1.374866e-04 3.719993e-01 1.775000e+00 5.000000e-01 0.000000e+00
9.220763e-04 1.683483e-04 3.719993e-01 1.825000e+00 5.000000e-01 0.000000e+00
6.006551e-04 1.343125e-04 3.719993e-01 1.875000e+00 5.000000e-01 0.000000e+00
5.878345e-04 1.314460e-04 3.719993e-01 1.925000e+00 5.000000e-01 0.000000e+00
4.083474e-04 1.091374e-04 3.719993e-01 1.975000e+00 5.000000e-01 0.000000e+00
5.721336e-04 1.279341e-04 3.719993e-01 2.025000e+00 5.000000e-01 0.000000e+00
2.239996e-04 7.919738e-05 3.719993e-01 2.075000e+00 5.000000e-01 0.000000e+00
2.762966e-04 8.737410e-05 3.719993e-01 2.125000e+00 5.000000e-01 0.000000e+00
3.904141e-04 1.043455e-04 3.719993e-01 2.175000e+00 5.000000e-01 0.000000e+00
5.067622e-04 1.194481e-04 3.719993e-01 2.225000e+00 5.000000e-01 0.000000e+00
2.306622e-04 8.155264e-05 3.719993e-01 2.275000e+00 5.000000e-01 0.000000e+00
1.158474e-04 5.792556e-05 3.719993e-01 2.325000e+00 5.000000e-01 0.000000e+00
2.872997e-04 9.085395e-05 3.719993e-01 2.375000e+00 5.000000e-01 0.000000e+00
3.379990e-04 9.757529e-05 3.719993e-01 2.425000e+00 5.000000e-01 0.000000e+00
7.820037e-04 1.477903e-04 3.719993e-01 2.475000e+00 5.000000e-01 0.000000e+00
4.990451e-04 1.176292e-04 3.719993e-01 2.525000e+00 5.000000e-01 0.000000e+00
4.905359e-04 1.156247e-04 3.719993e-01 2.575000e+00 5.000000e-01 0.000000e+00
5.346454e-04 1.195531e-04 3.719993e-01 2.625000e+00 5.000000e-01 0.000000e+00
5.283684e-04 1.181515e-04 3.719993e-01 2.675000e+00 5.000000e-01 0.000000e+00
9.948761e-04 1.613999e-04 3.719993e-01 2.725000e+00 5.000000e-01 0.000000e+00
8.576483e-04 1.470967e-04 3.719993e-01 2.775000e+00 5.000000e-01 0.000000e+00
1.103891e-03 1.627767e-04 3.719993e-01 2.825000e+00 5.000000e-01 0.000000e+00
1.166057e-03 1.617262e-04 3.719993e-01 2.875000e+00 5.000000e-01 0.000000e+00
5.099628e-01 4.652599e-03 3.819993e-01 2.500000e-02 5.000000e-01 0.000000e+00
1.033219e-01 2.059860e-03 3.819993e-01 7.500000e-02 5.000000e-01 0.000000e+00
9.912920e-03 6.452775e-04 3.819993e-01 1.250000e-01 5.000000e-01 0.000000e+00
8.770043e-03 6.023304e-04 3.819993e-01 1.750000e-01 5.000000e-01 0.000000e+00
9.820266e-03 6.392465e-04 3.819993e-01 2.250000e-01 5.000000e-01 0.000000e+00
9.897005e-03 6.362053e-04 3.819993e-01 2.750000e-01 5.000000e-01 0.000000e+00
6.289260e-03 5.101279e-04 3.819993e-01 3.250000e-01 5.000000e-01 0.000000e+00
7.221466e-03 5.352923e-04 3.819993e-01 3.750000e-01 5.000000e-01 0.000000e+00
6.715752e-03 5.091214e-04 3.819993e-01 4.250000e-01 5.000000e-01 0.000000e+00
8.337196e-03 5.595575e-04 3.819993e-01 4.750000e-01 5.000000e-01 0.000000e+00
6.843715e-03 5.101018e-04 3.819993e-01 5.250000e-01 5.000000e-01 0.000000e+00
5.222428e-03 4.445639e-04 3.819993e-01 5.750000e-01 5.000000e-01 0.000000e+00
5.679182e-03 4.700140e-04 3.819993e-01 6.250000e-01 5.000000e-01 0.000000e+00
6.374669e-03 4.947720e-04 3.819993e-01 6.750000e-01 5.000000e-01 0.000000e+00
5.985941e-03 4.762174e-04 3.819993e-01 7.250000e-01 5.000000e-01 0.000000e+00
5.291133e-03 4.471842e-04 3.819993e-01 7.750000e-01 5.000000e-01 0.000000e+00
5.610234e-03 4.580754e-04 3.819993e-01 8.250000e-01 5.000000e-01 0.000000e+00
4.576783e-03 4.110088e-04 3.819993e-01 8.750000e-01 5.000000e-01 0.000000e+00
4.337334e-03 3.992858e-04 3.819993e-01 9.250000e-01 5.000000e-01 0.000000e+00
4.167631e-03 3.903359e-04 3.819993e-01 9.750000e-01 5.000000e-01 0.000000e+00
2.601889e-03 3.066371e-04 3.819993e-01 1.025000e+00 5.000000e-01 0.000000e+00
3.223485e-03 3.397866e-04 3.819993e-01 1.075000e+00 5.000000e-01 0.000000e+00
2.780418e-03 3.148218e-04 3.819993e-01 1.125000e+00 5.000000e-01 0.000000e+00
2.255166e-03 2.818970e-04 3.819993e-01 1.175000e+00 5.000000e-01 0.000000e+00
2.288339e-03 2.816770e-04 3.819993e-01 1.225000e+00 5.000000e-01 0.000000e+00
1.321372e-03 2.143570e-04 3.819993e-01 1.275000e+00 5.000000e-01 0.000000e+00
1.909952e-03 2.552301e-04 3.819993e-01 1.325000e+00 5.000000e-01 0.000000e+00
1.471830e-03 2.218876e-04 3.819993e-01 1.375000e+00 5.000000e-01 0.000000e+00
1.407550e-03 2.171905e-04 3.819993e-01 1.425000e+00 5.000000e-01 0.000000e+00
9.274514e-04 1.752730e-04 3.819993e-01 1.475000e+00 5.000000e-01 0.000000e+00
1.112546e-03 1.908017e-04 3.819993e-01 1.525000e+00 5.000000e-01 0.000000e+00
8.449489e-04 1.657096e-04 3.819993e-01 1.575000e+00 5.000000e-01 0.000000e+00
1.230273e-03 1.995783e-04 3.819993e-01 1.625000e+00 5.000000e-01 0.000000e+00
6.975001e-04 1.487089e-04 3.819993e-01 1.675000e+00 5.000000e-01 0.000000e+00
5.658469e-04 1.333724e-04 3.819993e-01 1.725000e+00 5.000000e-01 0.000000e+00
5.010244e-04 1.252569e-04 3.819993e-01 1.775000e+00 5.000000e-01 0.000000e+00
3.679323e-04 1.062139e-04 3.819993e-01 1.825000e+00 5.000000e-01 0.000000e+00
5.419511e-04 1.277403e-04 3.819993e-01 1.875000e+00 5.000000e-01 0.000000e+00
4.155278e-04 1.110560e-04 3.819993e-01 1.925000e+00 5.000000e-01 0.000000e+00
4.700168e-04 1.175051e-04 3.819993e-01 1.975000e+00 5.000000e-01 0.000000e+00
4.611013e-04 1.152772e-04 3.819993e-01 2.025000e+00 5.000000e-01 0.000000e+00
9.616381e-04 1.649225e-04 3.819993e-01 2.075000e+00 5.000000e-01 0.000000e+00
3.962028e-04 1.058908e-04 3.819993e-01 2.125000e+00 5.000000e-01 0.000000e+00
5.815894e-04 1.300502e-04 3.819993e-01 2.175000e+00 5.000000e-01 0.000000e+00
4.769926e-04 1.192509e-04 3.819993e-01 2.225000e+00 5.000000e-01 0.000000e+00
4.732586e-04 1.183165e-04 3.819993e-01 2.275000e+00 5.000000e-01 0.000000e+00
4.636552e-04 1.159168e-04 3.819993e-01 2.325000e+00 5.000000e-01 0.000000e+00
4.529233e-04 1.132329e-04 3.819993e-01 2.375000e+00 5.000000e-01 0.000000e+00
6.154290e-04 1.312139e-04 3.819993e-01 2.425000e+00 5.000000e-01 0.000000e+00
4.437286e-04 1.109392e-04 3.819993e-01 2.475000e+00 5.000000e-01 0.000000e+00
5.477506e-04 1.224852e-04 3.819993e-01 2.525000e+00 5.000000e-01 0.000000e+00
3.250254e-04 9.382869e-05 3.819993e-01 2.575000e+00 5.000000e-01 0.000000e+00
6.385670e-04 1.303532e-04 3.819993e-01 2.625000e+00 5.000000e-01 0.000000e+00
5.764115e-04 1.228962e-04 3.819993e-01 2.675000e+00 5.000000e-01 0.000000e+00
7.207905e-04 1.362273e-04 3.819993e-01 2.725000e+00 5.000000e-01 0.000000e+00
1.212630e-03 1.750394e-04 3.819993e-01 2.775000e+00 5.000000e-01 0.000000e+00
1.254370e-03 1.739666e-04 3.819993e-01 2.825000e+00 5.000000e-01 0.000000e+00
8.313852e-04 1.348902e-04 3.819993e-01 2.875000e+00 5.000000e-01 0.000000e+00
5.080386e-01 4.631960e-03 3.919993e-01 2.500000e-02 5.000000e-01 0.000000e+00
1.061552e-01 2.109648e-03 3.919993e-01 7.500000e-02 5.000000e-01 0.000000e+00
1.184323e-02 7.027681e-04 3.919993e-01 1.250000e-01 5.000000e-01 0.000000e+00
9.984090e-03 6.471742e-04 3.919993e-01 1.750000e-01 5.000000e-01 0.000000e+00
9.386467e-03 6.243801e-04 3.919993e-01 2.250000e-01 5.000000e-01 0.000000e+00
8.295645e-03 5.836813e-04 3.919993e-01 2.750000e-01 5.000000e-01 0.000000e+00
9.024627e-03 5.950678e-04 3.919993e-01 3.250000e-01 5.000000e-01 0.000000e+00
9.272680e-03 5.985509e-04 3.919993e-01 3.750000e-01 5.000000e-01 0.000000e+00
7.032841e-03 5.184697e-04 3.919993e-01 4.250000e-01 5.000000e-01 0.000000e+00
7.099504e-03 5.233840e-04 3.919993e-01 4.750000e-01 5.000000e-01 0.000000e+00
6.030050e-03 4.859170e-04 3.919993e-01 5.250000e-01 5.000000e-01 0.000000e+00
5.541992e-03 4.650755e-04 3.919993e-01 5.750000e-01 5.000000e-01 0.000000e+00
5.937531e-03 4.815990e-04 3.919993e-01 6.250000e-01 5.000000e-01 0.000000e+00
6.103182e-03 4.855448e-04 3.919993e-01 6.750000e-01 5.000000e-01 0.000000e+00
5.592786e-03 4.660672e-04 3.919993e-01 7.250000e-01 5.000000e-01 0.000000e+00
5.137885e-03 4.405712e-04 3.919993e-01 7.750000e-01 5.000000e-01 0.000000e+00
6.701481e-03 5.051453e-04 3.919993e-01 8.250000e-01 5.000000e-01 0.000000e+00
4.207195e-03 3.975444e-04 3.919993e-01 8.750000e-01 5.000000e-01 0.000000e+00
4.440527e-03 4.053645e-04 3.919993e-01 9.250000e-01 5.000000e-01 0.000000e+00
4.248860e-03 3.944986e-04 3.919993e-01 9.750000e-01 5.000000e-01 0.000000e+00
3.772197e-03 3.698961e-04 3.919993e-01 1.025000e+00 5.000000e-01 0.000000e+00
3.622583e-03 3.622597e-04 3.919993e-01 1.075000e+00 5.000000e-01 0.000000e+00
3.333707e-03 3.438475e-04 3.919993e-01 1.125000e+00 5.000000e-01 0.000000e+00
2.765925e-03 3.131810e-04 3.919993e-01 1.175000e+00 5.000000e-01 0.000000e+00
2.323725e-03 2.860320e-04 3.919993e-01 1.225000e+00 5.000000e-01 0.000000e+00
1.852481e-03 2.520924e-04 3.919993e-01 1.275000e+00 5.000000e-01 0.000000e+00
1.167382e-03 2.002057e-04 3.919993e-01 1.325000e+00 5.000000e-01 0.000000e+00
1.369903e-03 2.166020e-04 3.919993e-01 1.375000e+00 5.000000e-01 0.000000e+00
9.363224e-04 1.769496e-04 3.919993e-01 1.425000e+00 5.000000e-01 0.000000e+00
1.321948e-03 2.090200e-04 3.919993e-01 1.475000e+00 5.000000e-01 0.000000e+00
8.527478e-04 1.672386e-04 3.919993e-01 1.525000e+00 5.000000e-01 0.000000e+00
7.827213e-04 1.597731e-04 3.919993e-01 1.575000e+00 5.000000e-01 0.000000e+00
1.167026e-03 1.945061e-04 3.919993e-01 1.625000e+00 5.000000e-01 0.000000e+00
4.446725e-04 1.188442e-04 3.919993e-01 1.675000e+00 5.000000e-01 0.000000e+00
8.201252e-04 1.608414e-04 3.919993e-01 1.725000e+00 5.000000e-01 0.000000e+00
9.396023e-04 1.715488e-04 3.919993e-01 1.775000e+00 5.000000e-01 0.000000e+00
5.546989e-04 1.307445e-04 3.919993e-01 1.825000e+00 5.000000e-01 0.000000e+00
5.416282e-04 1.276645e-04 3.919993e-01 1.875000e+00 5.000000e-01 0.000000e+00
2.992299e-04 9.462617e-05 3.919993e-01 1.925000e+00 5.000000e-01 0.000000e+00
7.055893e-04 1.440298e-04 3.919993e-01 1.975000e+00 5.000000e-01 0.000000e+00
4.080704e-04 1.090628e-04 3.919993e-01 2.025000e+00 5.000000e-01 0.000000e+00
8.805324e-04 1.607652e-04 3.919993e-01 2.075000e+00 5.000000e-01 0.000000e+00
4.727663e-04 1.181940e-04 3.919993e-01 2.125000e+00 5.000000e-01 0.000000e+00
3.659671e-04 1.056475e-04 3.919993e-01 2.175000e+00 5.000000e-01 0.000000e+00
3.067680e-04 9.700967e-05 3.919993e-01 2.225000e+00 5.000000e-01 0.000000e+00
4.777472e-04 1.194394e-04 3.919993e-01 2.275000e+00 5.000000e-01 0.000000e+00
4.661562e-04 1.165424e-04 3.919993e-01 2.325000e+00 5.000000e-01 0.000000e+00
5.694620e-04 1.273405e-04 3.919993e-01 2.375000e+00 5.000000e-01 0.000000e+00
3.351030e-04 9.673755e-05 3.919993e-01 2.425000e+00 5.000000e-01 0.000000e+00
2.764141e-04 8.741394e-05 3.919993e-01 2.475000e+00 5.000000e-01 0.000000e+00
3.814914e-04 1.019588e-04 3.919993e-01 2.525000e+00 5.000000e-01 0.000000e+00
3.185711e-04 9.196383e-05 3.919993e-01 2.575000e+00 5.000000e-01 0.000000e+00
6.884912e-04 1.350278e-04 3.919993e-01 2.625000e+00 5.000000e-01 0.000000e+00
4.175585e-04 1.043945e-04 3.919993e-01 2.675000e+00 5.000000e-01 0.000000e+00
4.565806e-04 1.076258e-04 3.919993e-01 2.725000e+00 5.000000e-01 0.000000e+00
8.034316e-04 1.420426e-04 3.919993e-01 2.775000e+00 5.000000e-01 0.000000e+00
1.271946e-03 1.731053e-04 3.919993e-01 2.825000e+00 5.000000e-01 0.000000e+00
1.064768e-03 1.505962e-04 3.919993e-01 2.875000e+00 5.000000e-01 0.000000e+00
5.054769e-01 4.622457e-03 4.019993e-01 2.500000e-02 5.000000e-01 0.000000e+00
1.110611e-01 2.172251e-03 4.019993e-01 7.500000e-02 5.000000e-01 0.000000e+00
1.141872e-02 6.898318e-04 4.019993e-01 1.250000e-01 5.000000e-01 0.000000e+00
9.091004e-03 6.185660e-04 4.019993e-01 1.750000e-01 5.000000e-01 0.000000e+00
9.188268e-03 6.032409e-04 4.019993e-01 2.250000e-01 5.000000e-01 0.000000e+00
7.398005e-03 5.424496e-04 4.019993e-01 2.750000e-01 5.000000e-01 0.000000e+00
8.961886e-03 5.883784e-04 4.019993e-01 3.250000e-01 5.000000e-01 0.000000e+00
9.369839e-03 6.099263e-04 4.019993e-01 3.750000e-01 5.000000e-01 0.000000e+00
8.035633e-03 5.598707e-04 4.019993e-01 4.250000e-01 5.000000e-01 0.000000e+00
6.674226e-03 5.180217e-04 4.019993e-01 4.750000e-01 5.000000e-01 0.000000e+00
7.202410e-03 5.309706e-04 4.019993e-01 5.250000e-01 5.000000e-01 0.000000e+00
6.771920e-03 5.193839e-04 4.019993e-01 5.750000e-01 5.000000e-01 0.000000e+00
5.221396e-03 4.510612e-04 4.019993e-01 6.250000e-01 5.000000e-01 0.000000e+00
6.653062e-03 5.132968e-04 4.019993e-01 6.750000e-01 5.000000e-01 0.000000e+00
5.855523e-03 4.749474e-04 4.019993e-01 7.250000e-01 5.000000e-01 0.000000e+00
4.663387e-03 4.257086e-04 4.019993e-01 7.750000e-01 5.000000e-01 0.000000e+00
4.189141e-03 3.994203e-04 4.019993e-01 8.250000e-01 5.000000e-01 0.000000e+00
4.752562e-03 4.233936e-04 4.019993e-01 8.750000e-01 5.000000e-01 0.000000e+00
4.395846e-03 4.046722e-04 4.019993e-01 9.250000e-01 5.000000e-01 0.000000e+00
3.991394e-03 3.840739e-04 4.019993e-01 9.750000e-01 5.000000e-01 0.000000e+00
3.388672e-03 3.532953e-04 4.019993e-01 1.025000e+00 5.000000e-01 0.000000e+00
3.233691e-03 3.408625e-04 4.019993e-01 1.075000e+00 5.000000e-01 0.000000e+00
2.733181e-03 3.135193e-04 4.019993e-01 1.125000e+00 5.000000e-01 0.000000e+00
1.991042e-03 2.660654e-04 4.019993e-01 1.175000e+00 5.000000e-01 0.000000e+00
2.244357e-03 2.805463e-04 4.019993e-01 1.225000e+00 5.000000e-01 0.000000e+00
1.176933e-03 2.018431e-04 4.019993e-01 1.275000e+00 5.000000e-01 0.000000e+00
1.788072e-03 2.479626e-04 4.019993e-01 1.325000e+00 5.000000e-01 0.000000e+00
1.438811e-03 2.220146e-04 4.019993e-01 1.375000e+00 5.000000e-01 0.000000e+00
1.009721e-03 1.843506e-04 4.019993e-01 1.425000e+00 5.000000e-01 0.000000e+00
1.119991e-03 1.920786e-04 4.019993e-01 1.475000e+00 5.000000e-01 0.000000e+00
1.450916e-03 2.187347e-04 4.019993e-01 1.525000e+00 5.000000e-01 0.000000e+00
8.491100e-04 1.665255e-04 4.019993e-01 1.575000e+00 5.000000e-01 0.000000e+00
9.708060e-04 1.772454e-04 4.019993e-01 1.625000e+00 5.000000e-01 0.000000e+00
7.054272e-04 1.503985e-04 4.019993e-01 1.675000e+00 5.000000e-01 0.000000e+00
8.863518e-04 1.675065e-04 4.019993e-01 1.725000e+00 5.000000e-01 0.000000e+00
1.002001e-03 1.771324e-04 4.019993e-01 1.775000e+00 5.000000e-01 0.000000e+00
9.302327e-04 1.698389e-04 4.019993e-01 1.825000e+00 5.000000e-01 0.000000e+00
7.886614e-04 1.546707e-04 4.019993e-01 1.875000e+00 5.000000e-01 0.000000e+00
4.753440e-04 1.188379e-04 4.019993e-01 1.925000e+00 5.000000e-01 0.000000e+00
4.191349e-04 1.120198e-04 4.019993e-01 1.975000e+00 5.000000e-01 0.000000e+00
5.420048e-04 1.277536e-04 4.019993e-01 2.025000e+00 5.000000e-01 0.000000e+00
3.688186e-04 1.064693e-04 4.019993e-01 2.075000e+00 5.000000e-01 0.000000e+00
5.056524e-04 1.264153e-04 4.019993e-01 2.125000e+00 5.000000e-01 0.000000e+00
2.494158e-04 8.818241e-05 4.019993e-01 2.175000e+00 5.000000e-01 0.000000e+00
3.660497e-04 1.056709e-04 4.019993e-01 2.225000e+00 5.000000e-01 0.000000e+00
4.796994e-04 1.199274e-04 4.019993e-01 2.275000e+00 5.000000e-01 0.000000e+00
4.669185e-04 1.167324e-04 4.019993e-01 2.325000e+00 5.000000e-01 0.000000e+00
5.145898e-04 1.212931e-04 4.019993e-01 2.375000e+00 5.000000e-01 0.000000e+00
3.348848e-04 9.667559e-05 4.019993e-01 2.425000e+00 5.000000e-01 0.000000e+00
4.408111e-04 1.102055e-04 4.019993e-01 2.475000e+00 5.000000e-01 0.000000e+00
5.438188e-04 1.216064e-04 4.019993e-01 2.525000e+00 5.000000e-01 0.000000e+00
7.436737e-04 1.405479e-04 4.019993e-01 2.575000e+00 5.000000e-01 0.000000e+00
3.686229e-04 9.852214e-05 4.019993e-01 2.625000e+00 5.000000e-01 0.000000e+00
7.719099e-04 1.409415e-04 4.019993e-01 2.675000e+00 5.000000e-01 0.000000e+00
8.614268e-04 1.477455e-04 4.019993e-01 2.725000e+00 5.000000e-01 0.000000e+00
9.861769e-04 1.559339e-04 4.019993e-01 2.775000e+00 5.000000e-01 0.000000e+00
8.253111e-04 1.375616e-04 4.019993e-01 2.825000e+00 5.000000e-01 0.000000e+00
1.105430e-03 1.504523e-04 4.019993e-01 2.875000e+00 5.000000e-01 0.000000e+00
5.140560e-01 4.677888e-03 4.119993e-01 2.500000e-02 5.000000e-01 0.000000e+00
1.080715e-01 2.142661e-03 4.119993e-01 7.500000e-02 5.000000e-01 0.000000e+00
1.284337e-02 7.179680e-04 4.119993e-01 1.250000e-01 5.000000e-01 0.000000e+00
1.030817e-02 6.442622e-04 4.119993e-01 1.750000e-01 5.000000e-01 0.000000e+00
8.229134e-03 5.678654e-04 4.119993e-01 2.250000e-01 5.000000e-01 0.000000e+00
8.751401e-03 5.927215e-04 4.119993e-01 2.750000e-01 5.000000e-01 0.000000e+00
7.711765e-03 5.536739e-04 4.119993e-01 3.250000e-01 5.000000e-01 0.000000e+00
7.643486e-03 5.574602e-04 4.119993e-01 3.750000e-01 5.000000e-01 0.000000e+00
7.327834e-03 5.431768e-04 4.119993e-01 4.250000e-01 5.000000e-01 0.000000e+00
7.612445e-03 5.522662e-04 4.119993e-01 4.750000e-01 5.000000e-01 0.000000e+00
7.313979e-03 5.421501e-04 4.119993e-01 5.250000e-01 5.000000e-01 0.000000e+00
6.708053e-03 5.175392e-04 4.119993e-01 5.750000e-01 5.000000e-01 0.000000e+00
5.945476e-03 4.854477e-04 4.119993e-01 6.250000e-01 5.000000e-01 0.000000e+00
5.625343e-03 4.687804e-04 4.119993e-01 6.750000e-01 5.000000e-01 0.000000e+00
6.207989e-03 4.938827e-04 4.119993e-01 7.250000e-01 5.000000e-01 0.000000e+00
5.364983e-03 4.566995e-04 4.119993e-01 7.750000e-01 5.000000e-01 0.000000e+00
4.885304e-03 4.318057e-04 4.119993e-01 8.250000e-01 5.000000e-01 0.000000e+00
4.136051e-03 3.979936e-04 4.119993e-01 8.750000e-01 5.000000e-01 0.000000e+00
3.910193e-03 3.834275e-04 4.119993e-01 9.250000e-01 5.000000e-01 0.000000e+00
3.263388e-03 3.478797e-04 4.119993e-01 9.750000e-01 5.000000e-01 0.000000e+00
3.433954e-03 3.541872e-04 4.119993e-01 1.025000e+00 5.000000e-01 0.000000e+00
3.013472e-03 3.327837e-04 4.119993e-01 1.075000e+00 5.000000e-01 0.000000e+00
2.539082e-03 3.034803e-04 4.119993e-01 1.125000e+00 5.000000e-01 0.000000e+00
2.147111e-03 2.771929e-04 4.119993e-01 1.175000e+00 5.000000e-01 0.000000e+00
2.455985e-03 2.935476e-04 4.119993e-01 1.225000e+00 5.000000e-01 0.000000e+00
1.823644e-03 2.528956e-04 4.119993e-01 1.275000e+00 5.000000e-01 0.000000e+00
2.000745e-03 2.627122e-04 4.119993e-01 1.325000e+00 5.000000e-01 0.000000e+00
1.294979e-03 2.100746e-04 4.119993e-01 1.375000e+00 5.000000e-01 0.000000e+00
1.883649e-03 2.517153e-04 4.119993e-01 1.425000e+00 5.000000e-01 0.000000e+00
1.344129e-03 2.125266e-04 4.119993e-01 1.475000e+00 5.000000e-01 0.000000e+00
9.305905e-04 1.758668e-04 4.119993e-01 1.525000e+00 5.000000e-01 0.000000e+00
9.103793e-04 1.720463e-04 4.119993e-01 1.575000e+00 5.000000e-01 0.000000e+00
1.096109e-03 1.879824e-04 4.119993e-01 1.625000e+00 5.000000e-01 0.000000e+00
6.438568e-04 1.439722e-04 4.119993e-01 1.675000e+00 5.000000e-01 0.000000e+00
1.155640e-03 1.926086e-04 4.119993e-01 1.725000e+00 5.000000e-01 0.000000e+00
3.768797e-04 1.087970e-04 4.119993e-01 1.775000e+00 5.000000e-01 0.000000e+00
6.205492e-04 1.387607e-04 4.119993e-01 1.825000e+00 5.000000e-01 0.000000e+00
4.890950e-04 1.222743e-04 4.119993e-01 1.875000e+00 5.000000e-01 0.000000e+00
4.845585e-04 1.211407e-04 4.119993e-01 1.925000e+00 5.000000e-01 0.000000e+00
3.723113e-04 1.074778e-04 4.119993e-01 1.975000e+00 5.000000e-01 0.000000e+00
7.663170e-04 1.564260e-04 4.119993e-01 2.025000e+00 5.000000e-01 0.000000e+00
1.939230e-04 7.916907e-05 4.119993e-01 2.075000e+00 5.000000e-01 0.000000e+00
1.924509e-04 7.856934e-05 4.119993e-01 2.125000e+00 5.000000e-01 0.000000e+00
5.670638e-04 1.336597e-04 4.119993e-01 2.175000e+00 5.000000e-01 0.000000e+00
3.678167e-04 1.061831e-04 4.119993e-01 2.225000e+00 5.000000e-01 0.000000e+00
5.392244e-04 1.270995e-04 4.119993e-01 2.275000e+00 5.000000e-01 0.000000e+00
7.018833e-04 1.432753e-04 4.119993e-01 2.325000e+00 5.000000e-01 0.000000e+00
5.710231e-04 1.276895e-04 4.119993e-01 2.375000e+00 5.000000e-01 0.000000e+00
3.327601e-04 9.606209e-05 4.119993e-01 2.425000e+00 5.000000e-01 0.000000e+00
3.831609e-04 1.024084e-04 4.119993e-01 2.475000e+00 5.000000e-01 0.000000e+00
8.057226e-04 1.471096e-04 4.119993e-01 2.525000e+00 5.000000e-01 0.000000e+00
6.908802e-04 1.354979e-04 4.119993e-01 2.575000e+00 5.000000e-01 0.000000e+00
5.209124e-04 1.164837e-04 4.119993e-01 2.625000e+00 5.000000e-01 0.000000e+00
5.673884e-04 1.209711e-04 4.119993e-01 2.675000e+00 5.000000e-01 0.000000e+00
5.971383e-04 1.219010e-04 4.119993e-01 2.725000e+00 5.000000e-01 0.000000e+00
9.932356e-04 1.532728e-04 4.119993e-01 2.775000e+00 5.000000e-01 0.000000e+00
9.225247e-04 1.423579e-04 4.119993e-01 2.825000e+00 5.000000e-01 0.000000e+00
1.145864e-03 1.504778e-04 4.119993e-01 2.875000e+00 5.000000e-01 0.000000e+00
5.072414e-01 4.562537e-03 4.219993e-01 2.500000e-02 5.000000e-01 0.000000e+00
1.110724e-01 2.131286e-03 4.219993e-01 7.500000e-02 5.000000e-01 0.000000e+00
1.083271e-02 6.568312e-04 4.219993e-01 1.250000e-01 5.000000e-01 0.000000e+00
8.393651e-03 5.848149e-04 4.219993e-01 1.750000e-01 5.000000e-01 0.000000e+00
1.037341e-02 6.458219e-04 4.219993e-01 2.250000e-01 5.000000e-01 0.000000e+00
8.907539e-03 6.060829e-04 4.219993e-01 2.750000e-01 5.000000e-01 0.000000e+00
9.271473e-03 6.194780e-04 4.219993e-01 3.250000e-01 5.000000e-01 0.000000e+00
7.098237e-03 5.350515e-04 4.219993e-01 3.750000e-01 5.000000e-01 0.000000e+00
7.421581e-03 5.531737e-04 4.219993e-01 4.250000e-01 5.000000e-01 0.000000e+00
7.630266e-03 5.535594e-04 4.219993e-01 4.750000e-01 5.000000e-01 0.000000e+00
7.831643e-03 5.652018e-04 4.219993e-01 5.250000e-01 5.000000e-01 0.000000e+00
4.896939e-03 4.397594e-04 4.219993e-01 5.750000e-01 5.000000e-01 0.000000e+00
7.464713e-03 5.473412e-04 4.219993e-01 6.250000e-01 5.000000e-01 0.000000e+00
6.559834e-03 5.091437e-04 4.219993e-01 6.750000e-01 5.000000e-01 0.000000e+00
6.251285e-03 4.973274e-04 4.219993e-01 7.250000e-01 5.000000e-01 0.000000e+00
5.402316e-03 4.565808e-04 4.219993e-01 7.750000e-01 5.000000e-01 0.000000e+00
6.000341e-03 4.835231e-04 4.219993e-01 8.250000e-01 5.000000e-01 0.000000e+00
4.048153e-03 3.931932e-04 4.219993e-01 8.750000e-01 5.000000e-01 0.000000e+00
4.404382e-03 4.089386e-04 4.219993e-01 9.250000e-01 5.000000e-01 0.000000e+00
4.726516e-03 4.177705e-04 4.219993e-01 9.750000e-01 5.000000e-01 0.000000e+00
3.248868e-03 3.463319e-04 4.219993e-01 1.025000e+00 5.000000e-01 0.000000e+00
3.006123e-03 3.319721e-04 4.219993e-01 1.075000e+00 5.000000e-01 0.000000e+00
2.750977e-03 3.155606e-04 4.219993e-01 1.125000e+00 5.000000e-01 0.000000e+00
2.372340e-03 2.920161e-04 4.219993e-01 1.175000e+00 5.000000e-01 0.000000e+00
2.129352e-03 2.749000e-04 4.219993e-01 1.225000e+00 5.000000e-01 0.000000e+00
1.124951e-03 1.988661e-04 4.219993e-01 1.275000e+00 5.000000e-01 0.000000e+00
1.799561e-03 2.495552e-04 4.219993e-01 1.325000e+00 5.000000e-01 0.000000e+00
1.499034e-03 2.259894e-04 4.219993e-01 1.375000e+00 5.000000e-01 0.000000e+00
1.086914e-03 1.921424e-04 4.219993e-01 1.425000e+00 5.000000e-01 0.000000e+00
1.012392e-03 1.848376e-04 4.219993e-01 1.475000e+00 5.000000e-01 0.000000e+00
1.197725e-03 1.996225e-04 4.219993e-01 1.525000e+00 5.000000e-01 0.000000e+00
9.179507e-04 1.734773e-04 4.219993e-01 1.575000e+00 5.000000e-01 0.000000e+00
7.129334e-04 1.519993e-04 4.219993e-01 1.625000e+00 5.000000e-01 0.000000e+00
5.792617e-04 1.365346e-04 4.219993e-01 1.675000e+00 5.000000e-01 0.000000e+00
7.021602e-04 1.497024e-04 4.219993e-01 1.725000e+00 5.000000e-01 0.000000e+00
7.618254e-04 1.555087e-04 4.219993e-01 1.775000e+00 5.000000e-01 0.000000e+00
5.610059e-04 1.322321e-04 4.219993e-01 1.825000e+00 5.000000e-01 0.000000e+00
6.229777e-04 1.393046e-04 4.219993e-01 1.875000e+00 5.000000e-01 0.000000e+00
6.352057e-04 1.420384e-04 4.219993e-01 1.925000e+00 5.000000e-01 0.000000e+00
3.901728e-04 1.126346e-04 4.219993e-01 1.975000e+00 5.000000e-01 0.000000e+00
5.991665e-04 1.412275e-04 4.219993e-01 2.025000e+00 5.000000e-01 0.000000e+00
6.561924e-04 1.467328e-04 4.219993e-01 2.075000e+00 5.000000e-01 0.000000e+00
5.152128e-04 1.288046e-04 4.219993e-01 2.125000e+00 5.000000e-01 0.000000e+00
5.679802e-04 1.338754e-04 4.219993e-01 2.175000e+00 5.000000e-01 0.000000e+00
5.585469e-04 1.316520e-04 4.219993e-01 2.225000e+00 5.000000e-01 0.000000e+00
3.592301e-04 1.037017e-04 4.219993e-01 2.275000e+00 5.000000e-01 0.000000e+00
5.930859e-04 1.326224e-04 4.219993e-01 2.325000e+00 5.000000e-01 0.000000e+00
4.590326e-04 1.147616e-04 4.219993e-01 2.375000e+00 5.000000e-01 0.000000e+00
4.481213e-04 1.120367e-04 4.219993e-01 2.425000e+00 5.000000e-01 0.000000e+00
8.154843e-04 1.488915e-04 4.219993e-01 2.475000e+00 5.000000e-01 0.000000e+00
4.285535e-04 1.071448e-04 4.219993e-01 2.525000e+00 5.000000e-01 0.000000e+00
5.289298e-04 1.182765e-04 4.219993e-01 2.575000e+00 5.000000e-01 0.000000e+00
4.121556e-04 1.030422e-04 4.219993e-01 2.625000e+00 5.000000e-01 0.000000e+00
7.116306e-04 1.344925e-04 4.219993e-01 2.675000e+00 5.000000e-01 0.000000e+00
6.305391e-04 1.236686e-04 4.219993e-01 2.725000e+00 5.000000e-01 0.000000e+00
1.038370e-03 1.531082e-04 4.219993e-01 2.775000e+00 5.000000e-01 0.000000e+00
9.493398e-04 1.399887e-04 4.219993e-01 2.825000e+00 5.000000e-01 0.000000e+00
9.073845e-04 1.338008e-04 4.219993e-01 2.875000e+00 5.000000e-01 0.000000e+00
5.089552e-01 4.559178e-03 4.319993e-01 2.500000e-02 5.000000e-01 0.000000e+00
1.150890e-01 2.172655e-03 4.319993e-01 7.500000e-02 5.000000e-01 0.000000e+00
1.096678e-02 6.674186e-04 4.319993e-01 1.250000e-01 5.000000e-01 0.000000e+00
9.081862e-03 6.151028e-04 4.319993e-01 1.750000e-01 5.000000e-01 0.000000e+00
8.779273e-03 6.087346e-04 4.319993e-01 2.250000e-01 5.000000e-01 0.000000e+00
1.022046e-02 6.464004e-04 4.319993e-01 2.750000e-01 5.000000e-01 0.000000e+00
8.650821e-03 6.027329e-04 4.319993e-01 3.250000e-01 5.000000e-01 0.000000e+00
6.887347e-03 5.313719e-04 4.319993e-01 3.750000e-01 5.000000e-01 0.000000e+00
7.224374e-03 5.476806e-04 4.319993e-01 4.250000e-01 5.000000e-01 0.000000e+00
6.543132e-03 5.140789e-04 4.319993e-01 4.750000e-01 5.000000e-01 0.000000e+00
6.773110e-03 5.256970e-04 4.319993e-01 5.250000e-01 5.000000e-01 0.000000e+00
6.165409e-03 5.000824e-04 4.319993e-01 5.750000e-01 5.000000e-01 0.000000e+00
6.003752e-03 4.902055e-04 4.319993e-01 6.250000e-01 5.000000e-01 0.000000e+00
6.262777e-03 4.982416e-04 4.319993e-01 6.750000e-01 5.000000e-01 0.000000e+00
5.202355e-03 4.528085e-04 4.319993e-01 7.250000e-01 5.000000e-01 0.000000e+00
5.261090e-03 4.579209e-04 4.319993e-01 7.750000e-01 5.000000e-01 0.000000e+00
4.894162e-03 4.360077e-04 4.319993e-01 8.250000e-01 5.000000e-01 0.000000e+00
4.956739e-03 4.381196e-04 4.319993e-01 8.750000e-01 5.000000e-01 0.000000e+00
3.484637e-03 3.632998e-04 4.319993e-01 9.250000e-01 5.000000e-01 0.000000e+00
3.268931e-03 3.524996e-04 4.319993e-01 9.750000e-01 5.000000e-01 0.000000e+00
3.556006e-03 3.629350e-04 4.319993e-01 1.025000e+00 5.000000e-01 0.000000e+00
2.416326e-03 2.974307e-04 4.319993e-01 1.075000e+00 5.000000e-01 0.000000e+00
3.391724e-03 3.498314e-04 4.319993e-01 1.125000e+00 5.000000e-01 0.000000e+00
2.608319e-03 3.073951e-04 4.319993e-01 1.175000e+00 5.000000e-01 0.000000e+00
2.358843e-03 2.903557e-04 4.319993e-01 1.225000e+00 5.000000e-01 0.000000e+00
1.966535e-03 2.627908e-04 4.319993e-01 1.275000e+00 5.000000e-01 0.000000e+00
1.112217e-03 1.966154e-04 4.319993e-01 1.325000e+00 5.000000e-01 0.000000e+00
1.717142e-03 2.428418e-04 4.319993e-01 1.375000e+00 5.000000e-01 0.000000e+00
1.106994e-03 1.956925e-04 4.319993e-01 1.425000e+00 5.000000e-01 0.000000e+00
1.277408e-03 2.072244e-04 4.319993e-01 1.475000e+00 5.000000e-01 0.000000e+00
9.349928e-04 1.766983e-04 4.319993e-01 1.525000e+00 5.000000e-01 0.000000e+00
1.177083e-03 1.961816e-04 4.319993e-01 1.575000e+00 5.000000e-01 0.000000e+00
5.829501e-04 1.374033e-04 4.319993e-01 1.625000e+00 5.000000e-01 0.000000e+00
7.770239e-04 1.586109e-04 4.319993e-01 1.675000e+00 5.000000e-01 0.000000e+00
8.320465e-04 1.631793e-04 4.319993e-01 1.725000e+00 5.000000e-01 0.000000e+00
4.473707e-04 1.195657e-04 4.319993e-01 1.775000e+00 5.000000e-01 0.000000e+00
3.852160e-04 1.112037e-04 4.319993e-01 1.825000e+00 5.000000e-01 0.000000e+00
9.717538e-04 1.774194e-04 4.319993e-01 1.875000e+00 5.000000e-01 0.000000e+00
3.348576e-04 1.058922e-04 4.319993e-01 1.925000e+00 5.000000e-01 0.000000e+00
5.421701e-04 1.355437e-04 4.319993e-01 1.975000e+00 5.000000e-01 0.000000e+00
5.322422e-04 1.330620e-04 4.319993e-01 2.025000e+00 5.000000e-01 0.000000e+00
2.622853e-04 9.273398e-05 4.319993e-01 2.075000e+00 5.000000e-01 0.000000e+00
4.503156e-04 1.203547e-04 4.319993e-01 2.125000e+00 5.000000e-01 0.000000e+00
5.005137e-04 1.251317e-04 4.319993e-01 2.175000e+00 5.000000e-01 0.000000e+00
2.489101e-04 8.800386e-05 4.319993e-01 2.225000e+00 5.000000e-01 0.000000e+00
4.201576e-04 1.122941e-04 4.319993e-01 2.275000e+00 5.000000e-01 0.000000e+00
8.233239e-04 1.555965e-04 4.319993e-01 2.325000e+00 5.000000e-01 0.000000e+00
2.894866e-04 9.154445e-05 4.319993e-01 2.375000e+00 5.000000e-01 0.000000e+00
5.593191e-04 1.250717e-04 4.319993e-01 2.425000e+00 5.000000e-01 0.000000e+00
2.725373e-04 8.618763e-05 4.319993e-01 2.475000e+00 5.000000e-01 0.000000e+00
4.268256e-04 1.067132e-04 4.319993e-01 2.525000e+00 5.000000e-01 0.000000e+00
6.821591e-04 1.337897e-04 4.319993e-01 2.575000e+00 5.000000e-01 0.000000e+00
7.764181e-04 1.417616e-04 4.319993e-01 2.625000e+00 5.000000e-01 0.000000e+00
4.950642e-04 1.107065e-04 4.319993e-01 2.675000e+00 5.000000e-01 0.000000e+00
7.926361e-04 1.359470e-04 4.319993e-01 2.725000e+00 5.000000e-01 0.000000e+00
7.265265e-04 1.246077e-04 4.319993e-01 2.775000e+00 5.000000e-01 0.000000e+00
7.272611e-04 1.212233e-04 4.319993e-01 2.825000e+00 5.000000e-01 0.000000e+00
8.962537e-04 1.321636e-04 4.319993e-01 2.875000e+00 5.000000e-01 0.000000e+00
5.205599e-01 4.621780e-03 4.419993e-01 2.500000e-02 5.000000e-01 0.000000e+00
1.163083e-01 2.222770e-03 4.419993e-01 7.500000e-02 5.000000e-01 0.000000e+00
1.091884e-02 6.771597e-04 4.419993e-01 1.250000e-01 5.000000e-01 0.000000e+00
1.005848e-02 6.519960e-04 4.419993e-01 1.750000e-01 5.000000e-01 0.000000e+00
6.913283e-03 5.431602e-04 4.419993e-01 2.250000e-01 5.000000e-01 0.000000e+00
7.394849e-03 5.542689e-04 4.419993e-01 2.750000e-01 5.000000e-01 0.000000e+00
7.783631e-03 5.738179e-04 4.419993e-01 3.250000e-01 5.000000e-01 0.000000e+00
1.032023e-02 6.501149e-04 4.419993e-01 3.750000e-01 5.000000e-01 0.000000e+00
7.610098e-03 5.640998e-04 4.419993e-01 4.250000e-01 5.000000e-01 0.000000e+00
7.059800e-03 5.414635e-04 4.419993e-01 4.750000e-01 5.000000e-01 0.000000e+00
7.732225e-03 5.609562e-04 4.419993e-01 5.250000e-01 5.000000e-01 0.000000e+00
6.884195e-03 5.311285e-04 4.419993e-01 5.750000e-01 5.000000e-01 0.000000e+00
4.762599e-03 4.347655e-04 4.419993e-01 6.250000e-01 5.000000e-01 0.000000e+00
5.584896e-03 4.754198e-04 4.419993e-01 6.750000e-01 5.000000e-01 0.000000e+00
4.904761e-03 4.404620e-04 4.419993e-01 7.250000e-01 5.000000e-01 0.000000e+00
5.240149e-03 4.560981e-04 4.419993e-01 7.750000e-01 5.000000e-01 0.000000e+00
4.835188e-03 4.342144e-04 4.419993e-01 8.250000e-01 5.000000e-01 0.000000e+00
5.121305e-03 4.457544e-04 4.419993e-01 8.750000e-01 5.000000e-01 0.000000e+00
4.911951e-03 4.341613e-04 4.419993e-01 9.250000e-01 5.000000e-01 0.000000e+00
3.334081e-03 3.554160e-04 4.419993e-01 9.750000e-01 5.000000e-01 0.000000e+00
3.211286e-03 3.462836e-04 4.419993e-01 1.025000e+00 5.000000e-01 0.000000e+00
3.825585e-03 3.751312e-04 4.419993e-01 1.075000e+00 5.000000e-01 0.000000e+00
2.564475e-03 3.065147e-04 4.419993e-01 1.125000e+00 5.000000e-01 0.000000e+00
2.895348e-03 3.237117e-04 4.419993e-01 1.175000e+00 5.000000e-01 0.000000e+00
2.149007e-03 2.774373e-04 4.419993e-01 1.225000e+00 5.000000e-01 0.000000e+00
1.267618e-03 2.112705e-04 4.419993e-01 1.275000e+00 5.000000e-01 0.000000e+00
1.326520e-03 2.151911e-04 4.419993e-01 1.325000e+00 5.000000e-01 0.000000e+00
1.940057e-03 2.592529e-04 4.419993e-01 1.375000e+00 5.000000e-01 0.000000e+00
1.453469e-03 2.242769e-04 4.419993e-01 1.425000e+00 5.000000e-01 0.000000e+00
1.289922e-03 2.092545e-04 4.419993e-01 1.475000e+00 5.000000e-01 0.000000e+00
1.207744e-03 2.012918e-04 4.419993e-01 1.525000e+00 5.000000e-01 0.000000e+00
1.316728e-03 2.081947e-04 4.419993e-01 1.575000e+00 5.000000e-01 0.000000e+00
4.524829e-04 1.209316e-04 4.419993e-01 1.625000e+00 5.000000e-01 0.000000e+00
5.794839e-04 1.365866e-04 4.419993e-01 1.675000e+00 5.000000e-01 0.000000e+00
9.086497e-04 1.717201e-04 4.419993e-01 1.725000e+00 5.000000e-01 0.000000e+00
5.909476e-04 1.392885e-04 4.419993e-01 1.775000e+00 5.000000e-01 0.000000e+00
5.366397e-04 1.341612e-04 4.419993e-01 1.825000e+00 5.000000e-01 0.000000e+00
4.895306e-04 1.308337e-04 4.419993e-01 1.875000e+00 5.000000e-01 0.000000e+00
5.538202e-04 1.384562e-04 4.419993e-01 1.925000e+00 5.000000e-01 0.000000e+00
5.482987e-04 1.370756e-04 4.419993e-01 1.975000e+00 5.000000e-01 0.000000e+00
2.681985e-04 9.482415e-05 4.419993e-01 2.025000e+00 5.000000e-01 0.000000e+00
5.247283e-04 1.311838e-04 4.419993e-01 2.075000e+00 5.000000e-01 0.000000e+00
6.477905e-04 1.448525e-04 4.419993e-01 2.125000e+00 5.000000e-01 0.000000e+00
1.908554e-04 7.791771e-05 4.419993e-01 2.175000e+00 5.000000e-01 0.000000e+00
7.449153e-04 1.520580e-04 4.419993e-01 2.225000e+00 5.000000e-01 0.000000e+00
4.244064e-04 1.134301e-04 4.419993e-01 2.275000e+00 5.000000e-01 0.000000e+00
2.378010e-04 8.407792e-05 4.419993e-01 2.325000e+00 5.000000e-01 0.000000e+00
5.739722e-04 1.283479e-04 4.419993e-01 2.375000e+00 5.000000e-01 0.000000e+00
2.249183e-04 7.952088e-05 4.419993e-01 2.425000e+00 5.000000e-01 0.000000e+00
5.479659e-04 1.225345e-04 4.419993e-01 2.475000e+00 5.000000e-01 0.000000e+00
2.644459e-04 8.362813e-05 4.419993e-01 2.525000e+00 5.000000e-01 0.000000e+00
3.623583e-04 9.684879e-05 4.419993e-01 2.575000e+00 5.000000e-01 0.000000e+00
8.114548e-04 1.434559e-04 4.419993e-01 2.625000e+00 5.000000e-01 0.000000e+00
3.843785e-04 9.609878e-05 4.419993e-01 2.675000e+00 5.000000e-01 0.000000e+00
8.392602e-04 1.361529e-04 4.419993e-01 2.725000e+00 5.000000e-01 0.000000e+00
9.129974e-04 1.376478e-04 4.419993e-01 2.775000e+00 5.000000e-01 0.000000e+00
4.789908e-04 9.778250e-05 4.419993e-01 2.825000e+00 5.000000e-01 0.000000e+00
1.392556e-03 1.641396e-04 4.419993e-01 2.875000e+00 5.000000e-01 0.000000e+00
4.984906e-01 4.646035e-03 4.519992e-01 2.500000e-02 5.000000e-01 0.000000e+00
1.192359e-01 2.258194e-03 4.519992e-01 7.500000e-02 5.000000e-01 0.000000e+00
1.176050e-02 7.104798e-04 4.519992e-01 1.250000e-01 5.000000e-01 0.000000e+00
8.334218e-03 5.953024e-04 4.519992e-01 1.750000e-01 5.000000e-01 0.000000e+00
8.702115e-03 6.122804e-04 4.519992e-01 2.250000e-01 5.000000e-01 0.000000e+00
7.842282e-03 5.719587e-04 4.519992e-01 2.750000e-01 5.000000e-01 0.000000e+00
6.827607e-03 5.364289e-04 4.519992e-01 3.250000e-01 5.000000e-01 0.000000e+00
8.434307e-03 5.994017e-04 4.519992e-01 3.750000e-01 5.000000e-01 0.000000e+00
6.891123e-03 5.316635e-04 4.519992e-01 4.250000e-01 5.000000e-01 0.000000e+00
6.402461e-03 5.193100e-04 4.519992e-01 4.750000e-01 5.000000e-01 0.000000e+00
6.945376e-03 5.295816e-04 4.519992e-01 5.250000e-01 5.000000e-01 0.000000e+00
8.278155e-03 5.824509e-04 4.519992e-01 5.750000e-01 5.000000e-01 0.000000e+00
5.825920e-03 4.854950e-04 4.519992e-01 6.250000e-01 5.000000e-01 0.000000e+00
6.732871e-03 5.194540e-04 4.519992e-01 6.750000e-01 5.000000e-01 0.000000e+00
6.483958e-03 5.094296e-04 4.519992e-01 7.250000e-01 5.000000e-01 0.000000e+00
3.440280e-03 3.667368e-04 4.519992e-01 7.750000e-01 5.000000e-01 0.000000e+00
3.986912e-03 3.986927e-04 4.519992e-01 8.250000e-01 5.000000e-01 0.000000e+00
3.887187e-03 3.887204e-04 4.519992e-01 8.750000e-01 5.000000e-01 0.000000e+00
4.054523e-03 3.975806e-04 4.519992e-01 9.250000e-01 5.000000e-01 0.000000e+00
3.591477e-03 3.665553e-04 4.519992e-01 9.750000e-01 5.000000e-01 0.000000e+00
3.167299e-03 3.455820e-04 4.519992e-01 1.025000e+00 5.000000e-01 0.000000e+00
3.033374e-03 3.349816e-04 4.519992e-01 1.075000e+00 5.000000e-01 0.000000e+00
2.891087e-03 3.273524e-04 4.519992e-01 1.125000e+00 5.000000e-01 0.000000e+00
2.541709e-03 3.037940e-04 4.519992e-01 1.175000e+00 5.000000e-01 0.000000e+00
2.157730e-03 2.785632e-04 4.519992e-01 1.225000e+00 5.000000e-01 0.000000e+00
1.412356e-03 2.233150e-04 4.519992e-01 1.275000e+00 5.000000e-01 0.000000e+00
1.752219e-03 2.478024e-04 4.519992e-01 1.325000e+00 5.000000e-01 0.000000e+00
1.542617e-03 2.325601e-04 4.519992e-01 1.375000e+00 5.000000e-01 0.000000e+00
1.176708e-03 2.018053e-04 4.519992e-01 1.425000e+00 5.000000e-01 0.000000e+00
1.090251e-03 1.927321e-04 4.519992e-01 1.475000e+00 5.000000e-01 0.000000e+00
6.730628e-04 1.505023e-04 4.519992e-01 1.525000e+00 5.000000e-01 0.000000e+00
9.232720e-04 1.744833e-04 4.519992e-01 1.575000e+00 5.000000e-01 0.000000e+00
1.440248e-03 2.171271e-04 4.519992e-01 1.625000e+00 5.000000e-01 0.000000e+00
7.170089e-04 1.528682e-04 4.519992e-01 1.675000e+00 5.000000e-01 0.000000e+00
5.392361e-04 1.348109e-04 4.519992e-01 1.725000e+00 5.000000e-01 0.000000e+00
3.473247e-04 1.098345e-04 4.519992e-01 1.775000e+00 5.000000e-01 0.000000e+00
6.410530e-04 1.510998e-04 4.519992e-01 1.825000e+00 5.000000e-01 0.000000e+00
4.274140e-04 1.233851e-04 4.519992e-01 1.875000e+00 5.000000e-01 0.000000e+00
4.886484e-04 1.305973e-04 4.519992e-01 1.925000e+00 5.000000e-01 0.000000e+00
6.163909e-04 1.452868e-04 4.519992e-01 1.975000e+00 5.000000e-01 0.000000e+00
5.399036e-04 1.349776e-04 4.519992e-01 2.025000e+00 5.000000e-01 0.000000e+00
2.646865e-04 9.358230e-05 4.519992e-01 2.075000e+00 5.000000e-01 0.000000e+00
5.217198e-04 1.304329e-04 4.519992e-01 2.125000e+00 5.000000e-01 0.000000e+00
3.164742e-04 1.000805e-04 4.519992e-01 2.175000e+00 5.000000e-01 0.000000e+00
1.857879e-04 7.584933e-05 4.519992e-01 2.225000e+00 5.000000e-01 0.000000e+00
4.867916e-04 1.217001e-04 4.519992e-01 2.275000e+00 5.000000e-01 0.000000e+00
7.724286e-04 1.514890e-04 4.519992e-01 2.325000e+00 5.000000e-01 0.000000e+00
2.882581e-04 9.115875e-05 4.519992e-01 2.375000e+00 5.000000e-01 0.000000e+00
5.076891e-04 1.196654e-04 4.519992e-01 2.425000e+00 5.000000e-01 0.000000e+00
4.410664e-04 1.102684e-04 4.519992e-01 2.475000e+00 5.000000e-01 0.000000e+00
5.280007e-04 1.180684e-04 4.519992e-01 2.525000e+00 5.000000e-01 0.000000e+00
4.149060e-04 1.037283e-04 4.519992e-01 2.575000e+00 5.000000e-01 0.000000e+00
6.351342e-04 1.245658e-04 4.519992e-01 2.625000e+00 5.000000e-01 0.000000e+00
5.449084e-04 1.112334e-04 4.519992e-01 2.675000e+00 5.000000e-01 0.000000e+00
6.373357e-04 1.163689e-04 4.519992e-01 2.725000e+00 5.000000e-01 0.000000e+00
7.357291e-04 1.226287e-04 4.519992e-01 2.775000e+00 5.000000e-01 0.000000e+00
7.529309e-04 1.221528e-04 4.519992e-01 2.825000e+00 5.000000e-01 0.000000e+00
6.680537e-04 1.145820e-04 4.519992e-01 2.875000e+00 5.000000e-01 0.000000e+00
5.027805e-01 4.660182e-03 4.619992e-01 2.500000e-02 5.000000e-01 0.000000e+00
1.145551e-01 2.235465e-03 4.619992e-01 7.500000e-02 5.000000e-01 0.000000e+00
1.101493e-02 6.911402e-04 4.619992e-01 1.250000e-01 5.000000e-01 0.000000e+00
9.198815e-03 6.259017e-04 4.619992e-01 1.750000e-01 5.000000e-01 0.000000e+00
8.360638e-03 6.002608e-04 4.619992e-01 2.250000e-01 5.000000e-01 0.000000e+00
7.949802e-03 5.767408e-04 4.619992e-01 2.750000e-01 5.000000e-01 0.000000e+00
8.572872e-03 6.031872e-04 4.619992e-01 3.250000e-01 5.000000e-01 0.000000e+00
8.948540e-03 6.175096e-04 4.619992e-01 3.750000e-01 5.000000e-01 0.000000e+00
6.532191e-03 5.196746e-04 4.619992e-01 4.250000e-01 5.000000e-01 0.000000e+00
7.690049e-03 5.669196e-04 4.619992e-01 4.750000e-01 5.000000e-01 0.000000e+00
6.699019e-03 5.263264e-04 4.619992e-01 5.250000e-01 5.000000e-01 0.000000e+00
6.432820e-03 5.150394e-04 4.619992e-01 5.750000e-01 5.000000e-01 0.000000e+00
7.611371e-03 5.580945e-04 4.619992e-01 6.250000e-01 5.000000e-01 0.000000e+00
5.888408e-03 4.840260e-04 4.619992e-01 6.750000e-01 5.000000e-01 0.000000e+00
6.456206e-03 5.072496e-04 4.619992e-01 7.250000e-01 5.000000e-01 0.000000e+00
6.258557e-03 4.979062e-04 4.619992e-01 7.750000e-01 5.000000e-01 0.000000e+00
5.023404e-03 4.475223e-04 4.619992e-01 8.250000e-01 5.000000e-01 0.000000e+00
4.020299e-03 3.980705e-04 4.619992e-01 8.750000e-01 5.000000e-01 0.000000e+00
3.999953e-03 3.922292e-04 4.619992e-01 9.250000e-01 5.000000e-01 0.000000e+00
3.655430e-03 3.730828e-04 4.619992e-01 9.750000e-01 5.000000e-01 0.000000e+00
3.750891e-03 3.750905e-04 4.619992e-01 1.025000e+00 5.000000e-01 0.000000e+00
2.999497e-03 3.353553e-04 4.619992e-01 1.075000e+00 5.000000e-01 0.000000e+00
2.302040e-03 2.923608e-04 4.619992e-01 1.125000e+00 5.000000e-01 0.000000e+00
2.779270e-03 3.188054e-04 4.619992e-01 1.175000e+00 5.000000e-01 0.000000e+00
1.872576e-03 2.596809e-04 4.619992e-01 1.225000e+00 5.000000e-01 0.000000e+00
2.345235e-03 2.886801e-04 4.619992e-01 1.275000e+00 5.000000e-01 0.000000e+00
1.693041e-03 2.443711e-04 4.619992e-01 1.325000e+00 5.000000e-01 0.000000e+00
1.123335e-03 1.985813e-04 4.619992e-01 1.375000e+00 5.000000e-01 0.000000e+00
1.043613e-03 1.905382e-04 4.619992e-01 1.425000e+00 5.000000e-01 0.000000e+00
1.296248e-03 2.102806e-04 4.619992e-01 1.475000e+00 5.000000e-01 0.000000e+00
8.128270e-04 1.659188e-04 4.619992e-01 1.525000e+00 5.000000e-01 0.000000e+00
8.004994e-04 1.634027e-04 4.619992e-01 1.575000e+00 5.000000e-01 0.000000e+00
6.036644e-04 1.422861e-04 4.619992e-01 1.625000e+00 5.000000e-01 0.000000e+00
1.561293e-03 2.302020e-04 4.619992e-01 1.675000e+00 5.000000e-01 0.000000e+00
5.599064e-04 1.399780e-04 4.619992e-01 1.725000e+00 5.000000e-01 0.000000e+00
3.579539e-04 1.131974e-04 4.619992e-01 1.775000e+00 5.000000e-01 0.000000e+00
1.002521e-03 1.894603e-04 4.619992e-01 1.825000e+00 5.000000e-01 0.000000e+00
7.054777e-04 1.577515e-04 4.619992e-01 1.875000e+00 5.000000e-01 0.000000e+00
5.561387e-04 1.390373e-04 4.619992e-01 1.925000e+00 5.000000e-01 0.000000e+00
7.511147e-04 1.601399e-04 4.619992e-01 1.975000e+00 5.000000e-01 0.000000e+00
2.012234e-04 8.215026e-05 4.619992e-01 2.025000e+00 5.000000e-01 0.000000e+00
3.932228e-04 1.135150e-04 4.619992e-01 2.075000e+00 5.000000e-01 0.000000e+00
2.602366e-04 9.200785e-05 4.619992e-01 2.125000e+00 5.000000e-01 0.000000e+00
5.689302e-04 1.340993e-04 4.619992e-01 2.175000e+00 5.000000e-01 0.000000e+00
5.026900e-04 1.256749e-04 4.619992e-01 2.225000e+00 5.000000e-01 0.000000e+00
4.214555e-04 1.126401e-04 4.619992e-01 2.275000e+00 5.000000e-01 0.000000e+00
4.799731e-04 1.199980e-04 4.619992e-01 2.325000e+00 5.000000e-01 0.000000e+00
4.641364e-04 1.160359e-04 4.619992e-01 2.375000e+00 5.000000e-01 0.000000e+00
3.945011e-04 1.054368e-04 4.619992e-01 2.425000e+00 5.000000e-01 0.000000e+00
7.141418e-04 1.400576e-04 4.619992e-01 2.475000e+00 5.000000e-01 0.000000e+00
8.443779e-04 1.492697e-04 4.619992e-01 2.525000e+00 5.000000e-01 0.000000e+00
6.990216e-04 1.321073e-04 4.619992e-01 2.575000e+00 5.000000e-01 0.000000e+00
8.425423e-04 1.404275e-04 4.619992e-01 2.625000e+00 5.000000e-01 0.000000e+00
9.973845e-04 1.470640e-04 4.619992e-01 2.675000e+00 5.000000e-01 0.000000e+00
8.852870e-04 1.366105e-04 4.619992e-01 2.725000e+00 5.000000e-01 0.000000e+00
9.780192e-04 1.411771e-04 4.619992e-01 2.775000e+00 5.000000e-01 0.000000e+00
9.573622e-04 1.381993e-04 4.619992e-01 2.825000e+00 5.000000e-01 0.000000e+00
9.596588e-04 1.415119e-04 4.619992e-01 2.875000e+00 5.000000e-01 0.000000e+00
5.087867e-01 4.756064e-03 4.719992e-01 2.500000e-02 5.000000e-01 0.000000e+00
1.040905e-01 2.136346e-03 4.719992e-01 7.500000e-02 5.000000e-01 0.000000e+00
1.115989e-02 6.974952e-04 4.719992e-01 1.250000e-01 5.000000e-01 0.000000e+00
7.498810e-03 5.652454e-04 4.719992e-01 1.750000e-01 5.000000e-01 0.000000e+00
7.965167e-03 5.872017e-04 4.719992e-01 2.250000e-01 5.000000e-01 0.000000e+00
8.606337e-03 6.116273e-04 4.719992e-01 2.750000e-01 5.000000e-01 0.000000e+00
8.073587e-03 5.796517e-04 4.719992e-01 3.250000e-01 5.000000e-01 0.000000e+00
8.934023e-03 6.165081e-04 4.719992e-01 3.750000e-01 5.000000e-01 0.000000e+00
7.393720e-03 5.541844e-04 4.719992e-01 4.250000e-01 5.000000e-01 0.000000e+00
6.305469e-03 5.148408e-04 4.719992e-01 4.750000e-01 5.000000e-01 0.000000e+00
5.606029e-03 4.879435e-04 4.719992e-01 5.250000e-01 5.000000e-01 0.000000e+00
6.593753e-03 5.148874e-04 4.719992e-01 5.750000e-01 5.000000e-01 0.000000e+00
5.083476e-03 4.565110e-04 4.719992e-01 6.250000e-01 5.000000e-01 0.000000e+00
4.999746e-03 4.489920e-04 4.719992e-01 6.750000e-01 5.000000e-01 0.000000e+00
6.093076e-03 4.942158e-04 4.719992e-01 7.250000e-01 5.000000e-01 0.000000e+00
5.860671e-03 4.883913e-04 4.719992e-01 7.750000e-01 5.000000e-01 0.000000e+00
5.313720e-03 4.556497e-04 4.719992e-01 8.250000e-01 5.000000e-01 0.000000e+00
4.352717e-03 4.150168e-04 4.719992e-01 8.750000e-01 5.000000e-01 0.000000e+00
4.336484e-03 4.097611e-04 4.719992e-01 9.250000e-01 5.000000e-01 0.000000e+00
4.058528e-03 3.942008e-04 4.719992e-01 9.750000e-01 5.000000e-01 0.000000e+00
3.381880e-03 3.605114e-04 4.719992e-01 1.025000e+00 5.000000e-01 0.000000e+00
2.692335e-03 3.172964e-04 4.719992e-01 1.075000e+00 5.000000e-01 0.000000e+00
2.697049e-03 3.178520e-04 4.719992e-01 1.125000e+00 5.000000e-01 0.000000e+00
2.108869e-03 2.769096e-04 4.719992e-01 1.175000e+00 5.000000e-01 0.000000e+00
1.897785e-03 2.631775e-04 4.719992e-01 1.225000e+00 5.000000e-01 0.000000e+00
1.638157e-03 2.415347e-04 4.719992e-01 1.275000e+00 5.000000e-01 0.000000e+00
1.565180e-03 2.359614e-04 4.719992e-01 1.325000e+00 5.000000e-01 0.000000e+00
9.209303e-04 1.806102e-04 4.719992e-01 1.375000e+00 5.000000e-01 0.000000e+00
1.109261e-03 1.960931e-04 4.719992e-01 1.425000e+00 5.000000e-01 0.000000e+00
8.295145e-04 1.693253e-04 4.719992e-01 1.475000e+00 5.000000e-01 0.000000e+00
6.094705e-04 1.436541e-04 4.719992e-01 1.525000e+00 5.000000e-01 0.000000e+00
9.057736e-04 1.776384e-04 4.719992e-01 1.575000e+00 5.000000e-01 0.000000e+00
7.679233e-04 1.637232e-04 4.719992e-01 1.625000e+00 5.000000e-01 0.000000e+00
5.874209e-04 1.468565e-04 4.719992e-01 1.675000e+00 5.000000e-01 0.000000e+00
1.020159e-03 1.927937e-04 4.719992e-01 1.725000e+00 5.000000e-01 0.000000e+00
7.215436e-04 1.613449e-04 4.719992e-01 1.775000e+00 5.000000e-01 0.000000e+00
3.572927e-04 1.129871e-04 4.719992e-01 1.825000e+00 5.000000e-01 0.000000e+00
3.549361e-04 1.122409e-04 4.719992e-01 1.875000e+00 5.000000e-01 0.000000e+00
7.623258e-04 1.625300e-04 4.719992e-01 1.925000e+00 5.000000e-01 0.000000e+00
4.821867e-04 1.288719e-04 4.719992e-01 1.975000e+00 5.000000e-01 0.000000e+00
4.739851e-04 1.266792e-04 4.719992e-01 2.025000e+00 5.000000e-01 0.000000e+00
3.304507e-04 1.044998e-04 4.719992e-01 2.075000e+00 5.000000e-01 0.000000e+00
3.929261e-04 1.134302e-04 4.719992e-01 2.125000e+00 5.000000e-01 0.000000e+00
3.184828e-04 1.007137e-04 4.719992e-01 2.175000e+00 5.000000e-01 0.000000e+00
2.489952e-04 8.803450e-05 4.719992e-01 2.225000e+00 5.000000e-01 0.000000e+00
6.066881e-04 1.356628e-04 4.719992e-01 2.275000e+00 5.000000e-01 0.000000e+00
5.395779e-04 1.271834e-04 4.719992e-01 2.325000e+00 5.000000e-01 0.000000e+00
5.775070e-04 1.291374e-04 4.719992e-01 2.375000e+00 5.000000e-01 0.000000e+00
5.098520e-04 1.201770e-04 4.719992e-01 2.425000e+00 5.000000e-01 0.000000e+00
6.600164e-04 1.347278e-04 4.719992e-01 2.475000e+00 5.000000e-01 0.000000e+00
6.239165e-04 1.273592e-04 4.719992e-01 2.525000e+00 5.000000e-01 0.000000e+00
3.344382e-04 8.938492e-05 4.719992e-01 2.575000e+00 5.000000e-01 0.000000e+00
8.883958e-04 1.404762e-04 4.719992e-01 2.625000e+00 5.000000e-01 0.000000e+00
9.030947e-04 1.393615e-04 4.719992e-01 2.675000e+00 5.000000e-01 0.000000e+00
8.349926e-04 1.320335e-04 4.719992e-01 2.725000e+00 5.000000e-01 0.000000e+00
6.970022e-04 1.195432e-04 4.719992e-01 2.775000e+00 5.000000e-01 0.000000e+00
7.157503e-04 1.227637e-04 4.719992e-01 2.825000e+00 5.000000e-01 0.000000e+00
1.417345e-03 1.771927e-04 4.719992e-01 2.875000e+00 5.000000e-01 0.000000e+00
4.965942e-01 4.708809e-03 4.819992e-01 2.500000e-02 5.000000e-01 0.000000e+00
1.141936e-01 2.237804e-03 4.819992e-01 7.500000e-02 5.000000e-01 0.000000e+00
1.014113e-02 6.686879e-04 4.819992e-01 1.250000e-01 5.000000e-01 0.000000e+00
8.215297e-03 5.960019e-04 4.819992e-01 1.750000e-01 5.000000e-01 0.000000e+00
7.991838e-03 5.891675e-04 4.819992e-01 2.250000e-01 5.000000e-01 0.000000e+00
9.080939e-03 6.266461e-04 4.819992e-01 2.750000e-01 5.000000e-01 0.000000e+00
7.797723e-03 5.687087e-04 4.819992e-01 3.250000e-01 5.000000e-01 0.000000e+00
8.416692e-03 6.011939e-04 4.819992e-01 3.750000e-01 5.000000e-01 0.000000e+00
7.047314e-03 5.503042e-04 4.819992e-01 4.250000e-01 5.000000e-01 0.000000e+00
7.579087e-03 5.587392e-04 4.819992e-01 4.750000e-01 5.000000e-01 0.000000e+00
7.088636e-03 5.469015e-04 4.819992e-01 5.250000e-01 5.000000e-01 0.000000e+00
6.209948e-03 5.036951e-04 4.819992e-01 5.750000e-01 5.000000e-01 0.000000e+00
6.603282e-03 5.188045e-04 4.819992e-01 6.250000e-01 5.000000e-01 0.000000e+00
3.798631e-03 3.960360e-04 4.819992e-01 6.750000e-01 5.000000e-01 0.000000e+00
4.242271e-03 4.120474e-04 4.819992e-01 7.250000e-01 5.000000e-01 0.000000e+00
4.522450e-03 4.273330e-04 4.819992e-01 7.750000e-01 5.000000e-01 0.000000e+00
5.067741e-03 4.479310e-04 4.819992e-01 8.250000e-01 5.000000e-01 0.000000e+00
3.356132e-03 3.619027e-04 4.819992e-01 8.750000e-01 5.000000e-01 0.000000e+00
4.157426e-03 4.038063e-04 4.819992e-01 9.250000e-01 5.000000e-01 0.000000e+00
3.409181e-03 3.634212e-04 4.819992e-01 9.750000e-01 5.000000e-01 0.000000e+00
3.644825e-03 3.759372e-04 4.819992e-01 1.025000e+00 5.000000e-01 0.000000e+00
3.860154e-03 3.822142e-04 4.819992e-01 1.075000e+00 5.000000e-01 0.000000e+00
2.536938e-03 3.076509e-04 4.819992e-01 1.125000e+00 5.000000e-01 0.000000e+00
2.282943e-03 2.899355e-04 4.819992e-01 1.175000e+00 5.000000e-01 0.000000e+00
2.383322e-03 2.933682e-04 4.819992e-01 1.225000e+00 5.000000e-01 0.000000e+00
1.365160e-03 2.214591e-04 4.819992e-01 1.275000e+00 5.000000e-01 0.000000e+00
1.206100e-03 2.068453e-04 4.819992e-01 1.325000e+00 5.000000e-01 0.000000e+00
1.643162e-03 2.422726e-04 4.819992e-01 1.375000e+00 5.000000e-01 0.000000e+00
1.190349e-03 2.041449e-04 4.819992e-01 1.425000e+00 5.000000e-01 0.000000e+00
9.140826e-04 1.792677e-04 4.819992e-01 1.475000e+00 5.000000e-01 0.000000e+00
1.218483e-03 2.089703e-04 4.819992e-01 1.525000e+00 5.000000e-01 0.000000e+00
6.540721e-04 1.541672e-04 4.819992e-01 1.575000e+00 5.000000e-01 0.000000e+00
6.777192e-04 1.597415e-04 4.819992e-01 1.625000e+00 5.000000e-01 0.000000e+00
6.696170e-04 1.578319e-04 4.819992e-01 1.675000e+00 5.000000e-01 0.000000e+00
8.834549e-04 1.803361e-04 4.819992e-01 1.725000e+00 5.000000e-01 0.000000e+00
5.051606e-04 1.350115e-04 4.819992e-01 1.775000e+00 5.000000e-01 0.000000e+00
6.450741e-04 1.520468e-04 4.819992e-01 1.825000e+00 5.000000e-01 0.000000e+00
4.260448e-04 1.229896e-04 4.819992e-01 1.875000e+00 5.000000e-01 0.000000e+00
6.282068e-04 1.480713e-04 4.819992e-01 1.925000e+00 5.000000e-01 0.000000e+00
6.228071e-04 1.467984e-04 4.819992e-01 1.975000e+00 5.000000e-01 0.000000e+00
6.124970e-04 1.443688e-04 4.819992e-01 2.025000e+00 5.000000e-01 0.000000e+00
3.323730e-04 1.051065e-04 4.819992e-01 2.075000e+00 5.000000e-01 0.000000e+00
7.809369e-04 1.594107e-04 4.819992e-01 2.125000e+00 5.000000e-01 0.000000e+00
6.381699e-04 1.427033e-04 4.819992e-01 2.175000e+00 5.000000e-01 0.000000e+00
5.632300e-04 1.327578e-04 4.819992e-01 2.225000e+00 5.000000e-01 0.000000e+00
8.566984e-04 1.619048e-04 4.819992e-01 2.275000e+00 5.000000e-01 0.000000e+00
4.763584e-04 1.190928e-04 4.819992e-01 2.325000e+00 5.000000e-01 0.000000e+00
5.215249e-04 1.229301e-04 4.819992e-01 2.375000e+00 5.000000e-01 0.000000e+00
5.091077e-04 1.200002e-04 4.819992e-01 2.425000e+00 5.000000e-01 0.000000e+00
5.353483e-04 1.197104e-04 4.819992e-01 2.475000e+00 5.000000e-01 0.000000e+00
4.495413e-04 1.059610e-04 4.819992e-01 2.525000e+00 5.000000e-01 0.000000e+00
5.465501e-04 1.115695e-04 4.819992e-01 2.575000e+00 5.000000e-01 0.000000e+00
5.255595e-04 1.072865e-04 4.819992e-01 2.625000e+00 5.000000e-01 0.000000e+00
5.552307e-04 1.088966e-04 4.819992e-01 2.675000e+00 5.000000e-01 0.000000e+00
9.599464e-04 1.415437e-04 4.819992e-01 2.725000e+00 5.000000e-01 0.000000e+00
9.378451e-04 1.413997e-04 4.819992e-01 2.775000e+00 5.000000e-01 0.000000e+00
8.101348e-04 1.350385e-04 4.819992e-01 2.825000e+00 5.000000e-01 0.000000e+00
1.234402e-03 1.712051e-04 4.819992e-01 2.875000e+00 5.000000e-01 0.000000e+00
4.963907e-01 4.702232e-03 4.919992e-01 2.500000e-02 5.000000e-01 0.000000e+00
1.151409e-01 2.265959e-03 4.919992e-01 7.500000e-02 5.000000e-01 0.000000e+00
1.110839e-02 6.997647e-04 4.919992e-01 1.250000e-01 5.000000e-01 0.000000e+00
9.784483e-03 6.508556e-04 4.919992e-01 1.750000e-01 5.000000e-01 0.000000e+00
8.183393e-03 5.968370e-04 4.919992e-01 2.250000e-01 5.000000e-01 0.000000e+00
7.523829e-03 5.703815e-04 4.919992e-01 2.750000e-01 5.000000e-01 0.000000e+00
7.708751e-03 5.714121e-04 4.919992e-01 3.250000e-01 5.000000e-01 0.000000e+00
8.061548e-03 5.911030e-04 4.919992e-01 3.750000e-01 5.000000e-01 0.000000e+00
7.998622e-03 5.864893e-04 4.919992e-01 4.250000e-01 5.000000e-01 0.000000e+00
5.792252e-03 4.895360e-04 4.919992e-01 4.750000e-01 5.000000e-01 0.000000e+00
5.873137e-03 4.963724e-04 4.919992e-01 5.250000e-01 5.000000e-01 0.000000e+00
6.021664e-03 5.018070e-04 4.919992e-01 5.750000e-01 5.000000e-01 0.000000e+00
6.176677e-03 5.009964e-04 4.919992e-01 6.250000e-01 5.000000e-01 0.000000e+00
5.184230e-03 4.618494e-04 4.919992e-01 6.750000e-01 5.000000e-01 0.000000e+00
4.903801e-03 4.476553e-04 4.919992e-01 7.250000e-01 5.000000e-01 0.000000e+00
5.612480e-03 4.709904e-04 4.919992e-01 7.750000e-01 5.000000e-01 0.000000e+00
5.267165e-03 4.584501e-04 4.919992e-01 8.250000e-01 5.000000e-01 0.000000e+00
5.337123e-03 4.576567e-04 4.919992e-01 8.750000e-01 5.000000e-01 0.000000e+00
3.819684e-03 3.858482e-04 4.919992e-01 9.250000e-01 5.000000e-01 0.000000e+00
4.362260e-03 4.159272e-04 4.919992e-01 9.750000e-01 5.000000e-01 0.000000e+00
3.170736e-03 3.501509e-04 4.919992e-01 1.025000e+00 5.000000e-01 0.000000e+00
2.286409e-03 2.951755e-04 4.919992e-01 1.075000e+00 5.000000e-01 0.000000e+00
2.039335e-03 2.775199e-04 4.919992e-01 1.125000e+00 5.000000e-01 0.000000e+00
2.197044e-03 2.836386e-04 4.919992e-01 1.175000e+00 5.000000e-01 0.000000e+00
2.642687e-03 3.114456e-04 4.919992e-01 1.225000e+00 5.000000e-01 0.000000e+00
2.011013e-03 2.687345e-04 4.919992e-01 1.275000e+00 5.000000e-01 0.000000e+00
1.628045e-03 2.400436e-04 4.919992e-01 1.325000e+00 5.000000e-01 0.000000e+00
1.138787e-03 2.013122e-04 4.919992e-01 1.375000e+00 5.000000e-01 0.000000e+00
7.897796e-04 1.683829e-04 4.919992e-01 1.425000e+00 5.000000e-01 0.000000e+00
1.626937e-03 2.452722e-04 4.919992e-01 1.475000e+00 5.000000e-01 0.000000e+00
1.293418e-03 2.218204e-04 4.919992e-01 1.525000e+00 5.000000e-01 0.000000e+00
7.746607e-04 1.732214e-04 4.919992e-01 1.575000e+00 5.000000e-01 0.000000e+00
1.067369e-03 2.017155e-04 4.919992e-01 1.625000e+00 5.000000e-01 0.000000e+00
5.985012e-04 1.496271e-04 4.919992e-01 1.675000e+00 5.000000e-01 0.000000e+00
8.172884e-04 1.742479e-04 4.919992e-01 1.725000e+00 5.000000e-01 0.000000e+00
5.805719e-04 1.451437e-04 4.919992e-01 1.775000e+00 5.000000e-01 0.000000e+00
2.855169e-04 1.009459e-04 4.919992e-01 1.825000e+00 5.000000e-01 0.000000e+00
7.076709e-04 1.582421e-04 4.919992e-01 1.875000e+00 5.000000e-01 0.000000e+00
2.789110e-04 9.861092e-05 4.919992e-01 1.925000e+00 5.000000e-01 0.000000e+00
5.500002e-04 1.375013e-04 4.919992e-01 1.975000e+00 5.000000e-01 0.000000e+00
7.463469e-04 1.591233e-04 4.919992e-01 2.025000e+00 5.000000e-01 0.000000e+00
5.327428e-04 1.331883e-04 4.919992e-01 2.075000e+00 5.000000e-01 0.000000e+00
9.188798e-04 1.736538e-04 4.919992e-01 2.125000e+00 5.000000e-01 0.000000e+00
5.734590e-04 1.351688e-04 4.919992e-01 2.175000e+00 5.000000e-01 0.000000e+00
8.147469e-04 1.597882e-04 4.919992e-01 2.225000e+00 5.000000e-01 0.000000e+00
3.050495e-04 9.646552e-05 4.919992e-01 2.275000e+00 5.000000e-01 0.000000e+00
5.974139e-04 1.335889e-04 4.919992e-01 2.325000e+00 5.000000e-01 0.000000e+00
3.491067e-04 1.007823e-04 4.919992e-01 2.375000e+00 5.000000e-01 0.000000e+00
5.529661e-04 1.236498e-04 4.919992e-01 2.425000e+00 5.000000e-01 0.000000e+00
4.133145e-04 1.033306e-04 4.919992e-01 2.475000e+00 5.000000e-01 0.000000e+00
4.255689e-04 1.003123e-04 4.919992e-01 2.525000e+00 5.000000e-01 0.000000e+00
7.230847e-04 1.278308e-04 4.919992e-01 2.575000e+00 5.000000e-01 0.000000e+00
6.122845e-04 1.157177e-04 4.919992e-01 2.625000e+00 5.000000e-01 0.000000e+00
6.833014e-04 1.207981e-04 4.919992e-01 2.675000e+00 5.000000e-01 0.000000e+00
5.180007e-04 1.057409e-04 4.919992e-01 2.725000e+00 5.000000e-01 0.000000e+00
8.176935e-04 1.363006e-04 4.919992e-01 2.775000e+00 5.000000e-01 0.000000e+00
1.104649e-03 1.628848e-04 4.919992e-01 2.825000e+00 5.000000e-01 0.000000e+00
1.025849e-03 1.622164e-04 4.919992e-01 2.875000e+00 5.000000e-01 0.000000e+00
5.107050e-01 4.815840e-03 5.019992e-01 2.500000e-02 5.000000e-01 0.000000e+00
1.129258e-01 2.242432e-03 5.019992e-01 7.500000e-02 5.000000e-01 0.000000e+00
1.019658e-02 6.694401e-04 5.019992e-01 1.250000e-01 5.000000e-01 0.000000e+00
9.627024e-03 6.490556e-04 5.019992e-01 1.750000e-01 5.000000e-01 0.000000e+00
6.602013e-03 5.354954e-04 5.019992e-01 2.250000e-01 5.000000e-01 0.000000e+00
7.788213e-03 5.837528e-04 5.019992e-01 2.750000e-01 5.000000e-01 0.000000e+00
7.313149e-03 5.608946e-04 5.019992e-01 3.250000e-01 5.000000e-01 0.000000e+00
7.250626e-03 5.560991e-04 5.019992e-01 3.750000e-01 5.000000e-01 0.000000e+00
6.457281e-03 5.272365e-04 5.019992e-01 4.250000e-01 5.000000e-01 0.000000e+00
5.813672e-03 4.948944e-04 5.019992e-01 4.750000e-01 5.000000e-01 0.000000e+00
7.499801e-03 5.559239e-04 5.019992e-01 5.250000e-01 5.000000e-01 0.000000e+00
5.269653e-03 4.732304e-04 5.019992e-01 5.750000e-01 5.000000e-01 0.000000e+00
6.471838e-03 5.181634e-04 5.019992e-01 6.250000e-01 5.000000e-01 0.000000e+00
5.023649e-03 4.511387e-04 5.019992e-01 6.750000e-01 5.000000e-01 0.000000e+00
6.919024e-03 5.338163e-04 5.019992e-01 7.250000e-01 5.000000e-01 0.000000e+00
4.561462e-03 4.272220e-04 5.019992e-01 7.750000e-01 5.000000e-01 0.000000e+00
4.997271e-03 4.451940e-04 5.019992e-01 8.250000e-01 5.000000e-01 0.000000e+00
4.727311e-03 4.351862e-04 5.019992e-01 8.750000e-01 5.000000e-01 0.000000e+00
4.700149e-03 4.290650e-04 5.019992e-01 9.250000e-01 5.000000e-01 0.000000e+00
3.771671e-03 3.849458e-04 5.019992e-01 9.750000e-01 5.000000e-01 0.000000e+00
2.984439e-03 3.423401e-04 5.019992e-01 1.025000e+00 5.000000e-01 0.000000e+00
3.183530e-03 3.473534e-04 5.019992e-01 1.075000e+00 5.000000e-01 0.000000e+00
3.117519e-03 3.442741e-04 5.019992e-01 1.125000e+00 5.000000e-01 0.000000e+00
2.390365e-03 2.987968e-04 5.019992e-01 1.175000e+00 5.000000e-01 0.000000e+00
2.761031e-03 3.167139e-04 5.019992e-01 1.225000e+00 5.000000e-01 0.000000e+00
1.761861e-03 2.543041e-04 5.019992e-01 1.275000e+00 5.000000e-01 0.000000e+00
1.439494e-03 2.276051e-04 5.019992e-01 1.325000e+00 5.000000e-01 0.000000e+00
1.610739e-03 2.428294e-04 5.019992e-01 1.375000e+00 5.000000e-01 0.000000e+00
9.819049e-04 1.925687e-04 5.019992e-01 1.425000e+00 5.000000e-01 0.000000e+00
6.193724e-04 1.548445e-04 5.019992e-01 1.475000e+00 5.000000e-01 0.000000e+00
9.367223e-04 1.912091e-04 5.019992e-01 1.525000e+00 5.000000e-01 0.000000e+00
9.942737e-04 1.949945e-04 5.019992e-01 1.575000e+00 5.000000e-01 0.000000e+00
1.123911e-03 2.051990e-04 5.019992e-01 1.625000e+00 5.000000e-01 0.000000e+00
9.054062e-04 1.848165e-04 5.019992e-01 1.675000e+00 5.000000e-01 0.000000e+00
5.137542e-04 1.373079e-04 5.019992e-01 1.725000e+00 5.000000e-01 0.000000e+00
6.488771e-04 1.529431e-04 5.019992e-01 1.775000e+00 5.000000e-01 0.000000e+00
7.166285e-04 1.602445e-04 5.019992e-01 1.825000e+00 5.000000e-01 0.000000e+00
1.134470e-03 2.005504e-04 5.019992e-01 1.875000e+00 5.000000e-01 0.000000e+00
6.275307e-04 1.479111e-04 5.019992e-01 1.925000e+00 5.000000e-01 0.000000e+00
3.467071e-04 1.096418e-04 5.019992e-01 1.975000e+00 5.000000e-01 0.000000e+00
2.038266e-04 8.321263e-05 5.019992e-01 2.025000e+00 5.000000e-01 0.000000e+00
5.295616e-04 1.323929e-04 5.019992e-01 2.075000e+00 5.000000e-01 0.000000e+00
7.871471e-04 1.606773e-04 5.019992e-01 2.125000e+00 5.000000e-01 0.000000e+00
3.816992e-04 1.101902e-04 5.019992e-01 2.175000e+00 5.000000e-01 0.000000e+00
4.404525e-04 1.177167e-04 5.019992e-01 2.225000e+00 5.000000e-01 0.000000e+00
6.089357e-04 1.361657e-04 5.019992e-01 2.275000e+00 5.000000e-01 0.000000e+00
6.026507e-04 1.347599e-04 5.019992e-01 2.325000e+00 5.000000e-01 0.000000e+00
2.831177e-04 8.953258e-05 5.019992e-01 2.375000e+00 5.000000e-01 0.000000e+00
6.904257e-04 1.354082e-04 5.019992e-01 2.425000e+00 5.000000e-01 0.000000e+00
7.340957e-04 1.340310e-04 5.019992e-01 2.475000e+00 5.000000e-01 0.000000e+00
8.393687e-04 1.399004e-04 5.019992e-01 2.525000e+00 5.000000e-01 0.000000e+00
3.604641e-04 9.011863e-05 5.019992e-01 2.575000e+00 5.000000e-01 0.000000e+00
1.001559e-03 1.476794e-04 5.019992e-01 2.625000e+00 5.000000e-01 0.000000e+00
7.459347e-04 1.279321e-04 5.019992e-01 2.675000e+00 5.000000e-01 0.000000e+00
7.399033e-04 1.308059e-04 5.019992e-01 2.725000e+00 5.000000e-01 0.000000e+00
7.788241e-04 1.376876e-04 5.019992e-01 2.775000e+00 5.000000e-01 0.000000e+00
9.297635e-04 1.549723e-04 5.019992e-01 2.825000e+00 5.000000e-01 0.000000e+00
9.549908e-04 1.637868e-04 5.019992e-01 2.875000e+00 5.000000e-01 0.000000e+00
5.241464e-01 4.877110e-03 5.119992e-01 2.500000e-02 5.000000e-01 0.000000e+00
1.219187e-01 2.315657e-03 5.119992e-01 7.500000e-02 5.000000e-01 0.000000e+00
1.042887e-02 6.788636e-04 5.119992e-01 1.250000e-01 5.000000e-01 0.000000e+00
9.349997e-03 6.452129e-04 5.119992e-01 1.750000e-01 5.000000e-01 0.000000e+00
6.753438e-03 5.442089e-04 5.119992e-01 2.250000e-01 5.000000e-01 0.000000e+00
7.684402e-03 5.825546e-04 5.119992e-01 2.750000e-01 5.000000e-01 0.000000e+00
7.178961e-03 5.571971e-04 5.119992e-01 3.250000e-01 5.000000e-01 0.000000e+00
8.353154e-03 5.936347e-04 5.119992e-01 3.750000e-01 5.000000e-01 0.000000e+00
6.547013e-03 5.310342e-04 5.119992e-01 4.250000e-01 5.000000e-01 0.000000e+00
5.840358e-03 5.008078e-04 5.119992e-01 4.750000e-01 5.000000e-01 0.000000e+00
5.843286e-03 4.903590e-04 5.119992e-01 5.250000e-01 5.000000e-01 0.000000e+00
5.933158e-03 5.014453e-04 5.119992e-01 5.750000e-01 5.000000e-01 0.000000e+00
5.620054e-03 4.855002e-04 5.119992e-01 6.250000e-01 5.000000e-01 0.000000e+00
4.972630e-03 4.465567e-04 5.119992e-01 6.750000e-01 5.000000e-01 0.000000e+00
5.029241e-03 4.553278e-04 5.119992e-01 7.250000e-01 5.000000e-01 0.000000e+00
3.927671e-03 4.008673e-04 5.119992e-01 7.750000e-01 5.000000e-01 0.000000e+00
4.635293e-03 4.267147e-04 5.119992e-01 8.250000e-01 5.000000e-01 0.000000e+00
3.864225e-03 3.943925e-04 5.119992e-01 8.750000e-01 5.000000e-01 0.000000e+00
3.535829e-03 3.769219e-04 5.119992e-01 9.250000e-01 5.000000e-01 0.000000e+00
3.200504e-03 3.534383e-04 5.119992e-01 9.750000e-01 5.000000e-01 0.000000e+00
3.774229e-03 3.852070e-04 5.119992e-01 1.025000e+00 5.000000e-01 0.000000e+00
2.391865e-03 3.037687e-04 5.119992e-01 1.075000e+00 5.000000e-01 0.000000e+00
2.859528e-03 3.280121e-04 5.119992e-01 1.125000e+00 5.000000e-01 0.000000e+00
2.253790e-03 2.909647e-04 5.119992e-01 1.175000e+00 5.000000e-01 0.000000e+00
2.076565e-03 2.774940e-04 5.119992e-01 1.225000e+00 5.000000e-01 0.000000e+00
1.709145e-03 2.520011e-04 5.119992e-01 1.275000e+00 5.000000e-01 0.000000e+00
1.690504e-03 2.548544e-04 5.119992e-01 1.325000e+00 5.000000e-01 0.000000e+00
8.633170e-04 1.840609e-04 5.119992e-01 1.375000e+00 5.000000e-01 0.000000e+00
1.513136e-03 2.454648e-04 5.119992e-01 1.425000e+00 5.000000e-01 0.000000e+00
1.116508e-03 2.110011e-04 5.119992e-01 1.475000e+00 5.000000e-01 0.000000e+00
9.383381e-04 1.915389e-04 5.119992e-01 1.525000e+00 5.000000e-01 0.000000e+00
8.469540e-04 1.805734e-04 5.119992e-01 1.575000e+00 5.000000e-01 0.000000e+00
9.160385e-04 1.869876e-04 5.119992e-01 1.625000e+00 5.000000e-01 0.000000e+00
5.976379e-04 1.494106e-04 5.119992e-01 1.675000e+00 5.000000e-01 0.000000e+00
4.427240e-04 1.278044e-04 5.119992e-01 1.725000e+00 5.000000e-01 0.000000e+00
4.371095e-04 1.261835e-04 5.119992e-01 1.775000e+00 5.000000e-01 0.000000e+00
5.011274e-04 1.339329e-04 5.119992e-01 1.825000e+00 5.000000e-01 0.000000e+00
3.532586e-04 1.117114e-04 5.119992e-01 1.875000e+00 5.000000e-01 0.000000e+00
7.715778e-04 1.645032e-04 5.119992e-01 1.925000e+00 5.000000e-01 0.000000e+00
3.437586e-04 1.087071e-04 5.119992e-01 1.975000e+00 5.000000e-01 0.000000e+00
5.455241e-04 1.363841e-04 5.119992e-01 2.025000e+00 5.000000e-01 0.000000e+00
4.660042e-04 1.245480e-04 5.119992e-01 2.075000e+00 5.000000e-01 0.000000e+00
7.198684e-04 1.534789e-04 5.119992e-01 2.125000e+00 5.000000e-01 0.000000e+00
4.504675e-04 1.203941e-04 5.119992e-01 2.175000e+00 5.000000e-01 0.000000e+00
5.015526e-04 1.253906e-04 5.119992e-01 2.225000e+00 5.000000e-01 0.000000e+00
1.039173e-03 1.782191e-04 5.119992e-01 2.275000e+00 5.000000e-01 0.000000e+00
4.095249e-04 1.094525e-04 5.119992e-01 2.325000e+00 5.000000e-01 0.000000e+00
5.486722e-04 1.226901e-04 5.119992e-01 2.375000e+00 5.000000e-01 0.000000e+00
3.530277e-04 9.435251e-05 5.119992e-01 2.425000e+00 5.000000e-01 0.000000e+00
7.232651e-04 1.320543e-04 5.119992e-01 2.475000e+00 5.000000e-01 0.000000e+00
5.579191e-04 1.138884e-04 5.119992e-01 2.525000e+00 5.000000e-01 0.000000e+00
5.403725e-04 1.103095e-04 5.119992e-01 2.575000e+00 5.000000e-01 0.000000e+00
3.644346e-04 9.111347e-05 5.119992e-01 2.625000e+00 5.000000e-01 0.000000e+00
6.138535e-04 1.203960e-04 5.119992e-01 2.675000e+00 5.000000e-01 0.000000e+00
8.961158e-04 1.493674e-04 5.119992e-01 2.725000e+00 5.000000e-01 0.000000e+00
1.002363e-03 1.626192e-04 5.119992e-01 2.775000e+00 5.000000e-01 0.000000e+00
7.950466e-04 1.502691e-04 5.119992e-01 2.825000e+00 5.000000e-01 0.000000e+00
9.386583e-04 1.714027e-04 5.119992e-01 2.875000e+00 5.000000e-01 0.000000e+00
5.199273e-01 4.803047e-03 5.219992e-01 2.500000e-02 5.000000e-01 0.000000e+00
1.167143e-01 2.272413e-03 5.219992e-01 7.500000e-02 5.000000e-01 0.000000e+00
1.052319e-02 6.879241e-04 5.219992e-01 1.250000e-01 5.000000e-01 0.000000e+00
8.734981e-03 6.239287e-04 5.219992e-01 1.750000e-01 5.000000e-01 0.000000e+00
7.662012e-03 5.808570e-04 5.219992e-01 2.250000e-01 5.000000e-01 0.000000e+00
8.930303e-03 6.283354e-04 5.219992e-01 2.750000e-01 5.000000e-01 0.000000e+00
7.193812e-03 5.583499e-04 5.219992e-01 3.250000e-01 5.000000e-01 0.000000e+00
6.306096e-03 5.148920e-04 5.219992e-01 3.750000e-01 5.000000e-01 0.000000e+00
7.104896e-03 5.548008e-04 5.219992e-01 4.250000e-01 5.000000e-01 0.000000e+00
6.292797e-03 5.207972e-04 5.219992e-01 4.750000e-01 5.000000e-01 0.000000e+00
6.232544e-03 5.088867e-04 5.219992e-01 5.250000e-01 5.000000e-01 0.000000e+00
6.917306e-03 5.401527e-04 5.219992e-01 5.750000e-01 5.000000e-01 0.000000e+00
7.228462e-03 5.511669e-04 5.219992e-01 6.250000e-01 5.000000e-01 0.000000e+00
5.457645e-03 4.750286e-04 5.219992e-01 6.750000e-01 5.000000e-01 0.000000e+00
6.890671e-03 5.284925e-04 5.219992e-01 7.250000e-01 5.000000e-01 0.000000e+00
5.867063e-03 4.889239e-04 5.219992e-01 7.750000e-01 5.000000e-01 0.000000e+00
5.412140e-03 4.675395e-04 5.219992e-01 8.250000e-01 5.000000e-01 0.000000e+00
4.052156e-03 4.012253e-04 5.219992e-01 8.750000e-01 5.000000e-01 0.000000e+00
4.009515e-03 4.009533e-04 5.219992e-01 9.250000e-01 5.000000e-01 0.000000e+00
2.721449e-03 3.300255e-04 5.219992e-01 9.750000e-01 5.000000e-01 0.000000e+00
3.265666e-03 3.563151e-04 5.219992e-01 1.025000e+00 5.000000e-01 0.000000e+00
4.112471e-03 3.994402e-04 5.219992e-01 1.075000e+00 5.000000e-01 0.000000e+00
2.377167e-03 3.019020e-04 5.219992e-01 1.125000e+00 5.000000e-01 0.000000e+00
2.339909e-03 2.971700e-04 5.219992e-01 1.175000e+00 5.000000e-01 0.000000e+00
2.076236e-03 2.825415e-04 5.219992e-01 1.225000e+00 5.000000e-01 0.000000e+00
1.989869e-03 2.814116e-04 5.219992e-01 1.275000e+00 5.000000e-01 0.000000e+00
1.373765e-03 2.356000e-04 5.219992e-01 1.325000e+00 5.000000e-01 0.000000e+00
1.863863e-03 2.748137e-04 5.219992e-01 1.375000e+00 5.000000e-01 0.000000e+00
1.361981e-03 2.335792e-04 5.219992e-01 1.425000e+00 5.000000e-01 0.000000e+00
1.427788e-03 2.379660e-04 5.219992e-01 1.475000e+00 5.000000e-01 0.000000e+00
4.706349e-04 1.358617e-04 5.219992e-01 1.525000e+00 5.000000e-01 0.000000e+00
1.005274e-03 1.971521e-04 5.219992e-01 1.575000e+00 5.000000e-01 0.000000e+00
6.073384e-04 1.518357e-04 5.219992e-01 1.625000e+00 5.000000e-01 0.000000e+00
5.992742e-04 1.498193e-04 5.219992e-01 1.675000e+00 5.000000e-01 0.000000e+00
5.975486e-04 1.493888e-04 5.219992e-01 1.725000e+00 5.000000e-01 0.000000e+00
8.751071e-04 1.786321e-04 5.219992e-01 1.775000e+00 5.000000e-01 0.000000e+00
7.852585e-04 1.674191e-04 5.219992e-01 1.825000e+00 5.000000e-01 0.000000e+00
6.351610e-04 1.497109e-04 5.219992e-01 1.875000e+00 5.000000e-01 0.000000e+00
6.980768e-04 1.560963e-04 5.219992e-01 1.925000e+00 5.000000e-01 0.000000e+00
5.512193e-04 1.378061e-04 5.219992e-01 1.975000e+00 5.000000e-01 0.000000e+00
1.086660e-03 1.920998e-04 5.219992e-01 2.025000e+00 5.000000e-01 0.000000e+00
9.291454e-04 1.755936e-04 5.219992e-01 2.075000e+00 5.000000e-01 0.000000e+00
5.265023e-04 1.316273e-04 5.219992e-01 2.125000e+00 5.000000e-01 0.000000e+00
3.851592e-04 1.111880e-04 5.219992e-01 2.175000e+00 5.000000e-01 0.000000e+00
6.259725e-04 1.399731e-04 5.219992e-01 2.225000e+00 5.000000e-01 0.000000e+00
6.584199e-04 1.403782e-04 5.219992e-01 2.275000e+00 5.000000e-01 0.000000e+00
7.283520e-04 1.428444e-04 5.219992e-01 2.325000e+00 5.000000e-01 0.000000e+00
6.742407e-04 1.322314e-04 5.219992e-01 2.375000e+00 5.000000e-01 0.000000e+00
6.935053e-04 1.310659e-04 5.219992e-01 2.425000e+00 5.000000e-01 0.000000e+00
8.159553e-04 1.399404e-04 5.219992e-01 2.475000e+00 5.000000e-01 0.000000e+00
6.529372e-04 1.233962e-04 5.219992e-01 2.525000e+00 5.000000e-01 0.000000e+00
9.821948e-04 1.515621e-04 5.219992e-01 2.575000e+00 5.000000e-01 0.000000e+00
7.336980e-04 1.339636e-04 5.219992e-01 2.625000e+00 5.000000e-01 0.000000e+00
5.668399e-04 1.208560e-04 5.219992e-01 2.675000e+00 5.000000e-01 0.000000e+00
7.606203e-04 1.437581e-04 5.219992e-01 2.725000e+00 5.000000e-01 0.000000e+00
7.587183e-04 1.488098e-04 5.219992e-01 2.775000e+00 5.000000e-01 0.000000e+00
1.203708e-03 1.952933e-04 5.219992e-01 2.825000e+00 5.000000e-01 0.000000e+00
9.873086e-04 1.866090e-04 5.219992e-01 2.875000e+00 5.000000e-01 0.000000e+00
5.039801e-01 4.752848e-03 5.319992e-01 2.500000e-02 5.000000e-01 0.000000e+00
1.152938e-01 2.282267e-03 5.319992e-01 7.500000e-02 5.000000e-01 0.000000e+00
1.225428e-02 7.403104e-04 5.319992e-01 1.250000e-01 5.000000e-01 0.000000e+00
7.433400e-03 5.769449e-04 5.319992e-01 1.750000e-01 5.000000e-01 0.000000e+00
7.334284e-03 5.692526e-04 5.319992e-01 2.250000e-01 5.000000e-01 0.000000e+00
6.377689e-03 5.314756e-04 5.319992e-01 2.750000e-01 5.000000e-01 0.000000e+00
7.029840e-03 5.523181e-04 5.319992e-01 3.250000e-01 5.000000e-01 0.000000e+00
6.094106e-03 5.078437e-04 5.319992e-01 3.750000e-01 5.000000e-01 0.000000e+00
6.135474e-03 5.185437e-04 5.319992e-01 4.250000e-01 5.000000e-01 0.000000e+00
6.995399e-03 5.496120e-04 5.319992e-01 4.750000e-01 5.000000e-01 0.000000e+00
5.929094e-03 5.047196e-04 5.319992e-01 5.250000e-01 5.000000e-01 0.000000e+00
6.770966e-03 5.287255e-04 5.319992e-01 5.750000e-01 5.000000e-01 0.000000e+00
6.143210e-03 5.084171e-04 5.319992e-01 6.250000e-01 5.000000e-01 0.000000e+00
4.615066e-03 4.400310e-04 5.319992e-01 6.750000e-01 5.000000e-01 0.000000e+00
5.165595e-03 4.565803e-04 5.319992e-01 7.250000e-01 5.000000e-01 0.000000e+00
4.704519e-03 4.368055e-04 5.319992e-01 7.750000e-01 5.000000e-01 0.000000e+00
4.139785e-03 4.099015e-04 5.319992e-01 8.250000e-01 5.000000e-01 0.000000e+00
4.764394e-03 4.386003e-04 5.319992e-01 8.750000e-01 5.000000e-01 0.000000e+00
4.610853e-03 4.281091e-04 5.319992e-01 9.250000e-01 5.000000e-01 0.000000e+00
4.235895e-03 4.114285e-04 5.319992e-01 9.750000e-01 5.000000e-01 0.000000e+00
3.510704e-03 3.742442e-04 5.319992e-01 1.025000e+00 5.000000e-01 0.000000e+00
3.270397e-03 3.568315e-04 5.319992e-01 1.075000e+00 5.000000e-01 0.000000e+00
3.541544e-03 3.733138e-04 5.319992e-01 1.125000e+00 5.000000e-01 0.000000e+00
2.265872e-03 3.027916e-04 5.319992e-01 1.175000e+00 5.000000e-01 0.000000e+00
2.315573e-03 3.094326e-04 5.319992e-01 1.225000e+00 5.000000e-01 0.000000e+00
1.757135e-03 2.711331e-04 5.319992e-01 1.275000e+00 5.000000e-01 0.000000e+00
1.414412e-03 2.425711e-04 5.319992e-01 1.325000e+00 5.000000e-01 0.000000e+00
8.252920e-04 1.845423e-04 5.319992e-01 1.375000e+00 5.000000e-01 0.000000e+00
1.122898e-03 2.122095e-04 5.319992e-01 1.425000e+00 5.000000e-01 0.000000e+00
1.200793e-03 2.192355e-04 5.319992e-01 1.475000e+00 5.000000e-01 0.000000e+00
7.933510e-04 1.774005e-04 5.319992e-01 1.525000e+00 5.000000e-01 0.000000e+00
1.089217e-03 2.058441e-04 5.319992e-01 1.575000e+00 5.000000e-01 0.000000e+00
7.599708e-04 1.699363e-04 5.319992e-01 1.625000e+00 5.000000e-01 0.000000e+00
8.326111e-04 1.775150e-04 5.319992e-01 1.675000e+00 5.000000e-01 0.000000e+00
7.394254e-04 1.653414e-04 5.319992e-01 1.725000e+00 5.000000e-01 0.000000e+00
7.977406e-04 1.700806e-04 5.319992e-01 1.775000e+00 5.000000e-01 0.000000e+00
1.006894e-03 1.902873e-04 5.319992e-01 1.825000e+00 5.000000e-01 0.000000e+00
5.694997e-04 1.423761e-04 5.319992e-01 1.875000e+00 5.000000e-01 0.000000e+00
9.048964e-04 1.774665e-04 5.319992e-01 1.925000e+00 5.000000e-01 0.000000e+00
7.598268e-04 1.619978e-04 5.319992e-01 1.975000e+00 5.000000e-01 0.000000e+00
8.174995e-04 1.668736e-04 5.319992e-01 2.025000e+00 5.000000e-01 0.000000e+00
3.329984e-04 1.053045e-04 5.319992e-01 2.075000e+00 5.000000e-01 0.000000e+00
3.932350e-04 1.135177e-04 5.319992e-01 2.125000e+00 5.000000e-01 0.000000e+00
7.006245e-04 1.493753e-04 5.319992e-01 2.175000e+00 5.000000e-01 0.000000e+00
5.555931e-04 1.309554e-04 5.319992e-01 2.225000e+00 5.000000e-01 0.000000e+00
6.349265e-04 1.353688e-04 5.319992e-01 2.275000e+00 5.000000e-01 0.000000e+00
4.794521e-04 1.130106e-04 5.319992e-01 2.325000e+00 5.000000e-01 0.000000e+00
6.119364e-04 1.249145e-04 5.319992e-01 2.375000e+00 5.000000e-01 0.000000e+00
6.406359e-04 1.256432e-04 5.319992e-01 2.425000e+00 5.000000e-01 0.000000e+00
3.373328e-04 9.015774e-05 5.319992e-01 2.475000e+00 5.000000e-01 0.000000e+00
4.851542e-04 1.084861e-04 5.319992e-01 2.525000e+00 5.000000e-01 0.000000e+00
6.596096e-04 1.293658e-04 5.319992e-01 2.575000e+00 5.000000e-01 0.000000e+00
2.664427e-04 8.426454e-05 5.319992e-01 2.625000e+00 5.000000e-01 0.000000e+00
1.185990e-03 1.830111e-04 5.319992e-01 2.675000e+00 5.000000e-01 0.000000e+00
7.284645e-04 1.487109e-04 5.319992e-01 2.725000e+00 5.000000e-01 0.000000e+00
4.658100e-04 1.245042e-04 5.319992e-01 2.775000e+00 5.000000e-01 0.000000e+00
4.433222e-04 1.279810e-04 5.319992e-01 2.825000e+00 5.000000e-01 0.000000e+00
1.508507e-03 2.514432e-04 5.319992e-01 2.875000e+00 5.000000e-01 0.000000e+00
4.973560e-01 4.741252e-03 5.419992e-01 2.500000e-02 5.000000e-01 0.000000e+00
1.137724e-01 2.266404e-03 5.419992e-01 7.500000e-02 5.000000e-01 0.000000e+00
9.601872e-03 6.563720e-04 5.419992e-01 1.250000e-01 5.000000e-01 0.000000e+00
7.292939e-03 5.729889e-04 5.419992e-01 1.750000e-01 5.000000e-01 0.000000e+00
7.543269e-03 5.785438e-04 5.419992e-01 2.250000e-01 5.000000e-01 0.000000e+00
6.900239e-03 5.524627e-04 5.419992e-01 2.750000e-01 5.000000e-01 0.000000e+00
7.046609e-03 5.536354e-04 5.419992e-01 3.250000e-01 5.000000e-01 0.000000e+00
6.055590e-03 5.117923e-04 5.419992e-01 3.750000e-01 5.000000e-01 0.000000e+00
7.532839e-03 5.743753e-04 5.419992e-01 4.250000e-01 5.000000e-01 0.000000e+00
6.133703e-03 5.147302e-04 5.419992e-01 4.750000e-01 5.000000e-01 0.000000e+00
7.269396e-03 5.608480e-04 5.419992e-01 5.250000e-01 5.000000e-01 0.000000e+00
5.214298e-03 4.645283e-04 5.419992e-01 5.750000e-01 5.000000e-01 0.000000e+00
5.534547e-03 4.817221e-04 5.419992e-01 6.250000e-01 5.000000e-01 0.000000e+00
5.947466e-03 4.991024e-04 5.419992e-01 6.750000e-01 5.000000e-01 0.000000e+00
4.592342e-03 4.378643e-04 5.419992e-01 7.250000e-01 5.000000e-01 0.000000e+00
4.935318e-03 4.432059e-04 5.419992e-01 7.750000e-01 5.000000e-01 0.000000e+00
4.502418e-03 4.254401e-04 5.419992e-01 8.250000e-01 5.000000e-01 0.000000e+00
4.696927e-03 4.361008e-04 5.419992e-01 8.750000e-01 5.000000e-01 0.000000e+00
3.864446e-03 3.944152e-04 5.419992e-01 9.250000e-01 5.000000e-01 0.000000e+00
4.187531e-03 4.067306e-04 5.419992e-01 9.750000e-01 5.000000e-01 0.000000e+00
2.746383e-03 3.330497e-04 5.419992e-01 1.025000e+00 5.000000e-01 0.000000e+00
2.238043e-03 3.045609e-04 5.419992e-01 1.075000e+00 5.000000e-01 0.000000e+00
2.427000e-03 3.186823e-04 5.419992e-01 1.125000e+00 5.000000e-01 0.000000e+00
2.220738e-03 3.079626e-04 5.419992e-01 1.175000e+00 5.000000e-01 0.000000e+00
1.993193e-03 2.938821e-04 5.419992e-01 1.225000e+00 5.000000e-01 0.000000e+00
1.888922e-03 2.847675e-04 5.419992e-01 1.275000e+00 5.000000e-01 0.000000e+00
1.658856e-03 2.622897e-04 5.419992e-01 1.325000e+00 5.000000e-01 0.000000e+00
1.636931e-03 2.588230e-04 5.419992e-01 1.375000e+00 5.000000e-01 0.000000e+00
1.055735e-03 2.070483e-04 5.419992e-01 1.425000e+00 5.000000e-01 0.000000e+00
6.390003e-04 1.597515e-04 5.419992e-01 1.475000e+00 5.000000e-01 0.000000e+00
9.349707e-04 1.908516e-04 5.419992e-01 1.525000e+00 5.000000e-01 0.000000e+00
1.078592e-03 2.038369e-04 5.419992e-01 1.575000e+00 5.000000e-01 0.000000e+00
6.865365e-04 1.618193e-04 5.419992e-01 1.625000e+00 5.000000e-01 0.000000e+00
6.806641e-04 1.604348e-04 5.419992e-01 1.675000e+00 5.000000e-01 0.000000e+00
5.230273e-04 1.397867e-04 5.419992e-01 1.725000e+00 5.000000e-01 0.000000e+00
6.558699e-04 1.545909e-04 5.419992e-01 1.775000e+00 5.000000e-01 0.000000e+00
6.478450e-04 1.527017e-04 5.419992e-01 1.825000e+00 5.000000e-01 0.000000e+00
7.090928e-04 1.585595e-04 5.419992e-01 1.875000e+00 5.000000e-01 0.000000e+00
7.711175e-04 1.644051e-04 5.419992e-01 1.925000e+00 5.000000e-01 0.000000e+00
9.592787e-04 1.812885e-04 5.419992e-01 1.975000e+00 5.000000e-01 0.000000e+00
6.091429e-04 1.435796e-04 5.419992e-01 2.025000e+00 5.000000e-01 0.000000e+00
4.667736e-04 1.247527e-04 5.419992e-01 2.075000e+00 5.000000e-01 0.000000e+00
5.867698e-04 1.383053e-04 5.419992e-01 2.125000e+00 5.000000e-01 0.000000e+00
4.991382e-04 1.247861e-04 5.419992e-01 2.175000e+00 5.000000e-01 0.000000e+00
6.424295e-04 1.369685e-04 5.419992e-01 2.225000e+00 5.000000e-01 0.000000e+00
5.434651e-04 1.215244e-04 5.419992e-01 2.275000e+00 5.000000e-01 0.000000e+00
6.298410e-04 1.285682e-04 5.419992e-01 2.325000e+00 5.000000e-01 0.000000e+00
5.100278e-04 1.140479e-04 5.419992e-01 2.375000e+00 5.000000e-01 0.000000e+00
3.474241e-04 9.285582e-05 5.419992e-01 2.425000e+00 5.000000e-01 0.000000e+00
6.498517e-04 1.274521e-04 5.419992e-01 2.475000e+00 5.000000e-01 0.000000e+00
4.150299e-04 1.037613e-04 5.419992e-01 2.525000e+00 5.000000e-01 0.000000e+00
7.756034e-04 1.465816e-04 5.419992e-01 2.575000e+00 5.000000e-01 0.000000e+00
5.852419e-04 1.308725e-04 5.419992e-01 2.625000e+00 5.000000e-01 0.000000e+00
7.566755e-04 1.544694e-04 5.419992e-01 2.675000e+00 5.000000e-01 0.000000e+00
1.173275e-03 2.012301e-04 5.419992e-01 2.725000e+00 5.000000e-01 0.000000e+00
1.150638e-03 2.100936e-04 5.419992e-01 2.775000e+00 5.000000e-01 0.000000e+00
7.884495e-04 1.858627e-04 5.419992e-01 2.825000e+00 5.000000e-01 0.000000e+00
8.378073e-04 2.094749e-04 5.419992e-01 2.875000e+00 5.000000e-01 0.000000e+00
4.975086e-01 4.752650e-03 5.519992e-01 2.500000e-02 5.000000e-01 0.000000e+00
1.213269e-01 2.348023e-03 5.519992e-01 7.500000e-02 5.000000e-01 0.000000e+00
1.101293e-02 7.050327e-04 5.519992e-01 1.250000e-01 5.000000e-01 0.000000e+00
7.562531e-03 5.834631e-04 5.519992e-01 1.750000e-01 5.000000e-01 0.000000e+00
6.761607e-03 5.484401e-04 5.519992e-01 2.250000e-01 5.000000e-01 0.000000e+00
6.752557e-03 5.441379e-04 5.519992e-01 2.750000e-01 5.000000e-01 0.000000e+00
7.814283e-03 5.890255e-04 5.519992e-01 3.250000e-01 5.000000e-01 0.000000e+00
7.061776e-03 5.548270e-04 5.519992e-01 3.750000e-01 5.000000e-01 0.000000e+00
6.451234e-03 5.302898e-04 5.519992e-01 4.250000e-01 5.000000e-01 0.000000e+00
6.050591e-03 5.113700e-04 5.519992e-01 4.750000e-01 5.000000e-01 0.000000e+00
6.233435e-03 5.194546e-04 5.519992e-01 5.250000e-01 5.000000e-01 0.000000e+00
5.727028e-03 4.947417e-04 5.519992e-01 5.750000e-01 5.000000e-01 0.000000e+00
5.415801e-03 4.713866e-04 5.519992e-01 6.250000e-01 5.000000e-01 0.000000e+00
5.940020e-03 4.984771e-04 5.519992e-01 6.750000e-01 5.000000e-01 0.000000e+00
4.695496e-03 4.436843e-04 5.519992e-01 7.250000e-01 5.000000e-01 0.000000e+00
3.622063e-03 3.861146e-04 5.519992e-01 7.750000e-01 5.000000e-01 0.000000e+00
3.946965e-03 3.946977e-04 5.519992e-01 8.250000e-01 5.000000e-01 0.000000e+00
4.716139e-03 4.341575e-04 5.519992e-01 8.750000e-01 5.000000e-01 0.000000e+00
3.641576e-03 3.838578e-04 5.519992e-01 9.250000e-01 5.000000e-01 0.000000e+00
2.849471e-03 3.405782e-04 5.519992e-01 9.750000e-01 5.000000e-01 0.000000e+00
3.688427e-03 3.887955e-04 5.519992e-01 1.025000e+00 5.000000e-01 0.000000e+00
2.506633e-03 3.291383e-04 5.519992e-01 1.075000e+00 5.000000e-01 0.000000e+00
2.500784e-03 3.341834e-04 5.519992e-01 1.125000e+00 5.000000e-01 0.000000e+00
2.411100e-03 3.221984e-04 5.519992e-01 1.175000e+00 5.000000e-01 0.000000e+00
2.094828e-03 2.962549e-04 5.519992e-01 1.225000e+00 5.000000e-01 0.000000e+00
1.090663e-03 2.138980e-04 5.519992e-01 1.275000e+00 5.000000e-01 0.000000e+00
1.331340e-03 2.353508e-04 5.519992e-01 1.325000e+00 5.000000e-01 0.000000e+00
9.773110e-04 1.994934e-04 5.519992e-01 1.375000e+00 5.000000e-01 0.000000e+00
1.116187e-03 2.109409e-04 5.519992e-01 1.425000e+00 5.000000e-01 0.000000e+00
1.115014e-03 2.107198e-04 5.519992e-01 1.475000e+00 5.000000e-01 0.000000e+00
7.967255e-04 1.781554e-04 5.519992e-01 1.525000e+00 5.000000e-01 0.000000e+00
9.428549e-04 1.924616e-04 5.519992e-01 1.575000e+00 5.000000e-01 0.000000e+00
3.820892e-04 1.208277e-04 5.519992e-01 1.625000e+00 5.000000e-01 0.000000e+00
8.982717e-04 1.833602e-04 5.519992e-01 1.675000e+00 5.000000e-01 0.000000e+00
8.917605e-04 1.820305e-04 5.519992e-01 1.725000e+00 5.000000e-01 0.000000e+00
8.085632e-04 1.723879e-04 5.519992e-01 1.775000e+00 5.000000e-01 0.000000e+00
7.987759e-04 1.703027e-04 5.519992e-01 1.825000e+00 5.000000e-01 0.000000e+00
7.755526e-04 1.653508e-04 5.519992e-01 1.875000e+00 5.000000e-01 0.000000e+00
6.261318e-04 1.475821e-04 5.519992e-01 1.925000e+00 5.000000e-01 0.000000e+00
5.519301e-04 1.379834e-04 5.519992e-01 1.975000e+00 5.000000e-01 0.000000e+00
2.694667e-04 9.527105e-05 5.519992e-01 2.025000e+00 5.000000e-01 0.000000e+00
7.323267e-04 1.561352e-04 5.519992e-01 2.075000e+00 5.000000e-01 0.000000e+00
6.994865e-04 1.491346e-04 5.519992e-01 2.125000e+00 5.000000e-01 0.000000e+00
5.976233e-04 1.336363e-04 5.519992e-01 2.175000e+00 5.000000e-01 0.000000e+00
4.954428e-04 1.167790e-04 5.519992e-01 2.225000e+00 5.000000e-01 0.000000e+00
7.516157e-04 1.420456e-04 5.519992e-01 2.275000e+00 5.000000e-01 0.000000e+00
6.724002e-04 1.318714e-04 5.519992e-01 2.325000e+00 5.000000e-01 0.000000e+00
2.520768e-04 7.971558e-05 5.519992e-01 2.375000e+00 5.000000e-01 0.000000e+00
3.615859e-04 9.664032e-05 5.519992e-01 2.425000e+00 5.000000e-01 0.000000e+00
6.511423e-04 1.329218e-04 5.519992e-01 2.475000e+00 5.000000e-01 0.000000e+00
3.999496e-04 1.068989e-04 5.519992e-01 2.525000e+00 5.000000e-01 0.000000e+00
6.102892e-04 1.364705e-04 5.519992e-01 2.575000e+00 5.000000e-01 0.000000e+00
4.621767e-04 1.235257e-04 5.519992e-01 2.625000e+00 5.000000e-01 0.000000e+00
7.162231e-04 1.601605e-04 5.519992e-01 2.675000e+00 5.000000e-01 0.000000e+00
8.755623e-04 1.866798e-04 5.519992e-01 2.725000e+00 5.000000e-01 0.000000e+00
8.250231e-04 1.944749e-04 5.519992e-01 2.775000e+00 5.000000e-01 0.000000e+00
1.192758e-03 2.543174e-04 5.519992e-01 2.825000e+00 5.000000e-01 0.000000e+00
9.828031e-04 2.626896e-04 5.519992e-01 2.875000e+00 5.000000e-01 0.000000e+00
5.086754e-01 4.818170e-03 5.619991e-01 2.500000e-02 5.000000e-01 0.000000e+00
1.261455e-01 2.377992e-03 5.619991e-01 7.500000e-02 5.000000e-01 0.000000e+00
1.268585e-02 7.608485e-04 5.619991e-01 1.250000e-01 5.000000e-01 0.000000e+00
7.550303e-03 5.825199e-04 5.619991e-01 1.750000e-01 5.000000e-01 0.000000e+00
6.606292e-03 5.430351e-04 5.619991e-01 2.250000e-01 5.000000e-01 0.000000e+00
7.052399e-03 5.610602e-04 5.619991e-01 2.750000e-01 5.000000e-01 0.000000e+00
7.057689e-03 5.614812e-04 5.619991e-01 3.250000e-01 5.000000e-01 0.000000e+00
6.256339e-03 5.250218e-04 5.619991e-01 3.750000e-01 5.000000e-01 0.000000e+00
6.171129e-03 5.178708e-04 5.619991e-01 4.250000e-01 5.000000e-01 0.000000e+00
5.029384e-03 4.669681e-04 5.619991e-01 4.750000e-01 5.000000e-01 0.000000e+00
6.155724e-03 5.165785e-04 5.619991e-01 5.250000e-01 5.000000e-01 0.000000e+00
6.159267e-03 5.168759e-04 5.619991e-01 5.750000e-01 5.000000e-01 0.000000e+00
4.880091e-03 4.492502e-04 5.619991e-01 6.250000e-01 5.000000e-01 0.000000e+00
4.328091e-03 4.244056e-04 5.619991e-01 6.750000e-01 5.000000e-01 0.000000e+00
4.937087e-03 4.544971e-04 5.619991e-01 7.250000e-01 5.000000e-01 0.000000e+00
3.010037e-03 3.547376e-04 5.619991e-01 7.750000e-01 5.000000e-01 0.000000e+00
5.856233e-03 4.880212e-04 5.619991e-01 8.250000e-01 5.000000e-01 0.000000e+00
4.564520e-03 4.275080e-04 5.619991e-01 8.750000e-01 5.000000e-01 0.000000e+00
4.102374e-03 4.144043e-04 5.619991e-01 9.250000e-01 5.000000e-01 0.000000e+00
2.645732e-03 3.415640e-04 5.619991e-01 9.750000e-01 5.000000e-01 0.000000e+00
2.872162e-03 3.590223e-04 5.619991e-01 1.025000e+00 5.000000e-01 0.000000e+00
2.954758e-03 3.583188e-04 5.619991e-01 1.075000e+00 5.000000e-01 0.000000e+00
2.277344e-03 3.158127e-04 5.619991e-01 1.125000e+00 5.000000e-01 0.000000e+00
1.400746e-03 2.476200e-04 5.619991e-01 1.175000e+00 5.000000e-01 0.000000e+00
1.736331e-03 2.745395e-04 5.619991e-01 1.225000e+00 5.000000e-01 0.000000e+00
1.932050e-03 2.848671e-04 5.619991e-01 1.275000e+00 5.000000e-01 0.000000e+00
1.240728e-03 2.265261e-04 5.619991e-01 1.325000e+00 5.000000e-01 0.000000e+00
1.488466e-03 2.480791e-04 5.619991e-01 1.375000e+00 5.000000e-01 0.000000e+00
1.472133e-03 2.453572e-04 5.619991e-01 1.425000e+00 5.000000e-01 0.000000e+00
1.210467e-03 2.210016e-04 5.619991e-01 1.475000e+00 5.000000e-01 0.000000e+00
1.020145e-03 2.000687e-04 5.619991e-01 1.525000e+00 5.000000e-01 0.000000e+00
4.612348e-04 1.331480e-04 5.619991e-01 1.575000e+00 5.000000e-01 0.000000e+00
5.354176e-04 1.430977e-04 5.619991e-01 1.625000e+00 5.000000e-01 0.000000e+00
3.816578e-04 1.206926e-04 5.619991e-01 1.675000e+00 5.000000e-01 0.000000e+00
6.740094e-04 1.588667e-04 5.619991e-01 1.725000e+00 5.000000e-01 0.000000e+00
4.397722e-04 1.269522e-04 5.619991e-01 1.775000e+00 5.000000e-01 0.000000e+00
5.740463e-04 1.435126e-04 5.619991e-01 1.825000e+00 5.000000e-01 0.000000e+00
5.658958e-04 1.414764e-04 5.619991e-01 1.875000e+00 5.000000e-01 0.000000e+00
7.611931e-04 1.622880e-04 5.619991e-01 1.925000e+00 5.000000e-01 0.000000e+00
5.513239e-04 1.378336e-04 5.619991e-01 1.975000e+00 5.000000e-01 0.000000e+00
8.717601e-04 1.709690e-04 5.619991e-01 2.025000e+00 5.000000e-01 0.000000e+00
5.153427e-04 1.288382e-04 5.619991e-01 2.075000e+00 5.000000e-01 0.000000e+00
4.815976e-04 1.204021e-04 5.619991e-01 2.125000e+00 5.000000e-01 0.000000e+00
3.950807e-04 1.055911e-04 5.619991e-01 2.175000e+00 5.000000e-01 0.000000e+00
3.280027e-04 9.468924e-05 5.619991e-01 2.225000e+00 5.000000e-01 0.000000e+00
5.323135e-04 1.190328e-04 5.619991e-01 2.275000e+00 5.000000e-01 0.000000e+00
6.835963e-04 1.340671e-04 5.619991e-01 2.325000e+00 5.000000e-01 0.000000e+00
4.272781e-04 1.068226e-04 5.619991e-01 2.375000e+00 5.000000e-01 0.000000e+00
6.737331e-04 1.375273e-04 5.619991e-01 2.425000e+00 5.000000e-01 0.000000e+00
7.142499e-04 1.458001e-04 5.619991e-01 2.475000e+00 5.000000e-01 0.000000e+00
3.159959e-04 9.992900e-05 5.619991e-01 2.525000e+00 5.000000e-01 0.000000e+00
2.747651e-04 9.714466e-05 5.619991e-01 2.575000e+00 5.000000e-01 0.000000e+00
5.232890e-04 1.398653e-04 5.619991e-01 2.625000e+00 5.000000e-01 0.000000e+00
1.674167e-04 8.371828e-05 5.619991e-01 2.675000e+00 5.000000e-01 0.000000e+00
6.729266e-04 1.798619e-04 5.619991e-01 2.725000e+00 5.000000e-01 0.000000e+00
1.025394e-03 2.417030e-04 5.619991e-01 2.775000e+00 5.000000e-01 0.000000e+00
2.972997e-04 1.486569e-04 5.619991e-01 2.825000e+00 5.000000e-01 0.000000e+00
4.490261e-04 2.245184e-04 5.619991e-01 2.875000e+00 5.000000e-01 0.000000e+00
5.290821e-01 4.895143e-03 5.719991e-01 2.500000e-02 5.000000e-01 0.000000e+00
1.321719e-01 2.431015e-03 5.719991e-01 7.500000e-02 5.000000e-01 0.000000e+00
1.077766e-02 7.075899e-04 5.719991e-01 1.250000e-01 5.000000e-01 0.000000e+00
7.240506e-03 5.724137e-04 5.719991e-01 1.750000e-01 5.000000e-01 0.000000e+00
6.434614e-03 5.399822e-04 5.719991e-01 2.250000e-01 5.000000e-01 0.000000e+00
7.566019e-03 5.837327e-04 5.719991e-01 2.750000e-01 5.000000e-01 0.000000e+00
7.161521e-03 5.661696e-04 5.719991e-01 3.250000e-01 5.000000e-01 0.000000e+00
6.679656e-03 5.453934e-04 5.719991e-01 3.750000e-01 5.000000e-01 0.000000e+00
5.465811e-03 4.869345e-04 5.719991e-01 4.250000e-01 5.000000e-01 0.000000e+00
4.613900e-03 4.481428e-04 5.719991e-01 4.750000e-01 5.000000e-01 0.000000e+00
5.203777e-03 4.750391e-04 5.719991e-01 5.250000e-01 5.000000e-01 0.000000e+00
6.160816e-03 5.170058e-04 5.719991e-01 5.750000e-01 5.000000e-01 0.000000e+00
5.964574e-03 5.077402e-04 5.719991e-01 6.250000e-01 5.000000e-01 0.000000e+00
5.019604e-03 4.507754e-04 5.719991e-01 6.750000e-01 5.000000e-01 0.000000e+00
5.416662e-03 4.750744e-04 5.719991e-01 7.250000e-01 5.000000e-01 0.000000e+00
4.386989e-03 4.301813e-04 5.719991e-01 7.750000e-01 5.000000e-01 0.000000e+00
3.206184e-03 3.727126e-04 5.719991e-01 8.250000e-01 5.000000e-01 0.000000e+00
3.722563e-03 4.014158e-04 5.719991e-01 8.750000e-01 5.000000e-01 0.000000e+00
4.412716e-03 4.412735e-04 5.719991e-01 9.250000e-01 5.000000e-01 0.000000e+00
2.646261e-03 3.474728e-04 5.719991e-01 9.750000e-01 5.000000e-01 0.000000e+00
3.290627e-03 3.878054e-04 5.719991e-01 1.025000e+00 5.000000e-01 0.000000e+00
2.546457e-03 3.402860e-04 5.719991e-01 1.075000e+00 5.000000e-01 0.000000e+00
2.977534e-03 3.610811e-04 5.719991e-01 1.125000e+00 5.000000e-01 0.000000e+00
1.982474e-03 2.923015e-04 5.719991e-01 1.175000e+00 5.000000e-01 0.000000e+00
1.036372e-03 2.115499e-04 5.719991e-01 1.225000e+00 5.000000e-01 0.000000e+00
1.123957e-03 2.204271e-04 5.719991e-01 1.275000e+00 5.000000e-01 0.000000e+00
1.608303e-03 2.609029e-04 5.719991e-01 1.325000e+00 5.000000e-01 0.000000e+00
1.569898e-03 2.546727e-04 5.719991e-01 1.375000e+00 5.000000e-01 0.000000e+00
1.359258e-03 2.331124e-04 5.719991e-01 1.425000e+00 5.000000e-01 0.000000e+00
1.270502e-03 2.245965e-04 5.719991e-01 1.475000e+00 5.000000e-01 0.000000e+00
7.926612e-04 1.772455e-04 5.719991e-01 1.525000e+00 5.000000e-01 0.000000e+00
3.937703e-04 1.245218e-04 5.719991e-01 1.575000e+00 5.000000e-01 0.000000e+00
6.975046e-04 1.644044e-04 5.719991e-01 1.625000e+00 5.000000e-01 0.000000e+00
8.291016e-04 1.767666e-04 5.719991e-01 1.675000e+00 5.000000e-01 0.000000e+00
8.118670e-04 1.730932e-04 5.719991e-01 1.725000e+00 5.000000e-01 0.000000e+00
6.585233e-04 1.552175e-04 5.719991e-01 1.775000e+00 5.000000e-01 0.000000e+00
5.041460e-04 1.347404e-04 5.719991e-01 1.825000e+00 5.000000e-01 0.000000e+00
6.367886e-04 1.500947e-04 5.719991e-01 1.875000e+00 5.000000e-01 0.000000e+00
4.867116e-04 1.300797e-04 5.719991e-01 1.925000e+00 5.000000e-01 0.000000e+00
4.084133e-04 1.179000e-04 5.719991e-01 1.975000e+00 5.000000e-01 0.000000e+00
1.036219e-03 1.831824e-04 5.719991e-01 2.025000e+00 5.000000e-01 0.000000e+00
3.036100e-04 9.601032e-05 5.719991e-01 2.075000e+00 5.000000e-01 0.000000e+00
4.577334e-04 1.144349e-04 5.719991e-01 2.125000e+00 5.000000e-01 0.000000e+00
4.996784e-04 1.177778e-04 5.719991e-01 2.175000e+00 5.000000e-01 0.000000e+00
3.843420e-04 1.027215e-04 5.719991e-01 2.225000e+00 5.000000e-01 0.000000e+00
7.524564e-04 1.422037e-04 5.719991e-01 2.275000e+00 5.000000e-01 0.000000e+00
5.546126e-04 1.240182e-04 5.719991e-01 2.325000e+00 5.000000e-01 0.000000e+00
3.531108e-04 1.019375e-04 5.719991e-01 2.375000e+00 5.000000e-01 0.000000e+00
4.290409e-04 1.146721e-04 5.719991e-01 2.425000e+00 5.000000e-01 0.000000e+00
8.569198e-04 1.680596e-04 5.719991e-01 2.475000e+00 5.000000e-01 0.000000e+00
5.007270e-04 1.338288e-04 5.719991e-01 2.525000e+00 5.000000e-01 0.000000e+00
9.328472e-04 1.904271e-04 5.719991e-01 2.575000e+00 5.000000e-01 0.000000e+00
6.958974e-04 1.739808e-04 5.719991e-01 2.625000e+00 5.000000e-01 0.000000e+00
1.004928e-03 2.247244e-04 5.719991e-01 2.675000e+00 5.000000e-01 0.000000e+00
3.643419e-04 1.487453e-04 5.719991e-01 2.725000e+00 5.000000e-01 0.000000e+00
7.786434e-04 2.462477e-04 5.719991e-01 2.775000e+00 5.000000e-01 0.000000e+00
7.131648e-04 2.911659e-04 5.719991e-01 2.825000e+00 5.000000e-01 0.000000e+00
1.176730e-03 5.883730e-04 5.719991e-01 2.875000e+00 5.000000e-01 0.000000e+00
5.365624e-01 4.941981e-03 5.819991e-01 2.500000e-02 5.000000e-01 0.000000e+00
1.258356e-01 2.428919e-03 5.819991e-01 7.500000e-02 5.000000e-01 0.000000e+00
1.213995e-02 7.471640e-04 5.819991e-01 1.250000e-01 5.000000e-01 0.000000e+00
7.893422e-03 5.984002e-04 5.819991e-01 1.750000e-01 5.000000e-01 0.000000e+00
7.200282e-03 5.728251e-04 5.819991e-01 2.250000e-01 5.000000e-01 0.000000e+00
4.975438e-03 4.743906e-04 5.819991e-01 2.750000e-01 5.000000e-01 0.000000e+00
6.355392e-03 5.333340e-04 5.819991e-01 3.250000e-01 5.000000e-01 0.000000e+00
5.537278e-03 4.972636e-04 5.819991e-01 3.750000e-01 5.000000e-01 0.000000e+00
4.766572e-03 4.544760e-04 5.819991e-01 4.250000e-01 5.000000e-01 0.000000e+00
5.242050e-03 4.785329e-04 5.819991e-01 4.750000e-01 5.000000e-01 0.000000e+00
5.110385e-03 4.704503e-04 5.819991e-01 5.250000e-01 5.000000e-01 0.000000e+00
5.631965e-03 4.939579e-04 5.819991e-01 5.750000e-01 5.000000e-01 0.000000e+00
4.526095e-03 4.438216e-04 5.819991e-01 6.250000e-01 5.000000e-01 0.000000e+00
5.665038e-03 4.893866e-04 5.819991e-01 6.750000e-01 5.000000e-01 0.000000e+00
4.948515e-03 4.555494e-04 5.819991e-01 7.250000e-01 5.000000e-01 0.000000e+00
5.029530e-03 4.710602e-04 5.819991e-01 7.750000e-01 5.000000e-01 0.000000e+00
3.337487e-03 3.933280e-04 5.819991e-01 8.250000e-01 5.000000e-01 0.000000e+00
2.565021e-03 3.490568e-04 5.819991e-01 8.750000e-01 5.000000e-01 0.000000e+00
2.403185e-03 3.332630e-04 5.819991e-01 9.250000e-01 5.000000e-01 0.000000e+00
3.860563e-03 4.162969e-04 5.819991e-01 9.750000e-01 5.000000e-01 0.000000e+00
2.536656e-03 3.389769e-04 5.819991e-01 1.025000e+00 5.000000e-01 0.000000e+00
2.631815e-03 3.455757e-04 5.819991e-01 1.075000e+00 5.000000e-01 0.000000e+00
3.099738e-03 3.759004e-04 5.819991e-01 1.125000e+00 5.000000e-01 0.000000e+00
2.663718e-03 3.438866e-04 5.819991e-01 1.175000e+00 5.000000e-01 0.000000e+00
1.285753e-03 2.347468e-04 5.819991e-01 1.225000e+00 5.000000e-01 0.000000e+00
1.250528e-03 2.283158e-04 5.819991e-01 1.275000e+00 5.000000e-01 0.000000e+00
1.988779e-03 2.870570e-04 5.819991e-01 1.325000e+00 5.000000e-01 0.000000e+00
8.280310e-04 1.851544e-04 5.819991e-01 1.375000e+00 5.000000e-01 0.000000e+00
1.068627e-03 2.095768e-04 5.819991e-01 1.425000e+00 5.000000e-01 0.000000e+00
5.684834e-04 1.519345e-04 5.819991e-01 1.475000e+00 5.000000e-01 0.000000e+00
1.346731e-03 2.309647e-04 5.819991e-01 1.525000e+00 5.000000e-01 0.000000e+00
7.738757e-04 1.730458e-04 5.819991e-01 1.575000e+00 5.000000e-01 0.000000e+00
9.868114e-04 1.935320e-04 5.819991e-01 1.625000e+00 5.000000e-01 0.000000e+00
9.791870e-04 1.920364e-04 5.819991e-01 1.675000e+00 5.000000e-01 0.000000e+00
3.741255e-04 1.183100e-04 5.819991e-01 1.725000e+00 5.000000e-01 0.000000e+00
3.687630e-04 1.166136e-04 5.819991e-01 1.775000e+00 5.000000e-01 0.000000e+00
1.086909e-03 1.984438e-04 5.819991e-01 1.825000e+00 5.000000e-01 0.000000e+00
4.966834e-04 1.327455e-04 5.819991e-01 1.875000e+00 5.000000e-01 0.000000e+00
6.922613e-04 1.547959e-04 5.819991e-01 1.925000e+00 5.000000e-01 0.000000e+00
6.479690e-04 1.448918e-04 5.819991e-01 1.975000e+00 5.000000e-01 0.000000e+00
8.513893e-04 1.608990e-04 5.819991e-01 2.025000e+00 5.000000e-01 0.000000e+00
6.950475e-04 1.418792e-04 5.819991e-01 2.075000e+00 5.000000e-01 0.000000e+00
6.237785e-04 1.329919e-04 5.819991e-01 2.125000e+00 5.000000e-01 0.000000e+00
8.401597e-04 1.533935e-04 5.819991e-01 2.175000e+00 5.000000e-01 0.000000e+00
8.288502e-04 1.513309e-04 5.819991e-01 2.225000e+00 5.000000e-01 0.000000e+00
4.036894e-04 1.078926e-04 5.819991e-01 2.275000e+00 5.000000e-01 0.000000e+00
9.135304e-04 1.667919e-04 5.819991e-01 2.325000e+00 5.000000e-01 0.000000e+00
5.097857e-04 1.274508e-04 5.819991e-01 2.375000e+00 5.000000e-01 0.000000e+00
1.173409e-03 2.012445e-04 5.819991e-01 2.425000e+00 5.000000e-01 0.000000e+00
7.452309e-04 1.666422e-04 5.819991e-01 2.475000e+00 5.000000e-01 0.000000e+00
4.932773e-04 1.424024e-04 5.819991e-01 2.525000e+00 5.000000e-01 0.000000e+00
1.832162e-04 9.160830e-05 5.819991e-01 2.575000e+00 5.000000e-01 0.000000e+00
5.332344e-04 1.686332e-04 5.819991e-01 2.625000e+00 5.000000e-01 0.000000e+00
8.829632e-04 2.360015e-04 5.819991e-01 2.675000e+00 5.000000e-01 0.000000e+00
1.305607e-03 3.264150e-04 5.819991e-01 2.725000e+00 5.000000e-01 0.000000e+00
2.493295e-04 1.763026e-04 5.819991e-01 2.775000e+00 5.000000e-01 0.000000e+00
6.213433e-04 4.393560e-04 5.819991e-01 2.825000e+00 5.000000e-01 0.000000e+00
0.000000e+00 0.000000e+00 5.819991e-01 2.875000e+00 5.000000e-01 0.000000e+00
5.129878e-01 4.912640e-03 5.919991e-01 2.500000e-02 5.000000e-01 0.000000e+00
1.221540e-01 2.417119e-03 5.919991e-01 7.500000e-02 5.000000e-01 0.000000e+00
1.134060e-02 7.201308e-04 5.919991e-01 1.250000e-01 5.000000e-01 0.000000e+00
5.510773e-03 4.989232e-04 5.919991e-01 1.750000e-01 5.000000e-01 0.000000e+00
6.655843e-03 5.508431e-04 5.919991e-01 2.250000e-01 5.000000e-01 0.000000e+00
5.790171e-03 5.117849e-04 5.919991e-01 2.750000e-01 5.000000e-01 0.000000e+00
6.615631e-03 5.438030e-04 5.919991e-01 3.250000e-01 5.000000e-01 0.000000e+00
4.562902e-03 4.517960e-04 5.919991e-01 3.750000e-01 5.000000e-01 0.000000e+00
5.417553e-03 4.865122e-04 5.919991e-01 4.250000e-01 5.000000e-01 0.000000e+00
5.946691e-03 5.099261e-04 5.919991e-01 4.750000e-01 5.000000e-01 0.000000e+00
5.069496e-03 4.706924e-04 5.919991e-01 5.250000e-01 5.000000e-01 0.000000e+00
5.487797e-03 4.888931e-04 5.919991e-01 5.750000e-01 5.000000e-01 0.000000e+00
4.706604e-03 4.571477e-04 5.919991e-01 6.250000e-01 5.000000e-01 0.000000e+00
5.112318e-03 4.830703e-04 5.919991e-01 6.750000e-01 5.000000e-01 0.000000e+00
4.949629e-03 4.719304e-04 5.919991e-01 7.250000e-01 5.000000e-01 0.000000e+00
4.555976e-03 4.602253e-04 5.919991e-01 7.750000e-01 5.000000e-01 0.000000e+00
3.692020e-03 4.180405e-04 5.919991e-01 8.250000e-01 5.000000e-01 0.000000e+00
4.172348e-03 4.447759e-04 5.919991e-01 8.750000e-01 5.000000e-01 0.000000e+00
3.317293e-03 3.964936e-04 5.919991e-01 9.250000e-01 5.000000e-01 0.000000e+00
3.089848e-03 3.803359e-04 5.919991e-01 9.750000e-01 5.000000e-01 0.000000e+00
3.571763e-03 3.993370e-04 5.919991e-01 1.025000e+00 5.000000e-01 0.000000e+00
2.724814e-03 3.460537e-04 5.919991e-01 1.075000e+00 5.000000e-01 0.000000e+00
2.737594e-03 3.476768e-04 5.919991e-01 1.125000e+00 5.000000e-01 0.000000e+00
1.578608e-03 2.631028e-04 5.919991e-01 1.175000e+00 5.000000e-01 0.000000e+00
2.277913e-03 3.158911e-04 5.919991e-01 1.225000e+00 5.000000e-01 0.000000e+00
1.296260e-03 2.366648e-04 5.919991e-01 1.275000e+00 5.000000e-01 0.000000e+00
2.011815e-03 2.903817e-04 5.919991e-01 1.325000e+00 5.000000e-01 0.000000e+00
1.156593e-03 2.185768e-04 5.919991e-01 1.375000e+00 5.000000e-01 0.000000e+00
1.615604e-03 2.554514e-04 5.919991e-01 1.425000e+00 5.000000e-01 0.000000e+00
9.454834e-04 1.929968e-04 5.919991e-01 1.475000e+00 5.000000e-01 0.000000e+00
8.672452e-04 1.848983e-04 5.919991e-01 1.525000e+00 5.000000e-01 0.000000e+00
6.268243e-04 1.567073e-04 5.919991e-01 1.575000e+00 5.000000e-01 0.000000e+00
4.697540e-04 1.356075e-04 5.919991e-01 1.625000e+00 5.000000e-01 0.000000e+00
9.880305e-04 1.937709e-04 5.919991e-01 1.675000e+00 5.000000e-01 0.000000e+00
8.160900e-04 1.739916e-04 5.919991e-01 1.725000e+00 5.000000e-01 0.000000e+00
8.930832e-04 1.823017e-04 5.919991e-01 1.775000e+00 5.000000e-01 0.000000e+00
5.060596e-04 1.352515e-04 5.919991e-01 1.825000e+00 5.000000e-01 0.000000e+00
7.589465e-04 1.618101e-04 5.919991e-01 1.875000e+00 5.000000e-01 0.000000e+00
5.935610e-04 1.399054e-04 5.919991e-01 1.925000e+00 5.000000e-01 0.000000e+00
1.042365e-03 1.787666e-04 5.919991e-01 1.975000e+00 5.000000e-01 0.000000e+00
5.287226e-04 1.246224e-04 5.919991e-01 2.025000e+00 5.000000e-01 0.000000e+00
5.268670e-04 1.241849e-04 5.919991e-01 2.075000e+00 5.000000e-01 0.000000e+00
7.921754e-04 1.497104e-04 5.919991e-01 2.125000e+00 5.000000e-01 0.000000e+00
7.995444e-04 1.511015e-04 5.919991e-01 2.175000e+00 5.000000e-01 0.000000e+00
4.143456e-04 1.107395e-04 5.919991e-01 2.225000e+00 5.000000e-01 0.000000e+00
4.389368e-04 1.173123e-04 5.919991e-01 2.275000e+00 5.000000e-01 0.000000e+00
8.053337e-04 1.643919e-04 5.919991e-01 2.325000e+00 5.000000e-01 0.000000e+00
7.932141e-04 1.691172e-04 5.919991e-01 2.375000e+00 5.000000e-01 0.000000e+00
5.466973e-04 1.461154e-04 5.919991e-01 2.425000e+00 5.000000e-01 0.000000e+00
7.749438e-04 1.826600e-04 5.919991e-01 2.475000e+00 5.000000e-01 0.000000e+00
3.886905e-04 1.374326e-04 5.919991e-01 2.525000e+00 5.000000e-01 0.000000e+00
5.679496e-04 1.796077e-04 5.919991e-01 2.575000e+00 5.000000e-01 0.000000e+00
4.028580e-04 1.644762e-04 5.919991e-01 2.625000e+00 5.000000e-01 0.000000e+00
3.477368e-04 1.738715e-04 5.919991e-01 2.675000e+00 5.000000e-01 0.000000e+00
8.340645e-04 3.405066e-04 5.919991e-01 2.725000e+00 5.000000e-01 0.000000e+00
0.000000e+00 0.000000e+00 5.919991e-01 2.775000e+00 5.000000e-01 0.000000e+00
0.000000e+00 0.000000e+00 5.919991e-01 2.825000e+00 5.000000e-01 0.000000e+00
nan nan 5.919991e-01 2.875000e+00 5.000000e-01 0.000000e+00
5.016056e-01 5.009559e-03 6.019991e-01 2.500000e-02 5.000000e-01 0.000000e+00
1.258579e-01 2.418559e-03 6.019991e-01 7.500000e-02 5.000000e-01 0.000000e+00
1.299703e-02 7.658594e-04 6.019991e-01 1.250000e-01 5.000000e-01 0.000000e+00
6.647018e-03 5.463827e-04 6.019991e-01 1.750000e-01 5.000000e-01 0.000000e+00
5.873793e-03 5.151669e-04 6.019991e-01 2.250000e-01 5.000000e-01 0.000000e+00
6.670553e-03 5.520602e-04 6.019991e-01 2.750000e-01 5.000000e-01 0.000000e+00
5.395592e-03 4.925493e-04 6.019991e-01 3.250000e-01 5.000000e-01 0.000000e+00
4.394812e-03 4.439445e-04 6.019991e-01 3.750000e-01 5.000000e-01 0.000000e+00
5.102991e-03 4.738023e-04 6.019991e-01 4.250000e-01 5.000000e-01 0.000000e+00
5.688110e-03 4.988819e-04 6.019991e-01 4.750000e-01 5.000000e-01 0.000000e+00
5.446187e-03 4.930760e-04 6.019991e-01 5.250000e-01 5.000000e-01 0.000000e+00
7.010411e-03 5.649169e-04 6.019991e-01 5.750000e-01 5.000000e-01 0.000000e+00
3.775811e-03 4.221500e-04 6.019991e-01 6.250000e-01 5.000000e-01 0.000000e+00
4.608765e-03 4.753593e-04 6.019991e-01 6.750000e-01 5.000000e-01 0.000000e+00
5.350625e-03 5.148658e-04 6.019991e-01 7.250000e-01 5.000000e-01 0.000000e+00
2.974556e-03 3.718211e-04 6.019991e-01 7.750000e-01 5.000000e-01 0.000000e+00
3.432431e-03 3.990137e-04 6.019991e-01 8.250000e-01 5.000000e-01 0.000000e+00
3.634548e-03 4.115333e-04 6.019991e-01 8.750000e-01 5.000000e-01 0.000000e+00
3.429960e-03 3.987264e-04 6.019991e-01 9.250000e-01 5.000000e-01 0.000000e+00
2.574754e-03 3.440674e-04 6.019991e-01 9.750000e-01 5.000000e-01 0.000000e+00
2.382287e-03 3.303654e-04 6.019991e-01 1.025000e+00 5.000000e-01 0.000000e+00
1.979154e-03 2.983704e-04 6.019991e-01 1.075000e+00 5.000000e-01 0.000000e+00
2.278680e-03 3.159973e-04 6.019991e-01 1.125000e+00 5.000000e-01 0.000000e+00
1.994041e-03 2.940067e-04 6.019991e-01 1.175000e+00 5.000000e-01 0.000000e+00
1.473787e-03 2.527538e-04 6.019991e-01 1.225000e+00 5.000000e-01 0.000000e+00
2.222833e-03 3.082529e-04 6.019991e-01 1.275000e+00 5.000000e-01 0.000000e+00
1.596544e-03 2.589957e-04 6.019991e-01 1.325000e+00 5.000000e-01 0.000000e+00
1.253347e-03 2.288301e-04 6.019991e-01 1.375000e+00 5.000000e-01 0.000000e+00
1.555552e-03 2.523454e-04 6.019991e-01 1.425000e+00 5.000000e-01 0.000000e+00
8.167670e-04 1.826364e-04 6.019991e-01 1.475000e+00 5.000000e-01 0.000000e+00
4.742673e-04 1.369097e-04 6.019991e-01 1.525000e+00 5.000000e-01 0.000000e+00
1.321950e-03 2.267143e-04 6.019991e-01 1.575000e+00 5.000000e-01 0.000000e+00
6.993268e-04 1.648340e-04 6.019991e-01 1.625000e+00 5.000000e-01 0.000000e+00
5.308571e-04 1.418796e-04 6.019991e-01 1.675000e+00 5.000000e-01 0.000000e+00
7.462310e-04 1.668641e-04 6.019991e-01 1.725000e+00 5.000000e-01 0.000000e+00
4.353134e-04 1.256648e-04 6.019991e-01 1.775000e+00 5.000000e-01 0.000000e+00
9.953113e-04 1.880986e-04 6.019991e-01 1.825000e+00 5.000000e-01 0.000000e+00
5.217073e-04 1.304281e-04 6.019991e-01 1.875000e+00 5.000000e-01 0.000000e+00
9.821015e-04 1.736152e-04 6.019991e-01 1.925000e+00 5.000000e-01 0.000000e+00
3.594599e-04 1.037683e-04 6.019991e-01 1.975000e+00 5.000000e-01 0.000000e+00
9.980302e-04 1.711638e-04 6.019991e-01 2.025000e+00 5.000000e-01 0.000000e+00
4.047478e-04 1.081755e-04 6.019991e-01 2.075000e+00 5.000000e-01 0.000000e+00
5.287387e-04 1.246258e-04 6.019991e-01 2.125000e+00 5.000000e-01 0.000000e+00
1.173450e-03 1.903619e-04 6.019991e-01 2.175000e+00 5.000000e-01 0.000000e+00
6.540002e-04 1.462406e-04 6.019991e-01 2.225000e+00 5.000000e-01 0.000000e+00
8.386151e-04 1.711873e-04 6.019991e-01 2.275000e+00 5.000000e-01 0.000000e+00
5.263944e-04 1.406894e-04 6.019991e-01 2.325000e+00 5.000000e-01 0.000000e+00
8.152883e-04 1.823104e-04 6.019991e-01 2.375000e+00 5.000000e-01 0.000000e+00
8.155799e-04 1.922407e-04 6.019991e-01 2.425000e+00 5.000000e-01 0.000000e+00
8.187584e-04 2.046940e-04 6.019991e-01 2.475000e+00 5.000000e-01 0.000000e+00
2.384775e-04 1.192421e-04 6.019991e-01 2.525000e+00 5.000000e-01 0.000000e+00
1.896840e-03 3.720203e-04 6.019991e-01 2.575000e+00 5.000000e-01 0.000000e+00
9.504605e-04 3.005703e-04 6.019991e-01 2.625000e+00 5.000000e-01 0.000000e+00
9.446475e-04 3.856696e-04 6.019991e-01 2.675000e+00 5.000000e-01 0.000000e+00
8.002531e-04 5.658644e-04 6.019991e-01 2.725000e+00 5.000000e-01 0.000000e+00
0.000000e+00 0.000000e+00 6.019991e-01 2.775000e+00 5.000000e-01 0.000000e+00
nan nan 6.019991e-01 2.825000e+00 5.000000e-01 0.000000e+00
nan nan 6.019991e-01 2.875000e+00 5.000000e-01 0.000000e+00
4.941389e-01 4.832448e-03 6.119991e-01 2.500000e-02 5.000000e-01 0.000000e+00
1.225080e-01 2.370881e-03 6.119991e-01 7.500000e-02 5.000000e-01 0.000000e+00
1.071526e-02 6.945692e-04 6.119991e-01 1.250000e-01 5.000000e-01 0.000000e+00
5.957619e-03 5.185453e-04 6.119991e-01 1.750000e-01 5.000000e-01 0.000000e+00
6.855011e-03 5.560164e-04 6.119991e-01 2.250000e-01 5.000000e-01 0.000000e+00
5.845825e-03 5.127140e-04 6.119991e-01 2.750000e-01 5.000000e-01 0.000000e+00
5.391688e-03 4.921927e-04 6.119991e-01 3.250000e-01 5.000000e-01 0.000000e+00
5.676750e-03 5.017600e-04 6.119991e-01 3.750000e-01 5.000000e-01 0.000000e+00
4.335364e-03 4.379391e-04 6.119991e-01 4.250000e-01 5.000000e-01 0.000000e+00
5.230248e-03 4.814849e-04 6.119991e-01 4.750000e-01 5.000000e-01 0.000000e+00
5.199261e-03 4.912857e-04 6.119991e-01 5.250000e-01 5.000000e-01 0.000000e+00
5.267660e-03 5.068825e-04 6.119991e-01 5.750000e-01 5.000000e-01 0.000000e+00
6.227215e-03 5.547659e-04 6.119991e-01 6.250000e-01 5.000000e-01 0.000000e+00
4.588213e-03 4.732397e-04 6.119991e-01 6.750000e-01 5.000000e-01 0.000000e+00
4.863533e-03 4.863551e-04 6.119991e-01 7.250000e-01 5.000000e-01 0.000000e+00
3.890597e-03 4.349836e-04 6.119991e-01 7.750000e-01 5.000000e-01 0.000000e+00
4.631825e-03 4.631847e-04 6.119991e-01 8.250000e-01 5.000000e-01 0.000000e+00
4.139651e-03 4.315900e-04 6.119991e-01 8.750000e-01 5.000000e-01 0.000000e+00
4.488592e-03 4.534180e-04 6.119991e-01 9.250000e-01 5.000000e-01 0.000000e+00
3.014011e-03 3.710008e-04 6.119991e-01 9.750000e-01 5.000000e-01 0.000000e+00
2.551980e-03 3.410242e-04 6.119991e-01 1.025000e+00 5.000000e-01 0.000000e+00
2.090829e-03 3.082774e-04 6.119991e-01 1.075000e+00 5.000000e-01 0.000000e+00
2.181648e-03 3.148956e-04 6.119991e-01 1.125000e+00 5.000000e-01 0.000000e+00
2.431790e-03 3.309269e-04 6.119991e-01 1.175000e+00 5.000000e-01 0.000000e+00
1.384731e-03 2.447895e-04 6.119991e-01 1.225000e+00 5.000000e-01 0.000000e+00
1.175751e-03 2.221976e-04 6.119991e-01 1.275000e+00 5.000000e-01 0.000000e+00
1.752509e-03 2.704205e-04 6.119991e-01 1.325000e+00 5.000000e-01 0.000000e+00
9.878854e-04 2.016521e-04 6.119991e-01 1.375000e+00 5.000000e-01 0.000000e+00
1.396446e-03 2.394904e-04 6.119991e-01 1.425000e+00 5.000000e-01 0.000000e+00
1.351533e-03 2.317867e-04 6.119991e-01 1.475000e+00 5.000000e-01 0.000000e+00
7.898000e-04 1.766065e-04 6.119991e-01 1.525000e+00 5.000000e-01 0.000000e+00
7.839803e-04 1.753049e-04 6.119991e-01 1.575000e+00 5.000000e-01 0.000000e+00
6.882335e-04 1.622197e-04 6.119991e-01 1.625000e+00 5.000000e-01 0.000000e+00
9.122939e-04 1.862221e-04 6.119991e-01 1.675000e+00 5.000000e-01 0.000000e+00
1.092442e-03 1.994544e-04 6.119991e-01 1.725000e+00 5.000000e-01 0.000000e+00
1.068863e-03 1.951492e-04 6.119991e-01 1.775000e+00 5.000000e-01 0.000000e+00
4.582590e-04 1.224760e-04 6.119991e-01 1.825000e+00 5.000000e-01 0.000000e+00
4.982896e-04 1.245744e-04 6.119991e-01 1.875000e+00 5.000000e-01 0.000000e+00
5.470181e-04 1.289345e-04 6.119991e-01 1.925000e+00 5.000000e-01 0.000000e+00
8.895741e-04 1.624149e-04 6.119991e-01 1.975000e+00 5.000000e-01 0.000000e+00
4.721808e-04 1.180462e-04 6.119991e-01 2.025000e+00 5.000000e-01 0.000000e+00
5.462389e-04 1.287506e-04 6.119991e-01 2.075000e+00 5.000000e-01 0.000000e+00
4.490505e-04 1.200151e-04 6.119991e-01 2.125000e+00 5.000000e-01 0.000000e+00
4.747392e-04 1.268817e-04 6.119991e-01 2.175000e+00 5.000000e-01 0.000000e+00
5.117648e-04 1.367780e-04 6.119991e-01 2.225000e+00 5.000000e-01 0.000000e+00
3.925438e-04 1.241358e-04 6.119991e-01 2.275000e+00 5.000000e-01 0.000000e+00
5.206577e-04 1.503017e-04 6.119991e-01 2.325000e+00 5.000000e-01 0.000000e+00
4.792982e-04 1.515746e-04 6.119991e-01 2.375000e+00 5.000000e-01 0.000000e+00
5.477460e-04 1.732138e-04 6.119991e-01 2.425000e+00 5.000000e-01 0.000000e+00
5.143970e-04 1.818730e-04 6.119991e-01 2.475000e+00 5.000000e-01 0.000000e+00
7.861608e-04 2.486160e-04 6.119991e-01 2.525000e+00 5.000000e-01 0.000000e+00
4.158164e-04 2.079120e-04 6.119991e-01 2.575000e+00 5.000000e-01 0.000000e+00
1.059536e-03 4.325792e-04 6.119991e-01 2.625000e+00 5.000000e-01 0.000000e+00
0.000000e+00 0.000000e+00 6.119991e-01 2.675000e+00 5.000000e-01 0.000000e+00
0.000000e+00 0.000000e+00 6.119991e-01 2.725000e+00 5.000000e-01 0.000000e+00
nan nan 6.119991e-01 2.775000e+00 5.000000e-01 0.000000e+00
nan nan 6.119991e-01 2.825000e+00 5.000000e-01 0.000000e+00
nan nan 6.119991e-01 2.875000e+00 5.000000e-01 0.000000e+00
4.907440e-01 4.778272e-03 6.219991e-01 2.500000e-02 5.000000e-01 0.000000e+00
1.225229e-01 2.382798e-03 6.219991e-01 7.500000e-02 5.000000e-01 0.000000e+00
1.052180e-02 6.907918e-04 6.219991e-01 1.250000e-01 5.000000e-01 0.000000e+00
5.852513e-03 5.133008e-04 6.219991e-01 1.750000e-01 5.000000e-01 0.000000e+00
3.882403e-03 4.186514e-04 6.219991e-01 2.250000e-01 5.000000e-01 0.000000e+00
5.190326e-03 4.819111e-04 6.219991e-01 2.750000e-01 5.000000e-01 0.000000e+00
5.126989e-03 4.801878e-04 6.219991e-01 3.250000e-01 5.000000e-01 0.000000e+00
4.389319e-03 4.479844e-04 6.219991e-01 3.750000e-01 5.000000e-01 0.000000e+00
4.959346e-03 4.816957e-04 6.219991e-01 4.250000e-01 5.000000e-01 0.000000e+00
5.516155e-03 5.078050e-04 6.219991e-01 4.750000e-01 5.000000e-01 0.000000e+00
5.547490e-03 5.195718e-04 6.219991e-01 5.250000e-01 5.000000e-01 0.000000e+00
4.463807e-03 4.705281e-04 6.219991e-01 5.750000e-01 5.000000e-01 0.000000e+00
5.051071e-03 5.001321e-04 6.219991e-01 6.250000e-01 5.000000e-01 0.000000e+00
4.739570e-03 4.837320e-04 6.219991e-01 6.750000e-01 5.000000e-01 0.000000e+00
3.891390e-03 4.350719e-04 6.219991e-01 7.250000e-01 5.000000e-01 0.000000e+00
4.431331e-03 4.619996e-04 6.219991e-01 7.750000e-01 5.000000e-01 0.000000e+00
3.749104e-03 4.245039e-04 6.219991e-01 8.250000e-01 5.000000e-01 0.000000e+00
2.456552e-03 3.406639e-04 6.219991e-01 8.750000e-01 5.000000e-01 0.000000e+00
3.896851e-03 4.202102e-04 6.219991e-01 9.250000e-01 5.000000e-01 0.000000e+00
2.775565e-03 3.524985e-04 6.219991e-01 9.750000e-01 5.000000e-01 0.000000e+00
2.892730e-03 3.615931e-04 6.219991e-01 1.025000e+00 5.000000e-01 0.000000e+00
3.503394e-03 3.966834e-04 6.219991e-01 1.075000e+00 5.000000e-01 0.000000e+00
2.343357e-03 3.249661e-04 6.219991e-01 1.125000e+00 5.000000e-01 0.000000e+00
2.384975e-03 3.245555e-04 6.219991e-01 1.175000e+00 5.000000e-01 0.000000e+00
1.927199e-03 2.905378e-04 6.219991e-01 1.225000e+00 5.000000e-01 0.000000e+00
1.896900e-03 2.859700e-04 6.219991e-01 1.275000e+00 5.000000e-01 0.000000e+00
6.759967e-04 1.690000e-04 6.219991e-01 1.325000e+00 5.000000e-01 0.000000e+00
1.101161e-03 2.159568e-04 6.219991e-01 1.375000e+00 5.000000e-01 0.000000e+00
1.713441e-03 2.643914e-04 6.219991e-01 1.425000e+00 5.000000e-01 0.000000e+00
1.384586e-03 2.374566e-04 6.219991e-01 1.475000e+00 5.000000e-01 0.000000e+00
8.649840e-04 1.844161e-04 6.219991e-01 1.525000e+00 5.000000e-01 0.000000e+00
8.640389e-04 1.842154e-04 6.219991e-01 1.575000e+00 5.000000e-01 0.000000e+00
6.987548e-04 1.646997e-04 6.219991e-01 1.625000e+00 5.000000e-01 0.000000e+00
5.212011e-04 1.392972e-04 6.219991e-01 1.675000e+00 5.000000e-01 0.000000e+00
6.407429e-04 1.510264e-04 6.219991e-01 1.725000e+00 5.000000e-01 0.000000e+00
1.058957e-03 1.872006e-04 6.219991e-01 1.775000e+00 5.000000e-01 0.000000e+00
4.401601e-04 1.176385e-04 6.219991e-01 1.825000e+00 5.000000e-01 0.000000e+00
1.181652e-03 1.916903e-04 6.219991e-01 1.875000e+00 5.000000e-01 0.000000e+00
4.230676e-04 1.130707e-04 6.219991e-01 1.925000e+00 5.000000e-01 0.000000e+00
7.258173e-04 1.481596e-04 6.219991e-01 1.975000e+00 5.000000e-01 0.000000e+00
4.403347e-04 1.176863e-04 6.219991e-01 2.025000e+00 5.000000e-01 0.000000e+00
7.917121e-04 1.616101e-04 6.219991e-01 2.075000e+00 5.000000e-01 0.000000e+00
8.576914e-04 1.750792e-04 6.219991e-01 2.125000e+00 5.000000e-01 0.000000e+00
3.022539e-04 1.068644e-04 6.219991e-01 2.175000e+00 5.000000e-01 0.000000e+00
2.484744e-04 1.014405e-04 6.219991e-01 2.225000e+00 5.000000e-01 0.000000e+00
4.542511e-04 1.436483e-04 6.219991e-01 2.275000e+00 5.000000e-01 0.000000e+00
2.026760e-04 1.013452e-04 6.219991e-01 2.325000e+00 5.000000e-01 0.000000e+00
5.803131e-04 1.835142e-04 6.219991e-01 2.375000e+00 5.000000e-01 0.000000e+00
5.507558e-04 1.947275e-04 6.219991e-01 2.425000e+00 5.000000e-01 0.000000e+00
8.576085e-04 2.712103e-04 6.219991e-01 2.475000e+00 5.000000e-01 0.000000e+00
9.476730e-04 3.350590e-04 6.219991e-01 2.525000e+00 5.000000e-01 0.000000e+00
7.965083e-04 3.982561e-04 6.219991e-01 2.575000e+00 5.000000e-01 0.000000e+00
0.000000e+00 0.000000e+00 6.219991e-01 2.625000e+00 5.000000e-01 0.000000e+00
0.000000e+00 0.000000e+00 6.219991e-01 2.675000e+00 5.000000e-01 0.000000e+00
nan nan 6.219991e-01 2.725000e+00 5.000000e-01 0.000000e+00
nan nan 6.219991e-01 2.775000e+00 5.000000e-01 0.000000e+00
nan nan 6.219991e-01 2.825000e+00 5.000000e-01 0.000000e+00
nan nan 6.219991e-01 2.875000e+00 5.000000e-01 0.000000e+00
4.721599e-01 4.693995e-03 6.319991e-01 2.500000e-02 5.000000e-01 0.000000e+00
1.220872e-01 2.377024e-03 6.319991e-01 7.500000e-02 5.000000e-01 0.000000e+00
1.127674e-02 7.189802e-04 6.319991e-01 1.250000e-01 5.000000e-01 0.000000e+00
5.805198e-03 5.131132e-04 6.319991e-01 1.750000e-01 5.000000e-01 0.000000e+00
5.585476e-03 5.015918e-04 6.319991e-01 2.250000e-01 5.000000e-01 0.000000e+00
5.308295e-03 4.928638e-04 6.319991e-01 2.750000e-01 5.000000e-01 0.000000e+00
4.341613e-03 4.526456e-04 6.319991e-01 3.250000e-01 5.000000e-01 0.000000e+00
6.017351e-03 5.447871e-04 6.319991e-01 3.750000e-01 5.000000e-01 0.000000e+00
5.006290e-03 5.057128e-04 6.319991e-01 4.250000e-01 5.000000e-01 0.000000e+00
4.335109e-03 4.621256e-04 6.319991e-01 4.750000e-01 5.000000e-01 0.000000e+00
5.285132e-03 5.039191e-04 6.319991e-01 5.250000e-01 5.000000e-01 0.000000e+00
4.386695e-03 4.623998e-04 6.319991e-01 5.750000e-01 5.000000e-01 0.000000e+00
5.328046e-03 5.126930e-04 6.319991e-01 6.250000e-01 5.000000e-01 0.000000e+00
3.997116e-03 4.414092e-04 6.319991e-01 6.750000e-01 5.000000e-01 0.000000e+00
3.707790e-03 4.253140e-04 6.319991e-01 7.250000e-01 5.000000e-01 0.000000e+00
4.478461e-03 4.669135e-04 6.319991e-01 7.750000e-01 5.000000e-01 0.000000e+00
2.639632e-03 3.592095e-04 6.319991e-01 8.250000e-01 5.000000e-01 0.000000e+00
4.018018e-03 4.384031e-04 6.319991e-01 8.750000e-01 5.000000e-01 0.000000e+00
4.254937e-03 4.485114e-04 6.319991e-01 9.250000e-01 5.000000e-01 0.000000e+00
3.050743e-03 3.755225e-04 6.319991e-01 9.750000e-01 5.000000e-01 0.000000e+00
2.784513e-03 3.536352e-04 6.319991e-01 1.025000e+00 5.000000e-01 0.000000e+00
2.742862e-03 3.483455e-04 6.319991e-01 1.075000e+00 5.000000e-01 0.000000e+00
1.573257e-03 2.622111e-04 6.319991e-01 1.125000e+00 5.000000e-01 0.000000e+00
1.918639e-03 2.892476e-04 6.319991e-01 1.175000e+00 5.000000e-01 0.000000e+00
2.487782e-03 3.266640e-04 6.319991e-01 1.225000e+00 5.000000e-01 0.000000e+00
1.533185e-03 2.555320e-04 6.319991e-01 1.275000e+00 5.000000e-01 0.000000e+00
1.917414e-03 2.827095e-04 6.319991e-01 1.325000e+00 5.000000e-01 0.000000e+00
1.072545e-03 2.103455e-04 6.319991e-01 1.375000e+00 5.000000e-01 0.000000e+00
6.623733e-04 1.655947e-04 6.319991e-01 1.425000e+00 5.000000e-01 0.000000e+00
1.201186e-03 2.193076e-04 6.319991e-01 1.475000e+00 5.000000e-01 0.000000e+00
8.595872e-04 1.832665e-04 6.319991e-01 1.525000e+00 5.000000e-01 0.000000e+00
9.318188e-04 1.902082e-04 6.319991e-01 1.575000e+00 5.000000e-01 0.000000e+00
6.739116e-04 1.588434e-04 6.319991e-01 1.625000e+00 5.000000e-01 0.000000e+00
9.817322e-04 1.855320e-04 6.319991e-01 1.675000e+00 5.000000e-01 0.000000e+00
7.209676e-04 1.537127e-04 6.319991e-01 1.725000e+00 5.000000e-01 0.000000e+00
3.235965e-04 1.023317e-04 6.319991e-01 1.775000e+00 5.000000e-01 0.000000e+00
9.608327e-04 1.754250e-04 6.319991e-01 1.825000e+00 5.000000e-01 0.000000e+00
6.809051e-04 1.451714e-04 6.319991e-01 1.875000e+00 5.000000e-01 0.000000e+00
8.031000e-04 1.575021e-04 6.319991e-01 1.925000e+00 5.000000e-01 0.000000e+00
4.565876e-04 1.220296e-04 6.319991e-01 1.975000e+00 5.000000e-01 0.000000e+00
2.762868e-04 9.768248e-05 6.319991e-01 2.025000e+00 5.000000e-01 0.000000e+00
5.907131e-04 1.476792e-04 6.319991e-01 2.075000e+00 5.000000e-01 0.000000e+00
7.095927e-04 1.672560e-04 6.319991e-01 2.125000e+00 5.000000e-01 0.000000e+00
5.270772e-04 1.521562e-04 6.319991e-01 2.175000e+00 5.000000e-01 0.000000e+00
3.793785e-04 1.341345e-04 6.319991e-01 2.225000e+00 5.000000e-01 0.000000e+00
6.505977e-04 1.878153e-04 6.319991e-01 2.275000e+00 5.000000e-01 0.000000e+00
1.246483e-04 8.813967e-05 6.319991e-01 2.325000e+00 5.000000e-01 0.000000e+00
5.956612e-04 2.106077e-04 6.319991e-01 2.375000e+00 5.000000e-01 0.000000e+00
5.753277e-04 2.348795e-04 6.319991e-01 2.425000e+00 5.000000e-01 0.000000e+00
5.278113e-04 2.639060e-04 6.319991e-01 2.475000e+00 5.000000e-01 0.000000e+00
0.000000e+00 0.000000e+00 6.319991e-01 2.525000e+00 5.000000e-01 0.000000e+00
0.000000e+00 0.000000e+00 6.319991e-01 2.575000e+00 5.000000e-01 0.000000e+00
0.000000e+00 0.000000e+00 6.319991e-01 2.625000e+00 5.000000e-01 0.000000e+00
nan nan 6.319991e-01 2.675000e+00 5.000000e-01 0.000000e+00
nan nan 6.319991e-01 2.725000e+00 5.000000e-01 0.000000e+00
nan nan 6.319991e-01 2.775000e+00 5.000000e-01 0.000000e+00
nan nan 6.319991e-01 2.825000e+00 5.000000e-01 0.000000e+00
nan nan 6.319991e-01 2.875000e+00 5.000000e-01 0.000000e+00
4.657585e-01 4.659925e-03 6.419991e-01 2.500000e-02 5.000000e-01 0.000000e+00
1.234385e-01 2.390679e-03 6.419991e-01 7.500000e-02 5.000000e-01 0.000000e+00
9.308750e-03 6.549632e-04 6.419991e-01 1.250000e-01 5.000000e-01 0.000000e+00
5.982521e-03 5.287866e-04 6.419991e-01 1.750000e-01 5.000000e-01 0.000000e+00
5.434912e-03 5.090273e-04 6.419991e-01 2.250000e-01 5.000000e-01 0.000000e+00
4.999793e-03 4.950547e-04 6.419991e-01 2.750000e-01 5.000000e-01 0.000000e+00
4.569906e-03 4.817116e-04 6.419991e-01 3.250000e-01 5.000000e-01 0.000000e+00
4.716076e-03 4.916861e-04 6.419991e-01 3.750000e-01 5.000000e-01 0.000000e+00
4.417789e-03 4.763838e-04 6.419991e-01 4.250000e-01 5.000000e-01 0.000000e+00
5.427213e-03 5.271389e-04 6.419991e-01 4.750000e-01 5.000000e-01 0.000000e+00
3.943570e-03 4.354958e-04 6.419991e-01 5.250000e-01 5.000000e-01 0.000000e+00
3.760548e-03 4.257999e-04 6.419991e-01 5.750000e-01 5.000000e-01 0.000000e+00
4.263992e-03 4.545446e-04 6.419991e-01 6.250000e-01 5.000000e-01 0.000000e+00
3.005123e-03 3.816524e-04 6.419991e-01 6.750000e-01 5.000000e-01 0.000000e+00
4.432638e-03 4.621357e-04 6.419991e-01 7.250000e-01 5.000000e-01 0.000000e+00
3.531995e-03 4.105876e-04 6.419991e-01 7.750000e-01 5.000000e-01 0.000000e+00
3.354638e-03 4.009579e-04 6.419991e-01 8.250000e-01 5.000000e-01 0.000000e+00
2.867747e-03 3.702259e-04 6.419991e-01 8.750000e-01 5.000000e-01 0.000000e+00
3.504241e-03 4.073621e-04 6.419991e-01 9.250000e-01 5.000000e-01 0.000000e+00
3.391881e-03 3.997388e-04 6.419991e-01 9.750000e-01 5.000000e-01 0.000000e+00
2.490943e-03 3.389766e-04 6.419991e-01 1.025000e+00 5.000000e-01 0.000000e+00
2.491924e-03 3.391095e-04 6.419991e-01 1.075000e+00 5.000000e-01 0.000000e+00
2.274285e-03 3.216343e-04 6.419991e-01 1.125000e+00 5.000000e-01 0.000000e+00
1.542012e-03 2.644540e-04 6.419991e-01 1.175000e+00 5.000000e-01 0.000000e+00
1.333495e-03 2.434625e-04 6.419991e-01 1.225000e+00 5.000000e-01 0.000000e+00
1.446731e-03 2.481137e-04 6.419991e-01 1.275000e+00 5.000000e-01 0.000000e+00
7.634557e-04 1.799495e-04 6.419991e-01 1.325000e+00 5.000000e-01 0.000000e+00
1.179384e-03 2.228835e-04 6.419991e-01 1.375000e+00 5.000000e-01 0.000000e+00
1.388242e-03 2.380830e-04 6.419991e-01 1.425000e+00 5.000000e-01 0.000000e+00
1.527506e-03 2.477959e-04 6.419991e-01 1.475000e+00 5.000000e-01 0.000000e+00
9.681549e-04 1.976255e-04 6.419991e-01 1.525000e+00 5.000000e-01 0.000000e+00
6.774261e-04 1.596718e-04 6.419991e-01 1.575000e+00 5.000000e-01 0.000000e+00
6.348699e-04 1.496412e-04 6.419991e-01 1.625000e+00 5.000000e-01 0.000000e+00
7.984143e-04 1.629774e-04 6.419991e-01 1.675000e+00 5.000000e-01 0.000000e+00
9.783474e-04 1.786228e-04 6.419991e-01 1.725000e+00 5.000000e-01 0.000000e+00
1.019377e-03 1.802041e-04 6.419991e-01 1.775000e+00 5.000000e-01 0.000000e+00
4.385294e-04 1.172031e-04 6.419991e-01 1.825000e+00 5.000000e-01 0.000000e+00
8.916312e-04 1.685042e-04 6.419991e-01 1.875000e+00 5.000000e-01 0.000000e+00
1.088130e-03 1.923579e-04 6.419991e-01 1.925000e+00 5.000000e-01 0.000000e+00
4.360892e-04 1.258894e-04 6.419991e-01 1.975000e+00 5.000000e-01 0.000000e+00
4.596571e-04 1.326936e-04 6.419991e-01 2.025000e+00 5.000000e-01 0.000000e+00
3.398521e-04 1.201562e-04 6.419991e-01 2.075000e+00 5.000000e-01 0.000000e+00
3.627147e-04 1.282394e-04 6.419991e-01 2.125000e+00 5.000000e-01 0.000000e+00
5.004722e-04 1.582647e-04 6.419991e-01 2.175000e+00 5.000000e-01 0.000000e+00
9.325879e-04 2.331517e-04 6.419991e-01 2.225000e+00 5.000000e-01 0.000000e+00
2.692090e-04 1.346066e-04 6.419991e-01 2.275000e+00 5.000000e-01 0.000000e+00
6.343925e-04 2.242928e-04 6.419991e-01 2.325000e+00 5.000000e-01 0.000000e+00
6.495727e-04 2.651941e-04 6.419991e-01 2.375000e+00 5.000000e-01 0.000000e+00
9.441979e-04 3.854763e-04 6.419991e-01 2.425000e+00 5.000000e-01 0.000000e+00
0.000000e+00 0.000000e+00 6.419991e-01 2.475000e+00 5.000000e-01 0.000000e+00
0.000000e+00 0.000000e+00 6.419991e-01 2.525000e+00 5.000000e-01 0.000000e+00
nan nan 6.419991e-01 2.575000e+00 5.000000e-01 0.000000e+00
nan nan 6.419991e-01 2.625000e+00 5.000000e-01 0.000000e+00
nan nan 6.419991e-01 2.675000e+00 5.000000e-01 0.000000e+00
nan nan 6.419991e-01 2.725000e+00 5.000000e-01 0.000000e+00
nan nan 6.419991e-01 2.775000e+00 5.000000e-01 0.000000e+00
nan nan 6.419991e-01 2.825000e+00 5.000000e-01 0.000000e+00
nan nan 6.419991e-01 2.875000e+00 5.000000e-01 0.000000e+00
4.760396e-01 4.711196e-03 6.519991e-01 2.500000e-02 5.000000e-01 0.000000e+00
1.287252e-01 2.463673e-03 6.519991e-01 7.500000e-02 5.000000e-01 0.000000e+00
9.969220e-03 6.945901e-04 6.519991e-01 1.250000e-01 5.000000e-01 0.000000e+00
5.623422e-03 5.313646e-04 6.519991e-01 1.750000e-01 5.000000e-01 0.000000e+00
5.571269e-03 5.360970e-04 6.519991e-01 2.250000e-01 5.000000e-01 0.000000e+00
4.139069e-03 4.627634e-04 6.519991e-01 2.750000e-01 5.000000e-01 0.000000e+00
5.428515e-03 5.272654e-04 6.519991e-01 3.250000e-01 5.000000e-01 0.000000e+00
4.805593e-03 4.956604e-04 6.519991e-01 3.750000e-01 5.000000e-01 0.000000e+00
5.247841e-03 5.196150e-04 6.519991e-01 4.250000e-01 5.000000e-01 0.000000e+00
4.434856e-03 4.782241e-04 6.519991e-01 4.750000e-01 5.000000e-01 0.000000e+00
5.564823e-03 5.305866e-04 6.519991e-01 5.250000e-01 5.000000e-01 0.000000e+00
4.306521e-03 4.489872e-04 6.519991e-01 5.750000e-01 5.000000e-01 0.000000e+00
4.491983e-03 4.537606e-04 6.519991e-01 6.250000e-01 5.000000e-01 0.000000e+00
4.071084e-03 4.389978e-04 6.519991e-01 6.750000e-01 5.000000e-01 0.000000e+00
4.185910e-03 4.462212e-04 6.519991e-01 7.250000e-01 5.000000e-01 0.000000e+00
4.117737e-03 4.440288e-04 6.519991e-01 7.750000e-01 5.000000e-01 0.000000e+00
4.315855e-03 4.549330e-04 6.519991e-01 8.250000e-01 5.000000e-01 0.000000e+00
3.041501e-03 3.801893e-04 6.519991e-01 8.750000e-01 5.000000e-01 0.000000e+00
3.451019e-03 4.011747e-04 6.519991e-01 9.250000e-01 5.000000e-01 0.000000e+00
2.902421e-03 3.628043e-04 6.519991e-01 9.750000e-01 5.000000e-01 0.000000e+00
2.896523e-03 3.620670e-04 6.519991e-01 1.025000e+00 5.000000e-01 0.000000e+00
1.807421e-03 2.857794e-04 6.519991e-01 1.075000e+00 5.000000e-01 0.000000e+00
2.169293e-03 3.131122e-04 6.519991e-01 1.125000e+00 5.000000e-01 0.000000e+00
2.406440e-03 3.274770e-04 6.519991e-01 1.175000e+00 5.000000e-01 0.000000e+00
1.563818e-03 2.606382e-04 6.519991e-01 1.225000e+00 5.000000e-01 0.000000e+00
1.797076e-03 2.772965e-04 6.519991e-01 1.275000e+00 5.000000e-01 0.000000e+00
2.279892e-03 3.102557e-04 6.519991e-01 1.325000e+00 5.000000e-01 0.000000e+00
1.245078e-03 2.273209e-04 6.519991e-01 1.375000e+00 5.000000e-01 0.000000e+00
9.911828e-04 2.023263e-04 6.519991e-01 1.425000e+00 5.000000e-01 0.000000e+00
1.256504e-03 2.221229e-04 6.519991e-01 1.475000e+00 5.000000e-01 0.000000e+00
1.106036e-03 2.019350e-04 6.519991e-01 1.525000e+00 5.000000e-01 0.000000e+00
1.258289e-03 2.097163e-04 6.519991e-01 1.575000e+00 5.000000e-01 0.000000e+00
8.736716e-04 1.713431e-04 6.519991e-01 1.625000e+00 5.000000e-01 0.000000e+00
1.110950e-03 1.905273e-04 6.519991e-01 1.675000e+00 5.000000e-01 0.000000e+00
6.499988e-04 1.453454e-04 6.519991e-01 1.725000e+00 5.000000e-01 0.000000e+00
7.833470e-04 1.599013e-04 6.519991e-01 1.775000e+00 5.000000e-01 0.000000e+00
4.738522e-04 1.266437e-04 6.519991e-01 1.825000e+00 5.000000e-01 0.000000e+00
5.774365e-04 1.443597e-04 6.519991e-01 1.875000e+00 5.000000e-01 0.000000e+00
6.975156e-04 1.644087e-04 6.519991e-01 1.925000e+00 5.000000e-01 0.000000e+00
2.428309e-04 9.913653e-05 6.519991e-01 1.975000e+00 5.000000e-01 0.000000e+00
5.239322e-04 1.512485e-04 6.519991e-01 2.025000e+00 5.000000e-01 0.000000e+00
5.811347e-04 1.677624e-04 6.519991e-01 2.075000e+00 5.000000e-01 0.000000e+00
6.548506e-04 1.890412e-04 6.519991e-01 2.125000e+00 5.000000e-01 0.000000e+00
7.530370e-04 2.173853e-04 6.519991e-01 2.175000e+00 5.000000e-01 0.000000e+00
7.208180e-04 2.279469e-04 6.519991e-01 2.225000e+00 5.000000e-01 0.000000e+00
8.914900e-04 2.819180e-04 6.519991e-01 2.275000e+00 5.000000e-01 0.000000e+00
2.374213e-04 1.678822e-04 6.519991e-01 2.325000e+00 5.000000e-01 0.000000e+00
7.359048e-04 3.679593e-04 6.519991e-01 2.375000e+00 5.000000e-01 0.000000e+00
9.230728e-04 6.527110e-04 6.519991e-01 2.425000e+00 5.000000e-01 0.000000e+00
0.000000e+00 0.000000e+00 6.519991e-01 2.475000e+00 5.000000e-01 0.000000e+00
nan nan 6.519991e-01 2.525000e+00 5.000000e-01 0.000000e+00
nan nan 6.519991e-01 2.575000e+00 5.000000e-01 0.000000e+00
nan nan 6.519991e-01 2.625000e+00 5.000000e-01 0.000000e+00
nan nan 6.519991e-01 2.675000e+00 5.000000e-01 0.000000e+00
nan nan 6.519991e-01 2.725000e+00 5.000000e-01 0.000000e+00
nan nan 6.519991e-01 2.775000e+00 5.000000e-01 0.000000e+00
nan nan 6.519991e-01 2.825000e+00 5.000000e-01 0.000000e+00
nan nan 6.519991e-01 2.875000e+00 5.000000e-01 0.000000e+00
4.790353e-01 4.832100e-03 6.619990e-01 2.500000e-02 5.000000e-01 0.000000e+00
1.313461e-01 2.572946e-03 6.619990e-01 7.500000e-02 5.000000e-01 0.000000e+00
1.157633e-02 7.769539e-04 6.619990e-01 1.250000e-01 5.000000e-01 0.000000e+00
6.327994e-03 5.776653e-04 6.619990e-01 1.750000e-01 5.000000e-01 0.000000e+00
4.368986e-03 4.766964e-04 6.619990e-01 2.250000e-01 5.000000e-01 0.000000e+00
4.569073e-03 4.870661e-04 6.619990e-01 2.750000e-01 5.000000e-01 0.000000e+00
4.653858e-03 4.905612e-04 6.619990e-01 3.250000e-01 5.000000e-01 0.000000e+00
3.935090e-03 4.513874e-04 6.619990e-01 3.750000e-01 5.000000e-01 0.000000e+00
4.924787e-03 5.026355e-04 6.619990e-01 4.250000e-01 5.000000e-01 0.000000e+00
3.985132e-03 4.512289e-04 6.619990e-01 4.750000e-01 5.000000e-01 0.000000e+00
5.157606e-03 5.106811e-04 6.619990e-01 5.250000e-01 5.000000e-01 0.000000e+00
3.632380e-03 4.280814e-04 6.619990e-01 5.750000e-01 5.000000e-01 0.000000e+00
3.978922e-03 4.393998e-04 6.619990e-01 6.250000e-01 5.000000e-01 0.000000e+00
5.120033e-03 4.837991e-04 6.619990e-01 6.750000e-01 5.000000e-01 0.000000e+00
4.776990e-03 4.639842e-04 6.619990e-01 7.250000e-01 5.000000e-01 0.000000e+00
3.428388e-03 3.932643e-04 6.619990e-01 7.750000e-01 5.000000e-01 0.000000e+00
3.518135e-03 3.983520e-04 6.619990e-01 8.250000e-01 5.000000e-01 0.000000e+00
3.738860e-03 4.128899e-04 6.619990e-01 8.750000e-01 5.000000e-01 0.000000e+00
2.992850e-03 3.683956e-04 6.619990e-01 9.250000e-01 5.000000e-01 0.000000e+00
2.682845e-03 3.463550e-04 6.619990e-01 9.750000e-01 5.000000e-01 0.000000e+00
2.914564e-03 3.587595e-04 6.619990e-01 1.025000e+00 5.000000e-01 0.000000e+00
1.950348e-03 2.940277e-04 6.619990e-01 1.075000e+00 5.000000e-01 0.000000e+00
1.871373e-03 2.887602e-04 6.619990e-01 1.125000e+00 5.000000e-01 0.000000e+00
1.939506e-03 2.923929e-04 6.619990e-01 1.175000e+00 5.000000e-01 0.000000e+00
1.831862e-03 2.826643e-04 6.619990e-01 1.225000e+00 5.000000e-01 0.000000e+00
1.355257e-03 2.395796e-04 6.619990e-01 1.275000e+00 5.000000e-01 0.000000e+00
1.321734e-03 2.336530e-04 6.619990e-01 1.325000e+00 5.000000e-01 0.000000e+00
1.879827e-03 2.771670e-04 6.619990e-01 1.375000e+00 5.000000e-01 0.000000e+00
1.330082e-03 2.281088e-04 6.619990e-01 1.425000e+00 5.000000e-01 0.000000e+00
1.251027e-03 2.145509e-04 6.619990e-01 1.475000e+00 5.000000e-01 0.000000e+00
9.682630e-04 1.829859e-04 6.619990e-01 1.525000e+00 5.000000e-01 0.000000e+00
6.851682e-04 1.532094e-04 6.619990e-01 1.575000e+00 5.000000e-01 0.000000e+00
8.151746e-04 1.663986e-04 6.619990e-01 1.625000e+00 5.000000e-01 0.000000e+00
1.192227e-03 1.987068e-04 6.619990e-01 1.675000e+00 5.000000e-01 0.000000e+00
7.308453e-04 1.558184e-04 6.619990e-01 1.725000e+00 5.000000e-01 0.000000e+00
9.117568e-04 1.788117e-04 6.619990e-01 1.775000e+00 5.000000e-01 0.000000e+00
2.220618e-04 9.065653e-05 6.619990e-01 1.825000e+00 5.000000e-01 0.000000e+00
1.029147e-03 2.018352e-04 6.619990e-01 1.875000e+00 5.000000e-01 0.000000e+00
1.005341e-03 2.052159e-04 6.619990e-01 1.925000e+00 5.000000e-01 0.000000e+00
9.106572e-04 2.036319e-04 6.619990e-01 1.975000e+00 5.000000e-01 0.000000e+00
1.006985e-03 2.251714e-04 6.619990e-01 2.025000e+00 5.000000e-01 0.000000e+00
2.263342e-04 1.131672e-04 6.619990e-01 2.075000e+00 5.000000e-01 0.000000e+00
9.306290e-04 2.487250e-04 6.619990e-01 2.125000e+00 5.000000e-01 0.000000e+00
3.250618e-04 1.625333e-04 6.619990e-01 2.175000e+00 5.000000e-01 0.000000e+00
2.044861e-04 1.445935e-04 6.619990e-01 2.225000e+00 5.000000e-01 0.000000e+00
8.224071e-04 3.357480e-04 6.619990e-01 2.275000e+00 5.000000e-01 0.000000e+00
4.423859e-04 3.128141e-04 6.619990e-01 2.325000e+00 5.000000e-01 0.000000e+00
0.000000e+00 0.000000e+00 6.619990e-01 2.375000e+00 5.000000e-01 0.000000e+00
0.000000e+00 0.000000e+00 6.619990e-01 2.425000e+00 5.000000e-01 0.000000e+00
nan nan 6.619990e-01 2.475000e+00 5.000000e-01 0.000000e+00
nan nan 6.619990e-01 2.525000e+00 5.000000e-01 0.000000e+00
nan nan 6.619990e-01 2.575000e+00 5.000000e-01 0.000000e+00
nan nan 6.619990e-01 2.625000e+00 5.000000e-01 0.000000e+00
nan nan 6.619990e-01 2.675000e+00 5.000000e-01 0.000000e+00
nan nan 6.619990e-01 2.725000e+00 5.000000e-01 0.000000e+00
nan nan 6.619990e-01 2.775000e+00 5.000000e-01 0.000000e+00
nan nan 6.619990e-01 2.825000e+00 5.000000e-01 0.000000e+00
nan nan 6.619990e-01 2.875000e+00 5.000000e-01 0.000000e+00
4.747918e-01 5.031098e-03 6.719990e-01 2.500000e-02 5.000000e-01 0.000000e+00
1.243915e-01 2.580320e-03 6.719990e-01 7.500000e-02 5.000000e-01 0.000000e+00
1.158475e-02 7.775192e-04 6.719990e-01 1.250000e-01 5.000000e-01 0.000000e+00
6.565949e-03 5.849427e-04 6.719990e-01 1.750000e-01 5.000000e-01 0.000000e+00
4.102841e-03 4.587127e-04 6.719990e-01 2.250000e-01 5.000000e-01 0.000000e+00
5.223068e-03 5.171619e-04 6.719990e-01 2.750000e-01 5.000000e-01 0.000000e+00
3.669828e-03 4.324943e-04 6.719990e-01 3.250000e-01 5.000000e-01 0.000000e+00
6.146969e-03 5.611409e-04 6.719990e-01 3.750000e-01 5.000000e-01 0.000000e+00
5.972290e-03 5.545148e-04 6.719990e-01 4.250000e-01 5.000000e-01 0.000000e+00
5.067672e-03 5.119134e-04 6.719990e-01 4.750000e-01 5.000000e-01 0.000000e+00
4.919895e-03 5.021362e-04 6.719990e-01 5.250000e-01 5.000000e-01 0.000000e+00
4.241190e-03 4.627530e-04 6.719990e-01 5.750000e-01 5.000000e-01 0.000000e+00
3.706378e-03 4.308591e-04 6.719990e-01 6.250000e-01 5.000000e-01 0.000000e+00
4.743644e-03 4.841480e-04 6.719990e-01 6.750000e-01 5.000000e-01 0.000000e+00
4.711827e-03 4.809007e-04 6.719990e-01 7.250000e-01 5.000000e-01 0.000000e+00
4.217703e-03 4.548083e-04 6.719990e-01 7.750000e-01 5.000000e-01 0.000000e+00
2.614761e-03 3.558254e-04 6.719990e-01 8.250000e-01 5.000000e-01 0.000000e+00
4.232727e-03 4.461705e-04 6.719990e-01 8.750000e-01 5.000000e-01 0.000000e+00
3.330262e-03 3.924772e-04 6.719990e-01 9.250000e-01 5.000000e-01 0.000000e+00
3.855013e-03 4.206186e-04 6.719990e-01 9.750000e-01 5.000000e-01 0.000000e+00
2.383481e-03 3.305313e-04 6.719990e-01 1.025000e+00 5.000000e-01 0.000000e+00
1.727521e-03 2.802425e-04 6.719990e-01 1.075000e+00 5.000000e-01 0.000000e+00
1.620860e-03 2.701442e-04 6.719990e-01 1.125000e+00 5.000000e-01 0.000000e+00
2.066867e-03 3.047444e-04 6.719990e-01 1.175000e+00 5.000000e-01 0.000000e+00
1.411466e-03 2.495162e-04 6.719990e-01 1.225000e+00 5.000000e-01 0.000000e+00
1.731292e-03 2.737432e-04 6.719990e-01 1.275000e+00 5.000000e-01 0.000000e+00
2.114801e-03 2.990795e-04 6.719990e-01 1.325000e+00 5.000000e-01 0.000000e+00
1.908207e-03 2.754280e-04 6.719990e-01 1.375000e+00 5.000000e-01 0.000000e+00
1.480038e-03 2.340161e-04 6.719990e-01 1.425000e+00 5.000000e-01 0.000000e+00
1.402894e-03 2.218189e-04 6.719990e-01 1.475000e+00 5.000000e-01 0.000000e+00
4.826775e-04 1.290017e-04 6.719990e-01 1.525000e+00 5.000000e-01 0.000000e+00
1.099479e-03 1.943640e-04 6.719990e-01 1.575000e+00 5.000000e-01 0.000000e+00
5.431383e-04 1.357855e-04 6.719990e-01 1.625000e+00 5.000000e-01 0.000000e+00
1.314881e-03 2.133044e-04 6.719990e-01 1.675000e+00 5.000000e-01 0.000000e+00
6.475397e-04 1.526282e-04 6.719990e-01 1.725000e+00 5.000000e-01 0.000000e+00
8.474385e-04 1.806762e-04 6.719990e-01 1.775000e+00 5.000000e-01 0.000000e+00
9.910774e-04 2.023049e-04 6.719990e-01 1.825000e+00 5.000000e-01 0.000000e+00
8.869909e-04 1.983392e-04 6.719990e-01 1.875000e+00 5.000000e-01 0.000000e+00
5.877716e-04 1.696775e-04 6.719990e-01 1.925000e+00 5.000000e-01 0.000000e+00
4.358093e-04 1.540829e-04 6.719990e-01 1.975000e+00 5.000000e-01 0.000000e+00
3.668771e-04 1.497778e-04 6.719990e-01 2.025000e+00 5.000000e-01 0.000000e+00
2.832987e-04 1.416494e-04 6.719990e-01 2.075000e+00 5.000000e-01 0.000000e+00
3.351605e-04 1.675803e-04 6.719990e-01 2.125000e+00 5.000000e-01 0.000000e+00
8.698730e-04 3.075512e-04 6.719990e-01 2.175000e+00 5.000000e-01 0.000000e+00
6.398207e-04 3.199125e-04 6.719990e-01 2.225000e+00 5.000000e-01 0.000000e+00
1.287301e-03 6.436675e-04 6.719990e-01 2.275000e+00 5.000000e-01 0.000000e+00
0.000000e+00 0.000000e+00 6.719990e-01 2.325000e+00 5.000000e-01 0.000000e+00
nan nan 6.719990e-01 2.375000e+00 5.000000e-01 0.000000e+00
nan nan 6.719990e-01 2.425000e+00 5.000000e-01 0.000000e+00
nan nan 6.719990e-01 2.475000e+00 5.000000e-01 0.000000e+00
nan nan 6.719990e-01 2.525000e+00 5.000000e-01 0.000000e+00
nan nan 6.719990e-01 2.575000e+00 5.000000e-01 0.000000e+00
nan nan 6.719990e-01 2.625000e+00 5.000000e-01 0.000000e+00
nan nan 6.719990e-01 2.675000e+00 5.000000e-01 0.000000e+00
nan nan 6.719990e-01 2.725000e+00 5.000000e-01 0.000000e+00
nan nan 6.719990e-01 2.775000e+00 5.000000e-01 0.000000e+00
nan nan 6.719990e-01 2.825000e+00 5.000000e-01 0.000000e+00
nan nan 6.719990e-01 2.875000e+00 5.000000e-01 0.000000e+00
4.577055e-01 4.940173e-03 6.819990e-01 2.500000e-02 5.000000e-01 0.000000e+00
1.288116e-01 2.619556e-03 6.819990e-01 7.500000e-02 5.000000e-01 0.000000e+00
1.203182e-02 7.968287e-04 6.819990e-01 1.250000e-01 5.000000e-01 0.000000e+00
5.540429e-03 5.381352e-04 6.819990e-01 1.750000e-01 5.000000e-01 0.000000e+00
4.847366e-03 4.999688e-04 6.819990e-01 2.250000e-01 5.000000e-01 0.000000e+00
6.347273e-03 5.700035e-04 6.819990e-01 2.750000e-01 5.000000e-01 0.000000e+00
5.615496e-03 5.354179e-04 6.819990e-01 3.250000e-01 5.000000e-01 0.000000e+00
4.299515e-03 4.691167e-04 6.819990e-01 3.750000e-01 5.000000e-01 0.000000e+00
4.531752e-03 4.830880e-04 6.819990e-01 4.250000e-01 5.000000e-01 0.000000e+00
4.450589e-03 4.799208e-04 6.819990e-01 4.750000e-01 5.000000e-01 0.000000e+00
3.905576e-03 4.480013e-04 6.819990e-01 5.250000e-01 5.000000e-01 0.000000e+00
3.843264e-03 4.408543e-04 6.819990e-01 5.750000e-01 5.000000e-01 0.000000e+00
4.089901e-03 4.516553e-04 6.819990e-01 6.250000e-01 5.000000e-01 0.000000e+00
4.333558e-03 4.619608e-04 6.819990e-01 6.750000e-01 5.000000e-01 0.000000e+00
4.149351e-03 4.527327e-04 6.819990e-01 7.250000e-01 5.000000e-01 0.000000e+00
3.349818e-03 4.062264e-04 6.819990e-01 7.750000e-01 5.000000e-01 0.000000e+00
3.328446e-03 4.036348e-04 6.819990e-01 8.250000e-01 5.000000e-01 0.000000e+00
3.488837e-03 4.111650e-04 6.819990e-01 8.750000e-01 5.000000e-01 0.000000e+00
3.832420e-03 4.284797e-04 6.819990e-01 9.250000e-01 5.000000e-01 0.000000e+00
2.835132e-03 3.660159e-04 6.819990e-01 9.750000e-01 5.000000e-01 0.000000e+00
2.027774e-03 3.057003e-04 6.819990e-01 1.025000e+00 5.000000e-01 0.000000e+00
3.061966e-03 3.713205e-04 6.819990e-01 1.075000e+00 5.000000e-01 0.000000e+00
2.436854e-03 3.316158e-04 6.819990e-01 1.125000e+00 5.000000e-01 0.000000e+00
2.138231e-03 3.086284e-04 6.819990e-01 1.175000e+00 5.000000e-01 0.000000e+00
1.205044e-03 2.277340e-04 6.819990e-01 1.225000e+00 5.000000e-01 0.000000e+00
1.984086e-03 2.863797e-04 6.819990e-01 1.275000e+00 5.000000e-01 0.000000e+00
1.005849e-03 1.972650e-04 6.819990e-01 1.325000e+00 5.000000e-01 0.000000e+00
1.098367e-03 2.005344e-04 6.819990e-01 1.375000e+00 5.000000e-01 0.000000e+00
9.904402e-04 1.871766e-04 6.819990e-01 1.425000e+00 5.000000e-01 0.000000e+00
5.649219e-04 1.412318e-04 6.819990e-01 1.475000e+00 5.000000e-01 0.000000e+00
7.617074e-04 1.623979e-04 6.819990e-01 1.525000e+00 5.000000e-01 0.000000e+00
9.702842e-04 1.833683e-04 6.819990e-01 1.575000e+00 5.000000e-01 0.000000e+00
7.311319e-04 1.634884e-04 6.819990e-01 1.625000e+00 5.000000e-01 0.000000e+00
6.173273e-04 1.543336e-04 6.819990e-01 1.675000e+00 5.000000e-01 0.000000e+00
9.079323e-04 1.935735e-04 6.819990e-01 1.725000e+00 5.000000e-01 0.000000e+00
6.189845e-04 1.654319e-04 6.819990e-01 1.775000e+00 5.000000e-01 0.000000e+00
8.760251e-04 2.064829e-04 6.819990e-01 1.825000e+00 5.000000e-01 0.000000e+00
8.527490e-04 2.131889e-04 6.819990e-01 1.875000e+00 5.000000e-01 0.000000e+00
4.659941e-04 1.647564e-04 6.819990e-01 1.925000e+00 5.000000e-01 0.000000e+00
1.069186e-03 2.673001e-04 6.819990e-01 1.975000e+00 5.000000e-01 0.000000e+00
6.187512e-04 2.187637e-04 6.819990e-01 2.025000e+00 5.000000e-01 0.000000e+00
5.743654e-04 2.344850e-04 6.819990e-01 2.075000e+00 5.000000e-01 0.000000e+00
5.325837e-04 2.662988e-04 6.819990e-01 2.125000e+00 5.000000e-01 0.000000e+00
1.252584e-03 5.113690e-04 6.819990e-01 2.175000e+00 5.000000e-01 0.000000e+00
1.042337e-03 7.370438e-04 6.819990e-01 2.225000e+00 5.000000e-01 0.000000e+00
0.000000e+00 0.000000e+00 6.819990e-01 2.275000e+00 5.000000e-01 0.000000e+00
nan nan 6.819990e-01 2.325000e+00 5.000000e-01 0.000000e+00
nan nan 6.819990e-01 2.375000e+00 5.000000e-01 0.000000e+00
nan nan 6.819990e-01 2.425000e+00 5.000000e-01 0.000000e+00
nan nan 6.819990e-01 2.475000e+00 5.000000e-01 0.000000e+00
nan nan 6.819990e-01 2.525000e+00 5.000000e-01 0.000000e+00
nan nan 6.819990e-01 2.575000e+00 5.000000e-01 0.000000e+00
nan nan 6.819990e-01 2.625000e+00 5.000000e-01 0.000000e+00
nan nan 6.819990e-01 2.675000e+00 5.000000e-01 0.000000e+00
nan nan 6.819990e-01 2.725000e+00 5.000000e-01 0.000000e+00
nan nan 6.819990e-01 2.775000e+00 5.000000e-01 0.000000e+00
nan nan 6.819990e-01 2.825000e+00 5.000000e-01 0.000000e+00
nan nan 6.819990e-01 2.875000e+00 5.000000e-01 0.000000e+00
4.565699e-01 5.273433e-03 6.919990e-01 2.500000e-02 5.000000e-01 0.000000e+00
1.244286e-01 2.688508e-03 6.919990e-01 7.500000e-02 5.000000e-01 0.000000e+00
1.138785e-02 7.896071e-04 6.919990e-01 1.250000e-01 5.000000e-01 0.000000e+00
5.334160e-03 5.281619e-04 6.919990e-01 1.750000e-01 5.000000e-01 0.000000e+00
6.016978e-03 5.586636e-04 6.919990e-01 2.250000e-01 5.000000e-01 0.000000e+00
4.140512e-03 4.629248e-04 6.919990e-01 2.750000e-01 5.000000e-01 0.000000e+00
6.024759e-03 5.593865e-04 6.919990e-01 3.250000e-01 5.000000e-01 0.000000e+00
4.365363e-03 4.763013e-04 6.919990e-01 3.750000e-01 5.000000e-01 0.000000e+00
5.172404e-03 5.172420e-04 6.919990e-01 4.250000e-01 5.000000e-01 0.000000e+00
5.371981e-03 5.267677e-04 6.919990e-01 4.750000e-01 5.000000e-01 0.000000e+00
4.866324e-03 4.966687e-04 6.919990e-01 5.250000e-01 5.000000e-01 0.000000e+00
4.229974e-03 4.615293e-04 6.919990e-01 5.750000e-01 5.000000e-01 0.000000e+00
3.713859e-03 4.317288e-04 6.919990e-01 6.250000e-01 5.000000e-01 0.000000e+00
3.996836e-03 4.468616e-04 6.919990e-01 6.750000e-01 5.000000e-01 0.000000e+00
3.947743e-03 4.413723e-04 6.919990e-01 7.250000e-01 5.000000e-01 0.000000e+00
4.420804e-03 4.659956e-04 6.919990e-01 7.750000e-01 5.000000e-01 0.000000e+00
3.395405e-03 4.058298e-04 6.919990e-01 8.250000e-01 5.000000e-01 0.000000e+00
2.693169e-03 3.598918e-04 6.919990e-01 8.750000e-01 5.000000e-01 0.000000e+00
2.929125e-03 3.720005e-04 6.919990e-01 9.250000e-01 5.000000e-01 0.000000e+00
3.051696e-03 3.756394e-04 6.919990e-01 9.750000e-01 5.000000e-01 0.000000e+00
2.446655e-03 3.329493e-04 6.919990e-01 1.025000e+00 5.000000e-01 0.000000e+00
1.893404e-03 2.921596e-04 6.919990e-01 1.075000e+00 5.000000e-01 0.000000e+00
3.275663e-03 3.807893e-04 6.919990e-01 1.125000e+00 5.000000e-01 0.000000e+00
2.329283e-03 3.169764e-04 6.919990e-01 1.175000e+00 5.000000e-01 0.000000e+00
1.808999e-03 2.727178e-04 6.919990e-01 1.225000e+00 5.000000e-01 0.000000e+00
7.707202e-04 1.723397e-04 6.919990e-01 1.275000e+00 5.000000e-01 0.000000e+00
1.329537e-03 2.215907e-04 6.919990e-01 1.325000e+00 5.000000e-01 0.000000e+00
1.444376e-03 2.283770e-04 6.919990e-01 1.375000e+00 5.000000e-01 0.000000e+00
1.641973e-03 2.420974e-04 6.919990e-01 1.425000e+00 5.000000e-01 0.000000e+00
7.769294e-04 1.656427e-04 6.919990e-01 1.475000e+00 5.000000e-01 0.000000e+00
1.160225e-03 2.051027e-04 6.919990e-01 1.525000e+00 5.000000e-01 0.000000e+00
1.085218e-03 2.050884e-04 6.919990e-01 1.575000e+00 5.000000e-01 0.000000e+00
8.849112e-04 1.886654e-04 6.919990e-01 1.625000e+00 5.000000e-01 0.000000e+00
6.074760e-04 1.623556e-04 6.919990e-01 1.675000e+00 5.000000e-01 0.000000e+00
6.608819e-04 1.766291e-04 6.919990e-01 1.725000e+00 5.000000e-01 0.000000e+00
1.028981e-03 2.300909e-04 6.919990e-01 1.775000e+00 5.000000e-01 0.000000e+00
5.632673e-04 1.781224e-04 6.919990e-01 1.825000e+00 5.000000e-01 0.000000e+00
6.227513e-04 1.969327e-04 6.919990e-01 1.875000e+00 5.000000e-01 0.000000e+00
5.877597e-04 2.078069e-04 6.919990e-01 1.925000e+00 5.000000e-01 0.000000e+00
1.734756e-04 1.226658e-04 6.919990e-01 1.975000e+00 5.000000e-01 0.000000e+00
2.158532e-04 1.526313e-04 6.919990e-01 2.025000e+00 5.000000e-01 0.000000e+00
0.000000e+00 0.000000e+00 6.919990e-01 2.075000e+00 5.000000e-01 0.000000e+00
5.365323e-04 3.793856e-04 6.919990e-01 2.125000e+00 5.000000e-01 0.000000e+00
0.000000e+00 0.000000e+00 6.919990e-01 2.175000e+00 5.000000e-01 0.000000e+00
0.000000e+00 0.000000e+00 6.919990e-01 2.225000e+00 5.000000e-01 0.000000e+00
nan nan 6.919990e-01 2.275000e+00 5.000000e-01 0.000000e+00
nan nan 6.919990e-01 2.325000e+00 5.000000e-01 0.000000e+00
nan nan 6.919990e-01 2.375000e+00 5.000000e-01 0.000000e+00
nan nan 6.919990e-01 2.425000e+00 5.000000e-01 0.000000e+00
nan nan 6.919990e-01 2.475000e+00 5.000000e-01 0.000000e+00
nan nan 6.919990e-01 2.525000e+00 5.000000e-01 0.000000e+00
nan nan 6.919990e-01 2.575000e+00 5.000000e-01 0.000000e+00
nan nan 6.919990e-01 2.625000e+00 5.000000e-01 0.000000e+00
nan nan 6.919990e-01 2.675000e+00 5.000000e-01 0.000000e+00
nan nan 6.919990e-01 2.725000e+00 5.000000e-01 0.000000e+00
nan nan 6.919990e-01 2.775000e+00 5.000000e-01 0.000000e+00
nan nan 6.919990e-01 2.825000e+00 5.000000e-01 0.000000e+00
nan nan 6.919990e-01 2.875000e+00 5.000000e-01 0.000000e+00
4.664574e-01 5.104083e-03 7.019990e-01 2.500000e-02 5.000000e-01 0.000000e+00
1.356416e-01 2.772246e-03 7.019990e-01 7.500000e-02 5.000000e-01 0.000000e+00
1.537131e-02 9.389541e-04 7.019990e-01 1.250000e-01 5.000000e-01 0.000000e+00
5.015988e-03 5.347078e-04 7.019990e-01 1.750000e-01 5.000000e-01 0.000000e+00
5.596978e-03 5.436279e-04 7.019990e-01 2.250000e-01 5.000000e-01 0.000000e+00
6.249655e-03 5.658189e-04 7.019990e-01 2.750000e-01 5.000000e-01 0.000000e+00
5.136887e-03 5.136901e-04 7.019990e-01 3.250000e-01 5.000000e-01 0.000000e+00
4.726061e-03 4.927273e-04 7.019990e-01 3.750000e-01 5.000000e-01 0.000000e+00
4.849055e-03 5.001431e-04 7.019990e-01 4.250000e-01 5.000000e-01 0.000000e+00
4.418771e-03 4.764899e-04 7.019990e-01 4.750000e-01 5.000000e-01 0.000000e+00
4.948463e-03 5.050525e-04 7.019990e-01 5.250000e-01 5.000000e-01 0.000000e+00
2.927151e-03 3.843550e-04 7.019990e-01 5.750000e-01 5.000000e-01 0.000000e+00
4.770919e-03 4.869312e-04 7.019990e-01 6.250000e-01 5.000000e-01 0.000000e+00
4.621696e-03 4.766935e-04 7.019990e-01 6.750000e-01 5.000000e-01 0.000000e+00
3.926518e-03 4.389994e-04 7.019990e-01 7.250000e-01 5.000000e-01 0.000000e+00
4.259356e-03 4.540504e-04 7.019990e-01 7.750000e-01 5.000000e-01 0.000000e+00
3.956132e-03 4.368837e-04 7.019990e-01 8.250000e-01 5.000000e-01 0.000000e+00
4.178653e-03 4.454475e-04 7.019990e-01 8.750000e-01 5.000000e-01 0.000000e+00
3.062423e-03 3.769596e-04 7.019990e-01 9.250000e-01 5.000000e-01 0.000000e+00
3.931250e-03 4.190747e-04 7.019990e-01 9.750000e-01 5.000000e-01 0.000000e+00
2.474953e-03 3.307310e-04 7.019990e-01 1.025000e+00 5.000000e-01 0.000000e+00
2.930441e-03 3.607139e-04 7.019990e-01 1.075000e+00 5.000000e-01 0.000000e+00
1.990541e-03 2.934906e-04 7.019990e-01 1.125000e+00 5.000000e-01 0.000000e+00
1.879266e-03 2.770844e-04 7.019990e-01 1.175000e+00 5.000000e-01 0.000000e+00
1.567355e-03 2.478220e-04 7.019990e-01 1.225000e+00 5.000000e-01 0.000000e+00
1.859747e-03 2.630094e-04 7.019990e-01 1.275000e+00 5.000000e-01 0.000000e+00
1.374895e-03 2.230385e-04 7.019990e-01 1.325000e+00 5.000000e-01 0.000000e+00
1.149770e-03 2.032540e-04 7.019990e-01 1.375000e+00 5.000000e-01 0.000000e+00
1.022476e-03 1.932311e-04 7.019990e-01 1.425000e+00 5.000000e-01 0.000000e+00
1.304180e-03 2.236663e-04 7.019990e-01 1.475000e+00 5.000000e-01 0.000000e+00
9.781620e-04 1.996681e-04 7.019990e-01 1.525000e+00 5.000000e-01 0.000000e+00
1.028609e-03 2.099658e-04 7.019990e-01 1.575000e+00 5.000000e-01 0.000000e+00
7.500527e-04 1.875153e-04 7.019990e-01 1.625000e+00 5.000000e-01 0.000000e+00
7.973253e-04 1.993339e-04 7.019990e-01 1.675000e+00 5.000000e-01 0.000000e+00
6.567235e-04 1.895805e-04 7.019990e-01 1.725000e+00 5.000000e-01 0.000000e+00
1.107509e-03 2.610452e-04 7.019990e-01 1.775000e+00 5.000000e-01 0.000000e+00
1.531865e-03 3.265982e-04 7.019990e-01 1.825000e+00 5.000000e-01 0.000000e+00
9.865259e-04 2.847901e-04 7.019990e-01 1.875000e+00 5.000000e-01 0.000000e+00
9.983908e-04 3.157235e-04 7.019990e-01 1.925000e+00 5.000000e-01 0.000000e+00
1.286077e-03 4.066949e-04 7.019990e-01 1.975000e+00 5.000000e-01 0.000000e+00
7.565098e-04 3.782589e-04 7.019990e-01 2.025000e+00 5.000000e-01 0.000000e+00
8.547516e-04 6.044006e-04 7.019990e-01 2.075000e+00 5.000000e-01 0.000000e+00
0.000000e+00 0.000000e+00 7.019990e-01 2.125000e+00 5.000000e-01 0.000000e+00
nan nan 7.019990e-01 2.175000e+00 5.000000e-01 0.000000e+00
nan nan 7.019990e-01 2.225000e+00 5.000000e-01 0.000000e+00
nan nan 7.019990e-01 2.275000e+00 5.000000e-01 0.000000e+00
nan nan 7.019990e-01 2.325000e+00 5.000000e-01 0.000000e+00
nan nan 7.019990e-01 2.375000e+00 5.000000e-01 0.000000e+00
nan nan 7.019990e-01 2.425000e+00 5.000000e-01 0.000000e+00
nan nan 7.019990e-01 2.475000e+00 5.000000e-01 0.000000e+00
nan nan 7.019990e-01 2.525000e+00 5.000000e-01 0.000000e+00
nan nan 7.019990e-01 2.575000e+00 5.000000e-01 0.000000e+00
nan nan 7.019990e-01 2.625000e+00 5.000000e-01 0.000000e+00
nan nan 7.019990e-01 2.675000e+00 5.000000e-01 0.000000e+00
nan nan 7.019990e-01 2.725000e+00 5.000000e-01 0.000000e+00
nan nan 7.019990e-01 2.775000e+00 5.000000e-01 0.000000e+00
nan nan 7.019990e-01 2.825000e+00 5.000000e-01 0.000000e+00
nan nan 7.019990e-01 2.875000e+00 5.000000e-01 0.000000e+00
4.733269e-01 5.109376e-03 7.119990e-01 2.500000e-02 5.000000e-01 0.000000e+00
1.364373e-01 2.748612e-03 7.119990e-01 7.500000e-02 5.000000e-01 0.000000e+00
1.192454e-02 8.151466e-04 7.119990e-01 1.250000e-01 5.000000e-01 0.000000e+00
6.527787e-03 6.009332e-04 7.119990e-01 1.750000e-01 5.000000e-01 0.000000e+00
3.770694e-03 4.572648e-04 7.119990e-01 2.250000e-01 5.000000e-01 0.000000e+00
5.303464e-03 5.251226e-04 7.119990e-01 2.750000e-01 5.000000e-01 0.000000e+00
3.620461e-03 4.327290e-04 7.119990e-01 3.250000e-01 5.000000e-01 0.000000e+00
4.252673e-03 4.696304e-04 7.119990e-01 3.750000e-01 5.000000e-01 0.000000e+00
4.570751e-03 4.872450e-04 7.119990e-01 4.250000e-01 5.000000e-01 0.000000e+00
5.284744e-03 5.232693e-04 7.119990e-01 4.750000e-01 5.000000e-01 0.000000e+00
6.002257e-03 5.525546e-04 7.119990e-01 5.250000e-01 5.000000e-01 0.000000e+00
4.348016e-03 4.688600e-04 7.119990e-01 5.750000e-01 5.000000e-01 0.000000e+00
4.098122e-03 4.525635e-04 7.119990e-01 6.250000e-01 5.000000e-01 0.000000e+00
4.763196e-03 4.861433e-04 7.119990e-01 6.750000e-01 5.000000e-01 0.000000e+00
4.069438e-03 4.440137e-04 7.119990e-01 7.250000e-01 5.000000e-01 0.000000e+00
3.087801e-03 3.859765e-04 7.119990e-01 7.750000e-01 5.000000e-01 0.000000e+00
3.061933e-03 3.827436e-04 7.119990e-01 8.250000e-01 5.000000e-01 0.000000e+00
3.705881e-03 4.143321e-04 7.119990e-01 8.750000e-01 5.000000e-01 0.000000e+00
4.363172e-03 4.407483e-04 7.119990e-01 9.250000e-01 5.000000e-01 0.000000e+00
2.186489e-03 3.155936e-04 7.119990e-01 9.750000e-01 5.000000e-01 0.000000e+00
2.997388e-03 3.689549e-04 7.119990e-01 1.025000e+00 5.000000e-01 0.000000e+00
2.058996e-03 2.971917e-04 7.119990e-01 1.075000e+00 5.000000e-01 0.000000e+00
2.422841e-03 3.127887e-04 7.119990e-01 1.125000e+00 5.000000e-01 0.000000e+00
1.627659e-03 2.511544e-04 7.119990e-01 1.175000e+00 5.000000e-01 0.000000e+00
1.497523e-03 2.367806e-04 7.119990e-01 1.225000e+00 5.000000e-01 0.000000e+00
1.254744e-03 2.151880e-04 7.119990e-01 1.275000e+00 5.000000e-01 0.000000e+00
1.404179e-03 2.277898e-04 7.119990e-01 1.325000e+00 5.000000e-01 0.000000e+00
8.403529e-04 1.791649e-04 7.119990e-01 1.375000e+00 5.000000e-01 0.000000e+00
1.289903e-03 2.280263e-04 7.119990e-01 1.425000e+00 5.000000e-01 0.000000e+00
1.365315e-03 2.413583e-04 7.119990e-01 1.475000e+00 5.000000e-01 0.000000e+00
7.339298e-04 1.834840e-04 7.119990e-01 1.525000e+00 5.000000e-01 0.000000e+00
8.005109e-04 2.001294e-04 7.119990e-01 1.575000e+00 5.000000e-01 0.000000e+00
7.471694e-04 1.996907e-04 7.119990e-01 1.625000e+00 5.000000e-01 0.000000e+00
6.025695e-04 1.905505e-04 7.119990e-01 1.675000e+00 5.000000e-01 0.000000e+00
1.079296e-03 2.698256e-04 7.119990e-01 1.725000e+00 5.000000e-01 0.000000e+00
6.249642e-04 2.209590e-04 7.119990e-01 1.775000e+00 5.000000e-01 0.000000e+00
9.422820e-04 2.979788e-04 7.119990e-01 1.825000e+00 5.000000e-01 0.000000e+00
2.350865e-04 1.662313e-04 7.119990e-01 1.875000e+00 5.000000e-01 0.000000e+00
9.525995e-04 3.888974e-04 7.119990e-01 1.925000e+00 5.000000e-01 0.000000e+00
0.000000e+00 0.000000e+00 7.119990e-01 1.975000e+00 5.000000e-01 0.000000e+00
2.889054e-03 1.444532e-03 7.119990e-01 2.025000e+00 5.000000e-01 0.000000e+00
0.000000e+00 0.000000e+00 7.119990e-01 2.075000e+00 5.000000e-01 0.000000e+00
nan nan 7.119990e-01 2.125000e+00 5.000000e-01 0.000000e+00
nan nan 7.119990e-01 2.175000e+00 5.000000e-01 0.000000e+00
nan nan 7.119990e-01 2.225000e+00 5.000000e-01 0.000000e+00
nan nan 7.119990e-01 2.275000e+00 5.000000e-01 0.000000e+00
nan nan 7.119990e-01 2.325000e+00 5.000000e-01 0.000000e+00
nan nan 7.119990e-01 2.375000e+00 5.000000e-01 0.000000e+00
nan nan 7.119990e-01 2.425000e+00 5.000000e-01 0.000000e+00
nan nan 7.119990e-01 2.475000e+00 5.000000e-01 0.000000e+00
nan nan 7.119990e-01 2.525000e+00 5.000000e-01 0.000000e+00
nan nan 7.119990e-01 2.575000e+00 5.000000e-01 0.000000e+00
nan nan 7.119990e-01 2.625000e+00 5.000000e-01 0.000000e+00
nan nan 7.119990e-01 2.675000e+00 5.000000e-01 0.000000e+00
nan nan 7.119990e-01 2.725000e+00 5.000000e-01 0.000000e+00
nan nan 7.119990e-01 2.775000e+00 5.000000e-01 0.000000e+00
nan nan 7.119990e-01 2.825000e+00 5.000000e-01 0.000000e+00
nan nan 7.119990e-01 2.875000e+00 5.000000e-01 0.000000e+00
4.957713e-01 5.191974e-03 7.219990e-01 2.500000e-02 5.000000e-01 0.000000e+00
1.390204e-01 2.736967e-03 7.219990e-01 7.500000e-02 5.000000e-01 0.000000e+00
1.362662e-02 8.583982e-04 7.219990e-01 1.250000e-01 5.000000e-01 0.000000e+00
5.972827e-03 5.694883e-04 7.219990e-01 1.750000e-01 5.000000e-01 0.000000e+00
5.312350e-03 5.366297e-04 7.219990e-01 2.250000e-01 5.000000e-01 0.000000e+00
5.350380e-03 5.350391e-04 7.219990e-01 2.750000e-01 5.000000e-01 0.000000e+00
5.485323e-03 5.327833e-04 7.219990e-01 3.250000e-01 5.000000e-01 0.000000e+00
3.494892e-03 4.238190e-04 7.219990e-01 3.750000e-01 5.000000e-01 0.000000e+00
3.918311e-03 4.494622e-04 7.219990e-01 4.250000e-01 5.000000e-01 0.000000e+00
4.017479e-03 4.548912e-04 7.219990e-01 4.750000e-01 5.000000e-01 0.000000e+00
4.099874e-03 4.583812e-04 7.219990e-01 5.250000e-01 5.000000e-01 0.000000e+00
3.946756e-03 4.468833e-04 7.219990e-01 5.750000e-01 5.000000e-01 0.000000e+00
3.180175e-03 3.975229e-04 7.219990e-01 6.250000e-01 5.000000e-01 0.000000e+00
6.023593e-03 5.409363e-04 7.219990e-01 6.750000e-01 5.000000e-01 0.000000e+00
3.286255e-03 3.985188e-04 7.219990e-01 7.250000e-01 5.000000e-01 0.000000e+00
3.787708e-03 4.234802e-04 7.219990e-01 7.750000e-01 5.000000e-01 0.000000e+00
3.911303e-03 4.217683e-04 7.219990e-01 8.250000e-01 5.000000e-01 0.000000e+00
3.821407e-03 4.220056e-04 7.219990e-01 8.750000e-01 5.000000e-01 0.000000e+00
3.418841e-03 4.029162e-04 7.219990e-01 9.250000e-01 5.000000e-01 0.000000e+00
3.329375e-03 3.870337e-04 7.219990e-01 9.750000e-01 5.000000e-01 0.000000e+00
3.423653e-03 3.780809e-04 7.219990e-01 1.025000e+00 5.000000e-01 0.000000e+00
2.300688e-03 3.020963e-04 7.219990e-01 1.075000e+00 5.000000e-01 0.000000e+00
2.149649e-03 2.872606e-04 7.219990e-01 1.125000e+00 5.000000e-01 0.000000e+00
1.972444e-03 2.735302e-04 7.219990e-01 1.175000e+00 5.000000e-01 0.000000e+00
1.833421e-03 2.646337e-04 7.219990e-01 1.225000e+00 5.000000e-01 0.000000e+00
1.402692e-03 2.337831e-04 7.219990e-01 1.275000e+00 5.000000e-01 0.000000e+00
1.283943e-03 2.269726e-04 7.219990e-01 1.325000e+00 5.000000e-01 0.000000e+00
1.874729e-03 2.826276e-04 7.219990e-01 1.375000e+00 5.000000e-01 0.000000e+00
1.187203e-03 2.328311e-04 7.219990e-01 1.425000e+00 5.000000e-01 0.000000e+00
7.907028e-04 1.976763e-04 7.219990e-01 1.475000e+00 5.000000e-01 0.000000e+00
1.273598e-03 2.599736e-04 7.219990e-01 1.525000e+00 5.000000e-01 0.000000e+00
5.919343e-04 1.871869e-04 7.219990e-01 1.575000e+00 5.000000e-01 0.000000e+00
5.258375e-04 1.859140e-04 7.219990e-01 1.625000e+00 5.000000e-01 0.000000e+00
4.509991e-04 1.841198e-04 7.219990e-01 1.675000e+00 5.000000e-01 0.000000e+00
1.593108e-03 3.755009e-04 7.219990e-01 1.725000e+00 5.000000e-01 0.000000e+00
2.197419e-04 1.553810e-04 7.219990e-01 1.775000e+00 5.000000e-01 0.000000e+00
1.122537e-03 3.968775e-04 7.219990e-01 1.825000e+00 5.000000e-01 0.000000e+00
0.000000e+00 0.000000e+00 7.219990e-01 1.875000e+00 5.000000e-01 0.000000e+00
8.880875e-04 6.279727e-04 7.219990e-01 1.925000e+00 5.000000e-01 0.000000e+00
0.000000e+00 0.000000e+00 7.219990e-01 1.975000e+00 5.000000e-01 0.000000e+00
nan nan 7.219990e-01 2.025000e+00 5.000000e-01 0.000000e+00
nan nan 7.219990e-01 2.075000e+00 5.000000e-01 0.000000e+00
nan nan 7.219990e-01 2.125000e+00 5.000000e-01 0.000000e+00
nan nan 7.219990e-01 2.175000e+00 5.000000e-01 0.000000e+00
nan nan 7.219990e-01 2.225000e+00 5.000000e-01 0.000000e+00
nan nan 7.219990e-01 2.275000e+00 5.000000e-01 0.000000e+00
nan nan 7.219990e-01 2.325000e+00 5.000000e-01 0.000000e+00
nan nan 7.219990e-01 2.375000e+00 5.000000e-01 0.000000e+00
nan nan 7.219990e-01 2.425000e+00 5.000000e-01 0.000000e+00
nan nan 7.219990e-01 2.475000e+00 5.000000e-01 0.000000e+00
nan nan 7.219990e-01 2.525000e+00 5.000000e-01 0.000000e+00
nan nan 7.219990e-01 2.575000e+00 5.000000e-01 0.000000e+00
nan nan 7.219990e-01 2.625000e+00 5.000000e-01 0.000000e+00
nan nan 7.219990e-01 2.675000e+00 5.000000e-01 0.000000e+00
nan nan 7.219990e-01 2.725000e+00 5.000000e-01 0.000000e+00
nan nan 7.219990e-01 2.775000e+00 5.000000e-01 0.000000e+00
nan nan 7.219990e-01 2.825000e+00 5.000000e-01 0.000000e+00
nan nan 7.219990e-01 2.875000e+00 5.000000e-01 0.000000e+00
5.017870e-01 5.233209e-03 7.319990e-01 2.500000e-02 5.000000e-01 0.000000e+00
1.443057e-01 2.795871e-03 7.319990e-01 7.500000e-02 5.000000e-01 0.000000e+00
1.292662e-02 8.344114e-04 7.319990e-01 1.250000e-01 5.000000e-01 0.000000e+00
6.451136e-03 5.889066e-04 7.319990e-01 1.750000e-01 5.000000e-01 0.000000e+00
4.375384e-03 4.831812e-04 7.319990e-01 2.250000e-01 5.000000e-01 0.000000e+00
4.814262e-03 5.074693e-04 7.319990e-01 2.750000e-01 5.000000e-01 0.000000e+00
5.286367e-03 5.234296e-04 7.319990e-01 3.250000e-01 5.000000e-01 0.000000e+00
4.163135e-03 4.654539e-04 7.319990e-01 3.750000e-01 5.000000e-01 0.000000e+00
3.549789e-03 4.304765e-04 7.319990e-01 4.250000e-01 5.000000e-01 0.000000e+00
5.751112e-03 5.434308e-04 7.319990e-01 4.750000e-01 5.000000e-01 0.000000e+00
2.864344e-03 3.827650e-04 7.319990e-01 5.250000e-01 5.000000e-01 0.000000e+00
4.452425e-03 4.746318e-04 7.319990e-01 5.750000e-01 5.000000e-01 0.000000e+00
4.013311e-03 4.487034e-04 7.319990e-01 6.250000e-01 5.000000e-01 0.000000e+00
3.414987e-03 4.081702e-04 7.319990e-01 6.750000e-01 5.000000e-01 0.000000e+00
4.087367e-03 4.357165e-04 7.319990e-01 7.250000e-01 5.000000e-01 0.000000e+00
5.072305e-03 4.836274e-04 7.319990e-01 7.750000e-01 5.000000e-01 0.000000e+00
4.134344e-03 4.458193e-04 7.319990e-01 8.250000e-01 5.000000e-01 0.000000e+00
3.719502e-03 4.158547e-04 7.319990e-01 8.750000e-01 5.000000e-01 0.000000e+00
2.812742e-03 3.515942e-04 7.319990e-01 9.250000e-01 5.000000e-01 0.000000e+00
1.715252e-03 2.646702e-04 7.319990e-01 9.750000e-01 5.000000e-01 0.000000e+00
2.829863e-03 3.335042e-04 7.319990e-01 1.025000e+00 5.000000e-01 0.000000e+00
2.859086e-03 3.323640e-04 7.319990e-01 1.075000e+00 5.000000e-01 0.000000e+00
2.029718e-03 2.814728e-04 7.319990e-01 1.125000e+00 5.000000e-01 0.000000e+00
1.409722e-03 2.349548e-04 7.319990e-01 1.175000e+00 5.000000e-01 0.000000e+00
2.024682e-03 2.863347e-04 7.319990e-01 1.225000e+00 5.000000e-01 0.000000e+00
1.276078e-03 2.329803e-04 7.319990e-01 1.275000e+00 5.000000e-01 0.000000e+00
1.189561e-03 2.332928e-04 7.319990e-01 1.325000e+00 5.000000e-01 0.000000e+00
1.955693e-03 3.092240e-04 7.319990e-01 1.375000e+00 5.000000e-01 0.000000e+00
7.374055e-04 1.970812e-04 7.319990e-01 1.425000e+00 5.000000e-01 0.000000e+00
6.895326e-04 1.990525e-04 7.319990e-01 1.475000e+00 5.000000e-01 0.000000e+00
1.035648e-03 2.589136e-04 7.319990e-01 1.525000e+00 5.000000e-01 0.000000e+00
1.584643e-03 3.378509e-04 7.319990e-01 1.575000e+00 5.000000e-01 0.000000e+00
1.351821e-03 3.379568e-04 7.319990e-01 1.625000e+00 5.000000e-01 0.000000e+00
3.975060e-04 1.987545e-04 7.319990e-01 1.675000e+00 5.000000e-01 0.000000e+00
7.718776e-04 3.151205e-04 7.319990e-01 1.725000e+00 5.000000e-01 0.000000e+00
1.744334e-03 5.516078e-04 7.319990e-01 1.775000e+00 5.000000e-01 0.000000e+00
0.000000e+00 0.000000e+00 7.319990e-01 1.825000e+00 5.000000e-01 0.000000e+00
0.000000e+00 0.000000e+00 7.319990e-01 1.875000e+00 5.000000e-01 0.000000e+00
0.000000e+00 0.000000e+00 7.319990e-01 1.925000e+00 5.000000e-01 0.000000e+00
nan nan 7.319990e-01 1.975000e+00 5.000000e-01 0.000000e+00
nan nan 7.319990e-01 2.025000e+00 5.000000e-01 0.000000e+00
nan nan 7.319990e-01 2.075000e+00 5.000000e-01 0.000000e+00
nan nan 7.319990e-01 2.125000e+00 5.000000e-01 0.000000e+00
nan nan 7.319990e-01 2.175000e+00 5.000000e-01 0.000000e+00
nan nan 7.319990e-01 2.225000e+00 5.000000e-01 0.000000e+00
nan nan 7.319990e-01 2.275000e+00 5.000000e-01 0.000000e+00
nan nan 7.319990e-01 2.325000e+00 5.000000e-01 0.000000e+00
nan nan 7.319990e-01 2.375000e+00 5.000000e-01 0.000000e+00
nan nan 7.319990e-01 2.425000e+00 5.000000e-01 0.000000e+00
nan nan 7.319990e-01 2.475000e+00 5.000000e-01 0.000000e+00
nan nan 7.319990e-01 2.525000e+00 5.000000e-01 0.000000e+00
nan nan 7.319990e-01 2.575000e+00 5.000000e-01 0.000000e+00
nan nan 7.319990e-01 2.625000e+00 5.000000e-01 0.000000e+00
nan nan 7.319990e-01 2.675000e+00 5.000000e-01 0.000000e+00
nan nan 7.319990e-01 2.725000e+00 5.000000e-01 0.000000e+00
nan nan 7.319990e-01 2.775000e+00 5.000000e-01 0.000000e+00
nan nan 7.319990e-01 2.825000e+00 5.000000e-01 0.000000e+00
nan nan 7.319990e-01 2.875000e+00 5.000000e-01 0.000000e+00
5.029128e-01 5.254675e-03 7.419990e-01 2.500000e-02 5.000000e-01 0.000000e+00
1.346415e-01 2.705854e-03 7.419990e-01 7.500000e-02 5.000000e-01 0.000000e+00
1.282742e-02 8.280079e-04 7.419990e-01 1.250000e-01 5.000000e-01 0.000000e+00
5.320683e-03 5.320697e-04 7.419990e-01 1.750000e-01 5.000000e-01 0.000000e+00
5.838247e-03 5.566563e-04 7.419990e-01 2.250000e-01 5.000000e-01 0.000000e+00
3.856831e-03 4.545330e-04 7.419990e-01 2.750000e-01 5.000000e-01 0.000000e+00
4.089226e-03 4.630150e-04 7.419990e-01 3.250000e-01 5.000000e-01 0.000000e+00
4.259631e-03 4.703989e-04 7.419990e-01 3.750000e-01 5.000000e-01 0.000000e+00
6.082228e-03 5.599163e-04 7.419990e-01 4.250000e-01 5.000000e-01 0.000000e+00
5.231746e-03 5.180215e-04 7.419990e-01 4.750000e-01 5.000000e-01 0.000000e+00
3.983244e-03 4.510154e-04 7.419990e-01 5.250000e-01 5.000000e-01 0.000000e+00
5.235275e-03 5.133625e-04 7.419990e-01 5.750000e-01 5.000000e-01 0.000000e+00
3.636948e-03 4.227879e-04 7.419990e-01 6.250000e-01 5.000000e-01 0.000000e+00
4.776145e-03 4.729105e-04 7.419990e-01 6.750000e-01 5.000000e-01 0.000000e+00
3.868652e-03 4.272231e-04 7.419990e-01 7.250000e-01 5.000000e-01 0.000000e+00
4.921431e-03 4.872957e-04 7.419990e-01 7.750000e-01 5.000000e-01 0.000000e+00
4.028531e-03 4.294445e-04 7.419990e-01 8.250000e-01 5.000000e-01 0.000000e+00
2.578362e-03 3.328666e-04 7.419990e-01 8.750000e-01 5.000000e-01 0.000000e+00
2.663977e-03 3.279143e-04 7.419990e-01 9.250000e-01 5.000000e-01 0.000000e+00
2.593296e-03 3.192142e-04 7.419990e-01 9.750000e-01 5.000000e-01 0.000000e+00
3.791466e-03 3.869666e-04 7.419990e-01 1.025000e+00 5.000000e-01 0.000000e+00
2.073035e-03 2.874796e-04 7.419990e-01 1.075000e+00 5.000000e-01 0.000000e+00
1.622115e-03 2.564798e-04 7.419990e-01 1.125000e+00 5.000000e-01 0.000000e+00
8.449424e-04 1.889357e-04 7.419990e-01 1.175000e+00 5.000000e-01 0.000000e+00
1.519024e-03 2.605123e-04 7.419990e-01 1.225000e+00 5.000000e-01 0.000000e+00
7.805507e-04 1.951388e-04 7.419990e-01 1.275000e+00 5.000000e-01 0.000000e+00
9.415565e-04 2.219288e-04 7.419990e-01 1.325000e+00 5.000000e-01 0.000000e+00
1.470941e-03 2.884777e-04 7.419990e-01 1.375000e+00 5.000000e-01 0.000000e+00
7.578317e-04 2.187676e-04 7.419990e-01 1.425000e+00 5.000000e-01 0.000000e+00
1.265015e-03 2.981696e-04 7.419990e-01 1.475000e+00 5.000000e-01 0.000000e+00
1.439124e-03 3.392081e-04 7.419990e-01 1.525000e+00 5.000000e-01 0.000000e+00
2.075781e-03 4.425607e-04 7.419990e-01 1.575000e+00 5.000000e-01 0.000000e+00
2.347584e-04 1.659993e-04 7.419990e-01 1.625000e+00 5.000000e-01 0.000000e+00
3.136711e-04 2.217990e-04 7.419990e-01 1.675000e+00 5.000000e-01 0.000000e+00
4.759812e-04 3.365695e-04 7.419990e-01 1.725000e+00 5.000000e-01 0.000000e+00
1.035203e-03 7.319991e-04 7.419990e-01 1.775000e+00 5.000000e-01 0.000000e+00
0.000000e+00 0.000000e+00 7.419990e-01 1.825000e+00 5.000000e-01 0.000000e+00
nan nan 7.419990e-01 1.875000e+00 5.000000e-01 0.000000e+00
nan nan 7.419990e-01 1.925000e+00 5.000000e-01 0.000000e+00
nan nan 7.419990e-01 1.975000e+00 5.000000e-01 0.000000e+00
nan nan 7.419990e-01 2.025000e+00 5.000000e-01 0.000000e+00
nan nan 7.419990e-01 2.075000e+00 5.000000e-01 0.000000e+00
nan nan 7.419990e-01 2.125000e+00 5.000000e-01 0.000000e+00
nan nan 7.419990e-01 2.175000e+00 5.000000e-01 0.000000e+00
nan nan 7.419990e-01 2.225000e+00 5.000000e-01 0.000000e+00
nan nan 7.419990e-01 2.275000e+00 5.000000e-01 0.000000e+00
nan nan 7.419990e-01 2.325000e+00 5.000000e-01 0.000000e+00
nan nan 7.419990e-01 2.375000e+00 5.000000e-01 0.000000e+00
nan nan 7.419990e-01 2.425000e+00 5.000000e-01 0.000000e+00
nan nan 7.419990e-01 2.475000e+00 5.000000e-01 0.000000e+00
nan nan 7.419990e-01 2.525000e+00 5.000000e-01 0.000000e+00
nan nan 7.419990e-01 2.575000e+00 5.000000e-01 0.000000e+00
nan nan 7.419990e-01 2.625000e+00 5.000000e-01 0.000000e+00
nan nan 7.419990e-01 2.675000e+00 5.000000e-01 0.000000e+00
nan nan 7.419990e-01 2.725000e+00 5.000000e-01 0.000000e+00
nan nan 7.419990e-01 2.775000e+00 5.000000e-01 0.000000e+00
nan nan 7.419990e-01 2.825000e+00 5.000000e-01 0.000000e+00
nan nan 7.419990e-01 2.875000e+00 5.000000e-01 0.000000e+00
4.912261e-01 5.163665e-03 7.519990e-01 2.500000e-02 5.000000e-01 0.000000e+00
1.338454e-01 2.689856e-03 7.519990e-01 7.500000e-02 5.000000e-01 0.000000e+00
1.465510e-02 8.853488e-04 7.519990e-01 1.250000e-01 5.000000e-01 0.000000e+00
6.022031e-03 5.690301e-04 7.519990e-01 1.750000e-01 5.000000e-01 0.000000e+00
4.227832e-03 4.726874e-04 7.519990e-01 2.250000e-01 5.000000e-01 0.000000e+00
5.171456e-03 5.223971e-04 7.519990e-01 2.750000e-01 5.000000e-01 0.000000e+00
5.513811e-03 5.355501e-04 7.519990e-01 3.250000e-01 5.000000e-01 0.000000e+00
3.542011e-03 4.295332e-04 7.519990e-01 3.750000e-01 5.000000e-01 0.000000e+00
4.042185e-03 4.576887e-04 7.519990e-01 4.250000e-01 5.000000e-01 0.000000e+00
4.928980e-03 5.030631e-04 7.519990e-01 4.750000e-01 5.000000e-01 0.000000e+00
5.213228e-03 5.161884e-04 7.519990e-01 5.250000e-01 5.000000e-01 0.000000e+00
3.221304e-03 4.026641e-04 7.519990e-01 5.750000e-01 5.000000e-01 0.000000e+00
3.556989e-03 4.134929e-04 7.519990e-01 6.250000e-01 5.000000e-01 0.000000e+00
4.559448e-03 4.605755e-04 7.519990e-01 6.750000e-01 5.000000e-01 0.000000e+00
3.980228e-03 4.342802e-04 7.519990e-01 7.250000e-01 5.000000e-01 0.000000e+00
3.208314e-03 3.781050e-04 7.519990e-01 7.750000e-01 5.000000e-01 0.000000e+00
2.441845e-03 3.206315e-04 7.519990e-01 8.250000e-01 5.000000e-01 0.000000e+00
3.443745e-03 3.757450e-04 7.519990e-01 8.750000e-01 5.000000e-01 0.000000e+00
3.296977e-03 3.597311e-04 7.519990e-01 9.250000e-01 5.000000e-01 0.000000e+00
2.801042e-03 3.347896e-04 7.519990e-01 9.750000e-01 5.000000e-01 0.000000e+00
1.894610e-03 2.793459e-04 7.519990e-01 1.025000e+00 5.000000e-01 0.000000e+00
2.408356e-03 3.218313e-04 7.519990e-01 1.075000e+00 5.000000e-01 0.000000e+00
1.875915e-03 2.894613e-04 7.519990e-01 1.125000e+00 5.000000e-01 0.000000e+00
2.016286e-03 3.111215e-04 7.519990e-01 1.175000e+00 5.000000e-01 0.000000e+00
2.611937e-03 3.693854e-04 7.519990e-01 1.225000e+00 5.000000e-01 0.000000e+00
8.937082e-04 2.234276e-04 7.519990e-01 1.275000e+00 5.000000e-01 0.000000e+00
9.839925e-04 2.459993e-04 7.519990e-01 1.325000e+00 5.000000e-01 0.000000e+00
1.533481e-03 3.269412e-04 7.519990e-01 1.375000e+00 5.000000e-01 0.000000e+00
1.239623e-03 3.099088e-04 7.519990e-01 1.425000e+00 5.000000e-01 0.000000e+00
3.651634e-04 1.825820e-04 7.519990e-01 1.475000e+00 5.000000e-01 0.000000e+00
1.085620e-03 3.433069e-04 7.519990e-01 1.525000e+00 5.000000e-01 0.000000e+00
1.398365e-03 4.422055e-04 7.519990e-01 1.575000e+00 5.000000e-01 0.000000e+00
7.935879e-04 3.967947e-04 7.519990e-01 1.625000e+00 5.000000e-01 0.000000e+00
2.216827e-03 9.050267e-04 7.519990e-01 1.675000e+00 5.000000e-01 0.000000e+00
0.000000e+00 0.000000e+00 7.519990e-01 1.725000e+00 5.000000e-01 0.000000e+00
0.000000e+00 0.000000e+00 7.519990e-01 1.775000e+00 5.000000e-01 0.000000e+00
nan nan 7.519990e-01 1.825000e+00 5.000000e-01 0.000000e+00
nan nan 7.519990e-01 1.875000e+00 5.000000e-01 0.000000e+00
nan nan 7.519990e-01 1.925000e+00 5.000000e-01 0.000000e+00
nan nan 7.519990e-01 1.975000e+00 5.000000e-01 0.000000e+00
nan nan 7.519990e-01 2.025000e+00 5.000000e-01 0.000000e+00
nan nan 7.519990e-01 2.075000e+00 5.000000e-01 0.000000e+00
nan nan 7.519990e-01 2.125000e+00 5.000000e-01 0.000000e+00
nan nan 7.519990e-01 2.175000e+00 5.000000e-01 0.000000e+00
nan nan 7.519990e-01 2.225000e+00 5.000000e-01 0.000000e+00
nan nan 7.519990e-01 2.275000e+00 5.000000e-01 0.000000e+00
nan nan 7.519990e-01 2.325000e+00 5.000000e-01 0.000000e+00
nan nan 7.519990e-01 2.375000e+00 5.000000e-01 0.000000e+00
nan nan 7.519990e-01 2.425000e+00 5.000000e-01 0.000000e+00
nan nan 7.519990e-01 2.475000e+00 5.000000e-01 0.000000e+00
nan nan 7.519990e-01 2.525000e+00 5.000000e-01 0.000000e+00
nan nan 7.519990e-01 2.575000e+00 5.000000e-01 0.000000e+00
nan nan 7.519990e-01 2.625000e+00 5.000000e-01 0.000000e+00
nan nan 7.519990e-01 2.675000e+00 5.000000e-01 0.000000e+00
nan nan 7.519990e-01 2.725000e+00 5.000000e-01 0.000000e+00
nan nan 7.519990e-01 2.775000e+00 5.000000e-01 0.000000e+00
nan nan 7.519990e-01 2.825000e+00 5.000000e-01 0.000000e+00
nan nan 7.519990e-01 2.875000e+00 5.000000e-01 0.000000e+00
4.742038e-01 5.101041e-03 7.619990e-01 2.500000e-02 5.000000e-01 0.000000e+00
1.333185e-01 2.698959e-03 7.619990e-01 7.500000e-02 5.000000e-01 0.000000e+00
1.324338e-02 8.443683e-04 7.619990e-01 1.250000e-01 5.000000e-01 0.000000e+00
5.078578e-03 5.183314e-04 7.619990e-01 1.750000e-01 5.000000e-01 0.000000e+00
6.255010e-03 5.758218e-04 7.619990e-01 2.250000e-01 5.000000e-01 0.000000e+00
4.651771e-03 4.958821e-04 7.619990e-01 2.750000e-01 5.000000e-01 0.000000e+00
4.807369e-03 5.012043e-04 7.619990e-01 3.250000e-01 5.000000e-01 0.000000e+00
4.546758e-03 4.846874e-04 7.619990e-01 3.750000e-01 5.000000e-01 0.000000e+00
4.820022e-03 4.971487e-04 7.619990e-01 4.250000e-01 5.000000e-01 0.000000e+00
4.409527e-03 4.754930e-04 7.619990e-01 4.750000e-01 5.000000e-01 0.000000e+00
4.458336e-03 4.752617e-04 7.619990e-01 5.250000e-01 5.000000e-01 0.000000e+00
5.033883e-03 4.984305e-04 7.619990e-01 5.750000e-01 5.000000e-01 0.000000e+00
3.938817e-03 4.247352e-04 7.619990e-01 6.250000e-01 5.000000e-01 0.000000e+00
3.982687e-03 4.294657e-04 7.619990e-01 6.750000e-01 5.000000e-01 0.000000e+00
4.020605e-03 4.191786e-04 7.619990e-01 7.250000e-01 5.000000e-01 0.000000e+00
4.041637e-03 4.124993e-04 7.619990e-01 7.750000e-01 5.000000e-01 0.000000e+00
3.719430e-03 3.920640e-04 7.619990e-01 8.250000e-01 5.000000e-01 0.000000e+00
3.313587e-03 3.615434e-04 7.619990e-01 8.750000e-01 5.000000e-01 0.000000e+00
2.807437e-03 3.404530e-04 7.619990e-01 9.250000e-01 5.000000e-01 0.000000e+00
3.016518e-03 3.605448e-04 7.619990e-01 9.750000e-01 5.000000e-01 0.000000e+00
2.695095e-03 3.479368e-04 7.619990e-01 1.025000e+00 5.000000e-01 0.000000e+00
1.891664e-03 2.990998e-04 7.619990e-01 1.075000e+00 5.000000e-01 0.000000e+00
2.090436e-03 3.305279e-04 7.619990e-01 1.125000e+00 5.000000e-01 0.000000e+00
1.804858e-03 3.190586e-04 7.619990e-01 1.175000e+00 5.000000e-01 0.000000e+00
1.811519e-03 3.307382e-04 7.619990e-01 1.225000e+00 5.000000e-01 0.000000e+00
1.349796e-03 3.018250e-04 7.619990e-01 1.275000e+00 5.000000e-01 0.000000e+00
1.075175e-03 2.873533e-04 7.619990e-01 1.325000e+00 5.000000e-01 0.000000e+00
5.214979e-04 2.129021e-04 7.619990e-01 1.375000e+00 5.000000e-01 0.000000e+00
1.475898e-03 3.944526e-04 7.619990e-01 1.425000e+00 5.000000e-01 0.000000e+00
7.685581e-04 3.137636e-04 7.619990e-01 1.475000e+00 5.000000e-01 0.000000e+00
2.142743e-03 6.185592e-04 7.619990e-01 1.525000e+00 5.000000e-01 0.000000e+00
1.121304e-03 5.606522e-04 7.619990e-01 1.575000e+00 5.000000e-01 0.000000e+00
0.000000e+00 0.000000e+00 7.619990e-01 1.625000e+00 5.000000e-01 0.000000e+00
0.000000e+00 0.000000e+00 7.619990e-01 1.675000e+00 5.000000e-01 0.000000e+00
nan nan 7.619990e-01 1.725000e+00 5.000000e-01 0.000000e+00
nan nan 7.619990e-01 1.775000e+00 5.000000e-01 0.000000e+00
nan nan 7.619990e-01 1.825000e+00 5.000000e-01 0.000000e+00
nan nan 7.619990e-01 1.875000e+00 5.000000e-01 0.000000e+00
nan nan 7.619990e-01 1.925000e+00 5.000000e-01 0.000000e+00
nan nan 7.619990e-01 1.975000e+00 5.000000e-01 0.000000e+00
nan nan 7.619990e-01 2.025000e+00 5.000000e-01 0.000000e+00
nan nan 7.619990e-01 2.075000e+00 5.000000e-01 0.000000e+00
nan nan 7.619990e-01 2.125000e+00 5.000000e-01 0.000000e+00
nan nan 7.619990e-01 2.175000e+00 5.000000e-01 0.000000e+00
nan nan 7.619990e-01 2.225000e+00 5.000000e-01 0.000000e+00
nan nan 7.619990e-01 2.275000e+00 5.000000e-01 0.000000e+00
nan nan 7.619990e-01 2.325000e+00 5.000000e-01 0.000000e+00
nan nan 7.619990e-01 2.375000e+00 5.000000e-01 0.000000e+00
nan nan 7.619990e-01 2.425000e+00 5.000000e-01 0.000000e+00
nan nan 7.619990e-01 2.475000e+00 5.000000e-01 0.000000e+00
nan nan 7.619990e-01 2.525000e+00 5.000000e-01 0.000000e+00
nan nan 7.619990e-01 2.575000e+00 5.000000e-01 0.000000e+00
nan nan 7.619990e-01 2.625000e+00 5.000000e-01 0.000000e+00
nan nan 7.619990e-01 2.675000e+00 5.000000e-01 0.000000e+00
nan nan 7.619990e-01 2.725000e+00 5.000000e-01 0.000000e+00
nan nan 7.619990e-01 2.775000e+00 5.000000e-01 0.000000e+00
nan nan 7.619990e-01 2.825000e+00 5.000000e-01 0.000000e+00
nan nan 7.619990e-01 2.875000e+00 5.000000e-01 0.000000e+00
4.799256e-01 5.082645e-03 7.719989e-01 2.500000e-02 5.000000e-01 0.000000e+00
1.414424e-01 2.753868e-03 7.719989e-01 7.500000e-02 5.000000e-01 0.000000e+00
1.472740e-02 8.864869e-04 7.719989e-01 1.250000e-01 5.000000e-01 0.000000e+00
5.268940e-03 5.322444e-04 7.719989e-01 1.750000e-01 5.000000e-01 0.000000e+00
4.392917e-03 4.851177e-04 7.719989e-01 2.250000e-01 5.000000e-01 0.000000e+00
5.088924e-03 5.193873e-04 7.719989e-01 2.750000e-01 5.000000e-01 0.000000e+00
5.559446e-03 5.399824e-04 7.719989e-01 3.250000e-01 5.000000e-01 0.000000e+00
5.342572e-03 5.289949e-04 7.719989e-01 3.750000e-01 5.000000e-01 0.000000e+00
3.807499e-03 4.426140e-04 7.719989e-01 4.250000e-01 5.000000e-01 0.000000e+00
4.043606e-03 4.520903e-04 7.719989e-01 4.750000e-01 5.000000e-01 0.000000e+00
3.256828e-03 4.008893e-04 7.719989e-01 5.250000e-01 5.000000e-01 0.000000e+00
4.293453e-03 4.382003e-04 7.719989e-01 5.750000e-01 5.000000e-01 0.000000e+00
3.441460e-03 3.896697e-04 7.719989e-01 6.250000e-01 5.000000e-01 0.000000e+00
4.182082e-03 4.268334e-04 7.719989e-01 6.750000e-01 5.000000e-01 0.000000e+00
4.079965e-03 4.164113e-04 7.719989e-01 7.250000e-01 5.000000e-01 0.000000e+00
2.752262e-03 3.387814e-04 7.719989e-01 7.750000e-01 5.000000e-01 0.000000e+00
3.739431e-03 3.898645e-04 7.719989e-01 8.250000e-01 5.000000e-01 0.000000e+00
3.029746e-03 3.621255e-04 7.719989e-01 8.750000e-01 5.000000e-01 0.000000e+00
2.745071e-03 3.543885e-04 7.719989e-01 9.250000e-01 5.000000e-01 0.000000e+00
2.396560e-03 3.389271e-04 7.719989e-01 9.750000e-01 5.000000e-01 0.000000e+00
2.615493e-03 3.627056e-04 7.719989e-01 1.025000e+00 5.000000e-01 0.000000e+00
2.023440e-03 3.372417e-04 7.719989e-01 1.075000e+00 5.000000e-01 0.000000e+00
1.588545e-03 3.115405e-04 7.719989e-01 1.125000e+00 5.000000e-01 0.000000e+00
1.056132e-03 2.640343e-04 7.719989e-01 1.175000e+00 5.000000e-01 0.000000e+00
1.346773e-03 3.174398e-04 7.719989e-01 1.225000e+00 5.000000e-01 0.000000e+00
1.193224e-03 3.189055e-04 7.719989e-01 1.275000e+00 5.000000e-01 0.000000e+00
1.785614e-03 4.208746e-04 7.719989e-01 1.325000e+00 5.000000e-01 0.000000e+00
9.929506e-04 3.510618e-04 7.719989e-01 1.375000e+00 5.000000e-01 0.000000e+00
3.211257e-04 2.270702e-04 7.719989e-01 1.425000e+00 5.000000e-01 0.000000e+00
5.019559e-04 3.549364e-04 7.719989e-01 1.475000e+00 5.000000e-01 0.000000e+00
8.914783e-04 6.303703e-04 7.719989e-01 1.525000e+00 5.000000e-01 0.000000e+00
0.000000e+00 0.000000e+00 7.719989e-01 1.575000e+00 5.000000e-01 0.000000e+00
nan nan 7.719989e-01 1.625000e+00 5.000000e-01 0.000000e+00
nan nan 7.719989e-01 1.675000e+00 5.000000e-01 0.000000e+00
nan nan 7.719989e-01 1.725000e+00 5.000000e-01 0.000000e+00
nan nan 7.719989e-01 1.775000e+00 5.000000e-01 0.000000e+00
nan nan 7.719989e-01 1.825000e+00 5.000000e-01 0.000000e+00
nan nan 7.719989e-01 1.875000e+00 5.000000e-01 0.000000e+00
nan nan 7.719989e-01 1.925000e+00 5.000000e-01 0.000000e+00
nan nan 7.719989e-01 1.975000e+00 5.000000e-01 0.000000e+00
nan nan 7.719989e-01 2.025000e+00 5.000000e-01 0.000000e+00
nan nan 7.719989e-01 2.075000e+00 5.000000e-01 0.000000e+00
nan nan 7.719989e-01 2.125000e+00 5.000000e-01 0.000000e+00
nan nan 7.719989e-01 2.175000e+00 5.000000e-01 0.000000e+00
nan nan 7.719989e-01 2.225000e+00 5.000000e-01 0.000000e+00
nan nan 7.719989e-01 2.275000e+00 5.000000e-01 0.000000e+00
nan nan 7.719989e-01 2.325000e+00 5.000000e-01 0.000000e+00
nan nan 7.719989e-01 2.375000e+00 5.000000e-01 0.000000e+00
nan nan 7.719989e-01 2.425000e+00 5.000000e-01 0.000000e+00
nan nan 7.719989e-01 2.475000e+00 5.000000e-01 0.000000e+00
nan nan 7.719989e-01 2.525000e+00 5.000000e-01 0.000000e+00
nan nan 7.719989e-01 2.575000e+00 5.000000e-01 0.000000e+00
nan nan 7.719989e-01 2.625000e+00 5.000000e-01 0.000000e+00
nan nan 7.719989e-01 2.675000e+00 5.000000e-01 0.000000e+00
nan nan 7.719989e-01 2.725000e+00 5.000000e-01 0.000000e+00
nan nan 7.719989e-01 2.775000e+00 5.000000e-01 0.000000e+00
nan nan 7.719989e-01 2.825000e+00 5.000000e-01 0.000000e+00
nan nan 7.719989e-01 2.875000e+00 5.000000e-01 0.000000e+00
4.765039e-01 5.125190e-03 7.819989e-01 2.500000e-02 5.000000e-01 0.000000e+00
1.416927e-01 2.759787e-03 7.819989e-01 7.500000e-02 5.000000e-01 0.000000e+00
1.508777e-02 8.984656e-04 7.819989e-01 1.250000e-01 5.000000e-01 0.000000e+00
5.003649e-03 5.160883e-04 7.819989e-01 1.750000e-01 5.000000e-01 0.000000e+00
3.599057e-03 4.364511e-04 7.819989e-01 2.250000e-01 5.000000e-01 0.000000e+00
4.968066e-03 5.124183e-04 7.819989e-01 2.750000e-01 5.000000e-01 0.000000e+00
5.422967e-03 5.317668e-04 7.819989e-01 3.250000e-01 5.000000e-01 0.000000e+00
4.866096e-03 5.019008e-04 7.819989e-01 3.750000e-01 5.000000e-01 0.000000e+00
3.960827e-03 4.484767e-04 7.819989e-01 4.250000e-01 5.000000e-01 0.000000e+00
4.180685e-03 4.508160e-04 7.819989e-01 4.750000e-01 5.000000e-01 0.000000e+00
4.161361e-03 4.338533e-04 7.819989e-01 5.250000e-01 5.000000e-01 0.000000e+00
5.312372e-03 4.732651e-04 7.819989e-01 5.750000e-01 5.000000e-01 0.000000e+00
2.632897e-03 3.399065e-04 7.819989e-01 6.250000e-01 5.000000e-01 0.000000e+00
3.099526e-03 3.652843e-04 7.819989e-01 6.750000e-01 5.000000e-01 0.000000e+00
3.380611e-03 3.779653e-04 7.819989e-01 7.250000e-01 5.000000e-01 0.000000e+00
3.028412e-03 3.569033e-04 7.819989e-01 7.750000e-01 5.000000e-01 0.000000e+00
3.711909e-03 4.099135e-04 7.819989e-01 8.250000e-01 5.000000e-01 0.000000e+00
2.258884e-03 3.330553e-04 7.819989e-01 8.750000e-01 5.000000e-01 0.000000e+00
3.606784e-03 4.310949e-04 7.819989e-01 9.250000e-01 5.000000e-01 0.000000e+00
1.623036e-03 2.963258e-04 7.819989e-01 9.750000e-01 5.000000e-01 0.000000e+00
2.060097e-03 3.533056e-04 7.819989e-01 1.025000e+00 5.000000e-01 0.000000e+00
1.728202e-03 3.389298e-04 7.819989e-01 1.075000e+00 5.000000e-01 0.000000e+00
1.589315e-03 3.388445e-04 7.819989e-01 1.125000e+00 5.000000e-01 0.000000e+00
6.796503e-04 2.402932e-04 7.819989e-01 1.175000e+00 5.000000e-01 0.000000e+00
3.107410e-03 5.493220e-04 7.819989e-01 1.225000e+00 5.000000e-01 0.000000e+00
7.007710e-04 2.860897e-04 7.819989e-01 1.275000e+00 5.000000e-01 0.000000e+00
2.085385e-03 5.573457e-04 7.819989e-01 1.325000e+00 5.000000e-01 0.000000e+00
2.513756e-03 7.256641e-04 7.819989e-01 1.375000e+00 5.000000e-01 0.000000e+00
1.610333e-03 8.051762e-04 7.819989e-01 1.425000e+00 5.000000e-01 0.000000e+00
2.154830e-03 1.523695e-03 7.819989e-01 1.475000e+00 5.000000e-01 0.000000e+00
nan nan 7.819989e-01 1.525000e+00 5.000000e-01 0.000000e+00
nan nan 7.819989e-01 1.575000e+00 5.000000e-01 0.000000e+00
nan nan 7.819989e-01 1.625000e+00 5.000000e-01 0.000000e+00
nan nan 7.819989e-01 1.675000e+00 5.000000e-01 0.000000e+00
nan nan 7.819989e-01 1.725000e+00 5.000000e-01 0.000000e+00
nan nan 7.819989e-01 1.775000e+00 5.000000e-01 0.000000e+00
nan nan 7.819989e-01 1.825000e+00 5.000000e-01 0.000000e+00
nan nan 7.819989e-01 1.875000e+00 5.000000e-01 0.000000e+00
nan nan 7.819989e-01 1.925000e+00 5.000000e-01 0.000000e+00
nan nan 7.819989e-01 1.975000e+00 5.000000e-01 0.000000e+00
nan nan 7.819989e-01 2.025000e+00 5.000000e-01 0.000000e+00
nan nan 7.819989e-01 2.075000e+00 5.000000e-01 0.000000e+00
nan nan 7.819989e-01 2.125000e+00 5.000000e-01 0.000000e+00
nan nan 7.819989e-01 2.175000e+00 5.000000e-01 0.000000e+00
nan nan 7.819989e-01 2.225000e+00 5.000000e-01 0.000000e+00
nan nan 7.819989e-01 2.275000e+00 5.000000e-01 0.000000e+00
nan nan 7.819989e-01 2.325000e+00 5.000000e-01 0.000000e+00
nan nan 7.819989e-01 2.375000e+00 5.000000e-01 0.000000e+00
nan nan 7.819989e-01 2.425000e+00 5.000000e-01 0.000000e+00
nan nan 7.819989e-01 2.475000e+00 5.000000e-01 0.000000e+00
nan nan 7.819989e-01 2.525000e+00 5.000000e-01 0.000000e+00
nan nan 7.819989e-01 2.575000e+00 5.000000e-01 0.000000e+00
nan nan 7.819989e-01 2.625000e+00 5.000000e-01 0.000000e+00
nan nan 7.819989e-01 2.675000e+00 5.000000e-01 0.000000e+00
nan nan 7.819989e-01 2.725000e+00 5.000000e-01 0.000000e+00
nan nan 7.819989e-01 2.775000e+00 5.000000e-01 0.000000e+00
nan nan 7.819989e-01 2.825000e+00 5.000000e-01 0.000000e+00
nan nan 7.819989e-01 2.875000e+00 5.000000e-01 0.000000e+00
4.566178e-01 5.133466e-03 7.919989e-01 2.500000e-02 5.000000e-01 0.000000e+00
1.467624e-01 2.788532e-03 7.919989e-01 7.500000e-02 5.000000e-01 0.000000e+00
1.579615e-02 9.150485e-04 7.919989e-01 1.250000e-01 5.000000e-01 0.000000e+00
4.389626e-03 4.847545e-04 7.919989e-01 1.750000e-01 5.000000e-01 0.000000e+00
5.322857e-03 5.322871e-04 7.919989e-01 2.250000e-01 5.000000e-01 0.000000e+00
5.044392e-03 5.148423e-04 7.919989e-01 2.750000e-01 5.000000e-01 0.000000e+00
3.106914e-03 4.011020e-04 7.919989e-01 3.250000e-01 5.000000e-01 0.000000e+00
4.675592e-03 4.822519e-04 7.919989e-01 3.750000e-01 5.000000e-01 0.000000e+00
3.832368e-03 4.232158e-04 7.919989e-01 4.250000e-01 5.000000e-01 0.000000e+00
3.583056e-03 4.005992e-04 7.919989e-01 4.750000e-01 5.000000e-01 0.000000e+00
3.824824e-03 4.031730e-04 7.919989e-01 5.250000e-01 5.000000e-01 0.000000e+00
3.855928e-03 4.110445e-04 7.919989e-01 5.750000e-01 5.000000e-01 0.000000e+00
3.873496e-03 4.129175e-04 7.919989e-01 6.250000e-01 5.000000e-01 0.000000e+00
3.249468e-03 3.777443e-04 7.919989e-01 6.750000e-01 5.000000e-01 0.000000e+00
3.673076e-03 4.056249e-04 7.919989e-01 7.250000e-01 5.000000e-01 0.000000e+00
2.666258e-03 3.562948e-04 7.919989e-01 7.750000e-01 5.000000e-01 0.000000e+00
3.353948e-03 4.192453e-04 7.919989e-01 8.250000e-01 5.000000e-01 0.000000e+00
3.451401e-03 4.383300e-04 7.919989e-01 8.750000e-01 5.000000e-01 0.000000e+00
3.137348e-03 4.269406e-04 7.919989e-01 9.250000e-01 5.000000e-01 0.000000e+00
1.738698e-03 3.409887e-04 7.919989e-01 9.750000e-01 5.000000e-01 0.000000e+00
2.042151e-03 3.859316e-04 7.919989e-01 1.025000e+00 5.000000e-01 0.000000e+00
1.596348e-03 3.569548e-04 7.919989e-01 1.075000e+00 5.000000e-01 0.000000e+00
2.152692e-03 4.589573e-04 7.919989e-01 1.125000e+00 5.000000e-01 0.000000e+00
9.061702e-04 3.203806e-04 7.919989e-01 1.175000e+00 5.000000e-01 0.000000e+00
1.148559e-03 4.060783e-04 7.919989e-01 1.225000e+00 5.000000e-01 0.000000e+00
2.329550e-03 6.724843e-04 7.919989e-01 1.275000e+00 5.000000e-01 0.000000e+00
0.000000e+00 0.000000e+00 7.919989e-01 1.325000e+00 5.000000e-01 0.000000e+00
1.634995e-03 1.156116e-03 7.919989e-01 1.375000e+00 5.000000e-01 0.000000e+00
0.000000e+00 0.000000e+00 7.919989e-01 1.425000e+00 5.000000e-01 0.000000e+00
nan nan 7.919989e-01 1.475000e+00 5.000000e-01 0.000000e+00
nan nan 7.919989e-01 1.525000e+00 5.000000e-01 0.000000e+00
nan nan 7.919989e-01 1.575000e+00 5.000000e-01 0.000000e+00
nan nan 7.919989e-01 1.625000e+00 5.000000e-01 0.000000e+00
nan nan 7.919989e-01 1.675000e+00 5.000000e-01 0.000000e+00
nan nan 7.919989e-01 1.725000e+00 5.000000e-01 0.000000e+00
nan nan 7.919989e-01 1.775000e+00 5.000000e-01 0.000000e+00
nan nan 7.919989e-01 1.825000e+00 5.000000e-01 0.000000e+00
nan nan 7.919989e-01 1.875000e+00 5.000000e-01 0.000000e+00
nan nan 7.919989e-01 1.925000e+00 5.000000e-01 0.000000e+00
nan nan 7.919989e-01 1.975000e+00 5.000000e-01 0.000000e+00
nan nan 7.919989e-01 2.025000e+00 5.000000e-01 0.000000e+00
nan nan 7.919989e-01 2.075000e+00 5.000000e-01 0.000000e+00
nan nan 7.919989e-01 2.125000e+00 5.000000e-01 0.000000e+00
nan nan 7.919989e-01 2.175000e+00 5.000000e-01 0.000000e+00
nan nan 7.919989e-01 2.225000e+00 5.000000e-01 0.000000e+00
nan nan 7.919989e-01 2.275000e+00 5.000000e-01 0.000000e+00
nan nan 7.919989e-01 2.325000e+00 5.000000e-01 0.000000e+00
nan nan 7.919989e-01 2.375000e+00 5.000000e-01 0.000000e+00
nan nan 7.919989e-01 2.425000e+00 5.000000e-01 0.000000e+00
nan nan 7.919989e-01 2.475000e+00 5.000000e-01 0.000000e+00
nan nan 7.919989e-01 2.525000e+00 5.000000e-01 0.000000e+00
nan nan 7.919989e-01 2.575000e+00 5.000000e-01 0.000000e+00
nan nan 7.919989e-01 2.625000e+00 5.000000e-01 0.000000e+00
nan nan 7.919989e-01 2.675000e+00 5.000000e-01 0.000000e+00
nan nan 7.919989e-01 2.725000e+00 5.000000e-01 0.000000e+00
nan nan 7.919989e-01 2.775000e+00 5.000000e-01 0.000000e+00
nan nan 7.919989e-01 2.825000e+00 5.000000e-01 0.000000e+00
nan nan 7.919989e-01 2.875000e+00 5.000000e-01 0.000000e+00
4.683580e-01 5.158339e-03 8.019989e-01 2.500000e-02 5.000000e-01 0.000000e+00
1.440819e-01 2.781115e-03 8.019989e-01 7.500000e-02 5.000000e-01 0.000000e+00
1.564454e-02 9.062655e-04 8.019989e-01 1.250000e-01 5.000000e-01 0.000000e+00
4.012982e-03 4.603222e-04 8.019989e-01 1.750000e-01 5.000000e-01 0.000000e+00
4.546201e-03 4.902306e-04 8.019989e-01 2.250000e-01 5.000000e-01 0.000000e+00
4.563867e-03 4.810751e-04 8.019989e-01 2.750000e-01 5.000000e-01 0.000000e+00
4.163487e-03 4.489616e-04 8.019989e-01 3.250000e-01 5.000000e-01 0.000000e+00
4.506985e-03 4.552752e-04 8.019989e-01 3.750000e-01 5.000000e-01 0.000000e+00
4.015613e-03 4.232839e-04 8.019989e-01 4.250000e-01 5.000000e-01 0.000000e+00
3.787982e-03 4.084699e-04 8.019989e-01 4.750000e-01 5.000000e-01 0.000000e+00
3.218347e-03 3.691707e-04 8.019989e-01 5.250000e-01 5.000000e-01 0.000000e+00
3.137800e-03 3.750402e-04 8.019989e-01 5.750000e-01 5.000000e-01 0.000000e+00
2.862434e-03 3.635308e-04 8.019989e-01 6.250000e-01 5.000000e-01 0.000000e+00
3.764463e-03 4.262429e-04 8.019989e-01 6.750000e-01 5.000000e-01 0.000000e+00
4.096942e-03 4.524328e-04 8.019989e-01 7.250000e-01 5.000000e-01 0.000000e+00
3.070787e-03 4.178828e-04 8.019989e-01 7.750000e-01 5.000000e-01 0.000000e+00
3.494022e-03 4.587893e-04 8.019989e-01 8.250000e-01 5.000000e-01 0.000000e+00
1.660750e-03 3.257010e-04 8.019989e-01 8.750000e-01 5.000000e-01 0.000000e+00
1.774132e-03 3.621450e-04 8.019989e-01 9.250000e-01 5.000000e-01 0.000000e+00
3.284288e-03 5.192941e-04 8.019989e-01 9.750000e-01 5.000000e-01 0.000000e+00
1.461067e-03 3.652677e-04 8.019989e-01 1.025000e+00 5.000000e-01 0.000000e+00
1.140352e-03 3.606124e-04 8.019989e-01 1.075000e+00 5.000000e-01 0.000000e+00
2.420075e-03 5.704205e-04 8.019989e-01 1.125000e+00 5.000000e-01 0.000000e+00
1.464034e-03 5.176150e-04 8.019989e-01 1.175000e+00 5.000000e-01 0.000000e+00
1.146416e-03 5.732079e-04 8.019989e-01 1.225000e+00 5.000000e-01 0.000000e+00
1.149506e-03 8.128233e-04 8.019989e-01 1.275000e+00 5.000000e-01 0.000000e+00
0.000000e+00 0.000000e+00 8.019989e-01 1.325000e+00 5.000000e-01 0.000000e+00
nan nan 8.019989e-01 1.375000e+00 5.000000e-01 0.000000e+00
nan nan 8.019989e-01 1.425000e+00 5.000000e-01 0.000000e+00
nan nan 8.019989e-01 1.475000e+00 5.000000e-01 0.000000e+00
nan nan 8.019989e-01 1.525000e+00 5.000000e-01 0.000000e+00
nan nan 8.019989e-01 1.575000e+00 5.000000e-01 0.000000e+00
nan nan 8.019989e-01 1.625000e+00 5.000000e-01 0.000000e+00
nan nan 8.019989e-01 1.675000e+00 5.000000e-01 0.000000e+00
nan nan 8.019989e-01 1.725000e+00 5.000000e-01 0.000000e+00
nan nan 8.019989e-01 1.775000e+00 5.000000e-01 0.000000e+00
nan nan 8.019989e-01 1.825000e+00 5.000000e-01 0.000000e+00
nan nan 8.019989e-01 1.875000e+00 5.000000e-01 0.000000e+00
nan nan 8.019989e-01 1.925000e+00 5.000000e-01 0.000000e+00
nan nan 8.019989e-01 1.975000e+00 5.000000e-01 0.000000e+00
nan nan 8.019989e-01 2.025000e+00 5.000000e-01 0.000000e+00
nan nan 8.019989e-01 2.075000e+00 5.000000e-01 0.000000e+00
nan nan 8.019989e-01 2.125000e+00 5.000000e-01 0.000000e+00
nan nan 8.019989e-01 2.175000e+00 5.000000e-01 0.000000e+00
nan nan 8.019989e-01 2.225000e+00 5.000000e-01 0.000000e+00
nan nan 8.019989e-01 2.275000e+00 5.000000e-01 0.000000e+00
nan nan 8.019989e-01 2.325000e+00 5.000000e-01 0.000000e+00
nan nan 8.019989e-01 2.375000e+00 5.000000e-01 0.000000e+00
nan nan 8.019989e-01 2.425000e+00 5.000000e-01 0.000000e+00
nan nan 8.019989e-01 2.475000e+00 5.000000e-01 0.000000e+00
nan nan 8.019989e-01 2.525000e+00 5.000000e-01 0.000000e+00
nan nan 8.019989e-01 2.575000e+00 5.000000e-01 0.000000e+00
nan nan 8.019989e-01 2.625000e+00 5.000000e-01 0.000000e+00
nan nan 8.019989e-01 2.675000e+00 5.000000e-01 0.000000e+00
nan nan 8.019989e-01 2.725000e+00 5.000000e-01 0.000000e+00
nan nan 8.019989e-01 2.775000e+00 5.000000e-01 0.000000e+00
nan nan 8.019989e-01 2.825000e+00 5.000000e-01 0.000000e+00
nan nan 8.019989e-01 2.875000e+00 5.000000e-01 0.000000e+00
4.666335e-01 5.067924e-03 8.119989e-01 2.500000e-02 5.000000e-01 0.000000e+00
1.458874e-01 2.829705e-03 8.119989e-01 7.500000e-02 5.000000e-01 0.000000e+00
1.452280e-02 8.773567e-04 8.119989e-01 1.250000e-01 5.000000e-01 0.000000e+00
5.683187e-03 5.418720e-04 8.119989e-01 1.750000e-01 5.000000e-01 0.000000e+00
5.289814e-03 5.090141e-04 8.119989e-01 2.250000e-01 5.000000e-01 0.000000e+00
5.111321e-03 4.873465e-04 8.119989e-01 2.750000e-01 5.000000e-01 0.000000e+00
4.547816e-03 4.547829e-04 8.119989e-01 3.250000e-01 5.000000e-01 0.000000e+00
3.516519e-03 3.981684e-04 8.119989e-01 3.750000e-01 5.000000e-01 0.000000e+00
3.492516e-03 3.954506e-04 8.119989e-01 4.250000e-01 5.000000e-01 0.000000e+00
2.998702e-03 3.636472e-04 8.119989e-01 4.750000e-01 5.000000e-01 0.000000e+00
3.588899e-03 4.063640e-04 8.119989e-01 5.250000e-01 5.000000e-01 0.000000e+00
3.484313e-03 4.164566e-04 8.119989e-01 5.750000e-01 5.000000e-01 0.000000e+00
3.243937e-03 4.119820e-04 8.119989e-01 6.250000e-01 5.000000e-01 0.000000e+00
3.326892e-03 4.225167e-04 8.119989e-01 6.750000e-01 5.000000e-01 0.000000e+00
4.618246e-03 5.297509e-04 8.119989e-01 7.250000e-01 5.000000e-01 0.000000e+00
2.808829e-03 4.334129e-04 8.119989e-01 7.750000e-01 5.000000e-01 0.000000e+00
1.408551e-03 3.149628e-04 8.119989e-01 8.250000e-01 5.000000e-01 0.000000e+00
3.080578e-03 4.997382e-04 8.119989e-01 8.750000e-01 5.000000e-01 0.000000e+00
2.662244e-03 5.031198e-04 8.119989e-01 9.250000e-01 5.000000e-01 0.000000e+00
4.162502e-03 6.581526e-04 8.119989e-01 9.750000e-01 5.000000e-01 0.000000e+00
1.358179e-03 4.294954e-04 8.119989e-01 1.025000e+00 5.000000e-01 0.000000e+00
1.039554e-03 4.243985e-04 8.119989e-01 1.075000e+00 5.000000e-01 0.000000e+00
2.000636e-03 7.073389e-04 8.119989e-01 1.125000e+00 5.000000e-01 0.000000e+00
0.000000e+00 0.000000e+00 8.119989e-01 1.175000e+00 5.000000e-01 0.000000e+00
0.000000e+00 0.000000e+00 8.119989e-01 1.225000e+00 5.000000e-01 0.000000e+00
0.000000e+00 0.000000e+00 8.119989e-01 1.275000e+00 5.000000e-01 0.000000e+00
nan nan 8.119989e-01 1.325000e+00 5.000000e-01 0.000000e+00
nan nan 8.119989e-01 1.375000e+00 5.000000e-01 0.000000e+00
nan nan 8.119989e-01 1.425000e+00 5.000000e-01 0.000000e+00
nan nan 8.119989e-01 1.475000e+00 5.000000e-01 0.000000e+00
nan nan 8.119989e-01 1.525000e+00 5.000000e-01 0.000000e+00
nan nan 8.119989e-01 1.575000e+00 5.000000e-01 0.000000e+00
nan nan 8.119989e-01 1.625000e+00 5.000000e-01 0.000000e+00
nan nan 8.119989e-01 1.675000e+00 5.000000e-01 0.000000e+00
nan nan 8.119989e-01 1.725000e+00 5.000000e-01 0.000000e+00
nan nan 8.119989e-01 1.775000e+00 5.000000e-01 0.000000e+00
nan nan 8.119989e-01 1.825000e+00 5.000000e-01 0.000000e+00
nan nan 8.119989e-01 1.875000e+00 5.000000e-01 0.000000e+00
nan nan 8.119989e-01 1.925000e+00 5.000000e-01 0.000000e+00
nan nan 8.119989e-01 1.975000e+00 5.000000e-01 0.000000e+00
nan nan 8.119989e-01 2.025000e+00 5.000000e-01 0.000000e+00
nan nan 8.119989e-01 2.075000e+00 5.000000e-01 0.000000e+00
nan nan 8.119989e-01 2.125000e+00 5.000000e-01 0.000000e+00
nan nan 8.119989e-01 2.175000e+00 5.000000e-01 0.000000e+00
nan nan 8.119989e-01 2.225000e+00 5.000000e-01 0.000000e+00
nan nan 8.119989e-01 2.275000e+00 5.000000e-01 0.000000e+00
nan nan 8.119989e-01 2.325000e+00 5.000000e-01 0.000000e+00
nan nan 8.119989e-01 2.375000e+00 5.000000e-01 0.000000e+00
nan nan 8.119989e-01 2.425000e+00 5.000000e-01 0.000000e+00
nan nan 8.119989e-01 2.475000e+00 5.000000e-01 0.000000e+00
nan nan 8.119989e-01 2.525000e+00 5.000000e-01 0.000000e+00
nan nan 8.119989e-01 2.575000e+00 5.000000e-01 0.000000e+00
nan nan 8.119989e-01 2.625000e+00 5.000000e-01 0.000000e+00
nan nan 8.119989e-01 2.675000e+00 5.000000e-01 0.000000e+00
nan nan 8.119989e-01 2.725000e+00 5.000000e-01 0.000000e+00
nan nan 8.119989e-01 2.775000e+00 5.000000e-01 0.000000e+00
nan nan 8.119989e-01 2.825000e+00 5.000000e-01 0.000000e+00
nan nan 8.119989e-01 2.875000e+00 5.000000e-01 0.000000e+00
4.848540e-01 5.139454e-03 8.219989e-01 2.500000e-02 5.000000e-01 0.000000e+00
1.469893e-01 2.811171e-03 8.219989e-01 7.500000e-02 5.000000e-01 0.000000e+00
1.772838e-02 9.343697e-04 8.219989e-01 1.250000e-01 5.000000e-01 0.000000e+00
4.759393e-03 4.759405e-04 8.219989e-01 1.750000e-01 5.000000e-01 0.000000e+00
3.960789e-03 4.271038e-04 8.219989e-01 2.250000e-01 5.000000e-01 0.000000e+00
2.977656e-03 3.665251e-04 8.219989e-01 2.750000e-01 5.000000e-01 0.000000e+00
5.289281e-03 4.910987e-04 8.219989e-01 3.250000e-01 5.000000e-01 0.000000e+00
4.401313e-03 4.492084e-04 8.219989e-01 3.750000e-01 5.000000e-01 0.000000e+00
4.779277e-03 4.732202e-04 8.219989e-01 4.250000e-01 5.000000e-01 0.000000e+00
4.000724e-03 4.365159e-04 8.219989e-01 4.750000e-01 5.000000e-01 0.000000e+00
4.919270e-03 5.128709e-04 8.219989e-01 5.250000e-01 5.000000e-01 0.000000e+00
3.779895e-03 4.652741e-04 8.219989e-01 5.750000e-01 5.000000e-01 0.000000e+00
3.110484e-03 4.313480e-04 8.219989e-01 6.250000e-01 5.000000e-01 0.000000e+00
2.566093e-03 4.057367e-04 8.219989e-01 6.750000e-01 5.000000e-01 0.000000e+00
4.875776e-03 6.001689e-04 8.219989e-01 7.250000e-01 5.000000e-01 0.000000e+00
3.054433e-03 4.954963e-04 8.219989e-01 7.750000e-01 5.000000e-01 0.000000e+00
2.528041e-03 4.777567e-04 8.219989e-01 8.250000e-01 5.000000e-01 0.000000e+00
3.586881e-03 6.340791e-04 8.219989e-01 8.750000e-01 5.000000e-01 0.000000e+00
3.006123e-03 6.136247e-04 8.219989e-01 9.250000e-01 5.000000e-01 0.000000e+00
3.430688e-03 7.671286e-04 8.219989e-01 9.750000e-01 5.000000e-01 0.000000e+00
4.992365e-04 3.530135e-04 8.219989e-01 1.025000e+00 5.000000e-01 0.000000e+00
4.568277e-03 1.318749e-03 8.219989e-01 1.075000e+00 5.000000e-01 0.000000e+00
0.000000e+00 0.000000e+00 8.219989e-01 1.125000e+00 5.000000e-01 0.000000e+00
0.000000e+00 0.000000e+00 8.219989e-01 1.175000e+00 5.000000e-01 0.000000e+00
nan nan 8.219989e-01 1.225000e+00 5.000000e-01 0.000000e+00
nan nan 8.219989e-01 1.275000e+00 5.000000e-01 0.000000e+00
nan nan 8.219989e-01 1.325000e+00 5.000000e-01 0.000000e+00
nan nan 8.219989e-01 1.375000e+00 5.000000e-01 0.000000e+00
nan nan 8.219989e-01 1.425000e+00 5.000000e-01 0.000000e+00
nan nan 8.219989e-01 1.475000e+00 5.000000e-01 0.000000e+00
nan nan 8.219989e-01 1.525000e+00 5.000000e-01 0.000000e+00
nan nan 8.219989e-01 1.575000e+00 5.000000e-01 0.000000e+00
nan nan 8.219989e-01 1.625000e+00 5.000000e-01 0.000000e+00
nan nan 8.219989e-01 1.675000e+00 5.000000e-01 0.000000e+00
nan nan 8.219989e-01 1.725000e+00 5.000000e-01 0.000000e+00
nan nan 8.219989e-01 1.775000e+00 5.000000e-01 0.000000e+00
nan nan 8.219989e-01 1.825000e+00 5.000000e-01 0.000000e+00
nan nan 8.219989e-01 1.875000e+00 5.000000e-01 0.000000e+00
nan nan 8.219989e-01 1.925000e+00 5.000000e-01 0.000000e+00
nan nan 8.219989e-01 1.975000e+00 5.000000e-01 0.000000e+00
nan nan 8.219989e-01 2.025000e+00 5.000000e-01 0.000000e+00
nan nan 8.219989e-01 2.075000e+00 5.000000e-01 0.000000e+00
nan nan 8.219989e-01 2.125000e+00 5.000000e-01 0.000000e+00
nan nan 8.219989e-01 2.175000e+00 5.000000e-01 0.000000e+00
nan nan 8.219989e-01 2.225000e+00 5.000000e-01 0.000000e+00
nan nan 8.219989e-01 2.275000e+00 5.000000e-01 0.000000e+00
nan nan 8.219989e-01 2.325000e+00 5.000000e-01 0.000000e+00
nan nan 8.219989e-01 2.375000e+00 5.000000e-01 0.000000e+00
nan nan 8.219989e-01 2.425000e+00 5.000000e-01 0.000000e+00
nan nan 8.219989e-01 2.475000e+00 5.000000e-01 0.000000e+00
nan nan 8.219989e-01 2.525000e+00 5.000000e-01 0.000000e+00
nan nan 8.219989e-01 2.575000e+00 5.000000e-01 0.000000e+00
nan nan 8.219989e-01 2.625000e+00 5.000000e-01 0.000000e+00
nan nan 8.219989e-01 2.675000e+00 5.000000e-01 0.000000e+00
nan nan 8.219989e-01 2.725000e+00 5.000000e-01 0.000000e+00
nan nan 8.219989e-01 2.775000e+00 5.000000e-01 0.000000e+00
nan nan 8.219989e-01 2.825000e+00 5.000000e-01 0.000000e+00
nan nan 8.219989e-01 2.875000e+00 5.000000e-01 0.000000e+00
4.535604e-01 4.814779e-03 8.319989e-01 2.500000e-02 5.000000e-01 0.000000e+00
1.465247e-01 2.685032e-03 8.319989e-01 7.500000e-02 5.000000e-01 0.000000e+00
1.534194e-02 8.419997e-04 8.319989e-01 1.250000e-01 5.000000e-01 0.000000e+00
4.419248e-03 4.510389e-04 8.319989e-01 1.750000e-01 5.000000e-01 0.000000e+00
4.482516e-03 4.528036e-04 8.319989e-01 2.250000e-01 5.000000e-01 0.000000e+00
4.537664e-03 4.537677e-04 8.319989e-01 2.750000e-01 5.000000e-01 0.000000e+00
5.144597e-03 4.950403e-04 8.319989e-01 3.250000e-01 5.000000e-01 0.000000e+00
3.527630e-03 4.216340e-04 8.319989e-01 3.750000e-01 5.000000e-01 0.000000e+00
2.862368e-03 3.895201e-04 8.319989e-01 4.250000e-01 5.000000e-01 0.000000e+00
2.646310e-03 3.819632e-04 8.319989e-01 4.750000e-01 5.000000e-01 0.000000e+00
2.973634e-03 4.292081e-04 8.319989e-01 5.250000e-01 5.000000e-01 0.000000e+00
3.497205e-03 4.849763e-04 8.319989e-01 5.750000e-01 5.000000e-01 0.000000e+00
4.427426e-03 5.534303e-04 8.319989e-01 6.250000e-01 5.000000e-01 0.000000e+00
2.833630e-03 4.859648e-04 8.319989e-01 6.750000e-01 5.000000e-01 0.000000e+00
3.356196e-03 5.593678e-04 8.319989e-01 7.250000e-01 5.000000e-01 0.000000e+00
3.847354e-03 6.241253e-04 8.319989e-01 7.750000e-01 5.000000e-01 0.000000e+00
4.068716e-03 7.428456e-04 8.319989e-01 8.250000e-01 5.000000e-01 0.000000e+00
2.307203e-03 6.166280e-04 8.319989e-01 8.750000e-01 5.000000e-01 0.000000e+00
1.322409e-03 5.398743e-04 8.319989e-01 9.250000e-01 5.000000e-01 0.000000e+00
8.094854e-04 5.723926e-04 8.319989e-01 9.750000e-01 5.000000e-01 0.000000e+00
1.694323e-03 1.198067e-03 8.319989e-01 1.025000e+00 5.000000e-01 0.000000e+00
0.000000e+00 0.000000e+00 8.319989e-01 1.075000e+00 5.000000e-01 0.000000e+00
nan nan 8.319989e-01 1.125000e+00 5.000000e-01 0.000000e+00
nan nan 8.319989e-01 1.175000e+00 5.000000e-01 0.000000e+00
nan nan 8.319989e-01 1.225000e+00 5.000000e-01 0.000000e+00
nan nan 8.319989e-01 1.275000e+00 5.000000e-01 0.000000e+00
nan nan 8.319989e-01 1.325000e+00 5.000000e-01 0.000000e+00
nan nan 8.319989e-01 1.375000e+00 5.000000e-01 0.000000e+00
nan nan 8.319989e-01 1.425000e+00 5.000000e-01 0.000000e+00
nan nan 8.319989e-01 1.475000e+00 5.000000e-01 0.000000e+00
nan nan 8.319989e-01 1.525000e+00 5.000000e-01 0.000000e+00
nan nan 8.319989e-01 1.575000e+00 5.000000e-01 0.000000e+00
nan nan 8.319989e-01 1.625000e+00 5.000000e-01 0.000000e+00
nan nan 8.319989e-01 1.675000e+00 5.000000e-01 0.000000e+00
nan nan 8.319989e-01 1.725000e+00 5.000000e-01 0.000000e+00
nan nan 8.319989e-01 1.775000e+00 5.000000e-01 0.000000e+00
nan nan 8.319989e-01 1.825000e+00 5.000000e-01 0.000000e+00
nan nan 8.319989e-01 1.875000e+00 5.000000e-01 0.000000e+00
nan nan 8.319989e-01 1.925000e+00 5.000000e-01 0.000000e+00
nan nan 8.319989e-01 1.975000e+00 5.000000e-01 0.000000e+00
nan nan 8.319989e-01 2.025000e+00 5.000000e-01 0.000000e+00
nan nan 8.319989e-01 2.075000e+00 5.000000e-01 0.000000e+00
nan nan 8.319989e-01 2.125000e+00 5.000000e-01 0.000000e+00
nan nan 8.319989e-01 2.175000e+00 5.000000e-01 0.000000e+00
nan nan 8.319989e-01 2.225000e+00 5.000000e-01 0.000000e+00
nan nan 8.319989e-01 2.275000e+00 5.000000e-01 0.000000e+00
nan nan 8.319989e-01 2.325000e+00 5.000000e-01 0.000000e+00
nan nan 8.319989e-01 2.375000e+00 5.000000e-01 0.000000e+00
nan nan 8.319989e-01 2.425000e+00 5.000000e-01 0.000000e+00
nan nan 8.319989e-01 2.475000e+00 5.000000e-01 0.000000e+00
nan nan 8.319989e-01 2.525000e+00 5.000000e-01 0.000000e+00
nan nan 8.319989e-01 2.575000e+00 5.000000e-01 0.000000e+00
nan nan 8.319989e-01 2.625000e+00 5.000000e-01 0.000000e+00
nan nan 8.319989e-01 2.675000e+00 5.000000e-01 0.000000e+00
nan nan 8.319989e-01 2.725000e+00 5.000000e-01 0.000000e+00
nan nan 8.319989e-01 2.775000e+00 5.000000e-01 0.000000e+00
nan nan 8.319989e-01 2.825000e+00 5.000000e-01 0.000000e+00
nan nan 8.319989e-01 2.875000e+00 5.000000e-01 0.000000e+00
4.394807e-01 4.580419e-03 8.419989e-01 2.500000e-02 5.000000e-01 0.000000e+00
1.529548e-01 2.701358e-03 8.419989e-01 7.500000e-02 5.000000e-01 0.000000e+00
1.915265e-02 9.435852e-04 8.419989e-01 1.250000e-01 5.000000e-01 0.000000e+00
5.492455e-03 5.056229e-04 8.419989e-01 1.750000e-01 5.000000e-01 0.000000e+00
3.837355e-03 4.290307e-04 8.419989e-01 2.250000e-01 5.000000e-01 0.000000e+00
3.374075e-03 4.091677e-04 8.419989e-01 2.750000e-01 5.000000e-01 0.000000e+00
4.297489e-03 4.804751e-04 8.419989e-01 3.250000e-01 5.000000e-01 0.000000e+00
4.612183e-03 5.156593e-04 8.419989e-01 3.750000e-01 5.000000e-01 0.000000e+00
2.665675e-03 4.018666e-04 8.419989e-01 4.250000e-01 5.000000e-01 0.000000e+00
3.344753e-03 4.730210e-04 8.419989e-01 4.750000e-01 5.000000e-01 0.000000e+00
4.325943e-03 5.680262e-04 8.419989e-01 5.250000e-01 5.000000e-01 0.000000e+00
3.742667e-03 5.518278e-04 8.419989e-01 5.750000e-01 5.000000e-01 0.000000e+00
3.586528e-03 5.670816e-04 8.419989e-01 6.250000e-01 5.000000e-01 0.000000e+00
3.718912e-03 6.377905e-04 8.419989e-01 6.750000e-01 5.000000e-01 0.000000e+00
3.934330e-03 6.955000e-04 8.419989e-01 7.250000e-01 5.000000e-01 0.000000e+00
2.945950e-03 6.943678e-04 8.419989e-01 7.750000e-01 5.000000e-01 0.000000e+00
2.260870e-03 7.149528e-04 8.419989e-01 8.250000e-01 5.000000e-01 0.000000e+00
1.297971e-03 6.489868e-04 8.419989e-01 8.750000e-01 5.000000e-01 0.000000e+00
2.313631e-03 1.635985e-03 8.419989e-01 9.250000e-01 5.000000e-01 0.000000e+00
0.000000e+00 0.000000e+00 8.419989e-01 9.750000e-01 5.000000e-01 0.000000e+00
nan nan 8.419989e-01 1.025000e+00 5.000000e-01 0.000000e+00
nan nan 8.419989e-01 1.075000e+00 5.000000e-01 0.000000e+00
nan nan 8.419989e-01 1.125000e+00 5.000000e-01 0.000000e+00
nan nan 8.419989e-01 1.175000e+00 5.000000e-01 0.000000e+00
nan nan 8.419989e-01 1.225000e+00 5.000000e-01 0.000000e+00
nan nan 8.419989e-01 1.275000e+00 5.000000e-01 0.000000e+00
nan nan 8.419989e-01 1.325000e+00 5.000000e-01 0.000000e+00
nan nan 8.419989e-01 1.375000e+00 5.000000e-01 0.000000e+00
nan nan 8.419989e-01 1.425000e+00 5.000000e-01 0.000000e+00
nan nan 8.419989e-01 1.475000e+00 5.000000e-01 0.000000e+00
nan nan 8.419989e-01 1.525000e+00 5.000000e-01 0.000000e+00
nan nan 8.419989e-01 1.575000e+00 5.000000e-01 0.000000e+00
nan nan 8.419989e-01 1.625000e+00 5.000000e-01 0.000000e+00
nan nan 8.419989e-01 1.675000e+00 5.000000e-01 0.000000e+00
nan nan 8.419989e-01 1.725000e+00 5.000000e-01 0.000000e+00
nan nan 8.419989e-01 1.775000e+00 5.000000e-01 0.000000e+00
nan nan 8.419989e-01 1.825000e+00 5.000000e-01 0.000000e+00
nan nan 8.419989e-01 1.875000e+00 5.000000e-01 0.000000e+00
nan nan 8.419989e-01 1.925000e+00 5.000000e-01 0.000000e+00
nan nan 8.419989e-01 1.975000e+00 5.000000e-01 0.000000e+00
nan nan 8.419989e-01 2.025000e+00 5.000000e-01 0.000000e+00
nan nan 8.419989e-01 2.075000e+00 5.000000e-01 0.000000e+00
nan nan 8.419989e-01 2.125000e+00 5.000000e-01 0.000000e+00
nan nan 8.419989e-01 2.175000e+00 5.000000e-01 0.000000e+00
nan nan 8.419989e-01 2.225000e+00 5.000000e-01 0.000000e+00
nan nan 8.419989e-01 2.275000e+00 5.000000e-01 0.000000e+00
nan nan 8.419989e-01 2.325000e+00 5.000000e-01 0.000000e+00
nan nan 8.419989e-01 2.375000e+00 5.000000e-01 0.000000e+00
nan nan 8.419989e-01 2.425000e+00 5.000000e-01 0.000000e+00
nan nan 8.419989e-01 2.475000e+00 5.000000e-01 0.000000e+00
nan nan 8.419989e-01 2.525000e+00 5.000000e-01 0.000000e+00
nan nan 8.419989e-01 2.575000e+00 5.000000e-01 0.000000e+00
nan nan 8.419989e-01 2.625000e+00 5.000000e-01 0.000000e+00
nan nan 8.419989e-01 2.675000e+00 5.000000e-01 0.000000e+00
nan nan 8.419989e-01 2.725000e+00 5.000000e-01 0.000000e+00
nan nan 8.419989e-01 2.775000e+00 5.000000e-01 0.000000e+00
nan nan 8.419989e-01 2.825000e+00 5.000000e-01 0.000000e+00
nan nan 8.419989e-01 2.875000e+00 5.000000e-01 0.000000e+00
4.435398e-01 4.586499e-03 8.519989e-01 2.500000e-02 5.000000e-01 0.000000e+00
1.524822e-01 2.693012e-03 8.519989e-01 7.500000e-02 5.000000e-01 0.000000e+00
1.945082e-02 9.677163e-04 8.519989e-01 1.250000e-01 5.000000e-01 0.000000e+00
5.562515e-03 5.303661e-04 8.519989e-01 1.750000e-01 5.000000e-01 0.000000e+00
4.975505e-03 5.187333e-04 8.519989e-01 2.250000e-01 5.000000e-01 0.000000e+00
4.906074e-03 5.290370e-04 8.519989e-01 2.750000e-01 5.000000e-01 0.000000e+00
3.641190e-03 4.781127e-04 8.519989e-01 3.250000e-01 5.000000e-01 0.000000e+00
4.464798e-03 5.495803e-04 8.519989e-01 3.750000e-01 5.000000e-01 0.000000e+00
2.577196e-03 4.295348e-04 8.519989e-01 4.250000e-01 5.000000e-01 0.000000e+00
2.907732e-03 4.986734e-04 8.519989e-01 4.750000e-01 5.000000e-01 0.000000e+00
3.393403e-03 5.655694e-04 8.519989e-01 5.250000e-01 5.000000e-01 0.000000e+00
4.287885e-03 6.616374e-04 8.519989e-01 5.750000e-01 5.000000e-01 0.000000e+00
2.673551e-03 5.978256e-04 8.519989e-01 6.250000e-01 5.000000e-01 0.000000e+00
2.251052e-03 6.016210e-04 8.519989e-01 6.750000e-01 5.000000e-01 0.000000e+00
3.209722e-03 8.024318e-04 8.519989e-01 7.250000e-01 5.000000e-01 0.000000e+00
2.905525e-03 1.027258e-03 8.519989e-01 7.750000e-01 5.000000e-01 0.000000e+00
6.332150e-03 2.238766e-03 8.519989e-01 8.250000e-01 5.000000e-01 0.000000e+00
1.556006e-02 1.100262e-02 8.519989e-01 8.750000e-01 5.000000e-01 0.000000e+00
nan nan 8.519989e-01 9.250000e-01 5.000000e-01 0.000000e+00
nan nan 8.519989e-01 9.750000e-01 5.000000e-01 0.000000e+00
nan nan 8.519989e-01 1.025000e+00 5.000000e-01 0.000000e+00
nan nan 8.519989e-01 1.075000e+00 5.000000e-01 0.000000e+00
nan nan 8.519989e-01 1.125000e+00 5.000000e-01 0.000000e+00
nan nan 8.519989e-01 1.175000e+00 5.000000e-01 0.000000e+00
nan nan 8.519989e-01 1.225000e+00 5.000000e-01 0.000000e+00
nan nan 8.519989e-01 1.275000e+00 5.000000e-01 0.000000e+00
nan nan 8.519989e-01 1.325000e+00 5.000000e-01 0.000000e+00
nan nan 8.519989e-01 1.375000e+00 5.000000e-01 0.000000e+00
nan nan 8.519989e-01 1.425000e+00 5.000000e-01 0.000000e+00
nan nan 8.519989e-01 1.475000e+00 5.000000e-01 0.000000e+00
nan nan 8.519989e-01 1.525000e+00 5.000000e-01 0.000000e+00
nan nan 8.519989e-01 1.575000e+00 5.000000e-01 0.000000e+00
nan nan 8.519989e-01 1.625000e+00 5.000000e-01 0.000000e+00
nan nan 8.519989e-01 1.675000e+00 5.000000e-01 0.000000e+00
nan nan 8.519989e-01 1.725000e+00 5.000000e-01 0.000000e+00
nan nan 8.519989e-01 1.775000e+00 5.000000e-01 0.000000e+00
nan nan 8.519989e-01 1.825000e+00 5.000000e-01 0.000000e+00
nan nan 8.519989e-01 1.875000e+00 5.000000e-01 0.000000e+00
nan nan 8.519989e-01 1.925000e+00 5.000000e-01 0.000000e+00
nan nan 8.519989e-01 1.975000e+00 5.000000e-01 0.000000e+00
nan nan 8.519989e-01 2.025000e+00 5.000000e-01 0.000000e+00
nan nan 8.519989e-01 2.075000e+00 5.000000e-01 0.000000e+00
nan nan 8.519989e-01 2.125000e+00 5.000000e-01 0.000000e+00
nan nan 8.519989e-01 2.175000e+00 5.000000e-01 0.000000e+00
nan nan 8.519989e-01 2.225000e+00 5.000000e-01 0.000000e+00
nan nan 8.519989e-01 2.275000e+00 5.000000e-01 0.000000e+00
nan nan 8.519989e-01 2.325000e+00 5.000000e-01 0.000000e+00
nan nan 8.519989e-01 2.375000e+00 5.000000e-01 0.000000e+00
nan nan 8.519989e-01 2.425000e+00 5.000000e-01 0.000000e+00
nan nan 8.519989e-01 2.475000e+00 5.000000e-01 0.000000e+00
nan nan 8.519989e-01 2.525000e+00 5.000000e-01 0.000000e+00
nan nan 8.519989e-01 2.575000e+00 5.000000e-01 0.000000e+00
nan nan 8.519989e-01 2.625000e+00 5.000000e-01 0.000000e+00
nan nan 8.519989e-01 2.675000e+00 5.000000e-01 0.000000e+00
nan nan 8.519989e-01 2.725000e+00 5.000000e-01 0.000000e+00
nan nan 8.519989e-01 2.775000e+00 5.000000e-01 0.000000e+00
nan nan 8.519989e-01 2.825000e+00 5.000000e-01 0.000000e+00
nan nan 8.519989e-01 2.875000e+00 5.000000e-01 0.000000e+00
4.405425e-01 4.643220e-03 8.619989e-01 2.500000e-02 5.000000e-01 0.000000e+00
1.600230e-01 2.895668e-03 8.619989e-01 7.500000e-02 5.000000e-01 0.000000e+00
2.350957e-02 1.136380e-03 8.619989e-01 1.250000e-01 5.000000e-01 0.000000e+00
5.706786e-03 5.764737e-04 8.619989e-01 1.750000e-01 5.000000e-01 0.000000e+00
4.533419e-03 5.342698e-04 8.619989e-01 2.250000e-01 5.000000e-01 0.000000e+00
3.790359e-03 5.065096e-04 8.619989e-01 2.750000e-01 5.000000e-01 0.000000e+00
3.786076e-03 5.354334e-04 8.619989e-01 3.250000e-01 5.000000e-01 0.000000e+00
3.006667e-03 5.011129e-04 8.619989e-01 3.750000e-01 5.000000e-01 0.000000e+00
1.640794e-03 3.867399e-04 8.619989e-01 4.250000e-01 5.000000e-01 0.000000e+00
4.069906e-03 6.783203e-04 8.619989e-01 4.750000e-01 5.000000e-01 0.000000e+00
2.372684e-03 5.592492e-04 8.619989e-01 5.250000e-01 5.000000e-01 0.000000e+00
2.454277e-03 6.135702e-04 8.619989e-01 5.750000e-01 5.000000e-01 0.000000e+00
3.128561e-03 8.361447e-04 8.619989e-01 6.250000e-01 5.000000e-01 0.000000e+00
1.286963e-03 6.434813e-04 8.619989e-01 6.750000e-01 5.000000e-01 0.000000e+00
0.000000e+00 0.000000e+00 8.619989e-01 7.250000e-01 5.000000e-01 0.000000e+00
0.000000e+00 0.000000e+00 8.619989e-01 7.750000e-01 5.000000e-01 0.000000e+00
nan nan 8.619989e-01 8.250000e-01 5.000000e-01 0.000000e+00
nan nan 8.619989e-01 8.750000e-01 5.000000e-01 0.000000e+00
nan nan 8.619989e-01 9.250000e-01 5.000000e-01 0.000000e+00
nan nan 8.619989e-01 9.750000e-01 5.000000e-01 0.000000e+00
nan nan 8.619989e-01 1.025000e+00 5.000000e-01 0.000000e+00
nan nan 8.619989e-01 1.075000e+00 5.000000e-01 0.000000e+00
nan nan 8.619989e-01 1.125000e+00 5.000000e-01 0.000000e+00
nan nan 8.619989e-01 1.175000e+00 5.000000e-01 0.000000e+00
nan nan 8.619989e-01 1.225000e+00 5.000000e-01 0.000000e+00
nan nan 8.619989e-01 1.275000e+00 5.000000e-01 0.000000e+00
nan nan 8.619989e-01 1.325000e+00 5.000000e-01 0.000000e+00
nan nan 8.619989e-01 1.375000e+00 5.000000e-01 0.000000e+00
nan nan 8.619989e-01 1.425000e+00 5.000000e-01 0.000000e+00
nan nan 8.619989e-01 1.475000e+00 5.000000e-01 0.000000e+00
nan nan 8.619989e-01 1.525000e+00 5.000000e-01 0.000000e+00
nan nan 8.619989e-01 1.575000e+00 5.000000e-01 0.000000e+00
nan nan 8.619989e-01 1.625000e+00 5.000000e-01 0.000000e+00
nan nan 8.619989e-01 1.675000e+00 5.000000e-01 0.000000e+00
nan nan 8.619989e-01 1.725000e+00 5.000000e-01 0.000000e+00
nan nan 8.619989e-01 1.775000e+00 5.000000e-01 0.000000e+00
nan nan 8.619989e-01 1.825000e+00 5.000000e-01 0.000000e+00
nan nan 8.619989e-01 1.875000e+00 5.000000e-01 0.000000e+00
nan nan 8.619989e-01 1.925000e+00 5.000000e-01 0.000000e+00
nan nan 8.619989e-01 1.975000e+00 5.000000e-01 0.000000e+00
nan nan 8.619989e-01 2.025000e+00 5.000000e-01 0.000000e+00
nan nan 8.619989e-01 2.075000e+00 5.000000e-01 0.000000e+00
nan nan 8.619989e-01 2.125000e+00 5.000000e-01 0.000000e+00
nan nan 8.619989e-01 2.175000e+00 5.000000e-01 0.000000e+00
nan nan 8.619989e-01 2.225000e+00 5.000000e-01 0.000000e+00
nan nan 8.619989e-01 2.275000e+00 5.000000e-01 0.000000e+00
nan nan 8.619989e-01 2.325000e+00 5.000000e-01 0.000000e+00
nan nan 8.619989e-01 2.375000e+00 5.000000e-01 0.000000e+00
nan nan 8.619989e-01 2.425000e+00 5.000000e-01 0.000000e+00
nan nan 8.619989e-01 2.475000e+00 5.000000e-01 0.000000e+00
nan nan 8.619989e-01 2.525000e+00 5.000000e-01 0.000000e+00
nan nan 8.619989e-01 2.575000e+00 5.000000e-01 0.000000e+00
nan nan 8.619989e-01 2.625000e+00 5.000000e-01 0.000000e+00
nan nan 8.619989e-01 2.675000e+00 5.000000e-01 0.000000e+00
nan nan 8.619989e-01 2.725000e+00 5.000000e-01 0.000000e+00
nan nan 8.619989e-01 2.775000e+00 5.000000e-01 0.000000e+00
nan nan 8.619989e-01 2.825000e+00 5.000000e-01 0.000000e+00
nan nan 8.619989e-01 2.875000e+00 5.000000e-01 0.000000e+00
4.503375e-01 4.986552e-03 8.719988e-01 2.500000e-02 5.000000e-01 0.000000e+00
1.734824e-01 3.222606e-03 8.719988e-01 7.500000e-02 5.000000e-01 0.000000e+00
2.154809e-02 1.179061e-03 8.719988e-01 1.250000e-01 5.000000e-01 0.000000e+00
5.415968e-03 6.132392e-04 8.719988e-01 1.750000e-01 5.000000e-01 0.000000e+00
4.200282e-03 5.612876e-04 8.719988e-01 2.250000e-01 5.000000e-01 0.000000e+00
3.040023e-03 5.066711e-04 8.719988e-01 2.750000e-01 5.000000e-01 0.000000e+00
4.820695e-03 6.817512e-04 8.719988e-01 3.250000e-01 5.000000e-01 0.000000e+00
3.059848e-03 5.782592e-04 8.719988e-01 3.750000e-01 5.000000e-01 0.000000e+00
4.672416e-03 7.787382e-04 8.719988e-01 4.250000e-01 5.000000e-01 0.000000e+00
3.355237e-03 7.502563e-04 8.719988e-01 4.750000e-01 5.000000e-01 0.000000e+00
3.330132e-03 8.325344e-04 8.719988e-01 5.250000e-01 5.000000e-01 0.000000e+00
2.938506e-03 1.038922e-03 8.719988e-01 5.750000e-01 5.000000e-01 0.000000e+00
1.482505e-03 1.048290e-03 8.719988e-01 6.250000e-01 5.000000e-01 0.000000e+00
1.023976e-02 5.119891e-03 8.719988e-01 6.750000e-01 5.000000e-01 0.000000e+00
nan nan 8.719988e-01 7.250000e-01 5.000000e-01 0.000000e+00
nan nan 8.719988e-01 7.750000e-01 5.000000e-01 0.000000e+00
nan nan 8.719988e-01 8.250000e-01 5.000000e-01 0.000000e+00
nan nan 8.719988e-01 8.750000e-01 5.000000e-01 0.000000e+00
nan nan 8.719988e-01 9.250000e-01 5.000000e-01 0.000000e+00
nan nan 8.719988e-01 9.750000e-01 5.000000e-01 0.000000e+00
nan nan 8.719988e-01 1.025000e+00 5.000000e-01 0.000000e+00
nan nan 8.719988e-01 1.075000e+00 5.000000e-01 0.000000e+00
nan nan 8.719988e-01 1.125000e+00 5.000000e-01 0.000000e+00
nan nan 8.719988e-01 1.175000e+00 5.000000e-01 0.000000e+00
nan nan 8.719988e-01 1.225000e+00 5.000000e-01 0.000000e+00
nan nan 8.719988e-01 1.275000e+00 5.000000e-01 0.000000e+00
nan nan 8.719988e-01 1.325000e+00 5.000000e-01 0.000000e+00
nan nan 8.719988e-01 1.375000e+00 5.000000e-01 0.000000e+00
nan nan 8.719988e-01 1.425000e+00 5.000000e-01 0.000000e+00
nan nan 8.719988e-01 1.475000e+00 5.000000e-01 0.000000e+00
nan nan 8.719988e-01 1.525000e+00 5.000000e-01 0.000000e+00
nan nan 8.719988e-01 1.575000e+00 5.000000e-01 0.000000e+00
nan nan 8.719988e-01 1.625000e+00 5.000000e-01 0.000000e+00
nan nan 8.719988e-01 1.675000e+00 5.000000e-01 0.000000e+00
nan nan 8.719988e-01 1.725000e+00 5.000000e-01 0.000000e+00
nan nan 8.719988e-01 1.775000e+00 5.000000e-01 0.000000e+00
nan nan 8.719988e-01 1.825000e+00 5.000000e-01 0.000000e+00
nan nan 8.719988e-01 1.875000e+00 5.000000e-01 0.000000e+00
nan nan 8.719988e-01 1.925000e+00 5.000000e-01 0.000000e+00
nan nan 8.719988e-01 1.975000e+00 5.000000e-01 0.000000e+00
nan nan 8.719988e-01 2.025000e+00 5.000000e-01 0.000000e+00
nan nan 8.719988e-01 2.075000e+00 5.000000e-01 0.000000e+00
nan nan 8.719988e-01 2.125000e+00 5.000000e-01 0.000000e+00
nan nan 8.719988e-01 2.175000e+00 5.000000e-01 0.000000e+00
nan nan 8.719988e-01 2.225000e+00 5.000000e-01 0.000000e+00
nan nan 8.719988e-01 2.275000e+00 5.000000e-01 0.000000e+00
nan nan 8.719988e-01 2.325000e+00 5.000000e-01 0.000000e+00
nan nan 8.719988e-01 2.375000e+00 5.000000e-01 0.000000e+00
nan nan 8.719988e-01 2.425000e+00 5.000000e-01 0.000000e+00
nan nan 8.719988e-01 2.475000e+00 5.000000e-01 0.000000e+00
nan nan 8.719988e-01 2.525000e+00 5.000000e-01 0.000000e+00
nan nan 8.719988e-01 2.575000e+00 5.000000e-01 0.000000e+00
nan nan 8.719988e-01 2.625000e+00 5.000000e-01 0.000000e+00
nan nan 8.719988e-01 2.675000e+00 5.000000e-01 0.000000e+00
nan nan 8.719988e-01 2.725000e+00 5.000000e-01 0.000000e+00
nan nan 8.719988e-01 2.775000e+00 5.000000e-01 0.000000e+00
nan nan 8.719988e-01 2.825000e+00 5.000000e-01 0.000000e+00
nan nan 8.719988e-01 2.875000e+00 5.000000e-01 0.000000e+00
4.556723e-01 5.421610e-03 8.819988e-01 2.500000e-02 5.000000e-01 0.000000e+00
1.830450e-01 3.603702e-03 8.819988e-01 7.500000e-02 5.000000e-01 0.000000e+00
2.236865e-02 1.332037e-03 8.819988e-01 1.250000e-01 5.000000e-01 0.000000e+00
6.688077e-03 7.572770e-04 8.819988e-01 1.750000e-01 5.000000e-01 0.000000e+00
4.001999e-03 6.175230e-04 8.819988e-01 2.250000e-01 5.000000e-01 0.000000e+00
2.504157e-03 5.338895e-04 8.819988e-01 2.750000e-01 5.000000e-01 0.000000e+00
4.553005e-03 7.808355e-04 8.819988e-01 3.250000e-01 5.000000e-01 0.000000e+00
4.439270e-03 8.389456e-04 8.819988e-01 3.750000e-01 5.000000e-01 0.000000e+00
2.412494e-03 7.628983e-04 8.819988e-01 4.250000e-01 5.000000e-01 0.000000e+00
8.972967e-03 1.759746e-03 8.819988e-01 4.750000e-01 5.000000e-01 0.000000e+00
5.642587e-03 1.994960e-03 8.819988e-01 5.250000e-01 5.000000e-01 0.000000e+00
0.000000e+00 0.000000e+00 8.819988e-01 5.750000e-01 5.000000e-01 0.000000e+00
nan nan 8.819988e-01 6.250000e-01 5.000000e-01 0.000000e+00
nan nan 8.819988e-01 6.750000e-01 5.000000e-01 0.000000e+00
nan nan 8.819988e-01 7.250000e-01 5.000000e-01 0.000000e+00
nan nan 8.819988e-01 7.750000e-01 5.000000e-01 0.000000e+00
nan nan 8.819988e-01 8.250000e-01 5.000000e-01 0.000000e+00
nan nan 8.819988e-01 8.750000e-01 5.000000e-01 0.000000e+00
nan nan 8.819988e-01 9.250000e-01 5.000000e-01 0.000000e+00
nan nan 8.819988e-01 9.750000e-01 5.000000e-01 0.000000e+00
nan nan 8.819988e-01 1.025000e+00 5.000000e-01 0.000000e+00
nan nan 8.819988e-01 1.075000e+00 5.000000e-01 0.000000e+00
nan nan 8.819988e-01 1.125000e+00 5.000000e-01 0.000000e+00
nan nan 8.819988e-01 1.175000e+00 5.000000e-01 0.000000e+00
nan nan 8.819988e-01 1.225000e+00 5.000000e-01 0.000000e+00
nan nan 8.819988e-01 1.275000e+00 5.000000e-01 0.000000e+00
nan nan 8.819988e-01 1.325000e+00 5.000000e-01 0.000000e+00
nan nan 8.819988e-01 1.375000e+00 5.000000e-01 0.000000e+00
nan nan 8.819988e-01 1.425000e+00 5.000000e-01 0.000000e+00
nan nan 8.819988e-01 1.475000e+00 5.000000e-01 0.000000e+00
nan nan 8.819988e-01 1.525000e+00 5.000000e-01 0.000000e+00
nan nan 8.819988e-01 1.575000e+00 5.000000e-01 0.000000e+00
nan nan 8.819988e-01 1.625000e+00 5.000000e-01 0.000000e+00
nan nan 8.819988e-01 1.675000e+00 5.000000e-01 0.000000e+00
nan nan 8.819988e-01 1.725000e+00 5.000000e-01 0.000000e+00
nan nan 8.819988e-01 1.775000e+00 5.000000e-01 0.000000e+00
nan nan 8.819988e-01 1.825000e+00 5.000000e-01 0.000000e+00
nan nan 8.819988e-01 1.875000e+00 5.000000e-01 0.000000e+00
nan nan 8.819988e-01 1.925000e+00 5.000000e-01 0.000000e+00
nan nan 8.819988e-01 1.975000e+00 5.000000e-01 0.000000e+00
nan nan 8.819988e-01 2.025000e+00 5.000000e-01 0.000000e+00
nan nan 8.819988e-01 2.075000e+00 5.000000e-01 0.000000e+00
nan nan 8.819988e-01 2.125000e+00 5.000000e-01 0.000000e+00
nan nan 8.819988e-01 2.175000e+00 5.000000e-01 0.000000e+00
nan nan 8.819988e-01 2.225000e+00 5.000000e-01 0.000000e+00
nan nan 8.819988e-01 2.275000e+00 5.000000e-01 0.000000e+00
nan nan 8.819988e-01 2.325000e+00 5.000000e-01 0.000000e+00
nan nan 8.819988e-01 2.375000e+00 5.000000e-01 0.000000e+00
nan nan 8.819988e-01 2.425000e+00 5.000000e-01 0.000000e+00
nan nan 8.819988e-01 2.475000e+00 5.000000e-01 0.000000e+00
nan nan 8.819988e-01 2.525000e+00 5.000000e-01 0.000000e+00
nan nan 8.819988e-01 2.575000e+00 5.000000e-01 0.000000e+00
nan nan 8.819988e-01 2.625000e+00 5.000000e-01 0.000000e+00
nan nan 8.819988e-01 2.675000e+00 5.000000e-01 0.000000e+00
nan nan 8.819988e-01 2.725000e+00 5.000000e-01 0.000000e+00
nan nan 8.819988e-01 2.775000e+00 5.000000e-01 0.000000e+00
nan nan 8.819988e-01 2.825000e+00 5.000000e-01 0.000000e+00
nan nan 8.819988e-01 2.875000e+00 5.000000e-01 0.000000e+00
4.631561e-01 6.039010e-03 8.919988e-01 2.500000e-02 5.000000e-01 0.000000e+00
1.799701e-01 3.969078e-03 8.919988e-01 7.500000e-02 5.000000e-01 0.000000e+00
2.241292e-02 1.517997e-03 8.919988e-01 1.250000e-01 5.000000e-01 0.000000e+00
4.790713e-03 7.392252e-04 8.919988e-01 1.750000e-01 5.000000e-01 0.000000e+00
3.907851e-03 7.134743e-04 8.919988e-01 2.250000e-01 5.000000e-01 0.000000e+00
2.904454e-03 7.261151e-04 8.919988e-01 2.750000e-01 5.000000e-01 0.000000e+00
5.918159e-03 1.160649e-03 8.919988e-01 3.250000e-01 5.000000e-01 0.000000e+00
2.681647e-03 9.481094e-04 8.919988e-01 3.750000e-01 5.000000e-01 0.000000e+00
5.881162e-03 2.400975e-03 8.919988e-01 4.250000e-01 5.000000e-01 0.000000e+00
7.247024e-03 5.124420e-03 8.919988e-01 4.750000e-01 5.000000e-01 0.000000e+00
nan nan 8.919988e-01 5.250000e-01 5.000000e-01 0.000000e+00
nan nan 8.919988e-01 5.750000e-01 5.000000e-01 0.000000e+00
nan nan 8.919988e-01 6.250000e-01 5.000000e-01 0.000000e+00
nan nan 8.919988e-01 6.750000e-01 5.000000e-01 0.000000e+00
nan nan 8.919988e-01 7.250000e-01 5.000000e-01 0.000000e+00
nan nan 8.919988e-01 7.750000e-01 5.000000e-01 0.000000e+00
nan nan 8.919988e-01 8.250000e-01 5.000000e-01 0.000000e+00
nan nan 8.919988e-01 8.750000e-01 5.000000e-01 0.000000e+00
nan nan 8.919988e-01 9.250000e-01 5.000000e-01 0.000000e+00
nan nan 8.919988e-01 9.750000e-01 5.000000e-01 0.000000e+00
nan nan 8.919988e-01 1.025000e+00 5.000000e-01 0.000000e+00
nan nan 8.919988e-01 1.075000e+00 5.000000e-01 0.000000e+00
nan nan 8.919988e-01 1.125000e+00 5.000000e-01 0.000000e+00
nan nan 8.919988e-01 1.175000e+00 5.000000e-01 0.000000e+00
nan nan 8.919988e-01 1.225000e+00 5.000000e-01 0.000000e+00
nan nan 8.919988e-01 1.275000e+00 5.000000e-01 0.000000e+00
nan nan 8.919988e-01 1.325000e+00 5.000000e-01 0.000000e+00
nan nan 8.919988e-01 1.375000e+00 5.000000e-01 0.000000e+00
nan nan 8.919988e-01 1.425000e+00 5.000000e-01 0.000000e+00
nan nan 8.919988e-01 1.475000e+00 5.000000e-01 0.000000e+00
nan nan 8.919988e-01 1.525000e+00 5.000000e-01 0.000000e+00
nan nan 8.919988e-01 1.575000e+00 5.000000e-01 0.000000e+00
nan nan 8.919988e-01 1.625000e+00 5.000000e-01 0.000000e+00
nan nan 8.919988e-01 1.675000e+00 5.000000e-01 0.000000e+00
nan nan 8.919988e-01 1.725000e+00 5.000000e-01 0.000000e+00
nan nan 8.919988e-01 1.775000e+00 5.000000e-01 0.000000e+00
nan nan 8.919988e-01 1.825000e+00 5.000000e-01 0.000000e+00
nan nan 8.919988e-01 1.875000e+00 5.000000e-01 0.000000e+00
nan nan 8.919988e-01 1.925000e+00 5.000000e-01 0.000000e+00
nan nan 8.919988e-01 1.975000e+00 5.000000e-01 0.000000e+00
nan nan 8.919988e-01 2.025000e+00 5.000000e-01 0.000000e+00
nan nan 8.919988e-01 2.075000e+00 5.000000e-01 0.000000e+00
nan nan 8.919988e-01 2.125000e+00 5.000000e-01 0.000000e+00
nan nan 8.919988e-01 2.175000e+00 5.000000e-01 0.000000e+00
nan nan 8.919988e-01 2.225000e+00 5.000000e-01 0.000000e+00
nan nan 8.919988e-01 2.275000e+00 5.000000e-01 0.000000e+00
nan nan 8.919988e-01 2.325000e+00 5.000000e-01 0.000000e+00
nan nan 8.919988e-01 2.375000e+00 5.000000e-01 0.000000e+00
nan nan 8.919988e-01 2.425000e+00 5.000000e-01 0.000000e+00
nan nan 8.919988e-01 2.475000e+00 5.000000e-01 0.000000e+00
nan nan 8.919988e-01 2.525000e+00 5.000000e-01 0.000000e+00
nan nan 8.919988e-01 2.575000e+00 5.000000e-01 0.000000e+00
nan nan 8.919988e-01 2.625000e+00 5.000000e-01 0.000000e+00
nan nan 8.919988e-01 2.675000e+00 5.000000e-01 0.000000e+00
nan nan 8.919988e-01 2.725000e+00 5.000000e-01 0.000000e+00
nan nan 8.919988e-01 2.775000e+00 5.000000e-01 0.000000e+00
nan nan 8.919988e-01 2.825000e+00 5.000000e-01 0.000000e+00
nan nan 8.919988e-01 2.875000e+00 5.000000e-01 0.000000e+00
4.772339e-01 6.971578e-03 9.019988e-01 2.500000e-02 5.000000e-01 0.000000e+00
2.113049e-01 4.969482e-03 9.019988e-01 7.500000e-02 5.000000e-01 0.000000e+00
2.715232e-02 2.012667e-03 9.019988e-01 1.250000e-01 5.000000e-01 0.000000e+00
5.226397e-03 9.542073e-04 9.019988e-01 1.750000e-01 5.000000e-01 0.000000e+00
6.456833e-03 1.220229e-03 9.019988e-01 2.250000e-01 5.000000e-01 0.000000e+00
5.751925e-03 1.537269e-03 9.019988e-01 2.750000e-01 5.000000e-01 0.000000e+00
3.017914e-03 1.508957e-03 9.019988e-01 3.250000e-01 5.000000e-01 0.000000e+00
0.000000e+00 0.000000e+00 9.019988e-01 3.750000e-01 5.000000e-01 0.000000e+00
nan nan 9.019988e-01 4.250000e-01 5.000000e-01 0.000000e+00
nan nan 9.019988e-01 4.750000e-01 5.000000e-01 0.000000e+00
nan nan 9.019988e-01 5.250000e-01 5.000000e-01 0.000000e+00
nan nan 9.019988e-01 5.750000e-01 5.000000e-01 0.000000e+00
nan nan 9.019988e-01 6.250000e-01 5.000000e-01 0.000000e+00
nan nan 9.019988e-01 6.750000e-01 5.000000e-01 0.000000e+00
nan nan 9.019988e-01 7.250000e-01 5.000000e-01 0.000000e+00
nan nan 9.019988e-01 7.750000e-01 5.000000e-01 0.000000e+00
nan nan 9.019988e-01 8.250000e-01 5.000000e-01 0.000000e+00
nan nan 9.019988e-01 8.750000e-01 5.000000e-01 0.000000e+00
nan nan 9.019988e-01 9.250000e-01 5.000000e-01 0.000000e+00
nan nan 9.019988e-01 9.750000e-01 5.000000e-01 0.000000e+00
nan nan 9.019988e-01 1.025000e+00 5.000000e-01 0.000000e+00
nan nan 9.019988e-01 1.075000e+00 5.000000e-01 0.000000e+00
nan nan 9.019988e-01 1.125000e+00 5.000000e-01 0.000000e+00
nan nan 9.019988e-01 1.175000e+00 5.000000e-01 0.000000e+00
nan nan 9.019988e-01 1.225000e+00 5.000000e-01 0.000000e+00
nan nan 9.019988e-01 1.275000e+00 5.000000e-01 0.000000e+00
nan nan 9.019988e-01 1.325000e+00 5.000000e-01 0.000000e+00
nan nan 9.019988e-01 1.375000e+00 5.000000e-01 0.000000e+00
nan nan 9.019988e-01 1.425000e+00 5.000000e-01 0.000000e+00
nan nan 9.019988e-01 1.475000e+00 5.000000e-01 0.000000e+00
nan nan 9.019988e-01 1.525000e+00 5.000000e-01 0.000000e+00
nan nan 9.019988e-01 1.575000e+00 5.000000e-01 0.000000e+00
nan nan 9.019988e-01 1.625000e+00 5.000000e-01 0.000000e+00
nan nan 9.019988e-01 1.675000e+00 5.000000e-01 0.000000e+00
nan nan 9.019988e-01 1.725000e+00 5.000000e-01 0.000000e+00
nan nan 9.019988e-01 1.775000e+00 5.000000e-01 0.000000e+00
nan nan 9.019988e-01 1.825000e+00 5.000000e-01 0.000000e+00
nan nan 9.019988e-01 1.875000e+00 5.000000e-01 0.000000e+00
nan nan 9.019988e-01 1.925000e+00 5.000000e-01 0.000000e+00
nan nan 9.019988e-01 1.975000e+00 5.000000e-01 0.000000e+00
nan nan 9.019988e-01 2.025000e+00 5.000000e-01 0.000000e+00
nan nan 9.019988e-01 2.075000e+00 5.000000e-01 0.000000e+00
nan nan 9.019988e-01 2.125000e+00 5.000000e-01 0.000000e+00
nan nan 9.019988e-01 2.175000e+00 5.000000e-01 0.000000e+00
nan nan 9.019988e-01 2.225000e+00 5.000000e-01 0.000000e+00
nan nan 9.019988e-01 2.275000e+00 5.000000e-01 0.000000e+00
nan nan 9.019988e-01 2.325000e+00 5.000000e-01 0.000000e+00
nan nan 9.019988e-01 2.375000e+00 5.000000e-01 0.000000e+00
nan nan 9.019988e-01 2.425000e+00 5.000000e-01 0.000000e+00
nan nan 9.019988e-01 2.475000e+00 5.000000e-01 0.000000e+00
nan nan 9.019988e-01 2.525000e+00 5.000000e-01 0.000000e+00
nan nan 9.019988e-01 2.575000e+00 5.000000e-01 0.000000e+00
nan nan 9.019988e-01 2.625000e+00 5.000000e-01 0.000000e+00
nan nan 9.019988e-01 2.675000e+00 5.000000e-01 0.000000e+00
nan nan 9.019988e-01 2.725000e+00 5.000000e-01 0.000000e+00
nan nan 9.019988e-01 2.775000e+00 5.000000e-01 0.000000e+00
nan nan 9.019988e-01 2.825000e+00 5.000000e-01 0.000000e+00
nan nan 9.019988e-01 2.875000e+00 5.000000e-01 0.000000e+00
4.980372e-01 8.516275e-03 9.119988e-01 2.500000e-02 5.000000e-01 0.000000e+00
2.239081e-01 6.374016e-03 9.119988e-01 7.500000e-02 5.000000e-01 0.000000e+00
2.648358e-02 2.675249e-03 9.119988e-01 1.250000e-01 5.000000e-01 0.000000e+00
6.007796e-03 1.501953e-03 9.119988e-01 1.750000e-01 5.000000e-01 0.000000e+00
5.077524e-03 2.072897e-03 9.119988e-01 2.250000e-01 5.000000e-01 0.000000e+00
0.000000e+00 0.000000e+00 9.119988e-01 2.750000e-01 5.000000e-01 0.000000e+00
nan nan 9.119988e-01 3.250000e-01 5.000000e-01 0.000000e+00
nan nan 9.119988e-01 3.750000e-01 5.000000e-01 0.000000e+00
nan nan 9.119988e-01 4.250000e-01 5.000000e-01 0.000000e+00
nan nan 9.119988e-01 4.750000e-01 5.000000e-01 0.000000e+00
nan nan 9.119988e-01 5.250000e-01 5.000000e-01 0.000000e+00
nan nan 9.119988e-01 5.750000e-01 5.000000e-01 0.000000e+00
nan nan 9.119988e-01 6.250000e-01 5.000000e-01 0.000000e+00
nan nan 9.119988e-01 6.750000e-01 5.000000e-01 0.000000e+00
nan nan 9.119988e-01 7.250000e-01 5.000000e-01 0.000000e+00
nan nan 9.119988e-01 7.750000e-01 5.000000e-01 0.000000e+00
nan nan 9.119988e-01 8.250000e-01 5.000000e-01 0.000000e+00
nan nan 9.119988e-01 8.750000e-01 5.000000e-01 0.000000e+00
nan nan 9.119988e-01 9.250000e-01 5.000000e-01 0.000000e+00
nan nan 9.119988e-01 9.750000e-01 5.000000e-01 0.000000e+00
nan nan 9.119988e-01 1.025000e+00 5.000000e-01 0.000000e+00
nan nan 9.119988e-01 1.075000e+00 5.000000e-01 0.000000e+00
nan nan 9.119988e-01 1.125000e+00 5.000000e-01 0.000000e+00
nan nan 9.119988e-01 1.175000e+00 5.000000e-01 0.000000e+00
nan nan 9.119988e-01 1.225000e+00 5.000000e-01 0.000000e+00
nan nan 9.119988e-01 1.275000e+00 5.000000e-01 0.000000e+00
nan nan 9.119988e-01 1.325000e+00 5.000000e-01 0.000000e+00
nan nan 9.119988e-01 1.375000e+00 5.000000e-01 0.000000e+00
nan nan 9.119988e-01 1.425000e+00 5.000000e-01 0.000000e+00
nan nan 9.119988e-01 1.475000e+00 5.000000e-01 0.000000e+00
nan nan 9.119988e-01 1.525000e+00 5.000000e-01 0.000000e+00
nan nan 9.119988e-01 1.575000e+00 5.000000e-01 0.000000e+00
nan nan 9.119988e-01 1.625000e+00 5.000000e-01 0.000000e+00
nan nan 9.119988e-01 1.675000e+00 5.000000e-01 0.000000e+00
nan nan 9.119988e-01 1.725000e+00 5.000000e-01 0.000000e+00
nan nan 9.119988e-01 1.775000e+00 5.000000e-01 0.000000e+00
nan nan 9.119988e-01 1.825000e+00 5.000000e-01 0.000000e+00
nan nan 9.119988e-01 1.875000e+00 5.000000e-01 0.000000e+00
nan nan 9.119988e-01 1.925000e+00 5.000000e-01 0.000000e+00
nan nan 9.119988e-01 1.975000e+00 5.000000e-01 0.000000e+00
nan nan 9.119988e-01 2.025000e+00 5.000000e-01 0.000000e+00
nan nan 9.119988e-01 2.075000e+00 5.000000e-01 0.000000e+00
nan nan 9.119988e-01 2.125000e+00 5.000000e-01 0.000000e+00
nan nan 9.119988e-01 2.175000e+00 5.000000e-01 0.000000e+00
nan nan 9.119988e-01 2.225000e+00 5.000000e-01 0.000000e+00
nan nan 9.119988e-01 2.275000e+00 5.000000e-01 0.000000e+00
nan nan 9.119988e-01 2.325000e+00 5.000000e-01 0.000000e+00
nan nan 9.119988e-01 2.375000e+00 5.000000e-01 0.000000e+00
nan nan 9.119988e-01 2.425000e+00 5.000000e-01 0.000000e+00
nan nan 9.119988e-01 2.475000e+00 5.000000e-01 0.000000e+00
nan nan 9.119988e-01 2.525000e+00 5.000000e-01 0.000000e+00
nan nan 9.119988e-01 2.575000e+00 5.000000e-01 0.000000e+00
nan nan 9.119988e-01 2.625000e+00 5.000000e-01 0.000000e+00
nan nan 9.119988e-01 2.675000e+00 5.000000e-01 0.000000e+00
nan nan 9.119988e-01 2.725000e+00 5.000000e-01 0.000000e+00
nan nan 9.119988e-01 2.775000e+00 5.000000e-01 0.000000e+00
nan nan 9.119988e-01 2.825000e+00 5.000000e-01 0.000000e+00
nan nan 9.119988e-01 2.875000e+00 5.000000e-01 0.000000e+00
4.888553e-01 1.121513e-02 9.219988e-01 2.500000e-02 5.000000e-01 0.000000e+00
2.553592e-01 1.049522e-02 9.219988e-01 7.500000e-02 5.000000e-01 0.000000e+00
3.327053e-02 6.791325e-03 9.219988e-01 1.250000e-01 5.000000e-01 0.000000e+00
0.000000e+00 0.000000e+00 9.219988e-01 1.750000e-01 5.000000e-01 0.000000e+00
nan nan 9.219988e-01 2.250000e-01 5.000000e-01 0.000000e+00
nan nan 9.219988e-01 2.750000e-01 5.000000e-01 0.000000e+00
nan nan 9.219988e-01 3.250000e-01 5.000000e-01 0.000000e+00
nan nan 9.219988e-01 3.750000e-01 5.000000e-01 0.000000e+00
nan nan 9.219988e-01 4.250000e-01 5.000000e-01 0.000000e+00
nan nan 9.219988e-01 4.750000e-01 5.000000e-01 0.000000e+00
nan nan 9.219988e-01 5.250000e-01 5.000000e-01 0.000000e+00
nan nan 9.219988e-01 5.750000e-01 5.000000e-01 0.000000e+00
nan nan 9.219988e-01 6.250000e-01 5.000000e-01 0.000000e+00
nan nan 9.219988e-01 6.750000e-01 5.000000e-01 0.000000e+00
nan nan 9.219988e-01 7.250000e-01 5.000000e-01 0.000000e+00
nan nan 9.219988e-01 7.750000e-01 5.000000e-01 0.000000e+00
nan nan 9.219988e-01 8.250000e-01 5.000000e-01 0.000000e+00
nan nan 9.219988e-01 8.750000e-01 5.000000e-01 0.000000e+00
nan nan 9.219988e-01 9.250000e-01 5.000000e-01 0.000000e+00
nan nan 9.219988e-01 9.750000e-01 5.000000e-01 0.000000e+00
nan nan 9.219988e-01 1.025000e+00 5.000000e-01 0.000000e+00
nan nan 9.219988e-01 1.075000e+00 5.000000e-01 0.000000e+00
nan nan 9.219988e-01 1.125000e+00 5.000000e-01 0.000000e+00
nan nan 9.219988e-01 1.175000e+00 5.000000e-01 0.000000e+00
nan nan 9.219988e-01 1.225000e+00 5.000000e-01 0.000000e+00
nan nan 9.219988e-01 1.275000e+00 5.000000e-01 0.000000e+00
nan nan 9.219988e-01 1.325000e+00 5.000000e-01 0.000000e+00
nan nan 9.219988e-01 1.375000e+00 5.000000e-01 0.000000e+00
nan nan 9.219988e-01 1.425000e+00 5.000000e-01 0.000000e+00
nan nan 9.219988e-01 1.475000e+00 5.000000e-01 0.000000e+00
nan nan 9.219988e-01 1.525000e+00 5.000000e-01 0.000000e+00
nan nan 9.219988e-01 1.575000e+00 5.000000e-01 0.000000e+00
nan nan 9.219988e-01 1.625000e+00 5.000000e-01 0.000000e+00
nan nan 9.219988e-01 1.675000e+00 5.000000e-01 0.000000e+00
nan nan 9.219988e-01 1.725000e+00 5.000000e-01 0.000000e+00
nan nan 9.219988e-01 1.775000e+00 5.000000e-01 0.000000e+00
nan nan 9.219988e-01 1.825000e+00 5.000000e-01 0.000000e+00
nan nan 9.219988e-01 1.875000e+00 5.000000e-01 0.000000e+00
nan nan 9.219988e-01 1.925000e+00 5.000000e-01 0.000000e+00
nan nan 9.219988e-01 1.975000e+00 5.000000e-01 0.000000e+00
nan nan 9.219988e-01 2.025000e+00 5.000000e-01 0.000000e+00
nan nan 9.219988e-01 2.075000e+00 5.000000e-01 0.000000e+00
nan nan 9.219988e-01 2.125000e+00 5.000000e-01 0.000000e+00
nan nan 9.219988e-01 2.175000e+00 5.000000e-01 0.000000e+00
nan nan 9.219988e-01 2.225000e+00 5.000000e-01 0.000000e+00
nan nan 9.219988e-01 2.275000e+00 5.000000e-01 0.000000e+00
nan nan 9.219988e-01 2.325000e+00 5.000000e-01 0.000000e+00
nan nan 9.219988e-01 2.375000e+00 5.000000e-01 0.000000e+00
nan nan 9.219988e-01 2.425000e+00 5.000000e-01 0.000000e+00
nan nan 9.219988e-01 2.475000e+00 5.000000e-01 0.000000e+00
nan nan 9.219988e-01 2.525000e+00 5.000000e-01 0.000000e+00
nan nan 9.219988e-01 2.575000e+00 5.000000e-01 0.000000e+00
nan nan 9.219988e-01 2.625000e+00 5.000000e-01 0.000000e+00
nan nan 9.219988e-01 2.675000e+00 5.000000e-01 0.000000e+00
nan nan 9.219988e-01 2.725000e+00 5.000000e-01 0.000000e+00
nan nan 9.219988e-01 2.775000e+00 5.000000e-01 0.000000e+00
nan nan 9.219988e-01 2.825000e+00 5.000000e-01 0.000000e+00
nan nan 9.219988e-01 2.875000e+00 5.000000e-01 0.000000e+00
5.447573e-01 2.651842e-02 9.319988e-01 2.500000e-02 5.000000e-01 0.000000e+00
2.358835e-01 6.809371e-02 9.319988e-01 7.500000e-02 5.000000e-01 0.000000e+00
nan nan 9.319988e-01 1.250000e-01 5.000000e-01 0.000000e+00
nan nan 9.319988e-01 1.750000e-01 5.000000e-01 0.000000e+00
nan nan 9.319988e-01 2.250000e-01 5.000000e-01 0.000000e+00
nan nan 9.319988e-01 2.750000e-01 5.000000e-01 0.000000e+00
nan nan 9.319988e-01 3.250000e-01 5.000000e-01 0.000000e+00
nan nan 9.319988e-01 3.750000e-01 5.000000e-01 0.000000e+00
nan nan 9.319988e-01 4.250000e-01 5.000000e-01 0.000000e+00
nan nan 9.319988e-01 4.750000e-01 5.000000e-01 0.000000e+00
nan nan 9.319988e-01 5.250000e-01 5.000000e-01 0.000000e+00
nan nan 9.319988e-01 5.750000e-01 5.000000e-01 0.000000e+00
nan nan 9.319988e-01 6.250000e-01 5.000000e-01 0.000000e+00
nan nan 9.319988e-01 6.750000e-01 5.000000e-01 0.000000e+00
nan nan 9.319988e-01 7.250000e-01 5.000000e-01 0.000000e+00
nan nan 9.319988e-01 7.750000e-01 5.000000e-01 0.000000e+00
nan nan 9.319988e-01 8.250000e-01 5.000000e-01 0.000000e+00
nan nan 9.319988e-01 8.750000e-01 5.000000e-01 0.000000e+00
nan nan 9.319988e-01 9.250000e-01 5.000000e-01 0.000000e+00
nan nan 9.319988e-01 9.750000e-01 5.000000e-01 0.000000e+00
nan nan 9.319988e-01 1.025000e+00 5.000000e-01 0.000000e+00
nan nan 9.319988e-01 1.075000e+00 5.000000e-01 0.000000e+00
nan nan 9.319988e-01 1.125000e+00 5.000000e-01 0.000000e+00
nan nan 9.319988e-01 1.175000e+00 5.000000e-01 0.000000e+00
nan nan 9.319988e-01 1.225000e+00 5.000000e-01 0.000000e+00
nan nan 9.319988e-01 1.275000e+00 5.000000e-01 0.000000e+00
nan nan 9.319988e-01 1.325000e+00 5.000000e-01 0.000000e+00
nan nan 9.319988e-01 1.375000e+00 5.000000e-01 0.000000e+00
nan nan 9.319988e-01 1.425000e+00 5.000000e-01 0.000000e+00
nan nan 9.319988e-01 1.475000e+00 5.000000e-01 0.000000e+00
nan nan 9.319988e-01 1.525000e+00 5.000000e-01 0.000000e+00
nan nan 9.319988e-01 1.575000e+00 5.000000e-01 0.000000e+00
nan nan 9.319988e-01 1.625000e+00 5.000000e-01 0.000000e+00
nan nan 9.319988e-01 1.675000e+00 5.000000e-01 0.000000e+00
nan nan 9.319988e-01 1.725000e+00 5.000000e-01 0.000000e+00
nan nan 9.319988e-01 1.775000e+00 5.000000e-01 0.000000e+00
nan nan 9.319988e-01 1.825000e+00 5.000000e-01 0.000000e+00
nan nan 9.319988e-01 1.875000e+00 5.000000e-01 0.000000e+00
nan nan 9.319988e-01 1.925000e+00 5.000000e-01 0.000000e+00
nan nan 9.319988e-01 1.975000e+00 5.000000e-01 0.000000e+00
nan nan 9.319988e-01 2.025000e+00 5.000000e-01 0.000000e+00
nan nan 9.319988e-01 2.075000e+00 5.000000e-01 0.000000e+00
nan nan 9.319988e-01 2.125000e+00 5.000000e-01 0.000000e+00
nan nan 9.319988e-01 2.175000e+00 5.000000e-01 0.000000e+00
nan nan 9.319988e-01 2.225000e+00 5.000000e-01 0.000000e+00
nan nan 9.319988e-01 2.275000e+00 5.000000e-01 0.000000e+00
nan nan 9.319988e-01 2.325000e+00 5.000000e-01 0.000000e+00
nan nan 9.319988e-01 2.375000e+00 5.000000e-01 0.000000e+00
nan nan 9.319988e-01 2.425000e+00 5.000000e-01 0.000000e+00
nan nan 9.319988e-01 2.475000e+00 5.000000e-01 0.000000e+00
nan nan 9.319988e-01 2.525000e+00 5.000000e-01 0.000000e+00
nan nan 9.319988e-01 2.575000e+00 5.000000e-01 0.000000e+00
nan nan 9.319988e-01 2.625000e+00 5.000000e-01 0.000000e+00
nan nan 9.319988e-01 2.675000e+00 5.000000e-01 0.000000e+00
nan nan 9.319988e-01 2.725000e+00 5.000000e-01 0.000000e+00
nan nan 9.319988e-01 2.775000e+00 5.000000e-01 0.000000e+00
nan nan 9.319988e-01 2.825000e+00 5.000000e-01 0.000000e+00
nan nan 9.319988e-01 2.875000e+00 5.000000e-01 0.000000e+00
nan nan 9.419988e-01 2.500000e-02 5.000000e-01 0.000000e+00
nan nan 9.419988e-01 7.500000e-02 5.000000e-01 0.000000e+00
nan nan 9.419988e-01 1.250000e-01 5.000000e-01 0.000000e+00
nan nan 9.419988e-01 1.750000e-01 5.000000e-01 0.000000e+00
nan nan 9.419988e-01 2.250000e-01 5.000000e-01 0.000000e+00
nan nan 9.419988e-01 2.750000e-01 5.000000e-01 0.000000e+00
nan nan 9.419988e-01 3.250000e-01 5.000000e-01 0.000000e+00
nan nan 9.419988e-01 3.750000e-01 5.000000e-01 0.000000e+00
nan nan 9.419988e-01 4.250000e-01 5.000000e-01 0.000000e+00
nan nan 9.419988e-01 4.750000e-01 5.000000e-01 0.000000e+00
nan nan 9.419988e-01 5.250000e-01 5.000000e-01 0.000000e+00
nan nan 9.419988e-01 5.750000e-01 5.000000e-01 0.000000e+00
nan nan 9.419988e-01 6.250000e-01 5.000000e-01 0.000000e+00
nan nan 9.419988e-01 6.750000e-01 5.000000e-01 0.000000e+00
nan nan 9.419988e-01 7.250000e-01 5.000000e-01 0.000000e+00
nan nan 9.419988e-01 7.750000e-01 5.000000e-01 0.000000e+00
nan nan 9.419988e-01 8.250000e-01 5.000000e-01 0.000000e+00
nan nan 9.419988e-01 8.750000e-01 5.000000e-01 0.000000e+00
nan nan 9.419988e-01 9.250000e-01 5.000000e-01 0.000000e+00
nan nan 9.419988e-01 9.750000e-01 5.000000e-01 0.000000e+00
nan nan 9.419988e-01 1.025000e+00 5.000000e-01 0.000000e+00
nan nan 9.419988e-01 1.075000e+00 5.000000e-01 0.000000e+00
nan nan 9.419988e-01 1.125000e+00 5.000000e-01 0.000000e+00
nan nan 9.419988e-01 1.175000e+00 5.000000e-01 0.000000e+00
nan nan 9.419988e-01 1.225000e+00 5.000000e-01 0.000000e+00
nan nan 9.419988e-01 1.275000e+00 5.000000e-01 0.000000e+00
nan nan 9.419988e-01 1.325000e+00 5.000000e-01 0.000000e+00
nan nan 9.419988e-01 1.375000e+00 5.000000e-01 0.000000e+00
nan nan 9.419988e-01 1.425000e+00 5.000000e-01 0.000000e+00
nan nan 9.419988e-01 1.475000e+00 5.000000e-01 0.000000e+00
nan nan 9.419988e-01 1.525000e+00 5.000000e-01 0.000000e+00
nan nan 9.419988e-01 1.575000e+00 5.000000e-01 0.000000e+00
nan nan 9.419988e-01 1.625000e+00 5.000000e-01 0.000000e+00
nan nan 9.419988e-01 1.675000e+00 5.000000e-01 0.000000e+00
nan nan 9.419988e-01 1.725000e+00 5.000000e-01 0.000000e+00
nan nan 9.419988e-01 1.775000e+00 5.000000e-01 0.000000e+00
nan nan 9.419988e-01 1.825000e+00 5.000000e-01 0.000000e+00
nan nan 9.419988e-01 1.875000e+00 5.000000e-01 0.000000e+00
nan nan 9.419988e-01 1.925000e+00 5.000000e-01 0.000000e+00
nan nan 9.419988e-01 1.975000e+00 5.000000e-01 0.000000e+00
nan nan 9.419988e-01 2.025000e+00 5.000000e-01 0.000000e+00
nan nan 9.419988e-01 2.075000e+00 5.000000e-01 0.000000e+00
nan nan 9.419988e-01 2.125000e+00 5.000000e-01 0.000000e+00
nan nan 9.419988e-01 2.175000e+00 5.000000e-01 0.000000e+00
nan nan 9.419988e-01 2.225000e+00 5.000000e-01 0.000000e+00
nan nan 9.419988e-01 2.275000e+00 5.000000e-01 0.000000e+00
nan nan 9.419988e-01 2.325000e+00 5.000000e-01 0.000000e+00
nan nan 9.419988e-01 2.375000e+00 5.000000e-01 0.000000e+00
nan nan 9.419988e-01 2.425000e+00 5.000000e-01 0.000000e+00
nan nan 9.419988e-01 2.475000e+00 5.000000e-01 0.000000e+00
nan nan 9.419988e-01 2.525000e+00 5.000000e-01 0.000000e+00
nan nan 9.419988e-01 2.575000e+00 5.000000e-01 0.000000e+00
nan nan 9.419988e-01 2.625000e+00 5.000000e-01 0.000000e+00
nan nan 9.419988e-01 2.675000e+00 5.000000e-01 0.000000e+00
nan nan 9.419988e-01 2.725000e+00 5.000000e-01 0.000000e+00
nan nan 9.419988e-01 2.775000e+00 5.000000e-01 0.000000e+00
nan nan 9.419988e-01 2.825000e+00 5.000000e-01 0.000000e+00
nan nan 9.419988e-01 2.875000e+00 5.000000e-01 0.000000e+00
nan nan 9.519988e-01 2.500000e-02 5.000000e-01 0.000000e+00
nan nan 9.519988e-01 7.500000e-02 5.000000e-01 0.000000e+00
nan nan 9.519988e-01 1.250000e-01 5.000000e-01 0.000000e+00
nan nan 9.519988e-01 1.750000e-01 5.000000e-01 0.000000e+00
nan nan 9.519988e-01 2.250000e-01 5.000000e-01 0.000000e+00
nan nan 9.519988e-01 2.750000e-01 5.000000e-01 0.000000e+00
nan nan 9.519988e-01 3.250000e-01 5.000000e-01 0.000000e+00
nan nan 9.519988e-01 3.750000e-01 5.000000e-01 0.000000e+00
nan nan 9.519988e-01 4.250000e-01 5.000000e-01 0.000000e+00
nan nan 9.519988e-01 4.750000e-01 5.000000e-01 0.000000e+00
nan nan 9.519988e-01 5.250000e-01 5.000000e-01 0.000000e+00
nan nan 9.519988e-01 5.750000e-01 5.000000e-01 0.000000e+00
nan nan 9.519988e-01 6.250000e-01 5.000000e-01 0.000000e+00
nan nan 9.519988e-01 6.750000e-01 5.000000e-01 0.000000e+00
nan nan 9.519988e-01 7.250000e-01 5.000000e-01 0.000000e+00
nan nan 9.519988e-01 7.750000e-01 5.000000e-01 0.000000e+00
nan nan 9.519988e-01 8.250000e-01 5.000000e-01 0.000000e+00
nan nan 9.519988e-01 8.750000e-01 5.000000e-01 0.000000e+00
nan nan 9.519988e-01 9.250000e-01 5.000000e-01 0.000000e+00
nan nan 9.519988e-01 9.750000e-01 5.000000e-01 0.000000e+00
nan nan 9.519988e-01 1.025000e+00 5.000000e-01 0.000000e+00
nan nan 9.519988e-01 1.075000e+00 5.000000e-01 0.000000e+00
nan nan 9.519988e-01 1.125000e+00 5.000000e-01 0.000000e+00
nan nan 9.519988e-01 1.175000e+00 5.000000e-01 0.000000e+00
nan nan 9.519988e-01 1.225000e+00 5.000000e-01 0.000000e+00
nan nan 9.519988e-01 1.275000e+00 5.000000e-01 0.000000e+00
nan nan 9.519988e-01 1.325000e+00 5.000000e-01 0.000000e+00
nan nan 9.519988e-01 1.375000e+00 5.000000e-01 0.000000e+00
nan nan 9.519988e-01 1.425000e+00 5.000000e-01 0.000000e+00
nan nan 9.519988e-01 1.475000e+00 5.000000e-01 0.000000e+00
nan nan 9.519988e-01 1.525000e+00 5.000000e-01 0.000000e+00
nan nan 9.519988e-01 1.575000e+00 5.000000e-01 0.000000e+00
nan nan 9.519988e-01 1.625000e+00 5.000000e-01 0.000000e+00
nan nan 9.519988e-01 1.675000e+00 5.000000e-01 0.000000e+00
nan nan 9.519988e-01 1.725000e+00 5.000000e-01 0.000000e+00
nan nan 9.519988e-01 1.775000e+00 5.000000e-01 0.000000e+00
nan nan 9.519988e-01 1.825000e+00 5.000000e-01 0.000000e+00
nan nan 9.519988e-01 1.875000e+00 5.000000e-01 0.000000e+00
nan nan 9.519988e-01 1.925000e+00 5.000000e-01 0.000000e+00
nan nan 9.519988e-01 1.975000e+00 5.000000e-01 0.000000e+00
nan nan 9.519988e-01 2.025000e+00 5.000000e-01 0.000000e+00
nan nan 9.519988e-01 2.075000e+00 5.000000e-01 0.000000e+00
nan nan 9.519988e-01 2.125000e+00 5.000000e-01 0.000000e+00
nan nan 9.519988e-01 2.175000e+00 5.000000e-01 0.000000e+00
nan nan 9.519988e-01 2.225000e+00 5.000000e-01 0.000000e+00
nan nan 9.519988e-01 2.275000e+00 5.000000e-01 0.000000e+00
nan nan 9.519988e-01 2.325000e+00 5.000000e-01 0.000000e+00
nan nan 9.519988e-01 2.375000e+00 5.000000e-01 0.000000e+00
nan nan 9.519988e-01 2.425000e+00 5.000000e-01 0.000000e+00
nan nan 9.519988e-01 2.475000e+00 5.000000e-01 0.000000e+00
nan nan 9.519988e-01 2.525000e+00 5.000000e-01 0.000000e+00
nan nan 9.519988e-01 2.575000e+00 5.000000e-01 0.000000e+00
nan nan 9.519988e-01 2.625000e+00 5.000000e-01 0.000000e+00
nan nan 9.519988e-01 2.675000e+00 5.000000e-01 0.000000e+00
nan nan 9.519988e-01 2.725000e+00 5.000000e-01 0.000000e+00
nan nan 9.519988e-01 2.775000e+00 5.000000e-01 0.000000e+00
nan nan 9.519988e-01 2.825000e+00 5.000000e-01 0.000000e+00
nan nan 9.519988e-01 2.875000e+00 5.000000e-01 0.000000e+00
nan nan 9.619988e-01 2.500000e-02 5.000000e-01 0.000000e+00
nan nan 9.619988e-01 7.500000e-02 5.000000e-01 0.000000e+00
nan nan 9.619988e-01 1.250000e-01 5.000000e-01 0.000000e+00
nan nan 9.619988e-01 1.750000e-01 5.000000e-01 0.000000e+00
nan nan 9.619988e-01 2.250000e-01 5.000000e-01 0.000000e+00
nan nan 9.619988e-01 2.750000e-01 5.000000e-01 0.000000e+00
nan nan 9.619988e-01 3.250000e-01 5.000000e-01 0.000000e+00
nan nan 9.619988e-01 3.750000e-01 5.000000e-01 0.000000e+00
nan nan 9.619988e-01 4.250000e-01 5.000000e-01 0.000000e+00
nan nan 9.619988e-01 4.750000e-01 5.000000e-01 0.000000e+00
nan nan 9.619988e-01 5.250000e-01 5.000000e-01 0.000000e+00
nan nan 9.619988e-01 5.750000e-01 5.000000e-01 0.000000e+00
nan nan 9.619988e-01 6.250000e-01 5.000000e-01 0.000000e+00
nan nan 9.619988e-01 6.750000e-01 5.000000e-01 0.000000e+00
nan nan 9.619988e-01 7.250000e-01 5.000000e-01 0.000000e+00
nan nan 9.619988e-01 7.750000e-01 5.000000e-01 0.000000e+00
nan nan 9.619988e-01 8.250000e-01 5.000000e-01 0.000000e+00
nan nan 9.619988e-01 8.750000e-01 5.000000e-01 0.000000e+00
nan nan 9.619988e-01 9.250000e-01 5.000000e-01 0.000000e+00
nan nan 9.619988e-01 9.750000e-01 5.000000e-01 0.000000e+00
nan nan 9.619988e-01 1.025000e+00 5.000000e-01 0.000000e+00
nan nan 9.619988e-01 1.075000e+00 5.000000e-01 0.000000e+00
nan nan 9.619988e-01 1.125000e+00 5.000000e-01 0.000000e+00
nan nan 9.619988e-01 1.175000e+00 5.000000e-01 0.000000e+00
nan nan 9.619988e-01 1.225000e+00 5.000000e-01 0.000000e+00
nan nan 9.619988e-01 1.275000e+00 5.000000e-01 0.000000e+00
nan nan 9.619988e-01 1.325000e+00 5.000000e-01 0.000000e+00
nan nan 9.619988e-01 1.375000e+00 5.000000e-01 0.000000e+00
nan nan 9.619988e-01 1.425000e+00 5.000000e-01 0.000000e+00
nan nan 9.619988e-01 1.475000e+00 5.000000e-01 0.000000e+00
nan nan 9.619988e-01 1.525000e+00 5.000000e-01 0.000000e+00
nan nan 9.619988e-01 1.575000e+00 5.000000e-01 0.000000e+00
nan nan 9.619988e-01 1.625000e+00 5.000000e-01 0.000000e+00
nan nan 9.619988e-01 1.675000e+00 5.000000e-01 0.000000e+00
nan nan 9.619988e-01 1.725000e+00 5.000000e-01 0.000000e+00
nan nan 9.619988e-01 1.775000e+00 5.000000e-01 0.000000e+00
nan nan 9.619988e-01 1.825000e+00 5.000000e-01 0.000000e+00
nan nan 9.619988e-01 1.875000e+00 5.000000e-01 0.000000e+00
nan nan 9.619988e-01 1.925000e+00 5.000000e-01 0.000000e+00
nan nan 9.619988e-01 1.975000e+00 5.000000e-01 0.000000e+00
nan nan 9.619988e-01 2.025000e+00 5.000000e-01 0.000000e+00
nan nan 9.619988e-01 2.075000e+00 5.000000e-01 0.000000e+00
nan nan 9.619988e-01 2.125000e+00 5.000000e-01 0.000000e+00
nan nan 9.619988e-01 2.175000e+00 5.000000e-01 0.000000e+00
nan nan 9.619988e-01 2.225000e+00 5.000000e-01 0.000000e+00
nan nan 9.619988e-01 2.275000e+00 5.000000e-01 0.000000e+00
nan nan 9.619988e-01 2.325000e+00 5.000000e-01 0.000000e+00
nan nan 9.619988e-01 2.375000e+00 5.000000e-01 0.000000e+00
nan nan 9.619988e-01 2.425000e+00 5.000000e-01 0.000000e+00
nan nan 9.619988e-01 2.475000e+00 5.000000e-01 0.000000e+00
nan nan 9.619988e-01 2.525000e+00 5.000000e-01 0.000000e+00
nan nan 9.619988e-01 2.575000e+00 5.000000e-01 0.000000e+00
nan nan 9.619988e-01 2.625000e+00 5.000000e-01 0.000000e+00
nan nan 9.619988e-01 2.675000e+00 5.000000e-01 0.000000e+00
nan nan 9.619988e-01 2.725000e+00 5.000000e-01 0.000000e+00
nan nan 9.619988e-01 2.775000e+00 5.000000e-01 0.000000e+00
nan nan 9.619988e-01 2.825000e+00 5.000000e-01 0.000000e+00
nan nan 9.619988e-01 2.875000e+00 5.000000e-01 0.000000e+00
nan nan 9.719988e-01 2.500000e-02 5.000000e-01 0.000000e+00
nan nan 9.719988e-01 7.500000e-02 5.000000e-01 0.000000e+00
nan nan 9.719988e-01 1.250000e-01 5.000000e-01 0.000000e+00
nan nan 9.719988e-01 1.750000e-01 5.000000e-01 0.000000e+00
nan nan 9.719988e-01 2.250000e-01 5.000000e-01 0.000000e+00
nan nan 9.719988e-01 2.750000e-01 5.000000e-01 0.000000e+00
nan nan 9.719988e-01 3.250000e-01 5.000000e-01 0.000000e+00
nan nan 9.719988e-01 3.750000e-01 5.000000e-01 0.000000e+00
nan nan 9.719988e-01 4.250000e-01 5.000000e-01 0.000000e+00
nan nan 9.719988e-01 4.750000e-01 5.000000e-01 0.000000e+00
nan nan 9.719988e-01 5.250000e-01 5.000000e-01 0.000000e+00
nan nan 9.719988e-01 5.750000e-01 5.000000e-01 0.000000e+00
nan nan 9.719988e-01 6.250000e-01 5.000000e-01 0.000000e+00
nan nan 9.719988e-01 6.750000e-01 5.000000e-01 0.000000e+00
nan nan 9.719988e-01 7.250000e-01 5.000000e-01 0.000000e+00
nan nan 9.719988e-01 7.750000e-01 5.000000e-01 0.000000e+00
nan nan 9.719988e-01 8.250000e-01 5.000000e-01 0.000000e+00
nan nan 9.719988e-01 8.750000e-01 5.000000e-01 0.000000e+00
nan nan 9.719988e-01 9.250000e-01 5.000000e-01 0.000000e+00
nan nan 9.719988e-01 9.750000e-01 5.000000e-01 0.000000e+00
nan nan 9.719988e-01 1.025000e+00 5.000000e-01 0.000000e+00
nan nan 9.719988e-01 1.075000e+00 5.000000e-01 0.000000e+00
nan nan 9.719988e-01 1.125000e+00 5.000000e-01 0.000000e+00
nan nan 9.719988e-01 1.175000e+00 5.000000e-01 0.000000e+00
nan nan 9.719988e-01 1.225000e+00 5.000000e-01 0.000000e+00
nan nan 9.719988e-01 1.275000e+00 5.000000e-01 0.000000e+00
nan nan 9.719988e-01 1.325000e+00 5.000000e-01 0.000000e+00
nan nan 9.719988e-01 1.375000e+00 5.000000e-01 0.000000e+00
nan nan 9.719988e-01 1.425000e+00 5.000000e-01 0.000000e+00
nan nan 9.719988e-01 1.475000e+00 5.000000e-01 0.000000e+00
nan nan 9.719988e-01 1.525000e+00 5.000000e-01 0.000000e+00
nan nan 9.719988e-01 1.575000e+00 5.000000e-01 0.000000e+00
nan nan 9.719988e-01 1.625000e+00 5.000000e-01 0.000000e+00
nan nan 9.719988e-01 1.675000e+00 5.000000e-01 0.000000e+00
nan nan 9.719988e-01 1.725000e+00 5.000000e-01 0.000000e+00
nan nan 9.719988e-01 1.775000e+00 5.000000e-01 0.000000e+00
nan nan 9.719988e-01 1.825000e+00 5.000000e-01 0.000000e+00
nan nan 9.719988e-01 1.875000e+00 5.000000e-01 0.000000e+00
nan nan 9.719988e-01 1.925000e+00 5.000000e-01 0.000000e+00
nan nan 9.719988e-01 1.975000e+00 5.000000e-01 0.000000e+00
nan nan 9.719988e-01 2.025000e+00 5.000000e-01 0.000000e+00
nan nan 9.719988e-01 2.075000e+00 5.000000e-01 0.000000e+00
nan nan 9.719988e-01 2.125000e+00 5.000000e-01 0.000000e+00
nan nan 9.719988e-01 2.175000e+00 5.000000e-01 0.000000e+00
nan nan 9.719988e-01 2.225000e+00 5.000000e-01 0.000000e+00
nan nan 9.719988e-01 2.275000e+00 5.000000e-01 0.000000e+00
nan nan 9.719988e-01 2.325000e+00 5.000000e-01 0.000000e+00
nan nan 9.719988e-01 2.375000e+00 5.000000e-01 0.000000e+00
nan nan 9.719988e-01 2.425000e+00 5.000000e-01 0.000000e+00
nan nan 9.719988e-01 2.475000e+00 5.000000e-01 0.000000e+00
nan nan 9.719988e-01 2.525000e+00 5.000000e-01 0.000000e+00
nan nan 9.719988e-01 2.575000e+00 5.000000e-01 0.000000e+00
nan nan 9.719988e-01 2.625000e+00 5.000000e-01 0.000000e+00
nan nan 9.719988e-01 2.675000e+00 5.000000e-01 0.000000e+00
nan nan 9.719988e-01 2.725000e+00 5.000000e-01 0.000000e+00
nan nan 9.719988e-01 2.775000e+00 5.000000e-01 0.000000e+00
nan nan 9.719988e-01 2.825000e+00 5.000000e-01 0.000000e+00
nan nan 9.719988e-01 2.875000e+00 5.000000e-01 0.000000e+00
nan nan 9.819987e-01 2.500000e-02 5.000000e-01 0.000000e+00
nan nan 9.819987e-01 7.500000e-02 5.000000e-01 0.000000e+00
nan nan 9.819987e-01 1.250000e-01 5.000000e-01 0.000000e+00
nan nan 9.819987e-01 1.750000e-01 5.000000e-01 0.000000e+00
nan nan 9.819987e-01 2.250000e-01 5.000000e-01 0.000000e+00
nan nan 9.819987e-01 2.750000e-01 5.000000e-01 0.000000e+00
nan nan 9.819987e-01 3.250000e-01 5.000000e-01 0.000000e+00
nan nan 9.819987e-01 3.750000e-01 5.000000e-01 0.000000e+00
nan nan 9.819987e-01 4.250000e-01 5.000000e-01 0.000000e+00
nan nan 9.819987e-01 4.750000e-01 5.000000e-01 0.000000e+00
nan nan 9.819987e-01 5.250000e-01 5.000000e-01 0.000000e+00
nan nan 9.819987e-01 5.750000e-01 5.000000e-01 0.000000e+00
nan nan 9.819987e-01 6.250000e-01 5.000000e-01 0.000000e+00
nan nan 9.819987e-01 6.750000e-01 5.000000e-01 0.000000e+00
nan nan 9.819987e-01 7.250000e-01 5.000000e-01 0.000000e+00
nan nan 9.819987e-01 7.750000e-01 5.000000e-01 0.000000e+00
nan nan 9.819987e-01 8.250000e-01 5.000000e-01 0.000000e+00
nan nan 9.819987e-01 8.750000e-01 5.000000e-01 0.000000e+00
nan nan 9.819987e-01 9.250000e-01 5.000000e-01 0.000000e+00
nan nan 9.819987e-01 9.750000e-01 5.000000e-01 0.000000e+00
nan nan 9.819987e-01 1.025000e+00 5.000000e-01 0.000000e+00
nan nan 9.819987e-01 1.075000e+00 5.000000e-01 0.000000e+00
nan nan 9.819987e-01 1.125000e+00 5.000000e-01 0.000000e+00
nan nan 9.819987e-01 1.175000e+00 5.000000e-01 0.000000e+00
nan nan 9.819987e-01 1.225000e+00 5.000000e-01 0.000000e+00
nan nan 9.819987e-01 1.275000e+00 5.000000e-01 0.000000e+00
nan nan 9.819987e-01 1.325000e+00 5.000000e-01 0.000000e+00
nan nan 9.819987e-01 1.375000e+00 5.000000e-01 0.000000e+00
nan nan 9.819987e-01 1.425000e+00 5.000000e-01 0.000000e+00
nan nan 9.819987e-01 1.475000e+00 5.000000e-01 0.000000e+00
nan nan 9.819987e-01 1.525000e+00 5.000000e-01 0.000000e+00
nan nan 9.819987e-01 1.575000e+00 5.000000e-01 0.000000e+00
nan nan 9.819987e-01 1.625000e+00 5.000000e-01 0.000000e+00
nan nan 9.819987e-01 1.675000e+00 5.000000e-01 0.000000e+00
nan nan 9.819987e-01 1.725000e+00 5.000000e-01 0.000000e+00
nan nan 9.819987e-01 1.775000e+00 5.000000e-01 0.000000e+00
nan nan 9.819987e-01 1.825000e+00 5.000000e-01 0.000000e+00
nan nan 9.819987e-01 1.875000e+00 5.000000e-01 0.000000e+00
nan nan 9.819987e-01 1.925000e+00 5.000000e-01 0.000000e+00
nan nan 9.819987e-01 1.975000e+00 5.000000e-01 0.000000e+00
nan nan 9.819987e-01 2.025000e+00 5.000000e-01 0.000000e+00
nan nan 9.819987e-01 2.075000e+00 5.000000e-01 0.000000e+00
nan nan 9.819987e-01 2.125000e+00 5.000000e-01 0.000000e+00
nan nan 9.819987e-01 2.175000e+00 5.000000e-01 0.000000e+00
nan nan 9.819987e-01 2.225000e+00 5.000000e-01 0.000000e+00
nan nan 9.819987e-01 2.275000e+00 5.000000e-01 0.000000e+00
nan nan 9.819987e-01 2.325000e+00 5.000000e-01 0.000000e+00
nan nan 9.819987e-01 2.375000e+00 5.000000e-01 0.000000e+00
nan nan 9.819987e-01 2.425000e+00 5.000000e-01 0.000000e+00
nan nan 9.819987e-01 2.475000e+00 5.000000e-01 0.000000e+00
nan nan 9.819987e-01 2.525000e+00 5.000000e-01 0.000000e+00
nan nan 9.819987e-01 2.575000e+00 5.000000e-01 0.000000e+00
nan nan 9.819987e-01 2.625000e+00 5.000000e-01 0.000000e+00
nan nan 9.819987e-01 2.675000e+00 5.000000e-01 0.000000e+00
nan nan 9.819987e-01 2.725000e+00 5.000000e-01 0.000000e+00
nan nan 9.819987e-01 2.775000e+00 5.000000e-01 0.000000e+00
nan nan 9.819987e-01 2.825000e+00 5.000000e-01 0.000000e+00
nan nan 9.819987e-01 2.875000e+00 5.000000e-01 0.000000e+00
nan nan 9.919987e-01 2.500000e-02 5.000000e-01 0.000000e+00
nan nan 9.919987e-01 7.500000e-02 5.000000e-01 0.000000e+00
nan nan 9.919987e-01 1.250000e-01 5.000000e-01 0.000000e+00
nan nan 9.919987e-01 1.750000e-01 5.000000e-01 0.000000e+00
nan nan 9.919987e-01 2.250000e-01 5.000000e-01 0.000000e+00
nan nan 9.919987e-01 2.750000e-01 5.000000e-01 0.000000e+00
nan nan 9.919987e-01 3.250000e-01 5.000000e-01 0.000000e+00
nan nan 9.919987e-01 3.750000e-01 5.000000e-01 0.000000e+00
nan nan 9.919987e-01 4.250000e-01 5.000000e-01 0.000000e+00
nan nan 9.919987e-01 4.750000e-01 5.000000e-01 0.000000e+00
nan nan 9.919987e-01 5.250000e-01 5.000000e-01 0.000000e+00
nan nan 9.919987e-01 5.750000e-01 5.000000e-01 0.000000e+00
nan nan 9.919987e-01 6.250000e-01 5.000000e-01 0.000000e+00
nan nan 9.919987e-01 6.750000e-01 5.000000e-01 0.000000e+00
nan nan 9.919987e-01 7.250000e-01 5.000000e-01 0.000000e+00
nan nan 9.919987e-01 7.750000e-01 5.000000e-01 0.000000e+00
nan nan 9.919987e-01 8.250000e-01 5.000000e-01 0.000000e+00
nan nan 9.919987e-01 8.750000e-01 5.000000e-01 0.000000e+00
nan nan 9.919987e-01 9.250000e-01 5.000000e-01 0.000000e+00
nan nan 9.919987e-01 9.750000e-01 5.000000e-01 0.000000e+00
nan nan 9.919987e-01 1.025000e+00 5.000000e-01 0.000000e+00
nan nan 9.919987e-01 1.075000e+00 5.000000e-01 0.000000e+00
nan nan 9.919987e-01 1.125000e+00 5.000000e-01 0.000000e+00
nan nan 9.919987e-01 1.175000e+00 5.000000e-01 0.000000e+00
nan nan 9.919987e-01 1.225000e+00 5.000000e-01 0.000000e+00
nan nan 9.919987e-01 1.275000e+00 5.000000e-01 0.000000e+00
nan nan 9.919987e-01 1.325000e+00 5.000000e-01 0.000000e+00
nan nan 9.919987e-01 1.375000e+00 5.000000e-01 0.000000e+00
nan nan 9.919987e-01 1.425000e+00 5.000000e-01 0.000000e+00
nan nan 9.919987e-01 1.475000e+00 5.000000e-01 0.000000e+00
nan nan 9.919987e-01 1.525000e+00 5.000000e-01 0.000000e+00
nan nan 9.919987e-01 1.575000e+00 5.000000e-01 0.000000e+00
nan nan 9.919987e-01 1.625000e+00 5.000000e-01 0.000000e+00
nan nan 9.919987e-01 1.675000e+00 5.000000e-01 0.000000e+00
nan nan 9.919987e-01 1.725000e+00 5.000000e-01 0.000000e+00
nan nan 9.919987e-01 1.775000e+00 5.000000e-01 0.000000e+00
nan nan 9.919987e-01 1.825000e+00 5.000000e-01 0.000000e+00
nan nan 9.919987e-01 1.875000e+00 5.000000e-01 0.000000e+00
nan nan 9.919987e-01 1.925000e+00 5.000000e-01 0.000000e+00
nan nan 9.919987e-01 1.975000e+00 5.000000e-01 0.000000e+00
nan nan 9.919987e-01 2.025000e+00 5.000000e-01 0.000000e+00
nan nan 9.919987e-01 2.075000e+00 5.000000e-01 0.000000e+00
nan nan 9.919987e-01 2.125000e+00 5.000000e-01 0.000000e+00
nan nan 9.919987e-01 2.175000e+00 5.000000e-01 0.000000e+00
nan nan 9.919987e-01 2.225000e+00 5.000000e-01 0.000000e+00
nan nan 9.919987e-01 2.275000e+00 5.000000e-01 0.000000e+00
nan nan 9.919987e-01 2.325000e+00 5.000000e-01 0.000000e+00
nan nan 9.919987e-01 2.375000e+00 5.000000e-01 0.000000e+00
nan nan 9.919987e-01 2.425000e+00 5.000000e-01 0.000000e+00
nan nan 9.919987e-01 2.475000e+00 5.000000e-01 0.000000e+00
nan nan 9.919987e-01 2.525000e+00 5.000000e-01 0.000000e+00
nan nan 9.919987e-01 2.575000e+00 5.000000e-01 0.000000e+00
nan nan 9.919987e-01 2.625000e+00 5.000000e-01 0.000000e+00
nan nan 9.919987e-01 2.675000e+00 5.000000e-01 0.000000e+00
nan nan 9.919987e-01 2.725000e+00 5.000000e-01 0.000000e+00
nan nan 9.919987e-01 2.775000e+00 5.000000e-01 0.000000e+00
nan nan 9.919987e-01 2.825000e+00 5.000000e-01 0.000000e+00
nan nan 9.919987e-01 2.875000e+00 5.000000e-01 0.000000e+00
nan nan 1.001999e+00 2.500000e-02 5.000000e-01 0.000000e+00
nan nan 1.001999e+00 7.500000e-02 5.000000e-01 0.000000e+00
nan nan 1.001999e+00 1.250000e-01 5.000000e-01 0.000000e+00
nan nan 1.001999e+00 1.750000e-01 5.000000e-01 0.000000e+00
nan nan 1.001999e+00 2.250000e-01 5.000000e-01 0.000000e+00
nan nan 1.001999e+00 2.750000e-01 5.000000e-01 0.000000e+00
nan nan 1.001999e+00 3.250000e-01 5.000000e-01 0.000000e+00
nan nan 1.001999e+00 3.750000e-01 5.000000e-01 0.000000e+00
nan nan 1.001999e+00 4.250000e-01 5.000000e-01 0.000000e+00
nan nan 1.001999e+00 4.750000e-01 5.000000e-01 0.000000e+00
nan nan 1.001999e+00 5.250000e-01 5.000000e-01 0.000000e+00
nan nan 1.001999e+00 5.750000e-01 5.000000e-01 0.000000e+00
nan nan 1.001999e+00 6.250000e-01 5.000000e-01 0.000000e+00
nan nan 1.001999e+00 6.750000e-01 5.000000e-01 0.000000e+00
nan nan 1.001999e+00 7.250000e-01 5.000000e-01 0.000000e+00
nan nan 1.001999e+00 7.750000e-01 5.000000e-01 0.000000e+00
nan nan 1.001999e+00 8.250000e-01 5.000000e-01 0.000000e+00
nan nan 1.001999e+00 8.750000e-01 5.000000e-01 0.000000e+00
nan nan 1.001999e+00 9.250000e-01 5.000000e-01 0.000000e+00
nan nan 1.001999e+00 9.750000e-01 5.000000e-01 0.000000e+00
nan nan 1.001999e+00 1.025000e+00 5.000000e-01 0.000000e+00
nan nan 1.001999e+00 1.075000e+00 5.000000e-01 0.000000e+00
nan nan 1.001999e+00 1.125000e+00 5.000000e-01 0.000000e+00
nan nan 1.001999e+00 1.175000e+00 5.000000e-01 0.000000e+00
nan nan 1.001999e+00 1.225000e+00 5.000000e-01 0.000000e+00
nan nan 1.001999e+00 1.275000e+00 5.000000e-01 0.000000e+00
nan nan 1.001999e+00 1.325000e+00 5.000000e-01 0.000000e+00
nan nan 1.001999e+00 1.375000e+00 5.000000e-01 0.000000e+00
nan nan 1.001999e+00 1.425000e+00 5.000000e-01 0.000000e+00
nan nan 1.001999e+00 1.475000e+00 5.000000e-01 0.000000e+00
nan nan 1.001999e+00 1.525000e+00 5.000000e-01 0.000000e+00
nan nan 1.001999e+00 1.575000e+00 5.000000e-01 0.000000e+00
nan nan 1.001999e+00 1.625000e+00 5.000000e-01 0.000000e+00
nan nan 1.001999e+00 1.675000e+00 5.000000e-01 0.000000e+00
nan nan 1.001999e+00 1.725000e+00 5.000000e-01 0.000000e+00
nan nan 1.001999e+00 1.775000e+00 5.000000e-01 0.000000e+00
nan nan 1.001999e+00 1.825000e+00 5.000000e-01 0.000000e+00
nan nan 1.001999e+00 1.875000e+00 5.000000e-01 0.000000e+00
nan nan 1.001999e+00 1.925000e+00 5.000000e-01 0.000000e+00
nan nan 1.001999e+00 1.975000e+00 5.000000e-01 0.000000e+00
nan nan 1.001999e+00 2.025000e+00 5.000000e-01 0.000000e+00
nan nan 1.001999e+00 2.075000e+00 5.000000e-01 0.000000e+00
nan nan 1.001999e+00 2.125000e+00 5.000000e-01 0.000000e+00
nan nan 1.001999e+00 2.175000e+00 5.000000e-01 0.000000e+00
nan nan 1.001999e+00 2.225000e+00 5.000000e-01 0.000000e+00
nan nan 1.001999e+00 2.275000e+00 5.000000e-01 0.000000e+00
nan nan 1.001999e+00 2.325000e+00 5.000000e-01 0.000000e+00
nan nan 1.001999e+00 2.375000e+00 5.000000e-01 0.000000e+00
nan nan 1.001999e+00 2.425000e+00 5.000000e-01 0.000000e+00
nan nan 1.001999e+00 2.475000e+00 5.000000e-01 0.000000e+00
nan nan 1.001999e+00 2.525000e+00 5.000000e-01 0.000000e+00
nan nan 1.001999e+00 2.575000e+00 5.000000e-01 0.000000e+00
nan nan 1.001999e+00 2.625000e+00 5.000000e-01 0.000000e+00
nan nan 1.001999e+00 2.675000e+00 5.000000e-01 0.000000e+00
nan nan 1.001999e+00 2.725000e+00 5.000000e-01 0.000000e+00
nan nan 1.001999e+00 2.775000e+00 5.000000e-01 0.000000e+00
nan nan 1.001999e+00 2.825000e+00 5.000000e-01 0.000000e+00
nan nan 1.001999e+00 2.875000e+00 5.000000e-01 0.000000e+00
