Friday_SCM1_July2025.002.txt Fri, Aug 1, 2025 7:30:42 PM Conan The Scientist
Magnet: None
Trigger spacing of 0.100000 on column #0
Offsets:	0.000000000E+0	0.000000000E+0	0.000000000E+0	0.000000000E+0	0.000000000E+0	0.000000000E+0	0.000000000E+0	0.000000000E+0	0.000000000E+0	0.000000000E+0	0.000000000E+0	0.000000000E+0	0.000000000E+0	0.000000000E+0	0.000000000E+0	0.000000000E+0	0.000000000E+0	0.000000000E+0	0.000000000E+0	0.000000000E+0	0.000000000E+0	0.000000000E+0

Scale Factors:	1.000000000E+0	1.000000000E+0	1.000000000E+0	1.000000000E+0	1.000000000E+0	1.000000000E+0	1.000000000E+0	1.000000000E+0	1.000000000E+0	1.000000000E+0	1.000000000E+0	1.000000000E+0	1.000000000E+0	1.000000000E+0	1.000000000E+0	1.000000000E+0	1.000000000E+0	1.000000000E+0	1.000000000E+0	1.000000000E+0	1.000000000E+0	1.000000000E+0

This data's for you!
***** Start of Sequence History ***
Wait for 5.0 s, Elapsed time : 5 s
Start Trigger 0 at 0.1
Set Field 0 T at 0.2 T/min
Wait for Field Stable, Target Field 0.0000 T, Current Field 0.0010 T
Wait for 5.0 s, Elapsed time : 5 s
***** End of Sequence History ***
Field_002	Timestamp_002	Tmc_002	Tcoil_002	B1x1_002	B1y1_002	B1x2_002	B1y2_002	B1x3_002	B1y3_002	T1x1_002	T1y1_002	T1x2_002	T1y2_002	T1x3_002	T1y3_002	T3x1_002	T3y1_002	T3x2_002	T3y2_002	T3x3_002	T3y3_002
7.000000000E-5	4.025041000E-1	1.887360000E+0	1.739090000E+0	2.159333462E-6	6.765038165E-7	1.792528903E-9	-3.938509796E-10	3.065502741E-9	-1.927526472E-10	2.652501791E-7	4.887785821E-8	-1.210404110E-9	-6.426759125E-10	1.431381680E-9	9.299990778E-10	-9.593190953E-7	1.207085489E-7	-1.206258316E-9	1.457471088E-10	-1.068367284E-9	-1.251771353E-9
0.000000000E+0	7.561363999E-1	1.885580000E+0	1.729720000E+0	2.159242967E-6	6.764407772E-7	1.468785760E-9	-4.247625862E-10	3.216970690E-9	-3.049994146E-10	2.654381888E-7	4.895202110E-8	-1.309137798E-9	-4.847133805E-10	1.407933548E-9	7.731314478E-10	-9.593406958E-7	1.207267246E-7	-9.806696566E-10	-3.559951292E-11	-1.316579068E-9	-1.178288578E-9
-7.000000000E-5	1.173272600E+0	1.887930000E+0	1.742970000E+0	2.159120186E-6	6.763517035E-7	1.068555910E-9	-5.513481893E-10	3.332077059E-9	-3.894546907E-10	2.655391427E-7	4.891718675E-8	-1.189605303E-9	-1.886022033E-10	1.393093862E-9	6.544325082E-10	-9.594858739E-7	1.204904834E-7	-5.056604580E-10	-2.240113928E-10	-1.606421662E-9	-1.153485307E-9
-7.000000000E-5	1.573245600E+0	1.889780000E+0	1.736640000E+0	2.159090627E-6	6.762359135E-7	8.189643963E-10	-5.566963002E-10	3.246020786E-9	-5.202713260E-10	2.655475271E-7	4.872941872E-8	-1.069314526E-9	1.985706599E-10	1.222413060E-9	5.604617881E-10	-9.596614063E-7	1.202075168E-7	-8.265624296E-11	-2.806091470E-10	-1.758643786E-9	-1.060307397E-9
0.000000000E+0	1.974276000E+0	1.889500000E+0	1.735480000E+0	2.159133373E-6	6.761359828E-7	6.519281781E-10	-4.946845156E-10	3.019295258E-9	-4.557191013E-10	2.656726110E-7	4.844471491E-8	-1.107445136E-9	4.591940994E-10	1.042503861E-9	4.397647524E-10	-9.598246606E-7	1.200570949E-7	1.310148101E-10	-2.384601128E-10	-1.660170557E-9	-9.725336092E-10
7.000000000E-5	2.373448700E+0	1.887920000E+0	1.738200000E+0	2.159103360E-6	6.759485700E-7	3.944499449E-10	-2.771018692E-10	2.644007680E-9	-1.793000193E-10	2.658678682E-7	4.788281416E-8	-1.172790753E-9	6.167005240E-10	7.468536900E-10	3.180384012E-10	-9.600253179E-7	1.200466073E-7	4.492122785E-10	-1.426432236E-11	-1.282119189E-9	-8.109857230E-10
-7.000000000E-5	2.774300300E+0	1.884050000E+0	1.731400000E+0	2.159116093E-6	6.757261417E-7	1.121309781E-10	-1.217931311E-10	2.150689182E-9	-2.809105162E-12	2.660844984E-7	4.748451232E-8	-1.089124901E-9	7.125418588E-10	5.689868021E-10	5.387636448E-10	-9.604592606E-7	1.200777433E-7	7.877746788E-10	3.358751333E-10	-1.103331093E-9	-6.543925402E-10
0.000000000E+0	3.274232800E+0	1.882360000E+0	1.740270000E+0	2.159144742E-6	6.756211519E-7	-2.633578355E-10	-1.059118418E-10	1.703495900E-9	1.569005897E-10	2.663950909E-7	4.708789802E-8	-9.661639266E-10	8.300206633E-10	6.312875223E-10	9.733451822E-10	-9.609279914E-7	1.200704105E-7	1.036991604E-9	4.846646418E-10	-1.041626674E-9	-5.863953212E-10
0.000000000E+0	3.673272700E+0	1.883570000E+0	1.735360000E+0	2.159145424E-6	6.757093729E-7	-5.326182828E-10	-2.466032101E-10	1.450858100E-9	4.683857191E-10	2.666253636E-7	4.680148180E-8	-1.017748441E-9	1.011155826E-9	6.570778366E-10	1.212742462E-9	-9.613162320E-7	1.200824471E-7	1.194936594E-9	4.582806634E-10	-9.164144998E-10	-5.934469582E-10
-7.000000000E-5	4.074040300E+0	1.879970000E+0	1.731540000E+0	2.159072892E-6	6.759937037E-7	-7.281033554E-10	-6.869543823E-10	1.335509592E-9	6.510389450E-10	2.667667900E-7	4.660472186E-8	-1.278204653E-9	1.204153888E-9	5.783905022E-10	1.219712220E-9	-9.615426961E-7	1.200418893E-7	1.279619077E-9	2.643994745E-10	-8.731632084E-10	-6.957961984E-10
0.000000000E+0	4.475120200E+0	1.875770000E+0	1.736390000E+0	2.159082669E-6	6.762364251E-7	-9.070968421E-10	-1.090102897E-9	1.381396220E-9	6.482275272E-10	2.668147943E-7	4.658391006E-8	-1.658927773E-9	1.361929125E-9	4.557826616E-10	1.016887574E-9	-9.615861245E-7	1.199337021E-7	1.307572273E-9	1.783957149E-10	-8.842770960E-10	-7.860449514E-10
-1.300000000E-4	4.873263100E+0	1.874420000E+0	1.728760000E+0	2.159232963E-6	6.763984857E-7	-8.915885807E-10	-1.204026767E-9	1.522678317E-9	4.148020816E-10	2.668830632E-7	4.676905263E-8	-2.081793404E-9	1.385123016E-9	3.644353430E-10	6.743831604E-10	-9.614915371E-7	1.196909949E-7	1.410069617E-9	1.189911225E-10	-1.112792858E-9	-8.339470225E-10
7.000000000E-5	5.273509000E+0	1.870470000E+0	1.739470000E+0	2.159470114E-6	6.765210401E-7	-7.649956224E-10	-1.134743410E-9	1.638476132E-9	1.040183772E-10	2.669427204E-7	4.724261160E-8	-2.325604154E-9	1.345923373E-9	3.703286844E-10	3.978709862E-10	-9.614955161E-7	1.195342776E-7	1.541559658E-9	-2.681417241E-11	-1.473863143E-9	-9.392497891E-10
-1.300000000E-4	5.775079500E+0	1.872290000E+0	1.731420000E+0	2.159808219E-6	6.767000969E-7	-6.171551048E-10	-8.801661067E-10	1.609982370E-9	-2.592668580E-10	2.669265200E-7	4.818242516E-8	-2.294946677E-9	1.092779645E-9	2.247769193E-10	3.568051410E-11	-9.618779586E-7	1.193489823E-7	1.811175321E-9	-3.363149204E-10	-1.828827756E-9	-8.015257347E-10
-7.000000000E-5	6.373277300E+0	1.876020000E+0	1.727550000E+0	2.160055828E-6	6.773376526E-7	-4.840449708E-10	-4.076012583E-10	1.623276180E-9	-5.204541242E-10	2.667793808E-7	4.872076786E-8	-2.023535561E-9	9.227968389E-10	2.312037090E-10	-2.983960856E-10	-9.618975127E-7	1.193875505E-7	1.890971602E-9	-4.983680135E-10	-1.715390496E-9	-7.882395292E-10
-7.000000000E-5	6.773481000E+0	1.883860000E+0	1.729520000E+0	2.160267741E-6	6.778482202E-7	-6.041574463E-10	-2.099001745E-12	1.739164479E-9	-4.172865109E-10	2.665877332E-7	4.937970743E-8	-1.289015783E-9	9.254770839E-10	4.635546946E-10	-6.353439441E-10	-9.618464674E-7	1.193941301E-7	1.643353897E-9	-5.089669242E-10	-1.516475168E-9	-7.804782931E-10
0.000000000E+0	7.274993700E+0	1.885310000E+0	1.740140000E+0	2.160279337E-6	6.781237403E-7	-7.935387902E-10	3.557951156E-10	1.722836984E-9	-2.735091875E-10	2.665398711E-7	5.015973059E-8	-6.531463148E-10	1.047047671E-9	5.327949748E-10	-1.111879144E-9	-9.616981060E-7	1.194187860E-7	1.225282431E-9	-4.290256483E-10	-1.394451110E-9	-5.346054155E-10
-7.000000000E-5	7.873485100E+0	1.882710000E+0	1.738880000E+0	2.160200893E-6	6.780617241E-7	-7.413588077E-10	6.020936527E-10	1.457699961E-9	-6.446237988E-11	2.666101011E-7	5.072122633E-8	-2.417281098E-10	1.256889703E-9	4.970511780E-10	-1.529486760E-9	-9.615366707E-7	1.194008092E-7	1.102198000E-9	-4.023713585E-10	-1.199125243E-9	-3.744280719E-10
0.000000000E+0	8.273760100E+0	1.885860000E+0	1.734890000E+0	2.159983524E-6	6.779249020E-7	-6.528891316E-10	5.844608686E-10	1.210638811E-9	2.245112291E-10	2.665914280E-7	5.096012146E-8	-8.233712323E-12	1.378364201E-9	3.398482884E-10	-1.721952692E-9	-9.615606587E-7	1.194405570E-7	1.107061887E-9	-4.323845448E-10	-1.132305361E-9	-5.010469817E-10
0.000000000E+0	8.674612000E+0	1.886380000E+0	1.743860000E+0	2.159634960E-6	6.778535067E-7	-6.811584630E-10	2.975603375E-10	1.139324524E-9	4.793714314E-10	2.663526004E-7	5.098873501E-8	4.779147911E-11	1.548992601E-9	1.658947979E-10	-1.852559661E-9	-9.618593140E-7	1.194692913E-7	1.120063153E-9	-5.391357916E-10	-9.768015285E-10	-1.176435393E-9
-1.300000000E-4	9.375020800E+0	1.885290000E+0	1.743210000E+0	2.159001042E-6	6.779193882E-7	-7.039655525E-10	-2.761221529E-10	1.235543112E-9	1.686486090E-10	2.659144229E-7	5.088341837E-8	1.699882735E-10	2.082134909E-9	-2.823154210E-11	-1.689635765E-9	-9.621186336E-7	1.193416068E-7	1.005816541E-9	-5.337079112E-10	-8.853796030E-10	-1.812949568E-9
1.300000000E-4	9.773907300E+0	1.884430000E+0	1.733650000E+0	2.158381676E-6	6.780184094E-7	-6.263274344E-10	-7.068070573E-10	1.213866563E-9	-1.394402926E-10	2.654944922E-7	5.063452235E-8	9.603422918E-11	2.587372760E-9	-1.069828462E-10	-1.390270121E-9	-9.621910522E-7	1.193912880E-7	8.567864196E-10	-6.163105026E-10	-7.710045380E-10	-2.560390566E-9
-2.000000000E-4	1.027386930E+1	1.886320000E+0	1.735110000E+0	2.157966492E-6	6.781606885E-7	-4.223968952E-10	-8.430380283E-10	1.063725552E-9	-3.189629394E-10	2.652492981E-7	5.039007078E-8	-9.804856232E-11	2.678343103E-9	-7.821474024E-11	-1.096720825E-9	-9.623443020E-7	1.195676163E-7	7.428928028E-10	-6.591550639E-10	-6.996446755E-10	-2.988023162E-9
-7.000000000E-5	1.067448940E+1	1.885050000E+0	1.733580000E+0	2.157700464E-6	6.783380400E-7	-2.799919463E-10	-7.904837895E-10	1.010061368E-9	-6.182355739E-10	2.651081559E-7	5.012819315E-8	-2.503890151E-10	2.400646570E-9	2.301541596E-11	-8.367483373E-10	-9.625777011E-7	1.199718582E-7	6.296450028E-10	-8.808244134E-10	-6.530601615E-10	-3.443326069E-9
0.000000000E+0	1.107378310E+1	1.886090000E+0	1.727520000E+0	2.157520839E-6	6.784674156E-7	-2.627680851E-10	-5.667859515E-10	1.122138715E-9	-8.488254544E-10	2.650702129E-7	4.981328416E-8	-2.877754146E-10	2.103517360E-9	1.088079071E-10	-6.027076060E-10	-9.628281532E-7	1.202050868E-7	4.811747667E-10	-1.275663242E-9	-7.092503251E-10	-3.721644326E-9
-7.000000000E-5	1.147457010E+1	1.882880000E+0	1.738790000E+0	2.157317795E-6	6.785114692E-7	-3.192064391E-10	-2.426681911E-10	1.207065781E-9	-1.122802407E-9	2.651581212E-7	4.935770193E-8	-1.288071733E-10	1.646683900E-9	6.504300570E-11	-2.285591716E-10	-9.629562783E-7	1.201111246E-7	2.156800016E-10	-1.812598849E-9	-8.769522886E-10	-3.826250428E-9
7.000000000E-5	1.187312240E+1	1.885100000E+0	1.725550000E+0	2.157060408E-6	6.785156188E-7	-4.631465211E-10	9.581686139E-12	1.314663822E-9	-1.169090047E-9	2.651628961E-7	4.899364825E-8	1.858079662E-10	1.145559758E-9	-1.113092396E-10	3.944110871E-10	-9.629258102E-7	1.196628006E-7	-3.757871236E-10	-2.249111564E-9	-1.253107840E-9	-3.623206402E-9
0.000000000E+0	1.237339780E+1	1.885310000E+0	1.730080000E+0	2.156888286E-6	6.787790312E-7	-7.380313027E-10	8.200638085E-11	1.464082633E-9	-8.947868002E-10	2.652164710E-7	4.881872684E-8	4.104347140E-10	7.353198606E-10	-9.217412250E-11	1.328936183E-9	-9.628939779E-7	1.194671455E-7	-8.952237840E-10	-2.380379449E-9	-1.450359721E-9	-3.265091975E-9
0.000000000E+0	1.277305750E+1	1.886260000E+0	1.730440000E+0	2.156857590E-6	6.792178624E-7	-8.352573078E-10	2.911492436E-10	1.620028334E-9	-6.058912261E-10	2.652982118E-7	4.879889204E-8	4.899259332E-10	5.061699948E-10	-1.837319012E-11	1.956103946E-9	-9.627283362E-7	1.196152653E-7	-1.092322788E-9	-2.371008945E-9	-1.601548560E-9	-2.755815576E-9
-7.000000000E-5	1.317350030E+1	1.885170000E+0	1.725210000E+0	2.156972414E-6	6.796713023E-7	-8.168991594E-10	6.309619493E-10	1.720607545E-9	-4.435620205E-10	2.654241200E-7	4.872559955E-8	6.493164895E-10	3.295640982E-10	9.124510175E-11	2.410396549E-9	-9.623079222E-7	1.200562281E-7	-1.016189577E-9	-2.209503469E-9	-1.812886508E-9	-2.250762465E-9
7.000000000E-5	1.357305710E+1	1.887980000E+0	1.739230000E+0	2.157194558E-6	6.799847938E-7	-7.324493789E-10	9.809959511E-10	1.823812989E-9	-5.887076382E-10	2.655940250E-7	4.856914515E-8	7.579513683E-10	1.221587553E-10	2.488437234E-10	2.704452440E-9	-9.618736385E-7	1.206002196E-7	-7.001454416E-10	-1.762650803E-9	-2.064402427E-9	-1.857654475E-9
0.000000000E+0	1.397366260E+1	1.890520000E+0	1.725280000E+0	2.157375320E-6	6.800947858E-7	-7.037164185E-10	9.917876520E-10	1.880737344E-9	-8.203620561E-10	2.656383344E-7	4.848263657E-8	8.159410370E-10	-2.216097618E-11	3.749335842E-10	2.946662914E-9	-9.616272791E-7	1.208893252E-7	-4.339224535E-10	-1.243552372E-9	-2.132841015E-9	-1.786528148E-9
0.000000000E+0	1.447381100E+1	1.891070000E+0	1.728320000E+0	2.157440349E-6	6.802150665E-7	-6.842827971E-10	7.066107699E-10	1.933302629E-9	-8.958537801E-10	2.656041716E-7	4.840449819E-8	8.812597874E-10	-3.128566017E-10	3.101050527E-10	2.990280246E-9	-9.616085208E-7	1.208503164E-7	-3.488418443E-10	-8.065808021E-10	-2.001827371E-9	-1.530515159E-9
1.300000000E-4	1.487382570E+1	1.891700000E+0	1.729680000E+0	2.157422159E-6	6.803231258E-7	-5.370909273E-10	4.328913617E-10	2.042913394E-9	-8.011095121E-10	2.657109235E-7	4.832567768E-8	8.919134875E-10	-5.765252165E-10	8.720191236E-11	2.869332993E-9	-9.616557008E-7	1.205235520E-7	-3.628056744E-10	-5.424594662E-10	-1.749618672E-9	-1.096227664E-9
-7.000000000E-5	1.537449510E+1	1.895760000E+0	1.724450000E+0	2.157556992E-6	6.804743862E-7	-4.152187205E-10	2.423149181E-10	2.219791018E-9	-5.443489548E-10	2.660620737E-7	4.813842835E-8	6.687863041E-10	-7.600687302E-10	-2.146170186E-10	2.636710628E-9	-9.618020158E-7	1.201580773E-7	-4.335788117E-10	-1.643974540E-10	-1.366888935E-9	-7.454284412E-10
0.000000000E+0	1.577485110E+1	1.894600000E+0	1.736540000E+0	2.157752306E-6	6.804693271E-7	-3.500529866E-10	1.478600298E-10	2.373476748E-9	-2.122095138E-10	2.663865359E-7	4.809957943E-8	3.152020867E-10	-8.613749714E-10	-3.743777788E-10	2.449340508E-9	-9.621869594E-7	1.197312258E-7	-4.688047728E-10	3.385950131E-10	-1.040993292E-9	-5.243389611E-10
0.000000000E+0	1.617347520E+1	1.896040000E+0	1.731460000E+0	2.157965582E-6	6.802756047E-7	-2.927598719E-10	1.719323295E-10	2.337162908E-9	-9.681522944E-11	2.664746148E-7	4.812954302E-8	1.717309211E-10	-8.398534645E-10	-4.087853112E-10	2.225220896E-9	-9.625462099E-7	1.193682948E-7	-4.142108601E-10	6.854875001E-10	-7.750383113E-10	-3.901657886E-10
-7.000000000E-5	1.657304730E+1	1.897290000E+0	1.733220000E+0	2.158194775E-6	6.798017011E-7	-3.064482557E-10	3.073471755E-10	2.168595970E-9	-2.769192653E-10	2.664863246E-7	4.803160536E-8	2.255239051E-11	-7.975945460E-10	-1.605860583E-10	1.885252177E-9	-9.628665794E-7	1.190176207E-7	-2.336277560E-10	8.190185197E-10	-5.549269377E-10	-3.005896643E-10
0.000000000E+0	1.697308420E+1	1.898810000E+0	1.737450000E+0	2.158417146E-6	6.791169653E-7	-3.468157983E-10	4.448055813E-10	1.894376433E-9	-6.827099441E-10	2.665130125E-7	4.808874721E-8	-2.883352446E-10	-7.912817623E-10	3.531604176E-10	1.639196223E-9	-9.630615523E-7	1.185569616E-7	-8.977345950E-11	7.954379933E-10	-4.043638202E-10	-1.463205390E-10
-1.300000000E-4	1.747369010E+1	1.903880000E+0	1.732310000E+0	2.158478537E-6	6.783693607E-7	-4.207852400E-10	3.815677774E-10	1.767986202E-9	-9.900122944E-10	2.666027399E-7	4.829886535E-8	-5.937189629E-10	-7.288101789E-10	6.209598946E-10	1.279935380E-9	-9.630992963E-7	1.179101901E-7	-2.414829725E-10	8.284354314E-10	-4.026483868E-10	2.650195168E-12
-7.000000000E-5	1.797474920E+1	1.902690000E+0	1.737610000E+0	2.158345524E-6	6.774423582E-7	-3.198451226E-10	1.876729189E-10	1.549711470E-9	-1.333950950E-9	2.668613774E-7	4.855296964E-8	-1.062252397E-9	-6.288661258E-10	5.549308235E-10	8.275777286E-10	-9.630429076E-7	1.176343716E-7	-4.303184753E-10	8.697254028E-10	-5.263867120E-10	2.535932853E-10
0.000000000E+0	1.847323300E+1	1.900550000E+0	1.742170000E+0	2.158292546E-6	6.769464562E-7	-1.886511919E-10	4.861947997E-11	1.203856459E-9	-1.315635822E-9	2.669154924E-7	4.873983528E-8	-1.300605956E-9	-6.354837767E-10	3.930941961E-10	3.798205361E-10	-9.629306987E-7	1.180486322E-7	-5.584394058E-10	6.688650189E-10	-6.238821126E-10	4.615366422E-10
7.000000000E-5	1.887473180E+1	1.898620000E+0	1.740680000E+0	2.158368716E-6	6.768831327E-7	-1.641697889E-10	-1.326881382E-10	9.568861259E-10	-1.126634341E-9	2.669155776E-7	4.879451154E-8	-1.255190507E-9	-7.435120852E-10	1.772963720E-10	1.718080261E-10	-9.628889757E-7	1.185100160E-7	-6.604053970E-10	5.621603738E-10	-6.965905630E-10	5.709038242E-10
7.000000000E-5	1.927510380E+1	1.893060000E+0	1.741490000E+0	2.158479674E-6	6.770094387E-7	-1.274723521E-10	-3.073935273E-10	6.932044938E-10	-8.238888460E-10	2.668182617E-7	4.876036286E-8	-1.094204727E-9	-7.472226171E-10	-7.092319093E-11	2.390447562E-10	-9.627890449E-7	1.191681207E-7	-6.576336697E-10	3.558882355E-10	-7.304149507E-10	6.612486114E-10
0.000000000E+0	1.967309870E+1	1.883140000E+0	1.740700000E+0	2.158569259E-6	6.772222036E-7	-6.358764210E-11	-3.399575343E-10	5.204852660E-10	-4.704704404E-10	2.666899945E-7	4.874091530E-8	-9.316878380E-10	-6.042160106E-10	-2.091377488E-10	4.331910386E-10	-9.626120345E-7	1.197117854E-7	-4.637395468E-10	1.751815637E-10	-5.690835581E-10	6.760413340E-10
0.000000000E+0	2.007425210E+1	1.878140000E+0	1.737360000E+0	2.158655889E-6	6.775201200E-7	-8.322838946E-11	-4.127773956E-10	3.800530446E-10	-2.241559993E-10	2.668222692E-7	4.866473802E-8	-9.145795232E-10	-5.383188340E-10	-2.004219707E-10	5.586257568E-10	-9.625216535E-7	1.202278810E-7	-3.439102336E-10	1.202684757E-10	-3.062050058E-10	5.049147767E-10
0.000000000E+0	2.047388880E+1	1.870750000E+0	1.737630000E+0	2.158789812E-6	6.777876251E-7	-1.097095678E-10	-6.346806969E-10	1.199722405E-10	-1.267331240E-10	2.671336006E-7	4.847932544E-8	-9.122160249E-10	-5.920282598E-10	-3.699111573E-10	6.335847957E-10	-9.624428685E-7	1.207602480E-7	-3.051738029E-10	1.818177831E-10	-5.563917035E-11	2.103646840E-10
0.000000000E+0	2.087330410E+1	1.864970000E+0	1.735100000E+0	2.159047199E-6	6.781676234E-7	-3.373948690E-11	-9.737031181E-10	-2.588796122E-10	-5.479921725E-11	2.673595816E-7	4.845339774E-8	-9.468341666E-10	-7.271839797E-10	-9.190280204E-10	7.619743725E-10	-9.621617210E-7	1.210538869E-7	-1.753315687E-10	3.071913279E-10	1.452681864E-10	-2.573366520E-10
-7.000000000E-5	2.137489360E+1	1.862400000E+0	1.730990000E+0	2.159152928E-6	6.782839250E-7	-4.089800373E-11	-1.054175192E-9	-5.094029642E-10	1.504765756E-10	2.675291455E-7	4.879334270E-8	-8.719839850E-10	-9.967482395E-10	-1.264796823E-9	9.864344897E-10	-9.617610886E-7	1.209770488E-7	-2.261280746E-11	5.458394847E-10	8.162489434E-11	-7.551837489E-10
-7.000000000E-5	2.187347170E+1	1.860900000E+0	1.735600000E+0	2.159125643E-6	6.781318689E-7	-3.086688544E-11	-1.024725416E-9	-6.336307590E-10	3.280244687E-10	2.677355724E-7	4.939997567E-8	-5.920499646E-10	-1.361404101E-9	-1.262186689E-9	1.223409707E-9	-9.616318266E-7	1.209067761E-7	-3.602689327E-11	6.988755685E-10	-1.915322345E-10	-1.068085731E-9
0.000000000E+0	2.227387800E+1	1.863770000E+0	1.731360000E+0	2.158923508E-6	6.779189334E-7	-4.638752230E-11	-1.022269713E-9	-6.834368071E-10	4.180955582E-10	2.679412034E-7	4.975867896E-8	-2.974958613E-10	-1.535086280E-9	-1.141087558E-9	1.444457998E-9	-9.617359638E-7	1.208340308E-7	-2.435162350E-10	8.374510530E-10	-2.629954032E-10	-1.400669358E-9
-7.000000000E-5	2.267456530E+1	1.868200000E+0	1.733560000E+0	2.158564712E-6	6.776729151E-7	1.765040371E-11	-9.946256041E-10	-6.825238152E-10	5.229521261E-10	2.681324531E-7	4.972105572E-8	-8.231463428E-11	-1.353304135E-9	-1.051464693E-9	1.588470910E-9	-9.617431260E-7	1.206893359E-7	-3.868652898E-10	8.907268811E-10	-2.005244859E-10	-1.619315349E-9
0.000000000E+0	2.297396460E+1	1.870320000E+0	1.730650000E+0	2.158195230E-6	6.775305223E-7	2.209770283E-10	-9.269527923E-10	-6.684967580E-10	5.903788014E-10	2.683932223E-7	4.937538733E-8	-1.286030171E-10	-9.761818021E-10	-9.730725115E-10	1.562647678E-9	-9.617079968E-7	1.204260087E-7	-4.779032170E-10	9.764136166E-10	-8.422078313E-11	-1.737431532E-9
-7.000000000E-5	2.337366540E+1	1.868970000E+0	1.739530000E+0	2.157738891E-6	6.775680958E-7	4.710342116E-10	-8.984002431E-10	-6.649673034E-10	6.878258518E-10	2.686918208E-7	4.890691230E-8	-3.815712468E-10	-6.180577716E-10	-9.236242882E-10	1.502918234E-9	-9.615848740E-7	1.202423761E-7	-3.562520834E-10	1.179424114E-9	1.611096950E-10	-1.673418182E-9
0.000000000E+0	2.377456520E+1	1.871310000E+0	1.735780000E+0	2.157439667E-6	6.777729595E-7	6.707045475E-10	-1.003935490E-9	-6.029694521E-10	7.535155833E-10	2.688656480E-7	4.822255662E-8	-8.541380381E-10	-2.543096844E-10	-1.040261988E-9	1.502328040E-9	-9.613117982E-7	1.200711068E-7	5.747988023E-12	1.375477177E-9	4.478255822E-10	-1.596466292E-9
0.000000000E+0	2.427360240E+1	1.873260000E+0	1.739530000E+0	2.157248446E-6	6.782290711E-7	7.689174297E-10	-1.105458836E-9	-4.000246801E-10	7.044154704E-10	2.688246923E-7	4.772095963E-8	-1.283489870E-9	-3.671414839E-10	-1.157128393E-9	1.357654100E-9	-9.611233054E-7	1.198728370E-7	2.400300514E-10	1.515435666E-9	4.914270657E-10	-1.618976286E-9
-7.000000000E-5	2.467385400E+1	1.876270000E+0	1.741250000E+0	2.157053359E-6	6.784366633E-7	7.395162260E-10	-9.475802365E-10	-1.783113587E-11	6.158046850E-10	2.685306697E-7	4.748106974E-8	-1.694481111E-9	-5.050931895E-10	-1.297254748E-9	9.388225752E-10	-9.609112794E-7	1.194718351E-7	3.652565472E-10	1.696723872E-9	4.529733255E-10	-1.487773016E-9
0.000000000E+0	2.507333090E+1	1.875890000E+0	1.736780000E+0	2.156797791E-6	6.784869697E-7	6.389843654E-10	-7.821774894E-10	4.868998538E-10	6.948502884E-10	2.682243689E-7	4.747596449E-8	-1.920368975E-9	-5.440361495E-10	-1.259397697E-9	4.651609931E-10	-9.607563243E-7	1.189032375E-7	1.710215858E-10	1.961411478E-9	5.673952419E-10	-9.756019326E-10
-7.000000000E-5	2.547325990E+1	1.877250000E+0	1.739910000E+0	2.156506298E-6	6.786059998E-7	4.986271396E-10	-6.546080900E-10	9.404481638E-10	8.081854630E-10	2.680505986E-7	4.751480276E-8	-2.009417077E-9	-5.216008736E-10	-1.164210284E-9	1.596275057E-10	-9.607167613E-7	1.186141887E-7	-1.119058526E-10	2.127757304E-9	7.747296693E-10	-4.724606817E-10
0.000000000E+0	2.587359580E+1	1.880750000E+0	1.731860000E+0	2.156380788E-6	6.787208235E-7	3.476438026E-10	-5.014134663E-10	1.229241597E-9	8.109268257E-10	2.678907833E-7	4.758176431E-8	-2.157037438E-9	-5.612292298E-10	-9.142506752E-10	-1.049581047E-10	-9.607160791E-7	1.185912026E-7	-5.371956213E-10	2.204577632E-9	9.295891279E-10	-7.767000931E-11
7.000000000E-5	2.627338380E+1	1.883730000E+0	1.736360000E+0	2.156255277E-6	6.790187968E-7	1.131766417E-10	-4.214614491E-10	1.486564205E-9	8.423202136E-10	2.675725739E-7	4.765294648E-8	-2.384424658E-9	-7.380332456E-10	-3.769940471E-10	-5.014431093E-10	-9.609916560E-7	1.188945760E-7	-1.368147151E-9	1.954188145E-9	9.625685804E-10	3.456872011E-10
7.000000000E-5	2.677361630E+1	1.890340000E+0	1.734690000E+0	2.156122719E-6	6.791248097E-7	4.184412539E-11	-5.165124439E-10	1.716217946E-9	9.870977369E-10	2.673141068E-7	4.774838658E-8	-2.288492951E-9	-9.843480475E-10	9.703965409E-11	-7.425472459E-10	-9.616468333E-7	1.189720749E-7	-1.629662294E-9	1.473899114E-9	6.382566142E-10	8.358445602E-10
-7.000000000E-5	2.727498280E+1	1.891160000E+0	1.733000000E+0	2.156101573E-6	6.786380027E-7	1.374242942E-10	-8.175640165E-10	1.786351622E-9	1.168486419E-9	2.671081347E-7	4.780528684E-8	-1.894752799E-9	-1.034148767E-9	3.742797738E-10	-4.479285276E-10	-9.620141555E-7	1.188879608E-7	-1.411079364E-9	1.382925774E-9	2.631943829E-10	1.254786275E-9
7.000000000E-5	2.767313100E+1	1.888620000E+0	1.735280000E+0	2.156086111E-6	6.780335298E-7	2.168853985E-10	-1.108200309E-9	1.892730417E-9	1.218987134E-9	2.669299022E-7	4.782663510E-8	-1.436806230E-9	-1.111041703E-9	4.369332951E-10	-6.811252257E-11	-9.622381185E-7	1.187959100E-7	-1.136716166E-9	1.327459365E-9	-1.731743082E-10	1.594695709E-9
-7.000000000E-5	2.797355360E+1	1.889040000E+0	1.732340000E+0	2.156027676E-6	6.774869234E-7	3.408484328E-10	-1.302145725E-9	2.103633490E-9	1.195524124E-9	2.666840544E-7	4.798195974E-8	-9.236524878E-10	-1.210724743E-9	4.532565434E-10	2.707263580E-10	-9.622895050E-7	1.187603402E-7	-9.796351508E-10	1.373631875E-9	-4.812339971E-10	1.724407839E-9
-2.000000000E-4	2.837426430E+1	1.886980000E+0	1.732860000E+0	2.155919447E-6	6.767936611E-7	5.576002438E-10	-1.431019525E-9	2.347121164E-9	1.050485698E-9	2.661527390E-7	4.840416778E-8	-3.196618525E-10	-1.431088692E-9	3.193426079E-10	5.549477544E-10	-9.621521713E-7	1.187087833E-7	-9.343135154E-10	1.553159268E-9	-5.515087276E-10	1.675992456E-9
-7.000000000E-5	2.877461000E+1	1.882320000E+0	1.734140000E+0	2.155846687E-6	6.762379030E-7	7.659822221E-10	-1.600670596E-9	2.411527866E-9	7.781766342E-10	2.658698861E-7	4.857801272E-8	-8.157148568E-11	-1.626945689E-9	2.261857923E-10	6.692648102E-10	-9.619868706E-7	1.187723626E-7	-8.994866518E-10	1.639837932E-9	-4.067258474E-10	1.537915351E-9
0.000000000E+0	2.917477000E+1	1.879440000E+0	1.727240000E+0	2.155909669E-6	6.759219673E-7	9.396072809E-10	-1.711344622E-9	2.387435360E-9	5.255482161E-10	2.657141067E-7	4.869770720E-8	4.177921203E-11	-1.891780732E-9	1.949550660E-10	5.867668573E-10	-9.618033800E-7	1.190322649E-7	-8.696440235E-10	1.640168779E-9	-1.025527024E-10	1.291192042E-9
-7.000000000E-5	2.957340750E+1	1.873050000E+0	1.738000000E+0	2.156130222E-6	6.757807682E-7	1.111539860E-9	-1.700951047E-9	2.171681279E-9	2.348238826E-10	2.656368565E-7	4.881195181E-8	1.489297158E-10	-2.212365402E-9	1.189840448E-10	3.054156650E-10	-9.617721162E-7	1.193957075E-7	-9.811373936E-10	1.517388437E-9	2.454252635E-10	1.019431206E-9
7.000000000E-5	3.007324380E+1	1.867100000E+0	1.724740000E+0	2.156539495E-6	6.756848165E-7	1.097025026E-9	-1.594860910E-9	1.749030698E-9	-4.231703529E-11	2.656787501E-7	4.901635364E-8	1.645539399E-10	-2.305723168E-9	-9.338333926E-12	2.201021726E-10	-9.619241155E-7	1.197160202E-7	-1.105181280E-9	1.133028893E-9	4.487719363E-10	9.989397087E-10
7.000000000E-5	3.047417240E+1	1.865330000E+0	1.735190000E+0	2.156930805E-6	6.757354072E-7	1.071374434E-9	-1.419670825E-9	1.329947707E-9	-3.681004390E-10	2.657963023E-7	4.926933173E-8	1.334451716E-10	-2.137388488E-9	-1.897665081E-10	2.682555289E-10	-9.620750916E-7	1.199990578E-7	-1.124483839E-9	8.575397059E-10	5.145667226E-10	9.946687918E-10
-1.300000000E-4	3.087470400E+1	1.862060000E+0	1.737000000E+0	2.157056087E-6	6.760032534E-7	1.022365414E-9	-1.205305300E-9	1.064525801E-9	-7.269262969E-10	2.661182066E-7	4.949212951E-8	2.283922218E-10	-1.587648235E-9	-3.470626009E-10	4.465661174E-10	-9.622084463E-7	1.204231808E-7	-1.208923295E-9	6.489163651E-10	5.986828255E-10	7.575893246E-10
1.300000000E-4	3.127475470E+1	1.865450000E+0	1.731600000E+0	2.157012886E-6	6.762259090E-7	1.048577780E-9	-9.195357808E-10	8.249099737E-10	-1.199230715E-9	2.666386081E-7	4.953409061E-8	3.343544330E-10	-9.813095891E-10	-3.667426640E-10	5.932247471E-10	-9.621890058E-7	1.207598359E-7	-1.344833023E-9	7.082592846E-10	6.904569694E-10	3.673406301E-10
7.000000000E-5	3.167456820E+1	1.869910000E+0	1.743440000E+0	2.156988103E-6	6.763370948E-7	1.145239015E-9	-7.281660830E-10	6.962198595E-10	-1.444303121E-9	2.669958121E-7	4.942071996E-8	4.102584938E-10	-7.666476898E-10	-2.145536110E-10	7.747746333E-10	-9.621553545E-7	1.209019445E-7	-1.211413414E-9	7.555863713E-10	8.975088450E-10	1.363160140E-10
0.000000000E+0	3.207313300E+1	1.871940000E+0	1.731130000E+0	2.157082235E-6	6.764117302E-7	1.206330036E-9	-6.815850662E-10	5.702894268E-10	-1.665903082E-9	2.674103996E-7	4.917941254E-8	4.865987058E-10	-6.292936727E-10	-3.926983044E-11	9.623156716E-10	-9.621082882E-7	1.209864990E-7	-9.298256609E-10	7.515939537E-10	1.133227290E-9	-1.580926796E-12
7.000000000E-5	3.247389030E+1	1.875830000E+0	1.739100000E+0	2.157279596E-6	6.764367981E-7	1.031862928E-9	-8.743848978E-10	6.540259445E-10	-1.789620230E-9	2.677155066E-7	4.888421401E-8	5.620739429E-10	-4.776826712E-10	1.093173607E-10	9.695934056E-10	-9.619657248E-7	1.210060532E-7	-6.549408238E-10	6.967243449E-10	1.391361582E-9	-1.537760197E-11
0.000000000E+0	3.287464390E+1	1.882030000E+0	1.731660000E+0	2.157306426E-6	6.764915952E-7	8.241656802E-10	-1.089051294E-9	7.129078439E-10	-1.801264249E-9	2.678103499E-7	4.884858740E-8	4.824912136E-10	-4.034066137E-10	1.625681950E-10	9.214567442E-10	-9.617958767E-7	1.209249945E-7	-4.620037131E-10	5.855932406E-10	1.647484593E-9	-2.456802123E-11
-7.000000000E-5	3.337358360E+1	1.883330000E+0	1.733090000E+0	2.157455583E-6	6.765811236E-7	3.897009937E-10	-1.586033749E-9	9.525679134E-10	-1.721086052E-9	2.674498205E-7	4.896628880E-8	-1.218892626E-10	-3.583909280E-10	1.753382439E-10	8.499637660E-10	-9.615059753E-7	1.207492204E-7	-2.995145243E-10	4.906037798E-10	1.880067435E-9	-4.429301023E-11
0.000000000E+0	3.377308460E+1	1.884380000E+0	1.744650000E+0	2.157754125E-6	6.767596119E-7	8.235597620E-11	-1.666427663E-9	1.147291817E-9	-1.565963803E-9	2.670545030E-7	4.928303099E-8	-7.515456035E-10	-4.666331765E-10	1.281507539E-10	8.253852046E-10	-9.611746918E-7	1.205933131E-7	1.542164486E-11	4.222177330E-10	2.138252242E-9	-1.679439782E-10
0.000000000E+0	3.427404200E+1	1.888190000E+0	1.731010000E+0	2.157822337E-6	6.769735705E-7	-1.512193842E-10	-1.535795491E-9	1.182442477E-9	-1.291157292E-9	2.669336254E-7	4.979867896E-8	-1.259246374E-9	-5.564938510E-10	1.064665578E-10	7.187073714E-10	-9.611312635E-7	1.203971465E-7	2.272838168E-10	3.632806001E-10	2.367744445E-9	-1.931164673E-10
-7.000000000E-5	3.467347190E+1	1.882920000E+0	1.741050000E+0	2.157675681E-6	6.769939205E-7	-4.619359895E-10	-1.258736782E-9	1.141373884E-9	-1.058815258E-9	2.670713002E-7	5.027224503E-8	-1.271154515E-9	-6.759967586E-10	1.518940668E-10	4.704195922E-10	-9.612241456E-7	1.200317712E-7	2.708519242E-10	3.870485599E-10	2.434074942E-9	-2.145928157E-10
0.000000000E+0	3.507315860E+1	1.881940000E+0	1.738730000E+0	2.157370773E-6	6.767108971E-7	-6.551053588E-10	-8.454700828E-10	1.064058619E-9	-9.717815441E-10	2.674018447E-7	5.078819854E-8	-7.727229967E-10	-5.280358928E-10	-3.517366259E-11	1.256662136E-10	-9.607022093E-7	1.191304548E-7	1.229247815E-10	5.653648660E-10	2.312376957E-9	-3.962299655E-10
0.000000000E+0	3.557528150E+1	1.882970000E+0	1.738160000E+0	2.157164545E-6	6.761841291E-7	-5.803878489E-10	-4.412174792E-10	7.861739038E-10	-8.755436931E-10	2.676393649E-7	5.096386602E-8	-7.967468352E-11	-2.167162283E-10	-3.594302356E-10	-1.941109079E-10	-9.598999213E-7	1.184454845E-7	-1.065223187E-10	6.138131670E-10	2.090109197E-9	-5.855884111E-10
0.000000000E+0	3.597524850E+1	1.882130000E+0	1.739010000E+0	2.156960136E-6	6.759604503E-7	-4.081138483E-10	-1.605774264E-10	5.658780666E-10	-7.327989327E-10	2.676527799E-7	5.081972176E-8	4.155083777E-10	6.300362315E-11	-4.512286100E-10	-3.731688292E-10	-9.594197081E-7	1.180553326E-7	-3.534857407E-10	5.275980763E-10	1.772287317E-9	-5.491045951E-10
-1.300000000E-4	3.637358020E+1	1.880730000E+0	1.739390000E+0	2.156616574E-6	6.758777431E-7	1.134859429E-10	1.954580803E-10	1.836395064E-10	-4.785600804E-10	2.676470388E-7	5.042682005E-8	7.961759585E-10	2.992115167E-10	-4.205193138E-10	-4.178956625E-10	-9.593069308E-7	1.179678506E-7	-5.230046396E-10	4.180912006E-10	1.243229075E-9	-3.399588944E-10
-1.300000000E-4	3.687508100E+1	1.884590000E+0	1.737230000E+0	2.156369874E-6	6.759284474E-7	6.630845317E-10	3.502496071E-10	-1.115582193E-11	-2.785513209E-10	2.676918598E-7	4.995327174E-8	1.215725409E-9	1.599051169E-10	-2.711930680E-10	-1.777171882E-10	-9.595879646E-7	1.183983187E-7	-5.977012774E-10	3.050934228E-10	7.001955682E-10	-2.713923808E-10
-7.000000000E-5	3.727495100E+1	1.883790000E+0	1.738400000E+0	2.156190476E-6	6.762173825E-7	1.086094548E-9	3.364570012E-10	-2.157551394E-11	-8.701771248E-11	2.676971462E-7	4.941922427E-8	1.283397055E-9	-2.313180342E-10	-2.494946090E-11	1.379019538E-10	-9.600375961E-7	1.188797825E-7	-6.918987050E-10	1.917552228E-10	2.633129270E-10	-3.971188933E-10
0.000000000E+0	3.767338330E+1	1.885760000E+0	1.733870000E+0	2.155961965E-6	6.764732348E-7	1.366857849E-9	3.659594572E-10	5.363444064E-11	5.782627155E-11	2.676898987E-7	4.914134522E-8	1.206056588E-9	-4.927437902E-10	1.847283437E-10	4.779501239E-10	-9.603696753E-7	1.192576491E-7	-7.661742907E-10	1.522928589E-10	6.139297404E-11	-5.981469209E-10
-1.300000000E-4	3.807494310E+1	1.886240000E+0	1.741580000E+0	2.155705261E-6	6.768006528E-7	1.547737827E-9	3.643998436E-10	1.780106340E-10	4.215435778E-10	2.674671009E-7	4.883736438E-8	1.079135004E-9	-5.548477233E-10	3.323502862E-10	8.429703047E-10	-9.606811773E-7	1.194870407E-7	-8.852404920E-10	-2.264089957E-11	-5.312396009E-11	-7.268357027E-10
-1.300000000E-4	3.857347260E+1	1.884570000E+0	1.743190000E+0	2.155679567E-6	6.771352901E-7	1.502477698E-9	3.163664608E-10	9.480042445E-11	6.243478512E-10	2.672601340E-7	4.872195447E-8	1.024010321E-9	-2.804219634E-10	4.349697824E-10	1.112888781E-9	-9.610691905E-7	1.199487230E-7	-9.786895738E-10	-7.466068735E-11	-4.983932711E-10	-7.776214117E-10
-7.000000000E-5	3.917469870E+1	1.884040000E+0	1.742220000E+0	2.155884886E-6	6.774484405E-7	1.279561013E-9	2.625116513E-10	-4.874297580E-13	5.653321145E-10	2.672852304E-7	4.892210015E-8	9.695824144E-10	-1.061424906E-11	3.711692065E-10	1.315119569E-9	-9.609193512E-7	1.203092239E-7	-1.088853563E-9	1.487308193E-10	-9.423992697E-10	-8.078214209E-10
0.000000000E+0	3.957447840E+1	1.883090000E+0	1.734760000E+0	2.156317123E-6	6.775264296E-7	1.071001510E-9	1.342442546E-10	1.407956113E-10	5.196140185E-10	2.672722701E-7	4.918952712E-8	8.932934947E-10	1.257499660E-10	2.763939910E-10	1.346684431E-9	-9.605028026E-7	1.206469449E-7	-1.223618762E-9	3.780572799E-10	-1.197115740E-9	-7.811212233E-10
-7.000000000E-5	3.997354770E+1	1.881090000E+0	1.734620000E+0	2.156802793E-6	6.774108101E-7	9.017460112E-10	1.037974498E-10	5.361940336E-10	3.655880043E-10	2.670429922E-7	4.956529054E-8	6.819659837E-10	1.654432980E-10	-1.182081603E-11	1.128682370E-9	-9.600211115E-7	1.209743203E-7	-1.435462083E-9	5.934682745E-10	-1.235323288E-9	-8.145070729E-10
-1.300000000E-4	4.037467180E+1	1.882790000E+0	1.726230000E+0	2.157134304E-6	6.771331869E-7	7.144813075E-10	1.498483143E-10	8.782681249E-10	1.515011450E-10	2.667577235E-7	4.990818780E-8	5.955501092E-10	1.819091128E-10	-2.352033568E-10	9.135211476E-10	-9.597628150E-7	1.213528691E-7	-1.490124024E-9	8.180165434E-10	-1.066932764E-9	-9.770519949E-10
0.000000000E+0	4.077347380E+1	1.883800000E+0	1.733610000E+0	2.157276640E-6	6.768384537E-7	5.541376247E-10	2.061926741E-10	1.158897534E-9	4.273909351E-11	2.663409475E-7	5.006248216E-8	5.407261305E-10	1.959302581E-10	-3.875275378E-10	6.623839810E-10	-9.596965356E-7	1.218206336E-7	-1.328116506E-9	1.065135424E-9	-6.480256331E-10	-1.101756020E-9
-1.300000000E-4	4.117539750E+1	1.883260000E+0	1.723360000E+0	2.157249583E-6	6.765550324E-7	3.773292789E-10	-3.568019144E-11	1.280705875E-9	-8.000643204E-11	2.658682092E-7	5.018605975E-8	6.022486399E-10	4.589686617E-11	-3.393470227E-10	5.425123129E-10	-9.599613122E-7	1.222280162E-7	-1.115474047E-9	1.200230248E-9	-2.906458962E-10	-1.150179618E-9
0.000000000E+0	4.157354840E+1	1.882760000E+0	1.728600000E+0	2.156828941E-6	6.763095826E-7	2.633987473E-11	-5.913819989E-10	1.319661713E-9	-3.719126743E-11	2.653581817E-7	5.033853156E-8	4.974491930E-10	-2.285390349E-10	-7.324375134E-11	5.098025890E-10	-9.605248579E-7	1.225232893E-7	-8.823497488E-10	1.108734660E-9	3.053426609E-11	-1.200709310E-9
-7.000000000E-5	4.207367680E+1	1.883720000E+0	1.734910000E+0	2.156533128E-6	6.763200986E-7	-3.794687897E-10	-9.523063449E-10	1.271927230E-9	1.167594910E-10	2.652660101E-7	5.024549310E-8	1.836285429E-10	-5.245440193E-10	2.178455055E-10	4.966578260E-10	-9.610520237E-7	1.228166866E-7	-6.624831239E-10	6.486436388E-10	6.547182935E-11	-1.133516170E-9
1.300000000E-4	4.247476700E+1	1.885310000E+0	1.727010000E+0	2.156305300E-6	6.764594787E-7	-7.361962706E-10	-1.190575749E-9	1.149538909E-9	3.383300029E-10	2.652643616E-7	5.005208337E-8	-8.626579312E-11	-6.769767524E-10	3.552046435E-10	4.474864368E-10	-9.614254850E-7	1.231179283E-7	-5.685105164E-10	2.413750866E-10	4.931053135E-11	-8.756435021E-10
0.000000000E+0	4.287363950E+1	1.885520000E+0	1.737510000E+0	2.156038590E-6	6.767690479E-7	-9.264261580E-10	-1.404060756E-9	1.036254527E-9	5.298754213E-10	2.651041484E-7	4.976826062E-8	-3.239608859E-10	-7.836140625E-10	4.333047254E-10	3.569796403E-10	-9.616239822E-7	1.233368323E-7	-5.328308905E-10	-5.706147707E-11	1.464417337E-10	-4.632892125E-10
0.000000000E+0	4.327371430E+1	1.885450000E+0	1.732430000E+0	2.155523589E-6	6.771111316E-7	-7.645422628E-10	-1.538068339E-9	9.693255088E-10	6.359391347E-10	2.649418604E-7	4.955907684E-8	-6.547696829E-10	-9.327536521E-10	3.862495879E-10	4.794217801E-10	-9.616582020E-7	1.233096185E-7	-4.407604004E-10	-7.881660602E-11	4.226416162E-10	9.876799378E-11
-7.000000000E-5	4.367410540E+1	1.883200000E+0	1.738560000E+0	2.155187758E-6	6.772945085E-7	-6.210827963E-10	-1.540670480E-9	8.740774771E-10	6.113773376E-10	2.649610451E-7	4.953423627E-8	-9.057908312E-10	-1.106984615E-9	2.725204229E-10	7.594632145E-10	-9.615682757E-7	1.231670694E-7	-1.809011690E-10	6.348763182E-11	6.682623899E-10	3.440764895E-10
-7.000000000E-5	4.407368950E+1	1.881900000E+0	1.739460000E+0	2.154786671E-6	6.775816246E-7	-4.600021475E-10	-1.362478907E-9	6.237968475E-10	4.198070502E-10	2.653076763E-7	4.963236577E-8	-1.200907152E-9	-1.335480504E-9	-3.989869893E-11	8.187511225E-10	-9.616137504E-7	1.229090003E-7	-6.358477113E-12	2.908254471E-10	7.252862755E-10	5.293350758E-10
-7.000000000E-5	4.457504430E+1	1.880960000E+0	1.734030000E+0	2.154483354E-6	6.777866019E-7	-7.643721767E-11	-9.060321382E-10	3.522385439E-10	-9.794381972E-11	2.657023686E-7	4.969886192E-8	-1.782011316E-9	-1.492970081E-9	-4.866215764E-10	3.687198047E-10	-9.618950116E-7	1.221961412E-7	-3.814345229E-10	4.810678522E-10	2.785254527E-10	9.090695419E-10
-7.000000000E-5	4.527376030E+1	1.878160000E+0	1.739970000E+0	2.154687991E-6	6.778284956E-7	-5.128149988E-11	-5.928563196E-11	4.163259182E-10	-5.762156308E-10	2.657911580E-7	4.953185950E-8	-1.758855839E-9	-1.355879742E-9	-6.948453479E-10	-2.202671101E-10	-9.618162267E-7	1.219580241E-7	-7.582965922E-10	4.043985702E-10	-1.839398911E-10	1.026750129E-9
7.000000000E-5	4.567433540E+1	1.878760000E+0	1.747220000E+0	2.155048151E-6	6.778151942E-7	-2.240746477E-10	5.440017881E-10	6.513618533E-10	-8.682325969E-10	2.658434539E-7	4.934224407E-8	-1.509805392E-9	-1.231096891E-9	-9.117619437E-10	-6.481824522E-10	-9.615454246E-7	1.217795926E-7	-1.108616976E-9	4.032225942E-10	-4.734080350E-10	9.210054941E-10
-7.000000000E-5	4.607385520E+1	1.877390000E+0	1.742570000E+0	2.155367611E-6	6.777376598E-7	-3.473433208E-10	9.106536636E-10	7.247793476E-10	-1.026798646E-9	2.660717371E-7	4.905187723E-8	-1.269704897E-9	-1.302147279E-9	-1.204455646E-9	-9.371156073E-10	-9.611743508E-7	1.215567096E-7	-1.531434757E-9	3.642937341E-10	-5.953388893E-10	6.795620733E-10
7.000000000E-5	4.647349040E+1	1.875290000E+0	1.746110000E+0	2.155772563E-6	6.778167290E-7	-3.566854034E-10	1.152717144E-9	7.672793512E-10	-1.027415486E-9	2.663567784E-7	4.864566350E-8	-7.946928671E-10	-1.618398637E-9	-1.430993213E-9	-1.202331901E-9	-9.607875882E-7	1.213296343E-7	-1.960483553E-9	3.682076588E-10	-5.776610856E-10	2.195777171E-10
-7.000000000E-5	4.697361230E+1	1.871630000E+0	1.753930000E+0	2.156219125E-6	6.778932970E-7	-3.254529424E-10	1.206273859E-9	9.412548518E-10	-1.037595010E-9	2.664394287E-7	4.841082557E-8	-1.817406087E-10	-1.947387363E-9	-1.459276811E-9	-1.414794504E-9	-9.604534625E-7	1.212237635E-7	-2.297673607E-9	4.466747250E-10	-4.567819734E-10	-2.167529767E-10
-1.300000000E-4	4.747380560E+1	1.873990000E+0	1.742900000E+0	2.156601113E-6	6.779355886E-7	-2.404883515E-10	1.079222045E-9	1.328630650E-9	-9.817926472E-10	2.663162206E-7	4.841909984E-8	4.619775951E-10	-2.137330535E-9	-1.354583889E-9	-1.638427061E-9	-9.603919580E-7	1.209993314E-7	-2.444044300E-9	5.898760369E-10	-3.375388302E-10	-3.363540557E-10
-7.000000000E-5	4.787379760E+1	1.875470000E+0	1.742190000E+0	2.156673418E-6	6.779294495E-7	-1.587548426E-10	9.158721559E-10	1.689676843E-9	-7.032463500E-10	2.662160057E-7	4.854293678E-8	9.460149331E-10	-2.012903400E-9	-1.201602373E-9	-1.911961478E-9	-9.606809499E-7	1.207780827E-7	-2.302752433E-9	6.106606332E-10	-4.787319985E-10	-1.361197682E-10
7.000000000E-5	4.837321060E+1	1.877560000E+0	1.746540000E+0	2.156505161E-6	6.779624187E-7	-1.117309301E-10	6.903953520E-10	2.059769022E-9	-3.314720998E-10	2.662051486E-7	4.872197579E-8	1.343361866E-9	-1.605800382E-9	-9.622111996E-10	-2.276725697E-9	-9.612433587E-7	1.207487372E-7	-2.059286963E-9	6.750478509E-10	-6.066299685E-10	7.082548437E-11
7.000000000E-5	4.877401730E+1	1.877510000E+0	1.734600000E+0	2.156396704E-6	6.779648061E-7	-1.454227017E-10	6.046462220E-10	2.281987044E-9	1.420089827E-11	2.661738279E-7	4.882766547E-8	1.467714172E-9	-1.062209654E-9	-7.414343028E-10	-2.586140635E-9	-9.618230479E-7	1.208660194E-7	-1.814032924E-9	6.762070348E-10	-7.112536671E-10	2.434153989E-10
0.000000000E+0	4.917323640E+1	1.879570000E+0	1.745300000E+0	2.156369419E-6	6.780564377E-7	-3.311893260E-10	5.149205506E-10	2.260335252E-9	2.369708596E-10	2.660336520E-7	4.892706329E-8	1.391432525E-9	-6.439869749E-10	-4.702264134E-10	-2.723270276E-9	-9.622718835E-7	1.210008946E-7	-1.683821083E-9	6.713541389E-10	-7.144191350E-10	2.882832306E-10
0.000000000E+0	4.957405700E+1	1.878580000E+0	1.734580000E+0	2.156360324E-6	6.782478863E-7	-6.157037102E-10	2.276868555E-10	2.173268232E-9	5.671293435E-10	2.655852711E-7	4.911906615E-8	1.039065278E-9	-1.871950928E-10	-1.997698673E-10	-2.771337382E-9	-9.627444797E-7	1.212333984E-7	-1.615684364E-9	7.301505511E-10	-6.052229273E-10	1.562822233E-10
0.000000000E+0	4.987393600E+1	1.877240000E+0	1.736730000E+0	2.156215942E-6	6.783431559E-7	-7.562225846E-10	-1.181257453E-10	2.017771727E-9	8.172734156E-10	2.651065074E-7	4.936433839E-8	6.107959138E-10	1.705214026E-10	-1.251820730E-10	-2.658334219E-9	-9.630640534E-7	1.213155656E-7	-1.559097629E-9	8.873387025E-10	-4.854465718E-10	-7.941505786E-11
-7.000000000E-5	5.027461220E+1	1.877100000E+0	1.733730000E+0	2.155956281E-6	6.783048434E-7	-8.207496349E-10	-3.860501086E-10	1.736205957E-9	1.050349252E-9	2.647895485E-7	4.955161614E-8	1.392278098E-10	3.402473858E-10	-1.343293116E-10	-2.324400006E-9	-9.632485671E-7	1.210937484E-7	-1.474004696E-9	1.219088275E-9	-4.416328137E-10	-3.677410321E-10
-7.000000000E-5	5.067429930E+1	1.874610000E+0	1.733110000E+0	2.155662969E-6	6.781057778E-7	-8.709168386E-10	-4.694047928E-10	1.467236999E-9	1.266652561E-9	2.647092572E-7	4.989734137E-8	-3.150514571E-10	3.815861238E-10	-1.645651254E-10	-1.490640500E-9	-9.634135267E-7	1.205212072E-7	-1.356231349E-9	1.462611698E-9	-2.337964822E-10	-8.003576135E-10
0.000000000E+0	5.137375170E+1	1.871510000E+0	1.734850000E+0	2.155351922E-6	6.777389672E-7	-5.504356970E-10	-4.122094888E-10	1.281550310E-9	1.383112402E-9	2.648203292E-7	5.039058237E-8	-5.416229271E-11	2.440333213E-10	-1.314246628E-10	-5.510171208E-10	-9.633293985E-7	1.203746223E-7	-1.442420516E-9	1.250003434E-9	-2.393599381E-11	-1.140759931E-9
7.000000000E-5	5.177475220E+1	1.869780000E+0	1.730980000E+0	2.155102948E-6	6.776716646E-7	-3.482221456E-10	-1.321006221E-10	1.318083420E-9	1.213977252E-9	2.649120745E-7	5.067735032E-8	2.041049552E-10	2.181433228E-10	-4.551817950E-11	1.074647246E-10	-9.631346529E-7	1.203459021E-7	-1.474013911E-9	9.637108889E-10	1.088530446E-10	-1.457651333E-9
0.000000000E+0	5.217392880E+1	1.869380000E+0	1.727630000E+0	2.154935601E-6	6.778228112E-7	-3.135598448E-10	2.435691648E-10	1.442099995E-9	9.271336476E-10	2.650841111E-7	5.077581022E-8	4.481589544E-10	4.964079148E-10	6.252955098E-11	5.861418018E-10	-9.627644886E-7	1.202936630E-7	-1.320106136E-9	7.072815667E-10	1.396988358E-10	-1.821474083E-9
-7.000000000E-5	5.257403580E+1	1.871780000E+0	1.736840000E+0	2.154649110E-6	6.781638149E-7	-4.778679119E-10	5.017920523E-10	1.538146388E-9	5.926241720E-10	2.654496143E-7	5.068088171E-8	6.954087861E-10	9.161512660E-10	1.903079777E-10	8.386611961E-10	-9.624792483E-7	1.202120785E-7	-9.576442972E-10	5.669985037E-10	3.394638737E-11	-2.175284841E-9
-7.000000000E-5	5.297398550E+1	1.876840000E+0	1.728700000E+0	2.154489039E-6	6.782693731E-7	-6.993061130E-10	7.373376909E-10	1.404974470E-9	3.739423493E-10	2.656706215E-7	5.037532347E-8	8.530223194E-10	1.207916656E-9	3.659852144E-10	1.016043250E-9	-9.622530115E-7	1.200285311E-7	-5.552076576E-10	3.326550147E-10	-1.208666084E-10	-2.395238230E-9
7.000000000E-5	5.337421820E+1	1.878560000E+0	1.735160000E+0	2.154532240E-6	6.781103821E-7	-7.728591655E-10	7.842827498E-10	1.060457055E-9	3.090543377E-10	2.658249514E-7	4.982797463E-8	8.463530432E-10	1.538149941E-9	6.976761946E-10	9.884573160E-10	-9.619582215E-7	1.198472717E-7	-1.651617732E-10	-1.623690245E-11	-1.774904251E-10	-2.563686818E-9
0.000000000E+0	5.377347130E+1	1.878500000E+0	1.735480000E+0	2.154745289E-6	6.777930821E-7	-6.608591452E-10	6.740803471E-10	7.165964489E-10	4.755073557E-10	2.659597555E-7	4.920370600E-8	8.013978925E-10	1.774974723E-9	1.076251754E-9	7.168258764E-10	-9.616873058E-7	1.198084192E-7	2.056119858E-10	-2.520705866E-10	-1.855808979E-10	-2.550228029E-9
0.000000000E+0	5.427408070E+1	1.877220000E+0	1.734990000E+0	2.155153879E-6	6.775160841E-7	-7.169883021E-10	5.577177609E-10	4.965245437E-10	7.885480602E-10	2.661666656E-7	4.879101567E-8	8.389748341E-10	2.175505776E-9	1.400592087E-9	6.814928621E-10	-9.615898762E-7	1.199076109E-7	4.848521584E-10	-4.207201532E-10	-3.576303975E-10	-2.303201407E-9
7.000000000E-5	5.467432500E+1	1.875600000E+0	1.745320000E+0	2.155559059E-6	6.772519328E-7	-7.794755952E-10	3.634915424E-10	4.496640837E-10	9.252521527E-10	2.663762189E-7	4.852511992E-8	7.798849899E-10	2.718595349E-9	1.413761996E-9	7.338621377E-10	-9.615799854E-7	1.201345157E-7	7.080073194E-10	-4.704531209E-10	-5.907170864E-10	-2.220774675E-9
0.000000000E+0	5.497419670E+1	1.876700000E+0	1.736920000E+0	2.155851917E-6	6.770696928E-7	-8.019662712E-10	1.688905127E-10	4.808494158E-10	9.673820633E-10	2.665201748E-7	4.833008305E-8	5.892702437E-10	3.153128647E-9	1.211284406E-9	8.638383342E-10	-9.615963563E-7	1.204481634E-7	9.265536116E-10	-4.488591721E-10	-9.344818253E-10	-2.221497652E-9
0.000000000E+0	5.537311610E+1	1.878180000E+0	1.739810000E+0	2.156202982E-6	6.768409548E-7	-7.736669083E-10	-6.933497526E-11	4.780560947E-10	1.083938939E-9	2.666397450E-7	4.811823118E-8	3.991304787E-10	3.403646920E-9	8.700971610E-10	9.617349139E-10	-9.615491763E-7	1.207589264E-7	1.102947844E-9	-3.615229227E-10	-1.357046586E-9	-2.168929036E-9
-7.000000000E-5	5.577310130E+1	1.877920000E+0	1.735910000E+0	2.156410574E-6	6.768069056E-7	-6.430294075E-10	-4.588298075E-10	5.906677924E-10	1.360538127E-9	2.666999137E-7	4.805470866E-8	1.948626260E-10	3.342194299E-9	4.223063565E-10	1.108709569E-9	-9.614365126E-7	1.211989513E-7	1.198913524E-9	-2.812899913E-10	-1.610636402E-9	-1.963374574E-9
0.000000000E+0	5.617310730E+1	1.879280000E+0	1.738490000E+0	2.156404207E-6	6.767991749E-7	-5.128567015E-10	-8.505046112E-10	8.784585836E-10	1.756146117E-9	2.666210719E-7	4.807487386E-8	-1.182945547E-10	2.945674371E-9	4.518460953E-11	1.116751469E-9	-9.613704606E-7	1.215849466E-7	1.115418979E-9	-1.999106436E-10	-1.745813938E-9	-1.640193981E-9
-7.000000000E-5	5.657326780E+1	1.876640000E+0	1.738220000E+0	2.156338951E-6	6.766373417E-7	-4.079124538E-10	-1.063420130E-9	1.252811632E-9	2.029997059E-9	2.664806118E-7	4.825915667E-8	-6.360469373E-10	2.147061195E-9	-5.904731704E-10	7.668488622E-10	-9.610610050E-7	1.221913948E-7	8.934739615E-10	-4.247087959E-10	-1.808089234E-9	-9.081476682E-10
7.000000000E-5	5.727328530E+1	1.872050000E+0	1.738780000E+0	2.156275286E-6	6.762471685E-7	-2.661111054E-10	-1.141505113E-9	1.474340761E-9	1.524148918E-9	2.664837950E-7	4.850051383E-8	-8.349121394E-10	1.482252765E-9	-1.034950903E-9	1.454954490E-10	-9.610042753E-7	1.225419339E-7	6.608846248E-10	-6.415017406E-10	-1.819103645E-9	-5.335656916E-10
0.000000000E+0	5.767317740E+1	1.874270000E+0	1.734820000E+0	2.156265282E-6	6.760100746E-7	-3.049353547E-10	-1.304631181E-9	1.546543782E-9	1.109544789E-9	2.665371426E-7	4.856558888E-8	-9.119452971E-10	7.594915252E-10	-1.223421697E-9	-2.739005411E-10	-9.609100289E-7	1.229424100E-7	3.203809440E-10	-8.410040997E-10	-1.728924337E-9	-1.884776224E-10
7.000000000E-5	5.807640610E+1	1.875820000E+0	1.740400000E+0	2.156313030E-6	6.757276196E-7	-4.383832741E-10	-1.611974887E-9	1.764304480E-9	7.609620156E-10	2.665777572E-7	4.856044811E-8	-8.556015341E-10	-1.457655663E-10	-1.443809850E-9	-7.107521793E-10	-9.609149174E-7	1.231363598E-7	4.666481090E-11	-9.622445063E-10	-1.402667871E-9	2.018824830E-10
-7.000000000E-5	5.857352600E+1	1.876330000E+0	1.734740000E+0	2.156405571E-6	6.754686410E-7	-5.365313194E-10	-1.635238944E-9	2.058549109E-9	5.064716979E-10	2.664640419E-7	4.858622304E-8	-6.660615948E-10	-6.758040238E-10	-1.504183666E-9	-1.022363638E-9	-9.610669167E-7	1.231730522E-7	-1.983324616E-10	-9.312770555E-10	-1.032745445E-9	6.137986230E-10
7.000000000E-5	5.897333870E+1	1.874210000E+0	1.743770000E+0	2.156535857E-6	6.755880122E-7	-6.369900718E-10	-1.327404075E-9	2.152553247E-9	4.404843434E-10	2.663446708E-7	4.861345460E-8	-3.851259034E-10	-1.181278631E-9	-1.363912872E-9	-1.266721506E-9	-9.612771237E-7	1.231823887E-7	-4.928684128E-10	-8.178027699E-10	-7.930395229E-10	7.428560545E-10
-2.000000000E-4	5.937354440E+1	1.873550000E+0	1.741980000E+0	2.156588380E-6	6.761204077E-7	-9.093948927E-10	-7.911569733E-10	2.305051483E-9	6.118184848E-10	2.663526573E-7	4.864037351E-8	-2.210434752E-10	-1.629052782E-9	-1.076242651E-9	-1.566601959E-9	-9.616616126E-7	1.230456661E-7	-7.306482086E-10	-5.983344375E-10	-6.293509047E-10	5.439403927E-10
-1.300000000E-4	5.987355360E+1	1.880230000E+0	1.742130000E+0	2.156635219E-6	6.765823173E-7	-1.215858192E-9	-1.368292701E-10	2.638482766E-9	7.940675895E-10	2.664135650E-7	4.887255045E-8	-1.489125490E-10	-2.140482902E-9	-5.816960802E-10	-1.630699686E-9	-9.620658830E-7	1.227768536E-7	-8.391672357E-10	-3.933808557E-10	-6.250264750E-10	9.579160382E-11
0.000000000E+0	6.037350330E+1	1.886710000E+0	1.743480000E+0	2.156750725E-6	6.768655680E-7	-1.205589628E-9	4.408724219E-10	2.840002011E-9	1.000197813E-9	2.664888825E-7	4.902780049E-8	-1.127746438E-10	-2.198955684E-9	-1.650910242E-10	-1.490073842E-9	-9.622973494E-7	1.227512740E-7	-8.322675882E-10	-1.940489713E-10	-5.633672417E-10	-5.406489145E-10
-7.000000000E-5	6.077381400E+1	1.885490000E+0	1.743620000E+0	2.157044719E-6	6.770148957E-7	-1.023179097E-9	7.634948784E-10	2.954637868E-9	1.187293042E-9	2.664729095E-7	4.902621598E-8	-1.344257713E-12	-2.059629134E-9	-3.944702551E-11	-1.293162577E-9	-9.624450286E-7	1.227386264E-7	-6.830928600E-10	2.810158009E-11	-4.964496592E-10	-1.002381400E-9
-1.300000000E-4	6.117485310E+1	1.882940000E+0	1.740730000E+0	2.157417384E-6	6.772690995E-7	-7.607556807E-10	9.688276847E-10	2.948206790E-9	1.253810722E-9	2.663329042E-7	4.883608540E-8	8.344680502E-11	-1.807550221E-9	1.753168617E-11	-1.181776566E-9	-9.623453252E-7	1.226479895E-7	-2.059047377E-10	2.135759208E-10	-4.733645698E-10	-1.478219658E-9
0.000000000E+0	6.167353060E+1	1.876430000E+0	1.747230000E+0	2.157719337E-6	6.774038752E-7	-5.383357648E-10	1.047333442E-9	2.592061454E-9	1.216157508E-9	2.660738403E-7	4.861381697E-8	-2.878874569E-11	-1.436766372E-9	1.995921761E-10	-1.340715317E-9	-9.619739103E-7	1.223266679E-7	5.402026049E-10	3.105749269E-10	-3.610841348E-10	-1.724083987E-9
-7.000000000E-5	6.207315500E+1	1.875960000E+0	1.742730000E+0	2.157632025E-6	6.774675398E-7	-4.504580875E-10	9.172322346E-10	2.262210419E-9	1.215872625E-9	2.657866673E-7	4.850360114E-8	-2.230133161E-10	-1.312456921E-9	4.090896788E-10	-1.588267296E-9	-9.616097714E-7	1.220732599E-7	1.018142348E-9	3.639477608E-10	-2.807300226E-10	-1.748772571E-9
-7.000000000E-5	6.247339660E+1	1.874530000E+0	1.739330000E+0	2.157220706E-6	6.776545547E-7	-2.987293468E-10	6.048517243E-10	1.730427024E-9	1.304075625E-9	2.652859052E-7	4.840456924E-8	-5.611638376E-10	-1.157653640E-9	5.764111966E-10	-1.865515076E-9	-9.613322618E-7	1.220672061E-7	1.435295771E-9	3.077617328E-10	-2.237985769E-10	-1.675710237E-9
-1.300000000E-4	6.297323770E+1	1.869770000E+0	1.746530000E+0	2.156668188E-6	6.776219266E-7	3.221659745E-11	3.948825156E-10	1.209367273E-9	1.456187837E-9	2.648643544E-7	4.821385957E-8	-9.286996727E-10	-7.977966066E-10	6.287851906E-10	-1.975601238E-9	-9.613066823E-7	1.221846020E-7	1.693947205E-9	2.255406105E-11	-5.913228240E-11	-1.632136981E-9
-7.000000000E-5	6.347349230E+1	1.866040000E+0	1.736910000E+0	2.156137043E-6	6.772812071E-7	3.612718735E-10	1.845225084E-10	6.600867630E-10	1.630006463E-9	2.645033135E-7	4.783828800E-8	-1.302708941E-9	-2.511557629E-10	5.317749019E-10	-1.788246440E-9	-9.615442878E-7	1.223312438E-7	1.588441378E-9	-1.934647442E-10	1.165915003E-10	-1.585660825E-9
-7.000000000E-5	6.387364010E+1	1.864470000E+0	1.738390000E+0	2.155854418E-6	6.768581216E-7	3.598955300E-10	3.847344318E-11	3.363113676E-10	1.646472403E-9	2.644114261E-7	4.750886617E-8	-1.657339932E-9	8.592476730E-11	5.715777296E-10	-1.489531387E-9	-9.618246395E-7	1.223358765E-7	1.303414154E-9	-1.984047371E-10	3.257686620E-10	-1.683345130E-9
-7.000000000E-5	6.427368710E+1	1.864650000E+0	1.739040000E+0	2.155744824E-6	6.765805551E-7	2.976242308E-10	-1.972329093E-14	1.223312701E-10	1.704731356E-9	2.644427752E-7	4.733983872E-8	-1.997464194E-9	1.462631682E-10	6.981240586E-10	-1.147493989E-9	-9.619444654E-7	1.221492596E-7	1.060651012E-9	-1.459858484E-10	3.828487527E-10	-1.836095831E-9
0.000000000E+0	6.467419160E+1	1.868710000E+0	1.736010000E+0	2.155729135E-6	6.765922649E-7	1.765434327E-10	-1.364480751E-10	-7.165211480E-11	1.766435442E-9	2.646074506E-7	4.734842562E-8	-2.158863310E-9	-2.054652559E-10	8.073286484E-10	-8.551032660E-10	-9.618355534E-7	1.217166101E-7	8.544244756E-10	-1.864988997E-10	3.534951498E-10	-1.881644618E-9
-7.000000000E-5	6.507365060E+1	1.869350000E+0	1.743510000E+0	2.155583388E-6	6.769555512E-7	1.482814288E-10	-2.048431286E-10	-2.377300024E-10	1.703826302E-9	2.649080670E-7	4.747649740E-8	-2.236038021E-9	-8.592650480E-10	1.031558505E-9	-7.853533379E-10	-9.615559975E-7	1.215268384E-7	8.223957626E-10	-3.072824772E-10	3.439986629E-10	-1.807919370E-9
0.000000000E+0	6.557448400E+1	1.868960000E+0	1.734010000E+0	2.155569064E-6	6.772272627E-7	2.391399578E-10	-2.155377127E-10	-1.826407636E-10	1.577636133E-9	2.650953945E-7	4.775661466E-8	-2.116306686E-9	-1.595995891E-9	1.415608519E-9	-7.110677047E-10	-9.611734413E-7	1.217423176E-7	8.702586429E-10	-3.126135184E-10	3.769779766E-10	-1.757789359E-9
0.000000000E+0	6.597507500E+1	1.870130000E+0	1.734790000E+0	2.155791208E-6	6.773444170E-7	4.817998778E-10	-1.542525413E-10	-5.745137352E-11	1.509496750E-9	2.649885289E-7	4.816897459E-8	-1.796206073E-9	-2.120515763E-9	1.615950596E-9	-7.781137956E-10	-9.611053429E-7	1.221003885E-7	1.050414422E-9	-2.114530495E-10	2.845443603E-10	-1.595965138E-9
-7.000000000E-5	6.637383650E+1	1.870080000E+0	1.739480000E+0	2.156143864E-6	6.775198926E-7	6.580497258E-10	4.483399069E-11	7.612722258E-11	1.438197006E-9	2.648158954E-7	4.836012479E-8	-1.581983766E-9	-2.340918570E-9	1.662050164E-9	-9.488476671E-10	-9.613446537E-7	1.223461794E-7	1.116443160E-9	-8.625167247E-11	-7.609028685E-11	-1.460725096E-9
-7.000000000E-5	6.677409350E+1	1.871700000E+0	1.729710000E+0	2.156567916E-6	6.778758461E-7	6.130351782E-10	2.218116246E-10	2.394124898E-10	1.296384555E-9	2.647411179E-7	4.837770362E-8	-1.407645445E-9	-2.309622493E-9	1.705936725E-9	-1.288357754E-9	-9.616175021E-7	1.224446180E-7	1.041959297E-9	2.343997392E-11	-5.357597699E-10	-1.434421581E-9
7.000000000E-5	6.717319230E+1	1.870740000E+0	1.744970000E+0	2.157177050E-6	6.783232038E-7	4.436806478E-10	3.317539299E-10	3.284571781E-10	1.213148137E-9	2.649248927E-7	4.819460742E-8	-1.241234782E-9	-2.067468863E-9	1.688084561E-9	-1.579804176E-9	-9.619100183E-7	1.224230886E-7	9.686369484E-10	-4.437190199E-11	-1.028525487E-9	-1.487080570E-9
-1.300000000E-4	6.757341650E+1	1.867840000E+0	1.735330000E+0	2.157729341E-6	6.785512028E-7	3.198585841E-10	3.008113758E-10	5.056954300E-10	1.177256070E-9	2.652746787E-7	4.810001997E-8	-9.500784604E-10	-2.016985468E-9	1.668123861E-9	-1.641886294E-9	-9.622300468E-7	1.222860107E-7	1.100912472E-9	-1.514664644E-10	-1.436582631E-9	-1.484810497E-9
0.000000000E+0	6.797395690E+1	1.867420000E+0	1.745540000E+0	2.157953531E-6	6.786128779E-7	4.189714686E-10	1.381895570E-10	8.434934973E-10	1.134714434E-9	2.657311597E-7	4.792685360E-8	-6.555800347E-10	-2.080206896E-9	1.601863975E-9	-1.409122707E-9	-9.624864106E-7	1.220045362E-7	1.196478028E-9	-2.369714702E-10	-1.645787728E-9	-1.410329520E-9
0.000000000E+0	6.837491450E+1	1.869510000E+0	1.738860000E+0	2.157851213E-6	6.786629569E-7	7.071929153E-10	1.046536122E-10	1.160709084E-9	9.804471679E-10	2.663464613E-7	4.764657291E-8	-3.833829920E-10	-2.337589899E-9	1.315516585E-9	-9.526749389E-10	-9.627591453E-7	1.215274352E-7	1.214515044E-9	-3.326322551E-10	-1.563956631E-9	-1.387712278E-9
-7.000000000E-5	6.877394540E+1	1.872750000E+0	1.740120000E+0	2.157411927E-6	6.787238362E-7	8.131414431E-10	1.512091285E-10	1.405677685E-9	6.593695589E-10	2.670906554E-7	4.738659598E-8	-2.933049081E-10	-2.684038103E-9	8.298078891E-10	-5.026384309E-10	-9.628998896E-7	1.209018308E-7	1.110662784E-9	-3.811296001E-10	-1.217960732E-9	-1.283647189E-9
0.000000000E+0	6.937366240E+1	1.877430000E+0	1.754420000E+0	2.156376695E-6	6.787678899E-7	6.302120492E-10	1.286720123E-11	1.612148970E-9	2.766711305E-10	2.679618660E-7	4.729413661E-8	-3.620028721E-10	-3.213685540E-9	1.802669403E-10	-1.910633735E-10	-9.630630302E-7	1.206723681E-7	1.140760486E-9	-3.246437563E-10	-8.796103845E-10	-1.060248778E-9
0.000000000E+0	6.977336370E+1	1.879110000E+0	1.744760000E+0	2.156082701E-6	6.787493589E-7	4.152851674E-10	4.576178672E-11	1.802751171E-9	1.979179320E-10	2.683957518E-7	4.720336477E-8	-5.352370769E-10	-3.514302405E-9	-2.872780625E-10	-2.172353547E-10	-9.633509990E-7	1.206796583E-7	1.272649097E-9	-1.629050644E-10	-6.647434270E-10	-7.367222943E-10
-7.000000000E-5	7.017372560E+1	1.881640000E+0	1.741770000E+0	2.156015171E-6	6.786098084E-7	1.119038057E-10	1.905155339E-10	2.155852608E-9	2.007640859E-10	2.686031735E-7	4.709568557E-8	-5.009367365E-10	-3.495286727E-9	-6.726257884E-10	-4.304118728E-10	-9.638081337E-7	1.208218237E-7	1.372480685E-9	2.262425143E-11	-4.066495474E-10	-3.157225315E-10
5.900000000E-4	7.067305590E+1	1.884030000E+0	1.748460000E+0	2.155967422E-6	6.783703270E-7	-3.360909467E-11	4.141116339E-10	2.495730733E-9	1.728852894E-10	2.686946061E-7	4.709749391E-8	-3.015114547E-10	-3.118288960E-9	-1.097374302E-9	-8.527145101E-10	-9.643295016E-7	1.209584895E-7	1.389549364E-9	1.471204270E-10	-1.809555977E-10	1.536750241E-11
1.770000000E-3	7.107362590E+1	1.880920000E+0	1.743680000E+0	2.155878747E-6	6.782784681E-7	5.820200224E-11	4.702749856E-10	2.692617906E-9	1.469465799E-10	2.686333289E-7	4.726702940E-8	-3.410094151E-10	-2.668517185E-9	-1.347593037E-9	-1.239167768E-9	-9.644483043E-7	1.211433016E-7	1.145962547E-9	1.920017478E-10	-2.060115134E-10	2.559231438E-10
3.990000000E-3	7.157339990E+1	1.882150000E+0	1.746670000E+0	2.155824177E-6	6.780599620E-7	2.093606122E-10	1.897673962E-10	2.607643657E-9	1.418778289E-12	2.683607931E-7	4.757729855E-8	-5.288597893E-10	-2.311716818E-9	-1.486715306E-9	-1.359486634E-9	-9.645013961E-7	1.213111460E-7	6.110930650E-10	1.730921240E-10	-4.909265217E-10	1.728300142E-10
6.220000000E-3	7.207436930E+1	1.879570000E+0	1.747010000E+0	2.155744824E-6	6.777436852E-7	2.107968800E-10	-1.156270982E-10	2.422476886E-9	-3.238030954E-10	2.679465751E-7	4.803123943E-8	-7.229326582E-10	-2.305863722E-9	-1.513218883E-9	-1.303233743E-9	-9.643298427E-7	1.215904462E-7	1.751508383E-10	1.105839587E-10	-7.405280833E-10	-4.901415038E-11
8.770000000E-3	7.247374260E+1	1.876680000E+0	1.741070000E+0	2.155815082E-6	6.773216796E-7	1.988306464E-10	-2.561665047E-10	2.015726253E-9	-5.539825265E-10	2.675929238E-7	4.834191003E-8	-8.163333343E-10	-2.489157103E-9	-1.504870228E-9	-1.166022612E-9	-9.640729104E-7	1.222200296E-7	1.170112618E-10	7.295438559E-11	-9.540258583E-10	-4.262324382E-10
1.178000000E-2	7.297347940E+1	1.876970000E+0	1.745610000E+0	2.156092478E-6	6.768203207E-7	1.861271692E-10	-2.181944625E-10	1.406726624E-9	-5.507320711E-10	2.669673904E-7	4.833295719E-8	-6.829826149E-10	-2.710388136E-9	-1.456060272E-9	-8.672105811E-10	-9.638625897E-7	1.229680748E-7	2.086344292E-10	-4.590228891E-11	-1.039689557E-9	-8.788488826E-10
1.420000000E-2	7.337377140E+1	1.877340000E+0	1.747420000E+0	2.156490382E-6	6.763634133E-7	2.826468504E-10	-5.457667304E-11	9.463473338E-10	-3.835424200E-10	2.662967518E-7	4.821299271E-8	-4.582001167E-10	-2.829017687E-9	-1.324074850E-9	-6.649092943E-10	-9.637634548E-7	1.233944289E-7	2.812843292E-10	-4.114857066E-11	-1.034724306E-9	-1.461400223E-9
1.682000000E-2	7.387350980E+1	1.875680000E+0	1.735770000E+0	2.156981736E-6	6.759076996E-7	3.198837861E-10	2.018977485E-10	6.729986568E-10	-1.163270869E-10	2.654937248E-7	4.827586508E-8	-3.174156493E-10	-2.581306280E-9	-1.198796951E-9	-3.997981113E-10	-9.637204812E-7	1.236568181E-7	5.136258641E-10	-1.165145203E-10	-1.082140821E-9	-1.966251828E-9
1.872000000E-2	7.427309570E+1	1.875850000E+0	1.744620000E+0	2.157409654E-6	6.755799404E-7	5.153841243E-10	4.096233075E-10	4.478721838E-10	2.041178754E-10	2.650439796E-7	4.839889201E-8	-3.992705333E-10	-2.251819176E-9	-1.080985301E-9	-3.174126517E-10	-9.637457197E-7	1.236520148E-7	6.565054056E-10	-2.653372522E-10	-9.998093464E-10	-2.178125902E-9
2.133000000E-2	7.467416100E+1	1.869790000E+0	1.739440000E+0	2.157756853E-6	6.752691206E-7	7.072135100E-10	5.625746535E-10	1.240292174E-10	3.621381250E-10	2.645955988E-7	4.890895511E-8	-3.610187704E-10	-1.873864175E-9	-8.191355927E-10	-3.895884448E-10	-9.641468068E-7	1.237627032E-7	4.614070792E-10	-5.073281795E-10	-6.032078725E-10	-2.225484463E-9
2.519000000E-2	7.537391010E+1	1.871610000E+0	1.734510000E+0	2.157763220E-6	6.747074508E-7	5.290623495E-10	8.743489821E-10	-1.266411975E-10	1.515309683E-10	2.643975847E-7	4.950240751E-8	7.846357591E-11	-1.537486583E-9	-3.695986017E-10	-5.893286414E-10	-9.640934877E-7	1.240189675E-7	3.235613444E-10	-7.881338915E-10	-4.903618067E-10	-2.000779098E-9
2.755000000E-2	7.577415210E+1	1.872170000E+0	1.732970000E+0	2.157746167E-6	6.742304208E-7	4.247053542E-10	1.235904934E-9	3.952934508E-11	-1.860027826E-10	2.644368351E-7	4.983884594E-8	1.542301981E-10	-1.266893812E-9	-1.568430108E-10	-6.546148068E-10	-9.639716154E-7	1.243758447E-7	3.050450170E-10	-1.028572005E-9	-4.325630687E-10	-1.664368310E-9
2.977000000E-2	7.627358790E+1	1.867500000E+0	1.741130000E+0	2.157815288E-6	6.739932132E-7	4.070139226E-10	1.594061105E-9	3.975240415E-10	-4.075209059E-10	2.646092696E-7	5.007003878E-8	1.905898217E-10	-8.761033010E-10	2.923591057E-12	-6.203167979E-10	-9.639678638E-7	1.245146848E-7	2.542972777E-10	-8.714862165E-10	-3.942870752E-10	-1.304891528E-9
3.265000000E-2	7.677427240E+1	1.869160000E+0	1.735410000E+0	2.157842800E-6	6.738171692E-7	2.571186042E-10	1.802129557E-9	4.989002544E-10	-3.753505840E-10	2.647914528E-7	4.997419722E-8	1.374674263E-10	-6.114657669E-10	-7.318644822E-12	-5.433043460E-10	-9.639247764E-7	1.245078920E-7	-1.320404064E-10	-5.373543832E-10	-4.290779121E-10	-9.124602185E-10
3.507000000E-2	7.727403290E+1	1.867990000E+0	1.730890000E+0	2.157781182E-6	6.737123499E-7	-9.164606574E-11	1.732203714E-9	3.780454560E-10	-3.528030923E-10	2.650313320E-7	4.972823575E-8	5.926704960E-11	-4.307679768E-10	-7.491967463E-11	-4.283681743E-10	-9.638159781E-7	1.242317609E-7	-6.161017807E-10	-2.600687166E-10	-6.557160925E-10	-7.081677467E-10
3.704000000E-2	7.767364200E+1	1.866240000E+0	1.741100000E+0	2.157535619E-6	6.739526839E-7	-2.529654264E-10	1.659242632E-9	2.597321802E-10	-3.401257054E-10	2.653565332E-7	4.948755006E-8	-1.483258655E-10	-1.734527938E-10	-1.328208793E-10	-1.297270069E-10	-9.637479934E-7	1.235972746E-7	-1.192053345E-9	-7.669614249E-11	-9.237711707E-10	-6.468368063E-10
4.018000000E-2	7.827385470E+1	1.864440000E+0	1.740380000E+0	2.157240715E-6	6.743906056E-7	-2.310305835E-10	1.836645058E-9	1.086157483E-10	-1.943803729E-10	2.655255287E-7	4.945272281E-8	-5.933479263E-10	1.357771812E-10	-1.896662966E-10	2.015736536E-11	-9.635850802E-7	1.234185447E-7	-1.435209840E-9	-4.259002873E-11	-9.400673573E-10	-6.101468220E-10
4.195000000E-2	7.867471410E+1	1.865570000E+0	1.736800000E+0	2.157123163E-6	6.747973771E-7	-1.875873762E-10	1.873772693E-9	-7.518185380E-11	1.176866243E-10	2.658548226E-7	4.940968523E-8	-1.466791910E-9	5.086149280E-10	-4.411104815E-10	1.280214962E-10	-9.630905424E-7	1.232720024E-7	-1.629052004E-9	-2.944953656E-11	-8.978038868E-10	-4.743007653E-10
4.476000000E-2	7.917555800E+1	1.870560000E+0	1.741830000E+0	2.157257541E-6	6.749941122E-7	-2.425563084E-10	1.658545523E-9	-2.007103789E-10	2.020930645E-10	2.662236511E-7	4.927888852E-8	-2.137159782E-9	7.042343930E-10	-8.615709257E-10	9.960068881E-11	-9.627036661E-7	1.231806834E-7	-1.565359953E-9	6.846751898E-12	-7.982725036E-10	-4.907931839E-10
4.666000000E-2	7.957361010E+1	1.873240000E+0	1.741410000E+0	2.157471044E-6	6.751980664E-7	-3.293876005E-10	1.531554217E-9	-2.349694328E-10	1.653950726E-10	2.666475893E-7	4.907513329E-8	-2.433780066E-9	6.814604436E-10	-1.142741679E-9	-1.232889069E-10	-9.625108532E-7	1.230167612E-7	-1.554402162E-9	2.345754702E-10	-6.933180141E-10	-5.562553751E-10
4.816000000E-2	7.997398200E+1	1.875360000E+0	1.739730000E+0	2.157708195E-6	6.755983009E-7	-3.635307888E-10	1.620982459E-9	-3.133928395E-10	9.393946732E-11	2.669784749E-7	4.900537931E-8	-2.519285225E-9	3.312145003E-10	-1.398049454E-9	-3.086783884E-10	-9.623701089E-7	1.228375055E-7	-1.475858435E-9	5.644790191E-10	-4.551381494E-10	-5.496395561E-10
5.078000000E-2	8.037361780E+1	1.882410000E+0	1.742300000E+0	2.158069947E-6	6.759366897E-7	-3.768787504E-10	1.672435190E-9	-3.970990758E-10	-1.123185659E-11	2.673131689E-7	4.905977846E-8	-2.263816912E-9	-4.487436534E-10	-1.750338208E-9	-2.670449417E-10	-9.622226571E-7	1.227218149E-7	-1.329093835E-9	8.678165409E-10	-1.489574436E-10	-6.086374738E-10
5.294000000E-2	8.087332820E+1	1.887590000E+0	1.733700000E+0	2.158699544E-6	6.759522080E-7	-4.880771343E-10	1.533269511E-9	-5.709995254E-10	2.671300160E-11	2.678611111E-7	4.915424157E-8	-1.622538437E-9	-1.036849717E-9	-1.810989914E-9	-6.181992418E-11	-9.620144965E-7	1.229258402E-7	-1.118694248E-9	9.206695961E-10	-1.350886330E-11	-5.819095761E-10
5.582000000E-2	8.137511810E+1	1.892460000E+0	1.732520000E+0	2.159348696E-6	6.758838253E-7	-4.710908885E-10	1.297915109E-9	-7.747772424E-10	4.004152218E-11	2.683590878E-7	4.915235863E-8	-1.038515052E-9	-1.247720816E-9	-1.484423695E-9	-2.604971100E-11	-9.617734804E-7	1.232640727E-7	-8.814404206E-10	8.278483454E-10	-1.961723006E-10	-4.355126260E-10
5.778000000E-2	8.177378860E+1	1.891280000E+0	1.739750000E+0	2.159724090E-6	6.758342579E-7	-3.414718230E-10	1.083802825E-9	-8.961471010E-10	1.632645581E-11	2.689309326E-7	4.905538020E-8	-5.856237717E-10	-1.227067115E-9	-9.394478528E-10	4.186557698E-11	-9.613204384E-7	1.237066840E-7	-3.872527021E-10	9.198521944E-10	-4.906254847E-10	-1.656712441E-11
5.955000000E-2	8.217352130E+1	1.894460000E+0	1.728400000E+0	2.159888481E-6	6.756753805E-7	-1.653129161E-10	8.587262013E-10	-8.778481275E-10	1.294322566E-10	2.692616761E-7	4.896139671E-8	-5.285035187E-10	-1.091666757E-9	-4.470842585E-10	2.483349637E-10	-9.611536598E-7	1.239233569E-7	1.829834478E-10	1.100954550E-9	-6.878519421E-10	5.022935956E-10
6.177000000E-2	8.258068290E+1	1.893430000E+0	1.736580000E+0	2.159950327E-6	6.754710284E-7	2.300570012E-10	5.576534790E-10	-7.366195431E-10	2.183182385E-10	2.693802514E-7	4.882294391E-8	-5.755262933E-10	-9.891949482E-10	-2.365530272E-10	4.533635134E-10	-9.610888583E-7	1.238976068E-7	6.520900486E-10	1.158077190E-9	-7.348019415E-10	1.111561843E-9
6.347000000E-2	8.297348350E+1	1.891510000E+0	1.730870000E+0	2.159970109E-6	6.753512025E-7	6.297630195E-10	3.480240540E-10	-5.259306879E-10	2.435994462E-10	2.693730892E-7	4.868585535E-8	-5.933122327E-10	-9.944268742E-10	-1.836516911E-10	8.361613069E-10	-9.609810832E-7	1.237228418E-7	1.148328099E-9	1.140349926E-9	-4.673454401E-10	1.518662085E-9
6.590000000E-2	8.337471020E+1	1.885010000E+0	1.736740000E+0	2.160058784E-6	6.750161106E-7	9.896627962E-10	5.875167713E-11	-2.587957626E-10	2.342159244E-10	2.692988517E-7	4.865792391E-8	-5.993744945E-10	-8.781970706E-10	-2.347409489E-10	1.215142320E-9	-9.609792642E-7	1.234312919E-7	1.573998043E-9	8.617914715E-10	1.262148892E-11	1.453704157E-9
6.819000000E-2	8.387408820E+1	1.884840000E+0	1.742420000E+0	2.160320946E-6	6.743126733E-7	1.427813534E-9	-3.681875915E-10	1.125172594E-10	2.289310963E-10	2.692789565E-7	4.876833160E-8	-6.425341370E-10	-7.008782443E-10	-4.078655469E-10	1.273357753E-9	-9.612938356E-7	1.229280429E-7	1.523018489E-9	6.240586936E-10	6.680489495E-10	8.337256441E-10
7.067000000E-2	8.437337390E+1	1.880250000E+0	1.735830000E+0	2.160626991E-6	6.736769365E-7	1.695430463E-9	-7.075253716E-10	3.854958575E-10	2.017309791E-10	2.693681722E-7	4.911419538E-8	-8.978000010E-10	-6.823827059E-10	-7.215194553E-10	1.148203421E-9	-9.620295032E-7	1.224984629E-7	1.173482089E-9	4.838053291E-10	1.470067845E-9	1.569066543E-10
7.264000000E-2	8.477394470E+1	1.879110000E+0	1.737930000E+0	2.160937584E-6	6.728864150E-7	2.046493197E-9	-1.000590055E-9	7.990361150E-10	1.607416422E-10	2.693863905E-7	4.948351062E-8	-1.231734936E-9	-4.755904004E-10	-9.930757328E-10	1.103271807E-9	-9.629129636E-7	1.224137236E-7	9.343537055E-10	4.394353492E-10	2.097799490E-9	-2.952823541E-10
7.473000000E-2	8.517355810E+1	1.875550000E+0	1.742070000E+0	2.161329121E-6	6.719673138E-7	2.513179442E-9	-1.077095857E-9	1.123163340E-9	1.977648184E-10	2.693005854E-7	4.970279477E-8	-1.397065796E-9	-6.397953695E-11	-1.329018118E-9	1.014287987E-9	-9.645074215E-7	1.225621418E-7	6.906502037E-10	3.251129921E-10	2.590113679E-9	-6.405941333E-10
7.715000000E-2	8.567451260E+1	1.873920000E+0	1.731940000E+0	2.161653811E-6	6.711352967E-7	2.945994337E-9	-8.442359034E-10	1.121528648E-9	1.192673738E-10	2.687541780E-7	4.984260116E-8	-1.315049958E-9	4.258412789E-10	-1.813315831E-9	7.968106175E-10	-9.666878213E-7	1.229033302E-7	4.278656873E-10	1.319750698E-10	2.579078728E-9	-5.796211289E-10
7.964000000E-2	8.617395760E+1	1.875260000E+0	1.726620000E+0	2.162022611E-6	6.706266049E-7	3.166384710E-9	-5.803664771E-10	9.622804775E-10	-9.212452329E-11	2.680630189E-7	4.976538293E-8	-1.141523542E-9	5.750517840E-10	-1.985017928E-9	7.094660415E-10	-9.682873952E-7	1.233267284E-7	1.851961917E-10	-6.480351672E-11	2.303883528E-9	-4.497754669E-10
8.121000000E-2	8.657444170E+1	1.874920000E+0	1.731980000E+0	2.162451892E-6	6.704091788E-7	3.267029092E-9	-1.120894835E-10	7.154317139E-10	-5.137943404E-10	2.667976560E-7	4.933927400E-8	-5.729279828E-10	2.815624400E-10	-2.081538053E-9	6.467530955E-10	-9.702150692E-7	1.241009073E-7	-3.957078068E-11	-3.136327309E-10	1.790011028E-9	-4.371069617E-10
8.265000000E-2	8.727311600E+1	1.871030000E+0	1.729310000E+0	2.162615829E-6	6.703673989E-7	3.052067266E-9	3.195177456E-10	6.323505053E-10	-9.848291072E-10	2.662165173E-7	4.896367756E-8	-1.490729762E-10	1.739225708E-10	-1.847828446E-9	6.635967886E-10	-9.710095128E-7	1.243778200E-7	9.608933788E-11	-4.186964664E-10	1.477727163E-9	-5.804084990E-10
8.239000000E-2	8.777325400E+1	1.868060000E+0	1.729310000E+0	2.162345481E-6	6.705489000E-7	2.771247232E-9	4.253258301E-10	5.159951355E-10	-1.087518631E-9	2.657949096E-7	4.874509685E-8	8.138075630E-11	1.518313947E-10	-1.146932993E-9	8.001355689E-10	-9.716936802E-7	1.242367347E-7	3.327749187E-10	-4.789409980E-10	1.150144313E-9	-6.579694012E-10
8.114000000E-2	8.827306810E+1	1.867490000E+0	1.729200000E+0	2.161955536E-6	6.710266689E-7	2.177837244E-9	5.670854342E-10	2.682136180E-10	-8.224496084E-10	2.653941920E-7	4.870989656E-8	2.727991444E-10	9.148911490E-11	-3.896589440E-10	1.075557976E-9	-9.717250577E-7	1.237241634E-7	6.222757865E-10	-4.868077608E-10	9.191851724E-10	-3.541004434E-10
7.807000000E-2	8.877392610E+1	1.869910000E+0	1.737040000E+0	2.161415978E-6	6.717353358E-7	1.612017853E-9	5.418004379E-10	2.645763053E-10	-4.662741859E-10	2.651444504E-7	4.881335514E-8	5.785862900E-10	1.793685894E-10	4.734730316E-11	1.449006915E-9	-9.711202438E-7	1.232605058E-7	6.761853300E-10	-3.377759739E-10	7.987484563E-10	-2.466258309E-10
7.565000000E-2	8.917465740E+1	1.871110000E+0	1.737960000E+0	2.160990107E-6	6.723324759E-7	1.238921299E-9	5.441736506E-10	3.084410505E-10	-3.004033411E-10	2.650259887E-7	4.895635186E-8	6.206191672E-10	4.183620672E-10	2.292096651E-10	1.852880627E-9	-9.703436490E-7	1.228928142E-7	5.116184698E-10	-9.771359416E-11	5.999994390E-10	-3.818378114E-10
7.368000000E-2	8.957524850E+1	1.874030000E+0	1.737000000E+0	2.160716349E-6	6.729106303E-7	9.400912271E-10	6.890849003E-10	2.401284449E-10	-3.752203270E-10	2.650562294E-7	4.912824991E-8	1.970089231E-10	5.270099357E-10	7.060930313E-11	2.051344650E-9	-9.691674450E-7	1.223429109E-7	2.653586517E-10	2.533029064E-10	1.044813611E-10	-7.532749424E-10
6.976000000E-2	9.007492010E+1	1.877480000E+0	1.738740000E+0	2.160313443E-6	6.737450349E-7	6.787119200E-10	1.195717414E-9	1.245620135E-10	-4.645925311E-10	2.652446653E-7	4.933519548E-8	-4.069512227E-10	2.840720992E-10	-1.297104785E-11	1.927882742E-9	-9.676303989E-7	1.219345620E-7	1.333958777E-10	6.501003069E-10	-6.930343521E-10	-1.470529698E-9
6.603000000E-2	9.067350040E+1	1.879390000E+0	1.732710000E+0	2.159921905E-6	6.743543395E-7	5.219576993E-10	1.587561971E-9	7.328043727E-11	-5.664285707E-10	2.650938029E-7	4.950794263E-8	-6.318667811E-10	8.400126428E-11	6.902405730E-11	1.668351013E-9	-9.666790675E-7	1.215435646E-7	8.990327580E-12	6.731697977E-10	-1.292630558E-9	-1.924021831E-9
6.341000000E-2	9.107372960E+1	1.880890000E+0	1.732390000E+0	2.159619044E-6	6.748958299E-7	2.396702281E-10	1.757986423E-9	1.595897719E-10	-8.487329173E-10	2.647335009E-7	4.962079458E-8	-8.448934885E-10	2.585870233E-11	1.833087015E-10	1.510936265E-9	-9.663710898E-7	1.210461562E-7	-8.286860087E-11	5.472649001E-10	-1.574975150E-9	-2.060052795E-9
6.092000000E-2	9.147353410E+1	1.878240000E+0	1.735270000E+0	2.159541282E-6	6.753735988E-7	1.020235910E-10	1.768269420E-9	2.852299785E-10	-1.086291390E-9	2.645445818E-7	4.983097668E-8	-1.126898352E-9	-3.562957221E-11	2.546739486E-10	1.384873771E-9	-9.659431726E-7	1.205221736E-7	-3.198694920E-10	4.768719308E-10	-1.798391547E-9	-2.254592957E-9
5.778000000E-2	9.197357990E+1	1.868560000E+0	1.724840000E+0	2.159466476E-6	6.758098721E-7	-5.829210725E-11	1.593286725E-9	2.716395720E-10	-1.121836179E-9	2.645427060E-7	5.004499570E-8	-1.307548514E-9	-4.774729501E-10	2.819155465E-10	1.052924414E-9	-9.653510915E-7	1.203702880E-7	-7.431611437E-10	5.067465336E-10	-2.078006656E-9	-2.367711360E-9
5.510000000E-2	9.247482710E+1	1.864470000E+0	1.729120000E+0	2.159125870E-6	6.758562563E-7	-2.286535822E-10	1.330321742E-9	2.041815467E-10	-7.272815128E-10	2.647373094E-7	4.999347425E-8	-1.017952833E-9	-1.144667250E-9	2.174178199E-10	6.490296634E-10	-9.648679224E-7	1.205452662E-7	-1.340884182E-9	7.430516757E-10	-2.441841840E-9	-2.182990899E-9
5.235000000E-2	9.297315500E+1	1.863980000E+0	1.734980000E+0	2.158606549E-6	6.758569953E-7	-3.439291352E-10	8.573388111E-10	2.798111187E-10	9.114755478E-11	2.650942861E-7	4.990183200E-8	-4.522969777E-10	-1.931196980E-9	1.366792374E-10	3.760529110E-10	-9.643192698E-7	1.207164928E-7	-1.734006494E-9	1.004080596E-9	-2.774614538E-9	-1.933515792E-9
5.013000000E-2	9.337383850E+1	1.865440000E+0	1.736510000E+0	2.158079951E-6	6.758198197E-7	-4.608868287E-10	3.029962947E-10	4.383544083E-10	6.215636339E-10	2.653582953E-7	4.994480207E-8	1.786325254E-10	-2.210382988E-9	-1.033586237E-11	3.720799502E-10	-9.637034282E-7	1.207686893E-7	-1.961813822E-9	1.250432868E-9	-2.970317992E-9	-1.731308874E-9
4.757000000E-2	9.387495250E+1	1.866250000E+0	1.738150000E+0	2.157469225E-6	6.756769721E-7	-5.269892855E-10	-1.475544131E-10	7.784246026E-10	7.932269286E-10	2.656990716E-7	5.003416703E-8	1.086287948E-9	-2.101994578E-9	-2.855821690E-10	5.463770547E-10	-9.628173530E-7	1.206409905E-7	-1.996847132E-9	1.418916762E-9	-2.855579995E-9	-1.508223657E-9
4.515000000E-2	9.437350740E+1	1.868360000E+0	1.747490000E+0	2.156957407E-6	6.756779953E-7	-4.190546798E-10	-5.904849942E-10	1.319486187E-9	7.385191902E-10	2.660208338E-7	5.011507653E-8	1.671926486E-9	-1.515032100E-9	-2.532573873E-10	6.702990940E-10	-9.620528090E-7	1.204018787E-7	-1.872642708E-9	1.734139277E-9	-2.322368964E-9	-1.215893053E-9
4.299000000E-2	9.477490240E+1	1.874390000E+0	1.740540000E+0	2.156784149E-6	6.757650226E-7	-6.757894244E-11	-7.905930910E-10	1.595968913E-9	6.035452138E-10	2.662195300E-7	4.995574798E-8	1.521809123E-9	-1.039092257E-9	-2.409017430E-10	6.079518000E-10	-9.615622503E-7	1.201985071E-7	-1.640023006E-9	2.024938439E-9	-1.684606232E-9	-9.541151202E-10
4.103000000E-2	9.517482760E+1	1.879550000E+0	1.745020000E+0	2.156639084E-6	6.758958762E-7	3.641069113E-10	-1.033023556E-9	1.603631561E-9	4.153718203E-10	2.662219742E-7	4.965442457E-8	1.247603021E-9	-7.283644243E-10	-2.264909649E-10	4.110997931E-10	-9.611201222E-7	1.201204185E-7	-1.355503709E-9	2.348118144E-9	-1.062484212E-9	-8.325240497E-10
3.907000000E-2	9.557495300E+1	1.884270000E+0	1.750630000E+0	2.156693199E-6	6.759713642E-7	6.062549907E-10	-1.143210637E-9	1.511800685E-9	1.770148195E-10	2.660764551E-7	4.932571684E-8	9.380998201E-10	-5.236185374E-10	-3.270462234E-10	1.524112867E-13	-9.607019820E-7	1.199193207E-7	-1.131256422E-9	2.426026491E-9	-3.802113069E-10	-7.433287319E-10
3.651000000E-2	9.607482370E+1	1.883880000E+0	1.740540000E+0	2.157128847E-6	6.759304938E-7	5.446353923E-10	-8.449190236E-10	1.209990219E-9	-1.546616862E-10	2.659697031E-7	4.892222094E-8	6.346505543E-10	-5.277375203E-10	-3.412005956E-10	-4.709587720E-10	-9.604814295E-7	1.198334587E-7	-6.139609377E-10	2.044744596E-9	6.739946101E-11	-4.315463820E-10
3.403000000E-2	9.657450380E+1	1.882240000E+0	1.744180000E+0	2.157637937E-6	6.758013456E-7	3.647349089E-10	-5.154671134E-10	9.692942005E-10	-3.540482074E-10	2.659301970E-7	4.843623813E-8	4.075403903E-10	-3.221238276E-10	-1.745847078E-10	-7.120922185E-10	-9.603277249E-7	1.200217099E-7	-5.099782749E-11	1.485608858E-9	1.381086495E-10	-3.960162406E-11
3.226000000E-2	9.697441000E+1	1.882420000E+0	1.742120000E+0	2.158236612E-6	6.757539950E-7	1.797533650E-10	-2.809862065E-10	7.851015393E-10	-6.211081094E-10	2.659529059E-7	4.795080244E-8	1.539062211E-10	-4.658968523E-12	9.580201910E-11	-5.761033872E-10	-9.602966884E-7	1.203489433E-7	3.458119624E-10	1.085095680E-9	1.310764552E-10	3.962159767E-10
3.043000000E-2	9.737337790E+1	1.884010000E+0	1.737780000E+0	2.158825509E-6	6.756484368E-7	6.484526111E-11	-3.137818894E-10	5.760817934E-10	-1.045581954E-9	2.660557072E-7	4.757220040E-8	1.008621103E-10	1.356128959E-10	3.871058474E-10	-3.497116485E-11	-9.605986406E-7	1.206878011E-7	6.977343703E-10	9.147390623E-10	1.337195910E-10	8.028770426E-10
2.742000000E-2	9.787379420E+1	1.883250000E+0	1.741230000E+0	2.159158384E-6	6.754606829E-7	-1.056341403E-10	-4.560946620E-10	3.960640982E-10	-1.441147646E-9	2.662165173E-7	4.747735005E-8	1.096721880E-10	-5.689144468E-12	5.540083392E-10	5.456858299E-10	-9.611190990E-7	1.207955762E-7	1.214804257E-9	6.476431058E-10	-6.353068072E-11	1.035116881E-9
2.506000000E-2	9.837343100E+1	1.882600000E+0	1.736810000E+0	2.159277983E-6	6.752667332E-7	-4.203415393E-10	-7.706303373E-10	-8.238488884E-12	-1.749371092E-9	2.664473584E-7	4.774537032E-8	-5.478021856E-11	-3.610450550E-10	5.262102420E-10	8.819861508E-10	-9.616271655E-7	1.206353204E-7	1.482078460E-9	1.834232072E-10	-2.933859544E-10	1.101820635E-9
2.284000000E-2	9.877380420E+1	1.881510000E+0	1.735040000E+0	2.159363930E-6	6.749804697E-7	-6.644112482E-10	-1.062587796E-9	-3.199395748E-10	-1.817815121E-9	2.665261434E-7	4.804519449E-8	-3.212286548E-10	-6.525407992E-10	2.278130601E-10	9.167180903E-10	-9.620237051E-7	1.205827118E-7	1.387943316E-9	-4.186616331E-10	-4.443736212E-10	6.825105481E-10
2.022000000E-2	9.937312860E+1	1.882370000E+0	1.734710000E+0	2.159421456E-6	6.742330356E-7	-1.107268610E-9	-1.287346896E-9	-8.667786489E-10	-1.728565402E-9	2.663803400E-7	4.814965493E-8	-4.749029503E-10	-9.753078345E-10	-8.371054544E-11	8.490925740E-10	-9.622974631E-7	1.207386902E-7	9.889769004E-10	-8.724589939E-10	-5.052116503E-10	-2.746270745E-11
1.793000000E-2	9.977319580E+1	1.879940000E+0	1.742990000E+0	2.159657015E-6	6.738104617E-7	-1.656087156E-9	-1.470951583E-9	-9.408911428E-10	-1.755222079E-9	2.663415444E-7	4.826288347E-8	-5.855373408E-10	-1.143261152E-9	-3.624165412E-10	6.365635241E-10	-9.629683291E-7	1.209105704E-7	4.422860134E-10	-1.270839323E-9	-7.311817263E-10	-5.952782156E-10
1.597000000E-2	1.002741398E+2	1.877590000E+0	1.731620000E+0	2.159988753E-6	6.736410114E-7	-2.172458435E-9	-1.693406859E-9	-8.364595128E-10	-1.804631000E-9	2.664814645E-7	4.834778267E-8	-6.305378997E-10	-1.267479899E-9	-6.207563352E-10	4.970244216E-10	-9.636985396E-7	1.211779477E-7	2.817737016E-11	-1.397239768E-9	-1.044003772E-9	-7.444021510E-10
1.302000000E-2	1.007736814E+2	1.877320000E+0	1.737070000E+0	2.160429403E-6	6.735303941E-7	-2.762283513E-9	-2.225521545E-9	-5.869638664E-10	-1.873437627E-9	2.667573256E-7	4.846200596E-8	-8.768438753E-10	-1.664608562E-9	-8.253083772E-10	2.705804469E-10	-9.647878869E-7	1.216572656E-7	-3.834167983E-10	-1.447837517E-9	-1.277582706E-9	-6.633055216E-10
1.119000000E-2	1.011739980E+2	1.876300000E+0	1.739550000E+0	2.160954409E-6	6.733811233E-7	-2.941613841E-9	-2.791794795E-9	-4.231641149E-10	-1.986842912E-9	2.668721209E-7	4.852156010E-8	-1.011084549E-9	-1.932929594E-9	-8.220084058E-10	-6.285429642E-12	-9.658292583E-7	1.220609676E-7	-6.319458290E-10	-1.403183236E-9	-1.332755018E-9	-4.992592451E-10
9.030000000E-3	1.015731491E+2	1.875960000E+0	1.734550000E+0	2.162054216E-6	6.730175528E-7	-2.640745178E-9	-3.452837349E-9	-3.468076659E-10	-2.003697430E-9	2.666147907E-7	4.846826229E-8	-1.068834798E-9	-2.030218882E-9	-2.784092123E-10	-7.233009747E-10	-9.681950814E-7	1.230397260E-7	-1.512958980E-9	-1.075260547E-9	-1.070552536E-9	-2.291374174E-10
7.260000000E-3	1.023742380E+2	1.876050000E+0	1.728130000E+0	2.163371619E-6	6.724038713E-7	-2.290499568E-9	-3.721486230E-9	-2.419336086E-11	-1.819276285E-9	2.662842462E-7	4.825070832E-8	-6.914755435E-10	-1.879633116E-9	3.270818893E-10	-1.353980594E-9	-9.694251730E-7	1.233397455E-7	-1.749299483E-9	-1.121549520E-9	-9.994706174E-10	-4.199511294E-10
7.130000000E-3	1.027740883E+2	1.878960000E+0	1.736710000E+0	2.164005082E-6	6.719614589E-7	-2.094480589E-9	-3.473682453E-9	1.852391157E-10	-1.748627576E-9	2.661921314E-7	4.820577359E-8	-3.941272586E-10	-1.662192051E-9	6.633079086E-10	-1.582586617E-9	-9.700754617E-7	1.236164167E-7	-1.781325421E-9	-1.117879789E-9	-8.658760375E-10	-6.485658122E-10
7.200000000E-3	1.031733918E+2	1.880770000E+0	1.731940000E+0	2.164314083E-6	6.716101666E-7	-1.725248389E-9	-3.182484942E-9	2.737527704E-10	-1.588961074E-9	2.661007556E-7	4.809531973E-8	3.108174135E-11	-1.295506813E-9	8.067504442E-10	-1.471437194E-9	-9.705113371E-7	1.238905441E-7	-1.950798856E-9	-9.665146461E-10	-8.043402055E-10	-7.792240186E-10
7.390000000E-3	1.035732681E+2	1.881060000E+0	1.733000000E+0	2.164216994E-6	6.714503797E-7	-1.095045055E-9	-2.885196082E-9	1.186318960E-10	-1.319573006E-9	2.661456619E-7	4.799751352E-8	5.984569507E-10	-9.469396378E-10	5.078491516E-10	-1.115146642E-9	-9.706882338E-7	1.241188556E-7	-2.212727335E-9	-6.634804928E-10	-7.452263806E-10	-9.407359336E-10
7.920000000E-3	1.039738030E+2	1.879900000E+0	1.737230000E+0	2.163862519E-6	6.714653864E-7	-6.378578221E-10	-2.531514776E-9	-6.776460643E-11	-9.070515450E-10	2.663668965E-7	4.792016028E-8	1.041205899E-9	-6.756326054E-10	-8.032131904E-11	-8.132984286E-10	-9.706911896E-7	1.241477179E-7	-2.448861558E-9	-4.043459179E-10	-8.287848186E-10	-9.800975587E-10
7.920000000E-3	1.043747592E+2	1.881500000E+0	1.728880000E+0	2.163179261E-6	6.715492873E-7	-1.231766217E-10	-1.984032272E-9	-1.341704386E-10	-4.117412800E-10	2.665213401E-7	4.781039564E-8	1.021902785E-9	-4.539852105E-10	-6.741007752E-10	-5.349543031E-10	-9.705518096E-7	1.237510361E-7	-2.725223602E-9	-1.374111241E-10	-9.692052716E-10	-9.549449009E-10
8.440000000E-3	1.047732187E+2	1.884510000E+0	1.740400000E+0	2.162522151E-6	6.716270491E-7	1.951904471E-10	-1.533155047E-9	-8.933122297E-11	6.833178468E-11	2.665815373E-7	4.781988139E-8	7.572009131E-10	-3.342262578E-10	-8.996605683E-10	-2.742048533E-10	-9.700167993E-7	1.232249929E-7	-2.796000320E-9	-6.263593116E-11	-1.098905411E-9	-9.201198137E-10
8.700000000E-3	1.052734168E+2	1.884590000E+0	1.737800000E+0	2.161793418E-6	6.718237273E-7	4.331680847E-10	-9.744282048E-10	6.538809077E-11	7.134891566E-10	2.667547676E-7	4.798406650E-8	1.553258633E-10	-2.694864887E-10	-1.011849049E-9	1.044764900E-10	-9.692639651E-7	1.227195554E-7	-2.505769148E-9	-3.129033421E-10	-1.059079935E-9	-9.135309176E-10
8.970000000E-3	1.056734261E+2	1.883490000E+0	1.739840000E+0	2.161187240E-6	6.722878538E-7	5.398858582E-10	-4.634838624E-10	3.672151194E-10	1.120731063E-9	2.669527248E-7	4.813438181E-8	-3.107335778E-10	-7.379531708E-11	-1.129925597E-9	3.616552613E-10	-9.683366215E-7	1.221493307E-7	-2.032082280E-9	-7.073049923E-10	-8.858069278E-10	-8.963073617E-10
9.420000000E-3	1.060736089E+2	1.884380000E+0	1.745800000E+0	2.160664280E-6	6.727959771E-7	6.380163064E-10	-1.655134224E-10	5.646692558E-10	1.414864781E-9	2.671922630E-7	4.829941602E-8	-6.097592986E-10	4.484534966E-11	-1.208642297E-9	4.946488774E-10	-9.672486385E-7	1.216627510E-7	-1.476232470E-9	-1.027615437E-9	-7.503299093E-10	-8.088557046E-10
1.008000000E-2	1.064748679E+2	1.884030000E+0	1.736020000E+0	2.160302301E-6	6.731883104E-7	7.903280253E-10	-2.332535033E-11	8.468947210E-10	1.708438502E-9	2.674863993E-7	4.855662183E-8	-8.781689820E-10	-2.350481138E-12	-1.276199590E-9	5.429950933E-10	-9.660510614E-7	1.211300145E-7	-9.310192617E-10	-1.110141534E-9	-5.752476828E-10	-6.792092444E-10
1.152000000E-2	1.068734745E+2	1.884820000E+0	1.746230000E+0	2.160101530E-6	6.735016882E-7	7.930228696E-10	-6.981418221E-11	1.209762734E-9	1.802833771E-9	2.678217754E-7	4.893972871E-8	-9.923486477E-10	-1.452665488E-10	-1.326520782E-9	5.503509870E-10	-9.649528465E-7	1.204459039E-7	-6.706944999E-10	-9.676308643E-10	-3.081204181E-10	-4.260309605E-10
1.322000000E-2	1.072735141E+2	1.887700000E+0	1.737070000E+0	2.160046506E-6	6.738328011E-7	5.366170841E-10	-2.581594383E-10	1.575518715E-9	1.675571570E-9	2.683419211E-7	4.952229915E-8	-8.360650505E-10	-4.120012109E-10	-1.341249667E-9	4.087056249E-10	-9.636946743E-7	1.197689272E-7	-6.483970028E-10	-6.564409571E-10	1.264436195E-10	-6.575514438E-11
1.551000000E-2	1.076750718E+2	1.887080000E+0	1.744410000E+0	2.160158147E-6	6.743378549E-7	3.366595613E-10	-4.367204376E-10	1.714589137E-9	1.547414197E-9	2.687742438E-7	5.015835214E-8	-4.788920371E-10	-4.794835085E-10	-1.392561955E-9	1.982194964E-10	-9.627611917E-7	1.195129897E-7	-6.764347416E-10	-2.555534673E-10	5.140720072E-10	1.825667117E-10
1.878000000E-2	1.082731689E+2	1.882630000E+0	1.746290000E+0	2.160331633E-6	6.750889838E-7	5.549185070E-11	-7.865935681E-10	1.572072583E-9	1.522248438E-9	2.689345990E-7	5.075951748E-8	1.570320679E-10	-2.068064747E-10	-1.385484283E-9	4.998922110E-11	-9.625243820E-7	1.197423387E-7	-8.414502983E-10	-4.170877185E-11	5.908262213E-10	2.866414051E-10
2.114000000E-2	1.086748739E+2	1.881980000E+0	1.732330000E+0	2.160473969E-6	6.752583772E-7	-6.232429156E-11	-1.062965938E-9	1.301562080E-9	1.454452114E-9	2.688590541E-7	5.096460143E-8	5.416433968E-10	-8.912377086E-11	-1.299548025E-9	-2.134729372E-11	-9.626509154E-7	1.200579902E-7	-1.019022089E-9	-2.890940785E-11	7.307068839E-10	3.382645275E-10
2.297000000E-2	1.090744435E+2	1.880000000E+0	1.741560000E+0	2.160679969E-6	6.751969295E-7	-2.165497122E-11	-1.295985430E-9	1.162098084E-9	1.245126335E-9	2.687896767E-7	5.096296007E-8	8.489343117E-10	1.044176412E-10	-1.229761626E-9	-1.225896745E-10	-9.629394526E-7	1.205797702E-7	-1.228114277E-9	-9.943183776E-11	9.990184235E-10	3.702535778E-10
2.598000000E-2	1.094740044E+2	1.877330000E+0	1.739250000E+0	2.160796839E-6	6.750461807E-7	1.520563120E-10	-1.571617947E-9	1.018129914E-9	1.181939657E-9	2.686811626E-7	5.094878830E-8	9.266767353E-10	3.882142108E-10	-1.236330705E-9	-3.998218978E-10	-9.629732176E-7	1.210429303E-7	-1.464540822E-9	-4.913543461E-10	1.217401402E-9	1.245249043E-10
2.860000000E-2	1.099748510E+2	1.874580000E+0	1.735750000E+0	2.160800477E-6	6.750245802E-7	4.779062146E-10	-1.632584845E-9	7.400985380E-10	1.264396365E-9	2.685168852E-7	5.061810526E-8	1.023801599E-9	6.432296362E-10	-1.203219191E-9	-6.499133454E-10	-9.629607121E-7	1.213149830E-7	-1.582849518E-9	-1.002192218E-9	1.148824369E-9	-3.488614952E-10
3.102000000E-2	1.103747956E+2	1.870810000E+0	1.749360000E+0	2.160721124E-6	6.750242392E-7	5.943661674E-10	-1.503789759E-9	6.913838946E-10	1.203214861E-9	2.682887725E-7	5.025294314E-8	1.079469181E-9	5.807475056E-10	-1.107647640E-9	-6.643189332E-10	-9.629367241E-7	1.214329188E-7	-1.616493495E-9	-1.341892597E-9	8.356388914E-10	-5.995658969E-10
3.324000000E-2	1.107736606E+2	1.867330000E+0	1.738150000E+0	2.160525128E-6	6.750870512E-7	7.170810057E-10	-1.168543706E-9	7.772115174E-10	9.616856200E-10	2.680143609E-7	4.990722857E-8	1.237255742E-9	3.145134986E-10	-9.512641785E-10	-6.052326418E-10	-9.629200122E-7	1.215520058E-7	-1.567969199E-9	-1.561023200E-9	1.299018532E-10	-8.208449476E-10
3.638000000E-2	1.113736002E+2	1.870170000E+0	1.743250000E+0	2.160397344E-6	6.752799777E-7	5.738838849E-10	-9.498227760E-10	1.050030729E-9	5.536998082E-10	2.678202407E-7	4.959116495E-8	1.317557175E-9	3.877233604E-12	-9.087012809E-10	-4.856213209E-10	-9.629600299E-7	1.214843906E-7	-1.424455776E-9	-1.606284661E-9	-7.315108241E-11	-5.909205902E-10
3.808000000E-2	1.117734066E+2	1.871650000E+0	1.743720000E+0	2.160422582E-6	6.754077049E-7	3.223213085E-10	-6.614082615E-10	1.391565862E-9	3.760555756E-10	2.676545421E-7	4.952219257E-8	1.167560160E-9	-2.517089592E-10	-9.931081513E-10	-2.944224586E-10	-9.628287216E-7	1.213974201E-7	-1.278003148E-9	-1.683356343E-9	3.551018160E-11	-2.038964414E-10
4.123000000E-2	1.122745919E+2	1.872570000E+0	1.740850000E+0	2.160505346E-6	6.753967341E-7	1.818766110E-10	-3.100406043E-10	1.811029105E-9	3.203880217E-10	2.674778443E-7	4.942612364E-8	9.767863185E-10	-6.864940838E-10	-1.196243993E-9	-1.436749053E-10	-9.623224742E-7	1.211748071E-7	-1.230781810E-9	-1.495377155E-9	5.455080276E-10	-4.108959006E-11
4.371000000E-2	1.127737641E+2	1.873220000E+0	1.733720000E+0	2.160598569E-6	6.753153912E-7	2.453679482E-10	4.887821051E-11	2.286055567E-9	1.329767130E-10	2.674701705E-7	4.924918429E-8	7.643257138E-10	-1.164451757E-9	-1.387146398E-9	-2.084148132E-10	-9.619968750E-7	1.209237439E-7	-1.322698062E-9	-1.193838695E-9	1.083820811E-9	-4.912502696E-11
4.574000000E-2	1.131731815E+2	1.871110000E+0	1.739870000E+0	2.160652457E-6	6.754069659E-7	2.945965416E-10	2.852968972E-10	2.488630413E-9	-1.252666165E-10	2.674969153E-7	4.915382945E-8	7.380278610E-10	-1.270663241E-9	-1.354836132E-9	-4.493825867E-10	-9.619176353E-7	1.207198892E-7	-1.446337938E-9	-1.048504172E-9	1.132180349E-9	-7.259071122E-11
4.770000000E-2	1.135737667E+2	1.869720000E+0	1.729350000E+0	2.160563781E-6	6.755451523E-7	3.318326169E-10	5.979846618E-10	2.554630285E-9	-2.255743509E-10	2.673311883E-7	4.940393694E-8	8.822702568E-10	-8.799804219E-10	-1.174605302E-9	-7.430039917E-10	-9.617448313E-7	1.204332563E-7	-1.568605801E-9	-8.989379796E-10	9.212786090E-10	2.331245752E-10
5.039000000E-2	1.142744896E+2	1.869040000E+0	1.735810000E+0	2.160114036E-6	6.758039035E-7	3.398155923E-10	7.257661139E-10	2.511480357E-9	1.335773853E-10	2.671748120E-7	4.969482603E-8	8.199710910E-10	-4.353270799E-10	-8.255003903E-10	-1.012831485E-9	-9.616495618E-7	1.200989317E-7	-1.571649366E-9	-9.265315182E-10	7.615629238E-10	6.012061959E-10
5.386000000E-2	1.147743642E+2	1.869210000E+0	1.734130000E+0	2.159879386E-6	6.759133839E-7	3.010954264E-10	7.970747395E-10	2.440053937E-9	3.818422245E-10	2.672335881E-7	4.970322820E-8	4.566758915E-10	-3.566298368E-10	-6.425889265E-10	-1.138905637E-9	-9.615703220E-7	1.199741177E-7	-1.597151855E-9	-9.172838045E-10	7.311629635E-10	8.002593588E-10
5.556000000E-2	1.151735018E+2	1.873010000E+0	1.737670000E+0	2.159568567E-6	6.759709095E-7	2.080807054E-10	9.170923465E-10	2.245424735E-9	5.690551919E-10	2.674611892E-7	4.962020483E-8	4.322795941E-11	-4.970878709E-10	-5.898089239E-10	-1.342107092E-9	-9.613878547E-7	1.201634632E-7	-1.630472091E-9	-7.474086350E-10	5.478832388E-10	8.572013654E-10
5.772000000E-2	1.155737222E+2	1.874480000E+0	1.733560000E+0	2.159144969E-6	6.760316751E-7	1.311314668E-10	9.493872355E-10	2.049551195E-9	6.480599946E-10	2.675747624E-7	4.944767085E-8	-2.747177208E-10	-6.922075135E-10	-6.594759738E-10	-1.468983379E-9	-9.613124803E-7	1.204721514E-7	-1.543313477E-9	-5.523193569E-10	2.226547419E-10	6.988294388E-10
5.981000000E-2	1.159737358E+2	1.876910000E+0	1.740820000E+0	2.158808456E-6	6.761803206E-7	2.642978336E-10	7.906044153E-10	1.703636010E-9	5.114142443E-10	2.674818234E-7	4.910877038E-8	-4.610634097E-10	-8.692431219E-10	-8.733526680E-10	-1.555405693E-9	-9.611675296E-7	1.207517641E-7	-1.290384466E-9	-5.895158250E-10	6.617374704E-11	2.529775833E-10
6.164000000E-2	1.163738088E+2	1.878290000E+0	1.741490000E+0	2.158678626E-6	6.763078204E-7	6.813362652E-10	5.243691592E-10	1.193652510E-9	3.363946621E-10	2.672139772E-7	4.880859095E-8	-4.829641687E-10	-1.061183363E-9	-1.062559929E-9	-1.541738737E-9	-9.609868812E-7	1.208179441E-7	-8.326691558E-10	-7.016775494E-10	7.558801501E-11	-2.554573220E-10
6.328000000E-2	1.167748033E+2	1.876960000E+0	1.737340000E+0	2.158779580E-6	6.761255804E-7	1.199504496E-9	3.397837567E-10	4.996036917E-10	1.717681136E-10	2.665624379E-7	4.843749579E-8	-2.991169257E-10	-1.240297864E-9	-9.850349425E-10	-1.448859366E-9	-9.612340364E-7	1.207979494E-7	1.041655824E-11	-6.891655024E-10	3.527371450E-10	-9.213377838E-10
6.570000000E-2	1.173730489E+2	1.872640000E+0	1.740420000E+0	2.159026735E-6	6.752862873E-7	1.667103566E-9	3.853091457E-10	-7.916635403E-11	4.400072667E-11	2.659928668E-7	4.826568656E-8	-1.552985865E-11	-1.113895753E-9	-7.748172104E-10	-1.288211648E-9	-9.616242096E-7	1.209698723E-7	4.546373278E-10	-5.775765421E-10	5.199443098E-10	-1.187129173E-9
6.858000000E-2	1.177741598E+2	1.871450000E+0	1.734220000E+0	2.159245469E-6	6.745536325E-7	1.823858287E-9	3.853023456E-10	-3.556508699E-10	-6.066925434E-11	2.655810363E-7	4.824148192E-8	1.717571918E-10	-9.462188810E-10	-6.967666444E-10	-1.221885038E-9	-9.621807067E-7	1.213113308E-7	8.080655034E-10	-3.349570066E-10	7.688174541E-10	-1.289583995E-9
7.074000000E-2	1.181731560E+2	1.866710000E+0	1.737110000E+0	2.159681799E-6	6.738860065E-7	1.838927899E-9	3.015363237E-10	-4.294745393E-10	-2.104046659E-10	2.652545277E-7	4.823261790E-8	3.448120955E-10	-6.633618099E-10	-6.053799684E-10	-1.130286198E-9	-9.630472277E-7	1.216841525E-7	1.135352923E-9	-9.517187385E-12	1.075568523E-9	-1.442581277E-9
7.264000000E-2	1.185734249E+2	1.867310000E+0	1.741270000E+0	2.160317081E-6	6.730883229E-7	1.782484826E-9	2.694110768E-10	-3.351010303E-10	-3.740451837E-10	2.652669480E-7	4.830435429E-8	3.965198170E-10	-5.662308955E-10	-4.347866511E-10	-9.563900782E-10	-9.639271639E-7	1.218239305E-7	1.153284579E-9	1.474039640E-10	1.260431315E-9	-1.714584030E-9
7.486000000E-2	1.189733460E+2	1.868540000E+0	1.731790000E+0	2.160992608E-6	6.724628747E-7	1.714588471E-9	1.527433319E-10	-2.483340755E-10	-4.751836702E-10	2.653926288E-7	4.836542900E-8	3.023581940E-10	-6.201357761E-10	-4.565724535E-11	-6.775955908E-10	-9.651495247E-7	1.220053178E-7	9.189424222E-10	3.855190889E-10	1.314651055E-9	-1.908619485E-9
7.709000000E-2	1.194733885E+2	1.870660000E+0	1.737340000E+0	2.161546035E-6	6.722136163E-7	1.530709226E-9	-4.085065272E-11	-1.104640060E-10	-5.044769047E-10	2.655407343E-7	4.867612091E-8	1.537708710E-10	-8.542351826E-10	3.215981093E-10	-3.198442899E-10	-9.666185861E-7	1.224864832E-7	6.234653904E-10	7.620800657E-10	1.150130102E-9	-1.957429996E-9
7.938000000E-2	1.198736992E+2	1.874840000E+0	1.735100000E+0	2.161730208E-6	6.722145827E-7	1.340800693E-9	-9.674405027E-11	-4.576585638E-11	-4.292403100E-10	2.655973503E-7	4.899926864E-8	2.281702327E-10	-1.155942009E-9	5.843339701E-10	-6.110661976E-11	-9.679856703E-7	1.230193902E-7	3.814047689E-10	1.003701122E-9	9.192802630E-10	-1.830112950E-9
8.154000000E-2	1.203739543E+2	1.879020000E+0	1.734370000E+0	2.161739303E-6	6.722015087E-7	1.291492691E-9	-1.725453530E-10	1.092858096E-10	-3.761696510E-10	2.655617663E-7	4.932260822E-8	5.624513077E-10	-1.681195849E-9	6.556623577E-10	2.582612457E-10	-9.691082141E-7	1.233295421E-7	1.652413206E-10	9.571740067E-10	8.026379006E-10	-1.623101986E-9
8.239000000E-2	1.207732495E+2	1.881300000E+0	1.747370000E+0	2.161700650E-6	6.720605370E-7	1.433653085E-9	-1.619409884E-10	2.722316261E-10	-3.647718239E-10	2.654402351E-7	4.955568400E-8	9.645464427E-10	-2.073002436E-9	6.982590062E-10	4.831012257E-10	-9.702648640E-7	1.235816001E-7	-9.362484399E-11	6.576807432E-10	5.463680619E-10	-1.221090118E-9
8.284000000E-2	1.211733354E+2	1.881450000E+0	1.740930000E+0	2.161656312E-6	6.720816827E-7	1.675507177E-9	1.038530581E-10	3.757314460E-10	-2.388476084E-10	2.653129911E-7	4.963595046E-8	1.179749187E-9	-2.242395381E-9	7.452150563E-10	7.333614826E-10	-9.714107137E-7	1.236458473E-7	-3.860019804E-10	2.438102220E-10	3.527869663E-10	-8.237003302E-10
8.271000000E-2	1.216738026E+2	1.880400000E+0	1.734310000E+0	2.161694056E-6	6.722565331E-7	1.918110115E-9	3.974068574E-10	4.536086506E-10	9.036998233E-11	2.652583362E-7	4.958909372E-8	1.465726873E-9	-2.504675578E-9	7.495726262E-10	7.248801559E-10	-9.721876495E-7	1.237730629E-7	-4.784562746E-10	-2.053615741E-12	6.005806963E-10	-3.931160952E-10
8.180000000E-2	1.220735468E+2	1.879380000E+0	1.740520000E+0	2.161665861E-6	6.724469017E-7	1.998730959E-9	4.386205288E-10	4.566575729E-10	3.670340143E-10	2.653588638E-7	4.949407995E-8	1.684585471E-9	-2.670647259E-9	6.456843393E-10	5.562714178E-10	-9.723316907E-7	1.238911978E-7	-4.057339742E-10	1.099668273E-10	1.054244359E-9	-2.286100753E-10
7.990000000E-2	1.224738111E+2	1.879180000E+0	1.731750000E+0	2.161561952E-6	6.726103265E-7	1.933120553E-9	3.529742887E-10	5.060106778E-10	5.356641797E-10	2.655756077E-7	4.930216235E-8	1.753493573E-9	-2.749859007E-9	5.888429189E-10	3.393486880E-10	-9.721926517E-7	1.238521463E-7	-3.101265356E-10	5.181104990E-10	1.327013166E-9	-1.723493570E-10
7.715000000E-2	1.229732239E+2	1.876330000E+0	1.737370000E+0	2.161204066E-6	6.730530799E-7	1.870169131E-9	3.052036679E-10	4.062602477E-10	6.322906088E-10	2.656929325E-7	4.896571681E-8	1.345284773E-9	-2.719942049E-9	6.104274863E-10	1.772446495E-10	-9.716150089E-7	1.236679452E-7	-5.375019874E-12	7.253703749E-10	1.322794874E-9	-1.155446849E-10
7.414000000E-2	1.234740308E+2	1.876010000E+0	1.737750000E+0	2.160848680E-6	6.734354656E-7	1.894277180E-9	2.948363775E-10	2.579620684E-10	8.065902946E-10	2.656022104E-7	4.841816903E-8	7.238666888E-10	-2.879712691E-9	9.095781905E-10	1.517521248E-10	-9.711284292E-7	1.233910325E-7	4.049187652E-10	5.754738908E-10	1.514341208E-9	4.256667588E-11
7.067000000E-2	1.239736163E+2	1.875760000E+0	1.733600000E+0	2.160387567E-6	6.738975458E-7	1.898585955E-9	4.047736590E-10	2.797916898E-10	9.713320148E-10	2.653471256E-7	4.788405405E-8	3.108190927E-10	-2.902962759E-9	1.278088302E-9	1.871215960E-10	-9.705261164E-7	1.231332334E-7	4.835302159E-10	5.506132217E-10	1.774993153E-9	7.756095072E-11
6.858000000E-2	1.243743102E+2	1.877770000E+0	1.740930000E+0	2.159907126E-6	6.745751193E-7	1.807265337E-9	4.853770164E-10	3.261272363E-10	1.037379294E-9	2.651723605E-7	4.739379733E-8	-2.453695754E-11	-2.636833640E-9	1.494440349E-9	2.142170469E-10	-9.699205066E-7	1.230319384E-7	5.450082052E-10	7.125226520E-10	1.950353878E-9	4.072394548E-13
6.557000000E-2	1.247737539E+2	1.876590000E+0	1.744800000E+0	2.159541964E-6	6.752417789E-7	1.587411202E-9	3.519433633E-10	3.415695227E-10	1.038193309E-9	2.652218143E-7	4.713169233E-8	-2.778499098E-10	-2.060087212E-9	1.608091993E-9	3.325350550E-10	-9.691208334E-7	1.227924287E-7	6.448148127E-10	1.017064544E-9	2.343206518E-9	-1.546476558E-10
6.269000000E-2	1.252737061E+2	1.876550000E+0	1.731500000E+0	2.159275255E-6	6.758170343E-7	1.529012694E-9	4.554465832E-11	4.312980251E-10	9.463344552E-10	2.653553111E-7	4.739467130E-8	-4.461011560E-10	-1.252480231E-9	1.526998306E-9	6.002490727E-10	-9.683967619E-7	1.226534607E-7	6.719045320E-10	1.343125500E-9	2.806943789E-9	-3.592582343E-10
5.935000000E-2	1.257740313E+2	1.876120000E+0	1.739480000E+0	2.159164751E-6	6.763917781E-7	1.485163326E-9	-2.938783938E-10	5.280679227E-10	8.929865181E-10	2.652527655E-7	4.789427521E-8	-5.962301763E-10	-6.976182410E-10	1.244409464E-9	5.967968897E-10	-9.677617072E-7	1.225893982E-7	6.541612252E-10	1.526679560E-9	2.960764300E-9	-6.191696600E-10
5.667000000E-2	1.262737838E+2	1.879660000E+0	1.741850000E+0	2.159271617E-6	6.767087370E-7	1.467718391E-9	-5.010613591E-10	5.848934115E-10	9.409448776E-10	2.651103443E-7	4.858164715E-8	-6.027717769E-10	-1.769453473E-10	8.883827563E-10	4.714514334E-10	-9.671797443E-7	1.223920663E-7	7.039604455E-10	1.637909364E-9	2.761747719E-9	-9.555908287E-10
5.471000000E-2	1.266738204E+2	1.878570000E+0	1.729990000E+0	2.159518317E-6	6.766480283E-7	1.414834361E-9	-5.303035233E-10	6.072858327E-10	9.713898574E-10	2.651814270E-7	4.910102902E-8	-3.555076789E-10	7.622626835E-11	5.054503482E-10	4.084233785E-10	-9.665724292E-7	1.220914214E-7	7.843339867E-10	1.614707701E-9	2.415598832E-9	-1.295988650E-9
5.215000000E-2	1.270750418E+2	1.875050000E+0	1.739880000E+0	2.159767519E-6	6.764226441E-7	1.044902942E-9	-5.094196176E-10	6.733185676E-10	9.190392336E-10	2.652770092E-7	4.952635635E-8	-1.872747235E-10	-8.088435477E-11	-9.061201442E-12	3.543449423E-10	-9.658807585E-7	1.218306522E-7	6.648202544E-10	1.356872281E-9	2.062571003E-9	-1.647864622E-9
4.954000000E-2	1.275730942E+2	1.870460000E+0	1.736350000E+0	2.160067425E-6	6.761575264E-7	6.443475753E-10	-5.692393224E-10	6.100089323E-10	1.101670755E-9	2.652509750E-7	4.969982115E-8	-1.024849580E-10	-2.115427972E-10	-3.375173752E-10	2.956100642E-10	-9.652610515E-7	1.216224348E-7	4.397761322E-10	9.544713908E-10	1.854254528E-9	-1.912239478E-9
4.698000000E-2	1.280735402E+2	1.871190000E+0	1.733600000E+0	2.160295026E-6	6.758785958E-7	3.972523144E-10	-6.727911006E-10	4.306849877E-10	1.419118934E-9	2.654064701E-7	4.980400803E-8	5.253269694E-11	-9.198734135E-11	-4.997251501E-10	1.473235561E-10	-9.646720400E-7	1.218016337E-7	3.690304173E-10	6.384368034E-10	1.506749503E-9	-1.943823547E-9
4.437000000E-2	1.285773460E+2	1.867060000E+0	1.732700000E+0	2.160415079E-6	6.757584288E-7	2.639422569E-10	-5.839778105E-10	4.346789317E-10	1.442561404E-9	2.655650633E-7	4.970952716E-8	2.073780869E-10	2.631082852E-10	-5.478962839E-10	7.137668234E-11	-9.639978771E-7	1.223231578E-7	2.659453213E-10	3.993959885E-10	1.063909627E-9	-1.768834967E-9
4.234000000E-2	1.289736657E+2	1.867470000E+0	1.734050000E+0	2.160639269E-6	6.757060760E-7	1.174128017E-10	-5.168531159E-10	3.293306738E-10	1.209225053E-9	2.655515061E-7	4.954049970E-8	2.306992097E-10	5.907727085E-10	-5.538501879E-10	-8.117408135E-11	-9.632533420E-7	1.227085278E-7	3.093389433E-10	2.649713227E-10	4.092851058E-10	-1.594867460E-9
3.966000000E-2	1.294823893E+2	1.869910000E+0	1.721850000E+0	2.160773420E-6	6.758440350E-7	5.703543193E-11	-6.877717840E-10	5.201717876E-11	9.449601102E-10	2.655437470E-7	4.940463327E-8	2.375176999E-10	8.251492267E-10	-3.857023312E-10	-2.697711221E-10	-9.625548500E-7	1.230085047E-7	7.058056362E-10	2.616417638E-10	-5.754871024E-10	-1.468677291E-9
3.730000000E-2	1.299737732E+2	1.875860000E+0	1.729550000E+0	2.160605845E-6	6.761927693E-7	2.349526684E-10	-8.761988357E-10	-1.767093139E-10	8.215882419E-10	2.655939681E-7	4.928165964E-8	4.876066773E-10	7.456690820E-10	-1.103175398E-10	-1.936387717E-10	-9.619993762E-7	1.231968412E-7	1.364767188E-9	4.219295191E-10	-1.603833733E-9	-1.272715156E-9
3.481000000E-2	1.304740988E+2	1.879740000E+0	1.735350000E+0	2.160246140E-6	6.765974376E-7	5.080730281E-10	-1.135637917E-9	-3.592464382E-10	5.689785865E-10	2.658003382E-7	4.902844353E-8	9.258302458E-10	6.260048035E-10	2.235748531E-10	2.946331373E-11	-9.615586123E-7	1.232362621E-7	2.105232433E-9	6.110012496E-10	-2.109752595E-9	-1.100779579E-9
3.259000000E-2	1.309737711E+2	1.882350000E+0	1.734080000E+0	2.160144049E-6	6.767528475E-7	4.789157404E-10	-1.351626810E-9	-2.070964095E-10	4.256085762E-10	2.659004679E-7	4.884194027E-8	1.296480257E-9	5.695934280E-10	7.660791446E-10	4.803327180E-10	-9.610481584E-7	1.230977205E-7	2.565899493E-9	7.968910531E-10	-2.259025411E-9	-8.077403746E-10
3.076000000E-2	1.313735641E+2	1.883020000E+0	1.732500000E+0	2.160234771E-6	6.768103731E-7	4.067657600E-10	-1.636275560E-9	-1.949085754E-10	4.526519160E-10	2.659129166E-7	4.870222625E-8	1.413946071E-9	5.281309834E-10	1.163772634E-9	1.010483031E-9	-9.606316098E-7	1.228013104E-7	2.792271081E-9	9.639770093E-10	-2.428865109E-9	-5.506447520E-10
2.847000000E-2	1.317738877E+2	1.886410000E+0	1.736240000E+0	2.160426675E-6	6.768157164E-7	3.547818705E-10	-1.792351378E-9	-3.965419937E-10	5.121359448E-10	2.659052711E-7	4.861993830E-8	1.418481665E-9	4.142720333E-10	1.217666745E-9	1.545204520E-9	-9.600131534E-7	1.224127288E-7	2.848720815E-9	8.989533007E-10	-2.539541244E-9	1.054540916E-11
2.526000000E-2	1.323733652E+2	1.886960000E+0	1.735780000E+0	2.160499889E-6	6.767299396E-7	3.145762539E-10	-1.913165626E-9	-6.503380057E-10	5.069855091E-10	2.661120675E-7	4.857603742E-8	1.312579712E-9	1.137106242E-10	1.157928753E-9	2.040106084E-9	-9.595637493E-7	1.222722830E-7	2.637332352E-9	7.336011243E-10	-2.469938476E-9	7.635265753E-10
2.290000000E-2	1.328745351E+2	1.888090000E+0	1.734550000E+0	2.160451686E-6	6.767126024E-7	6.396056601E-11	-1.906694580E-9	-8.420593112E-10	2.377325836E-10	2.663804537E-7	4.884405058E-8	1.088268475E-9	-2.263727816E-10	1.082777534E-9	2.259773035E-9	-9.594216408E-7	1.223788928E-7	2.300317714E-9	5.918831536E-10	-2.224492590E-9	1.693272078E-9
2.081000000E-2	1.332748277E+2	1.887410000E+0	1.743030000E+0	2.160100394E-6	6.767735385E-7	-4.205548965E-10	-1.927145110E-9	-1.029407004E-9	-3.469679752E-11	2.664225463E-7	4.923300167E-8	4.636913631E-10	-5.208240505E-10	1.069320965E-9	2.212146244E-9	-9.596161590E-7	1.224904338E-7	1.904362890E-9	6.889773752E-10	-1.888032397E-9	2.256348441E-9
1.872000000E-2	1.337751080E+2	1.886440000E+0	1.736590000E+0	2.159469204E-6	6.767279501E-7	-9.361015296E-10	-1.983272657E-9	-1.213753209E-9	-3.143043048E-10	2.663362579E-7	4.953136212E-8	-1.527357824E-10	-8.724072020E-10	1.076154610E-9	1.993311294E-9	-9.600294106E-7	1.225424740E-7	1.367758240E-9	7.222252241E-10	-1.485792600E-9	2.188733417E-9
1.649000000E-2	1.341732620E+2	1.883470000E+0	1.737020000E+0	2.158792768E-6	6.765561125E-7	-1.300489938E-9	-1.905484881E-9	-1.242608461E-9	-5.413970383E-10	2.662541192E-7	4.953223609E-8	-4.492614336E-10	-1.168591668E-9	1.135898153E-9	1.716002229E-9	-9.607405218E-7	1.225331516E-7	7.913714128E-10	5.484578902E-10	-1.217360213E-9	1.706117248E-9
1.387000000E-2	1.346737770E+2	1.881510000E+0	1.743920000E+0	2.158093139E-6	6.761155191E-7	-1.335534683E-9	-1.740569355E-9	-1.077779199E-9	-9.203063867E-10	2.662816314E-7	4.930987529E-8	-3.968376183E-10	-1.714475561E-9	1.229612967E-9	1.181978959E-9	-9.628562338E-7	1.228327875E-7	-1.340833416E-10	2.163727010E-11	-8.434022369E-10	8.904333937E-10
1.119000000E-2	1.352739006E+2	1.880980000E+0	1.742820000E+0	2.157788231E-6	6.751063211E-7	-8.546318098E-10	-1.671325300E-9	-1.142006822E-9	-1.246112658E-9	2.663754230E-7	4.874745230E-8	7.904731730E-11	-1.994073795E-9	1.314699571E-9	9.582109550E-10	-9.642315035E-7	1.226794666E-7	-5.803220682E-10	-3.051174313E-10	-6.240047368E-10	5.901771294E-10
9.100000000E-3	1.356749734E+2	1.878770000E+0	1.736410000E+0	2.157793688E-6	6.742176879E-7	-4.993012670E-10	-1.528360327E-9	-1.266101668E-9	-1.363395508E-9	2.664652925E-7	4.839803580E-8	4.301687340E-10	-2.176744784E-9	1.281555417E-9	7.157437976E-10	-9.653246025E-7	1.223202020E-7	-8.329061329E-10	-5.169648043E-10	-3.424586448E-10	4.864370018E-10
7.790000000E-3	1.360737381E+2	1.875990000E+0	1.739650000E+0	2.157893960E-6	6.731315807E-7	-2.413500233E-10	-1.387475135E-9	-1.199165323E-9	-1.372430947E-9	2.665123873E-7	4.828743627E-8	7.949007008E-10	-2.338915728E-9	1.154960683E-9	3.108488467E-10	-9.670195595E-7	1.218716506E-7	-8.023820497E-10	-5.653702506E-10	1.110010764E-10	5.062005259E-10
7.260000000E-3	1.364745235E+2	1.875710000E+0	1.734800000E+0	2.158030611E-6	6.725381923E-7	-2.252341924E-10	-1.420093043E-9	-9.272025925E-10	-1.205878841E-9	2.664584144E-7	4.848869395E-8	9.582317162E-10	-2.662777998E-9	1.096676083E-9	-3.508184021E-11	-9.682015616E-7	1.216510697E-7	-4.895990280E-10	-6.392488205E-10	5.355162425E-10	6.084700521E-10
7.000000000E-3	1.368751021E+2	1.875200000E+0	1.739080000E+0	2.158393045E-6	6.719429848E-7	-4.048599511E-10	-1.579478659E-9	-5.427273630E-10	-9.088846342E-10	2.663227860E-7	4.869783155E-8	1.053516385E-9	-3.065119714E-9	1.115505577E-9	-3.330516141E-10	-9.693616221E-7	1.216788945E-7	-1.882535967E-11	-7.022639692E-10	1.009017980E-9	7.867786978E-10
7.200000000E-3	1.372747783E+2	1.879480000E+0	1.737950000E+0	2.158967845E-6	6.714552683E-7	-6.697369881E-10	-1.853536213E-9	-1.879820258E-11	-4.298894019E-10	2.660689518E-7	4.895955996E-8	1.161501007E-9	-3.458256348E-9	1.160995855E-9	-6.599779612E-10	-9.700697774E-7	1.217960346E-7	4.589615077E-10	-7.907915434E-10	1.385118797E-9	9.339418128E-10
7.460000000E-3	1.376737803E+2	1.881600000E+0	1.735390000E+0	2.159438509E-6	6.711161973E-7	-9.304776394E-10	-2.224961326E-9	4.381013330E-10	2.870913784E-10	2.657237417E-7	4.936946851E-8	1.307255970E-9	-3.961939221E-9	1.117541837E-9	-9.077293917E-10	-9.703836667E-7	1.221874299E-7	9.277756341E-10	-1.109175085E-9	1.860779419E-9	1.103431457E-9
7.920000000E-3	1.382744621E+2	1.877790000E+0	1.735320000E+0	2.159836640E-6	6.710838534E-7	-1.189658372E-9	-2.451094661E-9	5.848566076E-10	1.096722935E-9	2.656721847E-7	4.958369360E-8	1.240572978E-9	-4.285491961E-9	1.078714451E-9	-9.218140140E-10	-9.703693422E-7	1.223816781E-7	8.787310324E-10	-1.365583202E-9	1.884982614E-9	9.904198572E-10
8.250000000E-3	1.386733134E+2	1.877850000E+0	1.732840000E+0	2.160030135E-6	6.713798939E-7	-1.330405008E-9	-2.473512062E-9	4.470984694E-10	1.494475765E-9	2.658522078E-7	4.965937350E-8	7.902599686E-10	-4.391956576E-9	1.126069904E-9	-8.766801174E-10	-9.702367834E-7	1.224900075E-7	7.830310289E-10	-1.562793450E-9	1.842327846E-9	8.029956700E-10
8.570000000E-3	1.390733250E+2	1.882890000E+0	1.728260000E+0	2.160278427E-6	6.719375847E-7	-1.531265781E-9	-2.461041149E-9	1.042587891E-10	1.681885742E-9	2.660716802E-7	4.964240219E-8	1.650251325E-10	-4.110003005E-9	1.184582765E-9	-9.475433771E-10	-9.698651411E-7	1.225978394E-7	7.917391742E-10	-1.747898382E-9	1.638357228E-9	6.229554095E-10
8.900000000E-3	1.394741448E+2	1.886690000E+0	1.736030000E+0	2.160371423E-6	6.725209118E-7	-1.794804749E-9	-2.359193285E-9	-2.244122527E-10	1.691966678E-9	2.660950429E-7	4.964665479E-8	-5.444341089E-10	-3.283788352E-9	1.285967222E-9	-1.248662396E-9	-9.692230378E-7	1.227127484E-7	8.643286642E-10	-1.849734588E-9	1.276514894E-9	2.430443347E-10
9.290000000E-3	1.398732854E+2	1.890600000E+0	1.728340000E+0	2.160365966E-6	6.730150517E-7	-1.981926623E-9	-2.203977001E-9	-4.181376634E-10	1.501378133E-9	2.659870688E-7	4.967083456E-8	-1.027372298E-9	-2.276802524E-9	1.493680957E-9	-1.495127799E-9	-9.684373481E-7	1.228090838E-7	8.849341260E-10	-1.883499134E-9	1.045278752E-9	-1.192223681E-10
9.360000000E-3	1.402737553E+2	1.892180000E+0	1.735870000E+0	2.160232043E-6	6.735654097E-7	-2.117040099E-9	-2.008424094E-9	-5.053972241E-10	1.108019676E-9	2.657375262E-7	4.983736801E-8	-1.357334911E-9	-1.064701549E-9	1.565883978E-9	-1.677998185E-9	-9.674761259E-7	1.228962105E-7	8.806642637E-10	-1.763359014E-9	6.882478476E-10	-4.748528237E-10
9.550000000E-3	1.406738606E+2	1.893510000E+0	1.735690000E+0	2.160024678E-6	6.742516234E-7	-2.288084611E-9	-1.607759814E-9	-4.612114579E-10	5.697645134E-10	2.652527655E-7	5.003422743E-8	-1.468216659E-9	4.393305164E-10	1.579619768E-9	-1.714173803E-9	-9.654894484E-7	1.231320539E-7	7.874360053E-10	-1.346880607E-9	1.057092677E-10	-1.307800424E-9
9.750000000E-3	1.413747526E+2	1.897140000E+0	1.733890000E+0	2.159784572E-6	6.750893249E-7	-2.415326827E-9	-1.003753303E-9	-2.943963684E-10	2.142481054E-10	2.649279338E-7	4.990713620E-8	-1.397984395E-9	1.341201372E-9	1.523389637E-9	-1.442153508E-9	-9.645706314E-7	1.231148730E-7	5.165066708E-10	-1.018311435E-9	-2.751349981E-10	-1.960010820E-9
1.001000000E-2	1.418736360E+2	1.890450000E+0	1.735220000E+0	2.159450560E-6	6.757378515E-7	-2.364746843E-9	-5.548893012E-10	1.615898561E-11	2.205107208E-10	2.650252782E-7	4.970173251E-8	-1.178259934E-9	1.855078979E-9	1.441416653E-9	-1.265688110E-9	-9.641013321E-7	1.231708211E-7	1.666177196E-10	-8.397917361E-10	-7.139870917E-10	-2.502503316E-9
1.080000000E-2	1.422736596E+2	1.887070000E+0	1.737980000E+0	2.159103587E-6	6.763797842E-7	-2.191574699E-9	-1.912056763E-10	3.047056496E-10	5.534465664E-10	2.654209084E-7	4.970932110E-8	-8.607340951E-10	2.148975442E-9	1.470328637E-9	-8.612390801E-10	-9.638361007E-7	1.232267550E-7	-2.889451178E-10	-8.765289605E-10	-9.892006103E-10	-2.601816762E-9
1.250000000E-2	1.426737980E+2	1.880390000E+0	1.736720000E+0	2.158800726E-6	6.769559491E-7	-2.072194860E-9	-3.789083977E-11	6.131804509E-10	9.899865372E-10	2.659907352E-7	4.995130709E-8	-2.087548051E-10	2.212504624E-9	1.559397167E-9	-3.124346615E-10	-9.636795539E-7	1.233223230E-7	-7.303825877E-10	-9.929296274E-10	-1.140891603E-9	-2.365563967E-9
1.400000000E-2	1.430734232E+2	1.878110000E+0	1.737630000E+0	2.158564712E-6	6.772963275E-7	-1.882005662E-9	3.914524954E-11	8.699180265E-10	1.210162970E-9	2.663149985E-7	5.006367232E-8	2.796075038E-10	2.072785943E-9	1.537507011E-9	7.918739969E-11	-9.635616607E-7	1.234820672E-7	-1.041411957E-9	-1.142301476E-9	-1.234456537E-9	-1.921152570E-9
1.597000000E-2	1.434750014E+2	1.880420000E+0	1.735850000E+0	2.158547204E-6	6.773446444E-7	-1.657059823E-9	1.190353371E-10	1.104286773E-9	1.418888784E-9	2.665961176E-7	5.016498505E-8	5.606990427E-10	1.870704036E-9	1.337192024E-9	5.448667073E-10	-9.635824654E-7	1.235884071E-7	-1.398492988E-9	-1.254469639E-9	-1.428257179E-9	-1.456073706E-9
1.845000000E-2	1.438786603E+2	1.881750000E+0	1.735880000E+0	2.158542884E-6	6.773806831E-7	-1.427743368E-9	1.678052974E-10	1.269250593E-9	1.707528341E-9	2.669524974E-7	5.020172367E-8	7.675508562E-10	1.575286901E-9	1.028507723E-9	9.862897166E-10	-9.640257303E-7	1.234527076E-7	-1.805103400E-9	-1.074837441E-9	-1.602162070E-9	-9.735021678E-10
2.127000000E-2	1.443731153E+2	1.879620000E+0	1.739130000E+0	2.158564485E-6	6.776158443E-7	-1.054143217E-9	2.160320672E-10	1.397255200E-9	2.091253393E-9	2.670633990E-7	5.000595848E-8	7.738433227E-10	1.100718738E-9	8.995034162E-10	1.318853582E-9	-9.647012575E-7	1.232998557E-7	-1.920242188E-9	-9.375522580E-10	-1.450050191E-9	-7.577722894E-10
2.375000000E-2	1.447735060E+2	1.882220000E+0	1.741280000E+0	2.158941925E-6	6.778822126E-7	-6.892371118E-10	9.938937173E-11	1.385389470E-9	2.297999790E-9	2.669985975E-7	4.981676227E-8	4.881647864E-10	8.148542952E-10	7.192099139E-10	1.382231218E-9	-9.653933830E-7	1.231228453E-7	-1.856425125E-9	-9.191666317E-10	-1.239129910E-9	-5.320608953E-10
2.591000000E-2	1.451732113E+2	1.881690000E+0	1.743280000E+0	2.159473979E-6	6.780883268E-7	-2.149488504E-10	-2.088982043E-10	1.365471181E-9	2.350153849E-9	2.667087529E-7	4.973037093E-8	-2.057303356E-10	5.659517854E-10	3.933680604E-10	1.194000010E-9	-9.665120615E-7	1.228506790E-7	-1.622181500E-9	-8.206676450E-10	-8.537355267E-10	-2.237484087E-10
2.840000000E-2	1.455735720E+2	1.878880000E+0	1.740690000E+0	2.159810720E-6	6.781190223E-7	1.059650145E-10	-4.720587810E-10	1.257595361E-9	2.232512841E-9	2.664044700E-7	4.970167211E-8	-6.146289033E-10	5.361443511E-10	2.220467976E-10	1.062608668E-9	-9.671856560E-7	1.227200812E-7	-1.318561260E-9	-6.486438053E-10	-5.546172410E-10	3.567030005E-11
3.076000000E-2	1.459731999E+2	1.877640000E+0	1.738520000E+0	2.160026270E-6	6.779891919E-7	3.466751330E-10	-6.810836895E-10	1.114576098E-9	2.086887108E-9	2.661409155E-7	4.961388811E-8	-7.394626023E-10	6.932353025E-10	1.662423810E-10	9.299676029E-10	-9.676335821E-7	1.226623994E-7	-1.029111796E-9	-3.367282841E-10	-3.044627328E-10	1.625071883E-10
3.298000000E-2	1.463744491E+2	1.877170000E+0	1.742270000E+0	2.159993528E-6	6.778100214E-7	5.823437843E-10	-7.980031080E-10	8.930459150E-10	1.995581700E-9	2.658674418E-7	4.947351329E-8	-4.917495300E-10	9.895996245E-10	2.052958636E-10	7.382733314E-10	-9.677414710E-7	1.227532920E-7	-8.008899099E-10	1.238726482E-10	-1.419275253E-10	1.268776889E-10
3.488000000E-2	1.467748596E+2	1.873010000E+0	1.736250000E+0	2.159728410E-6	6.777177646E-7	8.455111056E-10	-7.943337099E-10	4.552737631E-10	1.963711638E-9	2.657583593E-7	4.948929444E-8	-3.492770517E-10	9.348032348E-10	2.333858384E-10	4.614187088E-10	-9.674533885E-7	1.228563207E-7	-5.462652553E-10	6.049384882E-10	-1.041819339E-10	-8.169710047E-11
3.841000000E-2	1.473738160E+2	1.871150000E+0	1.742100000E+0	2.159532187E-6	6.777226531E-7	1.169286557E-9	-4.909475604E-10	-3.377088054E-10	2.024134638E-9	2.657613152E-7	4.946909016E-8	-3.161421402E-10	5.030512118E-10	2.622029260E-10	1.737618521E-10	-9.667817267E-7	1.228898014E-7	-1.966429519E-10	9.350656915E-10	-1.688768292E-10	-2.830433388E-10
4.103000000E-2	1.478750790E+2	1.868640000E+0	1.745100000E+0	2.159516271E-6	6.777764838E-7	1.119979443E-9	-6.040130895E-11	-1.137934191E-9	2.092076068E-9	2.659483016E-7	4.924010710E-8	-1.963023632E-10	-1.200354260E-10	2.544837674E-10	-2.107699779E-11	-9.659371472E-7	1.228549138E-7	1.195024774E-10	9.520370048E-10	-1.843130509E-10	-2.736689764E-10
4.286000000E-2	1.482740209E+2	1.864700000E+0	1.735950000E+0	2.159520363E-6	6.778658985E-7	9.241903354E-10	1.787109072E-10	-1.444313669E-9	2.023980539E-9	2.661117548E-7	4.894242878E-8	-1.174033787E-10	-8.045442090E-10	2.578037506E-10	-3.065797893E-10	-9.652089830E-7	1.225874371E-7	3.233014967E-10	7.666115520E-10	-1.139225173E-10	-1.602823568E-10
4.489000000E-2	1.486764655E+2	1.867510000E+0	1.744790000E+0	2.159552878E-6	6.778262218E-7	6.632500660E-10	2.849475378E-10	-1.565450214E-9	1.766568114E-9	2.664503427E-7	4.872984860E-8	-2.681097566E-10	-1.256384330E-9	2.221999251E-10	-4.564873202E-10	-9.646556691E-7	1.222594363E-7	3.926391989E-10	4.610279936E-10	-4.398609081E-12	1.830908862E-11
4.751000000E-2	1.491733289E+2	1.871360000E+0	1.743420000E+0	2.159681799E-6	6.776043619E-7	4.819313837E-10	2.857185322E-10	-1.518681847E-9	1.488595580E-9	2.670792014E-7	4.854494762E-8	-5.987401686E-10	-1.424832585E-9	1.314817838E-10	-5.528314473E-10	-9.637483345E-7	1.218289469E-7	3.006691285E-10	2.198423665E-10	3.030295459E-10	3.056828402E-10
4.934000000E-2	1.495738419E+2	1.870440000E+0	1.734890000E+0	2.159909627E-6	6.771947483E-7	3.964069350E-10	1.998144150E-10	-1.463924426E-9	1.252078663E-9	2.677291207E-7	4.833053069E-8	-8.584670752E-10	-1.564224195E-9	2.362641749E-10	-6.097941041E-10	-9.626371593E-7	1.213760044E-7	1.077035891E-10	8.694851089E-11	7.172510918E-10	4.446036872E-10
5.215000000E-2	1.500734730E+2	1.869720000E+0	1.741120000E+0	2.160073564E-6	6.768476624E-7	3.497089840E-10	9.354009234E-11	-1.318147147E-9	9.774977494E-10	2.683317462E-7	4.814085130E-8	-1.010562412E-9	-1.731581545E-9	4.805666420E-10	-5.200156972E-10	-9.616196621E-7	1.212241472E-7	-2.583498693E-11	1.721204429E-10	1.175072040E-9	4.527083708E-10
5.412000000E-2	1.504738265E+2	1.869700000E+0	1.737410000E+0	2.160182930E-6	6.765876606E-7	4.032775780E-10	1.712408687E-10	-1.188994347E-9	7.912482336E-10	2.685808056E-7	4.806391374E-8	-9.459946160E-10	-1.862745513E-9	6.985542700E-10	-4.553060706E-10	-9.609575500E-7	1.212822127E-7	2.349474608E-11	3.366908974E-10	1.723122090E-9	3.694240469E-10
5.667000000E-2	1.509732545E+2	1.871290000E+0	1.733020000E+0	2.160160648E-6	6.763637543E-7	6.593516844E-10	3.275330562E-10	-1.114568437E-9	7.956044712E-10	2.689038752E-7	4.813813348E-8	-5.675040993E-10	-1.955470008E-9	9.019258673E-10	-5.664146374E-10	-9.607242646E-7	1.214515777E-7	1.376924685E-10	3.014155869E-10	2.147370726E-9	2.103124619E-10
5.844000000E-2	1.513749942E+2	1.874560000E+0	1.741370000E+0	2.160118811E-6	6.762165299E-7	9.853106109E-10	4.096774864E-10	-9.425150660E-10	1.108066972E-9	2.691167253E-7	4.806710052E-8	-1.762124890E-10	-1.963042173E-9	1.127645977E-9	-7.485521092E-10	-9.607095990E-7	1.216500607E-7	2.242667718E-10	3.528354553E-10	2.308083946E-9	5.588578558E-11
6.033000000E-2	1.517737967E+2	1.874110000E+0	1.732840000E+0	2.159997393E-6	6.760707834E-7	1.273917194E-9	6.324352153E-10	-7.414798775E-10	1.799279725E-9	2.692824523E-7	4.790942043E-8	3.417926497E-10	-1.883829537E-9	1.455377929E-9	-6.803186903E-10	-9.607675793E-7	1.220247725E-7	4.071640247E-10	4.613652516E-10	2.270432287E-9	-4.079367053E-12
6.171000000E-2	1.521740825E+2	1.868390000E+0	1.740100000E+0	2.159994892E-6	6.759155440E-7	1.410335071E-9	6.285082454E-10	-5.661023872E-10	2.341492333E-9	2.693853673E-7	4.782092944E-8	7.159485782E-10	-1.638649771E-9	1.847452302E-9	-4.839082468E-10	-9.608301070E-7	1.223914268E-7	5.534186998E-10	5.268436243E-10	2.149036504E-9	-8.234877363E-11
6.276000000E-2	1.526740363E+2	1.867300000E+0	1.739930000E+0	2.160361646E-6	6.757096003E-7	1.390171977E-9	2.976609514E-10	-4.190546243E-10	3.002792015E-9	2.692262342E-7	4.797994535E-8	1.162585916E-9	-1.094103808E-9	2.124360465E-9	-3.590607533E-10	-9.608122582E-7	1.223542085E-7	2.516602482E-10	4.397992248E-10	1.428815732E-9	-3.466982257E-10
6.289000000E-2	1.532733165E+2	1.863730000E+0	1.738440000E+0	2.160667009E-6	6.753093658E-7	1.359666269E-9	-9.568489750E-11	-4.700725920E-10	3.612384170E-9	2.687418714E-7	4.830209832E-8	1.364120150E-9	-7.769836996E-10	1.942014771E-9	-4.220666594E-10	-9.610428151E-7	1.222863233E-7	-1.142590328E-10	2.054094256E-10	7.516257061E-10	-5.660237834E-10
6.269000000E-2	1.536742930E+2	1.860490000E+0	1.735740000E+0	2.160778195E-6	6.749668273E-7	1.538309369E-9	-2.000000859E-10	-6.107153672E-10	3.745789012E-9	2.683227933E-7	4.855664670E-8	1.479371514E-9	-6.414423437E-10	1.704687835E-9	-5.785400492E-10	-9.614693681E-7	1.223862824E-7	-4.103597462E-10	2.086795146E-11	2.118025616E-10	-8.481268465E-10
6.236000000E-2	1.540730948E+2	1.860610000E+0	1.738640000E+0	2.160807526E-6	6.746499821E-7	1.783836412E-9	-1.964946122E-10	-8.136530894E-10	3.722580910E-9	2.677139719E-7	4.891991878E-8	1.568711383E-9	-4.672907616E-10	1.455158327E-9	-7.293908810E-10	-9.620883930E-7	1.225484425E-7	-6.546628795E-10	-1.767321706E-10	-7.435655564E-11	-1.031058128E-9
6.204000000E-2	1.544738404E+2	1.861230000E+0	1.731470000E+0	2.160865051E-6	6.743593417E-7	2.000811738E-9	-2.506294894E-10	-9.514091737E-10	3.532064863E-9	2.674569259E-7	4.918410923E-8	1.666137561E-9	-1.060179305E-10	1.250320514E-9	-9.323790628E-10	-9.626751307E-7	1.226447779E-7	-7.335892449E-10	-2.799350474E-10	-1.595551746E-10	-9.331267980E-10
6.171000000E-2	1.547735926E+2	1.859350000E+0	1.735320000E+0	2.160916665E-6	6.741420862E-7	2.074772576E-9	-3.855688269E-10	-1.159882412E-9	3.290064443E-9	2.674237294E-7	4.932143938E-8	1.799365101E-9	4.295621636E-10	9.878036167E-10	-1.187342224E-9	-9.632531146E-7	1.227361253E-7	-7.327767837E-10	-2.808734911E-10	-2.081764622E-10	-7.314687189E-10
6.145000000E-2	1.551738664E+2	1.862910000E+0	1.727860000E+0	2.160727490E-6	6.738904972E-7	1.998183174E-9	-5.794389968E-10	-1.500359725E-9	3.115005143E-9	2.676103748E-7	4.943568754E-8	1.833316943E-9	1.214214174E-9	7.114134837E-10	-1.337197242E-9	-9.636033838E-7	1.227334678E-7	-5.737210151E-10	-1.371631697E-10	-1.547116602E-10	-3.589591402E-10
6.112000000E-2	1.555733942E+2	1.867640000E+0	1.732480000E+0	2.160059694E-6	6.738111438E-7	1.970578145E-9	-7.848664496E-10	-1.639813063E-9	2.951464184E-9	2.677294049E-7	4.956043043E-8	1.420572437E-9	2.000126509E-9	3.565088502E-10	-1.228152469E-9	-9.637354879E-7	1.227247708E-7	-2.250656328E-10	-5.751032636E-11	-1.462198418E-10	4.930385544E-10
6.066000000E-2	1.562731227E+2	1.868020000E+0	1.736690000E+0	2.159328460E-6	6.741356629E-7	2.050474013E-9	-8.169037113E-10	-1.228038893E-9	2.864988469E-9	2.676195265E-7	4.965193057E-8	8.276118124E-10	2.442551939E-9	7.466095450E-12	-1.058529486E-9	-9.636577261E-7	1.226526933E-7	-3.543034616E-11	-2.512254571E-10	-1.981078218E-10	7.995893947E-10
6.040000000E-2	1.566733081E+2	1.871920000E+0	1.732360000E+0	2.159219093E-6	6.745169685E-7	1.983819109E-9	-8.222627579E-10	-8.853527911E-10	2.793523413E-9	2.673564836E-7	4.963558098E-8	5.404778847E-10	2.397481103E-9	-3.702068929E-10	-8.804523777E-10	-9.634026128E-7	1.224620263E-7	4.156925151E-11	-4.618656013E-10	-3.763146045E-11	9.049080929E-10
5.968000000E-2	1.571750494E+2	1.871010000E+0	1.734710000E+0	2.159531959E-6	6.750670423E-7	1.685107276E-9	-6.896823668E-10	-4.991033142E-10	2.644671149E-9	2.669922594E-7	4.951012400E-8	4.896156813E-10	1.847501485E-9	-6.668142150E-10	-5.750204757E-10	-9.627265172E-7	1.222531551E-7	2.091043588E-10	-6.635416661E-10	2.354642870E-10	1.019106355E-9
5.857000000E-2	1.575733815E+2	1.869430000E+0	1.743270000E+0	2.160011036E-6	6.755525419E-7	1.552246220E-9	-6.037395584E-10	9.963165709E-11	2.528955711E-9	2.667848662E-7	4.905701090E-8	6.176762435E-10	1.024782925E-9	-8.650993810E-10	-3.217966171E-10	-9.621395520E-7	1.221147414E-7	5.957387361E-10	-7.428894167E-10	3.337886356E-10	1.059725641E-9
5.602000000E-2	1.580746057E+2	1.872220000E+0	1.744390000E+0	2.160323902E-6	6.759829603E-7	1.433539620E-9	-4.498438566E-10	4.682608190E-10	2.545317956E-9	2.666731120E-7	4.863080605E-8	8.271835994E-10	2.082019418E-10	-8.135010998E-10	-7.997977280E-11	-9.619232060E-7	1.222352069E-7	1.157595686E-9	-7.866298168E-10	2.771141094E-10	9.539540269E-10
5.399000000E-2	1.584744058E+2	1.867240000E+0	1.743180000E+0	2.160519216E-6	6.764217915E-7	1.294329199E-9	-2.125388893E-10	6.289357368E-10	2.503880214E-9	2.664833403E-7	4.840062928E-8	1.038835129E-9	-5.751417675E-10	-5.712130213E-10	4.621160746E-11	-9.622254993E-7	1.224240691E-7	1.791017223E-9	-6.505997963E-10	2.326248916E-10	8.140452756E-10
5.098000000E-2	1.589732202E+2	1.865780000E+0	1.743280000E+0	2.160637678E-6	6.768022445E-7	1.087877455E-9	-5.602078697E-12	4.269623821E-10	2.271661970E-9	2.661544443E-7	4.836538636E-8	1.123374172E-9	-1.291125096E-9	-2.012603556E-10	1.509751768E-10	-9.624585573E-7	1.224546509E-7	2.225425844E-9	-2.574777336E-10	2.400464272E-10	7.919120359E-10
4.875000000E-2	1.593731484E+2	1.862060000E+0	1.739520000E+0	2.160739314E-6	6.769938068E-7	8.876336333E-10	1.100236846E-10	1.631394880E-10	1.984665099E-9	2.656079232E-7	4.840980949E-8	1.313659403E-9	-1.770546931E-9	2.136746752E-10	3.590888975E-10	-9.625939583E-7	1.225177328E-7	2.794539045E-9	2.141305883E-10	1.681996070E-10	8.143628549E-10
4.587000000E-2	1.598738836E+2	1.860300000E+0	1.744470000E+0	2.160749318E-6	6.772850156E-7	7.342810249E-10	1.543359190E-10	2.191178350E-10	1.678017392E-9	2.651700868E-7	4.852669733E-8	1.689581919E-9	-2.255907239E-9	6.963353783E-10	5.117775093E-10	-9.624206996E-7	1.224258881E-7	3.022559980E-9	6.597645763E-10	-1.167429070E-10	6.591565071E-10
4.293000000E-2	1.603751006E+2	1.860410000E+0	1.750940000E+0	2.160405984E-6	6.774014310E-7	7.840882388E-10	1.204149974E-10	5.377734924E-10	1.570302888E-9	2.652406010E-7	4.875974113E-8	1.783081349E-9	-2.574317870E-9	1.139795702E-9	7.748601205E-10	-9.620340506E-7	1.223771449E-7	2.933875143E-9	1.011297823E-9	-3.312293217E-10	4.139306675E-10
3.998000000E-2	1.608748084E+2	1.858610000E+0	1.741910000E+0	2.159825726E-6	6.773422001E-7	9.256487799E-10	1.589052223E-10	1.024354379E-9	1.549130268E-9	2.655653191E-7	4.929353992E-8	1.428080654E-9	-2.506650887E-9	1.617957435E-9	1.035715180E-9	-9.616549050E-7	1.223836250E-7	2.723650194E-9	1.271068695E-9	-3.185767483E-10	1.749722728E-10
3.789000000E-2	1.612732249E+2	1.857610000E+0	1.737240000E+0	2.159330961E-6	6.772509664E-7	8.319087086E-10	2.304435948E-10	1.234560454E-9	1.495965685E-9	2.659234895E-7	4.969052370E-8	1.220074708E-9	-2.153043521E-9	1.771973457E-9	1.127725691E-9	-9.614294640E-7	1.222904160E-7	2.547178912E-9	1.365609181E-9	-3.818556304E-10	3.026164389E-11
3.534000000E-2	1.617741290E+2	1.862140000E+0	1.744050000E+0	2.158817097E-6	6.771251151E-7	4.597481285E-10	2.115513598E-10	1.276936445E-9	1.070248445E-9	2.666935188E-7	4.993099978E-8	1.512686754E-9	-1.340000444E-9	1.427832852E-9	1.068629629E-9	-9.608949085E-7	1.218208041E-7	2.578294911E-9	1.460186194E-9	-8.341881075E-10	1.276829163E-11
3.298000000E-2	1.623735253E+2	1.866800000E+0	1.744280000E+0	2.158466032E-6	6.770230812E-7	3.592522460E-11	1.023064411E-10	1.044734965E-9	6.904357086E-10	2.670570325E-7	4.992791602E-8	1.727362586E-9	-6.421773668E-10	9.509918408E-10	7.835815885E-10	-9.605788591E-7	1.214302472E-7	2.441008951E-9	1.562601271E-9	-1.048729215E-9	1.349079876E-10
2.925000000E-2	1.628737101E+2	1.868280000E+0	1.735210000E+0	2.158359166E-6	6.770202390E-7	-2.497138052E-10	9.143201474E-11	7.657386392E-10	5.696611516E-10	2.674032942E-7	4.992966041E-8	1.738245881E-9	-2.267151605E-10	3.690564521E-10	6.867050817E-10	-9.602114233E-7	1.209966740E-7	2.068343719E-9	1.690147466E-9	-1.044091702E-9	2.411220112E-10
2.735000000E-2	1.632739435E+2	1.873850000E+0	1.740350000E+0	2.158490815E-6	6.769689094E-7	-5.516337942E-10	1.402229582E-10	4.002088383E-10	4.661958042E-10	2.677175530E-7	4.996714864E-8	1.685566575E-9	-2.911958175E-11	-1.162469600E-11	6.681267761E-10	-9.601027387E-7	1.207428255E-7	1.599173904E-9	1.690920071E-9	-9.316040162E-10	2.638309571E-10
2.506000000E-2	1.636737547E+2	1.878190000E+0	1.739030000E+0	2.158679536E-6	6.768538014E-7	-7.008508773E-10	1.382571974E-10	7.624065268E-11	3.409714455E-10	2.678731903E-7	4.997991354E-8	1.688643780E-9	1.359865137E-10	-4.382336716E-10	4.107480189E-10	-9.601908459E-7	1.205564644E-7	1.036598807E-9	1.522149185E-9	-8.791042894E-10	1.369075131E-10
2.264000000E-2	1.641736892E+2	1.877820000E+0	1.730540000E+0	2.158750249E-6	6.768077583E-7	-7.537085955E-10	1.591695803E-10	-1.873847605E-10	2.560887058E-10	2.679179545E-7	4.981156110E-8	1.740083411E-9	4.078734850E-10	-7.924954026E-10	1.121262439E-13	-9.602699720E-7	1.205356881E-7	8.059031775E-10	1.392528537E-9	-8.460802059E-10	1.068261868E-10
2.094000000E-2	1.645731424E+2	1.874090000E+0	1.743240000E+0	2.158765710E-6	6.767565424E-7	-6.247380946E-10	1.432278046E-10	-3.692638972E-10	-2.614516459E-12	2.678763735E-7	4.948811494E-8	2.123212051E-9	6.905527261E-10	-1.250976767E-9	-6.876310077E-10	-9.605536206E-7	1.208686342E-7	6.562270727E-10	1.012908646E-9	-8.392450068E-10	-6.465200597E-11
1.786000000E-2	1.652735649E+2	1.872880000E+0	1.731940000E+0	2.158438292E-6	6.762726343E-7	-4.347610882E-10	-4.077592777E-11	-6.357375182E-10	-1.353676338E-10	2.677457758E-7	4.942040732E-8	2.472967164E-9	6.847162837E-10	-1.466332722E-9	-1.091570501E-9	-9.606820868E-7	1.210500358E-7	8.165673693E-10	8.608610491E-10	-5.729672292E-10	-3.998535392E-10
1.734000000E-2	1.656735691E+2	1.875170000E+0	1.732320000E+0	2.158307098E-6	6.758650102E-7	-2.802076626E-10	8.687679048E-11	-8.717149225E-10	-1.383006487E-10	2.675109556E-7	4.933797015E-8	2.640606400E-9	4.354458738E-10	-1.610586775E-9	-1.270683669E-9	-9.608982054E-7	1.208859004E-7	1.096478464E-9	6.940826802E-10	-2.319533315E-10	-8.357474712E-10
1.708000000E-2	1.660732120E+2	1.873880000E+0	1.734310000E+0	2.158229108E-6	6.753789421E-7	-2.557118579E-11	4.274289256E-10	-1.068603095E-9	-2.894764289E-11	2.673201323E-7	4.927219166E-8	2.574187308E-9	1.123914503E-10	-1.663593818E-9	-1.291629248E-9	-9.612252825E-7	1.205925884E-7	1.274597650E-9	4.874722848E-10	1.151674589E-10	-1.189365828E-9
1.708000000E-2	1.664736251E+2	1.870390000E+0	1.736970000E+0	2.158284815E-6	6.750816510E-7	2.297109725E-10	8.052993272E-10	-1.123006910E-9	1.587114606E-10	2.673720587E-7	4.929673381E-8	2.319897829E-9	-5.229963684E-10	-1.467673871E-9	-1.249049753E-9	-9.620683841E-7	1.203399620E-7	1.428872132E-9	2.099399682E-10	5.218031562E-10	-1.463675625E-9
1.734000000E-2	1.668735685E+2	1.869930000E+0	1.733370000E+0	2.158546295E-6	6.750255466E-7	5.603884024E-10	1.101200686E-9	-1.036677966E-9	3.104277391E-10	2.676355564E-7	4.925625774E-8	2.045717373E-9	-1.074076828E-9	-1.137495209E-9	-1.195825439E-9	-9.630665545E-7	1.202253372E-7	1.473462796E-9	6.579655570E-11	7.271196423E-10	-1.660604765E-9
1.773000000E-2	1.672750389E+2	1.872150000E+0	1.736320000E+0	2.159057431E-6	6.750475450E-7	9.277605906E-10	1.368567815E-9	-9.802771927E-10	4.166082479E-10	2.680660600E-7	4.904884321E-8	1.895179791E-9	-1.371615599E-9	-5.709890338E-10	-1.026582042E-9	-9.645042383E-7	1.204680871E-7	1.327352450E-9	1.140613732E-11	9.295426651E-10	-1.840962160E-9
1.806000000E-2	1.677736287E+2	1.876340000E+0	1.739260000E+0	2.159566293E-6	6.749381214E-7	1.051314480E-9	1.568781660E-9	-9.521681221E-10	4.012582211E-10	2.684494120E-7	4.885598770E-8	2.069376670E-9	-1.171369890E-9	-1.748307922E-11	-6.012709219E-10	-9.658436966E-7	1.210944305E-7	8.755667302E-10	-7.306264621E-11	1.048264253E-9	-1.766293223E-9
1.865000000E-2	1.682748744E+2	1.875830000E+0	1.742590000E+0	2.159955102E-6	6.747179100E-7	9.938081469E-10	1.567136421E-9	-8.041882160E-10	2.760177920E-10	2.685002585E-7	4.873044901E-8	2.243069064E-9	-6.486843285E-10	2.138028504E-10	-2.807709620E-10	-9.662835509E-7	1.216915848E-7	5.072633424E-10	-7.134357341E-12	9.816767399E-10	-1.649413828E-9
1.891000000E-2	1.686737151E+2	1.875480000E+0	1.744350000E+0	2.160028998E-6	6.746131476E-7	9.035104331E-10	1.384035220E-9	-6.734079405E-10	1.208499967E-10	2.684130323E-7	4.844442003E-8	2.252719566E-9	-1.797788862E-10	1.860522569E-10	-1.430811112E-11	-9.663954188E-7	1.223762354E-7	1.983587461E-10	1.293417040E-10	9.134441536E-10	-1.584274378E-9
1.957000000E-2	1.690734841E+2	1.880700000E+0	1.739690000E+0	2.159817541E-6	6.746171266E-7	9.037288695E-10	1.065854294E-9	-5.284149229E-10	-5.124935892E-11	2.683185016E-7	4.807172616E-8	2.006642852E-9	9.158521858E-11	-4.123879363E-11	1.842959674E-10	-9.659812576E-7	1.231782392E-7	-1.605681699E-10	4.347866789E-10	8.420069086E-10	-1.305966557E-9
2.101000000E-2	1.694739471E+2	1.881410000E+0	1.741800000E+0	2.159499672E-6	6.747636689E-7	8.437868737E-10	8.287225350E-10	-4.185759239E-10	-2.499221663E-10	2.682647562E-7	4.785067276E-8	1.753700407E-9	5.323181132E-11	-3.375691116E-10	2.363801932E-10	-9.650455013E-7	1.237883396E-7	-4.060815295E-10	7.737278596E-10	7.592238505E-10	-9.065927453E-10
2.277000000E-2	1.698734729E+2	1.882140000E+0	1.740270000E+0	2.159071983E-6	6.750888133E-7	7.419687087E-10	5.160530336E-10	-3.129258519E-10	-4.311819790E-10	2.683008802E-7	4.772972062E-8	1.758087898E-9	4.116547034E-11	-5.932953018E-10	3.333151255E-10	-9.640511962E-7	1.239685616E-7	-5.348139154E-10	9.667459056E-10	5.294878980E-10	-7.065848462E-10
2.480000000E-2	1.702746982E+2	1.880620000E+0	1.740500000E+0	2.158711141E-6	6.755645359E-7	6.349539228E-10	1.540767375E-10	-1.837434788E-10	-5.719165697E-10	2.684880371E-7	4.776875429E-8	2.078557992E-9	-3.746621069E-11	-1.098183211E-9	4.981098312E-10	-9.629441138E-7	1.238786353E-7	-4.795518427E-10	1.099906388E-9	1.139495096E-10	-4.872593440E-10
2.670000000E-2	1.706736671E+2	1.880610000E+0	1.741210000E+0	2.158411917E-6	6.762172689E-7	3.887591915E-10	-2.049327791E-10	6.213118214E-11	-7.503574984E-10	2.684394076E-7	4.814098986E-8	2.545254674E-9	-1.590048232E-10	-1.832557439E-9	6.005409503E-10	-9.617577916E-7	1.235539031E-7	-1.706960268E-10	1.230076152E-9	-2.807979960E-10	-3.619617384E-10
3.076000000E-2	1.712735441E+2	1.876880000E+0	1.739950000E+0	2.158115421E-6	6.771526842E-7	-1.483042300E-10	-6.752739479E-10	3.724251740E-10	-1.001397743E-9	2.682822071E-7	4.839293410E-8	2.692145395E-9	-1.619820528E-10	-2.156306023E-9	5.653473245E-10	-9.611571841E-7	1.233983937E-7	-1.433638625E-10	1.201423294E-9	-6.219761928E-10	-1.982018716E-10
3.377000000E-2	1.717748126E+2	1.878590000E+0	1.736750000E+0	2.158015832E-6	6.775176189E-7	-4.381796870E-10	-1.090530000E-9	5.926761304E-10	-8.683343489E-10	2.682762670E-7	4.840525847E-8	2.489719320E-9	-3.317718600E-10	-2.054433290E-9	3.554582462E-10	-9.605656715E-7	1.233203335E-7	-3.436422535E-10	1.083112267E-9	-1.096617908E-9	3.588122161E-11
3.625000000E-2	1.721736462E+2	1.879590000E+0	1.744500000E+0	2.157781864E-6	6.776557484E-7	-7.078428399E-10	-1.646430880E-9	8.850377098E-10	-5.392133962E-10	2.683161142E-7	4.831543166E-8	2.262577903E-9	-6.506060135E-10	-1.740657285E-9	1.722814530E-10	-9.601784541E-7	1.233128728E-7	-3.720566633E-10	6.927338148E-10	-1.437543196E-9	2.954693434E-10
3.907000000E-2	1.726741188E+2	1.881210000E+0	1.736670000E+0	2.157421704E-6	6.777074759E-7	-1.107016478E-9	-2.098064389E-9	1.089646817E-9	-1.992943865E-10	2.682449463E-7	4.840724088E-8	2.044456382E-9	-1.100061819E-9	-1.172190123E-9	8.296983239E-11	-9.598093129E-7	1.232510698E-7	-4.840926271E-11	4.699334255E-10	-1.539649630E-9	7.161427562E-10
4.103000000E-2	1.730732504E+2	1.883820000E+0	1.740490000E+0	2.157062909E-6	6.777822250E-7	-1.430194629E-9	-2.292339207E-9	1.101513547E-9	7.774079297E-11	2.682283480E-7	4.842754109E-8	1.824192353E-9	-1.229947588E-9	-7.704333838E-10	5.729612271E-11	-9.594842822E-7	1.231403957E-7	4.242722285E-10	4.445829260E-10	-1.547532991E-9	1.002047223E-9
4.345000000E-2	1.734737130E+2	1.883930000E+0	1.741600000E+0	2.156795745E-6	6.779482078E-7	-1.730694921E-9	-2.317407377E-9	1.062502975E-9	3.033312213E-10	2.683641185E-7	4.832695666E-8	1.891801382E-9	-1.136047367E-9	-3.073416521E-10	-6.547743250E-12	-9.591545904E-7	1.227933666E-7	9.468166251E-10	6.354003990E-10	-1.378089531E-9	1.174876307E-9
4.561000000E-2	1.738740040E+2	1.881660000E+0	1.735570000E+0	2.156743449E-6	6.779227988E-7	-1.853205034E-9	-2.315014624E-9	9.712554094E-10	4.306139056E-10	2.685925722E-7	4.810451770E-8	2.032298996E-9	-9.780387611E-10	-8.564472916E-12	-1.063041391E-10	-9.591008165E-7	1.223193635E-7	1.404508732E-9	7.710901917E-10	-1.307586483E-9	1.333138155E-9
4.829000000E-2	1.743750819E+2	1.885030000E+0	1.741990000E+0	2.157084509E-6	6.776405712E-7	-1.656490167E-9	-2.284244571E-9	8.786760208E-10	6.979295475E-10	2.688579457E-7	4.779705165E-8	2.199838534E-9	-7.805037727E-10	3.415913108E-10	-3.448542008E-10	-9.593403547E-7	1.218931089E-7	1.577352471E-9	7.906250099E-10	-1.323677612E-9	1.394817484E-9
5.052000000E-2	1.747752163E+2	1.883500000E+0	1.737970000E+0	2.157789368E-6	6.773661880E-7	-1.274097716E-9	-2.055461357E-9	6.569289557E-10	1.008326200E-9	2.689849339E-7	4.754861038E-8	2.247467323E-9	-7.544161962E-10	6.098255789E-10	-5.085966093E-10	-9.598114730E-7	1.215258862E-7	1.648867931E-9	8.810462360E-10	-1.241183156E-9	1.378984038E-9
5.300000000E-2	1.752738248E+2	1.877410000E+0	1.741410000E+0	2.158293000E-6	6.772151551E-7	-9.943003087E-10	-1.691817908E-9	3.952673744E-10	9.612528551E-10	2.690555903E-7	4.738937775E-8	2.127328314E-9	-9.527578726E-10	7.204354890E-10	-7.134148272E-10	-9.604882507E-7	1.213829108E-7	1.732414545E-9	9.298882220E-10	-1.013112816E-9	1.307361108E-9
5.471000000E-2	1.756731722E+2	1.874110000E+0	1.745250000E+0	2.158703182E-6	6.772650067E-7	-7.015235615E-10	-1.234889302E-9	1.652048498E-10	7.120608547E-10	2.692328564E-7	4.743001369E-8	1.866639510E-9	-1.155037177E-9	6.294382793E-10	-8.933470630E-10	-9.608700111E-7	1.213504390E-7	1.825197993E-9	9.856684358E-10	-8.695251186E-10	1.332190691E-9
5.745000000E-2	1.761737047E+2	1.873250000E+0	1.743510000E+0	2.158896223E-6	6.772492611E-7	-3.187298481E-10	-7.790389445E-10	7.362755544E-11	4.825007061E-10	2.694412160E-7	4.747718663E-8	1.561918595E-9	-1.315167308E-9	4.473511006E-10	-1.035502128E-9	-9.610932921E-7	1.212806211E-7	1.860496979E-9	9.685056090E-10	-6.221116955E-10	1.304016006E-9
5.922000000E-2	1.765734562E+2	1.875480000E+0	1.746030000E+0	2.158938742E-6	6.772127108E-7	1.399757255E-10	-2.722856662E-10	5.726982430E-11	3.309326702E-10	2.699932225E-7	4.770421569E-8	1.378384740E-9	-1.306807662E-9	1.062280958E-10	-1.260682114E-9	-9.611391079E-7	1.206395126E-7	1.106709058E-9	8.676744878E-10	-6.507995098E-12	8.997059764E-10
6.361000000E-2	1.773730913E+2	1.883240000E+0	1.746650000E+0	2.159131100E-6	6.773951213E-7	3.322421782E-10	2.964300749E-10	-6.560496590E-11	1.087540405E-10	2.703451685E-7	4.795106179E-8	8.471087165E-10	-7.794139223E-10	-4.626592165E-11	-1.435225272E-9	-9.611468386E-7	1.201635342E-7	6.114395101E-10	6.202784952E-10	4.207780791E-10	4.473668103E-10
6.577000000E-2	1.777739601E+2	1.884690000E+0	1.749010000E+0	2.159144742E-6	6.775120482E-7	6.073268277E-11	2.945312605E-10	7.444724524E-12	-1.476826578E-10	2.704526310E-7	4.793923125E-8	9.893691422E-11	-3.975756113E-10	-3.605347132E-10	-1.427012397E-9	-9.612431313E-7	1.199097284E-7	-6.639439866E-12	1.276333345E-10	7.081862874E-10	8.522704070E-11
6.806000000E-2	1.782733371E+2	1.884640000E+0	1.743000000E+0	2.159219093E-6	6.776207329E-7	-3.077107458E-10	-8.452041844E-11	3.250184150E-11	-4.212243609E-10	2.703490907E-7	4.785307794E-8	-2.004106742E-10	-3.918099456E-10	-5.584051554E-10	-1.298526620E-9	-9.615307590E-7	1.198412036E-7	-4.638305573E-10	-3.537420634E-10	9.094235365E-10	-1.175791131E-10
7.022000000E-2	1.786741583E+2	1.884190000E+0	1.741130000E+0	2.159302085E-6	6.776324426E-7	-3.543883520E-10	-4.629144290E-10	5.508767054E-12	-5.866134245E-10	2.700596156E-7	4.782611995E-8	-1.658085336E-10	-6.279072262E-10	-5.475198073E-10	-1.221142853E-9	-9.622401649E-7	1.199185533E-7	-5.857240248E-10	-6.580291867E-10	1.050778686E-9	-1.657545108E-11
7.244000000E-2	1.791739374E+2	1.884360000E+0	1.742640000E+0	2.159308906E-6	6.773209975E-7	-1.060287899E-10	-8.824680986E-10	6.243397466E-11	-6.768510197E-10	2.694109469E-7	4.813695398E-8	2.209883665E-10	-7.545585823E-10	-5.014301197E-10	-1.316214138E-9	-9.631864941E-7	1.201940449E-7	-5.228569244E-10	-7.783901856E-10	8.794182604E-10	3.752282096E-10
7.453000000E-2	1.795740106E+2	1.881110000E+0	1.734460000E+0	2.159422593E-6	6.767118066E-7	7.140750491E-11	-9.063927386E-10	1.004201097E-10	-5.490143340E-10	2.689612017E-7	4.845168888E-8	5.164044747E-10	-5.613007281E-10	-4.622175975E-10	-1.416545992E-9	-9.641693168E-7	1.204934250E-7	-3.096936874E-10	-7.343194941E-10	6.807630570E-10	5.623025934E-10
7.663000000E-2	1.799732469E+2	1.876330000E+0	1.739280000E+0	2.159715905E-6	6.759998996E-7	3.759680345E-10	-6.897144522E-10	8.889462083E-11	-3.969031770E-10	2.685555671E-7	4.860040548E-8	7.832944848E-10	-6.515082918E-11	-3.345109190E-10	-1.406726735E-9	-9.652446806E-7	1.207608733E-7	-1.039633379E-10	-4.218463634E-10	5.775471212E-10	6.109600603E-10
7.925000000E-2	1.804750310E+2	1.872400000E+0	1.742090000E+0	2.160123586E-6	6.753036814E-7	6.392255614E-10	-3.580367114E-10	8.293998127E-11	-3.069910992E-10	2.682504601E-7	4.859609248E-8	5.658832292E-10	4.596581726E-10	-2.219266992E-10	-1.257362547E-9	-9.663264109E-7	1.212855665E-7	1.550066048E-10	8.371871252E-11	3.478007604E-10	5.844204010E-10
8.088000000E-2	1.808736702E+2	1.871030000E+0	1.731690000E+0	2.160439180E-6	6.745657402E-7	8.130559559E-10	-1.042913811E-10	-3.020413086E-11	-1.784428300E-10	2.679502700E-7	4.870073056E-8	1.150972859E-10	5.753149068E-10	-1.741499167E-10	-1.038688580E-9	-9.669182646E-7	1.217421897E-7	4.244814500E-10	3.809006999E-10	1.097737318E-10	4.583547986E-10
8.199000000E-2	1.812739734E+2	1.872960000E+0	1.742010000E+0	2.160835265E-6	6.739095397E-7	1.054035415E-9	1.822182544E-10	-2.471219895E-10	3.249290073E-11	2.676136148E-7	4.876972781E-8	-2.822521938E-10	5.159103145E-10	-1.245421405E-10	-7.532509616E-10	-9.674544117E-7	1.222378501E-7	7.173410199E-10	4.826667954E-10	-1.007057354E-10	2.643729957E-10
8.271000000E-2	1.816731012E+2	1.876570000E+0	1.736180000E+0	2.161169959E-6	6.734620115E-7	1.260938576E-9	3.651003944E-10	-5.223828592E-10	1.815335660E-10	2.673895096E-7	4.881442806E-8	-5.471159081E-10	4.502337947E-10	-2.053423924E-11	-5.234566669E-10	-9.679724826E-7	1.224473038E-7	9.511821331E-10	5.079801579E-10	-2.978408076E-10	4.786462546E-11
8.291000000E-2	1.820738644E+2	1.878940000E+0	1.744680000E+0	2.161380053E-6	6.733245073E-7	1.328995691E-9	5.178488749E-10	-8.524006501E-10	3.513201397E-10	2.670557535E-7	4.867861492E-8	-8.744795998E-10	4.241583196E-10	9.451568694E-11	-2.393812093E-10	-9.684968063E-7	1.225128870E-7	1.179728981E-9	4.366551287E-10	-3.140291360E-10	-3.272608226E-11
8.278000000E-2	1.824730673E+2	1.880830000E+0	1.740990000E+0	2.161552629E-6	6.734194358E-7	1.370728864E-9	6.030398403E-10	-8.322371126E-10	4.935150066E-10	2.668333252E-7	4.853456303E-8	-1.012373629E-9	3.629473111E-10	1.492825585E-10	4.919919680E-11	-9.687508964E-7	1.225999568E-7	1.272741468E-9	4.328181424E-10	-1.534938288E-10	8.968263632E-12
8.245000000E-2	1.828738422E+2	1.884900000E+0	1.743020000E+0	2.161819339E-6	6.736241289E-7	1.402231331E-9	6.800064401E-10	-6.122239937E-10	5.913490253E-10	2.666862145E-7	4.840527623E-8	-1.136173489E-9	1.907048408E-10	1.392056331E-10	2.751149308E-10	-9.688395721E-7	1.228180082E-7	1.290271001E-9	3.958238737E-10	-6.521464618E-11	2.143536876E-10
8.206000000E-2	1.833732182E+2	1.884200000E+0	1.747370000E+0	2.162183819E-6	6.740730214E-7	1.634248070E-9	7.835592730E-10	-2.682477851E-10	8.267684315E-10	2.667047738E-7	4.825482947E-8	-1.221217127E-9	2.148627630E-12	9.406603274E-11	4.606664494E-10	-9.688326372E-7	1.229718833E-7	1.103291902E-9	4.047934210E-10	-3.362085957E-11	3.337049526E-10
8.173000000E-2	1.837738633E+2	1.884320000E+0	1.740110000E+0	2.162365035E-6	6.745826795E-7	2.079731942E-9	8.458072020E-10	-6.638724986E-11	1.025046603E-9	2.668753893E-7	4.809308862E-8	-1.256607041E-9	9.506295751E-11	7.251848427E-11	5.524709579E-10	-9.686983731E-7	1.230426676E-7	8.489651204E-10	4.676468657E-10	-1.446633091E-11	4.961793199E-10
8.134000000E-2	1.841743324E+2	1.888250000E+0	1.747460000E+0	2.162351393E-6	6.751781712E-7	2.588934622E-9	8.973791710E-10	9.542158730E-11	1.135843752E-9	2.671257562E-7	4.811701615E-8	-1.263500860E-9	2.023344825E-10	1.179236570E-10	7.119231871E-10	-9.683468534E-7	1.229355462E-7	5.015829974E-10	4.496757133E-10	-2.055759382E-11	7.574273431E-10
8.108000000E-2	1.845743651E+2	1.892560000E+0	1.743530000E+0	2.162229521E-6	6.758326094E-7	2.994970716E-9	7.284975956E-10	3.138337368E-10	1.158934837E-9	2.673841664E-7	4.829679767E-8	-1.231917901E-9	2.388418630E-10	2.092739315E-10	8.956034248E-10	-9.677083881E-7	1.227125210E-7	1.671332656E-10	1.443846431E-10	-2.028651830E-10	8.811324448E-10
8.088000000E-2	1.849733658E+2	1.895230000E+0	1.746490000E+0	2.161859129E-6	6.764377645E-7	3.282552452E-9	2.384194231E-10	5.099654032E-10	1.061054911E-9	2.674522364E-7	4.846399193E-8	-1.049594744E-9	1.808642541E-10	2.568656399E-10	1.113318659E-9	-9.669616929E-7	1.225561732E-7	2.726859884E-11	-3.758479361E-10	-5.384795943E-10	9.283208646E-10
8.055000000E-2	1.853742258E+2	1.889560000E+0	1.746840000E+0	2.161300472E-6	6.768647154E-7	3.381356528E-9	-3.552213801E-10	6.967357247E-10	1.006030592E-9	2.672411767E-7	4.852058311E-8	-9.239579102E-10	1.102658659E-10	2.316368763E-10	1.444445896E-9	-9.659860325E-7	1.223729385E-7	-1.102376593E-10	-8.502333282E-10	-9.425273895E-10	9.510860988E-10
8.036000000E-2	1.857739163E+2	1.886820000E+0	1.744270000E+0	2.160571512E-6	6.773189511E-7	3.358299194E-9	-8.451773725E-10	8.640854698E-10	1.035183939E-9	2.669303569E-7	4.843339951E-8	-5.865392616E-10	-1.451464903E-11	9.389081179E-11	1.715424358E-9	-9.649720596E-7	1.220999337E-7	-2.591848125E-10	-1.237503766E-9	-1.217040690E-9	8.361724091E-10
8.036000000E-2	1.862748164E+2	1.884190000E+0	1.745630000E+0	2.159535143E-6	6.778714692E-7	3.018856276E-9	-1.422743923E-9	1.164441765E-9	1.019241358E-9	2.668183470E-7	4.793627895E-8	-1.824683043E-10	-1.862580368E-10	-2.734588389E-10	1.861576893E-9	-9.644933243E-7	1.217832306E-7	-3.132001047E-10	-1.435613184E-9	-1.246573955E-9	6.691540655E-10
8.023000000E-2	1.866739856E+2	1.881330000E+0	1.740880000E+0	2.158772986E-6	6.782096307E-7	2.629140461E-9	-1.704627439E-9	1.452527654E-9	1.134081828E-9	2.666862145E-7	4.759744243E-8	2.379825937E-12	-3.589713526E-10	-4.772885975E-10	1.841705233E-9	-9.641455563E-7	1.214517340E-7	-2.631854179E-10	-1.514364967E-9	-1.274726547E-9	3.672045723E-10
8.003000000E-2	1.870739215E+2	1.873550000E+0	1.740010000E+0	2.158239113E-6	6.784064794E-7	2.139403099E-9	-1.911763858E-9	1.683898798E-9	1.450511267E-9	2.663801979E-7	4.720967795E-8	2.616301897E-10	-6.694058086E-10	-6.397132824E-10	1.605877875E-9	-9.637146832E-7	1.211145388E-7	-1.352435663E-10	-1.616122902E-9	-1.261154181E-9	-1.411240395E-11
8.003000000E-2	1.874737263E+2	1.865450000E+0	1.739630000E+0	2.157838253E-6	6.784189281E-7	1.742711975E-9	-1.971155017E-9	1.829418950E-9	1.715697251E-9	2.660568725E-7	4.694582856E-8	7.670910573E-10	-1.065206257E-9	-7.226785281E-10	1.237206226E-9	-9.631802413E-7	1.208737075E-7	2.927248721E-11	-1.942679573E-9	-1.171794106E-9	-4.727662706E-10
8.003000000E-2	1.878733157E+2	1.861250000E+0	1.734240000E+0	2.157454674E-6	6.784836160E-7	1.438792307E-9	-1.870433586E-9	1.876151012E-9	1.903910141E-9	2.657550624E-7	4.666678066E-8	1.374174441E-9	-1.419204643E-9	-7.531832935E-10	9.261663658E-10	-9.627972304E-7	1.207679219E-7	1.110044764E-10	-2.311128844E-9	-1.226589386E-9	-8.564800536E-10
8.003000000E-2	1.882735480E+2	1.860710000E+0	1.733420000E+0	2.156955816E-6	6.787536790E-7	1.301184494E-9	-1.595694243E-9	1.776542469E-9	2.184578518E-9	2.654500122E-7	4.659613495E-8	1.788145965E-9	-1.657348592E-9	-6.558016907E-10	7.064834828E-10	-9.623563528E-7	1.207870923E-7	1.881439865E-10	-2.582866587E-9	-1.364740987E-9	-1.146158501E-9
7.983000000E-2	1.886731511E+2	1.861840000E+0	1.731510000E+0	2.156448090E-6	6.790577345E-7	1.201840183E-9	-1.378426040E-9	1.634371305E-9	2.563861568E-9	2.650615443E-7	4.685399801E-8	2.255426290E-9	-2.045312142E-9	-4.737251702E-10	6.598958047E-10	-9.616858279E-7	1.208685347E-7	2.062833793E-10	-2.316840497E-9	-1.434763419E-9	-1.117820725E-9
7.990000000E-2	1.892741363E+2	1.866450000E+0	1.726090000E+0	2.155961056E-6	6.792744784E-7	9.259869538E-10	-1.201976629E-9	1.578731812E-9	2.707728264E-9	2.648396276E-7	4.697566780E-8	2.299719748E-9	-2.155978507E-9	-6.349618054E-10	8.156427755E-10	-9.612861049E-7	1.209648559E-7	1.380808801E-10	-1.907926039E-9	-1.222190238E-9	-1.012995576E-9
7.990000000E-2	1.896746211E+2	1.871000000E+0	1.735790000E+0	2.155761194E-6	6.793865168E-7	6.515018525E-10	-9.886956809E-10	1.649181014E-9	2.638476992E-9	2.648062605E-7	4.702251033E-8	2.046242731E-9	-2.081670836E-9	-9.326612815E-10	9.514620203E-10	-9.608972959E-7	1.211119383E-7	2.195141118E-11	-1.447079234E-9	-9.108108712E-10	-8.444820954E-10
7.983000000E-2	1.900738932E+2	1.876270000E+0	1.729260000E+0	2.155805078E-6	6.794706451E-7	5.034389572E-10	-7.248409095E-10	1.582541653E-9	2.577851266E-9	2.647946076E-7	4.709294288E-8	1.969565400E-9	-2.013493816E-9	-1.155623708E-9	9.545582102E-10	-9.607073253E-7	1.213355461E-7	7.915339911E-11	-1.058117816E-9	-6.260784669E-10	-5.807928582E-10
7.990000000E-2	1.904739844E+2	1.880970000E+0	1.733820000E+0	2.155944230E-6	6.793221132E-7	5.116526092E-10	-3.896379885E-10	1.410078165E-9	2.466747917E-9	2.647476833E-7	4.747341364E-8	2.202014349E-9	-2.004710398E-9	-1.177398179E-9	9.323563033E-10	-9.607789480E-7	1.215149723E-7	3.054658748E-10	-7.705300287E-10	-3.805147586E-10	-3.690285022E-10
8.003000000E-2	1.908734159E+2	1.881660000E+0	1.736050000E+0	2.156000164E-6	6.789680356E-7	5.741233044E-10	-2.053538728E-10	1.314806930E-9	2.253029541E-9	2.647885537E-7	4.781270846E-8	2.430702306E-9	-1.900078983E-9	-1.168785180E-9	8.409462016E-10	-9.611089809E-7	1.214426959E-7	5.492409305E-10	-7.139123737E-10	-2.810486288E-10	-1.437455710E-10
7.997000000E-2	1.912732303E+2	1.880450000E+0	1.731480000E+0	2.155900347E-6	6.783986919E-7	5.573336792E-10	-4.605694645E-11	1.364851454E-9	1.790375515E-9	2.649472606E-7	4.831187894E-8	2.886057393E-9	-1.637769143E-9	-1.178917075E-9	7.082224807E-10	-9.616293255E-7	1.214053213E-7	7.588668582E-10	-7.098501231E-10	-1.180350401E-10	1.804885963E-10
7.990000000E-2	1.916738411E+2	1.881850000E+0	1.737840000E+0	2.155708671E-6	6.779454225E-7	5.429068306E-10	1.680437872E-10	1.244020442E-9	1.176454822E-9	2.651071043E-7	4.873043835E-8	3.326634301E-9	-1.293158469E-9	-1.120480819E-9	5.312509321E-10	-9.619509456E-7	1.216921532E-7	8.468611368E-10	-1.101947644E-9	-1.816499312E-10	1.045825981E-9
8.003000000E-2	1.923747901E+2	1.880320000E+0	1.740810000E+0	2.155531547E-6	6.774434382E-7	1.007013917E-9	4.549254862E-10	1.113785730E-9	4.681760535E-10	2.653722788E-7	4.908508799E-8	3.598050968E-9	-1.082550383E-9	-1.059280996E-9	4.566043377E-10	-9.618449894E-7	1.219873695E-7	7.873915964E-10	-1.759068447E-9	-4.671031339E-10	1.454726006E-9
7.997000000E-2	1.927746139E+2	1.878200000E+0	1.737700000E+0	2.155522907E-6	6.773508972E-7	1.441841313E-9	7.698281457E-10	1.225752721E-9	2.024030110E-10	2.655810363E-7	4.906436857E-8	3.400479010E-9	-8.490975700E-10	-8.547517694E-10	3.288173345E-10	-9.616979923E-7	1.220722510E-7	7.018903236E-10	-2.229542773E-9	-6.698733235E-10	1.443966058E-9
7.990000000E-2	1.931734217E+2	1.875580000E+0	1.742710000E+0	2.155577249E-6	6.773719292E-7	1.618808532E-9	9.573269954E-10	1.301617036E-9	2.424657974E-10	2.657083371E-7	4.882980420E-8	3.028534090E-9	-5.501307188E-10	-5.338423592E-10	1.037497519E-10	-9.617577916E-7	1.219318619E-7	5.901610867E-10	-2.325234005E-9	-8.605856028E-10	1.247255743E-9
7.997000000E-2	1.935750665E+2	1.872790000E+0	1.741410000E+0	2.155594075E-6	6.774808412E-7	1.718395315E-9	1.096425839E-9	1.449560361E-9	4.090563999E-10	2.658438802E-7	4.851818502E-8	2.413160560E-9	-3.901305945E-10	-4.222249980E-11	-2.509555619E-10	-9.619099046E-7	1.216380809E-7	3.998073817E-10	-2.213965455E-9	-1.075160183E-9	8.810001062E-10
7.990000000E-2	1.939743657E+2	1.874450000E+0	1.736990000E+0	2.155575430E-6	6.775355246E-7	1.716286446E-9	1.108223846E-9	1.576993980E-9	4.718151425E-10	2.658621838E-7	4.825101030E-8	1.786462089E-9	-3.302083329E-10	2.348692629E-10	-4.793551112E-10	-9.619596994E-7	1.214012144E-7	3.427509665E-10	-2.014512113E-9	-1.277698170E-9	5.269592540E-10
7.990000000E-2	1.943749033E+2	1.877110000E+0	1.742490000E+0	2.155438097E-6	6.775630368E-7	1.666447091E-9	9.841635285E-10	1.578559727E-9	3.917622060E-10	2.659348297E-7	4.795674613E-8	1.111509773E-9	-7.922965062E-11	5.184119245E-10	-8.504185134E-10	-9.619168395E-7	1.211093945E-7	3.590815700E-10	-1.563189245E-9	-1.399945160E-9	1.385325604E-10
8.003000000E-2	1.947740440E+2	1.874710000E+0	1.730730000E+0	2.155415359E-6	6.778115562E-7	1.528689952E-9	7.158420523E-10	1.288339213E-9	3.376494917E-10	2.662641521E-7	4.798707565E-8	6.215281623E-10	1.791142373E-10	8.344296920E-10	-1.193965038E-9	-9.617936030E-7	1.208476164E-7	1.160389077E-10	-7.945406000E-10	-1.459389609E-9	-2.302365104E-10
8.003000000E-2	1.953735313E+2	1.870610000E+0	1.732250000E+0	2.155609536E-6	6.781397701E-7	1.510450653E-9	5.198853570E-10	7.347280007E-10	1.562867474E-10	2.667869410E-7	4.806880938E-8	1.644567815E-10	1.833690144E-10	1.185957443E-9	-1.350520917E-9	-9.616258012E-7	1.206840210E-7	-4.020265371E-11	-2.311292546E-10	-1.465576882E-9	-2.265745092E-10
8.003000000E-2	1.957741720E+2	1.870430000E+0	1.730570000E+0	2.155821903E-6	6.784649713E-7	1.586968001E-9	2.869305904E-10	2.619161277E-10	-1.965453911E-10	2.672728385E-7	4.825129096E-8	-1.209837924E-10	-1.035468725E-10	1.378925085E-9	-1.372484792E-9	-9.614325336E-7	1.205167166E-7	-1.435818964E-10	3.176429397E-10	-1.414171558E-9	-6.868374619E-11
8.003000000E-2	1.961735987E+2	1.866570000E+0	1.728020000E+0	2.155896709E-6	6.786364111E-7	1.570817476E-9	8.896475917E-11	-6.687835008E-11	-5.518263069E-10	2.676148085E-7	4.846024382E-8	-2.806971322E-10	-5.383537505E-10	1.393300142E-9	-1.304510056E-9	-9.612828080E-7	1.204399638E-7	-3.349381883E-10	7.806919000E-10	-1.422324369E-9	8.337189272E-11
8.003000000E-2	1.965735413E+2	1.864040000E+0	1.729710000E+0	2.156110895E-6	6.787560665E-7	1.366461611E-9	-2.020479894E-10	-4.189663061E-10	-1.095284419E-9	2.680070565E-7	4.881610849E-8	-4.267629583E-10	-9.186902905E-10	1.191573174E-9	-1.181901244E-9	-9.611401310E-7	1.204518725E-7	-5.042865570E-10	1.119301873E-9	-1.493042245E-9	2.208989935E-10
7.997000000E-2	1.969749257E+2	1.864490000E+0	1.728050000E+0	2.156519713E-6	6.789812233E-7	1.146764461E-9	-5.744905107E-10	-4.947843246E-10	-1.547277084E-9	2.680945670E-7	4.908348217E-8	-7.299830185E-10	-1.039101805E-9	8.745082436E-10	-1.040791120E-9	-9.610984080E-7	1.203715243E-7	-6.653240181E-10	1.177343112E-9	-1.483270062E-9	4.370627749E-10
7.997000000E-2	1.973745902E+2	1.860980000E+0	1.728050000E+0	2.156860091E-6	6.791068472E-7	1.067178679E-9	-1.002544159E-9	-4.156973932E-10	-1.775989133E-9	2.680245643E-7	4.929168895E-8	-1.101425062E-9	-1.019829554E-9	5.870489650E-10	-9.811177426E-10	-9.611115956E-7	1.201797772E-7	-6.324888391E-10	1.059924037E-9	-1.367581492E-9	6.687976284E-10
8.003000000E-2	1.977741725E+2	1.858420000E+0	1.732930000E+0	2.157084964E-6	6.789371696E-7	1.030875274E-9	-1.232124291E-9	-2.161315155E-10	-1.601227706E-9	2.679207682E-7	4.943160192E-8	-1.551067608E-9	-9.252289490E-10	3.308989749E-10	-9.790089850E-10	-9.609395875E-7	1.198773560E-7	-2.909534072E-11	8.561041320E-10	-9.534695256E-10	9.997039863E-10
7.997000000E-2	1.983736232E+2	1.864490000E+0	1.730090000E+0	2.157316203E-6	6.786443691E-7	9.042874782E-10	-1.193876553E-9	-9.670334672E-11	-1.233345870E-9	2.677687689E-7	4.955233379E-8	-1.891711676E-9	-7.906330590E-10	2.116857800E-10	-1.069957234E-9	-9.609073004E-7	1.197144144E-7	4.427767597E-10	7.943863345E-10	-8.080596747E-10	1.021729146E-9
7.983000000E-2	1.986732770E+2	1.864070000E+0	1.736860000E+0	2.157481731E-6	6.784509878E-7	8.501057080E-10	-1.001398742E-9	2.861070755E-11	-1.123770743E-9	2.675489839E-7	4.967047218E-8	-1.937033201E-9	-7.291151016E-10	1.621112827E-10	-1.151355455E-9	-9.609763083E-7	1.196064972E-7	9.292028813E-10	5.931372615E-10	-7.381209532E-10	8.699740928E-10
8.010000000E-2	1.990735027E+2	1.865440000E+0	1.738170000E+0	2.157589733E-6	6.782640298E-7	8.494345227E-10	-8.383483352E-10	8.016097508E-11	-1.054943355E-9	2.672659036E-7	4.976465817E-8	-1.743844957E-9	-6.486763904E-10	6.772916950E-11	-1.216098777E-9	-9.612401755E-7	1.194835591E-7	1.425234153E-9	3.963102346E-10	-6.452600121E-10	7.568095039E-10
8.003000000E-2	1.994735687E+2	1.869500000E+0	1.737970000E+0	2.157590643E-6	6.782530591E-7	9.500310538E-10	-6.170159939E-10	1.550992945E-10	-8.956639319E-10	2.667821661E-7	4.983792934E-8	-1.292834506E-9	-6.953140841E-10	-1.292925211E-10	-1.318066434E-9	-9.615656609E-7	1.195213599E-7	1.748229117E-9	2.525864795E-10	-3.874638110E-10	5.784781543E-10
8.003000000E-2	1.998732929E+2	1.872020000E+0	1.744710000E+0	2.157483323E-6	6.784719062E-7	1.098315661E-9	-4.000592080E-10	2.897162232E-10	-7.601190233E-10	2.663143732E-7	4.989405511E-8	-8.466685131E-10	-9.170114668E-10	-3.064224707E-10	-1.386758597E-9	-9.616135230E-7	1.197308279E-7	1.724849263E-9	2.036070618E-10	6.297751903E-11	3.882441868E-10
8.003000000E-2	2.002738491E+2	1.870310000E+0	1.739150000E+0	2.157325525E-6	6.788288829E-7	1.185778475E-9	-1.603318173E-10	4.050920155E-10	-5.274701787E-10	2.658658218E-7	4.997964709E-8	-3.864328857E-10	-1.317185028E-9	-4.397008868E-10	-1.366063596E-9	-9.613532939E-7	1.199833548E-7	1.592037835E-9	2.119593528E-10	4.565304246E-10	2.579746972E-10
8.003000000E-2	2.006740973E+2	1.872390000E+0	1.748870000E+0	2.157153631E-6	6.791738087E-7	1.131283844E-9	5.375749151E-11	5.142439252E-10	-3.427738093E-10	2.654659568E-7	5.017117388E-8	1.269843397E-10	-2.153169865E-9	-8.170405463E-10	-1.247536074E-9	-9.606208096E-7	1.202745636E-7	1.186423515E-9	2.100843111E-10	8.345077407E-10	-2.077932618E-11
8.003000000E-2	2.012748578E+2	1.870010000E+0	1.748280000E+0	2.156891696E-6	6.794221008E-7	9.600419348E-10	3.457067133E-10	6.880421233E-10	-4.162568901E-10	2.653858928E-7	5.014059923E-8	3.862759279E-10	-2.839837254E-9	-1.079467626E-9	-1.050034060E-9	-9.605436162E-7	1.202677282E-7	9.873234452E-10	5.950455406E-11	7.832378079E-10	-3.615541477E-10
7.990000000E-2	2.016731771E+2	1.868480000E+0	1.746430000E+0	2.156577693E-6	6.795411878E-7	9.003467416E-10	4.567069223E-10	7.880252562E-10	-4.697674472E-10	2.654414004E-7	4.975548862E-8	5.488355881E-10	-3.096498835E-9	-1.128583782E-9	-1.005757921E-9	-9.606480944E-7	1.202067210E-7	7.727580798E-10	-1.283776557E-10	7.727846696E-10	-7.238928346E-10
8.003000000E-2	2.020733943E+2	1.872260000E+0	1.745780000E+0	2.156272103E-6	6.794654155E-7	8.626202530E-10	4.507924867E-10	7.483393349E-10	-2.556465317E-10	2.655097262E-7	4.916734753E-8	7.801218560E-10	-3.081269018E-9	-1.119715543E-9	-9.489329322E-10	-9.609241260E-7	1.201539135E-7	6.546695408E-10	-2.579131631E-10	8.197193480E-10	-8.785515648E-10
7.983000000E-2	2.024735097E+2	1.870950000E+0	1.744960000E+0	2.156050186E-6	6.793990792E-7	7.753254705E-10	2.945562127E-10	6.881330505E-10	1.100463817E-10	2.655415585E-7	4.859808911E-8	9.748403196E-10	-2.807982069E-9	-1.098163005E-9	-8.733398449E-10	-9.610995448E-7	1.201419622E-7	5.476214482E-10	-1.995153626E-10	9.166640780E-10	-7.511039568E-10
7.990000000E-2	2.028739233E+2	1.870320000E+0	1.746200000E+0	2.155895800E-6	6.793723060E-7	6.245096662E-10	4.827534206E-11	6.509799366E-10	4.108191842E-10	2.654960554E-7	4.828762101E-8	1.040840192E-9	-2.404076493E-9	-1.014510031E-9	-7.594916362E-10	-9.611414953E-7	1.201838842E-7	3.830225026E-10	-6.337198127E-11	9.456418981E-10	-7.229833399E-10
7.997000000E-2	2.032742015E+2	1.870530000E+0	1.747110000E+0	2.155848961E-6	6.793979424E-7	4.781181007E-10	-1.293413571E-10	5.606342612E-10	7.310264616E-10	2.653393665E-7	4.813365351E-8	8.675254959E-10	-1.710363073E-9	-8.157681197E-10	-5.502884259E-10	-9.611616179E-7	1.202782585E-7	3.017963657E-10	6.802638314E-11	8.506196858E-10	-9.047174121E-10
7.990000000E-2	2.036730712E+2	1.871500000E+0	1.745810000E+0	2.155988113E-6	6.794883802E-7	5.022697813E-10	-3.103187707E-10	3.740568688E-10	1.041999487E-9	2.653058004E-7	4.794119590E-8	1.132595268E-10	-8.040708099E-10	-6.477757775E-10	-3.548193406E-10	-9.613607972E-7	1.204606122E-7	2.012640471E-10	2.130757654E-10	5.261743263E-10	-1.120052384E-9
8.010000000E-2	2.042735120E+2	1.872700000E+0	1.747100000E+0	2.156172741E-6	6.795904142E-7	6.803116959E-10	-6.874427694E-10	3.069305365E-10	1.325957677E-9	2.654024342E-7	4.768590855E-8	-8.062676082E-10	-2.678127997E-10	-4.133739184E-10	3.109271738E-12	-9.615101817E-7	1.205855682E-7	7.539267127E-11	2.972601332E-10	3.228564638E-10	-1.161593932E-9
7.997000000E-2	2.046734025E+2	1.880330000E+0	1.740110000E+0	2.156345545E-6	6.796393564E-7	1.001670746E-9	-1.003406469E-9	3.651429159E-10	1.423888230E-9	2.655096409E-7	4.755571936E-8	-1.761392254E-9	-1.030686023E-10	-9.141460505E-11	6.287702026E-10	-9.616878742E-7	1.209070177E-7	6.755628695E-11	3.961899697E-10	1.460850746E-10	-1.212632217E-9
8.003000000E-2	2.050750047E+2	1.880930000E+0	1.743220000E+0	2.156484243E-6	6.797358196E-7	1.265342497E-9	-1.203212085E-9	4.552641597E-10	1.483319356E-9	2.655519893E-7	4.751688110E-8	-2.261213661E-9	-9.560452430E-11	1.765890351E-10	1.114711434E-9	-9.617292562E-7	1.210677851E-7	9.063259171E-11	4.839868506E-10	-3.803807963E-11	-1.226195368E-9
7.997000000E-2	2.054731685E+2	1.883330000E+0	1.743520000E+0	2.156459232E-6	6.799005519E-7	1.435667696E-9	-1.330827226E-9	7.346565578E-10	1.672462280E-9	2.656392439E-7	4.757182026E-8	-2.448668601E-9	-2.596811377E-10	5.605174103E-10	1.510656822E-9	-9.616002217E-7	1.208093465E-7	6.469593611E-11	6.046816381E-10	-1.750862927E-10	-1.206350020E-9
7.997000000E-2	2.058733388E+2	1.884630000E+0	1.738410000E+0	2.156313712E-6	6.799491530E-7	1.320660359E-9	-1.394925619E-9	9.281651003E-10	1.788422077E-9	2.657168636E-7	4.767752060E-8	-2.315458936E-9	-3.457482633E-10	7.653894740E-10	1.646985104E-9	-9.613017937E-7	1.205502542E-7	3.959342229E-11	7.224912890E-10	-1.060534369E-10	-1.209104816E-9
8.003000000E-2	2.062730144E+2	1.887220000E+0	1.740720000E+0	2.156038818E-6	6.800056553E-7	1.080993628E-9	-1.546939243E-9	1.125920690E-9	1.749722478E-9	2.658912308E-7	4.795732167E-8	-2.123203613E-9	-2.874251392E-10	8.399635987E-10	1.527570403E-9	-9.607971378E-7	1.202862734E-7	-1.015530507E-10	8.931234086E-10	1.327581795E-10	-1.176225672E-9
7.997000000E-2	2.066739841E+2	1.885820000E+0	1.739190000E+0	2.155742777E-6	6.797988590E-7	7.500680077E-10	-1.915811287E-9	1.134649485E-9	1.708070796E-9	2.661894598E-7	4.823979083E-8	-1.893594614E-9	-4.407891413E-11	7.510555511E-10	1.129992544E-9	-9.604038951E-7	1.200418325E-7	-2.069169142E-10	1.045812104E-9	6.162136357E-10	-8.244409044E-10
8.003000000E-2	2.073732832E+2	1.891120000E+0	1.733790000E+0	2.155575885E-6	6.791607348E-7	5.601660802E-10	-2.479342287E-9	7.428465620E-10	1.660100280E-9	2.664685042E-7	4.832935474E-8	-1.746264577E-9	-4.416092839E-11	4.738110460E-10	8.357929349E-10	-9.604983688E-7	1.200163524E-7	-3.190206987E-10	1.278559814E-9	1.105886604E-9	-4.746139592E-10
8.003000000E-2	2.077747292E+2	1.889480000E+0	1.740260000E+0	2.155717539E-6	6.788615678E-7	5.992639718E-10	-2.694042545E-9	4.994845093E-10	1.518760895E-9	2.665602494E-7	4.837745493E-8	-1.609973266E-9	-2.313705061E-10	3.727906595E-10	8.937294793E-10	-9.606369531E-7	1.201436533E-7	-4.579436275E-10	1.569455232E-9	1.402049588E-9	-2.232696805E-10
7.990000000E-2	2.081735404E+2	1.891350000E+0	1.736440000E+0	2.155878747E-6	6.789003351E-7	7.362922494E-10	-2.743294925E-9	2.175917918E-10	1.256132642E-9	2.665773593E-7	4.853355762E-8	-1.297877472E-9	-3.564807061E-10	2.974639701E-10	1.015809992E-9	-9.606827689E-7	1.204046214E-7	-6.682077114E-10	1.839166486E-9	1.477783451E-9	-6.635002964E-11
7.997000000E-2	2.085734118E+2	1.890910000E+0	1.735820000E+0	2.155962875E-6	6.791540272E-7	9.478016150E-10	-2.683633982E-9	-4.025923692E-11	9.467040485E-10	2.666317016E-7	4.890351946E-8	-8.538313390E-10	-2.608343264E-10	3.388610226E-10	1.094694557E-9	-9.606626463E-7	1.206541924E-7	-9.390781486E-10	1.955903661E-9	1.582262765E-9	1.218619788E-10
7.990000000E-2	2.090731575E+2	1.889270000E+0	1.739160000E+0	2.155995844E-6	6.792043905E-7	1.166378105E-9	-2.650125897E-9	-1.130353658E-10	7.873190988E-10	2.667032106E-7	4.916996232E-8	-3.551624828E-10	-7.775295685E-11	3.684258176E-10	1.182548837E-9	-9.606621916E-7	1.207928904E-7	-1.074419442E-9	1.814623674E-9	1.455596310E-9	3.108318603E-10
8.010000000E-2	2.094749507E+2	1.889360000E+0	1.729540000E+0	2.156155460E-6	6.791393048E-7	1.355625168E-9	-2.629835460E-9	-9.271931833E-11	5.140411985E-10	2.667937338E-7	4.954763355E-8	2.983479574E-10	5.583826457E-11	3.861042597E-10	1.221770240E-9	-9.604741535E-7	1.205216051E-7	-1.022849472E-9	1.727582522E-9	1.077801515E-9	3.850783303E-10
7.997000000E-2	2.098740546E+2	1.891140000E+0	1.734410000E+0	2.156477421E-6	6.790222074E-7	1.336191158E-9	-2.450461389E-9	-3.041685653E-11	3.652861902E-10	2.668805621E-7	4.995166947E-8	8.952452668E-10	-1.161900506E-10	3.621969114E-10	1.219964685E-9	-9.599890518E-7	1.200737643E-7	-8.566048981E-10	1.865359423E-9	7.722374962E-10	3.004984872E-10
7.997000000E-2	2.103746832E+2	1.883820000E+0	1.736320000E+0	2.156829851E-6	6.789431381E-7	1.364272806E-9	-2.066663507E-9	2.002351202E-10	5.527866498E-10	2.667307513E-7	5.034204165E-8	1.488326795E-9	-7.014877013E-10	1.827526047E-10	1.202791644E-9	-9.590751233E-7	1.197982442E-7	-8.475772306E-10	1.988857745E-9	4.115776608E-10	-3.589685493E-11
7.997000000E-2	2.108744292E+2	1.882970000E+0	1.732860000E+0	2.156937853E-6	6.789484246E-7	1.320778709E-9	-1.820520290E-9	3.994766740E-10	8.458705403E-10	2.665800309E-7	5.047276375E-8	1.752898715E-9	-1.065462496E-9	-2.010349526E-11	1.024602625E-9	-9.583736755E-7	1.196113288E-7	-9.203575679E-10	1.878351918E-9	1.530890692E-10	-4.778455409E-10
7.997000000E-2	2.112733185E+2	1.876520000E+0	1.736180000E+0	2.156890787E-6	6.789349527E-7	1.142213435E-9	-1.488281387E-9	5.789703717E-10	1.180274989E-9	2.664397130E-7	5.055053975E-8	1.925725801E-9	-1.440138564E-9	-1.180775616E-10	6.460850743E-10	-9.577812534E-7	1.193117782E-7	-9.491609720E-10	1.792897830E-9	2.958512255E-11	-7.229825627E-10
7.997000000E-2	2.116730731E+2	1.870950000E+0	1.737890000E+0	2.156822120E-6	6.787790312E-7	8.845703059E-10	-9.891465424E-10	5.868744379E-10	1.350827006E-9	2.664226599E-7	5.053561836E-8	1.720807052E-9	-1.750446788E-9	-1.217165119E-10	3.812248017E-10	-9.575766171E-7	1.189749597E-7	-9.689496982E-10	1.764270619E-9	-5.484279697E-11	-8.274487207E-10
7.997000000E-2	2.120739217E+2	1.867850000E+0	1.737980000E+0	2.156801429E-6	6.785992923E-7	6.674582553E-10	-3.235484103E-10	5.028607530E-10	1.422438167E-9	2.665302645E-7	5.038260653E-8	1.457811982E-9	-1.988663234E-9	-7.048147482E-11	1.491108625E-10	-9.577082665E-7	1.186709113E-7	-1.177438480E-9	1.815476658E-9	5.344491343E-12	-8.374915206E-10
8.003000000E-2	2.124741913E+2	1.862680000E+0	1.745220000E+0	2.156718438E-6	6.785269875E-7	3.201836296E-10	4.895238659E-10	4.608566584E-10	1.298033347E-9	2.666552916E-7	5.006996062E-8	1.255664128E-9	-2.278208067E-9	1.081453677E-10	-1.862306975E-10	-9.581264067E-7	1.183140839E-7	-1.340132893E-9	1.816057860E-9	6.500035232E-11	-7.183301731E-10
7.990000000E-2	2.129755149E+2	1.859840000E+0	1.744260000E+0	2.156754590E-6	6.784798643E-7	2.032180153E-11	1.021022600E-9	5.302603912E-10	9.894843833E-10	2.666400860E-7	5.001970038E-8	1.372081781E-9	-2.487692274E-9	2.838122792E-10	-3.522887260E-10	-9.585619409E-7	1.180357856E-7	-1.140259442E-9	1.721554343E-9	2.386873685E-11	-4.845703838E-10
8.003000000E-2	2.133737655E+2	1.858590000E+0	1.748330000E+0	2.156765504E-6	6.784289894E-7	-2.542756838E-10	1.402304273E-9	6.704294342E-10	6.615255566E-10	2.666612886E-7	5.013078663E-8	1.701842334E-9	-2.577315694E-9	3.754770661E-10	-2.345202921E-10	-9.589119827E-7	1.178822018E-7	-7.398522350E-10	1.580776177E-9	1.560145901E-10	-3.309622021E-10
7.990000000E-2	2.137750412E+2	1.856040000E+0	1.748130000E+0	2.156835080E-6	6.782791502E-7	-6.150681631E-10	1.665531380E-9	1.007737338E-9	2.386039422E-10	2.666468504E-7	5.028754657E-8	1.948711637E-9	-2.610111904E-9	3.348465394E-10	-1.103106079E-10	-9.593339882E-7	1.178198943E-7	-2.601988902E-10	1.295722640E-9	4.419073163E-10	-3.512335978E-10
8.003000000E-2	2.141745949E+2	1.861850000E+0	1.747500000E+0	2.156993787E-6	6.781303910E-7	-9.442788773E-10	1.753100776E-9	1.329429566E-9	-5.115583998E-11	2.665609600E-7	5.028684669E-8	1.845643749E-9	-2.553100176E-9	2.161606311E-10	5.379667545E-11	-9.595925121E-7	1.178368549E-7	2.144570459E-11	9.824836500E-10	7.482076625E-10	-4.135302933E-10
7.997000000E-2	2.145749710E+2	1.868860000E+0	1.748400000E+0	2.157269591E-6	6.781340289E-7	-1.179143117E-9	1.698755914E-9	1.721651155E-9	-3.049054620E-10	2.664964143E-7	5.009145454E-8	1.472851507E-9	-2.253870424E-9	1.389089538E-10	3.287624617E-10	-9.599589248E-7	1.178675788E-7	1.592088267E-10	6.900595095E-10	9.981132587E-10	-4.735449255E-10
8.003000000E-2	2.149740093E+2	1.869060000E+0	1.748910000E+0	2.157568815E-6	6.782182709E-7	-1.343150147E-9	1.387043369E-9	1.890890777E-9	-5.909586709E-10	2.665965724E-7	4.992859104E-8	8.425168341E-10	-1.812367811E-9	8.232133725E-11	5.815817827E-10	-9.604127627E-7	1.179372902E-7	8.402689655E-11	5.378253953E-10	1.144324080E-9	-6.256489771E-10
7.997000000E-2	2.153744511E+2	1.870180000E+0	1.753670000E+0	2.157727295E-6	6.784188713E-7	-1.417870155E-9	9.582907801E-10	1.783246328E-9	-7.376793065E-10	2.668050456E-7	4.983711221E-8	2.581628522E-10	-1.297927654E-9	6.391298601E-11	7.701448923E-10	-9.609204881E-7	1.180239551E-7	-2.571659274E-10	5.157427818E-10	1.229655266E-9	-7.959322090E-10
7.990000000E-2	2.157743750E+2	1.873330000E+0	1.749270000E+0	2.157730933E-6	6.788189353E-7	-1.347266521E-9	5.089469957E-10	1.596125121E-9	-8.178857036E-10	2.673266124E-7	4.996391922E-8	-1.399770438E-10	-3.795037895E-10	-1.218364298E-10	1.027502638E-9	-9.616176158E-7	1.183637508E-7	-1.188323884E-9	4.188608349E-10	1.387426840E-9	-8.523568518E-10
8.003000000E-2	2.162735309E+2	1.871280000E+0	1.747990000E+0	2.157771633E-6	6.792387808E-7	-1.065928013E-9	2.019714118E-10	1.523075999E-9	-7.157289761E-10	2.674906909E-7	5.014390325E-8	-7.605024943E-11	4.289358313E-10	-2.657346565E-10	1.081062573E-9	-9.618842114E-7	1.186659233E-7	-1.566059837E-9	2.654265141E-10	1.308776643E-9	-7.472814589E-10
7.997000000E-2	2.166750429E+2	1.870030000E+0	1.748950000E+0	2.157830295E-6	6.795008858E-7	-9.302956183E-10	1.193591476E-10	1.511609282E-9	-4.728728520E-10	2.674036921E-7	5.018043581E-8	5.281419399E-11	1.033209629E-9	-3.517215685E-10	1.092856694E-9	-9.619002412E-7	1.188875629E-7	-1.763981183E-9	7.895253201E-11	1.177041686E-9	-6.613026238E-10
7.990000000E-2	2.170738974E+2	1.865100000E+0	1.747860000E+0	2.157941481E-6	6.796877869E-7	-9.831711001E-10	6.536998720E-11	1.427439389E-9	-6.281091619E-11	2.672521759E-7	5.001924919E-8	2.480560479E-10	1.605659827E-9	-4.438505674E-10	1.185014309E-9	-9.614731198E-7	1.190623067E-7	-1.884075562E-9	-6.695700938E-11	9.776341958E-10	-5.841141459E-10
7.997000000E-2	2.174735606E+2	1.862940000E+0	1.749080000E+0	2.158027428E-6	6.796115599E-7	-1.172240971E-9	5.325746441E-11	1.420426998E-9	4.240557627E-10	2.672425694E-7	4.978979717E-8	3.408852645E-10	1.977040975E-9	-4.360325989E-10	1.344813483E-9	-9.609016161E-7	1.191701671E-7	-1.930688498E-9	-9.567992232E-11	6.919699258E-10	-5.203353859E-10
7.983000000E-2	2.178732359E+2	1.863570000E+0	1.743810000E+0	2.157919880E-6	6.792629961E-7	-1.320092480E-9	-5.954978177E-11	1.481664236E-9	9.440358495E-10	2.674001109E-7	4.966721434E-8	2.763463069E-10	2.451503445E-9	-1.666042027E-10	1.423334006E-9	-9.603616036E-7	1.192236283E-7	-2.050862369E-9	-4.822803962E-11	5.129742187E-10	-5.438485773E-10
7.879000000E-2	2.183735314E+2	1.867260000E+0	1.739050000E+0	2.157657263E-6	6.788445148E-7	-1.361735058E-9	-1.178961442E-11	1.323138932E-9	1.394100058E-9	2.676841859E-7	4.985612989E-8	-4.655495173E-12	3.142439198E-9	1.270205607E-10	1.674283379E-9	-9.601352531E-7	1.192268826E-7	-2.099182384E-9	6.449268897E-11	3.666867365E-10	-6.593605661E-10
7.722000000E-2	2.188736806E+2	1.865980000E+0	1.742690000E+0	2.157359177E-6	6.787279858E-7	-1.239227165E-9	3.238120327E-10	9.043700788E-10	1.636088376E-9	2.678229691E-7	5.034162953E-8	-2.274003624E-10	3.648106261E-9	1.936556610E-10	1.989153509E-9	-9.600336170E-7	1.193393757E-7	-1.895029467E-9	3.804359605E-10	3.096022327E-10	-6.101388839E-10
7.440000000E-2	2.193752480E+2	1.868410000E+0	1.743800000E+0	2.157025165E-6	6.787319080E-7	-9.410205948E-10	8.421386921E-10	6.123420104E-10	1.614444578E-9	2.677354871E-7	5.075511211E-8	-2.133858229E-10	3.939010451E-9	3.642596502E-10	2.122280574E-9	-9.598944644E-7	1.196895596E-7	-1.548979389E-9	7.317756956E-10	1.669921840E-10	-5.224131128E-10
7.172000000E-2	2.198737628E+2	1.873530000E+0	1.736430000E+0	2.156588607E-6	6.786564768E-7	-6.844769751E-10	1.375877967E-9	1.838941915E-10	1.396434857E-9	2.676940767E-7	5.108151058E-8	-2.073722027E-10	3.995734410E-9	5.439400597E-10	1.841229502E-9	-9.598201132E-7	1.203516007E-7	-1.029282881E-9	9.275317181E-10	-8.013004843E-11	-4.291859368E-10
6.936000000E-2	2.202739487E+2	1.875950000E+0	1.747240000E+0	2.156336223E-6	6.786464724E-7	-7.247148992E-10	1.672459393E-9	-1.338438388E-10	1.234470637E-9	2.674265147E-7	5.104777046E-8	-3.667120219E-10	3.870178400E-9	5.235258893E-10	1.391960103E-9	-9.601404827E-7	1.210406424E-7	-6.185685297E-10	8.402305518E-10	-1.436522429E-10	-3.548451533E-10
6.649000000E-2	2.207734646E+2	1.873950000E+0	1.746840000E+0	2.156236178E-6	6.785793403E-7	-9.815595004E-10	1.748370559E-9	-4.127327924E-10	1.124937921E-9	2.670134052E-7	5.069693643E-8	-4.723837432E-10	3.645841185E-9	4.804000531E-10	8.105429661E-10	-9.606691265E-7	1.217533310E-7	-4.873089709E-10	7.305731575E-10	-1.253881721E-10	-2.719185988E-10
6.459000000E-2	2.211749627E+2	1.875520000E+0	1.742210000E+0	2.156341907E-6	6.783590152E-7	-1.306412867E-9	1.812596961E-9	-5.602247000E-10	8.826394060E-10	2.667199226E-7	5.039310480E-8	-5.985377194E-10	3.458895392E-9	3.576624830E-10	4.149163790E-10	-9.612097074E-7	1.222287267E-7	-4.668540554E-10	3.759830503E-10	-1.337888689E-10	-1.142987163E-10
6.125000000E-2	2.216736003E+2	1.868300000E+0	1.748560000E+0	2.156600431E-6	6.779217756E-7	-1.598003174E-9	1.894928880E-9	-5.881150011E-10	6.667663088E-10	2.664587555E-7	5.009991710E-8	-7.095646293E-10	3.236067858E-9	3.909576274E-10	5.774021886E-11	-9.619833463E-7	1.225512420E-7	-1.568895430E-10	-1.021061846E-10	-1.101547048E-10	1.766382041E-10
5.850000000E-2	2.221733880E+2	1.869670000E+0	1.743810000E+0	2.157029940E-6	6.775335919E-7	-1.771109259E-9	1.613825629E-9	-5.327844277E-10	7.668166102E-10	2.660164569E-7	4.985805546E-8	-7.929937818E-10	2.840798707E-9	5.897327071E-10	-3.448663854E-10	-9.627239024E-7	1.227364379E-7	4.748288221E-11	-5.179301987E-10	-1.871426208E-10	4.974225892E-11
5.667000000E-2	2.225731404E+2	1.869670000E+0	1.739870000E+0	2.157508334E-6	6.772900747E-7	-1.851742870E-9	1.284562123E-9	-2.286650869E-10	9.799610012E-10	2.654267632E-7	4.963276368E-8	-7.844749850E-10	2.116441689E-9	6.055131396E-10	-6.115299378E-10	-9.631868352E-7	1.229136899E-7	9.950728609E-12	-5.938235459E-10	-6.272387609E-10	-2.379793029E-10
5.353000000E-2	2.230744055E+2	1.867580000E+0	1.741780000E+0	2.158013558E-6	6.770811751E-7	-1.784057679E-9	1.177622222E-9	-5.158335911E-11	1.110994297E-9	2.652556645E-7	4.959013822E-8	-7.367051413E-10	1.416859630E-9	3.281251382E-10	-5.916098167E-10	-9.633663467E-7	1.229779940E-7	-2.358550577E-10	-4.433840795E-10	-1.304354513E-9	-5.549036786E-10
5.150000000E-2	2.234732498E+2	1.864710000E+0	1.735950000E+0	2.158445113E-6	6.768966045E-7	-1.425800700E-9	1.176551190E-9	7.847801575E-11	1.051632448E-9	2.653814022E-7	4.956185151E-8	-7.221784282E-10	6.359485161E-10	-1.328618604E-10	-4.351581595E-10	-9.635180049E-7	1.229231970E-7	-4.804918130E-10	-3.461850806E-10	-1.907176639E-9	-7.216063858E-10
4.986000000E-2	2.238731201E+2	1.866040000E+0	1.738330000E+0	2.158899406E-6	6.766836691E-7	-1.030525554E-9	1.243184777E-9	2.043044622E-10	7.319576611E-10	2.657850757E-7	4.963688482E-8	-6.474964454E-10	-8.830234460E-11	-7.621865361E-10	-1.625575924E-10	-9.635513152E-7	1.228696362E-7	-7.088706289E-10	-3.048526154E-10	-2.363883977E-9	-7.325210993E-10
4.672000000E-2	2.243748794E+2	1.868730000E+0	1.739890000E+0	2.159219548E-6	6.767886021E-7	-7.647650846E-10	1.233780411E-9	2.052233522E-10	4.659281294E-10	2.660655696E-7	4.998369008E-8	-3.308056606E-10	-4.850171931E-10	-1.349820922E-9	2.383109335E-11	-9.635118659E-7	1.229387010E-7	-9.281981850E-10	-2.485941175E-10	-2.316443259E-9	-7.162226923E-10
4.430000000E-2	2.248735679E+2	1.873720000E+0	1.735440000E+0	2.159511041E-6	6.769282663E-7	-7.021093151E-10	1.137410610E-9	1.729432708E-10	2.459222548E-10	2.664268379E-7	5.019179383E-8	-1.542596953E-11	-4.351687899E-10	-1.528065341E-9	-1.047446366E-10	-9.633840818E-7	1.231097571E-7	-1.059641708E-9	-1.651012521E-10	-1.979255204E-9	-9.203774409E-10
4.155000000E-2	2.253751815E+2	1.871640000E+0	1.734750000E+0	2.159916221E-6	6.771295489E-7	-8.845699728E-10	9.932995537E-10	8.860330525E-11	9.554314284E-11	2.667372030E-7	5.012459425E-8	-1.878515676E-10	-9.621020647E-11	-1.472106881E-9	-2.306697888E-10	-9.633779428E-7	1.231275633E-7	-1.039769049E-9	-6.822768739E-11	-1.706472519E-9	-1.074878409E-9
3.966000000E-2	2.257748430E+2	1.872940000E+0	1.742930000E+0	2.160222721E-6	6.774178018E-7	-1.045768916E-9	7.543750624E-10	-2.095880691E-10	3.551689325E-12	2.669893320E-7	4.983647983E-8	-5.741106479E-10	4.256598685E-10	-1.294886087E-9	-3.297128126E-10	-9.632444744E-7	1.228679594E-7	-9.060753814E-10	1.499128738E-10	-1.245788805E-9	-1.236514224E-9
3.651000000E-2	2.263741371E+2	1.872840000E+0	1.746120000E+0	2.160414624E-6	6.774209282E-7	-1.330434873E-9	3.994914954E-10	-3.974887364E-10	-1.488919057E-11	2.668565457E-7	4.970143053E-8	-1.075000311E-9	1.077077316E-9	-9.857263894E-10	-4.418197197E-10	-9.629203532E-7	1.225152602E-7	-6.820255471E-10	2.388783615E-10	-9.083958030E-10	-1.377552517E-9
3.494000000E-2	2.267748442E+2	1.872230000E+0	1.743700000E+0	2.160585837E-6	6.772550591E-7	-1.822867413E-9	4.718097094E-11	-5.245471835E-10	-1.661346061E-10	2.666420755E-7	4.979133195E-8	-1.409298567E-9	1.556923035E-9	-5.780188550E-10	-3.441132101E-10	-9.628409998E-7	1.221144714E-7	-4.600945180E-10	1.423566126E-10	-7.334763907E-10	-1.569557706E-9
3.220000000E-2	2.272748716E+2	1.863350000E+0	1.751440000E+0	2.160651093E-6	6.769607808E-7	-2.244272768E-9	-3.831745754E-10	-5.755431687E-10	-3.968465001E-10	2.664459942E-7	5.000514847E-8	-1.180544884E-9	1.674682060E-9	-2.024944795E-10	-4.013698748E-11	-9.628093949E-7	1.214875454E-7	-3.928177783E-10	-5.518159887E-11	-8.870097989E-10	-1.946921069E-9
2.951000000E-2	2.277733594E+2	1.858110000E+0	1.752520000E+0	2.160755912E-6	6.766553042E-7	-2.541676647E-9	-7.947617564E-10	-6.648817052E-10	-6.481166714E-10	2.662489180E-7	5.021521687E-8	-5.539725345E-10	1.528572269E-9	-5.067635200E-11	2.318849834E-10	-9.628814723E-7	1.210684530E-7	-3.893077527E-10	-3.517383607E-10	-8.373599591E-10	-2.360051932E-9
2.650000000E-2	2.283751162E+2	1.856910000E+0	1.747060000E+0	2.161370958E-6	6.765549187E-7	-2.939954724E-9	-1.148164341E-9	-5.989806984E-10	-1.130477933E-9	2.661766700E-7	5.036288542E-8	2.007306474E-11	1.275865635E-9	-2.950807931E-10	3.535876591E-10	-9.630400655E-7	1.211091813E-7	-3.250102965E-10	-6.055973501E-10	-6.589533363E-10	-2.591667325E-9
2.415000000E-2	2.288746299E+2	1.853150000E+0	1.739920000E+0	2.161923248E-6	6.766342722E-7	-2.783225428E-9	-1.414051765E-9	-4.615165750E-10	-1.406393779E-9	2.664472163E-7	5.042833706E-8	1.138827990E-10	6.965909516E-10	-5.811141568E-10	5.223275701E-10	-9.633911304E-7	1.213853977E-7	-1.054653448E-10	-8.233643767E-10	-3.029681783E-10	-2.682153166E-9
2.231000000E-2	2.293733580E+2	1.857300000E+0	1.738910000E+0	2.162076498E-6	6.765468470E-7	-2.312422476E-9	-1.677423755E-9	-4.252018737E-10	-1.697263663E-9	2.669802939E-7	5.049533058E-8	1.336784156E-10	3.792960737E-11	-6.304987643E-10	4.844628032E-10	-9.636079312E-7	1.215453835E-7	5.178627666E-11	-9.946757862E-10	-3.147245312E-11	-2.583076197E-9
1.970000000E-2	2.297736066E+2	1.860900000E+0	1.737370000E+0	2.161755447E-6	6.763684723E-7	-1.682249007E-9	-1.498066227E-9	-4.478944438E-10	-1.940068772E-9	2.673805852E-7	5.037493267E-8	1.300738128E-10	-4.449059177E-10	-6.698443467E-10	2.959512912E-10	-9.636764844E-7	1.213863214E-7	2.053031217E-10	-1.248555481E-9	9.488316383E-11	-2.476192362E-9
1.734000000E-2	2.302735381E+2	1.869310000E+0	1.730370000E+0	2.161463044E-6	6.757707638E-7	-1.258776083E-9	-1.275955786E-9	-4.653802621E-10	-2.142084510E-9	2.676468967E-7	5.018330995E-8	1.101129535E-10	-8.340410584E-10	-6.326655311E-10	2.021968565E-10	-9.638246183E-7	1.211503360E-7	2.935338361E-10	-1.332374544E-9	-1.953641276E-10	-2.441401970E-9
1.459000000E-2	2.307731357E+2	1.874350000E+0	1.737140000E+0	2.161417797E-6	6.747847010E-7	-8.133108076E-10	-1.081074008E-9	-6.256947183E-10	-2.210259531E-9	2.677181783E-7	4.981442458E-8	3.652509129E-10	-1.089474844E-9	-6.374212824E-10	1.183737275E-10	-9.642843679E-7	1.209349563E-7	2.131785859E-10	-1.197874799E-9	-6.755476178E-10	-2.079130868E-9
1.217000000E-2	2.312732271E+2	1.876310000E+0	1.742420000E+0	2.161589009E-6	6.737847684E-7	-5.675267478E-10	-9.680739543E-10	-8.361197290E-10	-2.089185269E-9	2.674954089E-7	4.957418298E-8	7.574911809E-10	-1.061343014E-9	-7.165340543E-10	1.218294077E-10	-9.647508250E-7	1.210165550E-7	1.096877311E-10	-1.151051254E-9	-6.753839710E-10	-1.643227665E-9
1.021000000E-2	2.316733289E+2	1.879330000E+0	1.739750000E+0	2.161735438E-6	6.730158475E-7	-5.533677960E-10	-1.147495654E-9	-9.827048064E-10	-1.860844590E-9	2.669480068E-7	4.956157085E-8	1.124150661E-9	-8.851975264E-10	-8.223141612E-10	1.546406232E-11	-9.654869473E-7	1.212368659E-7	-1.784608052E-11	-1.001160710E-9	-5.655816371E-10	-1.082097634E-9
8.510000000E-3	2.320736361E+2	1.877220000E+0	1.746180000E+0	2.161851398E-6	6.722399348E-7	-7.460612683E-10	-1.496039404E-9	-1.081975065E-9	-1.609448908E-9	2.660829637E-7	4.966815581E-8	1.247818293E-9	-6.848674405E-10	-9.189244920E-10	-2.246629271E-10	-9.663689298E-7	1.215745868E-7	-9.996490441E-11	-6.864376845E-10	-3.055123099E-10	-5.298999017E-10
7.660000000E-3	2.324749420E+2	1.871000000E+0	1.747660000E+0	2.161981229E-6	6.716943517E-7	-9.900006370E-10	-1.815202655E-9	-1.073826805E-9	-1.409350303E-9	2.651147781E-7	4.979070667E-8	1.115558645E-9	-5.769506539E-10	-9.457926664E-10	-4.892792282E-10	-9.671497310E-7	1.219431169E-7	-2.172225871E-10	-4.518946883E-10	-5.269490400E-11	-1.781013531E-10
7.200000000E-3	2.328750971E+2	1.866280000E+0	1.745510000E+0	2.162234750E-6	6.714802225E-7	-1.035804442E-9	-1.991275367E-9	-1.023767071E-9	-1.374828140E-9	2.644299570E-7	4.980545398E-8	9.348075647E-10	-5.486925914E-10	-9.836141901E-10	-7.365081878E-10	-9.680171615E-7	1.224098583E-7	-5.204957576E-10	-3.346711797E-10	1.733616445E-10	1.205589656E-10
7.000000000E-3	2.332750437E+2	1.864440000E+0	1.749660000E+0	2.162411420E-6	6.716491612E-7	-9.524785405E-10	-2.221942186E-9	-1.022618767E-9	-1.426301632E-9	2.638143997E-7	4.983817803E-8	8.498178272E-10	-5.188043328E-10	-1.058411914E-9	-9.721944361E-10	-9.689666740E-7	1.231854299E-7	-6.481661874E-10	-2.805388699E-10	4.141501309E-10	1.407638312E-10
7.200000000E-3	2.336731825E+2	1.865740000E+0	1.744070000E+0	2.162245437E-6	6.719292287E-7	-7.428635484E-10	-2.556925560E-9	-9.172870796E-10	-1.516232362E-9	2.633831002E-7	4.995373359E-8	1.017415596E-9	-8.363171960E-11	-1.047487652E-9	-1.211536316E-9	-9.707413256E-7	1.244518302E-7	-7.419292403E-10	-1.787931192E-10	6.279380904E-10	-2.069445310E-10
7.790000000E-3	2.342744076E+2	1.868600000E+0	1.737370000E+0	2.161829798E-6	6.721030559E-7	-3.924117420E-10	-2.693404832E-9	-8.202578616E-10	-1.570992336E-9	2.632484097E-7	5.014710425E-8	1.163219188E-9	3.267975335E-10	-1.068752642E-9	-1.336975086E-9	-9.714857470E-7	1.251685831E-7	-1.143307338E-9	-1.138069292E-10	5.941961922E-10	-3.300561768E-10
8.050000000E-3	2.346730746E+2	1.869120000E+0	1.735690000E+0	2.161463044E-6	6.719785688E-7	5.029276995E-11	-2.622628559E-9	-6.806425978E-10	-1.455960907E-9	2.632512519E-7	5.046308615E-8	1.300063834E-9	5.980764772E-10	-1.071795652E-9	-1.467297506E-9	-9.719946092E-7	1.258726030E-7	-1.742920475E-9	8.894886216E-11	5.115911583E-10	-4.181557045E-10
8.310000000E-3	2.350734986E+2	1.871750000E+0	1.734210000E+0	2.160827535E-6	6.717560268E-7	3.776601254E-10	-2.274489264E-9	-3.205029020E-10	-1.187792087E-9	2.632575331E-7	5.072999087E-8	1.452695519E-9	6.947093456E-10	-1.054506593E-9	-1.487458268E-9	-9.718851288E-7	1.262136067E-7	-2.219706863E-9	4.622699723E-10	2.479945416E-10	-4.945078236E-10
8.700000000E-3	2.354745973E+2	1.873640000E+0	1.735090000E+0	2.160044460E-6	6.715830523E-7	4.094302397E-10	-1.831529262E-9	1.566416719E-10	-8.268298268E-10	2.633253757E-7	5.071428788E-8	1.671913497E-9	6.309890943E-10	-8.596059975E-10	-1.466243571E-9	-9.710320228E-7	1.259789144E-7	-2.642382091E-9	1.024933582E-9	-5.894132404E-11	-6.063896607E-10
9.550000000E-3	2.358747498E+2	1.875800000E+0	1.734630000E+0	2.159410997E-6	6.716424536E-7	1.966456165E-10	-1.372746028E-9	6.228097482E-10	-6.591946988E-10	2.636255374E-7	5.058523911E-8	1.917449532E-9	5.402337466E-10	-7.781173483E-10	-1.542166284E-9	-9.697571386E-7	1.254967117E-7	-2.799936061E-9	1.346236234E-9	-3.142592853E-10	-7.570043481E-10
1.014000000E-2	2.362743497E+2	1.874440000E+0	1.735900000E+0	2.159038786E-6	6.719110957E-7	-2.435730229E-10	-1.015548645E-9	1.057195775E-9	-7.365252852E-10	2.641356218E-7	5.035273887E-8	2.195686299E-9	4.051288749E-10	-7.971774907E-10	-1.535139238E-9	-9.683283224E-7	1.249402146E-7	-2.798805188E-9	1.446009645E-9	-3.152167971E-10	-1.025457830E-9
1.256000000E-2	2.366745923E+2	1.868740000E+0	1.738860000E+0	2.158680445E-6	6.726016864E-7	-6.190831736E-10	-7.834873861E-10	1.486377355E-9	-9.706913051E-10	2.646966379E-7	4.989761493E-8	2.573541158E-9	4.797097164E-10	-8.815425612E-10	-1.474067535E-9	-9.665492371E-7	1.241145782E-7	-2.526846066E-9	1.261688531E-9	-1.259380378E-10	-1.327612909E-9
1.525000000E-2	2.371736403E+2	1.867420000E+0	1.739600000E+0	2.158152938E-6	6.737657259E-7	-6.881039072E-10	-4.959203603E-10	1.517947212E-9	-1.232847380E-9	2.650430986E-7	4.959470701E-8	2.541526545E-9	6.567832389E-10	-1.099098479E-9	-1.312278286E-9	-9.653792858E-7	1.236477942E-7	-2.257324771E-9	6.667953967E-10	1.668497007E-10	-1.366406655E-9
1.793000000E-2	2.376732594E+2	1.865920000E+0	1.746000000E+0	2.157539257E-6	6.749850172E-7	-6.231526961E-10	-1.492293372E-10	1.357789325E-9	-1.157830165E-9	2.655723676E-7	4.909700380E-8	2.114210584E-9	6.752431947E-10	-1.309862996E-9	-9.347324026E-10	-9.647313846E-7	1.233060090E-7	-1.974598263E-9	-1.398918620E-10	4.801778419E-10	-1.178936726E-9
2.120000000E-2	2.381735628E+2	1.864030000E+0	1.746950000E+0	2.156689334E-6	6.760474207E-7	-6.687331244E-10	1.560793578E-10	1.241226455E-9	-9.299521708E-10	2.659058680E-7	4.896860517E-8	1.739019595E-9	6.593584012E-10	-1.334451438E-9	-6.269053055E-10	-9.647557135E-7	1.231305902E-7	-1.589059106E-9	-5.013698900E-10	7.682459113E-10	-8.315326760E-10
2.343000000E-2	2.385734248E+2	1.864420000E+0	1.740410000E+0	2.156077926E-6	6.767406831E-7	-7.840283423E-10	3.516084368E-10	1.068341082E-9	-8.770156823E-10	2.660289340E-7	4.914882368E-8	1.437719055E-9	6.108977213E-10	-1.139851546E-9	-3.835058104E-10	-9.648872492E-7	1.229393973E-7	-1.252910553E-9	-6.863049573E-10	9.411350588E-10	-4.499808026E-10
2.591000000E-2	2.389732289E+2	1.862900000E+0	1.744380000E+0	2.155510174E-6	6.774675398E-7	-9.880877228E-10	4.398969244E-10	9.381453392E-10	-8.273621788E-10	2.658307494E-7	4.965669120E-8	9.520177979E-10	7.114854261E-10	-8.471983670E-10	-1.985364512E-10	-9.648456398E-7	1.226928106E-7	-8.946350327E-10	-8.790139727E-10	7.277816683E-10	1.944105987E-10
2.892000000E-2	2.394735794E+2	1.860600000E+0	1.736540000E+0	2.155201173E-6	6.780378499E-7	-1.238029013E-9	4.731628978E-10	8.436784049E-10	-7.514454614E-10	2.656938989E-7	4.998459957E-8	2.483218353E-10	8.864409207E-10	-5.665176661E-10	-2.313059050E-10	-9.646271337E-7	1.225937183E-7	-6.429893840E-10	-8.246264227E-10	4.071739820E-11	5.747718412E-10
3.148000000E-2	2.399742118E+2	1.864100000E+0	1.733360000E+0	2.155418997E-6	6.785608093E-7	-1.488820067E-9	3.243345315E-10	6.467884006E-10	-7.515084111E-10	2.655976061E-7	4.998150516E-8	-2.838394519E-10	8.517899164E-10	-3.441906205E-10	-2.699658830E-10	-9.643292742E-7	1.226641331E-7	-5.360870636E-10	-5.331525221E-10	-6.455977419E-10	5.927949798E-10
3.350000000E-2	2.403746400E+2	1.863840000E+0	1.741970000E+0	2.155806442E-6	6.787629445E-7	-1.604529953E-9	1.020138418E-10	4.293963796E-10	-7.411183889E-10	2.654506091E-7	4.987128577E-8	-8.405752760E-10	5.696261240E-10	-2.523195819E-10	-1.910508557E-10	-9.639119298E-7	1.227264192E-7	-4.620704375E-10	-3.413381244E-10	-1.139792816E-9	4.781804952E-10
3.599000000E-2	2.407740230E+2	1.868020000E+0	1.728060000E+0	2.156216397E-6	6.787747679E-7	-1.658251203E-9	-1.172010145E-11	2.169929375E-10	-7.683274572E-10	2.654258537E-7	4.967139944E-8	-1.388294812E-9	9.277970753E-11	-1.922821624E-10	1.947652872E-10	-9.632559568E-7	1.228289364E-7	-3.944328197E-10	-3.245708702E-10	-1.535119365E-9	3.204476684E-10
3.769000000E-2	2.411744325E+2	1.870190000E+0	1.737320000E+0	2.156755045E-6	6.786423228E-7	-1.716005005E-9	-1.275550499E-10	4.792130234E-11	-8.827862885E-10	2.654448963E-7	4.943654020E-8	-1.693923446E-9	-4.062985504E-10	-1.834588592E-10	6.318981449E-10	-9.626558040E-7	1.229737023E-7	-3.623117917E-10	-4.158308142E-10	-1.647365688E-9	1.075525849E-10
4.064000000E-2	2.416753105E+2	1.870860000E+0	1.738930000E+0	2.157276867E-6	6.784721336E-7	-1.616438316E-9	-2.969462731E-10	-2.449106022E-12	-9.282170588E-10	2.653576416E-7	4.900382677E-8	-1.855903098E-9	-8.432473053E-10	-3.217962563E-10	1.188973142E-9	-9.619778893E-7	1.232392606E-7	-4.118608232E-10	-5.368365752E-10	-1.361514457E-9	-2.427836925E-11
4.273000000E-2	2.421734421E+2	1.875940000E+0	1.737620000E+0	2.157607014E-6	6.783614026E-7	-1.347267742E-9	-4.258360609E-10	3.166535367E-10	-5.674200554E-10	2.653397075E-7	4.855737501E-8	-1.681673245E-9	-1.090305624E-9	-6.736185498E-10	1.583216669E-9	-9.614323062E-7	1.232773030E-7	-3.980843988E-10	-5.686522364E-10	-9.197205220E-10	1.240330755E-10
4.541000000E-2	2.425738479E+2	1.880410000E+0	1.739090000E+0	2.158210464E-6	6.783849358E-7	-1.070560751E-9	-3.287019268E-10	6.636109995E-10	5.204744621E-11	2.654483922E-7	4.824470778E-8	-1.439471764E-9	-1.191563403E-9	-9.928434741E-10	2.002094712E-9	-9.611496807E-7	1.231687321E-7	-3.809835503E-10	-6.427187671E-10	-6.211644532E-10	4.122381048E-10
4.784000000E-2	2.430736322E+2	1.878080000E+0	1.742370000E+0	2.158760481E-6	6.783324125E-7	-8.236104021E-10	-1.930275106E-10	9.097555487E-10	5.070856512E-10	2.655944513E-7	4.812999777E-8	-1.274847228E-9	-1.478941858E-9	-1.130318617E-9	2.474335403E-9	-9.612141412E-7	1.229778235E-7	-3.848177888E-10	-8.145104591E-10	-4.736720460E-10	5.015610149E-10
5.045000000E-2	2.435740214E+2	1.877700000E+0	1.741490000E+0	2.159423957E-6	6.782698279E-7	-5.092753441E-10	-8.437420207E-11	1.295412999E-9	9.236064136E-10	2.659321581E-7	4.828467581E-8	-1.109147441E-9	-1.736571553E-9	-1.096163160E-9	2.748048899E-9	-9.613027032E-7	1.227298583E-7	-3.780661895E-10	-8.206113011E-10	-5.406669557E-10	3.659016423E-10
5.235000000E-2	2.439735170E+2	1.877340000E+0	1.746930000E+0	2.159698852E-6	6.781904176E-7	-3.093467982E-10	-3.087602396E-11	1.511408998E-9	1.080724954E-9	2.662674206E-7	4.834176082E-8	-9.793552636E-10	-1.887018763E-9	-9.362108866E-10	2.760708995E-9	-9.614229839E-7	1.224864405E-7	-4.245999941E-10	-6.793276497E-10	-5.145044946E-10	2.704589851E-11
5.418000000E-2	2.443733770E+2	1.877090000E+0	1.747350000E+0	2.159875294E-6	6.779640671E-7	-1.988870457E-10	3.541789431E-11	1.574894437E-9	1.494078305E-9	2.666307637E-7	4.835142775E-8	-6.766983085E-10	-2.055528192E-9	-5.910720247E-10	2.365870166E-9	-9.614500414E-7	1.223829429E-7	-4.771379958E-10	-2.087172379E-10	-2.340940219E-10	-6.632060456E-10
5.687000000E-2	2.448736840E+2	1.879600000E+0	1.739890000E+0	2.160016038E-6	6.776911050E-7	-1.767735264E-10	1.806825176E-11	1.412321260E-9	1.898731616E-9	2.669726768E-7	4.836282486E-8	-4.419271338E-10	-1.689787199E-9	-3.486879396E-10	1.827571650E-9	-9.612266467E-7	1.223048400E-7	-3.477506338E-10	1.945918704E-10	2.911082764E-10	-1.307426278E-9
5.883000000E-2	2.452745369E+2	1.881280000E+0	1.745240000E+0	2.160081749E-6	6.775454153E-7	-1.310887787E-10	-4.581424129E-11	1.164575880E-9	2.252116493E-9	2.673618837E-7	4.840668666E-8	-3.285991201E-10	-1.194128463E-9	-1.332640665E-10	1.306518782E-9	-9.609732388E-7	1.223313859E-7	-2.060995818E-10	3.979398477E-10	5.595718333E-10	-1.517926895E-9
6.020000000E-2	2.456751716E+2	1.885590000E+0	1.738830000E+0	2.160187023E-6	6.773232712E-7	-1.895942986E-10	-1.640231978E-10	6.833028032E-10	2.381100872E-9	2.678746114E-7	4.843488099E-8	-2.061593535E-10	-4.781772200E-10	1.834838947E-10	5.961532934E-10	-9.605790865E-7	1.228647903E-7	-1.517306419E-10	7.216873765E-10	8.717789268E-10	-1.492804547E-9
6.426000000E-2	2.463739757E+2	1.888330000E+0	1.737190000E+0	2.160564463E-6	6.768598268E-7	-5.893349697E-11	-4.414235921E-10	-1.635995089E-10	2.014694855E-9	2.685235358E-7	4.855586511E-8	6.058716029E-11	1.127127280E-10	5.475124798E-10	-6.257419583E-11	-9.604235629E-7	1.234725886E-7	-2.833754620E-10	1.095768809E-9	1.169296882E-9	-1.623508106E-9
6.635000000E-2	2.467747513E+2	1.885240000E+0	1.736440000E+0	2.160799568E-6	6.763194165E-7	6.000003966E-11	-6.756752380E-10	-6.308829570E-10	1.783229564E-9	2.686112168E-7	4.862349101E-8	2.457895554E-10	6.187017565E-10	9.269321422E-10	-4.207046933E-10	-9.605295190E-7	1.240125869E-7	-2.397538834E-10	1.583288722E-9	1.330723531E-9	-1.807371364E-9
6.884000000E-2	2.472738134E+2	1.889660000E+0	1.741220000E+0	2.161056727E-6	6.755433333E-7	1.271920902E-10	-7.237839217E-10	-8.129714124E-10	1.291833085E-9	2.681629780E-7	4.853646018E-8	4.156120448E-10	5.940039571E-10	1.405463523E-9	-6.569141897E-10	-9.611786709E-7	1.244885652E-7	1.337526062E-10	2.000238419E-9	1.605968247E-9	-1.979539421E-9
7.139000000E-2	2.477736786E+2	1.891210000E+0	1.735730000E+0	2.161215207E-6	6.751037063E-7	2.465167515E-10	-6.590328283E-10	-6.542018038E-10	1.008537143E-9	2.676249267E-7	4.852520164E-8	2.105828428E-10	3.933478265E-10	1.635734881E-9	-6.449696333E-10	-9.617959904E-7	1.246008878E-7	4.030978051E-10	2.081739892E-9	1.776867431E-9	-2.013331724E-9
7.303000000E-2	2.481733900E+2	1.890360000E+0	1.738570000E+0	2.161489874E-6	6.745374890E-7	4.065324466E-10	-4.366900452E-10	-2.263146337E-10	8.730511869E-10	2.670302592E-7	4.850608093E-8	-2.043018255E-10	2.210833322E-10	1.599366195E-9	-5.831605754E-10	-9.623574897E-7	1.244206374E-7	5.447201024E-10	1.987677134E-9	1.861656607E-9	-1.968387009E-9
7.532000000E-2	2.485731259E+2	1.885570000E+0	1.742570000E+0	2.161925749E-6	6.737755030E-7	5.030784678E-10	-1.161352264E-11	3.766195411E-10	8.851970268E-10	2.665044008E-7	4.848527979E-8	-1.193254495E-9	2.660032472E-10	1.332717603E-9	-5.879299825E-10	-9.646815897E-7	1.238263820E-7	9.468549278E-10	1.589852361E-9	2.118348386E-9	-2.016715239E-9
7.938000000E-2	2.493734092E+2	1.883520000E+0	1.742510000E+0	2.162520786E-6	6.728018889E-7	7.256024115E-10	5.856479746E-10	7.518694556E-10	6.906191730E-10	2.657746165E-7	4.842939205E-8	-2.064689753E-9	2.427056611E-10	1.149932816E-9	-8.305521271E-10	-9.666667893E-7	1.236833498E-7	1.002233074E-9	1.522453719E-9	2.288320200E-9	-2.026927737E-9
8.095000000E-2	2.497738050E+2	1.882470000E+0	1.737700000E+0	2.162720648E-6	6.721842283E-7	8.621682257E-10	9.603938755E-10	7.561438142E-10	4.598094960E-10	2.652951991E-7	4.867764147E-8	-2.458843573E-9	-1.491758106E-10	1.223206314E-9	-9.327422168E-10	-9.678893775E-7	1.236827103E-7	9.441550875E-10	1.532865057E-9	2.391965514E-9	-2.076766092E-9
8.219000000E-2	2.501744920E+2	1.880970000E+0	1.738750000E+0	2.162715873E-6	6.717349379E-7	1.027356311E-9	1.224848778E-9	7.565303939E-10	1.972274566E-10	2.649271380E-7	4.887687055E-8	-2.540108790E-9	-6.269571529E-10	1.359077850E-9	-1.061409405E-9	-9.691173091E-7	1.237218328E-7	8.794579509E-10	1.606236366E-9	2.346672634E-9	-2.166361313E-9
8.278000000E-2	2.505739015E+2	1.876440000E+0	1.734460000E+0	2.162583769E-6	6.712048162E-7	1.226575175E-9	1.330850430E-9	8.444407396E-10	-6.958437299E-11	2.647583131E-7	4.906027584E-8	-2.364456408E-9	-1.073691358E-9	1.533033922E-9	-1.172852926E-9	-9.699134580E-7	1.238213940E-7	8.876853697E-10	1.677619266E-9	2.199728399E-9	-2.115146058E-9
8.278000000E-2	2.509731855E+2	1.869350000E+0	1.737210000E+0	2.162323199E-6	6.708013984E-7	1.450370046E-9	1.372045588E-9	9.992637828E-10	-2.797381771E-10	2.649133250E-7	4.924380903E-8	-1.871957700E-9	-1.458224319E-9	1.635571900E-9	-1.230818558E-9	-9.704594959E-7	1.240751431E-7	8.221829329E-10	1.737257338E-9	1.898895485E-9	-2.097535701E-9
8.271000000E-2	2.513736293E+2	1.862200000E+0	1.737370000E+0	2.162036026E-6	6.706009685E-7	1.665731220E-9	1.334021338E-9	1.220240242E-9	-4.163118739E-10	2.650367605E-7	4.928655883E-8	-1.239596204E-9	-1.820138373E-9	1.704865360E-9	-1.311340148E-9	-9.708592188E-7	1.241577650E-7	6.610931802E-10	1.656187298E-9	1.270554773E-9	-2.187326542E-9
8.186000000E-2	2.518749121E+2	1.859240000E+0	1.735190000E+0	2.161860948E-6	6.709453828E-7	1.772949565E-9	1.252950965E-9	1.766111812E-9	-3.307489560E-10	2.652547266E-7	4.940350706E-8	-2.860983672E-10	-2.528323329E-9	1.620850343E-9	-1.696011442E-9	-9.712859992E-7	1.240238561E-7	5.094803468E-10	1.214666589E-9	5.992056296E-10	-2.186510972E-9
8.029000000E-2	2.523735774E+2	1.864700000E+0	1.733840000E+0	2.161852763E-6	6.716495022E-7	1.734507982E-9	1.182684395E-9	2.270102772E-9	-1.760741414E-10	2.654483637E-7	4.962320688E-8	4.212322990E-10	-3.111600533E-9	1.281647788E-9	-2.119986409E-9	-9.710223594E-7	1.241141376E-7	4.494931927E-10	7.395000723E-10	2.884456840E-10	-2.222954709E-9
7.774000000E-2	2.527732996E+2	1.869330000E+0	1.741460000E+0	2.161460998E-6	6.721421073E-7	1.695865226E-9	1.042638531E-9	2.481937100E-9	-7.245678363E-11	2.654725790E-7	4.994515024E-8	9.251935329E-10	-3.197300868E-9	9.852327842E-10	-2.263857324E-9	-9.703460364E-7	1.243498247E-7	1.520575887E-10	2.106101682E-10	1.197619226E-10	-2.371588037E-9
7.493000000E-2	2.532748961E+2	1.872200000E+0	1.734530000E+0	2.160924851E-6	6.727473192E-7	1.676978778E-9	7.398767154E-10	2.490970319E-9	-3.474105725E-11	2.653749505E-7	5.024838146E-8	1.428495322E-9	-2.570521351E-9	6.876578751E-10	-1.975264841E-9	-9.694604159E-7	1.242932086E-7	-2.428879597E-10	-1.576217351E-10	-4.358691533E-11	-2.320738490E-9
7.179000000E-2	2.537748122E+2	1.873400000E+0	1.737130000E+0	2.160140411E-6	6.737807325E-7	1.556084595E-9	2.824855905E-10	2.331770110E-9	3.213740038E-11	2.653576985E-7	5.028564587E-8	1.655110382E-9	-1.760563140E-9	4.359426986E-10	-1.491093915E-9	-9.686467592E-7	1.239502012E-7	-4.829328049E-10	-4.784532215E-10	-3.834593754E-10	-1.839271957E-9
6.871000000E-2	2.542748980E+2	1.878240000E+0	1.738930000E+0	2.159292535E-6	6.747428643E-7	1.334216959E-9	-1.564931379E-10	2.144689981E-9	-1.723686333E-10	2.655735329E-7	5.007417414E-8	1.840618991E-9	-6.413970466E-10	1.116685217E-10	-8.914409211E-10	-9.677974049E-7	1.237539351E-7	-5.959497895E-10	-7.030804272E-10	-5.842074047E-10	-1.337581934E-9
6.622000000E-2	2.546732991E+2	1.882710000E+0	1.735010000E+0	2.158660209E-6	6.755324193E-7	1.182360099E-9	-4.358884087E-10	1.754651646E-9	-4.664125197E-10	2.659367624E-7	4.950798527E-8	1.659540172E-9	6.596330149E-10	-6.565391980E-11	-4.735796755E-10	-9.668693792E-7	1.235657834E-7	-7.536575808E-10	-8.254056327E-10	-6.799162344E-10	-7.721802087E-10
6.164000000E-2	2.553736269E+2	1.880650000E+0	1.735960000E+0	2.158318693E-6	6.763115152E-7	7.606858476E-10	-8.694939768E-10	1.477666212E-9	-7.641720590E-10	2.659379561E-7	4.910360474E-8	1.595141352E-9	1.352451040E-9	-7.899844667E-11	-3.080901645E-10	-9.667562608E-7	1.235865597E-7	-8.250792272E-10	-7.559447512E-10	-6.049843959E-10	-5.211231446E-10
5.922000000E-2	2.557748737E+2	1.878950000E+0	1.740630000E+0	2.158421012E-6	6.765557146E-7	3.311137475E-10	-1.059140553E-9	1.376814218E-9	-7.173682759E-10	2.658306926E-7	4.900271122E-8	1.691757623E-9	1.518936643E-9	-2.804401850E-11	-2.029646728E-10	-9.667903669E-7	1.237024918E-7	-8.237294735E-10	-4.820700505E-10	-4.424713651E-10	-4.058548220E-10
5.732000000E-2	2.561749657E+2	1.875460000E+0	1.739260000E+0	2.158581537E-6	6.766181286E-7	-1.963508696E-11	-9.209810137E-10	1.305237696E-9	-6.060192903E-10	2.657214679E-7	4.894670980E-8	1.899167712E-9	1.589425258E-9	6.849325967E-11	2.137564431E-11	-9.666028973E-7	1.237188627E-7	-7.838038552E-10	-1.742697792E-10	-3.209256194E-10	-3.327944309E-10
5.418000000E-2	2.566740519E+2	1.875010000E+0	1.732570000E+0	2.158563802E-6	6.766443335E-7	-2.956102862E-10	-5.170838757E-10	1.369480418E-9	-4.677755960E-10	2.656806544E-7	4.880443782E-8	1.833198149E-9	1.845263831E-9	1.391816939E-10	1.805969402E-10	-9.662215916E-7	1.238151697E-7	-8.496790493E-10	3.100460166E-11	-1.469516175E-10	-3.055388720E-10
5.150000000E-2	2.571732920E+2	1.876260000E+0	1.740720000E+0	2.158255711E-6	6.765188232E-7	-5.754258181E-10	-5.771045794E-11	1.535499061E-9	-1.563410790E-10	2.656494473E-7	4.865349368E-8	1.388334336E-9	2.315931447E-9	3.732422704E-10	4.738744952E-10	-9.657021565E-7	1.237758909E-7	-1.104251801E-9	3.872093202E-10	-8.835722952E-12	-2.379491049E-10
4.888000000E-2	2.576735240E+2	1.873310000E+0	1.742710000E+0	2.157699328E-6	6.762143698E-7	-6.568044997E-10	3.192205944E-10	1.569087527E-9	1.029952859E-10	2.656347249E-7	4.869733417E-8	7.719856421E-10	2.029896917E-9	9.387440825E-10	8.446131572E-10	-9.645458476E-7	1.236873999E-7	-1.293063878E-9	7.175289807E-10	-8.413547636E-11	-1.850213593E-10
4.600000000E-2	2.582748396E+2	1.873900000E+0	1.738770000E+0	2.157417384E-6	6.758937729E-7	-2.224730539E-10	7.996665552E-10	1.768236446E-9	2.854764758E-10	2.656262268E-7	4.875404969E-8	3.430579709E-10	1.443773767E-9	1.478215217E-9	1.062356980E-9	-9.640549479E-7	1.237652469E-7	-1.285556439E-9	5.449968255E-10	-1.194458005E-10	-2.278957717E-10
4.411000000E-2	2.586749101E+2	1.869380000E+0	1.737790000E+0	2.157679546E-6	6.757112487E-7	4.286042354E-10	1.019888951E-9	1.961468543E-9	2.553279255E-10	2.654929858E-7	4.884089222E-8	1.940909378E-10	6.877143854E-10	1.737382127E-9	1.076181588E-9	-9.637936955E-7	1.237831242E-7	-1.237325908E-9	3.276851568E-10	-1.937014715E-10	-2.466674365E-10
4.181000000E-2	2.590735225E+2	1.867480000E+0	1.746780000E+0	2.157911012E-6	6.756354196E-7	1.004271111E-9	1.163543928E-9	2.088026640E-9	2.733812343E-10	2.653780200E-7	4.879896665E-8	2.375221131E-10	-9.420252078E-11	1.790109949E-9	1.012053108E-9	-9.638174561E-7	1.235573421E-7	-1.212180911E-9	1.263343458E-10	-3.475220667E-10	-3.207251964E-10
3.939000000E-2	2.595735995E+2	1.866450000E+0	1.733550000E+0	2.158017196E-6	6.755491881E-7	1.448131615E-9	1.209464195E-9	2.145511324E-9	1.553158852E-10	2.654527975E-7	4.863916558E-8	5.380791923E-10	-9.116528643E-10	1.559091300E-9	9.638914111E-10	-9.640745020E-7	1.227956687E-7	-1.167786978E-9	-1.726916943E-10	-4.635847817E-10	-3.107248903E-10
3.691000000E-2	2.600743938E+2	1.864770000E+0	1.731880000E+0	2.158044708E-6	6.754027027E-7	1.559995022E-9	1.119055293E-9	2.131822496E-9	-1.441974595E-10	2.656645393E-7	4.842651080E-8	9.037254833E-10	-1.421719187E-9	1.288580909E-9	9.383408495E-10	-9.640050393E-7	1.221987276E-7	-1.206980738E-9	-4.962952271E-10	-4.151728683E-10	-2.549357392E-10
3.488000000E-2	2.604750716E+2	1.863940000E+0	1.740490000E+0	2.158129064E-6	6.753201092E-7	1.546885620E-9	7.879763508E-10	2.166403279E-9	-3.452861330E-10	2.661056726E-7	4.837443157E-8	1.178665721E-9	-1.642735170E-9	1.010087902E-9	1.016977058E-9	-9.638174561E-7	1.216334056E-7	-1.217029921E-9	-7.927078438E-10	-3.898517620E-10	-1.014176590E-10
3.239000000E-2	2.609751589E+2	1.860650000E+0	1.735000000E+0	2.158209099E-6	6.752904369E-7	1.576064390E-9	4.645718532E-10	2.094487916E-9	-4.673842979E-10	2.667268859E-7	4.859238345E-8	1.285871742E-9	-1.852003661E-9	7.191530149E-10	1.080527778E-9	-9.637624316E-7	1.214629037E-7	-1.116916559E-9	-1.083513945E-9	-3.811233273E-10	7.412659028E-12
2.977000000E-2	2.614736524E+2	1.859990000E+0	1.732670000E+0	2.158442840E-6	6.754269180E-7	1.547071138E-9	2.054164616E-10	1.803175276E-9	-5.495505717E-10	2.673708650E-7	4.894516081E-8	1.082182122E-9	-2.006377064E-9	5.156723937E-10	9.647838084E-10	-9.637684570E-7	1.213967522E-7	-9.476500695E-10	-1.413954620E-9	-3.780909752E-10	-1.106503639E-10
2.742000000E-2	2.619744102E+2	1.861140000E+0	1.738960000E+0	2.158877578E-6	6.758496056E-7	1.428934526E-9	-1.794050880E-10	1.486743395E-9	-7.192368923E-10	2.680100124E-7	4.940095977E-8	8.107343130E-10	-2.245384323E-9	2.754001471E-10	6.957123766E-10	-9.636752338E-7	1.210899114E-7	-9.499672160E-10	-1.685314888E-9	-4.315844904E-10	-3.406699645E-10
2.480000000E-2	2.624732153E+2	1.864840000E+0	1.739640000E+0	2.159324595E-6	6.763781357E-7	1.224361834E-9	-7.233417754E-10	1.300831776E-9	-9.549550040E-10	2.686976188E-7	4.988493529E-8	6.671835306E-10	-2.292877221E-9	6.901623717E-11	3.121533865E-10	-9.637228686E-7	1.209019302E-7	-1.044565101E-9	-1.723941989E-9	-3.759565992E-10	-5.406900483E-10
2.297000000E-2	2.628730738E+2	1.864630000E+0	1.734390000E+0	2.159528549E-6	6.767644436E-7	9.043344407E-10	-1.305872410E-9	1.204299105E-9	-1.199402466E-9	2.691712666E-7	5.004998371E-8	5.040747264E-10	-2.330338589E-9	-3.144100952E-11	-1.614435495E-11	-9.637400353E-7	1.208327660E-7	-1.167251185E-9	-1.723986509E-9	-1.554651269E-10	-6.844143030E-10
2.107000000E-2	2.632741966E+2	1.866870000E+0	1.746010000E+0	2.159628138E-6	6.769830065E-7	6.181629097E-10	-1.632577407E-9	1.029136332E-9	-1.335815014E-9	2.693251417E-7	4.978982560E-8	3.588744302E-10	-2.272942057E-9	-1.920055642E-10	-6.649453210E-11	-9.639113614E-7	1.207610296E-7	-1.284575557E-9	-1.717918474E-9	7.841777921E-11	-7.937385749E-10
1.845000000E-2	2.637731298E+2	1.872020000E+0	1.739310000E+0	2.159783890E-6	6.766356932E-7	5.082454457E-10	-1.915334558E-9	8.003464558E-10	-1.318992582E-9	2.693132615E-7	4.936567066E-8	2.427348045E-10	-2.013336387E-9	-6.141035458E-10	4.536537465E-11	-9.645350474E-7	1.207682061E-7	-1.204039091E-9	-1.600071520E-9	2.902951213E-10	-6.597205560E-10
1.531000000E-2	2.643730949E+2	1.874640000E+0	1.741500000E+0	2.160468512E-6	6.756750963E-7	2.262976056E-10	-2.396971066E-9	5.110115109E-10	-1.298102070E-9	2.691541567E-7	4.906922157E-8	1.571022201E-10	-1.435893071E-9	-1.053636289E-9	1.188886489E-10	-9.652670769E-7	1.209262166E-7	-1.119650039E-9	-1.587195930E-9	5.526843983E-10	-2.012933154E-10
1.276000000E-2	2.648751514E+2	1.875420000E+0	1.743770000E+0	2.161313432E-6	6.747643511E-7	-3.148137306E-10	-2.591859838E-9	7.732714469E-11	-1.277675410E-9	2.687097265E-7	4.892041261E-8	2.128229121E-10	-8.182919897E-10	-1.034721975E-9	1.171673869E-10	-9.663231140E-7	1.213273606E-7	-8.689182152E-10	-1.593287946E-9	1.128239280E-9	2.251354381E-10
1.034000000E-2	2.653743420E+2	1.875410000E+0	1.749610000E+0	2.161913699E-6	6.739423384E-7	-8.430753873E-10	-2.460574633E-9	-5.558390970E-10	-1.218689483E-9	2.681738920E-7	4.878756243E-8	3.871324927E-10	-2.508055708E-10	-4.405833753E-10	1.420732143E-10	-9.679907862E-7	1.220122385E-7	-2.450595837E-10	-1.574988362E-9	1.670791838E-9	5.181249874E-10
8.440000000E-3	2.658736843E+2	1.877740000E+0	1.741840000E+0	2.162282954E-6	6.734537124E-7	-1.240706538E-9	-2.130049914E-9	-8.513850736E-10	-1.237840830E-9	2.678222302E-7	4.847649038E-8	5.613544074E-10	-1.128447197E-10	1.289054974E-11	4.946026574E-11	-9.691572132E-7	1.223601913E-7	2.406803645E-10	-1.567870500E-9	1.830766316E-9	4.713799351E-10
7.390000000E-3	2.662734793E+2	1.881760000E+0	1.745480000E+0	2.162757482E-6	6.730159043E-7	-1.744709044E-9	-1.798716953E-9	-1.020629914E-9	-1.214005452E-9	2.673781694E-7	4.826471667E-8	7.778424016E-10	1.027283380E-11	4.407154364E-10	-2.646671597E-11	-9.701606132E-7	1.224639732E-7	6.733763547E-10	-1.480902956E-9	2.050377423E-9	4.133759723E-10
7.070000000E-3	2.666735577E+2	1.882200000E+0	1.751280000E+0	2.163138788E-6	6.727044592E-7	-2.491536533E-9	-1.528222327E-9	-1.253288584E-9	-1.207792089E-9	2.667034380E-7	4.845395907E-8	1.025620033E-9	-5.542109480E-11	7.857092754E-10	-3.863967826E-11	-9.711360463E-7	1.225421187E-7	8.505345872E-10	-1.346536216E-9	2.384737519E-9	4.740968729E-10
7.200000000E-3	2.672743083E+2	1.882560000E+0	1.743530000E+0	2.163663112E-6	6.723723231E-7	-3.127515136E-9	-1.231616808E-9	-1.566374363E-9	-1.093591440E-9	2.663560110E-7	4.889752603E-8	1.344322764E-9	-3.844447538E-10	8.635410165E-10	-7.305898941E-12	-9.713010058E-7	1.227070499E-7	8.194467882E-10	-1.201766908E-9	2.389408671E-9	5.526437641E-10
7.460000000E-3	2.676738214E+2	1.878880000E+0	1.748120000E+0	2.163964382E-6	6.720269425E-7	-3.252206060E-9	-8.996964840E-10	-1.763019952E-9	-1.054454857E-9	2.662585246E-7	4.945356125E-8	1.702003649E-9	-8.505754989E-10	7.854876749E-10	1.218114637E-10	-9.711823168E-7	1.232371858E-7	8.217257430E-10	-8.784125094E-10	2.253622400E-9	5.327661090E-10
7.790000000E-3	2.680734544E+2	1.880970000E+0	1.750870000E+0	2.164123543E-6	6.717719430E-7	-3.098832080E-9	-3.389264425E-10	-1.909599368E-9	-1.096561397E-9	2.662222869E-7	5.015252924E-8	1.923944115E-9	-1.165790575E-9	8.149793618E-10	2.749989680E-10	-9.708771813E-7	1.240639307E-7	6.484567327E-10	-4.576441448E-10	1.856730214E-9	4.427177791E-10
9.030000000E-3	2.684746248E+2	1.881690000E+0	1.747060000E+0	2.163894806E-6	6.717136216E-7	-2.958544076E-9	5.528198385E-11	-2.002488841E-9	-1.129933813E-9	2.662085876E-7	5.050115348E-8	1.890554824E-9	-1.228420810E-9	8.321160427E-10	4.095750683E-10	-9.702929447E-7	1.245974346E-7	3.679342109E-10	-5.430188243E-11	1.275532790E-9	4.459015657E-10
1.073000000E-2	2.688744624E+2	1.879700000E+0	1.749780000E+0	2.163354566E-6	6.718148597E-7	-2.915715669E-9	3.443576813E-10	-2.075131622E-9	-1.086205459E-9	2.662546592E-7	5.073484743E-8	1.692981422E-9	-1.329934940E-9	7.619177511E-10	5.703383321E-10	-9.693358152E-7	1.245873449E-7	8.387918832E-11	2.104824648E-10	8.289371967E-10	4.843462853E-10
1.269000000E-2	2.692740431E+2	1.875020000E+0	1.742520000E+0	2.162678129E-6	6.721241448E-7	-2.837114321E-9	5.773944656E-10	-2.010650979E-9	-9.707381565E-10	2.663663281E-7	5.074430121E-8	1.486096135E-9	-1.488275614E-9	6.732527869E-10	7.482329756E-10	-9.678121842E-7	1.240009340E-7	-1.828340951E-10	5.254965907E-10	4.529479847E-10	4.950116428E-10
1.531000000E-2	2.696738708E+2	1.872520000E+0	1.749550000E+0	2.161998737E-6	6.726770039E-7	-2.608721461E-9	7.734232699E-10	-1.811056305E-9	-8.639733373E-10	2.665885574E-7	5.048623919E-8	1.310703990E-9	-1.482321599E-9	5.138849346E-10	1.018600315E-9	-9.657067039E-7	1.224796904E-7	-5.162064110E-10	8.459884460E-10	2.474320193E-10	2.869955662E-10
1.904000000E-2	2.702740868E+2	1.872230000E+0	1.750280000E+0	2.161181328E-6	6.735007787E-7	-2.136656851E-9	8.863937362E-10	-1.458727028E-9	-7.812011038E-10	2.666587306E-7	5.030261363E-8	1.094636604E-9	-1.255732962E-9	3.638031820E-10	1.226365787E-9	-9.648247215E-7	1.216320698E-7	-5.612527665E-10	1.078274137E-9	1.090492419E-10	1.438472813E-10
2.140000000E-2	2.706743289E+2	1.875910000E+0	1.748160000E+0	2.160631311E-6	6.741011589E-7	-1.839482455E-9	6.518700579E-10	-1.280285655E-9	-6.489541682E-10	2.666811554E-7	5.021453475E-8	9.090047048E-10	-1.353620660E-9	3.002865456E-10	1.180180065E-9	-9.644933243E-7	1.210278668E-7	-4.905676421E-10	1.336362132E-9	5.680625068E-11	9.363720216E-11
2.402000000E-2	2.710733530E+2	1.874400000E+0	1.749120000E+0	2.160003532E-6	6.747382031E-7	-1.577291964E-9	1.165444408E-10	-1.124526472E-9	-4.257464659E-10	2.667807450E-7	5.001312786E-8	3.744212718E-10	-1.626779822E-9	3.795346259E-10	9.273971591E-10	-9.644610373E-7	1.204166011E-7	-4.024213740E-10	1.541932471E-9	1.127124921E-10	-2.122699065E-11
2.598000000E-2	2.714749988E+2	1.872680000E+0	1.744700000E+0	2.159461474E-6	6.753950288E-7	-1.407838401E-9	-4.413060473E-10	-1.038772290E-9	-2.851443248E-10	2.669763433E-7	4.974169698E-8	-3.485436939E-10	-1.851779286E-9	6.048802570E-10	7.323717743E-10	-9.644728607E-7	1.200566402E-7	-3.019373362E-10	1.684113071E-9	9.884036645E-11	-1.674573119E-10
2.938000000E-2	2.719737258E+2	1.873650000E+0	1.742160000E+0	2.159058795E-6	6.758247082E-7	-1.197997812E-9	-7.326868556E-10	-7.217084152E-10	6.191369466E-12	2.672601056E-7	4.944580212E-8	-1.131534089E-9	-1.963238017E-9	7.346181996E-10	6.297171673E-10	-9.645555110E-7	1.199010029E-7	-2.518781295E-10	1.786650605E-9	9.073175544E-11	-4.599932102E-10
3.141000000E-2	2.723740667E+2	1.876600000E+0	1.741800000E+0	2.158934194E-6	6.761060263E-7	-1.097900326E-9	-7.977202232E-10	-2.530101961E-10	3.074666910E-10	2.675393205E-7	4.930022612E-8	-1.513893011E-9	-1.962296103E-9	6.329565760E-10	5.636324185E-10	-9.646365697E-7	1.199050104E-7	-1.752197276E-10	1.883354361E-9	4.831422415E-11	-5.720995899E-10
3.311000000E-2	2.727750495E+2	1.875660000E+0	1.737730000E+0	2.159046517E-6	6.762613225E-7	-1.062622990E-9	-6.713212764E-10	1.449286524E-10	5.645456325E-10	2.678550573E-7	4.931910524E-8	-1.654056447E-9	-1.971999008E-9	5.041665419E-10	3.212848043E-10	-9.648121022E-7	1.199626354E-7	2.464664584E-10	2.036405489E-9	4.539642273E-11	-3.623626399E-10
3.723000000E-2	2.733739129E+2	1.873510000E+0	1.735160000E+0	2.159188625E-6	6.763959277E-7	-1.058732879E-9	-3.604067600E-10	5.359871991E-10	8.552571984E-10	2.681714193E-7	4.937974296E-8	-1.411652795E-9	-1.536397454E-9	2.869025573E-10	2.571467761E-10	-9.648057358E-7	1.201381394E-7	6.678136932E-10	2.036253388E-9	1.594505916E-10	-4.687739086E-10
3.966000000E-2	2.738736118E+2	1.873960000E+0	1.739000000E+0	2.159277983E-6	6.765256444E-7	-9.661736966E-10	-2.641636077E-10	3.951556027E-10	8.824546094E-10	2.683692344E-7	4.958182487E-8	-9.769030029E-10	-9.537268753E-10	2.238643160E-10	3.179644326E-10	-9.644741112E-7	1.204659696E-7	9.301343029E-10	1.823807327E-9	2.059949156E-10	-8.462440748E-10
4.142000000E-2	2.742733498E+2	1.873900000E+0	1.746340000E+0	2.159320729E-6	6.766698562E-7	-7.095171672E-10	-3.410776384E-10	-1.129061497E-10	6.452142154E-10	2.684692788E-7	4.971361989E-8	-5.450352392E-10	-1.697101210E-10	2.607115079E-10	2.326590864E-10	-9.637521998E-7	1.209867975E-7	9.743235108E-10	1.421154194E-9	2.305519525E-10	-1.342210787E-9
4.391000000E-2	2.746742874E+2	1.872630000E+0	1.742090000E+0	2.159185215E-6	6.767488685E-7	-4.329070713E-10	-5.568288608E-10	-3.677104454E-10	4.979262003E-10	2.684693356E-7	4.966448230E-8	-3.662986858E-10	4.716806945E-10	2.302442542E-10	5.627244157E-11	-9.629045508E-7	1.214684744E-7	9.119572875E-10	1.101193026E-9	7.208170866E-11	-1.831441332E-9
4.646000000E-2	2.751736728E+2	1.870010000E+0	1.752470000E+0	2.158808002E-6	6.768835306E-7	-8.466318618E-11	-8.138479335E-10	-3.981707186E-10	3.726302877E-10	2.685553682E-7	4.962012312E-8	-4.558025485E-11	1.205537559E-9	3.978060242E-11	-1.539661731E-10	-9.618689774E-7	1.221286823E-7	8.172713617E-10	7.743917174E-10	-1.362657348E-10	-2.234254115E-9
4.862000000E-2	2.755751141E+2	1.867550000E+0	1.746360000E+0	2.158156804E-6	6.771540484E-7	2.266452165E-10	-8.529165152E-10	-7.154365295E-11	4.029209466E-10	2.692054295E-7	4.954922162E-8	4.802976905E-10	1.836425123E-9	-2.050742076E-10	-4.470442905E-10	-9.609015024E-7	1.228353739E-7	8.292970199E-10	3.318744932E-11	-6.580296863E-10	-2.480498473E-9
5.261000000E-2	2.763750216E+2	1.868290000E+0	1.746000000E+0	2.157879635E-6	6.772286838E-7	4.820979727E-10	-1.027035124E-9	2.404605404E-10	6.408892861E-10	2.696398269E-7	4.947820287E-8	6.660818563E-10	2.206406613E-9	-3.073395982E-10	-5.719612561E-10	-9.607604170E-7	1.229484639E-7	8.424226317E-10	-1.262736703E-11	-8.564358112E-10	-2.126554266E-9
5.503000000E-2	2.768734329E+2	1.865440000E+0	1.741800000E+0	2.157892823E-6	6.770706591E-7	6.700194843E-10	-1.268416594E-9	2.185058384E-10	9.728188255E-10	2.697862271E-7	4.963584743E-8	4.061218306E-10	2.120458253E-9	-1.540356176E-10	-6.861310964E-10	-9.606633284E-7	1.228211772E-7	7.233067478E-10	2.237521696E-10	-9.946323765E-10	-1.578939979E-9
5.752000000E-2	2.773735543E+2	1.868710000E+0	1.740510000E+0	2.157932158E-6	6.769668630E-7	6.804074526E-10	-1.459444676E-9	7.728475498E-11	1.058123367E-9	2.696245076E-7	4.987391478E-8	1.341898398E-10	1.642721514E-9	-6.593465791E-12	-8.454666411E-10	-9.606272897E-7	1.223071564E-7	2.460485427E-10	4.216941518E-10	-1.028711671E-9	-1.254989890E-9
5.903000000E-2	2.777750535E+2	1.870080000E+0	1.738230000E+0	2.157864174E-6	6.769303695E-7	7.080399045E-10	-1.336973865E-9	-1.726066789E-10	8.627502046E-10	2.693892895E-7	5.009716375E-8	1.568836450E-10	1.041591813E-9	7.872161950E-11	-1.150260887E-9	-9.607250604E-7	1.216300660E-7	-2.966256685E-10	4.630165418E-10	-1.128561245E-9	-1.003982009E-9
6.138000000E-2	2.781750919E+2	1.870020000E+0	1.733010000E+0	2.157884410E-6	6.770326877E-7	7.015104608E-10	-9.822952451E-10	-4.860779557E-10	6.356497550E-10	2.691763257E-7	5.015271398E-8	4.289721356E-10	7.085879106E-10	1.232980523E-10	-1.383796744E-9	-9.607978200E-7	1.210618450E-7	-8.227776238E-10	3.719886621E-10	-1.105916025E-9	-8.464841605E-10
6.393000000E-2	2.786730863E+2	1.867800000E+0	1.737090000E+0	2.158084044E-6	6.771751941E-7	5.364723665E-10	-4.469255521E-10	-8.943614183E-10	4.148629496E-10	2.689426992E-7	5.025063388E-8	9.019575087E-10	4.544986609E-10	3.370214385E-10	-1.669151484E-9	-9.614643659E-7	1.202832465E-7	-1.454422915E-9	-1.453748649E-10	-9.252900113E-10	-9.087041675E-10
6.688000000E-2	2.792734327E+2	1.868700000E+0	1.739050000E+0	2.158659981E-6	6.771202834E-7	7.828580006E-10	-1.597353638E-10	-1.220676116E-9	5.532146408E-10	2.689406529E-7	5.020465821E-8	1.215064938E-9	4.129031006E-10	5.430155214E-10	-1.910963387E-9	-9.619730008E-7	1.200486679E-7	-1.869495447E-9	-6.282626086E-10	-8.217836966E-10	-1.037381514E-9
6.884000000E-2	2.796734708E+2	1.869500000E+0	1.731760000E+0	2.159384394E-6	6.769264473E-7	1.187981713E-9	2.110654186E-11	-1.295103580E-9	7.313324946E-10	2.688346683E-7	4.993336944E-8	1.548067563E-9	4.594379321E-10	5.718523433E-10	-2.088899054E-9	-9.625692883E-7	1.200113928E-7	-2.146361755E-9	-1.131379657E-9	-7.287481729E-10	-9.239781718E-10
7.113000000E-2	2.801734360E+2	1.870920000E+0	1.741290000E+0	2.160387567E-6	6.766265415E-7	1.674095418E-9	4.115847385E-10	-1.280109019E-9	1.102264946E-9	2.684321601E-7	4.955785471E-8	1.651279224E-9	2.630108076E-10	4.229839257E-10	-2.139923350E-9	-9.634175058E-7	1.203177931E-7	-2.271379751E-9	-1.489923962E-9	-7.684942127E-10	-6.756402104E-10
7.336000000E-2	2.805738193E+2	1.869040000E+0	1.741350000E+0	2.160986241E-6	6.763411875E-7	1.878318390E-9	5.232960176E-10	-1.331875166E-9	1.232599800E-9	2.679858540E-7	4.925428954E-8	1.640842462E-9	-1.325260734E-10	4.251880792E-10	-2.076658623E-9	-9.644192005E-7	1.206329472E-7	-2.280202693E-9	-1.308763542E-9	-8.395559248E-10	-5.968172068E-10
7.584000000E-2	2.810750938E+2	1.867040000E+0	1.737530000E+0	2.161593329E-6	6.757755955E-7	2.060680071E-9	3.925512138E-10	-1.370590530E-9	1.114859982E-9	2.671544621E-7	4.891174044E-8	1.870507083E-9	-5.822707316E-10	5.394796832E-10	-1.965860363E-9	-9.656631619E-7	1.208738212E-7	-2.208004668E-9	-8.151964659E-10	-8.652421557E-10	-7.088449827E-10
7.794000000E-2	2.814734912E+2	1.871290000E+0	1.743070000E+0	2.162048531E-6	6.750237276E-7	1.927237925E-9	2.051073755E-10	-1.266904914E-9	9.886574892E-10	2.666232888E-7	4.884806160E-8	2.075865702E-9	-6.154522447E-10	6.737800873E-10	-1.855734011E-9	-9.669755627E-7	1.209617295E-7	-1.855079534E-9	-5.281743931E-10	-8.646842131E-10	-8.369649418E-10
7.983000000E-2	2.818738848E+2	1.879830000E+0	1.744210000E+0	2.162438705E-6	6.741378797E-7	1.606126121E-9	8.155165432E-11	-1.013469642E-9	9.210571750E-10	2.662769418E-7	4.895456840E-8	2.068378802E-9	-4.268819742E-10	7.600508001E-10	-1.777191838E-9	-9.684438282E-7	1.211468259E-7	-1.475490952E-9	-5.023080840E-10	-8.292512788E-10	-9.740328544E-10
8.160000000E-2	2.823746460E+2	1.883030000E+0	1.742090000E+0	2.162721330E-6	6.731130497E-7	1.255458404E-9	7.389575757E-11	-4.861011038E-10	9.543816848E-10	2.660105167E-7	4.903354522E-8	1.971203867E-9	-7.173876770E-11	7.939921498E-10	-1.675994121E-9	-9.697420182E-7	1.217641028E-7	-1.210339051E-9	-2.675027699E-10	-6.395118324E-10	-1.252853821E-9
8.258000000E-2	2.827746057E+2	1.882090000E+0	1.745900000E+0	2.162728151E-6	6.724669674E-7	1.219843782E-9	7.921583528E-11	-1.725693893E-11	9.364383713E-10	2.658728135E-7	4.896262595E-8	2.004908461E-9	1.117596571E-10	8.107288174E-10	-1.548354001E-9	-9.704742752E-7	1.224084514E-7	-1.114769277E-9	-4.906068260E-11	-4.001029508E-10	-1.453611565E-9
8.278000000E-2	2.831743851E+2	1.879560000E+0	1.742270000E+0	2.162636292E-6	6.718280474E-7	1.217511980E-9	-6.330933694E-11	3.785333158E-10	8.640644311E-10	2.657773450E-7	4.900649486E-8	1.934667759E-9	2.223871226E-10	8.465161905E-10	-1.487663548E-9	-9.708760445E-7	1.229801541E-7	-1.021101537E-9	1.377057773E-10	-9.458648448E-11	-1.689827389E-9
8.278000000E-2	2.835734934E+2	1.879520000E+0	1.749080000E+0	2.162402325E-6	6.713316338E-7	1.329487520E-9	-4.208201010E-10	7.418939907E-10	6.861752833E-10	2.656669835E-7	4.939298037E-8	1.833012631E-9	4.127787279E-10	8.643047389E-10	-1.488481560E-9	-9.708705875E-7	1.233842824E-7	-9.426045500E-10	2.676795452E-10	1.661790705E-10	-1.919256532E-9
8.265000000E-2	2.839736886E+2	1.881030000E+0	1.752700000E+0	2.162201781E-6	6.710342291E-7	1.440127240E-9	-7.001398350E-10	7.883186326E-10	5.295593963E-10	2.655973503E-7	4.973569290E-8	1.726758181E-9	6.570428090E-10	8.210190860E-10	-1.466224475E-9	-9.704115200E-7	1.234880926E-7	-7.359470810E-10	5.082946286E-10	2.951614508E-10	-2.042138236E-9
8.232000000E-2	2.843735922E+2	1.885010000E+0	1.754450000E+0	2.161950078E-6	6.709766467E-7	1.476415323E-9	-8.510376293E-10	6.970402033E-10	3.819645711E-10	2.655866638E-7	5.004182668E-8	1.519314008E-9	9.346756702E-10	8.009520824E-10	-1.221740598E-9	-9.696418601E-7	1.233750595E-7	-4.937642517E-10	6.596468372E-10	3.667322834E-10	-1.970476227E-9
8.199000000E-2	2.847732213E+2	1.881820000E+0	1.752810000E+0	2.161397788E-6	6.711894684E-7	1.395542681E-9	-8.772549354E-10	4.503736550E-10	1.199412930E-10	2.656416314E-7	5.019165528E-8	1.007972372E-9	1.117843484E-9	7.667532165E-10	-8.955376995E-10	-9.685747955E-7	1.232583884E-7	-2.516726272E-10	7.001527136E-10	4.415394994E-10	-1.645848347E-9
8.141000000E-2	2.853734877E+2	1.879010000E+0	1.748550000E+0	2.160528311E-6	6.714215601E-7	1.386586845E-9	-7.496162024E-10	7.704525212E-11	-2.986346448E-10	2.657645837E-7	5.000685377E-8	6.432154809E-10	9.048483629E-10	6.176165690E-10	-7.595215568E-10	-9.680148878E-7	1.231023674E-7	-1.919220754E-10	6.384403006E-10	5.285031857E-10	-1.423853258E-9
8.108000000E-2	2.857739310E+2	1.880290000E+0	1.745830000E+0	2.159760925E-6	6.715416134E-7	1.487073686E-9	-5.603237319E-10	-1.907772135E-10	-7.265197333E-10	2.654923605E-7	4.963923317E-8	5.619255061E-10	4.822243716E-10	5.314911844E-10	-7.329951646E-10	-9.674070043E-7	1.227448934E-7	-7.101204347E-11	4.662995545E-10	8.131683105E-10	-1.227115964E-9
8.016000000E-2	2.861734519E+2	1.881510000E+0	1.747850000E+0	2.159068345E-6	6.715946483E-7	1.686040640E-9	-2.890764572E-10	-3.219704781E-10	-1.120341597E-9	2.651610202E-7	4.930218367E-8	6.428741428E-10	5.974495204E-11	5.221385546E-10	-6.275412967E-10	-9.668952998E-7	1.222823869E-7	-6.138894948E-11	2.758330231E-10	1.201498900E-9	-9.591152317E-10
7.892000000E-2	2.865744993E+2	1.879780000E+0	1.744930000E+0	2.158434427E-6	6.718119039E-7	1.880205991E-9	3.362333675E-11	-3.383243963E-10	-1.501962887E-9	2.648649229E-7	4.892053695E-8	7.398261448E-10	-2.659286402E-10	7.101269017E-10	-4.048284485E-10	-9.661426930E-7	1.218990775E-7	-9.961377556E-11	1.421878448E-10	1.477359568E-9	-7.016626169E-10
7.689000000E-2	2.869733187E+2	1.877080000E+0	1.746680000E+0	2.158024472E-6	6.722694934E-7	1.991864673E-9	3.223223632E-10	-3.270602122E-10	-1.684246076E-9	2.647203985E-7	4.854215163E-8	7.465544294E-10	-4.384655972E-10	1.110456394E-9	-1.857177884E-10	-9.650905213E-7	1.216515102E-7	-5.230342201E-11	-3.197815970E-11	1.573421837E-9	-4.601741210E-10
7.519000000E-2	2.873731711E+2	1.872230000E+0	1.742780000E+0	2.157812105E-6	6.728251947E-7	1.968072816E-9	4.733268222E-10	-3.816852390E-10	-1.411348150E-9	2.650044166E-7	4.809778531E-8	6.423678811E-10	-3.861325149E-10	1.653110315E-9	2.957276785E-11	-9.638173424E-7	1.215270089E-7	-3.342422866E-11	-1.841053421E-10	1.416246120E-9	-3.040303009E-10
7.192000000E-2	2.878734868E+2	1.869790000E+0	1.740850000E+0	2.157245490E-6	6.735057809E-7	1.866270916E-9	3.826109429E-10	-3.955265560E-10	-8.694528986E-10	2.652264470E-7	4.783978014E-8	5.038927609E-10	-3.068210408E-10	1.993479159E-9	1.773027836E-10	-9.625006214E-7	1.213692116E-7	-1.269546968E-10	-5.811443549E-10	9.573094539E-10	-3.321069808E-10
6.884000000E-2	2.883749095E+2	1.867840000E+0	1.746450000E+0	2.156800065E-6	6.738697493E-7	1.744791756E-9	1.749218825E-10	-4.741376181E-10	-2.392396281E-10	2.652433011E-7	4.767155914E-8	3.260077208E-10	-2.321650233E-10	2.009572953E-9	3.681927263E-10	-9.616200032E-7	1.211632394E-7	-2.844120217E-10	-8.243564720E-10	2.240069519E-10	-4.289425759E-10
6.707000000E-2	2.887730930E+2	1.866820000E+0	1.737510000E+0	2.156622713E-6	6.741740322E-7	1.653258863E-9	-7.036146665E-11	-6.129857177E-10	1.685701440E-10	2.653098647E-7	4.765305306E-8	1.789911275E-10	-2.335387439E-10	1.762888502E-9	6.173615508E-10	-9.611551377E-7	1.212285099E-7	-5.485368271E-10	-9.319018890E-10	-9.171133297E-10	-5.794272839E-10
6.400000000E-2	2.891740313E+2	1.868900000E+0	1.739790000E+0	2.156704795E-6	6.743626386E-7	1.764569713E-9	-1.182401399E-10	-6.628183558E-10	4.101489981E-10	2.652754745E-7	4.768460471E-8	8.949923441E-11	-3.538876969E-10	1.423394402E-9	8.833856979E-10	-9.611653695E-7	1.216908601E-7	-7.937349666E-10	-9.038633730E-10	-1.744967948E-9	-5.382068124E-10
6.151000000E-2	2.896736669E+2	1.870130000E+0	1.741490000E+0	2.156888058E-6	6.744852499E-7	1.992964904E-9	1.487163587E-10	-6.813864473E-10	6.257624419E-10	2.652575972E-7	4.771702322E-8	2.400592919E-11	-5.441675999E-10	1.189750076E-9	1.286245555E-9	-9.615837371E-7	1.224282613E-7	-7.120991574E-10	-5.555971794E-10	-2.221116402E-9	-4.132668374E-10
5.817000000E-2	2.901741729E+2	1.870910000E+0	1.731240000E+0	2.156819164E-6	6.745370342E-7	2.219378237E-9	3.883068034E-10	-5.874175590E-10	7.086031761E-10	2.653397075E-7	4.774071627E-8	1.039383232E-10	-4.412868959E-10	1.080154521E-9	1.586986431E-9	-9.621329582E-7	1.226782871E-7	-4.729946434E-10	-1.600295742E-12	-2.239829655E-9	-2.613972372E-10
5.621000000E-2	2.905742943E+2	1.870010000E+0	1.729120000E+0	2.156807795E-6	6.746394661E-7	2.309202829E-9	6.457671620E-10	-2.746516625E-10	7.635707067E-10	2.659231200E-7	4.769645656E-8	3.334268694E-10	5.468614797E-11	1.155817775E-9	1.378064440E-9	-9.632658475E-7	1.219539598E-7	-3.225997802E-10	3.768599044E-10	-1.685101170E-9	-1.391891741E-10
5.215000000E-2	2.913742452E+2	1.867550000E+0	1.729300000E+0	2.156747541E-6	6.748427950E-7	2.251371978E-9	9.704195225E-10	-1.939944594E-10	7.573359162E-10	2.665263423E-7	4.791381514E-8	3.819637107E-10	4.439478785E-10	1.422016504E-9	1.056969623E-9	-9.637218454E-7	1.215487799E-7	-1.778378417E-10	3.575145457E-10	-1.262011051E-9	-3.263575799E-10
4.921000000E-2	2.918744039E+2	1.866210000E+0	1.736390000E+0	2.156992650E-6	6.749013437E-7	2.066299798E-9	7.109671185E-10	-3.607590893E-10	7.438266669E-10	2.665190948E-7	4.804162401E-8	3.885090305E-10	5.035441508E-10	1.675507511E-9	5.259824243E-10	-9.638762322E-7	1.213280569E-7	7.992495554E-11	7.271443864E-11	-6.145896569E-10	-5.929571278E-10
4.731000000E-2	2.922744310E+2	1.862640000E+0	1.735030000E+0	2.157318249E-6	6.749142472E-7	1.780527059E-9	3.597050713E-10	-7.363462062E-10	7.896839849E-10	2.662622762E-7	4.811830223E-8	4.639316431E-10	4.882746429E-10	1.956508289E-9	-3.475937593E-11	-9.638268921E-7	1.211310803E-7	3.004027860E-10	-2.653001152E-10	-2.414784692E-11	-8.662779938E-10
4.535000000E-2	2.926751910E+2	1.859740000E+0	1.739340000E+0	2.157582458E-6	6.749182262E-7	1.300086816E-9	6.855702117E-11	-1.027663288E-9	8.704748033E-10	2.660764835E-7	4.828777023E-8	6.198996316E-10	2.785547903E-10	2.132090282E-9	-3.553855821E-10	-9.637684570E-7	1.208109239E-7	3.298082363E-10	-5.953222359E-10	4.008954002E-10	-1.014795248E-9
4.253000000E-2	2.931740354E+2	1.860970000E+0	1.739130000E+0	2.157954896E-6	6.750844364E-7	6.099802885E-10	-2.248776165E-10	-1.251523662E-9	8.653299743E-10	2.660233633E-7	4.854014435E-8	7.062996299E-10	-6.086785936E-11	2.156054446E-9	-4.747516824E-10	-9.636075902E-7	1.203977007E-7	2.394792420E-10	-9.757330499E-10	5.321831864E-10	-8.119604988E-10
4.064000000E-2	2.935731248E+2	1.863390000E+0	1.736660000E+0	2.158360530E-6	6.752541708E-7	-3.609832433E-10	-4.408532428E-10	-1.374850678E-9	8.186056832E-10	2.660774783E-7	4.867523984E-8	1.128162230E-9	-3.488347111E-10	1.677825434E-9	-8.417224695E-10	-9.629020497E-7	1.201733397E-7	5.191612765E-11	-1.567088126E-9	4.744415971E-10	-5.182510671E-11
3.645000000E-2	2.943734584E+2	1.863280000E+0	1.740620000E+0	2.158848702E-6	6.747924886E-7	-1.492800550E-9	-4.100309536E-10	-1.325529575E-9	1.018640172E-9	2.661542453E-7	4.851375834E-8	1.485324530E-9	-4.588439004E-11	1.235262892E-9	-1.207480893E-9	-9.621514891E-7	1.203319186E-7	-1.013672653E-11	-1.625383383E-9	4.783680674E-10	2.436689461E-10
3.403000000E-2	2.948756905E+2	1.864480000E+0	1.736560000E+0	2.159068117E-6	6.745377164E-7	-1.704004826E-9	-5.794260072E-10	-1.267659089E-9	1.179930820E-9	2.663333021E-7	4.827383648E-8	1.438247743E-9	1.365104835E-10	9.521714528E-10	-1.229920277E-9	-9.617070873E-7	1.205653746E-7	6.537209142E-12	-1.672720851E-9	4.123638375E-10	3.657240621E-10
3.213000000E-2	2.952731092E+2	1.864990000E+0	1.741950000E+0	2.159128826E-6	6.743682661E-7	-1.749314693E-9	-9.242491772E-10	-1.155686546E-9	1.334071853E-9	2.666928936E-7	4.797169595E-8	1.331745159E-9	-1.199646493E-10	6.180845280E-10	-1.118326543E-9	-9.611301266E-7	1.207720857E-7	2.260240606E-11	-1.776651604E-9	1.750198042E-10	4.603924186E-10
3.010000000E-2	2.956750815E+2	1.865700000E+0	1.737720000E+0	2.159267751E-6	6.741658467E-7	-1.579681053E-9	-1.294907848E-9	-1.304355179E-9	1.356171175E-9	2.671131654E-7	4.787972685E-8	1.341727951E-9	-6.659479079E-10	3.795959658E-10	-1.103391045E-9	-9.604877960E-7	1.207326363E-7	-1.625661411E-11	-1.732422650E-9	-2.996528026E-10	4.168891066E-10
2.775000000E-2	2.961731075E+2	1.863210000E+0	1.738970000E+0	2.159370524E-6	6.741387324E-7	-1.413861139E-9	-1.291810214E-9	-1.460831789E-9	1.276408312E-9	2.678391127E-7	4.791376895E-8	1.385557780E-9	-1.546214046E-9	4.175926549E-10	-1.118808379E-9	-9.596344626E-7	1.207241667E-7	6.489550564E-11	-1.558962515E-9	-7.662401269E-10	2.338666483E-10
2.506000000E-2	2.966739517E+2	1.859090000E+0	1.742780000E+0	2.159457381E-6	6.739577430E-7	-1.234820579E-9	-9.778576837E-10	-1.299580443E-9	1.113133807E-9	2.683158868E-7	4.808855891E-8	1.484763423E-9	-2.161871571E-9	5.318639973E-10	-1.215079703E-9	-9.590215768E-7	1.209723308E-7	3.230005707E-10	-1.493799528E-9	-9.647208588E-10	1.457922533E-10
2.212000000E-2	2.972737887E+2	1.859980000E+0	1.740370000E+0	2.159453061E-6	6.737855642E-7	-9.114339283E-10	-4.922525720E-10	-8.888160763E-10	5.487434396E-10	2.686877281E-7	4.844394397E-8	1.479082301E-9	-2.536473254E-9	5.072551268E-10	-9.303317006E-10	-9.589449519E-7	1.211404310E-7	2.423191647E-10	-1.658257420E-9	-8.362583403E-10	1.787923976E-10
1.996000000E-2	2.977731057E+2	1.860370000E+0	1.736220000E+0	2.159203859E-6	6.737477065E-7	-5.288118277E-10	1.109171348E-11	-2.852036662E-10	-8.131152002E-11	2.690044880E-7	4.898568306E-8	1.244387149E-9	-2.804102506E-9	1.495301938E-10	-4.234556594E-10	-9.595511301E-7	1.210327838E-7	-1.419886847E-10	-1.942352279E-9	-8.701818710E-10	3.661898840E-10
1.708000000E-2	2.982731084E+2	1.859530000E+0	1.738200000E+0	2.158903953E-6	6.739422247E-7	-3.021673189E-10	3.490065181E-10	1.160301438E-10	-5.563445815E-10	2.691537304E-7	4.899139938E-8	9.220702535E-10	-3.072271548E-9	-4.910681306E-10	1.779297404E-10	-9.606368394E-7	1.208371430E-7	-5.196595931E-10	-2.131801180E-9	-9.731560002E-10	5.355280108E-10
1.453000000E-2	2.987735946E+2	1.856460000E+0	1.740110000E+0	2.158877123E-6	6.741244647E-7	-1.715411146E-10	7.831485460E-10	2.611418581E-10	-6.501340577E-10	2.691212728E-7	4.863717251E-8	7.252255463E-10	-3.298048057E-9	-9.705526383E-10	6.178610401E-10	-9.622573316E-7	1.209705260E-7	-8.139312002E-10	-1.987541243E-9	-9.543733581E-10	4.424208500E-10
1.269000000E-2	2.991744950E+2	1.856890000E+0	1.737340000E+0	2.159060387E-6	6.740447134E-7	-1.896217072E-10	1.002640415E-9	3.781885638E-10	-5.843637241E-10	2.689183702E-7	4.831855804E-8	6.858570378E-10	-3.372332413E-9	-1.159287555E-9	9.083991892E-10	-9.640276630E-7	1.213684015E-7	-1.105930236E-9	-1.567062369E-9	-7.960878623E-10	1.508509290E-10
1.067000000E-2	2.995746459E+2	1.856780000E+0	1.741960000E+0	2.159335963E-6	6.738285379E-7	-2.813607680E-10	9.807711310E-10	6.254730067E-10	-6.297451449E-10	2.685421236E-7	4.801778886E-8	8.673615715E-10	-3.398119342E-9	-9.993571526E-10	9.987209948E-10	-9.669652172E-7	1.218469094E-7	-1.508492886E-9	-5.734399622E-10	-4.296497186E-11	-3.804957738E-10
8.050000000E-3	3.002735897E+2	1.863210000E+0	1.748570000E+0	2.160080612E-6	6.731429494E-7	-4.287135369E-10	6.513541373E-10	8.734855617E-10	-8.196492929E-10	2.680611999E-7	4.797544051E-8	1.105488923E-9	-3.507729218E-9	-5.233720679E-10	7.731155161E-10	-9.684664519E-7	1.219107020E-7	-1.831957253E-9	-6.673694236E-11	4.825333466E-10	-7.473676678E-10
7.260000000E-3	3.006739842E+2	1.864550000E+0	1.738270000E+0	2.160712938E-6	6.725791764E-7	-4.007186527E-10	4.341261239E-10	9.064915485E-10	-9.045654781E-10	2.675089945E-7	4.810449994E-8	1.071924327E-9	-3.622360412E-9	-1.971675184E-10	5.360681898E-10	-9.695966128E-7	1.218694621E-7	-2.007252142E-9	4.345351856E-10	1.022024243E-9	-1.143222628E-9
7.070000000E-3	3.010730852E+2	1.861880000E+0	1.742910000E+0	2.161222483E-6	6.721756449E-7	-2.634690521E-10	2.937396715E-10	9.525985556E-10	-9.042354088E-10	2.668752757E-7	4.828618572E-8	8.387761596E-10	-3.422043760E-9	2.374981462E-11	4.203629112E-10	-9.700924011E-7	1.219360968E-7	-1.969228114E-9	9.021996483E-10	1.165220254E-9	-1.327746357E-9
7.200000000E-3	3.014733648E+2	1.856400000E+0	1.743260000E+0	2.161518523E-6	6.719871521E-7	-1.224697149E-10	1.075727181E-11	9.406122547E-10	-8.093243853E-10	2.662081045E-7	4.845496093E-8	4.566518275E-10	-2.724805936E-9	2.574164770E-10	2.987474157E-10	-9.704258446E-7	1.223299080E-7	-1.703854502E-9	1.238752101E-9	1.028339414E-9	-1.378062886E-9
7.460000000E-3	3.018750267E+2	1.854740000E+0	1.740460000E+0	2.161733619E-6	6.720011356E-7	-7.244797817E-11	-1.901822588E-10	8.906417270E-10	-6.054183266E-10	2.657881737E-7	4.854764413E-8	2.661073272E-11	-1.829799756E-9	4.359409222E-10	1.638495034E-10	-9.704485819E-7	1.227958677E-7	-1.415442541E-9	1.503855707E-9	7.523071055E-10	-1.290769047E-9
7.590000000E-3	3.022732841E+2	1.856430000E+0	1.750390000E+0	2.161970770E-6	6.722078183E-7	-2.271000575E-11	-4.552571098E-10	9.706503379E-10	-2.015317496E-10	2.653398497E-7	4.860982372E-8	-2.196920285E-10	-1.026071561E-9	6.947463715E-10	1.379748815E-10	-9.701504951E-7	1.232380953E-7	-1.192635546E-9	1.707627484E-9	5.947090598E-10	-9.939672418E-10
8.050000000E-3	3.026747787E+2	1.860900000E+0	1.740120000E+0	2.162046712E-6	6.724152399E-7	1.086308821E-10	-7.191430784E-10	1.356796786E-9	2.225854362E-10	2.651866851E-7	4.863109382E-8	-5.245804346E-10	-1.324932525E-11	1.086901347E-9	-4.349397231E-11	-9.693025049E-7	1.241708389E-7	-8.044986344E-10	1.947374262E-9	3.968395057E-10	-2.373976571E-10
8.570000000E-3	3.033739144E+2	1.864160000E+0	1.741320000E+0	2.161944167E-6	6.725901471E-7	4.899908812E-10	-9.281701519E-10	2.189091575E-9	4.907034778E-10	2.655581852E-7	4.864245895E-8	-5.475583320E-10	5.852259788E-10	1.191091781E-9	-4.369374307E-10	-9.685793429E-7	1.243898424E-7	-5.857734298E-10	1.842904274E-9	3.240946123E-10	2.713164589E-11
8.900000000E-3	3.037735824E+2	1.858340000E+0	1.746150000E+0	2.161742486E-6	6.728806739E-7	5.585594764E-10	-1.110761261E-9	2.494444207E-9	7.891444720E-10	2.658960625E-7	4.853308866E-8	-3.571992147E-10	8.388166828E-10	1.190074483E-9	-6.966221489E-10	-9.678191191E-7	1.244817440E-7	-3.479147248E-10	1.603460364E-9	2.441984115E-10	-1.246688308E-10
9.230000000E-3	3.041749622E+2	1.858160000E+0	1.743650000E+0	2.161469183E-6	6.734019848E-7	3.930163139E-10	-1.158241170E-9	2.618572248E-9	1.070410427E-9	2.659957659E-7	4.846047119E-8	-1.323529619E-10	9.005444723E-10	1.205433531E-9	-7.691624004E-10	-9.671832686E-7	1.246319101E-7	-7.767211180E-11	1.378453907E-9	1.840424341E-10	-3.887683508E-10
9.420000000E-3	3.045748994E+2	1.863180000E+0	1.744180000E+0	2.161165412E-6	6.741728384E-7	7.064924340E-11	-1.251162396E-9	2.730896620E-9	1.259030769E-9	2.660192706E-7	4.843079893E-8	1.026855753E-10	8.928549011E-10	1.209802924E-9	-8.814288188E-10	-9.664075833E-7	1.247611010E-7	2.742790162E-10	1.115906367E-9	-3.651086031E-11	-7.546671621E-10
9.620000000E-3	3.049749390E+2	1.869310000E+0	1.747490000E+0	2.160770009E-6	6.749276622E-7	-3.061477738E-10	-1.443314690E-9	2.604984228E-9	1.221452384E-9	2.662009990E-7	4.847535351E-8	3.998830433E-10	7.538896174E-10	1.199828903E-9	-1.019982321E-9	-9.658558611E-7	1.248510415E-7	5.196654218E-10	8.893334402E-10	-4.439021928E-10	-1.097371194E-9
9.620000000E-3	3.053754167E+2	1.868200000E+0	1.742130000E+0	2.160385748E-6	6.753526236E-7	-5.629762212E-10	-1.483197232E-9	2.302336988E-9	1.064775823E-9	2.664762633E-7	4.859352387E-8	5.650797608E-10	6.020510202E-10	1.259717553E-9	-1.061233323E-9	-9.654345377E-7	1.247903469E-7	4.705499879E-10	8.317419531E-10	-7.915518796E-10	-1.284438555E-9
9.820000000E-3	3.057732682E+2	1.867650000E+0	1.746410000E+0	2.159860742E-6	6.758232303E-7	-7.688359394E-10	-1.393515636E-9	1.789285497E-9	8.307516341E-10	2.668359969E-7	4.881529492E-8	3.976534102E-10	2.477718863E-10	1.398431482E-9	-9.549103730E-10	-9.648462083E-7	1.243741394E-7	2.017990774E-10	8.549178587E-10	-1.118594106E-9	-1.307548292E-9
9.950000000E-3	3.062743564E+2	1.865930000E+0	1.743510000E+0	2.159253427E-6	6.761251825E-7	-9.439109494E-10	-1.136688077E-9	1.208320888E-9	5.262403291E-10	2.672552455E-7	4.918728180E-8	2.034027391E-10	-2.379504094E-10	1.642935343E-9	-8.450919964E-10	-9.642898249E-7	1.239135230E-7	-2.282111479E-11	8.662713880E-10	-1.298770980E-9	-1.232898228E-9
9.950000000E-3	3.066732691E+2	1.871600000E+0	1.744510000E+0	2.158836878E-6	6.763577289E-7	-1.031971730E-9	-8.883221936E-10	9.620600983E-10	3.740642795E-10	2.674968584E-7	4.953469457E-8	1.468987293E-10	-7.036157212E-10	1.935734018E-9	-7.500048360E-10	-9.636634104E-7	1.234274265E-7	-8.447884059E-11	9.075266649E-10	-1.286584062E-9	-1.120269211E-9
9.950000000E-3	3.070736319E+2	1.877840000E+0	1.744460000E+0	2.158545613E-6	6.764054206E-7	-1.062450572E-9	-6.857810986E-10	8.585495093E-10	2.690755119E-10	2.677548991E-7	4.984247681E-8	2.746878558E-10	-1.217449586E-9	2.151146816E-9	-5.826419902E-10	-9.631030480E-7	1.230527289E-7	1.549172734E-10	9.811688129E-10	-1.196081234E-9	-8.636516502E-10
9.950000000E-3	3.074734375E+2	1.878340000E+0	1.741480000E+0	2.158405323E-6	6.763907550E-7	-1.090106006E-9	-5.842278328E-10	8.314688382E-10	2.728704485E-10	2.679038857E-7	4.992750746E-8	6.204782799E-10	-1.743343359E-9	2.368235830E-9	-4.825080890E-10	-9.625294979E-7	1.227123079E-7	5.494407151E-10	9.211660323E-10	-8.757556902E-10	-5.558844496E-10
9.880000000E-3	3.078741052E+2	1.877200000E+0	1.746990000E+0	2.158356210E-6	6.763797842E-7	-1.010572737E-9	-5.503192901E-10	7.288156745E-10	1.635636626E-10	2.679942952E-7	4.977012935E-8	1.105968650E-9	-2.154310952E-9	2.375466046E-9	-4.699787226E-10	-9.618602235E-7	1.223765764E-7	7.946959757E-10	8.128718254E-10	-5.915959944E-10	-3.873217302E-10
1.008000000E-2	3.082740282E+2	1.878890000E+0	1.743590000E+0	2.158325515E-6	6.764311138E-7	-9.641311083E-10	-6.156427035E-10	6.343605641E-10	-1.869419767E-12	2.679891225E-7	4.949890098E-8	1.542007189E-9	-2.314051173E-9	2.331100868E-9	-5.090318167E-10	-9.613116845E-7	1.221312544E-7	9.827616498E-10	7.689270887E-10	-3.607877330E-10	-2.607062621E-10
9.950000000E-3	3.086739851E+2	1.878530000E+0	1.745250000E+0	2.158228199E-6	6.765596936E-7	-9.929397304E-10	-7.889157105E-10	5.914094769E-10	-1.960356461E-10	2.678210933E-7	4.901866291E-8	2.179731062E-9	-2.238903507E-9	2.223462525E-9	-4.376720930E-10	-9.607975926E-7	1.220354875E-7	1.148458995E-9	9.393463785E-10	-4.021236399E-10	9.009423069E-11
1.008000000E-2	3.093742735E+2	1.870580000E+0	1.747540000E+0	2.158089273E-6	6.768442518E-7	-9.629084197E-10	-6.139984077E-10	9.123870548E-10	-1.994438503E-10	2.677466568E-7	4.881526294E-8	2.435749602E-9	-2.050898784E-9	2.050287051E-9	-2.393711895E-10	-9.608436358E-7	1.223942974E-7	1.126744253E-9	1.297512209E-9	-6.269270103E-10	9.859711658E-11
1.001000000E-2	3.097749807E+2	1.863020000E+0	1.744910000E+0	2.158093139E-6	6.768206617E-7	-7.482160447E-10	-3.812801186E-10	1.157005935E-9	-2.420375289E-10	2.676572706E-7	4.861381342E-8	2.496313378E-9	-1.916856229E-9	1.938529337E-9	-1.769490804E-10	-9.610052984E-7	1.227785589E-7	9.388025912E-10	1.614402278E-9	-6.697544741E-10	-1.250230058E-10
1.008000000E-2	3.101735758E+2	1.860670000E+0	1.744950000E+0	2.158094958E-6	6.766846354E-7	-4.312927793E-10	-1.931151072E-10	1.396148086E-9	-1.359209412E-10	2.674379971E-7	4.860014258E-8	2.556077128E-9	-1.739374977E-9	1.819770112E-9	-1.015589071E-10	-9.609995004E-7	1.228961679E-7	7.262521140E-10	1.793029059E-9	-7.905176513E-10	-2.025788287E-10
9.950000000E-3	3.105734716E+2	1.860790000E+0	1.751530000E+0	2.158103143E-6	6.766141496E-7	-1.052213525E-10	-2.388172646E-11	1.525636506E-9	5.699043321E-11	2.671228572E-7	4.874840087E-8	2.586624026E-9	-1.562530882E-9	1.557159401E-9	-4.503737661E-11	-9.609208291E-7	1.229024349E-7	3.856076847E-10	1.847448861E-9	-1.028349406E-9	-2.078936745E-10
1.001000000E-2	3.109739614E+2	1.861210000E+0	1.737010000E+0	2.157996732E-6	6.766421166E-7	2.494635887E-10	3.253949887E-11	1.394184879E-9	2.513368402E-10	2.669474952E-7	4.885669824E-8	2.718999692E-9	-1.431343266E-9	1.120727511E-9	1.179500109E-10	-9.607966831E-7	1.227891886E-7	-6.457962637E-11	1.875137823E-9	-1.314668374E-9	-1.780044306E-10
1.001000000E-2	3.113738805E+2	1.861490000E+0	1.745030000E+0	2.157975587E-6	6.767090781E-7	3.214318534E-10	2.670658833E-12	9.813303503E-10	2.795416676E-10	2.669262642E-7	4.888112670E-8	2.795309539E-9	-1.338929190E-9	7.792068102E-10	4.118722030E-10	-9.607099400E-7	1.226232342E-7	-5.180509355E-10	1.849602249E-9	-1.585263920E-9	-4.505593468E-11
9.950000000E-3	3.117739810E+2	1.863030000E+0	1.738570000E+0	2.158164079E-6	6.768748904E-7	4.093452799E-10	-3.723126408E-12	4.607796367E-10	2.259549353E-10	2.670968229E-7	4.876800475E-8	2.577647429E-9	-1.238311120E-9	4.696798506E-10	7.477718444E-10	-9.607684888E-7	1.224123167E-7	-9.267211443E-10	1.893960544E-9	-1.756893075E-9	4.973723100E-10
1.001000000E-2	3.123743739E+2	1.863720000E+0	1.734030000E+0	2.158364396E-6	6.770945902E-7	5.584115392E-10	-5.920386403E-11	1.389733467E-10	3.249495950E-10	2.673419886E-7	4.875217030E-8	1.933238458E-9	-1.148103501E-9	2.772700403E-10	8.250702899E-10	-9.607214224E-7	1.222247619E-7	-1.256792781E-9	1.840460895E-9	-1.737983535E-9	1.127263283E-9
1.001000000E-2	3.127737538E+2	1.861150000E+0	1.746180000E+0	2.158427833E-6	6.772561960E-7	5.938237124E-10	-1.745973088E-10	-1.463814486E-11	4.653921415E-10	2.673234860E-7	4.873821169E-8	1.295183294E-9	-8.978549570E-10	2.710171254E-10	7.705111549E-10	-9.606568483E-7	1.221009995E-7	-1.503833724E-9	1.802373140E-9	-1.808479588E-9	1.544910644E-9
9.950000000E-3	3.131737073E+2	1.855870000E+0	1.734310000E+0	2.158414873E-6	6.772977486E-7	6.468630631E-10	-3.201201526E-10	-4.891566666E-11	6.088042848E-10	2.670885806E-7	4.859012037E-8	8.249343986E-10	-5.736932041E-10	3.418682837E-10	6.165817856E-10	-9.606133062E-7	1.219864885E-7	-1.661541793E-9	1.766087721E-9	-1.828937779E-9	1.794379090E-9
9.880000000E-3	3.135737926E+2	1.853780000E+0	1.739380000E+0	2.158386451E-6	6.771880976E-7	6.802698960E-10	-3.753634903E-10	3.670192188E-12	7.327192186E-10	2.667548813E-7	4.842229018E-8	3.524351921E-10	-3.223276646E-10	5.546017534E-10	4.823700883E-10	-9.606840194E-7	1.216141499E-7	-1.698718943E-9	1.607585176E-9	-1.778903025E-9	1.754017376E-9
1.008000000E-2	3.139739693E+2	1.849780000E+0	1.743520000E+0	2.158241614E-6	6.769463425E-7	6.401788544E-10	-4.439935364E-10	1.077329337E-10	8.955425290E-10	2.664593808E-7	4.827192512E-8	5.329092723E-11	-1.656507709E-10	7.382358613E-10	4.739477699E-10	-9.606570757E-7	1.212011682E-7	-1.616478507E-9	1.568600361E-9	-1.615356404E-9	1.512673542E-9
1.001000000E-2	3.144739348E+2	1.845440000E+0	1.733930000E+0	2.157999916E-6	6.769140555E-7	6.758123505E-10	-5.121783553E-10	2.127328869E-10	1.035978081E-9	2.662206100E-7	4.821024291E-8	-1.558493265E-11	-1.208539102E-10	9.108377386E-10	2.716712966E-10	-9.605550986E-7	1.207416034E-7	-1.362339908E-9	1.599488431E-9	-1.495579105E-9	1.467309607E-9
1.001000000E-2	3.148739278E+2	1.841770000E+0	1.739130000E+0	2.157753443E-6	6.770027312E-7	5.512113543E-10	-5.325541674E-10	2.568054380E-10	1.138301897E-9	2.660945029E-7	4.828879696E-8	-1.873405294E-12	-6.874242842E-11	1.178281916E-9	1.192975857E-10	-9.606923186E-7	1.202317748E-7	-9.736105255E-10	1.683639006E-9	-1.288716023E-9	1.536947236E-9
1.001000000E-2	3.152737302E+2	1.840330000E+0	1.736620000E+0	2.157540848E-6	6.770596315E-7	4.889648131E-10	-5.864786434E-10	3.894401746E-10	1.180933573E-9	2.659822940E-7	4.843920465E-8	-5.357892602E-11	1.243179448E-10	1.411477824E-9	1.922831755E-10	-9.609267409E-7	1.198717001E-7	-5.955245741E-10	1.698592822E-9	-1.015992179E-9	1.596698662E-9
1.001000000E-2	3.156739368E+2	1.844860000E+0	1.738620000E+0	2.157266863E-6	6.771127232E-7	5.443405726E-10	-6.579995437E-10	5.437046369E-10	1.122444249E-9	2.658497351E-7	4.860660141E-8	-2.008045813E-10	4.928860653E-10	1.551548445E-9	4.940226561E-10	-9.611489986E-7	1.196153647E-7	-1.970621860E-10	1.511532677E-9	-6.021260712E-10	1.637067926E-9
1.001000000E-2	3.160745495E+2	1.849970000E+0	1.737600000E+0	2.157134759E-6	6.771000471E-7	5.190423646E-10	-8.441628507E-10	7.335874130E-10	9.917329180E-10	2.658903213E-7	4.883213123E-8	-4.866294589E-10	9.538827506E-10	1.616952905E-9	8.215129132E-10	-9.612588201E-7	1.193999140E-7	5.777074999E-11	1.186899468E-9	-2.512813291E-10	1.578470577E-9
9.880000000E-3	3.164739062E+2	1.855240000E+0	1.734750000E+0	2.157097242E-6	6.770943060E-7	3.651368097E-10	-1.002038896E-9	8.397719742E-10	9.893872388E-10	2.660401890E-7	4.905852791E-8	-8.198766666E-10	1.331547428E-9	1.703163721E-9	1.076131295E-9	-9.614184364E-7	1.191658185E-7	-2.294712380E-12	8.094495074E-10	1.040610861E-10	1.417317264E-9
9.950000000E-3	3.168741445E+2	1.859230000E+0	1.745000000E+0	2.157119752E-6	6.770871437E-7	1.534166683E-10	-1.007556261E-9	9.291345471E-10	9.171838844E-10	2.661674898E-7	4.920971364E-8	-1.091167046E-9	1.559042562E-9	1.618190804E-9	1.096554625E-9	-9.617771184E-7	1.190613972E-7	-2.502436036E-10	5.489528276E-10	4.422759103E-10	1.359360291E-9
9.950000000E-3	3.172738473E+2	1.861940000E+0	1.733620000E+0	2.157191375E-6	6.769669767E-7	-1.290866719E-10	-1.012345319E-9	9.151135960E-10	7.447564232E-10	2.662660847E-7	4.920920915E-8	-1.405995431E-9	1.676867867E-9	1.314271802E-9	1.008968242E-9	-9.621453501E-7	1.189178249E-7	-5.895032795E-10	5.386617819E-10	6.739977465E-10	1.330166421E-9
1.008000000E-2	3.176742552E+2	1.864020000E+0	1.745960000E+0	2.157225936E-6	6.766695151E-7	-2.488857176E-10	-9.942150436E-10	7.978725458E-10	5.651444868E-10	2.664503427E-7	4.935339959E-8	-1.542961203E-9	1.600708455E-9	1.012987805E-9	9.126410738E-10	-9.626164683E-7	1.188620260E-7	-1.060627697E-9	7.547100167E-10	1.075735168E-9	1.018253482E-9
9.820000000E-3	3.182740732E+2	1.871570000E+0	1.745120000E+0	2.157026756E-6	6.762251132E-7	-2.988779016E-11	-8.376200289E-10	6.585421652E-10	4.092147732E-10	2.665867385E-7	4.932720188E-8	-1.594956389E-9	1.452331921E-9	8.457753386E-10	9.373918308E-10	-9.628560065E-7	1.187778338E-7	-1.104945135E-9	5.824416505E-10	1.331507127E-9	6.731841751E-10
9.950000000E-3	3.186745594E+2	1.872440000E+0	1.743950000E+0	2.156903292E-6	6.760466818E-7	2.744881822E-10	-7.343948782E-10	7.595033491E-10	4.359526906E-10	2.665894954E-7	4.923326102E-8	-1.548467576E-9	1.104390468E-9	5.358091193E-10	8.615152480E-10	-9.629000033E-7	1.186903518E-7	-9.221213792E-10	2.744698357E-10	1.609312905E-9	2.973943869E-10
9.950000000E-3	3.190732360E+2	1.872660000E+0	1.750250000E+0	2.156882601E-6	6.760517408E-7	5.327568386E-10	-7.531680279E-10	9.527132416E-10	3.401906812E-10	2.665535703E-7	4.933409059E-8	-1.415235817E-9	6.648207540E-10	2.551316103E-10	5.598923547E-10	-9.628116686E-7	1.187007683E-7	-5.196507114E-10	7.011579685E-12	1.907561442E-9	-6.199913412E-12
1.001000000E-2	3.194730631E+2	1.870330000E+0	1.742770000E+0	2.156848495E-6	6.761052873E-7	6.363745086E-10	-7.984080064E-10	1.242343228E-9	1.172294067E-10	2.664793044E-7	4.966824818E-8	-1.170070041E-9	3.844210228E-10	2.020386774E-10	1.462484578E-10	-9.628048474E-7	1.189750947E-7	-8.815211755E-11	-2.731143367E-10	2.052676473E-9	-1.505587877E-10
9.950000000E-3	3.198731626E+2	1.867350000E+0	1.743740000E+0	2.156690471E-6	6.761639497E-7	5.533410397E-10	-5.441637696E-10	1.544240180E-9	-9.360701103E-11	2.663111900E-7	5.018093674E-8	-9.225267217E-10	1.865646942E-10	2.919177400E-10	-1.796751498E-10	-9.627493682E-7	1.195587913E-7	2.486449657E-10	-5.917982770E-10	2.019246548E-9	7.375083183E-11
1.001000000E-2	3.202739275E+2	1.867950000E+0	1.745270000E+0	2.156422170E-6	6.762276144E-7	3.284116867E-10	-1.246525383E-10	1.695953378E-9	-1.548713796E-10	2.660689233E-7	5.049139773E-8	-6.910571559E-10	5.277905890E-11	4.449802471E-10	-3.823383832E-10	-9.625709936E-7	1.201784840E-7	4.962891209E-10	-7.661301038E-10	1.880956724E-9	2.922719011E-10
9.950000000E-3	3.206742152E+2	1.871680000E+0	1.738060000E+0	2.156256642E-6	6.763739861E-7	-8.095935380E-12	2.718429371E-10	1.693287288E-9	-1.601305616E-10	2.658618143E-7	5.031929362E-8	-3.685414196E-10	-1.146606976E-10	6.554698451E-10	-5.165735617E-10	-9.620185892E-7	1.214422554E-7	5.967830119E-10	-6.342937842E-10	1.532255434E-9	6.620488047E-10
1.001000000E-2	3.212748697E+2	1.870070000E+0	1.741380000E+0	2.156160917E-6	6.765891385E-7	-1.111588738E-10	5.924436497E-10	1.696608187E-9	-5.955817783E-11	2.660415248E-7	4.987489888E-8	5.597597386E-11	-1.951273448E-10	8.020836217E-10	-3.834408069E-10	-9.618470358E-7	1.219444243E-7	4.898565997E-10	-3.113437008E-10	1.322235210E-9	7.967209115E-10
9.950000000E-3	3.216746982E+2	1.869660000E+0	1.743730000E+0	2.156124310E-6	6.767016316E-7	-1.077759271E-10	5.610578113E-10	1.751644274E-9	-1.745342482E-10	2.661223277E-7	4.957939126E-8	3.233711354E-10	-5.536971229E-11	9.759192343E-10	-1.952416423E-10	-9.617461956E-7	1.222387311E-7	3.914429614E-10	1.662309457E-10	1.062936739E-9	8.209293245E-10
9.880000000E-3	3.220743624E+2	1.871840000E+0	1.741240000E+0	2.155958555E-6	6.769013794E-7	-2.791875620E-10	3.451708364E-10	2.000468235E-9	-2.434290269E-10	2.660520124E-7	4.902882722E-8	5.390168312E-10	3.349118205E-10	1.206448053E-9	3.976900406E-11	-9.616741181E-7	1.223094301E-7	3.361895762E-10	6.297334321E-10	7.600705620E-10	7.326811935E-10
1.001000000E-2	3.225748981E+2	1.876340000E+0	1.746140000E+0	2.155861011E-6	6.771311973E-7	-4.098151263E-10	2.451011893E-10	2.211144601E-9	-2.264305236E-11	2.659665199E-7	4.866171110E-8	5.635970579E-10	5.289578220E-10	1.215366141E-9	-7.264591706E-11	-9.617220940E-7	1.222674513E-7	5.694837379E-10	7.233696975E-10	7.742004815E-10	4.645494545E-10
9.880000000E-3	3.229742335E+2	1.880850000E+0	1.747200000E+0	2.155821903E-6	6.774057511E-7	-4.499230155E-10	2.082613387E-10	2.423741430E-9	3.717567088E-10	2.658688345E-7	4.844510215E-8	6.340911129E-10	8.401673246E-10	1.169738972E-9	-4.587789593E-10	-9.618624972E-7	1.221560524E-7	9.155548541E-10	5.766630506E-10	1.017805618E-9	1.714230563E-10
1.001000000E-2	3.233731243E+2	1.879830000E+0	1.747990000E+0	2.155911943E-6	6.776805890E-7	-3.771378487E-10	2.180104014E-10	2.432595902E-9	6.996146995E-10	2.657302503E-7	4.830222267E-8	8.689670095E-10	1.160256002E-9	1.238269487E-9	-7.822202885E-10	-9.619325283E-7	1.220335122E-7	1.040265318E-9	3.202113297E-10	1.236056924E-9	5.181059054E-11
1.001000000E-2	3.237734666E+2	1.878090000E+0	1.750140000E+0	2.156239134E-6	6.780786634E-7	-2.445526837E-10	3.221422018E-10	2.305998281E-9	1.005379224E-9	2.656471167E-7	4.808730125E-8	1.510877645E-9	1.751000012E-9	1.413654638E-9	-1.166716501E-9	-9.619279808E-7	1.218953685E-7	9.017603331E-10	-1.014767853E-10	1.063173438E-9	-9.060158873E-11
1.001000000E-2	3.243734511E+2	1.877010000E+0	1.745770000E+0	2.156832352E-6	6.786061704E-7	-2.385902031E-10	5.016799753E-10	2.146149036E-9	1.241288960E-9	2.659893994E-7	4.806313569E-8	1.893661672E-9	2.200603477E-9	1.311082243E-9	-1.203088851E-9	-9.619857337E-7	1.217361358E-7	5.901067968E-10	-4.375418916E-10	7.636375976E-10	-2.820927658E-10
9.950000000E-3	3.247747276E+2	1.874160000E+0	1.743060000E+0	2.157185008E-6	6.790239695E-7	-1.405737332E-10	5.746458864E-10	1.883189604E-9	1.275097472E-9	2.661768406E-7	4.813746202E-8	1.828467377E-9	2.237346308E-9	1.113073966E-9	-1.183007914E-9	-9.620591754E-7	1.215027652E-7	3.618643996E-10	-4.990248215E-10	4.631244554E-10	-4.084709515E-10
1.001000000E-2	3.251735277E+2	1.873010000E+0	1.747680000E+0	2.157359859E-6	6.792396334E-7	1.055897730E-10	5.834154826E-10	1.602595168E-9	1.180791465E-9	2.661582812E-7	4.811978371E-8	1.713389874E-9	2.095613239E-9	9.912358712E-10	-1.161784668E-9	-9.622184507E-7	1.212338248E-7	1.895456847E-10	-4.971917877E-10	2.501864826E-10	-6.283011888E-10
9.880000000E-3	3.255734202E+2	1.872800000E+0	1.737770000E+0	2.157563813E-6	6.791638611E-7	3.177769714E-10	5.030278416E-10	1.248073755E-9	8.570255616E-10	2.662184215E-7	4.801734832E-8	1.610253153E-9	1.862497156E-9	7.503570543E-10	-9.886345076E-10	-9.623988717E-7	1.209167806E-7	-5.833008382E-11	-5.898067590E-10	1.970053426E-10	-7.835601612E-10
1.008000000E-2	3.259744004E+2	1.870320000E+0	1.740120000E+0	2.157852805E-6	6.788638984E-7	4.624060856E-10	3.779701829E-10	8.373254867E-10	4.184868840E-10	2.663467455E-7	4.798963360E-8	1.514528614E-9	1.695769858E-9	3.687016803E-10	-6.914316342E-10	-9.622373227E-7	1.208978801E-7	-3.256893089E-10	-6.620927695E-10	2.290205248E-10	-7.311503625E-10
9.950000000E-3	3.263733950E+2	1.870240000E+0	1.734720000E+0	2.157979452E-6	6.785601840E-7	6.903221328E-10	4.192397818E-10	3.136530757E-10	-6.431204874E-11	2.665752561E-7	4.806019049E-8	1.341641576E-9	1.702427643E-9	-5.450565693E-11	-4.876771209E-10	-9.618985359E-7	1.209868685E-7	-5.849600804E-10	-7.323228690E-10	3.922720482E-10	-7.355423493E-10
9.950000000E-3	3.267732051E+2	1.871650000E+0	1.736280000E+0	2.158172947E-6	6.781577895E-7	1.000918348E-9	4.193771441E-10	-4.102290035E-11	-5.608352116E-10	2.668940624E-7	4.824347144E-8	1.189935928E-9	1.683640560E-9	-4.362878114E-10	-3.858287856E-10	-9.612228951E-7	1.210724321E-7	-7.658528811E-10	-1.114793258E-9	6.845209954E-10	-6.730456192E-10
9.950000000E-3	3.272745284E+2	1.869500000E+0	1.741040000E+0	2.158290727E-6	6.776307941E-7	1.441585296E-9	3.749429933E-10	-1.245235859E-10	-1.161700625E-9	2.672472306E-7	4.839788659E-8	9.196658435E-10	1.532402094E-9	-6.622349336E-10	-2.551955036E-10	-9.607897482E-7	1.209819516E-7	-7.704815674E-10	-1.563270180E-9	7.402266022E-10	-5.764181910E-10
9.950000000E-3	3.276745864E+2	1.870780000E+0	1.734280000E+0	2.158125653E-6	6.773500445E-7	1.765773416E-9	4.044811708E-10	1.744583644E-10	-1.454582676E-9	2.673718313E-7	4.843152723E-8	6.491405191E-10	1.298186336E-9	-7.524418311E-10	-9.713178178E-11	-9.605724927E-7	1.208356792E-7	-7.017175729E-10	-1.899201907E-9	7.287641601E-10	-4.684370669E-10
1.001000000E-2	3.280745919E+2	1.875320000E+0	1.741200000E+0	2.157928748E-6	6.771664403E-7	1.829429719E-9	3.743413357E-10	3.792129943E-10	-1.551411555E-9	2.673061772E-7	4.829448486E-8	2.518781572E-10	9.501196496E-10	-8.321247025E-10	1.222141572E-11	-9.604533489E-7	1.206669822E-7	-5.703174044E-10	-2.125224663E-9	5.719646423E-10	-3.662622150E-10
9.950000000E-3	3.284739444E+2	1.875430000E+0	1.735550000E+0	2.157779136E-6	6.770147820E-7	1.613762124E-9	4.417724242E-10	6.057975233E-10	-1.493859259E-9	2.671210666E-7	4.810364729E-8	-2.391593590E-10	7.073287511E-10	-8.843509258E-10	-1.587582010E-10	-9.603415947E-7	1.205389566E-7	-4.289556488E-10	-2.132144017E-9	3.651033642E-10	-2.250759579E-10
1.001000000E-2	3.288737144E+2	1.875050000E+0	1.736550000E+0	2.157471044E-6	6.768449907E-7	1.137361316E-9	4.490962324E-10	1.027231189E-9	-1.357555624E-9	2.668505204E-7	4.810128829E-8	-1.068373057E-9	6.230336802E-10	-1.038904407E-9	-4.220450378E-10	-9.602591717E-7	1.205499274E-7	-2.375676877E-10	-1.951489415E-9	1.751861850E-10	9.151788355E-11
9.950000000E-3	3.293734562E+2	1.881120000E+0	1.746530000E+0	2.157223207E-6	6.767821787E-7	8.624145287E-10	2.904688989E-10	1.470879973E-9	-1.117697379E-9	2.666107548E-7	4.822045341E-8	-1.952462414E-9	6.434188182E-10	-1.325493937E-9	-6.338012337E-10	-9.601105830E-7	1.206852005E-7	-9.895570474E-11	-1.646190961E-9	1.914287479E-10	5.595607866E-10
1.001000000E-2	3.297732739E+2	1.884560000E+0	1.737980000E+0	2.157097924E-6	6.769071206E-7	7.361658505E-10	6.229600169E-11	1.628444823E-9	-8.833772602E-10	2.665853742E-7	4.830796385E-8	-2.603327776E-9	5.872282660E-10	-1.423669182E-9	-7.647345535E-10	-9.599042414E-7	1.206965265E-7	4.986965702E-11	-1.236787894E-9	2.132148486E-10	9.579975702E-10
1.001000000E-2	3.302730905E+2	1.889780000E+0	1.742790000E+0	2.157114295E-6	6.774081953E-7	7.570329363E-10	-3.689153427E-10	1.671898842E-9	-4.847477975E-10	2.666168939E-7	4.845883339E-8	-3.449019514E-9	4.725635994E-10	-1.432314378E-9	-7.875251007E-10	-9.597230246E-7	1.204701618E-7	3.958022521E-10	-8.703117671E-10	1.452172965E-10	1.123659388E-9
9.950000000E-3	3.306749736E+2	1.895020000E+0	1.743980000E+0	2.157227527E-6	6.779062005E-7	8.319918643E-10	-6.454588530E-10	1.697283980E-9	-1.234455732E-10	2.665920533E-7	4.858255309E-8	-3.815224137E-9	3.697864237E-10	-1.495039759E-9	-7.926345136E-10	-9.595829624E-7	1.203819409E-7	7.142603176E-10	-5.731133901E-10	1.019585527E-10	1.139161765E-9
9.950000000E-3	3.310737429E+2	1.894310000E+0	1.741710000E+0	2.157351219E-6	6.783178037E-7	9.314322647E-10	-7.601491658E-10	1.823598050E-9	1.395504823E-10	2.666627950E-7	4.859009906E-8	-3.945800575E-9	1.922174781E-10	-1.585269693E-9	-7.919949696E-10	-9.594389212E-7	1.202041915E-7	8.679979513E-10	-2.519503217E-10	7.277909525E-11	1.235121117E-9
1.001000000E-2	3.314966431E+2	1.890050000E+0	1.752670000E+0	2.157533800E-6	6.786091262E-7	1.055326826E-9	-7.423099913E-10	1.973504471E-9	2.678065547E-10	2.667290175E-7	4.863992942E-8	-3.700121765E-9	1.577472874E-10	-1.510647940E-9	-8.266181628E-10	-9.593562709E-7	1.200446178E-7	1.109115910E-9	6.746410375E-11	1.240451214E-10	1.398278382E-9
9.950000000E-3	3.318747216E+2	1.886290000E+0	1.741240000E+0	2.157654535E-6	6.787966527E-7	1.204948474E-9	-6.831715749E-10	2.067968685E-9	4.018198552E-10	2.667873105E-7	4.876460835E-8	-3.141797933E-9	2.604612359E-10	-1.239102265E-9	-1.038787612E-9	-9.591727803E-7	1.198980328E-7	1.278494865E-9	1.990164006E-10	3.810346483E-10	1.610313660E-9
9.950000000E-3	3.322730825E+2	1.880900000E+0	1.750410000E+0	2.157619292E-6	6.788782798E-7	1.238302572E-9	-5.785910084E-10	2.158113910E-9	6.449666912E-10	2.668961088E-7	4.888844884E-8	-2.472436922E-9	4.097849005E-10	-8.080356939E-10	-1.321386889E-9	-9.590718264E-7	1.198012711E-7	1.465620958E-9	2.758587247E-10	8.607820567E-10	1.794823401E-9
1.001000000E-2	3.326745005E+2	1.873090000E+0	1.743480000E+0	2.157450354E-6	6.788733913E-7	1.067177236E-9	-3.621540290E-10	2.233694341E-9	8.871343105E-10	2.669794981E-7	4.903574080E-8	-1.821847673E-9	2.498540264E-10	-4.214980309E-10	-1.625760415E-9	-9.589106185E-7	1.198694264E-7	1.809567940E-9	3.162824724E-10	1.274017669E-9	1.811993888E-9
9.950000000E-3	3.333736092E+2	1.865530000E+0	1.745570000E+0	2.157132940E-6	6.786146400E-7	5.437491568E-10	3.340278054E-11	2.418305778E-9	1.104933811E-9	2.670527976E-7	4.934031850E-8	-1.215550993E-9	9.292614421E-12	-3.428501372E-10	-2.098352381E-9	-9.590780792E-7	1.197756205E-7	1.877155098E-9	1.334081040E-10	1.330601185E-9	1.977911612E-9
9.950000000E-3	3.337738438E+2	1.858630000E+0	1.742720000E+0	2.157092013E-6	6.784810012E-7	3.211907684E-10	1.493862534E-10	2.378781394E-9	1.111852277E-9	2.669697778E-7	4.952106991E-8	-8.722715328E-10	2.562641072E-11	-4.193842496E-10	-2.447744896E-9	-9.592521337E-7	1.197553132E-7	1.858922904E-9	5.918170815E-11	1.414595996E-9	2.044054703E-9
1.001000000E-2	3.341733751E+2	1.854190000E+0	1.743750000E+0	2.157357585E-6	6.784839002E-7	6.377401645E-12	1.837723862E-10	2.233844221E-9	1.048845566E-9	2.668045909E-7	4.981907154E-8	-4.077370663E-10	1.711366188E-10	-3.991921793E-10	-2.507675623E-9	-9.594187986E-7	1.198289539E-7	1.769627556E-9	1.435132013E-10	1.685884099E-9	1.985078102E-9
1.008000000E-2	3.345740003E+2	1.851550000E+0	1.735240000E+0	2.157849849E-6	6.784853213E-7	-3.731323861E-10	1.521309190E-10	2.103692553E-9	1.060833088E-9	2.666886871E-7	5.021713534E-8	-2.269815169E-10	2.663629872E-10	-2.667246424E-10	-2.346205896E-9	-9.595032679E-7	1.198269644E-7	1.747130440E-9	1.788802578E-10	1.824647655E-9	1.849892239E-9
9.950000000E-3	3.349730875E+2	1.855340000E+0	1.744370000E+0	2.158352572E-6	6.784848097E-7	-6.743548497E-10	1.224758350E-10	1.937447980E-9	1.062303912E-9	2.666670014E-7	5.069597364E-8	-2.694998738E-11	2.644013342E-10	8.222859893E-12	-1.972117580E-9	-9.596556083E-7	1.198429800E-7	1.674552608E-9	1.216845930E-10	1.882936029E-9	1.720783516E-9
1.001000000E-2	3.353736974E+2	1.857980000E+0	1.731010000E+0	2.158704774E-6	6.784537732E-7	-7.707290917E-10	2.937459304E-11	1.710275255E-9	1.113006576E-9	2.669035553E-7	5.092690714E-8	1.189850579E-10	6.713996026E-11	2.452537895E-10	-1.618049805E-9	-9.598894621E-7	1.199612285E-7	1.482914902E-9	2.731236764E-11	1.943829320E-9	1.532851623E-9
1.001000000E-2	3.357752434E+2	1.861190000E+0	1.742720000E+0	2.158788902E-6	6.783616868E-7	-5.415133342E-10	-1.487776152E-10	1.454659726E-9	1.128809823E-9	2.673087920E-7	5.100962142E-8	2.708417379E-10	-4.379118734E-10	5.706426998E-10	-1.140451955E-9	-9.601241118E-7	1.200990596E-7	9.309760740E-10	-1.374078889E-11	1.932475735E-9	1.303303243E-9
9.950000000E-3	3.363733570E+2	1.861930000E+0	1.738390000E+0	2.158535153E-6	6.781679076E-7	-8.751380870E-11	-5.710054096E-10	1.306702080E-9	1.046788434E-9	2.676818269E-7	5.084357824E-8	7.143333147E-10	-7.378725964E-10	9.185464611E-10	-8.758865300E-10	-9.603387525E-7	1.201328104E-7	5.258941060E-10	2.077850669E-10	1.783157844E-9	9.723070127E-10
9.880000000E-3	3.367738135E+2	1.862890000E+0	1.737540000E+0	2.158143616E-6	6.781412480E-7	1.456650356E-10	-8.589764455E-10	1.178550368E-9	1.032317676E-9	2.678577005E-7	5.069416886E-8	1.027644414E-9	-8.646968697E-10	1.130109117E-9	-6.846706535E-10	-9.606733329E-7	1.200857014E-7	3.243620095E-10	5.605570452E-10	1.633321145E-9	6.896856419E-10
9.950000000E-3	3.371733878E+2	1.863020000E+0	1.739750000E+0	2.157768904E-6	6.781439197E-7	4.028835598E-10	-1.179826903E-9	1.016277507E-9	9.973442072E-10	2.678835642E-7	5.050513252E-8	1.011044692E-9	-8.070804025E-10	1.339646061E-9	-5.661170976E-10	-9.609894960E-7	1.199436781E-7	1.670626554E-10	8.375511395E-10	1.590095722E-9	6.746903591E-10
1.008000000E-2	3.375746828E+2	1.863100000E+0	1.740760000E+0	2.157456947E-6	6.782556738E-7	5.969175709E-10	-1.421422202E-9	9.578503546E-10	1.021469687E-9	2.678449391E-7	5.026875627E-8	8.919421868E-10	-5.222173249E-10	1.602870392E-9	-5.668071013E-10	-9.611645737E-7	1.198864794E-7	-4.134242861E-12	1.108122261E-9	1.577241449E-9	6.197539704E-10
9.820000000E-3	3.379732029E+2	1.862660000E+0	1.739480000E+0	2.157197059E-6	6.785909932E-7	7.582977024E-10	-1.469660393E-9	1.114073722E-9	1.129055294E-9	2.678070246E-7	5.002235781E-8	7.877327124E-10	-2.622177865E-12	1.762300639E-9	-5.995398622E-10	-9.611129599E-7	1.199013866E-7	-7.200851027E-11	1.269498617E-9	1.332827182E-9	3.758219291E-10
9.950000000E-3	3.383733451E+2	1.863650000E+0	1.746160000E+0	2.156881237E-6	6.788466749E-7	8.893753511E-10	-1.242240533E-9	1.288624540E-9	1.256598048E-9	2.677497548E-7	4.983025548E-8	7.249967293E-10	5.463287045E-10	1.793928450E-9	-5.220074928E-10	-9.610167808E-7	1.199734498E-7	8.804230782E-12	1.400360161E-9	1.072614331E-9	1.139123726E-10
1.008000000E-2	3.387740066E+2	1.863370000E+0	1.739950000E+0	2.156611572E-6	6.789936719E-7	1.040346254E-9	-9.932769052E-10	1.315559994E-9	1.238736780E-9	2.674788959E-7	4.958672406E-8	7.368938237E-10	1.020035389E-9	1.649300918E-9	-2.596983739E-10	-9.607468883E-7	1.199721709E-7	2.230649276E-10	1.434575902E-9	6.446282952E-10	-3.898578404E-10
9.950000000E-3	3.393745887E+2	1.858910000E+0	1.736770000E+0	2.156344635E-6	6.792130876E-7	8.661570905E-10	-8.055422995E-10	9.437099990E-10	1.170324171E-9	2.667340766E-7	4.951429844E-8	6.146782527E-10	1.192418608E-9	1.270957672E-9	1.576554026E-10	-9.603318176E-7	1.196596600E-7	3.038386764E-10	1.097369640E-9	3.104951851E-10	-6.367028571E-10
1.001000000E-2	3.398731127E+2	1.859220000E+0	1.745880000E+0	2.156222763E-6	6.792899967E-7	5.717222806E-10	-7.036445870E-10	7.165020799E-10	1.056218557E-9	2.663645375E-7	4.944541132E-8	4.213672189E-10	9.072532725E-10	1.087908208E-9	4.433792777E-10	-9.601230886E-7	1.195580239E-7	3.313481434E-10	9.307991045E-10	1.726066373E-10	-6.318793822E-10
1.001000000E-2	3.402733917E+2	1.863370000E+0	1.734820000E+0	2.156062237E-6	6.792972158E-7	2.500694374E-10	-6.262158014E-10	4.171631929E-10	8.857662936E-10	2.660562757E-7	4.920490326E-8	1.156795354E-10	2.501841789E-10	9.440074278E-10	6.721108115E-10	-9.599249324E-7	1.196469412E-7	3.760216305E-10	8.248444705E-10	1.384001663E-10	-7.070000696E-10
1.001000000E-2	3.406730499E+2	1.867610000E+0	1.742570000E+0	2.155952643E-6	6.791086094E-7	9.952406954E-11	-5.599738451E-10	1.683222589E-10	6.089814764E-10	2.660266318E-7	4.883800386E-8	-1.320370618E-10	-4.653281926E-10	8.539694507E-10	4.887082405E-10	-9.598159068E-7	1.197489041E-7	3.542345584E-10	7.928921963E-10	3.177157842E-11	-8.228727699E-10
9.880000000E-3	3.410749619E+2	1.865530000E+0	1.742610000E+0	2.156008350E-6	6.787132065E-7	-3.595673412E-11	-5.375106471E-10	1.144809247E-10	3.429494189E-10	2.661840313E-7	4.839917977E-8	-2.262428162E-10	-1.118156567E-9	8.438558741E-10	-4.447993363E-11	-9.598510360E-7	1.198318955E-7	2.960260925E-10	9.180471938E-10	2.947195613E-11	-6.804343200E-10
1.008000000E-2	3.414740278E+2	1.864110000E+0	1.736160000E+0	2.156174332E-6	6.784774769E-7	-9.497937853E-11	-6.912111439E-10	2.348621020E-10	3.113776736E-10	2.662661984E-7	4.820758193E-8	-3.484804667E-10	-1.366317837E-9	7.632993126E-10	-3.881593658E-10	-9.596739119E-7	1.200707089E-7	3.967966511E-10	1.163734442E-9	6.964395727E-11	-4.943566112E-10
9.950000000E-3	3.418742204E+2	1.861220000E+0	1.740830000E+0	2.156423534E-6	6.783258186E-7	5.288198698E-12	-8.741022906E-10	6.541099884E-10	3.949988392E-10	2.662911527E-7	4.803060349E-8	-5.093045430E-10	-1.525144899E-9	5.847589080E-10	-8.094444559E-10	-9.594824633E-7	1.206952191E-7	5.118652724E-10	1.565230723E-9	1.608653662E-11	-3.800210424E-10
9.950000000E-3	3.423734789E+2	1.861250000E+0	1.734920000E+0	2.156556093E-6	6.782238984E-7	-3.021352612E-11	-9.044133775E-10	1.283813833E-9	5.595979791E-10	2.661744247E-7	4.795477793E-8	-6.199622482E-10	-1.632374014E-9	4.903827344E-10	-9.073072294E-10	-9.594273251E-7	1.213692400E-7	5.814494441E-10	2.043649028E-9	-5.180098711E-11	-5.599471997E-10
9.880000000E-3	3.427734385E+2	1.864670000E+0	1.742000000E+0	2.156564051E-6	6.782385071E-7	-2.040522057E-10	-8.209328772E-10	1.739546063E-9	6.939225861E-10	2.659578513E-7	4.779693441E-8	-8.501830351E-10	-1.791546800E-9	4.974419210E-10	-7.943762870E-10	-9.593026107E-7	1.219188590E-7	6.267272257E-10	2.256637099E-9	-1.629095192E-10	-7.352475850E-10
1.008000000E-2	3.430733494E+2	1.867130000E+0	1.738110000E+0	2.156678192E-6	6.782268542E-7	-2.905131136E-10	-7.394471702E-10	2.152336309E-9	7.215728570E-10	2.657209279E-7	4.745599114E-8	-1.099662472E-9	-2.017670475E-9	5.112652524E-10	-5.691063731E-10	-9.591606158E-7	1.223152708E-7	6.397597452E-10	2.302261271E-9	-2.684936440E-10	-8.045240030E-10
1.008000000E-2	3.434730906E+2	1.870450000E+0	1.743020000E+0	2.156935352E-6	6.781302773E-7	-2.845920166E-10	-7.033147953E-10	2.366434604E-9	7.054372642E-10	2.655072251E-7	4.719687041E-8	-1.128248717E-9	-2.179800340E-9	3.494721179E-10	-3.810600169E-10	-9.592296237E-7	1.225300537E-7	6.671776465E-10	2.257443121E-9	-3.110028346E-10	-7.646761002E-10
1.106000000E-2	3.438740681E+2	1.871190000E+0	1.742880000E+0	2.157287327E-6	6.779305295E-7	-2.292003393E-10	-6.198581648E-10	2.448838687E-9	6.589139234E-10	2.652517708E-7	4.721796287E-8	-7.654003542E-10	-2.281212108E-9	-3.806096497E-12	-2.222035334E-10	-9.595148640E-7	1.228208646E-7	6.696747046E-10	2.203616401E-9	-2.643283925E-10	-6.327517954E-10
1.289000000E-2	3.443106468E+2	1.870970000E+0	1.739340000E+0	2.157865310E-6	6.776703003E-7	1.343885003E-10	-4.623492977E-10	2.292158241E-9	4.935833409E-10	2.650692181E-7	4.767296957E-8	2.060464438E-10	-2.132442001E-9	-4.880972848E-10	2.444875691E-10	-9.600508975E-7	1.227835895E-7	6.184759371E-10	2.132495069E-9	-1.165744584E-10	-6.025502319E-10
1.492000000E-2	3.447743423E+2	1.871860000E+0	1.747780000E+0	2.158202278E-6	6.773751125E-7	4.931969277E-10	-2.126856330E-10	2.191840931E-9	4.380776575E-10	2.651393913E-7	4.803336395E-8	1.007564032E-9	-1.676635275E-9	-7.680767689E-10	7.186780615E-10	-9.609692597E-7	1.225323274E-7	1.027910423E-9	2.115488229E-9	-9.965767100E-11	-4.859587732E-10
1.813000000E-2	3.453737608E+2	1.876110000E+0	1.749070000E+0	2.158473535E-6	6.770688970E-7	6.200917002E-10	-1.974298364E-10	2.196633986E-9	4.096007700E-10	2.653814590E-7	4.827778000E-8	1.559859020E-9	-1.068921396E-9	-7.941595714E-10	8.561715781E-10	-9.614325336E-7	1.222963846E-7	1.054100363E-9	2.117348297E-9	-3.144166871E-10	-2.436112700E-10
2.048000000E-2	3.457736841E+2	1.876020000E+0	1.737190000E+0	2.158644975E-6	6.769341212E-7	4.868206949E-10	-3.531900605E-10	1.975160258E-9	3.551324235E-10	2.654180662E-7	4.832047651E-8	1.636778601E-9	-7.596498985E-10	-7.016102699E-10	7.015799608E-10	-9.614958571E-7	1.222190491E-7	8.078226421E-10	2.102790830E-9	-4.010961008E-10	5.526945546E-13
2.290000000E-2	3.461732416E+2	1.873350000E+0	1.747430000E+0	2.158755933E-6	6.767397735E-7	2.384235587E-10	-5.087224531E-10	1.529531502E-9	3.645194702E-10	2.653886497E-7	4.842208412E-8	1.401570193E-9	-3.983217089E-10	-4.948793597E-10	3.835202988E-10	-9.615358749E-7	1.220842876E-7	7.362021548E-10	2.030129842E-9	-3.455982445E-10	1.607647210E-10
2.506000000E-2	3.465732772E+2	1.869520000E+0	1.740140000E+0	2.158717280E-6	6.765598641E-7	9.784927729E-11	-5.102818723E-10	8.997993461E-10	3.486352873E-10	2.651914599E-7	4.862253533E-8	8.656530492E-10	-6.436858685E-11	-1.594382959E-10	5.413839863E-11	-9.618872809E-7	1.218247405E-7	9.747000984E-10	1.796857107E-9	-1.844751574E-10	1.311331599E-10
2.709000000E-2	3.469739988E+2	1.867960000E+0	1.739900000E+0	2.158593816E-6	6.764867635E-7	4.219885205E-11	-5.350304644E-10	5.663431946E-10	4.250017282E-10	2.650615443E-7	4.888042326E-8	4.400534381E-10	4.660458478E-11	6.543862674E-11	-2.214387423E-10	-9.623986443E-7	1.215758800E-7	1.370184855E-9	1.557935558E-9	-1.163751595E-10	-5.727789770E-11
2.964000000E-2	3.473747755E+2	1.871070000E+0	1.739840000E+0	2.158490815E-6	6.764040563E-7	-4.773356710E-11	-5.825790406E-10	3.333478216E-10	5.326309949E-10	2.650208160E-7	4.907138162E-8	2.213070005E-10	5.492456490E-11	1.677779166E-10	-4.544212784E-10	-9.629628721E-7	1.214272487E-7	1.672116667E-9	1.259283899E-9	-1.274632067E-10	-2.454771941E-10
3.206000000E-2	3.477731239E+2	1.872490000E+0	1.730350000E+0	2.158365987E-6	6.762927001E-7	-6.154981386E-11	-5.243744883E-10	2.120829207E-10	5.479788845E-10	2.652614342E-7	4.894327077E-8	-6.181314488E-11	1.035449573E-10	3.233863732E-10	-8.289721132E-10	-9.638296206E-7	1.216040886E-7	2.009228783E-9	7.313061823E-10	-2.613106398E-10	-7.966873827E-10
3.494000000E-2	3.483735918E+2	1.870370000E+0	1.735770000E+0	2.157941481E-6	6.761035252E-7	1.632039365E-10	-1.860803039E-10	4.044893032E-10	6.760716986E-10	2.656307458E-7	4.823276001E-8	-3.901923507E-10	1.160976038E-10	4.791282926E-10	-1.081353007E-9	-9.641312317E-7	1.218025005E-7	2.008302413E-9	4.392737840E-10	-3.524993075E-10	-1.153711016E-9
3.737000000E-2	3.487738188E+2	1.873090000E+0	1.743350000E+0	2.157635890E-6	6.760715792E-7	4.570302747E-10	1.948007311E-10	8.427700204E-10	7.242355604E-10	2.658619564E-7	4.776071449E-8	-5.654511304E-10	-5.944846698E-11	5.292601357E-10	-1.234881197E-9	-9.641393035E-7	1.220305563E-7	1.984537423E-9	4.583237123E-10	-3.605711008E-10	-1.403023919E-9
3.959000000E-2	3.492746679E+2	1.874190000E+0	1.740080000E+0	2.157531071E-6	6.760553788E-7	7.308508798E-10	5.388376412E-10	1.285769602E-9	7.464895368E-10	2.661790859E-7	4.744892124E-8	-4.313580881E-10	-3.245238522E-10	5.538087766E-10	-1.305656250E-9	-9.639630889E-7	1.221405768E-7	2.110335462E-9	6.972998290E-10	-2.885110484E-10	-1.491999635E-9
4.110000000E-2	3.496937183E+2	1.875620000E+0	1.740760000E+0	2.157601557E-6	6.760125188E-7	8.568594723E-10	6.918404183E-10	1.422491236E-9	7.119168588E-10	2.663293799E-7	4.754865657E-8	-1.903285862E-10	-4.177017621E-10	6.527283158E-10	-1.270300642E-9	-9.637185485E-7	1.220741410E-7	2.137745536E-9	9.687114444E-10	-4.282268637E-11	-1.480210177E-9
4.162000000E-2	3.500750059E+2	1.875160000E+0	1.741330000E+0	2.157650442E-6	6.759726716E-7	7.941236002E-10	7.810048164E-10	1.441129105E-9	4.735974946E-10	2.663547320E-7	4.796104136E-8	5.513053902E-11	-5.173632633E-10	1.002615213E-9	-1.119109139E-9	-9.631758076E-7	1.217893839E-7	2.284891831E-9	1.340969225E-9	2.166658797E-10	-1.426104679E-9
4.181000000E-2	3.505730687E+2	1.875680000E+0	1.740300000E+0	2.157723202E-6	6.759074154E-7	6.879722902E-10	6.618678383E-10	1.443644426E-9	1.382634146E-10	2.662926590E-7	4.833632161E-8	2.908831787E-10	-4.838951462E-10	1.276624473E-9	-9.768226228E-10	-9.627276540E-7	1.214594647E-7	2.280485356E-9	1.469676270E-9	3.044762220E-10	-1.360824897E-9
4.168000000E-2	3.509734551E+2	1.877740000E+0	1.744480000E+0	2.157828021E-6	6.760183737E-7	8.156781917E-10	2.700973611E-10	1.345882072E-9	-5.663942926E-11	2.660895291E-7	4.883393245E-8	6.933499330E-10	-5.983779583E-10	1.518593251E-9	-8.899389559E-10	-9.623446431E-7	1.210454741E-7	2.066123050E-9	1.373841041E-9	2.005580840E-10	-1.212559830E-9
4.123000000E-2	3.514748409E+2	1.878920000E+0	1.736360000E+0	2.157938525E-6	6.761592317E-7	1.089289770E-9	-1.900311575E-10	1.353438361E-9	-1.203929456E-10	2.659406562E-7	4.903631989E-8	1.046607245E-9	-8.588906808E-10	1.503065561E-9	-7.210272379E-10	-9.622496009E-7	1.207992710E-7	2.051888881E-9	1.212277167E-9	-1.332042671E-10	-9.088791941E-10
4.103000000E-2	3.518751663E+2	1.877530000E+0	1.736340000E+0	2.158346661E-6	6.763232250E-7	1.399225735E-9	-6.316434042E-10	1.490102375E-9	-2.548659339E-10	2.658920550E-7	4.906338447E-8	1.431642138E-9	-1.294610419E-9	1.524717019E-9	-4.446894242E-10	-9.620462151E-7	1.209012766E-7	2.089054707E-9	1.055719512E-9	-4.314844315E-10	-6.209417980E-10
4.057000000E-2	3.522733441E+2	1.878870000E+0	1.737130000E+0	2.158844609E-6	6.763781926E-7	1.446850084E-9	-9.339472529E-10	1.649312464E-9	-4.958862765E-10	2.658730693E-7	4.907202822E-8	1.646773051E-9	-1.537125871E-9	1.591630383E-9	-1.915730907E-10	-9.618922832E-7	1.212434171E-7	2.045405623E-9	9.441065707E-10	-7.129244417E-10	-3.919306546E-10
4.031000000E-2	3.526739495E+2	1.880330000E+0	1.736450000E+0	2.159203632E-6	6.761737836E-7	1.458216881E-9	-1.049433318E-9	1.735457222E-9	-1.072285483E-9	2.660117957E-7	4.903601791E-8	1.650966919E-9	-1.639367753E-9	1.756316759E-9	6.582900197E-11	-9.619293451E-7	1.215275916E-7	1.835737673E-9	7.133532653E-10	-1.197643651E-9	-3.047759545E-10
4.005000000E-2	3.530732672E+2	1.878310000E+0	1.739280000E+0	2.159408041E-6	6.761217719E-7	1.410605743E-9	-1.105523673E-9	1.836316321E-9	-1.495359392E-9	2.662757765E-7	4.903562001E-8	1.554916751E-9	-1.557895257E-9	1.889858492E-9	2.712388925E-10	-9.618880767E-7	1.215378376E-7	1.659792526E-9	4.749390881E-10	-1.487276857E-9	-2.667889243E-10
3.972000000E-2	3.534750777E+2	1.878240000E+0	1.739180000E+0	2.159395308E-6	6.762563203E-7	1.246485581E-9	-1.254892634E-9	1.981106168E-9	-1.876137024E-9	2.669171693E-7	4.912654816E-8	1.379310666E-9	-1.460521926E-9	1.886524048E-9	3.885833877E-10	-9.616602483E-7	1.214627048E-7	1.435565999E-9	2.346518535E-10	-1.731661703E-9	-2.571149127E-10
3.952000000E-2	3.539731901E+2	1.875760000E+0	1.739940000E+0	2.159257520E-6	6.765160379E-7	1.123291682E-9	-1.506243019E-9	2.142519717E-9	-1.719908216E-9	2.677761017E-7	4.914367579E-8	1.347232104E-9	-1.536674010E-9	1.528394411E-9	2.541384880E-10	-9.611791256E-7	1.211760150E-7	1.188135923E-9	3.305625565E-11	-1.925741344E-9	-2.620661188E-10
3.933000000E-2	3.544738755E+2	1.875280000E+0	1.750400000E+0	2.159286623E-6	6.768855769E-7	9.926575117E-10	-1.553581819E-9	2.166424151E-9	-1.200324395E-9	2.683565867E-7	4.903822770E-8	1.503456692E-9	-1.685870887E-9	1.056107757E-9	7.358547799E-11	-9.607510947E-7	1.210792959E-7	1.300544228E-9	-1.151698459E-10	-1.864982169E-9	-2.355108053E-10
3.933000000E-2	3.548734491E+2	1.872430000E+0	1.741990000E+0	2.159160658E-6	6.771235803E-7	8.575911648E-10	-1.473802969E-9	2.234814112E-9	-5.348059773E-10	2.687355050E-7	4.906247142E-8	1.643976066E-9	-1.799132066E-9	8.687116027E-10	-7.197512031E-11	-9.605382729E-7	1.210004541E-7	1.566077490E-9	-2.369428820E-10	-1.766805369E-9	-2.454405290E-10
3.913000000E-2	3.552737163E+2	1.871230000E+0	1.747740000E+0	2.159039923E-6	6.772413030E-7	7.901941879E-10	-1.350504375E-9	2.281548506E-9	-5.924870317E-11	2.689427561E-7	4.907548856E-8	1.657826099E-9	-1.697618379E-9	9.430436432E-10	-2.020122958E-10	-9.603271565E-7	1.210543417E-7	1.845499864E-9	-3.926301506E-10	-1.692467722E-9	-2.710670854E-10
3.907000000E-2	3.556744888E+2	1.868750000E+0	1.744690000E+0	2.158945563E-6	6.772108918E-7	8.317428413E-10	-1.327232435E-9	2.221526962E-9	3.791294778E-10	2.691638770E-7	4.890215521E-8	1.545225059E-9	-1.398975047E-9	1.135115113E-9	-2.317313286E-10	-9.597516737E-7	1.212862202E-7	1.999915122E-9	-4.537671350E-10	-1.670084959E-9	-4.534841669E-10
3.907000000E-2	3.560731445E+2	1.870350000E+0	1.743100000E+0	2.158874622E-6	6.771542189E-7	8.262462381E-10	-1.292975616E-9	2.054388881E-9	5.526836766E-10	2.693474244E-7	4.878632609E-8	1.412609141E-9	-1.087717472E-9	1.224110591E-9	-2.725725479E-10	-9.589241472E-7	1.215414613E-7	2.092268137E-9	-5.374868883E-10	-1.570439223E-9	-6.131325447E-10
3.900000000E-2	3.564747587E+2	1.871260000E+0	1.745090000E+0	2.158864618E-6	6.771477956E-7	7.268545210E-10	-1.194077837E-9	1.745450118E-9	7.385569933E-10	2.697048558E-7	4.861469805E-8	1.105373570E-9	-6.819608767E-10	1.175670450E-9	-3.103306778E-10	-9.580799087E-7	1.216756260E-7	2.021540935E-9	-5.841667705E-10	-1.374954484E-9	-8.260581663E-10
3.894000000E-2	3.568750765E+2	1.871700000E+0	1.741580000E+0	2.158735242E-6	6.771259109E-7	6.290344357E-10	-1.053275467E-9	1.404945937E-9	9.326162065E-10	2.702234951E-7	4.849775337E-8	7.491791076E-10	-2.920929609E-10	1.217537071E-9	-3.759421663E-10	-9.575772992E-7	1.215525032E-7	1.903976532E-9	-6.658744112E-10	-1.148017015E-9	-1.121339577E-9
3.900000000E-2	3.573733861E+2	1.873070000E+0	1.744690000E+0	2.158414418E-6	6.771535368E-7	4.379845375E-10	-9.207467011E-10	9.809372203E-10	1.135908034E-9	2.707058968E-7	4.851951019E-8	3.638737922E-10	2.467841764E-10	1.399023009E-9	-5.547794446E-10	-9.573263924E-7	1.212286378E-7	1.710695918E-9	-8.094396264E-10	-1.051187692E-9	-1.376403547E-9
3.900000000E-2	3.577749198E+2	1.875520000E+0	1.743320000E+0	2.158158168E-6	6.773303767E-7	2.075442318E-10	-8.344555602E-10	6.968150501E-10	1.351815770E-9	2.709145406E-7	4.871888137E-8	3.968926576E-11	6.565787913E-10	1.570584107E-9	-7.528334067E-10	-9.572244153E-7	1.209928655E-7	1.528015825E-9	-9.420647595E-10	-1.118689919E-9	-1.429780516E-9
3.900000000E-2	3.581736345E+2	1.875340000E+0	1.742740000E+0	2.158002417E-6	6.774448593E-7	1.119713766E-10	-9.398506418E-10	7.069134167E-10	1.417642115E-9	2.710405909E-7	4.891375127E-8	-2.472283489E-10	1.057288701E-9	1.739317357E-9	-8.889872727E-10	-9.573365105E-7	1.209166385E-7	1.354736656E-9	-1.179686460E-9	-1.328054333E-9	-1.404787065E-9
