ID,Sample ID,Sample Name,Title,Start Time,End Time,Duration (HH:MM:SS),Proton Charge (C),Energy Request,Magnetic Field,Ei_meV,T_K,B_T,omega_deg,Raw File
668461,108367,YbZn2GaO5,"YZGO, MAG9, Ei=4.65meV, T=0.07K, B=0.0T w=54.5deg 1/3 stats",2025-10-27 08:08:50,2025-10-27 08:09:13,00:00:23,0.03,4.65,0.0,4.65,0.07,0.0,54.5,/SNS/CNCS/IPTS-37274/nexus/CNCS_668461.nxs.h5
668460,108367,YbZn2GaO5,"YZGO, MAG9, Ei=4.65meV, T=0.07K, B=0.0T w=54.0deg 1/3 stats",2025-10-27 08:08:22,2025-10-27 08:08:46,00:00:23,0.03,4.65,0.0,4.65,0.07,0.0,54.0,/SNS/CNCS/IPTS-37274/nexus/CNCS_668460.nxs.h5
668459,108367,YbZn2GaO5,"YZGO, MAG9, Ei=4.65meV, T=0.07K, B=0.0T w=53.5deg 1/3 stats",2025-10-27 08:07:55,2025-10-27 08:08:19,00:00:23,0.03,4.65,0.0,4.65,0.07,0.0,53.5,/SNS/CNCS/IPTS-37274/nexus/CNCS_668459.nxs.h5
668458,108367,YbZn2GaO5,"YZGO, MAG9, Ei=4.65meV, T=0.07K, B=0.0T w=53.0deg 1/3 stats",2025-10-27 08:07:28,2025-10-27 08:07:51,00:00:23,0.03,4.65,0.0,4.65,0.07,0.0,53.0,/SNS/CNCS/IPTS-37274/nexus/CNCS_668458.nxs.h5
668457,108367,YbZn2GaO5,"YZGO, MAG9, Ei=4.65meV, T=0.07K, B=0.0T w=52.5deg 1/3 stats",2025-10-27 08:07:00,2025-10-27 08:07:24,00:00:23,0.03,4.65,0.0,4.65,0.07,0.0,52.5,/SNS/CNCS/IPTS-37274/nexus/CNCS_668457.nxs.h5
668456,108367,YbZn2GaO5,"YZGO, MAG9, Ei=4.65meV, T=0.07K, B=0.0T w=52.0deg 1/3 stats",2025-10-27 08:06:33,2025-10-27 08:06:57,00:00:23,0.03,4.65,0.0,4.65,0.07,0.0,52.0,/SNS/CNCS/IPTS-37274/nexus/CNCS_668456.nxs.h5
668455,108367,YbZn2GaO5,"YZGO, MAG9, Ei=4.65meV, T=0.07K, B=0.0T w=51.5deg 1/3 stats",2025-10-27 08:06:06,2025-10-27 08:06:29,00:00:23,0.03,4.65,0.0,4.65,0.07,0.0,51.5,/SNS/CNCS/IPTS-37274/nexus/CNCS_668455.nxs.h5
668454,108367,YbZn2GaO5,"YZGO, MAG9, Ei=4.65meV, T=0.07K, B=0.0T w=51.0deg 1/3 stats",2025-10-27 08:05:38,2025-10-27 08:06:02,00:00:23,0.03,4.65,0.0,4.65,0.07,0.0,51.0,/SNS/CNCS/IPTS-37274/nexus/CNCS_668454.nxs.h5
668453,108367,YbZn2GaO5,"YZGO, MAG9, Ei=4.65meV, T=0.07K, B=0.0T w=50.5deg 1/3 stats",2025-10-27 08:05:11,2025-10-27 08:05:35,00:00:23,0.03,4.65,0.0,4.65,0.07,0.0,50.5,/SNS/CNCS/IPTS-37274/nexus/CNCS_668453.nxs.h5
668452,108367,YbZn2GaO5,"YZGO, MAG9, Ei=4.65meV, T=0.07K, B=0.0T w=50.0deg 1/3 stats",2025-10-27 08:04:44,2025-10-27 08:05:07,00:00:23,0.03,4.65,0.0,4.65,0.07,0.0,50.0,/SNS/CNCS/IPTS-37274/nexus/CNCS_668452.nxs.h5
668451,108367,YbZn2GaO5,"YZGO, MAG9, Ei=4.65meV, T=0.07K, B=0.0T w=49.5deg 1/3 stats",2025-10-27 08:04:16,2025-10-27 08:04:40,00:00:23,0.03,4.65,0.0,4.65,0.07,0.0,49.5,/SNS/CNCS/IPTS-37274/nexus/CNCS_668451.nxs.h5
668450,108367,YbZn2GaO5,"YZGO, MAG9, Ei=4.65meV, T=0.07K, B=0.0T w=49.0deg 1/3 stats",2025-10-27 08:03:49,2025-10-27 08:04:13,00:00:23,0.03,4.65,0.0,4.65,0.07,0.0,49.0,/SNS/CNCS/IPTS-37274/nexus/CNCS_668450.nxs.h5
668449,108367,YbZn2GaO5,"YZGO, MAG9, Ei=4.65meV, T=0.07K, B=0.0T w=48.5deg 1/3 stats",2025-10-27 08:03:22,2025-10-27 08:03:45,00:00:23,0.03,4.65,0.0,4.65,0.07,0.0,48.5,/SNS/CNCS/IPTS-37274/nexus/CNCS_668449.nxs.h5
668448,108367,YbZn2GaO5,"YZGO, MAG9, Ei=4.65meV, T=0.07K, B=0.0T w=48.0deg 1/3 stats",2025-10-27 08:02:54,2025-10-27 08:03:18,00:00:23,0.03,4.65,0.0,4.65,0.07,0.0,48.0,/SNS/CNCS/IPTS-37274/nexus/CNCS_668448.nxs.h5
668447,108367,YbZn2GaO5,"YZGO, MAG9, Ei=4.65meV, T=0.07K, B=0.0T w=47.5deg 1/3 stats",2025-10-27 08:02:27,2025-10-27 08:02:51,00:00:23,0.03,4.65,0.0,4.65,0.07,0.0,47.5,/SNS/CNCS/IPTS-37274/nexus/CNCS_668447.nxs.h5
668446,108367,YbZn2GaO5,"YZGO, MAG9, Ei=4.65meV, T=0.07K, B=0.0T w=47.0deg 1/3 stats",2025-10-27 08:01:59,2025-10-27 08:02:23,00:00:24,0.03,4.65,0.0,4.65,0.07,0.0,47.0,/SNS/CNCS/IPTS-37274/nexus/CNCS_668446.nxs.h5
668445,108367,YbZn2GaO5,"YZGO, MAG9, Ei=4.65meV, T=0.07K, B=0.0T w=46.5deg 1/3 stats",2025-10-27 08:01:32,2025-10-27 08:01:56,00:00:23,0.03,4.65,0.0,4.65,0.07,0.0,46.5,/SNS/CNCS/IPTS-37274/nexus/CNCS_668445.nxs.h5
668444,108367,YbZn2GaO5,"YZGO, MAG9, Ei=4.65meV, T=0.07K, B=0.0T w=46.0deg 1/3 stats",2025-10-27 08:01:05,2025-10-27 08:01:28,00:00:23,0.03,4.65,0.0,4.65,0.07,0.0,46.0,/SNS/CNCS/IPTS-37274/nexus/CNCS_668444.nxs.h5
668443,108367,YbZn2GaO5,"YZGO, MAG9, Ei=4.65meV, T=0.07K, B=0.0T w=45.5deg 1/3 stats",2025-10-27 08:00:37,2025-10-27 08:01:01,00:00:23,0.03,4.65,0.0,4.65,0.07,0.0,45.5,/SNS/CNCS/IPTS-37274/nexus/CNCS_668443.nxs.h5
668442,108367,YbZn2GaO5,"YZGO, MAG9, Ei=4.65meV, T=0.07K, B=0.0T w=45.0deg 1/3 stats",2025-10-27 08:00:10,2025-10-27 08:00:34,00:00:23,0.03,4.65,0.0,4.65,0.07,0.0,45.0,/SNS/CNCS/IPTS-37274/nexus/CNCS_668442.nxs.h5
668441,108367,YbZn2GaO5,"YZGO, MAG9, Ei=4.65meV, T=0.07K, B=0.0T w=44.5deg 1/3 stats",2025-10-27 07:59:43,2025-10-27 08:00:06,00:00:23,0.03,4.65,0.0,4.65,0.07,0.0,44.5,/SNS/CNCS/IPTS-37274/nexus/CNCS_668441.nxs.h5
668440,108367,YbZn2GaO5,"YZGO, MAG9, Ei=4.65meV, T=0.07K, B=0.0T w=44.0deg 1/3 stats",2025-10-27 07:59:15,2025-10-27 07:59:39,00:00:23,0.03,4.65,0.0,4.65,0.07,0.0,44.0,/SNS/CNCS/IPTS-37274/nexus/CNCS_668440.nxs.h5
668439,108367,YbZn2GaO5,"YZGO, MAG9, Ei=4.65meV, T=0.07K, B=0.0T w=43.5deg 1/3 stats",2025-10-27 07:58:48,2025-10-27 07:59:12,00:00:23,0.03,4.65,0.0,4.65,0.07,0.0,43.5,/SNS/CNCS/IPTS-37274/nexus/CNCS_668439.nxs.h5
668438,108367,YbZn2GaO5,"YZGO, MAG9, Ei=4.65meV, T=0.07K, B=0.0T w=43.0deg 1/3 stats",2025-10-27 07:58:21,2025-10-27 07:58:44,00:00:23,0.03,4.65,0.0,4.65,0.07,0.0,43.0,/SNS/CNCS/IPTS-37274/nexus/CNCS_668438.nxs.h5
668437,108367,YbZn2GaO5,"YZGO, MAG9, Ei=4.65meV, T=0.07K, B=0.0T w=42.5deg 1/3 stats",2025-10-27 07:57:53,2025-10-27 07:58:17,00:00:23,0.03,4.65,0.0,4.65,0.07,0.0,42.5,/SNS/CNCS/IPTS-37274/nexus/CNCS_668437.nxs.h5
668436,108367,YbZn2GaO5,"YZGO, MAG9, Ei=4.65meV, T=0.07K, B=0.0T w=42.0deg 1/3 stats",2025-10-27 07:57:26,2025-10-27 07:57:50,00:00:23,0.03,4.65,0.0,4.65,0.07,0.0,42.0,/SNS/CNCS/IPTS-37274/nexus/CNCS_668436.nxs.h5
668435,108367,YbZn2GaO5,"YZGO, MAG9, Ei=4.65meV, T=0.07K, B=0.0T w=41.5deg 1/3 stats",2025-10-27 07:56:59,2025-10-27 07:57:22,00:00:23,0.03,4.65,0.0,4.65,0.07,0.0,41.5,/SNS/CNCS/IPTS-37274/nexus/CNCS_668435.nxs.h5
668434,108367,YbZn2GaO5,"YZGO, MAG9, Ei=4.65meV, T=0.07K, B=0.0T w=41.0deg 1/3 stats",2025-10-27 07:56:31,2025-10-27 07:56:55,00:00:23,0.03,4.65,0.0,4.65,0.07,0.0,41.0,/SNS/CNCS/IPTS-37274/nexus/CNCS_668434.nxs.h5
668433,108367,YbZn2GaO5,"YZGO, MAG9, Ei=4.65meV, T=0.07K, B=0.0T w=40.5deg 1/3 stats",2025-10-27 07:56:04,2025-10-27 07:56:28,00:00:23,0.03,4.65,0.0,4.65,0.07,0.0,40.5,/SNS/CNCS/IPTS-37274/nexus/CNCS_668433.nxs.h5
668432,108367,YbZn2GaO5,"YZGO, MAG9, Ei=4.65meV, T=0.07K, B=0.0T w=40.0deg 1/3 stats",2025-10-27 07:55:37,2025-10-27 07:56:01,00:00:23,0.03,4.65,0.0,4.65,0.07,0.0,40.0,/SNS/CNCS/IPTS-37274/nexus/CNCS_668432.nxs.h5
668431,108367,YbZn2GaO5,"YZGO, MAG9, Ei=4.65meV, T=0.07K, B=0.0T w=39.5deg 1/3 stats",2025-10-27 07:55:10,2025-10-27 07:55:33,00:00:23,0.03,4.65,0.0,4.65,0.07,0.0,39.5,/SNS/CNCS/IPTS-37274/nexus/CNCS_668431.nxs.h5
668430,108367,YbZn2GaO5,"YZGO, MAG9, Ei=4.65meV, T=0.07K, B=0.0T w=39.0deg 1/3 stats",2025-10-27 07:54:42,2025-10-27 07:55:06,00:00:23,0.03,4.65,0.0,4.65,0.07,0.0,39.0,/SNS/CNCS/IPTS-37274/nexus/CNCS_668430.nxs.h5
668429,108367,YbZn2GaO5,"YZGO, MAG9, Ei=4.65meV, T=0.07K, B=0.0T w=38.5deg 1/3 stats",2025-10-27 07:54:15,2025-10-27 07:54:39,00:00:23,0.03,4.65,0.0,4.65,0.07,0.0,38.5,/SNS/CNCS/IPTS-37274/nexus/CNCS_668429.nxs.h5
668428,108367,YbZn2GaO5,"YZGO, MAG9, Ei=4.65meV, T=0.07K, B=0.0T w=38.0deg 1/3 stats",2025-10-27 07:53:47,2025-10-27 07:54:11,00:00:23,0.03,4.65,0.0,4.65,0.07,0.0,38.0,/SNS/CNCS/IPTS-37274/nexus/CNCS_668428.nxs.h5
668427,108367,YbZn2GaO5,"YZGO, MAG9, Ei=4.65meV, T=0.07K, B=0.0T w=37.5deg 1/3 stats",2025-10-27 07:53:20,2025-10-27 07:53:44,00:00:23,0.03,4.65,0.0,4.65,0.07,0.0,37.5,/SNS/CNCS/IPTS-37274/nexus/CNCS_668427.nxs.h5
668426,108367,YbZn2GaO5,"YZGO, MAG9, Ei=4.65meV, T=0.07K, B=0.0T w=37.0deg 1/3 stats",2025-10-27 07:52:52,2025-10-27 07:53:16,00:00:24,0.03,4.65,0.0,4.65,0.07,0.0,37.0,/SNS/CNCS/IPTS-37274/nexus/CNCS_668426.nxs.h5
668425,108367,YbZn2GaO5,"YZGO, MAG9, Ei=4.65meV, T=0.07K, B=0.0T w=36.5deg 1/3 stats",2025-10-27 07:52:25,2025-10-27 07:52:49,00:00:23,0.03,4.65,0.0,4.65,0.07,0.0,36.5,/SNS/CNCS/IPTS-37274/nexus/CNCS_668425.nxs.h5
668424,108367,YbZn2GaO5,"YZGO, MAG9, Ei=4.65meV, T=0.07K, B=0.0T w=36.0deg 1/3 stats",2025-10-27 07:51:57,2025-10-27 07:52:21,00:00:23,0.03,4.65,0.0,4.65,0.07,0.0,36.0,/SNS/CNCS/IPTS-37274/nexus/CNCS_668424.nxs.h5
668423,108367,YbZn2GaO5,"YZGO, MAG9, Ei=4.65meV, T=0.07K, B=0.0T w=35.5deg 1/3 stats",2025-10-27 07:51:30,2025-10-27 07:51:54,00:00:23,0.03,4.65,0.0,4.65,0.07,0.0,35.5,/SNS/CNCS/IPTS-37274/nexus/CNCS_668423.nxs.h5
668422,108367,YbZn2GaO5,"YZGO, MAG9, Ei=4.65meV, T=0.07K, B=0.0T w=35.0deg 1/3 stats",2025-10-27 07:51:03,2025-10-27 07:51:27,00:00:23,0.03,4.65,0.0,4.65,0.07,0.0,35.0,/SNS/CNCS/IPTS-37274/nexus/CNCS_668422.nxs.h5
668421,108367,YbZn2GaO5,"YZGO, MAG9, Ei=4.65meV, T=0.07K, B=0.0T w=34.5deg 1/3 stats",2025-10-27 07:50:36,2025-10-27 07:50:59,00:00:23,0.03,4.65,0.0,4.65,0.07,0.0,34.5,/SNS/CNCS/IPTS-37274/nexus/CNCS_668421.nxs.h5
668420,108367,YbZn2GaO5,"YZGO, MAG9, Ei=4.65meV, T=0.07K, B=0.0T w=34.0deg 1/3 stats",2025-10-27 07:50:08,2025-10-27 07:50:32,00:00:23,0.03,4.65,0.0,4.65,0.07,0.0,34.0,/SNS/CNCS/IPTS-37274/nexus/CNCS_668420.nxs.h5
668419,108367,YbZn2GaO5,"YZGO, MAG9, Ei=4.65meV, T=0.07K, B=0.0T w=33.5deg 1/3 stats",2025-10-27 07:49:41,2025-10-27 07:50:05,00:00:23,0.03,4.65,0.0,4.65,0.07,0.0,33.5,/SNS/CNCS/IPTS-37274/nexus/CNCS_668419.nxs.h5
668418,108367,YbZn2GaO5,"YZGO, MAG9, Ei=4.65meV, T=0.07K, B=0.0T w=33.0deg 1/3 stats",2025-10-27 07:49:14,2025-10-27 07:49:38,00:00:23,0.03,4.65,0.0,4.65,0.07,0.0,33.0,/SNS/CNCS/IPTS-37274/nexus/CNCS_668418.nxs.h5
668417,108367,YbZn2GaO5,"YZGO, MAG9, Ei=4.65meV, T=0.07K, B=0.0T w=32.5deg 1/3 stats",2025-10-27 07:48:46,2025-10-27 07:49:10,00:00:23,0.03,4.65,0.0,4.65,0.07,0.0,32.5,/SNS/CNCS/IPTS-37274/nexus/CNCS_668417.nxs.h5
668416,108367,YbZn2GaO5,"YZGO, MAG9, Ei=4.65meV, T=0.07K, B=0.0T w=32.0deg 1/3 stats",2025-10-27 07:48:19,2025-10-27 07:48:43,00:00:23,0.03,4.65,0.0,4.65,0.07,0.0,32.0,/SNS/CNCS/IPTS-37274/nexus/CNCS_668416.nxs.h5
668415,108367,YbZn2GaO5,"YZGO, MAG9, Ei=4.65meV, T=0.07K, B=0.0T w=31.5deg 1/3 stats",2025-10-27 07:47:52,2025-10-27 07:48:16,00:00:23,0.03,4.65,0.0,4.65,0.07,0.0,31.5,/SNS/CNCS/IPTS-37274/nexus/CNCS_668415.nxs.h5
668414,108367,YbZn2GaO5,"YZGO, MAG9, Ei=4.65meV, T=0.07K, B=0.0T w=31.0deg 1/3 stats",2025-10-27 07:47:24,2025-10-27 07:47:48,00:00:23,0.03,4.65,0.0,4.65,0.07,0.0,31.0,/SNS/CNCS/IPTS-37274/nexus/CNCS_668414.nxs.h5
668413,108367,YbZn2GaO5,"YZGO, MAG9, Ei=4.65meV, T=0.07K, B=0.0T w=30.5deg 1/3 stats",2025-10-27 07:46:57,2025-10-27 07:47:21,00:00:23,0.03,4.65,0.0,4.65,0.07,0.0,30.5,/SNS/CNCS/IPTS-37274/nexus/CNCS_668413.nxs.h5
668412,108367,YbZn2GaO5,"YZGO, MAG9, Ei=4.65meV, T=0.07K, B=0.0T w=30.0deg 1/3 stats",2025-10-27 07:46:30,2025-10-27 07:46:53,00:00:23,0.03,4.65,0.0,4.65,0.07,0.0,30.0,/SNS/CNCS/IPTS-37274/nexus/CNCS_668412.nxs.h5
668411,108367,YbZn2GaO5,"YZGO, MAG9, Ei=4.65meV, T=0.07K, B=0.0T w=29.5deg 1/3 stats",2025-10-27 07:46:02,2025-10-27 07:46:26,00:00:23,0.03,4.65,0.0,4.65,0.07,0.0,29.5,/SNS/CNCS/IPTS-37274/nexus/CNCS_668411.nxs.h5
668410,108367,YbZn2GaO5,"YZGO, MAG9, Ei=4.65meV, T=0.07K, B=0.0T w=29.0deg 1/3 stats",2025-10-27 07:45:35,2025-10-27 07:45:59,00:00:23,0.03,4.65,0.0,4.65,0.07,0.0,29.0,/SNS/CNCS/IPTS-37274/nexus/CNCS_668410.nxs.h5
668409,108367,YbZn2GaO5,"YZGO, MAG9, Ei=4.65meV, T=0.07K, B=0.0T w=28.5deg 1/3 stats",2025-10-27 07:45:08,2025-10-27 07:45:32,00:00:23,0.03,4.65,0.0,4.65,0.07,0.0,28.5,/SNS/CNCS/IPTS-37274/nexus/CNCS_668409.nxs.h5
668408,108367,YbZn2GaO5,"YZGO, MAG9, Ei=4.65meV, T=0.07K, B=0.0T w=28.0deg 1/3 stats",2025-10-27 07:44:41,2025-10-27 07:45:04,00:00:23,0.03,4.65,0.0,4.65,0.07,0.0,28.0,/SNS/CNCS/IPTS-37274/nexus/CNCS_668408.nxs.h5
668407,108367,YbZn2GaO5,"YZGO, MAG9, Ei=4.65meV, T=0.07K, B=0.0T w=27.5deg 1/3 stats",2025-10-27 07:44:13,2025-10-27 07:44:37,00:00:23,0.03,4.65,0.0,4.65,0.07,0.0,27.5,/SNS/CNCS/IPTS-37274/nexus/CNCS_668407.nxs.h5
668406,108367,YbZn2GaO5,"YZGO, MAG9, Ei=4.65meV, T=0.07K, B=0.0T w=27.0deg 1/3 stats",2025-10-27 07:43:46,2025-10-27 07:44:10,00:00:23,0.03,4.65,0.0,4.65,0.07,0.0,27.0,/SNS/CNCS/IPTS-37274/nexus/CNCS_668406.nxs.h5
668405,108367,YbZn2GaO5,"YZGO, MAG9, Ei=4.65meV, T=0.07K, B=0.0T w=26.5deg 1/3 stats",2025-10-27 07:43:19,2025-10-27 07:43:42,00:00:23,0.03,4.65,0.0,4.65,0.07,0.0,26.5,/SNS/CNCS/IPTS-37274/nexus/CNCS_668405.nxs.h5
668404,108367,YbZn2GaO5,"YZGO, MAG9, Ei=4.65meV, T=0.07K, B=0.0T w=26.0deg 1/3 stats",2025-10-27 07:42:51,2025-10-27 07:43:15,00:00:23,0.03,4.65,0.0,4.65,0.07,0.0,26.0,/SNS/CNCS/IPTS-37274/nexus/CNCS_668404.nxs.h5
668403,108367,YbZn2GaO5,"YZGO, MAG9, Ei=4.65meV, T=0.07K, B=0.0T w=25.5deg 1/3 stats",2025-10-27 07:42:24,2025-10-27 07:42:48,00:00:23,0.03,4.65,0.0,4.65,0.07,0.0,25.5,/SNS/CNCS/IPTS-37274/nexus/CNCS_668403.nxs.h5
668402,108367,YbZn2GaO5,"YZGO, MAG9, Ei=4.65meV, T=0.07K, B=0.0T w=25.0deg 1/3 stats",2025-10-27 07:41:57,2025-10-27 07:42:20,00:00:23,0.03,4.65,0.0,4.65,0.07,0.0,25.0,/SNS/CNCS/IPTS-37274/nexus/CNCS_668402.nxs.h5
668401,108367,YbZn2GaO5,"YZGO, MAG9, Ei=4.65meV, T=0.07K, B=0.0T w=24.5deg 1/3 stats",2025-10-27 07:41:29,2025-10-27 07:41:53,00:00:23,0.03,4.65,0.0,4.65,0.07,0.0,24.5,/SNS/CNCS/IPTS-37274/nexus/CNCS_668401.nxs.h5
668400,108367,YbZn2GaO5,"YZGO, MAG9, Ei=4.65meV, T=0.07K, B=0.0T w=24.0deg 1/3 stats",2025-10-27 07:41:02,2025-10-27 07:41:26,00:00:23,0.03,4.65,0.0,4.65,0.07,0.0,24.0,/SNS/CNCS/IPTS-37274/nexus/CNCS_668400.nxs.h5
668399,108367,YbZn2GaO5,"YZGO, MAG9, Ei=4.65meV, T=0.07K, B=0.0T w=23.5deg 1/3 stats",2025-10-27 07:40:35,2025-10-27 07:40:58,00:00:23,0.03,4.65,0.0,4.65,0.07,0.0,23.5,/SNS/CNCS/IPTS-37274/nexus/CNCS_668399.nxs.h5
668398,108367,YbZn2GaO5,"YZGO, MAG9, Ei=4.65meV, T=0.07K, B=0.0T w=23.0deg 1/3 stats",2025-10-27 07:40:07,2025-10-27 07:40:31,00:00:23,0.03,4.65,0.0,4.65,0.07,0.0,23.0,/SNS/CNCS/IPTS-37274/nexus/CNCS_668398.nxs.h5
668397,108367,YbZn2GaO5,"YZGO, MAG9, Ei=4.65meV, T=0.07K, B=0.0T w=22.5deg 1/3 stats",2025-10-27 07:39:40,2025-10-27 07:40:04,00:00:23,0.03,4.65,0.0,4.65,0.07,0.0,22.5,/SNS/CNCS/IPTS-37274/nexus/CNCS_668397.nxs.h5
668396,108367,YbZn2GaO5,"YZGO, MAG9, Ei=4.65meV, T=0.07K, B=0.0T w=22.0deg 1/3 stats",2025-10-27 07:39:13,2025-10-27 07:39:36,00:00:23,0.03,4.65,0.0,4.65,0.07,0.0,22.0,/SNS/CNCS/IPTS-37274/nexus/CNCS_668396.nxs.h5
668395,108367,YbZn2GaO5,"YZGO, MAG9, Ei=4.65meV, T=0.07K, B=0.0T w=21.5deg 1/3 stats",2025-10-27 07:38:45,2025-10-27 07:39:09,00:00:23,0.03,4.65,0.0,4.65,0.07,0.0,21.5,/SNS/CNCS/IPTS-37274/nexus/CNCS_668395.nxs.h5
668394,108367,YbZn2GaO5,"YZGO, MAG9, Ei=4.65meV, T=0.07K, B=0.0T w=21.0deg 1/3 stats",2025-10-27 07:38:18,2025-10-27 07:38:42,00:00:23,0.03,4.65,0.0,4.65,0.07,0.0,21.0,/SNS/CNCS/IPTS-37274/nexus/CNCS_668394.nxs.h5
668393,108367,YbZn2GaO5,"YZGO, MAG9, Ei=4.65meV, T=0.07K, B=0.0T w=20.5deg 1/3 stats",2025-10-27 07:37:51,2025-10-27 07:38:14,00:00:23,0.03,4.65,0.0,4.65,0.07,0.0,20.5,/SNS/CNCS/IPTS-37274/nexus/CNCS_668393.nxs.h5
668392,108367,YbZn2GaO5,"YZGO, MAG9, Ei=4.65meV, T=0.07K, B=0.0T w=20.0deg 1/3 stats",2025-10-27 07:37:23,2025-10-27 07:37:47,00:00:23,0.03,4.65,0.0,4.65,0.07,0.0,20.0,/SNS/CNCS/IPTS-37274/nexus/CNCS_668392.nxs.h5
668391,108367,YbZn2GaO5,"YZGO, MAG9, Ei=4.65meV, T=0.07K, B=0.0T w=19.5deg 1/3 stats",2025-10-27 07:36:56,2025-10-27 07:37:20,00:00:23,0.03,4.65,0.0,4.65,0.07,0.0,19.5,/SNS/CNCS/IPTS-37274/nexus/CNCS_668391.nxs.h5
668390,108367,YbZn2GaO5,"YZGO, MAG9, Ei=4.65meV, T=0.07K, B=0.0T w=19.0deg 1/3 stats",2025-10-27 07:36:29,2025-10-27 07:36:52,00:00:23,0.03,4.65,0.0,4.65,0.07,0.0,19.0,/SNS/CNCS/IPTS-37274/nexus/CNCS_668390.nxs.h5
668389,108367,YbZn2GaO5,"YZGO, MAG9, Ei=4.65meV, T=0.07K, B=0.0T w=18.5deg 1/3 stats",2025-10-27 07:36:01,2025-10-27 07:36:25,00:00:23,0.03,4.65,0.0,4.65,0.07,0.0,18.5,/SNS/CNCS/IPTS-37274/nexus/CNCS_668389.nxs.h5
668388,108367,YbZn2GaO5,"YZGO, MAG9, Ei=4.65meV, T=0.07K, B=0.0T w=18.0deg 1/3 stats",2025-10-27 07:35:34,2025-10-27 07:35:58,00:00:23,0.03,4.65,0.0,4.65,0.07,0.0,18.0,/SNS/CNCS/IPTS-37274/nexus/CNCS_668388.nxs.h5
668387,108367,YbZn2GaO5,"YZGO, MAG9, Ei=4.65meV, T=0.07K, B=0.0T w=17.5deg 1/3 stats",2025-10-27 07:35:07,2025-10-27 07:35:30,00:00:23,0.03,4.65,0.0,4.65,0.07,0.0,17.5,/SNS/CNCS/IPTS-37274/nexus/CNCS_668387.nxs.h5
668386,108367,YbZn2GaO5,"YZGO, MAG9, Ei=4.65meV, T=0.07K, B=0.0T w=17.0deg 1/3 stats",2025-10-27 07:34:39,2025-10-27 07:35:03,00:00:23,0.03,4.65,0.0,4.65,0.07,0.0,17.0,/SNS/CNCS/IPTS-37274/nexus/CNCS_668386.nxs.h5
668385,108367,YbZn2GaO5,"YZGO, MAG9, Ei=4.65meV, T=0.07K, B=0.0T w=16.5deg 1/3 stats",2025-10-27 07:34:12,2025-10-27 07:34:36,00:00:23,0.03,4.65,0.0,4.65,0.07,0.0,16.5,/SNS/CNCS/IPTS-37274/nexus/CNCS_668385.nxs.h5
668384,108367,YbZn2GaO5,"YZGO, MAG9, Ei=4.65meV, T=0.07K, B=0.0T w=16.0deg 1/3 stats",2025-10-27 07:33:45,2025-10-27 07:34:08,00:00:23,0.03,4.65,0.0,4.65,0.07,0.0,16.0,/SNS/CNCS/IPTS-37274/nexus/CNCS_668384.nxs.h5
668383,108367,YbZn2GaO5,"YZGO, MAG9, Ei=4.65meV, T=0.07K, B=0.0T w=15.5deg 1/3 stats",2025-10-27 07:33:17,2025-10-27 07:33:41,00:00:23,0.03,4.65,0.0,4.65,0.07,0.0,15.5,/SNS/CNCS/IPTS-37274/nexus/CNCS_668383.nxs.h5
668382,108367,YbZn2GaO5,"YZGO, MAG9, Ei=4.65meV, T=0.07K, B=0.0T w=15.0deg 1/3 stats",2025-10-27 07:32:50,2025-10-27 07:33:14,00:00:23,0.03,4.65,0.0,4.65,0.07,0.0,15.0,/SNS/CNCS/IPTS-37274/nexus/CNCS_668382.nxs.h5
668381,108367,YbZn2GaO5,"YZGO, MAG9, Ei=4.65meV, T=0.07K, B=0.0T w=14.5deg 1/3 stats",2025-10-27 07:32:23,2025-10-27 07:32:46,00:00:23,0.03,4.65,0.0,4.65,0.07,0.0,14.5,/SNS/CNCS/IPTS-37274/nexus/CNCS_668381.nxs.h5
668380,108367,YbZn2GaO5,"YZGO, MAG9, Ei=4.65meV, T=0.07K, B=0.0T w=14.0deg 1/3 stats",2025-10-27 07:31:55,2025-10-27 07:32:19,00:00:23,0.03,4.65,0.0,4.65,0.07,0.0,14.0,/SNS/CNCS/IPTS-37274/nexus/CNCS_668380.nxs.h5
668379,108367,YbZn2GaO5,"YZGO, MAG9, Ei=4.65meV, T=0.07K, B=0.0T w=13.5deg 1/3 stats",2025-10-27 07:31:28,2025-10-27 07:31:52,00:00:23,0.03,4.65,0.0,4.65,0.07,0.0,13.5,/SNS/CNCS/IPTS-37274/nexus/CNCS_668379.nxs.h5
668378,108367,YbZn2GaO5,"YZGO, MAG9, Ei=4.65meV, T=0.07K, B=0.0T w=13.0deg 1/3 stats",2025-10-27 07:31:01,2025-10-27 07:31:24,00:00:23,0.03,4.65,0.0,4.65,0.07,0.0,13.0,/SNS/CNCS/IPTS-37274/nexus/CNCS_668378.nxs.h5
668377,108367,YbZn2GaO5,"YZGO, MAG9, Ei=4.65meV, T=0.07K, B=0.0T w=12.5deg 1/3 stats",2025-10-27 07:30:33,2025-10-27 07:30:57,00:00:23,0.03,4.65,0.0,4.65,0.07,0.0,12.5,/SNS/CNCS/IPTS-37274/nexus/CNCS_668377.nxs.h5
668376,108367,YbZn2GaO5,"YZGO, MAG9, Ei=4.65meV, T=0.07K, B=0.0T w=12.0deg 1/3 stats",2025-10-27 07:30:06,2025-10-27 07:30:30,00:00:23,0.03,4.65,0.0,4.65,0.07,0.0,12.0,/SNS/CNCS/IPTS-37274/nexus/CNCS_668376.nxs.h5
668375,108367,YbZn2GaO5,"YZGO, MAG9, Ei=4.65meV, T=0.07K, B=0.0T w=11.5deg 1/3 stats",2025-10-27 07:29:39,2025-10-27 07:30:02,00:00:23,0.03,4.65,0.0,4.65,0.07,0.0,11.5,/SNS/CNCS/IPTS-37274/nexus/CNCS_668375.nxs.h5
668374,108367,YbZn2GaO5,"YZGO, MAG9, Ei=4.65meV, T=0.07K, B=0.0T w=11.0deg 1/3 stats",2025-10-27 07:29:11,2025-10-27 07:29:35,00:00:23,0.03,4.65,0.0,4.65,0.07,0.0,11.0,/SNS/CNCS/IPTS-37274/nexus/CNCS_668374.nxs.h5
668373,108367,YbZn2GaO5,"YZGO, MAG9, Ei=4.65meV, T=0.07K, B=0.0T w=10.5deg 1/3 stats",2025-10-27 07:28:44,2025-10-27 07:29:08,00:00:23,0.03,4.65,0.0,4.65,0.07,0.0,10.5,/SNS/CNCS/IPTS-37274/nexus/CNCS_668373.nxs.h5
668372,108367,YbZn2GaO5,"YZGO, MAG9, Ei=4.65meV, T=0.07K, B=0.0T w=10.0deg 1/3 stats",2025-10-27 07:28:17,2025-10-27 07:28:40,00:00:23,0.03,4.65,0.0,4.65,0.07,0.0,10.0,/SNS/CNCS/IPTS-37274/nexus/CNCS_668372.nxs.h5
668371,108367,YbZn2GaO5,"YZGO, MAG9, Ei=4.65meV, T=0.07K, B=0.0T w=9.5deg 1/3 stats",2025-10-27 07:27:49,2025-10-27 07:28:13,00:00:23,0.03,4.65,0.0,4.65,0.07,0.0,9.5,/SNS/CNCS/IPTS-37274/nexus/CNCS_668371.nxs.h5
668370,108367,YbZn2GaO5,"YZGO, MAG9, Ei=4.65meV, T=0.07K, B=0.0T w=9.0deg 1/3 stats",2025-10-27 07:27:22,2025-10-27 07:27:46,00:00:23,0.03,4.65,0.0,4.65,0.07,0.0,9.0,/SNS/CNCS/IPTS-37274/nexus/CNCS_668370.nxs.h5
668369,108367,YbZn2GaO5,"YZGO, MAG9, Ei=4.65meV, T=0.07K, B=0.0T w=8.5deg 1/3 stats",2025-10-27 07:26:55,2025-10-27 07:27:18,00:00:23,0.03,4.65,0.0,4.65,0.07,0.0,8.5,/SNS/CNCS/IPTS-37274/nexus/CNCS_668369.nxs.h5
668368,108367,YbZn2GaO5,"YZGO, MAG9, Ei=4.65meV, T=0.07K, B=0.0T w=8.0deg 1/3 stats",2025-10-27 07:26:27,2025-10-27 07:26:51,00:00:23,0.03,4.65,0.0,4.65,0.07,0.0,8.0,/SNS/CNCS/IPTS-37274/nexus/CNCS_668368.nxs.h5
668367,108367,YbZn2GaO5,"YZGO, MAG9, Ei=4.65meV, T=0.07K, B=0.0T w=7.5deg 1/3 stats",2025-10-27 07:26:00,2025-10-27 07:26:24,00:00:23,0.03,4.65,0.0,4.65,0.07,0.0,7.5,/SNS/CNCS/IPTS-37274/nexus/CNCS_668367.nxs.h5
668366,108367,YbZn2GaO5,"YZGO, MAG9, Ei=4.65meV, T=0.07K, B=0.0T w=7.0deg 1/3 stats",2025-10-27 07:25:33,2025-10-27 07:25:56,00:00:23,0.03,4.65,0.0,4.65,0.07,0.0,7.0,/SNS/CNCS/IPTS-37274/nexus/CNCS_668366.nxs.h5
668365,108367,YbZn2GaO5,"YZGO, MAG9, Ei=4.65meV, T=0.07K, B=0.0T w=6.5deg 1/3 stats",2025-10-27 07:25:05,2025-10-27 07:25:29,00:00:23,0.03,4.65,0.0,4.65,0.07,0.0,6.5,/SNS/CNCS/IPTS-37274/nexus/CNCS_668365.nxs.h5
668364,108367,YbZn2GaO5,"YZGO, MAG9, Ei=4.65meV, T=0.07K, B=0.0T w=6.0deg 1/3 stats",2025-10-27 07:24:38,2025-10-27 07:25:01,00:00:23,0.03,4.65,0.0,4.65,0.07,0.0,6.0,/SNS/CNCS/IPTS-37274/nexus/CNCS_668364.nxs.h5
668363,108367,YbZn2GaO5,"YZGO, MAG9, Ei=4.65meV, T=0.07K, B=0.0T w=5.5deg 1/3 stats",2025-10-27 07:24:10,2025-10-27 07:24:34,00:00:23,0.03,4.65,0.0,4.65,0.07,0.0,5.5,/SNS/CNCS/IPTS-37274/nexus/CNCS_668363.nxs.h5
668362,108367,YbZn2GaO5,"YZGO, MAG9, Ei=4.65meV, T=0.07K, B=0.0T w=5.0deg 1/3 stats",2025-10-27 07:23:43,2025-10-27 07:24:07,00:00:23,0.03,4.65,0.0,4.65,0.07,0.0,5.0,/SNS/CNCS/IPTS-37274/nexus/CNCS_668362.nxs.h5
668361,108367,YbZn2GaO5,"YZGO, MAG9, Ei=4.65meV, T=0.07K, B=0.0T w=4.5deg 1/3 stats",2025-10-27 07:23:16,2025-10-27 07:23:39,00:00:23,0.03,4.65,0.0,4.65,0.07,0.0,4.5,/SNS/CNCS/IPTS-37274/nexus/CNCS_668361.nxs.h5
668360,108367,YbZn2GaO5,"YZGO, MAG9, Ei=4.65meV, T=0.07K, B=0.0T w=4.0deg 1/3 stats",2025-10-27 07:22:48,2025-10-27 07:23:12,00:00:23,0.03,4.65,0.0,4.65,0.07,0.0,4.0,/SNS/CNCS/IPTS-37274/nexus/CNCS_668360.nxs.h5
668359,108367,YbZn2GaO5,"YZGO, MAG9, Ei=4.65meV, T=0.07K, B=0.0T w=3.5deg 1/3 stats",2025-10-27 07:22:21,2025-10-27 07:22:45,00:00:23,0.03,4.65,0.0,4.65,0.07,0.0,3.5,/SNS/CNCS/IPTS-37274/nexus/CNCS_668359.nxs.h5
668358,108367,YbZn2GaO5,"YZGO, MAG9, Ei=4.65meV, T=0.07K, B=0.0T w=3.0deg 1/3 stats",2025-10-27 07:21:54,2025-10-27 07:22:17,00:00:23,0.03,4.65,0.0,4.65,0.07,0.0,3.0,/SNS/CNCS/IPTS-37274/nexus/CNCS_668358.nxs.h5
668357,108367,YbZn2GaO5,"YZGO, MAG9, Ei=4.65meV, T=0.07K, B=0.0T w=2.5deg 1/3 stats",2025-10-27 07:21:26,2025-10-27 07:21:50,00:00:23,0.03,4.65,0.0,4.65,0.07,0.0,2.5,/SNS/CNCS/IPTS-37274/nexus/CNCS_668357.nxs.h5
668356,108367,YbZn2GaO5,"YZGO, MAG9, Ei=4.65meV, T=0.07K, B=0.0T w=2.0deg 1/3 stats",2025-10-27 07:20:59,2025-10-27 07:21:22,00:00:23,0.03,4.65,0.0,4.65,0.07,0.0,2.0,/SNS/CNCS/IPTS-37274/nexus/CNCS_668356.nxs.h5
668355,108367,YbZn2GaO5,"YZGO, MAG9, Ei=4.65meV, T=0.07K, B=0.0T w=1.5deg 1/3 stats",2025-10-27 07:20:31,2025-10-27 07:20:55,00:00:23,0.03,4.65,0.0,4.65,0.07,0.0,1.5,/SNS/CNCS/IPTS-37274/nexus/CNCS_668355.nxs.h5
668354,108367,YbZn2GaO5,"YZGO, MAG9, Ei=4.65meV, T=0.07K, B=0.0T w=1.0deg 1/3 stats",2025-10-27 07:20:04,2025-10-27 07:20:28,00:00:23,0.03,4.65,0.0,4.65,0.07,0.0,1.0,/SNS/CNCS/IPTS-37274/nexus/CNCS_668354.nxs.h5
668353,108367,YbZn2GaO5,"YZGO, MAG9, Ei=4.65meV, T=0.07K, B=0.0T w=0.5deg 1/3 stats",2025-10-27 07:19:37,2025-10-27 07:20:00,00:00:23,0.03,4.65,0.0,4.65,0.07,0.0,0.5,/SNS/CNCS/IPTS-37274/nexus/CNCS_668353.nxs.h5
668352,108367,YbZn2GaO5,"YZGO, MAG9, Ei=4.65meV, T=0.07K, B=0.0T w=0.0deg 1/3 stats",2025-10-27 07:19:09,2025-10-27 07:19:33,00:00:23,0.03,4.65,0.0,4.65,0.07,0.0,0.0,/SNS/CNCS/IPTS-37274/nexus/CNCS_668352.nxs.h5
668351,108367,YbZn2GaO5,"YZGO, MAG9, Ei=4.65meV, T=0.07K, B=0.0T w=-0.5deg 1/3 stats",2025-10-27 07:18:42,2025-10-27 07:19:06,00:00:24,0.03,4.65,0.0,4.65,0.07,0.0,-0.5,/SNS/CNCS/IPTS-37274/nexus/CNCS_668351.nxs.h5
668350,108367,YbZn2GaO5,"YZGO, MAG9, Ei=4.65meV, T=0.07K, B=0.0T w=-1.0deg 1/3 stats",2025-10-27 07:18:14,2025-10-27 07:18:38,00:00:24,0.03,4.65,0.0,4.65,0.07,0.0,-1.0,/SNS/CNCS/IPTS-37274/nexus/CNCS_668350.nxs.h5
668349,108367,YbZn2GaO5,"YZGO, MAG9, Ei=4.65meV, T=0.07K, B=0.0T w=-1.5deg 1/3 stats",2025-10-27 07:17:46,2025-10-27 07:18:10,00:00:23,0.03,4.65,0.0,4.65,0.07,0.0,-1.5,/SNS/CNCS/IPTS-37274/nexus/CNCS_668349.nxs.h5
668348,108367,YbZn2GaO5,"YZGO, MAG9, Ei=4.65meV, T=0.07K, B=0.0T w=-2.0deg 1/3 stats",2025-10-27 07:17:19,2025-10-27 07:17:43,00:00:23,0.03,4.65,0.0,4.65,0.07,0.0,-2.0,/SNS/CNCS/IPTS-37274/nexus/CNCS_668348.nxs.h5
668347,108367,YbZn2GaO5,"YZGO, MAG9, Ei=4.65meV, T=0.07K, B=0.0T w=-2.5deg 1/3 stats",2025-10-27 07:16:52,2025-10-27 07:17:15,00:00:23,0.03,4.65,0.0,4.65,0.07,0.0,-2.5,/SNS/CNCS/IPTS-37274/nexus/CNCS_668347.nxs.h5
668346,108367,YbZn2GaO5,"YZGO, MAG9, Ei=4.65meV, T=0.07K, B=0.0T w=-3.0deg 1/3 stats",2025-10-27 07:16:24,2025-10-27 07:16:48,00:00:23,0.03,4.65,0.0,4.65,0.07,0.0,-3.0,/SNS/CNCS/IPTS-37274/nexus/CNCS_668346.nxs.h5
668345,108367,YbZn2GaO5,"YZGO, MAG9, Ei=4.65meV, T=0.07K, B=0.0T w=-3.5deg 1/3 stats",2025-10-27 07:15:57,2025-10-27 07:16:21,00:00:23,0.03,4.65,0.0,4.65,0.07,0.0,-3.5,/SNS/CNCS/IPTS-37274/nexus/CNCS_668345.nxs.h5
668344,108367,YbZn2GaO5,"YZGO, MAG9, Ei=4.65meV, T=0.07K, B=0.0T w=-4.0deg 1/3 stats",2025-10-27 07:15:30,2025-10-27 07:15:53,00:00:23,0.03,4.65,0.0,4.65,0.07,0.0,-4.0,/SNS/CNCS/IPTS-37274/nexus/CNCS_668344.nxs.h5
668343,108367,YbZn2GaO5,"YZGO, MAG9, Ei=4.65meV, T=0.07K, B=0.0T w=-4.5deg 1/3 stats",2025-10-27 07:15:02,2025-10-27 07:15:26,00:00:23,0.03,4.65,0.0,4.65,0.07,0.0,-4.5,/SNS/CNCS/IPTS-37274/nexus/CNCS_668343.nxs.h5
668342,108367,YbZn2GaO5,"YZGO, MAG9, Ei=4.65meV, T=0.07K, B=0.0T w=-5.0deg 1/3 stats",2025-10-27 07:14:35,2025-10-27 07:14:59,00:00:23,0.03,4.65,0.0,4.65,0.07,0.0,-5.0,/SNS/CNCS/IPTS-37274/nexus/CNCS_668342.nxs.h5
668341,108367,YbZn2GaO5,"YZGO, MAG9, Ei=4.65meV, T=0.07K, B=0.0T w=-5.5deg 1/3 stats",2025-10-27 07:14:08,2025-10-27 07:14:31,00:00:23,0.03,4.65,0.0,4.65,0.07,0.0,-5.5,/SNS/CNCS/IPTS-37274/nexus/CNCS_668341.nxs.h5
668340,108367,YbZn2GaO5,"YZGO, MAG9, Ei=4.65meV, T=0.07K, B=0.0T w=-6.0deg 1/3 stats",2025-10-27 07:13:40,2025-10-27 07:14:04,00:00:23,0.03,4.65,0.0,4.65,0.07,0.0,-6.0,/SNS/CNCS/IPTS-37274/nexus/CNCS_668340.nxs.h5
668339,108367,YbZn2GaO5,"YZGO, MAG9, Ei=4.65meV, T=0.07K, B=0.0T w=-6.5deg 1/3 stats",2025-10-27 07:13:13,2025-10-27 07:13:37,00:00:23,0.03,4.65,0.0,4.65,0.07,0.0,-6.5,/SNS/CNCS/IPTS-37274/nexus/CNCS_668339.nxs.h5
668338,108367,YbZn2GaO5,"YZGO, MAG9, Ei=4.65meV, T=0.07K, B=0.0T w=-7.0deg 1/3 stats",2025-10-27 07:12:45,2025-10-27 07:13:09,00:00:23,0.03,4.65,0.0,4.65,0.07,0.0,-7.0,/SNS/CNCS/IPTS-37274/nexus/CNCS_668338.nxs.h5
668337,108367,YbZn2GaO5,"YZGO, MAG9, Ei=4.65meV, T=0.07K, B=0.0T w=-7.5deg 1/3 stats",2025-10-27 07:12:18,2025-10-27 07:12:42,00:00:23,0.03,4.65,0.0,4.65,0.07,0.0,-7.5,/SNS/CNCS/IPTS-37274/nexus/CNCS_668337.nxs.h5
668336,108367,YbZn2GaO5,"YZGO, MAG9, Ei=4.65meV, T=0.07K, B=0.0T w=-8.0deg 1/3 stats",2025-10-27 07:11:51,2025-10-27 07:12:14,00:00:23,0.03,4.65,0.0,4.65,0.07,0.0,-8.0,/SNS/CNCS/IPTS-37274/nexus/CNCS_668336.nxs.h5
668335,108367,YbZn2GaO5,"YZGO, MAG9, Ei=4.65meV, T=0.07K, B=0.0T w=-8.5deg 1/3 stats",2025-10-27 07:11:23,2025-10-27 07:11:47,00:00:23,0.03,4.65,0.0,4.65,0.07,0.0,-8.5,/SNS/CNCS/IPTS-37274/nexus/CNCS_668335.nxs.h5
668334,108367,YbZn2GaO5,"YZGO, MAG9, Ei=4.65meV, T=0.07K, B=0.0T w=-9.0deg 1/3 stats",2025-10-27 07:10:56,2025-10-27 07:11:20,00:00:23,0.03,4.65,0.0,4.65,0.07,0.0,-9.0,/SNS/CNCS/IPTS-37274/nexus/CNCS_668334.nxs.h5
668333,108367,YbZn2GaO5,"YZGO, MAG9, Ei=4.65meV, T=0.07K, B=0.0T w=-9.5deg 1/3 stats",2025-10-27 07:10:29,2025-10-27 07:10:52,00:00:23,0.03,4.65,0.0,4.65,0.07,0.0,-9.5,/SNS/CNCS/IPTS-37274/nexus/CNCS_668333.nxs.h5
668332,108367,YbZn2GaO5,"YZGO, MAG9, Ei=4.65meV, T=0.07K, B=0.0T w=-10.0deg 1/3 stats",2025-10-27 07:10:01,2025-10-27 07:10:25,00:00:23,0.03,4.65,0.0,4.65,0.07,0.0,-10.0,/SNS/CNCS/IPTS-37274/nexus/CNCS_668332.nxs.h5
668331,108367,YbZn2GaO5,"YZGO, MAG9, Ei=4.65meV, T=0.07K, B=0.0T w=-10.5deg 1/3 stats",2025-10-27 07:09:34,2025-10-27 07:09:58,00:00:23,0.03,4.65,0.0,4.65,0.07,0.0,-10.5,/SNS/CNCS/IPTS-37274/nexus/CNCS_668331.nxs.h5
668330,108367,YbZn2GaO5,"YZGO, MAG9, Ei=4.65meV, T=0.07K, B=0.0T w=-11.0deg 1/3 stats",2025-10-27 07:09:07,2025-10-27 07:09:30,00:00:23,0.03,4.65,0.0,4.65,0.07,0.0,-11.0,/SNS/CNCS/IPTS-37274/nexus/CNCS_668330.nxs.h5
668329,108367,YbZn2GaO5,"YZGO, MAG9, Ei=4.65meV, T=0.07K, B=0.0T w=-11.5deg 1/3 stats",2025-10-27 07:08:39,2025-10-27 07:09:03,00:00:23,0.03,4.65,0.0,4.65,0.07,0.0,-11.5,/SNS/CNCS/IPTS-37274/nexus/CNCS_668329.nxs.h5
668328,108367,YbZn2GaO5,"YZGO, MAG9, Ei=4.65meV, T=0.07K, B=0.0T w=-12.0deg 1/3 stats",2025-10-27 07:08:12,2025-10-27 07:08:36,00:00:23,0.03,4.65,0.0,4.65,0.07,0.0,-12.0,/SNS/CNCS/IPTS-37274/nexus/CNCS_668328.nxs.h5
668327,108367,YbZn2GaO5,"YZGO, MAG9, Ei=4.65meV, T=0.07K, B=0.0T w=-12.5deg 1/3 stats",2025-10-27 07:07:44,2025-10-27 07:08:09,00:00:24,0.03,4.65,0.0,4.65,0.07,0.0,-12.5,/SNS/CNCS/IPTS-37274/nexus/CNCS_668327.nxs.h5
668326,108367,YbZn2GaO5,"YZGO, MAG9, Ei=4.65meV, T=0.07K, B=0.0T w=-13.0deg 1/3 stats",2025-10-27 07:07:17,2025-10-27 07:07:41,00:00:23,0.03,4.65,0.0,4.65,0.07,0.0,-13.0,/SNS/CNCS/IPTS-37274/nexus/CNCS_668326.nxs.h5
668325,108367,YbZn2GaO5,"YZGO, MAG9, Ei=4.65meV, T=0.07K, B=0.0T w=-13.5deg 1/3 stats",2025-10-27 07:06:50,2025-10-27 07:07:13,00:00:23,0.03,4.65,0.0,4.65,0.07,0.0,-13.5,/SNS/CNCS/IPTS-37274/nexus/CNCS_668325.nxs.h5
668324,108367,YbZn2GaO5,"YZGO, MAG9, Ei=4.65meV, T=0.07K, B=0.0T w=-14.0deg 1/3 stats",2025-10-27 07:06:22,2025-10-27 07:06:46,00:00:23,0.03,4.65,0.0,4.65,0.07,0.0,-14.0,/SNS/CNCS/IPTS-37274/nexus/CNCS_668324.nxs.h5
668323,108367,YbZn2GaO5,"YZGO, MAG9, Ei=4.65meV, T=0.07K, B=0.0T w=-14.5deg 1/3 stats",2025-10-27 07:05:55,2025-10-27 07:06:19,00:00:23,0.03,4.65,0.0,4.65,0.07,0.0,-14.5,/SNS/CNCS/IPTS-37274/nexus/CNCS_668323.nxs.h5
668322,108367,YbZn2GaO5,"YZGO, MAG9, Ei=4.65meV, T=0.07K, B=0.0T w=-15.0deg 1/3 stats",2025-10-27 07:05:28,2025-10-27 07:05:51,00:00:23,0.03,4.65,0.0,4.65,0.07,0.0,-15.0,/SNS/CNCS/IPTS-37274/nexus/CNCS_668322.nxs.h5
668321,108367,YbZn2GaO5,"YZGO, MAG9, Ei=4.65meV, T=0.07K, B=0.0T w=-15.5deg 1/3 stats",2025-10-27 07:05:01,2025-10-27 07:05:24,00:00:23,0.03,4.65,0.0,4.65,0.07,0.0,-15.5,/SNS/CNCS/IPTS-37274/nexus/CNCS_668321.nxs.h5
668320,108367,YbZn2GaO5,"YZGO, MAG9, Ei=4.65meV, T=0.07K, B=0.0T w=-16.0deg 1/3 stats",2025-10-27 07:04:33,2025-10-27 07:04:57,00:00:23,0.03,4.65,0.0,4.65,0.07,0.0,-16.0,/SNS/CNCS/IPTS-37274/nexus/CNCS_668320.nxs.h5
668319,108367,YbZn2GaO5,"YZGO, MAG9, Ei=4.65meV, T=0.07K, B=0.0T w=-16.5deg 1/3 stats",2025-10-27 07:04:06,2025-10-27 07:04:30,00:00:23,0.03,4.65,0.0,4.65,0.07,0.0,-16.5,/SNS/CNCS/IPTS-37274/nexus/CNCS_668319.nxs.h5
668318,108367,YbZn2GaO5,"YZGO, MAG9, Ei=4.65meV, T=0.07K, B=0.0T w=-17.0deg 1/3 stats",2025-10-27 07:03:39,2025-10-27 07:04:02,00:00:23,0.03,4.65,0.0,4.65,0.07,0.0,-17.0,/SNS/CNCS/IPTS-37274/nexus/CNCS_668318.nxs.h5
668317,108367,YbZn2GaO5,"YZGO, MAG9, Ei=4.65meV, T=0.07K, B=0.0T w=-17.5deg 1/3 stats",2025-10-27 07:03:11,2025-10-27 07:03:35,00:00:23,0.03,4.65,0.0,4.65,0.07,0.0,-17.5,/SNS/CNCS/IPTS-37274/nexus/CNCS_668317.nxs.h5
668316,108367,YbZn2GaO5,"YZGO, MAG9, Ei=4.65meV, T=0.07K, B=0.0T w=-18.0deg 1/3 stats",2025-10-27 07:02:44,2025-10-27 07:03:08,00:00:23,0.03,4.65,0.0,4.65,0.07,0.0,-18.0,/SNS/CNCS/IPTS-37274/nexus/CNCS_668316.nxs.h5
668315,108367,YbZn2GaO5,"YZGO, MAG9, Ei=4.65meV, T=0.07K, B=0.0T w=-18.5deg 1/3 stats",2025-10-27 07:02:17,2025-10-27 07:02:40,00:00:23,0.03,4.65,0.0,4.65,0.07,0.0,-18.5,/SNS/CNCS/IPTS-37274/nexus/CNCS_668315.nxs.h5
668314,108367,YbZn2GaO5,"YZGO, MAG9, Ei=4.65meV, T=0.07K, B=0.0T w=-19.0deg 1/3 stats",2025-10-27 07:01:49,2025-10-27 07:02:13,00:00:23,0.03,4.65,0.0,4.65,0.07,0.0,-19.0,/SNS/CNCS/IPTS-37274/nexus/CNCS_668314.nxs.h5
668313,108367,YbZn2GaO5,"YZGO, MAG9, Ei=4.65meV, T=0.07K, B=0.0T w=-19.5deg 1/3 stats",2025-10-27 07:01:22,2025-10-27 07:01:46,00:00:23,0.03,4.65,0.0,4.65,0.07,0.0,-19.5,/SNS/CNCS/IPTS-37274/nexus/CNCS_668313.nxs.h5
668312,108367,YbZn2GaO5,"YZGO, MAG9, Ei=4.65meV, T=0.07K, B=0.0T w=-20.0deg 1/3 stats",2025-10-27 07:00:55,2025-10-27 07:01:18,00:00:23,0.03,4.65,0.0,4.65,0.07,0.0,-20.0,/SNS/CNCS/IPTS-37274/nexus/CNCS_668312.nxs.h5
668311,108367,YbZn2GaO5,"YZGO, MAG9, Ei=4.65meV, T=0.07K, B=0.0T w=-20.5deg 1/3 stats",2025-10-27 07:00:27,2025-10-27 07:00:51,00:00:23,0.03,4.65,0.0,4.65,0.07,0.0,-20.5,/SNS/CNCS/IPTS-37274/nexus/CNCS_668311.nxs.h5
668310,108367,YbZn2GaO5,"YZGO, MAG9, Ei=4.65meV, T=0.07K, B=0.0T w=-21.0deg 1/3 stats",2025-10-27 07:00:00,2025-10-27 07:00:24,00:00:23,0.03,4.65,0.0,4.65,0.07,0.0,-21.0,/SNS/CNCS/IPTS-37274/nexus/CNCS_668310.nxs.h5
668309,108367,YbZn2GaO5,"YZGO, MAG9, Ei=4.65meV, T=0.07K, B=0.0T w=-21.5deg 1/3 stats",2025-10-27 06:59:33,2025-10-27 06:59:56,00:00:23,0.03,4.65,0.0,4.65,0.07,0.0,-21.5,/SNS/CNCS/IPTS-37274/nexus/CNCS_668309.nxs.h5
668308,108367,YbZn2GaO5,"YZGO, MAG9, Ei=4.65meV, T=0.07K, B=0.0T w=-22.0deg 1/3 stats",2025-10-27 06:59:05,2025-10-27 06:59:29,00:00:23,0.03,4.65,0.0,4.65,0.07,0.0,-22.0,/SNS/CNCS/IPTS-37274/nexus/CNCS_668308.nxs.h5
668307,108367,YbZn2GaO5,"YZGO, MAG9, Ei=4.65meV, T=0.07K, B=0.0T w=-22.5deg 1/3 stats",2025-10-27 06:58:38,2025-10-27 06:59:02,00:00:23,0.03,4.65,0.0,4.65,0.07,0.0,-22.5,/SNS/CNCS/IPTS-37274/nexus/CNCS_668307.nxs.h5
668306,108367,YbZn2GaO5,"YZGO, MAG9, Ei=4.65meV, T=0.07K, B=0.0T w=-23.0deg 1/3 stats",2025-10-27 06:58:11,2025-10-27 06:58:34,00:00:23,0.03,4.65,0.0,4.65,0.07,0.0,-23.0,/SNS/CNCS/IPTS-37274/nexus/CNCS_668306.nxs.h5
668305,108367,YbZn2GaO5,"YZGO, MAG9, Ei=4.65meV, T=0.07K, B=0.0T w=-23.5deg 1/3 stats",2025-10-27 06:57:43,2025-10-27 06:58:07,00:00:23,0.03,4.65,0.0,4.65,0.07,0.0,-23.5,/SNS/CNCS/IPTS-37274/nexus/CNCS_668305.nxs.h5
668304,108367,YbZn2GaO5,"YZGO, MAG9, Ei=4.65meV, T=0.07K, B=0.0T w=-24.0deg 1/3 stats",2025-10-27 06:57:16,2025-10-27 06:57:40,00:00:23,0.03,4.65,0.0,4.65,0.07,0.0,-24.0,/SNS/CNCS/IPTS-37274/nexus/CNCS_668304.nxs.h5
668303,108367,YbZn2GaO5,"YZGO, MAG9, Ei=4.65meV, T=0.07K, B=0.0T w=-24.5deg 1/3 stats",2025-10-27 06:56:49,2025-10-27 06:57:12,00:00:23,0.03,4.65,0.0,4.65,0.07,0.0,-24.5,/SNS/CNCS/IPTS-37274/nexus/CNCS_668303.nxs.h5
668302,108367,YbZn2GaO5,"YZGO, MAG9, Ei=4.65meV, T=0.07K, B=0.0T w=-25.0deg 1/3 stats",2025-10-27 06:56:21,2025-10-27 06:56:45,00:00:23,0.03,4.65,0.0,4.65,0.07,0.0,-25.0,/SNS/CNCS/IPTS-37274/nexus/CNCS_668302.nxs.h5
668301,108367,YbZn2GaO5,"YZGO, MAG9, Ei=4.65meV, T=0.07K, B=0.0T w=-25.5deg 1/3 stats",2025-10-27 06:55:54,2025-10-27 06:56:18,00:00:23,0.03,4.65,0.0,4.65,0.07,0.0,-25.5,/SNS/CNCS/IPTS-37274/nexus/CNCS_668301.nxs.h5
668300,108367,YbZn2GaO5,"YZGO, MAG9, Ei=4.65meV, T=0.07K, B=0.0T w=-26.0deg 1/3 stats",2025-10-27 06:55:27,2025-10-27 06:55:50,00:00:23,0.03,4.65,0.0,4.65,0.07,0.0,-26.0,/SNS/CNCS/IPTS-37274/nexus/CNCS_668300.nxs.h5
668299,108367,YbZn2GaO5,"YZGO, MAG9, Ei=4.65meV, T=0.07K, B=0.0T w=-26.5deg 1/3 stats",2025-10-27 06:54:59,2025-10-27 06:55:23,00:00:23,0.03,4.65,0.0,4.65,0.07,0.0,-26.5,/SNS/CNCS/IPTS-37274/nexus/CNCS_668299.nxs.h5
668298,108367,YbZn2GaO5,"YZGO, MAG9, Ei=4.65meV, T=0.07K, B=0.0T w=-27.0deg 1/3 stats",2025-10-27 06:54:32,2025-10-27 06:54:56,00:00:23,0.03,4.65,0.0,4.65,0.07,0.0,-27.0,/SNS/CNCS/IPTS-37274/nexus/CNCS_668298.nxs.h5
668297,108367,YbZn2GaO5,"YZGO, MAG9, Ei=4.65meV, T=0.07K, B=0.0T w=-27.5deg 1/3 stats",2025-10-27 06:54:05,2025-10-27 06:54:29,00:00:23,0.03,4.65,0.0,4.65,0.07,0.0,-27.5,/SNS/CNCS/IPTS-37274/nexus/CNCS_668297.nxs.h5
668296,108367,YbZn2GaO5,"YZGO, MAG9, Ei=4.65meV, T=0.07K, B=0.0T w=-28.0deg 1/3 stats",2025-10-27 06:53:37,2025-10-27 06:54:01,00:00:23,0.03,4.65,0.0,4.65,0.07,0.0,-28.0,/SNS/CNCS/IPTS-37274/nexus/CNCS_668296.nxs.h5
668295,108367,YbZn2GaO5,"YZGO, MAG9, Ei=4.65meV, T=0.07K, B=0.0T w=-28.5deg 1/3 stats",2025-10-27 06:53:10,2025-10-27 06:53:34,00:00:23,0.03,4.65,0.0,4.65,0.07,0.0,-28.5,/SNS/CNCS/IPTS-37274/nexus/CNCS_668295.nxs.h5
668294,108367,YbZn2GaO5,"YZGO, MAG9, Ei=4.65meV, T=0.07K, B=0.0T w=-29.0deg 1/3 stats",2025-10-27 06:52:43,2025-10-27 06:53:07,00:00:23,0.03,4.65,0.0,4.65,0.07,0.0,-29.0,/SNS/CNCS/IPTS-37274/nexus/CNCS_668294.nxs.h5
668293,108367,YbZn2GaO5,"YZGO, MAG9, Ei=4.65meV, T=0.07K, B=0.0T w=-29.5deg 1/3 stats",2025-10-27 06:52:16,2025-10-27 06:52:39,00:00:23,0.03,4.65,0.0,4.65,0.07,0.0,-29.5,/SNS/CNCS/IPTS-37274/nexus/CNCS_668293.nxs.h5
668292,108367,YbZn2GaO5,"YZGO, MAG9, Ei=4.65meV, T=0.07K, B=0.0T w=-30.0deg 1/3 stats",2025-10-27 06:51:48,2025-10-27 06:52:12,00:00:23,0.03,4.65,0.0,4.65,0.07,0.0,-30.0,/SNS/CNCS/IPTS-37274/nexus/CNCS_668292.nxs.h5
668291,108367,YbZn2GaO5,"YZGO, MAG9, Ei=4.65meV, T=0.07K, B=0.0T w=-30.5deg 1/3 stats",2025-10-27 06:51:21,2025-10-27 06:51:45,00:00:23,0.03,4.65,0.0,4.65,0.07,0.0,-30.5,/SNS/CNCS/IPTS-37274/nexus/CNCS_668291.nxs.h5
668290,108367,YbZn2GaO5,"YZGO, MAG9, Ei=4.65meV, T=0.07K, B=0.0T w=-31.0deg 1/3 stats",2025-10-27 06:50:54,2025-10-27 06:51:17,00:00:23,0.03,4.65,0.0,4.65,0.07,0.0,-31.0,/SNS/CNCS/IPTS-37274/nexus/CNCS_668290.nxs.h5
668289,108367,YbZn2GaO5,"YZGO, MAG9, Ei=4.65meV, T=0.07K, B=0.0T w=-31.5deg 1/3 stats",2025-10-27 06:50:26,2025-10-27 06:50:50,00:00:23,0.03,4.65,0.0,4.65,0.07,0.0,-31.5,/SNS/CNCS/IPTS-37274/nexus/CNCS_668289.nxs.h5
668288,108367,YbZn2GaO5,"YZGO, MAG9, Ei=4.65meV, T=0.07K, B=0.0T w=-32.0deg 1/3 stats",2025-10-27 06:49:59,2025-10-27 06:50:23,00:00:23,0.03,4.65,0.0,4.65,0.07,0.0,-32.0,/SNS/CNCS/IPTS-37274/nexus/CNCS_668288.nxs.h5
668287,108367,YbZn2GaO5,"YZGO, MAG9, Ei=4.65meV, T=0.07K, B=0.0T w=-32.5deg 1/3 stats",2025-10-27 06:49:32,2025-10-27 06:49:55,00:00:23,0.03,4.65,0.0,4.65,0.07,0.0,-32.5,/SNS/CNCS/IPTS-37274/nexus/CNCS_668287.nxs.h5
668286,108367,YbZn2GaO5,"YZGO, MAG9, Ei=4.65meV, T=0.07K, B=0.0T w=-33.0deg 1/3 stats",2025-10-27 06:49:04,2025-10-27 06:49:28,00:00:23,0.03,4.65,0.0,4.65,0.07,0.0,-33.0,/SNS/CNCS/IPTS-37274/nexus/CNCS_668286.nxs.h5
668285,108367,YbZn2GaO5,"YZGO, MAG9, Ei=4.65meV, T=0.07K, B=0.0T w=-33.5deg 1/3 stats",2025-10-27 06:48:37,2025-10-27 06:49:01,00:00:23,0.03,4.65,0.0,4.65,0.07,0.0,-33.5,/SNS/CNCS/IPTS-37274/nexus/CNCS_668285.nxs.h5
668284,108367,YbZn2GaO5,"YZGO, MAG9, Ei=4.65meV, T=0.07K, B=0.0T w=-34.0deg 1/3 stats",2025-10-27 06:48:10,2025-10-27 06:48:33,00:00:23,0.03,4.65,0.0,4.65,0.07,0.0,-34.0,/SNS/CNCS/IPTS-37274/nexus/CNCS_668284.nxs.h5
668283,108367,YbZn2GaO5,"YZGO, MAG9, Ei=4.65meV, T=0.07K, B=0.0T w=-34.5deg 1/3 stats",2025-10-27 06:47:42,2025-10-27 06:48:06,00:00:23,0.03,4.65,0.0,4.65,0.07,0.0,-34.5,/SNS/CNCS/IPTS-37274/nexus/CNCS_668283.nxs.h5
668282,108367,YbZn2GaO5,"YZGO, MAG9, Ei=4.65meV, T=0.07K, B=0.0T w=-35.0deg 1/3 stats",2025-10-27 06:47:15,2025-10-27 06:47:39,00:00:23,0.03,4.65,0.0,4.65,0.07,0.0,-35.0,/SNS/CNCS/IPTS-37274/nexus/CNCS_668282.nxs.h5
668281,108367,YbZn2GaO5,"YZGO, MAG9, Ei=4.65meV, T=0.07K, B=0.0T w=-35.5deg 1/3 stats",2025-10-27 06:46:48,2025-10-27 06:47:11,00:00:23,0.03,4.65,0.0,4.65,0.07,0.0,-35.5,/SNS/CNCS/IPTS-37274/nexus/CNCS_668281.nxs.h5
668280,108367,YbZn2GaO5,"YZGO, MAG9, Ei=4.65meV, T=0.07K, B=0.0T w=-36.0deg 1/3 stats",2025-10-27 06:46:21,2025-10-27 06:46:44,00:00:23,0.03,4.65,0.0,4.65,0.07,0.0,-36.0,/SNS/CNCS/IPTS-37274/nexus/CNCS_668280.nxs.h5
668279,108367,YbZn2GaO5,"YZGO, MAG9, Ei=4.65meV, T=0.07K, B=0.0T w=-36.5deg 1/3 stats",2025-10-27 06:45:53,2025-10-27 06:46:17,00:00:23,0.03,4.65,0.0,4.65,0.07,0.0,-36.5,/SNS/CNCS/IPTS-37274/nexus/CNCS_668279.nxs.h5
668278,108367,YbZn2GaO5,"YZGO, MAG9, Ei=4.65meV, T=0.07K, B=0.0T w=-37.0deg 1/3 stats",2025-10-27 06:45:26,2025-10-27 06:45:50,00:00:23,0.03,4.65,0.0,4.65,0.07,0.0,-37.0,/SNS/CNCS/IPTS-37274/nexus/CNCS_668278.nxs.h5
668277,108367,YbZn2GaO5,"YZGO, MAG9, Ei=4.65meV, T=0.07K, B=0.0T w=-37.5deg 1/3 stats",2025-10-27 06:44:59,2025-10-27 06:45:22,00:00:23,0.03,4.65,0.0,4.65,0.07,0.0,-37.5,/SNS/CNCS/IPTS-37274/nexus/CNCS_668277.nxs.h5
668276,108367,YbZn2GaO5,"YZGO, MAG9, Ei=4.65meV, T=0.07K, B=0.0T w=-38.0deg 1/3 stats",2025-10-27 06:44:31,2025-10-27 06:44:55,00:00:23,0.03,4.65,0.0,4.65,0.07,0.0,-38.0,/SNS/CNCS/IPTS-37274/nexus/CNCS_668276.nxs.h5
668275,108367,YbZn2GaO5,"YZGO, MAG9, Ei=4.65meV, T=0.07K, B=0.0T w=-38.5deg 1/3 stats",2025-10-27 06:44:04,2025-10-27 06:44:28,00:00:23,0.03,4.65,0.0,4.65,0.07,0.0,-38.5,/SNS/CNCS/IPTS-37274/nexus/CNCS_668275.nxs.h5
668274,108367,YbZn2GaO5,"YZGO, MAG9, Ei=4.65meV, T=0.07K, B=0.0T w=-39.0deg 1/3 stats",2025-10-27 06:43:37,2025-10-27 06:44:00,00:00:23,0.03,4.65,0.0,4.65,0.07,0.0,-39.0,/SNS/CNCS/IPTS-37274/nexus/CNCS_668274.nxs.h5
668273,108367,YbZn2GaO5,"YZGO, MAG9, Ei=4.65meV, T=0.07K, B=0.0T w=-39.5deg 1/3 stats",2025-10-27 06:43:09,2025-10-27 06:43:33,00:00:23,0.03,4.65,0.0,4.65,0.07,0.0,-39.5,/SNS/CNCS/IPTS-37274/nexus/CNCS_668273.nxs.h5
668272,108367,YbZn2GaO5,"YZGO, MAG9, Ei=4.65meV, T=0.07K, B=0.0T w=-40.0deg 1/3 stats",2025-10-27 06:42:42,2025-10-27 06:43:06,00:00:23,0.03,4.65,0.0,4.65,0.07,0.0,-40.0,/SNS/CNCS/IPTS-37274/nexus/CNCS_668272.nxs.h5
668271,108367,YbZn2GaO5,"YZGO, MAG9, Ei=4.65meV, T=0.07K, B=0.0T w=-40.5deg 1/3 stats",2025-10-27 06:42:15,2025-10-27 06:42:38,00:00:23,0.03,4.65,0.0,4.65,0.07,0.0,-40.5,/SNS/CNCS/IPTS-37274/nexus/CNCS_668271.nxs.h5
668270,108367,YbZn2GaO5,"YZGO, MAG9, Ei=4.65meV, T=0.07K, B=0.0T w=-41.0deg 1/3 stats",2025-10-27 06:41:47,2025-10-27 06:42:11,00:00:23,0.03,4.65,0.0,4.65,0.07,0.0,-41.0,/SNS/CNCS/IPTS-37274/nexus/CNCS_668270.nxs.h5
668269,108367,YbZn2GaO5,"YZGO, MAG9, Ei=4.65meV, T=0.07K, B=0.0T w=-41.5deg 1/3 stats",2025-10-27 06:41:20,2025-10-27 06:41:44,00:00:23,0.03,4.65,0.0,4.65,0.07,0.0,-41.5,/SNS/CNCS/IPTS-37274/nexus/CNCS_668269.nxs.h5
668268,108367,YbZn2GaO5,"YZGO, MAG9, Ei=4.65meV, T=0.07K, B=0.0T w=-42.0deg 1/3 stats",2025-10-27 06:40:53,2025-10-27 06:41:16,00:00:23,0.03,4.65,0.0,4.65,0.07,0.0,-42.0,/SNS/CNCS/IPTS-37274/nexus/CNCS_668268.nxs.h5
668267,108367,YbZn2GaO5,"YZGO, MAG9, Ei=4.65meV, T=0.07K, B=0.0T w=-42.5deg 1/3 stats",2025-10-27 06:40:25,2025-10-27 06:40:49,00:00:23,0.03,4.65,0.0,4.65,0.07,0.0,-42.5,/SNS/CNCS/IPTS-37274/nexus/CNCS_668267.nxs.h5
668266,108367,YbZn2GaO5,"YZGO, MAG9, Ei=4.65meV, T=0.07K, B=0.0T w=-43.0deg 1/3 stats",2025-10-27 06:39:58,2025-10-27 06:40:22,00:00:23,0.03,4.65,0.0,4.65,0.07,0.0,-43.0,/SNS/CNCS/IPTS-37274/nexus/CNCS_668266.nxs.h5
668265,108367,YbZn2GaO5,"YZGO, MAG9, Ei=4.65meV, T=0.07K, B=0.0T w=-43.5deg 1/3 stats",2025-10-27 06:39:31,2025-10-27 06:39:54,00:00:23,0.03,4.65,0.0,4.65,0.07,0.0,-43.5,/SNS/CNCS/IPTS-37274/nexus/CNCS_668265.nxs.h5
668264,108367,YbZn2GaO5,"YZGO, MAG9, Ei=4.65meV, T=0.07K, B=0.0T w=-44.0deg 1/3 stats",2025-10-27 06:39:03,2025-10-27 06:39:27,00:00:23,0.03,4.65,0.0,4.65,0.07,0.0,-44.0,/SNS/CNCS/IPTS-37274/nexus/CNCS_668264.nxs.h5
668263,108367,YbZn2GaO5,"YZGO, MAG9, Ei=4.65meV, T=0.07K, B=0.0T w=-44.5deg 1/3 stats",2025-10-27 06:38:36,2025-10-27 06:39:00,00:00:23,0.03,4.65,0.0,4.65,0.07,0.0,-44.5,/SNS/CNCS/IPTS-37274/nexus/CNCS_668263.nxs.h5
668262,108367,YbZn2GaO5,"YZGO, MAG9, Ei=4.65meV, T=0.07K, B=0.0T w=-45.0deg 1/3 stats",2025-10-27 06:38:09,2025-10-27 06:38:32,00:00:23,0.03,4.65,0.0,4.65,0.07,0.0,-45.0,/SNS/CNCS/IPTS-37274/nexus/CNCS_668262.nxs.h5
668261,108367,YbZn2GaO5,"YZGO, MAG9, Ei=4.65meV, T=0.07K, B=0.0T w=-45.5deg 1/3 stats",2025-10-27 06:37:41,2025-10-27 06:38:05,00:00:23,0.03,4.65,0.0,4.65,0.07,0.0,-45.5,/SNS/CNCS/IPTS-37274/nexus/CNCS_668261.nxs.h5
668260,108367,YbZn2GaO5,"YZGO, MAG9, Ei=4.65meV, T=0.07K, B=0.0T w=-46.0deg 1/3 stats",2025-10-27 06:37:14,2025-10-27 06:37:38,00:00:23,0.03,4.65,0.0,4.65,0.07,0.0,-46.0,/SNS/CNCS/IPTS-37274/nexus/CNCS_668260.nxs.h5
668259,108367,YbZn2GaO5,"YZGO, MAG9, Ei=4.65meV, T=0.07K, B=0.0T w=-46.5deg 1/3 stats",2025-10-27 06:36:47,2025-10-27 06:37:11,00:00:23,0.03,4.65,0.0,4.65,0.07,0.0,-46.5,/SNS/CNCS/IPTS-37274/nexus/CNCS_668259.nxs.h5
668258,108367,YbZn2GaO5,"YZGO, MAG9, Ei=4.65meV, T=0.07K, B=0.0T w=-47.0deg 1/3 stats",2025-10-27 06:36:19,2025-10-27 06:36:43,00:00:23,0.03,4.65,0.0,4.65,0.07,0.0,-47.0,/SNS/CNCS/IPTS-37274/nexus/CNCS_668258.nxs.h5
668257,108367,YbZn2GaO5,"YZGO, MAG9, Ei=4.65meV, T=0.07K, B=0.0T w=-47.5deg 1/3 stats",2025-10-27 06:35:52,2025-10-27 06:36:16,00:00:23,0.03,4.65,0.0,4.65,0.07,0.0,-47.5,/SNS/CNCS/IPTS-37274/nexus/CNCS_668257.nxs.h5
668256,108367,YbZn2GaO5,"YZGO, MAG9, Ei=4.65meV, T=0.07K, B=0.0T w=-48.0deg 1/3 stats",2025-10-27 06:35:25,2025-10-27 06:35:48,00:00:23,0.03,4.65,0.0,4.65,0.07,0.0,-48.0,/SNS/CNCS/IPTS-37274/nexus/CNCS_668256.nxs.h5
668255,108367,YbZn2GaO5,"YZGO, MAG9, Ei=4.65meV, T=0.07K, B=0.0T w=-48.5deg 1/3 stats",2025-10-27 06:34:57,2025-10-27 06:35:21,00:00:23,0.03,4.65,0.0,4.65,0.07,0.0,-48.5,/SNS/CNCS/IPTS-37274/nexus/CNCS_668255.nxs.h5
668254,108367,YbZn2GaO5,"YZGO, MAG9, Ei=4.65meV, T=0.07K, B=0.0T w=-49.0deg 1/3 stats",2025-10-27 06:34:30,2025-10-27 06:34:54,00:00:23,0.03,4.65,0.0,4.65,0.07,0.0,-49.0,/SNS/CNCS/IPTS-37274/nexus/CNCS_668254.nxs.h5
668253,108367,YbZn2GaO5,"YZGO, MAG9, Ei=4.65meV, T=0.07K, B=0.0T w=-49.5deg 1/3 stats",2025-10-27 06:34:03,2025-10-27 06:34:26,00:00:23,0.03,4.65,0.0,4.65,0.07,0.0,-49.5,/SNS/CNCS/IPTS-37274/nexus/CNCS_668253.nxs.h5
668252,108367,YbZn2GaO5,"YZGO, MAG9, Ei=4.65meV, T=0.07K, B=0.0T w=-50.0deg 1/3 stats",2025-10-27 06:33:35,2025-10-27 06:33:59,00:00:23,0.03,4.65,0.0,4.65,0.07,0.0,-50.0,/SNS/CNCS/IPTS-37274/nexus/CNCS_668252.nxs.h5
668251,108367,YbZn2GaO5,"YZGO, MAG9, Ei=4.65meV, T=0.07K, B=0.0T w=-50.5deg 1/3 stats",2025-10-27 06:33:08,2025-10-27 06:33:32,00:00:23,0.03,4.65,0.0,4.65,0.07,0.0,-50.5,/SNS/CNCS/IPTS-37274/nexus/CNCS_668251.nxs.h5
668250,108367,YbZn2GaO5,"YZGO, MAG9, Ei=4.65meV, T=0.07K, B=0.0T w=-51.0deg 1/3 stats",2025-10-27 06:32:41,2025-10-27 06:33:05,00:00:23,0.03,4.65,0.0,4.65,0.07,0.0,-51.0,/SNS/CNCS/IPTS-37274/nexus/CNCS_668250.nxs.h5
668249,108367,YbZn2GaO5,"YZGO, MAG9, Ei=4.65meV, T=0.07K, B=0.0T w=-51.5deg 1/3 stats",2025-10-27 06:32:14,2025-10-27 06:32:37,00:00:23,0.03,4.65,0.0,4.65,0.07,0.0,-51.5,/SNS/CNCS/IPTS-37274/nexus/CNCS_668249.nxs.h5
668248,108367,YbZn2GaO5,"YZGO, MAG9, Ei=4.65meV, T=0.07K, B=0.0T w=-52.0deg 1/3 stats",2025-10-27 06:31:46,2025-10-27 06:32:10,00:00:23,0.03,4.65,0.0,4.65,0.07,0.0,-52.0,/SNS/CNCS/IPTS-37274/nexus/CNCS_668248.nxs.h5
668247,108367,YbZn2GaO5,"YZGO, MAG9, Ei=4.65meV, T=0.07K, B=0.0T w=-52.5deg 1/3 stats",2025-10-27 06:31:19,2025-10-27 06:31:43,00:00:23,0.03,4.65,0.0,4.65,0.07,0.0,-52.5,/SNS/CNCS/IPTS-37274/nexus/CNCS_668247.nxs.h5
668246,108367,YbZn2GaO5,"YZGO, MAG9, Ei=4.65meV, T=0.07K, B=0.0T w=-53.0deg 1/3 stats",2025-10-27 06:30:52,2025-10-27 06:31:15,00:00:23,0.03,4.65,0.0,4.65,0.07,0.0,-53.0,/SNS/CNCS/IPTS-37274/nexus/CNCS_668246.nxs.h5
668245,108367,YbZn2GaO5,"YZGO, MAG9, Ei=4.65meV, T=0.07K, B=0.0T w=-53.5deg 1/3 stats",2025-10-27 06:30:24,2025-10-27 06:30:48,00:00:23,0.03,4.65,0.0,4.65,0.07,0.0,-53.5,/SNS/CNCS/IPTS-37274/nexus/CNCS_668245.nxs.h5
668244,108367,YbZn2GaO5,"YZGO, MAG9, Ei=4.65meV, T=0.07K, B=0.0T w=-54.0deg 1/3 stats",2025-10-27 06:29:56,2025-10-27 06:30:20,00:00:24,0.03,4.65,0.0,4.65,0.07,0.0,-54.0,/SNS/CNCS/IPTS-37274/nexus/CNCS_668244.nxs.h5
668243,108367,YbZn2GaO5,"YZGO, MAG9, Ei=4.65meV, T=0.07K, B=0.0T w=-54.5deg 1/3 stats",2025-10-27 06:29:29,2025-10-27 06:29:53,00:00:23,0.03,4.65,0.0,4.65,0.07,0.0,-54.5,/SNS/CNCS/IPTS-37274/nexus/CNCS_668243.nxs.h5
668242,108367,YbZn2GaO5,"YZGO, MAG9, Ei=4.65meV, T=0.07K, B=0.0T w=-55.0deg 1/3 stats",2025-10-27 06:29:02,2025-10-27 06:29:25,00:00:23,0.03,4.65,0.0,4.65,0.07,0.0,-55.0,/SNS/CNCS/IPTS-37274/nexus/CNCS_668242.nxs.h5
668241,108367,YbZn2GaO5,"YZGO, MAG9, Ei=4.65meV, T=0.07K, B=0.0T w=-55.5deg 1/3 stats",2025-10-27 06:28:34,2025-10-27 06:28:58,00:00:23,0.03,4.65,0.0,4.65,0.07,0.0,-55.5,/SNS/CNCS/IPTS-37274/nexus/CNCS_668241.nxs.h5
668240,108367,YbZn2GaO5,"YZGO, MAG9, Ei=4.65meV, T=0.07K, B=0.0T w=-56.0deg 1/3 stats",2025-10-27 06:28:07,2025-10-27 06:28:31,00:00:23,0.03,4.65,0.0,4.65,0.07,0.0,-56.0,/SNS/CNCS/IPTS-37274/nexus/CNCS_668240.nxs.h5
668239,108367,YbZn2GaO5,"YZGO, MAG9, Ei=4.65meV, T=0.07K, B=0.0T w=-56.5deg 1/3 stats",2025-10-27 06:27:40,2025-10-27 06:28:03,00:00:23,0.03,4.65,0.0,4.65,0.07,0.0,-56.5,/SNS/CNCS/IPTS-37274/nexus/CNCS_668239.nxs.h5
668238,108367,YbZn2GaO5,"YZGO, MAG9, Ei=4.65meV, T=0.07K, B=0.0T w=-57.0deg 1/3 stats",2025-10-27 06:27:12,2025-10-27 06:27:36,00:00:23,0.03,4.65,0.0,4.65,0.07,0.0,-57.0,/SNS/CNCS/IPTS-37274/nexus/CNCS_668238.nxs.h5
668237,108367,YbZn2GaO5,"YZGO, MAG9, Ei=4.65meV, T=0.07K, B=0.0T w=-57.5deg 1/3 stats",2025-10-27 06:26:45,2025-10-27 06:27:09,00:00:23,0.03,4.65,0.0,4.65,0.07,0.0,-57.5,/SNS/CNCS/IPTS-37274/nexus/CNCS_668237.nxs.h5
668236,108367,YbZn2GaO5,"YZGO, MAG9, Ei=4.65meV, T=0.07K, B=0.0T w=-58.0deg 1/3 stats",2025-10-27 06:26:18,2025-10-27 06:26:41,00:00:23,0.03,4.65,0.0,4.65,0.07,0.0,-58.0,/SNS/CNCS/IPTS-37274/nexus/CNCS_668236.nxs.h5
668235,108367,YbZn2GaO5,"YZGO, MAG9, Ei=4.65meV, T=0.07K, B=0.0T w=-58.5deg 1/3 stats",2025-10-27 06:25:50,2025-10-27 06:26:14,00:00:23,0.03,4.65,0.0,4.65,0.07,0.0,-58.5,/SNS/CNCS/IPTS-37274/nexus/CNCS_668235.nxs.h5
668234,108367,YbZn2GaO5,"YZGO, MAG9, Ei=4.65meV, T=0.07K, B=0.0T w=-59.0deg 1/3 stats",2025-10-27 06:25:23,2025-10-27 06:25:47,00:00:23,0.03,4.65,0.0,4.65,0.07,0.0,-59.0,/SNS/CNCS/IPTS-37274/nexus/CNCS_668234.nxs.h5
668233,108367,YbZn2GaO5,"YZGO, MAG9, Ei=4.65meV, T=0.07K, B=0.0T w=-59.5deg 1/3 stats",2025-10-27 06:24:56,2025-10-27 06:25:19,00:00:23,0.03,4.65,0.0,4.65,0.07,0.0,-59.5,/SNS/CNCS/IPTS-37274/nexus/CNCS_668233.nxs.h5
668232,108367,YbZn2GaO5,"YZGO, MAG9, Ei=4.65meV, T=0.07K, B=0.0T w=-60.0deg 1/3 stats",2025-10-27 06:24:28,2025-10-27 06:24:52,00:00:23,0.03,4.65,0.0,4.65,0.07,0.0,-60.0,/SNS/CNCS/IPTS-37274/nexus/CNCS_668232.nxs.h5
668231,108367,YbZn2GaO5,"YZGO, MAG9, Ei=4.65meV, T=0.07K, B=0.0T w=-60.5deg 1/3 stats",2025-10-27 06:24:01,2025-10-27 06:24:25,00:00:23,0.03,4.65,0.0,4.65,0.07,0.0,-60.5,/SNS/CNCS/IPTS-37274/nexus/CNCS_668231.nxs.h5
668230,108367,YbZn2GaO5,"YZGO, MAG9, Ei=4.65meV, T=0.07K, B=0.0T w=-61.0deg 1/3 stats",2025-10-27 06:23:34,2025-10-27 06:23:57,00:00:23,0.03,4.65,0.0,4.65,0.07,0.0,-61.0,/SNS/CNCS/IPTS-37274/nexus/CNCS_668230.nxs.h5
668229,108367,YbZn2GaO5,"YZGO, MAG9, Ei=4.65meV, T=0.07K, B=0.0T w=-61.5deg 1/3 stats",2025-10-27 06:23:06,2025-10-27 06:23:30,00:00:23,0.03,4.65,0.0,4.65,0.07,0.0,-61.5,/SNS/CNCS/IPTS-37274/nexus/CNCS_668229.nxs.h5
668228,108367,YbZn2GaO5,"YZGO, MAG9, Ei=4.65meV, T=0.07K, B=0.0T w=-62.0deg 1/3 stats",2025-10-27 06:22:39,2025-10-27 06:23:03,00:00:23,0.03,4.65,0.0,4.65,0.07,0.0,-62.0,/SNS/CNCS/IPTS-37274/nexus/CNCS_668228.nxs.h5
668227,108367,YbZn2GaO5,"YZGO, MAG9, Ei=4.65meV, T=0.07K, B=0.0T w=-62.5deg 1/3 stats",2025-10-27 06:22:12,2025-10-27 06:22:35,00:00:23,0.03,4.65,0.0,4.65,0.07,0.0,-62.5,/SNS/CNCS/IPTS-37274/nexus/CNCS_668227.nxs.h5
668226,108367,YbZn2GaO5,"YZGO, MAG9, Ei=4.65meV, T=0.07K, B=0.0T w=-63.0deg 1/3 stats",2025-10-27 06:21:44,2025-10-27 06:22:08,00:00:23,0.03,4.65,0.0,4.65,0.07,0.0,-63.0,/SNS/CNCS/IPTS-37274/nexus/CNCS_668226.nxs.h5
668225,108367,YbZn2GaO5,"YZGO, MAG9, Ei=4.65meV, T=0.07K, B=0.0T w=-63.5deg 1/3 stats",2025-10-27 06:21:17,2025-10-27 06:21:41,00:00:23,0.03,4.65,0.0,4.65,0.07,0.0,-63.5,/SNS/CNCS/IPTS-37274/nexus/CNCS_668225.nxs.h5
668224,108367,YbZn2GaO5,"YZGO, MAG9, Ei=4.65meV, T=0.07K, B=0.0T w=-64.0deg 1/3 stats",2025-10-27 06:20:50,2025-10-27 06:21:13,00:00:23,0.03,4.65,0.0,4.65,0.07,0.0,-64.0,/SNS/CNCS/IPTS-37274/nexus/CNCS_668224.nxs.h5
668223,108367,YbZn2GaO5,"YZGO, MAG9, Ei=4.65meV, T=0.07K, B=0.0T w=-64.5deg 1/3 stats",2025-10-27 06:20:22,2025-10-27 06:20:46,00:00:23,0.03,4.65,0.0,4.65,0.07,0.0,-64.5,/SNS/CNCS/IPTS-37274/nexus/CNCS_668223.nxs.h5
668222,108367,YbZn2GaO5,"YZGO, MAG9, Ei=4.65meV, T=0.07K, B=0.0T w=-65.0deg 1/3 stats",2025-10-27 06:19:55,2025-10-27 06:20:19,00:00:23,0.03,4.65,0.0,4.65,0.07,0.0,-65.0,/SNS/CNCS/IPTS-37274/nexus/CNCS_668222.nxs.h5
668221,108367,YbZn2GaO5,"YZGO, MAG9, Ei=4.65meV, T=0.07K, B=0.0T w=-65.5deg 1/3 stats",2025-10-27 06:19:28,2025-10-27 06:19:51,00:00:23,0.03,4.65,0.0,4.65,0.07,0.0,-65.5,/SNS/CNCS/IPTS-37274/nexus/CNCS_668221.nxs.h5
668220,108367,YbZn2GaO5,"YZGO, MAG9, Ei=4.65meV, T=0.07K, B=0.0T w=-66.0deg 1/3 stats",2025-10-27 06:19:00,2025-10-27 06:19:24,00:00:23,0.03,4.65,0.0,4.65,0.07,0.0,-66.0,/SNS/CNCS/IPTS-37274/nexus/CNCS_668220.nxs.h5
668219,108367,YbZn2GaO5,"YZGO, MAG9, Ei=4.65meV, T=0.07K, B=0.0T w=-66.5deg 1/3 stats",2025-10-27 06:18:33,2025-10-27 06:18:57,00:00:23,0.03,4.65,0.0,4.65,0.07,0.0,-66.5,/SNS/CNCS/IPTS-37274/nexus/CNCS_668219.nxs.h5
668218,108367,YbZn2GaO5,"YZGO, MAG9, Ei=4.65meV, T=0.07K, B=0.0T w=-67.0deg 1/3 stats",2025-10-27 06:18:06,2025-10-27 06:18:29,00:00:23,0.03,4.65,0.0,4.65,0.07,0.0,-67.0,/SNS/CNCS/IPTS-37274/nexus/CNCS_668218.nxs.h5
668217,108367,YbZn2GaO5,"YZGO, MAG9, Ei=4.65meV, T=0.07K, B=0.0T w=-67.5deg 1/3 stats",2025-10-27 06:17:38,2025-10-27 06:18:02,00:00:23,0.03,4.65,0.0,4.65,0.07,0.0,-67.5,/SNS/CNCS/IPTS-37274/nexus/CNCS_668217.nxs.h5
668216,108367,YbZn2GaO5,"YZGO, MAG9, Ei=4.65meV, T=0.07K, B=0.0T w=-68.0deg 1/3 stats",2025-10-27 06:17:11,2025-10-27 06:17:35,00:00:23,0.03,4.65,0.0,4.65,0.07,0.0,-68.0,/SNS/CNCS/IPTS-37274/nexus/CNCS_668216.nxs.h5
668215,108367,YbZn2GaO5,"YZGO, MAG9, Ei=4.65meV, T=0.07K, B=0.0T w=-68.5deg 1/3 stats",2025-10-27 06:16:44,2025-10-27 06:17:07,00:00:23,0.03,4.65,0.0,4.65,0.07,0.0,-68.5,/SNS/CNCS/IPTS-37274/nexus/CNCS_668215.nxs.h5
668214,108367,YbZn2GaO5,"YZGO, MAG9, Ei=4.65meV, T=0.07K, B=0.0T w=-69.0deg 1/3 stats",2025-10-27 06:16:16,2025-10-27 06:16:40,00:00:23,0.03,4.65,0.0,4.65,0.07,0.0,-69.0,/SNS/CNCS/IPTS-37274/nexus/CNCS_668214.nxs.h5
668213,108367,YbZn2GaO5,"YZGO, MAG9, Ei=4.65meV, T=0.07K, B=0.0T w=-69.5deg 1/3 stats",2025-10-27 06:15:49,2025-10-27 06:16:13,00:00:23,0.03,4.65,0.0,4.65,0.07,0.0,-69.5,/SNS/CNCS/IPTS-37274/nexus/CNCS_668213.nxs.h5
668212,108367,YbZn2GaO5,"YZGO, MAG9, Ei=4.65meV, T=0.07K, B=0.0T w=-70.0deg 1/3 stats",2025-10-27 06:15:22,2025-10-27 06:15:46,00:00:23,0.03,4.65,0.0,4.65,0.07,0.0,-70.0,/SNS/CNCS/IPTS-37274/nexus/CNCS_668212.nxs.h5
668211,108367,YbZn2GaO5,"YZGO, MAG9, Ei=4.65meV, T=0.07K, B=0.0T w=-70.5deg 1/3 stats",2025-10-27 06:14:55,2025-10-27 06:15:18,00:00:23,0.03,4.65,0.0,4.65,0.07,0.0,-70.5,/SNS/CNCS/IPTS-37274/nexus/CNCS_668211.nxs.h5
668210,108367,YbZn2GaO5,"YZGO, MAG9, Ei=4.65meV, T=0.07K, B=0.0T w=-71.0deg 1/3 stats",2025-10-27 06:14:27,2025-10-27 06:14:51,00:00:23,0.03,4.65,0.0,4.65,0.07,0.0,-71.0,/SNS/CNCS/IPTS-37274/nexus/CNCS_668210.nxs.h5
668209,108367,YbZn2GaO5,"YZGO, MAG9, Ei=4.65meV, T=0.07K, B=0.0T w=-71.5deg 1/3 stats",2025-10-27 06:14:00,2025-10-27 06:14:24,00:00:23,0.03,4.65,0.0,4.65,0.07,0.0,-71.5,/SNS/CNCS/IPTS-37274/nexus/CNCS_668209.nxs.h5
668208,108367,YbZn2GaO5,"YZGO, MAG9, Ei=4.65meV, T=0.07K, B=0.0T w=-72.0deg 1/3 stats",2025-10-27 06:13:33,2025-10-27 06:13:56,00:00:23,0.03,4.65,0.0,4.65,0.07,0.0,-72.0,/SNS/CNCS/IPTS-37274/nexus/CNCS_668208.nxs.h5
668207,108367,YbZn2GaO5,"YZGO, MAG9, Ei=4.65meV, T=0.07K, B=0.0T w=-72.5deg 1/3 stats",2025-10-27 06:13:05,2025-10-27 06:13:29,00:00:23,0.03,4.65,0.0,4.65,0.07,0.0,-72.5,/SNS/CNCS/IPTS-37274/nexus/CNCS_668207.nxs.h5
668206,108367,YbZn2GaO5,"YZGO, MAG9, Ei=4.65meV, T=0.07K, B=0.0T w=-73.0deg 1/3 stats",2025-10-27 06:12:38,2025-10-27 06:13:02,00:00:23,0.03,4.65,0.0,4.65,0.07,0.0,-73.0,/SNS/CNCS/IPTS-37274/nexus/CNCS_668206.nxs.h5
668205,108367,YbZn2GaO5,"YZGO, MAG9, Ei=4.65meV, T=0.07K, B=0.0T w=-73.5deg 1/3 stats",2025-10-27 06:12:11,2025-10-27 06:12:34,00:00:23,0.03,4.65,0.0,4.65,0.07,0.0,-73.5,/SNS/CNCS/IPTS-37274/nexus/CNCS_668205.nxs.h5
668204,108367,YbZn2GaO5,"YZGO, MAG9, Ei=4.65meV, T=0.07K, B=0.0T w=-74.0deg 1/3 stats",2025-10-27 06:11:43,2025-10-27 06:12:07,00:00:23,0.03,4.65,0.0,4.65,0.07,0.0,-74.0,/SNS/CNCS/IPTS-37274/nexus/CNCS_668204.nxs.h5
668203,108367,YbZn2GaO5,"YZGO, MAG9, Ei=4.65meV, T=0.07K, B=0.0T w=-74.5deg 1/3 stats",2025-10-27 06:11:16,2025-10-27 06:11:40,00:00:23,0.03,4.65,0.0,4.65,0.07,0.0,-74.5,/SNS/CNCS/IPTS-37274/nexus/CNCS_668203.nxs.h5
668202,108367,YbZn2GaO5,"YZGO, MAG9, Ei=4.65meV, T=0.07K, B=0.0T w=-75.0deg 1/3 stats",2025-10-27 06:10:49,2025-10-27 06:11:12,00:00:23,0.03,4.65,0.0,4.65,0.07,0.0,-75.0,/SNS/CNCS/IPTS-37274/nexus/CNCS_668202.nxs.h5
668201,108367,YbZn2GaO5,"YZGO, MAG9, Ei=4.65meV, T=0.07K, B=0.0T w=-75.5deg 1/3 stats",2025-10-27 06:10:21,2025-10-27 06:10:45,00:00:23,0.03,4.65,0.0,4.65,0.07,0.0,-75.5,/SNS/CNCS/IPTS-37274/nexus/CNCS_668201.nxs.h5
668200,108367,YbZn2GaO5,"YZGO, MAG9, Ei=4.65meV, T=0.07K, B=0.0T w=-76.0deg 1/3 stats",2025-10-27 06:09:54,2025-10-27 06:10:18,00:00:23,0.03,4.65,0.0,4.65,0.07,0.0,-76.0,/SNS/CNCS/IPTS-37274/nexus/CNCS_668200.nxs.h5
668199,108367,YbZn2GaO5,"YZGO, MAG9, Ei=4.65meV, T=0.07K, B=0.0T w=-76.5deg 1/3 stats",2025-10-27 06:09:27,2025-10-27 06:09:50,00:00:23,0.03,4.65,0.0,4.65,0.07,0.0,-76.5,/SNS/CNCS/IPTS-37274/nexus/CNCS_668199.nxs.h5
668198,108367,YbZn2GaO5,"YZGO, MAG9, Ei=4.65meV, T=0.07K, B=0.0T w=-77.0deg 1/3 stats",2025-10-27 06:08:59,2025-10-27 06:09:23,00:00:23,0.03,4.65,0.0,4.65,0.07,0.0,-77.0,/SNS/CNCS/IPTS-37274/nexus/CNCS_668198.nxs.h5
668197,108367,YbZn2GaO5,"YZGO, MAG9, Ei=4.65meV, T=0.07K, B=0.0T w=-77.5deg 1/3 stats",2025-10-27 06:08:32,2025-10-27 06:08:56,00:00:23,0.03,4.65,0.0,4.65,0.07,0.0,-77.5,/SNS/CNCS/IPTS-37274/nexus/CNCS_668197.nxs.h5
668196,108367,YbZn2GaO5,"YZGO, MAG9, Ei=4.65meV, T=0.07K, B=0.0T w=-78.0deg 1/3 stats",2025-10-27 06:08:05,2025-10-27 06:08:28,00:00:23,0.03,4.65,0.0,4.65,0.07,0.0,-78.0,/SNS/CNCS/IPTS-37274/nexus/CNCS_668196.nxs.h5
668195,108367,YbZn2GaO5,"YZGO, MAG9, Ei=4.65meV, T=0.07K, B=0.0T w=-78.5deg 1/3 stats",2025-10-27 06:07:37,2025-10-27 06:08:01,00:00:23,0.03,4.65,0.0,4.65,0.07,0.0,-78.5,/SNS/CNCS/IPTS-37274/nexus/CNCS_668195.nxs.h5
668194,108367,YbZn2GaO5,"YZGO, MAG9, Ei=4.65meV, T=0.07K, B=0.0T w=-78.5deg",2025-10-27 06:04:39,2025-10-27 06:04:42,00:00:02,0.0,4.65,0.0,4.65,0.07,0.0,-78.5,/SNS/CNCS/IPTS-37274/nexus/CNCS_668194.nxs.h5
668193,108367,YbZn2GaO5,"YZGO, MAG9, Ei=4.65meV, T=0.07K, B=0.0T w=-79.0deg",2025-10-27 06:03:24,2025-10-27 06:04:36,00:01:12,0.1,4.65,0.0,4.65,0.07,0.0,-79.0,/SNS/CNCS/IPTS-37274/nexus/CNCS_668193.nxs.h5
668192,108367,YbZn2GaO5,"YZGO, MAG9, Ei=4.65meV, T=0.07K, B=0.0T w=-79.5deg",2025-10-27 06:02:08,2025-10-27 06:03:20,00:01:11,0.1,4.65,0.0,4.65,0.07,0.0,-79.5,/SNS/CNCS/IPTS-37274/nexus/CNCS_668192.nxs.h5
668191,108367,YbZn2GaO5,"YZGO, MAG9, Ei=4.65meV, T=0.07K, B=0.0T w=-80.0deg",2025-10-27 06:00:52,2025-10-27 06:02:05,00:01:12,0.1,4.65,0.0,4.65,0.07,0.0,-80.0,/SNS/CNCS/IPTS-37274/nexus/CNCS_668191.nxs.h5
668190,108367,YbZn2GaO5,"YZGO, MAG9, Ei=4.65meV, T=0.07K, B=0.0T w=-80.5deg",2025-10-27 05:59:37,2025-10-27 06:00:49,00:01:11,0.1,4.65,0.0,4.65,0.07,0.0,-80.5,/SNS/CNCS/IPTS-37274/nexus/CNCS_668190.nxs.h5
668189,108367,YbZn2GaO5,"YZGO, MAG9, Ei=4.65meV, T=0.07K, B=0.0T w=-81.0deg",2025-10-27 05:58:22,2025-10-27 05:59:33,00:01:11,0.1,4.65,0.0,4.65,0.07,0.0,-81.0,/SNS/CNCS/IPTS-37274/nexus/CNCS_668189.nxs.h5
668188,108367,YbZn2GaO5,"YZGO, MAG9, Ei=4.65meV, T=0.07K, B=0.0T w=-81.5deg",2025-10-27 05:57:06,2025-10-27 05:58:18,00:01:11,0.1,4.65,0.0,4.65,0.07,0.0,-81.5,/SNS/CNCS/IPTS-37274/nexus/CNCS_668188.nxs.h5
668187,108367,YbZn2GaO5,"YZGO, MAG9, Ei=4.65meV, T=0.07K, B=0.0T w=-82.0deg",2025-10-27 05:55:51,2025-10-27 05:57:03,00:01:11,0.1,4.65,0.0,4.65,0.07,0.0,-82.0,/SNS/CNCS/IPTS-37274/nexus/CNCS_668187.nxs.h5
668186,108367,YbZn2GaO5,"YZGO, MAG9, Ei=4.65meV, T=0.07K, B=0.0T w=-82.5deg",2025-10-27 05:54:36,2025-10-27 05:55:48,00:01:11,0.1,4.65,0.0,4.65,0.07,0.0,-82.5,/SNS/CNCS/IPTS-37274/nexus/CNCS_668186.nxs.h5
668185,108367,YbZn2GaO5,"YZGO, MAG9, Ei=4.65meV, T=0.07K, B=0.0T w=-83.0deg",2025-10-27 05:53:21,2025-10-27 05:54:32,00:01:11,0.1,4.65,0.0,4.65,0.07,0.0,-83.0,/SNS/CNCS/IPTS-37274/nexus/CNCS_668185.nxs.h5
668184,108367,YbZn2GaO5,"YZGO, MAG9, Ei=4.65meV, T=0.07K, B=0.0T w=-83.5deg",2025-10-27 05:52:05,2025-10-27 05:53:17,00:01:11,0.1,4.65,0.0,4.65,0.07,0.0,-83.5,/SNS/CNCS/IPTS-37274/nexus/CNCS_668184.nxs.h5
668183,108367,YbZn2GaO5,"YZGO, MAG9, Ei=4.65meV, T=0.07K, B=0.0T w=-84.0deg",2025-10-27 05:50:50,2025-10-27 05:52:02,00:01:11,0.1,4.65,0.0,4.65,0.07,0.0,-84.0,/SNS/CNCS/IPTS-37274/nexus/CNCS_668183.nxs.h5
668182,108367,YbZn2GaO5,"YZGO, MAG9, Ei=4.65meV, T=0.07K, B=0.0T w=-84.5deg",2025-10-27 05:49:34,2025-10-27 05:50:46,00:01:12,0.1,4.65,0.0,4.65,0.07,0.0,-84.5,/SNS/CNCS/IPTS-37274/nexus/CNCS_668182.nxs.h5
668181,108367,YbZn2GaO5,"YZGO, MAG9, Ei=4.65meV, T=0.07K, B=0.0T w=-85.0deg",2025-10-27 05:48:19,2025-10-27 05:49:31,00:01:11,0.1,4.65,0.0,4.65,0.07,0.0,-85.0,/SNS/CNCS/IPTS-37274/nexus/CNCS_668181.nxs.h5
668180,108367,YbZn2GaO5,"YZGO, MAG9, Ei=4.65meV, T=0.07K, B=0.0T w=-85.5deg",2025-10-27 05:47:04,2025-10-27 05:48:15,00:01:11,0.1,4.65,0.0,4.65,0.07,0.0,-85.5,/SNS/CNCS/IPTS-37274/nexus/CNCS_668180.nxs.h5
668179,108367,YbZn2GaO5,"YZGO, MAG9, Ei=4.65meV, T=0.07K, B=0.0T w=-86.0deg",2025-10-27 05:45:48,2025-10-27 05:47:00,00:01:11,0.1,4.65,0.0,4.65,0.07,0.0,-86.0,/SNS/CNCS/IPTS-37274/nexus/CNCS_668179.nxs.h5
668178,108367,YbZn2GaO5,"YZGO, MAG9, Ei=4.65meV, T=0.07K, B=0.0T w=-86.5deg",2025-10-27 05:44:33,2025-10-27 05:45:45,00:01:11,0.1,4.65,0.0,4.65,0.07,0.0,-86.5,/SNS/CNCS/IPTS-37274/nexus/CNCS_668178.nxs.h5
668177,108367,YbZn2GaO5,"YZGO, MAG9, Ei=4.65meV, T=0.07K, B=0.0T w=-87.0deg",2025-10-27 05:43:18,2025-10-27 05:44:29,00:01:11,0.1,4.65,0.0,4.65,0.07,0.0,-87.0,/SNS/CNCS/IPTS-37274/nexus/CNCS_668177.nxs.h5
668176,108367,YbZn2GaO5,"YZGO, MAG9, Ei=4.65meV, T=0.07K, B=0.0T w=-87.5deg",2025-10-27 05:42:02,2025-10-27 05:43:14,00:01:11,0.1,4.65,0.0,4.65,0.07,0.0,-87.5,/SNS/CNCS/IPTS-37274/nexus/CNCS_668176.nxs.h5
668175,108367,YbZn2GaO5,"YZGO, MAG9, Ei=4.65meV, T=0.07K, B=0.0T w=-88.0deg",2025-10-27 05:40:47,2025-10-27 05:41:59,00:01:11,0.1,4.65,0.0,4.65,0.07,0.0,-88.0,/SNS/CNCS/IPTS-37274/nexus/CNCS_668175.nxs.h5
668174,108367,YbZn2GaO5,"YZGO, MAG9, Ei=4.65meV, T=0.07K, B=0.0T w=-88.5deg",2025-10-27 05:39:32,2025-10-27 05:40:44,00:01:11,0.1,4.65,0.0,4.65,0.07,0.0,-88.5,/SNS/CNCS/IPTS-37274/nexus/CNCS_668174.nxs.h5
668173,108367,YbZn2GaO5,"YZGO, MAG9, Ei=4.65meV, T=0.07K, B=0.0T w=-89.0deg",2025-10-27 05:38:17,2025-10-27 05:39:28,00:01:11,0.1,4.65,0.0,4.65,0.07,0.0,-89.0,/SNS/CNCS/IPTS-37274/nexus/CNCS_668173.nxs.h5
668172,108367,YbZn2GaO5,"YZGO, MAG9, Ei=4.65meV, T=0.07K, B=0.0T w=-89.5deg",2025-10-27 05:37:01,2025-10-27 05:38:13,00:01:11,0.1,4.65,0.0,4.65,0.07,0.0,-89.5,/SNS/CNCS/IPTS-37274/nexus/CNCS_668172.nxs.h5
668171,108367,YbZn2GaO5,"YZGO, MAG9, Ei=4.65meV, T=0.07K, B=0.0T w=-90.0deg",2025-10-27 05:35:46,2025-10-27 05:36:58,00:01:11,0.1,4.65,0.0,4.65,0.07,0.0,-90.0,/SNS/CNCS/IPTS-37274/nexus/CNCS_668171.nxs.h5
668170,108367,YbZn2GaO5,"YZGO, MAG9, Ei=4.65meV, T=0.07K, B=0.0T w=-90.5deg",2025-10-27 05:34:31,2025-10-27 05:35:43,00:01:11,0.1,4.65,0.0,4.65,0.07,0.0,-90.5,/SNS/CNCS/IPTS-37274/nexus/CNCS_668170.nxs.h5
668169,108367,YbZn2GaO5,"YZGO, MAG9, Ei=4.65meV, T=0.07K, B=0.0T w=-91.0deg",2025-10-27 05:33:16,2025-10-27 05:34:27,00:01:11,0.1,4.65,0.0,4.65,0.07,0.0,-91.0,/SNS/CNCS/IPTS-37274/nexus/CNCS_668169.nxs.h5
668168,108367,YbZn2GaO5,"YZGO, MAG9, Ei=4.65meV, T=0.07K, B=0.0T w=-91.5deg",2025-10-27 05:32:00,2025-10-27 05:33:12,00:01:11,0.1,4.65,0.0,4.65,0.07,0.0,-91.5,/SNS/CNCS/IPTS-37274/nexus/CNCS_668168.nxs.h5
668167,108367,YbZn2GaO5,"YZGO, MAG9, Ei=4.65meV, T=0.07K, B=0.0T w=-92.0deg",2025-10-27 05:30:45,2025-10-27 05:31:57,00:01:11,0.1,4.65,0.0,4.65,0.07,0.0,-92.0,/SNS/CNCS/IPTS-37274/nexus/CNCS_668167.nxs.h5
668166,108367,YbZn2GaO5,"YZGO, MAG9, Ei=4.65meV, T=0.07K, B=0.0T w=-92.5deg",2025-10-27 05:29:30,2025-10-27 05:30:41,00:01:11,0.1,4.65,0.0,4.65,0.07,0.0,-92.5,/SNS/CNCS/IPTS-37274/nexus/CNCS_668166.nxs.h5
668165,108367,YbZn2GaO5,"YZGO, MAG9, Ei=4.65meV, T=0.07K, B=0.0T w=-93.0deg",2025-10-27 05:28:14,2025-10-27 05:29:26,00:01:12,0.1,4.65,0.0,4.65,0.07,0.0,-93.0,/SNS/CNCS/IPTS-37274/nexus/CNCS_668165.nxs.h5
668164,108367,YbZn2GaO5,"YZGO, MAG9, Ei=4.65meV, T=0.07K, B=0.0T w=-93.5deg",2025-10-27 05:26:59,2025-10-27 05:28:10,00:01:11,0.1,4.65,0.0,4.65,0.07,0.0,-93.5,/SNS/CNCS/IPTS-37274/nexus/CNCS_668164.nxs.h5
668163,108367,YbZn2GaO5,"YZGO, MAG9, Ei=4.65meV, T=0.07K, B=0.0T w=-94.0deg",2025-10-27 05:25:43,2025-10-27 05:26:55,00:01:11,0.1,4.65,0.0,4.65,0.07,0.0,-94.0,/SNS/CNCS/IPTS-37274/nexus/CNCS_668163.nxs.h5
668162,108367,YbZn2GaO5,"YZGO, MAG9, Ei=4.65meV, T=0.07K, B=0.0T w=-94.5deg",2025-10-27 05:24:28,2025-10-27 05:25:40,00:01:11,0.1,4.65,0.0,4.65,0.07,0.0,-94.5,/SNS/CNCS/IPTS-37274/nexus/CNCS_668162.nxs.h5
668161,108367,YbZn2GaO5,"YZGO, MAG9, Ei=4.65meV, T=0.07K, B=0.0T w=-95.0deg",2025-10-27 05:23:12,2025-10-27 05:24:25,00:01:12,0.1,4.65,0.0,4.65,0.07,0.0,-95.0,/SNS/CNCS/IPTS-37274/nexus/CNCS_668161.nxs.h5
668160,108367,YbZn2GaO5,"YZGO, MAG9, Ei=4.65meV, T=0.07K, B=0.0T w=-95.5deg",2025-10-27 05:21:57,2025-10-27 05:23:09,00:01:11,0.1,4.65,0.0,4.65,0.07,0.0,-95.5,/SNS/CNCS/IPTS-37274/nexus/CNCS_668160.nxs.h5
668159,108367,YbZn2GaO5,"YZGO, MAG9, Ei=4.65meV, T=0.07K, B=0.0T w=-96.0deg",2025-10-27 05:20:41,2025-10-27 05:21:53,00:01:12,0.1,4.65,0.0,4.65,0.07,0.0,-96.0,/SNS/CNCS/IPTS-37274/nexus/CNCS_668159.nxs.h5
668158,108367,YbZn2GaO5,"YZGO, MAG9, Ei=4.65meV, T=0.07K, B=0.0T w=-96.5deg",2025-10-27 05:19:26,2025-10-27 05:20:38,00:01:11,0.1,4.65,0.0,4.65,0.07,0.0,-96.5,/SNS/CNCS/IPTS-37274/nexus/CNCS_668158.nxs.h5
668157,108367,YbZn2GaO5,"YZGO, MAG9, Ei=4.65meV, T=0.07K, B=0.0T w=-97.0deg",2025-10-27 05:18:11,2025-10-27 05:19:22,00:01:11,0.1,4.65,0.0,4.65,0.07,0.0,-97.0,/SNS/CNCS/IPTS-37274/nexus/CNCS_668157.nxs.h5
668156,108367,YbZn2GaO5,"YZGO, MAG9, Ei=4.65meV, T=0.07K, B=0.0T w=-97.5deg",2025-10-27 05:16:55,2025-10-27 05:18:07,00:01:11,0.1,4.65,0.0,4.65,0.07,0.0,-97.5,/SNS/CNCS/IPTS-37274/nexus/CNCS_668156.nxs.h5
668155,108367,YbZn2GaO5,"YZGO, MAG9, Ei=4.65meV, T=0.07K, B=0.0T w=-98.0deg",2025-10-27 05:15:40,2025-10-27 05:16:52,00:01:11,0.1,4.65,0.0,4.65,0.07,0.0,-98.0,/SNS/CNCS/IPTS-37274/nexus/CNCS_668155.nxs.h5
668154,108367,YbZn2GaO5,"YZGO, MAG9, Ei=4.65meV, T=0.07K, B=0.0T w=-98.5deg",2025-10-27 05:14:25,2025-10-27 05:15:36,00:01:11,0.1,4.65,0.0,4.65,0.07,0.0,-98.5,/SNS/CNCS/IPTS-37274/nexus/CNCS_668154.nxs.h5
668153,108367,YbZn2GaO5,"YZGO, MAG9, Ei=4.65meV, T=0.07K, B=0.0T w=-99.0deg",2025-10-27 05:13:09,2025-10-27 05:14:21,00:01:12,0.1,4.65,0.0,4.65,0.07,0.0,-99.0,/SNS/CNCS/IPTS-37274/nexus/CNCS_668153.nxs.h5
668152,108367,YbZn2GaO5,"YZGO, MAG9, Ei=4.65meV, T=0.07K, B=0.0T w=-99.5deg",2025-10-27 05:11:54,2025-10-27 05:13:05,00:01:11,0.1,4.65,0.0,4.65,0.07,0.0,-99.5,/SNS/CNCS/IPTS-37274/nexus/CNCS_668152.nxs.h5
668151,108367,YbZn2GaO5,"YZGO, MAG9, Ei=4.65meV, T=0.07K, B=0.0T w=-100.0deg",2025-10-27 05:10:38,2025-10-27 05:11:50,00:01:12,0.1,4.65,0.0,4.65,0.07,0.0,-100.0,/SNS/CNCS/IPTS-37274/nexus/CNCS_668151.nxs.h5
668150,108367,YbZn2GaO5,"YZGO, MAG9, Ei=4.65meV, T=0.07K, B=0.0T w=-100.5deg",2025-10-27 05:09:23,2025-10-27 05:10:34,00:01:11,0.1,4.65,0.0,4.65,0.07,0.0,-100.5,/SNS/CNCS/IPTS-37274/nexus/CNCS_668150.nxs.h5
668149,108367,YbZn2GaO5,"YZGO, MAG9, Ei=4.65meV, T=0.07K, B=0.0T w=-101.0deg",2025-10-27 05:08:07,2025-10-27 05:09:19,00:01:11,0.1,4.65,0.0,4.65,0.07,0.0,-101.0,/SNS/CNCS/IPTS-37274/nexus/CNCS_668149.nxs.h5
668148,108367,YbZn2GaO5,"YZGO, MAG9, Ei=4.65meV, T=0.07K, B=0.0T w=-101.5deg",2025-10-27 05:06:52,2025-10-27 05:08:04,00:01:11,0.1,4.65,0.0,4.65,0.07,0.0,-101.5,/SNS/CNCS/IPTS-37274/nexus/CNCS_668148.nxs.h5
668147,108367,YbZn2GaO5,"YZGO, MAG9, Ei=4.65meV, T=0.07K, B=0.0T w=-102.0deg",2025-10-27 05:05:37,2025-10-27 05:06:48,00:01:11,0.1,4.65,0.0,4.65,0.07,0.0,-102.0,/SNS/CNCS/IPTS-37274/nexus/CNCS_668147.nxs.h5
668146,108367,YbZn2GaO5,"YZGO, MAG9, Ei=4.65meV, T=0.07K, B=0.0T w=-102.5deg",2025-10-27 05:04:21,2025-10-27 05:05:33,00:01:11,0.1,4.65,0.0,4.65,0.07,0.0,-102.5,/SNS/CNCS/IPTS-37274/nexus/CNCS_668146.nxs.h5
668145,108367,YbZn2GaO5,"YZGO, MAG9, Ei=4.65meV, T=0.07K, B=0.0T w=-103.0deg",2025-10-27 05:03:06,2025-10-27 05:04:18,00:01:11,0.1,4.65,0.0,4.65,0.07,0.0,-103.0,/SNS/CNCS/IPTS-37274/nexus/CNCS_668145.nxs.h5
668144,108367,YbZn2GaO5,"YZGO, MAG9, Ei=4.65meV, T=0.07K, B=0.0T w=-103.5deg",2025-10-27 05:01:51,2025-10-27 05:03:02,00:01:11,0.1,4.65,0.0,4.65,0.07,0.0,-103.5,/SNS/CNCS/IPTS-37274/nexus/CNCS_668144.nxs.h5
668143,108367,YbZn2GaO5,"YZGO, MAG9, Ei=4.65meV, T=0.07K, B=0.0T w=-104.0deg",2025-10-27 05:00:35,2025-10-27 05:01:47,00:01:11,0.1,4.65,0.0,4.65,0.07,0.0,-104.0,/SNS/CNCS/IPTS-37274/nexus/CNCS_668143.nxs.h5
668142,108367,YbZn2GaO5,"YZGO, MAG9, Ei=4.65meV, T=0.07K, B=0.0T w=-104.5deg",2025-10-27 04:59:20,2025-10-27 05:00:32,00:01:11,0.1,4.65,0.0,4.65,0.07,0.0,-104.5,/SNS/CNCS/IPTS-37274/nexus/CNCS_668142.nxs.h5
668141,108367,YbZn2GaO5,"YZGO, MAG9, Ei=4.65meV, T=0.07K, B=0.0T w=-105.0deg",2025-10-27 04:58:05,2025-10-27 04:59:17,00:01:11,0.1,4.65,0.0,4.65,0.07,0.0,-105.0,/SNS/CNCS/IPTS-37274/nexus/CNCS_668141.nxs.h5
668140,108367,YbZn2GaO5,"YZGO, MAG9, Ei=4.65meV, T=0.07K, B=0.0T w=-105.5deg",2025-10-27 04:56:50,2025-10-27 04:58:01,00:01:11,0.1,4.65,0.0,4.65,0.07,0.0,-105.5,/SNS/CNCS/IPTS-37274/nexus/CNCS_668140.nxs.h5
668139,108367,YbZn2GaO5,"YZGO, MAG9, Ei=4.65meV, T=0.07K, B=0.0T w=-106.0deg",2025-10-27 04:55:34,2025-10-27 04:56:46,00:01:11,0.1,4.65,0.0,4.65,0.07,0.0,-106.0,/SNS/CNCS/IPTS-37274/nexus/CNCS_668139.nxs.h5
668138,108367,YbZn2GaO5,"YZGO, MAG9, Ei=4.65meV, T=0.07K, B=0.0T w=-106.5deg",2025-10-27 04:54:19,2025-10-27 04:55:31,00:01:11,0.1,4.65,0.0,4.65,0.07,0.0,-106.5,/SNS/CNCS/IPTS-37274/nexus/CNCS_668138.nxs.h5
668137,108367,YbZn2GaO5,"YZGO, MAG9, Ei=4.65meV, T=0.07K, B=0.0T w=-107.0deg",2025-10-27 04:53:04,2025-10-27 04:54:15,00:01:11,0.1,4.65,0.0,4.65,0.07,0.0,-107.0,/SNS/CNCS/IPTS-37274/nexus/CNCS_668137.nxs.h5
668136,108367,YbZn2GaO5,"YZGO, MAG9, Ei=4.65meV, T=0.07K, B=0.0T w=-107.5deg",2025-10-27 04:51:48,2025-10-27 04:53:00,00:01:11,0.1,4.65,0.0,4.65,0.07,0.0,-107.5,/SNS/CNCS/IPTS-37274/nexus/CNCS_668136.nxs.h5
668135,108367,YbZn2GaO5,"YZGO, MAG9, Ei=4.65meV, T=0.07K, B=0.0T w=-108.0deg",2025-10-27 04:50:33,2025-10-27 04:51:45,00:01:11,0.1,4.65,0.0,4.65,0.07,0.0,-108.0,/SNS/CNCS/IPTS-37274/nexus/CNCS_668135.nxs.h5
668134,108367,YbZn2GaO5,"YZGO, MAG9, Ei=4.65meV, T=0.07K, B=0.0T w=-108.5deg",2025-10-27 04:49:18,2025-10-27 04:50:29,00:01:11,0.1,4.65,0.0,4.65,0.07,0.0,-108.5,/SNS/CNCS/IPTS-37274/nexus/CNCS_668134.nxs.h5
668133,108367,YbZn2GaO5,"YZGO, MAG9, Ei=4.65meV, T=0.07K, B=0.0T w=-109.0deg",2025-10-27 04:48:02,2025-10-27 04:49:14,00:01:11,0.1,4.65,0.0,4.65,0.07,0.0,-109.0,/SNS/CNCS/IPTS-37274/nexus/CNCS_668133.nxs.h5
668132,108367,YbZn2GaO5,"YZGO, MAG9, Ei=4.65meV, T=0.07K, B=0.0T w=-109.5deg",2025-10-27 04:46:47,2025-10-27 04:47:59,00:01:12,0.1,4.65,0.0,4.65,0.07,0.0,-109.5,/SNS/CNCS/IPTS-37274/nexus/CNCS_668132.nxs.h5
668131,108367,YbZn2GaO5,"YZGO, MAG9, Ei=4.65meV, T=0.07K, B=0.0T w=-110.0deg",2025-10-27 04:45:31,2025-10-27 04:46:43,00:01:11,0.1,4.65,0.0,4.65,0.07,0.0,-110.0,/SNS/CNCS/IPTS-37274/nexus/CNCS_668131.nxs.h5
668130,108367,YbZn2GaO5,"YZGO, MAG9, Ei=4.65meV, T=0.07K, B=0.0T w=-110.5deg",2025-10-27 04:44:16,2025-10-27 04:45:28,00:01:11,0.1,4.65,0.0,4.65,0.07,0.0,-110.5,/SNS/CNCS/IPTS-37274/nexus/CNCS_668130.nxs.h5
668129,108367,YbZn2GaO5,"YZGO, MAG9, Ei=4.65meV, T=0.07K, B=0.0T w=-111.0deg",2025-10-27 04:43:01,2025-10-27 04:44:12,00:01:11,0.1,4.65,0.0,4.65,0.07,0.0,-111.0,/SNS/CNCS/IPTS-37274/nexus/CNCS_668129.nxs.h5
668128,108367,YbZn2GaO5,"YZGO, MAG9, Ei=4.65meV, T=0.07K, B=0.0T w=-111.5deg",2025-10-27 04:41:44,2025-10-27 04:42:57,00:01:12,0.1,4.65,0.0,4.65,0.07,0.0,-111.5,/SNS/CNCS/IPTS-37274/nexus/CNCS_668128.nxs.h5
668127,108367,YbZn2GaO5,"YZGO, MAG9, Ei=4.65meV, T=0.07K, B=0.0T w=-112.0deg",2025-10-27 04:40:29,2025-10-27 04:41:41,00:01:11,0.1,4.65,0.0,4.65,0.07,0.0,-112.0,/SNS/CNCS/IPTS-37274/nexus/CNCS_668127.nxs.h5
668126,108367,YbZn2GaO5,"YZGO, MAG9, Ei=4.65meV, T=0.07K, B=0.0T w=-112.5deg",2025-10-27 04:39:14,2025-10-27 04:40:25,00:01:11,0.1,4.65,0.0,4.65,0.07,0.0,-112.5,/SNS/CNCS/IPTS-37274/nexus/CNCS_668126.nxs.h5
668125,108367,YbZn2GaO5,"YZGO, MAG9, Ei=4.65meV, T=0.07K, B=0.0T w=-113.0deg",2025-10-27 04:37:58,2025-10-27 04:39:10,00:01:11,0.1,4.65,0.0,4.65,0.07,0.0,-113.0,/SNS/CNCS/IPTS-37274/nexus/CNCS_668125.nxs.h5
668124,108367,YbZn2GaO5,"YZGO, MAG9, Ei=4.65meV, T=0.07K, B=0.0T w=-113.5deg",2025-10-27 04:36:43,2025-10-27 04:37:55,00:01:11,0.1,4.65,0.0,4.65,0.07,0.0,-113.5,/SNS/CNCS/IPTS-37274/nexus/CNCS_668124.nxs.h5
668123,108367,YbZn2GaO5,"YZGO, MAG9, Ei=4.65meV, T=0.07K, B=0.0T w=-114.0deg",2025-10-27 04:35:28,2025-10-27 04:36:40,00:01:11,0.1,4.65,0.0,4.65,0.07,0.0,-114.0,/SNS/CNCS/IPTS-37274/nexus/CNCS_668123.nxs.h5
668122,108367,YbZn2GaO5,"YZGO, MAG9, Ei=4.65meV, T=0.07K, B=0.0T w=-114.5deg",2025-10-27 04:34:13,2025-10-27 04:35:24,00:01:11,0.1,4.65,0.0,4.65,0.07,0.0,-114.5,/SNS/CNCS/IPTS-37274/nexus/CNCS_668122.nxs.h5
668121,108367,YbZn2GaO5,"YZGO, MAG9, Ei=4.65meV, T=0.07K, B=0.0T w=-115.0deg",2025-10-27 04:32:57,2025-10-27 04:34:09,00:01:12,0.1,4.65,0.0,4.65,0.07,0.0,-115.0,/SNS/CNCS/IPTS-37274/nexus/CNCS_668121.nxs.h5
668120,108367,YbZn2GaO5,"YZGO, MAG9, Ei=4.65meV, T=0.07K, B=0.0T w=-115.5deg",2025-10-27 04:31:42,2025-10-27 04:32:53,00:01:11,0.1,4.65,0.0,4.65,0.07,0.0,-115.5,/SNS/CNCS/IPTS-37274/nexus/CNCS_668120.nxs.h5
668119,108367,YbZn2GaO5,"YZGO, MAG9, Ei=4.65meV, T=0.07K, B=0.0T w=-116.0deg",2025-10-27 04:30:26,2025-10-27 04:31:38,00:01:12,0.1,4.65,0.0,4.65,0.07,0.0,-116.0,/SNS/CNCS/IPTS-37274/nexus/CNCS_668119.nxs.h5
668118,108367,YbZn2GaO5,"YZGO, MAG9, Ei=4.65meV, T=0.07K, B=0.0T w=-116.5deg",2025-10-27 04:29:11,2025-10-27 04:30:22,00:01:11,0.1,4.65,0.0,4.65,0.07,0.0,-116.5,/SNS/CNCS/IPTS-37274/nexus/CNCS_668118.nxs.h5
668117,108367,YbZn2GaO5,"YZGO, MAG9, Ei=4.65meV, T=0.07K, B=0.0T w=-117.0deg",2025-10-27 04:27:55,2025-10-27 04:29:07,00:01:11,0.1,4.65,0.0,4.65,0.07,0.0,-117.0,/SNS/CNCS/IPTS-37274/nexus/CNCS_668117.nxs.h5
668116,108367,YbZn2GaO5,"YZGO, MAG9, Ei=4.65meV, T=0.07K, B=0.0T w=-117.5deg",2025-10-27 04:26:40,2025-10-27 04:27:52,00:01:11,0.1,4.65,0.0,4.65,0.07,0.0,-117.5,/SNS/CNCS/IPTS-37274/nexus/CNCS_668116.nxs.h5
668115,108367,YbZn2GaO5,"YZGO, MAG9, Ei=4.65meV, T=0.07K, B=0.0T w=-118.0deg",2025-10-27 04:25:25,2025-10-27 04:26:36,00:01:11,0.1,4.65,0.0,4.65,0.07,0.0,-118.0,/SNS/CNCS/IPTS-37274/nexus/CNCS_668115.nxs.h5
668114,108367,YbZn2GaO5,"YZGO, MAG9, Ei=4.65meV, T=0.07K, B=0.0T w=-118.5deg",2025-10-27 04:24:09,2025-10-27 04:25:21,00:01:11,0.1,4.65,0.0,4.65,0.07,0.0,-118.5,/SNS/CNCS/IPTS-37274/nexus/CNCS_668114.nxs.h5
668113,108367,YbZn2GaO5,"YZGO, MAG9, Ei=4.65meV, T=0.07K, B=0.0T w=-119.0deg",2025-10-27 04:22:54,2025-10-27 04:24:06,00:01:11,0.1,4.65,0.0,4.65,0.07,0.0,-119.0,/SNS/CNCS/IPTS-37274/nexus/CNCS_668113.nxs.h5
668112,108367,YbZn2GaO5,"YZGO, MAG9, Ei=4.65meV, T=0.07K, B=0.0T w=-119.5deg",2025-10-27 04:21:39,2025-10-27 04:22:50,00:01:11,0.1,4.65,0.0,4.65,0.07,0.0,-119.5,/SNS/CNCS/IPTS-37274/nexus/CNCS_668112.nxs.h5
668111,108367,YbZn2GaO5,"YZGO, MAG9, Ei=4.65meV, T=0.07K, B=0.0T w=-120.0deg",2025-10-27 04:20:24,2025-10-27 04:21:35,00:01:11,0.1,4.65,0.0,4.65,0.07,0.0,-120.0,/SNS/CNCS/IPTS-37274/nexus/CNCS_668111.nxs.h5
668110,108367,YbZn2GaO5,"YZGO, MAG9, Ei=4.65meV, T=0.07K, B=0.0T w=-120.5deg",2025-10-27 04:19:08,2025-10-27 04:20:20,00:01:11,0.1,4.65,0.0,4.65,0.07,0.0,-120.5,/SNS/CNCS/IPTS-37274/nexus/CNCS_668110.nxs.h5
668109,108367,YbZn2GaO5,"YZGO, MAG9, Ei=4.65meV, T=0.07K, B=0.0T w=-121.0deg",2025-10-27 04:17:53,2025-10-27 04:19:05,00:01:11,0.1,4.65,0.0,4.65,0.07,0.0,-121.0,/SNS/CNCS/IPTS-37274/nexus/CNCS_668109.nxs.h5
668108,108367,YbZn2GaO5,"YZGO, MAG9, Ei=4.65meV, T=0.07K, B=0.0T w=-121.5deg",2025-10-27 04:16:38,2025-10-27 04:17:49,00:01:11,0.1,4.65,0.0,4.65,0.07,0.0,-121.5,/SNS/CNCS/IPTS-37274/nexus/CNCS_668108.nxs.h5
668107,108367,YbZn2GaO5,"YZGO, MAG9, Ei=4.65meV, T=0.07K, B=0.0T w=-122.0deg",2025-10-27 04:15:22,2025-10-27 04:16:34,00:01:11,0.1,4.65,0.0,4.65,0.07,0.0,-122.0,/SNS/CNCS/IPTS-37274/nexus/CNCS_668107.nxs.h5
668106,108367,YbZn2GaO5,"YZGO, MAG9, Ei=4.65meV, T=0.07K, B=0.0T w=-122.5deg",2025-10-27 04:14:07,2025-10-27 04:15:19,00:01:11,0.1,4.65,0.0,4.65,0.07,0.0,-122.5,/SNS/CNCS/IPTS-37274/nexus/CNCS_668106.nxs.h5
668105,108367,YbZn2GaO5,"YZGO, MAG9, Ei=4.65meV, T=0.07K, B=0.0T w=-123.0deg",2025-10-27 04:12:52,2025-10-27 04:14:03,00:01:11,0.1,4.65,0.0,4.65,0.07,0.0,-123.0,/SNS/CNCS/IPTS-37274/nexus/CNCS_668105.nxs.h5
668104,108367,YbZn2GaO5,"YZGO, MAG9, Ei=4.65meV, T=0.07K, B=0.0T w=-123.5deg",2025-10-27 04:11:36,2025-10-27 04:12:48,00:01:11,0.1,4.65,0.0,4.65,0.07,0.0,-123.5,/SNS/CNCS/IPTS-37274/nexus/CNCS_668104.nxs.h5
668103,108367,YbZn2GaO5,"YZGO, MAG9, Ei=4.65meV, T=0.07K, B=0.0T w=-124.0deg",2025-10-27 04:10:21,2025-10-27 04:11:33,00:01:11,0.1,4.65,0.0,4.65,0.07,0.0,-124.0,/SNS/CNCS/IPTS-37274/nexus/CNCS_668103.nxs.h5
668102,108367,YbZn2GaO5,"YZGO, MAG9, Ei=4.65meV, T=0.07K, B=0.0T w=-124.5deg",2025-10-27 04:09:06,2025-10-27 04:10:17,00:01:11,0.1,4.65,0.0,4.65,0.07,0.0,-124.5,/SNS/CNCS/IPTS-37274/nexus/CNCS_668102.nxs.h5
668101,108367,YbZn2GaO5,"YZGO, MAG9, Ei=4.65meV, T=0.07K, B=0.0T w=-125.0deg",2025-10-27 04:07:51,2025-10-27 04:09:02,00:01:11,0.1,4.65,0.0,4.65,0.07,0.0,-125.0,/SNS/CNCS/IPTS-37274/nexus/CNCS_668101.nxs.h5
668100,108367,YbZn2GaO5,"YZGO, MAG9, Ei=4.65meV, T=0.07K, B=0.0T w=-125.5deg",2025-10-27 04:06:35,2025-10-27 04:07:47,00:01:11,0.1,4.65,0.0,4.65,0.07,0.0,-125.5,/SNS/CNCS/IPTS-37274/nexus/CNCS_668100.nxs.h5
668099,108367,YbZn2GaO5,"YZGO, MAG9, Ei=4.65meV, T=0.07K, B=0.0T w=-126.0deg",2025-10-27 04:05:20,2025-10-27 04:06:32,00:01:11,0.1,4.65,0.0,4.65,0.07,0.0,-126.0,/SNS/CNCS/IPTS-37274/nexus/CNCS_668099.nxs.h5
668098,108367,YbZn2GaO5,"YZGO, MAG9, Ei=4.65meV, T=0.07K, B=0.0T w=-126.5deg",2025-10-27 04:04:05,2025-10-27 04:05:16,00:01:11,0.1,4.65,0.0,4.65,0.07,0.0,-126.5,/SNS/CNCS/IPTS-37274/nexus/CNCS_668098.nxs.h5
668097,108367,YbZn2GaO5,"YZGO, MAG9, Ei=4.65meV, T=0.07K, B=0.0T w=-127.0deg",2025-10-27 04:02:49,2025-10-27 04:04:01,00:01:11,0.1,4.65,0.0,4.65,0.07,0.0,-127.0,/SNS/CNCS/IPTS-37274/nexus/CNCS_668097.nxs.h5
668096,108367,YbZn2GaO5,"YZGO, MAG9, Ei=4.65meV, T=0.07K, B=0.0T w=-127.5deg",2025-10-27 04:01:34,2025-10-27 04:02:46,00:01:11,0.1,4.65,0.0,4.65,0.07,0.0,-127.5,/SNS/CNCS/IPTS-37274/nexus/CNCS_668096.nxs.h5
668095,108367,YbZn2GaO5,"YZGO, MAG9, Ei=4.65meV, T=0.07K, B=0.0T w=-128.0deg",2025-10-27 04:00:19,2025-10-27 04:01:30,00:01:11,0.1,4.65,0.0,4.65,0.07,0.0,-128.0,/SNS/CNCS/IPTS-37274/nexus/CNCS_668095.nxs.h5
668094,108367,YbZn2GaO5,"YZGO, MAG9, Ei=4.65meV, T=0.07K, B=0.0T w=-128.5deg",2025-10-27 03:59:03,2025-10-27 04:00:15,00:01:11,0.1,4.65,0.0,4.65,0.07,0.0,-128.5,/SNS/CNCS/IPTS-37274/nexus/CNCS_668094.nxs.h5
668093,108367,YbZn2GaO5,"YZGO, MAG9, Ei=4.65meV, T=0.07K, B=0.0T w=-129.0deg",2025-10-27 03:57:48,2025-10-27 03:59:00,00:01:11,0.1,4.65,0.0,4.65,0.07,0.0,-129.0,/SNS/CNCS/IPTS-37274/nexus/CNCS_668093.nxs.h5
668092,108367,YbZn2GaO5,"YZGO, MAG9, Ei=4.65meV, T=0.07K, B=0.0T w=-129.5deg",2025-10-27 03:56:33,2025-10-27 03:57:44,00:01:11,0.1,4.65,0.0,4.65,0.07,0.0,-129.5,/SNS/CNCS/IPTS-37274/nexus/CNCS_668092.nxs.h5
668091,108367,YbZn2GaO5,"YZGO, MAG9, Ei=4.65meV, T=0.07K, B=0.0T w=-130.0deg",2025-10-27 03:55:17,2025-10-27 03:56:29,00:01:11,0.1,4.65,0.0,4.65,0.07,0.0,-130.0,/SNS/CNCS/IPTS-37274/nexus/CNCS_668091.nxs.h5
668090,108367,YbZn2GaO5,"YZGO, MAG9, Ei=4.65meV, T=0.07K, B=0.0T w=-130.5deg",2025-10-27 03:54:02,2025-10-27 03:55:14,00:01:12,0.1,4.65,0.0,4.65,0.07,0.0,-130.5,/SNS/CNCS/IPTS-37274/nexus/CNCS_668090.nxs.h5
668089,108367,YbZn2GaO5,"YZGO, MAG9, Ei=4.65meV, T=0.07K, B=0.0T w=-131.0deg",2025-10-27 03:52:46,2025-10-27 03:53:58,00:01:11,0.1,4.65,0.0,4.65,0.07,0.0,-131.0,/SNS/CNCS/IPTS-37274/nexus/CNCS_668089.nxs.h5
668088,108367,YbZn2GaO5,"YZGO, MAG9, Ei=4.65meV, T=0.07K, B=0.0T w=-131.5deg",2025-10-27 03:51:31,2025-10-27 03:52:43,00:01:11,0.1,4.65,0.0,4.65,0.07,0.0,-131.5,/SNS/CNCS/IPTS-37274/nexus/CNCS_668088.nxs.h5
668087,108367,YbZn2GaO5,"YZGO, MAG9, Ei=4.65meV, T=0.07K, B=0.0T w=-132.0deg",2025-10-27 03:50:16,2025-10-27 03:51:27,00:01:11,0.1,4.65,0.0,4.65,0.07,0.0,-132.0,/SNS/CNCS/IPTS-37274/nexus/CNCS_668087.nxs.h5
668086,108367,YbZn2GaO5,"YZGO, MAG9, Ei=4.65meV, T=0.07K, B=0.0T w=-132.5deg",2025-10-27 03:49:00,2025-10-27 03:50:12,00:01:12,0.1,4.65,0.0,4.65,0.07,0.0,-132.5,/SNS/CNCS/IPTS-37274/nexus/CNCS_668086.nxs.h5
668085,108367,YbZn2GaO5,"YZGO, MAG9, Ei=4.65meV, T=0.07K, B=0.0T w=-133.0deg",2025-10-27 03:47:45,2025-10-27 03:48:56,00:01:11,0.1,4.65,0.0,4.65,0.07,0.0,-133.0,/SNS/CNCS/IPTS-37274/nexus/CNCS_668085.nxs.h5
668084,108367,YbZn2GaO5,"YZGO, MAG9, Ei=4.65meV, T=0.07K, B=0.0T w=-133.5deg",2025-10-27 03:46:29,2025-10-27 03:47:41,00:01:11,0.1,4.65,0.0,4.65,0.07,0.0,-133.5,/SNS/CNCS/IPTS-37274/nexus/CNCS_668084.nxs.h5
668083,108367,YbZn2GaO5,"YZGO, MAG9, Ei=4.65meV, T=0.07K, B=0.0T w=-134.0deg",2025-10-27 03:45:14,2025-10-27 03:46:26,00:01:12,0.1,4.65,0.0,4.65,0.07,0.0,-134.0,/SNS/CNCS/IPTS-37274/nexus/CNCS_668083.nxs.h5
668082,108367,YbZn2GaO5,"YZGO, MAG9, Ei=4.65meV, T=0.07K, B=0.0T w=-134.5deg",2025-10-27 03:43:58,2025-10-27 03:45:10,00:01:11,0.1,4.65,0.0,4.65,0.07,0.0,-134.5,/SNS/CNCS/IPTS-37274/nexus/CNCS_668082.nxs.h5
668081,108367,YbZn2GaO5,"YZGO, MAG9, Ei=4.65meV, T=0.07K, B=0.0T w=-135.0deg",2025-10-27 03:42:43,2025-10-27 03:43:55,00:01:11,0.1,4.65,0.0,4.65,0.07,0.0,-135.0,/SNS/CNCS/IPTS-37274/nexus/CNCS_668081.nxs.h5
668080,108367,YbZn2GaO5,"YZGO, MAG9, Ei=4.65meV, T=0.07K, B=0.0T w=-135.5deg",2025-10-27 03:41:27,2025-10-27 03:42:39,00:01:11,0.1,4.65,0.0,4.65,0.07,0.0,-135.5,/SNS/CNCS/IPTS-37274/nexus/CNCS_668080.nxs.h5
668079,108367,YbZn2GaO5,"YZGO, MAG9, Ei=4.65meV, T=0.07K, B=0.0T w=-136.0deg",2025-10-27 03:40:12,2025-10-27 03:41:24,00:01:11,0.1,4.65,0.0,4.65,0.07,0.0,-136.0,/SNS/CNCS/IPTS-37274/nexus/CNCS_668079.nxs.h5
668078,108367,YbZn2GaO5,"YZGO, MAG9, Ei=4.65meV, T=0.07K, B=0.0T w=-136.5deg",2025-10-27 03:38:57,2025-10-27 03:40:09,00:01:11,0.1,4.65,0.0,4.65,0.07,0.0,-136.5,/SNS/CNCS/IPTS-37274/nexus/CNCS_668078.nxs.h5
668077,108367,YbZn2GaO5,"YZGO, MAG9, Ei=4.65meV, T=0.07K, B=0.0T w=-137.0deg",2025-10-27 03:37:41,2025-10-27 03:38:53,00:01:12,0.1,4.65,0.0,4.65,0.07,0.0,-137.0,/SNS/CNCS/IPTS-37274/nexus/CNCS_668077.nxs.h5
668076,108367,YbZn2GaO5,"YZGO, MAG9, Ei=4.65meV, T=0.07K, B=0.0T w=-137.5deg",2025-10-27 03:36:25,2025-10-27 03:37:38,00:01:12,0.1,4.65,0.0,4.65,0.07,0.0,-137.5,/SNS/CNCS/IPTS-37274/nexus/CNCS_668076.nxs.h5
668075,108367,YbZn2GaO5,"YZGO, MAG9, Ei=4.65meV, T=0.07K, B=0.0T w=-138.0deg",2025-10-27 03:35:10,2025-10-27 03:36:22,00:01:11,0.1,4.65,0.0,4.65,0.07,0.0,-138.0,/SNS/CNCS/IPTS-37274/nexus/CNCS_668075.nxs.h5
668074,108367,YbZn2GaO5,"YZGO, MAG9, Ei=4.65meV, T=0.07K, B=0.0T w=-138.5deg",2025-10-27 03:33:55,2025-10-27 03:35:06,00:01:11,0.1,4.65,0.0,4.65,0.07,0.0,-138.5,/SNS/CNCS/IPTS-37274/nexus/CNCS_668074.nxs.h5
668073,108367,YbZn2GaO5,"YZGO, MAG9, Ei=4.65meV, T=0.07K, B=0.0T w=-139.0deg",2025-10-27 03:32:39,2025-10-27 03:33:51,00:01:11,0.1,4.65,0.0,4.65,0.07,0.0,-139.0,/SNS/CNCS/IPTS-37274/nexus/CNCS_668073.nxs.h5
668072,108367,YbZn2GaO5,"YZGO, MAG9, Ei=4.65meV, T=0.07K, B=0.0T w=-139.5deg",2025-10-27 03:31:24,2025-10-27 03:32:36,00:01:12,0.1,4.65,0.0,4.65,0.07,0.0,-139.5,/SNS/CNCS/IPTS-37274/nexus/CNCS_668072.nxs.h5
668071,108367,YbZn2GaO5,"YZGO, MAG9, Ei=4.65meV, T=0.07K, B=0.0T w=-140.0deg",2025-10-27 03:30:08,2025-10-27 03:31:20,00:01:11,0.1,4.65,0.0,4.65,0.07,0.0,-140.0,/SNS/CNCS/IPTS-37274/nexus/CNCS_668071.nxs.h5
668070,108367,YbZn2GaO5,"YZGO, MAG9, Ei=4.65meV, T=0.07K, B=0.0T w=-140.5deg",2025-10-27 03:28:53,2025-10-27 03:30:05,00:01:12,0.1,4.65,0.0,4.65,0.07,0.0,-140.5,/SNS/CNCS/IPTS-37274/nexus/CNCS_668070.nxs.h5
668069,108367,YbZn2GaO5,"YZGO, MAG9, Ei=4.65meV, T=0.07K, B=0.0T w=-141.0deg",2025-10-27 03:27:37,2025-10-27 03:28:49,00:01:12,0.1,4.65,0.0,4.65,0.07,0.0,-141.0,/SNS/CNCS/IPTS-37274/nexus/CNCS_668069.nxs.h5
668068,108367,YbZn2GaO5,"YZGO, MAG9, Ei=4.65meV, T=0.07K, B=0.0T w=-141.5deg",2025-10-27 03:26:21,2025-10-27 03:27:33,00:01:11,0.1,4.65,0.0,4.65,0.07,0.0,-141.5,/SNS/CNCS/IPTS-37274/nexus/CNCS_668068.nxs.h5
668067,108367,YbZn2GaO5,"YZGO, MAG9, Ei=4.65meV, T=0.07K, B=0.0T w=-142.0deg",2025-10-27 03:25:06,2025-10-27 03:26:18,00:01:11,0.1,4.65,0.0,4.65,0.07,0.0,-142.0,/SNS/CNCS/IPTS-37274/nexus/CNCS_668067.nxs.h5
668066,108367,YbZn2GaO5,"YZGO, MAG9, Ei=4.65meV, T=0.07K, B=0.0T w=-142.5deg",2025-10-27 03:23:51,2025-10-27 03:25:03,00:01:11,0.1,4.65,0.0,4.65,0.07,0.0,-142.5,/SNS/CNCS/IPTS-37274/nexus/CNCS_668066.nxs.h5
668065,108367,YbZn2GaO5,"YZGO, MAG9, Ei=4.65meV, T=0.07K, B=0.0T w=-143.0deg",2025-10-27 03:22:35,2025-10-27 03:23:47,00:01:12,0.1,4.65,0.0,4.65,0.07,0.0,-143.0,/SNS/CNCS/IPTS-37274/nexus/CNCS_668065.nxs.h5
668064,108367,YbZn2GaO5,"YZGO, MAG9, Ei=4.65meV, T=0.07K, B=0.0T w=-143.5deg",2025-10-27 03:21:20,2025-10-27 03:22:32,00:01:11,0.1,4.65,0.0,4.65,0.07,0.0,-143.5,/SNS/CNCS/IPTS-37274/nexus/CNCS_668064.nxs.h5
668063,108367,YbZn2GaO5,"YZGO, MAG9, Ei=4.65meV, T=0.07K, B=0.0T w=-144.0deg",2025-10-27 03:20:04,2025-10-27 03:21:16,00:01:11,0.1,4.65,0.0,4.65,0.07,0.0,-144.0,/SNS/CNCS/IPTS-37274/nexus/CNCS_668063.nxs.h5
668062,108367,YbZn2GaO5,"YZGO, MAG9, Ei=4.65meV, T=0.07K, B=0.0T w=-144.5deg",2025-10-27 03:18:49,2025-10-27 03:20:01,00:01:12,0.1,4.65,0.0,4.65,0.07,0.0,-144.5,/SNS/CNCS/IPTS-37274/nexus/CNCS_668062.nxs.h5
668061,108367,YbZn2GaO5,"YZGO, MAG9, Ei=4.65meV, T=0.07K, B=0.0T w=-145.0deg",2025-10-27 03:17:33,2025-10-27 03:18:45,00:01:11,0.1,4.65,0.0,4.65,0.07,0.0,-145.0,/SNS/CNCS/IPTS-37274/nexus/CNCS_668061.nxs.h5
668060,108367,YbZn2GaO5,"YZGO, MAG9, Ei=4.65meV, T=0.07K, B=0.0T w=-145.5deg",2025-10-27 03:16:18,2025-10-27 03:17:30,00:01:11,0.1,4.65,0.0,4.65,0.07,0.0,-145.5,/SNS/CNCS/IPTS-37274/nexus/CNCS_668060.nxs.h5
668059,108367,YbZn2GaO5,"YZGO, MAG9, Ei=4.65meV, T=0.07K, B=0.0T w=-146.0deg",2025-10-27 03:15:03,2025-10-27 03:16:14,00:01:11,0.1,4.65,0.0,4.65,0.07,0.0,-146.0,/SNS/CNCS/IPTS-37274/nexus/CNCS_668059.nxs.h5
668058,108367,YbZn2GaO5,"YZGO, MAG9, Ei=4.65meV, T=0.07K, B=0.0T w=-146.5deg",2025-10-27 03:13:47,2025-10-27 03:14:59,00:01:12,0.1,4.65,0.0,4.65,0.07,0.0,-146.5,/SNS/CNCS/IPTS-37274/nexus/CNCS_668058.nxs.h5
668057,108367,YbZn2GaO5,"YZGO, MAG9, Ei=4.65meV, T=0.07K, B=0.0T w=-147.0deg",2025-10-27 03:12:32,2025-10-27 03:13:43,00:01:11,0.1,4.65,0.0,4.65,0.07,0.0,-147.0,/SNS/CNCS/IPTS-37274/nexus/CNCS_668057.nxs.h5
668056,108367,YbZn2GaO5,"YZGO, MAG9, Ei=4.65meV, T=0.07K, B=0.0T w=-147.5deg",2025-10-27 03:11:17,2025-10-27 03:12:28,00:01:11,0.1,4.65,0.0,4.65,0.07,0.0,-147.5,/SNS/CNCS/IPTS-37274/nexus/CNCS_668056.nxs.h5
668055,108367,YbZn2GaO5,"YZGO, MAG9, Ei=4.65meV, T=0.07K, B=0.0T w=-148.0deg",2025-10-27 03:10:01,2025-10-27 03:11:13,00:01:11,0.1,4.65,0.0,4.65,0.07,0.0,-148.0,/SNS/CNCS/IPTS-37274/nexus/CNCS_668055.nxs.h5
668054,108367,YbZn2GaO5,"YZGO, MAG9, Ei=4.65meV, T=0.07K, B=0.0T w=-148.5deg",2025-10-27 03:08:46,2025-10-27 03:09:58,00:01:11,0.1,4.65,0.0,4.65,0.07,0.0,-148.5,/SNS/CNCS/IPTS-37274/nexus/CNCS_668054.nxs.h5
668053,108367,YbZn2GaO5,"YZGO, MAG9, Ei=4.65meV, T=0.07K, B=0.0T w=-149.0deg",2025-10-27 03:07:30,2025-10-27 03:08:42,00:01:12,0.1,4.65,0.0,4.65,0.07,0.0,-149.0,/SNS/CNCS/IPTS-37274/nexus/CNCS_668053.nxs.h5
668052,108367,YbZn2GaO5,"YZGO, MAG9, Ei=4.65meV, T=0.07K, B=0.0T w=-149.5deg",2025-10-27 03:06:15,2025-10-27 03:07:27,00:01:12,0.1,4.65,0.0,4.65,0.07,0.0,-149.5,/SNS/CNCS/IPTS-37274/nexus/CNCS_668052.nxs.h5
668051,108367,YbZn2GaO5,"YZGO, MAG9, Ei=4.65meV, T=0.07K, B=0.0T w=-150.0deg",2025-10-27 03:04:59,2025-10-27 03:06:11,00:01:12,0.1,4.65,0.0,4.65,0.07,0.0,-150.0,/SNS/CNCS/IPTS-37274/nexus/CNCS_668051.nxs.h5
668050,108367,YbZn2GaO5,"YZGO, MAG9, Ei=4.65meV, T=0.07K, B=0.0T w=-150.5deg",2025-10-27 03:03:44,2025-10-27 03:04:55,00:01:11,0.1,4.65,0.0,4.65,0.07,0.0,-150.5,/SNS/CNCS/IPTS-37274/nexus/CNCS_668050.nxs.h5
668049,108367,YbZn2GaO5,"YZGO, MAG9, Ei=4.65meV, T=0.07K, B=0.0T w=-151.0deg",2025-10-27 03:02:28,2025-10-27 03:03:40,00:01:12,0.1,4.65,0.0,4.65,0.07,0.0,-151.0,/SNS/CNCS/IPTS-37274/nexus/CNCS_668049.nxs.h5
668048,108367,YbZn2GaO5,"YZGO, MAG9, Ei=4.65meV, T=0.07K, B=0.0T w=-151.5deg",2025-10-27 03:01:12,2025-10-27 03:02:24,00:01:11,0.1,4.65,0.0,4.65,0.07,0.0,-151.5,/SNS/CNCS/IPTS-37274/nexus/CNCS_668048.nxs.h5
668047,108367,YbZn2GaO5,"YZGO, MAG9, Ei=4.65meV, T=0.07K, B=0.0T w=-152.0deg",2025-10-27 02:59:57,2025-10-27 03:01:09,00:01:11,0.1,4.65,0.0,4.65,0.07,0.0,-152.0,/SNS/CNCS/IPTS-37274/nexus/CNCS_668047.nxs.h5
668046,108367,YbZn2GaO5,"YZGO, MAG9, Ei=4.65meV, T=0.07K, B=0.0T w=-152.5deg",2025-10-27 02:58:40,2025-10-27 02:59:54,00:01:13,0.1,4.65,0.0,4.65,0.07,0.0,-152.5,/SNS/CNCS/IPTS-37274/nexus/CNCS_668046.nxs.h5
668045,108367,YbZn2GaO5,"YZGO, MAG9, Ei=4.65meV, T=0.07K, B=0.0T w=-153.0deg",2025-10-27 02:57:25,2025-10-27 02:58:37,00:01:11,0.1,4.65,0.0,4.65,0.07,0.0,-153.0,/SNS/CNCS/IPTS-37274/nexus/CNCS_668045.nxs.h5
668044,108367,YbZn2GaO5,"YZGO, MAG9, Ei=4.65meV, T=0.07K, B=0.0T w=-153.5deg",2025-10-27 02:56:10,2025-10-27 02:57:21,00:01:11,0.1,4.65,0.0,4.65,0.07,0.0,-153.5,/SNS/CNCS/IPTS-37274/nexus/CNCS_668044.nxs.h5
668043,108367,YbZn2GaO5,"YZGO, MAG9, Ei=4.65meV, T=0.07K, B=0.0T w=-154.0deg",2025-10-27 02:54:54,2025-10-27 02:56:06,00:01:11,0.1,4.65,0.0,4.65,0.07,0.0,-154.0,/SNS/CNCS/IPTS-37274/nexus/CNCS_668043.nxs.h5
668042,108367,YbZn2GaO5,"YZGO, MAG9, Ei=4.65meV, T=0.07K, B=0.0T w=-154.5deg",2025-10-27 02:53:39,2025-10-27 02:54:51,00:01:11,0.1,4.65,0.0,4.65,0.07,0.0,-154.5,/SNS/CNCS/IPTS-37274/nexus/CNCS_668042.nxs.h5
668041,108367,YbZn2GaO5,"YZGO, MAG9, Ei=4.65meV, T=0.07K, B=0.0T w=-155.0deg",2025-10-27 02:52:23,2025-10-27 02:53:36,00:01:12,0.1,4.65,0.0,4.65,0.07,0.0,-155.0,/SNS/CNCS/IPTS-37274/nexus/CNCS_668041.nxs.h5
668040,108367,YbZn2GaO5,"YZGO, MAG9, Ei=4.65meV, T=0.07K, B=0.0T w=-155.5deg",2025-10-27 02:51:08,2025-10-27 02:52:20,00:01:12,0.1,4.65,0.0,4.65,0.07,0.0,-155.5,/SNS/CNCS/IPTS-37274/nexus/CNCS_668040.nxs.h5
668039,108367,YbZn2GaO5,"YZGO, MAG9, Ei=4.65meV, T=0.07K, B=0.0T w=-156.0deg",2025-10-27 02:49:52,2025-10-27 02:51:04,00:01:11,0.1,4.65,0.0,4.65,0.07,0.0,-156.0,/SNS/CNCS/IPTS-37274/nexus/CNCS_668039.nxs.h5
668038,108367,YbZn2GaO5,"YZGO, MAG9, Ei=4.65meV, T=0.07K, B=0.0T w=-156.5deg",2025-10-27 02:48:37,2025-10-27 02:49:49,00:01:11,0.1,4.65,0.0,4.65,0.07,0.0,-156.5,/SNS/CNCS/IPTS-37274/nexus/CNCS_668038.nxs.h5
668037,108367,YbZn2GaO5,"YZGO, MAG9, Ei=4.65meV, T=0.07K, B=0.0T w=-157.0deg",2025-10-27 02:47:22,2025-10-27 02:48:33,00:01:11,0.1,4.65,0.0,4.65,0.07,0.0,-157.0,/SNS/CNCS/IPTS-37274/nexus/CNCS_668037.nxs.h5
668036,108367,YbZn2GaO5,"YZGO, MAG9, Ei=4.65meV, T=0.07K, B=0.0T w=-157.5deg",2025-10-27 02:46:06,2025-10-27 02:47:18,00:01:11,0.1,4.65,0.0,4.65,0.07,0.0,-157.5,/SNS/CNCS/IPTS-37274/nexus/CNCS_668036.nxs.h5
668035,108367,YbZn2GaO5,"YZGO, MAG9, Ei=4.65meV, T=0.07K, B=0.0T w=-158.0deg",2025-10-27 02:44:51,2025-10-27 02:46:03,00:01:11,0.1,4.65,0.0,4.65,0.07,0.0,-158.0,/SNS/CNCS/IPTS-37274/nexus/CNCS_668035.nxs.h5
668034,108367,YbZn2GaO5,"YZGO, MAG9, Ei=4.65meV, T=0.07K, B=0.0T w=-158.5deg",2025-10-27 02:43:36,2025-10-27 02:44:47,00:01:11,0.1,4.65,0.0,4.65,0.07,0.0,-158.5,/SNS/CNCS/IPTS-37274/nexus/CNCS_668034.nxs.h5
668033,108367,YbZn2GaO5,"YZGO, MAG9, Ei=4.65meV, T=0.07K, B=0.0T w=-159.0deg",2025-10-27 02:42:20,2025-10-27 02:43:32,00:01:11,0.1,4.65,0.0,4.65,0.07,0.0,-159.0,/SNS/CNCS/IPTS-37274/nexus/CNCS_668033.nxs.h5
668032,108367,YbZn2GaO5,"YZGO, MAG9, Ei=4.65meV, T=0.07K, B=0.0T w=-159.5deg",2025-10-27 02:41:05,2025-10-27 02:42:17,00:01:12,0.1,4.65,0.0,4.65,0.07,0.0,-159.5,/SNS/CNCS/IPTS-37274/nexus/CNCS_668032.nxs.h5
668031,108367,YbZn2GaO5,"YZGO, MAG9, Ei=4.65meV, T=0.07K, B=0.0T w=-160.0deg",2025-10-27 02:39:49,2025-10-27 02:41:01,00:01:11,0.1,4.65,0.0,4.65,0.07,0.0,-160.0,/SNS/CNCS/IPTS-37274/nexus/CNCS_668031.nxs.h5
668030,108367,YbZn2GaO5,"YZGO, MAG9, Ei=4.65meV, T=0.07K, B=0.0T w=-160.5deg",2025-10-27 02:38:34,2025-10-27 02:39:46,00:01:11,0.1,4.65,0.0,4.65,0.07,0.0,-160.5,/SNS/CNCS/IPTS-37274/nexus/CNCS_668030.nxs.h5
668029,108367,YbZn2GaO5,"YZGO, MAG9, Ei=4.65meV, T=0.07K, B=0.0T w=-161.0deg",2025-10-27 02:37:19,2025-10-27 02:38:30,00:01:11,0.1,4.65,0.0,4.65,0.07,0.0,-161.0,/SNS/CNCS/IPTS-37274/nexus/CNCS_668029.nxs.h5
668028,108367,YbZn2GaO5,"YZGO, MAG9, Ei=4.65meV, T=0.07K, B=0.0T w=-161.5deg",2025-10-27 02:36:03,2025-10-27 02:37:15,00:01:11,0.1,4.65,0.0,4.65,0.07,0.0,-161.5,/SNS/CNCS/IPTS-37274/nexus/CNCS_668028.nxs.h5
668027,108367,YbZn2GaO5,"YZGO, MAG9, Ei=4.65meV, T=0.07K, B=0.0T w=-162.0deg",2025-10-27 02:34:48,2025-10-27 02:36:00,00:01:11,0.1,4.65,0.0,4.65,0.07,0.0,-162.0,/SNS/CNCS/IPTS-37274/nexus/CNCS_668027.nxs.h5
668026,108367,YbZn2GaO5,"YZGO, MAG9, Ei=4.65meV, T=0.07K, B=0.0T w=-162.5deg",2025-10-27 02:33:33,2025-10-27 02:34:45,00:01:11,0.1,4.65,0.0,4.65,0.07,0.0,-162.5,/SNS/CNCS/IPTS-37274/nexus/CNCS_668026.nxs.h5
668025,108367,YbZn2GaO5,"YZGO, MAG9, Ei=4.65meV, T=0.07K, B=0.0T w=-163.0deg",2025-10-27 02:32:17,2025-10-27 02:33:29,00:01:11,0.1,4.65,0.0,4.65,0.07,0.0,-163.0,/SNS/CNCS/IPTS-37274/nexus/CNCS_668025.nxs.h5
668024,108367,YbZn2GaO5,"YZGO, MAG9, Ei=4.65meV, T=0.07K, B=0.0T w=-163.5deg",2025-10-27 02:31:02,2025-10-27 02:32:14,00:01:11,0.1,4.65,0.0,4.65,0.07,0.0,-163.5,/SNS/CNCS/IPTS-37274/nexus/CNCS_668024.nxs.h5
668023,108367,YbZn2GaO5,"YZGO, MAG9, Ei=4.65meV, T=0.07K, B=0.0T w=-164.0deg",2025-10-27 02:29:47,2025-10-27 02:30:58,00:01:11,0.1,4.65,0.0,4.65,0.07,0.0,-164.0,/SNS/CNCS/IPTS-37274/nexus/CNCS_668023.nxs.h5
668022,108367,YbZn2GaO5,"YZGO, MAG9, Ei=4.65meV, T=0.07K, B=0.0T w=-164.5deg",2025-10-27 02:28:31,2025-10-27 02:29:43,00:01:12,0.1,4.65,0.0,4.65,0.07,0.0,-164.5,/SNS/CNCS/IPTS-37274/nexus/CNCS_668022.nxs.h5
668021,108367,YbZn2GaO5,"YZGO, MAG9, Ei=4.65meV, T=0.07K, B=0.0T w=-165.0deg",2025-10-27 02:27:16,2025-10-27 02:28:27,00:01:11,0.1,4.65,0.0,4.65,0.07,0.0,-165.0,/SNS/CNCS/IPTS-37274/nexus/CNCS_668021.nxs.h5
668020,108367,YbZn2GaO5,"YZGO, MAG9, Ei=4.65meV, T=0.07K, B=0.0T w=-165.5deg",2025-10-27 02:26:00,2025-10-27 02:27:12,00:01:11,0.1,4.65,0.0,4.65,0.07,0.0,-165.5,/SNS/CNCS/IPTS-37274/nexus/CNCS_668020.nxs.h5
668019,108367,YbZn2GaO5,"YZGO, MAG9, Ei=4.65meV, T=0.07K, B=0.0T w=-166.0deg",2025-10-27 02:24:45,2025-10-27 02:25:57,00:01:11,0.1,4.65,0.0,4.65,0.07,0.0,-166.0,/SNS/CNCS/IPTS-37274/nexus/CNCS_668019.nxs.h5
668018,108367,YbZn2GaO5,"YZGO, MAG9, Ei=4.65meV, T=0.07K, B=0.0T w=-166.5deg",2025-10-27 02:23:30,2025-10-27 02:24:42,00:01:11,0.1,4.65,0.0,4.65,0.07,0.0,-166.5,/SNS/CNCS/IPTS-37274/nexus/CNCS_668018.nxs.h5
668017,108367,YbZn2GaO5,"YZGO, MAG9, Ei=4.65meV, T=0.07K, B=0.0T w=-167.0deg",2025-10-27 02:22:15,2025-10-27 02:23:26,00:01:11,0.1,4.65,0.0,4.65,0.07,0.0,-167.0,/SNS/CNCS/IPTS-37274/nexus/CNCS_668017.nxs.h5
668016,108367,YbZn2GaO5,"YZGO, MAG9, Ei=4.65meV, T=0.07K, B=0.0T w=-167.5deg",2025-10-27 02:20:59,2025-10-27 02:22:11,00:01:11,0.1,4.65,0.0,4.65,0.07,0.0,-167.5,/SNS/CNCS/IPTS-37274/nexus/CNCS_668016.nxs.h5
668015,108367,YbZn2GaO5,"YZGO, MAG9, Ei=4.65meV, T=0.07K, B=0.0T w=-168.0deg",2025-10-27 02:19:44,2025-10-27 02:20:56,00:01:12,0.1,4.65,0.0,4.65,0.07,0.0,-168.0,/SNS/CNCS/IPTS-37274/nexus/CNCS_668015.nxs.h5
668014,108367,YbZn2GaO5,"YZGO, MAG9, Ei=4.65meV, T=0.07K, B=0.0T w=-168.5deg",2025-10-27 02:18:28,2025-10-27 02:19:40,00:01:11,0.1,4.65,0.0,4.65,0.07,0.0,-168.5,/SNS/CNCS/IPTS-37274/nexus/CNCS_668014.nxs.h5
668013,108367,YbZn2GaO5,"YZGO, MAG9, Ei=4.65meV, T=0.07K, B=0.0T w=-169.0deg",2025-10-27 02:17:13,2025-10-27 02:18:25,00:01:11,0.1,4.65,0.0,4.65,0.07,0.0,-169.0,/SNS/CNCS/IPTS-37274/nexus/CNCS_668013.nxs.h5
668012,108367,YbZn2GaO5,"YZGO, MAG9, Ei=4.65meV, T=0.07K, B=0.0T w=-169.5deg",2025-10-27 02:15:58,2025-10-27 02:17:09,00:01:11,0.1,4.65,0.0,4.65,0.07,0.0,-169.5,/SNS/CNCS/IPTS-37274/nexus/CNCS_668012.nxs.h5
668011,108367,YbZn2GaO5,"YZGO, MAG9, Ei=4.65meV, T=0.07K, B=0.0T w=-170.0deg",2025-10-27 02:14:42,2025-10-27 02:15:54,00:01:11,0.1,4.65,0.0,4.65,0.07,0.0,-170.0,/SNS/CNCS/IPTS-37274/nexus/CNCS_668011.nxs.h5
668010,108367,YbZn2GaO5,"YZGO, MAG9, Ei=4.65meV, T=0.07K, B=0.0T w=-170.5deg",2025-10-27 02:13:27,2025-10-27 02:14:39,00:01:11,0.1,4.65,0.0,4.65,0.07,0.0,-170.5,/SNS/CNCS/IPTS-37274/nexus/CNCS_668010.nxs.h5
668009,108367,YbZn2GaO5,"YZGO, MAG9, Ei=4.65meV, T=0.07K, B=0.0T w=-171.0deg",2025-10-27 02:12:12,2025-10-27 02:13:24,00:01:11,0.1,4.65,0.0,4.65,0.07,0.0,-171.0,/SNS/CNCS/IPTS-37274/nexus/CNCS_668009.nxs.h5
668008,108367,YbZn2GaO5,"YZGO, MAG9, Ei=4.65meV, T=0.07K, B=0.0T w=-171.5deg",2025-10-27 02:10:57,2025-10-27 02:12:08,00:01:11,0.1,4.65,0.0,4.65,0.07,0.0,-171.5,/SNS/CNCS/IPTS-37274/nexus/CNCS_668008.nxs.h5
668007,108367,YbZn2GaO5,"YZGO, MAG9, Ei=4.65meV, T=0.07K, B=0.0T w=-172.0deg",2025-10-27 02:09:41,2025-10-27 02:10:53,00:01:11,0.1,4.65,0.0,4.65,0.07,0.0,-172.0,/SNS/CNCS/IPTS-37274/nexus/CNCS_668007.nxs.h5
668006,108367,YbZn2GaO5,"YZGO, MAG9, Ei=4.65meV, T=0.07K, B=0.0T w=-172.5deg",2025-10-27 02:08:26,2025-10-27 02:09:38,00:01:11,0.1,4.65,0.0,4.65,0.07,0.0,-172.5,/SNS/CNCS/IPTS-37274/nexus/CNCS_668006.nxs.h5
668005,108367,YbZn2GaO5,"YZGO, MAG9, Ei=4.65meV, T=0.07K, B=0.0T w=-173.0deg",2025-10-27 02:07:10,2025-10-27 02:08:22,00:01:12,0.1,4.65,0.0,4.65,0.07,0.0,-173.0,/SNS/CNCS/IPTS-37274/nexus/CNCS_668005.nxs.h5
668004,108367,YbZn2GaO5,"YZGO, MAG9, Ei=4.65meV, T=0.07K, B=0.0T w=-173.5deg",2025-10-27 02:05:55,2025-10-27 02:07:07,00:01:12,0.1,4.65,0.0,4.65,0.07,0.0,-173.5,/SNS/CNCS/IPTS-37274/nexus/CNCS_668004.nxs.h5
668003,108367,YbZn2GaO5,"YZGO, MAG9, Ei=4.65meV, T=0.07K, B=0.0T w=-174.0deg",2025-10-27 02:04:39,2025-10-27 02:05:51,00:01:12,0.1,4.65,0.0,4.65,0.07,0.0,-174.0,/SNS/CNCS/IPTS-37274/nexus/CNCS_668003.nxs.h5
668002,108367,YbZn2GaO5,"YZGO, MAG9, Ei=4.65meV, T=0.07K, B=0.0T w=-174.5deg",2025-10-27 02:03:24,2025-10-27 02:04:35,00:01:11,0.1,4.65,0.0,4.65,0.07,0.0,-174.5,/SNS/CNCS/IPTS-37274/nexus/CNCS_668002.nxs.h5
668001,108367,YbZn2GaO5,"YZGO, MAG9, Ei=4.65meV, T=0.07K, B=0.0T w=-175.0deg",2025-10-27 02:02:08,2025-10-27 02:03:20,00:01:12,0.1,4.65,0.0,4.65,0.07,0.0,-175.0,/SNS/CNCS/IPTS-37274/nexus/CNCS_668001.nxs.h5
668000,108367,YbZn2GaO5,"YZGO, MAG9, Ei=4.65meV, T=0.07K, B=0.0T w=-175.5deg",2025-10-27 02:00:52,2025-10-27 02:02:04,00:01:12,0.1,4.65,0.0,4.65,0.07,0.0,-175.5,/SNS/CNCS/IPTS-37274/nexus/CNCS_668000.nxs.h5
667999,108367,YbZn2GaO5,"YZGO, MAG9, Ei=4.65meV, T=0.07K, B=0.0T w=-176.0deg",2025-10-27 01:59:37,2025-10-27 02:00:48,00:01:11,0.1,4.65,0.0,4.65,0.07,0.0,-176.0,/SNS/CNCS/IPTS-37274/nexus/CNCS_667999.nxs.h5
667998,108367,YbZn2GaO5,"YZGO, MAG9, Ei=4.65meV, T=0.07K, B=0.0T w=-176.5deg",2025-10-27 01:58:21,2025-10-27 01:59:33,00:01:12,0.1,4.65,0.0,4.65,0.07,0.0,-176.5,/SNS/CNCS/IPTS-37274/nexus/CNCS_667998.nxs.h5
667997,108367,YbZn2GaO5,"YZGO, MAG9, Ei=4.65meV, T=0.07K, B=0.0T w=-177.0deg",2025-10-27 01:57:06,2025-10-27 01:58:17,00:01:11,0.1,4.65,0.0,4.65,0.07,0.0,-177.0,/SNS/CNCS/IPTS-37274/nexus/CNCS_667997.nxs.h5
667996,108367,YbZn2GaO5,"YZGO, MAG9, Ei=4.65meV, T=0.07K, B=0.0T w=-177.5deg",2025-10-27 01:55:50,2025-10-27 01:57:02,00:01:11,0.1,4.65,0.0,4.65,0.07,0.0,-177.5,/SNS/CNCS/IPTS-37274/nexus/CNCS_667996.nxs.h5
667995,108367,YbZn2GaO5,"YZGO, MAG9, Ei=4.65meV, T=0.07K, B=0.0T w=-178.0deg",2025-10-27 01:54:35,2025-10-27 01:55:47,00:01:11,0.1,4.65,0.0,4.65,0.07,0.0,-178.0,/SNS/CNCS/IPTS-37274/nexus/CNCS_667995.nxs.h5
667994,108367,YbZn2GaO5,"YZGO, MAG9, Ei=4.65meV, T=0.07K, B=0.0T w=-178.5deg",2025-10-27 01:53:20,2025-10-27 01:54:32,00:01:11,0.1,4.65,0.0,4.65,0.07,0.0,-178.5,/SNS/CNCS/IPTS-37274/nexus/CNCS_667994.nxs.h5
667993,108367,YbZn2GaO5,"YZGO, MAG9, Ei=4.65meV, T=0.07K, B=0.0T w=-179.0deg",2025-10-27 01:52:05,2025-10-27 01:53:16,00:01:11,0.1,4.65,0.0,4.65,0.07,0.0,-179.0,/SNS/CNCS/IPTS-37274/nexus/CNCS_667993.nxs.h5
667992,108367,YbZn2GaO5,"YZGO, MAG9, Ei=4.65meV, T=0.07K, B=0.0T w=-179.5deg",2025-10-27 01:50:49,2025-10-27 01:52:01,00:01:11,0.1,4.65,0.0,4.65,0.07,0.0,-179.5,/SNS/CNCS/IPTS-37274/nexus/CNCS_667992.nxs.h5
667991,108367,YbZn2GaO5,"YZGO, MAG9, Ei=4.65meV, T=0.07K, B=0.0T w=-180.0deg",2025-10-27 01:49:34,2025-10-27 01:50:46,00:01:11,0.1,4.65,0.0,4.65,0.07,0.0,-180.0,/SNS/CNCS/IPTS-37274/nexus/CNCS_667991.nxs.h5
667990,108367,YbZn2GaO5,"YZGO, MAG9, Ei=4.65meV, T=0.07K, B=0.0T w=-180.5deg",2025-10-27 01:48:19,2025-10-27 01:49:30,00:01:11,0.1,4.65,0.0,4.65,0.07,0.0,-180.5,/SNS/CNCS/IPTS-37274/nexus/CNCS_667990.nxs.h5
667989,108367,YbZn2GaO5,"YZGO, MAG9, Ei=4.65meV, T=0.07K, B=0.0T w=-181.0deg",2025-10-27 01:47:03,2025-10-27 01:48:15,00:01:12,0.1,4.65,0.0,4.65,0.07,0.0,-181.0,/SNS/CNCS/IPTS-37274/nexus/CNCS_667989.nxs.h5
667988,108367,YbZn2GaO5,"YZGO, MAG9, Ei=4.65meV, T=0.07K, B=0.0T w=-181.5deg",2025-10-27 01:45:47,2025-10-27 01:46:59,00:01:12,0.1,4.65,0.0,4.65,0.07,0.0,-181.5,/SNS/CNCS/IPTS-37274/nexus/CNCS_667988.nxs.h5
667987,108367,YbZn2GaO5,"YZGO, MAG9, Ei=4.65meV, T=0.07K, B=0.0T w=-182.0deg",2025-10-27 01:44:32,2025-10-27 01:45:44,00:01:11,0.1,4.65,0.0,4.65,0.07,0.0,-182.0,/SNS/CNCS/IPTS-37274/nexus/CNCS_667987.nxs.h5
667986,108367,YbZn2GaO5,"YZGO, MAG9, Ei=4.65meV, T=0.07K, B=0.0T w=-182.5deg",2025-10-27 01:43:16,2025-10-27 01:44:28,00:01:12,0.1,4.65,0.0,4.65,0.07,0.0,-182.5,/SNS/CNCS/IPTS-37274/nexus/CNCS_667986.nxs.h5
667985,108367,YbZn2GaO5,"YZGO, MAG9, Ei=4.65meV, T=0.07K, B=0.0T w=-183.0deg",2025-10-27 01:42:01,2025-10-27 01:43:13,00:01:11,0.1,4.65,0.0,4.65,0.07,0.0,-183.0,/SNS/CNCS/IPTS-37274/nexus/CNCS_667985.nxs.h5
667984,108367,YbZn2GaO5,"YZGO, MAG9, Ei=4.65meV, T=0.07K, B=0.0T w=-183.5deg",2025-10-27 01:40:45,2025-10-27 01:41:57,00:01:12,0.1,4.65,0.0,4.65,0.07,0.0,-183.5,/SNS/CNCS/IPTS-37274/nexus/CNCS_667984.nxs.h5
667983,108367,YbZn2GaO5,"YZGO, MAG9, Ei=4.65meV, T=0.07K, B=0.0T w=-184.0deg",2025-10-27 01:39:30,2025-10-27 01:40:41,00:01:11,0.1,4.65,0.0,4.65,0.07,0.0,-184.0,/SNS/CNCS/IPTS-37274/nexus/CNCS_667983.nxs.h5
667982,108367,YbZn2GaO5,"YZGO, MAG9, Ei=4.65meV, T=0.07K, B=0.0T w=-184.5deg",2025-10-27 01:38:14,2025-10-27 01:39:26,00:01:11,0.1,4.65,0.0,4.65,0.07,0.0,-184.5,/SNS/CNCS/IPTS-37274/nexus/CNCS_667982.nxs.h5
667981,108367,YbZn2GaO5,"YZGO, MAG9, Ei=4.65meV, T=0.07K, B=0.0T w=-185.0deg",2025-10-27 01:36:59,2025-10-27 01:38:11,00:01:11,0.1,4.65,0.0,4.65,0.07,0.0,-185.0,/SNS/CNCS/IPTS-37274/nexus/CNCS_667981.nxs.h5
667980,108367,YbZn2GaO5,"YZGO, MAG9, Ei=4.65meV, T=0.07K, B=0.0T w=-185.5deg",2025-10-27 01:35:44,2025-10-27 01:36:55,00:01:11,0.1,4.65,0.0,4.65,0.07,0.0,-185.5,/SNS/CNCS/IPTS-37274/nexus/CNCS_667980.nxs.h5
667979,108367,YbZn2GaO5,"YZGO, MAG9, Ei=4.65meV, T=0.07K, B=0.0T w=-186.0deg",2025-10-27 01:34:28,2025-10-27 01:35:40,00:01:11,0.1,4.65,0.0,4.65,0.07,0.0,-186.0,/SNS/CNCS/IPTS-37274/nexus/CNCS_667979.nxs.h5
667978,108367,YbZn2GaO5,"YZGO, MAG9, Ei=4.65meV, T=0.07K, B=0.0T w=-186.5deg",2025-10-27 01:33:13,2025-10-27 01:34:25,00:01:11,0.1,4.65,0.0,4.65,0.07,0.0,-186.5,/SNS/CNCS/IPTS-37274/nexus/CNCS_667978.nxs.h5
667977,108367,YbZn2GaO5,"YZGO, MAG9, Ei=4.65meV, T=0.07K, B=0.0T w=-187.0deg",2025-10-27 01:31:58,2025-10-27 01:33:10,00:01:11,0.1,4.65,0.0,4.65,0.07,0.0,-187.0,/SNS/CNCS/IPTS-37274/nexus/CNCS_667977.nxs.h5
667976,108367,YbZn2GaO5,"YZGO, MAG9, Ei=4.65meV, T=0.07K, B=0.0T w=-187.5deg",2025-10-27 01:30:43,2025-10-27 01:31:54,00:01:11,0.1,4.65,0.0,4.65,0.07,0.0,-187.5,/SNS/CNCS/IPTS-37274/nexus/CNCS_667976.nxs.h5
667975,108367,YbZn2GaO5,"YZGO, MAG9, Ei=4.65meV, T=0.07K, B=0.0T w=-188.0deg",2025-10-27 01:29:27,2025-10-27 01:30:39,00:01:11,0.1,4.65,0.0,4.65,0.07,0.0,-188.0,/SNS/CNCS/IPTS-37274/nexus/CNCS_667975.nxs.h5
667974,108367,YbZn2GaO5,"YZGO, MAG9, Ei=4.65meV, T=0.07K, B=0.0T w=-188.5deg",2025-10-27 01:28:12,2025-10-27 01:29:24,00:01:11,0.1,4.65,0.0,4.65,0.07,0.0,-188.5,/SNS/CNCS/IPTS-37274/nexus/CNCS_667974.nxs.h5
667973,108367,YbZn2GaO5,"YZGO, MAG9, Ei=4.65meV, T=0.07K, B=0.0T w=-189.0deg",2025-10-27 01:26:57,2025-10-27 01:28:08,00:01:11,0.1,4.65,0.0,4.65,0.07,0.0,-189.0,/SNS/CNCS/IPTS-37274/nexus/CNCS_667973.nxs.h5
667972,108367,YbZn2GaO5,"YZGO, MAG9, Ei=4.65meV, T=0.07K, B=0.0T w=-189.5deg",2025-10-27 01:25:41,2025-10-27 01:26:53,00:01:11,0.1,4.65,0.0,4.65,0.07,0.0,-189.5,/SNS/CNCS/IPTS-37274/nexus/CNCS_667972.nxs.h5
667971,108367,YbZn2GaO5,"YZGO, MAG9, Ei=4.65meV, T=0.07K, B=0.0T w=-190.0deg",2025-10-27 01:24:26,2025-10-27 01:25:38,00:01:11,0.1,4.65,0.0,4.65,0.07,0.0,-190.0,/SNS/CNCS/IPTS-37274/nexus/CNCS_667971.nxs.h5
667970,108367,YbZn2GaO5,"YZGO, MAG9, Ei=4.65meV, T=0.07K, B=9.0T w=54.5deg",2025-10-27 00:10:03,2025-10-27 00:11:15,00:01:12,0.1,4.65,9.0,4.65,0.07,9.0,54.5,/SNS/CNCS/IPTS-37274/nexus/CNCS_667970.nxs.h5
667969,108367,YbZn2GaO5,"YZGO, MAG9, Ei=4.65meV, T=0.07K, B=9.0T w=54.0deg",2025-10-27 00:08:47,2025-10-27 00:09:59,00:01:12,0.1,4.65,9.0,4.65,0.07,9.0,54.0,/SNS/CNCS/IPTS-37274/nexus/CNCS_667969.nxs.h5
667968,108367,YbZn2GaO5,"YZGO, MAG9, Ei=4.65meV, T=0.07K, B=9.0T w=53.5deg",2025-10-27 00:07:31,2025-10-27 00:08:43,00:01:12,0.1,4.65,9.0,4.65,0.07,9.0,53.5,/SNS/CNCS/IPTS-37274/nexus/CNCS_667968.nxs.h5
667967,108367,YbZn2GaO5,"YZGO, MAG9, Ei=4.65meV, T=0.07K, B=9.0T w=53.0deg",2025-10-27 00:06:16,2025-10-27 00:07:28,00:01:11,0.1,4.65,9.0,4.65,0.07,9.0,53.0,/SNS/CNCS/IPTS-37274/nexus/CNCS_667967.nxs.h5
667966,108367,YbZn2GaO5,"YZGO, MAG9, Ei=4.65meV, T=0.07K, B=9.0T w=52.5deg",2025-10-27 00:05:00,2025-10-27 00:06:12,00:01:12,0.1,4.65,9.0,4.65,0.07,9.0,52.5,/SNS/CNCS/IPTS-37274/nexus/CNCS_667966.nxs.h5
667965,108367,YbZn2GaO5,"YZGO, MAG9, Ei=4.65meV, T=0.07K, B=9.0T w=52.0deg",2025-10-27 00:03:45,2025-10-27 00:04:57,00:01:11,0.1,4.65,9.0,4.65,0.07,9.0,52.0,/SNS/CNCS/IPTS-37274/nexus/CNCS_667965.nxs.h5
667964,108367,YbZn2GaO5,"YZGO, MAG9, Ei=4.65meV, T=0.07K, B=9.0T w=51.5deg",2025-10-27 00:02:30,2025-10-27 00:03:41,00:01:11,0.1,4.65,9.0,4.65,0.07,9.0,51.5,/SNS/CNCS/IPTS-37274/nexus/CNCS_667964.nxs.h5
667963,108367,YbZn2GaO5,"YZGO, MAG9, Ei=4.65meV, T=0.07K, B=9.0T w=51.0deg",2025-10-27 00:01:14,2025-10-27 00:02:26,00:01:11,0.1,4.65,9.0,4.65,0.07,9.0,51.0,/SNS/CNCS/IPTS-37274/nexus/CNCS_667963.nxs.h5
667962,108367,YbZn2GaO5,"YZGO, MAG9, Ei=4.65meV, T=0.07K, B=9.0T w=50.5deg",2025-10-26 23:59:58,2025-10-27 00:01:11,00:01:12,0.1,4.65,9.0,4.65,0.07,9.0,50.5,/SNS/CNCS/IPTS-37274/nexus/CNCS_667962.nxs.h5
667961,108367,YbZn2GaO5,"YZGO, MAG9, Ei=4.65meV, T=0.07K, B=9.0T w=50.0deg",2025-10-26 23:58:43,2025-10-26 23:59:55,00:01:11,0.1,4.65,9.0,4.65,0.07,9.0,50.0,/SNS/CNCS/IPTS-37274/nexus/CNCS_667961.nxs.h5
667960,108367,YbZn2GaO5,"YZGO, MAG9, Ei=4.65meV, T=0.07K, B=9.0T w=49.5deg",2025-10-26 23:57:27,2025-10-26 23:58:39,00:01:12,0.1,4.65,9.0,4.65,0.07,9.0,49.5,/SNS/CNCS/IPTS-37274/nexus/CNCS_667960.nxs.h5
667959,108367,YbZn2GaO5,"YZGO, MAG9, Ei=4.65meV, T=0.07K, B=9.0T w=49.0deg",2025-10-26 23:56:12,2025-10-26 23:57:24,00:01:11,0.1,4.65,9.0,4.65,0.07,9.0,49.0,/SNS/CNCS/IPTS-37274/nexus/CNCS_667959.nxs.h5
667958,108367,YbZn2GaO5,"YZGO, MAG9, Ei=4.65meV, T=0.07K, B=9.0T w=48.5deg",2025-10-26 23:54:57,2025-10-26 23:56:08,00:01:11,0.1,4.65,9.0,4.65,0.07,9.0,48.5,/SNS/CNCS/IPTS-37274/nexus/CNCS_667958.nxs.h5
667957,108367,YbZn2GaO5,"YZGO, MAG9, Ei=4.65meV, T=0.07K, B=9.0T w=48.0deg",2025-10-26 23:53:41,2025-10-26 23:54:53,00:01:12,0.1,4.65,9.0,4.65,0.07,9.0,48.0,/SNS/CNCS/IPTS-37274/nexus/CNCS_667957.nxs.h5
667956,108367,YbZn2GaO5,"YZGO, MAG9, Ei=4.65meV, T=0.07K, B=9.0T w=47.5deg",2025-10-26 23:52:25,2025-10-26 23:53:37,00:01:11,0.1,4.65,9.0,4.65,0.07,9.0,47.5,/SNS/CNCS/IPTS-37274/nexus/CNCS_667956.nxs.h5
667955,108367,YbZn2GaO5,"YZGO, MAG9, Ei=4.65meV, T=0.07K, B=9.0T w=47.0deg",2025-10-26 23:51:10,2025-10-26 23:52:22,00:01:11,0.1,4.65,9.0,4.65,0.07,9.0,47.0,/SNS/CNCS/IPTS-37274/nexus/CNCS_667955.nxs.h5
667954,108367,YbZn2GaO5,"YZGO, MAG9, Ei=4.65meV, T=0.07K, B=9.0T w=46.5deg",2025-10-26 23:49:54,2025-10-26 23:51:06,00:01:12,0.1,4.65,9.0,4.65,0.07,9.0,46.5,/SNS/CNCS/IPTS-37274/nexus/CNCS_667954.nxs.h5
667953,108367,YbZn2GaO5,"YZGO, MAG9, Ei=4.65meV, T=0.07K, B=9.0T w=46.0deg",2025-10-26 23:48:39,2025-10-26 23:49:51,00:01:12,0.1,4.65,9.0,4.65,0.07,9.0,46.0,/SNS/CNCS/IPTS-37274/nexus/CNCS_667953.nxs.h5
667952,108367,YbZn2GaO5,"YZGO, MAG9, Ei=4.65meV, T=0.07K, B=9.0T w=45.5deg",2025-10-26 23:47:23,2025-10-26 23:48:35,00:01:12,0.1,4.65,9.0,4.65,0.07,9.0,45.5,/SNS/CNCS/IPTS-37274/nexus/CNCS_667952.nxs.h5
667951,108367,YbZn2GaO5,"YZGO, MAG9, Ei=4.65meV, T=0.07K, B=9.0T w=45.0deg",2025-10-26 23:46:07,2025-10-26 23:47:19,00:01:11,0.1,4.65,9.0,4.65,0.07,9.0,45.0,/SNS/CNCS/IPTS-37274/nexus/CNCS_667951.nxs.h5
667950,108367,YbZn2GaO5,"YZGO, MAG9, Ei=4.65meV, T=0.07K, B=9.0T w=44.5deg",2025-10-26 23:44:52,2025-10-26 23:46:04,00:01:11,0.1,4.65,9.0,4.65,0.07,9.0,44.5,/SNS/CNCS/IPTS-37274/nexus/CNCS_667950.nxs.h5
667949,108367,YbZn2GaO5,"YZGO, MAG9, Ei=4.65meV, T=0.07K, B=9.0T w=44.0deg",2025-10-26 23:43:37,2025-10-26 23:44:49,00:01:11,0.1,4.65,9.0,4.65,0.07,9.0,44.0,/SNS/CNCS/IPTS-37274/nexus/CNCS_667949.nxs.h5
667948,108367,YbZn2GaO5,"YZGO, MAG9, Ei=4.65meV, T=0.07K, B=9.0T w=43.5deg",2025-10-26 23:42:22,2025-10-26 23:43:33,00:01:11,0.1,4.65,9.0,4.65,0.07,9.0,43.5,/SNS/CNCS/IPTS-37274/nexus/CNCS_667948.nxs.h5
667947,108367,YbZn2GaO5,"YZGO, MAG9, Ei=4.65meV, T=0.07K, B=9.0T w=43.0deg",2025-10-26 23:41:06,2025-10-26 23:42:18,00:01:11,0.1,4.65,9.0,4.65,0.07,9.0,43.0,/SNS/CNCS/IPTS-37274/nexus/CNCS_667947.nxs.h5
667946,108367,YbZn2GaO5,"YZGO, MAG9, Ei=4.65meV, T=0.07K, B=9.0T w=42.5deg",2025-10-26 23:39:51,2025-10-26 23:41:03,00:01:11,0.1,4.65,9.0,4.65,0.07,9.0,42.5,/SNS/CNCS/IPTS-37274/nexus/CNCS_667946.nxs.h5
667945,108367,YbZn2GaO5,"YZGO, MAG9, Ei=4.65meV, T=0.07K, B=9.0T w=42.0deg",2025-10-26 23:38:35,2025-10-26 23:39:47,00:01:12,0.1,4.65,9.0,4.65,0.07,9.0,42.0,/SNS/CNCS/IPTS-37274/nexus/CNCS_667945.nxs.h5
667944,108367,YbZn2GaO5,"YZGO, MAG9, Ei=4.65meV, T=0.07K, B=9.0T w=41.5deg",2025-10-26 23:37:19,2025-10-26 23:38:32,00:01:12,0.1,4.65,9.0,4.65,0.07,9.0,41.5,/SNS/CNCS/IPTS-37274/nexus/CNCS_667944.nxs.h5
667943,108367,YbZn2GaO5,"YZGO, MAG9, Ei=4.65meV, T=0.07K, B=9.0T w=41.0deg",2025-10-26 23:36:04,2025-10-26 23:37:16,00:01:12,0.1,4.65,9.0,4.65,0.07,9.0,41.0,/SNS/CNCS/IPTS-37274/nexus/CNCS_667943.nxs.h5
667942,108367,YbZn2GaO5,"YZGO, MAG9, Ei=4.65meV, T=0.07K, B=9.0T w=40.5deg",2025-10-26 23:34:48,2025-10-26 23:36:00,00:01:11,0.1,4.65,9.0,4.65,0.07,9.0,40.5,/SNS/CNCS/IPTS-37274/nexus/CNCS_667942.nxs.h5
667941,108367,YbZn2GaO5,"YZGO, MAG9, Ei=4.65meV, T=0.07K, B=9.0T w=40.0deg",2025-10-26 23:33:33,2025-10-26 23:34:45,00:01:12,0.1,4.65,9.0,4.65,0.07,9.0,40.0,/SNS/CNCS/IPTS-37274/nexus/CNCS_667941.nxs.h5
667940,108367,YbZn2GaO5,"YZGO, MAG9, Ei=4.65meV, T=0.07K, B=9.0T w=39.5deg",2025-10-26 23:32:17,2025-10-26 23:33:29,00:01:12,0.1,4.65,9.0,4.65,0.07,9.0,39.5,/SNS/CNCS/IPTS-37274/nexus/CNCS_667940.nxs.h5
667939,108367,YbZn2GaO5,"YZGO, MAG9, Ei=4.65meV, T=0.07K, B=9.0T w=39.0deg",2025-10-26 23:31:01,2025-10-26 23:32:13,00:01:12,0.1,4.65,9.0,4.65,0.07,9.0,39.0,/SNS/CNCS/IPTS-37274/nexus/CNCS_667939.nxs.h5
667938,108367,YbZn2GaO5,"YZGO, MAG9, Ei=4.65meV, T=0.07K, B=9.0T w=38.5deg",2025-10-26 23:29:45,2025-10-26 23:30:57,00:01:12,0.1,4.65,9.0,4.65,0.07,9.0,38.5,/SNS/CNCS/IPTS-37274/nexus/CNCS_667938.nxs.h5
667937,108367,YbZn2GaO5,"YZGO, MAG9, Ei=4.65meV, T=0.07K, B=9.0T w=38.0deg",2025-10-26 23:28:30,2025-10-26 23:29:42,00:01:12,0.1,4.65,9.0,4.65,0.07,9.0,38.0,/SNS/CNCS/IPTS-37274/nexus/CNCS_667937.nxs.h5
667936,108367,YbZn2GaO5,"YZGO, MAG9, Ei=4.65meV, T=0.07K, B=9.0T w=37.5deg",2025-10-26 23:27:14,2025-10-26 23:28:26,00:01:11,0.1,4.65,9.0,4.65,0.07,9.0,37.5,/SNS/CNCS/IPTS-37274/nexus/CNCS_667936.nxs.h5
667935,108367,YbZn2GaO5,"YZGO, MAG9, Ei=4.65meV, T=0.07K, B=9.0T w=37.0deg",2025-10-26 23:25:58,2025-10-26 23:27:10,00:01:12,0.1,4.65,9.0,4.65,0.07,9.0,37.0,/SNS/CNCS/IPTS-37274/nexus/CNCS_667935.nxs.h5
667934,108367,YbZn2GaO5,"YZGO, MAG9, Ei=4.65meV, T=0.07K, B=9.0T w=36.5deg",2025-10-26 23:24:43,2025-10-26 23:25:55,00:01:11,0.1,4.65,9.0,4.65,0.07,9.0,36.5,/SNS/CNCS/IPTS-37274/nexus/CNCS_667934.nxs.h5
667933,108367,YbZn2GaO5,"YZGO, MAG9, Ei=4.65meV, T=0.07K, B=9.0T w=36.0deg",2025-10-26 23:23:28,2025-10-26 23:24:39,00:01:11,0.1,4.65,9.0,4.65,0.07,9.0,36.0,/SNS/CNCS/IPTS-37274/nexus/CNCS_667933.nxs.h5
667932,108367,YbZn2GaO5,"YZGO, MAG9, Ei=4.65meV, T=0.07K, B=9.0T w=35.5deg",2025-10-26 23:22:12,2025-10-26 23:23:24,00:01:11,0.1,4.65,9.0,4.65,0.07,9.0,35.5,/SNS/CNCS/IPTS-37274/nexus/CNCS_667932.nxs.h5
667931,108367,YbZn2GaO5,"YZGO, MAG9, Ei=4.65meV, T=0.07K, B=9.0T w=35.0deg",2025-10-26 23:20:56,2025-10-26 23:22:09,00:01:12,0.1,4.65,9.0,4.65,0.07,9.0,35.0,/SNS/CNCS/IPTS-37274/nexus/CNCS_667931.nxs.h5
667930,108367,YbZn2GaO5,"YZGO, MAG9, Ei=4.65meV, T=0.07K, B=9.0T w=34.5deg",2025-10-26 23:19:41,2025-10-26 23:20:53,00:01:12,0.1,4.65,9.0,4.65,0.07,9.0,34.5,/SNS/CNCS/IPTS-37274/nexus/CNCS_667930.nxs.h5
667929,108367,YbZn2GaO5,"YZGO, MAG9, Ei=4.65meV, T=0.07K, B=9.0T w=34.0deg",2025-10-26 23:17:15,2025-10-26 23:19:37,00:02:22,0.1,4.65,9.0,4.65,0.07,9.0,34.0,/SNS/CNCS/IPTS-37274/nexus/CNCS_667929.nxs.h5
667928,108367,YbZn2GaO5,"YZGO, MAG9, Ei=4.65meV, T=0.07K, B=9.0T w=33.5deg",2025-10-26 23:15:59,2025-10-26 23:17:11,00:01:12,0.1,4.65,9.0,4.65,0.07,9.0,33.5,/SNS/CNCS/IPTS-37274/nexus/CNCS_667928.nxs.h5
667927,108367,YbZn2GaO5,"YZGO, MAG9, Ei=4.65meV, T=0.07K, B=9.0T w=33.0deg",2025-10-26 23:14:43,2025-10-26 23:15:55,00:01:12,0.1,4.65,9.0,4.65,0.07,9.0,33.0,/SNS/CNCS/IPTS-37274/nexus/CNCS_667927.nxs.h5
667926,108367,YbZn2GaO5,"YZGO, MAG9, Ei=4.65meV, T=0.07K, B=9.0T w=32.5deg",2025-10-26 23:13:28,2025-10-26 23:14:40,00:01:12,0.1,4.65,9.0,4.65,0.07,9.0,32.5,/SNS/CNCS/IPTS-37274/nexus/CNCS_667926.nxs.h5
667925,108367,YbZn2GaO5,"YZGO, MAG9, Ei=4.65meV, T=0.07K, B=9.0T w=32.0deg",2025-10-26 23:12:12,2025-10-26 23:13:24,00:01:11,0.1,4.65,9.0,4.65,0.07,9.0,32.0,/SNS/CNCS/IPTS-37274/nexus/CNCS_667925.nxs.h5
667924,108367,YbZn2GaO5,"YZGO, MAG9, Ei=4.65meV, T=0.07K, B=9.0T w=31.5deg",2025-10-26 23:10:57,2025-10-26 23:12:09,00:01:12,0.1,4.65,9.0,4.65,0.07,9.0,31.5,/SNS/CNCS/IPTS-37274/nexus/CNCS_667924.nxs.h5
667923,108367,YbZn2GaO5,"YZGO, MAG9, Ei=4.65meV, T=0.07K, B=9.0T w=31.0deg",2025-10-26 23:09:41,2025-10-26 23:10:53,00:01:12,0.1,4.65,9.0,4.65,0.07,9.0,31.0,/SNS/CNCS/IPTS-37274/nexus/CNCS_667923.nxs.h5
667922,108367,YbZn2GaO5,"YZGO, MAG9, Ei=4.65meV, T=0.07K, B=9.0T w=30.5deg",2025-10-26 23:08:25,2025-10-26 23:09:37,00:01:12,0.1,4.65,9.0,4.65,0.07,9.0,30.5,/SNS/CNCS/IPTS-37274/nexus/CNCS_667922.nxs.h5
667921,108367,YbZn2GaO5,"YZGO, MAG9, Ei=4.65meV, T=0.07K, B=9.0T w=30.0deg",2025-10-26 23:07:10,2025-10-26 23:08:21,00:01:11,0.1,4.65,9.0,4.65,0.07,9.0,30.0,/SNS/CNCS/IPTS-37274/nexus/CNCS_667921.nxs.h5
667920,108367,YbZn2GaO5,"YZGO, MAG9, Ei=4.65meV, T=0.07K, B=9.0T w=29.5deg",2025-10-26 23:05:54,2025-10-26 23:07:06,00:01:11,0.1,4.65,9.0,4.65,0.07,9.0,29.5,/SNS/CNCS/IPTS-37274/nexus/CNCS_667920.nxs.h5
667919,108367,YbZn2GaO5,"YZGO, MAG9, Ei=4.65meV, T=0.07K, B=9.0T w=29.0deg",2025-10-26 23:04:38,2025-10-26 23:05:51,00:01:12,0.1,4.65,9.0,4.65,0.07,9.0,29.0,/SNS/CNCS/IPTS-37274/nexus/CNCS_667919.nxs.h5
667918,108367,YbZn2GaO5,"YZGO, MAG9, Ei=4.65meV, T=0.07K, B=9.0T w=28.5deg",2025-10-26 23:03:23,2025-10-26 23:04:35,00:01:12,0.1,4.65,9.0,4.65,0.07,9.0,28.5,/SNS/CNCS/IPTS-37274/nexus/CNCS_667918.nxs.h5
667917,108367,YbZn2GaO5,"YZGO, MAG9, Ei=4.65meV, T=0.07K, B=9.0T w=28.0deg",2025-10-26 23:02:07,2025-10-26 23:03:19,00:01:11,0.1,4.65,9.0,4.65,0.07,9.0,28.0,/SNS/CNCS/IPTS-37274/nexus/CNCS_667917.nxs.h5
667916,108367,YbZn2GaO5,"YZGO, MAG9, Ei=4.65meV, T=0.07K, B=9.0T w=27.5deg",2025-10-26 23:00:52,2025-10-26 23:02:04,00:01:11,0.1,4.65,9.0,4.65,0.07,9.0,27.5,/SNS/CNCS/IPTS-37274/nexus/CNCS_667916.nxs.h5
667915,108367,YbZn2GaO5,"YZGO, MAG9, Ei=4.65meV, T=0.07K, B=9.0T w=27.0deg",2025-10-26 22:59:36,2025-10-26 23:00:48,00:01:12,0.1,4.65,9.0,4.65,0.07,9.0,27.0,/SNS/CNCS/IPTS-37274/nexus/CNCS_667915.nxs.h5
667914,108367,YbZn2GaO5,"YZGO, MAG9, Ei=4.65meV, T=0.07K, B=9.0T w=26.5deg",2025-10-26 22:58:20,2025-10-26 22:59:33,00:01:12,0.1,4.65,9.0,4.65,0.07,9.0,26.5,/SNS/CNCS/IPTS-37274/nexus/CNCS_667914.nxs.h5
667913,108367,YbZn2GaO5,"YZGO, MAG9, Ei=4.65meV, T=0.07K, B=9.0T w=26.0deg",2025-10-26 22:57:05,2025-10-26 22:58:17,00:01:11,0.1,4.65,9.0,4.65,0.07,9.0,26.0,/SNS/CNCS/IPTS-37274/nexus/CNCS_667913.nxs.h5
667912,108367,YbZn2GaO5,"YZGO, MAG9, Ei=4.65meV, T=0.07K, B=9.0T w=25.5deg",2025-10-26 22:55:49,2025-10-26 22:57:02,00:01:12,0.1,4.65,9.0,4.65,0.07,9.0,25.5,/SNS/CNCS/IPTS-37274/nexus/CNCS_667912.nxs.h5
667911,108367,YbZn2GaO5,"YZGO, MAG9, Ei=4.65meV, T=0.07K, B=9.0T w=25.0deg",2025-10-26 22:54:34,2025-10-26 22:55:46,00:01:11,0.1,4.65,9.0,4.65,0.07,9.0,25.0,/SNS/CNCS/IPTS-37274/nexus/CNCS_667911.nxs.h5
667910,108367,YbZn2GaO5,"YZGO, MAG9, Ei=4.65meV, T=0.07K, B=9.0T w=24.5deg",2025-10-26 22:53:19,2025-10-26 22:54:30,00:01:11,0.1,4.65,9.0,4.65,0.07,9.0,24.5,/SNS/CNCS/IPTS-37274/nexus/CNCS_667910.nxs.h5
667909,108367,YbZn2GaO5,"YZGO, MAG9, Ei=4.65meV, T=0.07K, B=9.0T w=24.0deg",2025-10-26 22:52:03,2025-10-26 22:53:15,00:01:12,0.1,4.65,9.0,4.65,0.07,9.0,24.0,/SNS/CNCS/IPTS-37274/nexus/CNCS_667909.nxs.h5
667908,108367,YbZn2GaO5,"YZGO, MAG9, Ei=4.65meV, T=0.07K, B=9.0T w=23.5deg",2025-10-26 22:50:47,2025-10-26 22:51:59,00:01:12,0.1,4.65,9.0,4.65,0.07,9.0,23.5,/SNS/CNCS/IPTS-37274/nexus/CNCS_667908.nxs.h5
667907,108367,YbZn2GaO5,"YZGO, MAG9, Ei=4.65meV, T=0.07K, B=9.0T w=23.0deg",2025-10-26 22:49:32,2025-10-26 22:50:43,00:01:11,0.1,4.65,9.0,4.65,0.07,9.0,23.0,/SNS/CNCS/IPTS-37274/nexus/CNCS_667907.nxs.h5
667906,108367,YbZn2GaO5,"YZGO, MAG9, Ei=4.65meV, T=0.07K, B=9.0T w=22.5deg",2025-10-26 22:48:16,2025-10-26 22:49:28,00:01:11,0.1,4.65,9.0,4.65,0.07,9.0,22.5,/SNS/CNCS/IPTS-37274/nexus/CNCS_667906.nxs.h5
667905,108367,YbZn2GaO5,"YZGO, MAG9, Ei=4.65meV, T=0.07K, B=9.0T w=22.0deg",2025-10-26 22:47:01,2025-10-26 22:48:13,00:01:12,0.1,4.65,9.0,4.65,0.07,9.0,22.0,/SNS/CNCS/IPTS-37274/nexus/CNCS_667905.nxs.h5
667904,108367,YbZn2GaO5,"YZGO, MAG9, Ei=4.65meV, T=0.07K, B=9.0T w=21.5deg",2025-10-26 22:45:45,2025-10-26 22:46:57,00:01:12,0.1,4.65,9.0,4.65,0.07,9.0,21.5,/SNS/CNCS/IPTS-37274/nexus/CNCS_667904.nxs.h5
667903,108367,YbZn2GaO5,"YZGO, MAG9, Ei=4.65meV, T=0.07K, B=9.0T w=21.0deg",2025-10-26 22:44:29,2025-10-26 22:45:41,00:01:12,0.1,4.65,9.0,4.65,0.07,9.0,21.0,/SNS/CNCS/IPTS-37274/nexus/CNCS_667903.nxs.h5
667902,108367,YbZn2GaO5,"YZGO, MAG9, Ei=4.65meV, T=0.07K, B=9.0T w=20.5deg",2025-10-26 22:43:13,2025-10-26 22:44:25,00:01:12,0.1,4.65,9.0,4.65,0.07,9.0,20.5,/SNS/CNCS/IPTS-37274/nexus/CNCS_667902.nxs.h5
667901,108367,YbZn2GaO5,"YZGO, MAG9, Ei=4.65meV, T=0.07K, B=9.0T w=20.0deg",2025-10-26 22:41:57,2025-10-26 22:43:10,00:01:12,0.1,4.65,9.0,4.65,0.07,9.0,20.0,/SNS/CNCS/IPTS-37274/nexus/CNCS_667901.nxs.h5
667900,108367,YbZn2GaO5,"YZGO, MAG9, Ei=4.65meV, T=0.07K, B=9.0T w=19.5deg",2025-10-26 22:40:42,2025-10-26 22:41:54,00:01:12,0.1,4.65,9.0,4.65,0.07,9.0,19.5,/SNS/CNCS/IPTS-37274/nexus/CNCS_667900.nxs.h5
667899,108367,YbZn2GaO5,"YZGO, MAG9, Ei=4.65meV, T=0.07K, B=9.0T w=19.0deg",2025-10-26 22:39:26,2025-10-26 22:40:38,00:01:12,0.1,4.65,9.0,4.65,0.07,9.0,19.0,/SNS/CNCS/IPTS-37274/nexus/CNCS_667899.nxs.h5
667898,108367,YbZn2GaO5,"YZGO, MAG9, Ei=4.65meV, T=0.07K, B=9.0T w=18.5deg",2025-10-26 22:38:11,2025-10-26 22:39:22,00:01:11,0.1,4.65,9.0,4.65,0.07,9.0,18.5,/SNS/CNCS/IPTS-37274/nexus/CNCS_667898.nxs.h5
667897,108367,YbZn2GaO5,"YZGO, MAG9, Ei=4.65meV, T=0.07K, B=9.0T w=18.0deg",2025-10-26 22:36:55,2025-10-26 22:38:07,00:01:12,0.1,4.65,9.0,4.65,0.07,9.0,18.0,/SNS/CNCS/IPTS-37274/nexus/CNCS_667897.nxs.h5
667896,108367,YbZn2GaO5,"YZGO, MAG9, Ei=4.65meV, T=0.07K, B=9.0T w=17.5deg",2025-10-26 22:35:39,2025-10-26 22:36:51,00:01:12,0.1,4.65,9.0,4.65,0.07,9.0,17.5,/SNS/CNCS/IPTS-37274/nexus/CNCS_667896.nxs.h5
667895,108367,YbZn2GaO5,"YZGO, MAG9, Ei=4.65meV, T=0.07K, B=9.0T w=17.0deg",2025-10-26 22:34:23,2025-10-26 22:35:35,00:01:12,0.1,4.65,9.0,4.65,0.07,9.0,17.0,/SNS/CNCS/IPTS-37274/nexus/CNCS_667895.nxs.h5
667894,108367,YbZn2GaO5,"YZGO, MAG9, Ei=4.65meV, T=0.07K, B=9.0T w=16.5deg",2025-10-26 22:33:07,2025-10-26 22:34:20,00:01:12,0.1,4.65,9.0,4.65,0.07,9.0,16.5,/SNS/CNCS/IPTS-37274/nexus/CNCS_667894.nxs.h5
667893,108367,YbZn2GaO5,"YZGO, MAG9, Ei=4.65meV, T=0.07K, B=9.0T w=16.0deg",2025-10-26 22:31:52,2025-10-26 22:33:04,00:01:12,0.1,4.65,9.0,4.65,0.07,9.0,16.0,/SNS/CNCS/IPTS-37274/nexus/CNCS_667893.nxs.h5
667892,108367,YbZn2GaO5,"YZGO, MAG9, Ei=4.65meV, T=0.07K, B=9.0T w=15.5deg",2025-10-26 22:30:36,2025-10-26 22:31:48,00:01:11,0.1,4.65,9.0,4.65,0.07,9.0,15.5,/SNS/CNCS/IPTS-37274/nexus/CNCS_667892.nxs.h5
667891,108367,YbZn2GaO5,"YZGO, MAG9, Ei=4.65meV, T=0.07K, B=9.0T w=15.0deg",2025-10-26 22:29:20,2025-10-26 22:30:33,00:01:12,0.1,4.65,9.0,4.65,0.07,9.0,15.0,/SNS/CNCS/IPTS-37274/nexus/CNCS_667891.nxs.h5
667890,108367,YbZn2GaO5,"YZGO, MAG9, Ei=4.65meV, T=0.07K, B=9.0T w=14.5deg",2025-10-26 22:28:05,2025-10-26 22:29:17,00:01:12,0.1,4.65,9.0,4.65,0.07,9.0,14.5,/SNS/CNCS/IPTS-37274/nexus/CNCS_667890.nxs.h5
667889,108367,YbZn2GaO5,"YZGO, MAG9, Ei=4.65meV, T=0.07K, B=9.0T w=14.0deg",2025-10-26 22:26:49,2025-10-26 22:28:01,00:01:11,0.1,4.65,9.0,4.65,0.07,9.0,14.0,/SNS/CNCS/IPTS-37274/nexus/CNCS_667889.nxs.h5
667888,108367,YbZn2GaO5,"YZGO, MAG9, Ei=4.65meV, T=0.07K, B=9.0T w=13.5deg",2025-10-26 22:25:34,2025-10-26 22:26:46,00:01:12,0.1,4.65,9.0,4.65,0.07,9.0,13.5,/SNS/CNCS/IPTS-37274/nexus/CNCS_667888.nxs.h5
667887,108367,YbZn2GaO5,"YZGO, MAG9, Ei=4.65meV, T=0.07K, B=9.0T w=13.0deg",2025-10-26 22:24:18,2025-10-26 22:25:30,00:01:12,0.1,4.65,9.0,4.65,0.07,9.0,13.0,/SNS/CNCS/IPTS-37274/nexus/CNCS_667887.nxs.h5
667886,108367,YbZn2GaO5,"YZGO, MAG9, Ei=4.65meV, T=0.07K, B=9.0T w=12.5deg",2025-10-26 22:23:02,2025-10-26 22:24:14,00:01:12,0.1,4.65,9.0,4.65,0.07,9.0,12.5,/SNS/CNCS/IPTS-37274/nexus/CNCS_667886.nxs.h5
667885,108367,YbZn2GaO5,"YZGO, MAG9, Ei=4.65meV, T=0.07K, B=9.0T w=12.0deg",2025-10-26 22:21:46,2025-10-26 22:22:58,00:01:12,0.1,4.65,9.0,4.65,0.07,9.0,12.0,/SNS/CNCS/IPTS-37274/nexus/CNCS_667885.nxs.h5
667884,108367,YbZn2GaO5,"YZGO, MAG9, Ei=4.65meV, T=0.07K, B=9.0T w=11.5deg",2025-10-26 22:19:58,2025-10-26 22:21:42,00:01:44,0.1,4.65,9.0,4.65,0.07,9.0,11.5,/SNS/CNCS/IPTS-37274/nexus/CNCS_667884.nxs.h5
667883,108367,YbZn2GaO5,"YZGO, MAG9, Ei=4.65meV, T=0.07K, B=9.0T w=11.0deg",2025-10-26 22:18:43,2025-10-26 22:19:55,00:01:12,0.1,4.65,9.0,4.65,0.07,9.0,11.0,/SNS/CNCS/IPTS-37274/nexus/CNCS_667883.nxs.h5
667882,108367,YbZn2GaO5,"YZGO, MAG9, Ei=4.65meV, T=0.07K, B=9.0T w=10.5deg",2025-10-26 22:17:27,2025-10-26 22:18:39,00:01:12,0.1,4.65,9.0,4.65,0.07,9.0,10.5,/SNS/CNCS/IPTS-37274/nexus/CNCS_667882.nxs.h5
667881,108367,YbZn2GaO5,"YZGO, MAG9, Ei=4.65meV, T=0.07K, B=9.0T w=10.0deg",2025-10-26 22:16:11,2025-10-26 22:17:23,00:01:12,0.1,4.65,9.0,4.65,0.07,9.0,10.0,/SNS/CNCS/IPTS-37274/nexus/CNCS_667881.nxs.h5
667880,108367,YbZn2GaO5,"YZGO, MAG9, Ei=4.65meV, T=0.07K, B=9.0T w=9.5deg",2025-10-26 22:14:55,2025-10-26 22:16:07,00:01:12,0.1,4.65,9.0,4.65,0.07,9.0,9.5,/SNS/CNCS/IPTS-37274/nexus/CNCS_667880.nxs.h5
667879,108367,YbZn2GaO5,"YZGO, MAG9, Ei=4.65meV, T=0.07K, B=9.0T w=9.0deg",2025-10-26 22:13:39,2025-10-26 22:14:51,00:01:12,0.1,4.65,9.0,4.65,0.07,9.0,9.0,/SNS/CNCS/IPTS-37274/nexus/CNCS_667879.nxs.h5
667878,108367,YbZn2GaO5,"YZGO, MAG9, Ei=4.65meV, T=0.07K, B=9.0T w=8.5deg",2025-10-26 22:12:23,2025-10-26 22:13:36,00:01:12,0.1,4.65,9.0,4.65,0.07,9.0,8.5,/SNS/CNCS/IPTS-37274/nexus/CNCS_667878.nxs.h5
667877,108367,YbZn2GaO5,"YZGO, MAG9, Ei=4.65meV, T=0.07K, B=9.0T w=8.0deg",2025-10-26 22:11:08,2025-10-26 22:12:20,00:01:12,0.1,4.65,9.0,4.65,0.07,9.0,8.0,/SNS/CNCS/IPTS-37274/nexus/CNCS_667877.nxs.h5
667876,108367,YbZn2GaO5,"YZGO, MAG9, Ei=4.65meV, T=0.07K, B=9.0T w=7.5deg",2025-10-26 22:09:52,2025-10-26 22:11:04,00:01:12,0.1,4.65,9.0,4.65,0.07,9.0,7.5,/SNS/CNCS/IPTS-37274/nexus/CNCS_667876.nxs.h5
667875,108367,YbZn2GaO5,"YZGO, MAG9, Ei=4.65meV, T=0.07K, B=9.0T w=7.0deg",2025-10-26 22:08:36,2025-10-26 22:09:48,00:01:12,0.1,4.65,9.0,4.65,0.07,9.0,7.0,/SNS/CNCS/IPTS-37274/nexus/CNCS_667875.nxs.h5
667874,108367,YbZn2GaO5,"YZGO, MAG9, Ei=4.65meV, T=0.07K, B=9.0T w=6.5deg",2025-10-26 22:07:20,2025-10-26 22:08:32,00:01:12,0.1,4.65,9.0,4.65,0.07,9.0,6.5,/SNS/CNCS/IPTS-37274/nexus/CNCS_667874.nxs.h5
667873,108367,YbZn2GaO5,"YZGO, MAG9, Ei=4.65meV, T=0.07K, B=9.0T w=6.0deg",2025-10-26 22:06:04,2025-10-26 22:07:16,00:01:12,0.1,4.65,9.0,4.65,0.07,9.0,6.0,/SNS/CNCS/IPTS-37274/nexus/CNCS_667873.nxs.h5
667872,108367,YbZn2GaO5,"YZGO, MAG9, Ei=4.65meV, T=0.07K, B=9.0T w=5.5deg",2025-10-26 22:04:48,2025-10-26 22:06:01,00:01:12,0.1,4.65,9.0,4.65,0.07,9.0,5.5,/SNS/CNCS/IPTS-37274/nexus/CNCS_667872.nxs.h5
667871,108367,YbZn2GaO5,"YZGO, MAG9, Ei=4.65meV, T=0.07K, B=9.0T w=5.0deg",2025-10-26 22:03:33,2025-10-26 22:04:45,00:01:12,0.1,4.65,9.0,4.65,0.07,9.0,5.0,/SNS/CNCS/IPTS-37274/nexus/CNCS_667871.nxs.h5
667870,108367,YbZn2GaO5,"YZGO, MAG9, Ei=4.65meV, T=0.07K, B=9.0T w=4.5deg",2025-10-26 22:02:17,2025-10-26 22:03:29,00:01:12,0.1,4.65,9.0,4.65,0.07,9.0,4.5,/SNS/CNCS/IPTS-37274/nexus/CNCS_667870.nxs.h5
667869,108367,YbZn2GaO5,"YZGO, MAG9, Ei=4.65meV, T=0.07K, B=9.0T w=4.0deg",2025-10-26 22:01:00,2025-10-26 22:02:13,00:01:13,0.1,4.65,9.0,4.65,0.07,9.0,4.0,/SNS/CNCS/IPTS-37274/nexus/CNCS_667869.nxs.h5
667868,108367,YbZn2GaO5,"YZGO, MAG9, Ei=4.65meV, T=0.07K, B=9.0T w=3.5deg",2025-10-26 21:59:44,2025-10-26 22:00:56,00:01:12,0.1,4.65,9.0,4.65,0.07,9.0,3.5,/SNS/CNCS/IPTS-37274/nexus/CNCS_667868.nxs.h5
667867,108367,YbZn2GaO5,"YZGO, MAG9, Ei=4.65meV, T=0.07K, B=9.0T w=3.0deg",2025-10-26 21:58:28,2025-10-26 21:59:40,00:01:12,0.1,4.65,9.0,4.65,0.07,9.0,3.0,/SNS/CNCS/IPTS-37274/nexus/CNCS_667867.nxs.h5
667866,108367,YbZn2GaO5,"YZGO, MAG9, Ei=4.65meV, T=0.07K, B=9.0T w=2.5deg",2025-10-26 21:57:12,2025-10-26 21:58:24,00:01:12,0.1,4.65,9.0,4.65,0.07,9.0,2.5,/SNS/CNCS/IPTS-37274/nexus/CNCS_667866.nxs.h5
667865,108367,YbZn2GaO5,"YZGO, MAG9, Ei=4.65meV, T=0.07K, B=9.0T w=2.0deg",2025-10-26 21:55:56,2025-10-26 21:57:08,00:01:12,0.1,4.65,9.0,4.65,0.07,9.0,2.0,/SNS/CNCS/IPTS-37274/nexus/CNCS_667865.nxs.h5
667864,108367,YbZn2GaO5,"YZGO, MAG9, Ei=4.65meV, T=0.07K, B=9.0T w=1.5deg",2025-10-26 21:54:40,2025-10-26 21:55:53,00:01:12,0.1,4.65,9.0,4.65,0.07,9.0,1.5,/SNS/CNCS/IPTS-37274/nexus/CNCS_667864.nxs.h5
667863,108367,YbZn2GaO5,"YZGO, MAG9, Ei=4.65meV, T=0.07K, B=9.0T w=1.0deg",2025-10-26 21:53:25,2025-10-26 21:54:37,00:01:12,0.1,4.65,9.0,4.65,0.07,9.0,1.0,/SNS/CNCS/IPTS-37274/nexus/CNCS_667863.nxs.h5
667862,108367,YbZn2GaO5,"YZGO, MAG9, Ei=4.65meV, T=0.07K, B=9.0T w=0.5deg",2025-10-26 21:52:09,2025-10-26 21:53:21,00:01:12,0.1,4.65,9.0,4.65,0.07,9.0,0.5,/SNS/CNCS/IPTS-37274/nexus/CNCS_667862.nxs.h5
667861,108367,YbZn2GaO5,"YZGO, MAG9, Ei=4.65meV, T=0.07K, B=9.0T w=0.0deg",2025-10-26 21:50:53,2025-10-26 21:52:05,00:01:12,0.1,4.65,9.0,4.65,0.07,9.0,0.0,/SNS/CNCS/IPTS-37274/nexus/CNCS_667861.nxs.h5
667860,108367,YbZn2GaO5,"YZGO, MAG9, Ei=4.65meV, T=0.07K, B=9.0T w=-0.5deg",2025-10-26 21:49:37,2025-10-26 21:50:49,00:01:12,0.1,4.65,9.0,4.65,0.07,9.0,-0.5,/SNS/CNCS/IPTS-37274/nexus/CNCS_667860.nxs.h5
667859,108367,YbZn2GaO5,"YZGO, MAG9, Ei=4.65meV, T=0.07K, B=9.0T w=-1.0deg",2025-10-26 21:48:21,2025-10-26 21:49:34,00:01:12,0.1,4.65,9.0,4.65,0.07,9.0,-1.0,/SNS/CNCS/IPTS-37274/nexus/CNCS_667859.nxs.h5
667858,108367,YbZn2GaO5,"YZGO, MAG9, Ei=4.65meV, T=0.07K, B=9.0T w=-1.5deg",2025-10-26 21:47:05,2025-10-26 21:48:18,00:01:12,0.1,4.65,9.0,4.65,0.07,9.0,-1.5,/SNS/CNCS/IPTS-37274/nexus/CNCS_667858.nxs.h5
667857,108367,YbZn2GaO5,"YZGO, MAG9, Ei=4.65meV, T=0.07K, B=9.0T w=-2.0deg",2025-10-26 21:45:50,2025-10-26 21:47:02,00:01:12,0.1,4.65,9.0,4.65,0.07,9.0,-2.0,/SNS/CNCS/IPTS-37274/nexus/CNCS_667857.nxs.h5
667856,108367,YbZn2GaO5,"YZGO, MAG9, Ei=4.65meV, T=0.07K, B=9.0T w=-2.5deg",2025-10-26 21:44:34,2025-10-26 21:45:46,00:01:12,0.1,4.65,9.0,4.65,0.07,9.0,-2.5,/SNS/CNCS/IPTS-37274/nexus/CNCS_667856.nxs.h5
667855,108367,YbZn2GaO5,"YZGO, MAG9, Ei=4.65meV, T=0.07K, B=9.0T w=-3.0deg",2025-10-26 21:43:18,2025-10-26 21:44:30,00:01:12,0.1,4.65,9.0,4.65,0.07,9.0,-3.0,/SNS/CNCS/IPTS-37274/nexus/CNCS_667855.nxs.h5
667854,108367,YbZn2GaO5,"YZGO, MAG9, Ei=4.65meV, T=0.07K, B=9.0T w=-3.5deg",2025-10-26 21:42:02,2025-10-26 21:43:14,00:01:12,0.1,4.65,9.0,4.65,0.07,9.0,-3.5,/SNS/CNCS/IPTS-37274/nexus/CNCS_667854.nxs.h5
667853,108367,YbZn2GaO5,"YZGO, MAG9, Ei=4.65meV, T=0.07K, B=9.0T w=-4.0deg",2025-10-26 21:40:46,2025-10-26 21:41:59,00:01:12,0.1,4.65,9.0,4.65,0.07,9.0,-4.0,/SNS/CNCS/IPTS-37274/nexus/CNCS_667853.nxs.h5
667852,108367,YbZn2GaO5,"YZGO, MAG9, Ei=4.65meV, T=0.07K, B=9.0T w=-4.5deg",2025-10-26 21:39:30,2025-10-26 21:40:43,00:01:12,0.1,4.65,9.0,4.65,0.07,9.0,-4.5,/SNS/CNCS/IPTS-37274/nexus/CNCS_667852.nxs.h5
667851,108367,YbZn2GaO5,"YZGO, MAG9, Ei=4.65meV, T=0.07K, B=9.0T w=-5.0deg",2025-10-26 21:38:15,2025-10-26 21:39:27,00:01:12,0.1,4.65,9.0,4.65,0.07,9.0,-5.0,/SNS/CNCS/IPTS-37274/nexus/CNCS_667851.nxs.h5
667850,108367,YbZn2GaO5,"YZGO, MAG9, Ei=4.65meV, T=0.07K, B=9.0T w=-5.5deg",2025-10-26 21:36:59,2025-10-26 21:38:11,00:01:12,0.1,4.65,9.0,4.65,0.07,9.0,-5.5,/SNS/CNCS/IPTS-37274/nexus/CNCS_667850.nxs.h5
667849,108367,YbZn2GaO5,"YZGO, MAG9, Ei=4.65meV, T=0.07K, B=9.0T w=-6.0deg",2025-10-26 21:35:43,2025-10-26 21:36:55,00:01:12,0.1,4.65,9.0,4.65,0.07,9.0,-6.0,/SNS/CNCS/IPTS-37274/nexus/CNCS_667849.nxs.h5
667848,108367,YbZn2GaO5,"YZGO, MAG9, Ei=4.65meV, T=0.07K, B=9.0T w=-6.5deg",2025-10-26 21:34:27,2025-10-26 21:35:40,00:01:12,0.1,4.65,9.0,4.65,0.07,9.0,-6.5,/SNS/CNCS/IPTS-37274/nexus/CNCS_667848.nxs.h5
667847,108367,YbZn2GaO5,"YZGO, MAG9, Ei=4.65meV, T=0.07K, B=9.0T w=-7.0deg",2025-10-26 21:33:11,2025-10-26 21:34:24,00:01:12,0.1,4.65,9.0,4.65,0.07,9.0,-7.0,/SNS/CNCS/IPTS-37274/nexus/CNCS_667847.nxs.h5
667846,108367,YbZn2GaO5,"YZGO, MAG9, Ei=4.65meV, T=0.07K, B=9.0T w=-7.5deg",2025-10-26 21:31:56,2025-10-26 21:33:08,00:01:12,0.1,4.65,9.0,4.65,0.07,9.0,-7.5,/SNS/CNCS/IPTS-37274/nexus/CNCS_667846.nxs.h5
667845,108367,YbZn2GaO5,"YZGO, MAG9, Ei=4.65meV, T=0.07K, B=9.0T w=-8.0deg",2025-10-26 21:30:40,2025-10-26 21:31:52,00:01:12,0.1,4.65,9.0,4.65,0.07,9.0,-8.0,/SNS/CNCS/IPTS-37274/nexus/CNCS_667845.nxs.h5
667844,108367,YbZn2GaO5,"YZGO, MAG9, Ei=4.65meV, T=0.07K, B=9.0T w=-8.5deg",2025-10-26 21:29:24,2025-10-26 21:30:36,00:01:12,0.1,4.65,9.0,4.65,0.07,9.0,-8.5,/SNS/CNCS/IPTS-37274/nexus/CNCS_667844.nxs.h5
667843,108367,YbZn2GaO5,"YZGO, MAG9, Ei=4.65meV, T=0.07K, B=9.0T w=-9.0deg",2025-10-26 21:28:08,2025-10-26 21:29:21,00:01:12,0.1,4.65,9.0,4.65,0.07,9.0,-9.0,/SNS/CNCS/IPTS-37274/nexus/CNCS_667843.nxs.h5
667842,108367,YbZn2GaO5,"YZGO, MAG9, Ei=4.65meV, T=0.07K, B=9.0T w=-9.5deg",2025-10-26 21:26:53,2025-10-26 21:28:05,00:01:12,0.1,4.65,9.0,4.65,0.07,9.0,-9.5,/SNS/CNCS/IPTS-37274/nexus/CNCS_667842.nxs.h5
667841,108367,YbZn2GaO5,"YZGO, MAG9, Ei=4.65meV, T=0.07K, B=9.0T w=-10.0deg",2025-10-26 21:25:37,2025-10-26 21:26:49,00:01:12,0.1,4.65,9.0,4.65,0.07,9.0,-10.0,/SNS/CNCS/IPTS-37274/nexus/CNCS_667841.nxs.h5
667840,108367,YbZn2GaO5,"YZGO, MAG9, Ei=4.65meV, T=0.07K, B=9.0T w=-10.5deg",2025-10-26 21:24:21,2025-10-26 21:25:33,00:01:12,0.1,4.65,9.0,4.65,0.07,9.0,-10.5,/SNS/CNCS/IPTS-37274/nexus/CNCS_667840.nxs.h5
667839,108367,YbZn2GaO5,"YZGO, MAG9, Ei=4.65meV, T=0.07K, B=9.0T w=-11.0deg",2025-10-26 21:23:05,2025-10-26 21:24:17,00:01:12,0.1,4.65,9.0,4.65,0.07,9.0,-11.0,/SNS/CNCS/IPTS-37274/nexus/CNCS_667839.nxs.h5
667838,108367,YbZn2GaO5,"YZGO, MAG9, Ei=4.65meV, T=0.07K, B=9.0T w=-11.5deg",2025-10-26 21:21:49,2025-10-26 21:23:02,00:01:12,0.1,4.65,9.0,4.65,0.07,9.0,-11.5,/SNS/CNCS/IPTS-37274/nexus/CNCS_667838.nxs.h5
667837,108367,YbZn2GaO5,"YZGO, MAG9, Ei=4.65meV, T=0.07K, B=9.0T w=-12.0deg",2025-10-26 21:20:34,2025-10-26 21:21:46,00:01:12,0.1,4.65,9.0,4.65,0.07,9.0,-12.0,/SNS/CNCS/IPTS-37274/nexus/CNCS_667837.nxs.h5
667836,108367,YbZn2GaO5,"YZGO, MAG9, Ei=4.65meV, T=0.07K, B=9.0T w=-12.5deg",2025-10-26 21:19:18,2025-10-26 21:20:30,00:01:12,0.1,4.65,9.0,4.65,0.07,9.0,-12.5,/SNS/CNCS/IPTS-37274/nexus/CNCS_667836.nxs.h5
667835,108367,YbZn2GaO5,"YZGO, MAG9, Ei=4.65meV, T=0.07K, B=9.0T w=-13.0deg",2025-10-26 21:18:02,2025-10-26 21:19:14,00:01:12,0.1,4.65,9.0,4.65,0.07,9.0,-13.0,/SNS/CNCS/IPTS-37274/nexus/CNCS_667835.nxs.h5
667834,108367,YbZn2GaO5,"YZGO, MAG9, Ei=4.65meV, T=0.07K, B=9.0T w=-13.5deg",2025-10-26 21:16:46,2025-10-26 21:17:58,00:01:12,0.1,4.65,9.0,4.65,0.07,9.0,-13.5,/SNS/CNCS/IPTS-37274/nexus/CNCS_667834.nxs.h5
667833,108367,YbZn2GaO5,"YZGO, MAG9, Ei=4.65meV, T=0.07K, B=9.0T w=-14.0deg",2025-10-26 21:15:31,2025-10-26 21:16:43,00:01:12,0.1,4.65,9.0,4.65,0.07,9.0,-14.0,/SNS/CNCS/IPTS-37274/nexus/CNCS_667833.nxs.h5
667832,108367,YbZn2GaO5,"YZGO, MAG9, Ei=4.65meV, T=0.07K, B=9.0T w=-14.5deg",2025-10-26 21:14:15,2025-10-26 21:15:27,00:01:12,0.1,4.65,9.0,4.65,0.07,9.0,-14.5,/SNS/CNCS/IPTS-37274/nexus/CNCS_667832.nxs.h5
667831,108367,YbZn2GaO5,"YZGO, MAG9, Ei=4.65meV, T=0.07K, B=9.0T w=-15.0deg",2025-10-26 21:12:59,2025-10-26 21:14:11,00:01:12,0.1,4.65,9.0,4.65,0.07,9.0,-15.0,/SNS/CNCS/IPTS-37274/nexus/CNCS_667831.nxs.h5
667830,108367,YbZn2GaO5,"YZGO, MAG9, Ei=4.65meV, T=0.07K, B=9.0T w=-15.5deg",2025-10-26 21:11:43,2025-10-26 21:12:55,00:01:12,0.1,4.65,9.0,4.65,0.07,9.0,-15.5,/SNS/CNCS/IPTS-37274/nexus/CNCS_667830.nxs.h5
667829,108367,YbZn2GaO5,"YZGO, MAG9, Ei=4.65meV, T=0.07K, B=9.0T w=-16.0deg",2025-10-26 21:10:27,2025-10-26 21:11:40,00:01:12,0.1,4.65,9.0,4.65,0.07,9.0,-16.0,/SNS/CNCS/IPTS-37274/nexus/CNCS_667829.nxs.h5
667828,108367,YbZn2GaO5,"YZGO, MAG9, Ei=4.65meV, T=0.07K, B=9.0T w=-16.5deg",2025-10-26 21:09:11,2025-10-26 21:10:24,00:01:12,0.1,4.65,9.0,4.65,0.07,9.0,-16.5,/SNS/CNCS/IPTS-37274/nexus/CNCS_667828.nxs.h5
667827,108367,YbZn2GaO5,"YZGO, MAG9, Ei=4.65meV, T=0.07K, B=9.0T w=-17.0deg",2025-10-26 21:07:55,2025-10-26 21:09:07,00:01:12,0.1,4.65,9.0,4.65,0.07,9.0,-17.0,/SNS/CNCS/IPTS-37274/nexus/CNCS_667827.nxs.h5
667826,108367,YbZn2GaO5,"YZGO, MAG9, Ei=4.65meV, T=0.07K, B=9.0T w=-17.5deg",2025-10-26 21:06:39,2025-10-26 21:07:52,00:01:12,0.1,4.65,9.0,4.65,0.07,9.0,-17.5,/SNS/CNCS/IPTS-37274/nexus/CNCS_667826.nxs.h5
667825,108367,YbZn2GaO5,"YZGO, MAG9, Ei=4.65meV, T=0.07K, B=9.0T w=-18.0deg",2025-10-26 21:05:24,2025-10-26 21:06:36,00:01:12,0.1,4.65,9.0,4.65,0.07,9.0,-18.0,/SNS/CNCS/IPTS-37274/nexus/CNCS_667825.nxs.h5
667824,108367,YbZn2GaO5,"YZGO, MAG9, Ei=4.65meV, T=0.07K, B=9.0T w=-18.5deg",2025-10-26 21:04:08,2025-10-26 21:05:20,00:01:12,0.1,4.65,9.0,4.65,0.07,9.0,-18.5,/SNS/CNCS/IPTS-37274/nexus/CNCS_667824.nxs.h5
667823,108367,YbZn2GaO5,"YZGO, MAG9, Ei=4.65meV, T=0.07K, B=9.0T w=-19.0deg",2025-10-26 21:02:52,2025-10-26 21:04:04,00:01:12,0.1,4.65,9.0,4.65,0.07,9.0,-19.0,/SNS/CNCS/IPTS-37274/nexus/CNCS_667823.nxs.h5
667822,108367,YbZn2GaO5,"YZGO, MAG9, Ei=4.65meV, T=0.07K, B=9.0T w=-19.5deg",2025-10-26 21:01:36,2025-10-26 21:02:48,00:01:12,0.1,4.65,9.0,4.65,0.07,9.0,-19.5,/SNS/CNCS/IPTS-37274/nexus/CNCS_667822.nxs.h5
667821,108367,YbZn2GaO5,"YZGO, MAG9, Ei=4.65meV, T=0.07K, B=9.0T w=-20.0deg",2025-10-26 21:00:20,2025-10-26 21:01:33,00:01:12,0.1,4.65,9.0,4.65,0.07,9.0,-20.0,/SNS/CNCS/IPTS-37274/nexus/CNCS_667821.nxs.h5
667820,108367,YbZn2GaO5,"YZGO, MAG9, Ei=4.65meV, T=0.07K, B=9.0T w=-20.5deg",2025-10-26 20:59:05,2025-10-26 21:00:17,00:01:12,0.1,4.65,9.0,4.65,0.07,9.0,-20.5,/SNS/CNCS/IPTS-37274/nexus/CNCS_667820.nxs.h5
667819,108367,YbZn2GaO5,"YZGO, MAG9, Ei=4.65meV, T=0.07K, B=9.0T w=-21.0deg",2025-10-26 20:57:49,2025-10-26 20:59:01,00:01:12,0.1,4.65,9.0,4.65,0.07,9.0,-21.0,/SNS/CNCS/IPTS-37274/nexus/CNCS_667819.nxs.h5
667818,108367,YbZn2GaO5,"YZGO, MAG9, Ei=4.65meV, T=0.07K, B=9.0T w=-21.5deg",2025-10-26 20:56:33,2025-10-26 20:57:45,00:01:12,0.1,4.65,9.0,4.65,0.07,9.0,-21.5,/SNS/CNCS/IPTS-37274/nexus/CNCS_667818.nxs.h5
667817,108367,YbZn2GaO5,"YZGO, MAG9, Ei=4.65meV, T=0.07K, B=9.0T w=-22.0deg",2025-10-26 20:55:17,2025-10-26 20:56:30,00:01:12,0.1,4.65,9.0,4.65,0.07,9.0,-22.0,/SNS/CNCS/IPTS-37274/nexus/CNCS_667817.nxs.h5
667816,108367,YbZn2GaO5,"YZGO, MAG9, Ei=4.65meV, T=0.07K, B=9.0T w=-22.5deg",2025-10-26 20:54:02,2025-10-26 20:55:14,00:01:12,0.1,4.65,9.0,4.65,0.07,9.0,-22.5,/SNS/CNCS/IPTS-37274/nexus/CNCS_667816.nxs.h5
667815,108367,YbZn2GaO5,"YZGO, MAG9, Ei=4.65meV, T=0.07K, B=9.0T w=-23.0deg",2025-10-26 20:52:46,2025-10-26 20:53:58,00:01:12,0.1,4.65,9.0,4.65,0.07,9.0,-23.0,/SNS/CNCS/IPTS-37274/nexus/CNCS_667815.nxs.h5
667814,108367,YbZn2GaO5,"YZGO, MAG9, Ei=4.65meV, T=0.07K, B=9.0T w=-23.5deg",2025-10-26 20:51:30,2025-10-26 20:52:42,00:01:12,0.1,4.65,9.0,4.65,0.07,9.0,-23.5,/SNS/CNCS/IPTS-37274/nexus/CNCS_667814.nxs.h5
667813,108367,YbZn2GaO5,"YZGO, MAG9, Ei=4.65meV, T=0.07K, B=9.0T w=-24.0deg",2025-10-26 20:50:14,2025-10-26 20:51:26,00:01:12,0.1,4.65,9.0,4.65,0.07,9.0,-24.0,/SNS/CNCS/IPTS-37274/nexus/CNCS_667813.nxs.h5
667812,108367,YbZn2GaO5,"YZGO, MAG9, Ei=4.65meV, T=0.07K, B=9.0T w=-24.5deg",2025-10-26 20:48:58,2025-10-26 20:50:11,00:01:12,0.1,4.65,9.0,4.65,0.07,9.0,-24.5,/SNS/CNCS/IPTS-37274/nexus/CNCS_667812.nxs.h5
667811,108367,YbZn2GaO5,"YZGO, MAG9, Ei=4.65meV, T=0.07K, B=9.0T w=-25.0deg",2025-10-26 20:47:42,2025-10-26 20:48:55,00:01:12,0.1,4.65,9.0,4.65,0.07,9.0,-25.0,/SNS/CNCS/IPTS-37274/nexus/CNCS_667811.nxs.h5
667810,108367,YbZn2GaO5,"YZGO, MAG9, Ei=4.65meV, T=0.07K, B=9.0T w=-25.5deg",2025-10-26 20:46:27,2025-10-26 20:47:39,00:01:12,0.1,4.65,9.0,4.65,0.07,9.0,-25.5,/SNS/CNCS/IPTS-37274/nexus/CNCS_667810.nxs.h5
667809,108367,YbZn2GaO5,"YZGO, MAG9, Ei=4.65meV, T=0.07K, B=9.0T w=-26.0deg",2025-10-26 20:45:11,2025-10-26 20:46:23,00:01:12,0.1,4.65,9.0,4.65,0.07,9.0,-26.0,/SNS/CNCS/IPTS-37274/nexus/CNCS_667809.nxs.h5
667808,108367,YbZn2GaO5,"YZGO, MAG9, Ei=4.65meV, T=0.07K, B=9.0T w=-26.5deg",2025-10-26 20:43:55,2025-10-26 20:45:07,00:01:12,0.1,4.65,9.0,4.65,0.07,9.0,-26.5,/SNS/CNCS/IPTS-37274/nexus/CNCS_667808.nxs.h5
667807,108367,YbZn2GaO5,"YZGO, MAG9, Ei=4.65meV, T=0.07K, B=9.0T w=-27.0deg",2025-10-26 20:42:39,2025-10-26 20:43:52,00:01:12,0.1,4.65,9.0,4.65,0.07,9.0,-27.0,/SNS/CNCS/IPTS-37274/nexus/CNCS_667807.nxs.h5
667806,108367,YbZn2GaO5,"YZGO, MAG9, Ei=4.65meV, T=0.07K, B=9.0T w=-27.5deg",2025-10-26 20:41:23,2025-10-26 20:42:36,00:01:12,0.1,4.65,9.0,4.65,0.07,9.0,-27.5,/SNS/CNCS/IPTS-37274/nexus/CNCS_667806.nxs.h5
667805,108367,YbZn2GaO5,"YZGO, MAG9, Ei=4.65meV, T=0.07K, B=9.0T w=-28.0deg",2025-10-26 20:40:08,2025-10-26 20:41:20,00:01:12,0.1,4.65,9.0,4.65,0.07,9.0,-28.0,/SNS/CNCS/IPTS-37274/nexus/CNCS_667805.nxs.h5
667804,108367,YbZn2GaO5,"YZGO, MAG9, Ei=4.65meV, T=0.07K, B=9.0T w=-28.5deg",2025-10-26 20:38:52,2025-10-26 20:40:04,00:01:12,0.1,4.65,9.0,4.65,0.07,9.0,-28.5,/SNS/CNCS/IPTS-37274/nexus/CNCS_667804.nxs.h5
667803,108367,YbZn2GaO5,"YZGO, MAG9, Ei=4.65meV, T=0.07K, B=9.0T w=-29.0deg",2025-10-26 20:37:36,2025-10-26 20:38:48,00:01:12,0.1,4.65,9.0,4.65,0.07,9.0,-29.0,/SNS/CNCS/IPTS-37274/nexus/CNCS_667803.nxs.h5
667802,108367,YbZn2GaO5,"YZGO, MAG9, Ei=4.65meV, T=0.07K, B=9.0T w=-29.5deg",2025-10-26 20:36:20,2025-10-26 20:37:33,00:01:12,0.1,4.65,9.0,4.65,0.07,9.0,-29.5,/SNS/CNCS/IPTS-37274/nexus/CNCS_667802.nxs.h5
667801,108367,YbZn2GaO5,"YZGO, MAG9, Ei=4.65meV, T=0.07K, B=9.0T w=-30.0deg",2025-10-26 20:35:05,2025-10-26 20:36:17,00:01:12,0.1,4.65,9.0,4.65,0.07,9.0,-30.0,/SNS/CNCS/IPTS-37274/nexus/CNCS_667801.nxs.h5
667800,108367,YbZn2GaO5,"YZGO, MAG9, Ei=4.65meV, T=0.07K, B=9.0T w=-30.5deg",2025-10-26 20:33:49,2025-10-26 20:35:01,00:01:12,0.1,4.65,9.0,4.65,0.07,9.0,-30.5,/SNS/CNCS/IPTS-37274/nexus/CNCS_667800.nxs.h5
667799,108367,YbZn2GaO5,"YZGO, MAG9, Ei=4.65meV, T=0.07K, B=9.0T w=-31.0deg",2025-10-26 20:32:33,2025-10-26 20:33:45,00:01:12,0.1,4.65,9.0,4.65,0.07,9.0,-31.0,/SNS/CNCS/IPTS-37274/nexus/CNCS_667799.nxs.h5
667798,108367,YbZn2GaO5,"YZGO, MAG9, Ei=4.65meV, T=0.07K, B=9.0T w=-31.5deg",2025-10-26 20:31:17,2025-10-26 20:32:29,00:01:12,0.1,4.65,9.0,4.65,0.07,9.0,-31.5,/SNS/CNCS/IPTS-37274/nexus/CNCS_667798.nxs.h5
667797,108367,YbZn2GaO5,"YZGO, MAG9, Ei=4.65meV, T=0.07K, B=9.0T w=-32.0deg",2025-10-26 20:30:01,2025-10-26 20:31:14,00:01:12,0.1,4.65,9.0,4.65,0.07,9.0,-32.0,/SNS/CNCS/IPTS-37274/nexus/CNCS_667797.nxs.h5
667796,108367,YbZn2GaO5,"YZGO, MAG9, Ei=4.65meV, T=0.07K, B=9.0T w=-32.5deg",2025-10-26 20:28:46,2025-10-26 20:29:58,00:01:12,0.1,4.65,9.0,4.65,0.07,9.0,-32.5,/SNS/CNCS/IPTS-37274/nexus/CNCS_667796.nxs.h5
667795,108367,YbZn2GaO5,"YZGO, MAG9, Ei=4.65meV, T=0.07K, B=9.0T w=-33.0deg",2025-10-26 20:27:30,2025-10-26 20:28:42,00:01:12,0.1,4.65,9.0,4.65,0.07,9.0,-33.0,/SNS/CNCS/IPTS-37274/nexus/CNCS_667795.nxs.h5
667794,108367,YbZn2GaO5,"YZGO, MAG9, Ei=4.65meV, T=0.07K, B=9.0T w=-33.5deg",2025-10-26 20:26:13,2025-10-26 20:27:26,00:01:13,0.1,4.65,9.0,4.65,0.07,9.0,-33.5,/SNS/CNCS/IPTS-37274/nexus/CNCS_667794.nxs.h5
667793,108367,YbZn2GaO5,"YZGO, MAG9, Ei=4.65meV, T=0.07K, B=9.0T w=-34.0deg",2025-10-26 20:24:58,2025-10-26 20:26:09,00:01:11,0.1,4.65,9.0,4.65,0.07,9.0,-34.0,/SNS/CNCS/IPTS-37274/nexus/CNCS_667793.nxs.h5
667792,108367,YbZn2GaO5,"YZGO, MAG9, Ei=4.65meV, T=0.07K, B=9.0T w=-34.5deg",2025-10-26 20:23:42,2025-10-26 20:24:54,00:01:12,0.1,4.65,9.0,4.65,0.07,9.0,-34.5,/SNS/CNCS/IPTS-37274/nexus/CNCS_667792.nxs.h5
667791,108367,YbZn2GaO5,"YZGO, MAG9, Ei=4.65meV, T=0.07K, B=9.0T w=-35.0deg",2025-10-26 20:22:26,2025-10-26 20:23:38,00:01:12,0.1,4.65,9.0,4.65,0.07,9.0,-35.0,/SNS/CNCS/IPTS-37274/nexus/CNCS_667791.nxs.h5
667790,108367,YbZn2GaO5,"YZGO, MAG9, Ei=4.65meV, T=0.07K, B=9.0T w=-35.5deg",2025-10-26 20:21:11,2025-10-26 20:22:22,00:01:11,0.1,4.65,9.0,4.65,0.07,9.0,-35.5,/SNS/CNCS/IPTS-37274/nexus/CNCS_667790.nxs.h5
667789,108367,YbZn2GaO5,"YZGO, MAG9, Ei=4.65meV, T=0.07K, B=9.0T w=-36.0deg",2025-10-26 20:19:55,2025-10-26 20:21:07,00:01:11,0.1,4.65,9.0,4.65,0.07,9.0,-36.0,/SNS/CNCS/IPTS-37274/nexus/CNCS_667789.nxs.h5
667788,108367,YbZn2GaO5,"YZGO, MAG9, Ei=4.65meV, T=0.07K, B=9.0T w=-36.5deg",2025-10-26 20:18:40,2025-10-26 20:19:52,00:01:11,0.1,4.65,9.0,4.65,0.07,9.0,-36.5,/SNS/CNCS/IPTS-37274/nexus/CNCS_667788.nxs.h5
667787,108367,YbZn2GaO5,"YZGO, MAG9, Ei=4.65meV, T=0.07K, B=9.0T w=-37.0deg",2025-10-26 20:17:24,2025-10-26 20:18:36,00:01:11,0.1,4.65,9.0,4.65,0.07,9.0,-37.0,/SNS/CNCS/IPTS-37274/nexus/CNCS_667787.nxs.h5
667786,108367,YbZn2GaO5,"YZGO, MAG9, Ei=4.65meV, T=0.07K, B=9.0T w=-37.5deg",2025-10-26 20:16:09,2025-10-26 20:17:21,00:01:11,0.1,4.65,9.0,4.65,0.07,9.0,-37.5,/SNS/CNCS/IPTS-37274/nexus/CNCS_667786.nxs.h5
667785,108367,YbZn2GaO5,"YZGO, MAG9, Ei=4.65meV, T=0.07K, B=9.0T w=-38.0deg",2025-10-26 20:14:54,2025-10-26 20:16:05,00:01:11,0.1,4.65,9.0,4.65,0.07,9.0,-38.0,/SNS/CNCS/IPTS-37274/nexus/CNCS_667785.nxs.h5
667784,108367,YbZn2GaO5,"YZGO, MAG9, Ei=4.65meV, T=0.07K, B=9.0T w=-38.5deg",2025-10-26 20:13:38,2025-10-26 20:14:50,00:01:11,0.1,4.65,9.0,4.65,0.07,9.0,-38.5,/SNS/CNCS/IPTS-37274/nexus/CNCS_667784.nxs.h5
667783,108367,YbZn2GaO5,"YZGO, MAG9, Ei=4.65meV, T=0.07K, B=9.0T w=-39.0deg",2025-10-26 20:12:23,2025-10-26 20:13:35,00:01:12,0.1,4.65,9.0,4.65,0.07,9.0,-39.0,/SNS/CNCS/IPTS-37274/nexus/CNCS_667783.nxs.h5
667782,108367,YbZn2GaO5,"YZGO, MAG9, Ei=4.65meV, T=0.07K, B=9.0T w=-39.5deg",2025-10-26 20:11:07,2025-10-26 20:12:19,00:01:12,0.1,4.65,9.0,4.65,0.07,9.0,-39.5,/SNS/CNCS/IPTS-37274/nexus/CNCS_667782.nxs.h5
667781,108367,YbZn2GaO5,"YZGO, MAG9, Ei=4.65meV, T=0.07K, B=9.0T w=-40.0deg",2025-10-26 20:09:51,2025-10-26 20:11:03,00:01:12,0.1,4.65,9.0,4.65,0.07,9.0,-40.0,/SNS/CNCS/IPTS-37274/nexus/CNCS_667781.nxs.h5
667780,108367,YbZn2GaO5,"YZGO, MAG9, Ei=4.65meV, T=0.07K, B=9.0T w=-40.5deg",2025-10-26 20:08:35,2025-10-26 20:09:48,00:01:12,0.1,4.65,9.0,4.65,0.07,9.0,-40.5,/SNS/CNCS/IPTS-37274/nexus/CNCS_667780.nxs.h5
667779,108367,YbZn2GaO5,"YZGO, MAG9, Ei=4.65meV, T=0.07K, B=9.0T w=-41.0deg",2025-10-26 20:07:20,2025-10-26 20:08:32,00:01:12,0.1,4.65,9.0,4.65,0.07,9.0,-41.0,/SNS/CNCS/IPTS-37274/nexus/CNCS_667779.nxs.h5
667778,108367,YbZn2GaO5,"YZGO, MAG9, Ei=4.65meV, T=0.07K, B=9.0T w=-41.5deg",2025-10-26 20:06:04,2025-10-26 20:07:16,00:01:12,0.1,4.65,9.0,4.65,0.07,9.0,-41.5,/SNS/CNCS/IPTS-37274/nexus/CNCS_667778.nxs.h5
667777,108367,YbZn2GaO5,"YZGO, MAG9, Ei=4.65meV, T=0.07K, B=9.0T w=-42.0deg",2025-10-26 20:04:49,2025-10-26 20:06:00,00:01:11,0.1,4.65,9.0,4.65,0.07,9.0,-42.0,/SNS/CNCS/IPTS-37274/nexus/CNCS_667777.nxs.h5
667776,108367,YbZn2GaO5,"YZGO, MAG9, Ei=4.65meV, T=0.07K, B=9.0T w=-42.5deg",2025-10-26 20:03:33,2025-10-26 20:04:45,00:01:12,0.1,4.65,9.0,4.65,0.07,9.0,-42.5,/SNS/CNCS/IPTS-37274/nexus/CNCS_667776.nxs.h5
667775,108367,YbZn2GaO5,"YZGO, MAG9, Ei=4.65meV, T=0.07K, B=9.0T w=-43.0deg",2025-10-26 20:02:17,2025-10-26 20:03:29,00:01:12,0.1,4.65,9.0,4.65,0.07,9.0,-43.0,/SNS/CNCS/IPTS-37274/nexus/CNCS_667775.nxs.h5
667774,108367,YbZn2GaO5,"YZGO, MAG9, Ei=4.65meV, T=0.07K, B=9.0T w=-43.5deg",2025-10-26 20:01:02,2025-10-26 20:02:13,00:01:11,0.1,4.65,9.0,4.65,0.07,9.0,-43.5,/SNS/CNCS/IPTS-37274/nexus/CNCS_667774.nxs.h5
667773,108367,YbZn2GaO5,"YZGO, MAG9, Ei=4.65meV, T=0.07K, B=9.0T w=-44.0deg",2025-10-26 19:59:46,2025-10-26 20:00:58,00:01:11,0.1,4.65,9.0,4.65,0.07,9.0,-44.0,/SNS/CNCS/IPTS-37274/nexus/CNCS_667773.nxs.h5
667772,108367,YbZn2GaO5,"YZGO, MAG9, Ei=4.65meV, T=0.07K, B=9.0T w=-44.5deg",2025-10-26 19:58:31,2025-10-26 19:59:43,00:01:11,0.1,4.65,9.0,4.65,0.07,9.0,-44.5,/SNS/CNCS/IPTS-37274/nexus/CNCS_667772.nxs.h5
667771,108367,YbZn2GaO5,"YZGO, MAG9, Ei=4.65meV, T=0.07K, B=9.0T w=-45.0deg",2025-10-26 19:57:15,2025-10-26 19:58:27,00:01:12,0.1,4.65,9.0,4.65,0.07,9.0,-45.0,/SNS/CNCS/IPTS-37274/nexus/CNCS_667771.nxs.h5
667770,108367,YbZn2GaO5,"YZGO, MAG9, Ei=4.65meV, T=0.07K, B=9.0T w=-45.5deg",2025-10-26 19:55:59,2025-10-26 19:57:11,00:01:12,0.1,4.65,9.0,4.65,0.07,9.0,-45.5,/SNS/CNCS/IPTS-37274/nexus/CNCS_667770.nxs.h5
667769,108367,YbZn2GaO5,"YZGO, MAG9, Ei=4.65meV, T=0.07K, B=9.0T w=-46.0deg",2025-10-26 19:54:44,2025-10-26 19:55:56,00:01:11,0.1,4.65,9.0,4.65,0.07,9.0,-46.0,/SNS/CNCS/IPTS-37274/nexus/CNCS_667769.nxs.h5
667768,108367,YbZn2GaO5,"YZGO, MAG9, Ei=4.65meV, T=0.07K, B=9.0T w=-46.5deg",2025-10-26 19:53:28,2025-10-26 19:54:40,00:01:12,0.1,4.65,9.0,4.65,0.07,9.0,-46.5,/SNS/CNCS/IPTS-37274/nexus/CNCS_667768.nxs.h5
667767,108367,YbZn2GaO5,"YZGO, MAG9, Ei=4.65meV, T=0.07K, B=9.0T w=-47.0deg",2025-10-26 19:52:12,2025-10-26 19:53:25,00:01:12,0.1,4.65,9.0,4.65,0.07,9.0,-47.0,/SNS/CNCS/IPTS-37274/nexus/CNCS_667767.nxs.h5
667766,108367,YbZn2GaO5,"YZGO, MAG9, Ei=4.65meV, T=0.07K, B=9.0T w=-47.5deg",2025-10-26 19:50:57,2025-10-26 19:52:09,00:01:12,0.1,4.65,9.0,4.65,0.07,9.0,-47.5,/SNS/CNCS/IPTS-37274/nexus/CNCS_667766.nxs.h5
667765,108367,YbZn2GaO5,"YZGO, MAG9, Ei=4.65meV, T=0.07K, B=9.0T w=-48.0deg",2025-10-26 19:49:41,2025-10-26 19:50:53,00:01:12,0.1,4.65,9.0,4.65,0.07,9.0,-48.0,/SNS/CNCS/IPTS-37274/nexus/CNCS_667765.nxs.h5
667764,108367,YbZn2GaO5,"YZGO, MAG9, Ei=4.65meV, T=0.07K, B=9.0T w=-48.5deg",2025-10-26 19:48:25,2025-10-26 19:49:37,00:01:12,0.1,4.65,9.0,4.65,0.07,9.0,-48.5,/SNS/CNCS/IPTS-37274/nexus/CNCS_667764.nxs.h5
667763,108367,YbZn2GaO5,"YZGO, MAG9, Ei=4.65meV, T=0.07K, B=9.0T w=-49.0deg",2025-10-26 19:47:09,2025-10-26 19:48:21,00:01:12,0.1,4.65,9.0,4.65,0.07,9.0,-49.0,/SNS/CNCS/IPTS-37274/nexus/CNCS_667763.nxs.h5
667762,108367,YbZn2GaO5,"YZGO, MAG9, Ei=4.65meV, T=0.07K, B=9.0T w=-49.5deg",2025-10-26 19:45:54,2025-10-26 19:47:06,00:01:11,0.1,4.65,9.0,4.65,0.07,9.0,-49.5,/SNS/CNCS/IPTS-37274/nexus/CNCS_667762.nxs.h5
667761,108367,YbZn2GaO5,"YZGO, MAG9, Ei=4.65meV, T=0.07K, B=9.0T w=-50.0deg",2025-10-26 19:44:38,2025-10-26 19:45:50,00:01:12,0.1,4.65,9.0,4.65,0.07,9.0,-50.0,/SNS/CNCS/IPTS-37274/nexus/CNCS_667761.nxs.h5
667760,108367,YbZn2GaO5,"YZGO, MAG9, Ei=4.65meV, T=0.07K, B=9.0T w=-50.5deg",2025-10-26 19:43:23,2025-10-26 19:44:34,00:01:11,0.1,4.65,9.0,4.65,0.07,9.0,-50.5,/SNS/CNCS/IPTS-37274/nexus/CNCS_667760.nxs.h5
667759,108367,YbZn2GaO5,"YZGO, MAG9, Ei=4.65meV, T=0.07K, B=9.0T w=-51.0deg",2025-10-26 19:42:07,2025-10-26 19:43:19,00:01:11,0.1,4.65,9.0,4.65,0.07,9.0,-51.0,/SNS/CNCS/IPTS-37274/nexus/CNCS_667759.nxs.h5
667758,108367,YbZn2GaO5,"YZGO, MAG9, Ei=4.65meV, T=0.07K, B=9.0T w=-51.5deg",2025-10-26 19:40:52,2025-10-26 19:42:04,00:01:11,0.1,4.65,9.0,4.65,0.07,9.0,-51.5,/SNS/CNCS/IPTS-37274/nexus/CNCS_667758.nxs.h5
667757,108367,YbZn2GaO5,"YZGO, MAG9, Ei=4.65meV, T=0.07K, B=9.0T w=-52.0deg",2025-10-26 19:39:36,2025-10-26 19:40:49,00:01:12,0.1,4.65,9.0,4.65,0.07,9.0,-52.0,/SNS/CNCS/IPTS-37274/nexus/CNCS_667757.nxs.h5
667756,108367,YbZn2GaO5,"YZGO, MAG9, Ei=4.65meV, T=0.07K, B=9.0T w=-52.5deg",2025-10-26 19:38:21,2025-10-26 19:39:33,00:01:12,0.1,4.65,9.0,4.65,0.07,9.0,-52.5,/SNS/CNCS/IPTS-37274/nexus/CNCS_667756.nxs.h5
667755,108367,YbZn2GaO5,"YZGO, MAG9, Ei=4.65meV, T=0.07K, B=9.0T w=-53.0deg",2025-10-26 19:37:05,2025-10-26 19:38:17,00:01:12,0.1,4.65,9.0,4.65,0.07,9.0,-53.0,/SNS/CNCS/IPTS-37274/nexus/CNCS_667755.nxs.h5
667754,108367,YbZn2GaO5,"YZGO, MAG9, Ei=4.65meV, T=0.07K, B=9.0T w=-53.5deg",2025-10-26 19:35:49,2025-10-26 19:37:01,00:01:12,0.1,4.65,9.0,4.65,0.07,9.0,-53.5,/SNS/CNCS/IPTS-37274/nexus/CNCS_667754.nxs.h5
667753,108367,YbZn2GaO5,"YZGO, MAG9, Ei=4.65meV, T=0.07K, B=9.0T w=-54.0deg",2025-10-26 19:34:33,2025-10-26 19:35:45,00:01:12,0.1,4.65,9.0,4.65,0.07,9.0,-54.0,/SNS/CNCS/IPTS-37274/nexus/CNCS_667753.nxs.h5
667752,108367,YbZn2GaO5,"YZGO, MAG9, Ei=4.65meV, T=0.07K, B=9.0T w=-54.5deg",2025-10-26 19:33:18,2025-10-26 19:34:30,00:01:11,0.1,4.65,9.0,4.65,0.07,9.0,-54.5,/SNS/CNCS/IPTS-37274/nexus/CNCS_667752.nxs.h5
667751,108367,YbZn2GaO5,"YZGO, MAG9, Ei=4.65meV, T=0.07K, B=9.0T w=-55.0deg",2025-10-26 19:32:02,2025-10-26 19:33:14,00:01:12,0.1,4.65,9.0,4.65,0.07,9.0,-55.0,/SNS/CNCS/IPTS-37274/nexus/CNCS_667751.nxs.h5
667750,108367,YbZn2GaO5,"YZGO, MAG9, Ei=4.65meV, T=0.07K, B=9.0T w=-55.5deg",2025-10-26 19:30:46,2025-10-26 19:31:58,00:01:12,0.1,4.65,9.0,4.65,0.07,9.0,-55.5,/SNS/CNCS/IPTS-37274/nexus/CNCS_667750.nxs.h5
667749,108367,YbZn2GaO5,"YZGO, MAG9, Ei=4.65meV, T=0.07K, B=9.0T w=-56.0deg",2025-10-26 19:29:30,2025-10-26 19:30:43,00:01:12,0.1,4.65,9.0,4.65,0.07,9.0,-56.0,/SNS/CNCS/IPTS-37274/nexus/CNCS_667749.nxs.h5
667748,108367,YbZn2GaO5,"YZGO, MAG9, Ei=4.65meV, T=0.07K, B=9.0T w=-56.5deg",2025-10-26 19:28:15,2025-10-26 19:29:27,00:01:12,0.1,4.65,9.0,4.65,0.07,9.0,-56.5,/SNS/CNCS/IPTS-37274/nexus/CNCS_667748.nxs.h5
667747,108367,YbZn2GaO5,"YZGO, MAG9, Ei=4.65meV, T=0.07K, B=9.0T w=-57.0deg",2025-10-26 19:26:59,2025-10-26 19:28:11,00:01:12,0.1,4.65,9.0,4.65,0.07,9.0,-57.0,/SNS/CNCS/IPTS-37274/nexus/CNCS_667747.nxs.h5
667746,108367,YbZn2GaO5,"YZGO, MAG9, Ei=4.65meV, T=0.07K, B=9.0T w=-57.5deg",2025-10-26 19:25:43,2025-10-26 19:26:55,00:01:12,0.1,4.65,9.0,4.65,0.07,9.0,-57.5,/SNS/CNCS/IPTS-37274/nexus/CNCS_667746.nxs.h5
667745,108367,YbZn2GaO5,"YZGO, MAG9, Ei=4.65meV, T=0.07K, B=9.0T w=-58.0deg",2025-10-26 19:24:25,2025-10-26 19:25:39,00:01:13,0.1,4.65,9.0,4.65,0.07,9.0,-58.0,/SNS/CNCS/IPTS-37274/nexus/CNCS_667745.nxs.h5
667744,108367,YbZn2GaO5,"YZGO, MAG9, Ei=4.65meV, T=0.07K, B=9.0T w=-58.5deg",2025-10-26 19:22:37,2025-10-26 19:24:22,00:01:44,0.1,4.65,9.0,4.65,0.07,9.0,-58.5,/SNS/CNCS/IPTS-37274/nexus/CNCS_667744.nxs.h5
667743,108367,YbZn2GaO5,"YZGO, MAG9, Ei=4.65meV, T=0.07K, B=9.0T w=-59.0deg",2025-10-26 19:21:21,2025-10-26 19:22:33,00:01:12,0.1,4.65,9.0,4.65,0.07,9.0,-59.0,/SNS/CNCS/IPTS-37274/nexus/CNCS_667743.nxs.h5
667742,108367,YbZn2GaO5,"YZGO, MAG9, Ei=4.65meV, T=0.07K, B=9.0T w=-59.5deg",2025-10-26 19:20:05,2025-10-26 19:21:17,00:01:12,0.1,4.65,9.0,4.65,0.07,9.0,-59.5,/SNS/CNCS/IPTS-37274/nexus/CNCS_667742.nxs.h5
667741,108367,YbZn2GaO5,"YZGO, MAG9, Ei=4.65meV, T=0.07K, B=9.0T w=-60.0deg",2025-10-26 19:18:50,2025-10-26 19:20:02,00:01:12,0.1,4.65,9.0,4.65,0.07,9.0,-60.0,/SNS/CNCS/IPTS-37274/nexus/CNCS_667741.nxs.h5
667740,108367,YbZn2GaO5,"YZGO, MAG9, Ei=4.65meV, T=0.07K, B=9.0T w=-60.5deg",2025-10-26 19:17:34,2025-10-26 19:18:46,00:01:12,0.1,4.65,9.0,4.65,0.07,9.0,-60.5,/SNS/CNCS/IPTS-37274/nexus/CNCS_667740.nxs.h5
667739,108367,YbZn2GaO5,"YZGO, MAG9, Ei=4.65meV, T=0.07K, B=9.0T w=-61.0deg",2025-10-26 19:16:18,2025-10-26 19:17:30,00:01:12,0.1,4.65,9.0,4.65,0.07,9.0,-61.0,/SNS/CNCS/IPTS-37274/nexus/CNCS_667739.nxs.h5
667738,108367,YbZn2GaO5,"YZGO, MAG9, Ei=4.65meV, T=0.07K, B=9.0T w=-61.5deg",2025-10-26 19:15:02,2025-10-26 19:16:14,00:01:12,0.1,4.65,9.0,4.65,0.07,9.0,-61.5,/SNS/CNCS/IPTS-37274/nexus/CNCS_667738.nxs.h5
667737,108367,YbZn2GaO5,"YZGO, MAG9, Ei=4.65meV, T=0.07K, B=9.0T w=-62.0deg",2025-10-26 19:13:46,2025-10-26 19:14:59,00:01:12,0.1,4.65,9.0,4.65,0.07,9.0,-62.0,/SNS/CNCS/IPTS-37274/nexus/CNCS_667737.nxs.h5
667736,108367,YbZn2GaO5,"YZGO, MAG9, Ei=4.65meV, T=0.07K, B=9.0T w=-62.5deg",2025-10-26 19:12:31,2025-10-26 19:13:43,00:01:11,0.1,4.65,9.0,4.65,0.07,9.0,-62.5,/SNS/CNCS/IPTS-37274/nexus/CNCS_667736.nxs.h5
667735,108367,YbZn2GaO5,"YZGO, MAG9, Ei=4.65meV, T=0.07K, B=9.0T w=-63.0deg",2025-10-26 19:10:45,2025-10-26 19:12:27,00:01:42,0.1,4.65,9.0,4.65,0.07,9.0,-63.0,/SNS/CNCS/IPTS-37274/nexus/CNCS_667735.nxs.h5
667734,108367,YbZn2GaO5,"YZGO, MAG9, Ei=4.65meV, T=0.07K, B=9.0T w=-63.5deg",2025-10-26 19:09:30,2025-10-26 19:10:41,00:01:11,0.1,4.65,9.0,4.65,0.07,9.0,-63.5,/SNS/CNCS/IPTS-37274/nexus/CNCS_667734.nxs.h5
667733,108367,YbZn2GaO5,"YZGO, MAG9, Ei=4.65meV, T=0.07K, B=9.0T w=-64.0deg",2025-10-26 19:08:14,2025-10-26 19:09:26,00:01:11,0.1,4.65,9.0,4.65,0.07,9.0,-64.0,/SNS/CNCS/IPTS-37274/nexus/CNCS_667733.nxs.h5
667732,108367,YbZn2GaO5,"YZGO, MAG9, Ei=4.65meV, T=0.07K, B=9.0T w=-64.5deg",2025-10-26 19:06:59,2025-10-26 19:08:11,00:01:11,0.1,4.65,9.0,4.65,0.07,9.0,-64.5,/SNS/CNCS/IPTS-37274/nexus/CNCS_667732.nxs.h5
667731,108367,YbZn2GaO5,"YZGO, MAG9, Ei=4.65meV, T=0.07K, B=9.0T w=-65.0deg",2025-10-26 19:05:44,2025-10-26 19:06:56,00:01:11,0.1,4.65,9.0,4.65,0.07,9.0,-65.0,/SNS/CNCS/IPTS-37274/nexus/CNCS_667731.nxs.h5
667730,108367,YbZn2GaO5,"YZGO, MAG9, Ei=4.65meV, T=0.07K, B=9.0T w=-65.5deg",2025-10-26 19:04:29,2025-10-26 19:05:40,00:01:11,0.1,4.65,9.0,4.65,0.07,9.0,-65.5,/SNS/CNCS/IPTS-37274/nexus/CNCS_667730.nxs.h5
667729,108367,YbZn2GaO5,"YZGO, MAG9, Ei=4.65meV, T=0.07K, B=9.0T w=-66.0deg",2025-10-26 19:03:13,2025-10-26 19:04:25,00:01:11,0.1,4.65,9.0,4.65,0.07,9.0,-66.0,/SNS/CNCS/IPTS-37274/nexus/CNCS_667729.nxs.h5
667728,108367,YbZn2GaO5,"YZGO, MAG9, Ei=4.65meV, T=0.07K, B=9.0T w=-66.5deg",2025-10-26 19:01:58,2025-10-26 19:03:10,00:01:11,0.1,4.65,9.0,4.65,0.07,9.0,-66.5,/SNS/CNCS/IPTS-37274/nexus/CNCS_667728.nxs.h5
667727,108367,YbZn2GaO5,"YZGO, MAG9, Ei=4.65meV, T=0.07K, B=9.0T w=-67.0deg",2025-10-26 19:00:43,2025-10-26 19:01:54,00:01:11,0.1,4.65,9.0,4.65,0.07,9.0,-67.0,/SNS/CNCS/IPTS-37274/nexus/CNCS_667727.nxs.h5
667726,108367,YbZn2GaO5,"YZGO, MAG9, Ei=4.65meV, T=0.07K, B=9.0T w=-67.5deg",2025-10-26 18:59:27,2025-10-26 19:00:39,00:01:11,0.1,4.65,9.0,4.65,0.07,9.0,-67.5,/SNS/CNCS/IPTS-37274/nexus/CNCS_667726.nxs.h5
667725,108367,YbZn2GaO5,"YZGO, MAG9, Ei=4.65meV, T=0.07K, B=9.0T w=-68.0deg",2025-10-26 18:58:12,2025-10-26 18:59:24,00:01:11,0.1,4.65,9.0,4.65,0.07,9.0,-68.0,/SNS/CNCS/IPTS-37274/nexus/CNCS_667725.nxs.h5
667724,108367,YbZn2GaO5,"YZGO, MAG9, Ei=4.65meV, T=0.07K, B=9.0T w=-68.5deg",2025-10-26 18:56:57,2025-10-26 18:58:09,00:01:11,0.1,4.65,9.0,4.65,0.07,9.0,-68.5,/SNS/CNCS/IPTS-37274/nexus/CNCS_667724.nxs.h5
667723,108367,YbZn2GaO5,"YZGO, MAG9, Ei=4.65meV, T=0.07K, B=9.0T w=-69.0deg",2025-10-26 18:55:42,2025-10-26 18:56:53,00:01:11,0.1,4.65,9.0,4.65,0.07,9.0,-69.0,/SNS/CNCS/IPTS-37274/nexus/CNCS_667723.nxs.h5
667722,108367,YbZn2GaO5,"YZGO, MAG9, Ei=4.65meV, T=0.07K, B=9.0T w=-69.5deg",2025-10-26 18:54:26,2025-10-26 18:55:38,00:01:11,0.1,4.65,9.0,4.65,0.07,9.0,-69.5,/SNS/CNCS/IPTS-37274/nexus/CNCS_667722.nxs.h5
667721,108367,YbZn2GaO5,"YZGO, MAG9, Ei=4.65meV, T=0.07K, B=9.0T w=-70.0deg",2025-10-26 18:53:11,2025-10-26 18:54:23,00:01:11,0.1,4.65,9.0,4.65,0.07,9.0,-70.0,/SNS/CNCS/IPTS-37274/nexus/CNCS_667721.nxs.h5
667720,108367,YbZn2GaO5,"YZGO, MAG9, Ei=4.65meV, T=0.07K, B=9.0T w=-70.5deg",2025-10-26 18:51:56,2025-10-26 18:53:07,00:01:11,0.1,4.65,9.0,4.65,0.07,9.0,-70.5,/SNS/CNCS/IPTS-37274/nexus/CNCS_667720.nxs.h5
667719,108367,YbZn2GaO5,"YZGO, MAG9, Ei=4.65meV, T=0.07K, B=9.0T w=-71.0deg",2025-10-26 18:50:40,2025-10-26 18:51:52,00:01:12,0.1,4.65,9.0,4.65,0.07,9.0,-71.0,/SNS/CNCS/IPTS-37274/nexus/CNCS_667719.nxs.h5
667718,108367,YbZn2GaO5,"YZGO, MAG9, Ei=4.65meV, T=0.07K, B=9.0T w=-71.5deg",2025-10-26 18:49:25,2025-10-26 18:50:36,00:01:11,0.1,4.65,9.0,4.65,0.07,9.0,-71.5,/SNS/CNCS/IPTS-37274/nexus/CNCS_667718.nxs.h5
667717,108367,YbZn2GaO5,"YZGO, MAG9, Ei=4.65meV, T=0.07K, B=9.0T w=-72.0deg",2025-10-26 18:48:09,2025-10-26 18:49:21,00:01:11,0.1,4.65,9.0,4.65,0.07,9.0,-72.0,/SNS/CNCS/IPTS-37274/nexus/CNCS_667717.nxs.h5
667716,108367,YbZn2GaO5,"YZGO, MAG9, Ei=4.65meV, T=0.07K, B=9.0T w=-72.5deg",2025-10-26 18:46:54,2025-10-26 18:48:06,00:01:12,0.1,4.65,9.0,4.65,0.07,9.0,-72.5,/SNS/CNCS/IPTS-37274/nexus/CNCS_667716.nxs.h5
667715,108367,YbZn2GaO5,"YZGO, MAG9, Ei=4.65meV, T=0.07K, B=9.0T w=-73.0deg",2025-10-26 18:45:38,2025-10-26 18:46:50,00:01:12,0.1,4.65,9.0,4.65,0.07,9.0,-73.0,/SNS/CNCS/IPTS-37274/nexus/CNCS_667715.nxs.h5
667714,108367,YbZn2GaO5,"YZGO, MAG9, Ei=4.65meV, T=0.07K, B=9.0T w=-73.5deg",2025-10-26 18:44:22,2025-10-26 18:45:34,00:01:11,0.1,4.65,9.0,4.65,0.07,9.0,-73.5,/SNS/CNCS/IPTS-37274/nexus/CNCS_667714.nxs.h5
667713,108367,YbZn2GaO5,"YZGO, MAG9, Ei=4.65meV, T=0.07K, B=9.0T w=-74.0deg",2025-10-26 18:43:07,2025-10-26 18:44:19,00:01:11,0.1,4.65,9.0,4.65,0.07,9.0,-74.0,/SNS/CNCS/IPTS-37274/nexus/CNCS_667713.nxs.h5
667712,108367,YbZn2GaO5,"YZGO, MAG9, Ei=4.65meV, T=0.07K, B=9.0T w=-74.5deg",2025-10-26 18:41:52,2025-10-26 18:43:04,00:01:11,0.1,4.65,9.0,4.65,0.07,9.0,-74.5,/SNS/CNCS/IPTS-37274/nexus/CNCS_667712.nxs.h5
667711,108367,YbZn2GaO5,"YZGO, MAG9, Ei=4.65meV, T=0.07K, B=9.0T w=-75.0deg",2025-10-26 18:40:37,2025-10-26 18:41:48,00:01:11,0.1,4.65,9.0,4.65,0.07,9.0,-75.0,/SNS/CNCS/IPTS-37274/nexus/CNCS_667711.nxs.h5
667710,108367,YbZn2GaO5,"YZGO, MAG9, Ei=4.65meV, T=0.07K, B=9.0T w=-75.5deg",2025-10-26 18:39:21,2025-10-26 18:40:33,00:01:11,0.1,4.65,9.0,4.65,0.07,9.0,-75.5,/SNS/CNCS/IPTS-37274/nexus/CNCS_667710.nxs.h5
667709,108367,YbZn2GaO5,"YZGO, MAG9, Ei=4.65meV, T=0.07K, B=9.0T w=-76.0deg",2025-10-26 18:38:06,2025-10-26 18:39:18,00:01:11,0.1,4.65,9.0,4.65,0.07,9.0,-76.0,/SNS/CNCS/IPTS-37274/nexus/CNCS_667709.nxs.h5
667708,108367,YbZn2GaO5,"YZGO, MAG9, Ei=4.65meV, T=0.07K, B=9.0T w=-76.5deg",2025-10-26 18:36:51,2025-10-26 18:38:02,00:01:11,0.1,4.65,9.0,4.65,0.07,9.0,-76.5,/SNS/CNCS/IPTS-37274/nexus/CNCS_667708.nxs.h5
667707,108367,YbZn2GaO5,"YZGO, MAG9, Ei=4.65meV, T=0.07K, B=9.0T w=-77.0deg",2025-10-26 18:35:35,2025-10-26 18:36:47,00:01:11,0.1,4.65,9.0,4.65,0.07,9.0,-77.0,/SNS/CNCS/IPTS-37274/nexus/CNCS_667707.nxs.h5
667706,108367,YbZn2GaO5,"YZGO, MAG9, Ei=4.65meV, T=0.07K, B=9.0T w=-77.5deg",2025-10-26 18:34:20,2025-10-26 18:35:32,00:01:11,0.1,4.65,9.0,4.65,0.07,9.0,-77.5,/SNS/CNCS/IPTS-37274/nexus/CNCS_667706.nxs.h5
667705,108367,YbZn2GaO5,"YZGO, MAG9, Ei=4.65meV, T=0.07K, B=9.0T w=-78.0deg",2025-10-26 18:33:05,2025-10-26 18:34:16,00:01:11,0.1,4.65,9.0,4.65,0.07,9.0,-78.0,/SNS/CNCS/IPTS-37274/nexus/CNCS_667705.nxs.h5
667704,108367,YbZn2GaO5,"YZGO, MAG9, Ei=4.65meV, T=0.07K, B=9.0T w=-78.5deg",2025-10-26 18:31:49,2025-10-26 18:33:01,00:01:11,0.1,4.65,9.0,4.65,0.07,9.0,-78.5,/SNS/CNCS/IPTS-37274/nexus/CNCS_667704.nxs.h5
667703,108367,YbZn2GaO5,"YZGO, MAG9, Ei=4.65meV, T=0.07K, B=9.0T w=-79.0deg",2025-10-26 18:30:34,2025-10-26 18:31:46,00:01:11,0.1,4.65,9.0,4.65,0.07,9.0,-79.0,/SNS/CNCS/IPTS-37274/nexus/CNCS_667703.nxs.h5
667702,108367,YbZn2GaO5,"YZGO, MAG9, Ei=4.65meV, T=0.07K, B=9.0T w=-79.5deg",2025-10-26 18:29:19,2025-10-26 18:30:31,00:01:11,0.1,4.65,9.0,4.65,0.07,9.0,-79.5,/SNS/CNCS/IPTS-37274/nexus/CNCS_667702.nxs.h5
667701,108367,YbZn2GaO5,"YZGO, MAG9, Ei=4.65meV, T=0.07K, B=9.0T w=-80.0deg",2025-10-26 18:28:04,2025-10-26 18:29:15,00:01:11,0.1,4.65,9.0,4.65,0.07,9.0,-80.0,/SNS/CNCS/IPTS-37274/nexus/CNCS_667701.nxs.h5
667700,108367,YbZn2GaO5,"YZGO, MAG9, Ei=4.65meV, T=0.07K, B=9.0T w=-80.5deg",2025-10-26 18:26:48,2025-10-26 18:28:00,00:01:11,0.1,4.65,9.0,4.65,0.07,9.0,-80.5,/SNS/CNCS/IPTS-37274/nexus/CNCS_667700.nxs.h5
667699,108367,YbZn2GaO5,"YZGO, MAG9, Ei=4.65meV, T=0.07K, B=9.0T w=-81.0deg",2025-10-26 18:25:33,2025-10-26 18:26:45,00:01:11,0.1,4.65,9.0,4.65,0.07,9.0,-81.0,/SNS/CNCS/IPTS-37274/nexus/CNCS_667699.nxs.h5
667698,108367,YbZn2GaO5,"YZGO, MAG9, Ei=4.65meV, T=0.07K, B=9.0T w=-81.5deg",2025-10-26 18:24:18,2025-10-26 18:25:29,00:01:11,0.1,4.65,9.0,4.65,0.07,9.0,-81.5,/SNS/CNCS/IPTS-37274/nexus/CNCS_667698.nxs.h5
667697,108367,YbZn2GaO5,"YZGO, MAG9, Ei=4.65meV, T=0.07K, B=9.0T w=-82.0deg",2025-10-26 18:23:02,2025-10-26 18:24:14,00:01:11,0.1,4.65,9.0,4.65,0.07,9.0,-82.0,/SNS/CNCS/IPTS-37274/nexus/CNCS_667697.nxs.h5
667696,108367,YbZn2GaO5,"YZGO, MAG9, Ei=4.65meV, T=0.07K, B=9.0T w=-82.5deg",2025-10-26 18:21:47,2025-10-26 18:22:59,00:01:11,0.1,4.65,9.0,4.65,0.07,9.0,-82.5,/SNS/CNCS/IPTS-37274/nexus/CNCS_667696.nxs.h5
667695,108367,YbZn2GaO5,"YZGO, MAG9, Ei=4.65meV, T=0.07K, B=9.0T w=-83.0deg",2025-10-26 18:20:32,2025-10-26 18:21:43,00:01:11,0.1,4.65,9.0,4.65,0.07,9.0,-83.0,/SNS/CNCS/IPTS-37274/nexus/CNCS_667695.nxs.h5
667694,108367,YbZn2GaO5,"YZGO, MAG9, Ei=4.65meV, T=0.07K, B=9.0T w=-83.5deg",2025-10-26 18:19:16,2025-10-26 18:20:28,00:01:11,0.1,4.65,9.0,4.65,0.07,9.0,-83.5,/SNS/CNCS/IPTS-37274/nexus/CNCS_667694.nxs.h5
667693,108367,YbZn2GaO5,"YZGO, MAG9, Ei=4.65meV, T=0.07K, B=9.0T w=-84.0deg",2025-10-26 18:18:01,2025-10-26 18:19:13,00:01:11,0.1,4.65,9.0,4.65,0.07,9.0,-84.0,/SNS/CNCS/IPTS-37274/nexus/CNCS_667693.nxs.h5
667692,108367,YbZn2GaO5,"YZGO, MAG9, Ei=4.65meV, T=0.07K, B=9.0T w=-84.5deg",2025-10-26 18:16:46,2025-10-26 18:17:57,00:01:11,0.1,4.65,9.0,4.65,0.07,9.0,-84.5,/SNS/CNCS/IPTS-37274/nexus/CNCS_667692.nxs.h5
667691,108367,YbZn2GaO5,"YZGO, MAG9, Ei=4.65meV, T=0.07K, B=9.0T w=-85.0deg",2025-10-26 18:15:30,2025-10-26 18:16:42,00:01:11,0.1,4.65,9.0,4.65,0.07,9.0,-85.0,/SNS/CNCS/IPTS-37274/nexus/CNCS_667691.nxs.h5
667690,108367,YbZn2GaO5,"YZGO, MAG9, Ei=4.65meV, T=0.07K, B=9.0T w=-85.5deg",2025-10-26 18:14:15,2025-10-26 18:15:27,00:01:11,0.1,4.65,9.0,4.65,0.07,9.0,-85.5,/SNS/CNCS/IPTS-37274/nexus/CNCS_667690.nxs.h5
667689,108367,YbZn2GaO5,"YZGO, MAG9, Ei=4.65meV, T=0.07K, B=9.0T w=-86.0deg",2025-10-26 18:13:00,2025-10-26 18:14:11,00:01:11,0.1,4.65,9.0,4.65,0.07,9.0,-86.0,/SNS/CNCS/IPTS-37274/nexus/CNCS_667689.nxs.h5
667688,108367,YbZn2GaO5,"YZGO, MAG9, Ei=4.65meV, T=0.07K, B=9.0T w=-86.5deg",2025-10-26 18:11:45,2025-10-26 18:12:56,00:01:11,0.1,4.65,9.0,4.65,0.07,9.0,-86.5,/SNS/CNCS/IPTS-37274/nexus/CNCS_667688.nxs.h5
667687,108367,YbZn2GaO5,"YZGO, MAG9, Ei=4.65meV, T=0.07K, B=9.0T w=-87.0deg",2025-10-26 18:10:29,2025-10-26 18:11:41,00:01:11,0.1,4.65,9.0,4.65,0.07,9.0,-87.0,/SNS/CNCS/IPTS-37274/nexus/CNCS_667687.nxs.h5
667686,108367,YbZn2GaO5,"YZGO, MAG9, Ei=4.65meV, T=0.07K, B=9.0T w=-87.5deg",2025-10-26 18:09:14,2025-10-26 18:10:26,00:01:11,0.1,4.65,9.0,4.65,0.07,9.0,-87.5,/SNS/CNCS/IPTS-37274/nexus/CNCS_667686.nxs.h5
667685,108367,YbZn2GaO5,"YZGO, MAG9, Ei=4.65meV, T=0.07K, B=9.0T w=-88.0deg",2025-10-26 18:07:59,2025-10-26 18:09:10,00:01:11,0.1,4.65,9.0,4.65,0.07,9.0,-88.0,/SNS/CNCS/IPTS-37274/nexus/CNCS_667685.nxs.h5
667684,108367,YbZn2GaO5,"YZGO, MAG9, Ei=4.65meV, T=0.07K, B=9.0T w=-88.5deg",2025-10-26 18:06:44,2025-10-26 18:07:55,00:01:11,0.1,4.65,9.0,4.65,0.07,9.0,-88.5,/SNS/CNCS/IPTS-37274/nexus/CNCS_667684.nxs.h5
667683,108367,YbZn2GaO5,"YZGO, MAG9, Ei=4.65meV, T=0.07K, B=9.0T w=-89.0deg",2025-10-26 18:05:28,2025-10-26 18:06:40,00:01:11,0.1,4.65,9.0,4.65,0.07,9.0,-89.0,/SNS/CNCS/IPTS-37274/nexus/CNCS_667683.nxs.h5
667682,108367,YbZn2GaO5,"YZGO, MAG9, Ei=4.65meV, T=0.07K, B=9.0T w=-89.5deg",2025-10-26 18:04:13,2025-10-26 18:05:25,00:01:11,0.1,4.65,9.0,4.65,0.07,9.0,-89.5,/SNS/CNCS/IPTS-37274/nexus/CNCS_667682.nxs.h5
667681,108367,YbZn2GaO5,"YZGO, MAG9, Ei=4.65meV, T=0.07K, B=9.0T w=-90.0deg",2025-10-26 18:02:58,2025-10-26 18:04:09,00:01:11,0.1,4.65,9.0,4.65,0.07,9.0,-90.0,/SNS/CNCS/IPTS-37274/nexus/CNCS_667681.nxs.h5
667680,108367,YbZn2GaO5,"YZGO, MAG9, Ei=4.65meV, T=0.07K, B=9.0T w=-90.5deg",2025-10-26 18:01:42,2025-10-26 18:02:54,00:01:11,0.1,4.65,9.0,4.65,0.07,9.0,-90.5,/SNS/CNCS/IPTS-37274/nexus/CNCS_667680.nxs.h5
667679,108367,YbZn2GaO5,"YZGO, MAG9, Ei=4.65meV, T=0.07K, B=9.0T w=-91.0deg",2025-10-26 18:00:27,2025-10-26 18:01:39,00:01:11,0.1,4.65,9.0,4.65,0.07,9.0,-91.0,/SNS/CNCS/IPTS-37274/nexus/CNCS_667679.nxs.h5
667678,108367,YbZn2GaO5,"YZGO, MAG9, Ei=4.65meV, T=0.07K, B=9.0T w=-91.5deg",2025-10-26 17:59:12,2025-10-26 18:00:23,00:01:11,0.1,4.65,9.0,4.65,0.07,9.0,-91.5,/SNS/CNCS/IPTS-37274/nexus/CNCS_667678.nxs.h5
667677,108367,YbZn2GaO5,"YZGO, MAG9, Ei=4.65meV, T=0.07K, B=9.0T w=-92.0deg",2025-10-26 17:57:56,2025-10-26 17:59:08,00:01:11,0.1,4.65,9.0,4.65,0.07,9.0,-92.0,/SNS/CNCS/IPTS-37274/nexus/CNCS_667677.nxs.h5
667676,108367,YbZn2GaO5,"YZGO, MAG9, Ei=4.65meV, T=0.07K, B=9.0T w=-92.5deg",2025-10-26 17:56:41,2025-10-26 17:57:53,00:01:11,0.1,4.65,9.0,4.65,0.07,9.0,-92.5,/SNS/CNCS/IPTS-37274/nexus/CNCS_667676.nxs.h5
667675,108367,YbZn2GaO5,"YZGO, MAG9, Ei=4.65meV, T=0.07K, B=9.0T w=-93.0deg",2025-10-26 17:55:26,2025-10-26 17:56:37,00:01:11,0.1,4.65,9.0,4.65,0.07,9.0,-93.0,/SNS/CNCS/IPTS-37274/nexus/CNCS_667675.nxs.h5
667674,108367,YbZn2GaO5,"YZGO, MAG9, Ei=4.65meV, T=0.07K, B=9.0T w=-93.5deg",2025-10-26 17:54:10,2025-10-26 17:55:22,00:01:11,0.1,4.65,9.0,4.65,0.07,9.0,-93.5,/SNS/CNCS/IPTS-37274/nexus/CNCS_667674.nxs.h5
667673,108367,YbZn2GaO5,"YZGO, MAG9, Ei=4.65meV, T=0.07K, B=9.0T w=-94.0deg",2025-10-26 17:52:55,2025-10-26 17:54:07,00:01:11,0.1,4.65,9.0,4.65,0.07,9.0,-94.0,/SNS/CNCS/IPTS-37274/nexus/CNCS_667673.nxs.h5
667672,108367,YbZn2GaO5,"YZGO, MAG9, Ei=4.65meV, T=0.07K, B=9.0T w=-94.5deg",2025-10-26 17:51:40,2025-10-26 17:52:52,00:01:11,0.1,4.65,9.0,4.65,0.07,9.0,-94.5,/SNS/CNCS/IPTS-37274/nexus/CNCS_667672.nxs.h5
667671,108367,YbZn2GaO5,"YZGO, MAG9, Ei=4.65meV, T=0.07K, B=9.0T w=-95.0deg",2025-10-26 17:50:25,2025-10-26 17:51:36,00:01:11,0.1,4.65,9.0,4.65,0.07,9.0,-95.0,/SNS/CNCS/IPTS-37274/nexus/CNCS_667671.nxs.h5
667670,108367,YbZn2GaO5,"YZGO, MAG9, Ei=4.65meV, T=0.07K, B=9.0T w=-95.5deg",2025-10-26 17:49:09,2025-10-26 17:50:21,00:01:11,0.1,4.65,9.0,4.65,0.07,9.0,-95.5,/SNS/CNCS/IPTS-37274/nexus/CNCS_667670.nxs.h5
667669,108367,YbZn2GaO5,"YZGO, MAG9, Ei=4.65meV, T=0.07K, B=9.0T w=-96.0deg",2025-10-26 17:47:54,2025-10-26 17:49:06,00:01:11,0.1,4.65,9.0,4.65,0.07,9.0,-96.0,/SNS/CNCS/IPTS-37274/nexus/CNCS_667669.nxs.h5
667668,108367,YbZn2GaO5,"YZGO, MAG9, Ei=4.65meV, T=0.07K, B=9.0T w=-96.5deg",2025-10-26 17:46:39,2025-10-26 17:47:50,00:01:11,0.1,4.65,9.0,4.65,0.07,9.0,-96.5,/SNS/CNCS/IPTS-37274/nexus/CNCS_667668.nxs.h5
667667,108367,YbZn2GaO5,"YZGO, MAG9, Ei=4.65meV, T=0.07K, B=9.0T w=-97.0deg",2025-10-26 17:45:23,2025-10-26 17:46:35,00:01:11,0.1,4.65,9.0,4.65,0.07,9.0,-97.0,/SNS/CNCS/IPTS-37274/nexus/CNCS_667667.nxs.h5
667666,108367,YbZn2GaO5,"YZGO, MAG9, Ei=4.65meV, T=0.07K, B=9.0T w=-97.5deg",2025-10-26 17:44:08,2025-10-26 17:45:20,00:01:11,0.1,4.65,9.0,4.65,0.07,9.0,-97.5,/SNS/CNCS/IPTS-37274/nexus/CNCS_667666.nxs.h5
667665,108367,YbZn2GaO5,"YZGO, MAG9, Ei=4.65meV, T=0.07K, B=9.0T w=-98.0deg",2025-10-26 17:42:53,2025-10-26 17:44:04,00:01:11,0.1,4.65,9.0,4.65,0.07,9.0,-98.0,/SNS/CNCS/IPTS-37274/nexus/CNCS_667665.nxs.h5
667664,108367,YbZn2GaO5,"YZGO, MAG9, Ei=4.65meV, T=0.07K, B=9.0T w=-98.5deg",2025-10-26 17:41:37,2025-10-26 17:42:49,00:01:11,0.1,4.65,9.0,4.65,0.07,9.0,-98.5,/SNS/CNCS/IPTS-37274/nexus/CNCS_667664.nxs.h5
667663,108367,YbZn2GaO5,"YZGO, MAG9, Ei=4.65meV, T=0.07K, B=9.0T w=-99.0deg",2025-10-26 17:40:22,2025-10-26 17:41:34,00:01:11,0.1,4.65,9.0,4.65,0.07,9.0,-99.0,/SNS/CNCS/IPTS-37274/nexus/CNCS_667663.nxs.h5
667662,108367,YbZn2GaO5,"YZGO, MAG9, Ei=4.65meV, T=0.07K, B=9.0T w=-99.5deg",2025-10-26 17:39:07,2025-10-26 17:40:18,00:01:11,0.1,4.65,9.0,4.65,0.07,9.0,-99.5,/SNS/CNCS/IPTS-37274/nexus/CNCS_667662.nxs.h5
667661,108367,YbZn2GaO5,"YZGO, MAG9, Ei=4.65meV, T=0.07K, B=9.0T w=-100.0deg",2025-10-26 17:37:51,2025-10-26 17:39:03,00:01:11,0.1,4.65,9.0,4.65,0.07,9.0,-100.0,/SNS/CNCS/IPTS-37274/nexus/CNCS_667661.nxs.h5
667660,108367,YbZn2GaO5,"YZGO, MAG9, Ei=4.65meV, T=0.07K, B=9.0T w=-100.5deg",2025-10-26 17:36:36,2025-10-26 17:37:48,00:01:11,0.1,4.65,9.0,4.65,0.07,9.0,-100.5,/SNS/CNCS/IPTS-37274/nexus/CNCS_667660.nxs.h5
667659,108367,YbZn2GaO5,"YZGO, MAG9, Ei=4.65meV, T=0.07K, B=9.0T w=-101.0deg",2025-10-26 17:35:21,2025-10-26 17:36:33,00:01:11,0.1,4.65,9.0,4.65,0.07,9.0,-101.0,/SNS/CNCS/IPTS-37274/nexus/CNCS_667659.nxs.h5
667658,108367,YbZn2GaO5,"YZGO, MAG9, Ei=4.65meV, T=0.07K, B=9.0T w=-101.5deg",2025-10-26 17:34:05,2025-10-26 17:35:17,00:01:11,0.1,4.65,9.0,4.65,0.07,9.0,-101.5,/SNS/CNCS/IPTS-37274/nexus/CNCS_667658.nxs.h5
667657,108367,YbZn2GaO5,"YZGO, MAG9, Ei=4.65meV, T=0.07K, B=9.0T w=-102.0deg",2025-10-26 17:32:50,2025-10-26 17:34:02,00:01:12,0.1,4.65,9.0,4.65,0.07,9.0,-102.0,/SNS/CNCS/IPTS-37274/nexus/CNCS_667657.nxs.h5
667656,108367,YbZn2GaO5,"YZGO, MAG9, Ei=4.65meV, T=0.07K, B=9.0T w=-102.5deg",2025-10-26 17:31:34,2025-10-26 17:32:46,00:01:11,0.1,4.65,9.0,4.65,0.07,9.0,-102.5,/SNS/CNCS/IPTS-37274/nexus/CNCS_667656.nxs.h5
667655,108367,YbZn2GaO5,"YZGO, MAG9, Ei=4.65meV, T=0.07K, B=9.0T w=-103.0deg",2025-10-26 17:30:19,2025-10-26 17:31:31,00:01:11,0.1,4.65,9.0,4.65,0.07,9.0,-103.0,/SNS/CNCS/IPTS-37274/nexus/CNCS_667655.nxs.h5
667654,108367,YbZn2GaO5,"YZGO, MAG9, Ei=4.65meV, T=0.07K, B=9.0T w=-103.5deg",2025-10-26 17:29:04,2025-10-26 17:30:16,00:01:11,0.1,4.65,9.0,4.65,0.07,9.0,-103.5,/SNS/CNCS/IPTS-37274/nexus/CNCS_667654.nxs.h5
667653,108367,YbZn2GaO5,"YZGO, MAG9, Ei=4.65meV, T=0.07K, B=9.0T w=-104.0deg",2025-10-26 17:27:49,2025-10-26 17:29:00,00:01:11,0.1,4.65,9.0,4.65,0.07,9.0,-104.0,/SNS/CNCS/IPTS-37274/nexus/CNCS_667653.nxs.h5
667652,108367,YbZn2GaO5,"YZGO, MAG9, Ei=4.65meV, T=0.07K, B=9.0T w=-104.5deg",2025-10-26 17:26:33,2025-10-26 17:27:45,00:01:11,0.1,4.65,9.0,4.65,0.07,9.0,-104.5,/SNS/CNCS/IPTS-37274/nexus/CNCS_667652.nxs.h5
667651,108367,YbZn2GaO5,"YZGO, MAG9, Ei=4.65meV, T=0.07K, B=9.0T w=-105.0deg",2025-10-26 17:25:18,2025-10-26 17:26:30,00:01:11,0.1,4.65,9.0,4.65,0.07,9.0,-105.0,/SNS/CNCS/IPTS-37274/nexus/CNCS_667651.nxs.h5
667650,108367,YbZn2GaO5,"YZGO, MAG9, Ei=4.65meV, T=0.07K, B=9.0T w=-105.5deg",2025-10-26 17:24:03,2025-10-26 17:25:14,00:01:11,0.1,4.65,9.0,4.65,0.07,9.0,-105.5,/SNS/CNCS/IPTS-37274/nexus/CNCS_667650.nxs.h5
667649,108367,YbZn2GaO5,"YZGO, MAG9, Ei=4.65meV, T=0.07K, B=9.0T w=-106.0deg",2025-10-26 17:22:47,2025-10-26 17:23:59,00:01:11,0.1,4.65,9.0,4.65,0.07,9.0,-106.0,/SNS/CNCS/IPTS-37274/nexus/CNCS_667649.nxs.h5
667648,108367,YbZn2GaO5,"YZGO, MAG9, Ei=4.65meV, T=0.07K, B=9.0T w=-106.5deg",2025-10-26 17:21:32,2025-10-26 17:22:44,00:01:11,0.1,4.65,9.0,4.65,0.07,9.0,-106.5,/SNS/CNCS/IPTS-37274/nexus/CNCS_667648.nxs.h5
667647,108367,YbZn2GaO5,"YZGO, MAG9, Ei=4.65meV, T=0.07K, B=9.0T w=-107.0deg",2025-10-26 17:20:17,2025-10-26 17:21:29,00:01:11,0.1,4.65,9.0,4.65,0.07,9.0,-107.0,/SNS/CNCS/IPTS-37274/nexus/CNCS_667647.nxs.h5
667646,108367,YbZn2GaO5,"YZGO, MAG9, Ei=4.65meV, T=0.07K, B=9.0T w=-107.5deg",2025-10-26 17:19:02,2025-10-26 17:20:13,00:01:11,0.1,4.65,9.0,4.65,0.07,9.0,-107.5,/SNS/CNCS/IPTS-37274/nexus/CNCS_667646.nxs.h5
667645,108367,YbZn2GaO5,"YZGO, MAG9, Ei=4.65meV, T=0.07K, B=9.0T w=-108.0deg",2025-10-26 17:17:46,2025-10-26 17:18:58,00:01:11,0.1,4.65,9.0,4.65,0.07,9.0,-108.0,/SNS/CNCS/IPTS-37274/nexus/CNCS_667645.nxs.h5
667644,108367,YbZn2GaO5,"YZGO, MAG9, Ei=4.65meV, T=0.07K, B=9.0T w=-108.5deg",2025-10-26 17:16:31,2025-10-26 17:17:43,00:01:11,0.1,4.65,9.0,4.65,0.07,9.0,-108.5,/SNS/CNCS/IPTS-37274/nexus/CNCS_667644.nxs.h5
667643,108367,YbZn2GaO5,"YZGO, MAG9, Ei=4.65meV, T=0.07K, B=9.0T w=-109.0deg",2025-10-26 17:15:16,2025-10-26 17:16:27,00:01:11,0.1,4.65,9.0,4.65,0.07,9.0,-109.0,/SNS/CNCS/IPTS-37274/nexus/CNCS_667643.nxs.h5
667642,108367,YbZn2GaO5,"YZGO, MAG9, Ei=4.65meV, T=0.07K, B=9.0T w=-109.5deg",2025-10-26 17:14:00,2025-10-26 17:15:12,00:01:11,0.1,4.65,9.0,4.65,0.07,9.0,-109.5,/SNS/CNCS/IPTS-37274/nexus/CNCS_667642.nxs.h5
667641,108367,YbZn2GaO5,"YZGO, MAG9, Ei=4.65meV, T=0.07K, B=9.0T w=-110.0deg",2025-10-26 17:12:45,2025-10-26 17:13:57,00:01:11,0.1,4.65,9.0,4.65,0.07,9.0,-110.0,/SNS/CNCS/IPTS-37274/nexus/CNCS_667641.nxs.h5
667640,108367,YbZn2GaO5,"YZGO, MAG9, Ei=4.65meV, T=0.07K, B=9.0T w=-110.5deg",2025-10-26 17:11:29,2025-10-26 17:12:42,00:01:12,0.1,4.65,9.0,4.65,0.07,9.0,-110.5,/SNS/CNCS/IPTS-37274/nexus/CNCS_667640.nxs.h5
667639,108367,YbZn2GaO5,"YZGO, MAG9, Ei=4.65meV, T=0.07K, B=9.0T w=-111.0deg",2025-10-26 17:10:14,2025-10-26 17:11:26,00:01:11,0.1,4.65,9.0,4.65,0.07,9.0,-111.0,/SNS/CNCS/IPTS-37274/nexus/CNCS_667639.nxs.h5
667638,108367,YbZn2GaO5,"YZGO, MAG9, Ei=4.65meV, T=0.07K, B=9.0T w=-111.5deg",2025-10-26 17:08:59,2025-10-26 17:10:11,00:01:11,0.1,4.65,9.0,4.65,0.07,9.0,-111.5,/SNS/CNCS/IPTS-37274/nexus/CNCS_667638.nxs.h5
667637,108367,YbZn2GaO5,"YZGO, MAG9, Ei=4.65meV, T=0.07K, B=9.0T w=-112.0deg",2025-10-26 17:07:44,2025-10-26 17:08:55,00:01:11,0.1,4.65,9.0,4.65,0.07,9.0,-112.0,/SNS/CNCS/IPTS-37274/nexus/CNCS_667637.nxs.h5
667636,108367,YbZn2GaO5,"YZGO, MAG9, Ei=4.65meV, T=0.07K, B=9.0T w=-112.5deg",2025-10-26 17:06:28,2025-10-26 17:07:40,00:01:11,0.1,4.65,9.0,4.65,0.07,9.0,-112.5,/SNS/CNCS/IPTS-37274/nexus/CNCS_667636.nxs.h5
667635,108367,YbZn2GaO5,"YZGO, MAG9, Ei=4.65meV, T=0.07K, B=9.0T w=-113.0deg",2025-10-26 17:05:13,2025-10-26 17:06:25,00:01:11,0.1,4.65,9.0,4.65,0.07,9.0,-113.0,/SNS/CNCS/IPTS-37274/nexus/CNCS_667635.nxs.h5
667634,108367,YbZn2GaO5,"YZGO, MAG9, Ei=4.65meV, T=0.07K, B=9.0T w=-113.5deg",2025-10-26 17:03:58,2025-10-26 17:05:09,00:01:11,0.1,4.65,9.0,4.65,0.07,9.0,-113.5,/SNS/CNCS/IPTS-37274/nexus/CNCS_667634.nxs.h5
667633,108367,YbZn2GaO5,"YZGO, MAG9, Ei=4.65meV, T=0.07K, B=9.0T w=-114.0deg",2025-10-26 17:02:42,2025-10-26 17:03:54,00:01:11,0.1,4.65,9.0,4.65,0.07,9.0,-114.0,/SNS/CNCS/IPTS-37274/nexus/CNCS_667633.nxs.h5
667632,108367,YbZn2GaO5,"YZGO, MAG9, Ei=4.65meV, T=0.07K, B=9.0T w=-114.5deg",2025-10-26 17:01:27,2025-10-26 17:02:39,00:01:11,0.1,4.65,9.0,4.65,0.07,9.0,-114.5,/SNS/CNCS/IPTS-37274/nexus/CNCS_667632.nxs.h5
667631,108367,YbZn2GaO5,"YZGO, MAG9, Ei=4.65meV, T=0.07K, B=9.0T w=-115.0deg",2025-10-26 17:00:12,2025-10-26 17:01:24,00:01:11,0.1,4.65,9.0,4.65,0.07,9.0,-115.0,/SNS/CNCS/IPTS-37274/nexus/CNCS_667631.nxs.h5
667630,108367,YbZn2GaO5,"YZGO, MAG9, Ei=4.65meV, T=0.07K, B=9.0T w=-115.5deg",2025-10-26 16:58:57,2025-10-26 17:00:08,00:01:11,0.1,4.65,9.0,4.65,0.07,9.0,-115.5,/SNS/CNCS/IPTS-37274/nexus/CNCS_667630.nxs.h5
667629,108367,YbZn2GaO5,"YZGO, MAG9, Ei=4.65meV, T=0.07K, B=9.0T w=-116.0deg",2025-10-26 16:57:41,2025-10-26 16:58:53,00:01:11,0.1,4.65,9.0,4.65,0.07,9.0,-116.0,/SNS/CNCS/IPTS-37274/nexus/CNCS_667629.nxs.h5
667628,108367,YbZn2GaO5,"YZGO, MAG9, Ei=4.65meV, T=0.07K, B=9.0T w=-116.5deg",2025-10-26 16:56:25,2025-10-26 16:57:38,00:01:13,0.1,4.65,9.0,4.65,0.07,9.0,-116.5,/SNS/CNCS/IPTS-37274/nexus/CNCS_667628.nxs.h5
667627,108367,YbZn2GaO5,"YZGO, MAG9, Ei=4.65meV, T=0.07K, B=9.0T w=-117.0deg",2025-10-26 16:55:09,2025-10-26 16:56:21,00:01:11,0.1,4.65,9.0,4.65,0.07,9.0,-117.0,/SNS/CNCS/IPTS-37274/nexus/CNCS_667627.nxs.h5
667626,108367,YbZn2GaO5,"YZGO, MAG9, Ei=4.65meV, T=0.07K, B=9.0T w=-117.5deg",2025-10-26 16:53:54,2025-10-26 16:55:06,00:01:11,0.1,4.65,9.0,4.65,0.07,9.0,-117.5,/SNS/CNCS/IPTS-37274/nexus/CNCS_667626.nxs.h5
667625,108367,YbZn2GaO5,"YZGO, MAG9, Ei=4.65meV, T=0.07K, B=9.0T w=-118.0deg",2025-10-26 16:52:39,2025-10-26 16:53:51,00:01:11,0.1,4.65,9.0,4.65,0.07,9.0,-118.0,/SNS/CNCS/IPTS-37274/nexus/CNCS_667625.nxs.h5
667624,108367,YbZn2GaO5,"YZGO, MAG9, Ei=4.65meV, T=0.07K, B=9.0T w=-118.5deg",2025-10-26 16:51:24,2025-10-26 16:52:35,00:01:11,0.1,4.65,9.0,4.65,0.07,9.0,-118.5,/SNS/CNCS/IPTS-37274/nexus/CNCS_667624.nxs.h5
667623,108367,YbZn2GaO5,"YZGO, MAG9, Ei=4.65meV, T=0.07K, B=9.0T w=-119.0deg",2025-10-26 16:50:08,2025-10-26 16:51:20,00:01:11,0.1,4.65,9.0,4.65,0.07,9.0,-119.0,/SNS/CNCS/IPTS-37274/nexus/CNCS_667623.nxs.h5
667622,108367,YbZn2GaO5,"YZGO, MAG9, Ei=4.65meV, T=0.07K, B=9.0T w=-119.5deg",2025-10-26 16:48:53,2025-10-26 16:50:05,00:01:11,0.1,4.65,9.0,4.65,0.07,9.0,-119.5,/SNS/CNCS/IPTS-37274/nexus/CNCS_667622.nxs.h5
667621,108367,YbZn2GaO5,"YZGO, MAG9, Ei=4.65meV, T=0.07K, B=9.0T w=-120.0deg",2025-10-26 16:47:38,2025-10-26 16:48:49,00:01:11,0.1,4.65,9.0,4.65,0.07,9.0,-120.0,/SNS/CNCS/IPTS-37274/nexus/CNCS_667621.nxs.h5
667620,108367,YbZn2GaO5,"YZGO, MAG9, Ei=4.65meV, T=0.07K, B=9.0T w=-120.5deg",2025-10-26 16:46:22,2025-10-26 16:47:34,00:01:11,0.1,4.65,9.0,4.65,0.07,9.0,-120.5,/SNS/CNCS/IPTS-37274/nexus/CNCS_667620.nxs.h5
667619,108367,YbZn2GaO5,"YZGO, MAG9, Ei=4.65meV, T=0.07K, B=9.0T w=-121.0deg",2025-10-26 16:45:07,2025-10-26 16:46:19,00:01:11,0.1,4.65,9.0,4.65,0.07,9.0,-121.0,/SNS/CNCS/IPTS-37274/nexus/CNCS_667619.nxs.h5
667618,108367,YbZn2GaO5,"YZGO, MAG9, Ei=4.65meV, T=0.07K, B=9.0T w=-121.5deg",2025-10-26 16:43:52,2025-10-26 16:45:03,00:01:11,0.1,4.65,9.0,4.65,0.07,9.0,-121.5,/SNS/CNCS/IPTS-37274/nexus/CNCS_667618.nxs.h5
667617,108367,YbZn2GaO5,"YZGO, MAG9, Ei=4.65meV, T=0.07K, B=9.0T w=-122.0deg",2025-10-26 16:42:36,2025-10-26 16:43:48,00:01:11,0.1,4.65,9.0,4.65,0.07,9.0,-122.0,/SNS/CNCS/IPTS-37274/nexus/CNCS_667617.nxs.h5
667616,108367,YbZn2GaO5,"YZGO, MAG9, Ei=4.65meV, T=0.07K, B=9.0T w=-122.5deg",2025-10-26 16:41:21,2025-10-26 16:42:33,00:01:11,0.1,4.65,9.0,4.65,0.07,9.0,-122.5,/SNS/CNCS/IPTS-37274/nexus/CNCS_667616.nxs.h5
667615,108367,YbZn2GaO5,"YZGO, MAG9, Ei=4.65meV, T=0.07K, B=9.0T w=-123.0deg",2025-10-26 16:40:06,2025-10-26 16:41:17,00:01:11,0.1,4.65,9.0,4.65,0.07,9.0,-123.0,/SNS/CNCS/IPTS-37274/nexus/CNCS_667615.nxs.h5
667614,108367,YbZn2GaO5,"YZGO, MAG9, Ei=4.65meV, T=0.07K, B=9.0T w=-123.5deg",2025-10-26 16:38:50,2025-10-26 16:40:02,00:01:11,0.1,4.65,9.0,4.65,0.07,9.0,-123.5,/SNS/CNCS/IPTS-37274/nexus/CNCS_667614.nxs.h5
667613,108367,YbZn2GaO5,"YZGO, MAG9, Ei=4.65meV, T=0.07K, B=9.0T w=-124.0deg",2025-10-26 16:37:35,2025-10-26 16:38:47,00:01:11,0.1,4.65,9.0,4.65,0.07,9.0,-124.0,/SNS/CNCS/IPTS-37274/nexus/CNCS_667613.nxs.h5
667612,108367,YbZn2GaO5,"YZGO, MAG9, Ei=4.65meV, T=0.07K, B=9.0T w=-124.5deg",2025-10-26 16:36:20,2025-10-26 16:37:31,00:01:11,0.1,4.65,9.0,4.65,0.07,9.0,-124.5,/SNS/CNCS/IPTS-37274/nexus/CNCS_667612.nxs.h5
667611,108367,YbZn2GaO5,"YZGO, MAG9, Ei=4.65meV, T=0.07K, B=9.0T w=-125.0deg",2025-10-26 16:35:05,2025-10-26 16:36:16,00:01:11,0.1,4.65,9.0,4.65,0.07,9.0,-125.0,/SNS/CNCS/IPTS-37274/nexus/CNCS_667611.nxs.h5
667610,108367,YbZn2GaO5,"YZGO, MAG9, Ei=4.65meV, T=0.07K, B=9.0T w=-125.5deg",2025-10-26 16:33:49,2025-10-26 16:35:01,00:01:11,0.1,4.65,9.0,4.65,0.07,9.0,-125.5,/SNS/CNCS/IPTS-37274/nexus/CNCS_667610.nxs.h5
667609,108367,YbZn2GaO5,"YZGO, MAG9, Ei=4.65meV, T=0.07K, B=9.0T w=-126.0deg",2025-10-26 16:32:34,2025-10-26 16:33:46,00:01:11,0.1,4.65,9.0,4.65,0.07,9.0,-126.0,/SNS/CNCS/IPTS-37274/nexus/CNCS_667609.nxs.h5
667608,108367,YbZn2GaO5,"YZGO, MAG9, Ei=4.65meV, T=0.07K, B=9.0T w=-126.5deg",2025-10-26 16:31:19,2025-10-26 16:32:30,00:01:11,0.1,4.65,9.0,4.65,0.07,9.0,-126.5,/SNS/CNCS/IPTS-37274/nexus/CNCS_667608.nxs.h5
667607,108367,YbZn2GaO5,"YZGO, MAG9, Ei=4.65meV, T=0.07K, B=9.0T w=-127.0deg",2025-10-26 16:30:03,2025-10-26 16:31:15,00:01:11,0.1,4.65,9.0,4.65,0.07,9.0,-127.0,/SNS/CNCS/IPTS-37274/nexus/CNCS_667607.nxs.h5
667606,108367,YbZn2GaO5,"YZGO, MAG9, Ei=4.65meV, T=0.07K, B=9.0T w=-127.5deg",2025-10-26 16:28:48,2025-10-26 16:30:00,00:01:11,0.1,4.65,9.0,4.65,0.07,9.0,-127.5,/SNS/CNCS/IPTS-37274/nexus/CNCS_667606.nxs.h5
667605,108367,YbZn2GaO5,"YZGO, MAG9, Ei=4.65meV, T=0.07K, B=9.0T w=-128.0deg",2025-10-26 16:27:33,2025-10-26 16:28:44,00:01:11,0.1,4.65,9.0,4.65,0.07,9.0,-128.0,/SNS/CNCS/IPTS-37274/nexus/CNCS_667605.nxs.h5
667604,108367,YbZn2GaO5,"YZGO, MAG9, Ei=4.65meV, T=0.07K, B=9.0T w=-128.5deg",2025-10-26 16:26:17,2025-10-26 16:27:29,00:01:11,0.1,4.65,9.0,4.65,0.07,9.0,-128.5,/SNS/CNCS/IPTS-37274/nexus/CNCS_667604.nxs.h5
667603,108367,YbZn2GaO5,"YZGO, MAG9, Ei=4.65meV, T=0.07K, B=9.0T w=-129.0deg",2025-10-26 16:25:02,2025-10-26 16:26:14,00:01:11,0.1,4.65,9.0,4.65,0.07,9.0,-129.0,/SNS/CNCS/IPTS-37274/nexus/CNCS_667603.nxs.h5
667602,108367,YbZn2GaO5,"YZGO, MAG9, Ei=4.65meV, T=0.07K, B=9.0T w=-129.5deg",2025-10-26 16:23:46,2025-10-26 16:24:59,00:01:12,0.1,4.65,9.0,4.65,0.07,9.0,-129.5,/SNS/CNCS/IPTS-37274/nexus/CNCS_667602.nxs.h5
667601,108367,YbZn2GaO5,"YZGO, MAG9, Ei=4.65meV, T=0.07K, B=9.0T w=-130.0deg",2025-10-26 16:22:31,2025-10-26 16:23:42,00:01:11,0.1,4.65,9.0,4.65,0.07,9.0,-130.0,/SNS/CNCS/IPTS-37274/nexus/CNCS_667601.nxs.h5
667600,108367,YbZn2GaO5,"YZGO, MAG9, Ei=4.65meV, T=0.07K, B=9.0T w=-130.5deg",2025-10-26 16:21:14,2025-10-26 16:22:27,00:01:13,0.1,4.65,9.0,4.65,0.07,9.0,-130.5,/SNS/CNCS/IPTS-37274/nexus/CNCS_667600.nxs.h5
667599,108367,YbZn2GaO5,"YZGO, MAG9, Ei=4.65meV, T=0.07K, B=9.0T w=-131.0deg",2025-10-26 16:19:59,2025-10-26 16:21:10,00:01:11,0.1,4.65,9.0,4.65,0.07,9.0,-131.0,/SNS/CNCS/IPTS-37274/nexus/CNCS_667599.nxs.h5
667598,108367,YbZn2GaO5,"YZGO, MAG9, Ei=4.65meV, T=0.07K, B=9.0T w=-131.5deg",2025-10-26 16:18:42,2025-10-26 16:19:55,00:01:13,0.1,4.65,9.0,4.65,0.07,9.0,-131.5,/SNS/CNCS/IPTS-37274/nexus/CNCS_667598.nxs.h5
667597,108367,YbZn2GaO5,"YZGO, MAG9, Ei=4.65meV, T=0.07K, B=9.0T w=-132.0deg",2025-10-26 16:17:26,2025-10-26 16:18:38,00:01:11,0.1,4.65,9.0,4.65,0.07,9.0,-132.0,/SNS/CNCS/IPTS-37274/nexus/CNCS_667597.nxs.h5
667596,108367,YbZn2GaO5,"YZGO, MAG9, Ei=4.65meV, T=0.07K, B=9.0T w=-132.5deg",2025-10-26 16:16:11,2025-10-26 16:17:23,00:01:11,0.1,4.65,9.0,4.65,0.07,9.0,-132.5,/SNS/CNCS/IPTS-37274/nexus/CNCS_667596.nxs.h5
667595,108367,YbZn2GaO5,"YZGO, MAG9, Ei=4.65meV, T=0.07K, B=9.0T w=-133.0deg",2025-10-26 16:14:56,2025-10-26 16:16:07,00:01:11,0.1,4.65,9.0,4.65,0.07,9.0,-133.0,/SNS/CNCS/IPTS-37274/nexus/CNCS_667595.nxs.h5
667594,108367,YbZn2GaO5,"YZGO, MAG9, Ei=4.65meV, T=0.07K, B=9.0T w=-133.5deg",2025-10-26 16:13:40,2025-10-26 16:14:52,00:01:11,0.1,4.65,9.0,4.65,0.07,9.0,-133.5,/SNS/CNCS/IPTS-37274/nexus/CNCS_667594.nxs.h5
667593,108367,YbZn2GaO5,"YZGO, MAG9, Ei=4.65meV, T=0.07K, B=9.0T w=-134.0deg",2025-10-26 16:11:54,2025-10-26 16:13:37,00:01:43,0.1,4.65,9.0,4.65,0.07,9.0,-134.0,/SNS/CNCS/IPTS-37274/nexus/CNCS_667593.nxs.h5
667592,108367,YbZn2GaO5,"YZGO, MAG9, Ei=4.65meV, T=0.07K, B=9.0T w=-134.5deg",2025-10-26 16:10:38,2025-10-26 16:11:50,00:01:11,0.1,4.65,9.0,4.65,0.07,9.0,-134.5,/SNS/CNCS/IPTS-37274/nexus/CNCS_667592.nxs.h5
667591,108367,YbZn2GaO5,"YZGO, MAG9, Ei=4.65meV, T=0.07K, B=9.0T w=-135.0deg",2025-10-26 16:09:23,2025-10-26 16:10:35,00:01:11,0.1,4.65,9.0,4.65,0.07,9.0,-135.0,/SNS/CNCS/IPTS-37274/nexus/CNCS_667591.nxs.h5
667590,108367,YbZn2GaO5,"YZGO, MAG9, Ei=4.65meV, T=0.07K, B=9.0T w=-135.5deg",2025-10-26 16:08:08,2025-10-26 16:09:19,00:01:11,0.1,4.65,9.0,4.65,0.07,9.0,-135.5,/SNS/CNCS/IPTS-37274/nexus/CNCS_667590.nxs.h5
667589,108367,YbZn2GaO5,"YZGO, MAG9, Ei=4.65meV, T=0.07K, B=9.0T w=-136.0deg",2025-10-26 16:06:52,2025-10-26 16:08:04,00:01:11,0.1,4.65,9.0,4.65,0.07,9.0,-136.0,/SNS/CNCS/IPTS-37274/nexus/CNCS_667589.nxs.h5
667588,108367,YbZn2GaO5,"YZGO, MAG9, Ei=4.65meV, T=0.07K, B=9.0T w=-136.5deg",2025-10-26 16:05:37,2025-10-26 16:06:49,00:01:11,0.1,4.65,9.0,4.65,0.07,9.0,-136.5,/SNS/CNCS/IPTS-37274/nexus/CNCS_667588.nxs.h5
667587,108367,YbZn2GaO5,"YZGO, MAG9, Ei=4.65meV, T=0.07K, B=9.0T w=-137.0deg",2025-10-26 16:04:22,2025-10-26 16:05:33,00:01:11,0.1,4.65,9.0,4.65,0.07,9.0,-137.0,/SNS/CNCS/IPTS-37274/nexus/CNCS_667587.nxs.h5
667586,108367,YbZn2GaO5,"YZGO, MAG9, Ei=4.65meV, T=0.07K, B=9.0T w=-137.5deg",2025-10-26 16:03:06,2025-10-26 16:04:18,00:01:11,0.1,4.65,9.0,4.65,0.07,9.0,-137.5,/SNS/CNCS/IPTS-37274/nexus/CNCS_667586.nxs.h5
667585,108367,YbZn2GaO5,"YZGO, MAG9, Ei=4.65meV, T=0.07K, B=9.0T w=-138.0deg",2025-10-26 16:01:51,2025-10-26 16:03:03,00:01:11,0.1,4.65,9.0,4.65,0.07,9.0,-138.0,/SNS/CNCS/IPTS-37274/nexus/CNCS_667585.nxs.h5
667584,108367,YbZn2GaO5,"YZGO, MAG9, Ei=4.65meV, T=0.07K, B=9.0T w=-138.5deg",2025-10-26 16:00:36,2025-10-26 16:01:47,00:01:11,0.1,4.65,9.0,4.65,0.07,9.0,-138.5,/SNS/CNCS/IPTS-37274/nexus/CNCS_667584.nxs.h5
667583,108367,YbZn2GaO5,"YZGO, MAG9, Ei=4.65meV, T=0.07K, B=9.0T w=-139.0deg",2025-10-26 15:59:20,2025-10-26 16:00:32,00:01:11,0.1,4.65,9.0,4.65,0.07,9.0,-139.0,/SNS/CNCS/IPTS-37274/nexus/CNCS_667583.nxs.h5
667582,108367,YbZn2GaO5,"YZGO, MAG9, Ei=4.65meV, T=0.07K, B=9.0T w=-139.5deg",2025-10-26 15:58:05,2025-10-26 15:59:17,00:01:11,0.1,4.65,9.0,4.65,0.07,9.0,-139.5,/SNS/CNCS/IPTS-37274/nexus/CNCS_667582.nxs.h5
667581,108367,YbZn2GaO5,"YZGO, MAG9, Ei=4.65meV, T=0.07K, B=9.0T w=-140.0deg",2025-10-26 15:56:50,2025-10-26 15:58:01,00:01:11,0.1,4.65,9.0,4.65,0.07,9.0,-140.0,/SNS/CNCS/IPTS-37274/nexus/CNCS_667581.nxs.h5
667580,108367,YbZn2GaO5,"YZGO, MAG9, Ei=4.65meV, T=0.07K, B=9.0T w=-140.5deg",2025-10-26 15:55:34,2025-10-26 15:56:46,00:01:11,0.1,4.65,9.0,4.65,0.07,9.0,-140.5,/SNS/CNCS/IPTS-37274/nexus/CNCS_667580.nxs.h5
667579,108367,YbZn2GaO5,"YZGO, MAG9, Ei=4.65meV, T=0.07K, B=9.0T w=-141.0deg",2025-10-26 15:54:19,2025-10-26 15:55:31,00:01:11,0.1,4.65,9.0,4.65,0.07,9.0,-141.0,/SNS/CNCS/IPTS-37274/nexus/CNCS_667579.nxs.h5
667578,108367,YbZn2GaO5,"YZGO, MAG9, Ei=4.65meV, T=0.07K, B=9.0T w=-141.5deg",2025-10-26 15:53:04,2025-10-26 15:54:16,00:01:11,0.1,4.65,9.0,4.65,0.07,9.0,-141.5,/SNS/CNCS/IPTS-37274/nexus/CNCS_667578.nxs.h5
667577,108367,YbZn2GaO5,"YZGO, MAG9, Ei=4.65meV, T=0.07K, B=9.0T w=-142.0deg",2025-10-26 15:51:48,2025-10-26 15:53:00,00:01:11,0.1,4.65,9.0,4.65,0.07,9.0,-142.0,/SNS/CNCS/IPTS-37274/nexus/CNCS_667577.nxs.h5
667576,108367,YbZn2GaO5,"YZGO, MAG9, Ei=4.65meV, T=0.07K, B=9.0T w=-142.5deg",2025-10-26 15:50:33,2025-10-26 15:51:45,00:01:11,0.1,4.65,9.0,4.65,0.07,9.0,-142.5,/SNS/CNCS/IPTS-37274/nexus/CNCS_667576.nxs.h5
667575,108367,YbZn2GaO5,"YZGO, MAG9, Ei=4.65meV, T=0.07K, B=9.0T w=-143.0deg",2025-10-26 15:49:17,2025-10-26 15:50:30,00:01:12,0.1,4.65,9.0,4.65,0.07,9.0,-143.0,/SNS/CNCS/IPTS-37274/nexus/CNCS_667575.nxs.h5
667574,108367,YbZn2GaO5,"YZGO, MAG9, Ei=4.65meV, T=0.07K, B=9.0T w=-143.5deg",2025-10-26 15:48:02,2025-10-26 15:49:14,00:01:11,0.1,4.65,9.0,4.65,0.07,9.0,-143.5,/SNS/CNCS/IPTS-37274/nexus/CNCS_667574.nxs.h5
667573,108367,YbZn2GaO5,"YZGO, MAG9, Ei=4.65meV, T=0.07K, B=9.0T w=-144.0deg",2025-10-26 15:46:47,2025-10-26 15:47:58,00:01:11,0.1,4.65,9.0,4.65,0.07,9.0,-144.0,/SNS/CNCS/IPTS-37274/nexus/CNCS_667573.nxs.h5
667572,108367,YbZn2GaO5,"YZGO, MAG9, Ei=4.65meV, T=0.07K, B=9.0T w=-144.5deg",2025-10-26 15:45:31,2025-10-26 15:46:43,00:01:11,0.1,4.65,9.0,4.65,0.07,9.0,-144.5,/SNS/CNCS/IPTS-37274/nexus/CNCS_667572.nxs.h5
667571,108367,YbZn2GaO5,"YZGO, MAG9, Ei=4.65meV, T=0.07K, B=9.0T w=-145.0deg",2025-10-26 15:44:16,2025-10-26 15:45:28,00:01:11,0.1,4.65,9.0,4.65,0.07,9.0,-145.0,/SNS/CNCS/IPTS-37274/nexus/CNCS_667571.nxs.h5
667570,108367,YbZn2GaO5,"YZGO, MAG9, Ei=4.65meV, T=0.07K, B=9.0T w=-145.5deg",2025-10-26 15:43:01,2025-10-26 15:44:12,00:01:11,0.1,4.65,9.0,4.65,0.07,9.0,-145.5,/SNS/CNCS/IPTS-37274/nexus/CNCS_667570.nxs.h5
667569,108367,YbZn2GaO5,"YZGO, MAG9, Ei=4.65meV, T=0.07K, B=9.0T w=-146.0deg",2025-10-26 15:41:45,2025-10-26 15:42:57,00:01:11,0.1,4.65,9.0,4.65,0.07,9.0,-146.0,/SNS/CNCS/IPTS-37274/nexus/CNCS_667569.nxs.h5
667568,108367,YbZn2GaO5,"YZGO, MAG9, Ei=4.65meV, T=0.07K, B=9.0T w=-146.5deg",2025-10-26 15:40:30,2025-10-26 15:41:42,00:01:11,0.1,4.65,9.0,4.65,0.07,9.0,-146.5,/SNS/CNCS/IPTS-37274/nexus/CNCS_667568.nxs.h5
667567,108367,YbZn2GaO5,"YZGO, MAG9, Ei=4.65meV, T=0.07K, B=9.0T w=-147.0deg",2025-10-26 15:39:15,2025-10-26 15:40:27,00:01:11,0.1,4.65,9.0,4.65,0.07,9.0,-147.0,/SNS/CNCS/IPTS-37274/nexus/CNCS_667567.nxs.h5
667566,108367,YbZn2GaO5,"YZGO, MAG9, Ei=4.65meV, T=0.07K, B=9.0T w=-147.5deg",2025-10-26 15:38:00,2025-10-26 15:39:11,00:01:11,0.1,4.65,9.0,4.65,0.07,9.0,-147.5,/SNS/CNCS/IPTS-37274/nexus/CNCS_667566.nxs.h5
667565,108367,YbZn2GaO5,"YZGO, MAG9, Ei=4.65meV, T=0.07K, B=9.0T w=-148.0deg",2025-10-26 15:36:44,2025-10-26 15:37:56,00:01:11,0.1,4.65,9.0,4.65,0.07,9.0,-148.0,/SNS/CNCS/IPTS-37274/nexus/CNCS_667565.nxs.h5
667564,108367,YbZn2GaO5,"YZGO, MAG9, Ei=4.65meV, T=0.07K, B=9.0T w=-148.5deg",2025-10-26 15:35:29,2025-10-26 15:36:41,00:01:11,0.1,4.65,9.0,4.65,0.07,9.0,-148.5,/SNS/CNCS/IPTS-37274/nexus/CNCS_667564.nxs.h5
667563,108367,YbZn2GaO5,"YZGO, MAG9, Ei=4.65meV, T=0.07K, B=9.0T w=-149.0deg",2025-10-26 15:34:14,2025-10-26 15:35:25,00:01:11,0.1,4.65,9.0,4.65,0.07,9.0,-149.0,/SNS/CNCS/IPTS-37274/nexus/CNCS_667563.nxs.h5
667562,108367,YbZn2GaO5,"YZGO, MAG9, Ei=4.65meV, T=0.07K, B=9.0T w=-149.5deg",2025-10-26 15:32:58,2025-10-26 15:34:10,00:01:11,0.1,4.65,9.0,4.65,0.07,9.0,-149.5,/SNS/CNCS/IPTS-37274/nexus/CNCS_667562.nxs.h5
667561,108367,YbZn2GaO5,"YZGO, MAG9, Ei=4.65meV, T=0.07K, B=9.0T w=-150.0deg",2025-10-26 15:31:43,2025-10-26 15:32:55,00:01:11,0.1,4.65,9.0,4.65,0.07,9.0,-150.0,/SNS/CNCS/IPTS-37274/nexus/CNCS_667561.nxs.h5
667560,108367,YbZn2GaO5,"YZGO, MAG9, Ei=4.65meV, T=0.07K, B=9.0T w=-150.5deg",2025-10-26 15:30:28,2025-10-26 15:31:39,00:01:11,0.1,4.65,9.0,4.65,0.07,9.0,-150.5,/SNS/CNCS/IPTS-37274/nexus/CNCS_667560.nxs.h5
667559,108367,YbZn2GaO5,"YZGO, MAG9, Ei=4.65meV, T=0.07K, B=9.0T w=-151.0deg",2025-10-26 15:29:12,2025-10-26 15:30:24,00:01:11,0.1,4.65,9.0,4.65,0.07,9.0,-151.0,/SNS/CNCS/IPTS-37274/nexus/CNCS_667559.nxs.h5
667558,108367,YbZn2GaO5,"YZGO, MAG9, Ei=4.65meV, T=0.07K, B=9.0T w=-151.5deg",2025-10-26 15:27:57,2025-10-26 15:29:09,00:01:11,0.1,4.65,9.0,4.65,0.07,9.0,-151.5,/SNS/CNCS/IPTS-37274/nexus/CNCS_667558.nxs.h5
667557,108367,YbZn2GaO5,"YZGO, MAG9, Ei=4.65meV, T=0.07K, B=9.0T w=-152.0deg",2025-10-26 15:26:42,2025-10-26 15:27:54,00:01:11,0.1,4.65,9.0,4.65,0.07,9.0,-152.0,/SNS/CNCS/IPTS-37274/nexus/CNCS_667557.nxs.h5
667556,108367,YbZn2GaO5,"YZGO, MAG9, Ei=4.65meV, T=0.07K, B=9.0T w=-152.5deg",2025-10-26 15:25:27,2025-10-26 15:26:38,00:01:11,0.1,4.65,9.0,4.65,0.07,9.0,-152.5,/SNS/CNCS/IPTS-37274/nexus/CNCS_667556.nxs.h5
667555,108367,YbZn2GaO5,"YZGO, MAG9, Ei=4.65meV, T=0.07K, B=9.0T w=-153.0deg",2025-10-26 15:24:11,2025-10-26 15:25:23,00:01:11,0.1,4.65,9.0,4.65,0.07,9.0,-153.0,/SNS/CNCS/IPTS-37274/nexus/CNCS_667555.nxs.h5
667554,108367,YbZn2GaO5,"YZGO, MAG9, Ei=4.65meV, T=0.07K, B=9.0T w=-153.5deg",2025-10-26 15:22:56,2025-10-26 15:24:08,00:01:11,0.1,4.65,9.0,4.65,0.07,9.0,-153.5,/SNS/CNCS/IPTS-37274/nexus/CNCS_667554.nxs.h5
667553,108367,YbZn2GaO5,"YZGO, MAG9, Ei=4.65meV, T=0.07K, B=9.0T w=-154.0deg",2025-10-26 15:21:41,2025-10-26 15:22:52,00:01:11,0.1,4.65,9.0,4.65,0.07,9.0,-154.0,/SNS/CNCS/IPTS-37274/nexus/CNCS_667553.nxs.h5
667552,108367,YbZn2GaO5,"YZGO, MAG9, Ei=4.65meV, T=0.07K, B=9.0T w=-154.5deg",2025-10-26 15:20:25,2025-10-26 15:21:37,00:01:11,0.1,4.65,9.0,4.65,0.07,9.0,-154.5,/SNS/CNCS/IPTS-37274/nexus/CNCS_667552.nxs.h5
667551,108367,YbZn2GaO5,"YZGO, MAG9, Ei=4.65meV, T=0.07K, B=9.0T w=-155.0deg",2025-10-26 15:19:10,2025-10-26 15:20:22,00:01:11,0.1,4.65,9.0,4.65,0.07,9.0,-155.0,/SNS/CNCS/IPTS-37274/nexus/CNCS_667551.nxs.h5
667550,108367,YbZn2GaO5,"YZGO, MAG9, Ei=4.65meV, T=0.07K, B=9.0T w=-155.5deg",2025-10-26 15:17:55,2025-10-26 15:19:07,00:01:11,0.1,4.65,9.0,4.65,0.07,9.0,-155.5,/SNS/CNCS/IPTS-37274/nexus/CNCS_667550.nxs.h5
667549,108367,YbZn2GaO5,"YZGO, MAG9, Ei=4.65meV, T=0.07K, B=9.0T w=-156.0deg",2025-10-26 15:16:39,2025-10-26 15:17:51,00:01:12,0.1,4.65,9.0,4.65,0.07,9.0,-156.0,/SNS/CNCS/IPTS-37274/nexus/CNCS_667549.nxs.h5
667548,108367,YbZn2GaO5,"YZGO, MAG9, Ei=4.65meV, T=0.07K, B=9.0T w=-156.5deg",2025-10-26 15:15:24,2025-10-26 15:16:35,00:01:11,0.1,4.65,9.0,4.65,0.07,9.0,-156.5,/SNS/CNCS/IPTS-37274/nexus/CNCS_667548.nxs.h5
667547,108367,YbZn2GaO5,"YZGO, MAG9, Ei=4.65meV, T=0.07K, B=9.0T w=-157.0deg",2025-10-26 15:14:08,2025-10-26 15:15:20,00:01:11,0.1,4.65,9.0,4.65,0.07,9.0,-157.0,/SNS/CNCS/IPTS-37274/nexus/CNCS_667547.nxs.h5
667546,108367,YbZn2GaO5,"YZGO, MAG9, Ei=4.65meV, T=0.07K, B=9.0T w=-157.5deg",2025-10-26 15:12:53,2025-10-26 15:14:05,00:01:11,0.1,4.65,9.0,4.65,0.07,9.0,-157.5,/SNS/CNCS/IPTS-37274/nexus/CNCS_667546.nxs.h5
667545,108367,YbZn2GaO5,"YZGO, MAG9, Ei=4.65meV, T=0.07K, B=9.0T w=-158.0deg",2025-10-26 15:11:38,2025-10-26 15:12:49,00:01:11,0.1,4.65,9.0,4.65,0.07,9.0,-158.0,/SNS/CNCS/IPTS-37274/nexus/CNCS_667545.nxs.h5
667544,108367,YbZn2GaO5,"YZGO, MAG9, Ei=4.65meV, T=0.07K, B=9.0T w=-158.5deg",2025-10-26 15:10:23,2025-10-26 15:11:34,00:01:11,0.1,4.65,9.0,4.65,0.07,9.0,-158.5,/SNS/CNCS/IPTS-37274/nexus/CNCS_667544.nxs.h5
667543,108367,YbZn2GaO5,"YZGO, MAG9, Ei=4.65meV, T=0.07K, B=9.0T w=-159.0deg",2025-10-26 15:09:07,2025-10-26 15:10:19,00:01:12,0.1,4.65,9.0,4.65,0.07,9.0,-159.0,/SNS/CNCS/IPTS-37274/nexus/CNCS_667543.nxs.h5
667542,108367,YbZn2GaO5,"YZGO, MAG9, Ei=4.65meV, T=0.07K, B=9.0T w=-159.5deg",2025-10-26 15:07:51,2025-10-26 15:09:03,00:01:11,0.1,4.65,9.0,4.65,0.07,9.0,-159.5,/SNS/CNCS/IPTS-37274/nexus/CNCS_667542.nxs.h5
667541,108367,YbZn2GaO5,"YZGO, MAG9, Ei=4.65meV, T=0.07K, B=9.0T w=-160.0deg",2025-10-26 15:06:36,2025-10-26 15:07:48,00:01:11,0.1,4.65,9.0,4.65,0.07,9.0,-160.0,/SNS/CNCS/IPTS-37274/nexus/CNCS_667541.nxs.h5
667540,108367,YbZn2GaO5,"YZGO, MAG9, Ei=4.65meV, T=0.07K, B=9.0T w=-160.5deg",2025-10-26 15:05:21,2025-10-26 15:06:33,00:01:11,0.1,4.65,9.0,4.65,0.07,9.0,-160.5,/SNS/CNCS/IPTS-37274/nexus/CNCS_667540.nxs.h5
667539,108367,YbZn2GaO5,"YZGO, MAG9, Ei=4.65meV, T=0.07K, B=9.0T w=-161.0deg",2025-10-26 15:04:06,2025-10-26 15:05:17,00:01:11,0.1,4.65,9.0,4.65,0.07,9.0,-161.0,/SNS/CNCS/IPTS-37274/nexus/CNCS_667539.nxs.h5
667538,108367,YbZn2GaO5,"YZGO, MAG9, Ei=4.65meV, T=0.07K, B=9.0T w=-161.5deg",2025-10-26 15:02:50,2025-10-26 15:04:02,00:01:11,0.1,4.65,9.0,4.65,0.07,9.0,-161.5,/SNS/CNCS/IPTS-37274/nexus/CNCS_667538.nxs.h5
667537,108367,YbZn2GaO5,"YZGO, MAG9, Ei=4.65meV, T=0.07K, B=9.0T w=-162.0deg",2025-10-26 15:01:35,2025-10-26 15:02:47,00:01:11,0.1,4.65,9.0,4.65,0.07,9.0,-162.0,/SNS/CNCS/IPTS-37274/nexus/CNCS_667537.nxs.h5
667536,108367,YbZn2GaO5,"YZGO, MAG9, Ei=4.65meV, T=0.07K, B=9.0T w=-162.5deg",2025-10-26 15:00:20,2025-10-26 15:01:31,00:01:11,0.1,4.65,9.0,4.65,0.07,9.0,-162.5,/SNS/CNCS/IPTS-37274/nexus/CNCS_667536.nxs.h5
667535,108367,YbZn2GaO5,"YZGO, MAG9, Ei=4.65meV, T=0.07K, B=9.0T w=-163.0deg",2025-10-26 14:59:04,2025-10-26 15:00:16,00:01:11,0.1,4.65,9.0,4.65,0.07,9.0,-163.0,/SNS/CNCS/IPTS-37274/nexus/CNCS_667535.nxs.h5
667534,108367,YbZn2GaO5,"YZGO, MAG9, Ei=4.65meV, T=0.07K, B=9.0T w=-163.5deg",2025-10-26 14:57:49,2025-10-26 14:59:01,00:01:11,0.1,4.65,9.0,4.65,0.07,9.0,-163.5,/SNS/CNCS/IPTS-37274/nexus/CNCS_667534.nxs.h5
667533,108367,YbZn2GaO5,"YZGO, MAG9, Ei=4.65meV, T=0.07K, B=9.0T w=-164.0deg",2025-10-26 14:56:34,2025-10-26 14:57:45,00:01:11,0.1,4.65,9.0,4.65,0.07,9.0,-164.0,/SNS/CNCS/IPTS-37274/nexus/CNCS_667533.nxs.h5
667532,108367,YbZn2GaO5,"YZGO, MAG9, Ei=4.65meV, T=0.07K, B=9.0T w=-164.5deg",2025-10-26 14:55:18,2025-10-26 14:56:30,00:01:11,0.1,4.65,9.0,4.65,0.07,9.0,-164.5,/SNS/CNCS/IPTS-37274/nexus/CNCS_667532.nxs.h5
667531,108367,YbZn2GaO5,"YZGO, MAG9, Ei=4.65meV, T=0.07K, B=9.0T w=-165.0deg",2025-10-26 14:54:03,2025-10-26 14:55:15,00:01:11,0.1,4.65,9.0,4.65,0.07,9.0,-165.0,/SNS/CNCS/IPTS-37274/nexus/CNCS_667531.nxs.h5
667530,108367,YbZn2GaO5,"YZGO, MAG9, Ei=4.65meV, T=0.07K, B=9.0T w=-165.5deg",2025-10-26 14:52:47,2025-10-26 14:53:59,00:01:12,0.1,4.65,9.0,4.65,0.07,9.0,-165.5,/SNS/CNCS/IPTS-37274/nexus/CNCS_667530.nxs.h5
667529,108367,YbZn2GaO5,"YZGO, MAG9, Ei=4.65meV, T=0.07K, B=9.0T w=-166.0deg",2025-10-26 14:51:32,2025-10-26 14:52:44,00:01:11,0.1,4.65,9.0,4.65,0.07,9.0,-166.0,/SNS/CNCS/IPTS-37274/nexus/CNCS_667529.nxs.h5
667528,108367,YbZn2GaO5,"YZGO, MAG9, Ei=4.65meV, T=0.07K, B=9.0T w=-166.5deg",2025-10-26 14:50:17,2025-10-26 14:51:28,00:01:11,0.1,4.65,9.0,4.65,0.07,9.0,-166.5,/SNS/CNCS/IPTS-37274/nexus/CNCS_667528.nxs.h5
667527,108367,YbZn2GaO5,"YZGO, MAG9, Ei=4.65meV, T=0.07K, B=9.0T w=-167.0deg",2025-10-26 14:49:01,2025-10-26 14:50:13,00:01:11,0.1,4.65,9.0,4.65,0.07,9.0,-167.0,/SNS/CNCS/IPTS-37274/nexus/CNCS_667527.nxs.h5
667526,108367,YbZn2GaO5,"YZGO, MAG9, Ei=4.65meV, T=0.07K, B=9.0T w=-167.5deg",2025-10-26 14:47:46,2025-10-26 14:48:58,00:01:11,0.1,4.65,9.0,4.65,0.07,9.0,-167.5,/SNS/CNCS/IPTS-37274/nexus/CNCS_667526.nxs.h5
667525,108367,YbZn2GaO5,"YZGO, MAG9, Ei=4.65meV, T=0.07K, B=9.0T w=-168.0deg",2025-10-26 14:46:31,2025-10-26 14:47:42,00:01:11,0.1,4.65,9.0,4.65,0.07,9.0,-168.0,/SNS/CNCS/IPTS-37274/nexus/CNCS_667525.nxs.h5
667524,108367,YbZn2GaO5,"YZGO, MAG9, Ei=4.65meV, T=0.07K, B=9.0T w=-168.5deg",2025-10-26 14:45:15,2025-10-26 14:46:27,00:01:11,0.1,4.65,9.0,4.65,0.07,9.0,-168.5,/SNS/CNCS/IPTS-37274/nexus/CNCS_667524.nxs.h5
667523,108367,YbZn2GaO5,"YZGO, MAG9, Ei=4.65meV, T=0.07K, B=9.0T w=-169.0deg",2025-10-26 14:44:00,2025-10-26 14:45:12,00:01:11,0.1,4.65,9.0,4.65,0.07,9.0,-169.0,/SNS/CNCS/IPTS-37274/nexus/CNCS_667523.nxs.h5
667522,108367,YbZn2GaO5,"YZGO, MAG9, Ei=4.65meV, T=0.07K, B=9.0T w=-169.5deg",2025-10-26 14:42:45,2025-10-26 14:43:56,00:01:11,0.1,4.65,9.0,4.65,0.07,9.0,-169.5,/SNS/CNCS/IPTS-37274/nexus/CNCS_667522.nxs.h5
667521,108367,YbZn2GaO5,"YZGO, MAG9, Ei=4.65meV, T=0.07K, B=9.0T w=-170.0deg",2025-10-26 14:41:29,2025-10-26 14:42:41,00:01:11,0.1,4.65,9.0,4.65,0.07,9.0,-170.0,/SNS/CNCS/IPTS-37274/nexus/CNCS_667521.nxs.h5
667520,108367,YbZn2GaO5,"YZGO, MAG9, Ei=4.65meV, T=0.07K, B=9.0T w=-170.5deg",2025-10-26 14:40:14,2025-10-26 14:41:26,00:01:11,0.1,4.65,9.0,4.65,0.07,9.0,-170.5,/SNS/CNCS/IPTS-37274/nexus/CNCS_667520.nxs.h5
667519,108367,YbZn2GaO5,"YZGO, MAG9, Ei=4.65meV, T=0.07K, B=9.0T w=-171.0deg",2025-10-26 14:38:59,2025-10-26 14:40:10,00:01:11,0.1,4.65,9.0,4.65,0.07,9.0,-171.0,/SNS/CNCS/IPTS-37274/nexus/CNCS_667519.nxs.h5
667518,108367,YbZn2GaO5,"YZGO, MAG9, Ei=4.65meV, T=0.07K, B=9.0T w=-171.5deg",2025-10-26 14:37:43,2025-10-26 14:38:55,00:01:11,0.1,4.65,9.0,4.65,0.07,9.0,-171.5,/SNS/CNCS/IPTS-37274/nexus/CNCS_667518.nxs.h5
667517,108367,YbZn2GaO5,"YZGO, MAG9, Ei=4.65meV, T=0.07K, B=9.0T w=-172.0deg",2025-10-26 14:36:28,2025-10-26 14:37:40,00:01:11,0.1,4.65,9.0,4.65,0.07,9.0,-172.0,/SNS/CNCS/IPTS-37274/nexus/CNCS_667517.nxs.h5
667516,108367,YbZn2GaO5,"YZGO, MAG9, Ei=4.65meV, T=0.07K, B=9.0T w=-172.5deg",2025-10-26 14:35:13,2025-10-26 14:36:24,00:01:11,0.1,4.65,9.0,4.65,0.07,9.0,-172.5,/SNS/CNCS/IPTS-37274/nexus/CNCS_667516.nxs.h5
667515,108367,YbZn2GaO5,"YZGO, MAG9, Ei=4.65meV, T=0.07K, B=9.0T w=-173.0deg",2025-10-26 14:33:57,2025-10-26 14:35:09,00:01:11,0.1,4.65,9.0,4.65,0.07,9.0,-173.0,/SNS/CNCS/IPTS-37274/nexus/CNCS_667515.nxs.h5
667514,108367,YbZn2GaO5,"YZGO, MAG9, Ei=4.65meV, T=0.07K, B=9.0T w=-173.5deg",2025-10-26 14:32:42,2025-10-26 14:33:54,00:01:11,0.1,4.65,9.0,4.65,0.07,9.0,-173.5,/SNS/CNCS/IPTS-37274/nexus/CNCS_667514.nxs.h5
667513,108367,YbZn2GaO5,"YZGO, MAG9, Ei=4.65meV, T=0.07K, B=9.0T w=-174.0deg",2025-10-26 14:31:27,2025-10-26 14:32:38,00:01:11,0.1,4.65,9.0,4.65,0.07,9.0,-174.0,/SNS/CNCS/IPTS-37274/nexus/CNCS_667513.nxs.h5
667512,108367,YbZn2GaO5,"YZGO, MAG9, Ei=4.65meV, T=0.07K, B=9.0T w=-174.5deg",2025-10-26 14:30:11,2025-10-26 14:31:23,00:01:11,0.1,4.65,9.0,4.65,0.07,9.0,-174.5,/SNS/CNCS/IPTS-37274/nexus/CNCS_667512.nxs.h5
667511,108367,YbZn2GaO5,"YZGO, MAG9, Ei=4.65meV, T=0.07K, B=9.0T w=-175.0deg",2025-10-26 14:28:56,2025-10-26 14:30:08,00:01:11,0.1,4.65,9.0,4.65,0.07,9.0,-175.0,/SNS/CNCS/IPTS-37274/nexus/CNCS_667511.nxs.h5
667510,108367,YbZn2GaO5,"YZGO, MAG9, Ei=4.65meV, T=0.07K, B=9.0T w=-175.5deg",2025-10-26 14:27:41,2025-10-26 14:28:53,00:01:11,0.1,4.65,9.0,4.65,0.07,9.0,-175.5,/SNS/CNCS/IPTS-37274/nexus/CNCS_667510.nxs.h5
667509,108367,YbZn2GaO5,"YZGO, MAG9, Ei=4.65meV, T=0.07K, B=9.0T w=-176.0deg",2025-10-26 14:26:24,2025-10-26 14:27:37,00:01:13,0.1,4.65,9.0,4.65,0.07,9.0,-176.0,/SNS/CNCS/IPTS-37274/nexus/CNCS_667509.nxs.h5
667508,108367,YbZn2GaO5,"YZGO, MAG9, Ei=4.65meV, T=0.07K, B=9.0T w=-176.5deg",2025-10-26 14:25:09,2025-10-26 14:26:20,00:01:11,0.1,4.65,9.0,4.65,0.07,9.0,-176.5,/SNS/CNCS/IPTS-37274/nexus/CNCS_667508.nxs.h5
667507,108367,YbZn2GaO5,"YZGO, MAG9, Ei=4.65meV, T=0.07K, B=9.0T w=-177.0deg",2025-10-26 14:23:53,2025-10-26 14:25:05,00:01:11,0.1,4.65,9.0,4.65,0.07,9.0,-177.0,/SNS/CNCS/IPTS-37274/nexus/CNCS_667507.nxs.h5
667506,108367,YbZn2GaO5,"YZGO, MAG9, Ei=4.65meV, T=0.07K, B=9.0T w=-177.5deg",2025-10-26 14:22:38,2025-10-26 14:23:50,00:01:11,0.1,4.65,9.0,4.65,0.07,9.0,-177.5,/SNS/CNCS/IPTS-37274/nexus/CNCS_667506.nxs.h5
667505,108367,YbZn2GaO5,"YZGO, MAG9, Ei=4.65meV, T=0.07K, B=9.0T w=-178.0deg",2025-10-26 14:21:23,2025-10-26 14:22:35,00:01:11,0.1,4.65,9.0,4.65,0.07,9.0,-178.0,/SNS/CNCS/IPTS-37274/nexus/CNCS_667505.nxs.h5
667504,108367,YbZn2GaO5,"YZGO, MAG9, Ei=4.65meV, T=0.07K, B=9.0T w=-178.5deg",2025-10-26 14:20:08,2025-10-26 14:21:19,00:01:11,0.1,4.65,9.0,4.65,0.07,9.0,-178.5,/SNS/CNCS/IPTS-37274/nexus/CNCS_667504.nxs.h5
667503,108367,YbZn2GaO5,"YZGO, MAG9, Ei=4.65meV, T=0.07K, B=9.0T w=-179.0deg",2025-10-26 14:18:52,2025-10-26 14:20:04,00:01:11,0.1,4.65,9.0,4.65,0.07,9.0,-179.0,/SNS/CNCS/IPTS-37274/nexus/CNCS_667503.nxs.h5
667502,108367,YbZn2GaO5,"YZGO, MAG9, Ei=4.65meV, T=0.07K, B=9.0T w=-179.5deg",2025-10-26 14:17:36,2025-10-26 14:18:49,00:01:12,0.1,4.65,9.0,4.65,0.07,9.0,-179.5,/SNS/CNCS/IPTS-37274/nexus/CNCS_667502.nxs.h5
667501,108367,YbZn2GaO5,"YZGO, MAG9, Ei=4.65meV, T=0.07K, B=9.0T w=-180.0deg",2025-10-26 14:16:21,2025-10-26 14:17:33,00:01:11,0.1,4.65,9.0,4.65,0.07,9.0,-180.0,/SNS/CNCS/IPTS-37274/nexus/CNCS_667501.nxs.h5
667500,108367,YbZn2GaO5,"YZGO, MAG9, Ei=4.65meV, T=0.07K, B=9.0T w=-180.5deg",2025-10-26 14:15:06,2025-10-26 14:16:18,00:01:11,0.1,4.65,9.0,4.65,0.07,9.0,-180.5,/SNS/CNCS/IPTS-37274/nexus/CNCS_667500.nxs.h5
667499,108367,YbZn2GaO5,"YZGO, MAG9, Ei=4.65meV, T=0.07K, B=9.0T w=-181.0deg",2025-10-26 14:13:51,2025-10-26 14:15:02,00:01:11,0.1,4.65,9.0,4.65,0.07,9.0,-181.0,/SNS/CNCS/IPTS-37274/nexus/CNCS_667499.nxs.h5
667498,108367,YbZn2GaO5,"YZGO, MAG9, Ei=4.65meV, T=0.07K, B=9.0T w=-181.5deg",2025-10-26 14:12:35,2025-10-26 14:13:47,00:01:11,0.1,4.65,9.0,4.65,0.07,9.0,-181.5,/SNS/CNCS/IPTS-37274/nexus/CNCS_667498.nxs.h5
667497,108367,YbZn2GaO5,"YZGO, MAG9, Ei=4.65meV, T=0.07K, B=9.0T w=-182.0deg",2025-10-26 14:11:20,2025-10-26 14:12:32,00:01:11,0.1,4.65,9.0,4.65,0.07,9.0,-182.0,/SNS/CNCS/IPTS-37274/nexus/CNCS_667497.nxs.h5
667496,108367,YbZn2GaO5,"YZGO, MAG9, Ei=4.65meV, T=0.07K, B=9.0T w=-182.5deg",2025-10-26 14:10:05,2025-10-26 14:11:16,00:01:11,0.1,4.65,9.0,4.65,0.07,9.0,-182.5,/SNS/CNCS/IPTS-37274/nexus/CNCS_667496.nxs.h5
667495,108367,YbZn2GaO5,"YZGO, MAG9, Ei=4.65meV, T=0.07K, B=9.0T w=-183.0deg",2025-10-26 14:08:49,2025-10-26 14:10:01,00:01:12,0.1,4.65,9.0,4.65,0.07,9.0,-183.0,/SNS/CNCS/IPTS-37274/nexus/CNCS_667495.nxs.h5
667494,108367,YbZn2GaO5,"YZGO, MAG9, Ei=4.65meV, T=0.07K, B=9.0T w=-183.5deg",2025-10-26 14:07:33,2025-10-26 14:08:45,00:01:11,0.1,4.65,9.0,4.65,0.07,9.0,-183.5,/SNS/CNCS/IPTS-37274/nexus/CNCS_667494.nxs.h5
667493,108367,YbZn2GaO5,"YZGO, MAG9, Ei=4.65meV, T=0.07K, B=9.0T w=-184.0deg",2025-10-26 14:06:18,2025-10-26 14:07:30,00:01:11,0.1,4.65,9.0,4.65,0.07,9.0,-184.0,/SNS/CNCS/IPTS-37274/nexus/CNCS_667493.nxs.h5
667492,108367,YbZn2GaO5,"YZGO, MAG9, Ei=4.65meV, T=0.07K, B=9.0T w=-184.5deg",2025-10-26 14:05:03,2025-10-26 14:06:15,00:01:11,0.1,4.65,9.0,4.65,0.07,9.0,-184.5,/SNS/CNCS/IPTS-37274/nexus/CNCS_667492.nxs.h5
667491,108367,YbZn2GaO5,"YZGO, MAG9, Ei=4.65meV, T=0.07K, B=9.0T w=-185.0deg",2025-10-26 14:03:47,2025-10-26 14:04:59,00:01:11,0.1,4.65,9.0,4.65,0.07,9.0,-185.0,/SNS/CNCS/IPTS-37274/nexus/CNCS_667491.nxs.h5
667490,108367,YbZn2GaO5,"YZGO, MAG9, Ei=4.65meV, T=0.07K, B=9.0T w=-185.5deg",2025-10-26 14:02:32,2025-10-26 14:03:44,00:01:11,0.1,4.65,9.0,4.65,0.07,9.0,-185.5,/SNS/CNCS/IPTS-37274/nexus/CNCS_667490.nxs.h5
667489,108367,YbZn2GaO5,"YZGO, MAG9, Ei=4.65meV, T=0.07K, B=9.0T w=-186.0deg",2025-10-26 14:01:16,2025-10-26 14:02:29,00:01:12,0.1,4.65,9.0,4.65,0.07,9.0,-186.0,/SNS/CNCS/IPTS-37274/nexus/CNCS_667489.nxs.h5
667488,108367,YbZn2GaO5,"YZGO, MAG9, Ei=4.65meV, T=0.07K, B=9.0T w=-186.5deg",2025-10-26 14:00:01,2025-10-26 14:01:13,00:01:11,0.1,4.65,9.0,4.65,0.07,9.0,-186.5,/SNS/CNCS/IPTS-37274/nexus/CNCS_667488.nxs.h5
667487,108367,YbZn2GaO5,"YZGO, MAG9, Ei=4.65meV, T=0.07K, B=9.0T w=-187.0deg",2025-10-26 13:58:46,2025-10-26 13:59:58,00:01:11,0.1,4.65,9.0,4.65,0.07,9.0,-187.0,/SNS/CNCS/IPTS-37274/nexus/CNCS_667487.nxs.h5
667486,108367,YbZn2GaO5,"YZGO, MAG9, Ei=4.65meV, T=0.07K, B=9.0T w=-187.5deg",2025-10-26 13:57:31,2025-10-26 13:58:42,00:01:11,0.1,4.65,9.0,4.65,0.07,9.0,-187.5,/SNS/CNCS/IPTS-37274/nexus/CNCS_667486.nxs.h5
667485,108367,YbZn2GaO5,"YZGO, MAG9, Ei=4.65meV, T=0.07K, B=9.0T w=-188.0deg",2025-10-26 13:56:15,2025-10-26 13:57:27,00:01:12,0.1,4.65,9.0,4.65,0.07,9.0,-188.0,/SNS/CNCS/IPTS-37274/nexus/CNCS_667485.nxs.h5
667484,108367,YbZn2GaO5,"YZGO, MAG9, Ei=4.65meV, T=0.07K, B=9.0T w=-188.5deg",2025-10-26 13:54:59,2025-10-26 13:56:11,00:01:12,0.1,4.65,9.0,4.65,0.07,9.0,-188.5,/SNS/CNCS/IPTS-37274/nexus/CNCS_667484.nxs.h5
667483,108367,YbZn2GaO5,"YZGO, MAG9, Ei=4.65meV, T=0.07K, B=9.0T w=-189.0deg",2025-10-26 13:53:44,2025-10-26 13:54:55,00:01:11,0.1,4.65,9.0,4.65,0.07,9.0,-189.0,/SNS/CNCS/IPTS-37274/nexus/CNCS_667483.nxs.h5
667482,108367,YbZn2GaO5,"YZGO, MAG9, Ei=4.65meV, T=0.07K, B=9.0T w=-189.5deg",2025-10-26 13:52:21,2025-10-26 13:53:40,00:01:18,0.1,4.65,9.0,4.65,0.07,9.0,-189.5,/SNS/CNCS/IPTS-37274/nexus/CNCS_667482.nxs.h5
667481,108367,YbZn2GaO5,"YZGO, MAG9, Ei=4.65meV, T=0.07K, B=9.0T w=-190.0deg",2025-10-26 11:22:51,2025-10-26 13:52:18,02:29:27,0.1,4.65,9.87,4.65,0.07,9.0,-190.0,/SNS/CNCS/IPTS-37274/nexus/CNCS_667481.nxs.h5
667480,108367,YbZn2GaO5,"YZGO, MAG9, Ei=4.65meV, T=0.07K, B=14.0T w=-164.5deg",2025-10-26 10:52:13,2025-10-26 10:52:28,00:00:14,0.02,4.65,14.0,4.65,0.07,14.0,-164.5,/SNS/CNCS/IPTS-37274/nexus/CNCS_667480.nxs.h5
667479,108367,YbZn2GaO5,"YZGO, MAG9, Ei=4.65meV, T=0.07K, B=14.0T w=-165.0deg",2025-10-26 10:50:58,2025-10-26 10:52:10,00:01:11,0.1,4.65,14.0,4.65,0.07,14.0,-165.0,/SNS/CNCS/IPTS-37274/nexus/CNCS_667479.nxs.h5
667478,108367,YbZn2GaO5,"YZGO, MAG9, Ei=4.65meV, T=0.07K, B=14.0T w=-165.5deg",2025-10-26 10:49:42,2025-10-26 10:50:54,00:01:11,0.1,4.65,14.0,4.65,0.07,14.0,-165.5,/SNS/CNCS/IPTS-37274/nexus/CNCS_667478.nxs.h5
667477,108367,YbZn2GaO5,"YZGO, MAG9, Ei=4.65meV, T=0.07K, B=14.0T w=-166.0deg",2025-10-26 10:48:27,2025-10-26 10:49:39,00:01:12,0.1,4.65,14.0,4.65,0.07,14.0,-166.0,/SNS/CNCS/IPTS-37274/nexus/CNCS_667477.nxs.h5
667476,108367,YbZn2GaO5,"YZGO, MAG9, Ei=4.65meV, T=0.07K, B=14.0T w=-166.5deg",2025-10-26 10:47:11,2025-10-26 10:48:23,00:01:12,0.1,4.65,14.0,4.65,0.07,14.0,-166.5,/SNS/CNCS/IPTS-37274/nexus/CNCS_667476.nxs.h5
667475,108367,YbZn2GaO5,"YZGO, MAG9, Ei=4.65meV, T=0.07K, B=14.0T w=-167.0deg",2025-10-26 10:45:55,2025-10-26 10:47:07,00:01:12,0.1,4.65,14.0,4.65,0.07,14.0,-167.0,/SNS/CNCS/IPTS-37274/nexus/CNCS_667475.nxs.h5
667474,108367,YbZn2GaO5,"YZGO, MAG9, Ei=4.65meV, T=0.07K, B=14.0T w=-167.5deg",2025-10-26 10:44:40,2025-10-26 10:45:52,00:01:11,0.1,4.65,14.0,4.65,0.07,14.0,-167.5,/SNS/CNCS/IPTS-37274/nexus/CNCS_667474.nxs.h5
667473,108367,YbZn2GaO5,"YZGO, MAG9, Ei=4.65meV, T=0.07K, B=14.0T w=-168.0deg",2025-10-26 10:43:25,2025-10-26 10:44:36,00:01:11,0.1,4.65,14.0,4.65,0.07,14.0,-168.0,/SNS/CNCS/IPTS-37274/nexus/CNCS_667473.nxs.h5
667472,108367,YbZn2GaO5,"YZGO, MAG9, Ei=4.65meV, T=0.07K, B=14.0T w=-168.5deg",2025-10-26 10:42:09,2025-10-26 10:43:21,00:01:11,0.1,4.65,14.0,4.65,0.07,14.0,-168.5,/SNS/CNCS/IPTS-37274/nexus/CNCS_667472.nxs.h5
667471,108367,YbZn2GaO5,"YZGO, MAG9, Ei=4.65meV, T=0.07K, B=14.0T w=-169.0deg",2025-10-26 10:40:54,2025-10-26 10:42:06,00:01:11,0.1,4.65,14.0,4.65,0.07,14.0,-169.0,/SNS/CNCS/IPTS-37274/nexus/CNCS_667471.nxs.h5
667470,108367,YbZn2GaO5,"YZGO, MAG9, Ei=4.65meV, T=0.07K, B=14.0T w=-169.5deg",2025-10-26 10:39:39,2025-10-26 10:40:50,00:01:11,0.1,4.65,14.0,4.65,0.07,14.0,-169.5,/SNS/CNCS/IPTS-37274/nexus/CNCS_667470.nxs.h5
667469,108367,YbZn2GaO5,"YZGO, MAG9, Ei=4.65meV, T=0.07K, B=14.0T w=-170.0deg",2025-10-26 10:38:23,2025-10-26 10:39:35,00:01:11,0.1,4.65,14.0,4.65,0.07,14.0,-170.0,/SNS/CNCS/IPTS-37274/nexus/CNCS_667469.nxs.h5
667468,108367,YbZn2GaO5,"YZGO, MAG9, Ei=4.65meV, T=0.07K, B=14.0T w=-170.5deg",2025-10-26 10:37:08,2025-10-26 10:38:20,00:01:12,0.1,4.65,14.0,4.65,0.07,14.0,-170.5,/SNS/CNCS/IPTS-37274/nexus/CNCS_667468.nxs.h5
667467,108367,YbZn2GaO5,"YZGO, MAG9, Ei=4.65meV, T=0.07K, B=14.0T w=-171.0deg",2025-10-26 10:35:52,2025-10-26 10:37:04,00:01:11,0.1,4.65,14.0,4.65,0.07,14.0,-171.0,/SNS/CNCS/IPTS-37274/nexus/CNCS_667467.nxs.h5
667466,108367,YbZn2GaO5,"YZGO, MAG9, Ei=4.65meV, T=0.07K, B=14.0T w=-171.5deg",2025-10-26 10:34:36,2025-10-26 10:35:49,00:01:12,0.1,4.65,14.0,4.65,0.07,14.0,-171.5,/SNS/CNCS/IPTS-37274/nexus/CNCS_667466.nxs.h5
667465,108367,YbZn2GaO5,"YZGO, MAG9, Ei=4.65meV, T=0.07K, B=14.0T w=-172.0deg",2025-10-26 10:33:21,2025-10-26 10:34:33,00:01:11,0.1,4.65,14.0,4.65,0.07,14.0,-172.0,/SNS/CNCS/IPTS-37274/nexus/CNCS_667465.nxs.h5
667464,108367,YbZn2GaO5,"YZGO, MAG9, Ei=4.65meV, T=0.07K, B=14.0T w=-172.5deg",2025-10-26 10:32:05,2025-10-26 10:33:18,00:01:12,0.1,4.65,14.0,4.65,0.07,14.0,-172.5,/SNS/CNCS/IPTS-37274/nexus/CNCS_667464.nxs.h5
667463,108367,YbZn2GaO5,"YZGO, MAG9, Ei=4.65meV, T=0.07K, B=14.0T w=-173.0deg",2025-10-26 10:30:50,2025-10-26 10:32:02,00:01:11,0.1,4.65,14.0,4.65,0.07,14.0,-173.0,/SNS/CNCS/IPTS-37274/nexus/CNCS_667463.nxs.h5
667462,108367,YbZn2GaO5,"YZGO, MAG9, Ei=4.65meV, T=0.07K, B=14.0T w=-173.5deg",2025-10-26 10:29:35,2025-10-26 10:30:46,00:01:11,0.1,4.65,14.0,4.65,0.07,14.0,-173.5,/SNS/CNCS/IPTS-37274/nexus/CNCS_667462.nxs.h5
667461,108367,YbZn2GaO5,"YZGO, MAG9, Ei=4.65meV, T=0.07K, B=14.0T w=-174.0deg",2025-10-26 10:28:20,2025-10-26 10:29:31,00:01:11,0.1,4.65,14.0,4.65,0.07,14.0,-174.0,/SNS/CNCS/IPTS-37274/nexus/CNCS_667461.nxs.h5
667460,108367,YbZn2GaO5,"YZGO, MAG9, Ei=4.65meV, T=0.07K, B=14.0T w=-174.5deg",2025-10-26 10:27:04,2025-10-26 10:28:16,00:01:11,0.1,4.65,14.0,4.65,0.07,14.0,-174.5,/SNS/CNCS/IPTS-37274/nexus/CNCS_667460.nxs.h5
667459,108367,YbZn2GaO5,"YZGO, MAG9, Ei=13meV, T=0.07K, B=14.0T w=54.5deg",2025-10-26 10:21:22,2025-10-26 10:22:34,00:01:12,0.1,13.0,14.0,13.0,0.07,14.0,54.5,/SNS/CNCS/IPTS-37274/nexus/CNCS_667459.nxs.h5
667458,108367,YbZn2GaO5,"YZGO, MAG9, Ei=13meV, T=0.07K, B=14.0T w=54.0deg",2025-10-26 10:20:06,2025-10-26 10:21:18,00:01:12,0.1,13.0,14.0,13.0,0.07,14.0,54.0,/SNS/CNCS/IPTS-37274/nexus/CNCS_667458.nxs.h5
667457,108367,YbZn2GaO5,"YZGO, MAG9, Ei=13meV, T=0.07K, B=14.0T w=53.5deg",2025-10-26 10:18:50,2025-10-26 10:20:02,00:01:12,0.1,13.0,14.0,13.0,0.07,14.0,53.5,/SNS/CNCS/IPTS-37274/nexus/CNCS_667457.nxs.h5
667456,108367,YbZn2GaO5,"YZGO, MAG9, Ei=13meV, T=0.07K, B=14.0T w=53.0deg",2025-10-26 10:17:35,2025-10-26 10:18:47,00:01:11,0.1,13.0,14.0,13.0,0.07,14.0,53.0,/SNS/CNCS/IPTS-37274/nexus/CNCS_667456.nxs.h5
667455,108367,YbZn2GaO5,"YZGO, MAG9, Ei=13meV, T=0.07K, B=14.0T w=52.5deg",2025-10-26 10:16:19,2025-10-26 10:17:31,00:01:12,0.1,13.0,14.0,13.0,0.07,14.0,52.5,/SNS/CNCS/IPTS-37274/nexus/CNCS_667455.nxs.h5
667454,108367,YbZn2GaO5,"YZGO, MAG9, Ei=13meV, T=0.07K, B=14.0T w=52.0deg",2025-10-26 10:15:04,2025-10-26 10:16:15,00:01:11,0.1,13.0,14.0,13.0,0.07,14.0,52.0,/SNS/CNCS/IPTS-37274/nexus/CNCS_667454.nxs.h5
667453,108367,YbZn2GaO5,"YZGO, MAG9, Ei=13meV, T=0.07K, B=14.0T w=51.5deg",2025-10-26 10:13:48,2025-10-26 10:15:00,00:01:12,0.1,13.0,14.0,13.0,0.07,14.0,51.5,/SNS/CNCS/IPTS-37274/nexus/CNCS_667453.nxs.h5
667452,108367,YbZn2GaO5,"YZGO, MAG9, Ei=13meV, T=0.07K, B=14.0T w=51.0deg",2025-10-26 10:12:32,2025-10-26 10:13:44,00:01:11,0.1,13.0,14.0,13.0,0.07,14.0,51.0,/SNS/CNCS/IPTS-37274/nexus/CNCS_667452.nxs.h5
667451,108367,YbZn2GaO5,"YZGO, MAG9, Ei=13meV, T=0.07K, B=14.0T w=50.5deg",2025-10-26 10:11:17,2025-10-26 10:12:29,00:01:11,0.1,13.0,14.0,13.0,0.07,14.0,50.5,/SNS/CNCS/IPTS-37274/nexus/CNCS_667451.nxs.h5
667450,108367,YbZn2GaO5,"YZGO, MAG9, Ei=13meV, T=0.07K, B=14.0T w=50.0deg",2025-10-26 10:10:02,2025-10-26 10:11:14,00:01:11,0.1,13.0,14.0,13.0,0.07,14.0,50.0,/SNS/CNCS/IPTS-37274/nexus/CNCS_667450.nxs.h5
667449,108367,YbZn2GaO5,"YZGO, MAG9, Ei=13meV, T=0.07K, B=14.0T w=49.5deg",2025-10-26 10:08:46,2025-10-26 10:09:58,00:01:11,0.1,13.0,14.0,13.0,0.07,14.0,49.5,/SNS/CNCS/IPTS-37274/nexus/CNCS_667449.nxs.h5
667448,108367,YbZn2GaO5,"YZGO, MAG9, Ei=13meV, T=0.07K, B=14.0T w=49.0deg",2025-10-26 10:07:30,2025-10-26 10:08:43,00:01:12,0.1,13.0,14.0,13.0,0.07,14.0,49.0,/SNS/CNCS/IPTS-37274/nexus/CNCS_667448.nxs.h5
667447,108367,YbZn2GaO5,"YZGO, MAG9, Ei=13meV, T=0.07K, B=14.0T w=48.5deg",2025-10-26 10:06:14,2025-10-26 10:07:27,00:01:13,0.1,13.0,14.0,13.0,0.07,14.0,48.5,/SNS/CNCS/IPTS-37274/nexus/CNCS_667447.nxs.h5
667446,108367,YbZn2GaO5,"YZGO, MAG9, Ei=13meV, T=0.07K, B=14.0T w=48.0deg",2025-10-26 10:04:58,2025-10-26 10:06:10,00:01:11,0.1,13.0,14.0,13.0,0.07,14.0,48.0,/SNS/CNCS/IPTS-37274/nexus/CNCS_667446.nxs.h5
667445,108367,YbZn2GaO5,"YZGO, MAG9, Ei=13meV, T=0.07K, B=14.0T w=47.5deg",2025-10-26 10:03:43,2025-10-26 10:04:55,00:01:11,0.1,13.0,14.0,13.0,0.07,14.0,47.5,/SNS/CNCS/IPTS-37274/nexus/CNCS_667445.nxs.h5
667444,108367,YbZn2GaO5,"YZGO, MAG9, Ei=13meV, T=0.07K, B=14.0T w=47.0deg",2025-10-26 10:02:28,2025-10-26 10:03:39,00:01:11,0.1,13.0,14.0,13.0,0.07,14.0,47.0,/SNS/CNCS/IPTS-37274/nexus/CNCS_667444.nxs.h5
667443,108367,YbZn2GaO5,"YZGO, MAG9, Ei=13meV, T=0.07K, B=14.0T w=46.5deg",2025-10-26 10:01:12,2025-10-26 10:02:24,00:01:11,0.1,13.0,14.0,13.0,0.07,14.0,46.5,/SNS/CNCS/IPTS-37274/nexus/CNCS_667443.nxs.h5
667442,108367,YbZn2GaO5,"YZGO, MAG9, Ei=13meV, T=0.07K, B=14.0T w=46.0deg",2025-10-26 09:59:57,2025-10-26 10:01:09,00:01:11,0.1,13.0,14.0,13.0,0.07,14.0,46.0,/SNS/CNCS/IPTS-37274/nexus/CNCS_667442.nxs.h5
667441,108367,YbZn2GaO5,"YZGO, MAG9, Ei=13meV, T=0.07K, B=14.0T w=45.5deg",2025-10-26 09:58:42,2025-10-26 09:59:53,00:01:11,0.1,13.0,14.0,13.0,0.07,14.0,45.5,/SNS/CNCS/IPTS-37274/nexus/CNCS_667441.nxs.h5
667440,108367,YbZn2GaO5,"YZGO, MAG9, Ei=13meV, T=0.07K, B=14.0T w=45.0deg",2025-10-26 09:57:26,2025-10-26 09:58:38,00:01:11,0.1,13.0,14.0,13.0,0.07,14.0,45.0,/SNS/CNCS/IPTS-37274/nexus/CNCS_667440.nxs.h5
667439,108367,YbZn2GaO5,"YZGO, MAG9, Ei=13meV, T=0.07K, B=14.0T w=44.5deg",2025-10-26 09:56:11,2025-10-26 09:57:23,00:01:11,0.1,13.0,14.0,13.0,0.07,14.0,44.5,/SNS/CNCS/IPTS-37274/nexus/CNCS_667439.nxs.h5
667438,108367,YbZn2GaO5,"YZGO, MAG9, Ei=13meV, T=0.07K, B=14.0T w=44.0deg",2025-10-26 09:54:55,2025-10-26 09:56:07,00:01:11,0.1,13.0,14.0,13.0,0.07,14.0,44.0,/SNS/CNCS/IPTS-37274/nexus/CNCS_667438.nxs.h5
667437,108367,YbZn2GaO5,"YZGO, MAG9, Ei=13meV, T=0.07K, B=14.0T w=43.5deg",2025-10-26 09:53:40,2025-10-26 09:54:52,00:01:12,0.1,13.0,14.0,13.0,0.07,14.0,43.5,/SNS/CNCS/IPTS-37274/nexus/CNCS_667437.nxs.h5
667436,108367,YbZn2GaO5,"YZGO, MAG9, Ei=13meV, T=0.07K, B=14.0T w=43.0deg",2025-10-26 09:52:24,2025-10-26 09:53:36,00:01:11,0.1,13.0,14.0,13.0,0.07,14.0,43.0,/SNS/CNCS/IPTS-37274/nexus/CNCS_667436.nxs.h5
667435,108367,YbZn2GaO5,"YZGO, MAG9, Ei=13meV, T=0.07K, B=14.0T w=42.5deg",2025-10-26 09:51:09,2025-10-26 09:52:21,00:01:11,0.1,13.0,14.0,13.0,0.07,14.0,42.5,/SNS/CNCS/IPTS-37274/nexus/CNCS_667435.nxs.h5
667434,108367,YbZn2GaO5,"YZGO, MAG9, Ei=13meV, T=0.07K, B=14.0T w=42.0deg",2025-10-26 09:49:53,2025-10-26 09:51:05,00:01:11,0.1,13.0,14.0,13.0,0.07,14.0,42.0,/SNS/CNCS/IPTS-37274/nexus/CNCS_667434.nxs.h5
667433,108367,YbZn2GaO5,"YZGO, MAG9, Ei=13meV, T=0.07K, B=14.0T w=41.5deg",2025-10-26 09:48:38,2025-10-26 09:49:50,00:01:11,0.1,13.0,14.0,13.0,0.07,14.0,41.5,/SNS/CNCS/IPTS-37274/nexus/CNCS_667433.nxs.h5
667432,108367,YbZn2GaO5,"YZGO, MAG9, Ei=13meV, T=0.07K, B=14.0T w=41.0deg",2025-10-26 09:47:22,2025-10-26 09:48:34,00:01:12,0.1,13.0,14.0,13.0,0.07,14.0,41.0,/SNS/CNCS/IPTS-37274/nexus/CNCS_667432.nxs.h5
667431,108367,YbZn2GaO5,"YZGO, MAG9, Ei=13meV, T=0.07K, B=14.0T w=40.5deg",2025-10-26 09:46:07,2025-10-26 09:47:18,00:01:11,0.1,13.0,14.0,13.0,0.07,14.0,40.5,/SNS/CNCS/IPTS-37274/nexus/CNCS_667431.nxs.h5
667430,108367,YbZn2GaO5,"YZGO, MAG9, Ei=13meV, T=0.07K, B=14.0T w=40.0deg",2025-10-26 09:44:51,2025-10-26 09:46:03,00:01:11,0.1,13.0,14.0,13.0,0.07,14.0,40.0,/SNS/CNCS/IPTS-37274/nexus/CNCS_667430.nxs.h5
667429,108367,YbZn2GaO5,"YZGO, MAG9, Ei=13meV, T=0.07K, B=14.0T w=39.5deg",2025-10-26 09:43:36,2025-10-26 09:44:48,00:01:11,0.1,13.0,14.0,13.0,0.07,14.0,39.5,/SNS/CNCS/IPTS-37274/nexus/CNCS_667429.nxs.h5
667428,108367,YbZn2GaO5,"YZGO, MAG9, Ei=13meV, T=0.07K, B=14.0T w=39.0deg",2025-10-26 09:42:21,2025-10-26 09:43:33,00:01:11,0.1,13.0,14.0,13.0,0.07,14.0,39.0,/SNS/CNCS/IPTS-37274/nexus/CNCS_667428.nxs.h5
667427,108367,YbZn2GaO5,"YZGO, MAG9, Ei=13meV, T=0.07K, B=14.0T w=38.5deg",2025-10-26 09:41:05,2025-10-26 09:42:17,00:01:11,0.1,13.0,14.0,13.0,0.07,14.0,38.5,/SNS/CNCS/IPTS-37274/nexus/CNCS_667427.nxs.h5
667426,108367,YbZn2GaO5,"YZGO, MAG9, Ei=13meV, T=0.07K, B=14.0T w=38.0deg",2025-10-26 09:39:50,2025-10-26 09:41:02,00:01:12,0.1,13.0,14.0,13.0,0.07,14.0,38.0,/SNS/CNCS/IPTS-37274/nexus/CNCS_667426.nxs.h5
667425,108367,YbZn2GaO5,"YZGO, MAG9, Ei=13meV, T=0.07K, B=14.0T w=37.5deg",2025-10-26 09:38:34,2025-10-26 09:39:46,00:01:11,0.1,13.0,14.0,13.0,0.07,14.0,37.5,/SNS/CNCS/IPTS-37274/nexus/CNCS_667425.nxs.h5
667424,108367,YbZn2GaO5,"YZGO, MAG9, Ei=13meV, T=0.07K, B=14.0T w=37.0deg",2025-10-26 09:37:19,2025-10-26 09:38:31,00:01:11,0.1,13.0,14.0,13.0,0.07,14.0,37.0,/SNS/CNCS/IPTS-37274/nexus/CNCS_667424.nxs.h5
667423,108367,YbZn2GaO5,"YZGO, MAG9, Ei=13meV, T=0.07K, B=14.0T w=36.5deg",2025-10-26 09:36:03,2025-10-26 09:37:15,00:01:11,0.1,13.0,14.0,13.0,0.07,14.0,36.5,/SNS/CNCS/IPTS-37274/nexus/CNCS_667423.nxs.h5
667422,108367,YbZn2GaO5,"YZGO, MAG9, Ei=13meV, T=0.07K, B=14.0T w=36.0deg",2025-10-26 09:34:48,2025-10-26 09:36:00,00:01:11,0.1,13.0,14.0,13.0,0.07,14.0,36.0,/SNS/CNCS/IPTS-37274/nexus/CNCS_667422.nxs.h5
667421,108367,YbZn2GaO5,"YZGO, MAG9, Ei=13meV, T=0.07K, B=14.0T w=35.5deg",2025-10-26 09:33:33,2025-10-26 09:34:44,00:01:11,0.1,13.0,14.0,13.0,0.07,14.0,35.5,/SNS/CNCS/IPTS-37274/nexus/CNCS_667421.nxs.h5
667420,108367,YbZn2GaO5,"YZGO, MAG9, Ei=13meV, T=0.07K, B=14.0T w=35.0deg",2025-10-26 09:32:17,2025-10-26 09:33:29,00:01:11,0.1,13.0,14.0,13.0,0.07,14.0,35.0,/SNS/CNCS/IPTS-37274/nexus/CNCS_667420.nxs.h5
667419,108367,YbZn2GaO5,"YZGO, MAG9, Ei=13meV, T=0.07K, B=14.0T w=34.5deg",2025-10-26 09:31:02,2025-10-26 09:32:14,00:01:11,0.1,13.0,14.0,13.0,0.07,14.0,34.5,/SNS/CNCS/IPTS-37274/nexus/CNCS_667419.nxs.h5
667418,108367,YbZn2GaO5,"YZGO, MAG9, Ei=13meV, T=0.07K, B=14.0T w=34.0deg",2025-10-26 09:29:47,2025-10-26 09:30:59,00:01:11,0.1,13.0,14.0,13.0,0.07,14.0,34.0,/SNS/CNCS/IPTS-37274/nexus/CNCS_667418.nxs.h5
667417,108367,YbZn2GaO5,"YZGO, MAG9, Ei=13meV, T=0.07K, B=14.0T w=33.5deg",2025-10-26 09:28:31,2025-10-26 09:29:43,00:01:11,0.1,13.0,14.0,13.0,0.07,14.0,33.5,/SNS/CNCS/IPTS-37274/nexus/CNCS_667417.nxs.h5
667416,108367,YbZn2GaO5,"YZGO, MAG9, Ei=13meV, T=0.07K, B=14.0T w=33.0deg",2025-10-26 09:27:16,2025-10-26 09:28:28,00:01:11,0.1,13.0,14.0,13.0,0.07,14.0,33.0,/SNS/CNCS/IPTS-37274/nexus/CNCS_667416.nxs.h5
667415,108367,YbZn2GaO5,"YZGO, MAG9, Ei=13meV, T=0.07K, B=14.0T w=32.5deg",2025-10-26 09:26:01,2025-10-26 09:27:12,00:01:11,0.1,13.0,14.0,13.0,0.07,14.0,32.5,/SNS/CNCS/IPTS-37274/nexus/CNCS_667415.nxs.h5
667414,108367,YbZn2GaO5,"YZGO, MAG9, Ei=13meV, T=0.07K, B=14.0T w=32.0deg",2025-10-26 09:24:45,2025-10-26 09:25:57,00:01:11,0.1,13.0,14.0,13.0,0.07,14.0,32.0,/SNS/CNCS/IPTS-37274/nexus/CNCS_667414.nxs.h5
667413,108367,YbZn2GaO5,"YZGO, MAG9, Ei=13meV, T=0.07K, B=14.0T w=31.5deg",2025-10-26 09:23:30,2025-10-26 09:24:42,00:01:11,0.1,13.0,14.0,13.0,0.07,14.0,31.5,/SNS/CNCS/IPTS-37274/nexus/CNCS_667413.nxs.h5
667412,108367,YbZn2GaO5,"YZGO, MAG9, Ei=13meV, T=0.07K, B=14.0T w=31.0deg",2025-10-26 09:21:38,2025-10-26 09:23:27,00:01:48,0.11,13.0,14.0,13.0,0.07,14.0,31.0,/SNS/CNCS/IPTS-37274/nexus/CNCS_667412.nxs.h5
667411,108367,YbZn2GaO5,"YZGO, MAG9, Ei=13meV, T=0.07K, B=14.0T w=30.5deg",2025-10-26 09:20:23,2025-10-26 09:21:35,00:01:11,0.1,13.0,14.0,13.0,0.07,14.0,30.5,/SNS/CNCS/IPTS-37274/nexus/CNCS_667411.nxs.h5
667410,108367,YbZn2GaO5,"YZGO, MAG9, Ei=13meV, T=0.07K, B=14.0T w=30.0deg",2025-10-26 09:19:08,2025-10-26 09:20:19,00:01:11,0.1,13.0,14.0,13.0,0.07,14.0,30.0,/SNS/CNCS/IPTS-37274/nexus/CNCS_667410.nxs.h5
667409,108367,YbZn2GaO5,"YZGO, MAG9, Ei=13meV, T=0.07K, B=14.0T w=29.5deg",2025-10-26 09:17:52,2025-10-26 09:19:04,00:01:12,0.1,13.0,14.0,13.0,0.07,14.0,29.5,/SNS/CNCS/IPTS-37274/nexus/CNCS_667409.nxs.h5
667408,108367,YbZn2GaO5,"YZGO, MAG9, Ei=13meV, T=0.07K, B=14.0T w=29.0deg",2025-10-26 09:16:37,2025-10-26 09:17:48,00:01:11,0.1,13.0,14.0,13.0,0.07,14.0,29.0,/SNS/CNCS/IPTS-37274/nexus/CNCS_667408.nxs.h5
667407,108367,YbZn2GaO5,"YZGO, MAG9, Ei=13meV, T=0.07K, B=14.0T w=28.5deg",2025-10-26 09:15:21,2025-10-26 09:16:33,00:01:11,0.1,13.0,14.0,13.0,0.07,14.0,28.5,/SNS/CNCS/IPTS-37274/nexus/CNCS_667407.nxs.h5
667406,108367,YbZn2GaO5,"YZGO, MAG9, Ei=13meV, T=0.07K, B=14.0T w=28.0deg",2025-10-26 09:14:06,2025-10-26 09:15:18,00:01:11,0.1,13.0,14.0,13.0,0.07,14.0,28.0,/SNS/CNCS/IPTS-37274/nexus/CNCS_667406.nxs.h5
667405,108367,YbZn2GaO5,"YZGO, MAG9, Ei=13meV, T=0.07K, B=14.0T w=27.5deg",2025-10-26 09:12:51,2025-10-26 09:14:02,00:01:11,0.1,13.0,14.0,13.0,0.07,14.0,27.5,/SNS/CNCS/IPTS-37274/nexus/CNCS_667405.nxs.h5
667404,108367,YbZn2GaO5,"YZGO, MAG9, Ei=13meV, T=0.07K, B=14.0T w=27.0deg",2025-10-26 09:11:35,2025-10-26 09:12:47,00:01:12,0.1,13.0,14.0,13.0,0.07,14.0,27.0,/SNS/CNCS/IPTS-37274/nexus/CNCS_667404.nxs.h5
667403,108367,YbZn2GaO5,"YZGO, MAG9, Ei=13meV, T=0.07K, B=14.0T w=26.5deg",2025-10-26 09:10:19,2025-10-26 09:11:31,00:01:11,0.1,13.0,14.0,13.0,0.07,14.0,26.5,/SNS/CNCS/IPTS-37274/nexus/CNCS_667403.nxs.h5
667402,108367,YbZn2GaO5,"YZGO, MAG9, Ei=13meV, T=0.07K, B=14.0T w=26.0deg",2025-10-26 09:09:04,2025-10-26 09:10:16,00:01:11,0.1,13.0,14.0,13.0,0.07,14.0,26.0,/SNS/CNCS/IPTS-37274/nexus/CNCS_667402.nxs.h5
667401,108367,YbZn2GaO5,"YZGO, MAG9, Ei=13meV, T=0.07K, B=14.0T w=25.5deg",2025-10-26 09:07:49,2025-10-26 09:09:00,00:01:11,0.1,13.0,14.0,13.0,0.07,14.0,25.5,/SNS/CNCS/IPTS-37274/nexus/CNCS_667401.nxs.h5
667400,108367,YbZn2GaO5,"YZGO, MAG9, Ei=13meV, T=0.07K, B=14.0T w=25.0deg",2025-10-26 09:06:33,2025-10-26 09:07:45,00:01:11,0.1,13.0,14.0,13.0,0.07,14.0,25.0,/SNS/CNCS/IPTS-37274/nexus/CNCS_667400.nxs.h5
667399,108367,YbZn2GaO5,"YZGO, MAG9, Ei=13meV, T=0.07K, B=14.0T w=24.5deg",2025-10-26 09:05:18,2025-10-26 09:06:30,00:01:11,0.1,13.0,14.0,13.0,0.07,14.0,24.5,/SNS/CNCS/IPTS-37274/nexus/CNCS_667399.nxs.h5
667398,108367,YbZn2GaO5,"YZGO, MAG9, Ei=13meV, T=0.07K, B=14.0T w=24.0deg",2025-10-26 09:04:02,2025-10-26 09:05:14,00:01:12,0.1,13.0,14.0,13.0,0.07,14.0,24.0,/SNS/CNCS/IPTS-37274/nexus/CNCS_667398.nxs.h5
667397,108367,YbZn2GaO5,"YZGO, MAG9, Ei=13meV, T=0.07K, B=14.0T w=23.5deg",2025-10-26 09:02:47,2025-10-26 09:03:59,00:01:11,0.1,13.0,14.0,13.0,0.07,14.0,23.5,/SNS/CNCS/IPTS-37274/nexus/CNCS_667397.nxs.h5
667396,108367,YbZn2GaO5,"YZGO, MAG9, Ei=13meV, T=0.07K, B=14.0T w=23.0deg",2025-10-26 09:01:32,2025-10-26 09:02:43,00:01:11,0.1,13.0,14.0,13.0,0.07,14.0,23.0,/SNS/CNCS/IPTS-37274/nexus/CNCS_667396.nxs.h5
667395,108367,YbZn2GaO5,"YZGO, MAG9, Ei=13meV, T=0.07K, B=14.0T w=22.5deg",2025-10-26 09:00:16,2025-10-26 09:01:28,00:01:11,0.1,13.0,14.0,13.0,0.07,14.0,22.5,/SNS/CNCS/IPTS-37274/nexus/CNCS_667395.nxs.h5
667394,108367,YbZn2GaO5,"YZGO, MAG9, Ei=13meV, T=0.07K, B=14.0T w=22.0deg",2025-10-26 08:59:01,2025-10-26 09:00:13,00:01:11,0.1,13.0,14.0,13.0,0.07,14.0,22.0,/SNS/CNCS/IPTS-37274/nexus/CNCS_667394.nxs.h5
667393,108367,YbZn2GaO5,"YZGO, MAG9, Ei=13meV, T=0.07K, B=14.0T w=21.5deg",2025-10-26 08:57:45,2025-10-26 08:58:57,00:01:12,0.1,13.0,14.0,13.0,0.07,14.0,21.5,/SNS/CNCS/IPTS-37274/nexus/CNCS_667393.nxs.h5
667392,108367,YbZn2GaO5,"YZGO, MAG9, Ei=13meV, T=0.07K, B=14.0T w=21.0deg",2025-10-26 08:56:30,2025-10-26 08:57:41,00:01:11,0.1,13.0,14.0,13.0,0.07,14.0,21.0,/SNS/CNCS/IPTS-37274/nexus/CNCS_667392.nxs.h5
667391,108367,YbZn2GaO5,"YZGO, MAG9, Ei=13meV, T=0.07K, B=14.0T w=20.5deg",2025-10-26 08:55:14,2025-10-26 08:56:26,00:01:11,0.1,13.0,14.0,13.0,0.07,14.0,20.5,/SNS/CNCS/IPTS-37274/nexus/CNCS_667391.nxs.h5
667390,108367,YbZn2GaO5,"YZGO, MAG9, Ei=13meV, T=0.07K, B=14.0T w=20.0deg",2025-10-26 08:53:59,2025-10-26 08:55:11,00:01:11,0.1,13.0,14.0,13.0,0.07,14.0,20.0,/SNS/CNCS/IPTS-37274/nexus/CNCS_667390.nxs.h5
667389,108367,YbZn2GaO5,"YZGO, MAG9, Ei=13meV, T=0.07K, B=14.0T w=19.5deg",2025-10-26 08:52:43,2025-10-26 08:53:55,00:01:12,0.1,13.0,14.0,13.0,0.07,14.0,19.5,/SNS/CNCS/IPTS-37274/nexus/CNCS_667389.nxs.h5
667388,108367,YbZn2GaO5,"YZGO, MAG9, Ei=13meV, T=0.07K, B=14.0T w=19.0deg",2025-10-26 08:51:28,2025-10-26 08:52:39,00:01:11,0.1,13.0,14.0,13.0,0.07,14.0,19.0,/SNS/CNCS/IPTS-37274/nexus/CNCS_667388.nxs.h5
667387,108367,YbZn2GaO5,"YZGO, MAG9, Ei=13meV, T=0.07K, B=14.0T w=18.5deg",2025-10-26 08:50:12,2025-10-26 08:51:24,00:01:11,0.1,13.0,14.0,13.0,0.07,14.0,18.5,/SNS/CNCS/IPTS-37274/nexus/CNCS_667387.nxs.h5
667386,108367,YbZn2GaO5,"YZGO, MAG9, Ei=13meV, T=0.07K, B=14.0T w=18.0deg",2025-10-26 08:48:57,2025-10-26 08:50:09,00:01:11,0.1,13.0,14.0,13.0,0.07,14.0,18.0,/SNS/CNCS/IPTS-37274/nexus/CNCS_667386.nxs.h5
667385,108367,YbZn2GaO5,"YZGO, MAG9, Ei=13meV, T=0.07K, B=14.0T w=17.5deg",2025-10-26 08:47:41,2025-10-26 08:48:53,00:01:11,0.1,13.0,14.0,13.0,0.07,14.0,17.5,/SNS/CNCS/IPTS-37274/nexus/CNCS_667385.nxs.h5
667384,108367,YbZn2GaO5,"YZGO, MAG9, Ei=13meV, T=0.07K, B=14.0T w=17.0deg",2025-10-26 08:46:26,2025-10-26 08:47:38,00:01:11,0.1,13.0,14.0,13.0,0.07,14.0,17.0,/SNS/CNCS/IPTS-37274/nexus/CNCS_667384.nxs.h5
667383,108367,YbZn2GaO5,"YZGO, MAG9, Ei=13meV, T=0.07K, B=14.0T w=16.5deg",2025-10-26 08:45:11,2025-10-26 08:46:23,00:01:11,0.1,13.0,14.0,13.0,0.07,14.0,16.5,/SNS/CNCS/IPTS-37274/nexus/CNCS_667383.nxs.h5
667382,108367,YbZn2GaO5,"YZGO, MAG9, Ei=13meV, T=0.07K, B=14.0T w=16.0deg",2025-10-26 08:43:55,2025-10-26 08:45:07,00:01:11,0.1,13.0,14.0,13.0,0.07,14.0,16.0,/SNS/CNCS/IPTS-37274/nexus/CNCS_667382.nxs.h5
667381,108367,YbZn2GaO5,"YZGO, MAG9, Ei=13meV, T=0.07K, B=14.0T w=15.5deg",2025-10-26 08:42:40,2025-10-26 08:43:52,00:01:11,0.1,13.0,14.0,13.0,0.07,14.0,15.5,/SNS/CNCS/IPTS-37274/nexus/CNCS_667381.nxs.h5
667380,108367,YbZn2GaO5,"YZGO, MAG9, Ei=13meV, T=0.07K, B=14.0T w=15.0deg",2025-10-26 08:41:25,2025-10-26 08:42:37,00:01:11,0.1,13.0,14.0,13.0,0.07,14.0,15.0,/SNS/CNCS/IPTS-37274/nexus/CNCS_667380.nxs.h5
667379,108367,YbZn2GaO5,"YZGO, MAG9, Ei=13meV, T=0.07K, B=14.0T w=14.5deg",2025-10-26 08:40:09,2025-10-26 08:41:21,00:01:11,0.1,13.0,14.0,13.0,0.07,14.0,14.5,/SNS/CNCS/IPTS-37274/nexus/CNCS_667379.nxs.h5
667378,108367,YbZn2GaO5,"YZGO, MAG9, Ei=13meV, T=0.07K, B=14.0T w=14.0deg",2025-10-26 08:38:54,2025-10-26 08:40:06,00:01:11,0.1,13.0,14.0,13.0,0.07,14.0,14.0,/SNS/CNCS/IPTS-37274/nexus/CNCS_667378.nxs.h5
667377,108367,YbZn2GaO5,"YZGO, MAG9, Ei=13meV, T=0.07K, B=14.0T w=13.5deg",2025-10-26 08:37:38,2025-10-26 08:38:51,00:01:12,0.1,13.0,14.0,13.0,0.07,14.0,13.5,/SNS/CNCS/IPTS-37274/nexus/CNCS_667377.nxs.h5
667376,108367,YbZn2GaO5,"YZGO, MAG9, Ei=13meV, T=0.07K, B=14.0T w=13.0deg",2025-10-26 08:36:23,2025-10-26 08:37:35,00:01:11,0.1,13.0,14.0,13.0,0.07,14.0,13.0,/SNS/CNCS/IPTS-37274/nexus/CNCS_667376.nxs.h5
667375,108367,YbZn2GaO5,"YZGO, MAG9, Ei=13meV, T=0.07K, B=14.0T w=12.5deg",2025-10-26 08:35:08,2025-10-26 08:36:19,00:01:11,0.1,13.0,14.0,13.0,0.07,14.0,12.5,/SNS/CNCS/IPTS-37274/nexus/CNCS_667375.nxs.h5
667374,108367,YbZn2GaO5,"YZGO, MAG9, Ei=13meV, T=0.07K, B=14.0T w=12.0deg",2025-10-26 08:33:52,2025-10-26 08:35:04,00:01:11,0.1,13.0,14.0,13.0,0.07,14.0,12.0,/SNS/CNCS/IPTS-37274/nexus/CNCS_667374.nxs.h5
667373,108367,YbZn2GaO5,"YZGO, MAG9, Ei=13meV, T=0.07K, B=14.0T w=11.5deg",2025-10-26 08:32:36,2025-10-26 08:33:48,00:01:11,0.1,13.0,14.0,13.0,0.07,14.0,11.5,/SNS/CNCS/IPTS-37274/nexus/CNCS_667373.nxs.h5
667372,108367,YbZn2GaO5,"YZGO, MAG9, Ei=13meV, T=0.07K, B=14.0T w=11.0deg",2025-10-26 08:31:21,2025-10-26 08:32:33,00:01:12,0.1,13.0,14.0,13.0,0.07,14.0,11.0,/SNS/CNCS/IPTS-37274/nexus/CNCS_667372.nxs.h5
667371,108367,YbZn2GaO5,"YZGO, MAG9, Ei=13meV, T=0.07K, B=14.0T w=10.5deg",2025-10-26 08:30:05,2025-10-26 08:31:17,00:01:11,0.1,13.0,14.0,13.0,0.07,14.0,10.5,/SNS/CNCS/IPTS-37274/nexus/CNCS_667371.nxs.h5
667370,108367,YbZn2GaO5,"YZGO, MAG9, Ei=13meV, T=0.07K, B=14.0T w=10.0deg",2025-10-26 08:28:50,2025-10-26 08:30:01,00:01:11,0.1,13.0,14.0,13.0,0.07,14.0,10.0,/SNS/CNCS/IPTS-37274/nexus/CNCS_667370.nxs.h5
667369,108367,YbZn2GaO5,"YZGO, MAG9, Ei=13meV, T=0.07K, B=14.0T w=9.5deg",2025-10-26 08:27:34,2025-10-26 08:28:46,00:01:11,0.1,13.0,14.0,13.0,0.07,14.0,9.5,/SNS/CNCS/IPTS-37274/nexus/CNCS_667369.nxs.h5
667368,108367,YbZn2GaO5,"YZGO, MAG9, Ei=13meV, T=0.07K, B=14.0T w=9.0deg",2025-10-26 08:26:19,2025-10-26 08:27:30,00:01:11,0.1,13.0,14.0,13.0,0.07,14.0,9.0,/SNS/CNCS/IPTS-37274/nexus/CNCS_667368.nxs.h5
667367,108367,YbZn2GaO5,"YZGO, MAG9, Ei=13meV, T=0.07K, B=14.0T w=8.5deg",2025-10-26 08:25:03,2025-10-26 08:26:15,00:01:11,0.1,13.0,14.0,13.0,0.07,14.0,8.5,/SNS/CNCS/IPTS-37274/nexus/CNCS_667367.nxs.h5
667366,108367,YbZn2GaO5,"YZGO, MAG9, Ei=13meV, T=0.07K, B=14.0T w=8.0deg",2025-10-26 08:23:48,2025-10-26 08:25:00,00:01:11,0.1,13.0,14.0,13.0,0.07,14.0,8.0,/SNS/CNCS/IPTS-37274/nexus/CNCS_667366.nxs.h5
667365,108367,YbZn2GaO5,"YZGO, MAG9, Ei=13meV, T=0.07K, B=14.0T w=7.5deg",2025-10-26 08:22:32,2025-10-26 08:23:44,00:01:12,0.1,13.0,14.0,13.0,0.07,14.0,7.5,/SNS/CNCS/IPTS-37274/nexus/CNCS_667365.nxs.h5
667364,108367,YbZn2GaO5,"YZGO, MAG9, Ei=13meV, T=0.07K, B=14.0T w=7.0deg",2025-10-26 08:21:17,2025-10-26 08:22:28,00:01:11,0.1,13.0,14.0,13.0,0.07,14.0,7.0,/SNS/CNCS/IPTS-37274/nexus/CNCS_667364.nxs.h5
667363,108367,YbZn2GaO5,"YZGO, MAG9, Ei=13meV, T=0.07K, B=14.0T w=6.5deg",2025-10-26 08:20:01,2025-10-26 08:21:13,00:01:11,0.1,13.0,14.0,13.0,0.07,14.0,6.5,/SNS/CNCS/IPTS-37274/nexus/CNCS_667363.nxs.h5
667362,108367,YbZn2GaO5,"YZGO, MAG9, Ei=13meV, T=0.07K, B=14.0T w=6.0deg",2025-10-26 08:18:45,2025-10-26 08:19:57,00:01:12,0.1,13.0,14.0,13.0,0.07,14.0,6.0,/SNS/CNCS/IPTS-37274/nexus/CNCS_667362.nxs.h5
667361,108367,YbZn2GaO5,"YZGO, MAG9, Ei=13meV, T=0.07K, B=14.0T w=5.5deg",2025-10-26 08:17:30,2025-10-26 08:18:41,00:01:11,0.1,13.0,14.0,13.0,0.07,14.0,5.5,/SNS/CNCS/IPTS-37274/nexus/CNCS_667361.nxs.h5
667360,108367,YbZn2GaO5,"YZGO, MAG9, Ei=13meV, T=0.07K, B=14.0T w=5.0deg",2025-10-26 08:16:14,2025-10-26 08:17:26,00:01:12,0.1,13.0,14.0,13.0,0.07,14.0,5.0,/SNS/CNCS/IPTS-37274/nexus/CNCS_667360.nxs.h5
667359,108367,YbZn2GaO5,"YZGO, MAG9, Ei=13meV, T=0.07K, B=14.0T w=4.5deg",2025-10-26 08:14:58,2025-10-26 08:16:10,00:01:11,0.1,13.0,14.0,13.0,0.07,14.0,4.5,/SNS/CNCS/IPTS-37274/nexus/CNCS_667359.nxs.h5
667358,108367,YbZn2GaO5,"YZGO, MAG9, Ei=13meV, T=0.07K, B=14.0T w=4.0deg",2025-10-26 08:13:43,2025-10-26 08:14:55,00:01:11,0.1,13.0,14.0,13.0,0.07,14.0,4.0,/SNS/CNCS/IPTS-37274/nexus/CNCS_667358.nxs.h5
667357,108367,YbZn2GaO5,"YZGO, MAG9, Ei=13meV, T=0.07K, B=14.0T w=3.5deg",2025-10-26 08:12:27,2025-10-26 08:13:39,00:01:12,0.1,13.0,14.0,13.0,0.07,14.0,3.5,/SNS/CNCS/IPTS-37274/nexus/CNCS_667357.nxs.h5
667356,108367,YbZn2GaO5,"YZGO, MAG9, Ei=13meV, T=0.07K, B=14.0T w=3.0deg",2025-10-26 08:11:11,2025-10-26 08:12:24,00:01:12,0.1,13.0,14.0,13.0,0.07,14.0,3.0,/SNS/CNCS/IPTS-37274/nexus/CNCS_667356.nxs.h5
667355,108367,YbZn2GaO5,"YZGO, MAG9, Ei=13meV, T=0.07K, B=14.0T w=2.5deg",2025-10-26 08:09:55,2025-10-26 08:11:08,00:01:12,0.1,13.0,14.0,13.0,0.07,14.0,2.5,/SNS/CNCS/IPTS-37274/nexus/CNCS_667355.nxs.h5
667354,108367,YbZn2GaO5,"YZGO, MAG9, Ei=13meV, T=0.07K, B=14.0T w=2.0deg",2025-10-26 08:08:40,2025-10-26 08:09:52,00:01:11,0.1,13.0,14.0,13.0,0.07,14.0,2.0,/SNS/CNCS/IPTS-37274/nexus/CNCS_667354.nxs.h5
667353,108367,YbZn2GaO5,"YZGO, MAG9, Ei=13meV, T=0.07K, B=14.0T w=1.5deg",2025-10-26 08:07:25,2025-10-26 08:08:36,00:01:11,0.1,13.0,14.0,13.0,0.07,14.0,1.5,/SNS/CNCS/IPTS-37274/nexus/CNCS_667353.nxs.h5
667352,108367,YbZn2GaO5,"YZGO, MAG9, Ei=13meV, T=0.07K, B=14.0T w=1.0deg",2025-10-26 08:06:09,2025-10-26 08:07:21,00:01:11,0.1,13.0,14.0,13.0,0.07,14.0,1.0,/SNS/CNCS/IPTS-37274/nexus/CNCS_667352.nxs.h5
667351,108367,YbZn2GaO5,"YZGO, MAG9, Ei=13meV, T=0.07K, B=14.0T w=0.5deg",2025-10-26 08:04:54,2025-10-26 08:06:06,00:01:11,0.1,13.0,14.0,13.0,0.07,14.0,0.5,/SNS/CNCS/IPTS-37274/nexus/CNCS_667351.nxs.h5
667350,108367,YbZn2GaO5,"YZGO, MAG9, Ei=13meV, T=0.07K, B=14.0T w=0.0deg",2025-10-26 08:03:39,2025-10-26 08:04:50,00:01:11,0.1,13.0,14.0,13.0,0.07,14.0,0.0,/SNS/CNCS/IPTS-37274/nexus/CNCS_667350.nxs.h5
667349,108367,YbZn2GaO5,"YZGO, MAG9, Ei=13meV, T=0.07K, B=14.0T w=-0.5deg",2025-10-26 08:02:23,2025-10-26 08:03:35,00:01:12,0.1,13.0,14.0,13.0,0.07,14.0,-0.5,/SNS/CNCS/IPTS-37274/nexus/CNCS_667349.nxs.h5
667348,108367,YbZn2GaO5,"YZGO, MAG9, Ei=13meV, T=0.07K, B=14.0T w=-1.0deg",2025-10-26 08:01:07,2025-10-26 08:02:19,00:01:12,0.1,13.0,14.0,13.0,0.07,14.0,-1.0,/SNS/CNCS/IPTS-37274/nexus/CNCS_667348.nxs.h5
667347,108367,YbZn2GaO5,"YZGO, MAG9, Ei=13meV, T=0.07K, B=14.0T w=-1.5deg",2025-10-26 07:59:51,2025-10-26 08:01:04,00:01:12,0.1,13.0,14.0,13.0,0.07,14.0,-1.5,/SNS/CNCS/IPTS-37274/nexus/CNCS_667347.nxs.h5
667346,108367,YbZn2GaO5,"YZGO, MAG9, Ei=13meV, T=0.07K, B=14.0T w=-2.0deg",2025-10-26 07:58:36,2025-10-26 07:59:48,00:01:11,0.1,13.0,14.0,13.0,0.07,14.0,-2.0,/SNS/CNCS/IPTS-37274/nexus/CNCS_667346.nxs.h5
667345,108367,YbZn2GaO5,"YZGO, MAG9, Ei=13meV, T=0.07K, B=14.0T w=-2.5deg",2025-10-26 07:57:21,2025-10-26 07:58:32,00:01:11,0.1,13.0,14.0,13.0,0.07,14.0,-2.5,/SNS/CNCS/IPTS-37274/nexus/CNCS_667345.nxs.h5
667344,108367,YbZn2GaO5,"YZGO, MAG9, Ei=13meV, T=0.07K, B=14.0T w=-3.0deg",2025-10-26 07:56:05,2025-10-26 07:57:17,00:01:11,0.1,13.0,14.0,13.0,0.07,14.0,-3.0,/SNS/CNCS/IPTS-37274/nexus/CNCS_667344.nxs.h5
667343,108367,YbZn2GaO5,"YZGO, MAG9, Ei=13meV, T=0.07K, B=14.0T w=-3.5deg",2025-10-26 07:54:50,2025-10-26 07:56:02,00:01:11,0.1,13.0,14.0,13.0,0.07,14.0,-3.5,/SNS/CNCS/IPTS-37274/nexus/CNCS_667343.nxs.h5
667342,108367,YbZn2GaO5,"YZGO, MAG9, Ei=13meV, T=0.07K, B=14.0T w=-4.0deg",2025-10-26 07:53:34,2025-10-26 07:54:46,00:01:12,0.1,13.0,14.0,13.0,0.07,14.0,-4.0,/SNS/CNCS/IPTS-37274/nexus/CNCS_667342.nxs.h5
667341,108367,YbZn2GaO5,"YZGO, MAG9, Ei=13meV, T=0.07K, B=14.0T w=-4.5deg",2025-10-26 07:52:19,2025-10-26 07:53:30,00:01:11,0.1,13.0,14.0,13.0,0.07,14.0,-4.5,/SNS/CNCS/IPTS-37274/nexus/CNCS_667341.nxs.h5
667340,108367,YbZn2GaO5,"YZGO, MAG9, Ei=13meV, T=0.07K, B=14.0T w=-5.0deg",2025-10-26 07:51:03,2025-10-26 07:52:15,00:01:11,0.1,13.0,14.0,13.0,0.07,14.0,-5.0,/SNS/CNCS/IPTS-37274/nexus/CNCS_667340.nxs.h5
667339,108367,YbZn2GaO5,"YZGO, MAG9, Ei=13meV, T=0.07K, B=14.0T w=-5.5deg",2025-10-26 07:49:48,2025-10-26 07:50:59,00:01:11,0.1,13.0,14.0,13.0,0.07,14.0,-5.5,/SNS/CNCS/IPTS-37274/nexus/CNCS_667339.nxs.h5
667338,108367,YbZn2GaO5,"YZGO, MAG9, Ei=13meV, T=0.07K, B=14.0T w=-6.0deg",2025-10-26 07:48:32,2025-10-26 07:49:44,00:01:12,0.1,13.0,14.0,13.0,0.07,14.0,-6.0,/SNS/CNCS/IPTS-37274/nexus/CNCS_667338.nxs.h5
667337,108367,YbZn2GaO5,"YZGO, MAG9, Ei=13meV, T=0.07K, B=14.0T w=-6.5deg",2025-10-26 07:47:16,2025-10-26 07:48:28,00:01:11,0.1,13.0,14.0,13.0,0.07,14.0,-6.5,/SNS/CNCS/IPTS-37274/nexus/CNCS_667337.nxs.h5
667336,108367,YbZn2GaO5,"YZGO, MAG9, Ei=13meV, T=0.07K, B=14.0T w=-7.0deg",2025-10-26 07:46:01,2025-10-26 07:47:13,00:01:11,0.1,13.0,14.0,13.0,0.07,14.0,-7.0,/SNS/CNCS/IPTS-37274/nexus/CNCS_667336.nxs.h5
667335,108367,YbZn2GaO5,"YZGO, MAG9, Ei=13meV, T=0.07K, B=14.0T w=-7.5deg",2025-10-26 07:44:45,2025-10-26 07:45:57,00:01:12,0.1,13.0,14.0,13.0,0.07,14.0,-7.5,/SNS/CNCS/IPTS-37274/nexus/CNCS_667335.nxs.h5
667334,108367,YbZn2GaO5,"YZGO, MAG9, Ei=13meV, T=0.07K, B=14.0T w=-8.0deg",2025-10-26 07:43:30,2025-10-26 07:44:41,00:01:11,0.1,13.0,14.0,13.0,0.07,14.0,-8.0,/SNS/CNCS/IPTS-37274/nexus/CNCS_667334.nxs.h5
667333,108367,YbZn2GaO5,"YZGO, MAG9, Ei=13meV, T=0.07K, B=14.0T w=-8.5deg",2025-10-26 07:42:14,2025-10-26 07:43:26,00:01:11,0.1,13.0,14.0,13.0,0.07,14.0,-8.5,/SNS/CNCS/IPTS-37274/nexus/CNCS_667333.nxs.h5
667332,108367,YbZn2GaO5,"YZGO, MAG9, Ei=13meV, T=0.07K, B=14.0T w=-9.0deg",2025-10-26 07:40:59,2025-10-26 07:42:11,00:01:11,0.1,13.0,14.0,13.0,0.07,14.0,-9.0,/SNS/CNCS/IPTS-37274/nexus/CNCS_667332.nxs.h5
667331,108367,YbZn2GaO5,"YZGO, MAG9, Ei=13meV, T=0.07K, B=14.0T w=-9.5deg",2025-10-26 07:39:44,2025-10-26 07:40:55,00:01:11,0.1,13.0,14.0,13.0,0.07,14.0,-9.5,/SNS/CNCS/IPTS-37274/nexus/CNCS_667331.nxs.h5
667330,108367,YbZn2GaO5,"YZGO, MAG9, Ei=13meV, T=0.07K, B=14.0T w=-10.0deg",2025-10-26 07:38:28,2025-10-26 07:39:40,00:01:12,0.1,13.0,14.0,13.0,0.07,14.0,-10.0,/SNS/CNCS/IPTS-37274/nexus/CNCS_667330.nxs.h5
667329,108367,YbZn2GaO5,"YZGO, MAG9, Ei=13meV, T=0.07K, B=14.0T w=-10.5deg",2025-10-26 07:37:12,2025-10-26 07:38:24,00:01:12,0.1,13.0,14.0,13.0,0.07,14.0,-10.5,/SNS/CNCS/IPTS-37274/nexus/CNCS_667329.nxs.h5
667328,108367,YbZn2GaO5,"YZGO, MAG9, Ei=13meV, T=0.07K, B=14.0T w=-11.0deg",2025-10-26 07:35:56,2025-10-26 07:37:08,00:01:11,0.1,13.0,14.0,13.0,0.07,14.0,-11.0,/SNS/CNCS/IPTS-37274/nexus/CNCS_667328.nxs.h5
667327,108367,YbZn2GaO5,"YZGO, MAG9, Ei=13meV, T=0.07K, B=14.0T w=-11.5deg",2025-10-26 07:34:41,2025-10-26 07:35:53,00:01:11,0.1,13.0,14.0,13.0,0.07,14.0,-11.5,/SNS/CNCS/IPTS-37274/nexus/CNCS_667327.nxs.h5
667326,108367,YbZn2GaO5,"YZGO, MAG9, Ei=13meV, T=0.07K, B=14.0T w=-12.0deg",2025-10-26 07:33:25,2025-10-26 07:34:37,00:01:11,0.1,13.0,14.0,13.0,0.07,14.0,-12.0,/SNS/CNCS/IPTS-37274/nexus/CNCS_667326.nxs.h5
667325,108367,YbZn2GaO5,"YZGO, MAG9, Ei=13meV, T=0.07K, B=14.0T w=-12.5deg",2025-10-26 07:32:10,2025-10-26 07:33:22,00:01:11,0.1,13.0,14.0,13.0,0.07,14.0,-12.5,/SNS/CNCS/IPTS-37274/nexus/CNCS_667325.nxs.h5
667324,108367,YbZn2GaO5,"YZGO, MAG9, Ei=13meV, T=0.07K, B=14.0T w=-13.0deg",2025-10-26 07:30:54,2025-10-26 07:32:06,00:01:12,0.1,13.0,14.0,13.0,0.07,14.0,-13.0,/SNS/CNCS/IPTS-37274/nexus/CNCS_667324.nxs.h5
667323,108367,YbZn2GaO5,"YZGO, MAG9, Ei=13meV, T=0.07K, B=14.0T w=-13.5deg",2025-10-26 07:29:38,2025-10-26 07:30:50,00:01:12,0.1,13.0,14.0,13.0,0.07,14.0,-13.5,/SNS/CNCS/IPTS-37274/nexus/CNCS_667323.nxs.h5
667322,108367,YbZn2GaO5,"YZGO, MAG9, Ei=13meV, T=0.07K, B=14.0T w=-14.0deg",2025-10-26 07:28:23,2025-10-26 07:29:34,00:01:11,0.1,13.0,14.0,13.0,0.07,14.0,-14.0,/SNS/CNCS/IPTS-37274/nexus/CNCS_667322.nxs.h5
667321,108367,YbZn2GaO5,"YZGO, MAG9, Ei=13meV, T=0.07K, B=14.0T w=-14.5deg",2025-10-26 07:27:07,2025-10-26 07:28:19,00:01:11,0.1,13.0,14.0,13.0,0.07,14.0,-14.5,/SNS/CNCS/IPTS-37274/nexus/CNCS_667321.nxs.h5
667320,108367,YbZn2GaO5,"YZGO, MAG9, Ei=13meV, T=0.07K, B=14.0T w=-15.0deg",2025-10-26 07:25:52,2025-10-26 07:27:04,00:01:11,0.1,13.0,14.0,13.0,0.07,14.0,-15.0,/SNS/CNCS/IPTS-37274/nexus/CNCS_667320.nxs.h5
667319,108367,YbZn2GaO5,"YZGO, MAG9, Ei=13meV, T=0.07K, B=14.0T w=-15.5deg",2025-10-26 07:24:37,2025-10-26 07:25:48,00:01:11,0.1,13.0,14.0,13.0,0.07,14.0,-15.5,/SNS/CNCS/IPTS-37274/nexus/CNCS_667319.nxs.h5
667318,108367,YbZn2GaO5,"YZGO, MAG9, Ei=13meV, T=0.07K, B=14.0T w=-16.0deg",2025-10-26 07:23:21,2025-10-26 07:24:33,00:01:11,0.1,13.0,14.0,13.0,0.07,14.0,-16.0,/SNS/CNCS/IPTS-37274/nexus/CNCS_667318.nxs.h5
667317,108367,YbZn2GaO5,"YZGO, MAG9, Ei=13meV, T=0.07K, B=14.0T w=-16.5deg",2025-10-26 07:22:06,2025-10-26 07:23:18,00:01:11,0.1,13.0,14.0,13.0,0.07,14.0,-16.5,/SNS/CNCS/IPTS-37274/nexus/CNCS_667317.nxs.h5
667316,108367,YbZn2GaO5,"YZGO, MAG9, Ei=13meV, T=0.07K, B=14.0T w=-17.0deg",2025-10-26 07:20:50,2025-10-26 07:22:02,00:01:12,0.1,13.0,14.0,13.0,0.07,14.0,-17.0,/SNS/CNCS/IPTS-37274/nexus/CNCS_667316.nxs.h5
667315,108367,YbZn2GaO5,"YZGO, MAG9, Ei=13meV, T=0.07K, B=14.0T w=-17.5deg",2025-10-26 07:19:35,2025-10-26 07:20:46,00:01:11,0.1,13.0,14.0,13.0,0.07,14.0,-17.5,/SNS/CNCS/IPTS-37274/nexus/CNCS_667315.nxs.h5
667314,108367,YbZn2GaO5,"YZGO, MAG9, Ei=13meV, T=0.07K, B=14.0T w=-18.0deg",2025-10-26 07:18:19,2025-10-26 07:19:31,00:01:11,0.1,13.0,14.0,13.0,0.07,14.0,-18.0,/SNS/CNCS/IPTS-37274/nexus/CNCS_667314.nxs.h5
667313,108367,YbZn2GaO5,"YZGO, MAG9, Ei=13meV, T=0.07K, B=14.0T w=-18.5deg",2025-10-26 07:17:04,2025-10-26 07:18:16,00:01:12,0.1,13.0,14.0,13.0,0.07,14.0,-18.5,/SNS/CNCS/IPTS-37274/nexus/CNCS_667313.nxs.h5
667312,108367,YbZn2GaO5,"YZGO, MAG9, Ei=13meV, T=0.07K, B=14.0T w=-19.0deg",2025-10-26 07:15:48,2025-10-26 07:17:00,00:01:11,0.1,13.0,14.0,13.0,0.07,14.0,-19.0,/SNS/CNCS/IPTS-37274/nexus/CNCS_667312.nxs.h5
667311,108367,YbZn2GaO5,"YZGO, MAG9, Ei=13meV, T=0.07K, B=14.0T w=-19.5deg",2025-10-26 07:14:33,2025-10-26 07:15:45,00:01:11,0.1,13.0,14.0,13.0,0.07,14.0,-19.5,/SNS/CNCS/IPTS-37274/nexus/CNCS_667311.nxs.h5
667310,108367,YbZn2GaO5,"YZGO, MAG9, Ei=13meV, T=0.07K, B=14.0T w=-20.0deg",2025-10-26 07:13:18,2025-10-26 07:14:29,00:01:11,0.1,13.0,14.0,13.0,0.07,14.0,-20.0,/SNS/CNCS/IPTS-37274/nexus/CNCS_667310.nxs.h5
667309,108367,YbZn2GaO5,"YZGO, MAG9, Ei=13meV, T=0.07K, B=14.0T w=-20.5deg",2025-10-26 07:12:02,2025-10-26 07:13:14,00:01:11,0.1,13.0,14.0,13.0,0.07,14.0,-20.5,/SNS/CNCS/IPTS-37274/nexus/CNCS_667309.nxs.h5
667308,108367,YbZn2GaO5,"YZGO, MAG9, Ei=13meV, T=0.07K, B=14.0T w=-21.0deg",2025-10-26 07:10:47,2025-10-26 07:11:59,00:01:11,0.1,13.0,14.0,13.0,0.07,14.0,-21.0,/SNS/CNCS/IPTS-37274/nexus/CNCS_667308.nxs.h5
667307,108367,YbZn2GaO5,"YZGO, MAG9, Ei=13meV, T=0.07K, B=14.0T w=-21.5deg",2025-10-26 07:09:32,2025-10-26 07:10:43,00:01:11,0.1,13.0,14.0,13.0,0.07,14.0,-21.5,/SNS/CNCS/IPTS-37274/nexus/CNCS_667307.nxs.h5
667306,108367,YbZn2GaO5,"YZGO, MAG9, Ei=13meV, T=0.07K, B=14.0T w=-22.0deg",2025-10-26 07:08:16,2025-10-26 07:09:28,00:01:11,0.1,13.0,14.0,13.0,0.07,14.0,-22.0,/SNS/CNCS/IPTS-37274/nexus/CNCS_667306.nxs.h5
667305,108367,YbZn2GaO5,"YZGO, MAG9, Ei=13meV, T=0.07K, B=14.0T w=-22.5deg",2025-10-26 07:07:01,2025-10-26 07:08:13,00:01:11,0.1,13.0,14.0,13.0,0.07,14.0,-22.5,/SNS/CNCS/IPTS-37274/nexus/CNCS_667305.nxs.h5
667304,108367,YbZn2GaO5,"YZGO, MAG9, Ei=13meV, T=0.07K, B=14.0T w=-23.0deg",2025-10-26 07:05:45,2025-10-26 07:06:57,00:01:12,0.1,13.0,14.0,13.0,0.07,14.0,-23.0,/SNS/CNCS/IPTS-37274/nexus/CNCS_667304.nxs.h5
667303,108367,YbZn2GaO5,"YZGO, MAG9, Ei=13meV, T=0.07K, B=14.0T w=-23.5deg",2025-10-26 07:04:30,2025-10-26 07:05:42,00:01:11,0.1,13.0,14.0,13.0,0.07,14.0,-23.5,/SNS/CNCS/IPTS-37274/nexus/CNCS_667303.nxs.h5
667302,108367,YbZn2GaO5,"YZGO, MAG9, Ei=13meV, T=0.07K, B=14.0T w=-24.0deg",2025-10-26 07:03:14,2025-10-26 07:04:26,00:01:11,0.1,13.0,14.0,13.0,0.07,14.0,-24.0,/SNS/CNCS/IPTS-37274/nexus/CNCS_667302.nxs.h5
667301,108367,YbZn2GaO5,"YZGO, MAG9, Ei=13meV, T=0.07K, B=14.0T w=-24.5deg",2025-10-26 07:01:59,2025-10-26 07:03:11,00:01:12,0.1,13.0,14.0,13.0,0.07,14.0,-24.5,/SNS/CNCS/IPTS-37274/nexus/CNCS_667301.nxs.h5
667300,108367,YbZn2GaO5,"YZGO, MAG9, Ei=13meV, T=0.07K, B=14.0T w=-25.0deg",2025-10-26 07:00:43,2025-10-26 07:01:55,00:01:11,0.1,13.0,14.0,13.0,0.07,14.0,-25.0,/SNS/CNCS/IPTS-37274/nexus/CNCS_667300.nxs.h5
667299,108367,YbZn2GaO5,"YZGO, MAG9, Ei=13meV, T=0.07K, B=14.0T w=-25.5deg",2025-10-26 06:59:28,2025-10-26 07:00:40,00:01:11,0.1,13.0,14.0,13.0,0.07,14.0,-25.5,/SNS/CNCS/IPTS-37274/nexus/CNCS_667299.nxs.h5
667298,108367,YbZn2GaO5,"YZGO, MAG9, Ei=13meV, T=0.07K, B=14.0T w=-26.0deg",2025-10-26 06:58:12,2025-10-26 06:59:24,00:01:11,0.1,13.0,14.0,13.0,0.07,14.0,-26.0,/SNS/CNCS/IPTS-37274/nexus/CNCS_667298.nxs.h5
667297,108367,YbZn2GaO5,"YZGO, MAG9, Ei=13meV, T=0.07K, B=14.0T w=-26.5deg",2025-10-26 06:56:57,2025-10-26 06:58:09,00:01:11,0.1,13.0,14.0,13.0,0.07,14.0,-26.5,/SNS/CNCS/IPTS-37274/nexus/CNCS_667297.nxs.h5
667296,108367,YbZn2GaO5,"YZGO, MAG9, Ei=13meV, T=0.07K, B=14.0T w=-27.0deg",2025-10-26 06:55:42,2025-10-26 06:56:53,00:01:11,0.1,13.0,14.0,13.0,0.07,14.0,-27.0,/SNS/CNCS/IPTS-37274/nexus/CNCS_667296.nxs.h5
667295,108367,YbZn2GaO5,"YZGO, MAG9, Ei=13meV, T=0.07K, B=14.0T w=-27.5deg",2025-10-26 06:54:26,2025-10-26 06:55:38,00:01:11,0.1,13.0,14.0,13.0,0.07,14.0,-27.5,/SNS/CNCS/IPTS-37274/nexus/CNCS_667295.nxs.h5
667294,108367,YbZn2GaO5,"YZGO, MAG9, Ei=13meV, T=0.07K, B=14.0T w=-28.0deg",2025-10-26 06:53:10,2025-10-26 06:54:23,00:01:13,0.1,13.0,14.0,13.0,0.07,14.0,-28.0,/SNS/CNCS/IPTS-37274/nexus/CNCS_667294.nxs.h5
667293,108367,YbZn2GaO5,"YZGO, MAG9, Ei=13meV, T=0.07K, B=14.0T w=-28.5deg",2025-10-26 06:51:54,2025-10-26 06:53:06,00:01:11,0.1,13.0,14.0,13.0,0.07,14.0,-28.5,/SNS/CNCS/IPTS-37274/nexus/CNCS_667293.nxs.h5
667292,108367,YbZn2GaO5,"YZGO, MAG9, Ei=13meV, T=0.07K, B=14.0T w=-29.0deg",2025-10-26 06:50:39,2025-10-26 06:51:51,00:01:11,0.1,13.0,14.0,13.0,0.07,14.0,-29.0,/SNS/CNCS/IPTS-37274/nexus/CNCS_667292.nxs.h5
667291,108367,YbZn2GaO5,"YZGO, MAG9, Ei=13meV, T=0.07K, B=14.0T w=-29.5deg",2025-10-26 06:49:23,2025-10-26 06:50:35,00:01:11,0.1,13.0,14.0,13.0,0.07,14.0,-29.5,/SNS/CNCS/IPTS-37274/nexus/CNCS_667291.nxs.h5
667290,108367,YbZn2GaO5,"YZGO, MAG9, Ei=13meV, T=0.07K, B=14.0T w=-30.0deg",2025-10-26 06:48:08,2025-10-26 06:49:20,00:01:11,0.1,13.0,14.0,13.0,0.07,14.0,-30.0,/SNS/CNCS/IPTS-37274/nexus/CNCS_667290.nxs.h5
667289,108367,YbZn2GaO5,"YZGO, MAG9, Ei=13meV, T=0.07K, B=14.0T w=-30.5deg",2025-10-26 06:46:53,2025-10-26 06:48:04,00:01:11,0.1,13.0,14.0,13.0,0.07,14.0,-30.5,/SNS/CNCS/IPTS-37274/nexus/CNCS_667289.nxs.h5
667288,108367,YbZn2GaO5,"YZGO, MAG9, Ei=13meV, T=0.07K, B=14.0T w=-31.0deg",2025-10-26 06:45:37,2025-10-26 06:46:49,00:01:11,0.1,13.0,14.0,13.0,0.07,14.0,-31.0,/SNS/CNCS/IPTS-37274/nexus/CNCS_667288.nxs.h5
667287,108367,YbZn2GaO5,"YZGO, MAG9, Ei=13meV, T=0.07K, B=14.0T w=-31.5deg",2025-10-26 06:44:22,2025-10-26 06:45:34,00:01:11,0.1,13.0,14.0,13.0,0.07,14.0,-31.5,/SNS/CNCS/IPTS-37274/nexus/CNCS_667287.nxs.h5
667286,108367,YbZn2GaO5,"YZGO, MAG9, Ei=13meV, T=0.07K, B=14.0T w=-32.0deg",2025-10-26 06:43:07,2025-10-26 06:44:19,00:01:11,0.1,13.0,14.0,13.0,0.07,14.0,-32.0,/SNS/CNCS/IPTS-37274/nexus/CNCS_667286.nxs.h5
667285,108367,YbZn2GaO5,"YZGO, MAG9, Ei=13meV, T=0.07K, B=14.0T w=-32.5deg",2025-10-26 06:41:52,2025-10-26 06:43:03,00:01:11,0.1,13.0,14.0,13.0,0.07,14.0,-32.5,/SNS/CNCS/IPTS-37274/nexus/CNCS_667285.nxs.h5
667284,108367,YbZn2GaO5,"YZGO, MAG9, Ei=13meV, T=0.07K, B=14.0T w=-33.0deg",2025-10-26 06:40:36,2025-10-26 06:41:48,00:01:11,0.1,13.0,14.0,13.0,0.07,14.0,-33.0,/SNS/CNCS/IPTS-37274/nexus/CNCS_667284.nxs.h5
667283,108367,YbZn2GaO5,"YZGO, MAG9, Ei=13meV, T=0.07K, B=14.0T w=-33.5deg",2025-10-26 06:39:21,2025-10-26 06:40:32,00:01:11,0.1,13.0,14.0,13.0,0.07,14.0,-33.5,/SNS/CNCS/IPTS-37274/nexus/CNCS_667283.nxs.h5
667282,108367,YbZn2GaO5,"YZGO, MAG9, Ei=13meV, T=0.07K, B=14.0T w=-34.0deg",2025-10-26 06:38:05,2025-10-26 06:39:17,00:01:12,0.1,13.0,14.0,13.0,0.07,14.0,-34.0,/SNS/CNCS/IPTS-37274/nexus/CNCS_667282.nxs.h5
667281,108367,YbZn2GaO5,"YZGO, MAG9, Ei=13meV, T=0.07K, B=14.0T w=-34.5deg",2025-10-26 06:36:49,2025-10-26 06:38:01,00:01:12,0.1,13.0,14.0,13.0,0.07,14.0,-34.5,/SNS/CNCS/IPTS-37274/nexus/CNCS_667281.nxs.h5
667280,108367,YbZn2GaO5,"YZGO, MAG9, Ei=13meV, T=0.07K, B=14.0T w=-35.0deg",2025-10-26 06:35:34,2025-10-26 06:36:46,00:01:12,0.1,13.0,14.0,13.0,0.07,14.0,-35.0,/SNS/CNCS/IPTS-37274/nexus/CNCS_667280.nxs.h5
667279,108367,YbZn2GaO5,"YZGO, MAG9, Ei=13meV, T=0.07K, B=14.0T w=-35.5deg",2025-10-26 06:34:18,2025-10-26 06:35:30,00:01:11,0.1,13.0,14.0,13.0,0.07,14.0,-35.5,/SNS/CNCS/IPTS-37274/nexus/CNCS_667279.nxs.h5
667278,108367,YbZn2GaO5,"YZGO, MAG9, Ei=13meV, T=0.07K, B=14.0T w=-36.0deg",2025-10-26 06:33:03,2025-10-26 06:34:15,00:01:11,0.1,13.0,14.0,13.0,0.07,14.0,-36.0,/SNS/CNCS/IPTS-37274/nexus/CNCS_667278.nxs.h5
667277,108367,YbZn2GaO5,"YZGO, MAG9, Ei=13meV, T=0.07K, B=14.0T w=-36.5deg",2025-10-26 06:31:47,2025-10-26 06:32:59,00:01:12,0.1,13.0,14.0,13.0,0.07,14.0,-36.5,/SNS/CNCS/IPTS-37274/nexus/CNCS_667277.nxs.h5
667276,108367,YbZn2GaO5,"YZGO, MAG9, Ei=13meV, T=0.07K, B=14.0T w=-37.0deg",2025-10-26 06:30:32,2025-10-26 06:31:43,00:01:11,0.1,13.0,14.0,13.0,0.07,14.0,-37.0,/SNS/CNCS/IPTS-37274/nexus/CNCS_667276.nxs.h5
667275,108367,YbZn2GaO5,"YZGO, MAG9, Ei=13meV, T=0.07K, B=14.0T w=-37.5deg",2025-10-26 06:29:16,2025-10-26 06:30:28,00:01:11,0.1,13.0,14.0,13.0,0.07,14.0,-37.5,/SNS/CNCS/IPTS-37274/nexus/CNCS_667275.nxs.h5
667274,108367,YbZn2GaO5,"YZGO, MAG9, Ei=13meV, T=0.07K, B=14.0T w=-38.0deg",2025-10-26 06:28:01,2025-10-26 06:29:13,00:01:11,0.1,13.0,14.0,13.0,0.07,14.0,-38.0,/SNS/CNCS/IPTS-37274/nexus/CNCS_667274.nxs.h5
667273,108367,YbZn2GaO5,"YZGO, MAG9, Ei=13meV, T=0.07K, B=14.0T w=-38.5deg",2025-10-26 06:26:45,2025-10-26 06:27:57,00:01:12,0.1,13.0,14.0,13.0,0.07,14.0,-38.5,/SNS/CNCS/IPTS-37274/nexus/CNCS_667273.nxs.h5
667272,108367,YbZn2GaO5,"YZGO, MAG9, Ei=13meV, T=0.07K, B=14.0T w=-39.0deg",2025-10-26 06:25:30,2025-10-26 06:26:41,00:01:11,0.1,13.0,14.0,13.0,0.07,14.0,-39.0,/SNS/CNCS/IPTS-37274/nexus/CNCS_667272.nxs.h5
667271,108367,YbZn2GaO5,"YZGO, MAG9, Ei=13meV, T=0.07K, B=14.0T w=-39.5deg",2025-10-26 06:24:14,2025-10-26 06:25:26,00:01:12,0.1,13.0,14.0,13.0,0.07,14.0,-39.5,/SNS/CNCS/IPTS-37274/nexus/CNCS_667271.nxs.h5
667270,108367,YbZn2GaO5,"YZGO, MAG9, Ei=13meV, T=0.07K, B=14.0T w=-40.0deg",2025-10-26 06:22:59,2025-10-26 06:24:10,00:01:11,0.1,13.0,14.0,13.0,0.07,14.0,-40.0,/SNS/CNCS/IPTS-37274/nexus/CNCS_667270.nxs.h5
667269,108367,YbZn2GaO5,"YZGO, MAG9, Ei=13meV, T=0.07K, B=14.0T w=-40.5deg",2025-10-26 06:21:43,2025-10-26 06:22:55,00:01:12,0.1,13.0,14.0,13.0,0.07,14.0,-40.5,/SNS/CNCS/IPTS-37274/nexus/CNCS_667269.nxs.h5
667268,108367,YbZn2GaO5,"YZGO, MAG9, Ei=13meV, T=0.07K, B=14.0T w=-41.0deg",2025-10-26 06:20:27,2025-10-26 06:21:39,00:01:11,0.1,13.0,14.0,13.0,0.07,14.0,-41.0,/SNS/CNCS/IPTS-37274/nexus/CNCS_667268.nxs.h5
667267,108367,YbZn2GaO5,"YZGO, MAG9, Ei=13meV, T=0.07K, B=14.0T w=-41.5deg",2025-10-26 06:19:12,2025-10-26 06:20:24,00:01:11,0.1,13.0,14.0,13.0,0.07,14.0,-41.5,/SNS/CNCS/IPTS-37274/nexus/CNCS_667267.nxs.h5
667266,108367,YbZn2GaO5,"YZGO, MAG9, Ei=13meV, T=0.07K, B=14.0T w=-42.0deg",2025-10-26 06:17:56,2025-10-26 06:19:08,00:01:12,0.1,13.0,14.0,13.0,0.07,14.0,-42.0,/SNS/CNCS/IPTS-37274/nexus/CNCS_667266.nxs.h5
667265,108367,YbZn2GaO5,"YZGO, MAG9, Ei=13meV, T=0.07K, B=14.0T w=-42.5deg",2025-10-26 06:16:40,2025-10-26 06:17:53,00:01:12,0.1,13.0,14.0,13.0,0.07,14.0,-42.5,/SNS/CNCS/IPTS-37274/nexus/CNCS_667265.nxs.h5
667264,108367,YbZn2GaO5,"YZGO, MAG9, Ei=13meV, T=0.07K, B=14.0T w=-43.0deg",2025-10-26 06:15:25,2025-10-26 06:16:37,00:01:11,0.1,13.0,14.0,13.0,0.07,14.0,-43.0,/SNS/CNCS/IPTS-37274/nexus/CNCS_667264.nxs.h5
667263,108367,YbZn2GaO5,"YZGO, MAG9, Ei=13meV, T=0.07K, B=14.0T w=-43.5deg",2025-10-26 06:14:10,2025-10-26 06:15:21,00:01:11,0.1,13.0,14.0,13.0,0.07,14.0,-43.5,/SNS/CNCS/IPTS-37274/nexus/CNCS_667263.nxs.h5
667262,108367,YbZn2GaO5,"YZGO, MAG9, Ei=13meV, T=0.07K, B=14.0T w=-44.0deg",2025-10-26 06:12:54,2025-10-26 06:14:06,00:01:12,0.1,13.0,14.0,13.0,0.07,14.0,-44.0,/SNS/CNCS/IPTS-37274/nexus/CNCS_667262.nxs.h5
667261,108367,YbZn2GaO5,"YZGO, MAG9, Ei=13meV, T=0.07K, B=14.0T w=-44.5deg",2025-10-26 06:11:38,2025-10-26 06:12:50,00:01:11,0.1,13.0,14.0,13.0,0.07,14.0,-44.5,/SNS/CNCS/IPTS-37274/nexus/CNCS_667261.nxs.h5
667260,108367,YbZn2GaO5,"YZGO, MAG9, Ei=13meV, T=0.07K, B=14.0T w=-45.0deg",2025-10-26 06:10:23,2025-10-26 06:11:35,00:01:11,0.1,13.0,14.0,13.0,0.07,14.0,-45.0,/SNS/CNCS/IPTS-37274/nexus/CNCS_667260.nxs.h5
667259,108367,YbZn2GaO5,"YZGO, MAG9, Ei=13meV, T=0.07K, B=14.0T w=-45.5deg",2025-10-26 06:09:08,2025-10-26 06:10:19,00:01:11,0.1,13.0,14.0,13.0,0.07,14.0,-45.5,/SNS/CNCS/IPTS-37274/nexus/CNCS_667259.nxs.h5
667258,108367,YbZn2GaO5,"YZGO, MAG9, Ei=13meV, T=0.07K, B=14.0T w=-46.0deg",2025-10-26 06:07:52,2025-10-26 06:09:04,00:01:12,0.1,13.0,14.0,13.0,0.07,14.0,-46.0,/SNS/CNCS/IPTS-37274/nexus/CNCS_667258.nxs.h5
667257,108367,YbZn2GaO5,"YZGO, MAG9, Ei=13meV, T=0.07K, B=14.0T w=-46.5deg",2025-10-26 06:06:37,2025-10-26 06:07:48,00:01:11,0.1,13.0,14.0,13.0,0.07,14.0,-46.5,/SNS/CNCS/IPTS-37274/nexus/CNCS_667257.nxs.h5
667256,108367,YbZn2GaO5,"YZGO, MAG9, Ei=13meV, T=0.07K, B=14.0T w=-47.0deg",2025-10-26 06:05:21,2025-10-26 06:06:33,00:01:11,0.1,13.0,14.0,13.0,0.07,14.0,-47.0,/SNS/CNCS/IPTS-37274/nexus/CNCS_667256.nxs.h5
667255,108367,YbZn2GaO5,"YZGO, MAG9, Ei=13meV, T=0.07K, B=14.0T w=-47.5deg",2025-10-26 06:04:06,2025-10-26 06:05:18,00:01:11,0.1,13.0,14.0,13.0,0.07,14.0,-47.5,/SNS/CNCS/IPTS-37274/nexus/CNCS_667255.nxs.h5
667254,108367,YbZn2GaO5,"YZGO, MAG9, Ei=13meV, T=0.07K, B=14.0T w=-48.0deg",2025-10-26 06:02:50,2025-10-26 06:04:02,00:01:12,0.1,13.0,14.0,13.0,0.07,14.0,-48.0,/SNS/CNCS/IPTS-37274/nexus/CNCS_667254.nxs.h5
667253,108367,YbZn2GaO5,"YZGO, MAG9, Ei=13meV, T=0.07K, B=14.0T w=-48.5deg",2025-10-26 06:01:35,2025-10-26 06:02:47,00:01:11,0.1,13.0,14.0,13.0,0.07,14.0,-48.5,/SNS/CNCS/IPTS-37274/nexus/CNCS_667253.nxs.h5
667252,108367,YbZn2GaO5,"YZGO, MAG9, Ei=13meV, T=0.07K, B=14.0T w=-49.0deg",2025-10-26 06:00:19,2025-10-26 06:01:31,00:01:12,0.1,13.0,14.0,13.0,0.07,14.0,-49.0,/SNS/CNCS/IPTS-37274/nexus/CNCS_667252.nxs.h5
667251,108367,YbZn2GaO5,"YZGO, MAG9, Ei=13meV, T=0.07K, B=14.0T w=-49.5deg",2025-10-26 05:59:03,2025-10-26 06:00:15,00:01:12,0.1,13.0,14.0,13.0,0.07,14.0,-49.5,/SNS/CNCS/IPTS-37274/nexus/CNCS_667251.nxs.h5
667250,108367,YbZn2GaO5,"YZGO, MAG9, Ei=13meV, T=0.07K, B=14.0T w=-50.0deg",2025-10-26 05:57:48,2025-10-26 05:59:00,00:01:11,0.1,13.0,14.0,13.0,0.07,14.0,-50.0,/SNS/CNCS/IPTS-37274/nexus/CNCS_667250.nxs.h5
667249,108367,YbZn2GaO5,"YZGO, MAG9, Ei=13meV, T=0.07K, B=14.0T w=-50.5deg",2025-10-26 05:56:33,2025-10-26 05:57:44,00:01:11,0.1,13.0,14.0,13.0,0.07,14.0,-50.5,/SNS/CNCS/IPTS-37274/nexus/CNCS_667249.nxs.h5
667248,108367,YbZn2GaO5,"YZGO, MAG9, Ei=13meV, T=0.07K, B=14.0T w=-51.0deg",2025-10-26 05:55:17,2025-10-26 05:56:29,00:01:11,0.1,13.0,14.0,13.0,0.07,14.0,-51.0,/SNS/CNCS/IPTS-37274/nexus/CNCS_667248.nxs.h5
667247,108367,YbZn2GaO5,"YZGO, MAG9, Ei=13meV, T=0.07K, B=14.0T w=-51.5deg",2025-10-26 05:54:01,2025-10-26 05:55:14,00:01:12,0.1,13.0,14.0,13.0,0.07,14.0,-51.5,/SNS/CNCS/IPTS-37274/nexus/CNCS_667247.nxs.h5
667246,108367,YbZn2GaO5,"YZGO, MAG9, Ei=13meV, T=0.07K, B=14.0T w=-52.0deg",2025-10-26 05:52:46,2025-10-26 05:53:58,00:01:11,0.1,13.0,14.0,13.0,0.07,14.0,-52.0,/SNS/CNCS/IPTS-37274/nexus/CNCS_667246.nxs.h5
667245,108367,YbZn2GaO5,"YZGO, MAG9, Ei=13meV, T=0.07K, B=14.0T w=-52.5deg",2025-10-26 05:51:30,2025-10-26 05:52:42,00:01:12,0.1,13.0,14.0,13.0,0.07,14.0,-52.5,/SNS/CNCS/IPTS-37274/nexus/CNCS_667245.nxs.h5
667244,108367,YbZn2GaO5,"YZGO, MAG9, Ei=13meV, T=0.07K, B=14.0T w=-53.0deg",2025-10-26 05:50:15,2025-10-26 05:51:27,00:01:11,0.1,13.0,14.0,13.0,0.07,14.0,-53.0,/SNS/CNCS/IPTS-37274/nexus/CNCS_667244.nxs.h5
667243,108367,YbZn2GaO5,"YZGO, MAG9, Ei=13meV, T=0.07K, B=14.0T w=-53.5deg",2025-10-26 05:48:59,2025-10-26 05:50:11,00:01:11,0.1,13.0,14.0,13.0,0.07,14.0,-53.5,/SNS/CNCS/IPTS-37274/nexus/CNCS_667243.nxs.h5
667242,108367,YbZn2GaO5,"YZGO, MAG9, Ei=13meV, T=0.07K, B=14.0T w=-54.0deg",2025-10-26 05:47:44,2025-10-26 05:48:56,00:01:11,0.1,13.0,14.0,13.0,0.07,14.0,-54.0,/SNS/CNCS/IPTS-37274/nexus/CNCS_667242.nxs.h5
667241,108367,YbZn2GaO5,"YZGO, MAG9, Ei=13meV, T=0.07K, B=14.0T w=-54.5deg",2025-10-26 05:46:29,2025-10-26 05:47:40,00:01:11,0.1,13.0,14.0,13.0,0.07,14.0,-54.5,/SNS/CNCS/IPTS-37274/nexus/CNCS_667241.nxs.h5
667240,108367,YbZn2GaO5,"YZGO, MAG9, Ei=13meV, T=0.07K, B=14.0T w=-55.0deg",2025-10-26 05:45:13,2025-10-26 05:46:25,00:01:12,0.1,13.0,14.0,13.0,0.07,14.0,-55.0,/SNS/CNCS/IPTS-37274/nexus/CNCS_667240.nxs.h5
667239,108367,YbZn2GaO5,"YZGO, MAG9, Ei=13meV, T=0.07K, B=14.0T w=-55.5deg",2025-10-26 05:43:57,2025-10-26 05:45:09,00:01:12,0.1,13.0,14.0,13.0,0.07,14.0,-55.5,/SNS/CNCS/IPTS-37274/nexus/CNCS_667239.nxs.h5
667238,108367,YbZn2GaO5,"YZGO, MAG9, Ei=13meV, T=0.07K, B=14.0T w=-56.0deg",2025-10-26 05:42:42,2025-10-26 05:43:53,00:01:11,0.1,13.0,14.0,13.0,0.07,14.0,-56.0,/SNS/CNCS/IPTS-37274/nexus/CNCS_667238.nxs.h5
667237,108367,YbZn2GaO5,"YZGO, MAG9, Ei=13meV, T=0.07K, B=14.0T w=-56.5deg",2025-10-26 05:41:26,2025-10-26 05:42:38,00:01:11,0.1,13.0,14.0,13.0,0.07,14.0,-56.5,/SNS/CNCS/IPTS-37274/nexus/CNCS_667237.nxs.h5
667236,108367,YbZn2GaO5,"YZGO, MAG9, Ei=13meV, T=0.07K, B=14.0T w=-57.0deg",2025-10-26 05:40:11,2025-10-26 05:41:23,00:01:11,0.1,13.0,14.0,13.0,0.07,14.0,-57.0,/SNS/CNCS/IPTS-37274/nexus/CNCS_667236.nxs.h5
667235,108367,YbZn2GaO5,"YZGO, MAG9, Ei=13meV, T=0.07K, B=14.0T w=-57.5deg",2025-10-26 05:38:55,2025-10-26 05:40:07,00:01:12,0.1,13.0,14.0,13.0,0.07,14.0,-57.5,/SNS/CNCS/IPTS-37274/nexus/CNCS_667235.nxs.h5
667234,108367,YbZn2GaO5,"YZGO, MAG9, Ei=13meV, T=0.07K, B=14.0T w=-58.0deg",2025-10-26 05:37:40,2025-10-26 05:38:51,00:01:11,0.1,13.0,14.0,13.0,0.07,14.0,-58.0,/SNS/CNCS/IPTS-37274/nexus/CNCS_667234.nxs.h5
667233,108367,YbZn2GaO5,"YZGO, MAG9, Ei=13meV, T=0.07K, B=14.0T w=-58.5deg",2025-10-26 05:36:24,2025-10-26 05:37:36,00:01:12,0.1,13.0,14.0,13.0,0.07,14.0,-58.5,/SNS/CNCS/IPTS-37274/nexus/CNCS_667233.nxs.h5
667232,108367,YbZn2GaO5,"YZGO, MAG9, Ei=13meV, T=0.07K, B=14.0T w=-59.0deg",2025-10-26 05:35:08,2025-10-26 05:36:20,00:01:12,0.1,13.0,14.0,13.0,0.07,14.0,-59.0,/SNS/CNCS/IPTS-37274/nexus/CNCS_667232.nxs.h5
667231,108367,YbZn2GaO5,"YZGO, MAG9, Ei=13meV, T=0.07K, B=14.0T w=-59.5deg",2025-10-26 05:33:52,2025-10-26 05:35:04,00:01:12,0.1,13.0,14.0,13.0,0.07,14.0,-59.5,/SNS/CNCS/IPTS-37274/nexus/CNCS_667231.nxs.h5
667230,108367,YbZn2GaO5,"YZGO, MAG9, Ei=13meV, T=0.07K, B=14.0T w=-60.0deg",2025-10-26 05:32:37,2025-10-26 05:33:49,00:01:11,0.1,13.0,14.0,13.0,0.07,14.0,-60.0,/SNS/CNCS/IPTS-37274/nexus/CNCS_667230.nxs.h5
667229,108367,YbZn2GaO5,"YZGO, MAG9, Ei=13meV, T=0.07K, B=14.0T w=-60.5deg",2025-10-26 05:31:21,2025-10-26 05:32:33,00:01:12,0.1,13.0,14.0,13.0,0.07,14.0,-60.5,/SNS/CNCS/IPTS-37274/nexus/CNCS_667229.nxs.h5
667228,108367,YbZn2GaO5,"YZGO, MAG9, Ei=13meV, T=0.07K, B=14.0T w=-61.0deg",2025-10-26 05:30:05,2025-10-26 05:31:17,00:01:12,0.1,13.0,14.0,13.0,0.07,14.0,-61.0,/SNS/CNCS/IPTS-37274/nexus/CNCS_667228.nxs.h5
667227,108367,YbZn2GaO5,"YZGO, MAG9, Ei=13meV, T=0.07K, B=14.0T w=-61.5deg",2025-10-26 05:28:49,2025-10-26 05:30:02,00:01:12,0.1,13.0,14.0,13.0,0.07,14.0,-61.5,/SNS/CNCS/IPTS-37274/nexus/CNCS_667227.nxs.h5
667226,108367,YbZn2GaO5,"YZGO, MAG9, Ei=13meV, T=0.07K, B=14.0T w=-62.0deg",2025-10-26 05:27:34,2025-10-26 05:28:46,00:01:11,0.1,13.0,14.0,13.0,0.07,14.0,-62.0,/SNS/CNCS/IPTS-37274/nexus/CNCS_667226.nxs.h5
667225,108367,YbZn2GaO5,"YZGO, MAG9, Ei=13meV, T=0.07K, B=14.0T w=-62.5deg",2025-10-26 05:26:19,2025-10-26 05:27:30,00:01:11,0.1,13.0,14.0,13.0,0.07,14.0,-62.5,/SNS/CNCS/IPTS-37274/nexus/CNCS_667225.nxs.h5
667224,108367,YbZn2GaO5,"YZGO, MAG9, Ei=13meV, T=0.07K, B=14.0T w=-63.0deg",2025-10-26 05:25:03,2025-10-26 05:26:15,00:01:12,0.1,13.0,14.0,13.0,0.07,14.0,-63.0,/SNS/CNCS/IPTS-37274/nexus/CNCS_667224.nxs.h5
667223,108367,YbZn2GaO5,"YZGO, MAG9, Ei=13meV, T=0.07K, B=14.0T w=-63.5deg",2025-10-26 05:23:47,2025-10-26 05:24:59,00:01:11,0.1,13.0,14.0,13.0,0.07,14.0,-63.5,/SNS/CNCS/IPTS-37274/nexus/CNCS_667223.nxs.h5
667222,108367,YbZn2GaO5,"YZGO, MAG9, Ei=13meV, T=0.07K, B=14.0T w=-64.0deg",2025-10-26 05:22:32,2025-10-26 05:23:44,00:01:11,0.1,13.0,14.0,13.0,0.07,14.0,-64.0,/SNS/CNCS/IPTS-37274/nexus/CNCS_667222.nxs.h5
667221,108367,YbZn2GaO5,"YZGO, MAG9, Ei=13meV, T=0.07K, B=14.0T w=-64.5deg",2025-10-26 05:21:16,2025-10-26 05:22:28,00:01:12,0.1,13.0,14.0,13.0,0.07,14.0,-64.5,/SNS/CNCS/IPTS-37274/nexus/CNCS_667221.nxs.h5
667220,108367,YbZn2GaO5,"YZGO, MAG9, Ei=13meV, T=0.07K, B=14.0T w=-65.0deg",2025-10-26 05:20:00,2025-10-26 05:21:13,00:01:12,0.1,13.0,14.0,13.0,0.07,14.0,-65.0,/SNS/CNCS/IPTS-37274/nexus/CNCS_667220.nxs.h5
667219,108367,YbZn2GaO5,"YZGO, MAG9, Ei=13meV, T=0.07K, B=14.0T w=-65.5deg",2025-10-26 05:18:45,2025-10-26 05:19:57,00:01:11,0.1,13.0,14.0,13.0,0.07,14.0,-65.5,/SNS/CNCS/IPTS-37274/nexus/CNCS_667219.nxs.h5
667218,108367,YbZn2GaO5,"YZGO, MAG9, Ei=13meV, T=0.07K, B=14.0T w=-66.0deg",2025-10-26 05:17:30,2025-10-26 05:18:41,00:01:11,0.1,13.0,14.0,13.0,0.07,14.0,-66.0,/SNS/CNCS/IPTS-37274/nexus/CNCS_667218.nxs.h5
667217,108367,YbZn2GaO5,"YZGO, MAG9, Ei=13meV, T=0.07K, B=14.0T w=-66.5deg",2025-10-26 05:16:14,2025-10-26 05:17:26,00:01:12,0.1,13.0,14.0,13.0,0.07,14.0,-66.5,/SNS/CNCS/IPTS-37274/nexus/CNCS_667217.nxs.h5
667216,108367,YbZn2GaO5,"YZGO, MAG9, Ei=13meV, T=0.07K, B=14.0T w=-67.0deg",2025-10-26 05:14:58,2025-10-26 05:16:10,00:01:12,0.1,13.0,14.0,13.0,0.07,14.0,-67.0,/SNS/CNCS/IPTS-37274/nexus/CNCS_667216.nxs.h5
667215,108367,YbZn2GaO5,"YZGO, MAG9, Ei=13meV, T=0.07K, B=14.0T w=-67.5deg",2025-10-26 05:13:43,2025-10-26 05:14:54,00:01:11,0.1,13.0,14.0,13.0,0.07,14.0,-67.5,/SNS/CNCS/IPTS-37274/nexus/CNCS_667215.nxs.h5
667214,108367,YbZn2GaO5,"YZGO, MAG9, Ei=13meV, T=0.07K, B=14.0T w=-68.0deg",2025-10-26 05:12:27,2025-10-26 05:13:39,00:01:11,0.1,13.0,14.0,13.0,0.07,14.0,-68.0,/SNS/CNCS/IPTS-37274/nexus/CNCS_667214.nxs.h5
667213,108367,YbZn2GaO5,"YZGO, MAG9, Ei=13meV, T=0.07K, B=14.0T w=-68.5deg",2025-10-26 05:11:12,2025-10-26 05:12:24,00:01:11,0.1,13.0,14.0,13.0,0.07,14.0,-68.5,/SNS/CNCS/IPTS-37274/nexus/CNCS_667213.nxs.h5
667212,108367,YbZn2GaO5,"YZGO, MAG9, Ei=13meV, T=0.07K, B=14.0T w=-69.0deg",2025-10-26 05:09:56,2025-10-26 05:11:08,00:01:11,0.1,13.0,14.0,13.0,0.07,14.0,-69.0,/SNS/CNCS/IPTS-37274/nexus/CNCS_667212.nxs.h5
667211,108367,YbZn2GaO5,"YZGO, MAG9, Ei=13meV, T=0.07K, B=14.0T w=-69.5deg",2025-10-26 05:08:41,2025-10-26 05:09:53,00:01:12,0.1,13.0,14.0,13.0,0.07,14.0,-69.5,/SNS/CNCS/IPTS-37274/nexus/CNCS_667211.nxs.h5
667210,108367,YbZn2GaO5,"YZGO, MAG9, Ei=13meV, T=0.07K, B=14.0T w=-70.0deg",2025-10-26 05:07:25,2025-10-26 05:08:37,00:01:11,0.1,13.0,14.0,13.0,0.07,14.0,-70.0,/SNS/CNCS/IPTS-37274/nexus/CNCS_667210.nxs.h5
667209,108367,YbZn2GaO5,"YZGO, MAG9, Ei=13meV, T=0.07K, B=14.0T w=-70.5deg",2025-10-26 05:06:09,2025-10-26 05:07:22,00:01:12,0.1,13.0,14.0,13.0,0.07,14.0,-70.5,/SNS/CNCS/IPTS-37274/nexus/CNCS_667209.nxs.h5
667208,108367,YbZn2GaO5,"YZGO, MAG9, Ei=13meV, T=0.07K, B=14.0T w=-71.0deg",2025-10-26 05:04:54,2025-10-26 05:06:06,00:01:11,0.1,13.0,14.0,13.0,0.07,14.0,-71.0,/SNS/CNCS/IPTS-37274/nexus/CNCS_667208.nxs.h5
667207,108367,YbZn2GaO5,"YZGO, MAG9, Ei=13meV, T=0.07K, B=14.0T w=-71.5deg",2025-10-26 05:03:39,2025-10-26 05:04:50,00:01:11,0.1,13.0,14.0,13.0,0.07,14.0,-71.5,/SNS/CNCS/IPTS-37274/nexus/CNCS_667207.nxs.h5
667206,108367,YbZn2GaO5,"YZGO, MAG9, Ei=13meV, T=0.07K, B=14.0T w=-72.0deg",2025-10-26 05:02:23,2025-10-26 05:03:35,00:01:11,0.1,13.0,14.0,13.0,0.07,14.0,-72.0,/SNS/CNCS/IPTS-37274/nexus/CNCS_667206.nxs.h5
667205,108367,YbZn2GaO5,"YZGO, MAG9, Ei=13meV, T=0.07K, B=14.0T w=-72.5deg",2025-10-26 05:01:08,2025-10-26 05:02:20,00:01:11,0.1,13.0,14.0,13.0,0.07,14.0,-72.5,/SNS/CNCS/IPTS-37274/nexus/CNCS_667205.nxs.h5
667204,108367,YbZn2GaO5,"YZGO, MAG9, Ei=13meV, T=0.07K, B=14.0T w=-73.0deg",2025-10-26 04:59:52,2025-10-26 05:01:04,00:01:12,0.1,13.0,14.0,13.0,0.07,14.0,-73.0,/SNS/CNCS/IPTS-37274/nexus/CNCS_667204.nxs.h5
667203,108367,YbZn2GaO5,"YZGO, MAG9, Ei=13meV, T=0.07K, B=14.0T w=-73.5deg",2025-10-26 04:58:36,2025-10-26 04:59:49,00:01:12,0.1,13.0,14.0,13.0,0.07,14.0,-73.5,/SNS/CNCS/IPTS-37274/nexus/CNCS_667203.nxs.h5
667202,108367,YbZn2GaO5,"YZGO, MAG9, Ei=13meV, T=0.07K, B=14.0T w=-74.0deg",2025-10-26 04:57:21,2025-10-26 04:58:33,00:01:11,0.1,13.0,14.0,13.0,0.07,14.0,-74.0,/SNS/CNCS/IPTS-37274/nexus/CNCS_667202.nxs.h5
667201,108367,YbZn2GaO5,"YZGO, MAG9, Ei=13meV, T=0.07K, B=14.0T w=-74.5deg",2025-10-26 04:56:06,2025-10-26 04:57:17,00:01:11,0.1,13.0,14.0,13.0,0.07,14.0,-74.5,/SNS/CNCS/IPTS-37274/nexus/CNCS_667201.nxs.h5
667200,108367,YbZn2GaO5,"YZGO, MAG9, Ei=13meV, T=0.07K, B=14.0T w=-75.0deg",2025-10-26 04:54:50,2025-10-26 04:56:02,00:01:11,0.1,13.0,14.0,13.0,0.07,14.0,-75.0,/SNS/CNCS/IPTS-37274/nexus/CNCS_667200.nxs.h5
667199,108367,YbZn2GaO5,"YZGO, MAG9, Ei=13meV, T=0.07K, B=14.0T w=-75.5deg",2025-10-26 04:53:35,2025-10-26 04:54:47,00:01:12,0.1,13.0,14.0,13.0,0.07,14.0,-75.5,/SNS/CNCS/IPTS-37274/nexus/CNCS_667199.nxs.h5
667198,108367,YbZn2GaO5,"YZGO, MAG9, Ei=13meV, T=0.07K, B=14.0T w=-76.0deg",2025-10-26 04:52:19,2025-10-26 04:53:31,00:01:12,0.1,13.0,14.0,13.0,0.07,14.0,-76.0,/SNS/CNCS/IPTS-37274/nexus/CNCS_667198.nxs.h5
667197,108367,YbZn2GaO5,"YZGO, MAG9, Ei=13meV, T=0.07K, B=14.0T w=-76.5deg",2025-10-26 04:51:03,2025-10-26 04:52:15,00:01:12,0.1,13.0,14.0,13.0,0.07,14.0,-76.5,/SNS/CNCS/IPTS-37274/nexus/CNCS_667197.nxs.h5
667196,108367,YbZn2GaO5,"YZGO, MAG9, Ei=13meV, T=0.07K, B=14.0T w=-77.0deg",2025-10-26 04:49:47,2025-10-26 04:50:59,00:01:12,0.1,13.0,14.0,13.0,0.07,14.0,-77.0,/SNS/CNCS/IPTS-37274/nexus/CNCS_667196.nxs.h5
667195,108367,YbZn2GaO5,"YZGO, MAG9, Ei=13meV, T=0.07K, B=14.0T w=-77.5deg",2025-10-26 04:48:32,2025-10-26 04:49:44,00:01:11,0.1,13.0,14.0,13.0,0.07,14.0,-77.5,/SNS/CNCS/IPTS-37274/nexus/CNCS_667195.nxs.h5
667194,108367,YbZn2GaO5,"YZGO, MAG9, Ei=13meV, T=0.07K, B=14.0T w=-78.0deg",2025-10-26 04:47:16,2025-10-26 04:48:28,00:01:12,0.1,13.0,14.0,13.0,0.07,14.0,-78.0,/SNS/CNCS/IPTS-37274/nexus/CNCS_667194.nxs.h5
667193,108367,YbZn2GaO5,"YZGO, MAG9, Ei=13meV, T=0.07K, B=14.0T w=-78.5deg",2025-10-26 04:46:00,2025-10-26 04:47:12,00:01:12,0.1,13.0,14.0,13.0,0.07,14.0,-78.5,/SNS/CNCS/IPTS-37274/nexus/CNCS_667193.nxs.h5
667192,108367,YbZn2GaO5,"YZGO, MAG9, Ei=13meV, T=0.07K, B=14.0T w=-79.0deg",2025-10-26 04:44:44,2025-10-26 04:45:57,00:01:12,0.1,13.0,14.0,13.0,0.07,14.0,-79.0,/SNS/CNCS/IPTS-37274/nexus/CNCS_667192.nxs.h5
667191,108367,YbZn2GaO5,"YZGO, MAG9, Ei=13meV, T=0.07K, B=14.0T w=-79.5deg",2025-10-26 04:43:29,2025-10-26 04:44:41,00:01:11,0.1,13.0,14.0,13.0,0.07,14.0,-79.5,/SNS/CNCS/IPTS-37274/nexus/CNCS_667191.nxs.h5
667190,108367,YbZn2GaO5,"YZGO, MAG9, Ei=13meV, T=0.07K, B=14.0T w=-80.0deg",2025-10-26 04:42:13,2025-10-26 04:43:25,00:01:12,0.1,13.0,14.0,13.0,0.07,14.0,-80.0,/SNS/CNCS/IPTS-37274/nexus/CNCS_667190.nxs.h5
667189,108367,YbZn2GaO5,"YZGO, MAG9, Ei=13meV, T=0.07K, B=14.0T w=-80.5deg",2025-10-26 04:40:58,2025-10-26 04:42:09,00:01:11,0.1,13.0,14.0,13.0,0.07,14.0,-80.5,/SNS/CNCS/IPTS-37274/nexus/CNCS_667189.nxs.h5
667188,108367,YbZn2GaO5,"YZGO, MAG9, Ei=13meV, T=0.07K, B=14.0T w=-81.0deg",2025-10-26 04:39:42,2025-10-26 04:40:54,00:01:12,0.1,13.0,14.0,13.0,0.07,14.0,-81.0,/SNS/CNCS/IPTS-37274/nexus/CNCS_667188.nxs.h5
667187,108367,YbZn2GaO5,"YZGO, MAG9, Ei=13meV, T=0.07K, B=14.0T w=-81.5deg",2025-10-26 04:38:26,2025-10-26 04:39:38,00:01:12,0.1,13.0,14.0,13.0,0.07,14.0,-81.5,/SNS/CNCS/IPTS-37274/nexus/CNCS_667187.nxs.h5
667186,108367,YbZn2GaO5,"YZGO, MAG9, Ei=13meV, T=0.07K, B=14.0T w=-82.0deg",2025-10-26 04:37:10,2025-10-26 04:38:22,00:01:11,0.1,13.0,14.0,13.0,0.07,14.0,-82.0,/SNS/CNCS/IPTS-37274/nexus/CNCS_667186.nxs.h5
667185,108367,YbZn2GaO5,"YZGO, MAG9, Ei=13meV, T=0.07K, B=14.0T w=-82.5deg",2025-10-26 04:35:55,2025-10-26 04:37:07,00:01:12,0.1,13.0,14.0,13.0,0.07,14.0,-82.5,/SNS/CNCS/IPTS-37274/nexus/CNCS_667185.nxs.h5
667184,108367,YbZn2GaO5,"YZGO, MAG9, Ei=13meV, T=0.07K, B=14.0T w=-83.0deg",2025-10-26 04:34:39,2025-10-26 04:35:51,00:01:11,0.1,13.0,14.0,13.0,0.07,14.0,-83.0,/SNS/CNCS/IPTS-37274/nexus/CNCS_667184.nxs.h5
667183,108367,YbZn2GaO5,"YZGO, MAG9, Ei=13meV, T=0.07K, B=14.0T w=-83.5deg",2025-10-26 04:33:23,2025-10-26 04:34:36,00:01:12,0.1,13.0,14.0,13.0,0.07,14.0,-83.5,/SNS/CNCS/IPTS-37274/nexus/CNCS_667183.nxs.h5
667182,108367,YbZn2GaO5,"YZGO, MAG9, Ei=13meV, T=0.07K, B=14.0T w=-84.0deg",2025-10-26 04:32:08,2025-10-26 04:33:20,00:01:11,0.1,13.0,14.0,13.0,0.07,14.0,-84.0,/SNS/CNCS/IPTS-37274/nexus/CNCS_667182.nxs.h5
667181,108367,YbZn2GaO5,"YZGO, MAG9, Ei=13meV, T=0.07K, B=14.0T w=-84.5deg",2025-10-26 04:30:53,2025-10-26 04:32:04,00:01:11,0.1,13.0,14.0,13.0,0.07,14.0,-84.5,/SNS/CNCS/IPTS-37274/nexus/CNCS_667181.nxs.h5
667180,108367,YbZn2GaO5,"YZGO, MAG9, Ei=13meV, T=0.07K, B=14.0T w=-85.0deg",2025-10-26 04:29:37,2025-10-26 04:30:49,00:01:12,0.1,13.0,14.0,13.0,0.07,14.0,-85.0,/SNS/CNCS/IPTS-37274/nexus/CNCS_667180.nxs.h5
667179,108367,YbZn2GaO5,"YZGO, MAG9, Ei=13meV, T=0.07K, B=14.0T w=-85.5deg",2025-10-26 04:28:21,2025-10-26 04:29:33,00:01:12,0.1,13.0,14.0,13.0,0.07,14.0,-85.5,/SNS/CNCS/IPTS-37274/nexus/CNCS_667179.nxs.h5
667178,108367,YbZn2GaO5,"YZGO, MAG9, Ei=13meV, T=0.07K, B=14.0T w=-86.0deg",2025-10-26 04:27:06,2025-10-26 04:28:17,00:01:11,0.1,13.0,14.0,13.0,0.07,14.0,-86.0,/SNS/CNCS/IPTS-37274/nexus/CNCS_667178.nxs.h5
667177,108367,YbZn2GaO5,"YZGO, MAG9, Ei=13meV, T=0.07K, B=14.0T w=-86.5deg",2025-10-26 04:25:50,2025-10-26 04:27:02,00:01:11,0.1,13.0,14.0,13.0,0.07,14.0,-86.5,/SNS/CNCS/IPTS-37274/nexus/CNCS_667177.nxs.h5
667176,108367,YbZn2GaO5,"YZGO, MAG9, Ei=13meV, T=0.07K, B=14.0T w=-87.0deg",2025-10-26 04:24:34,2025-10-26 04:25:47,00:01:12,0.1,13.0,14.0,13.0,0.07,14.0,-87.0,/SNS/CNCS/IPTS-37274/nexus/CNCS_667176.nxs.h5
667175,108367,YbZn2GaO5,"YZGO, MAG9, Ei=13meV, T=0.07K, B=14.0T w=-87.5deg",2025-10-26 04:23:19,2025-10-26 04:24:31,00:01:12,0.1,13.0,14.0,13.0,0.07,14.0,-87.5,/SNS/CNCS/IPTS-37274/nexus/CNCS_667175.nxs.h5
667174,108367,YbZn2GaO5,"YZGO, MAG9, Ei=13meV, T=0.07K, B=14.0T w=-88.0deg",2025-10-26 04:22:03,2025-10-26 04:23:15,00:01:12,0.1,13.0,14.0,13.0,0.07,14.0,-88.0,/SNS/CNCS/IPTS-37274/nexus/CNCS_667174.nxs.h5
667173,108367,YbZn2GaO5,"YZGO, MAG9, Ei=13meV, T=0.07K, B=14.0T w=-88.5deg",2025-10-26 04:20:47,2025-10-26 04:21:59,00:01:12,0.1,13.0,14.0,13.0,0.07,14.0,-88.5,/SNS/CNCS/IPTS-37274/nexus/CNCS_667173.nxs.h5
667172,108367,YbZn2GaO5,"YZGO, MAG9, Ei=13meV, T=0.07K, B=14.0T w=-89.0deg",2025-10-26 04:19:31,2025-10-26 04:20:43,00:01:12,0.1,13.0,14.0,13.0,0.07,14.0,-89.0,/SNS/CNCS/IPTS-37274/nexus/CNCS_667172.nxs.h5
667171,108367,YbZn2GaO5,"YZGO, MAG9, Ei=13meV, T=0.07K, B=14.0T w=-89.5deg",2025-10-26 04:18:15,2025-10-26 04:19:27,00:01:12,0.1,13.0,14.0,13.0,0.07,14.0,-89.5,/SNS/CNCS/IPTS-37274/nexus/CNCS_667171.nxs.h5
667170,108367,YbZn2GaO5,"YZGO, MAG9, Ei=13meV, T=0.07K, B=14.0T w=-90.0deg",2025-10-26 04:17:00,2025-10-26 04:18:12,00:01:11,0.1,13.0,14.0,13.0,0.07,14.0,-90.0,/SNS/CNCS/IPTS-37274/nexus/CNCS_667170.nxs.h5
667169,108367,YbZn2GaO5,"YZGO, MAG9, Ei=13meV, T=0.07K, B=14.0T w=-90.5deg",2025-10-26 04:15:44,2025-10-26 04:16:56,00:01:12,0.1,13.0,14.0,13.0,0.07,14.0,-90.5,/SNS/CNCS/IPTS-37274/nexus/CNCS_667169.nxs.h5
667168,108367,YbZn2GaO5,"YZGO, MAG9, Ei=13meV, T=0.07K, B=14.0T w=-91.0deg",2025-10-26 04:14:29,2025-10-26 04:15:40,00:01:11,0.1,13.0,14.0,13.0,0.07,14.0,-91.0,/SNS/CNCS/IPTS-37274/nexus/CNCS_667168.nxs.h5
667167,108367,YbZn2GaO5,"YZGO, MAG9, Ei=13meV, T=0.07K, B=14.0T w=-91.5deg",2025-10-26 04:13:13,2025-10-26 04:14:25,00:01:11,0.1,13.0,14.0,13.0,0.07,14.0,-91.5,/SNS/CNCS/IPTS-37274/nexus/CNCS_667167.nxs.h5
667166,108367,YbZn2GaO5,"YZGO, MAG9, Ei=13meV, T=0.07K, B=14.0T w=-92.0deg",2025-10-26 04:11:57,2025-10-26 04:13:10,00:01:12,0.1,13.0,14.0,13.0,0.07,14.0,-92.0,/SNS/CNCS/IPTS-37274/nexus/CNCS_667166.nxs.h5
667165,108367,YbZn2GaO5,"YZGO, MAG9, Ei=13meV, T=0.07K, B=14.0T w=-92.5deg",2025-10-26 04:10:42,2025-10-26 04:11:54,00:01:12,0.1,13.0,14.0,13.0,0.07,14.0,-92.5,/SNS/CNCS/IPTS-37274/nexus/CNCS_667165.nxs.h5
667164,108367,YbZn2GaO5,"YZGO, MAG9, Ei=13meV, T=0.07K, B=14.0T w=-93.0deg",2025-10-26 04:09:26,2025-10-26 04:10:38,00:01:11,0.1,13.0,14.0,13.0,0.07,14.0,-93.0,/SNS/CNCS/IPTS-37274/nexus/CNCS_667164.nxs.h5
667163,108367,YbZn2GaO5,"YZGO, MAG9, Ei=13meV, T=0.07K, B=14.0T w=-93.5deg",2025-10-26 04:08:10,2025-10-26 04:09:23,00:01:12,0.1,13.0,14.0,13.0,0.07,14.0,-93.5,/SNS/CNCS/IPTS-37274/nexus/CNCS_667163.nxs.h5
667162,108367,YbZn2GaO5,"YZGO, MAG9, Ei=13meV, T=0.07K, B=14.0T w=-94.0deg",2025-10-26 04:06:55,2025-10-26 04:08:07,00:01:11,0.1,13.0,14.0,13.0,0.07,14.0,-94.0,/SNS/CNCS/IPTS-37274/nexus/CNCS_667162.nxs.h5
667161,108367,YbZn2GaO5,"YZGO, MAG9, Ei=13meV, T=0.07K, B=14.0T w=-94.5deg",2025-10-26 04:05:39,2025-10-26 04:06:51,00:01:12,0.1,13.0,14.0,13.0,0.07,14.0,-94.5,/SNS/CNCS/IPTS-37274/nexus/CNCS_667161.nxs.h5
667160,108367,YbZn2GaO5,"YZGO, MAG9, Ei=13meV, T=0.07K, B=14.0T w=-95.0deg",2025-10-26 04:04:24,2025-10-26 04:05:36,00:01:11,0.1,13.0,14.0,13.0,0.07,14.0,-95.0,/SNS/CNCS/IPTS-37274/nexus/CNCS_667160.nxs.h5
667159,108367,YbZn2GaO5,"YZGO, MAG9, Ei=13meV, T=0.07K, B=14.0T w=-95.5deg",2025-10-26 04:03:08,2025-10-26 04:04:20,00:01:11,0.1,13.0,14.0,13.0,0.07,14.0,-95.5,/SNS/CNCS/IPTS-37274/nexus/CNCS_667159.nxs.h5
667158,108367,YbZn2GaO5,"YZGO, MAG9, Ei=13meV, T=0.07K, B=14.0T w=-96.0deg",2025-10-26 04:01:53,2025-10-26 04:03:05,00:01:11,0.1,13.0,14.0,13.0,0.07,14.0,-96.0,/SNS/CNCS/IPTS-37274/nexus/CNCS_667158.nxs.h5
667157,108367,YbZn2GaO5,"YZGO, MAG9, Ei=13meV, T=0.07K, B=14.0T w=-96.5deg",2025-10-26 04:00:37,2025-10-26 04:01:49,00:01:12,0.1,13.0,14.0,13.0,0.07,14.0,-96.5,/SNS/CNCS/IPTS-37274/nexus/CNCS_667157.nxs.h5
667156,108367,YbZn2GaO5,"YZGO, MAG9, Ei=13meV, T=0.07K, B=14.0T w=-97.0deg",2025-10-26 03:59:21,2025-10-26 04:00:34,00:01:12,0.1,13.0,14.0,13.0,0.07,14.0,-97.0,/SNS/CNCS/IPTS-37274/nexus/CNCS_667156.nxs.h5
667155,108367,YbZn2GaO5,"YZGO, MAG9, Ei=13meV, T=0.07K, B=14.0T w=-97.5deg",2025-10-26 03:58:05,2025-10-26 03:59:18,00:01:12,0.1,13.0,14.0,13.0,0.07,14.0,-97.5,/SNS/CNCS/IPTS-37274/nexus/CNCS_667155.nxs.h5
667154,108367,YbZn2GaO5,"YZGO, MAG9, Ei=13meV, T=0.07K, B=14.0T w=-98.0deg",2025-10-26 03:56:50,2025-10-26 03:58:02,00:01:12,0.1,13.0,14.0,13.0,0.07,14.0,-98.0,/SNS/CNCS/IPTS-37274/nexus/CNCS_667154.nxs.h5
667153,108367,YbZn2GaO5,"YZGO, MAG9, Ei=13meV, T=0.07K, B=14.0T w=-98.5deg",2025-10-26 03:55:34,2025-10-26 03:56:46,00:01:12,0.1,13.0,14.0,13.0,0.07,14.0,-98.5,/SNS/CNCS/IPTS-37274/nexus/CNCS_667153.nxs.h5
667152,108367,YbZn2GaO5,"YZGO, MAG9, Ei=13meV, T=0.07K, B=14.0T w=-99.0deg",2025-10-26 03:54:18,2025-10-26 03:55:30,00:01:12,0.1,13.0,14.0,13.0,0.07,14.0,-99.0,/SNS/CNCS/IPTS-37274/nexus/CNCS_667152.nxs.h5
667151,108367,YbZn2GaO5,"YZGO, MAG9, Ei=13meV, T=0.07K, B=14.0T w=-99.5deg",2025-10-26 03:53:03,2025-10-26 03:54:14,00:01:11,0.1,13.0,14.0,13.0,0.07,14.0,-99.5,/SNS/CNCS/IPTS-37274/nexus/CNCS_667151.nxs.h5
667150,108367,YbZn2GaO5,"YZGO, MAG9, Ei=13meV, T=0.07K, B=14.0T w=-100.0deg",2025-10-26 03:51:47,2025-10-26 03:52:59,00:01:11,0.1,13.0,14.0,13.0,0.07,14.0,-100.0,/SNS/CNCS/IPTS-37274/nexus/CNCS_667150.nxs.h5
667149,108367,YbZn2GaO5,"YZGO, MAG9, Ei=13meV, T=0.07K, B=14.0T w=-100.5deg",2025-10-26 03:50:31,2025-10-26 03:51:44,00:01:12,0.1,13.0,14.0,13.0,0.07,14.0,-100.5,/SNS/CNCS/IPTS-37274/nexus/CNCS_667149.nxs.h5
667148,108367,YbZn2GaO5,"YZGO, MAG9, Ei=13meV, T=0.07K, B=14.0T w=-101.0deg",2025-10-26 03:49:16,2025-10-26 03:50:28,00:01:12,0.1,13.0,14.0,13.0,0.07,14.0,-101.0,/SNS/CNCS/IPTS-37274/nexus/CNCS_667148.nxs.h5
667147,108367,YbZn2GaO5,"YZGO, MAG9, Ei=13meV, T=0.07K, B=14.0T w=-101.5deg",2025-10-26 03:48:00,2025-10-26 03:49:12,00:01:11,0.1,13.0,14.0,13.0,0.07,14.0,-101.5,/SNS/CNCS/IPTS-37274/nexus/CNCS_667147.nxs.h5
667146,108367,YbZn2GaO5,"YZGO, MAG9, Ei=13meV, T=0.07K, B=14.0T w=-102.0deg",2025-10-26 03:46:45,2025-10-26 03:47:57,00:01:11,0.1,13.0,14.0,13.0,0.07,14.0,-102.0,/SNS/CNCS/IPTS-37274/nexus/CNCS_667146.nxs.h5
667145,108367,YbZn2GaO5,"YZGO, MAG9, Ei=13meV, T=0.07K, B=14.0T w=-102.5deg",2025-10-26 03:45:29,2025-10-26 03:46:41,00:01:12,0.1,13.0,14.0,13.0,0.07,14.0,-102.5,/SNS/CNCS/IPTS-37274/nexus/CNCS_667145.nxs.h5
667144,108367,YbZn2GaO5,"YZGO, MAG9, Ei=13meV, T=0.07K, B=14.0T w=-103.0deg",2025-10-26 03:44:13,2025-10-26 03:45:25,00:01:12,0.1,13.0,14.0,13.0,0.07,14.0,-103.0,/SNS/CNCS/IPTS-37274/nexus/CNCS_667144.nxs.h5
667143,108367,YbZn2GaO5,"YZGO, MAG9, Ei=13meV, T=0.07K, B=14.0T w=-103.5deg",2025-10-26 03:42:57,2025-10-26 03:44:09,00:01:12,0.1,13.0,14.0,13.0,0.07,14.0,-103.5,/SNS/CNCS/IPTS-37274/nexus/CNCS_667143.nxs.h5
667142,108367,YbZn2GaO5,"YZGO, MAG9, Ei=13meV, T=0.07K, B=14.0T w=-104.0deg",2025-10-26 03:41:41,2025-10-26 03:42:54,00:01:12,0.1,13.0,14.0,13.0,0.07,14.0,-104.0,/SNS/CNCS/IPTS-37274/nexus/CNCS_667142.nxs.h5
667141,108367,YbZn2GaO5,"YZGO, MAG9, Ei=13meV, T=0.07K, B=14.0T w=-104.5deg",2025-10-26 03:40:26,2025-10-26 03:41:38,00:01:12,0.1,13.0,14.0,13.0,0.07,14.0,-104.5,/SNS/CNCS/IPTS-37274/nexus/CNCS_667141.nxs.h5
667140,108367,YbZn2GaO5,"YZGO, MAG9, Ei=13meV, T=0.07K, B=14.0T w=-105.0deg",2025-10-26 03:39:10,2025-10-26 03:40:22,00:01:11,0.1,13.0,14.0,13.0,0.07,14.0,-105.0,/SNS/CNCS/IPTS-37274/nexus/CNCS_667140.nxs.h5
667139,108367,YbZn2GaO5,"YZGO, MAG9, Ei=13meV, T=0.07K, B=14.0T w=-105.5deg",2025-10-26 03:37:55,2025-10-26 03:39:07,00:01:11,0.1,13.0,14.0,13.0,0.07,14.0,-105.5,/SNS/CNCS/IPTS-37274/nexus/CNCS_667139.nxs.h5
667138,108367,YbZn2GaO5,"YZGO, MAG9, Ei=13meV, T=0.07K, B=14.0T w=-106.0deg",2025-10-26 03:36:39,2025-10-26 03:37:51,00:01:12,0.1,13.0,14.0,13.0,0.07,14.0,-106.0,/SNS/CNCS/IPTS-37274/nexus/CNCS_667138.nxs.h5
667137,108367,YbZn2GaO5,"YZGO, MAG9, Ei=13meV, T=0.07K, B=14.0T w=-106.5deg",2025-10-26 03:35:23,2025-10-26 03:36:35,00:01:12,0.1,13.0,14.0,13.0,0.07,14.0,-106.5,/SNS/CNCS/IPTS-37274/nexus/CNCS_667137.nxs.h5
667136,108367,YbZn2GaO5,"YZGO, MAG9, Ei=13meV, T=0.07K, B=14.0T w=-107.0deg",2025-10-26 03:34:08,2025-10-26 03:35:20,00:01:11,0.1,13.0,14.0,13.0,0.07,14.0,-107.0,/SNS/CNCS/IPTS-37274/nexus/CNCS_667136.nxs.h5
667135,108367,YbZn2GaO5,"YZGO, MAG9, Ei=13meV, T=0.07K, B=14.0T w=-107.5deg",2025-10-26 03:32:52,2025-10-26 03:34:04,00:01:12,0.1,13.0,14.0,13.0,0.07,14.0,-107.5,/SNS/CNCS/IPTS-37274/nexus/CNCS_667135.nxs.h5
667134,108367,YbZn2GaO5,"YZGO, MAG9, Ei=13meV, T=0.07K, B=14.0T w=-108.0deg",2025-10-26 03:31:36,2025-10-26 03:32:48,00:01:11,0.1,13.0,14.0,13.0,0.07,14.0,-108.0,/SNS/CNCS/IPTS-37274/nexus/CNCS_667134.nxs.h5
667133,108367,YbZn2GaO5,"YZGO, MAG9, Ei=13meV, T=0.07K, B=14.0T w=-108.5deg",2025-10-26 03:30:21,2025-10-26 03:31:33,00:01:11,0.1,13.0,14.0,13.0,0.07,14.0,-108.5,/SNS/CNCS/IPTS-37274/nexus/CNCS_667133.nxs.h5
667132,108367,YbZn2GaO5,"YZGO, MAG9, Ei=13meV, T=0.07K, B=14.0T w=-109.0deg",2025-10-26 03:29:06,2025-10-26 03:30:17,00:01:11,0.1,13.0,14.0,13.0,0.07,14.0,-109.0,/SNS/CNCS/IPTS-37274/nexus/CNCS_667132.nxs.h5
667131,108367,YbZn2GaO5,"YZGO, MAG9, Ei=13meV, T=0.07K, B=14.0T w=-109.5deg",2025-10-26 03:27:50,2025-10-26 03:29:02,00:01:12,0.1,13.0,14.0,13.0,0.07,14.0,-109.5,/SNS/CNCS/IPTS-37274/nexus/CNCS_667131.nxs.h5
667130,108367,YbZn2GaO5,"YZGO, MAG9, Ei=13meV, T=0.07K, B=14.0T w=-110.0deg",2025-10-26 03:26:34,2025-10-26 03:27:46,00:01:12,0.1,13.0,14.0,13.0,0.07,14.0,-110.0,/SNS/CNCS/IPTS-37274/nexus/CNCS_667130.nxs.h5
667129,108367,YbZn2GaO5,"YZGO, MAG9, Ei=13meV, T=0.07K, B=14.0T w=-110.5deg",2025-10-26 03:25:18,2025-10-26 03:26:30,00:01:12,0.1,13.0,14.0,13.0,0.07,14.0,-110.5,/SNS/CNCS/IPTS-37274/nexus/CNCS_667129.nxs.h5
667128,108367,YbZn2GaO5,"YZGO, MAG9, Ei=13meV, T=0.07K, B=14.0T w=-111.0deg",2025-10-26 03:24:02,2025-10-26 03:25:14,00:01:12,0.1,13.0,14.0,13.0,0.07,14.0,-111.0,/SNS/CNCS/IPTS-37274/nexus/CNCS_667128.nxs.h5
667127,108367,YbZn2GaO5,"YZGO, MAG9, Ei=13meV, T=0.07K, B=14.0T w=-111.5deg",2025-10-26 03:22:46,2025-10-26 03:23:58,00:01:12,0.1,13.0,14.0,13.0,0.07,14.0,-111.5,/SNS/CNCS/IPTS-37274/nexus/CNCS_667127.nxs.h5
667126,108367,YbZn2GaO5,"YZGO, MAG9, Ei=13meV, T=0.07K, B=14.0T w=-112.0deg",2025-10-26 03:21:30,2025-10-26 03:22:43,00:01:12,0.1,13.0,14.0,13.0,0.07,14.0,-112.0,/SNS/CNCS/IPTS-37274/nexus/CNCS_667126.nxs.h5
667125,108367,YbZn2GaO5,"YZGO, MAG9, Ei=13meV, T=0.07K, B=14.0T w=-112.5deg",2025-10-26 03:20:14,2025-10-26 03:21:27,00:01:12,0.1,13.0,14.0,13.0,0.07,14.0,-112.5,/SNS/CNCS/IPTS-37274/nexus/CNCS_667125.nxs.h5
667124,108367,YbZn2GaO5,"YZGO, MAG9, Ei=13meV, T=0.07K, B=14.0T w=-113.0deg",2025-10-26 03:18:59,2025-10-26 03:20:11,00:01:12,0.1,13.0,14.0,13.0,0.07,14.0,-113.0,/SNS/CNCS/IPTS-37274/nexus/CNCS_667124.nxs.h5
667123,108367,YbZn2GaO5,"YZGO, MAG9, Ei=13meV, T=0.07K, B=14.0T w=-113.5deg",2025-10-26 03:17:43,2025-10-26 03:18:55,00:01:12,0.1,13.0,14.0,13.0,0.07,14.0,-113.5,/SNS/CNCS/IPTS-37274/nexus/CNCS_667123.nxs.h5
667122,108367,YbZn2GaO5,"YZGO, MAG9, Ei=13meV, T=0.07K, B=14.0T w=-114.0deg",2025-10-26 03:16:27,2025-10-26 03:17:39,00:01:12,0.1,13.0,14.0,13.0,0.07,14.0,-114.0,/SNS/CNCS/IPTS-37274/nexus/CNCS_667122.nxs.h5
667121,108367,YbZn2GaO5,"YZGO, MAG9, Ei=13meV, T=0.07K, B=14.0T w=-114.5deg",2025-10-26 03:15:11,2025-10-26 03:16:23,00:01:12,0.1,13.0,14.0,13.0,0.07,14.0,-114.5,/SNS/CNCS/IPTS-37274/nexus/CNCS_667121.nxs.h5
667120,108367,YbZn2GaO5,"YZGO, MAG9, Ei=13meV, T=0.07K, B=14.0T w=-115.0deg",2025-10-26 03:13:55,2025-10-26 03:15:07,00:01:12,0.1,13.0,14.0,13.0,0.07,14.0,-115.0,/SNS/CNCS/IPTS-37274/nexus/CNCS_667120.nxs.h5
667119,108367,YbZn2GaO5,"YZGO, MAG9, Ei=13meV, T=0.07K, B=14.0T w=-115.5deg",2025-10-26 03:12:05,2025-10-26 03:13:52,00:01:46,0.1,13.0,14.0,13.0,0.07,14.0,-115.5,/SNS/CNCS/IPTS-37274/nexus/CNCS_667119.nxs.h5
667118,108367,YbZn2GaO5,"YZGO, MAG9, Ei=13meV, T=0.07K, B=14.0T w=-116.0deg",2025-10-26 03:10:50,2025-10-26 03:12:02,00:01:12,0.1,13.0,14.0,13.0,0.07,14.0,-116.0,/SNS/CNCS/IPTS-37274/nexus/CNCS_667118.nxs.h5
667117,108367,YbZn2GaO5,"YZGO, MAG9, Ei=13meV, T=0.07K, B=14.0T w=-116.5deg",2025-10-26 03:09:34,2025-10-26 03:10:46,00:01:12,0.1,13.0,14.0,13.0,0.07,14.0,-116.5,/SNS/CNCS/IPTS-37274/nexus/CNCS_667117.nxs.h5
667116,108367,YbZn2GaO5,"YZGO, MAG9, Ei=13meV, T=0.07K, B=14.0T w=-117.0deg",2025-10-26 03:08:18,2025-10-26 03:09:30,00:01:12,0.1,13.0,14.0,13.0,0.07,14.0,-117.0,/SNS/CNCS/IPTS-37274/nexus/CNCS_667116.nxs.h5
667115,108367,YbZn2GaO5,"YZGO, MAG9, Ei=13meV, T=0.07K, B=14.0T w=-117.5deg",2025-10-26 03:07:02,2025-10-26 03:08:15,00:01:12,0.1,13.0,14.0,13.0,0.07,14.0,-117.5,/SNS/CNCS/IPTS-37274/nexus/CNCS_667115.nxs.h5
667114,108367,YbZn2GaO5,"YZGO, MAG9, Ei=13meV, T=0.07K, B=14.0T w=-118.0deg",2025-10-26 03:05:46,2025-10-26 03:06:59,00:01:12,0.1,13.0,14.0,13.0,0.07,14.0,-118.0,/SNS/CNCS/IPTS-37274/nexus/CNCS_667114.nxs.h5
667113,108367,YbZn2GaO5,"YZGO, MAG9, Ei=13meV, T=0.07K, B=14.0T w=-118.5deg",2025-10-26 03:04:31,2025-10-26 03:05:43,00:01:12,0.1,13.0,14.0,13.0,0.07,14.0,-118.5,/SNS/CNCS/IPTS-37274/nexus/CNCS_667113.nxs.h5
667112,108367,YbZn2GaO5,"YZGO, MAG9, Ei=13meV, T=0.07K, B=14.0T w=-119.0deg",2025-10-26 03:03:15,2025-10-26 03:04:27,00:01:12,0.1,13.0,14.0,13.0,0.07,14.0,-119.0,/SNS/CNCS/IPTS-37274/nexus/CNCS_667112.nxs.h5
667111,108367,YbZn2GaO5,"YZGO, MAG9, Ei=13meV, T=0.07K, B=14.0T w=-119.5deg",2025-10-26 03:01:59,2025-10-26 03:03:11,00:01:12,0.1,13.0,14.0,13.0,0.07,14.0,-119.5,/SNS/CNCS/IPTS-37274/nexus/CNCS_667111.nxs.h5
667110,108367,YbZn2GaO5,"YZGO, MAG9, Ei=13meV, T=0.07K, B=14.0T w=-120.0deg",2025-10-26 03:00:43,2025-10-26 03:01:55,00:01:12,0.1,13.0,14.0,13.0,0.07,14.0,-120.0,/SNS/CNCS/IPTS-37274/nexus/CNCS_667110.nxs.h5
667109,108367,YbZn2GaO5,"YZGO, MAG9, Ei=13meV, T=0.07K, B=14.0T w=-120.5deg",2025-10-26 02:59:28,2025-10-26 03:00:40,00:01:12,0.1,13.0,14.0,13.0,0.07,14.0,-120.5,/SNS/CNCS/IPTS-37274/nexus/CNCS_667109.nxs.h5
667108,108367,YbZn2GaO5,"YZGO, MAG9, Ei=13meV, T=0.07K, B=14.0T w=-121.0deg",2025-10-26 02:58:12,2025-10-26 02:59:24,00:01:12,0.1,13.0,14.0,13.0,0.07,14.0,-121.0,/SNS/CNCS/IPTS-37274/nexus/CNCS_667108.nxs.h5
667107,108367,YbZn2GaO5,"YZGO, MAG9, Ei=13meV, T=0.07K, B=14.0T w=-121.5deg",2025-10-26 02:56:56,2025-10-26 02:58:08,00:01:12,0.1,13.0,14.0,13.0,0.07,14.0,-121.5,/SNS/CNCS/IPTS-37274/nexus/CNCS_667107.nxs.h5
667106,108367,YbZn2GaO5,"YZGO, MAG9, Ei=13meV, T=0.07K, B=14.0T w=-122.0deg",2025-10-26 02:55:40,2025-10-26 02:56:52,00:01:12,0.1,13.0,14.0,13.0,0.07,14.0,-122.0,/SNS/CNCS/IPTS-37274/nexus/CNCS_667106.nxs.h5
667105,108367,YbZn2GaO5,"YZGO, MAG9, Ei=13meV, T=0.07K, B=14.0T w=-122.5deg",2025-10-26 02:54:25,2025-10-26 02:55:36,00:01:11,0.1,13.0,14.0,13.0,0.07,14.0,-122.5,/SNS/CNCS/IPTS-37274/nexus/CNCS_667105.nxs.h5
667104,108367,YbZn2GaO5,"YZGO, MAG9, Ei=13meV, T=0.07K, B=14.0T w=-123.0deg",2025-10-26 02:53:09,2025-10-26 02:54:21,00:01:12,0.1,13.0,14.0,13.0,0.07,14.0,-123.0,/SNS/CNCS/IPTS-37274/nexus/CNCS_667104.nxs.h5
667103,108367,YbZn2GaO5,"YZGO, MAG9, Ei=13meV, T=0.07K, B=14.0T w=-123.5deg",2025-10-26 02:51:53,2025-10-26 02:53:05,00:01:12,0.1,13.0,14.0,13.0,0.07,14.0,-123.5,/SNS/CNCS/IPTS-37274/nexus/CNCS_667103.nxs.h5
667102,108367,YbZn2GaO5,"YZGO, MAG9, Ei=13meV, T=0.07K, B=14.0T w=-124.0deg",2025-10-26 02:50:37,2025-10-26 02:51:49,00:01:12,0.1,13.0,14.0,13.0,0.07,14.0,-124.0,/SNS/CNCS/IPTS-37274/nexus/CNCS_667102.nxs.h5
667101,108367,YbZn2GaO5,"YZGO, MAG9, Ei=13meV, T=0.07K, B=14.0T w=-124.5deg",2025-10-26 02:49:21,2025-10-26 02:50:33,00:01:12,0.1,13.0,14.0,13.0,0.07,14.0,-124.5,/SNS/CNCS/IPTS-37274/nexus/CNCS_667101.nxs.h5
667100,108367,YbZn2GaO5,"YZGO, MAG9, Ei=13meV, T=0.07K, B=14.0T w=-125.0deg",2025-10-26 02:48:06,2025-10-26 02:49:18,00:01:12,0.1,13.0,14.0,13.0,0.07,14.0,-125.0,/SNS/CNCS/IPTS-37274/nexus/CNCS_667100.nxs.h5
667099,108367,YbZn2GaO5,"YZGO, MAG9, Ei=13meV, T=0.07K, B=14.0T w=-125.5deg",2025-10-26 02:46:50,2025-10-26 02:48:02,00:01:11,0.1,13.0,14.0,13.0,0.07,14.0,-125.5,/SNS/CNCS/IPTS-37274/nexus/CNCS_667099.nxs.h5
667098,108367,YbZn2GaO5,"YZGO, MAG9, Ei=13meV, T=0.07K, B=14.0T w=-126.0deg",2025-10-26 02:45:34,2025-10-26 02:46:47,00:01:12,0.1,13.0,14.0,13.0,0.07,14.0,-126.0,/SNS/CNCS/IPTS-37274/nexus/CNCS_667098.nxs.h5
667097,108367,YbZn2GaO5,"YZGO, MAG9, Ei=13meV, T=0.07K, B=14.0T w=-126.5deg",2025-10-26 02:44:18,2025-10-26 02:45:31,00:01:12,0.1,13.0,14.0,13.0,0.07,14.0,-126.5,/SNS/CNCS/IPTS-37274/nexus/CNCS_667097.nxs.h5
667096,108367,YbZn2GaO5,"YZGO, MAG9, Ei=13meV, T=0.07K, B=14.0T w=-127.0deg",2025-10-26 02:43:03,2025-10-26 02:44:15,00:01:12,0.1,13.0,14.0,13.0,0.07,14.0,-127.0,/SNS/CNCS/IPTS-37274/nexus/CNCS_667096.nxs.h5
667095,108367,YbZn2GaO5,"YZGO, MAG9, Ei=13meV, T=0.07K, B=14.0T w=-127.5deg",2025-10-26 02:41:47,2025-10-26 02:42:59,00:01:12,0.1,13.0,14.0,13.0,0.07,14.0,-127.5,/SNS/CNCS/IPTS-37274/nexus/CNCS_667095.nxs.h5
667094,108367,YbZn2GaO5,"YZGO, MAG9, Ei=13meV, T=0.07K, B=14.0T w=-128.0deg",2025-10-26 02:40:31,2025-10-26 02:41:43,00:01:12,0.1,13.0,14.0,13.0,0.07,14.0,-128.0,/SNS/CNCS/IPTS-37274/nexus/CNCS_667094.nxs.h5
667093,108367,YbZn2GaO5,"YZGO, MAG9, Ei=13meV, T=0.07K, B=14.0T w=-128.5deg",2025-10-26 02:39:15,2025-10-26 02:40:27,00:01:11,0.1,13.0,14.0,13.0,0.07,14.0,-128.5,/SNS/CNCS/IPTS-37274/nexus/CNCS_667093.nxs.h5
667092,108367,YbZn2GaO5,"YZGO, MAG9, Ei=13meV, T=0.07K, B=14.0T w=-129.0deg",2025-10-26 02:38:00,2025-10-26 02:39:12,00:01:12,0.1,13.0,14.0,13.0,0.07,14.0,-129.0,/SNS/CNCS/IPTS-37274/nexus/CNCS_667092.nxs.h5
667091,108367,YbZn2GaO5,"YZGO, MAG9, Ei=13meV, T=0.07K, B=14.0T w=-129.5deg",2025-10-26 02:36:44,2025-10-26 02:37:56,00:01:12,0.1,13.0,14.0,13.0,0.07,14.0,-129.5,/SNS/CNCS/IPTS-37274/nexus/CNCS_667091.nxs.h5
667090,108367,YbZn2GaO5,"YZGO, MAG9, Ei=13meV, T=0.07K, B=14.0T w=-130.0deg",2025-10-26 02:35:28,2025-10-26 02:36:40,00:01:12,0.1,13.0,14.0,13.0,0.07,14.0,-130.0,/SNS/CNCS/IPTS-37274/nexus/CNCS_667090.nxs.h5
667089,108367,YbZn2GaO5,"YZGO, MAG9, Ei=13meV, T=0.07K, B=14.0T w=-130.5deg",2025-10-26 02:34:13,2025-10-26 02:35:25,00:01:12,0.1,13.0,14.0,13.0,0.07,14.0,-130.5,/SNS/CNCS/IPTS-37274/nexus/CNCS_667089.nxs.h5
667088,108367,YbZn2GaO5,"YZGO, MAG9, Ei=13meV, T=0.07K, B=14.0T w=-131.0deg",2025-10-26 02:32:57,2025-10-26 02:34:09,00:01:12,0.1,13.0,14.0,13.0,0.07,14.0,-131.0,/SNS/CNCS/IPTS-37274/nexus/CNCS_667088.nxs.h5
667087,108367,YbZn2GaO5,"YZGO, MAG9, Ei=13meV, T=0.07K, B=14.0T w=-131.5deg",2025-10-26 02:31:41,2025-10-26 02:32:53,00:01:11,0.1,13.0,14.0,13.0,0.07,14.0,-131.5,/SNS/CNCS/IPTS-37274/nexus/CNCS_667087.nxs.h5
667086,108367,YbZn2GaO5,"YZGO, MAG9, Ei=13meV, T=0.07K, B=14.0T w=-132.0deg",2025-10-26 02:30:25,2025-10-26 02:31:38,00:01:12,0.1,13.0,14.0,13.0,0.07,14.0,-132.0,/SNS/CNCS/IPTS-37274/nexus/CNCS_667086.nxs.h5
667085,108367,YbZn2GaO5,"YZGO, MAG9, Ei=13meV, T=0.07K, B=14.0T w=-132.5deg",2025-10-26 02:29:10,2025-10-26 02:30:22,00:01:12,0.1,13.0,14.0,13.0,0.07,14.0,-132.5,/SNS/CNCS/IPTS-37274/nexus/CNCS_667085.nxs.h5
667084,108367,YbZn2GaO5,"YZGO, MAG9, Ei=13meV, T=0.07K, B=14.0T w=-133.0deg",2025-10-26 02:27:54,2025-10-26 02:29:06,00:01:12,0.1,13.0,14.0,13.0,0.07,14.0,-133.0,/SNS/CNCS/IPTS-37274/nexus/CNCS_667084.nxs.h5
667083,108367,YbZn2GaO5,"YZGO, MAG9, Ei=13meV, T=0.07K, B=14.0T w=-133.5deg",2025-10-26 02:26:38,2025-10-26 02:27:50,00:01:12,0.1,13.0,14.0,13.0,0.07,14.0,-133.5,/SNS/CNCS/IPTS-37274/nexus/CNCS_667083.nxs.h5
667082,108367,YbZn2GaO5,"YZGO, MAG9, Ei=13meV, T=0.07K, B=14.0T w=-134.0deg",2025-10-26 02:25:23,2025-10-26 02:26:35,00:01:11,0.1,13.0,14.0,13.0,0.07,14.0,-134.0,/SNS/CNCS/IPTS-37274/nexus/CNCS_667082.nxs.h5
667081,108367,YbZn2GaO5,"YZGO, MAG9, Ei=13meV, T=0.07K, B=14.0T w=-134.5deg",2025-10-26 02:24:07,2025-10-26 02:25:19,00:01:12,0.1,13.0,14.0,13.0,0.07,14.0,-134.5,/SNS/CNCS/IPTS-37274/nexus/CNCS_667081.nxs.h5
667080,108367,YbZn2GaO5,"YZGO, MAG9, Ei=13meV, T=0.07K, B=14.0T w=-135.0deg",2025-10-26 02:22:52,2025-10-26 02:24:04,00:01:11,0.1,13.0,14.0,13.0,0.07,14.0,-135.0,/SNS/CNCS/IPTS-37274/nexus/CNCS_667080.nxs.h5
667079,108367,YbZn2GaO5,"YZGO, MAG9, Ei=13meV, T=0.07K, B=14.0T w=-135.5deg",2025-10-26 02:21:36,2025-10-26 02:22:48,00:01:12,0.1,13.0,14.0,13.0,0.07,14.0,-135.5,/SNS/CNCS/IPTS-37274/nexus/CNCS_667079.nxs.h5
667078,108367,YbZn2GaO5,"YZGO, MAG9, Ei=13meV, T=0.07K, B=14.0T w=-136.0deg",2025-10-26 02:20:21,2025-10-26 02:21:33,00:01:11,0.1,13.0,14.0,13.0,0.07,14.0,-136.0,/SNS/CNCS/IPTS-37274/nexus/CNCS_667078.nxs.h5
667077,108367,YbZn2GaO5,"YZGO, MAG9, Ei=13meV, T=0.07K, B=14.0T w=-136.5deg",2025-10-26 02:19:05,2025-10-26 02:20:17,00:01:12,0.1,13.0,14.0,13.0,0.07,14.0,-136.5,/SNS/CNCS/IPTS-37274/nexus/CNCS_667077.nxs.h5
667076,108367,YbZn2GaO5,"YZGO, MAG9, Ei=13meV, T=0.07K, B=14.0T w=-137.0deg",2025-10-26 02:17:49,2025-10-26 02:19:02,00:01:12,0.1,13.0,14.0,13.0,0.07,14.0,-137.0,/SNS/CNCS/IPTS-37274/nexus/CNCS_667076.nxs.h5
667075,108367,YbZn2GaO5,"YZGO, MAG9, Ei=13meV, T=0.07K, B=14.0T w=-137.5deg",2025-10-26 02:16:34,2025-10-26 02:17:46,00:01:12,0.1,13.0,14.0,13.0,0.07,14.0,-137.5,/SNS/CNCS/IPTS-37274/nexus/CNCS_667075.nxs.h5
667074,108367,YbZn2GaO5,"YZGO, MAG9, Ei=13meV, T=0.07K, B=14.0T w=-138.0deg",2025-10-26 02:15:18,2025-10-26 02:16:30,00:01:12,0.1,13.0,14.0,13.0,0.07,14.0,-138.0,/SNS/CNCS/IPTS-37274/nexus/CNCS_667074.nxs.h5
667073,108367,YbZn2GaO5,"YZGO, MAG9, Ei=13meV, T=0.07K, B=14.0T w=-138.5deg",2025-10-26 02:14:02,2025-10-26 02:15:14,00:01:12,0.1,13.0,14.0,13.0,0.07,14.0,-138.5,/SNS/CNCS/IPTS-37274/nexus/CNCS_667073.nxs.h5
667072,108367,YbZn2GaO5,"YZGO, MAG9, Ei=13meV, T=0.07K, B=14.0T w=-139.0deg",2025-10-26 02:12:46,2025-10-26 02:13:59,00:01:12,0.1,13.0,14.0,13.0,0.07,14.0,-139.0,/SNS/CNCS/IPTS-37274/nexus/CNCS_667072.nxs.h5
667071,108367,YbZn2GaO5,"YZGO, MAG9, Ei=13meV, T=0.07K, B=14.0T w=-139.5deg",2025-10-26 02:11:30,2025-10-26 02:12:43,00:01:12,0.1,13.0,14.0,13.0,0.07,14.0,-139.5,/SNS/CNCS/IPTS-37274/nexus/CNCS_667071.nxs.h5
667070,108367,YbZn2GaO5,"YZGO, MAG9, Ei=13meV, T=0.07K, B=14.0T w=-140.0deg",2025-10-26 02:10:14,2025-10-26 02:11:26,00:01:12,0.1,13.0,14.0,13.0,0.07,14.0,-140.0,/SNS/CNCS/IPTS-37274/nexus/CNCS_667070.nxs.h5
667069,108367,YbZn2GaO5,"YZGO, MAG9, Ei=13meV, T=0.07K, B=14.0T w=-140.5deg",2025-10-26 02:08:57,2025-10-26 02:10:11,00:01:13,0.1,13.0,14.0,13.0,0.07,14.0,-140.5,/SNS/CNCS/IPTS-37274/nexus/CNCS_667069.nxs.h5
667068,108367,YbZn2GaO5,"YZGO, MAG9, Ei=13meV, T=0.07K, B=14.0T w=-141.0deg",2025-10-26 02:07:42,2025-10-26 02:08:54,00:01:12,0.1,13.0,14.0,13.0,0.07,14.0,-141.0,/SNS/CNCS/IPTS-37274/nexus/CNCS_667068.nxs.h5
667067,108367,YbZn2GaO5,"YZGO, MAG9, Ei=13meV, T=0.07K, B=14.0T w=-141.5deg",2025-10-26 02:06:26,2025-10-26 02:07:38,00:01:12,0.1,13.0,14.0,13.0,0.07,14.0,-141.5,/SNS/CNCS/IPTS-37274/nexus/CNCS_667067.nxs.h5
667066,108367,YbZn2GaO5,"YZGO, MAG9, Ei=13meV, T=0.07K, B=14.0T w=-142.0deg",2025-10-26 02:05:10,2025-10-26 02:06:22,00:01:12,0.1,13.0,14.0,13.0,0.07,14.0,-142.0,/SNS/CNCS/IPTS-37274/nexus/CNCS_667066.nxs.h5
667065,108367,YbZn2GaO5,"YZGO, MAG9, Ei=13meV, T=0.07K, B=14.0T w=-142.5deg",2025-10-26 02:03:55,2025-10-26 02:05:06,00:01:11,0.1,13.0,14.0,13.0,0.07,14.0,-142.5,/SNS/CNCS/IPTS-37274/nexus/CNCS_667065.nxs.h5
667064,108367,YbZn2GaO5,"YZGO, MAG9, Ei=13meV, T=0.07K, B=14.0T w=-143.0deg",2025-10-26 02:02:39,2025-10-26 02:03:51,00:01:12,0.1,13.0,14.0,13.0,0.07,14.0,-143.0,/SNS/CNCS/IPTS-37274/nexus/CNCS_667064.nxs.h5
667063,108367,YbZn2GaO5,"YZGO, MAG9, Ei=13meV, T=0.07K, B=14.0T w=-143.5deg",2025-10-26 02:01:23,2025-10-26 02:02:35,00:01:12,0.1,13.0,14.0,13.0,0.07,14.0,-143.5,/SNS/CNCS/IPTS-37274/nexus/CNCS_667063.nxs.h5
667062,108367,YbZn2GaO5,"YZGO, MAG9, Ei=13meV, T=0.07K, B=14.0T w=-144.0deg",2025-10-26 01:59:39,2025-10-26 02:01:20,00:01:41,0.1,13.0,14.0,13.0,0.07,14.0,-144.0,/SNS/CNCS/IPTS-37274/nexus/CNCS_667062.nxs.h5
667061,108367,YbZn2GaO5,"YZGO, MAG9, Ei=13meV, T=0.07K, B=14.0T w=-144.5deg",2025-10-26 01:58:23,2025-10-26 01:59:35,00:01:11,0.1,13.0,14.0,13.0,0.07,14.0,-144.5,/SNS/CNCS/IPTS-37274/nexus/CNCS_667061.nxs.h5
667060,108367,YbZn2GaO5,"YZGO, MAG9, Ei=13meV, T=0.07K, B=14.0T w=-145.0deg",2025-10-26 01:57:08,2025-10-26 01:58:20,00:01:11,0.1,13.0,14.0,13.0,0.07,14.0,-145.0,/SNS/CNCS/IPTS-37274/nexus/CNCS_667060.nxs.h5
667059,108367,YbZn2GaO5,"YZGO, MAG9, Ei=13meV, T=0.07K, B=14.0T w=-145.5deg",2025-10-26 01:55:52,2025-10-26 01:57:04,00:01:12,0.1,13.0,14.0,13.0,0.07,14.0,-145.5,/SNS/CNCS/IPTS-37274/nexus/CNCS_667059.nxs.h5
667058,108367,YbZn2GaO5,"YZGO, MAG9, Ei=13meV, T=0.07K, B=14.0T w=-146.0deg",2025-10-26 01:54:37,2025-10-26 01:55:49,00:01:12,0.1,13.0,14.0,13.0,0.07,14.0,-146.0,/SNS/CNCS/IPTS-37274/nexus/CNCS_667058.nxs.h5
667057,108367,YbZn2GaO5,"YZGO, MAG9, Ei=13meV, T=0.07K, B=14.0T w=-146.5deg",2025-10-26 01:53:22,2025-10-26 01:54:33,00:01:11,0.1,13.0,14.0,13.0,0.07,14.0,-146.5,/SNS/CNCS/IPTS-37274/nexus/CNCS_667057.nxs.h5
667056,108367,YbZn2GaO5,"YZGO, MAG9, Ei=13meV, T=0.07K, B=14.0T w=-147.0deg",2025-10-26 01:52:06,2025-10-26 01:53:18,00:01:12,0.1,13.0,14.0,13.0,0.07,14.0,-147.0,/SNS/CNCS/IPTS-37274/nexus/CNCS_667056.nxs.h5
667055,108367,YbZn2GaO5,"YZGO, MAG9, Ei=13meV, T=0.07K, B=14.0T w=-147.5deg",2025-10-26 01:50:51,2025-10-26 01:52:02,00:01:11,0.1,13.0,14.0,13.0,0.07,14.0,-147.5,/SNS/CNCS/IPTS-37274/nexus/CNCS_667055.nxs.h5
667054,108367,YbZn2GaO5,"YZGO, MAG9, Ei=13meV, T=0.07K, B=14.0T w=-148.0deg",2025-10-26 01:49:35,2025-10-26 01:50:47,00:01:11,0.1,13.0,14.0,13.0,0.07,14.0,-148.0,/SNS/CNCS/IPTS-37274/nexus/CNCS_667054.nxs.h5
667053,108367,YbZn2GaO5,"YZGO, MAG9, Ei=13meV, T=0.07K, B=14.0T w=-148.5deg",2025-10-26 01:48:20,2025-10-26 01:49:32,00:01:11,0.1,13.0,14.0,13.0,0.07,14.0,-148.5,/SNS/CNCS/IPTS-37274/nexus/CNCS_667053.nxs.h5
667052,108367,YbZn2GaO5,"YZGO, MAG9, Ei=13meV, T=0.07K, B=14.0T w=-149.0deg",2025-10-26 01:47:05,2025-10-26 01:48:16,00:01:11,0.1,13.0,14.0,13.0,0.07,14.0,-149.0,/SNS/CNCS/IPTS-37274/nexus/CNCS_667052.nxs.h5
667051,108367,YbZn2GaO5,"YZGO, MAG9, Ei=13meV, T=0.07K, B=14.0T w=-149.5deg",2025-10-26 01:45:49,2025-10-26 01:47:01,00:01:11,0.1,13.0,14.0,13.0,0.07,14.0,-149.5,/SNS/CNCS/IPTS-37274/nexus/CNCS_667051.nxs.h5
667050,108367,YbZn2GaO5,"YZGO, MAG9, Ei=13meV, T=0.07K, B=14.0T w=-150.0deg",2025-10-26 01:44:34,2025-10-26 01:45:46,00:01:11,0.1,13.0,14.0,13.0,0.07,14.0,-150.0,/SNS/CNCS/IPTS-37274/nexus/CNCS_667050.nxs.h5
667049,108367,YbZn2GaO5,"YZGO, MAG9, Ei=13meV, T=0.07K, B=14.0T w=-150.5deg",2025-10-26 01:43:18,2025-10-26 01:44:31,00:01:12,0.1,13.0,14.0,13.0,0.07,14.0,-150.5,/SNS/CNCS/IPTS-37274/nexus/CNCS_667049.nxs.h5
667048,108367,YbZn2GaO5,"YZGO, MAG9, Ei=13meV, T=0.07K, B=14.0T w=-151.0deg",2025-10-26 01:42:03,2025-10-26 01:43:15,00:01:11,0.1,13.0,14.0,13.0,0.07,14.0,-151.0,/SNS/CNCS/IPTS-37274/nexus/CNCS_667048.nxs.h5
667047,108367,YbZn2GaO5,"YZGO, MAG9, Ei=13meV, T=0.07K, B=14.0T w=-151.5deg",2025-10-26 01:40:48,2025-10-26 01:42:00,00:01:11,0.1,13.0,14.0,13.0,0.07,14.0,-151.5,/SNS/CNCS/IPTS-37274/nexus/CNCS_667047.nxs.h5
667046,108367,YbZn2GaO5,"YZGO, MAG9, Ei=13meV, T=0.07K, B=14.0T w=-152.0deg",2025-10-26 01:39:32,2025-10-26 01:40:44,00:01:11,0.1,13.0,14.0,13.0,0.07,14.0,-152.0,/SNS/CNCS/IPTS-37274/nexus/CNCS_667046.nxs.h5
667045,108367,YbZn2GaO5,"YZGO, MAG9, Ei=13meV, T=0.07K, B=14.0T w=-152.5deg",2025-10-26 01:38:17,2025-10-26 01:39:29,00:01:12,0.1,13.0,14.0,13.0,0.07,14.0,-152.5,/SNS/CNCS/IPTS-37274/nexus/CNCS_667045.nxs.h5
667044,108367,YbZn2GaO5,"YZGO, MAG9, Ei=13meV, T=0.07K, B=14.0T w=-153.0deg",2025-10-26 01:37:02,2025-10-26 01:38:13,00:01:11,0.1,13.0,14.0,13.0,0.07,14.0,-153.0,/SNS/CNCS/IPTS-37274/nexus/CNCS_667044.nxs.h5
667043,108367,YbZn2GaO5,"YZGO, MAG9, Ei=13meV, T=0.07K, B=14.0T w=-153.5deg",2025-10-26 01:35:46,2025-10-26 01:36:58,00:01:11,0.1,13.0,14.0,13.0,0.07,14.0,-153.5,/SNS/CNCS/IPTS-37274/nexus/CNCS_667043.nxs.h5
667042,108367,YbZn2GaO5,"YZGO, MAG9, Ei=13meV, T=0.07K, B=14.0T w=-154.0deg",2025-10-26 01:34:31,2025-10-26 01:35:42,00:01:11,0.1,13.0,14.0,13.0,0.07,14.0,-154.0,/SNS/CNCS/IPTS-37274/nexus/CNCS_667042.nxs.h5
667041,108367,YbZn2GaO5,"YZGO, MAG9, Ei=13meV, T=0.07K, B=14.0T w=-154.5deg",2025-10-26 01:33:15,2025-10-26 01:34:27,00:01:11,0.1,13.0,14.0,13.0,0.07,14.0,-154.5,/SNS/CNCS/IPTS-37274/nexus/CNCS_667041.nxs.h5
667040,108367,YbZn2GaO5,"YZGO, MAG9, Ei=13meV, T=0.07K, B=14.0T w=-155.0deg",2025-10-26 01:32:00,2025-10-26 01:33:12,00:01:11,0.1,13.0,14.0,13.0,0.07,14.0,-155.0,/SNS/CNCS/IPTS-37274/nexus/CNCS_667040.nxs.h5
667039,108367,YbZn2GaO5,"YZGO, MAG9, Ei=13meV, T=0.07K, B=14.0T w=-155.5deg",2025-10-26 01:30:45,2025-10-26 01:31:56,00:01:11,0.1,13.0,14.0,13.0,0.07,14.0,-155.5,/SNS/CNCS/IPTS-37274/nexus/CNCS_667039.nxs.h5
667038,108367,YbZn2GaO5,"YZGO, MAG9, Ei=13meV, T=0.07K, B=14.0T w=-156.0deg",2025-10-26 01:29:30,2025-10-26 01:30:41,00:01:11,0.1,13.0,14.0,13.0,0.07,14.0,-156.0,/SNS/CNCS/IPTS-37274/nexus/CNCS_667038.nxs.h5
667037,108367,YbZn2GaO5,"YZGO, MAG9, Ei=13meV, T=0.07K, B=14.0T w=-156.5deg",2025-10-26 01:28:14,2025-10-26 01:29:26,00:01:11,0.1,13.0,14.0,13.0,0.07,14.0,-156.5,/SNS/CNCS/IPTS-37274/nexus/CNCS_667037.nxs.h5
667036,108367,YbZn2GaO5,"YZGO, MAG9, Ei=13meV, T=0.07K, B=14.0T w=-157.0deg",2025-10-26 01:26:59,2025-10-26 01:28:10,00:01:11,0.1,13.0,14.0,13.0,0.07,14.0,-157.0,/SNS/CNCS/IPTS-37274/nexus/CNCS_667036.nxs.h5
667035,108367,YbZn2GaO5,"YZGO, MAG9, Ei=13meV, T=0.07K, B=14.0T w=-157.5deg",2025-10-26 01:25:43,2025-10-26 01:26:55,00:01:12,0.1,13.0,14.0,13.0,0.07,14.0,-157.5,/SNS/CNCS/IPTS-37274/nexus/CNCS_667035.nxs.h5
667034,108367,YbZn2GaO5,"YZGO, MAG9, Ei=13meV, T=0.07K, B=14.0T w=-158.0deg",2025-10-26 01:24:28,2025-10-26 01:25:40,00:01:11,0.1,13.0,14.0,13.0,0.07,14.0,-158.0,/SNS/CNCS/IPTS-37274/nexus/CNCS_667034.nxs.h5
667033,108367,YbZn2GaO5,"YZGO, MAG9, Ei=13meV, T=0.07K, B=14.0T w=-158.5deg",2025-10-26 01:23:12,2025-10-26 01:24:24,00:01:11,0.1,13.0,14.0,13.0,0.07,14.0,-158.5,/SNS/CNCS/IPTS-37274/nexus/CNCS_667033.nxs.h5
667032,108367,YbZn2GaO5,"YZGO, MAG9, Ei=13meV, T=0.07K, B=14.0T w=-159.0deg",2025-10-26 01:21:57,2025-10-26 01:23:09,00:01:12,0.1,13.0,14.0,13.0,0.07,14.0,-159.0,/SNS/CNCS/IPTS-37274/nexus/CNCS_667032.nxs.h5
667031,108367,YbZn2GaO5,"YZGO, MAG9, Ei=13meV, T=0.07K, B=14.0T w=-159.5deg",2025-10-26 01:20:41,2025-10-26 01:21:53,00:01:12,0.1,13.0,14.0,13.0,0.07,14.0,-159.5,/SNS/CNCS/IPTS-37274/nexus/CNCS_667031.nxs.h5
667030,108367,YbZn2GaO5,"YZGO, MAG9, Ei=13meV, T=0.07K, B=14.0T w=-160.0deg",2025-10-26 01:19:26,2025-10-26 01:20:37,00:01:11,0.1,13.0,14.0,13.0,0.07,14.0,-160.0,/SNS/CNCS/IPTS-37274/nexus/CNCS_667030.nxs.h5
667029,108367,YbZn2GaO5,"YZGO, MAG9, Ei=13meV, T=0.07K, B=14.0T w=-160.5deg",2025-10-26 01:18:10,2025-10-26 01:19:22,00:01:12,0.1,13.0,14.0,13.0,0.07,14.0,-160.5,/SNS/CNCS/IPTS-37274/nexus/CNCS_667029.nxs.h5
667028,108367,YbZn2GaO5,"YZGO, MAG9, Ei=13meV, T=0.07K, B=14.0T w=-161.0deg",2025-10-26 01:16:54,2025-10-26 01:18:06,00:01:12,0.1,13.0,14.0,13.0,0.07,14.0,-161.0,/SNS/CNCS/IPTS-37274/nexus/CNCS_667028.nxs.h5
667027,108367,YbZn2GaO5,"YZGO, MAG9, Ei=13meV, T=0.07K, B=14.0T w=-161.5deg",2025-10-26 01:15:39,2025-10-26 01:16:51,00:01:12,0.1,13.0,14.0,13.0,0.07,14.0,-161.5,/SNS/CNCS/IPTS-37274/nexus/CNCS_667027.nxs.h5
667026,108367,YbZn2GaO5,"YZGO, MAG9, Ei=13meV, T=0.07K, B=14.0T w=-162.0deg",2025-10-26 01:14:23,2025-10-26 01:15:35,00:01:11,0.1,13.0,14.0,13.0,0.07,14.0,-162.0,/SNS/CNCS/IPTS-37274/nexus/CNCS_667026.nxs.h5
667025,108367,YbZn2GaO5,"YZGO, MAG9, Ei=13meV, T=0.07K, B=14.0T w=-162.5deg",2025-10-26 01:13:08,2025-10-26 01:14:20,00:01:11,0.1,13.0,14.0,13.0,0.07,14.0,-162.5,/SNS/CNCS/IPTS-37274/nexus/CNCS_667025.nxs.h5
667024,108367,YbZn2GaO5,"YZGO, MAG9, Ei=13meV, T=0.07K, B=14.0T w=-163.0deg",2025-10-26 01:11:53,2025-10-26 01:13:04,00:01:11,0.1,13.0,14.0,13.0,0.07,14.0,-163.0,/SNS/CNCS/IPTS-37274/nexus/CNCS_667024.nxs.h5
667023,108367,YbZn2GaO5,"YZGO, MAG9, Ei=13meV, T=0.07K, B=14.0T w=-163.5deg",2025-10-26 01:10:37,2025-10-26 01:11:49,00:01:12,0.1,13.0,14.0,13.0,0.07,14.0,-163.5,/SNS/CNCS/IPTS-37274/nexus/CNCS_667023.nxs.h5
667022,108367,YbZn2GaO5,"YZGO, MAG9, Ei=13meV, T=0.07K, B=14.0T w=-164.0deg",2025-10-26 01:09:20,2025-10-26 01:10:33,00:01:13,0.1,13.0,14.0,13.0,0.07,14.0,-164.0,/SNS/CNCS/IPTS-37274/nexus/CNCS_667022.nxs.h5
667021,108367,YbZn2GaO5,"YZGO, MAG9, Ei=13meV, T=0.07K, B=14.0T w=-164.5deg",2025-10-26 01:08:04,2025-10-26 01:09:17,00:01:12,0.1,13.0,14.0,13.0,0.07,14.0,-164.5,/SNS/CNCS/IPTS-37274/nexus/CNCS_667021.nxs.h5
667020,108367,YbZn2GaO5,"YZGO, MAG9, Ei=13meV, T=0.07K, B=14.0T w=-165.0deg",2025-10-26 01:06:49,2025-10-26 01:08:01,00:01:11,0.1,13.0,14.0,13.0,0.07,14.0,-165.0,/SNS/CNCS/IPTS-37274/nexus/CNCS_667020.nxs.h5
667019,108367,YbZn2GaO5,"YZGO, MAG9, Ei=13meV, T=0.07K, B=14.0T w=-165.5deg",2025-10-26 01:05:32,2025-10-26 01:06:46,00:01:13,0.1,13.0,14.0,13.0,0.07,14.0,-165.5,/SNS/CNCS/IPTS-37274/nexus/CNCS_667019.nxs.h5
667018,108367,YbZn2GaO5,"YZGO, MAG9, Ei=13meV, T=0.07K, B=14.0T w=-166.0deg",2025-10-26 01:04:17,2025-10-26 01:05:28,00:01:11,0.1,13.0,14.0,13.0,0.07,14.0,-166.0,/SNS/CNCS/IPTS-37274/nexus/CNCS_667018.nxs.h5
667017,108367,YbZn2GaO5,"YZGO, MAG9, Ei=13meV, T=0.07K, B=14.0T w=-166.5deg",2025-10-26 01:03:01,2025-10-26 01:04:13,00:01:12,0.1,13.0,14.0,13.0,0.07,14.0,-166.5,/SNS/CNCS/IPTS-37274/nexus/CNCS_667017.nxs.h5
667016,108367,YbZn2GaO5,"YZGO, MAG9, Ei=13meV, T=0.07K, B=14.0T w=-167.0deg",2025-10-26 01:01:46,2025-10-26 01:02:57,00:01:11,0.1,13.0,14.0,13.0,0.07,14.0,-167.0,/SNS/CNCS/IPTS-37274/nexus/CNCS_667016.nxs.h5
667015,108367,YbZn2GaO5,"YZGO, MAG9, Ei=13meV, T=0.07K, B=14.0T w=-167.5deg",2025-10-26 01:00:30,2025-10-26 01:01:42,00:01:12,0.1,13.0,14.0,13.0,0.07,14.0,-167.5,/SNS/CNCS/IPTS-37274/nexus/CNCS_667015.nxs.h5
667014,108367,YbZn2GaO5,"YZGO, MAG9, Ei=13meV, T=0.07K, B=14.0T w=-168.0deg",2025-10-26 00:59:14,2025-10-26 01:00:26,00:01:12,0.1,13.0,14.0,13.0,0.07,14.0,-168.0,/SNS/CNCS/IPTS-37274/nexus/CNCS_667014.nxs.h5
667013,108367,YbZn2GaO5,"YZGO, MAG9, Ei=13meV, T=0.07K, B=14.0T w=-168.5deg",2025-10-26 00:57:59,2025-10-26 00:59:11,00:01:11,0.1,13.0,14.0,13.0,0.07,14.0,-168.5,/SNS/CNCS/IPTS-37274/nexus/CNCS_667013.nxs.h5
667012,108367,YbZn2GaO5,"YZGO, MAG9, Ei=13meV, T=0.07K, B=14.0T w=-169.0deg",2025-10-26 00:56:44,2025-10-26 00:57:55,00:01:11,0.1,13.0,14.0,13.0,0.07,14.0,-169.0,/SNS/CNCS/IPTS-37274/nexus/CNCS_667012.nxs.h5
667011,108367,YbZn2GaO5,"YZGO, MAG9, Ei=13meV, T=0.07K, B=14.0T w=-169.5deg",2025-10-26 00:55:29,2025-10-26 00:56:40,00:01:11,0.1,13.0,14.0,13.0,0.07,14.0,-169.5,/SNS/CNCS/IPTS-37274/nexus/CNCS_667011.nxs.h5
667010,108367,YbZn2GaO5,"YZGO, MAG9, Ei=13meV, T=0.07K, B=14.0T w=-170.0deg",2025-10-26 00:54:13,2025-10-26 00:55:25,00:01:12,0.1,13.0,14.0,13.0,0.07,14.0,-170.0,/SNS/CNCS/IPTS-37274/nexus/CNCS_667010.nxs.h5
667009,108367,YbZn2GaO5,"YZGO, MAG9, Ei=13meV, T=0.07K, B=14.0T w=-170.5deg",2025-10-26 00:52:57,2025-10-26 00:54:09,00:01:11,0.1,13.0,14.0,13.0,0.07,14.0,-170.5,/SNS/CNCS/IPTS-37274/nexus/CNCS_667009.nxs.h5
667008,108367,YbZn2GaO5,"YZGO, MAG9, Ei=13meV, T=0.07K, B=14.0T w=-171.0deg",2025-10-26 00:51:42,2025-10-26 00:52:54,00:01:12,0.1,13.0,14.0,13.0,0.07,14.0,-171.0,/SNS/CNCS/IPTS-37274/nexus/CNCS_667008.nxs.h5
667007,108367,YbZn2GaO5,"YZGO, MAG9, Ei=13meV, T=0.07K, B=14.0T w=-171.5deg",2025-10-26 00:50:26,2025-10-26 00:51:38,00:01:12,0.1,13.0,14.0,13.0,0.07,14.0,-171.5,/SNS/CNCS/IPTS-37274/nexus/CNCS_667007.nxs.h5
667006,108367,YbZn2GaO5,"YZGO, MAG9, Ei=13meV, T=0.07K, B=14.0T w=-172.0deg",2025-10-26 00:49:11,2025-10-26 00:50:22,00:01:11,0.1,13.0,14.0,13.0,0.07,14.0,-172.0,/SNS/CNCS/IPTS-37274/nexus/CNCS_667006.nxs.h5
667005,108367,YbZn2GaO5,"YZGO, MAG9, Ei=13meV, T=0.07K, B=14.0T w=-172.5deg",2025-10-26 00:47:55,2025-10-26 00:49:07,00:01:12,0.1,13.0,14.0,13.0,0.07,14.0,-172.5,/SNS/CNCS/IPTS-37274/nexus/CNCS_667005.nxs.h5
667004,108367,YbZn2GaO5,"YZGO, MAG9, Ei=13meV, T=0.07K, B=14.0T w=-173.0deg",2025-10-26 00:46:40,2025-10-26 00:47:52,00:01:11,0.1,13.0,14.0,13.0,0.07,14.0,-173.0,/SNS/CNCS/IPTS-37274/nexus/CNCS_667004.nxs.h5
667003,108367,YbZn2GaO5,"YZGO, MAG9, Ei=13meV, T=0.07K, B=14.0T w=-173.5deg",2025-10-26 00:45:24,2025-10-26 00:46:36,00:01:11,0.1,13.0,14.0,13.0,0.07,14.0,-173.5,/SNS/CNCS/IPTS-37274/nexus/CNCS_667003.nxs.h5
667002,108367,YbZn2GaO5,"YZGO, MAG9, Ei=13meV, T=0.07K, B=14.0T w=-174.0deg",2025-10-26 00:44:09,2025-10-26 00:45:21,00:01:12,0.1,13.0,14.0,13.0,0.07,14.0,-174.0,/SNS/CNCS/IPTS-37274/nexus/CNCS_667002.nxs.h5
667001,108367,YbZn2GaO5,"YZGO, MAG9, Ei=13meV, T=0.07K, B=14.0T w=-174.5deg",2025-10-26 00:42:53,2025-10-26 00:44:05,00:01:11,0.1,13.0,14.0,13.0,0.07,14.0,-174.5,/SNS/CNCS/IPTS-37274/nexus/CNCS_667001.nxs.h5
667000,108367,YbZn2GaO5,"YZGO, MAG9, Ei=13meV, T=0.07K, B=14.0T w=-175.0deg",2025-10-26 00:41:38,2025-10-26 00:42:50,00:01:11,0.1,13.0,14.0,13.0,0.07,14.0,-175.0,/SNS/CNCS/IPTS-37274/nexus/CNCS_667000.nxs.h5
666999,108367,YbZn2GaO5,"YZGO, MAG9, Ei=13meV, T=0.07K, B=14.0T w=-175.5deg",2025-10-26 00:40:23,2025-10-26 00:41:34,00:01:11,0.1,13.0,14.0,13.0,0.07,14.0,-175.5,/SNS/CNCS/IPTS-37274/nexus/CNCS_666999.nxs.h5
666998,108367,YbZn2GaO5,"YZGO, MAG9, Ei=13meV, T=0.07K, B=14.0T w=-176.0deg",2025-10-26 00:39:07,2025-10-26 00:40:19,00:01:12,0.1,13.0,14.0,13.0,0.07,14.0,-176.0,/SNS/CNCS/IPTS-37274/nexus/CNCS_666998.nxs.h5
666997,108367,YbZn2GaO5,"YZGO, MAG9, Ei=13meV, T=0.07K, B=14.0T w=-176.5deg",2025-10-26 00:37:51,2025-10-26 00:39:03,00:01:12,0.1,13.0,14.0,13.0,0.07,14.0,-176.5,/SNS/CNCS/IPTS-37274/nexus/CNCS_666997.nxs.h5
666996,108367,YbZn2GaO5,"YZGO, MAG9, Ei=13meV, T=0.07K, B=14.0T w=-177.0deg",2025-10-26 00:36:36,2025-10-26 00:37:48,00:01:12,0.1,13.0,14.0,13.0,0.07,14.0,-177.0,/SNS/CNCS/IPTS-37274/nexus/CNCS_666996.nxs.h5
666995,108367,YbZn2GaO5,"YZGO, MAG9, Ei=13meV, T=0.07K, B=14.0T w=-177.5deg",2025-10-26 00:35:20,2025-10-26 00:36:32,00:01:12,0.1,13.0,14.0,13.0,0.07,14.0,-177.5,/SNS/CNCS/IPTS-37274/nexus/CNCS_666995.nxs.h5
666994,108367,YbZn2GaO5,"YZGO, MAG9, Ei=13meV, T=0.07K, B=14.0T w=-178.0deg",2025-10-26 00:34:04,2025-10-26 00:35:16,00:01:12,0.1,13.0,14.0,13.0,0.07,14.0,-178.0,/SNS/CNCS/IPTS-37274/nexus/CNCS_666994.nxs.h5
666993,108367,YbZn2GaO5,"YZGO, MAG9, Ei=13meV, T=0.07K, B=14.0T w=-178.5deg",2025-10-26 00:32:49,2025-10-26 00:34:01,00:01:11,0.1,13.0,14.0,13.0,0.07,14.0,-178.5,/SNS/CNCS/IPTS-37274/nexus/CNCS_666993.nxs.h5
666992,108367,YbZn2GaO5,"YZGO, MAG9, Ei=13meV, T=0.07K, B=14.0T w=-179.0deg",2025-10-26 00:31:33,2025-10-26 00:32:45,00:01:12,0.1,13.0,14.0,13.0,0.07,14.0,-179.0,/SNS/CNCS/IPTS-37274/nexus/CNCS_666992.nxs.h5
666991,108367,YbZn2GaO5,"YZGO, MAG9, Ei=13meV, T=0.07K, B=14.0T w=-179.5deg",2025-10-26 00:30:18,2025-10-26 00:31:30,00:01:11,0.1,13.0,14.0,13.0,0.07,14.0,-179.5,/SNS/CNCS/IPTS-37274/nexus/CNCS_666991.nxs.h5
666990,108367,YbZn2GaO5,"YZGO, MAG9, Ei=13meV, T=0.07K, B=14.0T w=-180.0deg",2025-10-26 00:29:03,2025-10-26 00:30:14,00:01:11,0.1,13.0,14.0,13.0,0.07,14.0,-180.0,/SNS/CNCS/IPTS-37274/nexus/CNCS_666990.nxs.h5
666989,108367,YbZn2GaO5,"YZGO, MAG9, Ei=13meV, T=0.07K, B=14.0T w=-180.5deg",2025-10-26 00:27:47,2025-10-26 00:28:59,00:01:11,0.1,13.0,14.0,13.0,0.07,14.0,-180.5,/SNS/CNCS/IPTS-37274/nexus/CNCS_666989.nxs.h5
666988,108367,YbZn2GaO5,"YZGO, MAG9, Ei=13meV, T=0.07K, B=14.0T w=-181.0deg",2025-10-26 00:26:32,2025-10-26 00:27:44,00:01:12,0.1,13.0,14.0,13.0,0.07,14.0,-181.0,/SNS/CNCS/IPTS-37274/nexus/CNCS_666988.nxs.h5
666987,108367,YbZn2GaO5,"YZGO, MAG9, Ei=13meV, T=0.07K, B=14.0T w=-181.5deg",2025-10-26 00:25:16,2025-10-26 00:26:28,00:01:12,0.1,13.0,14.0,13.0,0.07,14.0,-181.5,/SNS/CNCS/IPTS-37274/nexus/CNCS_666987.nxs.h5
666986,108367,YbZn2GaO5,"YZGO, MAG9, Ei=13meV, T=0.07K, B=14.0T w=-182.0deg",2025-10-26 00:24:00,2025-10-26 00:25:12,00:01:12,0.1,13.0,14.0,13.0,0.07,14.0,-182.0,/SNS/CNCS/IPTS-37274/nexus/CNCS_666986.nxs.h5
666985,108367,YbZn2GaO5,"YZGO, MAG9, Ei=13meV, T=0.07K, B=14.0T w=-182.5deg",2025-10-26 00:22:45,2025-10-26 00:23:57,00:01:11,0.1,13.0,14.0,13.0,0.07,14.0,-182.5,/SNS/CNCS/IPTS-37274/nexus/CNCS_666985.nxs.h5
666984,108367,YbZn2GaO5,"YZGO, MAG9, Ei=13meV, T=0.07K, B=14.0T w=-183.0deg",2025-10-26 00:21:29,2025-10-26 00:22:41,00:01:11,0.1,13.0,14.0,13.0,0.07,14.0,-183.0,/SNS/CNCS/IPTS-37274/nexus/CNCS_666984.nxs.h5
666983,108367,YbZn2GaO5,"YZGO, MAG9, Ei=13meV, T=0.07K, B=14.0T w=-183.5deg",2025-10-26 00:20:14,2025-10-26 00:21:26,00:01:11,0.1,13.0,14.0,13.0,0.07,14.0,-183.5,/SNS/CNCS/IPTS-37274/nexus/CNCS_666983.nxs.h5
666982,108367,YbZn2GaO5,"YZGO, MAG9, Ei=13meV, T=0.07K, B=14.0T w=-184.0deg",2025-10-26 00:18:58,2025-10-26 00:20:10,00:01:12,0.1,13.0,14.0,13.0,0.07,14.0,-184.0,/SNS/CNCS/IPTS-37274/nexus/CNCS_666982.nxs.h5
666981,108367,YbZn2GaO5,"YZGO, MAG9, Ei=13meV, T=0.07K, B=14.0T w=-184.5deg",2025-10-26 00:17:43,2025-10-26 00:18:55,00:01:11,0.1,13.0,14.0,13.0,0.07,14.0,-184.5,/SNS/CNCS/IPTS-37274/nexus/CNCS_666981.nxs.h5
666980,108367,YbZn2GaO5,"YZGO, MAG9, Ei=13meV, T=0.07K, B=14.0T w=-185.0deg",2025-10-26 00:16:27,2025-10-26 00:17:39,00:01:12,0.1,13.0,14.0,13.0,0.07,14.0,-185.0,/SNS/CNCS/IPTS-37274/nexus/CNCS_666980.nxs.h5
666979,108367,YbZn2GaO5,"YZGO, MAG9, Ei=13meV, T=0.07K, B=14.0T w=-185.5deg",2025-10-26 00:15:12,2025-10-26 00:16:24,00:01:11,0.1,13.0,14.0,13.0,0.07,14.0,-185.5,/SNS/CNCS/IPTS-37274/nexus/CNCS_666979.nxs.h5
666978,108367,YbZn2GaO5,"YZGO, MAG9, Ei=13meV, T=0.07K, B=14.0T w=-186.0deg",2025-10-26 00:13:56,2025-10-26 00:15:08,00:01:12,0.1,13.0,14.0,13.0,0.07,14.0,-186.0,/SNS/CNCS/IPTS-37274/nexus/CNCS_666978.nxs.h5
666977,108367,YbZn2GaO5,"YZGO, MAG9, Ei=13meV, T=0.07K, B=14.0T w=-186.5deg",2025-10-26 00:12:41,2025-10-26 00:13:53,00:01:11,0.1,13.0,14.0,13.0,0.07,14.0,-186.5,/SNS/CNCS/IPTS-37274/nexus/CNCS_666977.nxs.h5
666976,108367,YbZn2GaO5,"YZGO, MAG9, Ei=13meV, T=0.07K, B=14.0T w=-187.0deg",2025-10-26 00:11:26,2025-10-26 00:12:37,00:01:11,0.1,13.0,14.0,13.0,0.07,14.0,-187.0,/SNS/CNCS/IPTS-37274/nexus/CNCS_666976.nxs.h5
666975,108367,YbZn2GaO5,"YZGO, MAG9, Ei=13meV, T=0.07K, B=14.0T w=-187.5deg",2025-10-26 00:10:10,2025-10-26 00:11:22,00:01:12,0.1,13.0,14.0,13.0,0.07,14.0,-187.5,/SNS/CNCS/IPTS-37274/nexus/CNCS_666975.nxs.h5
666974,108367,YbZn2GaO5,"YZGO, MAG9, Ei=13meV, T=0.07K, B=14.0T w=-188.0deg",2025-10-26 00:08:54,2025-10-26 00:10:06,00:01:12,0.1,13.0,14.0,13.0,0.07,14.0,-188.0,/SNS/CNCS/IPTS-37274/nexus/CNCS_666974.nxs.h5
666973,108367,YbZn2GaO5,"YZGO, MAG9, Ei=13meV, T=0.07K, B=14.0T w=-188.5deg",2025-10-26 00:07:38,2025-10-26 00:08:51,00:01:12,0.1,13.0,14.0,13.0,0.07,14.0,-188.5,/SNS/CNCS/IPTS-37274/nexus/CNCS_666973.nxs.h5
666972,108367,YbZn2GaO5,"YZGO, MAG9, Ei=13meV, T=0.07K, B=14.0T w=-189.0deg",2025-10-26 00:06:23,2025-10-26 00:07:35,00:01:12,0.1,13.0,14.0,13.0,0.07,14.0,-189.0,/SNS/CNCS/IPTS-37274/nexus/CNCS_666972.nxs.h5
666971,108367,YbZn2GaO5,"YZGO, MAG9, Ei=13meV, T=0.07K, B=14.0T w=-189.5deg",2025-10-26 00:05:07,2025-10-26 00:06:19,00:01:11,0.1,13.0,14.0,13.0,0.07,14.0,-189.5,/SNS/CNCS/IPTS-37274/nexus/CNCS_666971.nxs.h5
666970,108367,YbZn2GaO5,"YZGO, MAG9, Ei=13meV, T=0.07K, B=14.0T w=-190.0deg",2025-10-26 00:03:52,2025-10-26 00:05:04,00:01:11,0.1,13.0,14.0,13.0,0.07,14.0,-190.0,/SNS/CNCS/IPTS-37274/nexus/CNCS_666970.nxs.h5
666969,108367,YbZn2GaO5,"YZGO, MAG9, Ei=4.65meV, T=0.07K, B=14.0T w=-174.5deg",2025-10-25 23:50:20,2025-10-25 23:50:22,00:00:01,0.0,4.65,14.0,4.65,0.07,14.0,-174.5,/SNS/CNCS/IPTS-37274/nexus/CNCS_666969.nxs.h5
666968,108367,YbZn2GaO5,"YZGO, MAG9, Ei=4.65meV, T=0.07K, B=14.0T w=-175.0deg",2025-10-25 23:49:04,2025-10-25 23:50:17,00:01:12,0.1,4.65,14.0,4.65,0.07,14.0,-175.0,/SNS/CNCS/IPTS-37274/nexus/CNCS_666968.nxs.h5
666967,108367,YbZn2GaO5,"YZGO, MAG9, Ei=4.65meV, T=0.07K, B=14.0T w=-175.5deg",2025-10-25 23:47:49,2025-10-25 23:49:01,00:01:12,0.1,4.65,14.0,4.65,0.07,14.0,-175.5,/SNS/CNCS/IPTS-37274/nexus/CNCS_666967.nxs.h5
666966,108367,YbZn2GaO5,"YZGO, MAG9, Ei=4.65meV, T=0.07K, B=14.0T w=-176.0deg",2025-10-25 23:46:33,2025-10-25 23:47:45,00:01:12,0.1,4.65,14.0,4.65,0.07,14.0,-176.0,/SNS/CNCS/IPTS-37274/nexus/CNCS_666966.nxs.h5
666965,108367,YbZn2GaO5,"YZGO, MAG9, Ei=4.65meV, T=0.07K, B=14.0T w=-176.5deg",2025-10-25 23:45:18,2025-10-25 23:46:29,00:01:11,0.1,4.65,14.0,4.65,0.07,14.0,-176.5,/SNS/CNCS/IPTS-37274/nexus/CNCS_666965.nxs.h5
666964,108367,YbZn2GaO5,"YZGO, MAG9, Ei=4.65meV, T=0.07K, B=14.0T w=-177.0deg",2025-10-25 23:44:02,2025-10-25 23:45:14,00:01:12,0.1,4.65,14.0,4.65,0.07,14.0,-177.0,/SNS/CNCS/IPTS-37274/nexus/CNCS_666964.nxs.h5
666963,108367,YbZn2GaO5,"YZGO, MAG9, Ei=4.65meV, T=0.07K, B=14.0T w=-177.5deg",2025-10-25 23:42:46,2025-10-25 23:43:58,00:01:12,0.1,4.65,14.0,4.65,0.07,14.0,-177.5,/SNS/CNCS/IPTS-37274/nexus/CNCS_666963.nxs.h5
666962,108367,YbZn2GaO5,"YZGO, MAG9, Ei=4.65meV, T=0.07K, B=14.0T w=-178.0deg",2025-10-25 23:41:30,2025-10-25 23:42:42,00:01:12,0.1,4.65,14.0,4.65,0.07,14.0,-178.0,/SNS/CNCS/IPTS-37274/nexus/CNCS_666962.nxs.h5
666961,108367,YbZn2GaO5,"YZGO, MAG9, Ei=4.65meV, T=0.07K, B=14.0T w=-178.5deg",2025-10-25 23:39:25,2025-10-25 23:41:27,00:02:01,0.1,4.65,14.0,4.65,0.07,14.0,-178.5,/SNS/CNCS/IPTS-37274/nexus/CNCS_666961.nxs.h5
666960,108367,YbZn2GaO5,"YZGO, MAG9, Ei=4.65meV, T=0.07K, B=14.0T w=-179.0deg",2025-10-25 23:38:09,2025-10-25 23:39:21,00:01:11,0.1,4.65,14.0,4.65,0.07,14.0,-179.0,/SNS/CNCS/IPTS-37274/nexus/CNCS_666960.nxs.h5
666959,108367,YbZn2GaO5,"YZGO, MAG9, Ei=4.65meV, T=0.07K, B=14.0T w=-179.5deg",2025-10-25 23:36:54,2025-10-25 23:38:06,00:01:11,0.1,4.65,14.0,4.65,0.07,14.0,-179.5,/SNS/CNCS/IPTS-37274/nexus/CNCS_666959.nxs.h5
666958,108367,YbZn2GaO5,"YZGO, MAG9, Ei=4.65meV, T=0.07K, B=14.0T w=-180.0deg",2025-10-25 23:35:38,2025-10-25 23:36:51,00:01:12,0.1,4.65,14.0,4.65,0.07,14.0,-180.0,/SNS/CNCS/IPTS-37274/nexus/CNCS_666958.nxs.h5
666957,108367,YbZn2GaO5,"YZGO, MAG9, Ei=4.65meV, T=0.07K, B=14.0T w=-180.5deg",2025-10-25 23:34:23,2025-10-25 23:35:35,00:01:11,0.1,4.65,14.0,4.65,0.07,14.0,-180.5,/SNS/CNCS/IPTS-37274/nexus/CNCS_666957.nxs.h5
666956,108367,YbZn2GaO5,"YZGO, MAG9, Ei=4.65meV, T=0.07K, B=14.0T w=-181.0deg",2025-10-25 23:33:07,2025-10-25 23:34:19,00:01:12,0.1,4.65,14.0,4.65,0.07,14.0,-181.0,/SNS/CNCS/IPTS-37274/nexus/CNCS_666956.nxs.h5
666955,108367,YbZn2GaO5,"YZGO, MAG9, Ei=4.65meV, T=0.07K, B=14.0T w=-181.5deg",2025-10-25 23:31:52,2025-10-25 23:33:04,00:01:11,0.1,4.65,14.0,4.65,0.07,14.0,-181.5,/SNS/CNCS/IPTS-37274/nexus/CNCS_666955.nxs.h5
666954,108367,YbZn2GaO5,"YZGO, MAG9, Ei=4.65meV, T=0.07K, B=14.0T w=-182.0deg",2025-10-25 23:30:37,2025-10-25 23:31:48,00:01:11,0.1,4.65,14.0,4.65,0.07,14.0,-182.0,/SNS/CNCS/IPTS-37274/nexus/CNCS_666954.nxs.h5
666953,108367,YbZn2GaO5,"YZGO, MAG9, Ei=4.65meV, T=0.07K, B=14.0T w=-182.5deg",2025-10-25 23:29:21,2025-10-25 23:30:33,00:01:11,0.1,4.65,14.0,4.65,0.07,14.0,-182.5,/SNS/CNCS/IPTS-37274/nexus/CNCS_666953.nxs.h5
666952,108367,YbZn2GaO5,"YZGO, MAG9, Ei=4.65meV, T=0.07K, B=14.0T w=-183.0deg",2025-10-25 23:28:06,2025-10-25 23:29:18,00:01:11,0.1,4.65,14.0,4.65,0.07,14.0,-183.0,/SNS/CNCS/IPTS-37274/nexus/CNCS_666952.nxs.h5
666951,108367,YbZn2GaO5,"YZGO, MAG9, Ei=4.65meV, T=0.07K, B=14.0T w=-183.5deg",2025-10-25 23:26:50,2025-10-25 23:28:02,00:01:12,0.1,4.65,14.0,4.65,0.07,14.0,-183.5,/SNS/CNCS/IPTS-37274/nexus/CNCS_666951.nxs.h5
666950,108367,YbZn2GaO5,"YZGO, MAG9, Ei=4.65meV, T=0.07K, B=14.0T w=-184.0deg",2025-10-25 23:25:35,2025-10-25 23:26:47,00:01:12,0.1,4.65,14.0,4.65,0.07,14.0,-184.0,/SNS/CNCS/IPTS-37274/nexus/CNCS_666950.nxs.h5
666949,108367,YbZn2GaO5,"YZGO, MAG9, Ei=4.65meV, T=0.07K, B=14.0T w=-184.5deg",2025-10-25 23:24:19,2025-10-25 23:25:31,00:01:12,0.1,4.65,14.0,4.65,0.07,14.0,-184.5,/SNS/CNCS/IPTS-37274/nexus/CNCS_666949.nxs.h5
666948,108367,YbZn2GaO5,"YZGO, MAG9, Ei=4.65meV, T=0.07K, B=14.0T w=-185.0deg",2025-10-25 23:23:03,2025-10-25 23:24:15,00:01:12,0.1,4.65,14.0,4.65,0.07,14.0,-185.0,/SNS/CNCS/IPTS-37274/nexus/CNCS_666948.nxs.h5
666947,108367,YbZn2GaO5,"YZGO, MAG9, Ei=4.65meV, T=0.07K, B=14.0T w=-185.5deg",2025-10-25 23:21:48,2025-10-25 23:22:59,00:01:11,0.1,4.65,14.0,4.65,0.07,14.0,-185.5,/SNS/CNCS/IPTS-37274/nexus/CNCS_666947.nxs.h5
666946,108367,YbZn2GaO5,"YZGO, MAG9, Ei=4.65meV, T=0.07K, B=14.0T w=-186.0deg",2025-10-25 23:20:32,2025-10-25 23:21:44,00:01:11,0.1,4.65,14.0,4.65,0.07,14.0,-186.0,/SNS/CNCS/IPTS-37274/nexus/CNCS_666946.nxs.h5
666945,108367,YbZn2GaO5,"YZGO, MAG9, Ei=4.65meV, T=0.07K, B=14.0T w=-186.5deg",2025-10-25 23:19:17,2025-10-25 23:20:29,00:01:12,0.1,4.65,14.0,4.65,0.07,14.0,-186.5,/SNS/CNCS/IPTS-37274/nexus/CNCS_666945.nxs.h5
666944,108367,YbZn2GaO5,"YZGO, MAG9, Ei=4.65meV, T=0.07K, B=14.0T w=-187.0deg",2025-10-25 23:18:01,2025-10-25 23:19:13,00:01:12,0.1,4.65,14.0,4.65,0.07,14.0,-187.0,/SNS/CNCS/IPTS-37274/nexus/CNCS_666944.nxs.h5
666943,108367,YbZn2GaO5,"YZGO, MAG9, Ei=4.65meV, T=0.07K, B=14.0T w=-187.5deg",2025-10-25 23:16:46,2025-10-25 23:17:57,00:01:11,0.1,4.65,14.0,4.65,0.07,14.0,-187.5,/SNS/CNCS/IPTS-37274/nexus/CNCS_666943.nxs.h5
666942,108367,YbZn2GaO5,"YZGO, MAG9, Ei=4.65meV, T=0.07K, B=14.0T w=-188.0deg",2025-10-25 23:15:29,2025-10-25 23:16:42,00:01:13,0.1,4.65,14.0,4.65,0.07,14.0,-188.0,/SNS/CNCS/IPTS-37274/nexus/CNCS_666942.nxs.h5
666941,108367,YbZn2GaO5,"YZGO, MAG9, Ei=4.65meV, T=0.07K, B=14.0T w=-188.5deg",2025-10-25 23:14:13,2025-10-25 23:15:25,00:01:12,0.1,4.65,14.0,4.65,0.07,14.0,-188.5,/SNS/CNCS/IPTS-37274/nexus/CNCS_666941.nxs.h5
666940,108367,YbZn2GaO5,"YZGO, MAG9, Ei=4.65meV, T=0.07K, B=14.0T w=-189.0deg",2025-10-25 23:12:57,2025-10-25 23:14:09,00:01:12,0.1,4.65,14.0,4.65,0.07,14.0,-189.0,/SNS/CNCS/IPTS-37274/nexus/CNCS_666940.nxs.h5
666939,108367,YbZn2GaO5,"YZGO, MAG9, Ei=4.65meV, T=0.07K, B=14.0T w=-189.5deg",2025-10-25 23:11:42,2025-10-25 23:12:54,00:01:11,0.1,4.65,14.0,4.65,0.07,14.0,-189.5,/SNS/CNCS/IPTS-37274/nexus/CNCS_666939.nxs.h5
666938,108367,YbZn2GaO5,"YZGO, MAG9, Ei=4.65meV, T=0.07K, B=14.0T w=-190.0deg",2025-10-25 23:10:26,2025-10-25 23:11:38,00:01:11,0.1,4.65,14.0,4.65,0.07,14.0,-190.0,/SNS/CNCS/IPTS-37274/nexus/CNCS_666938.nxs.h5
666937,108367,YbZn2GaO5,"YZGO, MAG9, Ei=4.65meV, T=0.07K, B=14.0T w=54.5deg",2025-10-25 23:06:19,2025-10-25 23:07:31,00:01:11,0.1,4.65,14.0,4.65,0.07,14.0,54.5,/SNS/CNCS/IPTS-37274/nexus/CNCS_666937.nxs.h5
666936,108367,YbZn2GaO5,"YZGO, MAG9, Ei=4.65meV, T=0.07K, B=14.0T w=54.0deg",2025-10-25 23:05:04,2025-10-25 23:06:15,00:01:11,0.1,4.65,14.0,4.65,0.07,14.0,54.0,/SNS/CNCS/IPTS-37274/nexus/CNCS_666936.nxs.h5
666935,108367,YbZn2GaO5,"YZGO, MAG9, Ei=4.65meV, T=0.07K, B=14.0T w=53.5deg",2025-10-25 23:03:48,2025-10-25 23:05:00,00:01:11,0.1,4.65,14.0,4.65,0.07,14.0,53.5,/SNS/CNCS/IPTS-37274/nexus/CNCS_666935.nxs.h5
666934,108367,YbZn2GaO5,"YZGO, MAG9, Ei=4.65meV, T=0.07K, B=14.0T w=53.0deg",2025-10-25 23:02:33,2025-10-25 23:03:45,00:01:11,0.1,4.65,14.0,4.65,0.07,14.0,53.0,/SNS/CNCS/IPTS-37274/nexus/CNCS_666934.nxs.h5
666933,108367,YbZn2GaO5,"YZGO, MAG9, Ei=4.65meV, T=0.07K, B=14.0T w=52.5deg",2025-10-25 23:01:17,2025-10-25 23:02:29,00:01:12,0.1,4.65,14.0,4.65,0.07,14.0,52.5,/SNS/CNCS/IPTS-37274/nexus/CNCS_666933.nxs.h5
666932,108367,YbZn2GaO5,"YZGO, MAG9, Ei=4.65meV, T=0.07K, B=14.0T w=52.0deg",2025-10-25 23:00:01,2025-10-25 23:01:14,00:01:12,0.1,4.65,14.0,4.65,0.07,14.0,52.0,/SNS/CNCS/IPTS-37274/nexus/CNCS_666932.nxs.h5
666931,108367,YbZn2GaO5,"YZGO, MAG9, Ei=4.65meV, T=0.07K, B=14.0T w=51.5deg",2025-10-25 22:58:46,2025-10-25 22:59:58,00:01:11,0.1,4.65,14.0,4.65,0.07,14.0,51.5,/SNS/CNCS/IPTS-37274/nexus/CNCS_666931.nxs.h5
666930,108367,YbZn2GaO5,"YZGO, MAG9, Ei=4.65meV, T=0.07K, B=14.0T w=51.0deg",2025-10-25 22:57:30,2025-10-25 22:58:42,00:01:12,0.1,4.65,14.0,4.65,0.07,14.0,51.0,/SNS/CNCS/IPTS-37274/nexus/CNCS_666930.nxs.h5
666929,108367,YbZn2GaO5,"YZGO, MAG9, Ei=4.65meV, T=0.07K, B=14.0T w=50.5deg",2025-10-25 22:56:14,2025-10-25 22:57:27,00:01:12,0.1,4.65,14.0,4.65,0.07,14.0,50.5,/SNS/CNCS/IPTS-37274/nexus/CNCS_666929.nxs.h5
666928,108367,YbZn2GaO5,"YZGO, MAG9, Ei=4.65meV, T=0.07K, B=14.0T w=50.0deg",2025-10-25 22:54:59,2025-10-25 22:56:11,00:01:11,0.1,4.65,14.0,4.65,0.07,14.0,50.0,/SNS/CNCS/IPTS-37274/nexus/CNCS_666928.nxs.h5
666927,108367,YbZn2GaO5,"YZGO, MAG9, Ei=4.65meV, T=0.07K, B=14.0T w=49.5deg",2025-10-25 22:53:44,2025-10-25 22:54:55,00:01:11,0.1,4.65,14.0,4.65,0.07,14.0,49.5,/SNS/CNCS/IPTS-37274/nexus/CNCS_666927.nxs.h5
666926,108367,YbZn2GaO5,"YZGO, MAG9, Ei=4.65meV, T=0.07K, B=14.0T w=49.0deg",2025-10-25 22:52:28,2025-10-25 22:53:40,00:01:11,0.1,4.65,14.0,4.65,0.07,14.0,49.0,/SNS/CNCS/IPTS-37274/nexus/CNCS_666926.nxs.h5
666925,108367,YbZn2GaO5,"YZGO, MAG9, Ei=4.65meV, T=0.07K, B=14.0T w=48.5deg",2025-10-25 22:51:13,2025-10-25 22:52:25,00:01:12,0.1,4.65,14.0,4.65,0.07,14.0,48.5,/SNS/CNCS/IPTS-37274/nexus/CNCS_666925.nxs.h5
666924,108367,YbZn2GaO5,"YZGO, MAG9, Ei=4.65meV, T=0.07K, B=14.0T w=48.0deg",2025-10-25 22:49:57,2025-10-25 22:51:09,00:01:12,0.1,4.65,14.0,4.65,0.07,14.0,48.0,/SNS/CNCS/IPTS-37274/nexus/CNCS_666924.nxs.h5
666923,108367,YbZn2GaO5,"YZGO, MAG9, Ei=4.65meV, T=0.07K, B=14.0T w=47.5deg",2025-10-25 22:48:41,2025-10-25 22:49:53,00:01:12,0.1,4.65,14.0,4.65,0.07,14.0,47.5,/SNS/CNCS/IPTS-37274/nexus/CNCS_666923.nxs.h5
666922,108367,YbZn2GaO5,"YZGO, MAG9, Ei=4.65meV, T=0.07K, B=14.0T w=47.0deg",2025-10-25 22:47:26,2025-10-25 22:48:37,00:01:11,0.1,4.65,14.0,4.65,0.07,14.0,47.0,/SNS/CNCS/IPTS-37274/nexus/CNCS_666922.nxs.h5
666921,108367,YbZn2GaO5,"YZGO, MAG9, Ei=4.65meV, T=0.07K, B=14.0T w=46.5deg",2025-10-25 22:46:10,2025-10-25 22:47:22,00:01:12,0.1,4.65,14.0,4.65,0.07,14.0,46.5,/SNS/CNCS/IPTS-37274/nexus/CNCS_666921.nxs.h5
666920,108367,YbZn2GaO5,"YZGO, MAG9, Ei=4.65meV, T=0.07K, B=14.0T w=46.0deg",2025-10-25 22:44:54,2025-10-25 22:46:06,00:01:12,0.1,4.65,14.0,4.65,0.07,14.0,46.0,/SNS/CNCS/IPTS-37274/nexus/CNCS_666920.nxs.h5
666919,108367,YbZn2GaO5,"YZGO, MAG9, Ei=4.65meV, T=0.07K, B=14.0T w=45.5deg",2025-10-25 22:43:39,2025-10-25 22:44:50,00:01:11,0.1,4.65,14.0,4.65,0.07,14.0,45.5,/SNS/CNCS/IPTS-37274/nexus/CNCS_666919.nxs.h5
666918,108367,YbZn2GaO5,"YZGO, MAG9, Ei=4.65meV, T=0.07K, B=14.0T w=45.0deg",2025-10-25 22:42:23,2025-10-25 22:43:35,00:01:12,0.1,4.65,14.0,4.65,0.07,14.0,45.0,/SNS/CNCS/IPTS-37274/nexus/CNCS_666918.nxs.h5
666917,108367,YbZn2GaO5,"YZGO, MAG9, Ei=4.65meV, T=0.07K, B=14.0T w=44.5deg",2025-10-25 22:41:07,2025-10-25 22:42:19,00:01:12,0.1,4.65,14.0,4.65,0.07,14.0,44.5,/SNS/CNCS/IPTS-37274/nexus/CNCS_666917.nxs.h5
666916,108367,YbZn2GaO5,"YZGO, MAG9, Ei=4.65meV, T=0.07K, B=14.0T w=44.0deg",2025-10-25 22:39:52,2025-10-25 22:41:04,00:01:11,0.1,4.65,14.0,4.65,0.07,14.0,44.0,/SNS/CNCS/IPTS-37274/nexus/CNCS_666916.nxs.h5
666915,108367,YbZn2GaO5,"YZGO, MAG9, Ei=4.65meV, T=0.07K, B=14.0T w=43.5deg",2025-10-25 22:38:36,2025-10-25 22:39:48,00:01:12,0.1,4.65,14.0,4.65,0.07,14.0,43.5,/SNS/CNCS/IPTS-37274/nexus/CNCS_666915.nxs.h5
666914,108367,YbZn2GaO5,"YZGO, MAG9, Ei=4.65meV, T=0.07K, B=14.0T w=43.0deg",2025-10-25 22:37:21,2025-10-25 22:38:32,00:01:11,0.1,4.65,14.0,4.65,0.07,14.0,43.0,/SNS/CNCS/IPTS-37274/nexus/CNCS_666914.nxs.h5
666913,108367,YbZn2GaO5,"YZGO, MAG9, Ei=4.65meV, T=0.07K, B=14.0T w=42.5deg",2025-10-25 22:36:05,2025-10-25 22:37:17,00:01:12,0.1,4.65,14.0,4.65,0.07,14.0,42.5,/SNS/CNCS/IPTS-37274/nexus/CNCS_666913.nxs.h5
666912,108367,YbZn2GaO5,"YZGO, MAG9, Ei=4.65meV, T=0.07K, B=14.0T w=42.0deg",2025-10-25 22:34:50,2025-10-25 22:36:01,00:01:11,0.1,4.65,14.0,4.65,0.07,14.0,42.0,/SNS/CNCS/IPTS-37274/nexus/CNCS_666912.nxs.h5
666911,108367,YbZn2GaO5,"YZGO, MAG9, Ei=4.65meV, T=0.07K, B=14.0T w=41.5deg",2025-10-25 22:33:34,2025-10-25 22:34:46,00:01:12,0.1,4.65,14.0,4.65,0.07,14.0,41.5,/SNS/CNCS/IPTS-37274/nexus/CNCS_666911.nxs.h5
666910,108367,YbZn2GaO5,"YZGO, MAG9, Ei=4.65meV, T=0.07K, B=14.0T w=41.0deg",2025-10-25 22:32:18,2025-10-25 22:33:30,00:01:11,0.1,4.65,14.0,4.65,0.07,14.0,41.0,/SNS/CNCS/IPTS-37274/nexus/CNCS_666910.nxs.h5
666909,108367,YbZn2GaO5,"YZGO, MAG9, Ei=4.65meV, T=0.07K, B=14.0T w=40.5deg",2025-10-25 22:31:03,2025-10-25 22:32:15,00:01:11,0.1,4.65,14.0,4.65,0.07,14.0,40.5,/SNS/CNCS/IPTS-37274/nexus/CNCS_666909.nxs.h5
666908,108367,YbZn2GaO5,"YZGO, MAG9, Ei=4.65meV, T=0.07K, B=14.0T w=40.0deg",2025-10-25 22:29:48,2025-10-25 22:31:00,00:01:11,0.1,4.65,14.0,4.65,0.07,14.0,40.0,/SNS/CNCS/IPTS-37274/nexus/CNCS_666908.nxs.h5
666907,108367,YbZn2GaO5,"YZGO, MAG9, Ei=4.65meV, T=0.07K, B=14.0T w=39.5deg",2025-10-25 22:28:33,2025-10-25 22:29:44,00:01:11,0.1,4.65,14.0,4.65,0.07,14.0,39.5,/SNS/CNCS/IPTS-37274/nexus/CNCS_666907.nxs.h5
666906,108367,YbZn2GaO5,"YZGO, MAG9, Ei=4.65meV, T=0.07K, B=14.0T w=39.0deg",2025-10-25 22:27:17,2025-10-25 22:28:29,00:01:11,0.1,4.65,14.0,4.65,0.07,14.0,39.0,/SNS/CNCS/IPTS-37274/nexus/CNCS_666906.nxs.h5
666905,108367,YbZn2GaO5,"YZGO, MAG9, Ei=4.65meV, T=0.07K, B=14.0T w=38.5deg",2025-10-25 22:26:02,2025-10-25 22:27:14,00:01:11,0.1,4.65,14.0,4.65,0.07,14.0,38.5,/SNS/CNCS/IPTS-37274/nexus/CNCS_666905.nxs.h5
666904,108367,YbZn2GaO5,"YZGO, MAG9, Ei=4.65meV, T=0.07K, B=14.0T w=38.0deg",2025-10-25 22:24:47,2025-10-25 22:25:58,00:01:11,0.1,4.65,14.0,4.65,0.07,14.0,38.0,/SNS/CNCS/IPTS-37274/nexus/CNCS_666904.nxs.h5
666903,108367,YbZn2GaO5,"YZGO, MAG9, Ei=4.65meV, T=0.07K, B=14.0T w=37.5deg",2025-10-25 22:23:31,2025-10-25 22:24:43,00:01:11,0.1,4.65,14.0,4.65,0.07,14.0,37.5,/SNS/CNCS/IPTS-37274/nexus/CNCS_666903.nxs.h5
666902,108367,YbZn2GaO5,"YZGO, MAG9, Ei=4.65meV, T=0.07K, B=14.0T w=37.0deg",2025-10-25 22:22:16,2025-10-25 22:23:28,00:01:11,0.1,4.65,14.0,4.65,0.07,14.0,37.0,/SNS/CNCS/IPTS-37274/nexus/CNCS_666902.nxs.h5
666901,108367,YbZn2GaO5,"YZGO, MAG9, Ei=4.65meV, T=0.07K, B=14.0T w=36.5deg",2025-10-25 22:21:01,2025-10-25 22:22:12,00:01:11,0.1,4.65,14.0,4.65,0.07,14.0,36.5,/SNS/CNCS/IPTS-37274/nexus/CNCS_666901.nxs.h5
666900,108367,YbZn2GaO5,"YZGO, MAG9, Ei=4.65meV, T=0.07K, B=14.0T w=36.0deg",2025-10-25 22:19:45,2025-10-25 22:20:57,00:01:11,0.1,4.65,14.0,4.65,0.07,14.0,36.0,/SNS/CNCS/IPTS-37274/nexus/CNCS_666900.nxs.h5
666899,108367,YbZn2GaO5,"YZGO, MAG9, Ei=4.65meV, T=0.07K, B=14.0T w=35.5deg",2025-10-25 22:18:30,2025-10-25 22:19:42,00:01:11,0.1,4.65,14.0,4.65,0.07,14.0,35.5,/SNS/CNCS/IPTS-37274/nexus/CNCS_666899.nxs.h5
666898,108367,YbZn2GaO5,"YZGO, MAG9, Ei=4.65meV, T=0.07K, B=14.0T w=35.0deg",2025-10-25 22:17:15,2025-10-25 22:18:26,00:01:11,0.1,4.65,14.0,4.65,0.07,14.0,35.0,/SNS/CNCS/IPTS-37274/nexus/CNCS_666898.nxs.h5
666897,108367,YbZn2GaO5,"YZGO, MAG9, Ei=4.65meV, T=0.07K, B=14.0T w=34.5deg",2025-10-25 22:15:59,2025-10-25 22:17:11,00:01:11,0.1,4.65,14.0,4.65,0.07,14.0,34.5,/SNS/CNCS/IPTS-37274/nexus/CNCS_666897.nxs.h5
666896,108367,YbZn2GaO5,"YZGO, MAG9, Ei=4.65meV, T=0.07K, B=14.0T w=34.0deg",2025-10-25 22:14:44,2025-10-25 22:15:56,00:01:11,0.1,4.65,14.0,4.65,0.07,14.0,34.0,/SNS/CNCS/IPTS-37274/nexus/CNCS_666896.nxs.h5
666895,108367,YbZn2GaO5,"YZGO, MAG9, Ei=4.65meV, T=0.07K, B=14.0T w=33.5deg",2025-10-25 22:13:29,2025-10-25 22:14:41,00:01:11,0.1,4.65,14.0,4.65,0.07,14.0,33.5,/SNS/CNCS/IPTS-37274/nexus/CNCS_666895.nxs.h5
666894,108367,YbZn2GaO5,"YZGO, MAG9, Ei=4.65meV, T=0.07K, B=14.0T w=33.0deg",2025-10-25 22:12:14,2025-10-25 22:13:25,00:01:11,0.1,4.65,14.0,4.65,0.07,14.0,33.0,/SNS/CNCS/IPTS-37274/nexus/CNCS_666894.nxs.h5
666893,108367,YbZn2GaO5,"YZGO, MAG9, Ei=4.65meV, T=0.07K, B=14.0T w=32.5deg",2025-10-25 22:10:58,2025-10-25 22:12:10,00:01:11,0.1,4.65,14.0,4.65,0.07,14.0,32.5,/SNS/CNCS/IPTS-37274/nexus/CNCS_666893.nxs.h5
666892,108367,YbZn2GaO5,"YZGO, MAG9, Ei=4.65meV, T=0.07K, B=14.0T w=32.0deg",2025-10-25 22:09:43,2025-10-25 22:10:55,00:01:11,0.1,4.65,14.0,4.65,0.07,14.0,32.0,/SNS/CNCS/IPTS-37274/nexus/CNCS_666892.nxs.h5
666891,108367,YbZn2GaO5,"YZGO, MAG9, Ei=4.65meV, T=0.07K, B=14.0T w=31.5deg",2025-10-25 22:08:28,2025-10-25 22:09:39,00:01:11,0.1,4.65,14.0,4.65,0.07,14.0,31.5,/SNS/CNCS/IPTS-37274/nexus/CNCS_666891.nxs.h5
666890,108367,YbZn2GaO5,"YZGO, MAG9, Ei=4.65meV, T=0.07K, B=14.0T w=31.0deg",2025-10-25 22:07:12,2025-10-25 22:08:24,00:01:11,0.1,4.65,14.0,4.65,0.07,14.0,31.0,/SNS/CNCS/IPTS-37274/nexus/CNCS_666890.nxs.h5
666889,108367,YbZn2GaO5,"YZGO, MAG9, Ei=4.65meV, T=0.07K, B=14.0T w=30.5deg",2025-10-25 22:05:57,2025-10-25 22:07:09,00:01:11,0.1,4.65,14.0,4.65,0.07,14.0,30.5,/SNS/CNCS/IPTS-37274/nexus/CNCS_666889.nxs.h5
666888,108367,YbZn2GaO5,"YZGO, MAG9, Ei=4.65meV, T=0.07K, B=14.0T w=30.0deg",2025-10-25 22:04:42,2025-10-25 22:05:53,00:01:11,0.1,4.65,14.0,4.65,0.07,14.0,30.0,/SNS/CNCS/IPTS-37274/nexus/CNCS_666888.nxs.h5
666887,108367,YbZn2GaO5,"YZGO, MAG9, Ei=4.65meV, T=0.07K, B=14.0T w=29.5deg",2025-10-25 22:03:26,2025-10-25 22:04:38,00:01:11,0.1,4.65,14.0,4.65,0.07,14.0,29.5,/SNS/CNCS/IPTS-37274/nexus/CNCS_666887.nxs.h5
666886,108367,YbZn2GaO5,"YZGO, MAG9, Ei=4.65meV, T=0.07K, B=14.0T w=29.0deg",2025-10-25 22:02:11,2025-10-25 22:03:23,00:01:11,0.1,4.65,14.0,4.65,0.07,14.0,29.0,/SNS/CNCS/IPTS-37274/nexus/CNCS_666886.nxs.h5
666885,108367,YbZn2GaO5,"YZGO, MAG9, Ei=4.65meV, T=0.07K, B=14.0T w=28.5deg",2025-10-25 22:00:56,2025-10-25 22:02:07,00:01:11,0.1,4.65,14.0,4.65,0.07,14.0,28.5,/SNS/CNCS/IPTS-37274/nexus/CNCS_666885.nxs.h5
666884,108367,YbZn2GaO5,"YZGO, MAG9, Ei=4.65meV, T=0.07K, B=14.0T w=28.0deg",2025-10-25 21:59:40,2025-10-25 22:00:52,00:01:11,0.1,4.65,14.0,4.65,0.07,14.0,28.0,/SNS/CNCS/IPTS-37274/nexus/CNCS_666884.nxs.h5
666883,108367,YbZn2GaO5,"YZGO, MAG9, Ei=4.65meV, T=0.07K, B=14.0T w=27.5deg",2025-10-25 21:58:25,2025-10-25 21:59:37,00:01:12,0.1,4.65,14.0,4.65,0.07,14.0,27.5,/SNS/CNCS/IPTS-37274/nexus/CNCS_666883.nxs.h5
666882,108367,YbZn2GaO5,"YZGO, MAG9, Ei=4.65meV, T=0.07K, B=14.0T w=27.0deg",2025-10-25 21:57:09,2025-10-25 21:58:21,00:01:11,0.1,4.65,14.0,4.65,0.07,14.0,27.0,/SNS/CNCS/IPTS-37274/nexus/CNCS_666882.nxs.h5
666881,108367,YbZn2GaO5,"YZGO, MAG9, Ei=4.65meV, T=0.07K, B=14.0T w=26.5deg",2025-10-25 21:55:54,2025-10-25 21:57:06,00:01:11,0.1,4.65,14.0,4.65,0.07,14.0,26.5,/SNS/CNCS/IPTS-37274/nexus/CNCS_666881.nxs.h5
666880,108367,YbZn2GaO5,"YZGO, MAG9, Ei=4.65meV, T=0.07K, B=14.0T w=26.0deg",2025-10-25 21:54:39,2025-10-25 21:55:50,00:01:11,0.1,4.65,14.0,4.65,0.07,14.0,26.0,/SNS/CNCS/IPTS-37274/nexus/CNCS_666880.nxs.h5
666879,108367,YbZn2GaO5,"YZGO, MAG9, Ei=4.65meV, T=0.07K, B=14.0T w=25.5deg",2025-10-25 21:53:23,2025-10-25 21:54:35,00:01:11,0.1,4.65,14.0,4.65,0.07,14.0,25.5,/SNS/CNCS/IPTS-37274/nexus/CNCS_666879.nxs.h5
666878,108367,YbZn2GaO5,"YZGO, MAG9, Ei=4.65meV, T=0.07K, B=14.0T w=25.0deg",2025-10-25 21:52:08,2025-10-25 21:53:20,00:01:11,0.1,4.65,14.0,4.65,0.07,14.0,25.0,/SNS/CNCS/IPTS-37274/nexus/CNCS_666878.nxs.h5
666877,108367,YbZn2GaO5,"YZGO, MAG9, Ei=4.65meV, T=0.07K, B=14.0T w=24.5deg",2025-10-25 21:50:53,2025-10-25 21:52:05,00:01:11,0.1,4.65,14.0,4.65,0.07,14.0,24.5,/SNS/CNCS/IPTS-37274/nexus/CNCS_666877.nxs.h5
666876,108367,YbZn2GaO5,"YZGO, MAG9, Ei=4.65meV, T=0.07K, B=14.0T w=24.0deg",2025-10-25 21:49:38,2025-10-25 21:50:49,00:01:11,0.1,4.65,14.0,4.65,0.07,14.0,24.0,/SNS/CNCS/IPTS-37274/nexus/CNCS_666876.nxs.h5
666875,108367,YbZn2GaO5,"YZGO, MAG9, Ei=4.65meV, T=0.07K, B=14.0T w=23.5deg",2025-10-25 21:48:22,2025-10-25 21:49:34,00:01:11,0.1,4.65,14.0,4.65,0.07,14.0,23.5,/SNS/CNCS/IPTS-37274/nexus/CNCS_666875.nxs.h5
666874,108367,YbZn2GaO5,"YZGO, MAG9, Ei=4.65meV, T=0.07K, B=14.0T w=23.0deg",2025-10-25 21:47:07,2025-10-25 21:48:19,00:01:11,0.1,4.65,14.0,4.65,0.07,14.0,23.0,/SNS/CNCS/IPTS-37274/nexus/CNCS_666874.nxs.h5
666873,108367,YbZn2GaO5,"YZGO, MAG9, Ei=4.65meV, T=0.07K, B=14.0T w=22.5deg",2025-10-25 21:45:52,2025-10-25 21:47:03,00:01:11,0.1,4.65,14.0,4.65,0.07,14.0,22.5,/SNS/CNCS/IPTS-37274/nexus/CNCS_666873.nxs.h5
666872,108367,YbZn2GaO5,"YZGO, MAG9, Ei=4.65meV, T=0.07K, B=14.0T w=22.0deg",2025-10-25 21:44:36,2025-10-25 21:45:48,00:01:11,0.1,4.65,14.0,4.65,0.07,14.0,22.0,/SNS/CNCS/IPTS-37274/nexus/CNCS_666872.nxs.h5
666871,108367,YbZn2GaO5,"YZGO, MAG9, Ei=4.65meV, T=0.07K, B=14.0T w=21.5deg",2025-10-25 21:43:21,2025-10-25 21:44:33,00:01:11,0.1,4.65,14.0,4.65,0.07,14.0,21.5,/SNS/CNCS/IPTS-37274/nexus/CNCS_666871.nxs.h5
666870,108367,YbZn2GaO5,"YZGO, MAG9, Ei=4.65meV, T=0.07K, B=14.0T w=21.0deg",2025-10-25 21:42:05,2025-10-25 21:43:17,00:01:12,0.1,4.65,14.0,4.65,0.07,14.0,21.0,/SNS/CNCS/IPTS-37274/nexus/CNCS_666870.nxs.h5
666869,108367,YbZn2GaO5,"YZGO, MAG9, Ei=4.65meV, T=0.07K, B=14.0T w=20.5deg",2025-10-25 21:40:50,2025-10-25 21:42:02,00:01:11,0.1,4.65,14.0,4.65,0.07,14.0,20.5,/SNS/CNCS/IPTS-37274/nexus/CNCS_666869.nxs.h5
666868,108367,YbZn2GaO5,"YZGO, MAG9, Ei=4.65meV, T=0.07K, B=14.0T w=20.0deg",2025-10-25 21:39:35,2025-10-25 21:40:46,00:01:11,0.1,4.65,14.0,4.65,0.07,14.0,20.0,/SNS/CNCS/IPTS-37274/nexus/CNCS_666868.nxs.h5
666867,108367,YbZn2GaO5,"YZGO, MAG9, Ei=4.65meV, T=0.07K, B=14.0T w=19.5deg",2025-10-25 21:38:19,2025-10-25 21:39:31,00:01:11,0.1,4.65,14.0,4.65,0.07,14.0,19.5,/SNS/CNCS/IPTS-37274/nexus/CNCS_666867.nxs.h5
666866,108367,YbZn2GaO5,"YZGO, MAG9, Ei=4.65meV, T=0.07K, B=14.0T w=19.0deg",2025-10-25 21:37:04,2025-10-25 21:38:16,00:01:11,0.1,4.65,14.0,4.65,0.07,14.0,19.0,/SNS/CNCS/IPTS-37274/nexus/CNCS_666866.nxs.h5
666865,108367,YbZn2GaO5,"YZGO, MAG9, Ei=4.65meV, T=0.07K, B=14.0T w=18.5deg",2025-10-25 21:35:49,2025-10-25 21:37:00,00:01:11,0.1,4.65,14.0,4.65,0.07,14.0,18.5,/SNS/CNCS/IPTS-37274/nexus/CNCS_666865.nxs.h5
666864,108367,YbZn2GaO5,"YZGO, MAG9, Ei=4.65meV, T=0.07K, B=14.0T w=18.0deg",2025-10-25 21:34:33,2025-10-25 21:35:45,00:01:11,0.1,4.65,14.0,4.65,0.07,14.0,18.0,/SNS/CNCS/IPTS-37274/nexus/CNCS_666864.nxs.h5
666863,108367,YbZn2GaO5,"YZGO, MAG9, Ei=4.65meV, T=0.07K, B=14.0T w=17.5deg",2025-10-25 21:33:18,2025-10-25 21:34:30,00:01:11,0.1,4.65,14.0,4.65,0.07,14.0,17.5,/SNS/CNCS/IPTS-37274/nexus/CNCS_666863.nxs.h5
666862,108367,YbZn2GaO5,"YZGO, MAG9, Ei=4.65meV, T=0.07K, B=14.0T w=17.0deg",2025-10-25 21:32:03,2025-10-25 21:33:15,00:01:11,0.1,4.65,14.0,4.65,0.07,14.0,17.0,/SNS/CNCS/IPTS-37274/nexus/CNCS_666862.nxs.h5
666861,108367,YbZn2GaO5,"YZGO, MAG9, Ei=4.65meV, T=0.07K, B=14.0T w=16.5deg",2025-10-25 21:30:48,2025-10-25 21:31:59,00:01:11,0.1,4.65,14.0,4.65,0.07,14.0,16.5,/SNS/CNCS/IPTS-37274/nexus/CNCS_666861.nxs.h5
666860,108367,YbZn2GaO5,"YZGO, MAG9, Ei=4.65meV, T=0.07K, B=14.0T w=16.0deg",2025-10-25 21:29:32,2025-10-25 21:30:44,00:01:11,0.1,4.65,14.0,4.65,0.07,14.0,16.0,/SNS/CNCS/IPTS-37274/nexus/CNCS_666860.nxs.h5
666859,108367,YbZn2GaO5,"YZGO, MAG9, Ei=4.65meV, T=0.07K, B=14.0T w=15.5deg",2025-10-25 21:28:17,2025-10-25 21:29:29,00:01:11,0.1,4.65,14.0,4.65,0.07,14.0,15.5,/SNS/CNCS/IPTS-37274/nexus/CNCS_666859.nxs.h5
666858,108367,YbZn2GaO5,"YZGO, MAG9, Ei=4.65meV, T=0.07K, B=14.0T w=15.0deg",2025-10-25 21:27:02,2025-10-25 21:28:13,00:01:11,0.1,4.65,14.0,4.65,0.07,14.0,15.0,/SNS/CNCS/IPTS-37274/nexus/CNCS_666858.nxs.h5
666857,108367,YbZn2GaO5,"YZGO, MAG9, Ei=4.65meV, T=0.07K, B=14.0T w=14.5deg",2025-10-25 21:25:46,2025-10-25 21:26:58,00:01:11,0.1,4.65,14.0,4.65,0.07,14.0,14.5,/SNS/CNCS/IPTS-37274/nexus/CNCS_666857.nxs.h5
666856,108367,YbZn2GaO5,"YZGO, MAG9, Ei=4.65meV, T=0.07K, B=14.0T w=14.0deg",2025-10-25 21:24:31,2025-10-25 21:25:43,00:01:11,0.1,4.65,14.0,4.65,0.07,14.0,14.0,/SNS/CNCS/IPTS-37274/nexus/CNCS_666856.nxs.h5
666855,108367,YbZn2GaO5,"YZGO, MAG9, Ei=4.65meV, T=0.07K, B=14.0T w=13.5deg",2025-10-25 21:23:16,2025-10-25 21:24:28,00:01:11,0.1,4.65,14.0,4.65,0.07,14.0,13.5,/SNS/CNCS/IPTS-37274/nexus/CNCS_666855.nxs.h5
666854,108367,YbZn2GaO5,"YZGO, MAG9, Ei=4.65meV, T=0.07K, B=14.0T w=13.0deg",2025-10-25 21:22:01,2025-10-25 21:23:12,00:01:11,0.1,4.65,14.0,4.65,0.07,14.0,13.0,/SNS/CNCS/IPTS-37274/nexus/CNCS_666854.nxs.h5
666853,108367,YbZn2GaO5,"YZGO, MAG9, Ei=4.65meV, T=0.07K, B=14.0T w=12.5deg",2025-10-25 21:20:45,2025-10-25 21:21:57,00:01:12,0.1,4.65,14.0,4.65,0.07,14.0,12.5,/SNS/CNCS/IPTS-37274/nexus/CNCS_666853.nxs.h5
666852,108367,YbZn2GaO5,"YZGO, MAG9, Ei=4.65meV, T=0.07K, B=14.0T w=12.0deg",2025-10-25 21:19:29,2025-10-25 21:20:41,00:01:11,0.1,4.65,14.0,4.65,0.07,14.0,12.0,/SNS/CNCS/IPTS-37274/nexus/CNCS_666852.nxs.h5
666851,108367,YbZn2GaO5,"YZGO, MAG9, Ei=4.65meV, T=0.07K, B=14.0T w=11.5deg",2025-10-25 21:18:14,2025-10-25 21:19:26,00:01:11,0.1,4.65,14.0,4.65,0.07,14.0,11.5,/SNS/CNCS/IPTS-37274/nexus/CNCS_666851.nxs.h5
666850,108367,YbZn2GaO5,"YZGO, MAG9, Ei=4.65meV, T=0.07K, B=14.0T w=11.0deg",2025-10-25 21:16:58,2025-10-25 21:18:10,00:01:11,0.1,4.65,14.0,4.65,0.07,14.0,11.0,/SNS/CNCS/IPTS-37274/nexus/CNCS_666850.nxs.h5
666849,108367,YbZn2GaO5,"YZGO, MAG9, Ei=4.65meV, T=0.07K, B=14.0T w=10.5deg",2025-10-25 21:15:42,2025-10-25 21:16:55,00:01:13,0.1,4.65,14.0,4.65,0.07,14.0,10.5,/SNS/CNCS/IPTS-37274/nexus/CNCS_666849.nxs.h5
666848,108367,YbZn2GaO5,"YZGO, MAG9, Ei=4.65meV, T=0.07K, B=14.0T w=10.0deg",2025-10-25 21:14:26,2025-10-25 21:15:38,00:01:12,0.1,4.65,14.0,4.65,0.07,14.0,10.0,/SNS/CNCS/IPTS-37274/nexus/CNCS_666848.nxs.h5
666847,108367,YbZn2GaO5,"YZGO, MAG9, Ei=4.65meV, T=0.07K, B=14.0T w=9.5deg",2025-10-25 21:13:10,2025-10-25 21:14:22,00:01:11,0.1,4.65,14.0,4.65,0.07,14.0,9.5,/SNS/CNCS/IPTS-37274/nexus/CNCS_666847.nxs.h5
666846,108367,YbZn2GaO5,"YZGO, MAG9, Ei=4.65meV, T=0.07K, B=14.0T w=9.0deg",2025-10-25 21:11:55,2025-10-25 21:13:07,00:01:11,0.1,4.65,14.0,4.65,0.07,14.0,9.0,/SNS/CNCS/IPTS-37274/nexus/CNCS_666846.nxs.h5
666845,108367,YbZn2GaO5,"YZGO, MAG9, Ei=4.65meV, T=0.07K, B=14.0T w=8.5deg",2025-10-25 21:10:39,2025-10-25 21:11:51,00:01:11,0.1,4.65,14.0,4.65,0.07,14.0,8.5,/SNS/CNCS/IPTS-37274/nexus/CNCS_666845.nxs.h5
666844,108367,YbZn2GaO5,"YZGO, MAG9, Ei=4.65meV, T=0.07K, B=14.0T w=8.0deg",2025-10-25 21:09:24,2025-10-25 21:10:35,00:01:11,0.1,4.65,14.0,4.65,0.07,14.0,8.0,/SNS/CNCS/IPTS-37274/nexus/CNCS_666844.nxs.h5
666843,108367,YbZn2GaO5,"YZGO, MAG9, Ei=4.65meV, T=0.07K, B=14.0T w=7.5deg",2025-10-25 21:08:08,2025-10-25 21:09:20,00:01:11,0.1,4.65,14.0,4.65,0.07,14.0,7.5,/SNS/CNCS/IPTS-37274/nexus/CNCS_666843.nxs.h5
666842,108367,YbZn2GaO5,"YZGO, MAG9, Ei=4.65meV, T=0.07K, B=14.0T w=7.0deg",2025-10-25 21:06:51,2025-10-25 21:08:05,00:01:13,0.1,4.65,14.0,4.65,0.07,14.0,7.0,/SNS/CNCS/IPTS-37274/nexus/CNCS_666842.nxs.h5
666841,108367,YbZn2GaO5,"YZGO, MAG9, Ei=4.65meV, T=0.07K, B=14.0T w=6.5deg",2025-10-25 21:05:36,2025-10-25 21:06:48,00:01:11,0.1,4.65,14.0,4.65,0.07,14.0,6.5,/SNS/CNCS/IPTS-37274/nexus/CNCS_666841.nxs.h5
666840,108367,YbZn2GaO5,"YZGO, MAG9, Ei=4.65meV, T=0.07K, B=14.0T w=6.0deg",2025-10-25 21:04:21,2025-10-25 21:05:32,00:01:11,0.1,4.65,14.0,4.65,0.07,14.0,6.0,/SNS/CNCS/IPTS-37274/nexus/CNCS_666840.nxs.h5
666839,108367,YbZn2GaO5,"YZGO, MAG9, Ei=4.65meV, T=0.07K, B=14.0T w=5.5deg",2025-10-25 21:03:05,2025-10-25 21:04:17,00:01:11,0.1,4.65,14.0,4.65,0.07,14.0,5.5,/SNS/CNCS/IPTS-37274/nexus/CNCS_666839.nxs.h5
666838,108367,YbZn2GaO5,"YZGO, MAG9, Ei=4.65meV, T=0.07K, B=14.0T w=5.0deg",2025-10-25 21:01:50,2025-10-25 21:03:02,00:01:11,0.1,4.65,14.0,4.65,0.07,14.0,5.0,/SNS/CNCS/IPTS-37274/nexus/CNCS_666838.nxs.h5
666837,108367,YbZn2GaO5,"YZGO, MAG9, Ei=4.65meV, T=0.07K, B=14.0T w=4.5deg",2025-10-25 21:00:34,2025-10-25 21:01:46,00:01:12,0.1,4.65,14.0,4.65,0.07,14.0,4.5,/SNS/CNCS/IPTS-37274/nexus/CNCS_666837.nxs.h5
666836,108367,YbZn2GaO5,"YZGO, MAG9, Ei=4.65meV, T=0.07K, B=14.0T w=4.0deg",2025-10-25 20:59:19,2025-10-25 21:00:30,00:01:11,0.1,4.65,14.0,4.65,0.07,14.0,4.0,/SNS/CNCS/IPTS-37274/nexus/CNCS_666836.nxs.h5
666835,108367,YbZn2GaO5,"YZGO, MAG9, Ei=4.65meV, T=0.07K, B=14.0T w=3.5deg",2025-10-25 20:58:03,2025-10-25 20:59:15,00:01:11,0.1,4.65,14.0,4.65,0.07,14.0,3.5,/SNS/CNCS/IPTS-37274/nexus/CNCS_666835.nxs.h5
666834,108367,YbZn2GaO5,"YZGO, MAG9, Ei=4.65meV, T=0.07K, B=14.0T w=3.0deg",2025-10-25 20:56:48,2025-10-25 20:58:00,00:01:11,0.1,4.65,14.0,4.65,0.07,14.0,3.0,/SNS/CNCS/IPTS-37274/nexus/CNCS_666834.nxs.h5
666833,108367,YbZn2GaO5,"YZGO, MAG9, Ei=4.65meV, T=0.07K, B=14.0T w=2.5deg",2025-10-25 20:55:32,2025-10-25 20:56:44,00:01:12,0.1,4.65,14.0,4.65,0.07,14.0,2.5,/SNS/CNCS/IPTS-37274/nexus/CNCS_666833.nxs.h5
666832,108367,YbZn2GaO5,"YZGO, MAG9, Ei=4.65meV, T=0.07K, B=14.0T w=2.0deg",2025-10-25 20:54:17,2025-10-25 20:55:29,00:01:11,0.1,4.65,14.0,4.65,0.07,14.0,2.0,/SNS/CNCS/IPTS-37274/nexus/CNCS_666832.nxs.h5
666831,108367,YbZn2GaO5,"YZGO, MAG9, Ei=4.65meV, T=0.07K, B=14.0T w=1.5deg",2025-10-25 20:53:01,2025-10-25 20:54:13,00:01:11,0.1,4.65,14.0,4.65,0.07,14.0,1.5,/SNS/CNCS/IPTS-37274/nexus/CNCS_666831.nxs.h5
666830,108367,YbZn2GaO5,"YZGO, MAG9, Ei=4.65meV, T=0.07K, B=14.0T w=1.0deg",2025-10-25 20:51:46,2025-10-25 20:52:58,00:01:11,0.1,4.65,14.0,4.65,0.07,14.0,1.0,/SNS/CNCS/IPTS-37274/nexus/CNCS_666830.nxs.h5
666829,108367,YbZn2GaO5,"YZGO, MAG9, Ei=4.65meV, T=0.07K, B=14.0T w=0.5deg",2025-10-25 20:50:31,2025-10-25 20:51:43,00:01:11,0.1,4.65,14.0,4.65,0.07,14.0,0.5,/SNS/CNCS/IPTS-37274/nexus/CNCS_666829.nxs.h5
666828,108367,YbZn2GaO5,"YZGO, MAG9, Ei=4.65meV, T=0.07K, B=14.0T w=0.0deg",2025-10-25 20:49:15,2025-10-25 20:50:27,00:01:12,0.1,4.65,14.0,4.65,0.07,14.0,0.0,/SNS/CNCS/IPTS-37274/nexus/CNCS_666828.nxs.h5
666827,108367,YbZn2GaO5,"YZGO, MAG9, Ei=4.65meV, T=0.07K, B=14.0T w=-0.5deg",2025-10-25 20:48:00,2025-10-25 20:49:11,00:01:11,0.1,4.65,14.0,4.65,0.07,14.0,-0.5,/SNS/CNCS/IPTS-37274/nexus/CNCS_666827.nxs.h5
666826,108367,YbZn2GaO5,"YZGO, MAG9, Ei=4.65meV, T=0.07K, B=14.0T w=-1.0deg",2025-10-25 20:46:44,2025-10-25 20:47:56,00:01:11,0.1,4.65,14.0,4.65,0.07,14.0,-1.0,/SNS/CNCS/IPTS-37274/nexus/CNCS_666826.nxs.h5
666825,108367,YbZn2GaO5,"YZGO, MAG9, Ei=4.65meV, T=0.07K, B=14.0T w=-1.5deg",2025-10-25 20:45:29,2025-10-25 20:46:41,00:01:12,0.1,4.65,14.0,4.65,0.07,14.0,-1.5,/SNS/CNCS/IPTS-37274/nexus/CNCS_666825.nxs.h5
666824,108367,YbZn2GaO5,"YZGO, MAG9, Ei=4.65meV, T=0.07K, B=14.0T w=-2.0deg",2025-10-25 20:44:13,2025-10-25 20:45:25,00:01:12,0.1,4.65,14.0,4.65,0.07,14.0,-2.0,/SNS/CNCS/IPTS-37274/nexus/CNCS_666824.nxs.h5
666823,108367,YbZn2GaO5,"YZGO, MAG9, Ei=4.65meV, T=0.07K, B=14.0T w=-2.5deg",2025-10-25 20:42:57,2025-10-25 20:44:09,00:01:11,0.1,4.65,14.0,4.65,0.07,14.0,-2.5,/SNS/CNCS/IPTS-37274/nexus/CNCS_666823.nxs.h5
666822,108367,YbZn2GaO5,"YZGO, MAG9, Ei=4.65meV, T=0.07K, B=14.0T w=-3.0deg",2025-10-25 20:41:42,2025-10-25 20:42:53,00:01:11,0.1,4.65,14.0,4.65,0.07,14.0,-3.0,/SNS/CNCS/IPTS-37274/nexus/CNCS_666822.nxs.h5
666821,108367,YbZn2GaO5,"YZGO, MAG9, Ei=4.65meV, T=0.07K, B=14.0T w=-3.5deg",2025-10-25 20:40:26,2025-10-25 20:41:38,00:01:12,0.1,4.65,14.0,4.65,0.07,14.0,-3.5,/SNS/CNCS/IPTS-37274/nexus/CNCS_666821.nxs.h5
666820,108367,YbZn2GaO5,"YZGO, MAG9, Ei=4.65meV, T=0.07K, B=14.0T w=-4.0deg",2025-10-25 20:39:11,2025-10-25 20:40:22,00:01:11,0.1,4.65,14.0,4.65,0.07,14.0,-4.0,/SNS/CNCS/IPTS-37274/nexus/CNCS_666820.nxs.h5
666819,108367,YbZn2GaO5,"YZGO, MAG9, Ei=4.65meV, T=0.07K, B=14.0T w=-4.5deg",2025-10-25 20:37:55,2025-10-25 20:39:07,00:01:12,0.1,4.65,14.0,4.65,0.07,14.0,-4.5,/SNS/CNCS/IPTS-37274/nexus/CNCS_666819.nxs.h5
666818,108367,YbZn2GaO5,"YZGO, MAG9, Ei=4.65meV, T=0.07K, B=14.0T w=-5.0deg",2025-10-25 20:36:40,2025-10-25 20:37:51,00:01:11,0.1,4.65,14.0,4.65,0.07,14.0,-5.0,/SNS/CNCS/IPTS-37274/nexus/CNCS_666818.nxs.h5
666817,108367,YbZn2GaO5,"YZGO, MAG9, Ei=4.65meV, T=0.07K, B=14.0T w=-5.5deg",2025-10-25 20:35:24,2025-10-25 20:36:36,00:01:12,0.1,4.65,14.0,4.65,0.07,14.0,-5.5,/SNS/CNCS/IPTS-37274/nexus/CNCS_666817.nxs.h5
666816,108367,YbZn2GaO5,"YZGO, MAG9, Ei=4.65meV, T=0.07K, B=14.0T w=-6.0deg",2025-10-25 20:34:08,2025-10-25 20:35:20,00:01:11,0.1,4.65,14.0,4.65,0.07,14.0,-6.0,/SNS/CNCS/IPTS-37274/nexus/CNCS_666816.nxs.h5
666815,108367,YbZn2GaO5,"YZGO, MAG9, Ei=4.65meV, T=0.07K, B=14.0T w=-6.5deg",2025-10-25 20:32:53,2025-10-25 20:34:05,00:01:11,0.1,4.65,14.0,4.65,0.07,14.0,-6.5,/SNS/CNCS/IPTS-37274/nexus/CNCS_666815.nxs.h5
666814,108367,YbZn2GaO5,"YZGO, MAG9, Ei=4.65meV, T=0.07K, B=14.0T w=-7.0deg",2025-10-25 20:31:38,2025-10-25 20:32:50,00:01:11,0.1,4.65,14.0,4.65,0.07,14.0,-7.0,/SNS/CNCS/IPTS-37274/nexus/CNCS_666814.nxs.h5
666813,108367,YbZn2GaO5,"YZGO, MAG9, Ei=4.65meV, T=0.07K, B=14.0T w=-7.5deg",2025-10-25 20:30:22,2025-10-25 20:31:34,00:01:12,0.1,4.65,14.0,4.65,0.07,14.0,-7.5,/SNS/CNCS/IPTS-37274/nexus/CNCS_666813.nxs.h5
666812,108367,YbZn2GaO5,"YZGO, MAG9, Ei=4.65meV, T=0.07K, B=14.0T w=-8.0deg",2025-10-25 20:29:07,2025-10-25 20:30:18,00:01:11,0.1,4.65,14.0,4.65,0.07,14.0,-8.0,/SNS/CNCS/IPTS-37274/nexus/CNCS_666812.nxs.h5
666811,108367,YbZn2GaO5,"YZGO, MAG9, Ei=4.65meV, T=0.07K, B=14.0T w=-8.5deg",2025-10-25 20:27:51,2025-10-25 20:29:03,00:01:12,0.1,4.65,14.0,4.65,0.07,14.0,-8.5,/SNS/CNCS/IPTS-37274/nexus/CNCS_666811.nxs.h5
666810,108367,YbZn2GaO5,"YZGO, MAG9, Ei=4.65meV, T=0.07K, B=14.0T w=-9.0deg",2025-10-25 20:26:35,2025-10-25 20:27:47,00:01:11,0.1,4.65,14.0,4.65,0.07,14.0,-9.0,/SNS/CNCS/IPTS-37274/nexus/CNCS_666810.nxs.h5
666809,108367,YbZn2GaO5,"YZGO, MAG9, Ei=4.65meV, T=0.07K, B=14.0T w=-9.5deg",2025-10-25 20:25:20,2025-10-25 20:26:32,00:01:11,0.1,4.65,14.0,4.65,0.07,14.0,-9.5,/SNS/CNCS/IPTS-37274/nexus/CNCS_666809.nxs.h5
666808,108367,YbZn2GaO5,"YZGO, MAG9, Ei=4.65meV, T=0.07K, B=14.0T w=-10.0deg",2025-10-25 20:16:48,2025-10-25 20:25:16,00:08:28,0.1,4.65,14.0,4.65,0.07,14.0,-10.0,/SNS/CNCS/IPTS-37274/nexus/CNCS_666808.nxs.h5
666807,108367,YbZn2GaO5,"YZGO, MAG9, Ei=4.65meV, T=0.07K, B=14.0T w=-10.5deg",2025-10-25 20:15:33,2025-10-25 20:16:45,00:01:11,0.1,4.65,14.0,4.65,0.07,14.0,-10.5,/SNS/CNCS/IPTS-37274/nexus/CNCS_666807.nxs.h5
666806,108367,YbZn2GaO5,"YZGO, MAG9, Ei=4.65meV, T=0.07K, B=14.0T w=-11.0deg",2025-10-25 20:14:17,2025-10-25 20:15:29,00:01:11,0.1,4.65,14.0,4.65,0.07,14.0,-11.0,/SNS/CNCS/IPTS-37274/nexus/CNCS_666806.nxs.h5
666805,108367,YbZn2GaO5,"YZGO, MAG9, Ei=4.65meV, T=0.07K, B=14.0T w=-11.5deg",2025-10-25 20:13:02,2025-10-25 20:14:14,00:01:11,0.1,4.65,14.0,4.65,0.07,14.0,-11.5,/SNS/CNCS/IPTS-37274/nexus/CNCS_666805.nxs.h5
666804,108367,YbZn2GaO5,"YZGO, MAG9, Ei=4.65meV, T=0.07K, B=14.0T w=-12.0deg",2025-10-25 20:11:46,2025-10-25 20:12:58,00:01:11,0.1,4.65,14.0,4.65,0.07,14.0,-12.0,/SNS/CNCS/IPTS-37274/nexus/CNCS_666804.nxs.h5
666803,108367,YbZn2GaO5,"YZGO, MAG9, Ei=4.65meV, T=0.07K, B=14.0T w=-12.5deg",2025-10-25 20:10:31,2025-10-25 20:11:43,00:01:11,0.1,4.65,14.0,4.65,0.07,14.0,-12.5,/SNS/CNCS/IPTS-37274/nexus/CNCS_666803.nxs.h5
666802,108367,YbZn2GaO5,"YZGO, MAG9, Ei=4.65meV, T=0.07K, B=14.0T w=-13.0deg",2025-10-25 20:09:16,2025-10-25 20:10:27,00:01:11,0.1,4.65,14.0,4.65,0.07,14.0,-13.0,/SNS/CNCS/IPTS-37274/nexus/CNCS_666802.nxs.h5
666801,108367,YbZn2GaO5,"YZGO, MAG9, Ei=4.65meV, T=0.07K, B=14.0T w=-13.5deg",2025-10-25 20:08:00,2025-10-25 20:09:12,00:01:12,0.1,4.65,14.0,4.65,0.07,14.0,-13.5,/SNS/CNCS/IPTS-37274/nexus/CNCS_666801.nxs.h5
666800,108367,YbZn2GaO5,"YZGO, MAG9, Ei=4.65meV, T=0.07K, B=14.0T w=-14.0deg",2025-10-25 20:06:45,2025-10-25 20:07:56,00:01:11,0.1,4.65,14.0,4.65,0.07,14.0,-14.0,/SNS/CNCS/IPTS-37274/nexus/CNCS_666800.nxs.h5
666799,108367,YbZn2GaO5,"YZGO, MAG9, Ei=4.65meV, T=0.07K, B=14.0T w=-14.5deg",2025-10-25 20:05:29,2025-10-25 20:06:41,00:01:11,0.1,4.65,14.0,4.65,0.07,14.0,-14.5,/SNS/CNCS/IPTS-37274/nexus/CNCS_666799.nxs.h5
666798,108367,YbZn2GaO5,"YZGO, MAG9, Ei=4.65meV, T=0.07K, B=14.0T w=-15.0deg",2025-10-25 20:04:14,2025-10-25 20:05:26,00:01:12,0.1,4.65,14.0,4.65,0.07,14.0,-15.0,/SNS/CNCS/IPTS-37274/nexus/CNCS_666798.nxs.h5
666797,108367,YbZn2GaO5,"YZGO, MAG9, Ei=4.65meV, T=0.07K, B=14.0T w=-15.5deg",2025-10-25 20:02:58,2025-10-25 20:04:10,00:01:11,0.1,4.65,14.0,4.65,0.07,14.0,-15.5,/SNS/CNCS/IPTS-37274/nexus/CNCS_666797.nxs.h5
666796,108367,YbZn2GaO5,"YZGO, MAG9, Ei=4.65meV, T=0.07K, B=14.0T w=-16.0deg",2025-10-25 20:01:42,2025-10-25 20:02:55,00:01:12,0.1,4.65,14.0,4.65,0.07,14.0,-16.0,/SNS/CNCS/IPTS-37274/nexus/CNCS_666796.nxs.h5
666795,108367,YbZn2GaO5,"YZGO, MAG9, Ei=4.65meV, T=0.07K, B=14.0T w=-16.5deg",2025-10-25 20:00:27,2025-10-25 20:01:39,00:01:11,0.1,4.65,14.0,4.65,0.07,14.0,-16.5,/SNS/CNCS/IPTS-37274/nexus/CNCS_666795.nxs.h5
666794,108367,YbZn2GaO5,"YZGO, MAG9, Ei=4.65meV, T=0.07K, B=14.0T w=-17.0deg",2025-10-25 19:59:12,2025-10-25 20:00:24,00:01:11,0.1,4.65,14.0,4.65,0.07,14.0,-17.0,/SNS/CNCS/IPTS-37274/nexus/CNCS_666794.nxs.h5
666793,108367,YbZn2GaO5,"YZGO, MAG9, Ei=4.65meV, T=0.07K, B=14.0T w=-17.5deg",2025-10-25 19:57:57,2025-10-25 19:59:08,00:01:11,0.1,4.65,14.0,4.65,0.07,14.0,-17.5,/SNS/CNCS/IPTS-37274/nexus/CNCS_666793.nxs.h5
666792,108367,YbZn2GaO5,"YZGO, MAG9, Ei=4.65meV, T=0.07K, B=14.0T w=-18.0deg",2025-10-25 19:56:41,2025-10-25 19:57:53,00:01:11,0.1,4.65,14.0,4.65,0.07,14.0,-18.0,/SNS/CNCS/IPTS-37274/nexus/CNCS_666792.nxs.h5
666791,108367,YbZn2GaO5,"YZGO, MAG9, Ei=4.65meV, T=0.07K, B=14.0T w=-18.5deg",2025-10-25 19:55:26,2025-10-25 19:56:38,00:01:12,0.1,4.65,14.0,4.65,0.07,14.0,-18.5,/SNS/CNCS/IPTS-37274/nexus/CNCS_666791.nxs.h5
666790,108367,YbZn2GaO5,"YZGO, MAG9, Ei=4.65meV, T=0.07K, B=14.0T w=-19.0deg",2025-10-25 19:54:10,2025-10-25 19:55:22,00:01:11,0.1,4.65,14.0,4.65,0.07,14.0,-19.0,/SNS/CNCS/IPTS-37274/nexus/CNCS_666790.nxs.h5
666789,108367,YbZn2GaO5,"YZGO, MAG9, Ei=4.65meV, T=0.07K, B=14.0T w=-19.5deg",2025-10-25 19:52:55,2025-10-25 19:54:07,00:01:11,0.1,4.65,14.0,4.65,0.07,14.0,-19.5,/SNS/CNCS/IPTS-37274/nexus/CNCS_666789.nxs.h5
666788,108367,YbZn2GaO5,"YZGO, MAG9, Ei=4.65meV, T=0.07K, B=14.0T w=-20.0deg",2025-10-25 19:51:40,2025-10-25 19:52:51,00:01:11,0.1,4.65,14.0,4.65,0.07,14.0,-20.0,/SNS/CNCS/IPTS-37274/nexus/CNCS_666788.nxs.h5
666787,108367,YbZn2GaO5,"YZGO, MAG9, Ei=4.65meV, T=0.07K, B=14.0T w=-20.5deg",2025-10-25 19:50:24,2025-10-25 19:51:36,00:01:12,0.1,4.65,14.0,4.65,0.07,14.0,-20.5,/SNS/CNCS/IPTS-37274/nexus/CNCS_666787.nxs.h5
666786,108367,YbZn2GaO5,"YZGO, MAG9, Ei=4.65meV, T=0.07K, B=14.0T w=-21.0deg",2025-10-25 19:49:08,2025-10-25 19:50:20,00:01:12,0.1,4.65,14.0,4.65,0.07,14.0,-21.0,/SNS/CNCS/IPTS-37274/nexus/CNCS_666786.nxs.h5
666785,108367,YbZn2GaO5,"YZGO, MAG9, Ei=4.65meV, T=0.07K, B=14.0T w=-21.5deg",2025-10-25 19:47:53,2025-10-25 19:49:05,00:01:11,0.1,4.65,14.0,4.65,0.07,14.0,-21.5,/SNS/CNCS/IPTS-37274/nexus/CNCS_666785.nxs.h5
666784,108367,YbZn2GaO5,"YZGO, MAG9, Ei=4.65meV, T=0.07K, B=14.0T w=-22.0deg",2025-10-25 19:46:37,2025-10-25 19:47:49,00:01:12,0.1,4.65,14.0,4.65,0.07,14.0,-22.0,/SNS/CNCS/IPTS-37274/nexus/CNCS_666784.nxs.h5
666783,108367,YbZn2GaO5,"YZGO, MAG9, Ei=4.65meV, T=0.07K, B=14.0T w=-22.5deg",2025-10-25 19:45:21,2025-10-25 19:46:33,00:01:12,0.1,4.65,14.0,4.65,0.07,14.0,-22.5,/SNS/CNCS/IPTS-37274/nexus/CNCS_666783.nxs.h5
666782,108367,YbZn2GaO5,"YZGO, MAG9, Ei=4.65meV, T=0.07K, B=14.0T w=-23.0deg",2025-10-25 19:44:06,2025-10-25 19:45:18,00:01:12,0.1,4.65,14.0,4.65,0.07,14.0,-23.0,/SNS/CNCS/IPTS-37274/nexus/CNCS_666782.nxs.h5
666781,108367,YbZn2GaO5,"YZGO, MAG9, Ei=4.65meV, T=0.07K, B=14.0T w=-23.5deg",2025-10-25 19:42:50,2025-10-25 19:44:02,00:01:11,0.1,4.65,14.0,4.65,0.07,14.0,-23.5,/SNS/CNCS/IPTS-37274/nexus/CNCS_666781.nxs.h5
666780,108367,YbZn2GaO5,"YZGO, MAG9, Ei=4.65meV, T=0.07K, B=14.0T w=-24.0deg",2025-10-25 19:41:35,2025-10-25 19:42:47,00:01:11,0.1,4.65,14.0,4.65,0.07,14.0,-24.0,/SNS/CNCS/IPTS-37274/nexus/CNCS_666780.nxs.h5
666779,108367,YbZn2GaO5,"YZGO, MAG9, Ei=4.65meV, T=0.07K, B=14.0T w=-24.5deg",2025-10-25 19:40:19,2025-10-25 19:41:31,00:01:12,0.1,4.65,14.0,4.65,0.07,14.0,-24.5,/SNS/CNCS/IPTS-37274/nexus/CNCS_666779.nxs.h5
666778,108367,YbZn2GaO5,"YZGO, MAG9, Ei=4.65meV, T=0.07K, B=14.0T w=-25.0deg",2025-10-25 19:39:03,2025-10-25 19:40:15,00:01:12,0.1,4.65,14.0,4.65,0.07,14.0,-25.0,/SNS/CNCS/IPTS-37274/nexus/CNCS_666778.nxs.h5
666777,108367,YbZn2GaO5,"YZGO, MAG9, Ei=4.65meV, T=0.07K, B=14.0T w=-25.5deg",2025-10-25 19:37:48,2025-10-25 19:39:00,00:01:11,0.1,4.65,14.0,4.65,0.07,14.0,-25.5,/SNS/CNCS/IPTS-37274/nexus/CNCS_666777.nxs.h5
666776,108367,YbZn2GaO5,"YZGO, MAG9, Ei=4.65meV, T=0.07K, B=14.0T w=-26.0deg",2025-10-25 19:36:32,2025-10-25 19:37:44,00:01:12,0.1,4.65,14.0,4.65,0.07,14.0,-26.0,/SNS/CNCS/IPTS-37274/nexus/CNCS_666776.nxs.h5
666775,108367,YbZn2GaO5,"YZGO, MAG9, Ei=4.65meV, T=0.07K, B=14.0T w=-26.5deg",2025-10-25 19:35:17,2025-10-25 19:36:29,00:01:12,0.1,4.65,14.0,4.65,0.07,14.0,-26.5,/SNS/CNCS/IPTS-37274/nexus/CNCS_666775.nxs.h5
666774,108367,YbZn2GaO5,"YZGO, MAG9, Ei=4.65meV, T=0.07K, B=14.0T w=-27.0deg",2025-10-25 19:34:01,2025-10-25 19:35:13,00:01:12,0.1,4.65,14.0,4.65,0.07,14.0,-27.0,/SNS/CNCS/IPTS-37274/nexus/CNCS_666774.nxs.h5
666773,108367,YbZn2GaO5,"YZGO, MAG9, Ei=4.65meV, T=0.07K, B=14.0T w=-27.5deg",2025-10-25 19:32:45,2025-10-25 19:33:57,00:01:11,0.1,4.65,14.0,4.65,0.07,14.0,-27.5,/SNS/CNCS/IPTS-37274/nexus/CNCS_666773.nxs.h5
666772,108367,YbZn2GaO5,"YZGO, MAG9, Ei=4.65meV, T=0.07K, B=14.0T w=-28.0deg",2025-10-25 19:31:30,2025-10-25 19:32:42,00:01:11,0.1,4.65,14.0,4.65,0.07,14.0,-28.0,/SNS/CNCS/IPTS-37274/nexus/CNCS_666772.nxs.h5
666771,108367,YbZn2GaO5,"YZGO, MAG9, Ei=4.65meV, T=0.07K, B=14.0T w=-28.5deg",2025-10-25 19:30:14,2025-10-25 19:31:27,00:01:12,0.1,4.65,14.0,4.65,0.07,14.0,-28.5,/SNS/CNCS/IPTS-37274/nexus/CNCS_666771.nxs.h5
666770,108367,YbZn2GaO5,"YZGO, MAG9, Ei=4.65meV, T=0.07K, B=14.0T w=-29.0deg",2025-10-25 19:28:59,2025-10-25 19:30:11,00:01:11,0.1,4.65,14.0,4.65,0.07,14.0,-29.0,/SNS/CNCS/IPTS-37274/nexus/CNCS_666770.nxs.h5
666769,108367,YbZn2GaO5,"YZGO, MAG9, Ei=4.65meV, T=0.07K, B=14.0T w=-29.5deg",2025-10-25 19:27:43,2025-10-25 19:28:55,00:01:12,0.1,4.65,14.0,4.65,0.07,14.0,-29.5,/SNS/CNCS/IPTS-37274/nexus/CNCS_666769.nxs.h5
666768,108367,YbZn2GaO5,"YZGO, MAG9, Ei=4.65meV, T=0.07K, B=14.0T w=-30.0deg",2025-10-25 19:26:28,2025-10-25 19:27:40,00:01:12,0.1,4.65,14.0,4.65,0.07,14.0,-30.0,/SNS/CNCS/IPTS-37274/nexus/CNCS_666768.nxs.h5
666767,108367,YbZn2GaO5,"YZGO, MAG9, Ei=4.65meV, T=0.07K, B=14.0T w=-30.5deg",2025-10-25 19:25:12,2025-10-25 19:26:24,00:01:11,0.1,4.65,14.0,4.65,0.07,14.0,-30.5,/SNS/CNCS/IPTS-37274/nexus/CNCS_666767.nxs.h5
666766,108367,YbZn2GaO5,"YZGO, MAG9, Ei=4.65meV, T=0.07K, B=14.0T w=-31.0deg",2025-10-25 19:23:56,2025-10-25 19:25:09,00:01:12,0.1,4.65,14.0,4.65,0.07,14.0,-31.0,/SNS/CNCS/IPTS-37274/nexus/CNCS_666766.nxs.h5
666765,108367,YbZn2GaO5,"YZGO, MAG9, Ei=4.65meV, T=0.07K, B=14.0T w=-31.5deg",2025-10-25 19:22:41,2025-10-25 19:23:53,00:01:12,0.1,4.65,14.0,4.65,0.07,14.0,-31.5,/SNS/CNCS/IPTS-37274/nexus/CNCS_666765.nxs.h5
666764,108367,YbZn2GaO5,"YZGO, MAG9, Ei=4.65meV, T=0.07K, B=14.0T w=-32.0deg",2025-10-25 19:21:25,2025-10-25 19:22:37,00:01:11,0.1,4.65,14.0,4.65,0.07,14.0,-32.0,/SNS/CNCS/IPTS-37274/nexus/CNCS_666764.nxs.h5
666763,108367,YbZn2GaO5,"YZGO, MAG9, Ei=4.65meV, T=0.07K, B=14.0T w=-32.5deg",2025-10-25 19:20:10,2025-10-25 19:21:22,00:01:11,0.1,4.65,14.0,4.65,0.07,14.0,-32.5,/SNS/CNCS/IPTS-37274/nexus/CNCS_666763.nxs.h5
666762,108367,YbZn2GaO5,"YZGO, MAG9, Ei=4.65meV, T=0.07K, B=14.0T w=-33.0deg",2025-10-25 19:18:54,2025-10-25 19:20:06,00:01:12,0.1,4.65,14.0,4.65,0.07,14.0,-33.0,/SNS/CNCS/IPTS-37274/nexus/CNCS_666762.nxs.h5
666761,108367,YbZn2GaO5,"YZGO, MAG9, Ei=4.65meV, T=0.07K, B=14.0T w=-33.5deg",2025-10-25 19:17:39,2025-10-25 19:18:50,00:01:11,0.1,4.65,14.0,4.65,0.07,14.0,-33.5,/SNS/CNCS/IPTS-37274/nexus/CNCS_666761.nxs.h5
666760,108367,YbZn2GaO5,"YZGO, MAG9, Ei=4.65meV, T=0.07K, B=14.0T w=-34.0deg",2025-10-25 19:16:23,2025-10-25 19:17:35,00:01:12,0.1,4.65,14.0,4.65,0.07,14.0,-34.0,/SNS/CNCS/IPTS-37274/nexus/CNCS_666760.nxs.h5
666759,108367,YbZn2GaO5,"YZGO, MAG9, Ei=4.65meV, T=0.07K, B=14.0T w=-34.5deg",2025-10-25 19:15:07,2025-10-25 19:16:19,00:01:11,0.1,4.65,14.0,4.65,0.07,14.0,-34.5,/SNS/CNCS/IPTS-37274/nexus/CNCS_666759.nxs.h5
666758,108367,YbZn2GaO5,"YZGO, MAG9, Ei=4.65meV, T=0.07K, B=14.0T w=-35.0deg",2025-10-25 19:13:52,2025-10-25 19:15:04,00:01:12,0.1,4.65,14.0,4.65,0.07,14.0,-35.0,/SNS/CNCS/IPTS-37274/nexus/CNCS_666758.nxs.h5
666757,108367,YbZn2GaO5,"YZGO, MAG9, Ei=4.65meV, T=0.07K, B=14.0T w=-35.5deg",2025-10-25 19:12:36,2025-10-25 19:13:48,00:01:11,0.1,4.65,14.0,4.65,0.07,14.0,-35.5,/SNS/CNCS/IPTS-37274/nexus/CNCS_666757.nxs.h5
666756,108367,YbZn2GaO5,"YZGO, MAG9, Ei=4.65meV, T=0.07K, B=14.0T w=-36.0deg",2025-10-25 19:11:19,2025-10-25 19:12:33,00:01:13,0.1,4.65,14.0,4.65,0.07,14.0,-36.0,/SNS/CNCS/IPTS-37274/nexus/CNCS_666756.nxs.h5
666755,108367,YbZn2GaO5,"YZGO, MAG9, Ei=4.65meV, T=0.07K, B=14.0T w=-36.5deg",2025-10-25 19:10:04,2025-10-25 19:11:16,00:01:12,0.1,4.65,14.0,4.65,0.07,14.0,-36.5,/SNS/CNCS/IPTS-37274/nexus/CNCS_666755.nxs.h5
666754,108367,YbZn2GaO5,"YZGO, MAG9, Ei=4.65meV, T=0.07K, B=14.0T w=-37.0deg",2025-10-25 19:08:47,2025-10-25 19:10:00,00:01:12,0.1,4.65,14.0,4.65,0.07,14.0,-37.0,/SNS/CNCS/IPTS-37274/nexus/CNCS_666754.nxs.h5
666753,108367,YbZn2GaO5,"YZGO, MAG9, Ei=4.65meV, T=0.07K, B=14.0T w=-37.5deg",2025-10-25 19:07:32,2025-10-25 19:08:44,00:01:12,0.1,4.65,14.0,4.65,0.07,14.0,-37.5,/SNS/CNCS/IPTS-37274/nexus/CNCS_666753.nxs.h5
666752,108367,YbZn2GaO5,"YZGO, MAG9, Ei=4.65meV, T=0.07K, B=14.0T w=-38.0deg",2025-10-25 19:06:16,2025-10-25 19:07:28,00:01:11,0.1,4.65,14.0,4.65,0.07,14.0,-38.0,/SNS/CNCS/IPTS-37274/nexus/CNCS_666752.nxs.h5
666751,108367,YbZn2GaO5,"YZGO, MAG9, Ei=4.65meV, T=0.07K, B=14.0T w=-38.5deg",2025-10-25 19:05:00,2025-10-25 19:06:13,00:01:12,0.1,4.65,14.0,4.65,0.07,14.0,-38.5,/SNS/CNCS/IPTS-37274/nexus/CNCS_666751.nxs.h5
666750,108367,YbZn2GaO5,"YZGO, MAG9, Ei=4.65meV, T=0.07K, B=14.0T w=-39.0deg",2025-10-25 19:03:45,2025-10-25 19:04:57,00:01:12,0.1,4.65,14.0,4.65,0.07,14.0,-39.0,/SNS/CNCS/IPTS-37274/nexus/CNCS_666750.nxs.h5
666749,108367,YbZn2GaO5,"YZGO, MAG9, Ei=4.65meV, T=0.07K, B=14.0T w=-39.5deg",2025-10-25 19:02:29,2025-10-25 19:03:41,00:01:12,0.1,4.65,14.0,4.65,0.07,14.0,-39.5,/SNS/CNCS/IPTS-37274/nexus/CNCS_666749.nxs.h5
666748,108367,YbZn2GaO5,"YZGO, MAG9, Ei=4.65meV, T=0.07K, B=14.0T w=-40.0deg",2025-10-25 19:01:13,2025-10-25 19:02:25,00:01:12,0.1,4.65,14.0,4.65,0.07,14.0,-40.0,/SNS/CNCS/IPTS-37274/nexus/CNCS_666748.nxs.h5
666747,108367,YbZn2GaO5,"YZGO, MAG9, Ei=4.65meV, T=0.07K, B=14.0T w=-40.5deg",2025-10-25 18:59:58,2025-10-25 19:01:09,00:01:11,0.1,4.65,14.0,4.65,0.07,14.0,-40.5,/SNS/CNCS/IPTS-37274/nexus/CNCS_666747.nxs.h5
666746,108367,YbZn2GaO5,"YZGO, MAG9, Ei=4.65meV, T=0.07K, B=14.0T w=-41.0deg",2025-10-25 18:58:42,2025-10-25 18:59:54,00:01:11,0.1,4.65,14.0,4.65,0.07,14.0,-41.0,/SNS/CNCS/IPTS-37274/nexus/CNCS_666746.nxs.h5
666745,108367,YbZn2GaO5,"YZGO, MAG9, Ei=4.65meV, T=0.07K, B=14.0T w=-41.5deg",2025-10-25 18:57:26,2025-10-25 18:58:39,00:01:12,0.1,4.65,14.0,4.65,0.07,14.0,-41.5,/SNS/CNCS/IPTS-37274/nexus/CNCS_666745.nxs.h5
666744,108367,YbZn2GaO5,"YZGO, MAG9, Ei=4.65meV, T=0.07K, B=14.0T w=-42.0deg",2025-10-25 18:56:11,2025-10-25 18:57:23,00:01:11,0.1,4.65,14.0,4.65,0.07,14.0,-42.0,/SNS/CNCS/IPTS-37274/nexus/CNCS_666744.nxs.h5
666743,108367,YbZn2GaO5,"YZGO, MAG9, Ei=4.65meV, T=0.07K, B=14.0T w=-42.5deg",2025-10-25 18:54:55,2025-10-25 18:56:07,00:01:12,0.1,4.65,14.0,4.65,0.07,14.0,-42.5,/SNS/CNCS/IPTS-37274/nexus/CNCS_666743.nxs.h5
666742,108367,YbZn2GaO5,"YZGO, MAG9, Ei=4.65meV, T=0.07K, B=14.0T w=-43.0deg",2025-10-25 18:53:39,2025-10-25 18:54:52,00:01:12,0.1,4.65,14.0,4.65,0.07,14.0,-43.0,/SNS/CNCS/IPTS-37274/nexus/CNCS_666742.nxs.h5
666741,108367,YbZn2GaO5,"YZGO, MAG9, Ei=4.65meV, T=0.07K, B=14.0T w=-43.5deg",2025-10-25 18:52:24,2025-10-25 18:53:36,00:01:11,0.1,4.65,14.0,4.65,0.07,14.0,-43.5,/SNS/CNCS/IPTS-37274/nexus/CNCS_666741.nxs.h5
666740,108367,YbZn2GaO5,"YZGO, MAG9, Ei=4.65meV, T=0.07K, B=14.0T w=-44.0deg",2025-10-25 18:51:09,2025-10-25 18:52:20,00:01:11,0.1,4.65,14.0,4.65,0.07,14.0,-44.0,/SNS/CNCS/IPTS-37274/nexus/CNCS_666740.nxs.h5
666739,108367,YbZn2GaO5,"YZGO, MAG9, Ei=4.65meV, T=0.07K, B=14.0T w=-44.5deg",2025-10-25 18:49:53,2025-10-25 18:51:05,00:01:11,0.1,4.65,14.0,4.65,0.07,14.0,-44.5,/SNS/CNCS/IPTS-37274/nexus/CNCS_666739.nxs.h5
666738,108367,YbZn2GaO5,"YZGO, MAG9, Ei=4.65meV, T=0.07K, B=14.0T w=-45.0deg",2025-10-25 18:48:38,2025-10-25 18:49:50,00:01:12,0.1,4.65,14.0,4.65,0.07,14.0,-45.0,/SNS/CNCS/IPTS-37274/nexus/CNCS_666738.nxs.h5
666737,108367,YbZn2GaO5,"YZGO, MAG9, Ei=4.65meV, T=0.07K, B=14.0T w=-45.5deg",2025-10-25 18:47:22,2025-10-25 18:48:34,00:01:12,0.1,4.65,14.0,4.65,0.07,14.0,-45.5,/SNS/CNCS/IPTS-37274/nexus/CNCS_666737.nxs.h5
666736,108367,YbZn2GaO5,"YZGO, MAG9, Ei=4.65meV, T=0.07K, B=14.0T w=-46.0deg",2025-10-25 18:46:06,2025-10-25 18:47:18,00:01:11,0.1,4.65,14.0,4.65,0.07,14.0,-46.0,/SNS/CNCS/IPTS-37274/nexus/CNCS_666736.nxs.h5
666735,108367,YbZn2GaO5,"YZGO, MAG9, Ei=4.65meV, T=0.07K, B=14.0T w=-46.5deg",2025-10-25 18:44:51,2025-10-25 18:46:03,00:01:12,0.1,4.65,14.0,4.65,0.07,14.0,-46.5,/SNS/CNCS/IPTS-37274/nexus/CNCS_666735.nxs.h5
666734,108367,YbZn2GaO5,"YZGO, MAG9, Ei=4.65meV, T=0.07K, B=14.0T w=-47.0deg",2025-10-25 18:43:35,2025-10-25 18:44:47,00:01:12,0.1,4.65,14.0,4.65,0.07,14.0,-47.0,/SNS/CNCS/IPTS-37274/nexus/CNCS_666734.nxs.h5
666733,108367,YbZn2GaO5,"YZGO, MAG9, Ei=4.65meV, T=0.07K, B=14.0T w=-47.5deg",2025-10-25 18:42:19,2025-10-25 18:43:31,00:01:12,0.1,4.65,14.0,4.65,0.07,14.0,-47.5,/SNS/CNCS/IPTS-37274/nexus/CNCS_666733.nxs.h5
666732,108367,YbZn2GaO5,"YZGO, MAG9, Ei=4.65meV, T=0.07K, B=14.0T w=-48.0deg",2025-10-25 18:41:03,2025-10-25 18:42:15,00:01:12,0.1,4.65,14.0,4.65,0.07,14.0,-48.0,/SNS/CNCS/IPTS-37274/nexus/CNCS_666732.nxs.h5
666731,108367,YbZn2GaO5,"YZGO, MAG9, Ei=4.65meV, T=0.07K, B=14.0T w=-48.5deg",2025-10-25 18:39:48,2025-10-25 18:41:00,00:01:11,0.1,4.65,14.0,4.65,0.07,14.0,-48.5,/SNS/CNCS/IPTS-37274/nexus/CNCS_666731.nxs.h5
666730,108367,YbZn2GaO5,"YZGO, MAG9, Ei=4.65meV, T=0.07K, B=14.0T w=-49.0deg",2025-10-25 18:38:32,2025-10-25 18:39:44,00:01:12,0.1,4.65,14.0,4.65,0.07,14.0,-49.0,/SNS/CNCS/IPTS-37274/nexus/CNCS_666730.nxs.h5
666729,108367,YbZn2GaO5,"YZGO, MAG9, Ei=4.65meV, T=0.07K, B=14.0T w=-49.5deg",2025-10-25 18:37:16,2025-10-25 18:38:29,00:01:12,0.1,4.65,14.0,4.65,0.07,14.0,-49.5,/SNS/CNCS/IPTS-37274/nexus/CNCS_666729.nxs.h5
666728,108367,YbZn2GaO5,"YZGO, MAG9, Ei=4.65meV, T=0.07K, B=14.0T w=-50.0deg",2025-10-25 18:36:00,2025-10-25 18:37:13,00:01:12,0.1,4.65,14.0,4.65,0.07,14.0,-50.0,/SNS/CNCS/IPTS-37274/nexus/CNCS_666728.nxs.h5
666727,108367,YbZn2GaO5,"YZGO, MAG9, Ei=4.65meV, T=0.07K, B=14.0T w=-50.5deg",2025-10-25 18:34:45,2025-10-25 18:35:57,00:01:12,0.1,4.65,14.0,4.65,0.07,14.0,-50.5,/SNS/CNCS/IPTS-37274/nexus/CNCS_666727.nxs.h5
666726,108367,YbZn2GaO5,"YZGO, MAG9, Ei=4.65meV, T=0.07K, B=14.0T w=-51.0deg",2025-10-25 18:33:29,2025-10-25 18:34:41,00:01:12,0.1,4.65,14.0,4.65,0.07,14.0,-51.0,/SNS/CNCS/IPTS-37274/nexus/CNCS_666726.nxs.h5
666725,108367,YbZn2GaO5,"YZGO, MAG9, Ei=4.65meV, T=0.07K, B=14.0T w=-51.5deg",2025-10-25 18:32:13,2025-10-25 18:33:25,00:01:12,0.1,4.65,14.0,4.65,0.07,14.0,-51.5,/SNS/CNCS/IPTS-37274/nexus/CNCS_666725.nxs.h5
666724,108367,YbZn2GaO5,"YZGO, MAG9, Ei=4.65meV, T=0.07K, B=14.0T w=-52.0deg",2025-10-25 18:30:57,2025-10-25 18:32:10,00:01:12,0.1,4.65,14.0,4.65,0.07,14.0,-52.0,/SNS/CNCS/IPTS-37274/nexus/CNCS_666724.nxs.h5
666723,108367,YbZn2GaO5,"YZGO, MAG9, Ei=4.65meV, T=0.07K, B=14.0T w=-52.5deg",2025-10-25 18:29:42,2025-10-25 18:30:54,00:01:12,0.1,4.65,14.0,4.65,0.07,14.0,-52.5,/SNS/CNCS/IPTS-37274/nexus/CNCS_666723.nxs.h5
666722,108367,YbZn2GaO5,"YZGO, MAG9, Ei=4.65meV, T=0.07K, B=14.0T w=-53.0deg",2025-10-25 18:28:25,2025-10-25 18:29:38,00:01:12,0.1,4.65,14.0,4.65,0.07,14.0,-53.0,/SNS/CNCS/IPTS-37274/nexus/CNCS_666722.nxs.h5
666721,108367,YbZn2GaO5,"YZGO, MAG9, Ei=4.65meV, T=0.07K, B=14.0T w=-53.5deg",2025-10-25 18:27:09,2025-10-25 18:28:22,00:01:12,0.1,4.65,14.0,4.65,0.07,14.0,-53.5,/SNS/CNCS/IPTS-37274/nexus/CNCS_666721.nxs.h5
666720,108367,YbZn2GaO5,"YZGO, MAG9, Ei=4.65meV, T=0.07K, B=14.0T w=-54.0deg",2025-10-25 18:25:54,2025-10-25 18:27:06,00:01:12,0.1,4.65,14.0,4.65,0.07,14.0,-54.0,/SNS/CNCS/IPTS-37274/nexus/CNCS_666720.nxs.h5
666719,108367,YbZn2GaO5,"YZGO, MAG9, Ei=4.65meV, T=0.07K, B=14.0T w=-54.5deg",2025-10-25 18:24:38,2025-10-25 18:25:50,00:01:12,0.1,4.65,14.0,4.65,0.07,14.0,-54.5,/SNS/CNCS/IPTS-37274/nexus/CNCS_666719.nxs.h5
666718,108367,YbZn2GaO5,"YZGO, MAG9, Ei=4.65meV, T=0.07K, B=14.0T w=-55.0deg",2025-10-25 18:23:22,2025-10-25 18:24:34,00:01:12,0.1,4.65,14.0,4.65,0.07,14.0,-55.0,/SNS/CNCS/IPTS-37274/nexus/CNCS_666718.nxs.h5
666717,108367,YbZn2GaO5,"YZGO, MAG9, Ei=4.65meV, T=0.07K, B=14.0T w=-55.5deg",2025-10-25 18:22:06,2025-10-25 18:23:18,00:01:12,0.1,4.65,14.0,4.65,0.07,14.0,-55.5,/SNS/CNCS/IPTS-37274/nexus/CNCS_666717.nxs.h5
666716,108367,YbZn2GaO5,"YZGO, MAG9, Ei=4.65meV, T=0.07K, B=14.0T w=-56.0deg",2025-10-25 18:20:51,2025-10-25 18:22:03,00:01:12,0.1,4.65,14.0,4.65,0.07,14.0,-56.0,/SNS/CNCS/IPTS-37274/nexus/CNCS_666716.nxs.h5
666715,108367,YbZn2GaO5,"YZGO, MAG9, Ei=4.65meV, T=0.07K, B=14.0T w=-56.5deg",2025-10-25 18:19:35,2025-10-25 18:20:47,00:01:12,0.1,4.65,14.0,4.65,0.07,14.0,-56.5,/SNS/CNCS/IPTS-37274/nexus/CNCS_666715.nxs.h5
666714,108367,YbZn2GaO5,"YZGO, MAG9, Ei=4.65meV, T=0.07K, B=14.0T w=-57.0deg",2025-10-25 18:18:19,2025-10-25 18:19:31,00:01:12,0.1,4.65,14.0,4.65,0.07,14.0,-57.0,/SNS/CNCS/IPTS-37274/nexus/CNCS_666714.nxs.h5
666713,108367,YbZn2GaO5,"YZGO, MAG9, Ei=4.65meV, T=0.07K, B=14.0T w=-57.5deg",2025-10-25 18:17:03,2025-10-25 18:18:15,00:01:12,0.1,4.65,14.0,4.65,0.07,14.0,-57.5,/SNS/CNCS/IPTS-37274/nexus/CNCS_666713.nxs.h5
666712,108367,YbZn2GaO5,"YZGO, MAG9, Ei=4.65meV, T=0.07K, B=14.0T w=-58.0deg",2025-10-25 18:15:47,2025-10-25 18:17:00,00:01:12,0.1,4.65,14.0,4.65,0.07,14.0,-58.0,/SNS/CNCS/IPTS-37274/nexus/CNCS_666712.nxs.h5
666711,108367,YbZn2GaO5,"YZGO, MAG9, Ei=4.65meV, T=0.07K, B=14.0T w=-58.5deg",2025-10-25 18:14:32,2025-10-25 18:15:44,00:01:12,0.1,4.65,14.0,4.65,0.07,14.0,-58.5,/SNS/CNCS/IPTS-37274/nexus/CNCS_666711.nxs.h5
666710,108367,YbZn2GaO5,"YZGO, MAG9, Ei=4.65meV, T=0.07K, B=14.0T w=-59.0deg",2025-10-25 18:13:16,2025-10-25 18:14:28,00:01:12,0.1,4.65,14.0,4.65,0.07,14.0,-59.0,/SNS/CNCS/IPTS-37274/nexus/CNCS_666710.nxs.h5
666709,108367,YbZn2GaO5,"YZGO, MAG9, Ei=4.65meV, T=0.07K, B=14.0T w=-59.5deg",2025-10-25 18:12:00,2025-10-25 18:13:12,00:01:12,0.1,4.65,14.0,4.65,0.07,14.0,-59.5,/SNS/CNCS/IPTS-37274/nexus/CNCS_666709.nxs.h5
666708,108367,YbZn2GaO5,"YZGO, MAG9, Ei=4.65meV, T=0.07K, B=14.0T w=-60.0deg",2025-10-25 18:10:44,2025-10-25 18:11:57,00:01:12,0.1,4.65,14.0,4.65,0.07,14.0,-60.0,/SNS/CNCS/IPTS-37274/nexus/CNCS_666708.nxs.h5
666707,108367,YbZn2GaO5,"YZGO, MAG9, Ei=4.65meV, T=0.07K, B=14.0T w=-60.5deg",2025-10-25 18:09:29,2025-10-25 18:10:41,00:01:12,0.1,4.65,14.0,4.65,0.07,14.0,-60.5,/SNS/CNCS/IPTS-37274/nexus/CNCS_666707.nxs.h5
666706,108367,YbZn2GaO5,"YZGO, MAG9, Ei=4.65meV, T=0.07K, B=14.0T w=-61.0deg",2025-10-25 18:08:13,2025-10-25 18:09:25,00:01:12,0.1,4.65,14.0,4.65,0.07,14.0,-61.0,/SNS/CNCS/IPTS-37274/nexus/CNCS_666706.nxs.h5
666705,108367,YbZn2GaO5,"YZGO, MAG9, Ei=4.65meV, T=0.07K, B=14.0T w=-61.5deg",2025-10-25 18:06:57,2025-10-25 18:08:09,00:01:12,0.1,4.65,14.0,4.65,0.07,14.0,-61.5,/SNS/CNCS/IPTS-37274/nexus/CNCS_666705.nxs.h5
666704,108367,YbZn2GaO5,"YZGO, MAG9, Ei=4.65meV, T=0.07K, B=14.0T w=-62.0deg",2025-10-25 18:05:41,2025-10-25 18:06:53,00:01:12,0.1,4.65,14.0,4.65,0.07,14.0,-62.0,/SNS/CNCS/IPTS-37274/nexus/CNCS_666704.nxs.h5
666703,108367,YbZn2GaO5,"YZGO, MAG9, Ei=4.65meV, T=0.07K, B=14.0T w=-62.5deg",2025-10-25 18:04:25,2025-10-25 18:05:37,00:01:12,0.1,4.65,14.0,4.65,0.07,14.0,-62.5,/SNS/CNCS/IPTS-37274/nexus/CNCS_666703.nxs.h5
666702,108367,YbZn2GaO5,"YZGO, MAG9, Ei=4.65meV, T=0.07K, B=14.0T w=-63.0deg",2025-10-25 18:03:10,2025-10-25 18:04:22,00:01:11,0.1,4.65,14.0,4.65,0.07,14.0,-63.0,/SNS/CNCS/IPTS-37274/nexus/CNCS_666702.nxs.h5
666701,108367,YbZn2GaO5,"YZGO, MAG9, Ei=4.65meV, T=0.07K, B=14.0T w=-63.5deg",2025-10-25 18:01:54,2025-10-25 18:03:06,00:01:12,0.1,4.65,14.0,4.65,0.07,14.0,-63.5,/SNS/CNCS/IPTS-37274/nexus/CNCS_666701.nxs.h5
666700,108367,YbZn2GaO5,"YZGO, MAG9, Ei=4.65meV, T=0.07K, B=14.0T w=-64.0deg",2025-10-25 18:00:38,2025-10-25 18:01:51,00:01:12,0.1,4.65,14.0,4.65,0.07,14.0,-64.0,/SNS/CNCS/IPTS-37274/nexus/CNCS_666700.nxs.h5
666699,108367,YbZn2GaO5,"YZGO, MAG9, Ei=4.65meV, T=0.07K, B=14.0T w=-64.5deg",2025-10-25 17:59:23,2025-10-25 18:00:35,00:01:12,0.1,4.65,14.0,4.65,0.07,14.0,-64.5,/SNS/CNCS/IPTS-37274/nexus/CNCS_666699.nxs.h5
666698,108367,YbZn2GaO5,"YZGO, MAG9, Ei=4.65meV, T=0.07K, B=14.0T w=-65.0deg",2025-10-25 17:58:06,2025-10-25 17:59:19,00:01:12,0.1,4.65,14.0,4.65,0.07,14.0,-65.0,/SNS/CNCS/IPTS-37274/nexus/CNCS_666698.nxs.h5
666697,108367,YbZn2GaO5,"YZGO, MAG9, Ei=4.65meV, T=0.07K, B=14.0T w=-65.5deg",2025-10-25 17:56:50,2025-10-25 17:58:03,00:01:12,0.1,4.65,14.0,4.65,0.07,14.0,-65.5,/SNS/CNCS/IPTS-37274/nexus/CNCS_666697.nxs.h5
666696,108367,YbZn2GaO5,"YZGO, MAG9, Ei=4.65meV, T=0.07K, B=14.0T w=-66.0deg",2025-10-25 17:55:35,2025-10-25 17:56:47,00:01:12,0.1,4.65,14.0,4.65,0.07,14.0,-66.0,/SNS/CNCS/IPTS-37274/nexus/CNCS_666696.nxs.h5
666695,108367,YbZn2GaO5,"YZGO, MAG9, Ei=4.65meV, T=0.07K, B=14.0T w=-66.5deg",2025-10-25 17:54:19,2025-10-25 17:55:31,00:01:12,0.1,4.65,14.0,4.65,0.07,14.0,-66.5,/SNS/CNCS/IPTS-37274/nexus/CNCS_666695.nxs.h5
666694,108367,YbZn2GaO5,"YZGO, MAG9, Ei=4.65meV, T=0.07K, B=14.0T w=-67.0deg",2025-10-25 17:53:03,2025-10-25 17:54:15,00:01:12,0.1,4.65,14.0,4.65,0.07,14.0,-67.0,/SNS/CNCS/IPTS-37274/nexus/CNCS_666694.nxs.h5
666693,108367,YbZn2GaO5,"YZGO, MAG9, Ei=4.65meV, T=0.07K, B=14.0T w=-67.5deg",2025-10-25 17:51:47,2025-10-25 17:52:59,00:01:12,0.1,4.65,14.0,4.65,0.07,14.0,-67.5,/SNS/CNCS/IPTS-37274/nexus/CNCS_666693.nxs.h5
666692,108367,YbZn2GaO5,"YZGO, MAG9, Ei=4.65meV, T=0.07K, B=14.0T w=-68.0deg",2025-10-25 17:50:31,2025-10-25 17:51:44,00:01:12,0.1,4.65,14.0,4.65,0.07,14.0,-68.0,/SNS/CNCS/IPTS-37274/nexus/CNCS_666692.nxs.h5
666691,108367,YbZn2GaO5,"YZGO, MAG9, Ei=4.65meV, T=0.07K, B=14.0T w=-68.5deg",2025-10-25 17:49:16,2025-10-25 17:50:28,00:01:12,0.1,4.65,14.0,4.65,0.07,14.0,-68.5,/SNS/CNCS/IPTS-37274/nexus/CNCS_666691.nxs.h5
666690,108367,YbZn2GaO5,"YZGO, MAG9, Ei=4.65meV, T=0.07K, B=14.0T w=-69.0deg",2025-10-25 17:48:00,2025-10-25 17:49:12,00:01:12,0.1,4.65,14.0,4.65,0.07,14.0,-69.0,/SNS/CNCS/IPTS-37274/nexus/CNCS_666690.nxs.h5
666689,108367,YbZn2GaO5,"YZGO, MAG9, Ei=4.65meV, T=0.07K, B=14.0T w=-69.5deg",2025-10-25 17:46:44,2025-10-25 17:47:56,00:01:12,0.1,4.65,14.0,4.65,0.07,14.0,-69.5,/SNS/CNCS/IPTS-37274/nexus/CNCS_666689.nxs.h5
666688,108367,YbZn2GaO5,"YZGO, MAG9, Ei=4.65meV, T=0.07K, B=14.0T w=-70.0deg",2025-10-25 17:45:28,2025-10-25 17:46:40,00:01:12,0.1,4.65,14.0,4.65,0.07,14.0,-70.0,/SNS/CNCS/IPTS-37274/nexus/CNCS_666688.nxs.h5
666687,108367,YbZn2GaO5,"YZGO, MAG9, Ei=4.65meV, T=0.07K, B=14.0T w=-70.5deg",2025-10-25 17:44:13,2025-10-25 17:45:25,00:01:12,0.1,4.65,14.0,4.65,0.07,14.0,-70.5,/SNS/CNCS/IPTS-37274/nexus/CNCS_666687.nxs.h5
666686,108367,YbZn2GaO5,"YZGO, MAG9, Ei=4.65meV, T=0.07K, B=14.0T w=-71.0deg",2025-10-25 17:42:57,2025-10-25 17:44:09,00:01:12,0.1,4.65,14.0,4.65,0.07,14.0,-71.0,/SNS/CNCS/IPTS-37274/nexus/CNCS_666686.nxs.h5
666685,108367,YbZn2GaO5,"YZGO, MAG9, Ei=4.65meV, T=0.07K, B=14.0T w=-71.5deg",2025-10-25 17:41:41,2025-10-25 17:42:53,00:01:12,0.1,4.65,14.0,4.65,0.07,14.0,-71.5,/SNS/CNCS/IPTS-37274/nexus/CNCS_666685.nxs.h5
666684,108367,YbZn2GaO5,"YZGO, MAG9, Ei=4.65meV, T=0.07K, B=14.0T w=-72.0deg",2025-10-25 17:40:25,2025-10-25 17:41:37,00:01:12,0.1,4.65,14.0,4.65,0.07,14.0,-72.0,/SNS/CNCS/IPTS-37274/nexus/CNCS_666684.nxs.h5
666683,108367,YbZn2GaO5,"YZGO, MAG9, Ei=4.65meV, T=0.07K, B=14.0T w=-72.5deg",2025-10-25 17:39:09,2025-10-25 17:40:22,00:01:12,0.1,4.65,14.0,4.65,0.07,14.0,-72.5,/SNS/CNCS/IPTS-37274/nexus/CNCS_666683.nxs.h5
666682,108367,YbZn2GaO5,"YZGO, MAG9, Ei=4.65meV, T=0.07K, B=14.0T w=-73.0deg",2025-10-25 17:37:54,2025-10-25 17:39:06,00:01:12,0.1,4.65,14.0,4.65,0.07,14.0,-73.0,/SNS/CNCS/IPTS-37274/nexus/CNCS_666682.nxs.h5
666681,108367,YbZn2GaO5,"YZGO, MAG9, Ei=4.65meV, T=0.07K, B=14.0T w=-73.5deg",2025-10-25 17:36:38,2025-10-25 17:37:50,00:01:12,0.1,4.65,14.0,4.65,0.07,14.0,-73.5,/SNS/CNCS/IPTS-37274/nexus/CNCS_666681.nxs.h5
666680,108367,YbZn2GaO5,"YZGO, MAG9, Ei=4.65meV, T=0.07K, B=14.0T w=-74.0deg",2025-10-25 17:35:22,2025-10-25 17:36:34,00:01:12,0.1,4.65,14.0,4.65,0.07,14.0,-74.0,/SNS/CNCS/IPTS-37274/nexus/CNCS_666680.nxs.h5
666679,108367,YbZn2GaO5,"YZGO, MAG9, Ei=4.65meV, T=0.07K, B=14.0T w=-74.5deg",2025-10-25 17:34:07,2025-10-25 17:35:18,00:01:11,0.1,4.65,14.0,4.65,0.07,14.0,-74.5,/SNS/CNCS/IPTS-37274/nexus/CNCS_666679.nxs.h5
666678,108367,YbZn2GaO5,"YZGO, MAG9, Ei=4.65meV, T=0.07K, B=14.0T w=-75.0deg",2025-10-25 17:32:51,2025-10-25 17:34:03,00:01:12,0.1,4.65,14.0,4.65,0.07,14.0,-75.0,/SNS/CNCS/IPTS-37274/nexus/CNCS_666678.nxs.h5
666677,108367,YbZn2GaO5,"YZGO, MAG9, Ei=4.65meV, T=0.07K, B=14.0T w=-75.5deg",2025-10-25 17:31:35,2025-10-25 17:32:47,00:01:12,0.1,4.65,14.0,4.65,0.07,14.0,-75.5,/SNS/CNCS/IPTS-37274/nexus/CNCS_666677.nxs.h5
666676,108367,YbZn2GaO5,"YZGO, MAG9, Ei=4.65meV, T=0.07K, B=14.0T w=-76.0deg",2025-10-25 17:30:19,2025-10-25 17:31:31,00:01:12,0.1,4.65,14.0,4.65,0.07,14.0,-76.0,/SNS/CNCS/IPTS-37274/nexus/CNCS_666676.nxs.h5
666675,108367,YbZn2GaO5,"YZGO, MAG9, Ei=4.65meV, T=0.07K, B=14.0T w=-76.5deg",2025-10-25 17:29:04,2025-10-25 17:30:16,00:01:12,0.1,4.65,14.0,4.65,0.07,14.0,-76.5,/SNS/CNCS/IPTS-37274/nexus/CNCS_666675.nxs.h5
666674,108367,YbZn2GaO5,"YZGO, MAG9, Ei=4.65meV, T=0.07K, B=14.0T w=-77.0deg",2025-10-25 17:27:48,2025-10-25 17:29:00,00:01:12,0.1,4.65,14.0,4.65,0.07,14.0,-77.0,/SNS/CNCS/IPTS-37274/nexus/CNCS_666674.nxs.h5
666673,108367,YbZn2GaO5,"YZGO, MAG9, Ei=4.65meV, T=0.07K, B=14.0T w=-77.5deg",2025-10-25 17:26:32,2025-10-25 17:27:44,00:01:12,0.1,4.65,14.0,4.65,0.07,14.0,-77.5,/SNS/CNCS/IPTS-37274/nexus/CNCS_666673.nxs.h5
666672,108367,YbZn2GaO5,"YZGO, MAG9, Ei=4.65meV, T=0.07K, B=14.0T w=-78.0deg",2025-10-25 17:25:16,2025-10-25 17:26:28,00:01:12,0.1,4.65,14.0,4.65,0.07,14.0,-78.0,/SNS/CNCS/IPTS-37274/nexus/CNCS_666672.nxs.h5
666671,108367,YbZn2GaO5,"YZGO, MAG9, Ei=4.65meV, T=0.07K, B=14.0T w=-78.5deg",2025-10-25 17:24:00,2025-10-25 17:25:13,00:01:12,0.1,4.65,14.0,4.65,0.07,14.0,-78.5,/SNS/CNCS/IPTS-37274/nexus/CNCS_666671.nxs.h5
666670,108367,YbZn2GaO5,"YZGO, MAG9, Ei=4.65meV, T=0.07K, B=14.0T w=-79.0deg",2025-10-25 17:22:45,2025-10-25 17:23:57,00:01:12,0.1,4.65,14.0,4.65,0.07,14.0,-79.0,/SNS/CNCS/IPTS-37274/nexus/CNCS_666670.nxs.h5
666669,108367,YbZn2GaO5,"YZGO, MAG9, Ei=4.65meV, T=0.07K, B=14.0T w=-79.5deg",2025-10-25 17:21:28,2025-10-25 17:22:41,00:01:13,0.1,4.65,14.0,4.65,0.07,14.0,-79.5,/SNS/CNCS/IPTS-37274/nexus/CNCS_666669.nxs.h5
666668,108367,YbZn2GaO5,"YZGO, MAG9, Ei=4.65meV, T=0.07K, B=14.0T w=-80.0deg",2025-10-25 17:20:12,2025-10-25 17:21:24,00:01:12,0.1,4.65,14.0,4.65,0.07,14.0,-80.0,/SNS/CNCS/IPTS-37274/nexus/CNCS_666668.nxs.h5
666667,108367,YbZn2GaO5,"YZGO, MAG9, Ei=4.65meV, T=0.07K, B=14.0T w=-80.5deg",2025-10-25 17:18:56,2025-10-25 17:20:08,00:01:12,0.1,4.65,14.0,4.65,0.07,14.0,-80.5,/SNS/CNCS/IPTS-37274/nexus/CNCS_666667.nxs.h5
666666,108367,YbZn2GaO5,"YZGO, MAG9, Ei=4.65meV, T=0.07K, B=14.0T w=-81.0deg",2025-10-25 17:17:40,2025-10-25 17:18:53,00:01:12,0.1,4.65,14.0,4.65,0.07,14.0,-81.0,/SNS/CNCS/IPTS-37274/nexus/CNCS_666666.nxs.h5
666665,108367,YbZn2GaO5,"YZGO, MAG9, Ei=4.65meV, T=0.07K, B=14.0T w=-81.5deg",2025-10-25 17:16:25,2025-10-25 17:17:37,00:01:12,0.1,4.65,14.0,4.65,0.07,14.0,-81.5,/SNS/CNCS/IPTS-37274/nexus/CNCS_666665.nxs.h5
666664,108367,YbZn2GaO5,"YZGO, MAG9, Ei=4.65meV, T=0.07K, B=14.0T w=-82.0deg",2025-10-25 17:15:09,2025-10-25 17:16:21,00:01:12,0.1,4.65,14.0,4.65,0.07,14.0,-82.0,/SNS/CNCS/IPTS-37274/nexus/CNCS_666664.nxs.h5
666663,108367,YbZn2GaO5,"YZGO, MAG9, Ei=4.65meV, T=0.07K, B=14.0T w=-82.5deg",2025-10-25 17:13:53,2025-10-25 17:15:05,00:01:12,0.1,4.65,14.0,4.65,0.07,14.0,-82.5,/SNS/CNCS/IPTS-37274/nexus/CNCS_666663.nxs.h5
666662,108367,YbZn2GaO5,"YZGO, MAG9, Ei=4.65meV, T=0.07K, B=14.0T w=-83.0deg",2025-10-25 17:12:37,2025-10-25 17:13:49,00:01:12,0.1,4.65,14.0,4.65,0.07,14.0,-83.0,/SNS/CNCS/IPTS-37274/nexus/CNCS_666662.nxs.h5
666661,108367,YbZn2GaO5,"YZGO, MAG9, Ei=4.65meV, T=0.07K, B=14.0T w=-83.5deg",2025-10-25 17:11:21,2025-10-25 17:12:34,00:01:12,0.1,4.65,14.0,4.65,0.07,14.0,-83.5,/SNS/CNCS/IPTS-37274/nexus/CNCS_666661.nxs.h5
666660,108367,YbZn2GaO5,"YZGO, MAG9, Ei=4.65meV, T=0.07K, B=14.0T w=-84.0deg",2025-10-25 17:10:06,2025-10-25 17:11:18,00:01:12,0.1,4.65,14.0,4.65,0.07,14.0,-84.0,/SNS/CNCS/IPTS-37274/nexus/CNCS_666660.nxs.h5
666659,108367,YbZn2GaO5,"YZGO, MAG9, Ei=4.65meV, T=0.07K, B=14.0T w=-84.5deg",2025-10-25 17:08:50,2025-10-25 17:10:02,00:01:12,0.1,4.65,14.0,4.65,0.07,14.0,-84.5,/SNS/CNCS/IPTS-37274/nexus/CNCS_666659.nxs.h5
666658,108367,YbZn2GaO5,"YZGO, MAG9, Ei=4.65meV, T=0.07K, B=14.0T w=-85.0deg",2025-10-25 17:07:34,2025-10-25 17:08:46,00:01:12,0.1,4.65,14.0,4.65,0.07,14.0,-85.0,/SNS/CNCS/IPTS-37274/nexus/CNCS_666658.nxs.h5
666657,108367,YbZn2GaO5,"YZGO, MAG9, Ei=4.65meV, T=0.07K, B=14.0T w=-85.5deg",2025-10-25 17:06:18,2025-10-25 17:07:30,00:01:12,0.1,4.65,14.0,4.65,0.07,14.0,-85.5,/SNS/CNCS/IPTS-37274/nexus/CNCS_666657.nxs.h5
666656,108367,YbZn2GaO5,"YZGO, MAG9, Ei=4.65meV, T=0.07K, B=14.0T w=-86.0deg",2025-10-25 17:05:02,2025-10-25 17:06:15,00:01:12,0.1,4.65,14.0,4.65,0.07,14.0,-86.0,/SNS/CNCS/IPTS-37274/nexus/CNCS_666656.nxs.h5
666655,108367,YbZn2GaO5,"YZGO, MAG9, Ei=4.65meV, T=0.07K, B=14.0T w=-86.5deg",2025-10-25 17:03:47,2025-10-25 17:04:59,00:01:12,0.1,4.65,14.0,4.65,0.07,14.0,-86.5,/SNS/CNCS/IPTS-37274/nexus/CNCS_666655.nxs.h5
666654,108367,YbZn2GaO5,"YZGO, MAG9, Ei=4.65meV, T=0.07K, B=14.0T w=-87.0deg",2025-10-25 17:02:31,2025-10-25 17:03:43,00:01:12,0.1,4.65,14.0,4.65,0.07,14.0,-87.0,/SNS/CNCS/IPTS-37274/nexus/CNCS_666654.nxs.h5
666653,108367,YbZn2GaO5,"YZGO, MAG9, Ei=4.65meV, T=0.07K, B=14.0T w=-87.5deg",2025-10-25 17:01:15,2025-10-25 17:02:27,00:01:12,0.1,4.65,14.0,4.65,0.07,14.0,-87.5,/SNS/CNCS/IPTS-37274/nexus/CNCS_666653.nxs.h5
666652,108367,YbZn2GaO5,"YZGO, MAG9, Ei=4.65meV, T=0.07K, B=14.0T w=-88.0deg",2025-10-25 16:59:59,2025-10-25 17:01:12,00:01:12,0.1,4.65,14.0,4.65,0.07,14.0,-88.0,/SNS/CNCS/IPTS-37274/nexus/CNCS_666652.nxs.h5
666651,108367,YbZn2GaO5,"YZGO, MAG9, Ei=4.65meV, T=0.07K, B=14.0T w=-88.5deg",2025-10-25 16:58:44,2025-10-25 16:59:56,00:01:12,0.1,4.65,14.0,4.65,0.07,14.0,-88.5,/SNS/CNCS/IPTS-37274/nexus/CNCS_666651.nxs.h5
666650,108367,YbZn2GaO5,"YZGO, MAG9, Ei=4.65meV, T=0.07K, B=14.0T w=-89.0deg",2025-10-25 16:57:28,2025-10-25 16:58:40,00:01:12,0.1,4.65,14.0,4.65,0.07,14.0,-89.0,/SNS/CNCS/IPTS-37274/nexus/CNCS_666650.nxs.h5
666649,108367,YbZn2GaO5,"YZGO, MAG9, Ei=4.65meV, T=0.07K, B=14.0T w=-89.5deg",2025-10-25 16:56:12,2025-10-25 16:57:24,00:01:12,0.1,4.65,14.0,4.65,0.07,14.0,-89.5,/SNS/CNCS/IPTS-37274/nexus/CNCS_666649.nxs.h5
666648,108367,YbZn2GaO5,"YZGO, MAG9, Ei=4.65meV, T=0.07K, B=14.0T w=-90.0deg",2025-10-25 16:54:56,2025-10-25 16:56:08,00:01:12,0.1,4.65,14.0,4.65,0.07,14.0,-90.0,/SNS/CNCS/IPTS-37274/nexus/CNCS_666648.nxs.h5
666647,108367,YbZn2GaO5,"YZGO, MAG9, Ei=4.65meV, T=0.07K, B=14.0T w=-90.5deg",2025-10-25 16:53:41,2025-10-25 16:54:53,00:01:12,0.1,4.65,14.0,4.65,0.07,14.0,-90.5,/SNS/CNCS/IPTS-37274/nexus/CNCS_666647.nxs.h5
666646,108367,YbZn2GaO5,"YZGO, MAG9, Ei=4.65meV, T=0.07K, B=14.0T w=-91.0deg",2025-10-25 16:52:25,2025-10-25 16:53:37,00:01:12,0.1,4.65,14.0,4.65,0.07,14.0,-91.0,/SNS/CNCS/IPTS-37274/nexus/CNCS_666646.nxs.h5
666645,108367,YbZn2GaO5,"YZGO, MAG9, Ei=4.65meV, T=0.07K, B=14.0T w=-91.5deg",2025-10-25 16:51:09,2025-10-25 16:52:21,00:01:12,0.1,4.65,14.0,4.65,0.07,14.0,-91.5,/SNS/CNCS/IPTS-37274/nexus/CNCS_666645.nxs.h5
666644,108367,YbZn2GaO5,"YZGO, MAG9, Ei=4.65meV, T=0.07K, B=14.0T w=-92.0deg",2025-10-25 16:49:53,2025-10-25 16:51:05,00:01:12,0.1,4.65,14.0,4.65,0.07,14.0,-92.0,/SNS/CNCS/IPTS-37274/nexus/CNCS_666644.nxs.h5
666643,108367,YbZn2GaO5,"YZGO, MAG9, Ei=4.65meV, T=0.07K, B=14.0T w=-92.5deg",2025-10-25 16:48:37,2025-10-25 16:49:50,00:01:12,0.1,4.65,14.0,4.65,0.07,14.0,-92.5,/SNS/CNCS/IPTS-37274/nexus/CNCS_666643.nxs.h5
666642,108367,YbZn2GaO5,"YZGO, MAG9, Ei=4.65meV, T=0.07K, B=14.0T w=-93.0deg",2025-10-25 16:47:22,2025-10-25 16:48:34,00:01:12,0.1,4.65,14.0,4.65,0.07,14.0,-93.0,/SNS/CNCS/IPTS-37274/nexus/CNCS_666642.nxs.h5
666641,108367,YbZn2GaO5,"YZGO, MAG9, Ei=4.65meV, T=0.07K, B=14.0T w=-93.5deg",2025-10-25 16:46:06,2025-10-25 16:47:18,00:01:12,0.1,4.65,14.0,4.65,0.07,14.0,-93.5,/SNS/CNCS/IPTS-37274/nexus/CNCS_666641.nxs.h5
666640,108367,YbZn2GaO5,"YZGO, MAG9, Ei=4.65meV, T=0.07K, B=14.0T w=-94.0deg",2025-10-25 16:44:50,2025-10-25 16:46:02,00:01:12,0.1,4.65,14.0,4.65,0.07,14.0,-94.0,/SNS/CNCS/IPTS-37274/nexus/CNCS_666640.nxs.h5
666639,108367,YbZn2GaO5,"YZGO, MAG9, Ei=4.65meV, T=0.07K, B=14.0T w=-94.5deg",2025-10-25 16:43:34,2025-10-25 16:44:46,00:01:12,0.1,4.65,14.0,4.65,0.07,14.0,-94.5,/SNS/CNCS/IPTS-37274/nexus/CNCS_666639.nxs.h5
666638,108367,YbZn2GaO5,"YZGO, MAG9, Ei=4.65meV, T=0.07K, B=14.0T w=-95.0deg",2025-10-25 16:42:18,2025-10-25 16:43:31,00:01:12,0.1,4.65,14.0,4.65,0.07,14.0,-95.0,/SNS/CNCS/IPTS-37274/nexus/CNCS_666638.nxs.h5
666637,108367,YbZn2GaO5,"YZGO, MAG9, Ei=4.65meV, T=0.07K, B=14.0T w=-95.5deg",2025-10-25 16:41:02,2025-10-25 16:42:15,00:01:12,0.1,4.65,14.0,4.65,0.07,14.0,-95.5,/SNS/CNCS/IPTS-37274/nexus/CNCS_666637.nxs.h5
666636,108367,YbZn2GaO5,"YZGO, MAG9, Ei=4.65meV, T=0.07K, B=14.0T w=-96.0deg",2025-10-25 16:39:47,2025-10-25 16:40:59,00:01:12,0.1,4.65,14.0,4.65,0.07,14.0,-96.0,/SNS/CNCS/IPTS-37274/nexus/CNCS_666636.nxs.h5
666635,108367,YbZn2GaO5,"YZGO, MAG9, Ei=4.65meV, T=0.07K, B=14.0T w=-96.5deg",2025-10-25 16:38:31,2025-10-25 16:39:43,00:01:12,0.1,4.65,14.0,4.65,0.07,14.0,-96.5,/SNS/CNCS/IPTS-37274/nexus/CNCS_666635.nxs.h5
666634,108367,YbZn2GaO5,"YZGO, MAG9, Ei=4.65meV, T=0.07K, B=14.0T w=-97.0deg",2025-10-25 16:37:15,2025-10-25 16:38:27,00:01:12,0.1,4.65,14.0,4.65,0.07,14.0,-97.0,/SNS/CNCS/IPTS-37274/nexus/CNCS_666634.nxs.h5
666633,108367,YbZn2GaO5,"YZGO, MAG9, Ei=4.65meV, T=0.07K, B=14.0T w=-97.5deg",2025-10-25 16:35:59,2025-10-25 16:37:11,00:01:12,0.1,4.65,14.0,4.65,0.07,14.0,-97.5,/SNS/CNCS/IPTS-37274/nexus/CNCS_666633.nxs.h5
666632,108367,YbZn2GaO5,"YZGO, MAG9, Ei=4.65meV, T=0.07K, B=14.0T w=-98.0deg",2025-10-25 16:34:43,2025-10-25 16:35:56,00:01:12,0.1,4.65,14.0,4.65,0.07,14.0,-98.0,/SNS/CNCS/IPTS-37274/nexus/CNCS_666632.nxs.h5
666631,108367,YbZn2GaO5,"YZGO, MAG9, Ei=4.65meV, T=0.07K, B=14.0T w=-98.5deg",2025-10-25 16:33:28,2025-10-25 16:34:40,00:01:12,0.1,4.65,14.0,4.65,0.07,14.0,-98.5,/SNS/CNCS/IPTS-37274/nexus/CNCS_666631.nxs.h5
666630,108367,YbZn2GaO5,"YZGO, MAG9, Ei=4.65meV, T=0.07K, B=14.0T w=-99.0deg",2025-10-25 16:32:12,2025-10-25 16:33:24,00:01:12,0.1,4.65,14.0,4.65,0.07,14.0,-99.0,/SNS/CNCS/IPTS-37274/nexus/CNCS_666630.nxs.h5
666629,108367,YbZn2GaO5,"YZGO, MAG9, Ei=4.65meV, T=0.07K, B=14.0T w=-99.5deg",2025-10-25 16:30:56,2025-10-25 16:32:08,00:01:12,0.1,4.65,14.0,4.65,0.07,14.0,-99.5,/SNS/CNCS/IPTS-37274/nexus/CNCS_666629.nxs.h5
666628,108367,YbZn2GaO5,"YZGO, MAG9, Ei=4.65meV, T=0.07K, B=14.0T w=-100.0deg",2025-10-25 16:29:40,2025-10-25 16:30:52,00:01:12,0.1,4.65,14.0,4.65,0.07,14.0,-100.0,/SNS/CNCS/IPTS-37274/nexus/CNCS_666628.nxs.h5
666627,108367,YbZn2GaO5,"YZGO, MAG9, Ei=4.65meV, T=0.07K, B=14.0T w=-100.5deg",2025-10-25 16:28:24,2025-10-25 16:29:37,00:01:12,0.1,4.65,14.0,4.65,0.07,14.0,-100.5,/SNS/CNCS/IPTS-37274/nexus/CNCS_666627.nxs.h5
666626,108367,YbZn2GaO5,"YZGO, MAG9, Ei=4.65meV, T=0.07K, B=14.0T w=-101.0deg",2025-10-25 16:27:09,2025-10-25 16:28:21,00:01:12,0.1,4.65,14.0,4.65,0.07,14.0,-101.0,/SNS/CNCS/IPTS-37274/nexus/CNCS_666626.nxs.h5
666625,108367,YbZn2GaO5,"YZGO, MAG9, Ei=4.65meV, T=0.07K, B=14.0T w=-101.5deg",2025-10-25 16:25:53,2025-10-25 16:27:05,00:01:12,0.1,4.65,14.0,4.65,0.07,14.0,-101.5,/SNS/CNCS/IPTS-37274/nexus/CNCS_666625.nxs.h5
666624,108367,YbZn2GaO5,"YZGO, MAG9, Ei=4.65meV, T=0.07K, B=14.0T w=-102.0deg",2025-10-25 16:24:37,2025-10-25 16:25:49,00:01:12,0.1,4.65,14.0,4.65,0.07,14.0,-102.0,/SNS/CNCS/IPTS-37274/nexus/CNCS_666624.nxs.h5
666623,108367,YbZn2GaO5,"YZGO, MAG9, Ei=4.65meV, T=0.07K, B=14.0T w=-102.5deg",2025-10-25 16:23:21,2025-10-25 16:24:33,00:01:12,0.1,4.65,14.0,4.65,0.07,14.0,-102.5,/SNS/CNCS/IPTS-37274/nexus/CNCS_666623.nxs.h5
666622,108367,YbZn2GaO5,"YZGO, MAG9, Ei=4.65meV, T=0.07K, B=14.0T w=-103.0deg",2025-10-25 16:22:05,2025-10-25 16:23:18,00:01:12,0.1,4.65,14.0,4.65,0.07,14.0,-103.0,/SNS/CNCS/IPTS-37274/nexus/CNCS_666622.nxs.h5
666621,108367,YbZn2GaO5,"YZGO, MAG9, Ei=4.65meV, T=0.07K, B=14.0T w=-103.5deg",2025-10-25 16:20:50,2025-10-25 16:22:02,00:01:12,0.1,4.65,14.0,4.65,0.07,14.0,-103.5,/SNS/CNCS/IPTS-37274/nexus/CNCS_666621.nxs.h5
666620,108367,YbZn2GaO5,"YZGO, MAG9, Ei=4.65meV, T=0.07K, B=14.0T w=-104.0deg",2025-10-25 16:19:34,2025-10-25 16:20:46,00:01:12,0.1,4.65,14.0,4.65,0.07,14.0,-104.0,/SNS/CNCS/IPTS-37274/nexus/CNCS_666620.nxs.h5
666619,108367,YbZn2GaO5,"YZGO, MAG9, Ei=4.65meV, T=0.07K, B=14.0T w=-104.5deg",2025-10-25 16:18:18,2025-10-25 16:19:30,00:01:12,0.1,4.65,14.0,4.65,0.07,14.0,-104.5,/SNS/CNCS/IPTS-37274/nexus/CNCS_666619.nxs.h5
666618,108367,YbZn2GaO5,"YZGO, MAG9, Ei=4.65meV, T=0.07K, B=14.0T w=-105.0deg",2025-10-25 16:17:02,2025-10-25 16:18:14,00:01:12,0.1,4.65,14.0,4.65,0.07,14.0,-105.0,/SNS/CNCS/IPTS-37274/nexus/CNCS_666618.nxs.h5
666617,108367,YbZn2GaO5,"YZGO, MAG9, Ei=4.65meV, T=0.07K, B=14.0T w=-105.5deg",2025-10-25 16:15:46,2025-10-25 16:16:59,00:01:12,0.1,4.65,14.0,4.65,0.07,14.0,-105.5,/SNS/CNCS/IPTS-37274/nexus/CNCS_666617.nxs.h5
666616,108367,YbZn2GaO5,"YZGO, MAG9, Ei=4.65meV, T=0.07K, B=14.0T w=-106.0deg",2025-10-25 16:14:31,2025-10-25 16:15:43,00:01:12,0.1,4.65,14.0,4.65,0.07,14.0,-106.0,/SNS/CNCS/IPTS-37274/nexus/CNCS_666616.nxs.h5
666615,108367,YbZn2GaO5,"YZGO, MAG9, Ei=4.65meV, T=0.07K, B=14.0T w=-106.5deg",2025-10-25 16:13:15,2025-10-25 16:14:27,00:01:12,0.1,4.65,14.0,4.65,0.07,14.0,-106.5,/SNS/CNCS/IPTS-37274/nexus/CNCS_666615.nxs.h5
666614,108367,YbZn2GaO5,"YZGO, MAG9, Ei=4.65meV, T=0.07K, B=14.0T w=-107.0deg",2025-10-25 16:11:59,2025-10-25 16:13:11,00:01:12,0.1,4.65,14.0,4.65,0.07,14.0,-107.0,/SNS/CNCS/IPTS-37274/nexus/CNCS_666614.nxs.h5
666613,108367,YbZn2GaO5,"YZGO, MAG9, Ei=4.65meV, T=0.07K, B=14.0T w=-107.5deg",2025-10-25 16:10:43,2025-10-25 16:11:55,00:01:12,0.1,4.65,14.0,4.65,0.07,14.0,-107.5,/SNS/CNCS/IPTS-37274/nexus/CNCS_666613.nxs.h5
666612,108367,YbZn2GaO5,"YZGO, MAG9, Ei=4.65meV, T=0.07K, B=14.0T w=-108.0deg",2025-10-25 16:09:27,2025-10-25 16:10:40,00:01:12,0.1,4.65,14.0,4.65,0.07,14.0,-108.0,/SNS/CNCS/IPTS-37274/nexus/CNCS_666612.nxs.h5
666611,108367,YbZn2GaO5,"YZGO, MAG9, Ei=4.65meV, T=0.07K, B=14.0T w=-108.5deg",2025-10-25 16:08:12,2025-10-25 16:09:24,00:01:12,0.1,4.65,14.0,4.65,0.07,14.0,-108.5,/SNS/CNCS/IPTS-37274/nexus/CNCS_666611.nxs.h5
666610,108367,YbZn2GaO5,"YZGO, MAG9, Ei=4.65meV, T=0.07K, B=14.0T w=-109.0deg",2025-10-25 16:06:56,2025-10-25 16:08:08,00:01:12,0.1,4.65,14.0,4.65,0.07,14.0,-109.0,/SNS/CNCS/IPTS-37274/nexus/CNCS_666610.nxs.h5
666609,108367,YbZn2GaO5,"YZGO, MAG9, Ei=4.65meV, T=0.07K, B=14.0T w=-109.5deg",2025-10-25 16:05:40,2025-10-25 16:06:52,00:01:12,0.1,4.65,14.0,4.65,0.07,14.0,-109.5,/SNS/CNCS/IPTS-37274/nexus/CNCS_666609.nxs.h5
666608,108367,YbZn2GaO5,"YZGO, MAG9, Ei=4.65meV, T=0.07K, B=14.0T w=-110.0deg",2025-10-25 16:04:24,2025-10-25 16:05:37,00:01:12,0.1,4.65,14.0,4.65,0.07,14.0,-110.0,/SNS/CNCS/IPTS-37274/nexus/CNCS_666608.nxs.h5
666607,108367,YbZn2GaO5,"YZGO, MAG9, Ei=4.65meV, T=0.07K, B=14.0T w=-110.5deg",2025-10-25 16:03:08,2025-10-25 16:04:21,00:01:12,0.1,4.65,14.0,4.65,0.07,14.0,-110.5,/SNS/CNCS/IPTS-37274/nexus/CNCS_666607.nxs.h5
666606,108367,YbZn2GaO5,"YZGO, MAG9, Ei=4.65meV, T=0.07K, B=14.0T w=-111.0deg",2025-10-25 16:01:53,2025-10-25 16:03:05,00:01:12,0.1,4.65,14.0,4.65,0.07,14.0,-111.0,/SNS/CNCS/IPTS-37274/nexus/CNCS_666606.nxs.h5
666605,108367,YbZn2GaO5,"YZGO, MAG9, Ei=4.65meV, T=0.07K, B=14.0T w=-111.5deg",2025-10-25 16:00:37,2025-10-25 16:01:49,00:01:12,0.1,4.65,14.0,4.65,0.07,14.0,-111.5,/SNS/CNCS/IPTS-37274/nexus/CNCS_666605.nxs.h5
666604,108367,YbZn2GaO5,"YZGO, MAG9, Ei=4.65meV, T=0.07K, B=14.0T w=-112.0deg",2025-10-25 15:59:21,2025-10-25 16:00:33,00:01:12,0.1,4.65,14.0,4.65,0.07,14.0,-112.0,/SNS/CNCS/IPTS-37274/nexus/CNCS_666604.nxs.h5
666603,108367,YbZn2GaO5,"YZGO, MAG9, Ei=4.65meV, T=0.07K, B=14.0T w=-112.5deg",2025-10-25 15:58:05,2025-10-25 15:59:17,00:01:12,0.1,4.65,14.0,4.65,0.07,14.0,-112.5,/SNS/CNCS/IPTS-37274/nexus/CNCS_666603.nxs.h5
666602,108367,YbZn2GaO5,"YZGO, MAG9, Ei=4.65meV, T=0.07K, B=14.0T w=-113.0deg",2025-10-25 15:56:49,2025-10-25 15:58:02,00:01:12,0.1,4.65,14.0,4.65,0.07,14.0,-113.0,/SNS/CNCS/IPTS-37274/nexus/CNCS_666602.nxs.h5
666601,108367,YbZn2GaO5,"YZGO, MAG9, Ei=4.65meV, T=0.07K, B=14.0T w=-113.5deg",2025-10-25 15:55:34,2025-10-25 15:56:46,00:01:12,0.1,4.65,14.0,4.65,0.07,14.0,-113.5,/SNS/CNCS/IPTS-37274/nexus/CNCS_666601.nxs.h5
666600,108367,YbZn2GaO5,"YZGO, MAG9, Ei=4.65meV, T=0.07K, B=14.0T w=-114.0deg",2025-10-25 15:54:18,2025-10-25 15:55:30,00:01:12,0.1,4.65,14.0,4.65,0.07,14.0,-114.0,/SNS/CNCS/IPTS-37274/nexus/CNCS_666600.nxs.h5
666599,108367,YbZn2GaO5,"YZGO, MAG9, Ei=4.65meV, T=0.07K, B=14.0T w=-114.5deg",2025-10-25 15:53:02,2025-10-25 15:54:14,00:01:12,0.1,4.65,14.0,4.65,0.07,14.0,-114.5,/SNS/CNCS/IPTS-37274/nexus/CNCS_666599.nxs.h5
666598,108367,YbZn2GaO5,"YZGO, MAG9, Ei=4.65meV, T=0.07K, B=14.0T w=-115.0deg",2025-10-25 15:51:47,2025-10-25 15:52:58,00:01:11,0.1,4.65,14.0,4.65,0.07,14.0,-115.0,/SNS/CNCS/IPTS-37274/nexus/CNCS_666598.nxs.h5
666597,108367,YbZn2GaO5,"YZGO, MAG9, Ei=4.65meV, T=0.07K, B=14.0T w=-115.5deg",2025-10-25 15:50:31,2025-10-25 15:51:43,00:01:12,0.1,4.65,14.0,4.65,0.07,14.0,-115.5,/SNS/CNCS/IPTS-37274/nexus/CNCS_666597.nxs.h5
666596,108367,YbZn2GaO5,"YZGO, MAG9, Ei=4.65meV, T=0.07K, B=14.0T w=-116.0deg",2025-10-25 15:49:15,2025-10-25 15:50:27,00:01:12,0.1,4.65,14.0,4.65,0.07,14.0,-116.0,/SNS/CNCS/IPTS-37274/nexus/CNCS_666596.nxs.h5
666595,108367,YbZn2GaO5,"YZGO, MAG9, Ei=4.65meV, T=0.07K, B=14.0T w=-116.5deg",2025-10-25 15:47:59,2025-10-25 15:49:12,00:01:12,0.1,4.65,14.0,4.65,0.07,14.0,-116.5,/SNS/CNCS/IPTS-37274/nexus/CNCS_666595.nxs.h5
666594,108367,YbZn2GaO5,"YZGO, MAG9, Ei=4.65meV, T=0.07K, B=14.0T w=-117.0deg",2025-10-25 15:46:44,2025-10-25 15:47:56,00:01:12,0.1,4.65,14.0,4.65,0.07,14.0,-117.0,/SNS/CNCS/IPTS-37274/nexus/CNCS_666594.nxs.h5
666593,108367,YbZn2GaO5,"YZGO, MAG9, Ei=4.65meV, T=0.07K, B=14.0T w=-117.5deg",2025-10-25 15:45:28,2025-10-25 15:46:40,00:01:12,0.1,4.65,14.0,4.65,0.07,14.0,-117.5,/SNS/CNCS/IPTS-37274/nexus/CNCS_666593.nxs.h5
666592,108367,YbZn2GaO5,"YZGO, MAG9, Ei=4.65meV, T=0.07K, B=14.0T w=-118.0deg",2025-10-25 15:44:12,2025-10-25 15:45:24,00:01:12,0.1,4.65,14.0,4.65,0.07,14.0,-118.0,/SNS/CNCS/IPTS-37274/nexus/CNCS_666592.nxs.h5
666591,108367,YbZn2GaO5,"YZGO, MAG9, Ei=4.65meV, T=0.07K, B=14.0T w=-118.5deg",2025-10-25 15:42:56,2025-10-25 15:44:08,00:01:12,0.1,4.65,14.0,4.65,0.07,14.0,-118.5,/SNS/CNCS/IPTS-37274/nexus/CNCS_666591.nxs.h5
666590,108367,YbZn2GaO5,"YZGO, MAG9, Ei=4.65meV, T=0.07K, B=14.0T w=-119.0deg",2025-10-25 15:41:40,2025-10-25 15:42:53,00:01:12,0.1,4.65,14.0,4.65,0.07,14.0,-119.0,/SNS/CNCS/IPTS-37274/nexus/CNCS_666590.nxs.h5
666589,108367,YbZn2GaO5,"YZGO, MAG9, Ei=4.65meV, T=0.07K, B=14.0T w=-119.5deg",2025-10-25 15:40:24,2025-10-25 15:41:37,00:01:12,0.1,4.65,14.0,4.65,0.07,14.0,-119.5,/SNS/CNCS/IPTS-37274/nexus/CNCS_666589.nxs.h5
666588,108367,YbZn2GaO5,"YZGO, MAG9, Ei=4.65meV, T=0.07K, B=14.0T w=-120.0deg",2025-10-25 15:39:07,2025-10-25 15:40:20,00:01:13,0.1,4.65,14.0,4.65,0.07,14.0,-120.0,/SNS/CNCS/IPTS-37274/nexus/CNCS_666588.nxs.h5
666587,108367,YbZn2GaO5,"YZGO, MAG9, Ei=4.65meV, T=0.07K, B=14.0T w=-120.5deg",2025-10-25 15:37:51,2025-10-25 15:39:03,00:01:12,0.1,4.65,14.0,4.65,0.07,14.0,-120.5,/SNS/CNCS/IPTS-37274/nexus/CNCS_666587.nxs.h5
666586,108367,YbZn2GaO5,"YZGO, MAG9, Ei=4.65meV, T=0.07K, B=14.0T w=-121.0deg",2025-10-25 15:36:35,2025-10-25 15:37:47,00:01:12,0.1,4.65,14.0,4.65,0.07,14.0,-121.0,/SNS/CNCS/IPTS-37274/nexus/CNCS_666586.nxs.h5
666585,108367,YbZn2GaO5,"YZGO, MAG9, Ei=4.65meV, T=0.07K, B=14.0T w=-121.5deg",2025-10-25 15:35:19,2025-10-25 15:36:31,00:01:12,0.1,4.65,14.0,4.65,0.07,14.0,-121.5,/SNS/CNCS/IPTS-37274/nexus/CNCS_666585.nxs.h5
666584,108367,YbZn2GaO5,"YZGO, MAG9, Ei=4.65meV, T=0.07K, B=14.0T w=-122.0deg",2025-10-25 15:34:03,2025-10-25 15:35:16,00:01:12,0.1,4.65,14.0,4.65,0.07,14.0,-122.0,/SNS/CNCS/IPTS-37274/nexus/CNCS_666584.nxs.h5
666583,108367,YbZn2GaO5,"YZGO, MAG9, Ei=4.65meV, T=0.07K, B=14.0T w=-122.5deg",2025-10-25 15:32:48,2025-10-25 15:34:00,00:01:12,0.1,4.65,14.0,4.65,0.07,14.0,-122.5,/SNS/CNCS/IPTS-37274/nexus/CNCS_666583.nxs.h5
666582,108367,YbZn2GaO5,"YZGO, MAG9, Ei=4.65meV, T=0.07K, B=14.0T w=-123.0deg",2025-10-25 15:31:32,2025-10-25 15:32:44,00:01:12,0.1,4.65,14.0,4.65,0.07,14.0,-123.0,/SNS/CNCS/IPTS-37274/nexus/CNCS_666582.nxs.h5
666581,108367,YbZn2GaO5,"YZGO, MAG9, Ei=4.65meV, T=0.07K, B=14.0T w=-123.5deg",2025-10-25 15:30:16,2025-10-25 15:31:28,00:01:12,0.1,4.65,14.0,4.65,0.07,14.0,-123.5,/SNS/CNCS/IPTS-37274/nexus/CNCS_666581.nxs.h5
666580,108367,YbZn2GaO5,"YZGO, MAG9, Ei=4.65meV, T=0.07K, B=14.0T w=-124.0deg",2025-10-25 15:29:00,2025-10-25 15:30:12,00:01:12,0.1,4.65,14.0,4.65,0.07,14.0,-124.0,/SNS/CNCS/IPTS-37274/nexus/CNCS_666580.nxs.h5
666579,108367,YbZn2GaO5,"YZGO, MAG9, Ei=4.65meV, T=0.07K, B=14.0T w=-124.5deg",2025-10-25 15:27:44,2025-10-25 15:28:57,00:01:12,0.1,4.65,14.0,4.65,0.07,14.0,-124.5,/SNS/CNCS/IPTS-37274/nexus/CNCS_666579.nxs.h5
666578,108367,YbZn2GaO5,"YZGO, MAG9, Ei=4.65meV, T=0.07K, B=14.0T w=-125.0deg",2025-10-25 15:26:29,2025-10-25 15:27:41,00:01:12,0.1,4.65,14.0,4.65,0.07,14.0,-125.0,/SNS/CNCS/IPTS-37274/nexus/CNCS_666578.nxs.h5
666577,108367,YbZn2GaO5,"YZGO, MAG9, Ei=4.65meV, T=0.07K, B=14.0T w=-125.5deg",2025-10-25 15:25:13,2025-10-25 15:26:25,00:01:12,0.1,4.65,14.0,4.65,0.07,14.0,-125.5,/SNS/CNCS/IPTS-37274/nexus/CNCS_666577.nxs.h5
666576,108367,YbZn2GaO5,"YZGO, MAG9, Ei=4.65meV, T=0.07K, B=14.0T w=-126.0deg",2025-10-25 15:23:57,2025-10-25 15:25:09,00:01:12,0.1,4.65,14.0,4.65,0.07,14.0,-126.0,/SNS/CNCS/IPTS-37274/nexus/CNCS_666576.nxs.h5
666575,108367,YbZn2GaO5,"YZGO, MAG9, Ei=4.65meV, T=0.07K, B=14.0T w=-126.5deg",2025-10-25 15:22:41,2025-10-25 15:23:54,00:01:12,0.1,4.65,14.0,4.65,0.07,14.0,-126.5,/SNS/CNCS/IPTS-37274/nexus/CNCS_666575.nxs.h5
666574,108367,YbZn2GaO5,"YZGO, MAG9, Ei=4.65meV, T=0.07K, B=14.0T w=-127.0deg",2025-10-25 15:21:26,2025-10-25 15:22:38,00:01:12,0.1,4.65,14.0,4.65,0.07,14.0,-127.0,/SNS/CNCS/IPTS-37274/nexus/CNCS_666574.nxs.h5
666573,108367,YbZn2GaO5,"YZGO, MAG9, Ei=4.65meV, T=0.07K, B=14.0T w=-127.5deg",2025-10-25 15:20:10,2025-10-25 15:21:22,00:01:12,0.1,4.65,14.0,4.65,0.07,14.0,-127.5,/SNS/CNCS/IPTS-37274/nexus/CNCS_666573.nxs.h5
666572,108367,YbZn2GaO5,"YZGO, MAG9, Ei=4.65meV, T=0.07K, B=14.0T w=-128.0deg",2025-10-25 15:18:54,2025-10-25 15:20:06,00:01:12,0.1,4.65,14.0,4.65,0.07,14.0,-128.0,/SNS/CNCS/IPTS-37274/nexus/CNCS_666572.nxs.h5
666571,108367,YbZn2GaO5,"YZGO, MAG9, Ei=4.65meV, T=0.07K, B=14.0T w=-128.5deg",2025-10-25 15:17:38,2025-10-25 15:18:51,00:01:12,0.1,4.65,14.0,4.65,0.07,14.0,-128.5,/SNS/CNCS/IPTS-37274/nexus/CNCS_666571.nxs.h5
666570,108367,YbZn2GaO5,"YZGO, MAG9, Ei=4.65meV, T=0.07K, B=14.0T w=-129.0deg",2025-10-25 15:16:23,2025-10-25 15:17:35,00:01:12,0.1,4.65,14.0,4.65,0.07,14.0,-129.0,/SNS/CNCS/IPTS-37274/nexus/CNCS_666570.nxs.h5
666569,108367,YbZn2GaO5,"YZGO, MAG9, Ei=4.65meV, T=0.07K, B=14.0T w=-129.5deg",2025-10-25 15:15:07,2025-10-25 15:16:19,00:01:12,0.1,4.65,14.0,4.65,0.07,14.0,-129.5,/SNS/CNCS/IPTS-37274/nexus/CNCS_666569.nxs.h5
666568,108367,YbZn2GaO5,"YZGO, MAG9, Ei=4.65meV, T=0.07K, B=14.0T w=-130.0deg",2025-10-25 15:13:51,2025-10-25 15:15:03,00:01:12,0.1,4.65,14.0,4.65,0.07,14.0,-130.0,/SNS/CNCS/IPTS-37274/nexus/CNCS_666568.nxs.h5
666567,108367,YbZn2GaO5,"YZGO, MAG9, Ei=4.65meV, T=0.07K, B=14.0T w=-130.5deg",2025-10-25 15:12:35,2025-10-25 15:13:47,00:01:12,0.1,4.65,14.0,4.65,0.07,14.0,-130.5,/SNS/CNCS/IPTS-37274/nexus/CNCS_666567.nxs.h5
666566,108367,YbZn2GaO5,"YZGO, MAG9, Ei=4.65meV, T=0.07K, B=14.0T w=-131.0deg",2025-10-25 15:11:19,2025-10-25 15:12:32,00:01:12,0.1,4.65,14.0,4.65,0.07,14.0,-131.0,/SNS/CNCS/IPTS-37274/nexus/CNCS_666566.nxs.h5
666565,108367,YbZn2GaO5,"YZGO, MAG9, Ei=4.65meV, T=0.07K, B=14.0T w=-131.5deg",2025-10-25 15:10:03,2025-10-25 15:11:16,00:01:12,0.1,4.65,14.0,4.65,0.07,14.0,-131.5,/SNS/CNCS/IPTS-37274/nexus/CNCS_666565.nxs.h5
666564,108367,YbZn2GaO5,"YZGO, MAG9, Ei=4.65meV, T=0.07K, B=14.0T w=-132.0deg",2025-10-25 15:08:48,2025-10-25 15:10:00,00:01:12,0.1,4.65,14.0,4.65,0.07,14.0,-132.0,/SNS/CNCS/IPTS-37274/nexus/CNCS_666564.nxs.h5
666563,108367,YbZn2GaO5,"YZGO, MAG9, Ei=4.65meV, T=0.07K, B=14.0T w=-132.5deg",2025-10-25 15:07:32,2025-10-25 15:08:44,00:01:12,0.1,4.65,14.0,4.65,0.07,14.0,-132.5,/SNS/CNCS/IPTS-37274/nexus/CNCS_666563.nxs.h5
666562,108367,YbZn2GaO5,"YZGO, MAG9, Ei=4.65meV, T=0.07K, B=14.0T w=-133.0deg",2025-10-25 15:06:16,2025-10-25 15:07:28,00:01:12,0.1,4.65,14.0,4.65,0.07,14.0,-133.0,/SNS/CNCS/IPTS-37274/nexus/CNCS_666562.nxs.h5
666561,108367,YbZn2GaO5,"YZGO, MAG9, Ei=4.65meV, T=0.07K, B=14.0T w=-133.5deg",2025-10-25 15:05:01,2025-10-25 15:06:13,00:01:11,0.1,4.65,14.0,4.65,0.07,14.0,-133.5,/SNS/CNCS/IPTS-37274/nexus/CNCS_666561.nxs.h5
666560,108367,YbZn2GaO5,"YZGO, MAG9, Ei=4.65meV, T=0.07K, B=14.0T w=-134.0deg",2025-10-25 15:03:45,2025-10-25 15:04:57,00:01:12,0.1,4.65,14.0,4.65,0.07,14.0,-134.0,/SNS/CNCS/IPTS-37274/nexus/CNCS_666560.nxs.h5
666559,108367,YbZn2GaO5,"YZGO, MAG9, Ei=4.65meV, T=0.07K, B=14.0T w=-134.5deg",2025-10-25 15:02:29,2025-10-25 15:03:41,00:01:12,0.1,4.65,14.0,4.65,0.07,14.0,-134.5,/SNS/CNCS/IPTS-37274/nexus/CNCS_666559.nxs.h5
666558,108367,YbZn2GaO5,"YZGO, MAG9, Ei=4.65meV, T=0.07K, B=14.0T w=-135.0deg",2025-10-25 15:01:13,2025-10-25 15:02:26,00:01:12,0.1,4.65,14.0,4.65,0.07,14.0,-135.0,/SNS/CNCS/IPTS-37274/nexus/CNCS_666558.nxs.h5
666557,108367,YbZn2GaO5,"YZGO, MAG9, Ei=4.65meV, T=0.07K, B=14.0T w=-135.5deg",2025-10-25 14:59:58,2025-10-25 15:01:10,00:01:12,0.1,4.65,14.0,4.65,0.07,14.0,-135.5,/SNS/CNCS/IPTS-37274/nexus/CNCS_666557.nxs.h5
666556,108367,YbZn2GaO5,"YZGO, MAG9, Ei=4.65meV, T=0.07K, B=14.0T w=-136.0deg",2025-10-25 14:58:42,2025-10-25 14:59:54,00:01:12,0.1,4.65,14.0,4.65,0.07,14.0,-136.0,/SNS/CNCS/IPTS-37274/nexus/CNCS_666556.nxs.h5
666555,108367,YbZn2GaO5,"YZGO, MAG9, Ei=4.65meV, T=0.07K, B=14.0T w=-136.5deg",2025-10-25 14:57:26,2025-10-25 14:58:38,00:01:12,0.1,4.65,14.0,4.65,0.07,14.0,-136.5,/SNS/CNCS/IPTS-37274/nexus/CNCS_666555.nxs.h5
666554,108367,YbZn2GaO5,"YZGO, MAG9, Ei=4.65meV, T=0.07K, B=14.0T w=-137.0deg",2025-10-25 14:56:10,2025-10-25 14:57:22,00:01:12,0.1,4.65,14.0,4.65,0.07,14.0,-137.0,/SNS/CNCS/IPTS-37274/nexus/CNCS_666554.nxs.h5
666553,108367,YbZn2GaO5,"YZGO, MAG9, Ei=4.65meV, T=0.07K, B=14.0T w=-137.5deg",2025-10-25 14:54:54,2025-10-25 14:56:07,00:01:12,0.1,4.65,14.0,4.65,0.07,14.0,-137.5,/SNS/CNCS/IPTS-37274/nexus/CNCS_666553.nxs.h5
666552,108367,YbZn2GaO5,"YZGO, MAG9, Ei=4.65meV, T=0.07K, B=14.0T w=-138.0deg",2025-10-25 14:53:38,2025-10-25 14:54:51,00:01:12,0.1,4.65,14.0,4.65,0.07,14.0,-138.0,/SNS/CNCS/IPTS-37274/nexus/CNCS_666552.nxs.h5
666551,108367,YbZn2GaO5,"YZGO, MAG9, Ei=4.65meV, T=0.07K, B=14.0T w=-138.5deg",2025-10-25 14:52:23,2025-10-25 14:53:35,00:01:12,0.1,4.65,14.0,4.65,0.07,14.0,-138.5,/SNS/CNCS/IPTS-37274/nexus/CNCS_666551.nxs.h5
666550,108367,YbZn2GaO5,"YZGO, MAG9, Ei=4.65meV, T=0.07K, B=14.0T w=-139.0deg",2025-10-25 14:51:07,2025-10-25 14:52:19,00:01:12,0.1,4.65,14.0,4.65,0.07,14.0,-139.0,/SNS/CNCS/IPTS-37274/nexus/CNCS_666550.nxs.h5
666549,108367,YbZn2GaO5,"YZGO, MAG9, Ei=4.65meV, T=0.07K, B=14.0T w=-139.5deg",2025-10-25 14:49:51,2025-10-25 14:51:03,00:01:12,0.1,4.65,14.0,4.65,0.07,14.0,-139.5,/SNS/CNCS/IPTS-37274/nexus/CNCS_666549.nxs.h5
666548,108367,YbZn2GaO5,"YZGO, MAG9, Ei=4.65meV, T=0.07K, B=14.0T w=-140.0deg",2025-10-25 14:48:35,2025-10-25 14:49:47,00:01:12,0.1,4.65,14.0,4.65,0.07,14.0,-140.0,/SNS/CNCS/IPTS-37274/nexus/CNCS_666548.nxs.h5
666547,108367,YbZn2GaO5,"YZGO, MAG9, Ei=4.65meV, T=0.07K, B=14.0T w=-140.5deg",2025-10-25 14:47:19,2025-10-25 14:48:32,00:01:12,0.1,4.65,14.0,4.65,0.07,14.0,-140.5,/SNS/CNCS/IPTS-37274/nexus/CNCS_666547.nxs.h5
666546,108367,YbZn2GaO5,"YZGO, MAG9, Ei=4.65meV, T=0.07K, B=14.0T w=-141.0deg",2025-10-25 14:46:04,2025-10-25 14:47:16,00:01:12,0.1,4.65,14.0,4.65,0.07,14.0,-141.0,/SNS/CNCS/IPTS-37274/nexus/CNCS_666546.nxs.h5
666545,108367,YbZn2GaO5,"YZGO, MAG9, Ei=4.65meV, T=0.07K, B=14.0T w=-141.5deg",2025-10-25 14:44:48,2025-10-25 14:46:00,00:01:12,0.1,4.65,14.0,4.65,0.07,14.0,-141.5,/SNS/CNCS/IPTS-37274/nexus/CNCS_666545.nxs.h5
666544,108367,YbZn2GaO5,"YZGO, MAG9, Ei=4.65meV, T=0.07K, B=14.0T w=-142.0deg",2025-10-25 14:43:32,2025-10-25 14:44:44,00:01:12,0.1,4.65,14.0,4.65,0.07,14.0,-142.0,/SNS/CNCS/IPTS-37274/nexus/CNCS_666544.nxs.h5
666543,108367,YbZn2GaO5,"YZGO, MAG9, Ei=4.65meV, T=0.07K, B=14.0T w=-142.5deg",2025-10-25 14:42:16,2025-10-25 14:43:28,00:01:12,0.1,4.65,14.0,4.65,0.07,14.0,-142.5,/SNS/CNCS/IPTS-37274/nexus/CNCS_666543.nxs.h5
666542,108367,YbZn2GaO5,"YZGO, MAG9, Ei=4.65meV, T=0.07K, B=14.0T w=-143.0deg",2025-10-25 14:41:00,2025-10-25 14:42:13,00:01:12,0.1,4.65,14.0,4.65,0.07,14.0,-143.0,/SNS/CNCS/IPTS-37274/nexus/CNCS_666542.nxs.h5
666541,108367,YbZn2GaO5,"YZGO, MAG9, Ei=4.65meV, T=0.07K, B=14.0T w=-143.5deg",2025-10-25 14:39:45,2025-10-25 14:40:57,00:01:12,0.1,4.65,14.0,4.65,0.07,14.0,-143.5,/SNS/CNCS/IPTS-37274/nexus/CNCS_666541.nxs.h5
666540,108367,YbZn2GaO5,"YZGO, MAG9, Ei=4.65meV, T=0.07K, B=14.0T w=-144.0deg",2025-10-25 14:38:29,2025-10-25 14:39:41,00:01:12,0.1,4.65,14.0,4.65,0.07,14.0,-144.0,/SNS/CNCS/IPTS-37274/nexus/CNCS_666540.nxs.h5
666539,108367,YbZn2GaO5,"YZGO, MAG9, Ei=4.65meV, T=0.07K, B=14.0T w=-144.5deg",2025-10-25 14:37:13,2025-10-25 14:38:25,00:01:12,0.1,4.65,14.0,4.65,0.07,14.0,-144.5,/SNS/CNCS/IPTS-37274/nexus/CNCS_666539.nxs.h5
666538,108367,YbZn2GaO5,"YZGO, MAG9, Ei=4.65meV, T=0.07K, B=14.0T w=-145.0deg",2025-10-25 14:35:57,2025-10-25 14:37:09,00:01:12,0.1,4.65,14.0,4.65,0.07,14.0,-145.0,/SNS/CNCS/IPTS-37274/nexus/CNCS_666538.nxs.h5
666537,108367,YbZn2GaO5,"YZGO, MAG9, Ei=4.65meV, T=0.07K, B=14.0T w=-145.5deg",2025-10-25 14:34:42,2025-10-25 14:35:54,00:01:12,0.1,4.65,14.0,4.65,0.07,14.0,-145.5,/SNS/CNCS/IPTS-37274/nexus/CNCS_666537.nxs.h5
666536,108367,YbZn2GaO5,"YZGO, MAG9, Ei=4.65meV, T=0.07K, B=14.0T w=-146.0deg",2025-10-25 14:33:26,2025-10-25 14:34:38,00:01:12,0.1,4.65,14.0,4.65,0.07,14.0,-146.0,/SNS/CNCS/IPTS-37274/nexus/CNCS_666536.nxs.h5
666535,108367,YbZn2GaO5,"YZGO, MAG9, Ei=4.65meV, T=0.07K, B=14.0T w=-146.5deg",2025-10-25 14:32:10,2025-10-25 14:33:22,00:01:12,0.1,4.65,14.0,4.65,0.07,14.0,-146.5,/SNS/CNCS/IPTS-37274/nexus/CNCS_666535.nxs.h5
666534,108367,YbZn2GaO5,"YZGO, MAG9, Ei=4.65meV, T=0.07K, B=14.0T w=-147.0deg",2025-10-25 14:30:54,2025-10-25 14:32:06,00:01:12,0.1,4.65,14.0,4.65,0.07,14.0,-147.0,/SNS/CNCS/IPTS-37274/nexus/CNCS_666534.nxs.h5
666533,108367,YbZn2GaO5,"YZGO, MAG9, Ei=4.65meV, T=0.07K, B=14.0T w=-147.5deg",2025-10-25 14:29:38,2025-10-25 14:30:51,00:01:12,0.1,4.65,14.0,4.65,0.07,14.0,-147.5,/SNS/CNCS/IPTS-37274/nexus/CNCS_666533.nxs.h5
666532,108367,YbZn2GaO5,"YZGO, MAG9, Ei=4.65meV, T=0.07K, B=14.0T w=-148.0deg",2025-10-25 14:28:22,2025-10-25 14:29:35,00:01:12,0.1,4.65,14.0,4.65,0.07,14.0,-148.0,/SNS/CNCS/IPTS-37274/nexus/CNCS_666532.nxs.h5
666531,108367,YbZn2GaO5,"YZGO, MAG9, Ei=4.65meV, T=0.07K, B=14.0T w=-148.5deg",2025-10-25 14:27:07,2025-10-25 14:28:19,00:01:12,0.1,4.65,14.0,4.65,0.07,14.0,-148.5,/SNS/CNCS/IPTS-37274/nexus/CNCS_666531.nxs.h5
666530,108367,YbZn2GaO5,"YZGO, MAG9, Ei=4.65meV, T=0.07K, B=14.0T w=-149.0deg",2025-10-25 14:25:51,2025-10-25 14:27:03,00:01:12,0.1,4.65,14.0,4.65,0.07,14.0,-149.0,/SNS/CNCS/IPTS-37274/nexus/CNCS_666530.nxs.h5
666529,108367,YbZn2GaO5,"YZGO, MAG9, Ei=4.65meV, T=0.07K, B=14.0T w=-149.5deg",2025-10-25 14:24:35,2025-10-25 14:25:47,00:01:12,0.1,4.65,14.0,4.65,0.07,14.0,-149.5,/SNS/CNCS/IPTS-37274/nexus/CNCS_666529.nxs.h5
666528,108367,YbZn2GaO5,"YZGO, MAG9, Ei=4.65meV, T=0.07K, B=14.0T w=-150.0deg",2025-10-25 14:23:19,2025-10-25 14:24:31,00:01:12,0.1,4.65,14.0,4.65,0.07,14.0,-150.0,/SNS/CNCS/IPTS-37274/nexus/CNCS_666528.nxs.h5
666527,108367,YbZn2GaO5,"YZGO, MAG9, Ei=4.65meV, T=0.07K, B=14.0T w=-150.5deg",2025-10-25 14:22:03,2025-10-25 14:23:15,00:01:12,0.1,4.65,14.0,4.65,0.07,14.0,-150.5,/SNS/CNCS/IPTS-37274/nexus/CNCS_666527.nxs.h5
666526,108367,YbZn2GaO5,"YZGO, MAG9, Ei=4.65meV, T=0.07K, B=14.0T w=-151.0deg",2025-10-25 14:20:47,2025-10-25 14:22:00,00:01:12,0.1,4.65,14.0,4.65,0.07,14.0,-151.0,/SNS/CNCS/IPTS-37274/nexus/CNCS_666526.nxs.h5
666525,108367,YbZn2GaO5,"YZGO, MAG9, Ei=4.65meV, T=0.07K, B=14.0T w=-151.5deg",2025-10-25 14:19:32,2025-10-25 14:20:44,00:01:12,0.1,4.65,14.0,4.65,0.07,14.0,-151.5,/SNS/CNCS/IPTS-37274/nexus/CNCS_666525.nxs.h5
666524,108367,YbZn2GaO5,"YZGO, MAG9, Ei=4.65meV, T=0.07K, B=14.0T w=-152.0deg",2025-10-25 14:18:16,2025-10-25 14:19:28,00:01:12,0.1,4.65,14.0,4.65,0.07,14.0,-152.0,/SNS/CNCS/IPTS-37274/nexus/CNCS_666524.nxs.h5
666523,108367,YbZn2GaO5,"YZGO, MAG9, Ei=4.65meV, T=0.07K, B=14.0T w=-152.5deg",2025-10-25 14:17:00,2025-10-25 14:18:12,00:01:12,0.1,4.65,14.0,4.65,0.07,14.0,-152.5,/SNS/CNCS/IPTS-37274/nexus/CNCS_666523.nxs.h5
666522,108367,YbZn2GaO5,"YZGO, MAG9, Ei=4.65meV, T=0.07K, B=14.0T w=-153.0deg",2025-10-25 14:15:44,2025-10-25 14:16:56,00:01:12,0.1,4.65,14.0,4.65,0.07,14.0,-153.0,/SNS/CNCS/IPTS-37274/nexus/CNCS_666522.nxs.h5
666521,108367,YbZn2GaO5,"YZGO, MAG9, Ei=4.65meV, T=0.07K, B=14.0T w=-153.5deg",2025-10-25 14:14:28,2025-10-25 14:15:41,00:01:12,0.1,4.65,14.0,4.65,0.07,14.0,-153.5,/SNS/CNCS/IPTS-37274/nexus/CNCS_666521.nxs.h5
666520,108367,YbZn2GaO5,"YZGO, MAG9, Ei=4.65meV, T=0.07K, B=14.0T w=-154.0deg",2025-10-25 14:13:13,2025-10-25 14:14:25,00:01:12,0.1,4.65,14.0,4.65,0.07,14.0,-154.0,/SNS/CNCS/IPTS-37274/nexus/CNCS_666520.nxs.h5
666519,108367,YbZn2GaO5,"YZGO, MAG9, Ei=4.65meV, T=0.07K, B=14.0T w=-154.5deg",2025-10-25 14:11:57,2025-10-25 14:13:09,00:01:12,0.1,4.65,14.0,4.65,0.07,14.0,-154.5,/SNS/CNCS/IPTS-37274/nexus/CNCS_666519.nxs.h5
666518,108367,YbZn2GaO5,"YZGO, MAG9, Ei=4.65meV, T=0.07K, B=14.0T w=-155.0deg",2025-10-25 14:10:41,2025-10-25 14:11:53,00:01:12,0.1,4.65,14.0,4.65,0.07,14.0,-155.0,/SNS/CNCS/IPTS-37274/nexus/CNCS_666518.nxs.h5
666517,108367,YbZn2GaO5,"YZGO, MAG9, Ei=4.65meV, T=0.07K, B=14.0T w=-155.5deg",2025-10-25 14:09:25,2025-10-25 14:10:37,00:01:12,0.1,4.65,14.0,4.65,0.07,14.0,-155.5,/SNS/CNCS/IPTS-37274/nexus/CNCS_666517.nxs.h5
666516,108367,YbZn2GaO5,"YZGO, MAG9, Ei=4.65meV, T=0.07K, B=14.0T w=-156.0deg",2025-10-25 14:08:09,2025-10-25 14:09:21,00:01:12,0.1,4.65,14.0,4.65,0.07,14.0,-156.0,/SNS/CNCS/IPTS-37274/nexus/CNCS_666516.nxs.h5
666515,108367,YbZn2GaO5,"YZGO, MAG9, Ei=4.65meV, T=0.07K, B=14.0T w=-156.5deg",2025-10-25 14:06:53,2025-10-25 14:08:05,00:01:12,0.1,4.65,14.0,4.65,0.07,14.0,-156.5,/SNS/CNCS/IPTS-37274/nexus/CNCS_666515.nxs.h5
666514,108367,YbZn2GaO5,"YZGO, MAG9, Ei=4.65meV, T=0.07K, B=14.0T w=-157.0deg",2025-10-25 14:05:37,2025-10-25 14:06:49,00:01:12,0.1,4.65,14.0,4.65,0.07,14.0,-157.0,/SNS/CNCS/IPTS-37274/nexus/CNCS_666514.nxs.h5
666513,108367,YbZn2GaO5,"YZGO, MAG9, Ei=4.65meV, T=0.07K, B=14.0T w=-157.5deg",2025-10-25 14:04:21,2025-10-25 14:05:33,00:01:12,0.1,4.65,14.0,4.65,0.07,14.0,-157.5,/SNS/CNCS/IPTS-37274/nexus/CNCS_666513.nxs.h5
666512,108367,YbZn2GaO5,"YZGO, MAG9, Ei=4.65meV, T=0.07K, B=14.0T w=-158.0deg",2025-10-25 14:03:06,2025-10-25 14:04:18,00:01:12,0.1,4.65,14.0,4.65,0.07,14.0,-158.0,/SNS/CNCS/IPTS-37274/nexus/CNCS_666512.nxs.h5
666511,108367,YbZn2GaO5,"YZGO, MAG9, Ei=4.65meV, T=0.07K, B=14.0T w=-158.5deg",2025-10-25 14:01:50,2025-10-25 14:03:02,00:01:12,0.1,4.65,14.0,4.65,0.07,14.0,-158.5,/SNS/CNCS/IPTS-37274/nexus/CNCS_666511.nxs.h5
666510,108367,YbZn2GaO5,"YZGO, MAG9, Ei=4.65meV, T=0.07K, B=14.0T w=-159.0deg",2025-10-25 14:00:34,2025-10-25 14:01:46,00:01:12,0.1,4.65,14.0,4.65,0.07,14.0,-159.0,/SNS/CNCS/IPTS-37274/nexus/CNCS_666510.nxs.h5
666509,108367,YbZn2GaO5,"YZGO, MAG9, Ei=4.65meV, T=0.07K, B=14.0T w=-159.5deg",2025-10-25 13:59:18,2025-10-25 14:00:30,00:01:12,0.1,4.65,14.0,4.65,0.07,14.0,-159.5,/SNS/CNCS/IPTS-37274/nexus/CNCS_666509.nxs.h5
666508,108367,YbZn2GaO5,"YZGO, MAG9, Ei=4.65meV, T=0.07K, B=14.0T w=-160.0deg",2025-10-25 13:58:02,2025-10-25 13:59:14,00:01:12,0.1,4.65,14.0,4.65,0.07,14.0,-160.0,/SNS/CNCS/IPTS-37274/nexus/CNCS_666508.nxs.h5
666507,108367,YbZn2GaO5,"YZGO, MAG9, Ei=4.65meV, T=0.07K, B=14.0T w=-160.5deg",2025-10-25 13:56:46,2025-10-25 13:57:59,00:01:12,0.1,4.65,14.0,4.65,0.07,14.0,-160.5,/SNS/CNCS/IPTS-37274/nexus/CNCS_666507.nxs.h5
666506,108367,YbZn2GaO5,"YZGO, MAG9, Ei=4.65meV, T=0.07K, B=14.0T w=-161.0deg",2025-10-25 13:55:31,2025-10-25 13:56:43,00:01:12,0.1,4.65,14.0,4.65,0.07,14.0,-161.0,/SNS/CNCS/IPTS-37274/nexus/CNCS_666506.nxs.h5
666505,108367,YbZn2GaO5,"YZGO, MAG9, Ei=4.65meV, T=0.07K, B=14.0T w=-161.5deg",2025-10-25 13:54:15,2025-10-25 13:55:27,00:01:12,0.1,4.65,14.0,4.65,0.07,14.0,-161.5,/SNS/CNCS/IPTS-37274/nexus/CNCS_666505.nxs.h5
666504,108367,YbZn2GaO5,"YZGO, MAG9, Ei=4.65meV, T=0.07K, B=14.0T w=-162.0deg",2025-10-25 13:52:59,2025-10-25 13:54:11,00:01:12,0.1,4.65,14.0,4.65,0.07,14.0,-162.0,/SNS/CNCS/IPTS-37274/nexus/CNCS_666504.nxs.h5
666503,108367,YbZn2GaO5,"YZGO, MAG9, Ei=4.65meV, T=0.07K, B=14.0T w=-162.5deg",2025-10-25 13:51:43,2025-10-25 13:52:55,00:01:12,0.1,4.65,14.0,4.65,0.07,14.0,-162.5,/SNS/CNCS/IPTS-37274/nexus/CNCS_666503.nxs.h5
666502,108367,YbZn2GaO5,"YZGO, MAG9, Ei=4.65meV, T=0.07K, B=14.0T w=-163.0deg",2025-10-25 13:50:27,2025-10-25 13:51:40,00:01:12,0.1,4.65,14.0,4.65,0.07,14.0,-163.0,/SNS/CNCS/IPTS-37274/nexus/CNCS_666502.nxs.h5
666501,108367,YbZn2GaO5,"YZGO, MAG9, Ei=4.65meV, T=0.07K, B=14.0T w=-163.5deg",2025-10-25 13:49:12,2025-10-25 13:50:24,00:01:12,0.1,4.65,14.0,4.65,0.07,14.0,-163.5,/SNS/CNCS/IPTS-37274/nexus/CNCS_666501.nxs.h5
666500,108367,YbZn2GaO5,"YZGO, MAG9, Ei=4.65meV, T=0.07K, B=14.0T w=-164.0deg",2025-10-25 13:47:56,2025-10-25 13:49:08,00:01:12,0.1,4.65,14.0,4.65,0.07,14.0,-164.0,/SNS/CNCS/IPTS-37274/nexus/CNCS_666500.nxs.h5
666499,108367,YbZn2GaO5,"YZGO, MAG9, Ei=4.65meV, T=0.07K, B=14.0T w=-164.5deg",2025-10-25 13:46:40,2025-10-25 13:47:52,00:01:12,0.1,4.65,14.0,4.65,0.07,14.0,-164.5,/SNS/CNCS/IPTS-37274/nexus/CNCS_666499.nxs.h5
666498,108367,YbZn2GaO5,"YZGO, MAG9, Ei=4.65meV, T=0.07K, B=14.0T w=-165.0deg",2025-10-25 13:45:24,2025-10-25 13:46:36,00:01:12,0.1,4.65,14.0,4.65,0.07,14.0,-165.0,/SNS/CNCS/IPTS-37274/nexus/CNCS_666498.nxs.h5
666497,108367,YbZn2GaO5,"YZGO, MAG9, Ei=4.65meV, T=0.07K, B=14.0T w=-165.5deg",2025-10-25 13:44:09,2025-10-25 13:45:21,00:01:12,0.1,4.65,14.0,4.65,0.07,14.0,-165.5,/SNS/CNCS/IPTS-37274/nexus/CNCS_666497.nxs.h5
666496,108367,YbZn2GaO5,"YZGO, MAG9, Ei=4.65meV, T=0.07K, B=14.0T w=-166.0deg",2025-10-25 13:42:53,2025-10-25 13:44:05,00:01:12,0.1,4.65,14.0,4.65,0.07,14.0,-166.0,/SNS/CNCS/IPTS-37274/nexus/CNCS_666496.nxs.h5
666495,108367,YbZn2GaO5,"YZGO, MAG9, Ei=4.65meV, T=0.07K, B=14.0T w=-166.5deg",2025-10-25 13:41:37,2025-10-25 13:42:49,00:01:12,0.1,4.65,14.0,4.65,0.07,14.0,-166.5,/SNS/CNCS/IPTS-37274/nexus/CNCS_666495.nxs.h5
666494,108367,YbZn2GaO5,"YZGO, MAG9, Ei=4.65meV, T=0.07K, B=14.0T w=-167.0deg",2025-10-25 13:40:20,2025-10-25 13:41:33,00:01:13,0.1,4.65,14.0,4.65,0.07,14.0,-167.0,/SNS/CNCS/IPTS-37274/nexus/CNCS_666494.nxs.h5
666493,108367,YbZn2GaO5,"YZGO, MAG9, Ei=4.65meV, T=0.07K, B=14.0T w=-167.5deg",2025-10-25 13:39:05,2025-10-25 13:40:17,00:01:12,0.1,4.65,14.0,4.65,0.07,14.0,-167.5,/SNS/CNCS/IPTS-37274/nexus/CNCS_666493.nxs.h5
666492,108367,YbZn2GaO5,"YZGO, MAG9, Ei=4.65meV, T=0.07K, B=14.0T w=-168.0deg",2025-10-25 13:37:49,2025-10-25 13:39:01,00:01:12,0.1,4.65,14.0,4.65,0.07,14.0,-168.0,/SNS/CNCS/IPTS-37274/nexus/CNCS_666492.nxs.h5
666491,108367,YbZn2GaO5,"YZGO, MAG9, Ei=4.65meV, T=0.07K, B=14.0T w=-168.5deg",2025-10-25 13:36:33,2025-10-25 13:37:45,00:01:12,0.1,4.65,14.0,4.65,0.07,14.0,-168.5,/SNS/CNCS/IPTS-37274/nexus/CNCS_666491.nxs.h5
666490,108367,YbZn2GaO5,"YZGO, MAG9, Ei=4.65meV, T=0.07K, B=14.0T w=-169.0deg",2025-10-25 13:35:17,2025-10-25 13:36:29,00:01:12,0.1,4.65,14.0,4.65,0.07,14.0,-169.0,/SNS/CNCS/IPTS-37274/nexus/CNCS_666490.nxs.h5
666489,108367,YbZn2GaO5,"YZGO, MAG9, Ei=4.65meV, T=0.07K, B=14.0T w=-169.5deg",2025-10-25 13:34:01,2025-10-25 13:35:13,00:01:12,0.1,4.65,14.0,4.65,0.07,14.0,-169.5,/SNS/CNCS/IPTS-37274/nexus/CNCS_666489.nxs.h5
666488,108367,YbZn2GaO5,"YZGO, MAG9, Ei=4.65meV, T=0.07K, B=14.0T w=-170.0deg",2025-10-25 13:32:46,2025-10-25 13:33:58,00:01:11,0.1,4.65,14.0,4.65,0.07,14.0,-170.0,/SNS/CNCS/IPTS-37274/nexus/CNCS_666488.nxs.h5
666487,108367,YbZn2GaO5,"YZGO, MAG9, Ei=4.65meV, T=0.07K, B=14.0T w=-170.5deg",2025-10-25 13:31:30,2025-10-25 13:32:42,00:01:12,0.1,4.65,14.0,4.65,0.07,14.0,-170.5,/SNS/CNCS/IPTS-37274/nexus/CNCS_666487.nxs.h5
666486,108367,YbZn2GaO5,"YZGO, MAG9, Ei=4.65meV, T=0.07K, B=14.0T w=-171.0deg",2025-10-25 13:30:14,2025-10-25 13:31:27,00:01:12,0.1,4.65,14.0,4.65,0.07,14.0,-171.0,/SNS/CNCS/IPTS-37274/nexus/CNCS_666486.nxs.h5
666485,108367,YbZn2GaO5,"YZGO, MAG9, Ei=4.65meV, T=0.07K, B=14.0T w=-171.5deg",2025-10-25 13:28:59,2025-10-25 13:30:11,00:01:12,0.1,4.65,14.0,4.65,0.07,14.0,-171.5,/SNS/CNCS/IPTS-37274/nexus/CNCS_666485.nxs.h5
666484,108367,YbZn2GaO5,"YZGO, MAG9, Ei=4.65meV, T=0.07K, B=14.0T w=-172.0deg",2025-10-25 13:27:43,2025-10-25 13:28:55,00:01:12,0.1,4.65,14.0,4.65,0.07,14.0,-172.0,/SNS/CNCS/IPTS-37274/nexus/CNCS_666484.nxs.h5
666483,108367,YbZn2GaO5,"YZGO, MAG9, Ei=4.65meV, T=0.07K, B=14.0T w=-172.5deg",2025-10-25 13:26:27,2025-10-25 13:27:39,00:01:12,0.1,4.65,14.0,4.65,0.07,14.0,-172.5,/SNS/CNCS/IPTS-37274/nexus/CNCS_666483.nxs.h5
666482,108367,YbZn2GaO5,"YZGO, MAG9, Ei=4.65meV, T=0.07K, B=14.0T w=-173.0deg",2025-10-25 13:25:12,2025-10-25 13:26:23,00:01:11,0.1,4.65,14.0,4.65,0.07,14.0,-173.0,/SNS/CNCS/IPTS-37274/nexus/CNCS_666482.nxs.h5
666481,108367,YbZn2GaO5,"YZGO, MAG9, Ei=4.65meV, T=0.07K, B=14.0T w=-173.5deg",2025-10-25 13:23:56,2025-10-25 13:25:08,00:01:12,0.1,4.65,14.0,4.65,0.07,14.0,-173.5,/SNS/CNCS/IPTS-37274/nexus/CNCS_666481.nxs.h5
666480,108367,YbZn2GaO5,"YZGO, MAG9, Ei=4.65meV, T=0.07K, B=14.0T w=-174.0deg",2025-10-25 13:22:40,2025-10-25 13:23:52,00:01:12,0.1,4.65,14.0,4.65,0.07,14.0,-174.0,/SNS/CNCS/IPTS-37274/nexus/CNCS_666480.nxs.h5
666479,108367,YbZn2GaO5,"YZGO, MAG9, Ei=4.65meV, T=0.07K, B=14.0T w=-174.5deg",2025-10-25 13:21:24,2025-10-25 13:22:37,00:01:12,0.1,4.65,14.0,4.65,0.07,14.0,-174.5,/SNS/CNCS/IPTS-37274/nexus/CNCS_666479.nxs.h5
666478,108367,YbZn2GaO5,"YZGO, MAG9, Ei=4.65meV, T=0.07K, B=14.0T w=-175.0deg",2025-10-25 13:20:09,2025-10-25 13:21:21,00:01:12,0.1,4.65,14.0,4.65,0.07,14.0,-175.0,/SNS/CNCS/IPTS-37274/nexus/CNCS_666478.nxs.h5
666477,108367,YbZn2GaO5,"YZGO, MAG9, Ei=4.65meV, T=0.07K, B=14.0T w=-175.5deg",2025-10-25 13:18:53,2025-10-25 13:20:05,00:01:12,0.1,4.65,14.0,4.65,0.07,14.0,-175.5,/SNS/CNCS/IPTS-37274/nexus/CNCS_666477.nxs.h5
666476,108367,YbZn2GaO5,"YZGO, MAG9, Ei=4.65meV, T=0.07K, B=14.0T w=-176.0deg",2025-10-25 13:17:37,2025-10-25 13:18:49,00:01:12,0.1,4.65,14.0,4.65,0.07,14.0,-176.0,/SNS/CNCS/IPTS-37274/nexus/CNCS_666476.nxs.h5
666475,108367,YbZn2GaO5,"YZGO, MAG9, Ei=4.65meV, T=0.07K, B=14.0T w=-176.5deg",2025-10-25 13:16:21,2025-10-25 13:17:33,00:01:12,0.1,4.65,14.0,4.65,0.07,14.0,-176.5,/SNS/CNCS/IPTS-37274/nexus/CNCS_666475.nxs.h5
666474,108367,YbZn2GaO5,"YZGO, MAG9, Ei=4.65meV, T=0.07K, B=14.0T w=-177.0deg",2025-10-25 13:15:06,2025-10-25 13:16:18,00:01:11,0.1,4.65,14.0,4.65,0.07,14.0,-177.0,/SNS/CNCS/IPTS-37274/nexus/CNCS_666474.nxs.h5
666473,108367,YbZn2GaO5,"YZGO, MAG9, Ei=4.65meV, T=0.07K, B=14.0T w=-177.5deg",2025-10-25 13:13:50,2025-10-25 13:15:02,00:01:12,0.1,4.65,14.0,4.65,0.07,14.0,-177.5,/SNS/CNCS/IPTS-37274/nexus/CNCS_666473.nxs.h5
666472,108367,YbZn2GaO5,"YZGO, MAG9, Ei=4.65meV, T=0.07K, B=14.0T w=-178.0deg",2025-10-25 13:12:35,2025-10-25 13:13:47,00:01:11,0.1,4.65,14.0,4.65,0.07,14.0,-178.0,/SNS/CNCS/IPTS-37274/nexus/CNCS_666472.nxs.h5
666471,108367,YbZn2GaO5,"YZGO, MAG9, Ei=4.65meV, T=0.07K, B=14.0T w=-178.5deg",2025-10-25 13:11:19,2025-10-25 13:12:31,00:01:12,0.1,4.65,14.0,4.65,0.07,14.0,-178.5,/SNS/CNCS/IPTS-37274/nexus/CNCS_666471.nxs.h5
666470,108367,YbZn2GaO5,"YZGO, MAG9, Ei=4.65meV, T=0.07K, B=14.0T w=-179.0deg",2025-10-25 13:10:03,2025-10-25 13:11:15,00:01:12,0.1,4.65,14.0,4.65,0.07,14.0,-179.0,/SNS/CNCS/IPTS-37274/nexus/CNCS_666470.nxs.h5
666469,108367,YbZn2GaO5,"YZGO, MAG9, Ei=4.65meV, T=0.07K, B=14.0T w=-179.5deg",2025-10-25 13:08:48,2025-10-25 13:10:00,00:01:11,0.1,4.65,14.0,4.65,0.07,14.0,-179.5,/SNS/CNCS/IPTS-37274/nexus/CNCS_666469.nxs.h5
666468,108367,YbZn2GaO5,"YZGO, MAG9, Ei=4.65meV, T=0.07K, B=14.0T w=-180.0deg",2025-10-25 13:07:32,2025-10-25 13:08:44,00:01:12,0.1,4.65,14.0,4.65,0.07,14.0,-180.0,/SNS/CNCS/IPTS-37274/nexus/CNCS_666468.nxs.h5
666467,108367,YbZn2GaO5,"YZGO, MAG9, Ei=4.65meV, T=0.07K, B=14.0T w=-180.5deg",2025-10-25 13:06:16,2025-10-25 13:07:29,00:01:12,0.1,4.65,14.0,4.65,0.07,14.0,-180.5,/SNS/CNCS/IPTS-37274/nexus/CNCS_666467.nxs.h5
666466,108367,YbZn2GaO5,"YZGO, MAG9, Ei=4.65meV, T=0.07K, B=14.0T w=-181.0deg",2025-10-25 13:05:01,2025-10-25 13:06:13,00:01:11,0.1,4.65,14.0,4.65,0.07,14.0,-181.0,/SNS/CNCS/IPTS-37274/nexus/CNCS_666466.nxs.h5
666465,108367,YbZn2GaO5,"YZGO, MAG9, Ei=4.65meV, T=0.07K, B=14.0T w=-181.5deg",2025-10-25 13:03:46,2025-10-25 13:04:57,00:01:11,0.1,4.65,14.0,4.65,0.07,14.0,-181.5,/SNS/CNCS/IPTS-37274/nexus/CNCS_666465.nxs.h5
666464,108367,YbZn2GaO5,"YZGO, MAG9, Ei=4.65meV, T=0.07K, B=14.0T w=-182.0deg",2025-10-25 13:02:30,2025-10-25 13:03:42,00:01:12,0.1,4.65,14.0,4.65,0.07,14.0,-182.0,/SNS/CNCS/IPTS-37274/nexus/CNCS_666464.nxs.h5
666463,108367,YbZn2GaO5,"YZGO, MAG9, Ei=4.65meV, T=0.07K, B=14.0T w=-182.5deg",2025-10-25 13:01:14,2025-10-25 13:02:26,00:01:12,0.1,4.65,14.0,4.65,0.07,14.0,-182.5,/SNS/CNCS/IPTS-37274/nexus/CNCS_666463.nxs.h5
666462,108367,YbZn2GaO5,"YZGO, MAG9, Ei=4.65meV, T=0.07K, B=14.0T w=-183.0deg",2025-10-25 12:59:59,2025-10-25 13:01:11,00:01:12,0.1,4.65,14.0,4.65,0.07,14.0,-183.0,/SNS/CNCS/IPTS-37274/nexus/CNCS_666462.nxs.h5
666461,108367,YbZn2GaO5,"YZGO, MAG9, Ei=4.65meV, T=0.07K, B=14.0T w=-183.5deg",2025-10-25 12:58:43,2025-10-25 12:59:55,00:01:12,0.1,4.65,14.0,4.65,0.07,14.0,-183.5,/SNS/CNCS/IPTS-37274/nexus/CNCS_666461.nxs.h5
666460,108367,YbZn2GaO5,"YZGO, MAG9, Ei=4.65meV, T=0.07K, B=14.0T w=-184.0deg",2025-10-25 12:57:27,2025-10-25 12:58:39,00:01:12,0.1,4.65,14.0,4.65,0.07,14.0,-184.0,/SNS/CNCS/IPTS-37274/nexus/CNCS_666460.nxs.h5
666459,108367,YbZn2GaO5,"YZGO, MAG9, Ei=4.65meV, T=0.07K, B=14.0T w=-184.5deg",2025-10-25 12:56:11,2025-10-25 12:57:23,00:01:12,0.1,4.65,14.0,4.65,0.07,14.0,-184.5,/SNS/CNCS/IPTS-37274/nexus/CNCS_666459.nxs.h5
666458,108367,YbZn2GaO5,"YZGO, MAG9, Ei=4.65meV, T=0.07K, B=14.0T w=-185.0deg",2025-10-25 12:54:56,2025-10-25 12:56:08,00:01:11,0.1,4.65,14.0,4.65,0.07,14.0,-185.0,/SNS/CNCS/IPTS-37274/nexus/CNCS_666458.nxs.h5
666457,108367,YbZn2GaO5,"YZGO, MAG9, Ei=4.65meV, T=0.07K, B=14.0T w=-185.5deg",2025-10-25 12:53:40,2025-10-25 12:54:52,00:01:12,0.1,4.65,14.0,4.65,0.07,14.0,-185.5,/SNS/CNCS/IPTS-37274/nexus/CNCS_666457.nxs.h5
666456,108367,YbZn2GaO5,"YZGO, MAG9, Ei=4.65meV, T=0.07K, B=14.0T w=-186.0deg",2025-10-25 12:52:24,2025-10-25 12:53:37,00:01:12,0.1,4.65,14.0,4.65,0.07,14.0,-186.0,/SNS/CNCS/IPTS-37274/nexus/CNCS_666456.nxs.h5
666455,108367,YbZn2GaO5,"YZGO, MAG9, Ei=4.65meV, T=0.07K, B=14.0T w=-186.5deg",2025-10-25 12:51:09,2025-10-25 12:52:21,00:01:11,0.1,4.65,14.0,4.65,0.07,14.0,-186.5,/SNS/CNCS/IPTS-37274/nexus/CNCS_666455.nxs.h5
666454,108367,YbZn2GaO5,"YZGO, MAG9, Ei=4.65meV, T=0.07K, B=14.0T w=-187.0deg",2025-10-25 12:49:53,2025-10-25 12:51:05,00:01:12,0.1,4.65,14.0,4.65,0.07,14.0,-187.0,/SNS/CNCS/IPTS-37274/nexus/CNCS_666454.nxs.h5
666453,108367,YbZn2GaO5,"YZGO, MAG9, Ei=4.65meV, T=0.07K, B=14.0T w=-187.5deg",2025-10-25 12:48:37,2025-10-25 12:49:49,00:01:12,0.1,4.65,14.0,4.65,0.07,14.0,-187.5,/SNS/CNCS/IPTS-37274/nexus/CNCS_666453.nxs.h5
666452,108367,YbZn2GaO5,"YZGO, MAG9, Ei=4.65meV, T=0.07K, B=14.0T w=-188.0deg",2025-10-25 12:47:21,2025-10-25 12:48:33,00:01:12,0.1,4.65,14.0,4.65,0.07,14.0,-188.0,/SNS/CNCS/IPTS-37274/nexus/CNCS_666452.nxs.h5
666451,108367,YbZn2GaO5,"YZGO, MAG9, Ei=4.65meV, T=0.07K, B=14.0T w=-188.5deg",2025-10-25 12:46:05,2025-10-25 12:47:17,00:01:12,0.1,4.65,14.0,4.65,0.07,14.0,-188.5,/SNS/CNCS/IPTS-37274/nexus/CNCS_666451.nxs.h5
666450,108367,YbZn2GaO5,"YZGO, MAG9, Ei=4.65meV, T=0.07K, B=14.0T w=-189.0deg",2025-10-25 12:44:49,2025-10-25 12:46:01,00:01:12,0.1,4.65,14.0,4.65,0.07,14.0,-189.0,/SNS/CNCS/IPTS-37274/nexus/CNCS_666450.nxs.h5
666449,108367,YbZn2GaO5,"YZGO, MAG9, Ei=4.65meV, T=0.07K, B=14.0T w=-189.5deg",2025-10-25 12:43:33,2025-10-25 12:44:46,00:01:12,0.1,4.65,14.0,4.65,0.07,14.0,-189.5,/SNS/CNCS/IPTS-37274/nexus/CNCS_666449.nxs.h5
666448,108367,YbZn2GaO5,"YZGO, MAG9, Ei=4.65meV, T=0.07K, B=14.0T w=-190.0deg",2025-10-25 12:42:18,2025-10-25 12:43:30,00:01:11,0.1,4.65,14.0,4.65,0.07,14.0,-190.0,/SNS/CNCS/IPTS-37274/nexus/CNCS_666448.nxs.h5
666447,108367,YbZn2GaO5,"YZGO, MAG9, Ei=3.32meV, T=0.07K, B=14.0T w=54.5deg",2025-10-25 12:16:56,2025-10-25 12:18:08,00:01:11,0.1,3.32,14.0,3.32,0.07,14.0,54.5,/SNS/CNCS/IPTS-37274/nexus/CNCS_666447.nxs.h5
666446,108367,YbZn2GaO5,"YZGO, MAG9, Ei=3.32meV, T=0.07K, B=14.0T w=54.0deg",2025-10-25 12:15:40,2025-10-25 12:16:52,00:01:11,0.1,3.32,14.0,3.32,0.07,14.0,54.0,/SNS/CNCS/IPTS-37274/nexus/CNCS_666446.nxs.h5
666445,108367,YbZn2GaO5,"YZGO, MAG9, Ei=3.32meV, T=0.07K, B=14.0T w=53.5deg",2025-10-25 12:14:25,2025-10-25 12:15:37,00:01:11,0.1,3.32,14.0,3.32,0.07,14.0,53.5,/SNS/CNCS/IPTS-37274/nexus/CNCS_666445.nxs.h5
666444,108367,YbZn2GaO5,"YZGO, MAG9, Ei=3.32meV, T=0.07K, B=14.0T w=53.0deg",2025-10-25 12:13:09,2025-10-25 12:14:21,00:01:12,0.1,3.32,14.0,3.32,0.07,14.0,53.0,/SNS/CNCS/IPTS-37274/nexus/CNCS_666444.nxs.h5
666443,108367,YbZn2GaO5,"YZGO, MAG9, Ei=3.32meV, T=0.07K, B=14.0T w=52.5deg",2025-10-25 12:11:53,2025-10-25 12:13:06,00:01:12,0.1,3.32,14.0,3.32,0.07,14.0,52.5,/SNS/CNCS/IPTS-37274/nexus/CNCS_666443.nxs.h5
666442,108367,YbZn2GaO5,"YZGO, MAG9, Ei=3.32meV, T=0.07K, B=14.0T w=52.0deg",2025-10-25 12:10:37,2025-10-25 12:11:50,00:01:12,0.1,3.32,14.0,3.32,0.07,14.0,52.0,/SNS/CNCS/IPTS-37274/nexus/CNCS_666442.nxs.h5
666441,108367,YbZn2GaO5,"YZGO, MAG9, Ei=3.32meV, T=0.07K, B=14.0T w=51.5deg",2025-10-25 12:09:22,2025-10-25 12:10:34,00:01:12,0.1,3.32,14.0,3.32,0.07,14.0,51.5,/SNS/CNCS/IPTS-37274/nexus/CNCS_666441.nxs.h5
666440,108367,YbZn2GaO5,"YZGO, MAG9, Ei=3.32meV, T=0.07K, B=14.0T w=51.0deg",2025-10-25 12:08:06,2025-10-25 12:09:18,00:01:12,0.1,3.32,14.0,3.32,0.07,14.0,51.0,/SNS/CNCS/IPTS-37274/nexus/CNCS_666440.nxs.h5
666439,108367,YbZn2GaO5,"YZGO, MAG9, Ei=3.32meV, T=0.07K, B=14.0T w=50.5deg",2025-10-25 12:06:50,2025-10-25 12:08:02,00:01:12,0.1,3.32,14.0,3.32,0.07,14.0,50.5,/SNS/CNCS/IPTS-37274/nexus/CNCS_666439.nxs.h5
666438,108367,YbZn2GaO5,"YZGO, MAG9, Ei=3.32meV, T=0.07K, B=14.0T w=50.0deg",2025-10-25 12:05:35,2025-10-25 12:06:46,00:01:11,0.1,3.32,14.0,3.32,0.07,14.0,50.0,/SNS/CNCS/IPTS-37274/nexus/CNCS_666438.nxs.h5
666437,108367,YbZn2GaO5,"YZGO, MAG9, Ei=3.32meV, T=0.07K, B=14.0T w=49.5deg",2025-10-25 12:04:19,2025-10-25 12:05:31,00:01:11,0.1,3.32,14.0,3.32,0.07,14.0,49.5,/SNS/CNCS/IPTS-37274/nexus/CNCS_666437.nxs.h5
666436,108367,YbZn2GaO5,"YZGO, MAG9, Ei=3.32meV, T=0.07K, B=14.0T w=49.0deg",2025-10-25 12:03:03,2025-10-25 12:04:16,00:01:12,0.1,3.32,14.0,3.32,0.07,14.0,49.0,/SNS/CNCS/IPTS-37274/nexus/CNCS_666436.nxs.h5
666435,108367,YbZn2GaO5,"YZGO, MAG9, Ei=3.32meV, T=0.07K, B=14.0T w=48.5deg",2025-10-25 12:01:47,2025-10-25 12:03:00,00:01:12,0.1,3.32,14.0,3.32,0.07,14.0,48.5,/SNS/CNCS/IPTS-37274/nexus/CNCS_666435.nxs.h5
666434,108367,YbZn2GaO5,"YZGO, MAG9, Ei=3.32meV, T=0.07K, B=14.0T w=48.0deg",2025-10-25 12:00:32,2025-10-25 12:01:44,00:01:12,0.1,3.32,14.0,3.32,0.07,14.0,48.0,/SNS/CNCS/IPTS-37274/nexus/CNCS_666434.nxs.h5
666433,108367,YbZn2GaO5,"YZGO, MAG9, Ei=3.32meV, T=0.07K, B=14.0T w=47.5deg",2025-10-25 11:59:16,2025-10-25 12:00:28,00:01:12,0.1,3.32,14.0,3.32,0.07,14.0,47.5,/SNS/CNCS/IPTS-37274/nexus/CNCS_666433.nxs.h5
666432,108367,YbZn2GaO5,"YZGO, MAG9, Ei=3.32meV, T=0.07K, B=14.0T w=47.0deg",2025-10-25 11:58:00,2025-10-25 11:59:12,00:01:12,0.1,3.32,14.0,3.32,0.07,14.0,47.0,/SNS/CNCS/IPTS-37274/nexus/CNCS_666432.nxs.h5
666431,108367,YbZn2GaO5,"YZGO, MAG9, Ei=3.32meV, T=0.07K, B=14.0T w=46.5deg",2025-10-25 11:56:44,2025-10-25 11:57:56,00:01:12,0.1,3.32,14.0,3.32,0.07,14.0,46.5,/SNS/CNCS/IPTS-37274/nexus/CNCS_666431.nxs.h5
666430,108367,YbZn2GaO5,"YZGO, MAG9, Ei=3.32meV, T=0.07K, B=14.0T w=46.0deg",2025-10-25 11:55:28,2025-10-25 11:56:40,00:01:12,0.1,3.32,14.0,3.32,0.07,14.0,46.0,/SNS/CNCS/IPTS-37274/nexus/CNCS_666430.nxs.h5
666429,108367,YbZn2GaO5,"YZGO, MAG9, Ei=3.32meV, T=0.07K, B=14.0T w=45.5deg",2025-10-25 11:54:12,2025-10-25 11:55:25,00:01:12,0.1,3.32,14.0,3.32,0.07,14.0,45.5,/SNS/CNCS/IPTS-37274/nexus/CNCS_666429.nxs.h5
666428,108367,YbZn2GaO5,"YZGO, MAG9, Ei=3.32meV, T=0.07K, B=14.0T w=45.0deg",2025-10-25 11:52:57,2025-10-25 11:54:09,00:01:11,0.1,3.32,14.0,3.32,0.07,14.0,45.0,/SNS/CNCS/IPTS-37274/nexus/CNCS_666428.nxs.h5
666427,108367,YbZn2GaO5,"YZGO, MAG9, Ei=3.32meV, T=0.07K, B=14.0T w=44.5deg",2025-10-25 11:51:41,2025-10-25 11:52:53,00:01:11,0.1,3.32,14.0,3.32,0.07,14.0,44.5,/SNS/CNCS/IPTS-37274/nexus/CNCS_666427.nxs.h5
666426,108367,YbZn2GaO5,"YZGO, MAG9, Ei=3.32meV, T=0.07K, B=14.0T w=44.0deg",2025-10-25 11:50:26,2025-10-25 11:51:38,00:01:12,0.1,3.32,14.0,3.32,0.07,14.0,44.0,/SNS/CNCS/IPTS-37274/nexus/CNCS_666426.nxs.h5
666425,108367,YbZn2GaO5,"YZGO, MAG9, Ei=3.32meV, T=0.07K, B=14.0T w=43.5deg",2025-10-25 11:49:10,2025-10-25 11:50:22,00:01:11,0.1,3.32,14.0,3.32,0.07,14.0,43.5,/SNS/CNCS/IPTS-37274/nexus/CNCS_666425.nxs.h5
666424,108367,YbZn2GaO5,"YZGO, MAG9, Ei=3.32meV, T=0.07K, B=14.0T w=43.0deg",2025-10-25 11:47:54,2025-10-25 11:49:07,00:01:12,0.1,3.32,14.0,3.32,0.07,14.0,43.0,/SNS/CNCS/IPTS-37274/nexus/CNCS_666424.nxs.h5
666423,108367,YbZn2GaO5,"YZGO, MAG9, Ei=3.32meV, T=0.07K, B=14.0T w=42.5deg",2025-10-25 11:46:38,2025-10-25 11:47:51,00:01:12,0.1,3.32,14.0,3.32,0.07,14.0,42.5,/SNS/CNCS/IPTS-37274/nexus/CNCS_666423.nxs.h5
666422,108367,YbZn2GaO5,"YZGO, MAG9, Ei=3.32meV, T=0.07K, B=14.0T w=42.0deg",2025-10-25 11:45:23,2025-10-25 11:46:35,00:01:11,0.1,3.32,14.0,3.32,0.07,14.0,42.0,/SNS/CNCS/IPTS-37274/nexus/CNCS_666422.nxs.h5
666421,108367,YbZn2GaO5,"YZGO, MAG9, Ei=3.32meV, T=0.07K, B=14.0T w=41.5deg",2025-10-25 11:44:07,2025-10-25 11:45:19,00:01:11,0.1,3.32,14.0,3.32,0.07,14.0,41.5,/SNS/CNCS/IPTS-37274/nexus/CNCS_666421.nxs.h5
666420,108367,YbZn2GaO5,"YZGO, MAG9, Ei=3.32meV, T=0.07K, B=14.0T w=41.0deg",2025-10-25 11:42:52,2025-10-25 11:44:04,00:01:11,0.1,3.32,14.0,3.32,0.07,14.0,41.0,/SNS/CNCS/IPTS-37274/nexus/CNCS_666420.nxs.h5
666419,108367,YbZn2GaO5,"YZGO, MAG9, Ei=3.32meV, T=0.07K, B=14.0T w=40.5deg",2025-10-25 11:41:37,2025-10-25 11:42:48,00:01:11,0.1,3.32,14.0,3.32,0.07,14.0,40.5,/SNS/CNCS/IPTS-37274/nexus/CNCS_666419.nxs.h5
666418,108367,YbZn2GaO5,"YZGO, MAG9, Ei=3.32meV, T=0.07K, B=14.0T w=40.0deg",2025-10-25 11:40:21,2025-10-25 11:41:33,00:01:12,0.1,3.32,14.0,3.32,0.07,14.0,40.0,/SNS/CNCS/IPTS-37274/nexus/CNCS_666418.nxs.h5
666417,108367,YbZn2GaO5,"YZGO, MAG9, Ei=3.32meV, T=0.07K, B=14.0T w=39.5deg",2025-10-25 11:39:05,2025-10-25 11:40:17,00:01:11,0.1,3.32,14.0,3.32,0.07,14.0,39.5,/SNS/CNCS/IPTS-37274/nexus/CNCS_666417.nxs.h5
666416,108367,YbZn2GaO5,"YZGO, MAG9, Ei=3.32meV, T=0.07K, B=14.0T w=39.0deg",2025-10-25 11:37:50,2025-10-25 11:39:02,00:01:11,0.1,3.32,14.0,3.32,0.07,14.0,39.0,/SNS/CNCS/IPTS-37274/nexus/CNCS_666416.nxs.h5
666415,108367,YbZn2GaO5,"YZGO, MAG9, Ei=3.32meV, T=0.07K, B=14.0T w=38.5deg",2025-10-25 11:36:34,2025-10-25 11:37:46,00:01:12,0.1,3.32,14.0,3.32,0.07,14.0,38.5,/SNS/CNCS/IPTS-37274/nexus/CNCS_666415.nxs.h5
666414,108367,YbZn2GaO5,"YZGO, MAG9, Ei=3.32meV, T=0.07K, B=14.0T w=38.0deg",2025-10-25 11:35:18,2025-10-25 11:36:30,00:01:11,0.1,3.32,14.0,3.32,0.07,14.0,38.0,/SNS/CNCS/IPTS-37274/nexus/CNCS_666414.nxs.h5
666413,108367,YbZn2GaO5,"YZGO, MAG9, Ei=3.32meV, T=0.07K, B=14.0T w=37.5deg",2025-10-25 11:34:03,2025-10-25 11:35:15,00:01:11,0.1,3.32,14.0,3.32,0.07,14.0,37.5,/SNS/CNCS/IPTS-37274/nexus/CNCS_666413.nxs.h5
666412,108367,YbZn2GaO5,"YZGO, MAG9, Ei=3.32meV, T=0.07K, B=14.0T w=37.0deg",2025-10-25 11:32:48,2025-10-25 11:33:59,00:01:11,0.1,3.32,14.0,3.32,0.07,14.0,37.0,/SNS/CNCS/IPTS-37274/nexus/CNCS_666412.nxs.h5
666411,108367,YbZn2GaO5,"YZGO, MAG9, Ei=3.32meV, T=0.07K, B=14.0T w=36.5deg",2025-10-25 11:31:32,2025-10-25 11:32:44,00:01:12,0.1,3.32,14.0,3.32,0.07,14.0,36.5,/SNS/CNCS/IPTS-37274/nexus/CNCS_666411.nxs.h5
666410,108367,YbZn2GaO5,"YZGO, MAG9, Ei=3.32meV, T=0.07K, B=14.0T w=36.0deg",2025-10-25 11:30:16,2025-10-25 11:31:28,00:01:12,0.1,3.32,14.0,3.32,0.07,14.0,36.0,/SNS/CNCS/IPTS-37274/nexus/CNCS_666410.nxs.h5
666409,108367,YbZn2GaO5,"YZGO, MAG9, Ei=3.32meV, T=0.07K, B=14.0T w=35.5deg",2025-10-25 11:29:00,2025-10-25 11:30:12,00:01:12,0.1,3.32,14.0,3.32,0.07,14.0,35.5,/SNS/CNCS/IPTS-37274/nexus/CNCS_666409.nxs.h5
666408,108367,YbZn2GaO5,"YZGO, MAG9, Ei=3.32meV, T=0.07K, B=14.0T w=35.0deg",2025-10-25 11:27:44,2025-10-25 11:28:56,00:01:11,0.1,3.32,14.0,3.32,0.07,14.0,35.0,/SNS/CNCS/IPTS-37274/nexus/CNCS_666408.nxs.h5
666407,108367,YbZn2GaO5,"YZGO, MAG9, Ei=3.32meV, T=0.07K, B=14.0T w=34.5deg",2025-10-25 11:26:29,2025-10-25 11:27:41,00:01:11,0.1,3.32,14.0,3.32,0.07,14.0,34.5,/SNS/CNCS/IPTS-37274/nexus/CNCS_666407.nxs.h5
666406,108367,YbZn2GaO5,"YZGO, MAG9, Ei=3.32meV, T=0.07K, B=14.0T w=34.0deg",2025-10-25 11:25:13,2025-10-25 11:26:25,00:01:12,0.1,3.32,14.0,3.32,0.07,14.0,34.0,/SNS/CNCS/IPTS-37274/nexus/CNCS_666406.nxs.h5
666405,108367,YbZn2GaO5,"YZGO, MAG9, Ei=3.32meV, T=0.07K, B=14.0T w=33.5deg",2025-10-25 11:23:57,2025-10-25 11:25:10,00:01:12,0.1,3.32,14.0,3.32,0.07,14.0,33.5,/SNS/CNCS/IPTS-37274/nexus/CNCS_666405.nxs.h5
666404,108367,YbZn2GaO5,"YZGO, MAG9, Ei=3.32meV, T=0.07K, B=14.0T w=33.0deg",2025-10-25 11:22:42,2025-10-25 11:23:54,00:01:12,0.1,3.32,14.0,3.32,0.07,14.0,33.0,/SNS/CNCS/IPTS-37274/nexus/CNCS_666404.nxs.h5
666403,108367,YbZn2GaO5,"YZGO, MAG9, Ei=3.32meV, T=0.07K, B=14.0T w=32.5deg",2025-10-25 11:21:26,2025-10-25 11:22:38,00:01:11,0.1,3.32,14.0,3.32,0.07,14.0,32.5,/SNS/CNCS/IPTS-37274/nexus/CNCS_666403.nxs.h5
666402,108367,YbZn2GaO5,"YZGO, MAG9, Ei=3.32meV, T=0.07K, B=14.0T w=32.0deg",2025-10-25 11:20:10,2025-10-25 11:21:22,00:01:12,0.1,3.32,14.0,3.32,0.07,14.0,32.0,/SNS/CNCS/IPTS-37274/nexus/CNCS_666402.nxs.h5
666401,108367,YbZn2GaO5,"YZGO, MAG9, Ei=3.32meV, T=0.07K, B=14.0T w=31.5deg",2025-10-25 11:18:55,2025-10-25 11:20:07,00:01:11,0.1,3.32,14.0,3.32,0.07,14.0,31.5,/SNS/CNCS/IPTS-37274/nexus/CNCS_666401.nxs.h5
666400,108367,YbZn2GaO5,"YZGO, MAG9, Ei=3.32meV, T=0.07K, B=14.0T w=31.0deg",2025-10-25 11:17:39,2025-10-25 11:18:51,00:01:12,0.1,3.32,14.0,3.32,0.07,14.0,31.0,/SNS/CNCS/IPTS-37274/nexus/CNCS_666400.nxs.h5
666399,108367,YbZn2GaO5,"YZGO, MAG9, Ei=3.32meV, T=0.07K, B=14.0T w=30.5deg",2025-10-25 11:16:23,2025-10-25 11:17:35,00:01:12,0.1,3.32,14.0,3.32,0.07,14.0,30.5,/SNS/CNCS/IPTS-37274/nexus/CNCS_666399.nxs.h5
666398,108367,YbZn2GaO5,"YZGO, MAG9, Ei=3.32meV, T=0.07K, B=14.0T w=30.0deg",2025-10-25 11:15:08,2025-10-25 11:16:19,00:01:11,0.1,3.32,14.0,3.32,0.07,14.0,30.0,/SNS/CNCS/IPTS-37274/nexus/CNCS_666398.nxs.h5
666397,108367,YbZn2GaO5,"YZGO, MAG9, Ei=3.32meV, T=0.07K, B=14.0T w=29.5deg",2025-10-25 11:13:52,2025-10-25 11:15:04,00:01:12,0.1,3.32,14.0,3.32,0.07,14.0,29.5,/SNS/CNCS/IPTS-37274/nexus/CNCS_666397.nxs.h5
666396,108367,YbZn2GaO5,"YZGO, MAG9, Ei=3.32meV, T=0.07K, B=14.0T w=29.0deg",2025-10-25 11:12:36,2025-10-25 11:13:48,00:01:12,0.1,3.32,14.0,3.32,0.07,14.0,29.0,/SNS/CNCS/IPTS-37274/nexus/CNCS_666396.nxs.h5
666395,108367,YbZn2GaO5,"YZGO, MAG9, Ei=3.32meV, T=0.07K, B=14.0T w=28.5deg",2025-10-25 11:11:20,2025-10-25 11:12:32,00:01:12,0.1,3.32,14.0,3.32,0.07,14.0,28.5,/SNS/CNCS/IPTS-37274/nexus/CNCS_666395.nxs.h5
666394,108367,YbZn2GaO5,"YZGO, MAG9, Ei=3.32meV, T=0.07K, B=14.0T w=28.0deg",2025-10-25 11:10:05,2025-10-25 11:11:16,00:01:11,0.1,3.32,14.0,3.32,0.07,14.0,28.0,/SNS/CNCS/IPTS-37274/nexus/CNCS_666394.nxs.h5
666393,108367,YbZn2GaO5,"YZGO, MAG9, Ei=3.32meV, T=0.07K, B=14.0T w=27.5deg",2025-10-25 11:08:49,2025-10-25 11:10:01,00:01:11,0.1,3.32,14.0,3.32,0.07,14.0,27.5,/SNS/CNCS/IPTS-37274/nexus/CNCS_666393.nxs.h5
666392,108367,YbZn2GaO5,"YZGO, MAG9, Ei=3.32meV, T=0.07K, B=14.0T w=27.0deg",2025-10-25 11:07:33,2025-10-25 11:08:46,00:01:12,0.1,3.32,14.0,3.32,0.07,14.0,27.0,/SNS/CNCS/IPTS-37274/nexus/CNCS_666392.nxs.h5
666391,108367,YbZn2GaO5,"YZGO, MAG9, Ei=3.32meV, T=0.07K, B=14.0T w=26.5deg",2025-10-25 11:06:17,2025-10-25 11:07:30,00:01:12,0.1,3.32,14.0,3.32,0.07,14.0,26.5,/SNS/CNCS/IPTS-37274/nexus/CNCS_666391.nxs.h5
666390,108367,YbZn2GaO5,"YZGO, MAG9, Ei=3.32meV, T=0.07K, B=14.0T w=26.0deg",2025-10-25 11:05:02,2025-10-25 11:06:14,00:01:11,0.1,3.32,14.0,3.32,0.07,14.0,26.0,/SNS/CNCS/IPTS-37274/nexus/CNCS_666390.nxs.h5
666389,108367,YbZn2GaO5,"YZGO, MAG9, Ei=3.32meV, T=0.07K, B=14.0T w=25.5deg",2025-10-25 11:03:46,2025-10-25 11:04:58,00:01:11,0.1,3.32,14.0,3.32,0.07,14.0,25.5,/SNS/CNCS/IPTS-37274/nexus/CNCS_666389.nxs.h5
666388,108367,YbZn2GaO5,"YZGO, MAG9, Ei=3.32meV, T=0.07K, B=14.0T w=25.0deg",2025-10-25 11:02:31,2025-10-25 11:03:43,00:01:12,0.1,3.32,14.0,3.32,0.07,14.0,25.0,/SNS/CNCS/IPTS-37274/nexus/CNCS_666388.nxs.h5
666387,108367,YbZn2GaO5,"YZGO, MAG9, Ei=3.32meV, T=0.07K, B=14.0T w=24.5deg",2025-10-25 11:01:15,2025-10-25 11:02:27,00:01:11,0.1,3.32,14.0,3.32,0.07,14.0,24.5,/SNS/CNCS/IPTS-37274/nexus/CNCS_666387.nxs.h5
666386,108367,YbZn2GaO5,"YZGO, MAG9, Ei=3.32meV, T=0.07K, B=14.0T w=24.0deg",2025-10-25 10:59:59,2025-10-25 11:01:12,00:01:12,0.1,3.32,14.0,3.32,0.07,14.0,24.0,/SNS/CNCS/IPTS-37274/nexus/CNCS_666386.nxs.h5
666385,108367,YbZn2GaO5,"YZGO, MAG9, Ei=3.32meV, T=0.07K, B=14.0T w=23.5deg",2025-10-25 10:58:43,2025-10-25 10:59:56,00:01:12,0.1,3.32,14.0,3.32,0.07,14.0,23.5,/SNS/CNCS/IPTS-37274/nexus/CNCS_666385.nxs.h5
666384,108367,YbZn2GaO5,"YZGO, MAG9, Ei=3.32meV, T=0.07K, B=14.0T w=23.0deg",2025-10-25 10:57:28,2025-10-25 10:58:40,00:01:11,0.1,3.32,14.0,3.32,0.07,14.0,23.0,/SNS/CNCS/IPTS-37274/nexus/CNCS_666384.nxs.h5
666383,108367,YbZn2GaO5,"YZGO, MAG9, Ei=3.32meV, T=0.07K, B=14.0T w=22.5deg",2025-10-25 10:56:12,2025-10-25 10:57:24,00:01:12,0.1,3.32,14.0,3.32,0.07,14.0,22.5,/SNS/CNCS/IPTS-37274/nexus/CNCS_666383.nxs.h5
666382,108367,YbZn2GaO5,"YZGO, MAG9, Ei=3.32meV, T=0.07K, B=14.0T w=22.0deg",2025-10-25 10:54:57,2025-10-25 10:56:08,00:01:11,0.1,3.32,14.0,3.32,0.07,14.0,22.0,/SNS/CNCS/IPTS-37274/nexus/CNCS_666382.nxs.h5
666381,108367,YbZn2GaO5,"YZGO, MAG9, Ei=3.32meV, T=0.07K, B=14.0T w=21.5deg",2025-10-25 10:53:41,2025-10-25 10:54:53,00:01:11,0.1,3.32,14.0,3.32,0.07,14.0,21.5,/SNS/CNCS/IPTS-37274/nexus/CNCS_666381.nxs.h5
666380,108367,YbZn2GaO5,"YZGO, MAG9, Ei=3.32meV, T=0.07K, B=14.0T w=21.0deg",2025-10-25 10:52:26,2025-10-25 10:53:38,00:01:11,0.1,3.32,14.0,3.32,0.07,14.0,21.0,/SNS/CNCS/IPTS-37274/nexus/CNCS_666380.nxs.h5
666379,108367,YbZn2GaO5,"YZGO, MAG9, Ei=3.32meV, T=0.07K, B=14.0T w=20.5deg",2025-10-25 10:51:10,2025-10-25 10:52:22,00:01:11,0.1,3.32,14.0,3.32,0.07,14.0,20.5,/SNS/CNCS/IPTS-37274/nexus/CNCS_666379.nxs.h5
666378,108367,YbZn2GaO5,"YZGO, MAG9, Ei=3.32meV, T=0.07K, B=14.0T w=20.0deg",2025-10-25 10:49:55,2025-10-25 10:51:07,00:01:11,0.1,3.32,14.0,3.32,0.07,14.0,20.0,/SNS/CNCS/IPTS-37274/nexus/CNCS_666378.nxs.h5
666377,108367,YbZn2GaO5,"YZGO, MAG9, Ei=3.32meV, T=0.07K, B=14.0T w=19.5deg",2025-10-25 10:48:40,2025-10-25 10:49:51,00:01:11,0.1,3.32,14.0,3.32,0.07,14.0,19.5,/SNS/CNCS/IPTS-37274/nexus/CNCS_666377.nxs.h5
666376,108367,YbZn2GaO5,"YZGO, MAG9, Ei=3.32meV, T=0.07K, B=14.0T w=19.0deg",2025-10-25 10:47:24,2025-10-25 10:48:36,00:01:11,0.1,3.32,14.0,3.32,0.07,14.0,19.0,/SNS/CNCS/IPTS-37274/nexus/CNCS_666376.nxs.h5
666375,108367,YbZn2GaO5,"YZGO, MAG9, Ei=3.32meV, T=0.07K, B=14.0T w=18.5deg",2025-10-25 10:46:09,2025-10-25 10:47:21,00:01:11,0.1,3.32,14.0,3.32,0.07,14.0,18.5,/SNS/CNCS/IPTS-37274/nexus/CNCS_666375.nxs.h5
666374,108367,YbZn2GaO5,"YZGO, MAG9, Ei=3.32meV, T=0.07K, B=14.0T w=18.0deg",2025-10-25 10:44:53,2025-10-25 10:46:05,00:01:11,0.1,3.32,14.0,3.32,0.07,14.0,18.0,/SNS/CNCS/IPTS-37274/nexus/CNCS_666374.nxs.h5
666373,108367,YbZn2GaO5,"YZGO, MAG9, Ei=3.32meV, T=0.07K, B=14.0T w=17.5deg",2025-10-25 10:43:38,2025-10-25 10:44:50,00:01:11,0.1,3.32,14.0,3.32,0.07,14.0,17.5,/SNS/CNCS/IPTS-37274/nexus/CNCS_666373.nxs.h5
666372,108367,YbZn2GaO5,"YZGO, MAG9, Ei=3.32meV, T=0.07K, B=14.0T w=17.0deg",2025-10-25 10:42:22,2025-10-25 10:43:34,00:01:12,0.1,3.32,14.0,3.32,0.07,14.0,17.0,/SNS/CNCS/IPTS-37274/nexus/CNCS_666372.nxs.h5
666371,108367,YbZn2GaO5,"YZGO, MAG9, Ei=3.32meV, T=0.07K, B=14.0T w=16.5deg",2025-10-25 10:41:07,2025-10-25 10:42:18,00:01:11,0.1,3.32,14.0,3.32,0.07,14.0,16.5,/SNS/CNCS/IPTS-37274/nexus/CNCS_666371.nxs.h5
666370,108367,YbZn2GaO5,"YZGO, MAG9, Ei=3.32meV, T=0.07K, B=14.0T w=16.0deg",2025-10-25 10:39:51,2025-10-25 10:41:03,00:01:11,0.1,3.32,14.0,3.32,0.07,14.0,16.0,/SNS/CNCS/IPTS-37274/nexus/CNCS_666370.nxs.h5
666369,108367,YbZn2GaO5,"YZGO, MAG9, Ei=3.32meV, T=0.07K, B=14.0T w=15.5deg",2025-10-25 10:38:36,2025-10-25 10:39:48,00:01:11,0.1,3.32,14.0,3.32,0.07,14.0,15.5,/SNS/CNCS/IPTS-37274/nexus/CNCS_666369.nxs.h5
666368,108367,YbZn2GaO5,"YZGO, MAG9, Ei=3.32meV, T=0.07K, B=14.0T w=15.0deg",2025-10-25 10:37:20,2025-10-25 10:38:32,00:01:11,0.1,3.32,14.0,3.32,0.07,14.0,15.0,/SNS/CNCS/IPTS-37274/nexus/CNCS_666368.nxs.h5
666367,108367,YbZn2GaO5,"YZGO, MAG9, Ei=3.32meV, T=0.07K, B=14.0T w=14.5deg",2025-10-25 10:36:05,2025-10-25 10:37:16,00:01:11,0.1,3.32,14.0,3.32,0.07,14.0,14.5,/SNS/CNCS/IPTS-37274/nexus/CNCS_666367.nxs.h5
666366,108367,YbZn2GaO5,"YZGO, MAG9, Ei=3.32meV, T=0.07K, B=14.0T w=14.0deg",2025-10-25 10:34:49,2025-10-25 10:36:01,00:01:11,0.1,3.32,14.0,3.32,0.07,14.0,14.0,/SNS/CNCS/IPTS-37274/nexus/CNCS_666366.nxs.h5
666365,108367,YbZn2GaO5,"YZGO, MAG9, Ei=3.32meV, T=0.07K, B=14.0T w=13.5deg",2025-10-25 10:33:33,2025-10-25 10:34:46,00:01:12,0.1,3.32,14.0,3.32,0.07,14.0,13.5,/SNS/CNCS/IPTS-37274/nexus/CNCS_666365.nxs.h5
666364,108367,YbZn2GaO5,"YZGO, MAG9, Ei=3.32meV, T=0.07K, B=14.0T w=13.0deg",2025-10-25 10:32:18,2025-10-25 10:33:30,00:01:11,0.1,3.32,14.0,3.32,0.07,14.0,13.0,/SNS/CNCS/IPTS-37274/nexus/CNCS_666364.nxs.h5
666363,108367,YbZn2GaO5,"YZGO, MAG9, Ei=3.32meV, T=0.07K, B=14.0T w=12.5deg",2025-10-25 10:31:03,2025-10-25 10:32:15,00:01:11,0.1,3.32,14.0,3.32,0.07,14.0,12.5,/SNS/CNCS/IPTS-37274/nexus/CNCS_666363.nxs.h5
666362,108367,YbZn2GaO5,"YZGO, MAG9, Ei=3.32meV, T=0.07K, B=14.0T w=12.0deg",2025-10-25 10:29:47,2025-10-25 10:30:59,00:01:12,0.1,3.32,14.0,3.32,0.07,14.0,12.0,/SNS/CNCS/IPTS-37274/nexus/CNCS_666362.nxs.h5
666361,108367,YbZn2GaO5,"YZGO, MAG9, Ei=3.32meV, T=0.07K, B=14.0T w=11.5deg",2025-10-25 10:28:31,2025-10-25 10:29:43,00:01:11,0.1,3.32,14.0,3.32,0.07,14.0,11.5,/SNS/CNCS/IPTS-37274/nexus/CNCS_666361.nxs.h5
666360,108367,YbZn2GaO5,"YZGO, MAG9, Ei=3.32meV, T=0.07K, B=14.0T w=11.0deg",2025-10-25 10:27:16,2025-10-25 10:28:28,00:01:12,0.1,3.32,14.0,3.32,0.07,14.0,11.0,/SNS/CNCS/IPTS-37274/nexus/CNCS_666360.nxs.h5
666359,108367,YbZn2GaO5,"YZGO, MAG9, Ei=3.32meV, T=0.07K, B=14.0T w=10.5deg",2025-10-25 10:26:00,2025-10-25 10:27:12,00:01:12,0.1,3.32,14.0,3.32,0.07,14.0,10.5,/SNS/CNCS/IPTS-37274/nexus/CNCS_666359.nxs.h5
666358,108367,YbZn2GaO5,"YZGO, MAG9, Ei=3.32meV, T=0.07K, B=14.0T w=10.0deg",2025-10-25 10:24:44,2025-10-25 10:25:56,00:01:12,0.1,3.32,14.0,3.32,0.07,14.0,10.0,/SNS/CNCS/IPTS-37274/nexus/CNCS_666358.nxs.h5
666357,108367,YbZn2GaO5,"YZGO, MAG9, Ei=3.32meV, T=0.07K, B=14.0T w=9.5deg",2025-10-25 10:23:28,2025-10-25 10:24:40,00:01:12,0.1,3.32,14.0,3.32,0.07,14.0,9.5,/SNS/CNCS/IPTS-37274/nexus/CNCS_666357.nxs.h5
666356,108367,YbZn2GaO5,"YZGO, MAG9, Ei=3.32meV, T=0.07K, B=14.0T w=9.0deg",2025-10-25 10:22:12,2025-10-25 10:23:24,00:01:12,0.1,3.32,14.0,3.32,0.07,14.0,9.0,/SNS/CNCS/IPTS-37274/nexus/CNCS_666356.nxs.h5
666355,108367,YbZn2GaO5,"YZGO, MAG9, Ei=3.32meV, T=0.07K, B=14.0T w=8.5deg",2025-10-25 10:20:57,2025-10-25 10:22:08,00:01:11,0.1,3.32,14.0,3.32,0.07,14.0,8.5,/SNS/CNCS/IPTS-37274/nexus/CNCS_666355.nxs.h5
666354,108367,YbZn2GaO5,"YZGO, MAG9, Ei=3.32meV, T=0.07K, B=14.0T w=8.0deg",2025-10-25 10:19:41,2025-10-25 10:20:53,00:01:12,0.1,3.32,14.0,3.32,0.07,14.0,8.0,/SNS/CNCS/IPTS-37274/nexus/CNCS_666354.nxs.h5
666353,108367,YbZn2GaO5,"YZGO, MAG9, Ei=3.32meV, T=0.07K, B=14.0T w=7.5deg",2025-10-25 10:18:26,2025-10-25 10:19:37,00:01:11,0.1,3.32,14.0,3.32,0.07,14.0,7.5,/SNS/CNCS/IPTS-37274/nexus/CNCS_666353.nxs.h5
666352,108367,YbZn2GaO5,"YZGO, MAG9, Ei=3.32meV, T=0.07K, B=14.0T w=7.0deg",2025-10-25 10:17:10,2025-10-25 10:18:22,00:01:11,0.1,3.32,14.0,3.32,0.07,14.0,7.0,/SNS/CNCS/IPTS-37274/nexus/CNCS_666352.nxs.h5
666351,108367,YbZn2GaO5,"YZGO, MAG9, Ei=3.32meV, T=0.07K, B=14.0T w=6.5deg",2025-10-25 10:15:54,2025-10-25 10:17:06,00:01:12,0.1,3.32,14.0,3.32,0.07,14.0,6.5,/SNS/CNCS/IPTS-37274/nexus/CNCS_666351.nxs.h5
666350,108367,YbZn2GaO5,"YZGO, MAG9, Ei=3.32meV, T=0.07K, B=14.0T w=6.0deg",2025-10-25 10:14:39,2025-10-25 10:15:50,00:01:11,0.1,3.32,14.0,3.32,0.07,14.0,6.0,/SNS/CNCS/IPTS-37274/nexus/CNCS_666350.nxs.h5
666349,108367,YbZn2GaO5,"YZGO, MAG9, Ei=3.32meV, T=0.07K, B=14.0T w=5.5deg",2025-10-25 10:13:23,2025-10-25 10:14:35,00:01:12,0.1,3.32,14.0,3.32,0.07,14.0,5.5,/SNS/CNCS/IPTS-37274/nexus/CNCS_666349.nxs.h5
666348,108367,YbZn2GaO5,"YZGO, MAG9, Ei=3.32meV, T=0.07K, B=14.0T w=5.0deg",2025-10-25 10:12:07,2025-10-25 10:13:19,00:01:12,0.1,3.32,14.0,3.32,0.07,14.0,5.0,/SNS/CNCS/IPTS-37274/nexus/CNCS_666348.nxs.h5
666347,108367,YbZn2GaO5,"YZGO, MAG9, Ei=3.32meV, T=0.07K, B=14.0T w=4.5deg",2025-10-25 10:10:51,2025-10-25 10:12:03,00:01:11,0.1,3.32,14.0,3.32,0.07,14.0,4.5,/SNS/CNCS/IPTS-37274/nexus/CNCS_666347.nxs.h5
666346,108367,YbZn2GaO5,"YZGO, MAG9, Ei=3.32meV, T=0.07K, B=14.0T w=4.0deg",2025-10-25 10:09:36,2025-10-25 10:10:48,00:01:11,0.1,3.32,14.0,3.32,0.07,14.0,4.0,/SNS/CNCS/IPTS-37274/nexus/CNCS_666346.nxs.h5
666345,108367,YbZn2GaO5,"YZGO, MAG9, Ei=3.32meV, T=0.07K, B=14.0T w=3.5deg",2025-10-25 10:08:21,2025-10-25 10:09:32,00:01:11,0.1,3.32,14.0,3.32,0.07,14.0,3.5,/SNS/CNCS/IPTS-37274/nexus/CNCS_666345.nxs.h5
666344,108367,YbZn2GaO5,"YZGO, MAG9, Ei=3.32meV, T=0.07K, B=14.0T w=3.0deg",2025-10-25 10:07:05,2025-10-25 10:08:17,00:01:11,0.1,3.32,14.0,3.32,0.07,14.0,3.0,/SNS/CNCS/IPTS-37274/nexus/CNCS_666344.nxs.h5
666343,108367,YbZn2GaO5,"YZGO, MAG9, Ei=3.32meV, T=0.07K, B=14.0T w=2.5deg",2025-10-25 10:05:50,2025-10-25 10:07:02,00:01:11,0.1,3.32,14.0,3.32,0.07,14.0,2.5,/SNS/CNCS/IPTS-37274/nexus/CNCS_666343.nxs.h5
666342,108367,YbZn2GaO5,"YZGO, MAG9, Ei=3.32meV, T=0.07K, B=14.0T w=2.0deg",2025-10-25 10:04:34,2025-10-25 10:05:46,00:01:12,0.1,3.32,14.0,3.32,0.07,14.0,2.0,/SNS/CNCS/IPTS-37274/nexus/CNCS_666342.nxs.h5
666341,108367,YbZn2GaO5,"YZGO, MAG9, Ei=3.32meV, T=0.07K, B=14.0T w=1.5deg",2025-10-25 10:03:18,2025-10-25 10:04:30,00:01:12,0.1,3.32,14.0,3.32,0.07,14.0,1.5,/SNS/CNCS/IPTS-37274/nexus/CNCS_666341.nxs.h5
666340,108367,YbZn2GaO5,"YZGO, MAG9, Ei=3.32meV, T=0.07K, B=14.0T w=1.0deg",2025-10-25 10:02:02,2025-10-25 10:03:14,00:01:12,0.1,3.32,14.0,3.32,0.07,14.0,1.0,/SNS/CNCS/IPTS-37274/nexus/CNCS_666340.nxs.h5
666339,108367,YbZn2GaO5,"YZGO, MAG9, Ei=3.32meV, T=0.07K, B=14.0T w=0.5deg",2025-10-25 10:00:07,2025-10-25 10:01:58,00:01:51,0.1,3.32,14.0,3.32,0.07,14.0,0.5,/SNS/CNCS/IPTS-37274/nexus/CNCS_666339.nxs.h5
666338,108367,YbZn2GaO5,"YZGO, MAG9, Ei=3.32meV, T=0.07K, B=14.0T w=0.0deg",2025-10-25 09:58:51,2025-10-25 10:00:03,00:01:11,0.1,3.32,14.0,3.32,0.07,14.0,0.0,/SNS/CNCS/IPTS-37274/nexus/CNCS_666338.nxs.h5
666337,108367,YbZn2GaO5,"YZGO, MAG9, Ei=3.32meV, T=0.07K, B=14.0T w=-0.5deg",2025-10-25 09:57:36,2025-10-25 09:58:48,00:01:11,0.1,3.32,14.0,3.32,0.07,14.0,-0.5,/SNS/CNCS/IPTS-37274/nexus/CNCS_666337.nxs.h5
666336,108367,YbZn2GaO5,"YZGO, MAG9, Ei=3.32meV, T=0.07K, B=14.0T w=-1.0deg",2025-10-25 09:56:21,2025-10-25 09:57:32,00:01:11,0.1,3.32,14.0,3.32,0.07,14.0,-1.0,/SNS/CNCS/IPTS-37274/nexus/CNCS_666336.nxs.h5
666335,108367,YbZn2GaO5,"YZGO, MAG9, Ei=3.32meV, T=0.07K, B=14.0T w=-1.5deg",2025-10-25 09:55:05,2025-10-25 09:56:17,00:01:11,0.1,3.32,14.0,3.32,0.07,14.0,-1.5,/SNS/CNCS/IPTS-37274/nexus/CNCS_666335.nxs.h5
666334,108367,YbZn2GaO5,"YZGO, MAG9, Ei=3.32meV, T=0.07K, B=14.0T w=-2.0deg",2025-10-25 09:53:50,2025-10-25 09:55:02,00:01:11,0.1,3.32,14.0,3.32,0.07,14.0,-2.0,/SNS/CNCS/IPTS-37274/nexus/CNCS_666334.nxs.h5
666333,108367,YbZn2GaO5,"YZGO, MAG9, Ei=3.32meV, T=0.07K, B=14.0T w=-2.5deg",2025-10-25 09:52:34,2025-10-25 09:53:46,00:01:11,0.1,3.32,14.0,3.32,0.07,14.0,-2.5,/SNS/CNCS/IPTS-37274/nexus/CNCS_666333.nxs.h5
666332,108367,YbZn2GaO5,"YZGO, MAG9, Ei=3.32meV, T=0.07K, B=14.0T w=-3.0deg",2025-10-25 09:51:19,2025-10-25 09:52:31,00:01:11,0.1,3.32,14.0,3.32,0.07,14.0,-3.0,/SNS/CNCS/IPTS-37274/nexus/CNCS_666332.nxs.h5
666331,108367,YbZn2GaO5,"YZGO, MAG9, Ei=3.32meV, T=0.07K, B=14.0T w=-3.5deg",2025-10-25 09:50:03,2025-10-25 09:51:15,00:01:11,0.1,3.32,14.0,3.32,0.07,14.0,-3.5,/SNS/CNCS/IPTS-37274/nexus/CNCS_666331.nxs.h5
666330,108367,YbZn2GaO5,"YZGO, MAG9, Ei=3.32meV, T=0.07K, B=14.0T w=-4.0deg",2025-10-25 09:48:48,2025-10-25 09:50:00,00:01:11,0.1,3.32,14.0,3.32,0.07,14.0,-4.0,/SNS/CNCS/IPTS-37274/nexus/CNCS_666330.nxs.h5
666329,108367,YbZn2GaO5,"YZGO, MAG9, Ei=3.32meV, T=0.07K, B=14.0T w=-4.5deg",2025-10-25 09:47:32,2025-10-25 09:48:44,00:01:11,0.1,3.32,14.0,3.32,0.07,14.0,-4.5,/SNS/CNCS/IPTS-37274/nexus/CNCS_666329.nxs.h5
666328,108367,YbZn2GaO5,"YZGO, MAG9, Ei=3.32meV, T=0.07K, B=14.0T w=-5.0deg",2025-10-25 09:46:17,2025-10-25 09:47:29,00:01:11,0.1,3.32,14.0,3.32,0.07,14.0,-5.0,/SNS/CNCS/IPTS-37274/nexus/CNCS_666328.nxs.h5
666327,108367,YbZn2GaO5,"YZGO, MAG9, Ei=3.32meV, T=0.07K, B=14.0T w=-5.5deg",2025-10-25 09:45:01,2025-10-25 09:46:13,00:01:11,0.1,3.32,14.0,3.32,0.07,14.0,-5.5,/SNS/CNCS/IPTS-37274/nexus/CNCS_666327.nxs.h5
666326,108367,YbZn2GaO5,"YZGO, MAG9, Ei=3.32meV, T=0.07K, B=14.0T w=-6.0deg",2025-10-25 09:43:46,2025-10-25 09:44:58,00:01:11,0.1,3.32,14.0,3.32,0.07,14.0,-6.0,/SNS/CNCS/IPTS-37274/nexus/CNCS_666326.nxs.h5
666325,108367,YbZn2GaO5,"YZGO, MAG9, Ei=3.32meV, T=0.07K, B=14.0T w=-6.5deg",2025-10-25 09:42:31,2025-10-25 09:43:42,00:01:11,0.1,3.32,14.0,3.32,0.07,14.0,-6.5,/SNS/CNCS/IPTS-37274/nexus/CNCS_666325.nxs.h5
666324,108367,YbZn2GaO5,"YZGO, MAG9, Ei=3.32meV, T=0.07K, B=14.0T w=-7.0deg",2025-10-25 09:41:15,2025-10-25 09:42:27,00:01:11,0.1,3.32,14.0,3.32,0.07,14.0,-7.0,/SNS/CNCS/IPTS-37274/nexus/CNCS_666324.nxs.h5
666323,108367,YbZn2GaO5,"YZGO, MAG9, Ei=3.32meV, T=0.07K, B=14.0T w=-7.5deg",2025-10-25 09:39:59,2025-10-25 09:41:11,00:01:11,0.1,3.32,14.0,3.32,0.07,14.0,-7.5,/SNS/CNCS/IPTS-37274/nexus/CNCS_666323.nxs.h5
666322,108367,YbZn2GaO5,"YZGO, MAG9, Ei=3.32meV, T=0.07K, B=14.0T w=-8.0deg",2025-10-25 09:38:44,2025-10-25 09:39:56,00:01:11,0.1,3.32,14.0,3.32,0.07,14.0,-8.0,/SNS/CNCS/IPTS-37274/nexus/CNCS_666322.nxs.h5
666321,108367,YbZn2GaO5,"YZGO, MAG9, Ei=3.32meV, T=0.07K, B=14.0T w=-8.5deg",2025-10-25 09:37:28,2025-10-25 09:38:40,00:01:11,0.1,3.32,14.0,3.32,0.07,14.0,-8.5,/SNS/CNCS/IPTS-37274/nexus/CNCS_666321.nxs.h5
666320,108367,YbZn2GaO5,"YZGO, MAG9, Ei=3.32meV, T=0.07K, B=14.0T w=-9.0deg",2025-10-25 09:36:13,2025-10-25 09:37:25,00:01:11,0.1,3.32,14.0,3.32,0.07,14.0,-9.0,/SNS/CNCS/IPTS-37274/nexus/CNCS_666320.nxs.h5
666319,108367,YbZn2GaO5,"YZGO, MAG9, Ei=3.32meV, T=0.07K, B=14.0T w=-9.5deg",2025-10-25 09:34:57,2025-10-25 09:36:09,00:01:11,0.1,3.32,14.0,3.32,0.07,14.0,-9.5,/SNS/CNCS/IPTS-37274/nexus/CNCS_666319.nxs.h5
666318,108367,YbZn2GaO5,"YZGO, MAG9, Ei=3.32meV, T=0.07K, B=14.0T w=-10.0deg",2025-10-25 09:33:42,2025-10-25 09:34:54,00:01:11,0.1,3.32,14.0,3.32,0.07,14.0,-10.0,/SNS/CNCS/IPTS-37274/nexus/CNCS_666318.nxs.h5
666317,108367,YbZn2GaO5,"YZGO, MAG9, Ei=3.32meV, T=0.07K, B=14.0T w=-10.5deg",2025-10-25 09:32:26,2025-10-25 09:33:38,00:01:11,0.1,3.32,14.0,3.32,0.07,14.0,-10.5,/SNS/CNCS/IPTS-37274/nexus/CNCS_666317.nxs.h5
666316,108367,YbZn2GaO5,"YZGO, MAG9, Ei=3.32meV, T=0.07K, B=14.0T w=-11.0deg",2025-10-25 09:31:11,2025-10-25 09:32:23,00:01:11,0.1,3.32,14.0,3.32,0.07,14.0,-11.0,/SNS/CNCS/IPTS-37274/nexus/CNCS_666316.nxs.h5
666315,108367,YbZn2GaO5,"YZGO, MAG9, Ei=3.32meV, T=0.07K, B=14.0T w=-11.5deg",2025-10-25 09:29:56,2025-10-25 09:31:07,00:01:11,0.1,3.32,14.0,3.32,0.07,14.0,-11.5,/SNS/CNCS/IPTS-37274/nexus/CNCS_666315.nxs.h5
666314,108367,YbZn2GaO5,"YZGO, MAG9, Ei=3.32meV, T=0.07K, B=14.0T w=-12.0deg",2025-10-25 09:28:40,2025-10-25 09:29:52,00:01:11,0.1,3.32,14.0,3.32,0.07,14.0,-12.0,/SNS/CNCS/IPTS-37274/nexus/CNCS_666314.nxs.h5
666313,108367,YbZn2GaO5,"YZGO, MAG9, Ei=3.32meV, T=0.07K, B=14.0T w=-12.5deg",2025-10-25 09:27:24,2025-10-25 09:28:36,00:01:11,0.1,3.32,14.0,3.32,0.07,14.0,-12.5,/SNS/CNCS/IPTS-37274/nexus/CNCS_666313.nxs.h5
666312,108367,YbZn2GaO5,"YZGO, MAG9, Ei=3.32meV, T=0.07K, B=14.0T w=-13.0deg",2025-10-25 09:26:09,2025-10-25 09:27:21,00:01:11,0.1,3.32,14.0,3.32,0.07,14.0,-13.0,/SNS/CNCS/IPTS-37274/nexus/CNCS_666312.nxs.h5
666311,108367,YbZn2GaO5,"YZGO, MAG9, Ei=3.32meV, T=0.07K, B=14.0T w=-13.5deg",2025-10-25 09:24:54,2025-10-25 09:26:06,00:01:11,0.1,3.32,14.0,3.32,0.07,14.0,-13.5,/SNS/CNCS/IPTS-37274/nexus/CNCS_666311.nxs.h5
666310,108367,YbZn2GaO5,"YZGO, MAG9, Ei=3.32meV, T=0.07K, B=14.0T w=-14.0deg",2025-10-25 09:23:38,2025-10-25 09:24:50,00:01:11,0.1,3.32,14.0,3.32,0.07,14.0,-14.0,/SNS/CNCS/IPTS-37274/nexus/CNCS_666310.nxs.h5
666309,108367,YbZn2GaO5,"YZGO, MAG9, Ei=3.32meV, T=0.07K, B=14.0T w=-14.5deg",2025-10-25 09:22:23,2025-10-25 09:23:35,00:01:11,0.1,3.32,14.0,3.32,0.07,14.0,-14.5,/SNS/CNCS/IPTS-37274/nexus/CNCS_666309.nxs.h5
666308,108367,YbZn2GaO5,"YZGO, MAG9, Ei=3.32meV, T=0.07K, B=14.0T w=-15.0deg",2025-10-25 09:21:08,2025-10-25 09:22:19,00:01:11,0.1,3.32,14.0,3.32,0.07,14.0,-15.0,/SNS/CNCS/IPTS-37274/nexus/CNCS_666308.nxs.h5
666307,108367,YbZn2GaO5,"YZGO, MAG9, Ei=3.32meV, T=0.07K, B=14.0T w=-15.5deg",2025-10-25 09:19:52,2025-10-25 09:21:04,00:01:11,0.1,3.32,14.0,3.32,0.07,14.0,-15.5,/SNS/CNCS/IPTS-37274/nexus/CNCS_666307.nxs.h5
666306,108367,YbZn2GaO5,"YZGO, MAG9, Ei=3.32meV, T=0.07K, B=14.0T w=-16.0deg",2025-10-25 09:18:37,2025-10-25 09:19:49,00:01:11,0.1,3.32,14.0,3.32,0.07,14.0,-16.0,/SNS/CNCS/IPTS-37274/nexus/CNCS_666306.nxs.h5
666305,108367,YbZn2GaO5,"YZGO, MAG9, Ei=3.32meV, T=0.07K, B=14.0T w=-16.5deg",2025-10-25 09:17:22,2025-10-25 09:18:33,00:01:11,0.1,3.32,14.0,3.32,0.07,14.0,-16.5,/SNS/CNCS/IPTS-37274/nexus/CNCS_666305.nxs.h5
666304,108367,YbZn2GaO5,"YZGO, MAG9, Ei=3.32meV, T=0.07K, B=14.0T w=-17.0deg",2025-10-25 09:16:06,2025-10-25 09:17:18,00:01:11,0.1,3.32,14.0,3.32,0.07,14.0,-17.0,/SNS/CNCS/IPTS-37274/nexus/CNCS_666304.nxs.h5
666303,108367,YbZn2GaO5,"YZGO, MAG9, Ei=3.32meV, T=0.07K, B=14.0T w=-17.5deg",2025-10-25 09:14:51,2025-10-25 09:16:02,00:01:11,0.1,3.32,14.0,3.32,0.07,14.0,-17.5,/SNS/CNCS/IPTS-37274/nexus/CNCS_666303.nxs.h5
666302,108367,YbZn2GaO5,"YZGO, MAG9, Ei=3.32meV, T=0.07K, B=14.0T w=-18.0deg",2025-10-25 09:13:35,2025-10-25 09:14:47,00:01:11,0.1,3.32,14.0,3.32,0.07,14.0,-18.0,/SNS/CNCS/IPTS-37274/nexus/CNCS_666302.nxs.h5
666301,108367,YbZn2GaO5,"YZGO, MAG9, Ei=3.32meV, T=0.07K, B=14.0T w=-18.5deg",2025-10-25 09:12:20,2025-10-25 09:13:32,00:01:11,0.1,3.32,14.0,3.32,0.07,14.0,-18.5,/SNS/CNCS/IPTS-37274/nexus/CNCS_666301.nxs.h5
666300,108367,YbZn2GaO5,"YZGO, MAG9, Ei=3.32meV, T=0.07K, B=14.0T w=-19.0deg",2025-10-25 09:11:04,2025-10-25 09:12:16,00:01:11,0.1,3.32,14.0,3.32,0.07,14.0,-19.0,/SNS/CNCS/IPTS-37274/nexus/CNCS_666300.nxs.h5
666299,108367,YbZn2GaO5,"YZGO, MAG9, Ei=3.32meV, T=0.07K, B=14.0T w=-19.5deg",2025-10-25 09:09:49,2025-10-25 09:11:01,00:01:11,0.1,3.32,14.0,3.32,0.07,14.0,-19.5,/SNS/CNCS/IPTS-37274/nexus/CNCS_666299.nxs.h5
666298,108367,YbZn2GaO5,"YZGO, MAG9, Ei=3.32meV, T=0.07K, B=14.0T w=-20.0deg",2025-10-25 09:08:34,2025-10-25 09:09:45,00:01:11,0.1,3.32,14.0,3.32,0.07,14.0,-20.0,/SNS/CNCS/IPTS-37274/nexus/CNCS_666298.nxs.h5
666297,108367,YbZn2GaO5,"YZGO, MAG9, Ei=3.32meV, T=0.07K, B=14.0T w=-20.5deg",2025-10-25 09:07:18,2025-10-25 09:08:30,00:01:11,0.1,3.32,14.0,3.32,0.07,14.0,-20.5,/SNS/CNCS/IPTS-37274/nexus/CNCS_666297.nxs.h5
666296,108367,YbZn2GaO5,"YZGO, MAG9, Ei=3.32meV, T=0.07K, B=14.0T w=-21.0deg",2025-10-25 09:06:03,2025-10-25 09:07:14,00:01:11,0.1,3.32,14.0,3.32,0.07,14.0,-21.0,/SNS/CNCS/IPTS-37274/nexus/CNCS_666296.nxs.h5
666295,108367,YbZn2GaO5,"YZGO, MAG9, Ei=3.32meV, T=0.07K, B=14.0T w=-21.5deg",2025-10-25 09:04:47,2025-10-25 09:05:59,00:01:11,0.1,3.32,14.0,3.32,0.07,14.0,-21.5,/SNS/CNCS/IPTS-37274/nexus/CNCS_666295.nxs.h5
666294,108367,YbZn2GaO5,"YZGO, MAG9, Ei=3.32meV, T=0.07K, B=14.0T w=-22.0deg",2025-10-25 09:03:32,2025-10-25 09:04:43,00:01:11,0.1,3.32,14.0,3.32,0.07,14.0,-22.0,/SNS/CNCS/IPTS-37274/nexus/CNCS_666294.nxs.h5
666293,108367,YbZn2GaO5,"YZGO, MAG9, Ei=3.32meV, T=0.07K, B=14.0T w=-22.5deg",2025-10-25 09:02:16,2025-10-25 09:03:28,00:01:11,0.1,3.32,14.0,3.32,0.07,14.0,-22.5,/SNS/CNCS/IPTS-37274/nexus/CNCS_666293.nxs.h5
666292,108367,YbZn2GaO5,"YZGO, MAG9, Ei=3.32meV, T=0.07K, B=14.0T w=-23.0deg",2025-10-25 09:01:01,2025-10-25 09:02:13,00:01:11,0.1,3.32,14.0,3.32,0.07,14.0,-23.0,/SNS/CNCS/IPTS-37274/nexus/CNCS_666292.nxs.h5
666291,108367,YbZn2GaO5,"YZGO, MAG9, Ei=3.32meV, T=0.07K, B=14.0T w=-23.5deg",2025-10-25 08:59:45,2025-10-25 09:00:57,00:01:11,0.1,3.32,14.0,3.32,0.07,14.0,-23.5,/SNS/CNCS/IPTS-37274/nexus/CNCS_666291.nxs.h5
666290,108367,YbZn2GaO5,"YZGO, MAG9, Ei=3.32meV, T=0.07K, B=14.0T w=-24.0deg",2025-10-25 08:58:30,2025-10-25 08:59:42,00:01:11,0.1,3.32,14.0,3.32,0.07,14.0,-24.0,/SNS/CNCS/IPTS-37274/nexus/CNCS_666290.nxs.h5
666289,108367,YbZn2GaO5,"YZGO, MAG9, Ei=3.32meV, T=0.07K, B=14.0T w=-24.5deg",2025-10-25 08:57:15,2025-10-25 08:58:26,00:01:11,0.1,3.32,14.0,3.32,0.07,14.0,-24.5,/SNS/CNCS/IPTS-37274/nexus/CNCS_666289.nxs.h5
666288,108367,YbZn2GaO5,"YZGO, MAG9, Ei=3.32meV, T=0.07K, B=14.0T w=-25.0deg",2025-10-25 08:55:59,2025-10-25 08:57:11,00:01:11,0.1,3.32,14.0,3.32,0.07,14.0,-25.0,/SNS/CNCS/IPTS-37274/nexus/CNCS_666288.nxs.h5
666287,108367,YbZn2GaO5,"YZGO, MAG9, Ei=3.32meV, T=0.07K, B=14.0T w=-25.5deg",2025-10-25 08:54:44,2025-10-25 08:55:56,00:01:11,0.1,3.32,14.0,3.32,0.07,14.0,-25.5,/SNS/CNCS/IPTS-37274/nexus/CNCS_666287.nxs.h5
666286,108367,YbZn2GaO5,"YZGO, MAG9, Ei=3.32meV, T=0.07K, B=14.0T w=-26.0deg",2025-10-25 08:53:28,2025-10-25 08:54:40,00:01:11,0.1,3.32,14.0,3.32,0.07,14.0,-26.0,/SNS/CNCS/IPTS-37274/nexus/CNCS_666286.nxs.h5
666285,108367,YbZn2GaO5,"YZGO, MAG9, Ei=3.32meV, T=0.07K, B=14.0T w=-26.5deg",2025-10-25 08:52:13,2025-10-25 08:53:25,00:01:11,0.1,3.32,14.0,3.32,0.07,14.0,-26.5,/SNS/CNCS/IPTS-37274/nexus/CNCS_666285.nxs.h5
666284,108367,YbZn2GaO5,"YZGO, MAG9, Ei=3.32meV, T=0.07K, B=14.0T w=-27.0deg",2025-10-25 08:50:57,2025-10-25 08:52:09,00:01:12,0.1,3.32,14.0,3.32,0.07,14.0,-27.0,/SNS/CNCS/IPTS-37274/nexus/CNCS_666284.nxs.h5
666283,108367,YbZn2GaO5,"YZGO, MAG9, Ei=3.32meV, T=0.07K, B=14.0T w=-27.5deg",2025-10-25 08:49:40,2025-10-25 08:50:53,00:01:13,0.1,3.32,14.0,3.32,0.07,14.0,-27.5,/SNS/CNCS/IPTS-37274/nexus/CNCS_666283.nxs.h5
666282,108367,YbZn2GaO5,"YZGO, MAG9, Ei=3.32meV, T=0.07K, B=14.0T w=-28.0deg",2025-10-25 08:48:25,2025-10-25 08:49:36,00:01:11,0.1,3.32,14.0,3.32,0.07,14.0,-28.0,/SNS/CNCS/IPTS-37274/nexus/CNCS_666282.nxs.h5
666281,108367,YbZn2GaO5,"YZGO, MAG9, Ei=3.32meV, T=0.07K, B=14.0T w=-28.5deg",2025-10-25 08:47:09,2025-10-25 08:48:21,00:01:11,0.1,3.32,14.0,3.32,0.07,14.0,-28.5,/SNS/CNCS/IPTS-37274/nexus/CNCS_666281.nxs.h5
666280,108367,YbZn2GaO5,"YZGO, MAG9, Ei=3.32meV, T=0.07K, B=14.0T w=-29.0deg",2025-10-25 08:45:54,2025-10-25 08:47:06,00:01:11,0.1,3.32,14.0,3.32,0.07,14.0,-29.0,/SNS/CNCS/IPTS-37274/nexus/CNCS_666280.nxs.h5
666279,108367,YbZn2GaO5,"YZGO, MAG9, Ei=3.32meV, T=0.07K, B=14.0T w=-29.5deg",2025-10-25 08:44:39,2025-10-25 08:45:50,00:01:11,0.1,3.32,14.0,3.32,0.07,14.0,-29.5,/SNS/CNCS/IPTS-37274/nexus/CNCS_666279.nxs.h5
666278,108367,YbZn2GaO5,"YZGO, MAG9, Ei=3.32meV, T=0.07K, B=14.0T w=-30.0deg",2025-10-25 08:43:23,2025-10-25 08:44:35,00:01:11,0.1,3.32,14.0,3.32,0.07,14.0,-30.0,/SNS/CNCS/IPTS-37274/nexus/CNCS_666278.nxs.h5
666277,108367,YbZn2GaO5,"YZGO, MAG9, Ei=3.32meV, T=0.07K, B=14.0T w=-30.5deg",2025-10-25 08:42:08,2025-10-25 08:43:20,00:01:11,0.1,3.32,14.0,3.32,0.07,14.0,-30.5,/SNS/CNCS/IPTS-37274/nexus/CNCS_666277.nxs.h5
666276,108367,YbZn2GaO5,"YZGO, MAG9, Ei=3.32meV, T=0.07K, B=14.0T w=-31.0deg",2025-10-25 08:40:52,2025-10-25 08:42:04,00:01:11,0.1,3.32,14.0,3.32,0.07,14.0,-31.0,/SNS/CNCS/IPTS-37274/nexus/CNCS_666276.nxs.h5
666275,108367,YbZn2GaO5,"YZGO, MAG9, Ei=3.32meV, T=0.07K, B=14.0T w=-31.5deg",2025-10-25 08:39:37,2025-10-25 08:40:49,00:01:11,0.1,3.32,14.0,3.32,0.07,14.0,-31.5,/SNS/CNCS/IPTS-37274/nexus/CNCS_666275.nxs.h5
666274,108367,YbZn2GaO5,"YZGO, MAG9, Ei=3.32meV, T=0.07K, B=14.0T w=-32.0deg",2025-10-25 08:38:22,2025-10-25 08:39:33,00:01:11,0.1,3.32,14.0,3.32,0.07,14.0,-32.0,/SNS/CNCS/IPTS-37274/nexus/CNCS_666274.nxs.h5
666273,108367,YbZn2GaO5,"YZGO, MAG9, Ei=3.32meV, T=0.07K, B=14.0T w=-32.5deg",2025-10-25 08:37:06,2025-10-25 08:38:18,00:01:11,0.1,3.32,14.0,3.32,0.07,14.0,-32.5,/SNS/CNCS/IPTS-37274/nexus/CNCS_666273.nxs.h5
666272,108367,YbZn2GaO5,"YZGO, MAG9, Ei=3.32meV, T=0.07K, B=14.0T w=-33.0deg",2025-10-25 08:35:51,2025-10-25 08:37:03,00:01:11,0.1,3.32,14.0,3.32,0.07,14.0,-33.0,/SNS/CNCS/IPTS-37274/nexus/CNCS_666272.nxs.h5
666271,108367,YbZn2GaO5,"YZGO, MAG9, Ei=3.32meV, T=0.07K, B=14.0T w=-33.5deg",2025-10-25 08:34:35,2025-10-25 08:35:47,00:01:11,0.1,3.32,14.0,3.32,0.07,14.0,-33.5,/SNS/CNCS/IPTS-37274/nexus/CNCS_666271.nxs.h5
666270,108367,YbZn2GaO5,"YZGO, MAG9, Ei=3.32meV, T=0.07K, B=14.0T w=-34.0deg",2025-10-25 08:33:20,2025-10-25 08:34:32,00:01:11,0.1,3.32,14.0,3.32,0.07,14.0,-34.0,/SNS/CNCS/IPTS-37274/nexus/CNCS_666270.nxs.h5
666269,108367,YbZn2GaO5,"YZGO, MAG9, Ei=3.32meV, T=0.07K, B=14.0T w=-34.5deg",2025-10-25 08:32:04,2025-10-25 08:33:16,00:01:11,0.1,3.32,14.0,3.32,0.07,14.0,-34.5,/SNS/CNCS/IPTS-37274/nexus/CNCS_666269.nxs.h5
666268,108367,YbZn2GaO5,"YZGO, MAG9, Ei=3.32meV, T=0.07K, B=14.0T w=-35.0deg",2025-10-25 08:30:49,2025-10-25 08:32:01,00:01:11,0.1,3.32,14.0,3.32,0.07,14.0,-35.0,/SNS/CNCS/IPTS-37274/nexus/CNCS_666268.nxs.h5
666267,108367,YbZn2GaO5,"YZGO, MAG9, Ei=3.32meV, T=0.07K, B=14.0T w=-35.5deg",2025-10-25 08:29:34,2025-10-25 08:30:45,00:01:11,0.1,3.32,14.0,3.32,0.07,14.0,-35.5,/SNS/CNCS/IPTS-37274/nexus/CNCS_666267.nxs.h5
666266,108367,YbZn2GaO5,"YZGO, MAG9, Ei=3.32meV, T=0.07K, B=14.0T w=-36.0deg",2025-10-25 08:28:18,2025-10-25 08:29:30,00:01:11,0.1,3.32,14.0,3.32,0.07,14.0,-36.0,/SNS/CNCS/IPTS-37274/nexus/CNCS_666266.nxs.h5
666265,108367,YbZn2GaO5,"YZGO, MAG9, Ei=3.32meV, T=0.07K, B=14.0T w=-36.5deg",2025-10-25 08:27:02,2025-10-25 08:28:15,00:01:12,0.1,3.32,14.0,3.32,0.07,14.0,-36.5,/SNS/CNCS/IPTS-37274/nexus/CNCS_666265.nxs.h5
666264,108367,YbZn2GaO5,"YZGO, MAG9, Ei=3.32meV, T=0.07K, B=14.0T w=-37.0deg",2025-10-25 08:25:46,2025-10-25 08:26:58,00:01:11,0.1,3.32,14.0,3.32,0.07,14.0,-37.0,/SNS/CNCS/IPTS-37274/nexus/CNCS_666264.nxs.h5
666263,108367,YbZn2GaO5,"YZGO, MAG9, Ei=3.32meV, T=0.07K, B=14.0T w=-37.5deg",2025-10-25 08:24:31,2025-10-25 08:25:43,00:01:11,0.1,3.32,14.0,3.32,0.07,14.0,-37.5,/SNS/CNCS/IPTS-37274/nexus/CNCS_666263.nxs.h5
666262,108367,YbZn2GaO5,"YZGO, MAG9, Ei=3.32meV, T=0.07K, B=14.0T w=-38.0deg",2025-10-25 08:23:16,2025-10-25 08:24:27,00:01:11,0.1,3.32,14.0,3.32,0.07,14.0,-38.0,/SNS/CNCS/IPTS-37274/nexus/CNCS_666262.nxs.h5
666261,108367,YbZn2GaO5,"YZGO, MAG9, Ei=3.32meV, T=0.07K, B=14.0T w=-38.5deg",2025-10-25 08:22:00,2025-10-25 08:23:12,00:01:11,0.1,3.32,14.0,3.32,0.07,14.0,-38.5,/SNS/CNCS/IPTS-37274/nexus/CNCS_666261.nxs.h5
666260,108367,YbZn2GaO5,"YZGO, MAG9, Ei=3.32meV, T=0.07K, B=14.0T w=-39.0deg",2025-10-25 08:20:45,2025-10-25 08:21:57,00:01:11,0.1,3.32,14.0,3.32,0.07,14.0,-39.0,/SNS/CNCS/IPTS-37274/nexus/CNCS_666260.nxs.h5
666259,108367,YbZn2GaO5,"YZGO, MAG9, Ei=3.32meV, T=0.07K, B=14.0T w=-39.5deg",2025-10-25 08:19:30,2025-10-25 08:20:41,00:01:11,0.1,3.32,14.0,3.32,0.07,14.0,-39.5,/SNS/CNCS/IPTS-37274/nexus/CNCS_666259.nxs.h5
666258,108367,YbZn2GaO5,"YZGO, MAG9, Ei=3.32meV, T=0.07K, B=14.0T w=-40.0deg",2025-10-25 08:18:14,2025-10-25 08:19:26,00:01:11,0.1,3.32,14.0,3.32,0.07,14.0,-40.0,/SNS/CNCS/IPTS-37274/nexus/CNCS_666258.nxs.h5
666257,108367,YbZn2GaO5,"YZGO, MAG9, Ei=3.32meV, T=0.07K, B=14.0T w=-40.5deg",2025-10-25 08:16:58,2025-10-25 08:18:10,00:01:12,0.1,3.32,14.0,3.32,0.07,14.0,-40.5,/SNS/CNCS/IPTS-37274/nexus/CNCS_666257.nxs.h5
666256,108367,YbZn2GaO5,"YZGO, MAG9, Ei=3.32meV, T=0.07K, B=14.0T w=-41.0deg",2025-10-25 08:15:43,2025-10-25 08:16:55,00:01:11,0.1,3.32,14.0,3.32,0.07,14.0,-41.0,/SNS/CNCS/IPTS-37274/nexus/CNCS_666256.nxs.h5
666255,108367,YbZn2GaO5,"YZGO, MAG9, Ei=3.32meV, T=0.07K, B=14.0T w=-41.5deg",2025-10-25 08:14:27,2025-10-25 08:15:39,00:01:11,0.1,3.32,14.0,3.32,0.07,14.0,-41.5,/SNS/CNCS/IPTS-37274/nexus/CNCS_666255.nxs.h5
666254,108367,YbZn2GaO5,"YZGO, MAG9, Ei=3.32meV, T=0.07K, B=14.0T w=-42.0deg",2025-10-25 08:13:12,2025-10-25 08:14:24,00:01:11,0.1,3.32,14.0,3.32,0.07,14.0,-42.0,/SNS/CNCS/IPTS-37274/nexus/CNCS_666254.nxs.h5
666253,108367,YbZn2GaO5,"YZGO, MAG9, Ei=3.32meV, T=0.07K, B=14.0T w=-42.5deg",2025-10-25 08:11:55,2025-10-25 08:13:08,00:01:12,0.1,3.32,14.0,3.32,0.07,14.0,-42.5,/SNS/CNCS/IPTS-37274/nexus/CNCS_666253.nxs.h5
666252,108367,YbZn2GaO5,"YZGO, MAG9, Ei=3.32meV, T=0.07K, B=14.0T w=-43.0deg",2025-10-25 08:10:40,2025-10-25 08:11:52,00:01:11,0.1,3.32,14.0,3.32,0.07,14.0,-43.0,/SNS/CNCS/IPTS-37274/nexus/CNCS_666252.nxs.h5
666251,108367,YbZn2GaO5,"YZGO, MAG9, Ei=3.32meV, T=0.07K, B=14.0T w=-43.5deg",2025-10-25 08:09:24,2025-10-25 08:10:36,00:01:11,0.1,3.32,14.0,3.32,0.07,14.0,-43.5,/SNS/CNCS/IPTS-37274/nexus/CNCS_666251.nxs.h5
666250,108367,YbZn2GaO5,"YZGO, MAG9, Ei=3.32meV, T=0.07K, B=14.0T w=-44.0deg",2025-10-25 08:08:09,2025-10-25 08:09:21,00:01:11,0.1,3.32,14.0,3.32,0.07,14.0,-44.0,/SNS/CNCS/IPTS-37274/nexus/CNCS_666250.nxs.h5
666249,108367,YbZn2GaO5,"YZGO, MAG9, Ei=3.32meV, T=0.07K, B=14.0T w=-44.5deg",2025-10-25 08:06:53,2025-10-25 08:08:05,00:01:11,0.1,3.32,14.0,3.32,0.07,14.0,-44.5,/SNS/CNCS/IPTS-37274/nexus/CNCS_666249.nxs.h5
666248,108367,YbZn2GaO5,"YZGO, MAG9, Ei=3.32meV, T=0.07K, B=14.0T w=-45.0deg",2025-10-25 08:05:38,2025-10-25 08:06:50,00:01:11,0.1,3.32,14.0,3.32,0.07,14.0,-45.0,/SNS/CNCS/IPTS-37274/nexus/CNCS_666248.nxs.h5
666247,108367,YbZn2GaO5,"YZGO, MAG9, Ei=3.32meV, T=0.07K, B=14.0T w=-45.5deg",2025-10-25 08:04:23,2025-10-25 08:05:34,00:01:11,0.1,3.32,14.0,3.32,0.07,14.0,-45.5,/SNS/CNCS/IPTS-37274/nexus/CNCS_666247.nxs.h5
666246,108367,YbZn2GaO5,"YZGO, MAG9, Ei=3.32meV, T=0.07K, B=14.0T w=-46.0deg",2025-10-25 08:03:07,2025-10-25 08:04:19,00:01:11,0.1,3.32,14.0,3.32,0.07,14.0,-46.0,/SNS/CNCS/IPTS-37274/nexus/CNCS_666246.nxs.h5
666245,108367,YbZn2GaO5,"YZGO, MAG9, Ei=3.32meV, T=0.07K, B=14.0T w=-46.5deg",2025-10-25 08:01:52,2025-10-25 08:03:04,00:01:11,0.1,3.32,14.0,3.32,0.07,14.0,-46.5,/SNS/CNCS/IPTS-37274/nexus/CNCS_666245.nxs.h5
666244,108367,YbZn2GaO5,"YZGO, MAG9, Ei=3.32meV, T=0.07K, B=14.0T w=-47.0deg",2025-10-25 08:00:37,2025-10-25 08:01:48,00:01:11,0.1,3.32,14.0,3.32,0.07,14.0,-47.0,/SNS/CNCS/IPTS-37274/nexus/CNCS_666244.nxs.h5
666243,108367,YbZn2GaO5,"YZGO, MAG9, Ei=3.32meV, T=0.07K, B=14.0T w=-47.5deg",2025-10-25 07:59:21,2025-10-25 08:00:33,00:01:11,0.1,3.32,14.0,3.32,0.07,14.0,-47.5,/SNS/CNCS/IPTS-37274/nexus/CNCS_666243.nxs.h5
666242,108367,YbZn2GaO5,"YZGO, MAG9, Ei=3.32meV, T=0.07K, B=14.0T w=-48.0deg",2025-10-25 07:58:06,2025-10-25 07:59:18,00:01:11,0.1,3.32,14.0,3.32,0.07,14.0,-48.0,/SNS/CNCS/IPTS-37274/nexus/CNCS_666242.nxs.h5
666241,108367,YbZn2GaO5,"YZGO, MAG9, Ei=3.32meV, T=0.07K, B=14.0T w=-48.5deg",2025-10-25 07:56:50,2025-10-25 07:58:02,00:01:11,0.1,3.32,14.0,3.32,0.07,14.0,-48.5,/SNS/CNCS/IPTS-37274/nexus/CNCS_666241.nxs.h5
666240,108367,YbZn2GaO5,"YZGO, MAG9, Ei=3.32meV, T=0.07K, B=14.0T w=-49.0deg",2025-10-25 07:55:35,2025-10-25 07:56:47,00:01:11,0.1,3.32,14.0,3.32,0.07,14.0,-49.0,/SNS/CNCS/IPTS-37274/nexus/CNCS_666240.nxs.h5
666239,108367,YbZn2GaO5,"YZGO, MAG9, Ei=3.32meV, T=0.07K, B=14.0T w=-49.5deg",2025-10-25 07:54:19,2025-10-25 07:55:31,00:01:11,0.1,3.32,14.0,3.32,0.07,14.0,-49.5,/SNS/CNCS/IPTS-37274/nexus/CNCS_666239.nxs.h5
666238,108367,YbZn2GaO5,"YZGO, MAG9, Ei=3.32meV, T=0.07K, B=14.0T w=-50.0deg",2025-10-25 07:53:04,2025-10-25 07:54:16,00:01:11,0.1,3.32,14.0,3.32,0.07,14.0,-50.0,/SNS/CNCS/IPTS-37274/nexus/CNCS_666238.nxs.h5
666237,108367,YbZn2GaO5,"YZGO, MAG9, Ei=3.32meV, T=0.07K, B=14.0T w=-50.5deg",2025-10-25 07:51:49,2025-10-25 07:53:00,00:01:11,0.1,3.32,14.0,3.32,0.07,14.0,-50.5,/SNS/CNCS/IPTS-37274/nexus/CNCS_666237.nxs.h5
666236,108367,YbZn2GaO5,"YZGO, MAG9, Ei=3.32meV, T=0.07K, B=14.0T w=-51.0deg",2025-10-25 07:50:33,2025-10-25 07:51:45,00:01:11,0.1,3.32,14.0,3.32,0.07,14.0,-51.0,/SNS/CNCS/IPTS-37274/nexus/CNCS_666236.nxs.h5
666235,108367,YbZn2GaO5,"YZGO, MAG9, Ei=3.32meV, T=0.07K, B=14.0T w=-51.5deg",2025-10-25 07:49:18,2025-10-25 07:50:30,00:01:11,0.1,3.32,14.0,3.32,0.07,14.0,-51.5,/SNS/CNCS/IPTS-37274/nexus/CNCS_666235.nxs.h5
666234,108367,YbZn2GaO5,"YZGO, MAG9, Ei=3.32meV, T=0.07K, B=14.0T w=-52.0deg",2025-10-25 07:48:02,2025-10-25 07:49:14,00:01:11,0.1,3.32,14.0,3.32,0.07,14.0,-52.0,/SNS/CNCS/IPTS-37274/nexus/CNCS_666234.nxs.h5
666233,108367,YbZn2GaO5,"YZGO, MAG9, Ei=3.32meV, T=0.07K, B=14.0T w=-52.5deg",2025-10-25 07:46:47,2025-10-25 07:47:59,00:01:11,0.1,3.32,14.0,3.32,0.07,14.0,-52.5,/SNS/CNCS/IPTS-37274/nexus/CNCS_666233.nxs.h5
666232,108367,YbZn2GaO5,"YZGO, MAG9, Ei=3.32meV, T=0.07K, B=14.0T w=-53.0deg",2025-10-25 07:45:32,2025-10-25 07:46:43,00:01:11,0.1,3.32,14.0,3.32,0.07,14.0,-53.0,/SNS/CNCS/IPTS-37274/nexus/CNCS_666232.nxs.h5
666231,108367,YbZn2GaO5,"YZGO, MAG9, Ei=3.32meV, T=0.07K, B=14.0T w=-53.5deg",2025-10-25 07:44:16,2025-10-25 07:45:28,00:01:11,0.1,3.32,14.0,3.32,0.07,14.0,-53.5,/SNS/CNCS/IPTS-37274/nexus/CNCS_666231.nxs.h5
666230,108367,YbZn2GaO5,"YZGO, MAG9, Ei=3.32meV, T=0.07K, B=14.0T w=-54.0deg",2025-10-25 07:43:01,2025-10-25 07:44:13,00:01:11,0.1,3.32,14.0,3.32,0.07,14.0,-54.0,/SNS/CNCS/IPTS-37274/nexus/CNCS_666230.nxs.h5
666229,108367,YbZn2GaO5,"YZGO, MAG9, Ei=3.32meV, T=0.07K, B=14.0T w=-54.5deg",2025-10-25 07:41:45,2025-10-25 07:42:57,00:01:11,0.1,3.32,14.0,3.32,0.07,14.0,-54.5,/SNS/CNCS/IPTS-37274/nexus/CNCS_666229.nxs.h5
666228,108367,YbZn2GaO5,"YZGO, MAG9, Ei=3.32meV, T=0.07K, B=14.0T w=-55.0deg",2025-10-25 07:40:30,2025-10-25 07:41:42,00:01:11,0.1,3.32,14.0,3.32,0.07,14.0,-55.0,/SNS/CNCS/IPTS-37274/nexus/CNCS_666228.nxs.h5
666227,108367,YbZn2GaO5,"YZGO, MAG9, Ei=3.32meV, T=0.07K, B=14.0T w=-55.5deg",2025-10-25 07:39:15,2025-10-25 07:40:26,00:01:11,0.1,3.32,14.0,3.32,0.07,14.0,-55.5,/SNS/CNCS/IPTS-37274/nexus/CNCS_666227.nxs.h5
666226,108367,YbZn2GaO5,"YZGO, MAG9, Ei=3.32meV, T=0.07K, B=14.0T w=-56.0deg",2025-10-25 07:37:59,2025-10-25 07:39:11,00:01:11,0.1,3.32,14.0,3.32,0.07,14.0,-56.0,/SNS/CNCS/IPTS-37274/nexus/CNCS_666226.nxs.h5
666225,108367,YbZn2GaO5,"YZGO, MAG9, Ei=3.32meV, T=0.07K, B=14.0T w=-56.5deg",2025-10-25 07:36:44,2025-10-25 07:37:56,00:01:11,0.1,3.32,14.0,3.32,0.07,14.0,-56.5,/SNS/CNCS/IPTS-37274/nexus/CNCS_666225.nxs.h5
666224,108367,YbZn2GaO5,"YZGO, MAG9, Ei=3.32meV, T=0.07K, B=14.0T w=-57.0deg",2025-10-25 07:35:28,2025-10-25 07:36:40,00:01:11,0.1,3.32,14.0,3.32,0.07,14.0,-57.0,/SNS/CNCS/IPTS-37274/nexus/CNCS_666224.nxs.h5
666223,108367,YbZn2GaO5,"YZGO, MAG9, Ei=3.32meV, T=0.07K, B=14.0T w=-57.5deg",2025-10-25 07:34:13,2025-10-25 07:35:25,00:01:11,0.1,3.32,14.0,3.32,0.07,14.0,-57.5,/SNS/CNCS/IPTS-37274/nexus/CNCS_666223.nxs.h5
666222,108367,YbZn2GaO5,"YZGO, MAG9, Ei=3.32meV, T=0.07K, B=14.0T w=-58.0deg",2025-10-25 07:32:58,2025-10-25 07:34:09,00:01:11,0.1,3.32,14.0,3.32,0.07,14.0,-58.0,/SNS/CNCS/IPTS-37274/nexus/CNCS_666222.nxs.h5
666221,108367,YbZn2GaO5,"YZGO, MAG9, Ei=3.32meV, T=0.07K, B=14.0T w=-58.5deg",2025-10-25 07:31:42,2025-10-25 07:32:54,00:01:11,0.1,3.32,14.0,3.32,0.07,14.0,-58.5,/SNS/CNCS/IPTS-37274/nexus/CNCS_666221.nxs.h5
666220,108367,YbZn2GaO5,"YZGO, MAG9, Ei=3.32meV, T=0.07K, B=14.0T w=-59.0deg",2025-10-25 07:30:27,2025-10-25 07:31:39,00:01:11,0.1,3.32,14.0,3.32,0.07,14.0,-59.0,/SNS/CNCS/IPTS-37274/nexus/CNCS_666220.nxs.h5
666219,108367,YbZn2GaO5,"YZGO, MAG9, Ei=3.32meV, T=0.07K, B=14.0T w=-59.5deg",2025-10-25 07:29:11,2025-10-25 07:30:23,00:01:11,0.1,3.32,14.0,3.32,0.07,14.0,-59.5,/SNS/CNCS/IPTS-37274/nexus/CNCS_666219.nxs.h5
666218,108367,YbZn2GaO5,"YZGO, MAG9, Ei=3.32meV, T=0.07K, B=14.0T w=-60.0deg",2025-10-25 07:27:56,2025-10-25 07:29:08,00:01:11,0.1,3.32,14.0,3.32,0.07,14.0,-60.0,/SNS/CNCS/IPTS-37274/nexus/CNCS_666218.nxs.h5
666217,108367,YbZn2GaO5,"YZGO, MAG9, Ei=3.32meV, T=0.07K, B=14.0T w=-60.5deg",2025-10-25 07:26:41,2025-10-25 07:27:52,00:01:11,0.1,3.32,14.0,3.32,0.07,14.0,-60.5,/SNS/CNCS/IPTS-37274/nexus/CNCS_666217.nxs.h5
666216,108367,YbZn2GaO5,"YZGO, MAG9, Ei=3.32meV, T=0.07K, B=14.0T w=-61.0deg",2025-10-25 07:25:25,2025-10-25 07:26:37,00:01:11,0.1,3.32,14.0,3.32,0.07,14.0,-61.0,/SNS/CNCS/IPTS-37274/nexus/CNCS_666216.nxs.h5
666215,108367,YbZn2GaO5,"YZGO, MAG9, Ei=3.32meV, T=0.07K, B=14.0T w=-61.5deg",2025-10-25 07:24:10,2025-10-25 07:25:22,00:01:11,0.1,3.32,14.0,3.32,0.07,14.0,-61.5,/SNS/CNCS/IPTS-37274/nexus/CNCS_666215.nxs.h5
666214,108367,YbZn2GaO5,"YZGO, MAG9, Ei=3.32meV, T=0.07K, B=14.0T w=-62.0deg",2025-10-25 07:22:54,2025-10-25 07:24:06,00:01:11,0.1,3.32,14.0,3.32,0.07,14.0,-62.0,/SNS/CNCS/IPTS-37274/nexus/CNCS_666214.nxs.h5
666213,108367,YbZn2GaO5,"YZGO, MAG9, Ei=3.32meV, T=0.07K, B=14.0T w=-62.5deg",2025-10-25 07:21:39,2025-10-25 07:22:51,00:01:11,0.1,3.32,14.0,3.32,0.07,14.0,-62.5,/SNS/CNCS/IPTS-37274/nexus/CNCS_666213.nxs.h5
666212,108367,YbZn2GaO5,"YZGO, MAG9, Ei=3.32meV, T=0.07K, B=14.0T w=-63.0deg",2025-10-25 07:20:24,2025-10-25 07:21:36,00:01:11,0.1,3.32,14.0,3.32,0.07,14.0,-63.0,/SNS/CNCS/IPTS-37274/nexus/CNCS_666212.nxs.h5
666211,108367,YbZn2GaO5,"YZGO, MAG9, Ei=3.32meV, T=0.07K, B=14.0T w=-63.5deg",2025-10-25 07:19:08,2025-10-25 07:20:20,00:01:11,0.1,3.32,14.0,3.32,0.07,14.0,-63.5,/SNS/CNCS/IPTS-37274/nexus/CNCS_666211.nxs.h5
666210,108367,YbZn2GaO5,"YZGO, MAG9, Ei=3.32meV, T=0.07K, B=14.0T w=-64.0deg",2025-10-25 07:17:53,2025-10-25 07:19:05,00:01:11,0.1,3.32,14.0,3.32,0.07,14.0,-64.0,/SNS/CNCS/IPTS-37274/nexus/CNCS_666210.nxs.h5
666209,108367,YbZn2GaO5,"YZGO, MAG9, Ei=3.32meV, T=0.07K, B=14.0T w=-64.5deg",2025-10-25 07:15:59,2025-10-25 07:17:49,00:01:49,0.1,3.32,14.0,3.32,0.07,14.0,-64.5,/SNS/CNCS/IPTS-37274/nexus/CNCS_666209.nxs.h5
666208,108367,YbZn2GaO5,"YZGO, MAG9, Ei=3.32meV, T=0.07K, B=14.0T w=-65.0deg",2025-10-25 07:14:44,2025-10-25 07:15:56,00:01:11,0.1,3.32,14.0,3.32,0.07,14.0,-65.0,/SNS/CNCS/IPTS-37274/nexus/CNCS_666208.nxs.h5
666207,108367,YbZn2GaO5,"YZGO, MAG9, Ei=3.32meV, T=0.07K, B=14.0T w=-65.5deg",2025-10-25 07:13:29,2025-10-25 07:14:41,00:01:11,0.1,3.32,14.0,3.32,0.07,14.0,-65.5,/SNS/CNCS/IPTS-37274/nexus/CNCS_666207.nxs.h5
666206,108367,YbZn2GaO5,"YZGO, MAG9, Ei=3.32meV, T=0.07K, B=14.0T w=-66.0deg",2025-10-25 07:12:13,2025-10-25 07:13:25,00:01:11,0.1,3.32,14.0,3.32,0.07,14.0,-66.0,/SNS/CNCS/IPTS-37274/nexus/CNCS_666206.nxs.h5
666205,108367,YbZn2GaO5,"YZGO, MAG9, Ei=3.32meV, T=0.07K, B=14.0T w=-66.5deg",2025-10-25 07:10:58,2025-10-25 07:12:10,00:01:11,0.1,3.32,14.0,3.32,0.07,14.0,-66.5,/SNS/CNCS/IPTS-37274/nexus/CNCS_666205.nxs.h5
666204,108367,YbZn2GaO5,"YZGO, MAG9, Ei=3.32meV, T=0.07K, B=14.0T w=-67.0deg",2025-10-25 07:09:42,2025-10-25 07:10:54,00:01:11,0.1,3.32,14.0,3.32,0.07,14.0,-67.0,/SNS/CNCS/IPTS-37274/nexus/CNCS_666204.nxs.h5
666203,108367,YbZn2GaO5,"YZGO, MAG9, Ei=3.32meV, T=0.07K, B=14.0T w=-67.5deg",2025-10-25 07:08:27,2025-10-25 07:09:39,00:01:12,0.1,3.32,14.0,3.32,0.07,14.0,-67.5,/SNS/CNCS/IPTS-37274/nexus/CNCS_666203.nxs.h5
666202,108367,YbZn2GaO5,"YZGO, MAG9, Ei=3.32meV, T=0.07K, B=14.0T w=-68.0deg",2025-10-25 07:07:11,2025-10-25 07:08:23,00:01:11,0.1,3.32,14.0,3.32,0.07,14.0,-68.0,/SNS/CNCS/IPTS-37274/nexus/CNCS_666202.nxs.h5
666201,108367,YbZn2GaO5,"YZGO, MAG9, Ei=3.32meV, T=0.07K, B=14.0T w=-68.5deg",2025-10-25 07:05:56,2025-10-25 07:07:08,00:01:11,0.1,3.32,14.0,3.32,0.07,14.0,-68.5,/SNS/CNCS/IPTS-37274/nexus/CNCS_666201.nxs.h5
666200,108367,YbZn2GaO5,"YZGO, MAG9, Ei=3.32meV, T=0.07K, B=14.0T w=-69.0deg",2025-10-25 07:04:41,2025-10-25 07:05:52,00:01:11,0.1,3.32,14.0,3.32,0.07,14.0,-69.0,/SNS/CNCS/IPTS-37274/nexus/CNCS_666200.nxs.h5
666199,108367,YbZn2GaO5,"YZGO, MAG9, Ei=3.32meV, T=0.07K, B=14.0T w=-69.5deg",2025-10-25 07:03:25,2025-10-25 07:04:37,00:01:11,0.1,3.32,14.0,3.32,0.07,14.0,-69.5,/SNS/CNCS/IPTS-37274/nexus/CNCS_666199.nxs.h5
666198,108367,YbZn2GaO5,"YZGO, MAG9, Ei=3.32meV, T=0.07K, B=14.0T w=-70.0deg",2025-10-25 07:02:10,2025-10-25 07:03:22,00:01:11,0.1,3.32,14.0,3.32,0.07,14.0,-70.0,/SNS/CNCS/IPTS-37274/nexus/CNCS_666198.nxs.h5
666197,108367,YbZn2GaO5,"YZGO, MAG9, Ei=3.32meV, T=0.07K, B=14.0T w=-70.5deg",2025-10-25 07:00:54,2025-10-25 07:02:06,00:01:11,0.1,3.32,14.0,3.32,0.07,14.0,-70.5,/SNS/CNCS/IPTS-37274/nexus/CNCS_666197.nxs.h5
666196,108367,YbZn2GaO5,"YZGO, MAG9, Ei=3.32meV, T=0.07K, B=14.0T w=-71.0deg",2025-10-25 06:59:39,2025-10-25 07:00:51,00:01:11,0.1,3.32,14.0,3.32,0.07,14.0,-71.0,/SNS/CNCS/IPTS-37274/nexus/CNCS_666196.nxs.h5
666195,108367,YbZn2GaO5,"YZGO, MAG9, Ei=3.32meV, T=0.07K, B=14.0T w=-71.5deg",2025-10-25 06:58:23,2025-10-25 06:59:35,00:01:11,0.1,3.32,14.0,3.32,0.07,14.0,-71.5,/SNS/CNCS/IPTS-37274/nexus/CNCS_666195.nxs.h5
666194,108367,YbZn2GaO5,"YZGO, MAG9, Ei=3.32meV, T=0.07K, B=14.0T w=-72.0deg",2025-10-25 06:57:08,2025-10-25 06:58:20,00:01:11,0.1,3.32,14.0,3.32,0.07,14.0,-72.0,/SNS/CNCS/IPTS-37274/nexus/CNCS_666194.nxs.h5
666193,108367,YbZn2GaO5,"YZGO, MAG9, Ei=3.32meV, T=0.07K, B=14.0T w=-72.5deg",2025-10-25 06:55:52,2025-10-25 06:57:04,00:01:12,0.1,3.32,14.0,3.32,0.07,14.0,-72.5,/SNS/CNCS/IPTS-37274/nexus/CNCS_666193.nxs.h5
666192,108367,YbZn2GaO5,"YZGO, MAG9, Ei=3.32meV, T=0.07K, B=14.0T w=-73.0deg",2025-10-25 06:54:37,2025-10-25 06:55:49,00:01:11,0.1,3.32,14.0,3.32,0.07,14.0,-73.0,/SNS/CNCS/IPTS-37274/nexus/CNCS_666192.nxs.h5
666191,108367,YbZn2GaO5,"YZGO, MAG9, Ei=3.32meV, T=0.07K, B=14.0T w=-73.5deg",2025-10-25 06:53:21,2025-10-25 06:54:33,00:01:12,0.1,3.32,14.0,3.32,0.07,14.0,-73.5,/SNS/CNCS/IPTS-37274/nexus/CNCS_666191.nxs.h5
666190,108367,YbZn2GaO5,"YZGO, MAG9, Ei=3.32meV, T=0.07K, B=14.0T w=-74.0deg",2025-10-25 06:52:06,2025-10-25 06:53:17,00:01:11,0.1,3.32,14.0,3.32,0.07,14.0,-74.0,/SNS/CNCS/IPTS-37274/nexus/CNCS_666190.nxs.h5
666189,108367,YbZn2GaO5,"YZGO, MAG9, Ei=3.32meV, T=0.07K, B=14.0T w=-74.5deg",2025-10-25 06:50:50,2025-10-25 06:52:02,00:01:11,0.1,3.32,14.0,3.32,0.07,14.0,-74.5,/SNS/CNCS/IPTS-37274/nexus/CNCS_666189.nxs.h5
666188,108367,YbZn2GaO5,"YZGO, MAG9, Ei=3.32meV, T=0.07K, B=14.0T w=-75.0deg",2025-10-25 06:49:35,2025-10-25 06:50:46,00:01:11,0.1,3.32,14.0,3.32,0.07,14.0,-75.0,/SNS/CNCS/IPTS-37274/nexus/CNCS_666188.nxs.h5
666187,108367,YbZn2GaO5,"YZGO, MAG9, Ei=3.32meV, T=0.07K, B=14.0T w=-75.5deg",2025-10-25 06:48:19,2025-10-25 06:49:31,00:01:12,0.1,3.32,14.0,3.32,0.07,14.0,-75.5,/SNS/CNCS/IPTS-37274/nexus/CNCS_666187.nxs.h5
666186,108367,YbZn2GaO5,"YZGO, MAG9, Ei=3.32meV, T=0.07K, B=14.0T w=-76.0deg",2025-10-25 06:47:03,2025-10-25 06:48:15,00:01:11,0.1,3.32,14.0,3.32,0.07,14.0,-76.0,/SNS/CNCS/IPTS-37274/nexus/CNCS_666186.nxs.h5
666185,108367,YbZn2GaO5,"YZGO, MAG9, Ei=3.32meV, T=0.07K, B=14.0T w=-76.5deg",2025-10-25 06:45:48,2025-10-25 06:47:00,00:01:11,0.1,3.32,14.0,3.32,0.07,14.0,-76.5,/SNS/CNCS/IPTS-37274/nexus/CNCS_666185.nxs.h5
666184,108367,YbZn2GaO5,"YZGO, MAG9, Ei=3.32meV, T=0.07K, B=14.0T w=-77.0deg",2025-10-25 06:44:33,2025-10-25 06:45:44,00:01:11,0.1,3.32,14.0,3.32,0.07,14.0,-77.0,/SNS/CNCS/IPTS-37274/nexus/CNCS_666184.nxs.h5
666183,108367,YbZn2GaO5,"YZGO, MAG9, Ei=3.32meV, T=0.07K, B=14.0T w=-77.5deg",2025-10-25 06:43:17,2025-10-25 06:44:29,00:01:11,0.1,3.32,14.0,3.32,0.07,14.0,-77.5,/SNS/CNCS/IPTS-37274/nexus/CNCS_666183.nxs.h5
666182,108367,YbZn2GaO5,"YZGO, MAG9, Ei=3.32meV, T=0.07K, B=14.0T w=-78.0deg",2025-10-25 06:42:02,2025-10-25 06:43:13,00:01:11,0.1,3.32,14.0,3.32,0.07,14.0,-78.0,/SNS/CNCS/IPTS-37274/nexus/CNCS_666182.nxs.h5
666181,108367,YbZn2GaO5,"YZGO, MAG9, Ei=3.32meV, T=0.07K, B=14.0T w=-78.5deg",2025-10-25 06:40:46,2025-10-25 06:41:58,00:01:11,0.1,3.32,14.0,3.32,0.07,14.0,-78.5,/SNS/CNCS/IPTS-37274/nexus/CNCS_666181.nxs.h5
666180,108367,YbZn2GaO5,"YZGO, MAG9, Ei=3.32meV, T=0.07K, B=14.0T w=-79.0deg",2025-10-25 06:39:31,2025-10-25 06:40:43,00:01:11,0.1,3.32,14.0,3.32,0.07,14.0,-79.0,/SNS/CNCS/IPTS-37274/nexus/CNCS_666180.nxs.h5
666179,108367,YbZn2GaO5,"YZGO, MAG9, Ei=3.32meV, T=0.07K, B=14.0T w=-79.5deg",2025-10-25 06:38:15,2025-10-25 06:39:27,00:01:11,0.1,3.32,14.0,3.32,0.07,14.0,-79.5,/SNS/CNCS/IPTS-37274/nexus/CNCS_666179.nxs.h5
666178,108367,YbZn2GaO5,"YZGO, MAG9, Ei=3.32meV, T=0.07K, B=14.0T w=-80.0deg",2025-10-25 06:37:00,2025-10-25 06:38:12,00:01:11,0.1,3.32,14.0,3.32,0.07,14.0,-80.0,/SNS/CNCS/IPTS-37274/nexus/CNCS_666178.nxs.h5
666177,108367,YbZn2GaO5,"YZGO, MAG9, Ei=3.32meV, T=0.07K, B=14.0T w=-80.5deg",2025-10-25 06:35:45,2025-10-25 06:36:56,00:01:11,0.1,3.32,14.0,3.32,0.07,14.0,-80.5,/SNS/CNCS/IPTS-37274/nexus/CNCS_666177.nxs.h5
666176,108367,YbZn2GaO5,"YZGO, MAG9, Ei=3.32meV, T=0.07K, B=14.0T w=-81.0deg",2025-10-25 06:34:29,2025-10-25 06:35:41,00:01:12,0.1,3.32,14.0,3.32,0.07,14.0,-81.0,/SNS/CNCS/IPTS-37274/nexus/CNCS_666176.nxs.h5
666175,108367,YbZn2GaO5,"YZGO, MAG9, Ei=3.32meV, T=0.07K, B=14.0T w=-81.5deg",2025-10-25 06:33:13,2025-10-25 06:34:25,00:01:11,0.1,3.32,14.0,3.32,0.07,14.0,-81.5,/SNS/CNCS/IPTS-37274/nexus/CNCS_666175.nxs.h5
666174,108367,YbZn2GaO5,"YZGO, MAG9, Ei=3.32meV, T=0.07K, B=14.0T w=-82.0deg",2025-10-25 06:31:58,2025-10-25 06:33:10,00:01:11,0.1,3.32,14.0,3.32,0.07,14.0,-82.0,/SNS/CNCS/IPTS-37274/nexus/CNCS_666174.nxs.h5
666173,108367,YbZn2GaO5,"YZGO, MAG9, Ei=3.32meV, T=0.07K, B=14.0T w=-82.5deg",2025-10-25 06:30:42,2025-10-25 06:31:54,00:01:11,0.1,3.32,14.0,3.32,0.07,14.0,-82.5,/SNS/CNCS/IPTS-37274/nexus/CNCS_666173.nxs.h5
666172,108367,YbZn2GaO5,"YZGO, MAG9, Ei=3.32meV, T=0.07K, B=14.0T w=-83.0deg",2025-10-25 06:29:27,2025-10-25 06:30:39,00:01:12,0.1,3.32,14.0,3.32,0.07,14.0,-83.0,/SNS/CNCS/IPTS-37274/nexus/CNCS_666172.nxs.h5
666171,108367,YbZn2GaO5,"YZGO, MAG9, Ei=3.32meV, T=0.07K, B=14.0T w=-83.5deg",2025-10-25 06:28:11,2025-10-25 06:29:23,00:01:11,0.1,3.32,14.0,3.32,0.07,14.0,-83.5,/SNS/CNCS/IPTS-37274/nexus/CNCS_666171.nxs.h5
666170,108367,YbZn2GaO5,"YZGO, MAG9, Ei=3.32meV, T=0.07K, B=14.0T w=-84.0deg",2025-10-25 06:26:56,2025-10-25 06:28:08,00:01:11,0.1,3.32,14.0,3.32,0.07,14.0,-84.0,/SNS/CNCS/IPTS-37274/nexus/CNCS_666170.nxs.h5
666169,108367,YbZn2GaO5,"YZGO, MAG9, Ei=3.32meV, T=0.07K, B=14.0T w=-84.5deg",2025-10-25 06:25:40,2025-10-25 06:26:52,00:01:11,0.1,3.32,14.0,3.32,0.07,14.0,-84.5,/SNS/CNCS/IPTS-37274/nexus/CNCS_666169.nxs.h5
666168,108367,YbZn2GaO5,"YZGO, MAG9, Ei=3.32meV, T=0.07K, B=14.0T w=-85.0deg",2025-10-25 06:24:25,2025-10-25 06:25:37,00:01:11,0.1,3.32,14.0,3.32,0.07,14.0,-85.0,/SNS/CNCS/IPTS-37274/nexus/CNCS_666168.nxs.h5
666167,108367,YbZn2GaO5,"YZGO, MAG9, Ei=3.32meV, T=0.07K, B=14.0T w=-85.5deg",2025-10-25 06:23:09,2025-10-25 06:24:21,00:01:11,0.1,3.32,14.0,3.32,0.07,14.0,-85.5,/SNS/CNCS/IPTS-37274/nexus/CNCS_666167.nxs.h5
666166,108367,YbZn2GaO5,"YZGO, MAG9, Ei=3.32meV, T=0.07K, B=14.0T w=-86.0deg",2025-10-25 06:21:14,2025-10-25 06:23:06,00:01:51,0.1,3.32,14.0,3.32,0.07,14.0,-86.0,/SNS/CNCS/IPTS-37274/nexus/CNCS_666166.nxs.h5
666165,108367,YbZn2GaO5,"YZGO, MAG9, Ei=3.32meV, T=0.07K, B=14.0T w=-86.5deg",2025-10-25 06:19:59,2025-10-25 06:21:11,00:01:11,0.1,3.32,14.0,3.32,0.07,14.0,-86.5,/SNS/CNCS/IPTS-37274/nexus/CNCS_666165.nxs.h5
666164,108367,YbZn2GaO5,"YZGO, MAG9, Ei=3.32meV, T=0.07K, B=14.0T w=-87.0deg",2025-10-25 06:18:43,2025-10-25 06:19:55,00:01:11,0.1,3.32,14.0,3.32,0.07,14.0,-87.0,/SNS/CNCS/IPTS-37274/nexus/CNCS_666164.nxs.h5
666163,108367,YbZn2GaO5,"YZGO, MAG9, Ei=3.32meV, T=0.07K, B=14.0T w=-87.5deg",2025-10-25 06:17:28,2025-10-25 06:18:40,00:01:11,0.1,3.32,14.0,3.32,0.07,14.0,-87.5,/SNS/CNCS/IPTS-37274/nexus/CNCS_666163.nxs.h5
666162,108367,YbZn2GaO5,"YZGO, MAG9, Ei=3.32meV, T=0.07K, B=14.0T w=-88.0deg",2025-10-25 06:16:13,2025-10-25 06:17:24,00:01:11,0.1,3.32,14.0,3.32,0.07,14.0,-88.0,/SNS/CNCS/IPTS-37274/nexus/CNCS_666162.nxs.h5
666161,108367,YbZn2GaO5,"YZGO, MAG9, Ei=3.32meV, T=0.07K, B=14.0T w=-88.5deg",2025-10-25 06:14:57,2025-10-25 06:16:09,00:01:11,0.1,3.32,14.0,3.32,0.07,14.0,-88.5,/SNS/CNCS/IPTS-37274/nexus/CNCS_666161.nxs.h5
666160,108367,YbZn2GaO5,"YZGO, MAG9, Ei=3.32meV, T=0.07K, B=14.0T w=-89.0deg",2025-10-25 06:13:42,2025-10-25 06:14:54,00:01:11,0.1,3.32,14.0,3.32,0.07,14.0,-89.0,/SNS/CNCS/IPTS-37274/nexus/CNCS_666160.nxs.h5
666159,108367,YbZn2GaO5,"YZGO, MAG9, Ei=3.32meV, T=0.07K, B=14.0T w=-89.5deg",2025-10-25 06:12:26,2025-10-25 06:13:38,00:01:11,0.1,3.32,14.0,3.32,0.07,14.0,-89.5,/SNS/CNCS/IPTS-37274/nexus/CNCS_666159.nxs.h5
666158,108367,YbZn2GaO5,"YZGO, MAG9, Ei=3.32meV, T=0.07K, B=14.0T w=-90.0deg",2025-10-25 06:11:11,2025-10-25 06:12:23,00:01:11,0.1,3.32,14.0,3.32,0.07,14.0,-90.0,/SNS/CNCS/IPTS-37274/nexus/CNCS_666158.nxs.h5
666157,108367,YbZn2GaO5,"YZGO, MAG9, Ei=3.32meV, T=0.07K, B=14.0T w=-90.5deg",2025-10-25 06:09:55,2025-10-25 06:11:07,00:01:11,0.1,3.32,14.0,3.32,0.07,14.0,-90.5,/SNS/CNCS/IPTS-37274/nexus/CNCS_666157.nxs.h5
666156,108367,YbZn2GaO5,"YZGO, MAG9, Ei=3.32meV, T=0.07K, B=14.0T w=-91.0deg",2025-10-25 06:08:40,2025-10-25 06:09:52,00:01:11,0.1,3.32,14.0,3.32,0.07,14.0,-91.0,/SNS/CNCS/IPTS-37274/nexus/CNCS_666156.nxs.h5
666155,108367,YbZn2GaO5,"YZGO, MAG9, Ei=3.32meV, T=0.07K, B=14.0T w=-91.5deg",2025-10-25 06:07:25,2025-10-25 06:08:36,00:01:11,0.1,3.32,14.0,3.32,0.07,14.0,-91.5,/SNS/CNCS/IPTS-37274/nexus/CNCS_666155.nxs.h5
666154,108367,YbZn2GaO5,"YZGO, MAG9, Ei=3.32meV, T=0.07K, B=14.0T w=-92.0deg",2025-10-25 06:06:09,2025-10-25 06:07:21,00:01:11,0.1,3.32,14.0,3.32,0.07,14.0,-92.0,/SNS/CNCS/IPTS-37274/nexus/CNCS_666154.nxs.h5
666153,108367,YbZn2GaO5,"YZGO, MAG9, Ei=3.32meV, T=0.07K, B=14.0T w=-92.5deg",2025-10-25 06:04:54,2025-10-25 06:06:06,00:01:11,0.1,3.32,14.0,3.32,0.07,14.0,-92.5,/SNS/CNCS/IPTS-37274/nexus/CNCS_666153.nxs.h5
666152,108367,YbZn2GaO5,"YZGO, MAG9, Ei=3.32meV, T=0.07K, B=14.0T w=-93.0deg",2025-10-25 06:03:38,2025-10-25 06:04:50,00:01:11,0.1,3.32,14.0,3.32,0.07,14.0,-93.0,/SNS/CNCS/IPTS-37274/nexus/CNCS_666152.nxs.h5
666151,108367,YbZn2GaO5,"YZGO, MAG9, Ei=3.32meV, T=0.07K, B=14.0T w=-93.5deg",2025-10-25 06:02:23,2025-10-25 06:03:35,00:01:11,0.1,3.32,14.0,3.32,0.07,14.0,-93.5,/SNS/CNCS/IPTS-37274/nexus/CNCS_666151.nxs.h5
666150,108367,YbZn2GaO5,"YZGO, MAG9, Ei=3.32meV, T=0.07K, B=14.0T w=-94.0deg",2025-10-25 06:01:08,2025-10-25 06:02:19,00:01:11,0.1,3.32,14.0,3.32,0.07,14.0,-94.0,/SNS/CNCS/IPTS-37274/nexus/CNCS_666150.nxs.h5
666149,108367,YbZn2GaO5,"YZGO, MAG9, Ei=3.32meV, T=0.07K, B=14.0T w=-94.5deg",2025-10-25 05:59:52,2025-10-25 06:01:04,00:01:11,0.1,3.32,14.0,3.32,0.07,14.0,-94.5,/SNS/CNCS/IPTS-37274/nexus/CNCS_666149.nxs.h5
666148,108367,YbZn2GaO5,"YZGO, MAG9, Ei=3.32meV, T=0.07K, B=14.0T w=-95.0deg",2025-10-25 05:58:37,2025-10-25 05:59:49,00:01:11,0.1,3.32,14.0,3.32,0.07,14.0,-95.0,/SNS/CNCS/IPTS-37274/nexus/CNCS_666148.nxs.h5
666147,108367,YbZn2GaO5,"YZGO, MAG9, Ei=3.32meV, T=0.07K, B=14.0T w=-95.5deg",2025-10-25 05:57:20,2025-10-25 05:58:33,00:01:13,0.1,3.32,14.0,3.32,0.07,14.0,-95.5,/SNS/CNCS/IPTS-37274/nexus/CNCS_666147.nxs.h5
666146,108367,YbZn2GaO5,"YZGO, MAG9, Ei=3.32meV, T=0.07K, B=14.0T w=-96.0deg",2025-10-25 05:56:04,2025-10-25 05:57:16,00:01:11,0.1,3.32,14.0,3.32,0.07,14.0,-96.0,/SNS/CNCS/IPTS-37274/nexus/CNCS_666146.nxs.h5
666145,108367,YbZn2GaO5,"YZGO, MAG9, Ei=3.32meV, T=0.07K, B=14.0T w=-96.5deg",2025-10-25 05:54:49,2025-10-25 05:56:01,00:01:11,0.1,3.32,14.0,3.32,0.07,14.0,-96.5,/SNS/CNCS/IPTS-37274/nexus/CNCS_666145.nxs.h5
666144,108367,YbZn2GaO5,"YZGO, MAG9, Ei=3.32meV, T=0.07K, B=14.0T w=-97.0deg",2025-10-25 05:53:34,2025-10-25 05:54:45,00:01:11,0.1,3.32,14.0,3.32,0.07,14.0,-97.0,/SNS/CNCS/IPTS-37274/nexus/CNCS_666144.nxs.h5
666143,108367,YbZn2GaO5,"YZGO, MAG9, Ei=3.32meV, T=0.07K, B=14.0T w=-97.5deg",2025-10-25 05:52:18,2025-10-25 05:53:30,00:01:11,0.1,3.32,14.0,3.32,0.07,14.0,-97.5,/SNS/CNCS/IPTS-37274/nexus/CNCS_666143.nxs.h5
666142,108367,YbZn2GaO5,"YZGO, MAG9, Ei=3.32meV, T=0.07K, B=14.0T w=-98.0deg",2025-10-25 05:51:03,2025-10-25 05:52:14,00:01:11,0.1,3.32,14.0,3.32,0.07,14.0,-98.0,/SNS/CNCS/IPTS-37274/nexus/CNCS_666142.nxs.h5
666141,108367,YbZn2GaO5,"YZGO, MAG9, Ei=3.32meV, T=0.07K, B=14.0T w=-98.5deg",2025-10-25 05:49:47,2025-10-25 05:50:59,00:01:12,0.1,3.32,14.0,3.32,0.07,14.0,-98.5,/SNS/CNCS/IPTS-37274/nexus/CNCS_666141.nxs.h5
666140,108367,YbZn2GaO5,"YZGO, MAG9, Ei=3.32meV, T=0.07K, B=14.0T w=-99.0deg",2025-10-25 05:48:31,2025-10-25 05:49:43,00:01:11,0.1,3.32,14.0,3.32,0.07,14.0,-99.0,/SNS/CNCS/IPTS-37274/nexus/CNCS_666140.nxs.h5
666139,108367,YbZn2GaO5,"YZGO, MAG9, Ei=3.32meV, T=0.07K, B=14.0T w=-99.5deg",2025-10-25 05:47:16,2025-10-25 05:48:28,00:01:11,0.1,3.32,14.0,3.32,0.07,14.0,-99.5,/SNS/CNCS/IPTS-37274/nexus/CNCS_666139.nxs.h5
666138,108367,YbZn2GaO5,"YZGO, MAG9, Ei=3.32meV, T=0.07K, B=14.0T w=-100.0deg",2025-10-25 05:46:00,2025-10-25 05:47:12,00:01:12,0.1,3.32,14.0,3.32,0.07,14.0,-100.0,/SNS/CNCS/IPTS-37274/nexus/CNCS_666138.nxs.h5
666137,108367,YbZn2GaO5,"YZGO, MAG9, Ei=3.32meV, T=0.07K, B=14.0T w=-100.5deg",2025-10-25 05:44:45,2025-10-25 05:45:56,00:01:11,0.1,3.32,14.0,3.32,0.07,14.0,-100.5,/SNS/CNCS/IPTS-37274/nexus/CNCS_666137.nxs.h5
666136,108367,YbZn2GaO5,"YZGO, MAG9, Ei=3.32meV, T=0.07K, B=14.0T w=-101.0deg",2025-10-25 05:43:29,2025-10-25 05:44:41,00:01:11,0.1,3.32,14.0,3.32,0.07,14.0,-101.0,/SNS/CNCS/IPTS-37274/nexus/CNCS_666136.nxs.h5
666135,108367,YbZn2GaO5,"YZGO, MAG9, Ei=3.32meV, T=0.07K, B=14.0T w=-101.5deg",2025-10-25 05:42:13,2025-10-25 05:43:26,00:01:12,0.1,3.32,14.0,3.32,0.07,14.0,-101.5,/SNS/CNCS/IPTS-37274/nexus/CNCS_666135.nxs.h5
666134,108367,YbZn2GaO5,"YZGO, MAG9, Ei=3.32meV, T=0.07K, B=14.0T w=-102.0deg",2025-10-25 05:40:58,2025-10-25 05:42:10,00:01:11,0.1,3.32,14.0,3.32,0.07,14.0,-102.0,/SNS/CNCS/IPTS-37274/nexus/CNCS_666134.nxs.h5
666133,108367,YbZn2GaO5,"YZGO, MAG9, Ei=3.32meV, T=0.07K, B=14.0T w=-102.5deg",2025-10-25 05:39:43,2025-10-25 05:40:54,00:01:11,0.1,3.32,14.0,3.32,0.07,14.0,-102.5,/SNS/CNCS/IPTS-37274/nexus/CNCS_666133.nxs.h5
666132,108367,YbZn2GaO5,"YZGO, MAG9, Ei=3.32meV, T=0.07K, B=14.0T w=-103.0deg",2025-10-25 05:38:27,2025-10-25 05:39:39,00:01:11,0.1,3.32,14.0,3.32,0.07,14.0,-103.0,/SNS/CNCS/IPTS-37274/nexus/CNCS_666132.nxs.h5
666131,108367,YbZn2GaO5,"YZGO, MAG9, Ei=3.32meV, T=0.07K, B=14.0T w=-103.5deg",2025-10-25 05:37:12,2025-10-25 05:38:24,00:01:11,0.1,3.32,14.0,3.32,0.07,14.0,-103.5,/SNS/CNCS/IPTS-37274/nexus/CNCS_666131.nxs.h5
666130,108367,YbZn2GaO5,"YZGO, MAG9, Ei=3.32meV, T=0.07K, B=14.0T w=-104.0deg",2025-10-25 05:35:56,2025-10-25 05:37:08,00:01:11,0.1,3.32,14.0,3.32,0.07,14.0,-104.0,/SNS/CNCS/IPTS-37274/nexus/CNCS_666130.nxs.h5
666129,108367,YbZn2GaO5,"YZGO, MAG9, Ei=3.32meV, T=0.07K, B=14.0T w=-104.5deg",2025-10-25 05:34:41,2025-10-25 05:35:53,00:01:12,0.1,3.32,14.0,3.32,0.07,14.0,-104.5,/SNS/CNCS/IPTS-37274/nexus/CNCS_666129.nxs.h5
666128,108367,YbZn2GaO5,"YZGO, MAG9, Ei=3.32meV, T=0.07K, B=14.0T w=-105.0deg",2025-10-25 05:33:25,2025-10-25 05:34:37,00:01:11,0.1,3.32,14.0,3.32,0.07,14.0,-105.0,/SNS/CNCS/IPTS-37274/nexus/CNCS_666128.nxs.h5
666127,108367,YbZn2GaO5,"YZGO, MAG9, Ei=3.32meV, T=0.07K, B=14.0T w=-105.5deg",2025-10-25 05:32:09,2025-10-25 05:33:22,00:01:12,0.1,3.32,14.0,3.32,0.07,14.0,-105.5,/SNS/CNCS/IPTS-37274/nexus/CNCS_666127.nxs.h5
666126,108367,YbZn2GaO5,"YZGO, MAG9, Ei=3.32meV, T=0.07K, B=14.0T w=-106.0deg",2025-10-25 05:30:54,2025-10-25 05:32:06,00:01:11,0.1,3.32,14.0,3.32,0.07,14.0,-106.0,/SNS/CNCS/IPTS-37274/nexus/CNCS_666126.nxs.h5
666125,108367,YbZn2GaO5,"YZGO, MAG9, Ei=3.32meV, T=0.07K, B=14.0T w=-106.5deg",2025-10-25 05:29:39,2025-10-25 05:30:50,00:01:11,0.1,3.32,14.0,3.32,0.07,14.0,-106.5,/SNS/CNCS/IPTS-37274/nexus/CNCS_666125.nxs.h5
666124,108367,YbZn2GaO5,"YZGO, MAG9, Ei=3.32meV, T=0.07K, B=14.0T w=-107.0deg",2025-10-25 05:28:23,2025-10-25 05:29:35,00:01:11,0.1,3.32,14.0,3.32,0.07,14.0,-107.0,/SNS/CNCS/IPTS-37274/nexus/CNCS_666124.nxs.h5
666123,108367,YbZn2GaO5,"YZGO, MAG9, Ei=3.32meV, T=0.07K, B=14.0T w=-107.5deg",2025-10-25 05:27:08,2025-10-25 05:28:20,00:01:11,0.1,3.32,14.0,3.32,0.07,14.0,-107.5,/SNS/CNCS/IPTS-37274/nexus/CNCS_666123.nxs.h5
666122,108367,YbZn2GaO5,"YZGO, MAG9, Ei=3.32meV, T=0.07K, B=14.0T w=-108.0deg",2025-10-25 05:25:52,2025-10-25 05:27:04,00:01:11,0.1,3.32,14.0,3.32,0.07,14.0,-108.0,/SNS/CNCS/IPTS-37274/nexus/CNCS_666122.nxs.h5
666121,108367,YbZn2GaO5,"YZGO, MAG9, Ei=3.32meV, T=0.07K, B=14.0T w=-108.5deg",2025-10-25 05:24:37,2025-10-25 05:25:49,00:01:11,0.1,3.32,14.0,3.32,0.07,14.0,-108.5,/SNS/CNCS/IPTS-37274/nexus/CNCS_666121.nxs.h5
666120,108367,YbZn2GaO5,"YZGO, MAG9, Ei=3.32meV, T=0.07K, B=14.0T w=-109.0deg",2025-10-25 05:23:21,2025-10-25 05:24:33,00:01:12,0.1,3.32,14.0,3.32,0.07,14.0,-109.0,/SNS/CNCS/IPTS-37274/nexus/CNCS_666120.nxs.h5
666119,108367,YbZn2GaO5,"YZGO, MAG9, Ei=3.32meV, T=0.07K, B=14.0T w=-109.5deg",2025-10-25 05:22:06,2025-10-25 05:23:17,00:01:11,0.1,3.32,14.0,3.32,0.07,14.0,-109.5,/SNS/CNCS/IPTS-37274/nexus/CNCS_666119.nxs.h5
666118,108367,YbZn2GaO5,"YZGO, MAG9, Ei=3.32meV, T=0.07K, B=14.0T w=-110.0deg",2025-10-25 05:20:50,2025-10-25 05:22:02,00:01:11,0.1,3.32,14.0,3.32,0.07,14.0,-110.0,/SNS/CNCS/IPTS-37274/nexus/CNCS_666118.nxs.h5
666117,108367,YbZn2GaO5,"YZGO, MAG9, Ei=3.32meV, T=0.07K, B=14.0T w=-110.5deg",2025-10-25 05:19:35,2025-10-25 05:20:46,00:01:11,0.1,3.32,14.0,3.32,0.07,14.0,-110.5,/SNS/CNCS/IPTS-37274/nexus/CNCS_666117.nxs.h5
666116,108367,YbZn2GaO5,"YZGO, MAG9, Ei=3.32meV, T=0.07K, B=14.0T w=-111.0deg",2025-10-25 05:18:19,2025-10-25 05:19:31,00:01:11,0.1,3.32,14.0,3.32,0.07,14.0,-111.0,/SNS/CNCS/IPTS-37274/nexus/CNCS_666116.nxs.h5
666115,108367,YbZn2GaO5,"YZGO, MAG9, Ei=3.32meV, T=0.07K, B=14.0T w=-111.5deg",2025-10-25 05:17:04,2025-10-25 05:18:16,00:01:11,0.1,3.32,14.0,3.32,0.07,14.0,-111.5,/SNS/CNCS/IPTS-37274/nexus/CNCS_666115.nxs.h5
666114,108367,YbZn2GaO5,"YZGO, MAG9, Ei=3.32meV, T=0.07K, B=14.0T w=-112.0deg",2025-10-25 05:15:48,2025-10-25 05:17:00,00:01:11,0.1,3.32,14.0,3.32,0.07,14.0,-112.0,/SNS/CNCS/IPTS-37274/nexus/CNCS_666114.nxs.h5
666113,108367,YbZn2GaO5,"YZGO, MAG9, Ei=3.32meV, T=0.07K, B=14.0T w=-112.5deg",2025-10-25 05:14:33,2025-10-25 05:15:45,00:01:11,0.1,3.32,14.0,3.32,0.07,14.0,-112.5,/SNS/CNCS/IPTS-37274/nexus/CNCS_666113.nxs.h5
666112,108367,YbZn2GaO5,"YZGO, MAG9, Ei=3.32meV, T=0.07K, B=14.0T w=-113.0deg",2025-10-25 05:13:17,2025-10-25 05:14:29,00:01:12,0.1,3.32,14.0,3.32,0.07,14.0,-113.0,/SNS/CNCS/IPTS-37274/nexus/CNCS_666112.nxs.h5
666111,108367,YbZn2GaO5,"YZGO, MAG9, Ei=3.32meV, T=0.07K, B=14.0T w=-113.5deg",2025-10-25 05:12:02,2025-10-25 05:13:13,00:01:11,0.1,3.32,14.0,3.32,0.07,14.0,-113.5,/SNS/CNCS/IPTS-37274/nexus/CNCS_666111.nxs.h5
666110,108367,YbZn2GaO5,"YZGO, MAG9, Ei=3.32meV, T=0.07K, B=14.0T w=-114.0deg",2025-10-25 05:10:46,2025-10-25 05:11:58,00:01:11,0.1,3.32,14.0,3.32,0.07,14.0,-114.0,/SNS/CNCS/IPTS-37274/nexus/CNCS_666110.nxs.h5
666109,108367,YbZn2GaO5,"YZGO, MAG9, Ei=3.32meV, T=0.07K, B=14.0T w=-114.5deg",2025-10-25 05:09:31,2025-10-25 05:10:43,00:01:11,0.1,3.32,14.0,3.32,0.07,14.0,-114.5,/SNS/CNCS/IPTS-37274/nexus/CNCS_666109.nxs.h5
666108,108367,YbZn2GaO5,"YZGO, MAG9, Ei=3.32meV, T=0.07K, B=14.0T w=-115.0deg",2025-10-25 05:08:15,2025-10-25 05:09:27,00:01:11,0.1,3.32,14.0,3.32,0.07,14.0,-115.0,/SNS/CNCS/IPTS-37274/nexus/CNCS_666108.nxs.h5
666107,108367,YbZn2GaO5,"YZGO, MAG9, Ei=3.32meV, T=0.07K, B=14.0T w=-115.5deg",2025-10-25 05:06:59,2025-10-25 05:08:12,00:01:12,0.1,3.32,14.0,3.32,0.07,14.0,-115.5,/SNS/CNCS/IPTS-37274/nexus/CNCS_666107.nxs.h5
666106,108367,YbZn2GaO5,"YZGO, MAG9, Ei=3.32meV, T=0.07K, B=14.0T w=-116.0deg",2025-10-25 05:05:44,2025-10-25 05:06:56,00:01:11,0.1,3.32,14.0,3.32,0.07,14.0,-116.0,/SNS/CNCS/IPTS-37274/nexus/CNCS_666106.nxs.h5
666105,108367,YbZn2GaO5,"YZGO, MAG9, Ei=3.32meV, T=0.07K, B=14.0T w=-116.5deg",2025-10-25 05:04:28,2025-10-25 05:05:40,00:01:11,0.1,3.32,14.0,3.32,0.07,14.0,-116.5,/SNS/CNCS/IPTS-37274/nexus/CNCS_666105.nxs.h5
666104,108367,YbZn2GaO5,"YZGO, MAG9, Ei=3.32meV, T=0.07K, B=14.0T w=-117.0deg",2025-10-25 05:03:13,2025-10-25 05:04:25,00:01:11,0.1,3.32,14.0,3.32,0.07,14.0,-117.0,/SNS/CNCS/IPTS-37274/nexus/CNCS_666104.nxs.h5
666103,108367,YbZn2GaO5,"YZGO, MAG9, Ei=3.32meV, T=0.07K, B=14.0T w=-117.5deg",2025-10-25 05:01:58,2025-10-25 05:03:09,00:01:11,0.1,3.32,14.0,3.32,0.07,14.0,-117.5,/SNS/CNCS/IPTS-37274/nexus/CNCS_666103.nxs.h5
666102,108367,YbZn2GaO5,"YZGO, MAG9, Ei=3.32meV, T=0.07K, B=9.0T w=-117.5deg",2025-10-25 04:52:58,2025-10-25 04:53:47,00:00:48,0.07,3.32,14.0,3.32,0.07,9.0,-117.5,/SNS/CNCS/IPTS-37274/nexus/CNCS_666102.nxs.h5
666101,108367,YbZn2GaO5,"YZGO, MAG9, Ei=3.32meV, T=0.07K, B=14.0T w=-118.0deg",2025-10-25 04:51:42,2025-10-25 04:52:54,00:01:12,0.1,3.32,14.0,3.32,0.07,14.0,-118.0,/SNS/CNCS/IPTS-37274/nexus/CNCS_666101.nxs.h5
666100,108367,YbZn2GaO5,"YZGO, MAG9, Ei=3.32meV, T=0.07K, B=14.0T w=-118.5deg",2025-10-25 04:50:26,2025-10-25 04:51:38,00:01:12,0.1,3.32,14.0,3.32,0.07,14.0,-118.5,/SNS/CNCS/IPTS-37274/nexus/CNCS_666100.nxs.h5
666099,108367,YbZn2GaO5,"YZGO, MAG9, Ei=3.32meV, T=0.07K, B=14.0T w=-119.0deg",2025-10-25 04:49:11,2025-10-25 04:50:22,00:01:11,0.1,3.32,14.0,3.32,0.07,14.0,-119.0,/SNS/CNCS/IPTS-37274/nexus/CNCS_666099.nxs.h5
666098,108367,YbZn2GaO5,"YZGO, MAG9, Ei=3.32meV, T=0.07K, B=14.0T w=-119.5deg",2025-10-25 04:47:55,2025-10-25 04:49:07,00:01:11,0.1,3.32,14.0,3.32,0.07,14.0,-119.5,/SNS/CNCS/IPTS-37274/nexus/CNCS_666098.nxs.h5
666097,108367,YbZn2GaO5,"YZGO, MAG9, Ei=3.32meV, T=0.07K, B=14.0T w=-120.0deg",2025-10-25 04:46:40,2025-10-25 04:47:52,00:01:11,0.1,3.32,14.0,3.32,0.07,14.0,-120.0,/SNS/CNCS/IPTS-37274/nexus/CNCS_666097.nxs.h5
666096,108367,YbZn2GaO5,"YZGO, MAG9, Ei=3.32meV, T=0.07K, B=14.0T w=-120.5deg",2025-10-25 04:45:24,2025-10-25 04:46:36,00:01:11,0.1,3.32,14.0,3.32,0.07,14.0,-120.5,/SNS/CNCS/IPTS-37274/nexus/CNCS_666096.nxs.h5
666095,108367,YbZn2GaO5,"YZGO, MAG9, Ei=3.32meV, T=0.07K, B=14.0T w=-121.0deg",2025-10-25 04:44:08,2025-10-25 04:45:21,00:01:12,0.1,3.32,14.0,3.32,0.07,14.0,-121.0,/SNS/CNCS/IPTS-37274/nexus/CNCS_666095.nxs.h5
666094,108367,YbZn2GaO5,"YZGO, MAG9, Ei=3.32meV, T=0.07K, B=14.0T w=-121.5deg",2025-10-25 04:42:53,2025-10-25 04:44:05,00:01:11,0.1,3.32,14.0,3.32,0.07,14.0,-121.5,/SNS/CNCS/IPTS-37274/nexus/CNCS_666094.nxs.h5
666093,108367,YbZn2GaO5,"YZGO, MAG9, Ei=3.32meV, T=0.07K, B=14.0T w=-122.0deg",2025-10-25 04:41:37,2025-10-25 04:42:49,00:01:11,0.1,3.32,14.0,3.32,0.07,14.0,-122.0,/SNS/CNCS/IPTS-37274/nexus/CNCS_666093.nxs.h5
666092,108367,YbZn2GaO5,"YZGO, MAG9, Ei=3.32meV, T=0.07K, B=14.0T w=-122.5deg",2025-10-25 04:40:22,2025-10-25 04:41:34,00:01:12,0.1,3.32,14.0,3.32,0.07,14.0,-122.5,/SNS/CNCS/IPTS-37274/nexus/CNCS_666092.nxs.h5
666091,108367,YbZn2GaO5,"YZGO, MAG9, Ei=3.32meV, T=0.07K, B=14.0T w=-123.0deg",2025-10-25 04:39:06,2025-10-25 04:40:18,00:01:12,0.1,3.32,14.0,3.32,0.07,14.0,-123.0,/SNS/CNCS/IPTS-37274/nexus/CNCS_666091.nxs.h5
666090,108367,YbZn2GaO5,"YZGO, MAG9, Ei=3.32meV, T=0.07K, B=14.0T w=-123.5deg",2025-10-25 04:37:50,2025-10-25 04:39:02,00:01:11,0.1,3.32,14.0,3.32,0.07,14.0,-123.5,/SNS/CNCS/IPTS-37274/nexus/CNCS_666090.nxs.h5
666089,108367,YbZn2GaO5,"YZGO, MAG9, Ei=3.32meV, T=0.07K, B=14.0T w=-124.0deg",2025-10-25 04:36:35,2025-10-25 04:37:47,00:01:11,0.1,3.32,14.0,3.32,0.07,14.0,-124.0,/SNS/CNCS/IPTS-37274/nexus/CNCS_666089.nxs.h5
666088,108367,YbZn2GaO5,"YZGO, MAG9, Ei=3.32meV, T=0.07K, B=14.0T w=-124.5deg",2025-10-25 04:35:19,2025-10-25 04:36:31,00:01:11,0.1,3.32,14.0,3.32,0.07,14.0,-124.5,/SNS/CNCS/IPTS-37274/nexus/CNCS_666088.nxs.h5
666087,108367,YbZn2GaO5,"YZGO, MAG9, Ei=3.32meV, T=0.07K, B=14.0T w=-125.0deg",2025-10-25 04:34:03,2025-10-25 04:35:16,00:01:12,0.1,3.32,14.0,3.32,0.07,14.0,-125.0,/SNS/CNCS/IPTS-37274/nexus/CNCS_666087.nxs.h5
666086,108367,YbZn2GaO5,"YZGO, MAG9, Ei=3.32meV, T=0.07K, B=14.0T w=-125.5deg",2025-10-25 04:32:47,2025-10-25 04:33:59,00:01:11,0.1,3.32,14.0,3.32,0.07,14.0,-125.5,/SNS/CNCS/IPTS-37274/nexus/CNCS_666086.nxs.h5
666085,108367,YbZn2GaO5,"YZGO, MAG9, Ei=3.32meV, T=0.07K, B=14.0T w=-126.0deg",2025-10-25 04:31:31,2025-10-25 04:32:44,00:01:12,0.1,3.32,14.0,3.32,0.07,14.0,-126.0,/SNS/CNCS/IPTS-37274/nexus/CNCS_666085.nxs.h5
666084,108367,YbZn2GaO5,"YZGO, MAG9, Ei=3.32meV, T=0.07K, B=14.0T w=-126.5deg",2025-10-25 04:30:16,2025-10-25 04:31:28,00:01:12,0.1,3.32,14.0,3.32,0.07,14.0,-126.5,/SNS/CNCS/IPTS-37274/nexus/CNCS_666084.nxs.h5
666083,108367,YbZn2GaO5,"YZGO, MAG9, Ei=3.32meV, T=0.07K, B=14.0T w=-127.0deg",2025-10-25 04:29:00,2025-10-25 04:30:12,00:01:11,0.1,3.32,14.0,3.32,0.07,14.0,-127.0,/SNS/CNCS/IPTS-37274/nexus/CNCS_666083.nxs.h5
666082,108367,YbZn2GaO5,"YZGO, MAG9, Ei=3.32meV, T=0.07K, B=14.0T w=-127.5deg",2025-10-25 04:27:45,2025-10-25 04:28:56,00:01:11,0.1,3.32,14.0,3.32,0.07,14.0,-127.5,/SNS/CNCS/IPTS-37274/nexus/CNCS_666082.nxs.h5
666081,108367,YbZn2GaO5,"YZGO, MAG9, Ei=3.32meV, T=0.07K, B=14.0T w=-128.0deg",2025-10-25 04:26:29,2025-10-25 04:27:41,00:01:11,0.1,3.32,14.0,3.32,0.07,14.0,-128.0,/SNS/CNCS/IPTS-37274/nexus/CNCS_666081.nxs.h5
666080,108367,YbZn2GaO5,"YZGO, MAG9, Ei=3.32meV, T=0.07K, B=14.0T w=-128.5deg",2025-10-25 04:25:14,2025-10-25 04:26:26,00:01:11,0.1,3.32,14.0,3.32,0.07,14.0,-128.5,/SNS/CNCS/IPTS-37274/nexus/CNCS_666080.nxs.h5
666079,108367,YbZn2GaO5,"YZGO, MAG9, Ei=3.32meV, T=0.07K, B=14.0T w=-129.0deg",2025-10-25 04:23:58,2025-10-25 04:25:10,00:01:12,0.1,3.32,14.0,3.32,0.07,14.0,-129.0,/SNS/CNCS/IPTS-37274/nexus/CNCS_666079.nxs.h5
666078,108367,YbZn2GaO5,"YZGO, MAG9, Ei=3.32meV, T=0.07K, B=14.0T w=-129.5deg",2025-10-25 04:22:42,2025-10-25 04:23:54,00:01:11,0.1,3.32,14.0,3.32,0.07,14.0,-129.5,/SNS/CNCS/IPTS-37274/nexus/CNCS_666078.nxs.h5
666077,108367,YbZn2GaO5,"YZGO, MAG9, Ei=3.32meV, T=0.07K, B=14.0T w=-130.0deg",2025-10-25 04:21:27,2025-10-25 04:22:39,00:01:12,0.1,3.32,14.0,3.32,0.07,14.0,-130.0,/SNS/CNCS/IPTS-37274/nexus/CNCS_666077.nxs.h5
666076,108367,YbZn2GaO5,"YZGO, MAG9, Ei=3.32meV, T=0.07K, B=14.0T w=-130.5deg",2025-10-25 04:20:11,2025-10-25 04:21:23,00:01:12,0.1,3.32,14.0,3.32,0.07,14.0,-130.5,/SNS/CNCS/IPTS-37274/nexus/CNCS_666076.nxs.h5
666075,108367,YbZn2GaO5,"YZGO, MAG9, Ei=3.32meV, T=0.07K, B=14.0T w=-131.0deg",2025-10-25 04:18:55,2025-10-25 04:20:07,00:01:12,0.1,3.32,14.0,3.32,0.07,14.0,-131.0,/SNS/CNCS/IPTS-37274/nexus/CNCS_666075.nxs.h5
666074,108367,YbZn2GaO5,"YZGO, MAG9, Ei=3.32meV, T=0.07K, B=14.0T w=-131.5deg",2025-10-25 04:17:39,2025-10-25 04:18:51,00:01:11,0.1,3.32,14.0,3.32,0.07,14.0,-131.5,/SNS/CNCS/IPTS-37274/nexus/CNCS_666074.nxs.h5
666073,108367,YbZn2GaO5,"YZGO, MAG9, Ei=3.32meV, T=0.07K, B=14.0T w=-132.0deg",2025-10-25 04:16:24,2025-10-25 04:17:36,00:01:12,0.1,3.32,14.0,3.32,0.07,14.0,-132.0,/SNS/CNCS/IPTS-37274/nexus/CNCS_666073.nxs.h5
666072,108367,YbZn2GaO5,"YZGO, MAG9, Ei=3.32meV, T=0.07K, B=14.0T w=-132.5deg",2025-10-25 04:15:08,2025-10-25 04:16:20,00:01:12,0.1,3.32,14.0,3.32,0.07,14.0,-132.5,/SNS/CNCS/IPTS-37274/nexus/CNCS_666072.nxs.h5
666071,108367,YbZn2GaO5,"YZGO, MAG9, Ei=3.32meV, T=0.07K, B=14.0T w=-133.0deg",2025-10-25 04:13:53,2025-10-25 04:15:04,00:01:11,0.1,3.32,14.0,3.32,0.07,14.0,-133.0,/SNS/CNCS/IPTS-37274/nexus/CNCS_666071.nxs.h5
666070,108367,YbZn2GaO5,"YZGO, MAG9, Ei=3.32meV, T=0.07K, B=14.0T w=-133.5deg",2025-10-25 04:12:37,2025-10-25 04:13:49,00:01:11,0.1,3.32,14.0,3.32,0.07,14.0,-133.5,/SNS/CNCS/IPTS-37274/nexus/CNCS_666070.nxs.h5
666069,108367,YbZn2GaO5,"YZGO, MAG9, Ei=3.32meV, T=0.07K, B=14.0T w=-134.0deg",2025-10-25 04:11:22,2025-10-25 04:12:33,00:01:11,0.1,3.32,14.0,3.32,0.07,14.0,-134.0,/SNS/CNCS/IPTS-37274/nexus/CNCS_666069.nxs.h5
666068,108367,YbZn2GaO5,"YZGO, MAG9, Ei=3.32meV, T=0.07K, B=14.0T w=-134.5deg",2025-10-25 04:10:06,2025-10-25 04:11:18,00:01:12,0.1,3.32,14.0,3.32,0.07,14.0,-134.5,/SNS/CNCS/IPTS-37274/nexus/CNCS_666068.nxs.h5
666067,108367,YbZn2GaO5,"YZGO, MAG9, Ei=3.32meV, T=0.07K, B=14.0T w=-135.0deg",2025-10-25 04:08:50,2025-10-25 04:10:02,00:01:12,0.1,3.32,14.0,3.32,0.07,14.0,-135.0,/SNS/CNCS/IPTS-37274/nexus/CNCS_666067.nxs.h5
666066,108367,YbZn2GaO5,"YZGO, MAG9, Ei=3.32meV, T=0.07K, B=14.0T w=-135.5deg",2025-10-25 04:07:34,2025-10-25 04:08:46,00:01:12,0.1,3.32,14.0,3.32,0.07,14.0,-135.5,/SNS/CNCS/IPTS-37274/nexus/CNCS_666066.nxs.h5
666065,108367,YbZn2GaO5,"YZGO, MAG9, Ei=3.32meV, T=0.07K, B=14.0T w=-136.0deg",2025-10-25 04:06:18,2025-10-25 04:07:31,00:01:12,0.1,3.32,14.0,3.32,0.07,14.0,-136.0,/SNS/CNCS/IPTS-37274/nexus/CNCS_666065.nxs.h5
666064,108367,YbZn2GaO5,"YZGO, MAG9, Ei=3.32meV, T=0.07K, B=14.0T w=-136.5deg",2025-10-25 04:05:02,2025-10-25 04:06:15,00:01:12,0.1,3.32,14.0,3.32,0.07,14.0,-136.5,/SNS/CNCS/IPTS-37274/nexus/CNCS_666064.nxs.h5
666063,108367,YbZn2GaO5,"YZGO, MAG9, Ei=3.32meV, T=0.07K, B=14.0T w=-137.0deg",2025-10-25 04:03:47,2025-10-25 04:04:59,00:01:12,0.1,3.32,14.0,3.32,0.07,14.0,-137.0,/SNS/CNCS/IPTS-37274/nexus/CNCS_666063.nxs.h5
666062,108367,YbZn2GaO5,"YZGO, MAG9, Ei=3.32meV, T=0.07K, B=14.0T w=-137.5deg",2025-10-25 04:02:31,2025-10-25 04:03:43,00:01:11,0.1,3.32,14.0,3.32,0.07,14.0,-137.5,/SNS/CNCS/IPTS-37274/nexus/CNCS_666062.nxs.h5
666061,108367,YbZn2GaO5,"YZGO, MAG9, Ei=3.32meV, T=0.07K, B=14.0T w=-138.0deg",2025-10-25 04:01:16,2025-10-25 04:02:27,00:01:11,0.1,3.32,14.0,3.32,0.07,14.0,-138.0,/SNS/CNCS/IPTS-37274/nexus/CNCS_666061.nxs.h5
666060,108367,YbZn2GaO5,"YZGO, MAG9, Ei=3.32meV, T=0.07K, B=14.0T w=-138.5deg",2025-10-25 04:00:00,2025-10-25 04:01:12,00:01:11,0.1,3.32,14.0,3.32,0.07,14.0,-138.5,/SNS/CNCS/IPTS-37274/nexus/CNCS_666060.nxs.h5
666059,108367,YbZn2GaO5,"YZGO, MAG9, Ei=3.32meV, T=0.07K, B=14.0T w=-139.0deg",2025-10-25 03:58:44,2025-10-25 03:59:57,00:01:12,0.1,3.32,14.0,3.32,0.07,14.0,-139.0,/SNS/CNCS/IPTS-37274/nexus/CNCS_666059.nxs.h5
666058,108367,YbZn2GaO5,"YZGO, MAG9, Ei=3.32meV, T=0.07K, B=14.0T w=-139.5deg",2025-10-25 03:57:29,2025-10-25 03:58:41,00:01:11,0.1,3.32,14.0,3.32,0.07,14.0,-139.5,/SNS/CNCS/IPTS-37274/nexus/CNCS_666058.nxs.h5
666057,108367,YbZn2GaO5,"YZGO, MAG9, Ei=3.32meV, T=0.07K, B=14.0T w=-140.0deg",2025-10-25 03:56:14,2025-10-25 03:57:25,00:01:11,0.1,3.32,14.0,3.32,0.07,14.0,-140.0,/SNS/CNCS/IPTS-37274/nexus/CNCS_666057.nxs.h5
666056,108367,YbZn2GaO5,"YZGO, MAG9, Ei=3.32meV, T=0.07K, B=14.0T w=-140.5deg",2025-10-25 03:54:58,2025-10-25 03:56:10,00:01:12,0.1,3.32,14.0,3.32,0.07,14.0,-140.5,/SNS/CNCS/IPTS-37274/nexus/CNCS_666056.nxs.h5
666055,108367,YbZn2GaO5,"YZGO, MAG9, Ei=3.32meV, T=0.07K, B=14.0T w=-141.0deg",2025-10-25 03:53:42,2025-10-25 03:54:54,00:01:12,0.1,3.32,14.0,3.32,0.07,14.0,-141.0,/SNS/CNCS/IPTS-37274/nexus/CNCS_666055.nxs.h5
666054,108367,YbZn2GaO5,"YZGO, MAG9, Ei=3.32meV, T=0.07K, B=14.0T w=-141.5deg",2025-10-25 03:52:26,2025-10-25 03:53:38,00:01:11,0.1,3.32,14.0,3.32,0.07,14.0,-141.5,/SNS/CNCS/IPTS-37274/nexus/CNCS_666054.nxs.h5
666053,108367,YbZn2GaO5,"YZGO, MAG9, Ei=3.32meV, T=0.07K, B=14.0T w=-142.0deg",2025-10-25 03:51:11,2025-10-25 03:52:23,00:01:11,0.1,3.32,14.0,3.32,0.07,14.0,-142.0,/SNS/CNCS/IPTS-37274/nexus/CNCS_666053.nxs.h5
666052,108367,YbZn2GaO5,"YZGO, MAG9, Ei=3.32meV, T=0.07K, B=14.0T w=-142.5deg",2025-10-25 03:49:55,2025-10-25 03:51:07,00:01:12,0.1,3.32,14.0,3.32,0.07,14.0,-142.5,/SNS/CNCS/IPTS-37274/nexus/CNCS_666052.nxs.h5
666051,108367,YbZn2GaO5,"YZGO, MAG9, Ei=3.32meV, T=0.07K, B=14.0T w=-143.0deg",2025-10-25 03:48:39,2025-10-25 03:49:51,00:01:12,0.1,3.32,14.0,3.32,0.07,14.0,-143.0,/SNS/CNCS/IPTS-37274/nexus/CNCS_666051.nxs.h5
666050,108367,YbZn2GaO5,"YZGO, MAG9, Ei=3.32meV, T=0.07K, B=14.0T w=-143.5deg",2025-10-25 03:47:24,2025-10-25 03:48:36,00:01:11,0.1,3.32,14.0,3.32,0.07,14.0,-143.5,/SNS/CNCS/IPTS-37274/nexus/CNCS_666050.nxs.h5
666049,108367,YbZn2GaO5,"YZGO, MAG9, Ei=3.32meV, T=0.07K, B=14.0T w=-144.0deg",2025-10-25 03:46:08,2025-10-25 03:47:20,00:01:12,0.1,3.32,14.0,3.32,0.07,14.0,-144.0,/SNS/CNCS/IPTS-37274/nexus/CNCS_666049.nxs.h5
666048,108367,YbZn2GaO5,"YZGO, MAG9, Ei=3.32meV, T=0.07K, B=14.0T w=-144.5deg",2025-10-25 03:44:52,2025-10-25 03:46:04,00:01:12,0.1,3.32,14.0,3.32,0.07,14.0,-144.5,/SNS/CNCS/IPTS-37274/nexus/CNCS_666048.nxs.h5
666047,108367,YbZn2GaO5,"YZGO, MAG9, Ei=3.32meV, T=0.07K, B=14.0T w=-145.0deg",2025-10-25 03:43:37,2025-10-25 03:44:48,00:01:11,0.1,3.32,14.0,3.32,0.07,14.0,-145.0,/SNS/CNCS/IPTS-37274/nexus/CNCS_666047.nxs.h5
666046,108367,YbZn2GaO5,"YZGO, MAG9, Ei=3.32meV, T=0.07K, B=14.0T w=-145.5deg",2025-10-25 03:42:21,2025-10-25 03:43:33,00:01:12,0.1,3.32,14.0,3.32,0.07,14.0,-145.5,/SNS/CNCS/IPTS-37274/nexus/CNCS_666046.nxs.h5
666045,108367,YbZn2GaO5,"YZGO, MAG9, Ei=3.32meV, T=0.07K, B=14.0T w=-146.0deg",2025-10-25 03:41:05,2025-10-25 03:42:17,00:01:12,0.1,3.32,14.0,3.32,0.07,14.0,-146.0,/SNS/CNCS/IPTS-37274/nexus/CNCS_666045.nxs.h5
666044,108367,YbZn2GaO5,"YZGO, MAG9, Ei=3.32meV, T=0.07K, B=14.0T w=-146.5deg",2025-10-25 03:39:48,2025-10-25 03:41:01,00:01:12,0.1,3.32,14.0,3.32,0.07,14.0,-146.5,/SNS/CNCS/IPTS-37274/nexus/CNCS_666044.nxs.h5
666043,108367,YbZn2GaO5,"YZGO, MAG9, Ei=3.32meV, T=0.07K, B=14.0T w=-147.0deg",2025-10-25 03:38:32,2025-10-25 03:39:45,00:01:12,0.1,3.32,14.0,3.32,0.07,14.0,-147.0,/SNS/CNCS/IPTS-37274/nexus/CNCS_666043.nxs.h5
666042,108367,YbZn2GaO5,"YZGO, MAG9, Ei=3.32meV, T=0.07K, B=14.0T w=-147.5deg",2025-10-25 03:37:17,2025-10-25 03:38:29,00:01:11,0.1,3.32,14.0,3.32,0.07,14.0,-147.5,/SNS/CNCS/IPTS-37274/nexus/CNCS_666042.nxs.h5
666041,108367,YbZn2GaO5,"YZGO, MAG9, Ei=3.32meV, T=0.07K, B=14.0T w=-148.0deg",2025-10-25 03:36:01,2025-10-25 03:37:13,00:01:11,0.1,3.32,14.0,3.32,0.07,14.0,-148.0,/SNS/CNCS/IPTS-37274/nexus/CNCS_666041.nxs.h5
666040,108367,YbZn2GaO5,"YZGO, MAG9, Ei=3.32meV, T=0.07K, B=14.0T w=-148.5deg",2025-10-25 03:34:46,2025-10-25 03:35:58,00:01:12,0.1,3.32,14.0,3.32,0.07,14.0,-148.5,/SNS/CNCS/IPTS-37274/nexus/CNCS_666040.nxs.h5
666039,108367,YbZn2GaO5,"YZGO, MAG9, Ei=3.32meV, T=0.07K, B=14.0T w=-149.0deg",2025-10-25 03:33:30,2025-10-25 03:34:42,00:01:12,0.1,3.32,14.0,3.32,0.07,14.0,-149.0,/SNS/CNCS/IPTS-37274/nexus/CNCS_666039.nxs.h5
666038,108367,YbZn2GaO5,"YZGO, MAG9, Ei=3.32meV, T=0.07K, B=14.0T w=-149.5deg",2025-10-25 03:32:14,2025-10-25 03:33:26,00:01:12,0.1,3.32,14.0,3.32,0.07,14.0,-149.5,/SNS/CNCS/IPTS-37274/nexus/CNCS_666038.nxs.h5
666037,108367,YbZn2GaO5,"YZGO, MAG9, Ei=3.32meV, T=0.07K, B=14.0T w=-150.0deg",2025-10-25 03:30:58,2025-10-25 03:32:10,00:01:11,0.1,3.32,14.0,3.32,0.07,14.0,-150.0,/SNS/CNCS/IPTS-37274/nexus/CNCS_666037.nxs.h5
666036,108367,YbZn2GaO5,"YZGO, MAG9, Ei=3.32meV, T=0.07K, B=14.0T w=-150.5deg",2025-10-25 03:29:43,2025-10-25 03:30:55,00:01:12,0.1,3.32,14.0,3.32,0.07,14.0,-150.5,/SNS/CNCS/IPTS-37274/nexus/CNCS_666036.nxs.h5
666035,108367,YbZn2GaO5,"YZGO, MAG9, Ei=3.32meV, T=0.07K, B=14.0T w=-151.0deg",2025-10-25 03:28:27,2025-10-25 03:29:39,00:01:11,0.1,3.32,14.0,3.32,0.07,14.0,-151.0,/SNS/CNCS/IPTS-37274/nexus/CNCS_666035.nxs.h5
666034,108367,YbZn2GaO5,"YZGO, MAG9, Ei=3.32meV, T=0.07K, B=14.0T w=-151.5deg",2025-10-25 03:27:12,2025-10-25 03:28:24,00:01:11,0.1,3.32,14.0,3.32,0.07,14.0,-151.5,/SNS/CNCS/IPTS-37274/nexus/CNCS_666034.nxs.h5
666033,108367,YbZn2GaO5,"YZGO, MAG9, Ei=3.32meV, T=0.07K, B=14.0T w=-152.0deg",2025-10-25 03:25:56,2025-10-25 03:27:08,00:01:11,0.1,3.32,14.0,3.32,0.07,14.0,-152.0,/SNS/CNCS/IPTS-37274/nexus/CNCS_666033.nxs.h5
666032,108367,YbZn2GaO5,"YZGO, MAG9, Ei=3.32meV, T=0.07K, B=14.0T w=-152.5deg",2025-10-25 03:24:41,2025-10-25 03:25:53,00:01:11,0.1,3.32,14.0,3.32,0.07,14.0,-152.5,/SNS/CNCS/IPTS-37274/nexus/CNCS_666032.nxs.h5
666031,108367,YbZn2GaO5,"YZGO, MAG9, Ei=3.32meV, T=0.07K, B=14.0T w=-153.0deg",2025-10-25 03:23:25,2025-10-25 03:24:37,00:01:12,0.1,3.32,14.0,3.32,0.07,14.0,-153.0,/SNS/CNCS/IPTS-37274/nexus/CNCS_666031.nxs.h5
666030,108367,YbZn2GaO5,"YZGO, MAG9, Ei=3.32meV, T=0.07K, B=14.0T w=-153.5deg",2025-10-25 03:22:09,2025-10-25 03:23:21,00:01:12,0.1,3.32,14.0,3.32,0.07,14.0,-153.5,/SNS/CNCS/IPTS-37274/nexus/CNCS_666030.nxs.h5
666029,108367,YbZn2GaO5,"YZGO, MAG9, Ei=3.32meV, T=0.07K, B=14.0T w=-154.0deg",2025-10-25 03:20:53,2025-10-25 03:22:05,00:01:12,0.1,3.32,14.0,3.32,0.07,14.0,-154.0,/SNS/CNCS/IPTS-37274/nexus/CNCS_666029.nxs.h5
666028,108367,YbZn2GaO5,"YZGO, MAG9, Ei=3.32meV, T=0.07K, B=14.0T w=-154.5deg",2025-10-25 03:19:37,2025-10-25 03:20:50,00:01:12,0.1,3.32,14.0,3.32,0.07,14.0,-154.5,/SNS/CNCS/IPTS-37274/nexus/CNCS_666028.nxs.h5
666027,108367,YbZn2GaO5,"YZGO, MAG9, Ei=3.32meV, T=0.07K, B=14.0T w=-155.0deg",2025-10-25 03:18:22,2025-10-25 03:19:34,00:01:11,0.1,3.32,14.0,3.32,0.07,14.0,-155.0,/SNS/CNCS/IPTS-37274/nexus/CNCS_666027.nxs.h5
666026,108367,YbZn2GaO5,"YZGO, MAG9, Ei=3.32meV, T=0.07K, B=14.0T w=-155.5deg",2025-10-25 03:17:06,2025-10-25 03:18:18,00:01:12,0.1,3.32,14.0,3.32,0.07,14.0,-155.5,/SNS/CNCS/IPTS-37274/nexus/CNCS_666026.nxs.h5
666025,108367,YbZn2GaO5,"YZGO, MAG9, Ei=3.32meV, T=0.07K, B=14.0T w=-156.0deg",2025-10-25 03:15:50,2025-10-25 03:17:02,00:01:12,0.1,3.32,14.0,3.32,0.07,14.0,-156.0,/SNS/CNCS/IPTS-37274/nexus/CNCS_666025.nxs.h5
666024,108367,YbZn2GaO5,"YZGO, MAG9, Ei=3.32meV, T=0.07K, B=14.0T w=-156.5deg",2025-10-25 03:14:34,2025-10-25 03:15:47,00:01:12,0.1,3.32,14.0,3.32,0.07,14.0,-156.5,/SNS/CNCS/IPTS-37274/nexus/CNCS_666024.nxs.h5
666023,108367,YbZn2GaO5,"YZGO, MAG9, Ei=3.32meV, T=0.07K, B=14.0T w=-157.0deg",2025-10-25 03:13:18,2025-10-25 03:14:31,00:01:12,0.1,3.32,14.0,3.32,0.07,14.0,-157.0,/SNS/CNCS/IPTS-37274/nexus/CNCS_666023.nxs.h5
666022,108367,YbZn2GaO5,"YZGO, MAG9, Ei=3.32meV, T=0.07K, B=14.0T w=-157.5deg",2025-10-25 03:12:03,2025-10-25 03:13:15,00:01:11,0.1,3.32,14.0,3.32,0.07,14.0,-157.5,/SNS/CNCS/IPTS-37274/nexus/CNCS_666022.nxs.h5
666021,108367,YbZn2GaO5,"YZGO, MAG9, Ei=3.32meV, T=0.07K, B=14.0T w=-158.0deg",2025-10-25 03:10:47,2025-10-25 03:11:59,00:01:12,0.1,3.32,14.0,3.32,0.07,14.0,-158.0,/SNS/CNCS/IPTS-37274/nexus/CNCS_666021.nxs.h5
666020,108367,YbZn2GaO5,"YZGO, MAG9, Ei=3.32meV, T=0.07K, B=14.0T w=-158.5deg",2025-10-25 03:09:31,2025-10-25 03:10:43,00:01:12,0.1,3.32,14.0,3.32,0.07,14.0,-158.5,/SNS/CNCS/IPTS-37274/nexus/CNCS_666020.nxs.h5
666019,108367,YbZn2GaO5,"YZGO, MAG9, Ei=3.32meV, T=0.07K, B=14.0T w=-159.0deg",2025-10-25 03:08:16,2025-10-25 03:09:28,00:01:11,0.1,3.32,14.0,3.32,0.07,14.0,-159.0,/SNS/CNCS/IPTS-37274/nexus/CNCS_666019.nxs.h5
666018,108367,YbZn2GaO5,"YZGO, MAG9, Ei=3.32meV, T=0.07K, B=14.0T w=-159.5deg",2025-10-25 03:07:00,2025-10-25 03:08:12,00:01:11,0.1,3.32,14.0,3.32,0.07,14.0,-159.5,/SNS/CNCS/IPTS-37274/nexus/CNCS_666018.nxs.h5
666017,108367,YbZn2GaO5,"YZGO, MAG9, Ei=3.32meV, T=0.07K, B=14.0T w=-160.0deg",2025-10-25 03:05:44,2025-10-25 03:06:57,00:01:12,0.1,3.32,14.0,3.32,0.07,14.0,-160.0,/SNS/CNCS/IPTS-37274/nexus/CNCS_666017.nxs.h5
666016,108367,YbZn2GaO5,"YZGO, MAG9, Ei=3.32meV, T=0.07K, B=14.0T w=-160.5deg",2025-10-25 03:04:29,2025-10-25 03:05:41,00:01:12,0.1,3.32,14.0,3.32,0.07,14.0,-160.5,/SNS/CNCS/IPTS-37274/nexus/CNCS_666016.nxs.h5
666015,108367,YbZn2GaO5,"YZGO, MAG9, Ei=3.32meV, T=0.07K, B=14.0T w=-161.0deg",2025-10-25 03:03:13,2025-10-25 03:04:25,00:01:12,0.1,3.32,14.0,3.32,0.07,14.0,-161.0,/SNS/CNCS/IPTS-37274/nexus/CNCS_666015.nxs.h5
666014,108367,YbZn2GaO5,"YZGO, MAG9, Ei=3.32meV, T=0.07K, B=14.0T w=-161.5deg",2025-10-25 03:01:57,2025-10-25 03:03:09,00:01:12,0.1,3.32,14.0,3.32,0.07,14.0,-161.5,/SNS/CNCS/IPTS-37274/nexus/CNCS_666014.nxs.h5
666013,108367,YbZn2GaO5,"YZGO, MAG9, Ei=3.32meV, T=0.07K, B=14.0T w=-162.0deg",2025-10-25 03:00:41,2025-10-25 03:01:53,00:01:12,0.1,3.32,14.0,3.32,0.07,14.0,-162.0,/SNS/CNCS/IPTS-37274/nexus/CNCS_666013.nxs.h5
666012,108367,YbZn2GaO5,"YZGO, MAG9, Ei=3.32meV, T=0.07K, B=14.0T w=-162.5deg",2025-10-25 02:59:26,2025-10-25 03:00:37,00:01:11,0.1,3.32,14.0,3.32,0.07,14.0,-162.5,/SNS/CNCS/IPTS-37274/nexus/CNCS_666012.nxs.h5
666011,108367,YbZn2GaO5,"YZGO, MAG9, Ei=3.32meV, T=0.07K, B=14.0T w=-163.0deg",2025-10-25 02:58:10,2025-10-25 02:59:22,00:01:12,0.1,3.32,14.0,3.32,0.07,14.0,-163.0,/SNS/CNCS/IPTS-37274/nexus/CNCS_666011.nxs.h5
666010,108367,YbZn2GaO5,"YZGO, MAG9, Ei=3.32meV, T=0.07K, B=14.0T w=-163.5deg",2025-10-25 02:56:54,2025-10-25 02:58:06,00:01:12,0.1,3.32,14.0,3.32,0.07,14.0,-163.5,/SNS/CNCS/IPTS-37274/nexus/CNCS_666010.nxs.h5
666009,108367,YbZn2GaO5,"YZGO, MAG9, Ei=3.32meV, T=0.07K, B=14.0T w=-164.0deg",2025-10-25 02:55:38,2025-10-25 02:56:50,00:01:12,0.1,3.32,14.0,3.32,0.07,14.0,-164.0,/SNS/CNCS/IPTS-37274/nexus/CNCS_666009.nxs.h5
666008,108367,YbZn2GaO5,"YZGO, MAG9, Ei=3.32meV, T=0.07K, B=14.0T w=-164.5deg",2025-10-25 02:54:22,2025-10-25 02:55:34,00:01:12,0.1,3.32,14.0,3.32,0.07,14.0,-164.5,/SNS/CNCS/IPTS-37274/nexus/CNCS_666008.nxs.h5
666007,108367,YbZn2GaO5,"YZGO, MAG9, Ei=3.32meV, T=0.07K, B=14.0T w=-165.0deg",2025-10-25 02:53:07,2025-10-25 02:54:19,00:01:11,0.1,3.32,14.0,3.32,0.07,14.0,-165.0,/SNS/CNCS/IPTS-37274/nexus/CNCS_666007.nxs.h5
666006,108367,YbZn2GaO5,"YZGO, MAG9, Ei=3.32meV, T=0.07K, B=14.0T w=-165.5deg",2025-10-25 02:51:51,2025-10-25 02:53:03,00:01:12,0.1,3.32,14.0,3.32,0.07,14.0,-165.5,/SNS/CNCS/IPTS-37274/nexus/CNCS_666006.nxs.h5
666005,108367,YbZn2GaO5,"YZGO, MAG9, Ei=3.32meV, T=0.07K, B=14.0T w=-166.0deg",2025-10-25 02:50:35,2025-10-25 02:51:47,00:01:12,0.1,3.32,14.0,3.32,0.07,14.0,-166.0,/SNS/CNCS/IPTS-37274/nexus/CNCS_666005.nxs.h5
666004,108367,YbZn2GaO5,"YZGO, MAG9, Ei=3.32meV, T=0.07K, B=14.0T w=-166.5deg",2025-10-25 02:49:19,2025-10-25 02:50:31,00:01:12,0.1,3.32,14.0,3.32,0.07,14.0,-166.5,/SNS/CNCS/IPTS-37274/nexus/CNCS_666004.nxs.h5
666003,108367,YbZn2GaO5,"YZGO, MAG9, Ei=3.32meV, T=0.07K, B=14.0T w=-167.0deg",2025-10-25 02:48:03,2025-10-25 02:49:15,00:01:12,0.1,3.32,14.0,3.32,0.07,14.0,-167.0,/SNS/CNCS/IPTS-37274/nexus/CNCS_666003.nxs.h5
666002,108367,YbZn2GaO5,"YZGO, MAG9, Ei=3.32meV, T=0.07K, B=14.0T w=-167.5deg",2025-10-25 02:46:47,2025-10-25 02:47:59,00:01:12,0.1,3.32,14.0,3.32,0.07,14.0,-167.5,/SNS/CNCS/IPTS-37274/nexus/CNCS_666002.nxs.h5
666001,108367,YbZn2GaO5,"YZGO, MAG9, Ei=3.32meV, T=0.07K, B=14.0T w=-168.0deg",2025-10-25 02:45:31,2025-10-25 02:46:44,00:01:12,0.1,3.32,14.0,3.32,0.07,14.0,-168.0,/SNS/CNCS/IPTS-37274/nexus/CNCS_666001.nxs.h5
666000,108367,YbZn2GaO5,"YZGO, MAG9, Ei=3.32meV, T=0.07K, B=14.0T w=-168.5deg",2025-10-25 02:44:15,2025-10-25 02:45:28,00:01:12,0.1,3.32,14.0,3.32,0.07,14.0,-168.5,/SNS/CNCS/IPTS-37274/nexus/CNCS_666000.nxs.h5
665999,108367,YbZn2GaO5,"YZGO, MAG9, Ei=3.32meV, T=0.07K, B=14.0T w=-169.0deg",2025-10-25 02:43:00,2025-10-25 02:44:12,00:01:12,0.1,3.32,14.0,3.32,0.07,14.0,-169.0,/SNS/CNCS/IPTS-37274/nexus/CNCS_665999.nxs.h5
665998,108367,YbZn2GaO5,"YZGO, MAG9, Ei=3.32meV, T=0.07K, B=14.0T w=-169.5deg",2025-10-25 02:41:44,2025-10-25 02:42:56,00:01:12,0.1,3.32,14.0,3.32,0.07,14.0,-169.5,/SNS/CNCS/IPTS-37274/nexus/CNCS_665998.nxs.h5
665997,108367,YbZn2GaO5,"YZGO, MAG9, Ei=3.32meV, T=0.07K, B=14.0T w=-170.0deg",2025-10-25 02:40:27,2025-10-25 02:41:40,00:01:13,0.1,3.32,14.0,3.32,0.07,14.0,-170.0,/SNS/CNCS/IPTS-37274/nexus/CNCS_665997.nxs.h5
665996,108367,YbZn2GaO5,"YZGO, MAG9, Ei=3.32meV, T=0.07K, B=14.0T w=-170.5deg",2025-10-25 02:39:07,2025-10-25 02:40:23,00:01:15,0.1,3.32,14.0,3.32,0.07,14.0,-170.5,/SNS/CNCS/IPTS-37274/nexus/CNCS_665996.nxs.h5
665995,108367,YbZn2GaO5,"YZGO, MAG9, Ei=3.32meV, T=0.07K, B=14.0T w=-171.0deg",2025-10-25 02:10:25,2025-10-25 02:39:04,00:28:39,0.13,3.32,14.0,3.32,0.07,14.0,-171.0,/SNS/CNCS/IPTS-37274/nexus/CNCS_665995.nxs.h5
665994,108367,YbZn2GaO5,"YZGO, MAG9, Ei=3.32meV, T=0.07K, B=14.0T w=-171.5deg",2025-10-25 02:09:09,2025-10-25 02:10:21,00:01:11,0.1,3.32,14.0,3.32,0.07,14.0,-171.5,/SNS/CNCS/IPTS-37274/nexus/CNCS_665994.nxs.h5
665993,108367,YbZn2GaO5,"YZGO, MAG9, Ei=3.32meV, T=0.07K, B=14.0T w=-172.0deg",2025-10-25 02:07:53,2025-10-25 02:09:06,00:01:12,0.1,3.32,14.0,3.32,0.07,14.0,-172.0,/SNS/CNCS/IPTS-37274/nexus/CNCS_665993.nxs.h5
665992,108367,YbZn2GaO5,"YZGO, MAG9, Ei=3.32meV, T=0.07K, B=14.0T w=-172.5deg",2025-10-25 02:06:37,2025-10-25 02:07:50,00:01:12,0.1,3.32,14.0,3.32,0.07,14.0,-172.5,/SNS/CNCS/IPTS-37274/nexus/CNCS_665992.nxs.h5
665991,108367,YbZn2GaO5,"YZGO, MAG9, Ei=3.32meV, T=0.07K, B=14.0T w=-173.0deg",2025-10-25 02:05:21,2025-10-25 02:06:34,00:01:12,0.1,3.32,14.0,3.32,0.07,14.0,-173.0,/SNS/CNCS/IPTS-37274/nexus/CNCS_665991.nxs.h5
665990,108367,YbZn2GaO5,"YZGO, MAG9, Ei=3.32meV, T=0.07K, B=14.0T w=-173.5deg",2025-10-25 02:04:06,2025-10-25 02:05:18,00:01:11,0.1,3.32,14.0,3.32,0.07,14.0,-173.5,/SNS/CNCS/IPTS-37274/nexus/CNCS_665990.nxs.h5
665989,108367,YbZn2GaO5,"YZGO, MAG9, Ei=3.32meV, T=0.07K, B=14.0T w=-174.0deg",2025-10-25 02:02:50,2025-10-25 02:04:02,00:01:11,0.1,3.32,14.0,3.32,0.07,14.0,-174.0,/SNS/CNCS/IPTS-37274/nexus/CNCS_665989.nxs.h5
665988,108367,YbZn2GaO5,"YZGO, MAG9, Ei=3.32meV, T=0.07K, B=14.0T w=-174.5deg",2025-10-25 02:01:35,2025-10-25 02:02:47,00:01:11,0.1,3.32,14.0,3.32,0.07,14.0,-174.5,/SNS/CNCS/IPTS-37274/nexus/CNCS_665988.nxs.h5
665987,108367,YbZn2GaO5,"YZGO, MAG9, Ei=3.32meV, T=0.07K, B=14.0T w=-175.0deg",2025-10-25 02:00:19,2025-10-25 02:01:31,00:01:12,0.1,3.32,14.0,3.32,0.07,14.0,-175.0,/SNS/CNCS/IPTS-37274/nexus/CNCS_665987.nxs.h5
665986,108367,YbZn2GaO5,"YZGO, MAG9, Ei=3.32meV, T=0.07K, B=14.0T w=-175.5deg",2025-10-25 01:59:03,2025-10-25 02:00:15,00:01:12,0.1,3.32,14.0,3.32,0.07,14.0,-175.5,/SNS/CNCS/IPTS-37274/nexus/CNCS_665986.nxs.h5
665985,108367,YbZn2GaO5,"YZGO, MAG9, Ei=3.32meV, T=0.07K, B=14.0T w=-176.0deg",2025-10-25 01:57:47,2025-10-25 01:58:59,00:01:12,0.1,3.32,14.0,3.32,0.07,14.0,-176.0,/SNS/CNCS/IPTS-37274/nexus/CNCS_665985.nxs.h5
665984,108367,YbZn2GaO5,"YZGO, MAG9, Ei=3.32meV, T=0.07K, B=14.0T w=-176.5deg",2025-10-25 01:56:31,2025-10-25 01:57:44,00:01:12,0.1,3.32,14.0,3.32,0.07,14.0,-176.5,/SNS/CNCS/IPTS-37274/nexus/CNCS_665984.nxs.h5
665983,108367,YbZn2GaO5,"YZGO, MAG9, Ei=3.32meV, T=0.07K, B=14.0T w=-177.0deg",2025-10-25 01:55:15,2025-10-25 01:56:28,00:01:12,0.1,3.32,14.0,3.32,0.07,14.0,-177.0,/SNS/CNCS/IPTS-37274/nexus/CNCS_665983.nxs.h5
665982,108367,YbZn2GaO5,"YZGO, MAG9, Ei=3.32meV, T=0.07K, B=14.0T w=-177.5deg",2025-10-25 01:54:00,2025-10-25 01:55:12,00:01:12,0.1,3.32,14.0,3.32,0.07,14.0,-177.5,/SNS/CNCS/IPTS-37274/nexus/CNCS_665982.nxs.h5
665981,108367,YbZn2GaO5,"YZGO, MAG9, Ei=3.32meV, T=0.07K, B=14.0T w=-178.0deg",2025-10-25 01:52:44,2025-10-25 01:53:56,00:01:12,0.1,3.32,14.0,3.32,0.07,14.0,-178.0,/SNS/CNCS/IPTS-37274/nexus/CNCS_665981.nxs.h5
665980,108367,YbZn2GaO5,"YZGO, MAG9, Ei=3.32meV, T=0.07K, B=14.0T w=-178.5deg",2025-10-25 01:51:28,2025-10-25 01:52:40,00:01:12,0.1,3.32,14.0,3.32,0.07,14.0,-178.5,/SNS/CNCS/IPTS-37274/nexus/CNCS_665980.nxs.h5
665979,108367,YbZn2GaO5,"YZGO, MAG9, Ei=3.32meV, T=0.07K, B=14.0T w=-179.0deg",2025-10-25 01:50:12,2025-10-25 01:51:24,00:01:12,0.1,3.32,14.0,3.32,0.07,14.0,-179.0,/SNS/CNCS/IPTS-37274/nexus/CNCS_665979.nxs.h5
665978,108367,YbZn2GaO5,"YZGO, MAG9, Ei=3.32meV, T=0.07K, B=14.0T w=-179.5deg",2025-10-25 01:48:56,2025-10-25 01:50:08,00:01:11,0.1,3.32,14.0,3.32,0.07,14.0,-179.5,/SNS/CNCS/IPTS-37274/nexus/CNCS_665978.nxs.h5
665977,108367,YbZn2GaO5,"YZGO, MAG9, Ei=3.32meV, T=0.07K, B=14.0T w=-180.0deg",2025-10-25 01:47:40,2025-10-25 01:48:53,00:01:12,0.1,3.32,14.0,3.32,0.07,14.0,-180.0,/SNS/CNCS/IPTS-37274/nexus/CNCS_665977.nxs.h5
665976,108367,YbZn2GaO5,"YZGO, MAG9, Ei=3.32meV, T=0.07K, B=14.0T w=-180.5deg",2025-10-25 01:46:24,2025-10-25 01:47:37,00:01:12,0.1,3.32,14.0,3.32,0.07,14.0,-180.5,/SNS/CNCS/IPTS-37274/nexus/CNCS_665976.nxs.h5
665975,108367,YbZn2GaO5,"YZGO, MAG9, Ei=3.32meV, T=0.07K, B=14.0T w=-181.0deg",2025-10-25 01:45:09,2025-10-25 01:46:21,00:01:12,0.1,3.32,14.0,3.32,0.07,14.0,-181.0,/SNS/CNCS/IPTS-37274/nexus/CNCS_665975.nxs.h5
665974,108367,YbZn2GaO5,"YZGO, MAG9, Ei=3.32meV, T=0.07K, B=14.0T w=-181.5deg",2025-10-25 01:43:53,2025-10-25 01:45:05,00:01:12,0.1,3.32,14.0,3.32,0.07,14.0,-181.5,/SNS/CNCS/IPTS-37274/nexus/CNCS_665974.nxs.h5
665973,108367,YbZn2GaO5,"YZGO, MAG9, Ei=3.32meV, T=0.07K, B=14.0T w=-182.0deg",2025-10-25 01:42:37,2025-10-25 01:43:49,00:01:12,0.1,3.32,14.0,3.32,0.07,14.0,-182.0,/SNS/CNCS/IPTS-37274/nexus/CNCS_665973.nxs.h5
665972,108367,YbZn2GaO5,"YZGO, MAG9, Ei=3.32meV, T=0.07K, B=14.0T w=-182.5deg",2025-10-25 01:41:21,2025-10-25 01:42:33,00:01:12,0.1,3.32,14.0,3.32,0.07,14.0,-182.5,/SNS/CNCS/IPTS-37274/nexus/CNCS_665972.nxs.h5
665971,108367,YbZn2GaO5,"YZGO, MAG9, Ei=3.32meV, T=0.07K, B=14.0T w=-183.0deg",2025-10-25 01:40:05,2025-10-25 01:41:17,00:01:12,0.1,3.32,14.0,3.32,0.07,14.0,-183.0,/SNS/CNCS/IPTS-37274/nexus/CNCS_665971.nxs.h5
665970,108367,YbZn2GaO5,"YZGO, MAG9, Ei=3.32meV, T=0.07K, B=14.0T w=-183.5deg",2025-10-25 01:38:49,2025-10-25 01:40:02,00:01:12,0.1,3.32,14.0,3.32,0.07,14.0,-183.5,/SNS/CNCS/IPTS-37274/nexus/CNCS_665970.nxs.h5
665969,108367,YbZn2GaO5,"YZGO, MAG9, Ei=3.32meV, T=0.07K, B=14.0T w=-184.0deg",2025-10-25 01:37:33,2025-10-25 01:38:46,00:01:12,0.1,3.32,14.0,3.32,0.07,14.0,-184.0,/SNS/CNCS/IPTS-37274/nexus/CNCS_665969.nxs.h5
665968,108367,YbZn2GaO5,"YZGO, MAG9, Ei=3.32meV, T=0.07K, B=14.0T w=-184.5deg",2025-10-25 01:36:17,2025-10-25 01:37:30,00:01:12,0.1,3.32,14.0,3.32,0.07,14.0,-184.5,/SNS/CNCS/IPTS-37274/nexus/CNCS_665968.nxs.h5
665967,108367,YbZn2GaO5,"YZGO, MAG9, Ei=3.32meV, T=0.07K, B=14.0T w=-185.0deg",2025-10-25 01:35:01,2025-10-25 01:36:14,00:01:12,0.1,3.32,14.0,3.32,0.07,14.0,-185.0,/SNS/CNCS/IPTS-37274/nexus/CNCS_665967.nxs.h5
665966,108367,YbZn2GaO5,"YZGO, MAG9, Ei=3.32meV, T=0.07K, B=14.0T w=-185.5deg",2025-10-25 01:33:46,2025-10-25 01:34:58,00:01:12,0.1,3.32,14.0,3.32,0.07,14.0,-185.5,/SNS/CNCS/IPTS-37274/nexus/CNCS_665966.nxs.h5
665965,108367,YbZn2GaO5,"YZGO, MAG9, Ei=3.32meV, T=0.07K, B=14.0T w=-186.0deg",2025-10-25 01:32:30,2025-10-25 01:33:42,00:01:12,0.1,3.32,14.0,3.32,0.07,14.0,-186.0,/SNS/CNCS/IPTS-37274/nexus/CNCS_665965.nxs.h5
665964,108367,YbZn2GaO5,"YZGO, MAG9, Ei=3.32meV, T=0.07K, B=14.0T w=-186.5deg",2025-10-25 01:31:14,2025-10-25 01:32:26,00:01:12,0.1,3.32,14.0,3.32,0.07,14.0,-186.5,/SNS/CNCS/IPTS-37274/nexus/CNCS_665964.nxs.h5
665963,108367,YbZn2GaO5,"YZGO, MAG9, Ei=3.32meV, T=0.07K, B=14.0T w=-187.0deg",2025-10-25 01:29:56,2025-10-25 01:31:10,00:01:13,0.1,3.32,14.0,3.32,0.07,14.0,-187.0,/SNS/CNCS/IPTS-37274/nexus/CNCS_665963.nxs.h5
665962,108367,YbZn2GaO5,"YZGO, MAG9, Ei=3.32meV, T=0.07K, B=14.0T w=-187.5deg",2025-10-25 01:28:41,2025-10-25 01:29:53,00:01:11,0.1,3.32,14.0,3.32,0.07,14.0,-187.5,/SNS/CNCS/IPTS-37274/nexus/CNCS_665962.nxs.h5
665961,108367,YbZn2GaO5,"YZGO, MAG9, Ei=3.32meV, T=0.07K, B=14.0T w=-188.0deg",2025-10-25 01:27:25,2025-10-25 01:28:37,00:01:11,0.1,3.32,13.8,3.32,0.07,14.0,-188.0,/SNS/CNCS/IPTS-37274/nexus/CNCS_665961.nxs.h5
665960,108367,YbZn2GaO5,"YZGO, MAG9, Ei=3.32meV, T=0.07K, B=14.0T w=-188.5deg",2025-10-25 01:26:10,2025-10-25 01:27:22,00:01:11,0.1,3.32,13.6,3.32,0.07,14.0,-188.5,/SNS/CNCS/IPTS-37274/nexus/CNCS_665960.nxs.h5
665959,108367,YbZn2GaO5,"YZGO, MAG9, Ei=3.32meV, T=0.07K, B=14.0T w=-189.0deg",2025-10-25 01:24:54,2025-10-25 01:26:06,00:01:11,0.1,3.32,13.5,3.32,0.07,14.0,-189.0,/SNS/CNCS/IPTS-37274/nexus/CNCS_665959.nxs.h5
665958,108367,YbZn2GaO5,"YZGO, MAG9, Ei=3.32meV, T=0.07K, B=14.0T w=-189.5deg",2025-10-25 01:22:28,2025-10-25 01:24:51,00:02:22,0.1,3.32,13.2,3.32,0.07,14.0,-189.5,/SNS/CNCS/IPTS-37274/nexus/CNCS_665958.nxs.h5
665957,108367,YbZn2GaO5,"YZGO, MAG9, Ei=3.32meV, T=0.07K, B=14.0T w=-190.0deg",2025-10-25 01:21:13,2025-10-25 01:22:25,00:01:11,0.1,3.32,12.9,3.32,0.07,14.0,-190.0,/SNS/CNCS/IPTS-37274/nexus/CNCS_665957.nxs.h5
665956,108367,YbZn2GaO5,"YZGO, MAG9, Ei=3.32meV, T=0.07K, B=9.0T w=54.5deg",2025-10-25 00:46:50,2025-10-25 00:48:02,00:01:11,0.1,3.32,9.0,3.32,0.07,9.0,54.5,/SNS/CNCS/IPTS-37274/nexus/CNCS_665956.nxs.h5
665955,108367,YbZn2GaO5,"YZGO, MAG9, Ei=3.32meV, T=0.07K, B=9.0T w=54.0deg",2025-10-25 00:45:35,2025-10-25 00:46:46,00:01:11,0.1,3.32,9.0,3.32,0.07,9.0,54.0,/SNS/CNCS/IPTS-37274/nexus/CNCS_665955.nxs.h5
665954,108367,YbZn2GaO5,"YZGO, MAG9, Ei=3.32meV, T=0.07K, B=9.0T w=53.5deg",2025-10-25 00:44:19,2025-10-25 00:45:31,00:01:11,0.1,3.32,9.0,3.32,0.07,9.0,53.5,/SNS/CNCS/IPTS-37274/nexus/CNCS_665954.nxs.h5
665953,108367,YbZn2GaO5,"YZGO, MAG9, Ei=3.32meV, T=0.07K, B=9.0T w=53.0deg",2025-10-25 00:43:03,2025-10-25 00:44:16,00:01:12,0.1,3.32,9.0,3.32,0.07,9.0,53.0,/SNS/CNCS/IPTS-37274/nexus/CNCS_665953.nxs.h5
665952,108367,YbZn2GaO5,"YZGO, MAG9, Ei=3.32meV, T=0.07K, B=9.0T w=52.5deg",2025-10-25 00:41:48,2025-10-25 00:43:00,00:01:11,0.1,3.32,9.0,3.32,0.07,9.0,52.5,/SNS/CNCS/IPTS-37274/nexus/CNCS_665952.nxs.h5
665951,108367,YbZn2GaO5,"YZGO, MAG9, Ei=3.32meV, T=0.07K, B=9.0T w=52.0deg",2025-10-25 00:40:33,2025-10-25 00:41:44,00:01:11,0.1,3.32,9.0,3.32,0.07,9.0,52.0,/SNS/CNCS/IPTS-37274/nexus/CNCS_665951.nxs.h5
665950,108367,YbZn2GaO5,"YZGO, MAG9, Ei=3.32meV, T=0.07K, B=9.0T w=51.5deg",2025-10-25 00:39:17,2025-10-25 00:40:29,00:01:11,0.1,3.32,9.0,3.32,0.07,9.0,51.5,/SNS/CNCS/IPTS-37274/nexus/CNCS_665950.nxs.h5
665949,108367,YbZn2GaO5,"YZGO, MAG9, Ei=3.32meV, T=0.07K, B=9.0T w=51.0deg",2025-10-25 00:38:01,2025-10-25 00:39:14,00:01:12,0.1,3.32,9.0,3.32,0.07,9.0,51.0,/SNS/CNCS/IPTS-37274/nexus/CNCS_665949.nxs.h5
665948,108367,YbZn2GaO5,"YZGO, MAG9, Ei=3.32meV, T=0.07K, B=9.0T w=50.5deg",2025-10-25 00:36:45,2025-10-25 00:37:58,00:01:12,0.1,3.32,9.0,3.32,0.07,9.0,50.5,/SNS/CNCS/IPTS-37274/nexus/CNCS_665948.nxs.h5
665947,108367,YbZn2GaO5,"YZGO, MAG9, Ei=3.32meV, T=0.07K, B=9.0T w=50.0deg",2025-10-25 00:35:30,2025-10-25 00:36:42,00:01:11,0.1,3.32,9.0,3.32,0.07,9.0,50.0,/SNS/CNCS/IPTS-37274/nexus/CNCS_665947.nxs.h5
665946,108367,YbZn2GaO5,"YZGO, MAG9, Ei=3.32meV, T=0.07K, B=9.0T w=49.5deg",2025-10-25 00:34:15,2025-10-25 00:35:26,00:01:11,0.1,3.32,9.0,3.32,0.07,9.0,49.5,/SNS/CNCS/IPTS-37274/nexus/CNCS_665946.nxs.h5
665945,108367,YbZn2GaO5,"YZGO, MAG9, Ei=3.32meV, T=0.07K, B=9.0T w=49.0deg",2025-10-25 00:32:59,2025-10-25 00:34:11,00:01:11,0.1,3.32,9.0,3.32,0.07,9.0,49.0,/SNS/CNCS/IPTS-37274/nexus/CNCS_665945.nxs.h5
665944,108367,YbZn2GaO5,"YZGO, MAG9, Ei=3.32meV, T=0.07K, B=9.0T w=48.5deg",2025-10-25 00:31:44,2025-10-25 00:32:56,00:01:11,0.1,3.32,9.0,3.32,0.07,9.0,48.5,/SNS/CNCS/IPTS-37274/nexus/CNCS_665944.nxs.h5
665943,108367,YbZn2GaO5,"YZGO, MAG9, Ei=3.32meV, T=0.07K, B=9.0T w=48.0deg",2025-10-25 00:30:28,2025-10-25 00:31:40,00:01:11,0.1,3.32,9.0,3.32,0.07,9.0,48.0,/SNS/CNCS/IPTS-37274/nexus/CNCS_665943.nxs.h5
665942,108367,YbZn2GaO5,"YZGO, MAG9, Ei=3.32meV, T=0.07K, B=9.0T w=47.5deg",2025-10-25 00:29:13,2025-10-25 00:30:25,00:01:12,0.1,3.32,9.0,3.32,0.07,9.0,47.5,/SNS/CNCS/IPTS-37274/nexus/CNCS_665942.nxs.h5
665941,108367,YbZn2GaO5,"YZGO, MAG9, Ei=3.32meV, T=0.07K, B=9.0T w=47.0deg",2025-10-25 00:27:57,2025-10-25 00:29:09,00:01:11,0.1,3.32,9.0,3.32,0.07,9.0,47.0,/SNS/CNCS/IPTS-37274/nexus/CNCS_665941.nxs.h5
665940,108367,YbZn2GaO5,"YZGO, MAG9, Ei=3.32meV, T=0.07K, B=9.0T w=46.5deg",2025-10-25 00:26:42,2025-10-25 00:27:54,00:01:11,0.1,3.32,9.0,3.32,0.07,9.0,46.5,/SNS/CNCS/IPTS-37274/nexus/CNCS_665940.nxs.h5
665939,108367,YbZn2GaO5,"YZGO, MAG9, Ei=3.32meV, T=0.07K, B=9.0T w=46.0deg",2025-10-25 00:25:26,2025-10-25 00:26:38,00:01:11,0.1,3.32,9.0,3.32,0.07,9.0,46.0,/SNS/CNCS/IPTS-37274/nexus/CNCS_665939.nxs.h5
665938,108367,YbZn2GaO5,"YZGO, MAG9, Ei=3.32meV, T=0.07K, B=9.0T w=45.5deg",2025-10-25 00:24:11,2025-10-25 00:25:23,00:01:11,0.1,3.32,9.0,3.32,0.07,9.0,45.5,/SNS/CNCS/IPTS-37274/nexus/CNCS_665938.nxs.h5
665937,108367,YbZn2GaO5,"YZGO, MAG9, Ei=3.32meV, T=0.07K, B=9.0T w=45.0deg",2025-10-25 00:22:55,2025-10-25 00:24:07,00:01:11,0.1,3.32,9.0,3.32,0.07,9.0,45.0,/SNS/CNCS/IPTS-37274/nexus/CNCS_665937.nxs.h5
665936,108367,YbZn2GaO5,"YZGO, MAG9, Ei=3.32meV, T=0.07K, B=9.0T w=44.5deg",2025-10-25 00:21:40,2025-10-25 00:22:52,00:01:11,0.1,3.32,9.0,3.32,0.07,9.0,44.5,/SNS/CNCS/IPTS-37274/nexus/CNCS_665936.nxs.h5
665935,108367,YbZn2GaO5,"YZGO, MAG9, Ei=3.32meV, T=0.07K, B=9.0T w=44.0deg",2025-10-25 00:20:25,2025-10-25 00:21:36,00:01:11,0.1,3.32,9.0,3.32,0.07,9.0,44.0,/SNS/CNCS/IPTS-37274/nexus/CNCS_665935.nxs.h5
665934,108367,YbZn2GaO5,"YZGO, MAG9, Ei=3.32meV, T=0.07K, B=9.0T w=43.5deg",2025-10-25 00:19:09,2025-10-25 00:20:21,00:01:11,0.1,3.32,9.0,3.32,0.07,9.0,43.5,/SNS/CNCS/IPTS-37274/nexus/CNCS_665934.nxs.h5
665933,108367,YbZn2GaO5,"YZGO, MAG9, Ei=3.32meV, T=0.07K, B=9.0T w=43.0deg",2025-10-25 00:17:54,2025-10-25 00:19:06,00:01:11,0.1,3.32,9.0,3.32,0.07,9.0,43.0,/SNS/CNCS/IPTS-37274/nexus/CNCS_665933.nxs.h5
665932,108367,YbZn2GaO5,"YZGO, MAG9, Ei=3.32meV, T=0.07K, B=9.0T w=42.5deg",2025-10-25 00:16:39,2025-10-25 00:17:50,00:01:11,0.1,3.32,9.0,3.32,0.07,9.0,42.5,/SNS/CNCS/IPTS-37274/nexus/CNCS_665932.nxs.h5
665931,108367,YbZn2GaO5,"YZGO, MAG9, Ei=3.32meV, T=0.07K, B=9.0T w=42.0deg",2025-10-25 00:15:23,2025-10-25 00:16:35,00:01:11,0.1,3.32,9.0,3.32,0.07,9.0,42.0,/SNS/CNCS/IPTS-37274/nexus/CNCS_665931.nxs.h5
665930,108367,YbZn2GaO5,"YZGO, MAG9, Ei=3.32meV, T=0.07K, B=9.0T w=41.5deg",2025-10-25 00:14:08,2025-10-25 00:15:20,00:01:11,0.1,3.32,9.0,3.32,0.07,9.0,41.5,/SNS/CNCS/IPTS-37274/nexus/CNCS_665930.nxs.h5
665929,108367,YbZn2GaO5,"YZGO, MAG9, Ei=3.32meV, T=0.07K, B=9.0T w=41.0deg",2025-10-25 00:12:52,2025-10-25 00:14:04,00:01:11,0.1,3.32,9.0,3.32,0.07,9.0,41.0,/SNS/CNCS/IPTS-37274/nexus/CNCS_665929.nxs.h5
665928,108367,YbZn2GaO5,"YZGO, MAG9, Ei=3.32meV, T=0.07K, B=9.0T w=40.5deg",2025-10-25 00:11:37,2025-10-25 00:12:49,00:01:11,0.1,3.32,9.0,3.32,0.07,9.0,40.5,/SNS/CNCS/IPTS-37274/nexus/CNCS_665928.nxs.h5
665927,108367,YbZn2GaO5,"YZGO, MAG9, Ei=3.32meV, T=0.07K, B=9.0T w=40.0deg",2025-10-25 00:10:21,2025-10-25 00:11:33,00:01:11,0.1,3.32,9.0,3.32,0.07,9.0,40.0,/SNS/CNCS/IPTS-37274/nexus/CNCS_665927.nxs.h5
665926,108367,YbZn2GaO5,"YZGO, MAG9, Ei=3.32meV, T=0.07K, B=9.0T w=39.5deg",2025-10-25 00:09:06,2025-10-25 00:10:18,00:01:11,0.1,3.32,9.0,3.32,0.07,9.0,39.5,/SNS/CNCS/IPTS-37274/nexus/CNCS_665926.nxs.h5
665925,108367,YbZn2GaO5,"YZGO, MAG9, Ei=3.32meV, T=0.07K, B=9.0T w=39.0deg",2025-10-25 00:07:51,2025-10-25 00:09:02,00:01:11,0.1,3.32,9.0,3.32,0.07,9.0,39.0,/SNS/CNCS/IPTS-37274/nexus/CNCS_665925.nxs.h5
665924,108367,YbZn2GaO5,"YZGO, MAG9, Ei=3.32meV, T=0.07K, B=9.0T w=38.5deg",2025-10-25 00:06:35,2025-10-25 00:07:47,00:01:12,0.1,3.32,9.0,3.32,0.07,9.0,38.5,/SNS/CNCS/IPTS-37274/nexus/CNCS_665924.nxs.h5
665923,108367,YbZn2GaO5,"YZGO, MAG9, Ei=3.32meV, T=0.07K, B=9.0T w=38.0deg",2025-10-25 00:05:18,2025-10-25 00:06:31,00:01:12,0.1,3.32,9.0,3.32,0.07,9.0,38.0,/SNS/CNCS/IPTS-37274/nexus/CNCS_665923.nxs.h5
665922,108367,YbZn2GaO5,"YZGO, MAG9, Ei=3.32meV, T=0.07K, B=9.0T w=37.5deg",2025-10-25 00:03:31,2025-10-25 00:05:15,00:01:43,0.1,3.32,9.0,3.32,0.07,9.0,37.5,/SNS/CNCS/IPTS-37274/nexus/CNCS_665922.nxs.h5
665921,108367,YbZn2GaO5,"YZGO, MAG9, Ei=3.32meV, T=0.07K, B=9.0T w=37.0deg",2025-10-25 00:02:16,2025-10-25 00:03:27,00:01:11,0.1,3.32,9.0,3.32,0.07,9.0,37.0,/SNS/CNCS/IPTS-37274/nexus/CNCS_665921.nxs.h5
665920,108367,YbZn2GaO5,"YZGO, MAG9, Ei=3.32meV, T=0.07K, B=9.0T w=36.5deg",2025-10-25 00:01:00,2025-10-25 00:02:12,00:01:11,0.1,3.32,9.0,3.32,0.07,9.0,36.5,/SNS/CNCS/IPTS-37274/nexus/CNCS_665920.nxs.h5
665919,108367,YbZn2GaO5,"YZGO, MAG9, Ei=3.32meV, T=0.07K, B=9.0T w=36.0deg",2025-10-24 23:59:45,2025-10-25 00:00:57,00:01:11,0.1,3.32,9.0,3.32,0.07,9.0,36.0,/SNS/CNCS/IPTS-37274/nexus/CNCS_665919.nxs.h5
665918,108367,YbZn2GaO5,"YZGO, MAG9, Ei=3.32meV, T=0.07K, B=9.0T w=35.5deg",2025-10-24 23:58:29,2025-10-24 23:59:41,00:01:11,0.1,3.32,9.0,3.32,0.07,9.0,35.5,/SNS/CNCS/IPTS-37274/nexus/CNCS_665918.nxs.h5
665917,108367,YbZn2GaO5,"YZGO, MAG9, Ei=3.32meV, T=0.07K, B=9.0T w=35.0deg",2025-10-24 23:57:13,2025-10-24 23:58:26,00:01:12,0.1,3.32,9.0,3.32,0.07,9.0,35.0,/SNS/CNCS/IPTS-37274/nexus/CNCS_665917.nxs.h5
665916,108367,YbZn2GaO5,"YZGO, MAG9, Ei=3.32meV, T=0.07K, B=9.0T w=34.5deg",2025-10-24 23:55:58,2025-10-24 23:57:10,00:01:12,0.1,3.32,9.0,3.32,0.07,9.0,34.5,/SNS/CNCS/IPTS-37274/nexus/CNCS_665916.nxs.h5
665915,108367,YbZn2GaO5,"YZGO, MAG9, Ei=3.32meV, T=0.07K, B=9.0T w=34.0deg",2025-10-24 23:54:42,2025-10-24 23:55:54,00:01:12,0.1,3.32,9.0,3.32,0.07,9.0,34.0,/SNS/CNCS/IPTS-37274/nexus/CNCS_665915.nxs.h5
665914,108367,YbZn2GaO5,"YZGO, MAG9, Ei=3.32meV, T=0.07K, B=9.0T w=33.5deg",2025-10-24 23:53:27,2025-10-24 23:54:38,00:01:11,0.1,3.32,9.0,3.32,0.07,9.0,33.5,/SNS/CNCS/IPTS-37274/nexus/CNCS_665914.nxs.h5
665913,108367,YbZn2GaO5,"YZGO, MAG9, Ei=3.32meV, T=0.07K, B=9.0T w=33.0deg",2025-10-24 23:52:11,2025-10-24 23:53:23,00:01:11,0.1,3.32,9.0,3.32,0.07,9.0,33.0,/SNS/CNCS/IPTS-37274/nexus/CNCS_665913.nxs.h5
665912,108367,YbZn2GaO5,"YZGO, MAG9, Ei=3.32meV, T=0.07K, B=9.0T w=32.5deg",2025-10-24 23:50:55,2025-10-24 23:52:07,00:01:12,0.1,3.32,9.0,3.32,0.07,9.0,32.5,/SNS/CNCS/IPTS-37274/nexus/CNCS_665912.nxs.h5
665911,108367,YbZn2GaO5,"YZGO, MAG9, Ei=3.32meV, T=0.07K, B=9.0T w=32.0deg",2025-10-24 23:49:40,2025-10-24 23:50:52,00:01:11,0.1,3.32,9.0,3.32,0.07,9.0,32.0,/SNS/CNCS/IPTS-37274/nexus/CNCS_665911.nxs.h5
665910,108367,YbZn2GaO5,"YZGO, MAG9, Ei=3.32meV, T=0.07K, B=9.0T w=31.5deg",2025-10-24 23:48:24,2025-10-24 23:49:36,00:01:12,0.1,3.32,9.0,3.32,0.07,9.0,31.5,/SNS/CNCS/IPTS-37274/nexus/CNCS_665910.nxs.h5
665909,108367,YbZn2GaO5,"YZGO, MAG9, Ei=3.32meV, T=0.07K, B=9.0T w=31.0deg",2025-10-24 23:47:08,2025-10-24 23:48:20,00:01:11,0.1,3.32,9.0,3.32,0.07,9.0,31.0,/SNS/CNCS/IPTS-37274/nexus/CNCS_665909.nxs.h5
665908,108367,YbZn2GaO5,"YZGO, MAG9, Ei=3.32meV, T=0.07K, B=9.0T w=30.5deg",2025-10-24 23:45:53,2025-10-24 23:47:05,00:01:11,0.1,3.32,9.0,3.32,0.07,9.0,30.5,/SNS/CNCS/IPTS-37274/nexus/CNCS_665908.nxs.h5
665907,108367,YbZn2GaO5,"YZGO, MAG9, Ei=3.32meV, T=0.07K, B=9.0T w=30.0deg",2025-10-24 23:44:37,2025-10-24 23:45:49,00:01:11,0.1,3.32,9.0,3.32,0.07,9.0,30.0,/SNS/CNCS/IPTS-37274/nexus/CNCS_665907.nxs.h5
665906,108367,YbZn2GaO5,"YZGO, MAG9, Ei=3.32meV, T=0.07K, B=9.0T w=29.5deg",2025-10-24 23:43:21,2025-10-24 23:44:34,00:01:12,0.1,3.32,9.0,3.32,0.07,9.0,29.5,/SNS/CNCS/IPTS-37274/nexus/CNCS_665906.nxs.h5
665905,108367,YbZn2GaO5,"YZGO, MAG9, Ei=3.32meV, T=0.07K, B=9.0T w=29.0deg",2025-10-24 23:42:06,2025-10-24 23:43:18,00:01:11,0.1,3.32,9.0,3.32,0.07,9.0,29.0,/SNS/CNCS/IPTS-37274/nexus/CNCS_665905.nxs.h5
665904,108367,YbZn2GaO5,"YZGO, MAG9, Ei=3.32meV, T=0.07K, B=9.0T w=28.5deg",2025-10-24 23:40:51,2025-10-24 23:42:02,00:01:11,0.1,3.32,9.0,3.32,0.07,9.0,28.5,/SNS/CNCS/IPTS-37274/nexus/CNCS_665904.nxs.h5
665903,108367,YbZn2GaO5,"YZGO, MAG9, Ei=3.32meV, T=0.07K, B=9.0T w=28.0deg",2025-10-24 23:39:35,2025-10-24 23:40:47,00:01:11,0.1,3.32,9.0,3.32,0.07,9.0,28.0,/SNS/CNCS/IPTS-37274/nexus/CNCS_665903.nxs.h5
665902,108367,YbZn2GaO5,"YZGO, MAG9, Ei=3.32meV, T=0.07K, B=9.0T w=27.5deg",2025-10-24 23:38:20,2025-10-24 23:39:32,00:01:11,0.1,3.32,9.0,3.32,0.07,9.0,27.5,/SNS/CNCS/IPTS-37274/nexus/CNCS_665902.nxs.h5
665901,108367,YbZn2GaO5,"YZGO, MAG9, Ei=3.32meV, T=0.07K, B=9.0T w=27.0deg",2025-10-24 23:37:04,2025-10-24 23:38:16,00:01:11,0.1,3.32,9.0,3.32,0.07,9.0,27.0,/SNS/CNCS/IPTS-37274/nexus/CNCS_665901.nxs.h5
665900,108367,YbZn2GaO5,"YZGO, MAG9, Ei=3.32meV, T=0.07K, B=9.0T w=26.5deg",2025-10-24 23:35:49,2025-10-24 23:37:01,00:01:11,0.1,3.32,9.0,3.32,0.07,9.0,26.5,/SNS/CNCS/IPTS-37274/nexus/CNCS_665900.nxs.h5
665899,108367,YbZn2GaO5,"YZGO, MAG9, Ei=3.32meV, T=0.07K, B=9.0T w=26.0deg",2025-10-24 23:34:33,2025-10-24 23:35:45,00:01:11,0.1,3.32,9.0,3.32,0.07,9.0,26.0,/SNS/CNCS/IPTS-37274/nexus/CNCS_665899.nxs.h5
665898,108367,YbZn2GaO5,"YZGO, MAG9, Ei=3.32meV, T=0.07K, B=9.0T w=25.5deg",2025-10-24 23:33:16,2025-10-24 23:34:30,00:01:13,0.1,3.32,9.0,3.32,0.07,9.0,25.5,/SNS/CNCS/IPTS-37274/nexus/CNCS_665898.nxs.h5
665897,108367,YbZn2GaO5,"YZGO, MAG9, Ei=3.32meV, T=0.07K, B=9.0T w=25.0deg",2025-10-24 23:32:01,2025-10-24 23:33:13,00:01:11,0.1,3.32,9.0,3.32,0.07,9.0,25.0,/SNS/CNCS/IPTS-37274/nexus/CNCS_665897.nxs.h5
665896,108367,YbZn2GaO5,"YZGO, MAG9, Ei=3.32meV, T=0.07K, B=9.0T w=24.5deg",2025-10-24 23:30:45,2025-10-24 23:31:58,00:01:12,0.1,3.32,9.0,3.32,0.07,9.0,24.5,/SNS/CNCS/IPTS-37274/nexus/CNCS_665896.nxs.h5
665895,108367,YbZn2GaO5,"YZGO, MAG9, Ei=3.32meV, T=0.07K, B=9.0T w=24.0deg",2025-10-24 23:29:30,2025-10-24 23:30:42,00:01:11,0.1,3.32,9.0,3.32,0.07,9.0,24.0,/SNS/CNCS/IPTS-37274/nexus/CNCS_665895.nxs.h5
665894,108367,YbZn2GaO5,"YZGO, MAG9, Ei=3.32meV, T=0.07K, B=9.0T w=23.5deg",2025-10-24 23:28:14,2025-10-24 23:29:26,00:01:11,0.1,3.32,9.0,3.32,0.07,9.0,23.5,/SNS/CNCS/IPTS-37274/nexus/CNCS_665894.nxs.h5
665893,108367,YbZn2GaO5,"YZGO, MAG9, Ei=3.32meV, T=0.07K, B=9.0T w=23.0deg",2025-10-24 23:26:59,2025-10-24 23:28:11,00:01:12,0.1,3.32,9.0,3.32,0.07,9.0,23.0,/SNS/CNCS/IPTS-37274/nexus/CNCS_665893.nxs.h5
665892,108367,YbZn2GaO5,"YZGO, MAG9, Ei=3.32meV, T=0.07K, B=9.0T w=22.5deg",2025-10-24 23:25:43,2025-10-24 23:26:55,00:01:12,0.1,3.32,9.0,3.32,0.07,9.0,22.5,/SNS/CNCS/IPTS-37274/nexus/CNCS_665892.nxs.h5
665891,108367,YbZn2GaO5,"YZGO, MAG9, Ei=3.32meV, T=0.07K, B=9.0T w=22.0deg",2025-10-24 23:24:27,2025-10-24 23:25:39,00:01:11,0.1,3.32,9.0,3.32,0.07,9.0,22.0,/SNS/CNCS/IPTS-37274/nexus/CNCS_665891.nxs.h5
665890,108367,YbZn2GaO5,"YZGO, MAG9, Ei=3.32meV, T=0.07K, B=9.0T w=21.5deg",2025-10-24 23:23:12,2025-10-24 23:24:24,00:01:11,0.1,3.32,9.0,3.32,0.07,9.0,21.5,/SNS/CNCS/IPTS-37274/nexus/CNCS_665890.nxs.h5
665889,108367,YbZn2GaO5,"YZGO, MAG9, Ei=3.32meV, T=0.07K, B=9.0T w=21.0deg",2025-10-24 23:21:56,2025-10-24 23:23:08,00:01:11,0.1,3.32,9.0,3.32,0.07,9.0,21.0,/SNS/CNCS/IPTS-37274/nexus/CNCS_665889.nxs.h5
665888,108367,YbZn2GaO5,"YZGO, MAG9, Ei=3.32meV, T=0.07K, B=9.0T w=20.5deg",2025-10-24 23:20:41,2025-10-24 23:21:53,00:01:11,0.1,3.32,9.0,3.32,0.07,9.0,20.5,/SNS/CNCS/IPTS-37274/nexus/CNCS_665888.nxs.h5
665887,108367,YbZn2GaO5,"YZGO, MAG9, Ei=3.32meV, T=0.07K, B=9.0T w=20.0deg",2025-10-24 23:19:26,2025-10-24 23:20:38,00:01:11,0.1,3.32,9.0,3.32,0.07,9.0,20.0,/SNS/CNCS/IPTS-37274/nexus/CNCS_665887.nxs.h5
665886,108367,YbZn2GaO5,"YZGO, MAG9, Ei=3.32meV, T=0.07K, B=9.0T w=19.5deg",2025-10-24 23:18:10,2025-10-24 23:19:22,00:01:11,0.1,3.32,9.0,3.32,0.07,9.0,19.5,/SNS/CNCS/IPTS-37274/nexus/CNCS_665886.nxs.h5
665885,108367,YbZn2GaO5,"YZGO, MAG9, Ei=3.32meV, T=0.07K, B=9.0T w=19.0deg",2025-10-24 23:16:54,2025-10-24 23:18:07,00:01:12,0.1,3.32,9.0,3.32,0.07,9.0,19.0,/SNS/CNCS/IPTS-37274/nexus/CNCS_665885.nxs.h5
665884,108367,YbZn2GaO5,"YZGO, MAG9, Ei=3.32meV, T=0.07K, B=9.0T w=18.5deg",2025-10-24 23:15:38,2025-10-24 23:16:51,00:01:12,0.1,3.32,9.0,3.32,0.07,9.0,18.5,/SNS/CNCS/IPTS-37274/nexus/CNCS_665884.nxs.h5
665883,108367,YbZn2GaO5,"YZGO, MAG9, Ei=3.32meV, T=0.07K, B=9.0T w=18.0deg",2025-10-24 23:14:23,2025-10-24 23:15:35,00:01:11,0.1,3.32,9.0,3.32,0.07,9.0,18.0,/SNS/CNCS/IPTS-37274/nexus/CNCS_665883.nxs.h5
665882,108367,YbZn2GaO5,"YZGO, MAG9, Ei=3.32meV, T=0.07K, B=9.0T w=17.5deg",2025-10-24 23:13:08,2025-10-24 23:14:19,00:01:11,0.1,3.32,9.0,3.32,0.07,9.0,17.5,/SNS/CNCS/IPTS-37274/nexus/CNCS_665882.nxs.h5
665881,108367,YbZn2GaO5,"YZGO, MAG9, Ei=3.32meV, T=0.07K, B=9.0T w=17.0deg",2025-10-24 23:11:52,2025-10-24 23:13:04,00:01:11,0.1,3.32,9.0,3.32,0.07,9.0,17.0,/SNS/CNCS/IPTS-37274/nexus/CNCS_665881.nxs.h5
665880,108367,YbZn2GaO5,"YZGO, MAG9, Ei=3.32meV, T=0.07K, B=9.0T w=16.5deg",2025-10-24 23:10:37,2025-10-24 23:11:49,00:01:11,0.1,3.32,9.0,3.32,0.07,9.0,16.5,/SNS/CNCS/IPTS-37274/nexus/CNCS_665880.nxs.h5
665879,108367,YbZn2GaO5,"YZGO, MAG9, Ei=3.32meV, T=0.07K, B=9.0T w=16.0deg",2025-10-24 23:09:21,2025-10-24 23:10:33,00:01:11,0.1,3.32,9.0,3.32,0.07,9.0,16.0,/SNS/CNCS/IPTS-37274/nexus/CNCS_665879.nxs.h5
665878,108367,YbZn2GaO5,"YZGO, MAG9, Ei=3.32meV, T=0.07K, B=9.0T w=15.5deg",2025-10-24 23:08:05,2025-10-24 23:09:18,00:01:12,0.1,3.32,9.0,3.32,0.07,9.0,15.5,/SNS/CNCS/IPTS-37274/nexus/CNCS_665878.nxs.h5
665877,108367,YbZn2GaO5,"YZGO, MAG9, Ei=3.32meV, T=0.07K, B=9.0T w=15.0deg",2025-10-24 23:06:50,2025-10-24 23:08:02,00:01:11,0.1,3.32,9.0,3.32,0.07,9.0,15.0,/SNS/CNCS/IPTS-37274/nexus/CNCS_665877.nxs.h5
665876,108367,YbZn2GaO5,"YZGO, MAG9, Ei=3.32meV, T=0.07K, B=9.0T w=14.5deg",2025-10-24 23:05:35,2025-10-24 23:06:46,00:01:11,0.1,3.32,9.0,3.32,0.07,9.0,14.5,/SNS/CNCS/IPTS-37274/nexus/CNCS_665876.nxs.h5
665875,108367,YbZn2GaO5,"YZGO, MAG9, Ei=3.32meV, T=0.07K, B=9.0T w=14.0deg",2025-10-24 23:04:19,2025-10-24 23:05:31,00:01:12,0.1,3.32,9.0,3.32,0.07,9.0,14.0,/SNS/CNCS/IPTS-37274/nexus/CNCS_665875.nxs.h5
665874,108367,YbZn2GaO5,"YZGO, MAG9, Ei=3.32meV, T=0.07K, B=9.0T w=13.5deg",2025-10-24 23:03:03,2025-10-24 23:04:15,00:01:12,0.1,3.32,9.0,3.32,0.07,9.0,13.5,/SNS/CNCS/IPTS-37274/nexus/CNCS_665874.nxs.h5
665873,108367,YbZn2GaO5,"YZGO, MAG9, Ei=3.32meV, T=0.07K, B=9.0T w=13.0deg",2025-10-24 23:01:47,2025-10-24 23:02:59,00:01:12,0.1,3.32,9.0,3.32,0.07,9.0,13.0,/SNS/CNCS/IPTS-37274/nexus/CNCS_665873.nxs.h5
665872,108367,YbZn2GaO5,"YZGO, MAG9, Ei=3.32meV, T=0.07K, B=9.0T w=12.5deg",2025-10-24 23:00:31,2025-10-24 23:01:43,00:01:11,0.1,3.32,9.0,3.32,0.07,9.0,12.5,/SNS/CNCS/IPTS-37274/nexus/CNCS_665872.nxs.h5
665871,108367,YbZn2GaO5,"YZGO, MAG9, Ei=3.32meV, T=0.07K, B=9.0T w=12.0deg",2025-10-24 22:59:15,2025-10-24 23:00:28,00:01:12,0.1,3.32,9.0,3.32,0.07,9.0,12.0,/SNS/CNCS/IPTS-37274/nexus/CNCS_665871.nxs.h5
665870,108367,YbZn2GaO5,"YZGO, MAG9, Ei=3.32meV, T=0.07K, B=9.0T w=11.5deg",2025-10-24 22:58:00,2025-10-24 22:59:12,00:01:12,0.1,3.32,9.0,3.32,0.07,9.0,11.5,/SNS/CNCS/IPTS-37274/nexus/CNCS_665870.nxs.h5
665869,108367,YbZn2GaO5,"YZGO, MAG9, Ei=3.32meV, T=0.07K, B=9.0T w=11.0deg",2025-10-24 22:56:44,2025-10-24 22:57:56,00:01:12,0.1,3.32,9.0,3.32,0.07,9.0,11.0,/SNS/CNCS/IPTS-37274/nexus/CNCS_665869.nxs.h5
665868,108367,YbZn2GaO5,"YZGO, MAG9, Ei=3.32meV, T=0.07K, B=9.0T w=10.5deg",2025-10-24 22:55:28,2025-10-24 22:56:40,00:01:12,0.1,3.32,9.0,3.32,0.07,9.0,10.5,/SNS/CNCS/IPTS-37274/nexus/CNCS_665868.nxs.h5
665867,108367,YbZn2GaO5,"YZGO, MAG9, Ei=3.32meV, T=0.07K, B=9.0T w=10.0deg",2025-10-24 22:54:12,2025-10-24 22:55:24,00:01:12,0.1,3.32,9.0,3.32,0.07,9.0,10.0,/SNS/CNCS/IPTS-37274/nexus/CNCS_665867.nxs.h5
665866,108367,YbZn2GaO5,"YZGO, MAG9, Ei=3.32meV, T=0.07K, B=9.0T w=9.5deg",2025-10-24 22:52:56,2025-10-24 22:54:08,00:01:12,0.1,3.32,9.0,3.32,0.07,9.0,9.5,/SNS/CNCS/IPTS-37274/nexus/CNCS_665866.nxs.h5
665865,108367,YbZn2GaO5,"YZGO, MAG9, Ei=3.32meV, T=0.07K, B=9.0T w=9.0deg",2025-10-24 22:51:40,2025-10-24 22:52:52,00:01:12,0.1,3.32,9.0,3.32,0.07,9.0,9.0,/SNS/CNCS/IPTS-37274/nexus/CNCS_665865.nxs.h5
665864,108367,YbZn2GaO5,"YZGO, MAG9, Ei=3.32meV, T=0.07K, B=9.0T w=8.5deg",2025-10-24 22:50:24,2025-10-24 22:51:36,00:01:12,0.1,3.32,9.0,3.32,0.07,9.0,8.5,/SNS/CNCS/IPTS-37274/nexus/CNCS_665864.nxs.h5
665863,108367,YbZn2GaO5,"YZGO, MAG9, Ei=3.32meV, T=0.07K, B=9.0T w=8.0deg",2025-10-24 22:49:08,2025-10-24 22:50:21,00:01:12,0.1,3.32,9.0,3.32,0.07,9.0,8.0,/SNS/CNCS/IPTS-37274/nexus/CNCS_665863.nxs.h5
665862,108367,YbZn2GaO5,"YZGO, MAG9, Ei=3.32meV, T=0.07K, B=9.0T w=7.5deg",2025-10-24 22:47:52,2025-10-24 22:49:05,00:01:12,0.1,3.32,9.0,3.32,0.07,9.0,7.5,/SNS/CNCS/IPTS-37274/nexus/CNCS_665862.nxs.h5
665861,108367,YbZn2GaO5,"YZGO, MAG9, Ei=3.32meV, T=0.07K, B=9.0T w=7.0deg",2025-10-24 22:46:34,2025-10-24 22:47:49,00:01:14,0.1,3.32,9.0,3.32,0.07,9.0,7.0,/SNS/CNCS/IPTS-37274/nexus/CNCS_665861.nxs.h5
665860,108367,YbZn2GaO5,"YZGO, MAG9, Ei=3.32meV, T=0.07K, B=9.0T w=6.5deg",2025-10-24 22:43:50,2025-10-24 22:46:30,00:02:40,0.12,3.32,9.0,3.32,0.07,9.0,6.5,/SNS/CNCS/IPTS-37274/nexus/CNCS_665860.nxs.h5
665859,108367,YbZn2GaO5,"YZGO, MAG9, Ei=3.32meV, T=0.07K, B=9.0T w=6.0deg",2025-10-24 21:52:31,2025-10-24 22:43:46,00:51:14,0.12,3.32,9.0,3.32,0.07,9.0,6.0,/SNS/CNCS/IPTS-37274/nexus/CNCS_665859.nxs.h5
665858,108367,YbZn2GaO5,"YZGO, MAG9, Ei=3.32meV, T=0.07K, B=9.0T w=5.5deg",2025-10-24 20:20:00,2025-10-24 21:52:27,01:32:27,0.11,3.32,9.0,3.32,0.07,9.0,5.5,/SNS/CNCS/IPTS-37274/nexus/CNCS_665858.nxs.h5
665857,108367,YbZn2GaO5,"YZGO, MAG9, Ei=3.32meV, T=0.07K, B=9.0T w=5.0deg",2025-10-24 20:18:45,2025-10-24 20:19:57,00:01:11,0.1,3.32,9.0,3.32,0.07,9.0,5.0,/SNS/CNCS/IPTS-37274/nexus/CNCS_665857.nxs.h5
665856,108367,YbZn2GaO5,"YZGO, MAG9, Ei=3.32meV, T=0.07K, B=9.0T w=4.5deg",2025-10-24 20:17:29,2025-10-24 20:18:41,00:01:12,0.1,3.32,9.0,3.32,0.07,9.0,4.5,/SNS/CNCS/IPTS-37274/nexus/CNCS_665856.nxs.h5
665855,108367,YbZn2GaO5,"YZGO, MAG9, Ei=3.32meV, T=0.07K, B=9.0T w=4.0deg",2025-10-24 20:16:13,2025-10-24 20:17:25,00:01:11,0.1,3.32,9.0,3.32,0.07,9.0,4.0,/SNS/CNCS/IPTS-37274/nexus/CNCS_665855.nxs.h5
665854,108367,YbZn2GaO5,"YZGO, MAG9, Ei=3.32meV, T=0.07K, B=9.0T w=3.5deg",2025-10-24 20:14:58,2025-10-24 20:16:10,00:01:11,0.1,3.32,9.0,3.32,0.07,9.0,3.5,/SNS/CNCS/IPTS-37274/nexus/CNCS_665854.nxs.h5
665853,108367,YbZn2GaO5,"YZGO, MAG9, Ei=3.32meV, T=0.07K, B=9.0T w=3.0deg",2025-10-24 20:13:42,2025-10-24 20:14:54,00:01:12,0.1,3.32,9.0,3.32,0.07,9.0,3.0,/SNS/CNCS/IPTS-37274/nexus/CNCS_665853.nxs.h5
665852,108367,YbZn2GaO5,"YZGO, MAG9, Ei=3.32meV, T=0.07K, B=9.0T w=2.5deg",2025-10-24 20:12:27,2025-10-24 20:13:39,00:01:11,0.1,3.32,9.0,3.32,0.07,9.0,2.5,/SNS/CNCS/IPTS-37274/nexus/CNCS_665852.nxs.h5
665851,108367,YbZn2GaO5,"YZGO, MAG9, Ei=3.32meV, T=0.07K, B=9.0T w=2.0deg",2025-10-24 20:11:11,2025-10-24 20:12:23,00:01:11,0.1,3.32,9.0,3.32,0.07,9.0,2.0,/SNS/CNCS/IPTS-37274/nexus/CNCS_665851.nxs.h5
665850,108367,YbZn2GaO5,"YZGO, MAG9, Ei=3.32meV, T=0.07K, B=9.0T w=1.5deg",2025-10-24 20:09:56,2025-10-24 20:11:08,00:01:11,0.1,3.32,9.0,3.32,0.07,9.0,1.5,/SNS/CNCS/IPTS-37274/nexus/CNCS_665850.nxs.h5
665849,108367,YbZn2GaO5,"YZGO, MAG9, Ei=3.32meV, T=0.07K, B=9.0T w=1.0deg",2025-10-24 20:08:40,2025-10-24 20:09:52,00:01:11,0.1,3.32,9.0,3.32,0.07,9.0,1.0,/SNS/CNCS/IPTS-37274/nexus/CNCS_665849.nxs.h5
665848,108367,YbZn2GaO5,"YZGO, MAG9, Ei=3.32meV, T=0.07K, B=9.0T w=0.5deg",2025-10-24 20:07:25,2025-10-24 20:08:37,00:01:11,0.1,3.32,9.0,3.32,0.07,9.0,0.5,/SNS/CNCS/IPTS-37274/nexus/CNCS_665848.nxs.h5
665847,108367,YbZn2GaO5,"YZGO, MAG9, Ei=3.32meV, T=0.07K, B=9.0T w=0.0deg",2025-10-24 20:06:09,2025-10-24 20:07:21,00:01:12,0.1,3.32,9.0,3.32,0.07,9.0,0.0,/SNS/CNCS/IPTS-37274/nexus/CNCS_665847.nxs.h5
665846,108367,YbZn2GaO5,"YZGO, MAG9, Ei=3.32meV, T=0.07K, B=9.0T w=-0.5deg",2025-10-24 20:04:53,2025-10-24 20:06:05,00:01:12,0.1,3.32,9.0,3.32,0.07,9.0,-0.5,/SNS/CNCS/IPTS-37274/nexus/CNCS_665846.nxs.h5
665845,108367,YbZn2GaO5,"YZGO, MAG9, Ei=3.32meV, T=0.07K, B=9.0T w=-1.0deg",2025-10-24 20:03:37,2025-10-24 20:04:49,00:01:11,0.1,3.32,9.0,3.32,0.07,9.0,-1.0,/SNS/CNCS/IPTS-37274/nexus/CNCS_665845.nxs.h5
665844,108367,YbZn2GaO5,"YZGO, MAG9, Ei=3.32meV, T=0.07K, B=9.0T w=-1.5deg",2025-10-24 20:02:21,2025-10-24 20:03:34,00:01:12,0.1,3.32,9.0,3.32,0.07,9.0,-1.5,/SNS/CNCS/IPTS-37274/nexus/CNCS_665844.nxs.h5
665843,108367,YbZn2GaO5,"YZGO, MAG9, Ei=3.32meV, T=0.07K, B=9.0T w=-2.0deg",2025-10-24 20:01:06,2025-10-24 20:02:18,00:01:11,0.1,3.32,9.0,3.32,0.07,9.0,-2.0,/SNS/CNCS/IPTS-37274/nexus/CNCS_665843.nxs.h5
665842,108367,YbZn2GaO5,"YZGO, MAG9, Ei=3.32meV, T=0.07K, B=9.0T w=-2.5deg",2025-10-24 19:59:50,2025-10-24 20:01:02,00:01:12,0.1,3.32,9.0,3.32,0.07,9.0,-2.5,/SNS/CNCS/IPTS-37274/nexus/CNCS_665842.nxs.h5
665841,108367,YbZn2GaO5,"YZGO, MAG9, Ei=3.32meV, T=0.07K, B=9.0T w=-3.0deg",2025-10-24 19:58:34,2025-10-24 19:59:46,00:01:12,0.1,3.32,9.0,3.32,0.07,9.0,-3.0,/SNS/CNCS/IPTS-37274/nexus/CNCS_665841.nxs.h5
665840,108367,YbZn2GaO5,"YZGO, MAG9, Ei=3.32meV, T=0.07K, B=9.0T w=-3.5deg",2025-10-24 19:57:18,2025-10-24 19:58:30,00:01:11,0.1,3.32,9.0,3.32,0.07,9.0,-3.5,/SNS/CNCS/IPTS-37274/nexus/CNCS_665840.nxs.h5
665839,108367,YbZn2GaO5,"YZGO, MAG9, Ei=3.32meV, T=0.07K, B=9.0T w=-4.0deg",2025-10-24 19:56:02,2025-10-24 19:57:15,00:01:12,0.1,3.32,9.0,3.32,0.07,9.0,-4.0,/SNS/CNCS/IPTS-37274/nexus/CNCS_665839.nxs.h5
665838,108367,YbZn2GaO5,"YZGO, MAG9, Ei=3.32meV, T=0.07K, B=9.0T w=-4.5deg",2025-10-24 19:54:47,2025-10-24 19:55:59,00:01:12,0.1,3.32,9.0,3.32,0.07,9.0,-4.5,/SNS/CNCS/IPTS-37274/nexus/CNCS_665838.nxs.h5
665837,108367,YbZn2GaO5,"YZGO, MAG9, Ei=3.32meV, T=0.07K, B=9.0T w=-5.0deg",2025-10-24 19:53:31,2025-10-24 19:54:43,00:01:12,0.1,3.32,9.0,3.32,0.07,9.0,-5.0,/SNS/CNCS/IPTS-37274/nexus/CNCS_665837.nxs.h5
665836,108367,YbZn2GaO5,"YZGO, MAG9, Ei=3.32meV, T=0.07K, B=9.0T w=-5.5deg",2025-10-24 19:52:15,2025-10-24 19:53:27,00:01:12,0.1,3.32,9.0,3.32,0.07,9.0,-5.5,/SNS/CNCS/IPTS-37274/nexus/CNCS_665836.nxs.h5
665835,108367,YbZn2GaO5,"YZGO, MAG9, Ei=3.32meV, T=0.07K, B=9.0T w=-6.0deg",2025-10-24 19:50:59,2025-10-24 19:52:11,00:01:11,0.1,3.32,9.0,3.32,0.07,9.0,-6.0,/SNS/CNCS/IPTS-37274/nexus/CNCS_665835.nxs.h5
665834,108367,YbZn2GaO5,"YZGO, MAG9, Ei=3.32meV, T=0.07K, B=9.0T w=-6.5deg",2025-10-24 19:49:44,2025-10-24 19:50:56,00:01:11,0.1,3.32,9.0,3.32,0.07,9.0,-6.5,/SNS/CNCS/IPTS-37274/nexus/CNCS_665834.nxs.h5
665833,108367,YbZn2GaO5,"YZGO, MAG9, Ei=3.32meV, T=0.07K, B=9.0T w=-7.0deg",2025-10-24 19:48:28,2025-10-24 19:49:40,00:01:11,0.1,3.32,9.0,3.32,0.07,9.0,-7.0,/SNS/CNCS/IPTS-37274/nexus/CNCS_665833.nxs.h5
665832,108367,YbZn2GaO5,"YZGO, MAG9, Ei=3.32meV, T=0.07K, B=9.0T w=-7.5deg",2025-10-24 19:47:13,2025-10-24 19:48:25,00:01:11,0.1,3.32,9.0,3.32,0.07,9.0,-7.5,/SNS/CNCS/IPTS-37274/nexus/CNCS_665832.nxs.h5
665831,108367,YbZn2GaO5,"YZGO, MAG9, Ei=3.32meV, T=0.07K, B=9.0T w=-8.0deg",2025-10-24 19:45:57,2025-10-24 19:47:09,00:01:11,0.1,3.32,9.0,3.32,0.07,9.0,-8.0,/SNS/CNCS/IPTS-37274/nexus/CNCS_665831.nxs.h5
665830,108367,YbZn2GaO5,"YZGO, MAG9, Ei=3.32meV, T=0.07K, B=9.0T w=-8.5deg",2025-10-24 19:44:41,2025-10-24 19:45:54,00:01:12,0.1,3.32,9.0,3.32,0.07,9.0,-8.5,/SNS/CNCS/IPTS-37274/nexus/CNCS_665830.nxs.h5
665829,108367,YbZn2GaO5,"YZGO, MAG9, Ei=3.32meV, T=0.07K, B=9.0T w=-9.0deg",2025-10-24 19:43:26,2025-10-24 19:44:38,00:01:12,0.1,3.32,9.0,3.32,0.07,9.0,-9.0,/SNS/CNCS/IPTS-37274/nexus/CNCS_665829.nxs.h5
665828,108367,YbZn2GaO5,"YZGO, MAG9, Ei=3.32meV, T=0.07K, B=9.0T w=-9.5deg",2025-10-24 19:42:10,2025-10-24 19:43:22,00:01:11,0.1,3.32,9.0,3.32,0.07,9.0,-9.5,/SNS/CNCS/IPTS-37274/nexus/CNCS_665828.nxs.h5
665827,108367,YbZn2GaO5,"YZGO, MAG9, Ei=3.32meV, T=0.07K, B=9.0T w=-10.0deg",2025-10-24 19:40:54,2025-10-24 19:42:06,00:01:12,0.1,3.32,9.0,3.32,0.07,9.0,-10.0,/SNS/CNCS/IPTS-37274/nexus/CNCS_665827.nxs.h5
665826,108367,YbZn2GaO5,"YZGO, MAG9, Ei=3.32meV, T=0.07K, B=9.0T w=-10.5deg",2025-10-24 19:39:38,2025-10-24 19:40:51,00:01:12,0.1,3.32,9.0,3.32,0.07,9.0,-10.5,/SNS/CNCS/IPTS-37274/nexus/CNCS_665826.nxs.h5
665825,108367,YbZn2GaO5,"YZGO, MAG9, Ei=3.32meV, T=0.07K, B=9.0T w=-11.0deg",2025-10-24 19:38:22,2025-10-24 19:39:35,00:01:12,0.1,3.32,9.0,3.32,0.07,9.0,-11.0,/SNS/CNCS/IPTS-37274/nexus/CNCS_665825.nxs.h5
665824,108367,YbZn2GaO5,"YZGO, MAG9, Ei=3.32meV, T=0.07K, B=9.0T w=-11.5deg",2025-10-24 19:37:07,2025-10-24 19:38:19,00:01:11,0.1,3.32,9.0,3.32,0.07,9.0,-11.5,/SNS/CNCS/IPTS-37274/nexus/CNCS_665824.nxs.h5
665823,108367,YbZn2GaO5,"YZGO, MAG9, Ei=3.32meV, T=0.07K, B=9.0T w=-12.0deg",2025-10-24 19:35:51,2025-10-24 19:37:03,00:01:12,0.1,3.32,9.0,3.32,0.07,9.0,-12.0,/SNS/CNCS/IPTS-37274/nexus/CNCS_665823.nxs.h5
665822,108367,YbZn2GaO5,"YZGO, MAG9, Ei=3.32meV, T=0.07K, B=9.0T w=-12.5deg",2025-10-24 19:34:35,2025-10-24 19:35:47,00:01:12,0.1,3.32,9.0,3.32,0.07,9.0,-12.5,/SNS/CNCS/IPTS-37274/nexus/CNCS_665822.nxs.h5
665821,108367,YbZn2GaO5,"YZGO, MAG9, Ei=3.32meV, T=0.07K, B=9.0T w=-13.0deg",2025-10-24 19:33:19,2025-10-24 19:34:31,00:01:12,0.1,3.32,9.0,3.32,0.07,9.0,-13.0,/SNS/CNCS/IPTS-37274/nexus/CNCS_665821.nxs.h5
665820,108367,YbZn2GaO5,"YZGO, MAG9, Ei=3.32meV, T=0.07K, B=9.0T w=-13.5deg",2025-10-24 19:32:03,2025-10-24 19:33:16,00:01:12,0.1,3.32,9.0,3.32,0.07,9.0,-13.5,/SNS/CNCS/IPTS-37274/nexus/CNCS_665820.nxs.h5
665819,108367,YbZn2GaO5,"YZGO, MAG9, Ei=3.32meV, T=0.07K, B=9.0T w=-14.0deg",2025-10-24 19:30:47,2025-10-24 19:32:00,00:01:12,0.1,3.32,9.0,3.32,0.07,9.0,-14.0,/SNS/CNCS/IPTS-37274/nexus/CNCS_665819.nxs.h5
665818,108367,YbZn2GaO5,"YZGO, MAG9, Ei=3.32meV, T=0.07K, B=9.0T w=-14.5deg",2025-10-24 19:29:32,2025-10-24 19:30:44,00:01:12,0.1,3.32,9.0,3.32,0.07,9.0,-14.5,/SNS/CNCS/IPTS-37274/nexus/CNCS_665818.nxs.h5
665817,108367,YbZn2GaO5,"YZGO, MAG9, Ei=3.32meV, T=0.07K, B=9.0T w=-15.0deg",2025-10-24 19:28:16,2025-10-24 19:29:28,00:01:12,0.1,3.32,9.0,3.32,0.07,9.0,-15.0,/SNS/CNCS/IPTS-37274/nexus/CNCS_665817.nxs.h5
665816,108367,YbZn2GaO5,"YZGO, MAG9, Ei=3.32meV, T=0.07K, B=9.0T w=-15.5deg",2025-10-24 19:27:00,2025-10-24 19:28:12,00:01:12,0.1,3.32,9.0,3.32,0.07,9.0,-15.5,/SNS/CNCS/IPTS-37274/nexus/CNCS_665816.nxs.h5
665815,108367,YbZn2GaO5,"YZGO, MAG9, Ei=3.32meV, T=0.07K, B=9.0T w=-16.0deg",2025-10-24 19:25:44,2025-10-24 19:26:56,00:01:12,0.1,3.32,9.0,3.32,0.07,9.0,-16.0,/SNS/CNCS/IPTS-37274/nexus/CNCS_665815.nxs.h5
665814,108367,YbZn2GaO5,"YZGO, MAG9, Ei=3.32meV, T=0.07K, B=9.0T w=-16.5deg",2025-10-24 19:24:28,2025-10-24 19:25:40,00:01:12,0.1,3.32,9.0,3.32,0.07,9.0,-16.5,/SNS/CNCS/IPTS-37274/nexus/CNCS_665814.nxs.h5
665813,108367,YbZn2GaO5,"YZGO, MAG9, Ei=3.32meV, T=0.07K, B=9.0T w=-17.0deg",2025-10-24 19:23:12,2025-10-24 19:24:24,00:01:12,0.1,3.32,9.0,3.32,0.07,9.0,-17.0,/SNS/CNCS/IPTS-37274/nexus/CNCS_665813.nxs.h5
665812,108367,YbZn2GaO5,"YZGO, MAG9, Ei=3.32meV, T=0.07K, B=9.0T w=-17.5deg",2025-10-24 19:21:57,2025-10-24 19:23:09,00:01:11,0.1,3.32,9.0,3.32,0.07,9.0,-17.5,/SNS/CNCS/IPTS-37274/nexus/CNCS_665812.nxs.h5
665811,108367,YbZn2GaO5,"YZGO, MAG9, Ei=3.32meV, T=0.07K, B=9.0T w=-18.0deg",2025-10-24 19:20:41,2025-10-24 19:21:53,00:01:12,0.1,3.32,9.0,3.32,0.07,9.0,-18.0,/SNS/CNCS/IPTS-37274/nexus/CNCS_665811.nxs.h5
665810,108367,YbZn2GaO5,"YZGO, MAG9, Ei=3.32meV, T=0.07K, B=9.0T w=-18.5deg",2025-10-24 19:19:25,2025-10-24 19:20:37,00:01:12,0.1,3.32,9.0,3.32,0.07,9.0,-18.5,/SNS/CNCS/IPTS-37274/nexus/CNCS_665810.nxs.h5
665809,108367,YbZn2GaO5,"YZGO, MAG9, Ei=3.32meV, T=0.07K, B=9.0T w=-19.0deg",2025-10-24 19:18:09,2025-10-24 19:19:21,00:01:11,0.1,3.32,9.0,3.32,0.07,9.0,-19.0,/SNS/CNCS/IPTS-37274/nexus/CNCS_665809.nxs.h5
665808,108367,YbZn2GaO5,"YZGO, MAG9, Ei=3.32meV, T=0.07K, B=9.0T w=-19.5deg",2025-10-24 19:16:54,2025-10-24 19:18:06,00:01:12,0.1,3.32,9.0,3.32,0.07,9.0,-19.5,/SNS/CNCS/IPTS-37274/nexus/CNCS_665808.nxs.h5
665807,108367,YbZn2GaO5,"YZGO, MAG9, Ei=3.32meV, T=0.07K, B=9.0T w=-20.0deg",2025-10-24 19:15:38,2025-10-24 19:16:50,00:01:12,0.1,3.32,9.0,3.32,0.07,9.0,-20.0,/SNS/CNCS/IPTS-37274/nexus/CNCS_665807.nxs.h5
665806,108367,YbZn2GaO5,"YZGO, MAG9, Ei=3.32meV, T=0.07K, B=9.0T w=-20.5deg",2025-10-24 19:14:22,2025-10-24 19:15:34,00:01:11,0.1,3.32,9.0,3.32,0.07,9.0,-20.5,/SNS/CNCS/IPTS-37274/nexus/CNCS_665806.nxs.h5
665805,108367,YbZn2GaO5,"YZGO, MAG9, Ei=3.32meV, T=0.07K, B=9.0T w=-21.0deg",2025-10-24 19:13:06,2025-10-24 19:14:19,00:01:12,0.1,3.32,9.0,3.32,0.07,9.0,-21.0,/SNS/CNCS/IPTS-37274/nexus/CNCS_665805.nxs.h5
665804,108367,YbZn2GaO5,"YZGO, MAG9, Ei=3.32meV, T=0.07K, B=9.0T w=-21.5deg",2025-10-24 19:11:50,2025-10-24 19:13:03,00:01:12,0.1,3.32,9.0,3.32,0.07,9.0,-21.5,/SNS/CNCS/IPTS-37274/nexus/CNCS_665804.nxs.h5
665803,108367,YbZn2GaO5,"YZGO, MAG9, Ei=3.32meV, T=0.07K, B=9.0T w=-22.0deg",2025-10-24 19:10:35,2025-10-24 19:11:47,00:01:11,0.1,3.32,9.0,3.32,0.07,9.0,-22.0,/SNS/CNCS/IPTS-37274/nexus/CNCS_665803.nxs.h5
665802,108367,YbZn2GaO5,"YZGO, MAG9, Ei=3.32meV, T=0.07K, B=9.0T w=-22.5deg",2025-10-24 19:09:19,2025-10-24 19:10:31,00:01:11,0.1,3.32,9.0,3.32,0.07,9.0,-22.5,/SNS/CNCS/IPTS-37274/nexus/CNCS_665802.nxs.h5
665801,108367,YbZn2GaO5,"YZGO, MAG9, Ei=3.32meV, T=0.07K, B=9.0T w=-23.0deg",2025-10-24 19:08:04,2025-10-24 19:09:16,00:01:12,0.1,3.32,9.0,3.32,0.07,9.0,-23.0,/SNS/CNCS/IPTS-37274/nexus/CNCS_665801.nxs.h5
665800,108367,YbZn2GaO5,"YZGO, MAG9, Ei=3.32meV, T=0.07K, B=9.0T w=-23.5deg",2025-10-24 19:06:48,2025-10-24 19:08:00,00:01:11,0.1,3.32,9.0,3.32,0.07,9.0,-23.5,/SNS/CNCS/IPTS-37274/nexus/CNCS_665800.nxs.h5
665799,108367,YbZn2GaO5,"YZGO, MAG9, Ei=3.32meV, T=0.07K, B=9.0T w=-24.0deg",2025-10-24 19:05:33,2025-10-24 19:06:44,00:01:11,0.1,3.32,9.0,3.32,0.07,9.0,-24.0,/SNS/CNCS/IPTS-37274/nexus/CNCS_665799.nxs.h5
665798,108367,YbZn2GaO5,"YZGO, MAG9, Ei=3.32meV, T=0.07K, B=9.0T w=-24.5deg",2025-10-24 19:04:17,2025-10-24 19:05:29,00:01:12,0.1,3.32,9.0,3.32,0.07,9.0,-24.5,/SNS/CNCS/IPTS-37274/nexus/CNCS_665798.nxs.h5
665797,108367,YbZn2GaO5,"YZGO, MAG9, Ei=3.32meV, T=0.07K, B=9.0T w=-25.0deg",2025-10-24 19:03:01,2025-10-24 19:04:13,00:01:12,0.1,3.32,9.0,3.32,0.07,9.0,-25.0,/SNS/CNCS/IPTS-37274/nexus/CNCS_665797.nxs.h5
665796,108367,YbZn2GaO5,"YZGO, MAG9, Ei=3.32meV, T=0.07K, B=9.0T w=-25.5deg",2025-10-24 19:01:45,2025-10-24 19:02:57,00:01:12,0.1,3.32,9.0,3.32,0.07,9.0,-25.5,/SNS/CNCS/IPTS-37274/nexus/CNCS_665796.nxs.h5
665795,108367,YbZn2GaO5,"YZGO, MAG9, Ei=3.32meV, T=0.07K, B=9.0T w=-26.0deg",2025-10-24 19:00:29,2025-10-24 19:01:41,00:01:12,0.1,3.32,9.0,3.32,0.07,9.0,-26.0,/SNS/CNCS/IPTS-37274/nexus/CNCS_665795.nxs.h5
665794,108367,YbZn2GaO5,"YZGO, MAG9, Ei=3.32meV, T=0.07K, B=9.0T w=-26.5deg",2025-10-24 18:59:13,2025-10-24 19:00:25,00:01:12,0.1,3.32,9.0,3.32,0.07,9.0,-26.5,/SNS/CNCS/IPTS-37274/nexus/CNCS_665794.nxs.h5
665793,108367,YbZn2GaO5,"YZGO, MAG9, Ei=3.32meV, T=0.07K, B=9.0T w=-27.0deg",2025-10-24 18:57:57,2025-10-24 18:59:09,00:01:12,0.1,3.32,9.0,3.32,0.07,9.0,-27.0,/SNS/CNCS/IPTS-37274/nexus/CNCS_665793.nxs.h5
665792,108367,YbZn2GaO5,"YZGO, MAG9, Ei=3.32meV, T=0.07K, B=9.0T w=-27.5deg",2025-10-24 18:56:41,2025-10-24 18:57:54,00:01:12,0.1,3.32,9.0,3.32,0.07,9.0,-27.5,/SNS/CNCS/IPTS-37274/nexus/CNCS_665792.nxs.h5
665791,108367,YbZn2GaO5,"YZGO, MAG9, Ei=3.32meV, T=0.07K, B=9.0T w=-28.0deg",2025-10-24 18:55:25,2025-10-24 18:56:38,00:01:12,0.1,3.32,9.0,3.32,0.07,9.0,-28.0,/SNS/CNCS/IPTS-37274/nexus/CNCS_665791.nxs.h5
665790,108367,YbZn2GaO5,"YZGO, MAG9, Ei=3.32meV, T=0.07K, B=9.0T w=-28.5deg",2025-10-24 18:54:10,2025-10-24 18:55:22,00:01:11,0.1,3.32,9.0,3.32,0.07,9.0,-28.5,/SNS/CNCS/IPTS-37274/nexus/CNCS_665790.nxs.h5
665789,108367,YbZn2GaO5,"YZGO, MAG9, Ei=3.32meV, T=0.07K, B=9.0T w=-29.0deg",2025-10-24 18:52:54,2025-10-24 18:54:06,00:01:12,0.1,3.32,9.0,3.32,0.07,9.0,-29.0,/SNS/CNCS/IPTS-37274/nexus/CNCS_665789.nxs.h5
665788,108367,YbZn2GaO5,"YZGO, MAG9, Ei=3.32meV, T=0.07K, B=9.0T w=-29.5deg",2025-10-24 18:51:38,2025-10-24 18:52:50,00:01:11,0.1,3.32,9.0,3.32,0.07,9.0,-29.5,/SNS/CNCS/IPTS-37274/nexus/CNCS_665788.nxs.h5
665787,108367,YbZn2GaO5,"YZGO, MAG9, Ei=3.32meV, T=0.07K, B=9.0T w=-30.0deg",2025-10-24 18:50:23,2025-10-24 18:51:35,00:01:11,0.1,3.32,9.0,3.32,0.07,9.0,-30.0,/SNS/CNCS/IPTS-37274/nexus/CNCS_665787.nxs.h5
665786,108367,YbZn2GaO5,"YZGO, MAG9, Ei=3.32meV, T=0.07K, B=9.0T w=-30.5deg",2025-10-24 18:49:07,2025-10-24 18:50:19,00:01:12,0.1,3.32,9.0,3.32,0.07,9.0,-30.5,/SNS/CNCS/IPTS-37274/nexus/CNCS_665786.nxs.h5
665785,108367,YbZn2GaO5,"YZGO, MAG9, Ei=3.32meV, T=0.07K, B=9.0T w=-31.0deg",2025-10-24 18:47:51,2025-10-24 18:49:03,00:01:12,0.1,3.32,9.0,3.32,0.07,9.0,-31.0,/SNS/CNCS/IPTS-37274/nexus/CNCS_665785.nxs.h5
665784,108367,YbZn2GaO5,"YZGO, MAG9, Ei=3.32meV, T=0.07K, B=9.0T w=-31.5deg",2025-10-24 18:46:35,2025-10-24 18:47:48,00:01:12,0.1,3.32,9.0,3.32,0.07,9.0,-31.5,/SNS/CNCS/IPTS-37274/nexus/CNCS_665784.nxs.h5
665783,108367,YbZn2GaO5,"YZGO, MAG9, Ei=3.32meV, T=0.07K, B=9.0T w=-32.0deg",2025-10-24 18:45:19,2025-10-24 18:46:32,00:01:12,0.1,3.32,9.0,3.32,0.07,9.0,-32.0,/SNS/CNCS/IPTS-37274/nexus/CNCS_665783.nxs.h5
665782,108367,YbZn2GaO5,"YZGO, MAG9, Ei=3.32meV, T=0.07K, B=9.0T w=-32.5deg",2025-10-24 18:44:04,2025-10-24 18:45:16,00:01:12,0.1,3.32,9.0,3.32,0.07,9.0,-32.5,/SNS/CNCS/IPTS-37274/nexus/CNCS_665782.nxs.h5
665781,108367,YbZn2GaO5,"YZGO, MAG9, Ei=3.32meV, T=0.07K, B=9.0T w=-33.0deg",2025-10-24 18:42:48,2025-10-24 18:44:00,00:01:11,0.1,3.32,9.0,3.32,0.07,9.0,-33.0,/SNS/CNCS/IPTS-37274/nexus/CNCS_665781.nxs.h5
665780,108367,YbZn2GaO5,"YZGO, MAG9, Ei=3.32meV, T=0.07K, B=9.0T w=-33.5deg",2025-10-24 18:41:32,2025-10-24 18:42:44,00:01:12,0.1,3.32,9.0,3.32,0.07,9.0,-33.5,/SNS/CNCS/IPTS-37274/nexus/CNCS_665780.nxs.h5
665779,108367,YbZn2GaO5,"YZGO, MAG9, Ei=3.32meV, T=0.07K, B=9.0T w=-34.0deg",2025-10-24 18:40:16,2025-10-24 18:41:29,00:01:12,0.1,3.32,9.0,3.32,0.07,9.0,-34.0,/SNS/CNCS/IPTS-37274/nexus/CNCS_665779.nxs.h5
665778,108367,YbZn2GaO5,"YZGO, MAG9, Ei=3.32meV, T=0.07K, B=9.0T w=-34.5deg",2025-10-24 18:39:00,2025-10-24 18:40:13,00:01:12,0.1,3.32,9.0,3.32,0.07,9.0,-34.5,/SNS/CNCS/IPTS-37274/nexus/CNCS_665778.nxs.h5
665777,108367,YbZn2GaO5,"YZGO, MAG9, Ei=3.32meV, T=0.07K, B=9.0T w=-35.0deg",2025-10-24 18:37:44,2025-10-24 18:38:57,00:01:12,0.1,3.32,9.0,3.32,0.07,9.0,-35.0,/SNS/CNCS/IPTS-37274/nexus/CNCS_665777.nxs.h5
665776,108367,YbZn2GaO5,"YZGO, MAG9, Ei=3.32meV, T=0.07K, B=9.0T w=-35.5deg",2025-10-24 18:36:29,2025-10-24 18:37:41,00:01:12,0.1,3.32,9.0,3.32,0.07,9.0,-35.5,/SNS/CNCS/IPTS-37274/nexus/CNCS_665776.nxs.h5
665775,108367,YbZn2GaO5,"YZGO, MAG9, Ei=3.32meV, T=0.07K, B=9.0T w=-36.0deg",2025-10-24 18:35:13,2025-10-24 18:36:25,00:01:12,0.1,3.32,9.0,3.32,0.07,9.0,-36.0,/SNS/CNCS/IPTS-37274/nexus/CNCS_665775.nxs.h5
665774,108367,YbZn2GaO5,"YZGO, MAG9, Ei=3.32meV, T=0.07K, B=9.0T w=-36.5deg",2025-10-24 18:33:57,2025-10-24 18:35:09,00:01:12,0.1,3.32,9.0,3.32,0.07,9.0,-36.5,/SNS/CNCS/IPTS-37274/nexus/CNCS_665774.nxs.h5
665773,108367,YbZn2GaO5,"YZGO, MAG9, Ei=3.32meV, T=0.07K, B=9.0T w=-37.0deg",2025-10-24 18:32:41,2025-10-24 18:33:53,00:01:12,0.1,3.32,9.0,3.32,0.07,9.0,-37.0,/SNS/CNCS/IPTS-37274/nexus/CNCS_665773.nxs.h5
665772,108367,YbZn2GaO5,"YZGO, MAG9, Ei=3.32meV, T=0.07K, B=9.0T w=-37.5deg",2025-10-24 18:31:25,2025-10-24 18:32:37,00:01:12,0.1,3.32,9.0,3.32,0.07,9.0,-37.5,/SNS/CNCS/IPTS-37274/nexus/CNCS_665772.nxs.h5
665771,108367,YbZn2GaO5,"YZGO, MAG9, Ei=3.32meV, T=0.07K, B=9.0T w=-38.0deg",2025-10-24 18:30:09,2025-10-24 18:31:21,00:01:12,0.1,3.32,9.0,3.32,0.07,9.0,-38.0,/SNS/CNCS/IPTS-37274/nexus/CNCS_665771.nxs.h5
665770,108367,YbZn2GaO5,"YZGO, MAG9, Ei=3.32meV, T=0.07K, B=9.0T w=-38.5deg",2025-10-24 18:28:53,2025-10-24 18:30:05,00:01:12,0.1,3.32,9.0,3.32,0.07,9.0,-38.5,/SNS/CNCS/IPTS-37274/nexus/CNCS_665770.nxs.h5
665769,108367,YbZn2GaO5,"YZGO, MAG9, Ei=3.32meV, T=0.07K, B=9.0T w=-39.0deg",2025-10-24 18:27:37,2025-10-24 18:28:49,00:01:12,0.1,3.32,9.0,3.32,0.07,9.0,-39.0,/SNS/CNCS/IPTS-37274/nexus/CNCS_665769.nxs.h5
665768,108367,YbZn2GaO5,"YZGO, MAG9, Ei=3.32meV, T=0.07K, B=9.0T w=-39.5deg",2025-10-24 18:26:21,2025-10-24 18:27:33,00:01:12,0.1,3.32,9.0,3.32,0.07,9.0,-39.5,/SNS/CNCS/IPTS-37274/nexus/CNCS_665768.nxs.h5
665767,108367,YbZn2GaO5,"YZGO, MAG9, Ei=3.32meV, T=0.07K, B=9.0T w=-40.0deg",2025-10-24 18:25:05,2025-10-24 18:26:18,00:01:12,0.1,3.32,9.0,3.32,0.07,9.0,-40.0,/SNS/CNCS/IPTS-37274/nexus/CNCS_665767.nxs.h5
665766,108367,YbZn2GaO5,"YZGO, MAG9, Ei=3.32meV, T=0.07K, B=9.0T w=-40.5deg",2025-10-24 18:23:49,2025-10-24 18:25:02,00:01:12,0.1,3.32,9.0,3.32,0.07,9.0,-40.5,/SNS/CNCS/IPTS-37274/nexus/CNCS_665766.nxs.h5
665765,108367,YbZn2GaO5,"YZGO, MAG9, Ei=3.32meV, T=0.07K, B=9.0T w=-41.0deg",2025-10-24 18:22:33,2025-10-24 18:23:46,00:01:12,0.1,3.32,9.0,3.32,0.07,9.0,-41.0,/SNS/CNCS/IPTS-37274/nexus/CNCS_665765.nxs.h5
665764,108367,YbZn2GaO5,"YZGO, MAG9, Ei=3.32meV, T=0.07K, B=9.0T w=-41.5deg",2025-10-24 18:21:18,2025-10-24 18:22:30,00:01:12,0.1,3.32,9.0,3.32,0.07,9.0,-41.5,/SNS/CNCS/IPTS-37274/nexus/CNCS_665764.nxs.h5
665763,108367,YbZn2GaO5,"YZGO, MAG9, Ei=3.32meV, T=0.07K, B=9.0T w=-42.0deg",2025-10-24 18:20:02,2025-10-24 18:21:14,00:01:12,0.1,3.32,9.0,3.32,0.07,9.0,-42.0,/SNS/CNCS/IPTS-37274/nexus/CNCS_665763.nxs.h5
665762,108367,YbZn2GaO5,"YZGO, MAG9, Ei=3.32meV, T=0.07K, B=9.0T w=-42.5deg",2025-10-24 18:18:46,2025-10-24 18:19:58,00:01:12,0.1,3.32,9.0,3.32,0.07,9.0,-42.5,/SNS/CNCS/IPTS-37274/nexus/CNCS_665762.nxs.h5
665761,108367,YbZn2GaO5,"YZGO, MAG9, Ei=3.32meV, T=0.07K, B=9.0T w=-43.0deg",2025-10-24 18:17:30,2025-10-24 18:18:42,00:01:12,0.1,3.32,9.0,3.32,0.07,9.0,-43.0,/SNS/CNCS/IPTS-37274/nexus/CNCS_665761.nxs.h5
665760,108367,YbZn2GaO5,"YZGO, MAG9, Ei=3.32meV, T=0.07K, B=9.0T w=-43.5deg",2025-10-24 18:16:14,2025-10-24 18:17:26,00:01:12,0.1,3.32,9.0,3.32,0.07,9.0,-43.5,/SNS/CNCS/IPTS-37274/nexus/CNCS_665760.nxs.h5
665759,108367,YbZn2GaO5,"YZGO, MAG9, Ei=3.32meV, T=0.07K, B=9.0T w=-44.0deg",2025-10-24 18:14:58,2025-10-24 18:16:10,00:01:12,0.1,3.32,9.0,3.32,0.07,9.0,-44.0,/SNS/CNCS/IPTS-37274/nexus/CNCS_665759.nxs.h5
665758,108367,YbZn2GaO5,"YZGO, MAG9, Ei=3.32meV, T=0.07K, B=9.0T w=-44.5deg",2025-10-24 18:13:42,2025-10-24 18:14:54,00:01:12,0.1,3.32,9.0,3.32,0.07,9.0,-44.5,/SNS/CNCS/IPTS-37274/nexus/CNCS_665758.nxs.h5
665757,108367,YbZn2GaO5,"YZGO, MAG9, Ei=3.32meV, T=0.07K, B=9.0T w=-45.0deg",2025-10-24 18:12:26,2025-10-24 18:13:39,00:01:12,0.1,3.32,9.0,3.32,0.07,9.0,-45.0,/SNS/CNCS/IPTS-37274/nexus/CNCS_665757.nxs.h5
665756,108367,YbZn2GaO5,"YZGO, MAG9, Ei=3.32meV, T=0.07K, B=9.0T w=-45.5deg",2025-10-24 18:11:10,2025-10-24 18:12:23,00:01:12,0.1,3.32,9.0,3.32,0.07,9.0,-45.5,/SNS/CNCS/IPTS-37274/nexus/CNCS_665756.nxs.h5
665755,108367,YbZn2GaO5,"YZGO, MAG9, Ei=3.32meV, T=0.07K, B=9.0T w=-46.0deg",2025-10-24 18:09:55,2025-10-24 18:11:07,00:01:12,0.1,3.32,9.0,3.32,0.07,9.0,-46.0,/SNS/CNCS/IPTS-37274/nexus/CNCS_665755.nxs.h5
665754,108367,YbZn2GaO5,"YZGO, MAG9, Ei=3.32meV, T=0.07K, B=9.0T w=-46.5deg",2025-10-24 18:08:39,2025-10-24 18:09:51,00:01:12,0.1,3.32,9.0,3.32,0.07,9.0,-46.5,/SNS/CNCS/IPTS-37274/nexus/CNCS_665754.nxs.h5
665753,108367,YbZn2GaO5,"YZGO, MAG9, Ei=3.32meV, T=0.07K, B=9.0T w=-47.0deg",2025-10-24 18:07:23,2025-10-24 18:08:35,00:01:12,0.1,3.32,9.0,3.32,0.07,9.0,-47.0,/SNS/CNCS/IPTS-37274/nexus/CNCS_665753.nxs.h5
665752,108367,YbZn2GaO5,"YZGO, MAG9, Ei=3.32meV, T=0.07K, B=9.0T w=-47.5deg",2025-10-24 18:06:07,2025-10-24 18:07:19,00:01:12,0.1,3.32,9.0,3.32,0.07,9.0,-47.5,/SNS/CNCS/IPTS-37274/nexus/CNCS_665752.nxs.h5
665751,108367,YbZn2GaO5,"YZGO, MAG9, Ei=3.32meV, T=0.07K, B=9.0T w=-48.0deg",2025-10-24 18:04:51,2025-10-24 18:06:03,00:01:12,0.1,3.32,9.0,3.32,0.07,9.0,-48.0,/SNS/CNCS/IPTS-37274/nexus/CNCS_665751.nxs.h5
665750,108367,YbZn2GaO5,"YZGO, MAG9, Ei=3.32meV, T=0.07K, B=9.0T w=-48.5deg",2025-10-24 18:03:35,2025-10-24 18:04:47,00:01:12,0.1,3.32,9.0,3.32,0.07,9.0,-48.5,/SNS/CNCS/IPTS-37274/nexus/CNCS_665750.nxs.h5
665749,108367,YbZn2GaO5,"YZGO, MAG9, Ei=3.32meV, T=0.07K, B=9.0T w=-49.0deg",2025-10-24 18:02:19,2025-10-24 18:03:31,00:01:12,0.1,3.32,9.0,3.32,0.07,9.0,-49.0,/SNS/CNCS/IPTS-37274/nexus/CNCS_665749.nxs.h5
665748,108367,YbZn2GaO5,"YZGO, MAG9, Ei=3.32meV, T=0.07K, B=9.0T w=-49.5deg",2025-10-24 18:01:03,2025-10-24 18:02:15,00:01:12,0.1,3.32,9.0,3.32,0.07,9.0,-49.5,/SNS/CNCS/IPTS-37274/nexus/CNCS_665748.nxs.h5
665747,108367,YbZn2GaO5,"YZGO, MAG9, Ei=3.32meV, T=0.07K, B=9.0T w=-50.0deg",2025-10-24 17:59:47,2025-10-24 18:00:59,00:01:12,0.1,3.32,9.0,3.32,0.07,9.0,-50.0,/SNS/CNCS/IPTS-37274/nexus/CNCS_665747.nxs.h5
665746,108367,YbZn2GaO5,"YZGO, MAG9, Ei=3.32meV, T=0.07K, B=9.0T w=-50.5deg",2025-10-24 17:58:31,2025-10-24 17:59:43,00:01:12,0.1,3.32,9.0,3.32,0.07,9.0,-50.5,/SNS/CNCS/IPTS-37274/nexus/CNCS_665746.nxs.h5
665745,108367,YbZn2GaO5,"YZGO, MAG9, Ei=3.32meV, T=0.07K, B=9.0T w=-51.0deg",2025-10-24 17:57:15,2025-10-24 17:58:28,00:01:12,0.1,3.32,9.0,3.32,0.07,9.0,-51.0,/SNS/CNCS/IPTS-37274/nexus/CNCS_665745.nxs.h5
665744,108367,YbZn2GaO5,"YZGO, MAG9, Ei=3.32meV, T=0.07K, B=9.0T w=-51.5deg",2025-10-24 17:55:59,2025-10-24 17:57:12,00:01:12,0.1,3.32,9.0,3.32,0.07,9.0,-51.5,/SNS/CNCS/IPTS-37274/nexus/CNCS_665744.nxs.h5
665743,108367,YbZn2GaO5,"YZGO, MAG9, Ei=3.32meV, T=0.07K, B=9.0T w=-52.0deg",2025-10-24 17:54:44,2025-10-24 17:55:56,00:01:12,0.1,3.32,9.0,3.32,0.07,9.0,-52.0,/SNS/CNCS/IPTS-37274/nexus/CNCS_665743.nxs.h5
665742,108367,YbZn2GaO5,"YZGO, MAG9, Ei=3.32meV, T=0.07K, B=9.0T w=-52.5deg",2025-10-24 17:53:28,2025-10-24 17:54:40,00:01:12,0.1,3.32,9.0,3.32,0.07,9.0,-52.5,/SNS/CNCS/IPTS-37274/nexus/CNCS_665742.nxs.h5
665741,108367,YbZn2GaO5,"YZGO, MAG9, Ei=3.32meV, T=0.07K, B=9.0T w=-53.0deg",2025-10-24 17:52:12,2025-10-24 17:53:24,00:01:12,0.1,3.32,9.0,3.32,0.07,9.0,-53.0,/SNS/CNCS/IPTS-37274/nexus/CNCS_665741.nxs.h5
665740,108367,YbZn2GaO5,"YZGO, MAG9, Ei=3.32meV, T=0.07K, B=9.0T w=-53.5deg",2025-10-24 17:50:56,2025-10-24 17:52:08,00:01:12,0.1,3.32,9.0,3.32,0.07,9.0,-53.5,/SNS/CNCS/IPTS-37274/nexus/CNCS_665740.nxs.h5
665739,108367,YbZn2GaO5,"YZGO, MAG9, Ei=3.32meV, T=0.07K, B=9.0T w=-54.0deg",2025-10-24 17:49:40,2025-10-24 17:50:52,00:01:12,0.1,3.32,9.0,3.32,0.07,9.0,-54.0,/SNS/CNCS/IPTS-37274/nexus/CNCS_665739.nxs.h5
665738,108367,YbZn2GaO5,"YZGO, MAG9, Ei=3.32meV, T=0.07K, B=9.0T w=-54.5deg",2025-10-24 17:48:24,2025-10-24 17:49:36,00:01:12,0.1,3.32,9.0,3.32,0.07,9.0,-54.5,/SNS/CNCS/IPTS-37274/nexus/CNCS_665738.nxs.h5
665737,108367,YbZn2GaO5,"YZGO, MAG9, Ei=3.32meV, T=0.07K, B=9.0T w=-55.0deg",2025-10-24 17:47:08,2025-10-24 17:48:20,00:01:12,0.1,3.32,9.0,3.32,0.07,9.0,-55.0,/SNS/CNCS/IPTS-37274/nexus/CNCS_665737.nxs.h5
665736,108367,YbZn2GaO5,"YZGO, MAG9, Ei=3.32meV, T=0.07K, B=9.0T w=-55.5deg",2025-10-24 17:43:30,2025-10-24 17:47:04,00:03:34,0.1,3.32,9.0,3.32,0.07,9.0,-55.5,/SNS/CNCS/IPTS-37274/nexus/CNCS_665736.nxs.h5
665735,108367,YbZn2GaO5,"YZGO, MAG9, Ei=3.32meV, T=0.07K, B=9.0T w=-56.0deg",2025-10-24 17:42:13,2025-10-24 17:43:26,00:01:12,0.1,3.32,9.0,3.32,0.07,9.0,-56.0,/SNS/CNCS/IPTS-37274/nexus/CNCS_665735.nxs.h5
665734,108367,YbZn2GaO5,"YZGO, MAG9, Ei=3.32meV, T=0.07K, B=9.0T w=-56.5deg",2025-10-24 17:40:57,2025-10-24 17:42:10,00:01:12,0.1,3.32,9.0,3.32,0.07,9.0,-56.5,/SNS/CNCS/IPTS-37274/nexus/CNCS_665734.nxs.h5
665733,108367,YbZn2GaO5,"YZGO, MAG9, Ei=3.32meV, T=0.07K, B=9.0T w=-57.0deg",2025-10-24 17:39:41,2025-10-24 17:40:54,00:01:12,0.1,3.32,9.0,3.32,0.07,9.0,-57.0,/SNS/CNCS/IPTS-37274/nexus/CNCS_665733.nxs.h5
665732,108367,YbZn2GaO5,"YZGO, MAG9, Ei=3.32meV, T=0.07K, B=9.0T w=-57.5deg",2025-10-24 17:38:25,2025-10-24 17:39:38,00:01:12,0.1,3.32,9.0,3.32,0.07,9.0,-57.5,/SNS/CNCS/IPTS-37274/nexus/CNCS_665732.nxs.h5
665731,108367,YbZn2GaO5,"YZGO, MAG9, Ei=3.32meV, T=0.07K, B=9.0T w=-58.0deg",2025-10-24 17:37:09,2025-10-24 17:38:22,00:01:12,0.1,3.32,9.0,3.32,0.07,9.0,-58.0,/SNS/CNCS/IPTS-37274/nexus/CNCS_665731.nxs.h5
665730,108367,YbZn2GaO5,"YZGO, MAG9, Ei=3.32meV, T=0.07K, B=9.0T w=-58.5deg",2025-10-24 17:35:54,2025-10-24 17:37:06,00:01:12,0.1,3.32,9.0,3.32,0.07,9.0,-58.5,/SNS/CNCS/IPTS-37274/nexus/CNCS_665730.nxs.h5
665729,108367,YbZn2GaO5,"YZGO, MAG9, Ei=3.32meV, T=0.07K, B=9.0T w=-59.0deg",2025-10-24 17:34:38,2025-10-24 17:35:50,00:01:12,0.1,3.32,9.0,3.32,0.07,9.0,-59.0,/SNS/CNCS/IPTS-37274/nexus/CNCS_665729.nxs.h5
665728,108367,YbZn2GaO5,"YZGO, MAG9, Ei=3.32meV, T=0.07K, B=9.0T w=-59.5deg",2025-10-24 17:33:22,2025-10-24 17:34:34,00:01:12,0.1,3.32,9.0,3.32,0.07,9.0,-59.5,/SNS/CNCS/IPTS-37274/nexus/CNCS_665728.nxs.h5
665727,108367,YbZn2GaO5,"YZGO, MAG9, Ei=3.32meV, T=0.07K, B=9.0T w=-60.0deg",2025-10-24 17:32:06,2025-10-24 17:33:18,00:01:12,0.1,3.32,9.0,3.32,0.07,9.0,-60.0,/SNS/CNCS/IPTS-37274/nexus/CNCS_665727.nxs.h5
665726,108367,YbZn2GaO5,"YZGO, MAG9, Ei=3.32meV, T=0.07K, B=9.0T w=-60.5deg",2025-10-24 17:30:50,2025-10-24 17:32:03,00:01:12,0.1,3.32,9.0,3.32,0.07,9.0,-60.5,/SNS/CNCS/IPTS-37274/nexus/CNCS_665726.nxs.h5
665725,108367,YbZn2GaO5,"YZGO, MAG9, Ei=3.32meV, T=0.07K, B=9.0T w=-61.0deg",2025-10-24 17:29:34,2025-10-24 17:30:47,00:01:12,0.1,3.32,9.0,3.32,0.07,9.0,-61.0,/SNS/CNCS/IPTS-37274/nexus/CNCS_665725.nxs.h5
665724,108367,YbZn2GaO5,"YZGO, MAG9, Ei=3.32meV, T=0.07K, B=9.0T w=-61.5deg",2025-10-24 17:28:18,2025-10-24 17:29:31,00:01:12,0.1,3.32,9.0,3.32,0.07,9.0,-61.5,/SNS/CNCS/IPTS-37274/nexus/CNCS_665724.nxs.h5
665723,108367,YbZn2GaO5,"YZGO, MAG9, Ei=3.32meV, T=0.07K, B=9.0T w=-62.0deg",2025-10-24 17:27:02,2025-10-24 17:28:15,00:01:12,0.1,3.32,9.0,3.32,0.07,9.0,-62.0,/SNS/CNCS/IPTS-37274/nexus/CNCS_665723.nxs.h5
665722,108367,YbZn2GaO5,"YZGO, MAG9, Ei=3.32meV, T=0.07K, B=9.0T w=-62.5deg",2025-10-24 17:25:46,2025-10-24 17:26:59,00:01:12,0.1,3.32,9.0,3.32,0.07,9.0,-62.5,/SNS/CNCS/IPTS-37274/nexus/CNCS_665722.nxs.h5
665721,108367,YbZn2GaO5,"YZGO, MAG9, Ei=3.32meV, T=0.07K, B=9.0T w=-63.0deg",2025-10-24 17:24:31,2025-10-24 17:25:43,00:01:12,0.1,3.32,9.0,3.32,0.07,9.0,-63.0,/SNS/CNCS/IPTS-37274/nexus/CNCS_665721.nxs.h5
665720,108367,YbZn2GaO5,"YZGO, MAG9, Ei=3.32meV, T=0.07K, B=9.0T w=-63.5deg",2025-10-24 17:23:15,2025-10-24 17:24:27,00:01:12,0.1,3.32,9.0,3.32,0.07,9.0,-63.5,/SNS/CNCS/IPTS-37274/nexus/CNCS_665720.nxs.h5
665719,108367,YbZn2GaO5,"YZGO, MAG9, Ei=3.32meV, T=0.07K, B=9.0T w=-64.0deg",2025-10-24 17:21:59,2025-10-24 17:23:11,00:01:12,0.1,3.32,9.0,3.32,0.07,9.0,-64.0,/SNS/CNCS/IPTS-37274/nexus/CNCS_665719.nxs.h5
665718,108367,YbZn2GaO5,"YZGO, MAG9, Ei=3.32meV, T=0.07K, B=9.0T w=-64.5deg",2025-10-24 17:20:43,2025-10-24 17:21:55,00:01:12,0.1,3.32,9.0,3.32,0.07,9.0,-64.5,/SNS/CNCS/IPTS-37274/nexus/CNCS_665718.nxs.h5
665717,108367,YbZn2GaO5,"YZGO, MAG9, Ei=3.32meV, T=0.07K, B=9.0T w=-65.0deg",2025-10-24 17:19:27,2025-10-24 17:20:39,00:01:12,0.1,3.32,9.0,3.32,0.07,9.0,-65.0,/SNS/CNCS/IPTS-37274/nexus/CNCS_665717.nxs.h5
665716,108367,YbZn2GaO5,"YZGO, MAG9, Ei=3.32meV, T=0.07K, B=9.0T w=-65.5deg",2025-10-24 17:18:11,2025-10-24 17:19:24,00:01:12,0.1,3.32,9.0,3.32,0.07,9.0,-65.5,/SNS/CNCS/IPTS-37274/nexus/CNCS_665716.nxs.h5
665715,108367,YbZn2GaO5,"YZGO, MAG9, Ei=3.32meV, T=0.07K, B=9.0T w=-66.0deg",2025-10-24 17:16:55,2025-10-24 17:18:08,00:01:12,0.1,3.32,9.0,3.32,0.07,9.0,-66.0,/SNS/CNCS/IPTS-37274/nexus/CNCS_665715.nxs.h5
665714,108367,YbZn2GaO5,"YZGO, MAG9, Ei=3.32meV, T=0.07K, B=9.0T w=-66.5deg",2025-10-24 17:15:40,2025-10-24 17:16:52,00:01:12,0.1,3.32,9.0,3.32,0.07,9.0,-66.5,/SNS/CNCS/IPTS-37274/nexus/CNCS_665714.nxs.h5
665713,108367,YbZn2GaO5,"YZGO, MAG9, Ei=3.32meV, T=0.07K, B=9.0T w=-67.0deg",2025-10-24 17:14:23,2025-10-24 17:15:36,00:01:12,0.1,3.32,9.0,3.32,0.07,9.0,-67.0,/SNS/CNCS/IPTS-37274/nexus/CNCS_665713.nxs.h5
665712,108367,YbZn2GaO5,"YZGO, MAG9, Ei=3.32meV, T=0.07K, B=9.0T w=-67.5deg",2025-10-24 17:13:07,2025-10-24 17:14:19,00:01:12,0.1,3.32,9.0,3.32,0.07,9.0,-67.5,/SNS/CNCS/IPTS-37274/nexus/CNCS_665712.nxs.h5
665711,108367,YbZn2GaO5,"YZGO, MAG9, Ei=3.32meV, T=0.07K, B=9.0T w=-68.0deg",2025-10-24 17:11:51,2025-10-24 17:13:04,00:01:12,0.1,3.32,9.0,3.32,0.07,9.0,-68.0,/SNS/CNCS/IPTS-37274/nexus/CNCS_665711.nxs.h5
665710,108367,YbZn2GaO5,"YZGO, MAG9, Ei=3.32meV, T=0.07K, B=9.0T w=-68.5deg",2025-10-24 17:10:35,2025-10-24 17:11:48,00:01:12,0.1,3.32,9.0,3.32,0.07,9.0,-68.5,/SNS/CNCS/IPTS-37274/nexus/CNCS_665710.nxs.h5
665709,108367,YbZn2GaO5,"YZGO, MAG9, Ei=3.32meV, T=0.07K, B=9.0T w=-69.0deg",2025-10-24 17:09:19,2025-10-24 17:10:32,00:01:12,0.1,3.32,9.0,3.32,0.07,9.0,-69.0,/SNS/CNCS/IPTS-37274/nexus/CNCS_665709.nxs.h5
665708,108367,YbZn2GaO5,"YZGO, MAG9, Ei=3.32meV, T=0.07K, B=9.0T w=-69.5deg",2025-10-24 17:08:04,2025-10-24 17:09:16,00:01:12,0.1,3.32,9.0,3.32,0.07,9.0,-69.5,/SNS/CNCS/IPTS-37274/nexus/CNCS_665708.nxs.h5
665707,108367,YbZn2GaO5,"YZGO, MAG9, Ei=3.32meV, T=0.07K, B=9.0T w=-70.0deg",2025-10-24 17:06:48,2025-10-24 17:08:00,00:01:12,0.1,3.32,9.0,3.32,0.07,9.0,-70.0,/SNS/CNCS/IPTS-37274/nexus/CNCS_665707.nxs.h5
665706,108367,YbZn2GaO5,"YZGO, MAG9, Ei=3.32meV, T=0.07K, B=9.0T w=-70.5deg",2025-10-24 17:05:32,2025-10-24 17:06:44,00:01:12,0.1,3.32,9.0,3.32,0.07,9.0,-70.5,/SNS/CNCS/IPTS-37274/nexus/CNCS_665706.nxs.h5
665705,108367,YbZn2GaO5,"YZGO, MAG9, Ei=3.32meV, T=0.07K, B=9.0T w=-71.0deg",2025-10-24 17:04:16,2025-10-24 17:05:28,00:01:12,0.1,3.32,9.0,3.32,0.07,9.0,-71.0,/SNS/CNCS/IPTS-37274/nexus/CNCS_665705.nxs.h5
665704,108367,YbZn2GaO5,"YZGO, MAG9, Ei=3.32meV, T=0.07K, B=9.0T w=-71.5deg",2025-10-24 17:03:00,2025-10-24 17:04:12,00:01:12,0.1,3.32,9.0,3.32,0.07,9.0,-71.5,/SNS/CNCS/IPTS-37274/nexus/CNCS_665704.nxs.h5
665703,108367,YbZn2GaO5,"YZGO, MAG9, Ei=3.32meV, T=0.07K, B=9.0T w=-72.0deg",2025-10-24 17:01:44,2025-10-24 17:02:56,00:01:12,0.1,3.32,9.0,3.32,0.07,9.0,-72.0,/SNS/CNCS/IPTS-37274/nexus/CNCS_665703.nxs.h5
665702,108367,YbZn2GaO5,"YZGO, MAG9, Ei=3.32meV, T=0.07K, B=9.0T w=-72.5deg",2025-10-24 17:00:28,2025-10-24 17:01:41,00:01:12,0.1,3.32,9.0,3.32,0.07,9.0,-72.5,/SNS/CNCS/IPTS-37274/nexus/CNCS_665702.nxs.h5
665701,108367,YbZn2GaO5,"YZGO, MAG9, Ei=3.32meV, T=0.07K, B=9.0T w=-73.0deg",2025-10-24 16:59:12,2025-10-24 17:00:25,00:01:12,0.1,3.32,9.0,3.32,0.07,9.0,-73.0,/SNS/CNCS/IPTS-37274/nexus/CNCS_665701.nxs.h5
665700,108367,YbZn2GaO5,"YZGO, MAG9, Ei=3.32meV, T=0.07K, B=9.0T w=-73.5deg",2025-10-24 16:57:56,2025-10-24 16:59:09,00:01:12,0.1,3.32,9.0,3.32,0.07,9.0,-73.5,/SNS/CNCS/IPTS-37274/nexus/CNCS_665700.nxs.h5
665699,108367,YbZn2GaO5,"YZGO, MAG9, Ei=3.32meV, T=0.07K, B=9.0T w=-74.0deg",2025-10-24 16:56:41,2025-10-24 16:57:53,00:01:12,0.1,3.32,9.0,3.32,0.07,9.0,-74.0,/SNS/CNCS/IPTS-37274/nexus/CNCS_665699.nxs.h5
665698,108367,YbZn2GaO5,"YZGO, MAG9, Ei=3.32meV, T=0.07K, B=9.0T w=-74.5deg",2025-10-24 16:55:25,2025-10-24 16:56:37,00:01:12,0.1,3.32,9.0,3.32,0.07,9.0,-74.5,/SNS/CNCS/IPTS-37274/nexus/CNCS_665698.nxs.h5
665697,108367,YbZn2GaO5,"YZGO, MAG9, Ei=3.32meV, T=0.07K, B=9.0T w=-75.0deg",2025-10-24 16:54:09,2025-10-24 16:55:21,00:01:12,0.1,3.32,9.0,3.32,0.07,9.0,-75.0,/SNS/CNCS/IPTS-37274/nexus/CNCS_665697.nxs.h5
665696,108367,YbZn2GaO5,"YZGO, MAG9, Ei=3.32meV, T=0.07K, B=9.0T w=-75.5deg",2025-10-24 16:52:53,2025-10-24 16:54:05,00:01:12,0.1,3.32,9.0,3.32,0.07,9.0,-75.5,/SNS/CNCS/IPTS-37274/nexus/CNCS_665696.nxs.h5
665695,108367,YbZn2GaO5,"YZGO, MAG9, Ei=3.32meV, T=0.07K, B=9.0T w=-76.0deg",2025-10-24 16:51:36,2025-10-24 16:52:49,00:01:12,0.1,3.32,9.0,3.32,0.07,9.0,-76.0,/SNS/CNCS/IPTS-37274/nexus/CNCS_665695.nxs.h5
665694,108367,YbZn2GaO5,"YZGO, MAG9, Ei=3.32meV, T=0.07K, B=9.0T w=-76.5deg",2025-10-24 16:50:20,2025-10-24 16:51:33,00:01:12,0.1,3.32,9.0,3.32,0.07,9.0,-76.5,/SNS/CNCS/IPTS-37274/nexus/CNCS_665694.nxs.h5
665693,108367,YbZn2GaO5,"YZGO, MAG9, Ei=3.32meV, T=0.07K, B=9.0T w=-77.0deg",2025-10-24 16:49:04,2025-10-24 16:50:17,00:01:12,0.1,3.32,9.0,3.32,0.07,9.0,-77.0,/SNS/CNCS/IPTS-37274/nexus/CNCS_665693.nxs.h5
665692,108367,YbZn2GaO5,"YZGO, MAG9, Ei=3.32meV, T=0.07K, B=9.0T w=-77.5deg",2025-10-24 16:47:49,2025-10-24 16:49:01,00:01:12,0.1,3.32,9.0,3.32,0.07,9.0,-77.5,/SNS/CNCS/IPTS-37274/nexus/CNCS_665692.nxs.h5
665691,108367,YbZn2GaO5,"YZGO, MAG9, Ei=3.32meV, T=0.07K, B=9.0T w=-78.0deg",2025-10-24 16:46:33,2025-10-24 16:47:45,00:01:12,0.1,3.32,9.0,3.32,0.07,9.0,-78.0,/SNS/CNCS/IPTS-37274/nexus/CNCS_665691.nxs.h5
665690,108367,YbZn2GaO5,"YZGO, MAG9, Ei=3.32meV, T=0.07K, B=9.0T w=-78.5deg",2025-10-24 16:45:17,2025-10-24 16:46:29,00:01:12,0.1,3.32,9.0,3.32,0.07,9.0,-78.5,/SNS/CNCS/IPTS-37274/nexus/CNCS_665690.nxs.h5
665689,108367,YbZn2GaO5,"YZGO, MAG9, Ei=3.32meV, T=0.07K, B=9.0T w=-79.0deg",2025-10-24 16:44:01,2025-10-24 16:45:13,00:01:12,0.1,3.32,9.0,3.32,0.07,9.0,-79.0,/SNS/CNCS/IPTS-37274/nexus/CNCS_665689.nxs.h5
665688,108367,YbZn2GaO5,"YZGO, MAG9, Ei=3.32meV, T=0.07K, B=9.0T w=-79.5deg",2025-10-24 16:42:45,2025-10-24 16:43:57,00:01:12,0.1,3.32,9.0,3.32,0.07,9.0,-79.5,/SNS/CNCS/IPTS-37274/nexus/CNCS_665688.nxs.h5
665687,108367,YbZn2GaO5,"YZGO, MAG9, Ei=3.32meV, T=0.07K, B=9.0T w=-80.0deg",2025-10-24 16:41:29,2025-10-24 16:42:41,00:01:12,0.1,3.32,9.0,3.32,0.07,9.0,-80.0,/SNS/CNCS/IPTS-37274/nexus/CNCS_665687.nxs.h5
665686,108367,YbZn2GaO5,"YZGO, MAG9, Ei=3.32meV, T=0.07K, B=9.0T w=-80.5deg",2025-10-24 16:40:13,2025-10-24 16:41:25,00:01:12,0.1,3.32,9.0,3.32,0.07,9.0,-80.5,/SNS/CNCS/IPTS-37274/nexus/CNCS_665686.nxs.h5
665685,108367,YbZn2GaO5,"YZGO, MAG9, Ei=3.32meV, T=0.07K, B=9.0T w=-81.0deg",2025-10-24 16:38:57,2025-10-24 16:40:09,00:01:12,0.1,3.32,9.0,3.32,0.07,9.0,-81.0,/SNS/CNCS/IPTS-37274/nexus/CNCS_665685.nxs.h5
665684,108367,YbZn2GaO5,"YZGO, MAG9, Ei=3.32meV, T=0.07K, B=9.0T w=-81.5deg",2025-10-24 16:37:41,2025-10-24 16:38:53,00:01:12,0.1,3.32,9.0,3.32,0.07,9.0,-81.5,/SNS/CNCS/IPTS-37274/nexus/CNCS_665684.nxs.h5
665683,108367,YbZn2GaO5,"YZGO, MAG9, Ei=3.32meV, T=0.07K, B=9.0T w=-82.0deg",2025-10-24 16:36:25,2025-10-24 16:37:37,00:01:12,0.1,3.32,9.0,3.32,0.07,9.0,-82.0,/SNS/CNCS/IPTS-37274/nexus/CNCS_665683.nxs.h5
665682,108367,YbZn2GaO5,"YZGO, MAG9, Ei=3.32meV, T=0.07K, B=9.0T w=-82.5deg",2025-10-24 16:35:09,2025-10-24 16:36:21,00:01:12,0.1,3.32,9.0,3.32,0.07,9.0,-82.5,/SNS/CNCS/IPTS-37274/nexus/CNCS_665682.nxs.h5
665681,108367,YbZn2GaO5,"YZGO, MAG9, Ei=3.32meV, T=0.07K, B=9.0T w=-83.0deg",2025-10-24 16:33:52,2025-10-24 16:35:05,00:01:12,0.1,3.32,9.0,3.32,0.07,9.0,-83.0,/SNS/CNCS/IPTS-37274/nexus/CNCS_665681.nxs.h5
665680,108367,YbZn2GaO5,"YZGO, MAG9, Ei=3.32meV, T=0.07K, B=9.0T w=-83.5deg",2025-10-24 16:32:37,2025-10-24 16:33:49,00:01:12,0.1,3.32,9.0,3.32,0.07,9.0,-83.5,/SNS/CNCS/IPTS-37274/nexus/CNCS_665680.nxs.h5
665679,108367,YbZn2GaO5,"YZGO, MAG9, Ei=3.32meV, T=0.07K, B=9.0T w=-84.0deg",2025-10-24 16:31:21,2025-10-24 16:32:33,00:01:12,0.1,3.32,9.0,3.32,0.07,9.0,-84.0,/SNS/CNCS/IPTS-37274/nexus/CNCS_665679.nxs.h5
665678,108367,YbZn2GaO5,"YZGO, MAG9, Ei=3.32meV, T=0.07K, B=9.0T w=-84.5deg",2025-10-24 16:30:05,2025-10-24 16:31:17,00:01:12,0.1,3.32,9.0,3.32,0.07,9.0,-84.5,/SNS/CNCS/IPTS-37274/nexus/CNCS_665678.nxs.h5
665677,108367,YbZn2GaO5,"YZGO, MAG9, Ei=3.32meV, T=0.07K, B=9.0T w=-85.0deg",2025-10-24 16:28:49,2025-10-24 16:30:01,00:01:12,0.1,3.32,9.0,3.32,0.07,9.0,-85.0,/SNS/CNCS/IPTS-37274/nexus/CNCS_665677.nxs.h5
665676,108367,YbZn2GaO5,"YZGO, MAG9, Ei=3.32meV, T=0.07K, B=9.0T w=-85.5deg",2025-10-24 16:27:33,2025-10-24 16:28:45,00:01:12,0.1,3.32,9.0,3.32,0.07,9.0,-85.5,/SNS/CNCS/IPTS-37274/nexus/CNCS_665676.nxs.h5
665675,108367,YbZn2GaO5,"YZGO, MAG9, Ei=3.32meV, T=0.07K, B=9.0T w=-86.0deg",2025-10-24 16:26:17,2025-10-24 16:27:29,00:01:12,0.1,3.32,9.0,3.32,0.07,9.0,-86.0,/SNS/CNCS/IPTS-37274/nexus/CNCS_665675.nxs.h5
665674,108367,YbZn2GaO5,"YZGO, MAG9, Ei=3.32meV, T=0.07K, B=9.0T w=-86.5deg",2025-10-24 16:25:01,2025-10-24 16:26:13,00:01:12,0.1,3.32,9.0,3.32,0.07,9.0,-86.5,/SNS/CNCS/IPTS-37274/nexus/CNCS_665674.nxs.h5
665673,108367,YbZn2GaO5,"YZGO, MAG9, Ei=3.32meV, T=0.07K, B=9.0T w=-87.0deg",2025-10-24 16:23:45,2025-10-24 16:24:57,00:01:12,0.1,3.32,9.0,3.32,0.07,9.0,-87.0,/SNS/CNCS/IPTS-37274/nexus/CNCS_665673.nxs.h5
665672,108367,YbZn2GaO5,"YZGO, MAG9, Ei=3.32meV, T=0.07K, B=9.0T w=-87.5deg",2025-10-24 16:22:28,2025-10-24 16:23:41,00:01:12,0.1,3.32,9.0,3.32,0.07,9.0,-87.5,/SNS/CNCS/IPTS-37274/nexus/CNCS_665672.nxs.h5
665671,108367,YbZn2GaO5,"YZGO, MAG9, Ei=3.32meV, T=0.07K, B=9.0T w=-88.0deg",2025-10-24 16:21:12,2025-10-24 16:22:24,00:01:12,0.1,3.32,9.0,3.32,0.07,9.0,-88.0,/SNS/CNCS/IPTS-37274/nexus/CNCS_665671.nxs.h5
665670,108367,YbZn2GaO5,"YZGO, MAG9, Ei=3.32meV, T=0.07K, B=9.0T w=-88.5deg",2025-10-24 16:19:56,2025-10-24 16:21:08,00:01:12,0.1,3.32,9.0,3.32,0.07,9.0,-88.5,/SNS/CNCS/IPTS-37274/nexus/CNCS_665670.nxs.h5
665669,108367,YbZn2GaO5,"YZGO, MAG9, Ei=3.32meV, T=0.07K, B=9.0T w=-89.0deg",2025-10-24 16:18:40,2025-10-24 16:19:52,00:01:12,0.1,3.32,9.0,3.32,0.07,9.0,-89.0,/SNS/CNCS/IPTS-37274/nexus/CNCS_665669.nxs.h5
665668,108367,YbZn2GaO5,"YZGO, MAG9, Ei=3.32meV, T=0.07K, B=9.0T w=-89.5deg",2025-10-24 16:17:24,2025-10-24 16:18:37,00:01:12,0.1,3.32,9.0,3.32,0.07,9.0,-89.5,/SNS/CNCS/IPTS-37274/nexus/CNCS_665668.nxs.h5
665667,108367,YbZn2GaO5,"YZGO, MAG9, Ei=3.32meV, T=0.07K, B=9.0T w=-90.0deg",2025-10-24 16:16:08,2025-10-24 16:17:21,00:01:12,0.1,3.32,9.0,3.32,0.07,9.0,-90.0,/SNS/CNCS/IPTS-37274/nexus/CNCS_665667.nxs.h5
665666,108367,YbZn2GaO5,"YZGO, MAG9, Ei=3.32meV, T=0.07K, B=9.0T w=-90.5deg",2025-10-24 16:14:52,2025-10-24 16:16:05,00:01:12,0.1,3.32,9.0,3.32,0.07,9.0,-90.5,/SNS/CNCS/IPTS-37274/nexus/CNCS_665666.nxs.h5
665665,108367,YbZn2GaO5,"YZGO, MAG9, Ei=3.32meV, T=0.07K, B=9.0T w=-91.0deg",2025-10-24 16:13:36,2025-10-24 16:14:49,00:01:12,0.1,3.32,9.0,3.32,0.07,9.0,-91.0,/SNS/CNCS/IPTS-37274/nexus/CNCS_665665.nxs.h5
665664,108367,YbZn2GaO5,"YZGO, MAG9, Ei=3.32meV, T=0.07K, B=9.0T w=-91.5deg",2025-10-24 16:12:20,2025-10-24 16:13:33,00:01:12,0.1,3.32,9.0,3.32,0.07,9.0,-91.5,/SNS/CNCS/IPTS-37274/nexus/CNCS_665664.nxs.h5
665663,108367,YbZn2GaO5,"YZGO, MAG9, Ei=3.32meV, T=0.07K, B=9.0T w=-92.0deg",2025-10-24 16:11:05,2025-10-24 16:12:17,00:01:12,0.1,3.32,9.0,3.32,0.07,9.0,-92.0,/SNS/CNCS/IPTS-37274/nexus/CNCS_665663.nxs.h5
665662,108367,YbZn2GaO5,"YZGO, MAG9, Ei=3.32meV, T=0.07K, B=9.0T w=-92.5deg",2025-10-24 16:09:49,2025-10-24 16:11:01,00:01:12,0.1,3.32,9.0,3.32,0.07,9.0,-92.5,/SNS/CNCS/IPTS-37274/nexus/CNCS_665662.nxs.h5
665661,108367,YbZn2GaO5,"YZGO, MAG9, Ei=3.32meV, T=0.07K, B=9.0T w=-93.0deg",2025-10-24 16:08:33,2025-10-24 16:09:45,00:01:12,0.1,3.32,9.0,3.32,0.07,9.0,-93.0,/SNS/CNCS/IPTS-37274/nexus/CNCS_665661.nxs.h5
665660,108367,YbZn2GaO5,"YZGO, MAG9, Ei=3.32meV, T=0.07K, B=9.0T w=-93.5deg",2025-10-24 16:07:16,2025-10-24 16:08:29,00:01:12,0.1,3.32,9.0,3.32,0.07,9.0,-93.5,/SNS/CNCS/IPTS-37274/nexus/CNCS_665660.nxs.h5
665659,108367,YbZn2GaO5,"YZGO, MAG9, Ei=3.32meV, T=0.07K, B=9.0T w=-94.0deg",2025-10-24 16:06:00,2025-10-24 16:07:13,00:01:12,0.1,3.32,9.0,3.32,0.07,9.0,-94.0,/SNS/CNCS/IPTS-37274/nexus/CNCS_665659.nxs.h5
665658,108367,YbZn2GaO5,"YZGO, MAG9, Ei=3.32meV, T=0.07K, B=9.0T w=-94.5deg",2025-10-24 16:04:44,2025-10-24 16:05:57,00:01:12,0.1,3.32,9.0,3.32,0.07,9.0,-94.5,/SNS/CNCS/IPTS-37274/nexus/CNCS_665658.nxs.h5
665657,108367,YbZn2GaO5,"YZGO, MAG9, Ei=3.32meV, T=0.07K, B=9.0T w=-95.0deg",2025-10-24 16:03:28,2025-10-24 16:04:41,00:01:12,0.1,3.32,9.0,3.32,0.07,9.0,-95.0,/SNS/CNCS/IPTS-37274/nexus/CNCS_665657.nxs.h5
665656,108367,YbZn2GaO5,"YZGO, MAG9, Ei=3.32meV, T=0.07K, B=9.0T w=-95.5deg",2025-10-24 16:02:13,2025-10-24 16:03:25,00:01:12,0.1,3.32,9.0,3.32,0.07,9.0,-95.5,/SNS/CNCS/IPTS-37274/nexus/CNCS_665656.nxs.h5
665655,108367,YbZn2GaO5,"YZGO, MAG9, Ei=3.32meV, T=0.07K, B=9.0T w=-96.0deg",2025-10-24 16:00:56,2025-10-24 16:02:09,00:01:12,0.1,3.32,9.0,3.32,0.07,9.0,-96.0,/SNS/CNCS/IPTS-37274/nexus/CNCS_665655.nxs.h5
665654,108367,YbZn2GaO5,"YZGO, MAG9, Ei=3.32meV, T=0.07K, B=9.0T w=-96.5deg",2025-10-24 15:59:40,2025-10-24 16:00:53,00:01:12,0.1,3.32,9.0,3.32,0.07,9.0,-96.5,/SNS/CNCS/IPTS-37274/nexus/CNCS_665654.nxs.h5
665653,108367,YbZn2GaO5,"YZGO, MAG9, Ei=3.32meV, T=0.07K, B=9.0T w=-97.0deg",2025-10-24 15:58:24,2025-10-24 15:59:37,00:01:12,0.1,3.32,9.0,3.32,0.07,9.0,-97.0,/SNS/CNCS/IPTS-37274/nexus/CNCS_665653.nxs.h5
665652,108367,YbZn2GaO5,"YZGO, MAG9, Ei=3.32meV, T=0.07K, B=9.0T w=-97.5deg",2025-10-24 15:57:08,2025-10-24 15:58:21,00:01:12,0.1,3.32,9.0,3.32,0.07,9.0,-97.5,/SNS/CNCS/IPTS-37274/nexus/CNCS_665652.nxs.h5
665651,108367,YbZn2GaO5,"YZGO, MAG9, Ei=3.32meV, T=0.07K, B=9.0T w=-98.0deg",2025-10-24 15:55:52,2025-10-24 15:57:05,00:01:12,0.1,3.32,9.0,3.32,0.07,9.0,-98.0,/SNS/CNCS/IPTS-37274/nexus/CNCS_665651.nxs.h5
665650,108367,YbZn2GaO5,"YZGO, MAG9, Ei=3.32meV, T=0.07K, B=9.0T w=-98.5deg",2025-10-24 15:54:36,2025-10-24 15:55:49,00:01:12,0.1,3.32,9.0,3.32,0.07,9.0,-98.5,/SNS/CNCS/IPTS-37274/nexus/CNCS_665650.nxs.h5
665649,108367,YbZn2GaO5,"YZGO, MAG9, Ei=3.32meV, T=0.07K, B=9.0T w=-99.0deg",2025-10-24 15:53:20,2025-10-24 15:54:33,00:01:12,0.1,3.32,9.0,3.32,0.07,9.0,-99.0,/SNS/CNCS/IPTS-37274/nexus/CNCS_665649.nxs.h5
665648,108367,YbZn2GaO5,"YZGO, MAG9, Ei=3.32meV, T=0.07K, B=9.0T w=-99.5deg",2025-10-24 15:52:04,2025-10-24 15:53:16,00:01:12,0.1,3.32,9.0,3.32,0.07,9.0,-99.5,/SNS/CNCS/IPTS-37274/nexus/CNCS_665648.nxs.h5
665647,108367,YbZn2GaO5,"YZGO, MAG9, Ei=3.32meV, T=0.07K, B=9.0T w=-100.0deg",2025-10-24 15:50:48,2025-10-24 15:52:00,00:01:12,0.1,3.32,9.0,3.32,0.07,9.0,-100.0,/SNS/CNCS/IPTS-37274/nexus/CNCS_665647.nxs.h5
665646,108367,YbZn2GaO5,"YZGO, MAG9, Ei=3.32meV, T=0.07K, B=9.0T w=-100.5deg",2025-10-24 15:49:32,2025-10-24 15:50:44,00:01:12,0.1,3.32,9.0,3.32,0.07,9.0,-100.5,/SNS/CNCS/IPTS-37274/nexus/CNCS_665646.nxs.h5
665645,108367,YbZn2GaO5,"YZGO, MAG9, Ei=3.32meV, T=0.07K, B=9.0T w=-101.0deg",2025-10-24 15:48:16,2025-10-24 15:49:28,00:01:12,0.1,3.32,9.0,3.32,0.07,9.0,-101.0,/SNS/CNCS/IPTS-37274/nexus/CNCS_665645.nxs.h5
665644,108367,YbZn2GaO5,"YZGO, MAG9, Ei=3.32meV, T=0.07K, B=9.0T w=-101.5deg",2025-10-24 15:47:00,2025-10-24 15:48:13,00:01:12,0.1,3.32,9.0,3.32,0.07,9.0,-101.5,/SNS/CNCS/IPTS-37274/nexus/CNCS_665644.nxs.h5
665643,108367,YbZn2GaO5,"YZGO, MAG9, Ei=3.32meV, T=0.07K, B=9.0T w=-102.0deg",2025-10-24 15:45:44,2025-10-24 15:46:57,00:01:12,0.1,3.32,9.0,3.32,0.07,9.0,-102.0,/SNS/CNCS/IPTS-37274/nexus/CNCS_665643.nxs.h5
665642,108367,YbZn2GaO5,"YZGO, MAG9, Ei=3.32meV, T=0.07K, B=9.0T w=-102.5deg",2025-10-24 15:44:29,2025-10-24 15:45:41,00:01:12,0.1,3.32,9.0,3.32,0.07,9.0,-102.5,/SNS/CNCS/IPTS-37274/nexus/CNCS_665642.nxs.h5
665641,108367,YbZn2GaO5,"YZGO, MAG9, Ei=3.32meV, T=0.07K, B=9.0T w=-103.0deg",2025-10-24 15:43:13,2025-10-24 15:44:25,00:01:12,0.1,3.32,9.0,3.32,0.07,9.0,-103.0,/SNS/CNCS/IPTS-37274/nexus/CNCS_665641.nxs.h5
665640,108367,YbZn2GaO5,"YZGO, MAG9, Ei=3.32meV, T=0.07K, B=9.0T w=-103.5deg",2025-10-24 15:41:57,2025-10-24 15:43:09,00:01:12,0.1,3.32,9.0,3.32,0.07,9.0,-103.5,/SNS/CNCS/IPTS-37274/nexus/CNCS_665640.nxs.h5
665639,108367,YbZn2GaO5,"YZGO, MAG9, Ei=3.32meV, T=0.07K, B=9.0T w=-104.0deg",2025-10-24 15:40:41,2025-10-24 15:41:53,00:01:12,0.1,3.32,9.0,3.32,0.07,9.0,-104.0,/SNS/CNCS/IPTS-37274/nexus/CNCS_665639.nxs.h5
665638,108367,YbZn2GaO5,"YZGO, MAG9, Ei=3.32meV, T=0.07K, B=9.0T w=-104.5deg",2025-10-24 15:39:25,2025-10-24 15:40:37,00:01:12,0.1,3.32,9.0,3.32,0.07,9.0,-104.5,/SNS/CNCS/IPTS-37274/nexus/CNCS_665638.nxs.h5
665637,108367,YbZn2GaO5,"YZGO, MAG9, Ei=3.32meV, T=0.07K, B=9.0T w=-105.0deg",2025-10-24 15:38:09,2025-10-24 15:39:21,00:01:12,0.1,3.32,9.0,3.32,0.07,9.0,-105.0,/SNS/CNCS/IPTS-37274/nexus/CNCS_665637.nxs.h5
665636,108367,YbZn2GaO5,"YZGO, MAG9, Ei=3.32meV, T=0.07K, B=9.0T w=-105.5deg",2025-10-24 15:36:53,2025-10-24 15:38:05,00:01:12,0.1,3.32,9.0,3.32,0.07,9.0,-105.5,/SNS/CNCS/IPTS-37274/nexus/CNCS_665636.nxs.h5
665635,108367,YbZn2GaO5,"YZGO, MAG9, Ei=3.32meV, T=0.07K, B=9.0T w=-106.0deg",2025-10-24 15:35:37,2025-10-24 15:36:49,00:01:12,0.1,3.32,9.0,3.32,0.07,9.0,-106.0,/SNS/CNCS/IPTS-37274/nexus/CNCS_665635.nxs.h5
665634,108367,YbZn2GaO5,"YZGO, MAG9, Ei=3.32meV, T=0.07K, B=9.0T w=-106.5deg",2025-10-24 15:34:21,2025-10-24 15:35:33,00:01:12,0.1,3.32,9.0,3.32,0.07,9.0,-106.5,/SNS/CNCS/IPTS-37274/nexus/CNCS_665634.nxs.h5
665633,108367,YbZn2GaO5,"YZGO, MAG9, Ei=3.32meV, T=0.07K, B=9.0T w=-107.0deg",2025-10-24 15:33:05,2025-10-24 15:34:17,00:01:12,0.1,3.32,9.0,3.32,0.07,9.0,-107.0,/SNS/CNCS/IPTS-37274/nexus/CNCS_665633.nxs.h5
665632,108367,YbZn2GaO5,"YZGO, MAG9, Ei=3.32meV, T=0.07K, B=9.0T w=-107.5deg",2025-10-24 15:31:49,2025-10-24 15:33:02,00:01:12,0.1,3.32,9.0,3.32,0.07,9.0,-107.5,/SNS/CNCS/IPTS-37274/nexus/CNCS_665632.nxs.h5
665631,108367,YbZn2GaO5,"YZGO, MAG9, Ei=3.32meV, T=0.07K, B=9.0T w=-108.0deg",2025-10-24 15:30:33,2025-10-24 15:31:46,00:01:12,0.1,3.32,9.0,3.32,0.07,9.0,-108.0,/SNS/CNCS/IPTS-37274/nexus/CNCS_665631.nxs.h5
665630,108367,YbZn2GaO5,"YZGO, MAG9, Ei=3.32meV, T=0.07K, B=9.0T w=-108.5deg",2025-10-24 15:29:18,2025-10-24 15:30:30,00:01:12,0.1,3.32,9.0,3.32,0.07,9.0,-108.5,/SNS/CNCS/IPTS-37274/nexus/CNCS_665630.nxs.h5
665629,108367,YbZn2GaO5,"YZGO, MAG9, Ei=3.32meV, T=0.07K, B=9.0T w=-109.0deg",2025-10-24 15:28:02,2025-10-24 15:29:14,00:01:12,0.1,3.32,9.0,3.32,0.07,9.0,-109.0,/SNS/CNCS/IPTS-37274/nexus/CNCS_665629.nxs.h5
665628,108367,YbZn2GaO5,"YZGO, MAG9, Ei=3.32meV, T=0.07K, B=9.0T w=-109.5deg",2025-10-24 15:26:46,2025-10-24 15:27:58,00:01:12,0.1,3.32,9.0,3.32,0.07,9.0,-109.5,/SNS/CNCS/IPTS-37274/nexus/CNCS_665628.nxs.h5
665627,108367,YbZn2GaO5,"YZGO, MAG9, Ei=3.32meV, T=0.07K, B=9.0T w=-110.0deg",2025-10-24 15:25:30,2025-10-24 15:26:42,00:01:12,0.1,3.32,9.0,3.32,0.07,9.0,-110.0,/SNS/CNCS/IPTS-37274/nexus/CNCS_665627.nxs.h5
665626,108367,YbZn2GaO5,"YZGO, MAG9, Ei=3.32meV, T=0.07K, B=9.0T w=-110.5deg",2025-10-24 15:24:14,2025-10-24 15:25:26,00:01:12,0.1,3.32,9.0,3.32,0.07,9.0,-110.5,/SNS/CNCS/IPTS-37274/nexus/CNCS_665626.nxs.h5
665625,108367,YbZn2GaO5,"YZGO, MAG9, Ei=3.32meV, T=0.07K, B=9.0T w=-111.0deg",2025-10-24 15:22:58,2025-10-24 15:24:10,00:01:12,0.1,3.32,9.0,3.32,0.07,9.0,-111.0,/SNS/CNCS/IPTS-37274/nexus/CNCS_665625.nxs.h5
665624,108367,YbZn2GaO5,"YZGO, MAG9, Ei=3.32meV, T=0.07K, B=9.0T w=-111.5deg",2025-10-24 15:21:42,2025-10-24 15:22:54,00:01:12,0.1,3.32,9.0,3.32,0.07,9.0,-111.5,/SNS/CNCS/IPTS-37274/nexus/CNCS_665624.nxs.h5
665623,108367,YbZn2GaO5,"YZGO, MAG9, Ei=3.32meV, T=0.07K, B=9.0T w=-112.0deg",2025-10-24 15:20:26,2025-10-24 15:21:38,00:01:12,0.1,3.32,9.0,3.32,0.07,9.0,-112.0,/SNS/CNCS/IPTS-37274/nexus/CNCS_665623.nxs.h5
665622,108367,YbZn2GaO5,"YZGO, MAG9, Ei=3.32meV, T=0.07K, B=9.0T w=-112.5deg",2025-10-24 15:19:10,2025-10-24 15:20:22,00:01:12,0.1,3.32,9.0,3.32,0.07,9.0,-112.5,/SNS/CNCS/IPTS-37274/nexus/CNCS_665622.nxs.h5
665621,108367,YbZn2GaO5,"YZGO, MAG9, Ei=3.32meV, T=0.07K, B=9.0T w=-113.0deg",2025-10-24 15:17:54,2025-10-24 15:19:06,00:01:12,0.1,3.32,9.0,3.32,0.07,9.0,-113.0,/SNS/CNCS/IPTS-37274/nexus/CNCS_665621.nxs.h5
665620,108367,YbZn2GaO5,"YZGO, MAG9, Ei=3.32meV, T=0.07K, B=9.0T w=-113.5deg",2025-10-24 15:16:38,2025-10-24 15:17:50,00:01:12,0.1,3.32,9.0,3.32,0.07,9.0,-113.5,/SNS/CNCS/IPTS-37274/nexus/CNCS_665620.nxs.h5
665619,108367,YbZn2GaO5,"YZGO, MAG9, Ei=3.32meV, T=0.07K, B=9.0T w=-114.0deg",2025-10-24 15:15:22,2025-10-24 15:16:35,00:01:12,0.1,3.32,9.0,3.32,0.07,9.0,-114.0,/SNS/CNCS/IPTS-37274/nexus/CNCS_665619.nxs.h5
665618,108367,YbZn2GaO5,"YZGO, MAG9, Ei=3.32meV, T=0.07K, B=9.0T w=-114.5deg",2025-10-24 15:14:06,2025-10-24 15:15:19,00:01:12,0.1,3.32,9.0,3.32,0.07,9.0,-114.5,/SNS/CNCS/IPTS-37274/nexus/CNCS_665618.nxs.h5
665617,108367,YbZn2GaO5,"YZGO, MAG9, Ei=3.32meV, T=0.07K, B=9.0T w=-115.0deg",2025-10-24 15:12:50,2025-10-24 15:14:03,00:01:12,0.1,3.32,9.0,3.32,0.07,9.0,-115.0,/SNS/CNCS/IPTS-37274/nexus/CNCS_665617.nxs.h5
665616,108367,YbZn2GaO5,"YZGO, MAG9, Ei=3.32meV, T=0.07K, B=9.0T w=-115.5deg",2025-10-24 15:11:35,2025-10-24 15:12:47,00:01:12,0.1,3.32,9.0,3.32,0.07,9.0,-115.5,/SNS/CNCS/IPTS-37274/nexus/CNCS_665616.nxs.h5
665615,108367,YbZn2GaO5,"YZGO, MAG9, Ei=3.32meV, T=0.07K, B=9.0T w=-116.0deg",2025-10-24 15:10:19,2025-10-24 15:11:31,00:01:12,0.1,3.32,9.0,3.32,0.07,9.0,-116.0,/SNS/CNCS/IPTS-37274/nexus/CNCS_665615.nxs.h5
665614,108367,YbZn2GaO5,"YZGO, MAG9, Ei=3.32meV, T=0.07K, B=9.0T w=-116.5deg",2025-10-24 15:09:02,2025-10-24 15:10:15,00:01:12,0.1,3.32,9.0,3.32,0.07,9.0,-116.5,/SNS/CNCS/IPTS-37274/nexus/CNCS_665614.nxs.h5
665613,108367,YbZn2GaO5,"YZGO, MAG9, Ei=3.32meV, T=0.07K, B=9.0T w=-117.0deg",2025-10-24 15:07:46,2025-10-24 15:08:59,00:01:12,0.1,3.32,9.0,3.32,0.07,9.0,-117.0,/SNS/CNCS/IPTS-37274/nexus/CNCS_665613.nxs.h5
665612,108367,YbZn2GaO5,"YZGO, MAG9, Ei=3.32meV, T=0.07K, B=9.0T w=-117.5deg",2025-10-24 15:06:30,2025-10-24 15:07:43,00:01:12,0.1,3.32,9.0,3.32,0.07,9.0,-117.5,/SNS/CNCS/IPTS-37274/nexus/CNCS_665612.nxs.h5
665611,108367,YbZn2GaO5,"YZGO, MAG9, Ei=3.32meV, T=0.07K, B=9.0T w=-118.0deg",2025-10-24 15:05:14,2025-10-24 15:06:27,00:01:12,0.1,3.32,9.0,3.32,0.07,9.0,-118.0,/SNS/CNCS/IPTS-37274/nexus/CNCS_665611.nxs.h5
665610,108367,YbZn2GaO5,"YZGO, MAG9, Ei=3.32meV, T=0.07K, B=9.0T w=-118.5deg",2025-10-24 15:03:58,2025-10-24 15:05:11,00:01:12,0.1,3.32,9.0,3.32,0.07,9.0,-118.5,/SNS/CNCS/IPTS-37274/nexus/CNCS_665610.nxs.h5
665609,108367,YbZn2GaO5,"YZGO, MAG9, Ei=3.32meV, T=0.07K, B=9.0T w=-119.0deg",2025-10-24 15:02:43,2025-10-24 15:03:55,00:01:12,0.1,3.32,9.0,3.32,0.07,9.0,-119.0,/SNS/CNCS/IPTS-37274/nexus/CNCS_665609.nxs.h5
665608,108367,YbZn2GaO5,"YZGO, MAG9, Ei=3.32meV, T=0.07K, B=9.0T w=-119.5deg",2025-10-24 15:01:27,2025-10-24 15:02:39,00:01:12,0.1,3.32,9.0,3.32,0.07,9.0,-119.5,/SNS/CNCS/IPTS-37274/nexus/CNCS_665608.nxs.h5
665607,108367,YbZn2GaO5,"YZGO, MAG9, Ei=3.32meV, T=0.07K, B=9.0T w=-120.0deg",2025-10-24 15:00:11,2025-10-24 15:01:23,00:01:12,0.1,3.32,9.0,3.32,0.07,9.0,-120.0,/SNS/CNCS/IPTS-37274/nexus/CNCS_665607.nxs.h5
665606,108367,YbZn2GaO5,"YZGO, MAG9, Ei=3.32meV, T=0.07K, B=9.0T w=-120.5deg",2025-10-24 14:58:55,2025-10-24 15:00:07,00:01:12,0.1,3.32,9.0,3.32,0.07,9.0,-120.5,/SNS/CNCS/IPTS-37274/nexus/CNCS_665606.nxs.h5
665605,108367,YbZn2GaO5,"YZGO, MAG9, Ei=3.32meV, T=0.07K, B=9.0T w=-121.0deg",2025-10-24 14:57:39,2025-10-24 14:58:51,00:01:12,0.1,3.32,9.0,3.32,0.07,9.0,-121.0,/SNS/CNCS/IPTS-37274/nexus/CNCS_665605.nxs.h5
665604,108367,YbZn2GaO5,"YZGO, MAG9, Ei=3.32meV, T=0.07K, B=9.0T w=-121.5deg",2025-10-24 14:56:23,2025-10-24 14:57:35,00:01:12,0.1,3.32,9.0,3.32,0.07,9.0,-121.5,/SNS/CNCS/IPTS-37274/nexus/CNCS_665604.nxs.h5
665603,108367,YbZn2GaO5,"YZGO, MAG9, Ei=3.32meV, T=0.07K, B=9.0T w=-122.0deg",2025-10-24 14:55:07,2025-10-24 14:56:19,00:01:12,0.1,3.32,9.0,3.32,0.07,9.0,-122.0,/SNS/CNCS/IPTS-37274/nexus/CNCS_665603.nxs.h5
665602,108367,YbZn2GaO5,"YZGO, MAG9, Ei=3.32meV, T=0.07K, B=9.0T w=-122.5deg",2025-10-24 14:53:51,2025-10-24 14:55:04,00:01:12,0.1,3.32,9.0,3.32,0.07,9.0,-122.5,/SNS/CNCS/IPTS-37274/nexus/CNCS_665602.nxs.h5
665601,108367,YbZn2GaO5,"YZGO, MAG9, Ei=3.32meV, T=0.07K, B=9.0T w=-123.0deg",2025-10-24 14:52:35,2025-10-24 14:53:47,00:01:12,0.1,3.32,9.0,3.32,0.07,9.0,-123.0,/SNS/CNCS/IPTS-37274/nexus/CNCS_665601.nxs.h5
665600,108367,YbZn2GaO5,"YZGO, MAG9, Ei=3.32meV, T=0.07K, B=9.0T w=-123.5deg",2025-10-24 14:51:19,2025-10-24 14:52:31,00:01:12,0.1,3.32,9.0,3.32,0.07,9.0,-123.5,/SNS/CNCS/IPTS-37274/nexus/CNCS_665600.nxs.h5
665599,108367,YbZn2GaO5,"YZGO, MAG9, Ei=3.32meV, T=0.07K, B=9.0T w=-124.0deg",2025-10-24 14:50:03,2025-10-24 14:51:15,00:01:12,0.1,3.32,9.0,3.32,0.07,9.0,-124.0,/SNS/CNCS/IPTS-37274/nexus/CNCS_665599.nxs.h5
665598,108367,YbZn2GaO5,"YZGO, MAG9, Ei=3.32meV, T=0.07K, B=9.0T w=-124.5deg",2025-10-24 14:48:47,2025-10-24 14:49:59,00:01:12,0.1,3.32,9.0,3.32,0.07,9.0,-124.5,/SNS/CNCS/IPTS-37274/nexus/CNCS_665598.nxs.h5
665597,108367,YbZn2GaO5,"YZGO, MAG9, Ei=3.32meV, T=0.07K, B=9.0T w=-125.0deg",2025-10-24 14:47:31,2025-10-24 14:48:43,00:01:12,0.1,3.32,9.0,3.32,0.07,9.0,-125.0,/SNS/CNCS/IPTS-37274/nexus/CNCS_665597.nxs.h5
665596,108367,YbZn2GaO5,"YZGO, MAG9, Ei=3.32meV, T=0.07K, B=9.0T w=-125.5deg",2025-10-24 14:46:15,2025-10-24 14:47:27,00:01:12,0.1,3.32,9.0,3.32,0.07,9.0,-125.5,/SNS/CNCS/IPTS-37274/nexus/CNCS_665596.nxs.h5
665595,108367,YbZn2GaO5,"YZGO, MAG9, Ei=3.32meV, T=0.07K, B=9.0T w=-126.0deg",2025-10-24 14:44:59,2025-10-24 14:46:11,00:01:12,0.1,3.32,9.0,3.32,0.07,9.0,-126.0,/SNS/CNCS/IPTS-37274/nexus/CNCS_665595.nxs.h5
665594,108367,YbZn2GaO5,"YZGO, MAG9, Ei=3.32meV, T=0.07K, B=9.0T w=-126.5deg",2025-10-24 14:43:43,2025-10-24 14:44:55,00:01:12,0.1,3.32,9.0,3.32,0.07,9.0,-126.5,/SNS/CNCS/IPTS-37274/nexus/CNCS_665594.nxs.h5
665593,108367,YbZn2GaO5,"YZGO, MAG9, Ei=3.32meV, T=0.07K, B=9.0T w=-127.0deg",2025-10-24 14:42:27,2025-10-24 14:43:39,00:01:12,0.1,3.32,9.0,3.32,0.07,9.0,-127.0,/SNS/CNCS/IPTS-37274/nexus/CNCS_665593.nxs.h5
665592,108367,YbZn2GaO5,"YZGO, MAG9, Ei=3.32meV, T=0.07K, B=9.0T w=-127.5deg",2025-10-24 14:41:11,2025-10-24 14:42:23,00:01:12,0.1,3.32,9.0,3.32,0.07,9.0,-127.5,/SNS/CNCS/IPTS-37274/nexus/CNCS_665592.nxs.h5
665591,108367,YbZn2GaO5,"YZGO, MAG9, Ei=3.32meV, T=0.07K, B=9.0T w=-128.0deg",2025-10-24 14:39:55,2025-10-24 14:41:07,00:01:12,0.1,3.32,9.0,3.32,0.07,9.0,-128.0,/SNS/CNCS/IPTS-37274/nexus/CNCS_665591.nxs.h5
665590,108367,YbZn2GaO5,"YZGO, MAG9, Ei=3.32meV, T=0.07K, B=9.0T w=-128.5deg",2025-10-24 14:38:39,2025-10-24 14:39:51,00:01:12,0.1,3.32,9.0,3.32,0.07,9.0,-128.5,/SNS/CNCS/IPTS-37274/nexus/CNCS_665590.nxs.h5
665589,108367,YbZn2GaO5,"YZGO, MAG9, Ei=3.32meV, T=0.07K, B=9.0T w=-129.0deg",2025-10-24 14:37:23,2025-10-24 14:38:35,00:01:12,0.1,3.32,9.0,3.32,0.07,9.0,-129.0,/SNS/CNCS/IPTS-37274/nexus/CNCS_665589.nxs.h5
665588,108367,YbZn2GaO5,"YZGO, MAG9, Ei=3.32meV, T=0.07K, B=9.0T w=-129.5deg",2025-10-24 14:36:07,2025-10-24 14:37:19,00:01:12,0.1,3.32,9.0,3.32,0.07,9.0,-129.5,/SNS/CNCS/IPTS-37274/nexus/CNCS_665588.nxs.h5
665587,108367,YbZn2GaO5,"YZGO, MAG9, Ei=3.32meV, T=0.07K, B=9.0T w=-130.0deg",2025-10-24 14:34:51,2025-10-24 14:36:03,00:01:12,0.1,3.32,9.0,3.32,0.07,9.0,-130.0,/SNS/CNCS/IPTS-37274/nexus/CNCS_665587.nxs.h5
665586,108367,YbZn2GaO5,"YZGO, MAG9, Ei=3.32meV, T=0.07K, B=9.0T w=-130.5deg",2025-10-24 14:33:35,2025-10-24 14:34:47,00:01:12,0.1,3.32,9.0,3.32,0.07,9.0,-130.5,/SNS/CNCS/IPTS-37274/nexus/CNCS_665586.nxs.h5
665585,108367,YbZn2GaO5,"YZGO, MAG9, Ei=3.32meV, T=0.07K, B=9.0T w=-131.0deg",2025-10-24 14:32:18,2025-10-24 14:33:31,00:01:12,0.1,3.32,9.0,3.32,0.07,9.0,-131.0,/SNS/CNCS/IPTS-37274/nexus/CNCS_665585.nxs.h5
665584,108367,YbZn2GaO5,"YZGO, MAG9, Ei=3.32meV, T=0.07K, B=9.0T w=-131.5deg",2025-10-24 14:31:03,2025-10-24 14:32:15,00:01:12,0.1,3.32,9.0,3.32,0.07,9.0,-131.5,/SNS/CNCS/IPTS-37274/nexus/CNCS_665584.nxs.h5
665583,108367,YbZn2GaO5,"YZGO, MAG9, Ei=3.32meV, T=0.07K, B=9.0T w=-132.0deg",2025-10-24 14:29:47,2025-10-24 14:30:59,00:01:12,0.1,3.32,9.0,3.32,0.07,9.0,-132.0,/SNS/CNCS/IPTS-37274/nexus/CNCS_665583.nxs.h5
665582,108367,YbZn2GaO5,"YZGO, MAG9, Ei=3.32meV, T=0.07K, B=9.0T w=-132.5deg",2025-10-24 14:28:31,2025-10-24 14:29:43,00:01:12,0.1,3.32,9.0,3.32,0.07,9.0,-132.5,/SNS/CNCS/IPTS-37274/nexus/CNCS_665582.nxs.h5
665581,108367,YbZn2GaO5,"YZGO, MAG9, Ei=3.32meV, T=0.07K, B=9.0T w=-133.0deg",2025-10-24 14:27:15,2025-10-24 14:28:27,00:01:12,0.1,3.32,9.0,3.32,0.07,9.0,-133.0,/SNS/CNCS/IPTS-37274/nexus/CNCS_665581.nxs.h5
665580,108367,YbZn2GaO5,"YZGO, MAG9, Ei=3.32meV, T=0.07K, B=9.0T w=-133.5deg",2025-10-24 14:25:59,2025-10-24 14:27:11,00:01:12,0.1,3.32,9.0,3.32,0.07,9.0,-133.5,/SNS/CNCS/IPTS-37274/nexus/CNCS_665580.nxs.h5
665579,108367,YbZn2GaO5,"YZGO, MAG9, Ei=3.32meV, T=0.07K, B=9.0T w=-134.0deg",2025-10-24 14:24:43,2025-10-24 14:25:55,00:01:12,0.1,3.32,9.0,3.32,0.07,9.0,-134.0,/SNS/CNCS/IPTS-37274/nexus/CNCS_665579.nxs.h5
665578,108367,YbZn2GaO5,"YZGO, MAG9, Ei=3.32meV, T=0.07K, B=9.0T w=-134.5deg",2025-10-24 14:23:27,2025-10-24 14:24:39,00:01:12,0.1,3.32,9.0,3.32,0.07,9.0,-134.5,/SNS/CNCS/IPTS-37274/nexus/CNCS_665578.nxs.h5
665577,108367,YbZn2GaO5,"YZGO, MAG9, Ei=3.32meV, T=0.07K, B=9.0T w=-135.0deg",2025-10-24 14:22:11,2025-10-24 14:23:23,00:01:12,0.1,3.32,9.0,3.32,0.07,9.0,-135.0,/SNS/CNCS/IPTS-37274/nexus/CNCS_665577.nxs.h5
665576,108367,YbZn2GaO5,"YZGO, MAG9, Ei=3.32meV, T=0.07K, B=9.0T w=-135.5deg",2025-10-24 14:20:55,2025-10-24 14:22:07,00:01:12,0.1,3.32,9.0,3.32,0.07,9.0,-135.5,/SNS/CNCS/IPTS-37274/nexus/CNCS_665576.nxs.h5
665575,108367,YbZn2GaO5,"YZGO, MAG9, Ei=3.32meV, T=0.07K, B=9.0T w=-136.0deg",2025-10-24 14:19:39,2025-10-24 14:20:51,00:01:12,0.1,3.32,9.0,3.32,0.07,9.0,-136.0,/SNS/CNCS/IPTS-37274/nexus/CNCS_665575.nxs.h5
665574,108367,YbZn2GaO5,"YZGO, MAG9, Ei=3.32meV, T=0.07K, B=9.0T w=-136.5deg",2025-10-24 14:18:23,2025-10-24 14:19:36,00:01:12,0.1,3.32,9.0,3.32,0.07,9.0,-136.5,/SNS/CNCS/IPTS-37274/nexus/CNCS_665574.nxs.h5
665573,108367,YbZn2GaO5,"YZGO, MAG9, Ei=3.32meV, T=0.07K, B=9.0T w=-137.0deg",2025-10-24 14:17:07,2025-10-24 14:18:20,00:01:12,0.1,3.32,9.0,3.32,0.07,9.0,-137.0,/SNS/CNCS/IPTS-37274/nexus/CNCS_665573.nxs.h5
665572,108367,YbZn2GaO5,"YZGO, MAG9, Ei=3.32meV, T=0.07K, B=9.0T w=-137.5deg",2025-10-24 14:15:51,2025-10-24 14:17:04,00:01:12,0.1,3.32,9.0,3.32,0.07,9.0,-137.5,/SNS/CNCS/IPTS-37274/nexus/CNCS_665572.nxs.h5
665571,108367,YbZn2GaO5,"YZGO, MAG9, Ei=3.32meV, T=0.07K, B=9.0T w=-138.0deg",2025-10-24 14:14:35,2025-10-24 14:15:47,00:01:12,0.1,3.32,9.0,3.32,0.07,9.0,-138.0,/SNS/CNCS/IPTS-37274/nexus/CNCS_665571.nxs.h5
665570,108367,YbZn2GaO5,"YZGO, MAG9, Ei=3.32meV, T=0.07K, B=9.0T w=-138.5deg",2025-10-24 14:13:19,2025-10-24 14:14:31,00:01:12,0.1,3.32,9.0,3.32,0.07,9.0,-138.5,/SNS/CNCS/IPTS-37274/nexus/CNCS_665570.nxs.h5
665569,108367,YbZn2GaO5,"YZGO, MAG9, Ei=3.32meV, T=0.07K, B=9.0T w=-139.0deg",2025-10-24 14:12:03,2025-10-24 14:13:15,00:01:12,0.1,3.32,9.0,3.32,0.07,9.0,-139.0,/SNS/CNCS/IPTS-37274/nexus/CNCS_665569.nxs.h5
665568,108367,YbZn2GaO5,"YZGO, MAG9, Ei=3.32meV, T=0.07K, B=9.0T w=-139.5deg",2025-10-24 14:10:47,2025-10-24 14:11:59,00:01:12,0.1,3.32,9.0,3.32,0.07,9.0,-139.5,/SNS/CNCS/IPTS-37274/nexus/CNCS_665568.nxs.h5
665567,108367,YbZn2GaO5,"YZGO, MAG9, Ei=3.32meV, T=0.07K, B=9.0T w=-140.0deg",2025-10-24 14:09:31,2025-10-24 14:10:43,00:01:12,0.1,3.32,9.0,3.32,0.07,9.0,-140.0,/SNS/CNCS/IPTS-37274/nexus/CNCS_665567.nxs.h5
665566,108367,YbZn2GaO5,"YZGO, MAG9, Ei=3.32meV, T=0.07K, B=9.0T w=-140.5deg",2025-10-24 14:08:15,2025-10-24 14:09:28,00:01:12,0.1,3.32,9.0,3.32,0.07,9.0,-140.5,/SNS/CNCS/IPTS-37274/nexus/CNCS_665566.nxs.h5
665565,108367,YbZn2GaO5,"YZGO, MAG9, Ei=3.32meV, T=0.07K, B=9.0T w=-141.0deg",2025-10-24 14:06:59,2025-10-24 14:08:12,00:01:12,0.1,3.32,9.0,3.32,0.07,9.0,-141.0,/SNS/CNCS/IPTS-37274/nexus/CNCS_665565.nxs.h5
665564,108367,YbZn2GaO5,"YZGO, MAG9, Ei=3.32meV, T=0.07K, B=9.0T w=-141.5deg",2025-10-24 14:05:43,2025-10-24 14:06:56,00:01:12,0.1,3.32,9.0,3.32,0.07,9.0,-141.5,/SNS/CNCS/IPTS-37274/nexus/CNCS_665564.nxs.h5
665563,108367,YbZn2GaO5,"YZGO, MAG9, Ei=3.32meV, T=0.07K, B=9.0T w=-142.0deg",2025-10-24 14:04:27,2025-10-24 14:05:40,00:01:12,0.1,3.32,9.0,3.32,0.07,9.0,-142.0,/SNS/CNCS/IPTS-37274/nexus/CNCS_665563.nxs.h5
665562,108367,YbZn2GaO5,"YZGO, MAG9, Ei=3.32meV, T=0.07K, B=9.0T w=-142.5deg",2025-10-24 14:03:11,2025-10-24 14:04:24,00:01:12,0.1,3.32,9.0,3.32,0.07,9.0,-142.5,/SNS/CNCS/IPTS-37274/nexus/CNCS_665562.nxs.h5
665561,108367,YbZn2GaO5,"YZGO, MAG9, Ei=3.32meV, T=0.07K, B=9.0T w=-143.0deg",2025-10-24 14:01:55,2025-10-24 14:03:07,00:01:12,0.1,3.32,9.0,3.32,0.07,9.0,-143.0,/SNS/CNCS/IPTS-37274/nexus/CNCS_665561.nxs.h5
665560,108367,YbZn2GaO5,"YZGO, MAG9, Ei=3.32meV, T=0.07K, B=9.0T w=-143.5deg",2025-10-24 14:00:39,2025-10-24 14:01:51,00:01:12,0.1,3.32,9.0,3.32,0.07,9.0,-143.5,/SNS/CNCS/IPTS-37274/nexus/CNCS_665560.nxs.h5
665559,108367,YbZn2GaO5,"YZGO, MAG9, Ei=3.32meV, T=0.07K, B=9.0T w=-144.0deg",2025-10-24 13:59:23,2025-10-24 14:00:36,00:01:12,0.1,3.32,9.0,3.32,0.07,9.0,-144.0,/SNS/CNCS/IPTS-37274/nexus/CNCS_665559.nxs.h5
665558,108367,YbZn2GaO5,"YZGO, MAG9, Ei=3.32meV, T=0.07K, B=9.0T w=-144.5deg",2025-10-24 13:57:51,2025-10-24 13:59:20,00:01:28,0.1,3.32,9.0,3.32,0.07,9.0,-144.5,/SNS/CNCS/IPTS-37274/nexus/CNCS_665558.nxs.h5
665557,108367,YbZn2GaO5,"YZGO, MAG9, Ei=3.32meV, T=0.07K, B=9.0T w=-145.0deg",2025-10-24 13:35:21,2025-10-24 13:57:48,00:22:27,0.12,3.32,9.0,3.32,0.07,9.0,-145.0,/SNS/CNCS/IPTS-37274/nexus/CNCS_665557.nxs.h5
665556,108367,YbZn2GaO5,"YZGO, MAG9, Ei=3.32meV, T=0.07K, B=9.0T w=-145.5deg",2025-10-24 13:34:05,2025-10-24 13:35:17,00:01:12,0.1,3.32,9.0,3.32,0.07,9.0,-145.5,/SNS/CNCS/IPTS-37274/nexus/CNCS_665556.nxs.h5
665555,108367,YbZn2GaO5,"YZGO, MAG9, Ei=3.32meV, T=0.07K, B=9.0T w=-146.0deg",2025-10-24 13:32:49,2025-10-24 13:34:01,00:01:12,0.1,3.32,9.0,3.32,0.07,9.0,-146.0,/SNS/CNCS/IPTS-37274/nexus/CNCS_665555.nxs.h5
665554,108367,YbZn2GaO5,"YZGO, MAG9, Ei=3.32meV, T=0.07K, B=9.0T w=-146.5deg",2025-10-24 13:31:33,2025-10-24 13:32:45,00:01:12,0.1,3.32,9.0,3.32,0.07,9.0,-146.5,/SNS/CNCS/IPTS-37274/nexus/CNCS_665554.nxs.h5
665553,108367,YbZn2GaO5,"YZGO, MAG9, Ei=3.32meV, T=0.07K, B=9.0T w=-147.0deg",2025-10-24 13:30:17,2025-10-24 13:31:29,00:01:12,0.1,3.32,9.0,3.32,0.07,9.0,-147.0,/SNS/CNCS/IPTS-37274/nexus/CNCS_665553.nxs.h5
665552,108367,YbZn2GaO5,"YZGO, MAG9, Ei=3.32meV, T=0.07K, B=9.0T w=-147.5deg",2025-10-24 13:29:01,2025-10-24 13:30:13,00:01:12,0.1,3.32,9.0,3.32,0.07,9.0,-147.5,/SNS/CNCS/IPTS-37274/nexus/CNCS_665552.nxs.h5
665551,108367,YbZn2GaO5,"YZGO, MAG9, Ei=3.32meV, T=0.07K, B=9.0T w=-148.0deg",2025-10-24 13:27:45,2025-10-24 13:28:57,00:01:12,0.1,3.32,9.0,3.32,0.07,9.0,-148.0,/SNS/CNCS/IPTS-37274/nexus/CNCS_665551.nxs.h5
665550,108367,YbZn2GaO5,"YZGO, MAG9, Ei=3.32meV, T=0.07K, B=9.0T w=-148.5deg",2025-10-24 13:26:29,2025-10-24 13:27:41,00:01:12,0.1,3.32,9.0,3.32,0.07,9.0,-148.5,/SNS/CNCS/IPTS-37274/nexus/CNCS_665550.nxs.h5
665549,108367,YbZn2GaO5,"YZGO, MAG9, Ei=3.32meV, T=0.07K, B=9.0T w=-149.0deg",2025-10-24 13:25:13,2025-10-24 13:26:25,00:01:12,0.1,3.32,9.0,3.32,0.07,9.0,-149.0,/SNS/CNCS/IPTS-37274/nexus/CNCS_665549.nxs.h5
665548,108367,YbZn2GaO5,"YZGO, MAG9, Ei=3.32meV, T=0.07K, B=9.0T w=-149.5deg",2025-10-24 13:23:57,2025-10-24 13:25:09,00:01:12,0.1,3.32,9.0,3.32,0.07,9.0,-149.5,/SNS/CNCS/IPTS-37274/nexus/CNCS_665548.nxs.h5
665547,108367,YbZn2GaO5,"YZGO, MAG9, Ei=3.32meV, T=0.07K, B=9.0T w=-150.0deg",2025-10-24 13:22:39,2025-10-24 13:23:53,00:01:13,0.1,3.32,9.0,3.32,0.07,9.0,-150.0,/SNS/CNCS/IPTS-37274/nexus/CNCS_665547.nxs.h5
665546,108367,YbZn2GaO5,"YZGO, MAG9, Ei=3.32meV, T=0.07K, B=9.0T w=-150.5deg",2025-10-24 13:21:23,2025-10-24 13:22:35,00:01:12,0.1,3.32,9.0,3.32,0.07,9.0,-150.5,/SNS/CNCS/IPTS-37274/nexus/CNCS_665546.nxs.h5
665545,108367,YbZn2GaO5,"YZGO, MAG9, Ei=3.32meV, T=0.07K, B=9.0T w=-151.0deg",2025-10-24 13:20:07,2025-10-24 13:21:20,00:01:12,0.1,3.32,9.0,3.32,0.07,9.0,-151.0,/SNS/CNCS/IPTS-37274/nexus/CNCS_665545.nxs.h5
665544,108367,YbZn2GaO5,"YZGO, MAG9, Ei=3.32meV, T=0.07K, B=9.0T w=-151.5deg",2025-10-24 13:18:51,2025-10-24 13:20:04,00:01:12,0.1,3.32,9.0,3.32,0.07,9.0,-151.5,/SNS/CNCS/IPTS-37274/nexus/CNCS_665544.nxs.h5
665543,108367,YbZn2GaO5,"YZGO, MAG9, Ei=3.32meV, T=0.07K, B=9.0T w=-152.0deg",2025-10-24 13:17:36,2025-10-24 13:18:48,00:01:12,0.1,3.32,9.0,3.32,0.07,9.0,-152.0,/SNS/CNCS/IPTS-37274/nexus/CNCS_665543.nxs.h5
665542,108367,YbZn2GaO5,"YZGO, MAG9, Ei=3.32meV, T=0.07K, B=9.0T w=-152.5deg",2025-10-24 13:16:20,2025-10-24 13:17:32,00:01:12,0.1,3.32,9.0,3.32,0.07,9.0,-152.5,/SNS/CNCS/IPTS-37274/nexus/CNCS_665542.nxs.h5
665541,108367,YbZn2GaO5,"YZGO, MAG9, Ei=3.32meV, T=0.07K, B=9.0T w=-153.0deg",2025-10-24 13:15:04,2025-10-24 13:16:16,00:01:12,0.1,3.32,9.0,3.32,0.07,9.0,-153.0,/SNS/CNCS/IPTS-37274/nexus/CNCS_665541.nxs.h5
665540,108367,YbZn2GaO5,"YZGO, MAG9, Ei=3.32meV, T=0.07K, B=9.0T w=-153.5deg",2025-10-24 13:13:48,2025-10-24 13:15:00,00:01:12,0.1,3.32,9.0,3.32,0.07,9.0,-153.5,/SNS/CNCS/IPTS-37274/nexus/CNCS_665540.nxs.h5
665539,108367,YbZn2GaO5,"YZGO, MAG9, Ei=3.32meV, T=0.07K, B=9.0T w=-154.0deg",2025-10-24 13:12:32,2025-10-24 13:13:44,00:01:12,0.1,3.32,9.0,3.32,0.07,9.0,-154.0,/SNS/CNCS/IPTS-37274/nexus/CNCS_665539.nxs.h5
665538,108367,YbZn2GaO5,"YZGO, MAG9, Ei=3.32meV, T=0.07K, B=9.0T w=-154.5deg",2025-10-24 13:11:16,2025-10-24 13:12:28,00:01:12,0.1,3.32,9.0,3.32,0.07,9.0,-154.5,/SNS/CNCS/IPTS-37274/nexus/CNCS_665538.nxs.h5
665537,108367,YbZn2GaO5,"YZGO, MAG9, Ei=3.32meV, T=0.07K, B=9.0T w=-155.0deg",2025-10-24 13:10:00,2025-10-24 13:11:12,00:01:12,0.1,3.32,9.0,3.32,0.07,9.0,-155.0,/SNS/CNCS/IPTS-37274/nexus/CNCS_665537.nxs.h5
665536,108367,YbZn2GaO5,"YZGO, MAG9, Ei=3.32meV, T=0.07K, B=9.0T w=-155.5deg",2025-10-24 13:08:44,2025-10-24 13:09:56,00:01:12,0.1,3.32,9.0,3.32,0.07,9.0,-155.5,/SNS/CNCS/IPTS-37274/nexus/CNCS_665536.nxs.h5
665535,108367,YbZn2GaO5,"YZGO, MAG9, Ei=3.32meV, T=0.07K, B=9.0T w=-156.0deg",2025-10-24 13:07:28,2025-10-24 13:08:40,00:01:12,0.1,3.32,9.0,3.32,0.07,9.0,-156.0,/SNS/CNCS/IPTS-37274/nexus/CNCS_665535.nxs.h5
665534,108367,YbZn2GaO5,"YZGO, MAG9, Ei=3.32meV, T=0.07K, B=9.0T w=-156.5deg",2025-10-24 13:06:12,2025-10-24 13:07:25,00:01:12,0.1,3.32,9.0,3.32,0.07,9.0,-156.5,/SNS/CNCS/IPTS-37274/nexus/CNCS_665534.nxs.h5
665533,108367,YbZn2GaO5,"YZGO, MAG9, Ei=3.32meV, T=0.07K, B=9.0T w=-157.0deg",2025-10-24 13:04:56,2025-10-24 13:06:09,00:01:12,0.1,3.32,9.0,3.32,0.07,9.0,-157.0,/SNS/CNCS/IPTS-37274/nexus/CNCS_665533.nxs.h5
665532,108367,YbZn2GaO5,"YZGO, MAG9, Ei=3.32meV, T=0.07K, B=9.0T w=-157.5deg",2025-10-24 13:03:40,2025-10-24 13:04:52,00:01:12,0.1,3.32,9.0,3.32,0.07,9.0,-157.5,/SNS/CNCS/IPTS-37274/nexus/CNCS_665532.nxs.h5
665531,108367,YbZn2GaO5,"YZGO, MAG9, Ei=3.32meV, T=0.07K, B=9.0T w=-158.0deg",2025-10-24 13:02:24,2025-10-24 13:03:36,00:01:12,0.1,3.32,9.0,3.32,0.07,9.0,-158.0,/SNS/CNCS/IPTS-37274/nexus/CNCS_665531.nxs.h5
665530,108367,YbZn2GaO5,"YZGO, MAG9, Ei=3.32meV, T=0.07K, B=9.0T w=-158.5deg",2025-10-24 13:01:08,2025-10-24 13:02:20,00:01:12,0.1,3.32,9.0,3.32,0.07,9.0,-158.5,/SNS/CNCS/IPTS-37274/nexus/CNCS_665530.nxs.h5
665529,108367,YbZn2GaO5,"YZGO, MAG9, Ei=3.32meV, T=0.07K, B=9.0T w=-159.0deg",2025-10-24 12:59:52,2025-10-24 13:01:04,00:01:12,0.1,3.32,9.0,3.32,0.07,9.0,-159.0,/SNS/CNCS/IPTS-37274/nexus/CNCS_665529.nxs.h5
665528,108367,YbZn2GaO5,"YZGO, MAG9, Ei=3.32meV, T=0.07K, B=9.0T w=-159.5deg",2025-10-24 12:58:36,2025-10-24 12:59:48,00:01:12,0.1,3.32,9.0,3.32,0.07,9.0,-159.5,/SNS/CNCS/IPTS-37274/nexus/CNCS_665528.nxs.h5
665527,108367,YbZn2GaO5,"YZGO, MAG9, Ei=3.32meV, T=0.07K, B=9.0T w=-160.0deg",2025-10-24 12:57:20,2025-10-24 12:58:32,00:01:12,0.1,3.32,9.0,3.32,0.07,9.0,-160.0,/SNS/CNCS/IPTS-37274/nexus/CNCS_665527.nxs.h5
665526,108367,YbZn2GaO5,"YZGO, MAG9, Ei=3.32meV, T=0.07K, B=9.0T w=-160.5deg",2025-10-24 12:56:04,2025-10-24 12:57:17,00:01:12,0.1,3.32,9.0,3.32,0.07,9.0,-160.5,/SNS/CNCS/IPTS-37274/nexus/CNCS_665526.nxs.h5
665525,108367,YbZn2GaO5,"YZGO, MAG9, Ei=3.32meV, T=0.07K, B=9.0T w=-161.0deg",2025-10-24 12:54:48,2025-10-24 12:56:01,00:01:12,0.1,3.32,9.0,3.32,0.07,9.0,-161.0,/SNS/CNCS/IPTS-37274/nexus/CNCS_665525.nxs.h5
665524,108367,YbZn2GaO5,"YZGO, MAG9, Ei=3.32meV, T=0.07K, B=9.0T w=-161.5deg",2025-10-24 12:53:32,2025-10-24 12:54:45,00:01:12,0.1,3.32,9.0,3.32,0.07,9.0,-161.5,/SNS/CNCS/IPTS-37274/nexus/CNCS_665524.nxs.h5
665523,108367,YbZn2GaO5,"YZGO, MAG9, Ei=3.32meV, T=0.07K, B=9.0T w=-162.0deg",2025-10-24 12:52:16,2025-10-24 12:53:29,00:01:12,0.1,3.32,9.0,3.32,0.07,9.0,-162.0,/SNS/CNCS/IPTS-37274/nexus/CNCS_665523.nxs.h5
665522,108367,YbZn2GaO5,"YZGO, MAG9, Ei=3.32meV, T=0.07K, B=9.0T w=-162.5deg",2025-10-24 12:51:00,2025-10-24 12:52:13,00:01:12,0.1,3.32,9.0,3.32,0.07,9.0,-162.5,/SNS/CNCS/IPTS-37274/nexus/CNCS_665522.nxs.h5
665521,108367,YbZn2GaO5,"YZGO, MAG9, Ei=3.32meV, T=0.07K, B=9.0T w=-163.0deg",2025-10-24 12:49:45,2025-10-24 12:50:57,00:01:12,0.1,3.32,9.0,3.32,0.07,9.0,-163.0,/SNS/CNCS/IPTS-37274/nexus/CNCS_665521.nxs.h5
665520,108367,YbZn2GaO5,"YZGO, MAG9, Ei=3.32meV, T=0.07K, B=9.0T w=-163.5deg",2025-10-24 12:48:29,2025-10-24 12:49:41,00:01:12,0.1,3.32,9.0,3.32,0.07,9.0,-163.5,/SNS/CNCS/IPTS-37274/nexus/CNCS_665520.nxs.h5
665519,108367,YbZn2GaO5,"YZGO, MAG9, Ei=3.32meV, T=0.07K, B=9.0T w=-164.0deg",2025-10-24 12:47:13,2025-10-24 12:48:25,00:01:12,0.1,3.32,9.0,3.32,0.07,9.0,-164.0,/SNS/CNCS/IPTS-37274/nexus/CNCS_665519.nxs.h5
665518,108367,YbZn2GaO5,"YZGO, MAG9, Ei=3.32meV, T=0.07K, B=9.0T w=-164.5deg",2025-10-24 12:45:57,2025-10-24 12:47:09,00:01:12,0.1,3.32,9.0,3.32,0.07,9.0,-164.5,/SNS/CNCS/IPTS-37274/nexus/CNCS_665518.nxs.h5
665517,108367,YbZn2GaO5,"YZGO, MAG9, Ei=3.32meV, T=0.07K, B=9.0T w=-165.0deg",2025-10-24 12:44:41,2025-10-24 12:45:53,00:01:12,0.1,3.32,9.0,3.32,0.07,9.0,-165.0,/SNS/CNCS/IPTS-37274/nexus/CNCS_665517.nxs.h5
665516,108367,YbZn2GaO5,"YZGO, MAG9, Ei=3.32meV, T=0.07K, B=9.0T w=-165.5deg",2025-10-24 12:43:25,2025-10-24 12:44:38,00:01:12,0.1,3.32,9.0,3.32,0.07,9.0,-165.5,/SNS/CNCS/IPTS-37274/nexus/CNCS_665516.nxs.h5
665515,108367,YbZn2GaO5,"YZGO, MAG9, Ei=3.32meV, T=0.07K, B=9.0T w=-166.0deg",2025-10-24 12:42:09,2025-10-24 12:43:22,00:01:12,0.1,3.32,9.0,3.32,0.07,9.0,-166.0,/SNS/CNCS/IPTS-37274/nexus/CNCS_665515.nxs.h5
665514,108367,YbZn2GaO5,"YZGO, MAG9, Ei=3.32meV, T=0.07K, B=9.0T w=-166.5deg",2025-10-24 12:40:53,2025-10-24 12:42:06,00:01:12,0.1,3.32,9.0,3.32,0.07,9.0,-166.5,/SNS/CNCS/IPTS-37274/nexus/CNCS_665514.nxs.h5
665513,108367,YbZn2GaO5,"YZGO, MAG9, Ei=3.32meV, T=0.07K, B=9.0T w=-167.0deg",2025-10-24 12:39:37,2025-10-24 12:40:50,00:01:12,0.1,3.32,9.0,3.32,0.07,9.0,-167.0,/SNS/CNCS/IPTS-37274/nexus/CNCS_665513.nxs.h5
665512,108367,YbZn2GaO5,"YZGO, MAG9, Ei=3.32meV, T=0.07K, B=9.0T w=-167.5deg",2025-10-24 12:38:22,2025-10-24 12:39:34,00:01:12,0.1,3.32,9.0,3.32,0.07,9.0,-167.5,/SNS/CNCS/IPTS-37274/nexus/CNCS_665512.nxs.h5
665511,108367,YbZn2GaO5,"YZGO, MAG9, Ei=3.32meV, T=0.07K, B=9.0T w=-168.0deg",2025-10-24 12:37:06,2025-10-24 12:38:18,00:01:12,0.1,3.32,9.0,3.32,0.07,9.0,-168.0,/SNS/CNCS/IPTS-37274/nexus/CNCS_665511.nxs.h5
665510,108367,YbZn2GaO5,"YZGO, MAG9, Ei=3.32meV, T=0.07K, B=9.0T w=-168.5deg",2025-10-24 12:35:50,2025-10-24 12:37:02,00:01:12,0.1,3.32,9.0,3.32,0.07,9.0,-168.5,/SNS/CNCS/IPTS-37274/nexus/CNCS_665510.nxs.h5
665509,108367,YbZn2GaO5,"YZGO, MAG9, Ei=3.32meV, T=0.07K, B=9.0T w=-169.0deg",2025-10-24 12:34:34,2025-10-24 12:35:46,00:01:12,0.1,3.32,9.0,3.32,0.07,9.0,-169.0,/SNS/CNCS/IPTS-37274/nexus/CNCS_665509.nxs.h5
665508,108367,YbZn2GaO5,"YZGO, MAG9, Ei=3.32meV, T=0.07K, B=9.0T w=-169.5deg",2025-10-24 12:33:18,2025-10-24 12:34:30,00:01:12,0.1,3.32,9.0,3.32,0.07,9.0,-169.5,/SNS/CNCS/IPTS-37274/nexus/CNCS_665508.nxs.h5
665507,108367,YbZn2GaO5,"YZGO, MAG9, Ei=3.32meV, T=0.07K, B=9.0T w=-170.0deg",2025-10-24 12:32:02,2025-10-24 12:33:15,00:01:12,0.1,3.32,9.0,3.32,0.07,9.0,-170.0,/SNS/CNCS/IPTS-37274/nexus/CNCS_665507.nxs.h5
665506,108367,YbZn2GaO5,"YZGO, MAG9, Ei=3.32meV, T=0.07K, B=9.0T w=-170.5deg",2025-10-24 12:30:46,2025-10-24 12:31:59,00:01:12,0.1,3.32,9.0,3.32,0.07,9.0,-170.5,/SNS/CNCS/IPTS-37274/nexus/CNCS_665506.nxs.h5
665505,108367,YbZn2GaO5,"YZGO, MAG9, Ei=3.32meV, T=0.07K, B=9.0T w=-171.0deg",2025-10-24 12:29:31,2025-10-24 12:30:43,00:01:12,0.1,3.32,9.0,3.32,0.07,9.0,-171.0,/SNS/CNCS/IPTS-37274/nexus/CNCS_665505.nxs.h5
665504,108367,YbZn2GaO5,"YZGO, MAG9, Ei=3.32meV, T=0.07K, B=9.0T w=-171.5deg",2025-10-24 12:28:15,2025-10-24 12:29:27,00:01:12,0.1,3.32,9.0,3.32,0.07,9.0,-171.5,/SNS/CNCS/IPTS-37274/nexus/CNCS_665504.nxs.h5
665503,108367,YbZn2GaO5,"YZGO, MAG9, Ei=3.32meV, T=0.07K, B=9.0T w=-172.0deg",2025-10-24 12:26:59,2025-10-24 12:28:11,00:01:12,0.1,3.32,9.0,3.32,0.07,9.0,-172.0,/SNS/CNCS/IPTS-37274/nexus/CNCS_665503.nxs.h5
665502,108367,YbZn2GaO5,"YZGO, MAG9, Ei=3.32meV, T=0.07K, B=9.0T w=-172.5deg",2025-10-24 12:25:43,2025-10-24 12:26:55,00:01:12,0.1,3.32,9.0,3.32,0.07,9.0,-172.5,/SNS/CNCS/IPTS-37274/nexus/CNCS_665502.nxs.h5
665501,108367,YbZn2GaO5,"YZGO, MAG9, Ei=3.32meV, T=0.07K, B=9.0T w=-173.0deg",2025-10-24 12:24:27,2025-10-24 12:25:39,00:01:12,0.1,3.32,9.0,3.32,0.07,9.0,-173.0,/SNS/CNCS/IPTS-37274/nexus/CNCS_665501.nxs.h5
665500,108367,YbZn2GaO5,"YZGO, MAG9, Ei=3.32meV, T=0.07K, B=9.0T w=-173.5deg",2025-10-24 12:23:11,2025-10-24 12:24:23,00:01:12,0.1,3.32,9.0,3.32,0.07,9.0,-173.5,/SNS/CNCS/IPTS-37274/nexus/CNCS_665500.nxs.h5
665499,108367,YbZn2GaO5,"YZGO, MAG9, Ei=3.32meV, T=0.07K, B=9.0T w=-174.0deg",2025-10-24 12:21:55,2025-10-24 12:23:07,00:01:12,0.1,3.32,9.0,3.32,0.07,9.0,-174.0,/SNS/CNCS/IPTS-37274/nexus/CNCS_665499.nxs.h5
665498,108367,YbZn2GaO5,"YZGO, MAG9, Ei=3.32meV, T=0.07K, B=9.0T w=-174.5deg",2025-10-24 12:20:39,2025-10-24 12:21:51,00:01:12,0.1,3.32,9.0,3.32,0.07,9.0,-174.5,/SNS/CNCS/IPTS-37274/nexus/CNCS_665498.nxs.h5
665497,108367,YbZn2GaO5,"YZGO, MAG9, Ei=3.32meV, T=0.07K, B=9.0T w=-175.0deg",2025-10-24 12:19:23,2025-10-24 12:20:35,00:01:12,0.1,3.32,9.0,3.32,0.07,9.0,-175.0,/SNS/CNCS/IPTS-37274/nexus/CNCS_665497.nxs.h5
665496,108367,YbZn2GaO5,"YZGO, MAG9, Ei=3.32meV, T=0.07K, B=9.0T w=-175.5deg",2025-10-24 12:18:07,2025-10-24 12:19:19,00:01:12,0.1,3.32,9.0,3.32,0.07,9.0,-175.5,/SNS/CNCS/IPTS-37274/nexus/CNCS_665496.nxs.h5
665495,108367,YbZn2GaO5,"YZGO, MAG9, Ei=3.32meV, T=0.07K, B=9.0T w=-176.0deg",2025-10-24 12:16:51,2025-10-24 12:18:04,00:01:12,0.1,3.32,9.0,3.32,0.07,9.0,-176.0,/SNS/CNCS/IPTS-37274/nexus/CNCS_665495.nxs.h5
665494,108367,YbZn2GaO5,"YZGO, MAG9, Ei=3.32meV, T=0.07K, B=9.0T w=-176.5deg",2025-10-24 12:15:35,2025-10-24 12:16:48,00:01:12,0.1,3.32,9.0,3.32,0.07,9.0,-176.5,/SNS/CNCS/IPTS-37274/nexus/CNCS_665494.nxs.h5
665493,108367,YbZn2GaO5,"YZGO, MAG9, Ei=3.32meV, T=0.07K, B=9.0T w=-177.0deg",2025-10-24 12:14:19,2025-10-24 12:15:31,00:01:12,0.1,3.32,9.0,3.32,0.07,9.0,-177.0,/SNS/CNCS/IPTS-37274/nexus/CNCS_665493.nxs.h5
665492,108367,YbZn2GaO5,"YZGO, MAG9, Ei=3.32meV, T=0.07K, B=9.0T w=-177.5deg",2025-10-24 12:13:03,2025-10-24 12:14:15,00:01:12,0.1,3.32,9.0,3.32,0.07,9.0,-177.5,/SNS/CNCS/IPTS-37274/nexus/CNCS_665492.nxs.h5
665491,108367,YbZn2GaO5,"YZGO, MAG9, Ei=3.32meV, T=0.07K, B=9.0T w=-178.0deg",2025-10-24 12:11:47,2025-10-24 12:12:59,00:01:12,0.1,3.32,9.0,3.32,0.07,9.0,-178.0,/SNS/CNCS/IPTS-37274/nexus/CNCS_665491.nxs.h5
665490,108367,YbZn2GaO5,"YZGO, MAG9, Ei=3.32meV, T=0.07K, B=9.0T w=-178.5deg",2025-10-24 12:10:31,2025-10-24 12:11:43,00:01:12,0.1,3.32,9.0,3.32,0.07,9.0,-178.5,/SNS/CNCS/IPTS-37274/nexus/CNCS_665490.nxs.h5
665489,108367,YbZn2GaO5,"YZGO, MAG9, Ei=3.32meV, T=0.07K, B=9.0T w=-179.0deg",2025-10-24 12:09:15,2025-10-24 12:10:27,00:01:12,0.1,3.32,9.0,3.32,0.07,9.0,-179.0,/SNS/CNCS/IPTS-37274/nexus/CNCS_665489.nxs.h5
665488,108367,YbZn2GaO5,"YZGO, MAG9, Ei=3.32meV, T=0.07K, B=9.0T w=-179.5deg",2025-10-24 12:07:59,2025-10-24 12:09:11,00:01:12,0.1,3.32,9.0,3.32,0.07,9.0,-179.5,/SNS/CNCS/IPTS-37274/nexus/CNCS_665488.nxs.h5
665487,108367,YbZn2GaO5,"YZGO, MAG9, Ei=3.32meV, T=0.07K, B=9.0T w=-180.0deg",2025-10-24 12:06:43,2025-10-24 12:07:56,00:01:12,0.1,3.32,9.0,3.32,0.07,9.0,-180.0,/SNS/CNCS/IPTS-37274/nexus/CNCS_665487.nxs.h5
665486,108367,YbZn2GaO5,"YZGO, MAG9, Ei=3.32meV, T=0.07K, B=9.0T w=-180.5deg",2025-10-24 12:05:27,2025-10-24 12:06:40,00:01:12,0.1,3.32,9.0,3.32,0.07,9.0,-180.5,/SNS/CNCS/IPTS-37274/nexus/CNCS_665486.nxs.h5
665485,108367,YbZn2GaO5,"YZGO, MAG9, Ei=3.32meV, T=0.07K, B=9.0T w=-181.0deg",2025-10-24 12:04:11,2025-10-24 12:05:24,00:01:12,0.1,3.32,9.0,3.32,0.07,9.0,-181.0,/SNS/CNCS/IPTS-37274/nexus/CNCS_665485.nxs.h5
665484,108367,YbZn2GaO5,"YZGO, MAG9, Ei=3.32meV, T=0.07K, B=9.0T w=-181.5deg",2025-10-24 11:59:15,2025-10-24 12:04:08,00:04:53,0.1,3.32,9.0,3.32,0.07,9.0,-181.5,/SNS/CNCS/IPTS-37274/nexus/CNCS_665484.nxs.h5
665483,108367,YbZn2GaO5,"YZGO, MAG9, Ei=3.32meV, T=0.07K, B=9.0T w=-182.0deg",2025-10-24 11:57:59,2025-10-24 11:59:11,00:01:12,0.1,3.32,9.0,3.32,0.07,9.0,-182.0,/SNS/CNCS/IPTS-37274/nexus/CNCS_665483.nxs.h5
665482,108367,YbZn2GaO5,"YZGO, MAG9, Ei=3.32meV, T=0.07K, B=9.0T w=-182.5deg",2025-10-24 11:56:43,2025-10-24 11:57:55,00:01:12,0.1,3.32,9.0,3.32,0.07,9.0,-182.5,/SNS/CNCS/IPTS-37274/nexus/CNCS_665482.nxs.h5
665481,108367,YbZn2GaO5,"YZGO, MAG9, Ei=3.32meV, T=0.07K, B=9.0T w=-183.0deg",2025-10-24 11:55:27,2025-10-24 11:56:39,00:01:12,0.1,3.32,9.0,3.32,0.07,9.0,-183.0,/SNS/CNCS/IPTS-37274/nexus/CNCS_665481.nxs.h5
665480,108367,YbZn2GaO5,"YZGO, MAG9, Ei=3.32meV, T=0.07K, B=9.0T w=-183.5deg",2025-10-24 11:54:11,2025-10-24 11:55:23,00:01:12,0.1,3.32,9.0,3.32,0.07,9.0,-183.5,/SNS/CNCS/IPTS-37274/nexus/CNCS_665480.nxs.h5
665479,108367,YbZn2GaO5,"YZGO, MAG9, Ei=3.32meV, T=0.07K, B=9.0T w=-184.0deg",2025-10-24 11:52:55,2025-10-24 11:54:07,00:01:12,0.1,3.32,9.0,3.32,0.07,9.0,-184.0,/SNS/CNCS/IPTS-37274/nexus/CNCS_665479.nxs.h5
665478,108367,YbZn2GaO5,"YZGO, MAG9, Ei=3.32meV, T=0.07K, B=9.0T w=-184.5deg",2025-10-24 11:51:39,2025-10-24 11:52:52,00:01:12,0.1,3.32,9.0,3.32,0.07,9.0,-184.5,/SNS/CNCS/IPTS-37274/nexus/CNCS_665478.nxs.h5
665477,108367,YbZn2GaO5,"YZGO, MAG9, Ei=3.32meV, T=0.07K, B=9.0T w=-185.0deg",2025-10-24 11:50:23,2025-10-24 11:51:36,00:01:12,0.1,3.32,9.0,3.32,0.07,9.0,-185.0,/SNS/CNCS/IPTS-37274/nexus/CNCS_665477.nxs.h5
665476,108367,YbZn2GaO5,"YZGO, MAG9, Ei=3.32meV, T=0.07K, B=9.0T w=-185.5deg",2025-10-24 11:49:07,2025-10-24 11:50:20,00:01:12,0.1,3.32,9.0,3.32,0.07,9.0,-185.5,/SNS/CNCS/IPTS-37274/nexus/CNCS_665476.nxs.h5
665475,108367,YbZn2GaO5,"YZGO, MAG9, Ei=3.32meV, T=0.07K, B=9.0T w=-186.0deg",2025-10-24 11:47:51,2025-10-24 11:49:04,00:01:12,0.1,3.32,9.0,3.32,0.07,9.0,-186.0,/SNS/CNCS/IPTS-37274/nexus/CNCS_665475.nxs.h5
665474,108367,YbZn2GaO5,"YZGO, MAG9, Ei=3.32meV, T=0.07K, B=9.0T w=-186.5deg",2025-10-24 11:46:35,2025-10-24 11:47:48,00:01:12,0.1,3.32,9.0,3.32,0.07,9.0,-186.5,/SNS/CNCS/IPTS-37274/nexus/CNCS_665474.nxs.h5
665473,108367,YbZn2GaO5,"YZGO, MAG9, Ei=3.32meV, T=0.07K, B=9.0T w=-187.0deg",2025-10-24 11:45:20,2025-10-24 11:46:32,00:01:12,0.1,3.32,9.0,3.32,0.07,9.0,-187.0,/SNS/CNCS/IPTS-37274/nexus/CNCS_665473.nxs.h5
665472,108367,YbZn2GaO5,"YZGO, MAG9, Ei=3.32meV, T=0.07K, B=9.0T w=-187.5deg",2025-10-24 11:44:04,2025-10-24 11:45:16,00:01:12,0.1,3.32,9.0,3.32,0.07,9.0,-187.5,/SNS/CNCS/IPTS-37274/nexus/CNCS_665472.nxs.h5
665471,108367,YbZn2GaO5,"YZGO, MAG9, Ei=3.32meV, T=0.07K, B=9.0T w=-188.0deg",2025-10-24 11:42:48,2025-10-24 11:44:00,00:01:12,0.1,3.32,9.0,3.32,0.07,9.0,-188.0,/SNS/CNCS/IPTS-37274/nexus/CNCS_665471.nxs.h5
665470,108367,YbZn2GaO5,"YZGO, MAG9, Ei=3.32meV, T=0.07K, B=9.0T w=-188.5deg",2025-10-24 11:41:32,2025-10-24 11:42:44,00:01:12,0.1,3.32,9.0,3.32,0.07,9.0,-188.5,/SNS/CNCS/IPTS-37274/nexus/CNCS_665470.nxs.h5
665469,108367,YbZn2GaO5,"YZGO, MAG9, Ei=3.32meV, T=0.07K, B=9.0T w=-189.0deg",2025-10-24 11:40:16,2025-10-24 11:41:28,00:01:12,0.1,3.32,9.0,3.32,0.07,9.0,-189.0,/SNS/CNCS/IPTS-37274/nexus/CNCS_665469.nxs.h5
665468,108367,YbZn2GaO5,"YZGO, MAG9, Ei=3.32meV, T=0.07K, B=9.0T w=-189.5deg",2025-10-24 11:39:00,2025-10-24 11:40:12,00:01:12,0.1,3.32,9.0,3.32,0.07,9.0,-189.5,/SNS/CNCS/IPTS-37274/nexus/CNCS_665468.nxs.h5
665467,108367,YbZn2GaO5,"YZGO, MAG9, Ei=3.32meV, T=0.07K, B=9.0T w=-190.0deg",2025-10-24 11:37:41,2025-10-24 11:38:56,00:01:15,0.1,3.32,9.0,3.32,0.07,9.0,-190.0,/SNS/CNCS/IPTS-37274/nexus/CNCS_665467.nxs.h5
665466,108367,YbZn2GaO5,"YZGO, MAG9, Ei=3.32meV, T=0.07K, B=0.0T w=54.5deg",2025-10-24 10:23:17,2025-10-24 10:24:30,00:01:12,0.1,3.32,0.0,3.32,0.07,0.0,54.5,/SNS/CNCS/IPTS-37274/nexus/CNCS_665466.nxs.h5
665465,108367,YbZn2GaO5,"YZGO, MAG9, Ei=3.32meV, T=0.07K, B=0.0T w=54.0deg",2025-10-24 10:22:01,2025-10-24 10:23:14,00:01:12,0.1,3.32,0.0,3.32,0.07,0.0,54.0,/SNS/CNCS/IPTS-37274/nexus/CNCS_665465.nxs.h5
665464,108367,YbZn2GaO5,"YZGO, MAG9, Ei=3.32meV, T=0.07K, B=0.0T w=53.5deg",2025-10-24 10:19:46,2025-10-24 10:21:57,00:02:11,0.1,3.32,0.0,3.32,0.07,0.0,53.5,/SNS/CNCS/IPTS-37274/nexus/CNCS_665464.nxs.h5
665463,108367,YbZn2GaO5,"YZGO, MAG9, Ei=3.32meV, T=0.07K, B=0.0T w=53.0deg",2025-10-24 10:18:29,2025-10-24 10:19:42,00:01:12,0.1,3.32,0.0,3.32,0.07,0.0,53.0,/SNS/CNCS/IPTS-37274/nexus/CNCS_665463.nxs.h5
665462,108367,YbZn2GaO5,"YZGO, MAG9, Ei=3.32meV, T=0.07K, B=0.0T w=52.5deg",2025-10-24 10:17:13,2025-10-24 10:18:26,00:01:12,0.1,3.32,0.0,3.32,0.07,0.0,52.5,/SNS/CNCS/IPTS-37274/nexus/CNCS_665462.nxs.h5
665461,108367,YbZn2GaO5,"YZGO, MAG9, Ei=3.32meV, T=0.07K, B=0.0T w=52.0deg",2025-10-24 10:15:58,2025-10-24 10:17:10,00:01:12,0.1,3.32,0.0,3.32,0.07,0.0,52.0,/SNS/CNCS/IPTS-37274/nexus/CNCS_665461.nxs.h5
665460,108367,YbZn2GaO5,"YZGO, MAG9, Ei=3.32meV, T=0.07K, B=0.0T w=51.5deg",2025-10-24 10:14:42,2025-10-24 10:15:54,00:01:12,0.1,3.32,0.0,3.32,0.07,0.0,51.5,/SNS/CNCS/IPTS-37274/nexus/CNCS_665460.nxs.h5
665459,108367,YbZn2GaO5,"YZGO, MAG9, Ei=3.32meV, T=0.07K, B=0.0T w=51.0deg",2025-10-24 10:13:25,2025-10-24 10:14:38,00:01:12,0.1,3.32,0.0,3.32,0.07,0.0,51.0,/SNS/CNCS/IPTS-37274/nexus/CNCS_665459.nxs.h5
665458,108367,YbZn2GaO5,"YZGO, MAG9, Ei=3.32meV, T=0.07K, B=0.0T w=50.5deg",2025-10-24 10:12:10,2025-10-24 10:13:22,00:01:12,0.1,3.32,0.0,3.32,0.07,0.0,50.5,/SNS/CNCS/IPTS-37274/nexus/CNCS_665458.nxs.h5
665457,108367,YbZn2GaO5,"YZGO, MAG9, Ei=3.32meV, T=0.07K, B=0.0T w=50.0deg",2025-10-24 10:10:54,2025-10-24 10:12:06,00:01:12,0.1,3.32,0.0,3.32,0.07,0.0,50.0,/SNS/CNCS/IPTS-37274/nexus/CNCS_665457.nxs.h5
665456,108367,YbZn2GaO5,"YZGO, MAG9, Ei=3.32meV, T=0.07K, B=0.0T w=49.5deg",2025-10-24 10:09:37,2025-10-24 10:10:50,00:01:12,0.1,3.32,0.0,3.32,0.07,0.0,49.5,/SNS/CNCS/IPTS-37274/nexus/CNCS_665456.nxs.h5
665455,108367,YbZn2GaO5,"YZGO, MAG9, Ei=3.32meV, T=0.07K, B=0.0T w=49.0deg",2025-10-24 10:08:21,2025-10-24 10:09:34,00:01:12,0.1,3.32,0.0,3.32,0.07,0.0,49.0,/SNS/CNCS/IPTS-37274/nexus/CNCS_665455.nxs.h5
665454,108367,YbZn2GaO5,"YZGO, MAG9, Ei=3.32meV, T=0.07K, B=0.0T w=48.5deg",2025-10-24 10:07:04,2025-10-24 10:08:17,00:01:12,0.1,3.32,0.0,3.32,0.07,0.0,48.5,/SNS/CNCS/IPTS-37274/nexus/CNCS_665454.nxs.h5
665453,108367,YbZn2GaO5,"YZGO, MAG9, Ei=3.32meV, T=0.07K, B=0.0T w=48.0deg",2025-10-24 10:05:48,2025-10-24 10:07:01,00:01:12,0.1,3.32,0.0,3.32,0.07,0.0,48.0,/SNS/CNCS/IPTS-37274/nexus/CNCS_665453.nxs.h5
665452,108367,YbZn2GaO5,"YZGO, MAG9, Ei=3.32meV, T=0.07K, B=0.0T w=47.5deg",2025-10-24 10:04:32,2025-10-24 10:05:44,00:01:12,0.1,3.32,0.0,3.32,0.07,0.0,47.5,/SNS/CNCS/IPTS-37274/nexus/CNCS_665452.nxs.h5
665451,108367,YbZn2GaO5,"YZGO, MAG9, Ei=3.32meV, T=0.07K, B=0.0T w=47.0deg",2025-10-24 10:02:38,2025-10-24 10:04:28,00:01:49,0.1,3.32,0.0,3.32,0.07,0.0,47.0,/SNS/CNCS/IPTS-37274/nexus/CNCS_665451.nxs.h5
665450,108367,YbZn2GaO5,"YZGO, MAG9, Ei=3.32meV, T=0.07K, B=0.0T w=46.5deg",2025-10-24 10:01:22,2025-10-24 10:02:35,00:01:12,0.1,3.32,0.0,3.32,0.07,0.0,46.5,/SNS/CNCS/IPTS-37274/nexus/CNCS_665450.nxs.h5
665449,108367,YbZn2GaO5,"YZGO, MAG9, Ei=3.32meV, T=0.07K, B=0.0T w=46.0deg",2025-10-24 10:00:07,2025-10-24 10:01:19,00:01:12,0.1,3.32,0.0,3.32,0.07,0.0,46.0,/SNS/CNCS/IPTS-37274/nexus/CNCS_665449.nxs.h5
665448,108367,YbZn2GaO5,"YZGO, MAG9, Ei=3.32meV, T=0.07K, B=0.0T w=45.5deg",2025-10-24 09:58:51,2025-10-24 10:00:03,00:01:12,0.1,3.32,0.0,3.32,0.07,0.0,45.5,/SNS/CNCS/IPTS-37274/nexus/CNCS_665448.nxs.h5
665447,108367,YbZn2GaO5,"YZGO, MAG9, Ei=3.32meV, T=0.07K, B=0.0T w=45.0deg",2025-10-24 09:57:34,2025-10-24 09:58:47,00:01:12,0.1,3.32,0.0,3.32,0.07,0.0,45.0,/SNS/CNCS/IPTS-37274/nexus/CNCS_665447.nxs.h5
665446,108367,YbZn2GaO5,"YZGO, MAG9, Ei=3.32meV, T=0.07K, B=0.0T w=44.5deg",2025-10-24 09:56:18,2025-10-24 09:57:30,00:01:12,0.1,3.32,0.0,3.32,0.07,0.0,44.5,/SNS/CNCS/IPTS-37274/nexus/CNCS_665446.nxs.h5
665445,108367,YbZn2GaO5,"YZGO, MAG9, Ei=3.32meV, T=0.07K, B=0.0T w=44.0deg",2025-10-24 09:55:02,2025-10-24 09:56:15,00:01:12,0.1,3.32,0.0,3.32,0.07,0.0,44.0,/SNS/CNCS/IPTS-37274/nexus/CNCS_665445.nxs.h5
665444,108367,YbZn2GaO5,"YZGO, MAG9, Ei=3.32meV, T=0.07K, B=0.0T w=43.5deg",2025-10-24 09:53:46,2025-10-24 09:54:59,00:01:12,0.1,3.32,0.0,3.32,0.07,0.0,43.5,/SNS/CNCS/IPTS-37274/nexus/CNCS_665444.nxs.h5
665443,108367,YbZn2GaO5,"YZGO, MAG9, Ei=3.32meV, T=0.07K, B=0.0T w=43.0deg",2025-10-24 09:52:31,2025-10-24 09:53:43,00:01:12,0.1,3.32,0.0,3.32,0.07,0.0,43.0,/SNS/CNCS/IPTS-37274/nexus/CNCS_665443.nxs.h5
665442,108367,YbZn2GaO5,"YZGO, MAG9, Ei=3.32meV, T=0.07K, B=0.0T w=42.5deg",2025-10-24 09:51:15,2025-10-24 09:52:27,00:01:12,0.1,3.32,0.0,3.32,0.07,0.0,42.5,/SNS/CNCS/IPTS-37274/nexus/CNCS_665442.nxs.h5
665441,108367,YbZn2GaO5,"YZGO, MAG9, Ei=3.32meV, T=0.07K, B=0.0T w=42.0deg",2025-10-24 09:49:59,2025-10-24 09:51:11,00:01:12,0.1,3.32,0.0,3.32,0.07,0.0,42.0,/SNS/CNCS/IPTS-37274/nexus/CNCS_665441.nxs.h5
665440,108367,YbZn2GaO5,"YZGO, MAG9, Ei=3.32meV, T=0.07K, B=0.0T w=41.5deg",2025-10-24 09:48:43,2025-10-24 09:49:55,00:01:12,0.1,3.32,0.0,3.32,0.07,0.0,41.5,/SNS/CNCS/IPTS-37274/nexus/CNCS_665440.nxs.h5
665439,108367,YbZn2GaO5,"YZGO, MAG9, Ei=3.32meV, T=0.07K, B=0.0T w=41.0deg",2025-10-24 09:47:27,2025-10-24 09:48:39,00:01:12,0.1,3.32,0.0,3.32,0.07,0.0,41.0,/SNS/CNCS/IPTS-37274/nexus/CNCS_665439.nxs.h5
665438,108367,YbZn2GaO5,"YZGO, MAG9, Ei=3.32meV, T=0.07K, B=0.0T w=40.5deg",2025-10-24 09:46:11,2025-10-24 09:47:23,00:01:12,0.1,3.32,0.0,3.32,0.07,0.0,40.5,/SNS/CNCS/IPTS-37274/nexus/CNCS_665438.nxs.h5
665437,108367,YbZn2GaO5,"YZGO, MAG9, Ei=3.32meV, T=0.07K, B=0.0T w=40.0deg",2025-10-24 09:44:55,2025-10-24 09:46:07,00:01:12,0.1,3.32,0.0,3.32,0.07,0.0,40.0,/SNS/CNCS/IPTS-37274/nexus/CNCS_665437.nxs.h5
665436,108367,YbZn2GaO5,"YZGO, MAG9, Ei=3.32meV, T=0.07K, B=0.0T w=39.5deg",2025-10-24 09:43:39,2025-10-24 09:44:51,00:01:12,0.1,3.32,0.0,3.32,0.07,0.0,39.5,/SNS/CNCS/IPTS-37274/nexus/CNCS_665436.nxs.h5
665435,108367,YbZn2GaO5,"YZGO, MAG9, Ei=3.32meV, T=0.07K, B=0.0T w=39.0deg",2025-10-24 09:42:23,2025-10-24 09:43:36,00:01:12,0.1,3.32,0.0,3.32,0.07,0.0,39.0,/SNS/CNCS/IPTS-37274/nexus/CNCS_665435.nxs.h5
665434,108367,YbZn2GaO5,"YZGO, MAG9, Ei=3.32meV, T=0.07K, B=0.0T w=38.5deg",2025-10-24 09:41:07,2025-10-24 09:42:20,00:01:12,0.1,3.32,0.0,3.32,0.07,0.0,38.5,/SNS/CNCS/IPTS-37274/nexus/CNCS_665434.nxs.h5
665433,108367,YbZn2GaO5,"YZGO, MAG9, Ei=3.32meV, T=0.07K, B=0.0T w=38.0deg",2025-10-24 09:39:51,2025-10-24 09:41:04,00:01:12,0.1,3.32,0.0,3.32,0.07,0.0,38.0,/SNS/CNCS/IPTS-37274/nexus/CNCS_665433.nxs.h5
665432,108367,YbZn2GaO5,"YZGO, MAG9, Ei=3.32meV, T=0.07K, B=0.0T w=37.5deg",2025-10-24 09:38:35,2025-10-24 09:39:48,00:01:12,0.1,3.32,0.0,3.32,0.07,0.0,37.5,/SNS/CNCS/IPTS-37274/nexus/CNCS_665432.nxs.h5
665431,108367,YbZn2GaO5,"YZGO, MAG9, Ei=3.32meV, T=0.07K, B=0.0T w=37.0deg",2025-10-24 09:37:19,2025-10-24 09:38:32,00:01:12,0.1,3.32,0.0,3.32,0.07,0.0,37.0,/SNS/CNCS/IPTS-37274/nexus/CNCS_665431.nxs.h5
665430,108367,YbZn2GaO5,"YZGO, MAG9, Ei=3.32meV, T=0.07K, B=0.0T w=36.5deg",2025-10-24 09:36:03,2025-10-24 09:37:15,00:01:12,0.1,3.32,0.0,3.32,0.07,0.0,36.5,/SNS/CNCS/IPTS-37274/nexus/CNCS_665430.nxs.h5
665429,108367,YbZn2GaO5,"YZGO, MAG9, Ei=3.32meV, T=0.07K, B=0.0T w=36.0deg",2025-10-24 09:34:46,2025-10-24 09:35:59,00:01:12,0.1,3.32,0.0,3.32,0.07,0.0,36.0,/SNS/CNCS/IPTS-37274/nexus/CNCS_665429.nxs.h5
665428,108367,YbZn2GaO5,"YZGO, MAG9, Ei=3.32meV, T=0.07K, B=0.0T w=35.5deg",2025-10-24 09:33:29,2025-10-24 09:34:42,00:01:13,0.1,3.32,0.0,3.32,0.07,0.0,35.5,/SNS/CNCS/IPTS-37274/nexus/CNCS_665428.nxs.h5
665427,108367,YbZn2GaO5,"YZGO, MAG9, Ei=3.32meV, T=0.07K, B=0.0T w=35.0deg",2025-10-24 09:32:12,2025-10-24 09:33:26,00:01:13,0.1,3.32,0.0,3.32,0.07,0.0,35.0,/SNS/CNCS/IPTS-37274/nexus/CNCS_665427.nxs.h5
665426,108367,YbZn2GaO5,"YZGO, MAG9, Ei=3.32meV, T=0.07K, B=0.0T w=34.5deg",2025-10-24 09:30:55,2025-10-24 09:32:09,00:01:13,0.1,3.32,0.0,3.32,0.07,0.0,34.5,/SNS/CNCS/IPTS-37274/nexus/CNCS_665426.nxs.h5
665425,108367,YbZn2GaO5,"YZGO, MAG9, Ei=3.32meV, T=0.07K, B=0.0T w=34.0deg",2025-10-24 09:29:38,2025-10-24 09:30:52,00:01:13,0.1,3.32,0.0,3.32,0.07,0.0,34.0,/SNS/CNCS/IPTS-37274/nexus/CNCS_665425.nxs.h5
665424,108367,YbZn2GaO5,"YZGO, MAG9, Ei=3.32meV, T=0.07K, B=0.0T w=33.5deg",2025-10-24 09:28:22,2025-10-24 09:29:35,00:01:13,0.1,3.32,0.0,3.32,0.07,0.0,33.5,/SNS/CNCS/IPTS-37274/nexus/CNCS_665424.nxs.h5
665423,108367,YbZn2GaO5,"YZGO, MAG9, Ei=3.32meV, T=0.07K, B=0.0T w=33.0deg",2025-10-24 09:27:05,2025-10-24 09:28:18,00:01:13,0.1,3.32,0.0,3.32,0.07,0.0,33.0,/SNS/CNCS/IPTS-37274/nexus/CNCS_665423.nxs.h5
665422,108367,YbZn2GaO5,"YZGO, MAG9, Ei=3.32meV, T=0.07K, B=0.0T w=32.5deg",2025-10-24 09:25:48,2025-10-24 09:27:01,00:01:13,0.1,3.32,0.0,3.32,0.07,0.0,32.5,/SNS/CNCS/IPTS-37274/nexus/CNCS_665422.nxs.h5
665421,108367,YbZn2GaO5,"YZGO, MAG9, Ei=3.32meV, T=0.07K, B=0.0T w=32.0deg",2025-10-24 09:24:31,2025-10-24 09:25:44,00:01:13,0.1,3.32,0.0,3.32,0.07,0.0,32.0,/SNS/CNCS/IPTS-37274/nexus/CNCS_665421.nxs.h5
665420,108367,YbZn2GaO5,"YZGO, MAG9, Ei=3.32meV, T=0.07K, B=0.0T w=31.5deg",2025-10-24 09:23:14,2025-10-24 09:24:27,00:01:13,0.1,3.32,0.0,3.32,0.07,0.0,31.5,/SNS/CNCS/IPTS-37274/nexus/CNCS_665420.nxs.h5
665419,108367,YbZn2GaO5,"YZGO, MAG9, Ei=3.32meV, T=0.07K, B=0.0T w=31.0deg",2025-10-24 09:21:57,2025-10-24 09:23:10,00:01:13,0.1,3.32,0.0,3.32,0.07,0.0,31.0,/SNS/CNCS/IPTS-37274/nexus/CNCS_665419.nxs.h5
665418,108367,YbZn2GaO5,"YZGO, MAG9, Ei=3.32meV, T=0.07K, B=0.0T w=30.5deg",2025-10-24 09:20:40,2025-10-24 09:21:53,00:01:13,0.1,3.32,0.0,3.32,0.07,0.0,30.5,/SNS/CNCS/IPTS-37274/nexus/CNCS_665418.nxs.h5
665417,108367,YbZn2GaO5,"YZGO, MAG9, Ei=3.32meV, T=0.07K, B=0.0T w=30.0deg",2025-10-24 09:19:23,2025-10-24 09:20:36,00:01:13,0.1,3.32,0.0,3.32,0.07,0.0,30.0,/SNS/CNCS/IPTS-37274/nexus/CNCS_665417.nxs.h5
665416,108367,YbZn2GaO5,"YZGO, MAG9, Ei=3.32meV, T=0.07K, B=0.0T w=29.5deg",2025-10-24 09:18:06,2025-10-24 09:19:20,00:01:13,0.1,3.32,0.0,3.32,0.07,0.0,29.5,/SNS/CNCS/IPTS-37274/nexus/CNCS_665416.nxs.h5
665415,108367,YbZn2GaO5,"YZGO, MAG9, Ei=3.32meV, T=0.07K, B=0.0T w=29.0deg",2025-10-24 09:16:49,2025-10-24 09:18:03,00:01:13,0.1,3.32,0.0,3.32,0.07,0.0,29.0,/SNS/CNCS/IPTS-37274/nexus/CNCS_665415.nxs.h5
665414,108367,YbZn2GaO5,"YZGO, MAG9, Ei=3.32meV, T=0.07K, B=0.0T w=28.5deg",2025-10-24 09:12:32,2025-10-24 09:16:45,00:04:12,0.1,3.32,0.0,3.32,0.07,0.0,28.5,/SNS/CNCS/IPTS-37274/nexus/CNCS_665414.nxs.h5
665413,108367,YbZn2GaO5,"YZGO, MAG9, Ei=3.32meV, T=0.07K, B=0.0T w=28.0deg",2025-10-24 09:09:39,2025-10-24 09:12:29,00:02:49,0.1,3.32,0.0,3.32,0.07,0.0,28.0,/SNS/CNCS/IPTS-37274/nexus/CNCS_665413.nxs.h5
665412,108367,YbZn2GaO5,"YZGO, MAG9, Ei=3.32meV, T=0.07K, B=0.0T w=27.5deg",2025-10-24 09:04:32,2025-10-24 09:09:35,00:05:02,0.11,3.32,0.0,3.32,0.07,0.0,27.5,/SNS/CNCS/IPTS-37274/nexus/CNCS_665412.nxs.h5
665411,108367,YbZn2GaO5,"YZGO, MAG9, Ei=3.32meV, T=0.07K, B=0.0T w=27.0deg",2025-10-24 09:03:09,2025-10-24 09:04:29,00:01:19,0.1,3.32,0.0,3.32,0.07,0.0,27.0,/SNS/CNCS/IPTS-37274/nexus/CNCS_665411.nxs.h5
665410,108367,YbZn2GaO5,"YZGO, MAG9, Ei=3.32meV, T=0.07K, B=0.0T w=26.5deg",2025-10-24 09:01:45,2025-10-24 09:03:06,00:01:20,0.1,3.32,0.0,3.32,0.07,0.0,26.5,/SNS/CNCS/IPTS-37274/nexus/CNCS_665410.nxs.h5
665409,108367,YbZn2GaO5,"YZGO, MAG9, Ei=3.32meV, T=0.07K, B=0.0T w=26.0deg",2025-10-24 09:00:13,2025-10-24 09:01:41,00:01:28,0.1,3.32,0.0,3.32,0.07,0.0,26.0,/SNS/CNCS/IPTS-37274/nexus/CNCS_665409.nxs.h5
665408,108367,YbZn2GaO5,"YZGO, MAG9, Ei=3.32meV, T=0.07K, B=0.0T w=25.5deg",2025-10-24 08:58:38,2025-10-24 09:00:09,00:01:31,0.1,3.32,0.0,3.32,0.07,0.0,25.5,/SNS/CNCS/IPTS-37274/nexus/CNCS_665408.nxs.h5
665407,108367,YbZn2GaO5,"YZGO, MAG9, Ei=3.32meV, T=0.07K, B=0.0T w=25.0deg",2025-10-24 08:57:02,2025-10-24 08:58:34,00:01:32,0.1,3.32,0.0,3.32,0.07,0.0,25.0,/SNS/CNCS/IPTS-37274/nexus/CNCS_665407.nxs.h5
665406,108367,YbZn2GaO5,"YZGO, MAG9, Ei=3.32meV, T=0.07K, B=0.0T w=24.5deg",2025-10-24 08:55:27,2025-10-24 08:56:58,00:01:31,0.1,3.32,0.0,3.32,0.07,0.0,24.5,/SNS/CNCS/IPTS-37274/nexus/CNCS_665406.nxs.h5
665405,108367,YbZn2GaO5,"YZGO, MAG9, Ei=3.32meV, T=0.07K, B=0.0T w=24.0deg",2025-10-24 08:53:51,2025-10-24 08:55:23,00:01:32,0.1,3.32,0.0,3.32,0.07,0.0,24.0,/SNS/CNCS/IPTS-37274/nexus/CNCS_665405.nxs.h5
665404,108367,YbZn2GaO5,"YZGO, MAG9, Ei=3.32meV, T=0.07K, B=0.0T w=23.5deg",2025-10-24 08:52:16,2025-10-24 08:53:48,00:01:31,0.1,3.32,0.0,3.32,0.07,0.0,23.5,/SNS/CNCS/IPTS-37274/nexus/CNCS_665404.nxs.h5
665403,108367,YbZn2GaO5,"YZGO, MAG9, Ei=3.32meV, T=0.07K, B=0.0T w=23.0deg",2025-10-24 08:50:41,2025-10-24 08:52:12,00:01:31,0.1,3.32,0.0,3.32,0.07,0.0,23.0,/SNS/CNCS/IPTS-37274/nexus/CNCS_665403.nxs.h5
665402,108367,YbZn2GaO5,"YZGO, MAG9, Ei=3.32meV, T=0.07K, B=0.0T w=22.5deg",2025-10-24 08:49:05,2025-10-24 08:50:37,00:01:31,0.1,3.32,0.0,3.32,0.07,0.0,22.5,/SNS/CNCS/IPTS-37274/nexus/CNCS_665402.nxs.h5
665401,108367,YbZn2GaO5,"YZGO, MAG9, Ei=3.32meV, T=0.07K, B=0.0T w=22.0deg",2025-10-24 08:47:30,2025-10-24 08:49:02,00:01:31,0.1,3.32,0.0,3.32,0.07,0.0,22.0,/SNS/CNCS/IPTS-37274/nexus/CNCS_665401.nxs.h5
665400,108367,YbZn2GaO5,"YZGO, MAG9, Ei=3.32meV, T=0.07K, B=0.0T w=21.5deg",2025-10-24 08:45:55,2025-10-24 08:47:27,00:01:31,0.1,3.32,0.0,3.32,0.07,0.0,21.5,/SNS/CNCS/IPTS-37274/nexus/CNCS_665400.nxs.h5
665399,108367,YbZn2GaO5,"YZGO, MAG9, Ei=3.32meV, T=0.07K, B=0.0T w=21.0deg",2025-10-24 08:44:20,2025-10-24 08:45:51,00:01:31,0.1,3.32,0.0,3.32,0.07,0.0,21.0,/SNS/CNCS/IPTS-37274/nexus/CNCS_665399.nxs.h5
665398,108367,YbZn2GaO5,"YZGO, MAG9, Ei=3.32meV, T=0.07K, B=0.0T w=20.5deg",2025-10-24 08:42:45,2025-10-24 08:44:16,00:01:31,0.1,3.32,0.0,3.32,0.07,0.0,20.5,/SNS/CNCS/IPTS-37274/nexus/CNCS_665398.nxs.h5
665397,108367,YbZn2GaO5,"YZGO, MAG9, Ei=3.32meV, T=0.07K, B=0.0T w=20.0deg",2025-10-24 08:41:09,2025-10-24 08:42:41,00:01:31,0.1,3.32,0.0,3.32,0.07,0.0,20.0,/SNS/CNCS/IPTS-37274/nexus/CNCS_665397.nxs.h5
665396,108367,YbZn2GaO5,"YZGO, MAG9, Ei=3.32meV, T=0.07K, B=0.0T w=19.5deg",2025-10-24 08:39:34,2025-10-24 08:41:05,00:01:31,0.1,3.32,0.0,3.32,0.07,0.0,19.5,/SNS/CNCS/IPTS-37274/nexus/CNCS_665396.nxs.h5
665395,108367,YbZn2GaO5,"YZGO, MAG9, Ei=3.32meV, T=0.07K, B=0.0T w=19.0deg",2025-10-24 08:37:58,2025-10-24 08:39:30,00:01:32,0.1,3.32,0.0,3.32,0.07,0.0,19.0,/SNS/CNCS/IPTS-37274/nexus/CNCS_665395.nxs.h5
665394,108367,YbZn2GaO5,"YZGO, MAG9, Ei=3.32meV, T=0.07K, B=0.0T w=18.5deg",2025-10-24 08:36:23,2025-10-24 08:37:55,00:01:31,0.1,3.32,0.0,3.32,0.07,0.0,18.5,/SNS/CNCS/IPTS-37274/nexus/CNCS_665394.nxs.h5
665393,108367,YbZn2GaO5,"YZGO, MAG9, Ei=3.32meV, T=0.07K, B=0.0T w=18.0deg",2025-10-24 08:34:48,2025-10-24 08:36:19,00:01:31,0.1,3.32,0.0,3.32,0.07,0.0,18.0,/SNS/CNCS/IPTS-37274/nexus/CNCS_665393.nxs.h5
665392,108367,YbZn2GaO5,"YZGO, MAG9, Ei=3.32meV, T=0.07K, B=0.0T w=17.5deg",2025-10-24 08:33:13,2025-10-24 08:34:44,00:01:31,0.1,3.32,0.0,3.32,0.07,0.0,17.5,/SNS/CNCS/IPTS-37274/nexus/CNCS_665392.nxs.h5
665391,108367,YbZn2GaO5,"YZGO, MAG9, Ei=3.32meV, T=0.07K, B=0.0T w=17.0deg",2025-10-24 08:31:37,2025-10-24 08:33:09,00:01:32,0.1,3.32,0.0,3.32,0.07,0.0,17.0,/SNS/CNCS/IPTS-37274/nexus/CNCS_665391.nxs.h5
665390,108367,YbZn2GaO5,"YZGO, MAG9, Ei=3.32meV, T=0.07K, B=0.0T w=16.5deg",2025-10-24 08:30:01,2025-10-24 08:31:33,00:01:31,0.1,3.32,0.0,3.32,0.07,0.0,16.5,/SNS/CNCS/IPTS-37274/nexus/CNCS_665390.nxs.h5
665389,108367,YbZn2GaO5,"YZGO, MAG9, Ei=3.32meV, T=0.07K, B=0.0T w=16.0deg",2025-10-24 08:28:26,2025-10-24 08:29:58,00:01:31,0.1,3.32,0.0,3.32,0.07,0.0,16.0,/SNS/CNCS/IPTS-37274/nexus/CNCS_665389.nxs.h5
665388,108367,YbZn2GaO5,"YZGO, MAG9, Ei=3.32meV, T=0.07K, B=0.0T w=15.5deg",2025-10-24 08:26:51,2025-10-24 08:28:23,00:01:32,0.1,3.32,0.0,3.32,0.07,0.0,15.5,/SNS/CNCS/IPTS-37274/nexus/CNCS_665388.nxs.h5
665387,108367,YbZn2GaO5,"YZGO, MAG9, Ei=3.32meV, T=0.07K, B=0.0T w=15.0deg",2025-10-24 08:25:15,2025-10-24 08:26:47,00:01:31,0.1,3.32,0.0,3.32,0.07,0.0,15.0,/SNS/CNCS/IPTS-37274/nexus/CNCS_665387.nxs.h5
665386,108367,YbZn2GaO5,"YZGO, MAG9, Ei=3.32meV, T=0.07K, B=0.0T w=14.5deg",2025-10-24 08:23:40,2025-10-24 08:25:12,00:01:31,0.1,3.32,0.0,3.32,0.07,0.0,14.5,/SNS/CNCS/IPTS-37274/nexus/CNCS_665386.nxs.h5
665385,108367,YbZn2GaO5,"YZGO, MAG9, Ei=3.32meV, T=0.07K, B=0.0T w=14.0deg",2025-10-24 08:22:05,2025-10-24 08:23:36,00:01:31,0.1,3.32,0.0,3.32,0.07,0.0,14.0,/SNS/CNCS/IPTS-37274/nexus/CNCS_665385.nxs.h5
665384,108367,YbZn2GaO5,"YZGO, MAG9, Ei=3.32meV, T=0.07K, B=0.0T w=13.5deg",2025-10-24 08:20:29,2025-10-24 08:22:01,00:01:31,0.1,3.32,0.0,3.32,0.07,0.0,13.5,/SNS/CNCS/IPTS-37274/nexus/CNCS_665384.nxs.h5
665383,108367,YbZn2GaO5,"YZGO, MAG9, Ei=3.32meV, T=0.07K, B=0.0T w=13.0deg",2025-10-24 08:18:54,2025-10-24 08:20:25,00:01:31,0.1,3.32,0.0,3.32,0.07,0.0,13.0,/SNS/CNCS/IPTS-37274/nexus/CNCS_665383.nxs.h5
665382,108367,YbZn2GaO5,"YZGO, MAG9, Ei=3.32meV, T=0.07K, B=0.0T w=12.5deg",2025-10-24 08:17:18,2025-10-24 08:18:50,00:01:32,0.1,3.32,0.0,3.32,0.07,0.0,12.5,/SNS/CNCS/IPTS-37274/nexus/CNCS_665382.nxs.h5
665381,108367,YbZn2GaO5,"YZGO, MAG9, Ei=3.32meV, T=0.07K, B=0.0T w=12.0deg",2025-10-24 08:15:43,2025-10-24 08:17:15,00:01:31,0.1,3.32,0.0,3.32,0.07,0.0,12.0,/SNS/CNCS/IPTS-37274/nexus/CNCS_665381.nxs.h5
665380,108367,YbZn2GaO5,"YZGO, MAG9, Ei=3.32meV, T=0.07K, B=0.0T w=11.5deg",2025-10-24 08:14:07,2025-10-24 08:15:39,00:01:31,0.1,3.32,0.0,3.32,0.07,0.0,11.5,/SNS/CNCS/IPTS-37274/nexus/CNCS_665380.nxs.h5
665379,108367,YbZn2GaO5,"YZGO, MAG9, Ei=3.32meV, T=0.07K, B=0.0T w=11.0deg",2025-10-24 08:12:32,2025-10-24 08:14:04,00:01:31,0.1,3.32,0.0,3.32,0.07,0.0,11.0,/SNS/CNCS/IPTS-37274/nexus/CNCS_665379.nxs.h5
665378,108367,YbZn2GaO5,"YZGO, MAG9, Ei=3.32meV, T=0.07K, B=0.0T w=10.5deg",2025-10-24 08:10:57,2025-10-24 08:12:29,00:01:32,0.1,3.32,0.0,3.32,0.07,0.0,10.5,/SNS/CNCS/IPTS-37274/nexus/CNCS_665378.nxs.h5
665377,108367,YbZn2GaO5,"YZGO, MAG9, Ei=3.32meV, T=0.07K, B=0.0T w=10.0deg",2025-10-24 08:09:21,2025-10-24 08:10:53,00:01:31,0.1,3.32,0.0,3.32,0.07,0.0,10.0,/SNS/CNCS/IPTS-37274/nexus/CNCS_665377.nxs.h5
665376,108367,YbZn2GaO5,"YZGO, MAG9, Ei=3.32meV, T=0.07K, B=0.0T w=9.5deg",2025-10-24 08:07:46,2025-10-24 08:09:18,00:01:31,0.1,3.32,0.0,3.32,0.07,0.0,9.5,/SNS/CNCS/IPTS-37274/nexus/CNCS_665376.nxs.h5
665375,108367,YbZn2GaO5,"YZGO, MAG9, Ei=3.32meV, T=0.07K, B=0.0T w=9.0deg",2025-10-24 08:06:11,2025-10-24 08:07:42,00:01:31,0.1,3.32,0.0,3.32,0.07,0.0,9.0,/SNS/CNCS/IPTS-37274/nexus/CNCS_665375.nxs.h5
665374,108367,YbZn2GaO5,"YZGO, MAG9, Ei=3.32meV, T=0.07K, B=0.0T w=8.5deg",2025-10-24 08:04:36,2025-10-24 08:06:07,00:01:31,0.1,3.32,0.0,3.32,0.07,0.0,8.5,/SNS/CNCS/IPTS-37274/nexus/CNCS_665374.nxs.h5
665373,108367,YbZn2GaO5,"YZGO, MAG9, Ei=3.32meV, T=0.07K, B=0.0T w=8.0deg",2025-10-24 08:03:01,2025-10-24 08:04:32,00:01:31,0.1,3.32,0.0,3.32,0.07,0.0,8.0,/SNS/CNCS/IPTS-37274/nexus/CNCS_665373.nxs.h5
665372,108367,YbZn2GaO5,"YZGO, MAG9, Ei=3.32meV, T=0.07K, B=0.0T w=7.5deg",2025-10-24 08:01:25,2025-10-24 08:02:57,00:01:31,0.1,3.32,0.0,3.32,0.07,0.0,7.5,/SNS/CNCS/IPTS-37274/nexus/CNCS_665372.nxs.h5
665371,108367,YbZn2GaO5,"YZGO, MAG9, Ei=3.32meV, T=0.07K, B=0.0T w=7.0deg",2025-10-24 07:59:50,2025-10-24 08:01:21,00:01:31,0.1,3.32,0.0,3.32,0.07,0.0,7.0,/SNS/CNCS/IPTS-37274/nexus/CNCS_665371.nxs.h5
665370,108367,YbZn2GaO5,"YZGO, MAG9, Ei=3.32meV, T=0.07K, B=0.0T w=6.5deg",2025-10-24 07:58:14,2025-10-24 07:59:46,00:01:31,0.1,3.32,0.0,3.32,0.07,0.0,6.5,/SNS/CNCS/IPTS-37274/nexus/CNCS_665370.nxs.h5
665369,108367,YbZn2GaO5,"YZGO, MAG9, Ei=3.32meV, T=0.07K, B=0.0T w=6.0deg",2025-10-24 07:56:39,2025-10-24 07:58:11,00:01:31,0.1,3.32,0.0,3.32,0.07,0.0,6.0,/SNS/CNCS/IPTS-37274/nexus/CNCS_665369.nxs.h5
665368,108367,YbZn2GaO5,"YZGO, MAG9, Ei=3.32meV, T=0.07K, B=0.0T w=5.5deg",2025-10-24 07:55:04,2025-10-24 07:56:36,00:01:32,0.1,3.32,0.0,3.32,0.07,0.0,5.5,/SNS/CNCS/IPTS-37274/nexus/CNCS_665368.nxs.h5
665367,108367,YbZn2GaO5,"YZGO, MAG9, Ei=3.32meV, T=0.07K, B=0.0T w=5.0deg",2025-10-24 07:53:28,2025-10-24 07:55:00,00:01:31,0.1,3.32,0.0,3.32,0.07,0.0,5.0,/SNS/CNCS/IPTS-37274/nexus/CNCS_665367.nxs.h5
665366,108367,YbZn2GaO5,"YZGO, MAG9, Ei=3.32meV, T=0.07K, B=0.0T w=4.5deg",2025-10-24 07:51:53,2025-10-24 07:53:24,00:01:31,0.1,3.32,0.0,3.32,0.07,0.0,4.5,/SNS/CNCS/IPTS-37274/nexus/CNCS_665366.nxs.h5
665365,108367,YbZn2GaO5,"YZGO, MAG9, Ei=3.32meV, T=0.07K, B=0.0T w=4.0deg",2025-10-24 07:50:17,2025-10-24 07:51:49,00:01:32,0.1,3.32,0.0,3.32,0.07,0.0,4.0,/SNS/CNCS/IPTS-37274/nexus/CNCS_665365.nxs.h5
665364,108367,YbZn2GaO5,"YZGO, MAG9, Ei=3.32meV, T=0.07K, B=0.0T w=3.5deg",2025-10-24 07:48:24,2025-10-24 07:50:13,00:01:49,0.1,3.32,0.0,3.32,0.07,0.0,3.5,/SNS/CNCS/IPTS-37274/nexus/CNCS_665364.nxs.h5
665363,108367,YbZn2GaO5,"YZGO, MAG9, Ei=3.32meV, T=0.07K, B=0.0T w=3.0deg",2025-10-24 07:25:34,2025-10-24 07:48:20,00:22:46,0.12,3.32,0.0,3.32,0.07,0.0,3.0,/SNS/CNCS/IPTS-37274/nexus/CNCS_665363.nxs.h5
665362,108367,YbZn2GaO5,"YZGO, MAG9, Ei=3.32meV, T=0.07K, B=0.0T w=2.5deg",2025-10-24 07:23:59,2025-10-24 07:25:30,00:01:31,0.1,3.32,0.0,3.32,0.07,0.0,2.5,/SNS/CNCS/IPTS-37274/nexus/CNCS_665362.nxs.h5
665361,108367,YbZn2GaO5,"YZGO, MAG9, Ei=3.32meV, T=0.07K, B=0.0T w=2.0deg",2025-10-24 07:22:23,2025-10-24 07:23:55,00:01:32,0.1,3.32,0.0,3.32,0.07,0.0,2.0,/SNS/CNCS/IPTS-37274/nexus/CNCS_665361.nxs.h5
665360,108367,YbZn2GaO5,"YZGO, MAG9, Ei=3.32meV, T=0.07K, B=0.0T w=1.5deg",2025-10-24 07:20:47,2025-10-24 07:22:19,00:01:32,0.1,3.32,0.0,3.32,0.07,0.0,1.5,/SNS/CNCS/IPTS-37274/nexus/CNCS_665360.nxs.h5
665359,108367,YbZn2GaO5,"YZGO, MAG9, Ei=3.32meV, T=0.07K, B=0.0T w=1.0deg",2025-10-24 07:19:11,2025-10-24 07:20:43,00:01:32,0.1,3.32,0.0,3.32,0.07,0.0,1.0,/SNS/CNCS/IPTS-37274/nexus/CNCS_665359.nxs.h5
665358,108367,YbZn2GaO5,"YZGO, MAG9, Ei=3.32meV, T=0.07K, B=0.0T w=0.5deg",2025-10-24 07:17:36,2025-10-24 07:19:08,00:01:32,0.1,3.32,0.0,3.32,0.07,0.0,0.5,/SNS/CNCS/IPTS-37274/nexus/CNCS_665358.nxs.h5
665357,108367,YbZn2GaO5,"YZGO, MAG9, Ei=3.32meV, T=0.07K, B=0.0T w=0.0deg",2025-10-24 07:16:00,2025-10-24 07:17:32,00:01:31,0.1,3.32,0.0,3.32,0.07,0.0,0.0,/SNS/CNCS/IPTS-37274/nexus/CNCS_665357.nxs.h5
665356,108367,YbZn2GaO5,"YZGO, MAG9, Ei=3.32meV, T=0.07K, B=0.0T w=-0.5deg",2025-10-24 07:14:25,2025-10-24 07:15:57,00:01:31,0.1,3.32,0.0,3.32,0.07,0.0,-0.5,/SNS/CNCS/IPTS-37274/nexus/CNCS_665356.nxs.h5
665355,108367,YbZn2GaO5,"YZGO, MAG9, Ei=3.32meV, T=0.07K, B=0.0T w=-1.0deg",2025-10-24 07:12:49,2025-10-24 07:14:21,00:01:32,0.1,3.32,0.0,3.32,0.07,0.0,-1.0,/SNS/CNCS/IPTS-37274/nexus/CNCS_665355.nxs.h5
665354,108367,YbZn2GaO5,"YZGO, MAG9, Ei=3.32meV, T=0.07K, B=0.0T w=-1.5deg",2025-10-24 07:11:14,2025-10-24 07:12:46,00:01:32,0.1,3.32,0.0,3.32,0.07,0.0,-1.5,/SNS/CNCS/IPTS-37274/nexus/CNCS_665354.nxs.h5
665353,108367,YbZn2GaO5,"YZGO, MAG9, Ei=3.32meV, T=0.07K, B=0.0T w=-2.0deg",2025-10-24 07:09:37,2025-10-24 07:11:10,00:01:33,0.1,3.32,0.0,3.32,0.07,0.0,-2.0,/SNS/CNCS/IPTS-37274/nexus/CNCS_665353.nxs.h5
665352,108367,YbZn2GaO5,"YZGO, MAG9, Ei=3.32meV, T=0.07K, B=0.0T w=-2.5deg",2025-10-24 07:08:01,2025-10-24 07:09:33,00:01:32,0.1,3.32,0.0,3.32,0.07,0.0,-2.5,/SNS/CNCS/IPTS-37274/nexus/CNCS_665352.nxs.h5
665351,108367,YbZn2GaO5,"YZGO, MAG9, Ei=3.32meV, T=0.07K, B=0.0T w=-3.0deg",2025-10-24 07:06:25,2025-10-24 07:07:57,00:01:32,0.1,3.32,0.0,3.32,0.07,0.0,-3.0,/SNS/CNCS/IPTS-37274/nexus/CNCS_665351.nxs.h5
665350,108367,YbZn2GaO5,"YZGO, MAG9, Ei=3.32meV, T=0.07K, B=0.0T w=-3.5deg",2025-10-24 07:04:50,2025-10-24 07:06:22,00:01:32,0.1,3.32,0.0,3.32,0.07,0.0,-3.5,/SNS/CNCS/IPTS-37274/nexus/CNCS_665350.nxs.h5
665349,108367,YbZn2GaO5,"YZGO, MAG9, Ei=3.32meV, T=0.07K, B=0.0T w=-4.0deg",2025-10-24 07:03:14,2025-10-24 07:04:46,00:01:32,0.1,3.32,0.0,3.32,0.07,0.0,-4.0,/SNS/CNCS/IPTS-37274/nexus/CNCS_665349.nxs.h5
665348,108367,YbZn2GaO5,"YZGO, MAG9, Ei=3.32meV, T=0.07K, B=0.0T w=-4.5deg",2025-10-24 07:01:38,2025-10-24 07:03:10,00:01:32,0.1,3.32,0.0,3.32,0.07,0.0,-4.5,/SNS/CNCS/IPTS-37274/nexus/CNCS_665348.nxs.h5
665347,108367,YbZn2GaO5,"YZGO, MAG9, Ei=3.32meV, T=0.07K, B=0.0T w=-5.0deg",2025-10-24 07:00:03,2025-10-24 07:01:35,00:01:32,0.1,3.32,0.0,3.32,0.07,0.0,-5.0,/SNS/CNCS/IPTS-37274/nexus/CNCS_665347.nxs.h5
665346,108367,YbZn2GaO5,"YZGO, MAG9, Ei=3.32meV, T=0.07K, B=0.0T w=-5.5deg",2025-10-24 06:58:27,2025-10-24 06:59:59,00:01:32,0.1,3.32,0.0,3.32,0.07,0.0,-5.5,/SNS/CNCS/IPTS-37274/nexus/CNCS_665346.nxs.h5
665345,108367,YbZn2GaO5,"YZGO, MAG9, Ei=3.32meV, T=0.07K, B=0.0T w=-6.0deg",2025-10-24 06:56:51,2025-10-24 06:58:23,00:01:31,0.1,3.32,0.0,3.32,0.07,0.0,-6.0,/SNS/CNCS/IPTS-37274/nexus/CNCS_665345.nxs.h5
665344,108367,YbZn2GaO5,"YZGO, MAG9, Ei=3.32meV, T=0.07K, B=0.0T w=-6.5deg",2025-10-24 06:55:16,2025-10-24 06:56:48,00:01:31,0.1,3.32,0.0,3.32,0.07,0.0,-6.5,/SNS/CNCS/IPTS-37274/nexus/CNCS_665344.nxs.h5
665343,108367,YbZn2GaO5,"YZGO, MAG9, Ei=3.32meV, T=0.07K, B=0.0T w=-7.0deg",2025-10-24 06:53:41,2025-10-24 06:55:12,00:01:31,0.1,3.32,0.0,3.32,0.07,0.0,-7.0,/SNS/CNCS/IPTS-37274/nexus/CNCS_665343.nxs.h5
665342,108367,YbZn2GaO5,"YZGO, MAG9, Ei=3.32meV, T=0.07K, B=0.0T w=-7.5deg",2025-10-24 06:52:05,2025-10-24 06:53:37,00:01:32,0.1,3.32,0.0,3.32,0.07,0.0,-7.5,/SNS/CNCS/IPTS-37274/nexus/CNCS_665342.nxs.h5
665341,108367,YbZn2GaO5,"YZGO, MAG9, Ei=3.32meV, T=0.07K, B=0.0T w=-8.0deg",2025-10-24 06:50:29,2025-10-24 06:52:02,00:01:32,0.1,3.32,0.0,3.32,0.07,0.0,-8.0,/SNS/CNCS/IPTS-37274/nexus/CNCS_665341.nxs.h5
665340,108367,YbZn2GaO5,"YZGO, MAG9, Ei=3.32meV, T=0.07K, B=0.0T w=-8.5deg",2025-10-24 06:48:54,2025-10-24 06:50:26,00:01:32,0.1,3.32,0.0,3.32,0.07,0.0,-8.5,/SNS/CNCS/IPTS-37274/nexus/CNCS_665340.nxs.h5
665339,108367,YbZn2GaO5,"YZGO, MAG9, Ei=3.32meV, T=0.07K, B=0.0T w=-9.0deg",2025-10-24 06:47:18,2025-10-24 06:48:50,00:01:32,0.1,3.32,0.0,3.32,0.07,0.0,-9.0,/SNS/CNCS/IPTS-37274/nexus/CNCS_665339.nxs.h5
665338,108367,YbZn2GaO5,"YZGO, MAG9, Ei=3.32meV, T=0.07K, B=0.0T w=-9.5deg",2025-10-24 06:45:42,2025-10-24 06:47:14,00:01:32,0.1,3.32,0.0,3.32,0.07,0.0,-9.5,/SNS/CNCS/IPTS-37274/nexus/CNCS_665338.nxs.h5
665337,108367,YbZn2GaO5,"YZGO, MAG9, Ei=3.32meV, T=0.07K, B=0.0T w=-10.0deg",2025-10-24 06:44:07,2025-10-24 06:45:39,00:01:32,0.1,3.32,0.0,3.32,0.07,0.0,-10.0,/SNS/CNCS/IPTS-37274/nexus/CNCS_665337.nxs.h5
665336,108367,YbZn2GaO5,"YZGO, MAG9, Ei=3.32meV, T=0.07K, B=0.0T w=-10.5deg",2025-10-24 06:42:31,2025-10-24 06:44:03,00:01:32,0.1,3.32,0.0,3.32,0.07,0.0,-10.5,/SNS/CNCS/IPTS-37274/nexus/CNCS_665336.nxs.h5
665335,108367,YbZn2GaO5,"YZGO, MAG9, Ei=3.32meV, T=0.07K, B=0.0T w=-11.0deg",2025-10-24 06:40:55,2025-10-24 06:42:27,00:01:32,0.1,3.32,0.0,3.32,0.07,0.0,-11.0,/SNS/CNCS/IPTS-37274/nexus/CNCS_665335.nxs.h5
665334,108367,YbZn2GaO5,"YZGO, MAG9, Ei=3.32meV, T=0.07K, B=0.0T w=-11.5deg",2025-10-24 06:39:19,2025-10-24 06:40:51,00:01:32,0.1,3.32,0.0,3.32,0.07,0.0,-11.5,/SNS/CNCS/IPTS-37274/nexus/CNCS_665334.nxs.h5
665333,108367,YbZn2GaO5,"YZGO, MAG9, Ei=3.32meV, T=0.07K, B=0.0T w=-12.0deg",2025-10-24 06:37:44,2025-10-24 06:39:16,00:01:32,0.1,3.32,0.0,3.32,0.07,0.0,-12.0,/SNS/CNCS/IPTS-37274/nexus/CNCS_665333.nxs.h5
665332,108367,YbZn2GaO5,"YZGO, MAG9, Ei=3.32meV, T=0.07K, B=0.0T w=-12.5deg",2025-10-24 06:36:08,2025-10-24 06:37:40,00:01:31,0.1,3.32,0.0,3.32,0.07,0.0,-12.5,/SNS/CNCS/IPTS-37274/nexus/CNCS_665332.nxs.h5
665331,108367,YbZn2GaO5,"YZGO, MAG9, Ei=3.32meV, T=0.07K, B=0.0T w=-13.0deg",2025-10-24 06:34:32,2025-10-24 06:36:04,00:01:32,0.1,3.32,0.0,3.32,0.07,0.0,-13.0,/SNS/CNCS/IPTS-37274/nexus/CNCS_665331.nxs.h5
665330,108367,YbZn2GaO5,"YZGO, MAG9, Ei=3.32meV, T=0.07K, B=0.0T w=-13.5deg",2025-10-24 06:32:56,2025-10-24 06:34:29,00:01:32,0.1,3.32,0.0,3.32,0.07,0.0,-13.5,/SNS/CNCS/IPTS-37274/nexus/CNCS_665330.nxs.h5
665329,108367,YbZn2GaO5,"YZGO, MAG9, Ei=3.32meV, T=0.07K, B=0.0T w=-14.0deg",2025-10-24 06:31:21,2025-10-24 06:32:53,00:01:32,0.1,3.32,0.0,3.32,0.07,0.0,-14.0,/SNS/CNCS/IPTS-37274/nexus/CNCS_665329.nxs.h5
665328,108367,YbZn2GaO5,"YZGO, MAG9, Ei=3.32meV, T=0.07K, B=0.0T w=-14.5deg",2025-10-24 06:29:45,2025-10-24 06:31:17,00:01:32,0.1,3.32,0.0,3.32,0.07,0.0,-14.5,/SNS/CNCS/IPTS-37274/nexus/CNCS_665328.nxs.h5
665327,108367,YbZn2GaO5,"YZGO, MAG9, Ei=3.32meV, T=0.07K, B=0.0T w=-15.0deg",2025-10-24 06:28:09,2025-10-24 06:29:41,00:01:32,0.1,3.32,0.0,3.32,0.07,0.0,-15.0,/SNS/CNCS/IPTS-37274/nexus/CNCS_665327.nxs.h5
665326,108367,YbZn2GaO5,"YZGO, MAG9, Ei=3.32meV, T=0.07K, B=0.0T w=-15.5deg",2025-10-24 06:26:34,2025-10-24 06:28:06,00:01:32,0.1,3.32,0.0,3.32,0.07,0.0,-15.5,/SNS/CNCS/IPTS-37274/nexus/CNCS_665326.nxs.h5
665325,108367,YbZn2GaO5,"YZGO, MAG9, Ei=3.32meV, T=0.07K, B=0.0T w=-16.0deg",2025-10-24 06:24:58,2025-10-24 06:26:30,00:01:32,0.1,3.32,0.0,3.32,0.07,0.0,-16.0,/SNS/CNCS/IPTS-37274/nexus/CNCS_665325.nxs.h5
665324,108367,YbZn2GaO5,"YZGO, MAG9, Ei=3.32meV, T=0.07K, B=0.0T w=-16.5deg",2025-10-24 06:23:22,2025-10-24 06:24:54,00:01:32,0.1,3.32,0.0,3.32,0.07,0.0,-16.5,/SNS/CNCS/IPTS-37274/nexus/CNCS_665324.nxs.h5
665323,108367,YbZn2GaO5,"YZGO, MAG9, Ei=3.32meV, T=0.07K, B=0.0T w=-17.0deg",2025-10-24 06:21:47,2025-10-24 06:23:19,00:01:32,0.1,3.32,0.0,3.32,0.07,0.0,-17.0,/SNS/CNCS/IPTS-37274/nexus/CNCS_665323.nxs.h5
665322,108367,YbZn2GaO5,"YZGO, MAG9, Ei=3.32meV, T=0.07K, B=0.0T w=-17.5deg",2025-10-24 06:20:11,2025-10-24 06:21:43,00:01:32,0.1,3.32,0.0,3.32,0.07,0.0,-17.5,/SNS/CNCS/IPTS-37274/nexus/CNCS_665322.nxs.h5
665321,108367,YbZn2GaO5,"YZGO, MAG9, Ei=3.32meV, T=0.07K, B=0.0T w=-18.0deg",2025-10-24 06:18:35,2025-10-24 06:20:07,00:01:32,0.1,3.32,0.0,3.32,0.07,0.0,-18.0,/SNS/CNCS/IPTS-37274/nexus/CNCS_665321.nxs.h5
665320,108367,YbZn2GaO5,"YZGO, MAG9, Ei=3.32meV, T=0.07K, B=0.0T w=-18.5deg",2025-10-24 06:17:00,2025-10-24 06:18:32,00:01:32,0.1,3.32,0.0,3.32,0.07,0.0,-18.5,/SNS/CNCS/IPTS-37274/nexus/CNCS_665320.nxs.h5
665319,108367,YbZn2GaO5,"YZGO, MAG9, Ei=3.32meV, T=0.07K, B=0.0T w=-19.0deg",2025-10-24 06:15:24,2025-10-24 06:16:56,00:01:32,0.1,3.32,0.0,3.32,0.07,0.0,-19.0,/SNS/CNCS/IPTS-37274/nexus/CNCS_665319.nxs.h5
665318,108367,YbZn2GaO5,"YZGO, MAG9, Ei=3.32meV, T=0.07K, B=0.0T w=-19.5deg",2025-10-24 06:13:48,2025-10-24 06:15:20,00:01:32,0.1,3.32,0.0,3.32,0.07,0.0,-19.5,/SNS/CNCS/IPTS-37274/nexus/CNCS_665318.nxs.h5
665317,108367,YbZn2GaO5,"YZGO, MAG9, Ei=3.32meV, T=0.07K, B=0.0T w=-20.0deg",2025-10-24 06:12:13,2025-10-24 06:13:45,00:01:32,0.1,3.32,0.0,3.32,0.07,0.0,-20.0,/SNS/CNCS/IPTS-37274/nexus/CNCS_665317.nxs.h5
665316,108367,YbZn2GaO5,"YZGO, MAG9, Ei=3.32meV, T=0.07K, B=0.0T w=-20.5deg",2025-10-24 06:10:37,2025-10-24 06:12:09,00:01:32,0.1,3.32,0.0,3.32,0.07,0.0,-20.5,/SNS/CNCS/IPTS-37274/nexus/CNCS_665316.nxs.h5
665315,108367,YbZn2GaO5,"YZGO, MAG9, Ei=3.32meV, T=0.07K, B=0.0T w=-21.0deg",2025-10-24 06:09:01,2025-10-24 06:10:33,00:01:32,0.1,3.32,0.0,3.32,0.07,0.0,-21.0,/SNS/CNCS/IPTS-37274/nexus/CNCS_665315.nxs.h5
665314,108367,YbZn2GaO5,"YZGO, MAG9, Ei=3.32meV, T=0.07K, B=0.0T w=-21.5deg",2025-10-24 06:07:26,2025-10-24 06:08:58,00:01:31,0.1,3.32,0.0,3.32,0.07,0.0,-21.5,/SNS/CNCS/IPTS-37274/nexus/CNCS_665314.nxs.h5
665313,108367,YbZn2GaO5,"YZGO, MAG9, Ei=3.32meV, T=0.07K, B=0.0T w=-22.0deg",2025-10-24 06:05:50,2025-10-24 06:07:22,00:01:32,0.1,3.32,0.0,3.32,0.07,0.0,-22.0,/SNS/CNCS/IPTS-37274/nexus/CNCS_665313.nxs.h5
665312,108367,YbZn2GaO5,"YZGO, MAG9, Ei=3.32meV, T=0.07K, B=0.0T w=-22.5deg",2025-10-24 06:04:14,2025-10-24 06:05:46,00:01:32,0.1,3.32,0.0,3.32,0.07,0.0,-22.5,/SNS/CNCS/IPTS-37274/nexus/CNCS_665312.nxs.h5
665311,108367,YbZn2GaO5,"YZGO, MAG9, Ei=3.32meV, T=0.07K, B=0.0T w=-23.0deg",2025-10-24 06:02:38,2025-10-24 06:04:11,00:01:32,0.1,3.32,0.0,3.32,0.07,0.0,-23.0,/SNS/CNCS/IPTS-37274/nexus/CNCS_665311.nxs.h5
665310,108367,YbZn2GaO5,"YZGO, MAG9, Ei=3.32meV, T=0.07K, B=0.0T w=-23.5deg",2025-10-24 06:01:03,2025-10-24 06:02:35,00:01:32,0.1,3.32,0.0,3.32,0.07,0.0,-23.5,/SNS/CNCS/IPTS-37274/nexus/CNCS_665310.nxs.h5
665309,108367,YbZn2GaO5,"YZGO, MAG9, Ei=3.32meV, T=0.07K, B=0.0T w=-24.0deg",2025-10-24 05:59:27,2025-10-24 06:00:59,00:01:32,0.1,3.32,0.0,3.32,0.07,0.0,-24.0,/SNS/CNCS/IPTS-37274/nexus/CNCS_665309.nxs.h5
665308,108367,YbZn2GaO5,"YZGO, MAG9, Ei=3.32meV, T=0.07K, B=0.0T w=-24.5deg",2025-10-24 05:57:51,2025-10-24 05:59:23,00:01:32,0.1,3.32,0.0,3.32,0.07,0.0,-24.5,/SNS/CNCS/IPTS-37274/nexus/CNCS_665308.nxs.h5
665307,108367,YbZn2GaO5,"YZGO, MAG9, Ei=3.32meV, T=0.07K, B=0.0T w=-25.0deg",2025-10-24 05:56:16,2025-10-24 05:57:48,00:01:32,0.1,3.32,0.0,3.32,0.07,0.0,-25.0,/SNS/CNCS/IPTS-37274/nexus/CNCS_665307.nxs.h5
665306,108367,YbZn2GaO5,"YZGO, MAG9, Ei=3.32meV, T=0.07K, B=0.0T w=-25.5deg",2025-10-24 05:54:40,2025-10-24 05:56:12,00:01:31,0.1,3.32,0.0,3.32,0.07,0.0,-25.5,/SNS/CNCS/IPTS-37274/nexus/CNCS_665306.nxs.h5
665305,108367,YbZn2GaO5,"YZGO, MAG9, Ei=3.32meV, T=0.07K, B=0.0T w=-26.0deg",2025-10-24 05:53:04,2025-10-24 05:54:37,00:01:32,0.1,3.32,0.0,3.32,0.07,0.0,-26.0,/SNS/CNCS/IPTS-37274/nexus/CNCS_665305.nxs.h5
665304,108367,YbZn2GaO5,"YZGO, MAG9, Ei=3.32meV, T=0.07K, B=0.0T w=-26.5deg",2025-10-24 05:51:28,2025-10-24 05:53:01,00:01:32,0.1,3.32,0.0,3.32,0.07,0.0,-26.5,/SNS/CNCS/IPTS-37274/nexus/CNCS_665304.nxs.h5
665303,108367,YbZn2GaO5,"YZGO, MAG9, Ei=3.32meV, T=0.07K, B=0.0T w=-27.0deg",2025-10-24 05:49:53,2025-10-24 05:51:25,00:01:31,0.1,3.32,0.0,3.32,0.07,0.0,-27.0,/SNS/CNCS/IPTS-37274/nexus/CNCS_665303.nxs.h5
665302,108367,YbZn2GaO5,"YZGO, MAG9, Ei=3.32meV, T=0.07K, B=0.0T w=-27.5deg",2025-10-24 05:48:17,2025-10-24 05:49:49,00:01:32,0.1,3.32,0.0,3.32,0.07,0.0,-27.5,/SNS/CNCS/IPTS-37274/nexus/CNCS_665302.nxs.h5
665301,108367,YbZn2GaO5,"YZGO, MAG9, Ei=3.32meV, T=0.07K, B=0.0T w=-28.0deg",2025-10-24 05:46:42,2025-10-24 05:48:14,00:01:32,0.1,3.32,0.0,3.32,0.07,0.0,-28.0,/SNS/CNCS/IPTS-37274/nexus/CNCS_665301.nxs.h5
665300,108367,YbZn2GaO5,"YZGO, MAG9, Ei=3.32meV, T=0.07K, B=0.0T w=-28.5deg",2025-10-24 05:45:06,2025-10-24 05:46:38,00:01:32,0.1,3.32,0.0,3.32,0.07,0.0,-28.5,/SNS/CNCS/IPTS-37274/nexus/CNCS_665300.nxs.h5
665299,108367,YbZn2GaO5,"YZGO, MAG9, Ei=3.32meV, T=0.07K, B=0.0T w=-29.0deg",2025-10-24 05:43:30,2025-10-24 05:45:02,00:01:32,0.1,3.32,0.0,3.32,0.07,0.0,-29.0,/SNS/CNCS/IPTS-37274/nexus/CNCS_665299.nxs.h5
665298,108367,YbZn2GaO5,"YZGO, MAG9, Ei=3.32meV, T=0.07K, B=0.0T w=-29.5deg",2025-10-24 05:41:54,2025-10-24 05:43:27,00:01:32,0.1,3.32,0.0,3.32,0.07,0.0,-29.5,/SNS/CNCS/IPTS-37274/nexus/CNCS_665298.nxs.h5
665297,108367,YbZn2GaO5,"YZGO, MAG9, Ei=3.32meV, T=0.07K, B=0.0T w=-30.0deg",2025-10-24 05:40:19,2025-10-24 05:41:51,00:01:32,0.1,3.32,0.0,3.32,0.07,0.0,-30.0,/SNS/CNCS/IPTS-37274/nexus/CNCS_665297.nxs.h5
665296,108367,YbZn2GaO5,"YZGO, MAG9, Ei=3.32meV, T=0.07K, B=0.0T w=-30.5deg",2025-10-24 05:38:43,2025-10-24 05:40:15,00:01:32,0.1,3.32,0.0,3.32,0.07,0.0,-30.5,/SNS/CNCS/IPTS-37274/nexus/CNCS_665296.nxs.h5
665295,108367,YbZn2GaO5,"YZGO, MAG9, Ei=3.32meV, T=0.07K, B=0.0T w=-31.0deg",2025-10-24 05:37:07,2025-10-24 05:38:39,00:01:32,0.1,3.32,0.0,3.32,0.07,0.0,-31.0,/SNS/CNCS/IPTS-37274/nexus/CNCS_665295.nxs.h5
665294,108367,YbZn2GaO5,"YZGO, MAG9, Ei=3.32meV, T=0.07K, B=0.0T w=-31.5deg",2025-10-24 05:35:32,2025-10-24 05:37:04,00:01:32,0.1,3.32,0.0,3.32,0.07,0.0,-31.5,/SNS/CNCS/IPTS-37274/nexus/CNCS_665294.nxs.h5
665293,108367,YbZn2GaO5,"YZGO, MAG9, Ei=3.32meV, T=0.07K, B=0.0T w=-32.0deg",2025-10-24 05:33:56,2025-10-24 05:35:28,00:01:31,0.1,3.32,0.0,3.32,0.07,0.0,-32.0,/SNS/CNCS/IPTS-37274/nexus/CNCS_665293.nxs.h5
665292,108367,YbZn2GaO5,"YZGO, MAG9, Ei=3.32meV, T=0.07K, B=0.0T w=-32.5deg",2025-10-24 05:32:20,2025-10-24 05:33:53,00:01:32,0.1,3.32,0.0,3.32,0.07,0.0,-32.5,/SNS/CNCS/IPTS-37274/nexus/CNCS_665292.nxs.h5
665291,108367,YbZn2GaO5,"YZGO, MAG9, Ei=3.32meV, T=0.07K, B=0.0T w=-33.0deg",2025-10-24 05:30:45,2025-10-24 05:32:17,00:01:32,0.1,3.32,0.0,3.32,0.07,0.0,-33.0,/SNS/CNCS/IPTS-37274/nexus/CNCS_665291.nxs.h5
665290,108367,YbZn2GaO5,"YZGO, MAG9, Ei=3.32meV, T=0.07K, B=0.0T w=-33.5deg",2025-10-24 05:29:09,2025-10-24 05:30:41,00:01:32,0.1,3.32,0.0,3.32,0.07,0.0,-33.5,/SNS/CNCS/IPTS-37274/nexus/CNCS_665290.nxs.h5
665289,108367,YbZn2GaO5,"YZGO, MAG9, Ei=3.32meV, T=0.07K, B=0.0T w=-34.0deg",2025-10-24 05:27:33,2025-10-24 05:29:05,00:01:32,0.1,3.32,0.0,3.32,0.07,0.0,-34.0,/SNS/CNCS/IPTS-37274/nexus/CNCS_665289.nxs.h5
665288,108367,YbZn2GaO5,"YZGO, MAG9, Ei=3.32meV, T=0.07K, B=0.0T w=-34.5deg",2025-10-24 05:25:58,2025-10-24 05:27:30,00:01:32,0.1,3.32,0.0,3.32,0.07,0.0,-34.5,/SNS/CNCS/IPTS-37274/nexus/CNCS_665288.nxs.h5
665287,108367,YbZn2GaO5,"YZGO, MAG9, Ei=3.32meV, T=0.07K, B=0.0T w=-35.0deg",2025-10-24 05:24:22,2025-10-24 05:25:54,00:01:32,0.1,3.32,0.0,3.32,0.07,0.0,-35.0,/SNS/CNCS/IPTS-37274/nexus/CNCS_665287.nxs.h5
665286,108367,YbZn2GaO5,"YZGO, MAG9, Ei=3.32meV, T=0.07K, B=0.0T w=-35.5deg",2025-10-24 05:22:46,2025-10-24 05:24:18,00:01:32,0.1,3.32,0.0,3.32,0.07,0.0,-35.5,/SNS/CNCS/IPTS-37274/nexus/CNCS_665286.nxs.h5
665285,108367,YbZn2GaO5,"YZGO, MAG9, Ei=3.32meV, T=0.07K, B=0.0T w=-36.0deg",2025-10-24 05:21:10,2025-10-24 05:22:42,00:01:32,0.1,3.32,0.0,3.32,0.07,0.0,-36.0,/SNS/CNCS/IPTS-37274/nexus/CNCS_665285.nxs.h5
665284,108367,YbZn2GaO5,"YZGO, MAG9, Ei=3.32meV, T=0.07K, B=0.0T w=-36.5deg",2025-10-24 05:19:35,2025-10-24 05:21:07,00:01:32,0.1,3.32,0.0,3.32,0.07,0.0,-36.5,/SNS/CNCS/IPTS-37274/nexus/CNCS_665284.nxs.h5
665283,108367,YbZn2GaO5,"YZGO, MAG9, Ei=3.32meV, T=0.07K, B=0.0T w=-37.0deg",2025-10-24 05:17:59,2025-10-24 05:19:31,00:01:32,0.1,3.32,0.0,3.32,0.07,0.0,-37.0,/SNS/CNCS/IPTS-37274/nexus/CNCS_665283.nxs.h5
665282,108367,YbZn2GaO5,"YZGO, MAG9, Ei=3.32meV, T=0.07K, B=0.0T w=-37.5deg",2025-10-24 05:16:23,2025-10-24 05:17:55,00:01:32,0.1,3.32,0.0,3.32,0.07,0.0,-37.5,/SNS/CNCS/IPTS-37274/nexus/CNCS_665282.nxs.h5
665281,108367,YbZn2GaO5,"YZGO, MAG9, Ei=3.32meV, T=0.07K, B=0.0T w=-38.0deg",2025-10-24 05:14:48,2025-10-24 05:16:20,00:01:32,0.1,3.32,0.0,3.32,0.07,0.0,-38.0,/SNS/CNCS/IPTS-37274/nexus/CNCS_665281.nxs.h5
665280,108367,YbZn2GaO5,"YZGO, MAG9, Ei=3.32meV, T=0.07K, B=0.0T w=-38.5deg",2025-10-24 05:13:12,2025-10-24 05:14:44,00:01:32,0.1,3.32,0.0,3.32,0.07,0.0,-38.5,/SNS/CNCS/IPTS-37274/nexus/CNCS_665280.nxs.h5
665279,108367,YbZn2GaO5,"YZGO, MAG9, Ei=3.32meV, T=0.07K, B=0.0T w=-39.0deg",2025-10-24 05:11:36,2025-10-24 05:13:08,00:01:32,0.1,3.32,0.0,3.32,0.07,0.0,-39.0,/SNS/CNCS/IPTS-37274/nexus/CNCS_665279.nxs.h5
665278,108367,YbZn2GaO5,"YZGO, MAG9, Ei=3.32meV, T=0.07K, B=0.0T w=-39.5deg",2025-10-24 05:10:00,2025-10-24 05:11:33,00:01:32,0.1,3.32,0.0,3.32,0.07,0.0,-39.5,/SNS/CNCS/IPTS-37274/nexus/CNCS_665278.nxs.h5
665277,108367,YbZn2GaO5,"YZGO, MAG9, Ei=3.32meV, T=0.07K, B=0.0T w=-40.0deg",2025-10-24 05:08:25,2025-10-24 05:09:57,00:01:31,0.1,3.32,0.0,3.32,0.07,0.0,-40.0,/SNS/CNCS/IPTS-37274/nexus/CNCS_665277.nxs.h5
665276,108367,YbZn2GaO5,"YZGO, MAG9, Ei=3.32meV, T=0.07K, B=0.0T w=-40.5deg",2025-10-24 05:06:49,2025-10-24 05:08:21,00:01:32,0.1,3.32,0.0,3.32,0.07,0.0,-40.5,/SNS/CNCS/IPTS-37274/nexus/CNCS_665276.nxs.h5
665275,108367,YbZn2GaO5,"YZGO, MAG9, Ei=3.32meV, T=0.07K, B=0.0T w=-41.0deg",2025-10-24 05:05:14,2025-10-24 05:06:46,00:01:32,0.1,3.32,0.0,3.32,0.07,0.0,-41.0,/SNS/CNCS/IPTS-37274/nexus/CNCS_665275.nxs.h5
665274,108367,YbZn2GaO5,"YZGO, MAG9, Ei=3.32meV, T=0.07K, B=0.0T w=-41.5deg",2025-10-24 05:03:38,2025-10-24 05:05:10,00:01:32,0.1,3.32,0.0,3.32,0.07,0.0,-41.5,/SNS/CNCS/IPTS-37274/nexus/CNCS_665274.nxs.h5
665273,108367,YbZn2GaO5,"YZGO, MAG9, Ei=3.32meV, T=0.07K, B=0.0T w=-42.0deg",2025-10-24 05:02:02,2025-10-24 05:03:34,00:01:32,0.1,3.32,0.0,3.32,0.07,0.0,-42.0,/SNS/CNCS/IPTS-37274/nexus/CNCS_665273.nxs.h5
665272,108367,YbZn2GaO5,"YZGO, MAG9, Ei=3.32meV, T=0.07K, B=0.0T w=-42.5deg",2025-10-24 05:00:26,2025-10-24 05:01:59,00:01:32,0.1,3.32,0.0,3.32,0.07,0.0,-42.5,/SNS/CNCS/IPTS-37274/nexus/CNCS_665272.nxs.h5
665271,108367,YbZn2GaO5,"YZGO, MAG9, Ei=3.32meV, T=0.07K, B=0.0T w=-43.0deg",2025-10-24 04:58:51,2025-10-24 05:00:23,00:01:32,0.1,3.32,0.0,3.32,0.07,0.0,-43.0,/SNS/CNCS/IPTS-37274/nexus/CNCS_665271.nxs.h5
665270,108367,YbZn2GaO5,"YZGO, MAG9, Ei=3.32meV, T=0.07K, B=0.0T w=-43.5deg",2025-10-24 04:57:15,2025-10-24 04:58:47,00:01:32,0.1,3.32,0.0,3.32,0.07,0.0,-43.5,/SNS/CNCS/IPTS-37274/nexus/CNCS_665270.nxs.h5
665269,108367,YbZn2GaO5,"YZGO, MAG9, Ei=3.32meV, T=0.07K, B=0.0T w=-44.0deg",2025-10-24 04:55:39,2025-10-24 04:57:11,00:01:32,0.1,3.32,0.0,3.32,0.07,0.0,-44.0,/SNS/CNCS/IPTS-37274/nexus/CNCS_665269.nxs.h5
665268,108367,YbZn2GaO5,"YZGO, MAG9, Ei=3.32meV, T=0.07K, B=0.0T w=-44.5deg",2025-10-24 04:54:04,2025-10-24 04:55:36,00:01:31,0.1,3.32,0.0,3.32,0.07,0.0,-44.5,/SNS/CNCS/IPTS-37274/nexus/CNCS_665268.nxs.h5
665267,108367,YbZn2GaO5,"YZGO, MAG9, Ei=3.32meV, T=0.07K, B=0.0T w=-45.0deg",2025-10-24 04:52:28,2025-10-24 04:54:00,00:01:32,0.1,3.32,0.0,3.32,0.07,0.0,-45.0,/SNS/CNCS/IPTS-37274/nexus/CNCS_665267.nxs.h5
665266,108367,YbZn2GaO5,"YZGO, MAG9, Ei=3.32meV, T=0.07K, B=0.0T w=-45.5deg",2025-10-24 04:50:52,2025-10-24 04:52:25,00:01:32,0.1,3.32,0.0,3.32,0.07,0.0,-45.5,/SNS/CNCS/IPTS-37274/nexus/CNCS_665266.nxs.h5
665265,108367,YbZn2GaO5,"YZGO, MAG9, Ei=3.32meV, T=0.07K, B=0.0T w=-46.0deg",2025-10-24 04:49:16,2025-10-24 04:50:48,00:01:32,0.1,3.32,0.0,3.32,0.07,0.0,-46.0,/SNS/CNCS/IPTS-37274/nexus/CNCS_665265.nxs.h5
665264,108367,YbZn2GaO5,"YZGO, MAG9, Ei=3.32meV, T=0.07K, B=0.0T w=-46.5deg",2025-10-24 04:47:40,2025-10-24 04:49:12,00:01:32,0.1,3.32,0.0,3.32,0.07,0.0,-46.5,/SNS/CNCS/IPTS-37274/nexus/CNCS_665264.nxs.h5
665263,108367,YbZn2GaO5,"YZGO, MAG9, Ei=3.32meV, T=0.07K, B=0.0T w=-47.0deg",2025-10-24 04:46:04,2025-10-24 04:47:36,00:01:32,0.1,3.32,0.0,3.32,0.07,0.0,-47.0,/SNS/CNCS/IPTS-37274/nexus/CNCS_665263.nxs.h5
665262,108367,YbZn2GaO5,"YZGO, MAG9, Ei=3.32meV, T=0.07K, B=0.0T w=-47.5deg",2025-10-24 04:44:27,2025-10-24 04:46:01,00:01:34,0.1,3.32,0.0,3.32,0.07,0.0,-47.5,/SNS/CNCS/IPTS-37274/nexus/CNCS_665262.nxs.h5
665261,108367,YbZn2GaO5,"YZGO, MAG9, Ei=3.32meV, T=0.07K, B=0.0T w=-48.0deg",2025-10-24 04:42:23,2025-10-24 04:44:23,00:02:00,0.1,3.32,0.0,3.32,0.07,0.0,-48.0,/SNS/CNCS/IPTS-37274/nexus/CNCS_665261.nxs.h5
665260,108367,YbZn2GaO5,"YZGO, MAG9, Ei=3.32meV, T=0.07K, B=0.0T w=-48.5deg",2025-10-24 04:40:47,2025-10-24 04:42:19,00:01:32,0.1,3.32,0.0,3.32,0.07,0.0,-48.5,/SNS/CNCS/IPTS-37274/nexus/CNCS_665260.nxs.h5
665259,108367,YbZn2GaO5,"YZGO, MAG9, Ei=3.32meV, T=0.07K, B=0.0T w=-49.0deg",2025-10-24 04:39:11,2025-10-24 04:40:44,00:01:32,0.1,3.32,0.0,3.32,0.07,0.0,-49.0,/SNS/CNCS/IPTS-37274/nexus/CNCS_665259.nxs.h5
665258,108367,YbZn2GaO5,"YZGO, MAG9, Ei=3.32meV, T=0.07K, B=0.0T w=-49.5deg",2025-10-24 04:37:36,2025-10-24 04:39:08,00:01:31,0.1,3.32,0.0,3.32,0.07,0.0,-49.5,/SNS/CNCS/IPTS-37274/nexus/CNCS_665258.nxs.h5
665257,108367,YbZn2GaO5,"YZGO, MAG9, Ei=3.32meV, T=0.07K, B=0.0T w=-50.0deg",2025-10-24 04:36:00,2025-10-24 04:37:32,00:01:32,0.1,3.32,0.0,3.32,0.07,0.0,-50.0,/SNS/CNCS/IPTS-37274/nexus/CNCS_665257.nxs.h5
665256,108367,YbZn2GaO5,"YZGO, MAG9, Ei=3.32meV, T=0.07K, B=0.0T w=-50.5deg",2025-10-24 04:34:24,2025-10-24 04:35:56,00:01:32,0.1,3.32,0.0,3.32,0.07,0.0,-50.5,/SNS/CNCS/IPTS-37274/nexus/CNCS_665256.nxs.h5
665255,108367,YbZn2GaO5,"YZGO, MAG9, Ei=3.32meV, T=0.07K, B=0.0T w=-51.0deg",2025-10-24 04:32:49,2025-10-24 04:34:21,00:01:32,0.1,3.32,0.0,3.32,0.07,0.0,-51.0,/SNS/CNCS/IPTS-37274/nexus/CNCS_665255.nxs.h5
665254,108367,YbZn2GaO5,"YZGO, MAG9, Ei=3.32meV, T=0.07K, B=0.0T w=-51.5deg",2025-10-24 04:31:13,2025-10-24 04:32:45,00:01:32,0.1,3.32,0.0,3.32,0.07,0.0,-51.5,/SNS/CNCS/IPTS-37274/nexus/CNCS_665254.nxs.h5
665253,108367,YbZn2GaO5,"YZGO, MAG9, Ei=3.32meV, T=0.07K, B=0.0T w=-52.0deg",2025-10-24 04:29:37,2025-10-24 04:31:09,00:01:32,0.1,3.32,0.0,3.32,0.07,0.0,-52.0,/SNS/CNCS/IPTS-37274/nexus/CNCS_665253.nxs.h5
665252,108367,YbZn2GaO5,"YZGO, MAG9, Ei=3.32meV, T=0.07K, B=0.0T w=-52.5deg",2025-10-24 04:28:01,2025-10-24 04:29:34,00:01:32,0.1,3.32,0.0,3.32,0.07,0.0,-52.5,/SNS/CNCS/IPTS-37274/nexus/CNCS_665252.nxs.h5
665251,108367,YbZn2GaO5,"YZGO, MAG9, Ei=3.32meV, T=0.07K, B=0.0T w=-53.0deg",2025-10-24 04:26:25,2025-10-24 04:27:57,00:01:32,0.1,3.32,0.0,3.32,0.07,0.0,-53.0,/SNS/CNCS/IPTS-37274/nexus/CNCS_665251.nxs.h5
665250,108367,YbZn2GaO5,"YZGO, MAG9, Ei=3.32meV, T=0.07K, B=0.0T w=-53.5deg",2025-10-24 04:24:48,2025-10-24 04:26:22,00:01:33,0.1,3.32,0.0,3.32,0.07,0.0,-53.5,/SNS/CNCS/IPTS-37274/nexus/CNCS_665250.nxs.h5
665249,108367,YbZn2GaO5,"YZGO, MAG9, Ei=3.32meV, T=0.07K, B=0.0T w=-54.0deg",2025-10-24 04:23:12,2025-10-24 04:24:44,00:01:32,0.1,3.32,0.0,3.32,0.07,0.0,-54.0,/SNS/CNCS/IPTS-37274/nexus/CNCS_665249.nxs.h5
665248,108367,YbZn2GaO5,"YZGO, MAG9, Ei=3.32meV, T=0.07K, B=0.0T w=-54.5deg",2025-10-24 04:21:37,2025-10-24 04:23:09,00:01:32,0.1,3.32,0.0,3.32,0.07,0.0,-54.5,/SNS/CNCS/IPTS-37274/nexus/CNCS_665248.nxs.h5
665247,108367,YbZn2GaO5,"YZGO, MAG9, Ei=3.32meV, T=0.07K, B=0.0T w=-55.0deg",2025-10-24 04:20:01,2025-10-24 04:21:33,00:01:32,0.1,3.32,0.0,3.32,0.07,0.0,-55.0,/SNS/CNCS/IPTS-37274/nexus/CNCS_665247.nxs.h5
665246,108367,YbZn2GaO5,"YZGO, MAG9, Ei=3.32meV, T=0.07K, B=0.0T w=-55.5deg",2025-10-24 04:18:25,2025-10-24 04:19:57,00:01:32,0.1,3.32,0.0,3.32,0.07,0.0,-55.5,/SNS/CNCS/IPTS-37274/nexus/CNCS_665246.nxs.h5
665245,108367,YbZn2GaO5,"YZGO, MAG9, Ei=3.32meV, T=0.07K, B=0.0T w=-56.0deg",2025-10-24 04:16:49,2025-10-24 04:18:21,00:01:32,0.1,3.32,0.0,3.32,0.07,0.0,-56.0,/SNS/CNCS/IPTS-37274/nexus/CNCS_665245.nxs.h5
665244,108367,YbZn2GaO5,"YZGO, MAG9, Ei=3.32meV, T=0.07K, B=0.0T w=-56.5deg",2025-10-24 04:15:13,2025-10-24 04:16:45,00:01:32,0.1,3.32,0.0,3.32,0.07,0.0,-56.5,/SNS/CNCS/IPTS-37274/nexus/CNCS_665244.nxs.h5
665243,108367,YbZn2GaO5,"YZGO, MAG9, Ei=3.32meV, T=0.07K, B=0.0T w=-57.0deg",2025-10-24 04:13:37,2025-10-24 04:15:10,00:01:32,0.1,3.32,0.0,3.32,0.07,0.0,-57.0,/SNS/CNCS/IPTS-37274/nexus/CNCS_665243.nxs.h5
665242,108367,YbZn2GaO5,"YZGO, MAG9, Ei=3.32meV, T=0.07K, B=0.0T w=-57.5deg",2025-10-24 04:12:00,2025-10-24 04:13:33,00:01:33,0.1,3.32,0.0,3.32,0.07,0.0,-57.5,/SNS/CNCS/IPTS-37274/nexus/CNCS_665242.nxs.h5
665241,108367,YbZn2GaO5,"YZGO, MAG9, Ei=3.32meV, T=0.07K, B=0.0T w=-58.0deg",2025-10-24 03:47:28,2025-10-24 04:11:57,00:24:29,0.12,3.32,0.0,3.32,0.07,0.0,-58.0,/SNS/CNCS/IPTS-37274/nexus/CNCS_665241.nxs.h5
665240,108367,YbZn2GaO5,"YZGO, MAG9, Ei=3.32meV, T=0.07K, B=0.0T w=-58.5deg",2025-10-24 03:45:52,2025-10-24 03:47:24,00:01:32,0.1,3.32,0.0,3.32,0.07,0.0,-58.5,/SNS/CNCS/IPTS-37274/nexus/CNCS_665240.nxs.h5
665239,108367,YbZn2GaO5,"YZGO, MAG9, Ei=3.32meV, T=0.07K, B=0.0T w=-59.0deg",2025-10-24 03:44:15,2025-10-24 03:45:48,00:01:32,0.1,3.32,0.0,3.32,0.07,0.0,-59.0,/SNS/CNCS/IPTS-37274/nexus/CNCS_665239.nxs.h5
665238,108367,YbZn2GaO5,"YZGO, MAG9, Ei=3.32meV, T=0.07K, B=0.0T w=-59.5deg",2025-10-24 03:42:40,2025-10-24 03:44:12,00:01:32,0.1,3.32,0.0,3.32,0.07,0.0,-59.5,/SNS/CNCS/IPTS-37274/nexus/CNCS_665238.nxs.h5
665237,108367,YbZn2GaO5,"YZGO, MAG9, Ei=3.32meV, T=0.07K, B=0.0T w=-60.0deg",2025-10-24 03:41:04,2025-10-24 03:42:36,00:01:32,0.1,3.32,0.0,3.32,0.07,0.0,-60.0,/SNS/CNCS/IPTS-37274/nexus/CNCS_665237.nxs.h5
665236,108367,YbZn2GaO5,"YZGO, MAG9, Ei=3.32meV, T=0.07K, B=0.0T w=-60.5deg",2025-10-24 03:39:28,2025-10-24 03:41:00,00:01:32,0.1,3.32,0.0,3.32,0.07,0.0,-60.5,/SNS/CNCS/IPTS-37274/nexus/CNCS_665236.nxs.h5
665235,108367,YbZn2GaO5,"YZGO, MAG9, Ei=3.32meV, T=0.07K, B=0.0T w=-61.0deg",2025-10-24 03:37:52,2025-10-24 03:39:24,00:01:32,0.1,3.32,0.0,3.32,0.07,0.0,-61.0,/SNS/CNCS/IPTS-37274/nexus/CNCS_665235.nxs.h5
665234,108367,YbZn2GaO5,"YZGO, MAG9, Ei=3.32meV, T=0.07K, B=0.0T w=-61.5deg",2025-10-24 03:36:15,2025-10-24 03:37:48,00:01:32,0.1,3.32,0.0,3.32,0.07,0.0,-61.5,/SNS/CNCS/IPTS-37274/nexus/CNCS_665234.nxs.h5
665233,108367,YbZn2GaO5,"YZGO, MAG9, Ei=3.32meV, T=0.07K, B=0.0T w=-62.0deg",2025-10-24 03:34:39,2025-10-24 03:36:12,00:01:32,0.1,3.32,0.0,3.32,0.07,0.0,-62.0,/SNS/CNCS/IPTS-37274/nexus/CNCS_665233.nxs.h5
665232,108367,YbZn2GaO5,"YZGO, MAG9, Ei=3.32meV, T=0.07K, B=0.0T w=-62.5deg",2025-10-24 03:33:03,2025-10-24 03:34:36,00:01:32,0.1,3.32,0.0,3.32,0.07,0.0,-62.5,/SNS/CNCS/IPTS-37274/nexus/CNCS_665232.nxs.h5
665231,108367,YbZn2GaO5,"YZGO, MAG9, Ei=3.32meV, T=0.07K, B=0.0T w=-63.0deg",2025-10-24 03:31:27,2025-10-24 03:33:00,00:01:32,0.1,3.32,0.0,3.32,0.07,0.0,-63.0,/SNS/CNCS/IPTS-37274/nexus/CNCS_665231.nxs.h5
665230,108367,YbZn2GaO5,"YZGO, MAG9, Ei=3.32meV, T=0.07K, B=0.0T w=-63.5deg",2025-10-24 03:29:51,2025-10-24 03:31:23,00:01:32,0.1,3.32,0.0,3.32,0.07,0.0,-63.5,/SNS/CNCS/IPTS-37274/nexus/CNCS_665230.nxs.h5
665229,108367,YbZn2GaO5,"YZGO, MAG9, Ei=3.32meV, T=0.07K, B=0.0T w=-64.0deg",2025-10-24 03:28:14,2025-10-24 03:29:47,00:01:32,0.1,3.32,0.0,3.32,0.07,0.0,-64.0,/SNS/CNCS/IPTS-37274/nexus/CNCS_665229.nxs.h5
665228,108367,YbZn2GaO5,"YZGO, MAG9, Ei=3.32meV, T=0.07K, B=0.0T w=-64.5deg",2025-10-24 03:26:38,2025-10-24 03:28:11,00:01:32,0.1,3.32,0.0,3.32,0.07,0.0,-64.5,/SNS/CNCS/IPTS-37274/nexus/CNCS_665228.nxs.h5
665227,108367,YbZn2GaO5,"YZGO, MAG9, Ei=3.32meV, T=0.07K, B=0.0T w=-65.0deg",2025-10-24 03:25:02,2025-10-24 03:26:35,00:01:32,0.1,3.32,0.0,3.32,0.07,0.0,-65.0,/SNS/CNCS/IPTS-37274/nexus/CNCS_665227.nxs.h5
665226,108367,YbZn2GaO5,"YZGO, MAG9, Ei=3.32meV, T=0.07K, B=0.0T w=-65.5deg",2025-10-24 03:23:26,2025-10-24 03:24:58,00:01:32,0.1,3.32,0.0,3.32,0.07,0.0,-65.5,/SNS/CNCS/IPTS-37274/nexus/CNCS_665226.nxs.h5
665225,108367,YbZn2GaO5,"YZGO, MAG9, Ei=3.32meV, T=0.07K, B=0.0T w=-66.0deg",2025-10-24 03:21:50,2025-10-24 03:23:22,00:01:32,0.1,3.32,0.0,3.32,0.07,0.0,-66.0,/SNS/CNCS/IPTS-37274/nexus/CNCS_665225.nxs.h5
665224,108367,YbZn2GaO5,"YZGO, MAG9, Ei=3.32meV, T=0.07K, B=0.0T w=-66.5deg",2025-10-24 03:20:13,2025-10-24 03:21:46,00:01:32,0.1,3.32,0.0,3.32,0.07,0.0,-66.5,/SNS/CNCS/IPTS-37274/nexus/CNCS_665224.nxs.h5
665223,108367,YbZn2GaO5,"YZGO, MAG9, Ei=3.32meV, T=0.07K, B=0.0T w=-67.0deg",2025-10-24 03:18:37,2025-10-24 03:20:10,00:01:32,0.1,3.32,0.0,3.32,0.07,0.0,-67.0,/SNS/CNCS/IPTS-37274/nexus/CNCS_665223.nxs.h5
665222,108367,YbZn2GaO5,"YZGO, MAG9, Ei=3.32meV, T=0.07K, B=0.0T w=-67.5deg",2025-10-24 03:17:02,2025-10-24 03:18:34,00:01:32,0.1,3.32,0.0,3.32,0.07,0.0,-67.5,/SNS/CNCS/IPTS-37274/nexus/CNCS_665222.nxs.h5
665221,108367,YbZn2GaO5,"YZGO, MAG9, Ei=3.32meV, T=0.07K, B=0.0T w=-68.0deg",2025-10-24 03:15:26,2025-10-24 03:16:58,00:01:32,0.1,3.32,0.0,3.32,0.07,0.0,-68.0,/SNS/CNCS/IPTS-37274/nexus/CNCS_665221.nxs.h5
665220,108367,YbZn2GaO5,"YZGO, MAG9, Ei=3.32meV, T=0.07K, B=0.0T w=-68.5deg",2025-10-24 03:13:50,2025-10-24 03:15:22,00:01:32,0.1,3.32,0.0,3.32,0.07,0.0,-68.5,/SNS/CNCS/IPTS-37274/nexus/CNCS_665220.nxs.h5
665219,108367,YbZn2GaO5,"YZGO, MAG9, Ei=3.32meV, T=0.07K, B=0.0T w=-69.0deg",2025-10-24 03:12:14,2025-10-24 03:13:46,00:01:32,0.1,3.32,0.0,3.32,0.07,0.0,-69.0,/SNS/CNCS/IPTS-37274/nexus/CNCS_665219.nxs.h5
665218,108367,YbZn2GaO5,"YZGO, MAG9, Ei=3.32meV, T=0.07K, B=0.0T w=-69.5deg",2025-10-24 03:10:39,2025-10-24 03:12:11,00:01:32,0.1,3.32,0.0,3.32,0.07,0.0,-69.5,/SNS/CNCS/IPTS-37274/nexus/CNCS_665218.nxs.h5
665217,108367,YbZn2GaO5,"YZGO, MAG9, Ei=3.32meV, T=0.07K, B=0.0T w=-70.0deg",2025-10-24 03:09:03,2025-10-24 03:10:35,00:01:32,0.1,3.32,0.0,3.32,0.07,0.0,-70.0,/SNS/CNCS/IPTS-37274/nexus/CNCS_665217.nxs.h5
665216,108367,YbZn2GaO5,"YZGO, MAG9, Ei=3.32meV, T=0.07K, B=0.0T w=-70.5deg",2025-10-24 03:07:27,2025-10-24 03:08:59,00:01:31,0.1,3.32,0.0,3.32,0.07,0.0,-70.5,/SNS/CNCS/IPTS-37274/nexus/CNCS_665216.nxs.h5
665215,108367,YbZn2GaO5,"YZGO, MAG9, Ei=3.32meV, T=0.07K, B=0.0T w=-71.0deg",2025-10-24 03:05:52,2025-10-24 03:07:24,00:01:32,0.1,3.32,0.0,3.32,0.07,0.0,-71.0,/SNS/CNCS/IPTS-37274/nexus/CNCS_665215.nxs.h5
665214,108367,YbZn2GaO5,"YZGO, MAG9, Ei=3.32meV, T=0.07K, B=0.0T w=-71.5deg",2025-10-24 03:04:16,2025-10-24 03:05:48,00:01:32,0.1,3.32,0.0,3.32,0.07,0.0,-71.5,/SNS/CNCS/IPTS-37274/nexus/CNCS_665214.nxs.h5
665213,108367,YbZn2GaO5,"YZGO, MAG9, Ei=3.32meV, T=0.07K, B=0.0T w=-72.0deg",2025-10-24 03:02:40,2025-10-24 03:04:12,00:01:31,0.1,3.32,0.0,3.32,0.07,0.0,-72.0,/SNS/CNCS/IPTS-37274/nexus/CNCS_665213.nxs.h5
665212,108367,YbZn2GaO5,"YZGO, MAG9, Ei=3.32meV, T=0.07K, B=0.0T w=-72.5deg",2025-10-24 03:01:05,2025-10-24 03:02:37,00:01:31,0.1,3.32,0.0,3.32,0.07,0.0,-72.5,/SNS/CNCS/IPTS-37274/nexus/CNCS_665212.nxs.h5
665211,108367,YbZn2GaO5,"YZGO, MAG9, Ei=3.32meV, T=0.07K, B=0.0T w=-73.0deg",2025-10-24 02:59:29,2025-10-24 03:01:01,00:01:32,0.1,3.32,0.0,3.32,0.07,0.0,-73.0,/SNS/CNCS/IPTS-37274/nexus/CNCS_665211.nxs.h5
665210,108367,YbZn2GaO5,"YZGO, MAG9, Ei=3.32meV, T=0.07K, B=0.0T w=-73.5deg",2025-10-24 02:57:53,2025-10-24 02:59:25,00:01:31,0.1,3.32,0.0,3.32,0.07,0.0,-73.5,/SNS/CNCS/IPTS-37274/nexus/CNCS_665210.nxs.h5
665209,108367,YbZn2GaO5,"YZGO, MAG9, Ei=3.32meV, T=0.07K, B=0.0T w=-74.0deg",2025-10-24 02:56:18,2025-10-24 02:57:50,00:01:31,0.1,3.32,0.0,3.32,0.07,0.0,-74.0,/SNS/CNCS/IPTS-37274/nexus/CNCS_665209.nxs.h5
665208,108367,YbZn2GaO5,"YZGO, MAG9, Ei=3.32meV, T=0.07K, B=0.0T w=-74.5deg",2025-10-24 02:54:42,2025-10-24 02:56:14,00:01:32,0.1,3.32,0.0,3.32,0.07,0.0,-74.5,/SNS/CNCS/IPTS-37274/nexus/CNCS_665208.nxs.h5
665207,108367,YbZn2GaO5,"YZGO, MAG9, Ei=3.32meV, T=0.07K, B=0.0T w=-75.0deg",2025-10-24 02:53:06,2025-10-24 02:54:38,00:01:32,0.1,3.32,0.0,3.32,0.07,0.0,-75.0,/SNS/CNCS/IPTS-37274/nexus/CNCS_665207.nxs.h5
665206,108367,YbZn2GaO5,"YZGO, MAG9, Ei=3.32meV, T=0.07K, B=0.0T w=-75.5deg",2025-10-24 02:51:30,2025-10-24 02:53:03,00:01:32,0.1,3.32,0.0,3.32,0.07,0.0,-75.5,/SNS/CNCS/IPTS-37274/nexus/CNCS_665206.nxs.h5
665205,108367,YbZn2GaO5,"YZGO, MAG9, Ei=3.32meV, T=0.07K, B=0.0T w=-76.0deg",2025-10-24 02:49:54,2025-10-24 02:51:27,00:01:32,0.1,3.32,0.0,3.32,0.07,0.0,-76.0,/SNS/CNCS/IPTS-37274/nexus/CNCS_665205.nxs.h5
665204,108367,YbZn2GaO5,"YZGO, MAG9, Ei=3.32meV, T=0.07K, B=0.0T w=-76.5deg",2025-10-24 02:43:50,2025-10-24 02:49:51,00:06:00,0.1,3.32,0.0,3.32,0.07,0.0,-76.5,/SNS/CNCS/IPTS-37274/nexus/CNCS_665204.nxs.h5
665203,108367,YbZn2GaO5,"YZGO, MAG9, Ei=3.32meV, T=0.07K, B=0.0T w=-77.0deg",2025-10-24 02:42:14,2025-10-24 02:43:46,00:01:32,0.1,3.32,0.0,3.32,0.07,0.0,-77.0,/SNS/CNCS/IPTS-37274/nexus/CNCS_665203.nxs.h5
665202,108367,YbZn2GaO5,"YZGO, MAG9, Ei=3.32meV, T=0.07K, B=0.0T w=-77.5deg",2025-10-24 02:40:39,2025-10-24 02:42:11,00:01:32,0.1,3.32,0.0,3.32,0.07,0.0,-77.5,/SNS/CNCS/IPTS-37274/nexus/CNCS_665202.nxs.h5
665201,108367,YbZn2GaO5,"YZGO, MAG9, Ei=3.32meV, T=0.07K, B=0.0T w=-78.0deg",2025-10-24 02:39:03,2025-10-24 02:40:35,00:01:32,0.1,3.32,0.0,3.32,0.07,0.0,-78.0,/SNS/CNCS/IPTS-37274/nexus/CNCS_665201.nxs.h5
665200,108367,YbZn2GaO5,"YZGO, MAG9, Ei=3.32meV, T=0.07K, B=0.0T w=-78.5deg",2025-10-24 02:37:27,2025-10-24 02:38:59,00:01:32,0.1,3.32,0.0,3.32,0.07,0.0,-78.5,/SNS/CNCS/IPTS-37274/nexus/CNCS_665200.nxs.h5
665199,108367,YbZn2GaO5,"YZGO, MAG9, Ei=3.32meV, T=0.07K, B=0.0T w=-79.0deg",2025-10-24 02:35:51,2025-10-24 02:37:24,00:01:32,0.1,3.32,0.0,3.32,0.07,0.0,-79.0,/SNS/CNCS/IPTS-37274/nexus/CNCS_665199.nxs.h5
665198,108367,YbZn2GaO5,"YZGO, MAG9, Ei=3.32meV, T=0.07K, B=0.0T w=-79.5deg",2025-10-24 02:34:16,2025-10-24 02:35:48,00:01:32,0.1,3.32,0.0,3.32,0.07,0.0,-79.5,/SNS/CNCS/IPTS-37274/nexus/CNCS_665198.nxs.h5
665197,108367,YbZn2GaO5,"YZGO, MAG9, Ei=3.32meV, T=0.07K, B=0.0T w=-80.0deg",2025-10-24 02:32:40,2025-10-24 02:34:12,00:01:32,0.1,3.32,0.0,3.32,0.07,0.0,-80.0,/SNS/CNCS/IPTS-37274/nexus/CNCS_665197.nxs.h5
665196,108367,YbZn2GaO5,"YZGO, MAG9, Ei=3.32meV, T=0.07K, B=0.0T w=-80.5deg",2025-10-24 02:30:20,2025-10-24 02:32:36,00:02:16,0.1,3.32,0.0,3.32,0.07,0.0,-80.5,/SNS/CNCS/IPTS-37274/nexus/CNCS_665196.nxs.h5
665195,108367,YbZn2GaO5,"YZGO, MAG9, Ei=3.32meV, T=0.07K, B=0.0T w=-81.0deg",2025-10-24 02:28:44,2025-10-24 02:30:17,00:01:32,0.1,3.32,0.0,3.32,0.07,0.0,-81.0,/SNS/CNCS/IPTS-37274/nexus/CNCS_665195.nxs.h5
665194,108367,YbZn2GaO5,"YZGO, MAG9, Ei=3.32meV, T=0.07K, B=0.0T w=-81.5deg",2025-10-24 02:27:09,2025-10-24 02:28:41,00:01:32,0.1,3.32,0.0,3.32,0.07,0.0,-81.5,/SNS/CNCS/IPTS-37274/nexus/CNCS_665194.nxs.h5
665193,108367,YbZn2GaO5,"YZGO, MAG9, Ei=3.32meV, T=0.07K, B=0.0T w=-82.0deg",2025-10-24 02:25:33,2025-10-24 02:27:05,00:01:32,0.1,3.32,0.0,3.32,0.07,0.0,-82.0,/SNS/CNCS/IPTS-37274/nexus/CNCS_665193.nxs.h5
665192,108367,YbZn2GaO5,"YZGO, MAG9, Ei=3.32meV, T=0.07K, B=0.0T w=-82.5deg",2025-10-24 02:23:57,2025-10-24 02:25:30,00:01:32,0.1,3.32,0.0,3.32,0.07,0.0,-82.5,/SNS/CNCS/IPTS-37274/nexus/CNCS_665192.nxs.h5
665191,108367,YbZn2GaO5,"YZGO, MAG9, Ei=3.32meV, T=0.07K, B=0.0T w=-83.0deg",2025-10-24 02:22:21,2025-10-24 02:23:53,00:01:32,0.1,3.32,0.0,3.32,0.07,0.0,-83.0,/SNS/CNCS/IPTS-37274/nexus/CNCS_665191.nxs.h5
665190,108367,YbZn2GaO5,"YZGO, MAG9, Ei=3.32meV, T=0.07K, B=0.0T w=-83.5deg",2025-10-24 02:20:45,2025-10-24 02:22:18,00:01:32,0.1,3.32,0.0,3.32,0.07,0.0,-83.5,/SNS/CNCS/IPTS-37274/nexus/CNCS_665190.nxs.h5
665189,108367,YbZn2GaO5,"YZGO, MAG9, Ei=3.32meV, T=0.07K, B=0.0T w=-84.0deg",2025-10-24 02:19:10,2025-10-24 02:20:42,00:01:31,0.1,3.32,0.0,3.32,0.07,0.0,-84.0,/SNS/CNCS/IPTS-37274/nexus/CNCS_665189.nxs.h5
665188,108367,YbZn2GaO5,"YZGO, MAG9, Ei=3.32meV, T=0.07K, B=0.0T w=-84.5deg",2025-10-24 02:17:34,2025-10-24 02:19:06,00:01:32,0.1,3.32,0.0,3.32,0.07,0.0,-84.5,/SNS/CNCS/IPTS-37274/nexus/CNCS_665188.nxs.h5
665187,108367,YbZn2GaO5,"YZGO, MAG9, Ei=3.32meV, T=0.07K, B=0.0T w=-85.0deg",2025-10-24 02:15:58,2025-10-24 02:17:31,00:01:32,0.1,3.32,0.0,3.32,0.07,0.0,-85.0,/SNS/CNCS/IPTS-37274/nexus/CNCS_665187.nxs.h5
665186,108367,YbZn2GaO5,"YZGO, MAG9, Ei=3.32meV, T=0.07K, B=0.0T w=-85.5deg",2025-10-24 02:14:21,2025-10-24 02:15:54,00:01:33,0.1,3.32,0.0,3.32,0.07,0.0,-85.5,/SNS/CNCS/IPTS-37274/nexus/CNCS_665186.nxs.h5
665185,108367,YbZn2GaO5,"YZGO, MAG9, Ei=3.32meV, T=0.07K, B=0.0T w=-86.0deg",2025-10-24 02:12:46,2025-10-24 02:14:18,00:01:32,0.1,3.32,0.0,3.32,0.07,0.0,-86.0,/SNS/CNCS/IPTS-37274/nexus/CNCS_665185.nxs.h5
665184,108367,YbZn2GaO5,"YZGO, MAG9, Ei=3.32meV, T=0.07K, B=0.0T w=-86.5deg",2025-10-24 02:11:10,2025-10-24 02:12:42,00:01:32,0.1,3.32,0.0,3.32,0.07,0.0,-86.5,/SNS/CNCS/IPTS-37274/nexus/CNCS_665184.nxs.h5
665183,108367,YbZn2GaO5,"YZGO, MAG9, Ei=3.32meV, T=0.07K, B=0.0T w=-87.0deg",2025-10-24 02:09:34,2025-10-24 02:11:06,00:01:32,0.1,3.32,0.0,3.32,0.07,0.0,-87.0,/SNS/CNCS/IPTS-37274/nexus/CNCS_665183.nxs.h5
665182,108367,YbZn2GaO5,"YZGO, MAG9, Ei=3.32meV, T=0.07K, B=0.0T w=-87.5deg",2025-10-24 02:07:58,2025-10-24 02:09:31,00:01:32,0.1,3.32,0.0,3.32,0.07,0.0,-87.5,/SNS/CNCS/IPTS-37274/nexus/CNCS_665182.nxs.h5
665181,108367,YbZn2GaO5,"YZGO, MAG9, Ei=3.32meV, T=0.07K, B=0.0T w=-88.0deg",2025-10-24 02:06:23,2025-10-24 02:07:55,00:01:32,0.1,3.32,0.0,3.32,0.07,0.0,-88.0,/SNS/CNCS/IPTS-37274/nexus/CNCS_665181.nxs.h5
665180,108367,YbZn2GaO5,"YZGO, MAG9, Ei=3.32meV, T=0.07K, B=0.0T w=-88.5deg",2025-10-24 02:04:47,2025-10-24 02:06:19,00:01:32,0.1,3.32,0.0,3.32,0.07,0.0,-88.5,/SNS/CNCS/IPTS-37274/nexus/CNCS_665180.nxs.h5
665179,108367,YbZn2GaO5,"YZGO, MAG9, Ei=3.32meV, T=0.07K, B=0.0T w=-89.0deg",2025-10-24 02:03:11,2025-10-24 02:04:43,00:01:32,0.1,3.32,0.0,3.32,0.07,0.0,-89.0,/SNS/CNCS/IPTS-37274/nexus/CNCS_665179.nxs.h5
665178,108367,YbZn2GaO5,"YZGO, MAG9, Ei=3.32meV, T=0.07K, B=0.0T w=-89.5deg",2025-10-24 02:01:34,2025-10-24 02:03:08,00:01:33,0.1,3.32,0.0,3.32,0.07,0.0,-89.5,/SNS/CNCS/IPTS-37274/nexus/CNCS_665178.nxs.h5
665177,108367,YbZn2GaO5,"YZGO, MAG9, Ei=3.32meV, T=0.07K, B=0.0T w=-90.0deg",2025-10-24 01:59:58,2025-10-24 02:01:31,00:01:32,0.1,3.32,0.0,3.32,0.07,0.0,-90.0,/SNS/CNCS/IPTS-37274/nexus/CNCS_665177.nxs.h5
665176,108367,YbZn2GaO5,"YZGO, MAG9, Ei=3.32meV, T=0.07K, B=0.0T w=-90.5deg",2025-10-24 01:58:23,2025-10-24 01:59:55,00:01:32,0.1,3.32,0.0,3.32,0.07,0.0,-90.5,/SNS/CNCS/IPTS-37274/nexus/CNCS_665176.nxs.h5
665175,108367,YbZn2GaO5,"YZGO, MAG9, Ei=3.32meV, T=0.07K, B=0.0T w=-91.0deg",2025-10-24 01:56:47,2025-10-24 01:58:19,00:01:32,0.1,3.32,0.0,3.32,0.07,0.0,-91.0,/SNS/CNCS/IPTS-37274/nexus/CNCS_665175.nxs.h5
665174,108367,YbZn2GaO5,"YZGO, MAG9, Ei=3.32meV, T=0.07K, B=0.0T w=-91.5deg",2025-10-24 01:55:11,2025-10-24 01:56:43,00:01:32,0.1,3.32,0.0,3.32,0.07,0.0,-91.5,/SNS/CNCS/IPTS-37274/nexus/CNCS_665174.nxs.h5
665173,108367,YbZn2GaO5,"YZGO, MAG9, Ei=3.32meV, T=0.07K, B=0.0T w=-92.0deg",2025-10-24 01:53:35,2025-10-24 01:55:07,00:01:32,0.1,3.32,0.0,3.32,0.07,0.0,-92.0,/SNS/CNCS/IPTS-37274/nexus/CNCS_665173.nxs.h5
665172,108367,YbZn2GaO5,"YZGO, MAG9, Ei=3.32meV, T=0.07K, B=0.0T w=-92.5deg",2025-10-24 01:52:00,2025-10-24 01:53:32,00:01:32,0.1,3.32,0.0,3.32,0.07,0.0,-92.5,/SNS/CNCS/IPTS-37274/nexus/CNCS_665172.nxs.h5
665171,108367,YbZn2GaO5,"YZGO, MAG9, Ei=3.32meV, T=0.07K, B=0.0T w=-93.0deg",2025-10-24 01:50:24,2025-10-24 01:51:56,00:01:32,0.1,3.32,0.0,3.32,0.07,0.0,-93.0,/SNS/CNCS/IPTS-37274/nexus/CNCS_665171.nxs.h5
665170,108367,YbZn2GaO5,"YZGO, MAG9, Ei=3.32meV, T=0.07K, B=0.0T w=-93.5deg",2025-10-24 01:48:48,2025-10-24 01:50:20,00:01:32,0.1,3.32,0.0,3.32,0.07,0.0,-93.5,/SNS/CNCS/IPTS-37274/nexus/CNCS_665170.nxs.h5
665169,108367,YbZn2GaO5,"YZGO, MAG9, Ei=3.32meV, T=0.07K, B=0.0T w=-94.0deg",2025-10-24 01:47:12,2025-10-24 01:48:45,00:01:32,0.1,3.32,0.0,3.32,0.07,0.0,-94.0,/SNS/CNCS/IPTS-37274/nexus/CNCS_665169.nxs.h5
665168,108367,YbZn2GaO5,"YZGO, MAG9, Ei=3.32meV, T=0.07K, B=0.0T w=-94.5deg",2025-10-24 01:45:36,2025-10-24 01:47:08,00:01:32,0.1,3.32,0.0,3.32,0.07,0.0,-94.5,/SNS/CNCS/IPTS-37274/nexus/CNCS_665168.nxs.h5
665167,108367,YbZn2GaO5,"YZGO, MAG9, Ei=3.32meV, T=0.07K, B=0.0T w=-95.0deg",2025-10-24 01:44:00,2025-10-24 01:45:32,00:01:32,0.1,3.32,0.0,3.32,0.07,0.0,-95.0,/SNS/CNCS/IPTS-37274/nexus/CNCS_665167.nxs.h5
665166,108367,YbZn2GaO5,"YZGO, MAG9, Ei=3.32meV, T=0.07K, B=0.0T w=-95.5deg",2025-10-24 01:42:24,2025-10-24 01:43:57,00:01:32,0.1,3.32,0.0,3.32,0.07,0.0,-95.5,/SNS/CNCS/IPTS-37274/nexus/CNCS_665166.nxs.h5
665165,108367,YbZn2GaO5,"YZGO, MAG9, Ei=3.32meV, T=0.07K, B=0.0T w=-96.0deg",2025-10-24 01:40:48,2025-10-24 01:42:21,00:01:32,0.1,3.32,0.0,3.32,0.07,0.0,-96.0,/SNS/CNCS/IPTS-37274/nexus/CNCS_665165.nxs.h5
665164,108367,YbZn2GaO5,"YZGO, MAG9, Ei=3.32meV, T=0.07K, B=0.0T w=-96.5deg",2025-10-24 01:39:12,2025-10-24 01:40:45,00:01:32,0.1,3.32,0.0,3.32,0.07,0.0,-96.5,/SNS/CNCS/IPTS-37274/nexus/CNCS_665164.nxs.h5
665163,108367,YbZn2GaO5,"YZGO, MAG9, Ei=3.32meV, T=0.07K, B=0.0T w=-97.0deg",2025-10-24 01:37:36,2025-10-24 01:39:08,00:01:32,0.1,3.32,0.0,3.32,0.07,0.0,-97.0,/SNS/CNCS/IPTS-37274/nexus/CNCS_665163.nxs.h5
665162,108367,YbZn2GaO5,"YZGO, MAG9, Ei=3.32meV, T=0.07K, B=0.0T w=-97.5deg",2025-10-24 01:36:00,2025-10-24 01:37:33,00:01:32,0.1,3.32,0.0,3.32,0.07,0.0,-97.5,/SNS/CNCS/IPTS-37274/nexus/CNCS_665162.nxs.h5
665161,108367,YbZn2GaO5,"YZGO, MAG9, Ei=3.32meV, T=0.07K, B=0.0T w=-98.0deg",2025-10-24 01:34:24,2025-10-24 01:35:57,00:01:32,0.1,3.32,0.0,3.32,0.07,0.0,-98.0,/SNS/CNCS/IPTS-37274/nexus/CNCS_665161.nxs.h5
665160,108367,YbZn2GaO5,"YZGO, MAG9, Ei=3.32meV, T=0.07K, B=0.0T w=-98.5deg",2025-10-24 01:32:48,2025-10-24 01:34:20,00:01:32,0.1,3.32,0.0,3.32,0.07,0.0,-98.5,/SNS/CNCS/IPTS-37274/nexus/CNCS_665160.nxs.h5
665159,108367,YbZn2GaO5,"YZGO, MAG9, Ei=3.32meV, T=0.07K, B=0.0T w=-99.0deg",2025-10-24 01:31:12,2025-10-24 01:32:44,00:01:32,0.1,3.32,0.0,3.32,0.07,0.0,-99.0,/SNS/CNCS/IPTS-37274/nexus/CNCS_665159.nxs.h5
665158,108367,YbZn2GaO5,"YZGO, MAG9, Ei=3.32meV, T=0.07K, B=0.0T w=-99.5deg",2025-10-24 01:29:36,2025-10-24 01:31:08,00:01:32,0.1,3.32,0.0,3.32,0.07,0.0,-99.5,/SNS/CNCS/IPTS-37274/nexus/CNCS_665158.nxs.h5
665157,108367,YbZn2GaO5,"YZGO, MAG9, Ei=3.32meV, T=0.07K, B=0.0T w=-100.0deg",2025-10-24 01:28:00,2025-10-24 01:29:32,00:01:32,0.1,3.32,0.0,3.32,0.07,0.0,-100.0,/SNS/CNCS/IPTS-37274/nexus/CNCS_665157.nxs.h5
665156,108367,YbZn2GaO5,"YZGO, MAG9, Ei=3.32meV, T=0.07K, B=0.0T w=-100.5deg",2025-10-24 01:26:25,2025-10-24 01:27:57,00:01:31,0.1,3.32,0.0,3.32,0.07,0.0,-100.5,/SNS/CNCS/IPTS-37274/nexus/CNCS_665156.nxs.h5
665155,108367,YbZn2GaO5,"YZGO, MAG9, Ei=3.32meV, T=0.07K, B=0.0T w=-101.0deg",2025-10-24 01:24:49,2025-10-24 01:26:21,00:01:31,0.1,3.32,0.0,3.32,0.07,0.0,-101.0,/SNS/CNCS/IPTS-37274/nexus/CNCS_665155.nxs.h5
665154,108367,YbZn2GaO5,"YZGO, MAG9, Ei=3.32meV, T=0.07K, B=0.0T w=-101.5deg",2025-10-24 01:23:14,2025-10-24 01:24:46,00:01:32,0.1,3.32,0.0,3.32,0.07,0.0,-101.5,/SNS/CNCS/IPTS-37274/nexus/CNCS_665154.nxs.h5
665153,108367,YbZn2GaO5,"YZGO, MAG9, Ei=3.32meV, T=0.07K, B=0.0T w=-102.0deg",2025-10-24 01:21:38,2025-10-24 01:23:10,00:01:31,0.1,3.32,0.0,3.32,0.07,0.0,-102.0,/SNS/CNCS/IPTS-37274/nexus/CNCS_665153.nxs.h5
665152,108367,YbZn2GaO5,"YZGO, MAG9, Ei=3.32meV, T=0.07K, B=0.0T w=-102.5deg",2025-10-24 01:20:03,2025-10-24 01:21:35,00:01:31,0.1,3.32,0.0,3.32,0.07,0.0,-102.5,/SNS/CNCS/IPTS-37274/nexus/CNCS_665152.nxs.h5
665151,108367,YbZn2GaO5,"YZGO, MAG9, Ei=3.32meV, T=0.07K, B=0.0T w=-103.0deg",2025-10-24 01:18:27,2025-10-24 01:19:59,00:01:31,0.1,3.32,0.0,3.32,0.07,0.0,-103.0,/SNS/CNCS/IPTS-37274/nexus/CNCS_665151.nxs.h5
665150,108367,YbZn2GaO5,"YZGO, MAG9, Ei=3.32meV, T=0.07K, B=0.0T w=-103.5deg",2025-10-24 01:16:52,2025-10-24 01:18:24,00:01:32,0.1,3.32,0.0,3.32,0.07,0.0,-103.5,/SNS/CNCS/IPTS-37274/nexus/CNCS_665150.nxs.h5
665149,108367,YbZn2GaO5,"YZGO, MAG9, Ei=3.32meV, T=0.07K, B=0.0T w=-104.0deg",2025-10-24 01:15:16,2025-10-24 01:16:48,00:01:32,0.1,3.32,0.0,3.32,0.07,0.0,-104.0,/SNS/CNCS/IPTS-37274/nexus/CNCS_665149.nxs.h5
665148,108367,YbZn2GaO5,"YZGO, MAG9, Ei=3.32meV, T=0.07K, B=0.0T w=-104.5deg",2025-10-24 01:13:40,2025-10-24 01:15:12,00:01:31,0.1,3.32,0.0,3.32,0.07,0.0,-104.5,/SNS/CNCS/IPTS-37274/nexus/CNCS_665148.nxs.h5
665147,108367,YbZn2GaO5,"YZGO, MAG9, Ei=3.32meV, T=0.07K, B=0.0T w=-105.0deg",2025-10-24 01:12:05,2025-10-24 01:13:37,00:01:32,0.1,3.32,0.0,3.32,0.07,0.0,-105.0,/SNS/CNCS/IPTS-37274/nexus/CNCS_665147.nxs.h5
665146,108367,YbZn2GaO5,"YZGO, MAG9, Ei=3.32meV, T=0.07K, B=0.0T w=-105.5deg",2025-10-24 01:10:29,2025-10-24 01:12:01,00:01:32,0.1,3.32,0.0,3.32,0.07,0.0,-105.5,/SNS/CNCS/IPTS-37274/nexus/CNCS_665146.nxs.h5
665145,108367,YbZn2GaO5,"YZGO, MAG9, Ei=3.32meV, T=0.07K, B=0.0T w=-106.0deg",2025-10-24 01:08:53,2025-10-24 01:10:25,00:01:31,0.1,3.32,0.0,3.32,0.07,0.0,-106.0,/SNS/CNCS/IPTS-37274/nexus/CNCS_665145.nxs.h5
665144,108367,YbZn2GaO5,"YZGO, MAG9, Ei=3.32meV, T=0.07K, B=0.0T w=-106.5deg",2025-10-24 01:07:18,2025-10-24 01:08:50,00:01:32,0.1,3.32,0.0,3.32,0.07,0.0,-106.5,/SNS/CNCS/IPTS-37274/nexus/CNCS_665144.nxs.h5
665143,108367,YbZn2GaO5,"YZGO, MAG9, Ei=3.32meV, T=0.07K, B=0.0T w=-107.0deg",2025-10-24 01:05:42,2025-10-24 01:07:14,00:01:32,0.1,3.32,0.0,3.32,0.07,0.0,-107.0,/SNS/CNCS/IPTS-37274/nexus/CNCS_665143.nxs.h5
665142,108367,YbZn2GaO5,"YZGO, MAG9, Ei=3.32meV, T=0.07K, B=0.0T w=-107.5deg",2025-10-24 01:04:06,2025-10-24 01:05:38,00:01:32,0.1,3.32,0.0,3.32,0.07,0.0,-107.5,/SNS/CNCS/IPTS-37274/nexus/CNCS_665142.nxs.h5
665141,108367,YbZn2GaO5,"YZGO, MAG9, Ei=3.32meV, T=0.07K, B=0.0T w=-108.0deg",2025-10-24 01:02:31,2025-10-24 01:04:03,00:01:32,0.1,3.32,0.0,3.32,0.07,0.0,-108.0,/SNS/CNCS/IPTS-37274/nexus/CNCS_665141.nxs.h5
665140,108367,YbZn2GaO5,"YZGO, MAG9, Ei=3.32meV, T=0.07K, B=0.0T w=-108.5deg",2025-10-24 01:00:55,2025-10-24 01:02:27,00:01:32,0.1,3.32,0.0,3.32,0.07,0.0,-108.5,/SNS/CNCS/IPTS-37274/nexus/CNCS_665140.nxs.h5
665139,108367,YbZn2GaO5,"YZGO, MAG9, Ei=3.32meV, T=0.07K, B=0.0T w=-109.0deg",2025-10-24 00:59:19,2025-10-24 01:00:51,00:01:32,0.1,3.32,0.0,3.32,0.07,0.0,-109.0,/SNS/CNCS/IPTS-37274/nexus/CNCS_665139.nxs.h5
665138,108367,YbZn2GaO5,"YZGO, MAG9, Ei=3.32meV, T=0.07K, B=0.0T w=-109.5deg",2025-10-24 00:57:44,2025-10-24 00:59:16,00:01:32,0.1,3.32,0.0,3.32,0.07,0.0,-109.5,/SNS/CNCS/IPTS-37274/nexus/CNCS_665138.nxs.h5
665137,108367,YbZn2GaO5,"YZGO, MAG9, Ei=3.32meV, T=0.07K, B=0.0T w=-110.0deg",2025-10-24 00:56:08,2025-10-24 00:57:40,00:01:32,0.1,3.32,0.0,3.32,0.07,0.0,-110.0,/SNS/CNCS/IPTS-37274/nexus/CNCS_665137.nxs.h5
665136,108367,YbZn2GaO5,"YZGO, MAG9, Ei=3.32meV, T=0.07K, B=0.0T w=-110.5deg",2025-10-24 00:54:32,2025-10-24 00:56:04,00:01:32,0.1,3.32,0.0,3.32,0.07,0.0,-110.5,/SNS/CNCS/IPTS-37274/nexus/CNCS_665136.nxs.h5
665135,108367,YbZn2GaO5,"YZGO, MAG9, Ei=3.32meV, T=0.07K, B=0.0T w=-111.0deg",2025-10-24 00:52:56,2025-10-24 00:54:29,00:01:32,0.1,3.32,0.0,3.32,0.07,0.0,-111.0,/SNS/CNCS/IPTS-37274/nexus/CNCS_665135.nxs.h5
665134,108367,YbZn2GaO5,"YZGO, MAG9, Ei=3.32meV, T=0.07K, B=0.0T w=-111.5deg",2025-10-24 00:51:20,2025-10-24 00:52:53,00:01:32,0.1,3.32,0.0,3.32,0.07,0.0,-111.5,/SNS/CNCS/IPTS-37274/nexus/CNCS_665134.nxs.h5
665133,108367,YbZn2GaO5,"YZGO, MAG9, Ei=3.32meV, T=0.07K, B=0.0T w=-112.0deg",2025-10-24 00:49:45,2025-10-24 00:51:17,00:01:32,0.1,3.32,0.0,3.32,0.07,0.0,-112.0,/SNS/CNCS/IPTS-37274/nexus/CNCS_665133.nxs.h5
665132,108367,YbZn2GaO5,"YZGO, MAG9, Ei=3.32meV, T=0.07K, B=0.0T w=-112.5deg",2025-10-24 00:48:09,2025-10-24 00:49:41,00:01:31,0.1,3.32,0.0,3.32,0.07,0.0,-112.5,/SNS/CNCS/IPTS-37274/nexus/CNCS_665132.nxs.h5
665131,108367,YbZn2GaO5,"YZGO, MAG9, Ei=3.32meV, T=0.07K, B=0.0T w=-113.0deg",2025-10-24 00:46:33,2025-10-24 00:48:06,00:01:32,0.1,3.32,0.0,3.32,0.07,0.0,-113.0,/SNS/CNCS/IPTS-37274/nexus/CNCS_665131.nxs.h5
665130,108367,YbZn2GaO5,"YZGO, MAG9, Ei=3.32meV, T=0.07K, B=0.0T w=-113.5deg",2025-10-24 00:44:58,2025-10-24 00:46:30,00:01:32,0.1,3.32,0.0,3.32,0.07,0.0,-113.5,/SNS/CNCS/IPTS-37274/nexus/CNCS_665130.nxs.h5
665129,108367,YbZn2GaO5,"YZGO, MAG9, Ei=3.32meV, T=0.07K, B=0.0T w=-114.0deg",2025-10-24 00:43:22,2025-10-24 00:44:54,00:01:32,0.1,3.32,0.0,3.32,0.07,0.0,-114.0,/SNS/CNCS/IPTS-37274/nexus/CNCS_665129.nxs.h5
665128,108367,YbZn2GaO5,"YZGO, MAG9, Ei=3.32meV, T=0.07K, B=0.0T w=-114.5deg",2025-10-24 00:41:46,2025-10-24 00:43:18,00:01:32,0.1,3.32,0.0,3.32,0.07,0.0,-114.5,/SNS/CNCS/IPTS-37274/nexus/CNCS_665128.nxs.h5
665127,108367,YbZn2GaO5,"YZGO, MAG9, Ei=3.32meV, T=0.07K, B=0.0T w=-115.0deg",2025-10-24 00:40:10,2025-10-24 00:41:43,00:01:32,0.1,3.32,0.0,3.32,0.07,0.0,-115.0,/SNS/CNCS/IPTS-37274/nexus/CNCS_665127.nxs.h5
665126,108367,YbZn2GaO5,"YZGO, MAG9, Ei=3.32meV, T=0.07K, B=0.0T w=-115.5deg",2025-10-24 00:38:34,2025-10-24 00:40:06,00:01:32,0.1,3.32,0.0,3.32,0.07,0.0,-115.5,/SNS/CNCS/IPTS-37274/nexus/CNCS_665126.nxs.h5
665125,108367,YbZn2GaO5,"YZGO, MAG9, Ei=3.32meV, T=0.07K, B=0.0T w=-116.0deg",2025-10-24 00:36:58,2025-10-24 00:38:31,00:01:33,0.1,3.32,0.0,3.32,0.07,0.0,-116.0,/SNS/CNCS/IPTS-37274/nexus/CNCS_665125.nxs.h5
665124,108367,YbZn2GaO5,"YZGO, MAG9, Ei=3.32meV, T=0.07K, B=0.0T w=-116.5deg",2025-10-24 00:35:22,2025-10-24 00:36:54,00:01:32,0.1,3.32,0.0,3.32,0.07,0.0,-116.5,/SNS/CNCS/IPTS-37274/nexus/CNCS_665124.nxs.h5
665123,108367,YbZn2GaO5,"YZGO, MAG9, Ei=3.32meV, T=0.07K, B=0.0T w=-117.0deg",2025-10-24 00:33:46,2025-10-24 00:35:18,00:01:32,0.1,3.32,0.0,3.32,0.07,0.0,-117.0,/SNS/CNCS/IPTS-37274/nexus/CNCS_665123.nxs.h5
665122,108367,YbZn2GaO5,"YZGO, MAG9, Ei=3.32meV, T=0.07K, B=0.0T w=-117.5deg",2025-10-24 00:32:10,2025-10-24 00:33:43,00:01:32,0.1,3.32,0.0,3.32,0.07,0.0,-117.5,/SNS/CNCS/IPTS-37274/nexus/CNCS_665122.nxs.h5
665121,108367,YbZn2GaO5,"YZGO, MAG9, Ei=3.32meV, T=0.07K, B=0.0T w=-118.0deg",2025-10-24 00:30:35,2025-10-24 00:32:07,00:01:32,0.1,3.32,0.0,3.32,0.07,0.0,-118.0,/SNS/CNCS/IPTS-37274/nexus/CNCS_665121.nxs.h5
665120,108367,YbZn2GaO5,"YZGO, MAG9, Ei=3.32meV, T=0.07K, B=0.0T w=-118.5deg",2025-10-24 00:28:59,2025-10-24 00:30:31,00:01:32,0.1,3.32,0.0,3.32,0.07,0.0,-118.5,/SNS/CNCS/IPTS-37274/nexus/CNCS_665120.nxs.h5
665119,108367,YbZn2GaO5,"YZGO, MAG9, Ei=3.32meV, T=0.07K, B=0.0T w=-119.0deg",2025-10-24 00:27:23,2025-10-24 00:28:55,00:01:32,0.1,3.32,0.0,3.32,0.07,0.0,-119.0,/SNS/CNCS/IPTS-37274/nexus/CNCS_665119.nxs.h5
665118,108367,YbZn2GaO5,"YZGO, MAG9, Ei=3.32meV, T=0.07K, B=0.0T w=-119.5deg",2025-10-24 00:25:47,2025-10-24 00:27:20,00:01:32,0.1,3.32,0.0,3.32,0.07,0.0,-119.5,/SNS/CNCS/IPTS-37274/nexus/CNCS_665118.nxs.h5
665117,108367,YbZn2GaO5,"YZGO, MAG9, Ei=3.32meV, T=0.07K, B=0.0T w=-120.0deg",2025-10-24 00:24:12,2025-10-24 00:25:44,00:01:32,0.1,3.32,0.0,3.32,0.07,0.0,-120.0,/SNS/CNCS/IPTS-37274/nexus/CNCS_665117.nxs.h5
665116,108367,YbZn2GaO5,"YZGO, MAG9, Ei=3.32meV, T=0.07K, B=0.0T w=-120.5deg",2025-10-24 00:22:36,2025-10-24 00:24:08,00:01:32,0.1,3.32,0.0,3.32,0.07,0.0,-120.5,/SNS/CNCS/IPTS-37274/nexus/CNCS_665116.nxs.h5
665115,108367,YbZn2GaO5,"YZGO, MAG9, Ei=3.32meV, T=0.07K, B=0.0T w=-121.0deg",2025-10-24 00:21:00,2025-10-24 00:22:32,00:01:32,0.1,3.32,0.0,3.32,0.07,0.0,-121.0,/SNS/CNCS/IPTS-37274/nexus/CNCS_665115.nxs.h5
665114,108367,YbZn2GaO5,"YZGO, MAG9, Ei=3.32meV, T=0.07K, B=0.0T w=-121.5deg",2025-10-24 00:19:24,2025-10-24 00:20:57,00:01:32,0.1,3.32,0.0,3.32,0.07,0.0,-121.5,/SNS/CNCS/IPTS-37274/nexus/CNCS_665114.nxs.h5
665113,108367,YbZn2GaO5,"YZGO, MAG9, Ei=3.32meV, T=0.07K, B=0.0T w=-122.0deg",2025-10-24 00:17:49,2025-10-24 00:19:21,00:01:32,0.1,3.32,0.0,3.32,0.07,0.0,-122.0,/SNS/CNCS/IPTS-37274/nexus/CNCS_665113.nxs.h5
665112,108367,YbZn2GaO5,"YZGO, MAG9, Ei=3.32meV, T=0.07K, B=0.0T w=-122.5deg",2025-10-24 00:16:13,2025-10-24 00:17:45,00:01:32,0.1,3.32,0.0,3.32,0.07,0.0,-122.5,/SNS/CNCS/IPTS-37274/nexus/CNCS_665112.nxs.h5
665111,108367,YbZn2GaO5,"YZGO, MAG9, Ei=3.32meV, T=0.07K, B=0.0T w=-123.0deg",2025-10-24 00:14:37,2025-10-24 00:16:09,00:01:32,0.1,3.32,0.0,3.32,0.07,0.0,-123.0,/SNS/CNCS/IPTS-37274/nexus/CNCS_665111.nxs.h5
665110,108367,YbZn2GaO5,"YZGO, MAG9, Ei=3.32meV, T=0.07K, B=0.0T w=-123.5deg",2025-10-24 00:13:01,2025-10-24 00:14:33,00:01:32,0.1,3.32,0.0,3.32,0.07,0.0,-123.5,/SNS/CNCS/IPTS-37274/nexus/CNCS_665110.nxs.h5
665109,108367,YbZn2GaO5,"YZGO, MAG9, Ei=3.32meV, T=0.07K, B=0.0T w=-124.0deg",2025-10-24 00:11:25,2025-10-24 00:12:57,00:01:32,0.1,3.32,0.0,3.32,0.07,0.0,-124.0,/SNS/CNCS/IPTS-37274/nexus/CNCS_665109.nxs.h5
665108,108367,YbZn2GaO5,"YZGO, MAG9, Ei=3.32meV, T=0.07K, B=0.0T w=-124.5deg",2025-10-24 00:07:51,2025-10-24 00:11:22,00:03:30,0.1,3.32,0.0,3.32,0.07,0.0,-124.5,/SNS/CNCS/IPTS-37274/nexus/CNCS_665108.nxs.h5
665107,108367,YbZn2GaO5,"YZGO, MAG9, Ei=3.32meV, T=0.07K, B=0.0T w=-125.0deg",2025-10-24 00:06:15,2025-10-24 00:07:47,00:01:32,0.1,3.32,0.0,3.32,0.07,0.0,-125.0,/SNS/CNCS/IPTS-37274/nexus/CNCS_665107.nxs.h5
665106,108367,YbZn2GaO5,"YZGO, MAG9, Ei=3.32meV, T=0.07K, B=0.0T w=-125.5deg",2025-10-24 00:04:39,2025-10-24 00:06:12,00:01:32,0.1,3.32,0.0,3.32,0.07,0.0,-125.5,/SNS/CNCS/IPTS-37274/nexus/CNCS_665106.nxs.h5
665105,108367,YbZn2GaO5,"YZGO, MAG9, Ei=3.32meV, T=0.07K, B=0.0T w=-126.0deg",2025-10-24 00:03:03,2025-10-24 00:04:36,00:01:32,0.1,3.32,0.0,3.32,0.07,0.0,-126.0,/SNS/CNCS/IPTS-37274/nexus/CNCS_665105.nxs.h5
665104,108367,YbZn2GaO5,"YZGO, MAG9, Ei=3.32meV, T=0.07K, B=0.0T w=-126.5deg",2025-10-24 00:01:27,2025-10-24 00:03:00,00:01:32,0.1,3.32,0.0,3.32,0.07,0.0,-126.5,/SNS/CNCS/IPTS-37274/nexus/CNCS_665104.nxs.h5
665103,108367,YbZn2GaO5,"YZGO, MAG9, Ei=3.32meV, T=0.07K, B=0.0T w=-127.0deg",2025-10-23 23:59:52,2025-10-24 00:01:24,00:01:32,0.1,3.32,0.0,3.32,0.07,0.0,-127.0,/SNS/CNCS/IPTS-37274/nexus/CNCS_665103.nxs.h5
665102,108367,YbZn2GaO5,"YZGO, MAG9, Ei=3.32meV, T=0.07K, B=0.0T w=-127.5deg",2025-10-23 23:58:16,2025-10-23 23:59:48,00:01:32,0.1,3.32,0.0,3.32,0.07,0.0,-127.5,/SNS/CNCS/IPTS-37274/nexus/CNCS_665102.nxs.h5
665101,108367,YbZn2GaO5,"YZGO, MAG9, Ei=3.32meV, T=0.07K, B=0.0T w=-128.0deg",2025-10-23 23:56:40,2025-10-23 23:58:12,00:01:32,0.1,3.32,0.0,3.32,0.07,0.0,-128.0,/SNS/CNCS/IPTS-37274/nexus/CNCS_665101.nxs.h5
665100,108367,YbZn2GaO5,"YZGO, MAG9, Ei=3.32meV, T=0.07K, B=0.0T w=-128.5deg",2025-10-23 23:55:05,2025-10-23 23:56:37,00:01:32,0.1,3.32,0.0,3.32,0.07,0.0,-128.5,/SNS/CNCS/IPTS-37274/nexus/CNCS_665100.nxs.h5
665099,108367,YbZn2GaO5,"YZGO, MAG9, Ei=3.32meV, T=0.07K, B=0.0T w=-129.0deg",2025-10-23 23:53:29,2025-10-23 23:55:01,00:01:32,0.1,3.32,0.0,3.32,0.07,0.0,-129.0,/SNS/CNCS/IPTS-37274/nexus/CNCS_665099.nxs.h5
665098,108367,YbZn2GaO5,"YZGO, MAG9, Ei=3.32meV, T=0.07K, B=0.0T w=-129.5deg",2025-10-23 23:51:53,2025-10-23 23:53:25,00:01:32,0.1,3.32,0.0,3.32,0.07,0.0,-129.5,/SNS/CNCS/IPTS-37274/nexus/CNCS_665098.nxs.h5
665097,108367,YbZn2GaO5,"YZGO, MAG9, Ei=3.32meV, T=0.07K, B=0.0T w=-130.0deg",2025-10-23 23:50:17,2025-10-23 23:51:49,00:01:32,0.1,3.32,0.0,3.32,0.07,0.0,-130.0,/SNS/CNCS/IPTS-37274/nexus/CNCS_665097.nxs.h5
665096,108367,YbZn2GaO5,"YZGO, MAG9, Ei=3.32meV, T=0.07K, B=0.0T w=-130.5deg",2025-10-23 23:48:41,2025-10-23 23:50:13,00:01:32,0.1,3.32,0.0,3.32,0.07,0.0,-130.5,/SNS/CNCS/IPTS-37274/nexus/CNCS_665096.nxs.h5
665095,108367,YbZn2GaO5,"YZGO, MAG9, Ei=3.32meV, T=0.07K, B=0.0T w=-131.0deg",2025-10-23 23:47:05,2025-10-23 23:48:37,00:01:32,0.1,3.32,0.0,3.32,0.07,0.0,-131.0,/SNS/CNCS/IPTS-37274/nexus/CNCS_665095.nxs.h5
665094,108367,YbZn2GaO5,"YZGO, MAG9, Ei=3.32meV, T=0.07K, B=0.0T w=-131.5deg",2025-10-23 23:45:29,2025-10-23 23:47:01,00:01:32,0.1,3.32,0.0,3.32,0.07,0.0,-131.5,/SNS/CNCS/IPTS-37274/nexus/CNCS_665094.nxs.h5
665093,108367,YbZn2GaO5,"YZGO, MAG9, Ei=3.32meV, T=0.07K, B=0.0T w=-132.0deg",2025-10-23 23:43:53,2025-10-23 23:45:26,00:01:32,0.1,3.32,0.0,3.32,0.07,0.0,-132.0,/SNS/CNCS/IPTS-37274/nexus/CNCS_665093.nxs.h5
665092,108367,YbZn2GaO5,"YZGO, MAG9, Ei=3.32meV, T=0.07K, B=0.0T w=-132.5deg",2025-10-23 23:42:17,2025-10-23 23:43:49,00:01:32,0.1,3.32,0.0,3.32,0.07,0.0,-132.5,/SNS/CNCS/IPTS-37274/nexus/CNCS_665092.nxs.h5
665091,108367,YbZn2GaO5,"YZGO, MAG9, Ei=3.32meV, T=0.07K, B=0.0T w=-133.0deg",2025-10-23 23:40:41,2025-10-23 23:42:13,00:01:32,0.1,3.32,0.0,3.32,0.07,0.0,-133.0,/SNS/CNCS/IPTS-37274/nexus/CNCS_665091.nxs.h5
665090,108367,YbZn2GaO5,"YZGO, MAG9, Ei=3.32meV, T=0.07K, B=0.0T w=-133.5deg",2025-10-23 23:39:05,2025-10-23 23:40:37,00:01:32,0.1,3.32,0.0,3.32,0.07,0.0,-133.5,/SNS/CNCS/IPTS-37274/nexus/CNCS_665090.nxs.h5
665089,108367,YbZn2GaO5,"YZGO, MAG9, Ei=3.32meV, T=0.07K, B=0.0T w=-134.0deg",2025-10-23 23:37:29,2025-10-23 23:39:01,00:01:32,0.1,3.32,0.0,3.32,0.07,0.0,-134.0,/SNS/CNCS/IPTS-37274/nexus/CNCS_665089.nxs.h5
665088,108367,YbZn2GaO5,"YZGO, MAG9, Ei=3.32meV, T=0.07K, B=0.0T w=-134.5deg",2025-10-23 23:35:53,2025-10-23 23:37:26,00:01:32,0.1,3.32,0.0,3.32,0.07,0.0,-134.5,/SNS/CNCS/IPTS-37274/nexus/CNCS_665088.nxs.h5
665087,108367,YbZn2GaO5,"YZGO, MAG9, Ei=3.32meV, T=0.07K, B=0.0T w=-135.0deg",2025-10-23 23:34:17,2025-10-23 23:35:50,00:01:32,0.1,3.32,0.0,3.32,0.07,0.0,-135.0,/SNS/CNCS/IPTS-37274/nexus/CNCS_665087.nxs.h5
665086,108367,YbZn2GaO5,"YZGO, MAG9, Ei=3.32meV, T=0.07K, B=0.0T w=-135.5deg",2025-10-23 23:32:41,2025-10-23 23:34:14,00:01:32,0.1,3.32,0.0,3.32,0.07,0.0,-135.5,/SNS/CNCS/IPTS-37274/nexus/CNCS_665086.nxs.h5
665085,108367,YbZn2GaO5,"YZGO, MAG9, Ei=3.32meV, T=0.07K, B=0.0T w=-136.0deg",2025-10-23 23:31:05,2025-10-23 23:32:38,00:01:32,0.1,3.32,0.0,3.32,0.07,0.0,-136.0,/SNS/CNCS/IPTS-37274/nexus/CNCS_665085.nxs.h5
665084,108367,YbZn2GaO5,"YZGO, MAG9, Ei=3.32meV, T=0.07K, B=0.0T w=-136.5deg",2025-10-23 23:29:28,2025-10-23 23:31:01,00:01:33,0.1,3.32,0.0,3.32,0.07,0.0,-136.5,/SNS/CNCS/IPTS-37274/nexus/CNCS_665084.nxs.h5
665083,108367,YbZn2GaO5,"YZGO, MAG9, Ei=3.32meV, T=0.07K, B=0.0T w=-137.0deg",2025-10-23 23:27:52,2025-10-23 23:29:24,00:01:32,0.1,3.32,0.0,3.32,0.07,0.0,-137.0,/SNS/CNCS/IPTS-37274/nexus/CNCS_665083.nxs.h5
665082,108367,YbZn2GaO5,"YZGO, MAG9, Ei=3.32meV, T=0.07K, B=0.0T w=-137.5deg",2025-10-23 23:26:16,2025-10-23 23:27:48,00:01:32,0.1,3.32,0.0,3.32,0.07,0.0,-137.5,/SNS/CNCS/IPTS-37274/nexus/CNCS_665082.nxs.h5
665081,108367,YbZn2GaO5,"YZGO, MAG9, Ei=3.32meV, T=0.07K, B=0.0T w=-138.0deg",2025-10-23 23:24:39,2025-10-23 23:26:12,00:01:32,0.1,3.32,0.0,3.32,0.07,0.0,-138.0,/SNS/CNCS/IPTS-37274/nexus/CNCS_665081.nxs.h5
665080,108367,YbZn2GaO5,"YZGO, MAG9, Ei=3.32meV, T=0.07K, B=0.0T w=-138.5deg",2025-10-23 23:23:03,2025-10-23 23:24:36,00:01:32,0.1,3.32,0.0,3.32,0.07,0.0,-138.5,/SNS/CNCS/IPTS-37274/nexus/CNCS_665080.nxs.h5
665079,108367,YbZn2GaO5,"YZGO, MAG9, Ei=3.32meV, T=0.07K, B=0.0T w=-139.0deg",2025-10-23 23:21:27,2025-10-23 23:23:00,00:01:32,0.1,3.32,0.0,3.32,0.07,0.0,-139.0,/SNS/CNCS/IPTS-37274/nexus/CNCS_665079.nxs.h5
665078,108367,YbZn2GaO5,"YZGO, MAG9, Ei=3.32meV, T=0.07K, B=0.0T w=-139.5deg",2025-10-23 23:19:51,2025-10-23 23:21:23,00:01:32,0.1,3.32,0.0,3.32,0.07,0.0,-139.5,/SNS/CNCS/IPTS-37274/nexus/CNCS_665078.nxs.h5
665077,108367,YbZn2GaO5,"YZGO, MAG9, Ei=3.32meV, T=0.07K, B=0.0T w=-140.0deg",2025-10-23 23:18:15,2025-10-23 23:19:47,00:01:32,0.1,3.32,0.0,3.32,0.07,0.0,-140.0,/SNS/CNCS/IPTS-37274/nexus/CNCS_665077.nxs.h5
665076,108367,YbZn2GaO5,"YZGO, MAG9, Ei=3.32meV, T=0.07K, B=0.0T w=-140.5deg",2025-10-23 23:16:39,2025-10-23 23:18:11,00:01:32,0.1,3.32,0.0,3.32,0.07,0.0,-140.5,/SNS/CNCS/IPTS-37274/nexus/CNCS_665076.nxs.h5
665075,108367,YbZn2GaO5,"YZGO, MAG9, Ei=3.32meV, T=0.07K, B=0.0T w=-141.0deg",2025-10-23 23:15:02,2025-10-23 23:16:35,00:01:32,0.1,3.32,0.0,3.32,0.07,0.0,-141.0,/SNS/CNCS/IPTS-37274/nexus/CNCS_665075.nxs.h5
665074,108367,YbZn2GaO5,"YZGO, MAG9, Ei=3.32meV, T=0.07K, B=0.0T w=-141.5deg",2025-10-23 23:13:26,2025-10-23 23:14:59,00:01:32,0.1,3.32,0.0,3.32,0.07,0.0,-141.5,/SNS/CNCS/IPTS-37274/nexus/CNCS_665074.nxs.h5
665073,108367,YbZn2GaO5,"YZGO, MAG9, Ei=3.32meV, T=0.07K, B=0.0T w=-142.0deg",2025-10-23 23:11:51,2025-10-23 23:13:23,00:01:32,0.1,3.32,0.0,3.32,0.07,0.0,-142.0,/SNS/CNCS/IPTS-37274/nexus/CNCS_665073.nxs.h5
665072,108367,YbZn2GaO5,"YZGO, MAG9, Ei=3.32meV, T=0.07K, B=0.0T w=-142.5deg",2025-10-23 23:10:14,2025-10-23 23:11:47,00:01:32,0.1,3.32,0.0,3.32,0.07,0.0,-142.5,/SNS/CNCS/IPTS-37274/nexus/CNCS_665072.nxs.h5
665071,108367,YbZn2GaO5,"YZGO, MAG9, Ei=3.32meV, T=0.07K, B=0.0T w=-143.0deg",2025-10-23 23:08:38,2025-10-23 23:10:11,00:01:32,0.1,3.32,0.0,3.32,0.07,0.0,-143.0,/SNS/CNCS/IPTS-37274/nexus/CNCS_665071.nxs.h5
665070,108367,YbZn2GaO5,"YZGO, MAG9, Ei=3.32meV, T=0.07K, B=0.0T w=-143.5deg",2025-10-23 23:07:02,2025-10-23 23:08:35,00:01:32,0.1,3.32,0.0,3.32,0.07,0.0,-143.5,/SNS/CNCS/IPTS-37274/nexus/CNCS_665070.nxs.h5
665069,108367,YbZn2GaO5,"YZGO, MAG9, Ei=3.32meV, T=0.07K, B=0.0T w=-144.0deg",2025-10-23 23:05:26,2025-10-23 23:06:58,00:01:32,0.1,3.32,0.0,3.32,0.07,0.0,-144.0,/SNS/CNCS/IPTS-37274/nexus/CNCS_665069.nxs.h5
665068,108367,YbZn2GaO5,"YZGO, MAG9, Ei=3.32meV, T=0.07K, B=0.0T w=-144.5deg",2025-10-23 23:03:49,2025-10-23 23:05:22,00:01:33,0.1,3.32,0.0,3.32,0.07,0.0,-144.5,/SNS/CNCS/IPTS-37274/nexus/CNCS_665068.nxs.h5
665067,108367,YbZn2GaO5,"YZGO, MAG9, Ei=3.32meV, T=0.07K, B=0.0T w=-145.0deg",2025-10-23 23:02:13,2025-10-23 23:03:46,00:01:32,0.1,3.32,0.0,3.32,0.07,0.0,-145.0,/SNS/CNCS/IPTS-37274/nexus/CNCS_665067.nxs.h5
665066,108367,YbZn2GaO5,"YZGO, MAG9, Ei=3.32meV, T=0.07K, B=0.0T w=-145.5deg",2025-10-23 23:00:37,2025-10-23 23:02:10,00:01:32,0.1,3.32,0.0,3.32,0.07,0.0,-145.5,/SNS/CNCS/IPTS-37274/nexus/CNCS_665066.nxs.h5
665065,108367,YbZn2GaO5,"YZGO, MAG9, Ei=3.32meV, T=0.07K, B=0.0T w=-146.0deg",2025-10-23 22:59:01,2025-10-23 23:00:33,00:01:32,0.1,3.32,0.0,3.32,0.07,0.0,-146.0,/SNS/CNCS/IPTS-37274/nexus/CNCS_665065.nxs.h5
665064,108367,YbZn2GaO5,"YZGO, MAG9, Ei=3.32meV, T=0.07K, B=0.0T w=-146.5deg",2025-10-23 22:57:25,2025-10-23 22:58:57,00:01:32,0.1,3.32,0.0,3.32,0.07,0.0,-146.5,/SNS/CNCS/IPTS-37274/nexus/CNCS_665064.nxs.h5
665063,108367,YbZn2GaO5,"YZGO, MAG9, Ei=3.32meV, T=0.07K, B=0.0T w=-147.0deg",2025-10-23 22:55:48,2025-10-23 22:57:21,00:01:32,0.1,3.32,0.0,3.32,0.07,0.0,-147.0,/SNS/CNCS/IPTS-37274/nexus/CNCS_665063.nxs.h5
665062,108367,YbZn2GaO5,"YZGO, MAG9, Ei=3.32meV, T=0.07K, B=0.0T w=-147.5deg",2025-10-23 22:54:12,2025-10-23 22:55:45,00:01:32,0.1,3.32,0.0,3.32,0.07,0.0,-147.5,/SNS/CNCS/IPTS-37274/nexus/CNCS_665062.nxs.h5
665061,108367,YbZn2GaO5,"YZGO, MAG9, Ei=3.32meV, T=0.07K, B=0.0T w=-148.0deg",2025-10-23 22:52:36,2025-10-23 22:54:09,00:01:32,0.1,3.32,0.0,3.32,0.07,0.0,-148.0,/SNS/CNCS/IPTS-37274/nexus/CNCS_665061.nxs.h5
665060,108367,YbZn2GaO5,"YZGO, MAG9, Ei=3.32meV, T=0.07K, B=0.0T w=-148.5deg",2025-10-23 22:51:00,2025-10-23 22:52:33,00:01:32,0.1,3.32,0.0,3.32,0.07,0.0,-148.5,/SNS/CNCS/IPTS-37274/nexus/CNCS_665060.nxs.h5
665059,108367,YbZn2GaO5,"YZGO, MAG9, Ei=3.32meV, T=0.07K, B=0.0T w=-149.0deg",2025-10-23 22:49:24,2025-10-23 22:50:57,00:01:32,0.1,3.32,0.0,3.32,0.07,0.0,-149.0,/SNS/CNCS/IPTS-37274/nexus/CNCS_665059.nxs.h5
665058,108367,YbZn2GaO5,"YZGO, MAG9, Ei=3.32meV, T=0.07K, B=0.0T w=-149.5deg",2025-10-23 22:47:48,2025-10-23 22:49:20,00:01:32,0.1,3.32,0.0,3.32,0.07,0.0,-149.5,/SNS/CNCS/IPTS-37274/nexus/CNCS_665058.nxs.h5
665057,108367,YbZn2GaO5,"YZGO, MAG9, Ei=3.32meV, T=0.07K, B=0.0T w=-150.0deg",2025-10-23 22:46:11,2025-10-23 22:47:44,00:01:32,0.1,3.32,0.0,3.32,0.07,0.0,-150.0,/SNS/CNCS/IPTS-37274/nexus/CNCS_665057.nxs.h5
665056,108367,YbZn2GaO5,"YZGO, MAG9, Ei=3.32meV, T=0.07K, B=0.0T w=-150.5deg",2025-10-23 22:44:35,2025-10-23 22:46:08,00:01:32,0.1,3.32,0.0,3.32,0.07,0.0,-150.5,/SNS/CNCS/IPTS-37274/nexus/CNCS_665056.nxs.h5
665055,108367,YbZn2GaO5,"YZGO, MAG9, Ei=3.32meV, T=0.07K, B=0.0T w=-151.0deg",2025-10-23 22:42:59,2025-10-23 22:44:32,00:01:32,0.1,3.32,0.0,3.32,0.07,0.0,-151.0,/SNS/CNCS/IPTS-37274/nexus/CNCS_665055.nxs.h5
665054,108367,YbZn2GaO5,"YZGO, MAG9, Ei=3.32meV, T=0.07K, B=0.0T w=-151.5deg",2025-10-23 22:41:23,2025-10-23 22:42:56,00:01:32,0.1,3.32,0.0,3.32,0.07,0.0,-151.5,/SNS/CNCS/IPTS-37274/nexus/CNCS_665054.nxs.h5
665053,108367,YbZn2GaO5,"YZGO, MAG9, Ei=3.32meV, T=0.07K, B=0.0T w=-152.0deg",2025-10-23 22:39:46,2025-10-23 22:41:19,00:01:32,0.1,3.32,0.0,3.32,0.07,0.0,-152.0,/SNS/CNCS/IPTS-37274/nexus/CNCS_665053.nxs.h5
665052,108367,YbZn2GaO5,"YZGO, MAG9, Ei=3.32meV, T=0.07K, B=0.0T w=-152.5deg",2025-10-23 22:38:10,2025-10-23 22:39:43,00:01:32,0.1,3.32,0.0,3.32,0.07,0.0,-152.5,/SNS/CNCS/IPTS-37274/nexus/CNCS_665052.nxs.h5
665051,108367,YbZn2GaO5,"YZGO, MAG9, Ei=3.32meV, T=0.07K, B=0.0T w=-153.0deg",2025-10-23 22:36:34,2025-10-23 22:38:07,00:01:32,0.1,3.32,0.0,3.32,0.07,0.0,-153.0,/SNS/CNCS/IPTS-37274/nexus/CNCS_665051.nxs.h5
665050,108367,YbZn2GaO5,"YZGO, MAG9, Ei=3.32meV, T=0.07K, B=0.0T w=-153.5deg",2025-10-23 22:34:58,2025-10-23 22:36:31,00:01:32,0.1,3.32,0.0,3.32,0.07,0.0,-153.5,/SNS/CNCS/IPTS-37274/nexus/CNCS_665050.nxs.h5
665049,108367,YbZn2GaO5,"YZGO, MAG9, Ei=3.32meV, T=0.07K, B=0.0T w=-154.0deg",2025-10-23 22:33:22,2025-10-23 22:34:55,00:01:32,0.1,3.32,0.0,3.32,0.07,0.0,-154.0,/SNS/CNCS/IPTS-37274/nexus/CNCS_665049.nxs.h5
665048,108367,YbZn2GaO5,"YZGO, MAG9, Ei=3.32meV, T=0.07K, B=0.0T w=-154.5deg",2025-10-23 22:31:45,2025-10-23 22:33:18,00:01:32,0.1,3.32,0.0,3.32,0.07,0.0,-154.5,/SNS/CNCS/IPTS-37274/nexus/CNCS_665048.nxs.h5
665047,108367,YbZn2GaO5,"YZGO, MAG9, Ei=3.32meV, T=0.07K, B=0.0T w=-155.0deg",2025-10-23 22:30:09,2025-10-23 22:31:42,00:01:33,0.1,3.32,0.0,3.32,0.07,0.0,-155.0,/SNS/CNCS/IPTS-37274/nexus/CNCS_665047.nxs.h5
665046,108367,YbZn2GaO5,"YZGO, MAG9, Ei=3.32meV, T=0.07K, B=0.0T w=-155.5deg",2025-10-23 22:28:33,2025-10-23 22:30:05,00:01:32,0.1,3.32,0.0,3.32,0.07,0.0,-155.5,/SNS/CNCS/IPTS-37274/nexus/CNCS_665046.nxs.h5
665045,108367,YbZn2GaO5,"YZGO, MAG9, Ei=3.32meV, T=0.07K, B=0.0T w=-156.0deg",2025-10-23 22:26:56,2025-10-23 22:28:29,00:01:32,0.1,3.32,0.0,3.32,0.07,0.0,-156.0,/SNS/CNCS/IPTS-37274/nexus/CNCS_665045.nxs.h5
665044,108367,YbZn2GaO5,"YZGO, MAG9, Ei=3.32meV, T=0.07K, B=0.0T w=-156.5deg",2025-10-23 22:25:20,2025-10-23 22:26:53,00:01:32,0.1,3.32,0.0,3.32,0.07,0.0,-156.5,/SNS/CNCS/IPTS-37274/nexus/CNCS_665044.nxs.h5
665043,108367,YbZn2GaO5,"YZGO, MAG9, Ei=3.32meV, T=0.07K, B=0.0T w=-157.0deg",2025-10-23 22:23:44,2025-10-23 22:25:17,00:01:32,0.1,3.32,0.0,3.32,0.07,0.0,-157.0,/SNS/CNCS/IPTS-37274/nexus/CNCS_665043.nxs.h5
665042,108367,YbZn2GaO5,"YZGO, MAG9, Ei=3.32meV, T=0.07K, B=0.0T w=-157.5deg",2025-10-23 22:22:08,2025-10-23 22:23:40,00:01:32,0.1,3.32,0.0,3.32,0.07,0.0,-157.5,/SNS/CNCS/IPTS-37274/nexus/CNCS_665042.nxs.h5
665041,108367,YbZn2GaO5,"YZGO, MAG9, Ei=3.32meV, T=0.07K, B=0.0T w=-158.0deg",2025-10-23 22:20:32,2025-10-23 22:22:04,00:01:32,0.1,3.32,0.0,3.32,0.07,0.0,-158.0,/SNS/CNCS/IPTS-37274/nexus/CNCS_665041.nxs.h5
665040,108367,YbZn2GaO5,"YZGO, MAG9, Ei=3.32meV, T=0.07K, B=0.0T w=-158.5deg",2025-10-23 22:18:56,2025-10-23 22:20:28,00:01:32,0.1,3.32,0.0,3.32,0.07,0.0,-158.5,/SNS/CNCS/IPTS-37274/nexus/CNCS_665040.nxs.h5
665039,108367,YbZn2GaO5,"YZGO, MAG9, Ei=3.32meV, T=0.07K, B=0.0T w=-159.0deg",2025-10-23 22:17:18,2025-10-23 22:18:52,00:01:33,0.1,3.32,0.0,3.32,0.07,0.0,-159.0,/SNS/CNCS/IPTS-37274/nexus/CNCS_665039.nxs.h5
665038,108367,YbZn2GaO5,"YZGO, MAG9, Ei=3.32meV, T=0.07K, B=0.0T w=-159.5deg",2025-10-23 22:15:37,2025-10-23 22:17:15,00:01:37,0.1,3.32,0.0,3.32,0.07,0.0,-159.5,/SNS/CNCS/IPTS-37274/nexus/CNCS_665038.nxs.h5
665037,108367,YbZn2GaO5,"YZGO, MAG9, Ei=3.32meV, T=0.07K, B=0.0T w=-160.0deg",2025-10-23 22:13:53,2025-10-23 22:15:33,00:01:40,0.1,3.32,0.0,3.32,0.07,0.0,-160.0,/SNS/CNCS/IPTS-37274/nexus/CNCS_665037.nxs.h5
665036,108367,YbZn2GaO5,"YZGO, MAG9, Ei=3.32meV, T=0.07K, B=0.0T w=-160.5deg",2025-10-23 22:12:04,2025-10-23 22:13:49,00:01:45,0.1,3.32,0.0,3.32,0.07,0.0,-160.5,/SNS/CNCS/IPTS-37274/nexus/CNCS_665036.nxs.h5
665035,108367,YbZn2GaO5,"YZGO, MAG9, Ei=3.32meV, T=0.07K, B=0.0T w=-161.0deg",2025-10-23 22:09:50,2025-10-23 22:12:00,00:02:10,0.11,3.32,0.0,3.32,0.07,0.0,-161.0,/SNS/CNCS/IPTS-37274/nexus/CNCS_665035.nxs.h5
665034,108367,YbZn2GaO5,"YZGO, MAG9, Ei=3.32meV, T=0.07K, B=0.0T w=-161.5deg",2025-10-23 22:07:51,2025-10-23 22:09:46,00:01:54,0.11,3.32,0.0,3.32,0.07,0.0,-161.5,/SNS/CNCS/IPTS-37274/nexus/CNCS_665034.nxs.h5
665033,108367,YbZn2GaO5,"YZGO, MAG9, Ei=3.32meV, T=0.07K, B=0.0T w=-162.0deg",2025-10-23 22:05:46,2025-10-23 22:07:48,00:02:02,0.11,3.32,0.0,3.32,0.07,0.0,-162.0,/SNS/CNCS/IPTS-37274/nexus/CNCS_665033.nxs.h5
665032,108367,YbZn2GaO5,"YZGO, MAG9, Ei=3.32meV, T=0.07K, B=0.0T w=-162.5deg",2025-10-23 22:03:32,2025-10-23 22:05:42,00:02:10,0.11,3.32,0.0,3.32,0.07,0.0,-162.5,/SNS/CNCS/IPTS-37274/nexus/CNCS_665032.nxs.h5
665031,108367,YbZn2GaO5,"YZGO, MAG9, Ei=3.32meV, T=0.07K, B=0.0T w=-163.0deg",2025-10-23 22:01:08,2025-10-23 22:03:29,00:02:20,0.11,3.32,0.0,3.32,0.07,0.0,-163.0,/SNS/CNCS/IPTS-37274/nexus/CNCS_665031.nxs.h5
665030,108367,YbZn2GaO5,"YZGO, MAG9, Ei=3.32meV, T=0.07K, B=0.0T w=-163.5deg",2025-10-23 21:58:22,2025-10-23 22:01:05,00:02:43,0.12,3.32,0.0,3.32,0.07,0.0,-163.5,/SNS/CNCS/IPTS-37274/nexus/CNCS_665030.nxs.h5
665029,108367,YbZn2GaO5,"YZGO, MAG9, Ei=3.32meV, T=0.07K, B=0.0T w=-164.0deg",2025-10-23 21:55:06,2025-10-23 21:58:18,00:03:12,0.13,3.32,0.0,3.32,0.07,0.0,-164.0,/SNS/CNCS/IPTS-37274/nexus/CNCS_665029.nxs.h5
665028,108367,YbZn2GaO5,"YZGO, MAG9, Ei=3.32meV, T=0.07K, B=0.0T w=-164.5deg",2025-10-23 21:51:16,2025-10-23 21:55:03,00:03:47,0.14,3.32,0.0,3.32,0.07,0.0,-164.5,/SNS/CNCS/IPTS-37274/nexus/CNCS_665028.nxs.h5
665027,108367,YbZn2GaO5,"YZGO, MAG9, Ei=3.32meV, T=0.07K, B=0.0T w=-165.0deg",2025-10-23 21:46:27,2025-10-23 21:51:12,00:04:44,0.16,3.32,0.0,3.32,0.07,0.0,-165.0,/SNS/CNCS/IPTS-37274/nexus/CNCS_665027.nxs.h5
665026,108367,YbZn2GaO5,"YZGO, MAG9, Ei=3.32meV, T=0.07K, B=0.0T w=-165.5deg",2025-10-18 19:25:06,2025-10-23 21:46:23,122:21:17,0.16,3.32,0.0,3.32,0.07,0.0,-165.5,/SNS/CNCS/IPTS-37274/nexus/CNCS_665026.nxs.h5
665025,108367,YbZn2GaO5,"YZGO, MAG9, Ei=3.32meV, T=0.07K, B=0.0T w=-166.0deg",2025-10-18 19:23:51,2025-10-18 19:25:03,00:01:11,0.1,3.32,0.0,3.32,0.07,0.0,-166.0,/SNS/CNCS/IPTS-37274/nexus/CNCS_665025.nxs.h5
665024,108367,YbZn2GaO5,"YZGO, MAG9, Ei=3.32meV, T=0.07K, B=0.0T w=-166.5deg",2025-10-18 19:22:35,2025-10-18 19:23:47,00:01:12,0.1,3.32,0.0,3.32,0.07,0.0,-166.5,/SNS/CNCS/IPTS-37274/nexus/CNCS_665024.nxs.h5
665023,108367,YbZn2GaO5,"YZGO, MAG9, Ei=3.32meV, T=0.07K, B=0.0T w=-167.0deg",2025-10-18 19:21:19,2025-10-18 19:22:31,00:01:12,0.1,3.32,0.0,3.32,0.07,0.0,-167.0,/SNS/CNCS/IPTS-37274/nexus/CNCS_665023.nxs.h5
665022,108367,YbZn2GaO5,"YZGO, MAG9, Ei=3.32meV, T=0.07K, B=0.0T w=-167.5deg",2025-10-18 19:20:04,2025-10-18 19:21:15,00:01:11,0.1,3.32,0.0,3.32,0.07,0.0,-167.5,/SNS/CNCS/IPTS-37274/nexus/CNCS_665022.nxs.h5
665021,108367,YbZn2GaO5,"YZGO, MAG9, Ei=3.32meV, T=0.07K, B=0.0T w=-168.0deg",2025-10-18 19:18:48,2025-10-18 19:20:00,00:01:11,0.1,3.32,0.0,3.32,0.07,0.0,-168.0,/SNS/CNCS/IPTS-37274/nexus/CNCS_665021.nxs.h5
665020,108367,YbZn2GaO5,"YZGO, MAG9, Ei=3.32meV, T=0.07K, B=0.0T w=-168.5deg",2025-10-18 19:17:32,2025-10-18 19:18:44,00:01:12,0.1,3.32,0.0,3.32,0.07,0.0,-168.5,/SNS/CNCS/IPTS-37274/nexus/CNCS_665020.nxs.h5
665019,108367,YbZn2GaO5,"YZGO, MAG9, Ei=3.32meV, T=0.07K, B=0.0T w=-169.0deg",2025-10-18 19:16:16,2025-10-18 19:17:28,00:01:12,0.1,3.32,0.0,3.32,0.07,0.0,-169.0,/SNS/CNCS/IPTS-37274/nexus/CNCS_665019.nxs.h5
665018,108367,YbZn2GaO5,"YZGO, MAG9, Ei=3.32meV, T=0.07K, B=0.0T w=-169.5deg",2025-10-18 19:15:00,2025-10-18 19:16:12,00:01:11,0.1,3.32,0.0,3.32,0.07,0.0,-169.5,/SNS/CNCS/IPTS-37274/nexus/CNCS_665018.nxs.h5
665017,108367,YbZn2GaO5,"YZGO, MAG9, Ei=3.32meV, T=0.07K, B=0.0T w=-170.0deg",2025-10-18 19:13:44,2025-10-18 19:14:57,00:01:12,0.1,3.32,0.0,3.32,0.07,0.0,-170.0,/SNS/CNCS/IPTS-37274/nexus/CNCS_665017.nxs.h5
665016,108367,YbZn2GaO5,"YZGO, MAG9, Ei=3.32meV, T=0.07K, B=0.0T w=-170.5deg",2025-10-18 19:12:28,2025-10-18 19:13:41,00:01:12,0.1,3.32,0.0,3.32,0.07,0.0,-170.5,/SNS/CNCS/IPTS-37274/nexus/CNCS_665016.nxs.h5
665015,108367,YbZn2GaO5,"YZGO, MAG9, Ei=3.32meV, T=0.07K, B=0.0T w=-171.0deg",2025-10-18 19:11:13,2025-10-18 19:12:25,00:01:12,0.1,3.32,0.0,3.32,0.07,0.0,-171.0,/SNS/CNCS/IPTS-37274/nexus/CNCS_665015.nxs.h5
665014,108367,YbZn2GaO5,"YZGO, MAG9, Ei=3.32meV, T=0.07K, B=0.0T w=-171.5deg",2025-10-18 19:09:57,2025-10-18 19:11:09,00:01:12,0.1,3.32,0.0,3.32,0.07,0.0,-171.5,/SNS/CNCS/IPTS-37274/nexus/CNCS_665014.nxs.h5
665013,108367,YbZn2GaO5,"YZGO, MAG9, Ei=3.32meV, T=0.07K, B=0.0T w=-172.0deg",2025-10-18 19:08:41,2025-10-18 19:09:53,00:01:12,0.1,3.32,0.0,3.32,0.07,0.0,-172.0,/SNS/CNCS/IPTS-37274/nexus/CNCS_665013.nxs.h5
665012,108367,YbZn2GaO5,"YZGO, MAG9, Ei=3.32meV, T=0.07K, B=0.0T w=-172.5deg",2025-10-18 19:07:25,2025-10-18 19:08:37,00:01:11,0.1,3.32,0.0,3.32,0.07,0.0,-172.5,/SNS/CNCS/IPTS-37274/nexus/CNCS_665012.nxs.h5
665011,108367,YbZn2GaO5,"YZGO, MAG9, Ei=3.32meV, T=0.07K, B=0.0T w=-173.0deg",2025-10-18 19:06:10,2025-10-18 19:07:22,00:01:12,0.1,3.32,0.0,3.32,0.07,0.0,-173.0,/SNS/CNCS/IPTS-37274/nexus/CNCS_665011.nxs.h5
665010,108367,YbZn2GaO5,"YZGO, MAG9, Ei=3.32meV, T=0.07K, B=0.0T w=-173.5deg",2025-10-18 19:04:54,2025-10-18 19:06:06,00:01:11,0.1,3.32,0.0,3.32,0.07,0.0,-173.5,/SNS/CNCS/IPTS-37274/nexus/CNCS_665010.nxs.h5
665009,108367,YbZn2GaO5,"YZGO, MAG9, Ei=3.32meV, T=0.07K, B=0.0T w=-174.0deg",2025-10-18 19:03:38,2025-10-18 19:04:51,00:01:12,0.1,3.32,0.0,3.32,0.07,0.0,-174.0,/SNS/CNCS/IPTS-37274/nexus/CNCS_665009.nxs.h5
665008,108367,YbZn2GaO5,"YZGO, MAG9, Ei=3.32meV, T=0.07K, B=0.0T w=-174.5deg",2025-10-18 19:02:22,2025-10-18 19:03:35,00:01:12,0.1,3.32,0.0,3.32,0.07,0.0,-174.5,/SNS/CNCS/IPTS-37274/nexus/CNCS_665008.nxs.h5
665007,108367,YbZn2GaO5,"YZGO, MAG9, Ei=3.32meV, T=0.07K, B=0.0T w=-175.0deg",2025-10-18 19:01:07,2025-10-18 19:02:19,00:01:11,0.1,3.32,0.0,3.32,0.07,0.0,-175.0,/SNS/CNCS/IPTS-37274/nexus/CNCS_665007.nxs.h5
665006,108367,YbZn2GaO5,"YZGO, MAG9, Ei=3.32meV, T=0.07K, B=0.0T w=-175.5deg",2025-10-18 18:59:52,2025-10-18 19:01:03,00:01:11,0.1,3.32,0.0,3.32,0.07,0.0,-175.5,/SNS/CNCS/IPTS-37274/nexus/CNCS_665006.nxs.h5
665005,108367,YbZn2GaO5,"YZGO, MAG9, Ei=3.32meV, T=0.07K, B=0.0T w=-176.0deg",2025-10-18 18:58:36,2025-10-18 18:59:48,00:01:11,0.1,3.32,0.0,3.32,0.07,0.0,-176.0,/SNS/CNCS/IPTS-37274/nexus/CNCS_665005.nxs.h5
665004,108367,YbZn2GaO5,"YZGO, MAG9, Ei=3.32meV, T=0.07K, B=0.0T w=-176.5deg",2025-10-18 18:57:21,2025-10-18 18:58:32,00:01:11,0.1,3.32,0.0,3.32,0.07,0.0,-176.5,/SNS/CNCS/IPTS-37274/nexus/CNCS_665004.nxs.h5
665003,108367,YbZn2GaO5,"YZGO, MAG9, Ei=3.32meV, T=0.07K, B=0.0T w=-177.0deg",2025-10-18 18:56:05,2025-10-18 18:57:17,00:01:12,0.1,3.32,0.0,3.32,0.07,0.0,-177.0,/SNS/CNCS/IPTS-37274/nexus/CNCS_665003.nxs.h5
665002,108367,YbZn2GaO5,"YZGO, MAG9, Ei=3.32meV, T=0.07K, B=0.0T w=-177.5deg",2025-10-18 18:54:49,2025-10-18 18:56:01,00:01:11,0.1,3.32,0.0,3.32,0.07,0.0,-177.5,/SNS/CNCS/IPTS-37274/nexus/CNCS_665002.nxs.h5
665001,108367,YbZn2GaO5,"YZGO, MAG9, Ei=3.32meV, T=0.07K, B=0.0T w=-178.0deg",2025-10-18 18:53:34,2025-10-18 18:54:46,00:01:12,0.1,3.32,0.0,3.32,0.07,0.0,-178.0,/SNS/CNCS/IPTS-37274/nexus/CNCS_665001.nxs.h5
665000,108367,YbZn2GaO5,"YZGO, MAG9, Ei=3.32meV, T=0.07K, B=0.0T w=-178.5deg",2025-10-18 18:52:18,2025-10-18 18:53:30,00:01:12,0.1,3.32,0.0,3.32,0.07,0.0,-178.5,/SNS/CNCS/IPTS-37274/nexus/CNCS_665000.nxs.h5
664999,108367,YbZn2GaO5,"YZGO, MAG9, Ei=3.32meV, T=0.07K, B=0.0T w=-179.0deg",2025-10-18 18:51:02,2025-10-18 18:52:14,00:01:12,0.1,3.32,0.0,3.32,0.07,0.0,-179.0,/SNS/CNCS/IPTS-37274/nexus/CNCS_664999.nxs.h5
664998,108367,YbZn2GaO5,"YZGO, MAG9, Ei=3.32meV, T=0.07K, B=0.0T w=-179.5deg",2025-10-18 18:49:46,2025-10-18 18:50:58,00:01:12,0.1,3.32,0.0,3.32,0.07,0.0,-179.5,/SNS/CNCS/IPTS-37274/nexus/CNCS_664998.nxs.h5
664997,108367,YbZn2GaO5,"YZGO, MAG9, Ei=3.32meV, T=0.07K, B=0.0T w=-180.0deg",2025-10-18 18:48:30,2025-10-18 18:49:42,00:01:12,0.1,3.32,0.0,3.32,0.07,0.0,-180.0,/SNS/CNCS/IPTS-37274/nexus/CNCS_664997.nxs.h5
664996,108367,YbZn2GaO5,"YZGO, MAG9, Ei=3.32meV, T=0.07K, B=0.0T w=-180.5deg",2025-10-18 18:47:15,2025-10-18 18:48:27,00:01:11,0.1,3.32,0.0,3.32,0.07,0.0,-180.5,/SNS/CNCS/IPTS-37274/nexus/CNCS_664996.nxs.h5
664995,108367,YbZn2GaO5,"YZGO, MAG9, Ei=3.32meV, T=0.07K, B=0.0T w=-181.0deg",2025-10-18 18:45:59,2025-10-18 18:47:11,00:01:11,0.1,3.32,0.0,3.32,0.07,0.0,-181.0,/SNS/CNCS/IPTS-37274/nexus/CNCS_664995.nxs.h5
664994,108367,YbZn2GaO5,"YZGO, MAG9, Ei=3.32meV, T=0.07K, B=0.0T w=-181.5deg",2025-10-18 18:44:44,2025-10-18 18:45:56,00:01:11,0.1,3.32,0.0,3.32,0.07,0.0,-181.5,/SNS/CNCS/IPTS-37274/nexus/CNCS_664994.nxs.h5
664993,108367,YbZn2GaO5,"YZGO, MAG9, Ei=3.32meV, T=0.07K, B=0.0T w=-182.0deg",2025-10-18 18:43:28,2025-10-18 18:44:40,00:01:12,0.1,3.32,0.0,3.32,0.07,0.0,-182.0,/SNS/CNCS/IPTS-37274/nexus/CNCS_664993.nxs.h5
664992,108367,YbZn2GaO5,"YZGO, MAG9, Ei=3.32meV, T=0.07K, B=0.0T w=-182.5deg",2025-10-18 18:42:13,2025-10-18 18:43:24,00:01:11,0.1,3.32,0.0,3.32,0.07,0.0,-182.5,/SNS/CNCS/IPTS-37274/nexus/CNCS_664992.nxs.h5
664991,108367,YbZn2GaO5,"YZGO, MAG9, Ei=3.32meV, T=0.07K, B=0.0T w=-183.0deg",2025-10-18 18:40:57,2025-10-18 18:42:09,00:01:12,0.1,3.32,0.0,3.32,0.07,0.0,-183.0,/SNS/CNCS/IPTS-37274/nexus/CNCS_664991.nxs.h5
664990,108367,YbZn2GaO5,"YZGO, MAG9, Ei=3.32meV, T=0.07K, B=0.0T w=-183.5deg",2025-10-18 18:39:41,2025-10-18 18:40:53,00:01:12,0.1,3.32,0.0,3.32,0.07,0.0,-183.5,/SNS/CNCS/IPTS-37274/nexus/CNCS_664990.nxs.h5
664989,108367,YbZn2GaO5,"YZGO, MAG9, Ei=3.32meV, T=0.07K, B=0.0T w=-184.0deg",2025-10-18 18:38:25,2025-10-18 18:39:37,00:01:12,0.1,3.32,0.0,3.32,0.07,0.0,-184.0,/SNS/CNCS/IPTS-37274/nexus/CNCS_664989.nxs.h5
664988,108367,YbZn2GaO5,"YZGO, MAG9, Ei=3.32meV, T=0.07K, B=0.0T w=-184.5deg",2025-10-18 18:37:10,2025-10-18 18:38:21,00:01:11,0.1,3.32,0.0,3.32,0.07,0.0,-184.5,/SNS/CNCS/IPTS-37274/nexus/CNCS_664988.nxs.h5
664987,108367,YbZn2GaO5,"YZGO, MAG9, Ei=3.32meV, T=0.07K, B=0.0T w=-185.0deg",2025-10-18 18:35:54,2025-10-18 18:37:06,00:01:12,0.1,3.32,0.0,3.32,0.07,0.0,-185.0,/SNS/CNCS/IPTS-37274/nexus/CNCS_664987.nxs.h5
664986,108367,YbZn2GaO5,"YZGO, MAG9, Ei=3.32meV, T=0.07K, B=0.0T w=-185.5deg",2025-10-18 18:34:38,2025-10-18 18:35:50,00:01:12,0.1,3.32,0.0,3.32,0.07,0.0,-185.5,/SNS/CNCS/IPTS-37274/nexus/CNCS_664986.nxs.h5
664985,108367,YbZn2GaO5,"YZGO, MAG9, Ei=3.32meV, T=0.07K, B=0.0T w=-186.0deg",2025-10-18 18:33:22,2025-10-18 18:34:34,00:01:11,0.1,3.32,0.0,3.32,0.07,0.0,-186.0,/SNS/CNCS/IPTS-37274/nexus/CNCS_664985.nxs.h5
664984,108367,YbZn2GaO5,"YZGO, MAG9, Ei=3.32meV, T=0.07K, B=0.0T w=-186.5deg",2025-10-18 18:32:07,2025-10-18 18:33:19,00:01:12,0.1,3.32,0.0,3.32,0.07,0.0,-186.5,/SNS/CNCS/IPTS-37274/nexus/CNCS_664984.nxs.h5
664983,108367,YbZn2GaO5,"YZGO, MAG9, Ei=3.32meV, T=0.07K, B=0.0T w=-187.0deg",2025-10-18 18:30:51,2025-10-18 18:32:03,00:01:12,0.1,3.32,0.0,3.32,0.07,0.0,-187.0,/SNS/CNCS/IPTS-37274/nexus/CNCS_664983.nxs.h5
664982,108367,YbZn2GaO5,"YZGO, MAG9, Ei=3.32meV, T=0.07K, B=0.0T w=-187.5deg",2025-10-18 18:29:35,2025-10-18 18:30:47,00:01:12,0.1,3.32,0.0,3.32,0.07,0.0,-187.5,/SNS/CNCS/IPTS-37274/nexus/CNCS_664982.nxs.h5
664981,108367,YbZn2GaO5,"YZGO, MAG9, Ei=3.32meV, T=0.07K, B=0.0T w=-188.0deg",2025-10-18 18:28:19,2025-10-18 18:29:31,00:01:12,0.1,3.32,0.0,3.32,0.07,0.0,-188.0,/SNS/CNCS/IPTS-37274/nexus/CNCS_664981.nxs.h5
664980,108367,YbZn2GaO5,"YZGO, MAG9, Ei=3.32meV, T=0.07K, B=0.0T w=-188.5deg",2025-10-18 18:27:04,2025-10-18 18:28:15,00:01:11,0.1,3.32,0.0,3.32,0.07,0.0,-188.5,/SNS/CNCS/IPTS-37274/nexus/CNCS_664980.nxs.h5
664979,108367,YbZn2GaO5,"YZGO, MAG9, Ei=3.32meV, T=0.07K, B=0.0T w=-189.0deg",2025-10-18 18:25:48,2025-10-18 18:27:00,00:01:12,0.1,3.32,0.0,3.32,0.07,0.0,-189.0,/SNS/CNCS/IPTS-37274/nexus/CNCS_664979.nxs.h5
664978,108367,YbZn2GaO5,"YZGO, MAG9, Ei=3.32meV, T=0.07K, B=0.0T w=-189.5deg",2025-10-18 18:24:32,2025-10-18 18:25:44,00:01:12,0.1,3.32,0.0,3.32,0.07,0.0,-189.5,/SNS/CNCS/IPTS-37274/nexus/CNCS_664978.nxs.h5
664977,108367,YbZn2GaO5,"YZGO, MAG9, Ei=3.32meV, T=0.07K, B=0.0T w=-190.0deg",2025-10-18 18:23:16,2025-10-18 18:24:28,00:01:11,0.1,3.32,0.0,3.32,0.07,0.0,-190.0,/SNS/CNCS/IPTS-37274/nexus/CNCS_664977.nxs.h5
664976,108367,YbZn2GaO5,"YZGO, MAG9, Ei=25meV, T=12.0K, B=0.0T w=0deg",2025-10-18 18:06:54,2025-10-18 18:18:54,00:12:00,1.0,25.0,0.0,25.0,12.0,0.0,0.0,/SNS/CNCS/IPTS-37274/nexus/CNCS_664976.nxs.h5
664975,108367,YbZn2GaO5,"YZGO, MAG9, Ei=13meV, T=12.0K, B=0.0T w=0deg",2025-10-18 17:51:05,2025-10-18 18:06:00,00:14:54,1.01,13.0,0.0,13.0,12.0,0.0,0.0,/SNS/CNCS/IPTS-37274/nexus/CNCS_664975.nxs.h5
664974,108367,YbZn2GaO5,"YZGO, MAG9, Ei=12meV, T=12.0K, B=0.0T w=0deg",2025-10-18 17:38:15,2025-10-18 17:50:15,00:12:00,1.0,12.0,0.0,12.0,12.0,0.0,0.0,/SNS/CNCS/IPTS-37274/nexus/CNCS_664974.nxs.h5
664973,108367,YbZn2GaO5,"YZGO, MAG9, Ei=9.5meV, T=12.0K, B=0.0T w=0deg",2025-10-18 17:25:27,2025-10-18 17:37:27,00:11:59,1.0,9.5,0.0,9.5,12.0,0.0,0.0,/SNS/CNCS/IPTS-37274/nexus/CNCS_664973.nxs.h5
664972,108367,YbZn2GaO5,"YZGO, MAG9, Ei=9.25meV, T=12.0K, B=0.0T w=0deg",2025-10-18 17:12:39,2025-10-18 17:24:39,00:11:59,1.0,9.25,0.0,9.25,12.0,0.0,0.0,/SNS/CNCS/IPTS-37274/nexus/CNCS_664972.nxs.h5
664971,108367,YbZn2GaO5,"YZGO, MAG9, Ei=9.0meV, T=12.0K, B=0.0T w=0deg",2025-10-18 17:00:01,2025-10-18 17:12:01,00:12:00,1.0,9.0,0.0,9.0,12.0,0.0,0.0,/SNS/CNCS/IPTS-37274/nexus/CNCS_664971.nxs.h5
664970,108367,YbZn2GaO5,"YZGO, MAG9, Ei=5.0meV, T=12.0K, B=0.0T w=0deg",2025-10-18 16:46:24,2025-10-18 16:58:24,00:11:59,1.0,5.0,0.0,5.0,12.0,0.0,0.0,/SNS/CNCS/IPTS-37274/nexus/CNCS_664970.nxs.h5
664969,108367,YbZn2GaO5,"YZGO, MAG9, Ei=4.9meV, T=12.0K, B=0.0T w=0deg",2025-10-18 16:33:47,2025-10-18 16:45:47,00:12:00,1.0,4.9,0.0,4.9,12.0,0.0,0.0,/SNS/CNCS/IPTS-37274/nexus/CNCS_664969.nxs.h5
664968,108367,YbZn2GaO5,"YZGO, MAG9, Ei=4.85meV, T=12.0K, B=0.0T w=0deg",2025-10-18 16:20:56,2025-10-18 16:32:55,00:11:59,1.0,4.85,0.0,4.85,12.0,0.0,0.0,/SNS/CNCS/IPTS-37274/nexus/CNCS_664968.nxs.h5
664967,108367,YbZn2GaO5,"YZGO, MAG9, Ei=4.75meV, T=12.0K, B=0.0T w=0deg",2025-10-18 16:08:20,2025-10-18 16:20:19,00:11:59,1.0,4.75,0.0,4.75,12.0,0.0,0.0,/SNS/CNCS/IPTS-37274/nexus/CNCS_664967.nxs.h5
664966,108367,YbZn2GaO5,"YZGO, MAG9, Ei=4.65meV, T=12.0K, B=0.0T w=0deg",2025-10-18 10:40:19,2025-10-18 16:07:43,05:27:23,1.0,4.65,0.0,4.65,12.0,0.0,0.0,/SNS/CNCS/IPTS-37274/nexus/CNCS_664966.nxs.h5
664965,108367,YbZn2GaO5,"YZGO, MAG9, Ei=3.32meV, T=20.0K, B=0.0T w=54.5deg",2025-10-18 08:33:05,2025-10-18 08:34:17,00:01:12,0.1,3.32,0.0,3.32,20.0,0.0,54.5,/SNS/CNCS/IPTS-37274/nexus/CNCS_664965.nxs.h5
664964,108367,YbZn2GaO5,"YZGO, MAG9, Ei=3.32meV, T=20.0K, B=0.0T w=54.0deg",2025-10-18 08:31:49,2025-10-18 08:33:01,00:01:11,0.1,3.32,0.0,3.32,20.0,0.0,54.0,/SNS/CNCS/IPTS-37274/nexus/CNCS_664964.nxs.h5
664963,108367,YbZn2GaO5,"YZGO, MAG9, Ei=3.32meV, T=20.0K, B=0.0T w=53.5deg",2025-10-18 08:30:34,2025-10-18 08:31:46,00:01:12,0.1,3.32,0.0,3.32,20.0,0.0,53.5,/SNS/CNCS/IPTS-37274/nexus/CNCS_664963.nxs.h5
664962,108367,YbZn2GaO5,"YZGO, MAG9, Ei=3.32meV, T=20.0K, B=0.0T w=53.0deg",2025-10-18 08:29:18,2025-10-18 08:30:30,00:01:11,0.1,3.32,0.0,3.32,20.0,0.0,53.0,/SNS/CNCS/IPTS-37274/nexus/CNCS_664962.nxs.h5
664961,108367,YbZn2GaO5,"YZGO, MAG9, Ei=3.32meV, T=20.0K, B=0.0T w=52.5deg",2025-10-18 08:28:03,2025-10-18 08:29:15,00:01:11,0.1,3.32,0.0,3.32,20.0,0.0,52.5,/SNS/CNCS/IPTS-37274/nexus/CNCS_664961.nxs.h5
664960,108367,YbZn2GaO5,"YZGO, MAG9, Ei=3.32meV, T=20.0K, B=0.0T w=52.0deg",2025-10-18 08:26:47,2025-10-18 08:27:59,00:01:11,0.1,3.32,0.0,3.32,20.0,0.0,52.0,/SNS/CNCS/IPTS-37274/nexus/CNCS_664960.nxs.h5
664959,108367,YbZn2GaO5,"YZGO, MAG9, Ei=3.32meV, T=20.0K, B=0.0T w=51.5deg",2025-10-18 08:25:32,2025-10-18 08:26:44,00:01:11,0.1,3.32,0.0,3.32,20.0,0.0,51.5,/SNS/CNCS/IPTS-37274/nexus/CNCS_664959.nxs.h5
664958,108367,YbZn2GaO5,"YZGO, MAG9, Ei=3.32meV, T=20.0K, B=0.0T w=51.0deg",2025-10-18 08:24:17,2025-10-18 08:25:28,00:01:11,0.1,3.32,0.0,3.32,20.0,0.0,51.0,/SNS/CNCS/IPTS-37274/nexus/CNCS_664958.nxs.h5
664957,108367,YbZn2GaO5,"YZGO, MAG9, Ei=3.32meV, T=20.0K, B=0.0T w=50.5deg",2025-10-18 08:23:01,2025-10-18 08:24:13,00:01:12,0.1,3.32,0.0,3.32,20.0,0.0,50.5,/SNS/CNCS/IPTS-37274/nexus/CNCS_664957.nxs.h5
664956,108367,YbZn2GaO5,"YZGO, MAG9, Ei=3.32meV, T=20.0K, B=0.0T w=50.0deg",2025-10-18 08:21:45,2025-10-18 08:22:57,00:01:12,0.1,3.32,0.0,3.32,20.0,0.0,50.0,/SNS/CNCS/IPTS-37274/nexus/CNCS_664956.nxs.h5
664955,108367,YbZn2GaO5,"YZGO, MAG9, Ei=3.32meV, T=20.0K, B=0.0T w=49.5deg",2025-10-18 08:20:29,2025-10-18 08:21:41,00:01:11,0.1,3.32,0.0,3.32,20.0,0.0,49.5,/SNS/CNCS/IPTS-37274/nexus/CNCS_664955.nxs.h5
664954,108367,YbZn2GaO5,"YZGO, MAG9, Ei=3.32meV, T=20.0K, B=0.0T w=49.0deg",2025-10-18 08:19:14,2025-10-18 08:20:26,00:01:12,0.1,3.32,0.0,3.32,20.0,0.0,49.0,/SNS/CNCS/IPTS-37274/nexus/CNCS_664954.nxs.h5
664953,108367,YbZn2GaO5,"YZGO, MAG9, Ei=3.32meV, T=20.0K, B=0.0T w=48.5deg",2025-10-18 08:17:58,2025-10-18 08:19:10,00:01:11,0.1,3.32,0.0,3.32,20.0,0.0,48.5,/SNS/CNCS/IPTS-37274/nexus/CNCS_664953.nxs.h5
664952,108367,YbZn2GaO5,"YZGO, MAG9, Ei=3.32meV, T=20.0K, B=0.0T w=48.0deg",2025-10-18 08:16:43,2025-10-18 08:17:54,00:01:11,0.1,3.32,0.0,3.32,20.0,0.0,48.0,/SNS/CNCS/IPTS-37274/nexus/CNCS_664952.nxs.h5
664951,108367,YbZn2GaO5,"YZGO, MAG9, Ei=3.32meV, T=20.0K, B=0.0T w=47.5deg",2025-10-18 08:15:27,2025-10-18 08:16:39,00:01:12,0.1,3.32,0.0,3.32,20.0,0.0,47.5,/SNS/CNCS/IPTS-37274/nexus/CNCS_664951.nxs.h5
664950,108367,YbZn2GaO5,"YZGO, MAG9, Ei=3.32meV, T=20.0K, B=0.0T w=47.0deg",2025-10-18 08:14:11,2025-10-18 08:15:23,00:01:12,0.1,3.32,0.0,3.32,20.0,0.0,47.0,/SNS/CNCS/IPTS-37274/nexus/CNCS_664950.nxs.h5
664949,108367,YbZn2GaO5,"YZGO, MAG9, Ei=3.32meV, T=20.0K, B=0.0T w=46.5deg",2025-10-18 08:12:55,2025-10-18 08:14:07,00:01:11,0.1,3.32,0.0,3.32,20.0,0.0,46.5,/SNS/CNCS/IPTS-37274/nexus/CNCS_664949.nxs.h5
664948,108367,YbZn2GaO5,"YZGO, MAG9, Ei=3.32meV, T=20.0K, B=0.0T w=46.0deg",2025-10-18 08:11:39,2025-10-18 08:12:52,00:01:12,0.1,3.32,0.0,3.32,20.0,0.0,46.0,/SNS/CNCS/IPTS-37274/nexus/CNCS_664948.nxs.h5
664947,108367,YbZn2GaO5,"YZGO, MAG9, Ei=3.32meV, T=20.0K, B=0.0T w=45.5deg",2025-10-18 08:10:24,2025-10-18 08:11:36,00:01:11,0.1,3.32,0.0,3.32,20.0,0.0,45.5,/SNS/CNCS/IPTS-37274/nexus/CNCS_664947.nxs.h5
664946,108367,YbZn2GaO5,"YZGO, MAG9, Ei=3.32meV, T=20.0K, B=0.0T w=45.0deg",2025-10-18 08:09:09,2025-10-18 08:10:20,00:01:11,0.1,3.32,0.0,3.32,20.0,0.0,45.0,/SNS/CNCS/IPTS-37274/nexus/CNCS_664946.nxs.h5
664945,108367,YbZn2GaO5,"YZGO, MAG9, Ei=3.32meV, T=20.0K, B=0.0T w=44.5deg",2025-10-18 08:07:53,2025-10-18 08:09:05,00:01:11,0.1,3.32,0.0,3.32,20.0,0.0,44.5,/SNS/CNCS/IPTS-37274/nexus/CNCS_664945.nxs.h5
664944,108367,YbZn2GaO5,"YZGO, MAG9, Ei=3.32meV, T=20.0K, B=0.0T w=44.0deg",2025-10-18 08:06:38,2025-10-18 08:07:49,00:01:11,0.1,3.32,0.0,3.32,20.0,0.0,44.0,/SNS/CNCS/IPTS-37274/nexus/CNCS_664944.nxs.h5
664943,108367,YbZn2GaO5,"YZGO, MAG9, Ei=3.32meV, T=20.0K, B=0.0T w=43.5deg",2025-10-18 08:05:22,2025-10-18 08:06:34,00:01:12,0.1,3.32,0.0,3.32,20.0,0.0,43.5,/SNS/CNCS/IPTS-37274/nexus/CNCS_664943.nxs.h5
664942,108367,YbZn2GaO5,"YZGO, MAG9, Ei=3.32meV, T=20.0K, B=0.0T w=43.0deg",2025-10-18 08:04:06,2025-10-18 08:05:18,00:01:12,0.1,3.32,0.0,3.32,20.0,0.0,43.0,/SNS/CNCS/IPTS-37274/nexus/CNCS_664942.nxs.h5
664941,108367,YbZn2GaO5,"YZGO, MAG9, Ei=3.32meV, T=20.0K, B=0.0T w=42.5deg",2025-10-18 08:02:51,2025-10-18 08:04:02,00:01:11,0.1,3.32,0.0,3.32,20.0,0.0,42.5,/SNS/CNCS/IPTS-37274/nexus/CNCS_664941.nxs.h5
664940,108367,YbZn2GaO5,"YZGO, MAG9, Ei=3.32meV, T=20.0K, B=0.0T w=42.0deg",2025-10-18 08:01:35,2025-10-18 08:02:47,00:01:12,0.1,3.32,0.0,3.32,20.0,0.0,42.0,/SNS/CNCS/IPTS-37274/nexus/CNCS_664940.nxs.h5
664939,108367,YbZn2GaO5,"YZGO, MAG9, Ei=3.32meV, T=20.0K, B=0.0T w=41.5deg",2025-10-18 08:00:19,2025-10-18 08:01:31,00:01:12,0.1,3.32,0.0,3.32,20.0,0.0,41.5,/SNS/CNCS/IPTS-37274/nexus/CNCS_664939.nxs.h5
664938,108367,YbZn2GaO5,"YZGO, MAG9, Ei=3.32meV, T=20.0K, B=0.0T w=41.0deg",2025-10-18 07:59:03,2025-10-18 08:00:16,00:01:12,0.1,3.32,0.0,3.32,20.0,0.0,41.0,/SNS/CNCS/IPTS-37274/nexus/CNCS_664938.nxs.h5
664937,108367,YbZn2GaO5,"YZGO, MAG9, Ei=3.32meV, T=20.0K, B=0.0T w=40.5deg",2025-10-18 07:57:48,2025-10-18 07:59:00,00:01:11,0.1,3.32,0.0,3.32,20.0,0.0,40.5,/SNS/CNCS/IPTS-37274/nexus/CNCS_664937.nxs.h5
664936,108367,YbZn2GaO5,"YZGO, MAG9, Ei=3.32meV, T=20.0K, B=0.0T w=40.0deg",2025-10-18 07:56:32,2025-10-18 07:57:44,00:01:12,0.1,3.32,0.0,3.32,20.0,0.0,40.0,/SNS/CNCS/IPTS-37274/nexus/CNCS_664936.nxs.h5
664935,108367,YbZn2GaO5,"YZGO, MAG9, Ei=3.32meV, T=20.0K, B=0.0T w=39.5deg",2025-10-18 07:55:16,2025-10-18 07:56:28,00:01:11,0.1,3.32,0.0,3.32,20.0,0.0,39.5,/SNS/CNCS/IPTS-37274/nexus/CNCS_664935.nxs.h5
664934,108367,YbZn2GaO5,"YZGO, MAG9, Ei=3.32meV, T=20.0K, B=0.0T w=39.0deg",2025-10-18 07:54:00,2025-10-18 07:55:13,00:01:12,0.1,3.32,0.0,3.32,20.0,0.0,39.0,/SNS/CNCS/IPTS-37274/nexus/CNCS_664934.nxs.h5
664933,108367,YbZn2GaO5,"YZGO, MAG9, Ei=3.32meV, T=20.0K, B=0.0T w=38.5deg",2025-10-18 07:52:45,2025-10-18 07:53:57,00:01:12,0.1,3.32,0.0,3.32,20.0,0.0,38.5,/SNS/CNCS/IPTS-37274/nexus/CNCS_664933.nxs.h5
664932,108367,YbZn2GaO5,"YZGO, MAG9, Ei=3.32meV, T=20.0K, B=0.0T w=38.0deg",2025-10-18 07:51:29,2025-10-18 07:52:41,00:01:11,0.1,3.32,0.0,3.32,20.0,0.0,38.0,/SNS/CNCS/IPTS-37274/nexus/CNCS_664932.nxs.h5
664931,108367,YbZn2GaO5,"YZGO, MAG9, Ei=3.32meV, T=20.0K, B=0.0T w=37.5deg",2025-10-18 07:50:14,2025-10-18 07:51:26,00:01:11,0.1,3.32,0.0,3.32,20.0,0.0,37.5,/SNS/CNCS/IPTS-37274/nexus/CNCS_664931.nxs.h5
664930,108367,YbZn2GaO5,"YZGO, MAG9, Ei=3.32meV, T=20.0K, B=0.0T w=37.0deg",2025-10-18 07:48:58,2025-10-18 07:50:10,00:01:11,0.1,3.32,0.0,3.32,20.0,0.0,37.0,/SNS/CNCS/IPTS-37274/nexus/CNCS_664930.nxs.h5
664929,108367,YbZn2GaO5,"YZGO, MAG9, Ei=3.32meV, T=20.0K, B=0.0T w=36.5deg",2025-10-18 07:47:43,2025-10-18 07:48:55,00:01:12,0.1,3.32,0.0,3.32,20.0,0.0,36.5,/SNS/CNCS/IPTS-37274/nexus/CNCS_664929.nxs.h5
664928,108367,YbZn2GaO5,"YZGO, MAG9, Ei=3.32meV, T=20.0K, B=0.0T w=36.0deg",2025-10-18 07:46:27,2025-10-18 07:47:39,00:01:11,0.1,3.32,0.0,3.32,20.0,0.0,36.0,/SNS/CNCS/IPTS-37274/nexus/CNCS_664928.nxs.h5
664927,108367,YbZn2GaO5,"YZGO, MAG9, Ei=3.32meV, T=20.0K, B=0.0T w=35.5deg",2025-10-18 07:45:11,2025-10-18 07:46:24,00:01:12,0.1,3.32,0.0,3.32,20.0,0.0,35.5,/SNS/CNCS/IPTS-37274/nexus/CNCS_664927.nxs.h5
664926,108367,YbZn2GaO5,"YZGO, MAG9, Ei=3.32meV, T=20.0K, B=0.0T w=35.0deg",2025-10-18 07:43:56,2025-10-18 07:45:08,00:01:11,0.1,3.32,0.0,3.32,20.0,0.0,35.0,/SNS/CNCS/IPTS-37274/nexus/CNCS_664926.nxs.h5
664925,108367,YbZn2GaO5,"YZGO, MAG9, Ei=3.32meV, T=20.0K, B=0.0T w=34.5deg",2025-10-18 07:42:40,2025-10-18 07:43:52,00:01:12,0.1,3.32,0.0,3.32,20.0,0.0,34.5,/SNS/CNCS/IPTS-37274/nexus/CNCS_664925.nxs.h5
664924,108367,YbZn2GaO5,"YZGO, MAG9, Ei=3.32meV, T=20.0K, B=0.0T w=34.0deg",2025-10-18 07:41:25,2025-10-18 07:42:37,00:01:11,0.1,3.32,0.0,3.32,20.0,0.0,34.0,/SNS/CNCS/IPTS-37274/nexus/CNCS_664924.nxs.h5
664923,108367,YbZn2GaO5,"YZGO, MAG9, Ei=3.32meV, T=20.0K, B=0.0T w=33.5deg",2025-10-18 07:40:09,2025-10-18 07:41:21,00:01:11,0.1,3.32,0.0,3.32,20.0,0.0,33.5,/SNS/CNCS/IPTS-37274/nexus/CNCS_664923.nxs.h5
664922,108367,YbZn2GaO5,"YZGO, MAG9, Ei=3.32meV, T=20.0K, B=0.0T w=33.0deg",2025-10-18 07:38:54,2025-10-18 07:40:06,00:01:11,0.1,3.32,0.0,3.32,20.0,0.0,33.0,/SNS/CNCS/IPTS-37274/nexus/CNCS_664922.nxs.h5
664921,108367,YbZn2GaO5,"YZGO, MAG9, Ei=3.32meV, T=20.0K, B=0.0T w=32.5deg",2025-10-18 07:37:38,2025-10-18 07:38:50,00:01:11,0.1,3.32,0.0,3.32,20.0,0.0,32.5,/SNS/CNCS/IPTS-37274/nexus/CNCS_664921.nxs.h5
664920,108367,YbZn2GaO5,"YZGO, MAG9, Ei=3.32meV, T=20.0K, B=0.0T w=32.0deg",2025-10-18 07:36:23,2025-10-18 07:37:35,00:01:11,0.1,3.32,0.0,3.32,20.0,0.0,32.0,/SNS/CNCS/IPTS-37274/nexus/CNCS_664920.nxs.h5
664919,108367,YbZn2GaO5,"YZGO, MAG9, Ei=3.32meV, T=20.0K, B=0.0T w=31.5deg",2025-10-18 07:35:08,2025-10-18 07:36:19,00:01:11,0.1,3.32,0.0,3.32,20.0,0.0,31.5,/SNS/CNCS/IPTS-37274/nexus/CNCS_664919.nxs.h5
664918,108367,YbZn2GaO5,"YZGO, MAG9, Ei=3.32meV, T=20.0K, B=0.0T w=31.0deg",2025-10-18 07:33:52,2025-10-18 07:35:04,00:01:11,0.1,3.32,0.0,3.32,20.0,0.0,31.0,/SNS/CNCS/IPTS-37274/nexus/CNCS_664918.nxs.h5
664917,108367,YbZn2GaO5,"YZGO, MAG9, Ei=3.32meV, T=20.0K, B=0.0T w=30.5deg",2025-10-18 07:32:37,2025-10-18 07:33:49,00:01:11,0.1,3.32,0.0,3.32,20.0,0.0,30.5,/SNS/CNCS/IPTS-37274/nexus/CNCS_664917.nxs.h5
664916,108367,YbZn2GaO5,"YZGO, MAG9, Ei=3.32meV, T=20.0K, B=0.0T w=30.0deg",2025-10-18 07:31:21,2025-10-18 07:32:33,00:01:11,0.1,3.32,0.0,3.32,20.0,0.0,30.0,/SNS/CNCS/IPTS-37274/nexus/CNCS_664916.nxs.h5
664915,108367,YbZn2GaO5,"YZGO, MAG9, Ei=3.32meV, T=20.0K, B=0.0T w=29.5deg",2025-10-18 07:30:06,2025-10-18 07:31:18,00:01:11,0.1,3.32,0.0,3.32,20.0,0.0,29.5,/SNS/CNCS/IPTS-37274/nexus/CNCS_664915.nxs.h5
664914,108367,YbZn2GaO5,"YZGO, MAG9, Ei=3.32meV, T=20.0K, B=0.0T w=29.0deg",2025-10-18 07:28:50,2025-10-18 07:30:02,00:01:12,0.1,3.32,0.0,3.32,20.0,0.0,29.0,/SNS/CNCS/IPTS-37274/nexus/CNCS_664914.nxs.h5
664913,108367,YbZn2GaO5,"YZGO, MAG9, Ei=3.32meV, T=20.0K, B=0.0T w=28.5deg",2025-10-18 07:27:34,2025-10-18 07:28:46,00:01:12,0.1,3.32,0.0,3.32,20.0,0.0,28.5,/SNS/CNCS/IPTS-37274/nexus/CNCS_664913.nxs.h5
664912,108367,YbZn2GaO5,"YZGO, MAG9, Ei=3.32meV, T=20.0K, B=0.0T w=28.0deg",2025-10-18 07:26:19,2025-10-18 07:27:31,00:01:11,0.1,3.32,0.0,3.32,20.0,0.0,28.0,/SNS/CNCS/IPTS-37274/nexus/CNCS_664912.nxs.h5
664911,108367,YbZn2GaO5,"YZGO, MAG9, Ei=3.32meV, T=20.0K, B=0.0T w=27.5deg",2025-10-18 07:25:03,2025-10-18 07:26:15,00:01:11,0.1,3.32,0.0,3.32,20.0,0.0,27.5,/SNS/CNCS/IPTS-37274/nexus/CNCS_664911.nxs.h5
664910,108367,YbZn2GaO5,"YZGO, MAG9, Ei=3.32meV, T=20.0K, B=0.0T w=27.0deg",2025-10-18 07:23:48,2025-10-18 07:25:00,00:01:11,0.1,3.32,0.0,3.32,20.0,0.0,27.0,/SNS/CNCS/IPTS-37274/nexus/CNCS_664910.nxs.h5
664909,108367,YbZn2GaO5,"YZGO, MAG9, Ei=3.32meV, T=20.0K, B=0.0T w=26.5deg",2025-10-18 07:22:32,2025-10-18 07:23:44,00:01:11,0.1,3.32,0.0,3.32,20.0,0.0,26.5,/SNS/CNCS/IPTS-37274/nexus/CNCS_664909.nxs.h5
664908,108367,YbZn2GaO5,"YZGO, MAG9, Ei=3.32meV, T=20.0K, B=0.0T w=26.0deg",2025-10-18 07:21:17,2025-10-18 07:22:29,00:01:11,0.1,3.32,0.0,3.32,20.0,0.0,26.0,/SNS/CNCS/IPTS-37274/nexus/CNCS_664908.nxs.h5
664907,108367,YbZn2GaO5,"YZGO, MAG9, Ei=3.32meV, T=20.0K, B=0.0T w=25.5deg",2025-10-18 07:20:01,2025-10-18 07:21:13,00:01:11,0.1,3.32,0.0,3.32,20.0,0.0,25.5,/SNS/CNCS/IPTS-37274/nexus/CNCS_664907.nxs.h5
664906,108367,YbZn2GaO5,"YZGO, MAG9, Ei=3.32meV, T=20.0K, B=0.0T w=25.0deg",2025-10-18 07:18:46,2025-10-18 07:19:58,00:01:11,0.1,3.32,0.0,3.32,20.0,0.0,25.0,/SNS/CNCS/IPTS-37274/nexus/CNCS_664906.nxs.h5
664905,108367,YbZn2GaO5,"YZGO, MAG9, Ei=3.32meV, T=20.0K, B=0.0T w=24.5deg",2025-10-18 07:17:31,2025-10-18 07:18:42,00:01:11,0.1,3.32,0.0,3.32,20.0,0.0,24.5,/SNS/CNCS/IPTS-37274/nexus/CNCS_664905.nxs.h5
664904,108367,YbZn2GaO5,"YZGO, MAG9, Ei=3.32meV, T=20.0K, B=0.0T w=24.0deg",2025-10-18 07:16:15,2025-10-18 07:17:27,00:01:11,0.1,3.32,0.0,3.32,20.0,0.0,24.0,/SNS/CNCS/IPTS-37274/nexus/CNCS_664904.nxs.h5
664903,108367,YbZn2GaO5,"YZGO, MAG9, Ei=3.32meV, T=20.0K, B=0.0T w=23.5deg",2025-10-18 07:15:00,2025-10-18 07:16:12,00:01:11,0.1,3.32,0.0,3.32,20.0,0.0,23.5,/SNS/CNCS/IPTS-37274/nexus/CNCS_664903.nxs.h5
664902,108367,YbZn2GaO5,"YZGO, MAG9, Ei=3.32meV, T=20.0K, B=0.0T w=23.0deg",2025-10-18 07:13:44,2025-10-18 07:14:56,00:01:11,0.1,3.32,0.0,3.32,20.0,0.0,23.0,/SNS/CNCS/IPTS-37274/nexus/CNCS_664902.nxs.h5
664901,108367,YbZn2GaO5,"YZGO, MAG9, Ei=3.32meV, T=20.0K, B=0.0T w=22.5deg",2025-10-18 07:12:29,2025-10-18 07:13:41,00:01:11,0.1,3.32,0.0,3.32,20.0,0.0,22.5,/SNS/CNCS/IPTS-37274/nexus/CNCS_664901.nxs.h5
664900,108367,YbZn2GaO5,"YZGO, MAG9, Ei=3.32meV, T=20.0K, B=0.0T w=22.0deg",2025-10-18 07:11:13,2025-10-18 07:12:25,00:01:12,0.1,3.32,0.0,3.32,20.0,0.0,22.0,/SNS/CNCS/IPTS-37274/nexus/CNCS_664900.nxs.h5
664899,108367,YbZn2GaO5,"YZGO, MAG9, Ei=3.32meV, T=20.0K, B=0.0T w=21.5deg",2025-10-18 07:09:57,2025-10-18 07:11:09,00:01:12,0.1,3.32,0.0,3.32,20.0,0.0,21.5,/SNS/CNCS/IPTS-37274/nexus/CNCS_664899.nxs.h5
664898,108367,YbZn2GaO5,"YZGO, MAG9, Ei=3.32meV, T=20.0K, B=0.0T w=21.0deg",2025-10-18 07:08:42,2025-10-18 07:09:54,00:01:11,0.1,3.32,0.0,3.32,20.0,0.0,21.0,/SNS/CNCS/IPTS-37274/nexus/CNCS_664898.nxs.h5
664897,108367,YbZn2GaO5,"YZGO, MAG9, Ei=3.32meV, T=20.0K, B=0.0T w=20.5deg",2025-10-18 07:07:26,2025-10-18 07:08:38,00:01:11,0.1,3.32,0.0,3.32,20.0,0.0,20.5,/SNS/CNCS/IPTS-37274/nexus/CNCS_664897.nxs.h5
664896,108367,YbZn2GaO5,"YZGO, MAG9, Ei=3.32meV, T=20.0K, B=0.0T w=20.0deg",2025-10-18 07:06:11,2025-10-18 07:07:23,00:01:11,0.1,3.32,0.0,3.32,20.0,0.0,20.0,/SNS/CNCS/IPTS-37274/nexus/CNCS_664896.nxs.h5
664895,108367,YbZn2GaO5,"YZGO, MAG9, Ei=3.32meV, T=20.0K, B=0.0T w=19.5deg",2025-10-18 07:04:55,2025-10-18 07:06:07,00:01:11,0.1,3.32,0.0,3.32,20.0,0.0,19.5,/SNS/CNCS/IPTS-37274/nexus/CNCS_664895.nxs.h5
664894,108367,YbZn2GaO5,"YZGO, MAG9, Ei=3.32meV, T=20.0K, B=0.0T w=19.0deg",2025-10-18 07:03:40,2025-10-18 07:04:52,00:01:12,0.1,3.32,0.0,3.32,20.0,0.0,19.0,/SNS/CNCS/IPTS-37274/nexus/CNCS_664894.nxs.h5
664893,108367,YbZn2GaO5,"YZGO, MAG9, Ei=3.32meV, T=20.0K, B=0.0T w=18.5deg",2025-10-18 07:02:24,2025-10-18 07:03:36,00:01:11,0.1,3.32,0.0,3.32,20.0,0.0,18.5,/SNS/CNCS/IPTS-37274/nexus/CNCS_664893.nxs.h5
664892,108367,YbZn2GaO5,"YZGO, MAG9, Ei=3.32meV, T=20.0K, B=0.0T w=18.0deg",2025-10-18 07:01:09,2025-10-18 07:02:20,00:01:11,0.1,3.32,0.0,3.32,20.0,0.0,18.0,/SNS/CNCS/IPTS-37274/nexus/CNCS_664892.nxs.h5
664891,108367,YbZn2GaO5,"YZGO, MAG9, Ei=3.32meV, T=20.0K, B=0.0T w=17.5deg",2025-10-18 06:59:53,2025-10-18 07:01:05,00:01:12,0.1,3.32,0.0,3.32,20.0,0.0,17.5,/SNS/CNCS/IPTS-37274/nexus/CNCS_664891.nxs.h5
664890,108367,YbZn2GaO5,"YZGO, MAG9, Ei=3.32meV, T=20.0K, B=0.0T w=17.0deg",2025-10-18 06:58:37,2025-10-18 06:59:49,00:01:11,0.1,3.32,0.0,3.32,20.0,0.0,17.0,/SNS/CNCS/IPTS-37274/nexus/CNCS_664890.nxs.h5
664889,108367,YbZn2GaO5,"YZGO, MAG9, Ei=3.32meV, T=20.0K, B=0.0T w=16.5deg",2025-10-18 06:57:22,2025-10-18 06:58:34,00:01:11,0.1,3.32,0.0,3.32,20.0,0.0,16.5,/SNS/CNCS/IPTS-37274/nexus/CNCS_664889.nxs.h5
664888,108367,YbZn2GaO5,"YZGO, MAG9, Ei=3.32meV, T=20.0K, B=0.0T w=16.0deg",2025-10-18 06:56:06,2025-10-18 06:57:18,00:01:11,0.1,3.32,0.0,3.32,20.0,0.0,16.0,/SNS/CNCS/IPTS-37274/nexus/CNCS_664888.nxs.h5
664887,108367,YbZn2GaO5,"YZGO, MAG9, Ei=3.32meV, T=20.0K, B=0.0T w=15.5deg",2025-10-18 06:54:51,2025-10-18 06:56:03,00:01:11,0.1,3.32,0.0,3.32,20.0,0.0,15.5,/SNS/CNCS/IPTS-37274/nexus/CNCS_664887.nxs.h5
664886,108367,YbZn2GaO5,"YZGO, MAG9, Ei=3.32meV, T=20.0K, B=0.0T w=15.0deg",2025-10-18 06:53:35,2025-10-18 06:54:47,00:01:11,0.1,3.32,0.0,3.32,20.0,0.0,15.0,/SNS/CNCS/IPTS-37274/nexus/CNCS_664886.nxs.h5
664885,108367,YbZn2GaO5,"YZGO, MAG9, Ei=3.32meV, T=20.0K, B=0.0T w=14.5deg",2025-10-18 06:52:20,2025-10-18 06:53:32,00:01:12,0.1,3.32,0.0,3.32,20.0,0.0,14.5,/SNS/CNCS/IPTS-37274/nexus/CNCS_664885.nxs.h5
664884,108367,YbZn2GaO5,"YZGO, MAG9, Ei=3.32meV, T=20.0K, B=0.0T w=14.0deg",2025-10-18 06:51:04,2025-10-18 06:52:16,00:01:11,0.1,3.32,0.0,3.32,20.0,0.0,14.0,/SNS/CNCS/IPTS-37274/nexus/CNCS_664884.nxs.h5
664883,108367,YbZn2GaO5,"YZGO, MAG9, Ei=3.32meV, T=20.0K, B=0.0T w=13.5deg",2025-10-18 06:49:48,2025-10-18 06:51:00,00:01:12,0.1,3.32,0.0,3.32,20.0,0.0,13.5,/SNS/CNCS/IPTS-37274/nexus/CNCS_664883.nxs.h5
664882,108367,YbZn2GaO5,"YZGO, MAG9, Ei=3.32meV, T=20.0K, B=0.0T w=13.0deg",2025-10-18 06:48:32,2025-10-18 06:49:44,00:01:12,0.1,3.32,0.0,3.32,20.0,0.0,13.0,/SNS/CNCS/IPTS-37274/nexus/CNCS_664882.nxs.h5
664881,108367,YbZn2GaO5,"YZGO, MAG9, Ei=3.32meV, T=20.0K, B=0.0T w=12.5deg",2025-10-18 06:47:17,2025-10-18 06:48:29,00:01:11,0.1,3.32,0.0,3.32,20.0,0.0,12.5,/SNS/CNCS/IPTS-37274/nexus/CNCS_664881.nxs.h5
664880,108367,YbZn2GaO5,"YZGO, MAG9, Ei=3.32meV, T=20.0K, B=0.0T w=12.0deg",2025-10-18 06:46:01,2025-10-18 06:47:13,00:01:11,0.1,3.32,0.0,3.32,20.0,0.0,12.0,/SNS/CNCS/IPTS-37274/nexus/CNCS_664880.nxs.h5
664879,108367,YbZn2GaO5,"YZGO, MAG9, Ei=3.32meV, T=20.0K, B=0.0T w=11.5deg",2025-10-18 06:44:46,2025-10-18 06:45:58,00:01:11,0.1,3.32,0.0,3.32,20.0,0.0,11.5,/SNS/CNCS/IPTS-37274/nexus/CNCS_664879.nxs.h5
664878,108367,YbZn2GaO5,"YZGO, MAG9, Ei=3.32meV, T=20.0K, B=0.0T w=11.0deg",2025-10-18 06:43:30,2025-10-18 06:44:42,00:01:12,0.1,3.32,0.0,3.32,20.0,0.0,11.0,/SNS/CNCS/IPTS-37274/nexus/CNCS_664878.nxs.h5
664877,108367,YbZn2GaO5,"YZGO, MAG9, Ei=3.32meV, T=20.0K, B=0.0T w=10.5deg",2025-10-18 06:42:14,2025-10-18 06:43:26,00:01:11,0.1,3.32,0.0,3.32,20.0,0.0,10.5,/SNS/CNCS/IPTS-37274/nexus/CNCS_664877.nxs.h5
664876,108367,YbZn2GaO5,"YZGO, MAG9, Ei=3.32meV, T=20.0K, B=0.0T w=10.0deg",2025-10-18 06:40:58,2025-10-18 06:42:11,00:01:12,0.1,3.32,0.0,3.32,20.0,0.0,10.0,/SNS/CNCS/IPTS-37274/nexus/CNCS_664876.nxs.h5
664875,108367,YbZn2GaO5,"YZGO, MAG9, Ei=3.32meV, T=20.0K, B=0.0T w=9.5deg",2025-10-18 06:39:43,2025-10-18 06:40:55,00:01:11,0.1,3.32,0.0,3.32,20.0,0.0,9.5,/SNS/CNCS/IPTS-37274/nexus/CNCS_664875.nxs.h5
664874,108367,YbZn2GaO5,"YZGO, MAG9, Ei=3.32meV, T=20.0K, B=0.0T w=9.0deg",2025-10-18 06:38:27,2025-10-18 06:39:39,00:01:12,0.1,3.32,0.0,3.32,20.0,0.0,9.0,/SNS/CNCS/IPTS-37274/nexus/CNCS_664874.nxs.h5
664873,108367,YbZn2GaO5,"YZGO, MAG9, Ei=3.32meV, T=20.0K, B=0.0T w=8.5deg",2025-10-18 06:37:11,2025-10-18 06:38:23,00:01:11,0.1,3.32,0.0,3.32,20.0,0.0,8.5,/SNS/CNCS/IPTS-37274/nexus/CNCS_664873.nxs.h5
664872,108367,YbZn2GaO5,"YZGO, MAG9, Ei=3.32meV, T=20.0K, B=0.0T w=8.0deg",2025-10-18 06:35:56,2025-10-18 06:37:08,00:01:11,0.1,3.32,0.0,3.32,20.0,0.0,8.0,/SNS/CNCS/IPTS-37274/nexus/CNCS_664872.nxs.h5
664871,108367,YbZn2GaO5,"YZGO, MAG9, Ei=3.32meV, T=20.0K, B=0.0T w=7.5deg",2025-10-18 06:34:40,2025-10-18 06:35:52,00:01:12,0.1,3.32,0.0,3.32,20.0,0.0,7.5,/SNS/CNCS/IPTS-37274/nexus/CNCS_664871.nxs.h5
664870,108367,YbZn2GaO5,"YZGO, MAG9, Ei=3.32meV, T=20.0K, B=0.0T w=7.0deg",2025-10-18 06:33:24,2025-10-18 06:34:36,00:01:12,0.1,3.32,0.0,3.32,20.0,0.0,7.0,/SNS/CNCS/IPTS-37274/nexus/CNCS_664870.nxs.h5
664869,108367,YbZn2GaO5,"YZGO, MAG9, Ei=3.32meV, T=20.0K, B=0.0T w=6.5deg",2025-10-18 06:32:08,2025-10-18 06:33:20,00:01:12,0.1,3.32,0.0,3.32,20.0,0.0,6.5,/SNS/CNCS/IPTS-37274/nexus/CNCS_664869.nxs.h5
664868,108367,YbZn2GaO5,"YZGO, MAG9, Ei=3.32meV, T=20.0K, B=0.0T w=6.0deg",2025-10-18 06:30:52,2025-10-18 06:32:04,00:01:12,0.1,3.32,0.0,3.32,20.0,0.0,6.0,/SNS/CNCS/IPTS-37274/nexus/CNCS_664868.nxs.h5
664867,108367,YbZn2GaO5,"YZGO, MAG9, Ei=3.32meV, T=20.0K, B=0.0T w=5.5deg",2025-10-18 06:29:36,2025-10-18 06:30:49,00:01:12,0.1,3.32,0.0,3.32,20.0,0.0,5.5,/SNS/CNCS/IPTS-37274/nexus/CNCS_664867.nxs.h5
664866,108367,YbZn2GaO5,"YZGO, MAG9, Ei=3.32meV, T=20.0K, B=0.0T w=5.0deg",2025-10-18 06:28:20,2025-10-18 06:29:33,00:01:12,0.1,3.32,0.0,3.32,20.0,0.0,5.0,/SNS/CNCS/IPTS-37274/nexus/CNCS_664866.nxs.h5
664865,108367,YbZn2GaO5,"YZGO, MAG9, Ei=3.32meV, T=20.0K, B=0.0T w=4.5deg",2025-10-18 06:27:05,2025-10-18 06:28:17,00:01:11,0.1,3.32,0.0,3.32,20.0,0.0,4.5,/SNS/CNCS/IPTS-37274/nexus/CNCS_664865.nxs.h5
664864,108367,YbZn2GaO5,"YZGO, MAG9, Ei=3.32meV, T=20.0K, B=0.0T w=4.0deg",2025-10-18 06:25:50,2025-10-18 06:27:01,00:01:11,0.1,3.32,0.0,3.32,20.0,0.0,4.0,/SNS/CNCS/IPTS-37274/nexus/CNCS_664864.nxs.h5
664863,108367,YbZn2GaO5,"YZGO, MAG9, Ei=3.32meV, T=20.0K, B=0.0T w=3.5deg",2025-10-18 06:24:34,2025-10-18 06:25:46,00:01:12,0.1,3.32,0.0,3.32,20.0,0.0,3.5,/SNS/CNCS/IPTS-37274/nexus/CNCS_664863.nxs.h5
664862,108367,YbZn2GaO5,"YZGO, MAG9, Ei=3.32meV, T=20.0K, B=0.0T w=3.0deg",2025-10-18 06:23:18,2025-10-18 06:24:30,00:01:12,0.1,3.32,0.0,3.32,20.0,0.0,3.0,/SNS/CNCS/IPTS-37274/nexus/CNCS_664862.nxs.h5
664861,108367,YbZn2GaO5,"YZGO, MAG9, Ei=3.32meV, T=20.0K, B=0.0T w=2.5deg",2025-10-18 06:22:02,2025-10-18 06:23:14,00:01:12,0.1,3.32,0.0,3.32,20.0,0.0,2.5,/SNS/CNCS/IPTS-37274/nexus/CNCS_664861.nxs.h5
664860,108367,YbZn2GaO5,"YZGO, MAG9, Ei=3.32meV, T=20.0K, B=0.0T w=2.0deg",2025-10-18 06:20:46,2025-10-18 06:21:58,00:01:11,0.1,3.32,0.0,3.32,20.0,0.0,2.0,/SNS/CNCS/IPTS-37274/nexus/CNCS_664860.nxs.h5
664859,108367,YbZn2GaO5,"YZGO, MAG9, Ei=3.32meV, T=20.0K, B=0.0T w=1.5deg",2025-10-18 06:19:31,2025-10-18 06:20:43,00:01:12,0.1,3.32,0.0,3.32,20.0,0.0,1.5,/SNS/CNCS/IPTS-37274/nexus/CNCS_664859.nxs.h5
664858,108367,YbZn2GaO5,"YZGO, MAG9, Ei=3.32meV, T=20.0K, B=0.0T w=1.0deg",2025-10-18 06:18:15,2025-10-18 06:19:27,00:01:11,0.1,3.32,0.0,3.32,20.0,0.0,1.0,/SNS/CNCS/IPTS-37274/nexus/CNCS_664858.nxs.h5
664857,108367,YbZn2GaO5,"YZGO, MAG9, Ei=3.32meV, T=20.0K, B=0.0T w=0.5deg",2025-10-18 06:16:59,2025-10-18 06:18:11,00:01:12,0.1,3.32,0.0,3.32,20.0,0.0,0.5,/SNS/CNCS/IPTS-37274/nexus/CNCS_664857.nxs.h5
664856,108367,YbZn2GaO5,"YZGO, MAG9, Ei=3.32meV, T=20.0K, B=0.0T w=0.0deg",2025-10-18 06:15:44,2025-10-18 06:16:55,00:01:11,0.1,3.32,0.0,3.32,20.0,0.0,0.0,/SNS/CNCS/IPTS-37274/nexus/CNCS_664856.nxs.h5
664855,108367,YbZn2GaO5,"YZGO, MAG9, Ei=3.32meV, T=20.0K, B=0.0T w=-0.5deg",2025-10-18 06:14:28,2025-10-18 06:15:40,00:01:12,0.1,3.32,0.0,3.32,20.0,0.0,-0.5,/SNS/CNCS/IPTS-37274/nexus/CNCS_664855.nxs.h5
664854,108367,YbZn2GaO5,"YZGO, MAG9, Ei=3.32meV, T=20.0K, B=0.0T w=-1.0deg",2025-10-18 06:13:12,2025-10-18 06:14:24,00:01:12,0.1,3.32,0.0,3.32,20.0,0.0,-1.0,/SNS/CNCS/IPTS-37274/nexus/CNCS_664854.nxs.h5
664853,108367,YbZn2GaO5,"YZGO, MAG9, Ei=3.32meV, T=20.0K, B=0.0T w=-1.5deg",2025-10-18 06:11:56,2025-10-18 06:13:08,00:01:12,0.1,3.32,0.0,3.32,20.0,0.0,-1.5,/SNS/CNCS/IPTS-37274/nexus/CNCS_664853.nxs.h5
664852,108367,YbZn2GaO5,"YZGO, MAG9, Ei=3.32meV, T=20.0K, B=0.0T w=-2.0deg",2025-10-18 06:10:40,2025-10-18 06:11:52,00:01:12,0.1,3.32,0.0,3.32,20.0,0.0,-2.0,/SNS/CNCS/IPTS-37274/nexus/CNCS_664852.nxs.h5
664851,108367,YbZn2GaO5,"YZGO, MAG9, Ei=3.32meV, T=20.0K, B=0.0T w=-2.5deg",2025-10-18 06:09:24,2025-10-18 06:10:36,00:01:11,0.1,3.32,0.0,3.32,20.0,0.0,-2.5,/SNS/CNCS/IPTS-37274/nexus/CNCS_664851.nxs.h5
664850,108367,YbZn2GaO5,"YZGO, MAG9, Ei=3.32meV, T=20.0K, B=0.0T w=-3.0deg",2025-10-18 06:08:09,2025-10-18 06:09:21,00:01:12,0.1,3.32,0.0,3.32,20.0,0.0,-3.0,/SNS/CNCS/IPTS-37274/nexus/CNCS_664850.nxs.h5
664849,108367,YbZn2GaO5,"YZGO, MAG9, Ei=3.32meV, T=20.0K, B=0.0T w=-3.5deg",2025-10-18 06:06:53,2025-10-18 06:08:05,00:01:12,0.1,3.32,0.0,3.32,20.0,0.0,-3.5,/SNS/CNCS/IPTS-37274/nexus/CNCS_664849.nxs.h5
664848,108367,YbZn2GaO5,"YZGO, MAG9, Ei=3.32meV, T=20.0K, B=0.0T w=-4.0deg",2025-10-18 06:05:37,2025-10-18 06:06:49,00:01:12,0.1,3.32,0.0,3.32,20.0,0.0,-4.0,/SNS/CNCS/IPTS-37274/nexus/CNCS_664848.nxs.h5
664847,108367,YbZn2GaO5,"YZGO, MAG9, Ei=3.32meV, T=20.0K, B=0.0T w=-4.5deg",2025-10-18 06:04:21,2025-10-18 06:05:33,00:01:12,0.1,3.32,0.0,3.32,20.0,0.0,-4.5,/SNS/CNCS/IPTS-37274/nexus/CNCS_664847.nxs.h5
664846,108367,YbZn2GaO5,"YZGO, MAG9, Ei=3.32meV, T=20.0K, B=0.0T w=-5.0deg",2025-10-18 06:03:05,2025-10-18 06:04:17,00:01:12,0.1,3.32,0.0,3.32,20.0,0.0,-5.0,/SNS/CNCS/IPTS-37274/nexus/CNCS_664846.nxs.h5
664845,108367,YbZn2GaO5,"YZGO, MAG9, Ei=3.32meV, T=20.0K, B=0.0T w=-5.5deg",2025-10-18 06:01:49,2025-10-18 06:03:01,00:01:12,0.1,3.32,0.0,3.32,20.0,0.0,-5.5,/SNS/CNCS/IPTS-37274/nexus/CNCS_664845.nxs.h5
664844,108367,YbZn2GaO5,"YZGO, MAG9, Ei=3.32meV, T=20.0K, B=0.0T w=-6.0deg",2025-10-18 06:00:33,2025-10-18 06:01:45,00:01:12,0.1,3.32,0.0,3.32,20.0,0.0,-6.0,/SNS/CNCS/IPTS-37274/nexus/CNCS_664844.nxs.h5
664843,108367,YbZn2GaO5,"YZGO, MAG9, Ei=3.32meV, T=20.0K, B=0.0T w=-6.5deg",2025-10-18 05:59:18,2025-10-18 06:00:29,00:01:11,0.1,3.32,0.0,3.32,20.0,0.0,-6.5,/SNS/CNCS/IPTS-37274/nexus/CNCS_664843.nxs.h5
664842,108367,YbZn2GaO5,"YZGO, MAG9, Ei=3.32meV, T=20.0K, B=0.0T w=-7.0deg",2025-10-18 05:58:02,2025-10-18 05:59:14,00:01:12,0.1,3.32,0.0,3.32,20.0,0.0,-7.0,/SNS/CNCS/IPTS-37274/nexus/CNCS_664842.nxs.h5
664841,108367,YbZn2GaO5,"YZGO, MAG9, Ei=3.32meV, T=20.0K, B=0.0T w=-7.5deg",2025-10-18 05:56:46,2025-10-18 05:57:58,00:01:12,0.1,3.32,0.0,3.32,20.0,0.0,-7.5,/SNS/CNCS/IPTS-37274/nexus/CNCS_664841.nxs.h5
664840,108367,YbZn2GaO5,"YZGO, MAG9, Ei=3.32meV, T=20.0K, B=0.0T w=-8.0deg",2025-10-18 05:55:30,2025-10-18 05:56:42,00:01:12,0.1,3.32,0.0,3.32,20.0,0.0,-8.0,/SNS/CNCS/IPTS-37274/nexus/CNCS_664840.nxs.h5
664839,108367,YbZn2GaO5,"YZGO, MAG9, Ei=3.32meV, T=20.0K, B=0.0T w=-8.5deg",2025-10-18 05:54:13,2025-10-18 05:55:26,00:01:13,0.1,3.32,0.0,3.32,20.0,0.0,-8.5,/SNS/CNCS/IPTS-37274/nexus/CNCS_664839.nxs.h5
664838,108367,YbZn2GaO5,"YZGO, MAG9, Ei=3.32meV, T=20.0K, B=0.0T w=-9.0deg",2025-10-18 05:52:57,2025-10-18 05:54:09,00:01:12,0.1,3.32,0.0,3.32,20.0,0.0,-9.0,/SNS/CNCS/IPTS-37274/nexus/CNCS_664838.nxs.h5
664837,108367,YbZn2GaO5,"YZGO, MAG9, Ei=3.32meV, T=20.0K, B=0.0T w=-9.5deg",2025-10-18 05:51:41,2025-10-18 05:52:53,00:01:12,0.1,3.32,0.0,3.32,20.0,0.0,-9.5,/SNS/CNCS/IPTS-37274/nexus/CNCS_664837.nxs.h5
664836,108367,YbZn2GaO5,"YZGO, MAG9, Ei=3.32meV, T=20.0K, B=0.0T w=-10.0deg",2025-10-18 05:50:25,2025-10-18 05:51:37,00:01:12,0.1,3.32,0.0,3.32,20.0,0.0,-10.0,/SNS/CNCS/IPTS-37274/nexus/CNCS_664836.nxs.h5
664835,108367,YbZn2GaO5,"YZGO, MAG9, Ei=3.32meV, T=20.0K, B=0.0T w=-10.5deg",2025-10-18 05:49:09,2025-10-18 05:50:21,00:01:11,0.1,3.32,0.0,3.32,20.0,0.0,-10.5,/SNS/CNCS/IPTS-37274/nexus/CNCS_664835.nxs.h5
664834,108367,YbZn2GaO5,"YZGO, MAG9, Ei=3.32meV, T=20.0K, B=0.0T w=-11.0deg",2025-10-18 05:47:53,2025-10-18 05:49:06,00:01:12,0.1,3.32,0.0,3.32,20.0,0.0,-11.0,/SNS/CNCS/IPTS-37274/nexus/CNCS_664834.nxs.h5
664833,108367,YbZn2GaO5,"YZGO, MAG9, Ei=3.32meV, T=20.0K, B=0.0T w=-11.5deg",2025-10-18 05:46:38,2025-10-18 05:47:50,00:01:12,0.1,3.32,0.0,3.32,20.0,0.0,-11.5,/SNS/CNCS/IPTS-37274/nexus/CNCS_664833.nxs.h5
664832,108367,YbZn2GaO5,"YZGO, MAG9, Ei=3.32meV, T=20.0K, B=0.0T w=-12.0deg",2025-10-18 05:45:22,2025-10-18 05:46:34,00:01:12,0.1,3.32,0.0,3.32,20.0,0.0,-12.0,/SNS/CNCS/IPTS-37274/nexus/CNCS_664832.nxs.h5
664831,108367,YbZn2GaO5,"YZGO, MAG9, Ei=3.32meV, T=20.0K, B=0.0T w=-12.5deg",2025-10-18 05:44:06,2025-10-18 05:45:18,00:01:12,0.1,3.32,0.0,3.32,20.0,0.0,-12.5,/SNS/CNCS/IPTS-37274/nexus/CNCS_664831.nxs.h5
664830,108367,YbZn2GaO5,"YZGO, MAG9, Ei=3.32meV, T=20.0K, B=0.0T w=-13.0deg",2025-10-18 05:42:50,2025-10-18 05:44:02,00:01:12,0.1,3.32,0.0,3.32,20.0,0.0,-13.0,/SNS/CNCS/IPTS-37274/nexus/CNCS_664830.nxs.h5
664829,108367,YbZn2GaO5,"YZGO, MAG9, Ei=3.32meV, T=20.0K, B=0.0T w=-13.5deg",2025-10-18 05:41:34,2025-10-18 05:42:46,00:01:12,0.1,3.32,0.0,3.32,20.0,0.0,-13.5,/SNS/CNCS/IPTS-37274/nexus/CNCS_664829.nxs.h5
664828,108367,YbZn2GaO5,"YZGO, MAG9, Ei=3.32meV, T=20.0K, B=0.0T w=-14.0deg",2025-10-18 05:40:18,2025-10-18 05:41:30,00:01:12,0.1,3.32,0.0,3.32,20.0,0.0,-14.0,/SNS/CNCS/IPTS-37274/nexus/CNCS_664828.nxs.h5
664827,108367,YbZn2GaO5,"YZGO, MAG9, Ei=3.32meV, T=20.0K, B=0.0T w=-14.5deg",2025-10-18 05:39:02,2025-10-18 05:40:14,00:01:12,0.1,3.32,0.0,3.32,20.0,0.0,-14.5,/SNS/CNCS/IPTS-37274/nexus/CNCS_664827.nxs.h5
664826,108367,YbZn2GaO5,"YZGO, MAG9, Ei=3.32meV, T=20.0K, B=0.0T w=-15.0deg",2025-10-18 05:37:46,2025-10-18 05:38:59,00:01:12,0.1,3.32,0.0,3.32,20.0,0.0,-15.0,/SNS/CNCS/IPTS-37274/nexus/CNCS_664826.nxs.h5
664825,108367,YbZn2GaO5,"YZGO, MAG9, Ei=3.32meV, T=20.0K, B=0.0T w=-15.5deg",2025-10-18 05:36:30,2025-10-18 05:37:43,00:01:12,0.1,3.32,0.0,3.32,20.0,0.0,-15.5,/SNS/CNCS/IPTS-37274/nexus/CNCS_664825.nxs.h5
664824,108367,YbZn2GaO5,"YZGO, MAG9, Ei=3.32meV, T=20.0K, B=0.0T w=-16.0deg",2025-10-18 05:35:14,2025-10-18 05:36:27,00:01:12,0.1,3.32,0.0,3.32,20.0,0.0,-16.0,/SNS/CNCS/IPTS-37274/nexus/CNCS_664824.nxs.h5
664823,108367,YbZn2GaO5,"YZGO, MAG9, Ei=3.32meV, T=20.0K, B=0.0T w=-16.5deg",2025-10-18 05:33:58,2025-10-18 05:35:11,00:01:12,0.1,3.32,0.0,3.32,20.0,0.0,-16.5,/SNS/CNCS/IPTS-37274/nexus/CNCS_664823.nxs.h5
664822,108367,YbZn2GaO5,"YZGO, MAG9, Ei=3.32meV, T=20.0K, B=0.0T w=-17.0deg",2025-10-18 05:32:42,2025-10-18 05:33:55,00:01:12,0.1,3.32,0.0,3.32,20.0,0.0,-17.0,/SNS/CNCS/IPTS-37274/nexus/CNCS_664822.nxs.h5
664821,108367,YbZn2GaO5,"YZGO, MAG9, Ei=3.32meV, T=20.0K, B=0.0T w=-17.5deg",2025-10-18 05:31:26,2025-10-18 05:32:39,00:01:12,0.1,3.32,0.0,3.32,20.0,0.0,-17.5,/SNS/CNCS/IPTS-37274/nexus/CNCS_664821.nxs.h5
664820,108367,YbZn2GaO5,"YZGO, MAG9, Ei=3.32meV, T=20.0K, B=0.0T w=-18.0deg",2025-10-18 05:30:11,2025-10-18 05:31:23,00:01:12,0.1,3.32,0.0,3.32,20.0,0.0,-18.0,/SNS/CNCS/IPTS-37274/nexus/CNCS_664820.nxs.h5
664819,108367,YbZn2GaO5,"YZGO, MAG9, Ei=3.32meV, T=20.0K, B=0.0T w=-18.5deg",2025-10-18 05:28:55,2025-10-18 05:30:07,00:01:12,0.1,3.32,0.0,3.32,20.0,0.0,-18.5,/SNS/CNCS/IPTS-37274/nexus/CNCS_664819.nxs.h5
664818,108367,YbZn2GaO5,"YZGO, MAG9, Ei=3.32meV, T=20.0K, B=0.0T w=-19.0deg",2025-10-18 05:27:39,2025-10-18 05:28:51,00:01:12,0.1,3.32,0.0,3.32,20.0,0.0,-19.0,/SNS/CNCS/IPTS-37274/nexus/CNCS_664818.nxs.h5
664817,108367,YbZn2GaO5,"YZGO, MAG9, Ei=3.32meV, T=20.0K, B=0.0T w=-19.5deg",2025-10-18 05:26:23,2025-10-18 05:27:35,00:01:12,0.1,3.32,0.0,3.32,20.0,0.0,-19.5,/SNS/CNCS/IPTS-37274/nexus/CNCS_664817.nxs.h5
664816,108367,YbZn2GaO5,"YZGO, MAG9, Ei=3.32meV, T=20.0K, B=0.0T w=-20.0deg",2025-10-18 05:25:07,2025-10-18 05:26:19,00:01:12,0.1,3.32,0.0,3.32,20.0,0.0,-20.0,/SNS/CNCS/IPTS-37274/nexus/CNCS_664816.nxs.h5
664815,108367,YbZn2GaO5,"YZGO, MAG9, Ei=3.32meV, T=20.0K, B=0.0T w=-20.5deg",2025-10-18 05:23:51,2025-10-18 05:25:03,00:01:12,0.1,3.32,0.0,3.32,20.0,0.0,-20.5,/SNS/CNCS/IPTS-37274/nexus/CNCS_664815.nxs.h5
664814,108367,YbZn2GaO5,"YZGO, MAG9, Ei=3.32meV, T=20.0K, B=0.0T w=-21.0deg",2025-10-18 05:22:35,2025-10-18 05:23:47,00:01:12,0.1,3.32,0.0,3.32,20.0,0.0,-21.0,/SNS/CNCS/IPTS-37274/nexus/CNCS_664814.nxs.h5
664813,108367,YbZn2GaO5,"YZGO, MAG9, Ei=3.32meV, T=20.0K, B=0.0T w=-21.5deg",2025-10-18 05:21:19,2025-10-18 05:22:31,00:01:12,0.1,3.32,0.0,3.32,20.0,0.0,-21.5,/SNS/CNCS/IPTS-37274/nexus/CNCS_664813.nxs.h5
664812,108367,YbZn2GaO5,"YZGO, MAG9, Ei=3.32meV, T=20.0K, B=0.0T w=-22.0deg",2025-10-18 05:20:03,2025-10-18 05:21:16,00:01:12,0.1,3.32,0.0,3.32,20.0,0.0,-22.0,/SNS/CNCS/IPTS-37274/nexus/CNCS_664812.nxs.h5
664811,108367,YbZn2GaO5,"YZGO, MAG9, Ei=3.32meV, T=20.0K, B=0.0T w=-22.5deg",2025-10-18 05:18:47,2025-10-18 05:20:00,00:01:12,0.1,3.32,0.0,3.32,20.0,0.0,-22.5,/SNS/CNCS/IPTS-37274/nexus/CNCS_664811.nxs.h5
664810,108367,YbZn2GaO5,"YZGO, MAG9, Ei=3.32meV, T=20.0K, B=0.0T w=-23.0deg",2025-10-18 05:17:32,2025-10-18 05:18:44,00:01:11,0.1,3.32,0.0,3.32,20.0,0.0,-23.0,/SNS/CNCS/IPTS-37274/nexus/CNCS_664810.nxs.h5
664809,108367,YbZn2GaO5,"YZGO, MAG9, Ei=3.32meV, T=20.0K, B=0.0T w=-23.5deg",2025-10-18 05:16:16,2025-10-18 05:17:28,00:01:12,0.1,3.32,0.0,3.32,20.0,0.0,-23.5,/SNS/CNCS/IPTS-37274/nexus/CNCS_664809.nxs.h5
664808,108367,YbZn2GaO5,"YZGO, MAG9, Ei=3.32meV, T=20.0K, B=0.0T w=-24.0deg",2025-10-18 05:15:00,2025-10-18 05:16:12,00:01:11,0.1,3.32,0.0,3.32,20.0,0.0,-24.0,/SNS/CNCS/IPTS-37274/nexus/CNCS_664808.nxs.h5
664807,108367,YbZn2GaO5,"YZGO, MAG9, Ei=3.32meV, T=20.0K, B=0.0T w=-24.5deg",2025-10-18 05:13:44,2025-10-18 05:14:57,00:01:12,0.1,3.32,0.0,3.32,20.0,0.0,-24.5,/SNS/CNCS/IPTS-37274/nexus/CNCS_664807.nxs.h5
664806,108367,YbZn2GaO5,"YZGO, MAG9, Ei=3.32meV, T=20.0K, B=0.0T w=-25.0deg",2025-10-18 05:12:29,2025-10-18 05:13:41,00:01:12,0.1,3.32,0.0,3.32,20.0,0.0,-25.0,/SNS/CNCS/IPTS-37274/nexus/CNCS_664806.nxs.h5
664805,108367,YbZn2GaO5,"YZGO, MAG9, Ei=3.32meV, T=20.0K, B=0.0T w=-25.5deg",2025-10-18 05:11:13,2025-10-18 05:12:25,00:01:12,0.1,3.32,0.0,3.32,20.0,0.0,-25.5,/SNS/CNCS/IPTS-37274/nexus/CNCS_664805.nxs.h5
664804,108367,YbZn2GaO5,"YZGO, MAG9, Ei=3.32meV, T=20.0K, B=0.0T w=-26.0deg",2025-10-18 05:09:57,2025-10-18 05:11:09,00:01:12,0.1,3.32,0.0,3.32,20.0,0.0,-26.0,/SNS/CNCS/IPTS-37274/nexus/CNCS_664804.nxs.h5
664803,108367,YbZn2GaO5,"YZGO, MAG9, Ei=3.32meV, T=20.0K, B=0.0T w=-26.5deg",2025-10-18 05:08:41,2025-10-18 05:09:53,00:01:11,0.1,3.32,0.0,3.32,20.0,0.0,-26.5,/SNS/CNCS/IPTS-37274/nexus/CNCS_664803.nxs.h5
664802,108367,YbZn2GaO5,"YZGO, MAG9, Ei=3.32meV, T=20.0K, B=0.0T w=-27.0deg",2025-10-18 05:07:26,2025-10-18 05:08:38,00:01:11,0.1,3.32,0.0,3.32,20.0,0.0,-27.0,/SNS/CNCS/IPTS-37274/nexus/CNCS_664802.nxs.h5
664801,108367,YbZn2GaO5,"YZGO, MAG9, Ei=3.32meV, T=20.0K, B=0.0T w=-27.5deg",2025-10-18 05:06:10,2025-10-18 05:07:22,00:01:12,0.1,3.32,0.0,3.32,20.0,0.0,-27.5,/SNS/CNCS/IPTS-37274/nexus/CNCS_664801.nxs.h5
664800,108367,YbZn2GaO5,"YZGO, MAG9, Ei=3.32meV, T=20.0K, B=0.0T w=-28.0deg",2025-10-18 05:04:54,2025-10-18 05:06:06,00:01:12,0.1,3.32,0.0,3.32,20.0,0.0,-28.0,/SNS/CNCS/IPTS-37274/nexus/CNCS_664800.nxs.h5
664799,108367,YbZn2GaO5,"YZGO, MAG9, Ei=3.32meV, T=20.0K, B=0.0T w=-28.5deg",2025-10-18 05:03:39,2025-10-18 05:04:50,00:01:11,0.1,3.32,0.0,3.32,20.0,0.0,-28.5,/SNS/CNCS/IPTS-37274/nexus/CNCS_664799.nxs.h5
664798,108367,YbZn2GaO5,"YZGO, MAG9, Ei=3.32meV, T=20.0K, B=0.0T w=-29.0deg",2025-10-18 05:02:23,2025-10-18 05:03:35,00:01:12,0.1,3.32,0.0,3.32,20.0,0.0,-29.0,/SNS/CNCS/IPTS-37274/nexus/CNCS_664798.nxs.h5
664797,108367,YbZn2GaO5,"YZGO, MAG9, Ei=3.32meV, T=20.0K, B=0.0T w=-29.5deg",2025-10-18 05:01:07,2025-10-18 05:02:19,00:01:12,0.1,3.32,0.0,3.32,20.0,0.0,-29.5,/SNS/CNCS/IPTS-37274/nexus/CNCS_664797.nxs.h5
664796,108367,YbZn2GaO5,"YZGO, MAG9, Ei=3.32meV, T=20.0K, B=0.0T w=-30.0deg",2025-10-18 04:59:51,2025-10-18 05:01:03,00:01:12,0.1,3.32,0.0,3.32,20.0,0.0,-30.0,/SNS/CNCS/IPTS-37274/nexus/CNCS_664796.nxs.h5
664795,108367,YbZn2GaO5,"YZGO, MAG9, Ei=3.32meV, T=20.0K, B=0.0T w=-30.5deg",2025-10-18 04:58:35,2025-10-18 04:59:47,00:01:12,0.1,3.32,0.0,3.32,20.0,0.0,-30.5,/SNS/CNCS/IPTS-37274/nexus/CNCS_664795.nxs.h5
664794,108367,YbZn2GaO5,"YZGO, MAG9, Ei=3.32meV, T=20.0K, B=0.0T w=-31.0deg",2025-10-18 04:57:19,2025-10-18 04:58:31,00:01:12,0.1,3.32,0.0,3.32,20.0,0.0,-31.0,/SNS/CNCS/IPTS-37274/nexus/CNCS_664794.nxs.h5
664793,108367,YbZn2GaO5,"YZGO, MAG9, Ei=3.32meV, T=20.0K, B=0.0T w=-31.5deg",2025-10-18 04:56:03,2025-10-18 04:57:15,00:01:12,0.1,3.32,0.0,3.32,20.0,0.0,-31.5,/SNS/CNCS/IPTS-37274/nexus/CNCS_664793.nxs.h5
664792,108367,YbZn2GaO5,"YZGO, MAG9, Ei=3.32meV, T=20.0K, B=0.0T w=-32.0deg",2025-10-18 04:54:47,2025-10-18 04:56:00,00:01:12,0.1,3.32,0.0,3.32,20.0,0.0,-32.0,/SNS/CNCS/IPTS-37274/nexus/CNCS_664792.nxs.h5
664791,108367,YbZn2GaO5,"YZGO, MAG9, Ei=3.32meV, T=20.0K, B=0.0T w=-32.5deg",2025-10-18 04:53:31,2025-10-18 04:54:44,00:01:12,0.1,3.32,0.0,3.32,20.0,0.0,-32.5,/SNS/CNCS/IPTS-37274/nexus/CNCS_664791.nxs.h5
664790,108367,YbZn2GaO5,"YZGO, MAG9, Ei=3.32meV, T=20.0K, B=0.0T w=-33.0deg",2025-10-18 04:52:15,2025-10-18 04:53:28,00:01:12,0.1,3.32,0.0,3.32,20.0,0.0,-33.0,/SNS/CNCS/IPTS-37274/nexus/CNCS_664790.nxs.h5
664789,108367,YbZn2GaO5,"YZGO, MAG9, Ei=3.32meV, T=20.0K, B=0.0T w=-33.5deg",2025-10-18 04:50:59,2025-10-18 04:52:12,00:01:12,0.1,3.32,0.0,3.32,20.0,0.0,-33.5,/SNS/CNCS/IPTS-37274/nexus/CNCS_664789.nxs.h5
664788,108367,YbZn2GaO5,"YZGO, MAG9, Ei=3.32meV, T=20.0K, B=0.0T w=-34.0deg",2025-10-18 04:49:43,2025-10-18 04:50:56,00:01:12,0.1,3.32,0.0,3.32,20.0,0.0,-34.0,/SNS/CNCS/IPTS-37274/nexus/CNCS_664788.nxs.h5
664787,108367,YbZn2GaO5,"YZGO, MAG9, Ei=3.32meV, T=20.0K, B=0.0T w=-34.5deg",2025-10-18 04:48:28,2025-10-18 04:49:40,00:01:11,0.1,3.32,0.0,3.32,20.0,0.0,-34.5,/SNS/CNCS/IPTS-37274/nexus/CNCS_664787.nxs.h5
664786,108367,YbZn2GaO5,"YZGO, MAG9, Ei=3.32meV, T=20.0K, B=0.0T w=-35.0deg",2025-10-18 04:47:12,2025-10-18 04:48:24,00:01:12,0.1,3.32,0.0,3.32,20.0,0.0,-35.0,/SNS/CNCS/IPTS-37274/nexus/CNCS_664786.nxs.h5
664785,108367,YbZn2GaO5,"YZGO, MAG9, Ei=3.32meV, T=20.0K, B=0.0T w=-35.5deg",2025-10-18 04:45:56,2025-10-18 04:47:08,00:01:12,0.1,3.32,0.0,3.32,20.0,0.0,-35.5,/SNS/CNCS/IPTS-37274/nexus/CNCS_664785.nxs.h5
664784,108367,YbZn2GaO5,"YZGO, MAG9, Ei=3.32meV, T=20.0K, B=0.0T w=-36.0deg",2025-10-18 04:44:40,2025-10-18 04:45:53,00:01:12,0.1,3.32,0.0,3.32,20.0,0.0,-36.0,/SNS/CNCS/IPTS-37274/nexus/CNCS_664784.nxs.h5
664783,108367,YbZn2GaO5,"YZGO, MAG9, Ei=3.32meV, T=20.0K, B=0.0T w=-36.5deg",2025-10-18 04:43:24,2025-10-18 04:44:37,00:01:12,0.1,3.32,0.0,3.32,20.0,0.0,-36.5,/SNS/CNCS/IPTS-37274/nexus/CNCS_664783.nxs.h5
664782,108367,YbZn2GaO5,"YZGO, MAG9, Ei=3.32meV, T=20.0K, B=0.0T w=-37.0deg",2025-10-18 04:42:08,2025-10-18 04:43:21,00:01:12,0.1,3.32,0.0,3.32,20.0,0.0,-37.0,/SNS/CNCS/IPTS-37274/nexus/CNCS_664782.nxs.h5
664781,108367,YbZn2GaO5,"YZGO, MAG9, Ei=3.32meV, T=20.0K, B=0.0T w=-37.5deg",2025-10-18 04:40:52,2025-10-18 04:42:05,00:01:12,0.1,3.32,0.0,3.32,20.0,0.0,-37.5,/SNS/CNCS/IPTS-37274/nexus/CNCS_664781.nxs.h5
664780,108367,YbZn2GaO5,"YZGO, MAG9, Ei=3.32meV, T=20.0K, B=0.0T w=-38.0deg",2025-10-18 04:39:37,2025-10-18 04:40:49,00:01:12,0.1,3.32,0.0,3.32,20.0,0.0,-38.0,/SNS/CNCS/IPTS-37274/nexus/CNCS_664780.nxs.h5
664779,108367,YbZn2GaO5,"YZGO, MAG9, Ei=3.32meV, T=20.0K, B=0.0T w=-38.5deg",2025-10-18 04:38:21,2025-10-18 04:39:33,00:01:12,0.1,3.32,0.0,3.32,20.0,0.0,-38.5,/SNS/CNCS/IPTS-37274/nexus/CNCS_664779.nxs.h5
664778,108367,YbZn2GaO5,"YZGO, MAG9, Ei=3.32meV, T=20.0K, B=0.0T w=-39.0deg",2025-10-18 04:37:05,2025-10-18 04:38:17,00:01:12,0.1,3.32,0.0,3.32,20.0,0.0,-39.0,/SNS/CNCS/IPTS-37274/nexus/CNCS_664778.nxs.h5
664777,108367,YbZn2GaO5,"YZGO, MAG9, Ei=3.32meV, T=20.0K, B=0.0T w=-39.5deg",2025-10-18 04:35:49,2025-10-18 04:37:01,00:01:12,0.1,3.32,0.0,3.32,20.0,0.0,-39.5,/SNS/CNCS/IPTS-37274/nexus/CNCS_664777.nxs.h5
664776,108367,YbZn2GaO5,"YZGO, MAG9, Ei=3.32meV, T=20.0K, B=0.0T w=-40.0deg",2025-10-18 04:34:33,2025-10-18 04:35:45,00:01:12,0.1,3.32,0.0,3.32,20.0,0.0,-40.0,/SNS/CNCS/IPTS-37274/nexus/CNCS_664776.nxs.h5
664775,108367,YbZn2GaO5,"YZGO, MAG9, Ei=3.32meV, T=20.0K, B=0.0T w=-40.5deg",2025-10-18 04:33:17,2025-10-18 04:34:29,00:01:12,0.1,3.32,0.0,3.32,20.0,0.0,-40.5,/SNS/CNCS/IPTS-37274/nexus/CNCS_664775.nxs.h5
664774,108367,YbZn2GaO5,"YZGO, MAG9, Ei=3.32meV, T=20.0K, B=0.0T w=-41.0deg",2025-10-18 04:32:01,2025-10-18 04:33:13,00:01:12,0.1,3.32,0.0,3.32,20.0,0.0,-41.0,/SNS/CNCS/IPTS-37274/nexus/CNCS_664774.nxs.h5
664773,108367,YbZn2GaO5,"YZGO, MAG9, Ei=3.32meV, T=20.0K, B=0.0T w=-41.5deg",2025-10-18 04:30:45,2025-10-18 04:31:57,00:01:12,0.1,3.32,0.0,3.32,20.0,0.0,-41.5,/SNS/CNCS/IPTS-37274/nexus/CNCS_664773.nxs.h5
664772,108367,YbZn2GaO5,"YZGO, MAG9, Ei=3.32meV, T=20.0K, B=0.0T w=-42.0deg",2025-10-18 04:29:29,2025-10-18 04:30:41,00:01:12,0.1,3.32,0.0,3.32,20.0,0.0,-42.0,/SNS/CNCS/IPTS-37274/nexus/CNCS_664772.nxs.h5
664771,108367,YbZn2GaO5,"YZGO, MAG9, Ei=3.32meV, T=20.0K, B=0.0T w=-42.5deg",2025-10-18 04:28:13,2025-10-18 04:29:26,00:01:12,0.1,3.32,0.0,3.32,20.0,0.0,-42.5,/SNS/CNCS/IPTS-37274/nexus/CNCS_664771.nxs.h5
664770,108367,YbZn2GaO5,"YZGO, MAG9, Ei=3.32meV, T=20.0K, B=0.0T w=-43.0deg",2025-10-18 04:26:57,2025-10-18 04:28:10,00:01:12,0.1,3.32,0.0,3.32,20.0,0.0,-43.0,/SNS/CNCS/IPTS-37274/nexus/CNCS_664770.nxs.h5
664769,108367,YbZn2GaO5,"YZGO, MAG9, Ei=3.32meV, T=20.0K, B=0.0T w=-43.5deg",2025-10-18 04:25:42,2025-10-18 04:26:54,00:01:12,0.1,3.32,0.0,3.32,20.0,0.0,-43.5,/SNS/CNCS/IPTS-37274/nexus/CNCS_664769.nxs.h5
664768,108367,YbZn2GaO5,"YZGO, MAG9, Ei=3.32meV, T=20.0K, B=0.0T w=-44.0deg",2025-10-18 04:24:26,2025-10-18 04:25:38,00:01:12,0.1,3.32,0.0,3.32,20.0,0.0,-44.0,/SNS/CNCS/IPTS-37274/nexus/CNCS_664768.nxs.h5
664767,108367,YbZn2GaO5,"YZGO, MAG9, Ei=3.32meV, T=20.0K, B=0.0T w=-44.5deg",2025-10-18 04:23:10,2025-10-18 04:24:22,00:01:12,0.1,3.32,0.0,3.32,20.0,0.0,-44.5,/SNS/CNCS/IPTS-37274/nexus/CNCS_664767.nxs.h5
664766,108367,YbZn2GaO5,"YZGO, MAG9, Ei=3.32meV, T=20.0K, B=0.0T w=-45.0deg",2025-10-18 04:21:54,2025-10-18 04:23:06,00:01:12,0.1,3.32,0.0,3.32,20.0,0.0,-45.0,/SNS/CNCS/IPTS-37274/nexus/CNCS_664766.nxs.h5
664765,108367,YbZn2GaO5,"YZGO, MAG9, Ei=3.32meV, T=20.0K, B=0.0T w=-45.5deg",2025-10-18 04:20:38,2025-10-18 04:21:50,00:01:12,0.1,3.32,0.0,3.32,20.0,0.0,-45.5,/SNS/CNCS/IPTS-37274/nexus/CNCS_664765.nxs.h5
664764,108367,YbZn2GaO5,"YZGO, MAG9, Ei=3.32meV, T=20.0K, B=0.0T w=-46.0deg",2025-10-18 04:19:22,2025-10-18 04:20:34,00:01:12,0.1,3.32,0.0,3.32,20.0,0.0,-46.0,/SNS/CNCS/IPTS-37274/nexus/CNCS_664764.nxs.h5
664763,108367,YbZn2GaO5,"YZGO, MAG9, Ei=3.32meV, T=20.0K, B=0.0T w=-46.5deg",2025-10-18 04:18:06,2025-10-18 04:19:19,00:01:12,0.1,3.32,0.0,3.32,20.0,0.0,-46.5,/SNS/CNCS/IPTS-37274/nexus/CNCS_664763.nxs.h5
664762,108367,YbZn2GaO5,"YZGO, MAG9, Ei=3.32meV, T=20.0K, B=0.0T w=-47.0deg",2025-10-18 04:16:51,2025-10-18 04:18:03,00:01:12,0.1,3.32,0.0,3.32,20.0,0.0,-47.0,/SNS/CNCS/IPTS-37274/nexus/CNCS_664762.nxs.h5
664761,108367,YbZn2GaO5,"YZGO, MAG9, Ei=3.32meV, T=20.0K, B=0.0T w=-47.5deg",2025-10-18 04:15:35,2025-10-18 04:16:47,00:01:12,0.1,3.32,0.0,3.32,20.0,0.0,-47.5,/SNS/CNCS/IPTS-37274/nexus/CNCS_664761.nxs.h5
664760,108367,YbZn2GaO5,"YZGO, MAG9, Ei=3.32meV, T=20.0K, B=0.0T w=-48.0deg",2025-10-18 04:14:19,2025-10-18 04:15:31,00:01:12,0.1,3.32,0.0,3.32,20.0,0.0,-48.0,/SNS/CNCS/IPTS-37274/nexus/CNCS_664760.nxs.h5
664759,108367,YbZn2GaO5,"YZGO, MAG9, Ei=3.32meV, T=20.0K, B=0.0T w=-48.5deg",2025-10-18 04:13:03,2025-10-18 04:14:15,00:01:12,0.1,3.32,0.0,3.32,20.0,0.0,-48.5,/SNS/CNCS/IPTS-37274/nexus/CNCS_664759.nxs.h5
664758,108367,YbZn2GaO5,"YZGO, MAG9, Ei=3.32meV, T=20.0K, B=0.0T w=-49.0deg",2025-10-18 04:11:47,2025-10-18 04:12:59,00:01:12,0.1,3.32,0.0,3.32,20.0,0.0,-49.0,/SNS/CNCS/IPTS-37274/nexus/CNCS_664758.nxs.h5
664757,108367,YbZn2GaO5,"YZGO, MAG9, Ei=3.32meV, T=20.0K, B=0.0T w=-49.5deg",2025-10-18 04:10:31,2025-10-18 04:11:43,00:01:12,0.1,3.32,0.0,3.32,20.0,0.0,-49.5,/SNS/CNCS/IPTS-37274/nexus/CNCS_664757.nxs.h5
664756,108367,YbZn2GaO5,"YZGO, MAG9, Ei=3.32meV, T=20.0K, B=0.0T w=-50.0deg",2025-10-18 04:09:15,2025-10-18 04:10:27,00:01:12,0.1,3.32,0.0,3.32,20.0,0.0,-50.0,/SNS/CNCS/IPTS-37274/nexus/CNCS_664756.nxs.h5
664755,108367,YbZn2GaO5,"YZGO, MAG9, Ei=3.32meV, T=20.0K, B=0.0T w=-50.5deg",2025-10-18 04:07:59,2025-10-18 04:09:11,00:01:12,0.1,3.32,0.0,3.32,20.0,0.0,-50.5,/SNS/CNCS/IPTS-37274/nexus/CNCS_664755.nxs.h5
664754,108367,YbZn2GaO5,"YZGO, MAG9, Ei=3.32meV, T=20.0K, B=0.0T w=-51.0deg",2025-10-18 04:06:43,2025-10-18 04:07:56,00:01:12,0.1,3.32,0.0,3.32,20.0,0.0,-51.0,/SNS/CNCS/IPTS-37274/nexus/CNCS_664754.nxs.h5
664753,108367,YbZn2GaO5,"YZGO, MAG9, Ei=3.32meV, T=20.0K, B=0.0T w=-51.5deg",2025-10-18 04:05:27,2025-10-18 04:06:40,00:01:12,0.1,3.32,0.0,3.32,20.0,0.0,-51.5,/SNS/CNCS/IPTS-37274/nexus/CNCS_664753.nxs.h5
664752,108367,YbZn2GaO5,"YZGO, MAG9, Ei=3.32meV, T=20.0K, B=0.0T w=-52.0deg",2025-10-18 04:04:11,2025-10-18 04:05:24,00:01:12,0.1,3.32,0.0,3.32,20.0,0.0,-52.0,/SNS/CNCS/IPTS-37274/nexus/CNCS_664752.nxs.h5
664751,108367,YbZn2GaO5,"YZGO, MAG9, Ei=3.32meV, T=20.0K, B=0.0T w=-52.5deg",2025-10-18 04:02:55,2025-10-18 04:04:08,00:01:12,0.1,3.32,0.0,3.32,20.0,0.0,-52.5,/SNS/CNCS/IPTS-37274/nexus/CNCS_664751.nxs.h5
664750,108367,YbZn2GaO5,"YZGO, MAG9, Ei=3.32meV, T=20.0K, B=0.0T w=-53.0deg",2025-10-18 04:01:40,2025-10-18 04:02:52,00:01:12,0.1,3.32,0.0,3.32,20.0,0.0,-53.0,/SNS/CNCS/IPTS-37274/nexus/CNCS_664750.nxs.h5
664749,108367,YbZn2GaO5,"YZGO, MAG9, Ei=3.32meV, T=20.0K, B=0.0T w=-53.5deg",2025-10-18 04:00:24,2025-10-18 04:01:36,00:01:12,0.1,3.32,0.0,3.32,20.0,0.0,-53.5,/SNS/CNCS/IPTS-37274/nexus/CNCS_664749.nxs.h5
664748,108367,YbZn2GaO5,"YZGO, MAG9, Ei=3.32meV, T=20.0K, B=0.0T w=-54.0deg",2025-10-18 03:59:08,2025-10-18 04:00:20,00:01:12,0.1,3.32,0.0,3.32,20.0,0.0,-54.0,/SNS/CNCS/IPTS-37274/nexus/CNCS_664748.nxs.h5
664747,108367,YbZn2GaO5,"YZGO, MAG9, Ei=3.32meV, T=20.0K, B=0.0T w=-54.5deg",2025-10-18 03:57:52,2025-10-18 03:59:04,00:01:12,0.1,3.32,0.0,3.32,20.0,0.0,-54.5,/SNS/CNCS/IPTS-37274/nexus/CNCS_664747.nxs.h5
664746,108367,YbZn2GaO5,"YZGO, MAG9, Ei=3.32meV, T=20.0K, B=0.0T w=-55.0deg",2025-10-18 03:56:36,2025-10-18 03:57:48,00:01:12,0.1,3.32,0.0,3.32,20.0,0.0,-55.0,/SNS/CNCS/IPTS-37274/nexus/CNCS_664746.nxs.h5
664745,108367,YbZn2GaO5,"YZGO, MAG9, Ei=3.32meV, T=20.0K, B=0.0T w=-55.5deg",2025-10-18 03:55:20,2025-10-18 03:56:32,00:01:12,0.1,3.32,0.0,3.32,20.0,0.0,-55.5,/SNS/CNCS/IPTS-37274/nexus/CNCS_664745.nxs.h5
664744,108367,YbZn2GaO5,"YZGO, MAG9, Ei=3.32meV, T=20.0K, B=0.0T w=-56.0deg",2025-10-18 03:54:04,2025-10-18 03:55:17,00:01:12,0.1,3.32,0.0,3.32,20.0,0.0,-56.0,/SNS/CNCS/IPTS-37274/nexus/CNCS_664744.nxs.h5
664743,108367,YbZn2GaO5,"YZGO, MAG9, Ei=3.32meV, T=20.0K, B=0.0T w=-56.5deg",2025-10-18 03:52:48,2025-10-18 03:54:01,00:01:12,0.1,3.32,0.0,3.32,20.0,0.0,-56.5,/SNS/CNCS/IPTS-37274/nexus/CNCS_664743.nxs.h5
664742,108367,YbZn2GaO5,"YZGO, MAG9, Ei=3.32meV, T=20.0K, B=0.0T w=-57.0deg",2025-10-18 03:51:32,2025-10-18 03:52:45,00:01:12,0.1,3.32,0.0,3.32,20.0,0.0,-57.0,/SNS/CNCS/IPTS-37274/nexus/CNCS_664742.nxs.h5
664741,108367,YbZn2GaO5,"YZGO, MAG9, Ei=3.32meV, T=20.0K, B=0.0T w=-57.5deg",2025-10-18 03:50:16,2025-10-18 03:51:29,00:01:12,0.1,3.32,0.0,3.32,20.0,0.0,-57.5,/SNS/CNCS/IPTS-37274/nexus/CNCS_664741.nxs.h5
664740,108367,YbZn2GaO5,"YZGO, MAG9, Ei=3.32meV, T=20.0K, B=0.0T w=-58.0deg",2025-10-18 03:49:01,2025-10-18 03:50:13,00:01:12,0.1,3.32,0.0,3.32,20.0,0.0,-58.0,/SNS/CNCS/IPTS-37274/nexus/CNCS_664740.nxs.h5
664739,108367,YbZn2GaO5,"YZGO, MAG9, Ei=3.32meV, T=20.0K, B=0.0T w=-58.5deg",2025-10-18 03:47:45,2025-10-18 03:48:57,00:01:12,0.1,3.32,0.0,3.32,20.0,0.0,-58.5,/SNS/CNCS/IPTS-37274/nexus/CNCS_664739.nxs.h5
664738,108367,YbZn2GaO5,"YZGO, MAG9, Ei=3.32meV, T=20.0K, B=0.0T w=-59.0deg",2025-10-18 03:46:29,2025-10-18 03:47:41,00:01:12,0.1,3.32,0.0,3.32,20.0,0.0,-59.0,/SNS/CNCS/IPTS-37274/nexus/CNCS_664738.nxs.h5
664737,108367,YbZn2GaO5,"YZGO, MAG9, Ei=3.32meV, T=20.0K, B=0.0T w=-59.5deg",2025-10-18 03:45:13,2025-10-18 03:46:25,00:01:12,0.1,3.32,0.0,3.32,20.0,0.0,-59.5,/SNS/CNCS/IPTS-37274/nexus/CNCS_664737.nxs.h5
664736,108367,YbZn2GaO5,"YZGO, MAG9, Ei=3.32meV, T=20.0K, B=0.0T w=-60.0deg",2025-10-18 03:43:57,2025-10-18 03:45:09,00:01:12,0.1,3.32,0.0,3.32,20.0,0.0,-60.0,/SNS/CNCS/IPTS-37274/nexus/CNCS_664736.nxs.h5
664735,108367,YbZn2GaO5,"YZGO, MAG9, Ei=3.32meV, T=20.0K, B=0.0T w=-60.5deg",2025-10-18 03:42:41,2025-10-18 03:43:53,00:01:12,0.1,3.32,0.0,3.32,20.0,0.0,-60.5,/SNS/CNCS/IPTS-37274/nexus/CNCS_664735.nxs.h5
664734,108367,YbZn2GaO5,"YZGO, MAG9, Ei=3.32meV, T=20.0K, B=0.0T w=-61.0deg",2025-10-18 03:41:25,2025-10-18 03:42:37,00:01:12,0.1,3.32,0.0,3.32,20.0,0.0,-61.0,/SNS/CNCS/IPTS-37274/nexus/CNCS_664734.nxs.h5
664733,108367,YbZn2GaO5,"YZGO, MAG9, Ei=3.32meV, T=20.0K, B=0.0T w=-61.5deg",2025-10-18 03:40:09,2025-10-18 03:41:22,00:01:12,0.1,3.32,0.0,3.32,20.0,0.0,-61.5,/SNS/CNCS/IPTS-37274/nexus/CNCS_664733.nxs.h5
664732,108367,YbZn2GaO5,"YZGO, MAG9, Ei=3.32meV, T=20.0K, B=0.0T w=-62.0deg",2025-10-18 03:38:53,2025-10-18 03:40:06,00:01:12,0.1,3.32,0.0,3.32,20.0,0.0,-62.0,/SNS/CNCS/IPTS-37274/nexus/CNCS_664732.nxs.h5
664731,108367,YbZn2GaO5,"YZGO, MAG9, Ei=3.32meV, T=20.0K, B=0.0T w=-62.5deg",2025-10-18 03:37:37,2025-10-18 03:38:50,00:01:12,0.1,3.32,0.0,3.32,20.0,0.0,-62.5,/SNS/CNCS/IPTS-37274/nexus/CNCS_664731.nxs.h5
664730,108367,YbZn2GaO5,"YZGO, MAG9, Ei=3.32meV, T=20.0K, B=0.0T w=-63.0deg",2025-10-18 03:36:21,2025-10-18 03:37:34,00:01:12,0.1,3.32,0.0,3.32,20.0,0.0,-63.0,/SNS/CNCS/IPTS-37274/nexus/CNCS_664730.nxs.h5
664729,108367,YbZn2GaO5,"YZGO, MAG9, Ei=3.32meV, T=20.0K, B=0.0T w=-63.5deg",2025-10-18 03:35:06,2025-10-18 03:36:18,00:01:12,0.1,3.32,0.0,3.32,20.0,0.0,-63.5,/SNS/CNCS/IPTS-37274/nexus/CNCS_664729.nxs.h5
664728,108367,YbZn2GaO5,"YZGO, MAG9, Ei=3.32meV, T=20.0K, B=0.0T w=-64.0deg",2025-10-18 03:33:50,2025-10-18 03:35:02,00:01:12,0.1,3.32,0.0,3.32,20.0,0.0,-64.0,/SNS/CNCS/IPTS-37274/nexus/CNCS_664728.nxs.h5
664727,108367,YbZn2GaO5,"YZGO, MAG9, Ei=3.32meV, T=20.0K, B=0.0T w=-64.5deg",2025-10-18 03:32:34,2025-10-18 03:33:46,00:01:12,0.1,3.32,0.0,3.32,20.0,0.0,-64.5,/SNS/CNCS/IPTS-37274/nexus/CNCS_664727.nxs.h5
664726,108367,YbZn2GaO5,"YZGO, MAG9, Ei=3.32meV, T=20.0K, B=0.0T w=-65.0deg",2025-10-18 03:31:18,2025-10-18 03:32:30,00:01:12,0.1,3.32,0.0,3.32,20.0,0.0,-65.0,/SNS/CNCS/IPTS-37274/nexus/CNCS_664726.nxs.h5
664725,108367,YbZn2GaO5,"YZGO, MAG9, Ei=3.32meV, T=20.0K, B=0.0T w=-65.5deg",2025-10-18 03:30:02,2025-10-18 03:31:14,00:01:12,0.1,3.32,0.0,3.32,20.0,0.0,-65.5,/SNS/CNCS/IPTS-37274/nexus/CNCS_664725.nxs.h5
664724,108367,YbZn2GaO5,"YZGO, MAG9, Ei=3.32meV, T=20.0K, B=0.0T w=-66.0deg",2025-10-18 03:28:46,2025-10-18 03:29:58,00:01:12,0.1,3.32,0.0,3.32,20.0,0.0,-66.0,/SNS/CNCS/IPTS-37274/nexus/CNCS_664724.nxs.h5
664723,108367,YbZn2GaO5,"YZGO, MAG9, Ei=3.32meV, T=20.0K, B=0.0T w=-66.5deg",2025-10-18 03:27:30,2025-10-18 03:28:42,00:01:12,0.1,3.32,0.0,3.32,20.0,0.0,-66.5,/SNS/CNCS/IPTS-37274/nexus/CNCS_664723.nxs.h5
664722,108367,YbZn2GaO5,"YZGO, MAG9, Ei=3.32meV, T=20.0K, B=0.0T w=-67.0deg",2025-10-18 03:26:14,2025-10-18 03:27:26,00:01:12,0.1,3.32,0.0,3.32,20.0,0.0,-67.0,/SNS/CNCS/IPTS-37274/nexus/CNCS_664722.nxs.h5
664721,108367,YbZn2GaO5,"YZGO, MAG9, Ei=3.32meV, T=20.0K, B=0.0T w=-67.5deg",2025-10-18 03:24:58,2025-10-18 03:26:10,00:01:12,0.1,3.32,0.0,3.32,20.0,0.0,-67.5,/SNS/CNCS/IPTS-37274/nexus/CNCS_664721.nxs.h5
664720,108367,YbZn2GaO5,"YZGO, MAG9, Ei=3.32meV, T=20.0K, B=0.0T w=-68.0deg",2025-10-18 03:23:42,2025-10-18 03:24:54,00:01:12,0.1,3.32,0.0,3.32,20.0,0.0,-68.0,/SNS/CNCS/IPTS-37274/nexus/CNCS_664720.nxs.h5
664719,108367,YbZn2GaO5,"YZGO, MAG9, Ei=3.32meV, T=20.0K, B=0.0T w=-68.5deg",2025-10-18 03:22:26,2025-10-18 03:23:39,00:01:12,0.1,3.32,0.0,3.32,20.0,0.0,-68.5,/SNS/CNCS/IPTS-37274/nexus/CNCS_664719.nxs.h5
664718,108367,YbZn2GaO5,"YZGO, MAG9, Ei=3.32meV, T=20.0K, B=0.0T w=-69.0deg",2025-10-18 03:21:10,2025-10-18 03:22:23,00:01:12,0.1,3.32,0.0,3.32,20.0,0.0,-69.0,/SNS/CNCS/IPTS-37274/nexus/CNCS_664718.nxs.h5
664717,108367,YbZn2GaO5,"YZGO, MAG9, Ei=3.32meV, T=20.0K, B=0.0T w=-69.5deg",2025-10-18 03:19:55,2025-10-18 03:21:07,00:01:12,0.1,3.32,0.0,3.32,20.0,0.0,-69.5,/SNS/CNCS/IPTS-37274/nexus/CNCS_664717.nxs.h5
664716,108367,YbZn2GaO5,"YZGO, MAG9, Ei=3.32meV, T=20.0K, B=0.0T w=-70.0deg",2025-10-18 03:18:39,2025-10-18 03:19:51,00:01:12,0.1,3.32,0.0,3.32,20.0,0.0,-70.0,/SNS/CNCS/IPTS-37274/nexus/CNCS_664716.nxs.h5
664715,108367,YbZn2GaO5,"YZGO, MAG9, Ei=3.32meV, T=20.0K, B=0.0T w=-70.5deg",2025-10-18 03:17:23,2025-10-18 03:18:35,00:01:12,0.1,3.32,0.0,3.32,20.0,0.0,-70.5,/SNS/CNCS/IPTS-37274/nexus/CNCS_664715.nxs.h5
664714,108367,YbZn2GaO5,"YZGO, MAG9, Ei=3.32meV, T=20.0K, B=0.0T w=-71.0deg",2025-10-18 03:16:07,2025-10-18 03:17:19,00:01:12,0.1,3.32,0.0,3.32,20.0,0.0,-71.0,/SNS/CNCS/IPTS-37274/nexus/CNCS_664714.nxs.h5
664713,108367,YbZn2GaO5,"YZGO, MAG9, Ei=3.32meV, T=20.0K, B=0.0T w=-71.5deg",2025-10-18 03:14:51,2025-10-18 03:16:03,00:01:12,0.1,3.32,0.0,3.32,20.0,0.0,-71.5,/SNS/CNCS/IPTS-37274/nexus/CNCS_664713.nxs.h5
664712,108367,YbZn2GaO5,"YZGO, MAG9, Ei=3.32meV, T=20.0K, B=0.0T w=-72.0deg",2025-10-18 03:13:35,2025-10-18 03:14:47,00:01:12,0.1,3.32,0.0,3.32,20.0,0.0,-72.0,/SNS/CNCS/IPTS-37274/nexus/CNCS_664712.nxs.h5
664711,108367,YbZn2GaO5,"YZGO, MAG9, Ei=3.32meV, T=20.0K, B=0.0T w=-72.5deg",2025-10-18 03:12:19,2025-10-18 03:13:31,00:01:12,0.1,3.32,0.0,3.32,20.0,0.0,-72.5,/SNS/CNCS/IPTS-37274/nexus/CNCS_664711.nxs.h5
664710,108367,YbZn2GaO5,"YZGO, MAG9, Ei=3.32meV, T=20.0K, B=0.0T w=-73.0deg",2025-10-18 03:11:03,2025-10-18 03:12:15,00:01:12,0.1,3.32,0.0,3.32,20.0,0.0,-73.0,/SNS/CNCS/IPTS-37274/nexus/CNCS_664710.nxs.h5
664709,108367,YbZn2GaO5,"YZGO, MAG9, Ei=3.32meV, T=20.0K, B=0.0T w=-73.5deg",2025-10-18 03:09:47,2025-10-18 03:10:59,00:01:12,0.1,3.32,0.0,3.32,20.0,0.0,-73.5,/SNS/CNCS/IPTS-37274/nexus/CNCS_664709.nxs.h5
664708,108367,YbZn2GaO5,"YZGO, MAG9, Ei=3.32meV, T=20.0K, B=0.0T w=-74.0deg",2025-10-18 03:08:31,2025-10-18 03:09:44,00:01:12,0.1,3.32,0.0,3.32,20.0,0.0,-74.0,/SNS/CNCS/IPTS-37274/nexus/CNCS_664708.nxs.h5
664707,108367,YbZn2GaO5,"YZGO, MAG9, Ei=3.32meV, T=20.0K, B=0.0T w=-74.5deg",2025-10-18 03:07:15,2025-10-18 03:08:28,00:01:12,0.1,3.32,0.0,3.32,20.0,0.0,-74.5,/SNS/CNCS/IPTS-37274/nexus/CNCS_664707.nxs.h5
664706,108367,YbZn2GaO5,"YZGO, MAG9, Ei=3.32meV, T=20.0K, B=0.0T w=-75.0deg",2025-10-18 03:05:59,2025-10-18 03:07:12,00:01:12,0.1,3.32,0.0,3.32,20.0,0.0,-75.0,/SNS/CNCS/IPTS-37274/nexus/CNCS_664706.nxs.h5
664705,108367,YbZn2GaO5,"YZGO, MAG9, Ei=3.32meV, T=20.0K, B=0.0T w=-75.5deg",2025-10-18 03:04:44,2025-10-18 03:05:56,00:01:12,0.1,3.32,0.0,3.32,20.0,0.0,-75.5,/SNS/CNCS/IPTS-37274/nexus/CNCS_664705.nxs.h5
664704,108367,YbZn2GaO5,"YZGO, MAG9, Ei=3.32meV, T=20.0K, B=0.0T w=-76.0deg",2025-10-18 03:03:28,2025-10-18 03:04:40,00:01:12,0.1,3.32,0.0,3.32,20.0,0.0,-76.0,/SNS/CNCS/IPTS-37274/nexus/CNCS_664704.nxs.h5
664703,108367,YbZn2GaO5,"YZGO, MAG9, Ei=3.32meV, T=20.0K, B=0.0T w=-76.5deg",2025-10-18 03:02:12,2025-10-18 03:03:24,00:01:12,0.1,3.32,0.0,3.32,20.0,0.0,-76.5,/SNS/CNCS/IPTS-37274/nexus/CNCS_664703.nxs.h5
664702,108367,YbZn2GaO5,"YZGO, MAG9, Ei=3.32meV, T=20.0K, B=0.0T w=-77.0deg",2025-10-18 03:00:56,2025-10-18 03:02:08,00:01:12,0.1,3.32,0.0,3.32,20.0,0.0,-77.0,/SNS/CNCS/IPTS-37274/nexus/CNCS_664702.nxs.h5
664701,108367,YbZn2GaO5,"YZGO, MAG9, Ei=3.32meV, T=20.0K, B=0.0T w=-77.5deg",2025-10-18 02:59:39,2025-10-18 03:00:52,00:01:13,0.1,3.32,0.0,3.32,20.0,0.0,-77.5,/SNS/CNCS/IPTS-37274/nexus/CNCS_664701.nxs.h5
664700,108367,YbZn2GaO5,"YZGO, MAG9, Ei=3.32meV, T=20.0K, B=0.0T w=-78.0deg",2025-10-18 02:58:23,2025-10-18 02:59:35,00:01:12,0.1,3.32,0.0,3.32,20.0,0.0,-78.0,/SNS/CNCS/IPTS-37274/nexus/CNCS_664700.nxs.h5
664699,108367,YbZn2GaO5,"YZGO, MAG9, Ei=3.32meV, T=20.0K, B=0.0T w=-78.5deg",2025-10-18 02:57:07,2025-10-18 02:58:19,00:01:12,0.1,3.32,0.0,3.32,20.0,0.0,-78.5,/SNS/CNCS/IPTS-37274/nexus/CNCS_664699.nxs.h5
664698,108367,YbZn2GaO5,"YZGO, MAG9, Ei=3.32meV, T=20.0K, B=0.0T w=-79.0deg",2025-10-18 02:55:51,2025-10-18 02:57:03,00:01:12,0.1,3.32,0.0,3.32,20.0,0.0,-79.0,/SNS/CNCS/IPTS-37274/nexus/CNCS_664698.nxs.h5
664697,108367,YbZn2GaO5,"YZGO, MAG9, Ei=3.32meV, T=20.0K, B=0.0T w=-79.5deg",2025-10-18 02:54:35,2025-10-18 02:55:47,00:01:12,0.1,3.32,0.0,3.32,20.0,0.0,-79.5,/SNS/CNCS/IPTS-37274/nexus/CNCS_664697.nxs.h5
664696,108367,YbZn2GaO5,"YZGO, MAG9, Ei=3.32meV, T=20.0K, B=0.0T w=-80.0deg",2025-10-18 02:53:19,2025-10-18 02:54:31,00:01:12,0.1,3.32,0.0,3.32,20.0,0.0,-80.0,/SNS/CNCS/IPTS-37274/nexus/CNCS_664696.nxs.h5
664695,108367,YbZn2GaO5,"YZGO, MAG9, Ei=3.32meV, T=20.0K, B=0.0T w=-80.5deg",2025-10-18 02:52:03,2025-10-18 02:53:15,00:01:12,0.1,3.32,0.0,3.32,20.0,0.0,-80.5,/SNS/CNCS/IPTS-37274/nexus/CNCS_664695.nxs.h5
664694,108367,YbZn2GaO5,"YZGO, MAG9, Ei=3.32meV, T=20.0K, B=0.0T w=-81.0deg",2025-10-18 02:50:46,2025-10-18 02:52:00,00:01:13,0.1,3.32,0.0,3.32,20.0,0.0,-81.0,/SNS/CNCS/IPTS-37274/nexus/CNCS_664694.nxs.h5
664693,108367,YbZn2GaO5,"YZGO, MAG9, Ei=3.32meV, T=20.0K, B=0.0T w=-81.5deg",2025-10-18 02:49:31,2025-10-18 02:50:42,00:01:11,0.1,3.32,0.0,3.32,20.0,0.0,-81.5,/SNS/CNCS/IPTS-37274/nexus/CNCS_664693.nxs.h5
664692,108367,YbZn2GaO5,"YZGO, MAG9, Ei=3.32meV, T=20.0K, B=0.0T w=-82.0deg",2025-10-18 02:48:15,2025-10-18 02:49:27,00:01:11,0.1,3.32,0.0,3.32,20.0,0.0,-82.0,/SNS/CNCS/IPTS-37274/nexus/CNCS_664692.nxs.h5
664691,108367,YbZn2GaO5,"YZGO, MAG9, Ei=3.32meV, T=20.0K, B=0.0T w=-82.5deg",2025-10-18 02:47:00,2025-10-18 02:48:12,00:01:11,0.1,3.32,0.0,3.32,20.0,0.0,-82.5,/SNS/CNCS/IPTS-37274/nexus/CNCS_664691.nxs.h5
664690,108367,YbZn2GaO5,"YZGO, MAG9, Ei=3.32meV, T=20.0K, B=0.0T w=-83.0deg",2025-10-18 02:45:45,2025-10-18 02:46:56,00:01:11,0.1,3.32,0.0,3.32,20.0,0.0,-83.0,/SNS/CNCS/IPTS-37274/nexus/CNCS_664690.nxs.h5
664689,108367,YbZn2GaO5,"YZGO, MAG9, Ei=3.32meV, T=20.0K, B=0.0T w=-83.5deg",2025-10-18 02:44:29,2025-10-18 02:45:41,00:01:11,0.1,3.32,0.0,3.32,20.0,0.0,-83.5,/SNS/CNCS/IPTS-37274/nexus/CNCS_664689.nxs.h5
664688,108367,YbZn2GaO5,"YZGO, MAG9, Ei=3.32meV, T=20.0K, B=0.0T w=-84.0deg",2025-10-18 02:43:14,2025-10-18 02:44:25,00:01:11,0.1,3.32,0.0,3.32,20.0,0.0,-84.0,/SNS/CNCS/IPTS-37274/nexus/CNCS_664688.nxs.h5
664687,108367,YbZn2GaO5,"YZGO, MAG9, Ei=3.32meV, T=20.0K, B=0.0T w=-84.5deg",2025-10-18 02:41:58,2025-10-18 02:43:10,00:01:11,0.1,3.32,0.0,3.32,20.0,0.0,-84.5,/SNS/CNCS/IPTS-37274/nexus/CNCS_664687.nxs.h5
664686,108367,YbZn2GaO5,"YZGO, MAG9, Ei=3.32meV, T=20.0K, B=0.0T w=-85.0deg",2025-10-18 02:40:43,2025-10-18 02:41:55,00:01:11,0.1,3.32,0.0,3.32,20.0,0.0,-85.0,/SNS/CNCS/IPTS-37274/nexus/CNCS_664686.nxs.h5
664685,108367,YbZn2GaO5,"YZGO, MAG9, Ei=3.32meV, T=20.0K, B=0.0T w=-85.5deg",2025-10-18 02:39:27,2025-10-18 02:40:39,00:01:11,0.1,3.32,0.0,3.32,20.0,0.0,-85.5,/SNS/CNCS/IPTS-37274/nexus/CNCS_664685.nxs.h5
664684,108367,YbZn2GaO5,"YZGO, MAG9, Ei=3.32meV, T=20.0K, B=0.0T w=-86.0deg",2025-10-18 02:38:12,2025-10-18 02:39:24,00:01:11,0.1,3.32,0.0,3.32,20.0,0.0,-86.0,/SNS/CNCS/IPTS-37274/nexus/CNCS_664684.nxs.h5
664683,108367,YbZn2GaO5,"YZGO, MAG9, Ei=3.32meV, T=20.0K, B=0.0T w=-86.5deg",2025-10-18 02:36:57,2025-10-18 02:38:08,00:01:11,0.1,3.32,0.0,3.32,20.0,0.0,-86.5,/SNS/CNCS/IPTS-37274/nexus/CNCS_664683.nxs.h5
664682,108367,YbZn2GaO5,"YZGO, MAG9, Ei=3.32meV, T=20.0K, B=0.0T w=-87.0deg",2025-10-18 02:35:41,2025-10-18 02:36:53,00:01:11,0.1,3.32,0.0,3.32,20.0,0.0,-87.0,/SNS/CNCS/IPTS-37274/nexus/CNCS_664682.nxs.h5
664681,108367,YbZn2GaO5,"YZGO, MAG9, Ei=3.32meV, T=20.0K, B=0.0T w=-87.5deg",2025-10-18 02:34:26,2025-10-18 02:35:38,00:01:11,0.1,3.32,0.0,3.32,20.0,0.0,-87.5,/SNS/CNCS/IPTS-37274/nexus/CNCS_664681.nxs.h5
664680,108367,YbZn2GaO5,"YZGO, MAG9, Ei=3.32meV, T=20.0K, B=0.0T w=-88.0deg",2025-10-18 02:33:10,2025-10-18 02:34:22,00:01:11,0.1,3.32,0.0,3.32,20.0,0.0,-88.0,/SNS/CNCS/IPTS-37274/nexus/CNCS_664680.nxs.h5
664679,108367,YbZn2GaO5,"YZGO, MAG9, Ei=3.32meV, T=20.0K, B=0.0T w=-88.5deg",2025-10-18 02:31:55,2025-10-18 02:33:07,00:01:11,0.1,3.32,0.0,3.32,20.0,0.0,-88.5,/SNS/CNCS/IPTS-37274/nexus/CNCS_664679.nxs.h5
664678,108367,YbZn2GaO5,"YZGO, MAG9, Ei=3.32meV, T=20.0K, B=0.0T w=-89.0deg",2025-10-18 02:30:39,2025-10-18 02:31:51,00:01:12,0.1,3.32,0.0,3.32,20.0,0.0,-89.0,/SNS/CNCS/IPTS-37274/nexus/CNCS_664678.nxs.h5
664677,108367,YbZn2GaO5,"YZGO, MAG9, Ei=3.32meV, T=20.0K, B=0.0T w=-89.5deg",2025-10-18 02:29:24,2025-10-18 02:30:36,00:01:11,0.1,3.32,0.0,3.32,20.0,0.0,-89.5,/SNS/CNCS/IPTS-37274/nexus/CNCS_664677.nxs.h5
664676,108367,YbZn2GaO5,"YZGO, MAG9, Ei=3.32meV, T=20.0K, B=0.0T w=-90.0deg",2025-10-18 02:28:08,2025-10-18 02:29:20,00:01:11,0.1,3.32,0.0,3.32,20.0,0.0,-90.0,/SNS/CNCS/IPTS-37274/nexus/CNCS_664676.nxs.h5
664675,108367,YbZn2GaO5,"YZGO, MAG9, Ei=3.32meV, T=20.0K, B=0.0T w=-90.5deg",2025-10-18 02:26:53,2025-10-18 02:28:05,00:01:11,0.1,3.32,0.0,3.32,20.0,0.0,-90.5,/SNS/CNCS/IPTS-37274/nexus/CNCS_664675.nxs.h5
664674,108367,YbZn2GaO5,"YZGO, MAG9, Ei=3.32meV, T=20.0K, B=0.0T w=-91.0deg",2025-10-18 02:25:38,2025-10-18 02:26:50,00:01:11,0.1,3.32,0.0,3.32,20.0,0.0,-91.0,/SNS/CNCS/IPTS-37274/nexus/CNCS_664674.nxs.h5
664673,108367,YbZn2GaO5,"YZGO, MAG9, Ei=3.32meV, T=20.0K, B=0.0T w=-91.5deg",2025-10-18 02:24:22,2025-10-18 02:25:34,00:01:11,0.1,3.32,0.0,3.32,20.0,0.0,-91.5,/SNS/CNCS/IPTS-37274/nexus/CNCS_664673.nxs.h5
664672,108367,YbZn2GaO5,"YZGO, MAG9, Ei=3.32meV, T=20.0K, B=0.0T w=-92.0deg",2025-10-18 02:23:07,2025-10-18 02:24:19,00:01:11,0.1,3.32,0.0,3.32,20.0,0.0,-92.0,/SNS/CNCS/IPTS-37274/nexus/CNCS_664672.nxs.h5
664671,108367,YbZn2GaO5,"YZGO, MAG9, Ei=3.32meV, T=20.0K, B=0.0T w=-92.5deg",2025-10-18 02:21:52,2025-10-18 02:23:04,00:01:11,0.1,3.32,0.0,3.32,20.0,0.0,-92.5,/SNS/CNCS/IPTS-37274/nexus/CNCS_664671.nxs.h5
664670,108367,YbZn2GaO5,"YZGO, MAG9, Ei=3.32meV, T=20.0K, B=0.0T w=-93.0deg",2025-10-18 02:20:36,2025-10-18 02:21:48,00:01:11,0.1,3.32,0.0,3.32,20.0,0.0,-93.0,/SNS/CNCS/IPTS-37274/nexus/CNCS_664670.nxs.h5
664669,108367,YbZn2GaO5,"YZGO, MAG9, Ei=3.32meV, T=20.0K, B=0.0T w=-93.5deg",2025-10-18 02:19:21,2025-10-18 02:20:33,00:01:11,0.1,3.32,0.0,3.32,20.0,0.0,-93.5,/SNS/CNCS/IPTS-37274/nexus/CNCS_664669.nxs.h5
664668,108367,YbZn2GaO5,"YZGO, MAG9, Ei=3.32meV, T=20.0K, B=0.0T w=-94.0deg",2025-10-18 02:18:06,2025-10-18 02:19:17,00:01:11,0.1,3.32,0.0,3.32,20.0,0.0,-94.0,/SNS/CNCS/IPTS-37274/nexus/CNCS_664668.nxs.h5
664667,108367,YbZn2GaO5,"YZGO, MAG9, Ei=3.32meV, T=20.0K, B=0.0T w=-94.5deg",2025-10-18 02:16:50,2025-10-18 02:18:02,00:01:11,0.1,3.32,0.0,3.32,20.0,0.0,-94.5,/SNS/CNCS/IPTS-37274/nexus/CNCS_664667.nxs.h5
664666,108367,YbZn2GaO5,"YZGO, MAG9, Ei=3.32meV, T=20.0K, B=0.0T w=-95.0deg",2025-10-18 02:15:35,2025-10-18 02:16:47,00:01:11,0.1,3.32,0.0,3.32,20.0,0.0,-95.0,/SNS/CNCS/IPTS-37274/nexus/CNCS_664666.nxs.h5
664665,108367,YbZn2GaO5,"YZGO, MAG9, Ei=3.32meV, T=20.0K, B=0.0T w=-95.5deg",2025-10-18 02:14:20,2025-10-18 02:15:31,00:01:11,0.1,3.32,0.0,3.32,20.0,0.0,-95.5,/SNS/CNCS/IPTS-37274/nexus/CNCS_664665.nxs.h5
664664,108367,YbZn2GaO5,"YZGO, MAG9, Ei=3.32meV, T=20.0K, B=0.0T w=-96.0deg",2025-10-18 02:13:04,2025-10-18 02:14:16,00:01:11,0.1,3.32,0.0,3.32,20.0,0.0,-96.0,/SNS/CNCS/IPTS-37274/nexus/CNCS_664664.nxs.h5
664663,108367,YbZn2GaO5,"YZGO, MAG9, Ei=3.32meV, T=20.0K, B=0.0T w=-96.5deg",2025-10-18 02:11:49,2025-10-18 02:13:01,00:01:11,0.1,3.32,0.0,3.32,20.0,0.0,-96.5,/SNS/CNCS/IPTS-37274/nexus/CNCS_664663.nxs.h5
664662,108367,YbZn2GaO5,"YZGO, MAG9, Ei=3.32meV, T=20.0K, B=0.0T w=-97.0deg",2025-10-18 02:10:34,2025-10-18 02:11:45,00:01:11,0.1,3.32,0.0,3.32,20.0,0.0,-97.0,/SNS/CNCS/IPTS-37274/nexus/CNCS_664662.nxs.h5
664661,108367,YbZn2GaO5,"YZGO, MAG9, Ei=3.32meV, T=20.0K, B=0.0T w=-97.5deg",2025-10-18 02:09:18,2025-10-18 02:10:30,00:01:11,0.1,3.32,0.0,3.32,20.0,0.0,-97.5,/SNS/CNCS/IPTS-37274/nexus/CNCS_664661.nxs.h5
664660,108367,YbZn2GaO5,"YZGO, MAG9, Ei=3.32meV, T=20.0K, B=0.0T w=-98.0deg",2025-10-18 02:08:03,2025-10-18 02:09:15,00:01:11,0.1,3.32,0.0,3.32,20.0,0.0,-98.0,/SNS/CNCS/IPTS-37274/nexus/CNCS_664660.nxs.h5
664659,108367,YbZn2GaO5,"YZGO, MAG9, Ei=3.32meV, T=20.0K, B=0.0T w=-98.5deg",2025-10-18 02:06:47,2025-10-18 02:07:59,00:01:11,0.1,3.32,0.0,3.32,20.0,0.0,-98.5,/SNS/CNCS/IPTS-37274/nexus/CNCS_664659.nxs.h5
664658,108367,YbZn2GaO5,"YZGO, MAG9, Ei=3.32meV, T=20.0K, B=0.0T w=-99.0deg",2025-10-18 02:05:32,2025-10-18 02:06:44,00:01:11,0.1,3.32,0.0,3.32,20.0,0.0,-99.0,/SNS/CNCS/IPTS-37274/nexus/CNCS_664658.nxs.h5
664657,108367,YbZn2GaO5,"YZGO, MAG9, Ei=3.32meV, T=20.0K, B=0.0T w=-99.5deg",2025-10-18 02:04:16,2025-10-18 02:05:28,00:01:11,0.1,3.32,0.0,3.32,20.0,0.0,-99.5,/SNS/CNCS/IPTS-37274/nexus/CNCS_664657.nxs.h5
664656,108367,YbZn2GaO5,"YZGO, MAG9, Ei=3.32meV, T=20.0K, B=0.0T w=-100.0deg",2025-10-18 02:03:01,2025-10-18 02:04:13,00:01:11,0.1,3.32,0.0,3.32,20.0,0.0,-100.0,/SNS/CNCS/IPTS-37274/nexus/CNCS_664656.nxs.h5
664655,108367,YbZn2GaO5,"YZGO, MAG9, Ei=3.32meV, T=20.0K, B=0.0T w=-100.5deg",2025-10-18 02:01:46,2025-10-18 02:02:57,00:01:11,0.1,3.32,0.0,3.32,20.0,0.0,-100.5,/SNS/CNCS/IPTS-37274/nexus/CNCS_664655.nxs.h5
664654,108367,YbZn2GaO5,"YZGO, MAG9, Ei=3.32meV, T=20.0K, B=0.0T w=-101.0deg",2025-10-18 02:00:30,2025-10-18 02:01:42,00:01:11,0.1,3.32,0.0,3.32,20.0,0.0,-101.0,/SNS/CNCS/IPTS-37274/nexus/CNCS_664654.nxs.h5
664653,108367,YbZn2GaO5,"YZGO, MAG9, Ei=3.32meV, T=20.0K, B=0.0T w=-101.5deg",2025-10-18 01:59:15,2025-10-18 02:00:27,00:01:11,0.1,3.32,0.0,3.32,20.0,0.0,-101.5,/SNS/CNCS/IPTS-37274/nexus/CNCS_664653.nxs.h5
664652,108367,YbZn2GaO5,"YZGO, MAG9, Ei=3.32meV, T=20.0K, B=0.0T w=-102.0deg",2025-10-18 01:58:00,2025-10-18 01:59:11,00:01:11,0.1,3.32,0.0,3.32,20.0,0.0,-102.0,/SNS/CNCS/IPTS-37274/nexus/CNCS_664652.nxs.h5
664651,108367,YbZn2GaO5,"YZGO, MAG9, Ei=3.32meV, T=20.0K, B=0.0T w=-102.5deg",2025-10-18 01:56:44,2025-10-18 01:57:56,00:01:11,0.1,3.32,0.0,3.32,20.0,0.0,-102.5,/SNS/CNCS/IPTS-37274/nexus/CNCS_664651.nxs.h5
664650,108367,YbZn2GaO5,"YZGO, MAG9, Ei=3.32meV, T=20.0K, B=0.0T w=-103.0deg",2025-10-18 01:55:28,2025-10-18 01:56:41,00:01:12,0.1,3.32,0.0,3.32,20.0,0.0,-103.0,/SNS/CNCS/IPTS-37274/nexus/CNCS_664650.nxs.h5
664649,108367,YbZn2GaO5,"YZGO, MAG9, Ei=3.32meV, T=20.0K, B=0.0T w=-103.5deg",2025-10-18 01:54:13,2025-10-18 01:55:25,00:01:11,0.1,3.32,0.0,3.32,20.0,0.0,-103.5,/SNS/CNCS/IPTS-37274/nexus/CNCS_664649.nxs.h5
664648,108367,YbZn2GaO5,"YZGO, MAG9, Ei=3.32meV, T=20.0K, B=0.0T w=-104.0deg",2025-10-18 01:52:57,2025-10-18 01:54:09,00:01:11,0.1,3.32,0.0,3.32,20.0,0.0,-104.0,/SNS/CNCS/IPTS-37274/nexus/CNCS_664648.nxs.h5
664647,108367,YbZn2GaO5,"YZGO, MAG9, Ei=3.32meV, T=20.0K, B=0.0T w=-104.5deg",2025-10-18 01:51:42,2025-10-18 01:52:54,00:01:11,0.1,3.32,0.0,3.32,20.0,0.0,-104.5,/SNS/CNCS/IPTS-37274/nexus/CNCS_664647.nxs.h5
664646,108367,YbZn2GaO5,"YZGO, MAG9, Ei=3.32meV, T=20.0K, B=0.0T w=-105.0deg",2025-10-18 01:50:26,2025-10-18 01:51:38,00:01:11,0.1,3.32,0.0,3.32,20.0,0.0,-105.0,/SNS/CNCS/IPTS-37274/nexus/CNCS_664646.nxs.h5
664645,108367,YbZn2GaO5,"YZGO, MAG9, Ei=3.32meV, T=20.0K, B=0.0T w=-105.5deg",2025-10-18 01:49:11,2025-10-18 01:50:23,00:01:11,0.1,3.32,0.0,3.32,20.0,0.0,-105.5,/SNS/CNCS/IPTS-37274/nexus/CNCS_664645.nxs.h5
664644,108367,YbZn2GaO5,"YZGO, MAG9, Ei=3.32meV, T=20.0K, B=0.0T w=-106.0deg",2025-10-18 01:47:56,2025-10-18 01:49:07,00:01:11,0.1,3.32,0.0,3.32,20.0,0.0,-106.0,/SNS/CNCS/IPTS-37274/nexus/CNCS_664644.nxs.h5
664643,108367,YbZn2GaO5,"YZGO, MAG9, Ei=3.32meV, T=20.0K, B=0.0T w=-106.5deg",2025-10-18 01:46:40,2025-10-18 01:47:52,00:01:11,0.1,3.32,0.0,3.32,20.0,0.0,-106.5,/SNS/CNCS/IPTS-37274/nexus/CNCS_664643.nxs.h5
664642,108367,YbZn2GaO5,"YZGO, MAG9, Ei=3.32meV, T=20.0K, B=0.0T w=-107.0deg",2025-10-18 01:45:25,2025-10-18 01:46:37,00:01:11,0.1,3.32,0.0,3.32,20.0,0.0,-107.0,/SNS/CNCS/IPTS-37274/nexus/CNCS_664642.nxs.h5
664641,108367,YbZn2GaO5,"YZGO, MAG9, Ei=3.32meV, T=20.0K, B=0.0T w=-107.5deg",2025-10-18 01:44:09,2025-10-18 01:45:21,00:01:12,0.1,3.32,0.0,3.32,20.0,0.0,-107.5,/SNS/CNCS/IPTS-37274/nexus/CNCS_664641.nxs.h5
664640,108367,YbZn2GaO5,"YZGO, MAG9, Ei=3.32meV, T=20.0K, B=0.0T w=-108.0deg",2025-10-18 01:42:54,2025-10-18 01:44:06,00:01:11,0.1,3.32,0.0,3.32,20.0,0.0,-108.0,/SNS/CNCS/IPTS-37274/nexus/CNCS_664640.nxs.h5
664639,108367,YbZn2GaO5,"YZGO, MAG9, Ei=3.32meV, T=20.0K, B=0.0T w=-108.5deg",2025-10-18 01:41:38,2025-10-18 01:42:50,00:01:11,0.1,3.32,0.0,3.32,20.0,0.0,-108.5,/SNS/CNCS/IPTS-37274/nexus/CNCS_664639.nxs.h5
664638,108367,YbZn2GaO5,"YZGO, MAG9, Ei=3.32meV, T=20.0K, B=0.0T w=-109.0deg",2025-10-18 01:40:23,2025-10-18 01:41:35,00:01:11,0.1,3.32,0.0,3.32,20.0,0.0,-109.0,/SNS/CNCS/IPTS-37274/nexus/CNCS_664638.nxs.h5
664637,108367,YbZn2GaO5,"YZGO, MAG9, Ei=3.32meV, T=20.0K, B=0.0T w=-109.5deg",2025-10-18 01:39:07,2025-10-18 01:40:19,00:01:12,0.1,3.32,0.0,3.32,20.0,0.0,-109.5,/SNS/CNCS/IPTS-37274/nexus/CNCS_664637.nxs.h5
664636,108367,YbZn2GaO5,"YZGO, MAG9, Ei=3.32meV, T=20.0K, B=0.0T w=-110.0deg",2025-10-18 01:37:52,2025-10-18 01:39:03,00:01:11,0.1,3.32,0.0,3.32,20.0,0.0,-110.0,/SNS/CNCS/IPTS-37274/nexus/CNCS_664636.nxs.h5
664635,108367,YbZn2GaO5,"YZGO, MAG9, Ei=3.32meV, T=20.0K, B=0.0T w=-110.5deg",2025-10-18 01:36:36,2025-10-18 01:37:48,00:01:11,0.1,3.32,0.0,3.32,20.0,0.0,-110.5,/SNS/CNCS/IPTS-37274/nexus/CNCS_664635.nxs.h5
664634,108367,YbZn2GaO5,"YZGO, MAG9, Ei=3.32meV, T=20.0K, B=0.0T w=-111.0deg",2025-10-18 01:35:21,2025-10-18 01:36:33,00:01:11,0.1,3.32,0.0,3.32,20.0,0.0,-111.0,/SNS/CNCS/IPTS-37274/nexus/CNCS_664634.nxs.h5
664633,108367,YbZn2GaO5,"YZGO, MAG9, Ei=3.32meV, T=20.0K, B=0.0T w=-111.5deg",2025-10-18 01:34:06,2025-10-18 01:35:17,00:01:11,0.1,3.32,0.0,3.32,20.0,0.0,-111.5,/SNS/CNCS/IPTS-37274/nexus/CNCS_664633.nxs.h5
664632,108367,YbZn2GaO5,"YZGO, MAG9, Ei=3.32meV, T=20.0K, B=0.0T w=-112.0deg",2025-10-18 01:32:50,2025-10-18 01:34:02,00:01:11,0.1,3.32,0.0,3.32,20.0,0.0,-112.0,/SNS/CNCS/IPTS-37274/nexus/CNCS_664632.nxs.h5
664631,108367,YbZn2GaO5,"YZGO, MAG9, Ei=3.32meV, T=20.0K, B=0.0T w=-112.5deg",2025-10-18 01:31:35,2025-10-18 01:32:47,00:01:11,0.1,3.32,0.0,3.32,20.0,0.0,-112.5,/SNS/CNCS/IPTS-37274/nexus/CNCS_664631.nxs.h5
664630,108367,YbZn2GaO5,"YZGO, MAG9, Ei=3.32meV, T=20.0K, B=0.0T w=-113.0deg",2025-10-18 01:30:19,2025-10-18 01:31:31,00:01:11,0.1,3.32,0.0,3.32,20.0,0.0,-113.0,/SNS/CNCS/IPTS-37274/nexus/CNCS_664630.nxs.h5
664629,108367,YbZn2GaO5,"YZGO, MAG9, Ei=3.32meV, T=20.0K, B=0.0T w=-113.5deg",2025-10-18 01:29:04,2025-10-18 01:30:16,00:01:11,0.1,3.32,0.0,3.32,20.0,0.0,-113.5,/SNS/CNCS/IPTS-37274/nexus/CNCS_664629.nxs.h5
664628,108367,YbZn2GaO5,"YZGO, MAG9, Ei=3.32meV, T=20.0K, B=0.0T w=-114.0deg",2025-10-18 01:27:49,2025-10-18 01:29:00,00:01:11,0.1,3.32,0.0,3.32,20.0,0.0,-114.0,/SNS/CNCS/IPTS-37274/nexus/CNCS_664628.nxs.h5
664627,108367,YbZn2GaO5,"YZGO, MAG9, Ei=3.32meV, T=20.0K, B=0.0T w=-114.5deg",2025-10-18 01:26:00,2025-10-18 01:27:45,00:01:44,0.1,3.32,0.0,3.32,20.0,0.0,-114.5,/SNS/CNCS/IPTS-37274/nexus/CNCS_664627.nxs.h5
664626,108367,YbZn2GaO5,"YZGO, MAG9, Ei=3.32meV, T=20.0K, B=0.0T w=-115.0deg",2025-10-18 01:24:44,2025-10-18 01:25:57,00:01:12,0.1,3.32,0.0,3.32,20.0,0.0,-115.0,/SNS/CNCS/IPTS-37274/nexus/CNCS_664626.nxs.h5
664625,108367,YbZn2GaO5,"YZGO, MAG9, Ei=3.32meV, T=20.0K, B=0.0T w=-115.5deg",2025-10-18 01:23:29,2025-10-18 01:24:41,00:01:11,0.1,3.32,0.0,3.32,20.0,0.0,-115.5,/SNS/CNCS/IPTS-37274/nexus/CNCS_664625.nxs.h5
664624,108367,YbZn2GaO5,"YZGO, MAG9, Ei=3.32meV, T=20.0K, B=0.0T w=-116.0deg",2025-10-18 01:22:14,2025-10-18 01:23:26,00:01:11,0.1,3.32,0.0,3.32,20.0,0.0,-116.0,/SNS/CNCS/IPTS-37274/nexus/CNCS_664624.nxs.h5
664623,108367,YbZn2GaO5,"YZGO, MAG9, Ei=3.32meV, T=20.0K, B=0.0T w=-116.5deg",2025-10-18 01:20:58,2025-10-18 01:22:10,00:01:11,0.1,3.32,0.0,3.32,20.0,0.0,-116.5,/SNS/CNCS/IPTS-37274/nexus/CNCS_664623.nxs.h5
664622,108367,YbZn2GaO5,"YZGO, MAG9, Ei=3.32meV, T=20.0K, B=0.0T w=-117.0deg",2025-10-18 01:19:43,2025-10-18 01:20:55,00:01:11,0.1,3.32,0.0,3.32,20.0,0.0,-117.0,/SNS/CNCS/IPTS-37274/nexus/CNCS_664622.nxs.h5
664621,108367,YbZn2GaO5,"YZGO, MAG9, Ei=3.32meV, T=20.0K, B=0.0T w=-117.5deg",2025-10-18 01:18:28,2025-10-18 01:19:39,00:01:11,0.1,3.32,0.0,3.32,20.0,0.0,-117.5,/SNS/CNCS/IPTS-37274/nexus/CNCS_664621.nxs.h5
664620,108367,YbZn2GaO5,"YZGO, MAG9, Ei=3.32meV, T=20.0K, B=0.0T w=-118.0deg",2025-10-18 01:13:58,2025-10-18 01:18:24,00:04:26,0.11,3.32,0.0,3.32,20.0,0.0,-118.0,/SNS/CNCS/IPTS-37274/nexus/CNCS_664620.nxs.h5
664619,108367,YbZn2GaO5,"YZGO, MAG9, Ei=3.32meV, T=20.0K, B=0.0T w=-118.5deg",2025-10-18 01:12:42,2025-10-18 01:13:54,00:01:11,0.1,3.32,0.0,3.32,20.0,0.0,-118.5,/SNS/CNCS/IPTS-37274/nexus/CNCS_664619.nxs.h5
664618,108367,YbZn2GaO5,"YZGO, MAG9, Ei=3.32meV, T=20.0K, B=0.0T w=-119.0deg",2025-10-18 01:11:27,2025-10-18 01:12:39,00:01:11,0.1,3.32,0.0,3.32,20.0,0.0,-119.0,/SNS/CNCS/IPTS-37274/nexus/CNCS_664618.nxs.h5
664617,108367,YbZn2GaO5,"YZGO, MAG9, Ei=3.32meV, T=20.0K, B=0.0T w=-119.5deg",2025-10-18 01:10:12,2025-10-18 01:11:23,00:01:11,0.1,3.32,0.0,3.32,20.0,0.0,-119.5,/SNS/CNCS/IPTS-37274/nexus/CNCS_664617.nxs.h5
664616,108367,YbZn2GaO5,"YZGO, MAG9, Ei=3.32meV, T=20.0K, B=0.0T w=-120.0deg",2025-10-18 01:08:56,2025-10-18 01:10:08,00:01:11,0.1,3.32,0.0,3.32,20.0,0.0,-120.0,/SNS/CNCS/IPTS-37274/nexus/CNCS_664616.nxs.h5
664615,108367,YbZn2GaO5,"YZGO, MAG9, Ei=3.32meV, T=20.0K, B=0.0T w=-120.5deg",2025-10-18 01:07:41,2025-10-18 01:08:53,00:01:11,0.1,3.32,0.0,3.32,20.0,0.0,-120.5,/SNS/CNCS/IPTS-37274/nexus/CNCS_664615.nxs.h5
664614,108367,YbZn2GaO5,"YZGO, MAG9, Ei=3.32meV, T=20.0K, B=0.0T w=-121.0deg",2025-10-18 01:06:25,2025-10-18 01:07:37,00:01:12,0.1,3.32,0.0,3.32,20.0,0.0,-121.0,/SNS/CNCS/IPTS-37274/nexus/CNCS_664614.nxs.h5
664613,108367,YbZn2GaO5,"YZGO, MAG9, Ei=3.32meV, T=20.0K, B=0.0T w=-121.5deg",2025-10-18 01:05:10,2025-10-18 01:06:21,00:01:11,0.1,3.32,0.0,3.32,20.0,0.0,-121.5,/SNS/CNCS/IPTS-37274/nexus/CNCS_664613.nxs.h5
664612,108367,YbZn2GaO5,"YZGO, MAG9, Ei=3.32meV, T=20.0K, B=0.0T w=-122.0deg",2025-10-18 01:03:54,2025-10-18 01:05:06,00:01:11,0.1,3.32,0.0,3.32,20.0,0.0,-122.0,/SNS/CNCS/IPTS-37274/nexus/CNCS_664612.nxs.h5
664611,108367,YbZn2GaO5,"YZGO, MAG9, Ei=3.32meV, T=20.0K, B=0.0T w=-122.5deg",2025-10-18 01:02:39,2025-10-18 01:03:51,00:01:11,0.1,3.32,0.0,3.32,20.0,0.0,-122.5,/SNS/CNCS/IPTS-37274/nexus/CNCS_664611.nxs.h5
664610,108367,YbZn2GaO5,"YZGO, MAG9, Ei=3.32meV, T=20.0K, B=0.0T w=-123.0deg",2025-10-18 01:01:23,2025-10-18 01:02:35,00:01:11,0.1,3.32,0.0,3.32,20.0,0.0,-123.0,/SNS/CNCS/IPTS-37274/nexus/CNCS_664610.nxs.h5
664609,108367,YbZn2GaO5,"YZGO, MAG9, Ei=3.32meV, T=20.0K, B=0.0T w=-123.5deg",2025-10-18 01:00:08,2025-10-18 01:01:20,00:01:11,0.1,3.32,0.0,3.32,20.0,0.0,-123.5,/SNS/CNCS/IPTS-37274/nexus/CNCS_664609.nxs.h5
664608,108367,YbZn2GaO5,"YZGO, MAG9, Ei=3.32meV, T=20.0K, B=0.0T w=-124.0deg",2025-10-18 00:58:53,2025-10-18 01:00:04,00:01:11,0.1,3.32,0.0,3.32,20.0,0.0,-124.0,/SNS/CNCS/IPTS-37274/nexus/CNCS_664608.nxs.h5
664607,108367,YbZn2GaO5,"YZGO, MAG9, Ei=3.32meV, T=20.0K, B=0.0T w=-124.5deg",2025-10-18 00:57:37,2025-10-18 00:58:49,00:01:11,0.1,3.32,0.0,3.32,20.0,0.0,-124.5,/SNS/CNCS/IPTS-37274/nexus/CNCS_664607.nxs.h5
664606,108367,YbZn2GaO5,"YZGO, MAG9, Ei=3.32meV, T=20.0K, B=0.0T w=-125.0deg",2025-10-18 00:56:22,2025-10-18 00:57:33,00:01:11,0.1,3.32,0.0,3.32,20.0,0.0,-125.0,/SNS/CNCS/IPTS-37274/nexus/CNCS_664606.nxs.h5
664605,108367,YbZn2GaO5,"YZGO, MAG9, Ei=3.32meV, T=20.0K, B=0.0T w=-125.5deg",2025-10-18 00:55:06,2025-10-18 00:56:18,00:01:11,0.1,3.32,0.0,3.32,20.0,0.0,-125.5,/SNS/CNCS/IPTS-37274/nexus/CNCS_664605.nxs.h5
664604,108367,YbZn2GaO5,"YZGO, MAG9, Ei=3.32meV, T=20.0K, B=0.0T w=-126.0deg",2025-10-18 00:53:51,2025-10-18 00:55:03,00:01:11,0.1,3.32,0.0,3.32,20.0,0.0,-126.0,/SNS/CNCS/IPTS-37274/nexus/CNCS_664604.nxs.h5
664603,108367,YbZn2GaO5,"YZGO, MAG9, Ei=3.32meV, T=20.0K, B=0.0T w=-126.5deg",2025-10-18 00:52:35,2025-10-18 00:53:47,00:01:11,0.1,3.32,0.0,3.32,20.0,0.0,-126.5,/SNS/CNCS/IPTS-37274/nexus/CNCS_664603.nxs.h5
664602,108367,YbZn2GaO5,"YZGO, MAG9, Ei=3.32meV, T=20.0K, B=0.0T w=-127.0deg",2025-10-18 00:51:20,2025-10-18 00:52:32,00:01:11,0.1,3.32,0.0,3.32,20.0,0.0,-127.0,/SNS/CNCS/IPTS-37274/nexus/CNCS_664602.nxs.h5
664601,108367,YbZn2GaO5,"YZGO, MAG9, Ei=3.32meV, T=20.0K, B=0.0T w=-127.5deg",2025-10-18 00:50:05,2025-10-18 00:51:16,00:01:11,0.1,3.32,0.0,3.32,20.0,0.0,-127.5,/SNS/CNCS/IPTS-37274/nexus/CNCS_664601.nxs.h5
664600,108367,YbZn2GaO5,"YZGO, MAG9, Ei=3.32meV, T=20.0K, B=0.0T w=-128.0deg",2025-10-18 00:48:49,2025-10-18 00:50:01,00:01:11,0.1,3.32,0.0,3.32,20.0,0.0,-128.0,/SNS/CNCS/IPTS-37274/nexus/CNCS_664600.nxs.h5
664599,108367,YbZn2GaO5,"YZGO, MAG9, Ei=3.32meV, T=20.0K, B=0.0T w=-128.5deg",2025-10-18 00:47:34,2025-10-18 00:48:45,00:01:11,0.1,3.32,0.0,3.32,20.0,0.0,-128.5,/SNS/CNCS/IPTS-37274/nexus/CNCS_664599.nxs.h5
664598,108367,YbZn2GaO5,"YZGO, MAG9, Ei=3.32meV, T=20.0K, B=0.0T w=-129.0deg",2025-10-18 00:46:18,2025-10-18 00:47:30,00:01:11,0.1,3.32,0.0,3.32,20.0,0.0,-129.0,/SNS/CNCS/IPTS-37274/nexus/CNCS_664598.nxs.h5
664597,108367,YbZn2GaO5,"YZGO, MAG9, Ei=3.32meV, T=20.0K, B=0.0T w=-129.5deg",2025-10-18 00:45:03,2025-10-18 00:46:15,00:01:11,0.1,3.32,0.0,3.32,20.0,0.0,-129.5,/SNS/CNCS/IPTS-37274/nexus/CNCS_664597.nxs.h5
664596,108367,YbZn2GaO5,"YZGO, MAG9, Ei=3.32meV, T=20.0K, B=0.0T w=-130.0deg",2025-10-18 00:43:47,2025-10-18 00:44:59,00:01:11,0.1,3.32,0.0,3.32,20.0,0.0,-130.0,/SNS/CNCS/IPTS-37274/nexus/CNCS_664596.nxs.h5
664595,108367,YbZn2GaO5,"YZGO, MAG9, Ei=3.32meV, T=20.0K, B=0.0T w=-130.5deg",2025-10-18 00:42:32,2025-10-18 00:43:44,00:01:11,0.1,3.32,0.0,3.32,20.0,0.0,-130.5,/SNS/CNCS/IPTS-37274/nexus/CNCS_664595.nxs.h5
664594,108367,YbZn2GaO5,"YZGO, MAG9, Ei=3.32meV, T=20.0K, B=0.0T w=-131.0deg",2025-10-18 00:41:16,2025-10-18 00:42:28,00:01:11,0.1,3.32,0.0,3.32,20.0,0.0,-131.0,/SNS/CNCS/IPTS-37274/nexus/CNCS_664594.nxs.h5
664593,108367,YbZn2GaO5,"YZGO, MAG9, Ei=3.32meV, T=20.0K, B=0.0T w=-131.5deg",2025-10-18 00:40:01,2025-10-18 00:41:13,00:01:11,0.1,3.32,0.0,3.32,20.0,0.0,-131.5,/SNS/CNCS/IPTS-37274/nexus/CNCS_664593.nxs.h5
664592,108367,YbZn2GaO5,"YZGO, MAG9, Ei=3.32meV, T=20.0K, B=0.0T w=-132.0deg",2025-10-18 00:38:46,2025-10-18 00:39:57,00:01:11,0.1,3.32,0.0,3.32,20.0,0.0,-132.0,/SNS/CNCS/IPTS-37274/nexus/CNCS_664592.nxs.h5
664591,108367,YbZn2GaO5,"YZGO, MAG9, Ei=3.32meV, T=20.0K, B=0.0T w=-132.5deg",2025-10-18 00:37:30,2025-10-18 00:38:42,00:01:11,0.1,3.32,0.0,3.32,20.0,0.0,-132.5,/SNS/CNCS/IPTS-37274/nexus/CNCS_664591.nxs.h5
664590,108367,YbZn2GaO5,"YZGO, MAG9, Ei=3.32meV, T=20.0K, B=0.0T w=-133.0deg",2025-10-18 00:36:15,2025-10-18 00:37:27,00:01:11,0.1,3.32,0.0,3.32,20.0,0.0,-133.0,/SNS/CNCS/IPTS-37274/nexus/CNCS_664590.nxs.h5
664589,108367,YbZn2GaO5,"YZGO, MAG9, Ei=3.32meV, T=20.0K, B=0.0T w=-133.5deg",2025-10-18 00:34:59,2025-10-18 00:36:11,00:01:11,0.1,3.32,0.0,3.32,20.0,0.0,-133.5,/SNS/CNCS/IPTS-37274/nexus/CNCS_664589.nxs.h5
664588,108367,YbZn2GaO5,"YZGO, MAG9, Ei=3.32meV, T=20.0K, B=0.0T w=-134.0deg",2025-10-18 00:33:44,2025-10-18 00:34:56,00:01:11,0.1,3.32,0.0,3.32,20.0,0.0,-134.0,/SNS/CNCS/IPTS-37274/nexus/CNCS_664588.nxs.h5
664587,108367,YbZn2GaO5,"YZGO, MAG9, Ei=3.32meV, T=20.0K, B=0.0T w=-134.5deg",2025-10-18 00:32:28,2025-10-18 00:33:40,00:01:11,0.1,3.32,0.0,3.32,20.0,0.0,-134.5,/SNS/CNCS/IPTS-37274/nexus/CNCS_664587.nxs.h5
664586,108367,YbZn2GaO5,"YZGO, MAG9, Ei=3.32meV, T=20.0K, B=0.0T w=-135.0deg",2025-10-18 00:31:13,2025-10-18 00:32:25,00:01:11,0.1,3.32,0.0,3.32,20.0,0.0,-135.0,/SNS/CNCS/IPTS-37274/nexus/CNCS_664586.nxs.h5
664585,108367,YbZn2GaO5,"YZGO, MAG9, Ei=3.32meV, T=20.0K, B=0.0T w=-135.5deg",2025-10-18 00:29:57,2025-10-18 00:31:09,00:01:12,0.1,3.32,0.0,3.32,20.0,0.0,-135.5,/SNS/CNCS/IPTS-37274/nexus/CNCS_664585.nxs.h5
664584,108367,YbZn2GaO5,"YZGO, MAG9, Ei=3.32meV, T=20.0K, B=0.0T w=-136.0deg",2025-10-18 00:28:41,2025-10-18 00:29:54,00:01:12,0.1,3.32,0.0,3.32,20.0,0.0,-136.0,/SNS/CNCS/IPTS-37274/nexus/CNCS_664584.nxs.h5
664583,108367,YbZn2GaO5,"YZGO, MAG9, Ei=3.32meV, T=20.0K, B=0.0T w=-136.5deg",2025-10-18 00:27:26,2025-10-18 00:28:38,00:01:11,0.1,3.32,0.0,3.32,20.0,0.0,-136.5,/SNS/CNCS/IPTS-37274/nexus/CNCS_664583.nxs.h5
664582,108367,YbZn2GaO5,"YZGO, MAG9, Ei=3.32meV, T=20.0K, B=0.0T w=-137.0deg",2025-10-18 00:26:10,2025-10-18 00:27:22,00:01:11,0.1,3.32,0.0,3.32,20.0,0.0,-137.0,/SNS/CNCS/IPTS-37274/nexus/CNCS_664582.nxs.h5
664581,108367,YbZn2GaO5,"YZGO, MAG9, Ei=3.32meV, T=20.0K, B=0.0T w=-137.5deg",2025-10-18 00:24:55,2025-10-18 00:26:07,00:01:11,0.1,3.32,0.0,3.32,20.0,0.0,-137.5,/SNS/CNCS/IPTS-37274/nexus/CNCS_664581.nxs.h5
664580,108367,YbZn2GaO5,"YZGO, MAG9, Ei=3.32meV, T=20.0K, B=0.0T w=-138.0deg",2025-10-18 00:23:39,2025-10-18 00:24:51,00:01:11,0.1,3.32,0.0,3.32,20.0,0.0,-138.0,/SNS/CNCS/IPTS-37274/nexus/CNCS_664580.nxs.h5
664579,108367,YbZn2GaO5,"YZGO, MAG9, Ei=3.32meV, T=20.0K, B=0.0T w=-138.5deg",2025-10-18 00:22:23,2025-10-18 00:23:36,00:01:12,0.1,3.32,0.0,3.32,20.0,0.0,-138.5,/SNS/CNCS/IPTS-37274/nexus/CNCS_664579.nxs.h5
664578,108367,YbZn2GaO5,"YZGO, MAG9, Ei=3.32meV, T=20.0K, B=0.0T w=-139.0deg",2025-10-18 00:21:08,2025-10-18 00:22:20,00:01:11,0.1,3.32,0.0,3.32,20.0,0.0,-139.0,/SNS/CNCS/IPTS-37274/nexus/CNCS_664578.nxs.h5
664577,108367,YbZn2GaO5,"YZGO, MAG9, Ei=3.32meV, T=20.0K, B=0.0T w=-139.5deg",2025-10-18 00:19:53,2025-10-18 00:21:05,00:01:11,0.1,3.32,0.0,3.32,20.0,0.0,-139.5,/SNS/CNCS/IPTS-37274/nexus/CNCS_664577.nxs.h5
664576,108367,YbZn2GaO5,"YZGO, MAG9, Ei=3.32meV, T=20.0K, B=0.0T w=-140.0deg",2025-10-18 00:18:37,2025-10-18 00:19:49,00:01:11,0.1,3.32,0.0,3.32,20.0,0.0,-140.0,/SNS/CNCS/IPTS-37274/nexus/CNCS_664576.nxs.h5
664575,108367,YbZn2GaO5,"YZGO, MAG9, Ei=3.32meV, T=20.0K, B=0.0T w=-140.5deg",2025-10-18 00:17:22,2025-10-18 00:18:34,00:01:11,0.1,3.32,0.0,3.32,20.0,0.0,-140.5,/SNS/CNCS/IPTS-37274/nexus/CNCS_664575.nxs.h5
664574,108367,YbZn2GaO5,"YZGO, MAG9, Ei=3.32meV, T=20.0K, B=0.0T w=-141.0deg",2025-10-18 00:16:06,2025-10-18 00:17:18,00:01:12,0.1,3.32,0.0,3.32,20.0,0.0,-141.0,/SNS/CNCS/IPTS-37274/nexus/CNCS_664574.nxs.h5
664573,108367,YbZn2GaO5,"YZGO, MAG9, Ei=3.32meV, T=20.0K, B=0.0T w=-141.5deg",2025-10-18 00:14:50,2025-10-18 00:16:02,00:01:12,0.1,3.32,0.0,3.32,20.0,0.0,-141.5,/SNS/CNCS/IPTS-37274/nexus/CNCS_664573.nxs.h5
664572,108367,YbZn2GaO5,"YZGO, MAG9, Ei=3.32meV, T=20.0K, B=0.0T w=-142.0deg",2025-10-18 00:13:35,2025-10-18 00:14:47,00:01:11,0.1,3.32,0.0,3.32,20.0,0.0,-142.0,/SNS/CNCS/IPTS-37274/nexus/CNCS_664572.nxs.h5
664571,108367,YbZn2GaO5,"YZGO, MAG9, Ei=3.32meV, T=20.0K, B=0.0T w=-142.5deg",2025-10-18 00:12:19,2025-10-18 00:13:31,00:01:11,0.1,3.32,0.0,3.32,20.0,0.0,-142.5,/SNS/CNCS/IPTS-37274/nexus/CNCS_664571.nxs.h5
664570,108367,YbZn2GaO5,"YZGO, MAG9, Ei=3.32meV, T=20.0K, B=0.0T w=-143.0deg",2025-10-18 00:11:04,2025-10-18 00:12:16,00:01:11,0.1,3.32,0.0,3.32,20.0,0.0,-143.0,/SNS/CNCS/IPTS-37274/nexus/CNCS_664570.nxs.h5
664569,108367,YbZn2GaO5,"YZGO, MAG9, Ei=3.32meV, T=20.0K, B=0.0T w=-143.5deg",2025-10-18 00:09:48,2025-10-18 00:11:00,00:01:11,0.1,3.32,0.0,3.32,20.0,0.0,-143.5,/SNS/CNCS/IPTS-37274/nexus/CNCS_664569.nxs.h5
664568,108367,YbZn2GaO5,"YZGO, MAG9, Ei=3.32meV, T=20.0K, B=0.0T w=-144.0deg",2025-10-18 00:08:33,2025-10-18 00:09:45,00:01:12,0.1,3.32,0.0,3.32,20.0,0.0,-144.0,/SNS/CNCS/IPTS-37274/nexus/CNCS_664568.nxs.h5
664567,108367,YbZn2GaO5,"YZGO, MAG9, Ei=3.32meV, T=20.0K, B=0.0T w=-144.5deg",2025-10-18 00:07:17,2025-10-18 00:08:29,00:01:12,0.1,3.32,0.0,3.32,20.0,0.0,-144.5,/SNS/CNCS/IPTS-37274/nexus/CNCS_664567.nxs.h5
664566,108367,YbZn2GaO5,"YZGO, MAG9, Ei=3.32meV, T=20.0K, B=0.0T w=-145.0deg",2025-10-18 00:06:01,2025-10-18 00:07:13,00:01:11,0.1,3.32,0.0,3.32,20.0,0.0,-145.0,/SNS/CNCS/IPTS-37274/nexus/CNCS_664566.nxs.h5
664565,108367,YbZn2GaO5,"YZGO, MAG9, Ei=3.32meV, T=20.0K, B=0.0T w=-145.5deg",2025-10-18 00:04:46,2025-10-18 00:05:58,00:01:11,0.1,3.32,0.0,3.32,20.0,0.0,-145.5,/SNS/CNCS/IPTS-37274/nexus/CNCS_664565.nxs.h5
664564,108367,YbZn2GaO5,"YZGO, MAG9, Ei=3.32meV, T=20.0K, B=0.0T w=-146.0deg",2025-10-18 00:03:31,2025-10-18 00:04:42,00:01:11,0.1,3.32,0.0,3.32,20.0,0.0,-146.0,/SNS/CNCS/IPTS-37274/nexus/CNCS_664564.nxs.h5
664563,108367,YbZn2GaO5,"YZGO, MAG9, Ei=3.32meV, T=20.0K, B=0.0T w=-146.5deg",2025-10-18 00:02:15,2025-10-18 00:03:27,00:01:11,0.1,3.32,0.0,3.32,20.0,0.0,-146.5,/SNS/CNCS/IPTS-37274/nexus/CNCS_664563.nxs.h5
664562,108367,YbZn2GaO5,"YZGO, MAG9, Ei=3.32meV, T=20.0K, B=0.0T w=-147.0deg",2025-10-18 00:01:00,2025-10-18 00:02:12,00:01:11,0.1,3.32,0.0,3.32,20.0,0.0,-147.0,/SNS/CNCS/IPTS-37274/nexus/CNCS_664562.nxs.h5
664561,108367,YbZn2GaO5,"YZGO, MAG9, Ei=3.32meV, T=20.0K, B=0.0T w=-147.5deg",2025-10-17 23:59:44,2025-10-18 00:00:56,00:01:12,0.1,3.32,0.0,3.32,20.0,0.0,-147.5,/SNS/CNCS/IPTS-37274/nexus/CNCS_664561.nxs.h5
664560,108367,YbZn2GaO5,"YZGO, MAG9, Ei=3.32meV, T=20.0K, B=0.0T w=-148.0deg",2025-10-17 23:58:29,2025-10-17 23:59:41,00:01:11,0.1,3.32,0.0,3.32,20.0,0.0,-148.0,/SNS/CNCS/IPTS-37274/nexus/CNCS_664560.nxs.h5
664559,108367,YbZn2GaO5,"YZGO, MAG9, Ei=3.32meV, T=20.0K, B=0.0T w=-148.5deg",2025-10-17 23:57:13,2025-10-17 23:58:25,00:01:11,0.1,3.32,0.0,3.32,20.0,0.0,-148.5,/SNS/CNCS/IPTS-37274/nexus/CNCS_664559.nxs.h5
664558,108367,YbZn2GaO5,"YZGO, MAG9, Ei=3.32meV, T=20.0K, B=0.0T w=-149.0deg",2025-10-17 23:55:57,2025-10-17 23:57:10,00:01:12,0.1,3.32,0.0,3.32,20.0,0.0,-149.0,/SNS/CNCS/IPTS-37274/nexus/CNCS_664558.nxs.h5
664557,108367,YbZn2GaO5,"YZGO, MAG9, Ei=3.32meV, T=20.0K, B=0.0T w=-149.5deg",2025-10-17 23:54:42,2025-10-17 23:55:54,00:01:11,0.1,3.32,0.0,3.32,20.0,0.0,-149.5,/SNS/CNCS/IPTS-37274/nexus/CNCS_664557.nxs.h5
664556,108367,YbZn2GaO5,"YZGO, MAG9, Ei=3.32meV, T=20.0K, B=0.0T w=-150.0deg",2025-10-17 23:53:26,2025-10-17 23:54:38,00:01:12,0.1,3.32,0.0,3.32,20.0,0.0,-150.0,/SNS/CNCS/IPTS-37274/nexus/CNCS_664556.nxs.h5
664555,108367,YbZn2GaO5,"YZGO, MAG9, Ei=3.32meV, T=20.0K, B=0.0T w=-150.5deg",2025-10-17 23:52:10,2025-10-17 23:53:23,00:01:12,0.1,3.32,0.0,3.32,20.0,0.0,-150.5,/SNS/CNCS/IPTS-37274/nexus/CNCS_664555.nxs.h5
664554,108367,YbZn2GaO5,"YZGO, MAG9, Ei=3.32meV, T=20.0K, B=0.0T w=-151.0deg",2025-10-17 23:50:55,2025-10-17 23:52:07,00:01:11,0.1,3.32,0.0,3.32,20.0,0.0,-151.0,/SNS/CNCS/IPTS-37274/nexus/CNCS_664554.nxs.h5
664553,108367,YbZn2GaO5,"YZGO, MAG9, Ei=3.32meV, T=20.0K, B=0.0T w=-151.5deg",2025-10-17 23:49:39,2025-10-17 23:50:51,00:01:11,0.1,3.32,0.0,3.32,20.0,0.0,-151.5,/SNS/CNCS/IPTS-37274/nexus/CNCS_664553.nxs.h5
664552,108367,YbZn2GaO5,"YZGO, MAG9, Ei=3.32meV, T=20.0K, B=0.0T w=-152.0deg",2025-10-17 23:48:24,2025-10-17 23:49:36,00:01:11,0.1,3.32,0.0,3.32,20.0,0.0,-152.0,/SNS/CNCS/IPTS-37274/nexus/CNCS_664552.nxs.h5
664551,108367,YbZn2GaO5,"YZGO, MAG9, Ei=3.32meV, T=20.0K, B=0.0T w=-152.5deg",2025-10-17 23:47:09,2025-10-17 23:48:20,00:01:11,0.1,3.32,0.0,3.32,20.0,0.0,-152.5,/SNS/CNCS/IPTS-37274/nexus/CNCS_664551.nxs.h5
664550,108367,YbZn2GaO5,"YZGO, MAG9, Ei=3.32meV, T=20.0K, B=0.0T w=-153.0deg",2025-10-17 23:45:53,2025-10-17 23:47:05,00:01:11,0.1,3.32,0.0,3.32,20.0,0.0,-153.0,/SNS/CNCS/IPTS-37274/nexus/CNCS_664550.nxs.h5
664549,108367,YbZn2GaO5,"YZGO, MAG9, Ei=3.32meV, T=20.0K, B=0.0T w=-153.5deg",2025-10-17 23:44:37,2025-10-17 23:45:50,00:01:12,0.1,3.32,0.0,3.32,20.0,0.0,-153.5,/SNS/CNCS/IPTS-37274/nexus/CNCS_664549.nxs.h5
664548,108367,YbZn2GaO5,"YZGO, MAG9, Ei=3.32meV, T=20.0K, B=0.0T w=-154.0deg",2025-10-17 23:43:22,2025-10-17 23:44:34,00:01:12,0.1,3.32,0.0,3.32,20.0,0.0,-154.0,/SNS/CNCS/IPTS-37274/nexus/CNCS_664548.nxs.h5
664547,108367,YbZn2GaO5,"YZGO, MAG9, Ei=3.32meV, T=20.0K, B=0.0T w=-154.5deg",2025-10-17 23:42:06,2025-10-17 23:43:18,00:01:11,0.1,3.32,0.0,3.32,20.0,0.0,-154.5,/SNS/CNCS/IPTS-37274/nexus/CNCS_664547.nxs.h5
664546,108367,YbZn2GaO5,"YZGO, MAG9, Ei=3.32meV, T=20.0K, B=0.0T w=-155.0deg",2025-10-17 23:40:51,2025-10-17 23:42:03,00:01:11,0.1,3.32,0.0,3.32,20.0,0.0,-155.0,/SNS/CNCS/IPTS-37274/nexus/CNCS_664546.nxs.h5
664545,108367,YbZn2GaO5,"YZGO, MAG9, Ei=3.32meV, T=20.0K, B=0.0T w=-155.5deg",2025-10-17 23:39:35,2025-10-17 23:40:47,00:01:11,0.1,3.32,0.0,3.32,20.0,0.0,-155.5,/SNS/CNCS/IPTS-37274/nexus/CNCS_664545.nxs.h5
664544,108367,YbZn2GaO5,"YZGO, MAG9, Ei=3.32meV, T=20.0K, B=0.0T w=-156.0deg",2025-10-17 23:38:20,2025-10-17 23:39:32,00:01:11,0.1,3.32,0.0,3.32,20.0,0.0,-156.0,/SNS/CNCS/IPTS-37274/nexus/CNCS_664544.nxs.h5
664543,108367,YbZn2GaO5,"YZGO, MAG9, Ei=3.32meV, T=20.0K, B=0.0T w=-156.5deg",2025-10-17 23:37:04,2025-10-17 23:38:16,00:01:11,0.1,3.32,0.0,3.32,20.0,0.0,-156.5,/SNS/CNCS/IPTS-37274/nexus/CNCS_664543.nxs.h5
664542,108367,YbZn2GaO5,"YZGO, MAG9, Ei=3.32meV, T=20.0K, B=0.0T w=-157.0deg",2025-10-17 23:35:49,2025-10-17 23:37:01,00:01:11,0.1,3.32,0.0,3.32,20.0,0.0,-157.0,/SNS/CNCS/IPTS-37274/nexus/CNCS_664542.nxs.h5
664541,108367,YbZn2GaO5,"YZGO, MAG9, Ei=3.32meV, T=20.0K, B=0.0T w=-157.5deg",2025-10-17 23:34:33,2025-10-17 23:35:45,00:01:12,0.1,3.32,0.0,3.32,20.0,0.0,-157.5,/SNS/CNCS/IPTS-37274/nexus/CNCS_664541.nxs.h5
664540,108367,YbZn2GaO5,"YZGO, MAG9, Ei=3.32meV, T=20.0K, B=0.0T w=-158.0deg",2025-10-17 23:33:17,2025-10-17 23:34:29,00:01:12,0.1,3.32,0.0,3.32,20.0,0.0,-158.0,/SNS/CNCS/IPTS-37274/nexus/CNCS_664540.nxs.h5
664539,108367,YbZn2GaO5,"YZGO, MAG9, Ei=3.32meV, T=20.0K, B=0.0T w=-158.5deg",2025-10-17 23:32:02,2025-10-17 23:33:13,00:01:11,0.1,3.32,0.0,3.32,20.0,0.0,-158.5,/SNS/CNCS/IPTS-37274/nexus/CNCS_664539.nxs.h5
664538,108367,YbZn2GaO5,"YZGO, MAG9, Ei=3.32meV, T=20.0K, B=0.0T w=-159.0deg",2025-10-17 23:30:46,2025-10-17 23:31:58,00:01:12,0.1,3.32,0.0,3.32,20.0,0.0,-159.0,/SNS/CNCS/IPTS-37274/nexus/CNCS_664538.nxs.h5
664537,108367,YbZn2GaO5,"YZGO, MAG9, Ei=3.32meV, T=20.0K, B=0.0T w=-159.5deg",2025-10-17 23:29:30,2025-10-17 23:30:42,00:01:12,0.1,3.32,0.0,3.32,20.0,0.0,-159.5,/SNS/CNCS/IPTS-37274/nexus/CNCS_664537.nxs.h5
664536,108367,YbZn2GaO5,"YZGO, MAG9, Ei=3.32meV, T=20.0K, B=0.0T w=-160.0deg",2025-10-17 23:28:14,2025-10-17 23:29:26,00:01:11,0.1,3.32,0.0,3.32,20.0,0.0,-160.0,/SNS/CNCS/IPTS-37274/nexus/CNCS_664536.nxs.h5
664535,108367,YbZn2GaO5,"YZGO, MAG9, Ei=3.32meV, T=20.0K, B=0.0T w=-160.5deg",2025-10-17 23:26:59,2025-10-17 23:28:11,00:01:11,0.1,3.32,0.0,3.32,20.0,0.0,-160.5,/SNS/CNCS/IPTS-37274/nexus/CNCS_664535.nxs.h5
664534,108367,YbZn2GaO5,"YZGO, MAG9, Ei=3.32meV, T=20.0K, B=0.0T w=-161.0deg",2025-10-17 23:25:44,2025-10-17 23:26:55,00:01:11,0.1,3.32,0.0,3.32,20.0,0.0,-161.0,/SNS/CNCS/IPTS-37274/nexus/CNCS_664534.nxs.h5
664533,108367,YbZn2GaO5,"YZGO, MAG9, Ei=3.32meV, T=20.0K, B=0.0T w=-161.5deg",2025-10-17 23:24:28,2025-10-17 23:25:40,00:01:11,0.1,3.32,0.0,3.32,20.0,0.0,-161.5,/SNS/CNCS/IPTS-37274/nexus/CNCS_664533.nxs.h5
664532,108367,YbZn2GaO5,"YZGO, MAG9, Ei=3.32meV, T=20.0K, B=0.0T w=-162.0deg",2025-10-17 23:23:12,2025-10-17 23:24:25,00:01:12,0.1,3.32,0.0,3.32,20.0,0.0,-162.0,/SNS/CNCS/IPTS-37274/nexus/CNCS_664532.nxs.h5
664531,108367,YbZn2GaO5,"YZGO, MAG9, Ei=3.32meV, T=20.0K, B=0.0T w=-162.5deg",2025-10-17 23:21:57,2025-10-17 23:23:09,00:01:11,0.1,3.32,0.0,3.32,20.0,0.0,-162.5,/SNS/CNCS/IPTS-37274/nexus/CNCS_664531.nxs.h5
664530,108367,YbZn2GaO5,"YZGO, MAG9, Ei=3.32meV, T=20.0K, B=0.0T w=-163.0deg",2025-10-17 23:20:41,2025-10-17 23:21:53,00:01:12,0.1,3.32,0.0,3.32,20.0,0.0,-163.0,/SNS/CNCS/IPTS-37274/nexus/CNCS_664530.nxs.h5
664529,108367,YbZn2GaO5,"YZGO, MAG9, Ei=3.32meV, T=20.0K, B=0.0T w=-163.5deg",2025-10-17 23:19:26,2025-10-17 23:20:37,00:01:11,0.1,3.32,0.0,3.32,20.0,0.0,-163.5,/SNS/CNCS/IPTS-37274/nexus/CNCS_664529.nxs.h5
664528,108367,YbZn2GaO5,"YZGO, MAG9, Ei=3.32meV, T=20.0K, B=0.0T w=-164.0deg",2025-10-17 23:18:10,2025-10-17 23:19:22,00:01:11,0.1,3.32,0.0,3.32,20.0,0.0,-164.0,/SNS/CNCS/IPTS-37274/nexus/CNCS_664528.nxs.h5
664527,108367,YbZn2GaO5,"YZGO, MAG9, Ei=3.32meV, T=20.0K, B=0.0T w=-164.5deg",2025-10-17 23:16:54,2025-10-17 23:18:07,00:01:12,0.1,3.32,0.0,3.32,20.0,0.0,-164.5,/SNS/CNCS/IPTS-37274/nexus/CNCS_664527.nxs.h5
664526,108367,YbZn2GaO5,"YZGO, MAG9, Ei=3.32meV, T=20.0K, B=0.0T w=-165.0deg",2025-10-17 23:15:39,2025-10-17 23:16:51,00:01:11,0.1,3.32,0.0,3.32,20.0,0.0,-165.0,/SNS/CNCS/IPTS-37274/nexus/CNCS_664526.nxs.h5
664525,108367,YbZn2GaO5,"YZGO, MAG9, Ei=3.32meV, T=20.0K, B=0.0T w=-165.5deg",2025-10-17 23:14:23,2025-10-17 23:15:35,00:01:12,0.1,3.32,0.0,3.32,20.0,0.0,-165.5,/SNS/CNCS/IPTS-37274/nexus/CNCS_664525.nxs.h5
664524,108367,YbZn2GaO5,"YZGO, MAG9, Ei=3.32meV, T=20.0K, B=0.0T w=-166.0deg",2025-10-17 23:13:07,2025-10-17 23:14:19,00:01:12,0.1,3.32,0.0,3.32,20.0,0.0,-166.0,/SNS/CNCS/IPTS-37274/nexus/CNCS_664524.nxs.h5
664523,108367,YbZn2GaO5,"YZGO, MAG9, Ei=3.32meV, T=20.0K, B=0.0T w=-166.5deg",2025-10-17 23:11:51,2025-10-17 23:13:04,00:01:12,0.1,3.32,0.0,3.32,20.0,0.0,-166.5,/SNS/CNCS/IPTS-37274/nexus/CNCS_664523.nxs.h5
664522,108367,YbZn2GaO5,"YZGO, MAG9, Ei=3.32meV, T=20.0K, B=0.0T w=-167.0deg",2025-10-17 23:10:35,2025-10-17 23:11:48,00:01:12,0.1,3.32,0.0,3.32,20.0,0.0,-167.0,/SNS/CNCS/IPTS-37274/nexus/CNCS_664522.nxs.h5
664521,108367,YbZn2GaO5,"YZGO, MAG9, Ei=3.32meV, T=20.0K, B=0.0T w=-167.5deg",2025-10-17 23:09:19,2025-10-17 23:10:32,00:01:12,0.1,3.32,0.0,3.32,20.0,0.0,-167.5,/SNS/CNCS/IPTS-37274/nexus/CNCS_664521.nxs.h5
664520,108367,YbZn2GaO5,"YZGO, MAG9, Ei=3.32meV, T=20.0K, B=0.0T w=-168.0deg",2025-10-17 23:08:04,2025-10-17 23:09:16,00:01:12,0.1,3.32,0.0,3.32,20.0,0.0,-168.0,/SNS/CNCS/IPTS-37274/nexus/CNCS_664520.nxs.h5
664519,108367,YbZn2GaO5,"YZGO, MAG9, Ei=3.32meV, T=20.0K, B=0.0T w=-168.5deg",2025-10-17 23:06:48,2025-10-17 23:08:00,00:01:12,0.1,3.32,0.0,3.32,20.0,0.0,-168.5,/SNS/CNCS/IPTS-37274/nexus/CNCS_664519.nxs.h5
664518,108367,YbZn2GaO5,"YZGO, MAG9, Ei=3.32meV, T=20.0K, B=0.0T w=-169.0deg",2025-10-17 23:05:32,2025-10-17 23:06:44,00:01:12,0.1,3.32,0.0,3.32,20.0,0.0,-169.0,/SNS/CNCS/IPTS-37274/nexus/CNCS_664518.nxs.h5
664517,108367,YbZn2GaO5,"YZGO, MAG9, Ei=3.32meV, T=20.0K, B=0.0T w=-169.5deg",2025-10-17 23:04:16,2025-10-17 23:05:28,00:01:12,0.1,3.32,0.0,3.32,20.0,0.0,-169.5,/SNS/CNCS/IPTS-37274/nexus/CNCS_664517.nxs.h5
664516,108367,YbZn2GaO5,"YZGO, MAG9, Ei=3.32meV, T=20.0K, B=0.0T w=-170.0deg",2025-10-17 23:03:01,2025-10-17 23:04:12,00:01:11,0.1,3.32,0.0,3.32,20.0,0.0,-170.0,/SNS/CNCS/IPTS-37274/nexus/CNCS_664516.nxs.h5
664515,108367,YbZn2GaO5,"YZGO, MAG9, Ei=3.32meV, T=20.0K, B=0.0T w=-170.5deg",2025-10-17 23:01:45,2025-10-17 23:02:57,00:01:11,0.1,3.32,0.0,3.32,20.0,0.0,-170.5,/SNS/CNCS/IPTS-37274/nexus/CNCS_664515.nxs.h5
664514,108367,YbZn2GaO5,"YZGO, MAG9, Ei=3.32meV, T=20.0K, B=0.0T w=-171.0deg",2025-10-17 23:00:29,2025-10-17 23:01:42,00:01:12,0.1,3.32,0.0,3.32,20.0,0.0,-171.0,/SNS/CNCS/IPTS-37274/nexus/CNCS_664514.nxs.h5
664513,108367,YbZn2GaO5,"YZGO, MAG9, Ei=3.32meV, T=20.0K, B=0.0T w=-171.5deg",2025-10-17 22:59:14,2025-10-17 23:00:25,00:01:11,0.1,3.32,0.0,3.32,20.0,0.0,-171.5,/SNS/CNCS/IPTS-37274/nexus/CNCS_664513.nxs.h5
664512,108367,YbZn2GaO5,"YZGO, MAG9, Ei=3.32meV, T=20.0K, B=0.0T w=-172.0deg",2025-10-17 22:57:58,2025-10-17 22:59:10,00:01:12,0.1,3.32,0.0,3.32,20.0,0.0,-172.0,/SNS/CNCS/IPTS-37274/nexus/CNCS_664512.nxs.h5
664511,108367,YbZn2GaO5,"YZGO, MAG9, Ei=3.32meV, T=20.0K, B=0.0T w=-172.5deg",2025-10-17 22:56:42,2025-10-17 22:57:54,00:01:12,0.1,3.32,0.0,3.32,20.0,0.0,-172.5,/SNS/CNCS/IPTS-37274/nexus/CNCS_664511.nxs.h5
664510,108367,YbZn2GaO5,"YZGO, MAG9, Ei=3.32meV, T=20.0K, B=0.0T w=-173.0deg",2025-10-17 22:55:26,2025-10-17 22:56:38,00:01:12,0.1,3.32,0.0,3.32,20.0,0.0,-173.0,/SNS/CNCS/IPTS-37274/nexus/CNCS_664510.nxs.h5
664509,108367,YbZn2GaO5,"YZGO, MAG9, Ei=3.32meV, T=20.0K, B=0.0T w=-173.5deg",2025-10-17 22:54:11,2025-10-17 22:55:22,00:01:11,0.1,3.32,0.0,3.32,20.0,0.0,-173.5,/SNS/CNCS/IPTS-37274/nexus/CNCS_664509.nxs.h5
664508,108367,YbZn2GaO5,"YZGO, MAG9, Ei=3.32meV, T=20.0K, B=0.0T w=-174.0deg",2025-10-17 22:52:55,2025-10-17 22:54:07,00:01:12,0.1,3.32,0.0,3.32,20.0,0.0,-174.0,/SNS/CNCS/IPTS-37274/nexus/CNCS_664508.nxs.h5
664507,108367,YbZn2GaO5,"YZGO, MAG9, Ei=3.32meV, T=20.0K, B=0.0T w=-174.5deg",2025-10-17 22:51:39,2025-10-17 22:52:51,00:01:11,0.1,3.32,0.0,3.32,20.0,0.0,-174.5,/SNS/CNCS/IPTS-37274/nexus/CNCS_664507.nxs.h5
664506,108367,YbZn2GaO5,"YZGO, MAG9, Ei=3.32meV, T=20.0K, B=0.0T w=-175.0deg",2025-10-17 22:50:23,2025-10-17 22:51:36,00:01:12,0.1,3.32,0.0,3.32,20.0,0.0,-175.0,/SNS/CNCS/IPTS-37274/nexus/CNCS_664506.nxs.h5
664505,108367,YbZn2GaO5,"YZGO, MAG9, Ei=3.32meV, T=20.0K, B=0.0T w=-175.5deg",2025-10-17 22:49:08,2025-10-17 22:50:20,00:01:12,0.1,3.32,0.0,3.32,20.0,0.0,-175.5,/SNS/CNCS/IPTS-37274/nexus/CNCS_664505.nxs.h5
664504,108367,YbZn2GaO5,"YZGO, MAG9, Ei=3.32meV, T=20.0K, B=0.0T w=-176.0deg",2025-10-17 22:47:52,2025-10-17 22:49:04,00:01:11,0.1,3.32,0.0,3.32,20.0,0.0,-176.0,/SNS/CNCS/IPTS-37274/nexus/CNCS_664504.nxs.h5
664503,108367,YbZn2GaO5,"YZGO, MAG9, Ei=3.32meV, T=20.0K, B=0.0T w=-176.5deg",2025-10-17 22:46:36,2025-10-17 22:47:49,00:01:12,0.1,3.32,0.0,3.32,20.0,0.0,-176.5,/SNS/CNCS/IPTS-37274/nexus/CNCS_664503.nxs.h5
664502,108367,YbZn2GaO5,"YZGO, MAG9, Ei=3.32meV, T=20.0K, B=0.0T w=-177.0deg",2025-10-17 22:45:20,2025-10-17 22:46:33,00:01:12,0.1,3.32,0.0,3.32,20.0,0.0,-177.0,/SNS/CNCS/IPTS-37274/nexus/CNCS_664502.nxs.h5
664501,108367,YbZn2GaO5,"YZGO, MAG9, Ei=3.32meV, T=20.0K, B=0.0T w=-177.5deg",2025-10-17 22:44:05,2025-10-17 22:45:17,00:01:11,0.1,3.32,0.0,3.32,20.0,0.0,-177.5,/SNS/CNCS/IPTS-37274/nexus/CNCS_664501.nxs.h5
664500,108367,YbZn2GaO5,"YZGO, MAG9, Ei=3.32meV, T=20.0K, B=0.0T w=-178.0deg",2025-10-17 22:42:49,2025-10-17 22:44:01,00:01:12,0.1,3.32,0.0,3.32,20.0,0.0,-178.0,/SNS/CNCS/IPTS-37274/nexus/CNCS_664500.nxs.h5
664499,108367,YbZn2GaO5,"YZGO, MAG9, Ei=3.32meV, T=20.0K, B=0.0T w=-178.5deg",2025-10-17 22:41:34,2025-10-17 22:42:45,00:01:11,0.1,3.32,0.0,3.32,20.0,0.0,-178.5,/SNS/CNCS/IPTS-37274/nexus/CNCS_664499.nxs.h5
664498,108367,YbZn2GaO5,"YZGO, MAG9, Ei=3.32meV, T=20.0K, B=0.0T w=-179.0deg",2025-10-17 22:40:18,2025-10-17 22:41:30,00:01:12,0.1,3.32,0.0,3.32,20.0,0.0,-179.0,/SNS/CNCS/IPTS-37274/nexus/CNCS_664498.nxs.h5
664497,108367,YbZn2GaO5,"YZGO, MAG9, Ei=3.32meV, T=20.0K, B=0.0T w=-179.5deg",2025-10-17 22:39:02,2025-10-17 22:40:14,00:01:11,0.1,3.32,0.0,3.32,20.0,0.0,-179.5,/SNS/CNCS/IPTS-37274/nexus/CNCS_664497.nxs.h5
664496,108367,YbZn2GaO5,"YZGO, MAG9, Ei=3.32meV, T=20.0K, B=0.0T w=-180.0deg",2025-10-17 22:37:47,2025-10-17 22:38:59,00:01:12,0.1,3.32,0.0,3.32,20.0,0.0,-180.0,/SNS/CNCS/IPTS-37274/nexus/CNCS_664496.nxs.h5
664495,108367,YbZn2GaO5,"YZGO, MAG9, Ei=3.32meV, T=20.0K, B=0.0T w=-180.5deg",2025-10-17 22:36:31,2025-10-17 22:37:43,00:01:12,0.1,3.32,0.0,3.32,20.0,0.0,-180.5,/SNS/CNCS/IPTS-37274/nexus/CNCS_664495.nxs.h5
664494,108367,YbZn2GaO5,"YZGO, MAG9, Ei=3.32meV, T=20.0K, B=0.0T w=-181.0deg",2025-10-17 22:35:15,2025-10-17 22:36:27,00:01:11,0.1,3.32,0.0,3.32,20.0,0.0,-181.0,/SNS/CNCS/IPTS-37274/nexus/CNCS_664494.nxs.h5
664493,108367,YbZn2GaO5,"YZGO, MAG9, Ei=3.32meV, T=20.0K, B=0.0T w=-181.5deg",2025-10-17 22:34:00,2025-10-17 22:35:12,00:01:11,0.1,3.32,0.0,3.32,20.0,0.0,-181.5,/SNS/CNCS/IPTS-37274/nexus/CNCS_664493.nxs.h5
664492,108367,YbZn2GaO5,"YZGO, MAG9, Ei=3.32meV, T=20.0K, B=0.0T w=-182.0deg",2025-10-17 22:32:44,2025-10-17 22:33:56,00:01:11,0.1,3.32,0.0,3.32,20.0,0.0,-182.0,/SNS/CNCS/IPTS-37274/nexus/CNCS_664492.nxs.h5
664491,108367,YbZn2GaO5,"YZGO, MAG9, Ei=3.32meV, T=20.0K, B=0.0T w=-182.5deg",2025-10-17 22:31:28,2025-10-17 22:32:41,00:01:12,0.1,3.32,0.0,3.32,20.0,0.0,-182.5,/SNS/CNCS/IPTS-37274/nexus/CNCS_664491.nxs.h5
664490,108367,YbZn2GaO5,"YZGO, MAG9, Ei=3.32meV, T=20.0K, B=0.0T w=-183.0deg",2025-10-17 22:30:13,2025-10-17 22:31:25,00:01:11,0.1,3.32,0.0,3.32,20.0,0.0,-183.0,/SNS/CNCS/IPTS-37274/nexus/CNCS_664490.nxs.h5
664489,108367,YbZn2GaO5,"YZGO, MAG9, Ei=3.32meV, T=20.0K, B=0.0T w=-183.5deg",2025-10-17 22:28:57,2025-10-17 22:30:09,00:01:12,0.1,3.32,0.0,3.32,20.0,0.0,-183.5,/SNS/CNCS/IPTS-37274/nexus/CNCS_664489.nxs.h5
664488,108367,YbZn2GaO5,"YZGO, MAG9, Ei=3.32meV, T=20.0K, B=0.0T w=-184.0deg",2025-10-17 22:27:41,2025-10-17 22:28:54,00:01:12,0.1,3.32,0.0,3.32,20.0,0.0,-184.0,/SNS/CNCS/IPTS-37274/nexus/CNCS_664488.nxs.h5
664487,108367,YbZn2GaO5,"YZGO, MAG9, Ei=3.32meV, T=20.0K, B=0.0T w=-184.5deg",2025-10-17 22:26:26,2025-10-17 22:27:38,00:01:12,0.1,3.32,0.0,3.32,20.0,0.0,-184.5,/SNS/CNCS/IPTS-37274/nexus/CNCS_664487.nxs.h5
664486,108367,YbZn2GaO5,"YZGO, MAG9, Ei=3.32meV, T=20.0K, B=0.0T w=-185.0deg",2025-10-17 22:25:10,2025-10-17 22:26:22,00:01:12,0.1,3.32,0.0,3.32,20.0,0.0,-185.0,/SNS/CNCS/IPTS-37274/nexus/CNCS_664486.nxs.h5
664485,108367,YbZn2GaO5,"YZGO, MAG9, Ei=3.32meV, T=20.0K, B=0.0T w=-185.5deg",2025-10-17 22:23:54,2025-10-17 22:25:06,00:01:11,0.1,3.32,0.0,3.32,20.0,0.0,-185.5,/SNS/CNCS/IPTS-37274/nexus/CNCS_664485.nxs.h5
664484,108367,YbZn2GaO5,"YZGO, MAG9, Ei=3.32meV, T=20.0K, B=0.0T w=-186.0deg",2025-10-17 22:22:38,2025-10-17 22:23:51,00:01:12,0.1,3.32,0.0,3.32,20.0,0.0,-186.0,/SNS/CNCS/IPTS-37274/nexus/CNCS_664484.nxs.h5
664483,108367,YbZn2GaO5,"YZGO, MAG9, Ei=3.32meV, T=20.0K, B=0.0T w=-186.5deg",2025-10-17 22:21:23,2025-10-17 22:22:35,00:01:12,0.1,3.32,0.0,3.32,20.0,0.0,-186.5,/SNS/CNCS/IPTS-37274/nexus/CNCS_664483.nxs.h5
664482,108367,YbZn2GaO5,"YZGO, MAG9, Ei=3.32meV, T=20.0K, B=0.0T w=-187.0deg",2025-10-17 22:20:07,2025-10-17 22:21:19,00:01:11,0.1,3.32,0.0,3.32,20.0,0.0,-187.0,/SNS/CNCS/IPTS-37274/nexus/CNCS_664482.nxs.h5
664481,108367,YbZn2GaO5,"YZGO, MAG9, Ei=3.32meV, T=20.0K, B=0.0T w=-187.5deg",2025-10-17 22:18:51,2025-10-17 22:20:04,00:01:12,0.1,3.32,0.0,3.32,20.0,0.0,-187.5,/SNS/CNCS/IPTS-37274/nexus/CNCS_664481.nxs.h5
664480,108367,YbZn2GaO5,"YZGO, MAG9, Ei=3.32meV, T=20.0K, B=0.0T w=-188.0deg",2025-10-17 22:17:35,2025-10-17 22:18:48,00:01:12,0.1,3.32,0.0,3.32,20.0,0.0,-188.0,/SNS/CNCS/IPTS-37274/nexus/CNCS_664480.nxs.h5
664479,108367,YbZn2GaO5,"YZGO, MAG9, Ei=3.32meV, T=20.0K, B=0.0T w=-188.5deg",2025-10-17 22:16:20,2025-10-17 22:17:32,00:01:11,0.1,3.32,0.0,3.32,20.0,0.0,-188.5,/SNS/CNCS/IPTS-37274/nexus/CNCS_664479.nxs.h5
664478,108367,YbZn2GaO5,"YZGO, MAG9, Ei=3.32meV, T=20.0K, B=0.0T w=-189.0deg",2025-10-17 22:15:05,2025-10-17 22:16:16,00:01:11,0.1,3.32,0.0,3.32,20.0,0.0,-189.0,/SNS/CNCS/IPTS-37274/nexus/CNCS_664478.nxs.h5
664477,108367,YbZn2GaO5,"YZGO, MAG9, Ei=3.32meV, T=20.0K, B=0.0T w=-189.5deg",2025-10-17 22:13:48,2025-10-17 22:15:01,00:01:13,0.1,3.32,0.0,3.32,20.0,0.0,-189.5,/SNS/CNCS/IPTS-37274/nexus/CNCS_664477.nxs.h5
664476,108367,YbZn2GaO5,"YZGO, MAG9, Ei=3.32meV, T=20.0K, B=0.0T w=-190.0deg",2025-10-17 22:12:32,2025-10-17 22:13:44,00:01:11,0.1,3.32,0.0,3.32,20.0,0.0,-190.0,/SNS/CNCS/IPTS-37274/nexus/CNCS_664476.nxs.h5
664475,108367,YbZn2GaO5,"Crystal Align: Peak (-2, 1, 0) at Omega -93.50375 deg, wait for seconds: 20.0.",2025-10-17 21:59:22,2025-10-17 21:59:42,00:00:19,0.03,12.0,0.0,,,,,/SNS/CNCS/IPTS-37274/nexus/CNCS_664475.nxs.h5
664474,108367,YbZn2GaO5,"Crystal Align: Peak (-2, 1, 0) at Omega -95.50625000000001 deg, wait for seconds: 20.0.",2025-10-17 21:57:38,2025-10-17 21:57:58,00:00:20,0.03,12.0,0.0,,,,,/SNS/CNCS/IPTS-37274/nexus/CNCS_664474.nxs.h5
664473,108367,YbZn2GaO5,"Crystal Align: Peak (-2, 1, 0) at Omega -94.1025 deg, wait for seconds: 20.0.",2025-10-17 21:55:21,2025-10-17 21:55:41,00:00:19,0.03,12.0,0.0,,,,,/SNS/CNCS/IPTS-37274/nexus/CNCS_664473.nxs.h5
664472,108367,YbZn2GaO5,"Crystal Align: Peak (-2, 1, 0) at Omega 26.54 deg, wait for seconds: 20.0.",2025-10-17 21:41:40,2025-10-17 21:53:47,00:12:06,0.84,12.0,0.0,,,,,/SNS/CNCS/IPTS-37274/nexus/CNCS_664472.nxs.h5
664471,108367,YbZn2GaO5,"Crystal Align: Peak (-2, 1, 0) at Omega 26.54 deg, wait for seconds: 20.0.",2025-10-17 21:35:03,2025-10-17 21:35:23,00:00:20,0.03,12.0,0.0,,,,,/SNS/CNCS/IPTS-37274/nexus/CNCS_664471.nxs.h5
664470,108367,YbZn2GaO5,"YZGO, MAG9, Ei=12meV, T=cooling, B=0.0T w=54.5deg",2025-10-17 21:20:45,2025-10-17 21:31:30,00:10:45,0.76,12.0,0.0,12.0,,0.0,54.5,/SNS/CNCS/IPTS-37274/nexus/CNCS_664470.nxs.h5
664469,108367,YbZn2GaO5,"YZGO, MAG9, Ei=12meV, T=cooling, B=0.0T w=54.5deg",2025-10-17 20:40:21,2025-10-17 20:40:36,00:00:14,0.02,12.0,0.0,12.0,,0.0,54.5,/SNS/CNCS/IPTS-37274/nexus/CNCS_664469.nxs.h5
664468,108367,YbZn2GaO5,"YZGO, MAG9, Ei=12meV, T=cooling, B=0.0T w=54.0deg",2025-10-17 20:40:03,2025-10-17 20:40:17,00:00:14,0.02,12.0,0.0,12.0,,0.0,54.0,/SNS/CNCS/IPTS-37274/nexus/CNCS_664468.nxs.h5
664467,108367,YbZn2GaO5,"YZGO, MAG9, Ei=12meV, T=cooling, B=0.0T w=53.5deg",2025-10-17 20:39:45,2025-10-17 20:39:59,00:00:14,0.02,12.0,0.0,12.0,,0.0,53.5,/SNS/CNCS/IPTS-37274/nexus/CNCS_664467.nxs.h5
664466,108367,YbZn2GaO5,"YZGO, MAG9, Ei=12meV, T=cooling, B=0.0T w=53.0deg",2025-10-17 20:39:26,2025-10-17 20:39:41,00:00:14,0.02,12.0,0.0,12.0,,0.0,53.0,/SNS/CNCS/IPTS-37274/nexus/CNCS_664466.nxs.h5
664465,108367,YbZn2GaO5,"YZGO, MAG9, Ei=12meV, T=cooling, B=0.0T w=52.5deg",2025-10-17 20:39:08,2025-10-17 20:39:23,00:00:14,0.02,12.0,0.0,12.0,,0.0,52.5,/SNS/CNCS/IPTS-37274/nexus/CNCS_664465.nxs.h5
664464,108367,YbZn2GaO5,"YZGO, MAG9, Ei=12meV, T=cooling, B=0.0T w=52.0deg",2025-10-17 20:38:50,2025-10-17 20:39:05,00:00:14,0.02,12.0,0.0,12.0,,0.0,52.0,/SNS/CNCS/IPTS-37274/nexus/CNCS_664464.nxs.h5
664463,108367,YbZn2GaO5,"YZGO, MAG9, Ei=12meV, T=cooling, B=0.0T w=51.5deg",2025-10-17 20:38:32,2025-10-17 20:38:47,00:00:14,0.02,12.0,0.0,12.0,,0.0,51.5,/SNS/CNCS/IPTS-37274/nexus/CNCS_664463.nxs.h5
664462,108367,YbZn2GaO5,"YZGO, MAG9, Ei=12meV, T=cooling, B=0.0T w=51.0deg",2025-10-17 20:38:14,2025-10-17 20:38:28,00:00:14,0.02,12.0,0.0,12.0,,0.0,51.0,/SNS/CNCS/IPTS-37274/nexus/CNCS_664462.nxs.h5
664461,108367,YbZn2GaO5,"YZGO, MAG9, Ei=12meV, T=cooling, B=0.0T w=50.5deg",2025-10-17 20:37:55,2025-10-17 20:38:10,00:00:14,0.02,12.0,0.0,12.0,,0.0,50.5,/SNS/CNCS/IPTS-37274/nexus/CNCS_664461.nxs.h5
664460,108367,YbZn2GaO5,"YZGO, MAG9, Ei=12meV, T=cooling, B=0.0T w=50.0deg",2025-10-17 20:37:37,2025-10-17 20:37:52,00:00:14,0.02,12.0,0.0,12.0,,0.0,50.0,/SNS/CNCS/IPTS-37274/nexus/CNCS_664460.nxs.h5
664459,108367,YbZn2GaO5,"YZGO, MAG9, Ei=12meV, T=cooling, B=0.0T w=49.5deg",2025-10-17 20:37:19,2025-10-17 20:37:34,00:00:14,0.02,12.0,0.0,12.0,,0.0,49.5,/SNS/CNCS/IPTS-37274/nexus/CNCS_664459.nxs.h5
664458,108367,YbZn2GaO5,"YZGO, MAG9, Ei=12meV, T=cooling, B=0.0T w=49.0deg",2025-10-17 20:37:01,2025-10-17 20:37:15,00:00:14,0.02,12.0,0.0,12.0,,0.0,49.0,/SNS/CNCS/IPTS-37274/nexus/CNCS_664458.nxs.h5
664457,108367,YbZn2GaO5,"YZGO, MAG9, Ei=12meV, T=cooling, B=0.0T w=48.5deg",2025-10-17 20:36:43,2025-10-17 20:36:57,00:00:14,0.02,12.0,0.0,12.0,,0.0,48.5,/SNS/CNCS/IPTS-37274/nexus/CNCS_664457.nxs.h5
664456,108367,YbZn2GaO5,"YZGO, MAG9, Ei=12meV, T=cooling, B=0.0T w=48.0deg",2025-10-17 20:36:24,2025-10-17 20:36:39,00:00:14,0.02,12.0,0.0,12.0,,0.0,48.0,/SNS/CNCS/IPTS-37274/nexus/CNCS_664456.nxs.h5
664455,108367,YbZn2GaO5,"YZGO, MAG9, Ei=12meV, T=cooling, B=0.0T w=47.5deg",2025-10-17 20:36:06,2025-10-17 20:36:21,00:00:14,0.02,12.0,0.0,12.0,,0.0,47.5,/SNS/CNCS/IPTS-37274/nexus/CNCS_664455.nxs.h5
664454,108367,YbZn2GaO5,"YZGO, MAG9, Ei=12meV, T=cooling, B=0.0T w=47.0deg",2025-10-17 20:35:48,2025-10-17 20:36:03,00:00:14,0.02,12.0,0.0,12.0,,0.0,47.0,/SNS/CNCS/IPTS-37274/nexus/CNCS_664454.nxs.h5
664453,108367,YbZn2GaO5,"YZGO, MAG9, Ei=12meV, T=cooling, B=0.0T w=46.5deg",2025-10-17 20:35:30,2025-10-17 20:35:44,00:00:14,0.02,12.0,0.0,12.0,,0.0,46.5,/SNS/CNCS/IPTS-37274/nexus/CNCS_664453.nxs.h5
664452,108367,YbZn2GaO5,"YZGO, MAG9, Ei=12meV, T=cooling, B=0.0T w=46.0deg",2025-10-17 20:35:12,2025-10-17 20:35:26,00:00:14,0.02,12.0,0.0,12.0,,0.0,46.0,/SNS/CNCS/IPTS-37274/nexus/CNCS_664452.nxs.h5
664451,108367,YbZn2GaO5,"YZGO, MAG9, Ei=12meV, T=cooling, B=0.0T w=45.5deg",2025-10-17 20:34:53,2025-10-17 20:35:08,00:00:14,0.02,12.0,0.0,12.0,,0.0,45.5,/SNS/CNCS/IPTS-37274/nexus/CNCS_664451.nxs.h5
664450,108367,YbZn2GaO5,"YZGO, MAG9, Ei=12meV, T=cooling, B=0.0T w=45.0deg",2025-10-17 20:34:35,2025-10-17 20:34:50,00:00:14,0.02,12.0,0.0,12.0,,0.0,45.0,/SNS/CNCS/IPTS-37274/nexus/CNCS_664450.nxs.h5
664449,108367,YbZn2GaO5,"YZGO, MAG9, Ei=12meV, T=cooling, B=0.0T w=44.5deg",2025-10-17 20:34:17,2025-10-17 20:34:32,00:00:14,0.02,12.0,0.0,12.0,,0.0,44.5,/SNS/CNCS/IPTS-37274/nexus/CNCS_664449.nxs.h5
664448,108367,YbZn2GaO5,"YZGO, MAG9, Ei=12meV, T=cooling, B=0.0T w=44.0deg",2025-10-17 20:33:59,2025-10-17 20:34:13,00:00:14,0.02,12.0,0.0,12.0,,0.0,44.0,/SNS/CNCS/IPTS-37274/nexus/CNCS_664448.nxs.h5
664447,108367,YbZn2GaO5,"YZGO, MAG9, Ei=12meV, T=cooling, B=0.0T w=43.5deg",2025-10-17 20:33:41,2025-10-17 20:33:55,00:00:14,0.02,12.0,0.0,12.0,,0.0,43.5,/SNS/CNCS/IPTS-37274/nexus/CNCS_664447.nxs.h5
664446,108367,YbZn2GaO5,"YZGO, MAG9, Ei=12meV, T=cooling, B=0.0T w=43.0deg",2025-10-17 20:33:22,2025-10-17 20:33:37,00:00:14,0.02,12.0,0.0,12.0,,0.0,43.0,/SNS/CNCS/IPTS-37274/nexus/CNCS_664446.nxs.h5
664445,108367,YbZn2GaO5,"YZGO, MAG9, Ei=12meV, T=cooling, B=0.0T w=42.5deg",2025-10-17 20:33:04,2025-10-17 20:33:19,00:00:14,0.02,12.0,0.0,12.0,,0.0,42.5,/SNS/CNCS/IPTS-37274/nexus/CNCS_664445.nxs.h5
664444,108367,YbZn2GaO5,"YZGO, MAG9, Ei=12meV, T=cooling, B=0.0T w=42.0deg",2025-10-17 20:32:46,2025-10-17 20:33:01,00:00:14,0.02,12.0,0.0,12.0,,0.0,42.0,/SNS/CNCS/IPTS-37274/nexus/CNCS_664444.nxs.h5
664443,108367,YbZn2GaO5,"YZGO, MAG9, Ei=12meV, T=cooling, B=0.0T w=41.5deg",2025-10-17 20:32:28,2025-10-17 20:32:43,00:00:14,0.02,12.0,0.0,12.0,,0.0,41.5,/SNS/CNCS/IPTS-37274/nexus/CNCS_664443.nxs.h5
664442,108367,YbZn2GaO5,"YZGO, MAG9, Ei=12meV, T=cooling, B=0.0T w=41.0deg",2025-10-17 20:32:10,2025-10-17 20:32:24,00:00:14,0.02,12.0,0.0,12.0,,0.0,41.0,/SNS/CNCS/IPTS-37274/nexus/CNCS_664442.nxs.h5
664441,108367,YbZn2GaO5,"YZGO, MAG9, Ei=12meV, T=cooling, B=0.0T w=40.5deg",2025-10-17 20:31:52,2025-10-17 20:32:06,00:00:14,0.02,12.0,0.0,12.0,,0.0,40.5,/SNS/CNCS/IPTS-37274/nexus/CNCS_664441.nxs.h5
664440,108367,YbZn2GaO5,"YZGO, MAG9, Ei=12meV, T=cooling, B=0.0T w=40.0deg",2025-10-17 20:31:33,2025-10-17 20:31:48,00:00:14,0.02,12.0,0.0,12.0,,0.0,40.0,/SNS/CNCS/IPTS-37274/nexus/CNCS_664440.nxs.h5
664439,108367,YbZn2GaO5,"YZGO, MAG9, Ei=12meV, T=cooling, B=0.0T w=39.5deg",2025-10-17 20:31:15,2025-10-17 20:31:30,00:00:14,0.02,12.0,0.0,12.0,,0.0,39.5,/SNS/CNCS/IPTS-37274/nexus/CNCS_664439.nxs.h5
664438,108367,YbZn2GaO5,"YZGO, MAG9, Ei=12meV, T=cooling, B=0.0T w=39.0deg",2025-10-17 20:30:57,2025-10-17 20:31:12,00:00:14,0.02,12.0,0.0,12.0,,0.0,39.0,/SNS/CNCS/IPTS-37274/nexus/CNCS_664438.nxs.h5
664437,108367,YbZn2GaO5,"YZGO, MAG9, Ei=12meV, T=cooling, B=0.0T w=38.5deg",2025-10-17 20:30:39,2025-10-17 20:30:54,00:00:14,0.02,12.0,0.0,12.0,,0.0,38.5,/SNS/CNCS/IPTS-37274/nexus/CNCS_664437.nxs.h5
664436,108367,YbZn2GaO5,"YZGO, MAG9, Ei=12meV, T=cooling, B=0.0T w=38.0deg",2025-10-17 20:30:21,2025-10-17 20:30:35,00:00:14,0.02,12.0,0.0,12.0,,0.0,38.0,/SNS/CNCS/IPTS-37274/nexus/CNCS_664436.nxs.h5
664435,108367,YbZn2GaO5,"YZGO, MAG9, Ei=12meV, T=cooling, B=0.0T w=37.5deg",2025-10-17 20:30:03,2025-10-17 20:30:17,00:00:14,0.02,12.0,0.0,12.0,,0.0,37.5,/SNS/CNCS/IPTS-37274/nexus/CNCS_664435.nxs.h5
664434,108367,YbZn2GaO5,"YZGO, MAG9, Ei=12meV, T=cooling, B=0.0T w=37.0deg",2025-10-17 20:29:44,2025-10-17 20:29:59,00:00:14,0.02,12.0,0.0,12.0,,0.0,37.0,/SNS/CNCS/IPTS-37274/nexus/CNCS_664434.nxs.h5
664433,108367,YbZn2GaO5,"YZGO, MAG9, Ei=12meV, T=cooling, B=0.0T w=36.5deg",2025-10-17 20:29:26,2025-10-17 20:29:41,00:00:14,0.02,12.0,0.0,12.0,,0.0,36.5,/SNS/CNCS/IPTS-37274/nexus/CNCS_664433.nxs.h5
664432,108367,YbZn2GaO5,"YZGO, MAG9, Ei=12meV, T=cooling, B=0.0T w=36.0deg",2025-10-17 20:29:08,2025-10-17 20:29:23,00:00:14,0.02,12.0,0.0,12.0,,0.0,36.0,/SNS/CNCS/IPTS-37274/nexus/CNCS_664432.nxs.h5
664431,108367,YbZn2GaO5,"YZGO, MAG9, Ei=12meV, T=cooling, B=0.0T w=35.5deg",2025-10-17 20:28:50,2025-10-17 20:29:04,00:00:14,0.02,12.0,0.0,12.0,,0.0,35.5,/SNS/CNCS/IPTS-37274/nexus/CNCS_664431.nxs.h5
664430,108367,YbZn2GaO5,"YZGO, MAG9, Ei=12meV, T=cooling, B=0.0T w=35.0deg",2025-10-17 20:28:32,2025-10-17 20:28:46,00:00:14,0.02,12.0,0.0,12.0,,0.0,35.0,/SNS/CNCS/IPTS-37274/nexus/CNCS_664430.nxs.h5
664429,108367,YbZn2GaO5,"YZGO, MAG9, Ei=12meV, T=cooling, B=0.0T w=34.5deg",2025-10-17 20:28:13,2025-10-17 20:28:28,00:00:14,0.02,12.0,0.0,12.0,,0.0,34.5,/SNS/CNCS/IPTS-37274/nexus/CNCS_664429.nxs.h5
664428,108367,YbZn2GaO5,"YZGO, MAG9, Ei=12meV, T=cooling, B=0.0T w=34.0deg",2025-10-17 20:27:55,2025-10-17 20:28:10,00:00:14,0.02,12.0,0.0,12.0,,0.0,34.0,/SNS/CNCS/IPTS-37274/nexus/CNCS_664428.nxs.h5
664427,108367,YbZn2GaO5,"YZGO, MAG9, Ei=12meV, T=cooling, B=0.0T w=33.5deg",2025-10-17 20:27:37,2025-10-17 20:27:52,00:00:14,0.02,12.0,0.0,12.0,,0.0,33.5,/SNS/CNCS/IPTS-37274/nexus/CNCS_664427.nxs.h5
664426,108367,YbZn2GaO5,"YZGO, MAG9, Ei=12meV, T=cooling, B=0.0T w=33.0deg",2025-10-17 20:27:19,2025-10-17 20:27:33,00:00:14,0.02,12.0,0.0,12.0,,0.0,33.0,/SNS/CNCS/IPTS-37274/nexus/CNCS_664426.nxs.h5
664425,108367,YbZn2GaO5,"YZGO, MAG9, Ei=12meV, T=cooling, B=0.0T w=32.5deg",2025-10-17 20:27:01,2025-10-17 20:27:15,00:00:14,0.02,12.0,0.0,12.0,,0.0,32.5,/SNS/CNCS/IPTS-37274/nexus/CNCS_664425.nxs.h5
664424,108367,YbZn2GaO5,"YZGO, MAG9, Ei=12meV, T=cooling, B=0.0T w=32.0deg",2025-10-17 20:26:42,2025-10-17 20:26:57,00:00:14,0.02,12.0,0.0,12.0,,0.0,32.0,/SNS/CNCS/IPTS-37274/nexus/CNCS_664424.nxs.h5
664423,108367,YbZn2GaO5,"YZGO, MAG9, Ei=12meV, T=cooling, B=0.0T w=31.5deg",2025-10-17 20:26:24,2025-10-17 20:26:39,00:00:14,0.02,12.0,0.0,12.0,,0.0,31.5,/SNS/CNCS/IPTS-37274/nexus/CNCS_664423.nxs.h5
664422,108367,YbZn2GaO5,"YZGO, MAG9, Ei=12meV, T=cooling, B=0.0T w=31.0deg",2025-10-17 20:26:06,2025-10-17 20:26:21,00:00:14,0.02,12.0,0.0,12.0,,0.0,31.0,/SNS/CNCS/IPTS-37274/nexus/CNCS_664422.nxs.h5
664421,108367,YbZn2GaO5,"YZGO, MAG9, Ei=12meV, T=cooling, B=0.0T w=30.5deg",2025-10-17 20:25:48,2025-10-17 20:26:03,00:00:14,0.02,12.0,0.0,12.0,,0.0,30.5,/SNS/CNCS/IPTS-37274/nexus/CNCS_664421.nxs.h5
664420,108367,YbZn2GaO5,"YZGO, MAG9, Ei=12meV, T=cooling, B=0.0T w=30.0deg",2025-10-17 20:25:30,2025-10-17 20:25:44,00:00:14,0.02,12.0,0.0,12.0,,0.0,30.0,/SNS/CNCS/IPTS-37274/nexus/CNCS_664420.nxs.h5
664419,108367,YbZn2GaO5,"YZGO, MAG9, Ei=12meV, T=cooling, B=0.0T w=29.5deg",2025-10-17 20:25:12,2025-10-17 20:25:26,00:00:14,0.02,12.0,0.0,12.0,,0.0,29.5,/SNS/CNCS/IPTS-37274/nexus/CNCS_664419.nxs.h5
664418,108367,YbZn2GaO5,"YZGO, MAG9, Ei=12meV, T=cooling, B=0.0T w=29.0deg",2025-10-17 20:24:53,2025-10-17 20:25:08,00:00:14,0.02,12.0,0.0,12.0,,0.0,29.0,/SNS/CNCS/IPTS-37274/nexus/CNCS_664418.nxs.h5
664417,108367,YbZn2GaO5,"YZGO, MAG9, Ei=12meV, T=cooling, B=0.0T w=28.5deg",2025-10-17 20:24:35,2025-10-17 20:24:50,00:00:14,0.02,12.0,0.0,12.0,,0.0,28.5,/SNS/CNCS/IPTS-37274/nexus/CNCS_664417.nxs.h5
664416,108367,YbZn2GaO5,"YZGO, MAG9, Ei=12meV, T=cooling, B=0.0T w=28.0deg",2025-10-17 20:24:17,2025-10-17 20:24:32,00:00:14,0.02,12.0,0.0,12.0,,0.0,28.0,/SNS/CNCS/IPTS-37274/nexus/CNCS_664416.nxs.h5
664415,108367,YbZn2GaO5,"YZGO, MAG9, Ei=12meV, T=cooling, B=0.0T w=27.5deg",2025-10-17 20:23:59,2025-10-17 20:24:13,00:00:14,0.02,12.0,0.0,12.0,,0.0,27.5,/SNS/CNCS/IPTS-37274/nexus/CNCS_664415.nxs.h5
664414,108367,YbZn2GaO5,"YZGO, MAG9, Ei=12meV, T=cooling, B=0.0T w=27.0deg",2025-10-17 20:23:40,2025-10-17 20:23:55,00:00:14,0.02,12.0,0.0,12.0,,0.0,27.0,/SNS/CNCS/IPTS-37274/nexus/CNCS_664414.nxs.h5
664413,108367,YbZn2GaO5,"YZGO, MAG9, Ei=12meV, T=cooling, B=0.0T w=26.5deg",2025-10-17 20:23:22,2025-10-17 20:23:37,00:00:14,0.02,12.0,0.0,12.0,,0.0,26.5,/SNS/CNCS/IPTS-37274/nexus/CNCS_664413.nxs.h5
664412,108367,YbZn2GaO5,"YZGO, MAG9, Ei=12meV, T=cooling, B=0.0T w=26.0deg",2025-10-17 20:23:04,2025-10-17 20:23:19,00:00:14,0.02,12.0,0.0,12.0,,0.0,26.0,/SNS/CNCS/IPTS-37274/nexus/CNCS_664412.nxs.h5
664411,108367,YbZn2GaO5,"YZGO, MAG9, Ei=12meV, T=cooling, B=0.0T w=25.5deg",2025-10-17 20:22:46,2025-10-17 20:23:01,00:00:14,0.02,12.0,0.0,12.0,,0.0,25.5,/SNS/CNCS/IPTS-37274/nexus/CNCS_664411.nxs.h5
664410,108367,YbZn2GaO5,"YZGO, MAG9, Ei=12meV, T=cooling, B=0.0T w=25.0deg",2025-10-17 20:22:28,2025-10-17 20:22:42,00:00:14,0.02,12.0,0.0,12.0,,0.0,25.0,/SNS/CNCS/IPTS-37274/nexus/CNCS_664410.nxs.h5
664409,108367,YbZn2GaO5,"YZGO, MAG9, Ei=12meV, T=cooling, B=0.0T w=24.5deg",2025-10-17 20:22:08,2025-10-17 20:22:24,00:00:16,0.02,12.0,0.0,12.0,,0.0,24.5,/SNS/CNCS/IPTS-37274/nexus/CNCS_664409.nxs.h5
664408,108367,YbZn2GaO5,"YZGO, MAG9, Ei=12meV, T=cooling, B=0.0T w=24.0deg",2025-10-17 20:21:50,2025-10-17 20:22:04,00:00:14,0.02,12.0,0.0,12.0,,0.0,24.0,/SNS/CNCS/IPTS-37274/nexus/CNCS_664408.nxs.h5
664407,108367,YbZn2GaO5,"YZGO, MAG9, Ei=12meV, T=cooling, B=0.0T w=23.5deg",2025-10-17 20:21:32,2025-10-17 20:21:46,00:00:14,0.02,12.0,0.0,12.0,,0.0,23.5,/SNS/CNCS/IPTS-37274/nexus/CNCS_664407.nxs.h5
664406,108367,YbZn2GaO5,"YZGO, MAG9, Ei=12meV, T=cooling, B=0.0T w=23.0deg",2025-10-17 20:21:13,2025-10-17 20:21:28,00:00:14,0.02,12.0,0.0,12.0,,0.0,23.0,/SNS/CNCS/IPTS-37274/nexus/CNCS_664406.nxs.h5
664405,108367,YbZn2GaO5,"YZGO, MAG9, Ei=12meV, T=cooling, B=0.0T w=22.5deg",2025-10-17 20:20:55,2025-10-17 20:21:10,00:00:14,0.02,12.0,0.0,12.0,,0.0,22.5,/SNS/CNCS/IPTS-37274/nexus/CNCS_664405.nxs.h5
664404,108367,YbZn2GaO5,"YZGO, MAG9, Ei=12meV, T=cooling, B=0.0T w=22.0deg",2025-10-17 20:20:37,2025-10-17 20:20:52,00:00:14,0.02,12.0,0.0,12.0,,0.0,22.0,/SNS/CNCS/IPTS-37274/nexus/CNCS_664404.nxs.h5
664403,108367,YbZn2GaO5,"YZGO, MAG9, Ei=12meV, T=cooling, B=0.0T w=21.5deg",2025-10-17 20:20:19,2025-10-17 20:20:34,00:00:14,0.02,12.0,0.0,12.0,,0.0,21.5,/SNS/CNCS/IPTS-37274/nexus/CNCS_664403.nxs.h5
664402,108367,YbZn2GaO5,"YZGO, MAG9, Ei=12meV, T=cooling, B=0.0T w=21.0deg",2025-10-17 20:20:01,2025-10-17 20:20:15,00:00:14,0.02,12.0,0.0,12.0,,0.0,21.0,/SNS/CNCS/IPTS-37274/nexus/CNCS_664402.nxs.h5
664401,108367,YbZn2GaO5,"YZGO, MAG9, Ei=12meV, T=cooling, B=0.0T w=20.5deg",2025-10-17 20:19:43,2025-10-17 20:19:57,00:00:14,0.02,12.0,0.0,12.0,,0.0,20.5,/SNS/CNCS/IPTS-37274/nexus/CNCS_664401.nxs.h5
664400,108367,YbZn2GaO5,"YZGO, MAG9, Ei=12meV, T=cooling, B=0.0T w=20.0deg",2025-10-17 20:19:24,2025-10-17 20:19:39,00:00:14,0.02,12.0,0.0,12.0,,0.0,20.0,/SNS/CNCS/IPTS-37274/nexus/CNCS_664400.nxs.h5
664399,108367,YbZn2GaO5,"YZGO, MAG9, Ei=12meV, T=cooling, B=0.0T w=19.5deg",2025-10-17 20:19:06,2025-10-17 20:19:21,00:00:14,0.02,12.0,0.0,12.0,,0.0,19.5,/SNS/CNCS/IPTS-37274/nexus/CNCS_664399.nxs.h5
664398,108367,YbZn2GaO5,"YZGO, MAG9, Ei=12meV, T=cooling, B=0.0T w=19.0deg",2025-10-17 20:18:48,2025-10-17 20:19:03,00:00:14,0.02,12.0,0.0,12.0,,0.0,19.0,/SNS/CNCS/IPTS-37274/nexus/CNCS_664398.nxs.h5
664397,108367,YbZn2GaO5,"YZGO, MAG9, Ei=12meV, T=cooling, B=0.0T w=18.5deg",2025-10-17 20:18:30,2025-10-17 20:18:44,00:00:14,0.02,12.0,0.0,12.0,,0.0,18.5,/SNS/CNCS/IPTS-37274/nexus/CNCS_664397.nxs.h5
664396,108367,YbZn2GaO5,"YZGO, MAG9, Ei=12meV, T=cooling, B=0.0T w=18.0deg",2025-10-17 20:18:12,2025-10-17 20:18:26,00:00:14,0.02,12.0,0.0,12.0,,0.0,18.0,/SNS/CNCS/IPTS-37274/nexus/CNCS_664396.nxs.h5
664395,108367,YbZn2GaO5,"YZGO, MAG9, Ei=12meV, T=cooling, B=0.0T w=17.5deg",2025-10-17 20:17:53,2025-10-17 20:18:08,00:00:15,0.02,12.0,0.0,12.0,,0.0,17.5,/SNS/CNCS/IPTS-37274/nexus/CNCS_664395.nxs.h5
664394,108367,YbZn2GaO5,"YZGO, MAG9, Ei=12meV, T=cooling, B=0.0T w=17.0deg",2025-10-17 20:17:35,2025-10-17 20:17:49,00:00:14,0.02,12.0,0.0,12.0,,0.0,17.0,/SNS/CNCS/IPTS-37274/nexus/CNCS_664394.nxs.h5
664393,108367,YbZn2GaO5,"YZGO, MAG9, Ei=12meV, T=cooling, B=0.0T w=16.5deg",2025-10-17 20:17:16,2025-10-17 20:17:31,00:00:14,0.02,12.0,0.0,12.0,,0.0,16.5,/SNS/CNCS/IPTS-37274/nexus/CNCS_664393.nxs.h5
664392,108367,YbZn2GaO5,"YZGO, MAG9, Ei=12meV, T=cooling, B=0.0T w=16.0deg",2025-10-17 20:16:58,2025-10-17 20:17:13,00:00:14,0.02,12.0,0.0,12.0,,0.0,16.0,/SNS/CNCS/IPTS-37274/nexus/CNCS_664392.nxs.h5
664391,108367,YbZn2GaO5,"YZGO, MAG9, Ei=12meV, T=cooling, B=0.0T w=15.5deg",2025-10-17 20:16:40,2025-10-17 20:16:55,00:00:14,0.02,12.0,0.0,12.0,,0.0,15.5,/SNS/CNCS/IPTS-37274/nexus/CNCS_664391.nxs.h5
664390,108367,YbZn2GaO5,"YZGO, MAG9, Ei=12meV, T=cooling, B=0.0T w=15.0deg",2025-10-17 20:16:22,2025-10-17 20:16:37,00:00:14,0.02,12.0,0.0,12.0,,0.0,15.0,/SNS/CNCS/IPTS-37274/nexus/CNCS_664390.nxs.h5
664389,108367,YbZn2GaO5,"YZGO, MAG9, Ei=12meV, T=cooling, B=0.0T w=14.5deg",2025-10-17 20:16:04,2025-10-17 20:16:18,00:00:14,0.02,12.0,0.0,12.0,,0.0,14.5,/SNS/CNCS/IPTS-37274/nexus/CNCS_664389.nxs.h5
664388,108367,YbZn2GaO5,"YZGO, MAG9, Ei=12meV, T=cooling, B=0.0T w=14.0deg",2025-10-17 20:15:46,2025-10-17 20:16:00,00:00:14,0.02,12.0,0.0,12.0,,0.0,14.0,/SNS/CNCS/IPTS-37274/nexus/CNCS_664388.nxs.h5
664387,108367,YbZn2GaO5,"YZGO, MAG9, Ei=12meV, T=cooling, B=0.0T w=13.5deg",2025-10-17 20:15:27,2025-10-17 20:15:42,00:00:14,0.02,12.0,0.0,12.0,,0.0,13.5,/SNS/CNCS/IPTS-37274/nexus/CNCS_664387.nxs.h5
664386,108367,YbZn2GaO5,"YZGO, MAG9, Ei=12meV, T=cooling, B=0.0T w=13.0deg",2025-10-17 20:15:09,2025-10-17 20:15:24,00:00:14,0.02,12.0,0.0,12.0,,0.0,13.0,/SNS/CNCS/IPTS-37274/nexus/CNCS_664386.nxs.h5
664385,108367,YbZn2GaO5,"YZGO, MAG9, Ei=12meV, T=cooling, B=0.0T w=12.5deg",2025-10-17 20:14:51,2025-10-17 20:15:06,00:00:14,0.02,12.0,0.0,12.0,,0.0,12.5,/SNS/CNCS/IPTS-37274/nexus/CNCS_664385.nxs.h5
664384,108367,YbZn2GaO5,"YZGO, MAG9, Ei=12meV, T=cooling, B=0.0T w=12.0deg",2025-10-17 20:14:33,2025-10-17 20:14:47,00:00:14,0.02,12.0,0.0,12.0,,0.0,12.0,/SNS/CNCS/IPTS-37274/nexus/CNCS_664384.nxs.h5
664383,108367,YbZn2GaO5,"YZGO, MAG9, Ei=12meV, T=cooling, B=0.0T w=11.5deg",2025-10-17 20:14:15,2025-10-17 20:14:29,00:00:14,0.02,12.0,0.0,12.0,,0.0,11.5,/SNS/CNCS/IPTS-37274/nexus/CNCS_664383.nxs.h5
664382,108367,YbZn2GaO5,"YZGO, MAG9, Ei=12meV, T=cooling, B=0.0T w=11.0deg",2025-10-17 20:13:56,2025-10-17 20:14:11,00:00:14,0.02,12.0,0.0,12.0,,0.0,11.0,/SNS/CNCS/IPTS-37274/nexus/CNCS_664382.nxs.h5
664381,108367,YbZn2GaO5,"YZGO, MAG9, Ei=12meV, T=cooling, B=0.0T w=10.5deg",2025-10-17 20:13:38,2025-10-17 20:13:53,00:00:14,0.02,12.0,0.0,12.0,,0.0,10.5,/SNS/CNCS/IPTS-37274/nexus/CNCS_664381.nxs.h5
664380,108367,YbZn2GaO5,"YZGO, MAG9, Ei=12meV, T=cooling, B=0.0T w=10.0deg",2025-10-17 20:13:20,2025-10-17 20:13:34,00:00:14,0.02,12.0,0.0,12.0,,0.0,10.0,/SNS/CNCS/IPTS-37274/nexus/CNCS_664380.nxs.h5
664379,108367,YbZn2GaO5,"YZGO, MAG9, Ei=12meV, T=cooling, B=0.0T w=9.5deg",2025-10-17 20:13:02,2025-10-17 20:13:16,00:00:14,0.02,12.0,0.0,12.0,,0.0,9.5,/SNS/CNCS/IPTS-37274/nexus/CNCS_664379.nxs.h5
664378,108367,YbZn2GaO5,"YZGO, MAG9, Ei=12meV, T=cooling, B=0.0T w=9.0deg",2025-10-17 20:12:43,2025-10-17 20:12:58,00:00:14,0.02,12.0,0.0,12.0,,0.0,9.0,/SNS/CNCS/IPTS-37274/nexus/CNCS_664378.nxs.h5
664377,108367,YbZn2GaO5,"YZGO, MAG9, Ei=12meV, T=cooling, B=0.0T w=8.5deg",2025-10-17 20:12:25,2025-10-17 20:12:40,00:00:14,0.02,12.0,0.0,12.0,,0.0,8.5,/SNS/CNCS/IPTS-37274/nexus/CNCS_664377.nxs.h5
664376,108367,YbZn2GaO5,"YZGO, MAG9, Ei=12meV, T=cooling, B=0.0T w=8.0deg",2025-10-17 20:12:07,2025-10-17 20:12:22,00:00:14,0.02,12.0,0.0,12.0,,0.0,8.0,/SNS/CNCS/IPTS-37274/nexus/CNCS_664376.nxs.h5
664375,108367,YbZn2GaO5,"YZGO, MAG9, Ei=12meV, T=cooling, B=0.0T w=7.5deg",2025-10-17 20:11:49,2025-10-17 20:12:03,00:00:14,0.02,12.0,0.0,12.0,,0.0,7.5,/SNS/CNCS/IPTS-37274/nexus/CNCS_664375.nxs.h5
664374,108367,YbZn2GaO5,"YZGO, MAG9, Ei=12meV, T=cooling, B=0.0T w=7.0deg",2025-10-17 20:11:30,2025-10-17 20:11:45,00:00:14,0.02,12.0,0.0,12.0,,0.0,7.0,/SNS/CNCS/IPTS-37274/nexus/CNCS_664374.nxs.h5
664373,108367,YbZn2GaO5,"YZGO, MAG9, Ei=12meV, T=cooling, B=0.0T w=6.5deg",2025-10-17 20:11:12,2025-10-17 20:11:27,00:00:14,0.02,12.0,0.0,12.0,,0.0,6.5,/SNS/CNCS/IPTS-37274/nexus/CNCS_664373.nxs.h5
664372,108367,YbZn2GaO5,"YZGO, MAG9, Ei=12meV, T=cooling, B=0.0T w=6.0deg",2025-10-17 20:10:54,2025-10-17 20:11:09,00:00:14,0.02,12.0,0.0,12.0,,0.0,6.0,/SNS/CNCS/IPTS-37274/nexus/CNCS_664372.nxs.h5
664371,108367,YbZn2GaO5,"YZGO, MAG9, Ei=12meV, T=cooling, B=0.0T w=5.5deg",2025-10-17 20:10:36,2025-10-17 20:10:50,00:00:14,0.02,12.0,0.0,12.0,,0.0,5.5,/SNS/CNCS/IPTS-37274/nexus/CNCS_664371.nxs.h5
664370,108367,YbZn2GaO5,"YZGO, MAG9, Ei=12meV, T=cooling, B=0.0T w=5.0deg",2025-10-17 20:10:18,2025-10-17 20:10:32,00:00:14,0.02,12.0,0.0,12.0,,0.0,5.0,/SNS/CNCS/IPTS-37274/nexus/CNCS_664370.nxs.h5
664369,108367,YbZn2GaO5,"YZGO, MAG9, Ei=12meV, T=cooling, B=0.0T w=4.5deg",2025-10-17 20:09:59,2025-10-17 20:10:14,00:00:14,0.02,12.0,0.0,12.0,,0.0,4.5,/SNS/CNCS/IPTS-37274/nexus/CNCS_664369.nxs.h5
664368,108367,YbZn2GaO5,"YZGO, MAG9, Ei=12meV, T=cooling, B=0.0T w=4.0deg",2025-10-17 20:09:41,2025-10-17 20:09:56,00:00:14,0.02,12.0,0.0,12.0,,0.0,4.0,/SNS/CNCS/IPTS-37274/nexus/CNCS_664368.nxs.h5
664367,108367,YbZn2GaO5,"YZGO, MAG9, Ei=12meV, T=cooling, B=0.0T w=3.5deg",2025-10-17 20:09:23,2025-10-17 20:09:37,00:00:14,0.02,12.0,0.0,12.0,,0.0,3.5,/SNS/CNCS/IPTS-37274/nexus/CNCS_664367.nxs.h5
664366,108367,YbZn2GaO5,"YZGO, MAG9, Ei=12meV, T=cooling, B=0.0T w=3.0deg",2025-10-17 20:09:04,2025-10-17 20:09:19,00:00:14,0.02,12.0,0.0,12.0,,0.0,3.0,/SNS/CNCS/IPTS-37274/nexus/CNCS_664366.nxs.h5
664365,108367,YbZn2GaO5,"YZGO, MAG9, Ei=12meV, T=cooling, B=0.0T w=2.5deg",2025-10-17 20:08:46,2025-10-17 20:09:01,00:00:14,0.02,12.0,0.0,12.0,,0.0,2.5,/SNS/CNCS/IPTS-37274/nexus/CNCS_664365.nxs.h5
664364,108367,YbZn2GaO5,"YZGO, MAG9, Ei=12meV, T=cooling, B=0.0T w=2.0deg",2025-10-17 20:08:28,2025-10-17 20:08:42,00:00:14,0.02,12.0,0.0,12.0,,0.0,2.0,/SNS/CNCS/IPTS-37274/nexus/CNCS_664364.nxs.h5
664363,108367,YbZn2GaO5,"YZGO, MAG9, Ei=12meV, T=cooling, B=0.0T w=1.5deg",2025-10-17 20:08:10,2025-10-17 20:08:24,00:00:14,0.02,12.0,0.0,12.0,,0.0,1.5,/SNS/CNCS/IPTS-37274/nexus/CNCS_664363.nxs.h5
664362,108367,YbZn2GaO5,"YZGO, MAG9, Ei=12meV, T=cooling, B=0.0T w=1.0deg",2025-10-17 20:07:51,2025-10-17 20:08:06,00:00:14,0.02,12.0,0.0,12.0,,0.0,1.0,/SNS/CNCS/IPTS-37274/nexus/CNCS_664362.nxs.h5
664361,108367,YbZn2GaO5,"YZGO, MAG9, Ei=12meV, T=cooling, B=0.0T w=0.5deg",2025-10-17 20:07:33,2025-10-17 20:07:48,00:00:14,0.02,12.0,0.0,12.0,,0.0,0.5,/SNS/CNCS/IPTS-37274/nexus/CNCS_664361.nxs.h5
664360,108367,YbZn2GaO5,"YZGO, MAG9, Ei=12meV, T=cooling, B=0.0T w=0.0deg",2025-10-17 20:07:15,2025-10-17 20:07:29,00:00:14,0.02,12.0,0.0,12.0,,0.0,0.0,/SNS/CNCS/IPTS-37274/nexus/CNCS_664360.nxs.h5
664359,108367,YbZn2GaO5,"YZGO, MAG9, Ei=12meV, T=cooling, B=0.0T w=-0.5deg",2025-10-17 20:06:56,2025-10-17 20:07:11,00:00:14,0.02,12.0,0.0,12.0,,0.0,-0.5,/SNS/CNCS/IPTS-37274/nexus/CNCS_664359.nxs.h5
664358,108367,YbZn2GaO5,"YZGO, MAG9, Ei=12meV, T=cooling, B=0.0T w=-1.0deg",2025-10-17 20:06:38,2025-10-17 20:06:53,00:00:14,0.02,12.0,0.0,12.0,,0.0,-1.0,/SNS/CNCS/IPTS-37274/nexus/CNCS_664358.nxs.h5
664357,108367,YbZn2GaO5,"YZGO, MAG9, Ei=12meV, T=cooling, B=0.0T w=-1.5deg",2025-10-17 20:06:20,2025-10-17 20:06:34,00:00:14,0.02,12.0,0.0,12.0,,0.0,-1.5,/SNS/CNCS/IPTS-37274/nexus/CNCS_664357.nxs.h5
664356,108367,YbZn2GaO5,"YZGO, MAG9, Ei=12meV, T=cooling, B=0.0T w=-2.0deg",2025-10-17 20:06:02,2025-10-17 20:06:16,00:00:14,0.02,12.0,0.0,12.0,,0.0,-2.0,/SNS/CNCS/IPTS-37274/nexus/CNCS_664356.nxs.h5
664355,108367,YbZn2GaO5,"YZGO, MAG9, Ei=12meV, T=cooling, B=0.0T w=-2.5deg",2025-10-17 20:05:43,2025-10-17 20:05:58,00:00:14,0.02,12.0,0.0,12.0,,0.0,-2.5,/SNS/CNCS/IPTS-37274/nexus/CNCS_664355.nxs.h5
664354,108367,YbZn2GaO5,"YZGO, MAG9, Ei=12meV, T=cooling, B=0.0T w=-3.0deg",2025-10-17 20:05:25,2025-10-17 20:05:40,00:00:14,0.02,12.0,0.0,12.0,,0.0,-3.0,/SNS/CNCS/IPTS-37274/nexus/CNCS_664354.nxs.h5
664353,108367,YbZn2GaO5,"YZGO, MAG9, Ei=12meV, T=cooling, B=0.0T w=-3.5deg",2025-10-17 20:05:07,2025-10-17 20:05:21,00:00:14,0.02,12.0,0.0,12.0,,0.0,-3.5,/SNS/CNCS/IPTS-37274/nexus/CNCS_664353.nxs.h5
664352,108367,YbZn2GaO5,"YZGO, MAG9, Ei=12meV, T=cooling, B=0.0T w=-4.0deg",2025-10-17 20:04:48,2025-10-17 20:05:03,00:00:14,0.02,12.0,0.0,12.0,,0.0,-4.0,/SNS/CNCS/IPTS-37274/nexus/CNCS_664352.nxs.h5
664351,108367,YbZn2GaO5,"YZGO, MAG9, Ei=12meV, T=cooling, B=0.0T w=-4.5deg",2025-10-17 20:04:30,2025-10-17 20:04:45,00:00:15,0.02,12.0,0.0,12.0,,0.0,-4.5,/SNS/CNCS/IPTS-37274/nexus/CNCS_664351.nxs.h5
664350,108367,YbZn2GaO5,"YZGO, MAG9, Ei=12meV, T=cooling, B=0.0T w=-5.0deg",2025-10-17 20:04:11,2025-10-17 20:04:26,00:00:14,0.02,12.0,0.0,12.0,,0.0,-5.0,/SNS/CNCS/IPTS-37274/nexus/CNCS_664350.nxs.h5
664349,108367,YbZn2GaO5,"YZGO, MAG9, Ei=12meV, T=cooling, B=0.0T w=-5.5deg",2025-10-17 20:03:53,2025-10-17 20:04:08,00:00:14,0.02,12.0,0.0,12.0,,0.0,-5.5,/SNS/CNCS/IPTS-37274/nexus/CNCS_664349.nxs.h5
664348,108367,YbZn2GaO5,"YZGO, MAG9, Ei=12meV, T=cooling, B=0.0T w=-6.0deg",2025-10-17 20:03:35,2025-10-17 20:03:50,00:00:14,0.02,12.0,0.0,12.0,,0.0,-6.0,/SNS/CNCS/IPTS-37274/nexus/CNCS_664348.nxs.h5
664347,108367,YbZn2GaO5,"YZGO, MAG9, Ei=12meV, T=cooling, B=0.0T w=-6.5deg",2025-10-17 20:03:17,2025-10-17 20:03:31,00:00:14,0.02,12.0,0.0,12.0,,0.0,-6.5,/SNS/CNCS/IPTS-37274/nexus/CNCS_664347.nxs.h5
664346,108367,YbZn2GaO5,"YZGO, MAG9, Ei=12meV, T=cooling, B=0.0T w=-7.0deg",2025-10-17 20:02:58,2025-10-17 20:03:13,00:00:14,0.02,12.0,0.0,12.0,,0.0,-7.0,/SNS/CNCS/IPTS-37274/nexus/CNCS_664346.nxs.h5
664345,108367,YbZn2GaO5,"YZGO, MAG9, Ei=12meV, T=cooling, B=0.0T w=-7.5deg",2025-10-17 20:02:40,2025-10-17 20:02:55,00:00:14,0.02,12.0,0.0,12.0,,0.0,-7.5,/SNS/CNCS/IPTS-37274/nexus/CNCS_664345.nxs.h5
664344,108367,YbZn2GaO5,"YZGO, MAG9, Ei=12meV, T=cooling, B=0.0T w=-8.0deg",2025-10-17 20:02:22,2025-10-17 20:02:37,00:00:14,0.02,12.0,0.0,12.0,,0.0,-8.0,/SNS/CNCS/IPTS-37274/nexus/CNCS_664344.nxs.h5
664343,108367,YbZn2GaO5,"YZGO, MAG9, Ei=12meV, T=cooling, B=0.0T w=-8.5deg",2025-10-17 20:02:04,2025-10-17 20:02:18,00:00:14,0.02,12.0,0.0,12.0,,0.0,-8.5,/SNS/CNCS/IPTS-37274/nexus/CNCS_664343.nxs.h5
664342,108367,YbZn2GaO5,"YZGO, MAG9, Ei=12meV, T=cooling, B=0.0T w=-9.0deg",2025-10-17 20:01:45,2025-10-17 20:02:00,00:00:14,0.02,12.0,0.0,12.0,,0.0,-9.0,/SNS/CNCS/IPTS-37274/nexus/CNCS_664342.nxs.h5
664341,108367,YbZn2GaO5,"YZGO, MAG9, Ei=12meV, T=cooling, B=0.0T w=-9.5deg",2025-10-17 20:01:27,2025-10-17 20:01:42,00:00:14,0.02,12.0,0.0,12.0,,0.0,-9.5,/SNS/CNCS/IPTS-37274/nexus/CNCS_664341.nxs.h5
664340,108367,YbZn2GaO5,"YZGO, MAG9, Ei=12meV, T=cooling, B=0.0T w=-10.0deg",2025-10-17 20:01:09,2025-10-17 20:01:24,00:00:14,0.02,12.0,0.0,12.0,,0.0,-10.0,/SNS/CNCS/IPTS-37274/nexus/CNCS_664340.nxs.h5
664339,108367,YbZn2GaO5,"YZGO, MAG9, Ei=12meV, T=cooling, B=0.0T w=-10.5deg",2025-10-17 20:00:51,2025-10-17 20:01:05,00:00:14,0.02,12.0,0.0,12.0,,0.0,-10.5,/SNS/CNCS/IPTS-37274/nexus/CNCS_664339.nxs.h5
664338,108367,YbZn2GaO5,"YZGO, MAG9, Ei=12meV, T=cooling, B=0.0T w=-11.0deg",2025-10-17 20:00:33,2025-10-17 20:00:47,00:00:14,0.02,12.0,0.0,12.0,,0.0,-11.0,/SNS/CNCS/IPTS-37274/nexus/CNCS_664338.nxs.h5
664337,108367,YbZn2GaO5,"YZGO, MAG9, Ei=12meV, T=cooling, B=0.0T w=-11.5deg",2025-10-17 20:00:14,2025-10-17 20:00:29,00:00:14,0.02,12.0,0.0,12.0,,0.0,-11.5,/SNS/CNCS/IPTS-37274/nexus/CNCS_664337.nxs.h5
664336,108367,YbZn2GaO5,"YZGO, MAG9, Ei=12meV, T=cooling, B=0.0T w=-12.0deg",2025-10-17 19:59:56,2025-10-17 20:00:11,00:00:14,0.02,12.0,0.0,12.0,,0.0,-12.0,/SNS/CNCS/IPTS-37274/nexus/CNCS_664336.nxs.h5
664335,108367,YbZn2GaO5,"YZGO, MAG9, Ei=12meV, T=cooling, B=0.0T w=-12.5deg",2025-10-17 19:59:38,2025-10-17 19:59:52,00:00:14,0.02,12.0,0.0,12.0,,0.0,-12.5,/SNS/CNCS/IPTS-37274/nexus/CNCS_664335.nxs.h5
664334,108367,YbZn2GaO5,"YZGO, MAG9, Ei=12meV, T=cooling, B=0.0T w=-13.0deg",2025-10-17 19:59:20,2025-10-17 19:59:34,00:00:14,0.02,12.0,0.0,12.0,,0.0,-13.0,/SNS/CNCS/IPTS-37274/nexus/CNCS_664334.nxs.h5
664333,108367,YbZn2GaO5,"YZGO, MAG9, Ei=12meV, T=cooling, B=0.0T w=-13.5deg",2025-10-17 19:59:01,2025-10-17 19:59:16,00:00:14,0.02,12.0,0.0,12.0,,0.0,-13.5,/SNS/CNCS/IPTS-37274/nexus/CNCS_664333.nxs.h5
664332,108367,YbZn2GaO5,"YZGO, MAG9, Ei=12meV, T=cooling, B=0.0T w=-14.0deg",2025-10-17 19:58:43,2025-10-17 19:58:58,00:00:14,0.02,12.0,0.0,12.0,,0.0,-14.0,/SNS/CNCS/IPTS-37274/nexus/CNCS_664332.nxs.h5
664331,108367,YbZn2GaO5,"YZGO, MAG9, Ei=12meV, T=cooling, B=0.0T w=-14.5deg",2025-10-17 19:58:25,2025-10-17 19:58:40,00:00:14,0.02,12.0,0.0,12.0,,0.0,-14.5,/SNS/CNCS/IPTS-37274/nexus/CNCS_664331.nxs.h5
664330,108367,YbZn2GaO5,"YZGO, MAG9, Ei=12meV, T=cooling, B=0.0T w=-15.0deg",2025-10-17 19:58:07,2025-10-17 19:58:22,00:00:14,0.02,12.0,0.0,12.0,,0.0,-15.0,/SNS/CNCS/IPTS-37274/nexus/CNCS_664330.nxs.h5
664329,108367,YbZn2GaO5,"YZGO, MAG9, Ei=12meV, T=cooling, B=0.0T w=-15.5deg",2025-10-17 19:57:49,2025-10-17 19:58:03,00:00:14,0.02,12.0,0.0,12.0,,0.0,-15.5,/SNS/CNCS/IPTS-37274/nexus/CNCS_664329.nxs.h5
664328,108367,YbZn2GaO5,"YZGO, MAG9, Ei=12meV, T=cooling, B=0.0T w=-16.0deg",2025-10-17 19:57:30,2025-10-17 19:57:45,00:00:14,0.02,12.0,0.0,12.0,,0.0,-16.0,/SNS/CNCS/IPTS-37274/nexus/CNCS_664328.nxs.h5
664327,108367,YbZn2GaO5,"YZGO, MAG9, Ei=12meV, T=cooling, B=0.0T w=-16.5deg",2025-10-17 19:57:12,2025-10-17 19:57:27,00:00:14,0.02,12.0,0.0,12.0,,0.0,-16.5,/SNS/CNCS/IPTS-37274/nexus/CNCS_664327.nxs.h5
664326,108367,YbZn2GaO5,"YZGO, MAG9, Ei=12meV, T=cooling, B=0.0T w=-17.0deg",2025-10-17 19:56:54,2025-10-17 19:57:09,00:00:14,0.02,12.0,0.0,12.0,,0.0,-17.0,/SNS/CNCS/IPTS-37274/nexus/CNCS_664326.nxs.h5
664325,108367,YbZn2GaO5,"YZGO, MAG9, Ei=12meV, T=cooling, B=0.0T w=-17.5deg",2025-10-17 19:56:36,2025-10-17 19:56:50,00:00:14,0.02,12.0,0.0,12.0,,0.0,-17.5,/SNS/CNCS/IPTS-37274/nexus/CNCS_664325.nxs.h5
664324,108367,YbZn2GaO5,"YZGO, MAG9, Ei=12meV, T=cooling, B=0.0T w=-18.0deg",2025-10-17 19:56:18,2025-10-17 19:56:32,00:00:14,0.02,12.0,0.0,12.0,,0.0,-18.0,/SNS/CNCS/IPTS-37274/nexus/CNCS_664324.nxs.h5
664323,108367,YbZn2GaO5,"YZGO, MAG9, Ei=12meV, T=cooling, B=0.0T w=-18.5deg",2025-10-17 19:56:00,2025-10-17 19:56:14,00:00:14,0.02,12.0,0.0,12.0,,0.0,-18.5,/SNS/CNCS/IPTS-37274/nexus/CNCS_664323.nxs.h5
664322,108367,YbZn2GaO5,"YZGO, MAG9, Ei=12meV, T=cooling, B=0.0T w=-19.0deg",2025-10-17 19:55:41,2025-10-17 19:55:56,00:00:14,0.02,12.0,0.0,12.0,,0.0,-19.0,/SNS/CNCS/IPTS-37274/nexus/CNCS_664322.nxs.h5
664321,108367,YbZn2GaO5,"YZGO, MAG9, Ei=12meV, T=cooling, B=0.0T w=-19.5deg",2025-10-17 19:55:23,2025-10-17 19:55:38,00:00:14,0.02,12.0,0.0,12.0,,0.0,-19.5,/SNS/CNCS/IPTS-37274/nexus/CNCS_664321.nxs.h5
664320,108367,YbZn2GaO5,"YZGO, MAG9, Ei=12meV, T=cooling, B=0.0T w=-20.0deg",2025-10-17 19:55:05,2025-10-17 19:55:20,00:00:14,0.02,12.0,0.0,12.0,,0.0,-20.0,/SNS/CNCS/IPTS-37274/nexus/CNCS_664320.nxs.h5
664319,108367,YbZn2GaO5,"YZGO, MAG9, Ei=12meV, T=cooling, B=0.0T w=-20.5deg",2025-10-17 19:54:47,2025-10-17 19:55:01,00:00:14,0.02,12.0,0.0,12.0,,0.0,-20.5,/SNS/CNCS/IPTS-37274/nexus/CNCS_664319.nxs.h5
664318,108367,YbZn2GaO5,"YZGO, MAG9, Ei=12meV, T=cooling, B=0.0T w=-21.0deg",2025-10-17 19:54:28,2025-10-17 19:54:43,00:00:14,0.02,12.0,0.0,12.0,,0.0,-21.0,/SNS/CNCS/IPTS-37274/nexus/CNCS_664318.nxs.h5
664317,108367,YbZn2GaO5,"YZGO, MAG9, Ei=12meV, T=cooling, B=0.0T w=-21.5deg",2025-10-17 19:54:10,2025-10-17 19:54:25,00:00:14,0.02,12.0,0.0,12.0,,0.0,-21.5,/SNS/CNCS/IPTS-37274/nexus/CNCS_664317.nxs.h5
664316,108367,YbZn2GaO5,"YZGO, MAG9, Ei=12meV, T=cooling, B=0.0T w=-22.0deg",2025-10-17 19:53:52,2025-10-17 19:54:07,00:00:14,0.02,12.0,0.0,12.0,,0.0,-22.0,/SNS/CNCS/IPTS-37274/nexus/CNCS_664316.nxs.h5
664315,108367,YbZn2GaO5,"YZGO, MAG9, Ei=12meV, T=cooling, B=0.0T w=-22.5deg",2025-10-17 19:53:34,2025-10-17 19:53:48,00:00:14,0.02,12.0,0.0,12.0,,0.0,-22.5,/SNS/CNCS/IPTS-37274/nexus/CNCS_664315.nxs.h5
664314,108367,YbZn2GaO5,"YZGO, MAG9, Ei=12meV, T=cooling, B=0.0T w=-23.0deg",2025-10-17 19:53:16,2025-10-17 19:53:30,00:00:14,0.02,12.0,0.0,12.0,,0.0,-23.0,/SNS/CNCS/IPTS-37274/nexus/CNCS_664314.nxs.h5
664313,108367,YbZn2GaO5,"YZGO, MAG9, Ei=12meV, T=cooling, B=0.0T w=-23.5deg",2025-10-17 19:52:57,2025-10-17 19:53:12,00:00:14,0.02,12.0,0.0,12.0,,0.0,-23.5,/SNS/CNCS/IPTS-37274/nexus/CNCS_664313.nxs.h5
664312,108367,YbZn2GaO5,"YZGO, MAG9, Ei=12meV, T=cooling, B=0.0T w=-24.0deg",2025-10-17 19:52:39,2025-10-17 19:52:54,00:00:14,0.02,12.0,0.0,12.0,,0.0,-24.0,/SNS/CNCS/IPTS-37274/nexus/CNCS_664312.nxs.h5
664311,108367,YbZn2GaO5,"YZGO, MAG9, Ei=12meV, T=cooling, B=0.0T w=-24.5deg",2025-10-17 19:52:21,2025-10-17 19:52:36,00:00:14,0.02,12.0,0.0,12.0,,0.0,-24.5,/SNS/CNCS/IPTS-37274/nexus/CNCS_664311.nxs.h5
664310,108367,YbZn2GaO5,"YZGO, MAG9, Ei=12meV, T=cooling, B=0.0T w=-25.0deg",2025-10-17 19:52:03,2025-10-17 19:52:18,00:00:14,0.02,12.0,0.0,12.0,,0.0,-25.0,/SNS/CNCS/IPTS-37274/nexus/CNCS_664310.nxs.h5
664309,108367,YbZn2GaO5,"YZGO, MAG9, Ei=12meV, T=cooling, B=0.0T w=-25.5deg",2025-10-17 19:51:45,2025-10-17 19:51:59,00:00:14,0.02,12.0,0.0,12.0,,0.0,-25.5,/SNS/CNCS/IPTS-37274/nexus/CNCS_664309.nxs.h5
664308,108367,YbZn2GaO5,"YZGO, MAG9, Ei=12meV, T=cooling, B=0.0T w=-26.0deg",2025-10-17 19:51:27,2025-10-17 19:51:41,00:00:14,0.02,12.0,0.0,12.0,,0.0,-26.0,/SNS/CNCS/IPTS-37274/nexus/CNCS_664308.nxs.h5
664307,108367,YbZn2GaO5,"YZGO, MAG9, Ei=12meV, T=cooling, B=0.0T w=-26.5deg",2025-10-17 19:51:08,2025-10-17 19:51:23,00:00:14,0.02,12.0,0.0,12.0,,0.0,-26.5,/SNS/CNCS/IPTS-37274/nexus/CNCS_664307.nxs.h5
664306,108367,YbZn2GaO5,"YZGO, MAG9, Ei=12meV, T=cooling, B=0.0T w=-27.0deg",2025-10-17 19:50:50,2025-10-17 19:51:05,00:00:14,0.02,12.0,0.0,12.0,,0.0,-27.0,/SNS/CNCS/IPTS-37274/nexus/CNCS_664306.nxs.h5
664305,108367,YbZn2GaO5,"YZGO, MAG9, Ei=12meV, T=cooling, B=0.0T w=-27.5deg",2025-10-17 19:50:32,2025-10-17 19:50:47,00:00:14,0.02,12.0,0.0,12.0,,0.0,-27.5,/SNS/CNCS/IPTS-37274/nexus/CNCS_664305.nxs.h5
664304,108367,YbZn2GaO5,"YZGO, MAG9, Ei=12meV, T=cooling, B=0.0T w=-28.0deg",2025-10-17 19:50:14,2025-10-17 19:50:28,00:00:14,0.02,12.0,0.0,12.0,,0.0,-28.0,/SNS/CNCS/IPTS-37274/nexus/CNCS_664304.nxs.h5
664303,108367,YbZn2GaO5,"YZGO, MAG9, Ei=12meV, T=cooling, B=0.0T w=-28.5deg",2025-10-17 19:49:56,2025-10-17 19:50:10,00:00:14,0.02,12.0,0.0,12.0,,0.0,-28.5,/SNS/CNCS/IPTS-37274/nexus/CNCS_664303.nxs.h5
664302,108367,YbZn2GaO5,"YZGO, MAG9, Ei=12meV, T=cooling, B=0.0T w=-29.0deg",2025-10-17 19:49:37,2025-10-17 19:49:52,00:00:14,0.02,12.0,0.0,12.0,,0.0,-29.0,/SNS/CNCS/IPTS-37274/nexus/CNCS_664302.nxs.h5
664301,108367,YbZn2GaO5,"YZGO, MAG9, Ei=12meV, T=cooling, B=0.0T w=-29.5deg",2025-10-17 19:49:19,2025-10-17 19:49:34,00:00:14,0.02,12.0,0.0,12.0,,0.0,-29.5,/SNS/CNCS/IPTS-37274/nexus/CNCS_664301.nxs.h5
664300,108367,YbZn2GaO5,"YZGO, MAG9, Ei=12meV, T=cooling, B=0.0T w=-30.0deg",2025-10-17 19:49:01,2025-10-17 19:49:16,00:00:14,0.02,12.0,0.0,12.0,,0.0,-30.0,/SNS/CNCS/IPTS-37274/nexus/CNCS_664300.nxs.h5
664299,108367,YbZn2GaO5,"YZGO, MAG9, Ei=12meV, T=cooling, B=0.0T w=-30.5deg",2025-10-17 19:48:43,2025-10-17 19:48:58,00:00:14,0.02,12.0,0.0,12.0,,0.0,-30.5,/SNS/CNCS/IPTS-37274/nexus/CNCS_664299.nxs.h5
664298,108367,YbZn2GaO5,"YZGO, MAG9, Ei=12meV, T=cooling, B=0.0T w=-31.0deg",2025-10-17 19:48:25,2025-10-17 19:48:39,00:00:14,0.02,12.0,0.0,12.0,,0.0,-31.0,/SNS/CNCS/IPTS-37274/nexus/CNCS_664298.nxs.h5
664297,108367,YbZn2GaO5,"YZGO, MAG9, Ei=12meV, T=cooling, B=0.0T w=-31.5deg",2025-10-17 19:48:06,2025-10-17 19:48:21,00:00:14,0.02,12.0,0.0,12.0,,0.0,-31.5,/SNS/CNCS/IPTS-37274/nexus/CNCS_664297.nxs.h5
664296,108367,YbZn2GaO5,"YZGO, MAG9, Ei=12meV, T=cooling, B=0.0T w=-32.0deg",2025-10-17 19:47:48,2025-10-17 19:48:03,00:00:14,0.02,12.0,0.0,12.0,,0.0,-32.0,/SNS/CNCS/IPTS-37274/nexus/CNCS_664296.nxs.h5
664295,108367,YbZn2GaO5,"YZGO, MAG9, Ei=12meV, T=cooling, B=0.0T w=-32.5deg",2025-10-17 19:47:30,2025-10-17 19:47:45,00:00:14,0.02,12.0,0.0,12.0,,0.0,-32.5,/SNS/CNCS/IPTS-37274/nexus/CNCS_664295.nxs.h5
664294,108367,YbZn2GaO5,"YZGO, MAG9, Ei=12meV, T=cooling, B=0.0T w=-33.0deg",2025-10-17 19:47:12,2025-10-17 19:47:26,00:00:14,0.02,12.0,0.0,12.0,,0.0,-33.0,/SNS/CNCS/IPTS-37274/nexus/CNCS_664294.nxs.h5
664293,108367,YbZn2GaO5,"YZGO, MAG9, Ei=12meV, T=cooling, B=0.0T w=-33.5deg",2025-10-17 19:46:54,2025-10-17 19:47:08,00:00:14,0.02,12.0,0.0,12.0,,0.0,-33.5,/SNS/CNCS/IPTS-37274/nexus/CNCS_664293.nxs.h5
664292,108367,YbZn2GaO5,"YZGO, MAG9, Ei=12meV, T=cooling, B=0.0T w=-34.0deg",2025-10-17 19:46:35,2025-10-17 19:46:50,00:00:14,0.02,12.0,0.0,12.0,,0.0,-34.0,/SNS/CNCS/IPTS-37274/nexus/CNCS_664292.nxs.h5
664291,108367,YbZn2GaO5,"YZGO, MAG9, Ei=12meV, T=cooling, B=0.0T w=-34.5deg",2025-10-17 19:46:17,2025-10-17 19:46:32,00:00:14,0.02,12.0,0.0,12.0,,0.0,-34.5,/SNS/CNCS/IPTS-37274/nexus/CNCS_664291.nxs.h5
664290,108367,YbZn2GaO5,"YZGO, MAG9, Ei=12meV, T=cooling, B=0.0T w=-35.0deg",2025-10-17 19:45:59,2025-10-17 19:46:14,00:00:14,0.02,12.0,0.0,12.0,,0.0,-35.0,/SNS/CNCS/IPTS-37274/nexus/CNCS_664290.nxs.h5
664289,108367,YbZn2GaO5,"YZGO, MAG9, Ei=12meV, T=cooling, B=0.0T w=-35.5deg",2025-10-17 19:45:41,2025-10-17 19:45:55,00:00:14,0.02,12.0,0.0,12.0,,0.0,-35.5,/SNS/CNCS/IPTS-37274/nexus/CNCS_664289.nxs.h5
664288,108367,YbZn2GaO5,"YZGO, MAG9, Ei=12meV, T=cooling, B=0.0T w=-36.0deg",2025-10-17 19:45:23,2025-10-17 19:45:37,00:00:14,0.02,12.0,0.0,12.0,,0.0,-36.0,/SNS/CNCS/IPTS-37274/nexus/CNCS_664288.nxs.h5
664287,108367,YbZn2GaO5,"YZGO, MAG9, Ei=12meV, T=cooling, B=0.0T w=-36.5deg",2025-10-17 19:45:04,2025-10-17 19:45:19,00:00:14,0.02,12.0,0.0,12.0,,0.0,-36.5,/SNS/CNCS/IPTS-37274/nexus/CNCS_664287.nxs.h5
664286,108367,YbZn2GaO5,"YZGO, MAG9, Ei=12meV, T=cooling, B=0.0T w=-37.0deg",2025-10-17 19:44:46,2025-10-17 19:45:01,00:00:14,0.02,12.0,0.0,12.0,,0.0,-37.0,/SNS/CNCS/IPTS-37274/nexus/CNCS_664286.nxs.h5
664285,108367,YbZn2GaO5,"YZGO, MAG9, Ei=12meV, T=cooling, B=0.0T w=-37.5deg",2025-10-17 19:44:28,2025-10-17 19:44:43,00:00:14,0.02,12.0,0.0,12.0,,0.0,-37.5,/SNS/CNCS/IPTS-37274/nexus/CNCS_664285.nxs.h5
664284,108367,YbZn2GaO5,"YZGO, MAG9, Ei=12meV, T=cooling, B=0.0T w=-38.0deg",2025-10-17 19:44:10,2025-10-17 19:44:24,00:00:14,0.02,12.0,0.0,12.0,,0.0,-38.0,/SNS/CNCS/IPTS-37274/nexus/CNCS_664284.nxs.h5
664283,108367,YbZn2GaO5,"YZGO, MAG9, Ei=12meV, T=cooling, B=0.0T w=-38.5deg",2025-10-17 19:43:52,2025-10-17 19:44:06,00:00:14,0.02,12.0,0.0,12.0,,0.0,-38.5,/SNS/CNCS/IPTS-37274/nexus/CNCS_664283.nxs.h5
664282,108367,YbZn2GaO5,"YZGO, MAG9, Ei=12meV, T=cooling, B=0.0T w=-39.0deg",2025-10-17 19:43:33,2025-10-17 19:43:48,00:00:14,0.02,12.0,0.0,12.0,,0.0,-39.0,/SNS/CNCS/IPTS-37274/nexus/CNCS_664282.nxs.h5
664281,108367,YbZn2GaO5,"YZGO, MAG9, Ei=12meV, T=cooling, B=0.0T w=-39.5deg",2025-10-17 19:43:15,2025-10-17 19:43:30,00:00:14,0.02,12.0,0.0,12.0,,0.0,-39.5,/SNS/CNCS/IPTS-37274/nexus/CNCS_664281.nxs.h5
664280,108367,YbZn2GaO5,"YZGO, MAG9, Ei=12meV, T=cooling, B=0.0T w=-40.0deg",2025-10-17 19:42:57,2025-10-17 19:43:12,00:00:14,0.02,12.0,0.0,12.0,,0.0,-40.0,/SNS/CNCS/IPTS-37274/nexus/CNCS_664280.nxs.h5
664279,108367,YbZn2GaO5,"YZGO, MAG9, Ei=12meV, T=cooling, B=0.0T w=-40.5deg",2025-10-17 19:42:39,2025-10-17 19:42:53,00:00:14,0.02,12.0,0.0,12.0,,0.0,-40.5,/SNS/CNCS/IPTS-37274/nexus/CNCS_664279.nxs.h5
664278,108367,YbZn2GaO5,"YZGO, MAG9, Ei=12meV, T=cooling, B=0.0T w=-41.0deg",2025-10-17 19:42:21,2025-10-17 19:42:35,00:00:14,0.02,12.0,0.0,12.0,,0.0,-41.0,/SNS/CNCS/IPTS-37274/nexus/CNCS_664278.nxs.h5
664277,108367,YbZn2GaO5,"YZGO, MAG9, Ei=12meV, T=cooling, B=0.0T w=-41.5deg",2025-10-17 19:42:02,2025-10-17 19:42:17,00:00:14,0.02,12.0,0.0,12.0,,0.0,-41.5,/SNS/CNCS/IPTS-37274/nexus/CNCS_664277.nxs.h5
664276,108367,YbZn2GaO5,"YZGO, MAG9, Ei=12meV, T=cooling, B=0.0T w=-42.0deg",2025-10-17 19:41:44,2025-10-17 19:41:59,00:00:14,0.02,12.0,0.0,12.0,,0.0,-42.0,/SNS/CNCS/IPTS-37274/nexus/CNCS_664276.nxs.h5
664275,108367,YbZn2GaO5,"YZGO, MAG9, Ei=12meV, T=cooling, B=0.0T w=-42.5deg",2025-10-17 19:41:26,2025-10-17 19:41:41,00:00:14,0.02,12.0,0.0,12.0,,0.0,-42.5,/SNS/CNCS/IPTS-37274/nexus/CNCS_664275.nxs.h5
664274,108367,YbZn2GaO5,"YZGO, MAG9, Ei=12meV, T=cooling, B=0.0T w=-43.0deg",2025-10-17 19:41:08,2025-10-17 19:41:23,00:00:14,0.02,12.0,0.0,12.0,,0.0,-43.0,/SNS/CNCS/IPTS-37274/nexus/CNCS_664274.nxs.h5
664273,108367,YbZn2GaO5,"YZGO, MAG9, Ei=12meV, T=cooling, B=0.0T w=-43.5deg",2025-10-17 19:40:50,2025-10-17 19:41:04,00:00:14,0.02,12.0,0.0,12.0,,0.0,-43.5,/SNS/CNCS/IPTS-37274/nexus/CNCS_664273.nxs.h5
664272,108367,YbZn2GaO5,"YZGO, MAG9, Ei=12meV, T=cooling, B=0.0T w=-44.0deg",2025-10-17 19:40:32,2025-10-17 19:40:46,00:00:14,0.02,12.0,0.0,12.0,,0.0,-44.0,/SNS/CNCS/IPTS-37274/nexus/CNCS_664272.nxs.h5
664271,108367,YbZn2GaO5,"YZGO, MAG9, Ei=12meV, T=cooling, B=0.0T w=-44.5deg",2025-10-17 19:40:13,2025-10-17 19:40:28,00:00:14,0.02,12.0,0.0,12.0,,0.0,-44.5,/SNS/CNCS/IPTS-37274/nexus/CNCS_664271.nxs.h5
664270,108367,YbZn2GaO5,"YZGO, MAG9, Ei=12meV, T=cooling, B=0.0T w=-45.0deg",2025-10-17 19:39:55,2025-10-17 19:40:10,00:00:14,0.02,12.0,0.0,12.0,,0.0,-45.0,/SNS/CNCS/IPTS-37274/nexus/CNCS_664270.nxs.h5
664269,108367,YbZn2GaO5,"YZGO, MAG9, Ei=12meV, T=cooling, B=0.0T w=-45.5deg",2025-10-17 19:39:37,2025-10-17 19:39:52,00:00:14,0.02,12.0,0.0,12.0,,0.0,-45.5,/SNS/CNCS/IPTS-37274/nexus/CNCS_664269.nxs.h5
664268,108367,YbZn2GaO5,"YZGO, MAG9, Ei=12meV, T=cooling, B=0.0T w=-46.0deg",2025-10-17 19:39:19,2025-10-17 19:39:33,00:00:14,0.02,12.0,0.0,12.0,,0.0,-46.0,/SNS/CNCS/IPTS-37274/nexus/CNCS_664268.nxs.h5
664267,108367,YbZn2GaO5,"YZGO, MAG9, Ei=12meV, T=cooling, B=0.0T w=-46.5deg",2025-10-17 19:39:01,2025-10-17 19:39:15,00:00:14,0.02,12.0,0.0,12.0,,0.0,-46.5,/SNS/CNCS/IPTS-37274/nexus/CNCS_664267.nxs.h5
664266,108367,YbZn2GaO5,"YZGO, MAG9, Ei=12meV, T=cooling, B=0.0T w=-47.0deg",2025-10-17 19:38:42,2025-10-17 19:38:57,00:00:14,0.02,12.0,0.0,12.0,,0.0,-47.0,/SNS/CNCS/IPTS-37274/nexus/CNCS_664266.nxs.h5
664265,108367,YbZn2GaO5,"YZGO, MAG9, Ei=12meV, T=cooling, B=0.0T w=-47.5deg",2025-10-17 19:38:24,2025-10-17 19:38:39,00:00:14,0.02,12.0,0.0,12.0,,0.0,-47.5,/SNS/CNCS/IPTS-37274/nexus/CNCS_664265.nxs.h5
664264,108367,YbZn2GaO5,"YZGO, MAG9, Ei=12meV, T=cooling, B=0.0T w=-48.0deg",2025-10-17 19:38:06,2025-10-17 19:38:21,00:00:14,0.02,12.0,0.0,12.0,,0.0,-48.0,/SNS/CNCS/IPTS-37274/nexus/CNCS_664264.nxs.h5
664263,108367,YbZn2GaO5,"YZGO, MAG9, Ei=12meV, T=cooling, B=0.0T w=-48.5deg",2025-10-17 19:37:48,2025-10-17 19:38:03,00:00:14,0.02,12.0,0.0,12.0,,0.0,-48.5,/SNS/CNCS/IPTS-37274/nexus/CNCS_664263.nxs.h5
664262,108367,YbZn2GaO5,"YZGO, MAG9, Ei=12meV, T=cooling, B=0.0T w=-49.0deg",2025-10-17 19:37:30,2025-10-17 19:37:44,00:00:14,0.02,12.0,0.0,12.0,,0.0,-49.0,/SNS/CNCS/IPTS-37274/nexus/CNCS_664262.nxs.h5
664261,108367,YbZn2GaO5,"YZGO, MAG9, Ei=12meV, T=cooling, B=0.0T w=-49.5deg",2025-10-17 19:37:12,2025-10-17 19:37:26,00:00:14,0.02,12.0,0.0,12.0,,0.0,-49.5,/SNS/CNCS/IPTS-37274/nexus/CNCS_664261.nxs.h5
664260,108367,YbZn2GaO5,"YZGO, MAG9, Ei=12meV, T=cooling, B=0.0T w=-50.0deg",2025-10-17 19:36:53,2025-10-17 19:37:08,00:00:14,0.02,12.0,0.0,12.0,,0.0,-50.0,/SNS/CNCS/IPTS-37274/nexus/CNCS_664260.nxs.h5
664259,108367,YbZn2GaO5,"YZGO, MAG9, Ei=12meV, T=cooling, B=0.0T w=-50.5deg",2025-10-17 19:36:35,2025-10-17 19:36:50,00:00:14,0.02,12.0,0.0,12.0,,0.0,-50.5,/SNS/CNCS/IPTS-37274/nexus/CNCS_664259.nxs.h5
664258,108367,YbZn2GaO5,"YZGO, MAG9, Ei=12meV, T=cooling, B=0.0T w=-51.0deg",2025-10-17 19:36:17,2025-10-17 19:36:32,00:00:14,0.02,12.0,0.0,12.0,,0.0,-51.0,/SNS/CNCS/IPTS-37274/nexus/CNCS_664258.nxs.h5
664257,108367,YbZn2GaO5,"YZGO, MAG9, Ei=12meV, T=cooling, B=0.0T w=-51.5deg",2025-10-17 19:35:59,2025-10-17 19:36:13,00:00:14,0.02,12.0,0.0,12.0,,0.0,-51.5,/SNS/CNCS/IPTS-37274/nexus/CNCS_664257.nxs.h5
664256,108367,YbZn2GaO5,"YZGO, MAG9, Ei=12meV, T=cooling, B=0.0T w=-52.0deg",2025-10-17 19:35:41,2025-10-17 19:35:55,00:00:14,0.02,12.0,0.0,12.0,,0.0,-52.0,/SNS/CNCS/IPTS-37274/nexus/CNCS_664256.nxs.h5
664255,108367,YbZn2GaO5,"YZGO, MAG9, Ei=12meV, T=cooling, B=0.0T w=-52.5deg",2025-10-17 19:35:22,2025-10-17 19:35:37,00:00:14,0.02,12.0,0.0,12.0,,0.0,-52.5,/SNS/CNCS/IPTS-37274/nexus/CNCS_664255.nxs.h5
664254,108367,YbZn2GaO5,"YZGO, MAG9, Ei=12meV, T=cooling, B=0.0T w=-53.0deg",2025-10-17 19:35:04,2025-10-17 19:35:19,00:00:14,0.02,12.0,0.0,12.0,,0.0,-53.0,/SNS/CNCS/IPTS-37274/nexus/CNCS_664254.nxs.h5
664253,108367,YbZn2GaO5,"YZGO, MAG9, Ei=12meV, T=cooling, B=0.0T w=-53.5deg",2025-10-17 19:34:46,2025-10-17 19:35:01,00:00:14,0.02,12.0,0.0,12.0,,0.0,-53.5,/SNS/CNCS/IPTS-37274/nexus/CNCS_664253.nxs.h5
664252,108367,YbZn2GaO5,"YZGO, MAG9, Ei=12meV, T=cooling, B=0.0T w=-54.0deg",2025-10-17 19:34:28,2025-10-17 19:34:42,00:00:14,0.02,12.0,0.0,12.0,,0.0,-54.0,/SNS/CNCS/IPTS-37274/nexus/CNCS_664252.nxs.h5
664251,108367,YbZn2GaO5,"YZGO, MAG9, Ei=12meV, T=cooling, B=0.0T w=-54.5deg",2025-10-17 19:34:10,2025-10-17 19:34:24,00:00:14,0.02,12.0,0.0,12.0,,0.0,-54.5,/SNS/CNCS/IPTS-37274/nexus/CNCS_664251.nxs.h5
664250,108367,YbZn2GaO5,"YZGO, MAG9, Ei=12meV, T=cooling, B=0.0T w=-55.0deg",2025-10-17 19:33:51,2025-10-17 19:34:06,00:00:14,0.02,12.0,0.0,12.0,,0.0,-55.0,/SNS/CNCS/IPTS-37274/nexus/CNCS_664250.nxs.h5
664249,108367,YbZn2GaO5,"YZGO, MAG9, Ei=12meV, T=cooling, B=0.0T w=-55.5deg",2025-10-17 19:33:33,2025-10-17 19:33:48,00:00:14,0.02,12.0,0.0,12.0,,0.0,-55.5,/SNS/CNCS/IPTS-37274/nexus/CNCS_664249.nxs.h5
664248,108367,YbZn2GaO5,"YZGO, MAG9, Ei=12meV, T=cooling, B=0.0T w=-56.0deg",2025-10-17 19:33:15,2025-10-17 19:33:30,00:00:14,0.02,12.0,0.0,12.0,,0.0,-56.0,/SNS/CNCS/IPTS-37274/nexus/CNCS_664248.nxs.h5
664247,108367,YbZn2GaO5,"YZGO, MAG9, Ei=12meV, T=cooling, B=0.0T w=-56.5deg",2025-10-17 19:32:57,2025-10-17 19:33:12,00:00:14,0.02,12.0,0.0,12.0,,0.0,-56.5,/SNS/CNCS/IPTS-37274/nexus/CNCS_664247.nxs.h5
664246,108367,YbZn2GaO5,"YZGO, MAG9, Ei=12meV, T=cooling, B=0.0T w=-57.0deg",2025-10-17 19:32:39,2025-10-17 19:32:53,00:00:14,0.02,12.0,0.0,12.0,,0.0,-57.0,/SNS/CNCS/IPTS-37274/nexus/CNCS_664246.nxs.h5
664245,108367,YbZn2GaO5,"YZGO, MAG9, Ei=12meV, T=cooling, B=0.0T w=-57.5deg",2025-10-17 19:32:20,2025-10-17 19:32:35,00:00:14,0.02,12.0,0.0,12.0,,0.0,-57.5,/SNS/CNCS/IPTS-37274/nexus/CNCS_664245.nxs.h5
664244,108367,YbZn2GaO5,"YZGO, MAG9, Ei=12meV, T=cooling, B=0.0T w=-58.0deg",2025-10-17 19:32:02,2025-10-17 19:32:17,00:00:14,0.02,12.0,0.0,12.0,,0.0,-58.0,/SNS/CNCS/IPTS-37274/nexus/CNCS_664244.nxs.h5
664243,108367,YbZn2GaO5,"YZGO, MAG9, Ei=12meV, T=cooling, B=0.0T w=-58.5deg",2025-10-17 19:31:44,2025-10-17 19:31:59,00:00:14,0.02,12.0,0.0,12.0,,0.0,-58.5,/SNS/CNCS/IPTS-37274/nexus/CNCS_664243.nxs.h5
664242,108367,YbZn2GaO5,"YZGO, MAG9, Ei=12meV, T=cooling, B=0.0T w=-59.0deg",2025-10-17 19:31:26,2025-10-17 19:31:41,00:00:14,0.02,12.0,0.0,12.0,,0.0,-59.0,/SNS/CNCS/IPTS-37274/nexus/CNCS_664242.nxs.h5
664241,108367,YbZn2GaO5,"YZGO, MAG9, Ei=12meV, T=cooling, B=0.0T w=-59.5deg",2025-10-17 19:31:08,2025-10-17 19:31:22,00:00:14,0.02,12.0,0.0,12.0,,0.0,-59.5,/SNS/CNCS/IPTS-37274/nexus/CNCS_664241.nxs.h5
664240,108367,YbZn2GaO5,"YZGO, MAG9, Ei=12meV, T=cooling, B=0.0T w=-60.0deg",2025-10-17 19:30:50,2025-10-17 19:31:04,00:00:14,0.02,12.0,0.0,12.0,,0.0,-60.0,/SNS/CNCS/IPTS-37274/nexus/CNCS_664240.nxs.h5
664239,108367,YbZn2GaO5,"YZGO, MAG9, Ei=12meV, T=cooling, B=0.0T w=-60.5deg",2025-10-17 19:30:31,2025-10-17 19:30:46,00:00:14,0.02,12.0,0.0,12.0,,0.0,-60.5,/SNS/CNCS/IPTS-37274/nexus/CNCS_664239.nxs.h5
664238,108367,YbZn2GaO5,"YZGO, MAG9, Ei=12meV, T=cooling, B=0.0T w=-61.0deg",2025-10-17 19:30:13,2025-10-17 19:30:28,00:00:14,0.02,12.0,0.0,12.0,,0.0,-61.0,/SNS/CNCS/IPTS-37274/nexus/CNCS_664238.nxs.h5
664237,108367,YbZn2GaO5,"YZGO, MAG9, Ei=12meV, T=cooling, B=0.0T w=-61.5deg",2025-10-17 19:29:55,2025-10-17 19:30:10,00:00:14,0.02,12.0,0.0,12.0,,0.0,-61.5,/SNS/CNCS/IPTS-37274/nexus/CNCS_664237.nxs.h5
664236,108367,YbZn2GaO5,"YZGO, MAG9, Ei=12meV, T=cooling, B=0.0T w=-62.0deg",2025-10-17 19:29:37,2025-10-17 19:29:51,00:00:14,0.02,12.0,0.0,12.0,,0.0,-62.0,/SNS/CNCS/IPTS-37274/nexus/CNCS_664236.nxs.h5
664235,108367,YbZn2GaO5,"YZGO, MAG9, Ei=12meV, T=cooling, B=0.0T w=-62.5deg",2025-10-17 19:29:19,2025-10-17 19:29:33,00:00:14,0.02,12.0,0.0,12.0,,0.0,-62.5,/SNS/CNCS/IPTS-37274/nexus/CNCS_664235.nxs.h5
664234,108367,YbZn2GaO5,"YZGO, MAG9, Ei=12meV, T=cooling, B=0.0T w=-63.0deg",2025-10-17 19:29:00,2025-10-17 19:29:15,00:00:14,0.02,12.0,0.0,12.0,,0.0,-63.0,/SNS/CNCS/IPTS-37274/nexus/CNCS_664234.nxs.h5
664233,108367,YbZn2GaO5,"YZGO, MAG9, Ei=12meV, T=cooling, B=0.0T w=-63.5deg",2025-10-17 19:28:42,2025-10-17 19:28:57,00:00:14,0.02,12.0,0.0,12.0,,0.0,-63.5,/SNS/CNCS/IPTS-37274/nexus/CNCS_664233.nxs.h5
664232,108367,YbZn2GaO5,"YZGO, MAG9, Ei=12meV, T=cooling, B=0.0T w=-64.0deg",2025-10-17 19:28:24,2025-10-17 19:28:39,00:00:14,0.02,12.0,0.0,12.0,,0.0,-64.0,/SNS/CNCS/IPTS-37274/nexus/CNCS_664232.nxs.h5
664231,108367,YbZn2GaO5,"YZGO, MAG9, Ei=12meV, T=cooling, B=0.0T w=-64.5deg",2025-10-17 19:28:06,2025-10-17 19:28:20,00:00:14,0.02,12.0,0.0,12.0,,0.0,-64.5,/SNS/CNCS/IPTS-37274/nexus/CNCS_664231.nxs.h5
664230,108367,YbZn2GaO5,"YZGO, MAG9, Ei=12meV, T=cooling, B=0.0T w=-65.0deg",2025-10-17 19:27:48,2025-10-17 19:28:02,00:00:14,0.02,12.0,0.0,12.0,,0.0,-65.0,/SNS/CNCS/IPTS-37274/nexus/CNCS_664230.nxs.h5
664229,108367,YbZn2GaO5,"YZGO, MAG9, Ei=12meV, T=cooling, B=0.0T w=-65.5deg",2025-10-17 19:27:29,2025-10-17 19:27:44,00:00:14,0.02,12.0,0.0,12.0,,0.0,-65.5,/SNS/CNCS/IPTS-37274/nexus/CNCS_664229.nxs.h5
664228,108367,YbZn2GaO5,"YZGO, MAG9, Ei=12meV, T=cooling, B=0.0T w=-66.0deg",2025-10-17 19:27:11,2025-10-17 19:27:26,00:00:14,0.02,12.0,0.0,12.0,,0.0,-66.0,/SNS/CNCS/IPTS-37274/nexus/CNCS_664228.nxs.h5
664227,108367,YbZn2GaO5,"YZGO, MAG9, Ei=12meV, T=cooling, B=0.0T w=-66.5deg",2025-10-17 19:26:53,2025-10-17 19:27:08,00:00:14,0.02,12.0,0.0,12.0,,0.0,-66.5,/SNS/CNCS/IPTS-37274/nexus/CNCS_664227.nxs.h5
664226,108367,YbZn2GaO5,"YZGO, MAG9, Ei=12meV, T=cooling, B=0.0T w=-67.0deg",2025-10-17 19:26:35,2025-10-17 19:26:50,00:00:14,0.02,12.0,0.0,12.0,,0.0,-67.0,/SNS/CNCS/IPTS-37274/nexus/CNCS_664226.nxs.h5
664225,108367,YbZn2GaO5,"YZGO, MAG9, Ei=12meV, T=cooling, B=0.0T w=-67.5deg",2025-10-17 19:26:17,2025-10-17 19:26:31,00:00:14,0.02,12.0,0.0,12.0,,0.0,-67.5,/SNS/CNCS/IPTS-37274/nexus/CNCS_664225.nxs.h5
664224,108367,YbZn2GaO5,"YZGO, MAG9, Ei=12meV, T=cooling, B=0.0T w=-68.0deg",2025-10-17 19:25:58,2025-10-17 19:26:13,00:00:14,0.02,12.0,0.0,12.0,,0.0,-68.0,/SNS/CNCS/IPTS-37274/nexus/CNCS_664224.nxs.h5
664223,108367,YbZn2GaO5,"YZGO, MAG9, Ei=12meV, T=cooling, B=0.0T w=-68.5deg",2025-10-17 19:25:40,2025-10-17 19:25:55,00:00:14,0.02,12.0,0.0,12.0,,0.0,-68.5,/SNS/CNCS/IPTS-37274/nexus/CNCS_664223.nxs.h5
664222,108367,YbZn2GaO5,"YZGO, MAG9, Ei=12meV, T=cooling, B=0.0T w=-69.0deg",2025-10-17 19:25:22,2025-10-17 19:25:37,00:00:14,0.02,12.0,0.0,12.0,,0.0,-69.0,/SNS/CNCS/IPTS-37274/nexus/CNCS_664222.nxs.h5
664221,108367,YbZn2GaO5,"YZGO, MAG9, Ei=12meV, T=cooling, B=0.0T w=-69.5deg",2025-10-17 19:25:04,2025-10-17 19:25:18,00:00:14,0.02,12.0,0.0,12.0,,0.0,-69.5,/SNS/CNCS/IPTS-37274/nexus/CNCS_664221.nxs.h5
664220,108367,YbZn2GaO5,"YZGO, MAG9, Ei=12meV, T=cooling, B=0.0T w=-70.0deg",2025-10-17 19:24:46,2025-10-17 19:25:00,00:00:14,0.02,12.0,0.0,12.0,,0.0,-70.0,/SNS/CNCS/IPTS-37274/nexus/CNCS_664220.nxs.h5
664219,108367,YbZn2GaO5,"YZGO, MAG9, Ei=12meV, T=cooling, B=0.0T w=-70.5deg",2025-10-17 19:24:27,2025-10-17 19:24:42,00:00:14,0.02,12.0,0.0,12.0,,0.0,-70.5,/SNS/CNCS/IPTS-37274/nexus/CNCS_664219.nxs.h5
664218,108367,YbZn2GaO5,"YZGO, MAG9, Ei=12meV, T=cooling, B=0.0T w=-71.0deg",2025-10-17 19:24:09,2025-10-17 19:24:24,00:00:14,0.02,12.0,0.0,12.0,,0.0,-71.0,/SNS/CNCS/IPTS-37274/nexus/CNCS_664218.nxs.h5
664217,108367,YbZn2GaO5,"YZGO, MAG9, Ei=12meV, T=cooling, B=0.0T w=-71.5deg",2025-10-17 19:23:51,2025-10-17 19:24:06,00:00:14,0.02,12.0,0.0,12.0,,0.0,-71.5,/SNS/CNCS/IPTS-37274/nexus/CNCS_664217.nxs.h5
664216,108367,YbZn2GaO5,"YZGO, MAG9, Ei=12meV, T=cooling, B=0.0T w=-72.0deg",2025-10-17 19:23:33,2025-10-17 19:23:48,00:00:14,0.02,12.0,0.0,12.0,,0.0,-72.0,/SNS/CNCS/IPTS-37274/nexus/CNCS_664216.nxs.h5
664215,108367,YbZn2GaO5,"YZGO, MAG9, Ei=12meV, T=cooling, B=0.0T w=-72.5deg",2025-10-17 19:23:15,2025-10-17 19:23:29,00:00:14,0.02,12.0,0.0,12.0,,0.0,-72.5,/SNS/CNCS/IPTS-37274/nexus/CNCS_664215.nxs.h5
664214,108367,YbZn2GaO5,"YZGO, MAG9, Ei=12meV, T=cooling, B=0.0T w=-73.0deg",2025-10-17 19:22:57,2025-10-17 19:23:11,00:00:14,0.02,12.0,0.0,12.0,,0.0,-73.0,/SNS/CNCS/IPTS-37274/nexus/CNCS_664214.nxs.h5
664213,108367,YbZn2GaO5,"YZGO, MAG9, Ei=12meV, T=cooling, B=0.0T w=-73.5deg",2025-10-17 19:22:38,2025-10-17 19:22:53,00:00:14,0.02,12.0,0.0,12.0,,0.0,-73.5,/SNS/CNCS/IPTS-37274/nexus/CNCS_664213.nxs.h5
664212,108367,YbZn2GaO5,"YZGO, MAG9, Ei=12meV, T=cooling, B=0.0T w=-74.0deg",2025-10-17 19:22:20,2025-10-17 19:22:35,00:00:14,0.02,12.0,0.0,12.0,,0.0,-74.0,/SNS/CNCS/IPTS-37274/nexus/CNCS_664212.nxs.h5
664211,108367,YbZn2GaO5,"YZGO, MAG9, Ei=12meV, T=cooling, B=0.0T w=-74.5deg",2025-10-17 19:22:02,2025-10-17 19:22:17,00:00:14,0.02,12.0,0.0,12.0,,0.0,-74.5,/SNS/CNCS/IPTS-37274/nexus/CNCS_664211.nxs.h5
664210,108367,YbZn2GaO5,"YZGO, MAG9, Ei=12meV, T=cooling, B=0.0T w=-75.0deg",2025-10-17 19:21:44,2025-10-17 19:21:58,00:00:14,0.02,12.0,0.0,12.0,,0.0,-75.0,/SNS/CNCS/IPTS-37274/nexus/CNCS_664210.nxs.h5
664209,108367,YbZn2GaO5,"YZGO, MAG9, Ei=12meV, T=cooling, B=0.0T w=-75.5deg",2025-10-17 19:21:26,2025-10-17 19:21:40,00:00:14,0.02,12.0,0.0,12.0,,0.0,-75.5,/SNS/CNCS/IPTS-37274/nexus/CNCS_664209.nxs.h5
664208,108367,YbZn2GaO5,"YZGO, MAG9, Ei=12meV, T=cooling, B=0.0T w=-76.0deg",2025-10-17 19:21:07,2025-10-17 19:21:22,00:00:14,0.02,12.0,0.0,12.0,,0.0,-76.0,/SNS/CNCS/IPTS-37274/nexus/CNCS_664208.nxs.h5
664207,108367,YbZn2GaO5,"YZGO, MAG9, Ei=12meV, T=cooling, B=0.0T w=-76.5deg",2025-10-17 19:20:49,2025-10-17 19:21:04,00:00:14,0.02,12.0,0.0,12.0,,0.0,-76.5,/SNS/CNCS/IPTS-37274/nexus/CNCS_664207.nxs.h5
664206,108367,YbZn2GaO5,"YZGO, MAG9, Ei=12meV, T=cooling, B=0.0T w=-77.0deg",2025-10-17 19:20:31,2025-10-17 19:20:46,00:00:14,0.02,12.0,0.0,12.0,,0.0,-77.0,/SNS/CNCS/IPTS-37274/nexus/CNCS_664206.nxs.h5
664205,108367,YbZn2GaO5,"YZGO, MAG9, Ei=12meV, T=cooling, B=0.0T w=-77.5deg",2025-10-17 19:20:13,2025-10-17 19:20:27,00:00:14,0.02,12.0,0.0,12.0,,0.0,-77.5,/SNS/CNCS/IPTS-37274/nexus/CNCS_664205.nxs.h5
664204,108367,YbZn2GaO5,"YZGO, MAG9, Ei=12meV, T=cooling, B=0.0T w=-78.0deg",2025-10-17 19:19:55,2025-10-17 19:20:09,00:00:14,0.02,12.0,0.0,12.0,,0.0,-78.0,/SNS/CNCS/IPTS-37274/nexus/CNCS_664204.nxs.h5
664203,108367,YbZn2GaO5,"YZGO, MAG9, Ei=12meV, T=cooling, B=0.0T w=-78.5deg",2025-10-17 19:19:37,2025-10-17 19:19:51,00:00:14,0.02,12.0,0.0,12.0,,0.0,-78.5,/SNS/CNCS/IPTS-37274/nexus/CNCS_664203.nxs.h5
664202,108367,YbZn2GaO5,"YZGO, MAG9, Ei=12meV, T=cooling, B=0.0T w=-79.0deg",2025-10-17 19:19:18,2025-10-17 19:19:33,00:00:14,0.02,12.0,0.0,12.0,,0.0,-79.0,/SNS/CNCS/IPTS-37274/nexus/CNCS_664202.nxs.h5
664201,108367,YbZn2GaO5,"YZGO, MAG9, Ei=12meV, T=cooling, B=0.0T w=-79.5deg",2025-10-17 19:19:00,2025-10-17 19:19:15,00:00:14,0.02,12.0,0.0,12.0,,0.0,-79.5,/SNS/CNCS/IPTS-37274/nexus/CNCS_664201.nxs.h5
664200,108367,YbZn2GaO5,"YZGO, MAG9, Ei=12meV, T=cooling, B=0.0T w=-80.0deg",2025-10-17 19:18:42,2025-10-17 19:18:57,00:00:14,0.02,12.0,0.0,12.0,,0.0,-80.0,/SNS/CNCS/IPTS-37274/nexus/CNCS_664200.nxs.h5
664199,108367,YbZn2GaO5,"YZGO, MAG9, Ei=12meV, T=cooling, B=0.0T w=-80.5deg",2025-10-17 19:18:24,2025-10-17 19:18:38,00:00:14,0.02,12.0,0.0,12.0,,0.0,-80.5,/SNS/CNCS/IPTS-37274/nexus/CNCS_664199.nxs.h5
664198,108367,YbZn2GaO5,"YZGO, MAG9, Ei=12meV, T=cooling, B=0.0T w=-81.0deg",2025-10-17 19:18:06,2025-10-17 19:18:20,00:00:14,0.02,12.0,0.0,12.0,,0.0,-81.0,/SNS/CNCS/IPTS-37274/nexus/CNCS_664198.nxs.h5
664197,108367,YbZn2GaO5,"YZGO, MAG9, Ei=12meV, T=cooling, B=0.0T w=-81.5deg",2025-10-17 19:17:47,2025-10-17 19:18:02,00:00:14,0.02,12.0,0.0,12.0,,0.0,-81.5,/SNS/CNCS/IPTS-37274/nexus/CNCS_664197.nxs.h5
664196,108367,YbZn2GaO5,"YZGO, MAG9, Ei=12meV, T=cooling, B=0.0T w=-82.0deg",2025-10-17 19:17:29,2025-10-17 19:17:44,00:00:14,0.02,12.0,0.0,12.0,,0.0,-82.0,/SNS/CNCS/IPTS-37274/nexus/CNCS_664196.nxs.h5
664195,108367,YbZn2GaO5,"YZGO, MAG9, Ei=12meV, T=cooling, B=0.0T w=-82.5deg",2025-10-17 19:17:11,2025-10-17 19:17:26,00:00:14,0.02,12.0,0.0,12.0,,0.0,-82.5,/SNS/CNCS/IPTS-37274/nexus/CNCS_664195.nxs.h5
664194,108367,YbZn2GaO5,"YZGO, MAG9, Ei=12meV, T=cooling, B=0.0T w=-83.0deg",2025-10-17 19:16:53,2025-10-17 19:17:07,00:00:14,0.02,12.0,0.0,12.0,,0.0,-83.0,/SNS/CNCS/IPTS-37274/nexus/CNCS_664194.nxs.h5
664193,108367,YbZn2GaO5,"YZGO, MAG9, Ei=12meV, T=cooling, B=0.0T w=-83.5deg",2025-10-17 19:16:34,2025-10-17 19:16:49,00:00:14,0.02,12.0,0.0,12.0,,0.0,-83.5,/SNS/CNCS/IPTS-37274/nexus/CNCS_664193.nxs.h5
664192,108367,YbZn2GaO5,"YZGO, MAG9, Ei=12meV, T=cooling, B=0.0T w=-84.0deg",2025-10-17 19:16:16,2025-10-17 19:16:31,00:00:14,0.02,12.0,0.0,12.0,,0.0,-84.0,/SNS/CNCS/IPTS-37274/nexus/CNCS_664192.nxs.h5
664191,108367,YbZn2GaO5,"YZGO, MAG9, Ei=12meV, T=cooling, B=0.0T w=-84.5deg",2025-10-17 19:15:58,2025-10-17 19:16:13,00:00:14,0.02,12.0,0.0,12.0,,0.0,-84.5,/SNS/CNCS/IPTS-37274/nexus/CNCS_664191.nxs.h5
664190,108367,YbZn2GaO5,"YZGO, MAG9, Ei=12meV, T=cooling, B=0.0T w=-85.0deg",2025-10-17 19:15:40,2025-10-17 19:15:55,00:00:14,0.02,12.0,0.0,12.0,,0.0,-85.0,/SNS/CNCS/IPTS-37274/nexus/CNCS_664190.nxs.h5
664189,108367,YbZn2GaO5,"YZGO, MAG9, Ei=12meV, T=cooling, B=0.0T w=-85.5deg",2025-10-17 19:15:22,2025-10-17 19:15:36,00:00:14,0.02,12.0,0.0,12.0,,0.0,-85.5,/SNS/CNCS/IPTS-37274/nexus/CNCS_664189.nxs.h5
664188,108367,YbZn2GaO5,"YZGO, MAG9, Ei=12meV, T=cooling, B=0.0T w=-86.0deg",2025-10-17 19:15:04,2025-10-17 19:15:18,00:00:14,0.02,12.0,0.0,12.0,,0.0,-86.0,/SNS/CNCS/IPTS-37274/nexus/CNCS_664188.nxs.h5
664187,108367,YbZn2GaO5,"YZGO, MAG9, Ei=12meV, T=cooling, B=0.0T w=-86.5deg",2025-10-17 19:14:45,2025-10-17 19:15:00,00:00:14,0.02,12.0,0.0,12.0,,0.0,-86.5,/SNS/CNCS/IPTS-37274/nexus/CNCS_664187.nxs.h5
664186,108367,YbZn2GaO5,"YZGO, MAG9, Ei=12meV, T=cooling, B=0.0T w=-87.0deg",2025-10-17 19:14:27,2025-10-17 19:14:42,00:00:14,0.02,12.0,0.0,12.0,,0.0,-87.0,/SNS/CNCS/IPTS-37274/nexus/CNCS_664186.nxs.h5
664185,108367,YbZn2GaO5,"YZGO, MAG9, Ei=12meV, T=cooling, B=0.0T w=-87.5deg",2025-10-17 19:14:09,2025-10-17 19:14:24,00:00:14,0.02,12.0,0.0,12.0,,0.0,-87.5,/SNS/CNCS/IPTS-37274/nexus/CNCS_664185.nxs.h5
664184,108367,YbZn2GaO5,"YZGO, MAG9, Ei=12meV, T=cooling, B=0.0T w=-88.0deg",2025-10-17 19:13:51,2025-10-17 19:14:06,00:00:14,0.02,12.0,0.0,12.0,,0.0,-88.0,/SNS/CNCS/IPTS-37274/nexus/CNCS_664184.nxs.h5
664183,108367,YbZn2GaO5,"YZGO, MAG9, Ei=12meV, T=cooling, B=0.0T w=-88.5deg",2025-10-17 19:13:33,2025-10-17 19:13:47,00:00:14,0.02,12.0,0.0,12.0,,0.0,-88.5,/SNS/CNCS/IPTS-37274/nexus/CNCS_664183.nxs.h5
664182,108367,YbZn2GaO5,"YZGO, MAG9, Ei=12meV, T=cooling, B=0.0T w=-89.0deg",2025-10-17 19:13:14,2025-10-17 19:13:29,00:00:14,0.02,12.0,0.0,12.0,,0.0,-89.0,/SNS/CNCS/IPTS-37274/nexus/CNCS_664182.nxs.h5
664181,108367,YbZn2GaO5,"YZGO, MAG9, Ei=12meV, T=cooling, B=0.0T w=-89.5deg",2025-10-17 19:12:56,2025-10-17 19:13:11,00:00:14,0.02,12.0,0.0,12.0,,0.0,-89.5,/SNS/CNCS/IPTS-37274/nexus/CNCS_664181.nxs.h5
664180,108367,YbZn2GaO5,"YZGO, MAG9, Ei=12meV, T=cooling, B=0.0T w=-90.0deg",2025-10-17 19:12:38,2025-10-17 19:12:53,00:00:14,0.02,12.0,0.0,12.0,,0.0,-90.0,/SNS/CNCS/IPTS-37274/nexus/CNCS_664180.nxs.h5
664179,108367,YbZn2GaO5,"YZGO, MAG9, Ei=12meV, T=cooling, B=0.0T w=-90.5deg",2025-10-17 19:12:20,2025-10-17 19:12:35,00:00:14,0.02,12.0,0.0,12.0,,0.0,-90.5,/SNS/CNCS/IPTS-37274/nexus/CNCS_664179.nxs.h5
664178,108367,YbZn2GaO5,"YZGO, MAG9, Ei=12meV, T=cooling, B=0.0T w=-91.0deg",2025-10-17 19:12:02,2025-10-17 19:12:16,00:00:14,0.02,12.0,0.0,12.0,,0.0,-91.0,/SNS/CNCS/IPTS-37274/nexus/CNCS_664178.nxs.h5
664177,108367,YbZn2GaO5,"YZGO, MAG9, Ei=12meV, T=cooling, B=0.0T w=-91.5deg",2025-10-17 19:11:43,2025-10-17 19:11:58,00:00:14,0.02,12.0,0.0,12.0,,0.0,-91.5,/SNS/CNCS/IPTS-37274/nexus/CNCS_664177.nxs.h5
664176,108367,YbZn2GaO5,"YZGO, MAG9, Ei=12meV, T=cooling, B=0.0T w=-92.0deg",2025-10-17 19:11:25,2025-10-17 19:11:40,00:00:14,0.02,12.0,0.0,12.0,,0.0,-92.0,/SNS/CNCS/IPTS-37274/nexus/CNCS_664176.nxs.h5
664175,108367,YbZn2GaO5,"YZGO, MAG9, Ei=12meV, T=cooling, B=0.0T w=-92.5deg",2025-10-17 19:11:07,2025-10-17 19:11:22,00:00:14,0.02,12.0,0.0,12.0,,0.0,-92.5,/SNS/CNCS/IPTS-37274/nexus/CNCS_664175.nxs.h5
664174,108367,YbZn2GaO5,"YZGO, MAG9, Ei=12meV, T=cooling, B=0.0T w=-93.0deg",2025-10-17 19:10:49,2025-10-17 19:11:04,00:00:14,0.02,12.0,0.0,12.0,,0.0,-93.0,/SNS/CNCS/IPTS-37274/nexus/CNCS_664174.nxs.h5
664173,108367,YbZn2GaO5,"YZGO, MAG9, Ei=12meV, T=cooling, B=0.0T w=-93.5deg",2025-10-17 19:09:58,2025-10-17 19:10:45,00:00:47,0.02,12.0,0.0,12.0,,0.0,-93.5,/SNS/CNCS/IPTS-37274/nexus/CNCS_664173.nxs.h5
664172,108367,YbZn2GaO5,"YZGO, MAG9, Ei=12meV, T=cooling, B=0.0T w=-94.0deg",2025-10-17 19:09:40,2025-10-17 19:09:55,00:00:14,0.02,12.0,0.0,12.0,,0.0,-94.0,/SNS/CNCS/IPTS-37274/nexus/CNCS_664172.nxs.h5
664171,108367,YbZn2GaO5,"YZGO, MAG9, Ei=12meV, T=cooling, B=0.0T w=-94.5deg",2025-10-17 19:09:22,2025-10-17 19:09:36,00:00:14,0.02,12.0,0.0,12.0,,0.0,-94.5,/SNS/CNCS/IPTS-37274/nexus/CNCS_664171.nxs.h5
664170,108367,YbZn2GaO5,"YZGO, MAG9, Ei=12meV, T=cooling, B=0.0T w=-95.0deg",2025-10-17 19:09:04,2025-10-17 19:09:18,00:00:14,0.02,12.0,0.0,12.0,,0.0,-95.0,/SNS/CNCS/IPTS-37274/nexus/CNCS_664170.nxs.h5
664169,108367,YbZn2GaO5,"YZGO, MAG9, Ei=12meV, T=cooling, B=0.0T w=-95.5deg",2025-10-17 19:08:45,2025-10-17 19:09:00,00:00:14,0.02,12.0,0.0,12.0,,0.0,-95.5,/SNS/CNCS/IPTS-37274/nexus/CNCS_664169.nxs.h5
664168,108367,YbZn2GaO5,"YZGO, MAG9, Ei=12meV, T=cooling, B=0.0T w=-96.0deg",2025-10-17 19:08:27,2025-10-17 19:08:42,00:00:14,0.02,12.0,0.0,12.0,,0.0,-96.0,/SNS/CNCS/IPTS-37274/nexus/CNCS_664168.nxs.h5
664167,108367,YbZn2GaO5,"YZGO, MAG9, Ei=12meV, T=cooling, B=0.0T w=-96.5deg",2025-10-17 19:08:09,2025-10-17 19:08:24,00:00:14,0.02,12.0,0.0,12.0,,0.0,-96.5,/SNS/CNCS/IPTS-37274/nexus/CNCS_664167.nxs.h5
664166,108367,YbZn2GaO5,"YZGO, MAG9, Ei=12meV, T=cooling, B=0.0T w=-97.0deg",2025-10-17 19:07:51,2025-10-17 19:08:06,00:00:14,0.02,12.0,0.0,12.0,,0.0,-97.0,/SNS/CNCS/IPTS-37274/nexus/CNCS_664166.nxs.h5
664165,108367,YbZn2GaO5,"YZGO, MAG9, Ei=12meV, T=cooling, B=0.0T w=-97.5deg",2025-10-17 19:07:33,2025-10-17 19:07:47,00:00:14,0.02,12.0,0.0,12.0,,0.0,-97.5,/SNS/CNCS/IPTS-37274/nexus/CNCS_664165.nxs.h5
664164,108367,YbZn2GaO5,"YZGO, MAG9, Ei=12meV, T=cooling, B=0.0T w=-98.0deg",2025-10-17 19:07:15,2025-10-17 19:07:29,00:00:14,0.02,12.0,0.0,12.0,,0.0,-98.0,/SNS/CNCS/IPTS-37274/nexus/CNCS_664164.nxs.h5
664163,108367,YbZn2GaO5,"YZGO, MAG9, Ei=12meV, T=cooling, B=0.0T w=-98.5deg",2025-10-17 19:06:56,2025-10-17 19:07:11,00:00:14,0.02,12.0,0.0,12.0,,0.0,-98.5,/SNS/CNCS/IPTS-37274/nexus/CNCS_664163.nxs.h5
664162,108367,YbZn2GaO5,"YZGO, MAG9, Ei=12meV, T=cooling, B=0.0T w=-99.0deg",2025-10-17 19:06:38,2025-10-17 19:06:53,00:00:14,0.02,12.0,0.0,12.0,,0.0,-99.0,/SNS/CNCS/IPTS-37274/nexus/CNCS_664162.nxs.h5
664161,108367,YbZn2GaO5,"YZGO, MAG9, Ei=12meV, T=cooling, B=0.0T w=-99.5deg",2025-10-17 19:06:20,2025-10-17 19:06:35,00:00:14,0.02,12.0,0.0,12.0,,0.0,-99.5,/SNS/CNCS/IPTS-37274/nexus/CNCS_664161.nxs.h5
664160,108367,YbZn2GaO5,"YZGO, MAG9, Ei=12meV, T=cooling, B=0.0T w=-100.0deg",2025-10-17 19:06:02,2025-10-17 19:06:16,00:00:14,0.02,12.0,0.0,12.0,,0.0,-100.0,/SNS/CNCS/IPTS-37274/nexus/CNCS_664160.nxs.h5
664159,108367,YbZn2GaO5,"YZGO, MAG9, Ei=12meV, T=cooling, B=0.0T w=-100.5deg",2025-10-17 19:05:44,2025-10-17 19:05:58,00:00:14,0.02,12.0,0.0,12.0,,0.0,-100.5,/SNS/CNCS/IPTS-37274/nexus/CNCS_664159.nxs.h5
664158,108367,YbZn2GaO5,"YZGO, MAG9, Ei=12meV, T=cooling, B=0.0T w=-101.0deg",2025-10-17 19:05:25,2025-10-17 19:05:40,00:00:14,0.02,12.0,0.0,12.0,,0.0,-101.0,/SNS/CNCS/IPTS-37274/nexus/CNCS_664158.nxs.h5
664157,108367,YbZn2GaO5,"YZGO, MAG9, Ei=12meV, T=cooling, B=0.0T w=-101.5deg",2025-10-17 19:05:07,2025-10-17 19:05:22,00:00:14,0.02,12.0,0.0,12.0,,0.0,-101.5,/SNS/CNCS/IPTS-37274/nexus/CNCS_664157.nxs.h5
664156,108367,YbZn2GaO5,"YZGO, MAG9, Ei=12meV, T=cooling, B=0.0T w=-102.0deg",2025-10-17 19:04:49,2025-10-17 19:05:04,00:00:14,0.02,12.0,0.0,12.0,,0.0,-102.0,/SNS/CNCS/IPTS-37274/nexus/CNCS_664156.nxs.h5
664155,108367,YbZn2GaO5,"YZGO, MAG9, Ei=12meV, T=cooling, B=0.0T w=-102.5deg",2025-10-17 19:04:31,2025-10-17 19:04:45,00:00:14,0.02,12.0,0.0,12.0,,0.0,-102.5,/SNS/CNCS/IPTS-37274/nexus/CNCS_664155.nxs.h5
664154,108367,YbZn2GaO5,"YZGO, MAG9, Ei=12meV, T=cooling, B=0.0T w=-103.0deg",2025-10-17 19:04:13,2025-10-17 19:04:27,00:00:14,0.02,12.0,0.0,12.0,,0.0,-103.0,/SNS/CNCS/IPTS-37274/nexus/CNCS_664154.nxs.h5
664153,108367,YbZn2GaO5,"YZGO, MAG9, Ei=12meV, T=cooling, B=0.0T w=-103.5deg",2025-10-17 19:03:54,2025-10-17 19:04:09,00:00:14,0.02,12.0,0.0,12.0,,0.0,-103.5,/SNS/CNCS/IPTS-37274/nexus/CNCS_664153.nxs.h5
664152,108367,YbZn2GaO5,"YZGO, MAG9, Ei=12meV, T=cooling, B=0.0T w=-104.0deg",2025-10-17 19:03:36,2025-10-17 19:03:51,00:00:14,0.02,12.0,0.0,12.0,,0.0,-104.0,/SNS/CNCS/IPTS-37274/nexus/CNCS_664152.nxs.h5
664151,108367,YbZn2GaO5,"YZGO, MAG9, Ei=12meV, T=cooling, B=0.0T w=-104.5deg",2025-10-17 19:03:18,2025-10-17 19:03:33,00:00:14,0.02,12.0,0.0,12.0,,0.0,-104.5,/SNS/CNCS/IPTS-37274/nexus/CNCS_664151.nxs.h5
664150,108367,YbZn2GaO5,"YZGO, MAG9, Ei=12meV, T=cooling, B=0.0T w=-105.0deg",2025-10-17 19:03:00,2025-10-17 19:03:14,00:00:14,0.02,12.0,0.0,12.0,,0.0,-105.0,/SNS/CNCS/IPTS-37274/nexus/CNCS_664150.nxs.h5
664149,108367,YbZn2GaO5,"YZGO, MAG9, Ei=12meV, T=cooling, B=0.0T w=-105.5deg",2025-10-17 19:02:42,2025-10-17 19:02:56,00:00:14,0.02,12.0,0.0,12.0,,0.0,-105.5,/SNS/CNCS/IPTS-37274/nexus/CNCS_664149.nxs.h5
664148,108367,YbZn2GaO5,"YZGO, MAG9, Ei=12meV, T=cooling, B=0.0T w=-106.0deg",2025-10-17 19:02:23,2025-10-17 19:02:38,00:00:14,0.02,12.0,0.0,12.0,,0.0,-106.0,/SNS/CNCS/IPTS-37274/nexus/CNCS_664148.nxs.h5
664147,108367,YbZn2GaO5,"YZGO, MAG9, Ei=12meV, T=cooling, B=0.0T w=-106.5deg",2025-10-17 19:02:05,2025-10-17 19:02:20,00:00:14,0.02,12.0,0.0,12.0,,0.0,-106.5,/SNS/CNCS/IPTS-37274/nexus/CNCS_664147.nxs.h5
664146,108367,YbZn2GaO5,"YZGO, MAG9, Ei=12meV, T=cooling, B=0.0T w=-107.0deg",2025-10-17 19:01:47,2025-10-17 19:02:02,00:00:14,0.02,12.0,0.0,12.0,,0.0,-107.0,/SNS/CNCS/IPTS-37274/nexus/CNCS_664146.nxs.h5
664145,108367,YbZn2GaO5,"YZGO, MAG9, Ei=12meV, T=cooling, B=0.0T w=-107.5deg",2025-10-17 19:01:29,2025-10-17 19:01:44,00:00:14,0.02,12.0,0.0,12.0,,0.0,-107.5,/SNS/CNCS/IPTS-37274/nexus/CNCS_664145.nxs.h5
664144,108367,YbZn2GaO5,"YZGO, MAG9, Ei=12meV, T=cooling, B=0.0T w=-108.0deg",2025-10-17 19:01:11,2025-10-17 19:01:25,00:00:14,0.02,12.0,0.0,12.0,,0.0,-108.0,/SNS/CNCS/IPTS-37274/nexus/CNCS_664144.nxs.h5
664143,108367,YbZn2GaO5,"YZGO, MAG9, Ei=12meV, T=cooling, B=0.0T w=-108.5deg",2025-10-17 19:00:52,2025-10-17 19:01:07,00:00:14,0.02,12.0,0.0,12.0,,0.0,-108.5,/SNS/CNCS/IPTS-37274/nexus/CNCS_664143.nxs.h5
664142,108367,YbZn2GaO5,"YZGO, MAG9, Ei=12meV, T=cooling, B=0.0T w=-109.0deg",2025-10-17 19:00:34,2025-10-17 19:00:49,00:00:14,0.02,12.0,0.0,12.0,,0.0,-109.0,/SNS/CNCS/IPTS-37274/nexus/CNCS_664142.nxs.h5
664141,108367,YbZn2GaO5,"YZGO, MAG9, Ei=12meV, T=cooling, B=0.0T w=-109.5deg",2025-10-17 19:00:16,2025-10-17 19:00:31,00:00:14,0.02,12.0,0.0,12.0,,0.0,-109.5,/SNS/CNCS/IPTS-37274/nexus/CNCS_664141.nxs.h5
664140,108367,YbZn2GaO5,"YZGO, MAG9, Ei=12meV, T=cooling, B=0.0T w=-110.0deg",2025-10-17 18:59:58,2025-10-17 19:00:13,00:00:14,0.02,12.0,0.0,12.0,,0.0,-110.0,/SNS/CNCS/IPTS-37274/nexus/CNCS_664140.nxs.h5
664139,108367,YbZn2GaO5,"YZGO, MAG9, Ei=12meV, T=cooling, B=0.0T w=-110.5deg",2025-10-17 18:59:40,2025-10-17 18:59:54,00:00:14,0.02,12.0,0.0,12.0,,0.0,-110.5,/SNS/CNCS/IPTS-37274/nexus/CNCS_664139.nxs.h5
664138,108367,YbZn2GaO5,"YZGO, MAG9, Ei=12meV, T=cooling, B=0.0T w=-111.0deg",2025-10-17 18:59:22,2025-10-17 18:59:36,00:00:14,0.02,12.0,0.0,12.0,,0.0,-111.0,/SNS/CNCS/IPTS-37274/nexus/CNCS_664138.nxs.h5
664137,108367,YbZn2GaO5,"YZGO, MAG9, Ei=12meV, T=cooling, B=0.0T w=-111.5deg",2025-10-17 18:59:03,2025-10-17 18:59:18,00:00:14,0.02,12.0,0.0,12.0,,0.0,-111.5,/SNS/CNCS/IPTS-37274/nexus/CNCS_664137.nxs.h5
664136,108367,YbZn2GaO5,"YZGO, MAG9, Ei=12meV, T=cooling, B=0.0T w=-112.0deg",2025-10-17 18:58:45,2025-10-17 18:59:00,00:00:14,0.02,12.0,0.0,12.0,,0.0,-112.0,/SNS/CNCS/IPTS-37274/nexus/CNCS_664136.nxs.h5
664135,108367,YbZn2GaO5,"YZGO, MAG9, Ei=12meV, T=cooling, B=0.0T w=-112.5deg",2025-10-17 18:58:27,2025-10-17 18:58:42,00:00:14,0.02,12.0,0.0,12.0,,0.0,-112.5,/SNS/CNCS/IPTS-37274/nexus/CNCS_664135.nxs.h5
664134,108367,YbZn2GaO5,"YZGO, MAG9, Ei=12meV, T=cooling, B=0.0T w=-113.0deg",2025-10-17 18:58:09,2025-10-17 18:58:23,00:00:14,0.02,12.0,0.0,12.0,,0.0,-113.0,/SNS/CNCS/IPTS-37274/nexus/CNCS_664134.nxs.h5
664133,108367,YbZn2GaO5,"YZGO, MAG9, Ei=12meV, T=cooling, B=0.0T w=-113.5deg",2025-10-17 18:57:51,2025-10-17 18:58:05,00:00:14,0.02,12.0,0.0,12.0,,0.0,-113.5,/SNS/CNCS/IPTS-37274/nexus/CNCS_664133.nxs.h5
664132,108367,YbZn2GaO5,"YZGO, MAG9, Ei=12meV, T=cooling, B=0.0T w=-114.0deg",2025-10-17 18:57:32,2025-10-17 18:57:47,00:00:14,0.02,12.0,0.0,12.0,,0.0,-114.0,/SNS/CNCS/IPTS-37274/nexus/CNCS_664132.nxs.h5
664131,108367,YbZn2GaO5,"YZGO, MAG9, Ei=12meV, T=cooling, B=0.0T w=-114.5deg",2025-10-17 18:57:14,2025-10-17 18:57:29,00:00:14,0.02,12.0,0.0,12.0,,0.0,-114.5,/SNS/CNCS/IPTS-37274/nexus/CNCS_664131.nxs.h5
664130,108367,YbZn2GaO5,"YZGO, MAG9, Ei=12meV, T=cooling, B=0.0T w=-115.0deg",2025-10-17 18:56:56,2025-10-17 18:57:11,00:00:14,0.02,12.0,0.0,12.0,,0.0,-115.0,/SNS/CNCS/IPTS-37274/nexus/CNCS_664130.nxs.h5
664129,108367,YbZn2GaO5,"YZGO, MAG9, Ei=12meV, T=cooling, B=0.0T w=-115.5deg",2025-10-17 18:56:38,2025-10-17 18:56:52,00:00:14,0.02,12.0,0.0,12.0,,0.0,-115.5,/SNS/CNCS/IPTS-37274/nexus/CNCS_664129.nxs.h5
664128,108367,YbZn2GaO5,"YZGO, MAG9, Ei=12meV, T=cooling, B=0.0T w=-116.0deg",2025-10-17 18:56:20,2025-10-17 18:56:34,00:00:14,0.02,12.0,0.0,12.0,,0.0,-116.0,/SNS/CNCS/IPTS-37274/nexus/CNCS_664128.nxs.h5
664127,108367,YbZn2GaO5,"YZGO, MAG9, Ei=12meV, T=cooling, B=0.0T w=-116.5deg",2025-10-17 18:56:01,2025-10-17 18:56:16,00:00:14,0.02,12.0,0.0,12.0,,0.0,-116.5,/SNS/CNCS/IPTS-37274/nexus/CNCS_664127.nxs.h5
664126,108367,YbZn2GaO5,"YZGO, MAG9, Ei=12meV, T=cooling, B=0.0T w=-117.0deg",2025-10-17 18:55:43,2025-10-17 18:55:58,00:00:14,0.02,12.0,0.0,12.0,,0.0,-117.0,/SNS/CNCS/IPTS-37274/nexus/CNCS_664126.nxs.h5
664125,108367,YbZn2GaO5,"YZGO, MAG9, Ei=12meV, T=cooling, B=0.0T w=-117.5deg",2025-10-17 18:55:25,2025-10-17 18:55:40,00:00:14,0.02,12.0,0.0,12.0,,0.0,-117.5,/SNS/CNCS/IPTS-37274/nexus/CNCS_664125.nxs.h5
664124,108367,YbZn2GaO5,"YZGO, MAG9, Ei=12meV, T=cooling, B=0.0T w=-118.0deg",2025-10-17 18:55:07,2025-10-17 18:55:22,00:00:14,0.02,12.0,0.0,12.0,,0.0,-118.0,/SNS/CNCS/IPTS-37274/nexus/CNCS_664124.nxs.h5
664123,108367,YbZn2GaO5,"YZGO, MAG9, Ei=12meV, T=cooling, B=0.0T w=-118.5deg",2025-10-17 18:54:49,2025-10-17 18:55:03,00:00:14,0.02,12.0,0.0,12.0,,0.0,-118.5,/SNS/CNCS/IPTS-37274/nexus/CNCS_664123.nxs.h5
664122,108367,YbZn2GaO5,"YZGO, MAG9, Ei=12meV, T=cooling, B=0.0T w=-119.0deg",2025-10-17 18:54:31,2025-10-17 18:54:45,00:00:14,0.02,12.0,0.0,12.0,,0.0,-119.0,/SNS/CNCS/IPTS-37274/nexus/CNCS_664122.nxs.h5
664121,108367,YbZn2GaO5,"YZGO, MAG9, Ei=12meV, T=cooling, B=0.0T w=-119.5deg",2025-10-17 18:54:12,2025-10-17 18:54:27,00:00:14,0.02,12.0,0.0,12.0,,0.0,-119.5,/SNS/CNCS/IPTS-37274/nexus/CNCS_664121.nxs.h5
664120,108367,YbZn2GaO5,"YZGO, MAG9, Ei=12meV, T=cooling, B=0.0T w=-120.0deg",2025-10-17 18:53:54,2025-10-17 18:54:09,00:00:14,0.02,12.0,0.0,12.0,,0.0,-120.0,/SNS/CNCS/IPTS-37274/nexus/CNCS_664120.nxs.h5
664119,108367,YbZn2GaO5,"YZGO, MAG9, Ei=12meV, T=cooling, B=0.0T w=-120.5deg",2025-10-17 18:53:36,2025-10-17 18:53:51,00:00:14,0.02,12.0,0.0,12.0,,0.0,-120.5,/SNS/CNCS/IPTS-37274/nexus/CNCS_664119.nxs.h5
664118,108367,YbZn2GaO5,"YZGO, MAG9, Ei=12meV, T=cooling, B=0.0T w=-121.0deg",2025-10-17 18:53:18,2025-10-17 18:53:33,00:00:14,0.02,12.0,0.0,12.0,,0.0,-121.0,/SNS/CNCS/IPTS-37274/nexus/CNCS_664118.nxs.h5
664117,108367,YbZn2GaO5,"YZGO, MAG9, Ei=12meV, T=cooling, B=0.0T w=-121.5deg",2025-10-17 18:53:00,2025-10-17 18:53:14,00:00:14,0.02,12.0,0.0,12.0,,0.0,-121.5,/SNS/CNCS/IPTS-37274/nexus/CNCS_664117.nxs.h5
664116,108367,YbZn2GaO5,"YZGO, MAG9, Ei=12meV, T=cooling, B=0.0T w=-122.0deg",2025-10-17 18:52:42,2025-10-17 18:52:56,00:00:14,0.02,12.0,0.0,12.0,,0.0,-122.0,/SNS/CNCS/IPTS-37274/nexus/CNCS_664116.nxs.h5
664115,108367,YbZn2GaO5,"YZGO, MAG9, Ei=12meV, T=cooling, B=0.0T w=-122.5deg",2025-10-17 18:52:23,2025-10-17 18:52:38,00:00:14,0.02,12.0,0.0,12.0,,0.0,-122.5,/SNS/CNCS/IPTS-37274/nexus/CNCS_664115.nxs.h5
664114,108367,YbZn2GaO5,"YZGO, MAG9, Ei=12meV, T=cooling, B=0.0T w=-123.0deg",2025-10-17 18:52:05,2025-10-17 18:52:20,00:00:14,0.02,12.0,0.0,12.0,,0.0,-123.0,/SNS/CNCS/IPTS-37274/nexus/CNCS_664114.nxs.h5
664113,108367,YbZn2GaO5,"YZGO, MAG9, Ei=12meV, T=cooling, B=0.0T w=-123.5deg",2025-10-17 18:51:47,2025-10-17 18:52:02,00:00:14,0.02,12.0,0.0,12.0,,0.0,-123.5,/SNS/CNCS/IPTS-37274/nexus/CNCS_664113.nxs.h5
664112,108367,YbZn2GaO5,"YZGO, MAG9, Ei=12meV, T=cooling, B=0.0T w=-124.0deg",2025-10-17 18:51:29,2025-10-17 18:51:43,00:00:14,0.02,12.0,0.0,12.0,,0.0,-124.0,/SNS/CNCS/IPTS-37274/nexus/CNCS_664112.nxs.h5
664111,108367,YbZn2GaO5,"YZGO, MAG9, Ei=12meV, T=cooling, B=0.0T w=-124.5deg",2025-10-17 18:51:11,2025-10-17 18:51:25,00:00:14,0.02,12.0,0.0,12.0,,0.0,-124.5,/SNS/CNCS/IPTS-37274/nexus/CNCS_664111.nxs.h5
664110,108367,YbZn2GaO5,"YZGO, MAG9, Ei=12meV, T=cooling, B=0.0T w=-125.0deg",2025-10-17 18:50:52,2025-10-17 18:51:07,00:00:14,0.02,12.0,0.0,12.0,,0.0,-125.0,/SNS/CNCS/IPTS-37274/nexus/CNCS_664110.nxs.h5
664109,108367,YbZn2GaO5,"YZGO, MAG9, Ei=12meV, T=cooling, B=0.0T w=-125.5deg",2025-10-17 18:50:34,2025-10-17 18:50:49,00:00:14,0.02,12.0,0.0,12.0,,0.0,-125.5,/SNS/CNCS/IPTS-37274/nexus/CNCS_664109.nxs.h5
664108,108367,YbZn2GaO5,"YZGO, MAG9, Ei=12meV, T=cooling, B=0.0T w=-126.0deg",2025-10-17 18:50:16,2025-10-17 18:50:31,00:00:14,0.02,12.0,0.0,12.0,,0.0,-126.0,/SNS/CNCS/IPTS-37274/nexus/CNCS_664108.nxs.h5
664107,108367,YbZn2GaO5,"YZGO, MAG9, Ei=12meV, T=cooling, B=0.0T w=-126.5deg",2025-10-17 18:49:58,2025-10-17 18:50:13,00:00:14,0.02,12.0,0.0,12.0,,0.0,-126.5,/SNS/CNCS/IPTS-37274/nexus/CNCS_664107.nxs.h5
664106,108367,YbZn2GaO5,"YZGO, MAG9, Ei=12meV, T=cooling, B=0.0T w=-127.0deg",2025-10-17 18:49:40,2025-10-17 18:49:54,00:00:14,0.02,12.0,0.0,12.0,,0.0,-127.0,/SNS/CNCS/IPTS-37274/nexus/CNCS_664106.nxs.h5
664105,108367,YbZn2GaO5,"YZGO, MAG9, Ei=12meV, T=cooling, B=0.0T w=-127.5deg",2025-10-17 18:49:21,2025-10-17 18:49:36,00:00:14,0.02,12.0,0.0,12.0,,0.0,-127.5,/SNS/CNCS/IPTS-37274/nexus/CNCS_664105.nxs.h5
664104,108367,YbZn2GaO5,"YZGO, MAG9, Ei=12meV, T=cooling, B=0.0T w=-128.0deg",2025-10-17 18:49:03,2025-10-17 18:49:18,00:00:14,0.02,12.0,0.0,12.0,,0.0,-128.0,/SNS/CNCS/IPTS-37274/nexus/CNCS_664104.nxs.h5
664103,108367,YbZn2GaO5,"YZGO, MAG9, Ei=12meV, T=cooling, B=0.0T w=-128.5deg",2025-10-17 18:48:45,2025-10-17 18:49:00,00:00:14,0.02,12.0,0.0,12.0,,0.0,-128.5,/SNS/CNCS/IPTS-37274/nexus/CNCS_664103.nxs.h5
664102,108367,YbZn2GaO5,"YZGO, MAG9, Ei=12meV, T=cooling, B=0.0T w=-129.0deg",2025-10-17 18:48:27,2025-10-17 18:48:42,00:00:14,0.02,12.0,0.0,12.0,,0.0,-129.0,/SNS/CNCS/IPTS-37274/nexus/CNCS_664102.nxs.h5
664101,108367,YbZn2GaO5,"YZGO, MAG9, Ei=12meV, T=cooling, B=0.0T w=-129.5deg",2025-10-17 18:48:09,2025-10-17 18:48:23,00:00:14,0.02,12.0,0.0,12.0,,0.0,-129.5,/SNS/CNCS/IPTS-37274/nexus/CNCS_664101.nxs.h5
664100,108367,YbZn2GaO5,"YZGO, MAG9, Ei=12meV, T=cooling, B=0.0T w=-130.0deg",2025-10-17 18:47:51,2025-10-17 18:48:05,00:00:14,0.02,12.0,0.0,12.0,,0.0,-130.0,/SNS/CNCS/IPTS-37274/nexus/CNCS_664100.nxs.h5
664099,108367,YbZn2GaO5,"YZGO, MAG9, Ei=12meV, T=cooling, B=0.0T w=-130.5deg",2025-10-17 18:47:32,2025-10-17 18:47:47,00:00:14,0.02,12.0,0.0,12.0,,0.0,-130.5,/SNS/CNCS/IPTS-37274/nexus/CNCS_664099.nxs.h5
664098,108367,YbZn2GaO5,"YZGO, MAG9, Ei=12meV, T=cooling, B=0.0T w=-131.0deg",2025-10-17 18:47:14,2025-10-17 18:47:29,00:00:14,0.02,12.0,0.0,12.0,,0.0,-131.0,/SNS/CNCS/IPTS-37274/nexus/CNCS_664098.nxs.h5
664097,108367,YbZn2GaO5,"YZGO, MAG9, Ei=12meV, T=cooling, B=0.0T w=-131.5deg",2025-10-17 18:46:56,2025-10-17 18:47:11,00:00:14,0.02,12.0,0.0,12.0,,0.0,-131.5,/SNS/CNCS/IPTS-37274/nexus/CNCS_664097.nxs.h5
664096,108367,YbZn2GaO5,"YZGO, MAG9, Ei=12meV, T=cooling, B=0.0T w=-132.0deg",2025-10-17 18:46:38,2025-10-17 18:46:53,00:00:14,0.02,12.0,0.0,12.0,,0.0,-132.0,/SNS/CNCS/IPTS-37274/nexus/CNCS_664096.nxs.h5
664095,108367,YbZn2GaO5,"YZGO, MAG9, Ei=12meV, T=cooling, B=0.0T w=-132.5deg",2025-10-17 18:46:20,2025-10-17 18:46:34,00:00:14,0.02,12.0,0.0,12.0,,0.0,-132.5,/SNS/CNCS/IPTS-37274/nexus/CNCS_664095.nxs.h5
664094,108367,YbZn2GaO5,"YZGO, MAG9, Ei=12meV, T=cooling, B=0.0T w=-133.0deg",2025-10-17 18:46:02,2025-10-17 18:46:16,00:00:14,0.02,12.0,0.0,12.0,,0.0,-133.0,/SNS/CNCS/IPTS-37274/nexus/CNCS_664094.nxs.h5
664093,108367,YbZn2GaO5,"YZGO, MAG9, Ei=12meV, T=cooling, B=0.0T w=-133.5deg",2025-10-17 18:45:43,2025-10-17 18:45:58,00:00:14,0.02,12.0,0.0,12.0,,0.0,-133.5,/SNS/CNCS/IPTS-37274/nexus/CNCS_664093.nxs.h5
664092,108367,YbZn2GaO5,"YZGO, MAG9, Ei=12meV, T=cooling, B=0.0T w=-134.0deg",2025-10-17 18:45:25,2025-10-17 18:45:40,00:00:14,0.02,12.0,0.0,12.0,,0.0,-134.0,/SNS/CNCS/IPTS-37274/nexus/CNCS_664092.nxs.h5
664091,108367,YbZn2GaO5,"YZGO, MAG9, Ei=12meV, T=cooling, B=0.0T w=-134.5deg",2025-10-17 18:45:07,2025-10-17 18:45:22,00:00:14,0.02,12.0,0.0,12.0,,0.0,-134.5,/SNS/CNCS/IPTS-37274/nexus/CNCS_664091.nxs.h5
664090,108367,YbZn2GaO5,"YZGO, MAG9, Ei=12meV, T=cooling, B=0.0T w=-135.0deg",2025-10-17 18:44:49,2025-10-17 18:45:03,00:00:14,0.02,12.0,0.0,12.0,,0.0,-135.0,/SNS/CNCS/IPTS-37274/nexus/CNCS_664090.nxs.h5
664089,108367,YbZn2GaO5,"YZGO, MAG9, Ei=12meV, T=cooling, B=0.0T w=-135.5deg",2025-10-17 18:44:31,2025-10-17 18:44:45,00:00:14,0.02,12.0,0.0,12.0,,0.0,-135.5,/SNS/CNCS/IPTS-37274/nexus/CNCS_664089.nxs.h5
664088,108367,YbZn2GaO5,"YZGO, MAG9, Ei=12meV, T=cooling, B=0.0T w=-136.0deg",2025-10-17 18:44:12,2025-10-17 18:44:27,00:00:14,0.02,12.0,0.0,12.0,,0.0,-136.0,/SNS/CNCS/IPTS-37274/nexus/CNCS_664088.nxs.h5
664087,108367,YbZn2GaO5,"YZGO, MAG9, Ei=12meV, T=cooling, B=0.0T w=-136.5deg",2025-10-17 18:43:54,2025-10-17 18:44:09,00:00:14,0.02,12.0,0.0,12.0,,0.0,-136.5,/SNS/CNCS/IPTS-37274/nexus/CNCS_664087.nxs.h5
664086,108367,YbZn2GaO5,"YZGO, MAG9, Ei=12meV, T=cooling, B=0.0T w=-137.0deg",2025-10-17 18:43:36,2025-10-17 18:43:51,00:00:14,0.02,12.0,0.0,12.0,,0.0,-137.0,/SNS/CNCS/IPTS-37274/nexus/CNCS_664086.nxs.h5
664085,108367,YbZn2GaO5,"YZGO, MAG9, Ei=12meV, T=cooling, B=0.0T w=-137.5deg",2025-10-17 18:43:18,2025-10-17 18:43:33,00:00:14,0.02,12.0,0.0,12.0,,0.0,-137.5,/SNS/CNCS/IPTS-37274/nexus/CNCS_664085.nxs.h5
664084,108367,YbZn2GaO5,"YZGO, MAG9, Ei=12meV, T=cooling, B=0.0T w=-138.0deg",2025-10-17 18:43:00,2025-10-17 18:43:14,00:00:14,0.02,12.0,0.0,12.0,,0.0,-138.0,/SNS/CNCS/IPTS-37274/nexus/CNCS_664084.nxs.h5
664083,108367,YbZn2GaO5,"YZGO, MAG9, Ei=12meV, T=cooling, B=0.0T w=-138.5deg",2025-10-17 18:42:42,2025-10-17 18:42:56,00:00:14,0.02,12.0,0.0,12.0,,0.0,-138.5,/SNS/CNCS/IPTS-37274/nexus/CNCS_664083.nxs.h5
664082,108367,YbZn2GaO5,"YZGO, MAG9, Ei=12meV, T=cooling, B=0.0T w=-139.0deg",2025-10-17 18:42:23,2025-10-17 18:42:38,00:00:14,0.02,12.0,0.0,12.0,,0.0,-139.0,/SNS/CNCS/IPTS-37274/nexus/CNCS_664082.nxs.h5
664081,108367,YbZn2GaO5,"YZGO, MAG9, Ei=12meV, T=cooling, B=0.0T w=-139.5deg",2025-10-17 18:42:05,2025-10-17 18:42:20,00:00:14,0.02,12.0,0.0,12.0,,0.0,-139.5,/SNS/CNCS/IPTS-37274/nexus/CNCS_664081.nxs.h5
664080,108367,YbZn2GaO5,"YZGO, MAG9, Ei=12meV, T=cooling, B=0.0T w=-140.0deg",2025-10-17 18:41:47,2025-10-17 18:42:02,00:00:14,0.02,12.0,0.0,12.0,,0.0,-140.0,/SNS/CNCS/IPTS-37274/nexus/CNCS_664080.nxs.h5
664079,108367,YbZn2GaO5,"YZGO, MAG9, Ei=12meV, T=cooling, B=0.0T w=-140.5deg",2025-10-17 18:41:29,2025-10-17 18:41:43,00:00:14,0.02,12.0,0.0,12.0,,0.0,-140.5,/SNS/CNCS/IPTS-37274/nexus/CNCS_664079.nxs.h5
664078,108367,YbZn2GaO5,"YZGO, MAG9, Ei=12meV, T=cooling, B=0.0T w=-141.0deg",2025-10-17 18:41:11,2025-10-17 18:41:25,00:00:14,0.02,12.0,0.0,12.0,,0.0,-141.0,/SNS/CNCS/IPTS-37274/nexus/CNCS_664078.nxs.h5
664077,108367,YbZn2GaO5,"YZGO, MAG9, Ei=12meV, T=cooling, B=0.0T w=-141.5deg",2025-10-17 18:40:52,2025-10-17 18:41:07,00:00:14,0.02,12.0,0.0,12.0,,0.0,-141.5,/SNS/CNCS/IPTS-37274/nexus/CNCS_664077.nxs.h5
664076,108367,YbZn2GaO5,"YZGO, MAG9, Ei=12meV, T=cooling, B=0.0T w=-142.0deg",2025-10-17 18:40:34,2025-10-17 18:40:49,00:00:14,0.02,12.0,0.0,12.0,,0.0,-142.0,/SNS/CNCS/IPTS-37274/nexus/CNCS_664076.nxs.h5
664075,108367,YbZn2GaO5,"YZGO, MAG9, Ei=12meV, T=cooling, B=0.0T w=-142.5deg",2025-10-17 18:40:16,2025-10-17 18:40:31,00:00:14,0.02,12.0,0.0,12.0,,0.0,-142.5,/SNS/CNCS/IPTS-37274/nexus/CNCS_664075.nxs.h5
664074,108367,YbZn2GaO5,"YZGO, MAG9, Ei=12meV, T=cooling, B=0.0T w=-143.0deg",2025-10-17 18:39:58,2025-10-17 18:40:12,00:00:14,0.02,12.0,0.0,12.0,,0.0,-143.0,/SNS/CNCS/IPTS-37274/nexus/CNCS_664074.nxs.h5
664073,108367,YbZn2GaO5,"YZGO, MAG9, Ei=12meV, T=cooling, B=0.0T w=-143.5deg",2025-10-17 18:39:40,2025-10-17 18:39:54,00:00:14,0.02,12.0,0.0,12.0,,0.0,-143.5,/SNS/CNCS/IPTS-37274/nexus/CNCS_664073.nxs.h5
664072,108367,YbZn2GaO5,"YZGO, MAG9, Ei=12meV, T=cooling, B=0.0T w=-144.0deg",2025-10-17 18:39:21,2025-10-17 18:39:36,00:00:15,0.02,12.0,0.0,12.0,,0.0,-144.0,/SNS/CNCS/IPTS-37274/nexus/CNCS_664072.nxs.h5
664071,108367,YbZn2GaO5,"YZGO, MAG9, Ei=12meV, T=cooling, B=0.0T w=-144.5deg",2025-10-17 18:39:02,2025-10-17 18:39:17,00:00:15,0.02,12.0,0.0,12.0,,0.0,-144.5,/SNS/CNCS/IPTS-37274/nexus/CNCS_664071.nxs.h5
664070,108367,YbZn2GaO5,"YZGO, MAG9, Ei=12meV, T=cooling, B=0.0T w=-145.0deg",2025-10-17 18:38:44,2025-10-17 18:38:58,00:00:14,0.02,12.0,0.0,12.0,,0.0,-145.0,/SNS/CNCS/IPTS-37274/nexus/CNCS_664070.nxs.h5
664069,108367,YbZn2GaO5,"YZGO, MAG9, Ei=12meV, T=cooling, B=0.0T w=-145.5deg",2025-10-17 18:38:26,2025-10-17 18:38:40,00:00:14,0.02,12.0,0.0,12.0,,0.0,-145.5,/SNS/CNCS/IPTS-37274/nexus/CNCS_664069.nxs.h5
664068,108367,YbZn2GaO5,"YZGO, MAG9, Ei=12meV, T=cooling, B=0.0T w=-146.0deg",2025-10-17 18:38:07,2025-10-17 18:38:22,00:00:14,0.02,12.0,0.0,12.0,,0.0,-146.0,/SNS/CNCS/IPTS-37274/nexus/CNCS_664068.nxs.h5
664067,108367,YbZn2GaO5,"YZGO, MAG9, Ei=12meV, T=cooling, B=0.0T w=-146.5deg",2025-10-17 18:37:49,2025-10-17 18:38:04,00:00:14,0.02,12.0,0.0,12.0,,0.0,-146.5,/SNS/CNCS/IPTS-37274/nexus/CNCS_664067.nxs.h5
664066,108367,YbZn2GaO5,"YZGO, MAG9, Ei=12meV, T=cooling, B=0.0T w=-147.0deg",2025-10-17 18:37:31,2025-10-17 18:37:46,00:00:14,0.02,12.0,0.0,12.0,,0.0,-147.0,/SNS/CNCS/IPTS-37274/nexus/CNCS_664066.nxs.h5
664065,108367,YbZn2GaO5,"YZGO, MAG9, Ei=12meV, T=cooling, B=0.0T w=-147.5deg",2025-10-17 18:37:13,2025-10-17 18:37:28,00:00:14,0.02,12.0,0.0,12.0,,0.0,-147.5,/SNS/CNCS/IPTS-37274/nexus/CNCS_664065.nxs.h5
664064,108367,YbZn2GaO5,"YZGO, MAG9, Ei=12meV, T=cooling, B=0.0T w=-148.0deg",2025-10-17 18:36:55,2025-10-17 18:37:09,00:00:14,0.02,12.0,0.0,12.0,,0.0,-148.0,/SNS/CNCS/IPTS-37274/nexus/CNCS_664064.nxs.h5
664063,108367,YbZn2GaO5,"YZGO, MAG9, Ei=12meV, T=cooling, B=0.0T w=-148.5deg",2025-10-17 18:36:37,2025-10-17 18:36:51,00:00:14,0.02,12.0,0.0,12.0,,0.0,-148.5,/SNS/CNCS/IPTS-37274/nexus/CNCS_664063.nxs.h5
664062,108367,YbZn2GaO5,"YZGO, MAG9, Ei=12meV, T=cooling, B=0.0T w=-149.0deg",2025-10-17 18:36:18,2025-10-17 18:36:33,00:00:14,0.02,12.0,0.0,12.0,,0.0,-149.0,/SNS/CNCS/IPTS-37274/nexus/CNCS_664062.nxs.h5
664061,108367,YbZn2GaO5,"YZGO, MAG9, Ei=12meV, T=cooling, B=0.0T w=-149.5deg",2025-10-17 18:36:00,2025-10-17 18:36:15,00:00:14,0.02,12.0,0.0,12.0,,0.0,-149.5,/SNS/CNCS/IPTS-37274/nexus/CNCS_664061.nxs.h5
664060,108367,YbZn2GaO5,"YZGO, MAG9, Ei=12meV, T=cooling, B=0.0T w=-150.0deg",2025-10-17 18:35:42,2025-10-17 18:35:57,00:00:14,0.02,12.0,0.0,12.0,,0.0,-150.0,/SNS/CNCS/IPTS-37274/nexus/CNCS_664060.nxs.h5
664059,108367,YbZn2GaO5,"YZGO, MAG9, Ei=12meV, T=cooling, B=0.0T w=-150.5deg",2025-10-17 18:35:24,2025-10-17 18:35:39,00:00:14,0.02,12.0,0.0,12.0,,0.0,-150.5,/SNS/CNCS/IPTS-37274/nexus/CNCS_664059.nxs.h5
664058,108367,YbZn2GaO5,"YZGO, MAG9, Ei=12meV, T=cooling, B=0.0T w=-151.0deg",2025-10-17 18:35:06,2025-10-17 18:35:20,00:00:14,0.02,12.0,0.0,12.0,,0.0,-151.0,/SNS/CNCS/IPTS-37274/nexus/CNCS_664058.nxs.h5
664057,108367,YbZn2GaO5,"YZGO, MAG9, Ei=12meV, T=cooling, B=0.0T w=-151.5deg",2025-10-17 18:34:48,2025-10-17 18:35:02,00:00:14,0.02,12.0,0.0,12.0,,0.0,-151.5,/SNS/CNCS/IPTS-37274/nexus/CNCS_664057.nxs.h5
664056,108367,YbZn2GaO5,"YZGO, MAG9, Ei=12meV, T=cooling, B=0.0T w=-152.0deg",2025-10-17 18:34:29,2025-10-17 18:34:44,00:00:14,0.02,12.0,0.0,12.0,,0.0,-152.0,/SNS/CNCS/IPTS-37274/nexus/CNCS_664056.nxs.h5
664055,108367,YbZn2GaO5,"YZGO, MAG9, Ei=12meV, T=cooling, B=0.0T w=-152.5deg",2025-10-17 18:34:11,2025-10-17 18:34:26,00:00:14,0.02,12.0,0.0,12.0,,0.0,-152.5,/SNS/CNCS/IPTS-37274/nexus/CNCS_664055.nxs.h5
664054,108367,YbZn2GaO5,"YZGO, MAG9, Ei=12meV, T=cooling, B=0.0T w=-153.0deg",2025-10-17 18:33:53,2025-10-17 18:34:07,00:00:14,0.02,12.0,0.0,12.0,,0.0,-153.0,/SNS/CNCS/IPTS-37274/nexus/CNCS_664054.nxs.h5
664053,108367,YbZn2GaO5,"YZGO, MAG9, Ei=12meV, T=cooling, B=0.0T w=-153.5deg",2025-10-17 18:33:35,2025-10-17 18:33:49,00:00:14,0.02,12.0,0.0,12.0,,0.0,-153.5,/SNS/CNCS/IPTS-37274/nexus/CNCS_664053.nxs.h5
664052,108367,YbZn2GaO5,"YZGO, MAG9, Ei=12meV, T=cooling, B=0.0T w=-154.0deg",2025-10-17 18:33:17,2025-10-17 18:33:31,00:00:14,0.02,12.0,0.0,12.0,,0.0,-154.0,/SNS/CNCS/IPTS-37274/nexus/CNCS_664052.nxs.h5
664051,108367,YbZn2GaO5,"YZGO, MAG9, Ei=12meV, T=cooling, B=0.0T w=-154.5deg",2025-10-17 18:32:58,2025-10-17 18:33:13,00:00:14,0.02,12.0,0.0,12.0,,0.0,-154.5,/SNS/CNCS/IPTS-37274/nexus/CNCS_664051.nxs.h5
664050,108367,YbZn2GaO5,"YZGO, MAG9, Ei=12meV, T=cooling, B=0.0T w=-155.0deg",2025-10-17 18:32:40,2025-10-17 18:32:55,00:00:14,0.02,12.0,0.0,12.0,,0.0,-155.0,/SNS/CNCS/IPTS-37274/nexus/CNCS_664050.nxs.h5
664049,108367,YbZn2GaO5,"YZGO, MAG9, Ei=12meV, T=cooling, B=0.0T w=-155.5deg",2025-10-17 18:32:22,2025-10-17 18:32:37,00:00:14,0.02,12.0,0.0,12.0,,0.0,-155.5,/SNS/CNCS/IPTS-37274/nexus/CNCS_664049.nxs.h5
664048,108367,YbZn2GaO5,"YZGO, MAG9, Ei=12meV, T=cooling, B=0.0T w=-156.0deg",2025-10-17 18:32:04,2025-10-17 18:32:18,00:00:14,0.02,12.0,0.0,12.0,,0.0,-156.0,/SNS/CNCS/IPTS-37274/nexus/CNCS_664048.nxs.h5
664047,108367,YbZn2GaO5,"YZGO, MAG9, Ei=12meV, T=cooling, B=0.0T w=-156.5deg",2025-10-17 18:31:46,2025-10-17 18:32:00,00:00:14,0.02,12.0,0.0,12.0,,0.0,-156.5,/SNS/CNCS/IPTS-37274/nexus/CNCS_664047.nxs.h5
664046,108367,YbZn2GaO5,"YZGO, MAG9, Ei=12meV, T=cooling, B=0.0T w=-157.0deg",2025-10-17 18:31:27,2025-10-17 18:31:42,00:00:14,0.02,12.0,0.0,12.0,,0.0,-157.0,/SNS/CNCS/IPTS-37274/nexus/CNCS_664046.nxs.h5
664045,108367,YbZn2GaO5,"YZGO, MAG9, Ei=12meV, T=cooling, B=0.0T w=-157.5deg",2025-10-17 18:31:09,2025-10-17 18:31:24,00:00:14,0.02,12.0,0.0,12.0,,0.0,-157.5,/SNS/CNCS/IPTS-37274/nexus/CNCS_664045.nxs.h5
664044,108367,YbZn2GaO5,"YZGO, MAG9, Ei=12meV, T=cooling, B=0.0T w=-158.0deg",2025-10-17 18:30:51,2025-10-17 18:31:06,00:00:14,0.02,12.0,0.0,12.0,,0.0,-158.0,/SNS/CNCS/IPTS-37274/nexus/CNCS_664044.nxs.h5
664043,108367,YbZn2GaO5,"YZGO, MAG9, Ei=12meV, T=cooling, B=0.0T w=-158.5deg",2025-10-17 18:30:33,2025-10-17 18:30:48,00:00:14,0.02,12.0,0.0,12.0,,0.0,-158.5,/SNS/CNCS/IPTS-37274/nexus/CNCS_664043.nxs.h5
664042,108367,YbZn2GaO5,"YZGO, MAG9, Ei=12meV, T=cooling, B=0.0T w=-159.0deg",2025-10-17 18:30:15,2025-10-17 18:30:29,00:00:14,0.02,12.0,0.0,12.0,,0.0,-159.0,/SNS/CNCS/IPTS-37274/nexus/CNCS_664042.nxs.h5
664041,108367,YbZn2GaO5,"YZGO, MAG9, Ei=12meV, T=cooling, B=0.0T w=-159.5deg",2025-10-17 18:29:56,2025-10-17 18:30:11,00:00:14,0.02,12.0,0.0,12.0,,0.0,-159.5,/SNS/CNCS/IPTS-37274/nexus/CNCS_664041.nxs.h5
664040,108367,YbZn2GaO5,"YZGO, MAG9, Ei=12meV, T=cooling, B=0.0T w=-160.0deg",2025-10-17 18:29:38,2025-10-17 18:29:53,00:00:14,0.02,12.0,0.0,12.0,,0.0,-160.0,/SNS/CNCS/IPTS-37274/nexus/CNCS_664040.nxs.h5
664039,108367,YbZn2GaO5,"YZGO, MAG9, Ei=12meV, T=cooling, B=0.0T w=-160.5deg",2025-10-17 18:29:20,2025-10-17 18:29:35,00:00:14,0.02,12.0,0.0,12.0,,0.0,-160.5,/SNS/CNCS/IPTS-37274/nexus/CNCS_664039.nxs.h5
664038,108367,YbZn2GaO5,"YZGO, MAG9, Ei=12meV, T=cooling, B=0.0T w=-161.0deg",2025-10-17 18:29:02,2025-10-17 18:29:17,00:00:14,0.02,12.0,0.0,12.0,,0.0,-161.0,/SNS/CNCS/IPTS-37274/nexus/CNCS_664038.nxs.h5
664037,108367,YbZn2GaO5,"YZGO, MAG9, Ei=12meV, T=cooling, B=0.0T w=-161.5deg",2025-10-17 18:28:44,2025-10-17 18:28:58,00:00:14,0.02,12.0,0.0,12.0,,0.0,-161.5,/SNS/CNCS/IPTS-37274/nexus/CNCS_664037.nxs.h5
664036,108367,YbZn2GaO5,"YZGO, MAG9, Ei=12meV, T=cooling, B=0.0T w=-162.0deg",2025-10-17 18:28:26,2025-10-17 18:28:40,00:00:14,0.02,12.0,0.0,12.0,,0.0,-162.0,/SNS/CNCS/IPTS-37274/nexus/CNCS_664036.nxs.h5
664035,108367,YbZn2GaO5,"YZGO, MAG9, Ei=12meV, T=cooling, B=0.0T w=-162.5deg",2025-10-17 18:28:07,2025-10-17 18:28:22,00:00:14,0.02,12.0,0.0,12.0,,0.0,-162.5,/SNS/CNCS/IPTS-37274/nexus/CNCS_664035.nxs.h5
664034,108367,YbZn2GaO5,"YZGO, MAG9, Ei=12meV, T=cooling, B=0.0T w=-163.0deg",2025-10-17 18:27:49,2025-10-17 18:28:04,00:00:14,0.02,12.0,0.0,12.0,,0.0,-163.0,/SNS/CNCS/IPTS-37274/nexus/CNCS_664034.nxs.h5
664033,108367,YbZn2GaO5,"YZGO, MAG9, Ei=12meV, T=cooling, B=0.0T w=-163.5deg",2025-10-17 18:27:31,2025-10-17 18:27:46,00:00:14,0.02,12.0,0.0,12.0,,0.0,-163.5,/SNS/CNCS/IPTS-37274/nexus/CNCS_664033.nxs.h5
664032,108367,YbZn2GaO5,"YZGO, MAG9, Ei=12meV, T=cooling, B=0.0T w=-164.0deg",2025-10-17 18:27:13,2025-10-17 18:27:27,00:00:14,0.02,12.0,0.0,12.0,,0.0,-164.0,/SNS/CNCS/IPTS-37274/nexus/CNCS_664032.nxs.h5
664031,108367,YbZn2GaO5,"YZGO, MAG9, Ei=12meV, T=cooling, B=0.0T w=-164.5deg",2025-10-17 18:26:54,2025-10-17 18:27:09,00:00:14,0.02,12.0,0.0,12.0,,0.0,-164.5,/SNS/CNCS/IPTS-37274/nexus/CNCS_664031.nxs.h5
664030,108367,YbZn2GaO5,"YZGO, MAG9, Ei=12meV, T=cooling, B=0.0T w=-165.0deg",2025-10-17 18:26:36,2025-10-17 18:26:51,00:00:14,0.02,12.0,0.0,12.0,,0.0,-165.0,/SNS/CNCS/IPTS-37274/nexus/CNCS_664030.nxs.h5
664029,108367,YbZn2GaO5,"YZGO, MAG9, Ei=12meV, T=cooling, B=0.0T w=-165.5deg",2025-10-17 18:26:18,2025-10-17 18:26:33,00:00:14,0.02,12.0,0.0,12.0,,0.0,-165.5,/SNS/CNCS/IPTS-37274/nexus/CNCS_664029.nxs.h5
664028,108367,YbZn2GaO5,"YZGO, MAG9, Ei=12meV, T=cooling, B=0.0T w=-166.0deg",2025-10-17 18:26:00,2025-10-17 18:26:15,00:00:14,0.02,12.0,0.0,12.0,,0.0,-166.0,/SNS/CNCS/IPTS-37274/nexus/CNCS_664028.nxs.h5
664027,108367,YbZn2GaO5,"YZGO, MAG9, Ei=12meV, T=cooling, B=0.0T w=-166.5deg",2025-10-17 18:25:42,2025-10-17 18:25:56,00:00:14,0.02,12.0,0.0,12.0,,0.0,-166.5,/SNS/CNCS/IPTS-37274/nexus/CNCS_664027.nxs.h5
664026,108367,YbZn2GaO5,"YZGO, MAG9, Ei=12meV, T=cooling, B=0.0T w=-167.0deg",2025-10-17 18:25:24,2025-10-17 18:25:38,00:00:14,0.02,12.0,0.0,12.0,,0.0,-167.0,/SNS/CNCS/IPTS-37274/nexus/CNCS_664026.nxs.h5
664025,108367,YbZn2GaO5,"YZGO, MAG9, Ei=12meV, T=cooling, B=0.0T w=-167.5deg",2025-10-17 18:25:05,2025-10-17 18:25:20,00:00:14,0.02,12.0,0.0,12.0,,0.0,-167.5,/SNS/CNCS/IPTS-37274/nexus/CNCS_664025.nxs.h5
664024,108367,YbZn2GaO5,"YZGO, MAG9, Ei=12meV, T=cooling, B=0.0T w=-168.0deg",2025-10-17 18:24:47,2025-10-17 18:25:02,00:00:14,0.02,12.0,0.0,12.0,,0.0,-168.0,/SNS/CNCS/IPTS-37274/nexus/CNCS_664024.nxs.h5
664023,108367,YbZn2GaO5,"YZGO, MAG9, Ei=12meV, T=cooling, B=0.0T w=-168.5deg",2025-10-17 18:24:29,2025-10-17 18:24:44,00:00:14,0.02,12.0,0.0,12.0,,0.0,-168.5,/SNS/CNCS/IPTS-37274/nexus/CNCS_664023.nxs.h5
664022,108367,YbZn2GaO5,"YZGO, MAG9, Ei=12meV, T=cooling, B=0.0T w=-169.0deg",2025-10-17 18:24:11,2025-10-17 18:24:26,00:00:14,0.02,12.0,0.0,12.0,,0.0,-169.0,/SNS/CNCS/IPTS-37274/nexus/CNCS_664022.nxs.h5
664021,108367,YbZn2GaO5,"YZGO, MAG9, Ei=12meV, T=cooling, B=0.0T w=-169.5deg",2025-10-17 18:23:53,2025-10-17 18:24:07,00:00:14,0.02,12.0,0.0,12.0,,0.0,-169.5,/SNS/CNCS/IPTS-37274/nexus/CNCS_664021.nxs.h5
664020,108367,YbZn2GaO5,"YZGO, MAG9, Ei=12meV, T=cooling, B=0.0T w=-170.0deg",2025-10-17 18:23:35,2025-10-17 18:23:49,00:00:14,0.02,12.0,0.0,12.0,,0.0,-170.0,/SNS/CNCS/IPTS-37274/nexus/CNCS_664020.nxs.h5
664019,108367,YbZn2GaO5,"YZGO, MAG9, Ei=12meV, T=cooling, B=0.0T w=-170.5deg",2025-10-17 18:23:16,2025-10-17 18:23:31,00:00:14,0.02,12.0,0.0,12.0,,0.0,-170.5,/SNS/CNCS/IPTS-37274/nexus/CNCS_664019.nxs.h5
664018,108367,YbZn2GaO5,"YZGO, MAG9, Ei=12meV, T=cooling, B=0.0T w=-171.0deg",2025-10-17 18:22:58,2025-10-17 18:23:13,00:00:14,0.02,12.0,0.0,12.0,,0.0,-171.0,/SNS/CNCS/IPTS-37274/nexus/CNCS_664018.nxs.h5
664017,108367,YbZn2GaO5,"YZGO, MAG9, Ei=12meV, T=cooling, B=0.0T w=-171.5deg",2025-10-17 18:22:40,2025-10-17 18:22:55,00:00:14,0.02,12.0,0.0,12.0,,0.0,-171.5,/SNS/CNCS/IPTS-37274/nexus/CNCS_664017.nxs.h5
664016,108367,YbZn2GaO5,"YZGO, MAG9, Ei=12meV, T=cooling, B=0.0T w=-172.0deg",2025-10-17 18:22:22,2025-10-17 18:22:36,00:00:14,0.02,12.0,0.0,12.0,,0.0,-172.0,/SNS/CNCS/IPTS-37274/nexus/CNCS_664016.nxs.h5
664015,108367,YbZn2GaO5,"YZGO, MAG9, Ei=12meV, T=cooling, B=0.0T w=-172.5deg",2025-10-17 18:22:04,2025-10-17 18:22:18,00:00:14,0.02,12.0,0.0,12.0,,0.0,-172.5,/SNS/CNCS/IPTS-37274/nexus/CNCS_664015.nxs.h5
664014,108367,YbZn2GaO5,"YZGO, MAG9, Ei=12meV, T=cooling, B=0.0T w=-173.0deg",2025-10-17 18:21:45,2025-10-17 18:22:00,00:00:14,0.02,12.0,0.0,12.0,,0.0,-173.0,/SNS/CNCS/IPTS-37274/nexus/CNCS_664014.nxs.h5
664013,108367,YbZn2GaO5,"YZGO, MAG9, Ei=12meV, T=cooling, B=0.0T w=-173.5deg",2025-10-17 18:21:27,2025-10-17 18:21:42,00:00:14,0.02,12.0,0.0,12.0,,0.0,-173.5,/SNS/CNCS/IPTS-37274/nexus/CNCS_664013.nxs.h5
664012,108367,YbZn2GaO5,"YZGO, MAG9, Ei=12meV, T=cooling, B=0.0T w=-174.0deg",2025-10-17 18:21:09,2025-10-17 18:21:24,00:00:14,0.02,12.0,0.0,12.0,,0.0,-174.0,/SNS/CNCS/IPTS-37274/nexus/CNCS_664012.nxs.h5
664011,108367,YbZn2GaO5,"YZGO, MAG9, Ei=12meV, T=cooling, B=0.0T w=-174.5deg",2025-10-17 18:20:51,2025-10-17 18:21:05,00:00:14,0.02,12.0,0.0,12.0,,0.0,-174.5,/SNS/CNCS/IPTS-37274/nexus/CNCS_664011.nxs.h5
664010,108367,YbZn2GaO5,"YZGO, MAG9, Ei=12meV, T=cooling, B=0.0T w=-175.0deg",2025-10-17 18:20:33,2025-10-17 18:20:47,00:00:14,0.02,12.0,0.0,12.0,,0.0,-175.0,/SNS/CNCS/IPTS-37274/nexus/CNCS_664010.nxs.h5
664009,108367,YbZn2GaO5,"YZGO, MAG9, Ei=12meV, T=cooling, B=0.0T w=-175.5deg",2025-10-17 18:20:14,2025-10-17 18:20:29,00:00:14,0.02,12.0,0.0,12.0,,0.0,-175.5,/SNS/CNCS/IPTS-37274/nexus/CNCS_664009.nxs.h5
664008,108367,YbZn2GaO5,"YZGO, MAG9, Ei=12meV, T=cooling, B=0.0T w=-176.0deg",2025-10-17 18:19:56,2025-10-17 18:20:11,00:00:14,0.02,12.0,0.0,12.0,,0.0,-176.0,/SNS/CNCS/IPTS-37274/nexus/CNCS_664008.nxs.h5
664007,108367,YbZn2GaO5,"YZGO, MAG9, Ei=12meV, T=cooling, B=0.0T w=-176.5deg",2025-10-17 18:19:38,2025-10-17 18:19:53,00:00:14,0.02,12.0,0.0,12.0,,0.0,-176.5,/SNS/CNCS/IPTS-37274/nexus/CNCS_664007.nxs.h5
664006,108367,YbZn2GaO5,"YZGO, MAG9, Ei=12meV, T=cooling, B=0.0T w=-177.0deg",2025-10-17 18:19:20,2025-10-17 18:19:35,00:00:14,0.02,12.0,0.0,12.0,,0.0,-177.0,/SNS/CNCS/IPTS-37274/nexus/CNCS_664006.nxs.h5
664005,108367,YbZn2GaO5,"YZGO, MAG9, Ei=12meV, T=cooling, B=0.0T w=-177.5deg",2025-10-17 18:19:02,2025-10-17 18:19:16,00:00:14,0.02,12.0,0.0,12.0,,0.0,-177.5,/SNS/CNCS/IPTS-37274/nexus/CNCS_664005.nxs.h5
664004,108367,YbZn2GaO5,"YZGO, MAG9, Ei=12meV, T=cooling, B=0.0T w=-178.0deg",2025-10-17 18:18:44,2025-10-17 18:18:58,00:00:14,0.02,12.0,0.0,12.0,,0.0,-178.0,/SNS/CNCS/IPTS-37274/nexus/CNCS_664004.nxs.h5
664003,108367,YbZn2GaO5,"YZGO, MAG9, Ei=12meV, T=cooling, B=0.0T w=-178.5deg",2025-10-17 18:18:25,2025-10-17 18:18:40,00:00:14,0.02,12.0,0.0,12.0,,0.0,-178.5,/SNS/CNCS/IPTS-37274/nexus/CNCS_664003.nxs.h5
664002,108367,YbZn2GaO5,"YZGO, MAG9, Ei=12meV, T=cooling, B=0.0T w=-179.0deg",2025-10-17 18:18:07,2025-10-17 18:18:22,00:00:14,0.02,12.0,0.0,12.0,,0.0,-179.0,/SNS/CNCS/IPTS-37274/nexus/CNCS_664002.nxs.h5
664001,108367,YbZn2GaO5,"YZGO, MAG9, Ei=12meV, T=cooling, B=0.0T w=-179.5deg",2025-10-17 18:17:49,2025-10-17 18:18:04,00:00:14,0.02,12.0,0.0,12.0,,0.0,-179.5,/SNS/CNCS/IPTS-37274/nexus/CNCS_664001.nxs.h5
664000,108367,YbZn2GaO5,"YZGO, MAG9, Ei=12meV, T=cooling, B=0.0T w=-180.0deg",2025-10-17 18:17:31,2025-10-17 18:17:45,00:00:14,0.02,12.0,0.0,12.0,,0.0,-180.0,/SNS/CNCS/IPTS-37274/nexus/CNCS_664000.nxs.h5
663999,108367,YbZn2GaO5,"YZGO, MAG9, Ei=12meV, T=cooling, B=0.0T w=-180.5deg",2025-10-17 18:17:13,2025-10-17 18:17:27,00:00:14,0.02,12.0,0.0,12.0,,0.0,-180.5,/SNS/CNCS/IPTS-37274/nexus/CNCS_663999.nxs.h5
663998,108367,YbZn2GaO5,"YZGO, MAG9, Ei=12meV, T=cooling, B=0.0T w=-181.0deg",2025-10-17 18:16:54,2025-10-17 18:17:09,00:00:14,0.02,12.0,0.0,12.0,,0.0,-181.0,/SNS/CNCS/IPTS-37274/nexus/CNCS_663998.nxs.h5
663997,108367,YbZn2GaO5,"YZGO, MAG9, Ei=12meV, T=cooling, B=0.0T w=-181.5deg",2025-10-17 18:16:36,2025-10-17 18:16:51,00:00:14,0.02,12.0,0.0,12.0,,0.0,-181.5,/SNS/CNCS/IPTS-37274/nexus/CNCS_663997.nxs.h5
663996,108367,YbZn2GaO5,"YZGO, MAG9, Ei=12meV, T=cooling, B=0.0T w=-182.0deg",2025-10-17 18:16:18,2025-10-17 18:16:33,00:00:14,0.02,12.0,0.0,12.0,,0.0,-182.0,/SNS/CNCS/IPTS-37274/nexus/CNCS_663996.nxs.h5
663995,108367,YbZn2GaO5,"YZGO, MAG9, Ei=12meV, T=cooling, B=0.0T w=-182.5deg",2025-10-17 18:16:00,2025-10-17 18:16:14,00:00:14,0.02,12.0,0.0,12.0,,0.0,-182.5,/SNS/CNCS/IPTS-37274/nexus/CNCS_663995.nxs.h5
663994,108367,YbZn2GaO5,"YZGO, MAG9, Ei=12meV, T=cooling, B=0.0T w=-183.0deg",2025-10-17 18:15:42,2025-10-17 18:15:56,00:00:14,0.02,12.0,0.0,12.0,,0.0,-183.0,/SNS/CNCS/IPTS-37274/nexus/CNCS_663994.nxs.h5
663993,108367,YbZn2GaO5,"YZGO, MAG9, Ei=12meV, T=cooling, B=0.0T w=-183.5deg",2025-10-17 18:15:23,2025-10-17 18:15:38,00:00:14,0.02,12.0,0.0,12.0,,0.0,-183.5,/SNS/CNCS/IPTS-37274/nexus/CNCS_663993.nxs.h5
663992,108367,YbZn2GaO5,"YZGO, MAG9, Ei=12meV, T=cooling, B=0.0T w=-184.0deg",2025-10-17 18:15:05,2025-10-17 18:15:20,00:00:14,0.02,12.0,0.0,12.0,,0.0,-184.0,/SNS/CNCS/IPTS-37274/nexus/CNCS_663992.nxs.h5
663991,108367,YbZn2GaO5,"YZGO, MAG9, Ei=12meV, T=cooling, B=0.0T w=-184.5deg",2025-10-17 18:14:47,2025-10-17 18:15:02,00:00:14,0.02,12.0,0.0,12.0,,0.0,-184.5,/SNS/CNCS/IPTS-37274/nexus/CNCS_663991.nxs.h5
663990,108367,YbZn2GaO5,"YZGO, MAG9, Ei=12meV, T=cooling, B=0.0T w=-185.0deg",2025-10-17 18:14:29,2025-10-17 18:14:44,00:00:14,0.02,12.0,0.0,12.0,,0.0,-185.0,/SNS/CNCS/IPTS-37274/nexus/CNCS_663990.nxs.h5
663989,108367,YbZn2GaO5,"YZGO, MAG9, Ei=12meV, T=cooling, B=0.0T w=-185.5deg",2025-10-17 18:14:11,2025-10-17 18:14:25,00:00:14,0.02,12.0,0.0,12.0,,0.0,-185.5,/SNS/CNCS/IPTS-37274/nexus/CNCS_663989.nxs.h5
663988,108367,YbZn2GaO5,"YZGO, MAG9, Ei=12meV, T=cooling, B=0.0T w=-186.0deg",2025-10-17 18:13:53,2025-10-17 18:14:07,00:00:14,0.02,12.0,0.0,12.0,,0.0,-186.0,/SNS/CNCS/IPTS-37274/nexus/CNCS_663988.nxs.h5
663987,108367,YbZn2GaO5,"YZGO, MAG9, Ei=12meV, T=cooling, B=0.0T w=-186.5deg",2025-10-17 18:13:34,2025-10-17 18:13:49,00:00:14,0.02,12.0,0.0,12.0,,0.0,-186.5,/SNS/CNCS/IPTS-37274/nexus/CNCS_663987.nxs.h5
663986,108367,YbZn2GaO5,"YZGO, MAG9, Ei=12meV, T=cooling, B=0.0T w=-187.0deg",2025-10-17 18:13:16,2025-10-17 18:13:31,00:00:14,0.02,12.0,0.0,12.0,,0.0,-187.0,/SNS/CNCS/IPTS-37274/nexus/CNCS_663986.nxs.h5
663985,108367,YbZn2GaO5,"YZGO, MAG9, Ei=12meV, T=cooling, B=0.0T w=-187.5deg",2025-10-17 18:12:58,2025-10-17 18:13:13,00:00:14,0.02,12.0,0.0,12.0,,0.0,-187.5,/SNS/CNCS/IPTS-37274/nexus/CNCS_663985.nxs.h5
663984,108367,YbZn2GaO5,"YZGO, MAG9, Ei=12meV, T=cooling, B=0.0T w=-188.0deg",2025-10-17 18:12:40,2025-10-17 18:12:55,00:00:14,0.02,12.0,0.0,12.0,,0.0,-188.0,/SNS/CNCS/IPTS-37274/nexus/CNCS_663984.nxs.h5
663983,108367,YbZn2GaO5,"YZGO, MAG9, Ei=12meV, T=cooling, B=0.0T w=-188.5deg",2025-10-17 18:12:22,2025-10-17 18:12:36,00:00:14,0.02,12.0,0.0,12.0,,0.0,-188.5,/SNS/CNCS/IPTS-37274/nexus/CNCS_663983.nxs.h5
663982,108367,YbZn2GaO5,"YZGO, MAG9, Ei=12meV, T=cooling, B=0.0T w=-189.0deg",2025-10-17 18:12:03,2025-10-17 18:12:18,00:00:14,0.02,12.0,0.0,12.0,,0.0,-189.0,/SNS/CNCS/IPTS-37274/nexus/CNCS_663982.nxs.h5
663981,108367,YbZn2GaO5,"YZGO, MAG9, Ei=12meV, T=cooling, B=0.0T w=-189.5deg",2025-10-17 18:11:45,2025-10-17 18:12:00,00:00:14,0.02,12.0,0.0,12.0,,0.0,-189.5,/SNS/CNCS/IPTS-37274/nexus/CNCS_663981.nxs.h5
663980,108367,YbZn2GaO5,"YZGO, MAG9, Ei=12meV, T=cooling, B=0.0T w=-190.0deg",2025-10-17 18:11:27,2025-10-17 18:11:42,00:00:14,0.02,12.0,0.0,12.0,,0.0,-190.0,/SNS/CNCS/IPTS-37274/nexus/CNCS_663980.nxs.h5
