B_T,M_muB_per_Yb,M_err_muB_per_Yb,T_sample_K,moment_column,mass_mg,source_file
-3.88138e-06,0.000983784,3.47078e-06,2.4977,Moment (emu),4.81,YZGO_BparaC_4.81MG_2.5K_06242026.DAT
0.000582992,0.000995191,1.82598e-05,2.5001,Moment (emu),4.81,YZGO_BparaC_4.81MG_2.5K_06242026.DAT
0.0046576,0.00246241,0.000112134,2.5005,Moment (emu),4.81,YZGO_BparaC_4.81MG_2.5K_06242026.DAT
0.0114197,0.00509256,0.000125461,2.5024,Moment (emu),4.81,YZGO_BparaC_4.81MG_2.5K_06242026.DAT
0.018412,0.00775287,0.000118283,2.5039,Moment (emu),4.81,YZGO_BparaC_4.81MG_2.5K_06242026.DAT
0.0257475,0.010392,0.000120536,2.5032,Moment (emu),4.81,YZGO_BparaC_4.81MG_2.5K_06242026.DAT
0.0320415,0.0130445,0.000119918,2.5008,Moment (emu),4.81,YZGO_BparaC_4.81MG_2.5K_06242026.DAT
0.039724,0.0156928,0.000120955,2.4995,Moment (emu),4.81,YZGO_BparaC_4.81MG_2.5K_06242026.DAT
0.0467175,0.0183458,0.000121584,2.4987,Moment (emu),4.81,YZGO_BparaC_4.81MG_2.5K_06242026.DAT
0.0544131,0.0210024,0.000121541,2.4982,Moment (emu),4.81,YZGO_BparaC_4.81MG_2.5K_06242026.DAT
0.0603839,0.023662,0.000122217,2.4980,Moment (emu),4.81,YZGO_BparaC_4.81MG_2.5K_06242026.DAT
0.068445,0.0263265,0.000121101,2.4974,Moment (emu),4.81,YZGO_BparaC_4.81MG_2.5K_06242026.DAT
0.0743751,0.0289796,0.000121602,2.4975,Moment (emu),4.81,YZGO_BparaC_4.81MG_2.5K_06242026.DAT
0.0820686,0.0316253,0.000120913,2.4984,Moment (emu),4.81,YZGO_BparaC_4.81MG_2.5K_06242026.DAT
0.088017,0.0342773,0.000120594,2.4991,Moment (emu),4.81,YZGO_BparaC_4.81MG_2.5K_06242026.DAT
0.0953694,0.0369285,0.000120752,2.4995,Moment (emu),4.81,YZGO_BparaC_4.81MG_2.5K_06242026.DAT
0.101946,0.0395712,0.000121152,2.4998,Moment (emu),4.81,YZGO_BparaC_4.81MG_2.5K_06242026.DAT
0.109787,0.0421183,0.000121167,2.4999,Moment (emu),4.81,YZGO_BparaC_4.81MG_2.5K_06242026.DAT
0.116383,0.0447521,0.000119351,2.5001,Moment (emu),4.81,YZGO_BparaC_4.81MG_2.5K_06242026.DAT
0.123585,0.0471196,0.00011504,2.5004,Moment (emu),4.81,YZGO_BparaC_4.81MG_2.5K_06242026.DAT
0.13075,0.0502466,8.76732e-05,2.5009,Moment (emu),4.81,YZGO_BparaC_4.81MG_2.5K_06242026.DAT
0.158217,0.0575459,0.000122516,2.4999,Moment (emu),4.81,YZGO_BparaC_4.81MG_2.5K_06242026.DAT
0.175223,0.0655563,0.000363154,2.4984,Moment (emu),4.81,YZGO_BparaC_4.81MG_2.5K_06242026.DAT
0.178852,0.067936,0.000762124,2.4982,Moment (emu),4.81,YZGO_BparaC_4.81MG_2.5K_06242026.DAT
0.185332,0.0709326,0.000128191,2.4997,Moment (emu),4.81,YZGO_BparaC_4.81MG_2.5K_06242026.DAT
0.192343,0.0736923,0.000116762,2.5009,Moment (emu),4.81,YZGO_BparaC_4.81MG_2.5K_06242026.DAT
0.199503,0.0754159,0.000412415,2.5004,Moment (emu),4.81,YZGO_BparaC_4.81MG_2.5K_06242026.DAT
0.207559,0.0784872,0.000128593,2.5005,Moment (emu),4.81,YZGO_BparaC_4.81MG_2.5K_06242026.DAT
0.213024,0.0809129,0.00012797,2.5004,Moment (emu),4.81,YZGO_BparaC_4.81MG_2.5K_06242026.DAT
0.220668,0.0834892,0.000115285,2.4997,Moment (emu),4.81,YZGO_BparaC_4.81MG_2.5K_06242026.DAT
0.227445,0.0862017,0.000122841,2.4993,Moment (emu),4.81,YZGO_BparaC_4.81MG_2.5K_06242026.DAT
0.234047,0.0886891,0.000113679,2.4993,Moment (emu),4.81,YZGO_BparaC_4.81MG_2.5K_06242026.DAT
0.241404,0.091352,0.000122387,2.4994,Moment (emu),4.81,YZGO_BparaC_4.81MG_2.5K_06242026.DAT
0.248704,0.09389,0.000120149,2.4997,Moment (emu),4.81,YZGO_BparaC_4.81MG_2.5K_06242026.DAT
0.256072,0.0965084,0.000115215,2.5001,Moment (emu),4.81,YZGO_BparaC_4.81MG_2.5K_06242026.DAT
0.263069,0.0991045,0.000118101,2.5002,Moment (emu),4.81,YZGO_BparaC_4.81MG_2.5K_06242026.DAT
0.270089,0.101695,0.00011842,2.5002,Moment (emu),4.81,YZGO_BparaC_4.81MG_2.5K_06242026.DAT
0.276049,0.104301,0.000119112,2.5000,Moment (emu),4.81,YZGO_BparaC_4.81MG_2.5K_06242026.DAT
0.28374,0.106913,0.000119096,2.4999,Moment (emu),4.81,YZGO_BparaC_4.81MG_2.5K_06242026.DAT
0.289723,0.109511,0.000121278,2.4998,Moment (emu),4.81,YZGO_BparaC_4.81MG_2.5K_06242026.DAT
0.297786,0.11211,0.000119597,2.5000,Moment (emu),4.81,YZGO_BparaC_4.81MG_2.5K_06242026.DAT
0.304083,0.114706,0.0001192,2.5001,Moment (emu),4.81,YZGO_BparaC_4.81MG_2.5K_06242026.DAT
0.311781,0.1173,0.000118484,2.5005,Moment (emu),4.81,YZGO_BparaC_4.81MG_2.5K_06242026.DAT
0.318073,0.1199,0.000118307,2.5009,Moment (emu),4.81,YZGO_BparaC_4.81MG_2.5K_06242026.DAT
0.325417,0.122512,0.000118243,2.5008,Moment (emu),4.81,YZGO_BparaC_4.81MG_2.5K_06242026.DAT
0.33242,0.125098,0.000118607,2.5008,Moment (emu),4.81,YZGO_BparaC_4.81MG_2.5K_06242026.DAT
0.340835,0.127717,0.000120076,2.5006,Moment (emu),4.81,YZGO_BparaC_4.81MG_2.5K_06242026.DAT
0.346085,0.130307,0.000120451,2.5002,Moment (emu),4.81,YZGO_BparaC_4.81MG_2.5K_06242026.DAT
0.354819,0.132901,0.000117666,2.5004,Moment (emu),4.81,YZGO_BparaC_4.81MG_2.5K_06242026.DAT
0.36043,0.135508,0.000121064,2.5003,Moment (emu),4.81,YZGO_BparaC_4.81MG_2.5K_06242026.DAT
0.367104,0.138105,0.000116963,2.4998,Moment (emu),4.81,YZGO_BparaC_4.81MG_2.5K_06242026.DAT
0.374468,0.14074,0.00012109,2.4990,Moment (emu),4.81,YZGO_BparaC_4.81MG_2.5K_06242026.DAT
0.382521,0.143353,0.000119993,2.4984,Moment (emu),4.81,YZGO_BparaC_4.81MG_2.5K_06242026.DAT
0.38809,0.145935,0.000113959,2.4991,Moment (emu),4.81,YZGO_BparaC_4.81MG_2.5K_06242026.DAT
0.395069,0.148514,0.000118326,2.4994,Moment (emu),4.81,YZGO_BparaC_4.81MG_2.5K_06242026.DAT
0.402069,0.151104,0.000117276,2.4993,Moment (emu),4.81,YZGO_BparaC_4.81MG_2.5K_06242026.DAT
0.40941,0.153701,0.000118009,2.4998,Moment (emu),4.81,YZGO_BparaC_4.81MG_2.5K_06242026.DAT
0.416406,0.156283,0.000118189,2.5004,Moment (emu),4.81,YZGO_BparaC_4.81MG_2.5K_06242026.DAT
0.423409,0.158885,0.000119116,2.5007,Moment (emu),4.81,YZGO_BparaC_4.81MG_2.5K_06242026.DAT
0.430058,0.161453,0.000119522,2.5008,Moment (emu),4.81,YZGO_BparaC_4.81MG_2.5K_06242026.DAT
0.437773,0.16408,0.000122488,2.5003,Moment (emu),4.81,YZGO_BparaC_4.81MG_2.5K_06242026.DAT
0.444095,0.166666,0.000120988,2.4998,Moment (emu),4.81,YZGO_BparaC_4.81MG_2.5K_06242026.DAT
0.46509,0.17187,0.000120064,2.4992,Moment (emu),4.81,YZGO_BparaC_4.81MG_2.5K_06242026.DAT
0.467174,0.174473,0.000118391,2.4994,Moment (emu),4.81,YZGO_BparaC_4.81MG_2.5K_06242026.DAT
0.472056,0.177054,0.000120434,2.4994,Moment (emu),4.81,YZGO_BparaC_4.81MG_2.5K_06242026.DAT
0.479394,0.179627,0.00011878,2.5001,Moment (emu),4.81,YZGO_BparaC_4.81MG_2.5K_06242026.DAT
0.486044,0.182232,0.000123235,2.5002,Moment (emu),4.81,YZGO_BparaC_4.81MG_2.5K_06242026.DAT
0.494079,0.184787,0.000117392,2.5000,Moment (emu),4.81,YZGO_BparaC_4.81MG_2.5K_06242026.DAT
0.499654,0.187408,0.000118758,2.4998,Moment (emu),4.81,YZGO_BparaC_4.81MG_2.5K_06242026.DAT
0.507337,0.189963,0.000119874,2.5006,Moment (emu),4.81,YZGO_BparaC_4.81MG_2.5K_06242026.DAT
0.513616,0.19254,0.000121065,2.5004,Moment (emu),4.81,YZGO_BparaC_4.81MG_2.5K_06242026.DAT
0.521641,0.19513,0.000121673,2.5008,Moment (emu),4.81,YZGO_BparaC_4.81MG_2.5K_06242026.DAT
0.527222,0.197725,0.00012097,2.5007,Moment (emu),4.81,YZGO_BparaC_4.81MG_2.5K_06242026.DAT
0.534562,0.200309,0.000117454,2.5005,Moment (emu),4.81,YZGO_BparaC_4.81MG_2.5K_06242026.DAT
0.541931,0.202897,0.000122771,2.4997,Moment (emu),4.81,YZGO_BparaC_4.81MG_2.5K_06242026.DAT
0.549982,0.205504,0.00012137,2.4995,Moment (emu),4.81,YZGO_BparaC_4.81MG_2.5K_06242026.DAT
0.556262,0.208044,0.000121521,2.4998,Moment (emu),4.81,YZGO_BparaC_4.81MG_2.5K_06242026.DAT
0.562928,0.210642,0.000119819,2.4999,Moment (emu),4.81,YZGO_BparaC_4.81MG_2.5K_06242026.DAT
0.570304,0.213201,0.000117214,2.4999,Moment (emu),4.81,YZGO_BparaC_4.81MG_2.5K_06242026.DAT
0.576969,0.215806,0.000119466,2.5002,Moment (emu),4.81,YZGO_BparaC_4.81MG_2.5K_06242026.DAT
0.584683,0.218399,0.000119156,2.5005,Moment (emu),4.81,YZGO_BparaC_4.81MG_2.5K_06242026.DAT
0.590623,0.220947,0.000119613,2.5006,Moment (emu),4.81,YZGO_BparaC_4.81MG_2.5K_06242026.DAT
0.599012,0.223529,0.000118759,2.5008,Moment (emu),4.81,YZGO_BparaC_4.81MG_2.5K_06242026.DAT
0.604942,0.226091,0.000115266,2.5011,Moment (emu),4.81,YZGO_BparaC_4.81MG_2.5K_06242026.DAT
0.611602,0.22868,0.000119376,2.5013,Moment (emu),4.81,YZGO_BparaC_4.81MG_2.5K_06242026.DAT
0.618969,0.231228,0.000119749,2.5013,Moment (emu),4.81,YZGO_BparaC_4.81MG_2.5K_06242026.DAT
0.627005,0.233809,0.000117156,2.5011,Moment (emu),4.81,YZGO_BparaC_4.81MG_2.5K_06242026.DAT
0.632595,0.236393,0.00011758,2.5009,Moment (emu),4.81,YZGO_BparaC_4.81MG_2.5K_06242026.DAT
0.639586,0.238961,0.000117291,2.5004,Moment (emu),4.81,YZGO_BparaC_4.81MG_2.5K_06242026.DAT
0.646554,0.241562,0.000120587,2.4997,Moment (emu),4.81,YZGO_BparaC_4.81MG_2.5K_06242026.DAT
0.653181,0.244115,0.000119041,2.4997,Moment (emu),4.81,YZGO_BparaC_4.81MG_2.5K_06242026.DAT
0.660515,0.246676,0.000119843,2.4997,Moment (emu),4.81,YZGO_BparaC_4.81MG_2.5K_06242026.DAT
0.667508,0.249236,0.000114669,2.4997,Moment (emu),4.81,YZGO_BparaC_4.81MG_2.5K_06242026.DAT
0.674866,0.251815,0.000118466,2.4996,Moment (emu),4.81,YZGO_BparaC_4.81MG_2.5K_06242026.DAT
0.682585,0.254395,0.000122504,2.4997,Moment (emu),4.81,YZGO_BparaC_4.81MG_2.5K_06242026.DAT
0.689235,0.256934,0.000120581,2.4996,Moment (emu),4.81,YZGO_BparaC_4.81MG_2.5K_06242026.DAT
0.696581,0.259502,0.000115468,2.4994,Moment (emu),4.81,YZGO_BparaC_4.81MG_2.5K_06242026.DAT
0.703939,0.262043,0.000115748,2.4998,Moment (emu),4.81,YZGO_BparaC_4.81MG_2.5K_06242026.DAT
0.710944,0.264592,0.000120737,2.4996,Moment (emu),4.81,YZGO_BparaC_4.81MG_2.5K_06242026.DAT
0.717593,0.267156,0.000120645,2.4995,Moment (emu),4.81,YZGO_BparaC_4.81MG_2.5K_06242026.DAT
0.723877,0.269729,0.000117073,2.4996,Moment (emu),4.81,YZGO_BparaC_4.81MG_2.5K_06242026.DAT
0.731222,0.272249,0.000120474,2.4997,Moment (emu),4.81,YZGO_BparaC_4.81MG_2.5K_06242026.DAT
0.738222,0.2748,0.000114511,2.5003,Moment (emu),4.81,YZGO_BparaC_4.81MG_2.5K_06242026.DAT
0.74627,0.277352,0.000117334,2.5005,Moment (emu),4.81,YZGO_BparaC_4.81MG_2.5K_06242026.DAT
0.751836,0.279867,0.000113609,2.5005,Moment (emu),4.81,YZGO_BparaC_4.81MG_2.5K_06242026.DAT
0.759521,0.282385,0.000122005,2.5010,Moment (emu),4.81,YZGO_BparaC_4.81MG_2.5K_06242026.DAT
0.76652,0.284973,0.000118289,2.5011,Moment (emu),4.81,YZGO_BparaC_4.81MG_2.5K_06242026.DAT
0.772474,0.287471,0.000120209,2.5014,Moment (emu),4.81,YZGO_BparaC_4.81MG_2.5K_06242026.DAT
0.780186,0.290042,0.000117369,2.5013,Moment (emu),4.81,YZGO_BparaC_4.81MG_2.5K_06242026.DAT
0.786134,0.292595,0.0001223,2.5011,Moment (emu),4.81,YZGO_BparaC_4.81MG_2.5K_06242026.DAT
0.79452,0.295131,0.000122419,2.5004,Moment (emu),4.81,YZGO_BparaC_4.81MG_2.5K_06242026.DAT
0.800456,0.297711,0.000120763,2.5001,Moment (emu),4.81,YZGO_BparaC_4.81MG_2.5K_06242026.DAT
0.807115,0.300246,0.000119954,2.4995,Moment (emu),4.81,YZGO_BparaC_4.81MG_2.5K_06242026.DAT
0.814123,0.302816,0.000118975,2.5000,Moment (emu),4.81,YZGO_BparaC_4.81MG_2.5K_06242026.DAT
0.821462,0.305307,0.000122157,2.5002,Moment (emu),4.81,YZGO_BparaC_4.81MG_2.5K_06242026.DAT
0.828117,0.307858,0.00011632,2.4998,Moment (emu),4.81,YZGO_BparaC_4.81MG_2.5K_06242026.DAT
0.836869,0.310369,0.000119865,2.5002,Moment (emu),4.81,YZGO_BparaC_4.81MG_2.5K_06242026.DAT
0.842816,0.312862,0.000117602,2.5004,Moment (emu),4.81,YZGO_BparaC_4.81MG_2.5K_06242026.DAT
0.850183,0.31544,0.000115476,2.5003,Moment (emu),4.81,YZGO_BparaC_4.81MG_2.5K_06242026.DAT
0.856828,0.317938,0.000116267,2.5007,Moment (emu),4.81,YZGO_BparaC_4.81MG_2.5K_06242026.DAT
0.863114,0.320432,0.000119622,2.5010,Moment (emu),4.81,YZGO_BparaC_4.81MG_2.5K_06242026.DAT
0.870792,0.322968,0.000115093,2.5010,Moment (emu),4.81,YZGO_BparaC_4.81MG_2.5K_06242026.DAT
0.877445,0.325494,0.000118058,2.5008,Moment (emu),4.81,YZGO_BparaC_4.81MG_2.5K_06242026.DAT
0.884077,0.328028,0.000111932,2.5006,Moment (emu),4.81,YZGO_BparaC_4.81MG_2.5K_06242026.DAT
0.891078,0.330524,0.000113773,2.5005,Moment (emu),4.81,YZGO_BparaC_4.81MG_2.5K_06242026.DAT
0.899148,0.333052,0.00012056,2.5008,Moment (emu),4.81,YZGO_BparaC_4.81MG_2.5K_06242026.DAT
0.906159,0.335556,0.00011243,2.5009,Moment (emu),4.81,YZGO_BparaC_4.81MG_2.5K_06242026.DAT
0.91313,0.338044,0.000119579,2.5008,Moment (emu),4.81,YZGO_BparaC_4.81MG_2.5K_06242026.DAT
0.920105,0.340579,0.000121648,2.4999,Moment (emu),4.81,YZGO_BparaC_4.81MG_2.5K_06242026.DAT
0.926739,0.343104,0.000117422,2.4995,Moment (emu),4.81,YZGO_BparaC_4.81MG_2.5K_06242026.DAT
0.933387,0.345637,0.000125147,2.4990,Moment (emu),4.81,YZGO_BparaC_4.81MG_2.5K_06242026.DAT
0.941081,0.348154,0.000120934,2.4986,Moment (emu),4.81,YZGO_BparaC_4.81MG_2.5K_06242026.DAT
0.947052,0.350629,0.000120718,2.4990,Moment (emu),4.81,YZGO_BparaC_4.81MG_2.5K_06242026.DAT
0.954069,0.353176,0.000119258,2.4989,Moment (emu),4.81,YZGO_BparaC_4.81MG_2.5K_06242026.DAT
0.961403,0.355655,0.000115993,2.4993,Moment (emu),4.81,YZGO_BparaC_4.81MG_2.5K_06242026.DAT
0.968375,0.358098,0.000112299,2.5000,Moment (emu),4.81,YZGO_BparaC_4.81MG_2.5K_06242026.DAT
0.975032,0.360579,0.000118155,2.5006,Moment (emu),4.81,YZGO_BparaC_4.81MG_2.5K_06242026.DAT
0.982759,0.363076,0.000111546,2.5009,Moment (emu),4.81,YZGO_BparaC_4.81MG_2.5K_06242026.DAT
0.989404,0.365518,0.000122527,2.5012,Moment (emu),4.81,YZGO_BparaC_4.81MG_2.5K_06242026.DAT
0.997397,0.36801,0.00011657,2.5012,Moment (emu),4.81,YZGO_BparaC_4.81MG_2.5K_06242026.DAT
1.00439,0.370503,0.000119425,2.5013,Moment (emu),4.81,YZGO_BparaC_4.81MG_2.5K_06242026.DAT
1.01034,0.373043,0.000118822,2.5010,Moment (emu),4.81,YZGO_BparaC_4.81MG_2.5K_06242026.DAT
1.01733,0.375465,0.000113876,2.5010,Moment (emu),4.81,YZGO_BparaC_4.81MG_2.5K_06242026.DAT
1.02501,0.377946,0.000118984,2.5012,Moment (emu),4.81,YZGO_BparaC_4.81MG_2.5K_06242026.DAT
1.03098,0.380401,0.000110756,2.5014,Moment (emu),4.81,YZGO_BparaC_4.81MG_2.5K_06242026.DAT
1.03939,0.382934,0.00011751,2.5015,Moment (emu),4.81,YZGO_BparaC_4.81MG_2.5K_06242026.DAT
1.04601,0.385381,0.000117708,2.5013,Moment (emu),4.81,YZGO_BparaC_4.81MG_2.5K_06242026.DAT
1.053,0.387904,0.000117703,2.5010,Moment (emu),4.81,YZGO_BparaC_4.81MG_2.5K_06242026.DAT
1.05966,0.390415,0.000120353,2.5004,Moment (emu),4.81,YZGO_BparaC_4.81MG_2.5K_06242026.DAT
1.06596,0.392878,0.000111815,2.4998,Moment (emu),4.81,YZGO_BparaC_4.81MG_2.5K_06242026.DAT
1.07364,0.395366,0.000119384,2.5001,Moment (emu),4.81,YZGO_BparaC_4.81MG_2.5K_06242026.DAT
1.08028,0.397802,0.000120104,2.5005,Moment (emu),4.81,YZGO_BparaC_4.81MG_2.5K_06242026.DAT
1.088,0.40025,0.000113748,2.5004,Moment (emu),4.81,YZGO_BparaC_4.81MG_2.5K_06242026.DAT
1.09395,0.40273,0.000117563,2.5005,Moment (emu),4.81,YZGO_BparaC_4.81MG_2.5K_06242026.DAT
1.10093,0.405139,0.000124106,2.5014,Moment (emu),4.81,YZGO_BparaC_4.81MG_2.5K_06242026.DAT
1.10793,0.407652,0.000119688,2.5015,Moment (emu),4.81,YZGO_BparaC_4.81MG_2.5K_06242026.DAT
1.11598,0.410083,0.0001173,2.5009,Moment (emu),4.81,YZGO_BparaC_4.81MG_2.5K_06242026.DAT
1.12192,0.412605,0.000115836,2.5008,Moment (emu),4.81,YZGO_BparaC_4.81MG_2.5K_06242026.DAT
1.12926,0.415064,0.000119625,2.5000,Moment (emu),4.81,YZGO_BparaC_4.81MG_2.5K_06242026.DAT
1.13665,0.41756,0.000123577,2.4997,Moment (emu),4.81,YZGO_BparaC_4.81MG_2.5K_06242026.DAT
1.14366,0.420027,0.000115365,2.4995,Moment (emu),4.81,YZGO_BparaC_4.81MG_2.5K_06242026.DAT
1.15136,0.422487,0.00012144,2.4990,Moment (emu),4.81,YZGO_BparaC_4.81MG_2.5K_06242026.DAT
1.15871,0.424871,0.000110283,2.5013,Moment (emu),4.81,YZGO_BparaC_4.81MG_2.5K_06242026.DAT
1.16465,0.427263,0.00011884,2.5015,Moment (emu),4.81,YZGO_BparaC_4.81MG_2.5K_06242026.DAT
1.17094,0.429689,0.000119848,2.5016,Moment (emu),4.81,YZGO_BparaC_4.81MG_2.5K_06242026.DAT
1.17794,0.432172,0.00011714,2.5013,Moment (emu),4.81,YZGO_BparaC_4.81MG_2.5K_06242026.DAT
1.18494,0.434637,0.00012039,2.5007,Moment (emu),4.81,YZGO_BparaC_4.81MG_2.5K_06242026.DAT
1.19298,0.437107,0.000121251,2.5002,Moment (emu),4.81,YZGO_BparaC_4.81MG_2.5K_06242026.DAT
1.19928,0.43957,0.000114659,2.4995,Moment (emu),4.81,YZGO_BparaC_4.81MG_2.5K_06242026.DAT
1.20732,0.442051,0.000117982,2.4991,Moment (emu),4.81,YZGO_BparaC_4.81MG_2.5K_06242026.DAT
1.21396,0.444448,0.000120268,2.4993,Moment (emu),4.81,YZGO_BparaC_4.81MG_2.5K_06242026.DAT
1.21991,0.44686,0.000120108,2.4996,Moment (emu),4.81,YZGO_BparaC_4.81MG_2.5K_06242026.DAT
1.22833,0.44936,0.000108952,2.4999,Moment (emu),4.81,YZGO_BparaC_4.81MG_2.5K_06242026.DAT
1.2364,0.451739,0.000116234,2.4994,Moment (emu),4.81,YZGO_BparaC_4.81MG_2.5K_06242026.DAT
1.24196,0.454139,0.00010625,2.4999,Moment (emu),4.81,YZGO_BparaC_4.81MG_2.5K_06242026.DAT
1.24824,0.456529,0.000120117,2.5005,Moment (emu),4.81,YZGO_BparaC_4.81MG_2.5K_06242026.DAT
1.25664,0.458946,0.000117814,2.5011,Moment (emu),4.81,YZGO_BparaC_4.81MG_2.5K_06242026.DAT
1.2619,0.461332,0.00012003,2.5011,Moment (emu),4.81,YZGO_BparaC_4.81MG_2.5K_06242026.DAT
1.26892,0.463798,0.000121457,2.5006,Moment (emu),4.81,YZGO_BparaC_4.81MG_2.5K_06242026.DAT
1.27664,0.466205,0.000115655,2.5006,Moment (emu),4.81,YZGO_BparaC_4.81MG_2.5K_06242026.DAT
1.28399,0.468639,0.000117861,2.5009,Moment (emu),4.81,YZGO_BparaC_4.81MG_2.5K_06242026.DAT
1.29029,0.471057,0.000117959,2.5009,Moment (emu),4.81,YZGO_BparaC_4.81MG_2.5K_06242026.DAT
1.29694,0.473507,0.000117432,2.5005,Moment (emu),4.81,YZGO_BparaC_4.81MG_2.5K_06242026.DAT
1.30499,0.475925,0.000123812,2.5000,Moment (emu),4.81,YZGO_BparaC_4.81MG_2.5K_06242026.DAT
1.31197,0.478263,0.000112903,2.5003,Moment (emu),4.81,YZGO_BparaC_4.81MG_2.5K_06242026.DAT
1.31756,0.480707,0.00012051,2.5006,Moment (emu),4.81,YZGO_BparaC_4.81MG_2.5K_06242026.DAT
1.32486,0.483049,0.000125222,2.5010,Moment (emu),4.81,YZGO_BparaC_4.81MG_2.5K_06242026.DAT
1.33253,0.485465,0.000118325,2.5017,Moment (emu),4.81,YZGO_BparaC_4.81MG_2.5K_06242026.DAT
1.33882,0.48783,0.000119592,2.5015,Moment (emu),4.81,YZGO_BparaC_4.81MG_2.5K_06242026.DAT
1.3458,0.490214,0.000124246,2.5013,Moment (emu),4.81,YZGO_BparaC_4.81MG_2.5K_06242026.DAT
1.35279,0.492674,0.000120832,2.5013,Moment (emu),4.81,YZGO_BparaC_4.81MG_2.5K_06242026.DAT
1.3598,0.495139,0.000114171,2.5001,Moment (emu),4.81,YZGO_BparaC_4.81MG_2.5K_06242026.DAT
1.36679,0.497526,0.00011683,2.4996,Moment (emu),4.81,YZGO_BparaC_4.81MG_2.5K_06242026.DAT
1.37451,0.499903,0.000113861,2.5005,Moment (emu),4.81,YZGO_BparaC_4.81MG_2.5K_06242026.DAT
1.38046,0.502229,0.000118059,2.5009,Moment (emu),4.81,YZGO_BparaC_4.81MG_2.5K_06242026.DAT
1.38886,0.504653,0.000111776,2.5009,Moment (emu),4.81,YZGO_BparaC_4.81MG_2.5K_06242026.DAT
1.39622,0.507027,0.000115963,2.5010,Moment (emu),4.81,YZGO_BparaC_4.81MG_2.5K_06242026.DAT
1.40252,0.509417,0.00011607,2.5008,Moment (emu),4.81,YZGO_BparaC_4.81MG_2.5K_06242026.DAT
1.40847,0.511846,0.000117428,2.5004,Moment (emu),4.81,YZGO_BparaC_4.81MG_2.5K_06242026.DAT
1.41581,0.514203,0.000125556,2.5001,Moment (emu),4.81,YZGO_BparaC_4.81MG_2.5K_06242026.DAT
1.42313,0.516584,0.00011486,2.5002,Moment (emu),4.81,YZGO_BparaC_4.81MG_2.5K_06242026.DAT
1.42977,0.518932,0.00011212,2.5005,Moment (emu),4.81,YZGO_BparaC_4.81MG_2.5K_06242026.DAT
1.43645,0.521287,0.000118723,2.5005,Moment (emu),4.81,YZGO_BparaC_4.81MG_2.5K_06242026.DAT
1.44416,0.523664,0.00012096,2.4999,Moment (emu),4.81,YZGO_BparaC_4.81MG_2.5K_06242026.DAT
1.4508,0.526027,0.000116569,2.5000,Moment (emu),4.81,YZGO_BparaC_4.81MG_2.5K_06242026.DAT
1.4578,0.528415,0.000117782,2.5005,Moment (emu),4.81,YZGO_BparaC_4.81MG_2.5K_06242026.DAT
1.46445,0.530713,0.000118231,2.5006,Moment (emu),4.81,YZGO_BparaC_4.81MG_2.5K_06242026.DAT
1.4714,0.53308,0.000110605,2.5010,Moment (emu),4.81,YZGO_BparaC_4.81MG_2.5K_06242026.DAT
1.47871,0.535383,0.000116355,2.5009,Moment (emu),4.81,YZGO_BparaC_4.81MG_2.5K_06242026.DAT
1.48639,0.537838,0.000118512,2.5005,Moment (emu),4.81,YZGO_BparaC_4.81MG_2.5K_06242026.DAT
1.49233,0.540155,0.000123794,2.5004,Moment (emu),4.81,YZGO_BparaC_4.81MG_2.5K_06242026.DAT
1.50002,0.542512,0.000112826,2.5005,Moment (emu),4.81,YZGO_BparaC_4.81MG_2.5K_06242026.DAT
1.50668,0.544759,0.00012057,2.5008,Moment (emu),4.81,YZGO_BparaC_4.81MG_2.5K_06242026.DAT
1.51438,0.547161,0.000118541,2.5010,Moment (emu),4.81,YZGO_BparaC_4.81MG_2.5K_06242026.DAT
1.52067,0.549581,0.000121532,2.5006,Moment (emu),4.81,YZGO_BparaC_4.81MG_2.5K_06242026.DAT
1.52801,0.55188,0.000121138,2.5008,Moment (emu),4.81,YZGO_BparaC_4.81MG_2.5K_06242026.DAT
1.5343,0.554241,0.000121253,2.5006,Moment (emu),4.81,YZGO_BparaC_4.81MG_2.5K_06242026.DAT
1.54236,0.556598,0.000126229,2.5000,Moment (emu),4.81,YZGO_BparaC_4.81MG_2.5K_06242026.DAT
1.5483,0.558952,0.000119032,2.5003,Moment (emu),4.81,YZGO_BparaC_4.81MG_2.5K_06242026.DAT
1.55496,0.561284,0.000117513,2.5003,Moment (emu),4.81,YZGO_BparaC_4.81MG_2.5K_06242026.DAT
1.56196,0.563663,0.000126697,2.4999,Moment (emu),4.81,YZGO_BparaC_4.81MG_2.5K_06242026.DAT
1.57001,0.565882,0.00012299,2.5007,Moment (emu),4.81,YZGO_BparaC_4.81MG_2.5K_06242026.DAT
1.57667,0.568266,0.000119312,2.5008,Moment (emu),4.81,YZGO_BparaC_4.81MG_2.5K_06242026.DAT
1.58369,0.570556,0.00010743,2.5010,Moment (emu),4.81,YZGO_BparaC_4.81MG_2.5K_06242026.DAT
1.59101,0.572867,0.000121157,2.5010,Moment (emu),4.81,YZGO_BparaC_4.81MG_2.5K_06242026.DAT
1.59729,0.575162,0.000127825,2.5006,Moment (emu),4.81,YZGO_BparaC_4.81MG_2.5K_06242026.DAT
1.6043,0.577569,0.00011296,2.5002,Moment (emu),4.81,YZGO_BparaC_4.81MG_2.5K_06242026.DAT
1.61096,0.57989,0.000111465,2.5000,Moment (emu),4.81,YZGO_BparaC_4.81MG_2.5K_06242026.DAT
1.61796,0.58217,0.000116583,2.5001,Moment (emu),4.81,YZGO_BparaC_4.81MG_2.5K_06242026.DAT
1.62529,0.584487,0.000108767,2.5005,Moment (emu),4.81,YZGO_BparaC_4.81MG_2.5K_06242026.DAT
1.63227,0.586824,0.000116496,2.5003,Moment (emu),4.81,YZGO_BparaC_4.81MG_2.5K_06242026.DAT
1.63891,0.58911,0.000125385,2.4999,Moment (emu),4.81,YZGO_BparaC_4.81MG_2.5K_06242026.DAT
1.64593,0.59146,0.000124672,2.5001,Moment (emu),4.81,YZGO_BparaC_4.81MG_2.5K_06242026.DAT
1.65296,0.593701,0.000111501,2.5004,Moment (emu),4.81,YZGO_BparaC_4.81MG_2.5K_06242026.DAT
1.661,0.596042,0.000123005,2.5003,Moment (emu),4.81,YZGO_BparaC_4.81MG_2.5K_06242026.DAT
1.66798,0.598376,0.000108149,2.5005,Moment (emu),4.81,YZGO_BparaC_4.81MG_2.5K_06242026.DAT
1.6746,0.600605,0.000116988,2.5005,Moment (emu),4.81,YZGO_BparaC_4.81MG_2.5K_06242026.DAT
1.6823,0.602969,0.000122018,2.5002,Moment (emu),4.81,YZGO_BparaC_4.81MG_2.5K_06242026.DAT
1.68861,0.60519,0.000101675,2.5001,Moment (emu),4.81,YZGO_BparaC_4.81MG_2.5K_06242026.DAT
1.69493,0.607524,0.000112042,2.4996,Moment (emu),4.81,YZGO_BparaC_4.81MG_2.5K_06242026.DAT
1.70304,0.609853,0.000106057,2.5004,Moment (emu),4.81,YZGO_BparaC_4.81MG_2.5K_06242026.DAT
1.71043,0.612095,0.000110409,2.5011,Moment (emu),4.81,YZGO_BparaC_4.81MG_2.5K_06242026.DAT
1.71708,0.614346,0.000125721,2.5010,Moment (emu),4.81,YZGO_BparaC_4.81MG_2.5K_06242026.DAT
1.72442,0.616636,0.000119103,2.5011,Moment (emu),4.81,YZGO_BparaC_4.81MG_2.5K_06242026.DAT
1.73108,0.618916,0.000101183,2.5015,Moment (emu),4.81,YZGO_BparaC_4.81MG_2.5K_06242026.DAT
1.73737,0.621192,0.000117107,2.5013,Moment (emu),4.81,YZGO_BparaC_4.81MG_2.5K_06242026.DAT
1.7447,0.623534,0.000127746,2.5007,Moment (emu),4.81,YZGO_BparaC_4.81MG_2.5K_06242026.DAT
1.75138,0.625822,0.00012209,2.5004,Moment (emu),4.81,YZGO_BparaC_4.81MG_2.5K_06242026.DAT
1.7591,0.628047,0.000111945,2.5002,Moment (emu),4.81,YZGO_BparaC_4.81MG_2.5K_06242026.DAT
1.76505,0.630469,0.000117307,2.4999,Moment (emu),4.81,YZGO_BparaC_4.81MG_2.5K_06242026.DAT
1.77275,0.632665,0.000112356,2.4998,Moment (emu),4.81,YZGO_BparaC_4.81MG_2.5K_06242026.DAT
1.78078,0.634956,0.000104762,2.4998,Moment (emu),4.81,YZGO_BparaC_4.81MG_2.5K_06242026.DAT
1.78707,0.637218,0.000112084,2.4999,Moment (emu),4.81,YZGO_BparaC_4.81MG_2.5K_06242026.DAT
1.79336,0.639461,0.000122512,2.5001,Moment (emu),4.81,YZGO_BparaC_4.81MG_2.5K_06242026.DAT
1.80003,0.641646,0.00010909,2.5000,Moment (emu),4.81,YZGO_BparaC_4.81MG_2.5K_06242026.DAT
1.80737,0.643936,0.000130641,2.5004,Moment (emu),4.81,YZGO_BparaC_4.81MG_2.5K_06242026.DAT
1.81575,0.646181,0.000117958,2.5006,Moment (emu),4.81,YZGO_BparaC_4.81MG_2.5K_06242026.DAT
1.82098,0.648377,0.00011442,2.5012,Moment (emu),4.81,YZGO_BparaC_4.81MG_2.5K_06242026.DAT
1.82829,0.650613,0.000107815,2.5013,Moment (emu),4.81,YZGO_BparaC_4.81MG_2.5K_06242026.DAT
1.83562,0.652866,0.000118056,2.5008,Moment (emu),4.81,YZGO_BparaC_4.81MG_2.5K_06242026.DAT
1.84296,0.655149,0.000121145,2.5010,Moment (emu),4.81,YZGO_BparaC_4.81MG_2.5K_06242026.DAT
1.8496,0.657325,0.000117364,2.5011,Moment (emu),4.81,YZGO_BparaC_4.81MG_2.5K_06242026.DAT
1.85695,0.659685,0.000117987,2.5007,Moment (emu),4.81,YZGO_BparaC_4.81MG_2.5K_06242026.DAT
1.86361,0.661858,0.000129909,2.5005,Moment (emu),4.81,YZGO_BparaC_4.81MG_2.5K_06242026.DAT
1.8713,0.664157,0.000113396,2.5002,Moment (emu),4.81,YZGO_BparaC_4.81MG_2.5K_06242026.DAT
1.87794,0.666368,0.000112266,2.5007,Moment (emu),4.81,YZGO_BparaC_4.81MG_2.5K_06242026.DAT
1.88458,0.66863,0.000126471,2.5004,Moment (emu),4.81,YZGO_BparaC_4.81MG_2.5K_06242026.DAT
1.89263,0.670888,0.000123224,2.4998,Moment (emu),4.81,YZGO_BparaC_4.81MG_2.5K_06242026.DAT
1.89788,0.673098,0.000116193,2.5001,Moment (emu),4.81,YZGO_BparaC_4.81MG_2.5K_06242026.DAT
1.90487,0.675312,0.000109278,2.5001,Moment (emu),4.81,YZGO_BparaC_4.81MG_2.5K_06242026.DAT
1.91292,0.677518,0.000107208,2.5002,Moment (emu),4.81,YZGO_BparaC_4.81MG_2.5K_06242026.DAT
1.91956,0.679775,0.000121634,2.4999,Moment (emu),4.81,YZGO_BparaC_4.81MG_2.5K_06242026.DAT
1.92585,0.681951,0.000105863,2.4999,Moment (emu),4.81,YZGO_BparaC_4.81MG_2.5K_06242026.DAT
1.93391,0.68415,0.000113079,2.5005,Moment (emu),4.81,YZGO_BparaC_4.81MG_2.5K_06242026.DAT
1.94021,0.686408,0.000108017,2.5007,Moment (emu),4.81,YZGO_BparaC_4.81MG_2.5K_06242026.DAT
1.94686,0.688579,0.000112175,2.5010,Moment (emu),4.81,YZGO_BparaC_4.81MG_2.5K_06242026.DAT
1.95386,0.690763,0.000114011,2.5013,Moment (emu),4.81,YZGO_BparaC_4.81MG_2.5K_06242026.DAT
1.96084,0.692989,0.000114464,2.5013,Moment (emu),4.81,YZGO_BparaC_4.81MG_2.5K_06242026.DAT
1.96786,0.695206,0.000112259,2.5010,Moment (emu),4.81,YZGO_BparaC_4.81MG_2.5K_06242026.DAT
1.97487,0.69747,0.000123172,2.5001,Moment (emu),4.81,YZGO_BparaC_4.81MG_2.5K_06242026.DAT
1.98186,0.699727,0.000118199,2.4997,Moment (emu),4.81,YZGO_BparaC_4.81MG_2.5K_06242026.DAT
1.98886,0.701938,0.000126469,2.4997,Moment (emu),4.81,YZGO_BparaC_4.81MG_2.5K_06242026.DAT
1.99589,0.704144,0.000123244,2.5001,Moment (emu),4.81,YZGO_BparaC_4.81MG_2.5K_06242026.DAT
2.00429,0.706205,0.000115828,2.5008,Moment (emu),4.81,YZGO_BparaC_4.81MG_2.5K_06242026.DAT
2.00989,0.708453,0.000126998,2.5010,Moment (emu),4.81,YZGO_BparaC_4.81MG_2.5K_06242026.DAT
2.01792,0.710574,0.000120507,2.5007,Moment (emu),4.81,YZGO_BparaC_4.81MG_2.5K_06242026.DAT
2.02454,0.712801,0.00010381,2.5005,Moment (emu),4.81,YZGO_BparaC_4.81MG_2.5K_06242026.DAT
2.03222,0.715032,0.000116408,2.5004,Moment (emu),4.81,YZGO_BparaC_4.81MG_2.5K_06242026.DAT
2.03852,0.71721,0.000122206,2.5001,Moment (emu),4.81,YZGO_BparaC_4.81MG_2.5K_06242026.DAT
2.04554,0.719428,0.000121497,2.5004,Moment (emu),4.81,YZGO_BparaC_4.81MG_2.5K_06242026.DAT
2.05254,0.721584,0.000120139,2.5004,Moment (emu),4.81,YZGO_BparaC_4.81MG_2.5K_06242026.DAT
2.05884,0.723731,9.45164e-05,2.5006,Moment (emu),4.81,YZGO_BparaC_4.81MG_2.5K_06242026.DAT
2.06655,0.725893,0.000107018,2.5008,Moment (emu),4.81,YZGO_BparaC_4.81MG_2.5K_06242026.DAT
2.07322,0.728199,0.000101258,2.5006,Moment (emu),4.81,YZGO_BparaC_4.81MG_2.5K_06242026.DAT
2.08128,0.730287,0.000114589,2.5006,Moment (emu),4.81,YZGO_BparaC_4.81MG_2.5K_06242026.DAT
2.08723,0.732526,0.000106432,2.5008,Moment (emu),4.81,YZGO_BparaC_4.81MG_2.5K_06242026.DAT
2.09529,0.734639,0.000117698,2.5008,Moment (emu),4.81,YZGO_BparaC_4.81MG_2.5K_06242026.DAT
2.1016,0.736815,0.000108554,2.5005,Moment (emu),4.81,YZGO_BparaC_4.81MG_2.5K_06242026.DAT
2.10792,0.738996,0.000104686,2.5007,Moment (emu),4.81,YZGO_BparaC_4.81MG_2.5K_06242026.DAT
2.11562,0.741147,0.000110692,2.5010,Moment (emu),4.81,YZGO_BparaC_4.81MG_2.5K_06242026.DAT
2.12334,0.743342,0.00010714,2.5006,Moment (emu),4.81,YZGO_BparaC_4.81MG_2.5K_06242026.DAT
2.13,0.74545,0.000114712,2.5007,Moment (emu),4.81,YZGO_BparaC_4.81MG_2.5K_06242026.DAT
2.13774,0.747678,0.000128512,2.5002,Moment (emu),4.81,YZGO_BparaC_4.81MG_2.5K_06242026.DAT
2.14406,0.749862,0.000121416,2.5002,Moment (emu),4.81,YZGO_BparaC_4.81MG_2.5K_06242026.DAT
2.1507,0.752074,0.0001372,2.5000,Moment (emu),4.81,YZGO_BparaC_4.81MG_2.5K_06242026.DAT
2.15806,0.754161,0.000109979,2.5003,Moment (emu),4.81,YZGO_BparaC_4.81MG_2.5K_06242026.DAT
2.164,0.756331,0.000119431,2.5005,Moment (emu),4.81,YZGO_BparaC_4.81MG_2.5K_06242026.DAT
2.17171,0.758457,0.000128433,2.5002,Moment (emu),4.81,YZGO_BparaC_4.81MG_2.5K_06242026.DAT
2.17767,0.760581,0.00012933,2.5005,Moment (emu),4.81,YZGO_BparaC_4.81MG_2.5K_06242026.DAT
2.18503,0.762708,0.000104229,2.5005,Moment (emu),4.81,YZGO_BparaC_4.81MG_2.5K_06242026.DAT
2.19274,0.764864,0.000116737,2.5001,Moment (emu),4.81,YZGO_BparaC_4.81MG_2.5K_06242026.DAT
2.1994,0.767001,0.000124493,2.5003,Moment (emu),4.81,YZGO_BparaC_4.81MG_2.5K_06242026.DAT
2.20571,0.769154,0.000102585,2.5007,Moment (emu),4.81,YZGO_BparaC_4.81MG_2.5K_06242026.DAT
2.21342,0.771239,0.000107468,2.5008,Moment (emu),4.81,YZGO_BparaC_4.81MG_2.5K_06242026.DAT
2.22044,0.773349,0.000117508,2.5005,Moment (emu),4.81,YZGO_BparaC_4.81MG_2.5K_06242026.DAT
2.22851,0.775606,0.000109924,2.5002,Moment (emu),4.81,YZGO_BparaC_4.81MG_2.5K_06242026.DAT
2.2348,0.777689,0.00011019,2.5001,Moment (emu),4.81,YZGO_BparaC_4.81MG_2.5K_06242026.DAT
2.24111,0.779824,0.00011483,2.5001,Moment (emu),4.81,YZGO_BparaC_4.81MG_2.5K_06242026.DAT
2.24917,0.781988,0.000109036,2.4999,Moment (emu),4.81,YZGO_BparaC_4.81MG_2.5K_06242026.DAT
2.25619,0.784115,0.000117318,2.4998,Moment (emu),4.81,YZGO_BparaC_4.81MG_2.5K_06242026.DAT
2.2625,0.786232,0.0001013,2.4997,Moment (emu),4.81,YZGO_BparaC_4.81MG_2.5K_06242026.DAT
2.26913,0.788333,0.000110367,2.4997,Moment (emu),4.81,YZGO_BparaC_4.81MG_2.5K_06242026.DAT
2.27649,0.790412,0.000113609,2.4998,Moment (emu),4.81,YZGO_BparaC_4.81MG_2.5K_06242026.DAT
2.28315,0.792504,0.000103836,2.5002,Moment (emu),4.81,YZGO_BparaC_4.81MG_2.5K_06242026.DAT
2.29087,0.79463,0.000112162,2.5005,Moment (emu),4.81,YZGO_BparaC_4.81MG_2.5K_06242026.DAT
2.29685,0.796711,0.00012361,2.5002,Moment (emu),4.81,YZGO_BparaC_4.81MG_2.5K_06242026.DAT
2.30563,0.79889,0.000111943,2.5003,Moment (emu),4.81,YZGO_BparaC_4.81MG_2.5K_06242026.DAT
2.31159,0.800885,0.000112368,2.5009,Moment (emu),4.81,YZGO_BparaC_4.81MG_2.5K_06242026.DAT
2.31822,0.802985,0.000113306,2.5011,Moment (emu),4.81,YZGO_BparaC_4.81MG_2.5K_06242026.DAT
2.32588,0.805083,0.00012341,2.5006,Moment (emu),4.81,YZGO_BparaC_4.81MG_2.5K_06242026.DAT
2.33358,0.807233,0.000104781,2.5005,Moment (emu),4.81,YZGO_BparaC_4.81MG_2.5K_06242026.DAT
2.33988,0.809283,0.000112401,2.5004,Moment (emu),4.81,YZGO_BparaC_4.81MG_2.5K_06242026.DAT
2.34619,0.8114,0.000115989,2.5005,Moment (emu),4.81,YZGO_BparaC_4.81MG_2.5K_06242026.DAT
2.35355,0.813524,0.000124344,2.5001,Moment (emu),4.81,YZGO_BparaC_4.81MG_2.5K_06242026.DAT
2.35989,0.815635,0.00011498,2.5002,Moment (emu),4.81,YZGO_BparaC_4.81MG_2.5K_06242026.DAT
2.36692,0.817622,0.000114072,2.5002,Moment (emu),4.81,YZGO_BparaC_4.81MG_2.5K_06242026.DAT
2.37392,0.819864,0.00011268,2.5000,Moment (emu),4.81,YZGO_BparaC_4.81MG_2.5K_06242026.DAT
2.38091,0.821885,0.000110239,2.4999,Moment (emu),4.81,YZGO_BparaC_4.81MG_2.5K_06242026.DAT
2.38862,0.823965,0.000115303,2.4998,Moment (emu),4.81,YZGO_BparaC_4.81MG_2.5K_06242026.DAT
2.39739,0.826029,0.000102127,2.5000,Moment (emu),4.81,YZGO_BparaC_4.81MG_2.5K_06242026.DAT
2.40266,0.828051,0.000105225,2.5004,Moment (emu),4.81,YZGO_BparaC_4.81MG_2.5K_06242026.DAT
2.41002,0.830198,0.000103057,2.5002,Moment (emu),4.81,YZGO_BparaC_4.81MG_2.5K_06242026.DAT
2.41667,0.832172,0.000111866,2.5007,Moment (emu),4.81,YZGO_BparaC_4.81MG_2.5K_06242026.DAT
2.42298,0.834224,0.00010272,2.5009,Moment (emu),4.81,YZGO_BparaC_4.81MG_2.5K_06242026.DAT
2.43105,0.836268,9.40508e-05,2.5008,Moment (emu),4.81,YZGO_BparaC_4.81MG_2.5K_06242026.DAT
2.43737,0.838392,0.000126784,2.5006,Moment (emu),4.81,YZGO_BparaC_4.81MG_2.5K_06242026.DAT
2.44473,0.840517,0.000121597,2.5003,Moment (emu),4.81,YZGO_BparaC_4.81MG_2.5K_06242026.DAT
2.45105,0.84262,0.000106791,2.5002,Moment (emu),4.81,YZGO_BparaC_4.81MG_2.5K_06242026.DAT
2.45878,0.844562,0.000105131,2.5004,Moment (emu),4.81,YZGO_BparaC_4.81MG_2.5K_06242026.DAT
2.46544,0.846668,0.000102556,2.5008,Moment (emu),4.81,YZGO_BparaC_4.81MG_2.5K_06242026.DAT
2.47279,0.848686,0.00010577,2.5006,Moment (emu),4.81,YZGO_BparaC_4.81MG_2.5K_06242026.DAT
2.47943,0.850755,8.89974e-05,2.5004,Moment (emu),4.81,YZGO_BparaC_4.81MG_2.5K_06242026.DAT
2.48643,0.852844,0.000102298,2.5005,Moment (emu),4.81,YZGO_BparaC_4.81MG_2.5K_06242026.DAT
2.49378,0.854851,0.000109604,2.5006,Moment (emu),4.81,YZGO_BparaC_4.81MG_2.5K_06242026.DAT
2.5008,0.856894,0.000108946,2.5004,Moment (emu),4.81,YZGO_BparaC_4.81MG_2.5K_06242026.DAT
2.50747,0.858987,9.3621e-05,2.4999,Moment (emu),4.81,YZGO_BparaC_4.81MG_2.5K_06242026.DAT
2.51447,0.861089,9.14967e-05,2.5001,Moment (emu),4.81,YZGO_BparaC_4.81MG_2.5K_06242026.DAT
2.52182,0.86308,7.32971e-05,2.5005,Moment (emu),4.81,YZGO_BparaC_4.81MG_2.5K_06242026.DAT
2.52816,0.865073,0.000111862,2.5008,Moment (emu),4.81,YZGO_BparaC_4.81MG_2.5K_06242026.DAT
2.53625,0.867101,9.30882e-05,2.5006,Moment (emu),4.81,YZGO_BparaC_4.81MG_2.5K_06242026.DAT
2.5422,0.869181,8.85241e-05,2.5006,Moment (emu),4.81,YZGO_BparaC_4.81MG_2.5K_06242026.DAT
2.54922,0.871249,8.65159e-05,2.5008,Moment (emu),4.81,YZGO_BparaC_4.81MG_2.5K_06242026.DAT
2.55659,0.873173,0.000104823,2.5007,Moment (emu),4.81,YZGO_BparaC_4.81MG_2.5K_06242026.DAT
2.56429,0.875213,0.000106121,2.5007,Moment (emu),4.81,YZGO_BparaC_4.81MG_2.5K_06242026.DAT
2.5713,0.877286,9.76118e-05,2.5001,Moment (emu),4.81,YZGO_BparaC_4.81MG_2.5K_06242026.DAT
2.5783,0.879337,8.99153e-05,2.5007,Moment (emu),4.81,YZGO_BparaC_4.81MG_2.5K_06242026.DAT
2.58566,0.881317,9.39664e-05,2.5009,Moment (emu),4.81,YZGO_BparaC_4.81MG_2.5K_06242026.DAT
2.59268,0.883366,0.000110652,2.5006,Moment (emu),4.81,YZGO_BparaC_4.81MG_2.5K_06242026.DAT
2.5983,0.885331,7.65729e-05,2.5008,Moment (emu),4.81,YZGO_BparaC_4.81MG_2.5K_06242026.DAT
2.60531,0.887357,8.12315e-05,2.5008,Moment (emu),4.81,YZGO_BparaC_4.81MG_2.5K_06242026.DAT
2.61234,0.889374,9.96614e-05,2.5005,Moment (emu),4.81,YZGO_BparaC_4.81MG_2.5K_06242026.DAT
2.62005,0.891354,9.05801e-05,2.5005,Moment (emu),4.81,YZGO_BparaC_4.81MG_2.5K_06242026.DAT
2.62636,0.893468,0.000100872,2.5002,Moment (emu),4.81,YZGO_BparaC_4.81MG_2.5K_06242026.DAT
2.63336,0.895423,0.000105462,2.5001,Moment (emu),4.81,YZGO_BparaC_4.81MG_2.5K_06242026.DAT
2.64038,0.897526,0.000100934,2.5000,Moment (emu),4.81,YZGO_BparaC_4.81MG_2.5K_06242026.DAT
2.64805,0.899402,8.46461e-05,2.4997,Moment (emu),4.81,YZGO_BparaC_4.81MG_2.5K_06242026.DAT
2.65432,0.901475,8.9177e-05,2.4994,Moment (emu),4.81,YZGO_BparaC_4.81MG_2.5K_06242026.DAT
2.66236,0.903449,0.000106058,2.4996,Moment (emu),4.81,YZGO_BparaC_4.81MG_2.5K_06242026.DAT
2.66796,0.905404,9.86035e-05,2.4997,Moment (emu),4.81,YZGO_BparaC_4.81MG_2.5K_06242026.DAT
2.67604,0.907432,6.46352e-05,2.4998,Moment (emu),4.81,YZGO_BparaC_4.81MG_2.5K_06242026.DAT
2.682,0.909346,0.000116702,2.5002,Moment (emu),4.81,YZGO_BparaC_4.81MG_2.5K_06242026.DAT
2.69007,0.911226,8.21377e-05,2.5010,Moment (emu),4.81,YZGO_BparaC_4.81MG_2.5K_06242026.DAT
2.69707,0.913235,6.78282e-05,2.5017,Moment (emu),4.81,YZGO_BparaC_4.81MG_2.5K_06242026.DAT
2.70481,0.915229,0.000121311,2.5011,Moment (emu),4.81,YZGO_BparaC_4.81MG_2.5K_06242026.DAT
2.71115,0.917235,9.56925e-05,2.5011,Moment (emu),4.81,YZGO_BparaC_4.81MG_2.5K_06242026.DAT
2.71745,0.919171,8.13757e-05,2.5011,Moment (emu),4.81,YZGO_BparaC_4.81MG_2.5K_06242026.DAT
2.72443,0.921173,0.000105669,2.5006,Moment (emu),4.81,YZGO_BparaC_4.81MG_2.5K_06242026.DAT
2.73179,0.923225,6.58944e-05,2.5002,Moment (emu),4.81,YZGO_BparaC_4.81MG_2.5K_06242026.DAT
2.73916,0.925179,0.000105295,2.5002,Moment (emu),4.81,YZGO_BparaC_4.81MG_2.5K_06242026.DAT
2.74512,0.927139,5.64136e-05,2.5004,Moment (emu),4.81,YZGO_BparaC_4.81MG_2.5K_06242026.DAT
2.75212,0.929131,9.59315e-05,2.5004,Moment (emu),4.81,YZGO_BparaC_4.81MG_2.5K_06242026.DAT
2.75948,0.931077,0.000117493,2.5002,Moment (emu),4.81,YZGO_BparaC_4.81MG_2.5K_06242026.DAT
2.76753,0.933034,9.35476e-05,2.5004,Moment (emu),4.81,YZGO_BparaC_4.81MG_2.5K_06242026.DAT
2.77349,0.935063,9.04193e-05,2.5004,Moment (emu),4.81,YZGO_BparaC_4.81MG_2.5K_06242026.DAT
2.78051,0.937012,8.33215e-05,2.5004,Moment (emu),4.81,YZGO_BparaC_4.81MG_2.5K_06242026.DAT
2.78752,0.938942,0.000117228,2.5001,Moment (emu),4.81,YZGO_BparaC_4.81MG_2.5K_06242026.DAT
2.79524,0.940906,8.61847e-05,2.5004,Moment (emu),4.81,YZGO_BparaC_4.81MG_2.5K_06242026.DAT
2.80188,0.942747,9.60904e-05,2.5010,Moment (emu),4.81,YZGO_BparaC_4.81MG_2.5K_06242026.DAT
2.80856,0.944712,0.00010179,2.5011,Moment (emu),4.81,YZGO_BparaC_4.81MG_2.5K_06242026.DAT
2.8163,0.946678,0.000116373,2.5004,Moment (emu),4.81,YZGO_BparaC_4.81MG_2.5K_06242026.DAT
2.82297,0.948679,0.000120969,2.5005,Moment (emu),4.81,YZGO_BparaC_4.81MG_2.5K_06242026.DAT
2.83105,0.950595,0.00010022,2.5010,Moment (emu),4.81,YZGO_BparaC_4.81MG_2.5K_06242026.DAT
2.83634,0.95254,0.000105714,2.5004,Moment (emu),4.81,YZGO_BparaC_4.81MG_2.5K_06242026.DAT
2.84372,0.954572,8.24644e-05,2.5002,Moment (emu),4.81,YZGO_BparaC_4.81MG_2.5K_06242026.DAT
2.85074,0.956448,8.96096e-05,2.5001,Moment (emu),4.81,YZGO_BparaC_4.81MG_2.5K_06242026.DAT
2.85881,0.958351,9.73323e-05,2.4999,Moment (emu),4.81,YZGO_BparaC_4.81MG_2.5K_06242026.DAT
2.86476,0.960373,7.50823e-05,2.4998,Moment (emu),4.81,YZGO_BparaC_4.81MG_2.5K_06242026.DAT
2.87212,0.962274,0.000107419,2.4994,Moment (emu),4.81,YZGO_BparaC_4.81MG_2.5K_06242026.DAT
2.87912,0.964188,9.09913e-05,2.4994,Moment (emu),4.81,YZGO_BparaC_4.81MG_2.5K_06242026.DAT
2.88579,0.966137,9.64384e-05,2.4997,Moment (emu),4.81,YZGO_BparaC_4.81MG_2.5K_06242026.DAT
2.8935,0.968022,0.00010702,2.4999,Moment (emu),4.81,YZGO_BparaC_4.81MG_2.5K_06242026.DAT
2.89945,0.969866,7.59476e-05,2.5000,Moment (emu),4.81,YZGO_BparaC_4.81MG_2.5K_06242026.DAT
2.90783,0.971779,0.000101177,2.5002,Moment (emu),4.81,YZGO_BparaC_4.81MG_2.5K_06242026.DAT
2.91449,0.97375,0.000113473,2.5002,Moment (emu),4.81,YZGO_BparaC_4.81MG_2.5K_06242026.DAT
2.92048,0.975557,7.46128e-05,2.5002,Moment (emu),4.81,YZGO_BparaC_4.81MG_2.5K_06242026.DAT
2.92786,0.977436,0.000123093,2.5005,Moment (emu),4.81,YZGO_BparaC_4.81MG_2.5K_06242026.DAT
2.93555,0.979533,0.000123362,2.5004,Moment (emu),4.81,YZGO_BparaC_4.81MG_2.5K_06242026.DAT
2.94149,0.981254,7.82758e-05,2.5003,Moment (emu),4.81,YZGO_BparaC_4.81MG_2.5K_06242026.DAT
2.94918,0.983233,9.87538e-05,2.5006,Moment (emu),4.81,YZGO_BparaC_4.81MG_2.5K_06242026.DAT
2.95549,0.985134,0.000114615,2.5005,Moment (emu),4.81,YZGO_BparaC_4.81MG_2.5K_06242026.DAT
2.96358,0.987039,0.000126931,2.5003,Moment (emu),4.81,YZGO_BparaC_4.81MG_2.5K_06242026.DAT
2.96991,0.988936,8.80106e-05,2.5004,Moment (emu),4.81,YZGO_BparaC_4.81MG_2.5K_06242026.DAT
2.97762,0.990835,9.88437e-05,2.5008,Moment (emu),4.81,YZGO_BparaC_4.81MG_2.5K_06242026.DAT
2.98356,0.992581,8.92563e-05,2.5009,Moment (emu),4.81,YZGO_BparaC_4.81MG_2.5K_06242026.DAT
2.99058,0.994519,0.000117139,2.5009,Moment (emu),4.81,YZGO_BparaC_4.81MG_2.5K_06242026.DAT
2.9976,0.996448,9.48355e-05,2.5009,Moment (emu),4.81,YZGO_BparaC_4.81MG_2.5K_06242026.DAT
3.00463,0.99831,0.0001139,2.5010,Moment (emu),4.81,YZGO_BparaC_4.81MG_2.5K_06242026.DAT
3.01198,1.00023,8.17197e-05,2.5008,Moment (emu),4.81,YZGO_BparaC_4.81MG_2.5K_06242026.DAT
3.02109,1.00216,0.000111861,2.5004,Moment (emu),4.81,YZGO_BparaC_4.81MG_2.5K_06242026.DAT
3.02636,1.00404,0.000126939,2.5002,Moment (emu),4.81,YZGO_BparaC_4.81MG_2.5K_06242026.DAT
3.03268,1.00595,0.000107153,2.4999,Moment (emu),4.81,YZGO_BparaC_4.81MG_2.5K_06242026.DAT
3.03968,1.00785,0.000116496,2.4998,Moment (emu),4.81,YZGO_BparaC_4.81MG_2.5K_06242026.DAT
3.04806,1.00971,0.000111956,2.4996,Moment (emu),4.81,YZGO_BparaC_4.81MG_2.5K_06242026.DAT
3.0547,1.01151,0.000102936,2.4995,Moment (emu),4.81,YZGO_BparaC_4.81MG_2.5K_06242026.DAT
3.06067,1.01337,9.51428e-05,2.5002,Moment (emu),4.81,YZGO_BparaC_4.81MG_2.5K_06242026.DAT
3.06875,1.01517,0.000100901,2.5005,Moment (emu),4.81,YZGO_BparaC_4.81MG_2.5K_06242026.DAT
3.07471,1.01707,0.000104676,2.5006,Moment (emu),4.81,YZGO_BparaC_4.81MG_2.5K_06242026.DAT
3.08277,1.01887,0.000105833,2.5007,Moment (emu),4.81,YZGO_BparaC_4.81MG_2.5K_06242026.DAT
3.08942,1.02077,8.36836e-05,2.5005,Moment (emu),4.81,YZGO_BparaC_4.81MG_2.5K_06242026.DAT
3.09783,1.02263,0.000127747,2.5005,Moment (emu),4.81,YZGO_BparaC_4.81MG_2.5K_06242026.DAT
3.10309,1.02449,6.73088e-05,2.5007,Moment (emu),4.81,YZGO_BparaC_4.81MG_2.5K_06242026.DAT
3.10976,1.02633,9.98246e-05,2.5007,Moment (emu),4.81,YZGO_BparaC_4.81MG_2.5K_06242026.DAT
3.11677,1.02828,6.13769e-05,2.5002,Moment (emu),4.81,YZGO_BparaC_4.81MG_2.5K_06242026.DAT
3.12519,1.02999,0.000111343,2.4999,Moment (emu),4.81,YZGO_BparaC_4.81MG_2.5K_06242026.DAT
3.13116,1.03183,8.57051e-05,2.4998,Moment (emu),4.81,YZGO_BparaC_4.81MG_2.5K_06242026.DAT
3.13782,1.03366,8.55796e-05,2.4996,Moment (emu),4.81,YZGO_BparaC_4.81MG_2.5K_06242026.DAT
3.14482,1.03562,4.94746e-05,2.4998,Moment (emu),4.81,YZGO_BparaC_4.81MG_2.5K_06242026.DAT
3.15181,1.03724,8.31336e-05,2.5006,Moment (emu),4.81,YZGO_BparaC_4.81MG_2.5K_06242026.DAT
3.15951,1.03915,8.33062e-05,2.5007,Moment (emu),4.81,YZGO_BparaC_4.81MG_2.5K_06242026.DAT
3.1658,1.04093,0.000109202,2.4999,Moment (emu),4.81,YZGO_BparaC_4.81MG_2.5K_06242026.DAT
3.17281,1.04279,9.77832e-05,2.5000,Moment (emu),4.81,YZGO_BparaC_4.81MG_2.5K_06242026.DAT
3.17983,1.04468,0.000102405,2.5003,Moment (emu),4.81,YZGO_BparaC_4.81MG_2.5K_06242026.DAT
3.18754,1.04653,9.50199e-05,2.4997,Moment (emu),4.81,YZGO_BparaC_4.81MG_2.5K_06242026.DAT
3.19384,1.04834,0.00011424,2.5002,Moment (emu),4.81,YZGO_BparaC_4.81MG_2.5K_06242026.DAT
3.20088,1.05001,8.6329e-05,2.5008,Moment (emu),4.81,YZGO_BparaC_4.81MG_2.5K_06242026.DAT
3.2079,1.05181,8.36197e-05,2.5014,Moment (emu),4.81,YZGO_BparaC_4.81MG_2.5K_06242026.DAT
3.21598,1.05373,0.000118362,2.5011,Moment (emu),4.81,YZGO_BparaC_4.81MG_2.5K_06242026.DAT
3.22193,1.05544,9.02092e-05,2.5007,Moment (emu),4.81,YZGO_BparaC_4.81MG_2.5K_06242026.DAT
3.22998,1.05726,0.000101247,2.5007,Moment (emu),4.81,YZGO_BparaC_4.81MG_2.5K_06242026.DAT
3.23699,1.05918,0.000115105,2.5006,Moment (emu),4.81,YZGO_BparaC_4.81MG_2.5K_06242026.DAT
3.24436,1.06092,9.09556e-05,2.5001,Moment (emu),4.81,YZGO_BparaC_4.81MG_2.5K_06242026.DAT
3.25068,1.06284,8.37474e-05,2.4998,Moment (emu),4.81,YZGO_BparaC_4.81MG_2.5K_06242026.DAT
3.25699,1.06456,9.09045e-05,2.4998,Moment (emu),4.81,YZGO_BparaC_4.81MG_2.5K_06242026.DAT
3.26505,1.06636,7.66902e-05,2.5002,Moment (emu),4.81,YZGO_BparaC_4.81MG_2.5K_06242026.DAT
3.27066,1.06815,8.75371e-05,2.5003,Moment (emu),4.81,YZGO_BparaC_4.81MG_2.5K_06242026.DAT
3.27768,1.06997,7.56987e-05,2.5004,Moment (emu),4.81,YZGO_BparaC_4.81MG_2.5K_06242026.DAT
3.28504,1.07179,9.4247e-05,2.5000,Moment (emu),4.81,YZGO_BparaC_4.81MG_2.5K_06242026.DAT
3.29241,1.07354,0.000118933,2.4997,Moment (emu),4.81,YZGO_BparaC_4.81MG_2.5K_06242026.DAT
3.2987,1.07525,9.96127e-05,2.4998,Moment (emu),4.81,YZGO_BparaC_4.81MG_2.5K_06242026.DAT
3.30607,1.07709,0.000116574,2.5001,Moment (emu),4.81,YZGO_BparaC_4.81MG_2.5K_06242026.DAT
3.31308,1.0788,0.000122044,2.5004,Moment (emu),4.81,YZGO_BparaC_4.81MG_2.5K_06242026.DAT
3.32078,1.08059,0.000107894,2.5010,Moment (emu),4.81,YZGO_BparaC_4.81MG_2.5K_06242026.DAT
3.32707,1.08234,8.94323e-05,2.5009,Moment (emu),4.81,YZGO_BparaC_4.81MG_2.5K_06242026.DAT
3.33477,1.08411,8.8869e-05,2.5003,Moment (emu),4.81,YZGO_BparaC_4.81MG_2.5K_06242026.DAT
3.34145,1.08597,0.000115263,2.5001,Moment (emu),4.81,YZGO_BparaC_4.81MG_2.5K_06242026.DAT
3.34915,1.08759,0.000126523,2.4998,Moment (emu),4.81,YZGO_BparaC_4.81MG_2.5K_06242026.DAT
3.35546,1.08938,0.000108094,2.5004,Moment (emu),4.81,YZGO_BparaC_4.81MG_2.5K_06242026.DAT
3.36391,1.09102,0.000124168,2.5005,Moment (emu),4.81,YZGO_BparaC_4.81MG_2.5K_06242026.DAT
3.36951,1.09288,0.000100907,2.5011,Moment (emu),4.81,YZGO_BparaC_4.81MG_2.5K_06242026.DAT
3.37616,1.09458,8.8244e-05,2.5016,Moment (emu),4.81,YZGO_BparaC_4.81MG_2.5K_06242026.DAT
3.38458,1.0964,0.000111351,2.5009,Moment (emu),4.81,YZGO_BparaC_4.81MG_2.5K_06242026.DAT
3.38985,1.09826,0.000117641,2.5006,Moment (emu),4.81,YZGO_BparaC_4.81MG_2.5K_06242026.DAT
3.39757,1.09996,0.000119121,2.5003,Moment (emu),4.81,YZGO_BparaC_4.81MG_2.5K_06242026.DAT
3.40391,1.10173,0.000122529,2.4999,Moment (emu),4.81,YZGO_BparaC_4.81MG_2.5K_06242026.DAT
3.41236,1.10355,7.4427e-05,2.4999,Moment (emu),4.81,YZGO_BparaC_4.81MG_2.5K_06242026.DAT
3.41868,1.10526,9.77101e-05,2.5001,Moment (emu),4.81,YZGO_BparaC_4.81MG_2.5K_06242026.DAT
3.42674,1.10699,9.4199e-05,2.4999,Moment (emu),4.81,YZGO_BparaC_4.81MG_2.5K_06242026.DAT
3.43235,1.10861,0.000107729,2.5001,Moment (emu),4.81,YZGO_BparaC_4.81MG_2.5K_06242026.DAT
3.4404,1.11048,0.000116406,2.5001,Moment (emu),4.81,YZGO_BparaC_4.81MG_2.5K_06242026.DAT
3.44635,1.1122,0.000113701,2.5002,Moment (emu),4.81,YZGO_BparaC_4.81MG_2.5K_06242026.DAT
3.45334,1.11384,8.76716e-05,2.5002,Moment (emu),4.81,YZGO_BparaC_4.81MG_2.5K_06242026.DAT
3.46069,1.11563,9.99434e-05,2.4999,Moment (emu),4.81,YZGO_BparaC_4.81MG_2.5K_06242026.DAT
3.4677,1.11733,0.000101602,2.5000,Moment (emu),4.81,YZGO_BparaC_4.81MG_2.5K_06242026.DAT
3.47468,1.11905,9.89479e-05,2.5003,Moment (emu),4.81,YZGO_BparaC_4.81MG_2.5K_06242026.DAT
3.48099,1.12075,0.000116983,2.5003,Moment (emu),4.81,YZGO_BparaC_4.81MG_2.5K_06242026.DAT
3.48765,1.12242,9.99895e-05,2.5004,Moment (emu),4.81,YZGO_BparaC_4.81MG_2.5K_06242026.DAT
3.49537,1.12416,9.24819e-05,2.5003,Moment (emu),4.81,YZGO_BparaC_4.81MG_2.5K_06242026.DAT
3.50271,1.1259,0.000120614,2.5003,Moment (emu),4.81,YZGO_BparaC_4.81MG_2.5K_06242026.DAT
3.50935,1.12754,0.000109722,2.5004,Moment (emu),4.81,YZGO_BparaC_4.81MG_2.5K_06242026.DAT
3.51671,1.12925,8.58814e-05,2.5006,Moment (emu),4.81,YZGO_BparaC_4.81MG_2.5K_06242026.DAT
3.52336,1.131,0.000111908,2.5006,Moment (emu),4.81,YZGO_BparaC_4.81MG_2.5K_06242026.DAT
3.53073,1.13266,0.000102631,2.5003,Moment (emu),4.81,YZGO_BparaC_4.81MG_2.5K_06242026.DAT
3.5374,1.13444,0.00012092,2.5001,Moment (emu),4.81,YZGO_BparaC_4.81MG_2.5K_06242026.DAT
3.54512,1.13615,9.21455e-05,2.5003,Moment (emu),4.81,YZGO_BparaC_4.81MG_2.5K_06242026.DAT
3.55147,1.13781,8.36314e-05,2.5000,Moment (emu),4.81,YZGO_BparaC_4.81MG_2.5K_06242026.DAT
3.55919,1.13953,4.30131e-05,2.4997,Moment (emu),4.81,YZGO_BparaC_4.81MG_2.5K_06242026.DAT
3.56516,1.14129,9.06832e-05,2.4998,Moment (emu),4.81,YZGO_BparaC_4.81MG_2.5K_06242026.DAT
3.57358,1.1429,9.70347e-05,2.4999,Moment (emu),4.81,YZGO_BparaC_4.81MG_2.5K_06242026.DAT
3.57987,1.14455,6.06705e-05,2.5001,Moment (emu),4.81,YZGO_BparaC_4.81MG_2.5K_06242026.DAT
3.58687,1.14629,9.48503e-05,2.5001,Moment (emu),4.81,YZGO_BparaC_4.81MG_2.5K_06242026.DAT
3.59424,1.1479,0.000114367,2.5001,Moment (emu),4.81,YZGO_BparaC_4.81MG_2.5K_06242026.DAT
3.60021,1.14957,0.000105667,2.5004,Moment (emu),4.81,YZGO_BparaC_4.81MG_2.5K_06242026.DAT
3.60722,1.15116,7.20137e-05,2.5007,Moment (emu),4.81,YZGO_BparaC_4.81MG_2.5K_06242026.DAT
3.61528,1.15285,0.000107032,2.5007,Moment (emu),4.81,YZGO_BparaC_4.81MG_2.5K_06242026.DAT
3.6219,1.15455,7.02722e-05,2.5005,Moment (emu),4.81,YZGO_BparaC_4.81MG_2.5K_06242026.DAT
3.62856,1.15619,9.96896e-05,2.5002,Moment (emu),4.81,YZGO_BparaC_4.81MG_2.5K_06242026.DAT
3.63591,1.15788,9.19416e-05,2.5001,Moment (emu),4.81,YZGO_BparaC_4.81MG_2.5K_06242026.DAT
3.64188,1.15953,9.74272e-05,2.5005,Moment (emu),4.81,YZGO_BparaC_4.81MG_2.5K_06242026.DAT
3.64926,1.16123,0.000123597,2.5006,Moment (emu),4.81,YZGO_BparaC_4.81MG_2.5K_06242026.DAT
3.65628,1.16276,0.000128307,2.5006,Moment (emu),4.81,YZGO_BparaC_4.81MG_2.5K_06242026.DAT
3.66363,1.16456,0.000104186,2.5008,Moment (emu),4.81,YZGO_BparaC_4.81MG_2.5K_06242026.DAT
3.67062,1.16617,8.38523e-05,2.5008,Moment (emu),4.81,YZGO_BparaC_4.81MG_2.5K_06242026.DAT
3.67797,1.16779,0.000104555,2.5005,Moment (emu),4.81,YZGO_BparaC_4.81MG_2.5K_06242026.DAT
3.68429,1.16945,9.65823e-05,2.5001,Moment (emu),4.81,YZGO_BparaC_4.81MG_2.5K_06242026.DAT
3.69202,1.17114,9.84845e-05,2.4999,Moment (emu),4.81,YZGO_BparaC_4.81MG_2.5K_06242026.DAT
3.69938,1.17277,0.000121841,2.5000,Moment (emu),4.81,YZGO_BparaC_4.81MG_2.5K_06242026.DAT
3.7071,1.17439,0.00011479,2.5004,Moment (emu),4.81,YZGO_BparaC_4.81MG_2.5K_06242026.DAT
3.71201,1.17606,0.000106565,2.5001,Moment (emu),4.81,YZGO_BparaC_4.81MG_2.5K_06242026.DAT
3.71973,1.17755,9.92351e-05,2.5000,Moment (emu),4.81,YZGO_BparaC_4.81MG_2.5K_06242026.DAT
3.7264,1.17929,0.000122727,2.5001,Moment (emu),4.81,YZGO_BparaC_4.81MG_2.5K_06242026.DAT
3.73412,1.1809,0.000107753,2.5002,Moment (emu),4.81,YZGO_BparaC_4.81MG_2.5K_06242026.DAT
3.74044,1.18247,9.57384e-05,2.5009,Moment (emu),4.81,YZGO_BparaC_4.81MG_2.5K_06242026.DAT
3.7485,1.1841,0.000100597,2.5011,Moment (emu),4.81,YZGO_BparaC_4.81MG_2.5K_06242026.DAT
3.75445,1.18568,0.000119148,2.5009,Moment (emu),4.81,YZGO_BparaC_4.81MG_2.5K_06242026.DAT
3.76145,1.18726,0.000151715,2.5010,Moment (emu),4.81,YZGO_BparaC_4.81MG_2.5K_06242026.DAT
3.7681,1.18894,0.000115059,2.5010,Moment (emu),4.81,YZGO_BparaC_4.81MG_2.5K_06242026.DAT
3.7751,1.1905,0.000123713,2.5004,Moment (emu),4.81,YZGO_BparaC_4.81MG_2.5K_06242026.DAT
3.78212,1.1922,0.000107752,2.5000,Moment (emu),4.81,YZGO_BparaC_4.81MG_2.5K_06242026.DAT
3.78915,1.19388,9.72146e-05,2.5000,Moment (emu),4.81,YZGO_BparaC_4.81MG_2.5K_06242026.DAT
3.79648,1.19553,0.000107802,2.5000,Moment (emu),4.81,YZGO_BparaC_4.81MG_2.5K_06242026.DAT
3.80347,1.19705,0.000110532,2.5000,Moment (emu),4.81,YZGO_BparaC_4.81MG_2.5K_06242026.DAT
3.81119,1.19863,0.000106346,2.4998,Moment (emu),4.81,YZGO_BparaC_4.81MG_2.5K_06242026.DAT
3.81889,1.20015,9.05855e-05,2.4996,Moment (emu),4.81,YZGO_BparaC_4.81MG_2.5K_06242026.DAT
3.82412,1.20178,8.43606e-05,2.4998,Moment (emu),4.81,YZGO_BparaC_4.81MG_2.5K_06242026.DAT
3.83113,1.20344,0.000112778,2.5001,Moment (emu),4.81,YZGO_BparaC_4.81MG_2.5K_06242026.DAT
3.83816,1.20487,0.000117533,2.5000,Moment (emu),4.81,YZGO_BparaC_4.81MG_2.5K_06242026.DAT
3.84519,1.20657,0.000128832,2.5000,Moment (emu),4.81,YZGO_BparaC_4.81MG_2.5K_06242026.DAT
3.85221,1.20814,8.7586e-05,2.5002,Moment (emu),4.81,YZGO_BparaC_4.81MG_2.5K_06242026.DAT
3.86027,1.20966,6.19155e-05,2.5007,Moment (emu),4.81,YZGO_BparaC_4.81MG_2.5K_06242026.DAT
3.86621,1.21124,0.000121012,2.5009,Moment (emu),4.81,YZGO_BparaC_4.81MG_2.5K_06242026.DAT
3.87358,1.21289,0.000114252,2.5006,Moment (emu),4.81,YZGO_BparaC_4.81MG_2.5K_06242026.DAT
3.8806,1.21448,8.24426e-05,2.5005,Moment (emu),4.81,YZGO_BparaC_4.81MG_2.5K_06242026.DAT
3.8876,1.21595,8.34945e-05,2.5005,Moment (emu),4.81,YZGO_BparaC_4.81MG_2.5K_06242026.DAT
3.89424,1.21757,0.000111104,2.5003,Moment (emu),4.81,YZGO_BparaC_4.81MG_2.5K_06242026.DAT
3.90263,1.21924,0.000120629,2.4998,Moment (emu),4.81,YZGO_BparaC_4.81MG_2.5K_06242026.DAT
3.90824,1.2207,9.24732e-05,2.5000,Moment (emu),4.81,YZGO_BparaC_4.81MG_2.5K_06242026.DAT
3.91525,1.22217,0.000109759,2.5005,Moment (emu),4.81,YZGO_BparaC_4.81MG_2.5K_06242026.DAT
3.92298,1.22382,0.000116738,2.5004,Moment (emu),4.81,YZGO_BparaC_4.81MG_2.5K_06242026.DAT
3.93001,1.22531,0.000102949,2.5002,Moment (emu),4.81,YZGO_BparaC_4.81MG_2.5K_06242026.DAT
3.93737,1.22683,9.20222e-05,2.5001,Moment (emu),4.81,YZGO_BparaC_4.81MG_2.5K_06242026.DAT
3.94334,1.22839,7.44992e-05,2.4997,Moment (emu),4.81,YZGO_BparaC_4.81MG_2.5K_06242026.DAT
3.95033,1.22994,0.000105718,2.5000,Moment (emu),4.81,YZGO_BparaC_4.81MG_2.5K_06242026.DAT
3.95733,1.23151,0.000118557,2.5006,Moment (emu),4.81,YZGO_BparaC_4.81MG_2.5K_06242026.DAT
3.96436,1.23293,0.000102822,2.5010,Moment (emu),4.81,YZGO_BparaC_4.81MG_2.5K_06242026.DAT
3.97248,1.23456,0.000127176,2.5012,Moment (emu),4.81,YZGO_BparaC_4.81MG_2.5K_06242026.DAT
3.97914,1.23599,7.26053e-05,2.5014,Moment (emu),4.81,YZGO_BparaC_4.81MG_2.5K_06242026.DAT
3.98546,1.23753,9.42082e-05,2.5017,Moment (emu),4.81,YZGO_BparaC_4.81MG_2.5K_06242026.DAT
3.99282,1.23903,0.000100099,2.5012,Moment (emu),4.81,YZGO_BparaC_4.81MG_2.5K_06242026.DAT
4.00089,1.24068,8.29181e-05,2.5004,Moment (emu),4.81,YZGO_BparaC_4.81MG_2.5K_06242026.DAT
4.00752,1.24226,0.000106905,2.4995,Moment (emu),4.81,YZGO_BparaC_4.81MG_2.5K_06242026.DAT
4.0142,1.24387,0.000106727,2.4995,Moment (emu),4.81,YZGO_BparaC_4.81MG_2.5K_06242026.DAT
4.02158,1.24534,8.0218e-05,2.4993,Moment (emu),4.81,YZGO_BparaC_4.81MG_2.5K_06242026.DAT
4.02755,1.2469,9.46816e-05,2.4991,Moment (emu),4.81,YZGO_BparaC_4.81MG_2.5K_06242026.DAT
4.0349,1.24838,0.000107373,2.4993,Moment (emu),4.81,YZGO_BparaC_4.81MG_2.5K_06242026.DAT
4.04294,1.24989,0.000111482,2.4998,Moment (emu),4.81,YZGO_BparaC_4.81MG_2.5K_06242026.DAT
4.04926,1.25128,7.85265e-05,2.5001,Moment (emu),4.81,YZGO_BparaC_4.81MG_2.5K_06242026.DAT
4.05559,1.25279,0.000117715,2.5001,Moment (emu),4.81,YZGO_BparaC_4.81MG_2.5K_06242026.DAT
4.06261,1.25425,7.20233e-05,2.5003,Moment (emu),4.81,YZGO_BparaC_4.81MG_2.5K_06242026.DAT
4.06998,1.2558,4.75073e-05,2.5002,Moment (emu),4.81,YZGO_BparaC_4.81MG_2.5K_06242026.DAT
4.07664,1.25727,0.000115096,2.5003,Moment (emu),4.81,YZGO_BparaC_4.81MG_2.5K_06242026.DAT
4.08329,1.2588,8.80835e-05,2.5006,Moment (emu),4.81,YZGO_BparaC_4.81MG_2.5K_06242026.DAT
4.09061,1.26024,0.000111325,2.5004,Moment (emu),4.81,YZGO_BparaC_4.81MG_2.5K_06242026.DAT
4.09761,1.26183,0.000121917,2.5001,Moment (emu),4.81,YZGO_BparaC_4.81MG_2.5K_06242026.DAT
4.10568,1.26321,9.56649e-05,2.5001,Moment (emu),4.81,YZGO_BparaC_4.81MG_2.5K_06242026.DAT
4.11167,1.26477,0.000102999,2.5006,Moment (emu),4.81,YZGO_BparaC_4.81MG_2.5K_06242026.DAT
4.11871,1.26609,0.000118055,2.5008,Moment (emu),4.81,YZGO_BparaC_4.81MG_2.5K_06242026.DAT
4.12571,1.26769,0.000101767,2.5007,Moment (emu),4.81,YZGO_BparaC_4.81MG_2.5K_06242026.DAT
4.13269,1.2691,0.00012066,2.5004,Moment (emu),4.81,YZGO_BparaC_4.81MG_2.5K_06242026.DAT
4.14004,1.27069,0.000122173,2.5004,Moment (emu),4.81,YZGO_BparaC_4.81MG_2.5K_06242026.DAT
4.14877,1.27207,5.95709e-05,2.5008,Moment (emu),4.81,YZGO_BparaC_4.81MG_2.5K_06242026.DAT
4.15437,1.2735,9.29734e-05,2.5005,Moment (emu),4.81,YZGO_BparaC_4.81MG_2.5K_06242026.DAT
4.16067,1.27505,9.75546e-05,2.5002,Moment (emu),4.81,YZGO_BparaC_4.81MG_2.5K_06242026.DAT
4.16875,1.27644,8.45299e-05,2.5000,Moment (emu),4.81,YZGO_BparaC_4.81MG_2.5K_06242026.DAT
4.17613,1.27799,0.000124087,2.5000,Moment (emu),4.81,YZGO_BparaC_4.81MG_2.5K_06242026.DAT
4.18243,1.27939,0.000108072,2.5004,Moment (emu),4.81,YZGO_BparaC_4.81MG_2.5K_06242026.DAT
4.18979,1.28087,9.29e-05,2.5004,Moment (emu),4.81,YZGO_BparaC_4.81MG_2.5K_06242026.DAT
4.19681,1.28226,0.000109709,2.5003,Moment (emu),4.81,YZGO_BparaC_4.81MG_2.5K_06242026.DAT
4.20241,1.28382,0.000105827,2.5002,Moment (emu),4.81,YZGO_BparaC_4.81MG_2.5K_06242026.DAT
4.21048,1.28523,0.000119161,2.5005,Moment (emu),4.81,YZGO_BparaC_4.81MG_2.5K_06242026.DAT
4.21715,1.28661,4.57304e-05,2.5005,Moment (emu),4.81,YZGO_BparaC_4.81MG_2.5K_06242026.DAT
4.22487,1.28806,0.000135254,2.5001,Moment (emu),4.81,YZGO_BparaC_4.81MG_2.5K_06242026.DAT
4.23154,1.28955,0.000121998,2.5001,Moment (emu),4.81,YZGO_BparaC_4.81MG_2.5K_06242026.DAT
4.2389,1.29098,9.32542e-05,2.5003,Moment (emu),4.81,YZGO_BparaC_4.81MG_2.5K_06242026.DAT
4.24555,1.29252,7.19684e-05,2.5000,Moment (emu),4.81,YZGO_BparaC_4.81MG_2.5K_06242026.DAT
4.25185,1.29375,9.56701e-05,2.4995,Moment (emu),4.81,YZGO_BparaC_4.81MG_2.5K_06242026.DAT
4.25991,1.29523,7.06884e-05,2.4997,Moment (emu),4.81,YZGO_BparaC_4.81MG_2.5K_06242026.DAT
4.26728,1.29673,0.000123535,2.4999,Moment (emu),4.81,YZGO_BparaC_4.81MG_2.5K_06242026.DAT
4.27394,1.29805,0.000107179,2.5000,Moment (emu),4.81,YZGO_BparaC_4.81MG_2.5K_06242026.DAT
4.27991,1.29949,0.000140687,2.5004,Moment (emu),4.81,YZGO_BparaC_4.81MG_2.5K_06242026.DAT
4.28656,1.30081,0.000134048,2.5006,Moment (emu),4.81,YZGO_BparaC_4.81MG_2.5K_06242026.DAT
4.29391,1.30231,9.65027e-05,2.5001,Moment (emu),4.81,YZGO_BparaC_4.81MG_2.5K_06242026.DAT
4.30093,1.30367,7.60926e-05,2.4996,Moment (emu),4.81,YZGO_BparaC_4.81MG_2.5K_06242026.DAT
4.30865,1.30509,7.33769e-05,2.5003,Moment (emu),4.81,YZGO_BparaC_4.81MG_2.5K_06242026.DAT
4.3157,1.30653,0.000109773,2.5003,Moment (emu),4.81,YZGO_BparaC_4.81MG_2.5K_06242026.DAT
4.32234,1.30789,0.000107289,2.5003,Moment (emu),4.81,YZGO_BparaC_4.81MG_2.5K_06242026.DAT
4.33002,1.30938,0.000145498,2.5002,Moment (emu),4.81,YZGO_BparaC_4.81MG_2.5K_06242026.DAT
4.33598,1.31063,0.000113428,2.5001,Moment (emu),4.81,YZGO_BparaC_4.81MG_2.5K_06242026.DAT
4.34369,1.3121,0.000106365,2.5005,Moment (emu),4.81,YZGO_BparaC_4.81MG_2.5K_06242026.DAT
4.35001,1.31337,7.44659e-05,2.5009,Moment (emu),4.81,YZGO_BparaC_4.81MG_2.5K_06242026.DAT
4.35666,1.31481,0.000105936,2.5010,Moment (emu),4.81,YZGO_BparaC_4.81MG_2.5K_06242026.DAT
4.36401,1.31621,0.000125254,2.5009,Moment (emu),4.81,YZGO_BparaC_4.81MG_2.5K_06242026.DAT
4.37278,1.31766,0.000113711,2.5011,Moment (emu),4.81,YZGO_BparaC_4.81MG_2.5K_06242026.DAT
4.37873,1.31903,9.50808e-05,2.5009,Moment (emu),4.81,YZGO_BparaC_4.81MG_2.5K_06242026.DAT
4.38577,1.32031,9.2967e-05,2.5009,Moment (emu),4.81,YZGO_BparaC_4.81MG_2.5K_06242026.DAT
4.39245,1.32186,0.000118956,2.5006,Moment (emu),4.81,YZGO_BparaC_4.81MG_2.5K_06242026.DAT
4.39877,1.32317,0.000119142,2.5001,Moment (emu),4.81,YZGO_BparaC_4.81MG_2.5K_06242026.DAT
4.40579,1.32471,0.000109361,2.4997,Moment (emu),4.81,YZGO_BparaC_4.81MG_2.5K_06242026.DAT
4.41313,1.32595,0.000142383,2.4995,Moment (emu),4.81,YZGO_BparaC_4.81MG_2.5K_06242026.DAT
4.42083,1.3273,0.000100047,2.4994,Moment (emu),4.81,YZGO_BparaC_4.81MG_2.5K_06242026.DAT
4.42679,1.32873,0.000111524,2.4997,Moment (emu),4.81,YZGO_BparaC_4.81MG_2.5K_06242026.DAT
4.43379,1.33001,0.000117922,2.5002,Moment (emu),4.81,YZGO_BparaC_4.81MG_2.5K_06242026.DAT
4.4415,1.33133,0.000111424,2.5000,Moment (emu),4.81,YZGO_BparaC_4.81MG_2.5K_06242026.DAT
4.44886,1.33273,0.000147679,2.4998,Moment (emu),4.81,YZGO_BparaC_4.81MG_2.5K_06242026.DAT
4.45518,1.33406,0.000117136,2.4997,Moment (emu),4.81,YZGO_BparaC_4.81MG_2.5K_06242026.DAT
4.46324,1.33543,0.000128284,2.4997,Moment (emu),4.81,YZGO_BparaC_4.81MG_2.5K_06242026.DAT
4.46884,1.33679,9.072e-05,2.4998,Moment (emu),4.81,YZGO_BparaC_4.81MG_2.5K_06242026.DAT
4.4762,1.33805,6.39017e-05,2.5001,Moment (emu),4.81,YZGO_BparaC_4.81MG_2.5K_06242026.DAT
4.48394,1.33945,8.37773e-05,2.4999,Moment (emu),4.81,YZGO_BparaC_4.81MG_2.5K_06242026.DAT
4.49202,1.34091,0.000140435,2.4997,Moment (emu),4.81,YZGO_BparaC_4.81MG_2.5K_06242026.DAT
4.49796,1.34216,0.000117697,2.4997,Moment (emu),4.81,YZGO_BparaC_4.81MG_2.5K_06242026.DAT
4.50424,1.34339,0.000109753,2.5000,Moment (emu),4.81,YZGO_BparaC_4.81MG_2.5K_06242026.DAT
4.51195,1.34463,0.000110336,2.5009,Moment (emu),4.81,YZGO_BparaC_4.81MG_2.5K_06242026.DAT
4.51826,1.34601,0.000108757,2.5013,Moment (emu),4.81,YZGO_BparaC_4.81MG_2.5K_06242026.DAT
4.52635,1.34723,0.000109494,2.5011,Moment (emu),4.81,YZGO_BparaC_4.81MG_2.5K_06242026.DAT
4.53197,1.34862,0.000142267,2.5010,Moment (emu),4.81,YZGO_BparaC_4.81MG_2.5K_06242026.DAT
4.539,1.35008,0.000122059,2.5010,Moment (emu),4.81,YZGO_BparaC_4.81MG_2.5K_06242026.DAT
4.54637,1.35136,0.000103105,2.5008,Moment (emu),4.81,YZGO_BparaC_4.81MG_2.5K_06242026.DAT
4.55444,1.35267,7.74875e-05,2.5002,Moment (emu),4.81,YZGO_BparaC_4.81MG_2.5K_06242026.DAT
4.5604,1.35399,0.000104291,2.5001,Moment (emu),4.81,YZGO_BparaC_4.81MG_2.5K_06242026.DAT
4.56707,1.35523,0.000115559,2.5002,Moment (emu),4.81,YZGO_BparaC_4.81MG_2.5K_06242026.DAT
4.57441,1.3565,9.27644e-05,2.4999,Moment (emu),4.81,YZGO_BparaC_4.81MG_2.5K_06242026.DAT
4.58142,1.35797,0.000116166,2.4998,Moment (emu),4.81,YZGO_BparaC_4.81MG_2.5K_06242026.DAT
4.58912,1.35917,0.000157838,2.4999,Moment (emu),4.81,YZGO_BparaC_4.81MG_2.5K_06242026.DAT
4.59682,1.36047,0.000118862,2.4998,Moment (emu),4.81,YZGO_BparaC_4.81MG_2.5K_06242026.DAT
4.60351,1.36178,0.00016833,2.4998,Moment (emu),4.81,YZGO_BparaC_4.81MG_2.5K_06242026.DAT
4.60947,1.36313,9.76823e-05,2.5003,Moment (emu),4.81,YZGO_BparaC_4.81MG_2.5K_06242026.DAT
4.61752,1.36424,0.000108224,2.5005,Moment (emu),4.81,YZGO_BparaC_4.81MG_2.5K_06242026.DAT
4.62313,1.3656,0.000100736,2.5004,Moment (emu),4.81,YZGO_BparaC_4.81MG_2.5K_06242026.DAT
4.6305,1.36683,0.00012565,2.5007,Moment (emu),4.81,YZGO_BparaC_4.81MG_2.5K_06242026.DAT
4.63787,1.3682,0.000117216,2.5010,Moment (emu),4.81,YZGO_BparaC_4.81MG_2.5K_06242026.DAT
4.64555,1.36941,0.000116748,2.5009,Moment (emu),4.81,YZGO_BparaC_4.81MG_2.5K_06242026.DAT
4.65251,1.37073,0.00010514,2.5004,Moment (emu),4.81,YZGO_BparaC_4.81MG_2.5K_06242026.DAT
4.6595,1.37197,0.000143495,2.5002,Moment (emu),4.81,YZGO_BparaC_4.81MG_2.5K_06242026.DAT
4.66581,1.37332,0.000134071,2.4999,Moment (emu),4.81,YZGO_BparaC_4.81MG_2.5K_06242026.DAT
4.67212,1.37468,8.85841e-05,2.4995,Moment (emu),4.81,YZGO_BparaC_4.81MG_2.5K_06242026.DAT
4.6788,1.37582,0.000105498,2.4996,Moment (emu),4.81,YZGO_BparaC_4.81MG_2.5K_06242026.DAT
4.68618,1.37701,0.000135421,2.4998,Moment (emu),4.81,YZGO_BparaC_4.81MG_2.5K_06242026.DAT
4.6932,1.37835,8.51831e-05,2.4997,Moment (emu),4.81,YZGO_BparaC_4.81MG_2.5K_06242026.DAT
4.70023,1.37957,0.000134387,2.5001,Moment (emu),4.81,YZGO_BparaC_4.81MG_2.5K_06242026.DAT
4.70724,1.38078,0.000115248,2.5002,Moment (emu),4.81,YZGO_BparaC_4.81MG_2.5K_06242026.DAT
4.71423,1.38205,0.000132088,2.5003,Moment (emu),4.81,YZGO_BparaC_4.81MG_2.5K_06242026.DAT
4.72159,1.38331,6.96776e-05,2.5004,Moment (emu),4.81,YZGO_BparaC_4.81MG_2.5K_06242026.DAT
4.7286,1.38454,0.000144299,2.5002,Moment (emu),4.81,YZGO_BparaC_4.81MG_2.5K_06242026.DAT
4.73563,1.38576,0.000172366,2.5002,Moment (emu),4.81,YZGO_BparaC_4.81MG_2.5K_06242026.DAT
4.74264,1.38704,0.000130395,2.5004,Moment (emu),4.81,YZGO_BparaC_4.81MG_2.5K_06242026.DAT
4.74999,1.38832,0.000110065,2.5004,Moment (emu),4.81,YZGO_BparaC_4.81MG_2.5K_06242026.DAT
4.75591,1.38954,0.000105762,2.5002,Moment (emu),4.81,YZGO_BparaC_4.81MG_2.5K_06242026.DAT
4.76325,1.39092,0.000120459,2.4995,Moment (emu),4.81,YZGO_BparaC_4.81MG_2.5K_06242026.DAT
4.76992,1.39202,6.3205e-05,2.4984,Moment (emu),4.81,YZGO_BparaC_4.81MG_2.5K_06242026.DAT
4.77694,1.39327,8.09767e-05,2.4983,Moment (emu),4.81,YZGO_BparaC_4.81MG_2.5K_06242026.DAT
4.78429,1.39452,8.67713e-05,2.4984,Moment (emu),4.81,YZGO_BparaC_4.81MG_2.5K_06242026.DAT
4.79235,1.3957,0.000123608,2.4991,Moment (emu),4.81,YZGO_BparaC_4.81MG_2.5K_06242026.DAT
4.79864,1.3969,6.98216e-05,2.4994,Moment (emu),4.81,YZGO_BparaC_4.81MG_2.5K_06242026.DAT
4.80635,1.39803,0.00012637,2.4997,Moment (emu),4.81,YZGO_BparaC_4.81MG_2.5K_06242026.DAT
4.81264,1.39923,8.20179e-05,2.5000,Moment (emu),4.81,YZGO_BparaC_4.81MG_2.5K_06242026.DAT
4.82106,1.40039,0.000147164,2.5001,Moment (emu),4.81,YZGO_BparaC_4.81MG_2.5K_06242026.DAT
4.82704,1.40156,0.000144217,2.5003,Moment (emu),4.81,YZGO_BparaC_4.81MG_2.5K_06242026.DAT
4.83337,1.40269,0.000116716,2.5003,Moment (emu),4.81,YZGO_BparaC_4.81MG_2.5K_06242026.DAT
4.84075,1.40399,0.000102514,2.5004,Moment (emu),4.81,YZGO_BparaC_4.81MG_2.5K_06242026.DAT
4.84741,1.40513,0.000152159,2.5004,Moment (emu),4.81,YZGO_BparaC_4.81MG_2.5K_06242026.DAT
4.85512,1.40623,7.53371e-05,2.5007,Moment (emu),4.81,YZGO_BparaC_4.81MG_2.5K_06242026.DAT
4.86247,1.40749,0.000157969,2.5009,Moment (emu),4.81,YZGO_BparaC_4.81MG_2.5K_06242026.DAT
4.86945,1.4086,0.000108908,2.5007,Moment (emu),4.81,YZGO_BparaC_4.81MG_2.5K_06242026.DAT
4.87648,1.4099,0.000137499,2.5004,Moment (emu),4.81,YZGO_BparaC_4.81MG_2.5K_06242026.DAT
4.88316,1.41114,5.41335e-05,2.5002,Moment (emu),4.81,YZGO_BparaC_4.81MG_2.5K_06242026.DAT
4.89157,1.41227,0.000100342,2.5003,Moment (emu),4.81,YZGO_BparaC_4.81MG_2.5K_06242026.DAT
4.89717,1.41344,9.2546e-05,2.5002,Moment (emu),4.81,YZGO_BparaC_4.81MG_2.5K_06242026.DAT
4.90312,1.41468,0.000116385,2.5004,Moment (emu),4.81,YZGO_BparaC_4.81MG_2.5K_06242026.DAT
4.91081,1.41578,8.67202e-05,2.5003,Moment (emu),4.81,YZGO_BparaC_4.81MG_2.5K_06242026.DAT
4.91747,1.41704,0.000109968,2.5005,Moment (emu),4.81,YZGO_BparaC_4.81MG_2.5K_06242026.DAT
4.92412,1.41816,0.000141636,2.5004,Moment (emu),4.81,YZGO_BparaC_4.81MG_2.5K_06242026.DAT
4.93182,1.41927,7.42852e-05,2.5002,Moment (emu),4.81,YZGO_BparaC_4.81MG_2.5K_06242026.DAT
4.93954,1.42045,0.000139317,2.5018,Moment (emu),4.81,YZGO_BparaC_4.81MG_2.5K_06242026.DAT
4.9455,1.42157,0.000115483,2.5015,Moment (emu),4.81,YZGO_BparaC_4.81MG_2.5K_06242026.DAT
4.95357,1.42276,0.000141337,2.5013,Moment (emu),4.81,YZGO_BparaC_4.81MG_2.5K_06242026.DAT
4.95918,1.42387,8.44318e-05,2.5011,Moment (emu),4.81,YZGO_BparaC_4.81MG_2.5K_06242026.DAT
4.96762,1.42505,4.69369e-05,2.5008,Moment (emu),4.81,YZGO_BparaC_4.81MG_2.5K_06242026.DAT
4.9736,1.42622,0.000161294,2.5003,Moment (emu),4.81,YZGO_BparaC_4.81MG_2.5K_06242026.DAT
4.98062,1.42746,0.000124776,2.4999,Moment (emu),4.81,YZGO_BparaC_4.81MG_2.5K_06242026.DAT
4.98834,1.42851,6.66219e-05,2.4999,Moment (emu),4.81,YZGO_BparaC_4.81MG_2.5K_06242026.DAT
4.9943,1.42967,7.20486e-05,2.4998,Moment (emu),4.81,YZGO_BparaC_4.81MG_2.5K_06242026.DAT
5.002,1.43085,0.000108765,2.4997,Moment (emu),4.81,YZGO_BparaC_4.81MG_2.5K_06242026.DAT
5.00831,1.43197,0.000103737,2.4996,Moment (emu),4.81,YZGO_BparaC_4.81MG_2.5K_06242026.DAT
5.01602,1.43307,7.18946e-05,2.4996,Moment (emu),4.81,YZGO_BparaC_4.81MG_2.5K_06242026.DAT
5.02232,1.43423,7.62893e-05,2.4997,Moment (emu),4.81,YZGO_BparaC_4.81MG_2.5K_06242026.DAT
5.0293,1.43539,0.000109067,2.4999,Moment (emu),4.81,YZGO_BparaC_4.81MG_2.5K_06242026.DAT
5.03631,1.43635,4.52708e-05,2.5001,Moment (emu),4.81,YZGO_BparaC_4.81MG_2.5K_06242026.DAT
5.04475,1.43762,9.01213e-05,2.5001,Moment (emu),4.81,YZGO_BparaC_4.81MG_2.5K_06242026.DAT
5.05211,1.43859,0.000107684,2.4997,Moment (emu),4.81,YZGO_BparaC_4.81MG_2.5K_06242026.DAT
5.0584,1.43968,0.00012425,2.4998,Moment (emu),4.81,YZGO_BparaC_4.81MG_2.5K_06242026.DAT
5.06435,1.44081,0.000121018,2.4996,Moment (emu),4.81,YZGO_BparaC_4.81MG_2.5K_06242026.DAT
5.07135,1.44194,0.000121035,2.4995,Moment (emu),4.81,YZGO_BparaC_4.81MG_2.5K_06242026.DAT
5.07836,1.44301,0.000129699,2.4997,Moment (emu),4.81,YZGO_BparaC_4.81MG_2.5K_06242026.DAT
5.08643,1.44405,0.000100687,2.4998,Moment (emu),4.81,YZGO_BparaC_4.81MG_2.5K_06242026.DAT
5.09239,1.44525,0.00010669,2.4999,Moment (emu),4.81,YZGO_BparaC_4.81MG_2.5K_06242026.DAT
5.1005,1.44632,0.00010188,2.5000,Moment (emu),4.81,YZGO_BparaC_4.81MG_2.5K_06242026.DAT
5.1065,1.44745,0.000100681,2.5002,Moment (emu),4.81,YZGO_BparaC_4.81MG_2.5K_06242026.DAT
5.11354,1.44853,0.00013482,2.5004,Moment (emu),4.81,YZGO_BparaC_4.81MG_2.5K_06242026.DAT
5.12125,1.44953,8.04444e-05,2.5006,Moment (emu),4.81,YZGO_BparaC_4.81MG_2.5K_06242026.DAT
5.12897,1.4506,0.000102934,2.5006,Moment (emu),4.81,YZGO_BparaC_4.81MG_2.5K_06242026.DAT
5.13458,1.45168,0.000144581,2.5006,Moment (emu),4.81,YZGO_BparaC_4.81MG_2.5K_06242026.DAT
5.1419,1.45272,7.30189e-05,2.5005,Moment (emu),4.81,YZGO_BparaC_4.81MG_2.5K_06242026.DAT
5.14919,1.45388,4.29952e-05,2.5004,Moment (emu),4.81,YZGO_BparaC_4.81MG_2.5K_06242026.DAT
5.15587,1.455,0.000117311,2.5002,Moment (emu),4.81,YZGO_BparaC_4.81MG_2.5K_06242026.DAT
5.16325,1.45599,0.000144582,2.5001,Moment (emu),4.81,YZGO_BparaC_4.81MG_2.5K_06242026.DAT
5.16957,1.45703,0.000125206,2.4999,Moment (emu),4.81,YZGO_BparaC_4.81MG_2.5K_06242026.DAT
5.1762,1.4583,0.000106232,2.4999,Moment (emu),4.81,YZGO_BparaC_4.81MG_2.5K_06242026.DAT
5.18353,1.45921,0.000121872,2.5000,Moment (emu),4.81,YZGO_BparaC_4.81MG_2.5K_06242026.DAT
5.19161,1.46034,0.000143633,2.4999,Moment (emu),4.81,YZGO_BparaC_4.81MG_2.5K_06242026.DAT
5.19759,1.46131,7.64426e-05,2.5001,Moment (emu),4.81,YZGO_BparaC_4.81MG_2.5K_06242026.DAT
5.20599,1.46251,0.000139044,2.5003,Moment (emu),4.81,YZGO_BparaC_4.81MG_2.5K_06242026.DAT
5.21193,1.46335,7.84985e-05,2.5003,Moment (emu),4.81,YZGO_BparaC_4.81MG_2.5K_06242026.DAT
5.21963,1.46448,0.000129599,2.5002,Moment (emu),4.81,YZGO_BparaC_4.81MG_2.5K_06242026.DAT
5.22632,1.46545,9.56615e-05,2.5003,Moment (emu),4.81,YZGO_BparaC_4.81MG_2.5K_06242026.DAT
5.23262,1.46661,8.60565e-05,2.5002,Moment (emu),4.81,YZGO_BparaC_4.81MG_2.5K_06242026.DAT
5.23962,1.46768,0.00014832,2.5003,Moment (emu),4.81,YZGO_BparaC_4.81MG_2.5K_06242026.DAT
5.24666,1.46865,9.30001e-05,2.5004,Moment (emu),4.81,YZGO_BparaC_4.81MG_2.5K_06242026.DAT
5.2544,1.46966,9.94471e-05,2.5004,Moment (emu),4.81,YZGO_BparaC_4.81MG_2.5K_06242026.DAT
5.2607,1.47067,0.00010806,2.5005,Moment (emu),4.81,YZGO_BparaC_4.81MG_2.5K_06242026.DAT
5.26911,1.47176,0.000106908,2.5004,Moment (emu),4.81,YZGO_BparaC_4.81MG_2.5K_06242026.DAT
5.27645,1.47276,0.000114805,2.5005,Moment (emu),4.81,YZGO_BparaC_4.81MG_2.5K_06242026.DAT
5.2824,1.47389,0.000130692,2.5002,Moment (emu),4.81,YZGO_BparaC_4.81MG_2.5K_06242026.DAT
5.2887,1.47482,3.53334e-05,2.5001,Moment (emu),4.81,YZGO_BparaC_4.81MG_2.5K_06242026.DAT
5.29539,1.47587,8.54901e-05,2.5000,Moment (emu),4.81,YZGO_BparaC_4.81MG_2.5K_06242026.DAT
5.30277,1.47696,8.74235e-05,2.4999,Moment (emu),4.81,YZGO_BparaC_4.81MG_2.5K_06242026.DAT
5.31049,1.47789,0.000107559,2.5001,Moment (emu),4.81,YZGO_BparaC_4.81MG_2.5K_06242026.DAT
5.31644,1.47889,8.67192e-05,2.5001,Moment (emu),4.81,YZGO_BparaC_4.81MG_2.5K_06242026.DAT
5.32485,1.47995,0.000160073,2.5002,Moment (emu),4.81,YZGO_BparaC_4.81MG_2.5K_06242026.DAT
5.33081,1.48091,0.000103053,2.5003,Moment (emu),4.81,YZGO_BparaC_4.81MG_2.5K_06242026.DAT
5.33852,1.48189,0.000124649,2.5004,Moment (emu),4.81,YZGO_BparaC_4.81MG_2.5K_06242026.DAT
5.34482,1.48293,0.00012678,2.5004,Moment (emu),4.81,YZGO_BparaC_4.81MG_2.5K_06242026.DAT
5.3525,1.48384,0.000141896,2.5003,Moment (emu),4.81,YZGO_BparaC_4.81MG_2.5K_06242026.DAT
5.35846,1.48491,0.000149764,2.5001,Moment (emu),4.81,YZGO_BparaC_4.81MG_2.5K_06242026.DAT
5.36547,1.48584,8.43884e-05,2.5002,Moment (emu),4.81,YZGO_BparaC_4.81MG_2.5K_06242026.DAT
5.37284,1.48683,0.000134018,2.5003,Moment (emu),4.81,YZGO_BparaC_4.81MG_2.5K_06242026.DAT
5.38125,1.48788,0.000150901,2.5008,Moment (emu),4.81,YZGO_BparaC_4.81MG_2.5K_06242026.DAT
5.38758,1.48886,0.000159796,2.5003,Moment (emu),4.81,YZGO_BparaC_4.81MG_2.5K_06242026.DAT
5.39389,1.4898,0.000126994,2.5004,Moment (emu),4.81,YZGO_BparaC_4.81MG_2.5K_06242026.DAT
5.4016,1.49076,7.67048e-05,2.5003,Moment (emu),4.81,YZGO_BparaC_4.81MG_2.5K_06242026.DAT
5.40792,1.49183,0.000142553,2.5003,Moment (emu),4.81,YZGO_BparaC_4.81MG_2.5K_06242026.DAT
5.41529,1.4928,0.000109807,2.5001,Moment (emu),4.81,YZGO_BparaC_4.81MG_2.5K_06242026.DAT
5.42194,1.49373,9.02166e-05,2.4999,Moment (emu),4.81,YZGO_BparaC_4.81MG_2.5K_06242026.DAT
5.42963,1.49474,0.000107404,2.4998,Moment (emu),4.81,YZGO_BparaC_4.81MG_2.5K_06242026.DAT
5.43699,1.49576,0.000100978,2.4998,Moment (emu),4.81,YZGO_BparaC_4.81MG_2.5K_06242026.DAT
5.44403,1.49669,9.31645e-05,2.5000,Moment (emu),4.81,YZGO_BparaC_4.81MG_2.5K_06242026.DAT
5.45103,1.49759,7.68158e-05,2.5001,Moment (emu),4.81,YZGO_BparaC_4.81MG_2.5K_06242026.DAT
5.45734,1.49861,6.09222e-05,2.5001,Moment (emu),4.81,YZGO_BparaC_4.81MG_2.5K_06242026.DAT
5.46399,1.49951,5.69482e-05,2.5001,Moment (emu),4.81,YZGO_BparaC_4.81MG_2.5K_06242026.DAT
5.47132,1.50046,0.000109494,2.5003,Moment (emu),4.81,YZGO_BparaC_4.81MG_2.5K_06242026.DAT
5.47798,1.50136,9.33689e-05,2.5004,Moment (emu),4.81,YZGO_BparaC_4.81MG_2.5K_06242026.DAT
5.48607,1.50227,0.000129044,2.5003,Moment (emu),4.81,YZGO_BparaC_4.81MG_2.5K_06242026.DAT
5.49238,1.50323,0.000123654,2.5004,Moment (emu),4.81,YZGO_BparaC_4.81MG_2.5K_06242026.DAT
5.49938,1.50421,0.000130407,2.5003,Moment (emu),4.81,YZGO_BparaC_4.81MG_2.5K_06242026.DAT
5.50566,1.50513,6.93193e-05,2.5001,Moment (emu),4.81,YZGO_BparaC_4.81MG_2.5K_06242026.DAT
5.51373,1.50613,9.74354e-05,2.5003,Moment (emu),4.81,YZGO_BparaC_4.81MG_2.5K_06242026.DAT
5.52041,1.50694,0.000119916,2.5004,Moment (emu),4.81,YZGO_BparaC_4.81MG_2.5K_06242026.DAT
5.52673,1.50795,4.16584e-05,2.5002,Moment (emu),4.81,YZGO_BparaC_4.81MG_2.5K_06242026.DAT
5.53375,1.5089,0.000137374,2.5001,Moment (emu),4.81,YZGO_BparaC_4.81MG_2.5K_06242026.DAT
5.54146,1.50983,9.86698e-05,2.5001,Moment (emu),4.81,YZGO_BparaC_4.81MG_2.5K_06242026.DAT
5.54883,1.5108,3.30964e-05,2.5003,Moment (emu),4.81,YZGO_BparaC_4.81MG_2.5K_06242026.DAT
5.55654,1.51176,0.000123932,2.5003,Moment (emu),4.81,YZGO_BparaC_4.81MG_2.5K_06242026.DAT
5.5632,1.51264,0.000106987,2.5003,Moment (emu),4.81,YZGO_BparaC_4.81MG_2.5K_06242026.DAT
5.5702,1.51354,0.000120024,2.5001,Moment (emu),4.81,YZGO_BparaC_4.81MG_2.5K_06242026.DAT
5.57651,1.51441,9.01924e-05,2.5000,Moment (emu),4.81,YZGO_BparaC_4.81MG_2.5K_06242026.DAT
5.58318,1.51544,0.000109523,2.4998,Moment (emu),4.81,YZGO_BparaC_4.81MG_2.5K_06242026.DAT
5.59124,1.51623,8.89027e-05,2.5000,Moment (emu),4.81,YZGO_BparaC_4.81MG_2.5K_06242026.DAT
5.59825,1.51716,7.07408e-05,2.5002,Moment (emu),4.81,YZGO_BparaC_4.81MG_2.5K_06242026.DAT
5.60558,1.51816,0.000122836,2.5003,Moment (emu),4.81,YZGO_BparaC_4.81MG_2.5K_06242026.DAT
5.61152,1.51902,0.000129904,2.5003,Moment (emu),4.81,YZGO_BparaC_4.81MG_2.5K_06242026.DAT
5.61923,1.51997,0.000111984,2.5001,Moment (emu),4.81,YZGO_BparaC_4.81MG_2.5K_06242026.DAT
5.62482,1.52086,9.70547e-05,2.5000,Moment (emu),4.81,YZGO_BparaC_4.81MG_2.5K_06242026.DAT
5.63181,1.5218,0.000104612,2.5000,Moment (emu),4.81,YZGO_BparaC_4.81MG_2.5K_06242026.DAT
5.63919,1.52259,0.000150752,2.5001,Moment (emu),4.81,YZGO_BparaC_4.81MG_2.5K_06242026.DAT
5.64585,1.52352,8.99991e-05,2.5003,Moment (emu),4.81,YZGO_BparaC_4.81MG_2.5K_06242026.DAT
5.65392,1.52439,9.88201e-05,2.5006,Moment (emu),4.81,YZGO_BparaC_4.81MG_2.5K_06242026.DAT
5.66128,1.52539,0.000115647,2.5006,Moment (emu),4.81,YZGO_BparaC_4.81MG_2.5K_06242026.DAT
5.66761,1.52619,0.000102414,2.5005,Moment (emu),4.81,YZGO_BparaC_4.81MG_2.5K_06242026.DAT
5.67358,1.52707,0.000133069,2.5004,Moment (emu),4.81,YZGO_BparaC_4.81MG_2.5K_06242026.DAT
5.68094,1.52813,0.000141354,2.5003,Moment (emu),4.81,YZGO_BparaC_4.81MG_2.5K_06242026.DAT
5.68761,1.52873,0.000111729,2.5002,Moment (emu),4.81,YZGO_BparaC_4.81MG_2.5K_06242026.DAT
5.69462,1.52969,0.000137456,2.5001,Moment (emu),4.81,YZGO_BparaC_4.81MG_2.5K_06242026.DAT
5.70199,1.53054,0.000113903,2.5000,Moment (emu),4.81,YZGO_BparaC_4.81MG_2.5K_06242026.DAT
5.70937,1.53134,0.000109361,2.5000,Moment (emu),4.81,YZGO_BparaC_4.81MG_2.5K_06242026.DAT
5.71674,1.5323,0.000138109,2.5000,Moment (emu),4.81,YZGO_BparaC_4.81MG_2.5K_06242026.DAT
5.72445,1.53316,9.40968e-05,2.5000,Moment (emu),4.81,YZGO_BparaC_4.81MG_2.5K_06242026.DAT
5.73006,1.53394,0.000138709,2.5000,Moment (emu),4.81,YZGO_BparaC_4.81MG_2.5K_06242026.DAT
5.73813,1.5349,0.000108153,2.5001,Moment (emu),4.81,YZGO_BparaC_4.81MG_2.5K_06242026.DAT
5.74441,1.53563,8.91217e-05,2.5001,Moment (emu),4.81,YZGO_BparaC_4.81MG_2.5K_06242026.DAT
5.7521,1.53663,0.000106447,2.5002,Moment (emu),4.81,YZGO_BparaC_4.81MG_2.5K_06242026.DAT
5.7584,1.53738,0.00010294,2.5002,Moment (emu),4.81,YZGO_BparaC_4.81MG_2.5K_06242026.DAT
5.76649,1.53832,0.000139785,2.5002,Moment (emu),4.81,YZGO_BparaC_4.81MG_2.5K_06242026.DAT
5.77245,1.53905,9.98231e-05,2.5000,Moment (emu),4.81,YZGO_BparaC_4.81MG_2.5K_06242026.DAT
5.78083,1.53997,0.000120994,2.5001,Moment (emu),4.81,YZGO_BparaC_4.81MG_2.5K_06242026.DAT
5.78644,1.54081,0.000128948,2.5001,Moment (emu),4.81,YZGO_BparaC_4.81MG_2.5K_06242026.DAT
5.79276,1.54165,0.000132359,2.5003,Moment (emu),4.81,YZGO_BparaC_4.81MG_2.5K_06242026.DAT
5.79977,1.54245,0.000115069,2.5003,Moment (emu),4.81,YZGO_BparaC_4.81MG_2.5K_06242026.DAT
5.8068,1.54328,0.00014511,2.5002,Moment (emu),4.81,YZGO_BparaC_4.81MG_2.5K_06242026.DAT
5.81384,1.54414,0.00010309,2.5001,Moment (emu),4.81,YZGO_BparaC_4.81MG_2.5K_06242026.DAT
5.82084,1.54496,7.029e-05,2.5000,Moment (emu),4.81,YZGO_BparaC_4.81MG_2.5K_06242026.DAT
5.82958,1.54582,0.000161228,2.4999,Moment (emu),4.81,YZGO_BparaC_4.81MG_2.5K_06242026.DAT
5.8373,1.5466,5.43752e-05,2.4999,Moment (emu),4.81,YZGO_BparaC_4.81MG_2.5K_06242026.DAT
5.84256,1.54746,7.89906e-05,2.4999,Moment (emu),4.81,YZGO_BparaC_4.81MG_2.5K_06242026.DAT
5.84886,1.54833,0.000145843,2.5000,Moment (emu),4.81,YZGO_BparaC_4.81MG_2.5K_06242026.DAT
5.85656,1.54902,0.000122472,2.5001,Moment (emu),4.81,YZGO_BparaC_4.81MG_2.5K_06242026.DAT
5.86323,1.54996,0.000121481,2.5003,Moment (emu),4.81,YZGO_BparaC_4.81MG_2.5K_06242026.DAT
5.87094,1.55066,0.000164063,2.5004,Moment (emu),4.81,YZGO_BparaC_4.81MG_2.5K_06242026.DAT
5.8776,1.5515,9.39871e-05,2.5004,Moment (emu),4.81,YZGO_BparaC_4.81MG_2.5K_06242026.DAT
5.88496,1.55234,0.0001048,2.5004,Moment (emu),4.81,YZGO_BparaC_4.81MG_2.5K_06242026.DAT
5.89126,1.553,0.000108532,2.5003,Moment (emu),4.81,YZGO_BparaC_4.81MG_2.5K_06242026.DAT
5.89899,1.55353,9.46291e-05,2.5004,Moment (emu),4.81,YZGO_BparaC_4.81MG_2.5K_06242026.DAT
5.90674,1.55442,0.000128152,2.5004,Moment (emu),4.81,YZGO_BparaC_4.81MG_2.5K_06242026.DAT
5.91268,1.55511,9.101e-05,2.5003,Moment (emu),4.81,YZGO_BparaC_4.81MG_2.5K_06242026.DAT
5.91897,1.55602,0.000110052,2.5001,Moment (emu),4.81,YZGO_BparaC_4.81MG_2.5K_06242026.DAT
5.92736,1.55676,0.000141053,2.4997,Moment (emu),4.81,YZGO_BparaC_4.81MG_2.5K_06242026.DAT
5.93262,1.5576,0.000126779,2.4996,Moment (emu),4.81,YZGO_BparaC_4.81MG_2.5K_06242026.DAT
5.94139,1.55827,0.000109827,2.4997,Moment (emu),4.81,YZGO_BparaC_4.81MG_2.5K_06242026.DAT
5.94913,1.55919,0.000150741,2.5001,Moment (emu),4.81,YZGO_BparaC_4.81MG_2.5K_06242026.DAT
5.95511,1.55986,0.000105592,2.5000,Moment (emu),4.81,YZGO_BparaC_4.81MG_2.5K_06242026.DAT
5.96144,1.56068,8.53203e-05,2.4999,Moment (emu),4.81,YZGO_BparaC_4.81MG_2.5K_06242026.DAT
5.96949,1.56148,0.000118453,2.5001,Moment (emu),4.81,YZGO_BparaC_4.81MG_2.5K_06242026.DAT
5.97542,1.56238,0.000128011,2.5003,Moment (emu),4.81,YZGO_BparaC_4.81MG_2.5K_06242026.DAT
5.98347,1.56303,0.000127579,2.5003,Moment (emu),4.81,YZGO_BparaC_4.81MG_2.5K_06242026.DAT
5.98978,1.56376,0.000123981,2.5002,Moment (emu),4.81,YZGO_BparaC_4.81MG_2.5K_06242026.DAT
5.99572,1.56466,9.66819e-05,2.5002,Moment (emu),4.81,YZGO_BparaC_4.81MG_2.5K_06242026.DAT
6.00306,1.56526,0.000105422,2.5004,Moment (emu),4.81,YZGO_BparaC_4.81MG_2.5K_06242026.DAT
6.01006,1.56604,0.000112518,2.5005,Moment (emu),4.81,YZGO_BparaC_4.81MG_2.5K_06242026.DAT
6.01742,1.56681,9.21615e-05,2.5005,Moment (emu),4.81,YZGO_BparaC_4.81MG_2.5K_06242026.DAT
6.02478,1.5676,0.000122385,2.5004,Moment (emu),4.81,YZGO_BparaC_4.81MG_2.5K_06242026.DAT
6.03108,1.56836,8.38652e-05,2.5002,Moment (emu),4.81,YZGO_BparaC_4.81MG_2.5K_06242026.DAT
6.03914,1.5692,0.000105315,2.5001,Moment (emu),4.81,YZGO_BparaC_4.81MG_2.5K_06242026.DAT
6.04581,1.56977,0.000112918,2.5000,Moment (emu),4.81,YZGO_BparaC_4.81MG_2.5K_06242026.DAT
6.05317,1.57073,8.01674e-05,2.5001,Moment (emu),4.81,YZGO_BparaC_4.81MG_2.5K_06242026.DAT
6.06018,1.5713,0.000151389,2.5002,Moment (emu),4.81,YZGO_BparaC_4.81MG_2.5K_06242026.DAT
6.06615,1.57215,0.000123534,2.5003,Moment (emu),4.81,YZGO_BparaC_4.81MG_2.5K_06242026.DAT
6.07459,1.57287,0.000113097,2.5005,Moment (emu),4.81,YZGO_BparaC_4.81MG_2.5K_06242026.DAT
6.08055,1.57355,0.000132842,2.5004,Moment (emu),4.81,YZGO_BparaC_4.81MG_2.5K_06242026.DAT
6.08719,1.57442,0.00010972,2.5001,Moment (emu),4.81,YZGO_BparaC_4.81MG_2.5K_06242026.DAT
6.09455,1.57523,9.87397e-05,2.4999,Moment (emu),4.81,YZGO_BparaC_4.81MG_2.5K_06242026.DAT
6.10225,1.57604,8.41373e-05,2.4999,Moment (emu),4.81,YZGO_BparaC_4.81MG_2.5K_06242026.DAT
6.10821,1.57669,0.000125697,2.4999,Moment (emu),4.81,YZGO_BparaC_4.81MG_2.5K_06242026.DAT
6.11525,1.57739,0.000123606,2.4999,Moment (emu),4.81,YZGO_BparaC_4.81MG_2.5K_06242026.DAT
6.12299,1.57807,7.69555e-05,2.4997,Moment (emu),4.81,YZGO_BparaC_4.81MG_2.5K_06242026.DAT
6.1293,1.57889,0.000146488,2.4996,Moment (emu),4.81,YZGO_BparaC_4.81MG_2.5K_06242026.DAT
6.1363,1.57953,7.77868e-05,2.4997,Moment (emu),4.81,YZGO_BparaC_4.81MG_2.5K_06242026.DAT
6.14296,1.58026,0.000151091,2.5000,Moment (emu),4.81,YZGO_BparaC_4.81MG_2.5K_06242026.DAT
6.151,1.58112,0.000138737,2.5003,Moment (emu),4.81,YZGO_BparaC_4.81MG_2.5K_06242026.DAT
6.15695,1.5817,5.90324e-05,2.5004,Moment (emu),4.81,YZGO_BparaC_4.81MG_2.5K_06242026.DAT
6.16571,1.58241,0.000136447,2.5004,Moment (emu),4.81,YZGO_BparaC_4.81MG_2.5K_06242026.DAT
6.17271,1.583,9.66796e-05,2.5004,Moment (emu),4.81,YZGO_BparaC_4.81MG_2.5K_06242026.DAT
6.1783,1.5839,9.63923e-05,2.5004,Moment (emu),4.81,YZGO_BparaC_4.81MG_2.5K_06242026.DAT
6.18534,1.5845,0.000129386,2.5004,Moment (emu),4.81,YZGO_BparaC_4.81MG_2.5K_06242026.DAT
6.19203,1.58531,9.52883e-05,2.5004,Moment (emu),4.81,YZGO_BparaC_4.81MG_2.5K_06242026.DAT
6.19902,1.58587,9.87572e-05,2.5003,Moment (emu),4.81,YZGO_BparaC_4.81MG_2.5K_06242026.DAT
6.20601,1.58664,0.00011857,2.5006,Moment (emu),4.81,YZGO_BparaC_4.81MG_2.5K_06242026.DAT
6.21301,1.58703,9.04667e-05,2.5030,Moment (emu),4.81,YZGO_BparaC_4.81MG_2.5K_06242026.DAT
6.22037,1.58751,0.000102581,2.5061,Moment (emu),4.81,YZGO_BparaC_4.81MG_2.5K_06242026.DAT
6.22774,1.58812,0.000102223,2.5071,Moment (emu),4.81,YZGO_BparaC_4.81MG_2.5K_06242026.DAT
6.23512,1.58906,0.000104653,2.5064,Moment (emu),4.81,YZGO_BparaC_4.81MG_2.5K_06242026.DAT
6.24154,1.59001,0.000115244,2.5031,Moment (emu),4.81,YZGO_BparaC_4.81MG_2.5K_06242026.DAT
6.2493,1.59094,0.000131393,2.4990,Moment (emu),4.81,YZGO_BparaC_4.81MG_2.5K_06242026.DAT
6.2563,1.59205,8.77068e-05,2.4958,Moment (emu),4.81,YZGO_BparaC_4.81MG_2.5K_06242026.DAT
6.26365,1.59285,0.000113805,2.4936,Moment (emu),4.81,YZGO_BparaC_4.81MG_2.5K_06242026.DAT
6.2696,1.59356,7.91711e-05,2.4929,Moment (emu),4.81,YZGO_BparaC_4.81MG_2.5K_06242026.DAT
6.27908,1.59426,0.00011237,2.4929,Moment (emu),4.81,YZGO_BparaC_4.81MG_2.5K_06242026.DAT
6.28504,1.59477,0.000166111,2.4936,Moment (emu),4.81,YZGO_BparaC_4.81MG_2.5K_06242026.DAT
6.29064,1.59551,5.9235e-05,2.4956,Moment (emu),4.81,YZGO_BparaC_4.81MG_2.5K_06242026.DAT
6.29835,1.59601,0.000111748,2.4977,Moment (emu),4.81,YZGO_BparaC_4.81MG_2.5K_06242026.DAT
6.30462,1.59653,0.000101782,2.4995,Moment (emu),4.81,YZGO_BparaC_4.81MG_2.5K_06242026.DAT
6.31195,1.5971,0.00012286,2.5012,Moment (emu),4.81,YZGO_BparaC_4.81MG_2.5K_06242026.DAT
6.31791,1.59767,0.000149831,2.5019,Moment (emu),4.81,YZGO_BparaC_4.81MG_2.5K_06242026.DAT
6.32492,1.59832,0.000118255,2.5023,Moment (emu),4.81,YZGO_BparaC_4.81MG_2.5K_06242026.DAT
6.33264,1.59903,0.000142913,2.5025,Moment (emu),4.81,YZGO_BparaC_4.81MG_2.5K_06242026.DAT
6.34035,1.59963,8.4553e-05,2.5021,Moment (emu),4.81,YZGO_BparaC_4.81MG_2.5K_06242026.DAT
6.34667,1.60039,0.000102245,2.5018,Moment (emu),4.81,YZGO_BparaC_4.81MG_2.5K_06242026.DAT
6.35475,1.60113,0.000108099,2.5016,Moment (emu),4.81,YZGO_BparaC_4.81MG_2.5K_06242026.DAT
6.3607,1.60171,0.000120838,2.5014,Moment (emu),4.81,YZGO_BparaC_4.81MG_2.5K_06242026.DAT
6.36909,1.6024,7.78794e-05,2.5008,Moment (emu),4.81,YZGO_BparaC_4.81MG_2.5K_06242026.DAT
6.37505,1.60325,0.000152255,2.5005,Moment (emu),4.81,YZGO_BparaC_4.81MG_2.5K_06242026.DAT
6.38171,1.60373,0.000126992,2.5004,Moment (emu),4.81,YZGO_BparaC_4.81MG_2.5K_06242026.DAT
6.39049,1.60446,9.59945e-05,2.5002,Moment (emu),4.81,YZGO_BparaC_4.81MG_2.5K_06242026.DAT
6.39822,1.60503,0.000106867,2.5002,Moment (emu),4.81,YZGO_BparaC_4.81MG_2.5K_06242026.DAT
6.40314,1.60586,0.000140746,2.5002,Moment (emu),4.81,YZGO_BparaC_4.81MG_2.5K_06242026.DAT
6.40981,1.60634,0.000126361,2.5000,Moment (emu),4.81,YZGO_BparaC_4.81MG_2.5K_06242026.DAT
6.41646,1.60698,0.000102786,2.4999,Moment (emu),4.81,YZGO_BparaC_4.81MG_2.5K_06242026.DAT
6.42381,1.6077,0.000136036,2.4998,Moment (emu),4.81,YZGO_BparaC_4.81MG_2.5K_06242026.DAT
6.43046,1.60836,0.000113464,2.4998,Moment (emu),4.81,YZGO_BparaC_4.81MG_2.5K_06242026.DAT
6.43851,1.60896,7.86642e-05,2.5001,Moment (emu),4.81,YZGO_BparaC_4.81MG_2.5K_06242026.DAT
6.44553,1.60955,6.88324e-05,2.5003,Moment (emu),4.81,YZGO_BparaC_4.81MG_2.5K_06242026.DAT
6.45289,1.61009,0.000135128,2.5006,Moment (emu),4.81,YZGO_BparaC_4.81MG_2.5K_06242026.DAT
6.45956,1.61082,9.63857e-05,2.5007,Moment (emu),4.81,YZGO_BparaC_4.81MG_2.5K_06242026.DAT
6.46518,1.61143,9.82192e-05,2.5006,Moment (emu),4.81,YZGO_BparaC_4.81MG_2.5K_06242026.DAT
6.47252,1.61204,0.000119815,2.5004,Moment (emu),4.81,YZGO_BparaC_4.81MG_2.5K_06242026.DAT
6.47986,1.61269,6.7883e-05,2.5002,Moment (emu),4.81,YZGO_BparaC_4.81MG_2.5K_06242026.DAT
6.48687,1.61335,7.24032e-05,2.4999,Moment (emu),4.81,YZGO_BparaC_4.81MG_2.5K_06242026.DAT
6.49492,1.61392,0.000123895,2.4998,Moment (emu),4.81,YZGO_BparaC_4.81MG_2.5K_06242026.DAT
6.50334,1.6145,0.000114767,2.4995,Moment (emu),4.81,YZGO_BparaC_4.81MG_2.5K_06242026.DAT
6.5107,1.61504,0.000120544,2.4993,Moment (emu),4.81,YZGO_BparaC_4.81MG_2.5K_06242026.DAT
6.5156,1.61593,0.000106754,2.4995,Moment (emu),4.81,YZGO_BparaC_4.81MG_2.5K_06242026.DAT
6.5212,1.6164,9.91284e-05,2.4995,Moment (emu),4.81,YZGO_BparaC_4.81MG_2.5K_06242026.DAT
6.5282,1.61702,0.000121227,2.4996,Moment (emu),4.81,YZGO_BparaC_4.81MG_2.5K_06242026.DAT
6.53591,1.61766,0.000131888,2.4998,Moment (emu),4.81,YZGO_BparaC_4.81MG_2.5K_06242026.DAT
6.54433,1.61828,3.00433e-05,2.5000,Moment (emu),4.81,YZGO_BparaC_4.81MG_2.5K_06242026.DAT
6.5503,1.6188,0.000111533,2.5003,Moment (emu),4.81,YZGO_BparaC_4.81MG_2.5K_06242026.DAT
6.55662,1.6194,0.000144149,2.5007,Moment (emu),4.81,YZGO_BparaC_4.81MG_2.5K_06242026.DAT
6.56363,1.6201,0.000122976,2.5006,Moment (emu),4.81,YZGO_BparaC_4.81MG_2.5K_06242026.DAT
6.57028,1.62056,0.000149291,2.5006,Moment (emu),4.81,YZGO_BparaC_4.81MG_2.5K_06242026.DAT
6.57763,1.62126,0.000143861,2.5007,Moment (emu),4.81,YZGO_BparaC_4.81MG_2.5K_06242026.DAT
6.58571,1.62189,0.000100857,2.5002,Moment (emu),4.81,YZGO_BparaC_4.81MG_2.5K_06242026.DAT
6.59236,1.62276,6.36831e-05,2.4961,Moment (emu),4.81,YZGO_BparaC_4.81MG_2.5K_06242026.DAT
6.60005,1.6234,8.64814e-05,2.4945,Moment (emu),4.81,YZGO_BparaC_4.81MG_2.5K_06242026.DAT
6.60601,1.62405,0.000130864,2.4952,Moment (emu),4.81,YZGO_BparaC_4.81MG_2.5K_06242026.DAT
6.61408,1.62435,0.000125017,2.4975,Moment (emu),4.81,YZGO_BparaC_4.81MG_2.5K_06242026.DAT
6.62109,1.6248,0.000128755,2.4997,Moment (emu),4.81,YZGO_BparaC_4.81MG_2.5K_06242026.DAT
6.62669,1.62543,8.58595e-05,2.5022,Moment (emu),4.81,YZGO_BparaC_4.81MG_2.5K_06242026.DAT
6.6337,1.62576,0.000118133,2.5043,Moment (emu),4.81,YZGO_BparaC_4.81MG_2.5K_06242026.DAT
6.64142,1.62617,0.000102211,2.5052,Moment (emu),4.81,YZGO_BparaC_4.81MG_2.5K_06242026.DAT
6.64809,1.62687,0.000101857,2.5052,Moment (emu),4.81,YZGO_BparaC_4.81MG_2.5K_06242026.DAT
6.65438,1.62751,6.8729e-05,2.5045,Moment (emu),4.81,YZGO_BparaC_4.81MG_2.5K_06242026.DAT
6.66139,1.62808,0.000117943,2.5035,Moment (emu),4.81,YZGO_BparaC_4.81MG_2.5K_06242026.DAT
6.66841,1.62874,0.0001043,2.5026,Moment (emu),4.81,YZGO_BparaC_4.81MG_2.5K_06242026.DAT
6.67614,1.62946,0.00012605,2.5013,Moment (emu),4.81,YZGO_BparaC_4.81MG_2.5K_06242026.DAT
6.68386,1.62998,0.000119831,2.5002,Moment (emu),4.81,YZGO_BparaC_4.81MG_2.5K_06242026.DAT
6.69055,1.63059,8.06829e-05,2.4993,Moment (emu),4.81,YZGO_BparaC_4.81MG_2.5K_06242026.DAT
6.69685,1.63128,0.000113624,2.4986,Moment (emu),4.81,YZGO_BparaC_4.81MG_2.5K_06242026.DAT
6.70383,1.63186,7.94158e-05,2.4985,Moment (emu),4.81,YZGO_BparaC_4.81MG_2.5K_06242026.DAT
6.71188,1.63242,0.00012008,2.4985,Moment (emu),4.81,YZGO_BparaC_4.81MG_2.5K_06242026.DAT
6.71854,1.63293,0.000120349,2.4987,Moment (emu),4.81,YZGO_BparaC_4.81MG_2.5K_06242026.DAT
6.72592,1.63354,0.000147068,2.4992,Moment (emu),4.81,YZGO_BparaC_4.81MG_2.5K_06242026.DAT
6.73295,1.63405,0.000156424,2.4995,Moment (emu),4.81,YZGO_BparaC_4.81MG_2.5K_06242026.DAT
6.7389,1.63454,8.13031e-05,2.4999,Moment (emu),4.81,YZGO_BparaC_4.81MG_2.5K_06242026.DAT
6.74625,1.63505,0.000102846,2.5002,Moment (emu),4.81,YZGO_BparaC_4.81MG_2.5K_06242026.DAT
6.7529,1.63562,0.000125099,2.5001,Moment (emu),4.81,YZGO_BparaC_4.81MG_2.5K_06242026.DAT
6.76061,1.63627,0.000111364,2.5000,Moment (emu),4.81,YZGO_BparaC_4.81MG_2.5K_06242026.DAT
6.76691,1.6367,7.83984e-05,2.4999,Moment (emu),4.81,YZGO_BparaC_4.81MG_2.5K_06242026.DAT
6.77497,1.63731,0.000111425,2.5000,Moment (emu),4.81,YZGO_BparaC_4.81MG_2.5K_06242026.DAT
6.78092,1.63789,0.000134529,2.5002,Moment (emu),4.81,YZGO_BparaC_4.81MG_2.5K_06242026.DAT
6.78864,1.63834,8.00488e-05,2.5002,Moment (emu),4.81,YZGO_BparaC_4.81MG_2.5K_06242026.DAT
6.79493,1.6391,8.55903e-05,2.5002,Moment (emu),4.81,YZGO_BparaC_4.81MG_2.5K_06242026.DAT
6.80262,1.63943,9.60737e-05,2.5001,Moment (emu),4.81,YZGO_BparaC_4.81MG_2.5K_06242026.DAT
6.80929,1.64018,0.000130866,2.4999,Moment (emu),4.81,YZGO_BparaC_4.81MG_2.5K_06242026.DAT
6.81594,1.64055,0.000123734,2.4998,Moment (emu),4.81,YZGO_BparaC_4.81MG_2.5K_06242026.DAT
6.82261,1.64124,0.000121337,2.4998,Moment (emu),4.81,YZGO_BparaC_4.81MG_2.5K_06242026.DAT
6.82965,1.6416,0.000131156,2.5000,Moment (emu),4.81,YZGO_BparaC_4.81MG_2.5K_06242026.DAT
6.83876,1.64224,0.000103785,2.5001,Moment (emu),4.81,YZGO_BparaC_4.81MG_2.5K_06242026.DAT
6.84644,1.64266,0.000134145,2.5003,Moment (emu),4.81,YZGO_BparaC_4.81MG_2.5K_06242026.DAT
6.8517,1.64324,0.000107892,2.5003,Moment (emu),4.81,YZGO_BparaC_4.81MG_2.5K_06242026.DAT
6.85907,1.64373,0.000108052,2.5003,Moment (emu),4.81,YZGO_BparaC_4.81MG_2.5K_06242026.DAT
6.86572,1.6443,0.000103313,2.5002,Moment (emu),4.81,YZGO_BparaC_4.81MG_2.5K_06242026.DAT
6.87204,1.64476,9.95041e-05,2.5002,Moment (emu),4.81,YZGO_BparaC_4.81MG_2.5K_06242026.DAT
6.87974,1.64524,8.89485e-05,2.5003,Moment (emu),4.81,YZGO_BparaC_4.81MG_2.5K_06242026.DAT
6.88569,1.64594,0.000139865,2.5001,Moment (emu),4.81,YZGO_BparaC_4.81MG_2.5K_06242026.DAT
6.89375,1.64638,0.000111364,2.4999,Moment (emu),4.81,YZGO_BparaC_4.81MG_2.5K_06242026.DAT
6.89972,1.64698,0.000106767,2.5000,Moment (emu),4.81,YZGO_BparaC_4.81MG_2.5K_06242026.DAT
6.90709,1.64743,9.15586e-05,2.5000,Moment (emu),4.81,YZGO_BparaC_4.81MG_2.5K_06242026.DAT
6.91408,1.64797,0.000140631,2.5002,Moment (emu),4.81,YZGO_BparaC_4.81MG_2.5K_06242026.DAT
6.92108,1.64865,0.00013204,2.5003,Moment (emu),4.81,YZGO_BparaC_4.81MG_2.5K_06242026.DAT
6.92811,1.64906,0.000139078,2.5001,Moment (emu),4.81,YZGO_BparaC_4.81MG_2.5K_06242026.DAT
6.93477,1.64944,0.000123483,2.4999,Moment (emu),4.81,YZGO_BparaC_4.81MG_2.5K_06242026.DAT
6.94249,1.65014,0.00012586,2.4998,Moment (emu),4.81,YZGO_BparaC_4.81MG_2.5K_06242026.DAT
6.94982,1.6506,0.000105208,2.4998,Moment (emu),4.81,YZGO_BparaC_4.81MG_2.5K_06242026.DAT
6.95716,1.65117,0.000117972,2.4999,Moment (emu),4.81,YZGO_BparaC_4.81MG_2.5K_06242026.DAT
6.96277,1.65141,0.000132533,2.5011,Moment (emu),4.81,YZGO_BparaC_4.81MG_2.5K_06242026.DAT
6.96979,1.65181,0.000114271,2.5039,Moment (emu),4.81,YZGO_BparaC_4.81MG_2.5K_06242026.DAT
6.97785,1.65216,8.19168e-05,2.5058,Moment (emu),4.81,YZGO_BparaC_4.81MG_2.5K_06242026.DAT
6.9838,1.65278,0.00010204,2.5050,Moment (emu),4.81,YZGO_BparaC_4.81MG_2.5K_06242026.DAT
6.9908,1.6534,0.000133017,2.5030,Moment (emu),4.81,YZGO_BparaC_4.81MG_2.5K_06242026.DAT
6.99782,1.65404,0.000110273,2.5004,Moment (emu),4.81,YZGO_BparaC_4.81MG_2.5K_06242026.DAT
7.02096,1.6554,0.000162166,2.4951,Moment (emu),4.81,YZGO_BparaC_4.81MG_2.5K_06242026.DAT
7.022,1.6559,0.00016453,2.4951,Moment (emu),4.81,YZGO_BparaC_4.81MG_2.5K_06242026.DAT
7.0255,1.65639,0.000167604,2.4953,Moment (emu),4.81,YZGO_BparaC_4.81MG_2.5K_06242026.DAT
7.03288,1.65679,0.000170161,2.4958,Moment (emu),4.81,YZGO_BparaC_4.81MG_2.5K_06242026.DAT
7.03989,1.6574,0.000147525,2.4970,Moment (emu),4.81,YZGO_BparaC_4.81MG_2.5K_06242026.DAT
7.04692,1.6577,0.000119628,2.4979,Moment (emu),4.81,YZGO_BparaC_4.81MG_2.5K_06242026.DAT
7.05391,1.65839,0.000121846,2.4991,Moment (emu),4.81,YZGO_BparaC_4.81MG_2.5K_06242026.DAT
7.06231,1.65858,0.000183538,2.5006,Moment (emu),4.81,YZGO_BparaC_4.81MG_2.5K_06242026.DAT
7.06932,1.6591,0.000134894,2.5016,Moment (emu),4.81,YZGO_BparaC_4.81MG_2.5K_06242026.DAT
7.07494,1.65957,0.000185989,2.5014,Moment (emu),4.81,YZGO_BparaC_4.81MG_2.5K_06242026.DAT
7.08301,1.65997,0.000165527,2.5015,Moment (emu),4.81,YZGO_BparaC_4.81MG_2.5K_06242026.DAT
7.08967,1.66049,0.000196816,2.5016,Moment (emu),4.81,YZGO_BparaC_4.81MG_2.5K_06242026.DAT
7.09598,1.66099,0.000189393,2.5013,Moment (emu),4.81,YZGO_BparaC_4.81MG_2.5K_06242026.DAT
7.10335,1.6615,0.000190396,2.5008,Moment (emu),4.81,YZGO_BparaC_4.81MG_2.5K_06242026.DAT
7.10967,1.66176,0.000152836,2.5006,Moment (emu),4.81,YZGO_BparaC_4.81MG_2.5K_06242026.DAT
7.11703,1.66239,0.000154926,2.5004,Moment (emu),4.81,YZGO_BparaC_4.81MG_2.5K_06242026.DAT
7.12369,1.66298,0.000142587,2.5004,Moment (emu),4.81,YZGO_BparaC_4.81MG_2.5K_06242026.DAT
7.13104,1.66336,0.000116224,2.5003,Moment (emu),4.81,YZGO_BparaC_4.81MG_2.5K_06242026.DAT
7.13911,1.6638,0.000181847,2.5001,Moment (emu),4.81,YZGO_BparaC_4.81MG_2.5K_06242026.DAT
7.14575,1.66452,0.000167359,2.5004,Moment (emu),4.81,YZGO_BparaC_4.81MG_2.5K_06242026.DAT
7.15172,1.66475,0.000118662,2.5003,Moment (emu),4.81,YZGO_BparaC_4.81MG_2.5K_06242026.DAT
7.15871,1.66533,0.000139089,2.5001,Moment (emu),4.81,YZGO_BparaC_4.81MG_2.5K_06242026.DAT
7.16604,1.66578,0.000155313,2.5001,Moment (emu),4.81,YZGO_BparaC_4.81MG_2.5K_06242026.DAT
7.17621,1.66604,0.000194418,2.5003,Moment (emu),4.81,YZGO_BparaC_4.81MG_2.5K_06242026.DAT
7.18323,1.66658,0.000141614,2.5004,Moment (emu),4.81,YZGO_BparaC_4.81MG_2.5K_06242026.DAT
7.18813,1.66704,0.000179244,2.5003,Moment (emu),4.81,YZGO_BparaC_4.81MG_2.5K_06242026.DAT
7.19374,1.6674,0.000151826,2.5001,Moment (emu),4.81,YZGO_BparaC_4.81MG_2.5K_06242026.DAT
7.20215,1.66781,0.000175057,2.4998,Moment (emu),4.81,YZGO_BparaC_4.81MG_2.5K_06242026.DAT
7.20844,1.66834,0.000141444,2.4999,Moment (emu),4.81,YZGO_BparaC_4.81MG_2.5K_06242026.DAT
7.2151,1.66889,0.000139545,2.4997,Moment (emu),4.81,YZGO_BparaC_4.81MG_2.5K_06242026.DAT
7.22247,1.66934,0.000200313,2.4997,Moment (emu),4.81,YZGO_BparaC_4.81MG_2.5K_06242026.DAT
7.23019,1.66978,0.000151679,2.4998,Moment (emu),4.81,YZGO_BparaC_4.81MG_2.5K_06242026.DAT
7.23686,1.67036,0.000187313,2.4998,Moment (emu),4.81,YZGO_BparaC_4.81MG_2.5K_06242026.DAT
7.24459,1.67049,0.000175634,2.5000,Moment (emu),4.81,YZGO_BparaC_4.81MG_2.5K_06242026.DAT
7.25128,1.67107,0.000172455,2.5001,Moment (emu),4.81,YZGO_BparaC_4.81MG_2.5K_06242026.DAT
7.25724,1.67151,0.000183026,2.5001,Moment (emu),4.81,YZGO_BparaC_4.81MG_2.5K_06242026.DAT
7.26492,1.67194,0.000188814,2.5000,Moment (emu),4.81,YZGO_BparaC_4.81MG_2.5K_06242026.DAT
7.27085,1.67234,0.000146169,2.5000,Moment (emu),4.81,YZGO_BparaC_4.81MG_2.5K_06242026.DAT
7.27786,1.67283,0.000155724,2.5000,Moment (emu),4.81,YZGO_BparaC_4.81MG_2.5K_06242026.DAT
7.28664,1.67314,0.000172306,2.5001,Moment (emu),4.81,YZGO_BparaC_4.81MG_2.5K_06242026.DAT
7.29438,1.67363,0.000142753,2.5002,Moment (emu),4.81,YZGO_BparaC_4.81MG_2.5K_06242026.DAT
7.29891,1.67409,0.000166917,2.5002,Moment (emu),4.81,YZGO_BparaC_4.81MG_2.5K_06242026.DAT
7.30589,1.67448,0.00019695,2.5001,Moment (emu),4.81,YZGO_BparaC_4.81MG_2.5K_06242026.DAT
7.31323,1.67482,0.000136518,2.5003,Moment (emu),4.81,YZGO_BparaC_4.81MG_2.5K_06242026.DAT
7.32094,1.67549,0.000190341,2.5006,Moment (emu),4.81,YZGO_BparaC_4.81MG_2.5K_06242026.DAT
7.32688,1.67573,0.000164197,2.5006,Moment (emu),4.81,YZGO_BparaC_4.81MG_2.5K_06242026.DAT
7.33389,1.67627,0.000152275,2.5004,Moment (emu),4.81,YZGO_BparaC_4.81MG_2.5K_06242026.DAT
7.34092,1.67686,0.000172426,2.4986,Moment (emu),4.81,YZGO_BparaC_4.81MG_2.5K_06242026.DAT
7.34794,1.67721,0.000145058,2.4957,Moment (emu),4.81,YZGO_BparaC_4.81MG_2.5K_06242026.DAT
7.35495,1.67779,0.000184093,2.4945,Moment (emu),4.81,YZGO_BparaC_4.81MG_2.5K_06242026.DAT
7.36299,1.67804,0.000180909,2.4961,Moment (emu),4.81,YZGO_BparaC_4.81MG_2.5K_06242026.DAT
7.36898,1.67842,0.000179852,2.4978,Moment (emu),4.81,YZGO_BparaC_4.81MG_2.5K_06242026.DAT
7.37638,1.67875,0.000182793,2.5003,Moment (emu),4.81,YZGO_BparaC_4.81MG_2.5K_06242026.DAT
7.38339,1.67907,0.000177023,2.5027,Moment (emu),4.81,YZGO_BparaC_4.81MG_2.5K_06242026.DAT
7.39181,1.67933,0.00014195,2.5051,Moment (emu),4.81,YZGO_BparaC_4.81MG_2.5K_06242026.DAT
7.39953,1.67985,0.000185477,2.5053,Moment (emu),4.81,YZGO_BparaC_4.81MG_2.5K_06242026.DAT
7.40723,1.68007,0.000170677,2.5053,Moment (emu),4.81,YZGO_BparaC_4.81MG_2.5K_06242026.DAT
7.41214,1.68065,0.000142051,2.5041,Moment (emu),4.81,YZGO_BparaC_4.81MG_2.5K_06242026.DAT
7.41812,1.68137,0.000199537,2.5033,Moment (emu),4.81,YZGO_BparaC_4.81MG_2.5K_06242026.DAT
7.42514,1.68155,0.000189876,2.5021,Moment (emu),4.81,YZGO_BparaC_4.81MG_2.5K_06242026.DAT
7.43216,1.68216,0.000199799,2.5010,Moment (emu),4.81,YZGO_BparaC_4.81MG_2.5K_06242026.DAT
7.43952,1.68233,0.000158141,2.5000,Moment (emu),4.81,YZGO_BparaC_4.81MG_2.5K_06242026.DAT
7.44754,1.68297,0.000128707,2.4992,Moment (emu),4.81,YZGO_BparaC_4.81MG_2.5K_06242026.DAT
7.45383,1.68337,0.000184014,2.4988,Moment (emu),4.81,YZGO_BparaC_4.81MG_2.5K_06242026.DAT
7.46049,1.68377,0.000178914,2.4987,Moment (emu),4.81,YZGO_BparaC_4.81MG_2.5K_06242026.DAT
7.46786,1.684,0.000164309,2.4987,Moment (emu),4.81,YZGO_BparaC_4.81MG_2.5K_06242026.DAT
7.47452,1.6844,0.000160475,2.4989,Moment (emu),4.81,YZGO_BparaC_4.81MG_2.5K_06242026.DAT
7.48222,1.68503,0.000173773,2.4990,Moment (emu),4.81,YZGO_BparaC_4.81MG_2.5K_06242026.DAT
7.48818,1.68536,0.000162728,2.4993,Moment (emu),4.81,YZGO_BparaC_4.81MG_2.5K_06242026.DAT
7.49554,1.68567,0.000153015,2.4995,Moment (emu),4.81,YZGO_BparaC_4.81MG_2.5K_06242026.DAT
7.50258,1.68614,0.000162255,2.4996,Moment (emu),4.81,YZGO_BparaC_4.81MG_2.5K_06242026.DAT
7.51172,1.68655,0.000150799,2.4999,Moment (emu),4.81,YZGO_BparaC_4.81MG_2.5K_06242026.DAT
7.51804,1.68692,0.000127309,2.5001,Moment (emu),4.81,YZGO_BparaC_4.81MG_2.5K_06242026.DAT
7.52434,1.68742,0.00019963,2.4998,Moment (emu),4.81,YZGO_BparaC_4.81MG_2.5K_06242026.DAT
7.53097,1.68778,0.000171756,2.4997,Moment (emu),4.81,YZGO_BparaC_4.81MG_2.5K_06242026.DAT
7.53904,1.68802,0.000148937,2.4999,Moment (emu),4.81,YZGO_BparaC_4.81MG_2.5K_06242026.DAT
7.54534,1.68846,0.00020217,2.5000,Moment (emu),4.81,YZGO_BparaC_4.81MG_2.5K_06242026.DAT
7.55269,1.68874,0.000131489,2.5001,Moment (emu),4.81,YZGO_BparaC_4.81MG_2.5K_06242026.DAT
7.559,1.68927,0.000188766,2.5000,Moment (emu),4.81,YZGO_BparaC_4.81MG_2.5K_06242026.DAT
7.56672,1.68954,0.00015427,2.5002,Moment (emu),4.81,YZGO_BparaC_4.81MG_2.5K_06242026.DAT
7.57342,1.68993,0.000124631,2.5003,Moment (emu),4.81,YZGO_BparaC_4.81MG_2.5K_06242026.DAT
7.57904,1.69028,0.000180074,2.5002,Moment (emu),4.81,YZGO_BparaC_4.81MG_2.5K_06242026.DAT
7.58674,1.6907,0.000172104,2.5002,Moment (emu),4.81,YZGO_BparaC_4.81MG_2.5K_06242026.DAT
7.5937,1.69118,0.000166246,2.5000,Moment (emu),4.81,YZGO_BparaC_4.81MG_2.5K_06242026.DAT
7.60107,1.69145,0.000177221,2.5001,Moment (emu),4.81,YZGO_BparaC_4.81MG_2.5K_06242026.DAT
7.60738,1.69175,0.000190848,2.5002,Moment (emu),4.81,YZGO_BparaC_4.81MG_2.5K_06242026.DAT
7.61545,1.69217,0.000181133,2.5006,Moment (emu),4.81,YZGO_BparaC_4.81MG_2.5K_06242026.DAT
7.62243,1.69257,0.000180887,2.5003,Moment (emu),4.81,YZGO_BparaC_4.81MG_2.5K_06242026.DAT
7.6308,1.69294,0.000124956,2.5000,Moment (emu),4.81,YZGO_BparaC_4.81MG_2.5K_06242026.DAT
7.63606,1.6933,0.000160681,2.4998,Moment (emu),4.81,YZGO_BparaC_4.81MG_2.5K_06242026.DAT
7.64237,1.69372,0.000131344,2.4998,Moment (emu),4.81,YZGO_BparaC_4.81MG_2.5K_06242026.DAT
7.64904,1.69403,0.000151565,2.4999,Moment (emu),4.81,YZGO_BparaC_4.81MG_2.5K_06242026.DAT
7.65711,1.69448,0.000158552,2.5000,Moment (emu),4.81,YZGO_BparaC_4.81MG_2.5K_06242026.DAT
7.66413,1.69489,0.000118101,2.5000,Moment (emu),4.81,YZGO_BparaC_4.81MG_2.5K_06242026.DAT
7.67045,1.69531,0.000186164,2.5002,Moment (emu),4.81,YZGO_BparaC_4.81MG_2.5K_06242026.DAT
7.67819,1.69555,0.000138424,2.5004,Moment (emu),4.81,YZGO_BparaC_4.81MG_2.5K_06242026.DAT
7.68452,1.69597,0.000172504,2.5004,Moment (emu),4.81,YZGO_BparaC_4.81MG_2.5K_06242026.DAT
7.69222,1.69625,0.000104855,2.5002,Moment (emu),4.81,YZGO_BparaC_4.81MG_2.5K_06242026.DAT
7.69853,1.69667,0.000200665,2.4999,Moment (emu),4.81,YZGO_BparaC_4.81MG_2.5K_06242026.DAT
7.70728,1.69686,0.000155075,2.4997,Moment (emu),4.81,YZGO_BparaC_4.81MG_2.5K_06242026.DAT
7.7129,1.69727,0.00011573,2.5003,Moment (emu),4.81,YZGO_BparaC_4.81MG_2.5K_06242026.DAT
7.72062,1.69767,0.000143049,2.5019,Moment (emu),4.81,YZGO_BparaC_4.81MG_2.5K_06242026.DAT
7.72762,1.6979,0.000147436,2.5050,Moment (emu),4.81,YZGO_BparaC_4.81MG_2.5K_06242026.DAT
7.73566,1.69828,0.00015697,2.5050,Moment (emu),4.81,YZGO_BparaC_4.81MG_2.5K_06242026.DAT
7.74229,1.69873,0.000136697,2.5036,Moment (emu),4.81,YZGO_BparaC_4.81MG_2.5K_06242026.DAT
7.74758,1.69907,0.00017565,2.5013,Moment (emu),4.81,YZGO_BparaC_4.81MG_2.5K_06242026.DAT
7.75565,1.69956,0.000123092,2.4990,Moment (emu),4.81,YZGO_BparaC_4.81MG_2.5K_06242026.DAT
7.76159,1.70012,0.00016407,2.4972,Moment (emu),4.81,YZGO_BparaC_4.81MG_2.5K_06242026.DAT
7.76927,1.70046,0.000140217,2.4958,Moment (emu),4.81,YZGO_BparaC_4.81MG_2.5K_06242026.DAT
7.77526,1.70072,0.000163111,2.4954,Moment (emu),4.81,YZGO_BparaC_4.81MG_2.5K_06242026.DAT
7.78229,1.70121,0.000157202,2.4954,Moment (emu),4.81,YZGO_BparaC_4.81MG_2.5K_06242026.DAT
7.78999,1.7013,0.000158658,2.4967,Moment (emu),4.81,YZGO_BparaC_4.81MG_2.5K_06242026.DAT
7.79733,1.70176,0.000158134,2.4974,Moment (emu),4.81,YZGO_BparaC_4.81MG_2.5K_06242026.DAT
7.8047,1.70209,0.000141524,2.4994,Moment (emu),4.81,YZGO_BparaC_4.81MG_2.5K_06242026.DAT
7.81171,1.70245,0.00015642,2.5002,Moment (emu),4.81,YZGO_BparaC_4.81MG_2.5K_06242026.DAT
7.81876,1.70274,0.000164859,2.5006,Moment (emu),4.81,YZGO_BparaC_4.81MG_2.5K_06242026.DAT
7.82473,1.70299,8.28218e-05,2.5008,Moment (emu),4.81,YZGO_BparaC_4.81MG_2.5K_06242026.DAT
7.83138,1.70336,0.000133905,2.5008,Moment (emu),4.81,YZGO_BparaC_4.81MG_2.5K_06242026.DAT
7.83839,1.70373,0.000151503,2.5007,Moment (emu),4.81,YZGO_BparaC_4.81MG_2.5K_06242026.DAT
7.84786,1.70404,0.000138239,2.5006,Moment (emu),4.81,YZGO_BparaC_4.81MG_2.5K_06242026.DAT
7.85522,1.70439,0.000146069,2.5006,Moment (emu),4.81,YZGO_BparaC_4.81MG_2.5K_06242026.DAT
7.86118,1.70472,0.00012176,2.5008,Moment (emu),4.81,YZGO_BparaC_4.81MG_2.5K_06242026.DAT
7.86677,1.70515,0.000159586,2.5008,Moment (emu),4.81,YZGO_BparaC_4.81MG_2.5K_06242026.DAT
7.8734,1.70544,0.000112022,2.5007,Moment (emu),4.81,YZGO_BparaC_4.81MG_2.5K_06242026.DAT
7.88041,1.70585,0.000175496,2.5006,Moment (emu),4.81,YZGO_BparaC_4.81MG_2.5K_06242026.DAT
7.88846,1.70598,0.000183712,2.5003,Moment (emu),4.81,YZGO_BparaC_4.81MG_2.5K_06242026.DAT
7.89442,1.70639,0.000186134,2.5001,Moment (emu),4.81,YZGO_BparaC_4.81MG_2.5K_06242026.DAT
7.90249,1.70676,0.00017001,2.5002,Moment (emu),4.81,YZGO_BparaC_4.81MG_2.5K_06242026.DAT
7.90844,1.70708,0.000133774,2.5002,Moment (emu),4.81,YZGO_BparaC_4.81MG_2.5K_06242026.DAT
7.91545,1.70736,9.16148e-05,2.5003,Moment (emu),4.81,YZGO_BparaC_4.81MG_2.5K_06242026.DAT
7.92246,1.70779,0.000161985,2.5004,Moment (emu),4.81,YZGO_BparaC_4.81MG_2.5K_06242026.DAT
7.93123,1.70817,0.000204482,2.5004,Moment (emu),4.81,YZGO_BparaC_4.81MG_2.5K_06242026.DAT
7.93722,1.70842,0.000171705,2.5003,Moment (emu),4.81,YZGO_BparaC_4.81MG_2.5K_06242026.DAT
7.94496,1.70884,0.000149032,2.5003,Moment (emu),4.81,YZGO_BparaC_4.81MG_2.5K_06242026.DAT
7.95094,1.70911,0.000120136,2.5004,Moment (emu),4.81,YZGO_BparaC_4.81MG_2.5K_06242026.DAT
7.95832,1.70936,0.000172498,2.5006,Moment (emu),4.81,YZGO_BparaC_4.81MG_2.5K_06242026.DAT
7.96641,1.70969,0.000179413,2.5006,Moment (emu),4.81,YZGO_BparaC_4.81MG_2.5K_06242026.DAT
7.97162,1.7101,0.000139432,2.5005,Moment (emu),4.81,YZGO_BparaC_4.81MG_2.5K_06242026.DAT
7.97858,1.71042,0.000187513,2.5002,Moment (emu),4.81,YZGO_BparaC_4.81MG_2.5K_06242026.DAT
7.9856,1.71077,0.000133127,2.4999,Moment (emu),4.81,YZGO_BparaC_4.81MG_2.5K_06242026.DAT
7.99298,1.7112,0.000141262,2.4997,Moment (emu),4.81,YZGO_BparaC_4.81MG_2.5K_06242026.DAT
7.99997,1.71139,0.000158556,2.4997,Moment (emu),4.81,YZGO_BparaC_4.81MG_2.5K_06242026.DAT
8.00733,1.71168,0.000190541,2.4998,Moment (emu),4.81,YZGO_BparaC_4.81MG_2.5K_06242026.DAT
8.01364,1.71184,0.000154644,2.4999,Moment (emu),4.81,YZGO_BparaC_4.81MG_2.5K_06242026.DAT
8.02066,1.71221,0.000101553,2.4999,Moment (emu),4.81,YZGO_BparaC_4.81MG_2.5K_06242026.DAT
8.02838,1.71264,0.000141238,2.5001,Moment (emu),4.81,YZGO_BparaC_4.81MG_2.5K_06242026.DAT
8.0354,1.71288,0.000128428,2.5003,Moment (emu),4.81,YZGO_BparaC_4.81MG_2.5K_06242026.DAT
8.04308,1.71312,0.000120467,2.5002,Moment (emu),4.81,YZGO_BparaC_4.81MG_2.5K_06242026.DAT
8.04937,1.71355,0.000199457,2.5001,Moment (emu),4.81,YZGO_BparaC_4.81MG_2.5K_06242026.DAT
8.05602,1.71376,0.000132467,2.5002,Moment (emu),4.81,YZGO_BparaC_4.81MG_2.5K_06242026.DAT
8.06408,1.7141,0.000146589,2.5001,Moment (emu),4.81,YZGO_BparaC_4.81MG_2.5K_06242026.DAT
8.06935,1.71442,0.000175224,2.5000,Moment (emu),4.81,YZGO_BparaC_4.81MG_2.5K_06242026.DAT
8.07672,1.71463,0.000121583,2.5000,Moment (emu),4.81,YZGO_BparaC_4.81MG_2.5K_06242026.DAT
8.08373,1.71518,0.00012555,2.5000,Moment (emu),4.81,YZGO_BparaC_4.81MG_2.5K_06242026.DAT
8.09074,1.71544,0.000136437,2.4992,Moment (emu),4.81,YZGO_BparaC_4.81MG_2.5K_06242026.DAT
8.09777,1.71584,0.000126226,2.4970,Moment (emu),4.81,YZGO_BparaC_4.81MG_2.5K_06242026.DAT
8.10587,1.71628,0.000193106,2.4948,Moment (emu),4.81,YZGO_BparaC_4.81MG_2.5K_06242026.DAT
8.11148,1.7165,0.00015105,2.4945,Moment (emu),4.81,YZGO_BparaC_4.81MG_2.5K_06242026.DAT
8.11985,1.71679,0.000180746,2.4971,Moment (emu),4.81,YZGO_BparaC_4.81MG_2.5K_06242026.DAT
8.12577,1.71692,0.000115918,2.4999,Moment (emu),4.81,YZGO_BparaC_4.81MG_2.5K_06242026.DAT
8.13277,1.71714,0.000165539,2.5023,Moment (emu),4.81,YZGO_BparaC_4.81MG_2.5K_06242026.DAT
8.14048,1.71744,0.000167203,2.5043,Moment (emu),4.81,YZGO_BparaC_4.81MG_2.5K_06242026.DAT
8.1468,1.71773,0.000147193,2.5054,Moment (emu),4.81,YZGO_BparaC_4.81MG_2.5K_06242026.DAT
8.15449,1.71798,0.000150154,2.5058,Moment (emu),4.81,YZGO_BparaC_4.81MG_2.5K_06242026.DAT
8.1608,1.71833,0.000185689,2.5049,Moment (emu),4.81,YZGO_BparaC_4.81MG_2.5K_06242026.DAT
8.16852,1.71871,0.000142786,2.5038,Moment (emu),4.81,YZGO_BparaC_4.81MG_2.5K_06242026.DAT
8.17448,1.71892,0.000159677,2.5025,Moment (emu),4.81,YZGO_BparaC_4.81MG_2.5K_06242026.DAT
8.18184,1.71915,0.00019052,2.5013,Moment (emu),4.81,YZGO_BparaC_4.81MG_2.5K_06242026.DAT
8.18884,1.71949,0.000197274,2.5002,Moment (emu),4.81,YZGO_BparaC_4.81MG_2.5K_06242026.DAT
8.1969,1.71963,0.000115989,2.4993,Moment (emu),4.81,YZGO_BparaC_4.81MG_2.5K_06242026.DAT
8.20286,1.71996,0.000161059,2.4989,Moment (emu),4.81,YZGO_BparaC_4.81MG_2.5K_06242026.DAT
8.20953,1.72035,0.000173704,2.4986,Moment (emu),4.81,YZGO_BparaC_4.81MG_2.5K_06242026.DAT
8.21655,1.72055,0.000166245,2.4985,Moment (emu),4.81,YZGO_BparaC_4.81MG_2.5K_06242026.DAT
8.22391,1.72076,0.00017019,2.4986,Moment (emu),4.81,YZGO_BparaC_4.81MG_2.5K_06242026.DAT
8.23092,1.72123,0.000105062,2.4988,Moment (emu),4.81,YZGO_BparaC_4.81MG_2.5K_06242026.DAT
8.239,1.72145,0.000165472,2.4995,Moment (emu),4.81,YZGO_BparaC_4.81MG_2.5K_06242026.DAT
8.24531,1.72185,0.000183519,2.4998,Moment (emu),4.81,YZGO_BparaC_4.81MG_2.5K_06242026.DAT
8.25336,1.7221,0.000189614,2.4999,Moment (emu),4.81,YZGO_BparaC_4.81MG_2.5K_06242026.DAT
8.25963,1.72236,0.000143188,2.4998,Moment (emu),4.81,YZGO_BparaC_4.81MG_2.5K_06242026.DAT
8.26593,1.72258,0.000175874,2.4998,Moment (emu),4.81,YZGO_BparaC_4.81MG_2.5K_06242026.DAT
8.27329,1.72292,0.000175792,2.4997,Moment (emu),4.81,YZGO_BparaC_4.81MG_2.5K_06242026.DAT
8.28066,1.72315,0.000186995,2.4996,Moment (emu),4.81,YZGO_BparaC_4.81MG_2.5K_06242026.DAT
8.28802,1.72355,0.000157959,2.4996,Moment (emu),4.81,YZGO_BparaC_4.81MG_2.5K_06242026.DAT
8.29506,1.72375,0.000143896,2.4999,Moment (emu),4.81,YZGO_BparaC_4.81MG_2.5K_06242026.DAT
8.30278,1.72393,0.000147071,2.4999,Moment (emu),4.81,YZGO_BparaC_4.81MG_2.5K_06242026.DAT
8.30804,1.7242,0.000169939,2.5000,Moment (emu),4.81,YZGO_BparaC_4.81MG_2.5K_06242026.DAT
8.31541,1.72464,0.000195336,2.5001,Moment (emu),4.81,YZGO_BparaC_4.81MG_2.5K_06242026.DAT
8.32207,1.72485,0.000143615,2.5001,Moment (emu),4.81,YZGO_BparaC_4.81MG_2.5K_06242026.DAT
8.33012,1.72522,0.000159327,2.4999,Moment (emu),4.81,YZGO_BparaC_4.81MG_2.5K_06242026.DAT
8.33642,1.72554,0.00013055,2.5000,Moment (emu),4.81,YZGO_BparaC_4.81MG_2.5K_06242026.DAT
8.34413,1.72572,0.000178638,2.5000,Moment (emu),4.81,YZGO_BparaC_4.81MG_2.5K_06242026.DAT
8.35044,1.72606,0.000143954,2.5002,Moment (emu),4.81,YZGO_BparaC_4.81MG_2.5K_06242026.DAT
8.35675,1.72631,0.000135135,2.5004,Moment (emu),4.81,YZGO_BparaC_4.81MG_2.5K_06242026.DAT
8.36409,1.72644,0.000159099,2.5004,Moment (emu),4.81,YZGO_BparaC_4.81MG_2.5K_06242026.DAT
8.3711,1.72695,0.000184123,2.5003,Moment (emu),4.81,YZGO_BparaC_4.81MG_2.5K_06242026.DAT
8.37847,1.72713,0.000158618,2.5004,Moment (emu),4.81,YZGO_BparaC_4.81MG_2.5K_06242026.DAT
8.38478,1.72738,0.000166075,2.5003,Moment (emu),4.81,YZGO_BparaC_4.81MG_2.5K_06242026.DAT
8.39285,1.72767,0.00019912,2.4998,Moment (emu),4.81,YZGO_BparaC_4.81MG_2.5K_06242026.DAT
8.39915,1.7281,0.000160481,2.4997,Moment (emu),4.81,YZGO_BparaC_4.81MG_2.5K_06242026.DAT
8.4058,1.72822,0.000164621,2.4998,Moment (emu),4.81,YZGO_BparaC_4.81MG_2.5K_06242026.DAT
8.41281,1.7285,0.000152102,2.4999,Moment (emu),4.81,YZGO_BparaC_4.81MG_2.5K_06242026.DAT
8.42018,1.72894,0.00018719,2.5000,Moment (emu),4.81,YZGO_BparaC_4.81MG_2.5K_06242026.DAT
8.42755,1.72914,0.000166137,2.5001,Moment (emu),4.81,YZGO_BparaC_4.81MG_2.5K_06242026.DAT
8.43419,1.72934,0.000203204,2.5002,Moment (emu),4.81,YZGO_BparaC_4.81MG_2.5K_06242026.DAT
8.4412,1.72958,0.000149491,2.5002,Moment (emu),4.81,YZGO_BparaC_4.81MG_2.5K_06242026.DAT
8.44784,1.73004,0.000194675,2.5003,Moment (emu),4.81,YZGO_BparaC_4.81MG_2.5K_06242026.DAT
8.45517,1.73015,0.000182421,2.5001,Moment (emu),4.81,YZGO_BparaC_4.81MG_2.5K_06242026.DAT
8.46288,1.73043,8.5961e-05,2.5000,Moment (emu),4.81,YZGO_BparaC_4.81MG_2.5K_06242026.DAT
8.46954,1.73061,0.000165527,2.5014,Moment (emu),4.81,YZGO_BparaC_4.81MG_2.5K_06242026.DAT
8.47584,1.7309,0.000106134,2.5035,Moment (emu),4.81,YZGO_BparaC_4.81MG_2.5K_06242026.DAT
8.48251,1.73114,0.000154145,2.5047,Moment (emu),4.81,YZGO_BparaC_4.81MG_2.5K_06242026.DAT
8.48955,1.73142,0.000157244,2.5042,Moment (emu),4.81,YZGO_BparaC_4.81MG_2.5K_06242026.DAT
8.49692,1.73177,0.000130693,2.5025,Moment (emu),4.81,YZGO_BparaC_4.81MG_2.5K_06242026.DAT
8.50361,1.73198,0.000166835,2.5005,Moment (emu),4.81,YZGO_BparaC_4.81MG_2.5K_06242026.DAT
8.51067,1.73236,0.000151297,2.4981,Moment (emu),4.81,YZGO_BparaC_4.81MG_2.5K_06242026.DAT
8.51875,1.73261,0.000177084,2.4965,Moment (emu),4.81,YZGO_BparaC_4.81MG_2.5K_06242026.DAT
8.52542,1.73293,0.000149817,2.4957,Moment (emu),4.81,YZGO_BparaC_4.81MG_2.5K_06242026.DAT
8.53349,1.73326,0.000138396,2.4954,Moment (emu),4.81,YZGO_BparaC_4.81MG_2.5K_06242026.DAT
8.53979,1.73338,0.000136305,2.4961,Moment (emu),4.81,YZGO_BparaC_4.81MG_2.5K_06242026.DAT
8.54609,1.73383,0.000169967,2.4967,Moment (emu),4.81,YZGO_BparaC_4.81MG_2.5K_06242026.DAT
8.55346,1.73393,0.000141809,2.4978,Moment (emu),4.81,YZGO_BparaC_4.81MG_2.5K_06242026.DAT
8.56156,1.73433,0.000164724,2.4991,Moment (emu),4.81,YZGO_BparaC_4.81MG_2.5K_06242026.DAT
8.5682,1.73452,0.000166417,2.5003,Moment (emu),4.81,YZGO_BparaC_4.81MG_2.5K_06242026.DAT
8.57555,1.73464,0.000165553,2.5012,Moment (emu),4.81,YZGO_BparaC_4.81MG_2.5K_06242026.DAT
8.58188,1.73494,0.000159661,2.5014,Moment (emu),4.81,YZGO_BparaC_4.81MG_2.5K_06242026.DAT
8.58854,1.73503,0.000116832,2.5016,Moment (emu),4.81,YZGO_BparaC_4.81MG_2.5K_06242026.DAT
8.59555,1.73534,0.000178189,2.5013,Moment (emu),4.81,YZGO_BparaC_4.81MG_2.5K_06242026.DAT
8.60218,1.73577,0.000148373,2.5008,Moment (emu),4.81,YZGO_BparaC_4.81MG_2.5K_06242026.DAT
8.60919,1.73595,0.000156812,2.5006,Moment (emu),4.81,YZGO_BparaC_4.81MG_2.5K_06242026.DAT
8.61619,1.73634,0.000137416,2.5004,Moment (emu),4.81,YZGO_BparaC_4.81MG_2.5K_06242026.DAT
8.62321,1.73646,0.000155631,2.5003,Moment (emu),4.81,YZGO_BparaC_4.81MG_2.5K_06242026.DAT
8.63022,1.73668,0.000139177,2.5003,Moment (emu),4.81,YZGO_BparaC_4.81MG_2.5K_06242026.DAT
8.63687,1.73698,0.000138665,2.5001,Moment (emu),4.81,YZGO_BparaC_4.81MG_2.5K_06242026.DAT
8.64424,1.7373,0.000166649,2.5003,Moment (emu),4.81,YZGO_BparaC_4.81MG_2.5K_06242026.DAT
8.65195,1.73747,0.000129445,2.5004,Moment (emu),4.81,YZGO_BparaC_4.81MG_2.5K_06242026.DAT
8.65793,1.73763,0.000165721,2.5005,Moment (emu),4.81,YZGO_BparaC_4.81MG_2.5K_06242026.DAT
8.66496,1.73787,0.000178677,2.5004,Moment (emu),4.81,YZGO_BparaC_4.81MG_2.5K_06242026.DAT
8.67371,1.73814,0.000185302,2.5004,Moment (emu),4.81,YZGO_BparaC_4.81MG_2.5K_06242026.DAT
8.68071,1.73863,0.00013805,2.5004,Moment (emu),4.81,YZGO_BparaC_4.81MG_2.5K_06242026.DAT
8.68631,1.73881,0.000142216,2.5004,Moment (emu),4.81,YZGO_BparaC_4.81MG_2.5K_06242026.DAT
8.69507,1.73915,0.000104368,2.5001,Moment (emu),4.81,YZGO_BparaC_4.81MG_2.5K_06242026.DAT
8.70068,1.73943,0.000169329,2.5000,Moment (emu),4.81,YZGO_BparaC_4.81MG_2.5K_06242026.DAT
8.70734,1.73952,0.000196102,2.4999,Moment (emu),4.81,YZGO_BparaC_4.81MG_2.5K_06242026.DAT
8.71471,1.73983,0.000158986,2.4998,Moment (emu),4.81,YZGO_BparaC_4.81MG_2.5K_06242026.DAT
8.72102,1.74005,0.000172078,2.4999,Moment (emu),4.81,YZGO_BparaC_4.81MG_2.5K_06242026.DAT
8.72907,1.74035,0.000140261,2.5000,Moment (emu),4.81,YZGO_BparaC_4.81MG_2.5K_06242026.DAT
8.73503,1.74068,0.000165134,2.5000,Moment (emu),4.81,YZGO_BparaC_4.81MG_2.5K_06242026.DAT
8.74239,1.74078,0.000193244,2.4999,Moment (emu),4.81,YZGO_BparaC_4.81MG_2.5K_06242026.DAT
8.75151,1.74099,0.000173311,2.5001,Moment (emu),4.81,YZGO_BparaC_4.81MG_2.5K_06242026.DAT
8.75676,1.74137,0.000190377,2.5001,Moment (emu),4.81,YZGO_BparaC_4.81MG_2.5K_06242026.DAT
8.76307,1.74144,0.000135183,2.5003,Moment (emu),4.81,YZGO_BparaC_4.81MG_2.5K_06242026.DAT
8.77081,1.74191,0.000128388,2.5005,Moment (emu),4.81,YZGO_BparaC_4.81MG_2.5K_06242026.DAT
8.77713,1.7421,0.000168672,2.5006,Moment (emu),4.81,YZGO_BparaC_4.81MG_2.5K_06242026.DAT
8.78415,1.74232,0.000192002,2.5005,Moment (emu),4.81,YZGO_BparaC_4.81MG_2.5K_06242026.DAT
8.79186,1.74231,0.000142894,2.5004,Moment (emu),4.81,YZGO_BparaC_4.81MG_2.5K_06242026.DAT
8.79989,1.74241,0.000123661,2.5001,Moment (emu),4.81,YZGO_BparaC_4.81MG_2.5K_06242026.DAT
8.80515,1.74273,0.0001623,2.5001,Moment (emu),4.81,YZGO_BparaC_4.81MG_2.5K_06242026.DAT
8.81215,1.74285,0.00017562,2.4999,Moment (emu),4.81,YZGO_BparaC_4.81MG_2.5K_06242026.DAT
8.81987,1.74309,0.000172366,2.4995,Moment (emu),4.81,YZGO_BparaC_4.81MG_2.5K_06242026.DAT
8.82827,1.74335,0.000165639,2.4995,Moment (emu),4.81,YZGO_BparaC_4.81MG_2.5K_06242026.DAT
8.83422,1.74368,0.000115205,2.4996,Moment (emu),4.81,YZGO_BparaC_4.81MG_2.5K_06242026.DAT
8.84053,1.74383,0.000176454,2.4991,Moment (emu),4.81,YZGO_BparaC_4.81MG_2.5K_06242026.DAT
8.8479,1.74402,9.15396e-05,2.4977,Moment (emu),4.81,YZGO_BparaC_4.81MG_2.5K_06242026.DAT
8.85526,1.74446,0.000150082,2.4947,Moment (emu),4.81,YZGO_BparaC_4.81MG_2.5K_06242026.DAT
8.86331,1.74456,0.000185723,2.4944,Moment (emu),4.81,YZGO_BparaC_4.81MG_2.5K_06242026.DAT
8.86822,1.74474,0.000171274,2.4961,Moment (emu),4.81,YZGO_BparaC_4.81MG_2.5K_06242026.DAT
8.87628,1.74514,0.000176063,2.4987,Moment (emu),4.81,YZGO_BparaC_4.81MG_2.5K_06242026.DAT
8.88294,1.74514,0.000178659,2.5011,Moment (emu),4.81,YZGO_BparaC_4.81MG_2.5K_06242026.DAT
8.88926,1.74534,0.000110934,2.5032,Moment (emu),4.81,YZGO_BparaC_4.81MG_2.5K_06242026.DAT
8.8973,1.74575,0.000168407,2.5049,Moment (emu),4.81,YZGO_BparaC_4.81MG_2.5K_06242026.DAT
8.9043,1.74584,0.000167764,2.5053,Moment (emu),4.81,YZGO_BparaC_4.81MG_2.5K_06242026.DAT
8.91164,1.74602,0.000148693,2.5053,Moment (emu),4.81,YZGO_BparaC_4.81MG_2.5K_06242026.DAT
8.91725,1.74638,0.000195053,2.5045,Moment (emu),4.81,YZGO_BparaC_4.81MG_2.5K_06242026.DAT
8.92428,1.74658,0.000152771,2.5029,Moment (emu),4.81,YZGO_BparaC_4.81MG_2.5K_06242026.DAT
8.93132,1.7469,0.000125806,2.5019,Moment (emu),4.81,YZGO_BparaC_4.81MG_2.5K_06242026.DAT
8.93903,1.74713,0.000181353,2.5008,Moment (emu),4.81,YZGO_BparaC_4.81MG_2.5K_06242026.DAT
8.94532,1.74728,0.000131769,2.5000,Moment (emu),4.81,YZGO_BparaC_4.81MG_2.5K_06242026.DAT
8.95228,1.74759,0.000168108,2.4995,Moment (emu),4.81,YZGO_BparaC_4.81MG_2.5K_06242026.DAT
8.95964,1.74784,0.00020503,2.4992,Moment (emu),4.81,YZGO_BparaC_4.81MG_2.5K_06242026.DAT
8.96699,1.74793,0.00016781,2.4988,Moment (emu),4.81,YZGO_BparaC_4.81MG_2.5K_06242026.DAT
8.97574,1.74822,0.000196038,2.4985,Moment (emu),4.81,YZGO_BparaC_4.81MG_2.5K_06242026.DAT
8.98136,1.74853,0.000128412,2.4985,Moment (emu),4.81,YZGO_BparaC_4.81MG_2.5K_06242026.DAT
8.98733,1.74866,0.000176856,2.4986,Moment (emu),4.81,YZGO_BparaC_4.81MG_2.5K_06242026.DAT
8.99612,1.74895,0.000174151,2.4992,Moment (emu),4.81,YZGO_BparaC_4.81MG_2.5K_06242026.DAT
9.00172,1.74909,0.000125721,2.4995,Moment (emu),4.81,YZGO_BparaC_4.81MG_2.5K_06242026.DAT
9.00977,1.74919,0.000153397,2.5000,Moment (emu),4.81,YZGO_BparaC_4.81MG_2.5K_06242026.DAT
9.01574,1.74952,0.000202285,2.5001,Moment (emu),4.81,YZGO_BparaC_4.81MG_2.5K_06242026.DAT
9.02346,1.74965,9.33759e-05,2.5001,Moment (emu),4.81,YZGO_BparaC_4.81MG_2.5K_06242026.DAT
9.03083,1.74989,0.000155106,2.5000,Moment (emu),4.81,YZGO_BparaC_4.81MG_2.5K_06242026.DAT
9.03713,1.75023,0.000162221,2.4999,Moment (emu),4.81,YZGO_BparaC_4.81MG_2.5K_06242026.DAT
9.04412,1.7504,0.000185483,2.5000,Moment (emu),4.81,YZGO_BparaC_4.81MG_2.5K_06242026.DAT
9.05007,1.75077,0.000171421,2.4998,Moment (emu),4.81,YZGO_BparaC_4.81MG_2.5K_06242026.DAT
9.05742,1.75078,0.000158803,2.4998,Moment (emu),4.81,YZGO_BparaC_4.81MG_2.5K_06242026.DAT
9.06444,1.75099,0.000106159,2.4998,Moment (emu),4.81,YZGO_BparaC_4.81MG_2.5K_06242026.DAT
9.07251,1.75118,0.000190985,2.4999,Moment (emu),4.81,YZGO_BparaC_4.81MG_2.5K_06242026.DAT
9.07848,1.75156,0.00016833,2.5001,Moment (emu),4.81,YZGO_BparaC_4.81MG_2.5K_06242026.DAT
9.08515,1.75161,0.000125734,2.5003,Moment (emu),4.81,YZGO_BparaC_4.81MG_2.5K_06242026.DAT
9.09213,1.75183,0.000162796,2.5001,Moment (emu),4.81,YZGO_BparaC_4.81MG_2.5K_06242026.DAT
9.0995,1.75205,0.000170176,2.4999,Moment (emu),4.81,YZGO_BparaC_4.81MG_2.5K_06242026.DAT
9.10651,1.75229,0.000161869,2.4998,Moment (emu),4.81,YZGO_BparaC_4.81MG_2.5K_06242026.DAT
9.11351,1.75236,0.000166536,2.4998,Moment (emu),4.81,YZGO_BparaC_4.81MG_2.5K_06242026.DAT
9.12017,1.75254,0.000163108,2.4997,Moment (emu),4.81,YZGO_BparaC_4.81MG_2.5K_06242026.DAT
9.12826,1.7529,0.000146567,2.4998,Moment (emu),4.81,YZGO_BparaC_4.81MG_2.5K_06242026.DAT
9.13459,1.75321,0.000183467,2.5000,Moment (emu),4.81,YZGO_BparaC_4.81MG_2.5K_06242026.DAT
9.14302,1.75345,0.000153233,2.5001,Moment (emu),4.81,YZGO_BparaC_4.81MG_2.5K_06242026.DAT
9.14825,1.75352,0.000136783,2.5002,Moment (emu),4.81,YZGO_BparaC_4.81MG_2.5K_06242026.DAT
9.15667,1.75384,0.000168086,2.5005,Moment (emu),4.81,YZGO_BparaC_4.81MG_2.5K_06242026.DAT
9.16333,1.75401,0.000181188,2.5006,Moment (emu),4.81,YZGO_BparaC_4.81MG_2.5K_06242026.DAT
9.17,1.75397,0.000162061,2.5005,Moment (emu),4.81,YZGO_BparaC_4.81MG_2.5K_06242026.DAT
9.17701,1.75406,0.000180107,2.5002,Moment (emu),4.81,YZGO_BparaC_4.81MG_2.5K_06242026.DAT
9.18365,1.75452,0.000151012,2.5000,Moment (emu),4.81,YZGO_BparaC_4.81MG_2.5K_06242026.DAT
9.191,1.7546,0.000159066,2.5002,Moment (emu),4.81,YZGO_BparaC_4.81MG_2.5K_06242026.DAT
9.19768,1.75502,0.000134478,2.5003,Moment (emu),4.81,YZGO_BparaC_4.81MG_2.5K_06242026.DAT
9.20502,1.75503,0.000198931,2.5002,Moment (emu),4.81,YZGO_BparaC_4.81MG_2.5K_06242026.DAT
9.21273,1.75533,0.000167694,2.5004,Moment (emu),4.81,YZGO_BparaC_4.81MG_2.5K_06242026.DAT
9.21868,1.75556,0.000174127,2.5012,Moment (emu),4.81,YZGO_BparaC_4.81MG_2.5K_06242026.DAT
9.22605,1.75576,0.000153282,2.5028,Moment (emu),4.81,YZGO_BparaC_4.81MG_2.5K_06242026.DAT
9.23272,1.75577,0.000149275,2.5046,Moment (emu),4.81,YZGO_BparaC_4.81MG_2.5K_06242026.DAT
9.24007,1.75612,0.000105338,2.5051,Moment (emu),4.81,YZGO_BparaC_4.81MG_2.5K_06242026.DAT
9.24675,1.75631,0.000170172,2.5036,Moment (emu),4.81,YZGO_BparaC_4.81MG_2.5K_06242026.DAT
9.25342,1.75638,0.000220777,2.5017,Moment (emu),4.81,YZGO_BparaC_4.81MG_2.5K_06242026.DAT
9.26149,1.75665,0.000157566,2.4990,Moment (emu),4.81,YZGO_BparaC_4.81MG_2.5K_06242026.DAT
9.2685,1.75712,0.000115986,2.4968,Moment (emu),4.81,YZGO_BparaC_4.81MG_2.5K_06242026.DAT
9.27482,1.75721,0.000119533,2.4956,Moment (emu),4.81,YZGO_BparaC_4.81MG_2.5K_06242026.DAT
9.28149,1.75735,9.90256e-05,2.4949,Moment (emu),4.81,YZGO_BparaC_4.81MG_2.5K_06242026.DAT
9.28883,1.75757,0.000194969,2.4955,Moment (emu),4.81,YZGO_BparaC_4.81MG_2.5K_06242026.DAT
9.29616,1.75786,0.000128607,2.4958,Moment (emu),4.81,YZGO_BparaC_4.81MG_2.5K_06242026.DAT
9.30244,1.75795,0.000142139,2.4972,Moment (emu),4.81,YZGO_BparaC_4.81MG_2.5K_06242026.DAT
9.31015,1.75822,0.000126037,2.4979,Moment (emu),4.81,YZGO_BparaC_4.81MG_2.5K_06242026.DAT
9.31784,1.75839,0.000178455,2.4999,Moment (emu),4.81,YZGO_BparaC_4.81MG_2.5K_06242026.DAT
9.32482,1.75857,0.000159566,2.5006,Moment (emu),4.81,YZGO_BparaC_4.81MG_2.5K_06242026.DAT
9.33042,1.75868,0.00019806,2.5010,Moment (emu),4.81,YZGO_BparaC_4.81MG_2.5K_06242026.DAT
9.3385,1.75898,0.00015814,2.5013,Moment (emu),4.81,YZGO_BparaC_4.81MG_2.5K_06242026.DAT
9.34482,1.75908,0.000185813,2.5015,Moment (emu),4.81,YZGO_BparaC_4.81MG_2.5K_06242026.DAT
9.35218,1.75917,0.000206381,2.5014,Moment (emu),4.81,YZGO_BparaC_4.81MG_2.5K_06242026.DAT
9.35885,1.75954,0.000188426,2.5009,Moment (emu),4.81,YZGO_BparaC_4.81MG_2.5K_06242026.DAT
9.36693,1.7597,0.000156899,2.5006,Moment (emu),4.81,YZGO_BparaC_4.81MG_2.5K_06242026.DAT
9.37289,1.75992,0.000135656,2.5006,Moment (emu),4.81,YZGO_BparaC_4.81MG_2.5K_06242026.DAT
9.37958,1.76007,0.000164043,2.5004,Moment (emu),4.81,YZGO_BparaC_4.81MG_2.5K_06242026.DAT
9.38694,1.76047,0.000184068,2.5003,Moment (emu),4.81,YZGO_BparaC_4.81MG_2.5K_06242026.DAT
9.39359,1.76041,0.00016147,2.5005,Moment (emu),4.81,YZGO_BparaC_4.81MG_2.5K_06242026.DAT
9.4006,1.76079,0.000151188,2.5006,Moment (emu),4.81,YZGO_BparaC_4.81MG_2.5K_06242026.DAT
9.40762,1.76097,0.000139124,2.5006,Moment (emu),4.81,YZGO_BparaC_4.81MG_2.5K_06242026.DAT
9.41534,1.76117,0.000118809,2.5005,Moment (emu),4.81,YZGO_BparaC_4.81MG_2.5K_06242026.DAT
9.42235,1.76136,0.000189757,2.5003,Moment (emu),4.81,YZGO_BparaC_4.81MG_2.5K_06242026.DAT
9.42937,1.76158,0.000141839,2.5001,Moment (emu),4.81,YZGO_BparaC_4.81MG_2.5K_06242026.DAT
9.43598,1.76171,0.000167454,2.5000,Moment (emu),4.81,YZGO_BparaC_4.81MG_2.5K_06242026.DAT
9.44228,1.76188,0.000154229,2.4999,Moment (emu),4.81,YZGO_BparaC_4.81MG_2.5K_06242026.DAT
9.44927,1.7622,0.000137145,2.4997,Moment (emu),4.81,YZGO_BparaC_4.81MG_2.5K_06242026.DAT
9.45626,1.76238,0.000159689,2.4997,Moment (emu),4.81,YZGO_BparaC_4.81MG_2.5K_06242026.DAT
9.46466,1.76249,0.000174981,2.4997,Moment (emu),4.81,YZGO_BparaC_4.81MG_2.5K_06242026.DAT
9.47201,1.7628,0.000210662,2.4999,Moment (emu),4.81,YZGO_BparaC_4.81MG_2.5K_06242026.DAT
9.47868,1.76299,0.000157043,2.5000,Moment (emu),4.81,YZGO_BparaC_4.81MG_2.5K_06242026.DAT
9.485,1.76337,0.000180299,2.5000,Moment (emu),4.81,YZGO_BparaC_4.81MG_2.5K_06242026.DAT
9.49236,1.76352,0.000153827,2.4999,Moment (emu),4.81,YZGO_BparaC_4.81MG_2.5K_06242026.DAT
9.49902,1.76391,0.000158085,2.5000,Moment (emu),4.81,YZGO_BparaC_4.81MG_2.5K_06242026.DAT
9.50638,1.764,0.000178952,2.5003,Moment (emu),4.81,YZGO_BparaC_4.81MG_2.5K_06242026.DAT
9.51269,1.76406,9.58461e-05,2.5004,Moment (emu),4.81,YZGO_BparaC_4.81MG_2.5K_06242026.DAT
9.51971,1.76432,0.000162228,2.5004,Moment (emu),4.81,YZGO_BparaC_4.81MG_2.5K_06242026.DAT
9.52675,1.76435,0.00013473,2.5003,Moment (emu),4.81,YZGO_BparaC_4.81MG_2.5K_06242026.DAT
9.53377,1.76463,0.000145787,2.5002,Moment (emu),4.81,YZGO_BparaC_4.81MG_2.5K_06242026.DAT
9.54077,1.76491,0.000178871,2.5000,Moment (emu),4.81,YZGO_BparaC_4.81MG_2.5K_06242026.DAT
9.54849,1.76508,0.0001496,2.5000,Moment (emu),4.81,YZGO_BparaC_4.81MG_2.5K_06242026.DAT
9.55514,1.76531,0.000137753,2.5003,Moment (emu),4.81,YZGO_BparaC_4.81MG_2.5K_06242026.DAT
9.56283,1.76554,0.000178803,2.5005,Moment (emu),4.81,YZGO_BparaC_4.81MG_2.5K_06242026.DAT
9.56913,1.76585,0.000174432,2.5004,Moment (emu),4.81,YZGO_BparaC_4.81MG_2.5K_06242026.DAT
9.57682,1.76584,0.000104464,2.5003,Moment (emu),4.81,YZGO_BparaC_4.81MG_2.5K_06242026.DAT
9.58278,1.76604,0.000200929,2.5002,Moment (emu),4.81,YZGO_BparaC_4.81MG_2.5K_06242026.DAT
9.5898,1.76629,0.000148678,2.4999,Moment (emu),4.81,YZGO_BparaC_4.81MG_2.5K_06242026.DAT
9.59717,1.76636,0.000176346,2.4983,Moment (emu),4.81,YZGO_BparaC_4.81MG_2.5K_06242026.DAT
9.60488,1.76681,0.000161104,2.4961,Moment (emu),4.81,YZGO_BparaC_4.81MG_2.5K_06242026.DAT
9.61083,1.76698,0.000158412,2.4945,Moment (emu),4.81,YZGO_BparaC_4.81MG_2.5K_06242026.DAT
9.61854,1.76702,0.000172377,2.4953,Moment (emu),4.81,YZGO_BparaC_4.81MG_2.5K_06242026.DAT
9.6252,1.76723,0.000181121,2.4971,Moment (emu),4.81,YZGO_BparaC_4.81MG_2.5K_06242026.DAT
9.63185,1.76735,0.000175965,2.4994,Moment (emu),4.81,YZGO_BparaC_4.81MG_2.5K_06242026.DAT
9.63923,1.76766,0.0001656,2.5017,Moment (emu),4.81,YZGO_BparaC_4.81MG_2.5K_06242026.DAT
9.64626,1.76777,0.000206071,2.5041,Moment (emu),4.81,YZGO_BparaC_4.81MG_2.5K_06242026.DAT
9.65292,1.76787,0.000138172,2.5048,Moment (emu),4.81,YZGO_BparaC_4.81MG_2.5K_06242026.DAT
9.65958,1.76803,0.000157191,2.5051,Moment (emu),4.81,YZGO_BparaC_4.81MG_2.5K_06242026.DAT
9.66765,1.7683,0.000166045,2.5047,Moment (emu),4.81,YZGO_BparaC_4.81MG_2.5K_06242026.DAT
9.67536,1.76845,0.000191711,2.5030,Moment (emu),4.81,YZGO_BparaC_4.81MG_2.5K_06242026.DAT
9.68166,1.76857,0.000161765,2.5022,Moment (emu),4.81,YZGO_BparaC_4.81MG_2.5K_06242026.DAT
9.68796,1.76873,0.000137205,2.5017,Moment (emu),4.81,YZGO_BparaC_4.81MG_2.5K_06242026.DAT
9.69462,1.76916,0.000171271,2.5009,Moment (emu),4.81,YZGO_BparaC_4.81MG_2.5K_06242026.DAT
9.70199,1.76925,0.000148633,2.4999,Moment (emu),4.81,YZGO_BparaC_4.81MG_2.5K_06242026.DAT
9.71005,1.76943,0.000184622,2.4993,Moment (emu),4.81,YZGO_BparaC_4.81MG_2.5K_06242026.DAT
9.716,1.76983,0.000177789,2.4993,Moment (emu),4.81,YZGO_BparaC_4.81MG_2.5K_06242026.DAT
9.72302,1.76998,0.000112432,2.4993,Moment (emu),4.81,YZGO_BparaC_4.81MG_2.5K_06242026.DAT
9.73006,1.77002,0.000150608,2.4991,Moment (emu),4.81,YZGO_BparaC_4.81MG_2.5K_06242026.DAT
9.73776,1.77025,0.000174995,2.4992,Moment (emu),4.81,YZGO_BparaC_4.81MG_2.5K_06242026.DAT
9.7437,1.77048,0.000140649,2.4994,Moment (emu),4.81,YZGO_BparaC_4.81MG_2.5K_06242026.DAT
9.75175,1.77061,0.000155289,2.4995,Moment (emu),4.81,YZGO_BparaC_4.81MG_2.5K_06242026.DAT
9.75842,1.77073,0.000144348,2.4994,Moment (emu),4.81,YZGO_BparaC_4.81MG_2.5K_06242026.DAT
9.76616,1.77088,0.000137193,2.4995,Moment (emu),4.81,YZGO_BparaC_4.81MG_2.5K_06242026.DAT
9.77247,1.77102,0.000128849,2.4992,Moment (emu),4.81,YZGO_BparaC_4.81MG_2.5K_06242026.DAT
9.77875,1.77132,0.000196008,2.4992,Moment (emu),4.81,YZGO_BparaC_4.81MG_2.5K_06242026.DAT
9.7861,1.77143,0.000179829,2.4993,Moment (emu),4.81,YZGO_BparaC_4.81MG_2.5K_06242026.DAT
9.79379,1.77162,0.000174805,2.4993,Moment (emu),4.81,YZGO_BparaC_4.81MG_2.5K_06242026.DAT
9.80043,1.77168,0.000184144,2.4995,Moment (emu),4.81,YZGO_BparaC_4.81MG_2.5K_06242026.DAT
9.80675,1.77171,0.000176221,2.4998,Moment (emu),4.81,YZGO_BparaC_4.81MG_2.5K_06242026.DAT
9.81447,1.77206,0.000187764,2.4999,Moment (emu),4.81,YZGO_BparaC_4.81MG_2.5K_06242026.DAT
9.82076,1.77223,0.000204545,2.4999,Moment (emu),4.81,YZGO_BparaC_4.81MG_2.5K_06242026.DAT
9.82847,1.77231,0.000146569,2.5000,Moment (emu),4.81,YZGO_BparaC_4.81MG_2.5K_06242026.DAT
9.83478,1.77261,0.000162053,2.5000,Moment (emu),4.81,YZGO_BparaC_4.81MG_2.5K_06242026.DAT
9.84181,1.77283,0.000191249,2.5001,Moment (emu),4.81,YZGO_BparaC_4.81MG_2.5K_06242026.DAT
9.84884,1.77288,0.000150231,2.5002,Moment (emu),4.81,YZGO_BparaC_4.81MG_2.5K_06242026.DAT
9.85653,1.77293,0.000158702,2.5002,Moment (emu),4.81,YZGO_BparaC_4.81MG_2.5K_06242026.DAT
9.86283,1.77331,0.000175473,2.5003,Moment (emu),4.81,YZGO_BparaC_4.81MG_2.5K_06242026.DAT
9.87229,1.77335,0.000159488,2.5002,Moment (emu),4.81,YZGO_BparaC_4.81MG_2.5K_06242026.DAT
9.8772,1.77361,0.000190848,2.5002,Moment (emu),4.81,YZGO_BparaC_4.81MG_2.5K_06242026.DAT
9.88387,1.77363,0.000174367,2.5002,Moment (emu),4.81,YZGO_BparaC_4.81MG_2.5K_06242026.DAT
9.89158,1.77393,0.000178186,2.5001,Moment (emu),4.81,YZGO_BparaC_4.81MG_2.5K_06242026.DAT
9.89791,1.77412,0.000123387,2.5000,Moment (emu),4.81,YZGO_BparaC_4.81MG_2.5K_06242026.DAT
9.90596,1.77418,0.00019111,2.4999,Moment (emu),4.81,YZGO_BparaC_4.81MG_2.5K_06242026.DAT
9.91192,1.77409,0.000151959,2.4997,Moment (emu),4.81,YZGO_BparaC_4.81MG_2.5K_06242026.DAT
9.92,1.77418,0.000210007,2.4999,Moment (emu),4.81,YZGO_BparaC_4.81MG_2.5K_06242026.DAT
9.92596,1.77423,0.000151745,2.5000,Moment (emu),4.81,YZGO_BparaC_4.81MG_2.5K_06242026.DAT
9.93331,1.77431,0.000167099,2.4999,Moment (emu),4.81,YZGO_BparaC_4.81MG_2.5K_06242026.DAT
9.93997,1.77462,0.000168395,2.4999,Moment (emu),4.81,YZGO_BparaC_4.81MG_2.5K_06242026.DAT
9.94769,1.77468,0.000176452,2.5002,Moment (emu),4.81,YZGO_BparaC_4.81MG_2.5K_06242026.DAT
9.95435,1.7748,0.000178086,2.5002,Moment (emu),4.81,YZGO_BparaC_4.81MG_2.5K_06242026.DAT
9.96169,1.77511,0.000142086,2.5004,Moment (emu),4.81,YZGO_BparaC_4.81MG_2.5K_06242026.DAT
9.96799,1.7753,0.000196979,2.5006,Moment (emu),4.81,YZGO_BparaC_4.81MG_2.5K_06242026.DAT
9.975,1.77542,0.000159344,2.5014,Moment (emu),4.81,YZGO_BparaC_4.81MG_2.5K_06242026.DAT
9.98202,1.77555,0.00015787,2.5030,Moment (emu),4.81,YZGO_BparaC_4.81MG_2.5K_06242026.DAT
9.98968,1.77573,0.000171734,2.5054,Moment (emu),4.81,YZGO_BparaC_4.81MG_2.5K_06242026.DAT
9.9958,1.7758,0.000167441,2.5045,Moment (emu),4.81,YZGO_BparaC_4.81MG_2.5K_06242026.DAT
9.99997,1.77606,0.000168579,2.4997,Moment (emu),4.81,YZGO_BparaC_4.81MG_2.5K_06242026.DAT
9.99994,1.77592,0.00011368,2.4998,Moment (emu),4.81,YZGO_BparaC_4.81MG_2.5K_06242026.DAT
10.0008,1.77575,0.000172099,2.4995,Moment (emu),4.81,YZGO_BparaC_4.81MG_2.5K_06242026.DAT
10.0043,1.77592,0.000201173,2.4999,Moment (emu),4.81,YZGO_BparaC_4.81MG_2.5K_06242026.DAT
10.0086,1.77596,0.000157068,2.5004,Moment (emu),4.81,YZGO_BparaC_4.81MG_2.5K_06242026.DAT
10.0131,1.77638,0.000133113,2.5007,Moment (emu),4.81,YZGO_BparaC_4.81MG_2.5K_06242026.DAT
10.0172,1.77646,0.000174102,2.5009,Moment (emu),4.81,YZGO_BparaC_4.81MG_2.5K_06242026.DAT
10.0223,1.77652,0.00014329,2.5006,Moment (emu),4.81,YZGO_BparaC_4.81MG_2.5K_06242026.DAT
10.0264,1.77662,0.000164096,2.4981,Moment (emu),4.81,YZGO_BparaC_4.81MG_2.5K_06242026.DAT
10.0312,1.7769,0.000179543,2.4950,Moment (emu),4.81,YZGO_BparaC_4.81MG_2.5K_06242026.DAT
10.0353,1.77687,0.000179141,2.4943,Moment (emu),4.81,YZGO_BparaC_4.81MG_2.5K_06242026.DAT
10.0403,1.77705,0.000115227,2.4949,Moment (emu),4.81,YZGO_BparaC_4.81MG_2.5K_06242026.DAT
10.0442,1.77715,0.000180334,2.4974,Moment (emu),4.81,YZGO_BparaC_4.81MG_2.5K_06242026.DAT
10.0492,1.77728,0.000166879,2.5003,Moment (emu),4.81,YZGO_BparaC_4.81MG_2.5K_06242026.DAT
10.0535,1.77725,0.000168393,2.5026,Moment (emu),4.81,YZGO_BparaC_4.81MG_2.5K_06242026.DAT
10.0583,1.77738,0.000126885,2.5047,Moment (emu),4.81,YZGO_BparaC_4.81MG_2.5K_06242026.DAT
10.0626,1.77737,0.00014517,2.5054,Moment (emu),4.81,YZGO_BparaC_4.81MG_2.5K_06242026.DAT
10.0669,1.77759,0.000153583,2.5050,Moment (emu),4.81,YZGO_BparaC_4.81MG_2.5K_06242026.DAT
10.0719,1.77758,0.000152372,2.5042,Moment (emu),4.81,YZGO_BparaC_4.81MG_2.5K_06242026.DAT
10.077,1.77769,0.000202688,2.5025,Moment (emu),4.81,YZGO_BparaC_4.81MG_2.5K_06242026.DAT
10.0815,1.77798,0.000145911,2.5014,Moment (emu),4.81,YZGO_BparaC_4.81MG_2.5K_06242026.DAT
10.0854,1.77815,0.000192167,2.5004,Moment (emu),4.81,YZGO_BparaC_4.81MG_2.5K_06242026.DAT
10.0899,1.7781,0.000144743,2.4996,Moment (emu),4.81,YZGO_BparaC_4.81MG_2.5K_06242026.DAT
10.0945,1.77836,0.000202412,2.4990,Moment (emu),4.81,YZGO_BparaC_4.81MG_2.5K_06242026.DAT
10.0995,1.7784,0.000153687,2.4988,Moment (emu),4.81,YZGO_BparaC_4.81MG_2.5K_06242026.DAT
10.1042,1.77851,0.000203072,2.4990,Moment (emu),4.81,YZGO_BparaC_4.81MG_2.5K_06242026.DAT
10.1086,1.77862,0.000142986,2.4989,Moment (emu),4.81,YZGO_BparaC_4.81MG_2.5K_06242026.DAT
10.1125,1.77862,0.00019019,2.4990,Moment (emu),4.81,YZGO_BparaC_4.81MG_2.5K_06242026.DAT
10.1173,1.77883,0.000212286,2.4992,Moment (emu),4.81,YZGO_BparaC_4.81MG_2.5K_06242026.DAT
10.1218,1.77905,0.000131975,2.4993,Moment (emu),4.81,YZGO_BparaC_4.81MG_2.5K_06242026.DAT
10.1271,1.77897,0.000170173,2.4995,Moment (emu),4.81,YZGO_BparaC_4.81MG_2.5K_06242026.DAT
10.1309,1.77913,0.000162471,2.4997,Moment (emu),4.81,YZGO_BparaC_4.81MG_2.5K_06242026.DAT
10.1361,1.77926,0.0001388,2.4998,Moment (emu),4.81,YZGO_BparaC_4.81MG_2.5K_06242026.DAT
10.14,1.77935,0.00012862,2.4998,Moment (emu),4.81,YZGO_BparaC_4.81MG_2.5K_06242026.DAT
10.145,1.77951,0.000160327,2.4998,Moment (emu),4.81,YZGO_BparaC_4.81MG_2.5K_06242026.DAT
10.1491,1.77966,0.000175193,2.4999,Moment (emu),4.81,YZGO_BparaC_4.81MG_2.5K_06242026.DAT
10.1546,1.77968,0.000147776,2.5000,Moment (emu),4.81,YZGO_BparaC_4.81MG_2.5K_06242026.DAT
10.1585,1.77981,0.000145325,2.5000,Moment (emu),4.81,YZGO_BparaC_4.81MG_2.5K_06242026.DAT
10.1628,1.77999,0.000160989,2.5000,Moment (emu),4.81,YZGO_BparaC_4.81MG_2.5K_06242026.DAT
10.1671,1.78006,0.000150317,2.5000,Moment (emu),4.81,YZGO_BparaC_4.81MG_2.5K_06242026.DAT
10.1721,1.78016,0.0001439,2.5001,Moment (emu),4.81,YZGO_BparaC_4.81MG_2.5K_06242026.DAT
10.1765,1.78024,0.000217023,2.5001,Moment (emu),4.81,YZGO_BparaC_4.81MG_2.5K_06242026.DAT
10.181,1.78022,0.000140906,2.5001,Moment (emu),4.81,YZGO_BparaC_4.81MG_2.5K_06242026.DAT
10.1858,1.78055,0.000168027,2.5000,Moment (emu),4.81,YZGO_BparaC_4.81MG_2.5K_06242026.DAT
10.1901,1.78047,0.000128697,2.5000,Moment (emu),4.81,YZGO_BparaC_4.81MG_2.5K_06242026.DAT
10.1947,1.78066,0.000153703,2.4998,Moment (emu),4.81,YZGO_BparaC_4.81MG_2.5K_06242026.DAT
10.1997,1.78077,0.000148958,2.4999,Moment (emu),4.81,YZGO_BparaC_4.81MG_2.5K_06242026.DAT
10.204,1.78087,0.000181931,2.5002,Moment (emu),4.81,YZGO_BparaC_4.81MG_2.5K_06242026.DAT
10.2082,1.781,0.00016432,2.5002,Moment (emu),4.81,YZGO_BparaC_4.81MG_2.5K_06242026.DAT
10.2134,1.78099,0.000183948,2.5003,Moment (emu),4.81,YZGO_BparaC_4.81MG_2.5K_06242026.DAT
10.218,1.78113,0.000175855,2.5002,Moment (emu),4.81,YZGO_BparaC_4.81MG_2.5K_06242026.DAT
10.2223,1.7813,0.000161911,2.5002,Moment (emu),4.81,YZGO_BparaC_4.81MG_2.5K_06242026.DAT
10.2264,1.78139,0.000198523,2.5002,Moment (emu),4.81,YZGO_BparaC_4.81MG_2.5K_06242026.DAT
10.2317,1.78151,0.000150445,2.4999,Moment (emu),4.81,YZGO_BparaC_4.81MG_2.5K_06242026.DAT
10.2358,1.78165,0.000185312,2.4999,Moment (emu),4.81,YZGO_BparaC_4.81MG_2.5K_06242026.DAT
10.2403,1.78164,0.000186286,2.4999,Moment (emu),4.81,YZGO_BparaC_4.81MG_2.5K_06242026.DAT
10.2449,1.78178,0.000195645,2.4999,Moment (emu),4.81,YZGO_BparaC_4.81MG_2.5K_06242026.DAT
10.2494,1.78197,0.00011035,2.5000,Moment (emu),4.81,YZGO_BparaC_4.81MG_2.5K_06242026.DAT
10.2549,1.78209,0.000194106,2.5001,Moment (emu),4.81,YZGO_BparaC_4.81MG_2.5K_06242026.DAT
10.2586,1.7821,0.000163896,2.5001,Moment (emu),4.81,YZGO_BparaC_4.81MG_2.5K_06242026.DAT
10.2631,1.78232,0.000164985,2.5001,Moment (emu),4.81,YZGO_BparaC_4.81MG_2.5K_06242026.DAT
10.2677,1.78224,0.000132293,2.5004,Moment (emu),4.81,YZGO_BparaC_4.81MG_2.5K_06242026.DAT
10.2729,1.78236,0.000158601,2.5037,Moment (emu),4.81,YZGO_BparaC_4.81MG_2.5K_06242026.DAT
10.277,1.78242,0.000159972,2.5051,Moment (emu),4.81,YZGO_BparaC_4.81MG_2.5K_06242026.DAT
10.2818,1.78259,0.000162381,2.5051,Moment (emu),4.81,YZGO_BparaC_4.81MG_2.5K_06242026.DAT
10.2861,1.78266,0.000175482,2.5033,Moment (emu),4.81,YZGO_BparaC_4.81MG_2.5K_06242026.DAT
10.2902,1.78279,0.000157081,2.5010,Moment (emu),4.81,YZGO_BparaC_4.81MG_2.5K_06242026.DAT
10.2948,1.78283,0.000167464,2.4987,Moment (emu),4.81,YZGO_BparaC_4.81MG_2.5K_06242026.DAT
10.3001,1.78321,0.000176744,2.4969,Moment (emu),4.81,YZGO_BparaC_4.81MG_2.5K_06242026.DAT
10.3048,1.7831,0.000150933,2.4954,Moment (emu),4.81,YZGO_BparaC_4.81MG_2.5K_06242026.DAT
10.3089,1.78323,0.000148034,2.4953,Moment (emu),4.81,YZGO_BparaC_4.81MG_2.5K_06242026.DAT
10.3137,1.78326,0.000147931,2.4958,Moment (emu),4.81,YZGO_BparaC_4.81MG_2.5K_06242026.DAT
10.3178,1.78345,0.000199086,2.4965,Moment (emu),4.81,YZGO_BparaC_4.81MG_2.5K_06242026.DAT
10.3221,1.78359,0.000136867,2.4977,Moment (emu),4.81,YZGO_BparaC_4.81MG_2.5K_06242026.DAT
10.3266,1.78371,0.000182124,2.4985,Moment (emu),4.81,YZGO_BparaC_4.81MG_2.5K_06242026.DAT
10.3316,1.78363,0.000149134,2.4996,Moment (emu),4.81,YZGO_BparaC_4.81MG_2.5K_06242026.DAT
10.3357,1.7837,0.000175462,2.5006,Moment (emu),4.81,YZGO_BparaC_4.81MG_2.5K_06242026.DAT
10.3403,1.78386,0.000111388,2.5008,Moment (emu),4.81,YZGO_BparaC_4.81MG_2.5K_06242026.DAT
10.3449,1.78398,0.000152639,2.5008,Moment (emu),4.81,YZGO_BparaC_4.81MG_2.5K_06242026.DAT
10.3499,1.78405,0.00015348,2.5008,Moment (emu),4.81,YZGO_BparaC_4.81MG_2.5K_06242026.DAT
10.3542,1.78425,0.000192412,2.5008,Moment (emu),4.81,YZGO_BparaC_4.81MG_2.5K_06242026.DAT
10.3592,1.78429,0.000128186,2.5008,Moment (emu),4.81,YZGO_BparaC_4.81MG_2.5K_06242026.DAT
10.3631,1.78446,0.000167701,2.5010,Moment (emu),4.81,YZGO_BparaC_4.81MG_2.5K_06242026.DAT
10.3686,1.78462,0.000190626,2.5011,Moment (emu),4.81,YZGO_BparaC_4.81MG_2.5K_06242026.DAT
10.3725,1.78455,0.000161595,2.5010,Moment (emu),4.81,YZGO_BparaC_4.81MG_2.5K_06242026.DAT
10.377,1.78474,0.000186587,2.5007,Moment (emu),4.81,YZGO_BparaC_4.81MG_2.5K_06242026.DAT
10.3816,1.78484,0.000172921,2.5006,Moment (emu),4.81,YZGO_BparaC_4.81MG_2.5K_06242026.DAT
10.3868,1.78482,0.000188042,2.5004,Moment (emu),4.81,YZGO_BparaC_4.81MG_2.5K_06242026.DAT
10.3909,1.78508,0.000128846,2.5002,Moment (emu),4.81,YZGO_BparaC_4.81MG_2.5K_06242026.DAT
10.3957,1.78504,0.000182732,2.5000,Moment (emu),4.81,YZGO_BparaC_4.81MG_2.5K_06242026.DAT
10.3998,1.7852,0.000159011,2.5000,Moment (emu),4.81,YZGO_BparaC_4.81MG_2.5K_06242026.DAT
10.4048,1.78525,0.000183458,2.5001,Moment (emu),4.81,YZGO_BparaC_4.81MG_2.5K_06242026.DAT
10.4091,1.78549,0.000172556,2.5000,Moment (emu),4.81,YZGO_BparaC_4.81MG_2.5K_06242026.DAT
10.4132,1.78549,0.000200514,2.5000,Moment (emu),4.81,YZGO_BparaC_4.81MG_2.5K_06242026.DAT
10.4178,1.7856,0.000160262,2.5001,Moment (emu),4.81,YZGO_BparaC_4.81MG_2.5K_06242026.DAT
10.4223,1.78566,0.000161589,2.5000,Moment (emu),4.81,YZGO_BparaC_4.81MG_2.5K_06242026.DAT
10.4266,1.78584,0.000166961,2.4999,Moment (emu),4.81,YZGO_BparaC_4.81MG_2.5K_06242026.DAT
10.4316,1.786,0.000217406,2.4998,Moment (emu),4.81,YZGO_BparaC_4.81MG_2.5K_06242026.DAT
10.4369,1.78589,0.000175463,2.5001,Moment (emu),4.81,YZGO_BparaC_4.81MG_2.5K_06242026.DAT
10.4405,1.78616,0.000152877,2.4999,Moment (emu),4.81,YZGO_BparaC_4.81MG_2.5K_06242026.DAT
10.446,1.78624,0.00013494,2.4997,Moment (emu),4.81,YZGO_BparaC_4.81MG_2.5K_06242026.DAT
10.4503,1.78628,0.000180644,2.4997,Moment (emu),4.81,YZGO_BparaC_4.81MG_2.5K_06242026.DAT
10.4542,1.78633,0.000162279,2.4998,Moment (emu),4.81,YZGO_BparaC_4.81MG_2.5K_06242026.DAT
10.4594,1.78643,0.00015774,2.5000,Moment (emu),4.81,YZGO_BparaC_4.81MG_2.5K_06242026.DAT
10.4633,1.78662,0.000170775,2.5002,Moment (emu),4.81,YZGO_BparaC_4.81MG_2.5K_06242026.DAT
10.4685,1.78667,0.000143626,2.5003,Moment (emu),4.81,YZGO_BparaC_4.81MG_2.5K_06242026.DAT
10.4724,1.78691,0.000198373,2.5004,Moment (emu),4.81,YZGO_BparaC_4.81MG_2.5K_06242026.DAT
10.4779,1.78659,0.000147077,2.5003,Moment (emu),4.81,YZGO_BparaC_4.81MG_2.5K_06242026.DAT
10.4817,1.78635,0.000211046,2.5001,Moment (emu),4.81,YZGO_BparaC_4.81MG_2.5K_06242026.DAT
10.487,1.78655,0.000136136,2.4999,Moment (emu),4.81,YZGO_BparaC_4.81MG_2.5K_06242026.DAT
10.4911,1.7867,0.00017566,2.4998,Moment (emu),4.81,YZGO_BparaC_4.81MG_2.5K_06242026.DAT
10.4959,1.78699,0.000164214,2.4999,Moment (emu),4.81,YZGO_BparaC_4.81MG_2.5K_06242026.DAT
10.5,1.7869,0.000134673,2.5000,Moment (emu),4.81,YZGO_BparaC_4.81MG_2.5K_06242026.DAT
10.5048,1.78691,0.000166238,2.5002,Moment (emu),4.81,YZGO_BparaC_4.81MG_2.5K_06242026.DAT
10.5096,1.78699,0.000224978,2.5002,Moment (emu),4.81,YZGO_BparaC_4.81MG_2.5K_06242026.DAT
10.5137,1.78709,0.000172684,2.4993,Moment (emu),4.81,YZGO_BparaC_4.81MG_2.5K_06242026.DAT
10.5187,1.78736,0.000174828,2.4969,Moment (emu),4.81,YZGO_BparaC_4.81MG_2.5K_06242026.DAT
10.523,1.78736,9.76436e-05,2.4940,Moment (emu),4.81,YZGO_BparaC_4.81MG_2.5K_06242026.DAT
10.5271,1.78742,0.0001615,2.4943,Moment (emu),4.81,YZGO_BparaC_4.81MG_2.5K_06242026.DAT
10.5323,1.78754,0.000173163,2.4977,Moment (emu),4.81,YZGO_BparaC_4.81MG_2.5K_06242026.DAT
10.5362,1.78751,0.000159835,2.4999,Moment (emu),4.81,YZGO_BparaC_4.81MG_2.5K_06242026.DAT
10.5412,1.78763,0.000179973,2.5021,Moment (emu),4.81,YZGO_BparaC_4.81MG_2.5K_06242026.DAT
10.5453,1.78773,0.000146947,2.5033,Moment (emu),4.81,YZGO_BparaC_4.81MG_2.5K_06242026.DAT
10.5503,1.7879,0.000163654,2.5049,Moment (emu),4.81,YZGO_BparaC_4.81MG_2.5K_06242026.DAT
10.5542,1.78803,0.00021787,2.5048,Moment (emu),4.81,YZGO_BparaC_4.81MG_2.5K_06242026.DAT
10.5601,1.78811,0.000200413,2.5037,Moment (emu),4.81,YZGO_BparaC_4.81MG_2.5K_06242026.DAT
10.5636,1.78804,0.000181553,2.5028,Moment (emu),4.81,YZGO_BparaC_4.81MG_2.5K_06242026.DAT
10.5686,1.78824,0.000111827,2.5019,Moment (emu),4.81,YZGO_BparaC_4.81MG_2.5K_06242026.DAT
10.5736,1.7883,0.000139273,2.5011,Moment (emu),4.81,YZGO_BparaC_4.81MG_2.5K_06242026.DAT
10.5772,1.78835,0.000190946,2.5003,Moment (emu),4.81,YZGO_BparaC_4.81MG_2.5K_06242026.DAT
10.582,1.78845,0.000186673,2.4997,Moment (emu),4.81,YZGO_BparaC_4.81MG_2.5K_06242026.DAT
10.5866,1.78852,0.000175162,2.4995,Moment (emu),4.81,YZGO_BparaC_4.81MG_2.5K_06242026.DAT
10.5913,1.78847,0.000177504,2.4992,Moment (emu),4.81,YZGO_BparaC_4.81MG_2.5K_06242026.DAT
10.5955,1.78901,0.000201266,2.4992,Moment (emu),4.81,YZGO_BparaC_4.81MG_2.5K_06242026.DAT
10.6005,1.78926,0.000166548,2.4996,Moment (emu),4.81,YZGO_BparaC_4.81MG_2.5K_06242026.DAT
10.6043,1.78932,0.000171715,2.4996,Moment (emu),4.81,YZGO_BparaC_4.81MG_2.5K_06242026.DAT
10.6098,1.78946,0.000131891,2.4996,Moment (emu),4.81,YZGO_BparaC_4.81MG_2.5K_06242026.DAT
10.6139,1.7896,0.000173371,2.4997,Moment (emu),4.81,YZGO_BparaC_4.81MG_2.5K_06242026.DAT
10.6182,1.78976,0.000140162,2.4997,Moment (emu),4.81,YZGO_BparaC_4.81MG_2.5K_06242026.DAT
10.6228,1.78967,0.000162265,2.4995,Moment (emu),4.81,YZGO_BparaC_4.81MG_2.5K_06242026.DAT
10.6278,1.78989,0.000152647,2.4995,Moment (emu),4.81,YZGO_BparaC_4.81MG_2.5K_06242026.DAT
10.6321,1.78999,0.000180011,2.4995,Moment (emu),4.81,YZGO_BparaC_4.81MG_2.5K_06242026.DAT
10.6371,1.78994,0.000128847,2.4994,Moment (emu),4.81,YZGO_BparaC_4.81MG_2.5K_06242026.DAT
10.6414,1.79028,0.000163312,2.4996,Moment (emu),4.81,YZGO_BparaC_4.81MG_2.5K_06242026.DAT
10.6453,1.79032,0.000170632,2.4997,Moment (emu),4.81,YZGO_BparaC_4.81MG_2.5K_06242026.DAT
10.6506,1.79037,0.000128592,2.5001,Moment (emu),4.81,YZGO_BparaC_4.81MG_2.5K_06242026.DAT
10.6544,1.79052,0.000145829,2.5003,Moment (emu),4.81,YZGO_BparaC_4.81MG_2.5K_06242026.DAT
10.6593,1.79051,0.000133682,2.5003,Moment (emu),4.81,YZGO_BparaC_4.81MG_2.5K_06242026.DAT
10.6645,1.79062,0.000204249,2.5002,Moment (emu),4.81,YZGO_BparaC_4.81MG_2.5K_06242026.DAT
10.669,1.79082,0.000168211,2.5000,Moment (emu),4.81,YZGO_BparaC_4.81MG_2.5K_06242026.DAT
10.6736,1.79091,0.000219268,2.4999,Moment (emu),4.81,YZGO_BparaC_4.81MG_2.5K_06242026.DAT
10.6781,1.79093,0.000169965,2.4997,Moment (emu),4.81,YZGO_BparaC_4.81MG_2.5K_06242026.DAT
10.682,1.79108,0.000189286,2.4997,Moment (emu),4.81,YZGO_BparaC_4.81MG_2.5K_06242026.DAT
10.6868,1.79133,0.000198418,2.4995,Moment (emu),4.81,YZGO_BparaC_4.81MG_2.5K_06242026.DAT
10.6911,1.79128,0.000154883,2.4997,Moment (emu),4.81,YZGO_BparaC_4.81MG_2.5K_06242026.DAT
10.6959,1.79132,0.000196199,2.4998,Moment (emu),4.81,YZGO_BparaC_4.81MG_2.5K_06242026.DAT
10.7,1.79151,0.000180928,2.5000,Moment (emu),4.81,YZGO_BparaC_4.81MG_2.5K_06242026.DAT
10.7052,1.79156,0.000164462,2.5001,Moment (emu),4.81,YZGO_BparaC_4.81MG_2.5K_06242026.DAT
10.7091,1.79156,0.000157457,2.5001,Moment (emu),4.81,YZGO_BparaC_4.81MG_2.5K_06242026.DAT
10.7134,1.79163,0.000160386,2.5001,Moment (emu),4.81,YZGO_BparaC_4.81MG_2.5K_06242026.DAT
10.718,1.7917,0.000213544,2.5003,Moment (emu),4.81,YZGO_BparaC_4.81MG_2.5K_06242026.DAT
10.7228,1.79191,0.000187595,2.5004,Moment (emu),4.81,YZGO_BparaC_4.81MG_2.5K_06242026.DAT
10.7273,1.79196,0.000174864,2.5003,Moment (emu),4.81,YZGO_BparaC_4.81MG_2.5K_06242026.DAT
10.7321,1.79212,0.000170791,2.5003,Moment (emu),4.81,YZGO_BparaC_4.81MG_2.5K_06242026.DAT
10.7369,1.79212,0.000140024,2.5002,Moment (emu),4.81,YZGO_BparaC_4.81MG_2.5K_06242026.DAT
10.741,1.79234,0.000210507,2.5001,Moment (emu),4.81,YZGO_BparaC_4.81MG_2.5K_06242026.DAT
10.746,1.79229,0.000184872,2.5001,Moment (emu),4.81,YZGO_BparaC_4.81MG_2.5K_06242026.DAT
10.7503,1.79248,0.000161142,2.5002,Moment (emu),4.81,YZGO_BparaC_4.81MG_2.5K_06242026.DAT
10.7551,1.79251,0.000105316,2.5001,Moment (emu),4.81,YZGO_BparaC_4.81MG_2.5K_06242026.DAT
10.7595,1.79264,0.000175527,2.5016,Moment (emu),4.81,YZGO_BparaC_4.81MG_2.5K_06242026.DAT
10.7645,1.79274,0.000195662,2.5038,Moment (emu),4.81,YZGO_BparaC_4.81MG_2.5K_06242026.DAT
10.769,1.7927,0.000160958,2.5051,Moment (emu),4.81,YZGO_BparaC_4.81MG_2.5K_06242026.DAT
10.7734,1.79275,0.000197439,2.5046,Moment (emu),4.81,YZGO_BparaC_4.81MG_2.5K_06242026.DAT
10.7773,1.79315,0.000139329,2.5026,Moment (emu),4.81,YZGO_BparaC_4.81MG_2.5K_06242026.DAT
10.7822,1.79296,0.000157922,2.4995,Moment (emu),4.81,YZGO_BparaC_4.81MG_2.5K_06242026.DAT
10.7868,1.79333,0.00013574,2.4975,Moment (emu),4.81,YZGO_BparaC_4.81MG_2.5K_06242026.DAT
10.7913,1.79328,0.000173549,2.4963,Moment (emu),4.81,YZGO_BparaC_4.81MG_2.5K_06242026.DAT
10.7961,1.79345,0.000231336,2.4955,Moment (emu),4.81,YZGO_BparaC_4.81MG_2.5K_06242026.DAT
10.8011,1.79351,0.000187051,2.4956,Moment (emu),4.81,YZGO_BparaC_4.81MG_2.5K_06242026.DAT
10.8057,1.79355,0.000184976,2.4961,Moment (emu),4.81,YZGO_BparaC_4.81MG_2.5K_06242026.DAT
10.8095,1.79375,0.000156516,2.4971,Moment (emu),4.81,YZGO_BparaC_4.81MG_2.5K_06242026.DAT
10.814,1.79379,0.000140793,2.4984,Moment (emu),4.81,YZGO_BparaC_4.81MG_2.5K_06242026.DAT
10.8193,1.79393,0.000164295,2.4994,Moment (emu),4.81,YZGO_BparaC_4.81MG_2.5K_06242026.DAT
10.8229,1.794,0.000182561,2.5000,Moment (emu),4.81,YZGO_BparaC_4.81MG_2.5K_06242026.DAT
10.8275,1.79398,0.000222681,2.5005,Moment (emu),4.81,YZGO_BparaC_4.81MG_2.5K_06242026.DAT
10.8325,1.79428,0.000122841,2.5009,Moment (emu),4.81,YZGO_BparaC_4.81MG_2.5K_06242026.DAT
10.8378,1.79421,0.000136342,2.5011,Moment (emu),4.81,YZGO_BparaC_4.81MG_2.5K_06242026.DAT
10.8414,1.79444,0.000185252,2.5010,Moment (emu),4.81,YZGO_BparaC_4.81MG_2.5K_06242026.DAT
10.8467,1.79435,0.000191634,2.5009,Moment (emu),4.81,YZGO_BparaC_4.81MG_2.5K_06242026.DAT
10.8509,1.79467,0.000122922,2.5003,Moment (emu),4.81,YZGO_BparaC_4.81MG_2.5K_06242026.DAT
10.8548,1.79471,0.000150468,2.5003,Moment (emu),4.81,YZGO_BparaC_4.81MG_2.5K_06242026.DAT
10.86,1.7947,0.000177276,2.5002,Moment (emu),4.81,YZGO_BparaC_4.81MG_2.5K_06242026.DAT
10.8646,1.79484,0.000195574,2.5002,Moment (emu),4.81,YZGO_BparaC_4.81MG_2.5K_06242026.DAT
10.8691,1.79498,0.000142274,2.5002,Moment (emu),4.81,YZGO_BparaC_4.81MG_2.5K_06242026.DAT
10.8735,1.79506,0.000168945,2.5002,Moment (emu),4.81,YZGO_BparaC_4.81MG_2.5K_06242026.DAT
10.8783,1.79498,0.000164161,2.5003,Moment (emu),4.81,YZGO_BparaC_4.81MG_2.5K_06242026.DAT
10.8824,1.79514,0.000162404,2.5003,Moment (emu),4.81,YZGO_BparaC_4.81MG_2.5K_06242026.DAT
10.8867,1.79529,0.000172612,2.5006,Moment (emu),4.81,YZGO_BparaC_4.81MG_2.5K_06242026.DAT
10.8915,1.79533,0.000185114,2.5008,Moment (emu),4.81,YZGO_BparaC_4.81MG_2.5K_06242026.DAT
10.896,1.7954,0.00017193,2.5008,Moment (emu),4.81,YZGO_BparaC_4.81MG_2.5K_06242026.DAT
10.9004,1.79549,0.000155707,2.5005,Moment (emu),4.81,YZGO_BparaC_4.81MG_2.5K_06242026.DAT
10.9056,1.79553,0.000168041,2.5002,Moment (emu),4.81,YZGO_BparaC_4.81MG_2.5K_06242026.DAT
10.9095,1.79575,0.000215847,2.4999,Moment (emu),4.81,YZGO_BparaC_4.81MG_2.5K_06242026.DAT
10.914,1.7959,0.0001532,2.4998,Moment (emu),4.81,YZGO_BparaC_4.81MG_2.5K_06242026.DAT
10.9193,1.79594,0.000191388,2.4996,Moment (emu),4.81,YZGO_BparaC_4.81MG_2.5K_06242026.DAT
10.9236,1.79615,0.00015945,2.4996,Moment (emu),4.81,YZGO_BparaC_4.81MG_2.5K_06242026.DAT
10.9277,1.796,0.000141633,2.4996,Moment (emu),4.81,YZGO_BparaC_4.81MG_2.5K_06242026.DAT
10.9329,1.79636,0.000221534,2.4995,Moment (emu),4.81,YZGO_BparaC_4.81MG_2.5K_06242026.DAT
10.937,1.79641,0.000160971,2.4996,Moment (emu),4.81,YZGO_BparaC_4.81MG_2.5K_06242026.DAT
10.9421,1.79644,0.000202953,2.4997,Moment (emu),4.81,YZGO_BparaC_4.81MG_2.5K_06242026.DAT
10.9466,1.7964,0.000193229,2.5001,Moment (emu),4.81,YZGO_BparaC_4.81MG_2.5K_06242026.DAT
10.9514,1.79669,0.000153108,2.5003,Moment (emu),4.81,YZGO_BparaC_4.81MG_2.5K_06242026.DAT
10.9555,1.79671,0.000180567,2.5004,Moment (emu),4.81,YZGO_BparaC_4.81MG_2.5K_06242026.DAT
10.9598,1.79678,0.000205351,2.5003,Moment (emu),4.81,YZGO_BparaC_4.81MG_2.5K_06242026.DAT
10.9646,1.79683,0.000204088,2.5003,Moment (emu),4.81,YZGO_BparaC_4.81MG_2.5K_06242026.DAT
10.9687,1.79691,0.000142968,2.5003,Moment (emu),4.81,YZGO_BparaC_4.81MG_2.5K_06242026.DAT
10.9733,1.797,0.000185949,2.5003,Moment (emu),4.81,YZGO_BparaC_4.81MG_2.5K_06242026.DAT
10.9778,1.79718,0.000177839,2.5001,Moment (emu),4.81,YZGO_BparaC_4.81MG_2.5K_06242026.DAT
10.9828,1.7973,0.000170228,2.4998,Moment (emu),4.81,YZGO_BparaC_4.81MG_2.5K_06242026.DAT
10.9869,1.79734,0.000158331,2.4996,Moment (emu),4.81,YZGO_BparaC_4.81MG_2.5K_06242026.DAT
10.9922,1.79761,0.000157906,2.4998,Moment (emu),4.81,YZGO_BparaC_4.81MG_2.5K_06242026.DAT
10.996,1.79755,0.000132033,2.4998,Moment (emu),4.81,YZGO_BparaC_4.81MG_2.5K_06242026.DAT
11.0017,1.79752,0.000170243,2.4991,Moment (emu),4.81,YZGO_BparaC_4.81MG_2.5K_06242026.DAT
11.0051,1.7977,0.000173675,2.4975,Moment (emu),4.81,YZGO_BparaC_4.81MG_2.5K_06242026.DAT
11.0097,1.79781,0.000180408,2.4952,Moment (emu),4.81,YZGO_BparaC_4.81MG_2.5K_06242026.DAT
11.0147,1.79786,0.000150595,2.4943,Moment (emu),4.81,YZGO_BparaC_4.81MG_2.5K_06242026.DAT
11.0195,1.79806,0.000194569,2.4967,Moment (emu),4.81,YZGO_BparaC_4.81MG_2.5K_06242026.DAT
11.0238,1.79814,0.00018159,2.4987,Moment (emu),4.81,YZGO_BparaC_4.81MG_2.5K_06242026.DAT
11.0279,1.7982,0.000177196,2.5013,Moment (emu),4.81,YZGO_BparaC_4.81MG_2.5K_06242026.DAT
11.0323,1.7983,0.000190023,2.5038,Moment (emu),4.81,YZGO_BparaC_4.81MG_2.5K_06242026.DAT
11.037,1.79836,0.000167366,2.5052,Moment (emu),4.81,YZGO_BparaC_4.81MG_2.5K_06242026.DAT
11.042,1.79827,0.00014551,2.5058,Moment (emu),4.81,YZGO_BparaC_4.81MG_2.5K_06242026.DAT
11.0464,1.79834,0.000182349,2.5052,Moment (emu),4.81,YZGO_BparaC_4.81MG_2.5K_06242026.DAT
11.0514,1.79844,0.000191245,2.5040,Moment (emu),4.81,YZGO_BparaC_4.81MG_2.5K_06242026.DAT
11.0553,1.79883,0.000165881,2.5027,Moment (emu),4.81,YZGO_BparaC_4.81MG_2.5K_06242026.DAT
11.0598,1.79894,0.000213358,2.5015,Moment (emu),4.81,YZGO_BparaC_4.81MG_2.5K_06242026.DAT
11.0644,1.7988,0.00020669,2.5004,Moment (emu),4.81,YZGO_BparaC_4.81MG_2.5K_06242026.DAT
11.0696,1.79904,0.000146349,2.4994,Moment (emu),4.81,YZGO_BparaC_4.81MG_2.5K_06242026.DAT
11.0735,1.79909,0.000199362,2.4990,Moment (emu),4.81,YZGO_BparaC_4.81MG_2.5K_06242026.DAT
11.0788,1.79921,0.000166054,2.4986,Moment (emu),4.81,YZGO_BparaC_4.81MG_2.5K_06242026.DAT
11.0833,1.79922,0.000187316,2.4987,Moment (emu),4.81,YZGO_BparaC_4.81MG_2.5K_06242026.DAT
11.0877,1.7995,0.000177155,2.4986,Moment (emu),4.81,YZGO_BparaC_4.81MG_2.5K_06242026.DAT
11.0918,1.79934,0.000149157,2.4986,Moment (emu),4.81,YZGO_BparaC_4.81MG_2.5K_06242026.DAT
11.0974,1.79949,0.000184756,2.4988,Moment (emu),4.81,YZGO_BparaC_4.81MG_2.5K_06242026.DAT
11.102,1.7996,0.000149556,2.4988,Moment (emu),4.81,YZGO_BparaC_4.81MG_2.5K_06242026.DAT
11.1056,1.79969,0.000184099,2.4992,Moment (emu),4.81,YZGO_BparaC_4.81MG_2.5K_06242026.DAT
11.1099,1.79973,0.000174798,2.4998,Moment (emu),4.81,YZGO_BparaC_4.81MG_2.5K_06242026.DAT
11.1152,1.79992,0.000164918,2.5000,Moment (emu),4.81,YZGO_BparaC_4.81MG_2.5K_06242026.DAT
11.1191,1.79996,0.000187229,2.5002,Moment (emu),4.81,YZGO_BparaC_4.81MG_2.5K_06242026.DAT
11.1236,1.80008,0.000170857,2.5004,Moment (emu),4.81,YZGO_BparaC_4.81MG_2.5K_06242026.DAT
11.1282,1.80005,0.000177747,2.5004,Moment (emu),4.81,YZGO_BparaC_4.81MG_2.5K_06242026.DAT
11.1327,1.80025,0.00013661,2.5000,Moment (emu),4.81,YZGO_BparaC_4.81MG_2.5K_06242026.DAT
11.1373,1.80023,0.000165239,2.4997,Moment (emu),4.81,YZGO_BparaC_4.81MG_2.5K_06242026.DAT
11.1425,1.80041,0.000199004,2.4995,Moment (emu),4.81,YZGO_BparaC_4.81MG_2.5K_06242026.DAT
11.1464,1.80053,0.000177715,2.4994,Moment (emu),4.81,YZGO_BparaC_4.81MG_2.5K_06242026.DAT
11.1514,1.80066,0.000171332,2.4994,Moment (emu),4.81,YZGO_BparaC_4.81MG_2.5K_06242026.DAT
11.1555,1.80061,0.000174969,2.4995,Moment (emu),4.81,YZGO_BparaC_4.81MG_2.5K_06242026.DAT
11.1612,1.80055,0.000127488,2.5000,Moment (emu),4.81,YZGO_BparaC_4.81MG_2.5K_06242026.DAT
11.1648,1.80073,0.00014586,2.5002,Moment (emu),4.81,YZGO_BparaC_4.81MG_2.5K_06242026.DAT
11.1701,1.80099,0.000161684,2.5004,Moment (emu),4.81,YZGO_BparaC_4.81MG_2.5K_06242026.DAT
11.1744,1.8011,0.000189565,2.5004,Moment (emu),4.81,YZGO_BparaC_4.81MG_2.5K_06242026.DAT
11.1783,1.80121,0.000195776,2.5005,Moment (emu),4.81,YZGO_BparaC_4.81MG_2.5K_06242026.DAT
11.183,1.80137,0.000173174,2.5005,Moment (emu),4.81,YZGO_BparaC_4.81MG_2.5K_06242026.DAT
11.1874,1.80154,0.000190812,2.5004,Moment (emu),4.81,YZGO_BparaC_4.81MG_2.5K_06242026.DAT
11.1924,1.80159,0.000192926,2.5002,Moment (emu),4.81,YZGO_BparaC_4.81MG_2.5K_06242026.DAT
11.197,1.8017,0.000186038,2.5004,Moment (emu),4.81,YZGO_BparaC_4.81MG_2.5K_06242026.DAT
11.2013,1.80176,0.000165241,2.5006,Moment (emu),4.81,YZGO_BparaC_4.81MG_2.5K_06242026.DAT
11.2056,1.80177,0.000197838,2.5006,Moment (emu),4.81,YZGO_BparaC_4.81MG_2.5K_06242026.DAT
11.2108,1.80197,0.000163794,2.5005,Moment (emu),4.81,YZGO_BparaC_4.81MG_2.5K_06242026.DAT
11.2145,1.80196,0.000184341,2.5002,Moment (emu),4.81,YZGO_BparaC_4.81MG_2.5K_06242026.DAT
11.2197,1.80218,0.000162044,2.5000,Moment (emu),4.81,YZGO_BparaC_4.81MG_2.5K_06242026.DAT
11.2238,1.80221,0.000153414,2.4999,Moment (emu),4.81,YZGO_BparaC_4.81MG_2.5K_06242026.DAT
11.2289,1.80248,0.000162,2.4997,Moment (emu),4.81,YZGO_BparaC_4.81MG_2.5K_06242026.DAT
11.233,1.80234,0.000190157,2.4997,Moment (emu),4.81,YZGO_BparaC_4.81MG_2.5K_06242026.DAT
11.2384,1.80244,0.000160029,2.4996,Moment (emu),4.81,YZGO_BparaC_4.81MG_2.5K_06242026.DAT
11.2428,1.80253,0.000217346,2.4996,Moment (emu),4.81,YZGO_BparaC_4.81MG_2.5K_06242026.DAT
11.2478,1.80246,0.000216621,2.5000,Moment (emu),4.81,YZGO_BparaC_4.81MG_2.5K_06242026.DAT
11.2516,1.80264,0.000159023,2.5023,Moment (emu),4.81,YZGO_BparaC_4.81MG_2.5K_06242026.DAT
11.2559,1.80253,0.000162062,2.5047,Moment (emu),4.81,YZGO_BparaC_4.81MG_2.5K_06242026.DAT
11.2608,1.80281,0.000152218,2.5052,Moment (emu),4.81,YZGO_BparaC_4.81MG_2.5K_06242026.DAT
11.2646,1.80297,0.00019049,2.5038,Moment (emu),4.81,YZGO_BparaC_4.81MG_2.5K_06242026.DAT
11.2696,1.80307,0.000159324,2.5013,Moment (emu),4.81,YZGO_BparaC_4.81MG_2.5K_06242026.DAT
11.2742,1.80317,0.000136026,2.4987,Moment (emu),4.81,YZGO_BparaC_4.81MG_2.5K_06242026.DAT
11.2792,1.80325,0.000186747,2.4969,Moment (emu),4.81,YZGO_BparaC_4.81MG_2.5K_06242026.DAT
11.2835,1.80329,0.000199848,2.4960,Moment (emu),4.81,YZGO_BparaC_4.81MG_2.5K_06242026.DAT
11.2874,1.80332,0.000157322,2.4960,Moment (emu),4.81,YZGO_BparaC_4.81MG_2.5K_06242026.DAT
11.2924,1.8034,0.000162338,2.4964,Moment (emu),4.81,YZGO_BparaC_4.81MG_2.5K_06242026.DAT
11.2963,1.8035,0.00016379,2.4972,Moment (emu),4.81,YZGO_BparaC_4.81MG_2.5K_06242026.DAT
11.3009,1.80364,0.000161852,2.4983,Moment (emu),4.81,YZGO_BparaC_4.81MG_2.5K_06242026.DAT
11.3059,1.80363,0.000147436,2.4993,Moment (emu),4.81,YZGO_BparaC_4.81MG_2.5K_06242026.DAT
11.3106,1.8038,0.00015529,2.4999,Moment (emu),4.81,YZGO_BparaC_4.81MG_2.5K_06242026.DAT
11.3152,1.80371,0.00016986,2.5004,Moment (emu),4.81,YZGO_BparaC_4.81MG_2.5K_06242026.DAT
11.3202,1.80387,0.000210976,2.5006,Moment (emu),4.81,YZGO_BparaC_4.81MG_2.5K_06242026.DAT
11.3238,1.80406,0.000148208,2.5006,Moment (emu),4.81,YZGO_BparaC_4.81MG_2.5K_06242026.DAT
11.3286,1.80406,0.000187919,2.5007,Moment (emu),4.81,YZGO_BparaC_4.81MG_2.5K_06242026.DAT
11.333,1.80423,0.000171052,2.5007,Moment (emu),4.81,YZGO_BparaC_4.81MG_2.5K_06242026.DAT
11.338,1.80432,0.000144119,2.5005,Moment (emu),4.81,YZGO_BparaC_4.81MG_2.5K_06242026.DAT
11.3418,1.80432,0.000173985,2.5004,Moment (emu),4.81,YZGO_BparaC_4.81MG_2.5K_06242026.DAT
11.3466,1.8046,0.000141191,2.5004,Moment (emu),4.81,YZGO_BparaC_4.81MG_2.5K_06242026.DAT
11.351,1.80449,0.000202002,2.5005,Moment (emu),4.81,YZGO_BparaC_4.81MG_2.5K_06242026.DAT
11.3558,1.80465,0.000176512,2.5005,Moment (emu),4.81,YZGO_BparaC_4.81MG_2.5K_06242026.DAT
11.3601,1.80473,0.000183645,2.5005,Moment (emu),4.81,YZGO_BparaC_4.81MG_2.5K_06242026.DAT
11.3649,1.80476,0.000193268,2.5004,Moment (emu),4.81,YZGO_BparaC_4.81MG_2.5K_06242026.DAT
11.3692,1.80484,0.000174924,2.5003,Moment (emu),4.81,YZGO_BparaC_4.81MG_2.5K_06242026.DAT
11.3745,1.80491,0.000216402,2.5001,Moment (emu),4.81,YZGO_BparaC_4.81MG_2.5K_06242026.DAT
11.3785,1.80506,0.00020434,2.5001,Moment (emu),4.81,YZGO_BparaC_4.81MG_2.5K_06242026.DAT
11.3831,1.80508,0.000171865,2.5002,Moment (emu),4.81,YZGO_BparaC_4.81MG_2.5K_06242026.DAT
11.3881,1.80511,0.000166613,2.5001,Moment (emu),4.81,YZGO_BparaC_4.81MG_2.5K_06242026.DAT
11.3935,1.80519,0.000148332,2.5001,Moment (emu),4.81,YZGO_BparaC_4.81MG_2.5K_06242026.DAT
11.3967,1.80543,0.000157481,2.5001,Moment (emu),4.81,YZGO_BparaC_4.81MG_2.5K_06242026.DAT
11.4015,1.80552,0.000186518,2.5000,Moment (emu),4.81,YZGO_BparaC_4.81MG_2.5K_06242026.DAT
11.4065,1.80553,0.000132264,2.5001,Moment (emu),4.81,YZGO_BparaC_4.81MG_2.5K_06242026.DAT
11.4104,1.80565,0.000205774,2.5002,Moment (emu),4.81,YZGO_BparaC_4.81MG_2.5K_06242026.DAT
11.4154,1.80575,0.000171217,2.5000,Moment (emu),4.81,YZGO_BparaC_4.81MG_2.5K_06242026.DAT
11.4195,1.80578,0.000173963,2.5000,Moment (emu),4.81,YZGO_BparaC_4.81MG_2.5K_06242026.DAT
11.4238,1.80597,0.000151335,2.4999,Moment (emu),4.81,YZGO_BparaC_4.81MG_2.5K_06242026.DAT
11.4284,1.80604,0.000177386,2.4998,Moment (emu),4.81,YZGO_BparaC_4.81MG_2.5K_06242026.DAT
11.4332,1.8061,0.000179656,2.4999,Moment (emu),4.81,YZGO_BparaC_4.81MG_2.5K_06242026.DAT
11.4377,1.80617,0.000162581,2.5000,Moment (emu),4.81,YZGO_BparaC_4.81MG_2.5K_06242026.DAT
11.4425,1.80631,0.000185258,2.4997,Moment (emu),4.81,YZGO_BparaC_4.81MG_2.5K_06242026.DAT
11.4475,1.80631,0.000199335,2.4997,Moment (emu),4.81,YZGO_BparaC_4.81MG_2.5K_06242026.DAT
11.4519,1.80648,0.000182936,2.4997,Moment (emu),4.81,YZGO_BparaC_4.81MG_2.5K_06242026.DAT
11.4569,1.80669,0.000191663,2.4999,Moment (emu),4.81,YZGO_BparaC_4.81MG_2.5K_06242026.DAT
11.4612,1.80672,0.000173563,2.4998,Moment (emu),4.81,YZGO_BparaC_4.81MG_2.5K_06242026.DAT
11.4662,1.80662,0.000169228,2.5000,Moment (emu),4.81,YZGO_BparaC_4.81MG_2.5K_06242026.DAT
11.4701,1.80669,0.000124292,2.5001,Moment (emu),4.81,YZGO_BparaC_4.81MG_2.5K_06242026.DAT
11.474,1.80685,0.000169793,2.5002,Moment (emu),4.81,YZGO_BparaC_4.81MG_2.5K_06242026.DAT
11.4788,1.80714,0.000209533,2.5000,Moment (emu),4.81,YZGO_BparaC_4.81MG_2.5K_06242026.DAT
11.4833,1.80712,0.000204659,2.4998,Moment (emu),4.81,YZGO_BparaC_4.81MG_2.5K_06242026.DAT
11.4876,1.80734,0.000149467,2.4997,Moment (emu),4.81,YZGO_BparaC_4.81MG_2.5K_06242026.DAT
11.4922,1.80732,0.000191143,2.4987,Moment (emu),4.81,YZGO_BparaC_4.81MG_2.5K_06242026.DAT
11.4974,1.80734,0.000173167,2.4960,Moment (emu),4.81,YZGO_BparaC_4.81MG_2.5K_06242026.DAT
11.5015,1.80752,0.000212198,2.4942,Moment (emu),4.81,YZGO_BparaC_4.81MG_2.5K_06242026.DAT
11.5067,1.80763,0.000198473,2.4948,Moment (emu),4.81,YZGO_BparaC_4.81MG_2.5K_06242026.DAT
11.5108,1.80767,0.000150722,2.4965,Moment (emu),4.81,YZGO_BparaC_4.81MG_2.5K_06242026.DAT
11.5156,1.80773,0.000178779,2.5001,Moment (emu),4.81,YZGO_BparaC_4.81MG_2.5K_06242026.DAT
11.5195,1.80767,0.000195087,2.5027,Moment (emu),4.81,YZGO_BparaC_4.81MG_2.5K_06242026.DAT
11.5247,1.80783,0.000225271,2.5042,Moment (emu),4.81,YZGO_BparaC_4.81MG_2.5K_06242026.DAT
11.5288,1.80782,0.000129653,2.5052,Moment (emu),4.81,YZGO_BparaC_4.81MG_2.5K_06242026.DAT
11.5341,1.80799,0.000175274,2.5053,Moment (emu),4.81,YZGO_BparaC_4.81MG_2.5K_06242026.DAT
11.5379,1.8081,0.000188659,2.5044,Moment (emu),4.81,YZGO_BparaC_4.81MG_2.5K_06242026.DAT
11.5423,1.80818,0.000189176,2.5027,Moment (emu),4.81,YZGO_BparaC_4.81MG_2.5K_06242026.DAT
11.5471,1.80821,0.000154913,2.5016,Moment (emu),4.81,YZGO_BparaC_4.81MG_2.5K_06242026.DAT
11.5521,1.8084,0.000169119,2.5008,Moment (emu),4.81,YZGO_BparaC_4.81MG_2.5K_06242026.DAT
11.5566,1.80839,0.000149162,2.4997,Moment (emu),4.81,YZGO_BparaC_4.81MG_2.5K_06242026.DAT
11.5609,1.8084,0.000166649,2.4994,Moment (emu),4.81,YZGO_BparaC_4.81MG_2.5K_06242026.DAT
11.5655,1.80856,0.000182313,2.4991,Moment (emu),4.81,YZGO_BparaC_4.81MG_2.5K_06242026.DAT
11.5696,1.80864,0.000145011,2.4990,Moment (emu),4.81,YZGO_BparaC_4.81MG_2.5K_06242026.DAT
11.5742,1.8086,0.000121971,2.4991,Moment (emu),4.81,YZGO_BparaC_4.81MG_2.5K_06242026.DAT
11.5792,1.80887,0.000195608,2.4994,Moment (emu),4.81,YZGO_BparaC_4.81MG_2.5K_06242026.DAT
11.584,1.80894,0.000156457,2.4996,Moment (emu),4.81,YZGO_BparaC_4.81MG_2.5K_06242026.DAT
11.5881,1.8089,0.000124305,2.4997,Moment (emu),4.81,YZGO_BparaC_4.81MG_2.5K_06242026.DAT
11.5929,1.80905,0.000145582,2.4997,Moment (emu),4.81,YZGO_BparaC_4.81MG_2.5K_06242026.DAT
11.597,1.80925,0.000139131,2.4996,Moment (emu),4.81,YZGO_BparaC_4.81MG_2.5K_06242026.DAT
11.6017,1.80921,0.000145159,2.4996,Moment (emu),4.81,YZGO_BparaC_4.81MG_2.5K_06242026.DAT
11.6063,1.80929,0.000161606,2.4998,Moment (emu),4.81,YZGO_BparaC_4.81MG_2.5K_06242026.DAT
11.6117,1.80928,0.0001812,2.5000,Moment (emu),4.81,YZGO_BparaC_4.81MG_2.5K_06242026.DAT
11.6154,1.80953,0.000165152,2.4999,Moment (emu),4.81,YZGO_BparaC_4.81MG_2.5K_06242026.DAT
11.6195,1.80948,0.000196807,2.4998,Moment (emu),4.81,YZGO_BparaC_4.81MG_2.5K_06242026.DAT
11.6245,1.80946,0.000137948,2.4997,Moment (emu),4.81,YZGO_BparaC_4.81MG_2.5K_06242026.DAT
11.6298,1.80958,0.000165057,2.4998,Moment (emu),4.81,YZGO_BparaC_4.81MG_2.5K_06242026.DAT
11.6339,1.8095,0.000152195,2.4997,Moment (emu),4.81,YZGO_BparaC_4.81MG_2.5K_06242026.DAT
11.6389,1.8095,0.000181975,2.4996,Moment (emu),4.81,YZGO_BparaC_4.81MG_2.5K_06242026.DAT
11.6425,1.80946,0.000167363,2.4997,Moment (emu),4.81,YZGO_BparaC_4.81MG_2.5K_06242026.DAT
11.6471,1.80955,0.000162817,2.4998,Moment (emu),4.81,YZGO_BparaC_4.81MG_2.5K_06242026.DAT
11.6524,1.80986,0.000230049,2.4999,Moment (emu),4.81,YZGO_BparaC_4.81MG_2.5K_06242026.DAT
11.6563,1.80992,0.000229364,2.5001,Moment (emu),4.81,YZGO_BparaC_4.81MG_2.5K_06242026.DAT
11.6613,1.80992,0.000155893,2.5001,Moment (emu),4.81,YZGO_BparaC_4.81MG_2.5K_06242026.DAT
11.6653,1.80997,0.000173249,2.5002,Moment (emu),4.81,YZGO_BparaC_4.81MG_2.5K_06242026.DAT
11.6699,1.81004,0.00014765,2.5004,Moment (emu),4.81,YZGO_BparaC_4.81MG_2.5K_06242026.DAT
11.6744,1.8102,0.000181678,2.5003,Moment (emu),4.81,YZGO_BparaC_4.81MG_2.5K_06242026.DAT
11.6792,1.81022,0.000185874,2.5001,Moment (emu),4.81,YZGO_BparaC_4.81MG_2.5K_06242026.DAT
11.6845,1.81014,0.000146576,2.5000,Moment (emu),4.81,YZGO_BparaC_4.81MG_2.5K_06242026.DAT
11.689,1.8103,0.000179127,2.5000,Moment (emu),4.81,YZGO_BparaC_4.81MG_2.5K_06242026.DAT
11.6926,1.81037,0.000185353,2.4996,Moment (emu),4.81,YZGO_BparaC_4.81MG_2.5K_06242026.DAT
11.6976,1.81041,0.000186987,2.4996,Moment (emu),4.81,YZGO_BparaC_4.81MG_2.5K_06242026.DAT
11.7017,1.81067,0.000185237,2.4997,Moment (emu),4.81,YZGO_BparaC_4.81MG_2.5K_06242026.DAT
11.7063,1.81074,0.000203553,2.4999,Moment (emu),4.81,YZGO_BparaC_4.81MG_2.5K_06242026.DAT
11.7109,1.81074,0.000179306,2.5001,Moment (emu),4.81,YZGO_BparaC_4.81MG_2.5K_06242026.DAT
11.7159,1.81074,0.000160644,2.5000,Moment (emu),4.81,YZGO_BparaC_4.81MG_2.5K_06242026.DAT
11.7197,1.81088,0.000171402,2.5000,Moment (emu),4.81,YZGO_BparaC_4.81MG_2.5K_06242026.DAT
11.7245,1.81107,0.000159492,2.5002,Moment (emu),4.81,YZGO_BparaC_4.81MG_2.5K_06242026.DAT
11.7291,1.81097,0.000169512,2.4999,Moment (emu),4.81,YZGO_BparaC_4.81MG_2.5K_06242026.DAT
11.7343,1.81108,0.000192487,2.4998,Moment (emu),4.81,YZGO_BparaC_4.81MG_2.5K_06242026.DAT
11.7384,1.81119,0.000163186,2.5007,Moment (emu),4.81,YZGO_BparaC_4.81MG_2.5K_06242026.DAT
11.7436,1.81117,0.000198391,2.5044,Moment (emu),4.81,YZGO_BparaC_4.81MG_2.5K_06242026.DAT
11.7473,1.81127,0.000162875,2.5054,Moment (emu),4.81,YZGO_BparaC_4.81MG_2.5K_06242026.DAT
11.7527,1.81135,0.000185606,2.5044,Moment (emu),4.81,YZGO_BparaC_4.81MG_2.5K_06242026.DAT
11.7566,1.81158,0.000139437,2.5026,Moment (emu),4.81,YZGO_BparaC_4.81MG_2.5K_06242026.DAT
11.7609,1.81169,0.000152018,2.5004,Moment (emu),4.81,YZGO_BparaC_4.81MG_2.5K_06242026.DAT
11.7655,1.81173,0.000162254,2.4982,Moment (emu),4.81,YZGO_BparaC_4.81MG_2.5K_06242026.DAT
11.7701,1.81176,0.000128404,2.4966,Moment (emu),4.81,YZGO_BparaC_4.81MG_2.5K_06242026.DAT
11.7751,1.81191,0.000170735,2.4960,Moment (emu),4.81,YZGO_BparaC_4.81MG_2.5K_06242026.DAT
11.7804,1.81203,0.000176024,2.4963,Moment (emu),4.81,YZGO_BparaC_4.81MG_2.5K_06242026.DAT
11.7838,1.81195,0.00013171,2.4968,Moment (emu),4.81,YZGO_BparaC_4.81MG_2.5K_06242026.DAT
11.7883,1.81215,0.00019674,2.4978,Moment (emu),4.81,YZGO_BparaC_4.81MG_2.5K_06242026.DAT
11.7929,1.81212,0.000192737,2.4984,Moment (emu),4.81,YZGO_BparaC_4.81MG_2.5K_06242026.DAT
11.7984,1.81223,0.000199831,2.4991,Moment (emu),4.81,YZGO_BparaC_4.81MG_2.5K_06242026.DAT
11.8022,1.81228,0.000193947,2.4998,Moment (emu),4.81,YZGO_BparaC_4.81MG_2.5K_06242026.DAT
11.8075,1.81238,0.000191799,2.5004,Moment (emu),4.81,YZGO_BparaC_4.81MG_2.5K_06242026.DAT
11.8109,1.81256,0.000171901,2.5005,Moment (emu),4.81,YZGO_BparaC_4.81MG_2.5K_06242026.DAT
11.8157,1.81263,0.000161004,2.5006,Moment (emu),4.81,YZGO_BparaC_4.81MG_2.5K_06242026.DAT
11.8207,1.8127,0.000148346,2.5008,Moment (emu),4.81,YZGO_BparaC_4.81MG_2.5K_06242026.DAT
11.8252,1.81269,0.0001928,2.5008,Moment (emu),4.81,YZGO_BparaC_4.81MG_2.5K_06242026.DAT
11.8293,1.81298,0.000169889,2.5008,Moment (emu),4.81,YZGO_BparaC_4.81MG_2.5K_06242026.DAT
11.8341,1.81292,0.000151515,2.5007,Moment (emu),4.81,YZGO_BparaC_4.81MG_2.5K_06242026.DAT
11.8393,1.81293,0.000162508,2.5004,Moment (emu),4.81,YZGO_BparaC_4.81MG_2.5K_06242026.DAT
11.8428,1.81303,0.000177082,2.5002,Moment (emu),4.81,YZGO_BparaC_4.81MG_2.5K_06242026.DAT
11.8473,1.81309,0.000177649,2.5000,Moment (emu),4.81,YZGO_BparaC_4.81MG_2.5K_06242026.DAT
11.8519,1.81329,0.000155272,2.5000,Moment (emu),4.81,YZGO_BparaC_4.81MG_2.5K_06242026.DAT
11.8569,1.81331,0.000191114,2.5000,Moment (emu),4.81,YZGO_BparaC_4.81MG_2.5K_06242026.DAT
11.8617,1.81332,0.000168674,2.5001,Moment (emu),4.81,YZGO_BparaC_4.81MG_2.5K_06242026.DAT
11.8662,1.81346,0.000160516,2.5002,Moment (emu),4.81,YZGO_BparaC_4.81MG_2.5K_06242026.DAT
11.8701,1.81367,0.00012607,2.5000,Moment (emu),4.81,YZGO_BparaC_4.81MG_2.5K_06242026.DAT
11.8751,1.81354,0.000177061,2.4999,Moment (emu),4.81,YZGO_BparaC_4.81MG_2.5K_06242026.DAT
11.8794,1.81378,0.000172958,2.4999,Moment (emu),4.81,YZGO_BparaC_4.81MG_2.5K_06242026.DAT
11.8845,1.81378,0.000186933,2.5000,Moment (emu),4.81,YZGO_BparaC_4.81MG_2.5K_06242026.DAT
11.8886,1.81392,0.000180501,2.5002,Moment (emu),4.81,YZGO_BparaC_4.81MG_2.5K_06242026.DAT
11.894,1.81389,0.000159493,2.5003,Moment (emu),4.81,YZGO_BparaC_4.81MG_2.5K_06242026.DAT
11.8979,1.81408,0.00017786,2.5001,Moment (emu),4.81,YZGO_BparaC_4.81MG_2.5K_06242026.DAT
11.9029,1.81416,0.000183376,2.4999,Moment (emu),4.81,YZGO_BparaC_4.81MG_2.5K_06242026.DAT
11.9073,1.81406,0.000190719,2.4998,Moment (emu),4.81,YZGO_BparaC_4.81MG_2.5K_06242026.DAT
11.9111,1.81436,0.000195621,2.5000,Moment (emu),4.81,YZGO_BparaC_4.81MG_2.5K_06242026.DAT
11.9166,1.81428,0.000196339,2.5001,Moment (emu),4.81,YZGO_BparaC_4.81MG_2.5K_06242026.DAT
11.9202,1.8144,0.000182525,2.5001,Moment (emu),4.81,YZGO_BparaC_4.81MG_2.5K_06242026.DAT
11.9257,1.81452,0.000158873,2.5000,Moment (emu),4.81,YZGO_BparaC_4.81MG_2.5K_06242026.DAT
11.9296,1.81457,0.000169769,2.5000,Moment (emu),4.81,YZGO_BparaC_4.81MG_2.5K_06242026.DAT
11.9346,1.81477,0.00018413,2.5000,Moment (emu),4.81,YZGO_BparaC_4.81MG_2.5K_06242026.DAT
11.9385,1.81476,0.000184802,2.5001,Moment (emu),4.81,YZGO_BparaC_4.81MG_2.5K_06242026.DAT
11.9439,1.81476,0.000172637,2.5002,Moment (emu),4.81,YZGO_BparaC_4.81MG_2.5K_06242026.DAT
11.9478,1.81494,0.00018196,2.5001,Moment (emu),4.81,YZGO_BparaC_4.81MG_2.5K_06242026.DAT
11.9524,1.81503,0.000185628,2.5000,Moment (emu),4.81,YZGO_BparaC_4.81MG_2.5K_06242026.DAT
11.9569,1.81494,0.000157001,2.5001,Moment (emu),4.81,YZGO_BparaC_4.81MG_2.5K_06242026.DAT
11.9612,1.81517,0.000166481,2.5000,Moment (emu),4.81,YZGO_BparaC_4.81MG_2.5K_06242026.DAT
11.966,1.81527,0.000144437,2.4997,Moment (emu),4.81,YZGO_BparaC_4.81MG_2.5K_06242026.DAT
11.9713,1.81535,0.000203629,2.4997,Moment (emu),4.81,YZGO_BparaC_4.81MG_2.5K_06242026.DAT
11.9751,1.81548,0.000210519,2.4999,Moment (emu),4.81,YZGO_BparaC_4.81MG_2.5K_06242026.DAT
11.9802,1.81552,0.000196299,2.4991,Moment (emu),4.81,YZGO_BparaC_4.81MG_2.5K_06242026.DAT
11.9845,1.81558,0.000111058,2.4972,Moment (emu),4.81,YZGO_BparaC_4.81MG_2.5K_06242026.DAT
11.9888,1.81577,0.000173592,2.4951,Moment (emu),4.81,YZGO_BparaC_4.81MG_2.5K_06242026.DAT
11.9934,1.81574,0.000166289,2.4947,Moment (emu),4.81,YZGO_BparaC_4.81MG_2.5K_06242026.DAT
11.9995,1.8158,0.000169349,2.4987,Moment (emu),4.81,YZGO_BparaC_4.81MG_2.5K_06242026.DAT
11.9999,1.81565,0.000102227,2.5003,Moment (emu),4.81,YZGO_BparaC_4.81MG_2.5K_06242026.DAT
12,1.81554,0.000165945,2.5001,Moment (emu),4.81,YZGO_BparaC_4.81MG_2.5K_06242026.DAT
12.0007,1.81548,0.0001771,2.5001,Moment (emu),4.81,YZGO_BparaC_4.81MG_2.5K_06242026.DAT
12.0024,1.81543,0.000163693,2.5000,Moment (emu),4.81,YZGO_BparaC_4.81MG_2.5K_06242026.DAT
12.0052,1.81564,0.000157191,2.5000,Moment (emu),4.81,YZGO_BparaC_4.81MG_2.5K_06242026.DAT
12.0075,1.81571,0.000171758,2.4999,Moment (emu),4.81,YZGO_BparaC_4.81MG_2.5K_06242026.DAT
12.0099,1.81588,0.000172538,2.4999,Moment (emu),4.81,YZGO_BparaC_4.81MG_2.5K_06242026.DAT
12.0124,1.81577,0.000206829,2.5002,Moment (emu),4.81,YZGO_BparaC_4.81MG_2.5K_06242026.DAT
12.0147,1.81576,0.000155897,2.5023,Moment (emu),4.81,YZGO_BparaC_4.81MG_2.5K_06242026.DAT
12.0175,1.81592,0.000177377,2.5048,Moment (emu),4.81,YZGO_BparaC_4.81MG_2.5K_06242026.DAT
12.0202,1.81588,0.00015715,2.5053,Moment (emu),4.81,YZGO_BparaC_4.81MG_2.5K_06242026.DAT
12.0222,1.81599,0.000212033,2.5038,Moment (emu),4.81,YZGO_BparaC_4.81MG_2.5K_06242026.DAT
12.0252,1.81593,0.000193867,2.5016,Moment (emu),4.81,YZGO_BparaC_4.81MG_2.5K_06242026.DAT
12.0273,1.81605,0.000142935,2.4998,Moment (emu),4.81,YZGO_BparaC_4.81MG_2.5K_06242026.DAT
12.0302,1.81606,0.000183784,2.4987,Moment (emu),4.81,YZGO_BparaC_4.81MG_2.5K_06242026.DAT
12.0327,1.81614,0.000157671,2.4974,Moment (emu),4.81,YZGO_BparaC_4.81MG_2.5K_06242026.DAT
12.0352,1.81617,0.000154175,2.4969,Moment (emu),4.81,YZGO_BparaC_4.81MG_2.5K_06242026.DAT
12.0375,1.81625,0.000126449,2.4968,Moment (emu),4.81,YZGO_BparaC_4.81MG_2.5K_06242026.DAT
12.0397,1.81621,0.000160843,2.4969,Moment (emu),4.81,YZGO_BparaC_4.81MG_2.5K_06242026.DAT
12.0422,1.81624,0.000192696,2.4977,Moment (emu),4.81,YZGO_BparaC_4.81MG_2.5K_06242026.DAT
12.0451,1.81633,0.00019657,2.4988,Moment (emu),4.81,YZGO_BparaC_4.81MG_2.5K_06242026.DAT
12.0476,1.81626,0.000147819,2.5003,Moment (emu),4.81,YZGO_BparaC_4.81MG_2.5K_06242026.DAT
12.0497,1.81644,0.000194005,2.5008,Moment (emu),4.81,YZGO_BparaC_4.81MG_2.5K_06242026.DAT
12.0526,1.8163,0.000160745,2.5015,Moment (emu),4.81,YZGO_BparaC_4.81MG_2.5K_06242026.DAT
12.0547,1.8165,0.000161201,2.5015,Moment (emu),4.81,YZGO_BparaC_4.81MG_2.5K_06242026.DAT
12.0575,1.81649,0.000148339,2.5015,Moment (emu),4.81,YZGO_BparaC_4.81MG_2.5K_06242026.DAT
12.0597,1.81638,0.000217022,2.5012,Moment (emu),4.81,YZGO_BparaC_4.81MG_2.5K_06242026.DAT
12.0622,1.81663,0.00017192,2.5006,Moment (emu),4.81,YZGO_BparaC_4.81MG_2.5K_06242026.DAT
12.0648,1.81657,0.000171501,2.4999,Moment (emu),4.81,YZGO_BparaC_4.81MG_2.5K_06242026.DAT
12.0677,1.81659,0.000191786,2.4997,Moment (emu),4.81,YZGO_BparaC_4.81MG_2.5K_06242026.DAT
12.0697,1.81658,0.000179368,2.4997,Moment (emu),4.81,YZGO_BparaC_4.81MG_2.5K_06242026.DAT
12.0727,1.81666,0.000163215,2.4991,Moment (emu),4.81,YZGO_BparaC_4.81MG_2.5K_06242026.DAT
12.0753,1.81664,0.000222982,2.4990,Moment (emu),4.81,YZGO_BparaC_4.81MG_2.5K_06242026.DAT
12.0773,1.81685,0.00019102,2.4990,Moment (emu),4.81,YZGO_BparaC_4.81MG_2.5K_06242026.DAT
12.08,1.81678,0.000146036,2.4991,Moment (emu),4.81,YZGO_BparaC_4.81MG_2.5K_06242026.DAT
12.0822,1.81689,0.000164807,2.4995,Moment (emu),4.81,YZGO_BparaC_4.81MG_2.5K_06242026.DAT
12.085,1.81693,0.000160874,2.4997,Moment (emu),4.81,YZGO_BparaC_4.81MG_2.5K_06242026.DAT
12.0872,1.81695,0.000128177,2.4999,Moment (emu),4.81,YZGO_BparaC_4.81MG_2.5K_06242026.DAT
12.0898,1.81701,0.000162813,2.5002,Moment (emu),4.81,YZGO_BparaC_4.81MG_2.5K_06242026.DAT
12.0923,1.81703,0.000165184,2.5001,Moment (emu),4.81,YZGO_BparaC_4.81MG_2.5K_06242026.DAT
12.0951,1.81718,0.000188502,2.5004,Moment (emu),4.81,YZGO_BparaC_4.81MG_2.5K_06242026.DAT
12.0973,1.81716,0.000174309,2.5006,Moment (emu),4.81,YZGO_BparaC_4.81MG_2.5K_06242026.DAT
12.0999,1.81722,0.000188672,2.5004,Moment (emu),4.81,YZGO_BparaC_4.81MG_2.5K_06242026.DAT
12.1023,1.8171,0.000199558,2.5003,Moment (emu),4.81,YZGO_BparaC_4.81MG_2.5K_06242026.DAT
12.1048,1.81734,0.000188427,2.4999,Moment (emu),4.81,YZGO_BparaC_4.81MG_2.5K_06242026.DAT
12.1072,1.81711,0.000187151,2.5003,Moment (emu),4.81,YZGO_BparaC_4.81MG_2.5K_06242026.DAT
12.1099,1.81737,0.000171836,2.5003,Moment (emu),4.81,YZGO_BparaC_4.81MG_2.5K_06242026.DAT
12.1124,1.81749,0.000180394,2.5005,Moment (emu),4.81,YZGO_BparaC_4.81MG_2.5K_06242026.DAT
12.1151,1.81744,0.000174067,2.5005,Moment (emu),4.81,YZGO_BparaC_4.81MG_2.5K_06242026.DAT
12.1172,1.81744,0.000101626,2.5003,Moment (emu),4.81,YZGO_BparaC_4.81MG_2.5K_06242026.DAT
12.1197,1.81745,0.000176221,2.5001,Moment (emu),4.81,YZGO_BparaC_4.81MG_2.5K_06242026.DAT
12.1224,1.81737,0.000175641,2.4999,Moment (emu),4.81,YZGO_BparaC_4.81MG_2.5K_06242026.DAT
12.1249,1.81748,0.000146812,2.4999,Moment (emu),4.81,YZGO_BparaC_4.81MG_2.5K_06242026.DAT
12.1273,1.8177,0.000184634,2.5000,Moment (emu),4.81,YZGO_BparaC_4.81MG_2.5K_06242026.DAT
12.1298,1.81763,0.000145176,2.5006,Moment (emu),4.81,YZGO_BparaC_4.81MG_2.5K_06242026.DAT
12.1322,1.81763,0.000169573,2.5007,Moment (emu),4.81,YZGO_BparaC_4.81MG_2.5K_06242026.DAT
12.1349,1.81777,0.000154131,2.5002,Moment (emu),4.81,YZGO_BparaC_4.81MG_2.5K_06242026.DAT
12.1373,1.81782,0.000158988,2.4999,Moment (emu),4.81,YZGO_BparaC_4.81MG_2.5K_06242026.DAT
12.14,1.81788,0.000207232,2.4999,Moment (emu),4.81,YZGO_BparaC_4.81MG_2.5K_06242026.DAT
12.1424,1.81784,0.000132503,2.5001,Moment (emu),4.81,YZGO_BparaC_4.81MG_2.5K_06242026.DAT
12.1453,1.8179,0.000176845,2.4998,Moment (emu),4.81,YZGO_BparaC_4.81MG_2.5K_06242026.DAT
12.1473,1.81788,0.000170352,2.4989,Moment (emu),4.81,YZGO_BparaC_4.81MG_2.5K_06242026.DAT
12.1497,1.8181,0.000184982,2.4963,Moment (emu),4.81,YZGO_BparaC_4.81MG_2.5K_06242026.DAT
12.1523,1.81806,0.00016183,2.4941,Moment (emu),4.81,YZGO_BparaC_4.81MG_2.5K_06242026.DAT
12.1548,1.81816,0.000209462,2.4951,Moment (emu),4.81,YZGO_BparaC_4.81MG_2.5K_06242026.DAT
12.157,1.8181,0.000177203,2.4968,Moment (emu),4.81,YZGO_BparaC_4.81MG_2.5K_06242026.DAT
12.1596,1.81818,0.000207256,2.4993,Moment (emu),4.81,YZGO_BparaC_4.81MG_2.5K_06242026.DAT
12.1624,1.8182,0.000181979,2.5016,Moment (emu),4.81,YZGO_BparaC_4.81MG_2.5K_06242026.DAT
12.1646,1.81815,0.000181476,2.5035,Moment (emu),4.81,YZGO_BparaC_4.81MG_2.5K_06242026.DAT
12.1672,1.81831,0.000189075,2.5048,Moment (emu),4.81,YZGO_BparaC_4.81MG_2.5K_06242026.DAT
12.1696,1.81827,0.00018228,2.5047,Moment (emu),4.81,YZGO_BparaC_4.81MG_2.5K_06242026.DAT
12.1724,1.81836,0.000164088,2.5037,Moment (emu),4.81,YZGO_BparaC_4.81MG_2.5K_06242026.DAT
12.1746,1.81834,0.000118127,2.5028,Moment (emu),4.81,YZGO_BparaC_4.81MG_2.5K_06242026.DAT
12.1775,1.81845,0.00017601,2.5023,Moment (emu),4.81,YZGO_BparaC_4.81MG_2.5K_06242026.DAT
12.1795,1.81841,0.000178416,2.5013,Moment (emu),4.81,YZGO_BparaC_4.81MG_2.5K_06242026.DAT
12.182,1.81846,0.000168494,2.5005,Moment (emu),4.81,YZGO_BparaC_4.81MG_2.5K_06242026.DAT
12.1846,1.81846,0.000160882,2.4999,Moment (emu),4.81,YZGO_BparaC_4.81MG_2.5K_06242026.DAT
12.1875,1.81851,0.000176548,2.4996,Moment (emu),4.81,YZGO_BparaC_4.81MG_2.5K_06242026.DAT
12.1896,1.81852,0.000167262,2.4995,Moment (emu),4.81,YZGO_BparaC_4.81MG_2.5K_06242026.DAT
12.1929,1.81855,0.00016986,2.4990,Moment (emu),4.81,YZGO_BparaC_4.81MG_2.5K_06242026.DAT
12.195,1.81866,0.000175759,2.4992,Moment (emu),4.81,YZGO_BparaC_4.81MG_2.5K_06242026.DAT
12.1971,1.81858,0.000190984,2.4993,Moment (emu),4.81,YZGO_BparaC_4.81MG_2.5K_06242026.DAT
12.1998,1.8186,0.00019884,2.4991,Moment (emu),4.81,YZGO_BparaC_4.81MG_2.5K_06242026.DAT
12.2021,1.81879,0.000189975,2.4990,Moment (emu),4.81,YZGO_BparaC_4.81MG_2.5K_06242026.DAT
12.2049,1.81879,0.000210108,2.4991,Moment (emu),4.81,YZGO_BparaC_4.81MG_2.5K_06242026.DAT
12.207,1.81894,0.00012227,2.4994,Moment (emu),4.81,YZGO_BparaC_4.81MG_2.5K_06242026.DAT
12.2098,1.81892,0.000146831,2.4996,Moment (emu),4.81,YZGO_BparaC_4.81MG_2.5K_06242026.DAT
12.212,1.81901,0.000171344,2.4997,Moment (emu),4.81,YZGO_BparaC_4.81MG_2.5K_06242026.DAT
12.2144,1.81894,0.000158403,2.4995,Moment (emu),4.81,YZGO_BparaC_4.81MG_2.5K_06242026.DAT
12.2171,1.81922,0.000191065,2.4995,Moment (emu),4.81,YZGO_BparaC_4.81MG_2.5K_06242026.DAT
12.2199,1.81908,0.000148355,2.4999,Moment (emu),4.81,YZGO_BparaC_4.81MG_2.5K_06242026.DAT
12.222,1.81913,0.000189617,2.5001,Moment (emu),4.81,YZGO_BparaC_4.81MG_2.5K_06242026.DAT
12.225,1.81915,0.000151455,2.5003,Moment (emu),4.81,YZGO_BparaC_4.81MG_2.5K_06242026.DAT
12.2271,1.81916,0.000191806,2.5003,Moment (emu),4.81,YZGO_BparaC_4.81MG_2.5K_06242026.DAT
12.2298,1.81911,0.000130166,2.4998,Moment (emu),4.81,YZGO_BparaC_4.81MG_2.5K_06242026.DAT
12.2326,1.81917,0.000155278,2.4998,Moment (emu),4.81,YZGO_BparaC_4.81MG_2.5K_06242026.DAT
12.2352,1.81916,0.000134285,2.5000,Moment (emu),4.81,YZGO_BparaC_4.81MG_2.5K_06242026.DAT
12.2372,1.81919,0.00013982,2.4998,Moment (emu),4.81,YZGO_BparaC_4.81MG_2.5K_06242026.DAT
12.2395,1.81926,0.000192282,2.5001,Moment (emu),4.81,YZGO_BparaC_4.81MG_2.5K_06242026.DAT
12.2424,1.81931,0.000180458,2.5003,Moment (emu),4.81,YZGO_BparaC_4.81MG_2.5K_06242026.DAT
12.2449,1.81939,0.000203574,2.4999,Moment (emu),4.81,YZGO_BparaC_4.81MG_2.5K_06242026.DAT
12.2473,1.8195,0.000201889,2.5002,Moment (emu),4.81,YZGO_BparaC_4.81MG_2.5K_06242026.DAT
12.2493,1.81953,0.000158951,2.5003,Moment (emu),4.81,YZGO_BparaC_4.81MG_2.5K_06242026.DAT
12.2519,1.81949,0.000209474,2.5004,Moment (emu),4.81,YZGO_BparaC_4.81MG_2.5K_06242026.DAT
12.2546,1.81951,0.000170588,2.5004,Moment (emu),4.81,YZGO_BparaC_4.81MG_2.5K_06242026.DAT
12.2572,1.81957,0.000123042,2.5002,Moment (emu),4.81,YZGO_BparaC_4.81MG_2.5K_06242026.DAT
12.2593,1.81926,0.000148167,2.5003,Moment (emu),4.81,YZGO_BparaC_4.81MG_2.5K_06242026.DAT
12.2619,1.81935,0.000147021,2.5002,Moment (emu),4.81,YZGO_BparaC_4.81MG_2.5K_06242026.DAT
12.2643,1.81938,0.00014873,2.4998,Moment (emu),4.81,YZGO_BparaC_4.81MG_2.5K_06242026.DAT
12.2669,1.81962,0.000174024,2.4998,Moment (emu),4.81,YZGO_BparaC_4.81MG_2.5K_06242026.DAT
12.2695,1.81953,0.000171682,2.4999,Moment (emu),4.81,YZGO_BparaC_4.81MG_2.5K_06242026.DAT
12.2728,1.81963,0.000179833,2.4998,Moment (emu),4.81,YZGO_BparaC_4.81MG_2.5K_06242026.DAT
12.2752,1.81961,0.000158737,2.4998,Moment (emu),4.81,YZGO_BparaC_4.81MG_2.5K_06242026.DAT
12.277,1.81973,0.000163041,2.4998,Moment (emu),4.81,YZGO_BparaC_4.81MG_2.5K_06242026.DAT
12.2794,1.81968,0.000184936,2.5003,Moment (emu),4.81,YZGO_BparaC_4.81MG_2.5K_06242026.DAT
12.2823,1.81975,0.000180184,2.5022,Moment (emu),4.81,YZGO_BparaC_4.81MG_2.5K_06242026.DAT
12.2845,1.81989,0.000192377,2.5045,Moment (emu),4.81,YZGO_BparaC_4.81MG_2.5K_06242026.DAT
12.2868,1.81979,0.000161027,2.5049,Moment (emu),4.81,YZGO_BparaC_4.81MG_2.5K_06242026.DAT
12.2896,1.81981,0.000153059,2.5038,Moment (emu),4.81,YZGO_BparaC_4.81MG_2.5K_06242026.DAT
12.2923,1.81982,0.000176296,2.5000,Moment (emu),4.81,YZGO_BparaC_4.81MG_2.5K_06242026.DAT
12.2944,1.82003,0.000184526,2.4981,Moment (emu),4.81,YZGO_BparaC_4.81MG_2.5K_06242026.DAT
12.2973,1.82002,0.000191919,2.4966,Moment (emu),4.81,YZGO_BparaC_4.81MG_2.5K_06242026.DAT
12.2997,1.82007,0.000217236,2.4950,Moment (emu),4.81,YZGO_BparaC_4.81MG_2.5K_06242026.DAT
12.3019,1.81993,0.00016299,2.4947,Moment (emu),4.81,YZGO_BparaC_4.81MG_2.5K_06242026.DAT
12.3048,1.82014,0.000201171,2.4956,Moment (emu),4.81,YZGO_BparaC_4.81MG_2.5K_06242026.DAT
12.3072,1.82017,0.000153389,2.4965,Moment (emu),4.81,YZGO_BparaC_4.81MG_2.5K_06242026.DAT
12.3097,1.82019,0.000173529,2.4976,Moment (emu),4.81,YZGO_BparaC_4.81MG_2.5K_06242026.DAT
12.3122,1.82021,0.000164865,2.4984,Moment (emu),4.81,YZGO_BparaC_4.81MG_2.5K_06242026.DAT
12.3152,1.82014,0.000166213,2.4998,Moment (emu),4.81,YZGO_BparaC_4.81MG_2.5K_06242026.DAT
12.3168,1.82034,0.000172322,2.5002,Moment (emu),4.81,YZGO_BparaC_4.81MG_2.5K_06242026.DAT
12.3194,1.82035,0.000203548,2.5004,Moment (emu),4.81,YZGO_BparaC_4.81MG_2.5K_06242026.DAT
12.3219,1.82046,0.000154879,2.5005,Moment (emu),4.81,YZGO_BparaC_4.81MG_2.5K_06242026.DAT
12.3244,1.82048,0.000196443,2.5009,Moment (emu),4.81,YZGO_BparaC_4.81MG_2.5K_06242026.DAT
12.3268,1.82051,0.000186176,2.5010,Moment (emu),4.81,YZGO_BparaC_4.81MG_2.5K_06242026.DAT
12.3296,1.82041,0.000217532,2.5008,Moment (emu),4.81,YZGO_BparaC_4.81MG_2.5K_06242026.DAT
12.3319,1.82064,0.00018179,2.5008,Moment (emu),4.81,YZGO_BparaC_4.81MG_2.5K_06242026.DAT
12.3348,1.82056,0.000184153,2.5007,Moment (emu),4.81,YZGO_BparaC_4.81MG_2.5K_06242026.DAT
12.337,1.82069,0.000168015,2.5004,Moment (emu),4.81,YZGO_BparaC_4.81MG_2.5K_06242026.DAT
12.3399,1.82066,0.000178017,2.5002,Moment (emu),4.81,YZGO_BparaC_4.81MG_2.5K_06242026.DAT
12.3419,1.82076,0.000146019,2.5003,Moment (emu),4.81,YZGO_BparaC_4.81MG_2.5K_06242026.DAT
12.3443,1.82065,0.000200885,2.5002,Moment (emu),4.81,YZGO_BparaC_4.81MG_2.5K_06242026.DAT
12.3468,1.82066,0.000138123,2.5002,Moment (emu),4.81,YZGO_BparaC_4.81MG_2.5K_06242026.DAT
12.3494,1.82066,0.000185457,2.5002,Moment (emu),4.81,YZGO_BparaC_4.81MG_2.5K_06242026.DAT
12.3522,1.82089,0.000145232,2.5003,Moment (emu),4.81,YZGO_BparaC_4.81MG_2.5K_06242026.DAT
12.3552,1.82087,0.000174583,2.5004,Moment (emu),4.81,YZGO_BparaC_4.81MG_2.5K_06242026.DAT
12.3571,1.82095,0.000167836,2.5003,Moment (emu),4.81,YZGO_BparaC_4.81MG_2.5K_06242026.DAT
12.3594,1.8208,0.000175012,2.5003,Moment (emu),4.81,YZGO_BparaC_4.81MG_2.5K_06242026.DAT
12.3619,1.82098,0.000176812,2.5004,Moment (emu),4.81,YZGO_BparaC_4.81MG_2.5K_06242026.DAT
12.3649,1.82101,0.000204443,2.5007,Moment (emu),4.81,YZGO_BparaC_4.81MG_2.5K_06242026.DAT
12.3669,1.82115,0.000135955,2.5009,Moment (emu),4.81,YZGO_BparaC_4.81MG_2.5K_06242026.DAT
12.3698,1.82117,0.000169301,2.5008,Moment (emu),4.81,YZGO_BparaC_4.81MG_2.5K_06242026.DAT
12.372,1.82105,0.000144095,2.5007,Moment (emu),4.81,YZGO_BparaC_4.81MG_2.5K_06242026.DAT
12.3744,1.82114,0.000158351,2.5004,Moment (emu),4.81,YZGO_BparaC_4.81MG_2.5K_06242026.DAT
12.3771,1.82117,0.000141148,2.5001,Moment (emu),4.81,YZGO_BparaC_4.81MG_2.5K_06242026.DAT
12.3793,1.82128,0.000188031,2.4998,Moment (emu),4.81,YZGO_BparaC_4.81MG_2.5K_06242026.DAT
12.382,1.82144,0.000147288,2.4997,Moment (emu),4.81,YZGO_BparaC_4.81MG_2.5K_06242026.DAT
12.3844,1.82147,0.000127824,2.4999,Moment (emu),4.81,YZGO_BparaC_4.81MG_2.5K_06242026.DAT
12.3873,1.82126,0.00015029,2.5002,Moment (emu),4.81,YZGO_BparaC_4.81MG_2.5K_06242026.DAT
12.3894,1.82141,0.000184469,2.5005,Moment (emu),4.81,YZGO_BparaC_4.81MG_2.5K_06242026.DAT
12.3924,1.82149,0.000175564,2.5004,Moment (emu),4.81,YZGO_BparaC_4.81MG_2.5K_06242026.DAT
12.395,1.82139,0.000171864,2.4999,Moment (emu),4.81,YZGO_BparaC_4.81MG_2.5K_06242026.DAT
12.3971,1.82141,0.000163647,2.4998,Moment (emu),4.81,YZGO_BparaC_4.81MG_2.5K_06242026.DAT
12.3992,1.82148,0.000177284,2.4994,Moment (emu),4.81,YZGO_BparaC_4.81MG_2.5K_06242026.DAT
12.4018,1.82144,0.000182136,2.4995,Moment (emu),4.81,YZGO_BparaC_4.81MG_2.5K_06242026.DAT
12.4042,1.82155,0.000119202,2.4997,Moment (emu),4.81,YZGO_BparaC_4.81MG_2.5K_06242026.DAT
12.4068,1.82165,0.000169529,2.4999,Moment (emu),4.81,YZGO_BparaC_4.81MG_2.5K_06242026.DAT
12.4092,1.82173,0.000227001,2.4998,Moment (emu),4.81,YZGO_BparaC_4.81MG_2.5K_06242026.DAT
12.4122,1.82159,0.000201784,2.5000,Moment (emu),4.81,YZGO_BparaC_4.81MG_2.5K_06242026.DAT
12.4142,1.82162,0.000205862,2.4993,Moment (emu),4.81,YZGO_BparaC_4.81MG_2.5K_06242026.DAT
12.4171,1.82169,0.000159453,2.4971,Moment (emu),4.81,YZGO_BparaC_4.81MG_2.5K_06242026.DAT
12.4192,1.82173,0.00021167,2.4946,Moment (emu),4.81,YZGO_BparaC_4.81MG_2.5K_06242026.DAT
12.4217,1.82182,0.000180185,2.4936,Moment (emu),4.81,YZGO_BparaC_4.81MG_2.5K_06242026.DAT
12.4242,1.82181,0.000184262,2.4957,Moment (emu),4.81,YZGO_BparaC_4.81MG_2.5K_06242026.DAT
12.4267,1.82181,0.000167533,2.4985,Moment (emu),4.81,YZGO_BparaC_4.81MG_2.5K_06242026.DAT
12.4294,1.82183,0.000198376,2.5009,Moment (emu),4.81,YZGO_BparaC_4.81MG_2.5K_06242026.DAT
12.4325,1.82196,0.000207534,2.5032,Moment (emu),4.81,YZGO_BparaC_4.81MG_2.5K_06242026.DAT
12.4345,1.82187,0.000185849,2.5049,Moment (emu),4.81,YZGO_BparaC_4.81MG_2.5K_06242026.DAT
12.4367,1.82188,0.000174598,2.5051,Moment (emu),4.81,YZGO_BparaC_4.81MG_2.5K_06242026.DAT
12.4392,1.82189,0.00017345,2.5047,Moment (emu),4.81,YZGO_BparaC_4.81MG_2.5K_06242026.DAT
12.4417,1.82202,0.000196588,2.5038,Moment (emu),4.81,YZGO_BparaC_4.81MG_2.5K_06242026.DAT
12.4446,1.82205,0.000188033,2.5031,Moment (emu),4.81,YZGO_BparaC_4.81MG_2.5K_06242026.DAT
12.4471,1.82198,0.000145513,2.5014,Moment (emu),4.81,YZGO_BparaC_4.81MG_2.5K_06242026.DAT
12.4492,1.82222,0.000164629,2.5006,Moment (emu),4.81,YZGO_BparaC_4.81MG_2.5K_06242026.DAT
12.4521,1.8221,0.000183656,2.5000,Moment (emu),4.81,YZGO_BparaC_4.81MG_2.5K_06242026.DAT
12.4542,1.82216,0.000164443,2.4999,Moment (emu),4.81,YZGO_BparaC_4.81MG_2.5K_06242026.DAT
12.4565,1.82219,0.000168651,2.4995,Moment (emu),4.81,YZGO_BparaC_4.81MG_2.5K_06242026.DAT
12.4592,1.82232,0.000134405,2.4992,Moment (emu),4.81,YZGO_BparaC_4.81MG_2.5K_06242026.DAT
12.462,1.82223,0.000187927,2.4993,Moment (emu),4.81,YZGO_BparaC_4.81MG_2.5K_06242026.DAT
12.4642,1.82227,0.000163629,2.4994,Moment (emu),4.81,YZGO_BparaC_4.81MG_2.5K_06242026.DAT
12.4669,1.8223,0.000189266,2.4994,Moment (emu),4.81,YZGO_BparaC_4.81MG_2.5K_06242026.DAT
12.4692,1.82233,0.000165586,2.4993,Moment (emu),4.81,YZGO_BparaC_4.81MG_2.5K_06242026.DAT
12.4724,1.82238,0.000190559,2.4993,Moment (emu),4.81,YZGO_BparaC_4.81MG_2.5K_06242026.DAT
12.4751,1.82233,0.000163112,2.4993,Moment (emu),4.81,YZGO_BparaC_4.81MG_2.5K_06242026.DAT
12.4772,1.82248,0.000201539,2.4994,Moment (emu),4.81,YZGO_BparaC_4.81MG_2.5K_06242026.DAT
12.4792,1.82259,0.000164852,2.4994,Moment (emu),4.81,YZGO_BparaC_4.81MG_2.5K_06242026.DAT
12.482,1.82264,0.000155168,2.4995,Moment (emu),4.81,YZGO_BparaC_4.81MG_2.5K_06242026.DAT
12.4842,1.82274,0.000187743,2.4993,Moment (emu),4.81,YZGO_BparaC_4.81MG_2.5K_06242026.DAT
12.4867,1.82262,0.000184905,2.4993,Moment (emu),4.81,YZGO_BparaC_4.81MG_2.5K_06242026.DAT
12.4894,1.82267,0.000138046,2.4994,Moment (emu),4.81,YZGO_BparaC_4.81MG_2.5K_06242026.DAT
12.4916,1.82277,0.000204706,2.4996,Moment (emu),4.81,YZGO_BparaC_4.81MG_2.5K_06242026.DAT
12.4944,1.82303,0.000148868,2.5002,Moment (emu),4.81,YZGO_BparaC_4.81MG_2.5K_06242026.DAT
12.4971,1.82289,0.00016588,2.5008,Moment (emu),4.81,YZGO_BparaC_4.81MG_2.5K_06242026.DAT
12.4995,1.82279,0.000191066,2.5011,Moment (emu),4.81,YZGO_BparaC_4.81MG_2.5K_06242026.DAT
12.5016,1.82294,0.000143608,2.5007,Moment (emu),4.81,YZGO_BparaC_4.81MG_2.5K_06242026.DAT
12.5041,1.82286,0.000184751,2.5002,Moment (emu),4.81,YZGO_BparaC_4.81MG_2.5K_06242026.DAT
12.5071,1.82294,0.000196987,2.5001,Moment (emu),4.81,YZGO_BparaC_4.81MG_2.5K_06242026.DAT
12.5093,1.82299,0.00017933,2.5000,Moment (emu),4.81,YZGO_BparaC_4.81MG_2.5K_06242026.DAT
12.512,1.82305,0.000191211,2.4999,Moment (emu),4.81,YZGO_BparaC_4.81MG_2.5K_06242026.DAT
12.5143,1.82288,0.000210022,2.4999,Moment (emu),4.81,YZGO_BparaC_4.81MG_2.5K_06242026.DAT
12.5167,1.82314,0.00020521,2.4999,Moment (emu),4.81,YZGO_BparaC_4.81MG_2.5K_06242026.DAT
12.5196,1.82317,0.000151095,2.4999,Moment (emu),4.81,YZGO_BparaC_4.81MG_2.5K_06242026.DAT
12.5217,1.82321,0.000168196,2.4997,Moment (emu),4.81,YZGO_BparaC_4.81MG_2.5K_06242026.DAT
12.5246,1.82324,0.000145558,2.4998,Moment (emu),4.81,YZGO_BparaC_4.81MG_2.5K_06242026.DAT
12.5266,1.82323,0.000195461,2.4997,Moment (emu),4.81,YZGO_BparaC_4.81MG_2.5K_06242026.DAT
12.5291,1.82318,0.000210127,2.5001,Moment (emu),4.81,YZGO_BparaC_4.81MG_2.5K_06242026.DAT
12.5318,1.82348,0.000194937,2.5004,Moment (emu),4.81,YZGO_BparaC_4.81MG_2.5K_06242026.DAT
12.5346,1.82333,0.00014817,2.5003,Moment (emu),4.81,YZGO_BparaC_4.81MG_2.5K_06242026.DAT
12.5367,1.82343,0.000135244,2.5003,Moment (emu),4.81,YZGO_BparaC_4.81MG_2.5K_06242026.DAT
12.5392,1.82357,0.00015185,2.5004,Moment (emu),4.81,YZGO_BparaC_4.81MG_2.5K_06242026.DAT
12.5417,1.82347,0.000181167,2.5003,Moment (emu),4.81,YZGO_BparaC_4.81MG_2.5K_06242026.DAT
12.5441,1.82352,0.000206221,2.5003,Moment (emu),4.81,YZGO_BparaC_4.81MG_2.5K_06242026.DAT
12.5466,1.82354,0.00015374,2.5004,Moment (emu),4.81,YZGO_BparaC_4.81MG_2.5K_06242026.DAT
12.5492,1.82355,0.000169007,2.5015,Moment (emu),4.81,YZGO_BparaC_4.81MG_2.5K_06242026.DAT
12.552,1.82365,0.000190974,2.5038,Moment (emu),4.81,YZGO_BparaC_4.81MG_2.5K_06242026.DAT
12.5548,1.82374,0.000174403,2.5058,Moment (emu),4.81,YZGO_BparaC_4.81MG_2.5K_06242026.DAT
12.5568,1.82383,0.000177404,2.5055,Moment (emu),4.81,YZGO_BparaC_4.81MG_2.5K_06242026.DAT
12.5592,1.82376,0.000175293,2.5035,Moment (emu),4.81,YZGO_BparaC_4.81MG_2.5K_06242026.DAT
12.562,1.82387,0.000204963,2.5007,Moment (emu),4.81,YZGO_BparaC_4.81MG_2.5K_06242026.DAT
12.564,1.82381,0.000169803,2.4982,Moment (emu),4.81,YZGO_BparaC_4.81MG_2.5K_06242026.DAT
12.5665,1.82387,0.000190905,2.4963,Moment (emu),4.81,YZGO_BparaC_4.81MG_2.5K_06242026.DAT
12.569,1.82389,0.000140455,2.4954,Moment (emu),4.81,YZGO_BparaC_4.81MG_2.5K_06242026.DAT
12.5715,1.82406,0.000181206,2.4950,Moment (emu),4.81,YZGO_BparaC_4.81MG_2.5K_06242026.DAT
12.5742,1.82402,0.000190579,2.4955,Moment (emu),4.81,YZGO_BparaC_4.81MG_2.5K_06242026.DAT
12.5771,1.82393,0.000158689,2.4962,Moment (emu),4.81,YZGO_BparaC_4.81MG_2.5K_06242026.DAT
12.579,1.82398,0.000153222,2.4973,Moment (emu),4.81,YZGO_BparaC_4.81MG_2.5K_06242026.DAT
12.5816,1.82411,0.000193218,2.4983,Moment (emu),4.81,YZGO_BparaC_4.81MG_2.5K_06242026.DAT
12.5843,1.82403,0.000214006,2.4993,Moment (emu),4.81,YZGO_BparaC_4.81MG_2.5K_06242026.DAT
12.5867,1.82409,0.000217645,2.5000,Moment (emu),4.81,YZGO_BparaC_4.81MG_2.5K_06242026.DAT
12.5897,1.82427,0.000187063,2.5009,Moment (emu),4.81,YZGO_BparaC_4.81MG_2.5K_06242026.DAT
12.592,1.82414,0.000180407,2.5011,Moment (emu),4.81,YZGO_BparaC_4.81MG_2.5K_06242026.DAT
12.5945,1.82433,0.000127965,2.5010,Moment (emu),4.81,YZGO_BparaC_4.81MG_2.5K_06242026.DAT
12.5965,1.82435,0.000208472,2.5010,Moment (emu),4.81,YZGO_BparaC_4.81MG_2.5K_06242026.DAT
12.599,1.82441,0.000179727,2.5011,Moment (emu),4.81,YZGO_BparaC_4.81MG_2.5K_06242026.DAT
12.6014,1.82431,0.00019295,2.5012,Moment (emu),4.81,YZGO_BparaC_4.81MG_2.5K_06242026.DAT
12.604,1.82428,0.00019942,2.5013,Moment (emu),4.81,YZGO_BparaC_4.81MG_2.5K_06242026.DAT
12.6065,1.82444,0.000164594,2.5011,Moment (emu),4.81,YZGO_BparaC_4.81MG_2.5K_06242026.DAT
12.6088,1.82441,0.000193432,2.5007,Moment (emu),4.81,YZGO_BparaC_4.81MG_2.5K_06242026.DAT
12.6115,1.82453,0.000158916,2.5001,Moment (emu),4.81,YZGO_BparaC_4.81MG_2.5K_06242026.DAT
12.6145,1.82439,0.000150378,2.4997,Moment (emu),4.81,YZGO_BparaC_4.81MG_2.5K_06242026.DAT
12.6166,1.82456,0.000169326,2.4996,Moment (emu),4.81,YZGO_BparaC_4.81MG_2.5K_06242026.DAT
12.6196,1.82467,0.000128693,2.5003,Moment (emu),4.81,YZGO_BparaC_4.81MG_2.5K_06242026.DAT
12.6217,1.82446,0.000185708,2.5000,Moment (emu),4.81,YZGO_BparaC_4.81MG_2.5K_06242026.DAT
12.624,1.82478,0.000202938,2.5000,Moment (emu),4.81,YZGO_BparaC_4.81MG_2.5K_06242026.DAT
12.6267,1.82463,0.000185192,2.5001,Moment (emu),4.81,YZGO_BparaC_4.81MG_2.5K_06242026.DAT
12.6291,1.82473,0.000211387,2.4999,Moment (emu),4.81,YZGO_BparaC_4.81MG_2.5K_06242026.DAT
12.6318,1.82481,0.000188354,2.4998,Moment (emu),4.81,YZGO_BparaC_4.81MG_2.5K_06242026.DAT
12.6346,1.82478,0.000147958,2.4999,Moment (emu),4.81,YZGO_BparaC_4.81MG_2.5K_06242026.DAT
12.6367,1.825,0.000172744,2.4996,Moment (emu),4.81,YZGO_BparaC_4.81MG_2.5K_06242026.DAT
12.6388,1.82487,0.000180667,2.4997,Moment (emu),4.81,YZGO_BparaC_4.81MG_2.5K_06242026.DAT
12.6415,1.82478,0.000147306,2.4999,Moment (emu),4.81,YZGO_BparaC_4.81MG_2.5K_06242026.DAT
12.6438,1.82491,0.000186441,2.5000,Moment (emu),4.81,YZGO_BparaC_4.81MG_2.5K_06242026.DAT
12.6469,1.825,0.000177342,2.4998,Moment (emu),4.81,YZGO_BparaC_4.81MG_2.5K_06242026.DAT
12.6489,1.82495,0.000184995,2.4999,Moment (emu),4.81,YZGO_BparaC_4.81MG_2.5K_06242026.DAT
12.6515,1.82501,0.000169652,2.5001,Moment (emu),4.81,YZGO_BparaC_4.81MG_2.5K_06242026.DAT
12.6541,1.82501,0.000182579,2.5001,Moment (emu),4.81,YZGO_BparaC_4.81MG_2.5K_06242026.DAT
12.6568,1.82508,0.000175548,2.5002,Moment (emu),4.81,YZGO_BparaC_4.81MG_2.5K_06242026.DAT
12.6591,1.82507,0.000168273,2.5001,Moment (emu),4.81,YZGO_BparaC_4.81MG_2.5K_06242026.DAT
12.6618,1.8252,0.000156441,2.5000,Moment (emu),4.81,YZGO_BparaC_4.81MG_2.5K_06242026.DAT
12.6641,1.82518,0.000213847,2.4999,Moment (emu),4.81,YZGO_BparaC_4.81MG_2.5K_06242026.DAT
12.6667,1.8254,0.000184224,2.4999,Moment (emu),4.81,YZGO_BparaC_4.81MG_2.5K_06242026.DAT
12.6693,1.82516,0.00011824,2.5001,Moment (emu),4.81,YZGO_BparaC_4.81MG_2.5K_06242026.DAT
12.6722,1.82524,0.000190568,2.5004,Moment (emu),4.81,YZGO_BparaC_4.81MG_2.5K_06242026.DAT
12.6745,1.82544,0.000155821,2.5002,Moment (emu),4.81,YZGO_BparaC_4.81MG_2.5K_06242026.DAT
12.6764,1.8255,0.000123409,2.4999,Moment (emu),4.81,YZGO_BparaC_4.81MG_2.5K_06242026.DAT
12.6792,1.82548,0.000159976,2.4998,Moment (emu),4.81,YZGO_BparaC_4.81MG_2.5K_06242026.DAT
12.6814,1.82557,0.000183651,2.4998,Moment (emu),4.81,YZGO_BparaC_4.81MG_2.5K_06242026.DAT
12.6839,1.8255,0.000201043,2.4977,Moment (emu),4.81,YZGO_BparaC_4.81MG_2.5K_06242026.DAT
12.6865,1.82541,0.000186007,2.4951,Moment (emu),4.81,YZGO_BparaC_4.81MG_2.5K_06242026.DAT
12.6888,1.82566,0.000185059,2.4941,Moment (emu),4.81,YZGO_BparaC_4.81MG_2.5K_06242026.DAT
12.6915,1.82563,0.000163101,2.4944,Moment (emu),4.81,YZGO_BparaC_4.81MG_2.5K_06242026.DAT
12.6943,1.82582,0.000120466,2.4980,Moment (emu),4.81,YZGO_BparaC_4.81MG_2.5K_06242026.DAT
12.6965,1.82586,0.000147747,2.5000,Moment (emu),4.81,YZGO_BparaC_4.81MG_2.5K_06242026.DAT
12.6992,1.8258,0.000132848,2.5034,Moment (emu),4.81,YZGO_BparaC_4.81MG_2.5K_06242026.DAT
12.7016,1.82593,0.000188023,2.5049,Moment (emu),4.81,YZGO_BparaC_4.81MG_2.5K_06242026.DAT
12.7038,1.82594,0.000143921,2.5054,Moment (emu),4.81,YZGO_BparaC_4.81MG_2.5K_06242026.DAT
12.7064,1.82591,0.000149724,2.5055,Moment (emu),4.81,YZGO_BparaC_4.81MG_2.5K_06242026.DAT
12.7089,1.82599,0.000217216,2.5050,Moment (emu),4.81,YZGO_BparaC_4.81MG_2.5K_06242026.DAT
12.7118,1.82591,0.00018415,2.5034,Moment (emu),4.81,YZGO_BparaC_4.81MG_2.5K_06242026.DAT
12.7145,1.82603,0.000196043,2.5016,Moment (emu),4.81,YZGO_BparaC_4.81MG_2.5K_06242026.DAT
12.7167,1.82607,0.000131566,2.5005,Moment (emu),4.81,YZGO_BparaC_4.81MG_2.5K_06242026.DAT
12.7193,1.82619,0.000190024,2.4993,Moment (emu),4.81,YZGO_BparaC_4.81MG_2.5K_06242026.DAT
12.7217,1.82619,0.000196874,2.4989,Moment (emu),4.81,YZGO_BparaC_4.81MG_2.5K_06242026.DAT
12.724,1.82634,0.000159591,2.4991,Moment (emu),4.81,YZGO_BparaC_4.81MG_2.5K_06242026.DAT
12.7268,1.82637,0.000170971,2.4991,Moment (emu),4.81,YZGO_BparaC_4.81MG_2.5K_06242026.DAT
12.7288,1.82645,0.000139638,2.4992,Moment (emu),4.81,YZGO_BparaC_4.81MG_2.5K_06242026.DAT
12.7313,1.82643,0.000158953,2.4995,Moment (emu),4.81,YZGO_BparaC_4.81MG_2.5K_06242026.DAT
12.7336,1.82641,0.000173032,2.4998,Moment (emu),4.81,YZGO_BparaC_4.81MG_2.5K_06242026.DAT
12.7362,1.82639,0.000162163,2.4997,Moment (emu),4.81,YZGO_BparaC_4.81MG_2.5K_06242026.DAT
12.7388,1.82652,0.000180495,2.4994,Moment (emu),4.81,YZGO_BparaC_4.81MG_2.5K_06242026.DAT
12.7419,1.82653,0.000162011,2.4995,Moment (emu),4.81,YZGO_BparaC_4.81MG_2.5K_06242026.DAT
12.7441,1.82651,0.00019869,2.4997,Moment (emu),4.81,YZGO_BparaC_4.81MG_2.5K_06242026.DAT
12.7469,1.82651,0.000214433,2.4997,Moment (emu),4.81,YZGO_BparaC_4.81MG_2.5K_06242026.DAT
12.749,1.82667,0.000196517,2.4997,Moment (emu),4.81,YZGO_BparaC_4.81MG_2.5K_06242026.DAT
12.7515,1.82659,0.000201175,2.4998,Moment (emu),4.81,YZGO_BparaC_4.81MG_2.5K_06242026.DAT
12.754,1.82654,0.000133839,2.5001,Moment (emu),4.81,YZGO_BparaC_4.81MG_2.5K_06242026.DAT
12.7562,1.82668,0.000154077,2.5001,Moment (emu),4.81,YZGO_BparaC_4.81MG_2.5K_06242026.DAT
12.759,1.82686,0.000209654,2.5001,Moment (emu),4.81,YZGO_BparaC_4.81MG_2.5K_06242026.DAT
12.7612,1.8267,0.000194514,2.5000,Moment (emu),4.81,YZGO_BparaC_4.81MG_2.5K_06242026.DAT
12.7641,1.8268,0.0001918,2.4995,Moment (emu),4.81,YZGO_BparaC_4.81MG_2.5K_06242026.DAT
12.7665,1.82681,0.000156478,2.4997,Moment (emu),4.81,YZGO_BparaC_4.81MG_2.5K_06242026.DAT
12.7692,1.82684,0.000184739,2.4994,Moment (emu),4.81,YZGO_BparaC_4.81MG_2.5K_06242026.DAT
12.7713,1.8271,0.000202588,2.4996,Moment (emu),4.81,YZGO_BparaC_4.81MG_2.5K_06242026.DAT
12.7742,1.82699,0.000172652,2.4998,Moment (emu),4.81,YZGO_BparaC_4.81MG_2.5K_06242026.DAT
12.7765,1.82703,0.000139548,2.4998,Moment (emu),4.81,YZGO_BparaC_4.81MG_2.5K_06242026.DAT
12.7791,1.827,0.000146304,2.4997,Moment (emu),4.81,YZGO_BparaC_4.81MG_2.5K_06242026.DAT
12.7815,1.82715,0.000163178,2.4997,Moment (emu),4.81,YZGO_BparaC_4.81MG_2.5K_06242026.DAT
12.7838,1.82704,0.000169724,2.4998,Moment (emu),4.81,YZGO_BparaC_4.81MG_2.5K_06242026.DAT
12.7866,1.82712,0.000120543,2.5001,Moment (emu),4.81,YZGO_BparaC_4.81MG_2.5K_06242026.DAT
12.7887,1.82707,0.000212347,2.5005,Moment (emu),4.81,YZGO_BparaC_4.81MG_2.5K_06242026.DAT
12.792,1.82715,0.000164897,2.4999,Moment (emu),4.81,YZGO_BparaC_4.81MG_2.5K_06242026.DAT
12.7946,1.82734,0.000152074,2.5000,Moment (emu),4.81,YZGO_BparaC_4.81MG_2.5K_06242026.DAT
12.7966,1.82719,0.00018128,2.5001,Moment (emu),4.81,YZGO_BparaC_4.81MG_2.5K_06242026.DAT
12.7989,1.82723,0.000221479,2.5001,Moment (emu),4.81,YZGO_BparaC_4.81MG_2.5K_06242026.DAT
12.8018,1.82721,0.000148693,2.5003,Moment (emu),4.81,YZGO_BparaC_4.81MG_2.5K_06242026.DAT
12.8039,1.82731,0.000192923,2.5005,Moment (emu),4.81,YZGO_BparaC_4.81MG_2.5K_06242026.DAT
12.8062,1.82741,0.000130278,2.5005,Moment (emu),4.81,YZGO_BparaC_4.81MG_2.5K_06242026.DAT
12.8087,1.82746,0.000116601,2.5005,Moment (emu),4.81,YZGO_BparaC_4.81MG_2.5K_06242026.DAT
12.8112,1.82759,0.000197374,2.5001,Moment (emu),4.81,YZGO_BparaC_4.81MG_2.5K_06242026.DAT
12.8138,1.8275,0.000165858,2.4997,Moment (emu),4.81,YZGO_BparaC_4.81MG_2.5K_06242026.DAT
12.8163,1.8275,0.000209608,2.5001,Moment (emu),4.81,YZGO_BparaC_4.81MG_2.5K_06242026.DAT
12.8189,1.82751,0.000138897,2.5014,Moment (emu),4.81,YZGO_BparaC_4.81MG_2.5K_06242026.DAT
12.8215,1.82754,0.00018776,2.5046,Moment (emu),4.81,YZGO_BparaC_4.81MG_2.5K_06242026.DAT
12.8239,1.82764,0.000193609,2.5058,Moment (emu),4.81,YZGO_BparaC_4.81MG_2.5K_06242026.DAT
12.8261,1.82765,0.000172198,2.5044,Moment (emu),4.81,YZGO_BparaC_4.81MG_2.5K_06242026.DAT
12.8289,1.82777,0.000140832,2.5026,Moment (emu),4.81,YZGO_BparaC_4.81MG_2.5K_06242026.DAT
12.8315,1.82773,0.000166017,2.5002,Moment (emu),4.81,YZGO_BparaC_4.81MG_2.5K_06242026.DAT
12.8345,1.82764,0.000172287,2.4969,Moment (emu),4.81,YZGO_BparaC_4.81MG_2.5K_06242026.DAT
12.8361,1.82771,0.000140862,2.4960,Moment (emu),4.81,YZGO_BparaC_4.81MG_2.5K_06242026.DAT
12.8386,1.82782,0.000178436,2.4951,Moment (emu),4.81,YZGO_BparaC_4.81MG_2.5K_06242026.DAT
12.8413,1.82794,0.000217676,2.4956,Moment (emu),4.81,YZGO_BparaC_4.81MG_2.5K_06242026.DAT
12.844,1.82793,0.000128877,2.4962,Moment (emu),4.81,YZGO_BparaC_4.81MG_2.5K_06242026.DAT
12.8465,1.82793,0.000193587,2.4969,Moment (emu),4.81,YZGO_BparaC_4.81MG_2.5K_06242026.DAT
12.849,1.82796,0.00021515,2.4979,Moment (emu),4.81,YZGO_BparaC_4.81MG_2.5K_06242026.DAT
12.8514,1.82792,0.000218267,2.4995,Moment (emu),4.81,YZGO_BparaC_4.81MG_2.5K_06242026.DAT
12.8536,1.82793,0.000179306,2.5000,Moment (emu),4.81,YZGO_BparaC_4.81MG_2.5K_06242026.DAT
12.8564,1.82783,0.000199623,2.5007,Moment (emu),4.81,YZGO_BparaC_4.81MG_2.5K_06242026.DAT
12.8586,1.82818,0.000204876,2.5009,Moment (emu),4.81,YZGO_BparaC_4.81MG_2.5K_06242026.DAT
12.8614,1.82825,0.000143749,2.5010,Moment (emu),4.81,YZGO_BparaC_4.81MG_2.5K_06242026.DAT
12.8636,1.82812,0.000167849,2.5009,Moment (emu),4.81,YZGO_BparaC_4.81MG_2.5K_06242026.DAT
12.8664,1.82828,0.00019814,2.5007,Moment (emu),4.81,YZGO_BparaC_4.81MG_2.5K_06242026.DAT
12.8685,1.82817,0.000212442,2.5008,Moment (emu),4.81,YZGO_BparaC_4.81MG_2.5K_06242026.DAT
12.8713,1.82819,0.000158657,2.5005,Moment (emu),4.81,YZGO_BparaC_4.81MG_2.5K_06242026.DAT
12.8743,1.82839,0.00015573,2.5001,Moment (emu),4.81,YZGO_BparaC_4.81MG_2.5K_06242026.DAT
12.8763,1.82836,0.000180145,2.5001,Moment (emu),4.81,YZGO_BparaC_4.81MG_2.5K_06242026.DAT
12.8786,1.82841,0.000201839,2.5002,Moment (emu),4.81,YZGO_BparaC_4.81MG_2.5K_06242026.DAT
12.8815,1.82847,0.000210042,2.5006,Moment (emu),4.81,YZGO_BparaC_4.81MG_2.5K_06242026.DAT
12.8836,1.82832,0.000203315,2.5006,Moment (emu),4.81,YZGO_BparaC_4.81MG_2.5K_06242026.DAT
12.8864,1.82849,0.000194073,2.5007,Moment (emu),4.81,YZGO_BparaC_4.81MG_2.5K_06242026.DAT
12.8886,1.82857,0.000187533,2.5010,Moment (emu),4.81,YZGO_BparaC_4.81MG_2.5K_06242026.DAT
12.8911,1.82864,0.000223685,2.5009,Moment (emu),4.81,YZGO_BparaC_4.81MG_2.5K_06242026.DAT
12.8937,1.82877,0.000175951,2.5004,Moment (emu),4.81,YZGO_BparaC_4.81MG_2.5K_06242026.DAT
12.8961,1.82869,0.000183754,2.5001,Moment (emu),4.81,YZGO_BparaC_4.81MG_2.5K_06242026.DAT
12.899,1.82874,0.000176566,2.4998,Moment (emu),4.81,YZGO_BparaC_4.81MG_2.5K_06242026.DAT
12.9015,1.8288,0.000198904,2.4998,Moment (emu),4.81,YZGO_BparaC_4.81MG_2.5K_06242026.DAT
12.9037,1.82881,0.000201943,2.4996,Moment (emu),4.81,YZGO_BparaC_4.81MG_2.5K_06242026.DAT
12.9061,1.82894,0.000142382,2.4995,Moment (emu),4.81,YZGO_BparaC_4.81MG_2.5K_06242026.DAT
12.9089,1.82876,0.000174622,2.4996,Moment (emu),4.81,YZGO_BparaC_4.81MG_2.5K_06242026.DAT
12.9116,1.82881,0.000195199,2.4996,Moment (emu),4.81,YZGO_BparaC_4.81MG_2.5K_06242026.DAT
12.9142,1.82896,0.000205759,2.4996,Moment (emu),4.81,YZGO_BparaC_4.81MG_2.5K_06242026.DAT
12.9161,1.82903,0.000191912,2.4996,Moment (emu),4.81,YZGO_BparaC_4.81MG_2.5K_06242026.DAT
12.9191,1.82885,0.000162724,2.4996,Moment (emu),4.81,YZGO_BparaC_4.81MG_2.5K_06242026.DAT
12.9212,1.82898,0.000188485,2.4998,Moment (emu),4.81,YZGO_BparaC_4.81MG_2.5K_06242026.DAT
12.9236,1.82914,0.00017836,2.5003,Moment (emu),4.81,YZGO_BparaC_4.81MG_2.5K_06242026.DAT
12.9263,1.82915,0.000138563,2.5007,Moment (emu),4.81,YZGO_BparaC_4.81MG_2.5K_06242026.DAT
12.9286,1.82908,0.000185761,2.5007,Moment (emu),4.81,YZGO_BparaC_4.81MG_2.5K_06242026.DAT
12.9313,1.82924,0.000169922,2.5005,Moment (emu),4.81,YZGO_BparaC_4.81MG_2.5K_06242026.DAT
12.9335,1.82919,0.00015492,2.5003,Moment (emu),4.81,YZGO_BparaC_4.81MG_2.5K_06242026.DAT
12.9364,1.82917,0.000180554,2.5002,Moment (emu),4.81,YZGO_BparaC_4.81MG_2.5K_06242026.DAT
12.9386,1.82934,0.000174999,2.4999,Moment (emu),4.81,YZGO_BparaC_4.81MG_2.5K_06242026.DAT
12.9412,1.82939,0.000170019,2.5001,Moment (emu),4.81,YZGO_BparaC_4.81MG_2.5K_06242026.DAT
12.9439,1.82943,0.000170952,2.5003,Moment (emu),4.81,YZGO_BparaC_4.81MG_2.5K_06242026.DAT
12.9462,1.8295,0.000101654,2.4998,Moment (emu),4.81,YZGO_BparaC_4.81MG_2.5K_06242026.DAT
12.9485,1.82961,0.000165032,2.4998,Moment (emu),4.81,YZGO_BparaC_4.81MG_2.5K_06242026.DAT
12.9517,1.82966,0.000127466,2.4987,Moment (emu),4.81,YZGO_BparaC_4.81MG_2.5K_06242026.DAT
12.9543,1.82957,0.000194926,2.4957,Moment (emu),4.81,YZGO_BparaC_4.81MG_2.5K_06242026.DAT
12.9564,1.82974,0.000180575,2.4938,Moment (emu),4.81,YZGO_BparaC_4.81MG_2.5K_06242026.DAT
12.9584,1.82961,0.000157669,2.4937,Moment (emu),4.81,YZGO_BparaC_4.81MG_2.5K_06242026.DAT
12.9609,1.82969,0.000188757,2.4954,Moment (emu),4.81,YZGO_BparaC_4.81MG_2.5K_06242026.DAT
12.9637,1.82957,0.000169189,2.4985,Moment (emu),4.81,YZGO_BparaC_4.81MG_2.5K_06242026.DAT
12.9663,1.82968,0.000188593,2.5011,Moment (emu),4.81,YZGO_BparaC_4.81MG_2.5K_06242026.DAT
12.9684,1.82983,0.000217937,2.5032,Moment (emu),4.81,YZGO_BparaC_4.81MG_2.5K_06242026.DAT
12.9708,1.82988,0.00018445,2.5046,Moment (emu),4.81,YZGO_BparaC_4.81MG_2.5K_06242026.DAT
12.9734,1.82984,0.000121923,2.5050,Moment (emu),4.81,YZGO_BparaC_4.81MG_2.5K_06242026.DAT
12.9762,1.82978,0.000155149,2.5048,Moment (emu),4.81,YZGO_BparaC_4.81MG_2.5K_06242026.DAT
12.9785,1.82985,0.000184142,2.5043,Moment (emu),4.81,YZGO_BparaC_4.81MG_2.5K_06242026.DAT
12.9813,1.82986,0.000229141,2.5029,Moment (emu),4.81,YZGO_BparaC_4.81MG_2.5K_06242026.DAT
12.9836,1.83005,0.000138902,2.5017,Moment (emu),4.81,YZGO_BparaC_4.81MG_2.5K_06242026.DAT
12.9864,1.82999,0.00010348,2.5009,Moment (emu),4.81,YZGO_BparaC_4.81MG_2.5K_06242026.DAT
12.9888,1.83005,0.000184272,2.5000,Moment (emu),4.81,YZGO_BparaC_4.81MG_2.5K_06242026.DAT
12.9908,1.83007,0.000180959,2.4996,Moment (emu),4.81,YZGO_BparaC_4.81MG_2.5K_06242026.DAT
12.9942,1.83018,0.000174579,2.4989,Moment (emu),4.81,YZGO_BparaC_4.81MG_2.5K_06242026.DAT
12.9958,1.83029,0.000193792,2.4986,Moment (emu),4.81,YZGO_BparaC_4.81MG_2.5K_06242026.DAT
12.9987,1.83022,0.00016127,2.4982,Moment (emu),4.81,YZGO_BparaC_4.81MG_2.5K_06242026.DAT
13.0009,1.83031,0.000179871,2.4981,Moment (emu),4.81,YZGO_BparaC_4.81MG_2.5K_06242026.DAT
13.0036,1.83031,0.00013862,2.4988,Moment (emu),4.81,YZGO_BparaC_4.81MG_2.5K_06242026.DAT
13.0058,1.83038,0.000112962,2.4991,Moment (emu),4.81,YZGO_BparaC_4.81MG_2.5K_06242026.DAT
13.0087,1.8303,0.000206504,2.4997,Moment (emu),4.81,YZGO_BparaC_4.81MG_2.5K_06242026.DAT
13.0109,1.83034,0.000229074,2.5001,Moment (emu),4.81,YZGO_BparaC_4.81MG_2.5K_06242026.DAT
13.0139,1.83039,0.000152105,2.5003,Moment (emu),4.81,YZGO_BparaC_4.81MG_2.5K_06242026.DAT
13.0162,1.83046,0.00016823,2.4999,Moment (emu),4.81,YZGO_BparaC_4.81MG_2.5K_06242026.DAT
13.0188,1.83044,0.000182132,2.4995,Moment (emu),4.81,YZGO_BparaC_4.81MG_2.5K_06242026.DAT
13.021,1.83053,0.000172433,2.4995,Moment (emu),4.81,YZGO_BparaC_4.81MG_2.5K_06242026.DAT
13.0233,1.8305,0.000180602,2.4997,Moment (emu),4.81,YZGO_BparaC_4.81MG_2.5K_06242026.DAT
13.026,1.83066,0.000209522,2.4999,Moment (emu),4.81,YZGO_BparaC_4.81MG_2.5K_06242026.DAT
13.0284,1.83051,0.000183805,2.5000,Moment (emu),4.81,YZGO_BparaC_4.81MG_2.5K_06242026.DAT
13.0308,1.83056,0.000121391,2.5003,Moment (emu),4.81,YZGO_BparaC_4.81MG_2.5K_06242026.DAT
13.034,1.8309,0.000206721,2.5002,Moment (emu),4.81,YZGO_BparaC_4.81MG_2.5K_06242026.DAT
13.0362,1.83081,0.000170518,2.5008,Moment (emu),4.81,YZGO_BparaC_4.81MG_2.5K_06242026.DAT
13.0383,1.83073,0.000173263,2.5010,Moment (emu),4.81,YZGO_BparaC_4.81MG_2.5K_06242026.DAT
13.0413,1.83066,0.000154842,2.5005,Moment (emu),4.81,YZGO_BparaC_4.81MG_2.5K_06242026.DAT
13.0433,1.83069,0.000230714,2.5002,Moment (emu),4.81,YZGO_BparaC_4.81MG_2.5K_06242026.DAT
13.0461,1.8309,0.000198416,2.4999,Moment (emu),4.81,YZGO_BparaC_4.81MG_2.5K_06242026.DAT
13.0485,1.83097,0.000190022,2.4995,Moment (emu),4.81,YZGO_BparaC_4.81MG_2.5K_06242026.DAT
13.051,1.83088,0.000158687,2.4993,Moment (emu),4.81,YZGO_BparaC_4.81MG_2.5K_06242026.DAT
13.0535,1.83086,0.000199217,2.4994,Moment (emu),4.81,YZGO_BparaC_4.81MG_2.5K_06242026.DAT
13.0564,1.83102,0.000174107,2.4999,Moment (emu),4.81,YZGO_BparaC_4.81MG_2.5K_06242026.DAT
13.0587,1.831,0.000165287,2.5002,Moment (emu),4.81,YZGO_BparaC_4.81MG_2.5K_06242026.DAT
13.061,1.831,0.000201756,2.5002,Moment (emu),4.81,YZGO_BparaC_4.81MG_2.5K_06242026.DAT
13.0636,1.83096,0.000201052,2.5001,Moment (emu),4.81,YZGO_BparaC_4.81MG_2.5K_06242026.DAT
13.0664,1.83127,7.90628e-05,2.5000,Moment (emu),4.81,YZGO_BparaC_4.81MG_2.5K_06242026.DAT
13.0685,1.83134,0.000147188,2.4997,Moment (emu),4.81,YZGO_BparaC_4.81MG_2.5K_06242026.DAT
13.0709,1.83126,0.000198332,2.4997,Moment (emu),4.81,YZGO_BparaC_4.81MG_2.5K_06242026.DAT
13.0734,1.83121,0.000208241,2.4999,Moment (emu),4.81,YZGO_BparaC_4.81MG_2.5K_06242026.DAT
13.0762,1.83131,0.000219397,2.4999,Moment (emu),4.81,YZGO_BparaC_4.81MG_2.5K_06242026.DAT
13.0787,1.83121,0.0002223,2.4998,Moment (emu),4.81,YZGO_BparaC_4.81MG_2.5K_06242026.DAT
13.0814,1.83141,0.00017893,2.4999,Moment (emu),4.81,YZGO_BparaC_4.81MG_2.5K_06242026.DAT
13.0837,1.8313,0.000227839,2.4998,Moment (emu),4.81,YZGO_BparaC_4.81MG_2.5K_06242026.DAT
13.0859,1.83134,0.000186114,2.5008,Moment (emu),4.81,YZGO_BparaC_4.81MG_2.5K_06242026.DAT
13.0887,1.83141,0.000144203,2.5029,Moment (emu),4.81,YZGO_BparaC_4.81MG_2.5K_06242026.DAT
13.0909,1.83154,0.000116809,2.5050,Moment (emu),4.81,YZGO_BparaC_4.81MG_2.5K_06242026.DAT
13.0937,1.83152,0.000147732,2.5057,Moment (emu),4.81,YZGO_BparaC_4.81MG_2.5K_06242026.DAT
13.0959,1.83155,0.000196252,2.5041,Moment (emu),4.81,YZGO_BparaC_4.81MG_2.5K_06242026.DAT
13.0984,1.83149,0.000189305,2.5019,Moment (emu),4.81,YZGO_BparaC_4.81MG_2.5K_06242026.DAT
13.1012,1.83155,0.000179931,2.4989,Moment (emu),4.81,YZGO_BparaC_4.81MG_2.5K_06242026.DAT
13.1037,1.83168,0.000197467,2.4967,Moment (emu),4.81,YZGO_BparaC_4.81MG_2.5K_06242026.DAT
13.1058,1.83181,0.000142576,2.4957,Moment (emu),4.81,YZGO_BparaC_4.81MG_2.5K_06242026.DAT
13.1088,1.83177,0.00019117,2.4948,Moment (emu),4.81,YZGO_BparaC_4.81MG_2.5K_06242026.DAT
13.1113,1.83182,0.000165687,2.4952,Moment (emu),4.81,YZGO_BparaC_4.81MG_2.5K_06242026.DAT
13.1142,1.83187,0.000213641,2.4960,Moment (emu),4.81,YZGO_BparaC_4.81MG_2.5K_06242026.DAT
13.1161,1.83181,0.000229324,2.4973,Moment (emu),4.81,YZGO_BparaC_4.81MG_2.5K_06242026.DAT
13.1187,1.83184,0.000201744,2.4982,Moment (emu),4.81,YZGO_BparaC_4.81MG_2.5K_06242026.DAT
13.121,1.83179,0.000151688,2.4990,Moment (emu),4.81,YZGO_BparaC_4.81MG_2.5K_06242026.DAT
13.1233,1.83183,0.000146907,2.4999,Moment (emu),4.81,YZGO_BparaC_4.81MG_2.5K_06242026.DAT
13.1262,1.83189,0.000200522,2.5008,Moment (emu),4.81,YZGO_BparaC_4.81MG_2.5K_06242026.DAT
13.1283,1.83197,0.000173577,2.5010,Moment (emu),4.81,YZGO_BparaC_4.81MG_2.5K_06242026.DAT
13.1308,1.83208,0.000142741,2.5009,Moment (emu),4.81,YZGO_BparaC_4.81MG_2.5K_06242026.DAT
13.1337,1.83201,8.80048e-05,2.5008,Moment (emu),4.81,YZGO_BparaC_4.81MG_2.5K_06242026.DAT
13.1362,1.83202,0.000197906,2.5008,Moment (emu),4.81,YZGO_BparaC_4.81MG_2.5K_06242026.DAT
13.1387,1.83218,0.000169018,2.5007,Moment (emu),4.81,YZGO_BparaC_4.81MG_2.5K_06242026.DAT
13.1412,1.83228,0.0001075,2.5006,Moment (emu),4.81,YZGO_BparaC_4.81MG_2.5K_06242026.DAT
13.1437,1.83229,0.000166279,2.5005,Moment (emu),4.81,YZGO_BparaC_4.81MG_2.5K_06242026.DAT
13.1461,1.83214,0.000216854,2.5005,Moment (emu),4.81,YZGO_BparaC_4.81MG_2.5K_06242026.DAT
13.1482,1.83221,0.000196604,2.5003,Moment (emu),4.81,YZGO_BparaC_4.81MG_2.5K_06242026.DAT
13.1511,1.83223,0.000172326,2.5001,Moment (emu),4.81,YZGO_BparaC_4.81MG_2.5K_06242026.DAT
13.1533,1.83242,0.000188461,2.4999,Moment (emu),4.81,YZGO_BparaC_4.81MG_2.5K_06242026.DAT
13.1563,1.83238,0.000114901,2.5000,Moment (emu),4.81,YZGO_BparaC_4.81MG_2.5K_06242026.DAT
13.1585,1.83225,0.000127973,2.5000,Moment (emu),4.81,YZGO_BparaC_4.81MG_2.5K_06242026.DAT
13.1613,1.83237,0.000169587,2.5002,Moment (emu),4.81,YZGO_BparaC_4.81MG_2.5K_06242026.DAT
13.1636,1.83251,0.000159586,2.5004,Moment (emu),4.81,YZGO_BparaC_4.81MG_2.5K_06242026.DAT
13.1658,1.83259,0.000140112,2.5004,Moment (emu),4.81,YZGO_BparaC_4.81MG_2.5K_06242026.DAT
13.1684,1.83254,0.00016427,2.5002,Moment (emu),4.81,YZGO_BparaC_4.81MG_2.5K_06242026.DAT
13.1708,1.83255,0.0002079,2.5000,Moment (emu),4.81,YZGO_BparaC_4.81MG_2.5K_06242026.DAT
13.1737,1.83273,0.000164327,2.5000,Moment (emu),4.81,YZGO_BparaC_4.81MG_2.5K_06242026.DAT
13.1758,1.83257,0.000168438,2.5001,Moment (emu),4.81,YZGO_BparaC_4.81MG_2.5K_06242026.DAT
13.1783,1.83282,0.000160418,2.5003,Moment (emu),4.81,YZGO_BparaC_4.81MG_2.5K_06242026.DAT
13.1807,1.83233,0.000165621,2.5006,Moment (emu),4.81,YZGO_BparaC_4.81MG_2.5K_06242026.DAT
13.1833,1.83219,0.000141652,2.5007,Moment (emu),4.81,YZGO_BparaC_4.81MG_2.5K_06242026.DAT
13.1858,1.83232,0.000164195,2.5007,Moment (emu),4.81,YZGO_BparaC_4.81MG_2.5K_06242026.DAT
13.1887,1.83245,0.000235853,2.5003,Moment (emu),4.81,YZGO_BparaC_4.81MG_2.5K_06242026.DAT
13.1916,1.83241,0.000192885,2.4998,Moment (emu),4.81,YZGO_BparaC_4.81MG_2.5K_06242026.DAT
13.1941,1.83242,0.000148321,2.4994,Moment (emu),4.81,YZGO_BparaC_4.81MG_2.5K_06242026.DAT
13.1959,1.83261,0.000161889,2.4993,Moment (emu),4.81,YZGO_BparaC_4.81MG_2.5K_06242026.DAT
13.1985,1.83267,0.000176698,2.4994,Moment (emu),4.81,YZGO_BparaC_4.81MG_2.5K_06242026.DAT
13.2009,1.8326,0.000177468,2.5001,Moment (emu),4.81,YZGO_BparaC_4.81MG_2.5K_06242026.DAT
13.2037,1.83255,0.000163217,2.5000,Moment (emu),4.81,YZGO_BparaC_4.81MG_2.5K_06242026.DAT
13.2057,1.8327,0.000133266,2.5001,Moment (emu),4.81,YZGO_BparaC_4.81MG_2.5K_06242026.DAT
13.2082,1.8327,0.000142484,2.5004,Moment (emu),4.81,YZGO_BparaC_4.81MG_2.5K_06242026.DAT
13.2108,1.83273,0.000217794,2.5005,Moment (emu),4.81,YZGO_BparaC_4.81MG_2.5K_06242026.DAT
13.2134,1.8327,0.000167538,2.5001,Moment (emu),4.81,YZGO_BparaC_4.81MG_2.5K_06242026.DAT
13.2157,1.83285,0.000167759,2.5001,Moment (emu),4.81,YZGO_BparaC_4.81MG_2.5K_06242026.DAT
13.2186,1.83292,0.000200888,2.4997,Moment (emu),4.81,YZGO_BparaC_4.81MG_2.5K_06242026.DAT
13.221,1.83285,0.00018063,2.4982,Moment (emu),4.81,YZGO_BparaC_4.81MG_2.5K_06242026.DAT
13.2237,1.8329,0.000186242,2.4948,Moment (emu),4.81,YZGO_BparaC_4.81MG_2.5K_06242026.DAT
13.2259,1.83293,0.000133757,2.4947,Moment (emu),4.81,YZGO_BparaC_4.81MG_2.5K_06242026.DAT
13.2282,1.83286,0.000114988,2.4957,Moment (emu),4.81,YZGO_BparaC_4.81MG_2.5K_06242026.DAT
13.231,1.83311,0.000184154,2.4975,Moment (emu),4.81,YZGO_BparaC_4.81MG_2.5K_06242026.DAT
13.2339,1.83309,0.000129755,2.5000,Moment (emu),4.81,YZGO_BparaC_4.81MG_2.5K_06242026.DAT
13.2361,1.8332,0.000204081,2.5031,Moment (emu),4.81,YZGO_BparaC_4.81MG_2.5K_06242026.DAT
13.2383,1.83313,0.000234739,2.5043,Moment (emu),4.81,YZGO_BparaC_4.81MG_2.5K_06242026.DAT
13.241,1.8333,0.000173802,2.5046,Moment (emu),4.81,YZGO_BparaC_4.81MG_2.5K_06242026.DAT
13.2433,1.8333,0.00015572,2.5045,Moment (emu),4.81,YZGO_BparaC_4.81MG_2.5K_06242026.DAT
13.2461,1.83325,0.000211731,2.5038,Moment (emu),4.81,YZGO_BparaC_4.81MG_2.5K_06242026.DAT
13.2484,1.83334,0.000218899,2.5024,Moment (emu),4.81,YZGO_BparaC_4.81MG_2.5K_06242026.DAT
13.251,1.83333,0.000190967,2.5014,Moment (emu),4.81,YZGO_BparaC_4.81MG_2.5K_06242026.DAT
13.2533,1.83333,0.000188388,2.5010,Moment (emu),4.81,YZGO_BparaC_4.81MG_2.5K_06242026.DAT
13.2556,1.83327,0.000223777,2.5004,Moment (emu),4.81,YZGO_BparaC_4.81MG_2.5K_06242026.DAT
13.2585,1.83347,0.000151946,2.4998,Moment (emu),4.81,YZGO_BparaC_4.81MG_2.5K_06242026.DAT
13.2607,1.83352,0.000173476,2.4995,Moment (emu),4.81,YZGO_BparaC_4.81MG_2.5K_06242026.DAT
13.2635,1.83341,0.00014899,2.4995,Moment (emu),4.81,YZGO_BparaC_4.81MG_2.5K_06242026.DAT
13.2656,1.83343,0.00021649,2.4996,Moment (emu),4.81,YZGO_BparaC_4.81MG_2.5K_06242026.DAT
13.2685,1.83348,0.000205213,2.4995,Moment (emu),4.81,YZGO_BparaC_4.81MG_2.5K_06242026.DAT
13.2706,1.83362,0.000200773,2.4994,Moment (emu),4.81,YZGO_BparaC_4.81MG_2.5K_06242026.DAT
13.2732,1.83351,0.000121301,2.4992,Moment (emu),4.81,YZGO_BparaC_4.81MG_2.5K_06242026.DAT
13.2758,1.83363,0.000212555,2.4994,Moment (emu),4.81,YZGO_BparaC_4.81MG_2.5K_06242026.DAT
13.2783,1.83355,0.000181318,2.4995,Moment (emu),4.81,YZGO_BparaC_4.81MG_2.5K_06242026.DAT
13.2808,1.83364,0.000205952,2.4993,Moment (emu),4.81,YZGO_BparaC_4.81MG_2.5K_06242026.DAT
13.2831,1.83378,0.000180468,2.5000,Moment (emu),4.81,YZGO_BparaC_4.81MG_2.5K_06242026.DAT
13.2854,1.83371,0.00015442,2.4999,Moment (emu),4.81,YZGO_BparaC_4.81MG_2.5K_06242026.DAT
13.2881,1.83373,0.000177493,2.4999,Moment (emu),4.81,YZGO_BparaC_4.81MG_2.5K_06242026.DAT
13.2906,1.83388,0.000161409,2.5001,Moment (emu),4.81,YZGO_BparaC_4.81MG_2.5K_06242026.DAT
13.2936,1.83381,0.000175146,2.5000,Moment (emu),4.81,YZGO_BparaC_4.81MG_2.5K_06242026.DAT
13.2957,1.8339,0.000160564,2.4999,Moment (emu),4.81,YZGO_BparaC_4.81MG_2.5K_06242026.DAT
13.2982,1.83383,0.000166602,2.4999,Moment (emu),4.81,YZGO_BparaC_4.81MG_2.5K_06242026.DAT
13.3007,1.83404,0.000146284,2.5004,Moment (emu),4.81,YZGO_BparaC_4.81MG_2.5K_06242026.DAT
13.3033,1.83406,0.000173105,2.5005,Moment (emu),4.81,YZGO_BparaC_4.81MG_2.5K_06242026.DAT
13.3057,1.83402,0.000164258,2.5002,Moment (emu),4.81,YZGO_BparaC_4.81MG_2.5K_06242026.DAT
13.3082,1.83404,0.000192062,2.4999,Moment (emu),4.81,YZGO_BparaC_4.81MG_2.5K_06242026.DAT
13.3108,1.83416,0.000195865,2.4996,Moment (emu),4.81,YZGO_BparaC_4.81MG_2.5K_06242026.DAT
13.314,1.83414,0.000151856,2.4993,Moment (emu),4.81,YZGO_BparaC_4.81MG_2.5K_06242026.DAT
13.3158,1.83411,0.000215112,2.4992,Moment (emu),4.81,YZGO_BparaC_4.81MG_2.5K_06242026.DAT
13.3179,1.83416,0.000189147,2.4995,Moment (emu),4.81,YZGO_BparaC_4.81MG_2.5K_06242026.DAT
13.3208,1.83427,0.000149054,2.4998,Moment (emu),4.81,YZGO_BparaC_4.81MG_2.5K_06242026.DAT
13.3235,1.83419,0.000183418,2.5001,Moment (emu),4.81,YZGO_BparaC_4.81MG_2.5K_06242026.DAT
13.3256,1.83442,0.000179768,2.5004,Moment (emu),4.81,YZGO_BparaC_4.81MG_2.5K_06242026.DAT
13.3279,1.83438,0.000189875,2.5004,Moment (emu),4.81,YZGO_BparaC_4.81MG_2.5K_06242026.DAT
13.3309,1.83445,0.000161923,2.5001,Moment (emu),4.81,YZGO_BparaC_4.81MG_2.5K_06242026.DAT
13.333,1.83443,0.00015869,2.5002,Moment (emu),4.81,YZGO_BparaC_4.81MG_2.5K_06242026.DAT
13.3354,1.83449,0.000174538,2.5003,Moment (emu),4.81,YZGO_BparaC_4.81MG_2.5K_06242026.DAT
13.338,1.83449,0.000155802,2.5002,Moment (emu),4.81,YZGO_BparaC_4.81MG_2.5K_06242026.DAT
13.3404,1.83463,0.000139165,2.5001,Moment (emu),4.81,YZGO_BparaC_4.81MG_2.5K_06242026.DAT
13.343,1.83446,0.0001726,2.4999,Moment (emu),4.81,YZGO_BparaC_4.81MG_2.5K_06242026.DAT
13.3458,1.83464,0.000167053,2.4998,Moment (emu),4.81,YZGO_BparaC_4.81MG_2.5K_06242026.DAT
13.3479,1.83471,0.000187265,2.4997,Moment (emu),4.81,YZGO_BparaC_4.81MG_2.5K_06242026.DAT
13.3505,1.83475,0.000219649,2.4998,Moment (emu),4.81,YZGO_BparaC_4.81MG_2.5K_06242026.DAT
13.353,1.83466,0.00021975,2.4999,Moment (emu),4.81,YZGO_BparaC_4.81MG_2.5K_06242026.DAT
13.3559,1.83469,0.00017153,2.5008,Moment (emu),4.81,YZGO_BparaC_4.81MG_2.5K_06242026.DAT
13.358,1.83473,0.000229436,2.5023,Moment (emu),4.81,YZGO_BparaC_4.81MG_2.5K_06242026.DAT
13.3611,1.83472,0.000197072,2.5048,Moment (emu),4.81,YZGO_BparaC_4.81MG_2.5K_06242026.DAT
13.3631,1.83502,0.000180202,2.5059,Moment (emu),4.81,YZGO_BparaC_4.81MG_2.5K_06242026.DAT
13.3655,1.83486,0.000109638,2.5041,Moment (emu),4.81,YZGO_BparaC_4.81MG_2.5K_06242026.DAT
13.3681,1.83498,0.000124494,2.5015,Moment (emu),4.81,YZGO_BparaC_4.81MG_2.5K_06242026.DAT
13.3711,1.835,0.000203698,2.4976,Moment (emu),4.81,YZGO_BparaC_4.81MG_2.5K_06242026.DAT
13.3731,1.83503,0.000176965,2.4963,Moment (emu),4.81,YZGO_BparaC_4.81MG_2.5K_06242026.DAT
13.3755,1.83513,0.000134538,2.4952,Moment (emu),4.81,YZGO_BparaC_4.81MG_2.5K_06242026.DAT
13.3778,1.83501,0.000201458,2.4950,Moment (emu),4.81,YZGO_BparaC_4.81MG_2.5K_06242026.DAT
13.3805,1.83498,0.000202695,2.4957,Moment (emu),4.81,YZGO_BparaC_4.81MG_2.5K_06242026.DAT
13.3832,1.83508,0.000154664,2.4964,Moment (emu),4.81,YZGO_BparaC_4.81MG_2.5K_06242026.DAT
13.3853,1.8351,0.000194479,2.4974,Moment (emu),4.81,YZGO_BparaC_4.81MG_2.5K_06242026.DAT
13.3881,1.83522,0.000154519,2.4986,Moment (emu),4.81,YZGO_BparaC_4.81MG_2.5K_06242026.DAT
13.3903,1.83532,0.000129555,2.4994,Moment (emu),4.81,YZGO_BparaC_4.81MG_2.5K_06242026.DAT
13.3929,1.83521,0.000184603,2.5002,Moment (emu),4.81,YZGO_BparaC_4.81MG_2.5K_06242026.DAT
13.3955,1.83527,0.000210141,2.5012,Moment (emu),4.81,YZGO_BparaC_4.81MG_2.5K_06242026.DAT
13.3981,1.83543,0.00018697,2.5017,Moment (emu),4.81,YZGO_BparaC_4.81MG_2.5K_06242026.DAT
13.4007,1.83539,7.27253e-05,2.5014,Moment (emu),4.81,YZGO_BparaC_4.81MG_2.5K_06242026.DAT
13.4033,1.83541,0.000130685,2.5011,Moment (emu),4.81,YZGO_BparaC_4.81MG_2.5K_06242026.DAT
13.4057,1.83541,0.00021458,2.5007,Moment (emu),4.81,YZGO_BparaC_4.81MG_2.5K_06242026.DAT
13.4081,1.83543,0.000169966,2.5004,Moment (emu),4.81,YZGO_BparaC_4.81MG_2.5K_06242026.DAT
13.4107,1.83554,0.000157836,2.5000,Moment (emu),4.81,YZGO_BparaC_4.81MG_2.5K_06242026.DAT
13.4128,1.83557,0.000228785,2.5000,Moment (emu),4.81,YZGO_BparaC_4.81MG_2.5K_06242026.DAT
13.4158,1.83536,0.000218449,2.5001,Moment (emu),4.81,YZGO_BparaC_4.81MG_2.5K_06242026.DAT
13.4178,1.83554,0.000177611,2.5003,Moment (emu),4.81,YZGO_BparaC_4.81MG_2.5K_06242026.DAT
13.4206,1.83544,0.000195914,2.5005,Moment (emu),4.81,YZGO_BparaC_4.81MG_2.5K_06242026.DAT
13.4233,1.83556,0.000160731,2.5006,Moment (emu),4.81,YZGO_BparaC_4.81MG_2.5K_06242026.DAT
13.4257,1.83569,0.000164548,2.5006,Moment (emu),4.81,YZGO_BparaC_4.81MG_2.5K_06242026.DAT
13.4283,1.83567,0.000198372,2.5006,Moment (emu),4.81,YZGO_BparaC_4.81MG_2.5K_06242026.DAT
13.4306,1.83562,0.000168317,2.5003,Moment (emu),4.81,YZGO_BparaC_4.81MG_2.5K_06242026.DAT
13.4336,1.83589,0.000193062,2.5000,Moment (emu),4.81,YZGO_BparaC_4.81MG_2.5K_06242026.DAT
13.4357,1.83587,0.000165675,2.4996,Moment (emu),4.81,YZGO_BparaC_4.81MG_2.5K_06242026.DAT
13.4379,1.83578,0.000162728,2.4994,Moment (emu),4.81,YZGO_BparaC_4.81MG_2.5K_06242026.DAT
13.4406,1.83597,0.000147811,2.4996,Moment (emu),4.81,YZGO_BparaC_4.81MG_2.5K_06242026.DAT
13.4428,1.8359,0.000161264,2.4997,Moment (emu),4.81,YZGO_BparaC_4.81MG_2.5K_06242026.DAT
13.4457,1.83595,0.000165875,2.4998,Moment (emu),4.81,YZGO_BparaC_4.81MG_2.5K_06242026.DAT
13.448,1.83583,0.000164143,2.5001,Moment (emu),4.81,YZGO_BparaC_4.81MG_2.5K_06242026.DAT
13.4503,1.83582,0.000143794,2.5003,Moment (emu),4.81,YZGO_BparaC_4.81MG_2.5K_06242026.DAT
13.4533,1.83604,0.000213495,2.5001,Moment (emu),4.81,YZGO_BparaC_4.81MG_2.5K_06242026.DAT
13.4558,1.83596,0.000206329,2.4999,Moment (emu),4.81,YZGO_BparaC_4.81MG_2.5K_06242026.DAT
13.458,1.83608,0.000198831,2.4999,Moment (emu),4.81,YZGO_BparaC_4.81MG_2.5K_06242026.DAT
13.4603,1.83617,0.000166213,2.4999,Moment (emu),4.81,YZGO_BparaC_4.81MG_2.5K_06242026.DAT
13.463,1.83607,0.000183762,2.4999,Moment (emu),4.81,YZGO_BparaC_4.81MG_2.5K_06242026.DAT
13.4653,1.83623,0.000154299,2.4999,Moment (emu),4.81,YZGO_BparaC_4.81MG_2.5K_06242026.DAT
13.4681,1.83619,0.000212047,2.5000,Moment (emu),4.81,YZGO_BparaC_4.81MG_2.5K_06242026.DAT
13.4703,1.83629,0.000155087,2.5004,Moment (emu),4.81,YZGO_BparaC_4.81MG_2.5K_06242026.DAT
13.4734,1.83632,0.000183969,2.5007,Moment (emu),4.81,YZGO_BparaC_4.81MG_2.5K_06242026.DAT
13.4753,1.83603,0.000228292,2.5009,Moment (emu),4.81,YZGO_BparaC_4.81MG_2.5K_06242026.DAT
13.4779,1.8364,0.000187868,2.5010,Moment (emu),4.81,YZGO_BparaC_4.81MG_2.5K_06242026.DAT
13.4803,1.83642,0.000176494,2.5005,Moment (emu),4.81,YZGO_BparaC_4.81MG_2.5K_06242026.DAT
13.4831,1.83638,0.000159983,2.5001,Moment (emu),4.81,YZGO_BparaC_4.81MG_2.5K_06242026.DAT
13.4856,1.83644,0.000236531,2.4999,Moment (emu),4.81,YZGO_BparaC_4.81MG_2.5K_06242026.DAT
13.4878,1.83638,0.000136383,2.4996,Moment (emu),4.81,YZGO_BparaC_4.81MG_2.5K_06242026.DAT
13.4906,1.83662,0.000197576,2.4989,Moment (emu),4.81,YZGO_BparaC_4.81MG_2.5K_06242026.DAT
13.4928,1.83663,0.000130735,2.4961,Moment (emu),4.81,YZGO_BparaC_4.81MG_2.5K_06242026.DAT
13.4953,1.83657,0.000183041,2.4935,Moment (emu),4.81,YZGO_BparaC_4.81MG_2.5K_06242026.DAT
13.4983,1.83662,0.000203379,2.4950,Moment (emu),4.81,YZGO_BparaC_4.81MG_2.5K_06242026.DAT
13.5005,1.83663,0.000156106,2.4965,Moment (emu),4.81,YZGO_BparaC_4.81MG_2.5K_06242026.DAT
13.5029,1.83652,0.000182526,2.4994,Moment (emu),4.81,YZGO_BparaC_4.81MG_2.5K_06242026.DAT
13.5054,1.83673,0.000195658,2.5024,Moment (emu),4.81,YZGO_BparaC_4.81MG_2.5K_06242026.DAT
13.5082,1.83668,0.000229965,2.5047,Moment (emu),4.81,YZGO_BparaC_4.81MG_2.5K_06242026.DAT
13.5104,1.83685,0.000203931,2.5053,Moment (emu),4.81,YZGO_BparaC_4.81MG_2.5K_06242026.DAT
13.5127,1.83679,0.000153809,2.5055,Moment (emu),4.81,YZGO_BparaC_4.81MG_2.5K_06242026.DAT
13.5157,1.8368,0.000197824,2.5034,Moment (emu),4.81,YZGO_BparaC_4.81MG_2.5K_06242026.DAT
13.518,1.83678,0.000124627,2.5024,Moment (emu),4.81,YZGO_BparaC_4.81MG_2.5K_06242026.DAT
13.5202,1.83678,0.000151084,2.5015,Moment (emu),4.81,YZGO_BparaC_4.81MG_2.5K_06242026.DAT
13.5228,1.83698,0.000184396,2.5006,Moment (emu),4.81,YZGO_BparaC_4.81MG_2.5K_06242026.DAT
13.5252,1.83711,0.000141261,2.4997,Moment (emu),4.81,YZGO_BparaC_4.81MG_2.5K_06242026.DAT
13.528,1.83701,0.000194684,2.4992,Moment (emu),4.81,YZGO_BparaC_4.81MG_2.5K_06242026.DAT
13.5302,1.83705,0.000164602,2.4991,Moment (emu),4.81,YZGO_BparaC_4.81MG_2.5K_06242026.DAT
13.5327,1.83701,0.000205649,2.4992,Moment (emu),4.81,YZGO_BparaC_4.81MG_2.5K_06242026.DAT
13.5352,1.83696,0.000157365,2.4993,Moment (emu),4.81,YZGO_BparaC_4.81MG_2.5K_06242026.DAT
13.5377,1.83711,0.000145384,2.4994,Moment (emu),4.81,YZGO_BparaC_4.81MG_2.5K_06242026.DAT
13.5406,1.83717,0.000172228,2.4996,Moment (emu),4.81,YZGO_BparaC_4.81MG_2.5K_06242026.DAT
13.5428,1.83722,0.000218603,2.4995,Moment (emu),4.81,YZGO_BparaC_4.81MG_2.5K_06242026.DAT
13.5452,1.83723,0.000216472,2.4996,Moment (emu),4.81,YZGO_BparaC_4.81MG_2.5K_06242026.DAT
13.5479,1.83731,0.000203567,2.4998,Moment (emu),4.81,YZGO_BparaC_4.81MG_2.5K_06242026.DAT
13.5503,1.83722,0.000235286,2.5001,Moment (emu),4.81,YZGO_BparaC_4.81MG_2.5K_06242026.DAT
13.5534,1.83742,0.000182689,2.5003,Moment (emu),4.81,YZGO_BparaC_4.81MG_2.5K_06242026.DAT
13.5552,1.83742,0.000193052,2.5002,Moment (emu),4.81,YZGO_BparaC_4.81MG_2.5K_06242026.DAT
13.5578,1.83754,0.000197733,2.5000,Moment (emu),4.81,YZGO_BparaC_4.81MG_2.5K_06242026.DAT
13.5604,1.83749,0.000148523,2.4999,Moment (emu),4.81,YZGO_BparaC_4.81MG_2.5K_06242026.DAT
13.5633,1.83751,0.00014505,2.5000,Moment (emu),4.81,YZGO_BparaC_4.81MG_2.5K_06242026.DAT
13.5652,1.83757,0.00015497,2.4999,Moment (emu),4.81,YZGO_BparaC_4.81MG_2.5K_06242026.DAT
13.568,1.83741,0.000211646,2.4997,Moment (emu),4.81,YZGO_BparaC_4.81MG_2.5K_06242026.DAT
13.5706,1.83759,0.000152814,2.4997,Moment (emu),4.81,YZGO_BparaC_4.81MG_2.5K_06242026.DAT
13.5726,1.83768,0.000211588,2.4996,Moment (emu),4.81,YZGO_BparaC_4.81MG_2.5K_06242026.DAT
13.5753,1.83778,0.000200064,2.4995,Moment (emu),4.81,YZGO_BparaC_4.81MG_2.5K_06242026.DAT
13.5782,1.83774,0.000220249,2.4998,Moment (emu),4.81,YZGO_BparaC_4.81MG_2.5K_06242026.DAT
13.5804,1.83781,0.000196974,2.5002,Moment (emu),4.81,YZGO_BparaC_4.81MG_2.5K_06242026.DAT
13.583,1.83792,0.000167004,2.5008,Moment (emu),4.81,YZGO_BparaC_4.81MG_2.5K_06242026.DAT
13.5854,1.83786,0.000177274,2.5012,Moment (emu),4.81,YZGO_BparaC_4.81MG_2.5K_06242026.DAT
13.588,1.83797,0.000194955,2.5012,Moment (emu),4.81,YZGO_BparaC_4.81MG_2.5K_06242026.DAT
13.5904,1.83794,0.00019031,2.5008,Moment (emu),4.81,YZGO_BparaC_4.81MG_2.5K_06242026.DAT
13.5934,1.83814,0.000181574,2.5005,Moment (emu),4.81,YZGO_BparaC_4.81MG_2.5K_06242026.DAT
13.5955,1.83796,0.000148484,2.4999,Moment (emu),4.81,YZGO_BparaC_4.81MG_2.5K_06242026.DAT
13.5978,1.83811,0.000189462,2.4998,Moment (emu),4.81,YZGO_BparaC_4.81MG_2.5K_06242026.DAT
13.6006,1.83808,0.000177782,2.4998,Moment (emu),4.81,YZGO_BparaC_4.81MG_2.5K_06242026.DAT
13.6027,1.83812,0.000129639,2.4998,Moment (emu),4.81,YZGO_BparaC_4.81MG_2.5K_06242026.DAT
13.6054,1.83811,0.000202165,2.4999,Moment (emu),4.81,YZGO_BparaC_4.81MG_2.5K_06242026.DAT
13.6078,1.83827,0.000191984,2.4997,Moment (emu),4.81,YZGO_BparaC_4.81MG_2.5K_06242026.DAT
13.6102,1.83822,0.000141969,2.4995,Moment (emu),4.81,YZGO_BparaC_4.81MG_2.5K_06242026.DAT
13.6128,1.83837,0.000147204,2.4992,Moment (emu),4.81,YZGO_BparaC_4.81MG_2.5K_06242026.DAT
13.6155,1.83847,0.000188505,2.4998,Moment (emu),4.81,YZGO_BparaC_4.81MG_2.5K_06242026.DAT
13.6176,1.83849,0.000245159,2.5001,Moment (emu),4.81,YZGO_BparaC_4.81MG_2.5K_06242026.DAT
13.6202,1.83838,0.000189668,2.5003,Moment (emu),4.81,YZGO_BparaC_4.81MG_2.5K_06242026.DAT
13.6225,1.83827,0.00016121,2.5002,Moment (emu),4.81,YZGO_BparaC_4.81MG_2.5K_06242026.DAT
13.6254,1.83836,0.00012188,2.4997,Moment (emu),4.81,YZGO_BparaC_4.81MG_2.5K_06242026.DAT
13.6275,1.83838,0.000174254,2.4996,Moment (emu),4.81,YZGO_BparaC_4.81MG_2.5K_06242026.DAT
13.6301,1.83839,0.000148309,2.5001,Moment (emu),4.81,YZGO_BparaC_4.81MG_2.5K_06242026.DAT
13.6327,1.83856,0.00017808,2.5005,Moment (emu),4.81,YZGO_BparaC_4.81MG_2.5K_06242026.DAT
13.6357,1.83846,0.000192421,2.5004,Moment (emu),4.81,YZGO_BparaC_4.81MG_2.5K_06242026.DAT
13.6378,1.83865,0.000210834,2.5001,Moment (emu),4.81,YZGO_BparaC_4.81MG_2.5K_06242026.DAT
13.6405,1.8387,0.000184398,2.4995,Moment (emu),4.81,YZGO_BparaC_4.81MG_2.5K_06242026.DAT
13.6428,1.83877,0.000172867,2.4999,Moment (emu),4.81,YZGO_BparaC_4.81MG_2.5K_06242026.DAT
13.645,1.83866,0.000204954,2.5023,Moment (emu),4.81,YZGO_BparaC_4.81MG_2.5K_06242026.DAT
13.6478,1.83868,0.000144607,2.5048,Moment (emu),4.81,YZGO_BparaC_4.81MG_2.5K_06242026.DAT
13.6499,1.83868,0.000171772,2.5052,Moment (emu),4.81,YZGO_BparaC_4.81MG_2.5K_06242026.DAT
13.6525,1.83882,0.000152713,2.5033,Moment (emu),4.81,YZGO_BparaC_4.81MG_2.5K_06242026.DAT
13.6553,1.83904,0.000175454,2.5010,Moment (emu),4.81,YZGO_BparaC_4.81MG_2.5K_06242026.DAT
13.6577,1.83886,0.000132737,2.4989,Moment (emu),4.81,YZGO_BparaC_4.81MG_2.5K_06242026.DAT
13.66,1.83897,0.000159442,2.4968,Moment (emu),4.81,YZGO_BparaC_4.81MG_2.5K_06242026.DAT
13.6627,1.83886,7.76146e-05,2.4956,Moment (emu),4.81,YZGO_BparaC_4.81MG_2.5K_06242026.DAT
13.665,1.8389,0.000203388,2.4957,Moment (emu),4.81,YZGO_BparaC_4.81MG_2.5K_06242026.DAT
13.6673,1.8392,0.000190649,2.4961,Moment (emu),4.81,YZGO_BparaC_4.81MG_2.5K_06242026.DAT
13.67,1.83898,0.000161303,2.4968,Moment (emu),4.81,YZGO_BparaC_4.81MG_2.5K_06242026.DAT
13.6725,1.83903,0.000154307,2.4979,Moment (emu),4.81,YZGO_BparaC_4.81MG_2.5K_06242026.DAT
13.6754,1.8391,0.000185863,2.4990,Moment (emu),4.81,YZGO_BparaC_4.81MG_2.5K_06242026.DAT
13.678,1.83929,0.000181966,2.4996,Moment (emu),4.81,YZGO_BparaC_4.81MG_2.5K_06242026.DAT
13.6806,1.83924,0.000196643,2.5000,Moment (emu),4.81,YZGO_BparaC_4.81MG_2.5K_06242026.DAT
13.6826,1.83944,0.000171401,2.5006,Moment (emu),4.81,YZGO_BparaC_4.81MG_2.5K_06242026.DAT
13.6851,1.83918,0.00019359,2.5007,Moment (emu),4.81,YZGO_BparaC_4.81MG_2.5K_06242026.DAT
13.6877,1.83938,0.000137761,2.5006,Moment (emu),4.81,YZGO_BparaC_4.81MG_2.5K_06242026.DAT
13.6898,1.83935,0.000204401,2.5005,Moment (emu),4.81,YZGO_BparaC_4.81MG_2.5K_06242026.DAT
13.6925,1.83932,0.000154082,2.5006,Moment (emu),4.81,YZGO_BparaC_4.81MG_2.5K_06242026.DAT
13.6951,1.83948,0.000156417,2.5004,Moment (emu),4.81,YZGO_BparaC_4.81MG_2.5K_06242026.DAT
13.6979,1.83946,0.000141808,2.5007,Moment (emu),4.81,YZGO_BparaC_4.81MG_2.5K_06242026.DAT
13.6999,1.83956,0.000208383,2.5005,Moment (emu),4.81,YZGO_BparaC_4.81MG_2.5K_06242026.DAT
13.703,1.83979,0.000151637,2.5002,Moment (emu),4.81,YZGO_BparaC_4.81MG_2.5K_06242026.DAT
13.7051,1.83954,0.000167359,2.5000,Moment (emu),4.81,YZGO_BparaC_4.81MG_2.5K_06242026.DAT
13.7078,1.83971,0.000167765,2.5001,Moment (emu),4.81,YZGO_BparaC_4.81MG_2.5K_06242026.DAT
13.7102,1.83982,9.1631e-05,2.5003,Moment (emu),4.81,YZGO_BparaC_4.81MG_2.5K_06242026.DAT
13.7124,1.83978,0.000166083,2.5002,Moment (emu),4.81,YZGO_BparaC_4.81MG_2.5K_06242026.DAT
13.7152,1.83991,0.000160238,2.5001,Moment (emu),4.81,YZGO_BparaC_4.81MG_2.5K_06242026.DAT
13.7176,1.83986,0.000210782,2.5003,Moment (emu),4.81,YZGO_BparaC_4.81MG_2.5K_06242026.DAT
13.7203,1.83989,0.000161195,2.5001,Moment (emu),4.81,YZGO_BparaC_4.81MG_2.5K_06242026.DAT
13.7224,1.84001,0.000178208,2.5000,Moment (emu),4.81,YZGO_BparaC_4.81MG_2.5K_06242026.DAT
13.7248,1.83978,0.000210792,2.4997,Moment (emu),4.81,YZGO_BparaC_4.81MG_2.5K_06242026.DAT
13.7274,1.83997,0.000156707,2.4997,Moment (emu),4.81,YZGO_BparaC_4.81MG_2.5K_06242026.DAT
13.7303,1.83999,0.000156324,2.4994,Moment (emu),4.81,YZGO_BparaC_4.81MG_2.5K_06242026.DAT
13.7327,1.84014,0.000208362,2.4994,Moment (emu),4.81,YZGO_BparaC_4.81MG_2.5K_06242026.DAT
13.7353,1.84009,0.00022076,2.4996,Moment (emu),4.81,YZGO_BparaC_4.81MG_2.5K_06242026.DAT
13.7375,1.84009,0.000185458,2.5000,Moment (emu),4.81,YZGO_BparaC_4.81MG_2.5K_06242026.DAT
13.7398,1.8402,0.000212959,2.5001,Moment (emu),4.81,YZGO_BparaC_4.81MG_2.5K_06242026.DAT
13.7427,1.84018,0.000167016,2.5004,Moment (emu),4.81,YZGO_BparaC_4.81MG_2.5K_06242026.DAT
13.7448,1.8401,0.000177593,2.5005,Moment (emu),4.81,YZGO_BparaC_4.81MG_2.5K_06242026.DAT
13.7475,1.83997,0.000215681,2.5004,Moment (emu),4.81,YZGO_BparaC_4.81MG_2.5K_06242026.DAT
13.7499,1.8403,0.000117266,2.5005,Moment (emu),4.81,YZGO_BparaC_4.81MG_2.5K_06242026.DAT
13.7532,1.84025,0.000167056,2.5005,Moment (emu),4.81,YZGO_BparaC_4.81MG_2.5K_06242026.DAT
13.7551,1.84022,0.000180668,2.5005,Moment (emu),4.81,YZGO_BparaC_4.81MG_2.5K_06242026.DAT
13.7577,1.84027,0.000216078,2.5005,Moment (emu),4.81,YZGO_BparaC_4.81MG_2.5K_06242026.DAT
13.7599,1.84033,0.000173119,2.5003,Moment (emu),4.81,YZGO_BparaC_4.81MG_2.5K_06242026.DAT
13.7624,1.84046,0.000138729,2.5002,Moment (emu),4.81,YZGO_BparaC_4.81MG_2.5K_06242026.DAT
13.7649,1.84039,0.000138444,2.5002,Moment (emu),4.81,YZGO_BparaC_4.81MG_2.5K_06242026.DAT
13.7678,1.84042,0.000185886,2.5001,Moment (emu),4.81,YZGO_BparaC_4.81MG_2.5K_06242026.DAT
13.7703,1.84054,0.000232321,2.5001,Moment (emu),4.81,YZGO_BparaC_4.81MG_2.5K_06242026.DAT
13.7727,1.84063,0.000146603,2.4999,Moment (emu),4.81,YZGO_BparaC_4.81MG_2.5K_06242026.DAT
13.7751,1.84048,9.41157e-05,2.4996,Moment (emu),4.81,YZGO_BparaC_4.81MG_2.5K_06242026.DAT
13.7775,1.84055,0.000218857,2.4982,Moment (emu),4.81,YZGO_BparaC_4.81MG_2.5K_06242026.DAT
13.7799,1.84062,0.000155642,2.4956,Moment (emu),4.81,YZGO_BparaC_4.81MG_2.5K_06242026.DAT
13.7823,1.84061,0.000150551,2.4943,Moment (emu),4.81,YZGO_BparaC_4.81MG_2.5K_06242026.DAT
13.7849,1.84055,0.000196932,2.4950,Moment (emu),4.81,YZGO_BparaC_4.81MG_2.5K_06242026.DAT
13.7878,1.84075,0.000187503,2.4979,Moment (emu),4.81,YZGO_BparaC_4.81MG_2.5K_06242026.DAT
13.7899,1.84071,0.000144669,2.4996,Moment (emu),4.81,YZGO_BparaC_4.81MG_2.5K_06242026.DAT
13.793,1.8408,0.000234901,2.5025,Moment (emu),4.81,YZGO_BparaC_4.81MG_2.5K_06242026.DAT
13.7951,1.84076,0.000184298,2.5045,Moment (emu),4.81,YZGO_BparaC_4.81MG_2.5K_06242026.DAT
13.7974,1.84078,0.000148004,2.5051,Moment (emu),4.81,YZGO_BparaC_4.81MG_2.5K_06242026.DAT
13.8,1.84084,0.000191266,2.5048,Moment (emu),4.81,YZGO_BparaC_4.81MG_2.5K_06242026.DAT
13.8028,1.84098,0.000169696,2.5039,Moment (emu),4.81,YZGO_BparaC_4.81MG_2.5K_06242026.DAT
13.8051,1.84105,0.000198733,2.5030,Moment (emu),4.81,YZGO_BparaC_4.81MG_2.5K_06242026.DAT
13.8076,1.84108,0.000178042,2.5019,Moment (emu),4.81,YZGO_BparaC_4.81MG_2.5K_06242026.DAT
13.81,1.84107,0.000162377,2.5011,Moment (emu),4.81,YZGO_BparaC_4.81MG_2.5K_06242026.DAT
13.8123,1.84104,0.000180957,2.5003,Moment (emu),4.81,YZGO_BparaC_4.81MG_2.5K_06242026.DAT
13.8151,1.84125,0.000172827,2.4999,Moment (emu),4.81,YZGO_BparaC_4.81MG_2.5K_06242026.DAT
13.8174,1.84134,0.000161184,2.4997,Moment (emu),4.81,YZGO_BparaC_4.81MG_2.5K_06242026.DAT
13.8203,1.84136,0.000187547,2.4988,Moment (emu),4.81,YZGO_BparaC_4.81MG_2.5K_06242026.DAT
13.8224,1.84141,0.000186065,2.4987,Moment (emu),4.81,YZGO_BparaC_4.81MG_2.5K_06242026.DAT
13.8247,1.84133,0.000179511,2.4989,Moment (emu),4.81,YZGO_BparaC_4.81MG_2.5K_06242026.DAT
13.8275,1.84136,0.000208682,2.4989,Moment (emu),4.81,YZGO_BparaC_4.81MG_2.5K_06242026.DAT
13.8301,1.84134,0.000143339,2.4991,Moment (emu),4.81,YZGO_BparaC_4.81MG_2.5K_06242026.DAT
13.833,1.84135,0.000169664,2.4995,Moment (emu),4.81,YZGO_BparaC_4.81MG_2.5K_06242026.DAT
13.8348,1.84152,0.000188216,2.4997,Moment (emu),4.81,YZGO_BparaC_4.81MG_2.5K_06242026.DAT
13.8376,1.84161,0.000144109,2.4997,Moment (emu),4.81,YZGO_BparaC_4.81MG_2.5K_06242026.DAT
13.8397,1.84132,0.000188769,2.5000,Moment (emu),4.81,YZGO_BparaC_4.81MG_2.5K_06242026.DAT
13.8422,1.84163,0.000126684,2.5007,Moment (emu),4.81,YZGO_BparaC_4.81MG_2.5K_06242026.DAT
13.8451,1.84141,0.00022415,2.5004,Moment (emu),4.81,YZGO_BparaC_4.81MG_2.5K_06242026.DAT
13.8474,1.84152,0.000102991,2.5001,Moment (emu),4.81,YZGO_BparaC_4.81MG_2.5K_06242026.DAT
13.8497,1.84146,0.000138214,2.4998,Moment (emu),4.81,YZGO_BparaC_4.81MG_2.5K_06242026.DAT
13.8522,1.84153,0.000167682,2.4998,Moment (emu),4.81,YZGO_BparaC_4.81MG_2.5K_06242026.DAT
13.8546,1.84165,0.000185132,2.4998,Moment (emu),4.81,YZGO_BparaC_4.81MG_2.5K_06242026.DAT
13.8573,1.84163,0.000167619,2.4997,Moment (emu),4.81,YZGO_BparaC_4.81MG_2.5K_06242026.DAT
13.8597,1.84162,0.000141649,2.4995,Moment (emu),4.81,YZGO_BparaC_4.81MG_2.5K_06242026.DAT
13.8623,1.84165,0.000197965,2.4994,Moment (emu),4.81,YZGO_BparaC_4.81MG_2.5K_06242026.DAT
13.8649,1.84174,9.61318e-05,2.4993,Moment (emu),4.81,YZGO_BparaC_4.81MG_2.5K_06242026.DAT
13.8674,1.84171,0.000158805,2.4992,Moment (emu),4.81,YZGO_BparaC_4.81MG_2.5K_06242026.DAT
13.8697,1.84186,0.000184659,2.4993,Moment (emu),4.81,YZGO_BparaC_4.81MG_2.5K_06242026.DAT
13.873,1.84186,0.000197138,2.4999,Moment (emu),4.81,YZGO_BparaC_4.81MG_2.5K_06242026.DAT
13.8747,1.84194,0.000160355,2.5001,Moment (emu),4.81,YZGO_BparaC_4.81MG_2.5K_06242026.DAT
13.8772,1.84201,0.000165998,2.5003,Moment (emu),4.81,YZGO_BparaC_4.81MG_2.5K_06242026.DAT
13.8799,1.84199,0.000193785,2.4999,Moment (emu),4.81,YZGO_BparaC_4.81MG_2.5K_06242026.DAT
13.8826,1.84205,0.000148687,2.4998,Moment (emu),4.81,YZGO_BparaC_4.81MG_2.5K_06242026.DAT
13.8848,1.84195,0.000207252,2.5003,Moment (emu),4.81,YZGO_BparaC_4.81MG_2.5K_06242026.DAT
13.8872,1.84191,0.000148216,2.5002,Moment (emu),4.81,YZGO_BparaC_4.81MG_2.5K_06242026.DAT
13.8899,1.84213,0.000160213,2.5001,Moment (emu),4.81,YZGO_BparaC_4.81MG_2.5K_06242026.DAT
13.8922,1.84212,0.000202973,2.5003,Moment (emu),4.81,YZGO_BparaC_4.81MG_2.5K_06242026.DAT
13.8948,1.84212,0.000166542,2.5002,Moment (emu),4.81,YZGO_BparaC_4.81MG_2.5K_06242026.DAT
13.897,1.8422,0.000170926,2.5002,Moment (emu),4.81,YZGO_BparaC_4.81MG_2.5K_06242026.DAT
13.8997,1.84224,0.000153964,2.5001,Moment (emu),4.81,YZGO_BparaC_4.81MG_2.5K_06242026.DAT
13.9027,1.84229,0.000171485,2.5005,Moment (emu),4.81,YZGO_BparaC_4.81MG_2.5K_06242026.DAT
13.9048,1.84237,0.000219302,2.5003,Moment (emu),4.81,YZGO_BparaC_4.81MG_2.5K_06242026.DAT
13.9073,1.84221,0.000184526,2.4997,Moment (emu),4.81,YZGO_BparaC_4.81MG_2.5K_06242026.DAT
13.9098,1.84246,0.000200145,2.4996,Moment (emu),4.81,YZGO_BparaC_4.81MG_2.5K_06242026.DAT
13.9122,1.84226,0.000222397,2.4999,Moment (emu),4.81,YZGO_BparaC_4.81MG_2.5K_06242026.DAT
13.9151,1.84228,0.000172059,2.4999,Moment (emu),4.81,YZGO_BparaC_4.81MG_2.5K_06242026.DAT
13.9172,1.84228,0.000171439,2.4999,Moment (emu),4.81,YZGO_BparaC_4.81MG_2.5K_06242026.DAT
13.9197,1.84246,0.000163755,2.4999,Moment (emu),4.81,YZGO_BparaC_4.81MG_2.5K_06242026.DAT
13.9222,1.84242,0.000196111,2.5000,Moment (emu),4.81,YZGO_BparaC_4.81MG_2.5K_06242026.DAT
13.9247,1.84235,0.000203242,2.5000,Moment (emu),4.81,YZGO_BparaC_4.81MG_2.5K_06242026.DAT
13.9273,1.84252,0.000202599,2.4998,Moment (emu),4.81,YZGO_BparaC_4.81MG_2.5K_06242026.DAT
13.9298,1.84266,0.000166454,2.4998,Moment (emu),4.81,YZGO_BparaC_4.81MG_2.5K_06242026.DAT
13.932,1.84254,0.000161002,2.5001,Moment (emu),4.81,YZGO_BparaC_4.81MG_2.5K_06242026.DAT
13.9345,1.84248,0.000161249,2.5001,Moment (emu),4.81,YZGO_BparaC_4.81MG_2.5K_06242026.DAT
13.9371,1.84249,0.000194626,2.5002,Moment (emu),4.81,YZGO_BparaC_4.81MG_2.5K_06242026.DAT
13.94,1.84237,0.000170654,2.5003,Moment (emu),4.81,YZGO_BparaC_4.81MG_2.5K_06242026.DAT
13.942,1.84257,0.00020406,2.5000,Moment (emu),4.81,YZGO_BparaC_4.81MG_2.5K_06242026.DAT
13.9445,1.84284,0.000175652,2.4999,Moment (emu),4.81,YZGO_BparaC_4.81MG_2.5K_06242026.DAT
13.9469,1.84277,0.000164737,2.5000,Moment (emu),4.81,YZGO_BparaC_4.81MG_2.5K_06242026.DAT
13.9495,1.8428,0.000167863,2.4999,Moment (emu),4.81,YZGO_BparaC_4.81MG_2.5K_06242026.DAT
13.9522,1.84289,0.00013349,2.4997,Moment (emu),4.81,YZGO_BparaC_4.81MG_2.5K_06242026.DAT
13.9549,1.84286,0.000139531,2.4997,Moment (emu),4.81,YZGO_BparaC_4.81MG_2.5K_06242026.DAT
13.9572,1.84278,0.00020046,2.5002,Moment (emu),4.81,YZGO_BparaC_4.81MG_2.5K_06242026.DAT
13.9595,1.84293,0.000174328,2.5005,Moment (emu),4.81,YZGO_BparaC_4.81MG_2.5K_06242026.DAT
13.9621,1.84295,0.000199569,2.5004,Moment (emu),4.81,YZGO_BparaC_4.81MG_2.5K_06242026.DAT
13.9645,1.84293,0.000130637,2.5003,Moment (emu),4.81,YZGO_BparaC_4.81MG_2.5K_06242026.DAT
13.9673,1.84293,0.00017704,2.4998,Moment (emu),4.81,YZGO_BparaC_4.81MG_2.5K_06242026.DAT
13.9699,1.84297,0.000155863,2.4995,Moment (emu),4.81,YZGO_BparaC_4.81MG_2.5K_06242026.DAT
13.9721,1.84308,0.000156167,2.4994,Moment (emu),4.81,YZGO_BparaC_4.81MG_2.5K_06242026.DAT
13.975,1.84299,0.000128591,2.4998,Moment (emu),4.81,YZGO_BparaC_4.81MG_2.5K_06242026.DAT
13.9771,1.8431,0.000177378,2.4998,Moment (emu),4.81,YZGO_BparaC_4.81MG_2.5K_06242026.DAT
13.9796,1.84326,0.000158056,2.4998,Moment (emu),4.81,YZGO_BparaC_4.81MG_2.5K_06242026.DAT
13.9821,1.84331,0.0001555,2.4999,Moment (emu),4.81,YZGO_BparaC_4.81MG_2.5K_06242026.DAT
13.9845,1.84337,0.000189455,2.5001,Moment (emu),4.81,YZGO_BparaC_4.81MG_2.5K_06242026.DAT
13.9872,1.84324,0.000168921,2.5002,Moment (emu),4.81,YZGO_BparaC_4.81MG_2.5K_06242026.DAT
13.9897,1.84339,0.000158206,2.5000,Moment (emu),4.81,YZGO_BparaC_4.81MG_2.5K_06242026.DAT
13.9921,1.84331,0.000216748,2.5000,Moment (emu),4.81,YZGO_BparaC_4.81MG_2.5K_06242026.DAT
13.9945,1.84341,0.00019363,2.5000,Moment (emu),4.81,YZGO_BparaC_4.81MG_2.5K_06242026.DAT
14,1.84351,0.000139755,2.5003,Moment (emu),4.81,YZGO_BparaC_4.81MG_2.5K_06242026.DAT
