B_T,M_muB_per_Yb,M_err_muB_per_Yb,T_sample_K,moment_column,mass_mg,source_file
3.88138e-05,-0.000289948,2.52661e-06,2.4978,Moment (emu),7.70,YZGO_BperpC_7.7MG_2.5K_06242026.DAT
6.82599e-05,-0.00030373,2.16143e-06,2.5007,Moment (emu),7.70,YZGO_BperpC_7.7MG_2.5K_06242026.DAT
0.00283136,8.02253e-05,5.07379e-05,2.5012,Moment (emu),7.70,YZGO_BperpC_7.7MG_2.5K_06242026.DAT
0.00907082,0.00165605,8.11596e-05,2.5031,Moment (emu),7.70,YZGO_BperpC_7.7MG_2.5K_06242026.DAT
0.0150025,0.00342545,8.10344e-05,2.5056,Moment (emu),7.70,YZGO_BperpC_7.7MG_2.5K_06242026.DAT
0.0219835,0.00521731,7.98454e-05,2.5054,Moment (emu),7.70,YZGO_BperpC_7.7MG_2.5K_06242026.DAT
0.0293057,0.00696195,8.02994e-05,2.5037,Moment (emu),7.70,YZGO_BperpC_7.7MG_2.5K_06242026.DAT
0.0362759,0.00873583,8.1064e-05,2.5016,Moment (emu),7.70,YZGO_BperpC_7.7MG_2.5K_06242026.DAT
0.0432654,0.0105009,8.22132e-05,2.4999,Moment (emu),7.70,YZGO_BperpC_7.7MG_2.5K_06242026.DAT
0.0513575,0.0122867,8.01397e-05,2.4991,Moment (emu),7.70,YZGO_BperpC_7.7MG_2.5K_06242026.DAT
0.0576284,0.0140508,8.0036e-05,2.4970,Moment (emu),7.70,YZGO_BperpC_7.7MG_2.5K_06242026.DAT
0.0642776,0.0158253,8.10638e-05,2.4962,Moment (emu),7.70,YZGO_BperpC_7.7MG_2.5K_06242026.DAT
0.071946,0.0175718,8.12625e-05,2.4955,Moment (emu),7.70,YZGO_BperpC_7.7MG_2.5K_06242026.DAT
0.0778791,0.0193199,7.93984e-05,2.4955,Moment (emu),7.70,YZGO_BperpC_7.7MG_2.5K_06242026.DAT
0.0859265,0.0211,8.13499e-05,2.4962,Moment (emu),7.70,YZGO_BperpC_7.7MG_2.5K_06242026.DAT
0.0932859,0.0227885,8.02489e-05,2.4971,Moment (emu),7.70,YZGO_BperpC_7.7MG_2.5K_06242026.DAT
0.0999341,0.0245319,8.2987e-05,2.4986,Moment (emu),7.70,YZGO_BperpC_7.7MG_2.5K_06242026.DAT
0.106212,0.0263678,7.88777e-05,2.4994,Moment (emu),7.70,YZGO_BperpC_7.7MG_2.5K_06242026.DAT
0.113546,0.0281261,8.307e-05,2.5002,Moment (emu),7.70,YZGO_BperpC_7.7MG_2.5K_06242026.DAT
0.120543,0.0299033,8.39046e-05,2.5009,Moment (emu),7.70,YZGO_BperpC_7.7MG_2.5K_06242026.DAT
0.128942,0.031688,7.92684e-05,2.5014,Moment (emu),7.70,YZGO_BperpC_7.7MG_2.5K_06242026.DAT
0.134544,0.0334494,8.12211e-05,2.5017,Moment (emu),7.70,YZGO_BperpC_7.7MG_2.5K_06242026.DAT
0.140845,0.03521,7.9264e-05,2.5018,Moment (emu),7.70,YZGO_BperpC_7.7MG_2.5K_06242026.DAT
0.147823,0.0369778,7.92182e-05,2.5018,Moment (emu),7.70,YZGO_BperpC_7.7MG_2.5K_06242026.DAT
0.15515,0.0387249,7.97118e-05,2.5016,Moment (emu),7.70,YZGO_BperpC_7.7MG_2.5K_06242026.DAT
0.162833,0.040494,7.77791e-05,2.5012,Moment (emu),7.70,YZGO_BperpC_7.7MG_2.5K_06242026.DAT
0.17018,0.0422613,8.14425e-05,2.5005,Moment (emu),7.70,YZGO_BperpC_7.7MG_2.5K_06242026.DAT
0.176815,0.0440017,7.90258e-05,2.5002,Moment (emu),7.70,YZGO_BperpC_7.7MG_2.5K_06242026.DAT
0.184142,0.0457682,8.41528e-05,2.4998,Moment (emu),7.70,YZGO_BperpC_7.7MG_2.5K_06242026.DAT
0.190445,0.0475301,8.24488e-05,2.4998,Moment (emu),7.70,YZGO_BperpC_7.7MG_2.5K_06242026.DAT
0.196742,0.0492935,8.26623e-05,2.4997,Moment (emu),7.70,YZGO_BperpC_7.7MG_2.5K_06242026.DAT
0.204085,0.0510654,8.01583e-05,2.4998,Moment (emu),7.70,YZGO_BperpC_7.7MG_2.5K_06242026.DAT
0.21281,0.052841,8.05702e-05,2.4998,Moment (emu),7.70,YZGO_BperpC_7.7MG_2.5K_06242026.DAT
0.21805,0.0545651,8.02625e-05,2.4998,Moment (emu),7.70,YZGO_BperpC_7.7MG_2.5K_06242026.DAT
0.224717,0.0563225,7.87612e-05,2.4999,Moment (emu),7.70,YZGO_BperpC_7.7MG_2.5K_06242026.DAT
0.232788,0.058125,8.02065e-05,2.4999,Moment (emu),7.70,YZGO_BperpC_7.7MG_2.5K_06242026.DAT
0.239435,0.0598669,8.05371e-05,2.4999,Moment (emu),7.70,YZGO_BperpC_7.7MG_2.5K_06242026.DAT
0.247464,0.0616212,8.11727e-05,2.4999,Moment (emu),7.70,YZGO_BperpC_7.7MG_2.5K_06242026.DAT
0.252702,0.0633932,7.96776e-05,2.4998,Moment (emu),7.70,YZGO_BperpC_7.7MG_2.5K_06242026.DAT
0.259685,0.0651143,8.23437e-05,2.4998,Moment (emu),7.70,YZGO_BperpC_7.7MG_2.5K_06242026.DAT
0.266677,0.0668618,8.50076e-05,2.4997,Moment (emu),7.70,YZGO_BperpC_7.7MG_2.5K_06242026.DAT
0.273314,0.0686534,7.85974e-05,2.4997,Moment (emu),7.70,YZGO_BperpC_7.7MG_2.5K_06242026.DAT
0.280646,0.0703909,8.10826e-05,2.4997,Moment (emu),7.70,YZGO_BperpC_7.7MG_2.5K_06242026.DAT
0.28834,0.0721618,8.25495e-05,2.4998,Moment (emu),7.70,YZGO_BperpC_7.7MG_2.5K_06242026.DAT
0.295305,0.0738797,8.34882e-05,2.5000,Moment (emu),7.70,YZGO_BperpC_7.7MG_2.5K_06242026.DAT
0.302962,0.0756442,8.2743e-05,2.5001,Moment (emu),7.70,YZGO_BperpC_7.7MG_2.5K_06242026.DAT
0.309257,0.0773973,8.44981e-05,2.5003,Moment (emu),7.70,YZGO_BperpC_7.7MG_2.5K_06242026.DAT
0.315187,0.0790697,7.84674e-05,2.5003,Moment (emu),7.70,YZGO_BperpC_7.7MG_2.5K_06242026.DAT
0.323199,0.0808747,8.22975e-05,2.5002,Moment (emu),7.70,YZGO_BperpC_7.7MG_2.5K_06242026.DAT
0.329137,0.082553,6.99071e-05,2.5001,Moment (emu),7.70,YZGO_BperpC_7.7MG_2.5K_06242026.DAT
0.336818,0.0842623,9.91465e-05,2.5001,Moment (emu),7.70,YZGO_BperpC_7.7MG_2.5K_06242026.DAT
0.343781,0.0860646,8.34478e-05,2.5001,Moment (emu),7.70,YZGO_BperpC_7.7MG_2.5K_06242026.DAT
0.350406,0.0878145,8.55616e-05,2.5000,Moment (emu),7.70,YZGO_BperpC_7.7MG_2.5K_06242026.DAT
0.357383,0.0895223,7.86003e-05,2.5000,Moment (emu),7.70,YZGO_BperpC_7.7MG_2.5K_06242026.DAT
0.364379,0.091279,7.89962e-05,2.4999,Moment (emu),7.70,YZGO_BperpC_7.7MG_2.5K_06242026.DAT
0.371745,0.0930155,8.18588e-05,2.5000,Moment (emu),7.70,YZGO_BperpC_7.7MG_2.5K_06242026.DAT
0.380149,0.0947516,8.20073e-05,2.5001,Moment (emu),7.70,YZGO_BperpC_7.7MG_2.5K_06242026.DAT
0.38503,0.0965232,7.62197e-05,2.5001,Moment (emu),7.70,YZGO_BperpC_7.7MG_2.5K_06242026.DAT
0.393761,0.098233,7.66826e-05,2.5002,Moment (emu),7.70,YZGO_BperpC_7.7MG_2.5K_06242026.DAT
0.401098,0.0999727,7.72441e-05,2.5003,Moment (emu),7.70,YZGO_BperpC_7.7MG_2.5K_06242026.DAT
0.407042,0.101716,7.587e-05,2.5003,Moment (emu),7.70,YZGO_BperpC_7.7MG_2.5K_06242026.DAT
0.412974,0.103475,8.17851e-05,2.5001,Moment (emu),7.70,YZGO_BperpC_7.7MG_2.5K_06242026.DAT
0.421352,0.105193,7.53727e-05,2.5000,Moment (emu),7.70,YZGO_BperpC_7.7MG_2.5K_06242026.DAT
0.443385,0.108636,8.96694e-05,2.5001,Moment (emu),7.70,YZGO_BperpC_7.7MG_2.5K_06242026.DAT
0.444084,0.110427,7.88398e-05,2.5002,Moment (emu),7.70,YZGO_BperpC_7.7MG_2.5K_06242026.DAT
0.447929,0.112155,8.50016e-05,2.5002,Moment (emu),7.70,YZGO_BperpC_7.7MG_2.5K_06242026.DAT
0.455263,0.113889,8.65968e-05,2.5001,Moment (emu),7.70,YZGO_BperpC_7.7MG_2.5K_06242026.DAT
0.462588,0.115597,8.49569e-05,2.5001,Moment (emu),7.70,YZGO_BperpC_7.7MG_2.5K_06242026.DAT
0.469227,0.117283,8.88324e-05,2.5000,Moment (emu),7.70,YZGO_BperpC_7.7MG_2.5K_06242026.DAT
0.476225,0.119048,7.5024e-05,2.5000,Moment (emu),7.70,YZGO_BperpC_7.7MG_2.5K_06242026.DAT
0.483924,0.120682,7.60209e-05,2.5001,Moment (emu),7.70,YZGO_BperpC_7.7MG_2.5K_06242026.DAT
0.490557,0.122481,9.27161e-05,2.5001,Moment (emu),7.70,YZGO_BperpC_7.7MG_2.5K_06242026.DAT
0.496825,0.12426,8.77223e-05,2.5001,Moment (emu),7.70,YZGO_BperpC_7.7MG_2.5K_06242026.DAT
0.504852,0.125982,7.34239e-05,2.5001,Moment (emu),7.70,YZGO_BperpC_7.7MG_2.5K_06242026.DAT
0.510796,0.12773,8.28751e-05,2.5002,Moment (emu),7.70,YZGO_BperpC_7.7MG_2.5K_06242026.DAT
0.5192,0.12947,8.41501e-05,2.5002,Moment (emu),7.70,YZGO_BperpC_7.7MG_2.5K_06242026.DAT
0.524784,0.131194,8.4347e-05,2.5002,Moment (emu),7.70,YZGO_BperpC_7.7MG_2.5K_06242026.DAT
0.532811,0.132894,8.27837e-05,2.5003,Moment (emu),7.70,YZGO_BperpC_7.7MG_2.5K_06242026.DAT
0.538742,0.134587,9.05779e-05,2.5002,Moment (emu),7.70,YZGO_BperpC_7.7MG_2.5K_06242026.DAT
0.545738,0.136315,8.24096e-05,2.5002,Moment (emu),7.70,YZGO_BperpC_7.7MG_2.5K_06242026.DAT
0.552732,0.138059,7.79192e-05,2.5001,Moment (emu),7.70,YZGO_BperpC_7.7MG_2.5K_06242026.DAT
0.560782,0.13977,7.99135e-05,2.5001,Moment (emu),7.70,YZGO_BperpC_7.7MG_2.5K_06242026.DAT
0.566742,0.14151,8.64346e-05,2.5001,Moment (emu),7.70,YZGO_BperpC_7.7MG_2.5K_06242026.DAT
0.575166,0.143157,8.85719e-05,2.5000,Moment (emu),7.70,YZGO_BperpC_7.7MG_2.5K_06242026.DAT
0.581114,0.144927,7.75919e-05,2.5000,Moment (emu),7.70,YZGO_BperpC_7.7MG_2.5K_06242026.DAT
0.5881,0.146645,8.75136e-05,2.5001,Moment (emu),7.70,YZGO_BperpC_7.7MG_2.5K_06242026.DAT
0.594748,0.148363,8.58581e-05,2.5002,Moment (emu),7.70,YZGO_BperpC_7.7MG_2.5K_06242026.DAT
0.60243,0.150132,8.09918e-05,2.5003,Moment (emu),7.70,YZGO_BperpC_7.7MG_2.5K_06242026.DAT
0.610121,0.151824,8.47849e-05,2.5003,Moment (emu),7.70,YZGO_BperpC_7.7MG_2.5K_06242026.DAT
0.617083,0.153441,8.84329e-05,2.5001,Moment (emu),7.70,YZGO_BperpC_7.7MG_2.5K_06242026.DAT
0.623349,0.155195,9.01673e-05,2.5000,Moment (emu),7.70,YZGO_BperpC_7.7MG_2.5K_06242026.DAT
0.629628,0.156876,8.02746e-05,2.5001,Moment (emu),7.70,YZGO_BperpC_7.7MG_2.5K_06242026.DAT
0.637667,0.158629,9.0836e-05,2.5001,Moment (emu),7.70,YZGO_BperpC_7.7MG_2.5K_06242026.DAT
0.643609,0.160382,8.57364e-05,2.5003,Moment (emu),7.70,YZGO_BperpC_7.7MG_2.5K_06242026.DAT
0.652006,0.162101,8.82378e-05,2.5004,Moment (emu),7.70,YZGO_BperpC_7.7MG_2.5K_06242026.DAT
0.6583,0.16377,8.08489e-05,2.5005,Moment (emu),7.70,YZGO_BperpC_7.7MG_2.5K_06242026.DAT
0.664596,0.165512,8.48417e-05,2.5005,Moment (emu),7.70,YZGO_BperpC_7.7MG_2.5K_06242026.DAT
0.672616,0.167172,8.00407e-05,2.5004,Moment (emu),7.70,YZGO_BperpC_7.7MG_2.5K_06242026.DAT
0.67994,0.168875,8.66152e-05,2.5003,Moment (emu),7.70,YZGO_BperpC_7.7MG_2.5K_06242026.DAT
0.686595,0.170593,9.96994e-05,2.5002,Moment (emu),7.70,YZGO_BperpC_7.7MG_2.5K_06242026.DAT
0.69253,0.172342,7.95417e-05,2.5001,Moment (emu),7.70,YZGO_BperpC_7.7MG_2.5K_06242026.DAT
0.700218,0.173983,8.65993e-05,2.5001,Moment (emu),7.70,YZGO_BperpC_7.7MG_2.5K_06242026.DAT
0.707564,0.175691,9.27762e-05,2.5002,Moment (emu),7.70,YZGO_BperpC_7.7MG_2.5K_06242026.DAT
0.715603,0.177506,9.43274e-05,2.5003,Moment (emu),7.70,YZGO_BperpC_7.7MG_2.5K_06242026.DAT
0.720514,0.179235,8.98965e-05,2.5003,Moment (emu),7.70,YZGO_BperpC_7.7MG_2.5K_06242026.DAT
0.72754,0.180908,7.25937e-05,2.5002,Moment (emu),7.70,YZGO_BperpC_7.7MG_2.5K_06242026.DAT
0.734549,0.182548,8.09356e-05,2.5003,Moment (emu),7.70,YZGO_BperpC_7.7MG_2.5K_06242026.DAT
0.742584,0.184276,9.23129e-05,2.5003,Moment (emu),7.70,YZGO_BperpC_7.7MG_2.5K_06242026.DAT
0.748503,0.185931,8.4527e-05,2.5002,Moment (emu),7.70,YZGO_BperpC_7.7MG_2.5K_06242026.DAT
0.756518,0.187634,8.17568e-05,2.5001,Moment (emu),7.70,YZGO_BperpC_7.7MG_2.5K_06242026.DAT
0.76318,0.189359,8.33384e-05,2.5001,Moment (emu),7.70,YZGO_BperpC_7.7MG_2.5K_06242026.DAT
0.771212,0.191055,8.37434e-05,2.5000,Moment (emu),7.70,YZGO_BperpC_7.7MG_2.5K_06242026.DAT
0.776814,0.192807,7.91551e-05,2.5001,Moment (emu),7.70,YZGO_BperpC_7.7MG_2.5K_06242026.DAT
0.783474,0.194416,8.32972e-05,2.5001,Moment (emu),7.70,YZGO_BperpC_7.7MG_2.5K_06242026.DAT
0.790818,0.196177,8.44785e-05,2.5003,Moment (emu),7.70,YZGO_BperpC_7.7MG_2.5K_06242026.DAT
0.79747,0.197944,9.30382e-05,2.5004,Moment (emu),7.70,YZGO_BperpC_7.7MG_2.5K_06242026.DAT
0.805177,0.199589,8.90198e-05,2.5006,Moment (emu),7.70,YZGO_BperpC_7.7MG_2.5K_06242026.DAT
0.811461,0.201243,7.74311e-05,2.5008,Moment (emu),7.70,YZGO_BperpC_7.7MG_2.5K_06242026.DAT
0.819498,0.202996,0.000104373,2.5008,Moment (emu),7.70,YZGO_BperpC_7.7MG_2.5K_06242026.DAT
0.826489,0.204755,9.73725e-05,2.5006,Moment (emu),7.70,YZGO_BperpC_7.7MG_2.5K_06242026.DAT
0.833491,0.206435,9.21719e-05,2.5006,Moment (emu),7.70,YZGO_BperpC_7.7MG_2.5K_06242026.DAT
0.839441,0.20816,9.02998e-05,2.5005,Moment (emu),7.70,YZGO_BperpC_7.7MG_2.5K_06242026.DAT
0.84748,0.209807,9.50508e-05,2.5003,Moment (emu),7.70,YZGO_BperpC_7.7MG_2.5K_06242026.DAT
0.85343,0.211401,8.10399e-05,2.5002,Moment (emu),7.70,YZGO_BperpC_7.7MG_2.5K_06242026.DAT
0.86149,0.213174,8.46986e-05,2.5001,Moment (emu),7.70,YZGO_BperpC_7.7MG_2.5K_06242026.DAT
0.867797,0.214873,9.51835e-05,2.5000,Moment (emu),7.70,YZGO_BperpC_7.7MG_2.5K_06242026.DAT
0.874444,0.216623,8.7266e-05,2.4999,Moment (emu),7.70,YZGO_BperpC_7.7MG_2.5K_06242026.DAT
0.881787,0.218219,8.67083e-05,2.5000,Moment (emu),7.70,YZGO_BperpC_7.7MG_2.5K_06242026.DAT
0.888417,0.219884,9.46315e-05,2.5001,Moment (emu),7.70,YZGO_BperpC_7.7MG_2.5K_06242026.DAT
0.896097,0.221642,9.49098e-05,2.5002,Moment (emu),7.70,YZGO_BperpC_7.7MG_2.5K_06242026.DAT
0.902407,0.223307,8.06567e-05,2.5003,Moment (emu),7.70,YZGO_BperpC_7.7MG_2.5K_06242026.DAT
0.910112,0.22506,9.77437e-05,2.5004,Moment (emu),7.70,YZGO_BperpC_7.7MG_2.5K_06242026.DAT
0.916407,0.226689,9.65704e-05,2.5006,Moment (emu),7.70,YZGO_BperpC_7.7MG_2.5K_06242026.DAT
0.923738,0.228309,8.45194e-05,2.5006,Moment (emu),7.70,YZGO_BperpC_7.7MG_2.5K_06242026.DAT
0.930379,0.230125,8.90035e-05,2.5006,Moment (emu),7.70,YZGO_BperpC_7.7MG_2.5K_06242026.DAT
0.938785,0.231752,0.000100756,2.5006,Moment (emu),7.70,YZGO_BperpC_7.7MG_2.5K_06242026.DAT
0.944733,0.23341,0.000108359,2.5005,Moment (emu),7.70,YZGO_BperpC_7.7MG_2.5K_06242026.DAT
0.952772,0.235163,9.47561e-05,2.5005,Moment (emu),7.70,YZGO_BperpC_7.7MG_2.5K_06242026.DAT
0.95801,0.236842,8.78471e-05,2.5004,Moment (emu),7.70,YZGO_BperpC_7.7MG_2.5K_06242026.DAT
0.96536,0.238526,0.000102164,2.5002,Moment (emu),7.70,YZGO_BperpC_7.7MG_2.5K_06242026.DAT
0.972689,0.240234,0.000100671,2.5000,Moment (emu),7.70,YZGO_BperpC_7.7MG_2.5K_06242026.DAT
0.980671,0.241923,0.000100434,2.5001,Moment (emu),7.70,YZGO_BperpC_7.7MG_2.5K_06242026.DAT
0.986272,0.243613,0.00010003,2.5002,Moment (emu),7.70,YZGO_BperpC_7.7MG_2.5K_06242026.DAT
0.993639,0.245189,8.93421e-05,2.5003,Moment (emu),7.70,YZGO_BperpC_7.7MG_2.5K_06242026.DAT
0.999947,0.246797,9.91441e-05,2.5003,Moment (emu),7.70,YZGO_BperpC_7.7MG_2.5K_06242026.DAT
1.00798,0.248681,0.000100719,2.5003,Moment (emu),7.70,YZGO_BperpC_7.7MG_2.5K_06242026.DAT
1.01531,0.250212,0.000108549,2.5002,Moment (emu),7.70,YZGO_BperpC_7.7MG_2.5K_06242026.DAT
1.02127,0.251931,9.38139e-05,2.5003,Moment (emu),7.70,YZGO_BperpC_7.7MG_2.5K_06242026.DAT
1.02897,0.253543,8.73122e-05,2.5005,Moment (emu),7.70,YZGO_BperpC_7.7MG_2.5K_06242026.DAT
1.03667,0.255281,0.000106775,2.5006,Moment (emu),7.70,YZGO_BperpC_7.7MG_2.5K_06242026.DAT
1.04261,0.256893,8.22837e-05,2.5006,Moment (emu),7.70,YZGO_BperpC_7.7MG_2.5K_06242026.DAT
1.04927,0.258614,0.000102772,2.5006,Moment (emu),7.70,YZGO_BperpC_7.7MG_2.5K_06242026.DAT
1.05731,0.260168,8.47014e-05,2.5006,Moment (emu),7.70,YZGO_BperpC_7.7MG_2.5K_06242026.DAT
1.06325,0.261843,0.000105046,2.5005,Moment (emu),7.70,YZGO_BperpC_7.7MG_2.5K_06242026.DAT
1.07024,0.263522,0.000102037,2.5004,Moment (emu),7.70,YZGO_BperpC_7.7MG_2.5K_06242026.DAT
1.07724,0.265368,0.000126721,2.5005,Moment (emu),7.70,YZGO_BperpC_7.7MG_2.5K_06242026.DAT
1.08494,0.266902,0.000103989,2.5005,Moment (emu),7.70,YZGO_BperpC_7.7MG_2.5K_06242026.DAT
1.09158,0.268601,8.91275e-05,2.5005,Moment (emu),7.70,YZGO_BperpC_7.7MG_2.5K_06242026.DAT
1.09889,0.270276,0.000117167,2.5004,Moment (emu),7.70,YZGO_BperpC_7.7MG_2.5K_06242026.DAT
1.10587,0.27192,9.3375e-05,2.5003,Moment (emu),7.70,YZGO_BperpC_7.7MG_2.5K_06242026.DAT
1.11217,0.273566,9.36896e-05,2.5003,Moment (emu),7.70,YZGO_BperpC_7.7MG_2.5K_06242026.DAT
1.11987,0.275199,9.89631e-05,2.5004,Moment (emu),7.70,YZGO_BperpC_7.7MG_2.5K_06242026.DAT
1.12615,0.276809,9.1915e-05,2.5004,Moment (emu),7.70,YZGO_BperpC_7.7MG_2.5K_06242026.DAT
1.13384,0.278557,9.86967e-05,2.5004,Moment (emu),7.70,YZGO_BperpC_7.7MG_2.5K_06242026.DAT
1.14016,0.280117,8.15083e-05,2.5003,Moment (emu),7.70,YZGO_BperpC_7.7MG_2.5K_06242026.DAT
1.14822,0.281908,9.78402e-05,2.5002,Moment (emu),7.70,YZGO_BperpC_7.7MG_2.5K_06242026.DAT
1.15452,0.283533,0.000114423,2.5002,Moment (emu),7.70,YZGO_BperpC_7.7MG_2.5K_06242026.DAT
1.16188,0.285125,9.86138e-05,2.5001,Moment (emu),7.70,YZGO_BperpC_7.7MG_2.5K_06242026.DAT
1.16855,0.286808,9.01161e-05,2.5003,Moment (emu),7.70,YZGO_BperpC_7.7MG_2.5K_06242026.DAT
1.17519,0.288447,0.000107334,2.5003,Moment (emu),7.70,YZGO_BperpC_7.7MG_2.5K_06242026.DAT
1.18325,0.290162,0.000107479,2.5004,Moment (emu),7.70,YZGO_BperpC_7.7MG_2.5K_06242026.DAT
1.18882,0.291897,0.000100979,2.5005,Moment (emu),7.70,YZGO_BperpC_7.7MG_2.5K_06242026.DAT
1.19685,0.293431,9.61554e-05,2.5006,Moment (emu),7.70,YZGO_BperpC_7.7MG_2.5K_06242026.DAT
1.20348,0.295029,7.01835e-05,2.5006,Moment (emu),7.70,YZGO_BperpC_7.7MG_2.5K_06242026.DAT
1.20977,0.296742,0.000107943,2.5006,Moment (emu),7.70,YZGO_BperpC_7.7MG_2.5K_06242026.DAT
1.21747,0.298362,9.65077e-05,2.5006,Moment (emu),7.70,YZGO_BperpC_7.7MG_2.5K_06242026.DAT
1.22377,0.299968,7.91084e-05,2.5006,Moment (emu),7.70,YZGO_BperpC_7.7MG_2.5K_06242026.DAT
1.23182,0.301673,0.000108859,2.5006,Moment (emu),7.70,YZGO_BperpC_7.7MG_2.5K_06242026.DAT
1.23776,0.303239,9.44732e-05,2.5006,Moment (emu),7.70,YZGO_BperpC_7.7MG_2.5K_06242026.DAT
1.24441,0.304889,9.17056e-05,2.5005,Moment (emu),7.70,YZGO_BperpC_7.7MG_2.5K_06242026.DAT
1.25281,0.30666,0.000111323,2.5004,Moment (emu),7.70,YZGO_BperpC_7.7MG_2.5K_06242026.DAT
1.25946,0.30823,9.72515e-05,2.5004,Moment (emu),7.70,YZGO_BperpC_7.7MG_2.5K_06242026.DAT
1.26611,0.309722,8.92571e-05,2.5004,Moment (emu),7.70,YZGO_BperpC_7.7MG_2.5K_06242026.DAT
1.27345,0.311383,0.00010258,2.5003,Moment (emu),7.70,YZGO_BperpC_7.7MG_2.5K_06242026.DAT
1.28079,0.313103,0.00010193,2.5003,Moment (emu),7.70,YZGO_BperpC_7.7MG_2.5K_06242026.DAT
1.28745,0.314769,0.00010712,2.5002,Moment (emu),7.70,YZGO_BperpC_7.7MG_2.5K_06242026.DAT
1.2934,0.316404,0.000104167,2.5002,Moment (emu),7.70,YZGO_BperpC_7.7MG_2.5K_06242026.DAT
1.30075,0.31813,0.000118603,2.5002,Moment (emu),7.70,YZGO_BperpC_7.7MG_2.5K_06242026.DAT
1.30879,0.319674,8.82249e-05,2.5004,Moment (emu),7.70,YZGO_BperpC_7.7MG_2.5K_06242026.DAT
1.31546,0.321285,7.92372e-05,2.5005,Moment (emu),7.70,YZGO_BperpC_7.7MG_2.5K_06242026.DAT
1.32176,0.322885,0.000104818,2.5007,Moment (emu),7.70,YZGO_BperpC_7.7MG_2.5K_06242026.DAT
1.32943,0.324696,0.000112632,2.5006,Moment (emu),7.70,YZGO_BperpC_7.7MG_2.5K_06242026.DAT
1.33574,0.326352,0.000106927,2.5005,Moment (emu),7.70,YZGO_BperpC_7.7MG_2.5K_06242026.DAT
1.34274,0.327866,0.000112816,2.5005,Moment (emu),7.70,YZGO_BperpC_7.7MG_2.5K_06242026.DAT
1.35075,0.329508,0.000117597,2.5004,Moment (emu),7.70,YZGO_BperpC_7.7MG_2.5K_06242026.DAT
1.35775,0.331042,0.000111372,2.5003,Moment (emu),7.70,YZGO_BperpC_7.7MG_2.5K_06242026.DAT
1.36335,0.332746,0.000106177,2.5004,Moment (emu),7.70,YZGO_BperpC_7.7MG_2.5K_06242026.DAT
1.3707,0.334329,0.000105204,2.5005,Moment (emu),7.70,YZGO_BperpC_7.7MG_2.5K_06242026.DAT
1.3791,0.335924,0.000128319,2.5006,Moment (emu),7.70,YZGO_BperpC_7.7MG_2.5K_06242026.DAT
1.38574,0.33757,0.000108978,2.5006,Moment (emu),7.70,YZGO_BperpC_7.7MG_2.5K_06242026.DAT
1.39276,0.33922,0.000111867,2.5006,Moment (emu),7.70,YZGO_BperpC_7.7MG_2.5K_06242026.DAT
1.39907,0.340753,8.87886e-05,2.5005,Moment (emu),7.70,YZGO_BperpC_7.7MG_2.5K_06242026.DAT
1.40607,0.342421,8.38567e-05,2.5004,Moment (emu),7.70,YZGO_BperpC_7.7MG_2.5K_06242026.DAT
1.41342,0.34405,0.000112221,2.5002,Moment (emu),7.70,YZGO_BperpC_7.7MG_2.5K_06242026.DAT
1.41973,0.34571,0.000115978,2.5002,Moment (emu),7.70,YZGO_BperpC_7.7MG_2.5K_06242026.DAT
1.42673,0.347392,0.000116882,2.5002,Moment (emu),7.70,YZGO_BperpC_7.7MG_2.5K_06242026.DAT
1.43408,0.349035,0.000107499,2.5002,Moment (emu),7.70,YZGO_BperpC_7.7MG_2.5K_06242026.DAT
1.44213,0.350742,0.000106858,2.5004,Moment (emu),7.70,YZGO_BperpC_7.7MG_2.5K_06242026.DAT
1.44805,0.352322,0.000105504,2.5005,Moment (emu),7.70,YZGO_BperpC_7.7MG_2.5K_06242026.DAT
1.45433,0.353859,0.000109534,2.5005,Moment (emu),7.70,YZGO_BperpC_7.7MG_2.5K_06242026.DAT
1.4617,0.355452,9.96963e-05,2.5005,Moment (emu),7.70,YZGO_BperpC_7.7MG_2.5K_06242026.DAT
1.46869,0.357183,8.8125e-05,2.5005,Moment (emu),7.70,YZGO_BperpC_7.7MG_2.5K_06242026.DAT
1.47566,0.358683,0.000108696,2.5005,Moment (emu),7.70,YZGO_BperpC_7.7MG_2.5K_06242026.DAT
1.48227,0.360311,0.000112833,2.5005,Moment (emu),7.70,YZGO_BperpC_7.7MG_2.5K_06242026.DAT
1.48924,0.361895,0.000109717,2.5005,Moment (emu),7.70,YZGO_BperpC_7.7MG_2.5K_06242026.DAT
1.49727,0.363301,0.00011398,2.5006,Moment (emu),7.70,YZGO_BperpC_7.7MG_2.5K_06242026.DAT
1.50428,0.36501,0.000101665,2.5007,Moment (emu),7.70,YZGO_BperpC_7.7MG_2.5K_06242026.DAT
1.51022,0.366504,0.000104256,2.5006,Moment (emu),7.70,YZGO_BperpC_7.7MG_2.5K_06242026.DAT
1.51827,0.368212,0.000113483,2.5005,Moment (emu),7.70,YZGO_BperpC_7.7MG_2.5K_06242026.DAT
1.52421,0.369916,0.00010152,2.5005,Moment (emu),7.70,YZGO_BperpC_7.7MG_2.5K_06242026.DAT
1.5319,0.371397,0.000100759,2.5005,Moment (emu),7.70,YZGO_BperpC_7.7MG_2.5K_06242026.DAT
1.54065,0.373038,0.000111985,2.5005,Moment (emu),7.70,YZGO_BperpC_7.7MG_2.5K_06242026.DAT
1.5459,0.37465,9.61115e-05,2.5003,Moment (emu),7.70,YZGO_BperpC_7.7MG_2.5K_06242026.DAT
1.55221,0.376254,9.73023e-05,2.5002,Moment (emu),7.70,YZGO_BperpC_7.7MG_2.5K_06242026.DAT
1.5599,0.37786,0.000109743,2.5002,Moment (emu),7.70,YZGO_BperpC_7.7MG_2.5K_06242026.DAT
1.56622,0.379348,9.81811e-05,2.5003,Moment (emu),7.70,YZGO_BperpC_7.7MG_2.5K_06242026.DAT
1.5743,0.381019,0.000105683,2.5006,Moment (emu),7.70,YZGO_BperpC_7.7MG_2.5K_06242026.DAT
1.58058,0.382515,0.000130618,2.5006,Moment (emu),7.70,YZGO_BperpC_7.7MG_2.5K_06242026.DAT
1.58826,0.384209,9.07109e-05,2.5006,Moment (emu),7.70,YZGO_BperpC_7.7MG_2.5K_06242026.DAT
1.59419,0.385713,0.000101654,2.5006,Moment (emu),7.70,YZGO_BperpC_7.7MG_2.5K_06242026.DAT
1.6012,0.387378,0.000126225,2.5006,Moment (emu),7.70,YZGO_BperpC_7.7MG_2.5K_06242026.DAT
1.60858,0.388902,9.54966e-05,2.5007,Moment (emu),7.70,YZGO_BperpC_7.7MG_2.5K_06242026.DAT
1.61663,0.390356,0.000115133,2.5007,Moment (emu),7.70,YZGO_BperpC_7.7MG_2.5K_06242026.DAT
1.62294,0.392108,0.000123173,2.5006,Moment (emu),7.70,YZGO_BperpC_7.7MG_2.5K_06242026.DAT
1.63062,0.393768,9.94217e-05,2.5005,Moment (emu),7.70,YZGO_BperpC_7.7MG_2.5K_06242026.DAT
1.63692,0.395376,0.000113241,2.5005,Moment (emu),7.70,YZGO_BperpC_7.7MG_2.5K_06242026.DAT
1.64321,0.396931,0.000121951,2.5005,Moment (emu),7.70,YZGO_BperpC_7.7MG_2.5K_06242026.DAT
1.65021,0.398406,0.000134144,2.5004,Moment (emu),7.70,YZGO_BperpC_7.7MG_2.5K_06242026.DAT
1.65722,0.400052,0.000118027,2.5003,Moment (emu),7.70,YZGO_BperpC_7.7MG_2.5K_06242026.DAT
1.66455,0.401864,0.000139687,2.5002,Moment (emu),7.70,YZGO_BperpC_7.7MG_2.5K_06242026.DAT
1.67224,0.403257,0.000135703,2.5002,Moment (emu),7.70,YZGO_BperpC_7.7MG_2.5K_06242026.DAT
1.67889,0.404773,0.000103634,2.5002,Moment (emu),7.70,YZGO_BperpC_7.7MG_2.5K_06242026.DAT
1.68623,0.406458,0.000110158,2.5002,Moment (emu),7.70,YZGO_BperpC_7.7MG_2.5K_06242026.DAT
1.69288,0.408021,0.000127008,2.5003,Moment (emu),7.70,YZGO_BperpC_7.7MG_2.5K_06242026.DAT
1.69924,0.40947,8.89969e-05,2.5004,Moment (emu),7.70,YZGO_BperpC_7.7MG_2.5K_06242026.DAT
1.70735,0.411151,0.000119274,2.5005,Moment (emu),7.70,YZGO_BperpC_7.7MG_2.5K_06242026.DAT
1.71329,0.41269,0.000125049,2.5004,Moment (emu),7.70,YZGO_BperpC_7.7MG_2.5K_06242026.DAT
1.72134,0.414428,0.000109541,2.5005,Moment (emu),7.70,YZGO_BperpC_7.7MG_2.5K_06242026.DAT
1.72835,0.415972,0.000110836,2.5006,Moment (emu),7.70,YZGO_BperpC_7.7MG_2.5K_06242026.DAT
1.73502,0.417574,0.00012487,2.5008,Moment (emu),7.70,YZGO_BperpC_7.7MG_2.5K_06242026.DAT
1.7413,0.419111,9.38343e-05,2.5008,Moment (emu),7.70,YZGO_BperpC_7.7MG_2.5K_06242026.DAT
1.74829,0.420553,0.000118552,2.5007,Moment (emu),7.70,YZGO_BperpC_7.7MG_2.5K_06242026.DAT
1.75529,0.422156,0.000101218,2.5006,Moment (emu),7.70,YZGO_BperpC_7.7MG_2.5K_06242026.DAT
1.763,0.423718,0.000115481,2.5005,Moment (emu),7.70,YZGO_BperpC_7.7MG_2.5K_06242026.DAT
1.76895,0.425416,0.000112206,2.5003,Moment (emu),7.70,YZGO_BperpC_7.7MG_2.5K_06242026.DAT
1.77629,0.426772,0.000105001,2.5002,Moment (emu),7.70,YZGO_BperpC_7.7MG_2.5K_06242026.DAT
1.78326,0.428203,0.00012947,2.5003,Moment (emu),7.70,YZGO_BperpC_7.7MG_2.5K_06242026.DAT
1.79094,0.429851,0.000129922,2.5004,Moment (emu),7.70,YZGO_BperpC_7.7MG_2.5K_06242026.DAT
1.79722,0.431465,0.00014709,2.5004,Moment (emu),7.70,YZGO_BperpC_7.7MG_2.5K_06242026.DAT
1.80418,0.432998,0.000141627,2.5003,Moment (emu),7.70,YZGO_BperpC_7.7MG_2.5K_06242026.DAT
1.81116,0.434692,0.000117122,2.5004,Moment (emu),7.70,YZGO_BperpC_7.7MG_2.5K_06242026.DAT
1.81815,0.436316,0.000101122,2.5006,Moment (emu),7.70,YZGO_BperpC_7.7MG_2.5K_06242026.DAT
1.82621,0.437714,0.000112414,2.5006,Moment (emu),7.70,YZGO_BperpC_7.7MG_2.5K_06242026.DAT
1.83253,0.43921,0.000117004,2.5006,Moment (emu),7.70,YZGO_BperpC_7.7MG_2.5K_06242026.DAT
1.84061,0.440773,0.000102827,2.5005,Moment (emu),7.70,YZGO_BperpC_7.7MG_2.5K_06242026.DAT
1.84655,0.44233,9.9391e-05,2.5005,Moment (emu),7.70,YZGO_BperpC_7.7MG_2.5K_06242026.DAT
1.8532,0.443819,0.000118798,2.5004,Moment (emu),7.70,YZGO_BperpC_7.7MG_2.5K_06242026.DAT
1.86091,0.445488,0.000126802,2.5003,Moment (emu),7.70,YZGO_BperpC_7.7MG_2.5K_06242026.DAT
1.86721,0.44736,0.000132543,2.5004,Moment (emu),7.70,YZGO_BperpC_7.7MG_2.5K_06242026.DAT
1.8749,0.448702,0.000122,2.5005,Moment (emu),7.70,YZGO_BperpC_7.7MG_2.5K_06242026.DAT
1.88119,0.450088,0.000125223,2.5005,Moment (emu),7.70,YZGO_BperpC_7.7MG_2.5K_06242026.DAT
1.88889,0.451474,0.000125172,2.5005,Moment (emu),7.70,YZGO_BperpC_7.7MG_2.5K_06242026.DAT
1.89483,0.453312,0.000136187,2.5005,Moment (emu),7.70,YZGO_BperpC_7.7MG_2.5K_06242026.DAT
1.90215,0.454703,0.000104026,2.5004,Moment (emu),7.70,YZGO_BperpC_7.7MG_2.5K_06242026.DAT
1.90984,0.456254,0.000133316,2.5004,Moment (emu),7.70,YZGO_BperpC_7.7MG_2.5K_06242026.DAT
1.91682,0.457988,0.000143623,2.5005,Moment (emu),7.70,YZGO_BperpC_7.7MG_2.5K_06242026.DAT
1.92346,0.459202,0.00011292,2.5005,Moment (emu),7.70,YZGO_BperpC_7.7MG_2.5K_06242026.DAT
1.93011,0.460929,0.000108993,2.5005,Moment (emu),7.70,YZGO_BperpC_7.7MG_2.5K_06242026.DAT
1.93817,0.462546,0.000136454,2.5004,Moment (emu),7.70,YZGO_BperpC_7.7MG_2.5K_06242026.DAT
1.94445,0.463979,0.000158241,2.5005,Moment (emu),7.70,YZGO_BperpC_7.7MG_2.5K_06242026.DAT
1.95175,0.465422,0.000121558,2.5006,Moment (emu),7.70,YZGO_BperpC_7.7MG_2.5K_06242026.DAT
1.9577,0.466799,0.000109974,2.5006,Moment (emu),7.70,YZGO_BperpC_7.7MG_2.5K_06242026.DAT
1.96507,0.468591,0.000139446,2.5006,Moment (emu),7.70,YZGO_BperpC_7.7MG_2.5K_06242026.DAT
1.97243,0.470069,0.000121221,2.5006,Moment (emu),7.70,YZGO_BperpC_7.7MG_2.5K_06242026.DAT
1.98013,0.471601,0.000142756,2.5005,Moment (emu),7.70,YZGO_BperpC_7.7MG_2.5K_06242026.DAT
1.98643,0.472895,0.000138026,2.5004,Moment (emu),7.70,YZGO_BperpC_7.7MG_2.5K_06242026.DAT
1.99309,0.474615,0.000131308,2.5004,Moment (emu),7.70,YZGO_BperpC_7.7MG_2.5K_06242026.DAT
2.00043,0.476123,0.000122593,2.5004,Moment (emu),7.70,YZGO_BperpC_7.7MG_2.5K_06242026.DAT
2.00707,0.477712,0.000137098,2.5004,Moment (emu),7.70,YZGO_BperpC_7.7MG_2.5K_06242026.DAT
2.01476,0.479114,0.000123503,2.5004,Moment (emu),7.70,YZGO_BperpC_7.7MG_2.5K_06242026.DAT
2.02104,0.480736,0.000120641,2.5004,Moment (emu),7.70,YZGO_BperpC_7.7MG_2.5K_06242026.DAT
2.02769,0.482285,0.000112465,2.5005,Moment (emu),7.70,YZGO_BperpC_7.7MG_2.5K_06242026.DAT
2.03506,0.483948,0.000107095,2.5006,Moment (emu),7.70,YZGO_BperpC_7.7MG_2.5K_06242026.DAT
2.04171,0.485241,0.000150498,2.5005,Moment (emu),7.70,YZGO_BperpC_7.7MG_2.5K_06242026.DAT
2.04872,0.487067,0.000151698,2.5005,Moment (emu),7.70,YZGO_BperpC_7.7MG_2.5K_06242026.DAT
2.05606,0.488426,0.000133895,2.5004,Moment (emu),7.70,YZGO_BperpC_7.7MG_2.5K_06242026.DAT
2.0627,0.489811,0.000118756,2.5002,Moment (emu),7.70,YZGO_BperpC_7.7MG_2.5K_06242026.DAT
2.07008,0.491379,0.000144384,2.5002,Moment (emu),7.70,YZGO_BperpC_7.7MG_2.5K_06242026.DAT
2.07816,0.492914,0.000139968,2.5003,Moment (emu),7.70,YZGO_BperpC_7.7MG_2.5K_06242026.DAT
2.08411,0.494671,0.00013193,2.5003,Moment (emu),7.70,YZGO_BperpC_7.7MG_2.5K_06242026.DAT
2.09076,0.496109,0.000119602,2.5005,Moment (emu),7.70,YZGO_BperpC_7.7MG_2.5K_06242026.DAT
2.09774,0.497492,0.000121665,2.5006,Moment (emu),7.70,YZGO_BperpC_7.7MG_2.5K_06242026.DAT
2.10474,0.499057,0.000138475,2.5007,Moment (emu),7.70,YZGO_BperpC_7.7MG_2.5K_06242026.DAT
2.11176,0.500545,0.000126424,2.5007,Moment (emu),7.70,YZGO_BperpC_7.7MG_2.5K_06242026.DAT
2.11877,0.501903,0.000123424,2.5006,Moment (emu),7.70,YZGO_BperpC_7.7MG_2.5K_06242026.DAT
2.1265,0.503491,0.000107805,2.5005,Moment (emu),7.70,YZGO_BperpC_7.7MG_2.5K_06242026.DAT
2.13316,0.504935,0.000160872,2.5004,Moment (emu),7.70,YZGO_BperpC_7.7MG_2.5K_06242026.DAT
2.14088,0.506549,0.000131562,2.5004,Moment (emu),7.70,YZGO_BperpC_7.7MG_2.5K_06242026.DAT
2.14826,0.507976,0.000122731,2.5004,Moment (emu),7.70,YZGO_BperpC_7.7MG_2.5K_06242026.DAT
2.15529,0.509675,0.000137266,2.5003,Moment (emu),7.70,YZGO_BperpC_7.7MG_2.5K_06242026.DAT
2.16261,0.510984,0.00016224,2.5002,Moment (emu),7.70,YZGO_BperpC_7.7MG_2.5K_06242026.DAT
2.1707,0.51277,0.000136081,2.5002,Moment (emu),7.70,YZGO_BperpC_7.7MG_2.5K_06242026.DAT
2.17492,0.513951,0.000146279,2.5003,Moment (emu),7.70,YZGO_BperpC_7.7MG_2.5K_06242026.DAT
2.18158,0.515492,0.000116136,2.5004,Moment (emu),7.70,YZGO_BperpC_7.7MG_2.5K_06242026.DAT
2.18895,0.517039,0.000131281,2.5005,Moment (emu),7.70,YZGO_BperpC_7.7MG_2.5K_06242026.DAT
2.19699,0.518511,0.000110695,2.5006,Moment (emu),7.70,YZGO_BperpC_7.7MG_2.5K_06242026.DAT
2.20292,0.520373,0.000139235,2.5006,Moment (emu),7.70,YZGO_BperpC_7.7MG_2.5K_06242026.DAT
2.20993,0.521685,0.000147614,2.5007,Moment (emu),7.70,YZGO_BperpC_7.7MG_2.5K_06242026.DAT
2.21767,0.523345,0.000167737,2.5007,Moment (emu),7.70,YZGO_BperpC_7.7MG_2.5K_06242026.DAT
2.22399,0.524549,0.000143011,2.5006,Moment (emu),7.70,YZGO_BperpC_7.7MG_2.5K_06242026.DAT
2.23134,0.525995,0.000117218,2.5005,Moment (emu),7.70,YZGO_BperpC_7.7MG_2.5K_06242026.DAT
2.23762,0.527573,0.000154748,2.5004,Moment (emu),7.70,YZGO_BperpC_7.7MG_2.5K_06242026.DAT
2.24498,0.529024,0.000139046,2.5003,Moment (emu),7.70,YZGO_BperpC_7.7MG_2.5K_06242026.DAT
2.25304,0.530544,0.000161536,2.5002,Moment (emu),7.70,YZGO_BperpC_7.7MG_2.5K_06242026.DAT
2.25937,0.532126,0.000132976,2.5002,Moment (emu),7.70,YZGO_BperpC_7.7MG_2.5K_06242026.DAT
2.2657,0.533599,0.000148893,2.5002,Moment (emu),7.70,YZGO_BperpC_7.7MG_2.5K_06242026.DAT
2.27272,0.53502,0.000156741,2.5003,Moment (emu),7.70,YZGO_BperpC_7.7MG_2.5K_06242026.DAT
2.2801,0.536294,0.00011262,2.5004,Moment (emu),7.70,YZGO_BperpC_7.7MG_2.5K_06242026.DAT
2.2871,0.538074,0.000151948,2.5005,Moment (emu),7.70,YZGO_BperpC_7.7MG_2.5K_06242026.DAT
2.29443,0.539188,0.000148302,2.5006,Moment (emu),7.70,YZGO_BperpC_7.7MG_2.5K_06242026.DAT
2.30174,0.5407,0.000116286,2.5006,Moment (emu),7.70,YZGO_BperpC_7.7MG_2.5K_06242026.DAT
2.30768,0.541855,0.000160121,2.5006,Moment (emu),7.70,YZGO_BperpC_7.7MG_2.5K_06242026.DAT
2.31542,0.543801,0.000140214,2.5005,Moment (emu),7.70,YZGO_BperpC_7.7MG_2.5K_06242026.DAT
2.32175,0.545194,0.000126256,2.5005,Moment (emu),7.70,YZGO_BperpC_7.7MG_2.5K_06242026.DAT
2.32983,0.546937,0.000135662,2.5006,Moment (emu),7.70,YZGO_BperpC_7.7MG_2.5K_06242026.DAT
2.33788,0.548493,0.000134168,2.5006,Moment (emu),7.70,YZGO_BperpC_7.7MG_2.5K_06242026.DAT
2.34453,0.549638,0.000129751,2.5006,Moment (emu),7.70,YZGO_BperpC_7.7MG_2.5K_06242026.DAT
2.35119,0.551121,0.000118119,2.5005,Moment (emu),7.70,YZGO_BperpC_7.7MG_2.5K_06242026.DAT
2.35786,0.55267,0.000111279,2.5005,Moment (emu),7.70,YZGO_BperpC_7.7MG_2.5K_06242026.DAT
2.36453,0.554184,0.000161484,2.5004,Moment (emu),7.70,YZGO_BperpC_7.7MG_2.5K_06242026.DAT
2.37189,0.555414,9.53064e-05,2.5003,Moment (emu),7.70,YZGO_BperpC_7.7MG_2.5K_06242026.DAT
2.37818,0.557204,0.000155083,2.5003,Moment (emu),7.70,YZGO_BperpC_7.7MG_2.5K_06242026.DAT
2.38589,0.558572,0.000123241,2.5002,Moment (emu),7.70,YZGO_BperpC_7.7MG_2.5K_06242026.DAT
2.39221,0.55999,0.000133794,2.5002,Moment (emu),7.70,YZGO_BperpC_7.7MG_2.5K_06242026.DAT
2.39992,0.561464,0.000131674,2.5002,Moment (emu),7.70,YZGO_BperpC_7.7MG_2.5K_06242026.DAT
2.40658,0.562981,0.000119004,2.5003,Moment (emu),7.70,YZGO_BperpC_7.7MG_2.5K_06242026.DAT
2.41325,0.564518,0.000119623,2.5004,Moment (emu),7.70,YZGO_BperpC_7.7MG_2.5K_06242026.DAT
2.4206,0.565792,0.00013377,2.5005,Moment (emu),7.70,YZGO_BperpC_7.7MG_2.5K_06242026.DAT
2.42795,0.567217,0.000102971,2.5005,Moment (emu),7.70,YZGO_BperpC_7.7MG_2.5K_06242026.DAT
2.43497,0.568918,0.000144323,2.5005,Moment (emu),7.70,YZGO_BperpC_7.7MG_2.5K_06242026.DAT
2.4413,0.57006,0.00014451,2.5004,Moment (emu),7.70,YZGO_BperpC_7.7MG_2.5K_06242026.DAT
2.44796,0.571729,0.000138642,2.5003,Moment (emu),7.70,YZGO_BperpC_7.7MG_2.5K_06242026.DAT
2.45532,0.573317,0.000154469,2.5003,Moment (emu),7.70,YZGO_BperpC_7.7MG_2.5K_06242026.DAT
2.46304,0.574713,0.000122669,2.5003,Moment (emu),7.70,YZGO_BperpC_7.7MG_2.5K_06242026.DAT
2.47006,0.576233,0.000156991,2.5004,Moment (emu),7.70,YZGO_BperpC_7.7MG_2.5K_06242026.DAT
2.47671,0.57739,0.000124696,2.5005,Moment (emu),7.70,YZGO_BperpC_7.7MG_2.5K_06242026.DAT
2.48335,0.578967,0.000126871,2.5006,Moment (emu),7.70,YZGO_BperpC_7.7MG_2.5K_06242026.DAT
2.49069,0.580431,0.000136752,2.5005,Moment (emu),7.70,YZGO_BperpC_7.7MG_2.5K_06242026.DAT
2.49703,0.581927,0.000151094,2.5005,Moment (emu),7.70,YZGO_BperpC_7.7MG_2.5K_06242026.DAT
2.50511,0.583157,0.000161259,2.5006,Moment (emu),7.70,YZGO_BperpC_7.7MG_2.5K_06242026.DAT
2.5128,0.584637,0.000153931,2.5005,Moment (emu),7.70,YZGO_BperpC_7.7MG_2.5K_06242026.DAT
2.51943,0.586307,0.00015125,2.5003,Moment (emu),7.70,YZGO_BperpC_7.7MG_2.5K_06242026.DAT
2.52572,0.587611,0.000156912,2.5003,Moment (emu),7.70,YZGO_BperpC_7.7MG_2.5K_06242026.DAT
2.5331,0.588998,0.000153229,2.5003,Moment (emu),7.70,YZGO_BperpC_7.7MG_2.5K_06242026.DAT
2.53945,0.590716,0.00016912,2.5004,Moment (emu),7.70,YZGO_BperpC_7.7MG_2.5K_06242026.DAT
2.54717,0.592143,0.000128862,2.5005,Moment (emu),7.70,YZGO_BperpC_7.7MG_2.5K_06242026.DAT
2.55349,0.593387,0.000145993,2.5006,Moment (emu),7.70,YZGO_BperpC_7.7MG_2.5K_06242026.DAT
2.56121,0.594723,0.000126606,2.5006,Moment (emu),7.70,YZGO_BperpC_7.7MG_2.5K_06242026.DAT
2.56718,0.596198,0.000134274,2.5005,Moment (emu),7.70,YZGO_BperpC_7.7MG_2.5K_06242026.DAT
2.57419,0.597398,0.000155362,2.5005,Moment (emu),7.70,YZGO_BperpC_7.7MG_2.5K_06242026.DAT
2.58153,0.598908,0.000133176,2.5004,Moment (emu),7.70,YZGO_BperpC_7.7MG_2.5K_06242026.DAT
2.58993,0.600487,0.000158371,2.5001,Moment (emu),7.70,YZGO_BperpC_7.7MG_2.5K_06242026.DAT
2.5959,0.601867,0.000177883,2.5000,Moment (emu),7.70,YZGO_BperpC_7.7MG_2.5K_06242026.DAT
2.60257,0.603271,0.000119402,2.5001,Moment (emu),7.70,YZGO_BperpC_7.7MG_2.5K_06242026.DAT
2.60994,0.604796,0.000130906,2.5002,Moment (emu),7.70,YZGO_BperpC_7.7MG_2.5K_06242026.DAT
2.61659,0.606377,0.000114628,2.5003,Moment (emu),7.70,YZGO_BperpC_7.7MG_2.5K_06242026.DAT
2.62393,0.60742,0.000148872,2.5004,Moment (emu),7.70,YZGO_BperpC_7.7MG_2.5K_06242026.DAT
2.63055,0.609104,0.000135801,2.5004,Moment (emu),7.70,YZGO_BperpC_7.7MG_2.5K_06242026.DAT
2.63826,0.610748,0.00012342,2.5004,Moment (emu),7.70,YZGO_BperpC_7.7MG_2.5K_06242026.DAT
2.64457,0.611723,0.000123259,2.5004,Moment (emu),7.70,YZGO_BperpC_7.7MG_2.5K_06242026.DAT
2.65124,0.613288,0.000134352,2.5005,Moment (emu),7.70,YZGO_BperpC_7.7MG_2.5K_06242026.DAT
2.65823,0.614409,0.000126969,2.5005,Moment (emu),7.70,YZGO_BperpC_7.7MG_2.5K_06242026.DAT
2.66521,0.615922,0.000161086,2.5005,Moment (emu),7.70,YZGO_BperpC_7.7MG_2.5K_06242026.DAT
2.67221,0.617401,0.000119616,2.5003,Moment (emu),7.70,YZGO_BperpC_7.7MG_2.5K_06242026.DAT
2.68065,0.618558,0.000105625,2.5004,Moment (emu),7.70,YZGO_BperpC_7.7MG_2.5K_06242026.DAT
2.68664,0.620265,0.00015176,2.5005,Moment (emu),7.70,YZGO_BperpC_7.7MG_2.5K_06242026.DAT
2.69365,0.621569,0.000177843,2.5005,Moment (emu),7.70,YZGO_BperpC_7.7MG_2.5K_06242026.DAT
2.70032,0.623163,0.000109452,2.5006,Moment (emu),7.70,YZGO_BperpC_7.7MG_2.5K_06242026.DAT
2.70874,0.62455,0.000148023,2.5006,Moment (emu),7.70,YZGO_BperpC_7.7MG_2.5K_06242026.DAT
2.71435,0.625992,0.000131928,2.5005,Moment (emu),7.70,YZGO_BperpC_7.7MG_2.5K_06242026.DAT
2.72137,0.62726,0.00012117,2.5005,Moment (emu),7.70,YZGO_BperpC_7.7MG_2.5K_06242026.DAT
2.72837,0.628599,0.000130642,2.5004,Moment (emu),7.70,YZGO_BperpC_7.7MG_2.5K_06242026.DAT
2.73536,0.630053,0.000103434,2.5003,Moment (emu),7.70,YZGO_BperpC_7.7MG_2.5K_06242026.DAT
2.74376,0.631531,0.000125743,2.5002,Moment (emu),7.70,YZGO_BperpC_7.7MG_2.5K_06242026.DAT
2.75078,0.633019,0.000150237,2.5002,Moment (emu),7.70,YZGO_BperpC_7.7MG_2.5K_06242026.DAT
2.75712,0.634601,0.000120709,2.5002,Moment (emu),7.70,YZGO_BperpC_7.7MG_2.5K_06242026.DAT
2.76342,0.63598,0.000153372,2.5004,Moment (emu),7.70,YZGO_BperpC_7.7MG_2.5K_06242026.DAT
2.77043,0.637245,0.000203589,2.5005,Moment (emu),7.70,YZGO_BperpC_7.7MG_2.5K_06242026.DAT
2.77745,0.638559,0.000159032,2.5006,Moment (emu),7.70,YZGO_BperpC_7.7MG_2.5K_06242026.DAT
2.78444,0.640132,0.00013054,2.5007,Moment (emu),7.70,YZGO_BperpC_7.7MG_2.5K_06242026.DAT
2.79143,0.641447,0.000154602,2.5007,Moment (emu),7.70,YZGO_BperpC_7.7MG_2.5K_06242026.DAT
2.7991,0.643147,0.000199008,2.5006,Moment (emu),7.70,YZGO_BperpC_7.7MG_2.5K_06242026.DAT
2.80539,0.644343,0.000164926,2.5006,Moment (emu),7.70,YZGO_BperpC_7.7MG_2.5K_06242026.DAT
2.81348,0.645872,0.000155459,2.5004,Moment (emu),7.70,YZGO_BperpC_7.7MG_2.5K_06242026.DAT
2.81945,0.647075,0.000119069,2.5004,Moment (emu),7.70,YZGO_BperpC_7.7MG_2.5K_06242026.DAT
2.82647,0.648415,0.000144157,2.5004,Moment (emu),7.70,YZGO_BperpC_7.7MG_2.5K_06242026.DAT
2.8335,0.650076,0.000165028,2.5004,Moment (emu),7.70,YZGO_BperpC_7.7MG_2.5K_06242026.DAT
2.8416,0.651287,0.00015974,2.5004,Moment (emu),7.70,YZGO_BperpC_7.7MG_2.5K_06242026.DAT
2.84862,0.653095,0.000145294,2.5004,Moment (emu),7.70,YZGO_BperpC_7.7MG_2.5K_06242026.DAT
2.85564,0.654378,0.000162137,2.5003,Moment (emu),7.70,YZGO_BperpC_7.7MG_2.5K_06242026.DAT
2.8616,0.655613,0.000126749,2.5001,Moment (emu),7.70,YZGO_BperpC_7.7MG_2.5K_06242026.DAT
2.8686,0.657233,0.000140913,2.5000,Moment (emu),7.70,YZGO_BperpC_7.7MG_2.5K_06242026.DAT
2.87666,0.658287,0.000135642,2.5000,Moment (emu),7.70,YZGO_BperpC_7.7MG_2.5K_06242026.DAT
2.88297,0.659753,0.000184299,2.5000,Moment (emu),7.70,YZGO_BperpC_7.7MG_2.5K_06242026.DAT
2.88964,0.661418,0.0001151,2.5000,Moment (emu),7.70,YZGO_BperpC_7.7MG_2.5K_06242026.DAT
2.89734,0.662712,0.000142626,2.5003,Moment (emu),7.70,YZGO_BperpC_7.7MG_2.5K_06242026.DAT
2.90362,0.664106,0.000163879,2.5004,Moment (emu),7.70,YZGO_BperpC_7.7MG_2.5K_06242026.DAT
2.91131,0.665422,0.000159275,2.5005,Moment (emu),7.70,YZGO_BperpC_7.7MG_2.5K_06242026.DAT
2.91762,0.66664,0.000154623,2.5006,Moment (emu),7.70,YZGO_BperpC_7.7MG_2.5K_06242026.DAT
2.9264,0.668314,0.000158799,2.5006,Moment (emu),7.70,YZGO_BperpC_7.7MG_2.5K_06242026.DAT
2.93201,0.669584,0.000135372,2.5005,Moment (emu),7.70,YZGO_BperpC_7.7MG_2.5K_06242026.DAT
2.93866,0.670816,0.000127314,2.5004,Moment (emu),7.70,YZGO_BperpC_7.7MG_2.5K_06242026.DAT
2.9464,0.672066,0.000108916,2.5003,Moment (emu),7.70,YZGO_BperpC_7.7MG_2.5K_06242026.DAT
2.95271,0.67356,0.000133688,2.5003,Moment (emu),7.70,YZGO_BperpC_7.7MG_2.5K_06242026.DAT
2.95972,0.675135,0.00016019,2.5004,Moment (emu),7.70,YZGO_BperpC_7.7MG_2.5K_06242026.DAT
2.96671,0.676087,0.000136176,2.5005,Moment (emu),7.70,YZGO_BperpC_7.7MG_2.5K_06242026.DAT
2.97477,0.677866,0.000187981,2.5006,Moment (emu),7.70,YZGO_BperpC_7.7MG_2.5K_06242026.DAT
2.98073,0.678896,0.000136018,2.5007,Moment (emu),7.70,YZGO_BperpC_7.7MG_2.5K_06242026.DAT
2.9881,0.680428,0.000162878,2.5006,Moment (emu),7.70,YZGO_BperpC_7.7MG_2.5K_06242026.DAT
2.99478,0.681808,0.000137526,2.5006,Moment (emu),7.70,YZGO_BperpC_7.7MG_2.5K_06242026.DAT
3.00252,0.683092,0.000113135,2.5005,Moment (emu),7.70,YZGO_BperpC_7.7MG_2.5K_06242026.DAT
3.00848,0.684829,0.000166962,2.5004,Moment (emu),7.70,YZGO_BperpC_7.7MG_2.5K_06242026.DAT
3.01618,0.685745,0.000137716,2.5003,Moment (emu),7.70,YZGO_BperpC_7.7MG_2.5K_06242026.DAT
3.02319,0.687148,0.000159558,2.5003,Moment (emu),7.70,YZGO_BperpC_7.7MG_2.5K_06242026.DAT
3.03055,0.688766,0.000181908,2.5003,Moment (emu),7.70,YZGO_BperpC_7.7MG_2.5K_06242026.DAT
3.03757,0.690072,0.000162487,2.5003,Moment (emu),7.70,YZGO_BperpC_7.7MG_2.5K_06242026.DAT
3.04388,0.691696,0.000164554,2.5003,Moment (emu),7.70,YZGO_BperpC_7.7MG_2.5K_06242026.DAT
3.05158,0.692435,0.00014577,2.5003,Moment (emu),7.70,YZGO_BperpC_7.7MG_2.5K_06242026.DAT
3.05789,0.693806,0.000115126,2.5002,Moment (emu),7.70,YZGO_BperpC_7.7MG_2.5K_06242026.DAT
3.06526,0.69556,0.000148799,2.5002,Moment (emu),7.70,YZGO_BperpC_7.7MG_2.5K_06242026.DAT
3.07228,0.696881,0.000129138,2.5002,Moment (emu),7.70,YZGO_BperpC_7.7MG_2.5K_06242026.DAT
3.07999,0.698308,0.000172011,2.5002,Moment (emu),7.70,YZGO_BperpC_7.7MG_2.5K_06242026.DAT
3.08594,0.699399,0.000119228,2.5003,Moment (emu),7.70,YZGO_BperpC_7.7MG_2.5K_06242026.DAT
3.094,0.700847,0.000142301,2.5003,Moment (emu),7.70,YZGO_BperpC_7.7MG_2.5K_06242026.DAT
3.09996,0.70251,0.000141993,2.5003,Moment (emu),7.70,YZGO_BperpC_7.7MG_2.5K_06242026.DAT
3.10733,0.703724,0.000163283,2.5003,Moment (emu),7.70,YZGO_BperpC_7.7MG_2.5K_06242026.DAT
3.114,0.705086,0.000148588,2.5004,Moment (emu),7.70,YZGO_BperpC_7.7MG_2.5K_06242026.DAT
3.12171,0.706558,0.000148216,2.5004,Moment (emu),7.70,YZGO_BperpC_7.7MG_2.5K_06242026.DAT
3.12799,0.707724,0.000137067,2.5004,Moment (emu),7.70,YZGO_BperpC_7.7MG_2.5K_06242026.DAT
3.13464,0.708889,0.000144095,2.5004,Moment (emu),7.70,YZGO_BperpC_7.7MG_2.5K_06242026.DAT
3.14201,0.710557,0.000130625,2.5004,Moment (emu),7.70,YZGO_BperpC_7.7MG_2.5K_06242026.DAT
3.14972,0.711616,0.000142299,2.5003,Moment (emu),7.70,YZGO_BperpC_7.7MG_2.5K_06242026.DAT
3.15567,0.713272,0.000144424,2.5002,Moment (emu),7.70,YZGO_BperpC_7.7MG_2.5K_06242026.DAT
3.16302,0.714676,0.000184861,2.5002,Moment (emu),7.70,YZGO_BperpC_7.7MG_2.5K_06242026.DAT
3.17001,0.715982,0.000150244,2.5003,Moment (emu),7.70,YZGO_BperpC_7.7MG_2.5K_06242026.DAT
3.17737,0.717245,0.000170304,2.5003,Moment (emu),7.70,YZGO_BperpC_7.7MG_2.5K_06242026.DAT
3.18403,0.718561,0.000182715,2.5004,Moment (emu),7.70,YZGO_BperpC_7.7MG_2.5K_06242026.DAT
3.19172,0.719974,0.000138118,2.5005,Moment (emu),7.70,YZGO_BperpC_7.7MG_2.5K_06242026.DAT
3.19839,0.721425,0.00019696,2.5005,Moment (emu),7.70,YZGO_BperpC_7.7MG_2.5K_06242026.DAT
3.20612,0.722405,0.000175374,2.5005,Moment (emu),7.70,YZGO_BperpC_7.7MG_2.5K_06242026.DAT
3.21281,0.723691,0.000117329,2.5006,Moment (emu),7.70,YZGO_BperpC_7.7MG_2.5K_06242026.DAT
3.21912,0.724972,0.0001776,2.5006,Moment (emu),7.70,YZGO_BperpC_7.7MG_2.5K_06242026.DAT
3.22647,0.726718,0.000158074,2.5005,Moment (emu),7.70,YZGO_BperpC_7.7MG_2.5K_06242026.DAT
3.23278,0.728265,0.000173117,2.5003,Moment (emu),7.70,YZGO_BperpC_7.7MG_2.5K_06242026.DAT
3.23979,0.729498,0.000133897,2.5003,Moment (emu),7.70,YZGO_BperpC_7.7MG_2.5K_06242026.DAT
3.24679,0.730823,0.000141193,2.5003,Moment (emu),7.70,YZGO_BperpC_7.7MG_2.5K_06242026.DAT
3.25448,0.732502,0.000145019,2.5003,Moment (emu),7.70,YZGO_BperpC_7.7MG_2.5K_06242026.DAT
3.26079,0.733482,0.000146385,2.5002,Moment (emu),7.70,YZGO_BperpC_7.7MG_2.5K_06242026.DAT
3.26888,0.734543,0.000149702,2.5002,Moment (emu),7.70,YZGO_BperpC_7.7MG_2.5K_06242026.DAT
3.27627,0.736033,0.000163043,2.5003,Moment (emu),7.70,YZGO_BperpC_7.7MG_2.5K_06242026.DAT
3.28259,0.737687,0.000168712,2.5002,Moment (emu),7.70,YZGO_BperpC_7.7MG_2.5K_06242026.DAT
3.28925,0.738529,0.000121645,2.5002,Moment (emu),7.70,YZGO_BperpC_7.7MG_2.5K_06242026.DAT
3.2966,0.740307,0.000165075,2.5003,Moment (emu),7.70,YZGO_BperpC_7.7MG_2.5K_06242026.DAT
3.30326,0.741573,0.000130709,2.5003,Moment (emu),7.70,YZGO_BperpC_7.7MG_2.5K_06242026.DAT
3.31062,0.743415,0.000162801,2.5005,Moment (emu),7.70,YZGO_BperpC_7.7MG_2.5K_06242026.DAT
3.31659,0.744314,0.000139594,2.5005,Moment (emu),7.70,YZGO_BperpC_7.7MG_2.5K_06242026.DAT
3.3236,0.745375,0.000131187,2.5005,Moment (emu),7.70,YZGO_BperpC_7.7MG_2.5K_06242026.DAT
3.33096,0.746445,0.00013569,2.5005,Moment (emu),7.70,YZGO_BperpC_7.7MG_2.5K_06242026.DAT
3.33899,0.748222,0.000182666,2.5003,Moment (emu),7.70,YZGO_BperpC_7.7MG_2.5K_06242026.DAT
3.34495,0.749512,0.000139382,2.5003,Moment (emu),7.70,YZGO_BperpC_7.7MG_2.5K_06242026.DAT
3.35229,0.751062,0.000166268,2.5004,Moment (emu),7.70,YZGO_BperpC_7.7MG_2.5K_06242026.DAT
3.35895,0.752375,0.000153727,2.5004,Moment (emu),7.70,YZGO_BperpC_7.7MG_2.5K_06242026.DAT
3.36666,0.753649,0.000140536,2.5004,Moment (emu),7.70,YZGO_BperpC_7.7MG_2.5K_06242026.DAT
3.37334,0.75491,0.000163419,2.5003,Moment (emu),7.70,YZGO_BperpC_7.7MG_2.5K_06242026.DAT
3.37966,0.756175,0.000127683,2.5003,Moment (emu),7.70,YZGO_BperpC_7.7MG_2.5K_06242026.DAT
3.38703,0.757491,0.000149527,2.5004,Moment (emu),7.70,YZGO_BperpC_7.7MG_2.5K_06242026.DAT
3.39544,0.758991,0.000201661,2.5003,Moment (emu),7.70,YZGO_BperpC_7.7MG_2.5K_06242026.DAT
3.40245,0.760173,0.000137254,2.5002,Moment (emu),7.70,YZGO_BperpC_7.7MG_2.5K_06242026.DAT
3.40987,0.761609,0.000155231,2.5001,Moment (emu),7.70,YZGO_BperpC_7.7MG_2.5K_06242026.DAT
3.41585,0.762951,0.000138507,2.5001,Moment (emu),7.70,YZGO_BperpC_7.7MG_2.5K_06242026.DAT
3.42182,0.764232,0.000178584,2.5002,Moment (emu),7.70,YZGO_BperpC_7.7MG_2.5K_06242026.DAT
3.42987,0.76567,0.000148623,2.5002,Moment (emu),7.70,YZGO_BperpC_7.7MG_2.5K_06242026.DAT
3.4365,0.766712,0.000152092,2.5003,Moment (emu),7.70,YZGO_BperpC_7.7MG_2.5K_06242026.DAT
3.4449,0.768118,0.00014388,2.5004,Moment (emu),7.70,YZGO_BperpC_7.7MG_2.5K_06242026.DAT
3.45052,0.769567,0.000177624,2.5003,Moment (emu),7.70,YZGO_BperpC_7.7MG_2.5K_06242026.DAT
3.45753,0.770806,0.000193484,2.5003,Moment (emu),7.70,YZGO_BperpC_7.7MG_2.5K_06242026.DAT
3.46489,0.77182,0.000162506,2.5006,Moment (emu),7.70,YZGO_BperpC_7.7MG_2.5K_06242026.DAT
3.47153,0.773478,0.000159425,2.5006,Moment (emu),7.70,YZGO_BperpC_7.7MG_2.5K_06242026.DAT
3.47883,0.774729,0.000152731,2.5006,Moment (emu),7.70,YZGO_BperpC_7.7MG_2.5K_06242026.DAT
3.48515,0.775836,0.000153204,2.5005,Moment (emu),7.70,YZGO_BperpC_7.7MG_2.5K_06242026.DAT
3.49289,0.777254,0.000152368,2.5003,Moment (emu),7.70,YZGO_BperpC_7.7MG_2.5K_06242026.DAT
3.49992,0.778724,0.000164622,2.5002,Moment (emu),7.70,YZGO_BperpC_7.7MG_2.5K_06242026.DAT
3.50658,0.779935,0.000169572,2.5001,Moment (emu),7.70,YZGO_BperpC_7.7MG_2.5K_06242026.DAT
3.51427,0.781435,0.000167285,2.5000,Moment (emu),7.70,YZGO_BperpC_7.7MG_2.5K_06242026.DAT
3.52023,0.782813,0.000126555,2.5000,Moment (emu),7.70,YZGO_BperpC_7.7MG_2.5K_06242026.DAT
3.52726,0.783873,0.00012484,2.5001,Moment (emu),7.70,YZGO_BperpC_7.7MG_2.5K_06242026.DAT
3.53497,0.785454,0.000181789,2.5004,Moment (emu),7.70,YZGO_BperpC_7.7MG_2.5K_06242026.DAT
3.54196,0.787016,0.000169402,2.5005,Moment (emu),7.70,YZGO_BperpC_7.7MG_2.5K_06242026.DAT
3.54898,0.787837,0.000169043,2.5006,Moment (emu),7.70,YZGO_BperpC_7.7MG_2.5K_06242026.DAT
3.55602,0.789282,0.000168223,2.5006,Moment (emu),7.70,YZGO_BperpC_7.7MG_2.5K_06242026.DAT
3.56268,0.790498,0.000149467,2.5006,Moment (emu),7.70,YZGO_BperpC_7.7MG_2.5K_06242026.DAT
3.5704,0.791673,0.000171021,2.5005,Moment (emu),7.70,YZGO_BperpC_7.7MG_2.5K_06242026.DAT
3.57601,0.793082,0.000137783,2.5004,Moment (emu),7.70,YZGO_BperpC_7.7MG_2.5K_06242026.DAT
3.58441,0.794401,0.000164496,2.5003,Moment (emu),7.70,YZGO_BperpC_7.7MG_2.5K_06242026.DAT
3.59,0.795817,0.000159292,2.5001,Moment (emu),7.70,YZGO_BperpC_7.7MG_2.5K_06242026.DAT
3.59804,0.796905,0.000176247,2.5002,Moment (emu),7.70,YZGO_BperpC_7.7MG_2.5K_06242026.DAT
3.604,0.798468,0.000185089,2.5002,Moment (emu),7.70,YZGO_BperpC_7.7MG_2.5K_06242026.DAT
3.61242,0.799396,0.000136759,2.5002,Moment (emu),7.70,YZGO_BperpC_7.7MG_2.5K_06242026.DAT
3.61871,0.800442,0.000135205,2.5004,Moment (emu),7.70,YZGO_BperpC_7.7MG_2.5K_06242026.DAT
3.62673,0.801764,0.0001475,2.5004,Moment (emu),7.70,YZGO_BperpC_7.7MG_2.5K_06242026.DAT
3.63373,0.803713,0.000201047,2.5003,Moment (emu),7.70,YZGO_BperpC_7.7MG_2.5K_06242026.DAT
3.63969,0.804464,0.000174261,2.5003,Moment (emu),7.70,YZGO_BperpC_7.7MG_2.5K_06242026.DAT
3.64673,0.80584,0.000194115,2.5002,Moment (emu),7.70,YZGO_BperpC_7.7MG_2.5K_06242026.DAT
3.65305,0.807134,0.000145433,2.5002,Moment (emu),7.70,YZGO_BperpC_7.7MG_2.5K_06242026.DAT
3.66004,0.808571,0.000204976,2.5002,Moment (emu),7.70,YZGO_BperpC_7.7MG_2.5K_06242026.DAT
3.66739,0.80973,0.000151846,2.5003,Moment (emu),7.70,YZGO_BperpC_7.7MG_2.5K_06242026.DAT
3.67546,0.81107,0.000143836,2.5003,Moment (emu),7.70,YZGO_BperpC_7.7MG_2.5K_06242026.DAT
3.68107,0.812549,0.000148466,2.5006,Moment (emu),7.70,YZGO_BperpC_7.7MG_2.5K_06242026.DAT
3.68949,0.813721,0.000155847,2.5006,Moment (emu),7.70,YZGO_BperpC_7.7MG_2.5K_06242026.DAT
3.69511,0.814845,0.000156259,2.5005,Moment (emu),7.70,YZGO_BperpC_7.7MG_2.5K_06242026.DAT
3.70212,0.816408,0.00018058,2.5004,Moment (emu),7.70,YZGO_BperpC_7.7MG_2.5K_06242026.DAT
3.70983,0.817362,0.000192442,2.5001,Moment (emu),7.70,YZGO_BperpC_7.7MG_2.5K_06242026.DAT
3.71615,0.818991,0.000167343,2.5000,Moment (emu),7.70,YZGO_BperpC_7.7MG_2.5K_06242026.DAT
3.72388,0.820341,0.000222961,2.4999,Moment (emu),7.70,YZGO_BperpC_7.7MG_2.5K_06242026.DAT
3.73019,0.821509,0.000170077,2.4999,Moment (emu),7.70,YZGO_BperpC_7.7MG_2.5K_06242026.DAT
3.73721,0.822837,0.000162899,2.4999,Moment (emu),7.70,YZGO_BperpC_7.7MG_2.5K_06242026.DAT
3.74563,0.824365,0.000148373,2.5002,Moment (emu),7.70,YZGO_BperpC_7.7MG_2.5K_06242026.DAT
3.75229,0.825702,0.000175164,2.5003,Moment (emu),7.70,YZGO_BperpC_7.7MG_2.5K_06242026.DAT
3.75823,0.8265,0.000166605,2.5004,Moment (emu),7.70,YZGO_BperpC_7.7MG_2.5K_06242026.DAT
3.76591,0.828352,0.000185152,2.5005,Moment (emu),7.70,YZGO_BperpC_7.7MG_2.5K_06242026.DAT
3.77257,0.829491,0.000189418,2.5005,Moment (emu),7.70,YZGO_BperpC_7.7MG_2.5K_06242026.DAT
3.78064,0.830557,0.000190268,2.5005,Moment (emu),7.70,YZGO_BperpC_7.7MG_2.5K_06242026.DAT
3.78697,0.831893,0.000230052,2.5005,Moment (emu),7.70,YZGO_BperpC_7.7MG_2.5K_06242026.DAT
3.79466,0.833084,0.000187059,2.5005,Moment (emu),7.70,YZGO_BperpC_7.7MG_2.5K_06242026.DAT
3.80096,0.834199,0.000168221,2.5004,Moment (emu),7.70,YZGO_BperpC_7.7MG_2.5K_06242026.DAT
3.8087,0.835646,0.000154329,2.5003,Moment (emu),7.70,YZGO_BperpC_7.7MG_2.5K_06242026.DAT
3.81503,0.83686,0.000219111,2.5004,Moment (emu),7.70,YZGO_BperpC_7.7MG_2.5K_06242026.DAT
3.82133,0.837985,0.000155933,2.5004,Moment (emu),7.70,YZGO_BperpC_7.7MG_2.5K_06242026.DAT
3.82868,0.839196,0.000131307,2.5003,Moment (emu),7.70,YZGO_BperpC_7.7MG_2.5K_06242026.DAT
3.83604,0.840192,0.000144055,2.5002,Moment (emu),7.70,YZGO_BperpC_7.7MG_2.5K_06242026.DAT
3.84305,0.841882,0.000151301,2.5002,Moment (emu),7.70,YZGO_BperpC_7.7MG_2.5K_06242026.DAT
3.84971,0.843076,0.00016912,2.5001,Moment (emu),7.70,YZGO_BperpC_7.7MG_2.5K_06242026.DAT
3.85673,0.844467,0.000173022,2.5000,Moment (emu),7.70,YZGO_BperpC_7.7MG_2.5K_06242026.DAT
3.86373,0.845676,0.000160537,2.5000,Moment (emu),7.70,YZGO_BperpC_7.7MG_2.5K_06242026.DAT
3.87144,0.846909,0.000177926,2.5002,Moment (emu),7.70,YZGO_BperpC_7.7MG_2.5K_06242026.DAT
3.87775,0.847874,0.000163452,2.5004,Moment (emu),7.70,YZGO_BperpC_7.7MG_2.5K_06242026.DAT
3.88441,0.849617,0.000185101,2.5005,Moment (emu),7.70,YZGO_BperpC_7.7MG_2.5K_06242026.DAT
3.89177,0.850475,0.000139632,2.5006,Moment (emu),7.70,YZGO_BperpC_7.7MG_2.5K_06242026.DAT
3.89846,0.851598,0.00015164,2.5006,Moment (emu),7.70,YZGO_BperpC_7.7MG_2.5K_06242026.DAT
3.90617,0.853004,0.000163966,2.5006,Moment (emu),7.70,YZGO_BperpC_7.7MG_2.5K_06242026.DAT
3.91249,0.854737,0.00023812,2.5005,Moment (emu),7.70,YZGO_BperpC_7.7MG_2.5K_06242026.DAT
3.92021,0.856047,0.000162019,2.5004,Moment (emu),7.70,YZGO_BperpC_7.7MG_2.5K_06242026.DAT
3.92617,0.857136,0.000194188,2.5003,Moment (emu),7.70,YZGO_BperpC_7.7MG_2.5K_06242026.DAT
3.93422,0.858273,0.000192047,2.5003,Moment (emu),7.70,YZGO_BperpC_7.7MG_2.5K_06242026.DAT
3.94053,0.86003,0.000190751,2.5002,Moment (emu),7.70,YZGO_BperpC_7.7MG_2.5K_06242026.DAT
3.94857,0.860905,0.000161657,2.5002,Moment (emu),7.70,YZGO_BperpC_7.7MG_2.5K_06242026.DAT
3.9545,0.862151,0.000168675,2.5002,Moment (emu),7.70,YZGO_BperpC_7.7MG_2.5K_06242026.DAT
3.96291,0.863392,0.000176334,2.5001,Moment (emu),7.70,YZGO_BperpC_7.7MG_2.5K_06242026.DAT
3.96858,0.86473,0.000200056,2.5000,Moment (emu),7.70,YZGO_BperpC_7.7MG_2.5K_06242026.DAT
3.97567,0.866074,0.000157875,2.5000,Moment (emu),7.70,YZGO_BperpC_7.7MG_2.5K_06242026.DAT
3.98234,0.867073,0.000173313,2.5000,Moment (emu),7.70,YZGO_BperpC_7.7MG_2.5K_06242026.DAT
3.99041,0.868238,0.000172349,2.5001,Moment (emu),7.70,YZGO_BperpC_7.7MG_2.5K_06242026.DAT
3.99707,0.869514,0.000155849,2.5001,Moment (emu),7.70,YZGO_BperpC_7.7MG_2.5K_06242026.DAT
4.00372,0.871235,0.000203732,2.5002,Moment (emu),7.70,YZGO_BperpC_7.7MG_2.5K_06242026.DAT
4.01037,0.871934,0.000179231,2.5002,Moment (emu),7.70,YZGO_BperpC_7.7MG_2.5K_06242026.DAT
4.01738,0.873107,0.000129498,2.5003,Moment (emu),7.70,YZGO_BperpC_7.7MG_2.5K_06242026.DAT
4.02475,0.874497,0.000184727,2.5004,Moment (emu),7.70,YZGO_BperpC_7.7MG_2.5K_06242026.DAT
4.03176,0.876038,0.00018737,2.5004,Moment (emu),7.70,YZGO_BperpC_7.7MG_2.5K_06242026.DAT
4.03947,0.877357,0.000205036,2.5003,Moment (emu),7.70,YZGO_BperpC_7.7MG_2.5K_06242026.DAT
4.04577,0.878592,0.000192573,2.5004,Moment (emu),7.70,YZGO_BperpC_7.7MG_2.5K_06242026.DAT
4.05314,0.879323,0.000162943,2.5004,Moment (emu),7.70,YZGO_BperpC_7.7MG_2.5K_06242026.DAT
4.05978,0.880661,0.000192,2.5004,Moment (emu),7.70,YZGO_BperpC_7.7MG_2.5K_06242026.DAT
4.06748,0.882087,0.000255597,2.5004,Moment (emu),7.70,YZGO_BperpC_7.7MG_2.5K_06242026.DAT
4.0738,0.883979,0.0002068,2.5004,Moment (emu),7.70,YZGO_BperpC_7.7MG_2.5K_06242026.DAT
4.08117,0.88452,0.000160732,2.5004,Moment (emu),7.70,YZGO_BperpC_7.7MG_2.5K_06242026.DAT
4.08818,0.885739,0.000194262,2.5004,Moment (emu),7.70,YZGO_BperpC_7.7MG_2.5K_06242026.DAT
4.09447,0.887305,0.000213968,2.5004,Moment (emu),7.70,YZGO_BperpC_7.7MG_2.5K_06242026.DAT
4.10148,0.888149,0.00021363,2.5003,Moment (emu),7.70,YZGO_BperpC_7.7MG_2.5K_06242026.DAT
4.10955,0.889761,0.000229722,2.5001,Moment (emu),7.70,YZGO_BperpC_7.7MG_2.5K_06242026.DAT
4.11656,0.890874,0.000166185,2.5001,Moment (emu),7.70,YZGO_BperpC_7.7MG_2.5K_06242026.DAT
4.12287,0.892118,0.000191484,2.5001,Moment (emu),7.70,YZGO_BperpC_7.7MG_2.5K_06242026.DAT
4.13024,0.893463,0.000190021,2.5001,Moment (emu),7.70,YZGO_BperpC_7.7MG_2.5K_06242026.DAT
4.1369,0.894576,0.000234166,2.5001,Moment (emu),7.70,YZGO_BperpC_7.7MG_2.5K_06242026.DAT
4.14391,0.895929,0.000174496,2.5002,Moment (emu),7.70,YZGO_BperpC_7.7MG_2.5K_06242026.DAT
4.15231,0.896954,0.000221435,2.5003,Moment (emu),7.70,YZGO_BperpC_7.7MG_2.5K_06242026.DAT
4.15827,0.898105,0.000172526,2.5003,Moment (emu),7.70,YZGO_BperpC_7.7MG_2.5K_06242026.DAT
4.16494,0.899421,0.000155492,2.5004,Moment (emu),7.70,YZGO_BperpC_7.7MG_2.5K_06242026.DAT
4.17265,0.900461,0.00018819,2.5004,Moment (emu),7.70,YZGO_BperpC_7.7MG_2.5K_06242026.DAT
4.17896,0.901981,0.000166733,2.5004,Moment (emu),7.70,YZGO_BperpC_7.7MG_2.5K_06242026.DAT
4.18669,0.903463,0.000226967,2.5003,Moment (emu),7.70,YZGO_BperpC_7.7MG_2.5K_06242026.DAT
4.19337,0.904413,0.000193603,2.5002,Moment (emu),7.70,YZGO_BperpC_7.7MG_2.5K_06242026.DAT
4.20074,0.905726,0.000171061,2.5002,Moment (emu),7.70,YZGO_BperpC_7.7MG_2.5K_06242026.DAT
4.20705,0.907106,0.000189622,2.5002,Moment (emu),7.70,YZGO_BperpC_7.7MG_2.5K_06242026.DAT
4.21406,0.908121,0.000187378,2.5002,Moment (emu),7.70,YZGO_BperpC_7.7MG_2.5K_06242026.DAT
4.22071,0.909363,0.000182121,2.5002,Moment (emu),7.70,YZGO_BperpC_7.7MG_2.5K_06242026.DAT
4.22771,0.910602,0.000249638,2.5002,Moment (emu),7.70,YZGO_BperpC_7.7MG_2.5K_06242026.DAT
4.23544,0.911608,0.00020801,2.5002,Moment (emu),7.70,YZGO_BperpC_7.7MG_2.5K_06242026.DAT
4.24244,0.912992,0.000196152,2.5003,Moment (emu),7.70,YZGO_BperpC_7.7MG_2.5K_06242026.DAT
4.24947,0.91416,0.000170331,2.5004,Moment (emu),7.70,YZGO_BperpC_7.7MG_2.5K_06242026.DAT
4.25613,0.915085,0.000188099,2.5003,Moment (emu),7.70,YZGO_BperpC_7.7MG_2.5K_06242026.DAT
4.26349,0.916548,0.000195501,2.5002,Moment (emu),7.70,YZGO_BperpC_7.7MG_2.5K_06242026.DAT
4.26979,0.917894,0.000163929,2.5003,Moment (emu),7.70,YZGO_BperpC_7.7MG_2.5K_06242026.DAT
4.27715,0.919172,0.000219329,2.5003,Moment (emu),7.70,YZGO_BperpC_7.7MG_2.5K_06242026.DAT
4.28523,0.920163,0.000179249,2.5003,Moment (emu),7.70,YZGO_BperpC_7.7MG_2.5K_06242026.DAT
4.29188,0.921515,0.000199743,2.5002,Moment (emu),7.70,YZGO_BperpC_7.7MG_2.5K_06242026.DAT
4.29782,0.922683,0.00020747,2.5002,Moment (emu),7.70,YZGO_BperpC_7.7MG_2.5K_06242026.DAT
4.3048,0.923845,0.000209003,2.5003,Moment (emu),7.70,YZGO_BperpC_7.7MG_2.5K_06242026.DAT
4.31216,0.924975,0.000195638,2.5003,Moment (emu),7.70,YZGO_BperpC_7.7MG_2.5K_06242026.DAT
4.31988,0.926332,0.000155879,2.5003,Moment (emu),7.70,YZGO_BperpC_7.7MG_2.5K_06242026.DAT
4.32583,0.927361,0.000198856,2.5003,Moment (emu),7.70,YZGO_BperpC_7.7MG_2.5K_06242026.DAT
4.33249,0.929,0.00020968,2.5002,Moment (emu),7.70,YZGO_BperpC_7.7MG_2.5K_06242026.DAT
4.33985,0.930279,0.000238437,2.5002,Moment (emu),7.70,YZGO_BperpC_7.7MG_2.5K_06242026.DAT
4.34757,0.931073,0.000167266,2.5004,Moment (emu),7.70,YZGO_BperpC_7.7MG_2.5K_06242026.DAT
4.35387,0.932204,0.0001647,2.5004,Moment (emu),7.70,YZGO_BperpC_7.7MG_2.5K_06242026.DAT
4.36158,0.933406,0.000182822,2.5002,Moment (emu),7.70,YZGO_BperpC_7.7MG_2.5K_06242026.DAT
4.36754,0.93509,0.00020519,2.5001,Moment (emu),7.70,YZGO_BperpC_7.7MG_2.5K_06242026.DAT
4.3749,0.935618,0.00023082,2.5001,Moment (emu),7.70,YZGO_BperpC_7.7MG_2.5K_06242026.DAT
4.38157,0.937133,0.000217424,2.5002,Moment (emu),7.70,YZGO_BperpC_7.7MG_2.5K_06242026.DAT
4.38997,0.938312,0.000208663,2.5003,Moment (emu),7.70,YZGO_BperpC_7.7MG_2.5K_06242026.DAT
4.39591,0.939691,0.000201021,2.5003,Moment (emu),7.70,YZGO_BperpC_7.7MG_2.5K_06242026.DAT
4.4033,0.941447,0.000237868,2.5003,Moment (emu),7.70,YZGO_BperpC_7.7MG_2.5K_06242026.DAT
4.41138,0.942373,0.000228808,2.5002,Moment (emu),7.70,YZGO_BperpC_7.7MG_2.5K_06242026.DAT
4.41908,0.942902,0.000204699,2.5002,Moment (emu),7.70,YZGO_BperpC_7.7MG_2.5K_06242026.DAT
4.42467,0.94457,0.00021492,2.5001,Moment (emu),7.70,YZGO_BperpC_7.7MG_2.5K_06242026.DAT
4.43097,0.945969,0.000189095,2.5001,Moment (emu),7.70,YZGO_BperpC_7.7MG_2.5K_06242026.DAT
4.43867,0.946994,0.00017597,2.5001,Moment (emu),7.70,YZGO_BperpC_7.7MG_2.5K_06242026.DAT
4.445,0.948033,0.000184264,2.5002,Moment (emu),7.70,YZGO_BperpC_7.7MG_2.5K_06242026.DAT
4.45372,0.949185,0.000195862,2.5003,Moment (emu),7.70,YZGO_BperpC_7.7MG_2.5K_06242026.DAT
4.4593,0.950234,0.00015957,2.5002,Moment (emu),7.70,YZGO_BperpC_7.7MG_2.5K_06242026.DAT
4.46598,0.951589,0.000255784,2.5002,Moment (emu),7.70,YZGO_BperpC_7.7MG_2.5K_06242026.DAT
4.47336,0.953055,0.000238844,2.5003,Moment (emu),7.70,YZGO_BperpC_7.7MG_2.5K_06242026.DAT
4.48072,0.954199,0.000210327,2.5004,Moment (emu),7.70,YZGO_BperpC_7.7MG_2.5K_06242026.DAT
4.48739,0.955259,0.000193932,2.5004,Moment (emu),7.70,YZGO_BperpC_7.7MG_2.5K_06242026.DAT
4.49475,0.956233,0.000136253,2.5004,Moment (emu),7.70,YZGO_BperpC_7.7MG_2.5K_06242026.DAT
4.50176,0.957578,0.000197869,2.5003,Moment (emu),7.70,YZGO_BperpC_7.7MG_2.5K_06242026.DAT
4.50771,0.95883,0.000192585,2.5002,Moment (emu),7.70,YZGO_BperpC_7.7MG_2.5K_06242026.DAT
4.51577,0.960075,0.000167715,2.5001,Moment (emu),7.70,YZGO_BperpC_7.7MG_2.5K_06242026.DAT
4.52279,0.961448,0.000186494,2.5002,Moment (emu),7.70,YZGO_BperpC_7.7MG_2.5K_06242026.DAT
4.5305,0.962133,0.000166453,2.5002,Moment (emu),7.70,YZGO_BperpC_7.7MG_2.5K_06242026.DAT
4.53577,0.96301,0.000124092,2.5002,Moment (emu),7.70,YZGO_BperpC_7.7MG_2.5K_06242026.DAT
4.54278,0.964757,0.000201798,2.5002,Moment (emu),7.70,YZGO_BperpC_7.7MG_2.5K_06242026.DAT
4.55011,0.965844,0.000222089,2.5003,Moment (emu),7.70,YZGO_BperpC_7.7MG_2.5K_06242026.DAT
4.55817,0.967201,0.00019809,2.5004,Moment (emu),7.70,YZGO_BperpC_7.7MG_2.5K_06242026.DAT
4.56414,0.968486,0.00023829,2.5005,Moment (emu),7.70,YZGO_BperpC_7.7MG_2.5K_06242026.DAT
4.57184,0.969327,0.000216705,2.5004,Moment (emu),7.70,YZGO_BperpC_7.7MG_2.5K_06242026.DAT
4.57814,0.970863,0.000285827,2.5003,Moment (emu),7.70,YZGO_BperpC_7.7MG_2.5K_06242026.DAT
4.58515,0.972116,0.000207304,2.5003,Moment (emu),7.70,YZGO_BperpC_7.7MG_2.5K_06242026.DAT
4.59217,0.973478,0.000199951,2.5003,Moment (emu),7.70,YZGO_BperpC_7.7MG_2.5K_06242026.DAT
4.59884,0.974245,0.000206711,2.5003,Moment (emu),7.70,YZGO_BperpC_7.7MG_2.5K_06242026.DAT
4.60689,0.975269,0.000197681,2.5002,Moment (emu),7.70,YZGO_BperpC_7.7MG_2.5K_06242026.DAT
4.61284,0.976285,0.000178444,2.5000,Moment (emu),7.70,YZGO_BperpC_7.7MG_2.5K_06242026.DAT
4.62058,0.977656,0.000170823,2.4999,Moment (emu),7.70,YZGO_BperpC_7.7MG_2.5K_06242026.DAT
4.62691,0.978751,0.000293635,2.4999,Moment (emu),7.70,YZGO_BperpC_7.7MG_2.5K_06242026.DAT
4.63498,0.979717,0.000248958,2.5000,Moment (emu),7.70,YZGO_BperpC_7.7MG_2.5K_06242026.DAT
4.64129,0.981597,0.000200615,2.5002,Moment (emu),7.70,YZGO_BperpC_7.7MG_2.5K_06242026.DAT
4.64863,0.982414,0.000206926,2.5003,Moment (emu),7.70,YZGO_BperpC_7.7MG_2.5K_06242026.DAT
4.65494,0.98353,0.000218134,2.5003,Moment (emu),7.70,YZGO_BperpC_7.7MG_2.5K_06242026.DAT
4.6623,0.984749,0.0002315,2.5003,Moment (emu),7.70,YZGO_BperpC_7.7MG_2.5K_06242026.DAT
4.66896,0.986351,0.000249088,2.5002,Moment (emu),7.70,YZGO_BperpC_7.7MG_2.5K_06242026.DAT
4.67564,0.987048,0.000198103,2.5003,Moment (emu),7.70,YZGO_BperpC_7.7MG_2.5K_06242026.DAT
4.68301,0.988337,0.000211494,2.5004,Moment (emu),7.70,YZGO_BperpC_7.7MG_2.5K_06242026.DAT
4.69036,0.989884,0.000200754,2.5004,Moment (emu),7.70,YZGO_BperpC_7.7MG_2.5K_06242026.DAT
4.69704,0.990715,0.000183026,2.5003,Moment (emu),7.70,YZGO_BperpC_7.7MG_2.5K_06242026.DAT
4.70476,0.991786,0.000185836,2.5002,Moment (emu),7.70,YZGO_BperpC_7.7MG_2.5K_06242026.DAT
4.71106,0.992744,0.000182303,2.5001,Moment (emu),7.70,YZGO_BperpC_7.7MG_2.5K_06242026.DAT
4.71841,0.994623,0.000192763,2.5000,Moment (emu),7.70,YZGO_BperpC_7.7MG_2.5K_06242026.DAT
4.72507,0.995291,0.000213326,2.5000,Moment (emu),7.70,YZGO_BperpC_7.7MG_2.5K_06242026.DAT
4.73314,0.996864,0.000272764,2.5001,Moment (emu),7.70,YZGO_BperpC_7.7MG_2.5K_06242026.DAT
4.7391,0.997455,0.000173128,2.5003,Moment (emu),7.70,YZGO_BperpC_7.7MG_2.5K_06242026.DAT
4.7475,0.998836,0.00023686,2.5004,Moment (emu),7.70,YZGO_BperpC_7.7MG_2.5K_06242026.DAT
4.75412,1.0001,0.000207573,2.5004,Moment (emu),7.70,YZGO_BperpC_7.7MG_2.5K_06242026.DAT
4.76081,1.00154,0.000277798,2.5002,Moment (emu),7.70,YZGO_BperpC_7.7MG_2.5K_06242026.DAT
4.76784,1.00225,0.000189703,2.5001,Moment (emu),7.70,YZGO_BperpC_7.7MG_2.5K_06242026.DAT
4.77416,1.00341,0.000188783,2.5000,Moment (emu),7.70,YZGO_BperpC_7.7MG_2.5K_06242026.DAT
4.78187,1.00475,0.000230664,2.5000,Moment (emu),7.70,YZGO_BperpC_7.7MG_2.5K_06242026.DAT
4.78781,1.00588,0.000220842,2.5001,Moment (emu),7.70,YZGO_BperpC_7.7MG_2.5K_06242026.DAT
4.7948,1.0069,0.000175712,2.5002,Moment (emu),7.70,YZGO_BperpC_7.7MG_2.5K_06242026.DAT
4.80213,1.00802,0.000220543,2.5002,Moment (emu),7.70,YZGO_BperpC_7.7MG_2.5K_06242026.DAT
4.80983,1.0092,0.000254751,2.5003,Moment (emu),7.70,YZGO_BperpC_7.7MG_2.5K_06242026.DAT
4.81615,1.01067,0.000210394,2.5003,Moment (emu),7.70,YZGO_BperpC_7.7MG_2.5K_06242026.DAT
4.82424,1.01181,0.000191698,2.5003,Moment (emu),7.70,YZGO_BperpC_7.7MG_2.5K_06242026.DAT
4.83019,1.01288,0.00025565,2.5003,Moment (emu),7.70,YZGO_BperpC_7.7MG_2.5K_06242026.DAT
4.83858,1.01398,0.000217918,2.5004,Moment (emu),7.70,YZGO_BperpC_7.7MG_2.5K_06242026.DAT
4.84489,1.01518,0.000247618,2.5004,Moment (emu),7.70,YZGO_BperpC_7.7MG_2.5K_06242026.DAT
4.8519,1.01604,0.000210992,2.5004,Moment (emu),7.70,YZGO_BperpC_7.7MG_2.5K_06242026.DAT
4.85892,1.01724,0.000198626,2.5004,Moment (emu),7.70,YZGO_BperpC_7.7MG_2.5K_06242026.DAT
4.86595,1.01859,0.000197267,2.5004,Moment (emu),7.70,YZGO_BperpC_7.7MG_2.5K_06242026.DAT
4.87296,1.01955,0.000189104,2.5002,Moment (emu),7.70,YZGO_BperpC_7.7MG_2.5K_06242026.DAT
4.87927,1.02106,0.000211542,2.5001,Moment (emu),7.70,YZGO_BperpC_7.7MG_2.5K_06242026.DAT
4.88696,1.02227,0.00023461,2.5000,Moment (emu),7.70,YZGO_BperpC_7.7MG_2.5K_06242026.DAT
4.89363,1.02336,0.000254546,2.5000,Moment (emu),7.70,YZGO_BperpC_7.7MG_2.5K_06242026.DAT
4.9003,1.02413,0.000185571,2.4999,Moment (emu),7.70,YZGO_BperpC_7.7MG_2.5K_06242026.DAT
4.90801,1.02545,0.000190002,2.5000,Moment (emu),7.70,YZGO_BperpC_7.7MG_2.5K_06242026.DAT
4.91398,1.02615,0.000208939,2.5002,Moment (emu),7.70,YZGO_BperpC_7.7MG_2.5K_06242026.DAT
4.92204,1.02715,0.00019078,2.5002,Moment (emu),7.70,YZGO_BperpC_7.7MG_2.5K_06242026.DAT
4.92974,1.02937,0.000235236,2.5002,Moment (emu),7.70,YZGO_BperpC_7.7MG_2.5K_06242026.DAT
4.9357,1.02968,0.000174,2.5002,Moment (emu),7.70,YZGO_BperpC_7.7MG_2.5K_06242026.DAT
4.94201,1.03126,0.000234856,2.5002,Moment (emu),7.70,YZGO_BperpC_7.7MG_2.5K_06242026.DAT
4.94973,1.03223,0.000219133,2.5002,Moment (emu),7.70,YZGO_BperpC_7.7MG_2.5K_06242026.DAT
4.95637,1.03338,0.000188976,2.5002,Moment (emu),7.70,YZGO_BperpC_7.7MG_2.5K_06242026.DAT
4.96442,1.03467,0.000191987,2.5002,Moment (emu),7.70,YZGO_BperpC_7.7MG_2.5K_06242026.DAT
4.98441,1.03659,0.000241951,2.5002,Moment (emu),7.70,YZGO_BperpC_7.7MG_2.5K_06242026.DAT
4.98652,1.03809,0.00022477,2.5002,Moment (emu),7.70,YZGO_BperpC_7.7MG_2.5K_06242026.DAT
4.99107,1.03966,0.000242979,2.5002,Moment (emu),7.70,YZGO_BperpC_7.7MG_2.5K_06242026.DAT
4.99843,1.04053,0.000243808,2.5002,Moment (emu),7.70,YZGO_BperpC_7.7MG_2.5K_06242026.DAT
5.00545,1.04116,0.000218147,2.5001,Moment (emu),7.70,YZGO_BperpC_7.7MG_2.5K_06242026.DAT
5.01316,1.04257,0.000202966,2.5000,Moment (emu),7.70,YZGO_BperpC_7.7MG_2.5K_06242026.DAT
5.02086,1.04338,0.00024319,2.5000,Moment (emu),7.70,YZGO_BperpC_7.7MG_2.5K_06242026.DAT
5.02717,1.0446,0.000229917,2.5001,Moment (emu),7.70,YZGO_BperpC_7.7MG_2.5K_06242026.DAT
5.03348,1.0459,0.00025037,2.5002,Moment (emu),7.70,YZGO_BperpC_7.7MG_2.5K_06242026.DAT
5.04084,1.04691,0.000213595,2.5003,Moment (emu),7.70,YZGO_BperpC_7.7MG_2.5K_06242026.DAT
5.04784,1.04808,0.000239113,2.5004,Moment (emu),7.70,YZGO_BperpC_7.7MG_2.5K_06242026.DAT
5.05523,1.04931,0.000260575,2.5005,Moment (emu),7.70,YZGO_BperpC_7.7MG_2.5K_06242026.DAT
5.06154,1.05077,0.000288221,2.5005,Moment (emu),7.70,YZGO_BperpC_7.7MG_2.5K_06242026.DAT
5.06926,1.0517,0.000225211,2.5005,Moment (emu),7.70,YZGO_BperpC_7.7MG_2.5K_06242026.DAT
5.07591,1.05309,0.000250428,2.5003,Moment (emu),7.70,YZGO_BperpC_7.7MG_2.5K_06242026.DAT
5.08433,1.054,0.000225565,2.5002,Moment (emu),7.70,YZGO_BperpC_7.7MG_2.5K_06242026.DAT
5.0903,1.0551,0.000271256,2.5002,Moment (emu),7.70,YZGO_BperpC_7.7MG_2.5K_06242026.DAT
5.09661,1.05582,0.000203676,2.5002,Moment (emu),7.70,YZGO_BperpC_7.7MG_2.5K_06242026.DAT
5.10432,1.05749,0.000239044,2.5001,Moment (emu),7.70,YZGO_BperpC_7.7MG_2.5K_06242026.DAT
5.11136,1.05849,0.000211546,2.4999,Moment (emu),7.70,YZGO_BperpC_7.7MG_2.5K_06242026.DAT
5.11802,1.05921,0.000294443,2.4999,Moment (emu),7.70,YZGO_BperpC_7.7MG_2.5K_06242026.DAT
5.12465,1.06016,0.000231997,2.4999,Moment (emu),7.70,YZGO_BperpC_7.7MG_2.5K_06242026.DAT
5.13199,1.06153,0.000242735,2.5000,Moment (emu),7.70,YZGO_BperpC_7.7MG_2.5K_06242026.DAT
5.13797,1.06235,0.000201839,2.5000,Moment (emu),7.70,YZGO_BperpC_7.7MG_2.5K_06242026.DAT
5.14535,1.06381,0.000281246,2.5001,Moment (emu),7.70,YZGO_BperpC_7.7MG_2.5K_06242026.DAT
5.1527,1.06456,0.000225346,2.5002,Moment (emu),7.70,YZGO_BperpC_7.7MG_2.5K_06242026.DAT
5.15971,1.06584,0.000255334,2.5003,Moment (emu),7.70,YZGO_BperpC_7.7MG_2.5K_06242026.DAT
5.16673,1.06658,0.000219439,2.5004,Moment (emu),7.70,YZGO_BperpC_7.7MG_2.5K_06242026.DAT
5.17409,1.06769,0.000263717,2.5004,Moment (emu),7.70,YZGO_BperpC_7.7MG_2.5K_06242026.DAT
5.18074,1.06912,0.000219675,2.5003,Moment (emu),7.70,YZGO_BperpC_7.7MG_2.5K_06242026.DAT
5.1881,1.07048,0.000182837,2.5002,Moment (emu),7.70,YZGO_BperpC_7.7MG_2.5K_06242026.DAT
5.19544,1.07119,0.000224046,2.5001,Moment (emu),7.70,YZGO_BperpC_7.7MG_2.5K_06242026.DAT
5.20314,1.07257,0.000245142,2.5000,Moment (emu),7.70,YZGO_BperpC_7.7MG_2.5K_06242026.DAT
5.20876,1.07376,0.000287385,2.5000,Moment (emu),7.70,YZGO_BperpC_7.7MG_2.5K_06242026.DAT
5.21508,1.07495,0.000240678,2.5001,Moment (emu),7.70,YZGO_BperpC_7.7MG_2.5K_06242026.DAT
5.22245,1.07607,0.000252165,2.5002,Moment (emu),7.70,YZGO_BperpC_7.7MG_2.5K_06242026.DAT
5.23087,1.0771,0.000222781,2.5002,Moment (emu),7.70,YZGO_BperpC_7.7MG_2.5K_06242026.DAT
5.23716,1.07815,0.000201939,2.5002,Moment (emu),7.70,YZGO_BperpC_7.7MG_2.5K_06242026.DAT
5.2431,1.07922,0.000207417,2.5002,Moment (emu),7.70,YZGO_BperpC_7.7MG_2.5K_06242026.DAT
5.25083,1.0804,0.000215939,2.5002,Moment (emu),7.70,YZGO_BperpC_7.7MG_2.5K_06242026.DAT
5.25748,1.08194,0.000294977,2.5001,Moment (emu),7.70,YZGO_BperpC_7.7MG_2.5K_06242026.DAT
5.26523,1.08254,0.000224711,2.5000,Moment (emu),7.70,YZGO_BperpC_7.7MG_2.5K_06242026.DAT
5.27154,1.08352,0.000226009,2.5001,Moment (emu),7.70,YZGO_BperpC_7.7MG_2.5K_06242026.DAT
5.27852,1.08474,0.000263194,2.5002,Moment (emu),7.70,YZGO_BperpC_7.7MG_2.5K_06242026.DAT
5.28517,1.08589,0.000261478,2.5003,Moment (emu),7.70,YZGO_BperpC_7.7MG_2.5K_06242026.DAT
5.29252,1.08706,0.000257476,2.5004,Moment (emu),7.70,YZGO_BperpC_7.7MG_2.5K_06242026.DAT
5.29916,1.08817,0.000264502,2.5005,Moment (emu),7.70,YZGO_BperpC_7.7MG_2.5K_06242026.DAT
5.30756,1.08948,0.000298817,2.5004,Moment (emu),7.70,YZGO_BperpC_7.7MG_2.5K_06242026.DAT
5.31562,1.09057,0.000226541,2.5003,Moment (emu),7.70,YZGO_BperpC_7.7MG_2.5K_06242026.DAT
5.32157,1.09143,0.000282561,2.5002,Moment (emu),7.70,YZGO_BperpC_7.7MG_2.5K_06242026.DAT
5.32754,1.09221,0.000205891,2.5000,Moment (emu),7.70,YZGO_BperpC_7.7MG_2.5K_06242026.DAT
5.33528,1.09366,0.000222963,2.4998,Moment (emu),7.70,YZGO_BperpC_7.7MG_2.5K_06242026.DAT
5.34196,1.0948,0.000219535,2.4998,Moment (emu),7.70,YZGO_BperpC_7.7MG_2.5K_06242026.DAT
5.34896,1.09574,0.000174045,2.4999,Moment (emu),7.70,YZGO_BperpC_7.7MG_2.5K_06242026.DAT
5.35562,1.09678,0.000180613,2.5000,Moment (emu),7.70,YZGO_BperpC_7.7MG_2.5K_06242026.DAT
5.36329,1.09787,0.000248421,2.5001,Moment (emu),7.70,YZGO_BperpC_7.7MG_2.5K_06242026.DAT
5.36924,1.09948,0.000295512,2.5002,Moment (emu),7.70,YZGO_BperpC_7.7MG_2.5K_06242026.DAT
5.37661,1.10034,0.000216582,2.5003,Moment (emu),7.70,YZGO_BperpC_7.7MG_2.5K_06242026.DAT
5.38329,1.10129,0.000219834,2.5005,Moment (emu),7.70,YZGO_BperpC_7.7MG_2.5K_06242026.DAT
5.39138,1.10204,0.00023491,2.5006,Moment (emu),7.70,YZGO_BperpC_7.7MG_2.5K_06242026.DAT
5.39768,1.10345,0.000238518,2.5005,Moment (emu),7.70,YZGO_BperpC_7.7MG_2.5K_06242026.DAT
5.40576,1.10446,0.000210876,2.5004,Moment (emu),7.70,YZGO_BperpC_7.7MG_2.5K_06242026.DAT
5.41137,1.10535,0.000224872,2.5003,Moment (emu),7.70,YZGO_BperpC_7.7MG_2.5K_06242026.DAT
5.42083,1.10662,0.000228315,2.5001,Moment (emu),7.70,YZGO_BperpC_7.7MG_2.5K_06242026.DAT
5.42714,1.10791,0.000232575,2.5000,Moment (emu),7.70,YZGO_BperpC_7.7MG_2.5K_06242026.DAT
5.43345,1.10898,0.000224707,2.4998,Moment (emu),7.70,YZGO_BperpC_7.7MG_2.5K_06242026.DAT
5.44011,1.1104,0.000299272,2.4999,Moment (emu),7.70,YZGO_BperpC_7.7MG_2.5K_06242026.DAT
5.44748,1.11107,0.000230017,2.4999,Moment (emu),7.70,YZGO_BperpC_7.7MG_2.5K_06242026.DAT
5.4545,1.11225,0.000255675,2.5002,Moment (emu),7.70,YZGO_BperpC_7.7MG_2.5K_06242026.DAT
5.46043,1.11278,0.000205538,2.5003,Moment (emu),7.70,YZGO_BperpC_7.7MG_2.5K_06242026.DAT
5.46744,1.11431,0.000242454,2.5003,Moment (emu),7.70,YZGO_BperpC_7.7MG_2.5K_06242026.DAT
5.47584,1.11578,0.000315814,2.5003,Moment (emu),7.70,YZGO_BperpC_7.7MG_2.5K_06242026.DAT
5.48249,1.1163,0.00022671,2.5004,Moment (emu),7.70,YZGO_BperpC_7.7MG_2.5K_06242026.DAT
5.4888,1.11757,0.000261095,2.5005,Moment (emu),7.70,YZGO_BperpC_7.7MG_2.5K_06242026.DAT
5.4965,1.11844,0.000214401,2.5004,Moment (emu),7.70,YZGO_BperpC_7.7MG_2.5K_06242026.DAT
5.50246,1.11973,0.000205218,2.5003,Moment (emu),7.70,YZGO_BperpC_7.7MG_2.5K_06242026.DAT
5.51017,1.12058,0.00025161,2.5001,Moment (emu),7.70,YZGO_BperpC_7.7MG_2.5K_06242026.DAT
5.51754,1.12181,0.000247911,2.5001,Moment (emu),7.70,YZGO_BperpC_7.7MG_2.5K_06242026.DAT
5.52456,1.12274,0.000302246,2.5001,Moment (emu),7.70,YZGO_BperpC_7.7MG_2.5K_06242026.DAT
5.53159,1.12373,0.000210452,2.5001,Moment (emu),7.70,YZGO_BperpC_7.7MG_2.5K_06242026.DAT
5.53897,1.12527,0.000316666,2.5001,Moment (emu),7.70,YZGO_BperpC_7.7MG_2.5K_06242026.DAT
5.54494,1.12623,0.000247004,2.5001,Moment (emu),7.70,YZGO_BperpC_7.7MG_2.5K_06242026.DAT
5.55301,1.12701,0.000235239,2.5000,Moment (emu),7.70,YZGO_BperpC_7.7MG_2.5K_06242026.DAT
5.55932,1.12811,0.000238748,2.5000,Moment (emu),7.70,YZGO_BperpC_7.7MG_2.5K_06242026.DAT
5.56632,1.12913,0.000221774,2.4999,Moment (emu),7.70,YZGO_BperpC_7.7MG_2.5K_06242026.DAT
5.57332,1.13015,0.000221798,2.4999,Moment (emu),7.70,YZGO_BperpC_7.7MG_2.5K_06242026.DAT
5.57961,1.13127,0.000262228,2.5000,Moment (emu),7.70,YZGO_BperpC_7.7MG_2.5K_06242026.DAT
5.58766,1.13265,0.00028381,2.5001,Moment (emu),7.70,YZGO_BperpC_7.7MG_2.5K_06242026.DAT
5.59398,1.1333,0.000269586,2.5001,Moment (emu),7.70,YZGO_BperpC_7.7MG_2.5K_06242026.DAT
5.60063,1.13406,0.000224719,2.5002,Moment (emu),7.70,YZGO_BperpC_7.7MG_2.5K_06242026.DAT
5.60938,1.13589,0.000264092,2.5003,Moment (emu),7.70,YZGO_BperpC_7.7MG_2.5K_06242026.DAT
5.61464,1.1365,0.000228656,2.5004,Moment (emu),7.70,YZGO_BperpC_7.7MG_2.5K_06242026.DAT
5.62164,1.1373,0.00022218,2.5004,Moment (emu),7.70,YZGO_BperpC_7.7MG_2.5K_06242026.DAT
5.62933,1.13889,0.000271048,2.5003,Moment (emu),7.70,YZGO_BperpC_7.7MG_2.5K_06242026.DAT
5.63528,1.13947,0.000246326,2.5003,Moment (emu),7.70,YZGO_BperpC_7.7MG_2.5K_06242026.DAT
5.64369,1.14078,0.000243267,2.5003,Moment (emu),7.70,YZGO_BperpC_7.7MG_2.5K_06242026.DAT
5.65175,1.14189,0.000256407,2.5004,Moment (emu),7.70,YZGO_BperpC_7.7MG_2.5K_06242026.DAT
5.65772,1.14245,0.000225152,2.5003,Moment (emu),7.70,YZGO_BperpC_7.7MG_2.5K_06242026.DAT
5.66403,1.14376,0.0002645,2.5002,Moment (emu),7.70,YZGO_BperpC_7.7MG_2.5K_06242026.DAT
5.67248,1.14444,0.000243006,2.5001,Moment (emu),7.70,YZGO_BperpC_7.7MG_2.5K_06242026.DAT
5.67813,1.14542,0.000227959,2.5000,Moment (emu),7.70,YZGO_BperpC_7.7MG_2.5K_06242026.DAT
5.68481,1.14638,0.000241822,2.5001,Moment (emu),7.70,YZGO_BperpC_7.7MG_2.5K_06242026.DAT
5.69183,1.1477,0.00033477,2.5000,Moment (emu),7.70,YZGO_BperpC_7.7MG_2.5K_06242026.DAT
5.69989,1.14887,0.000250509,2.5000,Moment (emu),7.70,YZGO_BperpC_7.7MG_2.5K_06242026.DAT
5.70655,1.14989,0.000222915,2.5001,Moment (emu),7.70,YZGO_BperpC_7.7MG_2.5K_06242026.DAT
5.71425,1.15101,0.000250062,2.5002,Moment (emu),7.70,YZGO_BperpC_7.7MG_2.5K_06242026.DAT
5.72056,1.15189,0.000320757,2.5002,Moment (emu),7.70,YZGO_BperpC_7.7MG_2.5K_06242026.DAT
5.72721,1.15333,0.000251285,2.5002,Moment (emu),7.70,YZGO_BperpC_7.7MG_2.5K_06242026.DAT
5.73456,1.15404,0.000264195,2.5002,Moment (emu),7.70,YZGO_BperpC_7.7MG_2.5K_06242026.DAT
5.74086,1.15492,0.000200858,2.5001,Moment (emu),7.70,YZGO_BperpC_7.7MG_2.5K_06242026.DAT
5.74856,1.15625,0.000214529,2.5001,Moment (emu),7.70,YZGO_BperpC_7.7MG_2.5K_06242026.DAT
5.75628,1.15764,0.000238181,2.5001,Moment (emu),7.70,YZGO_BperpC_7.7MG_2.5K_06242026.DAT
5.76364,1.15867,0.000287646,2.5000,Moment (emu),7.70,YZGO_BperpC_7.7MG_2.5K_06242026.DAT
5.76995,1.15901,0.000176627,2.5001,Moment (emu),7.70,YZGO_BperpC_7.7MG_2.5K_06242026.DAT
5.7759,1.16022,0.000220677,2.5002,Moment (emu),7.70,YZGO_BperpC_7.7MG_2.5K_06242026.DAT
5.78255,1.16098,0.000212116,2.5001,Moment (emu),7.70,YZGO_BperpC_7.7MG_2.5K_06242026.DAT
5.78991,1.16232,0.000212755,2.5002,Moment (emu),7.70,YZGO_BperpC_7.7MG_2.5K_06242026.DAT
5.79763,1.16368,0.000286032,2.5003,Moment (emu),7.70,YZGO_BperpC_7.7MG_2.5K_06242026.DAT
5.80535,1.16462,0.000217453,2.5004,Moment (emu),7.70,YZGO_BperpC_7.7MG_2.5K_06242026.DAT
5.81166,1.16539,0.00020734,2.5004,Moment (emu),7.70,YZGO_BperpC_7.7MG_2.5K_06242026.DAT
5.81798,1.16661,0.000257658,2.5002,Moment (emu),7.70,YZGO_BperpC_7.7MG_2.5K_06242026.DAT
5.82534,1.16807,0.00027637,2.5001,Moment (emu),7.70,YZGO_BperpC_7.7MG_2.5K_06242026.DAT
5.832,1.16925,0.000300121,2.5001,Moment (emu),7.70,YZGO_BperpC_7.7MG_2.5K_06242026.DAT
5.83973,1.16944,0.000253511,2.5001,Moment (emu),7.70,YZGO_BperpC_7.7MG_2.5K_06242026.DAT
5.84604,1.17026,0.00024188,2.5000,Moment (emu),7.70,YZGO_BperpC_7.7MG_2.5K_06242026.DAT
5.85411,1.17139,0.000257219,2.5001,Moment (emu),7.70,YZGO_BperpC_7.7MG_2.5K_06242026.DAT
5.86008,1.17242,0.00031295,2.5002,Moment (emu),7.70,YZGO_BperpC_7.7MG_2.5K_06242026.DAT
5.8692,1.1734,0.000264041,2.5003,Moment (emu),7.70,YZGO_BperpC_7.7MG_2.5K_06242026.DAT
5.87479,1.17432,0.00025421,2.5002,Moment (emu),7.70,YZGO_BperpC_7.7MG_2.5K_06242026.DAT
5.88073,1.17566,0.000221403,2.5001,Moment (emu),7.70,YZGO_BperpC_7.7MG_2.5K_06242026.DAT
5.88808,1.17692,0.000231876,2.5001,Moment (emu),7.70,YZGO_BperpC_7.7MG_2.5K_06242026.DAT
5.89474,1.17779,0.000227501,2.5000,Moment (emu),7.70,YZGO_BperpC_7.7MG_2.5K_06242026.DAT
5.90213,1.17847,0.000264711,2.5001,Moment (emu),7.70,YZGO_BperpC_7.7MG_2.5K_06242026.DAT
5.91022,1.17983,0.000228807,2.5002,Moment (emu),7.70,YZGO_BperpC_7.7MG_2.5K_06242026.DAT
5.91616,1.18067,0.00022191,2.5001,Moment (emu),7.70,YZGO_BperpC_7.7MG_2.5K_06242026.DAT
5.92387,1.18204,0.000259594,2.5001,Moment (emu),7.70,YZGO_BperpC_7.7MG_2.5K_06242026.DAT
5.93017,1.18239,0.00024067,2.5002,Moment (emu),7.70,YZGO_BperpC_7.7MG_2.5K_06242026.DAT
5.93823,1.18386,0.000238312,2.5003,Moment (emu),7.70,YZGO_BperpC_7.7MG_2.5K_06242026.DAT
5.94455,1.18469,0.000281233,2.5001,Moment (emu),7.70,YZGO_BperpC_7.7MG_2.5K_06242026.DAT
5.95223,1.18607,0.0002346,2.5001,Moment (emu),7.70,YZGO_BperpC_7.7MG_2.5K_06242026.DAT
5.95784,1.18678,0.000290202,2.5001,Moment (emu),7.70,YZGO_BperpC_7.7MG_2.5K_06242026.DAT
5.96521,1.18758,0.000274081,2.5000,Moment (emu),7.70,YZGO_BperpC_7.7MG_2.5K_06242026.DAT
5.9729,1.18849,0.000225687,2.5001,Moment (emu),7.70,YZGO_BperpC_7.7MG_2.5K_06242026.DAT
5.98095,1.18945,0.00022145,2.5006,Moment (emu),7.70,YZGO_BperpC_7.7MG_2.5K_06242026.DAT
5.98693,1.19115,0.000338202,2.5023,Moment (emu),7.70,YZGO_BperpC_7.7MG_2.5K_06242026.DAT
5.99325,1.19127,0.000247235,2.5046,Moment (emu),7.70,YZGO_BperpC_7.7MG_2.5K_06242026.DAT
6.0013,1.19313,0.000364268,2.5059,Moment (emu),7.70,YZGO_BperpC_7.7MG_2.5K_06242026.DAT
6.00727,1.1936,0.000294202,2.5048,Moment (emu),7.70,YZGO_BperpC_7.7MG_2.5K_06242026.DAT
6.01428,1.19455,0.000199387,2.5022,Moment (emu),7.70,YZGO_BperpC_7.7MG_2.5K_06242026.DAT
6.02163,1.19612,0.000276278,2.4979,Moment (emu),7.70,YZGO_BperpC_7.7MG_2.5K_06242026.DAT
6.02826,1.19704,0.000235389,2.4964,Moment (emu),7.70,YZGO_BperpC_7.7MG_2.5K_06242026.DAT
6.03491,1.19842,0.000286554,2.4949,Moment (emu),7.70,YZGO_BperpC_7.7MG_2.5K_06242026.DAT
6.04192,1.19919,0.000280308,2.4949,Moment (emu),7.70,YZGO_BperpC_7.7MG_2.5K_06242026.DAT
6.04893,1.20041,0.000267182,2.4954,Moment (emu),7.70,YZGO_BperpC_7.7MG_2.5K_06242026.DAT
6.05595,1.20121,0.000246261,2.4963,Moment (emu),7.70,YZGO_BperpC_7.7MG_2.5K_06242026.DAT
6.0633,1.20199,0.000303549,2.4982,Moment (emu),7.70,YZGO_BperpC_7.7MG_2.5K_06242026.DAT
6.07136,1.2027,0.000281472,2.4996,Moment (emu),7.70,YZGO_BperpC_7.7MG_2.5K_06242026.DAT
6.07767,1.20368,0.000268006,2.5009,Moment (emu),7.70,YZGO_BperpC_7.7MG_2.5K_06242026.DAT
6.08399,1.20419,0.000295109,2.5015,Moment (emu),7.70,YZGO_BperpC_7.7MG_2.5K_06242026.DAT
6.0931,1.20602,0.000333463,2.5018,Moment (emu),7.70,YZGO_BperpC_7.7MG_2.5K_06242026.DAT
6.10011,1.20675,0.000257919,2.5017,Moment (emu),7.70,YZGO_BperpC_7.7MG_2.5K_06242026.DAT
6.10609,1.2085,0.000292183,2.5016,Moment (emu),7.70,YZGO_BperpC_7.7MG_2.5K_06242026.DAT
6.11204,1.20864,0.000283283,2.5014,Moment (emu),7.70,YZGO_BperpC_7.7MG_2.5K_06242026.DAT
6.12012,1.20989,0.000278982,2.5013,Moment (emu),7.70,YZGO_BperpC_7.7MG_2.5K_06242026.DAT
6.12607,1.21089,0.000250315,2.5010,Moment (emu),7.70,YZGO_BperpC_7.7MG_2.5K_06242026.DAT
6.13273,1.21241,0.000291788,2.5006,Moment (emu),7.70,YZGO_BperpC_7.7MG_2.5K_06242026.DAT
6.14043,1.21327,0.00028844,2.5003,Moment (emu),7.70,YZGO_BperpC_7.7MG_2.5K_06242026.DAT
6.14849,1.21387,0.000278431,2.5001,Moment (emu),7.70,YZGO_BperpC_7.7MG_2.5K_06242026.DAT
6.15411,1.21524,0.00026147,2.5001,Moment (emu),7.70,YZGO_BperpC_7.7MG_2.5K_06242026.DAT
6.16078,1.216,0.000257883,2.5000,Moment (emu),7.70,YZGO_BperpC_7.7MG_2.5K_06242026.DAT
6.16817,1.21753,0.000292116,2.5000,Moment (emu),7.70,YZGO_BperpC_7.7MG_2.5K_06242026.DAT
6.17482,1.21801,0.000299479,2.5001,Moment (emu),7.70,YZGO_BperpC_7.7MG_2.5K_06242026.DAT
6.18218,1.21885,0.000259014,2.5001,Moment (emu),7.70,YZGO_BperpC_7.7MG_2.5K_06242026.DAT
6.19026,1.21993,0.00026109,2.5000,Moment (emu),7.70,YZGO_BperpC_7.7MG_2.5K_06242026.DAT
6.19622,1.2209,0.00027855,2.4999,Moment (emu),7.70,YZGO_BperpC_7.7MG_2.5K_06242026.DAT
6.20461,1.22183,0.000255951,2.4998,Moment (emu),7.70,YZGO_BperpC_7.7MG_2.5K_06242026.DAT
6.21158,1.22241,0.000286913,2.4997,Moment (emu),7.70,YZGO_BperpC_7.7MG_2.5K_06242026.DAT
6.21859,1.22487,0.000395214,2.4997,Moment (emu),7.70,YZGO_BperpC_7.7MG_2.5K_06242026.DAT
6.2242,1.2247,0.000259448,2.4998,Moment (emu),7.70,YZGO_BperpC_7.7MG_2.5K_06242026.DAT
6.23122,1.2257,0.00031333,2.5000,Moment (emu),7.70,YZGO_BperpC_7.7MG_2.5K_06242026.DAT
6.23794,1.22655,0.000312314,2.5002,Moment (emu),7.70,YZGO_BperpC_7.7MG_2.5K_06242026.DAT
6.24643,1.22715,0.000238393,2.5004,Moment (emu),7.70,YZGO_BperpC_7.7MG_2.5K_06242026.DAT
6.25311,1.22867,0.000342209,2.5004,Moment (emu),7.70,YZGO_BperpC_7.7MG_2.5K_06242026.DAT
6.26121,1.22897,0.000271424,2.5004,Moment (emu),7.70,YZGO_BperpC_7.7MG_2.5K_06242026.DAT
6.26751,1.23061,0.000264177,2.5004,Moment (emu),7.70,YZGO_BperpC_7.7MG_2.5K_06242026.DAT
6.27449,1.23116,0.000297189,2.5002,Moment (emu),7.70,YZGO_BperpC_7.7MG_2.5K_06242026.DAT
6.28113,1.23207,0.000270223,2.5001,Moment (emu),7.70,YZGO_BperpC_7.7MG_2.5K_06242026.DAT
6.2878,1.23313,0.000270868,2.5001,Moment (emu),7.70,YZGO_BperpC_7.7MG_2.5K_06242026.DAT
6.29482,1.23391,0.000248911,2.5002,Moment (emu),7.70,YZGO_BperpC_7.7MG_2.5K_06242026.DAT
6.30113,1.2349,0.000240899,2.5002,Moment (emu),7.70,YZGO_BperpC_7.7MG_2.5K_06242026.DAT
6.30849,1.23578,0.000251047,2.5001,Moment (emu),7.70,YZGO_BperpC_7.7MG_2.5K_06242026.DAT
6.3169,1.23677,0.000237748,2.5000,Moment (emu),7.70,YZGO_BperpC_7.7MG_2.5K_06242026.DAT
6.32321,1.23811,0.000288468,2.4999,Moment (emu),7.70,YZGO_BperpC_7.7MG_2.5K_06242026.DAT
6.32953,1.23819,0.000297705,2.4998,Moment (emu),7.70,YZGO_BperpC_7.7MG_2.5K_06242026.DAT
6.33795,1.23952,0.000280612,2.5000,Moment (emu),7.70,YZGO_BperpC_7.7MG_2.5K_06242026.DAT
6.34355,1.24133,0.0003378,2.5002,Moment (emu),7.70,YZGO_BperpC_7.7MG_2.5K_06242026.DAT
6.35127,1.24185,0.000332582,2.5005,Moment (emu),7.70,YZGO_BperpC_7.7MG_2.5K_06242026.DAT
6.35826,1.2419,0.000245118,2.5004,Moment (emu),7.70,YZGO_BperpC_7.7MG_2.5K_06242026.DAT
6.36423,1.24345,0.000242879,2.4989,Moment (emu),7.70,YZGO_BperpC_7.7MG_2.5K_06242026.DAT
6.37267,1.24454,0.00028772,2.4969,Moment (emu),7.70,YZGO_BperpC_7.7MG_2.5K_06242026.DAT
6.37969,1.24575,0.000282173,2.4964,Moment (emu),7.70,YZGO_BperpC_7.7MG_2.5K_06242026.DAT
6.3867,1.24662,0.000310145,2.4972,Moment (emu),7.70,YZGO_BperpC_7.7MG_2.5K_06242026.DAT
6.39267,1.2474,0.000301791,2.4983,Moment (emu),7.70,YZGO_BperpC_7.7MG_2.5K_06242026.DAT
6.40071,1.24843,0.000293921,2.5005,Moment (emu),7.70,YZGO_BperpC_7.7MG_2.5K_06242026.DAT
6.407,1.24913,0.000292031,2.5021,Moment (emu),7.70,YZGO_BperpC_7.7MG_2.5K_06242026.DAT
6.41505,1.24952,0.000242573,2.5033,Moment (emu),7.70,YZGO_BperpC_7.7MG_2.5K_06242026.DAT
6.42101,1.25089,0.000257536,2.5037,Moment (emu),7.70,YZGO_BperpC_7.7MG_2.5K_06242026.DAT
6.43015,1.25152,0.000217534,2.5036,Moment (emu),7.70,YZGO_BperpC_7.7MG_2.5K_06242026.DAT
6.43578,1.25235,0.000243645,2.5032,Moment (emu),7.70,YZGO_BperpC_7.7MG_2.5K_06242026.DAT
6.44174,1.25365,0.000273613,2.5026,Moment (emu),7.70,YZGO_BperpC_7.7MG_2.5K_06242026.DAT
6.44942,1.25527,0.000345522,2.5019,Moment (emu),7.70,YZGO_BperpC_7.7MG_2.5K_06242026.DAT
6.45603,1.25502,0.000245146,2.5008,Moment (emu),7.70,YZGO_BperpC_7.7MG_2.5K_06242026.DAT
6.46371,1.25651,0.000284209,2.4997,Moment (emu),7.70,YZGO_BperpC_7.7MG_2.5K_06242026.DAT
6.46969,1.25745,0.00025958,2.4994,Moment (emu),7.70,YZGO_BperpC_7.7MG_2.5K_06242026.DAT
6.47743,1.25849,0.000307914,2.4990,Moment (emu),7.70,YZGO_BperpC_7.7MG_2.5K_06242026.DAT
6.48409,1.25954,0.000258254,2.4989,Moment (emu),7.70,YZGO_BperpC_7.7MG_2.5K_06242026.DAT
6.49144,1.26034,0.000229919,2.4990,Moment (emu),7.70,YZGO_BperpC_7.7MG_2.5K_06242026.DAT
6.49845,1.26152,0.000263753,2.4991,Moment (emu),7.70,YZGO_BperpC_7.7MG_2.5K_06242026.DAT
6.50578,1.26244,0.000320538,2.4993,Moment (emu),7.70,YZGO_BperpC_7.7MG_2.5K_06242026.DAT
6.51244,1.26318,0.000279617,2.4994,Moment (emu),7.70,YZGO_BperpC_7.7MG_2.5K_06242026.DAT
6.51876,1.26351,0.000258144,2.4997,Moment (emu),7.70,YZGO_BperpC_7.7MG_2.5K_06242026.DAT
6.5265,1.26492,0.000320687,2.4998,Moment (emu),7.70,YZGO_BperpC_7.7MG_2.5K_06242026.DAT
6.53248,1.26529,0.000203815,2.5000,Moment (emu),7.70,YZGO_BperpC_7.7MG_2.5K_06242026.DAT
6.54125,1.26639,0.000243704,2.5000,Moment (emu),7.70,YZGO_BperpC_7.7MG_2.5K_06242026.DAT
6.54861,1.26711,0.000196878,2.4999,Moment (emu),7.70,YZGO_BperpC_7.7MG_2.5K_06242026.DAT
6.55457,1.26851,0.000343392,2.4999,Moment (emu),7.70,YZGO_BperpC_7.7MG_2.5K_06242026.DAT
6.56049,1.27023,0.000332195,2.4999,Moment (emu),7.70,YZGO_BperpC_7.7MG_2.5K_06242026.DAT
6.56888,1.27016,0.000303634,2.5000,Moment (emu),7.70,YZGO_BperpC_7.7MG_2.5K_06242026.DAT
6.5752,1.27114,0.000300147,2.5001,Moment (emu),7.70,YZGO_BperpC_7.7MG_2.5K_06242026.DAT
6.58151,1.27215,0.000270638,2.5002,Moment (emu),7.70,YZGO_BperpC_7.7MG_2.5K_06242026.DAT
6.58887,1.27366,0.000254709,2.5002,Moment (emu),7.70,YZGO_BperpC_7.7MG_2.5K_06242026.DAT
6.59691,1.27374,0.00024068,2.5004,Moment (emu),7.70,YZGO_BperpC_7.7MG_2.5K_06242026.DAT
6.6032,1.27477,0.000275369,2.5003,Moment (emu),7.70,YZGO_BperpC_7.7MG_2.5K_06242026.DAT
6.61054,1.27556,0.000270352,2.5002,Moment (emu),7.70,YZGO_BperpC_7.7MG_2.5K_06242026.DAT
6.61685,1.27629,0.000318304,2.5000,Moment (emu),7.70,YZGO_BperpC_7.7MG_2.5K_06242026.DAT
6.62421,1.27728,0.000295487,2.4999,Moment (emu),7.70,YZGO_BperpC_7.7MG_2.5K_06242026.DAT
6.63226,1.27842,0.000283179,2.5001,Moment (emu),7.70,YZGO_BperpC_7.7MG_2.5K_06242026.DAT
6.63927,1.2797,0.000335483,2.5003,Moment (emu),7.70,YZGO_BperpC_7.7MG_2.5K_06242026.DAT
6.64524,1.28104,0.000300805,2.5003,Moment (emu),7.70,YZGO_BperpC_7.7MG_2.5K_06242026.DAT
6.65294,1.28095,0.000280366,2.5003,Moment (emu),7.70,YZGO_BperpC_7.7MG_2.5K_06242026.DAT
6.66032,1.28137,0.000275956,2.5003,Moment (emu),7.70,YZGO_BperpC_7.7MG_2.5K_06242026.DAT
6.66561,1.28295,0.000399302,2.5002,Moment (emu),7.70,YZGO_BperpC_7.7MG_2.5K_06242026.DAT
6.67229,1.28435,0.000293749,2.5001,Moment (emu),7.70,YZGO_BperpC_7.7MG_2.5K_06242026.DAT
6.68,1.2849,0.000357979,2.5000,Moment (emu),7.70,YZGO_BperpC_7.7MG_2.5K_06242026.DAT
6.68807,1.2855,0.000249913,2.5000,Moment (emu),7.70,YZGO_BperpC_7.7MG_2.5K_06242026.DAT
6.69401,1.28642,0.000299349,2.5000,Moment (emu),7.70,YZGO_BperpC_7.7MG_2.5K_06242026.DAT
6.70203,1.28678,0.00022756,2.5000,Moment (emu),7.70,YZGO_BperpC_7.7MG_2.5K_06242026.DAT
6.70799,1.2881,0.000318855,2.4998,Moment (emu),7.70,YZGO_BperpC_7.7MG_2.5K_06242026.DAT
6.71466,1.28876,0.000248854,2.4999,Moment (emu),7.70,YZGO_BperpC_7.7MG_2.5K_06242026.DAT
6.7224,1.28968,0.00032298,2.5000,Moment (emu),7.70,YZGO_BperpC_7.7MG_2.5K_06242026.DAT
6.73013,1.29069,0.000307812,2.5002,Moment (emu),7.70,YZGO_BperpC_7.7MG_2.5K_06242026.DAT
6.73641,1.29172,0.000301913,2.5006,Moment (emu),7.70,YZGO_BperpC_7.7MG_2.5K_06242026.DAT
6.74269,1.29183,0.000262205,2.5021,Moment (emu),7.70,YZGO_BperpC_7.7MG_2.5K_06242026.DAT
6.75076,1.29271,0.000226752,2.5037,Moment (emu),7.70,YZGO_BperpC_7.7MG_2.5K_06242026.DAT
6.75813,1.29394,0.000283396,2.5043,Moment (emu),7.70,YZGO_BperpC_7.7MG_2.5K_06242026.DAT
6.76622,1.29452,0.000282468,2.5028,Moment (emu),7.70,YZGO_BperpC_7.7MG_2.5K_06242026.DAT
6.77217,1.29529,0.000244473,2.5006,Moment (emu),7.70,YZGO_BperpC_7.7MG_2.5K_06242026.DAT
6.77918,1.29688,0.000274013,2.4992,Moment (emu),7.70,YZGO_BperpC_7.7MG_2.5K_06242026.DAT
6.78514,1.29861,0.00028272,2.4978,Moment (emu),7.70,YZGO_BperpC_7.7MG_2.5K_06242026.DAT
6.7925,1.29914,0.000266038,2.4968,Moment (emu),7.70,YZGO_BperpC_7.7MG_2.5K_06242026.DAT
6.79951,1.29981,0.000298018,2.4965,Moment (emu),7.70,YZGO_BperpC_7.7MG_2.5K_06242026.DAT
6.80617,1.30066,0.000294695,2.4966,Moment (emu),7.70,YZGO_BperpC_7.7MG_2.5K_06242026.DAT
6.81353,1.30111,0.000319395,2.4973,Moment (emu),7.70,YZGO_BperpC_7.7MG_2.5K_06242026.DAT
6.81985,1.3018,0.000255792,2.4980,Moment (emu),7.70,YZGO_BperpC_7.7MG_2.5K_06242026.DAT
6.82723,1.30333,0.000289026,2.4988,Moment (emu),7.70,YZGO_BperpC_7.7MG_2.5K_06242026.DAT
6.83495,1.30403,0.000273151,2.4996,Moment (emu),7.70,YZGO_BperpC_7.7MG_2.5K_06242026.DAT
6.84194,1.30423,0.000286544,2.5002,Moment (emu),7.70,YZGO_BperpC_7.7MG_2.5K_06242026.DAT
6.84755,1.30577,0.000275346,2.5007,Moment (emu),7.70,YZGO_BperpC_7.7MG_2.5K_06242026.DAT
6.85491,1.30602,0.000240846,2.5009,Moment (emu),7.70,YZGO_BperpC_7.7MG_2.5K_06242026.DAT
6.86157,1.30752,0.000338166,2.5010,Moment (emu),7.70,YZGO_BperpC_7.7MG_2.5K_06242026.DAT
6.86926,1.30784,0.000263897,2.5009,Moment (emu),7.70,YZGO_BperpC_7.7MG_2.5K_06242026.DAT
6.87698,1.30937,0.000288985,2.5009,Moment (emu),7.70,YZGO_BperpC_7.7MG_2.5K_06242026.DAT
6.88434,1.30942,0.000264369,2.5008,Moment (emu),7.70,YZGO_BperpC_7.7MG_2.5K_06242026.DAT
6.88993,1.3104,0.00032713,2.5007,Moment (emu),7.70,YZGO_BperpC_7.7MG_2.5K_06242026.DAT
6.89764,1.31145,0.000287057,2.5005,Moment (emu),7.70,YZGO_BperpC_7.7MG_2.5K_06242026.DAT
6.90396,1.31245,0.000262004,2.5005,Moment (emu),7.70,YZGO_BperpC_7.7MG_2.5K_06242026.DAT
6.91201,1.31334,0.000361854,2.5004,Moment (emu),7.70,YZGO_BperpC_7.7MG_2.5K_06242026.DAT
6.9176,1.314,0.000284674,2.5002,Moment (emu),7.70,YZGO_BperpC_7.7MG_2.5K_06242026.DAT
6.92462,1.3148,0.000347697,2.5001,Moment (emu),7.70,YZGO_BperpC_7.7MG_2.5K_06242026.DAT
6.93165,1.3161,0.000270599,2.5001,Moment (emu),7.70,YZGO_BperpC_7.7MG_2.5K_06242026.DAT
6.93904,1.31619,0.000280339,2.5000,Moment (emu),7.70,YZGO_BperpC_7.7MG_2.5K_06242026.DAT
6.94605,1.31707,0.000257006,2.5000,Moment (emu),7.70,YZGO_BperpC_7.7MG_2.5K_06242026.DAT
6.95302,1.31817,0.000285204,2.5001,Moment (emu),7.70,YZGO_BperpC_7.7MG_2.5K_06242026.DAT
6.96074,1.31871,0.000252935,2.5002,Moment (emu),7.70,YZGO_BperpC_7.7MG_2.5K_06242026.DAT
6.96706,1.31991,0.000254938,2.5002,Moment (emu),7.70,YZGO_BperpC_7.7MG_2.5K_06242026.DAT
6.97406,1.32065,0.000361661,2.5003,Moment (emu),7.70,YZGO_BperpC_7.7MG_2.5K_06242026.DAT
6.98072,1.32089,0.000315465,2.5002,Moment (emu),7.70,YZGO_BperpC_7.7MG_2.5K_06242026.DAT
6.98878,1.32187,0.000328587,2.5002,Moment (emu),7.70,YZGO_BperpC_7.7MG_2.5K_06242026.DAT
6.99683,1.32282,0.000296038,2.5001,Moment (emu),7.70,YZGO_BperpC_7.7MG_2.5K_06242026.DAT
7.00243,1.32384,0.000310616,2.5001,Moment (emu),7.70,YZGO_BperpC_7.7MG_2.5K_06242026.DAT
7.00874,1.32429,0.00022922,2.5001,Moment (emu),7.70,YZGO_BperpC_7.7MG_2.5K_06242026.DAT
7.01643,1.3254,0.000323828,2.5001,Moment (emu),7.70,YZGO_BperpC_7.7MG_2.5K_06242026.DAT
7.02308,1.32599,0.000281482,2.5002,Moment (emu),7.70,YZGO_BperpC_7.7MG_2.5K_06242026.DAT
7.03011,1.32729,0.000286353,2.5003,Moment (emu),7.70,YZGO_BperpC_7.7MG_2.5K_06242026.DAT
7.03677,1.32773,0.000263036,2.5003,Moment (emu),7.70,YZGO_BperpC_7.7MG_2.5K_06242026.DAT
7.04483,1.3286,0.000251111,2.5003,Moment (emu),7.70,YZGO_BperpC_7.7MG_2.5K_06242026.DAT
7.05078,1.32928,0.000281503,2.5004,Moment (emu),7.70,YZGO_BperpC_7.7MG_2.5K_06242026.DAT
7.05777,1.3307,0.000300237,2.5002,Moment (emu),7.70,YZGO_BperpC_7.7MG_2.5K_06242026.DAT
7.06514,1.33104,0.000302515,2.5000,Moment (emu),7.70,YZGO_BperpC_7.7MG_2.5K_06242026.DAT
7.07321,1.33207,0.000267357,2.4999,Moment (emu),7.70,YZGO_BperpC_7.7MG_2.5K_06242026.DAT
7.07883,1.33309,0.000304183,2.4998,Moment (emu),7.70,YZGO_BperpC_7.7MG_2.5K_06242026.DAT
7.08725,1.33377,0.000278373,2.4997,Moment (emu),7.70,YZGO_BperpC_7.7MG_2.5K_06242026.DAT
7.09286,1.33456,0.00032093,2.4998,Moment (emu),7.70,YZGO_BperpC_7.7MG_2.5K_06242026.DAT
7.10095,1.33507,0.000336095,2.4999,Moment (emu),7.70,YZGO_BperpC_7.7MG_2.5K_06242026.DAT
7.10799,1.33546,0.000290537,2.4999,Moment (emu),7.70,YZGO_BperpC_7.7MG_2.5K_06242026.DAT
7.11395,1.33647,0.000334772,2.4993,Moment (emu),7.70,YZGO_BperpC_7.7MG_2.5K_06242026.DAT
7.12061,1.33779,0.000319068,2.4975,Moment (emu),7.70,YZGO_BperpC_7.7MG_2.5K_06242026.DAT
7.12795,1.33839,0.000266187,2.4961,Moment (emu),7.70,YZGO_BperpC_7.7MG_2.5K_06242026.DAT
7.1346,1.3394,0.000249993,2.4966,Moment (emu),7.70,YZGO_BperpC_7.7MG_2.5K_06242026.DAT
7.142,1.34028,0.000350859,2.4980,Moment (emu),7.70,YZGO_BperpC_7.7MG_2.5K_06242026.DAT
7.149,1.34113,0.000303217,2.4997,Moment (emu),7.70,YZGO_BperpC_7.7MG_2.5K_06242026.DAT
7.15601,1.3416,0.000320623,2.5015,Moment (emu),7.70,YZGO_BperpC_7.7MG_2.5K_06242026.DAT
7.163,1.34174,0.000300417,2.5029,Moment (emu),7.70,YZGO_BperpC_7.7MG_2.5K_06242026.DAT
7.17106,1.34244,0.000265375,2.5038,Moment (emu),7.70,YZGO_BperpC_7.7MG_2.5K_06242026.DAT
7.17702,1.34322,0.000282964,2.5039,Moment (emu),7.70,YZGO_BperpC_7.7MG_2.5K_06242026.DAT
7.18369,1.34386,0.000301321,2.5036,Moment (emu),7.70,YZGO_BperpC_7.7MG_2.5K_06242026.DAT
7.1914,1.34466,0.000383007,2.5028,Moment (emu),7.70,YZGO_BperpC_7.7MG_2.5K_06242026.DAT
7.19911,1.3462,0.000272094,2.5016,Moment (emu),7.70,YZGO_BperpC_7.7MG_2.5K_06242026.DAT
7.20542,1.34668,0.000264741,2.5011,Moment (emu),7.70,YZGO_BperpC_7.7MG_2.5K_06242026.DAT
7.21419,1.34731,0.000247372,2.5002,Moment (emu),7.70,YZGO_BperpC_7.7MG_2.5K_06242026.DAT
7.2198,1.34864,0.000315892,2.4995,Moment (emu),7.70,YZGO_BperpC_7.7MG_2.5K_06242026.DAT
7.22576,1.34923,0.00030243,2.4993,Moment (emu),7.70,YZGO_BperpC_7.7MG_2.5K_06242026.DAT
7.23348,1.34999,0.000284211,2.4992,Moment (emu),7.70,YZGO_BperpC_7.7MG_2.5K_06242026.DAT
7.24084,1.35109,0.000298357,2.4991,Moment (emu),7.70,YZGO_BperpC_7.7MG_2.5K_06242026.DAT
7.24715,1.35174,0.000303089,2.4991,Moment (emu),7.70,YZGO_BperpC_7.7MG_2.5K_06242026.DAT
7.25382,1.35251,0.000332118,2.4992,Moment (emu),7.70,YZGO_BperpC_7.7MG_2.5K_06242026.DAT
7.26118,1.35316,0.000285673,2.4994,Moment (emu),7.70,YZGO_BperpC_7.7MG_2.5K_06242026.DAT
7.26887,1.35409,0.000345377,2.4996,Moment (emu),7.70,YZGO_BperpC_7.7MG_2.5K_06242026.DAT
7.27516,1.35492,0.000294601,2.4997,Moment (emu),7.70,YZGO_BperpC_7.7MG_2.5K_06242026.DAT
7.2832,1.35511,0.000223417,2.4997,Moment (emu),7.70,YZGO_BperpC_7.7MG_2.5K_06242026.DAT
7.28916,1.35636,0.000279892,2.4998,Moment (emu),7.70,YZGO_BperpC_7.7MG_2.5K_06242026.DAT
7.29688,1.35717,0.000324507,2.4999,Moment (emu),7.70,YZGO_BperpC_7.7MG_2.5K_06242026.DAT
7.30317,1.35809,0.000337633,2.5000,Moment (emu),7.70,YZGO_BperpC_7.7MG_2.5K_06242026.DAT
7.31017,1.35848,0.000295402,2.5001,Moment (emu),7.70,YZGO_BperpC_7.7MG_2.5K_06242026.DAT
7.31825,1.35937,0.000273516,2.5002,Moment (emu),7.70,YZGO_BperpC_7.7MG_2.5K_06242026.DAT
7.32491,1.3597,0.00031535,2.5003,Moment (emu),7.70,YZGO_BperpC_7.7MG_2.5K_06242026.DAT
7.33121,1.36073,0.000287724,2.5003,Moment (emu),7.70,YZGO_BperpC_7.7MG_2.5K_06242026.DAT
7.33923,1.36126,0.000275998,2.5004,Moment (emu),7.70,YZGO_BperpC_7.7MG_2.5K_06242026.DAT
7.34553,1.36244,0.000351037,2.5002,Moment (emu),7.70,YZGO_BperpC_7.7MG_2.5K_06242026.DAT
7.3522,1.3635,0.000352347,2.5000,Moment (emu),7.70,YZGO_BperpC_7.7MG_2.5K_06242026.DAT
7.35994,1.36376,0.000270037,2.4999,Moment (emu),7.70,YZGO_BperpC_7.7MG_2.5K_06242026.DAT
7.36662,1.36518,0.000299919,2.5001,Moment (emu),7.70,YZGO_BperpC_7.7MG_2.5K_06242026.DAT
7.37401,1.3653,0.000275014,2.5002,Moment (emu),7.70,YZGO_BperpC_7.7MG_2.5K_06242026.DAT
7.38035,1.36607,0.000286184,2.5001,Moment (emu),7.70,YZGO_BperpC_7.7MG_2.5K_06242026.DAT
7.38702,1.36675,0.000305988,2.5001,Moment (emu),7.70,YZGO_BperpC_7.7MG_2.5K_06242026.DAT
7.39544,1.36742,0.000312707,2.5001,Moment (emu),7.70,YZGO_BperpC_7.7MG_2.5K_06242026.DAT
7.4021,1.36828,0.000245986,2.5001,Moment (emu),7.70,YZGO_BperpC_7.7MG_2.5K_06242026.DAT
7.40803,1.36874,0.000292826,2.5001,Moment (emu),7.70,YZGO_BperpC_7.7MG_2.5K_06242026.DAT
7.4157,1.3687,0.000339182,2.5002,Moment (emu),7.70,YZGO_BperpC_7.7MG_2.5K_06242026.DAT
7.4227,1.37027,0.000310975,2.5001,Moment (emu),7.70,YZGO_BperpC_7.7MG_2.5K_06242026.DAT
7.43004,1.37111,0.000266315,2.5002,Moment (emu),7.70,YZGO_BperpC_7.7MG_2.5K_06242026.DAT
7.43739,1.37237,0.000258574,2.5001,Moment (emu),7.70,YZGO_BperpC_7.7MG_2.5K_06242026.DAT
7.44615,1.37271,0.000327822,2.5001,Moment (emu),7.70,YZGO_BperpC_7.7MG_2.5K_06242026.DAT
7.45035,1.3735,0.000305141,2.5002,Moment (emu),7.70,YZGO_BperpC_7.7MG_2.5K_06242026.DAT
7.45701,1.37452,0.000363864,2.5003,Moment (emu),7.70,YZGO_BperpC_7.7MG_2.5K_06242026.DAT
7.46439,1.37535,0.000272466,2.5003,Moment (emu),7.70,YZGO_BperpC_7.7MG_2.5K_06242026.DAT
7.47249,1.3756,0.000275663,2.5002,Moment (emu),7.70,YZGO_BperpC_7.7MG_2.5K_06242026.DAT
7.47879,1.37698,0.000278496,2.5000,Moment (emu),7.70,YZGO_BperpC_7.7MG_2.5K_06242026.DAT
7.48615,1.37716,0.000336284,2.4999,Moment (emu),7.70,YZGO_BperpC_7.7MG_2.5K_06242026.DAT
7.49281,1.37786,0.000328581,2.5012,Moment (emu),7.70,YZGO_BperpC_7.7MG_2.5K_06242026.DAT
7.49912,1.3784,0.000307055,2.5025,Moment (emu),7.70,YZGO_BperpC_7.7MG_2.5K_06242026.DAT
7.50613,1.37988,0.000335371,2.5035,Moment (emu),7.70,YZGO_BperpC_7.7MG_2.5K_06242026.DAT
7.51314,1.37959,0.00028898,2.5036,Moment (emu),7.70,YZGO_BperpC_7.7MG_2.5K_06242026.DAT
7.52086,1.38039,0.000279122,2.5017,Moment (emu),7.70,YZGO_BperpC_7.7MG_2.5K_06242026.DAT
7.52823,1.38146,0.000342616,2.5004,Moment (emu),7.70,YZGO_BperpC_7.7MG_2.5K_06242026.DAT
7.5349,1.38285,0.000306051,2.4981,Moment (emu),7.70,YZGO_BperpC_7.7MG_2.5K_06242026.DAT
7.54122,1.38327,0.000294635,2.4971,Moment (emu),7.70,YZGO_BperpC_7.7MG_2.5K_06242026.DAT
7.54926,1.38372,0.000275207,2.4964,Moment (emu),7.70,YZGO_BperpC_7.7MG_2.5K_06242026.DAT
7.55518,1.3846,0.000223825,2.4964,Moment (emu),7.70,YZGO_BperpC_7.7MG_2.5K_06242026.DAT
7.56324,1.38537,0.000309259,2.4970,Moment (emu),7.70,YZGO_BperpC_7.7MG_2.5K_06242026.DAT
7.56989,1.38673,0.000402822,2.4975,Moment (emu),7.70,YZGO_BperpC_7.7MG_2.5K_06242026.DAT
7.57621,1.38653,0.00033635,2.4984,Moment (emu),7.70,YZGO_BperpC_7.7MG_2.5K_06242026.DAT
7.58392,1.38711,0.000318884,2.4992,Moment (emu),7.70,YZGO_BperpC_7.7MG_2.5K_06242026.DAT
7.59022,1.38809,0.000301573,2.4997,Moment (emu),7.70,YZGO_BperpC_7.7MG_2.5K_06242026.DAT
7.59688,1.38872,0.000383513,2.5005,Moment (emu),7.70,YZGO_BperpC_7.7MG_2.5K_06242026.DAT
7.60427,1.38965,0.000286249,2.5009,Moment (emu),7.70,YZGO_BperpC_7.7MG_2.5K_06242026.DAT
7.6113,1.39027,0.000302479,2.5012,Moment (emu),7.70,YZGO_BperpC_7.7MG_2.5K_06242026.DAT
7.61937,1.3901,0.000304199,2.5013,Moment (emu),7.70,YZGO_BperpC_7.7MG_2.5K_06242026.DAT
7.62566,1.3912,0.000271041,2.5014,Moment (emu),7.70,YZGO_BperpC_7.7MG_2.5K_06242026.DAT
7.63232,1.39203,0.00035486,2.5012,Moment (emu),7.70,YZGO_BperpC_7.7MG_2.5K_06242026.DAT
7.64004,1.39331,0.00036939,2.5009,Moment (emu),7.70,YZGO_BperpC_7.7MG_2.5K_06242026.DAT
7.64741,1.39398,0.000357713,2.5006,Moment (emu),7.70,YZGO_BperpC_7.7MG_2.5K_06242026.DAT
7.65443,1.39418,0.000346967,2.5005,Moment (emu),7.70,YZGO_BperpC_7.7MG_2.5K_06242026.DAT
7.66179,1.39491,0.000282772,2.5002,Moment (emu),7.70,YZGO_BperpC_7.7MG_2.5K_06242026.DAT
7.6688,1.3955,0.000301424,2.5002,Moment (emu),7.70,YZGO_BperpC_7.7MG_2.5K_06242026.DAT
7.67443,1.39613,0.000408871,2.5001,Moment (emu),7.70,YZGO_BperpC_7.7MG_2.5K_06242026.DAT
7.68145,1.39614,0.000397645,2.5001,Moment (emu),7.70,YZGO_BperpC_7.7MG_2.5K_06242026.DAT
7.68844,1.39788,0.00031675,2.5001,Moment (emu),7.70,YZGO_BperpC_7.7MG_2.5K_06242026.DAT
7.69615,1.39837,0.000335151,2.5001,Moment (emu),7.70,YZGO_BperpC_7.7MG_2.5K_06242026.DAT
7.70245,1.39903,0.000288523,2.5001,Moment (emu),7.70,YZGO_BperpC_7.7MG_2.5K_06242026.DAT
7.71052,1.39975,0.00037143,2.5001,Moment (emu),7.70,YZGO_BperpC_7.7MG_2.5K_06242026.DAT
7.71718,1.40095,0.000340674,2.5001,Moment (emu),7.70,YZGO_BperpC_7.7MG_2.5K_06242026.DAT
7.72524,1.40026,0.00026697,2.5001,Moment (emu),7.70,YZGO_BperpC_7.7MG_2.5K_06242026.DAT
7.73118,1.40193,0.000294149,2.5000,Moment (emu),7.70,YZGO_BperpC_7.7MG_2.5K_06242026.DAT
7.73855,1.40193,0.000321021,2.4999,Moment (emu),7.70,YZGO_BperpC_7.7MG_2.5K_06242026.DAT
7.74558,1.40285,0.000289518,2.5000,Moment (emu),7.70,YZGO_BperpC_7.7MG_2.5K_06242026.DAT
7.75297,1.40301,0.000275385,2.5001,Moment (emu),7.70,YZGO_BperpC_7.7MG_2.5K_06242026.DAT
7.75927,1.40402,0.000295745,2.5001,Moment (emu),7.70,YZGO_BperpC_7.7MG_2.5K_06242026.DAT
7.76555,1.40488,0.000359998,2.5002,Moment (emu),7.70,YZGO_BperpC_7.7MG_2.5K_06242026.DAT
7.77218,1.40604,0.00037122,2.5002,Moment (emu),7.70,YZGO_BperpC_7.7MG_2.5K_06242026.DAT
7.77951,1.40617,0.000345651,2.5002,Moment (emu),7.70,YZGO_BperpC_7.7MG_2.5K_06242026.DAT
7.78757,1.40705,0.000313989,2.5002,Moment (emu),7.70,YZGO_BperpC_7.7MG_2.5K_06242026.DAT
7.79352,1.40815,0.00042253,2.5001,Moment (emu),7.70,YZGO_BperpC_7.7MG_2.5K_06242026.DAT
7.8016,1.40822,0.000337736,2.5000,Moment (emu),7.70,YZGO_BperpC_7.7MG_2.5K_06242026.DAT
7.80756,1.4089,0.000285893,2.5000,Moment (emu),7.70,YZGO_BperpC_7.7MG_2.5K_06242026.DAT
7.81598,1.40951,0.000303359,2.4999,Moment (emu),7.70,YZGO_BperpC_7.7MG_2.5K_06242026.DAT
7.82124,1.41053,0.000323392,2.4999,Moment (emu),7.70,YZGO_BperpC_7.7MG_2.5K_06242026.DAT
7.82894,1.41066,0.000246703,2.4998,Moment (emu),7.70,YZGO_BperpC_7.7MG_2.5K_06242026.DAT
7.8363,1.41156,0.000272816,2.4998,Moment (emu),7.70,YZGO_BperpC_7.7MG_2.5K_06242026.DAT
7.84261,1.41227,0.000287514,2.4999,Moment (emu),7.70,YZGO_BperpC_7.7MG_2.5K_06242026.DAT
7.84996,1.41274,0.000307181,2.5000,Moment (emu),7.70,YZGO_BperpC_7.7MG_2.5K_06242026.DAT
7.85663,1.41331,0.00036397,2.5001,Moment (emu),7.70,YZGO_BperpC_7.7MG_2.5K_06242026.DAT
7.86402,1.41363,0.000320645,2.5001,Moment (emu),7.70,YZGO_BperpC_7.7MG_2.5K_06242026.DAT
7.87104,1.4151,0.000253386,2.4983,Moment (emu),7.70,YZGO_BperpC_7.7MG_2.5K_06242026.DAT
7.87806,1.41564,0.00040807,2.4969,Moment (emu),7.70,YZGO_BperpC_7.7MG_2.5K_06242026.DAT
7.88437,1.41606,0.000275202,2.4964,Moment (emu),7.70,YZGO_BperpC_7.7MG_2.5K_06242026.DAT
7.89419,1.41721,0.00042309,2.4972,Moment (emu),7.70,YZGO_BperpC_7.7MG_2.5K_06242026.DAT
7.89875,1.41717,0.000308412,2.4985,Moment (emu),7.70,YZGO_BperpC_7.7MG_2.5K_06242026.DAT
7.90539,1.4177,0.000335782,2.5003,Moment (emu),7.70,YZGO_BperpC_7.7MG_2.5K_06242026.DAT
7.91274,1.41852,0.00030189,2.5020,Moment (emu),7.70,YZGO_BperpC_7.7MG_2.5K_06242026.DAT
7.9194,1.41878,0.000305279,2.5034,Moment (emu),7.70,YZGO_BperpC_7.7MG_2.5K_06242026.DAT
7.92678,1.41952,0.00031963,2.5039,Moment (emu),7.70,YZGO_BperpC_7.7MG_2.5K_06242026.DAT
7.93482,1.41978,0.000306617,2.5040,Moment (emu),7.70,YZGO_BperpC_7.7MG_2.5K_06242026.DAT
7.94079,1.42102,0.000328676,2.5031,Moment (emu),7.70,YZGO_BperpC_7.7MG_2.5K_06242026.DAT
7.94889,1.42192,0.000347656,2.5025,Moment (emu),7.70,YZGO_BperpC_7.7MG_2.5K_06242026.DAT
7.95555,1.42263,0.000339498,2.5011,Moment (emu),7.70,YZGO_BperpC_7.7MG_2.5K_06242026.DAT
7.96257,1.42286,0.000290568,2.5006,Moment (emu),7.70,YZGO_BperpC_7.7MG_2.5K_06242026.DAT
7.96924,1.42395,0.000334791,2.4999,Moment (emu),7.70,YZGO_BperpC_7.7MG_2.5K_06242026.DAT
7.97588,1.42416,0.000290835,2.4995,Moment (emu),7.70,YZGO_BperpC_7.7MG_2.5K_06242026.DAT
7.98359,1.42486,0.000309271,2.4991,Moment (emu),7.70,YZGO_BperpC_7.7MG_2.5K_06242026.DAT
7.98956,1.42519,0.000350539,2.4989,Moment (emu),7.70,YZGO_BperpC_7.7MG_2.5K_06242026.DAT
7.99762,1.42589,0.000272409,2.4989,Moment (emu),7.70,YZGO_BperpC_7.7MG_2.5K_06242026.DAT
8.00394,1.42695,0.000292571,2.4990,Moment (emu),7.70,YZGO_BperpC_7.7MG_2.5K_06242026.DAT
8.01165,1.42714,0.000350354,2.4993,Moment (emu),7.70,YZGO_BperpC_7.7MG_2.5K_06242026.DAT
8.0183,1.42712,0.000313811,2.4995,Moment (emu),7.70,YZGO_BperpC_7.7MG_2.5K_06242026.DAT
8.02565,1.4284,0.000313918,2.4995,Moment (emu),7.70,YZGO_BperpC_7.7MG_2.5K_06242026.DAT
8.03232,1.42915,0.000376592,2.4996,Moment (emu),7.70,YZGO_BperpC_7.7MG_2.5K_06242026.DAT
8.03828,1.4299,0.000308731,2.4998,Moment (emu),7.70,YZGO_BperpC_7.7MG_2.5K_06242026.DAT
8.04669,1.43065,0.000406665,2.5000,Moment (emu),7.70,YZGO_BperpC_7.7MG_2.5K_06242026.DAT
8.05407,1.43101,0.000387719,2.5001,Moment (emu),7.70,YZGO_BperpC_7.7MG_2.5K_06242026.DAT
8.06004,1.43119,0.000292948,2.5003,Moment (emu),7.70,YZGO_BperpC_7.7MG_2.5K_06242026.DAT
8.06705,1.43213,0.000356138,2.5004,Moment (emu),7.70,YZGO_BperpC_7.7MG_2.5K_06242026.DAT
8.07441,1.43226,0.000310614,2.5003,Moment (emu),7.70,YZGO_BperpC_7.7MG_2.5K_06242026.DAT
8.08072,1.43315,0.000315007,2.5002,Moment (emu),7.70,YZGO_BperpC_7.7MG_2.5K_06242026.DAT
8.0888,1.43391,0.000285687,2.5001,Moment (emu),7.70,YZGO_BperpC_7.7MG_2.5K_06242026.DAT
8.09546,1.43449,0.000417816,2.5001,Moment (emu),7.70,YZGO_BperpC_7.7MG_2.5K_06242026.DAT
8.10315,1.43478,0.000275492,2.5000,Moment (emu),7.70,YZGO_BperpC_7.7MG_2.5K_06242026.DAT
8.10911,1.43555,0.000283124,2.5000,Moment (emu),7.70,YZGO_BperpC_7.7MG_2.5K_06242026.DAT
8.11574,1.43602,0.00034149,2.5001,Moment (emu),7.70,YZGO_BperpC_7.7MG_2.5K_06242026.DAT
8.12274,1.43686,0.000361866,2.5001,Moment (emu),7.70,YZGO_BperpC_7.7MG_2.5K_06242026.DAT
8.1301,1.43743,0.00033026,2.5001,Moment (emu),7.70,YZGO_BperpC_7.7MG_2.5K_06242026.DAT
8.13747,1.43781,0.000346209,2.5001,Moment (emu),7.70,YZGO_BperpC_7.7MG_2.5K_06242026.DAT
8.14413,1.43872,0.000398712,2.5001,Moment (emu),7.70,YZGO_BperpC_7.7MG_2.5K_06242026.DAT
8.15148,1.43924,0.000352172,2.5001,Moment (emu),7.70,YZGO_BperpC_7.7MG_2.5K_06242026.DAT
8.15776,1.44021,0.000338969,2.5000,Moment (emu),7.70,YZGO_BperpC_7.7MG_2.5K_06242026.DAT
8.16581,1.44013,0.000310358,2.5001,Moment (emu),7.70,YZGO_BperpC_7.7MG_2.5K_06242026.DAT
8.17142,1.44114,0.000365561,2.5002,Moment (emu),7.70,YZGO_BperpC_7.7MG_2.5K_06242026.DAT
8.17879,1.44141,0.000320319,2.5003,Moment (emu),7.70,YZGO_BperpC_7.7MG_2.5K_06242026.DAT
8.18614,1.44207,0.000326309,2.5002,Moment (emu),7.70,YZGO_BperpC_7.7MG_2.5K_06242026.DAT
8.19385,1.44247,0.00030914,2.5001,Moment (emu),7.70,YZGO_BperpC_7.7MG_2.5K_06242026.DAT
8.20016,1.44345,0.000331043,2.5001,Moment (emu),7.70,YZGO_BperpC_7.7MG_2.5K_06242026.DAT
8.20718,1.44354,0.000298621,2.5000,Moment (emu),7.70,YZGO_BperpC_7.7MG_2.5K_06242026.DAT
8.21349,1.44467,0.000375988,2.4999,Moment (emu),7.70,YZGO_BperpC_7.7MG_2.5K_06242026.DAT
8.2212,1.44457,0.000306507,2.4999,Moment (emu),7.70,YZGO_BperpC_7.7MG_2.5K_06242026.DAT
8.22962,1.44481,0.000324141,2.4999,Moment (emu),7.70,YZGO_BperpC_7.7MG_2.5K_06242026.DAT
8.23593,1.4459,0.000301407,2.5000,Moment (emu),7.70,YZGO_BperpC_7.7MG_2.5K_06242026.DAT
8.24225,1.44619,0.000286142,2.5005,Moment (emu),7.70,YZGO_BperpC_7.7MG_2.5K_06242026.DAT
8.24856,1.4468,0.000366149,2.5021,Moment (emu),7.70,YZGO_BperpC_7.7MG_2.5K_06242026.DAT
8.25594,1.44753,0.000352779,2.5036,Moment (emu),7.70,YZGO_BperpC_7.7MG_2.5K_06242026.DAT
8.26433,1.44788,0.000263083,2.5039,Moment (emu),7.70,YZGO_BperpC_7.7MG_2.5K_06242026.DAT
8.27064,1.44802,0.000297016,2.5032,Moment (emu),7.70,YZGO_BperpC_7.7MG_2.5K_06242026.DAT
8.278,1.44915,0.000260329,2.5020,Moment (emu),7.70,YZGO_BperpC_7.7MG_2.5K_06242026.DAT
8.28466,1.45008,0.000342402,2.4994,Moment (emu),7.70,YZGO_BperpC_7.7MG_2.5K_06242026.DAT
8.29059,1.45055,0.000353559,2.4980,Moment (emu),7.70,YZGO_BperpC_7.7MG_2.5K_06242026.DAT
8.29793,1.45089,0.000321909,2.4970,Moment (emu),7.70,YZGO_BperpC_7.7MG_2.5K_06242026.DAT
8.30598,1.45214,0.000323723,2.4963,Moment (emu),7.70,YZGO_BperpC_7.7MG_2.5K_06242026.DAT
8.31231,1.45277,0.00031697,2.4965,Moment (emu),7.70,YZGO_BperpC_7.7MG_2.5K_06242026.DAT
8.319,1.45249,0.000329375,2.4970,Moment (emu),7.70,YZGO_BperpC_7.7MG_2.5K_06242026.DAT
8.32566,1.45338,0.000381094,2.4979,Moment (emu),7.70,YZGO_BperpC_7.7MG_2.5K_06242026.DAT
8.33266,1.45351,0.00028977,2.4987,Moment (emu),7.70,YZGO_BperpC_7.7MG_2.5K_06242026.DAT
8.34037,1.45416,0.00028648,2.4993,Moment (emu),7.70,YZGO_BperpC_7.7MG_2.5K_06242026.DAT
8.34844,1.45488,0.00039608,2.5003,Moment (emu),7.70,YZGO_BperpC_7.7MG_2.5K_06242026.DAT
8.35441,1.45572,0.000338304,2.5006,Moment (emu),7.70,YZGO_BperpC_7.7MG_2.5K_06242026.DAT
8.36072,1.45629,0.000290529,2.5008,Moment (emu),7.70,YZGO_BperpC_7.7MG_2.5K_06242026.DAT
8.36841,1.4568,0.000290357,2.5008,Moment (emu),7.70,YZGO_BperpC_7.7MG_2.5K_06242026.DAT
8.37472,1.45719,0.000325776,2.5009,Moment (emu),7.70,YZGO_BperpC_7.7MG_2.5K_06242026.DAT
8.38175,1.45801,0.000360776,2.5008,Moment (emu),7.70,YZGO_BperpC_7.7MG_2.5K_06242026.DAT
8.38982,1.45854,0.000285187,2.5006,Moment (emu),7.70,YZGO_BperpC_7.7MG_2.5K_06242026.DAT
8.39648,1.45885,0.000258843,2.5006,Moment (emu),7.70,YZGO_BperpC_7.7MG_2.5K_06242026.DAT
8.40277,1.45939,0.000306053,2.5006,Moment (emu),7.70,YZGO_BperpC_7.7MG_2.5K_06242026.DAT
8.4108,1.45978,0.000306686,2.5004,Moment (emu),7.70,YZGO_BperpC_7.7MG_2.5K_06242026.DAT
8.41643,1.46023,0.000341221,2.5004,Moment (emu),7.70,YZGO_BperpC_7.7MG_2.5K_06242026.DAT
8.42382,1.46108,0.000291294,2.5005,Moment (emu),7.70,YZGO_BperpC_7.7MG_2.5K_06242026.DAT
8.43118,1.46163,0.000318743,2.5005,Moment (emu),7.70,YZGO_BperpC_7.7MG_2.5K_06242026.DAT
8.43784,1.46197,0.000312975,2.5004,Moment (emu),7.70,YZGO_BperpC_7.7MG_2.5K_06242026.DAT
8.44484,1.46207,0.000260822,2.5003,Moment (emu),7.70,YZGO_BperpC_7.7MG_2.5K_06242026.DAT
8.45184,1.46265,0.000306499,2.5002,Moment (emu),7.70,YZGO_BperpC_7.7MG_2.5K_06242026.DAT
8.45886,1.46355,0.000344609,2.5000,Moment (emu),7.70,YZGO_BperpC_7.7MG_2.5K_06242026.DAT
8.46693,1.46431,0.000310722,2.4999,Moment (emu),7.70,YZGO_BperpC_7.7MG_2.5K_06242026.DAT
8.47287,1.46445,0.000270356,2.4999,Moment (emu),7.70,YZGO_BperpC_7.7MG_2.5K_06242026.DAT
8.47985,1.4647,0.000263186,2.4999,Moment (emu),7.70,YZGO_BperpC_7.7MG_2.5K_06242026.DAT
8.48685,1.46559,0.000234765,2.5000,Moment (emu),7.70,YZGO_BperpC_7.7MG_2.5K_06242026.DAT
8.49492,1.46615,0.000334885,2.5001,Moment (emu),7.70,YZGO_BperpC_7.7MG_2.5K_06242026.DAT
8.5009,1.46603,0.000255552,2.5000,Moment (emu),7.70,YZGO_BperpC_7.7MG_2.5K_06242026.DAT
8.50834,1.46719,0.000353521,2.4999,Moment (emu),7.70,YZGO_BperpC_7.7MG_2.5K_06242026.DAT
8.51506,1.46748,0.000356898,2.4999,Moment (emu),7.70,YZGO_BperpC_7.7MG_2.5K_06242026.DAT
8.52314,1.46796,0.000263029,2.4999,Moment (emu),7.70,YZGO_BperpC_7.7MG_2.5K_06242026.DAT
8.52911,1.46797,0.000246829,2.4999,Moment (emu),7.70,YZGO_BperpC_7.7MG_2.5K_06242026.DAT
8.53719,1.46911,0.000319962,2.4999,Moment (emu),7.70,YZGO_BperpC_7.7MG_2.5K_06242026.DAT
8.54313,1.46969,0.000309944,2.5000,Moment (emu),7.70,YZGO_BperpC_7.7MG_2.5K_06242026.DAT
8.55119,1.47026,0.000243435,2.5000,Moment (emu),7.70,YZGO_BperpC_7.7MG_2.5K_06242026.DAT
8.55749,1.47019,0.00028217,2.5000,Moment (emu),7.70,YZGO_BperpC_7.7MG_2.5K_06242026.DAT
8.56415,1.47151,0.000342926,2.5000,Moment (emu),7.70,YZGO_BperpC_7.7MG_2.5K_06242026.DAT
8.57188,1.47175,0.000295343,2.5001,Moment (emu),7.70,YZGO_BperpC_7.7MG_2.5K_06242026.DAT
8.57818,1.47229,0.000293037,2.5001,Moment (emu),7.70,YZGO_BperpC_7.7MG_2.5K_06242026.DAT
8.58518,1.47245,0.000279129,2.5000,Moment (emu),7.70,YZGO_BperpC_7.7MG_2.5K_06242026.DAT
8.59255,1.47306,0.000289283,2.5000,Moment (emu),7.70,YZGO_BperpC_7.7MG_2.5K_06242026.DAT
8.60058,1.47335,0.000361393,2.5001,Moment (emu),7.70,YZGO_BperpC_7.7MG_2.5K_06242026.DAT
8.6058,1.4737,0.000326721,2.5002,Moment (emu),7.70,YZGO_BperpC_7.7MG_2.5K_06242026.DAT
8.61313,1.47422,0.000329704,2.5003,Moment (emu),7.70,YZGO_BperpC_7.7MG_2.5K_06242026.DAT
8.62015,1.47456,0.000246879,2.4999,Moment (emu),7.70,YZGO_BperpC_7.7MG_2.5K_06242026.DAT
8.62718,1.47557,0.000368883,2.4974,Moment (emu),7.70,YZGO_BperpC_7.7MG_2.5K_06242026.DAT
8.6342,1.47616,0.000315263,2.4965,Moment (emu),7.70,YZGO_BperpC_7.7MG_2.5K_06242026.DAT
8.64121,1.47694,0.000328219,2.4965,Moment (emu),7.70,YZGO_BperpC_7.7MG_2.5K_06242026.DAT
8.64823,1.47681,0.000326024,2.4976,Moment (emu),7.70,YZGO_BperpC_7.7MG_2.5K_06242026.DAT
8.65524,1.47784,0.000327493,2.4991,Moment (emu),7.70,YZGO_BperpC_7.7MG_2.5K_06242026.DAT
8.66225,1.47823,0.000328048,2.5008,Moment (emu),7.70,YZGO_BperpC_7.7MG_2.5K_06242026.DAT
8.66927,1.47858,0.000334388,2.5025,Moment (emu),7.70,YZGO_BperpC_7.7MG_2.5K_06242026.DAT
8.67629,1.47901,0.000325224,2.5034,Moment (emu),7.70,YZGO_BperpC_7.7MG_2.5K_06242026.DAT
8.68435,1.47942,0.000367578,2.5037,Moment (emu),7.70,YZGO_BperpC_7.7MG_2.5K_06242026.DAT
8.6903,1.47991,0.000267371,2.5032,Moment (emu),7.70,YZGO_BperpC_7.7MG_2.5K_06242026.DAT
8.69836,1.48037,0.000296856,2.5028,Moment (emu),7.70,YZGO_BperpC_7.7MG_2.5K_06242026.DAT
8.70433,1.48094,0.000353873,2.5021,Moment (emu),7.70,YZGO_BperpC_7.7MG_2.5K_06242026.DAT
8.71272,1.4812,0.000290583,2.5008,Moment (emu),7.70,YZGO_BperpC_7.7MG_2.5K_06242026.DAT
8.71866,1.48229,0.000343988,2.5004,Moment (emu),7.70,YZGO_BperpC_7.7MG_2.5K_06242026.DAT
8.72496,1.48239,0.000299908,2.5000,Moment (emu),7.70,YZGO_BperpC_7.7MG_2.5K_06242026.DAT
8.73268,1.48301,0.000349209,2.4995,Moment (emu),7.70,YZGO_BperpC_7.7MG_2.5K_06242026.DAT
8.74109,1.48298,0.000302004,2.4990,Moment (emu),7.70,YZGO_BperpC_7.7MG_2.5K_06242026.DAT
8.7467,1.48382,0.000297914,2.4990,Moment (emu),7.70,YZGO_BperpC_7.7MG_2.5K_06242026.DAT
8.75336,1.48443,0.000313818,2.4991,Moment (emu),7.70,YZGO_BperpC_7.7MG_2.5K_06242026.DAT
8.76039,1.48521,0.000313622,2.4992,Moment (emu),7.70,YZGO_BperpC_7.7MG_2.5K_06242026.DAT
8.7681,1.48605,0.000325719,2.4995,Moment (emu),7.70,YZGO_BperpC_7.7MG_2.5K_06242026.DAT
8.77509,1.4856,0.000321225,2.4995,Moment (emu),7.70,YZGO_BperpC_7.7MG_2.5K_06242026.DAT
8.78139,1.48622,0.000310017,2.4996,Moment (emu),7.70,YZGO_BperpC_7.7MG_2.5K_06242026.DAT
8.78982,1.48684,0.000338766,2.4996,Moment (emu),7.70,YZGO_BperpC_7.7MG_2.5K_06242026.DAT
8.79545,1.48702,0.000410218,2.4998,Moment (emu),7.70,YZGO_BperpC_7.7MG_2.5K_06242026.DAT
8.80248,1.48742,0.000291038,2.5000,Moment (emu),7.70,YZGO_BperpC_7.7MG_2.5K_06242026.DAT
8.80949,1.48776,0.000322795,2.5001,Moment (emu),7.70,YZGO_BperpC_7.7MG_2.5K_06242026.DAT
8.81615,1.48869,0.000301527,2.5001,Moment (emu),7.70,YZGO_BperpC_7.7MG_2.5K_06242026.DAT
8.82352,1.48849,0.000335683,2.5001,Moment (emu),7.70,YZGO_BperpC_7.7MG_2.5K_06242026.DAT
8.83155,1.48889,0.000312057,2.5001,Moment (emu),7.70,YZGO_BperpC_7.7MG_2.5K_06242026.DAT
8.8368,1.48975,0.00030289,2.5001,Moment (emu),7.70,YZGO_BperpC_7.7MG_2.5K_06242026.DAT
8.8445,1.49015,0.000248781,2.5001,Moment (emu),7.70,YZGO_BperpC_7.7MG_2.5K_06242026.DAT
8.85117,1.49045,0.000321431,2.5000,Moment (emu),7.70,YZGO_BperpC_7.7MG_2.5K_06242026.DAT
8.85817,1.49111,0.000375202,2.5000,Moment (emu),7.70,YZGO_BperpC_7.7MG_2.5K_06242026.DAT
8.86517,1.49147,0.000295114,2.5001,Moment (emu),7.70,YZGO_BperpC_7.7MG_2.5K_06242026.DAT
8.87323,1.49203,0.000318586,2.5002,Moment (emu),7.70,YZGO_BperpC_7.7MG_2.5K_06242026.DAT
8.87954,1.49219,0.000346066,2.5002,Moment (emu),7.70,YZGO_BperpC_7.7MG_2.5K_06242026.DAT
8.88726,1.49263,0.000305854,2.5001,Moment (emu),7.70,YZGO_BperpC_7.7MG_2.5K_06242026.DAT
8.89321,1.49303,0.000296507,2.5002,Moment (emu),7.70,YZGO_BperpC_7.7MG_2.5K_06242026.DAT
8.90199,1.49408,0.000265317,2.5001,Moment (emu),7.70,YZGO_BperpC_7.7MG_2.5K_06242026.DAT
8.90762,1.49403,0.000295164,2.5001,Moment (emu),7.70,YZGO_BperpC_7.7MG_2.5K_06242026.DAT
8.91429,1.49414,0.000269084,2.5000,Moment (emu),7.70,YZGO_BperpC_7.7MG_2.5K_06242026.DAT
8.9227,1.49506,0.000321674,2.4999,Moment (emu),7.70,YZGO_BperpC_7.7MG_2.5K_06242026.DAT
8.93005,1.49564,0.000427894,2.4999,Moment (emu),7.70,YZGO_BperpC_7.7MG_2.5K_06242026.DAT
8.93633,1.49586,0.000226224,2.4999,Moment (emu),7.70,YZGO_BperpC_7.7MG_2.5K_06242026.DAT
8.94334,1.49608,0.000439674,2.5000,Moment (emu),7.70,YZGO_BperpC_7.7MG_2.5K_06242026.DAT
8.94997,1.4972,0.000347455,2.5001,Moment (emu),7.70,YZGO_BperpC_7.7MG_2.5K_06242026.DAT
8.95662,1.49702,0.000328384,2.5001,Moment (emu),7.70,YZGO_BperpC_7.7MG_2.5K_06242026.DAT
8.96327,1.49763,0.000276547,2.5001,Moment (emu),7.70,YZGO_BperpC_7.7MG_2.5K_06242026.DAT
8.97028,1.49799,0.000295848,2.5002,Moment (emu),7.70,YZGO_BperpC_7.7MG_2.5K_06242026.DAT
8.97834,1.49793,0.000246953,2.5003,Moment (emu),7.70,YZGO_BperpC_7.7MG_2.5K_06242026.DAT
8.98465,1.4987,0.000376923,2.5003,Moment (emu),7.70,YZGO_BperpC_7.7MG_2.5K_06242026.DAT
8.99237,1.49927,0.000327121,2.5004,Moment (emu),7.70,YZGO_BperpC_7.7MG_2.5K_06242026.DAT
8.9987,1.49942,0.000355358,2.5011,Moment (emu),7.70,YZGO_BperpC_7.7MG_2.5K_06242026.DAT
9.00606,1.50017,0.000312937,2.5033,Moment (emu),7.70,YZGO_BperpC_7.7MG_2.5K_06242026.DAT
9.01274,1.49987,0.000392438,2.5036,Moment (emu),7.70,YZGO_BperpC_7.7MG_2.5K_06242026.DAT
9.02043,1.50083,0.000323952,2.5028,Moment (emu),7.70,YZGO_BperpC_7.7MG_2.5K_06242026.DAT
9.02672,1.50092,0.000299333,2.5019,Moment (emu),7.70,YZGO_BperpC_7.7MG_2.5K_06242026.DAT
9.03408,1.50156,0.000350668,2.5001,Moment (emu),7.70,YZGO_BperpC_7.7MG_2.5K_06242026.DAT
9.04075,1.50234,0.000324304,2.4985,Moment (emu),7.70,YZGO_BperpC_7.7MG_2.5K_06242026.DAT
9.04777,1.50243,0.000343759,2.4974,Moment (emu),7.70,YZGO_BperpC_7.7MG_2.5K_06242026.DAT
9.05514,1.50275,0.000420076,2.4966,Moment (emu),7.70,YZGO_BperpC_7.7MG_2.5K_06242026.DAT
9.0618,1.50364,0.000359429,2.4966,Moment (emu),7.70,YZGO_BperpC_7.7MG_2.5K_06242026.DAT
9.06917,1.50412,0.000327196,2.4969,Moment (emu),7.70,YZGO_BperpC_7.7MG_2.5K_06242026.DAT
9.07547,1.50511,0.000413354,2.4977,Moment (emu),7.70,YZGO_BperpC_7.7MG_2.5K_06242026.DAT
9.08316,1.50466,0.000326981,2.4985,Moment (emu),7.70,YZGO_BperpC_7.7MG_2.5K_06242026.DAT
9.08983,1.50472,0.00031849,2.4992,Moment (emu),7.70,YZGO_BperpC_7.7MG_2.5K_06242026.DAT
9.09753,1.50526,0.000374774,2.4999,Moment (emu),7.70,YZGO_BperpC_7.7MG_2.5K_06242026.DAT
9.10381,1.50575,0.000359605,2.5004,Moment (emu),7.70,YZGO_BperpC_7.7MG_2.5K_06242026.DAT
9.1115,1.50576,0.000339829,2.5008,Moment (emu),7.70,YZGO_BperpC_7.7MG_2.5K_06242026.DAT
9.1178,1.50663,0.000349981,2.5010,Moment (emu),7.70,YZGO_BperpC_7.7MG_2.5K_06242026.DAT
9.12726,1.50698,0.000357245,2.5010,Moment (emu),7.70,YZGO_BperpC_7.7MG_2.5K_06242026.DAT
9.13218,1.507,0.000290113,2.5010,Moment (emu),7.70,YZGO_BperpC_7.7MG_2.5K_06242026.DAT
9.13989,1.50822,0.000422341,2.5009,Moment (emu),7.70,YZGO_BperpC_7.7MG_2.5K_06242026.DAT
9.14619,1.5075,0.000310084,2.5008,Moment (emu),7.70,YZGO_BperpC_7.7MG_2.5K_06242026.DAT
9.15287,1.50849,0.000282587,2.5006,Moment (emu),7.70,YZGO_BperpC_7.7MG_2.5K_06242026.DAT
9.15989,1.5091,0.000385074,2.5004,Moment (emu),7.70,YZGO_BperpC_7.7MG_2.5K_06242026.DAT
9.16728,1.50927,0.000339882,2.5002,Moment (emu),7.70,YZGO_BperpC_7.7MG_2.5K_06242026.DAT
9.17464,1.50956,0.000288447,2.5000,Moment (emu),7.70,YZGO_BperpC_7.7MG_2.5K_06242026.DAT
9.18058,1.51021,0.000392674,2.5000,Moment (emu),7.70,YZGO_BperpC_7.7MG_2.5K_06242026.DAT
9.18759,1.5102,0.000270103,2.5000,Moment (emu),7.70,YZGO_BperpC_7.7MG_2.5K_06242026.DAT
9.19461,1.51041,0.000346354,2.5000,Moment (emu),7.70,YZGO_BperpC_7.7MG_2.5K_06242026.DAT
9.20128,1.51098,0.000300889,2.5000,Moment (emu),7.70,YZGO_BperpC_7.7MG_2.5K_06242026.DAT
9.20864,1.51114,0.000310901,2.5001,Moment (emu),7.70,YZGO_BperpC_7.7MG_2.5K_06242026.DAT
9.21636,1.51136,0.00036345,2.5000,Moment (emu),7.70,YZGO_BperpC_7.7MG_2.5K_06242026.DAT
9.22264,1.51176,0.000288408,2.5000,Moment (emu),7.70,YZGO_BperpC_7.7MG_2.5K_06242026.DAT
9.23102,1.51212,0.000313171,2.5001,Moment (emu),7.70,YZGO_BperpC_7.7MG_2.5K_06242026.DAT
9.23665,1.51248,0.000284893,2.5001,Moment (emu),7.70,YZGO_BperpC_7.7MG_2.5K_06242026.DAT
9.24369,1.51321,0.000392595,2.5001,Moment (emu),7.70,YZGO_BperpC_7.7MG_2.5K_06242026.DAT
9.25106,1.51371,0.000345206,2.5001,Moment (emu),7.70,YZGO_BperpC_7.7MG_2.5K_06242026.DAT
9.25737,1.51388,0.000327959,2.5001,Moment (emu),7.70,YZGO_BperpC_7.7MG_2.5K_06242026.DAT
9.26505,1.5141,0.000251779,2.5002,Moment (emu),7.70,YZGO_BperpC_7.7MG_2.5K_06242026.DAT
9.27276,1.51418,0.000379337,2.5001,Moment (emu),7.70,YZGO_BperpC_7.7MG_2.5K_06242026.DAT
9.27905,1.5149,0.000351993,2.5001,Moment (emu),7.70,YZGO_BperpC_7.7MG_2.5K_06242026.DAT
9.28677,1.51559,0.000341208,2.5002,Moment (emu),7.70,YZGO_BperpC_7.7MG_2.5K_06242026.DAT
9.29341,1.5161,0.000304991,2.5002,Moment (emu),7.70,YZGO_BperpC_7.7MG_2.5K_06242026.DAT
9.30112,1.51614,0.000339034,2.5002,Moment (emu),7.70,YZGO_BperpC_7.7MG_2.5K_06242026.DAT
9.30814,1.51599,0.000279119,2.5001,Moment (emu),7.70,YZGO_BperpC_7.7MG_2.5K_06242026.DAT
9.31482,1.51621,0.000346784,2.5001,Moment (emu),7.70,YZGO_BperpC_7.7MG_2.5K_06242026.DAT
9.3215,1.51771,0.000378686,2.4999,Moment (emu),7.70,YZGO_BperpC_7.7MG_2.5K_06242026.DAT
9.32745,1.51719,0.000299644,2.4999,Moment (emu),7.70,YZGO_BperpC_7.7MG_2.5K_06242026.DAT
9.33517,1.51766,0.000268279,2.4998,Moment (emu),7.70,YZGO_BperpC_7.7MG_2.5K_06242026.DAT
9.34218,1.51767,0.000321567,2.4998,Moment (emu),7.70,YZGO_BperpC_7.7MG_2.5K_06242026.DAT
9.34952,1.51823,0.000246017,2.4998,Moment (emu),7.70,YZGO_BperpC_7.7MG_2.5K_06242026.DAT
9.35583,1.5192,0.000292533,2.4999,Moment (emu),7.70,YZGO_BperpC_7.7MG_2.5K_06242026.DAT
9.36284,1.51972,0.000462255,2.5001,Moment (emu),7.70,YZGO_BperpC_7.7MG_2.5K_06242026.DAT
9.37023,1.51907,0.000309966,2.4998,Moment (emu),7.70,YZGO_BperpC_7.7MG_2.5K_06242026.DAT
9.37656,1.52037,0.00032554,2.4988,Moment (emu),7.70,YZGO_BperpC_7.7MG_2.5K_06242026.DAT
9.38461,1.52049,0.000251644,2.4971,Moment (emu),7.70,YZGO_BperpC_7.7MG_2.5K_06242026.DAT
9.39091,1.52101,0.000338121,2.4959,Moment (emu),7.70,YZGO_BperpC_7.7MG_2.5K_06242026.DAT
9.39934,1.52098,0.000311722,2.4970,Moment (emu),7.70,YZGO_BperpC_7.7MG_2.5K_06242026.DAT
9.4067,1.52167,0.000359022,2.4987,Moment (emu),7.70,YZGO_BperpC_7.7MG_2.5K_06242026.DAT
9.41268,1.52177,0.000365036,2.4999,Moment (emu),7.70,YZGO_BperpC_7.7MG_2.5K_06242026.DAT
9.41899,1.52222,0.00037584,2.5016,Moment (emu),7.70,YZGO_BperpC_7.7MG_2.5K_06242026.DAT
9.42632,1.52177,0.000343644,2.5030,Moment (emu),7.70,YZGO_BperpC_7.7MG_2.5K_06242026.DAT
9.43259,1.52236,0.000355034,2.5035,Moment (emu),7.70,YZGO_BperpC_7.7MG_2.5K_06242026.DAT
9.44061,1.52252,0.00031256,2.5035,Moment (emu),7.70,YZGO_BperpC_7.7MG_2.5K_06242026.DAT
9.44692,1.52305,0.000299415,2.5032,Moment (emu),7.70,YZGO_BperpC_7.7MG_2.5K_06242026.DAT
9.45502,1.52322,0.000325298,2.5022,Moment (emu),7.70,YZGO_BperpC_7.7MG_2.5K_06242026.DAT
9.46098,1.5243,0.000254798,2.5017,Moment (emu),7.70,YZGO_BperpC_7.7MG_2.5K_06242026.DAT
9.46869,1.52445,0.000358007,2.5006,Moment (emu),7.70,YZGO_BperpC_7.7MG_2.5K_06242026.DAT
9.47569,1.52478,0.000323869,2.5004,Moment (emu),7.70,YZGO_BperpC_7.7MG_2.5K_06242026.DAT
9.482,1.52473,0.000335889,2.4998,Moment (emu),7.70,YZGO_BperpC_7.7MG_2.5K_06242026.DAT
9.48973,1.52555,0.000246004,2.4993,Moment (emu),7.70,YZGO_BperpC_7.7MG_2.5K_06242026.DAT
9.49569,1.52583,0.000381617,2.4992,Moment (emu),7.70,YZGO_BperpC_7.7MG_2.5K_06242026.DAT
9.5027,1.52588,0.000312331,2.4992,Moment (emu),7.70,YZGO_BperpC_7.7MG_2.5K_06242026.DAT
9.50971,1.52639,0.00032084,2.4992,Moment (emu),7.70,YZGO_BperpC_7.7MG_2.5K_06242026.DAT
9.51741,1.52634,0.000275994,2.4992,Moment (emu),7.70,YZGO_BperpC_7.7MG_2.5K_06242026.DAT
9.52372,1.52636,0.000345306,2.4994,Moment (emu),7.70,YZGO_BperpC_7.7MG_2.5K_06242026.DAT
9.53074,1.52766,0.00037267,2.4996,Moment (emu),7.70,YZGO_BperpC_7.7MG_2.5K_06242026.DAT
9.53776,1.52787,0.000347562,2.4998,Moment (emu),7.70,YZGO_BperpC_7.7MG_2.5K_06242026.DAT
9.54477,1.52792,0.000299271,2.4999,Moment (emu),7.70,YZGO_BperpC_7.7MG_2.5K_06242026.DAT
9.55178,1.5278,0.000330046,2.5000,Moment (emu),7.70,YZGO_BperpC_7.7MG_2.5K_06242026.DAT
9.55984,1.52844,0.000254171,2.5001,Moment (emu),7.70,YZGO_BperpC_7.7MG_2.5K_06242026.DAT
9.56579,1.52875,0.000325089,2.5001,Moment (emu),7.70,YZGO_BperpC_7.7MG_2.5K_06242026.DAT
9.57315,1.52888,0.00033242,2.4999,Moment (emu),7.70,YZGO_BperpC_7.7MG_2.5K_06242026.DAT
9.58086,1.52923,0.000367408,2.4998,Moment (emu),7.70,YZGO_BperpC_7.7MG_2.5K_06242026.DAT
9.58788,1.52993,0.000308624,2.5000,Moment (emu),7.70,YZGO_BperpC_7.7MG_2.5K_06242026.DAT
9.59454,1.53025,0.000268515,2.5000,Moment (emu),7.70,YZGO_BperpC_7.7MG_2.5K_06242026.DAT
9.60085,1.5303,0.000358244,2.5001,Moment (emu),7.70,YZGO_BperpC_7.7MG_2.5K_06242026.DAT
9.6089,1.53052,0.000294978,2.5001,Moment (emu),7.70,YZGO_BperpC_7.7MG_2.5K_06242026.DAT
9.61486,1.53075,0.000375642,2.5001,Moment (emu),7.70,YZGO_BperpC_7.7MG_2.5K_06242026.DAT
9.62257,1.53136,0.000372461,2.5001,Moment (emu),7.70,YZGO_BperpC_7.7MG_2.5K_06242026.DAT
9.62888,1.53179,0.000361745,2.5001,Moment (emu),7.70,YZGO_BperpC_7.7MG_2.5K_06242026.DAT
9.63727,1.53157,0.000273661,2.5000,Moment (emu),7.70,YZGO_BperpC_7.7MG_2.5K_06242026.DAT
9.64326,1.53178,0.000275875,2.5000,Moment (emu),7.70,YZGO_BperpC_7.7MG_2.5K_06242026.DAT
9.65138,1.53266,0.000317505,2.5001,Moment (emu),7.70,YZGO_BperpC_7.7MG_2.5K_06242026.DAT
9.65735,1.5327,0.000276912,2.5001,Moment (emu),7.70,YZGO_BperpC_7.7MG_2.5K_06242026.DAT
9.66402,1.53306,0.000425277,2.5001,Moment (emu),7.70,YZGO_BperpC_7.7MG_2.5K_06242026.DAT
9.67171,1.53312,0.00026476,2.4999,Moment (emu),7.70,YZGO_BperpC_7.7MG_2.5K_06242026.DAT
9.67764,1.53324,0.000335031,2.4998,Moment (emu),7.70,YZGO_BperpC_7.7MG_2.5K_06242026.DAT
9.685,1.53345,0.000284522,2.4998,Moment (emu),7.70,YZGO_BperpC_7.7MG_2.5K_06242026.DAT
9.69306,1.53457,0.000357615,2.4998,Moment (emu),7.70,YZGO_BperpC_7.7MG_2.5K_06242026.DAT
9.69972,1.5345,0.000420153,2.5001,Moment (emu),7.70,YZGO_BperpC_7.7MG_2.5K_06242026.DAT
9.70709,1.53465,0.000321572,2.5002,Moment (emu),7.70,YZGO_BperpC_7.7MG_2.5K_06242026.DAT
9.71339,1.53486,0.000331021,2.5003,Moment (emu),7.70,YZGO_BperpC_7.7MG_2.5K_06242026.DAT
9.72004,1.53556,0.000357475,2.5004,Moment (emu),7.70,YZGO_BperpC_7.7MG_2.5K_06242026.DAT
9.7267,1.5352,0.000321497,2.5004,Moment (emu),7.70,YZGO_BperpC_7.7MG_2.5K_06242026.DAT
9.73443,1.53574,0.000342205,2.5003,Moment (emu),7.70,YZGO_BperpC_7.7MG_2.5K_06242026.DAT
9.74179,1.53647,0.000370489,2.5001,Moment (emu),7.70,YZGO_BperpC_7.7MG_2.5K_06242026.DAT
9.74812,1.53636,0.000292982,2.5008,Moment (emu),7.70,YZGO_BperpC_7.7MG_2.5K_06242026.DAT
9.75583,1.53661,0.000401203,2.5022,Moment (emu),7.70,YZGO_BperpC_7.7MG_2.5K_06242026.DAT
9.76175,1.53694,0.000360597,2.5035,Moment (emu),7.70,YZGO_BperpC_7.7MG_2.5K_06242026.DAT
9.76878,1.53735,0.000312639,2.5039,Moment (emu),7.70,YZGO_BperpC_7.7MG_2.5K_06242026.DAT
9.77579,1.537,0.000290401,2.5027,Moment (emu),7.70,YZGO_BperpC_7.7MG_2.5K_06242026.DAT
9.78313,1.53788,0.000357357,2.5009,Moment (emu),7.70,YZGO_BperpC_7.7MG_2.5K_06242026.DAT
9.79014,1.53816,0.000341311,2.4991,Moment (emu),7.70,YZGO_BperpC_7.7MG_2.5K_06242026.DAT
9.79716,1.5381,0.000274447,2.4975,Moment (emu),7.70,YZGO_BperpC_7.7MG_2.5K_06242026.DAT
9.80416,1.53856,0.000314047,2.4966,Moment (emu),7.70,YZGO_BperpC_7.7MG_2.5K_06242026.DAT
9.81115,1.53914,0.000324247,2.4961,Moment (emu),7.70,YZGO_BperpC_7.7MG_2.5K_06242026.DAT
9.81815,1.5395,0.000306555,2.4965,Moment (emu),7.70,YZGO_BperpC_7.7MG_2.5K_06242026.DAT
9.82518,1.5393,0.000334751,2.4975,Moment (emu),7.70,YZGO_BperpC_7.7MG_2.5K_06242026.DAT
9.83253,1.53969,0.000353445,2.4984,Moment (emu),7.70,YZGO_BperpC_7.7MG_2.5K_06242026.DAT
9.84058,1.5399,0.000299667,2.4994,Moment (emu),7.70,YZGO_BperpC_7.7MG_2.5K_06242026.DAT
9.84693,1.54029,0.000313106,2.4999,Moment (emu),7.70,YZGO_BperpC_7.7MG_2.5K_06242026.DAT
9.85324,1.54067,0.000300182,2.5006,Moment (emu),7.70,YZGO_BperpC_7.7MG_2.5K_06242026.DAT
9.86094,1.54062,0.000370597,2.5009,Moment (emu),7.70,YZGO_BperpC_7.7MG_2.5K_06242026.DAT
9.86831,1.54101,0.000378774,2.5010,Moment (emu),7.70,YZGO_BperpC_7.7MG_2.5K_06242026.DAT
9.87463,1.54064,0.000320788,2.5010,Moment (emu),7.70,YZGO_BperpC_7.7MG_2.5K_06242026.DAT
9.88094,1.54165,0.000372525,2.5009,Moment (emu),7.70,YZGO_BperpC_7.7MG_2.5K_06242026.DAT
9.88863,1.54174,0.000302519,2.5009,Moment (emu),7.70,YZGO_BperpC_7.7MG_2.5K_06242026.DAT
9.89494,1.54195,0.000385683,2.5007,Moment (emu),7.70,YZGO_BperpC_7.7MG_2.5K_06242026.DAT
9.90195,1.54236,0.000356251,2.5006,Moment (emu),7.70,YZGO_BperpC_7.7MG_2.5K_06242026.DAT
9.90897,1.54283,0.000341301,2.5005,Moment (emu),7.70,YZGO_BperpC_7.7MG_2.5K_06242026.DAT
9.91668,1.54269,0.000295921,2.5003,Moment (emu),7.70,YZGO_BperpC_7.7MG_2.5K_06242026.DAT
9.92335,1.54322,0.000311087,2.5001,Moment (emu),7.70,YZGO_BperpC_7.7MG_2.5K_06242026.DAT
9.93037,1.54325,0.000325462,2.5001,Moment (emu),7.70,YZGO_BperpC_7.7MG_2.5K_06242026.DAT
9.93702,1.54387,0.000277205,2.5001,Moment (emu),7.70,YZGO_BperpC_7.7MG_2.5K_06242026.DAT
9.94403,1.54386,0.000405913,2.5000,Moment (emu),7.70,YZGO_BperpC_7.7MG_2.5K_06242026.DAT
9.9507,1.54364,0.000368289,2.4999,Moment (emu),7.70,YZGO_BperpC_7.7MG_2.5K_06242026.DAT
9.95839,1.54421,0.000326085,2.5000,Moment (emu),7.70,YZGO_BperpC_7.7MG_2.5K_06242026.DAT
9.96537,1.54469,0.000291764,2.5000,Moment (emu),7.70,YZGO_BperpC_7.7MG_2.5K_06242026.DAT
9.97346,1.54504,0.000434466,2.5000,Moment (emu),7.70,YZGO_BperpC_7.7MG_2.5K_06242026.DAT
9.97944,1.54556,0.00036947,2.5000,Moment (emu),7.70,YZGO_BperpC_7.7MG_2.5K_06242026.DAT
9.98782,1.54533,0.000371921,2.5000,Moment (emu),7.70,YZGO_BperpC_7.7MG_2.5K_06242026.DAT
9.99526,1.54548,0.000422348,2.5000,Moment (emu),7.70,YZGO_BperpC_7.7MG_2.5K_06242026.DAT
10,1.54568,0.000293523,2.4996,Moment (emu),7.70,YZGO_BperpC_7.7MG_2.5K_06242026.DAT
10,1.54567,0.000401389,2.4991,Moment (emu),7.70,YZGO_BperpC_7.7MG_2.5K_06242026.DAT
10.0009,1.54611,0.000375557,2.4999,Moment (emu),7.70,YZGO_BperpC_7.7MG_2.5K_06242026.DAT
10.0045,1.54645,0.000354494,2.5001,Moment (emu),7.70,YZGO_BperpC_7.7MG_2.5K_06242026.DAT
10.0078,1.54592,0.000319529,2.5002,Moment (emu),7.70,YZGO_BperpC_7.7MG_2.5K_06242026.DAT
10.0129,1.54632,0.00037479,2.5003,Moment (emu),7.70,YZGO_BperpC_7.7MG_2.5K_06242026.DAT
10.017,1.54595,0.000296027,2.5003,Moment (emu),7.70,YZGO_BperpC_7.7MG_2.5K_06242026.DAT
10.0225,1.5464,0.000394453,2.5001,Moment (emu),7.70,YZGO_BperpC_7.7MG_2.5K_06242026.DAT
10.0263,1.54658,0.0003357,2.5001,Moment (emu),7.70,YZGO_BperpC_7.7MG_2.5K_06242026.DAT
10.032,1.54706,0.000302044,2.5001,Moment (emu),7.70,YZGO_BperpC_7.7MG_2.5K_06242026.DAT
10.0355,1.54702,0.000393565,2.5001,Moment (emu),7.70,YZGO_BperpC_7.7MG_2.5K_06242026.DAT
10.0402,1.54706,0.00035395,2.5000,Moment (emu),7.70,YZGO_BperpC_7.7MG_2.5K_06242026.DAT
10.0446,1.54717,0.000294543,2.5000,Moment (emu),7.70,YZGO_BperpC_7.7MG_2.5K_06242026.DAT
10.0487,1.54742,0.000370166,2.4999,Moment (emu),7.70,YZGO_BperpC_7.7MG_2.5K_06242026.DAT
10.0539,1.54794,0.000367105,2.4997,Moment (emu),7.70,YZGO_BperpC_7.7MG_2.5K_06242026.DAT
10.0578,1.5476,0.000298917,2.4997,Moment (emu),7.70,YZGO_BperpC_7.7MG_2.5K_06242026.DAT
10.063,1.54805,0.000309695,2.4998,Moment (emu),7.70,YZGO_BperpC_7.7MG_2.5K_06242026.DAT
10.0669,1.54791,0.0003351,2.4999,Moment (emu),7.70,YZGO_BperpC_7.7MG_2.5K_06242026.DAT
10.0715,1.54865,0.00036945,2.5000,Moment (emu),7.70,YZGO_BperpC_7.7MG_2.5K_06242026.DAT
10.0762,1.54829,0.000362611,2.5001,Moment (emu),7.70,YZGO_BperpC_7.7MG_2.5K_06242026.DAT
10.0815,1.54834,0.000372035,2.5001,Moment (emu),7.70,YZGO_BperpC_7.7MG_2.5K_06242026.DAT
10.0853,1.54894,0.000350777,2.5001,Moment (emu),7.70,YZGO_BperpC_7.7MG_2.5K_06242026.DAT
10.0897,1.54861,0.000327471,2.5001,Moment (emu),7.70,YZGO_BperpC_7.7MG_2.5K_06242026.DAT
10.0942,1.54938,0.000367116,2.5001,Moment (emu),7.70,YZGO_BperpC_7.7MG_2.5K_06242026.DAT
10.0988,1.54928,0.000341132,2.5002,Moment (emu),7.70,YZGO_BperpC_7.7MG_2.5K_06242026.DAT
10.1033,1.54928,0.000329091,2.5002,Moment (emu),7.70,YZGO_BperpC_7.7MG_2.5K_06242026.DAT
10.1088,1.54977,0.000246943,2.5002,Moment (emu),7.70,YZGO_BperpC_7.7MG_2.5K_06242026.DAT
10.1131,1.54962,0.000331549,2.5003,Moment (emu),7.70,YZGO_BperpC_7.7MG_2.5K_06242026.DAT
10.117,1.54947,0.000342878,2.5003,Moment (emu),7.70,YZGO_BperpC_7.7MG_2.5K_06242026.DAT
10.1223,1.54978,0.000357626,2.5003,Moment (emu),7.70,YZGO_BperpC_7.7MG_2.5K_06242026.DAT
10.1268,1.54973,0.000323026,2.5010,Moment (emu),7.70,YZGO_BperpC_7.7MG_2.5K_06242026.DAT
10.1312,1.54996,0.000338993,2.5027,Moment (emu),7.70,YZGO_BperpC_7.7MG_2.5K_06242026.DAT
10.1355,1.54995,0.000316679,2.5040,Moment (emu),7.70,YZGO_BperpC_7.7MG_2.5K_06242026.DAT
10.1402,1.55017,0.000293484,2.5032,Moment (emu),7.70,YZGO_BperpC_7.7MG_2.5K_06242026.DAT
10.1443,1.55044,0.000363006,2.5017,Moment (emu),7.70,YZGO_BperpC_7.7MG_2.5K_06242026.DAT
10.1493,1.55034,0.000323161,2.4999,Moment (emu),7.70,YZGO_BperpC_7.7MG_2.5K_06242026.DAT
10.1539,1.55069,0.000360699,2.4982,Moment (emu),7.70,YZGO_BperpC_7.7MG_2.5K_06242026.DAT
10.1585,1.55148,0.000366128,2.4969,Moment (emu),7.70,YZGO_BperpC_7.7MG_2.5K_06242026.DAT
10.1626,1.55127,0.000394811,2.4963,Moment (emu),7.70,YZGO_BperpC_7.7MG_2.5K_06242026.DAT
10.1674,1.55141,0.000337039,2.4963,Moment (emu),7.70,YZGO_BperpC_7.7MG_2.5K_06242026.DAT
10.1726,1.55165,0.000330815,2.4968,Moment (emu),7.70,YZGO_BperpC_7.7MG_2.5K_06242026.DAT
10.1769,1.55196,0.000359883,2.4973,Moment (emu),7.70,YZGO_BperpC_7.7MG_2.5K_06242026.DAT
10.1808,1.55191,0.00032461,2.4982,Moment (emu),7.70,YZGO_BperpC_7.7MG_2.5K_06242026.DAT
10.1862,1.55209,0.000331276,2.4997,Moment (emu),7.70,YZGO_BperpC_7.7MG_2.5K_06242026.DAT
10.1901,1.55233,0.000345534,2.5001,Moment (emu),7.70,YZGO_BperpC_7.7MG_2.5K_06242026.DAT
10.1946,1.55215,0.000242813,2.5005,Moment (emu),7.70,YZGO_BperpC_7.7MG_2.5K_06242026.DAT
10.1992,1.55214,0.000334197,2.5008,Moment (emu),7.70,YZGO_BperpC_7.7MG_2.5K_06242026.DAT
10.2038,1.55258,0.000325842,2.5009,Moment (emu),7.70,YZGO_BperpC_7.7MG_2.5K_06242026.DAT
10.2086,1.55251,0.000334084,2.5009,Moment (emu),7.70,YZGO_BperpC_7.7MG_2.5K_06242026.DAT
10.2134,1.5523,0.000287237,2.5009,Moment (emu),7.70,YZGO_BperpC_7.7MG_2.5K_06242026.DAT
10.2178,1.55324,0.000392686,2.5008,Moment (emu),7.70,YZGO_BperpC_7.7MG_2.5K_06242026.DAT
10.2219,1.55301,0.000345079,2.5008,Moment (emu),7.70,YZGO_BperpC_7.7MG_2.5K_06242026.DAT
10.2269,1.55285,0.000255616,2.5007,Moment (emu),7.70,YZGO_BperpC_7.7MG_2.5K_06242026.DAT
10.2309,1.55335,0.000369848,2.5006,Moment (emu),7.70,YZGO_BperpC_7.7MG_2.5K_06242026.DAT
10.2359,1.55289,0.000367644,2.5004,Moment (emu),7.70,YZGO_BperpC_7.7MG_2.5K_06242026.DAT
10.2403,1.55352,0.000395707,2.5004,Moment (emu),7.70,YZGO_BperpC_7.7MG_2.5K_06242026.DAT
10.2453,1.55366,0.000333372,2.5002,Moment (emu),7.70,YZGO_BperpC_7.7MG_2.5K_06242026.DAT
10.249,1.55364,0.000313889,2.5001,Moment (emu),7.70,YZGO_BperpC_7.7MG_2.5K_06242026.DAT
10.2542,1.5537,0.000351271,2.5002,Moment (emu),7.70,YZGO_BperpC_7.7MG_2.5K_06242026.DAT
10.259,1.55479,0.00037591,2.5002,Moment (emu),7.70,YZGO_BperpC_7.7MG_2.5K_06242026.DAT
10.2629,1.55412,0.000320564,2.5001,Moment (emu),7.70,YZGO_BperpC_7.7MG_2.5K_06242026.DAT
10.2679,1.55459,0.000400242,2.5001,Moment (emu),7.70,YZGO_BperpC_7.7MG_2.5K_06242026.DAT
10.272,1.55421,0.000338032,2.4999,Moment (emu),7.70,YZGO_BperpC_7.7MG_2.5K_06242026.DAT
10.2772,1.55532,0.000406001,2.4998,Moment (emu),7.70,YZGO_BperpC_7.7MG_2.5K_06242026.DAT
10.2809,1.55471,0.000294028,2.4998,Moment (emu),7.70,YZGO_BperpC_7.7MG_2.5K_06242026.DAT
10.2856,1.5551,0.000305093,2.5000,Moment (emu),7.70,YZGO_BperpC_7.7MG_2.5K_06242026.DAT
10.2902,1.55478,0.000296498,2.5000,Moment (emu),7.70,YZGO_BperpC_7.7MG_2.5K_06242026.DAT
10.295,1.5551,0.00029778,2.5000,Moment (emu),7.70,YZGO_BperpC_7.7MG_2.5K_06242026.DAT
10.2991,1.55547,0.000367682,2.5001,Moment (emu),7.70,YZGO_BperpC_7.7MG_2.5K_06242026.DAT
10.3039,1.55533,0.000305502,2.5001,Moment (emu),7.70,YZGO_BperpC_7.7MG_2.5K_06242026.DAT
10.3087,1.55563,0.000296354,2.5001,Moment (emu),7.70,YZGO_BperpC_7.7MG_2.5K_06242026.DAT
10.3137,1.55616,0.000372157,2.5000,Moment (emu),7.70,YZGO_BperpC_7.7MG_2.5K_06242026.DAT
10.3175,1.55611,0.000319897,2.4999,Moment (emu),7.70,YZGO_BperpC_7.7MG_2.5K_06242026.DAT
10.3236,1.55565,0.00037718,2.5000,Moment (emu),7.70,YZGO_BperpC_7.7MG_2.5K_06242026.DAT
10.3268,1.55645,0.000389044,2.5001,Moment (emu),7.70,YZGO_BperpC_7.7MG_2.5K_06242026.DAT
10.331,1.55584,0.000340238,2.5001,Moment (emu),7.70,YZGO_BperpC_7.7MG_2.5K_06242026.DAT
10.3364,1.55631,0.000315642,2.5001,Moment (emu),7.70,YZGO_BperpC_7.7MG_2.5K_06242026.DAT
10.3401,1.55606,0.000331019,2.5000,Moment (emu),7.70,YZGO_BperpC_7.7MG_2.5K_06242026.DAT
10.3451,1.55705,0.000358444,2.5000,Moment (emu),7.70,YZGO_BperpC_7.7MG_2.5K_06242026.DAT
10.3494,1.55628,0.000346648,2.4999,Moment (emu),7.70,YZGO_BperpC_7.7MG_2.5K_06242026.DAT
10.3542,1.55677,0.000353472,2.4998,Moment (emu),7.70,YZGO_BperpC_7.7MG_2.5K_06242026.DAT
10.3585,1.55711,0.000404376,2.5000,Moment (emu),7.70,YZGO_BperpC_7.7MG_2.5K_06242026.DAT
10.3633,1.55721,0.000369297,2.5001,Moment (emu),7.70,YZGO_BperpC_7.7MG_2.5K_06242026.DAT
10.3674,1.55709,0.000337875,2.4998,Moment (emu),7.70,YZGO_BperpC_7.7MG_2.5K_06242026.DAT
10.3722,1.55717,0.000338069,2.4986,Moment (emu),7.70,YZGO_BperpC_7.7MG_2.5K_06242026.DAT
10.3765,1.55742,0.00034052,2.4970,Moment (emu),7.70,YZGO_BperpC_7.7MG_2.5K_06242026.DAT
10.382,1.55756,0.000395878,2.4962,Moment (emu),7.70,YZGO_BperpC_7.7MG_2.5K_06242026.DAT
10.3861,1.55776,0.000352548,2.4973,Moment (emu),7.70,YZGO_BperpC_7.7MG_2.5K_06242026.DAT
10.3909,1.55774,0.000400381,2.4984,Moment (emu),7.70,YZGO_BperpC_7.7MG_2.5K_06242026.DAT
10.395,1.55827,0.000330885,2.5007,Moment (emu),7.70,YZGO_BperpC_7.7MG_2.5K_06242026.DAT
10.3997,1.55758,0.000338601,2.5022,Moment (emu),7.70,YZGO_BperpC_7.7MG_2.5K_06242026.DAT
10.4047,1.55837,0.000394887,2.5033,Moment (emu),7.70,YZGO_BperpC_7.7MG_2.5K_06242026.DAT
10.4088,1.55846,0.000284923,2.5036,Moment (emu),7.70,YZGO_BperpC_7.7MG_2.5K_06242026.DAT
10.4139,1.55823,0.000278305,2.5036,Moment (emu),7.70,YZGO_BperpC_7.7MG_2.5K_06242026.DAT
10.4182,1.5582,0.000331972,2.5028,Moment (emu),7.70,YZGO_BperpC_7.7MG_2.5K_06242026.DAT
10.4221,1.55856,0.000338314,2.5019,Moment (emu),7.70,YZGO_BperpC_7.7MG_2.5K_06242026.DAT
10.4273,1.55891,0.000344029,2.5010,Moment (emu),7.70,YZGO_BperpC_7.7MG_2.5K_06242026.DAT
10.4314,1.55898,0.000333862,2.5003,Moment (emu),7.70,YZGO_BperpC_7.7MG_2.5K_06242026.DAT
10.4362,1.55898,0.000293934,2.4998,Moment (emu),7.70,YZGO_BperpC_7.7MG_2.5K_06242026.DAT
10.4403,1.55922,0.00030235,2.4996,Moment (emu),7.70,YZGO_BperpC_7.7MG_2.5K_06242026.DAT
10.4449,1.55939,0.000316797,2.4993,Moment (emu),7.70,YZGO_BperpC_7.7MG_2.5K_06242026.DAT
10.4499,1.55948,0.000359397,2.4992,Moment (emu),7.70,YZGO_BperpC_7.7MG_2.5K_06242026.DAT
10.4544,1.55948,0.00025325,2.4990,Moment (emu),7.70,YZGO_BperpC_7.7MG_2.5K_06242026.DAT
10.4585,1.55914,0.000324934,2.4990,Moment (emu),7.70,YZGO_BperpC_7.7MG_2.5K_06242026.DAT
10.4638,1.56,0.00036175,2.4992,Moment (emu),7.70,YZGO_BperpC_7.7MG_2.5K_06242026.DAT
10.4676,1.55977,0.000356748,2.4996,Moment (emu),7.70,YZGO_BperpC_7.7MG_2.5K_06242026.DAT
10.4729,1.56045,0.000364642,2.4998,Moment (emu),7.70,YZGO_BperpC_7.7MG_2.5K_06242026.DAT
10.477,1.55985,0.000317358,2.4999,Moment (emu),7.70,YZGO_BperpC_7.7MG_2.5K_06242026.DAT
10.4822,1.56037,0.000290256,2.4999,Moment (emu),7.70,YZGO_BperpC_7.7MG_2.5K_06242026.DAT
10.4859,1.56068,0.000367901,2.5000,Moment (emu),7.70,YZGO_BperpC_7.7MG_2.5K_06242026.DAT
10.4904,1.56047,0.000334602,2.5000,Moment (emu),7.70,YZGO_BperpC_7.7MG_2.5K_06242026.DAT
10.4952,1.56038,0.000357387,2.4999,Moment (emu),7.70,YZGO_BperpC_7.7MG_2.5K_06242026.DAT
10.5,1.56103,0.000364068,2.4999,Moment (emu),7.70,YZGO_BperpC_7.7MG_2.5K_06242026.DAT
10.5046,1.56066,0.000326398,2.5000,Moment (emu),7.70,YZGO_BperpC_7.7MG_2.5K_06242026.DAT
10.5087,1.56103,0.000334283,2.5000,Moment (emu),7.70,YZGO_BperpC_7.7MG_2.5K_06242026.DAT
10.5132,1.56126,0.000403317,2.5000,Moment (emu),7.70,YZGO_BperpC_7.7MG_2.5K_06242026.DAT
10.5185,1.5616,0.000344702,2.5001,Moment (emu),7.70,YZGO_BperpC_7.7MG_2.5K_06242026.DAT
10.523,1.56137,0.000436203,2.5001,Moment (emu),7.70,YZGO_BperpC_7.7MG_2.5K_06242026.DAT
10.5273,1.56126,0.000351321,2.5001,Moment (emu),7.70,YZGO_BperpC_7.7MG_2.5K_06242026.DAT
10.5319,1.56159,0.000293247,2.5000,Moment (emu),7.70,YZGO_BperpC_7.7MG_2.5K_06242026.DAT
10.536,1.56202,0.000283979,2.4999,Moment (emu),7.70,YZGO_BperpC_7.7MG_2.5K_06242026.DAT
10.5405,1.5618,0.000337904,2.4999,Moment (emu),7.70,YZGO_BperpC_7.7MG_2.5K_06242026.DAT
10.5451,1.562,0.000387594,2.4998,Moment (emu),7.70,YZGO_BperpC_7.7MG_2.5K_06242026.DAT
10.5501,1.56238,0.00035468,2.4999,Moment (emu),7.70,YZGO_BperpC_7.7MG_2.5K_06242026.DAT
10.554,1.56212,0.000298503,2.5000,Moment (emu),7.70,YZGO_BperpC_7.7MG_2.5K_06242026.DAT
10.5588,1.56267,0.000353963,2.5000,Moment (emu),7.70,YZGO_BperpC_7.7MG_2.5K_06242026.DAT
10.5643,1.5632,0.00038309,2.5001,Moment (emu),7.70,YZGO_BperpC_7.7MG_2.5K_06242026.DAT
10.5681,1.56304,0.000430402,2.5002,Moment (emu),7.70,YZGO_BperpC_7.7MG_2.5K_06242026.DAT
10.5722,1.56277,0.000258221,2.5003,Moment (emu),7.70,YZGO_BperpC_7.7MG_2.5K_06242026.DAT
10.577,1.56338,0.000356411,2.5003,Moment (emu),7.70,YZGO_BperpC_7.7MG_2.5K_06242026.DAT
10.5822,1.56303,0.00038244,2.5003,Moment (emu),7.70,YZGO_BperpC_7.7MG_2.5K_06242026.DAT
10.5866,1.5627,0.000349347,2.5000,Moment (emu),7.70,YZGO_BperpC_7.7MG_2.5K_06242026.DAT
10.5907,1.56312,0.000412858,2.5000,Moment (emu),7.70,YZGO_BperpC_7.7MG_2.5K_06242026.DAT
10.5957,1.56328,0.000330941,2.5000,Moment (emu),7.70,YZGO_BperpC_7.7MG_2.5K_06242026.DAT
10.6003,1.56357,0.00036598,2.4999,Moment (emu),7.70,YZGO_BperpC_7.7MG_2.5K_06242026.DAT
10.605,1.56357,0.00035101,2.5000,Moment (emu),7.70,YZGO_BperpC_7.7MG_2.5K_06242026.DAT
10.6087,1.56371,0.000342489,2.4999,Moment (emu),7.70,YZGO_BperpC_7.7MG_2.5K_06242026.DAT
10.6137,1.56382,0.000357711,2.5005,Moment (emu),7.70,YZGO_BperpC_7.7MG_2.5K_06242026.DAT
10.618,1.56377,0.000355328,2.5019,Moment (emu),7.70,YZGO_BperpC_7.7MG_2.5K_06242026.DAT
10.6223,1.56359,0.000346082,2.5033,Moment (emu),7.70,YZGO_BperpC_7.7MG_2.5K_06242026.DAT
10.6271,1.56378,0.000317254,2.5039,Moment (emu),7.70,YZGO_BperpC_7.7MG_2.5K_06242026.DAT
10.6324,1.56405,0.000371852,2.5023,Moment (emu),7.70,YZGO_BperpC_7.7MG_2.5K_06242026.DAT
10.6365,1.56411,0.00033539,2.5011,Moment (emu),7.70,YZGO_BperpC_7.7MG_2.5K_06242026.DAT
10.6406,1.56496,0.000365382,2.4995,Moment (emu),7.70,YZGO_BperpC_7.7MG_2.5K_06242026.DAT
10.6451,1.56444,0.000399295,2.4980,Moment (emu),7.70,YZGO_BperpC_7.7MG_2.5K_06242026.DAT
10.6503,1.56495,0.000295238,2.4968,Moment (emu),7.70,YZGO_BperpC_7.7MG_2.5K_06242026.DAT
10.6547,1.56493,0.000371897,2.4966,Moment (emu),7.70,YZGO_BperpC_7.7MG_2.5K_06242026.DAT
10.6588,1.56498,0.000327119,2.4968,Moment (emu),7.70,YZGO_BperpC_7.7MG_2.5K_06242026.DAT
10.664,1.5657,0.000368123,2.4971,Moment (emu),7.70,YZGO_BperpC_7.7MG_2.5K_06242026.DAT
10.6679,1.56529,0.000372406,2.4980,Moment (emu),7.70,YZGO_BperpC_7.7MG_2.5K_06242026.DAT
10.6731,1.56506,0.000275586,2.4991,Moment (emu),7.70,YZGO_BperpC_7.7MG_2.5K_06242026.DAT
10.6777,1.56517,0.000330446,2.4996,Moment (emu),7.70,YZGO_BperpC_7.7MG_2.5K_06242026.DAT
10.6818,1.56558,0.000372466,2.5002,Moment (emu),7.70,YZGO_BperpC_7.7MG_2.5K_06242026.DAT
10.687,1.56507,0.000348613,2.5007,Moment (emu),7.70,YZGO_BperpC_7.7MG_2.5K_06242026.DAT
10.6913,1.56591,0.000378149,2.5009,Moment (emu),7.70,YZGO_BperpC_7.7MG_2.5K_06242026.DAT
10.6954,1.56567,0.000249486,2.5010,Moment (emu),7.70,YZGO_BperpC_7.7MG_2.5K_06242026.DAT
10.7007,1.56533,0.000337885,2.5008,Moment (emu),7.70,YZGO_BperpC_7.7MG_2.5K_06242026.DAT
10.7045,1.56602,0.000399113,2.5008,Moment (emu),7.70,YZGO_BperpC_7.7MG_2.5K_06242026.DAT
10.71,1.56677,0.000364128,2.5005,Moment (emu),7.70,YZGO_BperpC_7.7MG_2.5K_06242026.DAT
10.7136,1.56609,0.000295402,2.5004,Moment (emu),7.70,YZGO_BperpC_7.7MG_2.5K_06242026.DAT
10.7186,1.56636,0.000407396,2.5002,Moment (emu),7.70,YZGO_BperpC_7.7MG_2.5K_06242026.DAT
10.723,1.56625,0.000304693,2.5003,Moment (emu),7.70,YZGO_BperpC_7.7MG_2.5K_06242026.DAT
10.7271,1.56604,0.000332175,2.5004,Moment (emu),7.70,YZGO_BperpC_7.7MG_2.5K_06242026.DAT
10.7325,1.56654,0.000304294,2.5004,Moment (emu),7.70,YZGO_BperpC_7.7MG_2.5K_06242026.DAT
10.7371,1.56654,0.000416759,2.5003,Moment (emu),7.70,YZGO_BperpC_7.7MG_2.5K_06242026.DAT
10.7416,1.56689,0.000376061,2.5001,Moment (emu),7.70,YZGO_BperpC_7.7MG_2.5K_06242026.DAT
10.7453,1.5667,0.000330445,2.5001,Moment (emu),7.70,YZGO_BperpC_7.7MG_2.5K_06242026.DAT
10.7505,1.56641,0.000325399,2.5000,Moment (emu),7.70,YZGO_BperpC_7.7MG_2.5K_06242026.DAT
10.7546,1.56743,0.000418627,2.5000,Moment (emu),7.70,YZGO_BperpC_7.7MG_2.5K_06242026.DAT
10.7596,1.56758,0.000371636,2.4998,Moment (emu),7.70,YZGO_BperpC_7.7MG_2.5K_06242026.DAT
10.7637,1.56757,0.000392004,2.4999,Moment (emu),7.70,YZGO_BperpC_7.7MG_2.5K_06242026.DAT
10.7688,1.56755,0.000308734,2.5000,Moment (emu),7.70,YZGO_BperpC_7.7MG_2.5K_06242026.DAT
10.7726,1.56826,0.00033826,2.5000,Moment (emu),7.70,YZGO_BperpC_7.7MG_2.5K_06242026.DAT
10.7775,1.5671,0.000344923,2.5000,Moment (emu),7.70,YZGO_BperpC_7.7MG_2.5K_06242026.DAT
10.7823,1.56787,0.000389633,2.5000,Moment (emu),7.70,YZGO_BperpC_7.7MG_2.5K_06242026.DAT
10.7874,1.56783,0.000375974,2.5000,Moment (emu),7.70,YZGO_BperpC_7.7MG_2.5K_06242026.DAT
10.7915,1.56818,0.000359927,2.5000,Moment (emu),7.70,YZGO_BperpC_7.7MG_2.5K_06242026.DAT
10.7956,1.56801,0.00030026,2.5000,Moment (emu),7.70,YZGO_BperpC_7.7MG_2.5K_06242026.DAT
10.8008,1.56848,0.000484487,2.5001,Moment (emu),7.70,YZGO_BperpC_7.7MG_2.5K_06242026.DAT
10.8047,1.56835,0.00036895,2.5000,Moment (emu),7.70,YZGO_BperpC_7.7MG_2.5K_06242026.DAT
10.8099,1.56837,0.000376156,2.4999,Moment (emu),7.70,YZGO_BperpC_7.7MG_2.5K_06242026.DAT
10.814,1.56885,0.000488497,2.5000,Moment (emu),7.70,YZGO_BperpC_7.7MG_2.5K_06242026.DAT
10.8191,1.56841,0.000401335,2.5001,Moment (emu),7.70,YZGO_BperpC_7.7MG_2.5K_06242026.DAT
10.8229,1.56827,0.000334966,2.5000,Moment (emu),7.70,YZGO_BperpC_7.7MG_2.5K_06242026.DAT
10.8281,1.56878,0.000399956,2.4999,Moment (emu),7.70,YZGO_BperpC_7.7MG_2.5K_06242026.DAT
10.832,1.56954,0.000432153,2.4999,Moment (emu),7.70,YZGO_BperpC_7.7MG_2.5K_06242026.DAT
10.8372,1.56897,0.000322592,2.4997,Moment (emu),7.70,YZGO_BperpC_7.7MG_2.5K_06242026.DAT
10.8414,1.56888,0.000356881,2.4998,Moment (emu),7.70,YZGO_BperpC_7.7MG_2.5K_06242026.DAT
10.8457,1.56869,0.000345357,2.4999,Moment (emu),7.70,YZGO_BperpC_7.7MG_2.5K_06242026.DAT
10.8503,1.56975,0.000347446,2.5001,Moment (emu),7.70,YZGO_BperpC_7.7MG_2.5K_06242026.DAT
10.8555,1.56982,0.000360243,2.5002,Moment (emu),7.70,YZGO_BperpC_7.7MG_2.5K_06242026.DAT
10.8593,1.56961,0.000400156,2.4989,Moment (emu),7.70,YZGO_BperpC_7.7MG_2.5K_06242026.DAT
10.8641,1.56945,0.000335805,2.4974,Moment (emu),7.70,YZGO_BperpC_7.7MG_2.5K_06242026.DAT
10.8689,1.57008,0.00037915,2.4965,Moment (emu),7.70,YZGO_BperpC_7.7MG_2.5K_06242026.DAT
10.873,1.57013,0.000387004,2.4966,Moment (emu),7.70,YZGO_BperpC_7.7MG_2.5K_06242026.DAT
10.878,1.56986,0.000376897,2.4984,Moment (emu),7.70,YZGO_BperpC_7.7MG_2.5K_06242026.DAT
10.8821,1.57004,0.000375325,2.4995,Moment (emu),7.70,YZGO_BperpC_7.7MG_2.5K_06242026.DAT
10.8867,1.56991,0.000376705,2.5012,Moment (emu),7.70,YZGO_BperpC_7.7MG_2.5K_06242026.DAT
10.8917,1.57001,0.000358368,2.5029,Moment (emu),7.70,YZGO_BperpC_7.7MG_2.5K_06242026.DAT
10.8962,1.57008,0.000327262,2.5036,Moment (emu),7.70,YZGO_BperpC_7.7MG_2.5K_06242026.DAT
10.9013,1.56972,0.000324742,2.5035,Moment (emu),7.70,YZGO_BperpC_7.7MG_2.5K_06242026.DAT
10.9058,1.57027,0.000335598,2.5032,Moment (emu),7.70,YZGO_BperpC_7.7MG_2.5K_06242026.DAT
10.9102,1.57032,0.000366098,2.5027,Moment (emu),7.70,YZGO_BperpC_7.7MG_2.5K_06242026.DAT
10.9145,1.57061,0.00037341,2.5018,Moment (emu),7.70,YZGO_BperpC_7.7MG_2.5K_06242026.DAT
10.9184,1.5706,0.000420616,2.5011,Moment (emu),7.70,YZGO_BperpC_7.7MG_2.5K_06242026.DAT
10.9239,1.57113,0.000364074,2.5001,Moment (emu),7.70,YZGO_BperpC_7.7MG_2.5K_06242026.DAT
10.9277,1.57122,0.000375346,2.4997,Moment (emu),7.70,YZGO_BperpC_7.7MG_2.5K_06242026.DAT
10.9329,1.57074,0.000297961,2.4993,Moment (emu),7.70,YZGO_BperpC_7.7MG_2.5K_06242026.DAT
10.9368,1.57095,0.000390391,2.4992,Moment (emu),7.70,YZGO_BperpC_7.7MG_2.5K_06242026.DAT
10.9413,1.57172,0.000422134,2.4991,Moment (emu),7.70,YZGO_BperpC_7.7MG_2.5K_06242026.DAT
10.9459,1.57133,0.000423955,2.4991,Moment (emu),7.70,YZGO_BperpC_7.7MG_2.5K_06242026.DAT
10.9511,1.57136,0.000313414,2.4991,Moment (emu),7.70,YZGO_BperpC_7.7MG_2.5K_06242026.DAT
10.955,1.57124,0.000394396,2.4994,Moment (emu),7.70,YZGO_BperpC_7.7MG_2.5K_06242026.DAT
10.9596,1.5714,0.000347151,2.4995,Moment (emu),7.70,YZGO_BperpC_7.7MG_2.5K_06242026.DAT
10.9643,1.57215,0.000547154,2.4996,Moment (emu),7.70,YZGO_BperpC_7.7MG_2.5K_06242026.DAT
10.9684,1.57179,0.000354889,2.4997,Moment (emu),7.70,YZGO_BperpC_7.7MG_2.5K_06242026.DAT
10.9732,1.57212,0.000446018,2.4998,Moment (emu),7.70,YZGO_BperpC_7.7MG_2.5K_06242026.DAT
10.9778,1.57163,0.000370164,2.4999,Moment (emu),7.70,YZGO_BperpC_7.7MG_2.5K_06242026.DAT
10.9826,1.5725,0.000452572,2.4999,Moment (emu),7.70,YZGO_BperpC_7.7MG_2.5K_06242026.DAT
10.9869,1.57223,0.000371247,2.4999,Moment (emu),7.70,YZGO_BperpC_7.7MG_2.5K_06242026.DAT
10.9912,1.57173,0.000344703,2.5000,Moment (emu),7.70,YZGO_BperpC_7.7MG_2.5K_06242026.DAT
10.9958,1.57182,0.000401154,2.5000,Moment (emu),7.70,YZGO_BperpC_7.7MG_2.5K_06242026.DAT
11.0006,1.57217,0.000348288,2.5001,Moment (emu),7.70,YZGO_BperpC_7.7MG_2.5K_06242026.DAT
11.0051,1.5721,0.000343918,2.5001,Moment (emu),7.70,YZGO_BperpC_7.7MG_2.5K_06242026.DAT
11.0102,1.57296,0.000415101,2.5001,Moment (emu),7.70,YZGO_BperpC_7.7MG_2.5K_06242026.DAT
11.0141,1.57248,0.000306567,2.5002,Moment (emu),7.70,YZGO_BperpC_7.7MG_2.5K_06242026.DAT
11.0186,1.57268,0.000340606,2.5003,Moment (emu),7.70,YZGO_BperpC_7.7MG_2.5K_06242026.DAT
11.0238,1.57261,0.000352315,2.5002,Moment (emu),7.70,YZGO_BperpC_7.7MG_2.5K_06242026.DAT
11.0279,1.57226,0.000292659,2.5000,Moment (emu),7.70,YZGO_BperpC_7.7MG_2.5K_06242026.DAT
11.0322,1.573,0.000364283,2.4999,Moment (emu),7.70,YZGO_BperpC_7.7MG_2.5K_06242026.DAT
11.0365,1.57284,0.000337652,2.4998,Moment (emu),7.70,YZGO_BperpC_7.7MG_2.5K_06242026.DAT
11.0416,1.57262,0.000364338,2.4998,Moment (emu),7.70,YZGO_BperpC_7.7MG_2.5K_06242026.DAT
11.0464,1.57303,0.000294153,2.4997,Moment (emu),7.70,YZGO_BperpC_7.7MG_2.5K_06242026.DAT
11.0516,1.57298,0.000351654,2.4998,Moment (emu),7.70,YZGO_BperpC_7.7MG_2.5K_06242026.DAT
11.0559,1.57281,0.000346318,2.4999,Moment (emu),7.70,YZGO_BperpC_7.7MG_2.5K_06242026.DAT
11.0596,1.57297,0.00036634,2.5001,Moment (emu),7.70,YZGO_BperpC_7.7MG_2.5K_06242026.DAT
11.0644,1.57329,0.000292026,2.5002,Moment (emu),7.70,YZGO_BperpC_7.7MG_2.5K_06242026.DAT
11.0698,1.57298,0.00035872,2.5003,Moment (emu),7.70,YZGO_BperpC_7.7MG_2.5K_06242026.DAT
11.0742,1.57404,0.0003806,2.5003,Moment (emu),7.70,YZGO_BperpC_7.7MG_2.5K_06242026.DAT
11.0779,1.57407,0.000414603,2.5003,Moment (emu),7.70,YZGO_BperpC_7.7MG_2.5K_06242026.DAT
11.0829,1.57366,0.00023423,2.5001,Moment (emu),7.70,YZGO_BperpC_7.7MG_2.5K_06242026.DAT
11.087,1.57405,0.000426988,2.4999,Moment (emu),7.70,YZGO_BperpC_7.7MG_2.5K_06242026.DAT
11.0915,1.57371,0.000397829,2.4998,Moment (emu),7.70,YZGO_BperpC_7.7MG_2.5K_06242026.DAT
11.0965,1.57462,0.000426278,2.4999,Moment (emu),7.70,YZGO_BperpC_7.7MG_2.5K_06242026.DAT
11.1013,1.57417,0.000415142,2.5000,Moment (emu),7.70,YZGO_BperpC_7.7MG_2.5K_06242026.DAT
11.1051,1.57394,0.000292776,2.5013,Moment (emu),7.70,YZGO_BperpC_7.7MG_2.5K_06242026.DAT
11.1097,1.57404,0.000381093,2.5030,Moment (emu),7.70,YZGO_BperpC_7.7MG_2.5K_06242026.DAT
11.1143,1.57404,0.000330496,2.5036,Moment (emu),7.70,YZGO_BperpC_7.7MG_2.5K_06242026.DAT
11.12,1.5741,0.00041499,2.5035,Moment (emu),7.70,YZGO_BperpC_7.7MG_2.5K_06242026.DAT
11.1236,1.57392,0.000356888,2.5021,Moment (emu),7.70,YZGO_BperpC_7.7MG_2.5K_06242026.DAT
11.1289,1.574,0.000327082,2.5004,Moment (emu),7.70,YZGO_BperpC_7.7MG_2.5K_06242026.DAT
11.1332,1.57499,0.000352216,2.4981,Moment (emu),7.70,YZGO_BperpC_7.7MG_2.5K_06242026.DAT
11.1369,1.57482,0.000306058,2.4973,Moment (emu),7.70,YZGO_BperpC_7.7MG_2.5K_06242026.DAT
11.1421,1.575,0.000353644,2.4968,Moment (emu),7.70,YZGO_BperpC_7.7MG_2.5K_06242026.DAT
11.1462,1.57482,0.000307859,2.4966,Moment (emu),7.70,YZGO_BperpC_7.7MG_2.5K_06242026.DAT
11.1508,1.57495,0.000331135,2.4970,Moment (emu),7.70,YZGO_BperpC_7.7MG_2.5K_06242026.DAT
11.1555,1.57477,0.000345705,2.4976,Moment (emu),7.70,YZGO_BperpC_7.7MG_2.5K_06242026.DAT
11.1605,1.57487,0.000341152,2.4984,Moment (emu),7.70,YZGO_BperpC_7.7MG_2.5K_06242026.DAT
11.1646,1.57501,0.000321824,2.4992,Moment (emu),7.70,YZGO_BperpC_7.7MG_2.5K_06242026.DAT
11.1701,1.57543,0.000350628,2.5000,Moment (emu),7.70,YZGO_BperpC_7.7MG_2.5K_06242026.DAT
11.1737,1.57501,0.000374807,2.5004,Moment (emu),7.70,YZGO_BperpC_7.7MG_2.5K_06242026.DAT
11.178,1.57512,0.000341185,2.5006,Moment (emu),7.70,YZGO_BperpC_7.7MG_2.5K_06242026.DAT
11.1831,1.57559,0.000415167,2.5009,Moment (emu),7.70,YZGO_BperpC_7.7MG_2.5K_06242026.DAT
11.1876,1.57478,0.000334271,2.5009,Moment (emu),7.70,YZGO_BperpC_7.7MG_2.5K_06242026.DAT
11.1919,1.57574,0.000292849,2.5009,Moment (emu),7.70,YZGO_BperpC_7.7MG_2.5K_06242026.DAT
11.1965,1.57537,0.000358297,2.5007,Moment (emu),7.70,YZGO_BperpC_7.7MG_2.5K_06242026.DAT
11.2013,1.57556,0.000340752,2.5005,Moment (emu),7.70,YZGO_BperpC_7.7MG_2.5K_06242026.DAT
11.2051,1.57597,0.000310605,2.5005,Moment (emu),7.70,YZGO_BperpC_7.7MG_2.5K_06242026.DAT
11.2104,1.57612,0.000420795,2.5004,Moment (emu),7.70,YZGO_BperpC_7.7MG_2.5K_06242026.DAT
11.2145,1.57677,0.000431978,2.5002,Moment (emu),7.70,YZGO_BperpC_7.7MG_2.5K_06242026.DAT
11.2197,1.57594,0.000326295,2.5002,Moment (emu),7.70,YZGO_BperpC_7.7MG_2.5K_06242026.DAT
11.2236,1.57619,0.000403106,2.5001,Moment (emu),7.70,YZGO_BperpC_7.7MG_2.5K_06242026.DAT
11.2282,1.57613,0.000368547,2.5002,Moment (emu),7.70,YZGO_BperpC_7.7MG_2.5K_06242026.DAT
11.2325,1.57649,0.000404461,2.5001,Moment (emu),7.70,YZGO_BperpC_7.7MG_2.5K_06242026.DAT
11.2382,1.57621,0.000363322,2.5001,Moment (emu),7.70,YZGO_BperpC_7.7MG_2.5K_06242026.DAT
11.2418,1.57631,0.000482605,2.5001,Moment (emu),7.70,YZGO_BperpC_7.7MG_2.5K_06242026.DAT
11.2473,1.57677,0.000385274,2.5000,Moment (emu),7.70,YZGO_BperpC_7.7MG_2.5K_06242026.DAT
11.2512,1.57637,0.000338572,2.5001,Moment (emu),7.70,YZGO_BperpC_7.7MG_2.5K_06242026.DAT
11.2564,1.57637,0.000354359,2.5001,Moment (emu),7.70,YZGO_BperpC_7.7MG_2.5K_06242026.DAT
11.2605,1.5768,0.000371319,2.5001,Moment (emu),7.70,YZGO_BperpC_7.7MG_2.5K_06242026.DAT
11.2643,1.57681,0.000301741,2.5000,Moment (emu),7.70,YZGO_BperpC_7.7MG_2.5K_06242026.DAT
11.2689,1.57723,0.000459451,2.5000,Moment (emu),7.70,YZGO_BperpC_7.7MG_2.5K_06242026.DAT
11.2737,1.57805,0.000418331,2.5000,Moment (emu),7.70,YZGO_BperpC_7.7MG_2.5K_06242026.DAT
11.2782,1.57744,0.000367781,2.5000,Moment (emu),7.70,YZGO_BperpC_7.7MG_2.5K_06242026.DAT
11.2828,1.57742,0.000418454,2.4999,Moment (emu),7.70,YZGO_BperpC_7.7MG_2.5K_06242026.DAT
11.2878,1.5774,0.000379641,2.4999,Moment (emu),7.70,YZGO_BperpC_7.7MG_2.5K_06242026.DAT
11.2917,1.57733,0.000330701,2.5000,Moment (emu),7.70,YZGO_BperpC_7.7MG_2.5K_06242026.DAT
11.297,1.57732,0.000420597,2.4999,Moment (emu),7.70,YZGO_BperpC_7.7MG_2.5K_06242026.DAT
11.3022,1.5774,0.000406527,2.5000,Moment (emu),7.70,YZGO_BperpC_7.7MG_2.5K_06242026.DAT
11.3063,1.5774,0.000366267,2.5001,Moment (emu),7.70,YZGO_BperpC_7.7MG_2.5K_06242026.DAT
11.3104,1.57739,0.000375745,2.5001,Moment (emu),7.70,YZGO_BperpC_7.7MG_2.5K_06242026.DAT
11.3151,1.57745,0.000419943,2.5002,Moment (emu),7.70,YZGO_BperpC_7.7MG_2.5K_06242026.DAT
11.319,1.57748,0.000422381,2.5001,Moment (emu),7.70,YZGO_BperpC_7.7MG_2.5K_06242026.DAT
11.3238,1.57729,0.000311066,2.5001,Moment (emu),7.70,YZGO_BperpC_7.7MG_2.5K_06242026.DAT
11.3286,1.57769,0.000267023,2.5001,Moment (emu),7.70,YZGO_BperpC_7.7MG_2.5K_06242026.DAT
11.334,1.57845,0.000446062,2.4999,Moment (emu),7.70,YZGO_BperpC_7.7MG_2.5K_06242026.DAT
11.3377,1.57773,0.000351978,2.4999,Moment (emu),7.70,YZGO_BperpC_7.7MG_2.5K_06242026.DAT
11.3427,1.5783,0.000418628,2.4999,Moment (emu),7.70,YZGO_BperpC_7.7MG_2.5K_06242026.DAT
11.3464,1.57792,0.00039535,2.4996,Moment (emu),7.70,YZGO_BperpC_7.7MG_2.5K_06242026.DAT
11.3511,1.57758,0.000383616,2.4984,Moment (emu),7.70,YZGO_BperpC_7.7MG_2.5K_06242026.DAT
11.3562,1.57822,0.000351854,2.4962,Moment (emu),7.70,YZGO_BperpC_7.7MG_2.5K_06242026.DAT
11.3601,1.57878,0.000451512,2.4959,Moment (emu),7.70,YZGO_BperpC_7.7MG_2.5K_06242026.DAT
11.3653,1.57824,0.000316869,2.4971,Moment (emu),7.70,YZGO_BperpC_7.7MG_2.5K_06242026.DAT
11.3696,1.57791,0.000395835,2.4988,Moment (emu),7.70,YZGO_BperpC_7.7MG_2.5K_06242026.DAT
11.3744,1.57845,0.000397491,2.5007,Moment (emu),7.70,YZGO_BperpC_7.7MG_2.5K_06242026.DAT
11.3782,1.57809,0.000344489,2.5018,Moment (emu),7.70,YZGO_BperpC_7.7MG_2.5K_06242026.DAT
11.3828,1.57791,0.000343921,2.5032,Moment (emu),7.70,YZGO_BperpC_7.7MG_2.5K_06242026.DAT
11.3876,1.57827,0.000345842,2.5036,Moment (emu),7.70,YZGO_BperpC_7.7MG_2.5K_06242026.DAT
11.3931,1.57858,0.000362814,2.5034,Moment (emu),7.70,YZGO_BperpC_7.7MG_2.5K_06242026.DAT
11.3967,1.57883,0.000350663,2.5027,Moment (emu),7.70,YZGO_BperpC_7.7MG_2.5K_06242026.DAT
11.4017,1.57885,0.000346748,2.5022,Moment (emu),7.70,YZGO_BperpC_7.7MG_2.5K_06242026.DAT
11.4061,1.5781,0.000297955,2.5013,Moment (emu),7.70,YZGO_BperpC_7.7MG_2.5K_06242026.DAT
11.4102,1.57871,0.000454402,2.5009,Moment (emu),7.70,YZGO_BperpC_7.7MG_2.5K_06242026.DAT
11.4149,1.57893,0.000399804,2.5000,Moment (emu),7.70,YZGO_BperpC_7.7MG_2.5K_06242026.DAT
11.4193,1.57869,0.000325634,2.4996,Moment (emu),7.70,YZGO_BperpC_7.7MG_2.5K_06242026.DAT
11.4238,1.57906,0.000423656,2.4992,Moment (emu),7.70,YZGO_BperpC_7.7MG_2.5K_06242026.DAT
11.4284,1.57974,0.000348229,2.4991,Moment (emu),7.70,YZGO_BperpC_7.7MG_2.5K_06242026.DAT
11.4336,1.57941,0.000381897,2.4990,Moment (emu),7.70,YZGO_BperpC_7.7MG_2.5K_06242026.DAT
11.4375,1.5791,0.000296159,2.4991,Moment (emu),7.70,YZGO_BperpC_7.7MG_2.5K_06242026.DAT
11.4428,1.57937,0.000368693,2.4993,Moment (emu),7.70,YZGO_BperpC_7.7MG_2.5K_06242026.DAT
11.4466,1.5794,0.000386241,2.4995,Moment (emu),7.70,YZGO_BperpC_7.7MG_2.5K_06242026.DAT
11.4516,1.57944,0.000424214,2.4997,Moment (emu),7.70,YZGO_BperpC_7.7MG_2.5K_06242026.DAT
11.4557,1.57924,0.000382114,2.4998,Moment (emu),7.70,YZGO_BperpC_7.7MG_2.5K_06242026.DAT
11.4603,1.57998,0.000429933,2.4999,Moment (emu),7.70,YZGO_BperpC_7.7MG_2.5K_06242026.DAT
11.4648,1.57913,0.000359833,2.4999,Moment (emu),7.70,YZGO_BperpC_7.7MG_2.5K_06242026.DAT
11.4694,1.57933,0.000363699,2.5000,Moment (emu),7.70,YZGO_BperpC_7.7MG_2.5K_06242026.DAT
11.4739,1.57935,0.000317479,2.5000,Moment (emu),7.70,YZGO_BperpC_7.7MG_2.5K_06242026.DAT
11.4785,1.58002,0.000315441,2.4999,Moment (emu),7.70,YZGO_BperpC_7.7MG_2.5K_06242026.DAT
11.4831,1.57955,0.00035592,2.4998,Moment (emu),7.70,YZGO_BperpC_7.7MG_2.5K_06242026.DAT
11.4883,1.58,0.000369623,2.4999,Moment (emu),7.70,YZGO_BperpC_7.7MG_2.5K_06242026.DAT
11.4931,1.58022,0.000375364,2.5000,Moment (emu),7.70,YZGO_BperpC_7.7MG_2.5K_06242026.DAT
11.4974,1.58093,0.000425173,2.5001,Moment (emu),7.70,YZGO_BperpC_7.7MG_2.5K_06242026.DAT
11.5017,1.58001,0.000367551,2.5003,Moment (emu),7.70,YZGO_BperpC_7.7MG_2.5K_06242026.DAT
11.5065,1.58036,0.000506087,2.5003,Moment (emu),7.70,YZGO_BperpC_7.7MG_2.5K_06242026.DAT
11.5104,1.5804,0.000359189,2.5003,Moment (emu),7.70,YZGO_BperpC_7.7MG_2.5K_06242026.DAT
11.5154,1.5802,0.000433709,2.5002,Moment (emu),7.70,YZGO_BperpC_7.7MG_2.5K_06242026.DAT
11.5195,1.58016,0.000432971,2.5001,Moment (emu),7.70,YZGO_BperpC_7.7MG_2.5K_06242026.DAT
11.5245,1.58053,0.000450968,2.5000,Moment (emu),7.70,YZGO_BperpC_7.7MG_2.5K_06242026.DAT
11.5286,1.58063,0.000535367,2.5000,Moment (emu),7.70,YZGO_BperpC_7.7MG_2.5K_06242026.DAT
11.5329,1.58056,0.000342913,2.4999,Moment (emu),7.70,YZGO_BperpC_7.7MG_2.5K_06242026.DAT
11.5374,1.58071,0.000399559,2.4998,Moment (emu),7.70,YZGO_BperpC_7.7MG_2.5K_06242026.DAT
11.5422,1.5807,0.000398339,2.4998,Moment (emu),7.70,YZGO_BperpC_7.7MG_2.5K_06242026.DAT
11.5468,1.58032,0.000334491,2.4998,Moment (emu),7.70,YZGO_BperpC_7.7MG_2.5K_06242026.DAT
11.5514,1.58057,0.000440857,2.4999,Moment (emu),7.70,YZGO_BperpC_7.7MG_2.5K_06242026.DAT
11.5559,1.58109,0.000430353,2.5000,Moment (emu),7.70,YZGO_BperpC_7.7MG_2.5K_06242026.DAT
11.5609,1.58082,0.000419449,2.5001,Moment (emu),7.70,YZGO_BperpC_7.7MG_2.5K_06242026.DAT
11.5653,1.58086,0.000355441,2.5001,Moment (emu),7.70,YZGO_BperpC_7.7MG_2.5K_06242026.DAT
11.5696,1.58137,0.000383635,2.5001,Moment (emu),7.70,YZGO_BperpC_7.7MG_2.5K_06242026.DAT
11.5744,1.58062,0.000323354,2.5002,Moment (emu),7.70,YZGO_BperpC_7.7MG_2.5K_06242026.DAT
11.5787,1.5807,0.00032313,2.5002,Moment (emu),7.70,YZGO_BperpC_7.7MG_2.5K_06242026.DAT
11.5835,1.58103,0.000352135,2.5000,Moment (emu),7.70,YZGO_BperpC_7.7MG_2.5K_06242026.DAT
11.5883,1.58101,0.000308585,2.4999,Moment (emu),7.70,YZGO_BperpC_7.7MG_2.5K_06242026.DAT
11.5926,1.58129,0.000327604,2.5007,Moment (emu),7.70,YZGO_BperpC_7.7MG_2.5K_06242026.DAT
11.5967,1.58125,0.000334553,2.5022,Moment (emu),7.70,YZGO_BperpC_7.7MG_2.5K_06242026.DAT
11.6015,1.58113,0.000389742,2.5034,Moment (emu),7.70,YZGO_BperpC_7.7MG_2.5K_06242026.DAT
11.606,1.58157,0.000418657,2.5040,Moment (emu),7.70,YZGO_BperpC_7.7MG_2.5K_06242026.DAT
11.6111,1.58165,0.000336171,2.5025,Moment (emu),7.70,YZGO_BperpC_7.7MG_2.5K_06242026.DAT
11.6156,1.58163,0.000328055,2.5012,Moment (emu),7.70,YZGO_BperpC_7.7MG_2.5K_06242026.DAT
11.6204,1.58159,0.000386759,2.4992,Moment (emu),7.70,YZGO_BperpC_7.7MG_2.5K_06242026.DAT
11.6247,1.58179,0.000385267,2.4976,Moment (emu),7.70,YZGO_BperpC_7.7MG_2.5K_06242026.DAT
11.6293,1.58199,0.000330782,2.4969,Moment (emu),7.70,YZGO_BperpC_7.7MG_2.5K_06242026.DAT
11.6336,1.58163,0.000330543,2.4965,Moment (emu),7.70,YZGO_BperpC_7.7MG_2.5K_06242026.DAT
11.6384,1.58171,0.000431683,2.4966,Moment (emu),7.70,YZGO_BperpC_7.7MG_2.5K_06242026.DAT
11.6423,1.58162,0.000398058,2.4972,Moment (emu),7.70,YZGO_BperpC_7.7MG_2.5K_06242026.DAT
11.6478,1.58186,0.000358093,2.4980,Moment (emu),7.70,YZGO_BperpC_7.7MG_2.5K_06242026.DAT
11.6516,1.58144,0.000381592,2.4988,Moment (emu),7.70,YZGO_BperpC_7.7MG_2.5K_06242026.DAT
11.6565,1.58226,0.00035612,2.4995,Moment (emu),7.70,YZGO_BperpC_7.7MG_2.5K_06242026.DAT
11.6608,1.58174,0.000269651,2.5000,Moment (emu),7.70,YZGO_BperpC_7.7MG_2.5K_06242026.DAT
11.6653,1.58273,0.000467877,2.5005,Moment (emu),7.70,YZGO_BperpC_7.7MG_2.5K_06242026.DAT
11.6698,1.58192,0.000361866,2.5007,Moment (emu),7.70,YZGO_BperpC_7.7MG_2.5K_06242026.DAT
11.6749,1.58227,0.000394168,2.5008,Moment (emu),7.70,YZGO_BperpC_7.7MG_2.5K_06242026.DAT
11.6792,1.58265,0.000401287,2.5008,Moment (emu),7.70,YZGO_BperpC_7.7MG_2.5K_06242026.DAT
11.6843,1.58246,0.000384513,2.5009,Moment (emu),7.70,YZGO_BperpC_7.7MG_2.5K_06242026.DAT
11.6886,1.58218,0.000299718,2.5008,Moment (emu),7.70,YZGO_BperpC_7.7MG_2.5K_06242026.DAT
11.6924,1.58237,0.000380032,2.5006,Moment (emu),7.70,YZGO_BperpC_7.7MG_2.5K_06242026.DAT
11.6972,1.58284,0.00051154,2.5006,Moment (emu),7.70,YZGO_BperpC_7.7MG_2.5K_06242026.DAT
11.7022,1.58233,0.000398171,2.5006,Moment (emu),7.70,YZGO_BperpC_7.7MG_2.5K_06242026.DAT
11.7065,1.58303,0.000370461,2.5005,Moment (emu),7.70,YZGO_BperpC_7.7MG_2.5K_06242026.DAT
11.7111,1.5832,0.000476574,2.5003,Moment (emu),7.70,YZGO_BperpC_7.7MG_2.5K_06242026.DAT
11.7154,1.58248,0.000382078,2.5001,Moment (emu),7.70,YZGO_BperpC_7.7MG_2.5K_06242026.DAT
11.7197,1.58289,0.000396325,2.5000,Moment (emu),7.70,YZGO_BperpC_7.7MG_2.5K_06242026.DAT
11.7247,1.58314,0.000391407,2.5000,Moment (emu),7.70,YZGO_BperpC_7.7MG_2.5K_06242026.DAT
11.7288,1.58297,0.00035572,2.4999,Moment (emu),7.70,YZGO_BperpC_7.7MG_2.5K_06242026.DAT
11.7334,1.58294,0.000371824,2.5000,Moment (emu),7.70,YZGO_BperpC_7.7MG_2.5K_06242026.DAT
11.7381,1.58297,0.000360802,2.5001,Moment (emu),7.70,YZGO_BperpC_7.7MG_2.5K_06242026.DAT
11.7429,1.58341,0.000465266,2.5002,Moment (emu),7.70,YZGO_BperpC_7.7MG_2.5K_06242026.DAT
11.747,1.58327,0.000418189,2.5000,Moment (emu),7.70,YZGO_BperpC_7.7MG_2.5K_06242026.DAT
11.7514,1.58344,0.000345411,2.4998,Moment (emu),7.70,YZGO_BperpC_7.7MG_2.5K_06242026.DAT
11.7564,1.58317,0.000427811,2.4999,Moment (emu),7.70,YZGO_BperpC_7.7MG_2.5K_06242026.DAT
11.7614,1.58314,0.000362863,2.5000,Moment (emu),7.70,YZGO_BperpC_7.7MG_2.5K_06242026.DAT
11.7655,1.58387,0.000353622,2.5000,Moment (emu),7.70,YZGO_BperpC_7.7MG_2.5K_06242026.DAT
11.7705,1.58359,0.000391075,2.5000,Moment (emu),7.70,YZGO_BperpC_7.7MG_2.5K_06242026.DAT
11.7742,1.5839,0.000451065,2.5000,Moment (emu),7.70,YZGO_BperpC_7.7MG_2.5K_06242026.DAT
11.7799,1.58314,0.000417216,2.5000,Moment (emu),7.70,YZGO_BperpC_7.7MG_2.5K_06242026.DAT
11.7838,1.58389,0.000332661,2.5000,Moment (emu),7.70,YZGO_BperpC_7.7MG_2.5K_06242026.DAT
11.7881,1.58411,0.000444297,2.5001,Moment (emu),7.70,YZGO_BperpC_7.7MG_2.5K_06242026.DAT
11.7931,1.58318,0.000333051,2.5001,Moment (emu),7.70,YZGO_BperpC_7.7MG_2.5K_06242026.DAT
11.7981,1.58319,0.000343368,2.5002,Moment (emu),7.70,YZGO_BperpC_7.7MG_2.5K_06242026.DAT
11.8022,1.58473,0.000453095,2.5002,Moment (emu),7.70,YZGO_BperpC_7.7MG_2.5K_06242026.DAT
11.8072,1.58352,0.000424257,2.5000,Moment (emu),7.70,YZGO_BperpC_7.7MG_2.5K_06242026.DAT
11.8113,1.5838,0.00036776,2.4999,Moment (emu),7.70,YZGO_BperpC_7.7MG_2.5K_06242026.DAT
11.8156,1.58372,0.000408755,2.4999,Moment (emu),7.70,YZGO_BperpC_7.7MG_2.5K_06242026.DAT
11.8206,1.58453,0.000517788,2.4999,Moment (emu),7.70,YZGO_BperpC_7.7MG_2.5K_06242026.DAT
11.8243,1.58413,0.00045693,2.5000,Moment (emu),7.70,YZGO_BperpC_7.7MG_2.5K_06242026.DAT
11.8291,1.58367,0.000382904,2.5000,Moment (emu),7.70,YZGO_BperpC_7.7MG_2.5K_06242026.DAT
11.8336,1.58475,0.000446813,2.5000,Moment (emu),7.70,YZGO_BperpC_7.7MG_2.5K_06242026.DAT
11.8386,1.58428,0.00041896,2.4984,Moment (emu),7.70,YZGO_BperpC_7.7MG_2.5K_06242026.DAT
11.8427,1.58425,0.000319758,2.4967,Moment (emu),7.70,YZGO_BperpC_7.7MG_2.5K_06242026.DAT
11.847,1.58388,0.000340026,2.4958,Moment (emu),7.70,YZGO_BperpC_7.7MG_2.5K_06242026.DAT
11.852,1.58412,0.00037263,2.4960,Moment (emu),7.70,YZGO_BperpC_7.7MG_2.5K_06242026.DAT
11.857,1.58465,0.000371417,2.4977,Moment (emu),7.70,YZGO_BperpC_7.7MG_2.5K_06242026.DAT
11.8614,1.58399,0.000408817,2.5000,Moment (emu),7.70,YZGO_BperpC_7.7MG_2.5K_06242026.DAT
11.866,1.58403,0.00034913,2.5017,Moment (emu),7.70,YZGO_BperpC_7.7MG_2.5K_06242026.DAT
11.8707,1.58453,0.000326415,2.5031,Moment (emu),7.70,YZGO_BperpC_7.7MG_2.5K_06242026.DAT
11.8746,1.58439,0.000331107,2.5038,Moment (emu),7.70,YZGO_BperpC_7.7MG_2.5K_06242026.DAT
11.8794,1.58493,0.00047349,2.5039,Moment (emu),7.70,YZGO_BperpC_7.7MG_2.5K_06242026.DAT
11.8839,1.58503,0.000393724,2.5035,Moment (emu),7.70,YZGO_BperpC_7.7MG_2.5K_06242026.DAT
11.8885,1.58504,0.000465519,2.5027,Moment (emu),7.70,YZGO_BperpC_7.7MG_2.5K_06242026.DAT
11.8933,1.58462,0.000343871,2.5019,Moment (emu),7.70,YZGO_BperpC_7.7MG_2.5K_06242026.DAT
11.8979,1.58442,0.000324626,2.5007,Moment (emu),7.70,YZGO_BperpC_7.7MG_2.5K_06242026.DAT
11.902,1.58474,0.00039652,2.5002,Moment (emu),7.70,YZGO_BperpC_7.7MG_2.5K_06242026.DAT
11.9072,1.58453,0.000362374,2.4995,Moment (emu),7.70,YZGO_BperpC_7.7MG_2.5K_06242026.DAT
11.9113,1.58496,0.000363193,2.4993,Moment (emu),7.70,YZGO_BperpC_7.7MG_2.5K_06242026.DAT
11.9154,1.58512,0.000433012,2.4992,Moment (emu),7.70,YZGO_BperpC_7.7MG_2.5K_06242026.DAT
11.9202,1.58504,0.000416631,2.4992,Moment (emu),7.70,YZGO_BperpC_7.7MG_2.5K_06242026.DAT
11.9255,1.58534,0.000344855,2.4992,Moment (emu),7.70,YZGO_BperpC_7.7MG_2.5K_06242026.DAT
11.9298,1.58468,0.000413664,2.4992,Moment (emu),7.70,YZGO_BperpC_7.7MG_2.5K_06242026.DAT
11.9337,1.58476,0.000295435,2.4993,Moment (emu),7.70,YZGO_BperpC_7.7MG_2.5K_06242026.DAT
11.9389,1.58517,0.000304395,2.4994,Moment (emu),7.70,YZGO_BperpC_7.7MG_2.5K_06242026.DAT
11.9428,1.58462,0.000357193,2.4994,Moment (emu),7.70,YZGO_BperpC_7.7MG_2.5K_06242026.DAT
11.9476,1.58578,0.000408928,2.4995,Moment (emu),7.70,YZGO_BperpC_7.7MG_2.5K_06242026.DAT
11.9521,1.58463,0.00045633,2.4997,Moment (emu),7.70,YZGO_BperpC_7.7MG_2.5K_06242026.DAT
11.9571,1.58513,0.000401648,2.4998,Moment (emu),7.70,YZGO_BperpC_7.7MG_2.5K_06242026.DAT
11.9612,1.586,0.000407088,2.4999,Moment (emu),7.70,YZGO_BperpC_7.7MG_2.5K_06242026.DAT
11.9665,1.5853,0.00041004,2.5000,Moment (emu),7.70,YZGO_BperpC_7.7MG_2.5K_06242026.DAT
11.9706,1.5852,0.000375366,2.5001,Moment (emu),7.70,YZGO_BperpC_7.7MG_2.5K_06242026.DAT
11.976,1.58508,0.000342342,2.5000,Moment (emu),7.70,YZGO_BperpC_7.7MG_2.5K_06242026.DAT
11.9795,1.58519,0.000382194,2.5001,Moment (emu),7.70,YZGO_BperpC_7.7MG_2.5K_06242026.DAT
11.9849,1.58589,0.000365596,2.5003,Moment (emu),7.70,YZGO_BperpC_7.7MG_2.5K_06242026.DAT
11.989,1.58494,0.000300205,2.5003,Moment (emu),7.70,YZGO_BperpC_7.7MG_2.5K_06242026.DAT
11.9929,1.58585,0.000454268,2.5002,Moment (emu),7.70,YZGO_BperpC_7.7MG_2.5K_06242026.DAT
11.9996,1.58582,0.000311533,2.4999,Moment (emu),7.70,YZGO_BperpC_7.7MG_2.5K_06242026.DAT
11.9999,1.58565,0.000369343,2.5010,Moment (emu),7.70,YZGO_BperpC_7.7MG_2.5K_06242026.DAT
12.0003,1.58586,0.000413189,2.5001,Moment (emu),7.70,YZGO_BperpC_7.7MG_2.5K_06242026.DAT
12.0019,1.58475,0.000329154,2.5001,Moment (emu),7.70,YZGO_BperpC_7.7MG_2.5K_06242026.DAT
12.0041,1.58497,0.000313963,2.5001,Moment (emu),7.70,YZGO_BperpC_7.7MG_2.5K_06242026.DAT
12.0066,1.58538,0.000423229,2.5001,Moment (emu),7.70,YZGO_BperpC_7.7MG_2.5K_06242026.DAT
12.0095,1.58487,0.000373995,2.5000,Moment (emu),7.70,YZGO_BperpC_7.7MG_2.5K_06242026.DAT
12.0116,1.58482,0.000366597,2.4999,Moment (emu),7.70,YZGO_BperpC_7.7MG_2.5K_06242026.DAT
12.014,1.58506,0.000367132,2.5000,Moment (emu),7.70,YZGO_BperpC_7.7MG_2.5K_06242026.DAT
12.0168,1.5852,0.000345879,2.5000,Moment (emu),7.70,YZGO_BperpC_7.7MG_2.5K_06242026.DAT
12.019,1.58556,0.000388731,2.4999,Moment (emu),7.70,YZGO_BperpC_7.7MG_2.5K_06242026.DAT
12.0215,1.58502,0.000364407,2.4998,Moment (emu),7.70,YZGO_BperpC_7.7MG_2.5K_06242026.DAT
12.024,1.58518,0.000362245,2.4997,Moment (emu),7.70,YZGO_BperpC_7.7MG_2.5K_06242026.DAT
12.0267,1.58544,0.000383402,2.4997,Moment (emu),7.70,YZGO_BperpC_7.7MG_2.5K_06242026.DAT
12.029,1.58574,0.000327667,2.4998,Moment (emu),7.70,YZGO_BperpC_7.7MG_2.5K_06242026.DAT
12.0313,1.5851,0.000359205,2.4999,Moment (emu),7.70,YZGO_BperpC_7.7MG_2.5K_06242026.DAT
12.034,1.5852,0.000384587,2.5000,Moment (emu),7.70,YZGO_BperpC_7.7MG_2.5K_06242026.DAT
12.0365,1.58571,0.000400889,2.5002,Moment (emu),7.70,YZGO_BperpC_7.7MG_2.5K_06242026.DAT
12.039,1.58572,0.000406922,2.5002,Moment (emu),7.70,YZGO_BperpC_7.7MG_2.5K_06242026.DAT
12.0418,1.58562,0.00043878,2.5003,Moment (emu),7.70,YZGO_BperpC_7.7MG_2.5K_06242026.DAT
12.044,1.58566,0.000390393,2.5003,Moment (emu),7.70,YZGO_BperpC_7.7MG_2.5K_06242026.DAT
12.047,1.58547,0.000426769,2.5002,Moment (emu),7.70,YZGO_BperpC_7.7MG_2.5K_06242026.DAT
12.0493,1.58564,0.000330248,2.5000,Moment (emu),7.70,YZGO_BperpC_7.7MG_2.5K_06242026.DAT
12.0515,1.58594,0.000425337,2.4999,Moment (emu),7.70,YZGO_BperpC_7.7MG_2.5K_06242026.DAT
12.0541,1.58528,0.000390224,2.4998,Moment (emu),7.70,YZGO_BperpC_7.7MG_2.5K_06242026.DAT
12.0567,1.58571,0.000360689,2.4998,Moment (emu),7.70,YZGO_BperpC_7.7MG_2.5K_06242026.DAT
12.0592,1.58578,0.000374486,2.4999,Moment (emu),7.70,YZGO_BperpC_7.7MG_2.5K_06242026.DAT
12.0615,1.58585,0.000438358,2.4999,Moment (emu),7.70,YZGO_BperpC_7.7MG_2.5K_06242026.DAT
12.0642,1.58581,0.00039431,2.5000,Moment (emu),7.70,YZGO_BperpC_7.7MG_2.5K_06242026.DAT
12.0667,1.58514,0.000338123,2.4999,Moment (emu),7.70,YZGO_BperpC_7.7MG_2.5K_06242026.DAT
12.0689,1.58584,0.000368962,2.4977,Moment (emu),7.70,YZGO_BperpC_7.7MG_2.5K_06242026.DAT
12.0713,1.58594,0.00034479,2.4964,Moment (emu),7.70,YZGO_BperpC_7.7MG_2.5K_06242026.DAT
12.0738,1.58575,0.000318774,2.4960,Moment (emu),7.70,YZGO_BperpC_7.7MG_2.5K_06242026.DAT
12.0763,1.58599,0.000423319,2.4971,Moment (emu),7.70,YZGO_BperpC_7.7MG_2.5K_06242026.DAT
12.0792,1.58545,0.000293112,2.4989,Moment (emu),7.70,YZGO_BperpC_7.7MG_2.5K_06242026.DAT
12.0814,1.58575,0.000386329,2.5007,Moment (emu),7.70,YZGO_BperpC_7.7MG_2.5K_06242026.DAT
12.0842,1.58556,0.000348286,2.5023,Moment (emu),7.70,YZGO_BperpC_7.7MG_2.5K_06242026.DAT
12.0866,1.58568,0.000347826,2.5032,Moment (emu),7.70,YZGO_BperpC_7.7MG_2.5K_06242026.DAT
12.0895,1.58544,0.00032318,2.5038,Moment (emu),7.70,YZGO_BperpC_7.7MG_2.5K_06242026.DAT
12.0915,1.58607,0.000392028,2.5037,Moment (emu),7.70,YZGO_BperpC_7.7MG_2.5K_06242026.DAT
12.0937,1.58531,0.000371673,2.5030,Moment (emu),7.70,YZGO_BperpC_7.7MG_2.5K_06242026.DAT
12.0963,1.58591,0.000404087,2.5023,Moment (emu),7.70,YZGO_BperpC_7.7MG_2.5K_06242026.DAT
12.0989,1.58627,0.000411295,2.5014,Moment (emu),7.70,YZGO_BperpC_7.7MG_2.5K_06242026.DAT
12.1014,1.58601,0.000374939,2.5009,Moment (emu),7.70,YZGO_BperpC_7.7MG_2.5K_06242026.DAT
12.1041,1.58636,0.000392378,2.4997,Moment (emu),7.70,YZGO_BperpC_7.7MG_2.5K_06242026.DAT
12.1065,1.58591,0.000409785,2.4992,Moment (emu),7.70,YZGO_BperpC_7.7MG_2.5K_06242026.DAT
12.1088,1.58632,0.000366512,2.4989,Moment (emu),7.70,YZGO_BperpC_7.7MG_2.5K_06242026.DAT
12.1114,1.58625,0.000418897,2.4988,Moment (emu),7.70,YZGO_BperpC_7.7MG_2.5K_06242026.DAT
12.1143,1.58612,0.000454285,2.4989,Moment (emu),7.70,YZGO_BperpC_7.7MG_2.5K_06242026.DAT
12.1164,1.58571,0.000339275,2.4990,Moment (emu),7.70,YZGO_BperpC_7.7MG_2.5K_06242026.DAT
12.1189,1.58679,0.0005121,2.4991,Moment (emu),7.70,YZGO_BperpC_7.7MG_2.5K_06242026.DAT
12.1215,1.58593,0.000352737,2.4992,Moment (emu),7.70,YZGO_BperpC_7.7MG_2.5K_06242026.DAT
12.1238,1.58593,0.000405068,2.4994,Moment (emu),7.70,YZGO_BperpC_7.7MG_2.5K_06242026.DAT
12.1265,1.5865,0.000378813,2.4996,Moment (emu),7.70,YZGO_BperpC_7.7MG_2.5K_06242026.DAT
12.1289,1.58624,0.000312475,2.4998,Moment (emu),7.70,YZGO_BperpC_7.7MG_2.5K_06242026.DAT
12.1311,1.58639,0.000343941,2.4998,Moment (emu),7.70,YZGO_BperpC_7.7MG_2.5K_06242026.DAT
12.1339,1.58606,0.000379232,2.4999,Moment (emu),7.70,YZGO_BperpC_7.7MG_2.5K_06242026.DAT
12.1365,1.58552,0.000369316,2.5000,Moment (emu),7.70,YZGO_BperpC_7.7MG_2.5K_06242026.DAT
12.1387,1.58605,0.000407239,2.5001,Moment (emu),7.70,YZGO_BperpC_7.7MG_2.5K_06242026.DAT
12.1416,1.58558,0.00038705,2.5001,Moment (emu),7.70,YZGO_BperpC_7.7MG_2.5K_06242026.DAT
12.1439,1.58676,0.000395695,2.4999,Moment (emu),7.70,YZGO_BperpC_7.7MG_2.5K_06242026.DAT
12.1468,1.58611,0.000358458,2.4999,Moment (emu),7.70,YZGO_BperpC_7.7MG_2.5K_06242026.DAT
12.1491,1.58601,0.000269195,2.4999,Moment (emu),7.70,YZGO_BperpC_7.7MG_2.5K_06242026.DAT
12.1511,1.58563,0.000327006,2.4999,Moment (emu),7.70,YZGO_BperpC_7.7MG_2.5K_06242026.DAT
12.1537,1.58649,0.000401937,2.4999,Moment (emu),7.70,YZGO_BperpC_7.7MG_2.5K_06242026.DAT
12.1564,1.58626,0.000340787,2.5000,Moment (emu),7.70,YZGO_BperpC_7.7MG_2.5K_06242026.DAT
12.1589,1.58634,0.000406239,2.5001,Moment (emu),7.70,YZGO_BperpC_7.7MG_2.5K_06242026.DAT
12.1612,1.58579,0.000333892,2.5001,Moment (emu),7.70,YZGO_BperpC_7.7MG_2.5K_06242026.DAT
12.164,1.58595,0.000303663,2.5001,Moment (emu),7.70,YZGO_BperpC_7.7MG_2.5K_06242026.DAT
12.1665,1.58609,0.000360056,2.5001,Moment (emu),7.70,YZGO_BperpC_7.7MG_2.5K_06242026.DAT
12.1692,1.58652,0.00036479,2.5001,Moment (emu),7.70,YZGO_BperpC_7.7MG_2.5K_06242026.DAT
12.1711,1.58593,0.000366624,2.5001,Moment (emu),7.70,YZGO_BperpC_7.7MG_2.5K_06242026.DAT
12.1737,1.5858,0.000349058,2.5002,Moment (emu),7.70,YZGO_BperpC_7.7MG_2.5K_06242026.DAT
12.1761,1.58651,0.0004214,2.5001,Moment (emu),7.70,YZGO_BperpC_7.7MG_2.5K_06242026.DAT
12.179,1.58639,0.000437729,2.5001,Moment (emu),7.70,YZGO_BperpC_7.7MG_2.5K_06242026.DAT
12.1813,1.58605,0.000376157,2.5000,Moment (emu),7.70,YZGO_BperpC_7.7MG_2.5K_06242026.DAT
12.1841,1.58611,0.000305359,2.5000,Moment (emu),7.70,YZGO_BperpC_7.7MG_2.5K_06242026.DAT
12.1862,1.58608,0.000447443,2.5000,Moment (emu),7.70,YZGO_BperpC_7.7MG_2.5K_06242026.DAT
12.1893,1.58612,0.000359932,2.5000,Moment (emu),7.70,YZGO_BperpC_7.7MG_2.5K_06242026.DAT
12.1915,1.58626,0.000372169,2.4999,Moment (emu),7.70,YZGO_BperpC_7.7MG_2.5K_06242026.DAT
12.1936,1.58649,0.000367389,2.4999,Moment (emu),7.70,YZGO_BperpC_7.7MG_2.5K_06242026.DAT
12.1961,1.5866,0.000423453,2.5000,Moment (emu),7.70,YZGO_BperpC_7.7MG_2.5K_06242026.DAT
12.1991,1.58649,0.000313359,2.5001,Moment (emu),7.70,YZGO_BperpC_7.7MG_2.5K_06242026.DAT
12.2014,1.58673,0.000374767,2.5007,Moment (emu),7.70,YZGO_BperpC_7.7MG_2.5K_06242026.DAT
12.2038,1.58609,0.000371572,2.5019,Moment (emu),7.70,YZGO_BperpC_7.7MG_2.5K_06242026.DAT
12.2066,1.58643,0.000400062,2.5036,Moment (emu),7.70,YZGO_BperpC_7.7MG_2.5K_06242026.DAT
12.2094,1.58632,0.000367932,2.5036,Moment (emu),7.70,YZGO_BperpC_7.7MG_2.5K_06242026.DAT
12.2115,1.58613,0.000335648,2.5022,Moment (emu),7.70,YZGO_BperpC_7.7MG_2.5K_06242026.DAT
12.2136,1.58681,0.000448229,2.5013,Moment (emu),7.70,YZGO_BperpC_7.7MG_2.5K_06242026.DAT
12.2161,1.58702,0.000428098,2.4997,Moment (emu),7.70,YZGO_BperpC_7.7MG_2.5K_06242026.DAT
12.2186,1.58694,0.000404765,2.4979,Moment (emu),7.70,YZGO_BperpC_7.7MG_2.5K_06242026.DAT
12.2213,1.58683,0.000346901,2.4970,Moment (emu),7.70,YZGO_BperpC_7.7MG_2.5K_06242026.DAT
12.2237,1.58601,0.0003387,2.4967,Moment (emu),7.70,YZGO_BperpC_7.7MG_2.5K_06242026.DAT
12.2266,1.58673,0.000452268,2.4967,Moment (emu),7.70,YZGO_BperpC_7.7MG_2.5K_06242026.DAT
12.2287,1.58709,0.00042453,2.4973,Moment (emu),7.70,YZGO_BperpC_7.7MG_2.5K_06242026.DAT
12.2314,1.58635,0.000320822,2.4980,Moment (emu),7.70,YZGO_BperpC_7.7MG_2.5K_06242026.DAT
12.2337,1.58692,0.000420386,2.4987,Moment (emu),7.70,YZGO_BperpC_7.7MG_2.5K_06242026.DAT
12.2367,1.5866,0.000310479,2.4994,Moment (emu),7.70,YZGO_BperpC_7.7MG_2.5K_06242026.DAT
12.2387,1.58677,0.000413647,2.5000,Moment (emu),7.70,YZGO_BperpC_7.7MG_2.5K_06242026.DAT
12.2411,1.58704,0.000382394,2.5005,Moment (emu),7.70,YZGO_BperpC_7.7MG_2.5K_06242026.DAT
12.2438,1.58632,0.000321869,2.5009,Moment (emu),7.70,YZGO_BperpC_7.7MG_2.5K_06242026.DAT
12.2463,1.58626,0.00033407,2.5010,Moment (emu),7.70,YZGO_BperpC_7.7MG_2.5K_06242026.DAT
12.2489,1.58688,0.000321217,2.5010,Moment (emu),7.70,YZGO_BperpC_7.7MG_2.5K_06242026.DAT
12.2514,1.58628,0.00035061,2.5009,Moment (emu),7.70,YZGO_BperpC_7.7MG_2.5K_06242026.DAT
12.2538,1.58692,0.00037231,2.5005,Moment (emu),7.70,YZGO_BperpC_7.7MG_2.5K_06242026.DAT
12.256,1.58703,0.000368084,2.5004,Moment (emu),7.70,YZGO_BperpC_7.7MG_2.5K_06242026.DAT
12.259,1.58678,0.000364426,2.5003,Moment (emu),7.70,YZGO_BperpC_7.7MG_2.5K_06242026.DAT
12.2612,1.58684,0.00037549,2.5002,Moment (emu),7.70,YZGO_BperpC_7.7MG_2.5K_06242026.DAT
12.264,1.58689,0.000410183,2.5000,Moment (emu),7.70,YZGO_BperpC_7.7MG_2.5K_06242026.DAT
12.2662,1.58768,0.000430918,2.5001,Moment (emu),7.70,YZGO_BperpC_7.7MG_2.5K_06242026.DAT
12.2685,1.58627,0.000396862,2.5002,Moment (emu),7.70,YZGO_BperpC_7.7MG_2.5K_06242026.DAT
12.2711,1.58693,0.000319089,2.5002,Moment (emu),7.70,YZGO_BperpC_7.7MG_2.5K_06242026.DAT
12.274,1.5872,0.000426221,2.5002,Moment (emu),7.70,YZGO_BperpC_7.7MG_2.5K_06242026.DAT
12.2763,1.58676,0.000297707,2.5002,Moment (emu),7.70,YZGO_BperpC_7.7MG_2.5K_06242026.DAT
12.2785,1.58761,0.000417247,2.5000,Moment (emu),7.70,YZGO_BperpC_7.7MG_2.5K_06242026.DAT
12.2814,1.58689,0.000359689,2.4999,Moment (emu),7.70,YZGO_BperpC_7.7MG_2.5K_06242026.DAT
12.2839,1.58757,0.000450884,2.4999,Moment (emu),7.70,YZGO_BperpC_7.7MG_2.5K_06242026.DAT
12.2866,1.58729,0.000359117,2.4998,Moment (emu),7.70,YZGO_BperpC_7.7MG_2.5K_06242026.DAT
12.2888,1.58724,0.000435831,2.4998,Moment (emu),7.70,YZGO_BperpC_7.7MG_2.5K_06242026.DAT
12.2913,1.5871,0.000366914,2.4998,Moment (emu),7.70,YZGO_BperpC_7.7MG_2.5K_06242026.DAT
12.2934,1.58728,0.000491528,2.4999,Moment (emu),7.70,YZGO_BperpC_7.7MG_2.5K_06242026.DAT
12.296,1.58749,0.000326325,2.4999,Moment (emu),7.70,YZGO_BperpC_7.7MG_2.5K_06242026.DAT
12.2985,1.58725,0.00038557,2.5000,Moment (emu),7.70,YZGO_BperpC_7.7MG_2.5K_06242026.DAT
12.301,1.5875,0.000463743,2.5001,Moment (emu),7.70,YZGO_BperpC_7.7MG_2.5K_06242026.DAT
12.3035,1.58681,0.000344996,2.5001,Moment (emu),7.70,YZGO_BperpC_7.7MG_2.5K_06242026.DAT
12.306,1.58747,0.000354123,2.5002,Moment (emu),7.70,YZGO_BperpC_7.7MG_2.5K_06242026.DAT
12.3085,1.5876,0.000403077,2.5003,Moment (emu),7.70,YZGO_BperpC_7.7MG_2.5K_06242026.DAT
12.311,1.58712,0.00048676,2.5003,Moment (emu),7.70,YZGO_BperpC_7.7MG_2.5K_06242026.DAT
12.3135,1.58784,0.000401839,2.5003,Moment (emu),7.70,YZGO_BperpC_7.7MG_2.5K_06242026.DAT
12.3164,1.58701,0.000399159,2.5000,Moment (emu),7.70,YZGO_BperpC_7.7MG_2.5K_06242026.DAT
12.3186,1.58697,0.000396888,2.4999,Moment (emu),7.70,YZGO_BperpC_7.7MG_2.5K_06242026.DAT
12.3215,1.58682,0.000359498,2.4998,Moment (emu),7.70,YZGO_BperpC_7.7MG_2.5K_06242026.DAT
12.3235,1.58726,0.000342954,2.4998,Moment (emu),7.70,YZGO_BperpC_7.7MG_2.5K_06242026.DAT
12.3266,1.58752,0.000448834,2.4999,Moment (emu),7.70,YZGO_BperpC_7.7MG_2.5K_06242026.DAT
12.3286,1.58768,0.000419799,2.5001,Moment (emu),7.70,YZGO_BperpC_7.7MG_2.5K_06242026.DAT
12.3311,1.58741,0.000384837,2.5002,Moment (emu),7.70,YZGO_BperpC_7.7MG_2.5K_06242026.DAT
12.3337,1.58715,0.000310729,2.4999,Moment (emu),7.70,YZGO_BperpC_7.7MG_2.5K_06242026.DAT
12.336,1.58716,0.000351199,2.4991,Moment (emu),7.70,YZGO_BperpC_7.7MG_2.5K_06242026.DAT
12.3389,1.58772,0.000386174,2.4961,Moment (emu),7.70,YZGO_BperpC_7.7MG_2.5K_06242026.DAT
12.3409,1.58769,0.000340867,2.4955,Moment (emu),7.70,YZGO_BperpC_7.7MG_2.5K_06242026.DAT
12.3433,1.58712,0.000381056,2.4963,Moment (emu),7.70,YZGO_BperpC_7.7MG_2.5K_06242026.DAT
12.346,1.58713,0.000374862,2.4978,Moment (emu),7.70,YZGO_BperpC_7.7MG_2.5K_06242026.DAT
12.3486,1.58703,0.000329026,2.5005,Moment (emu),7.70,YZGO_BperpC_7.7MG_2.5K_06242026.DAT
12.351,1.58756,0.000348303,2.5017,Moment (emu),7.70,YZGO_BperpC_7.7MG_2.5K_06242026.DAT
12.3538,1.58753,0.000338607,2.5031,Moment (emu),7.70,YZGO_BperpC_7.7MG_2.5K_06242026.DAT
12.3561,1.58772,0.000385117,2.5035,Moment (emu),7.70,YZGO_BperpC_7.7MG_2.5K_06242026.DAT
12.359,1.58696,0.000280423,2.5035,Moment (emu),7.70,YZGO_BperpC_7.7MG_2.5K_06242026.DAT
12.3611,1.58795,0.000533914,2.5032,Moment (emu),7.70,YZGO_BperpC_7.7MG_2.5K_06242026.DAT
12.3639,1.58713,0.00033889,2.5026,Moment (emu),7.70,YZGO_BperpC_7.7MG_2.5K_06242026.DAT
12.3663,1.58788,0.000359086,2.5019,Moment (emu),7.70,YZGO_BperpC_7.7MG_2.5K_06242026.DAT
12.3687,1.58751,0.000372975,2.5011,Moment (emu),7.70,YZGO_BperpC_7.7MG_2.5K_06242026.DAT
12.3716,1.58777,0.000359731,2.5004,Moment (emu),7.70,YZGO_BperpC_7.7MG_2.5K_06242026.DAT
12.3734,1.58783,0.000350834,2.4999,Moment (emu),7.70,YZGO_BperpC_7.7MG_2.5K_06242026.DAT
12.3759,1.58726,0.000374007,2.4995,Moment (emu),7.70,YZGO_BperpC_7.7MG_2.5K_06242026.DAT
12.3784,1.58773,0.000311242,2.4993,Moment (emu),7.70,YZGO_BperpC_7.7MG_2.5K_06242026.DAT
12.3812,1.58792,0.00036648,2.4991,Moment (emu),7.70,YZGO_BperpC_7.7MG_2.5K_06242026.DAT
12.3834,1.5874,0.000384775,2.4991,Moment (emu),7.70,YZGO_BperpC_7.7MG_2.5K_06242026.DAT
12.386,1.58727,0.000336493,2.4991,Moment (emu),7.70,YZGO_BperpC_7.7MG_2.5K_06242026.DAT
12.3883,1.58764,0.000399695,2.4993,Moment (emu),7.70,YZGO_BperpC_7.7MG_2.5K_06242026.DAT
12.3909,1.58711,0.00034668,2.4995,Moment (emu),7.70,YZGO_BperpC_7.7MG_2.5K_06242026.DAT
12.3934,1.58793,0.000365437,2.4996,Moment (emu),7.70,YZGO_BperpC_7.7MG_2.5K_06242026.DAT
12.3961,1.58806,0.000329268,2.4997,Moment (emu),7.70,YZGO_BperpC_7.7MG_2.5K_06242026.DAT
12.3988,1.58701,0.000365704,2.4998,Moment (emu),7.70,YZGO_BperpC_7.7MG_2.5K_06242026.DAT
12.4012,1.58764,0.00040527,2.4999,Moment (emu),7.70,YZGO_BperpC_7.7MG_2.5K_06242026.DAT
12.4034,1.58789,0.000428958,2.4999,Moment (emu),7.70,YZGO_BperpC_7.7MG_2.5K_06242026.DAT
12.406,1.58706,0.000378799,2.4999,Moment (emu),7.70,YZGO_BperpC_7.7MG_2.5K_06242026.DAT
12.4088,1.58738,0.000336495,2.4998,Moment (emu),7.70,YZGO_BperpC_7.7MG_2.5K_06242026.DAT
12.4111,1.58788,0.000344458,2.4998,Moment (emu),7.70,YZGO_BperpC_7.7MG_2.5K_06242026.DAT
12.4133,1.58771,0.000358329,2.4999,Moment (emu),7.70,YZGO_BperpC_7.7MG_2.5K_06242026.DAT
12.4159,1.58733,0.000324867,2.4999,Moment (emu),7.70,YZGO_BperpC_7.7MG_2.5K_06242026.DAT
12.4183,1.58767,0.000407563,2.5000,Moment (emu),7.70,YZGO_BperpC_7.7MG_2.5K_06242026.DAT
12.421,1.58733,0.000342117,2.5002,Moment (emu),7.70,YZGO_BperpC_7.7MG_2.5K_06242026.DAT
12.4234,1.58783,0.000438043,2.5003,Moment (emu),7.70,YZGO_BperpC_7.7MG_2.5K_06242026.DAT
12.426,1.58698,0.000446123,2.5002,Moment (emu),7.70,YZGO_BperpC_7.7MG_2.5K_06242026.DAT
12.4283,1.58762,0.000321317,2.5002,Moment (emu),7.70,YZGO_BperpC_7.7MG_2.5K_06242026.DAT
12.4311,1.58775,0.000404263,2.5002,Moment (emu),7.70,YZGO_BperpC_7.7MG_2.5K_06242026.DAT
12.4334,1.58762,0.000371124,2.5001,Moment (emu),7.70,YZGO_BperpC_7.7MG_2.5K_06242026.DAT
12.4363,1.58768,0.000380635,2.5001,Moment (emu),7.70,YZGO_BperpC_7.7MG_2.5K_06242026.DAT
12.4384,1.58755,0.000346109,2.5000,Moment (emu),7.70,YZGO_BperpC_7.7MG_2.5K_06242026.DAT
12.4409,1.58817,0.000337229,2.5000,Moment (emu),7.70,YZGO_BperpC_7.7MG_2.5K_06242026.DAT
12.4436,1.58715,0.000282012,2.5000,Moment (emu),7.70,YZGO_BperpC_7.7MG_2.5K_06242026.DAT
12.4459,1.58766,0.000379865,2.5000,Moment (emu),7.70,YZGO_BperpC_7.7MG_2.5K_06242026.DAT
12.4488,1.58751,0.000327714,2.5001,Moment (emu),7.70,YZGO_BperpC_7.7MG_2.5K_06242026.DAT
12.4508,1.58819,0.000342651,2.5001,Moment (emu),7.70,YZGO_BperpC_7.7MG_2.5K_06242026.DAT
12.4536,1.58838,0.000460225,2.5001,Moment (emu),7.70,YZGO_BperpC_7.7MG_2.5K_06242026.DAT
12.4559,1.58784,0.000381106,2.5000,Moment (emu),7.70,YZGO_BperpC_7.7MG_2.5K_06242026.DAT
12.4586,1.58769,0.000380705,2.5000,Moment (emu),7.70,YZGO_BperpC_7.7MG_2.5K_06242026.DAT
12.4609,1.58735,0.000317685,2.5000,Moment (emu),7.70,YZGO_BperpC_7.7MG_2.5K_06242026.DAT
12.4639,1.58788,0.000361486,2.4999,Moment (emu),7.70,YZGO_BperpC_7.7MG_2.5K_06242026.DAT
12.4659,1.58776,0.000337434,2.4999,Moment (emu),7.70,YZGO_BperpC_7.7MG_2.5K_06242026.DAT
12.4684,1.58787,0.000465741,2.5003,Moment (emu),7.70,YZGO_BperpC_7.7MG_2.5K_06242026.DAT
12.4711,1.58876,0.000459678,2.5013,Moment (emu),7.70,YZGO_BperpC_7.7MG_2.5K_06242026.DAT
12.4736,1.58802,0.000409568,2.5035,Moment (emu),7.70,YZGO_BperpC_7.7MG_2.5K_06242026.DAT
12.4762,1.58774,0.000399912,2.5039,Moment (emu),7.70,YZGO_BperpC_7.7MG_2.5K_06242026.DAT
12.4788,1.588,0.000370496,2.5038,Moment (emu),7.70,YZGO_BperpC_7.7MG_2.5K_06242026.DAT
12.4812,1.58839,0.000464493,2.5018,Moment (emu),7.70,YZGO_BperpC_7.7MG_2.5K_06242026.DAT
12.4834,1.58793,0.000414564,2.5006,Moment (emu),7.70,YZGO_BperpC_7.7MG_2.5K_06242026.DAT
12.4863,1.58773,0.000393403,2.4980,Moment (emu),7.70,YZGO_BperpC_7.7MG_2.5K_06242026.DAT
12.4885,1.58766,0.000335862,2.4969,Moment (emu),7.70,YZGO_BperpC_7.7MG_2.5K_06242026.DAT
12.491,1.58778,0.000425318,2.4963,Moment (emu),7.70,YZGO_BperpC_7.7MG_2.5K_06242026.DAT
12.4933,1.58773,0.000382428,2.4963,Moment (emu),7.70,YZGO_BperpC_7.7MG_2.5K_06242026.DAT
12.4963,1.58783,0.000407926,2.4968,Moment (emu),7.70,YZGO_BperpC_7.7MG_2.5K_06242026.DAT
12.4983,1.58777,0.000346961,2.4977,Moment (emu),7.70,YZGO_BperpC_7.7MG_2.5K_06242026.DAT
12.5013,1.58845,0.000441615,2.4985,Moment (emu),7.70,YZGO_BperpC_7.7MG_2.5K_06242026.DAT
12.5035,1.58756,0.000373826,2.4995,Moment (emu),7.70,YZGO_BperpC_7.7MG_2.5K_06242026.DAT
12.5063,1.58797,0.000441391,2.4999,Moment (emu),7.70,YZGO_BperpC_7.7MG_2.5K_06242026.DAT
12.5085,1.58792,0.000448535,2.5003,Moment (emu),7.70,YZGO_BperpC_7.7MG_2.5K_06242026.DAT
12.511,1.58804,0.000423552,2.5006,Moment (emu),7.70,YZGO_BperpC_7.7MG_2.5K_06242026.DAT
12.5135,1.58778,0.000333756,2.5007,Moment (emu),7.70,YZGO_BperpC_7.7MG_2.5K_06242026.DAT
12.5157,1.58788,0.000367547,2.5007,Moment (emu),7.70,YZGO_BperpC_7.7MG_2.5K_06242026.DAT
12.5185,1.58762,0.000367034,2.5007,Moment (emu),7.70,YZGO_BperpC_7.7MG_2.5K_06242026.DAT
12.5206,1.58827,0.000396587,2.5006,Moment (emu),7.70,YZGO_BperpC_7.7MG_2.5K_06242026.DAT
12.5232,1.58773,0.000332491,2.5005,Moment (emu),7.70,YZGO_BperpC_7.7MG_2.5K_06242026.DAT
12.526,1.58781,0.000436868,2.5004,Moment (emu),7.70,YZGO_BperpC_7.7MG_2.5K_06242026.DAT
12.5289,1.58791,0.0004291,2.5003,Moment (emu),7.70,YZGO_BperpC_7.7MG_2.5K_06242026.DAT
12.531,1.58818,0.000411162,2.5002,Moment (emu),7.70,YZGO_BperpC_7.7MG_2.5K_06242026.DAT
12.5332,1.58825,0.000429287,2.5001,Moment (emu),7.70,YZGO_BperpC_7.7MG_2.5K_06242026.DAT
12.5357,1.58769,0.000361661,2.5002,Moment (emu),7.70,YZGO_BperpC_7.7MG_2.5K_06242026.DAT
12.5387,1.58768,0.000378269,2.5002,Moment (emu),7.70,YZGO_BperpC_7.7MG_2.5K_06242026.DAT
12.541,1.58817,0.000369472,2.5003,Moment (emu),7.70,YZGO_BperpC_7.7MG_2.5K_06242026.DAT
12.5436,1.58769,0.00037478,2.5003,Moment (emu),7.70,YZGO_BperpC_7.7MG_2.5K_06242026.DAT
12.5459,1.58814,0.000371265,2.5003,Moment (emu),7.70,YZGO_BperpC_7.7MG_2.5K_06242026.DAT
12.5482,1.58766,0.000401089,2.5002,Moment (emu),7.70,YZGO_BperpC_7.7MG_2.5K_06242026.DAT
12.5506,1.58723,0.000279364,2.5001,Moment (emu),7.70,YZGO_BperpC_7.7MG_2.5K_06242026.DAT
12.5536,1.58799,0.000358555,2.5000,Moment (emu),7.70,YZGO_BperpC_7.7MG_2.5K_06242026.DAT
12.556,1.58781,0.000336723,2.5000,Moment (emu),7.70,YZGO_BperpC_7.7MG_2.5K_06242026.DAT
12.5582,1.58759,0.000348309,2.5000,Moment (emu),7.70,YZGO_BperpC_7.7MG_2.5K_06242026.DAT
12.5611,1.58787,0.000462,2.5001,Moment (emu),7.70,YZGO_BperpC_7.7MG_2.5K_06242026.DAT
12.5633,1.5879,0.000375714,2.5000,Moment (emu),7.70,YZGO_BperpC_7.7MG_2.5K_06242026.DAT
12.5663,1.58809,0.000302028,2.5000,Moment (emu),7.70,YZGO_BperpC_7.7MG_2.5K_06242026.DAT
12.5688,1.58749,0.000362189,2.5000,Moment (emu),7.70,YZGO_BperpC_7.7MG_2.5K_06242026.DAT
12.571,1.58747,0.000322148,2.5001,Moment (emu),7.70,YZGO_BperpC_7.7MG_2.5K_06242026.DAT
12.5732,1.58763,0.000347099,2.5001,Moment (emu),7.70,YZGO_BperpC_7.7MG_2.5K_06242026.DAT
12.576,1.58746,0.000360041,2.5000,Moment (emu),7.70,YZGO_BperpC_7.7MG_2.5K_06242026.DAT
12.5781,1.58757,0.000329145,2.4999,Moment (emu),7.70,YZGO_BperpC_7.7MG_2.5K_06242026.DAT
12.581,1.58756,0.000278884,2.5000,Moment (emu),7.70,YZGO_BperpC_7.7MG_2.5K_06242026.DAT
12.5833,1.58809,0.000365921,2.5001,Moment (emu),7.70,YZGO_BperpC_7.7MG_2.5K_06242026.DAT
12.5859,1.58759,0.000338397,2.5000,Moment (emu),7.70,YZGO_BperpC_7.7MG_2.5K_06242026.DAT
12.5884,1.58784,0.000371266,2.4999,Moment (emu),7.70,YZGO_BperpC_7.7MG_2.5K_06242026.DAT
12.5907,1.58807,0.000401777,2.4999,Moment (emu),7.70,YZGO_BperpC_7.7MG_2.5K_06242026.DAT
12.593,1.58793,0.000476099,2.4999,Moment (emu),7.70,YZGO_BperpC_7.7MG_2.5K_06242026.DAT
12.5955,1.58788,0.000406206,2.4999,Moment (emu),7.70,YZGO_BperpC_7.7MG_2.5K_06242026.DAT
12.5982,1.588,0.000357591,2.5000,Moment (emu),7.70,YZGO_BperpC_7.7MG_2.5K_06242026.DAT
12.6009,1.58808,0.000407912,2.5000,Moment (emu),7.70,YZGO_BperpC_7.7MG_2.5K_06242026.DAT
12.6034,1.58842,0.000386286,2.4991,Moment (emu),7.70,YZGO_BperpC_7.7MG_2.5K_06242026.DAT
12.6059,1.58763,0.000294973,2.4971,Moment (emu),7.70,YZGO_BperpC_7.7MG_2.5K_06242026.DAT
12.6088,1.58856,0.000296857,2.4959,Moment (emu),7.70,YZGO_BperpC_7.7MG_2.5K_06242026.DAT
12.6105,1.58856,0.000433037,2.4960,Moment (emu),7.70,YZGO_BperpC_7.7MG_2.5K_06242026.DAT
12.613,1.58776,0.000327918,2.4965,Moment (emu),7.70,YZGO_BperpC_7.7MG_2.5K_06242026.DAT
12.6155,1.58778,0.000336205,2.4983,Moment (emu),7.70,YZGO_BperpC_7.7MG_2.5K_06242026.DAT
12.6183,1.58822,0.000404243,2.5005,Moment (emu),7.70,YZGO_BperpC_7.7MG_2.5K_06242026.DAT
12.6205,1.58822,0.000411436,2.5025,Moment (emu),7.70,YZGO_BperpC_7.7MG_2.5K_06242026.DAT
12.6233,1.58771,0.000337801,2.5033,Moment (emu),7.70,YZGO_BperpC_7.7MG_2.5K_06242026.DAT
12.6255,1.58768,0.000322811,2.5038,Moment (emu),7.70,YZGO_BperpC_7.7MG_2.5K_06242026.DAT
12.6284,1.58725,0.000298292,2.5038,Moment (emu),7.70,YZGO_BperpC_7.7MG_2.5K_06242026.DAT
12.6305,1.58768,0.000329506,2.5032,Moment (emu),7.70,YZGO_BperpC_7.7MG_2.5K_06242026.DAT
12.6334,1.58777,0.000357151,2.5024,Moment (emu),7.70,YZGO_BperpC_7.7MG_2.5K_06242026.DAT
12.6355,1.58778,0.000356155,2.5014,Moment (emu),7.70,YZGO_BperpC_7.7MG_2.5K_06242026.DAT
12.6384,1.58778,0.000351487,2.5006,Moment (emu),7.70,YZGO_BperpC_7.7MG_2.5K_06242026.DAT
12.6407,1.58813,0.000333061,2.4996,Moment (emu),7.70,YZGO_BperpC_7.7MG_2.5K_06242026.DAT
12.6432,1.58765,0.000316399,2.4993,Moment (emu),7.70,YZGO_BperpC_7.7MG_2.5K_06242026.DAT
12.6462,1.58806,0.000402705,2.4992,Moment (emu),7.70,YZGO_BperpC_7.7MG_2.5K_06242026.DAT
12.6487,1.58826,0.000362091,2.4992,Moment (emu),7.70,YZGO_BperpC_7.7MG_2.5K_06242026.DAT
12.6508,1.58788,0.00039947,2.4993,Moment (emu),7.70,YZGO_BperpC_7.7MG_2.5K_06242026.DAT
12.6531,1.58795,0.000405659,2.4994,Moment (emu),7.70,YZGO_BperpC_7.7MG_2.5K_06242026.DAT
12.6558,1.58777,0.0003622,2.4993,Moment (emu),7.70,YZGO_BperpC_7.7MG_2.5K_06242026.DAT
12.658,1.58719,0.000356249,2.4994,Moment (emu),7.70,YZGO_BperpC_7.7MG_2.5K_06242026.DAT
12.6609,1.5874,0.000378883,2.4996,Moment (emu),7.70,YZGO_BperpC_7.7MG_2.5K_06242026.DAT
12.663,1.58746,0.000399426,2.4998,Moment (emu),7.70,YZGO_BperpC_7.7MG_2.5K_06242026.DAT
12.6659,1.58753,0.000371555,2.5000,Moment (emu),7.70,YZGO_BperpC_7.7MG_2.5K_06242026.DAT
12.668,1.58739,0.000339386,2.4999,Moment (emu),7.70,YZGO_BperpC_7.7MG_2.5K_06242026.DAT
12.671,1.5874,0.000370726,2.4999,Moment (emu),7.70,YZGO_BperpC_7.7MG_2.5K_06242026.DAT
12.6733,1.5867,0.000307124,2.4998,Moment (emu),7.70,YZGO_BperpC_7.7MG_2.5K_06242026.DAT
12.6761,1.58715,0.000371409,2.4997,Moment (emu),7.70,YZGO_BperpC_7.7MG_2.5K_06242026.DAT
12.6783,1.5869,0.000365461,2.4998,Moment (emu),7.70,YZGO_BperpC_7.7MG_2.5K_06242026.DAT
12.6805,1.58684,0.000353947,2.4998,Moment (emu),7.70,YZGO_BperpC_7.7MG_2.5K_06242026.DAT
12.6832,1.58692,0.000311878,2.4998,Moment (emu),7.70,YZGO_BperpC_7.7MG_2.5K_06242026.DAT
12.6858,1.58701,0.00031091,2.4999,Moment (emu),7.70,YZGO_BperpC_7.7MG_2.5K_06242026.DAT
12.6885,1.58697,0.000308698,2.5000,Moment (emu),7.70,YZGO_BperpC_7.7MG_2.5K_06242026.DAT
12.6905,1.58686,0.000288119,2.5000,Moment (emu),7.70,YZGO_BperpC_7.7MG_2.5K_06242026.DAT
12.6932,1.58698,0.000289955,2.5001,Moment (emu),7.70,YZGO_BperpC_7.7MG_2.5K_06242026.DAT
12.6956,1.58707,0.000295945,2.5001,Moment (emu),7.70,YZGO_BperpC_7.7MG_2.5K_06242026.DAT
12.6985,1.58757,0.000303796,2.4999,Moment (emu),7.70,YZGO_BperpC_7.7MG_2.5K_06242026.DAT
12.7005,1.58733,0.000413932,2.4999,Moment (emu),7.70,YZGO_BperpC_7.7MG_2.5K_06242026.DAT
12.703,1.58685,0.000339785,2.5000,Moment (emu),7.70,YZGO_BperpC_7.7MG_2.5K_06242026.DAT
12.7053,1.58693,0.000320213,2.5002,Moment (emu),7.70,YZGO_BperpC_7.7MG_2.5K_06242026.DAT
12.7082,1.58637,0.00030972,2.5003,Moment (emu),7.70,YZGO_BperpC_7.7MG_2.5K_06242026.DAT
12.7104,1.58694,0.000322639,2.5003,Moment (emu),7.70,YZGO_BperpC_7.7MG_2.5K_06242026.DAT
12.7132,1.58666,0.000306465,2.5002,Moment (emu),7.70,YZGO_BperpC_7.7MG_2.5K_06242026.DAT
12.7158,1.58634,0.000270194,2.5002,Moment (emu),7.70,YZGO_BperpC_7.7MG_2.5K_06242026.DAT
12.7181,1.58629,0.000336735,2.5000,Moment (emu),7.70,YZGO_BperpC_7.7MG_2.5K_06242026.DAT
12.7205,1.58625,0.000340507,2.4999,Moment (emu),7.70,YZGO_BperpC_7.7MG_2.5K_06242026.DAT
12.723,1.58615,0.000252515,2.4999,Moment (emu),7.70,YZGO_BperpC_7.7MG_2.5K_06242026.DAT
12.726,1.58582,0.000307589,2.5000,Moment (emu),7.70,YZGO_BperpC_7.7MG_2.5K_06242026.DAT
12.7283,1.58581,0.000293455,2.5000,Moment (emu),7.70,YZGO_BperpC_7.7MG_2.5K_06242026.DAT
12.7304,1.58559,0.000358458,2.5000,Moment (emu),7.70,YZGO_BperpC_7.7MG_2.5K_06242026.DAT
12.7331,1.58582,0.000345367,2.5000,Moment (emu),7.70,YZGO_BperpC_7.7MG_2.5K_06242026.DAT
12.7354,1.58605,0.000329946,2.4999,Moment (emu),7.70,YZGO_BperpC_7.7MG_2.5K_06242026.DAT
12.7378,1.58575,0.000220284,2.5006,Moment (emu),7.70,YZGO_BperpC_7.7MG_2.5K_06242026.DAT
12.7403,1.58572,0.000267165,2.5021,Moment (emu),7.70,YZGO_BperpC_7.7MG_2.5K_06242026.DAT
12.7429,1.58522,0.000281192,2.5035,Moment (emu),7.70,YZGO_BperpC_7.7MG_2.5K_06242026.DAT
12.7455,1.58503,0.000284509,2.5039,Moment (emu),7.70,YZGO_BperpC_7.7MG_2.5K_06242026.DAT
12.7482,1.58484,0.000288303,2.5023,Moment (emu),7.70,YZGO_BperpC_7.7MG_2.5K_06242026.DAT
12.7509,1.58514,0.000332768,2.5011,Moment (emu),7.70,YZGO_BperpC_7.7MG_2.5K_06242026.DAT
12.7532,1.58562,0.000315739,2.4988,Moment (emu),7.70,YZGO_BperpC_7.7MG_2.5K_06242026.DAT
12.7554,1.58564,0.000300895,2.4978,Moment (emu),7.70,YZGO_BperpC_7.7MG_2.5K_06242026.DAT
12.7581,1.58603,0.000320729,2.4967,Moment (emu),7.70,YZGO_BperpC_7.7MG_2.5K_06242026.DAT
12.7603,1.58657,0.000321896,2.4965,Moment (emu),7.70,YZGO_BperpC_7.7MG_2.5K_06242026.DAT
12.7632,1.58605,0.000344845,2.4967,Moment (emu),7.70,YZGO_BperpC_7.7MG_2.5K_06242026.DAT
12.7658,1.58599,0.000341233,2.4973,Moment (emu),7.70,YZGO_BperpC_7.7MG_2.5K_06242026.DAT
12.7687,1.58506,0.000310186,2.4978,Moment (emu),7.70,YZGO_BperpC_7.7MG_2.5K_06242026.DAT
12.7705,1.58524,0.00036146,2.4989,Moment (emu),7.70,YZGO_BperpC_7.7MG_2.5K_06242026.DAT
12.7728,1.58563,0.000336521,2.4996,Moment (emu),7.70,YZGO_BperpC_7.7MG_2.5K_06242026.DAT
12.7755,1.58617,0.000395726,2.5002,Moment (emu),7.70,YZGO_BperpC_7.7MG_2.5K_06242026.DAT
12.7778,1.58649,0.000338961,2.5006,Moment (emu),7.70,YZGO_BperpC_7.7MG_2.5K_06242026.DAT
12.7804,1.58593,0.000357357,2.5007,Moment (emu),7.70,YZGO_BperpC_7.7MG_2.5K_06242026.DAT
12.7828,1.5863,0.000365995,2.5008,Moment (emu),7.70,YZGO_BperpC_7.7MG_2.5K_06242026.DAT
12.7855,1.58534,0.000337472,2.5009,Moment (emu),7.70,YZGO_BperpC_7.7MG_2.5K_06242026.DAT
12.7883,1.58555,0.000313065,2.5009,Moment (emu),7.70,YZGO_BperpC_7.7MG_2.5K_06242026.DAT
12.7905,1.58561,0.000328995,2.5007,Moment (emu),7.70,YZGO_BperpC_7.7MG_2.5K_06242026.DAT
12.7934,1.58531,0.000261342,2.5005,Moment (emu),7.70,YZGO_BperpC_7.7MG_2.5K_06242026.DAT
12.7955,1.58533,0.000270783,2.5004,Moment (emu),7.70,YZGO_BperpC_7.7MG_2.5K_06242026.DAT
12.798,1.58529,0.000299443,2.5002,Moment (emu),7.70,YZGO_BperpC_7.7MG_2.5K_06242026.DAT
12.8005,1.58566,0.000302429,2.5002,Moment (emu),7.70,YZGO_BperpC_7.7MG_2.5K_06242026.DAT
12.8029,1.58501,0.000355856,2.5002,Moment (emu),7.70,YZGO_BperpC_7.7MG_2.5K_06242026.DAT
12.806,1.58527,0.000278056,2.5001,Moment (emu),7.70,YZGO_BperpC_7.7MG_2.5K_06242026.DAT
12.8086,1.58448,0.000304509,2.5001,Moment (emu),7.70,YZGO_BperpC_7.7MG_2.5K_06242026.DAT
12.8108,1.58505,0.000302017,2.5000,Moment (emu),7.70,YZGO_BperpC_7.7MG_2.5K_06242026.DAT
12.8131,1.58485,0.000283406,2.4999,Moment (emu),7.70,YZGO_BperpC_7.7MG_2.5K_06242026.DAT
12.816,1.58481,0.000348461,2.4998,Moment (emu),7.70,YZGO_BperpC_7.7MG_2.5K_06242026.DAT
12.8182,1.58528,0.000303371,2.4999,Moment (emu),7.70,YZGO_BperpC_7.7MG_2.5K_06242026.DAT
12.8207,1.58518,0.000310433,2.5000,Moment (emu),7.70,YZGO_BperpC_7.7MG_2.5K_06242026.DAT
12.823,1.5847,0.000257278,2.5000,Moment (emu),7.70,YZGO_BperpC_7.7MG_2.5K_06242026.DAT
12.8253,1.58537,0.000290234,2.5000,Moment (emu),7.70,YZGO_BperpC_7.7MG_2.5K_06242026.DAT
12.8279,1.58568,0.000275091,2.5000,Moment (emu),7.70,YZGO_BperpC_7.7MG_2.5K_06242026.DAT
12.8305,1.58535,0.000257751,2.5001,Moment (emu),7.70,YZGO_BperpC_7.7MG_2.5K_06242026.DAT
12.8332,1.58501,0.000273252,2.5001,Moment (emu),7.70,YZGO_BperpC_7.7MG_2.5K_06242026.DAT
12.8356,1.58493,0.000368513,2.5002,Moment (emu),7.70,YZGO_BperpC_7.7MG_2.5K_06242026.DAT
12.838,1.5849,0.000291928,2.5001,Moment (emu),7.70,YZGO_BperpC_7.7MG_2.5K_06242026.DAT
12.8402,1.58567,0.000262945,2.5001,Moment (emu),7.70,YZGO_BperpC_7.7MG_2.5K_06242026.DAT
12.8427,1.58605,0.000310081,2.5001,Moment (emu),7.70,YZGO_BperpC_7.7MG_2.5K_06242026.DAT
12.8457,1.58568,0.000285345,2.5001,Moment (emu),7.70,YZGO_BperpC_7.7MG_2.5K_06242026.DAT
12.8482,1.58496,0.000344029,2.5001,Moment (emu),7.70,YZGO_BperpC_7.7MG_2.5K_06242026.DAT
12.8505,1.58484,0.000224992,2.5000,Moment (emu),7.70,YZGO_BperpC_7.7MG_2.5K_06242026.DAT
12.8532,1.58474,0.000270866,2.4998,Moment (emu),7.70,YZGO_BperpC_7.7MG_2.5K_06242026.DAT
12.8555,1.58465,0.000293373,2.4998,Moment (emu),7.70,YZGO_BperpC_7.7MG_2.5K_06242026.DAT
12.8581,1.58409,0.000287321,2.4998,Moment (emu),7.70,YZGO_BperpC_7.7MG_2.5K_06242026.DAT
12.8605,1.58454,0.000265016,2.4998,Moment (emu),7.70,YZGO_BperpC_7.7MG_2.5K_06242026.DAT
12.8627,1.58388,0.000331235,2.4998,Moment (emu),7.70,YZGO_BperpC_7.7MG_2.5K_06242026.DAT
12.8652,1.58496,0.000269418,2.4999,Moment (emu),7.70,YZGO_BperpC_7.7MG_2.5K_06242026.DAT
12.8683,1.58428,0.000324426,2.4999,Moment (emu),7.70,YZGO_BperpC_7.7MG_2.5K_06242026.DAT
12.8703,1.58431,0.000275835,2.5000,Moment (emu),7.70,YZGO_BperpC_7.7MG_2.5K_06242026.DAT
12.8729,1.58472,0.000286873,2.4984,Moment (emu),7.70,YZGO_BperpC_7.7MG_2.5K_06242026.DAT
12.8754,1.58482,0.000322187,2.4970,Moment (emu),7.70,YZGO_BperpC_7.7MG_2.5K_06242026.DAT
12.8777,1.58409,0.000336625,2.4963,Moment (emu),7.70,YZGO_BperpC_7.7MG_2.5K_06242026.DAT
12.8802,1.58391,0.000297156,2.4965,Moment (emu),7.70,YZGO_BperpC_7.7MG_2.5K_06242026.DAT
12.8826,1.58472,0.000297323,2.4981,Moment (emu),7.70,YZGO_BperpC_7.7MG_2.5K_06242026.DAT
12.8856,1.58504,0.000312155,2.5005,Moment (emu),7.70,YZGO_BperpC_7.7MG_2.5K_06242026.DAT
12.8887,1.58497,0.000274164,2.5025,Moment (emu),7.70,YZGO_BperpC_7.7MG_2.5K_06242026.DAT
12.8905,1.58467,0.000355758,2.5036,Moment (emu),7.70,YZGO_BperpC_7.7MG_2.5K_06242026.DAT
12.8927,1.58413,0.000230797,2.5039,Moment (emu),7.70,YZGO_BperpC_7.7MG_2.5K_06242026.DAT
12.8954,1.58238,0.000461125,2.5037,Moment (emu),7.70,YZGO_BperpC_7.7MG_2.5K_06242026.DAT
12.8977,1.58626,0.000356461,2.5031,Moment (emu),7.70,YZGO_BperpC_7.7MG_2.5K_06242026.DAT
12.9006,1.58692,0.000396736,2.5023,Moment (emu),7.70,YZGO_BperpC_7.7MG_2.5K_06242026.DAT
12.9028,1.58705,0.000313579,2.5012,Moment (emu),7.70,YZGO_BperpC_7.7MG_2.5K_06242026.DAT
12.9055,1.58708,0.0003066,2.5003,Moment (emu),7.70,YZGO_BperpC_7.7MG_2.5K_06242026.DAT
12.9079,1.58746,0.000349197,2.4996,Moment (emu),7.70,YZGO_BperpC_7.7MG_2.5K_06242026.DAT
12.91,1.5872,0.000412075,2.4991,Moment (emu),7.70,YZGO_BperpC_7.7MG_2.5K_06242026.DAT
12.9125,1.58751,0.000362256,2.4989,Moment (emu),7.70,YZGO_BperpC_7.7MG_2.5K_06242026.DAT
12.915,1.58668,0.000369356,2.4988,Moment (emu),7.70,YZGO_BperpC_7.7MG_2.5K_06242026.DAT
12.9179,1.58653,0.000344658,2.4989,Moment (emu),7.70,YZGO_BperpC_7.7MG_2.5K_06242026.DAT
12.9206,1.58682,0.00033254,2.4991,Moment (emu),7.70,YZGO_BperpC_7.7MG_2.5K_06242026.DAT
12.9231,1.5865,0.000361485,2.4993,Moment (emu),7.70,YZGO_BperpC_7.7MG_2.5K_06242026.DAT
12.9256,1.58604,0.000412613,2.4996,Moment (emu),7.70,YZGO_BperpC_7.7MG_2.5K_06242026.DAT
12.9284,1.58643,0.000373837,2.4997,Moment (emu),7.70,YZGO_BperpC_7.7MG_2.5K_06242026.DAT
12.9303,1.58573,0.000380193,2.4998,Moment (emu),7.70,YZGO_BperpC_7.7MG_2.5K_06242026.DAT
12.9325,1.58601,0.000311608,2.4998,Moment (emu),7.70,YZGO_BperpC_7.7MG_2.5K_06242026.DAT
12.9352,1.58593,0.000338569,2.4998,Moment (emu),7.70,YZGO_BperpC_7.7MG_2.5K_06242026.DAT
12.9383,1.58572,0.000299014,2.4998,Moment (emu),7.70,YZGO_BperpC_7.7MG_2.5K_06242026.DAT
12.9401,1.5863,0.000407082,2.4999,Moment (emu),7.70,YZGO_BperpC_7.7MG_2.5K_06242026.DAT
12.943,1.58584,0.000345702,2.5000,Moment (emu),7.70,YZGO_BperpC_7.7MG_2.5K_06242026.DAT
12.945,1.58525,0.000343511,2.5000,Moment (emu),7.70,YZGO_BperpC_7.7MG_2.5K_06242026.DAT
12.9475,1.58531,0.000415912,2.5001,Moment (emu),7.70,YZGO_BperpC_7.7MG_2.5K_06242026.DAT
12.95,1.58531,0.00037382,2.5001,Moment (emu),7.70,YZGO_BperpC_7.7MG_2.5K_06242026.DAT
12.9525,1.58517,0.000388682,2.5002,Moment (emu),7.70,YZGO_BperpC_7.7MG_2.5K_06242026.DAT
12.955,1.58515,0.000361441,2.5002,Moment (emu),7.70,YZGO_BperpC_7.7MG_2.5K_06242026.DAT
12.9575,1.58495,0.000348128,2.5001,Moment (emu),7.70,YZGO_BperpC_7.7MG_2.5K_06242026.DAT
12.9601,1.58547,0.000422632,2.5001,Moment (emu),7.70,YZGO_BperpC_7.7MG_2.5K_06242026.DAT
12.9629,1.58533,0.000328586,2.5000,Moment (emu),7.70,YZGO_BperpC_7.7MG_2.5K_06242026.DAT
12.9654,1.5854,0.000357313,2.5000,Moment (emu),7.70,YZGO_BperpC_7.7MG_2.5K_06242026.DAT
12.9682,1.58561,0.000382583,2.4999,Moment (emu),7.70,YZGO_BperpC_7.7MG_2.5K_06242026.DAT
12.97,1.58651,0.000357279,2.5000,Moment (emu),7.70,YZGO_BperpC_7.7MG_2.5K_06242026.DAT
12.9725,1.58599,0.000398668,2.5000,Moment (emu),7.70,YZGO_BperpC_7.7MG_2.5K_06242026.DAT
12.9751,1.58621,0.000394315,2.5002,Moment (emu),7.70,YZGO_BperpC_7.7MG_2.5K_06242026.DAT
12.978,1.58617,0.000373488,2.5002,Moment (emu),7.70,YZGO_BperpC_7.7MG_2.5K_06242026.DAT
12.9801,1.58601,0.000351926,2.5003,Moment (emu),7.70,YZGO_BperpC_7.7MG_2.5K_06242026.DAT
12.9832,1.5857,0.00033889,2.5003,Moment (emu),7.70,YZGO_BperpC_7.7MG_2.5K_06242026.DAT
12.9851,1.58578,0.000385371,2.5001,Moment (emu),7.70,YZGO_BperpC_7.7MG_2.5K_06242026.DAT
12.9878,1.58572,0.000336952,2.5001,Moment (emu),7.70,YZGO_BperpC_7.7MG_2.5K_06242026.DAT
12.9902,1.58645,0.000413804,2.5000,Moment (emu),7.70,YZGO_BperpC_7.7MG_2.5K_06242026.DAT
12.9925,1.58586,0.000379379,2.5000,Moment (emu),7.70,YZGO_BperpC_7.7MG_2.5K_06242026.DAT
12.9952,1.58576,0.000426324,2.5000,Moment (emu),7.70,YZGO_BperpC_7.7MG_2.5K_06242026.DAT
12.9975,1.58665,0.000367428,2.4999,Moment (emu),7.70,YZGO_BperpC_7.7MG_2.5K_06242026.DAT
13.0004,1.58525,0.000317427,2.4999,Moment (emu),7.70,YZGO_BperpC_7.7MG_2.5K_06242026.DAT
13.0025,1.58631,0.000375501,2.4999,Moment (emu),7.70,YZGO_BperpC_7.7MG_2.5K_06242026.DAT
13.0059,1.58579,0.000428891,2.5002,Moment (emu),7.70,YZGO_BperpC_7.7MG_2.5K_06242026.DAT
13.0085,1.58601,0.00037467,2.5016,Moment (emu),7.70,YZGO_BperpC_7.7MG_2.5K_06242026.DAT
13.0103,1.58552,0.000335225,2.5031,Moment (emu),7.70,YZGO_BperpC_7.7MG_2.5K_06242026.DAT
13.0124,1.58538,0.000353078,2.5036,Moment (emu),7.70,YZGO_BperpC_7.7MG_2.5K_06242026.DAT
13.0153,1.58518,0.000356875,2.5032,Moment (emu),7.70,YZGO_BperpC_7.7MG_2.5K_06242026.DAT
13.0177,1.58659,0.00040082,2.5016,Moment (emu),7.70,YZGO_BperpC_7.7MG_2.5K_06242026.DAT
13.0204,1.58623,0.000288329,2.5000,Moment (emu),7.70,YZGO_BperpC_7.7MG_2.5K_06242026.DAT
13.0227,1.58604,0.000408482,2.4979,Moment (emu),7.70,YZGO_BperpC_7.7MG_2.5K_06242026.DAT
13.0249,1.5862,0.000303248,2.4972,Moment (emu),7.70,YZGO_BperpC_7.7MG_2.5K_06242026.DAT
13.0274,1.5866,0.000293775,2.4969,Moment (emu),7.70,YZGO_BperpC_7.7MG_2.5K_06242026.DAT
13.0302,1.58613,0.000336513,2.4970,Moment (emu),7.70,YZGO_BperpC_7.7MG_2.5K_06242026.DAT
13.0327,1.58667,0.00037984,2.4974,Moment (emu),7.70,YZGO_BperpC_7.7MG_2.5K_06242026.DAT
13.0349,1.58638,0.000349539,2.4981,Moment (emu),7.70,YZGO_BperpC_7.7MG_2.5K_06242026.DAT
13.0377,1.58611,0.000334467,2.4989,Moment (emu),7.70,YZGO_BperpC_7.7MG_2.5K_06242026.DAT
13.0403,1.58643,0.000365701,2.4999,Moment (emu),7.70,YZGO_BperpC_7.7MG_2.5K_06242026.DAT
13.0426,1.58667,0.000347037,2.5004,Moment (emu),7.70,YZGO_BperpC_7.7MG_2.5K_06242026.DAT
13.0452,1.58658,0.000310565,2.5007,Moment (emu),7.70,YZGO_BperpC_7.7MG_2.5K_06242026.DAT
13.0481,1.58608,0.000362759,2.5008,Moment (emu),7.70,YZGO_BperpC_7.7MG_2.5K_06242026.DAT
13.05,1.58657,0.000349475,2.5009,Moment (emu),7.70,YZGO_BperpC_7.7MG_2.5K_06242026.DAT
13.0529,1.58653,0.000329837,2.5008,Moment (emu),7.70,YZGO_BperpC_7.7MG_2.5K_06242026.DAT
13.0552,1.58667,0.000390739,2.5006,Moment (emu),7.70,YZGO_BperpC_7.7MG_2.5K_06242026.DAT
13.0581,1.58607,0.00037871,2.5001,Moment (emu),7.70,YZGO_BperpC_7.7MG_2.5K_06242026.DAT
13.0603,1.58595,0.000306669,2.5001,Moment (emu),7.70,YZGO_BperpC_7.7MG_2.5K_06242026.DAT
13.0625,1.58608,0.000376638,2.5000,Moment (emu),7.70,YZGO_BperpC_7.7MG_2.5K_06242026.DAT
13.065,1.58591,0.000278866,2.5001,Moment (emu),7.70,YZGO_BperpC_7.7MG_2.5K_06242026.DAT
13.0678,1.58612,0.000373114,2.5001,Moment (emu),7.70,YZGO_BperpC_7.7MG_2.5K_06242026.DAT
13.0704,1.58575,0.000376286,2.5002,Moment (emu),7.70,YZGO_BperpC_7.7MG_2.5K_06242026.DAT
13.0733,1.587,0.000313789,2.5002,Moment (emu),7.70,YZGO_BperpC_7.7MG_2.5K_06242026.DAT
13.0753,1.58728,0.00035066,2.5003,Moment (emu),7.70,YZGO_BperpC_7.7MG_2.5K_06242026.DAT
13.0776,1.58702,0.000328413,2.5003,Moment (emu),7.70,YZGO_BperpC_7.7MG_2.5K_06242026.DAT
13.0803,1.58647,0.000372977,2.5001,Moment (emu),7.70,YZGO_BperpC_7.7MG_2.5K_06242026.DAT
13.0825,1.58735,0.000381625,2.5000,Moment (emu),7.70,YZGO_BperpC_7.7MG_2.5K_06242026.DAT
13.0856,1.58657,0.000326686,2.4999,Moment (emu),7.70,YZGO_BperpC_7.7MG_2.5K_06242026.DAT
13.0883,1.58583,0.000336027,2.5000,Moment (emu),7.70,YZGO_BperpC_7.7MG_2.5K_06242026.DAT
13.0905,1.58621,0.000319111,2.4999,Moment (emu),7.70,YZGO_BperpC_7.7MG_2.5K_06242026.DAT
13.0926,1.58637,0.00033751,2.4998,Moment (emu),7.70,YZGO_BperpC_7.7MG_2.5K_06242026.DAT
13.0949,1.58602,0.000295613,2.4998,Moment (emu),7.70,YZGO_BperpC_7.7MG_2.5K_06242026.DAT
13.0975,1.58629,0.000304433,2.4999,Moment (emu),7.70,YZGO_BperpC_7.7MG_2.5K_06242026.DAT
13.1003,1.58648,0.000265863,2.4999,Moment (emu),7.70,YZGO_BperpC_7.7MG_2.5K_06242026.DAT
13.1025,1.58636,0.000333557,2.5000,Moment (emu),7.70,YZGO_BperpC_7.7MG_2.5K_06242026.DAT
13.1053,1.58616,0.000299825,2.5000,Moment (emu),7.70,YZGO_BperpC_7.7MG_2.5K_06242026.DAT
13.1077,1.58664,0.000236942,2.5000,Moment (emu),7.70,YZGO_BperpC_7.7MG_2.5K_06242026.DAT
13.11,1.58639,0.000276928,2.5000,Moment (emu),7.70,YZGO_BperpC_7.7MG_2.5K_06242026.DAT
13.1127,1.58664,0.000383841,2.5001,Moment (emu),7.70,YZGO_BperpC_7.7MG_2.5K_06242026.DAT
13.1155,1.58591,0.000289793,2.5003,Moment (emu),7.70,YZGO_BperpC_7.7MG_2.5K_06242026.DAT
13.1177,1.58619,0.000338283,2.5003,Moment (emu),7.70,YZGO_BperpC_7.7MG_2.5K_06242026.DAT
13.12,1.5866,0.000318509,2.5003,Moment (emu),7.70,YZGO_BperpC_7.7MG_2.5K_06242026.DAT
13.1227,1.58664,0.000268838,2.5001,Moment (emu),7.70,YZGO_BperpC_7.7MG_2.5K_06242026.DAT
13.1253,1.58741,0.000363504,2.4999,Moment (emu),7.70,YZGO_BperpC_7.7MG_2.5K_06242026.DAT
13.1278,1.58648,0.000407286,2.4997,Moment (emu),7.70,YZGO_BperpC_7.7MG_2.5K_06242026.DAT
13.13,1.58634,0.000327876,2.4997,Moment (emu),7.70,YZGO_BperpC_7.7MG_2.5K_06242026.DAT
13.1328,1.58638,0.000405324,2.4998,Moment (emu),7.70,YZGO_BperpC_7.7MG_2.5K_06242026.DAT
13.1348,1.58624,0.000415359,2.4999,Moment (emu),7.70,YZGO_BperpC_7.7MG_2.5K_06242026.DAT
13.1374,1.5854,0.000340848,2.5000,Moment (emu),7.70,YZGO_BperpC_7.7MG_2.5K_06242026.DAT
13.1399,1.5868,0.000323566,2.4994,Moment (emu),7.70,YZGO_BperpC_7.7MG_2.5K_06242026.DAT
13.1428,1.58684,0.000388828,2.4981,Moment (emu),7.70,YZGO_BperpC_7.7MG_2.5K_06242026.DAT
13.1449,1.58528,0.000361263,2.4961,Moment (emu),7.70,YZGO_BperpC_7.7MG_2.5K_06242026.DAT
13.1478,1.58683,0.000368047,2.4965,Moment (emu),7.70,YZGO_BperpC_7.7MG_2.5K_06242026.DAT
13.1499,1.58696,0.000266779,2.4974,Moment (emu),7.70,YZGO_BperpC_7.7MG_2.5K_06242026.DAT
13.1524,1.58717,0.000329144,2.4986,Moment (emu),7.70,YZGO_BperpC_7.7MG_2.5K_06242026.DAT
13.1548,1.58654,0.000308163,2.5005,Moment (emu),7.70,YZGO_BperpC_7.7MG_2.5K_06242026.DAT
13.1573,1.58727,0.000312305,2.5023,Moment (emu),7.70,YZGO_BperpC_7.7MG_2.5K_06242026.DAT
13.1601,1.58772,0.000314105,2.5033,Moment (emu),7.70,YZGO_BperpC_7.7MG_2.5K_06242026.DAT
13.1629,1.58725,0.000365472,2.5037,Moment (emu),7.70,YZGO_BperpC_7.7MG_2.5K_06242026.DAT
13.1654,1.58681,0.000319676,2.5035,Moment (emu),7.70,YZGO_BperpC_7.7MG_2.5K_06242026.DAT
13.1682,1.58721,0.000328491,2.5028,Moment (emu),7.70,YZGO_BperpC_7.7MG_2.5K_06242026.DAT
13.1701,1.58697,0.000351439,2.5022,Moment (emu),7.70,YZGO_BperpC_7.7MG_2.5K_06242026.DAT
13.1723,1.58667,0.000353649,2.5013,Moment (emu),7.70,YZGO_BperpC_7.7MG_2.5K_06242026.DAT
13.1751,1.58641,0.000296884,2.5003,Moment (emu),7.70,YZGO_BperpC_7.7MG_2.5K_06242026.DAT
13.1772,1.58726,0.000420921,2.4999,Moment (emu),7.70,YZGO_BperpC_7.7MG_2.5K_06242026.DAT
13.1801,1.58688,0.000367983,2.4996,Moment (emu),7.70,YZGO_BperpC_7.7MG_2.5K_06242026.DAT
13.1826,1.58691,0.000334365,2.4992,Moment (emu),7.70,YZGO_BperpC_7.7MG_2.5K_06242026.DAT
13.1851,1.58669,0.000314371,2.4990,Moment (emu),7.70,YZGO_BperpC_7.7MG_2.5K_06242026.DAT
13.1872,1.58729,0.000301338,2.4989,Moment (emu),7.70,YZGO_BperpC_7.7MG_2.5K_06242026.DAT
13.1897,1.58718,0.000339453,2.4991,Moment (emu),7.70,YZGO_BperpC_7.7MG_2.5K_06242026.DAT
13.1923,1.58694,0.00035375,2.4992,Moment (emu),7.70,YZGO_BperpC_7.7MG_2.5K_06242026.DAT
13.1952,1.58668,0.000332774,2.4994,Moment (emu),7.70,YZGO_BperpC_7.7MG_2.5K_06242026.DAT
13.1973,1.58719,0.000436657,2.4995,Moment (emu),7.70,YZGO_BperpC_7.7MG_2.5K_06242026.DAT
13.1998,1.58649,0.000309429,2.4995,Moment (emu),7.70,YZGO_BperpC_7.7MG_2.5K_06242026.DAT
13.2022,1.58646,0.000359261,2.4995,Moment (emu),7.70,YZGO_BperpC_7.7MG_2.5K_06242026.DAT
13.2052,1.58678,0.00035509,2.4996,Moment (emu),7.70,YZGO_BperpC_7.7MG_2.5K_06242026.DAT
13.2078,1.5862,0.000325063,2.4997,Moment (emu),7.70,YZGO_BperpC_7.7MG_2.5K_06242026.DAT
13.2098,1.58615,0.000366328,2.4998,Moment (emu),7.70,YZGO_BperpC_7.7MG_2.5K_06242026.DAT
13.2125,1.58662,0.000375122,2.5000,Moment (emu),7.70,YZGO_BperpC_7.7MG_2.5K_06242026.DAT
13.2152,1.5863,0.000326946,2.5001,Moment (emu),7.70,YZGO_BperpC_7.7MG_2.5K_06242026.DAT
13.2174,1.58602,0.000334798,2.5001,Moment (emu),7.70,YZGO_BperpC_7.7MG_2.5K_06242026.DAT
13.2199,1.58646,0.000312536,2.5001,Moment (emu),7.70,YZGO_BperpC_7.7MG_2.5K_06242026.DAT
13.2225,1.58568,0.000379644,2.5001,Moment (emu),7.70,YZGO_BperpC_7.7MG_2.5K_06242026.DAT
13.2248,1.58628,0.000389629,2.5001,Moment (emu),7.70,YZGO_BperpC_7.7MG_2.5K_06242026.DAT
13.2273,1.5866,0.000326328,2.5001,Moment (emu),7.70,YZGO_BperpC_7.7MG_2.5K_06242026.DAT
13.2303,1.58564,0.000269327,2.5000,Moment (emu),7.70,YZGO_BperpC_7.7MG_2.5K_06242026.DAT
13.2325,1.58608,0.000416355,2.5000,Moment (emu),7.70,YZGO_BperpC_7.7MG_2.5K_06242026.DAT
13.2353,1.58561,0.000367757,2.5000,Moment (emu),7.70,YZGO_BperpC_7.7MG_2.5K_06242026.DAT
13.2376,1.58597,0.00036444,2.5000,Moment (emu),7.70,YZGO_BperpC_7.7MG_2.5K_06242026.DAT
13.24,1.57897,0.000513637,2.5000,Moment (emu),7.70,YZGO_BperpC_7.7MG_2.5K_06242026.DAT
13.2425,1.58662,0.000381682,2.5000,Moment (emu),7.70,YZGO_BperpC_7.7MG_2.5K_06242026.DAT
13.2448,1.5878,0.000388548,2.5001,Moment (emu),7.70,YZGO_BperpC_7.7MG_2.5K_06242026.DAT
13.248,1.58722,0.000459478,2.5001,Moment (emu),7.70,YZGO_BperpC_7.7MG_2.5K_06242026.DAT
13.2496,1.58681,0.000420285,2.5001,Moment (emu),7.70,YZGO_BperpC_7.7MG_2.5K_06242026.DAT
13.2523,1.58795,0.000468736,2.5001,Moment (emu),7.70,YZGO_BperpC_7.7MG_2.5K_06242026.DAT
13.2548,1.58766,0.00046227,2.5001,Moment (emu),7.70,YZGO_BperpC_7.7MG_2.5K_06242026.DAT
13.2575,1.58753,0.000368211,2.5001,Moment (emu),7.70,YZGO_BperpC_7.7MG_2.5K_06242026.DAT
13.2597,1.58726,0.000398835,2.5001,Moment (emu),7.70,YZGO_BperpC_7.7MG_2.5K_06242026.DAT
13.2622,1.58722,0.000421206,2.5001,Moment (emu),7.70,YZGO_BperpC_7.7MG_2.5K_06242026.DAT
13.2646,1.58697,0.000388244,2.5001,Moment (emu),7.70,YZGO_BperpC_7.7MG_2.5K_06242026.DAT
13.2676,1.58755,0.000371642,2.5000,Moment (emu),7.70,YZGO_BperpC_7.7MG_2.5K_06242026.DAT
13.2698,1.58756,0.000388904,2.4999,Moment (emu),7.70,YZGO_BperpC_7.7MG_2.5K_06242026.DAT
13.2721,1.58749,0.000338374,2.4998,Moment (emu),7.70,YZGO_BperpC_7.7MG_2.5K_06242026.DAT
13.275,1.58739,0.000391384,2.4999,Moment (emu),7.70,YZGO_BperpC_7.7MG_2.5K_06242026.DAT
13.2771,1.58667,0.000377746,2.5005,Moment (emu),7.70,YZGO_BperpC_7.7MG_2.5K_06242026.DAT
13.2797,1.58704,0.0003251,2.5024,Moment (emu),7.70,YZGO_BperpC_7.7MG_2.5K_06242026.DAT
13.2821,1.58703,0.000384092,2.5041,Moment (emu),7.70,YZGO_BperpC_7.7MG_2.5K_06242026.DAT
13.2846,1.58699,0.000476305,2.5039,Moment (emu),7.70,YZGO_BperpC_7.7MG_2.5K_06242026.DAT
13.288,1.58733,0.000369186,2.5022,Moment (emu),7.70,YZGO_BperpC_7.7MG_2.5K_06242026.DAT
13.29,1.58689,0.000439634,2.5001,Moment (emu),7.70,YZGO_BperpC_7.7MG_2.5K_06242026.DAT
13.2921,1.58683,0.00040337,2.4989,Moment (emu),7.70,YZGO_BperpC_7.7MG_2.5K_06242026.DAT
13.2946,1.58685,0.000391075,2.4979,Moment (emu),7.70,YZGO_BperpC_7.7MG_2.5K_06242026.DAT
13.2971,1.58594,0.0003553,2.4970,Moment (emu),7.70,YZGO_BperpC_7.7MG_2.5K_06242026.DAT
13.2999,1.58697,0.000432617,2.4966,Moment (emu),7.70,YZGO_BperpC_7.7MG_2.5K_06242026.DAT
13.3021,1.58628,0.00035504,2.4968,Moment (emu),7.70,YZGO_BperpC_7.7MG_2.5K_06242026.DAT
13.3046,1.58748,0.000406179,2.4973,Moment (emu),7.70,YZGO_BperpC_7.7MG_2.5K_06242026.DAT
13.3071,1.58713,0.00037008,2.4980,Moment (emu),7.70,YZGO_BperpC_7.7MG_2.5K_06242026.DAT
13.3097,1.58772,0.000400274,2.4991,Moment (emu),7.70,YZGO_BperpC_7.7MG_2.5K_06242026.DAT
13.3123,1.58742,0.000456953,2.4997,Moment (emu),7.70,YZGO_BperpC_7.7MG_2.5K_06242026.DAT
13.3149,1.58697,0.000388706,2.5000,Moment (emu),7.70,YZGO_BperpC_7.7MG_2.5K_06242026.DAT
13.3171,1.58716,0.000415336,2.5004,Moment (emu),7.70,YZGO_BperpC_7.7MG_2.5K_06242026.DAT
13.3198,1.58693,0.000319646,2.5007,Moment (emu),7.70,YZGO_BperpC_7.7MG_2.5K_06242026.DAT
13.3221,1.5864,0.000404037,2.5009,Moment (emu),7.70,YZGO_BperpC_7.7MG_2.5K_06242026.DAT
13.3246,1.5872,0.000341587,2.5009,Moment (emu),7.70,YZGO_BperpC_7.7MG_2.5K_06242026.DAT
13.3272,1.58663,0.000384725,2.5008,Moment (emu),7.70,YZGO_BperpC_7.7MG_2.5K_06242026.DAT
13.3302,1.58652,0.000371668,2.5005,Moment (emu),7.70,YZGO_BperpC_7.7MG_2.5K_06242026.DAT
13.3322,1.58634,0.000464946,2.5002,Moment (emu),7.70,YZGO_BperpC_7.7MG_2.5K_06242026.DAT
13.3346,1.58715,0.00032574,2.4999,Moment (emu),7.70,YZGO_BperpC_7.7MG_2.5K_06242026.DAT
13.3371,1.58733,0.000340256,2.5000,Moment (emu),7.70,YZGO_BperpC_7.7MG_2.5K_06242026.DAT
13.3399,1.58737,0.000370623,2.5002,Moment (emu),7.70,YZGO_BperpC_7.7MG_2.5K_06242026.DAT
13.3421,1.58627,0.000294221,2.5003,Moment (emu),7.70,YZGO_BperpC_7.7MG_2.5K_06242026.DAT
13.3446,1.5857,0.000347456,2.5002,Moment (emu),7.70,YZGO_BperpC_7.7MG_2.5K_06242026.DAT
13.3471,1.58616,0.00030871,2.5001,Moment (emu),7.70,YZGO_BperpC_7.7MG_2.5K_06242026.DAT
13.3498,1.58664,0.000357768,2.5001,Moment (emu),7.70,YZGO_BperpC_7.7MG_2.5K_06242026.DAT
13.3522,1.58673,0.000329647,2.5000,Moment (emu),7.70,YZGO_BperpC_7.7MG_2.5K_06242026.DAT
13.3548,1.58717,0.000333398,2.4999,Moment (emu),7.70,YZGO_BperpC_7.7MG_2.5K_06242026.DAT
13.3574,1.58726,0.000341148,2.4999,Moment (emu),7.70,YZGO_BperpC_7.7MG_2.5K_06242026.DAT
13.3601,1.58688,0.000386258,2.5000,Moment (emu),7.70,YZGO_BperpC_7.7MG_2.5K_06242026.DAT
13.3625,1.58733,0.000322878,2.5001,Moment (emu),7.70,YZGO_BperpC_7.7MG_2.5K_06242026.DAT
13.3647,1.58644,0.000330695,2.5002,Moment (emu),7.70,YZGO_BperpC_7.7MG_2.5K_06242026.DAT
13.3675,1.58634,0.000412223,2.5002,Moment (emu),7.70,YZGO_BperpC_7.7MG_2.5K_06242026.DAT
13.3695,1.58708,0.000370505,2.5001,Moment (emu),7.70,YZGO_BperpC_7.7MG_2.5K_06242026.DAT
13.372,1.58711,0.00042248,2.5001,Moment (emu),7.70,YZGO_BperpC_7.7MG_2.5K_06242026.DAT
13.3748,1.58682,0.000411934,2.5001,Moment (emu),7.70,YZGO_BperpC_7.7MG_2.5K_06242026.DAT
13.3775,1.58643,0.000342706,2.5000,Moment (emu),7.70,YZGO_BperpC_7.7MG_2.5K_06242026.DAT
13.3798,1.58639,0.000374193,2.4999,Moment (emu),7.70,YZGO_BperpC_7.7MG_2.5K_06242026.DAT
13.3821,1.58658,0.000404701,2.4999,Moment (emu),7.70,YZGO_BperpC_7.7MG_2.5K_06242026.DAT
13.3848,1.58713,0.000418369,2.4999,Moment (emu),7.70,YZGO_BperpC_7.7MG_2.5K_06242026.DAT
13.3871,1.5865,0.000375108,2.4998,Moment (emu),7.70,YZGO_BperpC_7.7MG_2.5K_06242026.DAT
13.3898,1.58633,0.000356147,2.4999,Moment (emu),7.70,YZGO_BperpC_7.7MG_2.5K_06242026.DAT
13.3924,1.58558,0.000359215,2.4999,Moment (emu),7.70,YZGO_BperpC_7.7MG_2.5K_06242026.DAT
13.3949,1.58568,0.000406127,2.4999,Moment (emu),7.70,YZGO_BperpC_7.7MG_2.5K_06242026.DAT
13.397,1.58509,0.000401087,2.4999,Moment (emu),7.70,YZGO_BperpC_7.7MG_2.5K_06242026.DAT
13.3999,1.58512,0.000472994,2.5002,Moment (emu),7.70,YZGO_BperpC_7.7MG_2.5K_06242026.DAT
13.402,1.58558,0.000402634,2.5004,Moment (emu),7.70,YZGO_BperpC_7.7MG_2.5K_06242026.DAT
13.4045,1.5838,0.000459232,2.5005,Moment (emu),7.70,YZGO_BperpC_7.7MG_2.5K_06242026.DAT
13.407,1.58675,0.000450094,2.5004,Moment (emu),7.70,YZGO_BperpC_7.7MG_2.5K_06242026.DAT
13.4098,1.58699,0.000422275,2.4998,Moment (emu),7.70,YZGO_BperpC_7.7MG_2.5K_06242026.DAT
13.4121,1.58631,0.000402116,2.4986,Moment (emu),7.70,YZGO_BperpC_7.7MG_2.5K_06242026.DAT
13.4145,1.5859,0.000349167,2.4968,Moment (emu),7.70,YZGO_BperpC_7.7MG_2.5K_06242026.DAT
13.4172,1.58612,0.000406633,2.4959,Moment (emu),7.70,YZGO_BperpC_7.7MG_2.5K_06242026.DAT
13.4196,1.58547,0.000336271,2.4969,Moment (emu),7.70,YZGO_BperpC_7.7MG_2.5K_06242026.DAT
13.422,1.58578,0.000357017,2.4986,Moment (emu),7.70,YZGO_BperpC_7.7MG_2.5K_06242026.DAT
13.4245,1.58532,0.000356543,2.5005,Moment (emu),7.70,YZGO_BperpC_7.7MG_2.5K_06242026.DAT
13.4271,1.58584,0.000385667,2.5024,Moment (emu),7.70,YZGO_BperpC_7.7MG_2.5K_06242026.DAT
13.4295,1.58514,0.000378901,2.5033,Moment (emu),7.70,YZGO_BperpC_7.7MG_2.5K_06242026.DAT
13.4324,1.5843,0.000392486,2.5037,Moment (emu),7.70,YZGO_BperpC_7.7MG_2.5K_06242026.DAT
13.4346,1.58543,0.000342565,2.5033,Moment (emu),7.70,YZGO_BperpC_7.7MG_2.5K_06242026.DAT
13.4374,1.58501,0.000326787,2.5027,Moment (emu),7.70,YZGO_BperpC_7.7MG_2.5K_06242026.DAT
13.4395,1.58547,0.000409359,2.5019,Moment (emu),7.70,YZGO_BperpC_7.7MG_2.5K_06242026.DAT
13.4423,1.58574,0.000385835,2.5010,Moment (emu),7.70,YZGO_BperpC_7.7MG_2.5K_06242026.DAT
13.445,1.58552,0.000374082,2.5003,Moment (emu),7.70,YZGO_BperpC_7.7MG_2.5K_06242026.DAT
13.4479,1.58547,0.000370122,2.4997,Moment (emu),7.70,YZGO_BperpC_7.7MG_2.5K_06242026.DAT
13.4496,1.58638,0.000433744,2.4995,Moment (emu),7.70,YZGO_BperpC_7.7MG_2.5K_06242026.DAT
13.4523,1.58463,0.000381074,2.4994,Moment (emu),7.70,YZGO_BperpC_7.7MG_2.5K_06242026.DAT
13.4547,1.58518,0.000352353,2.4994,Moment (emu),7.70,YZGO_BperpC_7.7MG_2.5K_06242026.DAT
13.4569,1.58662,0.000429218,2.4994,Moment (emu),7.70,YZGO_BperpC_7.7MG_2.5K_06242026.DAT
13.4594,1.58594,0.000400424,2.4994,Moment (emu),7.70,YZGO_BperpC_7.7MG_2.5K_06242026.DAT
13.4624,1.58591,0.000374446,2.4993,Moment (emu),7.70,YZGO_BperpC_7.7MG_2.5K_06242026.DAT
13.465,1.58664,0.000360463,2.4993,Moment (emu),7.70,YZGO_BperpC_7.7MG_2.5K_06242026.DAT
13.4675,1.58643,0.000387983,2.4994,Moment (emu),7.70,YZGO_BperpC_7.7MG_2.5K_06242026.DAT
13.4696,1.58506,0.000409623,2.4996,Moment (emu),7.70,YZGO_BperpC_7.7MG_2.5K_06242026.DAT
13.4718,1.58464,0.000451481,2.4997,Moment (emu),7.70,YZGO_BperpC_7.7MG_2.5K_06242026.DAT
13.4745,1.58496,0.000456527,2.4999,Moment (emu),7.70,YZGO_BperpC_7.7MG_2.5K_06242026.DAT
13.4769,1.58349,0.000337179,2.5000,Moment (emu),7.70,YZGO_BperpC_7.7MG_2.5K_06242026.DAT
13.4794,1.58436,0.000341634,2.5002,Moment (emu),7.70,YZGO_BperpC_7.7MG_2.5K_06242026.DAT
13.482,1.58415,0.000483578,2.5003,Moment (emu),7.70,YZGO_BperpC_7.7MG_2.5K_06242026.DAT
13.4846,1.58471,0.000390486,2.5003,Moment (emu),7.70,YZGO_BperpC_7.7MG_2.5K_06242026.DAT
13.4868,1.58415,0.000376236,2.5003,Moment (emu),7.70,YZGO_BperpC_7.7MG_2.5K_06242026.DAT
13.49,1.58557,0.000311272,2.5000,Moment (emu),7.70,YZGO_BperpC_7.7MG_2.5K_06242026.DAT
13.492,1.58506,0.000444485,2.4998,Moment (emu),7.70,YZGO_BperpC_7.7MG_2.5K_06242026.DAT
13.4943,1.58454,0.000394004,2.4998,Moment (emu),7.70,YZGO_BperpC_7.7MG_2.5K_06242026.DAT
13.497,1.5845,0.000419857,2.4999,Moment (emu),7.70,YZGO_BperpC_7.7MG_2.5K_06242026.DAT
13.4993,1.58371,0.000389374,2.4998,Moment (emu),7.70,YZGO_BperpC_7.7MG_2.5K_06242026.DAT
13.5018,1.58372,0.000355008,2.4997,Moment (emu),7.70,YZGO_BperpC_7.7MG_2.5K_06242026.DAT
13.5043,1.5852,0.000430755,2.4997,Moment (emu),7.70,YZGO_BperpC_7.7MG_2.5K_06242026.DAT
13.5068,1.58426,0.000415548,2.4997,Moment (emu),7.70,YZGO_BperpC_7.7MG_2.5K_06242026.DAT
13.5097,1.58539,0.000479761,2.4999,Moment (emu),7.70,YZGO_BperpC_7.7MG_2.5K_06242026.DAT
13.5117,1.58483,0.000331587,2.5001,Moment (emu),7.70,YZGO_BperpC_7.7MG_2.5K_06242026.DAT
13.5144,1.58472,0.000362787,2.5002,Moment (emu),7.70,YZGO_BperpC_7.7MG_2.5K_06242026.DAT
13.517,1.58478,0.00038953,2.5003,Moment (emu),7.70,YZGO_BperpC_7.7MG_2.5K_06242026.DAT
13.5193,1.58468,0.000346898,2.5002,Moment (emu),7.70,YZGO_BperpC_7.7MG_2.5K_06242026.DAT
13.522,1.58571,0.000449544,2.5001,Moment (emu),7.70,YZGO_BperpC_7.7MG_2.5K_06242026.DAT
13.5242,1.5854,0.00040675,2.5001,Moment (emu),7.70,YZGO_BperpC_7.7MG_2.5K_06242026.DAT
13.5276,1.58205,0.00051203,2.5002,Moment (emu),7.70,YZGO_BperpC_7.7MG_2.5K_06242026.DAT
13.5293,1.58188,0.000448484,2.5002,Moment (emu),7.70,YZGO_BperpC_7.7MG_2.5K_06242026.DAT
13.5318,1.58501,0.000355723,2.5002,Moment (emu),7.70,YZGO_BperpC_7.7MG_2.5K_06242026.DAT
13.5343,1.58521,0.000359106,2.5001,Moment (emu),7.70,YZGO_BperpC_7.7MG_2.5K_06242026.DAT
13.5371,1.58604,0.000396154,2.5001,Moment (emu),7.70,YZGO_BperpC_7.7MG_2.5K_06242026.DAT
13.5392,1.58416,0.000409938,2.5001,Moment (emu),7.70,YZGO_BperpC_7.7MG_2.5K_06242026.DAT
13.5418,1.58427,0.000412854,2.5001,Moment (emu),7.70,YZGO_BperpC_7.7MG_2.5K_06242026.DAT
13.5441,1.58517,0.000295015,2.5001,Moment (emu),7.70,YZGO_BperpC_7.7MG_2.5K_06242026.DAT
13.5466,1.58625,0.000337353,2.5000,Moment (emu),7.70,YZGO_BperpC_7.7MG_2.5K_06242026.DAT
13.5493,1.58585,0.000385676,2.5000,Moment (emu),7.70,YZGO_BperpC_7.7MG_2.5K_06242026.DAT
13.5521,1.58642,0.000338503,2.5001,Moment (emu),7.70,YZGO_BperpC_7.7MG_2.5K_06242026.DAT
13.5547,1.58558,0.000376318,2.5000,Moment (emu),7.70,YZGO_BperpC_7.7MG_2.5K_06242026.DAT
13.5569,1.58597,0.000274084,2.5000,Moment (emu),7.70,YZGO_BperpC_7.7MG_2.5K_06242026.DAT
13.5593,1.58545,0.00038064,2.5000,Moment (emu),7.70,YZGO_BperpC_7.7MG_2.5K_06242026.DAT
13.5619,1.58616,0.000352972,2.5001,Moment (emu),7.70,YZGO_BperpC_7.7MG_2.5K_06242026.DAT
13.5642,1.58609,0.000338746,2.5014,Moment (emu),7.70,YZGO_BperpC_7.7MG_2.5K_06242026.DAT
13.5674,1.58539,0.000420693,2.5031,Moment (emu),7.70,YZGO_BperpC_7.7MG_2.5K_06242026.DAT
13.5698,1.58471,0.000402844,2.5036,Moment (emu),7.70,YZGO_BperpC_7.7MG_2.5K_06242026.DAT
13.5721,1.58412,0.000419364,2.5031,Moment (emu),7.70,YZGO_BperpC_7.7MG_2.5K_06242026.DAT
13.5745,1.58426,0.00040995,2.5019,Moment (emu),7.70,YZGO_BperpC_7.7MG_2.5K_06242026.DAT
13.5767,1.58372,0.000292612,2.4997,Moment (emu),7.70,YZGO_BperpC_7.7MG_2.5K_06242026.DAT
13.5795,1.58237,0.000282792,2.4983,Moment (emu),7.70,YZGO_BperpC_7.7MG_2.5K_06242026.DAT
13.5817,1.58299,0.000352379,2.4971,Moment (emu),7.70,YZGO_BperpC_7.7MG_2.5K_06242026.DAT
13.5844,1.58143,0.000418945,2.4966,Moment (emu),7.70,YZGO_BperpC_7.7MG_2.5K_06242026.DAT
13.5867,1.58436,0.000361917,2.4966,Moment (emu),7.70,YZGO_BperpC_7.7MG_2.5K_06242026.DAT
13.5895,1.58253,0.000319411,2.4970,Moment (emu),7.70,YZGO_BperpC_7.7MG_2.5K_06242026.DAT
13.5916,1.5827,0.000443488,2.4978,Moment (emu),7.70,YZGO_BperpC_7.7MG_2.5K_06242026.DAT
13.5945,1.58518,0.000419932,2.4986,Moment (emu),7.70,YZGO_BperpC_7.7MG_2.5K_06242026.DAT
13.597,1.5835,0.000373895,2.4993,Moment (emu),7.70,YZGO_BperpC_7.7MG_2.5K_06242026.DAT
13.5995,1.58484,0.000363259,2.4999,Moment (emu),7.70,YZGO_BperpC_7.7MG_2.5K_06242026.DAT
13.6021,1.58346,0.000309305,2.5004,Moment (emu),7.70,YZGO_BperpC_7.7MG_2.5K_06242026.DAT
13.6043,1.58325,0.00039287,2.5007,Moment (emu),7.70,YZGO_BperpC_7.7MG_2.5K_06242026.DAT
13.6067,1.58471,0.000377843,2.5008,Moment (emu),7.70,YZGO_BperpC_7.7MG_2.5K_06242026.DAT
13.6092,1.58326,0.000491495,2.5009,Moment (emu),7.70,YZGO_BperpC_7.7MG_2.5K_06242026.DAT
13.6116,1.58038,0.000329907,2.5007,Moment (emu),7.70,YZGO_BperpC_7.7MG_2.5K_06242026.DAT
13.6144,1.58114,0.000426445,2.5006,Moment (emu),7.70,YZGO_BperpC_7.7MG_2.5K_06242026.DAT
13.6168,1.58312,0.000394726,2.5005,Moment (emu),7.70,YZGO_BperpC_7.7MG_2.5K_06242026.DAT
13.6196,1.58181,0.000271008,2.5004,Moment (emu),7.70,YZGO_BperpC_7.7MG_2.5K_06242026.DAT
13.6218,1.58276,0.000375148,2.5002,Moment (emu),7.70,YZGO_BperpC_7.7MG_2.5K_06242026.DAT
13.6241,1.58117,0.000321323,2.5001,Moment (emu),7.70,YZGO_BperpC_7.7MG_2.5K_06242026.DAT
13.627,1.58406,0.0003357,2.4999,Moment (emu),7.70,YZGO_BperpC_7.7MG_2.5K_06242026.DAT
13.6291,1.58273,0.000381253,2.5000,Moment (emu),7.70,YZGO_BperpC_7.7MG_2.5K_06242026.DAT
13.632,1.58124,0.000375656,2.5001,Moment (emu),7.70,YZGO_BperpC_7.7MG_2.5K_06242026.DAT
13.6345,1.58101,0.000524468,2.5001,Moment (emu),7.70,YZGO_BperpC_7.7MG_2.5K_06242026.DAT
13.637,1.58349,0.000333352,2.5000,Moment (emu),7.70,YZGO_BperpC_7.7MG_2.5K_06242026.DAT
13.6393,1.58157,0.000407896,2.5000,Moment (emu),7.70,YZGO_BperpC_7.7MG_2.5K_06242026.DAT
13.6421,1.58,0.000399663,2.5000,Moment (emu),7.70,YZGO_BperpC_7.7MG_2.5K_06242026.DAT
13.6441,1.58016,0.000396921,2.5001,Moment (emu),7.70,YZGO_BperpC_7.7MG_2.5K_06242026.DAT
13.6468,1.57875,0.000405084,2.5001,Moment (emu),7.70,YZGO_BperpC_7.7MG_2.5K_06242026.DAT
13.6493,1.57818,0.000422618,2.5002,Moment (emu),7.70,YZGO_BperpC_7.7MG_2.5K_06242026.DAT
13.6521,1.57839,0.000464379,2.5002,Moment (emu),7.70,YZGO_BperpC_7.7MG_2.5K_06242026.DAT
13.6545,1.57856,0.000419465,2.5001,Moment (emu),7.70,YZGO_BperpC_7.7MG_2.5K_06242026.DAT
13.6568,1.57054,0.000237274,2.5000,Moment (emu),7.70,YZGO_BperpC_7.7MG_2.5K_06242026.DAT
13.6591,1.58176,0.00064983,2.5000,Moment (emu),7.70,YZGO_BperpC_7.7MG_2.5K_06242026.DAT
13.6618,1.58403,0.00033534,2.5000,Moment (emu),7.70,YZGO_BperpC_7.7MG_2.5K_06242026.DAT
13.6642,1.58445,0.000450595,2.5002,Moment (emu),7.70,YZGO_BperpC_7.7MG_2.5K_06242026.DAT
13.6666,1.58211,0.000355555,2.5002,Moment (emu),7.70,YZGO_BperpC_7.7MG_2.5K_06242026.DAT
13.6694,1.58241,0.000466041,2.5001,Moment (emu),7.70,YZGO_BperpC_7.7MG_2.5K_06242026.DAT
13.6716,1.57983,0.000396914,2.5000,Moment (emu),7.70,YZGO_BperpC_7.7MG_2.5K_06242026.DAT
13.6743,1.58277,0.000469851,2.4999,Moment (emu),7.70,YZGO_BperpC_7.7MG_2.5K_06242026.DAT
13.6766,1.5845,0.000500079,2.4999,Moment (emu),7.70,YZGO_BperpC_7.7MG_2.5K_06242026.DAT
13.6791,1.58247,0.000360611,2.4999,Moment (emu),7.70,YZGO_BperpC_7.7MG_2.5K_06242026.DAT
13.6819,1.58354,0.000415969,2.4999,Moment (emu),7.70,YZGO_BperpC_7.7MG_2.5K_06242026.DAT
13.684,1.58185,0.00049028,2.5000,Moment (emu),7.70,YZGO_BperpC_7.7MG_2.5K_06242026.DAT
13.6867,1.58057,0.000505668,2.5000,Moment (emu),7.70,YZGO_BperpC_7.7MG_2.5K_06242026.DAT
13.6894,1.58092,0.000489816,2.5001,Moment (emu),7.70,YZGO_BperpC_7.7MG_2.5K_06242026.DAT
13.6914,1.58095,0.000453449,2.5001,Moment (emu),7.70,YZGO_BperpC_7.7MG_2.5K_06242026.DAT
13.6941,1.58132,0.000469616,2.5000,Moment (emu),7.70,YZGO_BperpC_7.7MG_2.5K_06242026.DAT
13.6966,1.58433,0.000363142,2.4991,Moment (emu),7.70,YZGO_BperpC_7.7MG_2.5K_06242026.DAT
13.6991,1.58395,0.000418838,2.4973,Moment (emu),7.70,YZGO_BperpC_7.7MG_2.5K_06242026.DAT
13.7017,1.58276,0.00035244,2.4962,Moment (emu),7.70,YZGO_BperpC_7.7MG_2.5K_06242026.DAT
13.7042,1.5828,0.000327096,2.4962,Moment (emu),7.70,YZGO_BperpC_7.7MG_2.5K_06242026.DAT
13.7065,1.58375,0.000337829,2.4975,Moment (emu),7.70,YZGO_BperpC_7.7MG_2.5K_06242026.DAT
13.7094,1.58065,0.000508506,2.4993,Moment (emu),7.70,YZGO_BperpC_7.7MG_2.5K_06242026.DAT
13.7119,1.58195,0.000527864,2.5016,Moment (emu),7.70,YZGO_BperpC_7.7MG_2.5K_06242026.DAT
13.7144,1.58343,0.000377234,2.5026,Moment (emu),7.70,YZGO_BperpC_7.7MG_2.5K_06242026.DAT
13.7165,1.58405,0.000442501,2.5034,Moment (emu),7.70,YZGO_BperpC_7.7MG_2.5K_06242026.DAT
13.7193,1.5837,0.000373032,2.5037,Moment (emu),7.70,YZGO_BperpC_7.7MG_2.5K_06242026.DAT
13.7214,1.5826,0.000525325,2.5034,Moment (emu),7.70,YZGO_BperpC_7.7MG_2.5K_06242026.DAT
13.724,1.5804,0.000536079,2.5029,Moment (emu),7.70,YZGO_BperpC_7.7MG_2.5K_06242026.DAT
13.7265,1.58208,0.00048788,2.5020,Moment (emu),7.70,YZGO_BperpC_7.7MG_2.5K_06242026.DAT
13.7294,1.58179,0.000365959,2.5012,Moment (emu),7.70,YZGO_BperpC_7.7MG_2.5K_06242026.DAT
13.7315,1.58266,0.000403172,2.5005,Moment (emu),7.70,YZGO_BperpC_7.7MG_2.5K_06242026.DAT
13.7344,1.58017,0.000541347,2.4996,Moment (emu),7.70,YZGO_BperpC_7.7MG_2.5K_06242026.DAT
13.7365,1.57784,0.000493745,2.4993,Moment (emu),7.70,YZGO_BperpC_7.7MG_2.5K_06242026.DAT
13.7391,1.57003,0.000298575,2.4989,Moment (emu),7.70,YZGO_BperpC_7.7MG_2.5K_06242026.DAT
13.7417,1.57007,0.000267579,2.4989,Moment (emu),7.70,YZGO_BperpC_7.7MG_2.5K_06242026.DAT
13.7445,1.57155,0.000289988,2.4989,Moment (emu),7.70,YZGO_BperpC_7.7MG_2.5K_06242026.DAT
13.7468,1.57847,0.000596052,2.4991,Moment (emu),7.70,YZGO_BperpC_7.7MG_2.5K_06242026.DAT
13.749,1.58335,0.00049001,2.4993,Moment (emu),7.70,YZGO_BperpC_7.7MG_2.5K_06242026.DAT
13.7519,1.58314,0.000432243,2.4995,Moment (emu),7.70,YZGO_BperpC_7.7MG_2.5K_06242026.DAT
13.754,1.58381,0.000470425,2.4998,Moment (emu),7.70,YZGO_BperpC_7.7MG_2.5K_06242026.DAT
13.7567,1.58278,0.000513926,2.4999,Moment (emu),7.70,YZGO_BperpC_7.7MG_2.5K_06242026.DAT
13.759,1.58409,0.000386268,2.5000,Moment (emu),7.70,YZGO_BperpC_7.7MG_2.5K_06242026.DAT
13.7617,1.58229,0.000379013,2.5000,Moment (emu),7.70,YZGO_BperpC_7.7MG_2.5K_06242026.DAT
13.764,1.58113,0.000488561,2.5000,Moment (emu),7.70,YZGO_BperpC_7.7MG_2.5K_06242026.DAT
13.7665,1.58362,0.000343173,2.4999,Moment (emu),7.70,YZGO_BperpC_7.7MG_2.5K_06242026.DAT
13.7693,1.58267,0.000502844,2.4997,Moment (emu),7.70,YZGO_BperpC_7.7MG_2.5K_06242026.DAT
13.7715,1.58349,0.000409726,2.4997,Moment (emu),7.70,YZGO_BperpC_7.7MG_2.5K_06242026.DAT
13.774,1.58046,0.000363138,2.4998,Moment (emu),7.70,YZGO_BperpC_7.7MG_2.5K_06242026.DAT
13.7768,1.57995,0.00042305,2.5000,Moment (emu),7.70,YZGO_BperpC_7.7MG_2.5K_06242026.DAT
13.7793,1.58013,0.000570448,2.5004,Moment (emu),7.70,YZGO_BperpC_7.7MG_2.5K_06242026.DAT
13.7815,1.57878,0.000497339,2.5005,Moment (emu),7.70,YZGO_BperpC_7.7MG_2.5K_06242026.DAT
13.7841,1.58244,0.000349307,2.5005,Moment (emu),7.70,YZGO_BperpC_7.7MG_2.5K_06242026.DAT
13.7867,1.58118,0.000318361,2.5006,Moment (emu),7.70,YZGO_BperpC_7.7MG_2.5K_06242026.DAT
13.7892,1.5832,0.00046164,2.5004,Moment (emu),7.70,YZGO_BperpC_7.7MG_2.5K_06242026.DAT
13.7914,1.58517,0.00040884,2.5003,Moment (emu),7.70,YZGO_BperpC_7.7MG_2.5K_06242026.DAT
13.794,1.58465,0.000363409,2.5002,Moment (emu),7.70,YZGO_BperpC_7.7MG_2.5K_06242026.DAT
13.7969,1.58436,0.000439104,2.5001,Moment (emu),7.70,YZGO_BperpC_7.7MG_2.5K_06242026.DAT
13.7991,1.5845,0.00053125,2.5001,Moment (emu),7.70,YZGO_BperpC_7.7MG_2.5K_06242026.DAT
13.8014,1.58386,0.00045949,2.5000,Moment (emu),7.70,YZGO_BperpC_7.7MG_2.5K_06242026.DAT
13.804,1.58337,0.000521698,2.4999,Moment (emu),7.70,YZGO_BperpC_7.7MG_2.5K_06242026.DAT
13.8064,1.57998,0.00057949,2.4999,Moment (emu),7.70,YZGO_BperpC_7.7MG_2.5K_06242026.DAT
13.8092,1.58472,0.000621394,2.4998,Moment (emu),7.70,YZGO_BperpC_7.7MG_2.5K_06242026.DAT
13.8116,1.5848,0.000373059,2.4998,Moment (emu),7.70,YZGO_BperpC_7.7MG_2.5K_06242026.DAT
13.8139,1.58414,0.000394438,2.4998,Moment (emu),7.70,YZGO_BperpC_7.7MG_2.5K_06242026.DAT
13.8165,1.58488,0.000417261,2.4998,Moment (emu),7.70,YZGO_BperpC_7.7MG_2.5K_06242026.DAT
13.8192,1.58504,0.000469765,2.4999,Moment (emu),7.70,YZGO_BperpC_7.7MG_2.5K_06242026.DAT
13.8218,1.5861,0.000402474,2.4999,Moment (emu),7.70,YZGO_BperpC_7.7MG_2.5K_06242026.DAT
13.8238,1.58369,0.000461193,2.5000,Moment (emu),7.70,YZGO_BperpC_7.7MG_2.5K_06242026.DAT
13.8263,1.58357,0.000490788,2.5001,Moment (emu),7.70,YZGO_BperpC_7.7MG_2.5K_06242026.DAT
13.8287,1.58072,0.000430696,2.5001,Moment (emu),7.70,YZGO_BperpC_7.7MG_2.5K_06242026.DAT
13.8313,1.58421,0.000360448,2.5000,Moment (emu),7.70,YZGO_BperpC_7.7MG_2.5K_06242026.DAT
13.8338,1.58547,0.000458981,2.5001,Moment (emu),7.70,YZGO_BperpC_7.7MG_2.5K_06242026.DAT
13.8362,1.58465,0.000418076,2.5001,Moment (emu),7.70,YZGO_BperpC_7.7MG_2.5K_06242026.DAT
13.8389,1.58496,0.000508354,2.5001,Moment (emu),7.70,YZGO_BperpC_7.7MG_2.5K_06242026.DAT
13.8414,1.58315,0.000443375,2.5000,Moment (emu),7.70,YZGO_BperpC_7.7MG_2.5K_06242026.DAT
13.8443,1.58327,0.000402029,2.4999,Moment (emu),7.70,YZGO_BperpC_7.7MG_2.5K_06242026.DAT
13.8467,1.584,0.000483177,2.4998,Moment (emu),7.70,YZGO_BperpC_7.7MG_2.5K_06242026.DAT
13.8495,1.58413,0.000521438,2.4997,Moment (emu),7.70,YZGO_BperpC_7.7MG_2.5K_06242026.DAT
13.8516,1.58455,0.000358708,2.4998,Moment (emu),7.70,YZGO_BperpC_7.7MG_2.5K_06242026.DAT
13.8543,1.58449,0.000496769,2.4999,Moment (emu),7.70,YZGO_BperpC_7.7MG_2.5K_06242026.DAT
13.8565,1.58495,0.000389127,2.4999,Moment (emu),7.70,YZGO_BperpC_7.7MG_2.5K_06242026.DAT
13.8588,1.58463,0.000372441,2.5000,Moment (emu),7.70,YZGO_BperpC_7.7MG_2.5K_06242026.DAT
13.8615,1.5821,0.000584813,2.5002,Moment (emu),7.70,YZGO_BperpC_7.7MG_2.5K_06242026.DAT
13.8637,1.58313,0.000482715,2.5002,Moment (emu),7.70,YZGO_BperpC_7.7MG_2.5K_06242026.DAT
13.8663,1.58536,0.000486797,2.5002,Moment (emu),7.70,YZGO_BperpC_7.7MG_2.5K_06242026.DAT
13.8688,1.58499,0.000550015,2.5002,Moment (emu),7.70,YZGO_BperpC_7.7MG_2.5K_06242026.DAT
13.8714,1.58492,0.000488967,2.5002,Moment (emu),7.70,YZGO_BperpC_7.7MG_2.5K_06242026.DAT
13.8739,1.58388,0.000437426,2.5002,Moment (emu),7.70,YZGO_BperpC_7.7MG_2.5K_06242026.DAT
13.8765,1.58331,0.000470905,2.5000,Moment (emu),7.70,YZGO_BperpC_7.7MG_2.5K_06242026.DAT
13.8788,1.58367,0.000421452,2.4999,Moment (emu),7.70,YZGO_BperpC_7.7MG_2.5K_06242026.DAT
13.8818,1.58412,0.000557727,2.4998,Moment (emu),7.70,YZGO_BperpC_7.7MG_2.5K_06242026.DAT
13.8843,1.58622,0.000383513,2.4998,Moment (emu),7.70,YZGO_BperpC_7.7MG_2.5K_06242026.DAT
13.8869,1.5861,0.000437929,2.4998,Moment (emu),7.70,YZGO_BperpC_7.7MG_2.5K_06242026.DAT
13.8888,1.58518,0.000441815,2.4998,Moment (emu),7.70,YZGO_BperpC_7.7MG_2.5K_06242026.DAT
13.8918,1.58567,0.000529829,2.5000,Moment (emu),7.70,YZGO_BperpC_7.7MG_2.5K_06242026.DAT
13.8936,1.58433,0.00057791,2.5000,Moment (emu),7.70,YZGO_BperpC_7.7MG_2.5K_06242026.DAT
13.8963,1.58679,0.000415242,2.5001,Moment (emu),7.70,YZGO_BperpC_7.7MG_2.5K_06242026.DAT
13.8988,1.58541,0.00032291,2.5002,Moment (emu),7.70,YZGO_BperpC_7.7MG_2.5K_06242026.DAT
13.9016,1.58562,0.000286966,2.5002,Moment (emu),7.70,YZGO_BperpC_7.7MG_2.5K_06242026.DAT
13.9038,1.58598,0.000468306,2.5001,Moment (emu),7.70,YZGO_BperpC_7.7MG_2.5K_06242026.DAT
13.9063,1.5846,0.000367597,2.5001,Moment (emu),7.70,YZGO_BperpC_7.7MG_2.5K_06242026.DAT
13.9089,1.585,0.00047459,2.5001,Moment (emu),7.70,YZGO_BperpC_7.7MG_2.5K_06242026.DAT
13.9114,1.58393,0.000409557,2.5002,Moment (emu),7.70,YZGO_BperpC_7.7MG_2.5K_06242026.DAT
13.9142,1.58384,0.000441899,2.5001,Moment (emu),7.70,YZGO_BperpC_7.7MG_2.5K_06242026.DAT
13.9166,1.58236,0.000494802,2.5000,Moment (emu),7.70,YZGO_BperpC_7.7MG_2.5K_06242026.DAT
13.9191,1.58172,0.000543572,2.5000,Moment (emu),7.70,YZGO_BperpC_7.7MG_2.5K_06242026.DAT
13.9216,1.58299,0.000493171,2.4999,Moment (emu),7.70,YZGO_BperpC_7.7MG_2.5K_06242026.DAT
13.9246,1.58468,0.000411692,2.4999,Moment (emu),7.70,YZGO_BperpC_7.7MG_2.5K_06242026.DAT
13.9262,1.58404,0.000515957,2.4998,Moment (emu),7.70,YZGO_BperpC_7.7MG_2.5K_06242026.DAT
13.9288,1.5856,0.000439034,2.4997,Moment (emu),7.70,YZGO_BperpC_7.7MG_2.5K_06242026.DAT
13.9314,1.58554,0.000451354,2.4999,Moment (emu),7.70,YZGO_BperpC_7.7MG_2.5K_06242026.DAT
13.934,1.58462,0.000426204,2.5000,Moment (emu),7.70,YZGO_BperpC_7.7MG_2.5K_06242026.DAT
13.9362,1.58432,0.000395115,2.5000,Moment (emu),7.70,YZGO_BperpC_7.7MG_2.5K_06242026.DAT
13.939,1.58615,0.000403908,2.5001,Moment (emu),7.70,YZGO_BperpC_7.7MG_2.5K_06242026.DAT
13.9411,1.58381,0.000399847,2.5002,Moment (emu),7.70,YZGO_BperpC_7.7MG_2.5K_06242026.DAT
13.9441,1.5822,0.000371413,2.5002,Moment (emu),7.70,YZGO_BperpC_7.7MG_2.5K_06242026.DAT
13.9464,1.5829,0.000456684,2.5002,Moment (emu),7.70,YZGO_BperpC_7.7MG_2.5K_06242026.DAT
13.9491,1.5841,0.000594107,2.5002,Moment (emu),7.70,YZGO_BperpC_7.7MG_2.5K_06242026.DAT
13.9515,1.58314,0.000338303,2.5001,Moment (emu),7.70,YZGO_BperpC_7.7MG_2.5K_06242026.DAT
13.9537,1.58372,0.000393419,2.5001,Moment (emu),7.70,YZGO_BperpC_7.7MG_2.5K_06242026.DAT
13.9565,1.58414,0.000410398,2.5000,Moment (emu),7.70,YZGO_BperpC_7.7MG_2.5K_06242026.DAT
13.9588,1.58478,0.000407265,2.4999,Moment (emu),7.70,YZGO_BperpC_7.7MG_2.5K_06242026.DAT
13.9614,1.5838,0.000436086,2.4998,Moment (emu),7.70,YZGO_BperpC_7.7MG_2.5K_06242026.DAT
13.9638,1.58293,0.00046692,2.4999,Moment (emu),7.70,YZGO_BperpC_7.7MG_2.5K_06242026.DAT
13.9664,1.58175,0.000510755,2.5000,Moment (emu),7.70,YZGO_BperpC_7.7MG_2.5K_06242026.DAT
13.9688,1.58335,0.000440796,2.5001,Moment (emu),7.70,YZGO_BperpC_7.7MG_2.5K_06242026.DAT
13.9715,1.58452,0.000354997,2.5001,Moment (emu),7.70,YZGO_BperpC_7.7MG_2.5K_06242026.DAT
13.9737,1.58361,0.000374715,2.5001,Moment (emu),7.70,YZGO_BperpC_7.7MG_2.5K_06242026.DAT
13.9761,1.58345,0.000421429,2.5000,Moment (emu),7.70,YZGO_BperpC_7.7MG_2.5K_06242026.DAT
13.9787,1.58439,0.000374269,2.5000,Moment (emu),7.70,YZGO_BperpC_7.7MG_2.5K_06242026.DAT
13.9812,1.5851,0.00034927,2.5001,Moment (emu),7.70,YZGO_BperpC_7.7MG_2.5K_06242026.DAT
13.9836,1.58173,0.000623515,2.5000,Moment (emu),7.70,YZGO_BperpC_7.7MG_2.5K_06242026.DAT
13.9861,1.5841,0.000534529,2.5000,Moment (emu),7.70,YZGO_BperpC_7.7MG_2.5K_06242026.DAT
13.9886,1.58147,0.000437782,2.5001,Moment (emu),7.70,YZGO_BperpC_7.7MG_2.5K_06242026.DAT
13.9911,1.58117,0.000599065,2.5001,Moment (emu),7.70,YZGO_BperpC_7.7MG_2.5K_06242026.DAT
13.9936,1.58223,0.000453654,2.5001,Moment (emu),7.70,YZGO_BperpC_7.7MG_2.5K_06242026.DAT
13.9964,1.58353,0.000306244,2.5001,Moment (emu),7.70,YZGO_BperpC_7.7MG_2.5K_06242026.DAT
13.9976,1.58287,0.000463919,2.5000,Moment (emu),7.70,YZGO_BperpC_7.7MG_2.5K_06242026.DAT
14,1.58204,0.000458087,2.5000,Moment (emu),7.70,YZGO_BperpC_7.7MG_2.5K_06242026.DAT
