[Header]
; MPMS3 Data File (default extension .dat)
; Copyright (c) 2007, Quantum Design, Inc. All rights reserved.
TITLE,
FILEOPENTIME,3968764552.84836,10/04/2025,6:35 pm
BYAPP,MPMS3,1.0,1.1
INFO,MPMS3 Measurement Release 1.3.2 Build 2, MultiVu Release 2.3.9.2,APPNAME
INFO,Linear Motor Servo Controller,MOTOR_MODULE_NAME
INFO,3101-100 N4,MOTOR_HW_VERSION
INFO,MMC1360,MOTOR_SERIAL_NUMBER
INFO,01.04.28,MOTOR_SOFTWARE_VERSION
INFO,Quantum Design Squid Module,SQUID_MODULE_NAME
INFO,3101-501 B0,SQUID_HW_VERSION
INFO,SQM110,SQUID_SERIAL_NUMBER
INFO,01.03.04,SQUID_SOFTWARE_VERSION
INFO,TCI091,COIL_SERIAL_NUMBER
INFO,0,MOMENT_UNITS
INFO,,SAMPLE_MATERIAL
INFO,,SAMPLE_COMMENT
INFO,,SAMPLE_MASS
INFO,,SAMPLE_VOLUME
INFO,,SAMPLE_MOLECULAR_WEIGHT
INFO,,SAMPLE_SIZE
INFO,,SAMPLE_SHAPE
INFO,,SAMPLE_HOLDER
INFO,50.15,SAMPLE_OFFSET
DATATYPE,COMMENT,1
DATATYPE,TIME,2
STARTUPAXIS,X,2
STARTUPAXIS,Y1,5
FIELDGROUP, VSM,2,3,4,5,6,8,9,10,11,14,15
FIELDGROUP, DC, 2,3,4,14,34,35,36,37,38,39,40,41,42,43,44,45,46,47
STARTUPGROUP, All
[Data]
Comment,Time Stamp (sec),Temperature (K),Magnetic Field (Oe),Moment (emu),M. Std. Err. (emu),Transport Action,Averaging Time (sec),Frequency (Hz),Peak Amplitude (mm),Center Position (mm),Lockin Signal' (V),Lockin Signal (V),Range,M. Quad. Signal (emu),Min. Temperature (K),Max. Temperature (K),Min. Field (Oe),Max. Field (Oe),Mass (grams),Motor Lag (deg),Pressure (Torr),Measure Count,Measurement Number,SQUID Status (code),Motor Status (code),Measure Status (code),Motor Current (amps),Motor Temp. (C),Temp. Status (code),Field Status (code),Chamber Status (code),Chamber Temp (K),Redirection State,Evercool Status,Average Temp (K),Rotation Angle (deg),Rotator state,DC Moment Fixed Ctr (emu),DC Moment Err Fixed Ctr (emu),DC Moment Free Ctr (emu),DC Moment Err Free Ctr (emu),DC Fixed Fit,DC Free Fit,DC Calculated Center (mm),DC Calculated Center Err (mm),DC Scan Length (mm),DC Scan Time (s),DC Number of Points,DC Squid Drift,DC Min V (V),DC Max V (V),DC Scans per Measure,He3 temp,Map 02,Map 03,Map 04,Map 05,Map 06,Map 07,Map 08,Map 09,Map 10,Map 11,Map 12,Map 13,Map 14,Map 15,Map 16
,3968764569.98151,1.55596315860748,0.282055497169495,,,6,,,,39.6859999681115,,,10,,1.55394625663757,1.55759501457214,0.282055497169495,0.282055497169495,,,3.01992416381836,,1,0,0,0,0.00030517578125,35.6793746948242,6,1,1,1.55703091621399,0,2885687328,1.55574460406052,,,-0.000209602248139278,1.47601078369944E-5,-0.00030188330782197,1.4966111440724E-5,0.288843631744385,0.947469294071198,36.7090682983398,6.05880069732666,30,4,200,0.000492137740366161,-0.0244143884629011,0.121301531791687,1,0.47554874420166,,,,,,,,,,,,,,,
,3968764607.24821,1.5566897392273,249.901168823242,,,6,,,,39.6859999681115,,,10,,1.5550833940506,1.55628216266632,249.901168823242,249.901168823242,,,3.01018905639648,,1,0,0,0,0.00030517578125,34.7018585205078,6,1,1,1.55781722068787,0,2885687680,1.55541740523444,,,0.00143559275227668,0.000103663513927926,0.00212211548404898,0.000105142538623096,0.272028297185898,0.960479021072388,36.6415634155273,0,30,4,200,0.000436280970461667,-0.978362083435059,0.159110352396965,1,0.495141685009003,,,,,,,,,,,,,,,
,3968764639.36329,1.55630022287369,499.597229003906,,,6,,,,39.6859999681115,,,10,,1.55480599403381,1.55559241771698,499.597229003906,499.597229003906,,,3.0061981678009,,1,0,0,0,0.013885498046875,35.190616607666,6,1,1,1.55747222900391,0,2885687712,1.5550936460495,,,0.00308399839251057,0.000222436385363302,0.00455303245676131,0.0002255419209089,0.272777110338211,0.965628147125244,36.6441040039063,0,30,4,200,-0.00455016456544399,-2.16574573516846,0.45423212647438,1,0.483152061700821,,,,,,,,,,,,,,,
,3968764672.47825,1.55629622936249,749.729187011719,,,6,,,,39.6859999681115,,,10,,1.55490577220917,1.55612146854401,749.729187011719,749.729187011719,,,3.00378346443176,,1,0,0,0,0.0003814697265625,35.190616607666,6,1,1,1.55740964412689,0,2885687840,1.55526371796926,,,0.00476690007835832,0.000343738176387059,0.00703405607421177,0.000348461271999062,0.272926151752472,0.96417111158371,36.64453125,0,30,4,200,-0.00788925215601921,-3.29174327850342,0.618717551231384,1,0.479090481996536,,,,,,,,,,,,,,,
,3968764704.19826,1.55699336528778,999.796997070312,,,6,,,,39.6859999681115,,,10,,1.5556652545929,1.55690443515778,999.796997070312,999.796997070312,,,3.00691080093384,,1,0,0,0,0.00030517578125,35.190616607666,6,1,1,1.55781245231628,0,2885687456,1.55605823463864,,,0.00639572564164439,0.00046245393622596,0.00946659990339866,0.000468941044699511,0.271161496639252,0.965786278247833,36.6367683410645,0.228037536144257,30,4,200,-0.0112407049164176,-4.39718341827393,0.894939959049225,1,0.45492148399353,,,,,,,,,,,,,,,
,3968764740.87784,1.55744934082031,1249.53149414062,,,6,,,,39.6859999681115,,,100,,1.55584299564362,1.55878531932831,1249.53149414062,1249.53149414062,,,3.00617718696594,,1,0,0,0,0.00030517578125,34.7018585205078,6,1,1,1.55847895145416,0,2885687552,1.55688407686022,,,0.0079811438128438,0.00057671963685683,0.0118099000415541,0.000585001064685532,0.271575212478638,0.96672785282135,36.6386680603027,0,30,4,200,-0.00120950024574995,-4.8428692817688,4.90452814102173,1,0.46517351269722,,,,,,,,,,,,,,,
,3968764778.31331,1.55739468336105,1499.75317382813,,,6,,,,39.6859999681115,,,100,,1.55586230754852,1.55727088451386,1499.75317382813,1499.75317382813,,,3.00077247619629,,1,0,0,0,0.00030517578125,35.190616607666,6,1,1,1.55841147899628,0,2885687456,1.55631688833237,,,0.00955705930126255,0.000691123059405278,0.0141511162668014,0.000700990659339053,0.271083980798721,0.96597421169281,36.6361503601074,0.0876256823539734,30,4,200,-0.00282500078901649,-0.668255150318146,0.133797317743301,1,0.462162435054779,,,,,,,,,,,,,,,
,3968764811.4227,1.55792540311813,1749.5517578125,,,6,,,,39.6859999681115,,,100,,1.5564067363739,1.55718541145325,1749.5517578125,1749.5517578125,,,3.00257778167725,,1,0,0,0,0.0003814697265625,36.1681327819824,6,1,1,1.55911910533905,0,2885687872,1.55673385990991,,,0.0110563398759186,0.000800105475861995,0.0163822830571412,0.000811525793562598,0.270633280277252,0.965548753738403,36.6332511901855,0.274405151605606,30,4,200,-0.00327924569137394,-0.761577010154724,0.146832063794136,1,0.460193306207657,,,,,,,,,,,,,,,
,3968764844.30149,1.55824649333954,1999.68383789062,,,6,,,,39.6859999681115,,,100,,1.55659687519073,1.55735874176025,1999.68383789062,1999.68383789062,,,3.0055205821991,,1,0,0,0,0.00030517578125,35.190616607666,6,1,1,1.55929815769196,0,2885687936,1.55703291628096,,,0.0125165424587883,0.000906549388016024,0.0185616362758195,0.000919489522731358,0.270085155963898,0.965360462665558,36.6307182312012,0.0301631391048431,30,4,200,-0.00344001478515565,-0.871911942958832,0.173519864678383,1,0.458963990211487,,,,,,,,,,,,,,,
,3968764877.40021,1.55849021673203,2249.7900390625,,,6,,,,39.6859999681115,,,100,,1.55673956871033,1.55865550041199,2249.7900390625,2249.7900390625,,,3.0054759979248,,1,0,0,0,0.00030517578125,35.190616607666,6,1,1,1.55971384048462,0,2885687744,1.5574411034584,,,0.0139591399785328,0.00101105743778494,0.020701251172648,0.0010254744911527,0.270070403814316,0.965515553951263,36.6296882629395,,30,4,200,-0.00363703537732363,-0.964481353759766,0.193752825260162,1,0.444963157176971,,,,,,,,,,,,,,,
,3968764910.27758,1.55875414609909,2499.67846679687,,,6,,,,39.6859999681115,,,100,,1.557049036026,1.55809140205383,2499.67846679687,2499.67846679687,,,3.00429034233093,,1,0,0,0,0.00030517578125,34.7018585205078,6,1,1,1.55977058410645,0,2885687680,1.55749507745107,,,0.0153577276720179,0.00111306440817014,0.0227915347550924,0.00112900074153499,0.269663900136948,0.966032922267914,36.6275024414063,6.0520658493042,30,4,200,-0.00394920632243156,-1.05968451499939,0.208932116627693,1,0.452350348234177,,,,,,,,,,,,,,,
,3968764943.22017,1.55884516239166,2749.60522460938,,,6,,,,39.6859999681115,,,100,,1.55719912052155,1.55853259563446,2749.60522460938,2749.60522460938,,,3.00584053993225,,1,0,0,0,0.00030517578125,35.190616607666,6,1,1,1.55969393253326,0,2885687264,1.55764661894904,,,0.0167145301843773,0.00121230953456763,0.0248241788694581,0.00122967638105996,0.269184738397598,0.966349720954895,36.6249771118164,0.0223484393209219,30,4,200,-0.00404337234795094,-1.15767228603363,0.229997336864471,1,0.446325451135635,,,,,,,,,,,,,,,
,3968764976.1985,1.55902963876724,2999.60888671875,,,6,,,,39.6859999681115,,,100,,1.5574437379837,1.55855739116669,2999.60888671875,2999.60888671875,,,3.00609016418457,,1,0,0,0,0.0205230712890625,35.190616607666,6,1,1,1.56025636196136,0,2885687520,1.55773562855191,,,0.0180375831360233,0.0013086035499149,0.0267978909535189,0.00132744030128832,0.269022852182388,0.966461837291718,36.6241645812988,0,30,4,200,-0.00423054117709398,-1.24680984020233,0.245603755116463,1,0.44788447022438,,,,,,,,,,,,,,,
,3968765008.23712,1.55894100666046,3249.689453125,,,6,,,,39.6859999681115,,,100,,1.55761706829071,1.55872893333435,3249.689453125,3249.689453125,,,3.00616812705994,,1,0,0,0,0.01495361328125,35.190616607666,6,1,1,1.56032502651215,0,2885687872,1.55805680486891,,,0.0193372813800714,0.00140329066652583,0.0287351046324103,0.00142340173683293,0.26884326338768,0.966439187526703,36.6230506896973,1,30,4,200,-0.00442391261458397,-1.33198881149292,0.263778537511826,1,0.434126943349838,,,,,,,,,,,,,,,
,3968765041.18667,1.55916196107864,3499.57788085937,,,6,,,,39.6859999681115,,,100,,1.55774486064911,1.55898714065552,3499.57788085937,3499.57788085937,,,3.00558662414551,,1,0,0,0,0.00030517578125,35.190616607666,6,1,1,1.56006729602814,0,2885687520,1.55812340312534,,,0.020606157326224,0.00149578270170669,0.0306297741113767,0.00151726204020572,0.268668293952942,0.966285586357117,36.6222229003906,0,30,4,200,-0.00453837821260095,-1.4267258644104,0.281618416309357,1,0.43134668469429,,,,,,,,,,,,,,,
,3968765074.50848,1.55946356058121,3749.6201171875,,,6,,,,39.6859999681115,,,100,,1.55789387226105,1.5588926076889,3749.6201171875,3749.6201171875,,,3.00423002243042,,1,0,0,0,0.00030517578125,35.190616607666,6,1,1,1.56047213077545,0,2885687648,1.55820837285784,,,0.0218418951384345,0.00158574249736756,0.0324742918886255,0.00160863698342159,0.268564581871033,0.966181576251984,36.6217422485352,0,30,4,200,-0.00465990137308836,-1.50981724262238,0.298043996095657,1,0.435526788234711,,,,,,,,,,,,,,,
,3968765107.0732,1.55943757295609,3999.67504882812,,,6,,,,39.6859999681115,,,100,,1.55798268318176,1.55882978439331,3999.67504882812,3999.67504882812,,,3.00356268882751,,1,0,0,0,0.0189208984375,34.7018585205078,6,1,1,1.5605765581131,0,2885687936,1.55828864044613,,,0.0230455625166088,0.00167317817331972,0.0342651540851402,0.00169735249079504,0.268546313047409,0.96611750125885,36.6216621398926,0,30,4,200,-0.00492284540086985,-1.59008145332336,0.314023703336716,1,0.441729187965393,,,,,,,,,,,,,,,
,3968765139.25718,1.55949854850769,4249.640625,,,6,,,,39.6859999681115,,,100,,1.55827355384827,1.55877482891083,4249.640625,4249.640625,,,3.00138902664185,,1,0,0,0,0.00030517578125,35.190616607666,6,1,1,1.56048035621643,0,2885687520,1.55845922893948,,,0.0242246798568129,0.00175932894025618,0.0360296370410404,0.00178477074772684,0.268350005149841,0.965896785259247,36.6207542419434,3.63214039802551,30,4,200,-0.00508391577750444,-1.67679309844971,0.333705216646194,1,0.446098357439041,,,,,,,,,,,,,,,
,3968765172.23381,1.5598658323288,4499.56689453125,,,6,,,,39.6859999681115,,,100,,1.5585423707962,1.55957555770874,4499.56689453125,4499.56689453125,,,3.0036928653717,,1,0,0,0,0.0209808349609375,35.190616607666,6,1,1,1.56118702888489,0,2885687584,1.55890595912933,,,0.0253788046449994,0.00184348111203965,0.0377490049226759,0.00186994452895798,0.268235296010971,0.965857028961182,36.6200332641602,3.63119864463806,30,4,200,-0.00511721987277269,-1.75794458389282,0.346978515386581,1,0.430520355701447,,,,,,,,,,,,,,,
,3968765205.27343,1.56025296449661,4749.583984375,,,6,,,,39.6859999681115,,,100,,1.55861294269562,1.56018352508545,4749.583984375,4749.583984375,,,3.00517082214355,,1,0,0,0,0.00030517578125,34.7018585205078,6,1,1,1.56137406826019,0,2885687392,1.55906483862135,,,0.0265266742184927,0.00192696211542542,0.0394628256936241,0.00195484197351765,0.268201738595963,0.965831935405731,36.6199226379395,0.0230440925806761,30,4,200,-0.00517699541524053,-1.83046281337738,0.36818328499794,1,0.439905613660812,,,,,,,,,,,,,,,
,3968765238.10283,1.56040114164352,4999.63916015625,,,6,,,,39.6859999681115,,,100,,1.55887150764465,1.56006395816803,4999.63916015625,4999.63916015625,,,3.00214123725891,,1,0,0,0,0.00030517578125,35.190616607666,6,1,1,1.56122076511383,0,2885686976,1.5593412982093,,,0.0276331996449203,0.00200792352833466,0.0411185929977088,0.002036863861086,0.268018394708633,0.965820372104645,36.6189079284668,0,30,4,200,-0.00523070665076375,-1.90722572803497,0.382262766361237,1,0.438233226537704,,,,,,,,,,,,,,,
,3968765271.25534,1.56052923202515,5249.57861328125,,,6,,,,39.6859999681115,,,100,,1.55908095836639,1.56071066856384,5249.57861328125,5249.57861328125,,,3.00222182273865,,1,0,0,0,0.00030517578125,35.190616607666,6,1,1,1.56165373325348,0,2885687328,1.55951526429918,,,0.028731513974245,0.00208783809912873,0.042756472738352,0.00211800239431385,0.267985850572586,0.96576714515686,36.6188812255859,0.0843285620212555,30,4,200,-0.00520249223336577,-1.98504793643951,0.395267188549042,1,0.441760659217834,,,,,,,,,,,,,,,
,3968765304.09406,1.56092083454132,5499.49267578125,,,6,,,,39.6859999681115,,,100,,1.55915915966034,1.56103348731995,5499.49267578125,5499.49267578125,,,3.00541305541992,,1,0,0,0,0.00030517578125,36.6568908691406,6,1,1,1.56208848953247,0,2885687680,1.55982743501663,,,0.0298013098033926,0.00216594398783567,0.044352797603856,0.00219709266748709,0.267878413200378,0.965578675270081,36.6182136535645,0,30,4,200,-0.00525068864226341,-2.05999660491943,0.41939052939415,1,0.445498675107956,,,,,,,,,,,,,,,
,3968765337.24491,1.56030148267746,5749.50927734375,,,6,,,,39.6859999681115,,,100,,1.55897486209869,1.5601372718811,5749.50927734375,5749.50927734375,,,3.00088953971863,,1,0,0,0,0.00030517578125,35.190616607666,6,1,1,1.561732172966,0,2885687680,1.55935733848148,,,0.0308473851192654,0.00224216276001381,0.0459137180154837,0.00227442917015936,0.267824739217758,0.965413928031921,36.6179313659668,0,30,4,200,-0.00536644877865911,-2.12575173377991,0.429263442754745,1,0.449320107698441,,,,,,,,,,,,,,,
,3968765370.17009,1.56007564067841,5999.7568359375,,,6,,,,39.6859999681115,,,100,,1.55816900730133,1.55961930751801,5999.7568359375,5999.7568359375,,,3.0016610622406,,1,0,0,0,0.00030517578125,35.190616607666,6,1,1,1.5612233877182,0,2885687680,1.55883893701765,,,0.0318886204949016,0.00231804105222477,0.0474689890866032,0.00235147348142122,0.267771065235138,0.965392112731934,36.6177291870117,0.157029569149017,30,4,200,-0.00555717293173075,-2.19835710525513,0.441998600959778,1,0.445082277059555,,,,,,,,,,,,,,,
,3968765403.37243,1.55988222360611,6249.67041015625,,,6,,,,39.6859999681115,,,100,,1.55847775936127,1.55995738506317,6249.67041015625,6249.67041015625,,,3.00178694725037,,1,0,0,0,0.00030517578125,35.190616607666,6,1,1,1.56084156036377,0,2885687520,1.55892344315847,,,0.0329186674442829,0.00239305402609497,0.0490094690753581,0.00242779862393438,0.267734855413437,0.965224385261536,36.617603302002,0,30,4,200,-0.0056653693318367,-2.27521657943726,0.460716307163239,1,0.447633057832718,,,,,,,,,,,,,,,
,3968765436.30997,1.55988526344299,6499.58447265625,,,6,,,,39.6859999681115,,,100,,1.55824065208435,1.55926871299744,6499.58447265625,6499.58447265625,,,3.00271534919739,,1,0,0,0,0.00030517578125,35.190616607666,6,1,1,1.56151711940765,0,2885687424,1.55851991971334,,,0.0339224001067828,0.00246647627571141,0.0505112908634208,0.00250220587616211,0.267618030309677,0.965096771717071,36.6171073913574,0,30,4,200,-0.00582289323210716,-2.34450030326843,0.474858909845352,1,0.445239871740341,,,,,,,,,,,,,,,
,3968765469.23788,1.55962479114532,6749.8056640625,,,6,,,,39.6859999681115,,,100,,1.55805599689484,1.55932450294495,6749.8056640625,6749.8056640625,,,3.00037622451782,,1,0,0,0,0.00030517578125,35.190616607666,6,1,1,1.56066799163818,0,2885687968,1.55851279364692,,,0.0349301304499336,0.00253926508538929,0.0519993196300102,0.0025759289145787,0.267738521099091,0.964995741844177,36.6174964904785,3.62824201583862,30,4,200,-0.00597630720585585,-2.41727137565613,0.484219640493393,1,0.447321593761444,,,,,,,,,,,,,,,
,3968765502.29464,1.5597340464592,6999.70703125,,,6,,,,39.6859999681115,,,100,,1.55818498134613,1.55942130088806,6999.70703125,6999.70703125,,,3.00292372703552,,1,0,0,0,0.00030517578125,35.190616607666,6,1,1,1.560999751091,0,2885687584,1.55857198768192,,,0.0358978144154992,0.00261052827276774,0.053460158131047,0.00264829778439025,0.267516225576401,0.964976727962494,36.6163635253906,0.0236282628029585,30,4,200,-0.00618210760876536,-2.47633624076843,0.505815505981445,1,0.448448866605759,,,,,,,,,,,,,,,
,3968765535.31931,1.55970239639282,7249.6083984375,,,6,,,,39.6859999681115,,,100,,1.55818641185761,1.55957114696503,7249.6083984375,7249.6083984375,,,3.00503349304199,,1,0,0,0,0.0003814697265625,35.190616607666,6,1,1,1.56128549575806,0,2885687232,1.55850401189592,,,0.0368795878522562,0.00268134649328521,0.0549078785254853,0.00272003649551927,0.267652362585068,0.9647416472435,36.6170539855957,0.0234915297478437,30,4,200,-0.0063505619764328,-2.54455828666687,0.517873346805572,1,0.448826313018799,,,,,,,,,,,,,,,
,3968765568.08751,1.55968791246414,7499.650390625,,,6,,,,39.6859999681115,,,100,,1.5579446554184,1.55924391746521,7499.650390625,7499.650390625,,,3.00372433662415,,1,0,0,0,0.00030517578125,35.190616607666,6,1,1,1.56094300746918,0,2885687392,1.558328933186,,,0.0378324249020471,0.00275135320854782,0.0563380793216717,0.00279089522457289,0.267484396696091,0.964650511741638,36.6160888671875,6.05112314224243,30,4,200,-0.00646802177652717,-2.61176991462708,0.52982360124588,1,0.448286443948746,,,,,,,,,,,,,,,
,3968765601.41044,1.55957210063934,7749.6796875,,,6,,,,39.6859999681115,,,100,,1.55786633491516,1.55916225910187,7749.6796875,7749.6796875,,,3.00605869293213,,1,0,0,0,0.0025177001953125,35.190616607666,6,1,1,1.56084775924683,0,2885688000,1.55825760629442,,,0.038791935654838,0.00282147497694128,0.0577782432907462,0.00286224792673708,0.267407655715942,0.964551210403442,36.6159400939941,,30,4,200,-0.00638200435787439,-2.67950630187988,0.543029487133026,1,0.429741114377975,,,,,,,,,,,,,,,
,3968765634.39284,1.55935966968536,7999.60693359375,,,6,,,,39.6859999681115,,,100,,1.55781257152557,1.55950045585632,7999.60693359375,7999.60693359375,,,3.00487995147705,,1,0,0,0,0.00030517578125,35.190616607666,6,1,1,1.56061446666718,0,2885687872,1.55815949704912,,,0.0397371058538935,0.00289019818307442,0.0591860848339153,0.00293200662501372,0.267412722110748,0.964402198791504,36.6161155700684,0,30,4,200,-0.00679474417120218,-2.74262714385986,0.557223320007324,1,0.444977253675461,,,,,,,,,,,,,,,
,3968765667.4635,1.55893355607986,8249.6494140625,,,6,,,,39.6859999681115,,,100,,1.55733513832092,1.5588812828064,8249.6494140625,8249.6494140625,,,3.00463962554932,,1,0,0,0,0.00030517578125,35.190616607666,6,1,1,1.55987358093262,0,2885687392,1.55787813663483,,,0.0406458628000658,0.00295719577485041,0.0605540691112849,0.00299979680165824,0.267219930887222,0.96419095993042,36.6150054931641,,30,4,200,-0.00701911794021726,-2.81488084793091,0.572341620922089,1,0.427045792341232,,,,,,,,,,,,,,,
,3968765700.16408,1.55885791778564,8499.5498046875,,,6,,,,39.6859999681115,,,100,,1.55708026885986,1.55824899673462,8499.5498046875,8499.5498046875,,,3.00377225875854,,1,0,0,0,0.00030517578125,35.190616607666,6,1,1,1.5600620508194,0,2885687392,1.55745028124915,,,0.0415980303290072,0.00302560927311819,0.0619516808107358,0.0030690497381615,0.267400056123734,0.964047491550446,36.615966796875,0.0859007388353348,30,4,200,-0.00723391491919756,-2.8722620010376,0.581092536449432,1,0.424831420183182,,,,,,,,,,,,,,,
,3968765733.31389,1.55840754508972,8749.5791015625,,,6,,,,39.6859999681115,,,100,,1.5566965341568,1.55762910842896,8749.5791015625,8749.5791015625,,,3.00440073013306,,1,0,0,0,0.00030517578125,35.190616607666,6,1,1,1.55966377258301,0,2885687552,1.55705523490906,,,0.0425068165686556,0.00309211868764411,0.0633130699846067,0.00313652831711074,0.267316579818726,0.963738620281219,36.6154289245605,,30,4,200,-0.00734240468591452,-2.94212675094604,0.598865330219269,1,0.425763636827469,,,,,,,,,,,,,,,
,3968765766.28822,1.55819803476334,8999.66015625,,,6,,,,39.6859999681115,,,100,,1.55667579174042,1.55770766735077,8999.66015625,8999.66015625,,,3.00706124305725,,1,0,0,0,0.0138092041015625,35.190616607666,6,1,1,1.55929839611053,0,2885687808,1.55713005860647,,,0.0434141860803873,0.00315802029822322,0.0646657405456883,0.00320352080090501,0.267337024211884,0.963883876800537,36.6154823303223,,30,4,200,-0.00757260527461767,-3.00100111961365,0.604106843471527,1,0.441751897335052,,,,,,,,,,,,,,,
,3968765799.30708,1.55785179138184,9249.61328125,,,6,,,,39.6859999681115,,,100,,1.55606627464294,1.55721175670624,9249.61328125,9249.61328125,,,3.00509810447693,,1,0,0,0,0.0003814697265625,35.6793746948242,6,1,1,1.55917263031006,0,2885687584,1.55642020702362,,,0.0442903247908347,0.00322219244359654,0.0659788254082413,0.00326859548887714,0.267250716686249,0.963676989078522,36.6152114868164,0,30,4,200,-0.00762672955170274,-3.06547856330872,0.6245978474617,1,0.425603598356247,,,,,,,,,,,,,,,
,3968765832.24334,1.55760025978088,9499.5908203125,,,6,,,,39.6859999681115,,,100,,1.55595862865448,1.55787217617035,9499.5908203125,9499.5908203125,,,3.00352644920349,,1,0,0,0,0.021209716796875,34.7018585205078,6,1,1,1.55884659290314,0,2885687488,1.55652040905423,,,0.045186107780012,0.00328754539602612,0.0673110659004225,0.00333461324912597,0.267215579748154,0.963528990745544,36.6149215698242,4.97124433517456,30,4,200,-0.00787931121885777,-3.1201069355011,0.633902788162231,1,0.437626153230667,,,,,,,,,,,,,,,
,3968765865.28088,1.55693107843399,9749.787109375,,,6,,,,39.6859999681115,,,100,,1.55514025688171,1.55643033981323,9749.787109375,9749.787109375,,,3.00197434425354,,1,0,0,0,0.00030517578125,35.190616607666,6,1,1,1.55830335617065,0,2885687488,1.55558101336161,,,0.0460095647962484,0.00335036040520389,0.0686023691362595,0.00339858930981086,0.266668289899826,0.963490843772888,36.611988067627,0.192857131361961,30,4,200,-0.00822248961776495,-3.18706035614014,0.636551916599274,1,0.439088642597198,,,,,,,,,,,,,,,
,3968765898.42592,1.55672252178192,9999.5341796875,,,6,,,,39.6859999681115,,,100,,1.55492293834686,1.5570387840271,9999.5341796875,9999.5341796875,,,3.00202322006226,,1,0,0,0,0.0206756591796875,35.6793746948242,6,1,1,1.55791938304901,0,2885687680,1.55547096729279,,,0.0469000369583166,0.00341388416824493,0.0698988564541956,0.00346286779056336,0.266912043094635,0.96310144662857,36.613826751709,0,30,4,200,-0.00821778178215027,-3.2456681728363,0.652712821960449,1,0.425089657306671,,,,,,,,,,,,,,,
,3968765931.41631,1.55641061067581,10249.6142578125,,,6,,,,39.6859999681115,,,100,,1.55488157272339,1.5576663017273,10249.6142578125,10249.6142578125,,,3.00446534156799,,1,0,0,0,0.00030517578125,35.190616607666,6,1,1,1.5576663017273,0,2885687552,1.5554003238678,,,0.0478001201615972,0.00347883824592333,0.0712265110532726,0.00352866115055194,0.267014145851135,0.962943315505981,36.6141128540039,0.0239264946430922,30,4,200,-0.00850813835859299,-3.30801630020142,0.665305018424988,1,0.42253240942955,,,,,,,,,,,,,,,
,3968765964.26452,1.55605316162109,10499.515625,,,6,,,,39.6859999681115,,,100,,1.55447852611542,1.55562114715576,10499.515625,10499.515625,,,3.00090837478638,,1,0,0,0,0.00030517578125,35.190616607666,6,1,1,1.55711305141449,0,2885687360,1.55485841963026,,,0.0486697119761834,0.00354142755152619,0.0725038326317164,0.00359197551179537,0.267138957977295,0.962698876857758,36.6145782470703,0.0238703526556492,30,4,200,-0.00907669961452484,-3.35824799537659,0.675359666347504,1,0.423483669757843,,,,,,,,,,,,,,,
,3968765997.26614,1.5561860203743,10749.7119140625,,,6,,,,39.6859999681115,,,100,,1.55454850196838,1.55602979660034,10749.7119140625,10749.7119140625,,,3.00190711021423,,1,0,0,0,0.019989013671875,35.190616607666,6,1,1,1.55758237838745,0,2885687552,1.55492846171061,,,0.0494881240127556,0.00360220826095405,0.0737565904776025,0.00365406093378892,0.266923367977142,0.962538599967956,36.6137733459473,0,30,4,200,-0.00899233389645815,-3.42042231559753,0.695572435855865,1,0.439213782548904,,,,,,,,,,,,,,,
,3968766030.35239,1.55683451890945,10999.8056640625,,,6,,,,39.6859999681115,,,100,,1.55471193790436,1.55707681179047,10999.8056640625,10999.8056640625,,,3.01216435432434,,1,0,0,0,0.0003814697265625,35.190616607666,6,1,1,1.55839097499847,0,2885687456,1.55540499687195,,,0.0503188564928766,0.00366320595363431,0.0750000532223645,0.00371568849848099,0.266831964254379,0.962358713150024,36.61328125,0,30,4,200,-0.0102440034970641,-3.4841890335083,0.698254823684692,1,0.426378130912781,,,,,,,,,,,,,,,
,3968766063.2998,1.55685883760452,11249.48828125,,,6,,,,39.6859999681115,,,100,,1.55507564544678,1.55695021152496,11249.48828125,11249.48828125,,,3.01099467277527,,1,0,0,0,0.00030517578125,35.190616607666,6,1,1,1.55863976478577,0,2885687456,1.55551515685187,,,0.0509612577219639,0.00371352048261062,0.0760283960048138,0.00376673614942672,0.266230046749115,0.961661219596863,36.6103706359863,0.276165902614594,30,4,200,-0.00974968541413546,-3.53003096580505,0.716540932655335,1,0.47404009103775,,,,,,,,,,,,,,,
,3968766096.3594,1.55610632896423,11499.5830078125,,,6,,,,39.6859999681115,,,100,,1.55440258979797,1.55558013916016,11499.5830078125,11499.5830078125,,,2.99983906745911,,1,0,0,0,0.00030517578125,35.190616607666,6,1,1,1.55748772621155,0,2885687104,1.55472592512767,,,0.0520388114181347,0.00378644153544787,0.0775094968804994,0.00384036383596926,0.267161756753922,0.960017681121826,36.6160774230957,,30,4,200,-0.0106466291472316,-3.60010528564453,0.730620265007019,1,0.444513082504272,,,,,,,,,,,,,,,
,3968766129.3352,1.55602216720581,11749.5087890625,,,6,,,,39.6859999681115,,,100,,1.55425012111664,1.55577838420868,11749.5087890625,11749.5087890625,,,3.0015070438385,,1,0,0,0,0.0213623046875,35.190616607666,6,1,1,1.55731904506683,0,2885687488,1.55476787355211,,,0.0529113386434678,0.00384896569196029,0.0787910021362032,0.00390388471904104,0.267319560050964,0.959841907024383,36.616527557373,6.05115938186646,30,4,200,-0.0109652681276202,-3.6600456237793,0.74437689781189,1,0.437561243772507,,,,,,,,,,,,,,,
,3968766162.00168,1.55676418542862,11999.7568359375,,,6,,,,39.6859999681115,,,100,,1.55482828617096,1.55634295940399,11999.7568359375,11999.7568359375,,,3.00300669670105,,1,0,0,0,0.0179290771484375,35.190616607666,6,1,1,1.55820369720459,0,2885687552,1.55530181196001,,,0.0537486268681158,0.00390980102175808,0.0800344851204533,0.00396554909626612,0.26733136177063,0.95951646566391,36.6166534423828,0.345159947872162,30,4,200,-0.0116529492661357,-3.70564150810242,0.757675230503082,1,0.435547381639481,,,,,,,,,,,,,,,
,3968766195.31162,1.55676853656769,12249.759765625,,,6,,,,39.6859999681115,,,100,,1.55462992191315,1.55591356754303,12249.759765625,12249.759765625,,,3.0046055316925,,1,0,0,0,0.00030517578125,35.190616607666,6,1,1,1.55818140506744,0,2885687552,1.55515058835347,,,0.0545977820995547,0.0039708756269571,0.0812833079153006,0.00402746639597122,0.267441928386688,0.959264636039734,36.6170883178711,0,30,4,200,-0.0115776788443327,-3.76628637313843,0.769050598144531,1,0.434136778116226,,,,,,,,,,,,,,,
,3968766228.23113,1.55668371915817,12499.46875,,,6,,,,39.6859999681115,,,100,,1.5549396276474,1.55572593212128,12499.46875,12499.46875,,,3.00374603271484,,1,0,0,0,0.00030517578125,35.6793746948242,6,1,1,1.5578418970108,0,2885687872,1.55525455209944,,,0.0554474977966058,0.0040277038589449,0.0824559504375432,0.00408536565059209,0.268223643302917,0.960508644580841,36.6214904785156,,30,4,200,-0.0117920646443963,-3.83036589622498,0.770099341869354,1,0.429101347923279,,,,,,,,,,,,,,,
,3968766261.22961,1.55623751878738,12749.51171875,,,6,,,,39.6859999681115,,,100,,1.55457592010498,1.55661427974701,12749.51171875,12749.51171875,,,3.00236105918884,,1,0,0,0,0.020751953125,36.6568908691406,6,1,1,1.55759477615356,0,2885687520,1.55512739552392,,,0.0562064353441577,0.00408594995984496,0.0836567042336925,0.00414468177952154,0.267739564180374,0.961591184139252,36.6179275512695,0.612001776695251,30,4,200,-0.011203789152205,-3.88491988182068,0.782198548316956,1,0.427850961685181,,,,,,,,,,,,,,,
,3968766294.34242,1.55641567707062,12999.74609375,,,6,,,,39.6859999681115,,,100,,1.55461764335632,1.5564432144165,12999.74609375,12999.74609375,,,3.00319147109985,,1,0,0,0,0.0005340576171875,35.190616607666,6,1,1,1.55761671066284,0,2885687488,1.5552730427848,,,0.0569850355769921,0.00414570866708323,0.0848856681278083,0.00420554692255096,0.26725760102272,0.961738049983978,36.6160430908203,0,30,4,200,-0.0108541753143072,-3.92734718322754,0.800618827342987,1,0.43359100818634,,,,,,,,,,,,,,,
,3968766327.3628,1.55691707134247,13249.671875,,,6,,,,39.6859999681115,,,100,,1.55486571788788,1.55655348300934,13249.671875,13249.671875,,,3.00517320632935,,1,0,0,0,0.015106201171875,36.1681327819824,6,1,1,1.55826330184937,0,2885687648,1.55543405479855,,,0.0578195745004638,0.00420451109686885,0.0860710089403255,0.00426433519498319,0.267544806003571,0.961354076862335,36.6170539855957,0.0588515661656857,30,4,200,-0.0118201924487948,-3.99417209625244,0.80902361869812,1,0.435873866081238,,,,,,,,,,,,,,,
,3968766360.29166,1.55641680955887,13499.93359375,,,6,,,,39.6859999681115,,,100,,1.55480992794037,1.55654644966126,13499.93359375,13499.93359375,,,3.00188183784485,,1,0,0,0,0.0009918212890625,35.6793746948242,6,1,1,1.55741691589355,0,2885687936,1.5554592344496,,,0.0586117796213549,0.00426339739462569,0.0872812592108709,0.00432431650900152,0.267355233430862,0.961241185665131,36.6163597106934,0,30,4,200,-0.0121426312252879,-4.04976177215576,0.823055148124695,1,0.436078429222107,,,,,,,,,,,,,,,
,3968766393.42964,1.55669009685516,13749.693359375,,,6,,,,39.6859999681115,,,100,,1.55498003959656,1.55702173709869,13749.693359375,13749.693359375,,,3.0012731552124,,1,0,0,0,0.0151824951171875,35.190616607666,6,1,1,1.55780148506165,0,2885687456,1.55545719861984,,,0.0594317613967142,0.0043223953422162,0.088485684060329,0.00438399828747975,0.267449706792831,0.96118026971817,36.6169471740723,6.05119371414185,30,4,200,-0.0121751017868519,-4.10967969894409,0.832037687301636,1,0.437226802110672,,,,,,,,,,,,,,,
,3968766426.23032,1.55694717168808,13999.748046875,,,6,,,,39.6859999681115,,,100,,1.5550332069397,1.55740118026733,13999.748046875,13999.748046875,,,3.00280332565308,,1,0,0,0,0.0003814697265625,35.190616607666,6,1,1,1.5581750869751,0,2885688000,1.55563806295395,,,0.0602269904793501,0.00438031310559214,0.0896746699236115,0.00444291867523877,0.267437875270844,0.961106657981873,36.6168632507324,6.05118703842163,30,4,200,-0.0123136229813099,-4.1539363861084,0.844667494297028,1,0.448440372943878,,,,,,,,,,,,,,,
,3968766459.22055,1.55704873800278,14249.7646484375,,,6,,,,39.6859999681115,,,100,,1.55518639087677,1.55741596221924,14249.7646484375,14249.7646484375,,,3.00104928016663,,1,0,0,0,0.0203704833984375,35.190616607666,6,1,1,1.55848324298859,0,2885687328,1.55572668711344,,,0.0610122701215412,0.00443772526497636,0.090853593823035,0.00450127891199833,0.267395377159119,0.961392223834991,36.6167182922363,3.62697529792786,30,4,200,-0.0121444948017597,-4.21735334396362,0.849716126918793,1,0.431177169084549,,,,,,,,,,,,,,,
,3968766492.12088,1.55684059858322,14499.6279296875,,,6,,,,39.6859999681115,,,100,,1.55524170398712,1.55663907527924,14499.6279296875,14499.6279296875,,,3.00119471549988,,1,0,0,0,0.00030517578125,34.2131004333496,6,1,1,1.55822587013245,0,2885687616,1.55560494793786,,,0.0618211824632546,0.00449706289992759,0.092069734986078,0.00456155382588057,0.267325013875961,0.961273610591888,36.616138458252,0,30,4,200,-0.0123110506683588,-4.27426910400391,0.863546073436737,1,0.43878298997879,,,,,,,,,,,,,,,
,3968766525.34532,1.55699050426483,14749.6826171875,,,6,,,,39.6859999681115,,,100,,1.55547189712524,1.55742681026459,14749.6826171875,14749.6826171875,,,3.00155234336853,,1,0,0,0,0.00030517578125,35.190616607666,6,1,1,1.55850911140442,0,2885687488,1.55584531360202,,,0.0625876352438208,0.00455490059502497,0.0932585348158986,0.00462044294485555,0.267035901546478,0.961324155330658,36.6149406433105,,30,4,200,-0.0123132225126028,-4.32945680618286,0.875260233879089,1,0.428017288446426,,,,,,,,,,,,,,,
,3968766559.20206,1.55716317892075,14999.6474609375,,,6,,,,39.6859999681115,,,100,,1.55576241016388,1.55726230144501,14999.6474609375,14999.6474609375,,,3.00253415107727,,1,0,0,0,0.00030517578125,35.190616607666,6,1,1,1.55835521221161,0,2885687744,1.55606453948551,,,0.0633897245969671,0.00461238835311806,0.0944378125871143,0.0046789004515631,0.267156898975372,0.961145222187042,36.6156463623047,0,30,4,200,-0.0128127541393042,-4.37408304214478,0.887750327587128,1,0.427117377519608,,,,,,,,,,,,,,,
,3968766592.31266,1.55744767189026,15249.57421875,,,6,,,,39.6859999681115,,,100,,1.55561947822571,1.55805718898773,15249.57421875,15249.57421875,,,3.00166773796082,,1,0,0,0,0.0188446044921875,36.6568908691406,6,1,1,1.55888390541077,0,2885687360,1.55627244710922,,,0.0641744945511224,0.00467038292696206,0.0956192696187304,0.0047374367729667,0.267036229372025,0.961141705513,36.6149940490723,0.275855600833893,30,4,200,-0.0130803864449263,-4.43155002593994,0.89627069234848,1,0.445611238479614,,,,,,,,,,,,,,,
,3968766625.05983,1.55691981315613,15499.654296875,,,6,,,,39.6859999681115,,,100,,1.55558526515961,1.55703294277191,15499.654296875,15499.654296875,,,2.99872612953186,,1,0,0,0,0.020904541015625,35.190616607666,6,1,1,1.55796754360199,0,2885687264,1.5559336344401,,,0.064988744235939,0.00472771825294577,0.0967938240185748,0.00479566465316123,0.267293184995651,0.960958957672119,36.6160888671875,0,30,4,200,-0.0132406940683722,-4.49041557312012,0.906032145023346,1,0.444647699594498,,,,,,,,,,,,,,,
,3968766658.13523,1.55771833658218,15749.59375,,,6,,,,39.6859999681115,,,100,,1.55588150024414,1.55838406085968,15749.59375,15749.59375,,,3.00035572052002,,1,0,0,0,0.0003814697265625,35.190616607666,6,1,1,1.55916750431061,0,2885687392,1.55643035173416,,,0.0657435935996347,0.00478428204265209,0.0979499426628013,0.00485293009734391,0.267075061798096,0.961033403873444,36.6151962280273,0.67477959394455,30,4,200,-0.0132032381370664,-4.54404926300049,0.918138802051544,1,0.427720904350281,,,,,,,,,,,,,,,
,3968766691.54779,1.55774509906769,15999.611328125,,,6,,,,39.6859999681115,,,100,,1.55585622787476,1.55707812309265,15999.611328125,15999.611328125,,,2.99929070472717,,1,0,0,0,0.0003814697265625,35.190616607666,6,1,1,1.55904507637024,0,2885687136,1.55640098783705,,,0.0665494329062931,0.00484208995866474,0.09913303191703,0.00491155163436732,0.267183750867844,0.960999310016632,36.6155281066895,0.813163459300995,30,4,200,-0.0135150169953704,-4.59893846511841,0.930398881435394,1,0.445587068796158,,,,,,,,,,,,,,,
,3968766725.11838,1.5586479306221,16249.6787109375,,,6,,,,39.6859999681115,,,100,,1.55678606033325,1.55856418609619,16249.6787109375,16249.6787109375,,,3.00523281097412,,1,0,0,0,0.019683837890625,34.7018585205078,6,1,1,1.56005072593689,0,2885687776,1.55731234285567,,,0.06730951070843,0.00489882308433527,0.10030006000697,0.00496939610093148,0.266999483108521,0.960881590843201,36.6144561767578,0.0865759924054146,30,4,200,-0.0138838989660144,-4.65539836883545,0.941928446292877,1,0.451177775859833,,,,,,,,,,,,,,,
,3968766758.49985,1.55850058794022,16499.658203125,,,6,,,,39.6859999681115,,,100,,1.55666863918304,1.55774593353271,16499.658203125,16499.658203125,,,3.00222134590149,,1,0,0,0,0.00030517578125,35.190616607666,6,1,1,1.55981159210205,0,2885687648,1.55707181824578,,,0.0681042614496811,0.00495549929376733,0.101461058309316,0.0050269070798617,0.26714825630188,0.960944831371307,36.6152877807617,0,30,4,200,-0.0138308107852936,-4.70530033111572,0.957705795764923,1,0.448038727045059,,,,,,,,,,,,,,,
,3968766792.28738,1.55840104818344,16749.69921875,,,6,,,,39.6859999681115,,,100,,1.55651593208313,1.55812871456146,16749.69921875,16749.69921875,,,3.00101256370544,,1,0,0,0,0.0005340576171875,35.6793746948242,6,1,1,1.55990016460419,0,2885687424,1.55702098210653,,,0.0688719888331882,0.0050120436317085,0.102625348794376,0.00508456661806792,0.26706200838089,0.961060523986816,36.6150550842285,0.0865847766399384,30,4,200,-0.0138584226369858,-4.75303411483765,0.966497242450714,1,0.445071637630463,,,,,,,,,,,,,,,
,3968766825.34077,1.55872625112534,16999.509765625,,,6,,,,39.6859999681115,,,100,,1.55670857429504,1.55793631076813,16999.509765625,16999.509765625,,,3.00199389457703,,1,0,0,0,0.00030517578125,35.190616607666,6,1,1,1.56018662452698,0,2885687264,1.55708713001675,,,0.0696427068673515,0.00506750392183065,0.103763045421941,0.005140953775692,0.267140418291092,0.960968852043152,36.6157455444336,0,30,4,200,-0.0133116254583001,-4.80925750732422,0.976558446884155,1,0.428826719522476,,,,,,,,,,,,,,,
,3968766858.1972,1.55869966745377,17249.6171875,,,6,,,,39.6859999681115,,,100,,1.5569394826889,1.55808317661285,17249.6171875,17249.6171875,,,2.99949097633362,,1,0,0,0,0.0005340576171875,35.190616607666,6,1,1,1.56004178524017,0,2885687776,1.55735096666548,,,0.070471967459289,0.00512686832971773,0.104964008238231,0.00520045211527266,0.267260670661926,0.960985004901886,36.6159896850586,0,30,4,200,-0.0138987051323056,-4.85424852371216,0.987753629684448,1,0.42753803730011,,,,,,,,,,,,,,,
,3968766891.24453,1.55850678682327,17499.53125,,,6,,,,39.6859999681115,,,100,,1.55679786205292,1.55810534954071,17499.53125,17499.53125,,,3.00056123733521,,1,0,0,0,0.0005340576171875,35.6793746948242,6,1,1,1.55973756313324,0,2885687872,1.55724897649553,,,0.0712085378551963,0.00518288768308973,0.106118694849545,0.00525764581473064,0.266964107751846,0.961062252521515,36.6143341064453,,30,4,200,-0.0138891162350774,-4.91691112518311,1.00362467765808,1,0.442165046930313,,,,,,,,,,,,,,,
,3968766928.98999,1.55879670381546,17749.5859375,,,6,,,,39.6859999681115,,,1000,,1.55717051029205,1.56017470359802,17749.5859375,17749.5859375,,,3.0006799697876,,1,0,0,0,0.000457763671875,34.7018585205078,6,1,1,1.55971825122833,0,2885687520,1.55807208313661,,,0.0720503264081564,0.0052393085265171,0.107263366862064,0.00531444998873904,0.267548441886902,0.960614264011383,36.617992401123,0,30,4,200,-0.00141673081088811,-4.92177772521973,4.90264320373535,1,0.44735312461853,,,,,,,,,,,,,,,
,3968766966.19851,1.55838948488235,17999.578125,,,6,,,,39.6859999681115,,,1000,,1.55657398700714,1.55760145187378,17999.578125,17999.578125,,,2.996426820755,,1,0,0,0,0.000457763671875,35.190616607666,6,1,1,1.55939817428589,0,2885687456,1.55694135030111,,,0.0728149928955738,0.00529629379936619,0.108436094579824,0.00537251084527656,0.267383694648743,0.960824608802795,36.6168556213379,0.0767684280872345,30,4,200,-0.00148665264714509,-0.502813994884491,0.101217955350876,1,0.446693927049637,,,,,,,,,,,,,,,
,3968766999.10799,1.55868345499039,18249.5546875,,,6,,,,39.6859999681115,,,1000,,1.55696392059326,1.5602400302887,18249.5546875,18249.5546875,,,3.00086140632629,,1,0,0,0,0.000457763671875,35.190616607666,6,1,1,1.5602400302887,0,2885687712,1.55764297246933,,,0.0735936550496847,0.00535233362323175,0.109588774224911,0.00542962829282059,0.267454236745834,0.960788428783417,36.6171798706055,0.0236370544880629,30,4,200,-0.00148915289901197,-0.508455157279968,0.10221354663372,1,0.447586476802826,,,,,,,,,,,,,,,
,3968767031.22933,1.55860686302185,18499.572265625,,,6,,,,39.6859999681115,,,1000,,1.55691993236542,1.55889284610748,18499.572265625,18499.572265625,,,2.99880981445313,,1,0,0,0,0.021209716796875,35.190616607666,6,1,1,1.55994188785553,0,2885687648,1.55729542838203,,,0.0743345343339916,0.0054087813659529,0.110729003292316,0.00548612821481381,0.267154335975647,0.960754334926605,36.6157913208008,0.0775091424584389,30,4,200,-0.00148999853990972,-0.512954652309418,0.103175953030586,1,0.427869260311127,,,,,,,,,,,,,,,
,3968767064.08056,1.55827367305756,18749.5625,,,6,,,,39.6859999681115,,,1000,,1.55675756931305,1.55783319473267,18749.5625,18749.5625,,,2.99900031089783,,1,0,0,0,0.0005340576171875,35.190616607666,6,1,1,1.55950880050659,0,2885687552,1.5571234093772,,,0.07514023643234,0.00546502537727581,0.111895431938643,0.00554392643847801,0.267429739236832,0.960726141929626,36.6169815063477,0.27571901679039,30,4,200,-0.00151177041698247,-0.520361363887787,0.104739934206009,1,0.425834655761719,,,,,,,,,,,,,,,
,3968767097.25557,1.55833876132965,18999.515625,,,6,,,,39.6859999681115,,,1000,,1.55703592300415,1.55859327316284,18999.515625,18999.515625,,,3.00043606758118,,1,0,0,0,0.000457763671875,35.6793746948242,6,1,1,1.55940127372742,0,2885687552,1.55735988087124,,,0.0758904157036006,0.00552147241833332,0.113040897023535,0.00560070237545015,0.267213851213455,0.960622489452362,36.6159973144531,0,30,4,200,-0.00151918118353933,-0.523521959781647,0.106022417545319,1,0.439678817987442,,,,,,,,,,,,,,,
,3968767130.40523,1.55835098028183,19249.5703125,,,6,,,,39.6859999681115,,,1000,,1.55665564537048,1.5583633184433,19249.5703125,19249.5703125,,,2.99818253517151,,1,0,0,0,0.00030517578125,34.7018585205078,6,1,1,1.55971801280975,0,2885687456,1.55710705121358,,,0.0766651206704827,0.00557649377124092,0.114164992843916,0.00565640166041321,0.267365902662277,0.960593819618225,36.6167793273926,,30,4,200,-0.00145683728624135,-0.529685795307159,0.106940776109695,1,0.426993787288666,,,,,,,,,,,,,,,
,3968767164.08904,1.55884444713593,19499.79296875,,,6,,,,39.6859999681115,,,1000,,1.55698990821838,1.55822551250458,19499.79296875,19499.79296875,,,3.00143933296204,,1,0,0,0,0.018463134765625,35.190616607666,6,1,1,1.56021928787231,0,2885687712,1.55737602710724,,,0.0774371578285002,0.0056345105983281,0.115353961977591,0.00571535044054538,0.267157435417175,0.960425019264221,36.6154975891113,6.05107402801514,30,4,200,-0.00156873860396445,-0.534428358078003,0.108322612941265,1,0.425810009241104,,,,,,,,,,,,,,,
,3968767197.10109,1.55853456258774,19749.513671875,,,6,,,,39.6859999681115,,,1000,,1.5567399263382,1.55980348587036,19749.513671875,19749.513671875,,,2.99688792228699,,1,0,0,0,0.000457763671875,36.1681327819824,6,1,1,1.55980348587036,0,2885687232,1.55747803449631,,,0.0781700906542964,0.00569028983446472,0.116502290565063,0.00577217568716453,0.26688551902771,0.960727572441101,36.6138153076172,,30,4,200,-0.00148883182555437,-0.539067983627319,0.109146744012833,1,0.439606577157974,,,,,,,,,,,,,,,
,3968767230.34609,1.55855399370193,19999.529296875,,,6,,,,39.6859999681115,,,1000,,1.55674815177917,1.55903029441834,19999.529296875,19999.529296875,,,2.99666357040405,,1,0,0,0,0.000457763671875,34.7018585205078,6,1,1,1.55953347682953,0,2885687296,1.55743593639798,,,0.0789761716062486,0.00574694613215367,0.11765680308063,0.00582948974732371,0.267107367515564,0.960231900215149,36.615421295166,6.05106782913208,30,4,200,-0.00163805927149951,-0.546611905097961,0.110440045595169,1,0.425883233547211,,,,,,,,,,,,,,,
,3968767263.32345,1.55818569660187,20249.546875,,,6,,,,39.6859999681115,,,1000,,1.55654692649841,1.5579891204834,20249.546875,20249.546875,,,2.99656963348389,,1,0,0,0,0.0209808349609375,35.6793746948242,6,1,1,1.5590695142746,0,2885687456,1.55705473158095,,,0.0797519857944023,0.00580335931479702,0.118799629197966,0.00588612980899379,0.267111867666245,0.96015989780426,36.6155319213867,3.62523555755615,30,4,200,-0.00162805221043527,-0.551476299762726,0.112156063318253,1,0.424932450056076,,,,,,,,,,,,,,,
,3968767296.31319,1.55818742513657,20499.626953125,,,6,,,,39.6859999681115,,,1000,,1.55658376216888,1.55831873416901,20499.626953125,20499.626953125,,,2.99886775016785,,1,0,0,0,0.0211334228515625,36.6568908691406,6,1,1,1.55929064750671,0,2885687424,1.55710068013933,,,0.0804386725264516,0.00585334453987671,0.119828901924556,0.00593726201140581,0.267110258340836,0.95960134267807,36.6157569885254,6.05109548568726,30,4,200,-0.00140985334292054,-0.556125104427338,0.11322820931673,1,0.444621294736862,,,,,,,,,,,,,,,
,3968767330.35864,1.55858391523361,20749.658203125,,,6,,,,39.6859999681115,,,1000,,1.55693674087524,1.55884552001953,20749.658203125,20749.658203125,,,2.99778461456299,,1,0,0,0,0.0214385986328125,35.190616607666,6,1,1,1.55969154834747,0,2885687360,1.55746075842116,,,0.0812791002143621,0.00591497963498696,0.121076085092993,0.00599894878241821,0.267058998346329,0.960045516490936,36.6150245666504,0.275705873966217,30,4,200,-0.00165327847935259,-0.562228977680206,0.113455630838871,1,0.428421944379807,,,,,,,,,,,,,,,
,3968767363.38718,1.55842703580856,20999.544921875,,,6,,,,39.6859999681115,,,1000,,1.55659627914429,1.55796957015991,20999.544921875,20999.544921875,,,2.99648857116699,,1,0,0,0,0.0005340576171875,34.7018585205078,6,1,1,1.55980265140533,0,2885687904,1.55698351065318,,,0.0820499407436125,0.00597097096658544,0.122232566397671,0.00605626302921338,0.267070174217224,0.959987819194794,36.6151084899902,0,30,4,200,-0.00163924088701606,-0.567221224308014,0.114211745560169,1,0.443349152803421,,,,,,,,,,,,,,,
,3968767396.42513,1.55825287103653,21249.484375,,,6,,,,39.6859999681115,,,1000,,1.5566086769104,1.55842864513397,21249.484375,21249.484375,,,2.99849510192871,,1,0,0,0,0.0005340576171875,35.190616607666,6,1,1,1.55928528308868,0,2885687520,1.55703047911326,,,0.0827008600574941,0.00602193166583983,0.123294220589529,0.00610874045233078,0.266693770885468,0.960500359535217,36.6129264831543,0.0240959450602531,30,4,200,-0.00145142513792962,-0.571165204048157,0.115521050989628,1,0.4275803565979,,,,,,,,,,,,,,,
,3968767430.32045,1.55787354707718,21499.732421875,,,6,,,,39.6859999681115,,,1000,,1.55650019645691,1.55786752700806,21499.732421875,21499.732421875,,,2.99688529968262,,1,0,0,0,0.00030517578125,37.1456527709961,6,1,1,1.55902373790741,0,2885687424,1.55683574411604,,,0.0835708653532665,0.00608161611465907,0.124501968727889,0.00616870412867198,0.267074048519135,0.959996461868286,36.6151924133301,0,30,4,200,-0.00168794277124107,-0.576220333576202,0.117132775485516,1,0.424753338098526,,,,,,,,,,,,,,,
,3968767463.21707,1.55842930078506,21749.748046875,,,6,,,,39.6859999681115,,,1000,,1.55691587924957,1.55871307849884,21749.748046875,21749.748046875,,,2.99638748168945,,1,0,0,0,0.0003814697265625,35.190616607666,6,1,1,1.55959939956665,0,2885687712,1.55745049317678,,,0.0843178835561432,0.00613713039789371,0.125634163283932,0.00622483490334567,0.266955256462097,0.959850966930389,36.6146812438965,0,30,4,200,-0.00170498702209443,-0.582907378673553,0.117922551929951,1,0.424431890249252,,,,,,,,,,,,,,,
,3968767496.23426,1.55816370248795,21999.53515625,,,6,,,,39.6859999681115,,,1000,,1.55656683444977,1.55753421783447,21999.53515625,21999.53515625,,,2.99468874931335,,1,0,0,0,0.00030517578125,35.6793746948242,6,1,1,1.55931079387665,0,2885687744,1.55691434277429,,,0.0850926531905742,0.00619321089271205,0.126785195183503,0.0062818794865693,0.266987204551697,0.959803581237793,36.6148986816406,0,30,4,200,-0.00173877342604101,-0.587773740291596,0.119714260101318,1,0.424471765756607,,,,,,,,,,,,,,,
,3968767529.2366,1.55862981081009,22249.7421875,,,6,,,,39.6859999681115,,,1000,,1.55720496177673,1.55855619907379,22249.7421875,22249.7421875,,,2.99915814399719,,1,0,0,0,0.00030517578125,35.190616607666,6,1,1,1.56055903434753,0,2885687520,1.55764985084534,,,0.0858439203581857,0.00624797829434167,0.127904230286806,0.00633737796099731,0.26697826385498,0.959596574306488,36.6149787902832,0.0240155141800642,30,4,200,-0.0017807197291404,-0.593644559383392,0.120242960751057,1,0.441850990056992,,,,,,,,,,,,,,,
,3968767562.29682,1.5586975812912,22499.708984375,,,6,,,,39.6859999681115,,,1000,,1.557053565979,1.55824244022369,22499.708984375,22499.708984375,,,2.99759960174561,,1,0,0,0,0.0196075439453125,35.190616607666,6,1,1,1.55995738506317,0,2885687680,1.5573883983824,,,0.0866109989317042,0.00630235899419982,0.129017180756622,0.0063925004300377,0.267123430967331,0.959679543972015,36.6158103942871,6.05110025405884,30,4,200,-0.00178259517997503,-0.599026024341583,0.121321879327297,1,0.447889059782028,,,,,,,,,,,,,,,
,3968767595.30984,1.55915862321854,22749.751953125,,,6,,,,39.6859999681115,,,1000,,1.55713415145874,1.5585355758667,22749.751953125,22749.751953125,,,3.0003387928009,,1,0,0,0,0.00030517578125,34.7018585205078,6,1,1,1.56063675880432,0,2885687424,1.55758123927646,,,0.0873732985725635,0.00635802340460051,0.130163325939732,0.00644923307797058,0.267104059457779,0.95989465713501,36.6153259277344,0.275864452123642,30,4,200,-0.00178338133264333,-0.603931367397308,0.122894026339054,1,0.42801696062088,,,,,,,,,,,,,,,
,3968767628.21363,1.55915838479996,22999.740234375,,,6,,,,39.6859999681115,,,1000,,1.55736458301544,1.55868554115295,22999.740234375,22999.740234375,,,2.99838471412659,,1,0,0,0,0.0003814697265625,35.190616607666,6,1,1,1.56046903133392,0,2885687648,1.55777744452159,,,0.0881311733949009,0.00641364440730769,0.131298427716764,0.00650552141648383,0.267057746648788,0.959718823432922,36.6153450012207,4.97101593017578,30,4,200,-0.00181931792758405,-0.609998166561127,0.122680269181728,1,0.437790006399155,,,,,,,,,,,,,,,
,3968767661.30964,1.55911773443222,23249.810546875,,,6,,,,39.6859999681115,,,1000,,1.55749833583832,1.55871534347534,23249.810546875,23249.810546875,,,2.99897074699402,,1,0,0,0,0.019989013671875,35.190616607666,6,1,1,1.56052911281586,0,2885687776,1.55779377619425,,,0.0889401810805913,0.00647084880948248,0.132466409408284,0.00656344143082126,0.267220824956894,0.959535419940948,36.6158752441406,0.0848308950662613,30,4,200,-0.00179307465441525,-0.614179313182831,0.124043807387352,1,0.44864296913147,,,,,,,,,,,,,,,
,3968767694.18341,1.55916851758957,23499.48046875,,,6,,,,39.6859999681115,,,1000,,1.55746686458588,1.55862736701965,23499.48046875,23499.48046875,,,2.99560618400574,,1,0,0,0,0.020599365234375,35.190616607666,6,1,1,1.56070160865784,0,2885687776,1.55774637063344,,,0.0896464240715983,0.0065238094143774,0.133547104544436,0.00661696567675123,0.267067909240723,0.959613144397736,36.6152801513672,0,30,4,200,-0.0018249579006806,-0.6185103058815,0.124792687594891,1,0.429433941841126,,,,,,,,,,,,,,,
,3968767727.30721,1.55966508388519,23749.701171875,,,6,,,,39.6859999681115,,,1000,,1.558225274086,1.5606244802475,23749.701171875,23749.701171875,,,2.99931764602661,,1,0,0,0,0.0005340576171875,35.190616607666,6,1,1,1.56085622310638,0,2885687936,1.55874308347702,,,0.0904148422743062,0.00657956473670273,0.134686126810494,0.00667339435620309,0.267083466053009,0.959631443023682,36.6152801513672,0,30,4,200,-0.00183244573418051,-0.624788641929626,0.127289667725563,1,0.446297168731689,,,,,,,,,,,,,,,
,3968767760.2879,1.55954003334045,23999.705078125,,,6,,,,39.6859999681115,,,1000,,1.55771732330322,1.56028294563293,23999.705078125,23999.705078125,,,2.99991869926453,,1,0,0,0,0.0003814697265625,34.2131004333496,6,1,1,1.5606404542923,0,2885687520,1.55855883359909,,,0.0911010325350343,0.00663224284419706,0.135787906840763,0.00672798246827995,0.266822546720505,0.959648728370666,36.6139717102051,3.62359237670898,30,4,200,-0.00182003481313586,-0.629282534122467,0.128022611141205,1,0.448836535215378,,,,,,,,,,,,,,,
,3968767794.36565,1.55974131822586,24249.708984375,,,6,,,,39.6859999681115,,,1000,,1.55798244476318,1.55898928642273,24249.708984375,24249.708984375,,,3.00051069259644,,1,0,0,0,0.0189971923828125,35.6793746948242,6,1,1,1.56103372573853,0,2885687648,1.55834158261617,,,0.0918752251400471,0.00668899526915898,0.136928798186856,0.00678454978270992,0.266785651445389,0.959504544734955,36.6140289306641,0.0241031013429165,30,4,200,-0.00183824938721955,-0.634578168392181,0.128162682056427,1,0.448699712753296,,,,,,,,,,,,,,,
,3968767827.1096,1.55929911136627,24499.623046875,,,6,,,,39.6859999681115,,,1000,,1.557577252388,1.55930364131927,24499.623046875,24499.623046875,,,2.99862885475159,,1,0,0,0,0.0131988525390625,35.190616607666,6,1,1,1.56002295017242,0,2885687424,1.5582004653083,,,0.0926638425882222,0.00674365170611909,0.138051067537972,0.00684021138625088,0.267043918371201,0.95931088924408,36.6151962280273,0.0864740684628487,30,4,200,-0.00195522955618799,-0.640633523464203,0.129635334014893,1,0.449271708726883,,,,,,,,,,,,,,,
,3968767860.11813,1.5599262714386,24749.587890625,,,6,,,,39.6859999681115,,,1000,,1.55792152881622,1.55954217910767,24749.587890625,24749.587890625,,,2.99639296531677,,1,0,0,0,0.020904541015625,35.6793746948242,6,1,1,1.56132185459137,0,2885687840,1.55846299065484,,,0.0934564084671187,0.0067997793358097,0.139200857944258,0.00689720267715092,0.267187893390656,0.959231495857239,36.6158180236816,0.0237363651394844,30,4,200,-0.00189014617353678,-0.645399570465088,0.131166085600853,1,0.445654630661011,,,,,,,,,,,,,,,
,3968767893.30804,1.56001234054565,24999.70703125,,,6,,,,39.6859999681115,,,1000,,1.55803513526917,1.55955219268799,24999.70703125,24999.70703125,,,3.00121092796326,,1,0,0,0,0.0205230712890625,35.6793746948242,6,1,1,1.56133365631104,0,2885687552,1.55848485893673,,,0.0941618033829255,0.00685411989258434,0.140308496050017,0.00695204279340565,0.266910016536713,0.959381759166718,36.6144638061523,0.275937378406525,30,4,200,-0.00192338938359171,-0.650556325912476,0.131812244653702,1,0.450345247983932,,,,,,,,,,,,,,,
,3968767926.42026,1.56015211343765,25249.58203125,,,6,,,,39.6859999681115,,,1000,,1.55860221385956,1.56041693687439,25249.58203125,25249.58203125,,,3.00269484519959,,1,0,0,0,0.000457763671875,35.190616607666,6,1,1,1.56142115592957,0,2885687296,1.55906157493591,,,0.0948597259487813,0.00690519596838956,0.141372138545947,0.00700482224305206,0.266884922981262,0.95910656452179,36.614559173584,3.62401938438416,30,4,200,-0.00195971503853798,-0.655239105224609,0.133273482322693,1,0.454022616147995,,,,,,,,,,,,,,,
,3968767960.59077,1.55973261594772,25499.560546875,,,6,,,,39.6859999681115,,,1000,,1.55816698074341,1.559983253479,25499.560546875,25499.560546875,,,2.99752497673035,,1,0,0,0,0.019989013671875,35.190616607666,6,1,1,1.56070911884308,0,2885687616,1.55867516994476,,,0.095666830112884,0.0069615538452307,0.142506953054007,0.00706110212153541,0.267101973295212,0.958929598331451,36.6155891418457,0.275836527347565,30,4,200,-0.00199981220066547,-0.661466181278229,0.133651554584503,1,0.453142940998077,,,,,,,,,,,,,,,
,3968767993.2412,1.55974024534225,25749.66796875,,,6,,,,39.6859999681115,,,1000,,1.5580826997757,1.55926930904388,25749.66796875,25749.66796875,,,2.99623084068298,,1,0,0,0,0.000457763671875,35.190616607666,6,1,1,1.56086909770966,0,2885687456,1.55845521556007,,,0.0963566861048608,0.00701339439826878,0.143574111433445,0.00711403606683115,0.266954451799393,0.958742439746857,36.6152153015137,0,30,4,200,-0.00199417327530682,-0.664480984210968,0.13570748269558,1,0.430613249540329,,,,,,,,,,,,,,,
,3968768026.37096,1.55972635746002,25999.734375,,,6,,,,39.6859999681115,,,1000,,1.55832600593567,1.55958425998688,25999.734375,25999.734375,,,2.99720764160156,,1,0,0,0,0.020751953125,35.190616607666,6,1,1,1.56077361106873,0,2885687904,1.55867927604251,,,0.0971425093594587,0.00706824055694683,0.144691221849277,0.00716941009238748,0.26716423034668,0.958662509918213,36.6161003112793,,30,4,200,-0.00204758974723518,-0.670289039611816,0.136374816298485,1,0.449943631887436,,,,,,,,,,,,,,,
,3968768059.39548,1.55997014045715,26249.611328125,,,6,,,,39.6859999681115,,,1000,,1.55847501754761,1.56117057800293,26249.611328125,26249.611328125,,,2.99758148193359,,1,0,0,0,0.0005340576171875,35.190616607666,6,1,1,1.56117057800293,0,2885687328,1.55898468494415,,,0.0979142187181343,0.00712510565641893,0.14585499206339,0.00722704502448757,0.267100900411606,0.958761215209961,36.6152114868164,0,30,4,200,-0.00198174105025828,-0.677410781383514,0.137287780642509,1,0.448802024126053,,,,,,,,,,,,,,,
,3968768092.40203,1.56066781282425,26499.73046875,,,6,,,,39.6859999681115,,,1000,,1.55882573127747,1.56052303314209,26499.73046875,26499.73046875,,,2.99910354614258,,1,0,0,0,0.018310546875,35.190616607666,6,1,1,1.56182336807251,0,2885687520,1.55923928154839,,,0.0985980278406418,0.00717652658715814,0.146919715169022,0.00727964454431837,0.266954988241196,0.959295451641083,36.614616394043,0.275920957326889,30,4,200,-0.00194286031182855,-0.68094140291214,0.138605698943138,1,0.430757969617844,,,,,,,,,,,,,,,
,3968768126.42874,1.56094348430634,26749.671875,,,6,,,,39.6859999681115,,,1000,,1.55880403518677,1.56047832965851,26749.671875,26749.671875,,,2.9979202747345,,1,0,0,0,0.000152587890625,35.190616607666,6,1,1,1.5622786283493,0,2885687520,1.55938152472178,,,0.0993164248540375,0.00722821430708756,0.147978865330866,0.00733232444276636,0.267007410526276,0.958626568317413,36.615348815918,0,30,4,200,-0.00205107918009162,-0.685941755771637,0.138710662722588,1,0.443960309028625,,,,,,,,,,,,,,,
,3968768159.52407,1.56122845411301,26999.75,,,6,,,,39.6859999681115,,,1000,,1.55926060676575,1.56135070323944,26999.75,26999.75,,,2.99978399276733,,1,0,0,0,0.00030517578125,35.190616607666,6,1,1,1.56265115737915,0,2885688000,1.55982597668966,,,0.100116286148619,0.00728326363276524,0.149091079846164,0.00738752165293884,0.267281830310822,0.958344578742981,36.6167106628418,0.0237473640590906,30,4,200,-0.002031862270087,-0.690672516822815,0.139651998877525,1,0.44561755657196,,,,,,,,,,,,,,,
,3968768192.27883,1.56146091222763,27249.5625,,,6,,,,39.6859999681115,,,1000,,1.55974102020264,1.56132459640503,27249.5625,27249.5625,,,2.9961564540863,,1,0,0,0,0.000457763671875,35.190616607666,6,1,1,1.56287837028503,0,2885687936,1.56013295385573,,,0.100795093624913,0.00733475121039146,0.150151661245327,0.00743997625769035,0.267100393772125,0.958659052848816,36.6155967712402,0.0903210118412972,30,4,200,-0.00202237907797098,-0.695465207099914,0.14082245528698,1,0.430000633001327,,,,,,,,,,,,,,,
,3968768225.42322,1.56189143657684,27499.66796875,,,6,,,,39.6859999681115,,,1000,,1.56018590927124,1.5616899728775,27499.66796875,27499.66796875,,,2.99838590621948,,1,0,0,0,0.0005340576171875,35.6793746948242,6,1,1,1.56308448314667,0,2885687968,1.56053845087687,,,0.101569423917541,0.00739044328553518,0.151285310975049,0.00749621004551696,0.267156302928925,0.958456814289093,36.615966796875,3.62547659873962,30,4,200,-0.00216513336636126,-0.701902151107788,0.141804575920105,1,0.451934248209,,,,,,,,,,,,,,,
,3968768258.44963,1.56191176176071,27749.59375,,,6,,,,39.6859999681115,,,1000,,1.56002151966095,1.56162810325623,27749.59375,27749.59375,,,2.99677872657776,,1,0,0,0,0.000457763671875,35.190616607666,6,1,1,1.56310558319092,0,2885687552,1.56060075759888,,,0.102311894478697,0.00744267126464934,0.152350892667682,0.00754900970256406,0.267308861017227,0.958460688591003,36.6166381835937,0.275768101215363,30,4,200,-0.00218851887620986,-0.707131087779999,0.142775774002075,1,0.438045173883438,,,,,,,,,,,,,,,
,3968768291.3472,1.56189948320389,27999.63671875,,,6,,,,39.6859999681115,,,1000,,1.5601909160614,1.56249260902405,27999.63671875,27999.63671875,,,2.99395251274109,,1,0,0,0,0.000457763671875,35.6793746948242,6,1,1,1.56303024291992,0,2885687360,1.56084052324295,,,0.103029056677052,0.00749688609058263,0.153452497089528,0.00760363874921262,0.267136484384537,0.958320498466492,36.6158561706543,,30,4,200,-0.0022234704811126,-0.712111532688141,0.144077733159065,1,0.42854318022728,,,,,,,,,,,,,,,
,3968768324.4531,1.56231808662415,28249.654296875,,,6,,,,39.6859999681115,,,1000,,1.56109356880188,1.5620836019516,28249.654296875,28249.654296875,,,2.99649143218994,,1,0,0,0,0.0003814697265625,35.190616607666,6,1,1,1.56434047222137,0,2885687232,1.56134356392754,,,0.103719099165986,0.00754955163219889,0.154546104833798,0.00765767143533839,0.266930937767029,0.958802998065949,36.6143264770508,0.091596782207489,30,4,200,-0.00205653929151595,-0.716100096702576,0.145636901259422,1,0.443213313817978,,,,,,,,,,,,,,,
,3968768357.32339,1.56303071975708,28499.681640625,,,6,,,,39.6859999681115,,,1000,,1.56115710735321,1.56317150592804,28499.681640625,28499.681640625,,,2.99836444854736,,1,0,0,0,0.0005340576171875,35.190616607666,6,1,1,1.56424415111542,0,2885687360,1.56182265281677,,,0.104476684302539,0.00760172796660243,0.15560507543462,0.00771036053003112,0.267177402973175,0.958126366138458,36.6160087585449,0.0861786901950836,30,4,200,-0.0022750508505851,-0.722366511821747,0.146394103765488,1,0.443622708320618,,,,,,,,,,,,,,,
,3968768391.22616,1.56328809261322,28749.865234375,,,6,,,,39.6859999681115,,,1000,,1.56134653091431,1.56446468830109,28749.865234375,28749.865234375,,,2.99726414680481,,1,0,0,0,0.0005340576171875,35.190616607666,6,1,1,1.56446468830109,0,2885687200,1.56213625669479,,,0.105138664088103,0.00765693531528003,0.156745253918285,0.00776662860936165,0.26659694314003,0.958836674690247,36.6126327514648,0,30,4,200,-0.00184467749204487,-0.725787162780762,0.147379010915756,1,0.429196715354919,,,,,,,,,,,,,,,
,3968768424.35417,1.56338679790497,28999.53515625,,,6,,,,39.6859999681115,,,1000,,1.56181252002716,1.56270122528076,28999.53515625,28999.53515625,,,2.99640989303589,,1,0,0,0,0.0213623046875,35.190616607666,6,1,1,1.56477057933807,0,2885687520,1.56202709674835,,,0.105975067243462,0.00770893209745464,0.157786416120969,0.00781850264974088,0.267326444387436,0.957960069179535,36.6163177490234,0.120349489152431,30,4,200,-0.00214939354918897,-0.732225358486175,0.147892236709595,1,0.448993742465973,,,,,,,,,,,,,,,
,3968768457.25365,1.56347090005875,29249.591796875,,,6,,,,39.6859999681115,,,1000,,1.56189560890198,1.56319916248322,29249.591796875,29249.591796875,,,2.99395966529846,,1,0,0,0,0.0199127197265625,35.190616607666,6,1,1,1.56473505496979,0,2885687328,1.56229465537601,,,0.10661703944489,0.00776007959644911,0.158830996349897,0.00787040807365758,0.266964316368103,0.957527637481689,36.615104675293,0.27590623497963,30,4,200,-0.00226755975745618,-0.734675049781799,0.149663656949997,1,0.4507976770401,,,,,,,,,,,,,,,
,3968768490.55692,1.56397300958633,29499.595703125,,,6,,,,39.6859999681115,,,1000,,1.56209480762482,1.56378090381622,29499.595703125,29499.595703125,,,2.99709415435791,,1,0,0,0,0.0213623046875,35.190616607666,6,1,1,1.56545829772949,0,2885687808,1.56251470247904,,,0.107331741344764,0.00781290032280754,0.159930557324365,0.0079250984569687,0.266899615526199,0.9569251537323,36.6147651672363,0.0931883752346039,30,4,200,-0.00239057373255491,-0.741180419921875,0.150843471288681,1,0.429481893777847,,,,,,,,,,,,,,,
,3968768524.51215,1.56413251161575,29749.482421875,,,6,,,,39.6859999681115,,,1000,,1.56221032142639,1.56537401676178,29749.482421875,29749.482421875,,,2.9957058429718,,1,0,0,0,0.0194549560546875,35.190616607666,6,1,1,1.56537401676178,0,2885687424,1.56292275190353,,,0.108060690640876,0.00786459403676134,0.160993646147815,0.00797785704685714,0.267009228467941,0.956691086292267,36.6157379150391,,30,4,200,-0.00239417864941061,-0.74705559015274,0.15224227309227,1,0.453940063714981,,,,,,,,,,,,,,,
,3968768558.62737,1.56427955627441,29999.78125,,,6,,,,39.6859999681115,,,1000,,1.56243920326233,1.56511306762695,29999.78125,29999.78125,,,2.99405169486999,,1,0,0,0,0.020904541015625,34.7018585205078,6,1,1,1.56530857086182,0,2885687424,1.56316267251968,,,0.108693603554063,0.00791333622182323,0.161982632076166,0.00802689988224141,0.266795635223389,0.956593692302704,36.6149749755859,0.0936878621578217,30,4,200,-0.00240851193666458,-0.752104878425598,0.152019634842873,1,0.431585609912872,,,,,,,,,,,,,,,
,3968768591.30042,1.56447678804398,30249.59375,,,6,,,,39.6859999681115,,,1000,,1.56266093254089,1.56587529182434,30249.59375,30249.59375,,,2.9931902885437,,1,0,0,0,0.000457763671875,35.190616607666,6,1,1,1.56602799892426,0,2885687136,1.56348441839218,,,0.109389557132402,0.00796730143210541,0.163051315149117,0.00808018332470612,0.266534626483917,0.955670893192291,36.6134338378906,0.276056975126266,30,4,200,-0.00242260354571044,-0.755994260311127,0.153249219059944,1,0.429589509963989,,,,,,,,,,,,,,,
,3968768624.19466,1.56520742177963,30499.775390625,,,6,,,,39.6859999681115,,,1000,,1.56358921527863,1.56506967544556,30499.775390625,30499.775390625,,,2.9979989528656,,1,0,0,0,0.00091552734375,35.6793746948242,6,1,1,1.56643068790436,0,2885687424,1.5639732811186,,,0.110097811833507,0.00801903170731185,0.164086546376614,0.00813180559398817,0.26652330160141,0.954796433448792,36.6136741638184,0,30,4,200,-0.00267286296002567,-0.761159121990204,0.154735893011093,1,0.438417106866837,,,,,,,,,,,,,,,
,3968768657.5562,1.56526839733124,30749.61328125,,,6,,,,39.6859999681115,,,1000,,1.56345236301422,1.56610488891602,30749.61328125,30749.61328125,,,2.99736952781677,,1,0,0,0,0.0162506103515625,35.190616607666,6,1,1,1.56639957427979,0,2885687264,1.56416817903519,,,0.110892205848562,0.00807194931818685,0.165166343196601,0.00818541498043373,0.266909331083298,0.954539954662323,36.6158218383789,0.0871922299265862,30,4,200,-0.00260010198689997,-0.766589283943176,0.15585421025753,1,0.429165750741959,,,,,,,,,,,,,,,
,3968768690.21343,1.56527012586594,30999.630859375,,,6,,,,39.6859999681115,,,1000,,1.56369924545288,1.56647562980652,30999.630859375,30999.630859375,,,2.99278616905212,,1,0,0,0,0.0005340576171875,34.7018585205078,6,1,1,1.5667222738266,0,2885687520,1.56423908472061,,,0.11149941194957,0.00812018891736924,0.16615222788906,0.00823395935582518,0.266595423221588,0.955384492874146,36.6135787963867,0,30,4,200,-0.00237484648823738,-0.769281685352325,0.156186610460281,1,0.42639747262001,,,,,,,,,,,,,,,
,3968768723.26489,1.56542617082596,31249.59375,,,6,,,,39.6859999681115,,,1000,,1.5635381937027,1.56478679180145,31249.59375,31249.59375,,,2.99324154853821,,1,0,0,0,0.0005340576171875,35.190616607666,6,1,1,1.56671118736267,0,2885687424,1.5640641980701,,,0.112298389136559,0.00817050285645593,0.16717986382709,0.00828486933402391,0.267203152179718,0.955428540706634,36.6163291931152,3.62561678886414,30,4,200,-0.00257322588004172,-0.774177730083466,0.157187834382057,1,0.42679089307785,,,,,,,,,,,,,,,
,3968768756.36499,1.565913438797,31499.509765625,,,6,,,,39.6859999681115,,,1000,,1.56425023078918,1.56590604782104,31499.509765625,31499.509765625,,,2.99430656433105,,1,0,0,0,0.000457763671875,35.190616607666,6,1,1,1.56696903705597,0,2885687584,1.56473824712965,,,0.11295224462035,0.00821926949287626,0.168182825936567,0.00833448199129026,0.267111390829086,0.955672979354858,36.6161956787109,0,30,4,200,-0.00261466787196696,-0.780344188213348,0.158815160393715,1,0.44474783539772,,,,,,,,,,,,,,,
,3968768789.24615,1.56589883565903,31749.474609375,,,6,,,,39.6859999681115,,,1000,,1.56403851509094,1.56576204299927,31749.474609375,31749.474609375,,,2.99465870857239,,1,0,0,0,0.000457763671875,35.190616607666,6,1,1,1.56725239753723,0,2885687616,1.56449601385329,,,0.113638751172564,0.00827310978394979,0.169292449469676,0.00838912889878864,0.266814917325974,0.956599235534668,36.6142883300781,0,30,4,200,-0.00242372276261449,-0.785346925258636,0.159605592489243,1,0.427808940410614,,,,,,,,,,,,,,,
,3968768822.28909,1.5662282705307,31999.478515625,,,6,,,,39.6859999681115,,,1000,,1.56419456005096,1.56587135791779,31999.478515625,31999.478515625,,,2.99774932861328,,1,0,0,0,0.00030517578125,35.190616607666,6,1,1,1.56753766536713,0,2885687456,1.56475604905023,,,0.11434777930309,0.00831968644352524,0.170252248994611,0.00843675541516677,0.267197519540787,0.956428468227386,36.616527557373,0,30,4,200,-0.00261565088294446,-0.788372039794922,0.160564884543419,1,0.448124647140503,,,,,,,,,,,,,,,
,3968768856.43472,1.5659299492836,32249.77734375,,,6,,,,39.6859999681115,,,1000,,1.56447982788086,1.56529319286346,32249.77734375,32249.77734375,,,2.99507665634155,,1,0,0,0,0.0189971923828125,36.1681327819824,6,1,1,1.56710875034332,0,2885687616,1.56478779845768,,,0.115020380903905,0.00836959435614873,0.171264546145422,0.00848682862125236,0.267124116420746,0.956669926643372,36.6157684326172,,30,4,200,-0.00261120242066681,-0.794354259967804,0.161653786897659,1,0.451575040817261,,,,,,,,,,,,,,,
,3968768890.33745,1.56642383337021,32499.716796875,,,6,,,,39.6859999681115,,,1000,,1.56476223468781,1.5670702457428,32499.716796875,32499.716796875,,,2.99541354179382,,1,0,0,0,0.0005340576171875,35.190616607666,6,1,1,1.56754231452942,0,2885687680,1.56526653766632,,,0.115676430244801,0.0084176757635559,0.172242700318222,0.00853536171318174,0.267098426818848,0.956505715847015,36.6158866882324,0,30,4,200,-0.0026009522844106,-0.798088073730469,0.161683171987534,1,0.428807824850082,,,,,,,,,,,,,,,
,3968768923.40015,1.5672532916069,32749.50390625,,,6,,,,39.6859999681115,,,1000,,1.56520867347717,1.56686353683472,32749.50390625,32749.50390625,,,3.00068044662476,,1,0,0,0,0.00030517578125,35.190616607666,6,1,1,1.56847512722015,0,2885686048,1.56577556663089,,,0.116328985655426,0.00846632640318968,0.173252058519645,0.00858532361330079,0.267011433839798,0.956651091575623,36.6151580810547,0,30,4,200,-0.0025688202586025,-0.803361415863037,0.163309425115585,1,0.443269520998001,,,,,,,,,,,,,,,
,3968768957.34062,1.56726479530334,32999.6875,,,6,,,,39.6859999681115,,,1000,,1.56556081771851,1.56693160533905,32999.6875,32999.6875,,,2.99882984161377,,1,0,0,0,0.0005340576171875,35.6793746948242,6,1,1,1.56849956512451,0,2885687648,1.56588665644328,,,0.11694284520174,0.00851133968786856,0.174165769470217,0.00863070712268827,0.266986638307571,0.95637834072113,36.6154365539551,0.0866153761744499,30,4,200,-0.00244238902814686,-0.805963397026062,0.164415255188942,1,0.444938957691193,,,,,,,,,,,,,,,
,3968768990.34999,1.56732094287872,33249.5,,,6,,,,39.6859999681115,,,1000,,1.56571769714355,1.56676614284515,33249.5,33249.5,,,2.99997353553772,,1,0,0,0,0.0214385986328125,35.190616607666,6,1,1,1.56877076625824,0,2885687456,1.56605833106571,,,0.117745330737895,0.00856362302052228,0.175242032142131,0.00868399578189353,0.267437994480133,0.956486642360687,36.617359161377,0,30,4,200,-0.00262053194455802,-0.811883330345154,0.164734348654747,1,0.442559540271759,,,,,,,,,,,,,,,
,3968769024.14972,1.56771773099899,33499.7578125,,,6,,,,39.6859999681115,,,1000,,1.56601691246033,1.56731641292572,33499.7578125,33499.7578125,,,3.00160980224609,,1,0,0,0,0.000457763671875,35.190616607666,6,1,1,1.56894755363464,0,2885687712,1.56638175911374,,,0.118396271875479,0.00861298937177943,0.176252977934927,0.0087340550379208,0.267289787530899,0.956598579883575,36.6167068481445,0,30,4,200,-0.00275173783302307,-0.818347871303558,0.165945202112198,1,0.42737951874733,,,,,,,,,,,,,,,
,3968769057.30223,1.56771677732468,33749.75,,,6,,,,39.6859999681115,,,1000,,1.56613349914551,1.56844770908356,33749.75,33749.75,,,3.00114369392395,,1,0,0,0,0.000457763671875,35.190616607666,6,1,1,1.56902647018433,0,2885687680,1.56661783456802,,,0.119077313996102,0.00866174557824817,0.177244281349742,0.00878322410383946,0.267346978187561,0.956468164920807,36.6166801452637,0,30,4,200,-0.00275728339329362,-0.821191787719727,0.166660517454147,1,0.448252141475678,,,,,,,,,,,,,,,
,3968769090.28638,1.56791019439697,33999.75390625,,,6,,,,39.6859999681115,,,1000,,1.56631767749786,1.56843912601471,33999.75390625,33999.75390625,,,3.00232172012329,,1,0,0,0,0.0203704833984375,35.190616607666,6,1,1,1.56934487819672,0,2885687264,1.56678298711777,,,0.119688851455654,0.00870829203179777,0.1781988769499,0.0088305800241821,0.267197459936142,0.956341981887817,36.6163558959961,0,30,4,200,-0.00276897964067757,-0.826454877853394,0.167179375886917,1,0.448808282613754,,,,,,,,,,,,,,,
,3968769123.26159,1.56806635856628,34249.4765625,,,6,,,,39.6859999681115,,,1000,,1.56653487682343,1.56777024269104,34249.4765625,34249.4765625,,,3.00008702278137,,1,0,0,0,0.0199127197265625,35.190616607666,6,1,1,1.56941378116608,0,2885687392,1.56684339046478,,,0.120366203324147,0.00875685468112744,0.17919848539312,0.00888012677177566,0.267249345779419,0.956310451030731,36.6163711547852,0,30,4,200,-0.00273890909738839,-0.830959379673004,0.168775081634521,1,0.429944962263107,,,,,,,,,,,,,,,
,3968769156.37667,1.56825971603394,34499.7734375,,,6,,,,39.6859999681115,,,1000,,1.56634342670441,1.56776964664459,34499.7734375,34499.7734375,,,2.99931573867798,,1,0,0,0,0.0002288818359375,35.6793746948242,6,1,1,1.56943261623383,0,2885687264,1.56677752070957,,,0.121034472407921,0.00880411437048556,0.180166408537441,0.0089280753480268,0.267346978187561,0.956356823444366,36.6168975830078,0.0235617402940989,30,4,200,-0.00282135745510459,-0.836583018302918,0.169700860977173,1,0.446581244468689,,,,,,,,,,,,,,,
,3968769190.39324,1.56777149438858,34749.81640625,,,6,,,,39.6859999681115,,,1000,,1.56588470935822,1.56758594512939,34749.81640625,34749.81640625,,,2.99483156204224,,1,0,0,0,0.0194549560546875,35.6793746948242,6,1,1,1.569167137146,0,2885687648,1.56632216771444,,,0.121693698450707,0.00885056783206757,0.181123592952077,0.00897544109428041,0.2674540579319,0.956527709960937,36.6173820495605,0,30,4,200,-0.00274464953690767,-0.839617788791656,0.170416921377182,1,0.451315134763718,,,,,,,,,,,,,,,
,3968769223.42001,1.56778484582901,34999.57421875,,,6,,,,39.6859999681115,,,1000,,1.56609356403351,1.56750917434692,34999.57421875,34999.57421875,,,2.99505090713501,,1,0,0,0,0.0003814697265625,35.190616607666,6,1,1,1.56916797161102,0,2885687616,1.56642259491815,,,0.122250769002303,0.00889603631316032,0.182052944910333,0.00902157231476333,0.2671018242836,0.956323444843292,36.6160545349121,0.0237167496234179,30,4,200,-0.00274975621141493,-0.843989670276642,0.171825334429741,1,0.429938495159149,,,,,,,,,,,,,,,
,3968769257.26108,1.56749260425568,35249.71875,,,6,,,,39.6859999681115,,,1000,,1.5659773349762,1.56775331497192,35249.71875,35249.71875,,,2.9940345287323,,1,0,0,0,0.0154876708984375,36.1681327819824,6,1,1,1.56851601600647,0,2885687456,1.56646800041199,,,0.122844742033351,0.00894571041612945,0.183067329839065,0.00907174566066573,0.266646713018417,0.956563532352447,36.6132621765137,0,30,4,200,-0.002518598921597,-0.848282277584076,0.173282489180565,1,0.42764076590538,,,,,,,,,,,,,,,
,3968769290.26567,1.56757295131683,35499.4921875,,,6,,,,39.6859999681115,,,1000,,1.56615519523621,1.5685772895813,35499.4921875,35499.4921875,,,2.9943470954895,,1,0,0,0,0.0005340576171875,35.190616607666,6,1,1,1.5685772895813,0,2885687360,1.56677391529083,,,0.1235812510928,0.00899085525802891,0.183973257072851,0.00911697665960545,0.267242282629013,0.955718457698822,36.616584777832,0.0999362096190453,30,4,200,-0.00283106160350144,-0.852750480175018,0.173325791954994,1,0.449848771095276,,,,,,,,,,,,,,,
,3968769324.31606,1.56781452894211,35749.75390625,,,6,,,,39.6859999681115,,,1000,,1.56626343727112,1.56783926486969,35749.75390625,35749.75390625,,,2.99463438987732,,1,0,0,0,0.01556396484375,35.190616607666,6,1,1,1.56922650337219,0,2885687360,1.5668283700943,,,0.124213088246459,0.00903530347735245,0.184896000666821,0.00916267642733025,0.26734858751297,0.955787003040314,36.6170692443848,0.0853368416428566,30,4,200,-0.00288350065238774,-0.857382297515869,0.173978731036186,1,0.447693288326263,,,,,,,,,,,,,,,
,3968769358.25669,1.56829828023911,35999.515625,,,6,,,,39.6859999681115,,,1000,,1.56654059886932,1.56752717494965,35999.515625,35999.515625,,,2.99417591094971,,1,0,0,0,0.00030517578125,35.6793746948242,6,1,1,1.5696827173233,0,2885687424,1.56689576307933,,,0.124828492893496,0.00907902401720711,0.185805259470183,0.00920774807427356,0.267421305179596,0.955755770206451,36.6177673339844,6.05126142501831,30,4,200,-0.00297194696031511,-0.861596524715424,0.174854204058647,1,0.447983801364899,,,,,,,,,,,,,,,
,3968769392.42659,1.56874406337738,36249.60546875,,,6,,,,39.6859999681115,,,1000,,1.56687366962433,1.56809103488922,36249.60546875,36249.60546875,,,2.99640440940857,,1,0,0,0,0.01983642578125,35.190616607666,6,1,1,1.57029855251312,0,2885687552,1.56717409027947,,,0.12540204532427,0.00912403905013178,0.186727303611651,0.0092534544713144,0.26719257235527,0.95571893453598,36.6166229248047,6.05116701126099,30,4,200,-0.00290775718167424,-0.866120636463165,0.176357969641685,1,0.429800480604172,,,,,,,,,,,,,,,
,3968769426.43858,1.56861197948456,36499.75390625,,,6,,,,39.6859999681115,,,1000,,1.56688272953033,1.56854021549225,36499.75390625,36499.75390625,,,2.99434280395508,,1,0,0,0,0.00030517578125,35.190616607666,6,1,1,1.56991457939148,0,2885687680,1.56727880901761,,,0.126152370847918,0.00917369789111167,0.187718520068692,0.00930263180045223,0.267532557249069,0.955582857131958,36.6176528930664,0,30,4,200,-0.00262790266424418,-0.868925631046295,0.176288902759552,1,0.444317817687988,,,,,,,,,,,,,,,
,3968769460.39965,1.56811290979385,36749.6015625,,,6,,,,39.6859999681115,,,1000,,1.56654489040375,1.56919693946838,36749.6015625,36749.6015625,,,2.99271821975708,,1,0,0,0,0.0214385986328125,35.190616607666,6,1,1,1.56942474842072,0,2885687424,1.56712666749954,,,0.126715353659714,0.00921702101823924,0.18859678822603,0.00934618479040639,0.267368942499161,0.955511569976807,36.6172142028809,,30,4,200,-0.0028982360381633,-0.873979568481445,0.177739784121513,1,0.450495392084122,,,,,,,,,,,,,,,
,3968769494.31813,1.56810402870178,36999.6953125,,,6,,,,39.6859999681115,,,1000,,1.5667405128479,1.56769406795502,36999.6953125,36999.6953125,,,2.99199295043945,,1,0,0,0,0.0055694580078125,35.6793746948242,6,1,1,1.56911134719849,0,2885687616,1.56700140900082,,,0.127294055623462,0.00925981144323651,0.189476414807016,0.00938973389466008,0.267321527004242,0.955618500709534,36.6171760559082,0.101731978356838,30,4,200,-0.0028569120913744,-0.877253651618958,0.178767934441566,1,0.430439352989197,,,,,,,,,,,,,,,
,3968769528.46466,1.56820237636566,37249.64453125,,,6,,,,39.6859999681115,,,1000,,1.56641530990601,1.5690633058548,37249.64453125,37249.64453125,,,2.99333238601685,,1,0,0,0,0.00030517578125,36.1681327819824,6,1,1,1.56965112686157,0,2885687616,1.56703389883041,,,0.127967555729281,0.00930485045418618,0.19039547747127,0.00943536093612754,0.2675901055336,0.95541787147522,36.6183547973633,0.0120815308764577,30,4,200,-0.00296677835285664,-0.882578849792481,0.179688856005669,1,0.450418680906296,,,,,,,,,,,,,,,
,3968769562.18015,1.56805527210236,37499.61328125,,,6,,,,39.6859999681115,,,1000,,1.56662487983704,1.56768786907196,37499.61328125,37499.61328125,,,2.99375057220459,,1,0,0,0,0.000457763671875,36.6568908691406,6,1,1,1.56916904449463,0,2885687488,1.56696041425069,,,0.128467176983146,0.00934319617142918,0.191186234052036,0.00947442514192013,0.267453521490097,0.955711245536804,36.6177177429199,0.183555528521538,30,4,200,-0.00285814120434225,-0.884967982769012,0.180415630340576,1,0.452857553958893,,,,,,,,,,,,,,,
,3968769595.36938,1.5676434636116,37749.56640625,,,6,,,,39.6859999681115,,,1000,,1.56641912460327,1.56830298900604,37749.56640625,37749.56640625,,,2.99369120597839,,1,0,0,0,0.021820068359375,35.190616607666,6,1,1,1.56849312782288,0,2885687456,1.56696482896805,,,0.129146967771589,0.00938995203390745,0.192137808764046,0.00952159755852535,0.26763442158699,0.955674052238464,36.6187210083008,0,30,4,200,-0.00299949641339481,-0.891730308532715,0.180977061390877,1,0.431103855371475,,,,,,,,,,,,,,,
,3968769629.2504,1.56803941726685,37999.72265625,,,6,,,,39.6859999681115,,,1000,,1.56650757789612,1.56910717487335,37999.72265625,37999.72265625,,,2.99428677558899,,1,0,0,0,0.02105712890625,35.6793746948242,6,1,1,1.56910717487335,0,2885687808,1.56716032028198,,,0.129693987204671,0.00943446434540282,0.193078300067121,0.00956788740280973,0.267316430807114,0.956424057483673,36.6164817810059,0.0234429687261581,30,4,200,-0.00271199713461101,-0.893064916133881,0.182034134864807,1,0.428622186183929,,,,,,,,,,,,,,,
,3968769662.29766,1.56822574138641,38249.63671875,,,6,,,,39.6859999681115,,,1000,,1.5662454366684,1.56861233711243,38249.63671875,38249.63671875,,,2.99499917030334,,1,0,0,0,0.0194549560546875,35.190616607666,6,1,1,1.56957685947418,0,2885687648,1.56691955195533,,,0.130337116175437,0.00947789421988444,0.19393544276043,0.00961071151688822,0.267540246248245,0.955601155757904,36.6183547973633,,30,4,200,-0.00301500083878636,-0.899923205375671,0.182447925209999,1,0.449916630983353,,,,,,,,,,,,,,,
,3968769695.24194,1.56816065311432,38499.67578125,,,6,,,,39.6859999681115,,,1000,,1.56665921211243,1.56778085231781,38499.67578125,38499.67578125,,,2.99186825752258,,1,0,0,0,0.0005340576171875,36.1681327819824,6,1,1,1.56934666633606,0,2885687584,1.56696102354262,,,0.130890694442051,0.00951797531931053,0.194775234882821,0.00965235098623165,0.267552077770233,0.955558121204376,36.6182479858398,0,30,4,200,-0.00307585159316659,-0.903518497943878,0.183962270617485,1,0.453007400035858,,,,,,,,,,,,,,,
,3968769728.36122,1.56802082061768,38749.578125,,,6,,,,39.6859999681115,,,1000,,1.56641125679016,1.56785130500793,38749.578125,38749.578125,,,2.9936044216156,,1,0,0,0,0.020599365234375,35.6793746948242,6,1,1,1.56942045688629,0,2885687456,1.56679782602522,,,0.131479553115577,0.00955938883397799,0.195613102599893,0.00969392524963814,0.26764503121376,0.955430507659912,36.6187744140625,0.275597602128983,30,4,200,-0.00310372957028449,-0.907592236995697,0.183976858854294,1,0.446913927793503,,,,,,,,,,,,,,,
,3968769761.56244,1.56821864843369,38999.75,,,6,,,,39.6859999681115,,,1000,,1.5663275718689,1.56874716281891,38999.75,38999.75,,,2.99504971504211,,1,0,0,0,0.02105712890625,35.190616607666,6,1,1,1.56948721408844,0,2885687840,1.56699873209,,,0.13209605674829,0.00960133074227127,0.196480598940353,0.00973683368569598,0.26783499121666,0.955614328384399,36.6198425292969,0.103787332773209,30,4,200,-0.0030221058987081,-0.910753905773163,0.184908464550972,1,0.453027129173279,,,,,,,,,,,,,,,
,3968769795.29028,1.56792640686035,39249.71484375,,,6,,,,39.6859999681115,,,1000,,1.56615829467773,1.56806325912476,39249.71484375,39249.71484375,,,2.99243092536926,,1,0,0,0,0.0005340576171875,35.190616607666,6,1,1,1.56911599636078,0,2885687456,1.56669060389201,,,0.132572946838869,0.00964052893520729,0.197280780436773,0.00977650872922056,0.267537087202072,0.955569565296173,36.6187858581543,0.0232896413654089,30,4,200,-0.00314616761170328,-0.915103614330292,0.185516983270645,1,0.45022177696228,,,,,,,,,,,,,,,
,3968769829.25953,1.56802386045456,39499.65625,,,6,,,,39.6859999681115,,,1000,,1.5663286447525,1.56784570217133,39499.65625,39499.65625,,,2.9917356967926,,1,0,0,0,0.000457763671875,35.6793746948242,6,1,1,1.56919491291046,0,2885687456,1.5668719874488,,,0.133154734715409,0.00968115476174999,0.198113269406481,0.00981775530443286,0.267646968364716,0.955587804317474,36.6188735961914,0.0232585407793522,30,4,200,-0.00317067583091557,-0.919878602027893,0.186901926994324,1,0.453241050243378,,,,,,,,,,,,,,,
,3968769862.15558,1.56799298524857,39749.75,,,6,,,,39.6859999681115,,,1000,,1.56620144844055,1.56740403175354,39749.75,39749.75,,,2.99209594726562,,1,0,0,0,0.000457763671875,35.6793746948242,6,1,1,1.56934344768524,0,2885687424,1.56656775209639,,,0.133770704912291,0.00972302384991018,0.198962333685048,0.00985999198801579,0.267836958169937,0.955227494239807,36.6197509765625,6.05142545700073,30,4,200,-0.00321607477962971,-0.923578977584839,0.187149569392204,1,0.432000190019608,,,,,,,,,,,,,,,
,3968769895.35764,1.56769555807114,39999.53515625,,,6,,,,39.6859999681115,,,1000,,1.56621050834656,1.56788909435272,39999.53515625,39999.53515625,,,2.99212145805359,,1,0,0,0,0.000457763671875,35.6793746948242,6,1,1,1.56873250007629,0,2885687616,1.56665347682105,,,0.134315874284554,0.00976358716649455,0.199797356617547,0.00990134418348023,0.267775982618332,0.955290079116821,36.6197319030762,0,30,4,200,-0.00321604823693633,-0.927272915840149,0.188724979758263,1,0.450659960508347,,,,,,,,,,,,,,,
,3968769928.11713,1.56790775060654,40249.6015625,,,6,,,,39.6859999681115,,,1000,,1.56627058982849,1.56768643856049,40249.6015625,40249.6015625,,,2.99193143844604,,1,0,0,0,0.020294189453125,35.190616607666,6,1,1,1.5691157579422,0,2885687520,1.56669388877021,,,0.134866426180854,0.00980282129237848,0.200596941960177,0.00994095625488175,0.267826765775681,0.955318033695221,36.6198806762695,0.389554351568222,30,4,200,-0.00325459334999323,-0.931061089038849,0.188612431287766,1,0.450094163417816,,,,,,,,,,,,,,,
,3968769961.26584,1.56794500350952,40499.8359375,,,6,,,,39.6859999681115,,,1000,,1.56598579883575,1.5672504901886,40499.8359375,40499.8359375,,,2.99295139312744,,1,0,0,0,0.017242431640625,35.190616607666,6,1,1,1.56934547424316,0,2885687648,1.56659220324622,,,0.135429374518094,0.00984365898027351,0.201418092526887,0.00998166595537353,0.267832010984421,0.955284476280212,36.6198844909668,0,30,4,200,-0.00326571776531637,-0.935490846633911,0.190346002578735,1,0.431714951992035,,,,,,,,,,,,,,,
,3968769994.44772,1.56777614355087,40749.609375,,,6,,,,39.6859999681115,,,1000,,1.56639921665192,1.5680433511734,40749.609375,40749.609375,,,2.99318599700928,,1,0,0,0,0.0005340576171875,35.190616607666,6,1,1,1.56902265548706,0,2885687200,1.56684004068375,,,0.135996260932719,0.00988396280155998,0.202241561256489,0.0100224244099271,0.267889678478241,0.955394089221954,36.6200294494629,0,30,4,200,-0.00320334569551051,-0.938772022724152,0.191204965114594,1,0.45332145690918,,,,,,,,,,,,,,,
,3968770027.31976,1.56794315576553,40999.6640625,,,6,,,,39.6859999681115,,,1000,,1.56628668308258,1.56797087192535,40999.6640625,40999.6640625,,,2.99481129646301,,1,0,0,0,0.020904541015625,35.190616607666,6,1,1,1.56907260417938,0,2885687616,1.56669967704349,,,0.13646978666453,0.00991916755585398,0.202998953490513,0.0100599670836857,0.267839223146439,0.955374360084534,36.619945526123,0.27549684047699,30,4,200,-0.00320727913640439,-0.941673815250397,0.192136466503143,1,0.451599955558777,,,,,,,,,,,,,,,
,3968770061.33918,1.56775033473969,41249.56640625,,,6,,,,39.6859999681115,,,1000,,1.56606996059418,1.56823170185089,41249.56640625,41249.56640625,,,2.99300765991211,,1,0,0,0,0.0180816650390625,35.6793746948242,6,1,1,1.56895613670349,0,2885687360,1.56664261553023,,,0.136974381543763,0.00995781992652162,0.203767275488166,0.0100979665923362,0.267713487148285,0.955543875694275,36.6193466186523,0.0232184678316116,30,4,200,-0.00318861450068653,-0.945125818252563,0.191988378763199,1,0.430927127599716,,,,,,,,,,,,,,,
,3968770094.41883,1.56779825687408,41499.7109375,,,6,,,,39.6859999681115,,,1000,,1.56598448753357,1.56783962249756,41499.7109375,41499.7109375,,,2.99307823181152,,1,0,0,0,0.013885498046875,35.190616607666,6,1,1,1.56895613670349,0,2885687584,1.56644668844011,,,0.137528571914624,0.00999627196688635,0.204556134198628,0.0101372689247687,0.267829805612564,0.955080568790436,36.6201629638672,0.0231648106127977,30,4,200,-0.00329960999079049,-0.948637366294861,0.192439422011375,1,0.453146070241928,,,,,,,,,,,,,,,
,3968770128.29847,1.56776821613312,41749.7421875,,,6,,,,39.6859999681115,,,1000,,1.56612932682037,1.56750118732452,41749.7421875,41749.7421875,,,2.99265265464783,,1,0,0,0,0.020599365234375,35.190616607666,6,1,1,1.56891262531281,0,2885687488,1.56649663713243,,,0.138011903229941,0.0100334270203857,0.205323365537029,0.0101752677066003,0.267702102661133,0.955134868621826,36.6193733215332,0,30,4,200,-0.00316578056663275,-0.951641976833343,0.193372473120689,1,0.454136908054352,,,,,,,,,,,,,,,
,3968770161.22531,1.56797045469284,41999.6015625,,,6,,,,39.6859999681115,,,1000,,1.56595718860626,1.56715857982635,41999.6015625,41999.6015625,,,2.99395990371704,,1,0,0,0,0.00030517578125,34.7018585205078,6,1,1,1.56939268112183,0,2885687232,1.56642884678311,,,0.138487080706307,0.0100695502576676,0.206069585471001,0.010212511628656,0.267602741718292,0.954560399055481,36.6190032958984,,30,4,200,-0.00334985111840069,-0.952838897705078,0.194686964154243,1,0.449075967073441,,,,,,,,,,,,,,,
,3968770194.59023,1.56782907247543,42249.6328125,,,6,,,,39.6859999681115,,,1000,,1.56606411933899,1.56783211231232,42249.6328125,42249.6328125,,,2.99318480491638,,1,0,0,0,0.018310546875,35.190616607666,6,1,1,1.56908333301544,0,2885687328,1.56654355261061,,,0.138993968438495,0.0101059033829764,0.206816119152608,0.0102494536937762,0.267634451389313,0.954684317111969,36.6192283630371,3.62936019897461,30,4,200,-0.00321279978379607,-0.958928227424622,0.195397824048996,1,0.431690543889999,,,,,,,,,,,,,,,
,3968770227.55432,1.56779372692108,42499.53515625,,,6,,,,39.6859999681115,,,1000,,1.56578803062439,1.56685948371887,42499.53515625,42499.53515625,,,2.99358630180359,,1,0,0,0,0.0005340576171875,35.190616607666,6,1,1,1.56913256645203,0,2885687552,1.56619403097365,,,0.13955557243738,0.0101432923559883,0.207559568418044,0.0102865095218032,0.267849445343018,0.954233169555664,36.6204872131348,0,30,4,200,-0.00336546148173511,-0.962616503238678,0.196012914180756,1,0.44327986240387,,,,,,,,,,,,,,,
,3968770261.44018,1.56769680976868,42749.7421875,,,6,,,,39.6859999681115,,,1000,,1.56589984893799,1.56707286834717,42749.7421875,42749.7421875,,,2.99511575698853,,1,0,0,0,0.0199127197265625,35.6793746948242,6,1,1,1.56910753250122,0,2885687552,1.56632888317108,,,0.140100805795097,0.0101819541960369,0.208320660112168,0.0103242118452219,0.267909705638886,0.954270005226135,36.6204986572266,,30,4,200,-0.00333242467604578,-0.966928660869598,0.196608901023865,1,0.42963844537735,,,,,,,,,,,,,,,
,3968770294.30205,1.56799328327179,42999.6171875,,,6,,,,39.6859999681115,,,1000,,1.56658697128296,1.56801700592041,42999.6171875,42999.6171875,,,2.99752116203308,,1,0,0,0,0.021209716796875,35.190616607666,6,1,1,1.5689697265625,0,2885687392,1.56700498527951,,,0.140568580685378,0.0102149518382446,0.209010255838928,0.0103583843100241,0.267971694469452,0.954278409481049,36.6210327148438,0.0229643080383539,30,4,200,-0.00341200060211122,-0.970167219638824,0.19677871465683,1,0.436906516551971,,,,,,,,,,,,,,,
,3968770327.43392,1.56841564178467,43249.5859375,,,6,,,,39.6859999681115,,,1000,,1.56691634654999,1.56915128231049,43249.5859375,43249.5859375,,,2.99829959869385,,1,0,0,0,0.000457763671875,36.6568908691406,6,1,1,1.56940746307373,0,2885687584,1.5673551440239,,,0.141122357811118,0.0102515711642292,0.20975073828569,0.0103950116870501,0.268195539712906,0.954416275024414,36.6221160888672,0.275317162275314,30,4,200,-0.00333388638682663,-0.973133385181427,0.197848930954933,1,0.447044044733047,,,,,,,,,,,,,,,
,3968770360.28273,1.5680114030838,43499.5625,,,6,,,,39.6859999681115,,,1000,,1.56626224517822,1.56802213191986,43499.5625,43499.5625,,,2.99434065818787,,1,0,0,0,0.0211334228515625,35.190616607666,6,1,1,1.56918740272522,0,2885687520,1.56673206223382,,,0.141593671539865,0.0102850268044751,0.210436424640431,0.0104289905223961,0.268243968486786,0.954428017139435,36.6222686767578,0.0228252783417702,30,4,200,-0.00344474660232663,-0.976061344146729,0.198881536722183,1,0.452749729156494,,,,,,,,,,,,,,,
,3968770393.19201,1.56753754615784,43749.5,,,6,,,,39.6859999681115,,,1000,,1.56588768959045,1.56711935997009,43749.5,43749.5,,,2.99408197402954,,1,0,0,0,0.020599365234375,35.190616607666,6,1,1,1.56884896755218,0,2885687744,1.5662358072069,,,0.141931032323906,0.0103177142408159,0.211113250963417,0.0104625418644171,0.267740905284882,0.954410791397095,36.6197166442871,0.0224795062094927,30,4,200,-0.00335025042295456,-0.976085364818573,0.198980554938316,1,0.445156186819077,,,,,,,,,,,,,,,
,3968770426.41043,1.56752324104309,43999.6171875,,,6,,,,39.6859999681115,,,1000,,1.56566536426544,1.56722939014435,43999.6171875,43999.6171875,,,2.99348330497742,,1,0,0,0,0.0201416015625,35.6793746948242,6,1,1,1.56891536712646,0,2885687680,1.56612871752845,,,0.142472993111505,0.0103508782324722,0.211799047854176,0.010496639332678,0.268122434616089,0.954176604747772,36.6217765808105,3.6315062046051,30,4,200,-0.00347409001551569,-0.981920838356018,0.200657039880753,1,0.447315067052841,,,,,,,,,,,,,,,
,3968770460.30843,1.56727743148804,44249.85546875,,,6,,,,39.6859999681115,,,1000,,1.56576836109161,1.56775391101837,44249.85546875,44249.85546875,,,2.99206852912903,,1,0,0,0,0.020904541015625,35.6793746948242,6,1,1,1.56856107711792,0,2885688000,1.5662101984024,,,0.142946531291156,0.0103851745688672,0.212477396988551,0.0105304175787895,0.268129050731659,0.953850507736206,36.6216697692871,0.0830384194850922,30,4,200,-0.00355183403007686,-0.985266029834747,0.200514987111092,1,0.440007477998734,,,,,,,,,,,,,,,
,3968770493.54995,1.56716352701187,44499.57421875,,,6,,,,39.6859999681115,,,1000,,1.56533169746399,1.56746160984039,44499.57421875,44499.57421875,,,2.99136114120483,,1,0,0,0,0.0005340576171875,35.190616607666,6,1,1,1.5683935880661,0,2885687552,1.56598011652629,,,0.143411714913863,0.0104192728526513,0.213167748826795,0.0105646518097823,0.268110692501068,0.953810513019562,36.6219177246094,0,30,4,200,-0.00345493596978486,-0.989184021949768,0.201824530959129,1,0.446292370557785,,,,,,,,,,,,,,,
,3968770526.27304,1.56699639558792,44749.50390625,,,6,,,,39.6859999681115,,,1000,,1.56523263454437,1.5670667886734,44749.50390625,44749.50390625,,,2.99326801300049,,1,0,0,0,0.020751953125,35.6793746948242,6,1,1,1.56799399852753,0,2885687392,1.56582530339559,,,0.143841791845054,0.0104496491106992,0.213810759949224,0.0105965495153876,0.268163442611694,0.953747153282166,36.6223106384277,0.275325447320938,30,4,200,-0.00352909369394183,-0.989462733268738,0.202196598052979,1,0.438684642314911,,,,,,,,,,,,,,,
,3968770559.39555,1.56684988737106,44999.7890625,,,6,,,,39.6859999681115,,,1000,,1.56522500514984,1.56646978855133,44999.7890625,44999.7890625,,,2.99276089668274,,1,0,0,0,0.014190673828125,36.1681327819824,6,1,1,1.56828343868256,0,2885687456,1.56559280554454,,,0.144326735371741,0.0104843780429523,0.214511675715855,0.0106312503408634,0.268193930387497,0.953827857971191,36.6221580505371,0.140375718474388,30,4,200,-0.00345804309472442,-0.994270861148834,0.203120678663254,1,0.438640505075455,,,,,,,,,,,,,,,
,3968770592.36553,1.56671816110611,45249.6015625,,,6,,,,39.6859999681115,,,1000,,1.5648353099823,1.56700325012207,45249.6015625,45249.6015625,,,2.98987150192261,,1,0,0,0,0.020294189453125,35.6793746948242,6,1,1,1.56804811954498,0,2885687360,1.56541781425476,,,0.144707064364247,0.0105150911122329,0.215114175215226,0.0106612240961126,0.268007636070251,0.953592717647553,36.6215019226074,0.0229720249772072,30,4,200,-0.00360047165304422,-0.997850477695465,0.203066095709801,1,0.438535213470459,,,,,,,,,,,,,,,
,3968770625.29866,1.56662559509277,45499.52734375,,,6,,,,39.6859999681115,,,1000,,1.56490397453308,1.5662043094635,45499.52734375,45499.52734375,,,2.99218034744263,,1,0,0,0,0.01434326171875,35.190616607666,6,1,1,1.56813156604767,0,2885687168,1.56532631980048,,,0.14517811702256,0.0105482137338845,0.215782431526921,0.0106944580449754,0.268074095249176,0.953361213207245,36.6215744018555,0.275373518466949,30,4,200,-0.00357831409201026,-1.00021576881409,0.203871577978134,1,0.429133832454681,,,,,,,,,,,,,,,
,3968770659.36389,1.56669282913208,45749.80078125,,,6,,,,39.6859999681115,,,1000,,1.56480026245117,1.56579577922821,45749.80078125,45749.80078125,,,2.99069452285767,,1,0,0,0,0.0208282470703125,35.6793746948242,6,1,1,1.56791365146637,0,2885687616,1.56528145737118,,,0.145666091757445,0.0105761100330577,0.216379275223686,0.0107240819678672,0.268527984619141,0.953281819820404,36.6241455078125,,30,4,200,-0.00369634735397994,-1.00387930870056,0.204389452934265,1,0.444324344396591,,,,,,,,,,,,,,,
,3968770692.68564,1.5668016076088,45999.49609375,,,6,,,,39.6859999681115,,,1000,,1.56502795219421,1.56802546977997,45999.49609375,45999.49609375,,,2.98950052261353,,1,0,0,0,0.001373291015625,35.190616607666,6,1,1,1.56802546977997,0,2885687456,1.56572395563126,,,0.146012161143902,0.0106054434757871,0.216992381476046,0.0107543825729545,0.268275827169418,0.953448891639709,36.6226768493652,0,30,4,200,-0.00353961926884949,-1.0052969455719,0.205045640468597,1,0.429847955703735,,,,,,,,,,,,,,,
,3968770726.19256,1.56749987602234,46249.4609375,,,6,,,,39.6859999681115,,,1000,,1.56599628925323,1.5687655210495,46249.4609375,46249.4609375,,,2.99887847900391,,1,0,0,0,0.0194549560546875,35.6793746948242,6,1,1,1.5687655210495,0,2885687360,1.56651941537857,,,0.146432623467817,0.0106345300302164,0.217586411771978,0.0107838414446516,0.268362551927567,0.953411221504211,36.6231956481934,0,30,4,200,-0.00360344746150076,-1.00915443897247,0.205990925431252,1,0.447231143712997,,,,,,,,,,,,,,,
,3968770759.2927,1.56756788492203,46499.60546875,,,6,,,,39.6859999681115,,,1000,,1.5659362077713,1.56735277175903,46499.60546875,46499.60546875,,,2.99934482574463,,1,0,0,0,0.020904541015625,35.190616607666,6,1,1,1.56877541542053,0,2885687520,1.56625499990251,,,0.146822680878565,0.0106631676182962,0.218178206556997,0.0108131352180913,0.268343925476074,0.953478336334228,36.6234703063965,,30,4,200,-0.00367052620276809,-1.01095509529114,0.205713450908661,1,0.430481344461441,,,,,,,,,,,,,,,
,3968770792.30429,1.56672811508179,46749.546875,,,6,,,,39.6859999681115,,,1000,,1.56532347202301,1.56693208217621,46749.546875,46749.546875,,,2.99702525138855,,1,0,0,0,0.000457763671875,35.6793746948242,6,1,1,1.56782531738281,0,2885687776,1.56576338079241,,,0.147237425527894,0.0106943726693752,0.218791286153153,0.0108435892950228,0.268279850482941,0.953351199626923,36.6228675842285,0,30,4,200,-0.00369417713955045,-1.01519787311554,0.20680744946003,1,0.452983438968658,,,,,,,,,,,,,,,
,3968770826.28968,1.56651455163956,46999.703125,,,6,,,,39.6859999681115,,,1000,,1.56489837169647,1.56644690036774,46999.703125,46999.703125,,,2.99448418617249,,1,0,0,0,0.0005340576171875,35.6793746948242,6,1,1,1.56775951385498,0,2885687456,1.56537108951145,,,0.147680692952015,0.0107239885101363,0.219398409530008,0.0108736467780456,0.268432378768921,0.953405320644379,36.6236114501953,0,30,4,200,-0.00364637770690024,-1.01710867881775,0.207669794559479,1,0.454291194677353,,,,,,,,,,,,,,,
,3968770859.30746,1.56629598140717,47249.68359375,,,6,,,,39.6859999681115,,,1000,,1.56486237049103,1.56630730628967,47249.68359375,47249.68359375,,,2.99442148208618,,1,0,0,0,0.0005340576171875,37.1456527709961,6,1,1,1.56746864318848,0,2885687456,1.5652083158493,,,0.14802765398014,0.010750076651733,0.219927342258134,0.0108999380845654,0.268379807472229,0.953262329101562,36.6236381530762,0.0227166041731834,30,4,200,-0.00374746648594737,-1.02038264274597,0.207867741584778,1,0.43003112077713,,,,,,,,,,,,,,,
,3968770892.32236,1.56636208295822,47499.76171875,,,6,,,,39.6859999681115,,,1000,,1.56450963020325,1.56674659252167,47499.76171875,47499.76171875,,,2.99117469787598,,1,0,0,0,0.000457763671875,35.190616607666,6,1,1,1.56771552562714,0,2885687488,1.56507550345527,,,0.14840640249044,0.0107754449099467,0.220475544653572,0.0109269841651466,0.268505692481995,0.953500151634216,36.6241874694824,0.109566621482372,30,4,200,-0.00365491630509496,-1.02281904220581,0.208109050989151,1,0.440906912088394,,,,,,,,,,,,,,,
,3968770925.33765,1.566466152668,47749.703125,,,6,,,,39.6859999681115,,,1000,,1.56438052654266,1.56589198112488,47749.703125,47749.703125,,,2.99217867851257,,1,0,0,0,0.01953125,35.6793746948242,6,1,1,1.56785273551941,0,2885687616,1.56497363249461,,,0.1486802963582,0.0107979965381054,0.220919927109244,0.0109490163745143,0.268348664045334,0.953477263450623,36.6234359741211,,30,4,200,-0.0034009360242635,-1.02249014377594,0.208863601088524,1,0.441051959991455,,,,,,,,,,,,,,,
,3968770959.42984,1.56563079357147,47999.76953125,,,6,,,,39.6859999681115,,,1000,,1.56396687030792,1.56558263301849,47999.76953125,47999.76953125,,,2.99009990692139,,1,0,0,0,0.020904541015625,35.6793746948242,6,1,1,1.56689703464508,0,2885687712,1.56434223386976,,,0.149200197733904,0.0108316037994524,0.221602368625603,0.0109829833107121,0.268592417240143,0.953205227851868,36.6245880126953,3.63416337966919,30,4,200,-0.00373314507305622,-1.02832579612732,0.20911106467247,1,0.442223161458969,,,,,,,,,,,,,,,
,3968770992.32249,1.56589955091476,48249.4765625,,,6,,,,39.6859999681115,,,1000,,1.56376302242279,1.56546688079834,48249.4765625,48249.4765625,,,2.98892021179199,,1,0,0,0,0.0005340576171875,35.6793746948242,6,1,1,1.56724679470062,0,2885687872,1.56434280342526,,,0.149592247774669,0.0108575155141061,0.222137607343969,0.0110094927300453,0.268741756677628,0.953238368034363,36.6252784729004,0.0815139710903168,30,4,200,-0.00370089919306338,-1.03111338615417,0.210259795188904,1,0.437605768442154,,,,,,,,,,,,,,,
,3968771025.47491,1.56567043066025,48499.77734375,,,6,,,,39.6859999681115,,,1000,,1.56392693519592,1.56591296195984,48499.77734375,48499.77734375,,,2.99048042297363,,1,0,0,0,0.0214385986328125,35.6793746948242,6,1,1,1.56701397895813,0,2885687488,1.56441365347968,,,0.14991492889997,0.0108855728250156,0.222685653406666,0.0110367804262397,0.268470823764801,0.952995240688324,36.6239585876465,,30,4,200,-0.00379670667462051,-1.03380787372589,0.209886953234673,1,0.439071744680405,,,,,,,,,,,,,,,
,3968771059.14916,1.56604081392288,48749.79296875,,,6,,,,39.6859999681115,,,1000,,1.56390178203583,1.5658665895462,48749.79296875,48749.79296875,,,2.99114727973938,,1,0,0,0,0.0005340576171875,35.6793746948242,6,1,1,1.56734907627106,0,2885687776,1.56453315416972,,,0.150293401969599,0.0109096834003307,0.223205241341327,0.011062442796237,0.268667310476303,0.95317006111145,36.6249542236328,,30,4,200,-0.00368050020188093,-1.03606379032135,0.211356282234192,1,0.429691970348358,,,,,,,,,,,,,,,
,3968771092.28673,1.56586635112762,48999.7578125,,,6,,,,39.6859999681115,,,1000,,1.56409227848053,1.56702542304993,48999.7578125,48999.7578125,,,2.99195075035095,,1,0,0,0,0.0211334228515625,35.6793746948242,6,1,1,1.56702542304993,0,2885687968,1.5646887421608,,,0.150648244711021,0.0109351169115283,0.22372343738118,0.011088128176416,0.26868611574173,0.953162610530853,36.6251029968262,3.63487029075623,30,4,200,-0.00373774347826838,-1.03856658935547,0.211455017328262,1,0.452815860509872,,,,,,,,,,,,,,,
,3968771125.30208,1.56569069623947,49249.55859375,,,6,,,,39.6859999681115,,,1000,,1.5640332698822,1.56542766094208,49249.55859375,49249.55859375,,,2.98903465270996,,1,0,0,0,0.0213623046875,35.190616607666,6,1,1,1.56717622280121,0,2885687552,1.56442149480184,,,0.151028321027703,0.0109591664477266,0.22421093658244,0.0111122946813642,0.26889157295227,0.953151941299438,36.6262054443359,6.05195903778076,30,4,200,-0.00379977864213288,-1.03993940353394,0.211779043078423,1,0.429469436407089,,,,,,,,,,,,,,,
,3968771158.2726,1.56563502550125,49499.71484375,,,6,,,,39.6859999681115,,,1000,,1.56398868560791,1.56551539897919,49499.71484375,49499.71484375,,,2.99009895324707,,1,0,0,0,0.000457763671875,35.190616607666,6,1,1,1.56697607040405,0,2885687520,1.56437334749434,,,0.151303018713714,0.0109825267079204,0.224708547189923,0.011136881426713,0.268693000078201,0.953299462795258,36.6252212524414,0,30,4,200,-0.00378372380509973,-1.04358232021332,0.211988523602486,1,0.437587946653366,,,,,,,,,,,,,,,
,3968771191.40813,1.56552529335022,49749.7578125,,,6,,,,39.6859999681115,,,1000,,1.56394743919373,1.56660723686218,49749.7578125,49749.7578125,,,2.99000000953674,,1,0,0,0,0.020294189453125,35.6793746948242,6,1,1,1.56660723686218,0,2885687840,1.5645982503891,,,0.151608205773077,0.0110056641465531,0.225178645838626,0.0111602694878498,0.268635928630829,0.953124046325684,36.6250686645508,4.9711446762085,30,4,200,-0.00379184517078102,-1.0442636013031,0.212652862071991,1,0.443937093019486,,,,,,,,,,,,,,,
,3968771224.25341,1.56535118818283,49999.48046875,,,6,,,,39.6859999681115,,,1000,,1.56386077404022,1.56503760814667,49999.48046875,49999.48046875,,,2.99172616004944,,1,0,0,0,0.000457763671875,35.6793746948242,6,1,1,1.56667196750641,0,2885687552,1.56425114472707,,,0.151982530923692,0.01103052001901,0.225675305267184,0.0111850200979234,0.268769800662994,0.952874481678009,36.6257629394531,6.05192232131958,30,4,200,-0.00386092951521277,-1.0475389957428,0.213756486773491,1,0.43994265794754,,,,,,,,,,,,,,,
,3968771258.35428,1.56530034542084,50249.7421875,,,6,,,,39.6859999681115,,,1000,,1.56361615657806,1.56493842601776,50249.7421875,50249.7421875,,,2.99008178710937,,1,0,0,0,0.0212860107421875,35.190616607666,6,1,1,1.56663227081299,0,2885687712,1.56396220790015,,,0.15228945334621,0.0110557512526434,0.226167040290898,0.0112093790863267,0.268599659204483,0.952895820140839,36.6249504089355,3.6344518661499,30,4,200,-0.0038022652734071,-1.04972589015961,0.214244902133942,1,0.437396109104156,,,,,,,,,,,,,,,
,3968771292.40447,1.56532210111618,50499.75390625,,,6,,,,39.6859999681115,,,1000,,1.56363916397095,1.56468605995178,50499.75390625,50499.75390625,,,2.98881101608276,,1,0,0,0,0.0183868408203125,37.6344108581543,6,1,1,1.56680154800415,0,2885688000,1.56391115983327,,,0.152620966531778,0.0110796575190968,0.226680487405548,0.011234677495178,0.268609046936035,0.953184247016907,36.6250419616699,0.110529966652393,30,4,200,-0.00363317597657442,-1.05211699008942,0.214623779058456,1,0.437673628330231,,,,,,,,,,,,,,,
,3968771325.53652,1.56527829170227,50749.50390625,,,6,,,,39.6859999681115,,,1000,,1.56336200237274,1.56661868095398,50749.50390625,50749.50390625,,,2.98903465270996,,1,0,0,0,0.01953125,35.6793746948242,6,1,1,1.56661868095398,0,2885687680,1.56407086849213,,,0.152894622503123,0.0111003311266858,0.227079111947904,0.0112547507795743,0.268562644720078,0.952583312988281,36.6248550415039,0,30,4,200,-0.00389168481342494,-1.0535945892334,0.214555382728577,1,0.440369665622711,,,,,,,,,,,,,,,
,3968771359.2397,1.5649938583374,50999.55859375,,,6,,,,39.6859999681115,,,1000,,1.56351315975189,1.56473886966705,50999.55859375,50999.55859375,,,2.98916125297546,,1,0,0,0,0.0005340576171875,35.6793746948242,6,1,1,1.56631398200989,0,2885687616,1.56378018856049,,,0.153302451445577,0.0111210219550342,0.22752008961481,0.0112765954237012,0.269072711467743,0.95260089635849,36.6274566650391,6.05206203460693,30,4,200,-0.00393001968041062,-1.0563200712204,0.215098008513451,1,0.429035037755966,,,,,,,,,,,,,,,
,3968771392.19708,1.56466859579086,51249.703125,,,6,,,,39.6859999681115,,,1000,,1.56316864490509,1.56543791294098,51249.703125,51249.703125,,,2.99104976654053,,1,0,0,0,0.0005340576171875,35.6793746948242,6,1,1,1.56570291519165,0,2885687552,1.56380189657211,,,0.15355468154101,0.0111429410249497,0.227971928080684,0.0112989238159472,0.268865585327148,0.952720820903778,36.6265640258789,6.05198860168457,30,4,200,-0.00391913671046495,-1.05853164196014,0.216056808829308,1,0.442770481109619,,,,,,,,,,,,,,,
,3968771426.06814,1.56515455245972,51499.6796875,,,6,,,,39.6859999681115,,,1000,,1.56309342384338,1.56664597988129,51499.6796875,51499.6796875,,,2.99109888076782,,1,0,0,0,0.000457763671875,35.190616607666,6,1,1,1.56664597988129,0,2885687712,1.56400293111801,,,0.153889088335614,0.0111669449259964,0.228439544977869,0.0113221070488392,0.268880873918533,0.952718734741211,36.6264266967773,0,30,4,200,-0.0039249723777175,-1.06027793884277,0.215465441346169,1,0.428620874881744,,,,,,,,,,,,,,,
,3968771459.17166,1.56494504213333,51749.54296875,,,6,,,,39.6859999681115,,,1000,,1.56335580348969,1.56424391269684,51749.54296875,51749.54296875,,,2.99170160293579,,1,0,0,0,0.014190673828125,35.6793746948242,6,1,1,1.56624865531921,0,2885687392,1.56360850069258,,,0.154157635711414,0.011189287903359,0.228882866149227,0.0113442268510413,0.268718391656876,0.952443838119507,36.625789642334,0.112976096570492,30,4,200,-0.00386819429695606,-1.06267893314362,0.216233342885971,1,0.448352247476578,,,,,,,,,,,,,,,
,3968771492.22109,1.56496375799179,51999.609375,,,6,,,,39.6859999681115,,,1000,,1.56273579597473,1.56468546390533,51999.609375,51999.609375,,,2.98750352859497,,1,0,0,0,0.0005340576171875,35.6793746948242,6,1,1,1.5662853717804,0,2885687712,1.56339687771267,,,0.154462132668611,0.0112078206340722,0.229277712923747,0.0113638381830117,0.268920838832855,0.952361524105072,36.6267318725586,,30,4,200,-0.00402266765013337,-1.06375312805176,0.216998770833015,1,0.428518742322922,,,,,,,,,,,,,,,
,3968771525.19109,1.56454086303711,52249.7421875,,,6,,,,39.6859999681115,,,1000,,1.56287658214569,1.56457078456879,52249.7421875,52249.7421875,,,2.98862457275391,,1,0,0,0,0.00030517578125,35.6793746948242,6,1,1,1.56602108478546,0,2885687936,1.56334884961446,,,0.154762347327506,0.0112287618861971,0.229686091075574,0.011384153654307,0.268968820571899,0.95223081111908,36.6270713806152,0,30,4,200,-0.0040159341879189,-1.06614887714386,0.216783225536346,1,0.427335828542709,,,,,,,,,,,,,,,
,3968771558.32336,1.56479567289352,52499.74609375,,,6,,,,39.6859999681115,,,1000,,1.56299316883087,1.56521844863892,52499.74609375,52499.74609375,,,2.99010062217712,,1,0,0,0,0.0011444091796875,35.190616607666,6,1,1,1.56617677211761,0,2885687232,1.56349179479811,,,0.155037258148104,0.011249839145049,0.230120825417485,0.0114057748658828,0.268904834985733,0.952096521854401,36.6267318725586,,30,4,200,-0.00399488024413586,-1.06823980808258,0.217992693185806,1,0.452346205711365,,,,,,,,,,,,,,,
,3968771591.17789,1.56453824043274,52749.72265625,,,6,,,,39.6859999681115,,,1000,,1.56301701068878,1.56471526622772,52749.72265625,52749.72265625,,,2.99138832092285,,1,0,0,0,0.0208282470703125,35.6793746948242,6,1,1,1.56627917289734,0,2885687360,1.56341481208801,,,0.15532206182068,0.0112708124341221,0.230532685887405,0.0114262970321918,0.268887400627136,0.951897084712982,36.6265487670898,0,30,4,200,-0.00399889191612601,-1.06958830356598,0.217443019151688,1,0.453610002994537,,,,,,,,,,,,,,,
,3968771624.44525,1.56454020738602,52999.73046875,,,6,,,,39.6859999681115,,,1000,,1.5630669593811,1.56408882141113,52999.73046875,52999.73046875,,,2.9921190738678,,1,0,0,0,0.00030517578125,35.190616607666,6,1,1,1.56563782691956,0,2885687328,1.56329015890757,,,0.155580181538214,0.01128803307373,0.230903395841181,0.0114447750096112,0.268972605466843,0.951711177825928,36.6272430419922,0,30,4,200,-0.00401960173621774,-1.07168388366699,0.218099102377892,1,0.441121697425842,,,,,,,,,,,,,,,
,3968771658.25183,1.56430172920227,53249.46484375,,,6,,,,39.6859999681115,,,1000,,1.56286132335663,1.56423580646515,53249.46484375,53249.46484375,,,2.99092125892639,,1,0,0,0,0.000457763671875,34.7018585205078,6,1,1,1.5654194355011,0,2885687424,1.56329479482439,,,0.155826596992397,0.0113058182746238,0.231260746237046,0.0114626754891844,0.268977850675583,0.951371788978577,36.6274299621582,0,30,4,200,-0.00412137107923627,-1.07377684116364,0.219059109687805,1,0.429258942604065,,,,,,,,,,,,,,,
,3968771691.326,1.56490272283554,53499.5546875,,,6,,,,39.6859999681115,,,1000,,1.56301724910736,1.56444323062897,53499.5546875,53499.5546875,,,2.99484944343567,,1,0,0,0,0.01983642578125,36.1681327819824,6,1,1,1.56590187549591,0,2885687392,1.56357206238641,,,0.156165762589329,0.0113261374256113,0.231675781753535,0.0114830947025232,0.269219011068344,0.951641857624054,36.6284828186035,0,30,4,200,-0.00411944137886167,-1.07575500011444,0.21895357966423,1,0.445482432842255,,,,,,,,,,,,,,,
,3968771724.19664,1.5645152926445,53749.5625,,,6,,,,39.6859999681115,,,1000,,1.56304478645325,1.56534373760223,53749.5625,53749.5625,,,2.99214816093445,,1,0,0,0,0.000457763671875,35.190616607666,6,1,1,1.56597018241882,0,2885687744,1.5636767745018,,,0.156363144503052,0.011343253374998,0.23203668998129,0.0115011433554909,0.269061863422394,0.951363265514374,36.627857208252,0,30,4,200,-0.00412960629910231,-1.07707357406616,0.219394192099571,1,0.44636794924736,,,,,,,,,,,,,,,
,3968771757.27811,1.56458306312561,53999.61328125,,,6,,,,39.6859999681115,,,1000,,1.56281864643097,1.56606316566467,53999.61328125,53999.61328125,,,2.99284553527832,,1,0,0,0,0.01953125,35.6793746948242,6,1,1,1.56606316566467,0,2885687776,1.56348420381546,,,0.156742794901883,0.0113637520768639,0.232447403313213,0.0115214024005466,0.269456684589386,0.951529026031494,36.629638671875,0.202702224254608,30,4,200,-0.00411522062495351,-1.07939326763153,0.219948470592499,1,0.446486532688141,,,,,,,,,,,,,,,
,3968771791.46015,1.56447929143906,54249.734375,,,6,,,,39.6859999681115,,,1000,,1.56298458576202,1.56397783756256,54249.734375,54249.734375,,,2.99068117141724,,1,0,0,0,0.0005340576171875,35.190616607666,6,1,1,1.56576776504517,0,2885687904,1.56324809127384,,,0.156934981026997,0.011381365011856,0.232796847566326,0.0115386351377504,0.269250512123108,0.95169061422348,36.6287841796875,0,30,4,200,-0.00410495512187481,-1.08099937438965,0.220299780368805,1,0.447730213403702,,,,,,,,,,,,,,,
,3968771825.14966,1.56455683708191,54499.66015625,,,6,,,,39.6859999681115,,,1000,,1.56265449523926,1.56460082530975,54499.66015625,54499.66015625,,,2.99151468276978,,1,0,0,0,0.0005340576171875,35.6793746948242,6,1,1,1.56591272354126,0,2885687552,1.56321891148885,,,0.157100027431749,0.0113991488481959,0.233165733305296,0.01155707195734,0.268925398588181,0.951417982578278,36.627140045166,,30,4,200,-0.00397085351869464,-1.08277702331543,0.220319822430611,1,0.430403560400009,,,,,,,,,,,,,,,
,3968771858.38042,1.56438672542572,54749.734375,,,6,,,,39.6859999681115,,,1000,,1.56271326541901,1.56457531452179,54749.734375,54749.734375,,,2.99029731750488,,1,0,0,0,0.0215911865234375,35.6793746948242,6,1,1,1.56587755680084,0,2885687424,1.56311029858059,,,0.15740193007167,0.0114158308607655,0.233501188983481,0.0115739622318033,0.269216865301132,0.9509516954422,36.628734588623,0.274837493896484,30,4,200,-0.00408755522221327,-1.084113240242,0.219571083784103,1,0.45107302069664,,,,,,,,,,,,,,,
,3968771891.40766,1.56451046466827,54999.74609375,,,6,,,,39.6859999681115,,,1000,,1.562828540802,1.56505382061005,54999.74609375,54999.74609375,,,2.9957537651062,,1,0,0,0,0.0005340576171875,35.6793746948242,6,1,1,1.56578171253204,0,2885687360,1.56340883837806,,,0.157716701215234,0.0114350946674113,0.233868674458874,0.01159233973643,0.269415646791458,0.950664937496185,36.6299018859863,0,30,4,200,-0.00410865712910891,-1.08512258529663,0.221196785569191,1,0.438709020614624,,,,,,,,,,,,,,,
,3968771925.2354,1.56518632173538,55249.625,,,6,,,,39.6859999681115,,,1000,,1.56364750862122,1.56580948829651,55249.625,55249.625,,,2.99936008453369,,1,0,0,0,0.0003814697265625,34.7018585205078,6,1,1,1.56654584407806,0,2885687488,1.56408747037252,,,0.157930155242279,0.0114523197615715,0.23421221175302,0.0116095864249844,0.26931831240654,0.950289309024811,36.6291999816895,0,30,4,200,-0.00420267647132278,-1.08756041526794,0.220508649945259,1,0.427830100059509,,,,,,,,,,,,,,,
,3968771958.24109,1.56470489501953,55499.71484375,,,6,,,,39.6859999681115,,,1000,,1.56309771537781,1.56579804420471,55499.71484375,55499.71484375,,,2.99606871604919,,1,0,0,0,0.0206756591796875,35.6793746948242,6,1,1,1.56643557548523,0,2885687744,1.56370139122009,,,0.158122517469234,0.011465219337208,0.234508821637719,0.0116243895317074,0.269376844167709,0.950120031833649,36.6298675537109,0.0797959417104721,30,4,200,-0.00421865517273545,-1.08867585659027,0.220858052372932,1,0.444629609584808,,,,,,,,,,,,,,,
,3968771992.24036,1.56452161073685,55749.65234375,,,6,,,,39.6859999681115,,,1000,,1.56304085254669,1.5646071434021,55749.65234375,55749.65234375,,,2.99355292320251,,1,0,0,0,0.0003814697265625,35.190616607666,6,1,1,1.56557130813599,0,2885687712,1.56344599193997,,,0.158397712381216,0.0114819218560854,0.234838808934199,0.0116407916196185,0.269557327032089,0.950035154819489,36.6309356689453,0,30,4,200,-0.00407384382560849,-1.09048461914062,0.221863403916359,1,0.436293631792068,,,,,,,,,,,,,,,
,3968772025.28655,1.56461900472641,55999.67578125,,,6,,,,39.6859999681115,,,1000,,1.562668800354,1.56511199474335,55999.67578125,55999.67578125,,,2.99376797676086,,1,0,0,0,0.0005340576171875,35.190616607666,6,1,1,1.56590044498444,0,2885687168,1.56332685947418,,,0.158641165168647,0.011498837530136,0.235185006349915,0.0116579204668892,0.269598126411438,0.950095117092133,36.6319160461426,6.05243062973022,30,4,200,-0.00415728101506829,-1.0912914276123,0.221499085426331,1,0.438105553388596,,,,,,,,,,,,,,,
,3968772058.23213,1.56439387798309,56249.625,,,6,,,,39.6859999681115,,,1000,,1.56283509731293,1.564297914505,56249.625,56249.625,,,2.99109983444214,,1,0,0,0,0.0005340576171875,35.190616607666,6,1,1,1.56568706035614,0,2885687712,1.56321614318424,,,0.158882431648201,0.0115156464891171,0.235538278994136,0.0116753913993357,0.269635766744614,0.950164139270782,36.6319274902344,0,30,4,200,-0.00410877354443073,-1.09367799758911,0.222796082496643,1,0.436360836029053,,,,,,,,,,,,,,,
,3968772091.28522,1.56438660621643,56499.7265625,,,6,,,,39.6859999681115,,,1000,,1.56282317638397,1.56432032585144,56499.7265625,56499.7265625,,,2.99136447906494,,1,0,0,0,0.0005340576171875,35.6793746948242,6,1,1,1.56599187850952,0,2885687200,1.56326458189223,,,0.159141977569179,0.0115333946760173,0.235871209500795,0.0116919159944392,0.269694626331329,0.95012491941452,36.632007598877,0.11351764947176,30,4,200,-0.00415097130462527,-1.09562993049622,0.222526118159294,1,0.436933189630508,,,,,,,,,,,,,,,
,3968772124.31568,1.56423509120941,56749.640625,,,6,,,,39.6859999681115,,,1000,,1.56294453144073,1.56454479694366,56749.640625,56749.640625,,,2.99202728271484,,1,0,0,0,0.0005340576171875,35.6793746948242,6,1,1,1.56545066833496,0,2885687424,1.56336455345154,,,0.159316040557428,0.0115479203755217,0.236197126776486,0.0117079393965035,0.269589006900787,0.950354933738708,36.6309051513672,6.05234718322754,30,4,200,-0.00426408648490906,-1.09681081771851,0.222985774278641,1,0.438491404056549,,,,,,,,,,,,,,,
,3968772157.38203,1.56455147266388,56999.59375,,,6,,,,39.6859999681115,,,1000,,1.56281793117523,1.56394624710083,56999.59375,56999.59375,,,2.99118447303772,,1,0,0,0,0.0005340576171875,35.190616607666,6,1,1,1.56572961807251,0,2885687680,1.56318372488022,,,0.159559704879921,0.0115645586534946,0.236514258115427,0.0117235804418898,0.269645363092422,0.950483977794647,36.6311111450195,0,30,4,200,-0.00422667898237705,-1.09795200824738,0.223383665084839,1,0.443045496940613,,,,,,,,,,,,,,,
,3968772191.48455,1.56455272436142,57249.6171875,,,6,,,,39.6859999681115,,,1000,,1.5626837015152,1.56398057937622,57249.6171875,57249.6171875,,,2.9904317855835,,1,0,0,0,0.020904541015625,34.2131004333496,6,1,1,1.56598401069641,0,2885687648,1.56306669447157,,,0.159786674067933,0.0115788957593547,0.236815751521743,0.0117384317484605,0.26976215839386,0.950649738311768,36.632453918457,0.274604707956314,30,4,200,-0.00416305754333735,-1.09923875331879,0.22357951104641,1,0.444733619689941,,,,,,,,,,,,,,,
,3968772225.13412,1.56454074382782,57499.703125,,,6,,,,39.6859999681115,,,1000,,1.56294977664948,1.56493377685547,57499.703125,57499.703125,,,2.99021005630493,,1,0,0,0,0.019989013671875,35.6793746948242,6,1,1,1.56569218635559,0,2885687392,1.56338787078857,,,0.159968455563551,0.0115933532291881,0.237105144893933,0.0117528656013534,0.269691348075867,0.950496852397919,36.6320419311523,0,30,4,200,-0.0042388322763145,-1.10076797008514,0.223558604717255,1,0.436429858207703,,,,,,,,,,,,,,,
,3968772259.36266,1.56422609090805,57749.8515625,,,6,,,,39.6859999681115,,,1000,,1.56253564357758,1.56445360183716,57749.8515625,57749.8515625,,,2.98969554901123,,1,0,0,0,0.00030517578125,35.6793746948242,6,1,1,1.56542611122131,0,2885687872,1.56300263934665,,,0.160193367931756,0.011609156944251,0.237418795008519,0.0117683408948214,0.269718617200851,0.950618982315063,36.6323127746582,0.0300643257796764,30,4,200,-0.00426167715340853,-1.10191094875336,0.225023880600929,1,0.441318392753601,,,,,,,,,,,,,,,
,3968772293.22278,1.56433600187302,57999.609375,,,6,,,,39.6859999681115,,,1000,,1.56277871131897,1.56512022018433,57999.609375,57999.609375,,,2.9909188747406,,1,0,0,0,0.0025177001953125,35.6793746948242,6,1,1,1.56543743610382,0,2885687776,1.56324946880341,,,0.16037775230529,0.0116221380095124,0.23771339527827,0.0117827233280696,0.269739538431168,0.950996816158295,36.6322784423828,0,30,4,200,-0.00426552258431911,-1.10356092453003,0.224564984440804,1,0.440786391496658,,,,,,,,,,,,,,,
,3968772326.23508,1.56456357240677,58249.66796875,,,6,,,,39.6859999681115,,,1000,,1.56246268749237,1.56400835514069,58249.66796875,58249.66796875,,,2.98789763450623,,1,0,0,0,0.000457763671875,35.6793746948242,6,1,1,1.56588077545166,0,2885687808,1.56303527620104,,,0.16065794338601,0.0116371596669942,0.238009230263635,0.011797429829136,0.270029753446579,0.950920522212982,36.6336708068848,0.0298758968710899,30,4,200,-0.0042870813049376,-1.1042001247406,0.225414589047432,1,0.444247186183929,,,,,,,,,,,,,,,
,3968772359.38585,1.564537525177,58499.73046875,,,6,,,,39.6859999681115,,,1000,,1.56250178813934,1.56414365768433,58499.73046875,58499.73046875,,,2.98739624023438,,1,0,0,0,0.0194549560546875,35.6793746948242,6,1,1,1.56590414047241,0,2885687520,1.56299303637611,,,0.160801172282293,0.0116507114542484,0.238308881851374,0.0118121583676416,0.269855350255966,0.951136827468872,36.6329803466797,6.05251884460449,30,4,200,-0.00426616286858916,-1.10590708255768,0.226316317915916,1,0.429681748151779,,,,,,,,,,,,,,,
,3968772392.35261,1.56435483694077,58749.671875,,,6,,,,39.6859999681115,,,1000,,1.56269431114197,1.56403911113739,58749.671875,58749.671875,,,2.98866701126099,,1,0,0,0,0.00030517578125,35.6793746948242,6,1,1,1.56563866138458,0,2885687296,1.56317083040873,,,0.160983343692551,0.0116640563817946,0.238574502685999,0.0118253803603809,0.269847422838211,0.951043128967285,36.6330451965332,0,30,4,200,-0.00426725251600146,-1.10706853866577,0.226329296827316,1,0.44339120388031,,,,,,,,,,,,,,,
,3968772425.27221,1.56434500217438,58999.53515625,,,6,,,,39.6859999681115,,,1000,,1.56295144557953,1.56508004665375,58999.53515625,58999.53515625,,,2.99077725410461,,1,0,0,0,0.0201416015625,34.7018585205078,6,1,1,1.56540083885193,0,2885687616,1.563389980793,,,0.161196897064351,0.0116788734069658,0.238865751398959,0.0118397384737383,0.269883394241333,0.951179623603821,36.6330070495605,,30,4,200,-0.00428366241976619,-1.1087703704834,0.226007640361786,1,0.442943751811981,,,,,,,,,,,,,,,
,3968772458.28931,1.56458157300949,59249.6171875,,,6,,,,39.6859999681115,,,1000,,1.56286513805389,1.5647064447403,59249.6171875,59249.6171875,,,2.99015355110168,,1,0,0,0,0.000457763671875,36.1681327819824,6,1,1,1.56572818756104,0,2885687744,1.56336983044942,,,0.161435512588903,0.0116927868951156,0.239143062960507,0.0118535316019619,0.270067721605301,0.951087832450867,36.6341361999512,0,30,4,200,-0.00428717955946922,-1.11043417453766,0.225719690322876,1,0.448624938726425,,,,,,,,,,,,,,,
,3968772491.39353,1.56473332643509,59499.53515625,,,6,,,,39.6859999681115,,,1000,,1.56296586990356,1.5642386674881,59499.53515625,59499.53515625,,,2.98885846138001,,1,0,0,0,0.0017547607421875,35.6793746948242,6,1,1,1.56618773937225,0,2885687328,1.56342769993676,,,0.16157405172039,0.0117058052291047,0.239415887872606,0.0118671389718856,0.26990470290184,0.950946271419525,36.6333694458008,,30,4,200,-0.00430682115256786,-1.11077225208282,0.226664364337921,1,0.449271947145462,,,,,,,,,,,,,,,
,3968772524.31039,1.56528508663178,59749.66015625,,,6,,,,39.6859999681115,,,1000,,1.56347799301147,1.56481599807739,59749.66015625,59749.66015625,,,2.99448466300964,,1,0,0,0,0.018463134765625,35.6793746948242,6,1,1,1.56647849082947,0,2885687136,1.56394031312731,,,0.161769109899133,0.011719225786819,0.239681364437856,0.0118804361108355,0.269943386316299,0.950705707073212,36.6333999633789,0.0299625284969807,30,4,200,-0.00431868014857173,-1.11194455623627,0.226657837629318,1,0.444509416818619,,,,,,,,,,,,,,,
,3968772557.4603,1.56550538539886,59999.5859375,,,6,,,,39.6859999681115,,,1000,,1.56369137763977,1.56513154506683,59999.5859375,59999.5859375,,,2.99470210075378,,1,0,0,0,0.013885498046875,35.6793746948242,6,1,1,1.56691014766693,0,2885687808,1.56405142943064,,,0.162006528206892,0.0117295745529519,0.239921377644095,0.0118922603409401,0.270317167043686,0.950828731060028,36.6356468200684,0,30,4,200,-0.00432420335710049,-1.11318016052246,0.226806685328484,1,0.450636565685272,,,,,,,,,,,,,,,
,3968772591.55847,1.56546366214752,60249.875,,,6,,,,39.6859999681115,,,1000,,1.56376457214355,1.56617867946625,60249.875,60249.875,,,2.99409103393555,,1,0,0,0,0.000152587890625,35.6793746948242,6,1,1,1.56710541248322,0,2885687264,1.56438953876495,,,0.162115597140961,0.0117421238392015,0.240185060406964,0.0119052163083588,0.270063668489456,0.951032280921936,36.6342582702637,6.0526237487793,30,4,200,-0.00429544132202864,-1.11480140686035,0.227631881833076,1,0.434498846530914,,,,,,,,,,,,,,,
,3968772625.43315,1.56572020053864,60499.66015625,,,6,,,,39.6859999681115,,,1000,,1.56370186805725,1.56570076942444,60499.66015625,60499.66015625,,,2.99307465553284,,1,0,0,0,0.01861572265625,35.6793746948242,6,1,1,1.56718492507935,0,2885687744,1.56431762377421,,,0.162305030019413,0.0117557118603694,0.240456392023111,0.0119187004633165,0.270070850849152,0.95097142457962,36.6343727111816,0.274501651525497,30,4,200,-0.00431956490501761,-1.11700475215912,0.227884590625763,1,0.451771169900894,,,,,,,,,,,,,,,
,3968772658.3728,1.5658974647522,60749.59765625,,,6,,,,39.6859999681115,,,1000,,1.56409287452698,1.56656813621521,60749.59765625,60749.59765625,,,2.99372410774231,,1,0,0,0,0.019989013671875,35.6793746948242,6,1,1,1.56741845607758,0,2885687584,1.56459549665451,,,0.162515019812707,0.0117683506111431,0.240699149596935,0.0119307930895675,0.27021062374115,0.950866758823395,36.6351509094238,6.05269813537598,30,4,200,-0.00435531139373779,-1.11801302433014,0.227885112166405,1,0.450704157352447,,,,,,,,,,,,,,,
,3968772692.16734,1.56566762924194,60999.78125,,,6,,,,39.6859999681115,,,1000,,1.56367754936218,1.56484520435333,60999.78125,60999.78125,,,2.99277210235596,,1,0,0,0,0.017852783203125,36.1681327819824,6,1,1,1.56704390048981,0,2885687424,1.56417920854357,,,0.162713434126218,0.0117817336236679,0.24094992677046,0.011943285884988,0.270263999700546,0.950755774974823,36.6353569030762,6.05271482467651,30,4,200,-0.00441455002874136,-1.11839044094086,0.227620258927345,1,0.435476869344711,,,,,,,,,,,,,,,
,3968772725.64382,1.56568211317062,61249.55859375,,,6,,,,39.6859999681115,,,1000,,1.5637059211731,1.56618547439575,61249.55859375,61249.55859375,,,2.99132513999939,,1,0,0,0,0.020599365234375,35.6793746948242,6,1,1,1.56697416305542,0,2885687520,1.56435835361481,,,0.16288028878103,0.0117934979321093,0.241208925784134,0.0119561032267805,0.270281672477722,0.950803637504578,36.6354942321777,0.0297062713652849,30,4,200,-0.00438664807006717,-1.11982727050781,0.228574648499489,1,0.456435739994049,,,,,,,,,,,,,,,
,3968772758.16884,1.56544816493988,61499.625,,,6,,,,39.6859999681115,,,1000,,1.56366896629334,1.56495451927185,61499.625,61499.625,,,2.98920035362244,,1,0,0,0,0.0206756591796875,35.6793746948242,6,1,1,1.56643605232239,0,2885687872,1.56421918339199,,,0.16300871145265,0.0118055571677821,0.241457849930292,0.0119685802228713,0.2701316177845,0.950561165809631,36.6347618103027,,30,4,200,-0.00441550184041262,-1.12150454521179,0.228158459067345,1,0.457575470209122,,,,,,,,,,,,,,,
,3968772791.28103,1.56530541181564,61749.58984375,,,6,,,,39.6859999681115,,,1000,,1.56374311447144,1.56537342071533,61749.58984375,61749.58984375,,,2.9887707233429,,1,0,0,0,0.01739501953125,35.190616607666,6,1,1,1.56631934642792,0,2885687520,1.56428566243913,,,0.163208474265987,0.0118158101421663,0.241665315623575,0.0119788411992848,0.270360201597214,0.950604438781738,36.6359710693359,0.107880480587482,30,4,200,-0.0043696528300643,-1.12164390087128,0.229206964373589,1,0.443585634231567,,,,,,,,,,,,,,,
,3968772825.25836,1.56471920013428,61999.74609375,,,6,,,,39.6859999681115,,,1000,,1.56343710422516,1.5659544467926,61999.74609375,61999.74609375,,,2.98521637916565,,1,0,0,0,0.000457763671875,35.190616607666,6,1,1,1.5659544467926,0,2885687808,1.56395790576935,,,0.163337506927933,0.0118277177120198,0.241907151712188,0.0119908313026256,0.270220965147018,0.950592398643494,36.6352424621582,0.0297474451363087,30,4,200,-0.00441645225510001,-1.1235693693161,0.229398339986801,1,0.440735697746277,,,,,,,,,,,,,,,
,3968772858.31956,1.56531566381454,62249.50390625,,,6,,,,39.6859999681115,,,1000,,1.56327784061432,1.56495201587677,62249.50390625,62249.50390625,,,2.99068808555603,,1,0,0,0,0.000152587890625,35.6793746948242,6,1,1,1.56663489341736,0,2885687552,1.56391259034475,,,0.163475551266953,0.0118388609649525,0.242144988316878,0.012002806553536,0.270159125328064,0.950286865234375,36.6350975036621,0,30,4,200,-0.00440674461424351,-1.12396049499512,0.229194566607475,1,0.439160972833633,,,,,,,,,,,,,,,
,3968772892.11276,1.56515514850616,62499.76953125,,,6,,,,39.6859999681115,,,1000,,1.56377911567688,1.56550705432892,62499.76953125,62499.76953125,,,2.98735070228577,,1,0,0,0,0.0213623046875,35.6793746948242,6,1,1,1.56636250019073,0,2885687360,1.56408590740628,,,0.163631592125217,0.0118511674023686,0.242369624855858,0.0120141731016094,0.270104646682739,0.949898064136505,36.6348304748535,,30,4,200,-0.00451562460511923,-1.12513494491577,0.230139598250389,1,0.429923921823502,,,,,,,,,,,,,,,
,3968772925.2226,1.56531834602356,62749.66015625,,,6,,,,39.6859999681115,,,1000,,1.56379902362823,1.56524753570557,62749.66015625,62749.66015625,,,2.98761749267578,,1,0,0,0,0.00030517578125,35.190616607666,6,1,1,1.56672275066376,0,2885687552,1.5641100274192,,,0.163823547234019,0.0118623114436479,0.24260173852786,0.0120258627525311,0.270253717899322,0.94959956407547,36.6358757019043,1,30,4,200,-0.00454019708558917,-1.12634313106537,0.23001766204834,1,0.453354716300964,,,,,,,,,,,,,,,
,3968772959.37053,1.56536281108856,62999.8671875,,,6,,,,39.6859999681115,,,1000,,1.56362843513489,1.5652631521225,62999.8671875,62999.8671875,,,2.98915529251099,,1,0,0,0,0.02044677734375,36.1681327819824,6,1,1,1.56639361381531,0,2885687776,1.56424950228797,,,0.163988652926519,0.0118733784897539,0.242834048943025,0.0120373262115868,0.270301461219788,0.949679970741272,36.636100769043,0,30,4,200,-0.00452176667749882,-1.12694430351257,0.229403272271156,1,0.431082457304001,,,,,,,,,,,,,,,
,3968772993.25453,1.56560957431793,63249.7265625,,,6,,,,39.6859999681115,,,1000,,1.56385552883148,1.56518518924713,63249.7265625,63249.7265625,,,2.9881865978241,,1,0,0,0,0.0005340576171875,35.6793746948242,6,1,1,1.56693232059479,0,2885688032,1.56427551640405,,,0.164184537420112,0.0118858583229463,0.243075891760554,0.0120492090861503,0.270393401384354,0.949858129024506,36.6364212036133,0.107846476137638,30,4,200,-0.00454279175028205,-1.1282172203064,0.230358585715294,1,0.437527537345886,,,,,,,,,,,,,,,
,3968773026.23526,1.56579160690308,63499.453125,,,6,,,,39.6859999681115,,,1000,,1.56412649154663,1.56548249721527,63499.453125,63499.453125,,,2.98614931106567,,1,0,0,0,0.0154876708984375,35.6793746948242,6,1,1,1.56712234020233,0,2885687904,1.56453601519267,,,0.164289964036781,0.011894705923646,0.243272396778122,0.0120589254700424,0.270327895879745,0.949897170066834,36.6362724304199,,30,4,200,-0.00452196970582008,-1.1292906999588,0.230323195457458,1,0.437309503555298,,,,,,,,,,,,,,,
,3968773059.13752,1.56604248285294,63749.7734375,,,6,,,,39.6859999681115,,,1000,,1.56429147720337,1.56612169742584,63749.7734375,63749.7734375,,,2.98927736282349,,1,0,0,0,0.00030517578125,35.6793746948242,6,1,1,1.56732332706451,0,2885687200,1.56486749649048,,,0.164505982531362,0.0119066743639331,0.243501877909413,0.012070360331641,0.270525336265564,0.949793100357056,36.6370086669922,0,30,4,200,-0.00454697851091623,-1.13094902038574,0.230720847845078,1,0.429432094097137,,,,,,,,,,,,,,,
,3968773092.13255,1.56598925590515,63999.71484375,,,6,,,,39.6859999681115,,,1000,,1.56463277339935,1.5671089887619,63999.71484375,63999.71484375,,,2.98843741416931,,1,0,0,0,0.0006866455078125,35.6793746948242,6,1,1,1.5671089887619,0,2885687840,1.56509139537811,,,0.164593727320947,0.0119163565004171,0.243708954769614,0.0120806025804975,0.270346015691757,0.949827551841736,36.6362571716309,,30,4,200,-0.00451937969774008,-1.13131964206696,0.230253621935844,1,0.452894985675812,,,,,,,,,,,,,,,
,3968773125.33354,1.56611722707748,64249.50390625,,,6,,,,39.6859999681115,,,1000,,1.56465351581573,1.56640207767487,64249.50390625,64249.50390625,,,2.98793315887451,,1,0,0,0,0.01861572265625,35.6793746948242,6,1,1,1.56718218326569,0,2885687296,1.56512168645859,,,0.164783585643245,0.0119269885960511,0.243924414605768,0.0120914089243424,0.270513594150543,0.94962865114212,36.6370048522949,0,30,4,200,-0.00454923184588552,-1.13215291500092,0.230563893914223,1,0.429870247840881,,,,,,,,,,,,,,,
,3968773159.33184,1.56621241569519,64499.76171875,,,6,,,,39.6859999681115,,,1000,,1.56457376480103,1.56626403331757,64499.76171875,64499.76171875,,,2.98782634735107,,1,0,0,0,0.0199127197265625,35.6793746948242,6,1,1,1.5676349401474,0,2885687328,1.56499033504062,,,0.164949570694169,0.0119398490516616,0.244166492737601,0.0121033940038635,0.270468086004257,0.949651420116425,36.6368713378906,,30,4,200,-0.00452783703804016,-1.13354921340942,0.231581062078476,1,0.427976012229919,,,,,,,,,,,,,,,
,3968773193.2859,1.56691300868988,64749.82421875,,,6,,,,39.6859999681115,,,1000,,1.56497776508331,1.56702601909637,64749.82421875,64749.82421875,,,2.98780918121338,,1,0,0,0,0.00091552734375,35.6793746948242,6,1,1,1.56818032264709,0,2885687456,1.56543588638306,,,0.165025512639767,0.0119478829064497,0.244343810876733,0.0121123524530192,0.270331680774689,0.949367225170136,36.6362457275391,3.64472413063049,30,4,200,-0.0045681856572628,-1.1346275806427,0.231388062238693,1,0.437950700521469,,,,,,,,,,,,,,,
,3968773226.37191,1.56678259372711,64999.578125,,,6,,,,39.6859999681115,,,1000,,1.56509673595428,1.56737208366394,64999.578125,64999.578125,,,2.98876047134399,,1,0,0,0,0.0177001953125,35.6793746948242,6,1,1,1.56833899021149,0,2885687808,1.56565914154053,,,0.165143870980058,0.0119575888035591,0.244521679495029,0.0121215504461596,0.27027091383934,0.948757171630859,36.6360702514648,0,30,4,200,-0.00465400656685233,-1.13520956039429,0.231660440564156,1,0.443698674440384,,,,,,,,,,,,,,,
,3968773260.21883,1.56740385293961,65249.859375,,,6,,,,39.6859999681115,,,1000,,1.56545209884644,1.56722176074982,65249.859375,65249.859375,,,2.98900127410889,,1,0,0,0,0.020599365234375,35.6793746948242,6,1,1,1.56861579418182,0,2885687712,1.56603705883026,,,0.165375384750599,0.0119680193193012,0.244726359411335,0.0121317213846363,0.270610183477402,0.948720991611481,36.6379547119141,0.117121264338493,30,4,200,-0.00467110937461257,-1.13716018199921,0.231777057051659,1,0.437818974256516,,,,,,,,,,,,,,,
,3968773293.34017,1.56747800111771,65499.80078125,,,6,,,,39.6859999681115,,,1000,,1.56540262699127,1.56780230998993,65499.80078125,65499.80078125,,,2.9900689125061,,1,0,0,0,0.0003814697265625,35.6793746948242,6,1,1,1.5687381029129,0,2885687392,1.56613510847092,,,0.165527281591988,0.0119794694465649,0.244950829627966,0.0121426632141995,0.270585805177689,0.949022829532623,36.6377220153809,0.115939423441887,30,4,200,-0.00464736158028245,-1.13673043251038,0.231951028108597,1,0.43977215886116,,,,,,,,,,,,,,,
,3968773326.49253,1.56764954328537,65749.640625,,,6,,,,39.6859999681115,,,1000,,1.56609535217285,1.56837928295135,65749.640625,65749.640625,,,2.99094772338867,,1,0,0,0,0.000152587890625,36.6568908691406,6,1,1,1.56905388832092,0,2885687520,1.56650215387344,,,0.165728795888723,0.0119893758557483,0.245167543343552,0.0121531140845827,0.270835876464844,0.949486136436462,36.6387596130371,0,30,4,200,-0.00461890362203121,-1.13882803916931,0.233010292053223,1,0.439045548439026,,,,,,,,,,,,,,,
,3968773360.49341,1.56786340475082,65999.7734375,,,6,,,,39.6859999681115,,,1000,,1.56594395637512,1.56736218929291,65999.7734375,65999.7734375,,,2.99015355110168,,1,0,0,0,0.00030517578125,35.6793746948242,6,1,1,1.56904363632202,0,2885687392,1.56641553507911,,,0.165732330611232,0.0119958618714517,0.245342687978408,0.0121616592587003,0.270502895116806,0.949721992015839,36.6373405456543,3.64584350585937,30,4,200,-0.0045730248093605,-1.13874197006226,0.232056453824043,1,0.439401209354401,,,,,,,,,,,,,,,
,3968773394.19837,1.56786549091339,66249.7109375,,,6,,,,39.6859999681115,,,1000,,1.56639575958252,1.56783127784729,66249.7109375,66249.7109375,,,2.99098491668701,,1,0,0,0,0.0152587890625,33.7243423461914,6,1,1,1.56906592845917,0,2885687744,1.56674249966939,,,0.165922523124386,0.0120075226735505,0.245546979243354,0.0121718464662342,0.270615190267563,0.949618101119995,36.6376762390137,0,30,4,200,-0.0046149417757988,-1.13969111442566,0.233044758439064,1,0.448500245809555,,,,,,,,,,,,,,,
,3968773428.21944,1.56820446252823,66499.7421875,,,6,,,,39.6859999681115,,,1000,,1.5665842294693,1.56786859035492,66499.7421875,66499.7421875,,,2.9897825717926,,1,0,0,0,0.0205230712890625,36.6568908691406,6,1,1,1.56975018978119,0,2885687392,1.56687960359785,,,0.166074482107715,0.0120159878830883,0.245722195679513,0.0121807259283834,0.270750284194946,0.949299812316895,36.6385192871094,0.029461732134223,30,4,200,-0.00466444157063961,-1.14063239097595,0.233084380626678,1,0.43084442615509,,,,,,,,,,,,,,,
,3968773461.44805,1.56844741106033,66749.421875,,,6,,,,39.6859999681115,,,1000,,1.56658554077148,1.56778800487518,66749.421875,66749.421875,,,2.98956632614136,,1,0,0,0,0.0174713134765625,35.6793746948242,6,1,1,1.5696781873703,0,2885687424,1.56708141167959,,,0.166145085734921,0.0120240539060634,0.245892657146908,0.0121892347762655,0.270592480897903,0.94920802116394,36.6378631591797,6.05292177200317,30,4,200,-0.00469535635784268,-1.14237439632416,0.233349412679672,1,0.445651710033417,,,,,,,,,,,,,,,
,3968773495.28102,1.56832575798035,66999.71875,,,6,,,,39.6859999681115,,,1000,,1.56679284572601,1.5678882598877,66999.71875,66999.71875,,,2.98940086364746,,1,0,0,0,0.0160980224609375,36.1681327819824,6,1,1,1.56956171989441,0,2885687488,1.56711479028066,,,0.166301262092661,0.0120330151805107,0.246098921129779,0.0121992429199244,0.27071738243103,0.949558854103088,36.6386070251465,,30,4,200,-0.00463578850030899,-1.14241826534271,0.233136251568794,1,0.440867841243744,,,,,,,,,,,,,,,
,3968773529.27076,1.56845641136169,67249.59375,,,6,,,,39.6859999681115,,,1000,,1.56700122356415,1.56859159469604,67249.59375,67249.59375,,,2.99131917953491,,1,0,0,0,0.0025177001953125,37.6344108581543,6,1,1,1.56957578659058,0,2885687392,1.56734119521247,,,0.166361145895242,0.0120431253135975,0.246289711445222,0.0122088323461311,0.270409464836121,0.949342310428619,36.6369171142578,0,30,4,200,-0.00457225227728486,-1.14352524280548,0.234107315540314,1,0.441013246774673,,,,,,,,,,,,,,,
,3968773563.38116,1.56852447986603,67499.6640625,,,6,,,,39.6859999681115,,,1000,,1.56686449050903,1.56881821155548,67499.6640625,67499.6640625,,,2.99018263816833,,1,0,0,0,0.0208282470703125,35.6793746948242,6,1,1,1.56984651088715,0,2885687776,1.56738291846381,,,0.166519404849861,0.0120509421322972,0.246459748439748,0.0122176214326062,0.270603328943253,0.948770701885223,36.6379470825195,0,30,4,200,-0.00465098861604929,-1.14401161670685,0.233261734247208,1,0.438282907009125,,,,,,,,,,,,,,,
,3968773597.3692,1.56904143095016,67749.7421875,,,6,,,,39.6859999681115,,,1000,,1.56714344024658,1.5689023733139,67749.7421875,67749.7421875,,,2.98928236961365,,1,0,0,0,0.0211334228515625,35.190616607666,6,1,1,1.57020485401154,0,2885687488,1.56765821244982,,,0.166724124465092,0.0120619723198741,0.246667215048415,0.0122278548719716,0.27080437541008,0.948841452598572,36.6389846801758,,30,4,200,-0.00466285180300474,-1.14575183391571,0.233701303601265,1,0.437387943267822,,,,,,,,,,,,,,,
,3968773631.39182,1.56890124082565,67999.8359375,,,6,,,,39.6859999681115,,,1000,,1.56742084026337,1.56879663467407,67999.8359375,67999.8359375,,,2.99096632003784,,1,0,0,0,0.0200653076171875,35.6793746948242,6,1,1,1.56997811794281,0,2885687904,1.56786142455207,,,0.166785399708481,0.0120700413263305,0.246841710778559,0.0122364073079364,0.27061128616333,0.949006617069244,36.6378860473633,0.274217993021011,30,4,200,-0.00464161206036806,-1.14610421657562,0.23407581448555,1,0.44062414765358,,,,,,,,,,,,,,,
,3968773665.37977,1.56929737329483,68249.609375,,,6,,,,39.6859999681115,,,1000,,1.56763601303101,1.56961095333099,68249.609375,68249.609375,,,2.99034905433655,,1,0,0,0,0.0194549560546875,35.6793746948242,6,1,1,1.57058811187744,0,2885687520,1.56813960605197,,,0.166942286067515,0.0120795456698363,0.247026063656971,0.0122456556564481,0.270709425210953,0.948828995227814,36.6383972167969,0.029336154460907,30,4,200,-0.00470936205238104,-1.14680445194244,0.234392300248146,1,0.438035935163498,,,,,,,,,,,,,,,
,3968773699.38039,1.56911253929138,68499.765625,,,6,,,,39.6859999681115,,,1000,,1.5677490234375,1.5693633556366,68499.765625,68499.765625,,,2.98939847946167,,1,0,0,0,0.0208282470703125,35.6793746948242,6,1,1,1.57016587257385,0,2885687488,1.56810328695509,,,0.167075282009591,0.0120879934581451,0.247204387062582,0.0122543947047734,0.27077180147171,0.948987901210785,36.6388626098633,6.05300426483154,30,4,200,-0.00467994436621666,-1.14776492118835,0.234280094504356,1,0.428997963666916,,,,,,,,,,,,,,,
,3968773733.11477,1.56943303346634,68749.6953125,,,6,,,,39.6859999681115,,,1000,,1.5677045583725,1.57059836387634,68749.6953125,68749.6953125,,,2.98941659927368,,1,0,0,0,0.0003814697265625,35.6793746948242,6,1,1,1.57059836387634,0,2885687456,1.56833552122116,,,0.167239993736849,0.0120962053348623,0.247386914130226,0.0122633595239756,0.270968437194824,0.94911789894104,36.6397132873535,,30,4,200,-0.00470413593575358,-1.14844250679016,0.234445601701736,1,0.42700532078743,,,,,,,,,,,,,,,
,3968773766.26063,1.56908583641052,68999.5859375,,,6,,,,39.6859999681115,,,1000,,1.56794881820679,1.56930613517761,68999.5859375,68999.5859375,,,2.98900437355041,,1,0,0,0,0.0211334228515625,37.6344108581543,6,1,1,1.57008457183838,0,2885687392,1.56830233997769,,,0.167305390814656,0.0121041936582273,0.247539869553531,0.0122709093127731,0.270795673131943,0.949175357818604,36.6388854980469,0.0293311141431332,30,4,200,-0.00470484746620059,-1.1492235660553,0.234408646821976,1,0.442418247461319,,,,,,,,,,,,,,,
,3968773800.43943,1.56978833675385,69249.546875,,,6,,,,39.6859999681115,,,1000,,1.56801795959473,1.57048356533051,69249.546875,69249.546875,,,2.98763799667358,,1,0,0,0,0.00030517578125,35.6793746948242,6,1,1,1.57124853134155,0,2885687520,1.56860598325729,,,0.167426397305296,0.0121129036101665,0.247729418332912,0.0122802221694099,0.270797908306122,0.9493048787117,36.6388931274414,0.274165421724319,30,4,200,-0.00465672742575407,-1.15053284168243,0.235148295760155,1,0.447727680206299,,,,,,,,,,,,,,,
,3968773834.38787,1.57012140750885,69499.6796875,,,6,,,,39.6859999681115,,,1000,,1.56848871707916,1.5698002576828,69499.6796875,69499.6796875,,,2.99173760414124,,1,0,0,0,0.02044677734375,35.6793746948242,6,1,1,1.57135939598083,0,2885687648,1.56889441278246,,,0.167546663704977,0.0121231087911915,0.247906687422757,0.0122890853609497,0.270718544721603,0.949193477630615,36.6383056640625,0.0293428637087345,30,4,200,-0.00465671345591545,-1.15111672878265,0.235197335481644,1,0.441846698522568,,,,,,,,,,,,,,,
,3968773868.51708,1.5701459646225,69749.7890625,,,6,,,,39.6859999681115,,,1000,,1.56853878498077,1.56973111629486,69749.7890625,69749.7890625,,,2.98974227905273,,1,0,0,0,0.000152587890625,35.190616607666,6,1,1,1.57155811786652,0,2885687936,1.56887016031477,,,0.167687426865037,0.0121302330279224,0.248064767471036,0.0122970111819397,0.270880192518234,0.949038624763489,36.6392364501953,0.274124979972839,30,4,200,-0.0047016660682857,-1.15126621723175,0.235918894410133,1,0.443589597940445,,,,,,,,,,,,,,,
,3968773902.27929,1.57019144296646,69999.546875,,,6,,,,39.6859999681115,,,1000,,1.56868708133698,1.56975889205933,69999.546875,69999.546875,,,2.98928284645081,,1,0,0,0,0.003509521484375,35.6793746948242,6,1,1,1.57146453857422,0,2885687264,1.56907822026147,,,0.167846045502406,0.0121402399200896,0.248244099276259,0.0123059541675713,0.270958006381989,0.948958933353424,36.6395301818848,3.64831399917603,30,4,200,-0.00470188120380044,-1.15233361721039,0.235694363713264,1,0.438109785318375,,,,,,,,,,,,,,,
